부실확률_w,Porter5F_w,생애주기점수_w,산업충격민감도_w,기업충격민감도_w,부실확률변화_w,spearman_rho,p_value
0.2,0.15,0.5,0.05,0.05,0.05,0.2789464133793695,7.179258436975675e-82
0.2,0.15,0.45,0.05,0.05,0.1,0.2708696398849453,3.975991657339753e-77
0.2,0.1,0.5,0.05,0.05,0.1,0.270717399959901,4.867524107845493e-77
0.2,0.2,0.45,0.05,0.05,0.05,0.2690338234948941,4.520262698686615e-76
0.2,0.1,0.55,0.05,0.05,0.05,0.2688569098276883,5.707745501088586e-76
0.25,0.15,0.45,0.05,0.05,0.05,0.26819053465640863,1.3719681056839922e-75
0.4,0.05,0.35,0.05,0.05,0.1,0.2675303007182449,3.2631907267333688e-75
0.45,0.05,0.35,0.05,0.05,0.05,0.2671986397674864,5.038135468265035e-75
0.25,0.1,0.5,0.05,0.05,0.05,0.26714488407287074,5.40526916295931e-75
0.5,0.05,0.3,0.05,0.05,0.05,0.2669563842478542,6.916389871324624e-75
0.25,0.1,0.45,0.05,0.05,0.1,0.26675789874203143,8.964363425208948e-75
0.45,0.05,0.3,0.05,0.05,0.1,0.26673971041407823,9.179868814823371e-75
0.2,0.1,0.45,0.05,0.05,0.15,0.26630511905429455,1.618494038839832e-74
0.4,0.05,0.3,0.05,0.05,0.15,0.26562881380936215,3.903416174396176e-74
0.35,0.05,0.3,0.05,0.05,0.2,0.2655423908907385,4.367388363467799e-74
0.55,0.05,0.25,0.05,0.05,0.05,0.26546175290158475,4.8497278219475036e-74
0.5,0.05,0.25,0.05,0.05,0.1,0.2650255057831595,8.542233724049612e-74
0.35,0.05,0.35,0.05,0.05,0.15,0.26480175134047973,1.141542926398063e-73
0.2,0.15,0.45,0.05,0.1,0.05,0.26439305582398054,1.937210881825362e-73
0.2,0.15,0.4,0.05,0.05,0.15,0.263764582743204,4.3609744883778565e-73
0.2,0.1,0.5,0.05,0.1,0.05,0.26370474551806844,4.7107098202118026e-73
0.2,0.1,0.4,0.05,0.05,0.2,0.2627070851831132,1.6997922138711343e-72
0.4,0.05,0.25,0.05,0.05,0.2,0.2625855187299223,1.986734988429267e-72
0.3,0.1,0.45,0.05,0.05,0.05,0.262545506224247,2.0913632496797197e-72
0.2,0.1,0.5,0.1,0.05,0.05,0.2623824480522587,2.5776457396365207e-72
0.4,0.1,0.35,0.05,0.05,0.05,0.26204706304777325,3.96067587342063e-72
0.3,0.05,0.35,0.05,0.05,0.2,0.2620311725950676,4.0420441236005924e-72
0.2,0.1,0.45,0.05,0.1,0.1,0.2619461800147951,4.506388812263723e-72
0.25,0.1,0.4,0.05,0.05,0.15,0.26193682991219636,4.560612153561348e-72
0.3,0.05,0.4,0.05,0.05,0.15,0.2619332642168714,4.581461256848386e-72
0.45,0.05,0.25,0.05,0.05,0.15,0.2618105526039846,5.359893895458431e-72
0.4,0.05,0.4,0.05,0.05,0.05,0.26177198174221533,5.630803087184741e-72
0.3,0.05,0.5,0.05,0.05,0.05,0.26174512783252046,5.827432215591594e-72
0.2,0.05,0.5,0.05,0.05,0.15,0.2612776592700171,1.0585089843992316e-71
0.2,0.05,0.6,0.05,0.05,0.05,0.26109443725543935,1.3370553514354933e-71
0.25,0.05,0.45,0.05,0.05,0.15,0.2610756316907961,1.369487050953176e-71
0.6,0.05,0.2,0.05,0.05,0.05,0.26058293782873637,2.564193224810737e-71
0.35,0.05,0.4,0.05,0.05,0.1,0.2604941125499134,2.8707587267051693e-71
0.35,0.15,0.35,0.05,0.05,0.05,0.260205296091804,4.143225078967396e-71
0.25,0.05,0.4,0.05,0.05,0.2,0.2601035155808387,4.7145852693250414e-71
0.2,0.05,0.4,0.05,0.05,0.25,0.2600646153723008,4.9531336288567245e-71
0.2,0.15,0.45,0.1,0.05,0.05,0.26002312639377373,5.2208251965875425e-71
0.25,0.05,0.55,0.05,0.05,0.05,0.2599754001110301,5.546636182998969e-71
0.25,0.1,0.45,0.05,0.1,0.05,0.25980194453652883,6.910878379203448e-71
0.3,0.05,0.45,0.05,0.05,0.1,0.2596301763483453,8.590852356390071e-71
0.45,0.05,0.25,0.05,0.1,0.1,0.2594896240650629,1.0263891525223236e-70
0.2,0.1,0.45,0.1,0.05,0.1,0.2594323949536863,1.1034763752977397e-70
0.3,0.1,0.4,0.05,0.05,0.1,0.25940710520583043,1.1393543831989179e-70
0.2,0.05,0.45,0.05,0.05,0.2,0.2593690956025332,1.1954758562638175e-70
0.2,0.1,0.45,0.1,0.1,0.05,0.25920999745807816,1.461872443088646e-70
0.3,0.15,0.4,0.05,0.05,0.05,0.25914423639384854,1.5885625616746938e-70
0.25,0.05,0.4,0.1,0.05,0.15,0.2590296665212622,1.8359649869760947e-70
0.4,0.05,0.3,0.05,0.1,0.1,0.2590169686970723,1.8656460587324134e-70
0.35,0.1,0.35,0.05,0.05,0.1,0.25901517787596057,1.8698703869376147e-70
0.35,0.05,0.45,0.05,0.05,0.05,0.25883040961618475,2.3610961572922803e-70
0.25,0.15,0.4,0.05,0.05,0.1,0.2588233478940362,2.3822303107777463e-70
0.35,0.05,0.25,0.05,0.05,0.25,0.2587110232284127,2.7448932908567154e-70
0.45,0.1,0.3,0.05,0.05,0.05,0.2586777560102714,2.862506350264988e-70
0.45,0.05,0.3,0.05,0.1,0.05,0.2586554795134004,2.944056680488957e-70
0.5,0.05,0.25,0.05,0.1,0.05,0.25851074715872957,3.533292995076649e-70
0.25,0.05,0.45,0.1,0.05,0.1,0.25823011029601856,5.031184079454576e-70
0.25,0.05,0.5,0.05,0.05,0.1,0.25819621096766543,5.2504697816416134e-70
0.2,0.1,0.4,0.05,0.1,0.15,0.2581014268153972,5.915460389580535e-70
0.4,0.05,0.35,0.05,0.1,0.05,0.2579541083081869,7.119360832029363e-70
0.25,0.2,0.4,0.05,0.05,0.05,0.2579467043092838,7.185931001108908e-70
0.55,0.05,0.2,0.05,0.05,0.1,0.2579403412399917,7.243637435517315e-70
0.25,0.1,0.45,0.1,0.05,0.05,0.2578710099162742,7.903128494098615e-70
0.3,0.05,0.3,0.05,0.05,0.25,0.2577194857320786,9.560124877596688e-70
0.2,0.1,0.45,0.15,0.05,0.05,0.25771936396022116,9.561586891456777e-70
0.35,0.05,0.3,0.05,0.1,0.15,0.2572355994114311,1.754203351698558e-69
0.2,0.1,0.35,0.05,0.05,0.25,0.25706313309164497,2.1772178881212693e-69
0.2,0.05,0.55,0.05,0.05,0.1,0.25700572689363016,2.3394572658434747e-69
0.3,0.05,0.4,0.1,0.05,0.1,0.256778649670651,3.1081737948689096e-69
0.2,0.05,0.5,0.1,0.05,0.1,0.2567223298979367,3.3349506902053475e-69
0.4,0.05,0.25,0.05,0.1,0.15,0.2565250808903057,4.267213084630574e-69
0.25,0.05,0.5,0.1,0.05,0.05,0.25633457770312246,5.413141992713111e-69
0.2,0.1,0.45,0.05,0.15,0.05,0.25632410183320753,5.484381982813932e-69
0.2,0.2,0.4,0.05,0.05,0.1,0.2561365144855634,6.930456543805427e-69
0.35,0.05,0.25,0.05,0.1,0.2,0.25574283824186383,1.1318267604739615e-68
0.3,0.1,0.4,0.1,0.05,0.05,0.25536286304829287,1.8156506505821827e-68
0.25,0.1,0.4,0.1,0.05,0.1,0.25528720924715476,1.994606157134068e-68
0.2,0.05,0.4,0.1,0.1,0.15,0.2552267435802489,2.1501870160879333e-68
0.5,0.05,0.2,0.05,0.05,0.15,0.25522131150388516,2.1647423763453056e-68
0.35,0.1,0.35,0.05,0.1,0.05,0.25519271545121397,2.243000412273695e-68
0.2,0.05,0.45,0.1,0.1,0.1,0.25514296199409325,2.385936935178721e-68
0.4,0.1,0.3,0.05,0.05,0.1,0.25510032566080176,2.5156251966283238e-68
0.3,0.1,0.3,0.05,0.05,0.2,0.2550919110008097,2.5420383972821744e-68
0.35,0.05,0.35,0.05,0.1,0.1,0.25488103628611974,3.3022123739973176e-68
0.3,0.05,0.25,0.05,0.05,0.3,0.2548549248716803,3.410883395597547e-68
0.2,0.05,0.4,0.1,0.05,0.2,0.25471859528595986,4.038856641151546e-68
0.3,0.05,0.3,0.05,0.1,0.2,0.2546895089067684,4.1870777268260784e-68
0.35,0.1,0.4,0.05,0.05,0.05,0.2546659683727314,4.310996570547103e-68
0.5,0.1,0.25,0.05,0.05,0.05,0.2545001319287757,5.2938684239801256e-68
0.25,0.1,0.4,0.05,0.1,0.1,0.2544832014018186,5.405994024914339e-68
0.4,0.15,0.3,0.05,0.05,0.05,0.2544121728506356,5.902764012448779e-68
0.25,0.1,0.4,0.1,0.1,0.05,0.25438480826245485,6.106065294205398e-68
0.25,0.1,0.35,0.05,0.05,0.2,0.25426624685321175,7.070610890881325e-68
0.2,0.05,0.45,0.1,0.05,0.15,0.2542178264226472,7.506897538502245e-68
0.3,0.05,0.35,0.05,0.1,0.15,0.25416428598434887,8.02060534651754e-68
0.25,0.05,0.35,0.1,0.05,0.2,0.2539887984985647,9.962789915078281e-68
0.35,0.05,0.4,0.1,0.05,0.05,0.2537513151849604,1.3356945872620841e-67
0.25,0.15,0.35,0.05,0.05,0.15,0.25374288109232185,1.3496669419096816e-67
0.2,0.15,0.4,0.05,0.1,0.1,0.2536962493743137,1.4295895001287467e-67
0.25,0.05,0.4,0.05,0.1,0.15,0.25360457495968197,1.6007160889964743e-67
0.2,0.1,0.4,0.1,0.1,0.1,0.25360261963877967,1.6045801198054324e-67
0.25,0.1,0.4,0.15,0.05,0.05,0.2535779703012269,1.6540956918789014e-67
0.25,0.05,0.4,0.1,0.1,0.1,0.2535742459593822,1.6617083965737768e-67
0.3,0.05,0.45,0.1,0.05,0.05,0.2535169156956132,1.7833964369940345e-67
0.25,0.05,0.35,0.05,0.05,0.25,0.2534428490157033,1.9538426475683536e-67
0.2,0.1,0.4,0.1,0.05,0.15,0.2533317091457026,2.2405202947660177e-67
0.3,0.1,0.4,0.05,0.1,0.05,0.25332363452364254,2.262911749748255e-67
0.2,0.05,0.55,0.05,0.1,0.05,0.2532518662748285,2.4719873178697752e-67
0.2,0.05,0.45,0.15,0.05,0.1,0.25312685326518325,2.883158724306688e-67
0.55,0.05,0.2,0.05,0.1,0.05,0.2530570992422715,3.1415029052244665e-67
0.45,0.05,0.2,0.05,0.05,0.2,0.2529964799040568,3.384670350937907e-67
0.2,0.2,0.4,0.1,0.05,0.05,0.2529943794912984,3.393423975825387e-67
0.2,0.15,0.4,0.1,0.1,0.05,0.2529294797343037,3.675304413388802e-67
0.3,0.15,0.35,0.05,0.05,0.1,0.25290119234773173,3.805354138226687e-67
0.35,0.15,0.3,0.05,0.05,0.1,0.25286854404752745,3.9611622217307655e-67
0.2,0.05,0.55,0.1,0.05,0.05,0.25278485179086113,4.390213619208017e-67
0.2,0.05,0.35,0.05,0.05,0.3,0.25270263449774216,4.856744842915701e-67
0.3,0.1,0.35,0.05,0.05,0.15,0.2525073262152773,6.172624043314944e-67
0.25,0.15,0.4,0.1,0.05,0.05,0.2524945466418133,6.270177276180599e-67
0.2,0.05,0.5,0.05,0.1,0.1,0.25249125805372863,6.295528340876248e-67
0.2,0.05,0.45,0.05,0.1,0.15,0.252484500596384,6.347941189808997e-67
0.2,0.1,0.4,0.05,0.15,0.1,0.252418969436192,6.879320276784587e-67
0.2,0.15,0.35,0.05,0.05,0.2,0.25236777559690365,7.325084460171313e-67
0.25,0.05,0.45,0.05,0.1,0.1,0.25236104445740937,7.385796607108679e-67
0.4,0.05,0.35,0.1,0.05,0.05,0.2523134674092304,7.829457957435585e-67
0.65,0.05,0.15,0.05,0.05,0.05,0.2522584062783611,8.37615148729736e-67
0.4,0.1,0.3,0.05,0.1,0.05,0.2521866521650181,9.146044974214061e-67
0.25,0.1,0.3,0.05,0.05,0.25,0.25211080756820026,1.0036581958555644e-66
0.2,0.15,0.4,0.1,0.05,0.1,0.2520891531026883,1.0306338530422222e-66
0.35,0.1,0.35,0.1,0.05,0.05,0.2520530980931651,1.0771607352069437e-66
0.5,0.05,0.2,0.05,0.1,0.1,0.2519563544162627,1.2126040652523794e-66
0.35,0.05,0.35,0.05,0.15,0.05,0.251922681150785,1.2636238913568432e-66
0.4,0.05,0.3,0.05,0.15,0.05,0.2518700969205463,1.347606940091997e-66
0.3,0.05,0.45,0.05,0.1,0.05,0.25186157205255716,1.3617365115853738e-66
0.2,0.1,0.4,0.15,0.05,0.1,0.25182385997308365,1.4260344055591584e-66
0.25,0.05,0.45,0.1,0.1,0.05,0.25176503640244907,1.5324170554669192e-66
0.3,0.05,0.35,0.1,0.05,0.15,0.25169768207646226,1.66396947643427e-66
0.2,0.1,0.4,0.1,0.15,0.05,0.2515728536754892,1.9382360743813275e-66
0.35,0.05,0.4,0.05,0.1,0.05,0.2514772331957352,2.178405766316143e-66
0.35,0.1,0.3,0.05,0.05,0.15,0.25146011263096774,2.2244360001655927e-66
0.3,0.05,0.4,0.1,0.1,0.05,0.25142173072948326,2.3311811055324144e-66
0.2,0.05,0.45,0.1,0.15,0.05,0.25136536179838587,2.4972688594709575e-66
0.3,0.2,0.35,0.05,0.05,0.05,0.2513647092844939,2.4992589092144293e-66
0.25,0.15,0.4,0.05,0.1,0.05,0.2512004999084439,3.0537884137436024e-66
0.2,0.05,0.45,0.05,0.15,0.1,0.25113472985824475,3.308855242207928e-66
0.45,0.05,0.3,0.1,0.05,0.05,0.2510356604924153,3.733670924333248e-66
0.35,0.05,0.3,0.1,0.05,0.15,0.2509433346131342,4.1783282024292525e-66
0.25,0.05,0.5,0.05,0.1,0.05,0.25093623525853176,4.214628293776994e-66
0.3,0.15,0.3,0.05,0.05,0.15,0.25092613147718557,4.266832913245642e-66
0.35,0.1,0.25,0.05,0.05,0.2,0.2509198336727637,4.2996980789073583e-66
0.2,0.05,0.35,0.1,0.1,0.2,0.2508603397278367,4.6228843466197793e-66
0.45,0.1,0.25,0.05,0.05,0.1,0.25079084706625304,5.031149567676138e-66
0.35,0.1,0.3,0.05,0.1,0.1,0.25074870253896453,5.296044095594961e-66
0.2,0.1,0.3,0.05,0.05,0.3,0.250707777584772,5.566562044584831e-66
0.25,0.1,0.4,0.05,0.15,0.05,0.250558095143293,6.678586353858764e-66
0.3,0.1,0.25,0.05,0.05,0.25,0.25052800892050753,6.927503322717231e-66
0.3,0.05,0.25,0.05,0.1,0.25,0.2504806353289244,7.338311522297923e-66
0.3,0.05,0.3,0.05,0.15,0.15,0.2504473985682764,7.640931079593769e-66
0.3,0.05,0.4,0.05,0.1,0.1,0.2504162298458734,7.936006987139287e-66
0.2,0.2,0.4,0.05,0.1,0.05,0.25040173297019075,8.077091237379024e-66
0.2,0.05,0.4,0.05,0.1,0.2,0.25040100523619985,8.084239077852332e-66
0.35,0.05,0.3,0.05,0.15,0.1,0.25036693318689723,8.426046820253368e-66
0.3,0.1,0.35,0.05,0.1,0.1,0.25022358387802307,1.002904784330695e-65
0.25,0.05,0.3,0.05,0.05,0.3,0.25014644260112145,1.1013916837565885e-65
0.2,0.05,0.4,0.05,0.15,0.15,0.25013272162830086,1.1198925586221255e-65
0.4,0.05,0.2,0.05,0.05,0.25,0.250084114794403,1.1879587575218906e-65
0.35,0.05,0.35,0.1,0.05,0.1,0.25005589217698826,1.229355396915118e-65
0.3,0.1,0.3,0.05,0.1,0.15,0.2500469043729749,1.2428379608000004e-65
0.4,0.05,0.3,0.1,0.05,0.1,0.249932052004617,1.4286670204154263e-65
0.2,0.05,0.5,0.1,0.1,0.05,0.2498420221226316,1.593479552576864e-65
0.45,0.1,0.25,0.05,0.1,0.05,0.24968368195853619,1.9305979891796015e-65
0.25,0.05,0.35,0.1,0.1,0.15,0.24967026620737348,1.9622337940448728e-65
0.4,0.05,0.2,0.05,0.1,0.2,0.24966875413160827,1.9658316630398103e-65
0.3,0.05,0.3,0.1,0.05,0.2,0.24962813161848849,2.064988933455062e-65
0.25,0.05,0.4,0.15,0.05,0.1,0.2494856584202432,2.453813638500816e-65
0.2,0.1,0.35,0.05,0.1,0.2,0.2494494021223733,2.5638957476463805e-65
0.2,0.05,0.4,0.1,0.15,0.1,0.2494459788020195,2.5745405225945616e-65
0.2,0.1,0.4,0.15,0.1,0.05,0.24931590330430672,3.0133500182480305e-65
0.45,0.05,0.25,0.1,0.05,0.1,0.24930154681598202,3.066132535178532e-65
0.45,0.05,0.25,0.05,0.15,0.05,0.24922893573869626,3.3475373135703913e-65
0.35,0.05,0.3,0.1,0.1,0.1,0.24919381748797728,3.492727008458903e-65
0.3,0.1,0.3,0.05,0.15,0.1,0.2490905875371533,3.956851112292549e-65
0.25,0.05,0.3,0.05,0.1,0.25,0.24899136157516136,4.460764354831911e-65
0.45,0.05,0.2,0.05,0.1,0.15,0.2489900609831881,4.4677770317432215e-65
0.3,0.05,0.35,0.1,0.1,0.1,0.24897779134431003,4.5344767660606255e-65
0.2,0.05,0.35,0.1,0.05,0.25,0.24886542407441983,5.193374443279077e-65
0.35,0.15,0.3,0.05,0.1,0.05,0.24880190036511163,5.607206711547111e-65
0.45,0.15,0.25,0.05,0.05,0.05,0.24870721930605516,6.285753621222981e-65
0.2,0.05,0.45,0.05,0.2,0.05,0.24860300078105807,7.127562045637138e-65
0.55,0.05,0.15,0.05,0.05,0.15,0.24850462198986453,8.024953688301774e-65
0.25,0.1,0.35,0.05,0.1,0.15,0.24848029887954082,8.263655532795918e-65
0.2,0.05,0.35,0.05,0.1,0.25,0.24836219683538244,9.52712407385666e-65
0.25,0.05,0.45,0.05,0.15,0.05,0.24833158187402837,9.88493508652325e-65
0.35,0.1,0.3,0.1,0.05,0.1,0.2482976397941172,1.0297299670626414e-64
0.25,0.05,0.35,0.05,0.1,0.2,0.2482958919572158,1.0318992205479358e-64
0.35,0.05,0.25,0.05,0.15,0.15,0.24829419201079234,1.0340134038949068e-64
0.2,0.15,0.4,0.05,0.15,0.05,0.24829101411739818,1.0379772556770902e-64
0.25,0.05,0.25,0.05,0.1,0.3,0.24827927061325658,1.0527569496506327e-64
0.4,0.1,0.3,0.1,0.05,0.05,0.24822138606635624,1.1287277715828777e-64
0.4,0.05,0.25,0.1,0.05,0.15,0.24817797641461792,1.18926287224264e-64
0.25,0.05,0.4,0.1,0.15,0.05,0.24813172771376396,1.2573189771777695e-64
0.25,0.1,0.3,0.05,0.1,0.2,0.24805654218258105,1.3763327192192374e-64
0.6,0.05,0.15,0.05,0.05,0.1,0.24803150224970283,1.4184096336348106e-64
0.5,0.05,0.25,0.1,0.05,0.05,0.2479725397944502,1.52262031849178e-64
0.35,0.1,0.3,0.05,0.15,0.05,0.2479155281132822,1.630628615733054e-64
0.25,0.05,0.45,0.15,0.05,0.05,0.24789283620812025,1.675712169649052e-64
0.25,0.2,0.35,0.05,0.05,0.1,0.24786148591337115,1.7400476990599773e-64
0.4,0.05,0.25,0.05,0.15,0.1,0.24784991961910552,1.7643998789160284e-64
0.25,0.15,0.3,0.05,0.05,0.2,0.24784966242813258,1.7649452212719648e-64
0.3,0.05,0.3,0.1,0.1,0.15,0.24782321462043394,1.8219304839576548e-64
0.4,0.1,0.25,0.05,0.05,0.15,0.2477410925271646,2.0108185864404092e-64
0.25,0.1,0.25,0.05,0.05,0.3,0.24768484001720878,2.1513409425154785e-64
0.2,0.05,0.4,0.15,0.05,0.15,0.24764070949019468,2.268394555636566e-64
0.3,0.1,0.35,0.1,0.1,0.05,0.24759455471522362,2.3976094993307135e-64
0.35,0.05,0.2,0.05,0.05,0.3,0.2475554387618417,2.5128416320310885e-64
0.3,0.15,0.3,0.05,0.1,0.1,0.2474176870140022,2.9643571265798985e-64
0.55,0.1,0.2,0.05,0.05,0.05,0.2474052798380309,3.0087920025001416e-64
0.3,0.1,0.35,0.05,0.15,0.05,0.24735064485122568,3.2124891698134786e-64
0.2,0.15,0.35,0.05,0.1,0.15,0.24725017917741604,3.623578655326273e-64
0.25,0.15,0.35,0.05,0.1,0.1,0.24710220502406868,4.326334996038109e-64
0.2,0.1,0.4,0.05,0.2,0.05,0.24707845501968176,4.451138293508321e-64
0.3,0.1,0.35,0.1,0.05,0.1,0.24705963151387397,4.552595967465311e-64
0.2,0.05,0.3,0.05,0.05,0.35,0.24689883436874824,5.5187126081534956e-64
0.4,0.05,0.3,0.1,0.1,0.05,0.2468444798464299,5.889469766221371e-64
0.3,0.15,0.35,0.05,0.1,0.05,0.2468135532376247,6.11139229273423e-64
0.2,0.1,0.35,0.1,0.05,0.2,0.24679270280900625,6.265692269468201e-64
0.2,0.1,0.35,0.1,0.1,0.15,0.24676660904750733,6.464273101472848e-64
0.25,0.1,0.35,0.05,0.15,0.1,0.24673276907774902,6.731170391685205e-64
0.3,0.05,0.4,0.05,0.15,0.05,0.24672665853786532,6.780521551287896e-64
0.3,0.1,0.3,0.1,0.05,0.15,0.2466692431946854,7.262198664535549e-64
0.2,0.05,0.5,0.05,0.15,0.05,0.24663659640251187,7.551131131399763e-64
0.25,0.1,0.3,0.05,0.15,0.15,0.2463364456765572,1.0806228661286934e-63
0.3,0.1,0.3,0.05,0.2,0.05,0.24629971960871572,1.1290317962576238e-63
0.3,0.05,0.35,0.05,0.15,0.1,0.2462943059678208,1.1363479598513011e-63
0.35,0.05,0.25,0.1,0.05,0.2,0.2462707751116283,1.1687010069058452e-63
0.35,0.05,0.35,0.1,0.1,0.05,0.2462466634297026,1.2028046220122484e-63
0.2,0.1,0.3,0.05,0.1,0.25,0.24623976376134923,1.2127446975554446e-63
0.25,0.1,0.35,0.1,0.05,0.15,0.2461895246154435,1.287632190449376e-63
0.2,0.05,0.5,0.15,0.05,0.05,0.24617463089779584,1.3107057373371198e-63
0.2,0.1,0.35,0.1,0.15,0.1,0.24617206211366424,1.314726772539105e-63
0.25,0.05,0.3,0.1,0.05,0.25,0.246145290788102,1.3573715792361176e-63
0.25,0.05,0.4,0.05,0.15,0.1,0.24609653301859138,1.4386100705969284e-63
0.2,0.05,0.4,0.05,0.2,0.1,0.24609003984986247,1.4497880381895839e-63
0.2,0.1,0.35,0.05,0.15,0.15,0.24605800932804509,1.5062074000320803e-63
0.2,0.05,0.4,0.15,0.1,0.1,0.24603702291458224,1.5443540160266084e-63
0.4,0.15,0.25,0.05,0.05,0.1,0.2459784393268969,1.656009712569244e-63
0.5,0.05,0.2,0.05,0.15,0.05,0.24595228630179722,1.7084175113692356e-63
0.2,0.1,0.4,0.2,0.05,0.05,0.2459344135304205,1.7451797176049363e-63
0.3,0.15,0.35,0.1,0.05,0.05,0.24589010198229558,1.8397578049907407e-63
0.25,0.1,0.35,0.1,0.1,0.1,0.24578934007491043,2.0742605238832244e-63
0.25,0.05,0.25,0.05,0.15,0.25,0.2457778765868138,2.1027585271670246e-63
0.2,0.05,0.45,0.15,0.1,0.05,0.24577091387280445,2.1202577394586308e-63
0.3,0.05,0.25,0.05,0.15,0.2,0.24563535513990747,2.491383663395326e-63
0.25,0.05,0.35,0.05,0.15,0.15,0.24562897698649708,2.5103573558042897e-63
0.25,0.1,0.25,0.05,0.1,0.25,0.24562831529816317,2.5123339646879856e-63
0.4,0.1,0.25,0.05,0.1,0.1,0.24554677264232533,2.7681747381530836e-63
0.2,0.15,0.3,0.05,0.05,0.25,0.24544205063344296,3.1351519037314074e-63
0.25,0.05,0.3,0.1,0.1,0.2,0.24542826718810418,3.186931109078e-63
0.2,0.15,0.4,0.15,0.05,0.05,0.24531305166544054,3.6544469564445616e-63
0.35,0.1,0.3,0.1,0.1,0.05,0.24528439374433908,3.7809744080323034e-63
0.3,0.05,0.3,0.1,0.15,0.1,0.24521824345638374,4.089944393621161e-63
0.25,0.1,0.3,0.1,0.05,0.2,0.24494703444380386,5.642504817367469e-63
0.35,0.15,0.3,0.1,0.05,0.05,0.24494500884128306,5.656074008973106e-63
0.35,0.05,0.3,0.15,0.05,0.1,0.24487740287421408,6.128091855398779e-63
0.2,0.05,0.4,0.05,0.25,0.05,0.24487345934260452,6.156805740912407e-63
0.3,0.1,0.25,0.05,0.1,0.2,0.24469692021556874,7.589317339377875e-63
0.25,0.05,0.3,0.05,0.15,0.2,0.24462928292793412,8.222227749638428e-63
0.5,0.05,0.15,0.05,0.05,0.2,0.24457975389893735,8.71878830370303e-63
0.2,0.05,0.4,0.1,0.2,0.05,0.24457504177520983,8.767558902835592e-63
0.25,0.05,0.4,0.05,0.2,0.05,0.2445534805397817,8.994207761335715e-63
0.25,0.1,0.35,0.2,0.05,0.05,0.24455096913783647,9.020983913190407e-63
0.3,0.05,0.4,0.15,0.05,0.05,0.2445476959454878,9.056001370234554e-63
0.2,0.05,0.35,0.1,0.15,0.15,0.24446668908454577,9.96712008065941e-63
0.25,0.05,0.25,0.05,0.05,0.35,0.2444488852939349,1.0179297796230225e-62
0.25,0.15,0.35,0.1,0.1,0.05,0.2442419703252202,1.300116614114805e-62
0.2,0.05,0.35,0.05,0.15,0.2,0.24421853298077786,1.3366342284012248e-62
0.3,0.05,0.3,0.05,0.2,0.1,0.24420179129592812,1.3633432394914474e-62
0.45,0.05,0.25,0.1,0.1,0.05,0.24418902679246857,1.3840638239050626e-62
0.45,0.05,0.2,0.05,0.15,0.1,0.24406883819411054,1.5952166152415988e-62
0.25,0.15,0.35,0.1,0.05,0.1,0.24406648693297517,1.5996525234763866e-62
0.35,0.2,0.3,0.05,0.05,0.05,0.24402240465584285,1.6851307147348407e-62
0.4,0.1,0.25,0.05,0.15,0.05,0.24397095170706914,1.790671240204285e-62
0.25,0.1,0.35,0.1,0.15,0.05,0.24396337383219002,1.8067616056627188e-62
0.2,0.05,0.35,0.05,0.2,0.15,0.24393320799532442,1.8722542047256124e-62
0.35,0.05,0.3,0.1,0.15,0.05,0.24389276907545385,1.9637749939879476e-62
0.3,0.05,0.35,0.15,0.05,0.1,0.24375557634141895,2.3087718110750727e-62
0.4,0.05,0.25,0.1,0.1,0.1,0.24371723194666386,2.4155634726145554e-62
0.2,0.2,0.35,0.05,0.05,0.15,0.24366707186707845,2.5627242781769187e-62
0.2,0.05,0.3,0.05,0.1,0.3,0.2436657636229415,2.5666796269021902e-62
0.2,0.05,0.4,0.15,0.15,0.05,0.24365162308411922,2.6098221995774942e-62
0.3,0.2,0.3,0.05,0.05,0.1,0.24365161117916037,2.609858824061526e-62
0.3,0.05,0.35,0.1,0.15,0.05,0.24348444639154976,3.1780556933924503e-62
0.45,0.1,0.25,0.1,0.05,0.05,0.24342562309724428,3.4060260515195093e-62
0.4,0.1,0.25,0.1,0.05,0.1,0.24331999114628297,3.8570505149300368e-62
0.35,0.05,0.3,0.05,0.2,0.05,0.24326774703255016,4.101634296538402e-62
0.2,0.15,0.35,0.1,0.05,0.15,0.24320555628809706,4.412999103081746e-62
0.6,0.05,0.15,0.05,0.1,0.05,0.24316790557140036,4.612829319362101e-62
0.35,0.1,0.25,0.1,0.05,0.15,0.24316734558009964,4.615868491803106e-62
0.25,0.05,0.35,0.1,0.15,0.1,0.24311327167559113,4.9189308934095665e-62
0.3,0.1,0.35,0.15,0.05,0.05,0.24309968888543856,4.998121538202296e-62
0.25,0.1,0.35,0.05,0.2,0.05,0.24307577139600722,5.140664900800387e-62
0.25,0.1,0.35,0.15,0.05,0.1,0.24297002100766507,5.821035898205292e-62
0.3,0.05,0.25,0.1,0.05,0.25,0.2429352432419755,6.063830849487521e-62
0.2,0.15,0.35,0.05,0.15,0.1,0.24291966177442412,6.175857238779084e-62
0.2,0.1,0.35,0.2,0.05,0.1,0.24288641467243488,6.421834248276238e-62
0.35,0.1,0.25,0.05,0.1,0.15,0.2428407108714963,6.775975026430712e-62
0.4,0.05,0.3,0.15,0.05,0.05,0.24280870675655844,7.035478056511431e-62
0.25,0.05,0.4,0.15,0.1,0.05,0.24279665442401552,7.135749120707675e-62
0.25,0.05,0.3,0.1,0.15,0.15,0.24265058558194327,8.470298694608356e-62
0.25,0.05,0.35,0.15,0.1,0.1,0.24264421640642772,8.533836098183575e-62
0.35,0.05,0.25,0.1,0.1,0.15,0.24262647856765043,8.713297714951307e-62
0.2,0.05,0.3,0.1,0.1,0.25,0.24258609621778354,9.136008360989215e-62
0.4,0.1,0.25,0.15,0.05,0.05,0.24247429938179596,1.0415847107585355e-61
0.2,0.05,0.3,0.05,0.15,0.25,0.24243846177384767,1.0862767269222819e-61
0.25,0.2,0.35,0.1,0.05,0.05,0.2424268384427902,1.1011781225227544e-61
0.2,0.05,0.35,0.15,0.05,0.2,0.2423442510484039,1.2130851443770103e-61
0.3,0.1,0.3,0.1,0.1,0.1,0.2423345271255614,1.2269851949808191e-61
0.35,0.15,0.25,0.05,0.05,0.15,0.2423309940596566,1.2320748013925319e-61
0.2,0.1,0.35,0.05,0.2,0.1,0.24232629638821673,1.2388746794202417e-61
0.3,0.15,0.3,0.05,0.15,0.05,0.24230758334193225,1.2663348624673094e-61
0.4,0.15,0.25,0.1,0.05,0.05,0.24226013439789165,1.3387111306207327e-61
0.25,0.1,0.3,0.1,0.1,0.15,0.24225959301607566,1.3395602645470329e-61
0.25,0.05,0.25,0.1,0.05,0.3,0.24219889355437918,1.4382474650439348e-61
0.2,0.25,0.4,0.05,0.05,0.05,0.2421158524034382,1.5850896100753885e-61
0.3,0.1,0.25,0.1,0.05,0.2,0.24210274321346334,1.609597844234848e-61
0.4,0.05,0.25,0.05,0.2,0.05,0.2420223400404803,1.768391774291348e-61
0.2,0.1,0.35,0.15,0.05,0.15,0.24201060910790262,1.792829169405514e-61
0.25,0.05,0.35,0.15,0.05,0.15,0.24197255843137389,1.874433475374969e-61
0.3,0.15,0.3,0.1,0.05,0.1,0.24194692255494313,1.9314882536781793e-61
0.3,0.05,0.35,0.05,0.2,0.05,0.2419349776525885,1.958660189374504e-61
0.25,0.15,0.35,0.05,0.15,0.05,0.24192969969185948,1.970787314657666e-61
0.2,0.1,0.3,0.1,0.1,0.2,0.24190536148830427,2.027683751371093e-61
0.35,0.05,0.2,0.05,0.1,0.25,0.24190036553788333,2.039563848533873e-61
0.35,0.1,0.3,0.15,0.05,0.05,0.24179049461758123,2.319092443407708e-61
0.4,0.05,0.2,0.05,0.15,0.15,0.24171697931130898,2.5271178949053405e-61
0.35,0.1,0.25,0.05,0.15,0.1,0.2416421022391232,2.7581062327738297e-61
0.2,0.15,0.35,0.1,0.1,0.1,0.24162488225371304,2.814134883999058e-61
0.25,0.1,0.3,0.05,0.2,0.1,0.24153345591430425,3.131153860774227e-61
0.2,0.05,0.35,0.15,0.1,0.15,0.24150735479419372,3.228017597962163e-61
0.2,0.1,0.35,0.1,0.2,0.05,0.24148633685346443,3.3081819938111264e-61
0.25,0.15,0.3,0.05,0.1,0.15,0.24138452268702854,3.725477527198891e-61
0.35,0.05,0.25,0.05,0.2,0.1,0.24135881121970007,3.838901286583401e-61
0.5,0.1,0.2,0.05,0.05,0.1,0.24119324419984775,4.65632533927497e-61
0.2,0.05,0.35,0.05,0.25,0.1,0.2411760657379293,4.750486752809378e-61
0.2,0.05,0.45,0.2,0.05,0.05,0.2411754900515644,4.7536749313370874e-61
0.55,0.05,0.15,0.05,0.1,0.1,0.24116508187438193,4.8116848846280264e-61
0.2,0.1,0.3,0.05,0.15,0.2,0.2411578870304622,4.8521969707820405e-61
0.7,0.05,0.1,0.05,0.05,0.05,0.2411255229527319,5.03867197572421e-61
0.2,0.1,0.35,0.15,0.1,0.1,0.24104723534897435,5.519795071480947e-61
0.3,0.05,0.2,0.05,0.05,0.35,0.24104072169122326,5.561829411564468e-61
0.3,0.05,0.25,0.1,0.1,0.2,0.2409778591325892,5.9842458043808864e-61
0.25,0.05,0.25,0.1,0.1,0.25,0.24090971637234276,6.47830084336879e-61
0.3,0.05,0.3,0.05,0.25,0.05,0.24090311527335836,6.52826725251033e-61
0.3,0.05,0.2,0.05,0.1,0.3,0.2408921321143778,6.612255326066872e-61
0.5,0.05,0.2,0.1,0.05,0.1,0.240845513650002,6.980890812717144e-61
0.25,0.1,0.25,0.1,0.05,0.25,0.2407947931900181,7.405245621744508e-61
0.35,0.05,0.2,0.05,0.15,0.2,0.24077712032924375,7.559063637786019e-61
0.2,0.05,0.3,0.1,0.15,0.2,0.24077003061215838,7.621660561454285e-61
0.25,0.1,0.25,0.05,0.15,0.2,0.24069975183847073,8.270787288702153e-61
0.2,0.1,0.25,0.05,0.1,0.3,0.24069719710096676,8.295393870343572e-61
0.2,0.15,0.35,0.15,0.05,0.1,0.24069681676566929,8.299063393559686e-61
0.2,0.1,0.35,0.05,0.25,0.05,0.2406055482341327,9.228055738660413e-61
0.25,0.05,0.25,0.1,0.15,0.2,0.24060482540394318,9.235812029076962e-61
0.35,0.05,0.35,0.15,0.05,0.05,0.24053581017761141,1.000708399072357e-60
0.2,0.05,0.35,0.1,0.2,0.1,0.2404738026645904,1.0754585042792368e-60
0.2,0.05,0.3,0.1,0.05,0.3,0.2403578684178751,1.2304516865827705e-60
0.45,0.05,0.15,0.05,0.05,0.25,0.24035328417744817,1.2370178325936311e-60
0.55,0.05,0.2,0.1,0.05,0.05,0.2403281947112808,1.2735773020911868e-60
0.2,0.2,0.35,0.1,0.05,0.1,0.2402020855530055,1.4742917457166697e-60
0.2,0.05,0.35,0.15,0.15,0.1,0.24006280724046833,1.7327483575912247e-60
0.3,0.05,0.35,0.15,0.1,0.05,0.2398898733780134,2.1172695454100722e-60
0.2,0.1,0.35,0.2,0.1,0.05,0.2398814238859657,2.1380956858831208e-60
0.3,0.05,0.25,0.1,0.15,0.15,0.23980159346217328,2.3452115878224634e-60
0.2,0.05,0.25,0.05,0.1,0.35,0.23971923193677183,2.5798500527301e-60
0.5,0.05,0.15,0.05,0.1,0.15,0.23970720370294293,2.6160201703431037e-60
0.3,0.1,0.25,0.05,0.15,0.15,0.2396685641562869,2.735665535542561e-60
0.25,0.2,0.35,0.05,0.1,0.05,0.2395837492564875,3.0177441031622825e-60
0.3,0.15,0.3,0.1,0.1,0.05,0.23949935736851105,3.327151488499113e-60
0.3,0.15,0.25,0.05,0.05,0.2,0.23949231120322612,3.354371205646788e-60
0.2,0.1,0.35,0.15,0.15,0.05,0.23929517061268674,4.212763183510544e-60
0.45,0.05,0.2,0.1,0.05,0.15,0.2392884535289305,4.245580974261614e-60
0.25,0.15,0.35,0.15,0.05,0.05,0.23926328255167909,4.3708401556454303e-60
0.25,0.15,0.25,0.05,0.05,0.25,0.23911361289081376,5.19542122217241e-60
0.35,0.1,0.25,0.15,0.05,0.1,0.2391022458838375,5.26403678434686e-60
0.3,0.05,0.25,0.05,0.2,0.15,0.2390797459419161,5.402527558661881e-60
0.35,0.05,0.25,0.1,0.15,0.1,0.23906378993375996,5.502932798388454e-60
0.45,0.05,0.25,0.15,0.05,0.05,0.2390545291098991,5.562057835889536e-60
0.5,0.1,0.2,0.05,0.1,0.05,0.23902857345383444,5.731162905751671e-60
0.2,0.1,0.3,0.1,0.05,0.25,0.23900514444827042,5.888198819262365e-60
0.3,0.1,0.3,0.15,0.1,0.05,0.23899907269725337,5.929590004107788e-60
0.25,0.05,0.35,0.05,0.2,0.1,0.23898139036959704,6.05178870574074e-60
0.2,0.1,0.3,0.1,0.15,0.15,0.23895045494232128,6.271639379966878e-60
0.3,0.1,0.3,0.1,0.15,0.05,0.23891714636767802,6.517255507548269e-60
0.4,0.05,0.25,0.15,0.05,0.1,0.23890563287396205,6.60436471649908e-60
0.25,0.05,0.25,0.05,0.2,0.2,0.23881554333983693,7.327231108075776e-60
0.2,0.1,0.25,0.05,0.15,0.25,0.23875412787682823,7.864668898841233e-60
0.2,0.15,0.25,0.05,0.05,0.3,0.23874953873026472,7.906369664483732e-60
0.35,0.1,0.25,0.2,0.05,0.05,0.23871525116126371,8.224983374833121e-60
0.2,0.05,0.25,0.05,0.15,0.3,0.23871138356058647,8.261715786052148e-60
0.25,0.1,0.35,0.15,0.1,0.05,0.2386789020627304,8.576726475830826e-60
0.4,0.15,0.25,0.05,0.1,0.05,0.23863191644820114,9.053683061284688e-60
0.3,0.15,0.25,0.1,0.05,0.15,0.23861894897860214,9.189907262605294e-60
0.35,0.1,0.25,0.1,0.1,0.1,0.23860291933782574,9.361124285139237e-60
0.25,0.05,0.3,0.05,0.2,0.15,0.23857880559039898,9.624692382067531e-60
0.2,0.1,0.35,0.25,0.05,0.05,0.2385258140470991,1.0230154637319691e-59
0.25,0.2,0.3,0.05,0.05,0.15,0.23852005633018866,1.0298183249569988e-59
0.2,0.05,0.25,0.05,0.2,0.25,0.23848310203135079,1.074565989947347e-59
0.4,0.1,0.25,0.1,0.1,0.05,0.23845438686399573,1.1106694936164303e-59
0.3,0.05,0.2,0.05,0.15,0.25,0.23845364635376,1.1116163418626142e-59
0.2,0.05,0.4,0.2,0.05,0.1,0.2384383124007784,1.1314046804638503e-59
0.65,0.05,0.1,0.05,0.05,0.1,0.2384195753676811,1.1560615128816217e-59
0.2,0.05,0.25,0.05,0.05,0.4,0.23841831496564325,1.1577392089982384e-59
0.35,0.15,0.25,0.05,0.1,0.1,0.2383604504901087,1.2374296485102667e-59
0.3,0.05,0.3,0.1,0.2,0.05,0.23827634585854246,1.3630954285124314e-59
0.35,0.1,0.25,0.15,0.1,0.05,0.23823938696087069,1.422263377687861e-59
0.25,0.05,0.35,0.05,0.25,0.05,0.23823363530532435,1.431698506522334e-59
0.25,0.05,0.35,0.1,0.2,0.05,0.2381981611211857,1.4912846285597538e-59
0.3,0.1,0.25,0.15,0.05,0.15,0.23818797839163533,1.5088403570322823e-59
0.2,0.15,0.35,0.1,0.15,0.05,0.2381387012943338,1.596749307208933e-59
0.2,0.2,0.35,0.05,0.1,0.1,0.23812294018549102,1.6259293455998947e-59
0.3,0.2,0.3,0.1,0.05,0.05,0.23810950933316993,1.651213865782178e-59
0.3,0.2,0.3,0.05,0.1,0.05,0.23806269208514028,1.7424513759317566e-59
0.2,0.15,0.3,0.05,0.1,0.2,0.238053212829237,1.761526942678948e-59
0.25,0.1,0.3,0.05,0.25,0.05,0.23788100799618558,2.14662068393709e-59
0.2,0.1,0.25,0.05,0.05,0.35,0.23784482154244307,2.237639258734888e-59
0.3,0.1,0.25,0.1,0.1,0.15,0.23771387954526385,2.6003033765521766e-59
0.2,0.15,0.35,0.05,0.2,0.05,0.23770076892532765,2.6396928411066897e-59
0.45,0.05,0.15,0.05,0.1,0.2,0.2374608210328603,3.47521715508153e-59
0.45,0.1,0.2,0.05,0.05,0.15,0.23734099929745972,3.986302562153868e-59
0.35,0.15,0.25,0.1,0.05,0.1,0.23733702636504084,4.004473806487012e-59
0.35,0.05,0.3,0.15,0.1,0.05,0.23731343192793022,4.114101497824566e-59
0.4,0.05,0.25,0.1,0.15,0.05,0.2372944365171014,4.204528322814723e-59
0.55,0.05,0.15,0.05,0.15,0.05,0.2372910013962209,4.221091146869232e-59
0.25,0.15,0.3,0.05,0.15,0.1,0.23728829631167,4.234179736734698e-59
0.25,0.15,0.3,0.1,0.05,0.15,0.23728817679884762,4.234758932599498e-59
0.25,0.1,0.25,0.1,0.1,0.2,0.23722217920533506,4.566962323122384e-59
0.25,0.1,0.3,0.1,0.15,0.1,0.23721759795704853,4.590962962974343e-59
0.3,0.1,0.25,0.15,0.1,0.1,0.23718639449518536,4.757809708441699e-59
0.4,0.1,0.2,0.05,0.05,0.2,0.23700822136157676,5.832947215481654e-59
0.2,0.05,0.35,0.05,0.3,0.05,0.23699095353675967,5.949210552846671e-59
0.25,0.1,0.3,0.25,0.05,0.05,0.23692142008810557,6.441201534343487e-59
0.2,0.1,0.3,0.05,0.2,0.15,0.23689245823614352,6.657888886652126e-59
0.35,0.05,0.25,0.15,0.05,0.15,0.23688601148833963,6.707101566792467e-59
0.3,0.1,0.3,0.2,0.05,0.05,0.2368696384105779,6.833723575036632e-59
0.35,0.1,0.2,0.05,0.05,0.25,0.23682803176111986,7.166304451263384e-59
0.5,0.15,0.2,0.05,0.05,0.05,0.23681879071611742,7.242332789863883e-59
0.45,0.05,0.2,0.05,0.2,0.05,0.23681691792878265,7.257838285015188e-59
0.3,0.05,0.3,0.15,0.05,0.15,0.23680492141636866,7.357948988716573e-59
0.6,0.05,0.1,0.05,0.05,0.15,0.23677645545329962,7.601034225170219e-59
0.3,0.1,0.25,0.05,0.2,0.1,0.23645876741313887,1.0921500230753007e-58
0.25,0.05,0.3,0.05,0.25,0.1,0.23643069017760612,1.1276721465547837e-58
0.3,0.1,0.3,0.15,0.05,0.1,0.23640117645459535,1.1662525637386166e-58
0.3,0.05,0.3,0.15,0.1,0.1,0.2363753333328562,1.201112538178591e-58
0.4,0.05,0.2,0.1,0.05,0.2,0.2363445811392115,1.2439488356827607e-58
0.25,0.05,0.3,0.1,0.2,0.1,0.23633592083334642,1.2562844426342291e-58
0.45,0.05,0.2,0.1,0.1,0.1,0.23632995982589236,1.2648459190244633e-58
0.35,0.05,0.25,0.15,0.1,0.1,0.23632439580068873,1.2728896512792723e-58
0.25,0.1,0.3,0.2,0.05,0.1,0.2363078382478888,1.2971289791613478e-58
0.35,0.1,0.25,0.05,0.2,0.05,0.23629086735901605,1.3224504806766557e-58
0.25,0.05,0.3,0.15,0.05,0.2,0.23627072675240623,1.3531408575499337e-58
0.4,0.05,0.15,0.05,0.05,0.3,0.23625219329156436,1.3820084729682129e-58
0.2,0.05,0.3,0.05,0.2,0.2,0.23624026460323327,1.4009121027028037e-58
0.45,0.1,0.2,0.05,0.1,0.1,0.23623246601470776,1.4134096601975552e-58
0.2,0.15,0.35,0.2,0.05,0.05,0.2361333841025165,1.5822003746030067e-58
0.25,0.05,0.4,0.2,0.05,0.05,0.2360982758448868,1.646706224366299e-58
0.25,0.25,0.35,0.05,0.05,0.05,0.2360883204929403,1.6654696214096233e-58
0.4,0.1,0.2,0.1,0.05,0.15,0.2360807981728282,1.6797884353598383e-58
0.5,0.05,0.2,0.1,0.1,0.05,0.23588267115564013,2.1044111303945125e-58
0.45,0.1,0.2,0.15,0.05,0.05,0.23576493617718422,2.4057428717462586e-58
0.65,0.05,0.1,0.05,0.1,0.05,0.2357547998102939,2.4336124101813605e-58
0.2,0.15,0.3,0.1,0.05,0.2,0.2355780891405504,2.9745285981353147e-58
0.35,0.1,0.2,0.05,0.1,0.2,0.23547989356308022,3.325248453499179e-58
0.3,0.1,0.2,0.05,0.05,0.3,0.23542535296804776,3.537532664165498e-58
0.25,0.1,0.3,0.15,0.1,0.1,0.23536980583486528,3.767608050071895e-58
0.25,0.1,0.25,0.05,0.2,0.15,0.2353673766679436,3.778002840331304e-58
0.3,0.1,0.2,0.05,0.1,0.25,0.2353059013670079,4.0507864325377365e-58
0.2,0.1,0.3,0.2,0.05,0.15,0.23522670525029227,4.431299676005747e-58
0.25,0.1,0.3,0.15,0.15,0.05,0.23519994395332997,4.5677634778642686e-58
0.4,0.05,0.25,0.15,0.1,0.05,0.2351939977594067,4.598648620298726e-58
0.2,0.1,0.3,0.25,0.05,0.1,0.2351844494188902,4.6486793524122355e-58
0.45,0.15,0.2,0.05,0.05,0.1,0.235168242883178,4.7348410695951166e-58
0.35,0.1,0.2,0.1,0.05,0.2,0.23509849346193565,5.124182956011653e-58
0.5,0.05,0.15,0.05,0.15,0.1,0.2350971495597938,5.131989567435178e-58
0.2,0.05,0.3,0.05,0.25,0.15,0.23508654436485818,5.1940111760543975e-58
0.25,0.1,0.3,0.1,0.2,0.05,0.23506191637464025,5.3409357734329054e-58
0.4,0.05,0.2,0.1,0.1,0.15,0.2350039899417497,5.70303112275249e-58
0.2,0.05,0.35,0.15,0.2,0.05,0.23496396482838158,5.9674069838190004e-58
0.2,0.05,0.3,0.1,0.2,0.15,0.23492987812688435,6.202157498850369e-58
0.35,0.05,0.25,0.05,0.25,0.05,0.23492660256288206,6.225194519492544e-58
0.4,0.1,0.2,0.05,0.1,0.15,0.23491570320270844,6.302464895080984e-58
0.6,0.1,0.15,0.05,0.05,0.05,0.2348991074365133,6.4219577757435e-58
0.4,0.1,0.2,0.15,0.05,0.1,0.23480656997051944,7.130811583682589e-58
0.45,0.1,0.2,0.1,0.05,0.1,0.2347436585418421,7.656694942729036e-58
0.25,0.05,0.3,0.15,0.1,0.15,0.23470502167760623,7.998626151652177e-58
0.3,0.05,0.25,0.15,0.1,0.15,0.2346936972972072,8.101696993444635e-58
0.3,0.05,0.25,0.15,0.05,0.2,0.23467823784443909,8.244542358468889e-58
0.2,0.05,0.25,0.1,0.1,0.3,0.2346486726254393,8.524746381662825e-58
0.2,0.05,0.25,0.1,0.15,0.25,0.23461851598481925,8.820326222510745e-58
0.2,0.15,0.35,0.15,0.1,0.05,0.23459260964971895,9.082382122970696e-58
0.25,0.05,0.35,0.15,0.15,0.05,0.23457937269995205,9.219258952717457e-58
0.2,0.05,0.35,0.1,0.25,0.05,0.23451673645444598,9.895328969442207e-58
0.3,0.05,0.25,0.15,0.15,0.1,0.23449091147174556,1.0188243988045023e-57
0.2,0.2,0.3,0.05,0.05,0.2,0.23441988899444366,1.1039089102532499e-57
0.25,0.15,0.3,0.1,0.1,0.1,0.23441282335066588,1.1127511105888159e-57
0.4,0.2,0.25,0.05,0.05,0.05,0.2342496735855176,1.3377347432401856e-57
0.2,0.2,0.35,0.1,0.1,0.05,0.23424591684157461,1.3434166993927826e-57
0.25,0.1,0.3,0.15,0.05,0.15,0.234189624287356,1.431492734930051e-57
0.35,0.15,0.25,0.05,0.15,0.05,0.23416083611459051,1.4787337491508828e-57
0.25,0.05,0.2,0.05,0.15,0.3,0.23412655858275114,1.5370113645894444e-57
0.25,0.1,0.3,0.2,0.1,0.05,0.23411440708081735,1.5582154525100923e-57
0.3,0.05,0.25,0.1,0.2,0.1,0.234067729356455,1.6424107647923794e-57
0.25,0.05,0.25,0.1,0.2,0.15,0.23404831472843493,1.6787501189474477e-57
0.35,0.1,0.25,0.1,0.15,0.05,0.2338069088123542,2.203390205427999e-57
0.3,0.1,0.25,0.1,0.15,0.1,0.23380381840025238,2.211069997295106e-57
0.35,0.1,0.2,0.15,0.05,0.15,0.23375338494289943,2.3402331663224815e-57
0.35,0.05,0.25,0.15,0.15,0.05,0.23374300773183349,2.3677277283667034e-57
0.25,0.05,0.35,0.2,0.05,0.1,0.23369278985322853,2.505393475306513e-57
0.25,0.05,0.2,0.05,0.1,0.35,0.23369164302772807,2.5086287157386683e-57
0.2,0.1,0.3,0.15,0.15,0.1,0.23368672205508856,2.5225582656079404e-57
0.3,0.1,0.25,0.2,0.05,0.1,0.23363206096792552,2.682561059989563e-57
0.25,0.05,0.3,0.15,0.15,0.1,0.2335662192604456,2.8887628764550576e-57
0.2,0.2,0.35,0.05,0.15,0.05,0.23352646182546405,3.0208398179100376e-57
0.2,0.2,0.35,0.15,0.05,0.05,0.2334990967172733,3.115225574459874e-57
0.35,0.05,0.2,0.1,0.05,0.25,0.2334605720171022,3.2530995630564165e-57
0.45,0.05,0.2,0.15,0.05,0.1,0.23344003790343226,3.329053368244654e-57
0.2,0.05,0.35,0.2,0.05,0.15,0.23343815004519045,3.3361243992646644e-57
0.3,0.05,0.35,0.2,0.05,0.05,0.2333542714695936,3.6658587600121597e-57
0.3,0.1,0.25,0.15,0.15,0.05,0.23329193126693307,3.9317667966592486e-57
0.2,0.05,0.4,0.2,0.1,0.05,0.23322900031072732,4.2196734353169485e-57
0.35,0.05,0.2,0.1,0.1,0.2,0.23322031801209578,4.2610088166069146e-57
0.2,0.1,0.3,0.2,0.1,0.1,0.2331685890524927,4.5157767787866036e-57
0.2,0.15,0.3,0.05,0.15,0.15,0.2331311280151248,4.709691098439535e-57
0.45,0.1,0.2,0.05,0.15,0.05,0.23310170693827326,4.867781952600732e-57
0.5,0.05,0.2,0.15,0.05,0.05,0.23303788284754748,5.229132167053899e-57
0.4,0.05,0.2,0.05,0.2,0.1,0.23303507346265973,5.245637609886188e-57
0.2,0.1,0.3,0.1,0.2,0.1,0.23288083539993365,6.236075775312954e-57
0.4,0.1,0.2,0.1,0.1,0.1,0.2328322715241512,6.584917443045523e-57
0.4,0.05,0.2,0.15,0.05,0.15,0.23282322481406034,6.652016349248966e-57
0.25,0.1,0.25,0.1,0.15,0.15,0.23280046549963063,6.823846945074868e-57
0.25,0.1,0.25,0.15,0.05,0.2,0.23275446254572302,7.184776408051486e-57
0.3,0.05,0.25,0.05,0.25,0.1,0.23275338084228298,7.193488115914655e-57
0.4,0.1,0.2,0.15,0.1,0.05,0.23266765284956104,7.9184381061128e-57
0.25,0.15,0.25,0.1,0.05,0.2,0.23261745043799176,8.376280280810073e-57
0.2,0.1,0.25,0.1,0.15,0.2,0.2326127563430854,8.420414625956175e-57
0.55,0.05,0.1,0.05,0.05,0.2,0.23259451360795552,8.594144237586898e-57
0.2,0.05,0.25,0.05,0.25,0.2,0.2325518991045348,9.01400396841785e-57
0.35,0.15,0.25,0.1,0.1,0.05,0.23247795017449094,9.791623253610241e-57
0.2,0.05,0.3,0.15,0.05,0.25,0.23247253426110415,9.851132686639013e-57
0.35,0.05,0.25,0.1,0.2,0.05,0.23242853385297466,1.034814461758272e-56
0.3,0.05,0.2,0.1,0.05,0.3,0.23241837249628158,1.0466427111542796e-56
0.5,0.1,0.2,0.1,0.05,0.05,0.23241610077924205,1.0493054443951796e-56
0.2,0.1,0.3,0.15,0.05,0.2,0.23240746729505007,1.059486629550019e-56
0.2,0.05,0.3,0.15,0.1,0.2,0.232384104705106,1.087533288671614e-56
0.45,0.05,0.2,0.1,0.15,0.05,0.23232936492070494,1.1561772613139183e-56
0.2,0.1,0.3,0.15,0.1,0.15,0.23228547596144974,1.2143170132899973e-56
0.35,0.1,0.2,0.1,0.1,0.15,0.23226421620567766,1.2435174395068633e-56
0.2,0.1,0.25,0.1,0.05,0.3,0.2322160915582963,1.3122253958917877e-56
0.2,0.1,0.3,0.25,0.1,0.05,0.23215253346172574,1.4087929876924417e-56
0.2,0.15,0.3,0.1,0.1,0.15,0.23212899048063707,1.4463320076422903e-56
0.25,0.1,0.2,0.05,0.1,0.3,0.23210925996906148,1.4785580466196336e-56
0.3,0.1,0.25,0.25,0.05,0.05,0.23208322755113622,1.5221734938564734e-56
0.3,0.15,0.25,0.05,0.1,0.15,0.23207006831855578,1.544705930898032e-56
0.45,0.15,0.2,0.1,0.05,0.05,0.232063941562806,1.5553097307524233e-56
0.3,0.15,0.25,0.15,0.05,0.1,0.23205779218082656,1.5660255714093096e-56
0.3,0.15,0.25,0.1,0.1,0.1,0.23199599110968713,1.6778865456135906e-56
0.4,0.1,0.2,0.2,0.05,0.05,0.2319887487627237,1.691505469531084e-56
0.4,0.05,0.2,0.1,0.15,0.1,0.23197667704865296,1.7144508755428355e-56
0.25,0.05,0.2,0.05,0.05,0.4,0.23196755089586796,1.7320029642833033e-56
0.25,0.15,0.3,0.05,0.2,0.05,0.23194645205886552,1.7732698168724368e-56
0.25,0.05,0.25,0.05,0.25,0.15,0.23194369033264078,1.7787433938296885e-56
0.6,0.05,0.1,0.05,0.1,0.1,0.23187059035631194,1.929900857666115e-56
0.3,0.15,0.3,0.15,0.05,0.05,0.23182632759670307,2.0275762168842458e-56
0.2,0.1,0.25,0.1,0.1,0.25,0.23182224063384183,2.0368394869156463e-56
0.3,0.05,0.2,0.15,0.1,0.2,0.23175714797647132,2.19018488566866e-56
0.25,0.05,0.3,0.05,0.3,0.05,0.2317165847986366,2.2915024430036817e-56
0.4,0.05,0.25,0.2,0.05,0.05,0.23165135209309606,2.464314837322962e-56
0.2,0.05,0.3,0.05,0.3,0.1,0.23163763095728443,2.5022843039356046e-56
0.35,0.2,0.25,0.05,0.05,0.1,0.23156329180220395,2.7183549033277406e-56
0.25,0.15,0.3,0.1,0.15,0.05,0.23156017974110718,2.7277946318693893e-56
0.4,0.05,0.15,0.05,0.1,0.25,0.23149438916161127,2.935173464419498e-56
0.25,0.2,0.3,0.1,0.05,0.1,0.2314871171644127,2.959037953780247e-56
0.3,0.15,0.25,0.05,0.15,0.1,0.23146723627160876,3.025271675969262e-56
0.35,0.15,0.2,0.1,0.05,0.15,0.231445283755047,3.1001231517740602e-56
0.4,0.05,0.2,0.15,0.1,0.1,0.23137692066967044,3.345237842884916e-56
0.35,0.1,0.2,0.15,0.1,0.1,0.23135761829119716,3.4178751600564643e-56
0.3,0.1,0.25,0.2,0.1,0.05,0.23134650548194638,3.460404203561289e-56
0.2,0.05,0.3,0.15,0.15,0.15,0.23129583062089704,3.661116351914791e-56
0.3,0.1,0.25,0.05,0.25,0.05,0.23129387562579812,3.6690876740783344e-56
0.3,0.1,0.2,0.1,0.05,0.25,0.2312513090798271,3.846998191603234e-56
0.3,0.05,0.2,0.1,0.1,0.25,0.23123573913290393,3.914197875071204e-56
0.2,0.15,0.25,0.1,0.05,0.25,0.23123262659650085,3.9277710683389904e-56
0.45,0.1,0.2,0.1,0.1,0.05,0.23121806727290875,3.9918865173710866e-56
0.6,0.05,0.15,0.1,0.05,0.05,0.2312173460054564,3.9950897422027227e-56
0.35,0.15,0.25,0.15,0.05,0.05,0.23116745683973272,4.222977382196631e-56
0.25,0.05,0.35,0.2,0.1,0.05,0.23116529855466708,4.233123056503007e-56
0.35,0.05,0.15,0.05,0.05,0.35,0.23113775563252592,4.36474805372492e-56
0.4,0.15,0.2,0.05,0.05,0.15,0.23109301393538156,4.587305411991118e-56
0.3,0.1,0.2,0.05,0.15,0.2,0.23105959902777615,4.760858311797742e-56
0.35,0.05,0.2,0.15,0.05,0.2,0.2310468707562492,4.828673488077051e-56
0.45,0.05,0.2,0.15,0.1,0.05,0.23100027806434645,5.085222835399296e-56
0.25,0.1,0.25,0.15,0.1,0.15,0.23098412880868033,5.177275106097878e-56
0.3,0.05,0.3,0.15,0.15,0.05,0.23096476448927433,5.2898434608323655e-56
0.35,0.05,0.2,0.15,0.1,0.15,0.2309384989433238,5.4464340495187e-56
0.35,0.15,0.2,0.05,0.05,0.2,0.23089885796706297,5.691548313111988e-56
0.35,0.05,0.2,0.05,0.2,0.15,0.2308658349723678,5.904105308452739e-56
0.2,0.25,0.35,0.05,0.1,0.05,0.23084721442932427,6.027424802259544e-56
0.35,0.05,0.25,0.2,0.1,0.05,0.23076996925443655,6.566988216076068e-56
0.4,0.1,0.2,0.05,0.15,0.1,0.2307431961249505,6.765010231050125e-56
0.35,0.1,0.2,0.2,0.05,0.1,0.23074016380658055,6.787809666934291e-56
0.2,0.25,0.35,0.1,0.05,0.05,0.23073945161096623,6.793175617985893e-56
0.2,0.05,0.25,0.1,0.05,0.35,0.23071333708535566,6.992876485370849e-56
0.3,0.05,0.2,0.1,0.15,0.2,0.2307075694888448,7.037764047977095e-56
0.35,0.2,0.25,0.1,0.05,0.05,0.2307047629861944,7.05970990937134e-56
0.25,0.15,0.25,0.05,0.1,0.2,0.2306880835460964,7.191550250261442e-56
0.2,0.05,0.25,0.1,0.2,0.2,0.23067307692992162,7.312261553006185e-56
0.25,0.05,0.25,0.15,0.1,0.2,0.23065492245702682,7.460993315037057e-56
0.55,0.05,0.15,0.1,0.1,0.05,0.23064086840717574,7.578197262469681e-56
0.35,0.05,0.2,0.1,0.15,0.15,0.23063649117703833,7.6150742761896625e-56
0.25,0.2,0.3,0.05,0.1,0.1,0.23061685324470393,7.782729982615285e-56
0.2,0.05,0.35,0.2,0.1,0.1,0.2305924120973987,7.996534503282157e-56
0.25,0.1,0.25,0.15,0.15,0.1,0.23050253359347797,8.83429230122456e-56
0.2,0.1,0.3,0.05,0.25,0.1,0.2304813723176155,9.043919083655015e-56
0.25,0.15,0.3,0.15,0.05,0.1,0.23039662228087865,9.934280976758776e-56
0.25,0.05,0.3,0.15,0.2,0.05,0.23038760378810996,1.003401985597443e-55
0.2,0.05,0.3,0.1,0.25,0.1,0.23029571697791562,1.1108825934209123e-55
0.25,0.1,0.25,0.2,0.05,0.15,0.230285770822073,1.1231832666352801e-55
0.25,0.1,0.2,0.05,0.05,0.35,0.23024501891705648,1.1750144252927462e-55
0.55,0.05,0.15,0.1,0.05,0.1,0.2301994886031007,1.2357442369314009e-55
0.2,0.05,0.3,0.15,0.2,0.1,0.23017923171655058,1.2637584918269797e-55
0.3,0.1,0.25,0.1,0.2,0.05,0.23009368583851736,1.3892075940484645e-55
0.2,0.1,0.3,0.2,0.15,0.05,0.23005521794966535,1.4495883635598574e-55
0.3,0.1,0.2,0.1,0.1,0.2,0.23004334206897847,1.4687518569549233e-55
0.55,0.1,0.15,0.05,0.05,0.1,0.23003450686783966,1.4831722059061447e-55
0.25,0.1,0.25,0.2,0.1,0.1,0.2300336971522854,1.4845008114362129e-55
0.35,0.05,0.25,0.2,0.05,0.1,0.22997815691699544,1.5785185634936482e-55
0.25,0.05,0.3,0.1,0.25,0.05,0.22994073708336785,1.6451818314713527e-55
0.4,0.15,0.2,0.1,0.05,0.1,0.22991958511477942,1.6840963856220774e-55
0.25,0.1,0.25,0.1,0.2,0.1,0.22970046994126142,2.1452730207956997e-55
0.3,0.2,0.25,0.05,0.05,0.15,0.22967706646803687,2.2014221435130572e-55
0.3,0.15,0.2,0.1,0.05,0.2,0.22961496585039193,2.357606192336396e-55
0.25,0.05,0.2,0.15,0.1,0.25,0.22961086122710378,2.3683097448158177e-55
0.3,0.05,0.25,0.1,0.25,0.05,0.22959415909232378,2.412364882031971e-55
0.2,0.15,0.25,0.05,0.1,0.25,0.22952631862754888,2.5998538070124868e-55
0.3,0.05,0.2,0.05,0.2,0.2,0.22951653051352766,2.628076801239416e-55
0.45,0.05,0.15,0.05,0.15,0.15,0.22946111214842216,2.7937194434047945e-55
0.2,0.1,0.3,0.1,0.25,0.05,0.22941925682656605,2.9256765139549412e-55
0.2,0.1,0.25,0.05,0.2,0.2,0.22936078364269533,3.1204768574634576e-55
0.25,0.2,0.25,0.05,0.05,0.2,0.2292686574086885,3.4539131802992534e-55
0.55,0.1,0.15,0.05,0.1,0.05,0.22920449720220043,3.706859637550963e-55
0.3,0.1,0.2,0.15,0.1,0.15,0.22919842300502222,3.7317418431797146e-55
0.55,0.05,0.1,0.05,0.1,0.15,0.22917353552368874,3.835438756794052e-55
0.3,0.1,0.2,0.2,0.05,0.15,0.22906931183382445,4.301786295077491e-55
0.25,0.05,0.25,0.15,0.15,0.15,0.229055880823969,4.365851412109751e-55
0.4,0.15,0.2,0.15,0.05,0.05,0.2290313550849059,4.4852985864016735e-55
0.2,0.15,0.3,0.2,0.05,0.1,0.22901893994385783,4.546998555815424e-55
0.2,0.15,0.3,0.15,0.05,0.15,0.22901612841860894,4.561088027389227e-55
0.65,0.05,0.1,0.1,0.05,0.05,0.22896546906958606,4.822537561571079e-55
0.2,0.25,0.35,0.05,0.05,0.1,0.22893734602330898,4.974064852346468e-55
0.3,0.05,0.25,0.15,0.2,0.05,0.22886970014829008,5.3582368040168745e-55
0.2,0.05,0.35,0.2,0.15,0.05,0.22882582300677698,5.6230741161293884e-55
0.25,0.05,0.3,0.25,0.05,0.1,0.22880433768790592,5.75747037034584e-55
0.2,0.05,0.2,0.05,0.05,0.45,0.22880044516326417,5.7821590881211645e-55
0.35,0.05,0.2,0.15,0.15,0.1,0.2287821927522766,5.899340047722887e-55
0.25,0.2,0.3,0.1,0.1,0.05,0.22871056100973694,6.3825145752770664e-55
0.25,0.15,0.25,0.1,0.1,0.15,0.22869446886177466,6.4963684650915395e-55
0.25,0.1,0.2,0.1,0.05,0.3,0.2286803627500774,6.597832704478062e-55
0.3,0.05,0.25,0.05,0.3,0.05,0.22865643614344966,6.773555527611755e-55
0.2,0.05,0.2,0.05,0.1,0.4,0.22865476721326974,6.785984974382112e-55
0.35,0.1,0.2,0.05,0.15,0.15,0.2286480746391391,6.83605680514065e-55
0.25,0.1,0.2,0.05,0.15,0.25,0.22862017932395723,7.048753666675253e-55
0.3,0.2,0.25,0.1,0.05,0.1,0.22852672513688435,7.810502422652671e-55
0.25,0.05,0.2,0.05,0.2,0.25,0.22851057354956067,7.950223554440985e-55
0.75,0.05,0.05,0.05,0.05,0.05,0.22850336618139844,8.013372011443619e-55
0.2,0.1,0.3,0.15,0.2,0.05,0.22838119588560696,9.16303411863587e-55
0.45,0.15,0.2,0.05,0.1,0.05,0.22837074569906757,9.26868382179353e-55
0.25,0.1,0.25,0.25,0.05,0.1,0.2283462680775028,9.520919976060993e-55
0.25,0.05,0.25,0.1,0.25,0.1,0.22827239563387347,1.0324345228699875e-54
0.4,0.05,0.15,0.05,0.15,0.2,0.22821233427249232,1.1027041371296364e-54
0.4,0.05,0.2,0.15,0.15,0.05,0.2281855833397508,1.1355153806223267e-54
0.3,0.1,0.2,0.15,0.05,0.2,0.2281527124892886,1.177166782567163e-54
0.6,0.05,0.1,0.05,0.15,0.05,0.22813107689827786,1.205408269820947e-54
0.2,0.1,0.25,0.2,0.05,0.2,0.22811269419968427,1.2299330438897281e-54
0.3,0.25,0.3,0.05,0.05,0.05,0.22800263466507664,1.3875110050338579e-54
0.5,0.05,0.1,0.05,0.05,0.25,0.22796637023584956,1.4437141519935418e-54
0.2,0.15,0.3,0.25,0.05,0.05,0.22794316953742597,1.4808539471172557e-54
0.25,0.15,0.3,0.2,0.05,0.05,0.2278388289950642,1.6599948508029988e-54
0.5,0.05,0.15,0.1,0.05,0.15,0.22781855196988382,1.6972342674225965e-54
0.3,0.15,0.25,0.15,0.1,0.05,0.22773660928732337,1.8563888255090968e-54
0.25,0.05,0.2,0.1,0.15,0.25,0.22773621014689654,1.8571993407282765e-54
0.3,0.05,0.25,0.2,0.1,0.1,0.22764657029791455,2.0484458990322657e-54
0.4,0.05,0.2,0.2,0.05,0.1,0.22761969334762827,2.109519632066537e-54
0.25,0.05,0.25,0.05,0.3,0.1,0.22760754553687998,2.137715259276751e-54
0.2,0.05,0.25,0.05,0.3,0.15,0.22755259876777129,2.2700090593421917e-54
0.25,0.05,0.2,0.15,0.15,0.2,0.22754742045000426,2.2828893512736996e-54
0.3,0.05,0.3,0.25,0.05,0.05,0.2275135377186102,2.3689819231222675e-54
0.25,0.05,0.25,0.15,0.05,0.25,0.22748171684172916,2.4527761252938104e-54
0.5,0.1,0.15,0.05,0.05,0.15,0.2274743233646643,2.4726640906809784e-54
0.2,0.15,0.3,0.1,0.15,0.1,0.22746081129363407,2.5094263854658052e-54
0.3,0.15,0.2,0.05,0.05,0.25,0.22735114115637658,2.828655583937164e-54
0.35,0.1,0.2,0.2,0.1,0.05,0.2273031575824178,2.980747680817764e-54
0.2,0.15,0.3,0.05,0.2,0.1,0.22730216766532735,2.983969631875608e-54
0.25,0.15,0.25,0.15,0.05,0.15,0.22729812979117467,2.997147932860973e-54
0.25,0.05,0.35,0.25,0.05,0.05,0.2272618739631678,3.1181013066840086e-54
0.5,0.05,0.15,0.05,0.2,0.05,0.22724607149169548,3.172329173460788e-54
0.3,0.05,0.2,0.15,0.15,0.15,0.2272251954628721,3.24540949825575e-54
0.2,0.15,0.25,0.1,0.1,0.2,0.22721130954435684,3.2949454362590594e-54
0.45,0.05,0.2,0.2,0.05,0.05,0.2271603664372336,3.4832105496714127e-54
0.25,0.05,0.2,0.1,0.1,0.3,0.22711162575562102,3.673350545778686e-54
0.2,0.2,0.3,0.1,0.05,0.15,0.22686189457758707,4.8221948110798825e-54
0.2,0.05,0.4,0.25,0.05,0.05,0.22684115587296763,4.932336174300899e-54
0.2,0.1,0.25,0.15,0.1,0.2,0.2268404821946359,4.9359557101600697e-54
0.25,0.05,0.3,0.2,0.05,0.15,0.226812550421894,5.08837809769191e-54
0.2,0.05,0.25,0.15,0.1,0.25,0.22673041664095814,5.564263365500556e-54
0.35,0.05,0.15,0.05,0.1,0.3,0.22669524758826012,5.781345553199215e-54
0.2,0.05,0.35,0.25,0.05,0.1,0.2266677337240547,5.95703678179518e-54
0.2,0.1,0.25,0.15,0.05,0.25,0.22662768707355746,6.222297254133242e-54
0.4,0.1,0.2,0.1,0.15,0.05,0.2265917006661537,6.470677947971369e-54
0.2,0.1,0.3,0.3,0.05,0.05,0.22659156130753624,6.471658746490873e-54
0.35,0.1,0.2,0.25,0.05,0.05,0.22658615642391336,6.50981242764194e-54
0.25,0.05,0.25,0.15,0.2,0.1,0.22658188508618615,6.540122621780435e-54
0.55,0.05,0.15,0.15,0.05,0.05,0.2265584331929135,6.709062254868276e-54
0.2,0.05,0.3,0.25,0.05,0.15,0.22655185332550384,6.757237053958177e-54
0.3,0.05,0.2,0.15,0.05,0.25,0.22642569889172595,7.750437442476835e-54
0.2,0.05,0.3,0.05,0.35,0.05,0.2263210979752034,8.683209397663289e-54
0.35,0.2,0.25,0.05,0.1,0.05,0.22631587587824573,8.732600038262632e-54
0.2,0.05,0.25,0.15,0.05,0.3,0.22625531634731855,9.326212523781241e-54
0.65,0.1,0.1,0.05,0.05,0.05,0.22625301633791878,9.349532538587133e-54
0.7,0.05,0.05,0.05,0.05,0.1,0.22624989116118627,9.381312056237418e-54
0.25,0.1,0.25,0.05,0.25,0.1,0.2262105387701618,9.790804682457109e-54
0.25,0.25,0.3,0.05,0.05,0.1,0.22620998884456614,9.796651382267999e-54
0.2,0.1,0.25,0.25,0.05,0.15,0.22608722187384345,1.1192827196677074e-53
0.2,0.05,0.25,0.1,0.25,0.15,0.22608126197485715,1.1265433829059593e-53
0.2,0.1,0.25,0.1,0.2,0.15,0.22605311509111553,1.161472073371995e-53
0.45,0.05,0.15,0.1,0.05,0.2,0.22605018758900453,1.1651662673104616e-53
0.35,0.1,0.2,0.15,0.15,0.05,0.22603206766525344,1.188293350904244e-53
0.3,0.05,0.2,0.1,0.2,0.15,0.22601939227187384,1.2047424842727803e-53
0.2,0.1,0.2,0.05,0.1,0.35,0.22598606299790674,1.249084261870943e-53
0.35,0.15,0.2,0.15,0.05,0.1,0.2259487334556009,1.300679463763088e-53
0.6,0.05,0.1,0.1,0.05,0.1,0.2259461393006252,1.3043428347772486e-53
0.5,0.05,0.15,0.1,0.1,0.1,0.2259388223345086,1.314731024470858e-53
0.4,0.15,0.2,0.05,0.1,0.1,0.22584771002230655,1.4511970551792984e-53
0.25,0.05,0.2,0.1,0.05,0.35,0.2258344227773726,1.4722431107212702e-53
0.4,0.1,0.2,0.05,0.2,0.05,0.2257702899964771,1.5781763385084157e-53
0.35,0.05,0.3,0.2,0.05,0.05,0.22576384336552519,1.5892356541342627e-53
0.2,0.05,0.2,0.05,0.15,0.35,0.2257620571799994,1.5923135152540307e-53
0.3,0.05,0.25,0.2,0.05,0.15,0.2257132894939312,1.6786792134291748e-53
0.4,0.05,0.2,0.1,0.2,0.05,0.22570944863778467,1.6856760892740484e-53
0.5,0.1,0.15,0.15,0.05,0.05,0.22564118007087391,1.8149984124024295e-53
0.2,0.05,0.2,0.05,0.2,0.3,0.22559909049969326,1.8996029319693823e-53
0.2,0.05,0.35,0.3,0.05,0.05,0.22557492471115934,1.949941099500734e-53
0.2,0.05,0.25,0.15,0.15,0.2,0.22557098678953597,1.9582688262153604e-53
0.25,0.1,0.2,0.1,0.1,0.25,0.22556931368400474,1.9618177372249954e-53
0.2,0.1,0.25,0.15,0.15,0.15,0.2255686149866831,1.9633016748913555e-53
0.2,0.05,0.3,0.15,0.25,0.05,0.2255291907274371,2.048869083615611e-53
0.35,0.05,0.2,0.1,0.2,0.1,0.22542392125956096,2.2959766764258417e-53
0.2,0.1,0.2,0.05,0.05,0.4,0.22541367971689935,2.3215463980551833e-53
0.35,0.1,0.2,0.1,0.15,0.1,0.22539917246454297,2.358252072309832e-53
0.2,0.2,0.3,0.05,0.1,0.15,0.22539427329719464,2.370777788652657e-53
0.3,0.05,0.3,0.2,0.1,0.05,0.2253417400787186,2.5093239956541735e-53
0.3,0.05,0.3,0.2,0.05,0.1,0.2253257527981967,2.5530656595673156e-53
0.3,0.15,0.25,0.05,0.2,0.05,0.22532185354287423,2.563848770565384e-53
0.2,0.05,0.3,0.2,0.05,0.2,0.22530785524573343,2.602934943500547e-53
0.25,0.15,0.3,0.15,0.1,0.05,0.22528080391080677,2.680156469753151e-53
0.2,0.2,0.25,0.05,0.05,0.25,0.22523731697975058,2.809103230655261e-53
0.25,0.15,0.25,0.05,0.15,0.15,0.22522483314690783,2.8472481124656963e-53
0.45,0.05,0.15,0.1,0.1,0.15,0.2251836446684336,2.976796037735896e-53
0.2,0.1,0.25,0.2,0.1,0.15,0.22518084873594568,2.985799650853301e-53
0.45,0.1,0.15,0.05,0.05,0.2,0.2251801007299616,2.988213013281085e-53
0.35,0.05,0.2,0.2,0.05,0.15,0.2251452660529191,3.102780765335796e-53
0.25,0.05,0.3,0.2,0.15,0.05,0.22504459072078256,3.459060915582144e-53
0.2,0.05,0.3,0.2,0.2,0.05,0.22499798018451497,3.637527200708926e-53
0.25,0.1,0.25,0.1,0.25,0.05,0.22497555537607344,3.7266258782025894e-53
0.25,0.2,0.3,0.05,0.15,0.05,0.22490556303507933,4.0189333676992596e-53
0.25,0.05,0.2,0.15,0.05,0.3,0.22487040767199867,4.1742520936025834e-53
0.25,0.1,0.25,0.2,0.15,0.05,0.22483816583164234,4.321945357473962e-53
0.2,0.1,0.3,0.05,0.3,0.05,0.22481135298830163,4.448723011156209e-53
0.2,0.05,0.2,0.1,0.15,0.3,0.22472692735627475,4.872591668517477e-53
0.2,0.15,0.3,0.15,0.1,0.1,0.22454389783478002,5.934594410590598e-53
0.25,0.1,0.25,0.15,0.2,0.05,0.2245152442496602,6.120540747734033e-53
0.25,0.05,0.3,0.2,0.1,0.1,0.2245060503904228,6.181424251229028e-53
0.25,0.15,0.2,0.05,0.05,0.3,0.22448627875689753,6.314405791737049e-53
0.25,0.05,0.2,0.1,0.2,0.2,0.22446208273891663,6.481026014117383e-53
0.3,0.05,0.25,0.2,0.15,0.05,0.22436573335501458,7.189064621704231e-53
0.25,0.1,0.2,0.2,0.05,0.2,0.2243177980674046,7.569495069769401e-53
0.25,0.15,0.2,0.1,0.05,0.25,0.22427696057931873,7.909359651802227e-53
0.25,0.1,0.2,0.15,0.05,0.25,0.22421917703781713,8.416361980644096e-53
0.3,0.1,0.2,0.2,0.1,0.1,0.22420079082959654,8.584373043425873e-53
0.3,0.15,0.25,0.2,0.05,0.05,0.2241936262742527,8.650742196959653e-53
0.35,0.05,0.15,0.05,0.15,0.25,0.22419357104715346,8.651255774246337e-53
0.4,0.05,0.2,0.05,0.25,0.05,0.2241286194098246,9.276765957208488e-53
0.2,0.05,0.3,0.2,0.1,0.15,0.22405439926332027,1.00468173413537e-52
0.4,0.15,0.2,0.1,0.1,0.05,0.2240536487933567,1.005491999848562e-52
0.4,0.1,0.15,0.05,0.05,0.25,0.22401912396946616,1.0434794978720466e-52
0.3,0.1,0.2,0.15,0.15,0.1,0.22399651876191923,1.0691223985246327e-52
0.4,0.05,0.2,0.2,0.1,0.05,0.2239844918443552,1.0830201588417715e-52
0.2,0.15,0.3,0.05,0.25,0.05,0.22394347821569677,1.131779925638777e-52
0.35,0.05,0.25,0.25,0.05,0.05,0.22388505488155697,1.2050339419936516e-52
0.25,0.05,0.3,0.25,0.1,0.05,0.22387339709242327,1.2202063336488253e-52
0.3,0.1,0.2,0.1,0.15,0.15,0.22385976486621453,1.2381897720882207e-52
0.3,0.05,0.15,0.05,0.05,0.4,0.22383771879036019,1.2678326156036353e-52
0.25,0.2,0.3,0.15,0.05,0.05,0.2237758157258181,1.3548970152985718e-52
0.2,0.2,0.3,0.1,0.1,0.1,0.2237366315208955,1.4130581836271344e-52
0.5,0.05,0.1,0.05,0.1,0.2,0.22371114803673445,1.4522102975004014e-52
0.3,0.05,0.2,0.2,0.05,0.2,0.22370390903140458,1.4635277453871194e-52
0.3,0.15,0.2,0.15,0.05,0.15,0.22364948747875155,1.5514689064501146e-52
0.2,0.05,0.35,0.25,0.1,0.05,0.22363157329417374,1.5815523577458532e-52
0.2,0.15,0.3,0.2,0.1,0.05,0.22361293801867016,1.613463035688309e-52
0.2,0.05,0.25,0.15,0.2,0.15,0.2236109788188962,1.6168549401008228e-52
0.35,0.15,0.2,0.05,0.1,0.15,0.2235921945652876,1.6497379805812084e-52
0.35,0.1,0.2,0.05,0.2,0.1,0.2235341030231727,1.755702828738663e-52
0.5,0.05,0.15,0.15,0.05,0.1,0.223516839290083,1.7884801914142264e-52
0.25,0.1,0.25,0.25,0.1,0.05,0.2235032309965025,1.8147459619871268e-52
0.45,0.05,0.15,0.15,0.05,0.15,0.2234489520509855,1.923387062487234e-52
0.55,0.05,0.1,0.1,0.05,0.15,0.22327260805426466,2.323038664276033e-52
0.2,0.05,0.3,0.2,0.15,0.1,0.2232618376282252,2.349966997392885e-52
0.7,0.05,0.05,0.05,0.1,0.05,0.22323973433164102,2.406206901420476e-52
0.55,0.1,0.15,0.1,0.05,0.05,0.22320252819799805,2.50391631117797e-52
0.2,0.1,0.2,0.05,0.15,0.3,0.223187294197522,2.545053823516087e-52
0.4,0.05,0.15,0.1,0.1,0.2,0.22318707957428813,2.545638166652182e-52
0.3,0.1,0.2,0.25,0.05,0.1,0.22317363790332032,2.58250242757372e-52
0.25,0.05,0.3,0.3,0.05,0.05,0.22316686835564226,2.6012688660174034e-52
0.2,0.1,0.25,0.15,0.2,0.1,0.22314333658516114,2.667565608517549e-52
0.4,0.05,0.15,0.1,0.05,0.25,0.2231407769650281,2.674877559635261e-52
0.2,0.25,0.3,0.05,0.05,0.15,0.2230176622349781,3.0511673898818526e-52
0.4,0.1,0.15,0.1,0.05,0.2,0.22297108633390417,3.2068761992719982e-52
0.2,0.05,0.3,0.1,0.3,0.05,0.22289145043610728,3.4916462597033846e-52
0.4,0.05,0.15,0.15,0.05,0.2,0.22288127804564686,3.5297894544514046e-52
0.55,0.05,0.1,0.05,0.15,0.1,0.22284858096046528,3.6552245754583435e-52
0.2,0.05,0.2,0.15,0.1,0.3,0.22284015812524482,3.688249333722503e-52
0.2,0.2,0.3,0.15,0.05,0.1,0.2228355248341055,3.706542269812334e-52
0.2,0.15,0.25,0.15,0.05,0.2,0.22283305079944277,3.716347091467216e-52
0.25,0.15,0.25,0.2,0.05,0.1,0.222820242687627,3.767521087983693e-52
0.45,0.2,0.2,0.05,0.05,0.05,0.22280592372508534,3.825562392449706e-52
0.45,0.1,0.15,0.1,0.05,0.15,0.22277708310223351,3.945182106765329e-52
0.2,0.05,0.3,0.25,0.1,0.1,0.2227691876582487,3.978573583835237e-52
0.45,0.1,0.15,0.15,0.05,0.1,0.2227667466874307,3.988953776944999e-52
0.5,0.05,0.15,0.1,0.15,0.05,0.2227430112936646,4.091304287257494e-52
0.35,0.05,0.2,0.05,0.25,0.1,0.22273437146550573,4.129205908393864e-52
0.3,0.2,0.25,0.1,0.1,0.05,0.22269997789689622,4.2835817833545984e-52
0.2,0.15,0.25,0.05,0.15,0.2,0.22266684073448176,4.437748881711596e-52
0.5,0.1,0.15,0.05,0.1,0.1,0.2225543430195517,5.003514306517493e-52
0.2,0.1,0.25,0.05,0.25,0.15,0.22227964919997814,6.705028142640908e-52
0.25,0.1,0.2,0.15,0.15,0.15,0.2221895979510202,7.379687399083805e-52
0.45,0.05,0.1,0.05,0.05,0.3,0.22217914675994854,7.462238554529417e-52
0.3,0.1,0.2,0.05,0.2,0.15,0.22211506655234226,7.988870401603334e-52
0.65,0.05,0.05,0.05,0.05,0.15,0.22209962059870555,8.121246729275744e-52
0.25,0.15,0.25,0.05,0.2,0.1,0.22209678181233133,8.145812394552712e-52
0.25,0.05,0.2,0.2,0.05,0.25,0.22208898779729952,8.213639489829457e-52
0.5,0.05,0.15,0.15,0.1,0.05,0.22200493904122495,8.981764556264344e-52
0.2,0.15,0.3,0.15,0.15,0.05,0.22195827809248003,9.438643488056236e-52
0.25,0.05,0.25,0.2,0.05,0.2,0.2219257156109489,9.771110430838957e-52
0.35,0.05,0.15,0.15,0.05,0.25,0.22181064041738166,1.104220091794965e-51
0.45,0.05,0.15,0.05,0.2,0.1,0.22177926980306623,1.1416400216630063e-51
0.2,0.2,0.3,0.05,0.15,0.1,0.2217304063585253,1.2024553889330767e-51
0.25,0.05,0.25,0.1,0.3,0.05,0.22166097327033552,1.2944575103690022e-51
0.5,0.1,0.15,0.1,0.05,0.1,0.22160087638806147,1.3797245941645206e-51
0.35,0.05,0.2,0.2,0.1,0.1,0.22159794242071504,1.3840276022415287e-51
0.45,0.05,0.15,0.15,0.1,0.1,0.22159468037306307,1.3888274617639468e-51
0.25,0.15,0.25,0.25,0.05,0.05,0.22159125252075149,1.3938891444730566e-51
0.2,0.1,0.2,0.2,0.05,0.25,0.22152425771176718,1.4965858002475308e-51
0.35,0.05,0.15,0.1,0.1,0.25,0.22150419278614114,1.52878425630535e-51
0.45,0.1,0.15,0.2,0.05,0.05,0.22150196387989712,1.5324032931620024e-51
0.35,0.15,0.2,0.2,0.05,0.05,0.2214777623161296,1.572252171551878e-51
0.2,0.05,0.25,0.2,0.05,0.25,0.22146214198689718,1.5985176520849805e-51
0.2,0.05,0.2,0.1,0.2,0.25,0.22142470707482148,1.6632553071709318e-51
0.6,0.05,0.1,0.1,0.1,0.05,0.22140341057369964,1.701241905271381e-51
0.3,0.05,0.2,0.05,0.25,0.15,0.2213205902862457,1.857357267991541e-51
0.3,0.2,0.25,0.05,0.1,0.1,0.22123078210053926,2.042792826348255e-51
0.3,0.15,0.25,0.1,0.15,0.05,0.22121899755745036,2.0684550939275972e-51
0.4,0.1,0.15,0.15,0.05,0.15,0.22111300229942316,2.3141827641738045e-51
0.4,0.2,0.2,0.05,0.05,0.1,0.2210829528746629,2.388987980768481e-51
0.35,0.1,0.15,0.05,0.05,0.3,0.2210484143223265,2.477945648440096e-51
0.45,0.05,0.15,0.1,0.15,0.1,0.2210440076833743,2.4895300281855862e-51
0.2,0.05,0.25,0.05,0.35,0.1,0.22103182864329618,2.5218279818586026e-51
0.3,0.1,0.2,0.2,0.15,0.05,0.22093533233256374,2.792916926221977e-51
0.3,0.05,0.2,0.2,0.1,0.15,0.22083431010345872,3.1078329143774114e-51
0.3,0.05,0.15,0.05,0.1,0.35,0.22082945966609446,3.1238120098528976e-51
0.35,0.05,0.15,0.15,0.1,0.2,0.22080314521937444,3.211937235261922e-51
0.2,0.1,0.25,0.1,0.25,0.1,0.220768119602582,3.333085556557339e-51
0.25,0.2,0.25,0.1,0.05,0.15,0.2207552332535828,3.3787928781452975e-51
0.25,0.1,0.25,0.05,0.3,0.05,0.220749745731372,3.398445776275197e-51
0.35,0.05,0.2,0.15,0.2,0.05,0.2207385238772458,3.4389904295509307e-51
0.25,0.1,0.2,0.05,0.2,0.2,0.22067586420295032,3.6743906633174003e-51
0.4,0.05,0.15,0.15,0.1,0.15,0.22062305160447854,3.885205190315697e-51
0.4,0.05,0.15,0.1,0.15,0.15,0.22059959219809058,3.982669859123014e-51
0.2,0.1,0.25,0.2,0.15,0.1,0.22056543174798293,4.1289608563818335e-51
0.2,0.15,0.3,0.1,0.2,0.05,0.22052841425180358,4.2935300841764553e-51
0.25,0.1,0.2,0.15,0.1,0.2,0.2205024227885184,4.4129661205305523e-51
0.35,0.05,0.15,0.1,0.05,0.3,0.2204470890634872,4.678362358106506e-51
0.25,0.05,0.25,0.05,0.35,0.05,0.2203555289068263,5.152842973665036e-51
0.25,0.05,0.25,0.15,0.25,0.05,0.22031066052345183,5.40254928504845e-51
0.2,0.05,0.2,0.1,0.1,0.35,0.22027141158255084,5.630835585739432e-51
0.2,0.05,0.2,0.15,0.15,0.25,0.2202643986140275,5.672625031569884e-51
0.35,0.1,0.15,0.1,0.05,0.25,0.220230175973027,5.88102442002205e-51
0.2,0.1,0.25,0.15,0.25,0.05,0.22022269384268137,5.927592458276747e-51
0.2,0.1,0.2,0.1,0.1,0.3,0.22009775246958166,6.761737119143067e-51
0.25,0.05,0.2,0.2,0.1,0.2,0.22001226413576427,7.398811176410218e-51
0.3,0.15,0.2,0.1,0.1,0.15,0.21998555613989793,7.60983399898239e-51
0.25,0.05,0.25,0.2,0.1,0.15,0.21996471845598795,7.778625723578218e-51
0.25,0.15,0.25,0.15,0.1,0.1,0.21996404440470493,7.784147523620999e-51
0.3,0.05,0.2,0.15,0.2,0.1,0.21995805066145033,7.833419916763666e-51
0.5,0.05,0.1,0.1,0.05,0.2,0.21993390012148778,8.035117835314246e-51
0.2,0.05,0.2,0.1,0.05,0.4,0.21991312479758882,8.212757381429091e-51
0.45,0.1,0.15,0.15,0.1,0.05,0.21989274423532565,8.39081859135506e-51
0.2,0.05,0.25,0.2,0.1,0.2,0.21978141347798236,9.433516265812629e-51
0.4,0.15,0.2,0.05,0.15,0.05,0.21969906005937523,1.0286897955506735e-50
0.2,0.1,0.2,0.1,0.05,0.35,0.21969635000092133,1.0316249912759627e-50
0.25,0.1,0.2,0.1,0.15,0.2,0.21969348511605355,1.0347369393344146e-50
0.2,0.2,0.3,0.05,0.2,0.05,0.21959697295415928,1.1452129886852989e-50
0.45,0.1,0.15,0.05,0.1,0.15,0.21954718768430492,1.206713591246284e-50
0.35,0.15,0.2,0.1,0.1,0.1,0.21954244396387307,1.2127423896594784e-50
0.25,0.15,0.2,0.15,0.05,0.2,0.21952752181181656,1.2319031201743348e-50
0.25,0.05,0.25,0.2,0.15,0.1,0.21952334846403915,1.2373156015335647e-50
0.4,0.1,0.15,0.05,0.1,0.2,0.21947810970291545,1.2975271229358878e-50
0.2,0.1,0.25,0.25,0.1,0.1,0.2194431344012987,1.346069465436342e-50
0.2,0.05,0.3,0.25,0.15,0.05,0.2193560035306565,1.4750025848340451e-50
0.2,0.05,0.25,0.1,0.3,0.1,0.21935451262603287,1.4773125083164576e-50
0.35,0.05,0.2,0.1,0.25,0.05,0.2193479280488902,1.4875574193186833e-50
0.25,0.25,0.3,0.05,0.1,0.05,0.21926321200646395,1.6258481815202937e-50
0.25,0.05,0.2,0.15,0.2,0.15,0.21924221089961812,1.6620648316308916e-50
0.3,0.05,0.15,0.15,0.1,0.25,0.21920054183478474,1.7363175623571808e-50
0.25,0.25,0.3,0.1,0.05,0.05,0.21920003196982044,1.7372462728982555e-50
0.25,0.05,0.25,0.2,0.2,0.05,0.2191980604116186,1.7408420876096342e-50
0.25,0.05,0.2,0.05,0.25,0.2,0.21918382671826392,1.7670228397814965e-50
0.35,0.05,0.2,0.2,0.15,0.05,0.21917409974160348,1.785139188478306e-50
0.6,0.1,0.1,0.05,0.05,0.1,0.21905409781751142,2.0244472066887824e-50
0.25,0.2,0.25,0.1,0.1,0.1,0.2190396511559239,2.0553297858234494e-50
0.2,0.05,0.3,0.3,0.05,0.1,0.21901338778633714,2.1126787404062558e-50
0.2,0.1,0.2,0.05,0.2,0.25,0.21900384362239414,2.133911661995854e-50
0.5,0.05,0.1,0.05,0.15,0.15,0.21900212877880706,2.1377491239021828e-50
0.4,0.05,0.15,0.05,0.2,0.15,0.21900163795322405,2.13884875276994e-50
0.55,0.05,0.1,0.1,0.1,0.1,0.21897122013067738,2.2081057310247917e-50
0.3,0.15,0.2,0.05,0.1,0.2,0.21885318322690606,2.4986506821227066e-50
0.4,0.2,0.2,0.1,0.05,0.05,0.2188077483419523,2.620365475861502e-50
0.2,0.1,0.25,0.3,0.05,0.1,0.2187415568764918,2.8083193924425876e-50
0.25,0.1,0.25,0.3,0.05,0.05,0.21871758854445358,2.8796378696151645e-50
0.3,0.1,0.2,0.15,0.2,0.05,0.21869222277634848,2.957078403757761e-50
0.2,0.05,0.25,0.25,0.05,0.2,0.2185652504528796,3.376998903693535e-50
0.2,0.1,0.2,0.15,0.05,0.3,0.21850362680756155,3.601686194010729e-50
0.25,0.2,0.25,0.05,0.1,0.15,0.2184742985288317,3.7137857640796736e-50
0.35,0.1,0.15,0.15,0.05,0.2,0.21843546639854292,3.867570646861196e-50
0.3,0.05,0.2,0.1,0.25,0.1,0.21841329823174982,3.9581868116698274e-50
0.2,0.3,0.35,0.05,0.05,0.05,0.218397690804775,4.0232493013449358e-50
0.2,0.15,0.2,0.05,0.05,0.35,0.21836391918007605,4.1676986087077058e-50
0.25,0.1,0.2,0.2,0.1,0.15,0.2183273412257342,4.329978564783103e-50
0.25,0.05,0.25,0.25,0.05,0.15,0.21828880425929995,4.507755910303779e-50
0.35,0.1,0.2,0.1,0.2,0.05,0.21827473220139515,4.574467520009533e-50
0.35,0.15,0.2,0.05,0.15,0.1,0.2182726725713567,4.584313720226101e-50
0.3,0.05,0.2,0.2,0.15,0.1,0.2182541148068073,4.673986970153872e-50
0.65,0.05,0.05,0.05,0.1,0.1,0.2182189423928015,4.848761009688811e-50
0.45,0.1,0.15,0.1,0.1,0.1,0.21821389871234956,4.874350958552701e-50
0.2,0.05,0.25,0.15,0.25,0.1,0.21799298731749553,6.137435906130161e-50
0.3,0.15,0.2,0.15,0.1,0.1,0.2179567953656765,6.373396590181532e-50
0.2,0.25,0.3,0.05,0.1,0.1,0.2178782327737078,6.917127047336525e-50
0.5,0.1,0.15,0.1,0.1,0.05,0.21782953285218262,7.277105884052454e-50
0.3,0.05,0.15,0.1,0.1,0.3,0.21782721184091144,7.294720187273542e-50
0.35,0.05,0.15,0.1,0.15,0.2,0.21775371645410377,7.874972589304125e-50
0.5,0.05,0.1,0.1,0.1,0.15,0.21774187335181408,7.972679240639405e-50
0.2,0.2,0.3,0.1,0.15,0.05,0.2175967709100078,9.272380857011495e-50
0.25,0.15,0.2,0.05,0.1,0.25,0.21753060197027846,9.933083831987387e-50
0.45,0.05,0.1,0.05,0.1,0.25,0.21752161388194752,1.0026372689207275e-49
0.2,0.15,0.25,0.2,0.05,0.15,0.21750765031252853,1.017303528595939e-49
0.4,0.1,0.15,0.2,0.05,0.1,0.21746727926728326,1.0609180228711956e-49
0.35,0.2,0.2,0.1,0.05,0.1,0.21746159918805485,1.0672019608141638e-49
0.3,0.05,0.2,0.25,0.05,0.15,0.21742541587343425,1.1081106817025618e-49
0.4,0.05,0.2,0.25,0.05,0.05,0.21742389257748337,1.1098667335708344e-49
0.3,0.1,0.2,0.1,0.2,0.1,0.2173255698131349,1.229270912136025e-49
0.25,0.15,0.25,0.05,0.25,0.05,0.21731426627702266,1.2437924462554271e-49
0.5,0.05,0.15,0.2,0.05,0.05,0.21724103977100406,1.3420902150191022e-49
0.35,0.15,0.2,0.15,0.1,0.05,0.2172355899738413,1.3497077029218338e-49
0.2,0.2,0.3,0.2,0.05,0.05,0.21721786589631065,1.3747804079376541e-49
0.3,0.05,0.25,0.25,0.05,0.1,0.2171960964083945,1.4062109026128378e-49
0.25,0.05,0.2,0.1,0.25,0.15,0.217163155932381,1.4551346943291694e-49
0.5,0.1,0.15,0.05,0.15,0.05,0.2171231672894308,1.5168080421106296e-49
0.35,0.1,0.15,0.05,0.1,0.25,0.21706413950855954,1.612629282337003e-49
0.2,0.15,0.25,0.15,0.1,0.15,0.2170468895122534,1.6417523820358747e-49
0.4,0.1,0.15,0.15,0.1,0.1,0.21698222132630438,1.7556669829814507e-49
0.3,0.1,0.15,0.05,0.05,0.35,0.21695642648988092,1.8032696043204722e-49
0.25,0.15,0.25,0.15,0.15,0.05,0.21695483765277937,1.80624333583658e-49
0.3,0.05,0.15,0.15,0.05,0.3,0.21693641010105166,1.8410916783918626e-49
0.35,0.2,0.2,0.05,0.05,0.15,0.21692272711139926,1.8673996892195605e-49
0.6,0.05,0.05,0.05,0.05,0.2,0.21680192140032054,2.116515245811624e-49
0.25,0.05,0.2,0.2,0.15,0.15,0.21679750370040823,2.126226509447728e-49
0.2,0.1,0.25,0.2,0.2,0.05,0.21674600269251193,2.242764222714235e-49
0.3,0.2,0.25,0.15,0.05,0.05,0.21669149791296077,2.3730276321955632e-49
0.2,0.05,0.2,0.1,0.25,0.2,0.21668939867315803,2.3781925358120933e-49
0.2,0.1,0.2,0.2,0.1,0.2,0.21662470698340353,2.5429614790171684e-49
0.55,0.15,0.15,0.05,0.05,0.05,0.21660521972044358,2.594786473656322e-49
0.35,0.05,0.15,0.15,0.15,0.15,0.21659929713691436,2.6107444373495223e-49
0.25,0.15,0.25,0.2,0.1,0.05,0.21659172926686648,2.631277709973523e-49
0.5,0.15,0.15,0.1,0.05,0.05,0.21659010184914138,2.635714199145366e-49
0.3,0.15,0.2,0.2,0.05,0.1,0.21656950680450002,2.6925055218176515e-49
0.35,0.1,0.2,0.05,0.25,0.05,0.21654791057266004,2.7533659177768113e-49
0.2,0.05,0.3,0.35,0.05,0.05,0.21651749958649558,2.841395145078219e-49
0.35,0.05,0.2,0.05,0.3,0.05,0.2164051302630635,3.1916553329376034e-49
0.45,0.05,0.1,0.1,0.05,0.25,0.21639263442728063,3.233167816136829e-49
0.25,0.1,0.2,0.15,0.2,0.1,0.2163423778028181,3.4056221931301068e-49
0.2,0.1,0.2,0.15,0.15,0.2,0.21622813341074196,3.832461252226116e-49
0.2,0.15,0.25,0.05,0.2,0.15,0.2162011831924915,3.940675898852402e-49
0.25,0.1,0.2,0.25,0.05,0.15,0.21608244476084196,4.454826471722248e-49
0.3,0.1,0.15,0.1,0.05,0.3,0.21605591995984957,4.57850958007844e-49
0.2,0.05,0.2,0.05,0.25,0.25,0.21602738137731986,4.7154010740332264e-49
0.4,0.05,0.15,0.2,0.05,0.15,0.21599146962099017,4.893460645157893e-49
0.35,0.05,0.2,0.25,0.05,0.1,0.21597432421799442,4.980816103443835e-49
0.6,0.05,0.1,0.15,0.05,0.05,0.2159706085626932,4.999950922326474e-49
0.3,0.05,0.15,0.05,0.15,0.3,0.21596475339999485,5.030252305608032e-49
0.4,0.1,0.15,0.2,0.1,0.05,0.2159207270782149,5.264025158812852e-49
0.2,0.2,0.25,0.1,0.05,0.2,0.21591020678175887,5.321467955043484e-49
0.2,0.1,0.2,0.1,0.15,0.25,0.21586695844559547,5.564238448445613e-49
0.2,0.15,0.25,0.25,0.05,0.1,0.21586052509485856,5.601281100440827e-49
0.2,0.05,0.2,0.2,0.1,0.25,0.21585940511427906,5.607754880429301e-49
0.2,0.1,0.25,0.1,0.3,0.05,0.2157974584001718,5.977661801350519e-49
0.25,0.15,0.25,0.1,0.15,0.1,0.21569582391096445,6.637869706406057e-49
0.25,0.15,0.2,0.1,0.1,0.2,0.21557134803824088,7.54604572807027e-49
0.4,0.05,0.15,0.15,0.15,0.1,0.2155418635165176,7.778676872893587e-49
0.2,0.2,0.25,0.1,0.1,0.15,0.21552998561758066,7.874396944092648e-49
0.3,0.2,0.2,0.1,0.05,0.15,0.21550240523854922,8.101202728718423e-49
0.25,0.05,0.25,0.3,0.05,0.1,0.2154875040976182,8.226434254679009e-49
0.3,0.05,0.2,0.15,0.25,0.05,0.2154735669469822,8.345307029208189e-49
0.3,0.05,0.25,0.3,0.05,0.05,0.21529871307097725,9.990208499044662e-49
0.25,0.05,0.2,0.15,0.25,0.1,0.215288158798519,1.0099234273689845e-48
0.2,0.05,0.25,0.2,0.2,0.1,0.2152353572352312,1.0662710875245873e-48
0.45,0.05,0.15,0.2,0.05,0.1,0.2152087655362646,1.0958222159303179e-48
0.2,0.15,0.25,0.15,0.15,0.1,0.21519565925173145,1.1106855248124611e-48
0.55,0.1,0.1,0.05,0.05,0.15,0.2151938630336187,1.1127381130376996e-48
0.35,0.25,0.25,0.05,0.05,0.05,0.21516132356426834,1.1505822845130431e-48
0.2,0.05,0.2,0.15,0.2,0.2,0.21512717334147016,1.1916777441711584e-48
0.25,0.2,0.25,0.15,0.05,0.1,0.2150716653081273,1.2616133864128587e-48
0.25,0.05,0.15,0.15,0.1,0.3,0.21499501637061796,1.3649454871978402e-48
0.2,0.05,0.25,0.3,0.05,0.15,0.21497085680142788,1.399229200628149e-48
0.45,0.05,0.15,0.15,0.15,0.05,0.2149520541004703,1.4265030234297872e-48
0.2,0.05,0.2,0.15,0.05,0.35,0.2148915666089841,1.5178810310585037e-48
0.2,0.1,0.2,0.15,0.1,0.25,0.21488406272055804,1.5296157829279033e-48
0.25,0.1,0.2,0.1,0.2,0.15,0.2148357525790784,1.6073558777020324e-48
0.4,0.1,0.15,0.1,0.1,0.15,0.21477726213611756,1.706756608483639e-48
0.2,0.05,0.25,0.2,0.15,0.15,0.21472297583157426,1.8044761574936333e-48
0.4,0.1,0.15,0.15,0.15,0.05,0.21469087532038625,1.864858335636165e-48
0.3,0.1,0.2,0.25,0.1,0.05,0.21461252473568,2.0208144327109543e-48
0.3,0.05,0.15,0.1,0.05,0.35,0.2145392759266982,2.178327955424697e-48
0.3,0.25,0.25,0.05,0.05,0.1,0.2144916191326034,2.2873086114398917e-48
0.3,0.1,0.2,0.05,0.25,0.1,0.21447763798369143,2.3202977086732005e-48
0.3,0.2,0.25,0.05,0.15,0.05,0.2144641190214111,2.3526463736211037e-48
0.2,0.15,0.25,0.1,0.15,0.15,0.21442028069100344,2.4606631218645842e-48
0.55,0.05,0.1,0.15,0.05,0.1,0.21438384706151925,2.55417940784934e-48
0.35,0.1,0.15,0.15,0.1,0.15,0.21430441692572874,2.7704959018582147e-48
0.2,0.25,0.3,0.1,0.1,0.05,0.21425181192150855,2.9236960647036775e-48
0.2,0.05,0.25,0.15,0.3,0.05,0.21420643266960696,3.062606535754312e-48
0.45,0.05,0.1,0.1,0.1,0.2,0.2141937076592398,3.1027247296646746e-48
0.35,0.1,0.15,0.2,0.05,0.15,0.21413407133146314,3.2978198835690774e-48
0.35,0.05,0.15,0.05,0.2,0.2,0.2141058147490921,3.394474099532893e-48
0.25,0.1,0.15,0.05,0.05,0.4,0.21403780255738705,3.638829277436781e-48
0.2,0.1,0.25,0.05,0.3,0.1,0.21401791679010404,3.7135269916483134e-48
0.25,0.1,0.2,0.2,0.15,0.1,0.21394455039155266,4.0025559730196504e-48
0.3,0.05,0.25,0.25,0.1,0.05,0.21392080025597893,4.100833670440676e-48
0.7,0.05,0.05,0.1,0.05,0.05,0.21389900572418252,4.193130115159071e-48
0.2,0.25,0.3,0.1,0.05,0.1,0.21389440430162293,4.212879123332648e-48
0.4,0.1,0.15,0.25,0.05,0.05,0.21389295541984066,4.219116768897677e-48
0.6,0.05,0.05,0.05,0.1,0.15,0.21388825964670669,4.239395974570686e-48
0.35,0.05,0.15,0.1,0.2,0.15,0.21379637167633694,4.656328515445133e-48
0.45,0.05,0.15,0.1,0.2,0.05,0.21378409395695663,4.7150428790376925e-48
0.2,0.15,0.25,0.25,0.1,0.05,0.21378382806173565,4.716322556286491e-48
0.5,0.05,0.1,0.15,0.05,0.15,0.21373067066605403,4.9792196102647807e-48
0.6,0.1,0.1,0.05,0.1,0.05,0.21364169868306188,5.452262881361398e-48
0.3,0.1,0.2,0.1,0.25,0.05,0.2135352397320041,6.077371360094528e-48
0.25,0.05,0.15,0.05,0.05,0.45,0.21352164131787907,6.162191383062589e-48
0.35,0.1,0.15,0.15,0.15,0.1,0.21346608564433706,6.521130029734076e-48
0.35,0.15,0.2,0.05,0.2,0.05,0.21341723959012657,6.853860681559624e-48
0.6,0.1,0.1,0.1,0.05,0.05,0.21339861917257194,6.985100246585998e-48
0.2,0.05,0.3,0.3,0.1,0.05,0.2133248204145944,7.53030108974852e-48
0.2,0.1,0.25,0.25,0.15,0.05,0.21330712401731475,7.667208571584496e-48
0.35,0.05,0.15,0.2,0.05,0.2,0.2132856357341297,7.836785324923793e-48
0.3,0.05,0.15,0.1,0.15,0.25,0.21321191702670178,8.447408626230538e-48
0.25,0.05,0.15,0.05,0.1,0.4,0.21316801913609965,8.83327359692888e-48
0.25,0.05,0.15,0.1,0.05,0.4,0.2131549318690257,8.951669045854166e-48
0.25,0.05,0.15,0.05,0.15,0.35,0.21311138944918134,9.357062929673304e-48
0.2,0.15,0.2,0.1,0.05,0.3,0.21309661541414557,9.498723323152456e-48
0.25,0.15,0.25,0.1,0.2,0.05,0.21309272165874196,9.53641246686995e-48
0.3,0.05,0.2,0.2,0.2,0.05,0.21308560278701447,9.605703849995507e-48
0.4,0.05,0.15,0.2,0.1,0.1,0.21304453946663948,1.001528365366659e-47
0.45,0.05,0.15,0.05,0.25,0.05,0.21299726381253128,1.0508387000775336e-47
0.2,0.2,0.3,0.15,0.1,0.05,0.21297922412848744,1.0702851105691338e-47
0.5,0.15,0.15,0.05,0.05,0.1,0.2129325033756414,1.1223297001012285e-47
0.2,0.15,0.2,0.1,0.1,0.25,0.21290801395958284,1.150607764316324e-47
0.2,0.25,0.3,0.15,0.05,0.05,0.21290031213513766,1.1596467930194644e-47
0.25,0.05,0.15,0.1,0.1,0.35,0.21289460221377574,1.1663936554418855e-47
0.45,0.05,0.1,0.05,0.15,0.2,0.2128646003569713,1.2024909426466454e-47
0.2,0.15,0.25,0.3,0.05,0.05,0.21285755866241593,1.2111230787660463e-47
0.4,0.05,0.15,0.1,0.2,0.1,0.2127825824469203,1.306945149283206e-47
0.55,0.05,0.1,0.05,0.2,0.05,0.21274787773290904,1.3538170352938037e-47
0.2,0.15,0.2,0.15,0.05,0.25,0.21270119689358577,1.4195119061585154e-47
0.2,0.2,0.25,0.05,0.1,0.2,0.212621736690306,1.5387125198335277e-47
0.3,0.15,0.2,0.25,0.05,0.05,0.2125962291132255,1.5790496075654727e-47
0.25,0.2,0.25,0.05,0.15,0.1,0.2125626412682785,1.6337736355343215e-47
0.3,0.05,0.2,0.05,0.3,0.1,0.21245354423434787,1.8248777750772162e-47
0.2,0.05,0.2,0.2,0.05,0.3,0.21238266899022423,1.9607851940057177e-47
0.35,0.15,0.2,0.1,0.15,0.05,0.2123464393481455,2.0341004166410185e-47
0.2,0.15,0.25,0.2,0.15,0.05,0.21232911788035047,2.070110015851082e-47
0.2,0.1,0.2,0.1,0.2,0.2,0.21232479634242998,2.0791924831147924e-47
0.2,0.1,0.2,0.15,0.2,0.15,0.2123224941335051,2.0840471530274148e-47
0.4,0.2,0.2,0.05,0.1,0.05,0.21229996549988264,2.132152503563464e-47
0.3,0.05,0.15,0.1,0.2,0.2,0.21227436429561355,2.1881610281751091e-47
0.25,0.1,0.2,0.2,0.2,0.05,0.2122587685257063,2.2229953478273947e-47
0.25,0.05,0.2,0.2,0.2,0.1,0.21221983869901773,2.312374351211807e-47
0.65,0.05,0.05,0.1,0.05,0.1,0.21221240843166178,2.3298354785262794e-47
0.2,0.15,0.25,0.1,0.2,0.1,0.21221099822850012,2.3331642371610326e-47
0.4,0.15,0.15,0.15,0.05,0.1,0.21218555215411572,2.394048836268782e-47
0.3,0.2,0.2,0.05,0.05,0.2,0.2121726115544983,2.4256154402712583e-47
0.3,0.15,0.2,0.2,0.1,0.05,0.21212173706639068,2.5537814607414873e-47
0.45,0.05,0.15,0.2,0.1,0.05,0.212099990626653,2.610601361961698e-47
0.3,0.1,0.15,0.15,0.05,0.25,0.21204955554512273,2.7472677966466774e-47
0.4,0.15,0.15,0.1,0.05,0.15,0.2120406700968457,2.77207220859201e-47
0.3,0.05,0.15,0.15,0.15,0.2,0.21202005311713604,2.830487751468792e-47
0.25,0.05,0.25,0.25,0.1,0.1,0.21200433121949125,2.8758553645504365e-47
0.3,0.05,0.2,0.25,0.1,0.1,0.21198362949259192,2.9366982012809726e-47
0.3,0.15,0.2,0.05,0.15,0.15,0.21196424885168433,2.994818418885295e-47
0.45,0.15,0.15,0.1,0.05,0.1,0.2119592883780348,3.0098773256733823e-47
0.2,0.05,0.25,0.2,0.25,0.05,0.2119527734480787,3.0297697260845547e-47
0.2,0.05,0.25,0.25,0.1,0.15,0.21191845052218247,3.1367498055359356e-47
0.2,0.1,0.2,0.2,0.15,0.15,0.21188169651748281,3.255476940086481e-47
0.45,0.1,0.15,0.05,0.15,0.1,0.21183716515807796,3.4053323479348436e-47
0.45,0.15,0.15,0.05,0.05,0.15,0.21181080565273738,3.497249617985456e-47
0.35,0.05,0.2,0.25,0.1,0.05,0.2117143858189651,3.8550007554937697e-47
0.2,0.05,0.25,0.05,0.4,0.05,0.21170394321982547,3.895867833944793e-47
0.2,0.05,0.2,0.2,0.15,0.2,0.21168695771311952,3.963263276122608e-47
0.25,0.15,0.2,0.15,0.1,0.15,0.21167617792472507,4.00663593332065e-47
0.4,0.15,0.15,0.05,0.05,0.2,0.21167102667731325,4.0275284943525085e-47
0.35,0.1,0.15,0.2,0.1,0.1,0.21165711779490942,4.0844835155056913e-47
0.45,0.1,0.15,0.1,0.15,0.05,0.21165180505387002,4.106449361118081e-47
0.2,0.1,0.25,0.3,0.1,0.05,0.211619539960376,4.2423984293899807e-47
0.25,0.2,0.25,0.2,0.05,0.05,0.21158507808667326,4.392552075215384e-47
0.4,0.05,0.1,0.1,0.05,0.3,0.2115118345952647,4.729469617722105e-47
0.4,0.05,0.1,0.05,0.1,0.3,0.21144776867640433,5.045177429399656e-47
0.2,0.15,0.25,0.15,0.2,0.05,0.2114282672309519,5.145377001738253e-47
0.25,0.15,0.2,0.2,0.05,0.15,0.21140963770608515,5.242944958000776e-47
0.55,0.1,0.1,0.1,0.05,0.1,0.2113937997693347,5.327338738884898e-47
0.35,0.1,0.15,0.25,0.05,0.1,0.21139291230342921,5.332107461845513e-47
0.35,0.2,0.2,0.15,0.05,0.05,0.21133842206771614,5.633188930212292e-47
0.25,0.05,0.2,0.25,0.05,0.2,0.2113191727762337,5.743543595619643e-47
0.45,0.15,0.15,0.15,0.05,0.05,0.21129539267089947,5.8828470874524e-47
0.35,0.1,0.15,0.1,0.1,0.2,0.21127606553009412,5.998537407112708e-47
0.3,0.25,0.25,0.1,0.05,0.05,0.21127047141794403,6.032443628030513e-47
0.25,0.1,0.15,0.1,0.05,0.35,0.21115349660706192,6.786777762308112e-47
0.4,0.1,0.15,0.1,0.15,0.1,0.21110117273976287,7.1538962891272555e-47
0.35,0.2,0.2,0.1,0.1,0.05,0.21108071356040084,7.302757875675631e-47
0.2,0.15,0.2,0.05,0.1,0.3,0.2110493124381348,7.537249490807887e-47
0.25,0.05,0.25,0.25,0.15,0.05,0.210956092662728,8.27842806622127e-47
0.5,0.1,0.1,0.05,0.05,0.2,0.21094929610211027,8.335219941272481e-47
0.25,0.2,0.25,0.1,0.15,0.05,0.21094111521959727,8.404093471055878e-47
0.2,0.05,0.2,0.15,0.25,0.15,0.2109214126075426,8.572299246172668e-47
0.3,0.05,0.15,0.05,0.2,0.25,0.21091432208522665,8.633648742857827e-47
0.25,0.1,0.2,0.05,0.25,0.15,0.21079439809936212,9.73999201004418e-47
0.35,0.05,0.15,0.2,0.1,0.15,0.2107715696662737,9.966045588527415e-47
0.35,0.15,0.15,0.1,0.05,0.2,0.210718625512651,1.0510604618442783e-46
0.35,0.05,0.15,0.15,0.2,0.1,0.2105741659239962,1.2151723690845266e-46
0.25,0.25,0.25,0.05,0.05,0.15,0.21052430680588582,1.2775399904189985e-46
0.25,0.05,0.15,0.15,0.05,0.35,0.21052385942756385,1.2781137815342774e-46
0.45,0.05,0.1,0.15,0.05,0.2,0.2104957613128249,1.3146698653653745e-46
0.2,0.05,0.25,0.3,0.1,0.1,0.21048769676466939,1.325352783602281e-46
0.3,0.1,0.15,0.2,0.05,0.2,0.21046399897344237,1.3572470333391426e-46
0.4,0.05,0.1,0.05,0.05,0.35,0.21045522602564667,1.3692470018641064e-46
0.3,0.15,0.2,0.1,0.15,0.1,0.2104420334812425,1.3874912523680027e-46
0.2,0.1,0.25,0.35,0.05,0.05,0.21043383626325848,1.3989489705230399e-46
0.2,0.2,0.25,0.15,0.05,0.15,0.21040394323192282,1.4415354388136477e-46
0.2,0.25,0.3,0.05,0.15,0.05,0.21038655310956866,1.466900745820075e-46
0.25,0.1,0.2,0.15,0.25,0.05,0.21038510661736937,1.4690305015986605e-46
0.3,0.15,0.2,0.15,0.15,0.05,0.21032966712944964,1.5530176947808203e-46
0.2,0.15,0.25,0.05,0.25,0.1,0.21032111441713278,1.5663930878993144e-46
0.25,0.2,0.2,0.1,0.05,0.2,0.21031352566920034,1.5783568809449412e-46
0.25,0.15,0.2,0.05,0.15,0.2,0.21026397130931412,1.658746502988421e-46
0.2,0.05,0.25,0.1,0.35,0.05,0.21016567862542263,1.830450857118279e-46
0.25,0.05,0.2,0.05,0.3,0.15,0.21005987162506495,2.0350835230305642e-46
0.3,0.1,0.15,0.05,0.1,0.3,0.21000684610696715,2.1460407195239784e-46
0.3,0.05,0.2,0.1,0.3,0.05,0.2099492561728236,2.273375460776768e-46
0.3,0.25,0.25,0.05,0.1,0.05,0.20993300767535777,2.3106423307550916e-46
0.55,0.05,0.05,0.05,0.05,0.25,0.20984273408399148,2.5290338098507626e-46
0.25,0.1,0.2,0.1,0.25,0.1,0.20976242265804845,2.7405192321856088e-46
0.2,0.15,0.25,0.2,0.1,0.1,0.20975714387678504,2.75502062740574e-46
0.2,0.05,0.25,0.25,0.15,0.1,0.20974376841627151,2.7921071669263382e-46
0.3,0.1,0.15,0.15,0.1,0.2,0.2097189859867097,2.862139653574941e-46
0.25,0.3,0.3,0.05,0.05,0.05,0.2096795929308644,2.9770738145580607e-46
0.3,0.1,0.15,0.15,0.15,0.15,0.20963404314964107,3.1157055910518104e-46
0.25,0.05,0.15,0.15,0.15,0.25,0.2095336862821098,3.4442204627657053e-46
0.2,0.1,0.2,0.25,0.05,0.2,0.20950608497777023,3.540465415885875e-46
0.55,0.1,0.1,0.15,0.05,0.05,0.20946655767503486,3.682973170242617e-46
0.25,0.05,0.25,0.3,0.1,0.05,0.20935135394103357,4.131697223556084e-46
0.55,0.05,0.1,0.1,0.15,0.05,0.20935057088163808,4.134926259074863e-46
0.25,0.05,0.25,0.35,0.05,0.05,0.20933383862611346,4.2045267491283595e-46
0.35,0.1,0.15,0.1,0.15,0.15,0.20931919393076304,4.2663993865260505e-46
0.2,0.15,0.2,0.05,0.15,0.25,0.20926404026643539,4.507657603669112e-46
0.3,0.2,0.2,0.1,0.1,0.1,0.20920453441046938,4.783192011228707e-46
0.25,0.05,0.15,0.1,0.15,0.3,0.2091905355639644,4.8504090551301125e-46
0.25,0.1,0.2,0.25,0.1,0.1,0.2091797980257365,4.90260263608618e-46
0.2,0.05,0.15,0.05,0.05,0.5,0.20916346378433814,4.983074334214617e-46
0.4,0.05,0.15,0.05,0.25,0.1,0.20915372046413322,5.0316996917378306e-46
0.3,0.1,0.15,0.2,0.1,0.15,0.2091306512540054,5.148719804578084e-46
0.25,0.2,0.25,0.05,0.2,0.05,0.20898261785642336,5.966793259625238e-46
0.3,0.05,0.15,0.2,0.05,0.25,0.2089562377250167,6.125595702676015e-46
0.35,0.15,0.15,0.05,0.05,0.25,0.2089482717121269,6.174370687031887e-46
0.4,0.05,0.15,0.15,0.2,0.05,0.20888997200676818,6.543290304064259e-46
0.2,0.05,0.15,0.05,0.1,0.45,0.20886040002170492,6.738721653722321e-46
0.4,0.05,0.1,0.15,0.05,0.25,0.20882296062372255,6.9944959078249596e-46
0.3,0.15,0.15,0.1,0.05,0.25,0.20873704100127066,7.618570734297734e-46
0.3,0.2,0.2,0.15,0.05,0.1,0.20868391381950072,8.03185877735133e-46
0.25,0.2,0.2,0.05,0.05,0.25,0.20865882744037592,8.234689468894857e-46
0.2,0.05,0.2,0.05,0.3,0.2,0.20865553384989402,8.261694758422064e-46
0.7,0.1,0.05,0.05,0.05,0.05,0.20852688192276017,9.388412304610848e-46
0.35,0.2,0.2,0.05,0.1,0.1,0.2085167605310175,9.483283350037465e-46
0.3,0.1,0.2,0.3,0.05,0.05,0.20848095566300076,9.826612535210025e-46
0.25,0.15,0.2,0.1,0.15,0.15,0.20847689699483293,9.866302669698986e-46
0.4,0.05,0.1,0.1,0.1,0.25,0.20832484424367467,1.1473923146908894e-45
0.45,0.15,0.15,0.1,0.1,0.05,0.20830677868234243,1.1681469042743432e-45
0.4,0.1,0.15,0.05,0.15,0.15,0.208291202947672,1.1863405845975824e-45
0.55,0.05,0.1,0.15,0.1,0.05,0.208280374660608,1.1991547012141732e-45
0.2,0.1,0.2,0.25,0.1,0.15,0.20821393494783863,1.2808487321240383e-45
0.6,0.05,0.05,0.1,0.05,0.15,0.20820341029621203,1.2942882857762624e-45
0.65,0.05,0.05,0.05,0.15,0.05,0.20819739527518605,1.3020321231576999e-45
0.25,0.05,0.15,0.15,0.2,0.2,0.20810937220396006,1.4207711029188295e-45
0.2,0.05,0.15,0.1,0.1,0.4,0.2080794380514715,1.463557220727427e-45
0.4,0.15,0.15,0.2,0.05,0.05,0.2080690339333862,1.478726451516153e-45
0.2,0.15,0.2,0.2,0.05,0.2,0.2080444975227707,1.5151227946941325e-45
0.2,0.1,0.2,0.05,0.25,0.2,0.20799922138121194,1.58463872199376e-45
0.5,0.05,0.1,0.15,0.1,0.1,0.20797119040773956,1.6292576266202187e-45
0.25,0.15,0.2,0.25,0.05,0.1,0.20796181105156433,1.6444647232941422e-45
0.2,0.05,0.2,0.1,0.3,0.15,0.20795927416458235,1.648602076014139e-45
0.2,0.15,0.2,0.25,0.05,0.15,0.2078436911318764,1.8485040327865328e-45
0.25,0.05,0.2,0.1,0.3,0.1,0.20783069266736415,1.872441716506952e-45
0.35,0.1,0.15,0.2,0.15,0.05,0.20776097159478496,2.0062000426305927e-45
0.25,0.1,0.15,0.05,0.1,0.35,0.20775611661538046,2.0158605585734326e-45
0.45,0.05,0.15,0.25,0.05,0.05,0.2077050405569866,2.1203394399941403e-45
0.3,0.05,0.15,0.15,0.2,0.15,0.20755795207912542,2.452277505539104e-45
0.2,0.2,0.25,0.05,0.15,0.15,0.20753911758492055,2.498355426923054e-45
0.25,0.05,0.15,0.1,0.2,0.25,0.2075360286808108,2.5059940957687354e-45
0.2,0.25,0.25,0.05,0.05,0.2,0.20743813071603087,2.7605066482235765e-45
0.2,0.2,0.25,0.1,0.15,0.1,0.20740916972226314,2.840613031966396e-45
0.3,0.1,0.15,0.1,0.1,0.25,0.20738746307735173,2.9021660458227375e-45
0.2,0.05,0.2,0.2,0.2,0.15,0.20738007569364933,2.9234154255683257e-45
0.25,0.2,0.25,0.15,0.1,0.05,0.20736920664723538,2.954961279742171e-45
0.25,0.05,0.2,0.25,0.1,0.15,0.20728094947005335,3.223975128894927e-45
0.25,0.25,0.25,0.05,0.1,0.1,0.2072763811658676,3.238544360824794e-45
0.5,0.05,0.1,0.05,0.2,0.1,0.20726530723655257,3.274133694116833e-45
0.35,0.15,0.15,0.15,0.05,0.15,0.20720954967244856,3.459324593430111e-45
0.35,0.05,0.2,0.3,0.05,0.05,0.20719165708433587,3.5209326053476376e-45
0.25,0.05,0.15,0.05,0.2,0.3,0.20717413083109218,3.5823371300952263e-45
0.4,0.05,0.15,0.1,0.25,0.05,0.20712647044206256,3.7547588007170904e-45
0.25,0.15,0.2,0.15,0.15,0.1,0.20710898083227058,3.8200807427157006e-45
0.2,0.1,0.2,0.2,0.2,0.1,0.2070924708671715,3.882780585744194e-45
0.2,0.15,0.2,0.1,0.15,0.2,0.2069757848657709,4.3560783040655064e-45
0.3,0.15,0.2,0.05,0.2,0.1,0.2069648769306585,4.403152931011541e-45
0.5,0.1,0.1,0.2,0.05,0.05,0.20696034619452097,4.422854344047459e-45
0.25,0.1,0.15,0.15,0.05,0.3,0.20695622940574365,4.4408317741831114e-45
0.25,0.2,0.2,0.15,0.05,0.15,0.20693074196403483,4.553761079084332e-45
0.45,0.1,0.15,0.05,0.2,0.05,0.20682040804467403,5.0765038750573136e-45
0.25,0.05,0.2,0.2,0.25,0.05,0.2067939567597288,5.210447417741438e-45
0.2,0.05,0.15,0.15,0.05,0.4,0.2067889814715447,5.236031187958862e-45
0.2,0.05,0.2,0.15,0.3,0.1,0.2067667572344026,5.3518462037101966e-45
0.25,0.25,0.25,0.1,0.05,0.1,0.2066276080528942,6.137170931816892e-45
0.5,0.05,0.1,0.1,0.15,0.1,0.2065884368247107,6.378227770794711e-45
0.25,0.05,0.2,0.15,0.3,0.05,0.20657437091565345,6.467067223289124e-45
0.2,0.1,0.25,0.05,0.35,0.05,0.20654921798698955,6.629010940589503e-45
0.25,0.1,0.2,0.3,0.05,0.1,0.20647004399812596,7.16556025659043e-45
0.35,0.1,0.15,0.05,0.15,0.2,0.20641031997760725,7.598688200716229e-45
0.2,0.1,0.15,0.1,0.05,0.4,0.20637474246169488,7.868977262340261e-45
0.2,0.1,0.2,0.1,0.25,0.15,0.2063450002206733,8.102258309529514e-45
0.4,0.25,0.2,0.05,0.05,0.05,0.206334564370279,8.185730928889659e-45
0.25,0.1,0.15,0.2,0.05,0.25,0.20633263821081452,8.201230834027289e-45
0.2,0.05,0.2,0.25,0.05,0.25,0.2063206206250665,8.298598396221857e-45
0.5,0.15,0.15,0.05,0.1,0.05,0.20625687165615975,8.834651445628939e-45
0.4,0.05,0.15,0.2,0.15,0.05,0.2062333429283437,9.041085144493813e-45
0.2,0.05,0.25,0.35,0.05,0.1,0.2062153276278519,9.202382747610119e-45
0.4,0.05,0.15,0.25,0.05,0.1,0.20614451063665382,9.864653122518451e-45
0.3,0.2,0.2,0.05,0.1,0.15,0.2060850797210941,1.0456878890225216e-44
0.25,0.1,0.2,0.25,0.15,0.05,0.20607223336995945,1.0589468676484201e-44
0.5,0.1,0.1,0.15,0.05,0.1,0.2060302052939986,1.1035044160837649e-44
0.3,0.1,0.15,0.25,0.05,0.15,0.20601200594773408,1.1233730978778744e-44
0.35,0.05,0.15,0.05,0.25,0.15,0.20580654207938023,1.3739369179143813e-44
0.5,0.1,0.1,0.1,0.05,0.15,0.20580499204864103,1.376024316938133e-44
0.25,0.1,0.15,0.15,0.1,0.25,0.20567376392504316,1.5646795903953342e-44
0.25,0.15,0.2,0.2,0.1,0.1,0.2056730799429598,1.565727401430935e-44
0.55,0.05,0.1,0.2,0.05,0.05,0.20566234339314832,1.5822667774636988e-44
0.5,0.2,0.15,0.05,0.05,0.05,0.2056367841365923,1.622342727548944e-44
0.2,0.2,0.25,0.2,0.05,0.1,0.20562816789046048,1.6360789411753079e-44
0.3,0.15,0.15,0.05,0.05,0.3,0.2055889824782777,1.7000230213980184e-44
0.45,0.1,0.1,0.15,0.05,0.15,0.20540543132609929,2.0342450450835158e-44
0.45,0.05,0.1,0.15,0.1,0.15,0.2053500586359448,2.1473537277491375e-44
0.45,0.05,0.1,0.1,0.15,0.15,0.20526203129106912,2.3401763329103346e-44
0.55,0.05,0.05,0.05,0.1,0.2,0.20521910954628242,2.4403469619015287e-44
0.3,0.1,0.2,0.05,0.3,0.05,0.2051433698066702,2.62762017182088e-44
0.5,0.05,0.1,0.2,0.05,0.1,0.20508069195512546,2.793355128253073e-44
0.35,0.05,0.1,0.15,0.05,0.3,0.2050751754957165,2.808430429827779e-44
0.2,0.3,0.3,0.1,0.05,0.05,0.2049695743662722,3.1131318487911403e-44
0.3,0.1,0.15,0.05,0.15,0.25,0.2049667027118904,3.1218615107148344e-44
0.35,0.05,0.1,0.05,0.05,0.4,0.20493003762206724,3.235484647664885e-44
0.25,0.05,0.15,0.2,0.05,0.3,0.20482036102118073,3.6005070902847934e-44
0.4,0.05,0.1,0.15,0.1,0.2,0.20478095206725733,3.7414358479786297e-44
0.35,0.05,0.15,0.1,0.25,0.1,0.20473109372902573,3.927618563120619e-44
0.2,0.2,0.25,0.25,0.05,0.05,0.20472571074731688,3.9482630007053966e-44
0.25,0.2,0.2,0.1,0.1,0.15,0.20468750158623975,4.0979349015132257e-44
0.4,0.05,0.1,0.05,0.15,0.25,0.20467645818195623,4.142235629646986e-44
0.2,0.2,0.2,0.1,0.05,0.25,0.20456937382693471,4.597288373190605e-44
0.55,0.1,0.1,0.05,0.1,0.1,0.20452605117009878,4.79521352916148e-44
0.2,0.05,0.15,0.15,0.1,0.35,0.20451923799240274,4.827102413714954e-44
0.3,0.3,0.25,0.05,0.05,0.05,0.2045189343797281,4.828528362725726e-44
0.65,0.05,0.05,0.1,0.1,0.05,0.2045174538445,4.835487857800581e-44
0.35,0.15,0.15,0.2,0.05,0.1,0.20449121809103982,4.960481261276328e-44
0.45,0.1,0.1,0.05,0.05,0.25,0.2044677528397688,5.07499490070135e-44
0.35,0.05,0.1,0.1,0.05,0.35,0.20443210353893995,5.254019062640022e-44
0.25,0.25,0.25,0.15,0.05,0.05,0.20442195461557414,5.306124029628425e-44
0.35,0.05,0.15,0.2,0.15,0.1,0.20441932629567333,5.319701501898901e-44
0.35,0.25,0.2,0.1,0.05,0.05,0.20440302357983697,5.40469393949182e-44
0.3,0.1,0.15,0.2,0.15,0.1,0.20440242939593756,5.407817030914017e-44
0.2,0.3,0.3,0.05,0.1,0.05,0.20437626540937995,5.547131914703805e-44
0.2,0.05,0.25,0.25,0.2,0.05,0.20431143096984491,5.907928144545845e-44
0.3,0.05,0.15,0.2,0.1,0.2,0.20426792434358518,6.163028445128657e-44
0.2,0.3,0.3,0.05,0.05,0.1,0.20424224638888064,6.3187009892754e-44
0.2,0.15,0.2,0.15,0.1,0.2,0.20423034097978487,6.392198408670529e-44
0.35,0.25,0.2,0.05,0.05,0.1,0.20414754452823408,6.9273993146319e-44
0.2,0.05,0.15,0.15,0.15,0.3,0.20400618115208535,7.946135558677738e-44
0.25,0.25,0.25,0.1,0.1,0.05,0.2039851024621666,8.110301370275532e-44
0.25,0.15,0.2,0.3,0.05,0.05,0.20395741529293393,8.331071187054044e-44
0.35,0.1,0.15,0.25,0.1,0.05,0.20390107294195967,8.798954782958742e-44
0.2,0.05,0.25,0.35,0.1,0.05,0.2038955957470325,8.845809686315741e-44
0.2,0.05,0.15,0.1,0.05,0.45,0.2038922785993738,8.874306934736032e-44
0.45,0.15,0.15,0.05,0.1,0.1,0.20389003409306328,8.893641013332121e-44
0.2,0.15,0.25,0.1,0.25,0.05,0.2038697850546083,9.069970060258961e-44
0.45,0.2,0.15,0.1,0.05,0.05,0.20376206444989595,1.0068120912190107e-43
0.3,0.05,0.2,0.3,0.05,0.1,0.20372720517847162,1.041396529354523e-43
0.3,0.2,0.2,0.15,0.1,0.05,0.20371581346465173,1.0529526001030404e-43
0.2,0.2,0.25,0.15,0.1,0.1,0.20368722941590184,1.0825136120865624e-43
0.3,0.1,0.15,0.1,0.15,0.2,0.2036435558820482,1.1292813265121955e-43
0.25,0.1,0.15,0.2,0.1,0.2,0.20361136946362962,1.1650292107178036e-43
0.4,0.15,0.15,0.1,0.1,0.1,0.2036109328729064,1.1655217674996537e-43
0.25,0.1,0.2,0.3,0.1,0.05,0.2035925233592222,1.1864807488770045e-43
0.2,0.1,0.15,0.05,0.05,0.45,0.2035614749340622,1.2226815133694818e-43
0.4,0.15,0.15,0.15,0.1,0.05,0.20354976154250848,1.2366222557794076e-43
0.4,0.1,0.15,0.1,0.2,0.05,0.20350085728611164,1.296554032596963e-43
0.5,0.1,0.1,0.15,0.1,0.05,0.20345879173067866,1.3504103261946166e-43
0.25,0.1,0.15,0.25,0.05,0.2,0.20333409154096804,1.5234887372890701e-43
0.55,0.05,0.05,0.1,0.05,0.2,0.20327110121998476,1.6191301371185742e-43
0.3,0.05,0.2,0.05,0.35,0.05,0.20325634740172283,1.6423811102698984e-43
0.3,0.05,0.15,0.2,0.15,0.15,0.20323347359250016,1.6790867506083945e-43
0.3,0.05,0.15,0.1,0.25,0.15,0.20317071765442896,1.7840344761719633e-43
0.2,0.05,0.2,0.2,0.25,0.1,0.20313929470468262,1.8390091184769213e-43
0.2,0.2,0.25,0.2,0.1,0.05,0.20313299822433212,1.8502258077922786e-43
0.2,0.05,0.15,0.1,0.15,0.35,0.20309188371642312,1.92515942156525e-43
0.2,0.15,0.2,0.2,0.1,0.15,0.203017236896253,2.0690039971617086e-43
0.3,0.05,0.15,0.05,0.25,0.2,0.20298359550858203,2.137277747141828e-43
0.3,0.05,0.2,0.25,0.15,0.05,0.2029830973389911,2.138305415360088e-43
0.25,0.1,0.15,0.15,0.15,0.2,0.20296851752810816,2.168600567158048e-43
0.45,0.05,0.1,0.05,0.2,0.15,0.20294800302525506,2.2119514849831402e-43
0.3,0.25,0.2,0.05,0.05,0.15,0.20290974149037103,2.295120698921676e-43
0.3,0.15,0.15,0.15,0.05,0.2,0.20285597361595584,2.417277202931766e-43
0.6,0.05,0.05,0.05,0.15,0.1,0.20280988574688788,2.527117690032685e-43
0.45,0.1,0.1,0.2,0.05,0.1,0.20278760044364466,2.581996267486568e-43
0.35,0.05,0.15,0.25,0.05,0.15,0.20273842159452954,2.707330757191506e-43
0.25,0.1,0.2,0.1,0.3,0.05,0.20272445330932304,2.7440201965534437e-43
0.4,0.1,0.15,0.05,0.2,0.1,0.20271687296441596,2.7641374633773514e-43
0.35,0.2,0.2,0.05,0.15,0.05,0.20261496980946536,3.0492510207715103e-43
0.35,0.1,0.15,0.15,0.2,0.05,0.20259981799231813,3.0940713370915187e-43
0.3,0.2,0.2,0.2,0.05,0.05,0.20257603844170324,3.1657377205840503e-43
0.2,0.1,0.15,0.2,0.05,0.3,0.2024326850723495,3.634115506834654e-43
0.45,0.1,0.1,0.15,0.1,0.1,0.20238793699356125,3.79397737275588e-43
0.4,0.1,0.1,0.15,0.05,0.2,0.20238517608496123,3.804066625677256e-43
0.35,0.1,0.15,0.3,0.05,0.05,0.2023847810457077,3.805512407198471e-43
0.35,0.05,0.1,0.15,0.1,0.25,0.2023239690992896,4.034717969748226e-43
0.25,0.1,0.15,0.1,0.1,0.3,0.2023135208160274,4.075457925298528e-43
0.35,0.15,0.15,0.15,0.1,0.1,0.20230654437252513,4.10288798916316e-43
0.25,0.2,0.2,0.05,0.1,0.2,0.20226873082276725,4.254789624935773e-43
0.45,0.1,0.1,0.1,0.05,0.2,0.2022274712172009,4.42692075600631e-43
0.2,0.05,0.15,0.05,0.15,0.4,0.202226895690918,4.4293701278356456e-43
0.2,0.1,0.15,0.05,0.1,0.4,0.2022046744783442,4.524978658135118e-43
0.35,0.05,0.15,0.15,0.25,0.05,0.2021321011778308,4.8517580464142e-43
0.45,0.05,0.1,0.2,0.05,0.15,0.20207704138170246,5.1152409479203016e-43
0.2,0.1,0.2,0.25,0.15,0.1,0.20204264944726796,5.286990243860432e-43
0.3,0.15,0.2,0.1,0.2,0.05,0.20190023185531272,6.061397536043771e-43
0.35,0.05,0.15,0.2,0.2,0.05,0.20189725161284186,6.078753730591903e-43
0.2,0.05,0.25,0.3,0.15,0.05,0.20185717870307915,6.316985224853117e-43
0.25,0.05,0.15,0.2,0.1,0.25,0.20185455438380187,6.3329066985227254e-43
0.2,0.05,0.2,0.25,0.1,0.2,0.20182979864844705,6.4850747313735216e-43
0.25,0.15,0.15,0.1,0.05,0.3,0.20179784441357393,6.686877629552814e-43
0.2,0.05,0.25,0.4,0.05,0.05,0.20168633663998753,7.441264074265643e-43
0.25,0.05,0.2,0.05,0.35,0.1,0.2016758559131649,7.51637909397928e-43
0.35,0.15,0.15,0.1,0.1,0.15,0.20165616132017666,7.659575162341083e-43
0.2,0.25,0.25,0.05,0.1,0.15,0.201609528990766,8.009539325862475e-43
0.4,0.05,0.15,0.05,0.3,0.05,0.2015971249550504,8.105276185342847e-43
0.25,0.05,0.15,0.1,0.25,0.2,0.20151171852875355,8.796076897002891e-43
0.2,0.15,0.2,0.15,0.15,0.15,0.20149991289859376,8.896061965629347e-43
0.25,0.15,0.2,0.05,0.2,0.15,0.20148099422382318,9.058651284003608e-43
0.4,0.1,0.1,0.2,0.05,0.15,0.20144424065557479,9.383009575348696e-43
0.25,0.1,0.2,0.35,0.05,0.05,0.20140000225439122,9.788773617886622e-43
0.25,0.25,0.25,0.05,0.15,0.05,0.2013867253669551,9.913922211676588e-43
0.4,0.05,0.1,0.1,0.15,0.2,0.20138122538506273,9.966230211412725e-43
0.25,0.15,0.2,0.2,0.15,0.05,0.20135707849543402,1.0199147679771278e-42
0.55,0.1,0.1,0.1,0.1,0.05,0.20127965793352837,1.098305596030846e-42
0.2,0.2,0.2,0.05,0.05,0.3,0.20115697935207102,1.2349654473368888e-42
0.4,0.05,0.1,0.2,0.05,0.2,0.201114572595684,1.2860349436111363e-42
0.4,0.15,0.15,0.05,0.1,0.15,0.20105225442559074,1.3649173203714696e-42
0.35,0.05,0.1,0.1,0.1,0.3,0.20097016288311212,1.4762164992690193e-42
0.2,0.05,0.15,0.1,0.2,0.3,0.20095479753604972,1.498029863404388e-42
0.5,0.1,0.1,0.05,0.1,0.15,0.20092072597590116,1.5475494988648538e-42
0.2,0.1,0.2,0.15,0.25,0.1,0.20088490070096776,1.601374253062013e-42
0.45,0.1,0.1,0.25,0.05,0.05,0.2008440336110114,1.665050138202943e-42
0.25,0.05,0.2,0.3,0.05,0.15,0.20084367242611956,1.665623987109459e-42
0.2,0.1,0.2,0.1,0.3,0.1,0.20083534270745346,1.6789129104758922e-42
0.35,0.1,0.15,0.05,0.2,0.15,0.20083499360655413,1.6794721490731704e-42
0.2,0.2,0.25,0.05,0.2,0.1,0.20081247565831611,1.715938607126928e-42
0.2,0.15,0.2,0.25,0.1,0.1,0.2007437233213904,1.8322221893211704e-42
0.3,0.05,0.15,0.25,0.05,0.2,0.20072271350133314,1.8692959536069595e-42
0.35,0.05,0.1,0.05,0.1,0.35,0.2006870680050607,1.9339098468909745e-42
0.35,0.15,0.15,0.05,0.1,0.2,0.20063965208370582,2.0233139910609433e-42
0.3,0.1,0.15,0.05,0.2,0.2,0.20063859489102534,2.0253535049634337e-42
0.25,0.05,0.15,0.2,0.15,0.2,0.20061843761524578,2.0646339378865775e-42
0.65,0.05,0.05,0.15,0.05,0.05,0.2006153203422269,2.0707758251571933e-42
0.2,0.1,0.15,0.15,0.05,0.35,0.20044361981325062,2.438680328231906e-42
0.2,0.05,0.15,0.05,0.2,0.35,0.20042899206302664,2.4728766033071366e-42
0.2,0.1,0.2,0.3,0.05,0.15,0.2003819638201399,2.586081377668455e-42
0.2,0.25,0.25,0.15,0.05,0.1,0.20036157254782,2.6367543167302755e-42
0.25,0.1,0.15,0.05,0.15,0.3,0.2003161890229856,2.7531054895807648e-42
0.2,0.05,0.15,0.15,0.2,0.25,0.2003069699289113,2.7773574018833842e-42
0.2,0.2,0.2,0.1,0.1,0.2,0.2003023222196083,2.7896641714485446e-42
0.3,0.05,0.15,0.15,0.25,0.1,0.20019298866275032,3.095338860415645e-42
0.45,0.05,0.1,0.15,0.15,0.1,0.2001849046467017,3.119219668737243e-42
0.2,0.2,0.2,0.15,0.05,0.2,0.20010439965161234,3.367264973217777e-42
0.2,0.35,0.3,0.05,0.05,0.05,0.2000345523477661,3.5983024355773634e-42
0.25,0.15,0.2,0.25,0.1,0.05,0.2000060012658822,3.697219992170645e-42
0.65,0.1,0.05,0.05,0.05,0.1,0.20000202166266498,3.711220674777111e-42
0.25,0.1,0.2,0.05,0.3,0.1,0.19999759311933665,3.726862760403225e-42
0.45,0.1,0.1,0.2,0.1,0.05,0.1999758154558793,3.804742807662188e-42
0.3,0.1,0.15,0.25,0.1,0.1,0.199950601256645,3.896935804566514e-42
0.5,0.05,0.1,0.15,0.15,0.05,0.19993657743106447,3.9491702104972093e-42
0.45,0.2,0.15,0.05,0.05,0.1,0.19992137567644727,4.0065786316304076e-42
0.2,0.1,0.15,0.1,0.1,0.35,0.19986611589479147,4.222342531886054e-42
0.35,0.1,0.1,0.15,0.05,0.25,0.19982755371946254,4.379716330888397e-42
0.2,0.2,0.2,0.05,0.1,0.25,0.1997711643059028,4.620401032949258e-42
0.4,0.2,0.15,0.05,0.05,0.15,0.19974575404841552,4.7331139897038747e-42
0.2,0.15,0.25,0.05,0.3,0.05,0.19972676561367544,4.819122552558251e-42
0.3,0.1,0.15,0.15,0.2,0.1,0.19972137008704116,4.843844013672394e-42
0.2,0.15,0.2,0.05,0.2,0.2,0.1997205775896881,4.8474857183222745e-42
0.25,0.05,0.2,0.25,0.15,0.1,0.19971586112709516,4.869215313655481e-42
0.2,0.05,0.15,0.2,0.05,0.35,0.19966881431497285,5.0913408842839155e-42
0.4,0.1,0.1,0.05,0.05,0.3,0.19963854413161025,5.2395550981605687e-42
0.4,0.2,0.15,0.1,0.05,0.1,0.19958910361578744,5.490914961968128e-42
0.25,0.3,0.25,0.05,0.05,0.1,0.19958117448784163,5.532328229521847e-42
0.5,0.05,0.1,0.1,0.2,0.05,0.19955914376928022,5.6490304847918124e-42
0.2,0.05,0.2,0.05,0.35,0.15,0.19955264380198326,5.683927764893327e-42
0.35,0.1,0.15,0.1,0.2,0.1,0.19954521229136846,5.724089059050409e-42
0.25,0.1,0.15,0.1,0.15,0.25,0.1995362597122002,5.77284535928336e-42
0.2,0.15,0.2,0.3,0.05,0.1,0.19953457027996768,5.782092319642735e-42
0.5,0.05,0.05,0.05,0.05,0.3,0.19942992858155537,6.384492112998019e-42
0.2,0.05,0.2,0.3,0.05,0.2,0.19938296462388574,6.674761462220865e-42
0.6,0.05,0.05,0.1,0.1,0.1,0.19933539922615895,6.982122430925536e-42
0.4,0.05,0.1,0.15,0.15,0.15,0.1990965470573753,8.751687762306494e-42
0.2,0.25,0.25,0.1,0.05,0.15,0.19908033054830007,8.886850872279389e-42
0.2,0.2,0.25,0.15,0.15,0.05,0.1989801865355712,9.768754626186469e-42
0.6,0.05,0.05,0.15,0.05,0.1,0.19890958986271,1.0442230280376435e-41
0.6,0.15,0.1,0.05,0.05,0.05,0.1988899599930318,1.0637563819711168e-41
0.5,0.1,0.1,0.1,0.1,0.1,0.19888299661250397,1.0707724687609786e-41
0.3,0.15,0.15,0.2,0.05,0.15,0.1988756461932158,1.0782284461767551e-41
0.2,0.05,0.15,0.2,0.1,0.3,0.19885854889917448,1.0957715528285673e-41
0.25,0.15,0.2,0.15,0.2,0.05,0.1988206143837216,1.1357151407116056e-41
0.4,0.1,0.1,0.15,0.1,0.15,0.19867143152615888,1.3073407073440126e-41
0.35,0.05,0.1,0.1,0.15,0.25,0.19866016806693673,1.321299783772304e-41
0.2,0.25,0.25,0.2,0.05,0.05,0.19861670627066247,1.3765661582165713e-41
0.45,0.15,0.15,0.05,0.15,0.05,0.19857118425973827,1.4369177501013556e-41
0.35,0.15,0.15,0.25,0.05,0.05,0.19856546222833038,1.4446876091940269e-41
0.25,0.15,0.15,0.15,0.05,0.25,0.19854861933483606,1.4678015996955844e-41
0.4,0.1,0.1,0.25,0.05,0.1,0.1984949751145572,1.5438977250711994e-41
0.25,0.05,0.2,0.1,0.35,0.05,0.1984610993261001,1.5939591936141348e-41
0.3,0.05,0.1,0.05,0.05,0.45,0.19845068348317565,1.6096736607469688e-41
0.3,0.05,0.1,0.15,0.1,0.3,0.19844372966410484,1.6202505947973309e-41
0.25,0.1,0.15,0.2,0.15,0.15,0.1984136519457563,1.6668011227035046e-41
0.2,0.15,0.2,0.3,0.1,0.05,0.19834246858254437,1.7823351382128141e-41
0.2,0.1,0.2,0.05,0.3,0.15,0.19820026784475162,2.037507331159151e-41
0.25,0.15,0.2,0.1,0.2,0.1,0.19818666455377543,2.063743774393945e-41
0.4,0.1,0.1,0.1,0.05,0.25,0.1981864598140778,2.0641412074431808e-41
0.2,0.1,0.15,0.15,0.1,0.3,0.19817786638326645,2.080891259820184e-41
0.2,0.15,0.2,0.35,0.05,0.05,0.1980329991477104,2.3844916108034476e-41
0.4,0.05,0.15,0.25,0.1,0.05,0.1980028849384532,2.4529292272948847e-41
0.2,0.1,0.2,0.2,0.25,0.05,0.19798081747901908,2.504316369326889e-41
0.2,0.1,0.15,0.2,0.1,0.25,0.19787714598374243,2.760424285403365e-41
0.25,0.1,0.15,0.25,0.1,0.15,0.19785197791879272,2.8264290251524846e-41
0.35,0.1,0.1,0.2,0.05,0.2,0.1977825412819832,3.016779264042641e-41
0.4,0.05,0.1,0.05,0.2,0.2,0.1977664491728749,3.0626817662656584e-41
0.45,0.2,0.15,0.05,0.1,0.05,0.1977176557079624,3.206152360371446e-41
0.2,0.1,0.2,0.3,0.1,0.1,0.19765590507513106,3.3973373883431685e-41
0.25,0.2,0.2,0.15,0.1,0.1,0.19756468750484504,3.7006785450379365e-41
0.25,0.2,0.2,0.25,0.05,0.05,0.19754526093708474,3.768679922352465e-41
0.25,0.15,0.15,0.05,0.05,0.35,0.19750885299488063,3.8994866815159147e-41
0.2,0.1,0.2,0.15,0.3,0.05,0.19740858080458448,4.283547028113299e-41
0.4,0.1,0.1,0.2,0.1,0.1,0.19740645716691171,4.2920750677906506e-41
0.4,0.15,0.15,0.05,0.15,0.1,0.19733933087125746,4.5705154320346323e-41
0.3,0.25,0.2,0.1,0.05,0.1,0.19727871385342263,4.837349020101823e-41
0.3,0.1,0.15,0.1,0.2,0.15,0.19725750542054904,4.934319164958345e-41
0.25,0.05,0.15,0.15,0.25,0.15,0.19725684305475868,4.937378584112309e-41
0.3,0.05,0.2,0.35,0.05,0.05,0.19724275647084868,5.002891884600166e-41
0.2,0.05,0.2,0.1,0.35,0.1,0.19718499665571113,5.280678490651148e-41
0.3,0.1,0.15,0.3,0.05,0.1,0.19718461928273415,5.282542920007581e-41
0.35,0.05,0.15,0.05,0.3,0.1,0.19716355816867062,5.387640490607682e-41
0.2,0.1,0.15,0.05,0.15,0.35,0.1971604512725037,5.40331924390991e-41
0.3,0.05,0.15,0.2,0.2,0.1,0.19705631649021402,5.955905684415722e-41
0.3,0.2,0.2,0.1,0.15,0.05,0.19702939436486772,6.107683086743127e-41
0.3,0.05,0.1,0.15,0.05,0.35,0.19694883490506457,6.585200566318656e-41
0.45,0.05,0.1,0.1,0.2,0.1,0.19690918395044305,6.833683218813084e-41
0.5,0.05,0.1,0.05,0.25,0.05,0.19683913125416322,7.295679921602839e-41
0.3,0.15,0.15,0.25,0.05,0.1,0.19682488474369908,7.393368226413441e-41
0.35,0.05,0.1,0.15,0.15,0.2,0.19678161810561232,7.69809056810781e-41
0.35,0.1,0.1,0.1,0.05,0.3,0.19675739625640873,7.874100770193314e-41
0.25,0.25,0.2,0.05,0.05,0.2,0.19671914669413113,8.160226346108001e-41
0.3,0.15,0.15,0.05,0.1,0.25,0.1967112548905605,8.220534980515841e-41
0.3,0.05,0.2,0.3,0.1,0.05,0.19670775328856815,8.247435714962853e-41
0.3,0.15,0.15,0.1,0.1,0.2,0.1967069911409659,8.253302430971043e-41
0.2,0.05,0.2,0.15,0.35,0.05,0.19669388703305488,8.354824147388597e-41
0.3,0.2,0.2,0.05,0.15,0.1,0.19668717793333879,8.407281245102077e-41
0.5,0.05,0.05,0.05,0.1,0.25,0.19659689052456703,9.145907996639067e-41
0.2,0.25,0.25,0.1,0.1,0.1,0.1965819253029739,9.274421133721614e-41
0.3,0.15,0.15,0.3,0.05,0.05,0.19657684396999284,9.3184638384194e-41
0.2,0.1,0.2,0.25,0.2,0.05,0.19653171321396812,9.71887468366839e-41
0.55,0.05,0.05,0.05,0.15,0.15,0.19652506121099333,9.77932176774463e-41
0.5,0.05,0.1,0.2,0.1,0.05,0.19631068019599987,1.19409458597668e-40
0.2,0.05,0.15,0.2,0.15,0.25,0.19626136490135176,1.2501882414521882e-40
0.35,0.05,0.15,0.25,0.1,0.1,0.19620579078574435,1.3165456590795651e-40
0.45,0.1,0.1,0.1,0.1,0.15,0.19614972019037435,1.3870438938161474e-40
0.25,0.05,0.2,0.25,0.2,0.05,0.19609176352806795,1.4638589771966006e-40
0.35,0.05,0.1,0.2,0.05,0.25,0.19605609621141307,1.513219061788186e-40
0.55,0.05,0.05,0.15,0.05,0.15,0.19604681405193444,1.5263337465179774e-40
0.25,0.05,0.15,0.25,0.05,0.25,0.1959093044655741,1.7343919498774552e-40
0.2,0.15,0.2,0.25,0.15,0.05,0.19588226488738936,1.778505879975258e-40
0.3,0.1,0.15,0.3,0.1,0.05,0.19588212014506395,1.77874499726944e-40
0.25,0.2,0.2,0.2,0.05,0.1,0.19580463235878948,1.911455361686067e-40
0.25,0.05,0.15,0.05,0.25,0.25,0.19578909678589718,1.9392240814992453e-40
0.4,0.2,0.15,0.15,0.05,0.05,0.19575476404060435,2.0020219597626563e-40
0.2,0.05,0.2,0.2,0.3,0.05,0.19571235026060982,2.08239863702849e-40
0.2,0.1,0.2,0.35,0.05,0.1,0.19565933001566005,2.1874005363996593e-40
0.55,0.1,0.1,0.05,0.15,0.05,0.19563882965988427,2.2293961656517876e-40
0.3,0.15,0.15,0.15,0.1,0.15,0.1955656445867543,2.3859625678488384e-40
0.2,0.1,0.15,0.25,0.05,0.25,0.19555083808779783,2.4189435333650445e-40
0.5,0.05,0.05,0.1,0.05,0.25,0.1955326716804918,2.4600283051136597e-40
0.4,0.05,0.1,0.2,0.1,0.15,0.19552216882770543,2.4840970305370774e-40
0.3,0.05,0.1,0.1,0.05,0.4,0.1954928606394814,2.552505916583924e-40
0.2,0.15,0.2,0.1,0.2,0.15,0.19547348760703137,2.5987497491938033e-40
0.2,0.1,0.15,0.15,0.15,0.25,0.19542902996498027,2.7080437251880266e-40
0.45,0.1,0.1,0.05,0.1,0.2,0.19532562454100288,2.9802492666190833e-40
0.35,0.05,0.15,0.1,0.3,0.05,0.19530729720027562,3.031256442861714e-40
0.55,0.05,0.05,0.1,0.1,0.15,0.19528911943376,3.0827044506944172e-40
0.4,0.05,0.15,0.3,0.05,0.05,0.19521014429799835,3.3164927614282908e-40
0.3,0.15,0.2,0.05,0.25,0.05,0.19518964135506686,3.3800161572417523e-40
0.35,0.25,0.2,0.05,0.1,0.05,0.19507706613423995,3.750973847045341e-40
0.35,0.2,0.15,0.05,0.05,0.2,0.19502766003777047,3.926298670752897e-40
0.6,0.1,0.05,0.05,0.05,0.15,0.1950149428789272,3.972730563305677e-40
0.2,0.15,0.2,0.2,0.15,0.1,0.19501187545606727,3.984011559307606e-40
0.2,0.15,0.15,0.1,0.05,0.35,0.19500379997303813,4.013863092396345e-40
0.25,0.15,0.15,0.2,0.05,0.2,0.19500173297209455,4.021539564610115e-40
0.2,0.05,0.15,0.15,0.25,0.2,0.1950013449249045,4.022982328792991e-40
0.65,0.1,0.05,0.1,0.05,0.05,0.19497508721434695,4.121813659510164e-40
0.25,0.1,0.2,0.05,0.35,0.05,0.19496587807430982,4.157044549707337e-40
0.25,0.1,0.15,0.15,0.2,0.15,0.19489179539513085,4.451566657753785e-40
0.2,0.1,0.2,0.1,0.35,0.05,0.19485315705734707,4.613314320935002e-40
0.35,0.2,0.15,0.1,0.05,0.15,0.19484141919380435,4.66359856402247e-40
0.3,0.1,0.15,0.2,0.2,0.05,0.1948266626766566,4.727588214092802e-40
0.2,0.2,0.2,0.2,0.05,0.15,0.19478175652334243,4.927736387790846e-40
0.45,0.05,0.1,0.2,0.1,0.1,0.19463258367691802,5.655037511362744e-40
0.25,0.05,0.2,0.3,0.1,0.1,0.19463030927497843,5.666914823143269e-40
0.2,0.05,0.2,0.25,0.15,0.15,0.19451859439451993,6.2818721307953525e-40
0.3,0.05,0.15,0.25,0.1,0.15,0.19444523345977677,6.72133628048381e-40
0.4,0.05,0.1,0.1,0.2,0.15,0.1944211971031201,6.871868748413357e-40
0.2,0.2,0.25,0.05,0.25,0.05,0.19440690327763446,6.96297078069895e-40
0.4,0.1,0.1,0.1,0.1,0.2,0.19440576094820483,6.97030304039159e-40
0.5,0.05,0.1,0.25,0.05,0.05,0.19434881069528206,7.345745435222363e-40
0.25,0.25,0.2,0.1,0.05,0.15,0.19429610169469386,7.711110614434885e-40
0.35,0.15,0.15,0.2,0.1,0.05,0.19415641002173606,8.769147080648292e-40
0.2,0.05,0.2,0.05,0.4,0.1,0.19410321753570675,9.208932311584026e-40
0.35,0.15,0.15,0.05,0.15,0.15,0.1940959730635074,9.270500355043721e-40
0.25,0.15,0.15,0.25,0.05,0.15,0.19408023735140054,9.405645429473186e-40
0.2,0.15,0.15,0.05,0.05,0.4,0.19402416877288012,9.903302755892417e-40
0.2,0.05,0.15,0.1,0.25,0.25,0.1940079583465858,1.005200135632143e-39
0.3,0.1,0.1,0.15,0.05,0.3,0.1940072281612503,1.0058751349297308e-39
0.35,0.05,0.15,0.3,0.05,0.1,0.1938580465534439,1.1536706097117065e-39
0.35,0.05,0.15,0.25,0.15,0.05,0.19381535076087106,1.1998101993835434e-39
0.3,0.25,0.2,0.15,0.05,0.05,0.1938036289929007,1.212795255740009e-39
0.2,0.2,0.2,0.25,0.05,0.1,0.1937763096631687,1.2436035814446106e-39
0.25,0.05,0.2,0.05,0.4,0.05,0.1934806269612332,1.6311364606260414e-39
0.35,0.1,0.1,0.25,0.05,0.15,0.19343645618260785,1.698527998715081e-39
0.35,0.05,0.1,0.2,0.1,0.2,0.1934319870719779,1.7054988273966605e-39
0.2,0.05,0.2,0.25,0.2,0.1,0.19338377795368875,1.7825263743514515e-39
0.25,0.05,0.1,0.1,0.05,0.45,0.1933626615197314,1.8173455888099137e-39
0.25,0.15,0.15,0.35,0.05,0.05,0.1933437883640433,1.849037508427828e-39
0.3,0.05,0.1,0.15,0.15,0.25,0.19321059691522036,2.088864655689833e-39
0.2,0.2,0.2,0.3,0.05,0.05,0.19315369987354464,2.200513191478239e-39
0.35,0.1,0.1,0.15,0.1,0.2,0.1931170255565776,2.2756024121894705e-39
0.3,0.05,0.1,0.2,0.05,0.3,0.1930939216538452,2.3242087099895528e-39
0.2,0.3,0.25,0.05,0.05,0.15,0.19301646931452754,2.494806796453958e-39
0.45,0.15,0.1,0.1,0.05,0.15,0.1929974901778054,2.53847486447318e-39
0.3,0.05,0.15,0.05,0.3,0.15,0.19296653421033835,2.6113356675730645e-39
0.3,0.1,0.15,0.25,0.15,0.05,0.19291512717832365,2.736951945264706e-39
0.2,0.25,0.2,0.05,0.05,0.25,0.19283855758541232,2.9352724704024354e-39
0.25,0.15,0.15,0.05,0.1,0.3,0.1928160929284371,2.996122039417112e-39
0.45,0.1,0.1,0.15,0.15,0.05,0.1928076329520333,3.019360990588207e-39
0.3,0.1,0.15,0.35,0.05,0.05,0.19278180631723946,3.0914189919421885e-39
0.25,0.1,0.15,0.05,0.2,0.25,0.19277526410778054,3.1099419003905956e-39
0.25,0.2,0.2,0.1,0.15,0.1,0.19277222512933828,3.1185836187600723e-39
0.55,0.15,0.1,0.05,0.05,0.1,0.19276516203731062,3.138760721609729e-39
0.2,0.25,0.25,0.15,0.1,0.05,0.19276181590161348,3.1483648563432465e-39
0.3,0.05,0.15,0.1,0.3,0.1,0.19274294328191222,3.203082879325134e-39
0.25,0.1,0.15,0.1,0.2,0.2,0.19268424023882957,3.379397939308366e-39
0.2,0.2,0.25,0.1,0.2,0.05,0.19265215679623196,3.4798034533569664e-39
0.2,0.1,0.2,0.05,0.35,0.1,0.19263670588397244,3.529209577010416e-39
0.3,0.1,0.1,0.2,0.05,0.25,0.19263613545520378,3.531046875104215e-39
0.4,0.15,0.15,0.1,0.15,0.05,0.19260318041999727,3.638821802025903e-39
0.2,0.1,0.15,0.1,0.15,0.3,0.19256687646576356,3.761336882472805e-39
0.35,0.3,0.2,0.05,0.05,0.05,0.1925568140038113,3.796014510417042e-39
0.5,0.15,0.1,0.15,0.05,0.05,0.19254115783357284,3.850602254150132e-39
0.2,0.1,0.15,0.25,0.1,0.2,0.1924734768064858,4.095701421237356e-39
0.2,0.15,0.2,0.15,0.2,0.1,0.19247310745509466,4.097080651793736e-39
0.35,0.1,0.15,0.1,0.25,0.05,0.1923906815029623,4.416711785302065e-39
0.2,0.25,0.25,0.05,0.15,0.1,0.19230855608253883,4.759812552511912e-39
0.25,0.05,0.15,0.2,0.2,0.15,0.19230703725250947,4.7664012138719675e-39
0.2,0.1,0.15,0.2,0.15,0.2,0.19230121225929386,4.7917541004338874e-39
0.2,0.05,0.2,0.3,0.1,0.15,0.19228857741392982,4.847208005261698e-39
0.25,0.2,0.2,0.05,0.15,0.15,0.19228554064642037,4.8606310706285675e-39
0.4,0.1,0.15,0.05,0.25,0.05,0.19228159031529704,4.878147556788404e-39
0.25,0.15,0.15,0.1,0.1,0.25,0.19226578337922584,4.9488684209023166e-39
0.3,0.15,0.15,0.2,0.1,0.1,0.19217607742894233,5.3699525167355514e-39
0.2,0.05,0.2,0.1,0.4,0.05,0.1921126024205972,5.689238479687461e-39
0.2,0.15,0.2,0.2,0.2,0.05,0.19210857523605954,5.7101206018132824e-39
0.2,0.1,0.2,0.3,0.15,0.05,0.1920088000629147,6.252520849858703e-39
0.3,0.1,0.1,0.1,0.05,0.35,0.1919638726605404,6.513190135123255e-39
0.3,0.2,0.15,0.1,0.05,0.2,0.19194087110415842,6.650797270093318e-39
0.45,0.05,0.05,0.05,0.05,0.35,0.1919396885990806,6.657949197227479e-39
0.3,0.25,0.2,0.05,0.1,0.1,0.19187498345959578,7.061170528480457e-39
0.45,0.05,0.1,0.25,0.05,0.1,0.19187252853746958,7.076937616393127e-39
0.35,0.1,0.1,0.2,0.1,0.15,0.19186337782504487,7.136018295492511e-39
0.5,0.15,0.1,0.1,0.05,0.1,0.19185692736160226,7.177959401076733e-39
0.3,0.1,0.15,0.15,0.25,0.05,0.19184480104691878,7.257469374002661e-39
0.4,0.2,0.15,0.05,0.1,0.1,0.19183197257326814,7.342536252024646e-39
0.25,0.05,0.2,0.35,0.05,0.1,0.19166773243592092,8.523298483930694e-39
0.25,0.05,0.2,0.3,0.15,0.05,0.19165447818044742,8.626436175663127e-39
0.2,0.2,0.2,0.15,0.1,0.15,0.19159661141806544,9.091449550946238e-39
0.3,0.05,0.1,0.05,0.1,0.4,0.1915898975918357,9.146989133297398e-39
0.3,0.2,0.15,0.05,0.05,0.25,0.19157561645191587,9.266252736315068e-39
0.25,0.3,0.25,0.1,0.05,0.05,0.1915166457581623,9.775311403406833e-39
0.4,0.1,0.1,0.25,0.1,0.05,0.1914636294323518,1.0256645603869134e-38
0.2,0.3,0.25,0.15,0.05,0.05,0.1914337478320172,1.0538244651546334e-38
0.2,0.25,0.25,0.1,0.15,0.05,0.1914287514347271,1.0586073956202822e-38
0.3,0.05,0.1,0.1,0.1,0.35,0.19139021718025395,1.0962274480909514e-38
0.6,0.1,0.05,0.1,0.05,0.1,0.1913692693418382,1.1172327360579502e-38
0.35,0.05,0.1,0.05,0.15,0.3,0.19135697849541022,1.1297429948106503e-38
0.45,0.05,0.1,0.15,0.2,0.05,0.19132480898579665,1.1631497547457298e-38
0.3,0.05,0.15,0.25,0.15,0.1,0.1913224881124052,1.165597515092793e-38
0.2,0.3,0.25,0.1,0.05,0.1,0.19132237884471495,1.1657128827769004e-38
0.55,0.15,0.1,0.1,0.05,0.05,0.1912380745633617,1.2581922224064818e-38
0.3,0.05,0.15,0.2,0.25,0.05,0.1912359133702882,1.2606564531259123e-38
0.35,0.2,0.15,0.15,0.05,0.1,0.1911909431663474,1.3130346095353627e-38
0.25,0.15,0.15,0.3,0.05,0.1,0.1911310805146711,1.3861285011636476e-38
0.25,0.05,0.2,0.4,0.05,0.05,0.1911158581148055,1.4053515477918155e-38
0.25,0.3,0.25,0.05,0.1,0.05,0.19110138661915468,1.4238719322736122e-38
0.35,0.1,0.1,0.05,0.05,0.35,0.19108079809382106,1.4506395594699334e-38
0.25,0.1,0.15,0.3,0.05,0.15,0.19098471512824697,1.5823233848117022e-38
0.2,0.05,0.2,0.35,0.05,0.15,0.19098316302464813,1.5845452854647542e-38
0.3,0.25,0.2,0.1,0.1,0.05,0.1909612268300319,1.6162814735288542e-38
0.3,0.15,0.15,0.25,0.1,0.05,0.1909483976547559,1.6351340110894107e-38
0.25,0.05,0.15,0.1,0.3,0.15,0.1908384284863337,1.8059646598574676e-38
0.45,0.25,0.15,0.05,0.05,0.05,0.190775971205343,1.910768075723641e-38
0.6,0.05,0.05,0.1,0.15,0.05,0.19076126137788685,1.9363177763736226e-38
0.25,0.2,0.2,0.2,0.1,0.05,0.19074998240720023,1.95613809754357e-38
0.25,0.1,0.15,0.2,0.2,0.1,0.19073176883617882,1.9885710033120173e-38
0.2,0.1,0.15,0.15,0.2,0.2,0.19068191541057897,2.0801040361420603e-38
0.2,0.05,0.15,0.05,0.25,0.3,0.19059459844684815,2.250622645532529e-38
0.45,0.05,0.05,0.1,0.05,0.3,0.19058480540838238,2.2705931562144022e-38
0.2,0.1,0.2,0.4,0.05,0.05,0.19053405722241032,2.376937125875743e-38
0.25,0.05,0.1,0.15,0.1,0.35,0.1905169283335926,2.413936890875539e-38
0.25,0.15,0.2,0.05,0.25,0.1,0.1905147912583604,2.4185931221381575e-38
0.25,0.15,0.2,0.1,0.25,0.05,0.19051407115236246,2.4201640892274073e-38
0.65,0.1,0.05,0.05,0.1,0.05,0.19050539768908611,2.439165776537903e-38
0.3,0.05,0.1,0.1,0.15,0.3,0.19048478969676932,2.484910171865132e-38
0.5,0.15,0.1,0.05,0.05,0.15,0.190481190677237,2.4929860596096325e-38
0.3,0.05,0.15,0.3,0.05,0.15,0.19047512546413442,2.5066549322755846e-38
0.4,0.2,0.15,0.1,0.1,0.05,0.19045730853674422,2.547240315414307e-38
0.4,0.05,0.1,0.25,0.05,0.15,0.19040112058219383,2.6795575245317494e-38
0.6,0.05,0.05,0.15,0.1,0.05,0.190384401669522,2.720231667319162e-38
0.4,0.05,0.1,0.2,0.15,0.1,0.1903422602809213,2.825497079570907e-38
0.35,0.05,0.1,0.05,0.2,0.25,0.19022656595159976,3.135764778331722e-38
0.25,0.1,0.15,0.25,0.15,0.1,0.1902260689010116,3.1371682677400597e-38
0.3,0.15,0.15,0.05,0.15,0.2,0.19021084695567483,3.1804531041324225e-38
0.2,0.05,0.2,0.25,0.25,0.05,0.19017042352360175,3.298302719255206e-38
0.2,0.05,0.15,0.2,0.2,0.2,0.19014595285108865,3.371742202377913e-38
0.45,0.05,0.1,0.2,0.15,0.05,0.19009025818420908,3.5450027465066064e-38
0.3,0.05,0.15,0.15,0.3,0.05,0.1900441227690158,3.6952043623918215e-38
0.6,0.1,0.05,0.15,0.05,0.05,0.1899963589494956,3.857372254097521e-38
0.2,0.1,0.2,0.35,0.1,0.05,0.18992891044864207,4.098487035821688e-38
0.4,0.15,0.1,0.1,0.05,0.2,0.18986980646647134,4.3220490804969105e-38
0.3,0.3,0.2,0.05,0.05,0.1,0.18986225719430444,4.3514635535982886e-38
0.5,0.1,0.05,0.2,0.05,0.1,0.1898472977991447,4.4103392762156603e-38
0.4,0.1,0.1,0.15,0.15,0.1,0.18981580282673724,4.536894433498537e-38
0.4,0.1,0.1,0.3,0.05,0.05,0.18978258042412036,4.674303388726782e-38
0.2,0.15,0.2,0.05,0.25,0.15,0.18968075437374732,5.121752574683673e-38
0.25,0.1,0.15,0.3,0.1,0.1,0.18952880868339114,5.869751260926513e-38
0.4,0.1,0.1,0.05,0.1,0.25,0.1894875747178239,6.090831500059066e-38
0.5,0.05,0.05,0.15,0.05,0.2,0.18946622111436853,6.208553340093036e-38
0.3,0.1,0.1,0.25,0.05,0.2,0.18943925470727585,6.36045405587856e-38
0.35,0.1,0.1,0.1,0.1,0.25,0.18939364868952843,6.625801029512053e-38
0.25,0.05,0.15,0.25,0.1,0.2,0.1893727326529231,6.751147238975938e-38
0.25,0.05,0.15,0.25,0.15,0.15,0.18935236482131385,6.875472119401289e-38
0.3,0.05,0.1,0.2,0.1,0.25,0.18928208224780138,7.322205395904173e-38
0.2,0.15,0.15,0.35,0.05,0.1,0.1892466749602415,7.558071325091534e-38
0.4,0.1,0.1,0.2,0.15,0.05,0.18918858215349113,7.961520414527535e-38
0.35,0.05,0.1,0.1,0.2,0.2,0.1891328650851455,8.368555341638803e-38
0.25,0.25,0.2,0.15,0.05,0.1,0.18913016059404106,8.38883056072011e-38
0.5,0.05,0.05,0.1,0.1,0.2,0.18903620940308183,9.124303513278612e-38
0.35,0.15,0.15,0.15,0.15,0.05,0.18901823784625807,9.272122189802267e-38
0.2,0.05,0.15,0.1,0.3,0.2,0.18901370953079832,9.309742070632442e-38
0.3,0.1,0.15,0.05,0.25,0.15,0.18898189301717583,9.57837526640037e-38
0.6,0.05,0.05,0.05,0.2,0.05,0.1889169226361136,1.0151089898105212e-37
0.55,0.05,0.05,0.15,0.1,0.1,0.1888883118082754,1.0413966555779264e-37
0.2,0.2,0.2,0.05,0.15,0.2,0.1888520075127632,1.075728936549854e-37
0.2,0.2,0.2,0.25,0.1,0.05,0.1888296807002915,1.0973990980328947e-37
0.2,0.15,0.15,0.4,0.05,0.05,0.1888220556791149,1.1048987889509138e-37
0.45,0.05,0.1,0.25,0.1,0.05,0.18866184032014033,1.2748054694557004e-37
0.35,0.05,0.1,0.2,0.15,0.15,0.1886083085821224,1.3371732300850504e-37
0.2,0.1,0.15,0.2,0.2,0.15,0.1885991851332556,1.3481009720417154e-37
0.2,0.15,0.15,0.15,0.05,0.3,0.18858927572397327,1.3600706648238158e-37
0.25,0.25,0.2,0.05,0.1,0.15,0.18856185538814724,1.3937452512732963e-37
0.2,0.15,0.2,0.1,0.25,0.1,0.1885598339873726,1.3962602491236593e-37
0.25,0.05,0.15,0.05,0.3,0.2,0.18846101614461144,1.5248664390358248e-37
0.35,0.1,0.15,0.05,0.25,0.1,0.18842449334084344,1.5753215540848908e-37
0.45,0.05,0.1,0.1,0.25,0.05,0.18840874232197105,1.597589847049343e-37
0.2,0.15,0.15,0.2,0.05,0.25,0.18839991149180838,1.6102111471706287e-37
0.45,0.15,0.1,0.15,0.05,0.1,0.18838733460642515,1.6283576473381382e-37
0.45,0.15,0.1,0.05,0.05,0.2,0.18838195553424048,1.6361807231759096e-37
0.3,0.2,0.2,0.05,0.2,0.05,0.18835302336808393,1.6789034239557692e-37
0.2,0.05,0.2,0.05,0.45,0.05,0.18833943767379802,1.6993454237748544e-37
0.2,0.3,0.25,0.05,0.1,0.1,0.1882598945033498,1.8240921449416612e-37
0.25,0.3,0.2,0.05,0.05,0.15,0.18824504061549613,1.8483759931976861e-37
0.2,0.05,0.15,0.25,0.05,0.3,0.18822577742824634,1.8803473862755955e-37
0.2,0.1,0.2,0.05,0.4,0.05,0.18820236740511054,1.919941845733668e-37
0.55,0.1,0.05,0.2,0.05,0.05,0.18817441421415387,1.968306910495053e-37
0.5,0.1,0.1,0.1,0.15,0.05,0.18812255055662125,2.061271305161371e-37
0.3,0.1,0.1,0.15,0.1,0.25,0.18798521907507706,2.3290435613565447e-37
0.2,0.2,0.2,0.1,0.15,0.15,0.18795667029012977,2.3889058740657298e-37
0.3,0.1,0.15,0.1,0.25,0.1,0.18795064349171375,2.401737241670452e-37
0.25,0.2,0.2,0.15,0.15,0.05,0.18793600298144655,2.433193605302076e-37
0.45,0.05,0.1,0.05,0.25,0.1,0.18791557189302746,2.4777768899521384e-37
0.3,0.05,0.15,0.25,0.2,0.05,0.18786291560357232,2.5964567565014293e-37
0.25,0.05,0.15,0.3,0.05,0.2,0.18785315063360733,2.619078499692875e-37
0.25,0.1,0.15,0.05,0.25,0.2,0.18781636622904438,2.7060663141583797e-37
0.2,0.05,0.2,0.4,0.05,0.1,0.18770356102219618,2.991132757244366e-37
0.25,0.05,0.15,0.15,0.3,0.1,0.1876547278123242,3.123611321340919e-37
0.25,0.05,0.1,0.05,0.05,0.5,0.18765049964215544,3.135352434445341e-37
0.35,0.15,0.15,0.1,0.15,0.1,0.18753076241839758,3.486682536688954e-37
0.35,0.05,0.15,0.3,0.1,0.05,0.1875002975044698,3.582146453122959e-37
0.2,0.1,0.15,0.3,0.1,0.15,0.18746167780750195,3.706905149462258e-37
0.25,0.15,0.15,0.2,0.1,0.15,0.1874430591930897,3.768584555578122e-37
0.25,0.35,0.25,0.05,0.05,0.05,0.18742084605026554,3.843507158744702e-37
0.25,0.15,0.2,0.05,0.3,0.05,0.18740169283970176,3.9092959553924335e-37
0.2,0.15,0.15,0.3,0.05,0.15,0.18739617293408944,3.928462966496284e-37
0.2,0.15,0.15,0.25,0.05,0.2,0.18733305180540638,4.154392909018051e-37
0.4,0.05,0.1,0.15,0.2,0.1,0.18730559264780286,4.256663876827551e-37
0.5,0.1,0.1,0.05,0.15,0.1,0.18728736113758113,4.325944587241465e-37
0.25,0.05,0.15,0.2,0.25,0.1,0.18725562251843242,4.4492363048315695e-37
0.55,0.05,0.05,0.1,0.15,0.1,0.18721253962647302,4.622199868144781e-37
0.25,0.15,0.15,0.15,0.1,0.2,0.18720618010251142,4.6482909291662705e-37
0.6,0.05,0.05,0.2,0.05,0.05,0.18715519394229063,4.862829471439912e-37
0.3,0.05,0.15,0.3,0.1,0.1,0.18713791729671328,4.937734863630427e-37
0.3,0.2,0.15,0.15,0.05,0.15,0.18711447247170448,5.041219864002412e-37
0.25,0.1,0.15,0.15,0.25,0.1,0.18709480079782906,5.129710827395187e-37
0.45,0.15,0.1,0.2,0.05,0.05,0.18707199512749137,5.234233081707904e-37
0.2,0.2,0.2,0.2,0.1,0.1,0.18706710996536438,5.256896325283921e-37
0.45,0.1,0.05,0.2,0.05,0.15,0.18697695718757254,5.693077445008793e-37
0.35,0.05,0.15,0.05,0.35,0.05,0.18694373074607384,5.862747897300652e-37
0.55,0.1,0.05,0.15,0.05,0.1,0.18690511806870577,6.06624380502216e-37
0.5,0.05,0.05,0.05,0.15,0.2,0.18687670515306937,6.220452811056723e-37
0.3,0.3,0.2,0.05,0.1,0.05,0.18687441889325107,6.233029317837267e-37
0.3,0.4,0.15,0.05,0.05,0.05,0.186874307803918,6.233641053323144e-37
0.25,0.25,0.2,0.1,0.1,0.1,0.1868255623109747,6.507905927281949e-37
0.35,0.2,0.15,0.2,0.05,0.05,0.1868079090317779,6.610161098848893e-37
0.35,0.05,0.1,0.25,0.05,0.2,0.18679839999543874,6.665901310516023e-37
0.55,0.05,0.05,0.2,0.05,0.1,0.18678916182859473,6.720500919814893e-37
0.25,0.1,0.15,0.35,0.05,0.1,0.1867531719582129,6.937479449018108e-37
0.2,0.05,0.2,0.3,0.15,0.1,0.1867272468758679,7.0980777971296e-37
0.2,0.25,0.2,0.05,0.1,0.2,0.18645126823173835,9.054273345746554e-37
0.2,0.15,0.15,0.05,0.1,0.35,0.18641826421739136,9.321474240210512e-37
0.2,0.25,0.2,0.1,0.05,0.2,0.1863786715155017,9.652371828303203e-37
0.5,0.05,0.05,0.15,0.1,0.15,0.18627428035505883,1.0581837989480592e-36
0.35,0.2,0.15,0.1,0.1,0.1,0.18626200728326586,1.069679568564344e-36
0.55,0.1,0.05,0.1,0.05,0.15,0.1861664431475061,1.1635399880935387e-36
0.45,0.05,0.05,0.05,0.1,0.3,0.1861485414432755,1.1820114900483785e-36
0.4,0.25,0.15,0.1,0.05,0.05,0.186119092285349,1.2130339093549679e-36
0.25,0.05,0.15,0.3,0.1,0.15,0.18610248620746872,1.2308824239904308e-36
0.2,0.05,0.2,0.4,0.1,0.05,0.18609016197048103,1.2442971913049e-36
0.4,0.15,0.1,0.05,0.05,0.25,0.1860609623698254,1.2766631416620544e-36
0.25,0.1,0.1,0.2,0.05,0.3,0.18593301580252072,1.4286343093800628e-36
0.2,0.05,0.1,0.05,0.05,0.55,0.18587542675197197,1.5027772090167529e-36
0.35,0.05,0.1,0.15,0.2,0.15,0.18586983901793935,1.5101714552418926e-36
0.3,0.05,0.1,0.05,0.15,0.35,0.18586919114449188,1.511031120986678e-36
0.3,0.3,0.2,0.1,0.05,0.05,0.18583706191611782,1.554279012885713e-36
0.2,0.1,0.15,0.1,0.2,0.25,0.18580415699873296,1.5998457589769857e-36
0.2,0.1,0.15,0.3,0.05,0.2,0.18575590260385821,1.6690790467400383e-36
0.2,0.45,0.15,0.05,0.1,0.05,0.18574700476207326,1.6821665279096553e-36
0.35,0.1,0.1,0.3,0.05,0.1,0.18574368230372648,1.6870794986432447e-36
0.35,0.1,0.1,0.05,0.1,0.3,0.1857319798091957,1.7044979677145055e-36
0.3,0.25,0.2,0.05,0.15,0.05,0.18571253896346068,1.733830327946311e-36
0.25,0.15,0.15,0.05,0.15,0.25,0.18569784538104528,1.7563322760527133e-36
0.3,0.1,0.1,0.2,0.1,0.2,0.1856727786959884,1.7953913646551438e-36
0.4,0.15,0.15,0.05,0.2,0.05,0.1856439631134902,1.841359258322874e-36
0.3,0.35,0.1,0.1,0.1,0.05,0.18556728547163656,1.9694532676118592e-36
0.2,0.05,0.2,0.45,0.05,0.05,0.18554899595537505,2.0012918250308907e-36
0.35,0.35,0.1,0.05,0.1,0.05,0.18553556436730104,2.0249988262332783e-36
0.3,0.2,0.15,0.1,0.1,0.15,0.18538673787208357,2.307104682128304e-36
0.35,0.1,0.1,0.25,0.1,0.1,0.18535642065829477,2.369190382147603e-36
0.35,0.15,0.1,0.1,0.05,0.25,0.1853180478486682,2.450158076923517e-36
0.2,0.05,0.15,0.2,0.25,0.15,0.18530892398607912,2.4698107019482523e-36
0.55,0.15,0.1,0.05,0.1,0.05,0.18528247194852632,2.5276774602838183e-36
0.25,0.05,0.1,0.1,0.1,0.4,0.1852321246320564,2.6415647610302243e-36
0.25,0.05,0.1,0.15,0.05,0.4,0.1852019011830866,2.7123648411554255e-36
0.25,0.25,0.2,0.05,0.15,0.1,0.18517413942393016,2.7790579448148447e-36
0.4,0.05,0.1,0.1,0.25,0.1,0.18515070636190886,2.8366182061730892e-36
0.3,0.15,0.15,0.2,0.15,0.05,0.18514287711147986,2.856112485596041e-36
0.3,0.05,0.1,0.2,0.15,0.2,0.18508899766510103,2.993926366274682e-36
0.35,0.35,0.15,0.05,0.05,0.05,0.1850620572395159,3.065292487858175e-36
0.3,0.35,0.15,0.05,0.1,0.05,0.18503640065140614,3.134827988593485e-36
0.25,0.15,0.15,0.25,0.1,0.1,0.1850342704627252,3.140671279163306e-36
0.4,0.05,0.1,0.2,0.2,0.05,0.18499266721934213,3.2569866953150894e-36
0.2,0.15,0.2,0.15,0.25,0.05,0.1849750683736648,3.3074688303373864e-36
0.25,0.1,0.15,0.1,0.25,0.15,0.18490190002679982,3.525820115605061e-36
0.4,0.25,0.15,0.05,0.05,0.1,0.18488352257765314,3.5828762972312026e-36
0.35,0.2,0.15,0.05,0.1,0.15,0.18485998861849,3.6572830876216363e-36
0.25,0.2,0.15,0.05,0.05,0.3,0.18485019900415042,3.688684941432043e-36
0.4,0.15,0.1,0.15,0.05,0.15,0.18471700108688532,4.143524619202131e-36
0.2,0.05,0.15,0.15,0.3,0.15,0.18471437030305637,4.153047761781017e-36
0.5,0.1,0.05,0.25,0.05,0.05,0.1847024536503843,4.196457746732415e-36
0.25,0.1,0.15,0.35,0.1,0.05,0.18466584782704137,4.3326444588449496e-36
0.35,0.35,0.1,0.1,0.05,0.05,0.18466255568931714,4.3451054715436295e-36
0.45,0.05,0.05,0.15,0.05,0.25,0.18460566890434257,4.566136984328279e-36
0.2,0.1,0.15,0.05,0.2,0.3,0.18458349888041028,4.655271341622033e-36
0.5,0.05,0.05,0.2,0.05,0.15,0.18455335132658007,4.779258720560738e-36
0.4,0.25,0.15,0.05,0.1,0.05,0.1845387388189715,4.840530266396469e-36
0.3,0.15,0.15,0.1,0.15,0.15,0.18453408966913626,4.860187720197266e-36
0.2,0.05,0.1,0.1,0.05,0.5,0.18449733443183633,5.018413198827969e-36
0.3,0.05,0.15,0.05,0.35,0.1,0.18448979872356647,5.05147991896938e-36
0.4,0.15,0.1,0.2,0.05,0.1,0.1843662473145319,5.6255426440509166e-36
0.2,0.1,0.15,0.25,0.15,0.15,0.18436249979291267,5.64393212008016e-36
0.4,0.3,0.15,0.05,0.05,0.05,0.18432666203151107,5.822835790715149e-36
0.2,0.35,0.25,0.05,0.05,0.1,0.18431450238236605,5.8848083297707935e-36
0.25,0.45,0.15,0.05,0.05,0.05,0.18428156395090295,6.055992340050918e-36
0.3,0.1,0.1,0.05,0.05,0.4,0.1842285227435508,6.342107481019276e-36
0.3,0.3,0.1,0.05,0.2,0.05,0.18419657627628072,6.520871418430805e-36
0.2,0.3,0.25,0.05,0.15,0.05,0.18419159789969267,6.549176322026807e-36
0.35,0.2,0.15,0.15,0.1,0.05,0.18418997416852945,6.558434527186243e-36
0.25,0.05,0.1,0.2,0.05,0.35,0.18416835619581093,6.682942031587539e-36
0.4,0.35,0.1,0.05,0.05,0.05,0.18410407449586025,7.067210614098844e-36
0.35,0.1,0.1,0.2,0.15,0.1,0.18410125345088135,7.084568236489249e-36
0.3,0.15,0.15,0.15,0.15,0.1,0.18409343219245333,7.132913482624374e-36
0.55,0.1,0.05,0.05,0.05,0.2,0.18408934643200137,7.158298811622647e-36
0.4,0.05,0.05,0.05,0.05,0.4,0.18404472994686605,7.441415712976635e-36
0.25,0.2,0.2,0.1,0.2,0.05,0.18402253764120305,7.586353169941285e-36
0.2,0.15,0.2,0.05,0.3,0.1,0.18397771030389315,7.887727613731988e-36
0.3,0.05,0.1,0.15,0.2,0.2,0.18397448544810693,7.909861332758691e-36
0.45,0.05,0.05,0.15,0.1,0.2,0.1839665543289726,7.964559185933591e-36
0.25,0.15,0.15,0.1,0.15,0.2,0.18395505749924318,8.044516119924135e-36
0.25,0.2,0.2,0.05,0.2,0.1,0.18390207563184713,8.423416105465455e-36
0.2,0.05,0.2,0.35,0.1,0.1,0.18389738048284035,8.457836540169583e-36
0.25,0.4,0.15,0.05,0.05,0.1,0.18385318214797028,8.78878353814821e-36
0.35,0.05,0.15,0.35,0.05,0.05,0.18381493811666375,9.085506718375403e-36
0.35,0.15,0.1,0.05,0.05,0.3,0.18376939119721458,9.45189842463343e-36
0.25,0.25,0.2,0.2,0.05,0.05,0.18376493928921275,9.48848875076e-36
0.3,0.05,0.15,0.1,0.35,0.05,0.1837512962713721,9.601499620781982e-36
0.45,0.1,0.1,0.1,0.15,0.1,0.18370762822962458,9.972286341838031e-36
0.25,0.3,0.2,0.05,0.1,0.1,0.18368960766172174,1.0129414100331148e-35
0.55,0.2,0.1,0.05,0.05,0.05,0.18366947097860079,1.0307903982208452e-35
0.2,0.25,0.25,0.05,0.2,0.05,0.1836612919529627,1.0381291256991968e-35
0.25,0.1,0.1,0.25,0.05,0.25,0.18365670527541814,1.0422672657721353e-35
0.3,0.35,0.1,0.05,0.1,0.1,0.18359451737624533,1.1000177859479316e-35
0.4,0.1,0.1,0.1,0.15,0.15,0.18359014488033087,1.1041958717971163e-35
0.35,0.1,0.1,0.15,0.15,0.15,0.18357910187305188,1.1148181971891424e-35
0.45,0.05,0.05,0.2,0.05,0.2,0.18357581589739125,1.1179985457207233e-35
0.35,0.3,0.15,0.05,0.05,0.1,0.18356058069563805,1.1328621778847672e-35
0.25,0.05,0.15,0.25,0.2,0.1,0.1835262822084029,1.1670464272091138e-35
0.3,0.2,0.15,0.2,0.05,0.1,0.18350937855458596,1.1842687659070401e-35
0.2,0.05,0.15,0.25,0.1,0.25,0.18350706594738256,1.1866445218127245e-35
0.25,0.4,0.15,0.05,0.1,0.05,0.18344946363196385,1.2473716492343796e-35
0.3,0.35,0.15,0.05,0.05,0.1,0.18344044033019288,1.257160144676212e-35
0.25,0.05,0.2,0.35,0.1,0.05,0.18343926986594947,1.2584354445230197e-35
0.2,0.15,0.2,0.1,0.3,0.05,0.18342651742233476,1.272413642729725e-35
0.2,0.4,0.15,0.05,0.15,0.05,0.18335498694984134,1.353726772568043e-35
0.25,0.1,0.15,0.2,0.25,0.05,0.1833544378835499,1.3543704811586024e-35
0.3,0.05,0.1,0.1,0.2,0.25,0.1833530027233542,1.3560544556163345e-35
0.25,0.2,0.15,0.1,0.05,0.25,0.1833164591638669,1.3996413732584622e-35
0.35,0.25,0.15,0.05,0.05,0.15,0.18330232074316788,1.416875714102036e-35
0.2,0.25,0.2,0.05,0.15,0.15,0.18329693144821124,1.4235004624766222e-35
0.35,0.25,0.15,0.1,0.05,0.1,0.18328902155988663,1.4332793880242908e-35
0.3,0.35,0.2,0.05,0.05,0.05,0.18327956406166032,1.4450592362473308e-35
0.35,0.4,0.1,0.05,0.05,0.05,0.18326923265155923,1.4580375242474844e-35
0.45,0.1,0.1,0.05,0.15,0.15,0.1832436943351287,1.4906176571860242e-35
0.2,0.1,0.15,0.4,0.05,0.1,0.18321842026871238,1.5235724894455962e-35
0.3,0.35,0.1,0.05,0.15,0.05,0.18313060398703065,1.6438030518710505e-35
0.25,0.15,0.15,0.3,0.1,0.05,0.18310654620370426,1.6783547214989386e-35
0.4,0.05,0.1,0.25,0.1,0.1,0.18309426206118976,1.6962743957406241e-35
0.2,0.2,0.2,0.05,0.2,0.15,0.18308439135589422,1.7108110381708154e-35
0.2,0.1,0.15,0.35,0.05,0.15,0.18299167967880228,1.8535322978342046e-35
0.25,0.1,0.1,0.15,0.05,0.35,0.1829761557400374,1.878559889053089e-35
0.25,0.1,0.15,0.25,0.2,0.05,0.1829725375513825,1.8844411774264276e-35
0.3,0.05,0.15,0.35,0.05,0.1,0.18294920116004493,1.9228158488340502e-35
0.35,0.15,0.15,0.05,0.2,0.1,0.18294275162773532,1.9335577792629529e-35
0.25,0.1,0.15,0.4,0.05,0.05,0.18288726292755278,2.0284734229697383e-35
0.3,0.1,0.15,0.1,0.3,0.05,0.1828762177563091,2.0479117722698197e-35
0.45,0.05,0.05,0.1,0.1,0.25,0.18287396122892782,2.051905728623161e-35
0.4,0.05,0.05,0.15,0.05,0.3,0.1828300508101802,2.131183811492419e-35
0.5,0.2,0.1,0.05,0.05,0.1,0.18279830256237986,2.1903917826855437e-35
0.25,0.1,0.15,0.3,0.15,0.05,0.18277645807310472,2.2320760280942483e-35
0.2,0.5,0.15,0.05,0.05,0.05,0.18276534018469612,2.2535930954109494e-35
0.2,0.1,0.15,0.35,0.1,0.1,0.18273009767465875,2.3231708750712276e-35
0.2,0.4,0.15,0.05,0.1,0.1,0.18269284430106086,2.3990393282008395e-35
0.35,0.25,0.15,0.05,0.1,0.1,0.18267746966593387,2.431063390976676e-35
0.2,0.05,0.15,0.25,0.15,0.2,0.18265532855923394,2.477928861469589e-35
0.35,0.3,0.15,0.1,0.05,0.05,0.18264049935929164,2.509818111029802e-35
0.4,0.2,0.15,0.05,0.15,0.05,0.18260980641157556,2.577122100219296e-35
0.35,0.1,0.1,0.3,0.1,0.05,0.1825875902044078,2.6269536876302626e-35
0.2,0.45,0.15,0.05,0.05,0.1,0.18257552524766024,2.654415537822355e-35
0.2,0.25,0.2,0.15,0.05,0.15,0.18245551485011482,2.9435907055142814e-35
0.3,0.2,0.15,0.05,0.1,0.2,0.1824381392609782,2.987974412137789e-35
0.25,0.25,0.2,0.1,0.15,0.05,0.182431422120282,3.005310084012585e-35
0.4,0.05,0.05,0.2,0.05,0.25,0.18242515269303222,3.021580413200023e-35
0.3,0.4,0.1,0.05,0.1,0.05,0.18241702599035328,3.042800992561363e-35
0.2,0.05,0.15,0.05,0.3,0.25,0.1824167299402471,3.0435768316747154e-35
0.25,0.4,0.2,0.05,0.05,0.05,0.18240975846017707,3.061903432685098e-35
0.35,0.05,0.1,0.2,0.2,0.1,0.18235338891117067,3.2141705618249456e-35
0.3,0.05,0.1,0.25,0.05,0.25,0.18234714376553204,3.231496207279846e-35
0.25,0.05,0.15,0.1,0.35,0.1,0.18228479355622768,3.4096396629356576e-35
0.25,0.05,0.15,0.2,0.3,0.05,0.1822827345836359,3.4156859199321146e-35
0.45,0.05,0.1,0.3,0.05,0.05,0.18226799687136572,3.459275851944177e-35
0.2,0.05,0.15,0.3,0.05,0.25,0.1822601924111565,3.48258252492389e-35
0.2,0.2,0.2,0.15,0.15,0.1,0.1822264840624961,3.5850514465642035e-35
0.25,0.2,0.2,0.05,0.25,0.05,0.18219833773628508,3.6729027026156293e-35
0.25,0.3,0.2,0.05,0.15,0.05,0.18217506591122523,3.7471518713352384e-35
0.4,0.05,0.1,0.05,0.25,0.15,0.18217219210332644,3.7564236149818227e-35
0.2,0.4,0.25,0.05,0.05,0.05,0.18216532494515866,3.7786714580412856e-35
0.3,0.1,0.15,0.05,0.3,0.1,0.18216133141374152,3.79166961702344e-35
0.25,0.25,0.2,0.05,0.2,0.05,0.18214113611595073,3.8580846063986916e-35
0.4,0.05,0.1,0.25,0.15,0.05,0.18208316072706743,4.055233013891652e-35
0.2,0.1,0.15,0.15,0.25,0.15,0.18199743648740807,4.365219475255084e-35
0.35,0.1,0.15,0.05,0.3,0.05,0.18198395830153094,4.416054041266472e-35
0.45,0.05,0.1,0.05,0.3,0.05,0.18192745895441906,4.635624664503876e-35
0.2,0.15,0.15,0.35,0.1,0.05,0.1819220464490913,4.657219758721271e-35
0.25,0.05,0.1,0.15,0.15,0.3,0.18190088891921483,4.7425981295792104e-35
0.4,0.15,0.1,0.25,0.05,0.05,0.1818670207306331,4.882516047404822e-35
0.3,0.1,0.1,0.3,0.05,0.15,0.18185901890480113,4.916167858164919e-35
0.3,0.2,0.15,0.15,0.1,0.1,0.18185736836142327,4.923137853102923e-35
0.4,0.05,0.1,0.15,0.25,0.05,0.18185243220530534,4.944041115856249e-35
0.25,0.35,0.2,0.05,0.1,0.05,0.18177572114544208,5.280454293979299e-35
0.25,0.4,0.15,0.1,0.05,0.05,0.1817673991003312,5.318290307629402e-35
0.2,0.15,0.15,0.1,0.1,0.3,0.1817622920344511,5.341642681439734e-35
0.25,0.3,0.2,0.1,0.05,0.1,0.18174645188605548,5.414722503933127e-35
0.35,0.3,0.1,0.05,0.15,0.05,0.18168271933288585,5.718929997510675e-35
0.25,0.3,0.1,0.05,0.2,0.1,0.18161771205679467,6.046709481943845e-35
0.35,0.35,0.1,0.05,0.05,0.1,0.1815918710370229,6.182128330591933e-35
0.25,0.1,0.1,0.1,0.05,0.4,0.18158037486609402,6.243337615524594e-35
0.5,0.1,0.05,0.15,0.05,0.15,0.18157344657176197,6.280516360180977e-35
0.3,0.1,0.1,0.05,0.1,0.35,0.1815689631631335,6.304692417982531e-35
0.25,0.35,0.15,0.05,0.15,0.05,0.1815592351819564,6.357467307318258e-35
0.35,0.3,0.15,0.05,0.1,0.05,0.1815459500873097,6.430249185005219e-35
0.25,0.15,0.15,0.15,0.15,0.15,0.1815418693477314,6.45277105786132e-35
0.25,0.15,0.15,0.2,0.15,0.1,0.1814926089694273,6.730902958368886e-35
0.25,0.2,0.15,0.1,0.1,0.2,0.18148029194227838,6.802287698666592e-35
0.2,0.3,0.25,0.1,0.1,0.05,0.18145212649947212,6.968361893921897e-35
0.2,0.35,0.25,0.05,0.1,0.05,0.18141784998553653,7.175910316180154e-35
0.3,0.25,0.15,0.1,0.05,0.15,0.18139538876215258,7.315233826133381e-35
0.2,0.05,0.2,0.35,0.15,0.05,0.1813902953456587,7.347199322440509e-35
0.2,0.2,0.2,0.05,0.25,0.1,0.1813326650494258,7.718687669486738e-35
0.25,0.35,0.15,0.1,0.1,0.05,0.18127194675024483,8.130273970255794e-35
0.25,0.05,0.15,0.25,0.25,0.05,0.1812428078812596,8.335463885076906e-35
0.2,0.05,0.2,0.3,0.2,0.05,0.18123330957411124,8.403454188261225e-35
0.2,0.05,0.15,0.2,0.3,0.1,0.18122399200879263,8.470685840937879e-35
0.25,0.1,0.1,0.05,0.05,0.45,0.18120480788114218,8.610797364974057e-35
0.35,0.25,0.15,0.1,0.1,0.05,0.18120397620318512,8.616923317909988e-35
0.3,0.25,0.15,0.05,0.05,0.2,0.18114935221194212,9.028894511600299e-35
0.3,0.1,0.1,0.1,0.1,0.3,0.18108509312956797,9.538635722167313e-35
0.35,0.05,0.1,0.1,0.25,0.15,0.1810679280180224,9.679570750219295e-35
0.2,0.1,0.15,0.1,0.25,0.2,0.18105653982608005,9.774213330515987e-35
0.2,0.4,0.2,0.05,0.1,0.05,0.1809963592704653,1.0289821057330468e-34
0.5,0.05,0.05,0.1,0.15,0.15,0.18098470946103049,1.0392709981592307e-34
0.25,0.2,0.15,0.15,0.05,0.2,0.18093559572693166,1.0837825844898654e-34
0.25,0.35,0.1,0.1,0.1,0.1,0.18092265437019836,1.0958231699333476e-34
0.25,0.05,0.15,0.35,0.05,0.15,0.1809193356634282,1.0989322249084535e-34
0.25,0.15,0.1,0.4,0.05,0.05,0.18081531789077634,1.2009475493431968e-34
0.3,0.35,0.15,0.1,0.05,0.05,0.18079316126158834,1.223863969259413e-34
0.25,0.05,0.15,0.05,0.35,0.15,0.18077004233420313,1.2482387547172175e-34
0.45,0.3,0.05,0.1,0.05,0.05,0.18075661119010913,1.2626202808642284e-34
0.3,0.45,0.1,0.05,0.05,0.05,0.1807438799224839,1.2764042892154183e-34
0.2,0.25,0.2,0.2,0.05,0.1,0.18067236335278766,1.3566585056742573e-34
0.5,0.15,0.1,0.1,0.1,0.05,0.18063221871166532,1.4038835730787546e-34
0.25,0.05,0.1,0.05,0.1,0.45,0.18062766410564518,1.4093435577047858e-34
0.2,0.15,0.15,0.15,0.1,0.25,0.18061741464398778,1.4217076891134965e-34
0.25,0.4,0.1,0.05,0.1,0.1,0.18059732967187242,1.4462498320695944e-34
0.25,0.05,0.1,0.2,0.15,0.25,0.18059330461168588,1.4512184913981979e-34
0.2,0.3,0.2,0.05,0.05,0.2,0.18056305102483644,1.4891110515286037e-34
0.35,0.25,0.15,0.05,0.15,0.05,0.18051022089265378,1.5576514763793463e-34
0.35,0.15,0.15,0.1,0.2,0.05,0.18050426186018892,1.565576557684321e-34
0.3,0.3,0.1,0.1,0.15,0.05,0.18046411665361334,1.6200204262699717e-34
0.2,0.1,0.15,0.05,0.25,0.25,0.18040747773807672,1.7000446303885122e-34
0.35,0.05,0.1,0.25,0.1,0.15,0.18037963573677812,1.7408092253733364e-34
0.3,0.2,0.15,0.25,0.05,0.05,0.18037759500766784,1.7438350416496413e-34
0.3,0.1,0.1,0.25,0.1,0.15,0.18036359926364895,1.7647279374279708e-34
0.45,0.1,0.05,0.25,0.05,0.1,0.1803316121643838,1.813416399119452e-34
0.2,0.3,0.2,0.05,0.1,0.15,0.18033072617600102,1.8147838057207114e-34
0.25,0.3,0.1,0.05,0.25,0.05,0.18028097160556855,1.8932395528323175e-34
0.4,0.05,0.1,0.3,0.05,0.1,0.18027870044926653,1.8969001353177687e-34
0.2,0.05,0.15,0.1,0.35,0.15,0.1802321556070631,1.9734871973952537e-34
0.25,0.05,0.1,0.1,0.15,0.35,0.18019281799327477,2.04060408868829e-34
0.2,0.35,0.15,0.05,0.2,0.05,0.18019233508665392,2.0414419411097987e-34
0.5,0.1,0.05,0.2,0.1,0.05,0.18013638364328116,2.1408680572551335e-34
0.3,0.4,0.1,0.1,0.05,0.05,0.18009291115055226,2.2214260419091233e-34
0.4,0.1,0.1,0.15,0.2,0.05,0.18003180489058915,2.339774603102116e-34
0.3,0.3,0.15,0.05,0.1,0.1,0.1799665528790881,2.4730714170965403e-34
0.3,0.35,0.1,0.05,0.05,0.15,0.17991612854721098,2.5812203073265424e-34
0.45,0.2,0.1,0.05,0.05,0.15,0.17990804811147942,2.5989823673260987e-34
0.2,0.05,0.15,0.3,0.1,0.2,0.1799046572919522,2.6064720244271416e-34
0.25,0.15,0.15,0.25,0.15,0.05,0.1799044708197527,2.6068845262616245e-34
0.45,0.1,0.05,0.15,0.05,0.2,0.17987968700076637,2.6622906107440847e-34
0.4,0.35,0.05,0.1,0.05,0.05,0.17987207964588858,2.6795308361682914e-34
0.3,0.3,0.1,0.05,0.15,0.1,0.17987140675039343,2.6810611173261756e-34
0.3,0.15,0.1,0.35,0.05,0.05,0.17985885833474569,2.7097579259022133e-34
0.2,0.15,0.15,0.3,0.1,0.1,0.1798387054517771,2.7564849347041647e-34
0.55,0.05,0.05,0.05,0.2,0.1,0.17981665168139102,2.8085367404563747e-34
0.25,0.05,0.1,0.2,0.1,0.3,0.17980973382893428,2.8250646550380735e-34
0.2,0.35,0.25,0.1,0.05,0.05,0.17980021193401524,2.84797215013871e-34
0.2,0.45,0.2,0.05,0.05,0.05,0.17979013389681106,2.8724185574218246e-34
0.25,0.2,0.15,0.2,0.05,0.15,0.1797657693159103,2.932384294721503e-34
0.35,0.3,0.1,0.1,0.1,0.05,0.17974135537603442,2.9937183472938007e-34
0.25,0.05,0.15,0.15,0.35,0.05,0.17973837115244407,3.0013023253797912e-34
0.3,0.05,0.15,0.3,0.15,0.05,0.17973544661749966,3.008753123690724e-34
0.45,0.35,0.05,0.05,0.05,0.05,0.17970547549463423,3.0861768801230417e-34
0.2,0.05,0.1,0.1,0.1,0.45,0.1796936229567222,3.1173383673300877e-34
0.35,0.05,0.1,0.15,0.25,0.1,0.17969355275039806,3.117523874431991e-34
0.25,0.25,0.15,0.05,0.05,0.25,0.1796484633093652,3.238957435920314e-34
0.3,0.3,0.15,0.05,0.05,0.15,0.17963933159596557,3.2641168037899783e-34
0.25,0.2,0.15,0.05,0.1,0.25,0.1796148999934424,3.3323881563438093e-34
0.2,0.15,0.15,0.2,0.1,0.2,0.17960611257895706,3.357288773496653e-34
0.3,0.25,0.15,0.05,0.1,0.15,0.17958858794862972,3.407500774472253e-34
0.2,0.15,0.2,0.05,0.35,0.05,0.17958791989991113,3.409429569850592e-34
0.4,0.05,0.05,0.15,0.1,0.25,0.17958115564365815,3.429020554180519e-34
0.2,0.25,0.2,0.1,0.1,0.15,0.17954940321608806,3.5224880205864766e-34
0.25,0.2,0.15,0.15,0.1,0.15,0.17952531475043784,3.595079421651213e-34
0.4,0.35,0.05,0.05,0.05,0.1,0.17948060525064993,3.733772815293656e-34
0.5,0.15,0.1,0.05,0.1,0.1,0.17946872840574962,3.7715008079026595e-34
0.3,0.3,0.15,0.05,0.15,0.05,0.17944034956122912,3.863189053943523e-34
0.2,0.15,0.15,0.25,0.1,0.15,0.1794265903157567,3.9084367343207785e-34
0.25,0.35,0.15,0.05,0.1,0.1,0.17942106924893456,3.926740531357298e-34
0.25,0.1,0.15,0.05,0.3,0.15,0.17939783434956727,4.004707887056594e-34
0.3,0.35,0.1,0.1,0.05,0.1,0.17933112022213027,4.237222534124205e-34
0.25,0.35,0.15,0.05,0.05,0.15,0.17930214273753428,4.342346370896572e-34
0.6,0.1,0.05,0.05,0.1,0.1,0.1792695501342927,4.463682440857801e-34
0.25,0.35,0.1,0.05,0.15,0.1,0.17926752109569996,4.471346524945962e-34
0.25,0.35,0.2,0.05,0.05,0.1,0.17924360653859042,4.562667238562003e-34
0.4,0.3,0.05,0.1,0.1,0.05,0.17922003152027607,4.654503823793513e-34
0.35,0.2,0.15,0.1,0.15,0.05,0.17919196360610043,4.766238875850525e-34
0.25,0.05,0.1,0.25,0.05,0.3,0.17918153394856376,4.808433444308267e-34
0.2,0.4,0.15,0.05,0.05,0.15,0.17917642799231864,4.829225313156012e-34
0.25,0.3,0.15,0.05,0.1,0.15,0.17913512024955217,5.000749800871927e-34
0.25,0.05,0.15,0.3,0.15,0.1,0.1791087516520759,5.113391197079281e-34
0.3,0.1,0.1,0.2,0.15,0.15,0.17904815723946013,5.381876338446963e-34
0.25,0.3,0.15,0.05,0.2,0.05,0.17903707609852307,5.432467995736338e-34
0.2,0.2,0.2,0.05,0.3,0.05,0.17899676158570696,5.620543345290439e-34
0.35,0.1,0.1,0.25,0.15,0.05,0.17896682268703493,5.764385125757413e-34
0.35,0.1,0.1,0.1,0.15,0.2,0.1789590387153485,5.802378282824783e-34
0.25,0.1,0.15,0.1,0.3,0.1,0.1789476541942741,5.858393766103546e-34
0.35,0.25,0.15,0.15,0.05,0.05,0.17890832366790682,6.0560767144406705e-34
0.55,0.05,0.05,0.2,0.1,0.05,0.17890727517768143,6.061436295206638e-34
0.35,0.1,0.1,0.2,0.2,0.05,0.1787655904664211,6.830750679116531e-34
0.2,0.1,0.15,0.3,0.15,0.1,0.1787598400175072,6.86394282058902e-34
0.2,0.3,0.1,0.05,0.2,0.15,0.1786356767997045,7.62100194671882e-34
0.25,0.3,0.2,0.1,0.1,0.05,0.1785815549555202,7.976418793306983e-34
0.3,0.1,0.1,0.15,0.15,0.2,0.1785642833310397,8.093268984202173e-34
0.3,0.15,0.15,0.05,0.2,0.15,0.17851198017451542,8.457591250079456e-34
0.35,0.15,0.1,0.15,0.05,0.2,0.17848533574891753,8.649399873031805e-34
0.55,0.05,0.05,0.15,0.15,0.05,0.17843604107168304,9.015722302570677e-34
0.2,0.4,0.2,0.05,0.05,0.1,0.17841550793487662,9.172817173650073e-34
0.6,0.1,0.05,0.1,0.1,0.05,0.17834450637943558,9.737279563792083e-34
0.4,0.3,0.05,0.1,0.05,0.1,0.17834328630643775,9.747274641135481e-34
0.25,0.05,0.1,0.15,0.2,0.25,0.1783266402389524,9.884664531547027e-34
0.25,0.35,0.1,0.1,0.15,0.05,0.17832523237275505,9.896372303816028e-34
0.25,0.35,0.1,0.05,0.2,0.05,0.1783209496286419,9.932072195255663e-34
0.35,0.2,0.15,0.05,0.15,0.1,0.178317896445479,9.957600822118177e-34
0.45,0.15,0.1,0.1,0.1,0.1,0.17830035242532757,1.0105559824012155e-33
0.2,0.2,0.2,0.2,0.15,0.05,0.1782889635344432,1.0202775468702444e-33
0.25,0.3,0.1,0.1,0.2,0.05,0.17827846070908138,1.0293250480959308e-33
0.4,0.4,0.05,0.05,0.05,0.05,0.17822509344785012,1.0765429924397262e-33
0.2,0.15,0.15,0.15,0.15,0.2,0.17822105259213228,1.0802046056103385e-33
0.2,0.15,0.15,0.1,0.15,0.25,0.17821273129496595,1.0877839319675782e-33
0.25,0.25,0.2,0.15,0.1,0.05,0.17821001740427864,1.0902672392248314e-33
0.25,0.1,0.15,0.15,0.3,0.05,0.17815633914854223,1.1405580078206177e-33
0.2,0.45,0.15,0.1,0.05,0.05,0.1781309806515595,1.1651107823411936e-33
0.3,0.05,0.15,0.4,0.05,0.05,0.17812631246195634,1.1696875129633064e-33
0.2,0.05,0.1,0.15,0.1,0.4,0.1780814442952494,1.2145971535493966e-33
0.35,0.3,0.1,0.1,0.05,0.1,0.1780753344351106,1.2208436574992016e-33
0.35,0.2,0.15,0.05,0.2,0.05,0.17805120935587435,1.2458214718139247e-33
0.4,0.1,0.1,0.05,0.15,0.2,0.1780428217388857,1.2546239060550883e-33
0.2,0.1,0.15,0.2,0.25,0.1,0.17803365282168704,1.2643169453074505e-33
0.2,0.25,0.2,0.05,0.2,0.1,0.1780258747992768,1.2725978517638827e-33
0.3,0.05,0.15,0.35,0.1,0.05,0.17801224730295864,1.2872364698064171e-33
0.35,0.05,0.1,0.05,0.25,0.2,0.17792160267894985,1.3889532860937381e-33
0.2,0.05,0.15,0.15,0.35,0.1,0.17784921856135558,1.4758778978752028e-33
0.5,0.1,0.05,0.1,0.05,0.2,0.1778477713784643,1.477669767089856e-33
0.25,0.05,0.1,0.05,0.15,0.4,0.1778181500297811,1.5148245649838351e-33
0.2,0.35,0.15,0.05,0.15,0.1,0.17775782161444093,1.593388588006089e-33
0.45,0.1,0.05,0.2,0.1,0.1,0.1777522220148113,1.600882814413492e-33
0.3,0.35,0.1,0.15,0.05,0.05,0.1777245163741871,1.6384807859817696e-33
0.3,0.25,0.15,0.15,0.05,0.1,0.1777182849467503,1.6470571945586613e-33
0.3,0.05,0.1,0.05,0.2,0.3,0.177714988960481,1.651611519263624e-33
0.25,0.45,0.1,0.05,0.1,0.05,0.17771024005765337,1.6581954493345763e-33
0.5,0.05,0.05,0.2,0.1,0.1,0.17763424734077274,1.7671682585224787e-33
0.35,0.05,0.1,0.3,0.05,0.15,0.1776232796573311,1.783472208373063e-33
0.2,0.1,0.15,0.4,0.1,0.05,0.1776184852414745,1.7906461536909353e-33
0.25,0.35,0.1,0.05,0.1,0.15,0.1776109560582179,1.801970037950869e-33
0.35,0.35,0.05,0.1,0.05,0.1,0.1776094013384918,1.804317177168404e-33
0.2,0.35,0.15,0.05,0.1,0.15,0.17755454052981826,1.889112054777553e-33
0.4,0.3,0.1,0.05,0.1,0.05,0.17751274810264137,1.9563526906738433e-33
0.2,0.05,0.1,0.05,0.1,0.5,0.1775002538962322,1.976912437674687e-33
0.4,0.35,0.05,0.05,0.1,0.05,0.1774971472208688,1.9820578196721444e-33
0.3,0.05,0.1,0.15,0.25,0.15,0.1774780562429273,2.0139701605577736e-33
0.25,0.15,0.15,0.2,0.2,0.05,0.17747721130183314,2.0153942868883818e-33
0.2,0.2,0.15,0.1,0.1,0.25,0.17747482915424706,2.0194147205655116e-33
0.2,0.25,0.2,0.1,0.15,0.1,0.17741575218091962,2.12170877357399e-33
0.2,0.35,0.2,0.05,0.05,0.15,0.17741409149768333,2.1246574583310423e-33
0.25,0.15,0.15,0.05,0.2,0.2,0.17740595501783646,2.139163381818688e-33
0.2,0.5,0.1,0.05,0.05,0.1,0.17740150838611296,2.147132461469026e-33
0.45,0.3,0.05,0.05,0.1,0.05,0.17738355477025639,2.1796091142667735e-33
0.4,0.2,0.1,0.05,0.05,0.2,0.17736250157598316,2.218314445522613e-33
0.25,0.1,0.1,0.3,0.05,0.2,0.17733355346842297,2.2726508182563057e-33
0.2,0.05,0.1,0.15,0.05,0.45,0.17732896986248484,2.281374724689134e-33
0.3,0.25,0.15,0.05,0.15,0.1,0.17730435675579329,2.32879226037852e-33
0.2,0.15,0.1,0.45,0.05,0.05,0.17730125640201816,2.3348341151462156e-33
0.25,0.5,0.1,0.05,0.05,0.05,0.1772933552244424,2.3503021030112e-33
0.35,0.15,0.1,0.2,0.05,0.15,0.17728887445965041,2.3591191792061295e-33
0.5,0.25,0.1,0.05,0.05,0.05,0.17727516848157182,2.3862936615348533e-33
0.35,0.3,0.05,0.1,0.05,0.15,0.17726261688847275,2.4114519019274445e-33
0.2,0.05,0.1,0.2,0.05,0.4,0.17725656599776385,2.4236741305891282e-33
0.2,0.15,0.1,0.4,0.05,0.1,0.17725161216396168,2.4337261833114474e-33
0.25,0.4,0.1,0.05,0.05,0.15,0.1772164209229467,2.5063357835082676e-33
0.2,0.5,0.1,0.05,0.1,0.05,0.17720709877075855,2.5259277657260832e-33
0.3,0.4,0.1,0.05,0.05,0.1,0.17719851582994048,2.5441005967030937e-33
0.25,0.15,0.15,0.1,0.2,0.15,0.1771839378251623,2.575264866884892e-33
0.3,0.25,0.15,0.1,0.1,0.1,0.17715211071168696,2.6446268497075986e-33
0.2,0.1,0.15,0.1,0.3,0.15,0.17712378027867454,2.7079270103795047e-33
0.25,0.4,0.1,0.05,0.15,0.05,0.17710910549610387,2.7413047485864795e-33
0.2,0.2,0.2,0.1,0.2,0.1,0.17709599580138166,2.7714679827684053e-33
0.2,0.2,0.15,0.35,0.05,0.05,0.17709357667469308,2.777069898590589e-33
0.2,0.25,0.2,0.05,0.25,0.05,0.1770930266421535,2.778345164112297e-33
0.25,0.1,0.1,0.2,0.1,0.25,0.1770844073437423,2.7984053601559223e-33
0.45,0.15,0.1,0.15,0.1,0.05,0.17708209384254314,2.8038141428812404e-33
0.55,0.1,0.05,0.15,0.1,0.05,0.1770771651290355,2.8153717212047278e-33
0.4,0.3,0.1,0.1,0.05,0.05,0.17706707441809638,2.839181679468791e-33
0.3,0.05,0.1,0.25,0.1,0.2,0.17705317983270846,2.872294739855864e-33
0.25,0.3,0.2,0.15,0.05,0.05,0.17705016124035822,2.8795390822990605e-33
0.25,0.3,0.1,0.05,0.15,0.15,0.17704431572462737,2.893619399169578e-33
0.2,0.1,0.15,0.25,0.2,0.1,0.17703698847411417,2.9113654110840614e-33
0.5,0.1,0.05,0.05,0.05,0.25,0.1769808659823189,3.050921461641571e-33
0.3,0.05,0.1,0.1,0.25,0.2,0.17693276212448045,3.1758108784128046e-33
0.3,0.05,0.15,0.05,0.4,0.05,0.17692521416420778,3.195862693342066e-33
0.2,0.4,0.15,0.1,0.1,0.05,0.1769077111710799,3.2428459449218713e-33
0.2,0.35,0.2,0.05,0.15,0.05,0.17688463106625987,3.3058497113688055e-33
0.35,0.3,0.05,0.1,0.15,0.05,0.17687971369868602,3.319429326025756e-33
0.35,0.05,0.1,0.25,0.15,0.1,0.17687246271532436,3.339554472591494e-33
0.2,0.05,0.15,0.05,0.35,0.2,0.1768622947907633,3.3679798113425375e-33
0.2,0.3,0.2,0.05,0.15,0.1,0.176845849030062,3.414464733678109e-33
0.35,0.3,0.05,0.1,0.1,0.1,0.17684218026144918,3.4249213178473276e-33
0.35,0.15,0.1,0.3,0.05,0.05,0.17680196078774765,3.5416591120545585e-33
0.4,0.3,0.05,0.05,0.1,0.1,0.17679755123258659,3.5546958254550335e-33
0.3,0.05,0.1,0.2,0.2,0.15,0.1767636592007925,3.656499883943038e-33
0.25,0.3,0.15,0.05,0.15,0.1,0.17676200354303534,3.661546599572668e-33
0.2,0.2,0.15,0.05,0.05,0.35,0.17673698196717252,3.738663886135824e-33
0.4,0.3,0.1,0.05,0.05,0.1,0.17668746793115753,3.896052089094696e-33
0.2,0.05,0.15,0.25,0.2,0.15,0.17668188826540696,3.914195274614626e-33
0.3,0.3,0.15,0.1,0.05,0.1,0.17666147459752513,3.981291374165585e-33
0.25,0.25,0.15,0.1,0.1,0.15,0.1766571664165627,3.995596867212689e-33
0.35,0.1,0.1,0.35,0.05,0.05,0.17665215669904283,4.012296029336892e-33
0.35,0.15,0.1,0.25,0.05,0.1,0.17665196762195812,4.0129276453674705e-33
0.2,0.3,0.15,0.05,0.25,0.05,0.1766502631354908,4.018625976775644e-33
0.3,0.15,0.15,0.15,0.2,0.05,0.176627087460053,4.0969073644090564e-33
0.3,0.2,0.15,0.05,0.15,0.15,0.17662286174313388,4.1113430585962714e-33
0.3,0.15,0.1,0.1,0.05,0.3,0.1765993258253444,4.1926741785095625e-33
0.35,0.05,0.05,0.2,0.05,0.3,0.1765875349881362,4.234017358163194e-33
0.2,0.25,0.2,0.15,0.1,0.1,0.17658462935253114,4.244267634634646e-33
0.3,0.3,0.15,0.1,0.1,0.05,0.17655294100674432,4.357667490655898e-33
0.2,0.15,0.1,0.4,0.1,0.05,0.17651732506239168,4.488716406821021e-33
0.4,0.05,0.1,0.05,0.3,0.1,0.17651119245120075,4.5116729657324464e-33
0.25,0.25,0.15,0.05,0.15,0.15,0.17646883351198522,4.673452498590065e-33
0.45,0.3,0.05,0.05,0.05,0.1,0.17646143356669516,4.702299938005941e-33
0.2,0.5,0.1,0.1,0.05,0.05,0.17639838817701778,4.95535110603097e-33
0.35,0.35,0.05,0.05,0.1,0.1,0.17636387593270933,5.099555410704442e-33
0.2,0.1,0.15,0.35,0.15,0.05,0.17634982061530308,5.159470442104115e-33
0.3,0.2,0.15,0.1,0.15,0.1,0.1763324608130965,5.234437317749141e-33
0.2,0.2,0.15,0.15,0.05,0.25,0.17631383059740838,5.316093728250889e-33
0.3,0.15,0.15,0.1,0.2,0.1,0.17630769223265194,5.343274257970865e-33
0.25,0.3,0.1,0.1,0.15,0.1,0.17630095359787326,5.3732716614649825e-33
0.35,0.35,0.05,0.05,0.05,0.15,0.17629181153457552,5.414235508709575e-33
0.25,0.1,0.15,0.1,0.35,0.05,0.17627098971330207,5.5086950417884546e-33
0.25,0.4,0.1,0.1,0.1,0.05,0.17625808678355728,5.568049234217331e-33
0.4,0.05,0.05,0.05,0.1,0.35,0.176244792339408,5.6298685565737085e-33
0.35,0.3,0.1,0.05,0.05,0.15,0.17623411536437955,5.680009612908442e-33
0.65,0.15,0.05,0.05,0.05,0.05,0.17615825760635193,6.04924653196019e-33
0.25,0.45,0.1,0.05,0.05,0.1,0.17615595298683817,6.060829582564791e-33
0.45,0.1,0.1,0.1,0.2,0.05,0.17615003411037447,6.090678936059897e-33
0.2,0.35,0.2,0.05,0.1,0.1,0.17608347306499636,6.436568837513998e-33
0.35,0.05,0.05,0.05,0.05,0.45,0.17607595499559905,6.476842623179893e-33
0.2,0.1,0.1,0.2,0.05,0.35,0.17605515456319457,6.589577440828226e-33
0.4,0.1,0.05,0.2,0.05,0.2,0.17599630743879388,6.919180434961072e-33
0.4,0.3,0.05,0.05,0.15,0.05,0.17598815305793156,6.966126012384196e-33
0.45,0.15,0.1,0.05,0.1,0.15,0.1759606749411017,7.126660654550077e-33
0.2,0.1,0.15,0.05,0.3,0.2,0.17595253646580838,7.174909026021178e-33
0.4,0.05,0.05,0.1,0.05,0.35,0.17593302090470794,7.291930875210421e-33
0.35,0.3,0.1,0.05,0.1,0.1,0.17590710199133067,7.450283634666347e-33
0.25,0.15,0.1,0.35,0.05,0.1,0.1758987619810604,7.501959722552867e-33
0.5,0.2,0.1,0.1,0.05,0.05,0.17589445871007245,7.528762519114074e-33
0.5,0.1,0.1,0.05,0.2,0.05,0.17588932865398926,7.560839171034188e-33
0.4,0.15,0.1,0.2,0.1,0.05,0.17585924438107506,7.751696252713041e-33
0.25,0.35,0.15,0.1,0.05,0.1,0.17584148920678014,7.866573000323854e-33
0.4,0.15,0.1,0.1,0.1,0.15,0.17583113076973214,7.934371530367673e-33
0.2,0.15,0.15,0.05,0.15,0.3,0.1758230269518501,7.987817201103801e-33
0.45,0.05,0.05,0.2,0.1,0.15,0.1758048811700756,8.108790506990107e-33
0.35,0.35,0.05,0.1,0.1,0.05,0.17576384211164245,8.389137503749228e-33
0.3,0.25,0.15,0.05,0.2,0.05,0.17576097645841537,8.409069019231338e-33
0.3,0.3,0.1,0.1,0.1,0.1,0.17570383030096798,8.816501609137738e-33
0.25,0.15,0.15,0.15,0.2,0.1,0.17568903870979444,8.925115521215951e-33
0.25,0.05,0.15,0.4,0.05,0.1,0.17566719037265593,9.087981427105601e-33
0.25,0.25,0.15,0.1,0.05,0.2,0.17565982537661656,9.14354517546183e-33
0.3,0.2,0.15,0.2,0.1,0.05,0.17563700808302457,9.317835614154744e-33
0.25,0.2,0.15,0.3,0.05,0.05,0.17563200425924302,9.356496206445076e-33
0.2,0.45,0.1,0.15,0.05,0.05,0.17562007214651426,9.449330043600796e-33
0.2,0.55,0.1,0.05,0.05,0.05,0.1756072595690534,9.550032347303224e-33
0.25,0.45,0.1,0.1,0.05,0.05,0.1756046619237428,9.570578446612767e-33
0.3,0.3,0.1,0.05,0.1,0.15,0.17555606237094618,9.963169906131524e-33
0.25,0.1,0.1,0.25,0.1,0.2,0.17554480201957354,1.0056389470078241e-32
0.35,0.1,0.1,0.15,0.2,0.1,0.17552687079239032,1.0206624755430063e-32
0.2,0.2,0.15,0.15,0.1,0.2,0.1754669563085079,1.0724958947052131e-32
0.2,0.3,0.15,0.05,0.2,0.1,0.17545759526969984,1.0808270610453196e-32
0.2,0.05,0.15,0.35,0.05,0.2,0.17545136142397752,1.0864106847547465e-32
0.3,0.1,0.1,0.3,0.1,0.1,0.1754442967301012,1.0927731173912334e-32
0.2,0.4,0.1,0.15,0.05,0.1,0.17543944953268178,1.0971598655002099e-32
0.2,0.4,0.2,0.1,0.05,0.05,0.17543138092255595,1.1045008190137424e-32
0.5,0.3,0.05,0.05,0.05,0.05,0.17537289316549542,1.1591918868409536e-32
0.2,0.25,0.2,0.2,0.1,0.05,0.17533113063944633,1.199880525742931e-32
0.2,0.2,0.2,0.15,0.2,0.05,0.17531355985188593,1.2174203563076997e-32
0.2,0.15,0.15,0.2,0.15,0.15,0.1752928102422756,1.23846143610615e-32
0.2,0.05,0.1,0.1,0.15,0.4,0.1752893664374505,1.2419883794967184e-32
0.4,0.05,0.05,0.2,0.1,0.2,0.17528445402264237,1.247036650288539e-32
0.2,0.35,0.15,0.1,0.1,0.1,0.17526165907797536,1.2707298706443445e-32
0.2,0.1,0.15,0.15,0.3,0.1,0.17517044174433496,1.370097980349938e-32
0.2,0.15,0.15,0.3,0.15,0.05,0.1751633609069178,1.3781266280302753e-32
0.45,0.3,0.1,0.05,0.05,0.05,0.1751529459417824,1.3900206398822422e-32
0.25,0.35,0.1,0.05,0.05,0.2,0.17513157491736045,1.414746624403256e-32
0.3,0.25,0.1,0.05,0.25,0.05,0.17505185354738845,1.5108969744838868e-32
0.3,0.1,0.1,0.25,0.15,0.1,0.17500747442445727,1.567204018858333e-32
0.25,0.35,0.2,0.1,0.05,0.05,0.17499820608425629,1.579223822920267e-32
0.4,0.3,0.05,0.05,0.05,0.15,0.17493963669443122,1.6573254409249805e-32
0.2,0.25,0.2,0.1,0.2,0.05,0.17493420609617427,1.6647584665825532e-32
0.2,0.3,0.2,0.1,0.05,0.15,0.1749160312266467,1.689876509353178e-32
0.25,0.2,0.15,0.25,0.05,0.1,0.1749091380950844,1.6995010506093993e-32
0.35,0.15,0.15,0.05,0.25,0.05,0.17486808965149925,1.7579523116314547e-32
0.2,0.2,0.15,0.1,0.05,0.3,0.17482757931432122,1.81759316731912e-32
0.2,0.4,0.15,0.1,0.05,0.1,0.17482204365863532,1.825897446820111e-32
0.5,0.05,0.05,0.25,0.05,0.1,0.17481253515910378,1.8402495658764734e-32
0.5,0.1,0.05,0.15,0.1,0.1,0.1747973706243643,1.8633709676051073e-32
0.25,0.4,0.1,0.1,0.05,0.1,0.1747827115939462,1.8859956894160573e-32
0.2,0.35,0.1,0.05,0.15,0.15,0.17472970635814808,1.9701032862465058e-32
0.25,0.2,0.15,0.05,0.15,0.2,0.1747108789677472,2.0008657748529203e-32
0.3,0.25,0.15,0.1,0.15,0.05,0.17464321757792373,2.115407503746641e-32
0.4,0.15,0.1,0.05,0.1,0.2,0.17461908173165672,2.1578221188834152e-32
0.25,0.3,0.1,0.15,0.15,0.05,0.174611656526003,2.1710396615504692e-32
0.35,0.4,0.05,0.05,0.05,0.1,0.174602528541771,2.1873984825660887e-32
0.25,0.25,0.15,0.05,0.1,0.2,0.17459407355306025,2.2026603246544045e-32
0.4,0.05,0.1,0.1,0.3,0.05,0.17458820517903725,2.21331524617519e-32
0.25,0.4,0.1,0.15,0.05,0.05,0.17457268085488659,2.2417493504392114e-32
0.2,0.05,0.15,0.25,0.25,0.1,0.17456910691329716,2.2483465037120404e-32
0.25,0.35,0.1,0.15,0.1,0.05,0.1745525133671937,2.2792299511971783e-32
0.2,0.3,0.2,0.05,0.2,0.05,0.17454504307080426,2.2932705731010602e-32
0.2,0.1,0.1,0.1,0.05,0.45,0.17452472816928669,2.3318886975113997e-32
0.2,0.05,0.15,0.3,0.15,0.15,0.17450776574268287,2.3646278940647255e-32
0.25,0.05,0.15,0.45,0.05,0.05,0.17446720625203765,2.444773449421978e-32
0.35,0.05,0.1,0.2,0.25,0.05,0.17443440697055465,2.511552195315355e-32
0.2,0.15,0.15,0.25,0.15,0.1,0.1744282220430722,2.524346011393594e-32
0.25,0.3,0.1,0.1,0.1,0.15,0.17438423829630545,2.6172135288283403e-32
0.25,0.1,0.1,0.15,0.1,0.3,0.17434605179859655,2.7005860397645917e-32
0.45,0.25,0.1,0.05,0.05,0.1,0.17434307804861532,2.707188194603888e-32
0.25,0.1,0.1,0.05,0.1,0.4,0.1743056500525262,2.791666420822166e-32
0.35,0.15,0.1,0.1,0.1,0.2,0.17429758257752737,2.81021542919508e-32
0.4,0.3,0.05,0.15,0.05,0.05,0.17428883187665808,2.830473676769286e-32
0.4,0.1,0.05,0.15,0.05,0.25,0.17425914094061534,2.90029593039759e-32
0.5,0.05,0.05,0.15,0.15,0.1,0.17423449566207957,2.959549236064465e-32
0.3,0.1,0.15,0.05,0.35,0.05,0.17422588160692332,2.980541679098398e-32
0.25,0.05,0.1,0.1,0.2,0.3,0.17419414663913446,3.059163039349204e-32
0.3,0.2,0.15,0.05,0.2,0.1,0.17416144646388987,3.142329333740175e-32
0.3,0.1,0.1,0.25,0.2,0.05,0.17415823739200723,3.150610909025014e-32
0.55,0.05,0.05,0.1,0.2,0.05,0.1741564544841717,3.1552213753857947e-32
0.25,0.25,0.15,0.15,0.05,0.15,0.17415389709165072,3.1618462965160493e-32
0.35,0.05,0.05,0.15,0.05,0.35,0.17415106156321067,3.1692078715355515e-32
0.2,0.45,0.1,0.05,0.1,0.1,0.1741382877353245,3.202582702525877e-32
0.25,0.35,0.1,0.15,0.05,0.1,0.17413192978262512,3.219324257676435e-32
0.25,0.05,0.15,0.3,0.2,0.05,0.1741213680067824,3.24732741865998e-32
0.3,0.25,0.15,0.2,0.05,0.05,0.17411111237607899,3.274750226255739e-32
0.35,0.3,0.05,0.15,0.05,0.1,0.1740193607752986,3.530543188911721e-32
0.35,0.3,0.05,0.05,0.1,0.15,0.1740158084466706,3.5408357869880264e-32
0.35,0.3,0.05,0.05,0.15,0.1,0.1739606449717028,3.704543858947055e-32
0.3,0.3,0.1,0.05,0.05,0.2,0.17391298487010368,3.852019691165764e-32
0.3,0.3,0.15,0.15,0.05,0.05,0.1738970031359532,3.9027655822175544e-32
0.2,0.4,0.15,0.15,0.05,0.05,0.17388675088797714,3.935667778193194e-32
0.25,0.15,0.1,0.35,0.1,0.05,0.17388150131564784,3.952621492229977e-32
0.25,0.2,0.15,0.2,0.1,0.1,0.17387744744981593,3.965763210748895e-32
0.3,0.1,0.1,0.3,0.15,0.05,0.17385607947318263,4.035753526300392e-32
0.25,0.05,0.15,0.05,0.4,0.1,0.17385129166015464,4.0516032719002415e-32
0.55,0.1,0.05,0.05,0.1,0.15,0.17384760888862957,4.0638368782683076e-32
0.35,0.35,0.05,0.15,0.05,0.05,0.17382881891524135,4.1268274107789026e-32
0.2,0.15,0.15,0.15,0.2,0.15,0.1738281759812687,4.1289998121365883e-32
0.2,0.1,0.15,0.45,0.05,0.05,0.17380007344649004,4.225072522413073e-32
0.35,0.15,0.1,0.25,0.1,0.05,0.1737693726055264,4.3325654253817826e-32
0.35,0.2,0.1,0.05,0.05,0.25,0.1737642235798904,4.350857664588667e-32
0.2,0.3,0.15,0.05,0.15,0.15,0.17373582698459242,4.4531241740966837e-32
0.35,0.05,0.1,0.05,0.3,0.15,0.17372948572509628,4.476285282566715e-32
0.45,0.25,0.1,0.05,0.1,0.05,0.17366888163420904,4.703759496040599e-32
0.3,0.1,0.1,0.35,0.05,0.1,0.17364530565632896,4.7953186472250493e-32
0.25,0.35,0.1,0.1,0.05,0.15,0.1736203359606307,4.894219871536299e-32
0.2,0.35,0.1,0.1,0.15,0.1,0.1736156698194526,4.9129250347760186e-32
0.3,0.25,0.1,0.1,0.2,0.05,0.1736084447672465,4.94202820303399e-32
0.2,0.35,0.15,0.1,0.15,0.05,0.17360263126793757,4.965569699383019e-32
0.25,0.25,0.15,0.05,0.25,0.05,0.17358547204599595,5.035706290314901e-32
0.3,0.3,0.1,0.15,0.05,0.1,0.173555907521393,5.158862451495638e-32
0.25,0.3,0.15,0.1,0.1,0.1,0.1735533259798614,5.169757184822571e-32
0.25,0.3,0.1,0.05,0.1,0.2,0.17355301821403288,5.171057554188078e-32
0.2,0.15,0.15,0.1,0.2,0.2,0.17354951368792443,5.185887762925922e-32
0.45,0.05,0.05,0.25,0.05,0.15,0.17353843052252194,5.233067167460205e-32
0.2,0.1,0.15,0.3,0.2,0.05,0.17353463959569929,5.24930217359687e-32
0.45,0.1,0.05,0.25,0.1,0.05,0.1735170030951629,5.325491944637034e-32
0.3,0.3,0.1,0.1,0.05,0.15,0.17345375839386393,5.607846054811211e-32
0.5,0.2,0.1,0.05,0.1,0.05,0.17345058667739457,5.622390919431386e-32
0.55,0.05,0.05,0.25,0.05,0.05,0.17342200377286957,5.755167260394459e-32
0.25,0.05,0.15,0.35,0.1,0.1,0.17340193116494457,5.850266403920112e-32
0.45,0.05,0.05,0.1,0.15,0.2,0.17339605523019266,5.878399131201794e-32
0.25,0.2,0.15,0.1,0.15,0.15,0.1733839108379753,5.936970177754006e-32
0.25,0.25,0.1,0.1,0.25,0.05,0.17335986158218322,6.054671761135236e-32
0.4,0.15,0.1,0.15,0.1,0.1,0.1733432873839199,6.137134279589738e-32
0.55,0.1,0.05,0.1,0.1,0.1,0.1733377227668846,6.165069431233759e-32
0.35,0.3,0.05,0.05,0.05,0.2,0.17333664679755134,6.170485490711622e-32
0.2,0.4,0.1,0.05,0.1,0.15,0.1733229603638347,6.239791797963024e-32
0.3,0.15,0.1,0.3,0.05,0.1,0.1733213934886728,6.24777537724904e-32
0.2,0.45,0.1,0.1,0.05,0.1,0.17329213906941152,6.398708888542451e-32
0.2,0.3,0.1,0.1,0.25,0.05,0.1732887723159865,6.416309690601645e-32
0.25,0.3,0.15,0.1,0.15,0.05,0.17328100067791796,6.457122172692112e-32
0.2,0.4,0.1,0.1,0.15,0.05,0.1732687768044373,6.52183739247221e-32
0.35,0.05,0.1,0.25,0.2,0.05,0.17326009385475755,6.568197038341214e-32
0.25,0.3,0.15,0.05,0.05,0.2,0.1732405532563993,6.673727188015023e-32
0.45,0.1,0.05,0.3,0.05,0.05,0.1732400847641655,6.676277858381978e-32
0.3,0.1,0.1,0.2,0.2,0.1,0.17321733064613945,6.801332686613234e-32
0.35,0.15,0.1,0.05,0.1,0.25,0.17320453606789807,6.872669054942803e-32
0.3,0.15,0.1,0.25,0.05,0.15,0.173168718971955,7.07634155230294e-32
0.25,0.3,0.15,0.1,0.05,0.15,0.17315159940695027,7.175796325229813e-32
0.4,0.2,0.1,0.1,0.05,0.15,0.17312528944069475,7.331352984435262e-32
0.3,0.15,0.1,0.3,0.1,0.05,0.1730918764232669,7.533739173766449e-32
0.2,0.25,0.2,0.25,0.05,0.05,0.17306949736886337,7.672382588836203e-32
0.3,0.25,0.1,0.05,0.2,0.1,0.1730642184528057,7.705454102028056e-32
0.2,0.35,0.15,0.1,0.05,0.15,0.17306420142288392,7.705561020237014e-32
0.2,0.4,0.1,0.05,0.15,0.1,0.17303911754311357,7.864653249492104e-32
0.25,0.05,0.1,0.25,0.1,0.25,0.17303438669782242,7.895021589411663e-32
0.2,0.4,0.1,0.15,0.1,0.05,0.17300178131803814,8.107511829893726e-32
0.25,0.25,0.15,0.05,0.2,0.1,0.17297546091086693,8.28317559167998e-32
0.2,0.3,0.1,0.1,0.2,0.1,0.17295668154822555,8.410814259789318e-32
0.35,0.15,0.1,0.15,0.1,0.15,0.17288670863260744,8.903828083525718e-32
0.2,0.3,0.1,0.05,0.25,0.1,0.17288425590615256,8.921620181997219e-32
0.25,0.1,0.1,0.15,0.15,0.25,0.17285148106391685,9.162783052133422e-32
0.2,0.1,0.1,0.25,0.05,0.3,0.17283354339262416,9.297499733446354e-32
0.2,0.1,0.15,0.25,0.25,0.05,0.17282985219458244,9.325464554542405e-32
0.4,0.1,0.05,0.25,0.05,0.15,0.1728160897425982,9.430467912329524e-32
0.25,0.35,0.1,0.2,0.05,0.05,0.17281064939955926,9.472298978305815e-32
0.25,0.3,0.1,0.05,0.05,0.25,0.1727926068922309,9.612351319729496e-32
0.45,0.2,0.1,0.1,0.05,0.1,0.1727753387186887,9.7483172868302e-32
0.3,0.3,0.1,0.15,0.1,0.05,0.17277350112760997,9.762897993283723e-32
0.4,0.05,0.1,0.3,0.1,0.05,0.17276095558124188,9.863022958514507e-32
0.3,0.05,0.1,0.3,0.05,0.2,0.17273892923955966,1.0041284991366115e-31
0.35,0.3,0.05,0.2,0.05,0.05,0.17271316798998781,1.0253834823786928e-31
0.25,0.25,0.1,0.05,0.3,0.05,0.17270431411197942,1.032791234199166e-31
0.2,0.35,0.1,0.05,0.2,0.1,0.17270134949046526,1.0352834878292696e-31
0.4,0.1,0.05,0.2,0.1,0.15,0.17267930215536603,1.0540061307570553e-31
0.4,0.25,0.1,0.05,0.1,0.1,0.1726359040012211,1.091847263418128e-31
0.25,0.05,0.1,0.2,0.2,0.2,0.17262525519127928,1.101336692564687e-31
0.35,0.25,0.05,0.1,0.15,0.1,0.17261417307678478,1.1112991776437607e-31
0.2,0.1,0.1,0.05,0.05,0.5,0.172603877761824,1.1206344772982648e-31
0.5,0.05,0.05,0.05,0.2,0.15,0.17259671413120561,1.1271759950765241e-31
0.35,0.05,0.05,0.2,0.1,0.25,0.17259638653715553,1.1274760443216187e-31
0.2,0.25,0.15,0.1,0.1,0.2,0.17256706485849865,1.1546558902512173e-31
0.45,0.05,0.05,0.05,0.15,0.25,0.17256283275131437,1.1586321952631657e-31
0.25,0.2,0.15,0.05,0.2,0.15,0.17255841335106029,1.162798979589597e-31
0.4,0.05,0.05,0.1,0.1,0.3,0.17253284434176694,1.1872000455570887e-31
0.35,0.1,0.1,0.05,0.15,0.25,0.1725276480897283,1.1922207319587467e-31
0.2,0.2,0.2,0.1,0.25,0.05,0.1725267176515481,1.1931219554250928e-31
0.2,0.2,0.15,0.25,0.05,0.15,0.1725250002158103,1.1947872418925691e-31
0.35,0.3,0.1,0.15,0.05,0.05,0.17245216126617152,1.267579002269609e-31
0.3,0.35,0.05,0.15,0.05,0.1,0.17239826069584244,1.3242626705765582e-31
0.2,0.35,0.2,0.1,0.05,0.1,0.17238947570170485,1.3337367546698122e-31
0.25,0.1,0.1,0.3,0.1,0.15,0.1723585646845223,1.3676103495577978e-31
0.2,0.35,0.15,0.05,0.05,0.2,0.17235174562648609,1.375197159622668e-31
0.3,0.2,0.15,0.1,0.2,0.05,0.1723206192737071,1.4103619549905555e-31
0.2,0.2,0.15,0.3,0.05,0.1,0.17232058548308662,1.410400610566163e-31
0.35,0.05,0.1,0.3,0.1,0.1,0.1722864712094019,1.4499677625292827e-31
0.2,0.4,0.1,0.2,0.05,0.05,0.17226981729555474,1.4696819040620203e-31
0.4,0.25,0.05,0.1,0.15,0.05,0.17225671790876132,1.4853750819368669e-31
0.2,0.15,0.15,0.05,0.2,0.25,0.1722515789635351,1.4915769036471183e-31
0.2,0.35,0.1,0.05,0.1,0.2,0.1722289380324895,1.5192080723926587e-31
0.25,0.35,0.15,0.15,0.05,0.05,0.1722172816546973,1.5336311011901718e-31
0.2,0.3,0.15,0.05,0.1,0.2,0.17219747273948294,1.558454053885474e-31
0.35,0.4,0.05,0.1,0.05,0.05,0.17218769205309406,1.5708570719623178e-31
0.2,0.1,0.15,0.2,0.3,0.05,0.1721799398981307,1.5807572387068373e-31
0.25,0.05,0.1,0.15,0.25,0.2,0.17217194016503043,1.5910385101011701e-31
0.3,0.35,0.05,0.05,0.05,0.2,0.17216930987837348,1.5944334360277397e-31
0.2,0.25,0.15,0.05,0.3,0.05,0.17215512914538067,1.6128608383077873e-31
0.35,0.2,0.1,0.1,0.05,0.2,0.17214777752777022,1.6224970633482676e-31
0.3,0.3,0.05,0.15,0.1,0.1,0.1721458095756971,1.6250862621777509e-31
0.3,0.25,0.15,0.15,0.1,0.05,0.1721154946004793,1.6654931885595857e-31
0.2,0.45,0.1,0.1,0.1,0.05,0.17209216823585516,1.6972624162312712e-31
0.35,0.25,0.05,0.1,0.2,0.05,0.1720702795024909,1.727620368020401e-31
0.3,0.1,0.1,0.1,0.15,0.25,0.172062738667662,1.7382032306810446e-31
0.35,0.05,0.1,0.1,0.3,0.1,0.17205007601864247,1.7561190080283638e-31
0.4,0.25,0.1,0.05,0.15,0.05,0.1720436151955326,1.7653306069060573e-31
0.3,0.2,0.15,0.05,0.25,0.05,0.17201892378413003,1.8009786734993327e-31
0.3,0.2,0.15,0.15,0.15,0.05,0.17201201318988998,1.811083135838023e-31
0.2,0.25,0.15,0.05,0.05,0.3,0.1720021558142691,1.825593734707185e-31
0.35,0.25,0.1,0.05,0.2,0.05,0.17199604138364083,1.8346524361889905e-31
0.2,0.3,0.1,0.1,0.15,0.15,0.17199264421373964,1.8397047033824533e-31
0.35,0.25,0.1,0.05,0.05,0.2,0.1719863468449224,1.8491066932784482e-31
0.3,0.15,0.05,0.4,0.05,0.05,0.17195242719184584,1.9005750773372e-31
0.45,0.2,0.1,0.15,0.05,0.05,0.17195226112659434,1.9008305238201374e-31
0.3,0.3,0.05,0.1,0.1,0.15,0.17192069478993557,1.9500108277271304e-31
0.25,0.25,0.1,0.05,0.2,0.15,0.17186569305235463,2.038739126475027e-31
0.25,0.15,0.05,0.45,0.05,0.05,0.17183242527376222,2.094339167384692e-31
0.35,0.3,0.05,0.15,0.1,0.05,0.17181590961327167,2.122497981741857e-31
0.35,0.45,0.05,0.05,0.05,0.05,0.17172509000796993,2.2841916970484925e-31
0.25,0.25,0.15,0.1,0.2,0.05,0.17172080591546923,2.292113858367742e-31
0.25,0.1,0.1,0.2,0.15,0.2,0.17171126758941638,2.3098502477114933e-31
0.35,0.25,0.1,0.05,0.1,0.15,0.17168376518820552,2.3617567784967112e-31
0.25,0.1,0.1,0.3,0.15,0.1,0.17166392590727053,2.399917504104884e-31
0.2,0.2,0.15,0.1,0.15,0.2,0.17162468729351263,2.477203887111089e-31
0.2,0.1,0.15,0.1,0.35,0.1,0.1716226872319958,2.481208803563255e-31
0.2,0.15,0.15,0.2,0.2,0.1,0.1716119208240427,2.502878076022577e-31
0.45,0.1,0.05,0.15,0.1,0.15,0.1715667030025806,2.5959564565685203e-31
0.25,0.25,0.15,0.1,0.15,0.1,0.1715541713727747,2.6223546292772182e-31
0.2,0.35,0.1,0.05,0.25,0.05,0.17154970111812587,2.6318356505846903e-31
0.2,0.45,0.1,0.05,0.15,0.05,0.1715240943613222,2.686804599428431e-31
0.3,0.15,0.1,0.2,0.05,0.2,0.17151274847535267,2.7115231722651603e-31
0.2,0.2,0.15,0.05,0.1,0.3,0.17144715864234236,2.8589073177988163e-31
0.2,0.25,0.15,0.05,0.15,0.2,0.17143453421892368,2.888174330671016e-31
0.6,0.15,0.05,0.05,0.05,0.1,0.1714264805977051,2.907000068973188e-31
0.3,0.35,0.05,0.1,0.05,0.15,0.17139628996787074,2.9786624484452582e-31
0.2,0.35,0.2,0.1,0.1,0.05,0.17137085494000426,3.0403953861845405e-31
0.25,0.15,0.1,0.3,0.05,0.15,0.17136245991083418,3.061048224888261e-31
0.4,0.2,0.1,0.15,0.05,0.1,0.17134956002202767,3.0930552432368215e-31
0.45,0.05,0.05,0.15,0.15,0.15,0.1713370900820855,3.1243111359988294e-31
0.25,0.3,0.1,0.1,0.05,0.2,0.171337086367401,3.1243204933961163e-31
0.45,0.25,0.1,0.1,0.05,0.05,0.17132897469604205,3.1448205135510615e-31
0.25,0.25,0.1,0.05,0.25,0.1,0.17132730671693666,3.1490523901481375e-31
0.2,0.05,0.1,0.2,0.1,0.35,0.1713269619839726,3.1499277263004937e-31
0.3,0.25,0.05,0.1,0.15,0.15,0.1712980627206853,3.224173049441653e-31
0.2,0.3,0.15,0.1,0.2,0.05,0.17129041723888813,3.244103939163145e-31
0.3,0.15,0.1,0.05,0.05,0.35,0.1712603346262256,3.3237199367809353e-31
0.25,0.3,0.1,0.15,0.1,0.1,0.17123720645407942,3.3862462862989243e-31
0.25,0.05,0.1,0.1,0.25,0.25,0.1711507447329688,3.630506755227547e-31
0.3,0.3,0.05,0.1,0.05,0.2,0.17114392654285276,3.6504963554878986e-31
0.2,0.3,0.1,0.05,0.15,0.2,0.17113102907425995,3.68860841149697e-31
0.2,0.35,0.1,0.1,0.05,0.2,0.1711018779937288,3.776211000240572e-31
0.45,0.1,0.05,0.1,0.05,0.25,0.1711012081378698,3.7782480801277478e-31
0.55,0.05,0.05,0.05,0.25,0.05,0.17107028655376832,3.873479490522974e-31
0.2,0.4,0.1,0.1,0.1,0.1,0.17106599416274748,3.8868859989847356e-31
0.3,0.35,0.05,0.1,0.1,0.1,0.17106236619565823,3.898253200620877e-31
0.2,0.3,0.2,0.1,0.15,0.05,0.17104538619166923,3.951895291118229e-31
0.4,0.25,0.1,0.05,0.05,0.15,0.1710332717915699,3.990613418266882e-31
0.45,0.05,0.05,0.25,0.1,0.1,0.17100508696037703,4.08215618710707e-31
0.3,0.1,0.1,0.4,0.05,0.05,0.17098473407198053,4.149554129613561e-31
0.25,0.05,0.1,0.3,0.05,0.25,0.17097992365856393,4.165644323467223e-31
0.2,0.1,0.1,0.15,0.05,0.4,0.1709746767142999,4.183265260740546e-31
0.35,0.25,0.1,0.05,0.15,0.1,0.17097239887786422,4.190937980903102e-31
0.35,0.25,0.1,0.1,0.15,0.05,0.17094223781912016,4.293859725270843e-31
0.4,0.1,0.1,0.1,0.2,0.1,0.1709200372324037,4.371216097969073e-31
0.5,0.15,0.05,0.2,0.05,0.05,0.170865664117828,4.566566319419244e-31
0.2,0.4,0.1,0.05,0.05,0.2,0.17085103111032202,4.620602880432098e-31
0.25,0.3,0.1,0.15,0.05,0.15,0.17084129782798863,4.6568967330103284e-31
0.3,0.15,0.15,0.1,0.25,0.05,0.17083208874334857,4.691496350206551e-31
0.6,0.15,0.05,0.1,0.05,0.05,0.17074549799988578,5.029563062078098e-31
0.2,0.05,0.15,0.05,0.4,0.15,0.17073949808343972,5.053863938795717e-31
0.3,0.15,0.15,0.05,0.25,0.1,0.17069555489073254,5.235430186873807e-31
0.2,0.05,0.15,0.35,0.1,0.15,0.17068521439656256,5.279087699301803e-31
0.2,0.05,0.15,0.2,0.35,0.05,0.17068223921164677,5.291715707853081e-31
0.35,0.4,0.05,0.05,0.1,0.05,0.17064516892896625,5.451594852514213e-31
0.35,0.1,0.1,0.1,0.2,0.15,0.17063312842128453,5.504548226471079e-31
0.3,0.35,0.05,0.05,0.1,0.15,0.17059944001250665,5.6554350321012455e-31
0.45,0.2,0.1,0.05,0.1,0.1,0.17057315885519428,5.775989310384913e-31
0.3,0.05,0.1,0.25,0.15,0.15,0.17055901265587572,5.8419315391314314e-31
0.3,0.3,0.1,0.2,0.05,0.05,0.17055644166117903,5.853996156513937e-31
0.2,0.2,0.15,0.2,0.05,0.2,0.17053641395548352,5.948828302601651e-31
0.3,0.3,0.05,0.1,0.15,0.1,0.17050979854936318,6.077216502368418e-31
0.3,0.3,0.05,0.05,0.15,0.15,0.17050949914301788,6.078676317053393e-31
0.2,0.05,0.1,0.15,0.15,0.35,0.17049410154156502,6.154221341855466e-31
0.2,0.05,0.1,0.25,0.05,0.35,0.1704864066807629,6.192322926467775e-31
0.25,0.3,0.15,0.15,0.05,0.1,0.17042629690221878,6.498128987507517e-31
0.2,0.3,0.15,0.1,0.15,0.1,0.170422335378638,6.5188014923991905e-31
0.35,0.25,0.05,0.15,0.1,0.1,0.17035364368054814,6.887812676316701e-31
0.2,0.25,0.15,0.05,0.2,0.15,0.17034042310049832,6.961176385284705e-31
0.4,0.1,0.05,0.3,0.05,0.1,0.17033521993453227,6.990262000152601e-31
0.2,0.25,0.15,0.1,0.15,0.15,0.1702744022882952,7.33930670959234e-31
0.3,0.4,0.05,0.1,0.05,0.1,0.17027026877001442,7.363647897762656e-31
0.4,0.25,0.05,0.15,0.1,0.05,0.17022180552577362,7.655080899227768e-31
0.5,0.25,0.05,0.05,0.1,0.05,0.170197954887443,7.802680299625396e-31
0.2,0.25,0.15,0.1,0.05,0.25,0.1701643688593837,8.01532710920258e-31
0.25,0.25,0.1,0.1,0.2,0.1,0.17016364597892863,8.019966620716079e-31
0.2,0.45,0.1,0.05,0.05,0.15,0.17015352550502,8.085201240795776e-31
0.25,0.1,0.1,0.1,0.1,0.35,0.1701474264773219,8.124768386510016e-31
0.4,0.25,0.05,0.1,0.1,0.1,0.17012085730542714,8.299388371662502e-31
0.3,0.25,0.1,0.05,0.05,0.25,0.17002875254935368,8.934059421235696e-31
0.4,0.25,0.05,0.05,0.2,0.05,0.17001556929998818,9.02875797265247e-31
0.4,0.25,0.1,0.1,0.05,0.1,0.1700102013679896,9.06760190997901e-31
0.4,0.05,0.05,0.15,0.15,0.2,0.17000814072386536,9.082557346893117e-31
0.25,0.2,0.15,0.25,0.1,0.05,0.1700073407893761,9.088369585568185e-31
0.25,0.05,0.1,0.05,0.2,0.35,0.16999294096910308,9.193630623573484e-31
0.3,0.3,0.05,0.1,0.2,0.05,0.1699704238083044,9.360658365510726e-31
0.2,0.25,0.2,0.15,0.15,0.05,0.16996420848862331,9.407290299765395e-31
0.2,0.25,0.15,0.05,0.25,0.1,0.16995001249391198,9.514665501087724e-31
0.3,0.15,0.1,0.15,0.05,0.25,0.1699476038152952,9.533004482735913e-31
0.2,0.3,0.15,0.05,0.05,0.25,0.1699470576807792,9.537167468422284e-31
0.45,0.1,0.05,0.2,0.15,0.05,0.16994101218567803,9.583370772405976e-31
0.2,0.3,0.2,0.1,0.1,0.1,0.16993568382759847,9.624277397062621e-31
0.2,0.3,0.2,0.2,0.05,0.05,0.1698987116927688,9.912930113403591e-31
0.4,0.05,0.1,0.05,0.35,0.05,0.1698964794927617,9.93062999944853e-31
0.35,0.05,0.1,0.15,0.3,0.05,0.1698961936749959,9.932898611033184e-31
0.25,0.1,0.1,0.35,0.05,0.15,0.16989453098561985,9.946106019757757e-31
0.3,0.25,0.1,0.05,0.15,0.15,0.1698714514041897,1.0131246312024792e-30
0.3,0.25,0.05,0.1,0.2,0.1,0.16985304829096942,1.0281320005620169e-30
0.2,0.35,0.2,0.15,0.05,0.05,0.1698382115662188,1.0403914935373007e-30
0.25,0.15,0.1,0.3,0.1,0.1,0.16983555729719801,1.0425999456950383e-30
0.5,0.05,0.05,0.25,0.1,0.05,0.16983396620511146,1.0439260238359679e-30
0.25,0.1,0.15,0.05,0.35,0.1,0.16983161780001632,1.0458863348604863e-30
0.4,0.2,0.1,0.05,0.1,0.15,0.1697887569279704,1.0823126493585636e-30
0.3,0.4,0.05,0.05,0.05,0.15,0.16978151580088832,1.0885898028657001e-30
0.35,0.25,0.1,0.1,0.05,0.15,0.16978086141814872,1.0891588477344855e-30
0.2,0.25,0.1,0.1,0.25,0.1,0.16976823402308064,1.1001974917613717e-30
0.25,0.25,0.15,0.15,0.1,0.1,0.1697681839232116,1.1002415085316341e-30
0.4,0.05,0.05,0.25,0.05,0.2,0.1697636876356818,1.104198983378751e-30
0.2,0.05,0.15,0.45,0.05,0.1,0.16976095382894582,1.106612085942029e-30
0.2,0.3,0.2,0.15,0.05,0.1,0.16975229170991088,1.1142926591832042e-30
0.35,0.25,0.05,0.1,0.1,0.15,0.16974248880721265,1.1230485696823474e-30
0.5,0.05,0.05,0.2,0.15,0.05,0.16973770011871311,1.1273505927080856e-30
0.25,0.15,0.15,0.15,0.25,0.05,0.16972161033564417,1.1419253300218415e-30
0.3,0.15,0.1,0.15,0.1,0.2,0.16972104415346836,1.1424415906468075e-30
0.3,0.3,0.05,0.15,0.05,0.15,0.1697189265698146,1.1443745160004708e-30
0.35,0.25,0.1,0.15,0.1,0.05,0.1697079623179449,1.1544346795479853e-30
0.45,0.25,0.05,0.15,0.05,0.05,0.16970241873998196,1.159554498407189e-30
0.3,0.4,0.05,0.05,0.1,0.1,0.16968411913333864,1.1766157336785536e-30
0.3,0.3,0.05,0.15,0.15,0.05,0.16966432056249034,1.195355112048372e-30
0.2,0.35,0.1,0.15,0.1,0.1,0.16965447909314457,1.2047799697288897e-30
0.4,0.25,0.1,0.15,0.05,0.05,0.16965252216509952,1.2066628268461672e-30
0.25,0.15,0.15,0.05,0.25,0.15,0.16963646969602364,1.2222183177620792e-30
0.3,0.1,0.1,0.35,0.1,0.05,0.16963306600858294,1.2255421098970664e-30
0.25,0.15,0.1,0.25,0.05,0.2,0.16961164749975155,1.246664633431977e-30
0.2,0.25,0.1,0.05,0.25,0.15,0.16960333099568903,1.2549632272455383e-30
0.3,0.2,0.1,0.1,0.05,0.25,0.16959503505454224,1.2632959104920912e-30
0.25,0.2,0.15,0.15,0.15,0.1,0.1695903926600174,1.2679827986511384e-30
0.3,0.25,0.1,0.1,0.15,0.1,0.16955678898334292,1.3024269176185766e-30
0.2,0.2,0.15,0.05,0.2,0.2,0.16954977949284897,1.3097279090780605e-30
0.35,0.25,0.05,0.05,0.15,0.15,0.16954709598745465,1.3125337495295712e-30
0.4,0.1,0.05,0.25,0.1,0.1,0.1695317902842288,1.3286516086434833e-30
0.25,0.3,0.1,0.2,0.1,0.05,0.1695316103266681,1.3288422785850299e-30
0.2,0.15,0.1,0.35,0.1,0.1,0.16952034182348505,1.340835801043267e-30
0.25,0.1,0.1,0.25,0.15,0.15,0.16951891520019594,1.3423618536046457e-30
0.3,0.05,0.1,0.3,0.1,0.15,0.16951554199522886,1.3459770144373805e-30
0.2,0.1,0.1,0.25,0.1,0.25,0.16949400870333128,1.3692836243114425e-30
0.2,0.1,0.15,0.15,0.35,0.05,0.16945088017462973,1.4171748276311856e-30
0.35,0.05,0.05,0.1,0.05,0.4,0.16942322103546292,1.4487593166496802e-30
0.45,0.2,0.1,0.05,0.15,0.05,0.16939843863244086,1.4776515414707432e-30
0.3,0.05,0.1,0.25,0.2,0.1,0.16939368271055552,1.4832612028326132e-30
0.25,0.25,0.15,0.2,0.05,0.1,0.1693920574914006,1.485183006700147e-30
0.2,0.05,0.15,0.25,0.3,0.05,0.1693752648830218,1.505185310086467e-30
0.35,0.35,0.05,0.05,0.15,0.05,0.16933846335483382,1.5499606207934292e-30
0.2,0.15,0.1,0.35,0.05,0.15,0.16933133642606477,1.5587832752659768e-30
0.2,0.4,0.1,0.1,0.05,0.15,0.16926692614041447,1.6408132418614955e-30
0.2,0.35,0.1,0.1,0.1,0.15,0.1692203103368313,1.702839135113234e-30
0.35,0.15,0.1,0.2,0.1,0.1,0.16921970919199664,1.7036540118651575e-30
0.3,0.4,0.05,0.15,0.05,0.05,0.16921704059289006,1.7072760824356096e-30
0.2,0.05,0.1,0.05,0.15,0.45,0.1691520108432472,1.797941225645168e-30
0.3,0.05,0.1,0.2,0.25,0.1,0.16914482706627454,1.808245401944239e-30
0.3,0.25,0.1,0.05,0.1,0.2,0.16912344770073123,1.8392592272710757e-30
0.3,0.25,0.05,0.15,0.15,0.1,0.16911868876649377,1.8462342388280125e-30
0.35,0.2,0.1,0.15,0.05,0.15,0.16909762200583717,1.8774276827779175e-30
0.2,0.25,0.15,0.05,0.1,0.25,0.16908798831524324,1.8918659429121186e-30
0.2,0.15,0.15,0.05,0.25,0.2,0.16906685527916143,1.923925638382407e-30
0.35,0.1,0.05,0.2,0.05,0.25,0.16904227722009516,1.9618901442804626e-30
0.3,0.05,0.1,0.1,0.3,0.15,0.1690422689916324,1.9619029780317292e-30
0.25,0.05,0.15,0.1,0.4,0.05,0.16903772432123754,1.9690039432083672e-30
0.25,0.05,0.15,0.4,0.1,0.05,0.1690366552769135,1.9706780070801876e-30
0.25,0.3,0.05,0.1,0.1,0.2,0.16900723367512208,2.0173089863967938e-30
0.45,0.2,0.1,0.1,0.1,0.05,0.16899583598643003,2.0356662229126627e-30
0.2,0.3,0.1,0.15,0.2,0.05,0.16899324417352649,2.0398637001610027e-30
0.2,0.25,0.1,0.1,0.3,0.05,0.16898613747910166,2.0514171995865373e-30
0.2,0.2,0.15,0.2,0.1,0.15,0.16897763522113463,2.065324828743727e-30
0.3,0.3,0.05,0.05,0.1,0.2,0.16897615103836547,2.0677621642093038e-30
0.35,0.25,0.1,0.1,0.1,0.1,0.16893302733440288,2.139840014198894e-30
0.25,0.25,0.15,0.15,0.15,0.05,0.16891541780715474,2.1699848087047667e-30
0.25,0.05,0.15,0.35,0.15,0.05,0.16890923145060308,2.1806746023800063e-30
0.2,0.35,0.1,0.1,0.2,0.05,0.16889638916815888,2.203032688645401e-30
0.25,0.2,0.15,0.1,0.2,0.1,0.16889163142828714,2.2113734072279555e-30
0.25,0.2,0.15,0.05,0.25,0.1,0.16885814189156498,2.2709765247757182e-30
0.45,0.25,0.05,0.05,0.15,0.05,0.16880298638660451,2.372633192736698e-30
0.2,0.25,0.15,0.1,0.25,0.05,0.1688013518496121,2.3757136952918666e-30
0.2,0.05,0.1,0.2,0.15,0.3,0.16876536894324065,2.444542587692459e-30
0.4,0.25,0.05,0.1,0.05,0.15,0.1687479584561083,2.4785524176776962e-30
0.45,0.25,0.05,0.1,0.1,0.05,0.16874149941237745,2.49128861987426e-30
0.25,0.15,0.15,0.1,0.25,0.1,0.16872863716271655,2.516844642556527e-30
0.2,0.2,0.15,0.15,0.15,0.15,0.16872536687215933,2.5233837559440456e-30
0.3,0.15,0.1,0.1,0.1,0.25,0.16871048218742632,2.5533600547812336e-30
0.25,0.5,0.05,0.1,0.05,0.05,0.16868418687937375,2.6071821625547628e-30
0.2,0.3,0.1,0.1,0.1,0.2,0.16866360539993755,2.65009305343647e-30
0.35,0.3,0.05,0.05,0.2,0.05,0.16866116172530196,2.6552342518489745e-30
0.35,0.1,0.1,0.15,0.25,0.05,0.16865809232437445,2.6617059269989024e-30
0.45,0.05,0.05,0.2,0.15,0.1,0.1686482711642185,2.6825186789942365e-30
0.4,0.2,0.1,0.2,0.05,0.05,0.16864758664192017,2.6839753059040502e-30
0.2,0.35,0.1,0.15,0.05,0.15,0.16864196182947935,2.6959743639122545e-30
0.3,0.25,0.05,0.15,0.2,0.05,0.16864091534705353,2.698212624057523e-30
0.3,0.1,0.1,0.15,0.2,0.15,0.16862422994785595,2.734150123101517e-30
0.2,0.2,0.15,0.05,0.15,0.25,0.16861464798437023,2.75500229202603e-30
0.2,0.1,0.1,0.2,0.1,0.3,0.16860914073109556,2.7670584458972702e-30
0.3,0.15,0.15,0.05,0.3,0.05,0.16858965313811536,2.810141394395281e-30
0.2,0.25,0.1,0.05,0.35,0.05,0.1685893382813442,2.810842911785943e-30
0.2,0.2,0.15,0.3,0.1,0.05,0.16857071070555066,2.8526568338597515e-30
0.4,0.25,0.05,0.15,0.05,0.1,0.1685680208799209,2.858745548748709e-30
0.3,0.05,0.05,0.15,0.05,0.4,0.16855311752598198,2.8927153026231655e-30
0.25,0.1,0.1,0.35,0.1,0.1,0.16855090821256752,2.897785041272933e-30
0.2,0.1,0.1,0.05,0.1,0.45,0.16853204794003585,2.94142435000524e-30
0.3,0.25,0.05,0.1,0.25,0.05,0.16851609678171392,2.9788409865684465e-30
0.2,0.25,0.15,0.1,0.2,0.1,0.16843912543120607,3.166136350924165e-30
0.25,0.3,0.15,0.2,0.05,0.05,0.16840220396324665,3.260078884445003e-30
0.2,0.3,0.1,0.15,0.15,0.1,0.16836021574903903,3.370277747559802e-30
0.2,0.3,0.1,0.05,0.3,0.05,0.1683467527627204,3.4063880862793174e-30
0.3,0.25,0.1,0.1,0.1,0.15,0.1683443019230572,3.41300289265249e-30
0.4,0.25,0.1,0.1,0.1,0.05,0.16833366566359811,3.4418580986230765e-30
0.2,0.35,0.1,0.25,0.05,0.05,0.16832682455324596,3.460545181482723e-30
0.2,0.05,0.1,0.25,0.1,0.3,0.1682634329071344,3.638564011759363e-30
0.2,0.35,0.1,0.15,0.15,0.05,0.16826068547168474,3.646481577411704e-30
0.55,0.15,0.05,0.15,0.05,0.05,0.1682223433784512,3.7587763303020964e-30
0.55,0.25,0.05,0.05,0.05,0.05,0.1682002443329006,3.825050797376518e-30
0.25,0.15,0.1,0.1,0.05,0.35,0.16819606702890083,3.8377080899134634e-30
0.3,0.3,0.05,0.2,0.05,0.1,0.16818949278817752,3.857712348803839e-30
0.3,0.3,0.05,0.05,0.05,0.25,0.16818788683110325,3.8626146957653675e-30
0.45,0.25,0.05,0.1,0.05,0.1,0.16817469444517905,3.903120431343193e-30
0.2,0.15,0.15,0.25,0.2,0.05,0.1681614249825508,3.944287932115679e-30
0.5,0.15,0.1,0.05,0.15,0.05,0.1681500621507642,3.979882455219315e-30
0.45,0.1,0.05,0.05,0.05,0.3,0.1681325545479934,4.0353504829393996e-30
0.35,0.25,0.1,0.15,0.05,0.1,0.16811876257768815,4.07958607012334e-30
0.4,0.05,0.1,0.35,0.05,0.05,0.16808324102251296,4.195743490063606e-30
0.2,0.4,0.1,0.05,0.2,0.05,0.16804307525421303,4.331044584701328e-30
0.2,0.35,0.1,0.05,0.05,0.25,0.16803189190623147,4.369480878342202e-30
0.3,0.05,0.1,0.15,0.3,0.1,0.16797258896941647,4.5790268953268286e-30
0.3,0.1,0.1,0.1,0.2,0.2,0.16796080198411145,4.6218486940736754e-30
0.3,0.45,0.05,0.05,0.05,0.1,0.16795396252132047,4.646878186670408e-30
0.25,0.3,0.15,0.15,0.1,0.05,0.167946888854289,4.672906235575138e-30
0.4,0.25,0.05,0.05,0.15,0.1,0.16792822257125972,4.742286628968619e-30
0.4,0.1,0.05,0.15,0.1,0.2,0.16790350744797575,4.835724598019558e-30
0.35,0.25,0.05,0.15,0.15,0.05,0.16788363625885463,4.9121723622545535e-30
0.6,0.1,0.05,0.05,0.15,0.05,0.1678600341196853,5.004532905077786e-30
0.3,0.2,0.1,0.05,0.05,0.3,0.1678475163257533,5.054214979552755e-30
0.2,0.15,0.15,0.1,0.25,0.15,0.16784124458459787,5.0792906836009734e-30
0.35,0.2,0.1,0.1,0.1,0.15,0.16783036120266132,5.123097944429845e-30
0.25,0.1,0.1,0.35,0.15,0.05,0.16780971727061034,5.207225297398333e-30
0.2,0.1,0.15,0.05,0.35,0.15,0.16780905040749813,5.2099656032843655e-30
0.5,0.05,0.05,0.1,0.2,0.1,0.16780823947402673,5.2132998578274754e-30
0.35,0.2,0.1,0.05,0.1,0.2,0.16778213431147213,5.32177294806144e-30
0.2,0.05,0.15,0.4,0.15,0.05,0.16772418698598154,5.570625036565237e-30
0.5,0.25,0.05,0.05,0.05,0.1,0.16772326263073406,5.5746867718016046e-30
0.3,0.05,0.05,0.05,0.05,0.5,0.16768697468022628,5.7364838314334934e-30
0.3,0.25,0.05,0.1,0.1,0.2,0.16768323177323108,5.75343508759152e-30
0.35,0.1,0.05,0.2,0.1,0.2,0.16766794786820624,5.8231717034468726e-30
0.25,0.35,0.05,0.1,0.05,0.2,0.1676606467677575,5.856780130419877e-30
0.2,0.05,0.15,0.4,0.05,0.15,0.16762719729597844,6.013231814685312e-30
0.2,0.05,0.15,0.4,0.1,0.1,0.16758687131244743,6.2073679018759655e-30
0.3,0.2,0.1,0.1,0.1,0.2,0.16757941481489938,6.243939957497731e-30
0.25,0.25,0.05,0.15,0.15,0.15,0.16755844209274903,6.347955537500398e-30
0.35,0.15,0.1,0.2,0.15,0.05,0.16755451042592265,6.367645367156065e-30
0.2,0.35,0.1,0.2,0.05,0.1,0.16755433863165436,6.368507094915251e-30
0.35,0.1,0.05,0.15,0.05,0.3,0.1675494183746818,6.393236492688156e-30
0.2,0.2,0.15,0.1,0.2,0.15,0.16754251058419395,6.428116151821698e-30
0.2,0.3,0.15,0.1,0.1,0.15,0.16743516464422947,6.995044085196801e-30
0.45,0.25,0.05,0.05,0.1,0.1,0.16742175784182106,7.069247120650409e-30
0.4,0.1,0.1,0.1,0.25,0.05,0.16741453924589605,7.10952298586696e-30
0.3,0.4,0.05,0.1,0.1,0.05,0.1674117518418147,7.12513604663732e-30
0.25,0.2,0.15,0.1,0.25,0.05,0.16738854955742688,7.256425794040273e-30
0.3,0.5,0.05,0.05,0.05,0.05,0.16738289591586347,7.288778785602425e-30
0.35,0.25,0.05,0.05,0.1,0.2,0.1673419597385056,7.527344693467895e-30
0.45,0.15,0.1,0.1,0.15,0.05,0.16731964341552535,7.660644726199148e-30
0.4,0.05,0.05,0.2,0.15,0.15,0.16730058832689088,7.776316440039486e-30
0.2,0.25,0.1,0.05,0.3,0.1,0.1672968706304993,7.799085472467432e-30
0.25,0.05,0.1,0.25,0.2,0.15,0.16728529415423815,7.870410083364437e-30
0.35,0.05,0.1,0.3,0.15,0.05,0.16728313349699234,7.883793735980641e-30
0.3,0.25,0.05,0.05,0.15,0.2,0.16727225728022238,7.95150740020619e-30
0.2,0.05,0.1,0.15,0.2,0.3,0.16726787982789681,7.978923309490842e-30
0.3,0.05,0.1,0.05,0.3,0.2,0.1672519001846666,8.079801904534314e-30
0.2,0.25,0.1,0.1,0.2,0.15,0.16725131466906037,8.083522164788818e-30
0.35,0.05,0.05,0.15,0.1,0.3,0.16724066948192967,8.151456835086118e-30
0.2,0.05,0.15,0.3,0.2,0.1,0.1672152453437044,8.316007130163609e-30
0.3,0.45,0.05,0.1,0.05,0.05,0.1671890394204067,8.489066373669703e-30
0.25,0.15,0.1,0.2,0.05,0.25,0.16717077316442774,8.611801906262789e-30
0.3,0.2,0.1,0.15,0.05,0.2,0.16714709874824613,8.773499013561887e-30
0.25,0.2,0.15,0.2,0.15,0.05,0.16712586299291435,8.921100540709515e-30
0.2,0.3,0.15,0.1,0.05,0.2,0.16710523226725493,9.066855247176537e-30
0.5,0.15,0.05,0.15,0.05,0.1,0.1670440664736436,9.51301751970592e-30
0.35,0.1,0.05,0.25,0.05,0.2,0.16702312118880958,9.670751101138265e-30
0.25,0.15,0.05,0.4,0.05,0.1,0.16698843978635805,9.93765224902933e-30
0.3,0.35,0.05,0.2,0.05,0.05,0.16695970629926268,1.0164304855149027e-29
0.3,0.35,0.05,0.1,0.15,0.05,0.16695257765258983,1.0221325739287654e-29
0.2,0.3,0.1,0.2,0.1,0.1,0.1669413014857516,1.031217061985566e-29
0.25,0.05,0.1,0.2,0.25,0.15,0.16693526821721805,1.0361105279945988e-29
0.25,0.25,0.05,0.1,0.15,0.2,0.16688527764696418,1.0775532057643031e-29
0.35,0.2,0.1,0.2,0.05,0.1,0.16687754935150015,1.0841051572518173e-29
0.4,0.2,0.1,0.05,0.15,0.1,0.1668247114738855,1.1299715936867337e-29
0.2,0.3,0.2,0.15,0.1,0.05,0.16681723871884618,1.1366119063806356e-29
0.25,0.2,0.15,0.05,0.3,0.05,0.16681309978626527,1.1403064175005467e-29
0.4,0.2,0.1,0.1,0.1,0.1,0.16679066334020093,1.1605420316208949e-29
0.35,0.15,0.05,0.35,0.05,0.05,0.16678246672349833,1.1680231319894042e-29
0.55,0.15,0.05,0.1,0.05,0.1,0.16677177155615433,1.1778566545365308e-29
0.3,0.25,0.1,0.15,0.15,0.05,0.16676559209485511,1.1835756624959079e-29
0.25,0.25,0.1,0.05,0.15,0.2,0.16673155728487313,1.215571638570644e-29
0.4,0.2,0.1,0.15,0.1,0.05,0.1667127138034414,1.2336538331357686e-29
0.25,0.35,0.05,0.15,0.05,0.15,0.16669011114162924,1.2556956290118792e-29
0.4,0.25,0.05,0.05,0.1,0.15,0.1666826369099517,1.2630700023913257e-29
0.2,0.2,0.15,0.05,0.25,0.15,0.1666692139124061,1.276421684704894e-29
0.2,0.05,0.15,0.1,0.4,0.1,0.16666245526778067,1.2831973230192996e-29
0.3,0.25,0.1,0.1,0.05,0.2,0.1666605906532265,1.2850728974117598e-29
0.2,0.25,0.15,0.15,0.1,0.15,0.16662858740227243,1.3176914600866865e-29
0.45,0.1,0.1,0.05,0.2,0.1,0.1665582555895121,1.3922896005300057e-29
0.2,0.05,0.1,0.3,0.05,0.3,0.16651287764608147,1.4426283201380904e-29
0.45,0.1,0.1,0.05,0.25,0.05,0.1664998431609679,1.457418665542388e-29
0.25,0.1,0.1,0.2,0.2,0.15,0.16649171093368026,1.4667224745037186e-29
0.2,0.3,0.1,0.05,0.05,0.3,0.16648374830050142,1.4758893392178723e-29
0.45,0.25,0.05,0.05,0.05,0.15,0.16647042354810057,1.4913565631516067e-29
0.25,0.05,0.1,0.1,0.3,0.2,0.16644204250931416,1.5248389871617642e-29
0.2,0.1,0.1,0.2,0.15,0.25,0.1664418627564892,1.5250534086857357e-29
0.4,0.1,0.1,0.05,0.2,0.15,0.16643949290990329,1.5278831227707134e-29
0.2,0.3,0.1,0.05,0.1,0.25,0.16643817339701114,1.5294609431967131e-29
0.2,0.35,0.1,0.2,0.1,0.05,0.16643443497324606,1.533939982192982e-29
0.2,0.05,0.1,0.1,0.2,0.35,0.16638750755088735,1.5912833152557925e-29
0.25,0.15,0.15,0.05,0.3,0.1,0.16637563368731342,1.606126642195428e-29
0.35,0.25,0.05,0.05,0.2,0.1,0.16636920505660982,1.6142201972775162e-29
0.3,0.15,0.1,0.25,0.1,0.1,0.16636373163304669,1.6211430385506392e-29
0.4,0.1,0.05,0.2,0.15,0.1,0.1663214194451083,1.6756632181486375e-29
0.4,0.15,0.1,0.15,0.15,0.05,0.16629775339545066,1.706946588750456e-29
0.45,0.15,0.05,0.2,0.05,0.1,0.16626675048083792,1.7488064590229974e-29
0.3,0.25,0.05,0.1,0.05,0.25,0.16622368577290475,1.8086466360647624e-29
0.2,0.1,0.1,0.3,0.15,0.15,0.16621495566860797,1.821022841523153e-29
0.25,0.05,0.1,0.05,0.25,0.3,0.16620209010325313,1.8394149512951382e-29
0.35,0.1,0.05,0.3,0.05,0.15,0.1661682142001111,1.888728685032721e-29
0.5,0.25,0.05,0.1,0.05,0.05,0.16616810037916172,1.8888965671814218e-29
0.3,0.25,0.1,0.15,0.1,0.1,0.1661662747792302,1.8915912905470606e-29
0.2,0.2,0.15,0.25,0.1,0.1,0.16616078262826312,1.8997211346828858e-29
0.35,0.05,0.05,0.05,0.1,0.4,0.16613065298547106,1.9449415514252833e-29
0.4,0.1,0.05,0.3,0.1,0.05,0.16612830062217904,1.948516731722571e-29
0.2,0.1,0.1,0.3,0.05,0.25,0.1660869212383087,2.012482802543337e-29
0.3,0.05,0.1,0.3,0.15,0.1,0.16608317801746098,2.018370959448423e-29
0.25,0.3,0.1,0.2,0.05,0.1,0.16607877590296188,2.0253174378390668e-29
0.5,0.1,0.05,0.15,0.15,0.05,0.1660685958138795,2.041472449449317e-29
0.3,0.05,0.05,0.1,0.05,0.45,0.16606264442259663,2.0509759853731113e-29
0.25,0.25,0.05,0.1,0.2,0.15,0.16604610660604555,2.0776155867830983e-29
0.25,0.15,0.05,0.4,0.1,0.05,0.1660329114314891,2.0991167082379468e-29
0.35,0.15,0.1,0.15,0.15,0.1,0.16602182602555116,2.1173505308824248e-29
0.35,0.1,0.05,0.25,0.1,0.15,0.16600727475910207,2.141523842187076e-29
0.3,0.3,0.05,0.2,0.1,0.05,0.1659782434877216,2.1905729910886622e-29
0.2,0.15,0.15,0.15,0.25,0.1,0.1659759314108358,2.1945268828041268e-29
0.2,0.05,0.15,0.35,0.15,0.1,0.1659628314657523,2.217063201796947e-29
0.4,0.1,0.05,0.25,0.15,0.05,0.1659444235273805,2.2491195012015604e-29
0.25,0.05,0.1,0.25,0.15,0.2,0.16589642462126675,2.334885362083683e-29
0.3,0.05,0.1,0.05,0.25,0.25,0.16587902823012998,2.366764191757649e-29
0.35,0.05,0.05,0.25,0.05,0.25,0.16587771204158158,2.3691935971711766e-29
0.35,0.1,0.1,0.1,0.25,0.1,0.16583363333673456,2.4519978653388426e-29
0.3,0.15,0.1,0.05,0.1,0.3,0.1658068363961567,2.5037338632778947e-29
0.3,0.35,0.05,0.15,0.1,0.05,0.16579493147746557,2.527064309985078e-29
0.35,0.2,0.1,0.15,0.1,0.1,0.16577845562315394,2.559708694117457e-29
0.2,0.35,0.15,0.15,0.05,0.1,0.1657775850743784,2.561445140592678e-29
0.5,0.15,0.05,0.1,0.05,0.15,0.16576183634926134,2.59306098896628e-29
0.2,0.2,0.1,0.4,0.05,0.05,0.16576033384600958,2.596097442211306e-29
0.25,0.3,0.05,0.15,0.15,0.1,0.16575352749211408,2.609896840869641e-29
0.3,0.05,0.1,0.25,0.25,0.05,0.1657309735844488,2.656145366197374e-29
0.25,0.05,0.1,0.3,0.1,0.2,0.1656760135489693,2.772277278857061e-29
0.2,0.1,0.1,0.15,0.1,0.35,0.16566082307924984,2.8052541655029515e-29
0.3,0.35,0.05,0.05,0.15,0.1,0.16562010747385186,2.895574965249866e-29
0.25,0.45,0.05,0.15,0.05,0.05,0.16556063270852486,3.032717871585441e-29
0.35,0.25,0.1,0.2,0.05,0.05,0.16555066343430305,3.056328322942177e-29
0.3,0.2,0.1,0.05,0.1,0.25,0.1655375832600437,3.087583136895391e-29
0.2,0.35,0.15,0.15,0.1,0.05,0.16553590552660896,3.091614918971216e-29
0.3,0.1,0.1,0.05,0.15,0.3,0.16548726770803898,3.2107946130613454e-29
0.2,0.15,0.1,0.35,0.15,0.05,0.16545825142289947,3.284053390113535e-29
0.25,0.25,0.1,0.15,0.15,0.1,0.16544911320133304,3.3074665804537656e-29
0.35,0.25,0.05,0.1,0.05,0.2,0.16543042989847576,3.355851915703103e-29
0.25,0.05,0.15,0.05,0.45,0.05,0.16542557329475002,3.3685439263494516e-29
0.35,0.05,0.1,0.35,0.05,0.1,0.1654140682986658,3.398800833630094e-29
0.35,0.25,0.05,0.05,0.25,0.05,0.1654057266285929,3.420906967241869e-29
0.25,0.3,0.05,0.15,0.05,0.2,0.16540409458995234,3.425248659677528e-29
0.25,0.25,0.1,0.1,0.15,0.15,0.16540401398067375,3.4254632451454407e-29
0.35,0.25,0.05,0.15,0.05,0.15,0.16540342783696724,3.4270239866927766e-29
0.25,0.1,0.1,0.25,0.2,0.1,0.16538750488336043,3.4696933948043074e-29
0.4,0.2,0.1,0.05,0.2,0.05,0.16536600014056282,3.5281581086042853e-29
0.4,0.25,0.05,0.05,0.05,0.2,0.16535453000044373,3.5597403706812144e-29
0.4,0.15,0.05,0.3,0.05,0.05,0.165322104133662,3.6505477523314666e-29
0.25,0.35,0.05,0.1,0.1,0.15,0.16530690465618952,3.6939005970439093e-29
0.25,0.3,0.05,0.15,0.2,0.05,0.16529196305738292,3.737015574358421e-29
0.25,0.25,0.05,0.15,0.2,0.1,0.16527939752508858,3.7736603837238376e-29
0.3,0.25,0.05,0.05,0.2,0.15,0.1652666581772397,3.811175929391559e-29
0.35,0.15,0.1,0.05,0.15,0.2,0.16524024306110957,3.89014745454884e-29
0.3,0.05,0.1,0.35,0.05,0.15,0.16509922517239675,4.3400190826994937e-29
0.2,0.35,0.15,0.2,0.05,0.05,0.16508875855827615,4.3753962876393294e-29
0.25,0.15,0.15,0.1,0.3,0.05,0.16505765980758644,4.48220650671731e-29
0.25,0.25,0.1,0.1,0.1,0.2,0.16505480130948208,4.4921529870508045e-29
0.2,0.25,0.1,0.05,0.2,0.2,0.16504293660605412,4.533672172237256e-29
0.25,0.35,0.05,0.05,0.05,0.25,0.16500960945020607,4.652343967398932e-29
0.3,0.25,0.1,0.2,0.05,0.1,0.16495143454300765,4.8669226386229144e-29
0.25,0.15,0.15,0.05,0.35,0.05,0.16492883920127177,4.952887553159723e-29
0.35,0.05,0.05,0.2,0.15,0.2,0.1649098874237622,5.026150475836874e-29
0.2,0.05,0.1,0.2,0.2,0.25,0.16489249966400404,5.094312279222386e-29
0.35,0.05,0.05,0.15,0.15,0.25,0.1648824243768896,5.134227162609243e-29
0.3,0.1,0.1,0.1,0.25,0.15,0.16485932247685173,5.2269239493707e-29
0.5,0.1,0.05,0.1,0.1,0.15,0.16485803989083192,5.232118710106797e-29
0.45,0.05,0.05,0.05,0.2,0.2,0.164848528666685,5.270801418574638e-29
0.2,0.05,0.15,0.45,0.1,0.05,0.16482682088841363,5.360153983962644e-29
0.6,0.2,0.05,0.05,0.05,0.05,0.16481008591234433,5.430061850401825e-29
0.25,0.55,0.05,0.05,0.05,0.05,0.16480573705341314,5.44837611355891e-29
0.25,0.25,0.1,0.15,0.2,0.05,0.1647903212775503,5.513791147039938e-29
0.2,0.15,0.15,0.2,0.25,0.05,0.164789788016023,5.516067865127863e-29
0.25,0.3,0.05,0.15,0.1,0.15,0.16478395304131402,5.541040831952404e-29
0.25,0.4,0.05,0.1,0.05,0.15,0.1647065239544029,5.883240244173437e-29
0.35,0.25,0.05,0.2,0.05,0.1,0.16466288315388264,6.085263554089405e-29
0.2,0.3,0.1,0.15,0.1,0.15,0.16461018887925413,6.338385933774061e-29
0.3,0.25,0.05,0.15,0.1,0.15,0.1645877906755865,6.449115355374425e-29
0.2,0.25,0.15,0.15,0.05,0.2,0.16457694111747523,6.503439680097716e-29
0.25,0.3,0.05,0.1,0.15,0.15,0.16455289122850206,6.625482188672343e-29
0.25,0.25,0.15,0.2,0.1,0.05,0.16450819411999254,6.85836487634826e-29
0.2,0.15,0.15,0.05,0.3,0.15,0.16448553050752793,6.979531439416404e-29
0.3,0.15,0.1,0.05,0.15,0.25,0.1644737304504263,7.043456186535132e-29
0.2,0.3,0.15,0.15,0.05,0.15,0.16444526740788004,7.20004935037325e-29
0.3,0.1,0.1,0.15,0.25,0.1,0.16441475257939478,7.371767272958211e-29
0.35,0.05,0.1,0.05,0.35,0.1,0.1643966210229842,7.47571743400771e-29
0.25,0.1,0.1,0.1,0.15,0.3,0.1643551570039209,7.718930769309285e-29
0.25,0.25,0.1,0.05,0.1,0.25,0.16429775520950135,8.068631145846746e-29
0.2,0.05,0.15,0.35,0.2,0.05,0.16429275115742595,8.099851037059909e-29
0.4,0.1,0.05,0.1,0.05,0.3,0.16429131814858905,8.108813514275591e-29
0.2,0.3,0.1,0.2,0.15,0.05,0.16426348318690234,8.284865997319465e-29
0.3,0.15,0.1,0.2,0.1,0.15,0.16422686590077132,8.522251227758545e-29
0.45,0.1,0.05,0.15,0.15,0.1,0.16421688346023589,8.588128158695793e-29
0.4,0.15,0.1,0.05,0.15,0.15,0.16419535447545716,8.73192809039934e-29
0.25,0.1,0.1,0.15,0.2,0.2,0.16418944317883832,8.771827946815671e-29
0.25,0.4,0.05,0.05,0.05,0.2,0.164185123476491,8.80109921531277e-29
0.4,0.05,0.05,0.25,0.1,0.15,0.1641332892902399,9.159986319503474e-29
0.25,0.1,0.15,0.05,0.4,0.05,0.1641232090587793,9.231446734032767e-29
0.3,0.2,0.1,0.15,0.1,0.15,0.16411870641195642,9.263545118512669e-29
0.55,0.15,0.05,0.05,0.05,0.15,0.16410127457334928,9.388860077016963e-29
0.25,0.05,0.05,0.15,0.05,0.45,0.16409788081827648,9.413452100837071e-29
0.45,0.15,0.05,0.15,0.05,0.15,0.16405588299749785,9.723117912092527e-29
0.2,0.25,0.1,0.15,0.15,0.15,0.16402345490196377,9.969116008731534e-29
0.45,0.15,0.1,0.05,0.15,0.1,0.16400114190502657,1.0141956310554416e-28
0.2,0.15,0.05,0.45,0.05,0.1,0.16399869190552502,1.0161114571802747e-28
0.2,0.15,0.1,0.3,0.05,0.2,0.16399658008984558,1.0177657136821747e-28
0.25,0.15,0.1,0.3,0.15,0.05,0.16398044406889736,1.030494089749835e-28
0.4,0.1,0.05,0.35,0.05,0.05,0.16397101505157116,1.038004812434588e-28
0.3,0.05,0.05,0.2,0.05,0.35,0.1639611449575925,1.045925039504642e-28
0.2,0.2,0.15,0.05,0.3,0.1,0.1639446258822552,1.0593150376700442e-28
0.45,0.15,0.05,0.25,0.05,0.05,0.16393920498786427,1.0637460362262903e-28
0.35,0.25,0.05,0.05,0.05,0.25,0.163928041707525,1.0729288032232962e-28
0.3,0.25,0.1,0.15,0.05,0.15,0.16391233797245838,1.0859797160138513e-28
0.2,0.1,0.1,0.25,0.15,0.2,0.16387858716796597,1.1145642174300588e-28
0.3,0.1,0.1,0.2,0.25,0.05,0.16386521208200647,1.126097288650078e-28
0.25,0.2,0.1,0.15,0.05,0.25,0.16385960829144536,1.1309644359743415e-28
0.3,0.25,0.05,0.2,0.05,0.15,0.16383575444490955,1.1519170810226183e-28
0.2,0.05,0.15,0.3,0.25,0.05,0.16381848416477912,1.1673267035356535e-28
0.4,0.2,0.1,0.1,0.15,0.05,0.16379704888087201,1.1867372128339271e-28
0.2,0.5,0.05,0.15,0.05,0.05,0.16379459010577294,1.1889840962103637e-28
0.2,0.05,0.1,0.25,0.15,0.25,0.1637682573995342,1.2133136513906055e-28
0.25,0.1,0.1,0.4,0.05,0.1,0.16373778772900296,1.242082190766246e-28
0.25,0.35,0.05,0.05,0.1,0.2,0.16373771234011164,1.2421542030510443e-28
0.25,0.45,0.05,0.1,0.05,0.1,0.16372734908842318,1.2520928012534766e-28
0.35,0.05,0.1,0.35,0.1,0.05,0.16372101508915582,1.2582060418469325e-28
0.25,0.3,0.05,0.1,0.05,0.25,0.1637023951075876,1.2763489988208025e-28
0.45,0.2,0.05,0.15,0.05,0.1,0.16368403617973382,1.2944915680139167e-28
0.5,0.05,0.05,0.05,0.25,0.1,0.16363028712861338,1.3490907322816633e-28
0.5,0.1,0.05,0.05,0.1,0.2,0.16362278082410156,1.3568953238456935e-28
0.4,0.05,0.05,0.1,0.15,0.25,0.16356276919854207,1.4209231645929691e-28
0.2,0.2,0.15,0.1,0.25,0.1,0.16353012035765446,1.4570062656677267e-28
0.2,0.1,0.1,0.3,0.1,0.2,0.16348811492480858,1.5047697186623037e-28
0.3,0.3,0.05,0.05,0.2,0.1,0.16346180843470817,1.535469645853666e-28
0.25,0.3,0.05,0.1,0.2,0.1,0.16345236273159344,1.5466437593523997e-28
0.25,0.2,0.1,0.35,0.05,0.05,0.16339050007831632,1.621846379344685e-28
0.3,0.2,0.1,0.1,0.15,0.15,0.16338821318919455,1.62469484499323e-28
0.2,0.3,0.1,0.1,0.05,0.25,0.1633406201306977,1.6851139747118048e-28
0.35,0.1,0.1,0.05,0.2,0.2,0.16330095276546766,1.7371700686978934e-28
0.2,0.3,0.1,0.15,0.05,0.2,0.16328020101161056,1.765035093306603e-28
0.35,0.2,0.1,0.05,0.15,0.15,0.16325554501979955,1.7987193355463436e-28
0.2,0.25,0.15,0.15,0.15,0.1,0.16324632595259703,1.811477220504144e-28
0.25,0.05,0.1,0.35,0.05,0.2,0.16324055460685633,1.8195095774608545e-28
0.25,0.1,0.1,0.3,0.2,0.05,0.16319454440344455,1.8848210193002706e-28
0.2,0.05,0.15,0.5,0.05,0.05,0.1631602854963454,1.934956603668296e-28
0.25,0.3,0.05,0.2,0.05,0.15,0.16315562918825718,1.9418721023044677e-28
0.4,0.15,0.1,0.1,0.15,0.1,0.16315432463153598,1.9438140075931337e-28
0.25,0.4,0.05,0.15,0.05,0.1,0.16314586879536616,1.956447769937257e-28
0.25,0.35,0.05,0.15,0.1,0.1,0.16314036456613867,1.9647152922473137e-28
0.3,0.15,0.1,0.2,0.15,0.1,0.16311706404659276,2.0000988653911542e-28
0.2,0.25,0.1,0.15,0.2,0.1,0.16308107642994712,2.05599429589534e-28
0.3,0.25,0.05,0.2,0.1,0.1,0.16306904936458022,2.0750177532943573e-28
0.2,0.25,0.1,0.1,0.15,0.2,0.1630610708313001,2.0877337648659583e-28
0.2,0.05,0.1,0.15,0.25,0.25,0.16304347003439607,2.1160594509889673e-28
0.2,0.45,0.05,0.2,0.05,0.05,0.1630420080862181,2.11842929565697e-28
0.45,0.05,0.05,0.1,0.2,0.15,0.16303582887919055,2.128475009566408e-28
0.2,0.05,0.15,0.05,0.45,0.1,0.16296804013382282,2.2418314302191178e-28
0.2,0.15,0.05,0.5,0.05,0.05,0.1629572655311068,2.2603919952746237e-28
0.3,0.2,0.1,0.2,0.05,0.15,0.16291665812592176,2.331722824994658e-28
0.3,0.1,0.05,0.25,0.05,0.25,0.1628808534178026,2.3964663428517605e-28
0.5,0.2,0.05,0.1,0.05,0.1,0.16285302849163125,2.4480087529455597e-28
0.25,0.25,0.1,0.2,0.05,0.15,0.16283511719195626,2.481767361490265e-28
0.2,0.2,0.1,0.35,0.05,0.1,0.16283428585484677,2.4833453990760506e-28
0.2,0.05,0.15,0.15,0.4,0.05,0.16276223316059937,2.6239639918045735e-28
0.25,0.35,0.05,0.1,0.15,0.1,0.16275250261370205,2.643549631175977e-28
0.3,0.3,0.05,0.25,0.05,0.05,0.16269503602693855,2.7622101130928175e-28
0.25,0.35,0.05,0.2,0.05,0.1,0.16268097210721233,2.7920455686876467e-28
0.3,0.1,0.05,0.3,0.05,0.2,0.16266963488552458,2.816329015789192e-28
0.25,0.1,0.1,0.25,0.25,0.05,0.1626566532462957,2.844391971949735e-28
0.25,0.25,0.1,0.15,0.1,0.15,0.16263652122694247,2.888461603850319e-28
0.2,0.25,0.15,0.2,0.05,0.15,0.16261279520093228,2.9412684900043767e-28
0.35,0.1,0.05,0.35,0.05,0.1,0.16259974530652108,2.9707205055171985e-28
0.35,0.2,0.1,0.25,0.05,0.05,0.16257344474311447,3.030969171267606e-28
0.2,0.15,0.1,0.25,0.05,0.25,0.16257325580909415,3.031406330544462e-28
0.5,0.2,0.05,0.15,0.05,0.05,0.1625515742502245,3.081991078577437e-28
0.3,0.45,0.05,0.05,0.1,0.05,0.16252849944424874,3.13674602108331e-28
0.35,0.2,0.1,0.05,0.2,0.1,0.1625112412051485,3.17832817788724e-28
0.4,0.25,0.05,0.2,0.05,0.05,0.16249875422025548,3.2087548143799814e-28
0.25,0.05,0.1,0.3,0.15,0.15,0.1624945869542836,3.218973200903991e-28
0.3,0.25,0.05,0.15,0.05,0.2,0.16248273830695453,3.248203435391188e-28
0.25,0.5,0.05,0.05,0.05,0.1,0.16245823378504304,3.3094929547041447e-28
0.55,0.2,0.05,0.1,0.05,0.05,0.16243573496192154,3.366775064539846e-28
0.35,0.2,0.1,0.2,0.1,0.05,0.16242867594222116,3.384949173181483e-28
0.3,0.05,0.05,0.15,0.1,0.35,0.16242473700247137,3.395132595579633e-28
0.25,0.3,0.05,0.05,0.15,0.2,0.16242205543580943,3.4020826802911856e-28
0.25,0.35,0.05,0.25,0.05,0.05,0.16239200123011874,3.4809489324774907e-28
0.25,0.3,0.05,0.2,0.1,0.1,0.16237558224565005,3.5247975312104187e-28
0.2,0.2,0.15,0.05,0.35,0.05,0.16232371021656944,3.666957534004159e-28
0.45,0.15,0.1,0.05,0.2,0.05,0.1622568471345747,3.8586182894720076e-28
0.3,0.15,0.05,0.35,0.05,0.1,0.16222754101645412,3.945723462478289e-28
0.25,0.2,0.1,0.1,0.1,0.25,0.16221911177236162,3.9711364122726718e-28
0.5,0.05,0.05,0.15,0.2,0.05,0.16219756192955054,4.036846313598312e-28
0.55,0.2,0.05,0.05,0.05,0.1,0.16215964537446037,4.1550894502582215e-28
0.25,0.15,0.1,0.2,0.1,0.2,0.16213736379134347,4.226170192977321e-28
0.2,0.1,0.1,0.4,0.1,0.1,0.16213536931116074,4.232591297050014e-28
0.3,0.2,0.1,0.3,0.05,0.05,0.16209524777331127,4.3638343974222645e-28
0.3,0.4,0.05,0.05,0.15,0.05,0.16208505895970005,4.397800945571499e-28
0.3,0.3,0.05,0.05,0.25,0.05,0.16206641532205543,4.46063354939033e-28
0.25,0.25,0.05,0.1,0.1,0.25,0.1620553333510195,4.498402864971003e-28
0.25,0.25,0.1,0.1,0.05,0.25,0.16205133564925625,4.512105426257572e-28
0.25,0.05,0.1,0.35,0.1,0.15,0.1620497965774738,4.517391790706707e-28
0.4,0.2,0.05,0.15,0.05,0.15,0.16204549112844005,4.532212679223756e-28
0.35,0.1,0.05,0.3,0.1,0.1,0.16204524152477978,4.533073381011493e-28
0.2,0.05,0.1,0.3,0.1,0.25,0.16202793801453425,4.59313738369156e-28
0.2,0.45,0.05,0.15,0.05,0.1,0.16202702423441528,4.596331145904174e-28
0.25,0.4,0.05,0.2,0.05,0.05,0.16202334505583932,4.609212577666742e-28
0.2,0.25,0.05,0.15,0.2,0.15,0.1620088797101949,4.660206193588723e-28
0.2,0.15,0.15,0.15,0.3,0.05,0.1619668207607411,4.811673115200885e-28
0.3,0.15,0.1,0.15,0.15,0.15,0.1619541891254711,4.858109361165466e-28
0.25,0.1,0.1,0.15,0.25,0.15,0.16194929222415094,4.876230568525772e-28
0.25,0.1,0.1,0.4,0.1,0.05,0.16192493867439497,4.9673523373928245e-28
0.35,0.15,0.05,0.3,0.05,0.1,0.16189680448247007,5.074723441673993e-28
0.2,0.15,0.15,0.1,0.3,0.1,0.1618884664493413,5.106984459597217e-28
0.4,0.05,0.05,0.2,0.2,0.1,0.16186248240666526,5.208830381995335e-28
0.3,0.05,0.1,0.2,0.3,0.05,0.16181995049916015,5.379900077900307e-28
0.25,0.25,0.15,0.25,0.05,0.05,0.16181607649516974,5.395755980872353e-28
0.25,0.45,0.05,0.05,0.05,0.15,0.1618098737374462,5.421239778738469e-28
0.3,0.05,0.1,0.35,0.1,0.1,0.16180727065511966,5.431969962857099e-28
0.45,0.15,0.05,0.1,0.05,0.2,0.16178096027962105,5.541613240258166e-28
0.3,0.25,0.05,0.05,0.3,0.05,0.16176045678286263,5.628576431107423e-28
0.25,0.3,0.05,0.25,0.05,0.1,0.1617538676557449,5.656809717230847e-28
0.2,0.1,0.15,0.1,0.4,0.05,0.161726941737499,5.773649412233322e-28
0.25,0.2,0.15,0.15,0.2,0.05,0.1617136399094987,5.83224996910244e-28
0.2,0.3,0.1,0.2,0.05,0.15,0.16170910957336976,5.852342471496017e-28
0.4,0.15,0.05,0.2,0.05,0.15,0.1616948373207666,5.916091152658426e-28
0.2,0.05,0.1,0.2,0.25,0.2,0.16168642848762155,5.953972023683393e-28
0.25,0.25,0.1,0.05,0.05,0.3,0.16167919600910027,5.986745866885033e-28
0.3,0.25,0.05,0.05,0.25,0.1,0.1616742628688571,6.009202853260056e-28
0.35,0.15,0.1,0.1,0.15,0.15,0.16166107910516597,6.069629628791897e-28
0.3,0.25,0.1,0.2,0.1,0.05,0.16162943058500284,6.217158528800729e-28
0.25,0.15,0.1,0.25,0.1,0.15,0.16161994449203615,6.262066349505517e-28
0.25,0.25,0.1,0.2,0.1,0.1,0.16160686412995987,6.324517650984319e-28
0.2,0.25,0.1,0.05,0.15,0.25,0.1615917680939075,6.397360605095959e-28
0.3,0.35,0.05,0.05,0.2,0.05,0.16157590258482069,6.474813140432629e-28
0.25,0.1,0.1,0.05,0.15,0.35,0.16154563329887858,6.625170437097779e-28
0.3,0.2,0.1,0.05,0.15,0.2,0.16154390103011168,6.6338791432995965e-28
0.3,0.05,0.05,0.2,0.15,0.25,0.16143678279177368,7.1950399645555605e-28
0.3,0.1,0.05,0.4,0.05,0.1,0.16140150909731535,7.389937542041595e-28
0.3,0.1,0.05,0.35,0.1,0.1,0.16137908993887887,7.516521429470486e-28
0.45,0.05,0.05,0.3,0.05,0.1,0.16137341332659694,7.548912557490734e-28
0.3,0.15,0.1,0.25,0.15,0.05,0.16136877038014003,7.575508381063611e-28
0.3,0.2,0.1,0.25,0.05,0.1,0.16135946306049398,7.629102870770871e-28
0.35,0.25,0.05,0.2,0.1,0.05,0.1613451921600179,7.71201023332925e-28
0.2,0.1,0.1,0.15,0.15,0.3,0.16133873105472277,7.749839466549774e-28
0.25,0.25,0.05,0.1,0.25,0.1,0.16133549378148251,7.768862559713452e-28
0.25,0.25,0.1,0.15,0.05,0.2,0.1612259624575064,8.440515803471424e-28
0.35,0.1,0.05,0.35,0.1,0.05,0.16119426420097135,8.645417317222114e-28
0.25,0.4,0.05,0.1,0.1,0.1,0.16118304425960295,8.719119974889657e-28
0.2,0.1,0.1,0.45,0.05,0.1,0.1611712276362192,8.797415779364008e-28
0.2,0.1,0.1,0.35,0.15,0.1,0.16116126649311363,8.863958562546513e-28
0.2,0.55,0.05,0.1,0.05,0.05,0.1611593934188698,8.876526766567781e-28
0.25,0.25,0.05,0.15,0.1,0.2,0.16115589560169022,8.900044212033357e-28
0.35,0.2,0.1,0.15,0.15,0.05,0.1611344757191137,9.045413481523758e-28
0.3,0.2,0.1,0.05,0.25,0.1,0.1611304220448124,9.07318809805191e-28
0.45,0.2,0.05,0.05,0.05,0.2,0.16111187208062316,9.201369828017252e-28
0.25,0.45,0.05,0.1,0.1,0.05,0.16105903344436293,9.576413358279317e-28
0.2,0.25,0.15,0.15,0.2,0.05,0.16102207323515522,9.847723406542937e-28
0.3,0.2,0.05,0.1,0.2,0.15,0.16101798231845024,9.878217701667334e-28
0.5,0.2,0.05,0.05,0.05,0.15,0.16101178534995916,9.92458923294656e-28
0.25,0.15,0.1,0.15,0.05,0.3,0.16098106326879053,1.0157687277895084e-27
0.35,0.1,0.05,0.15,0.1,0.25,0.1609739725414657,1.021225316018181e-27
0.35,0.2,0.1,0.05,0.25,0.05,0.16094654264167707,1.0426087200712987e-27
0.2,0.25,0.1,0.15,0.25,0.05,0.16091639136686428,1.0666260471246249e-27
0.4,0.15,0.05,0.25,0.05,0.1,0.16090358430301868,1.0769928899539897e-27
0.2,0.2,0.15,0.15,0.2,0.1,0.16089822370221712,1.081361698259801e-27
0.5,0.05,0.05,0.3,0.05,0.05,0.16087587187286492,1.099768267577221e-27
0.35,0.2,0.1,0.1,0.2,0.05,0.16084959336018895,1.121806048927183e-27
0.2,0.15,0.15,0.05,0.35,0.1,0.16084655227432682,1.124384474120978e-27
0.4,0.1,0.1,0.05,0.25,0.1,0.16084524932656635,1.1254909929865572e-27
0.35,0.15,0.1,0.05,0.2,0.15,0.1608373060625808,1.1322601439056675e-27
0.2,0.25,0.15,0.3,0.05,0.05,0.160837161931322,1.1323833428919547e-27
0.35,0.2,0.1,0.1,0.15,0.1,0.16080063190643307,1.1640405272048653e-27
0.25,0.4,0.05,0.05,0.1,0.15,0.16076590179121883,1.1949510082631114e-27
0.2,0.1,0.1,0.35,0.1,0.15,0.16075297067134026,1.2066666976499688e-27
0.25,0.15,0.1,0.05,0.05,0.4,0.16074387221187822,1.2149781523292779e-27
0.5,0.15,0.05,0.15,0.1,0.05,0.16071240303258388,1.2441653577238215e-27
0.25,0.3,0.05,0.2,0.15,0.05,0.1606822463539439,1.272787168959331e-27
0.4,0.05,0.05,0.05,0.15,0.3,0.1606788527916377,1.2760485965950311e-27
0.2,0.3,0.1,0.25,0.05,0.1,0.16065108188343818,1.3030514115671056e-27
0.25,0.05,0.05,0.1,0.05,0.5,0.1605986595265772,1.3555771263663375e-27
0.25,0.4,0.05,0.15,0.1,0.05,0.16059487833189862,1.3594459397787657e-27
0.35,0.1,0.05,0.4,0.05,0.05,0.16055675464459404,1.3990698456991644e-27
0.2,0.3,0.15,0.25,0.05,0.05,0.16054745215287236,1.4089109071539032e-27
0.25,0.2,0.1,0.1,0.15,0.2,0.1605294580607752,1.4281419462025665e-27
0.25,0.05,0.1,0.15,0.3,0.15,0.16052277868111692,1.4353465166866453e-27
0.2,0.2,0.15,0.25,0.15,0.05,0.16050163780846244,1.4583880224251095e-27
0.3,0.1,0.05,0.35,0.05,0.15,0.16048963999171986,1.4716272032780127e-27
0.35,0.2,0.05,0.05,0.3,0.05,0.16045649649780339,1.508822341776876e-27
0.2,0.1,0.1,0.4,0.15,0.05,0.16045244020643115,1.5134380375374103e-27
0.3,0.2,0.1,0.15,0.15,0.1,0.16044750052348586,1.5190778613066963e-27
0.3,0.2,0.1,0.1,0.25,0.05,0.16039062492326625,1.585535409986726e-27
0.5,0.05,0.05,0.1,0.25,0.05,0.1603861338692758,1.590904238562119e-27
0.4,0.2,0.05,0.15,0.1,0.1,0.16032245204113466,1.669000958386896e-27
0.45,0.05,0.05,0.2,0.2,0.05,0.1602992234112107,1.698423749048082e-27
0.25,0.3,0.1,0.25,0.05,0.05,0.16029180541739424,1.7079277222319257e-27
0.2,0.05,0.1,0.05,0.2,0.4,0.1602883244158341,1.712405757672216e-27
0.25,0.25,0.05,0.15,0.05,0.25,0.16026367984159154,1.7444437265256702e-27
0.35,0.1,0.05,0.25,0.15,0.1,0.16024673074856743,1.7668217368343874e-27
0.25,0.2,0.1,0.05,0.05,0.35,0.16019187124813372,1.841222697541938e-27
0.25,0.05,0.1,0.25,0.25,0.1,0.16017663468059554,1.862432217719703e-27
0.2,0.1,0.1,0.25,0.2,0.15,0.1601600541132996,1.8857878748430587e-27
0.25,0.3,0.05,0.05,0.05,0.3,0.1601221315450038,1.9403034189423448e-27
0.2,0.1,0.1,0.3,0.2,0.1,0.16010854619396162,1.9602107599330394e-27
0.35,0.1,0.1,0.1,0.3,0.05,0.16009262302801383,1.9838017058749757e-27
0.25,0.2,0.1,0.2,0.05,0.2,0.16007962879126392,2.00326169821036e-27
0.2,0.05,0.1,0.25,0.2,0.2,0.1600793887674694,2.0036229289750043e-27
0.2,0.1,0.1,0.1,0.1,0.4,0.16007195569050203,2.0148415751387085e-27
0.25,0.45,0.05,0.05,0.1,0.1,0.15999638363413812,2.1324965451200467e-27
0.2,0.4,0.05,0.15,0.05,0.15,0.15996732560147134,2.179526995815009e-27
0.2,0.6,0.05,0.05,0.05,0.05,0.15995608213064047,2.1979992089925193e-27
0.25,0.5,0.05,0.05,0.1,0.05,0.15995343492233752,2.2023709054757697e-27
0.25,0.35,0.05,0.05,0.15,0.15,0.15993923304707444,2.2259719894025163e-27
0.2,0.3,0.15,0.15,0.1,0.1,0.1599219970981065,2.254952207497218e-27
0.2,0.35,0.05,0.25,0.05,0.1,0.15990019092009658,2.2921532300800996e-27
0.2,0.3,0.15,0.15,0.15,0.05,0.15989644779244988,2.2985998539943964e-27
0.25,0.1,0.05,0.4,0.1,0.1,0.15989344015862292,2.3037927902838255e-27
0.2,0.05,0.1,0.1,0.25,0.3,0.15987700909799074,2.3323684214012386e-27
0.3,0.05,0.1,0.3,0.2,0.05,0.1598739706436,2.337691032729313e-27
0.25,0.1,0.1,0.1,0.2,0.25,0.1598692331789535,2.3460139183050795e-27
0.25,0.1,0.1,0.45,0.05,0.05,0.1598627791277529,2.357399831425814e-27
0.2,0.2,0.15,0.2,0.15,0.1,0.15986201519909427,2.3587511366528845e-27
0.25,0.2,0.1,0.05,0.1,0.3,0.15985010366992344,2.3799209200615223e-27
0.2,0.1,0.1,0.35,0.05,0.2,0.15979931272602235,2.4723233357933588e-27
0.3,0.1,0.1,0.15,0.3,0.05,0.15977146929217312,2.5244782627951293e-27
0.3,0.05,0.05,0.25,0.05,0.3,0.15976919132987513,2.5287931839564905e-27
0.3,0.1,0.1,0.05,0.2,0.25,0.15975086828589957,2.563767709749699e-27
0.2,0.5,0.05,0.1,0.05,0.1,0.15974292685867358,2.579074647650775e-27
0.4,0.15,0.1,0.05,0.2,0.1,0.1597318500131834,2.6005764647515465e-27
0.2,0.1,0.1,0.4,0.05,0.15,0.15972924662478377,2.6056557681377766e-27
0.2,0.1,0.1,0.5,0.05,0.05,0.15972909700904098,2.605947972431231e-27
0.3,0.15,0.1,0.1,0.15,0.2,0.15972508904817725,2.6137877496125562e-27
0.25,0.2,0.05,0.1,0.2,0.2,0.15972410999529013,2.6157063779263467e-27
0.2,0.25,0.05,0.15,0.15,0.2,0.15970526679053532,2.6529062065041137e-27
0.35,0.1,0.05,0.2,0.15,0.15,0.15969458900917097,2.6742183488609485e-27
0.2,0.1,0.15,0.05,0.4,0.1,0.15967819250868856,2.7072755419497203e-27
0.2,0.2,0.15,0.1,0.3,0.05,0.15966379760782534,2.7366310216452135e-27
0.2,0.4,0.05,0.1,0.05,0.2,0.1596540225870356,2.7567448653187888e-27
0.4,0.15,0.1,0.1,0.2,0.05,0.15961559636999706,2.8372440260848107e-27
0.25,0.2,0.1,0.05,0.25,0.15,0.15961460578630507,2.8393497214273806e-27
0.3,0.15,0.1,0.05,0.2,0.2,0.1595441389060813,2.9931855727207353e-27
0.4,0.1,0.05,0.15,0.15,0.15,0.1595225540680297,3.041939743776145e-27
0.25,0.15,0.1,0.15,0.1,0.25,0.15951335270234734,3.0629616438324243e-27
0.2,0.15,0.05,0.4,0.05,0.15,0.1594903306907172,3.116191933176698e-27
0.35,0.2,0.05,0.1,0.25,0.05,0.15946851953914323,3.1674681219901536e-27
0.55,0.1,0.05,0.1,0.15,0.05,0.1594649390925271,3.175965004357945e-27
0.2,0.1,0.1,0.2,0.2,0.2,0.1594267457213826,3.2680210740862706e-27
0.25,0.2,0.05,0.1,0.25,0.15,0.15940279583437686,3.327090911000652e-27
0.25,0.2,0.1,0.25,0.05,0.15,0.1593696458380946,3.410601903704181e-27
0.25,0.2,0.1,0.05,0.3,0.1,0.1593682422581744,3.414183268338788e-27
0.3,0.25,0.05,0.2,0.15,0.05,0.15936683467556878,3.417778590129011e-27
0.2,0.3,0.15,0.2,0.1,0.05,0.15936347011511667,3.4263877428501974e-27
0.35,0.05,0.05,0.25,0.1,0.2,0.1593464538709472,3.470258872559597e-27
0.25,0.35,0.05,0.2,0.1,0.05,0.15934456697971036,3.475157804688574e-27
0.25,0.1,0.05,0.4,0.05,0.15,0.1592661898723907,3.684819828916511e-27
0.4,0.2,0.05,0.05,0.25,0.05,0.1592285770619304,3.789841285953081e-27
0.35,0.2,0.05,0.1,0.1,0.2,0.1592101772481406,3.8422921671943834e-27
0.25,0.25,0.05,0.2,0.05,0.2,0.1591974009856701,3.879135111986126e-27
0.25,0.35,0.05,0.15,0.15,0.05,0.15918534743623114,3.914214932312715e-27
0.2,0.15,0.1,0.3,0.1,0.15,0.15916764255537072,3.9663129406095086e-27
0.25,0.2,0.1,0.3,0.05,0.1,0.15914206831891078,4.0427829198057796e-27
0.3,0.05,0.05,0.2,0.1,0.3,0.15913750400678997,4.056583628787138e-27
0.2,0.05,0.1,0.05,0.25,0.35,0.15913660041779995,4.0593212639355e-27
0.2,0.2,0.1,0.1,0.25,0.15,0.15909859674646432,4.176135795733678e-27
0.35,0.2,0.05,0.15,0.1,0.15,0.15908139406459776,4.230102591510094e-27
0.25,0.2,0.1,0.05,0.15,0.25,0.15906829156578595,4.271669915376503e-27
0.2,0.05,0.15,0.1,0.45,0.05,0.15906625409755426,4.278170003847462e-27
0.25,0.25,0.05,0.2,0.1,0.15,0.15905125340568851,4.326329151865832e-27
0.2,0.25,0.1,0.1,0.1,0.25,0.15898651509480818,4.5404083892908075e-27
0.2,0.25,0.1,0.05,0.1,0.3,0.15897247238450657,4.588213525011306e-27
0.35,0.2,0.05,0.15,0.15,0.1,0.15895289493249407,4.655694117067317e-27
0.55,0.2,0.05,0.05,0.1,0.05,0.15894705211625654,4.676023397759017e-27
0.5,0.2,0.05,0.05,0.1,0.1,0.15893990300734562,4.701017480917255e-27
0.25,0.25,0.05,0.15,0.25,0.05,0.1589293671568939,4.738093574259036e-27
0.2,0.55,0.05,0.05,0.05,0.1,0.1589141259030352,4.7922416781884835e-27
0.3,0.2,0.05,0.1,0.25,0.1,0.15890359636674678,4.830008135422484e-27
0.25,0.1,0.1,0.1,0.25,0.2,0.1588865380619817,4.891818523820515e-27
0.25,0.25,0.05,0.2,0.2,0.05,0.15881688004825892,5.1524659782635096e-27
0.25,0.4,0.05,0.1,0.15,0.05,0.15879400161201568,5.241040307725364e-27
0.2,0.25,0.15,0.25,0.05,0.1,0.15874839031423635,5.422153886582295e-27
0.25,0.3,0.05,0.05,0.2,0.15,0.1587478819694125,5.42420698703436e-27
0.2,0.2,0.15,0.15,0.25,0.05,0.1587327671088076,5.4856061576067106e-27
0.35,0.05,0.05,0.1,0.1,0.35,0.1586971640282831,5.6329680085163745e-27
0.45,0.05,0.05,0.05,0.25,0.15,0.15869664716702664,5.6351359497189664e-27
0.2,0.15,0.05,0.4,0.1,0.1,0.15869476251272305,5.643048019042962e-27
0.2,0.25,0.15,0.2,0.1,0.1,0.15868478210531062,5.6851312294024126e-27
0.4,0.15,0.05,0.15,0.05,0.2,0.158676439789461,5.7205458698256274e-27
0.3,0.25,0.05,0.05,0.1,0.25,0.1586421770395348,5.8683053177288285e-27
0.25,0.1,0.1,0.2,0.25,0.1,0.15863557632818978,5.897202724174178e-27
0.35,0.2,0.05,0.1,0.2,0.1,0.15862551398604416,5.941526510158892e-27
0.35,0.2,0.05,0.05,0.25,0.1,0.15860414443571108,6.0367558919979724e-27
0.2,0.25,0.1,0.15,0.1,0.2,0.1586032470802521,6.040787717666496e-27
0.25,0.3,0.05,0.05,0.1,0.25,0.15859402730772726,6.082367140869239e-27
0.25,0.2,0.1,0.1,0.2,0.15,0.15859332795073736,6.08553265885798e-27
0.3,0.1,0.05,0.3,0.1,0.15,0.158587775870212,6.110721198433931e-27
0.3,0.2,0.1,0.05,0.2,0.15,0.15857757598558705,6.15726539557224e-27
0.2,0.05,0.1,0.3,0.15,0.2,0.15856823358285288,6.200204976306996e-27
0.25,0.25,0.05,0.1,0.3,0.05,0.15847634550285175,6.638680641551416e-27
0.3,0.1,0.05,0.2,0.05,0.3,0.15846458315370668,6.696983107756122e-27
0.45,0.05,0.05,0.15,0.2,0.1,0.15845927938366175,6.723438064903959e-27
0.3,0.05,0.1,0.05,0.35,0.15,0.15843189988859976,6.861662156783005e-27
0.3,0.15,0.05,0.35,0.1,0.05,0.15841547023953728,6.94595485415116e-27
0.2,0.25,0.1,0.2,0.1,0.15,0.15840265023139835,7.012440417744303e-27
0.25,0.1,0.05,0.45,0.05,0.1,0.15840051014044843,7.023600371331519e-27
0.3,0.1,0.05,0.25,0.1,0.2,0.158373166519439,7.167748354578489e-27
0.25,0.15,0.1,0.1,0.1,0.3,0.15837191857144722,7.17439670371735e-27
0.45,0.05,0.05,0.25,0.15,0.05,0.1583698690061529,7.185328874045735e-27
0.2,0.35,0.05,0.15,0.05,0.2,0.15836913656624552,7.189239636469161e-27
0.35,0.05,0.05,0.2,0.2,0.15,0.15834263345318825,7.332177688918362e-27
0.3,0.2,0.1,0.2,0.1,0.1,0.1583224591535443,7.442867828910957e-27
0.35,0.15,0.05,0.25,0.05,0.15,0.15831146020109776,7.503911700992535e-27
0.35,0.05,0.1,0.1,0.35,0.05,0.15830368000687672,7.547390967327662e-27
0.25,0.2,0.1,0.15,0.1,0.2,0.15827986388319912,7.68204445679431e-27
0.2,0.3,0.05,0.2,0.05,0.2,0.15827965624048979,7.683228852788317e-27
0.3,0.2,0.1,0.25,0.1,0.05,0.15827098647763066,7.732843145399234e-27
0.3,0.1,0.1,0.05,0.25,0.2,0.15825088522146066,7.849101268831053e-27
0.2,0.3,0.15,0.2,0.05,0.1,0.15820523839705886,8.119578828623927e-27
0.3,0.2,0.1,0.1,0.2,0.1,0.15820084245578633,8.146109367888e-27
0.2,0.45,0.05,0.15,0.1,0.05,0.1581884120908695,8.221595440365433e-27
0.3,0.25,0.1,0.25,0.05,0.05,0.1581856505209995,8.238459566454744e-27
0.25,0.2,0.1,0.1,0.05,0.3,0.15817097213205147,8.328673447685043e-27
0.25,0.25,0.05,0.05,0.25,0.15,0.1581676086807429,8.349482832783678e-27
0.4,0.2,0.05,0.05,0.05,0.25,0.15816757019988625,8.349721208471985e-27
0.25,0.25,0.05,0.2,0.15,0.1,0.15816193665524306,8.384691962617604e-27
0.3,0.1,0.05,0.4,0.1,0.05,0.15812372940880287,8.625728487133717e-27
0.35,0.1,0.1,0.05,0.25,0.15,0.15812080164710912,8.644479547511985e-27
0.45,0.15,0.05,0.2,0.1,0.05,0.1581154859290534,8.678627775413399e-27
0.2,0.4,0.05,0.25,0.05,0.05,0.15802480006410097,9.282225509394684e-27
0.35,0.05,0.1,0.4,0.05,0.05,0.15800517157350022,9.41825082901172e-27
0.25,0.2,0.1,0.15,0.15,0.15,0.15799835607793003,9.465942793913339e-27
0.2,0.1,0.1,0.15,0.25,0.2,0.1579936085476038,9.499305375424474e-27
0.5,0.15,0.05,0.1,0.1,0.1,0.1579762627912125,9.622193981774364e-27
0.2,0.25,0.1,0.2,0.05,0.2,0.15796832986683462,9.678919818583497e-27
0.25,0.2,0.1,0.05,0.2,0.2,0.15789381725208596,1.0228178302495592e-26
0.3,0.15,0.1,0.2,0.2,0.05,0.15788802923158873,1.0272114707542165e-26
0.2,0.35,0.05,0.1,0.05,0.25,0.15787208440161077,1.0394120474270508e-26
0.2,0.15,0.15,0.1,0.35,0.05,0.1578541047987767,1.0533419393368977e-26
0.25,0.1,0.05,0.4,0.15,0.05,0.1578492115965125,1.0571649262650235e-26
0.25,0.1,0.05,0.35,0.1,0.15,0.15784765930704883,1.0583805781124907e-26
0.3,0.15,0.05,0.3,0.05,0.15,0.1578256407355916,1.0757740408668714e-26
0.35,0.1,0.05,0.3,0.15,0.05,0.15781999422963994,1.0802799255401125e-26
0.3,0.2,0.1,0.05,0.3,0.05,0.15780792238194588,1.0899760435675897e-26
0.45,0.2,0.05,0.1,0.05,0.15,0.15780612654997556,1.0914258087181548e-26
0.4,0.15,0.05,0.1,0.05,0.25,0.1577737818503295,1.1178671483592411e-26
0.3,0.2,0.05,0.1,0.15,0.2,0.15774683814587112,1.1403772389792819e-26
0.2,0.1,0.1,0.45,0.1,0.05,0.1576965083270135,1.1836353008689582e-26
0.2,0.05,0.1,0.35,0.05,0.25,0.15769312693602472,1.1865991998430203e-26
0.25,0.2,0.1,0.1,0.25,0.1,0.15767237136612802,1.2049539603750522e-26
0.45,0.15,0.05,0.1,0.1,0.15,0.15765547554777296,1.2201029774698577e-26
0.2,0.4,0.05,0.2,0.05,0.1,0.1576266724611277,1.2463646198903979e-26
0.3,0.05,0.1,0.4,0.1,0.05,0.15762190260323444,1.2507673546118303e-26
0.4,0.05,0.05,0.3,0.05,0.15,0.15760980945146624,1.2619989311291572e-26
0.2,0.15,0.1,0.2,0.05,0.3,0.1576019740282924,1.2693294269763874e-26
0.4,0.1,0.05,0.2,0.2,0.05,0.15759849057062983,1.272601941765175e-26
0.25,0.2,0.1,0.1,0.3,0.05,0.1575928680455581,1.2779016412262491e-26
0.2,0.1,0.1,0.35,0.2,0.05,0.15758408389447817,1.2862252524895724e-26
0.5,0.2,0.05,0.1,0.1,0.05,0.15755292484698663,1.316186374322477e-26
0.4,0.2,0.05,0.1,0.2,0.05,0.15755290732026803,1.316203420361737e-26
0.45,0.2,0.05,0.05,0.1,0.15,0.1575335153374265,1.3351982467366437e-26
0.25,0.35,0.05,0.1,0.2,0.05,0.1575101612051605,1.3584350041619797e-26
0.25,0.05,0.05,0.2,0.05,0.4,0.15748731996950116,1.3815490292965523e-26
0.2,0.2,0.1,0.1,0.3,0.1,0.15748633348126675,1.382556032215443e-26
0.2,0.25,0.05,0.1,0.2,0.2,0.15746426637268346,1.405273159435199e-26
0.4,0.05,0.05,0.25,0.15,0.1,0.15742599647086203,1.4455508222310477e-26
0.3,0.1,0.05,0.35,0.15,0.05,0.1574233112820765,1.4484194603332096e-26
0.2,0.3,0.05,0.2,0.15,0.1,0.15742010112474578,1.451856337568602e-26
0.3,0.1,0.05,0.45,0.05,0.05,0.15737212285891225,1.504196731916829e-26
0.25,0.1,0.1,0.1,0.3,0.15,0.15736375285946838,1.5135174073652048e-26
0.25,0.05,0.1,0.3,0.2,0.1,0.1573421452758044,1.5378446689113338e-26
0.3,0.2,0.05,0.05,0.25,0.15,0.15731464873797626,1.5693631914405697e-26
0.25,0.3,0.05,0.1,0.25,0.05,0.15730977637210156,1.5750146480252528e-26
0.45,0.2,0.05,0.15,0.1,0.05,0.15729212809933224,1.5956542383957e-26
0.2,0.05,0.1,0.25,0.25,0.15,0.15723825322032678,1.6603333363431785e-26
0.3,0.15,0.1,0.05,0.25,0.15,0.15723676166536835,1.6621604956604066e-26
0.35,0.2,0.05,0.1,0.15,0.15,0.15723591264061088,1.6632014434276502e-26
0.25,0.25,0.1,0.3,0.05,0.05,0.15723112096441302,1.6690884077726247e-26
0.2,0.3,0.05,0.15,0.2,0.1,0.15722383684891225,1.6780771174975662e-26
0.35,0.15,0.1,0.1,0.2,0.1,0.1572026995219816,1.7044334055294076e-26
0.3,0.1,0.1,0.05,0.3,0.15,0.15717298397390328,1.7421810886139758e-26
0.35,0.15,0.1,0.15,0.2,0.05,0.15715411161710477,1.7665836389177481e-26
0.6,0.15,0.05,0.05,0.1,0.05,0.15714863120125533,1.7737332449979122e-26
0.2,0.3,0.05,0.15,0.1,0.2,0.15714337569839906,1.7806163691008852e-26
0.25,0.2,0.1,0.25,0.1,0.1,0.15712715615446143,1.802026436349586e-26
0.45,0.2,0.05,0.1,0.1,0.1,0.15710684219874618,1.8292013869213638e-26
0.25,0.25,0.05,0.05,0.3,0.1,0.15708754242696543,1.8553957080976838e-26
0.25,0.25,0.05,0.05,0.15,0.25,0.15708532460049277,1.8584295327539722e-26
0.4,0.2,0.05,0.15,0.15,0.05,0.15707127333455048,1.8777652098690503e-26
0.3,0.05,0.1,0.1,0.35,0.1,0.15706532539922763,1.8860099875528864e-26
0.4,0.05,0.05,0.15,0.2,0.15,0.1570329056952833,1.9315835533538663e-26
0.45,0.2,0.05,0.05,0.2,0.05,0.15700847991272937,1.9666391288036058e-26
0.45,0.15,0.05,0.15,0.1,0.1,0.15698149229306943,2.0061049440197435e-26
0.2,0.1,0.1,0.25,0.25,0.1,0.15697777246623518,2.0116058906402343e-26
0.5,0.15,0.05,0.05,0.05,0.2,0.15696206492936307,2.0349997927552215e-26
0.4,0.1,0.05,0.05,0.05,0.35,0.1569569773258618,2.0426346310040596e-26
0.25,0.35,0.05,0.05,0.25,0.05,0.15692170678850717,2.096350507051746e-26
0.4,0.05,0.05,0.1,0.2,0.2,0.15690015868035737,2.129854025668025e-26
0.4,0.2,0.05,0.1,0.1,0.15,0.1568956001930868,2.1370093876084723e-26
0.2,0.3,0.1,0.25,0.1,0.05,0.156892448596027,2.1419703075428967e-26
0.4,0.2,0.05,0.05,0.1,0.2,0.1568781247454903,2.164661641479436e-26
0.25,0.15,0.1,0.15,0.15,0.2,0.15687527644243482,2.169202136886185e-26
0.25,0.25,0.1,0.2,0.15,0.05,0.15685149964489506,2.2074749744386084e-26
0.2,0.35,0.05,0.3,0.05,0.05,0.15683070809739832,2.2414905247731492e-26
0.25,0.4,0.05,0.05,0.2,0.05,0.15682291001138157,2.2543819229881502e-26
0.35,0.25,0.05,0.25,0.05,0.05,0.15681372168641772,2.2696659146428836e-26
0.35,0.05,0.05,0.25,0.15,0.15,0.15680922667884456,2.2771803375484558e-26
0.2,0.35,0.05,0.1,0.1,0.2,0.156786752311442,2.3151227446666754e-26
0.25,0.2,0.1,0.05,0.35,0.05,0.15674720341140277,2.3834186816249255e-26
0.45,0.1,0.05,0.1,0.1,0.2,0.1567265629638221,2.41985123543264e-26
0.45,0.2,0.05,0.2,0.05,0.05,0.15672037365582,2.4308831853120347e-26
0.3,0.2,0.05,0.15,0.15,0.15,0.1566955765967815,2.4755840724846883e-26
0.25,0.4,0.05,0.05,0.15,0.1,0.15669546863423486,2.4757804634226293e-26
0.4,0.15,0.1,0.05,0.25,0.05,0.15669515778817578,2.4763459989769166e-26
0.2,0.3,0.1,0.3,0.05,0.05,0.15668835954243646,2.4887464058876304e-26
0.2,0.05,0.15,0.05,0.5,0.05,0.1566872488146586,2.490778280106588e-26
0.2,0.2,0.1,0.05,0.3,0.15,0.1566812976484499,2.5016928886308968e-26
0.2,0.4,0.05,0.15,0.15,0.05,0.1566748565902101,2.5135593892485564e-26
0.3,0.2,0.1,0.15,0.2,0.05,0.15667204961802367,2.5187481704311362e-26
0.35,0.15,0.05,0.3,0.1,0.05,0.15666931498474593,2.5238134386968955e-26
0.3,0.1,0.1,0.1,0.3,0.1,0.1566627887966731,2.535942504486653e-26
0.25,0.2,0.1,0.3,0.1,0.05,0.15665449742687138,2.5514355489055012e-26
0.25,0.05,0.05,0.05,0.05,0.55,0.15665347607092883,2.5533505063183566e-26
0.2,0.1,0.1,0.2,0.25,0.15,0.1565805520634703,2.693822816937355e-26
0.3,0.1,0.05,0.2,0.1,0.25,0.15656985775400117,2.715057053057193e-26
0.25,0.2,0.1,0.15,0.2,0.1,0.1565588971693908,2.7369921169972037e-26
0.3,0.05,0.1,0.4,0.05,0.1,0.1565560843424216,2.7426495973860424e-26
0.4,0.1,0.1,0.05,0.3,0.05,0.1565469156620342,2.761171276210411e-26
0.25,0.05,0.1,0.05,0.3,0.25,0.15654318401648887,2.7687450277000885e-26
0.3,0.2,0.1,0.2,0.15,0.05,0.15653331562849412,2.788873273384334e-26
0.25,0.1,0.05,0.3,0.05,0.25,0.15652116806296998,2.8138495013727753e-26
0.25,0.15,0.1,0.25,0.15,0.1,0.15648280203156636,2.894197428448263e-26
0.3,0.2,0.05,0.1,0.3,0.05,0.15646436217029305,2.9336199579571664e-26
0.2,0.35,0.05,0.2,0.1,0.1,0.15643688213107335,2.993358926467044e-26
0.2,0.5,0.05,0.05,0.05,0.15,0.15643612355533126,2.9950249832033614e-26
0.55,0.1,0.05,0.05,0.15,0.1,0.15641774756378474,3.035666046727456e-26
0.2,0.25,0.1,0.2,0.15,0.1,0.15641716364471603,3.036966384677559e-26
0.35,0.1,0.1,0.05,0.3,0.1,0.15641187348551747,3.048772300047011e-26
0.2,0.45,0.05,0.1,0.05,0.15,0.1563886639367297,3.1011082600258104e-26
0.2,0.2,0.1,0.35,0.1,0.05,0.15638127240104022,3.117961852297164e-26
0.4,0.2,0.05,0.1,0.05,0.2,0.15637200370153892,3.139223930023235e-26
0.2,0.3,0.05,0.1,0.1,0.25,0.15635146642397066,3.1868490006459886e-26
0.2,0.2,0.1,0.15,0.2,0.15,0.15631811943620355,3.265708928223067e-26
0.35,0.2,0.05,0.1,0.05,0.25,0.1563005711426424,3.307981102292716e-26
0.2,0.25,0.1,0.35,0.05,0.05,0.15628104983405608,3.355643436521201e-26
0.45,0.2,0.05,0.1,0.15,0.05,0.15626371130199618,3.398546681447115e-26
0.2,0.15,0.15,0.05,0.4,0.05,0.1562611545403651,3.404919068392298e-26
0.25,0.45,0.05,0.05,0.15,0.05,0.15624083819684115,3.455977491455676e-26
0.25,0.35,0.05,0.05,0.2,0.1,0.1562304886988519,3.482278506237191e-26
0.2,0.15,0.1,0.05,0.05,0.45,0.15622810218997105,3.4883713903117444e-26
0.3,0.05,0.1,0.45,0.05,0.05,0.1562153119690706,3.521205981819337e-26
0.4,0.2,0.05,0.1,0.15,0.1,0.15619461460787668,3.5749894835259317e-26
0.3,0.2,0.05,0.1,0.1,0.25,0.1561724092986657,3.633596904517404e-26
0.3,0.2,0.05,0.15,0.1,0.2,0.1561563028747709,3.6767020851013294e-26
0.2,0.15,0.05,0.45,0.1,0.05,0.1561225842490458,3.768589966759621e-26
0.2,0.3,0.05,0.2,0.1,0.15,0.15611719627097084,3.7834823402194164e-26
0.2,0.45,0.05,0.1,0.1,0.1,0.15608693886193745,3.8682036083495744e-26
0.35,0.15,0.1,0.05,0.25,0.1,0.15606710631423434,3.9247522882024825e-26
0.55,0.15,0.05,0.1,0.1,0.05,0.15604762771909292,3.9810889693366597e-26
0.2,0.25,0.15,0.25,0.1,0.05,0.15604086894274785,4.000823615675845e-26
0.3,0.05,0.1,0.35,0.15,0.05,0.1560387814571121,4.0069383422916084e-26
0.2,0.3,0.05,0.25,0.05,0.15,0.15603171897831117,4.027694720218001e-26
0.25,0.05,0.1,0.2,0.3,0.1,0.15602178050230794,4.0570841341816856e-26
0.25,0.15,0.1,0.05,0.1,0.35,0.15599955400729812,4.123582162849235e-26
0.25,0.1,0.1,0.2,0.3,0.05,0.1559593572837067,4.246598609417777e-26
0.2,0.05,0.05,0.1,0.05,0.55,0.15595729638162936,4.253002797035034e-26
0.2,0.1,0.1,0.1,0.15,0.35,0.15590545202295902,4.41729395692065e-26
0.2,0.35,0.05,0.2,0.05,0.15,0.15590542145320055,4.4173926619493367e-26
0.2,0.25,0.1,0.15,0.05,0.25,0.15587634061861144,4.512287078359903e-26
0.3,0.25,0.05,0.05,0.05,0.3,0.15586860018770302,4.537883665059579e-26
0.25,0.1,0.05,0.35,0.05,0.2,0.15584865334003065,4.604510317770748e-26
0.5,0.05,0.05,0.05,0.3,0.05,0.15580201761700468,4.764089821786655e-26
0.35,0.05,0.05,0.3,0.05,0.2,0.1557956512002506,4.786295529598445e-26
0.3,0.15,0.1,0.15,0.2,0.1,0.1557858526004786,4.8206730635887944e-26
0.2,0.5,0.05,0.05,0.1,0.1,0.15576159153816319,4.906847365928254e-26
0.25,0.15,0.05,0.35,0.05,0.15,0.15573724994575866,4.994841567959808e-26
0.2,0.3,0.05,0.15,0.15,0.15,0.1557302803374543,5.0203232265727554e-26
0.2,0.25,0.1,0.05,0.05,0.35,0.15572072474188772,5.055469038158504e-26
0.25,0.1,0.05,0.45,0.1,0.05,0.15570986496869163,5.09570773024627e-26
0.2,0.4,0.05,0.1,0.1,0.15,0.15570916200886514,5.0983233149474085e-26
0.3,0.05,0.05,0.25,0.1,0.25,0.1557056060606473,5.1115747465445873e-26
0.2,0.2,0.1,0.1,0.2,0.2,0.15569537068170325,5.149908239142634e-26
0.2,0.05,0.1,0.3,0.2,0.15,0.15563622837900865,5.377051707687131e-26
0.25,0.15,0.1,0.05,0.2,0.25,0.15563544744764782,5.380116428957833e-26
0.3,0.15,0.1,0.1,0.2,0.15,0.15560758896357832,5.490585074169874e-26
0.25,0.25,0.05,0.05,0.1,0.3,0.15559824527603114,5.528137085274817e-26
0.4,0.15,0.05,0.1,0.1,0.2,0.15555096404919058,5.722096567859368e-26
0.2,0.3,0.05,0.05,0.05,0.35,0.1555398461781235,5.768675345889981e-26
0.3,0.2,0.05,0.15,0.25,0.05,0.15553713827612975,5.780076992583924e-26
0.25,0.3,0.05,0.05,0.3,0.05,0.15553521850780347,5.788173719382707e-26
0.25,0.25,0.05,0.1,0.05,0.3,0.15552463076273096,5.833030434693547e-26
0.2,0.1,0.1,0.05,0.15,0.4,0.1555150851552291,5.873767143127737e-26
0.25,0.05,0.05,0.15,0.1,0.4,0.15550207049028866,5.929762902244138e-26
0.2,0.35,0.05,0.15,0.1,0.15,0.15549664452337564,5.953264131330895e-26
0.25,0.15,0.1,0.2,0.15,0.15,0.15546350023363015,6.098837422538574e-26
0.2,0.15,0.1,0.3,0.15,0.1,0.15542805913793226,6.258402159716782e-26
0.2,0.25,0.05,0.1,0.15,0.25,0.15542596086977647,6.267977733654549e-26
0.25,0.05,0.1,0.1,0.35,0.15,0.15541513648944566,6.317606544841619e-26
0.4,0.2,0.05,0.05,0.2,0.1,0.1554140098195371,6.322794545118765e-26
0.35,0.15,0.05,0.2,0.05,0.2,0.1553554973718836,6.59811085173839e-26
0.2,0.25,0.05,0.2,0.15,0.15,0.15532930354403518,6.725177481949967e-26
0.2,0.4,0.05,0.15,0.1,0.1,0.15532273490834556,6.757420445562162e-26
0.35,0.05,0.05,0.15,0.2,0.2,0.15529374590090414,6.901555993268616e-26
0.25,0.25,0.1,0.25,0.05,0.1,0.15529265273103496,6.907050513810567e-26
0.2,0.3,0.05,0.1,0.05,0.3,0.15528846696891932,6.928129208445908e-26
0.3,0.1,0.05,0.3,0.15,0.1,0.15525508204180358,7.098546756161736e-26
0.25,0.25,0.1,0.25,0.1,0.05,0.15525225171306486,7.113184088095607e-26
0.25,0.15,0.1,0.1,0.25,0.15,0.1552510314294636,7.119504131435099e-26
0.2,0.3,0.05,0.15,0.05,0.25,0.15524928167281796,7.128576110363586e-26
0.35,0.2,0.05,0.15,0.05,0.2,0.15524458991321352,7.152958091145904e-26
0.2,0.35,0.05,0.15,0.2,0.05,0.15523619960636562,7.196766751935635e-26
0.5,0.2,0.05,0.05,0.15,0.05,0.15521338272962887,7.317250569919271e-26
0.2,0.55,0.05,0.05,0.1,0.05,0.1551861071538006,7.46390344134793e-26
0.2,0.2,0.1,0.15,0.05,0.3,0.15517163999044759,7.54286740005923e-26
0.2,0.05,0.1,0.15,0.3,0.2,0.15513087706997394,7.769837119593663e-26
0.4,0.2,0.05,0.2,0.05,0.1,0.15512219765910956,7.819031390823518e-26
0.3,0.2,0.05,0.15,0.2,0.1,0.15511963820479482,7.833597026117058e-26
0.2,0.25,0.1,0.3,0.05,0.1,0.1550880537418729,8.015569806583683e-26
0.25,0.2,0.05,0.4,0.05,0.05,0.1550481729697117,8.25133539954807e-26
0.2,0.2,0.1,0.05,0.35,0.1,0.15504088745115718,8.295141964454004e-26
0.2,0.05,0.05,0.15,0.05,0.5,0.15499892723521785,8.551964076490962e-26
0.25,0.05,0.1,0.4,0.05,0.15,0.15496877752001129,8.741347883445415e-26
0.35,0.15,0.1,0.1,0.25,0.05,0.15493331625605575,8.969419665601438e-26
0.2,0.15,0.1,0.2,0.1,0.25,0.1549241968943974,9.029018420476011e-26
0.35,0.1,0.05,0.1,0.05,0.35,0.15492285839852155,9.037798997439797e-26
0.2,0.2,0.15,0.2,0.2,0.05,0.1549060293434329,9.148922743953897e-26
0.2,0.05,0.1,0.35,0.1,0.2,0.15488488943340492,9.290431573230688e-26
0.2,0.1,0.15,0.05,0.45,0.05,0.15486096550291664,9.4531936620834e-26
0.25,0.1,0.05,0.35,0.15,0.1,0.15480801745439818,9.823530231379765e-26
0.2,0.5,0.05,0.05,0.15,0.05,0.1547678116644358,1.0114312584974917e-25
0.2,0.2,0.1,0.05,0.25,0.2,0.15476029473846256,1.0169616298101776e-25
0.3,0.2,0.05,0.05,0.3,0.1,0.15475034116266007,1.0243308274255081e-25
0.45,0.15,0.05,0.05,0.05,0.25,0.15473935167930686,1.0325284321070375e-25
0.4,0.15,0.05,0.25,0.1,0.05,0.15472100025024285,1.04636282807616e-25
0.2,0.15,0.1,0.1,0.05,0.4,0.15470610610858496,1.0577258047066023e-25
0.45,0.1,0.05,0.05,0.1,0.25,0.15470240239175134,1.0605703581377318e-25
0.2,0.35,0.05,0.25,0.1,0.05,0.15469611912102854,1.0654134244088648e-25
0.2,0.3,0.05,0.15,0.25,0.05,0.1545936224696345,1.1475825246529403e-25
0.5,0.1,0.05,0.1,0.15,0.1,0.15456740243292327,1.1695920401382195e-25
0.2,0.2,0.1,0.15,0.15,0.2,0.15456447933478676,1.1720714995377294e-25
0.2,0.45,0.05,0.1,0.15,0.05,0.1545501813886803,1.1842746844222857e-25
0.25,0.2,0.05,0.15,0.2,0.15,0.15450540222112846,1.223313704539362e-25
0.4,0.1,0.05,0.1,0.1,0.25,0.15449382894709662,1.2336090814947168e-25
0.2,0.2,0.1,0.05,0.2,0.25,0.15445661083624004,1.2673031005301125e-25
0.55,0.15,0.05,0.05,0.1,0.1,0.1544282271292639,1.2936106266754466e-25
0.25,0.1,0.1,0.15,0.3,0.1,0.1544100948742946,1.310699049821705e-25
0.2,0.1,0.1,0.15,0.2,0.25,0.1543370307922377,1.3818529033324402e-25
0.35,0.2,0.05,0.05,0.2,0.15,0.15433167054230476,1.3872212041287597e-25
0.25,0.15,0.1,0.15,0.2,0.15,0.15431970667713124,1.3992776779546385e-25
0.4,0.2,0.05,0.2,0.1,0.05,0.1542907195128761,1.4289214200275266e-25
0.25,0.3,0.05,0.05,0.25,0.1,0.15427661136785165,1.4435733923090248e-25
0.2,0.45,0.05,0.05,0.1,0.15,0.15423422485592497,1.488495126026822e-25
0.2,0.3,0.05,0.1,0.2,0.15,0.15422800063213876,1.4952072211754132e-25
0.2,0.15,0.1,0.15,0.05,0.35,0.15420037299769776,1.5253641684521287e-25
0.2,0.3,0.05,0.25,0.1,0.1,0.15419561487357758,1.530618387745144e-25
0.2,0.4,0.05,0.1,0.15,0.1,0.1541837236638784,1.5438279398867652e-25
0.25,0.3,0.05,0.25,0.1,0.05,0.15417370938459435,1.5550400378825031e-25
0.2,0.25,0.05,0.2,0.1,0.2,0.15415727299715112,1.5736175218839188e-25
0.25,0.15,0.1,0.1,0.2,0.2,0.1541387830684836,1.5947789600838116e-25
0.2,0.15,0.1,0.25,0.1,0.2,0.15413475225884143,1.5994294574758694e-25
0.2,0.2,0.1,0.1,0.35,0.05,0.15412489027057277,1.6108643324250844e-25
0.25,0.1,0.1,0.05,0.2,0.3,0.15411119966988754,1.6268728213803203e-25
0.2,0.2,0.1,0.2,0.05,0.25,0.15409229140596636,1.649241814294129e-25
0.2,0.25,0.05,0.15,0.25,0.1,0.15399680148908615,1.7669492635613124e-25
0.2,0.25,0.1,0.2,0.2,0.05,0.1539953935850922,1.7687455814269834e-25
0.3,0.05,0.05,0.05,0.1,0.45,0.1539861890579086,1.7805341235189584e-25
0.2,0.4,0.05,0.2,0.1,0.05,0.15394757384041693,1.8308440673090254e-25
0.2,0.35,0.05,0.1,0.15,0.15,0.15392068901189726,1.866700103065153e-25
0.2,0.25,0.1,0.1,0.05,0.3,0.15391011441519967,1.8809932061587126e-25
0.2,0.25,0.05,0.1,0.25,0.15,0.15389886768012215,1.8963137933287491e-25
0.4,0.15,0.05,0.2,0.1,0.1,0.15387396340582923,1.9306803868618233e-25
0.45,0.2,0.05,0.05,0.15,0.1,0.15384606333888157,1.9699142508387279e-25
0.2,0.3,0.05,0.2,0.2,0.05,0.15381429728870158,2.0155469002268704e-25
0.2,0.35,0.05,0.2,0.15,0.05,0.15381205927307626,2.018801066700416e-25
0.2,0.2,0.1,0.1,0.15,0.25,0.1537951909651726,2.0434963194355695e-25
0.25,0.2,0.1,0.2,0.2,0.05,0.15373224924131673,2.1383136974424554e-25
0.2,0.25,0.05,0.2,0.05,0.25,0.153717937758524,2.1604739025500385e-25
0.2,0.2,0.1,0.15,0.25,0.1,0.15367959636078504,2.2209700826966007e-25
0.25,0.05,0.1,0.35,0.15,0.1,0.15367413574038813,2.229721441571883e-25
0.35,0.2,0.05,0.15,0.2,0.05,0.15364874616219157,2.27086235112532e-25
0.2,0.05,0.1,0.1,0.3,0.25,0.1536377727091672,2.2888754990944536e-25
0.35,0.2,0.05,0.2,0.05,0.15,0.15358765702757363,2.3729574862365875e-25
0.2,0.2,0.1,0.1,0.1,0.3,0.15357949819476122,2.386932702638292e-25
0.35,0.2,0.05,0.2,0.1,0.1,0.15355360900769457,2.4318202345733254e-25
0.25,0.15,0.1,0.05,0.15,0.3,0.153546044799375,2.4450924633936204e-25
0.2,0.25,0.05,0.15,0.05,0.3,0.1535196349762629,2.4919965132097935e-25
0.2,0.2,0.1,0.05,0.4,0.05,0.1534774118435058,2.568843458500997e-25
0.3,0.15,0.1,0.1,0.25,0.1,0.15347571495261667,2.5719804222597004e-25
0.2,0.1,0.1,0.3,0.25,0.05,0.15343036486490944,2.657237553334572e-25
0.2,0.3,0.05,0.1,0.15,0.2,0.15338277447500007,2.749717694501121e-25
0.25,0.2,0.1,0.15,0.25,0.05,0.15337382772704142,2.7674561875246847e-25
0.25,0.1,0.1,0.05,0.3,0.2,0.15335689373832473,2.8013416918806547e-25
0.25,0.2,0.1,0.2,0.1,0.15,0.15333743092143776,2.84079539297278e-25
0.2,0.2,0.1,0.05,0.05,0.4,0.15332624793060584,2.863713284853555e-25
0.25,0.15,0.1,0.1,0.15,0.25,0.15331878171655042,2.8791160568117986e-25
0.3,0.25,0.05,0.25,0.05,0.1,0.15331623174184758,2.884395424113804e-25
0.2,0.25,0.05,0.15,0.1,0.25,0.15330145729116593,2.9151731580279757e-25
0.2,0.2,0.1,0.15,0.1,0.25,0.1532883376119929,2.9427763054101936e-25
0.2,0.05,0.05,0.05,0.05,0.6,0.15326989499952814,2.982016957319382e-25
0.25,0.1,0.05,0.3,0.1,0.2,0.1532519749709518,3.02064211215887e-25
0.3,0.15,0.05,0.25,0.05,0.2,0.15321948673086272,3.091935815295082e-25
0.25,0.25,0.05,0.05,0.05,0.35,0.15318832017429024,3.1618949082757186e-25
0.2,0.2,0.1,0.25,0.05,0.2,0.1531434001770532,3.2654932679410073e-25
0.25,0.15,0.1,0.05,0.25,0.2,0.15313952210723353,3.2745933187418317e-25
0.35,0.15,0.1,0.05,0.3,0.05,0.15313781938809048,3.278596751635947e-25
0.2,0.1,0.05,0.4,0.1,0.15,0.15312684702099222,3.3045115237930495e-25
0.2,0.3,0.05,0.05,0.1,0.3,0.15312295969613374,3.31374128600999e-25
0.3,0.1,0.05,0.25,0.15,0.15,0.15311618208534128,3.329894636711965e-25
0.45,0.05,0.05,0.1,0.25,0.1,0.15310733644706156,3.3510941880308966e-25
0.3,0.05,0.05,0.1,0.1,0.4,0.15308329674543972,3.409385791986167e-25
0.25,0.2,0.05,0.15,0.15,0.2,0.15307508002498285,3.4295391830456116e-25
0.25,0.05,0.1,0.4,0.1,0.1,0.15304965337004475,3.4926545078261e-25
0.25,0.2,0.05,0.1,0.3,0.1,0.15301279415060395,3.5861964716244104e-25
0.4,0.05,0.05,0.05,0.2,0.25,0.15301107343958104,3.5906234398753317e-25
0.3,0.05,0.05,0.15,0.15,0.3,0.15297502030821966,3.68463439495569e-25
0.5,0.1,0.05,0.05,0.15,0.15,0.15289976289684507,3.888801374018892e-25
0.3,0.05,0.05,0.3,0.05,0.25,0.15288864286790008,3.919904560849782e-25
0.35,0.05,0.1,0.05,0.4,0.05,0.15286197843136445,3.995493614469331e-25
0.2,0.15,0.05,0.4,0.15,0.05,0.15280593985477847,4.159091095416881e-25
0.25,0.2,0.05,0.15,0.25,0.1,0.1527984344540058,4.181500103920849e-25
0.2,0.2,0.1,0.3,0.05,0.15,0.15276186920637827,4.292395961724871e-25
0.2,0.1,0.05,0.45,0.05,0.15,0.15269414598042616,4.505538023438197e-25
0.3,0.05,0.1,0.15,0.35,0.05,0.15266275515663458,4.607856800149849e-25
0.4,0.05,0.05,0.25,0.2,0.05,0.15264521672997183,4.666022291007306e-25
0.25,0.15,0.05,0.3,0.05,0.2,0.15264097404872878,4.680201871869968e-25
0.2,0.15,0.1,0.25,0.15,0.15,0.15262798550894535,4.723877118418071e-25
0.4,0.15,0.05,0.15,0.1,0.15,0.15260384393542387,4.806130839204749e-25
0.35,0.1,0.05,0.25,0.2,0.05,0.15259162674603977,4.848295562570478e-25
0.2,0.35,0.05,0.05,0.05,0.3,0.152556023390016,4.97327326255995e-25
0.25,0.2,0.1,0.2,0.15,0.1,0.1525473981698122,5.004027235332208e-25
0.2,0.2,0.1,0.3,0.1,0.1,0.15253072615089355,5.064007731611909e-25
0.25,0.15,0.1,0.2,0.2,0.1,0.15250945953595685,5.141552686188152e-25
0.3,0.2,0.05,0.05,0.35,0.05,0.15248023618724368,5.250032435073762e-25
0.2,0.1,0.05,0.4,0.15,0.1,0.15246036924833503,5.325071777948233e-25
0.2,0.5,0.05,0.1,0.1,0.05,0.15245129358505863,5.3597040137785065e-25
0.2,0.2,0.1,0.05,0.15,0.3,0.1524009389470925,5.555946675652778e-25
0.2,0.3,0.05,0.25,0.15,0.05,0.1523890411830597,5.603344582677131e-25
0.35,0.2,0.05,0.05,0.1,0.25,0.15238288179501477,5.628039266016171e-25
0.4,0.2,0.05,0.05,0.15,0.15,0.1523816138269163,5.633136263929931e-25
0.3,0.15,0.05,0.3,0.1,0.1,0.15231359956497956,5.913347304931697e-25
0.2,0.1,0.1,0.1,0.25,0.25,0.15228207730540055,6.047855460696417e-25
0.2,0.35,0.05,0.15,0.15,0.1,0.15225495495167404,6.166011430251618e-25
0.3,0.15,0.1,0.15,0.25,0.05,0.15225232009773973,6.177611057275895e-25
0.35,0.1,0.05,0.15,0.15,0.2,0.15220714833612542,6.37986955556201e-25
0.3,0.1,0.1,0.1,0.35,0.05,0.15218867649167572,6.464455189283882e-25
0.45,0.1,0.05,0.15,0.2,0.05,0.15217727775920747,6.517205119789729e-25
0.25,0.25,0.05,0.05,0.2,0.2,0.15217448607098963,6.530189080564452e-25
0.35,0.1,0.05,0.2,0.2,0.1,0.15215040988226777,6.643234485664777e-25
0.3,0.1,0.05,0.2,0.15,0.2,0.15212829444647552,6.748780483004752e-25
0.25,0.05,0.1,0.45,0.05,0.1,0.15210141809850125,6.879285913010297e-25
0.45,0.05,0.05,0.15,0.25,0.05,0.15206075178494433,7.081519375634918e-25
0.2,0.25,0.05,0.1,0.1,0.3,0.15205372774321527,7.117041468422655e-25
0.25,0.3,0.05,0.3,0.05,0.05,0.1520337580642321,7.218999481257923e-25
0.45,0.05,0.05,0.3,0.1,0.05,0.1520030171049983,7.378786276569332e-25
0.2,0.15,0.1,0.1,0.25,0.2,0.15195655701825125,7.626949865609079e-25
0.2,0.05,0.1,0.2,0.3,0.15,0.15193164398351766,7.763407977832481e-25
0.2,0.25,0.05,0.05,0.1,0.35,0.1519184246942789,7.836794184024216e-25
0.25,0.15,0.1,0.25,0.2,0.05,0.15184447864048659,8.260153843549383e-25
0.2,0.2,0.1,0.15,0.3,0.05,0.1518142648769662,8.439584072176346e-25
0.35,0.2,0.05,0.2,0.15,0.05,0.15174143859334874,8.888099968756398e-25
0.2,0.25,0.1,0.25,0.1,0.1,0.15171477579900816,9.05814580450847e-25
0.4,0.05,0.05,0.3,0.1,0.1,0.15169719940433804,9.171999956517718e-25
0.2,0.1,0.05,0.4,0.05,0.2,0.15161976866470372,9.69068297910797e-25
0.25,0.1,0.1,0.05,0.25,0.25,0.151569167355883,1.0045233688208355e-24
0.25,0.15,0.05,0.35,0.1,0.1,0.15154870121962738,1.0192256993854208e-24
0.2,0.1,0.05,0.45,0.1,0.1,0.15146046228384266,1.08509316893486e-24
0.25,0.1,0.05,0.25,0.1,0.25,0.15144174016067047,1.0996016799476854e-24
0.3,0.2,0.05,0.15,0.05,0.25,0.15143998570732814,1.1009710809666352e-24
0.3,0.1,0.05,0.15,0.05,0.35,0.1513800688182786,1.148765564541473e-24
0.25,0.1,0.05,0.25,0.05,0.3,0.15135833021479148,1.1666093124389597e-24
0.25,0.25,0.05,0.05,0.35,0.05,0.15130004318849452,1.2158193459801571e-24
0.2,0.25,0.05,0.05,0.05,0.4,0.1512105431953263,1.2954113826834156e-24
0.25,0.25,0.05,0.25,0.05,0.15,0.15120462441979463,1.3008532101708767e-24
0.2,0.25,0.1,0.25,0.15,0.05,0.1511890852269801,1.315248206000895e-24
0.25,0.05,0.1,0.3,0.25,0.05,0.15117825127744966,1.325377647288496e-24
0.2,0.2,0.1,0.2,0.15,0.15,0.15112231702024195,1.378916664441464e-24
0.3,0.05,0.05,0.2,0.2,0.2,0.15110549686779398,1.3954314743007666e-24
0.2,0.25,0.05,0.2,0.2,0.1,0.15107270916768298,1.4281890928484836e-24
0.25,0.1,0.05,0.3,0.15,0.15,0.1510136059810057,1.4891732030503595e-24
0.2,0.25,0.05,0.1,0.05,0.35,0.15098636810947091,1.518139257354532e-24
0.2,0.05,0.1,0.35,0.15,0.15,0.15094538088578555,1.5627817912254468e-24
0.4,0.2,0.05,0.25,0.05,0.05,0.1509415634061528,1.5670053171083966e-24
0.2,0.1,0.1,0.1,0.2,0.3,0.15093595291397408,1.5732330928571375e-24
0.2,0.25,0.05,0.2,0.25,0.05,0.1509091909499016,1.603278461616943e-24
0.2,0.2,0.1,0.2,0.2,0.1,0.15088515890850546,1.630742855938827e-24
0.2,0.05,0.1,0.1,0.35,0.2,0.1508775595440168,1.6395241712501973e-24
0.2,0.3,0.05,0.3,0.05,0.1,0.15084666163220908,1.675712588498077e-24
0.2,0.05,0.1,0.4,0.05,0.2,0.1508459736621917,1.6765272946772722e-24
0.25,0.15,0.1,0.05,0.3,0.15,0.1507924534656505,1.7411239311854232e-24
0.2,0.4,0.05,0.05,0.1,0.2,0.15076098994903278,1.78024323257748e-24
0.3,0.2,0.05,0.2,0.15,0.1,0.15073732579937593,1.8102377718769253e-24
0.3,0.05,0.05,0.25,0.15,0.2,0.1506980123607304,1.861178159962732e-24
0.2,0.45,0.05,0.05,0.15,0.1,0.1506894129510131,1.872508677111931e-24
0.35,0.2,0.05,0.05,0.15,0.2,0.15061789085059824,1.969431154565583e-24
0.2,0.05,0.1,0.55,0.05,0.05,0.15061145848831597,1.9783876332786188e-24
0.2,0.1,0.1,0.1,0.3,0.2,0.15060870249035152,1.9822374425052988e-24
0.3,0.2,0.05,0.35,0.05,0.05,0.15054448808567517,2.0740678148221246e-24
0.2,0.15,0.1,0.15,0.2,0.2,0.15052866258492337,2.0973387744411308e-24
0.35,0.1,0.1,0.05,0.35,0.05,0.15048627531805053,2.1609495474832093e-24
0.2,0.2,0.1,0.2,0.1,0.2,0.1504083369422383,2.282938178305297e-24
0.2,0.25,0.15,0.2,0.15,0.05,0.15040733148082006,2.284555663444907e-24
0.25,0.15,0.1,0.2,0.25,0.05,0.15038658233050647,2.3181893257551158e-24
0.2,0.15,0.1,0.05,0.1,0.4,0.15038309594105936,2.323888563852863e-24
0.3,0.15,0.1,0.05,0.3,0.1,0.1503656518148761,2.3526137298845425e-24
0.3,0.2,0.05,0.05,0.2,0.2,0.15036528579397102,2.3532202059882854e-24
0.2,0.25,0.1,0.3,0.1,0.05,0.15035946993563704,2.3628775576336085e-24
0.2,0.2,0.1,0.05,0.1,0.35,0.15029668621189188,2.4696630108704578e-24
0.4,0.1,0.05,0.15,0.2,0.1,0.1502932115387942,2.475710494331575e-24
0.3,0.1,0.1,0.05,0.35,0.1,0.15028343398205457,2.4928066160657283e-24
0.35,0.15,0.05,0.15,0.1,0.2,0.15024526593124607,2.560669938680765e-24
0.25,0.05,0.1,0.15,0.35,0.1,0.15023725440528904,2.5751451825553984e-24
0.35,0.15,0.05,0.1,0.1,0.25,0.15021063542334137,2.623824786833968e-24
0.25,0.05,0.1,0.35,0.2,0.05,0.15020540762040263,2.633491671040873e-24
0.2,0.25,0.05,0.05,0.15,0.3,0.15017217146156003,2.69577982135466e-24
0.2,0.2,0.05,0.45,0.05,0.05,0.1501608479007941,2.717332841041956e-24
0.35,0.15,0.05,0.25,0.1,0.1,0.1500887208605502,2.8586793596766677e-24
0.2,0.1,0.05,0.45,0.15,0.05,0.15008442489280058,2.8673241615431925e-24
0.2,0.15,0.1,0.2,0.15,0.2,0.15007519760142876,2.8859799105037196e-24
0.2,0.2,0.1,0.2,0.25,0.05,0.1500517096509625,2.934012019875049e-24
0.2,0.2,0.1,0.25,0.1,0.15,0.15003498583239003,2.9686933533171808e-24
0.25,0.05,0.05,0.1,0.1,0.45,0.14996585496390102,3.1164141004196402e-24
0.3,0.2,0.05,0.2,0.1,0.15,0.14993461605998368,3.1855319674814488e-24
0.2,0.45,0.05,0.05,0.05,0.2,0.14991195781328193,3.2366123677790673e-24
0.2,0.2,0.1,0.1,0.05,0.35,0.14988445614190218,3.2997024382362804e-24
0.2,0.15,0.1,0.3,0.2,0.05,0.1498808932879955,3.3079643803307196e-24
0.2,0.05,0.05,0.2,0.05,0.45,0.14987992538454376,3.3102123987476656e-24
0.2,0.1,0.05,0.35,0.1,0.2,0.1498721517649723,3.328322083533119e-24
0.2,0.05,0.1,0.05,0.3,0.3,0.14981330270726817,3.4686389555886734e-24
0.25,0.2,0.05,0.05,0.35,0.1,0.149808281250625,3.480879654448172e-24
0.25,0.15,0.1,0.15,0.3,0.05,0.14972752210886317,3.6837236995358625e-24
0.2,0.15,0.1,0.2,0.2,0.15,0.149684873632397,3.795523163365565e-24
0.35,0.05,0.05,0.25,0.2,0.1,0.1496735792615357,3.825688913973683e-24
0.2,0.3,0.05,0.05,0.25,0.15,0.14966363591877213,3.852442676768588e-24
0.25,0.05,0.1,0.05,0.35,0.2,0.1496607558125203,3.860226493921684e-24
0.25,0.05,0.1,0.5,0.05,0.05,0.1496549645745312,3.875925148328889e-24
0.2,0.15,0.1,0.1,0.3,0.15,0.1496458910973513,3.9006483696840006e-24
0.2,0.15,0.1,0.15,0.1,0.3,0.14961206155215884,3.9942106401736405e-24
0.2,0.2,0.05,0.15,0.25,0.15,0.14954367035091984,4.190200132815989e-24
0.35,0.2,0.05,0.05,0.05,0.3,0.14953653606749842,4.211185469224482e-24
0.35,0.15,0.05,0.15,0.05,0.25,0.1495173797602294,4.26804958821501e-24
0.35,0.2,0.05,0.3,0.05,0.05,0.14948502083523368,4.365836641998703e-24
0.3,0.15,0.1,0.05,0.35,0.05,0.1494834366590767,4.370680491674073e-24
0.55,0.15,0.05,0.05,0.15,0.05,0.1494747037329398,4.397478366238532e-24
0.2,0.15,0.1,0.15,0.25,0.15,0.14942232689480403,4.561650245695254e-24
0.3,0.2,0.05,0.2,0.05,0.2,0.1493070959615606,4.944502402178467e-24
0.2,0.45,0.05,0.05,0.2,0.05,0.14929822337820267,4.975267422946168e-24
0.2,0.2,0.05,0.15,0.2,0.2,0.14928204729134523,5.0318453659007526e-24
0.55,0.1,0.05,0.05,0.2,0.05,0.1492693380430515,5.07674408428662e-24
0.5,0.15,0.05,0.05,0.1,0.15,0.1492666441897963,5.086311650704149e-24
0.25,0.1,0.05,0.2,0.05,0.35,0.14922831249386423,5.224401857595029e-24
0.25,0.15,0.1,0.15,0.25,0.1,0.14922313867905967,5.243322670668066e-24
0.45,0.05,0.05,0.35,0.05,0.05,0.14919978823365085,5.329563631752298e-24
0.25,0.2,0.05,0.05,0.25,0.2,0.14919153134425853,5.3603939855908255e-24
0.35,0.2,0.05,0.25,0.05,0.1,0.14915503257166093,5.4988057308852615e-24
0.4,0.05,0.05,0.2,0.25,0.05,0.14913689837518307,5.568884788674862e-24
0.25,0.05,0.05,0.2,0.1,0.35,0.149133098508301,5.58368094358217e-24
0.2,0.05,0.1,0.45,0.05,0.15,0.14906165467682947,5.8692322558611596e-24
0.3,0.2,0.05,0.2,0.2,0.05,0.14904997141640716,5.917284791873707e-24
0.2,0.1,0.1,0.15,0.3,0.15,0.14904830419856488,5.924173641473977e-24
0.2,0.4,0.05,0.05,0.05,0.25,0.1490374628303775,5.9691636690941526e-24
0.2,0.35,0.05,0.1,0.25,0.05,0.14903285076893474,5.9884054381787715e-24
0.35,0.15,0.05,0.15,0.15,0.15,0.14901083590056619,6.081102223425941e-24
0.25,0.2,0.1,0.25,0.15,0.05,0.14898180575756206,6.2055129415679174e-24
0.3,0.15,0.1,0.1,0.3,0.05,0.14894580922052775,6.363283339722157e-24
0.2,0.05,0.1,0.5,0.05,0.1,0.14891982574221022,6.479628977067831e-24
0.45,0.15,0.05,0.15,0.15,0.05,0.14888523364326142,6.637795643633905e-24
0.2,0.15,0.05,0.35,0.05,0.2,0.14887700039060242,6.676000499757257e-24
0.2,0.3,0.05,0.1,0.25,0.1,0.14887558817994279,6.682575436657482e-24
0.2,0.25,0.05,0.25,0.2,0.05,0.1488696032347501,6.71051123770444e-24
0.4,0.05,0.05,0.15,0.25,0.1,0.1488582335664718,6.763900047748683e-24
0.25,0.25,0.05,0.25,0.1,0.1,0.14884890830667719,6.808002636753158e-24
0.45,0.1,0.05,0.1,0.15,0.15,0.14883647592477836,6.867243056061962e-24
0.2,0.05,0.1,0.15,0.35,0.15,0.14882787378820928,6.908530776104645e-24
0.35,0.05,0.05,0.1,0.15,0.3,0.14880654345211922,7.011973443932991e-24
0.35,0.1,0.05,0.05,0.05,0.4,0.14877654865953593,7.160034080181721e-24
0.2,0.4,0.05,0.1,0.2,0.05,0.14875671291931325,7.259643541435441e-24
0.2,0.4,0.05,0.05,0.15,0.15,0.14875001560132295,7.293584433612688e-24
0.35,0.05,0.05,0.05,0.15,0.35,0.14870847590056555,7.507637861014229e-24
0.3,0.25,0.05,0.25,0.1,0.05,0.14870118372150698,7.545850928876115e-24
0.25,0.05,0.1,0.25,0.3,0.05,0.14866724713458798,7.726236977397758e-24
0.2,0.15,0.1,0.05,0.15,0.35,0.14863236486278605,7.916099157599499e-24
0.4,0.05,0.05,0.05,0.25,0.2,0.14862489528050252,7.957352261639705e-24
0.3,0.05,0.1,0.05,0.4,0.1,0.14860827243121902,8.049922596476115e-24
0.2,0.3,0.05,0.3,0.1,0.05,0.1486060092775765,8.062607968063009e-24
0.25,0.1,0.1,0.05,0.35,0.15,0.14859846782194197,8.105022173825437e-24
0.25,0.2,0.05,0.2,0.25,0.05,0.14854988185498696,8.383622160065057e-24
0.3,0.15,0.05,0.2,0.05,0.25,0.14853919043533642,8.44618988465984e-24
0.4,0.15,0.05,0.15,0.15,0.1,0.14852680280467057,8.519262408377321e-24
0.2,0.2,0.05,0.1,0.25,0.2,0.14849167155254717,8.729917669407852e-24
0.2,0.1,0.05,0.35,0.05,0.25,0.14847944872549562,8.80441127118767e-24
0.4,0.15,0.05,0.05,0.15,0.2,0.14844012275928012,9.04838441159396e-24
0.2,0.05,0.1,0.4,0.1,0.15,0.1484292773576201,9.116837399789554e-24
0.25,0.2,0.05,0.05,0.3,0.15,0.1484280523940435,9.124601162231706e-24
0.25,0.1,0.1,0.1,0.35,0.1,0.14841328774876258,9.21869530664743e-24
0.25,0.15,0.1,0.1,0.3,0.1,0.14839561641258311,9.332577272331444e-24
0.4,0.05,0.05,0.35,0.05,0.1,0.1483266636187097,9.790415432477425e-24
0.4,0.05,0.05,0.1,0.25,0.15,0.14829010979485066,1.0042076246478195e-23
0.2,0.15,0.1,0.05,0.2,0.3,0.14827754206280594,1.0130071922769278e-23
0.2,0.1,0.05,0.4,0.2,0.05,0.14826769498275702,1.0199551387150846e-23
0.45,0.15,0.05,0.05,0.1,0.2,0.14826693673100233,1.0204921015199275e-23
0.2,0.35,0.05,0.05,0.15,0.2,0.148247512857549,1.0343431088371215e-23
0.2,0.35,0.05,0.05,0.1,0.25,0.14823572342518365,1.0428406561334813e-23
0.25,0.05,0.1,0.4,0.15,0.05,0.1482316190314684,1.0458151968857364e-23
0.2,0.4,0.05,0.05,0.2,0.1,0.14821725306371716,1.0562928225809931e-23
0.25,0.1,0.05,0.35,0.2,0.05,0.14816860115836705,1.0925543424328099e-23
0.25,0.2,0.05,0.2,0.2,0.1,0.14811030989539686,1.1376261975871244e-23
0.2,0.1,0.1,0.25,0.3,0.05,0.148013662024238,1.2164464575778817e-23
0.25,0.05,0.1,0.05,0.4,0.15,0.1480102263407692,1.2193457410890828e-23
0.2,0.35,0.05,0.05,0.2,0.15,0.1480001179917254,1.2279156448175673e-23
0.2,0.3,0.05,0.05,0.15,0.25,0.14799000418041627,1.2365498529621211e-23
0.2,0.1,0.05,0.3,0.05,0.3,0.14798676727727395,1.2393258882209949e-23
0.2,0.1,0.1,0.05,0.2,0.35,0.14798268026195427,1.2428398119842173e-23
0.2,0.25,0.05,0.1,0.3,0.1,0.1479479047229294,1.2731408335174081e-23
0.2,0.1,0.1,0.2,0.3,0.1,0.14794101583817548,1.279229556058973e-23
0.25,0.05,0.05,0.15,0.15,0.35,0.1479285726107391,1.2903006201383337e-23
0.35,0.1,0.05,0.15,0.2,0.15,0.14790551782878278,1.311064329031918e-23
0.25,0.05,0.05,0.25,0.05,0.35,0.14789009849569282,1.325135613316615e-23
0.45,0.15,0.05,0.1,0.15,0.1,0.14784464884550902,1.3674874805182032e-23
0.2,0.3,0.05,0.05,0.3,0.1,0.14779389040631227,1.4163716494094792e-23
0.4,0.15,0.05,0.05,0.05,0.3,0.14778381829996923,1.4262755719585615e-23
0.2,0.35,0.05,0.1,0.2,0.1,0.1477579550868157,1.4520220706700688e-23
0.25,0.2,0.05,0.1,0.35,0.05,0.1477315660148829,1.4787662548861556e-23
0.2,0.15,0.1,0.05,0.3,0.2,0.1477114804985718,1.499448363108111e-23
0.2,0.05,0.1,0.3,0.25,0.1,0.1476822037328712,1.5301086197462957e-23
0.2,0.25,0.1,0.25,0.05,0.15,0.147680239795381,1.532187435806638e-23
0.2,0.1,0.05,0.35,0.15,0.15,0.14766078756355272,1.5529290939706948e-23
0.35,0.15,0.05,0.1,0.05,0.3,0.14765510103363916,1.5590449018194084e-23
0.3,0.1,0.05,0.1,0.05,0.4,0.1476327650439722,1.5832986627069687e-23
0.3,0.1,0.05,0.2,0.2,0.15,0.14762787591145626,1.588657200837221e-23
0.3,0.1,0.05,0.15,0.1,0.3,0.14761585012668052,1.6019140912458326e-23
0.3,0.1,0.05,0.3,0.2,0.05,0.14758689260371402,1.6342870883032712e-23
0.2,0.05,0.1,0.05,0.35,0.25,0.14753080214835254,1.6988464972779953e-23
0.25,0.05,0.1,0.45,0.1,0.05,0.14749556429701274,1.7406894398706342e-23
0.3,0.1,0.05,0.25,0.2,0.1,0.14743528489359134,1.8146460662164076e-23
0.2,0.35,0.05,0.05,0.25,0.1,0.14741379523377587,1.8417568698578743e-23
0.2,0.25,0.05,0.25,0.15,0.1,0.14734760970195002,1.927799206199091e-23
0.5,0.15,0.05,0.05,0.2,0.05,0.14732131209202237,1.963080692247728e-23
0.5,0.15,0.05,0.05,0.15,0.1,0.1473208672940122,1.963682907645452e-23
0.5,0.15,0.05,0.1,0.15,0.05,0.14726414636000812,2.0419955743144087e-23
0.2,0.25,0.05,0.05,0.2,0.25,0.14724201135934012,2.073388384687402e-23
0.2,0.2,0.1,0.25,0.15,0.1,0.14723622316506596,2.0816759466887945e-23
0.2,0.05,0.1,0.4,0.15,0.1,0.1471778133466977,2.1671643317077774e-23
0.35,0.05,0.05,0.3,0.1,0.15,0.14714981049675188,2.2093726626545016e-23
0.2,0.15,0.1,0.15,0.15,0.25,0.14709549469678526,2.293575516035776e-23
0.25,0.2,0.05,0.15,0.3,0.05,0.14704144685378998,2.3805147357153342e-23
0.2,0.15,0.1,0.1,0.15,0.3,0.14701747471017076,2.420112191453333e-23
0.2,0.15,0.1,0.25,0.2,0.1,0.14699185135127005,2.4631581933392387e-23
0.5,0.1,0.05,0.1,0.2,0.05,0.14697613477466762,2.489935378056751e-23
0.25,0.2,0.05,0.1,0.15,0.25,0.14696958787983194,2.5011745086335023e-23
0.2,0.4,0.05,0.05,0.25,0.05,0.14695705272184503,2.522834065019794e-23
0.25,0.1,0.05,0.5,0.05,0.05,0.14694141714285683,2.5501112389624045e-23
0.2,0.15,0.1,0.1,0.2,0.25,0.1469222148124369,2.5840105169730574e-23
0.2,0.1,0.1,0.05,0.25,0.3,0.1468824117873957,2.655704705793831e-23
0.2,0.35,0.05,0.05,0.3,0.05,0.14685146923667997,2.7127963985680294e-23
0.2,0.2,0.05,0.2,0.25,0.1,0.1468511243052652,2.713439625414764e-23
0.2,0.2,0.1,0.3,0.15,0.05,0.14680285074557411,2.804965127382578e-23
0.25,0.2,0.05,0.2,0.15,0.15,0.14678193100200404,2.845571367369028e-23
0.3,0.2,0.05,0.1,0.05,0.3,0.14676469740982812,2.879459289460986e-23
0.3,0.05,0.05,0.25,0.2,0.15,0.14673361918394456,2.941583903154472e-23
0.25,0.15,0.05,0.35,0.15,0.05,0.14670473027537156,3.000521096039956e-23
0.2,0.15,0.1,0.2,0.25,0.1,0.14665388033994822,3.1071146018119107e-23
0.25,0.25,0.05,0.25,0.15,0.05,0.14662935287034143,3.1598615719775075e-23
0.25,0.2,0.05,0.2,0.1,0.2,0.14661909892553315,3.182174785974725e-23
0.2,0.1,0.1,0.1,0.35,0.15,0.14660282266441024,3.217913594912048e-23
0.25,0.2,0.05,0.15,0.1,0.25,0.14660032133921594,3.223441018377604e-23
0.45,0.05,0.05,0.05,0.3,0.1,0.14658390136747557,3.2599598991041203e-23
0.35,0.15,0.05,0.2,0.1,0.15,0.14655179021387268,3.33256434338811e-23
0.25,0.2,0.05,0.05,0.2,0.25,0.14652464911229315,3.39517776800164e-23
0.2,0.2,0.05,0.05,0.25,0.25,0.14651447825347222,3.418940264737964e-23
0.25,0.1,0.05,0.25,0.15,0.2,0.1464222958650588,3.6419554460524403e-23
0.2,0.15,0.1,0.15,0.3,0.1,0.14641999047710647,3.647713548483638e-23
0.45,0.15,0.05,0.05,0.15,0.15,0.14634046127529798,3.8519650203736483e-23
0.2,0.3,0.05,0.05,0.2,0.2,0.14630956604921785,3.9343298026689287e-23
0.45,0.1,0.05,0.05,0.15,0.2,0.14628907096905458,3.989927716759717e-23
0.2,0.15,0.05,0.35,0.1,0.15,0.1462739049738611,4.031569147567669e-23
0.25,0.05,0.1,0.2,0.35,0.05,0.14624520093140542,4.1115630892155e-23
0.35,0.05,0.05,0.15,0.25,0.15,0.14624158975621812,4.1217375098760974e-23
0.2,0.05,0.1,0.35,0.2,0.1,0.14618486840904416,4.284857728149999e-23
0.4,0.15,0.05,0.1,0.15,0.15,0.14618223130391267,4.2925950562302564e-23
0.25,0.05,0.05,0.2,0.15,0.3,0.14616223087545874,4.3517286757402794e-23
0.3,0.25,0.05,0.3,0.05,0.05,0.14615026276505896,4.3874986377250044e-23
0.2,0.3,0.05,0.1,0.3,0.05,0.14613379147333527,4.4372038752093486e-23
0.4,0.15,0.05,0.2,0.15,0.05,0.14611824375043955,4.48463323738018e-23
0.2,0.15,0.1,0.25,0.25,0.05,0.14610138691107621,4.536623181532795e-23
0.2,0.15,0.1,0.1,0.1,0.35,0.14609057683988333,4.570277131009886e-23
0.35,0.05,0.05,0.35,0.05,0.15,0.14607666676617617,4.6139457874428916e-23
0.3,0.05,0.1,0.1,0.4,0.05,0.14606393662010572,4.654272013838982e-23
0.3,0.05,0.05,0.15,0.2,0.25,0.14598890494387487,4.899141803020096e-23
0.3,0.2,0.05,0.3,0.05,0.1,0.14595352824942925,5.0189770001513426e-23
0.25,0.2,0.05,0.15,0.05,0.3,0.1459098851295336,5.1708175176728484e-23
0.2,0.25,0.05,0.25,0.05,0.2,0.14577038625510125,5.687301639256997e-23
0.3,0.2,0.05,0.25,0.05,0.15,0.14574984174700426,5.767560693685718e-23
0.2,0.15,0.1,0.05,0.25,0.25,0.14566981129872253,6.091037371516341e-23
0.4,0.15,0.05,0.05,0.2,0.15,0.14566875320363637,6.095432190594505e-23
0.2,0.05,0.1,0.45,0.1,0.1,0.14566131071917035,6.126433494171697e-23
0.25,0.15,0.05,0.25,0.05,0.25,0.14564506826233803,6.194633578273905e-23
0.4,0.1,0.05,0.1,0.15,0.2,0.145641638864381,6.209128985295619e-23
0.2,0.2,0.05,0.1,0.2,0.25,0.145617735696455,6.31109975405582e-23
0.25,0.2,0.05,0.1,0.1,0.3,0.14558358686887324,6.459659756642144e-23
0.2,0.2,0.05,0.1,0.3,0.15,0.14553980294952795,6.655209112943406e-23
0.25,0.2,0.05,0.05,0.4,0.05,0.14546236691140435,7.015504416904776e-23
0.2,0.05,0.05,0.15,0.1,0.45,0.1454072074613895,7.283858330256959e-23
0.2,0.25,0.05,0.05,0.25,0.2,0.14538424635010216,7.398537338859121e-23
0.25,0.2,0.05,0.35,0.05,0.1,0.14533838941941613,7.632943646230931e-23
0.25,0.15,0.1,0.05,0.35,0.1,0.1452913679652055,7.880934222490137e-23
0.25,0.1,0.1,0.15,0.35,0.05,0.14529030638884372,7.886624034067176e-23
0.3,0.1,0.05,0.15,0.15,0.25,0.14528425870837075,7.91911588142054e-23
0.25,0.2,0.05,0.2,0.05,0.25,0.145279955965313,7.942313475360426e-23
0.4,0.1,0.05,0.15,0.25,0.05,0.14526947722941164,7.999089700593558e-23
0.35,0.05,0.05,0.1,0.2,0.25,0.1452590122876489,8.056192025758787e-23
0.3,0.2,0.05,0.05,0.15,0.25,0.14524410191695292,8.138248477925855e-23
0.35,0.15,0.05,0.15,0.2,0.1,0.14520902663635724,8.334554532831887e-23
0.25,0.25,0.05,0.35,0.05,0.05,0.14511079039552804,8.909643799543143e-23
0.4,0.15,0.05,0.15,0.2,0.05,0.14509297283144493,9.018079458307751e-23
0.35,0.15,0.05,0.05,0.2,0.2,0.1450890925361789,9.041867117725289e-23
0.35,0.15,0.05,0.1,0.15,0.2,0.14507176409936312,9.148856977689059e-23
0.2,0.15,0.1,0.2,0.3,0.05,0.14494152518993803,9.994095832560917e-23
0.35,0.15,0.05,0.05,0.05,0.35,0.14494025013400294,1.0002741554326506e-22
0.3,0.2,0.05,0.05,0.1,0.3,0.14490793306981983,1.0224360783224864e-22
0.2,0.1,0.05,0.25,0.05,0.35,0.14490309722900155,1.0257938612493755e-22
0.2,0.1,0.05,0.3,0.1,0.25,0.14489231289786572,1.0333213528907157e-22
0.25,0.15,0.05,0.3,0.1,0.15,0.14485700743440943,1.05834912273203e-22
0.2,0.2,0.1,0.25,0.2,0.05,0.14482641396392149,1.0805210923575798e-22
0.25,0.05,0.05,0.3,0.05,0.3,0.1447225904646731,1.1592474846284416e-22
0.2,0.25,0.05,0.25,0.1,0.15,0.14470801446602655,1.1707451100471108e-22
0.35,0.1,0.05,0.2,0.25,0.05,0.14470004714444795,1.1770773998048084e-22
0.4,0.05,0.05,0.3,0.15,0.05,0.14465009613509228,1.217557116140018e-22
0.2,0.25,0.05,0.3,0.15,0.05,0.14464200320361986,1.2242439614853845e-22
0.35,0.1,0.05,0.1,0.1,0.3,0.1446268864057202,1.2368318124056293e-22
0.2,0.15,0.05,0.3,0.05,0.25,0.14460097204370398,1.2587095165473862e-22
0.2,0.05,0.1,0.2,0.35,0.1,0.1445767454654618,1.2795084880707138e-22
0.3,0.15,0.05,0.25,0.1,0.15,0.14455763735235044,1.2961527493112854e-22
0.2,0.25,0.05,0.05,0.35,0.1,0.14450190315931788,1.3459340745542483e-22
0.35,0.2,0.05,0.25,0.1,0.05,0.1444727997050198,1.3726762159193787e-22
0.3,0.15,0.05,0.1,0.25,0.15,0.14447121321698755,1.3741490007838301e-22
0.25,0.1,0.05,0.3,0.2,0.1,0.1444337107290875,1.4094226741095702e-22
0.35,0.05,0.05,0.2,0.25,0.1,0.14443306929461863,1.4100337152944581e-22
0.3,0.2,0.05,0.05,0.05,0.35,0.14443295482404186,1.4101427894384874e-22
0.3,0.15,0.05,0.15,0.2,0.15,0.14438298057840393,1.4585674202731108e-22
0.2,0.2,0.05,0.1,0.15,0.3,0.14434687448959527,1.4945743004858975e-22
0.35,0.15,0.05,0.2,0.2,0.05,0.14430959196943638,1.532677396120149e-22
0.35,0.05,0.05,0.05,0.2,0.3,0.1443092229295668,1.5330593224720265e-22
0.3,0.05,0.05,0.3,0.1,0.2,0.14429243920532359,1.5505290116189726e-22
0.45,0.1,0.05,0.1,0.2,0.1,0.144255304174222,1.589884933095875e-22
0.25,0.05,0.05,0.25,0.1,0.3,0.14423425722388736,1.6126278067700885e-22
0.35,0.15,0.05,0.05,0.25,0.15,0.14423082913172838,1.6163624916533096e-22
0.2,0.2,0.05,0.2,0.2,0.15,0.14421257020431233,1.6363990694204512e-22
0.2,0.2,0.05,0.15,0.3,0.1,0.14416738663329492,1.6870443647205635e-22
0.2,0.1,0.1,0.05,0.3,0.25,0.1441425168388672,1.7155789729716763e-22
0.35,0.15,0.05,0.2,0.15,0.1,0.14410864931568382,1.755206586069476e-22
0.3,0.15,0.05,0.15,0.1,0.25,0.14407655113044143,1.7935993829247125e-22
0.3,0.2,0.05,0.25,0.1,0.1,0.1439987620731894,1.8901246077660911e-22
0.25,0.05,0.05,0.25,0.15,0.25,0.14391399634766278,2.001164745628628e-22
0.25,0.1,0.05,0.1,0.05,0.45,0.1438274264388299,2.1212289260080425e-22
0.3,0.15,0.05,0.15,0.15,0.2,0.14380535315185286,2.1529659067654993e-22
0.2,0.05,0.1,0.25,0.3,0.1,0.14373530043912291,2.256831904326769e-22
0.25,0.15,0.1,0.1,0.35,0.05,0.143718615392207,2.2822926531370666e-22
0.2,0.2,0.05,0.4,0.05,0.1,0.14369456774648645,2.31948918388061e-22
0.25,0.1,0.05,0.2,0.1,0.3,0.14367986632879018,2.342523887995299e-22
0.2,0.05,0.1,0.45,0.15,0.05,0.1435700580059634,2.521885543729144e-22
0.3,0.15,0.05,0.1,0.05,0.35,0.14352388010662315,2.601311147906568e-22
0.45,0.15,0.05,0.05,0.2,0.1,0.14351540848762112,2.6161486230035585e-22
0.3,0.05,0.05,0.1,0.15,0.35,0.1435116452782844,2.622766462670718e-22
0.2,0.2,0.05,0.15,0.15,0.25,0.1435028946633768,2.638219071841178e-22
0.25,0.05,0.1,0.1,0.4,0.1,0.14349045963546359,2.6603330097932587e-22
0.25,0.05,0.1,0.15,0.4,0.05,0.1434904497622475,2.660350640571194e-22
0.3,0.05,0.05,0.35,0.05,0.2,0.14347193009974424,2.693625841048375e-22
0.25,0.25,0.05,0.3,0.05,0.1,0.14340962418296588,2.8086259516495145e-22
0.35,0.05,0.05,0.3,0.15,0.1,0.14333559600314305,2.951590222765857e-22
0.3,0.1,0.05,0.25,0.25,0.05,0.14328401994301032,3.055426771240386e-22
0.2,0.2,0.05,0.1,0.35,0.1,0.1432504440042165,3.124958018200164e-22
0.35,0.05,0.05,0.1,0.25,0.2,0.14324483359873383,3.13672808751085e-22
0.25,0.2,0.05,0.25,0.1,0.15,0.1432436830409973,3.139147256595371e-22
0.4,0.15,0.05,0.05,0.1,0.25,0.1431276383069071,3.3928680682683336e-22
0.4,0.1,0.05,0.05,0.1,0.3,0.14300880121407222,3.6737156999300784e-22
0.2,0.15,0.05,0.35,0.15,0.1,0.14293371956176115,3.8628871443055574e-22
0.2,0.05,0.1,0.1,0.4,0.15,0.14293202193696913,3.8672739506456492e-22
0.3,0.15,0.05,0.15,0.25,0.1,0.14292012739280804,3.8981490097683456e-22
0.2,0.25,0.05,0.1,0.35,0.05,0.14291472406799405,3.91225502776829e-22
0.2,0.2,0.05,0.05,0.3,0.2,0.142839310079978,4.1144843252388295e-22
0.5,0.1,0.05,0.05,0.2,0.1,0.14276919087540454,4.311777266083681e-22
0.25,0.1,0.1,0.05,0.4,0.1,0.14275670239013497,4.347884891628725e-22
0.2,0.1,0.05,0.5,0.05,0.1,0.14275575215291098,4.350644501694773e-22
0.25,0.1,0.05,0.15,0.05,0.4,0.14272473809312053,4.4416707340954135e-22
0.35,0.15,0.05,0.1,0.25,0.1,0.14266740499631048,4.614931680213282e-22
0.3,0.05,0.05,0.3,0.15,0.15,0.14264603629210426,4.68120427471514e-22
0.3,0.15,0.05,0.2,0.2,0.1,0.14264132703216462,4.695935634957065e-22
0.2,0.3,0.05,0.35,0.05,0.05,0.1426371095117623,4.709167673283027e-22
0.45,0.15,0.05,0.1,0.2,0.05,0.1426053906205083,4.809871348418397e-22
0.45,0.05,0.05,0.1,0.3,0.05,0.1425956107658487,4.841348758285388e-22
0.25,0.15,0.05,0.1,0.3,0.15,0.14257025766877698,4.9239022355073845e-22
0.4,0.15,0.05,0.1,0.2,0.1,0.1425135285271713,5.113698658153536e-22
0.35,0.15,0.05,0.1,0.2,0.15,0.14250816467858915,5.132014433830861e-22
0.2,0.15,0.1,0.1,0.35,0.1,0.1425079645461834,5.132699074466012e-22
0.4,0.1,0.05,0.1,0.2,0.15,0.1424152437592991,5.459807404133052e-22
0.3,0.1,0.1,0.05,0.4,0.05,0.14240289448303847,5.504902212973308e-22
0.2,0.1,0.1,0.15,0.35,0.1,0.1423582468343954,5.671033773297312e-22
0.3,0.2,0.05,0.25,0.15,0.05,0.14226238345771602,6.044676820553007e-22
0.35,0.15,0.05,0.25,0.15,0.05,0.14225683357566257,6.067038984339266e-22
0.2,0.25,0.05,0.3,0.05,0.15,0.1422212824739607,6.212238948209484e-22
0.2,0.1,0.05,0.35,0.2,0.1,0.14219017822456742,6.342092798546428e-22
0.2,0.05,0.05,0.1,0.1,0.5,0.14212928288751048,6.604141358142827e-22
0.25,0.1,0.05,0.25,0.2,0.15,0.14212535614701316,6.621402043067603e-22
0.2,0.05,0.1,0.35,0.25,0.05,0.14209946778311794,6.736321188341249e-22
0.25,0.2,0.05,0.25,0.2,0.05,0.1420901208488349,6.7782954083151755e-22
0.3,0.15,0.05,0.3,0.15,0.05,0.14205779235551572,6.925477521896577e-22
0.2,0.2,0.05,0.05,0.2,0.3,0.1420485623164074,6.968076268637933e-22
0.2,0.25,0.05,0.3,0.1,0.1,0.1420186349660115,7.107988418826573e-22
0.5,0.1,0.05,0.05,0.25,0.05,0.1419880368757104,7.253909144880695e-22
0.4,0.05,0.05,0.05,0.3,0.15,0.141964318388487,7.369056639668174e-22
0.3,0.05,0.05,0.2,0.25,0.15,0.1419550007905176,7.414784336374779e-22
0.2,0.1,0.1,0.2,0.35,0.05,0.14193257670544426,7.525988150413939e-22
0.3,0.15,0.05,0.05,0.05,0.4,0.14192340756963337,7.571932786133948e-22
0.2,0.15,0.1,0.05,0.35,0.15,0.14189828595950352,7.6992381838394225e-22
0.3,0.15,0.05,0.2,0.15,0.15,0.1417935958441647,8.252952645036483e-22
0.25,0.1,0.05,0.05,0.05,0.5,0.14178917975134867,8.277156108420999e-22
0.25,0.15,0.05,0.15,0.25,0.15,0.14167401586402337,8.933733427782303e-22
0.2,0.05,0.05,0.2,0.1,0.4,0.14164801041956418,9.088982906551049e-22
0.3,0.15,0.05,0.15,0.3,0.05,0.14164268852801837,9.121081383550012e-22
0.35,0.15,0.05,0.15,0.25,0.05,0.14164199598961033,9.125266598633099e-22
0.25,0.1,0.1,0.1,0.4,0.05,0.14163421679489277,9.17240928592398e-22
0.35,0.05,0.05,0.4,0.05,0.1,0.1415756937305046,9.534872907429716e-22
0.25,0.2,0.05,0.05,0.05,0.4,0.14157211326378957,9.557502841181997e-22
0.2,0.3,0.05,0.05,0.35,0.05,0.141563217687465,9.613956534778103e-22
0.3,0.15,0.05,0.15,0.05,0.3,0.1415293562997848,9.831883378274318e-22
0.25,0.1,0.05,0.2,0.15,0.25,0.14142756462804398,1.0516852039915156e-21
0.3,0.05,0.05,0.15,0.25,0.2,0.14141268565850132,1.062085114806038e-21
0.25,0.15,0.1,0.05,0.4,0.05,0.14137483412477325,1.089002872114787e-21
0.35,0.1,0.05,0.15,0.25,0.1,0.14137412227847015,1.0895155055597379e-21
0.3,0.15,0.05,0.2,0.25,0.05,0.14135136148228922,1.106033032044495e-21
0.3,0.05,0.1,0.05,0.45,0.05,0.14131190283504624,1.1352571151255095e-21
0.4,0.05,0.05,0.4,0.05,0.05,0.14129689114278277,1.1465745910884826e-21
0.25,0.2,0.05,0.05,0.15,0.3,0.14124742328506246,1.1846645139285825e-21
0.25,0.2,0.05,0.3,0.05,0.15,0.1411121935956434,1.2952957251073845e-21
0.25,0.25,0.05,0.3,0.1,0.05,0.14108915392224586,1.3151375450485046e-21
0.25,0.2,0.05,0.25,0.15,0.1,0.14108552086126436,1.3182936654131857e-21
0.2,0.05,0.1,0.15,0.4,0.1,0.1410818383215372,1.3215004138882426e-21
0.4,0.15,0.05,0.05,0.25,0.1,0.1410739468785533,1.3283982705889774e-21
0.45,0.1,0.05,0.1,0.25,0.05,0.14100649748625138,1.3888269741088756e-21
0.25,0.05,0.05,0.3,0.1,0.25,0.1409920619653541,1.4021089197239895e-21
0.2,0.05,0.1,0.5,0.1,0.05,0.14086895996846777,1.5205981703861375e-21
0.3,0.15,0.05,0.1,0.3,0.1,0.14081878130143846,1.5716902991679784e-21
0.2,0.15,0.05,0.35,0.2,0.05,0.14080960990451816,1.5812104885988346e-21
0.25,0.2,0.05,0.05,0.1,0.35,0.14078652514757,1.6054263502996274e-21
0.2,0.1,0.05,0.5,0.1,0.05,0.14074982119346408,1.6446860082276552e-21
0.2,0.1,0.05,0.3,0.15,0.2,0.14071644669904101,1.6812077784644683e-21
0.2,0.05,0.1,0.4,0.2,0.05,0.14068776509636588,1.7132341331172116e-21
0.45,0.15,0.05,0.05,0.25,0.05,0.14067187124398736,1.7312405246349035e-21
0.3,0.1,0.05,0.05,0.05,0.45,0.1406716859823235,1.731451510133683e-21
0.2,0.25,0.05,0.05,0.3,0.15,0.14064662990642507,1.7602222046284634e-21
0.3,0.05,0.05,0.3,0.2,0.1,0.14060703968229935,1.806648338331382e-21
0.25,0.05,0.05,0.25,0.2,0.2,0.1405891235238203,1.8280540642240366e-21
0.25,0.05,0.05,0.3,0.15,0.2,0.14056792088008918,1.8537106382964144e-21
0.35,0.15,0.05,0.1,0.3,0.05,0.1405581307254003,1.865677227471412e-21
0.2,0.2,0.05,0.2,0.1,0.25,0.14046973639241409,1.977240094386782e-21
0.2,0.1,0.05,0.2,0.05,0.4,0.14046852884772995,1.9788089391528253e-21
0.2,0.15,0.1,0.1,0.4,0.05,0.14043458908208278,2.0234106503419305e-21
0.3,0.1,0.05,0.15,0.2,0.2,0.14040544868137547,2.062497550755252e-21
0.2,0.25,0.05,0.05,0.4,0.05,0.1403710434903279,2.1096084132739187e-21
0.35,0.05,0.05,0.3,0.2,0.05,0.14035641200398877,2.129964304186329e-21
0.2,0.15,0.1,0.15,0.35,0.05,0.14032788906828075,2.1702065436369683e-21
0.35,0.15,0.05,0.05,0.35,0.05,0.14030025827273687,2.209906789057611e-21
0.2,0.2,0.05,0.05,0.35,0.15,0.1402644326970432,2.2624523632759264e-21
0.2,0.2,0.05,0.2,0.15,0.2,0.14022246639555513,2.325577612747864e-21
0.25,0.15,0.05,0.15,0.3,0.1,0.14018569389994953,2.3823201085792006e-21
0.35,0.15,0.05,0.05,0.15,0.25,0.1401811771619299,2.3893834829826274e-21
0.25,0.05,0.05,0.2,0.2,0.25,0.140129185932285,2.4721949301774937e-21
0.45,0.05,0.05,0.05,0.35,0.05,0.14012466067382662,2.4795356028309415e-21
0.3,0.15,0.05,0.2,0.1,0.2,0.14012300332131405,2.4822294755370497e-21
0.45,0.1,0.05,0.05,0.2,0.15,0.1401174545698252,2.491269539003143e-21
0.2,0.1,0.1,0.15,0.4,0.05,0.14010634500040975,2.509467287393297e-21
0.3,0.2,0.05,0.3,0.1,0.05,0.1400754865341639,2.56070674195767e-21
0.4,0.15,0.05,0.1,0.25,0.05,0.14007325491941094,2.56445212556531e-21
0.25,0.05,0.05,0.05,0.1,0.5,0.14005286947031403,2.5989173526896765e-21
0.2,0.25,0.05,0.15,0.3,0.05,0.14005171298013874,2.6008862766983843e-21
0.25,0.2,0.05,0.25,0.05,0.2,0.1400224745659588,2.6511576764449392e-21
0.35,0.15,0.05,0.05,0.1,0.3,0.13993478905532156,2.807754193239468e-21
0.2,0.25,0.05,0.35,0.05,0.1,0.13993150163414647,2.8137997337724142e-21
0.4,0.15,0.05,0.05,0.3,0.05,0.13991563460853243,2.8431605449950888e-21
0.2,0.05,0.1,0.3,0.3,0.05,0.13984910648346677,2.969599889877455e-21
0.3,0.15,0.05,0.1,0.2,0.2,0.13983944124844247,2.9884257963194814e-21
0.2,0.1,0.1,0.1,0.4,0.1,0.13979866796563953,3.069151475388229e-21
0.3,0.15,0.05,0.1,0.35,0.05,0.13978864717081108,3.0893191542548454e-21
0.2,0.2,0.05,0.1,0.1,0.35,0.13977192983813203,3.1232562333139445e-21
0.2,0.1,0.05,0.25,0.1,0.3,0.13975507335439497,3.1578490294969688e-21
0.35,0.1,0.05,0.1,0.2,0.2,0.13974098402609636,3.1870535589857255e-21
0.25,0.15,0.05,0.25,0.1,0.2,0.13963038642941242,3.4257712654056904e-21
0.3,0.15,0.05,0.05,0.4,0.05,0.13962503299068876,3.437764529110678e-21
0.4,0.05,0.05,0.15,0.3,0.05,0.1395987335693386,3.497288551779251e-21
0.35,0.1,0.05,0.1,0.25,0.15,0.13952408099449348,3.6718601390054945e-21
0.3,0.15,0.05,0.25,0.2,0.05,0.1394514636843463,3.84993145186862e-21
0.3,0.15,0.05,0.25,0.15,0.1,0.13940002978361174,3.9811968055443336e-21
0.25,0.15,0.05,0.2,0.2,0.15,0.139376721005038,4.042131436549184e-21
0.4,0.05,0.05,0.35,0.1,0.05,0.1393237057815406,4.184181037591921e-21
0.3,0.15,0.05,0.05,0.25,0.2,0.1392527700131838,4.381994452318178e-21
0.3,0.15,0.05,0.05,0.35,0.1,0.13925144571311174,4.385774014226028e-21
0.2,0.2,0.05,0.25,0.15,0.15,0.13921600771186424,4.488120247796307e-21
0.25,0.15,0.05,0.2,0.05,0.3,0.13921086835470475,4.503157657919837e-21
0.35,0.05,0.05,0.25,0.25,0.05,0.1392093153804416,4.507711348315271e-21
0.35,0.05,0.05,0.35,0.1,0.1,0.13914421556676293,4.7027510427332266e-21
0.45,0.1,0.05,0.05,0.25,0.1,0.13914316298588728,4.7059721696215575e-21
0.2,0.05,0.1,0.25,0.35,0.05,0.13913118387491444,4.74278490212497e-21
0.2,0.1,0.05,0.35,0.25,0.05,0.13912492498579598,4.762132051825987e-21
0.2,0.1,0.1,0.05,0.4,0.15,0.13910920000095123,4.811085292831538e-21
0.25,0.2,0.05,0.3,0.1,0.1,0.1391082514251203,4.814054152437066e-21
0.2,0.2,0.05,0.05,0.05,0.45,0.13907209370031687,4.928581493874042e-21
0.2,0.2,0.05,0.25,0.1,0.2,0.13906938370367272,4.937272963303532e-21
0.4,0.1,0.05,0.1,0.25,0.1,0.13905660716721915,4.978454302307808e-21
0.2,0.2,0.05,0.1,0.4,0.05,0.13905485232512688,4.984136972647581e-21
0.35,0.05,0.05,0.2,0.3,0.05,0.13897147784464875,5.261647164917032e-21
0.25,0.2,0.05,0.1,0.05,0.35,0.13894307839601877,5.359619395446315e-21
0.25,0.05,0.05,0.1,0.15,0.4,0.13888954565856476,5.549225917421837e-21
0.25,0.1,0.05,0.2,0.2,0.2,0.13888769171329057,5.555909839639951e-21
0.2,0.15,0.1,0.05,0.45,0.05,0.138798545607655,5.8868722760051736e-21
0.3,0.1,0.05,0.15,0.25,0.15,0.13874097201720936,6.110902082308018e-21
0.25,0.1,0.05,0.15,0.1,0.35,0.1387341112987288,6.138154258450261e-21
0.3,0.05,0.05,0.4,0.05,0.15,0.1386364003003721,6.539577878493985e-21
0.2,0.2,0.05,0.15,0.1,0.3,0.13862821608479253,6.574355781528049e-21
0.2,0.2,0.05,0.05,0.1,0.4,0.138627694039444,6.576580347998883e-21
0.2,0.1,0.1,0.05,0.35,0.2,0.13858610070857008,6.756232559559646e-21
0.25,0.15,0.05,0.1,0.35,0.1,0.13854272462671,6.948753629292863e-21
0.2,0.2,0.05,0.35,0.05,0.15,0.138392863981941,7.656582929286205e-21
0.2,0.05,0.1,0.05,0.4,0.2,0.13836750354824454,7.783225275789092e-21
0.2,0.15,0.1,0.05,0.4,0.1,0.13835670940220832,7.837754231991468e-21
0.4,0.1,0.05,0.05,0.15,0.25,0.13834597129422865,7.892374814503447e-21
0.2,0.1,0.05,0.3,0.2,0.15,0.13832803699340887,7.984439951203104e-21
0.3,0.05,0.05,0.05,0.15,0.4,0.13825096174820098,8.392340346449058e-21
0.3,0.1,0.05,0.2,0.25,0.1,0.1382266216378207,8.525383965606358e-21
0.25,0.15,0.05,0.3,0.15,0.1,0.13818573120894945,8.753601462164373e-21
0.25,0.15,0.05,0.1,0.05,0.4,0.13817174728577095,8.833026098378274e-21
0.3,0.15,0.05,0.1,0.1,0.3,0.1381433451165693,8.996541621892598e-21
0.25,0.05,0.05,0.15,0.2,0.3,0.13814230106256611,9.002609079193683e-21
0.2,0.05,0.05,0.15,0.15,0.4,0.13811876725273559,9.140452785143517e-21
0.35,0.1,0.05,0.1,0.15,0.25,0.13810535191865378,9.219961485142323e-21
0.3,0.05,0.05,0.5,0.05,0.05,0.13805401684994104,9.530573270586996e-21
0.35,0.05,0.05,0.45,0.05,0.05,0.13799867826980766,9.877000765796844e-21
0.25,0.05,0.05,0.3,0.2,0.15,0.1379724070342568,1.0045791638586204e-20
0.2,0.2,0.05,0.05,0.15,0.35,0.1379531807345111,1.0171123317771573e-20
0.2,0.2,0.05,0.05,0.4,0.1,0.13794968275154634,1.0194091464730456e-20
0.2,0.2,0.05,0.2,0.3,0.05,0.13794086112797213,1.025224318330551e-20
0.3,0.15,0.05,0.05,0.2,0.25,0.13779826860491626,1.1239000029557626e-20
0.4,0.05,0.05,0.1,0.3,0.1,0.13776475302231478,1.1484230935453413e-20
0.25,0.15,0.05,0.05,0.05,0.45,0.1377153025867852,1.1855745723610899e-20
0.35,0.1,0.05,0.15,0.3,0.05,0.13760318997992382,1.2742606443635856e-20
0.3,0.1,0.05,0.1,0.1,0.35,0.13755858985990685,1.3113371755833035e-20
0.3,0.05,0.05,0.45,0.05,0.1,0.1375307860783475,1.3349882700888891e-20
0.2,0.1,0.05,0.1,0.05,0.5,0.13742263717816428,1.4310620584976818e-20
0.35,0.05,0.05,0.15,0.3,0.1,0.13733795728762502,1.511030270765947e-20
0.25,0.05,0.1,0.05,0.45,0.1,0.1372590854974354,1.5894792026396252e-20
0.25,0.15,0.05,0.1,0.25,0.2,0.137201750371561,1.649020974411811e-20
0.3,0.05,0.05,0.35,0.1,0.15,0.13710543300209285,1.7540468075091593e-20
0.25,0.05,0.05,0.35,0.05,0.25,0.1370747493036975,1.7888732868980628e-20
0.2,0.05,0.05,0.25,0.05,0.4,0.13706272929298846,1.8027017340884398e-20
0.25,0.1,0.1,0.05,0.45,0.05,0.13705188607910992,1.8152669525054815e-20
0.3,0.05,0.05,0.35,0.15,0.1,0.13703503990979354,1.8349603770660338e-20
0.2,0.2,0.05,0.15,0.35,0.05,0.137009462015863,1.865265734671495e-20
0.35,0.15,0.05,0.05,0.3,0.1,0.13698885356834584,1.8900425954204246e-20
0.25,0.15,0.05,0.15,0.2,0.2,0.1369478377841976,1.9403265181229323e-20
0.2,0.2,0.05,0.25,0.25,0.05,0.13692719956034272,1.966126042247865e-20
0.3,0.05,0.05,0.3,0.25,0.05,0.13691232121655844,1.9849352711567105e-20
0.2,0.2,0.05,0.05,0.45,0.05,0.13689960638532922,2.00115024561817e-20
0.2,0.1,0.1,0.05,0.45,0.1,0.13689859151070433,2.0024501231221847e-20
0.45,0.1,0.05,0.05,0.3,0.05,0.1368185118746541,2.1076930037485868e-20
0.3,0.05,0.05,0.1,0.2,0.3,0.13680721576129312,2.1229720809081848e-20
0.2,0.15,0.05,0.25,0.05,0.3,0.13676194449642332,2.1853120762322165e-20
0.25,0.15,0.05,0.3,0.2,0.05,0.13657831712107177,2.457269100929867e-20
0.25,0.05,0.05,0.45,0.05,0.15,0.1365649086807349,2.478389566563099e-20
0.2,0.2,0.05,0.2,0.05,0.3,0.1365603113132454,2.485672390017397e-20
0.2,0.05,0.05,0.05,0.1,0.55,0.13654220283216542,2.514564869403894e-20
0.2,0.15,0.05,0.3,0.1,0.2,0.1364904686678911,2.5989491708871048e-20
0.2,0.15,0.05,0.15,0.3,0.15,0.13641319591117784,2.730227922670646e-20
0.2,0.2,0.05,0.25,0.2,0.1,0.13640670527458776,2.7415486777136695e-20
0.2,0.2,0.05,0.3,0.05,0.2,0.13639785972056623,2.7570515297356674e-20
0.3,0.05,0.05,0.35,0.2,0.05,0.13639026270875193,2.77043530565832e-20
0.2,0.2,0.05,0.15,0.05,0.35,0.13638811015420105,2.7742391555950493e-20
0.25,0.15,0.05,0.05,0.45,0.05,0.13638649275701095,2.7771007072599996e-20
0.4,0.05,0.05,0.05,0.35,0.1,0.13615758913311704,3.2129423619983545e-20
0.3,0.05,0.05,0.05,0.2,0.35,0.1360962276487358,3.340844392668743e-20
0.35,0.05,0.05,0.1,0.3,0.15,0.13609160137805892,3.3506888982652027e-20
0.25,0.15,0.05,0.25,0.15,0.15,0.13605715551726377,3.424895178513604e-20
0.3,0.15,0.05,0.05,0.1,0.35,0.13603619680210616,3.470838585093778e-20
0.25,0.15,0.05,0.15,0.15,0.25,0.1359808618052813,3.5950853012577356e-20
0.35,0.1,0.05,0.05,0.1,0.35,0.13588481526563598,3.821264498988698e-20
0.2,0.1,0.05,0.25,0.15,0.25,0.1358775970273911,3.8388199487552735e-20
0.2,0.1,0.05,0.15,0.05,0.45,0.13586946199638897,3.858700670808594e-20
0.25,0.1,0.05,0.3,0.25,0.05,0.13581099840269983,4.0046007697200266e-20
0.25,0.15,0.05,0.25,0.25,0.05,0.13580247231390027,4.0263288274139127e-20
0.25,0.15,0.05,0.2,0.15,0.2,0.13578895960715567,4.061003751686122e-20
0.25,0.15,0.05,0.2,0.25,0.1,0.13578431212578765,4.072997712944134e-20
0.25,0.15,0.05,0.15,0.35,0.05,0.13575002359442323,4.1625761487935354e-20
0.25,0.15,0.05,0.2,0.1,0.25,0.13573179546352618,4.2109867169691136e-20
0.3,0.05,0.05,0.15,0.3,0.15,0.1356928576382853,4.3162698316335266e-20
0.25,0.05,0.05,0.35,0.15,0.15,0.13564482388577573,4.4497366361966283e-20
0.25,0.05,0.1,0.1,0.45,0.05,0.13560865329315683,4.5529246474239595e-20
0.25,0.15,0.05,0.05,0.4,0.1,0.13560098533634432,4.575101820623328e-20
0.35,0.05,0.05,0.05,0.25,0.25,0.13558299292716833,4.627559229570661e-20
0.25,0.05,0.05,0.35,0.1,0.2,0.13555676278139484,4.7051005270598857e-20
0.2,0.05,0.05,0.25,0.1,0.35,0.13542828574474683,5.103844198120471e-20
0.2,0.05,0.05,0.2,0.15,0.35,0.13542691095083098,5.1082867052781144e-20
0.2,0.05,0.05,0.3,0.15,0.25,0.13542640730274394,5.109915149155597e-20
0.25,0.15,0.05,0.1,0.4,0.05,0.13537418830857997,5.281568347540258e-20
0.3,0.05,0.05,0.4,0.1,0.1,0.13531158957767644,5.49486414922747e-20
0.3,0.15,0.05,0.05,0.15,0.3,0.1352805691282338,5.60369368768547e-20
0.2,0.05,0.1,0.2,0.4,0.05,0.13527275318269405,5.63144874028281e-20
0.2,0.05,0.05,0.1,0.15,0.45,0.13516770795757163,6.017921018011792e-20
0.2,0.1,0.1,0.1,0.45,0.05,0.13506802792889094,6.4088412995291e-20
0.2,0.05,0.05,0.3,0.05,0.35,0.13493850995383805,6.954466094481116e-20
0.25,0.1,0.05,0.05,0.1,0.45,0.13493279344542541,6.97957793167698e-20
0.2,0.2,0.05,0.35,0.15,0.05,0.13486827280232658,7.269296051068945e-20
0.3,0.15,0.05,0.1,0.15,0.25,0.13483114973387977,7.441342579274467e-20
0.25,0.15,0.05,0.25,0.2,0.1,0.1347913296922494,7.63036179691322e-20
0.25,0.15,0.05,0.2,0.3,0.05,0.13475581487308938,7.80294240915224e-20
0.2,0.25,0.05,0.4,0.05,0.05,0.13469944143321136,8.084834915625632e-20
0.4,0.1,0.05,0.05,0.25,0.15,0.1346769859948475,8.199903741444784e-20
0.35,0.05,0.05,0.35,0.15,0.05,0.1346433824328553,8.37512808173687e-20
0.3,0.1,0.05,0.05,0.1,0.4,0.13463363912655874,8.426622430948491e-20
0.2,0.1,0.05,0.05,0.05,0.55,0.13459629420944685,8.626907631260849e-20
0.25,0.05,0.05,0.35,0.2,0.1,0.1345924243230727,8.6479293189482e-20
0.3,0.1,0.05,0.2,0.3,0.05,0.13457816457470922,8.725827741341367e-20
0.2,0.1,0.05,0.25,0.2,0.2,0.13455131917301874,8.874365115203105e-20
0.2,0.25,0.05,0.35,0.1,0.05,0.13454080223609916,8.933234657640388e-20
0.2,0.2,0.05,0.1,0.05,0.4,0.1344696641870295,9.34169441459287e-20
0.25,0.05,0.05,0.4,0.05,0.2,0.13440567653542623,9.724829543676783e-20
0.2,0.2,0.05,0.3,0.1,0.15,0.1343886626408315,9.829289043128079e-20
0.25,0.2,0.05,0.35,0.1,0.05,0.13434461312883467,1.0104916461752764e-19
0.2,0.2,0.05,0.25,0.05,0.25,0.13434035325754645,1.0131972916631327e-19
0.2,0.05,0.1,0.1,0.45,0.1,0.13433926725323,1.0138882084715775e-19
0.4,0.1,0.05,0.1,0.3,0.05,0.13432726925835958,1.0215523897737252e-19
0.2,0.05,0.05,0.25,0.15,0.3,0.13424587300997015,1.0750802657220669e-19
0.3,0.05,0.05,0.25,0.25,0.1,0.1342167772044461,1.0948789544074328e-19
0.25,0.2,0.05,0.3,0.15,0.05,0.1341192627531468,1.1638975153434672e-19
0.25,0.15,0.05,0.05,0.35,0.15,0.13403424580829074,1.2275662212393228e-19
0.3,0.1,0.05,0.15,0.35,0.05,0.13402579847735197,1.234077249583276e-19
0.3,0.05,0.05,0.4,0.15,0.05,0.1339566412869929,1.2886811510189195e-19
0.2,0.15,0.05,0.2,0.2,0.2,0.1339291583999578,1.3110373383602579e-19
0.25,0.05,0.05,0.2,0.25,0.2,0.13391081981341185,1.3261677060072034e-19
0.4,0.05,0.05,0.1,0.35,0.05,0.1337928410979644,1.427716032691942e-19
0.25,0.05,0.05,0.5,0.05,0.1,0.13378845839162604,1.4316328068288275e-19
0.2,0.05,0.05,0.45,0.05,0.2,0.133762953135774,1.4546380968505616e-19
0.2,0.05,0.05,0.3,0.1,0.3,0.13375124988067516,1.4653160917753963e-19
0.25,0.05,0.05,0.25,0.25,0.15,0.1337308043137829,1.4841566467356838e-19
0.4,0.1,0.05,0.05,0.2,0.2,0.13372544089738012,1.4891385206518428e-19
0.35,0.05,0.05,0.4,0.1,0.05,0.13370630230132172,1.5070506584006885e-19
0.2,0.15,0.05,0.05,0.05,0.5,0.13368461702507844,1.5276035840442035e-19
0.25,0.05,0.05,0.45,0.1,0.1,0.1336837820630619,1.5284004581082441e-19
0.2,0.15,0.05,0.15,0.35,0.1,0.13346920975807636,1.7474075913147673e-19
0.25,0.1,0.05,0.25,0.25,0.1,0.13346466525422004,1.7523664265218202e-19
0.25,0.15,0.05,0.1,0.1,0.35,0.13342922175345562,1.791521359444826e-19
0.3,0.1,0.05,0.15,0.3,0.1,0.1334102491090808,1.8128345447089663e-19
0.25,0.05,0.05,0.4,0.15,0.1,0.13331672854912924,1.9216078722576682e-19
0.2,0.2,0.05,0.3,0.2,0.05,0.13318023484136413,2.092028600333141e-19
0.2,0.2,0.05,0.35,0.1,0.1,0.13311748168788945,2.175308730354788e-19
0.35,0.1,0.05,0.05,0.15,0.3,0.13308818247336066,2.2153051555176564e-19
0.25,0.05,0.05,0.4,0.1,0.15,0.13295305458794823,2.4093720977000048e-19
0.3,0.05,0.05,0.2,0.3,0.1,0.13285064860294757,2.567543075073221e-19
0.25,0.15,0.05,0.05,0.15,0.35,0.13282586944373503,2.607331329973076e-19
0.2,0.15,0.05,0.1,0.4,0.1,0.13281828469019005,2.619631570342904e-19
0.4,0.1,0.05,0.05,0.3,0.1,0.13277368564315115,2.6931261001241345e-19
0.2,0.05,0.1,0.15,0.45,0.05,0.13263931042363675,2.9270973413865443e-19
0.2,0.15,0.05,0.1,0.35,0.15,0.13261651486955514,2.9687332765592087e-19
0.2,0.05,0.05,0.4,0.15,0.15,0.13255138199707472,3.0909486449267045e-19
0.3,0.15,0.05,0.05,0.3,0.15,0.1325445725018195,3.104009392425053e-19
0.25,0.1,0.05,0.2,0.25,0.15,0.1324990842799332,3.1926658180979984e-19
0.3,0.1,0.05,0.1,0.3,0.15,0.13246613511821007,3.258441010194436e-19
0.25,0.1,0.05,0.2,0.3,0.1,0.1324463527880394,3.298572863754463e-19
0.2,0.2,0.05,0.4,0.1,0.05,0.13241128326817653,3.370920729760118e-19
0.25,0.1,0.05,0.25,0.3,0.05,0.1323314383880797,3.5415371040485067e-19
0.2,0.1,0.05,0.55,0.05,0.05,0.13231334695993568,3.581365432610307e-19
0.2,0.15,0.05,0.1,0.3,0.2,0.13230190651421747,3.606779587794644e-19
0.25,0.15,0.05,0.15,0.05,0.35,0.13228801587263045,3.6378761970131203e-19
0.2,0.15,0.05,0.3,0.15,0.15,0.13228213651936466,3.6511177668149663e-19
0.2,0.1,0.1,0.05,0.5,0.05,0.132236002018723,3.7566882293781322e-19
0.25,0.05,0.05,0.45,0.15,0.05,0.13223343046268515,3.7626606669833823e-19
0.25,0.15,0.05,0.05,0.1,0.4,0.13216888353086725,3.915681122505311e-19
0.2,0.2,0.05,0.3,0.15,0.1,0.13216490899349878,3.925301828376987e-19
0.25,0.05,0.05,0.55,0.05,0.05,0.13211066134079016,4.05897029687935e-19
0.25,0.05,0.05,0.1,0.2,0.35,0.13207124414344204,4.1589061806454344e-19
0.3,0.1,0.05,0.1,0.15,0.3,0.1320526218703708,4.2069613238092763e-19
0.2,0.15,0.05,0.2,0.25,0.15,0.1319157386274679,4.577425574742053e-19
0.35,0.05,0.05,0.05,0.3,0.2,0.1318732194339249,4.698926891292561e-19
0.35,0.1,0.05,0.1,0.35,0.05,0.1318161867685644,4.866915559577315e-19
0.2,0.1,0.05,0.3,0.25,0.1,0.13159419290803057,5.579165980412757e-19
0.3,0.1,0.05,0.1,0.2,0.25,0.13153634467657524,5.781085428549773e-19
0.2,0.15,0.05,0.1,0.05,0.45,0.1315036404814834,5.898415093723447e-19
0.2,0.1,0.05,0.2,0.1,0.35,0.13149038993827916,5.946619372707948e-19
0.2,0.05,0.05,0.35,0.1,0.25,0.13145756824521898,6.0677033308319e-19
0.3,0.05,0.05,0.25,0.3,0.05,0.1313824874886207,6.35391730527425e-19
0.2,0.15,0.05,0.3,0.2,0.1,0.13132817516223758,6.569230738343556e-19
0.2,0.05,0.1,0.05,0.45,0.15,0.13125955676556977,6.851585086601427e-19
0.2,0.15,0.05,0.25,0.1,0.25,0.1312340952129293,6.959375891690646e-19
0.4,0.1,0.05,0.05,0.35,0.05,0.1311828054871108,7.181618813979394e-19
0.3,0.05,0.05,0.45,0.1,0.05,0.13118216552935272,7.18443560926327e-19
0.2,0.15,0.05,0.25,0.2,0.15,0.1310997367132144,7.556518633779716e-19
0.2,0.05,0.05,0.35,0.05,0.3,0.13096866520831904,8.187718719113906e-19
0.2,0.15,0.05,0.1,0.25,0.25,0.1309178647062654,8.446117663582122e-19
0.3,0.05,0.05,0.1,0.25,0.25,0.13089579027793213,8.560894428894727e-19
0.25,0.1,0.05,0.15,0.25,0.2,0.1308871105451721,8.606445634244293e-19
0.3,0.1,0.05,0.1,0.25,0.2,0.13086599763615225,8.718247531795585e-19
0.2,0.15,0.05,0.2,0.3,0.1,0.13082892541451116,8.918040974632324e-19
0.25,0.1,0.05,0.15,0.3,0.15,0.13082415101490302,8.944098054207225e-19
0.2,0.15,0.05,0.25,0.15,0.2,0.13078221111821006,9.17624634786509e-19
0.25,0.15,0.05,0.15,0.1,0.3,0.13074323160298562,9.397337475400526e-19
0.2,0.15,0.05,0.05,0.45,0.1,0.13066113451508507,9.88033843634425e-19
0.2,0.15,0.05,0.1,0.45,0.05,0.13066036940443074,9.884953150550899e-19
0.3,0.1,0.05,0.05,0.15,0.35,0.13060515312815352,1.0223665953464137e-18
0.2,0.05,0.05,0.45,0.15,0.1,0.13059207077270849,1.0305581299323185e-18
0.35,0.1,0.05,0.1,0.3,0.1,0.1304845934213732,1.1003545684520673e-18
0.2,0.15,0.05,0.05,0.4,0.15,0.13048418350972812,1.1006295045935426e-18
0.25,0.15,0.05,0.05,0.2,0.3,0.13039368004347562,1.1630226230211476e-18
0.2,0.05,0.05,0.45,0.1,0.15,0.13035651235462323,1.189646104628946e-18
0.25,0.15,0.05,0.05,0.25,0.25,0.1303051430027632,1.2274353350992378e-18
0.25,0.15,0.05,0.05,0.3,0.2,0.13024220972695236,1.2753497838528563e-18
0.3,0.1,0.05,0.1,0.35,0.1,0.130116389560261,1.3767469067704641e-18
0.2,0.05,0.1,0.05,0.5,0.1,0.13011098441384233,1.3812767345812467e-18
0.25,0.05,0.05,0.05,0.15,0.45,0.130105693641766,1.3857249592309874e-18
0.25,0.1,0.05,0.1,0.1,0.4,0.13009711152848305,1.3929704770922011e-18
0.35,0.05,0.05,0.15,0.35,0.05,0.1300875194942809,1.401112895955605e-18
0.25,0.15,0.05,0.1,0.2,0.25,0.13008076479761316,1.406874952265616e-18
0.2,0.05,0.05,0.35,0.15,0.2,0.13001066203913664,1.4680743481375886e-18
0.2,0.15,0.05,0.05,0.15,0.4,0.12997053813382545,1.5042772551540588e-18
0.25,0.05,0.1,0.05,0.5,0.05,0.12994629728863866,1.5265748294837696e-18
0.2,0.15,0.05,0.05,0.5,0.05,0.12979541900703287,1.6728791011832144e-18
0.25,0.1,0.05,0.15,0.35,0.1,0.1297856461274857,1.6828191904378064e-18
0.2,0.05,0.05,0.35,0.2,0.15,0.12977756652698463,1.6910810384149406e-18
0.25,0.05,0.05,0.3,0.25,0.1,0.12969235331594836,1.78069178141814e-18
0.2,0.15,0.05,0.25,0.25,0.1,0.1296760845199582,1.7983254425810027e-18
0.25,0.15,0.05,0.1,0.15,0.3,0.1296442262021913,1.833357263310938e-18
0.2,0.15,0.05,0.05,0.1,0.45,0.12960497209688207,1.877449094397678e-18
0.2,0.1,0.05,0.05,0.1,0.5,0.12956828889417296,1.9195985743575356e-18
0.2,0.1,0.05,0.25,0.25,0.15,0.12953718117320467,1.956072657411352e-18
0.2,0.05,0.05,0.5,0.05,0.15,0.1295280790404719,1.9668737698684973e-18
0.25,0.05,0.05,0.4,0.2,0.05,0.1294660679261436,2.0420428700253203e-18
0.25,0.05,0.05,0.25,0.3,0.1,0.12931643707538656,2.2352996511131787e-18
0.25,0.05,0.05,0.5,0.1,0.05,0.12928059592250138,2.2842073436031698e-18
0.25,0.1,0.05,0.15,0.15,0.3,0.12924904822548194,2.328129373330973e-18
0.2,0.15,0.05,0.1,0.1,0.4,0.12922437386594277,2.363062106313908e-18
0.3,0.1,0.05,0.1,0.4,0.05,0.1291404434168872,2.4858044324749795e-18
0.25,0.1,0.05,0.05,0.15,0.4,0.1291207410229573,2.515517689467931e-18
0.2,0.05,0.05,0.3,0.2,0.2,0.12911342532249429,2.526639546090632e-18
0.2,0.15,0.05,0.2,0.05,0.35,0.12908023926703238,2.577703918245487e-18
0.2,0.15,0.05,0.15,0.25,0.2,0.1290026962617812,2.701026345506874e-18
0.2,0.05,0.05,0.4,0.1,0.2,0.12894031725852137,2.80444362503232e-18
0.25,0.05,0.05,0.35,0.25,0.05,0.12885995124629399,2.9434600225515007e-18
0.2,0.1,0.05,0.2,0.2,0.25,0.12879531558181453,3.0601825426844514e-18
0.3,0.05,0.05,0.1,0.3,0.2,0.12851803900269854,3.614949738164977e-18
0.25,0.1,0.05,0.1,0.4,0.1,0.12851412666970077,3.623448189160205e-18
0.35,0.1,0.05,0.05,0.25,0.2,0.12847350125928428,3.712869324695321e-18
0.2,0.15,0.05,0.2,0.35,0.05,0.1284406910235237,3.786675186438919e-18
0.2,0.05,0.05,0.4,0.05,0.25,0.12838064831870866,3.925508282378564e-18
0.25,0.1,0.05,0.15,0.2,0.25,0.12826109313040351,4.2170770494278874e-18
0.35,0.05,0.05,0.05,0.35,0.15,0.12826019593564858,4.2193439650892114e-18
0.4,0.05,0.05,0.05,0.4,0.05,0.12821073889778306,4.346183578709593e-18
0.3,0.1,0.05,0.05,0.45,0.05,0.1281660536533569,4.464016788948881e-18
0.3,0.05,0.05,0.05,0.25,0.3,0.12805795489439906,4.762265648626747e-18
0.2,0.1,0.05,0.1,0.1,0.45,0.12802990366892283,4.842820724035867e-18
0.25,0.05,0.05,0.2,0.3,0.15,0.12802360726973946,4.861086142019355e-18
0.2,0.15,0.05,0.25,0.3,0.05,0.12801652366892635,4.881716449932948e-18
0.25,0.05,0.05,0.15,0.25,0.25,0.12800841566292512,4.905436302136148e-18
0.25,0.1,0.05,0.1,0.45,0.05,0.12788559573280847,5.2789685699429495e-18
0.3,0.05,0.05,0.15,0.35,0.1,0.1278558858772662,5.373460620097055e-18
0.2,0.15,0.05,0.3,0.25,0.05,0.127847783777679,5.399517670774065e-18
0.2,0.05,0.05,0.15,0.2,0.35,0.12780112134134564,5.5520331559573575e-18
0.2,0.05,0.05,0.55,0.05,0.1,0.12778915520205927,5.591824292992235e-18
0.25,0.1,0.05,0.2,0.35,0.05,0.12778100757673805,5.619078586639176e-18
0.2,0.15,0.05,0.2,0.1,0.3,0.1277517229312028,5.71812411404003e-18
0.2,0.1,0.05,0.05,0.15,0.45,0.127465234488548,6.782632831304901e-18
0.35,0.1,0.05,0.05,0.2,0.25,0.12733654502071212,7.322328923029937e-18
0.2,0.1,0.05,0.2,0.25,0.2,0.12733260968077037,7.339483829583453e-18
0.25,0.05,0.05,0.15,0.3,0.2,0.12721484510136535,7.871600821805931e-18
0.3,0.1,0.05,0.05,0.2,0.3,0.12713972119644013,8.230748649675007e-18
0.25,0.05,0.05,0.05,0.2,0.4,0.12709335196797347,8.460447481517836e-18
0.2,0.15,0.05,0.05,0.35,0.2,0.12705669621836152,8.646494781503362e-18
0.3,0.05,0.05,0.2,0.35,0.05,0.1269239862208934,9.35445594393627e-18
0.25,0.05,0.05,0.3,0.3,0.05,0.12688115406564768,9.594933108592901e-18
0.2,0.15,0.05,0.2,0.15,0.25,0.12687629435396533,9.622599828119555e-18
0.2,0.15,0.05,0.15,0.1,0.35,0.12684228199011535,9.81845032357743e-18
0.2,0.1,0.05,0.15,0.1,0.4,0.12676500821083364,1.0278145403293478e-17
0.2,0.1,0.05,0.2,0.15,0.3,0.12676369660669806,1.0286128503382856e-17
0.2,0.1,0.05,0.25,0.3,0.1,0.12675130202661058,1.0361871005642621e-17
0.35,0.1,0.05,0.05,0.4,0.05,0.12669960826704518,1.0683745935493682e-17
0.2,0.05,0.05,0.5,0.1,0.1,0.12656012610817552,1.1602282682566192e-17
0.2,0.15,0.05,0.15,0.4,0.05,0.1265367433984551,1.1763711931745547e-17
0.2,0.1,0.05,0.15,0.35,0.15,0.12653609697538204,1.1768206031260951e-17
0.25,0.1,0.05,0.15,0.4,0.05,0.12642078228873607,1.2597609592333341e-17
0.2,0.15,0.05,0.05,0.2,0.35,0.12635739612362282,1.307780780584389e-17
0.35,0.05,0.05,0.1,0.35,0.1,0.12634635109646306,1.316331015398921e-17
0.2,0.1,0.05,0.2,0.3,0.15,0.12632563750767473,1.3325148769801321e-17
0.2,0.15,0.05,0.1,0.2,0.3,0.12622750729396115,1.411892867989874e-17
0.35,0.1,0.05,0.05,0.35,0.1,0.12620599444783753,1.4299084592780643e-17
0.2,0.15,0.05,0.15,0.15,0.3,0.1261631083440724,1.4665020336609465e-17
0.2,0.05,0.05,0.25,0.25,0.2,0.12610754663568133,1.5152879646391194e-17
0.2,0.15,0.05,0.15,0.2,0.25,0.12600527629097932,1.6093078321149325e-17
0.35,0.1,0.05,0.05,0.3,0.15,0.12596460939207071,1.6482728504012074e-17
0.2,0.15,0.05,0.05,0.3,0.25,0.1257603880690729,1.8584657464764767e-17
0.2,0.05,0.1,0.1,0.5,0.05,0.12564315234838955,1.9908537913190777e-17
0.25,0.1,0.05,0.1,0.15,0.35,0.1256353626319387,1.9999726942936323e-17
0.3,0.1,0.05,0.05,0.4,0.1,0.12556194999242706,2.0879610642634895e-17
0.2,0.1,0.05,0.2,0.35,0.1,0.12552229178749072,2.1370704424631704e-17
0.2,0.15,0.05,0.15,0.05,0.4,0.12534555410342402,2.3701446779841475e-17
0.2,0.15,0.05,0.05,0.25,0.3,0.12532297178247498,2.401676103667197e-17
0.2,0.05,0.05,0.25,0.2,0.25,0.12519745709484384,2.5846194951893692e-17
0.2,0.05,0.05,0.05,0.15,0.5,0.12511370396218793,2.7142697646751677e-17
0.2,0.05,0.05,0.2,0.2,0.3,0.12485752425989938,3.1519707773386614e-17
0.2,0.1,0.05,0.3,0.3,0.05,0.12467019119121846,3.515421318593371e-17
0.2,0.05,0.05,0.3,0.25,0.15,0.12464049741947986,3.576706703877544e-17
0.2,0.15,0.05,0.1,0.15,0.35,0.12450505200563164,3.869886470061234e-17
0.2,0.05,0.1,0.05,0.55,0.05,0.12429548900739883,4.370813929788645e-17
0.2,0.05,0.05,0.25,0.3,0.15,0.12427110748062828,4.4330942094090173e-17
0.3,0.1,0.05,0.05,0.25,0.25,0.12425138006010626,4.484125788704482e-17
0.2,0.05,0.05,0.4,0.2,0.1,0.1241808556782147,4.6713425835055834e-17
0.25,0.1,0.05,0.1,0.2,0.3,0.12386248008779685,5.617061673512027e-17
0.2,0.05,0.05,0.1,0.2,0.4,0.12385670149681914,5.63586430618247e-17
0.25,0.05,0.05,0.1,0.25,0.3,0.12359256371984237,6.564899692943839e-17
0.25,0.1,0.05,0.05,0.45,0.1,0.12351203925297462,6.8770475481838e-17
0.35,0.05,0.05,0.05,0.4,0.1,0.12351003545984725,6.884998856609428e-17
0.2,0.1,0.05,0.15,0.15,0.35,0.12313985316269344,8.520693749631296e-17
0.3,0.05,0.05,0.05,0.3,0.25,0.12306186733214626,8.911303225671455e-17
0.25,0.1,0.05,0.1,0.35,0.15,0.12262360815383724,1.1457930302851288e-16
0.25,0.05,0.05,0.2,0.35,0.1,0.12254667274269407,1.1973731689054346e-16
0.2,0.05,0.05,0.05,0.2,0.45,0.1224860528377989,1.2396210617923135e-16
0.3,0.1,0.05,0.05,0.35,0.15,0.12244054422198833,1.272299792645372e-16
0.3,0.05,0.05,0.1,0.35,0.15,0.12241905278747155,1.2880260769523828e-16
0.2,0.1,0.05,0.15,0.4,0.1,0.12201402230513451,1.6229192234968662e-16
0.2,0.05,0.05,0.45,0.2,0.05,0.1219615555541573,1.672147187286904e-16
0.35,0.05,0.05,0.1,0.4,0.05,0.12194985558629541,1.6833239979651277e-16
0.2,0.05,0.05,0.35,0.25,0.1,0.12189332725012533,1.7383704680557617e-16
0.25,0.1,0.05,0.05,0.2,0.35,0.12188971631011132,1.741946414744458e-16
0.2,0.05,0.05,0.5,0.15,0.05,0.12187286758277809,1.7587279261954369e-16
0.25,0.05,0.05,0.05,0.25,0.35,0.12157880247135126,2.078637703116448e-16
0.3,0.1,0.05,0.05,0.3,0.2,0.12144001344368549,2.248915776836152e-16
0.25,0.1,0.05,0.05,0.4,0.15,0.12143589399049044,2.254174489762459e-16
0.2,0.05,0.05,0.3,0.3,0.1,0.12141072058523451,2.2865740409687405e-16
0.25,0.05,0.05,0.15,0.35,0.15,0.121407038493394,2.2913514058261115e-16
0.25,0.05,0.05,0.25,0.35,0.05,0.1213588423191892,2.354798396680681e-16
0.2,0.1,0.05,0.15,0.2,0.3,0.12133233092304721,2.3904336799105134e-16
0.2,0.05,0.05,0.2,0.3,0.2,0.12111536770296041,2.7027478100982447e-16
0.2,0.1,0.05,0.2,0.4,0.05,0.12109232470850528,2.738191369395272e-16
0.2,0.1,0.05,0.25,0.35,0.05,0.12078117738507298,3.264083966115382e-16
0.25,0.1,0.05,0.1,0.3,0.2,0.12074117154440746,3.338543434819685e-16
0.2,0.1,0.05,0.15,0.25,0.25,0.12069696867427401,3.422761454629104e-16
0.2,0.1,0.05,0.1,0.15,0.4,0.12064521738749433,3.524023779430672e-16
0.2,0.05,0.05,0.15,0.25,0.3,0.12061717124567797,3.5801293829056616e-16
0.25,0.1,0.05,0.05,0.5,0.05,0.12051340578948154,3.7954663814972886e-16
0.25,0.1,0.05,0.1,0.25,0.25,0.1203246799565865,4.2203153207218426e-16
0.3,0.05,0.05,0.15,0.4,0.05,0.11999056449112415,5.090331481373607e-16
0.2,0.1,0.05,0.1,0.2,0.35,0.11996639556290488,5.159713637331983e-16
0.2,0.05,0.05,0.4,0.25,0.05,0.11989161687041804,5.38033577788785e-16
0.25,0.05,0.05,0.1,0.3,0.25,0.11979085105353618,5.692387462167495e-16
0.3,0.05,0.05,0.1,0.4,0.1,0.11949897029302689,6.7004239955246915e-16
0.2,0.1,0.05,0.1,0.45,0.1,0.11897811958174018,8.954206307530533e-16
0.3,0.05,0.05,0.05,0.35,0.2,0.11886816047630833,9.51790425803072e-16
0.2,0.05,0.05,0.2,0.35,0.15,0.11884983762602641,9.615173045632625e-16
0.2,0.05,0.05,0.1,0.25,0.35,0.1187401138695292,1.0218475038505067e-15
0.2,0.1,0.05,0.1,0.5,0.05,0.11870476016823978,1.0420690081298567e-15
0.2,0.1,0.05,0.15,0.45,0.05,0.1185624967045322,1.1275004745376354e-15
0.2,0.1,0.05,0.05,0.2,0.4,0.11849463843798874,1.1706444490159126e-15
0.25,0.1,0.05,0.05,0.25,0.3,0.11826871194252252,1.3263384293489954e-15
0.2,0.05,0.05,0.2,0.25,0.25,0.11825079190677933,1.339526437422026e-15
0.2,0.1,0.05,0.15,0.3,0.2,0.11810696491005784,1.4501573530827974e-15
0.2,0.05,0.05,0.55,0.1,0.05,0.1180559425949953,1.4915267037991407e-15
0.25,0.05,0.05,0.15,0.4,0.1,0.11804324947219717,1.501997593753124e-15
0.2,0.05,0.05,0.2,0.4,0.1,0.11792724093154376,1.6011120269970845e-15
0.25,0.05,0.05,0.2,0.4,0.05,0.11791060951085773,1.6158393734044527e-15
0.2,0.1,0.05,0.05,0.45,0.15,0.11775608874219821,1.7592045549165926e-15
0.2,0.1,0.05,0.1,0.4,0.15,0.11755237466675197,1.9674961831073693e-15
0.2,0.1,0.05,0.05,0.5,0.1,0.11745056209173155,2.0805137223140735e-15
0.2,0.05,0.05,0.25,0.35,0.1,0.11723217338974355,2.344933765291199e-15
0.25,0.1,0.05,0.05,0.3,0.25,0.11712473532136385,2.48689410555482e-15
0.25,0.1,0.05,0.05,0.35,0.2,0.11705535987581338,2.5830220789382216e-15
0.2,0.05,0.05,0.05,0.25,0.4,0.1168715934543194,2.8556837179851045e-15
0.35,0.05,0.05,0.05,0.45,0.05,0.11622053677630238,4.0697225923167264e-15
0.2,0.05,0.05,0.35,0.3,0.05,0.11612765739886521,4.280000012482614e-15
0.2,0.1,0.05,0.1,0.25,0.3,0.11607758921975202,4.397752215790271e-15
0.2,0.1,0.05,0.05,0.4,0.2,0.11583830967846989,5.006009386007824e-15
0.25,0.05,0.05,0.1,0.35,0.2,0.11567133518382161,5.478771622429891e-15
0.2,0.05,0.05,0.15,0.3,0.25,0.11534581356948788,6.5301966968384554e-15
0.2,0.05,0.05,0.3,0.35,0.05,0.11523400236535365,6.935297256483842e-15
0.2,0.1,0.05,0.1,0.35,0.2,0.1150552845539926,7.634711709864826e-15
0.2,0.05,0.05,0.1,0.3,0.3,0.1149712144969909,7.987286416619889e-15
0.2,0.05,0.05,0.2,0.45,0.05,0.11487060162229237,8.43034189243159e-15
0.25,0.05,0.05,0.05,0.3,0.3,0.11468585517761413,9.307726894770754e-15
0.25,0.05,0.05,0.15,0.45,0.05,0.11456721451243179,9.917908173533196e-15
0.2,0.1,0.05,0.1,0.3,0.25,0.11451880836476776,1.0178019747124781e-14
0.2,0.05,0.05,0.6,0.05,0.05,0.11427035729280971,1.1622408195365302e-14
0.25,0.05,0.05,0.1,0.4,0.15,0.11424141003554295,1.1803284482678643e-14
0.3,0.05,0.05,0.1,0.45,0.05,0.11322951817287195,2.0201532577923718e-14
0.2,0.05,0.05,0.15,0.4,0.15,0.1132067182720819,2.0446504371766093e-14
0.2,0.05,0.05,0.25,0.4,0.05,0.11246552309302998,3.0215052429926446e-14
0.2,0.1,0.05,0.05,0.35,0.25,0.11224538064365096,3.3914413958166464e-14
0.2,0.1,0.05,0.05,0.55,0.05,0.11222412046881562,3.429441698275451e-14
0.2,0.05,0.05,0.15,0.35,0.2,0.11199003367922357,3.8765428793125056e-14
0.2,0.05,0.05,0.15,0.45,0.1,0.11195677490466911,3.944547947536118e-14
0.2,0.05,0.05,0.15,0.5,0.05,0.11157971013518546,4.802508248529255e-14
0.2,0.05,0.05,0.05,0.3,0.35,0.11155587741315635,4.862512900937188e-14
0.25,0.05,0.05,0.1,0.5,0.05,0.11142897836618178,5.1946351995557334e-14
0.2,0.1,0.05,0.05,0.25,0.35,0.11137770150894916,5.335075034064067e-14
0.3,0.05,0.05,0.05,0.45,0.1,0.11134781172873452,5.418653473630459e-14
0.3,0.05,0.05,0.05,0.4,0.15,0.1113103292622046,5.525283330918659e-14
0.2,0.1,0.05,0.05,0.3,0.3,0.11117444051137573,5.929433454083849e-14
0.3,0.05,0.05,0.05,0.5,0.05,0.11085480912702497,6.998107377452983e-14
0.25,0.05,0.05,0.05,0.35,0.25,0.11033434425836273,9.156456010418936e-14
0.2,0.05,0.05,0.1,0.35,0.25,0.10915246288951436,1.6780928784267652e-13
0.25,0.05,0.05,0.1,0.45,0.1,0.10815620845938527,2.782303508022079e-13
0.25,0.05,0.05,0.05,0.5,0.1,0.10787244870269234,3.2105886506697327e-13
0.2,0.05,0.05,0.05,0.35,0.3,0.1077511084481951,3.412908170659809e-13
0.2,0.05,0.05,0.1,0.4,0.2,0.10618148555281602,7.477854909178475e-13
0.2,0.05,0.05,0.1,0.45,0.15,0.10541431130733991,1.0926467693603253e-12
0.2,0.05,0.05,0.1,0.5,0.1,0.10534952641929432,1.128065578778572e-12
0.25,0.05,0.05,0.05,0.4,0.2,0.10526163375033971,1.177923788281729e-12
0.25,0.05,0.05,0.05,0.55,0.05,0.10437213213480535,1.8211087891924566e-12
0.2,0.05,0.05,0.05,0.45,0.2,0.10418938358254214,1.9907422419129098e-12
0.25,0.05,0.05,0.05,0.45,0.15,0.10373272663594608,2.485282022096177e-12
0.2,0.05,0.05,0.05,0.4,0.25,0.10283544058738883,3.8326688275472896e-12
0.2,0.05,0.05,0.05,0.5,0.15,0.10217939772142282,5.248441638017165e-12
0.2,0.05,0.05,0.1,0.55,0.05,0.09956391325358697,1.8022207770815618e-11
0.2,0.05,0.05,0.05,0.55,0.1,0.09878642727419013,2.5849256224773762e-11
0.2,0.05,0.05,0.05,0.6,0.05,0.09796634353153584,3.770227273931341e-11
