회사명,사업자등록번호,회계년도,y_true,y_prob,y_pred,correct,error_type
주식회사튤립코리아,1018122999,2021,0,0.019,0,1,TN
주식회사튤립코리아,1018122999,2022,0,0.042,0,1,TN
주식회사튤립코리아,1018122999,2023,0,0.0648,0,1,TN
주식회사튤립코리아,1018122999,2024,0,0.0825,0,1,TN
(주)인다인,1018189665,2021,0,0.0032,0,1,TN
(주)인다인,1018189665,2022,0,0.0145,0,1,TN
(주)인다인,1018189665,2023,0,0.558,1,0,FP
(주)인다인,1018189665,2024,0,0.6437,1,0,FP
(주)대한패브릭,1018625818,2021,0,0.016,0,1,TN
(주)대한패브릭,1018625818,2022,0,0.0064,0,1,TN
(주)대한패브릭,1018625818,2023,0,0.002,0,1,TN
(주)대한패브릭,1018625818,2024,0,0.0019,0,1,TN
주식회사이새에프앤씨,1018627946,2021,0,0.0006,0,1,TN
주식회사이새에프앤씨,1018627946,2022,0,0.0025,0,1,TN
주식회사이새에프앤씨,1018627946,2023,0,0.0005,0,1,TN
주식회사이새에프앤씨,1018627946,2024,0,0.0014,0,1,TN
몬로스타주식회사,1018629380,2021,0,0.031,0,1,TN
몬로스타주식회사,1018629380,2022,0,0.017,0,1,TN
몬로스타주식회사,1018629380,2023,0,0.3045,1,0,FP
몬로스타주식회사,1018629380,2024,0,0.2435,1,0,FP
(주)충남섬유,1018640987,2021,0,0.0052,0,1,TN
(주)충남섬유,1018640987,2022,0,0.0035,0,1,TN
(주)충남섬유,1018640987,2023,0,0.0008,0,1,TN
(주)충남섬유,1018640987,2024,0,0.0013,0,1,TN
주식회사풍신,1018677257,2021,0,0.217,1,0,FP
주식회사풍신,1018677257,2022,0,0.0225,0,1,TN
(주)헬리녹스,1018683690,2021,0,0.0013,0,1,TN
(주)헬리녹스,1018683690,2022,0,0.0006,0,1,TN
(주)헬리녹스,1018683690,2023,0,0.0081,0,1,TN
(주)헬리녹스,1018683690,2024,0,0.263,1,0,FP
주식회사돌담,1028113611,2021,0,0.0062,0,1,TN
주식회사돌담,1028113611,2022,0,0.5711,1,0,FP
주식회사돌담,1028113611,2023,0,0.6592,1,0,FP
주식회사돌담,1028113611,2024,1,0.5935,1,1,TP
(주)박홍근홈패션,1028122750,2021,0,0.027,0,1,TN
(주)박홍근홈패션,1028122750,2022,0,0.1481,1,0,FP
(주)박홍근홈패션,1028122750,2023,0,0.0848,0,1,TN
(주)박홍근홈패션,1028122750,2024,0,0.1813,1,0,FP
주식회사한림상사,1028139834,2021,0,0.1511,1,0,FP
주식회사한림상사,1028139834,2022,0,0.0034,0,1,TN
주식회사한림상사,1028139834,2023,0,0.0009,0,1,TN
주식회사한림상사,1028139834,2024,0,0.0016,0,1,TN
주식회사안다르,1038800990,2021,1,0.9411,1,1,TP
삼덕상공(주),1048100766,2021,0,0.0103,0,1,TN
삼덕상공(주),1048100766,2022,0,0.0138,0,1,TN
삼덕상공(주),1048100766,2023,0,0.106,1,0,FP
삼덕상공(주),1048100766,2024,0,0.4062,1,0,FP
(주)동극섬유,1048154845,2021,0,0.0029,0,1,TN
(주)동극섬유,1048154845,2022,0,0.0011,0,1,TN
(주)동극섬유,1048154845,2023,0,0.0003,0,1,TN
(주)동극섬유,1048154845,2024,0,0.0003,0,1,TN
주식회사프런티어텍스타일,1048171413,2022,0,0.0032,0,1,TN
주식회사프런티어텍스타일,1048171413,2023,0,0.0068,0,1,TN
주식회사프런티어텍스타일,1048171413,2024,0,0.001,0,1,TN
(주)에이치더블유아이,1048178774,2021,0,0.0006,0,1,TN
(주)에이치더블유아이,1048178774,2022,0,0.0006,0,1,TN
(주)에이치더블유아이,1048178774,2023,0,0.0004,0,1,TN
(주)에이치더블유아이,1048178774,2024,0,0.0007,0,1,TN
던필드알파,1048629545,2021,0,0.0058,0,1,TN
던필드알파,1048629545,2022,0,0.0054,0,1,TN
던필드알파,1048629545,2023,0,0.0049,0,1,TN
던필드알파,1048629545,2024,0,0.0353,0,1,TN
(주)신원,1058111908,2021,0,0.0056,0,1,TN
(주)신원,1058111908,2022,0,0.0017,0,1,TN
(주)신원,1058111908,2023,0,0.0014,0,1,TN
(주)신원,1058111908,2024,0,0.0045,0,1,TN
주식회사두백,1058129655,2021,0,0.0027,0,1,TN
주식회사두백,1058129655,2022,0,0.0004,0,1,TN
주식회사두백,1058129655,2023,0,0.0002,0,1,TN
주식회사두백,1058129655,2024,0,0.0002,0,1,TN
(주)좋은사람들,1058158242,2021,1,0.9643,1,1,TP
(주)노바인터내쇼널,1058163269,2021,0,0.0004,0,1,TN
(주)노바인터내쇼널,1058163269,2022,0,0.5068,1,0,FP
(주)노바인터내쇼널,1058163269,2023,0,0.818,1,0,FP
(주)노바인터내쇼널,1058163269,2024,1,0.592,1,1,TP
바이네르주식회사,1058163987,2021,0,0.0087,0,1,TN
바이네르주식회사,1058163987,2022,0,0.0037,0,1,TN
바이네르주식회사,1058163987,2023,0,0.0026,0,1,TN
바이네르주식회사,1058163987,2024,0,0.0028,0,1,TN
호전실업(주),1058164268,2021,0,0.005,0,1,TN
호전실업(주),1058164268,2022,0,0.0008,0,1,TN
호전실업(주),1058164268,2023,0,0.0012,0,1,TN
호전실업(주),1058164268,2024,0,0.001,0,1,TN
발렌시아(주),1058191770,2021,0,0.0029,0,1,TN
발렌시아(주),1058191770,2022,0,0.0008,0,1,TN
발렌시아(주),1058191770,2023,0,1e-04,0,1,TN
발렌시아(주),1058191770,2024,0,0.0003,0,1,TN
(주)코리아실크로드,1058192463,2021,0,0.0016,0,1,TN
(주)코리아실크로드,1058192463,2022,0,0.0013,0,1,TN
(주)코리아실크로드,1058192463,2023,0,0.0011,0,1,TN
(주)토마스힐,1058610016,2021,0,0.0035,0,1,TN
(주)토마스힐,1058610016,2022,0,0.0267,0,1,TN
(주)토마스힐,1058610016,2023,0,0.0009,0,1,TN
(주)토마스힐,1058610016,2024,0,0.0004,0,1,TN
(주)우인어패럴,1058633760,2021,0,0.0003,0,1,TN
(주)우인어패럴,1058633760,2022,0,0.0009,0,1,TN
(주)우인어패럴,1058633760,2023,0,0.0008,0,1,TN
(주)우인어패럴,1058633760,2024,0,0.2541,1,0,FP
(주)두리콜렉션,1058664152,2021,0,0.0096,0,1,TN
(주)두리콜렉션,1058664152,2022,0,0.0127,0,1,TN
(주)두리콜렉션,1058664152,2023,0,0.0819,0,1,TN
(주)두리콜렉션,1058664152,2024,0,0.0124,0,1,TN
(주)브이제이원,1058674515,2021,0,0.0087,0,1,TN
(주)브이제이원,1058674515,2022,0,0.015,0,1,TN
(주)브이제이원,1058674515,2023,0,0.0301,0,1,TN
(주)브이제이원,1058674515,2024,0,0.0216,0,1,TN
(주)임오파트너스,1058724443,2021,0,0.1139,1,0,FP
(주)임오파트너스,1058724443,2022,0,0.0103,0,1,TN
(주)임오파트너스,1058724443,2023,0,0.0023,0,1,TN
(주)임오파트너스,1058724443,2024,0,0.0032,0,1,TN
(주)배럴,1058739951,2021,0,0.1232,1,0,FP
(주)배럴,1058739951,2022,1,0.788,1,1,TP
(주)밀레,1058752430,2021,0,0.0013,0,1,TN
(주)밀레,1058752430,2022,0,0.0009,0,1,TN
(주)밀레,1058752430,2023,0,0.0013,0,1,TN
(주)밀레,1058752430,2024,0,0.1031,1,0,FP
이룸디자인스킨(주),1058765032,2021,0,0.0005,0,1,TN
이룸디자인스킨(주),1058765032,2022,0,0.0003,0,1,TN
이룸디자인스킨(주),1058765032,2023,0,0.0008,0,1,TN
이룸디자인스킨(주),1058765032,2024,0,0.0073,0,1,TN
(주)동잠,1058783156,2021,0,0.0005,0,1,TN
(주)동잠,1058783156,2022,0,0.0012,0,1,TN
(주)동잠,1058783156,2023,0,0.0003,0,1,TN
(주)동잠,1058783156,2024,0,0.0007,0,1,TN
주식회사케이앤케이인터내셔널,1058790017,2022,0,0.0005,0,1,TN
주식회사케이앤케이인터내셔널,1058790017,2023,0,0.0002,0,1,TN
주식회사케이앤케이인터내셔널,1058790017,2024,0,1e-04,0,1,TN
주식회사마플코퍼레이션,1058813322,2021,0,0.019,0,1,TN
주식회사마플코퍼레이션,1058813322,2022,0,0.7525,1,0,FP
주식회사마플코퍼레이션,1058813322,2023,1,0.1039,1,1,TP
예진에프앤지(주),1068140328,2021,0,0.0005,0,1,TN
예진에프앤지(주),1068140328,2022,0,0.0006,0,1,TN
예진에프앤지(주),1068140328,2023,0,0.0004,0,1,TN
예진에프앤지(주),1068140328,2024,0,0.0013,0,1,TN
(주)훼미모드,1068171160,2021,0,0.4169,1,0,FP
(주)훼미모드,1068171160,2022,0,0.0294,0,1,TN
(주)훼미모드,1068171160,2023,0,0.0631,0,1,TN
(주)훼미모드,1068171160,2024,0,0.1829,1,0,FP
(주)더네이쳐홀딩스,1068626388,2021,0,0.0003,0,1,TN
(주)더네이쳐홀딩스,1068626388,2022,0,1e-04,0,1,TN
(주)더네이쳐홀딩스,1068626388,2023,0,0.0002,0,1,TN
(주)더네이쳐홀딩스,1068626388,2024,0,0.0009,0,1,TN
(주)케이마켓,1068630733,2021,0,0.0044,0,1,TN
(주)케이마켓,1068630733,2022,0,0.0004,0,1,TN
(주)케이마켓,1068630733,2023,0,1e-04,0,1,TN
(주)케이마켓,1068630733,2024,0,0.0003,0,1,TN
(주)씨씨컴퍼니,1068674162,2021,0,0.0067,0,1,TN
(주)씨씨컴퍼니,1068674162,2022,0,0.3491,1,0,FP
(주)씨씨컴퍼니,1068674162,2023,0,0.406,1,0,FP
(주)씨씨컴퍼니,1068674162,2024,1,0.479,1,1,TP
주식회사지지,1068683360,2021,0,0.0013,0,1,TN
주식회사지지,1068683360,2022,0,1e-04,0,1,TN
주식회사지지,1068683360,2023,0,0.0,0,1,TN
주식회사지지,1068683360,2024,0,0.0006,0,1,TN
주식회사영안양행,1078159698,2021,0,0.0357,0,1,TN
주식회사영안양행,1078159698,2022,0,0.1175,1,0,FP
주식회사영안양행,1078159698,2023,1,0.0354,0,0,FN
주식회사준우에스피,1078173540,2021,0,0.1998,1,0,FP
주식회사준우에스피,1078173540,2022,0,0.2643,1,0,FP
주식회사준우에스피,1078173540,2023,0,0.0008,0,1,TN
주식회사준우에스피,1078173540,2024,0,0.0008,0,1,TN
(주)피앤지코퍼레이션,1078178147,2021,0,0.0224,0,1,TN
(주)피앤지코퍼레이션,1078178147,2022,0,0.0002,0,1,TN
(주)피앤지코퍼레이션,1078178147,2023,0,0.0009,0,1,TN
(주)피앤지코퍼레이션,1078178147,2024,0,0.0109,0,1,TN
(주)우성에프앤티,1078636496,2021,0,0.0027,0,1,TN
(주)우성에프앤티,1078636496,2022,0,0.0077,0,1,TN
(주)우성에프앤티,1078636496,2023,0,0.0013,0,1,TN
(주)우성에프앤티,1078636496,2024,0,0.0065,0,1,TN
(주)신티에스,1078649026,2021,0,0.0016,0,1,TN
(주)신티에스,1078649026,2022,0,0.0005,0,1,TN
(주)신티에스,1078649026,2023,0,0.0003,0,1,TN
(주)신티에스,1078649026,2024,0,0.0016,0,1,TN
(주)대한글로벌코리아,1078662238,2021,0,0.0126,0,1,TN
(주)대한글로벌코리아,1078662238,2022,0,0.0003,0,1,TN
(주)대한글로벌코리아,1078662238,2023,0,0.1134,1,0,FP
(주)대한글로벌코리아,1078662238,2024,0,0.6703,1,0,FP
(주)재키에프앤씨,1078675714,2021,0,0.0031,0,1,TN
(주)재키에프앤씨,1078675714,2022,0,0.0036,0,1,TN
(주)재키에프앤씨,1078675714,2023,0,0.261,1,0,FP
(주)재키에프앤씨,1078675714,2024,0,0.4241,1,0,FP
주식회사풍인인터내셔날,1078721613,2021,0,0.0042,0,1,TN
주식회사풍인인터내셔날,1078721613,2022,0,0.0019,0,1,TN
주식회사풍인인터내셔날,1078721613,2023,0,0.0206,0,1,TN
주식회사풍인인터내셔날,1078721613,2024,0,0.1221,1,0,FP
(주)에이치에스케미칼,1078750665,2021,0,0.0039,0,1,TN
(주)에이치에스케미칼,1078750665,2022,0,0.4663,1,0,FP
(주)에이치에스케미칼,1078750665,2023,0,0.4849,1,0,FP
(주)머큐리코퍼레이션,1078755374,2021,0,0.1463,1,0,FP
(주)머큐리코퍼레이션,1078755374,2022,0,0.2932,1,0,FP
(주)머큐리코퍼레이션,1078755374,2023,1,0.6111,1,1,TP
칼라앤터치주식회사,1078813236,2021,0,0.0009,0,1,TN
칼라앤터치주식회사,1078813236,2022,0,0.0002,0,1,TN
칼라앤터치주식회사,1078813236,2023,0,1e-04,0,1,TN
칼라앤터치주식회사,1078813236,2024,0,0.0004,0,1,TN
성화물산주식회사,1088144470,2021,0,0.0021,0,1,TN
성화물산주식회사,1088144470,2022,0,0.0003,0,1,TN
성화물산주식회사,1088144470,2023,0,1e-04,0,1,TN
성화물산주식회사,1088144470,2024,0,0.0002,0,1,TN
(주)엠에스에이,1088148326,2021,0,0.0009,0,1,TN
(주)엠에스에이,1088148326,2022,0,0.0002,0,1,TN
(주)엠에스에이,1088148326,2023,0,0.0002,0,1,TN
(주)엠에스에이,1088148326,2024,0,0.0003,0,1,TN
슈프림텍스타일주식회사,1088177710,2021,0,0.002,0,1,TN
슈프림텍스타일주식회사,1088177710,2022,0,0.0006,0,1,TN
슈프림텍스타일주식회사,1088177710,2023,0,0.0068,0,1,TN
슈프림텍스타일주식회사,1088177710,2024,0,0.0682,0,1,TN
(주)쁘띠엘린,1088191594,2021,0,0.0003,0,1,TN
(주)쁘띠엘린,1088191594,2022,0,0.0005,0,1,TN
(주)쁘띠엘린,1088191594,2023,0,0.0009,0,1,TN
(주)쁘띠엘린,1088191594,2024,0,0.0009,0,1,TN
(주)미쥬,1088604814,2021,0,0.0068,0,1,TN
(주)미쥬,1088604814,2022,0,0.0008,0,1,TN
(주)듀크상사,1098124083,2021,0,0.8052,1,0,FP
(주)듀크상사,1098124083,2022,0,0.0018,0,1,TN
(주)듀크상사,1098124083,2023,0,0.0019,0,1,TN
(주)듀크상사,1098124083,2024,0,0.0006,0,1,TN
(주)현진스포텍,1098127611,2021,0,0.0025,0,1,TN
(주)현진스포텍,1098127611,2022,0,0.0005,0,1,TN
(주)현진스포텍,1098127611,2023,0,0.0005,0,1,TN
(주)현진스포텍,1098127611,2024,0,0.0006,0,1,TN
(주)그리티,1098159281,2021,0,0.3988,1,0,FP
(주)그리티,1098159281,2022,0,0.0037,0,1,TN
(주)그리티,1098159281,2023,0,0.0002,0,1,TN
(주)그리티,1098159281,2024,0,0.0003,0,1,TN
(주)제이에스에이어패럴,1098174036,2021,0,0.0024,0,1,TN
(주)제이에스에이어패럴,1098174036,2022,0,0.042,0,1,TN
(주)제이에스에이어패럴,1098174036,2023,0,0.0002,0,1,TN
삼정크린마스터(주),1098176499,2021,0,0.0008,0,1,TN
삼정크린마스터(주),1098176499,2022,0,0.0007,0,1,TN
삼정크린마스터(주),1098176499,2023,0,0.0004,0,1,TN
삼정크린마스터(주),1098176499,2024,0,0.0005,0,1,TN
(주)헬스리아,1098608680,2021,0,0.0004,0,1,TN
(주)헬스리아,1098608680,2022,0,0.0085,0,1,TN
(주)헬스리아,1098608680,2023,0,0.2753,1,0,FP
(주)헬스리아,1098608680,2024,0,0.6866,1,0,FP
(주)아이콘스,1098627576,2021,0,0.0008,0,1,TN
(주)아이콘스,1098627576,2022,0,0.0005,0,1,TN
(주)아이콘스,1098627576,2023,0,0.0002,0,1,TN
(주)아이콘스,1098627576,2024,0,1e-04,0,1,TN
주식회사영원아웃도어,1108127101,2021,0,0.0006,0,1,TN
주식회사영원아웃도어,1108127101,2022,0,0.0002,0,1,TN
주식회사영원아웃도어,1108127101,2023,0,1e-04,0,1,TN
주식회사영원아웃도어,1108127101,2024,0,0.0002,0,1,TN
(주)파스토조,1108144186,2021,0,0.0029,0,1,TN
(주)파스토조,1108144186,2022,0,0.0889,0,1,TN
(주)파스토조,1108144186,2023,0,0.0369,0,1,TN
(주)파스토조,1108144186,2024,0,0.006,0,1,TN
(주)비엘레더뱅크,1108175393,2021,0,0.0033,0,1,TN
(주)비엘레더뱅크,1108175393,2022,0,0.0006,0,1,TN
(주)비엘레더뱅크,1108175393,2023,0,0.0176,0,1,TN
(주)비엘레더뱅크,1108175393,2024,0,0.094,0,1,TN
주식회사은성테크,1108188689,2021,1,0.9258,1,1,TP
화영종합물산(주),1118125692,2021,0,0.0007,0,1,TN
화영종합물산(주),1118125692,2022,0,0.0032,0,1,TN
화영종합물산(주),1118125692,2023,0,0.0019,0,1,TN
화영종합물산(주),1118125692,2024,0,0.0019,0,1,TN
마리오쇼핑주식회사,1128115877,2021,0,0.0891,0,1,TN
마리오쇼핑주식회사,1128115877,2022,0,0.0499,0,1,TN
마리오쇼핑주식회사,1128115877,2023,0,0.0841,0,1,TN
마리오쇼핑주식회사,1128115877,2024,0,0.2932,1,0,FP
(주)더주하,1128701171,2021,0,0.0009,0,1,TN
(주)더주하,1128701171,2022,0,0.0015,0,1,TN
(주)더주하,1128701171,2023,0,0.0006,0,1,TN
(주)더주하,1128701171,2024,0,0.0016,0,1,TN
주식회사유풍,1138107268,2021,0,0.0002,0,1,TN
주식회사유풍,1138107268,2022,0,1e-04,0,1,TN
주식회사유풍,1138107268,2023,0,1e-04,0,1,TN
주식회사유풍,1138107268,2024,0,0.0002,0,1,TN
주식회사세일엠텍,1138110860,2021,0,0.0013,0,1,TN
주식회사세일엠텍,1138110860,2022,0,0.0473,0,1,TN
주식회사세일엠텍,1138110860,2023,0,0.0012,0,1,TN
주식회사세일엠텍,1138110860,2024,0,0.0003,0,1,TN
신영스타킹주식회사,1138117015,2021,0,0.2727,1,0,FP
신영스타킹주식회사,1138117015,2022,0,0.2898,1,0,FP
신영스타킹주식회사,1138117015,2023,0,0.4745,1,0,FP
신영스타킹주식회사,1138117015,2024,0,0.3581,1,0,FP
주식회사신한방,1138130492,2021,0,0.1102,1,0,FP
주식회사신한방,1138130492,2022,0,0.0027,0,1,TN
주식회사신한방,1138130492,2023,0,0.0012,0,1,TN
주식회사신한방,1138130492,2024,0,0.0016,0,1,TN
주식회사에이훠스트,1138132786,2021,0,0.0289,0,1,TN
주식회사에이훠스트,1138132786,2022,0,0.0071,0,1,TN
주식회사에이훠스트,1138132786,2023,0,0.188,1,0,FP
주식회사에이훠스트,1138132786,2024,0,0.3639,1,0,FP
(주)어패럴테크,1138162897,2021,0,0.0019,0,1,TN
(주)어패럴테크,1138162897,2022,0,1e-04,0,1,TN
(주)어패럴테크,1138162897,2023,0,0.0003,0,1,TN
(주)어패럴테크,1138162897,2024,0,1e-04,0,1,TN
유니트아이엔씨(주),1138198643,2021,0,0.0012,0,1,TN
유니트아이엔씨(주),1138198643,2022,0,0.0004,0,1,TN
유니트아이엔씨(주),1138198643,2023,0,0.0031,0,1,TN
유니트아이엔씨(주),1138198643,2024,0,0.0015,0,1,TN
(주)여미지,1138608087,2021,0,0.0116,0,1,TN
(주)여미지,1138608087,2022,0,0.0015,0,1,TN
(주)여미지,1138608087,2023,0,0.001,0,1,TN
(주)여미지,1138608087,2024,0,0.0003,0,1,TN
(주)아이두젠,1138613576,2021,0,0.0004,0,1,TN
(주)아이두젠,1138613576,2022,0,0.0002,0,1,TN
(주)아이두젠,1138613576,2023,0,0.0008,0,1,TN
(주)아이두젠,1138613576,2024,0,0.0006,0,1,TN
주식회사당당,1138646612,2022,0,0.0036,0,1,TN
주식회사당당,1138646612,2023,0,0.0064,0,1,TN
주식회사당당,1138646612,2024,0,1e-04,0,1,TN
(주)엠에이치티,1138647611,2021,0,0.0014,0,1,TN
(주)엠에이치티,1138647611,2022,0,0.0004,0,1,TN
(주)엠에이치티,1138647611,2023,0,0.0006,0,1,TN
(주)엠에이치티,1138647611,2024,0,0.0002,0,1,TN
(주)엠에이치코퍼레이션,1138655765,2022,0,0.0009,0,1,TN
(주)엠에이치코퍼레이션,1138655765,2023,0,0.0017,0,1,TN
(주)엠에이치코퍼레이션,1138655765,2024,0,0.0006,0,1,TN
티피나디아주식회사,1138666224,2021,0,0.0372,0,1,TN
티피나디아주식회사,1138666224,2022,0,0.0013,0,1,TN
티피나디아주식회사,1138666224,2023,0,1e-04,0,1,TN
티피나디아주식회사,1138666224,2024,0,0.0005,0,1,TN
주식회사시스메이트,1138672575,2022,0,0.0041,0,1,TN
주식회사시스메이트,1138672575,2023,0,0.0007,0,1,TN
주식회사시스메이트,1138672575,2024,0,0.0011,0,1,TN
주식회사와이엘사이언스,1138693207,2021,0,0.0002,0,1,TN
주식회사와이엘사이언스,1138693207,2022,0,0.093,0,1,TN
주식회사와이엘사이언스,1138693207,2023,0,0.0035,0,1,TN
주식회사와이엘사이언스,1138693207,2024,0,0.0069,0,1,TN
(주)서양네트웍스,1148152674,2021,0,0.002,0,1,TN
(주)서양네트웍스,1148152674,2022,0,0.0007,0,1,TN
(주)서양네트웍스,1148152674,2023,0,0.0002,0,1,TN
(주)서양네트웍스,1148152674,2024,0,0.0009,0,1,TN
유로물산주식회사,1148158760,2021,0,0.0037,0,1,TN
유로물산주식회사,1148158760,2022,0,0.0007,0,1,TN
유로물산주식회사,1148158760,2023,0,0.0002,0,1,TN
유로물산주식회사,1148158760,2024,0,0.118,1,0,FP
(주)인동에프엔,1148172568,2021,0,0.0003,0,1,TN
(주)인동에프엔,1148172568,2022,0,1e-04,0,1,TN
(주)인동에프엔,1148172568,2023,0,0.0,0,1,TN
(주)인동에프엔,1148172568,2024,0,0.0002,0,1,TN
(주)제이랜드코리아,1148177224,2021,0,0.0009,0,1,TN
(주)제이랜드코리아,1148177224,2022,0,0.001,0,1,TN
(주)제이랜드코리아,1148177224,2023,0,0.0008,0,1,TN
(주)제이랜드코리아,1148177224,2024,0,0.0004,0,1,TN
(주)로이포스,1148177302,2021,0,0.0014,0,1,TN
(주)로이포스,1148177302,2022,0,0.0017,0,1,TN
(주)로이포스,1148177302,2023,0,0.0123,0,1,TN
(주)로이포스,1148177302,2024,0,0.0017,0,1,TN
유니브릭하우스(주),1148607534,2024,0,0.0004,0,1,TN
주식회사미도컴퍼니,1148616159,2021,0,0.0214,0,1,TN
주식회사미도컴퍼니,1148616159,2022,0,0.0124,0,1,TN
주식회사미도컴퍼니,1148616159,2023,0,0.0009,0,1,TN
주식회사미도컴퍼니,1148616159,2024,0,0.0169,0,1,TN
해외어패럴(주),1148656199,2021,0,0.0002,0,1,TN
해외어패럴(주),1148656199,2022,0,1e-04,0,1,TN
해외어패럴(주),1148656199,2023,0,1e-04,0,1,TN
해외어패럴(주),1148656199,2024,0,1e-04,0,1,TN
(주)베네트홀딩스,1148714712,2021,0,1e-04,0,1,TN
(주)베네트홀딩스,1148714712,2022,0,0.0014,0,1,TN
(주)베네트홀딩스,1148714712,2023,0,0.0006,0,1,TN
(주)베네트홀딩스,1148714712,2024,0,0.0008,0,1,TN
(주)예광실업,1148716312,2021,1,0.9701,1,1,TP
일신방직(주),1168140780,2021,0,0.0011,0,1,TN
일신방직(주),1168140780,2022,0,0.2512,1,0,FP
일신방직(주),1168140780,2023,0,0.4887,1,0,FP
일신방직(주),1168140780,2024,0,0.0144,0,1,TN
주식회사지오다노,1168147798,2021,0,0.0005,0,1,TN
주식회사지오다노,1168147798,2022,0,0.0003,0,1,TN
주식회사지오다노,1168147798,2023,0,0.0005,0,1,TN
주식회사지오다노,1168147798,2024,0,0.001,0,1,TN
포러스무역주식회사,1168160656,2021,0,0.0064,0,1,TN
포러스무역주식회사,1168160656,2022,0,0.0065,0,1,TN
포러스무역주식회사,1168160656,2023,0,0.0165,0,1,TN
포러스무역주식회사,1168160656,2024,0,0.1394,1,0,FP
동해하이테크산업(주),1168167474,2021,0,0.0006,0,1,TN
동해하이테크산업(주),1168167474,2022,0,0.0019,0,1,TN
동해하이테크산업(주),1168167474,2023,0,0.0004,0,1,TN
동해하이테크산업(주),1168167474,2024,0,0.002,0,1,TN
(주)더스텔라,1178102566,2021,0,0.1532,1,0,FP
(주)더스텔라,1178102566,2022,0,0.0815,0,1,TN
(주)더스텔라,1178102566,2023,1,0.7512,1,1,TP
(주)기도산업,1178115038,2021,0,0.0009,0,1,TN
(주)기도산업,1178115038,2022,0,0.0007,0,1,TN
(주)기도산업,1178115038,2023,0,0.0007,0,1,TN
(주)기도산업,1178115038,2024,0,0.0004,0,1,TN
(주)유아즈,1178117491,2022,0,0.0013,0,1,TN
(주)유아즈,1178117491,2023,0,0.0005,0,1,TN
(주)유아즈,1178117491,2024,0,0.3227,1,0,FP
(주)신한코리아,1178122280,2021,0,0.0008,0,1,TN
(주)신한코리아,1178122280,2022,0,0.0005,0,1,TN
(주)신한코리아,1178122280,2023,0,0.0397,0,1,TN
(주)신한코리아,1178122280,2024,0,0.8812,1,0,FP
주식회사데코원,1178145380,2021,0,0.0024,0,1,TN
주식회사데코원,1178145380,2022,0,0.3797,1,0,FP
주식회사데코원,1178145380,2023,0,0.3487,1,0,FP
주식회사데코원,1178145380,2024,1,0.6801,1,1,TP
(주)한보이앤씨,1178162924,2021,0,0.0005,0,1,TN
(주)한보이앤씨,1178162924,2022,0,0.1636,1,0,FP
(주)한보이앤씨,1178162924,2023,0,0.0011,0,1,TN
(주)한보이앤씨,1178162924,2024,0,0.0008,0,1,TN
(주)비와이씨,1188103063,2021,0,0.0024,0,1,TN
(주)비와이씨,1188103063,2022,0,0.0011,0,1,TN
(주)비와이씨,1188103063,2023,0,0.0006,0,1,TN
(주)비와이씨,1188103063,2024,0,0.0015,0,1,TN
(주)인화상품,1188104214,2021,0,0.0065,0,1,TN
(주)인화상품,1188104214,2022,0,0.038,0,1,TN
(주)인화상품,1188104214,2023,0,0.0203,0,1,TN
(주)인화상품,1188104214,2024,0,0.1816,1,0,FP
(주)아이디모드,1188119793,2021,0,0.0028,0,1,TN
(주)아이디모드,1188119793,2022,0,0.5958,1,0,FP
(주)아이디모드,1188119793,2023,0,0.4199,1,0,FP
(주)아이디모드,1188119793,2024,0,0.0242,0,1,TN
신한방직주식회사,1188601376,2021,0,0.0002,0,1,TN
신한방직주식회사,1188601376,2022,0,1e-04,0,1,TN
신한방직주식회사,1188601376,2023,0,0.0066,0,1,TN
신한방직주식회사,1188601376,2024,0,0.2264,1,0,FP
주식회사손손컴퍼니,1188700506,2021,0,0.0013,0,1,TN
주식회사손손컴퍼니,1188700506,2022,0,0.1568,1,0,FP
주식회사손손컴퍼니,1188700506,2023,0,0.0506,0,1,TN
주식회사손손컴퍼니,1188700506,2024,0,0.0839,0,1,TN
(주)신영와코루,1198101559,2021,0,0.0118,0,1,TN
(주)신영와코루,1198101559,2022,0,0.0033,0,1,TN
(주)신영와코루,1198101559,2023,0,0.0493,0,1,TN
(주)신영와코루,1198101559,2024,0,0.0242,0,1,TN
(주)원림,1198101618,2021,0,0.028,0,1,TN
(주)원림,1198101618,2022,0,0.0033,0,1,TN
(주)원림,1198101618,2023,0,0.001,0,1,TN
(주)원림,1198101618,2024,0,0.0105,0,1,TN
(주)마하니트,1198118308,2021,0,0.002,0,1,TN
(주)마하니트,1198118308,2022,0,0.0484,0,1,TN
(주)마하니트,1198118308,2023,0,0.2973,1,0,FP
(주)마하니트,1198118308,2024,0,0.0167,0,1,TN
(주)성원에프씨,1198131470,2021,0,0.6017,1,0,FP
(주)성원에프씨,1198131470,2022,0,0.0404,0,1,TN
(주)성원에프씨,1198131470,2023,0,0.0037,0,1,TN
(주)성원에프씨,1198131470,2024,0,0.0018,0,1,TN
두진양행(주),1198131956,2021,0,0.0082,0,1,TN
두진양행(주),1198131956,2022,0,0.5431,1,0,FP
두진양행(주),1198131956,2023,0,0.0093,0,1,TN
두진양행(주),1198131956,2024,0,0.0187,0,1,TN
지에스지엠주식회사,1198135423,2021,1,0.9077,1,1,TP
(주)하해,1198160617,2021,0,0.0027,0,1,TN
(주)하해,1198160617,2022,0,0.0107,0,1,TN
(주)하해,1198160617,2023,0,0.6073,1,0,FP
(주)하해,1198160617,2024,0,0.0016,0,1,TN
(주)에프앤아이코리아,1198166722,2022,0,0.0019,0,1,TN
(주)에프앤아이코리아,1198166722,2023,0,0.1424,1,0,FP
(주)에프앤아이코리아,1198166722,2024,0,0.5155,1,0,FP
(주)장안어패럴,1198174090,2022,0,0.0005,0,1,TN
(주)장안어패럴,1198174090,2023,0,0.0004,0,1,TN
(주)장안어패럴,1198174090,2024,0,0.0004,0,1,TN
(주)하랑커뮤니케이션,1198616760,2021,0,0.0251,0,1,TN
(주)하랑커뮤니케이션,1198616760,2022,0,0.1021,1,0,FP
(주)하랑커뮤니케이션,1198616760,2023,0,0.1803,1,0,FP
(주)스페이스프라자,1198632213,2022,0,0.0082,0,1,TN
(주)스페이스프라자,1198632213,2023,0,0.0574,0,1,TN
(주)스페이스프라자,1198632213,2024,1,0.7461,1,1,TP
주식회사태화에프앤티,1198639064,2021,0,0.0004,0,1,TN
주식회사태화에프앤티,1198639064,2022,0,0.0002,0,1,TN
주식회사태화에프앤티,1198639064,2023,0,0.0004,0,1,TN
주식회사태화에프앤티,1198639064,2024,0,0.0005,0,1,TN
(주)해운어패럴,1198656710,2021,0,0.0301,0,1,TN
(주)디케이앤코,1198667162,2021,0,0.2618,1,0,FP
(주)디케이앤코,1198667162,2022,0,0.0067,0,1,TN
(주)디케이앤코,1198667162,2023,0,0.0111,0,1,TN
(주)디케이앤코,1198667162,2024,0,0.0739,0,1,TN
주식회사원우물산,1198670838,2021,0,0.01,0,1,TN
주식회사원우물산,1198670838,2022,0,0.0261,0,1,TN
주식회사원우물산,1198670838,2023,0,0.0301,0,1,TN
주식회사원우물산,1198670838,2024,0,0.011,0,1,TN
비기닝리테일(주),1198684860,2021,0,0.0013,0,1,TN
비기닝리테일(주),1198684860,2022,0,0.2266,1,0,FP
비기닝리테일(주),1198684860,2023,0,0.1571,1,0,FP
비기닝리테일(주),1198684860,2024,1,0.2599,1,1,TP
동성교역주식회사,1208105666,2021,0,0.0662,0,1,TN
동성교역주식회사,1208105666,2022,0,0.0059,0,1,TN
동성교역주식회사,1208105666,2023,0,0.0233,0,1,TN
동성교역주식회사,1208105666,2024,0,0.0215,0,1,TN
주식회사진서,1208113827,2021,0,0.3257,1,0,FP
주식회사진서,1208113827,2022,0,0.0043,0,1,TN
주식회사진서,1208113827,2023,0,0.0022,0,1,TN
주식회사진서,1208113827,2024,0,0.0025,0,1,TN
리무역(주),1208117503,2021,0,0.0004,0,1,TN
리무역(주),1208117503,2022,0,0.0004,0,1,TN
리무역(주),1208117503,2023,0,0.0053,0,1,TN
리무역(주),1208117503,2024,0,0.2417,1,0,FP
(주)한섬,1208126337,2021,0,0.0011,0,1,TN
(주)한섬,1208126337,2022,0,0.0004,0,1,TN
(주)한섬,1208126337,2023,0,0.0003,0,1,TN
(주)한섬,1208126337,2024,0,0.001,0,1,TN
(주)이상봉,1208136209,2022,1,0.0402,0,0,FN
주식회사남양인터내셔날,1208137455,2021,0,0.0018,0,1,TN
주식회사남양인터내셔날,1208137455,2022,0,0.0019,0,1,TN
주식회사남양인터내셔날,1208137455,2023,0,0.0058,0,1,TN
주식회사남양인터내셔날,1208137455,2024,0,0.0034,0,1,TN
데코앤에프,1208139036,2021,1,0.9727,1,1,TP
주식회사세왕섬유,1208140945,2021,0,0.0916,0,1,TN
주식회사세왕섬유,1208140945,2022,0,0.0002,0,1,TN
주식회사세왕섬유,1208140945,2023,0,0.0006,0,1,TN
주식회사세왕섬유,1208140945,2024,0,0.0002,0,1,TN
주식회사리오인더스트리,1208149913,2021,0,0.0078,0,1,TN
주식회사리오인더스트리,1208149913,2022,0,0.0508,0,1,TN
주식회사리오인더스트리,1208149913,2023,0,0.4448,1,0,FP
주식회사리오인더스트리,1208149913,2024,1,0.6068,1,1,TP
(주)기수케이트레이딩,1208154115,2021,0,0.0032,0,1,TN
(주)기수케이트레이딩,1208154115,2022,0,0.0002,0,1,TN
(주)기수케이트레이딩,1208154115,2023,0,1e-04,0,1,TN
(주)기수케이트레이딩,1208154115,2024,0,1e-04,0,1,TN
(주)우인인더스트리즈,1208155701,2021,0,0.0275,0,1,TN
(주)우인인더스트리즈,1208155701,2022,0,0.0021,0,1,TN
(주)우인인더스트리즈,1208155701,2023,0,0.0006,0,1,TN
(주)우인인더스트리즈,1208155701,2024,0,0.0158,0,1,TN
(주)노브랜드,1208157617,2021,0,0.0047,0,1,TN
(주)노브랜드,1208157617,2022,0,0.0002,0,1,TN
(주)노브랜드,1208157617,2023,0,0.0074,0,1,TN
(주)노브랜드,1208157617,2024,0,0.0016,0,1,TN
주식회사진진,1208158557,2021,0,0.1045,1,0,FP
주식회사진진,1208158557,2022,0,0.0036,0,1,TN
주식회사진진,1208158557,2023,0,0.0016,0,1,TN
주식회사진진,1208158557,2024,0,0.0005,0,1,TN
(주)웰크론,1208163730,2021,0,0.0101,0,1,TN
(주)웰크론,1208163730,2022,0,0.005,0,1,TN
(주)웰크론,1208163730,2023,0,0.0989,0,1,TN
(주)웰크론,1208163730,2024,0,0.2226,1,0,FP
(주)손정완,1208164592,2021,0,0.0007,0,1,TN
(주)손정완,1208164592,2022,0,0.0009,0,1,TN
(주)손정완,1208164592,2023,0,0.0007,0,1,TN
(주)손정완,1208164592,2024,0,0.0015,0,1,TN
(주)필코아이엔씨,1208175240,2021,0,0.0008,0,1,TN
(주)필코아이엔씨,1208175240,2022,0,0.0004,0,1,TN
(주)필코아이엔씨,1208175240,2023,0,0.0019,0,1,TN
(주)필코아이엔씨,1208175240,2024,0,0.0011,0,1,TN
(주)지비텍스타일,1208178155,2021,0,0.0015,0,1,TN
(주)지비텍스타일,1208178155,2022,0,0.0161,0,1,TN
(주)지비텍스타일,1208178155,2024,0,0.0044,0,1,TN
(주)린컴퍼니,1208184619,2021,0,0.0012,0,1,TN
(주)린컴퍼니,1208184619,2022,0,0.0003,0,1,TN
(주)린컴퍼니,1208184619,2023,0,1e-04,0,1,TN
(주)린컴퍼니,1208184619,2024,0,0.0005,0,1,TN
(주)매스텍스,1208185786,2021,0,0.0008,0,1,TN
(주)매스텍스,1208185786,2022,0,0.0007,0,1,TN
(주)매스텍스,1208185786,2023,0,0.0002,0,1,TN
(주)매스텍스,1208185786,2024,0,0.0013,0,1,TN
(주)동일라코스테,1208605491,2021,0,0.0007,0,1,TN
(주)동일라코스테,1208605491,2022,0,0.0002,0,1,TN
(주)동일라코스테,1208605491,2023,0,0.0004,0,1,TN
(주)동일라코스테,1208605491,2024,0,0.0009,0,1,TN
더인터맥스(주),1208607655,2021,0,0.005,0,1,TN
더인터맥스(주),1208607655,2022,0,0.0007,0,1,TN
더인터맥스(주),1208607655,2023,0,0.0007,0,1,TN
더인터맥스(주),1208607655,2024,0,1e-04,0,1,TN
(주)반도글로벌,1208609556,2021,0,0.0119,0,1,TN
(주)반도글로벌,1208609556,2022,0,0.0003,0,1,TN
(주)반도글로벌,1208609556,2023,0,0.0002,0,1,TN
(주)반도글로벌,1208609556,2024,0,0.0004,0,1,TN
(주)에프티앤,1208631494,2021,0,0.0077,0,1,TN
(주)에프티앤,1208631494,2022,0,0.0022,0,1,TN
(주)에프티앤,1208631494,2023,0,0.0039,0,1,TN
(주)에프티앤,1208631494,2024,0,0.0056,0,1,TN
(주)한얼티앤에스,1208657761,2021,0,0.0007,0,1,TN
(주)한얼티앤에스,1208657761,2022,0,0.0022,0,1,TN
(주)한얼티앤에스,1208657761,2023,0,0.0008,0,1,TN
(주)한얼티앤에스,1208657761,2024,0,0.0006,0,1,TN
세아아인스주식회사,1208675599,2021,0,0.0009,0,1,TN
에프이브이주식회사,1208684249,2021,0,0.0921,0,1,TN
(주)대농텍스타일,1208726682,2021,0,0.0414,0,1,TN
(주)대농텍스타일,1208726682,2022,0,0.0329,0,1,TN
(주)대농텍스타일,1208726682,2023,0,0.0003,0,1,TN
(주)대농텍스타일,1208726682,2024,0,0.0004,0,1,TN
(주)피앤티디홀딩스,1208732485,2021,0,0.0003,0,1,TN
(주)피앤티디홀딩스,1208732485,2022,0,0.0088,0,1,TN
(주)피앤티디홀딩스,1208732485,2023,0,0.3589,1,0,FP
(주)피앤티디홀딩스,1208732485,2024,0,0.3342,1,0,FP
(주)제이엔지코리아,1208733335,2021,0,0.0051,0,1,TN
(주)제이엔지코리아,1208733335,2022,0,0.0035,0,1,TN
(주)제이엔지코리아,1208733335,2023,0,0.0372,0,1,TN
(주)제이엔지코리아,1208733335,2024,0,0.3242,1,0,FP
주식회사플래시드웨이브코리아,1208743304,2021,0,0.0012,0,1,TN
주식회사플래시드웨이브코리아,1208743304,2022,0,1e-04,0,1,TN
주식회사플래시드웨이브코리아,1208743304,2023,0,0.0049,0,1,TN
주식회사플래시드웨이브코리아,1208743304,2024,0,0.284,1,0,FP
(주)벤제프,1208754460,2021,0,0.0007,0,1,TN
(주)벤제프,1208754460,2022,0,0.0003,0,1,TN
(주)벤제프,1208754460,2023,0,0.0005,0,1,TN
(주)벤제프,1208754460,2024,0,0.0005,0,1,TN
(주)케이엔에프인터내셔날,1208760002,2021,0,0.6056,1,0,FP
(주)케이엔에프인터내셔날,1208760002,2022,0,0.0007,0,1,TN
(주)케이엔에프인터내셔날,1208760002,2023,0,0.0019,0,1,TN
주식회사알케이드코리아,1208803992,2021,0,0.2656,1,0,FP
주식회사알케이드코리아,1208803992,2022,1,0.331,1,1,TP
신한물산(주),1218121539,2021,0,0.0328,0,1,TN
신한물산(주),1218121539,2022,0,0.5942,1,0,FP
신한물산(주),1218121539,2023,0,0.3402,1,0,FP
신한물산(주),1218121539,2024,0,0.0716,0,1,TN
(주)거림트렌드,1228168726,2021,0,0.001,0,1,TN
(주)거림트렌드,1228168726,2022,0,0.0003,0,1,TN
(주)거림트렌드,1228168726,2023,0,0.0002,0,1,TN
(주)거림트렌드,1228168726,2024,0,0.0002,0,1,TN
주식회사거림씨앤에프,1228616349,2022,0,0.0006,0,1,TN
주식회사거림씨앤에프,1228616349,2023,0,1e-04,0,1,TN
주식회사거림씨앤에프,1228616349,2024,0,0.0007,0,1,TN
(주)한웅,1238148591,2021,0,0.1865,1,0,FP
(주)한웅,1238148591,2022,0,0.3987,1,0,FP
(주)한웅,1238148591,2023,1,0.0354,0,0,FN
(주)파인텍,1238611667,2021,0,0.0003,0,1,TN
(주)파인텍,1238611667,2022,0,0.0009,0,1,TN
(주)파인텍,1238611667,2023,0,0.0621,0,1,TN
(주)파인텍,1238611667,2024,0,0.1921,1,0,FP
주식회사선도,1248104432,2021,0,0.1034,1,0,FP
주식회사선도,1248104432,2022,0,0.6309,1,0,FP
주식회사선도,1248104432,2023,0,0.0037,0,1,TN
주식회사선도,1248104432,2024,0,0.8709,1,0,FP
(주)동일캔바스엔지니어링,1248146728,2021,0,0.0019,0,1,TN
(주)동일캔바스엔지니어링,1248146728,2022,0,0.0006,0,1,TN
(주)동일캔바스엔지니어링,1248146728,2023,0,0.0003,0,1,TN
(주)동일캔바스엔지니어링,1248146728,2024,0,0.0004,0,1,TN
케이피피지퍼(주),1248148745,2021,0,0.0072,0,1,TN
케이피피지퍼(주),1248148745,2022,0,0.8165,1,0,FP
케이피피지퍼(주),1248148745,2023,0,0.901,1,0,FP
(주)피앤씨랩스,1248669217,2021,0,0.0034,0,1,TN
(주)피앤씨랩스,1248669217,2022,0,0.1069,1,0,FP
(주)피앤씨랩스,1248669217,2023,0,0.0869,0,1,TN
(주)피앤씨랩스,1248669217,2024,0,0.0041,0,1,TN
(주)동주스포츠,1248748053,2021,1,0.9,1,1,TP
우진섬유(주),1258123091,2021,0,0.252,1,0,FP
우진섬유(주),1258123091,2022,0,0.6071,1,0,FP
우진섬유(주),1258123091,2023,1,0.6686,1,1,TP
주식회사N.T.I,1258135355,2021,0,0.0871,0,1,TN
주식회사N.T.I,1258135355,2022,0,0.4311,1,0,FP
주식회사N.T.I,1258135355,2023,1,0.1272,1,1,TP
주식회사이앤더블유글로벌(E&WGLOBAL),1258196691,2021,0,0.0005,0,1,TN
주식회사이앤더블유글로벌(E&WGLOBAL),1258196691,2022,0,0.0169,0,1,TN
주식회사이앤더블유글로벌(E&WGLOBAL),1258196691,2023,0,0.6413,1,0,FP
주식회사이앤더블유글로벌(E&WGLOBAL),1258196691,2024,1,0.2903,1,1,TP
(주)덕산,1268110279,2021,0,0.0054,0,1,TN
(주)덕산,1268110279,2022,0,0.0003,0,1,TN
(주)덕산,1268110279,2023,0,0.0009,0,1,TN
(주)덕산,1268110279,2024,0,0.0007,0,1,TN
태진실업(주),1268124055,2021,0,0.0036,0,1,TN
태진실업(주),1268124055,2022,0,0.6578,1,0,FP
태진실업(주),1268124055,2023,0,0.0924,0,1,TN
태진실업(주),1268124055,2024,0,0.841,1,0,FP
엠앤에스주식회사,1268134403,2021,0,0.0015,0,1,TN
엠앤에스주식회사,1268134403,2022,0,0.1276,1,0,FP
엠앤에스주식회사,1268134403,2023,0,0.0795,0,1,TN
엠앤에스주식회사,1268134403,2024,1,0.3259,1,1,TP
(주)대창실업,1268149721,2021,0,0.0766,0,1,TN
(주)대창실업,1268149721,2022,0,0.0803,0,1,TN
(주)대창실업,1268149721,2023,0,0.5921,1,0,FP
(주)대창실업,1268149721,2024,0,0.3896,1,0,FP
주식회사이노코스텍,1268165982,2021,0,0.3819,1,0,FP
주식회사이노코스텍,1268165982,2022,0,0.3108,1,0,FP
주식회사이노코스텍,1268165982,2023,0,0.1132,1,0,FP
주식회사이노코스텍,1268165982,2024,0,0.1979,1,0,FP
(주)네오피에스,1268191990,2021,0,0.3767,1,0,FP
(주)네오피에스,1268191990,2022,1,0.3545,1,1,TP
(주)풍진티에프씨,1268198130,2021,0,0.0007,0,1,TN
(주)풍진티에프씨,1268198130,2022,0,0.0091,0,1,TN
(주)풍진티에프씨,1268198130,2023,0,0.0005,0,1,TN
(주)풍진티에프씨,1268198130,2024,0,0.0002,0,1,TN
(주)카라즈,1268610221,2021,0,0.0022,0,1,TN
(주)카라즈,1268610221,2022,0,0.4778,1,0,FP
(주)카라즈,1268610221,2023,1,0.1184,1,1,TP
(주)디에프디인터내셔날,1268611370,2021,1,0.8931,1,1,TP
(주)경원에프엔비,1268613591,2021,0,0.0006,0,1,TN
(주)경원에프엔비,1268613591,2022,0,0.0007,0,1,TN
(주)경원에프엔비,1268613591,2023,0,0.002,0,1,TN
(주)경원에프엔비,1268613591,2024,0,0.0007,0,1,TN
주식회사에이맥스,1268635727,2021,0,0.0015,0,1,TN
주식회사에이맥스,1268635727,2022,0,0.4109,1,0,FP
주식회사에이맥스,1268635727,2023,0,0.6217,1,0,FP
주식회사에이맥스,1268635727,2024,0,0.0127,0,1,TN
(주)에프앤비,1268800085,2021,0,0.0018,0,1,TN
(주)에프앤비,1268800085,2022,0,0.0009,0,1,TN
(주)에프앤비,1268800085,2023,0,0.01,0,1,TN
(주)에프앤비,1268800085,2024,0,0.0075,0,1,TN
삼원화학주식회사,1278109343,2021,0,0.002,0,1,TN
삼원화학주식회사,1278109343,2022,0,0.0007,0,1,TN
삼원화학주식회사,1278109343,2023,0,0.001,0,1,TN
삼원화학주식회사,1278109343,2024,0,0.0004,0,1,TN
주식회사영신물산,1278113788,2021,0,0.0007,0,1,TN
주식회사영신물산,1278113788,2022,0,0.0005,0,1,TN
주식회사영신물산,1278113788,2023,0,0.0003,0,1,TN
주식회사영신물산,1278113788,2024,0,0.0003,0,1,TN
세계섬유주식회사,1278123684,2021,0,0.19,1,0,FP
세계섬유주식회사,1278123684,2022,0,0.2356,1,0,FP
세계섬유주식회사,1278123684,2023,1,0.1728,1,1,TP
(주)칼라랜드,1278125469,2021,0,0.0032,0,1,TN
(주)칼라랜드,1278125469,2022,0,0.4238,1,0,FP
(주)칼라랜드,1278125469,2023,0,0.0619,0,1,TN
(주)하도웨버스,1278145539,2021,0,0.0453,0,1,TN
(주)하도웨버스,1278145539,2022,0,0.676,1,0,FP
(주)하도웨버스,1278145539,2023,0,0.465,1,0,FP
(주)하도웨버스,1278145539,2024,1,0.0773,0,0,FN
(주)세림섬유,1278150541,2021,0,0.6612,1,0,FP
(주)세림섬유,1278150541,2022,0,0.6392,1,0,FP
(주)세림섬유,1278150541,2023,1,0.7932,1,1,TP
(주)실론,1278177287,2021,0,0.0011,0,1,TN
(주)실론,1278177287,2022,0,0.0003,0,1,TN
(주)실론,1278177287,2023,0,0.0005,0,1,TN
(주)실론,1278177287,2024,0,0.0004,0,1,TN
화이트산업주식회사,1278179077,2021,0,0.0055,0,1,TN
화이트산업주식회사,1278179077,2022,0,0.0043,0,1,TN
화이트산업주식회사,1278179077,2023,0,0.0045,0,1,TN
화이트산업주식회사,1278179077,2024,0,0.002,0,1,TN
(주)글로벌택슨,1278181739,2021,0,0.1638,1,0,FP
(주)글로벌택슨,1278181739,2022,0,0.5125,1,0,FP
주식회사조인어패럴,1278184338,2022,0,0.0016,0,1,TN
주식회사조인어패럴,1278184338,2023,0,0.0129,0,1,TN
주식회사조인어패럴,1278184338,2024,0,0.0622,0,1,TN
(주)영도트림아트,1278186734,2022,0,0.0127,0,1,TN
(주)영도트림아트,1278186734,2023,0,0.0156,0,1,TN
(주)영도트림아트,1278186734,2024,0,0.0094,0,1,TN
(주)정광아이엔씨,1278193588,2021,0,0.0002,0,1,TN
(주)정광아이엔씨,1278193588,2022,0,1e-04,0,1,TN
(주)정광아이엔씨,1278193588,2023,0,0.0289,0,1,TN
(주)정광아이엔씨,1278193588,2024,0,0.0005,0,1,TN
(주)공구우먼,1278601517,2021,0,1e-04,0,1,TN
(주)공구우먼,1278601517,2022,0,1e-04,0,1,TN
(주)공구우먼,1278601517,2023,0,0.0002,0,1,TN
(주)공구우먼,1278601517,2024,0,1e-04,0,1,TN
(주)마스터피스,1278604682,2021,0,0.0096,0,1,TN
(주)마스터피스,1278604682,2022,0,0.0013,0,1,TN
(주)마스터피스,1278604682,2023,0,0.0073,0,1,TN
(주)세광프로텍스,1278610087,2021,0,0.0031,0,1,TN
(주)세광프로텍스,1278610087,2022,0,0.2034,1,0,FP
(주)동보피엔티,1278618212,2021,0,0.2471,1,0,FP
(주)동보피엔티,1278618212,2022,1,0.2777,1,1,TP
(주)창우섬유,1278618639,2021,0,0.0064,0,1,TN
(주)창우섬유,1278618639,2022,0,0.0734,0,1,TN
(주)창우섬유,1278618639,2023,0,0.0221,0,1,TN
(주)창우섬유,1278618639,2024,0,0.0569,0,1,TN
주식회사성진나이스,1278628684,2021,0,0.0009,0,1,TN
주식회사성진나이스,1278628684,2022,0,0.0009,0,1,TN
주식회사성진나이스,1278628684,2023,0,0.0027,0,1,TN
주식회사성진나이스,1278628684,2024,0,0.0006,0,1,TN
주식회사쌍솔,1278636845,2021,0,0.0002,0,1,TN
주식회사쌍솔,1278636845,2022,0,0.0012,0,1,TN
주식회사쌍솔,1278636845,2023,0,0.0002,0,1,TN
주식회사쌍솔,1278636845,2024,0,0.0004,0,1,TN
주식회사대진텍스,1278642522,2021,0,0.0006,0,1,TN
주식회사대진텍스,1278642522,2022,0,0.0009,0,1,TN
주식회사대진텍스,1278642522,2023,0,0.0055,0,1,TN
주식회사대진텍스,1278642522,2024,0,0.0005,0,1,TN
주식회사대륙공업,1278644307,2021,0,0.0009,0,1,TN
주식회사대륙공업,1278644307,2022,0,0.0026,0,1,TN
주식회사대륙공업,1278644307,2023,0,0.0678,0,1,TN
주식회사대륙공업,1278644307,2024,0,0.028,0,1,TN
한울생약(주),1288110616,2021,0,0.0068,0,1,TN
한울생약(주),1288110616,2022,0,0.0439,0,1,TN
한울생약(주),1288110616,2023,0,0.0016,0,1,TN
한울생약(주),1288110616,2024,0,0.0011,0,1,TN
(주)이화유니폼,1288144697,2022,0,0.0011,0,1,TN
(주)이화유니폼,1288144697,2023,0,0.0051,0,1,TN
(주)이화유니폼,1288144697,2024,0,0.1482,1,0,FP
(주)알레르망,1288152988,2021,0,0.0011,0,1,TN
(주)알레르망,1288152988,2022,0,0.0015,0,1,TN
(주)알레르망,1288152988,2023,0,0.0004,0,1,TN
(주)알레르망,1288152988,2024,0,0.0023,0,1,TN
디와이물산(주),1288159884,2021,0,0.0057,0,1,TN
디와이물산(주),1288159884,2022,0,0.0386,0,1,TN
디와이물산(주),1288159884,2023,0,0.0836,0,1,TN
디와이물산(주),1288159884,2024,0,0.8058,1,0,FP
(주)지나송,1288188623,2021,0,0.1276,1,0,FP
(주)지나송,1288188623,2022,0,0.341,1,0,FP
(주)지나송,1288188623,2023,1,0.8388,1,1,TP
주식회사데코뷰,1288672072,2021,0,0.0008,0,1,TN
주식회사데코뷰,1288672072,2022,0,0.0048,0,1,TN
주식회사데코뷰,1288672072,2023,0,0.0828,0,1,TN
주식회사데코뷰,1288672072,2024,0,0.2028,1,0,FP
(주)더캐리,1288703548,2021,0,1e-04,0,1,TN
(주)더캐리,1288703548,2022,0,0.0004,0,1,TN
(주)더캐리,1288703548,2023,0,0.0005,0,1,TN
(주)더캐리,1288703548,2024,0,0.0011,0,1,TN
주식회사올리비에홀딩스,1288711922,2021,0,0.0006,0,1,TN
주식회사올리비에홀딩스,1288711922,2022,0,0.0006,0,1,TN
주식회사올리비에홀딩스,1288711922,2023,0,0.0002,0,1,TN
주식회사올리비에홀딩스,1288711922,2024,0,0.0044,0,1,TN
비전물산(주),1298107206,2021,0,0.0024,0,1,TN
비전물산(주),1298107206,2022,0,0.0002,0,1,TN
비전물산(주),1298107206,2023,0,0.0002,0,1,TN
비전물산(주),1298107206,2024,0,1e-04,0,1,TN
(주)목련,1298116739,2021,0,0.004,0,1,TN
(주)목련,1298116739,2022,0,0.002,0,1,TN
(주)목련,1298116739,2023,0,0.031,0,1,TN
(주)목련,1298116739,2024,0,0.0012,0,1,TN
(주)한국파크,1298119513,2021,0,0.0146,0,1,TN
(주)한국파크,1298119513,2022,0,0.3839,1,0,FP
(주)한국파크,1298119513,2023,0,0.0021,0,1,TN
(주)한국파크,1298119513,2024,0,0.0017,0,1,TN
(주)청림인터내셔날,1298126635,2021,0,0.1612,1,0,FP
(주)청림인터내셔날,1298126635,2022,0,0.1944,1,0,FP
(주)청림인터내셔날,1298126635,2023,0,0.1114,1,0,FP
(주)청림인터내셔날,1298126635,2024,0,0.0325,0,1,TN
(주)샘텍,1298138878,2021,0,0.0096,0,1,TN
(주)샘텍,1298138878,2022,0,0.0167,0,1,TN
(주)샘텍,1298138878,2023,0,0.043,0,1,TN
(주)샘텍,1298138878,2024,0,0.0096,0,1,TN
주식회사벤투스솔루션,1298186370,2021,0,0.0003,0,1,TN
주식회사벤투스솔루션,1298186370,2022,0,0.0016,0,1,TN
주식회사벤투스솔루션,1298186370,2023,0,0.0013,0,1,TN
주식회사카라한,1298194303,2021,0,0.0009,0,1,TN
주식회사카라한,1298194303,2024,0,0.0005,0,1,TN
(주)메이블,1298691922,2021,0,0.0017,0,1,TN
(주)메이블,1298691922,2022,0,0.0013,0,1,TN
(주)메이블,1298691922,2023,0,0.0009,0,1,TN
(주)메이블,1298691922,2024,0,0.0005,0,1,TN
영안모자주식회사,1308114217,2021,1,0.9398,1,1,TP
(주)이앤더블유(E&W),1308141067,2021,0,0.0015,0,1,TN
(주)이앤더블유(E&W),1308141067,2022,0,0.0048,0,1,TN
(주)이앤더블유(E&W),1308141067,2023,0,0.3018,1,0,FP
(주)이앤더블유(E&W),1308141067,2024,0,0.8368,1,0,FP
A.S.G인터내셔날(주),1308157517,2021,0,0.0021,0,1,TN
A.S.G인터내셔날(주),1308157517,2022,0,0.0011,0,1,TN
A.S.G인터내셔날(주),1308157517,2023,0,0.0002,0,1,TN
A.S.G인터내셔날(주),1308157517,2024,0,1e-04,0,1,TN
(주)월드컬렉션,1308618936,2021,0,0.1658,1,0,FP
(주)월드컬렉션,1308618936,2022,0,0.1576,1,0,FP
(주)월드컬렉션,1308618936,2023,1,0.5257,1,1,TP
주식회사워킷,1308677124,2021,0,0.0005,0,1,TN
주식회사워킷,1308677124,2022,0,0.0004,0,1,TN
주식회사워킷,1308677124,2023,0,0.0003,0,1,TN
주식회사워킷,1308677124,2024,0,0.0009,0,1,TN
(주)서울세미텍,1318159162,2021,0,0.0008,0,1,TN
(주)서울세미텍,1318159162,2022,0,0.0093,0,1,TN
(주)서울세미텍,1318159162,2023,0,0.0014,0,1,TN
(주)서울세미텍,1318159162,2024,0,0.0023,0,1,TN
(주)소래,1318176287,2022,0,0.0046,0,1,TN
(주)소래,1318176287,2023,0,0.0096,0,1,TN
(주)소래,1318176287,2024,0,0.2783,1,0,FP
(주)신성,1328108332,2021,0,0.002,0,1,TN
(주)신성,1328108332,2022,0,0.0004,0,1,TN
(주)신성,1328108332,2023,0,1e-04,0,1,TN
(주)신성,1328108332,2024,0,0.0008,0,1,TN
덕산엔터프라이즈(주),1328111540,2021,0,0.0012,0,1,TN
덕산엔터프라이즈(주),1328111540,2022,0,0.0006,0,1,TN
덕산엔터프라이즈(주),1328111540,2023,0,0.003,0,1,TN
덕산엔터프라이즈(주),1328111540,2024,0,0.0009,0,1,TN
(주)폭스코리아,1328164275,2021,0,0.0033,0,1,TN
(주)폭스코리아,1328164275,2022,0,0.0095,0,1,TN
(주)폭스코리아,1328164275,2023,0,0.0551,0,1,TN
(주)폭스코리아,1328164275,2024,0,0.0589,0,1,TN
(주)비에프엘,1328176543,2021,0,0.0263,0,1,TN
(주)비에프엘,1328176543,2022,0,0.4864,1,0,FP
(주)비에프엘,1328176543,2023,0,0.922,1,0,FP
(주)비에프엘,1328176543,2024,1,0.8808,1,1,TP
주식회사다오르,1328188466,2021,0,0.0004,0,1,TN
주식회사다오르,1328188466,2022,0,0.004,0,1,TN
주식회사다오르,1328188466,2023,0,1e-04,0,1,TN
주식회사다오르,1328188466,2024,0,0.0002,0,1,TN
주식회사넥시스코어,1328617286,2021,0,0.0036,0,1,TN
주식회사넥시스코어,1328617286,2022,0,0.0008,0,1,TN
주식회사넥시스코어,1328617286,2023,0,0.0485,0,1,TN
주식회사넥시스코어,1328617286,2024,0,0.0007,0,1,TN
주식회사국일텍스타일,1328618102,2021,0,0.0005,0,1,TN
주식회사국일텍스타일,1328618102,2022,0,0.0005,0,1,TN
주식회사국일텍스타일,1328618102,2023,0,0.0004,0,1,TN
주식회사국일텍스타일,1328618102,2024,0,0.0002,0,1,TN
주식회사위클리플랜,1328636662,2021,0,0.0003,0,1,TN
주식회사위클리플랜,1328636662,2022,0,0.0008,0,1,TN
주식회사위클리플랜,1328636662,2023,0,0.0012,0,1,TN
주식회사위클리플랜,1328636662,2024,0,0.0005,0,1,TN
(주)동일섬유,1338122467,2021,0,0.0078,0,1,TN
(주)동일섬유,1338122467,2022,0,0.004,0,1,TN
(주)동일섬유,1338122467,2023,0,0.0034,0,1,TN
(주)동일섬유,1338122467,2024,0,0.0025,0,1,TN
신한염직주식회사,1338123734,2022,0,0.0071,0,1,TN
신한염직주식회사,1338123734,2023,0,0.0029,0,1,TN
신한염직주식회사,1338123734,2024,0,0.0359,0,1,TN
(주)효창티앤티,1338126541,2021,0,0.007,0,1,TN
(주)효창티앤티,1338126541,2022,0,0.051,0,1,TN
(주)효창티앤티,1338126541,2023,0,0.0084,0,1,TN
(주)효창티앤티,1338126541,2024,0,0.0569,0,1,TN
동주텍스타일(주),1338131535,2021,1,0.9429,1,1,TP
(주)동인섬유,1338137960,2021,0,0.0035,0,1,TN
(주)동인섬유,1338137960,2022,0,0.7489,1,0,FP
(주)동인섬유,1338137960,2023,0,0.0384,0,1,TN
(주)동인섬유,1338137960,2024,1,0.7789,1,1,TP
신성염직주식회사,1348100753,2021,0,0.0553,0,1,TN
신성염직주식회사,1348100753,2022,0,0.0797,0,1,TN
신성염직주식회사,1348100753,2023,0,0.2958,1,0,FP
신성염직주식회사,1348100753,2024,0,0.25,1,0,FP
삼부봉제주식회사,1348104725,2022,0,0.0111,0,1,TN
삼부봉제주식회사,1348104725,2023,0,0.279,1,0,FP
삼부봉제주식회사,1348104725,2024,0,0.1357,1,0,FP
티피(주),1348105011,2021,0,0.3428,1,0,FP
티피(주),1348105011,2022,0,0.0019,0,1,TN
티피(주),1348105011,2023,0,0.0065,0,1,TN
티피(주),1348105011,2024,0,0.0016,0,1,TN
(주)유니원,1348105840,2021,0,0.5244,1,0,FP
(주)유니원,1348105840,2022,0,0.2621,1,0,FP
(주)유니원,1348105840,2023,1,0.8409,1,1,TP
영덕산업(주),1348106932,2021,0,0.0389,0,1,TN
영덕산업(주),1348106932,2022,0,0.5631,1,0,FP
영덕산업(주),1348106932,2023,0,0.5001,1,0,FP
영덕산업(주),1348106932,2024,1,0.4304,1,1,TP
(주)디에스아이씨,1348107775,2021,0,0.6149,1,0,FP
(주)디에스아이씨,1348107775,2022,1,0.6154,1,1,TP
원평산업(주),1348108094,2021,0,0.0193,0,1,TN
원평산업(주),1348108094,2023,0,0.1721,1,0,FP
원평산업(주),1348108094,2024,0,0.2249,1,0,FP
(주)신한산업,1348118613,2021,0,0.0008,0,1,TN
(주)신한산업,1348118613,2022,0,0.0003,0,1,TN
(주)신한산업,1348118613,2023,0,0.0007,0,1,TN
(주)신한산업,1348118613,2024,0,0.0004,0,1,TN
주식회사화남피혁,1348120079,2021,0,0.0006,0,1,TN
주식회사화남피혁,1348120079,2022,0,0.0005,0,1,TN
주식회사화남피혁,1348120079,2023,0,0.0014,0,1,TN
주식회사화남피혁,1348120079,2024,0,0.0004,0,1,TN
주식회사현대식모,1348122626,2021,0,0.0136,0,1,TN
주식회사현대식모,1348122626,2022,0,0.0016,0,1,TN
주식회사현대식모,1348122626,2023,0,0.0013,0,1,TN
주식회사현대식모,1348122626,2024,0,0.4945,1,0,FP
남양부직포(주),1348138905,2021,0,0.0013,0,1,TN
남양부직포(주),1348138905,2022,0,0.4741,1,0,FP
남양부직포(주),1348138905,2023,0,0.7584,1,0,FP
남양부직포(주),1348138905,2024,1,0.8669,1,1,TP
(주)해성아이다,1348142980,2021,0,0.0298,0,1,TN
(주)해성아이다,1348142980,2022,0,0.0108,0,1,TN
(주)해성아이다,1348142980,2023,0,0.4255,1,0,FP
(주)해성아이다,1348142980,2024,0,0.7896,1,0,FP
(주)에이치제이,1348157294,2021,0,0.0005,0,1,TN
(주)에이치제이,1348157294,2022,0,0.0011,0,1,TN
(주)에이치제이,1348157294,2023,0,0.0046,0,1,TN
(주)에이치제이,1348157294,2024,0,0.0004,0,1,TN
(주)영동텍스타일,1348158347,2021,0,0.0157,0,1,TN
(주)영동텍스타일,1348158347,2022,0,0.002,0,1,TN
(주)영동텍스타일,1348158347,2023,0,1e-04,0,1,TN
(주)영동텍스타일,1348158347,2024,0,0.0004,0,1,TN
동진이코노주식회사,1348166717,2021,0,0.0108,0,1,TN
동진이코노주식회사,1348166717,2022,0,0.0027,0,1,TN
동진이코노주식회사,1348166717,2023,0,0.0035,0,1,TN
동진이코노주식회사,1348166717,2024,0,0.0222,0,1,TN
씨와이씨,1348176286,2021,0,0.3111,1,0,FP
씨와이씨,1348176286,2022,0,0.311,1,0,FP
씨와이씨,1348176286,2023,0,0.1677,1,0,FP
씨와이씨,1348176286,2024,0,0.4474,1,0,FP
아진인터내셔널주식회사,1348705615,2021,0,0.0013,0,1,TN
아진인터내셔널주식회사,1348705615,2022,0,0.0348,0,1,TN
아진인터내셔널주식회사,1348705615,2023,0,0.0009,0,1,TN
아진인터내셔널주식회사,1348705615,2024,0,0.0011,0,1,TN
(주)에스엠텍스타일,1348707971,2021,1,0.9652,1,1,TP
서보실업주식회사,1358129938,2022,0,0.0009,0,1,TN
서보실업주식회사,1358129938,2023,0,0.0018,0,1,TN
서보실업주식회사,1358129938,2024,0,0.037,0,1,TN
(주)동인기연,1368107674,2021,0,0.0022,0,1,TN
(주)동인기연,1368107674,2022,0,0.0016,0,1,TN
(주)동인기연,1368107674,2023,0,0.0008,0,1,TN
(주)동인기연,1368107674,2024,0,0.0011,0,1,TN
한세예스24홀딩스(주),1378108720,2021,0,0.0053,0,1,TN
한세예스24홀딩스(주),1378108720,2022,0,0.0012,0,1,TN
한세예스24홀딩스(주),1378108720,2023,0,0.0014,0,1,TN
한세예스24홀딩스(주),1378108720,2024,0,0.0092,0,1,TN
케이투코리아(주),1378114921,2021,0,0.0007,0,1,TN
케이투코리아(주),1378114921,2022,0,0.0005,0,1,TN
케이투코리아(주),1378114921,2023,0,0.0005,0,1,TN
케이투코리아(주),1378114921,2024,0,0.0005,0,1,TN
한세실업(주),1378192214,2021,0,0.0011,0,1,TN
한세실업(주),1378192214,2022,0,0.0003,0,1,TN
한세실업(주),1378192214,2023,0,0.0005,0,1,TN
한세실업(주),1378192214,2024,0,0.0002,0,1,TN
(주)인터비젼,1378605669,2021,0,0.0004,0,1,TN
(주)인터비젼,1378605669,2022,0,0.0008,0,1,TN
(주)인터비젼,1378605669,2023,0,0.0232,0,1,TN
(주)인터비젼,1378605669,2024,0,0.3687,1,0,FP
주식회사메사캠프,1378644167,2022,0,0.002,0,1,TN
주식회사메사캠프,1378644167,2023,0,0.1784,1,0,FP
주식회사메사캠프,1378644167,2024,1,0.2563,1,1,TP
(주)시몬느,1388102603,2021,0,0.002,0,1,TN
(주)시몬느,1388102603,2022,0,0.0008,0,1,TN
(주)시몬느,1388102603,2023,0,0.0632,0,1,TN
(주)시몬느,1388102603,2024,0,0.115,1,0,FP
원전교역주식회사,1388105347,2021,0,0.0019,0,1,TN
원전교역주식회사,1388105347,2022,0,0.0002,0,1,TN
원전교역주식회사,1388105347,2023,0,1e-04,0,1,TN
원전교역주식회사,1388105347,2024,0,0.0005,0,1,TN
(주)에버그린,1388112402,2021,0,0.0009,0,1,TN
(주)에버그린,1388112402,2022,0,0.0021,0,1,TN
(주)에버그린,1388112402,2023,0,0.001,0,1,TN
(주)에버그린,1388112402,2024,0,0.0006,0,1,TN
주식회사씨앤에프,1388139769,2021,0,0.0006,0,1,TN
주식회사씨앤에프,1388139769,2022,0,0.0005,0,1,TN
주식회사씨앤에프,1388139769,2023,0,1e-04,0,1,TN
주식회사씨앤에프,1388139769,2024,0,0.0003,0,1,TN
(주)대고,1388157049,2021,0,0.0005,0,1,TN
(주)대고,1388157049,2022,0,0.0004,0,1,TN
(주)대고,1388157049,2023,0,0.0003,0,1,TN
(주)대고,1388157049,2024,0,0.0004,0,1,TN
신원휄트공업주식회사,1398117055,2021,0,0.0007,0,1,TN
신원휄트공업주식회사,1398117055,2022,0,0.0005,0,1,TN
신원휄트공업주식회사,1398117055,2023,0,0.0003,0,1,TN
신원휄트공업주식회사,1398117055,2024,0,0.0003,0,1,TN
성진섬유산업(주),1398139141,2021,0,0.0006,0,1,TN
성진섬유산업(주),1398139141,2022,0,0.0023,0,1,TN
성진섬유산업(주),1398139141,2023,0,0.2696,1,0,FP
성진섬유산업(주),1398139141,2024,0,0.7459,1,0,FP
주식회사대연,1408126175,2021,0,0.0094,0,1,TN
주식회사대연,1408126175,2022,0,0.0201,0,1,TN
주식회사대연,1408126175,2023,0,0.5126,1,0,FP
주식회사대연,1408126175,2024,0,0.011,0,1,TN
(주)창일텍스타일,1408130363,2021,0,0.0011,0,1,TN
(주)창일텍스타일,1408130363,2022,0,0.0007,0,1,TN
(주)창일텍스타일,1408130363,2023,0,0.0012,0,1,TN
(주)창일텍스타일,1408130363,2024,0,0.002,0,1,TN
주식회사지엔텍,1408132380,2021,0,0.0038,0,1,TN
주식회사지엔텍,1408132380,2022,0,0.0029,0,1,TN
주식회사지엔텍,1408132380,2023,0,0.0348,0,1,TN
주식회사지엔텍,1408132380,2024,0,0.0117,0,1,TN
주식회사누비지오,1428142808,2021,0,0.0057,0,1,TN
주식회사누비지오,1428142808,2022,0,0.1171,1,0,FP
주식회사누비지오,1428142808,2023,0,0.0508,0,1,TN
주식회사누비지오,1428142808,2024,0,0.0121,0,1,TN
주식회사제로텍,1438100136,2021,0,0.0926,0,1,TN
주식회사제로텍,1438100136,2022,0,0.3176,1,0,FP
주식회사제로텍,1438100136,2023,1,0.7566,1,1,TP
(주)선영엠아이피,1438103036,2021,0,0.0034,0,1,TN
(주)선영엠아이피,1438103036,2022,0,0.0997,0,1,TN
(주)선영엠아이피,1438103036,2023,0,0.0034,0,1,TN
(주)선영엠아이피,1438103036,2024,0,0.1275,1,0,FP
(주)이디엘,1438118766,2021,0,0.0033,0,1,TN
(주)이디엘,1438118766,2022,0,0.0265,0,1,TN
(주)이디엘,1438118766,2023,0,0.2946,1,0,FP
(주)이디엘,1438118766,2024,1,0.1234,1,1,TP
(주)에프앤에프,1538102451,2021,0,0.0006,0,1,TN
(주)에프앤에프,1538102451,2022,0,1e-04,0,1,TN
(주)에프앤에프,1538102451,2023,0,1e-04,0,1,TN
(주)에프앤에프,1538102451,2024,0,0.0002,0,1,TN
(주)이앤씨월드,1568801028,2021,0,0.5581,1,0,FP
(주)이앤씨월드,1568801028,2022,1,0.7217,1,1,TP
주식회사여주티앤씨,1768800232,2021,0,0.0021,0,1,TN
주식회사여주티앤씨,1768800232,2022,0,0.1737,1,0,FP
주식회사여주티앤씨,1768800232,2023,0,0.0284,0,1,TN
주식회사여주티앤씨,1768800232,2024,0,0.0213,0,1,TN
(주)꼬르망,1808102017,2021,0,0.0003,0,1,TN
(주)꼬르망,1808102017,2022,0,1e-04,0,1,TN
(주)꼬르망,1808102017,2023,0,0.0005,0,1,TN
(주)꼬르망,1808102017,2024,0,0.0072,0,1,TN
(주)비에이치이브자리,1838801239,2021,0,0.4023,1,0,FP
(주)비에이치이브자리,1838801239,2022,0,0.0097,0,1,TN
(주)비에이치이브자리,1838801239,2023,0,0.0234,0,1,TN
(주)비에이치이브자리,1838801239,2024,0,0.4198,1,0,FP
주식회사퍼플코퍼레이션,1848601806,2022,0,0.0005,0,1,TN
주식회사퍼플코퍼레이션,1848601806,2023,0,0.0003,0,1,TN
주식회사퍼플코퍼레이션,1848601806,2024,0,0.0185,0,1,TN
주식회사아크메드라비,1868101205,2021,0,0.0004,0,1,TN
주식회사아크메드라비,1868101205,2022,0,0.1197,1,0,FP
주식회사아크메드라비,1868101205,2023,0,0.0039,0,1,TN
주식회사아크메드라비,1868101205,2024,0,0.0334,0,1,TN
마스크로주식회사,1888101399,2021,0,0.2173,1,0,FP
마스크로주식회사,1888101399,2022,0,0.4678,1,0,FP
주식회사서이,1888701805,2021,0,0.0016,0,1,TN
주식회사서이,1888701805,2022,0,0.0004,0,1,TN
주식회사서이,1888701805,2023,0,0.0002,0,1,TN
주식회사서이,1888701805,2024,0,0.0012,0,1,TN
주식회사빠니깔레,1908700565,2021,0,0.0002,0,1,TN
주식회사빠니깔레,1908700565,2022,0,0.0052,0,1,TN
주식회사빠니깔레,1908700565,2023,0,0.0028,0,1,TN
주식회사빠니깔레,1908700565,2024,0,0.0019,0,1,TN
(주)파인드폼,1918100440,2021,0,0.0004,0,1,TN
(주)파인드폼,1918100440,2022,0,0.223,1,0,FP
(주)파인드폼,1918100440,2023,0,0.3067,1,0,FP
(주)파인드폼,1918100440,2024,1,0.3848,1,1,TP
주식회사베베데코,1958600559,2022,0,0.0006,0,1,TN
주식회사베베데코,1958600559,2023,0,0.0005,0,1,TN
주식회사베베데코,1958600559,2024,0,0.0004,0,1,TN
(주)엠케이에프엔씨,2018154791,2021,0,0.2294,1,0,FP
(주)엠케이에프엔씨,2018154791,2022,0,0.0048,0,1,TN
(주)엠케이에프엔씨,2018154791,2023,0,0.0005,0,1,TN
(주)엠케이에프엔씨,2018154791,2024,0,0.0039,0,1,TN
(주)제시앤코,2018171539,2021,0,0.0016,0,1,TN
(주)제시앤코,2018171539,2022,0,0.0012,0,1,TN
(주)제시앤코,2018171539,2023,0,0.0087,0,1,TN
(주)제시앤코,2018171539,2024,0,0.0092,0,1,TN
(주)캄미어패럴,2018179211,2021,0,0.0005,0,1,TN
(주)캄미어패럴,2018179211,2022,0,0.0005,0,1,TN
(주)캄미어패럴,2018179211,2023,0,0.0004,0,1,TN
(주)캄미어패럴,2018179211,2024,0,0.0006,0,1,TN
(주)이노팩코리아,2018187346,2021,0,0.0003,0,1,TN
(주)이노팩코리아,2018187346,2022,0,0.0003,0,1,TN
(주)이노팩코리아,2018187346,2023,0,0.0004,0,1,TN
(주)이노팩코리아,2018187346,2024,0,0.0003,0,1,TN
주식회사렙쇼메이,2018194022,2021,0,0.2638,1,0,FP
주식회사렙쇼메이,2018194022,2022,0,0.001,0,1,TN
주식회사렙쇼메이,2018194022,2023,0,0.0014,0,1,TN
주식회사렙쇼메이,2018194022,2024,0,0.3018,1,0,FP
(주)아이앤유앤아이,2018602357,2021,0,0.0005,0,1,TN
(주)아이앤유앤아이,2018602357,2022,0,0.0002,0,1,TN
(주)아이앤유앤아이,2018602357,2023,0,1e-04,0,1,TN
(주)아이앤유앤아이,2018602357,2024,0,0.0004,0,1,TN
주식회사엠제이앤엠,2018605562,2021,0,0.005,0,1,TN
주식회사엠제이앤엠,2018605562,2022,0,0.3462,1,0,FP
주식회사엠제이앤엠,2018605562,2023,0,0.0662,0,1,TN
주식회사엠제이앤엠,2018605562,2024,0,0.2111,1,0,FP
(주)바이와이제이,2018610124,2021,0,0.0038,0,1,TN
(주)바이와이제이,2018610124,2022,0,0.0004,0,1,TN
(주)바이와이제이,2018610124,2023,0,0.0002,0,1,TN
(주)바이와이제이,2018610124,2024,0,0.0022,0,1,TN
주식회사올위메이크이즈,2018623309,2021,0,0.003,0,1,TN
주식회사올위메이크이즈,2018623309,2022,0,0.0026,0,1,TN
주식회사올위메이크이즈,2018623309,2023,0,0.1733,1,0,FP
주식회사진성,2018629579,2021,0,0.2567,1,0,FP
주식회사진성,2018629579,2022,0,0.0677,0,1,TN
주식회사진성,2018629579,2023,0,0.4434,1,0,FP
주식회사진성,2018629579,2024,0,0.593,1,0,FP
(주)인디럭스,2018630552,2021,0,0.4613,1,0,FP
(주)인디럭스,2018630552,2022,1,0.7125,1,1,TP
(주)뉴키즈온,2018632899,2021,0,0.0006,0,1,TN
(주)뉴키즈온,2018632899,2022,0,0.0007,0,1,TN
(주)뉴키즈온,2018632899,2023,0,0.0006,0,1,TN
(주)뉴키즈온,2018632899,2024,0,0.0008,0,1,TN
주식회사팔칠엠엠,2018644304,2021,0,0.0004,0,1,TN
주식회사팔칠엠엠,2018644304,2022,0,0.1156,1,0,FP
주식회사풍국산업,2028101939,2021,0,0.0006,0,1,TN
주식회사풍국산업,2028101939,2022,0,0.0004,0,1,TN
주식회사풍국산업,2028101939,2023,0,1e-04,0,1,TN
주식회사풍국산업,2028101939,2024,0,1e-04,0,1,TN
상우무역주식회사,2028144957,2021,0,0.0386,0,1,TN
상우무역주식회사,2028144957,2022,0,0.0715,0,1,TN
상우무역주식회사,2028144957,2023,0,0.0005,0,1,TN
상우무역주식회사,2028144957,2024,0,0.1234,1,0,FP
(주)수인터내셔날,2038152616,2021,0,0.0428,0,1,TN
(주)수인터내셔날,2038152616,2022,0,0.0009,0,1,TN
(주)수인터내셔날,2038152616,2023,0,0.0007,0,1,TN
(주)수인터내셔날,2038152616,2024,0,0.0004,0,1,TN
(주)GBSTYLE,2048120382,2021,0,0.002,0,1,TN
(주)GBSTYLE,2048120382,2022,0,0.1061,1,0,FP
(주)GBSTYLE,2048120382,2023,0,0.0122,0,1,TN
(주)GBSTYLE,2048120382,2024,0,0.0108,0,1,TN
(주)인원어페럴,2048134571,2021,0,0.2209,1,0,FP
(주)인원어페럴,2048134571,2022,0,0.1373,1,0,FP
(주)인원어페럴,2048134571,2023,0,0.0377,0,1,TN
(주)인원어페럴,2048134571,2024,0,0.2065,1,0,FP
(주)한성에프아이,2048143390,2021,0,0.0014,0,1,TN
(주)한성에프아이,2048143390,2022,0,0.0024,0,1,TN
(주)한성에프아이,2048143390,2023,0,0.016,0,1,TN
(주)한성에프아이,2048143390,2024,0,0.4665,1,0,FP
(주)스포비스,2048152185,2021,1,0.9095,1,1,TP
(주)삼우엔터프라이즈,2048152680,2022,0,0.0057,0,1,TN
(주)삼우엔터프라이즈,2048152680,2023,0,0.0134,0,1,TN
(주)삼우엔터프라이즈,2048152680,2024,0,0.4448,1,0,FP
젯아이씨주식회사,2048160555,2021,0,0.0176,0,1,TN
젯아이씨주식회사,2048160555,2022,0,0.0101,0,1,TN
젯아이씨주식회사,2048160555,2023,0,0.0019,0,1,TN
젯아이씨주식회사,2048160555,2024,0,0.0133,0,1,TN
(주)유진글로벌,2048167543,2021,0,0.0018,0,1,TN
(주)유진글로벌,2048167543,2022,0,0.0055,0,1,TN
(주)유진글로벌,2048167543,2023,0,0.0855,0,1,TN
(주)유진글로벌,2048167543,2024,0,0.0005,0,1,TN
(주)지에스컴퍼니,2048182340,2021,0,0.0249,0,1,TN
(주)지에스컴퍼니,2048182340,2022,0,0.2735,1,0,FP
(주)지에스컴퍼니,2048182340,2023,0,0.1461,1,0,FP
(주)성진아이앤씨,2048187971,2021,0,0.0012,0,1,TN
(주)성진아이앤씨,2048187971,2022,0,1e-04,0,1,TN
(주)성진아이앤씨,2048187971,2023,0,0.0002,0,1,TN
(주)성진아이앤씨,2048187971,2024,0,1e-04,0,1,TN
주식회사영텍스인터내셔날,2048600678,2021,0,0.0054,0,1,TN
패숀팩토리주식회사,2048602244,2022,0,0.0004,0,1,TN
패숀팩토리주식회사,2048602244,2023,0,0.1669,1,0,FP
패숀팩토리주식회사,2048602244,2024,0,0.7649,1,0,FP
패션랜드,2048606861,2021,0,0.0025,0,1,TN
패션랜드,2048606861,2022,0,0.0049,0,1,TN
패션랜드,2048606861,2023,0,0.004,0,1,TN
패션랜드,2048606861,2024,0,0.0105,0,1,TN
"(주)에이치앤엠글로벌(H&MGlobalCo.,Ltd.)",2048616675,2021,0,0.2641,1,0,FP
(주)나무다움,2048618498,2021,0,0.0093,0,1,TN
(주)나무다움,2048618498,2022,0,0.0012,0,1,TN
(주)나무다움,2048618498,2023,0,0.0012,0,1,TN
(주)나무다움,2048618498,2024,0,0.0182,0,1,TN
비티지주식회사(BTGCorp.),2048618595,2021,1,0.9735,1,1,TP
주식회사헨,2048623797,2022,0,0.0036,0,1,TN
주식회사헨,2048623797,2023,0,0.1445,1,0,FP
주식회사헨,2048623797,2024,0,0.0232,0,1,TN
네파주식회사,2048634391,2021,0,0.057,0,1,TN
네파주식회사,2048634391,2022,0,0.0328,0,1,TN
네파주식회사,2048634391,2023,0,0.1403,1,0,FP
네파주식회사,2048634391,2024,0,0.5337,1,0,FP
(주)대한메디칼,2048634445,2021,0,0.0006,0,1,TN
(주)대한메디칼,2048634445,2022,0,0.0331,0,1,TN
(주)대한메디칼,2048634445,2023,0,0.0013,0,1,TN
(주)대한메디칼,2048634445,2024,0,0.0007,0,1,TN
톰어패럴,2048643584,2021,0,0.0092,0,1,TN
톰어패럴,2048643584,2022,0,0.7379,1,0,FP
톰어패럴,2048643584,2023,1,0.8459,1,1,TP
주식회사팬코,2058111362,2021,0,0.0123,0,1,TN
주식회사팬코,2058111362,2022,0,0.0046,0,1,TN
주식회사팬코,2058111362,2023,0,0.1504,1,0,FP
주식회사팬코,2058111362,2024,0,0.0549,0,1,TN
주식회사아이보리,2058121083,2021,1,0.94,1,1,TP
(주)제이씨물산,2058132805,2021,0,0.0011,0,1,TN
(주)제이씨물산,2058132805,2022,0,0.0058,0,1,TN
(주)제이씨물산,2058132805,2023,0,0.0416,0,1,TN
(주)제이씨물산,2058132805,2024,0,0.6531,1,0,FP
인경어패럴(주),2058133293,2021,0,0.0009,0,1,TN
인경어패럴(주),2058133293,2022,0,0.0004,0,1,TN
인경어패럴(주),2058133293,2023,0,1e-04,0,1,TN
인경어패럴(주),2058133293,2024,0,0.0667,0,1,TN
(주)두선태한텍스타일상사,2058134671,2021,0,0.006,0,1,TN
(주)두선태한텍스타일상사,2058134671,2022,0,0.2579,1,0,FP
(주)두선태한텍스타일상사,2058134671,2023,0,0.0014,0,1,TN
(주)두선태한텍스타일상사,2058134671,2024,0,0.0025,0,1,TN
(주)비경통상,2068114023,2021,0,0.0007,0,1,TN
(주)비경통상,2068114023,2022,0,0.0002,0,1,TN
(주)비경통상,2068114023,2023,0,0.0003,0,1,TN
(주)비경통상,2068114023,2024,0,0.0004,0,1,TN
(주)티에이무역,2068123745,2021,0,0.0016,0,1,TN
(주)티에이무역,2068123745,2022,0,0.0006,0,1,TN
(주)티에이무역,2068123745,2023,0,0.0003,0,1,TN
(주)티에이무역,2068123745,2024,0,0.0003,0,1,TN
주식회사레드페이스,2068152615,2021,0,0.0009,0,1,TN
주식회사레드페이스,2068152615,2022,0,0.0027,0,1,TN
주식회사레드페이스,2068152615,2023,0,0.0003,0,1,TN
주식회사레드페이스,2068152615,2024,0,0.0751,0,1,TN
(주)에스티오,2068179031,2021,0,0.0966,0,1,TN
(주)에스티오,2068179031,2022,0,0.0018,0,1,TN
(주)에스티오,2068179031,2023,0,0.0017,0,1,TN
(주)에스티오,2068179031,2024,0,0.2313,1,0,FP
주식회사송지오인터내셔널,2068183476,2021,0,0.009,0,1,TN
주식회사송지오인터내셔널,2068183476,2022,0,0.1433,1,0,FP
주식회사송지오인터내셔널,2068183476,2023,0,0.0052,0,1,TN
주식회사송지오인터내셔널,2068183476,2024,0,0.0006,0,1,TN
(주)우인에프씨씨,2068196516,2024,0,0.0077,0,1,TN
대원에프앤드씨(주),2068197140,2021,0,0.0004,0,1,TN
대원에프앤드씨(주),2068197140,2022,0,0.0143,0,1,TN
대원에프앤드씨(주),2068197140,2023,0,0.0892,0,1,TN
대원에프앤드씨(주),2068197140,2024,0,0.5332,1,0,FP
주식회사정우비나,2068197761,2021,0,0.055,0,1,TN
주식회사정우비나,2068197761,2022,0,0.002,0,1,TN
주식회사정우비나,2068197761,2023,0,0.0005,0,1,TN
주식회사정우비나,2068197761,2024,0,0.0005,0,1,TN
에프씨엔제이씨티코리아(주),2068199658,2021,1,0.8736,1,1,TP
(주)이엔와이콜렉션,2068604291,2021,0,0.0083,0,1,TN
(주)이엔와이콜렉션,2068604291,2022,0,0.0008,0,1,TN
(주)이엔와이콜렉션,2068604291,2023,0,0.0013,0,1,TN
(주)이엔와이콜렉션,2068604291,2024,0,0.0372,0,1,TN
에스알디자인컴퍼니(주),2068608375,2021,0,0.0014,0,1,TN
에스알디자인컴퍼니(주),2068608375,2022,0,0.6072,1,0,FP
에스알디자인컴퍼니(주),2068608375,2023,0,0.7801,1,0,FP
에스알디자인컴퍼니(주),2068608375,2024,1,0.58,1,1,TP
(주)동원앤피플,2068626280,2021,0,0.2681,1,0,FP
(주)동원앤피플,2068626280,2022,0,0.0416,0,1,TN
(주)동원앤피플,2068626280,2023,0,0.5204,1,0,FP
(주)동원앤피플,2068626280,2024,0,0.0027,0,1,TN
(주)내자인,2068628779,2021,0,0.0446,0,1,TN
(주)내자인,2068628779,2022,0,0.2255,1,0,FP
(주)내자인,2068628779,2023,0,0.7818,1,0,FP
(주)내자인,2068628779,2024,0,0.137,1,0,FP
(주)유비케이컴퍼니,2068636003,2021,0,0.0014,0,1,TN
(주)유비케이컴퍼니,2068636003,2022,0,0.0078,0,1,TN
(주)유비케이컴퍼니,2068636003,2023,0,0.0047,0,1,TN
(주)유비케이컴퍼니,2068636003,2024,0,0.5293,1,0,FP
주식회사지앤지엔터프라이즈,2068643751,2021,1,0.8564,1,1,TP
(주)아이앤제이그룹,2068643805,2021,0,0.276,1,0,FP
(주)아이앤제이그룹,2068643805,2022,0,0.0032,0,1,TN
(주)아이앤제이그룹,2068643805,2023,0,0.0214,0,1,TN
(주)아이앤제이그룹,2068643805,2024,0,0.0748,0,1,TN
(주)플라이쿱,2068667277,2022,0,0.0016,0,1,TN
(주)플라이쿱,2068667277,2023,0,0.0417,0,1,TN
(주)플라이쿱,2068667277,2024,0,0.0156,0,1,TN
(주)로드원콜렉션,2068668728,2021,0,0.4105,1,0,FP
(주)로드원콜렉션,2068668728,2022,1,0.1304,1,1,TP
주식회사케이투세이프티,2068684960,2021,0,0.0002,0,1,TN
주식회사케이투세이프티,2068684960,2022,0,0.0002,0,1,TN
주식회사케이투세이프티,2068684960,2023,0,0.0002,0,1,TN
주식회사케이투세이프티,2068684960,2024,0,0.0004,0,1,TN
주식회사아이더,2068686541,2021,0,0.0008,0,1,TN
주식회사아이더,2068686541,2022,0,0.0006,0,1,TN
주식회사아이더,2068686541,2023,0,0.0004,0,1,TN
주식회사아이더,2068686541,2024,0,0.0009,0,1,TN
(주)슈페리어,2078113463,2021,1,0.9339,1,1,TP
주식회사우인웨이브,2078125052,2021,0,0.0096,0,1,TN
주식회사우인웨이브,2078125052,2022,0,0.0269,0,1,TN
주식회사우인웨이브,2078125052,2023,0,0.2931,1,0,FP
주식회사우인웨이브,2078125052,2024,0,0.1054,1,0,FP
티피리빙주식회사,2078128350,2021,1,0.9677,1,1,TP
세양물산주식회사,2078146703,2021,0,0.0012,0,1,TN
세양물산주식회사,2078146703,2022,0,0.0055,0,1,TN
세양물산주식회사,2078146703,2023,0,0.0362,0,1,TN
세양물산주식회사,2078146703,2024,0,0.0086,0,1,TN
(주)퍼스트어패럴,2078151415,2021,0,0.0165,0,1,TN
(주)퍼스트어패럴,2078151415,2022,0,0.1706,1,0,FP
(주)퍼스트어패럴,2078151415,2023,0,0.0507,0,1,TN
(주)퍼스트어패럴,2078151415,2024,0,0.7624,1,0,FP
(주)에스제이피플,2078152087,2021,0,0.0002,0,1,TN
(주)에스제이피플,2078152087,2022,0,0.0003,0,1,TN
(주)에스제이피플,2078152087,2023,0,0.0002,0,1,TN
(주)에스제이피플,2078152087,2024,0,0.0002,0,1,TN
(주)크리스에프앤씨,2078152490,2021,0,0.0002,0,1,TN
(주)크리스에프앤씨,2078152490,2022,0,0.0003,0,1,TN
(주)크리스에프앤씨,2078152490,2023,0,0.0008,0,1,TN
(주)크리스에프앤씨,2078152490,2024,0,0.1161,1,0,FP
제일저지(주),2078153499,2021,0,0.5022,1,0,FP
제일저지(주),2078153499,2022,1,0.2069,1,1,TP
(주)풍신레포츠,2088115033,2021,0,1e-04,0,1,TN
(주)풍신레포츠,2088115033,2022,0,0.0002,0,1,TN
(주)풍신레포츠,2088115033,2023,0,0.0002,0,1,TN
(주)풍신레포츠,2088115033,2024,0,0.0003,0,1,TN
(주)선명어패럴,2088117614,2021,0,0.0896,0,1,TN
(주)코라인터내셔날,2088120254,2022,0,0.005,0,1,TN
(주)코라인터내셔날,2088120254,2023,0,0.224,1,0,FP
(주)코라인터내셔날,2088120254,2024,0,0.0872,0,1,TN
(주)원도어패럴,2098107744,2021,0,0.2288,1,0,FP
(주)원도어패럴,2098107744,2022,0,0.0021,0,1,TN
(주)원도어패럴,2098107744,2023,0,0.001,0,1,TN
(주)원도어패럴,2098107744,2024,0,0.0005,0,1,TN
학천기업(주),2098112117,2021,0,0.0043,0,1,TN
학천기업(주),2098112117,2022,0,0.0044,0,1,TN
학천기업(주),2098112117,2023,0,0.0015,0,1,TN
학천기업(주),2098112117,2024,0,0.0016,0,1,TN
(주)동경모드,2098117320,2021,0,0.0011,0,1,TN
(주)동경모드,2098117320,2022,0,0.3653,1,0,FP
(주)동경모드,2098117320,2023,0,0.7669,1,0,FP
동우모피주식회사,2098117669,2021,1,0.8884,1,1,TP
(주)야드인,2098143871,2021,0,0.0198,0,1,TN
(주)야드인,2098143871,2022,0,0.0346,0,1,TN
(주)야드인,2098143871,2023,0,0.0274,0,1,TN
(주)야드인,2098143871,2024,0,0.0602,0,1,TN
주식회사가경엘앤에프,2098151503,2024,0,0.0002,0,1,TN
주식회사한스갤러리,2098153684,2021,0,0.1842,1,0,FP
(주)더블유아이콘,2098159446,2021,0,0.0443,0,1,TN
(주)더블유아이콘,2098159446,2022,0,0.0145,0,1,TN
(주)더블유아이콘,2098159446,2023,0,0.0601,0,1,TN
(주)더블유아이콘,2098159446,2024,0,0.0498,0,1,TN
주식회사씨피에프엘씨리테일,2098159688,2021,0,0.0004,0,1,TN
주식회사씨피에프엘씨리테일,2098159688,2022,0,0.0007,0,1,TN
주식회사씨피에프엘씨리테일,2098159688,2023,0,0.0006,0,1,TN
주식회사씨피에프엘씨리테일,2098159688,2024,0,0.0023,0,1,TN
주식회사와이엠테크,2108149948,2021,0,0.0037,0,1,TN
주식회사와이엠테크,2108149948,2022,0,0.0002,0,1,TN
주식회사와이엠테크,2108149948,2023,0,0.0005,0,1,TN
주식회사와이엠테크,2108149948,2024,0,0.0011,0,1,TN
(주)대현,2118119302,2021,0,0.0006,0,1,TN
(주)대현,2118119302,2022,0,0.0004,0,1,TN
(주)대현,2118119302,2023,0,1e-04,0,1,TN
(주)대현,2118119302,2024,0,0.0005,0,1,TN
주식회사소다,2118121185,2021,0,0.0094,0,1,TN
주식회사소다,2118121185,2022,0,0.0049,0,1,TN
주식회사소다,2118121185,2023,0,0.0141,0,1,TN
주식회사소다,2118121185,2024,0,0.6165,1,0,FP
(주)아이디룩,2118139521,2021,0,0.0009,0,1,TN
(주)아이디룩,2118139521,2022,0,0.0005,0,1,TN
(주)아이디룩,2118139521,2023,0,0.0003,0,1,TN
(주)아이디룩,2118139521,2024,0,0.0013,0,1,TN
(주)비와이엔블랙야크,2118156627,2021,0,0.0519,0,1,TN
(주)비와이엔블랙야크,2118156627,2022,0,0.0092,0,1,TN
(주)비와이엔블랙야크,2118156627,2023,0,0.1684,1,0,FP
(주)비와이엔블랙야크,2118156627,2024,0,0.2447,1,0,FP
(주)엑스얼라이언스,2118163749,2021,0,0.0266,0,1,TN
(주)엑스얼라이언스,2118163749,2022,1,0.2542,1,1,TP
(주)에스디인터내셔날,2118167876,2021,1,0.9362,1,1,TP
(주)더코지네스트컴퍼니,2118183236,2021,0,0.0012,0,1,TN
(주)더코지네스트컴퍼니,2118183236,2022,0,0.329,1,0,FP
(주)더코지네스트컴퍼니,2118183236,2023,0,0.0586,0,1,TN
(주)더코지네스트컴퍼니,2118183236,2024,0,0.0573,0,1,TN
(주)디오원,2118190208,2021,0,0.0006,0,1,TN
(주)디오원,2118190208,2022,0,0.0003,0,1,TN
(주)디오원,2118190208,2023,0,0.0026,0,1,TN
(주)디오원,2118190208,2024,0,0.184,1,0,FP
자오무역(주),2118196084,2022,0,0.0016,0,1,TN
자오무역(주),2118196084,2023,0,0.1215,1,0,FP
(주)유니트라인터내쇼날,2118601113,2021,0,0.3742,1,0,FP
(주)유니트라인터내쇼날,2118601113,2022,0,0.0005,0,1,TN
(주)유니트라인터내쇼날,2118601113,2023,0,0.0008,0,1,TN
(주)유니트라인터내쇼날,2118601113,2024,0,0.0007,0,1,TN
(주)쏠리드,2118620541,2021,0,0.0017,0,1,TN
(주)쏠리드,2118620541,2022,0,0.0002,0,1,TN
(주)쏠리드,2118620541,2023,0,0.0002,0,1,TN
(주)쏠리드,2118620541,2024,0,0.0015,0,1,TN
(주)바바패션,2118630525,2021,0,0.0031,0,1,TN
(주)바바패션,2118630525,2022,0,0.0011,0,1,TN
(주)바바패션,2118630525,2023,0,0.0003,0,1,TN
(주)바바패션,2118630525,2024,0,0.0009,0,1,TN
(주)효림세울,2118641721,2021,0,0.0271,0,1,TN
(주)효림세울,2118641721,2022,0,0.0282,0,1,TN
(주)효림세울,2118641721,2023,0,0.1746,1,0,FP
(주)효림세울,2118641721,2024,0,0.0163,0,1,TN
(주)이현어패럴,2118651350,2021,0,0.004,0,1,TN
(주)제이씨패밀리,2118658580,2021,0,0.0008,0,1,TN
(주)제이씨패밀리,2118658580,2022,0,0.002,0,1,TN
(주)제이씨패밀리,2118658580,2023,0,0.0024,0,1,TN
(주)제이씨패밀리,2118658580,2024,0,0.2715,1,0,FP
(주)어필코리아,2118667774,2022,0,0.0017,0,1,TN
(주)어필코리아,2118667774,2023,0,0.001,0,1,TN
(주)어필코리아,2118667774,2024,0,0.0006,0,1,TN
부림광덕(주),2118677229,2021,0,0.4608,1,0,FP
부림광덕(주),2118677229,2022,0,0.0042,0,1,TN
부림광덕(주),2118677229,2023,0,0.0008,0,1,TN
부림광덕(주),2118677229,2024,0,0.0009,0,1,TN
(주)돈디코리아,2118680383,2022,0,0.0813,0,1,TN
(주)돈디코리아,2118680383,2023,0,0.657,1,0,FP
(주)돈디코리아,2118680383,2024,0,0.9107,1,0,FP
(주)우리인터텍스,2118687111,2021,0,0.005,0,1,TN
(주)우리인터텍스,2118687111,2022,0,0.1731,1,0,FP
(주)우리인터텍스,2118687111,2023,0,0.6406,1,0,FP
(주)우리인터텍스,2118687111,2024,1,0.6597,1,1,TP
(주)스노젠그린(SNOGENGREEN),2118745379,2021,0,0.005,0,1,TN
(주)스노젠그린(SNOGENGREEN),2118745379,2022,0,0.0013,0,1,TN
(주)스노젠그린(SNOGENGREEN),2118745379,2023,0,0.0055,0,1,TN
(주)스노젠그린(SNOGENGREEN),2118745379,2024,0,0.0029,0,1,TN
주식회사볼륨원,2118756497,2021,0,0.2426,1,0,FP
주식회사볼륨원,2118756497,2022,1,0.2485,1,1,TP
(주)위비스,2118760782,2021,0,0.3147,1,0,FP
(주)위비스,2118760782,2022,0,0.0011,0,1,TN
(주)위비스,2118760782,2023,0,0.0005,0,1,TN
(주)위비스,2118760782,2024,0,0.0024,0,1,TN
(주)엘에프,2118787724,2021,0,0.0014,0,1,TN
(주)엘에프,2118787724,2022,0,0.0005,0,1,TN
(주)엘에프,2118787724,2023,0,0.0005,0,1,TN
(주)엘에프,2118787724,2024,0,0.0009,0,1,TN
(주)에스제이그룹,2118810329,2021,0,0.0005,0,1,TN
(주)에스제이그룹,2118810329,2022,0,0.0004,0,1,TN
(주)에스제이그룹,2118810329,2023,0,0.0003,0,1,TN
(주)에스제이그룹,2118810329,2024,0,0.123,1,0,FP
(주)갤러리에이엠,2118819034,2021,0,0.2237,1,0,FP
(주)갤러리에이엠,2118819034,2022,0,0.0775,0,1,TN
(주)갤러리에이엠,2118819034,2023,0,0.0456,0,1,TN
(주)갤러리에이엠,2118819034,2024,0,0.1798,1,0,FP
주식회사알에프글로벌,2118829885,2022,0,0.007,0,1,TN
주식회사알에프글로벌,2118829885,2023,0,0.0005,0,1,TN
주식회사알에프글로벌,2118829885,2024,0,0.0023,0,1,TN
(주)두리가이노베이션,2118833507,2021,0,0.0689,0,1,TN
(주)두리가이노베이션,2118833507,2022,0,0.0498,0,1,TN
(주)두리가이노베이션,2118833507,2023,0,0.0076,0,1,TN
(주)두리가이노베이션,2118833507,2024,0,0.0472,0,1,TN
(주)지인터내셔날,2118872607,2021,0,0.0006,0,1,TN
(주)지인터내셔날,2118872607,2022,0,0.0002,0,1,TN
(주)지인터내셔날,2118872607,2023,0,1e-04,0,1,TN
(주)지인터내셔날,2118872607,2024,0,0.0005,0,1,TN
피앤지아이엔씨,2118874319,2021,0,0.0002,0,1,TN
피앤지아이엔씨,2118874319,2022,0,0.0002,0,1,TN
피앤지아이엔씨,2118874319,2023,0,1e-04,0,1,TN
피앤지아이엔씨,2118874319,2024,0,0.0003,0,1,TN
주식회사엠글로벌,2118874717,2021,0,0.0005,0,1,TN
주식회사엠글로벌,2118874717,2022,0,0.0004,0,1,TN
주식회사엠글로벌,2118874717,2023,0,0.0004,0,1,TN
주식회사엠글로벌,2118874717,2024,0,1e-04,0,1,TN
(주)엘리자베스,2118875128,2021,0,0.0028,0,1,TN
(주)엘리자베스,2118875128,2022,0,0.1446,1,0,FP
(주)엘리자베스,2118875128,2023,0,0.0034,0,1,TN
(주)엘리자베스,2118875128,2024,0,0.0042,0,1,TN
(주)미리내글로벌,2118884286,2022,0,0.0476,0,1,TN
(주)미리내글로벌,2118884286,2023,1,0.6796,1,1,TP
에디토컴퍼니주식회사,2118886417,2021,0,0.0004,0,1,TN
에디토컴퍼니주식회사,2118886417,2022,0,0.0004,0,1,TN
에디토컴퍼니주식회사,2118886417,2023,0,0.0003,0,1,TN
에디토컴퍼니주식회사,2118886417,2024,0,0.0007,0,1,TN
비에스투코리아(주),2118887599,2021,0,0.0004,0,1,TN
비에스투코리아(주),2118887599,2022,0,0.0002,0,1,TN
비에스투코리아(주),2118887599,2023,0,1e-04,0,1,TN
비에스투코리아(주),2118887599,2024,0,0.0004,0,1,TN
주식회사디자인메리지,2118893261,2021,0,0.0058,0,1,TN
주식회사디자인메리지,2118893261,2022,0,0.0091,0,1,TN
주식회사디자인메리지,2118893261,2023,0,0.0397,0,1,TN
주식회사디자인메리지,2118893261,2024,0,0.0798,0,1,TN
주식회사키스인터내셔날,2118894159,2021,0,0.0016,0,1,TN
주식회사키스인터내셔날,2118894159,2022,0,0.0691,0,1,TN
주식회사키스인터내셔날,2118894159,2023,0,0.3281,1,0,FP
주식회사키스인터내셔날,2118894159,2024,1,0.1432,1,1,TP
주식회사호성비엔티,2128146869,2021,0,0.0098,0,1,TN
주식회사호성비엔티,2128146869,2022,0,0.0062,0,1,TN
주식회사호성비엔티,2128146869,2023,0,0.0032,0,1,TN
주식회사호성비엔티,2128146869,2024,0,0.0007,0,1,TN
인디켐주식회사,2128157653,2021,0,0.1186,1,0,FP
인디켐주식회사,2128157653,2022,0,0.1689,1,0,FP
인디켐주식회사,2128157653,2023,0,0.477,1,0,FP
인디켐주식회사,2128157653,2024,0,0.3014,1,0,FP
주식회사전우,2128163188,2021,0,0.0005,0,1,TN
주식회사전우,2128163188,2022,0,0.3772,1,0,FP
주식회사전우,2128163188,2023,0,0.1511,1,0,FP
(주)세인투게더,2128179813,2021,0,0.0015,0,1,TN
(주)세인투게더,2128179813,2022,0,0.0005,0,1,TN
(주)세인투게더,2128179813,2023,0,0.0006,0,1,TN
(주)세인투게더,2128179813,2024,0,0.0012,0,1,TN
(주)안나인터네셔날,2128602468,2022,0,0.0008,0,1,TN
(주)안나인터네셔날,2128602468,2023,0,0.0007,0,1,TN
(주)안나인터네셔날,2128602468,2024,0,0.032,0,1,TN
주식회사교하,2138106948,2023,0,0.7568,1,0,FP
주식회사교하,2138106948,2024,1,0.7907,1,1,TP
주식회사퓨리텍,2138121425,2021,1,0.8392,1,1,TP
주식회사에프.지.에프,2148104230,2021,0,0.0005,0,1,TN
주식회사에프.지.에프,2148104230,2022,0,0.0231,0,1,TN
주식회사에프.지.에프,2148104230,2023,0,0.5926,1,0,FP
주식회사에프.지.에프,2148104230,2024,1,0.7214,1,1,TP
주식회사실버텍스,2148107348,2021,0,0.0017,0,1,TN
주식회사실버텍스,2148107348,2022,0,0.0601,0,1,TN
주식회사실버텍스,2148107348,2023,0,0.0006,0,1,TN
주식회사실버텍스,2148107348,2024,0,0.0006,0,1,TN
주식회사트라이베스트,2148123523,2021,0,0.0117,0,1,TN
(주)케이비앤텍스,2148159792,2021,1,0.9482,1,1,TP
호혜섬유주식회사,2148180747,2021,0,0.411,1,0,FP
호혜섬유주식회사,2148180747,2022,0,0.0446,0,1,TN
호혜섬유주식회사,2148180747,2023,0,0.0038,0,1,TN
호혜섬유주식회사,2148180747,2024,0,0.0022,0,1,TN
(주)시선인터내셔널,2148198102,2021,0,0.0019,0,1,TN
(주)시선인터내셔널,2148198102,2022,0,0.0007,0,1,TN
(주)시선인터내셔널,2148198102,2023,0,0.0002,0,1,TN
(주)시선인터내셔널,2148198102,2024,0,0.0009,0,1,TN
(주)세진에이스,2148606024,2021,0,0.0055,0,1,TN
(주)세진에이스,2148606024,2022,0,0.0118,0,1,TN
(주)세진에이스,2148606024,2023,0,0.3683,1,0,FP
(주)세진에이스,2148606024,2024,0,0.0053,0,1,TN
주)에스엠케이인터내셔날,2148608565,2021,0,0.0154,0,1,TN
주)에스엠케이인터내셔날,2148608565,2022,0,0.0041,0,1,TN
주)에스엠케이인터내셔날,2148608565,2023,0,0.0082,0,1,TN
주)에스엠케이인터내셔날,2148608565,2024,0,0.0023,0,1,TN
(주)포마트코퍼레이션,2148614669,2021,0,0.0014,0,1,TN
(주)포마트코퍼레이션,2148614669,2022,0,0.0005,0,1,TN
(주)포마트코퍼레이션,2148614669,2023,0,0.0015,0,1,TN
(주)포마트코퍼레이션,2148614669,2024,0,0.0004,0,1,TN
주식회사삼원무역,2148665362,2021,0,0.0098,0,1,TN
주식회사삼원무역,2148665362,2022,1,0.0197,0,0,FN
꼼드감므(주),2148755880,2022,0,0.0007,0,1,TN
꼼드감므(주),2148755880,2023,0,0.0006,0,1,TN
꼼드감므(주),2148755880,2024,0,1e-04,0,1,TN
(주)다음앤큐큐,2148766790,2021,0,0.0053,0,1,TN
(주)다음앤큐큐,2148766790,2022,0,0.0167,0,1,TN
(주)다음앤큐큐,2148766790,2023,0,0.0503,0,1,TN
(주)다음앤큐큐,2148766790,2024,0,0.5422,1,0,FP
(주)유니코글로벌아이앤씨,2148768973,2021,0,0.2102,1,0,FP
(주)유니코글로벌아이앤씨,2148768973,2022,0,0.0115,0,1,TN
(주)유니코글로벌아이앤씨,2148768973,2023,0,0.0039,0,1,TN
(주)유니코글로벌아이앤씨,2148768973,2024,0,0.3639,1,0,FP
에스에이치어패럴(주),2148824249,2021,0,0.0003,0,1,TN
에스에이치어패럴(주),2148824249,2022,0,0.0003,0,1,TN
에스에이치어패럴(주),2148824249,2023,0,1e-04,0,1,TN
에스에이치어패럴(주),2148824249,2024,0,0.0061,0,1,TN
(주)엠에스디엔엠,2148836478,2021,0,0.0134,0,1,TN
(주)엠에스디엔엠,2148836478,2022,1,0.0975,0,0,FN
주식회사슈올즈,2148869872,2022,0,0.0012,0,1,TN
주식회사슈올즈,2148869872,2023,0,0.0003,0,1,TN
주식회사슈올즈,2148869872,2024,0,0.002,0,1,TN
대흥엘앤케이(주),2148874040,2021,0,0.0167,0,1,TN
대흥엘앤케이(주),2148874040,2022,0,0.0154,0,1,TN
대흥엘앤케이(주),2148874040,2023,0,0.7403,1,0,FP
대흥엘앤케이(주),2148874040,2024,0,0.8199,1,0,FP
주식회사약진통상,2158117359,2021,0,0.0017,0,1,TN
주식회사약진통상,2158117359,2022,0,0.0002,0,1,TN
주식회사약진통상,2158117359,2023,0,1e-04,0,1,TN
주식회사약진통상,2158117359,2024,0,0.0003,0,1,TN
(주)스피어상사,2158180930,2021,0,0.0002,0,1,TN
(주)스피어상사,2158180930,2022,0,0.0003,0,1,TN
(주)스피어상사,2158180930,2023,0,1e-04,0,1,TN
(주)스피어상사,2158180930,2024,0,0.0005,0,1,TN
디앤제이트레이딩(주),2158192606,2021,0,0.0199,0,1,TN
디앤제이트레이딩(주),2158192606,2022,0,0.0034,0,1,TN
디앤제이트레이딩(주),2158192606,2023,0,0.0031,0,1,TN
디앤제이트레이딩(주),2158192606,2024,0,0.0002,0,1,TN
주식회사유닉유니온,2158677032,2022,0,0.001,0,1,TN
주식회사유닉유니온,2158677032,2023,0,0.0004,0,1,TN
주식회사유닉유니온,2158677032,2024,0,0.0002,0,1,TN
(주)소울기어,2158680328,2022,0,0.0002,0,1,TN
(주)소울기어,2158680328,2023,0,0.0004,0,1,TN
(주)소울기어,2158680328,2024,0,0.0009,0,1,TN
주식회사폴메이드,2158730183,2021,0,0.1549,1,0,FP
주식회사폴메이드,2158730183,2022,0,0.0968,0,1,TN
주식회사폴메이드,2158730183,2023,1,0.3026,1,1,TP
웰킵스홀딩스(주),2158745158,2021,0,0.0004,0,1,TN
웰킵스홀딩스(주),2158745158,2022,0,0.0005,0,1,TN
웰킵스홀딩스(주),2158745158,2023,0,0.0238,0,1,TN
웰킵스홀딩스(주),2158745158,2024,0,0.0849,0,1,TN
주식회사다움코퍼레이션,2168114919,2021,1,0.9491,1,1,TP
주식회사원우닛트,2178103486,2021,0,0.0216,0,1,TN
주식회사원우닛트,2178103486,2022,0,0.427,1,0,FP
주식회사원우닛트,2178103486,2023,0,0.5278,1,0,FP
주식회사원우닛트,2178103486,2024,0,0.5751,1,0,FP
(주)한경물산,2178114213,2021,0,0.0025,0,1,TN
(주)한경물산,2178114213,2022,0,0.004,0,1,TN
(주)한경물산,2178114213,2023,0,0.0123,0,1,TN
(주)한경물산,2178114213,2024,0,0.0026,0,1,TN
주식회사두두에프앤엘,2178150524,2021,0,0.0018,0,1,TN
주식회사두두에프앤엘,2178150524,2022,0,0.0007,0,1,TN
주식회사두두에프앤엘,2178150524,2023,0,0.0011,0,1,TN
주식회사두두에프앤엘,2178150524,2024,0,0.0006,0,1,TN
한서실업주식회사,2188102501,2021,0,0.4776,1,0,FP
한서실업주식회사,2188102501,2022,0,0.4472,1,0,FP
한서실업주식회사,2188102501,2023,0,0.0281,0,1,TN
한서실업주식회사,2188102501,2024,0,0.0025,0,1,TN
풍국기업(주),2188102909,2021,0,0.0017,0,1,TN
풍국기업(주),2188102909,2022,0,0.0018,0,1,TN
풍국기업(주),2188102909,2023,0,0.0005,0,1,TN
풍국기업(주),2188102909,2024,0,0.0006,0,1,TN
(주)씨인터내셔널,2188107369,2021,1,0.9575,1,1,TP
(주)아방,2188110812,2021,0,0.3529,1,0,FP
(주)아방,2188110812,2022,0,0.0144,0,1,TN
(주)아방,2188110812,2023,0,0.0314,0,1,TN
(주)아방,2188110812,2024,0,0.0749,0,1,TN
(주)신라인코리아,2188121018,2021,0,0.0003,0,1,TN
(주)신라인코리아,2188121018,2022,0,0.0004,0,1,TN
(주)신라인코리아,2188121018,2023,0,0.0002,0,1,TN
(주)신라인코리아,2188121018,2024,0,0.0003,0,1,TN
(주)제이에스코퍼레이션,2198103482,2021,0,0.0029,0,1,TN
(주)제이에스코퍼레이션,2198103482,2022,0,0.0006,0,1,TN
(주)제이에스코퍼레이션,2198103482,2023,0,0.0004,0,1,TN
(주)제이에스코퍼레이션,2198103482,2024,0,0.001,0,1,TN
(주)아림인터텍스,2198104079,2021,0,0.0012,0,1,TN
(주)아림인터텍스,2198104079,2022,0,0.0034,0,1,TN
(주)아림인터텍스,2198104079,2023,0,0.3483,1,0,FP
(주)아림인터텍스,2198104079,2024,0,0.8096,1,0,FP
주식회사선용어패럴,2198111513,2021,0,0.7231,1,0,FP
주식회사선용어패럴,2198111513,2022,0,0.8117,1,0,FP
주식회사선용어패럴,2198111513,2023,1,0.6074,1,1,TP
(주)경승,2198115334,2021,0,0.0005,0,1,TN
(주)경승,2198115334,2022,0,0.0002,0,1,TN
(주)경승,2198115334,2023,0,0.0003,0,1,TN
(주)경승,2198115334,2024,0,1e-04,0,1,TN
세신홀딩스주식회사,2208101261,2022,0,0.0017,0,1,TN
세신홀딩스주식회사,2208101261,2023,0,0.1157,1,0,FP
세신홀딩스주식회사,2208101261,2024,0,0.0043,0,1,TN
모락스트레이딩(주),2208116162,2021,0,0.0021,0,1,TN
모락스트레이딩(주),2208116162,2022,0,0.0007,0,1,TN
모락스트레이딩(주),2208116162,2023,0,0.0007,0,1,TN
모락스트레이딩(주),2208116162,2024,0,0.1386,1,0,FP
서양무역주식회사,2208124809,2021,0,0.0027,0,1,TN
서양무역주식회사,2208124809,2022,0,0.0027,0,1,TN
서양무역주식회사,2208124809,2023,0,0.0139,0,1,TN
서양무역주식회사,2208124809,2024,0,0.5248,1,0,FP
앨트웰주식회사,2208128839,2021,0,0.0294,0,1,TN
앨트웰주식회사,2208128839,2022,0,0.1093,1,0,FP
앨트웰주식회사,2208128839,2023,0,0.0523,0,1,TN
앨트웰주식회사,2208128839,2024,0,0.1066,1,0,FP
에스와이티에스(주),2208130276,2021,0,1e-04,0,1,TN
에스와이티에스(주),2208130276,2022,0,0.0003,0,1,TN
에스와이티에스(주),2208130276,2023,0,0.0006,0,1,TN
에스와이티에스(주),2208130276,2024,0,0.0002,0,1,TN
(주)금담,2208132288,2021,0,0.0005,0,1,TN
(주)금담,2208132288,2022,0,0.0004,0,1,TN
(주)금담,2208132288,2023,0,0.0006,0,1,TN
(주)금담,2208132288,2024,0,0.0009,0,1,TN
(주)서륭인터내셔날,2208142262,2021,0,0.1889,1,0,FP
(주)서륭인터내셔날,2208142262,2022,0,0.0661,0,1,TN
(주)서륭인터내셔날,2208142262,2023,0,0.951,1,0,FP
(주)서륭인터내셔날,2208142262,2024,0,0.5986,1,0,FP
(주)유니아텍스,2208143728,2021,0,0.0091,0,1,TN
(주)유니아텍스,2208143728,2022,0,0.0047,0,1,TN
(주)유니아텍스,2208143728,2023,0,0.0005,0,1,TN
(주)유니아텍스,2208143728,2024,0,0.0101,0,1,TN
씨싸이트(주),2208159201,2021,0,0.0002,0,1,TN
씨싸이트(주),2208159201,2022,0,0.0006,0,1,TN
씨싸이트(주),2208159201,2023,0,0.1123,1,0,FP
씨싸이트(주),2208159201,2024,0,0.5036,1,0,FP
(주)라크인더스트리,2208172086,2021,0,0.0147,0,1,TN
(주)라크인더스트리,2208172086,2022,0,0.7013,1,0,FP
(주)라크인더스트리,2208172086,2023,0,0.7965,1,0,FP
(주)라크인더스트리,2208172086,2024,1,0.7804,1,1,TP
거우인터내셔날,2208174181,2022,0,0.0003,0,1,TN
거우인터내셔날,2208174181,2023,0,0.0002,0,1,TN
거우인터내셔날,2208174181,2024,0,0.0003,0,1,TN
(주)마로상사,2208618923,2021,0,0.0006,0,1,TN
(주)마로상사,2208618923,2022,0,0.0013,0,1,TN
(주)마로상사,2208618923,2023,0,0.0007,0,1,TN
케이텍서비스(주),2208660284,2021,0,0.0003,0,1,TN
케이텍서비스(주),2208660284,2022,0,0.0003,0,1,TN
케이텍서비스(주),2208660284,2023,0,1e-04,0,1,TN
케이텍서비스(주),2208660284,2024,0,0.0002,0,1,TN
(주)호안,2208687769,2021,0,0.0512,0,1,TN
(주)호안,2208687769,2022,0,0.0199,0,1,TN
(주)호안,2208687769,2023,0,0.5086,1,0,FP
(주)호안,2208687769,2024,0,0.0781,0,1,TN
(주)류콘,2208688244,2021,0,0.0032,0,1,TN
(주)류콘,2208688244,2022,0,0.0013,0,1,TN
(주)류콘,2208688244,2023,0,0.0002,0,1,TN
(주)류콘,2208688244,2024,0,0.498,1,0,FP
주식회사트라이본즈,2208760976,2021,0,0.0005,0,1,TN
주식회사트라이본즈,2208760976,2022,0,0.0005,0,1,TN
주식회사트라이본즈,2208760976,2023,0,0.0492,0,1,TN
주식회사트라이본즈,2208760976,2024,0,0.2795,1,0,FP
(주)더퍼스트터치,2208795742,2021,0,0.003,0,1,TN
(주)더퍼스트터치,2208795742,2022,0,0.0014,0,1,TN
(주)더퍼스트터치,2208795742,2023,0,0.3133,1,0,FP
(주)더퍼스트터치,2208795742,2024,0,0.1466,1,0,FP
삼일솔루션(주),2208804461,2021,0,0.0008,0,1,TN
삼일솔루션(주),2208804461,2022,0,0.0002,0,1,TN
삼일솔루션(주),2208804461,2023,0,1e-04,0,1,TN
삼일솔루션(주),2208804461,2024,0,0.0003,0,1,TN
주식회사스타콜라보,2208804914,2021,0,0.4246,1,0,FP
주식회사스타콜라보,2208804914,2022,0,0.8245,1,0,FP
주식회사스타콜라보,2208804914,2023,1,0.7117,1,1,TP
(주)씨엔티,2208861593,2021,0,0.0098,0,1,TN
(주)씨엔티,2208861593,2022,0,0.0511,0,1,TN
(주)케이엠,2258101359,2021,0,0.0021,0,1,TN
(주)케이엠,2258101359,2022,0,0.0018,0,1,TN
(주)케이엠,2258101359,2023,0,0.3812,1,0,FP
(주)케이엠,2258101359,2024,0,0.5395,1,0,FP
주식회사뱅뱅어패럴,2298119147,2021,0,0.0022,0,1,TN
주식회사뱅뱅어패럴,2298119147,2022,0,0.0052,0,1,TN
주식회사뱅뱅어패럴,2298119147,2023,0,0.0672,0,1,TN
주식회사뱅뱅어패럴,2298119147,2024,0,0.0223,0,1,TN
한솔섬유(주),2298122583,2021,0,0.0019,0,1,TN
한솔섬유(주),2298122583,2022,0,0.0007,0,1,TN
한솔섬유(주),2298122583,2023,0,0.0007,0,1,TN
한솔섬유(주),2298122583,2024,0,0.0006,0,1,TN
(주)트리큐인터내셔널,2298135623,2021,0,0.0767,0,1,TN
(주)트리큐인터내셔널,2298135623,2022,0,0.0012,0,1,TN
(주)트리큐인터내셔널,2298135623,2023,0,0.0147,0,1,TN
(주)트리큐인터내셔널,2298135623,2024,0,0.0272,0,1,TN
주식회사대원,2318105985,2021,0,0.0674,0,1,TN
주식회사대원,2318105985,2022,0,0.5713,1,0,FP
주식회사대원,2318105985,2023,0,0.9157,1,0,FP
(주)에프지엘인터내셔날,2338102591,2021,0,0.0016,0,1,TN
(주)에프지엘인터내셔날,2338102591,2022,0,0.0018,0,1,TN
(주)에프지엘인터내셔날,2338102591,2023,0,0.0024,0,1,TN
(주)에프지엘인터내셔날,2338102591,2024,0,0.4988,1,0,FP
주식회사리코블라인드,2338102698,2021,0,0.2888,1,0,FP
주식회사리코블라인드,2338102698,2022,0,0.0575,0,1,TN
주식회사리코블라인드,2338102698,2023,0,0.0022,0,1,TN
주식회사리코블라인드,2338102698,2024,0,0.0132,0,1,TN
세아상역(주),2388700192,2021,0,0.0007,0,1,TN
세아상역(주),2388700192,2022,0,0.0002,0,1,TN
세아상역(주),2388700192,2023,0,0.0011,0,1,TN
세아상역(주),2388700192,2024,0,0.0012,0,1,TN
(주)굿트러스트,2418800104,2021,0,0.0008,0,1,TN
(주)굿트러스트,2418800104,2022,0,0.0002,0,1,TN
(주)굿트러스트,2418800104,2023,0,1e-04,0,1,TN
(주)굿트러스트,2418800104,2024,0,1e-04,0,1,TN
(주)이공,2488802419,2022,0,0.005,0,1,TN
(주)이공,2488802419,2023,0,0.124,1,0,FP
(주)이공,2488802419,2024,0,0.0159,0,1,TN
(주)레이어,2618101530,2021,0,0.0042,0,1,TN
(주)레이어,2618101530,2022,0,0.0015,0,1,TN
(주)레이어,2618101530,2023,0,1e-04,0,1,TN
(주)레이어,2618101530,2024,0,0.0003,0,1,TN
주식회사비케이브,2618117293,2021,0,0.0003,0,1,TN
주식회사비케이브,2618117293,2022,0,0.0003,0,1,TN
주식회사비케이브,2618117293,2023,0,1e-04,0,1,TN
주식회사비케이브,2618117293,2024,0,0.0004,0,1,TN
스튜어트주식회사,2618122724,2021,0,0.0011,0,1,TN
스튜어트주식회사,2618122724,2022,0,0.0015,0,1,TN
스튜어트주식회사,2618122724,2023,0,0.2419,1,0,FP
스튜어트주식회사,2618122724,2024,0,0.5349,1,0,FP
(주)공,2618125508,2022,0,0.0056,0,1,TN
(주)공,2618125508,2023,0,0.6577,1,0,FP
(주)공,2618125508,2024,0,0.2935,1,0,FP
주식회사에프씨지코리아,2618700305,2021,0,0.0005,0,1,TN
주식회사에프씨지코리아,2618700305,2022,0,0.0003,0,1,TN
주식회사에프씨지코리아,2618700305,2023,0,0.0639,0,1,TN
주식회사에프씨지코리아,2618700305,2024,0,0.5268,1,0,FP
(주)더블유케이에스글로벌,2648101766,2021,0,0.415,1,0,FP
(주)제이드뉴플러스,2648103046,2021,0,0.0775,0,1,TN
(주)제이드뉴플러스,2648103046,2022,0,0.0128,0,1,TN
(주)제이드뉴플러스,2648103046,2023,0,0.1072,1,0,FP
주식회사더퍼스트모드,2648112905,2022,0,0.0096,0,1,TN
주식회사더퍼스트모드,2648112905,2023,0,0.1045,1,0,FP
주식회사더퍼스트모드,2648112905,2024,1,0.5076,1,1,TP
주식회사화승크라운,2848101270,2021,0,0.0012,0,1,TN
주식회사화승크라운,2848101270,2022,0,0.0008,0,1,TN
주식회사화승크라운,2848101270,2023,0,0.001,0,1,TN
주식회사화승크라운,2848101270,2024,0,0.0037,0,1,TN
주식회사아이다인터내셔널,2988801211,2021,0,0.0139,0,1,TN
주식회사아이다인터내셔널,2988801211,2022,0,0.2856,1,0,FP
주식회사아이다인터내셔널,2988801211,2023,0,0.4878,1,0,FP
주식회사아이다인터내셔널,2988801211,2024,1,0.3729,1,1,TP
주식회사진명에이엘씨,3018166753,2021,0,0.0004,0,1,TN
주식회사진명에이엘씨,3018166753,2022,0,0.3556,1,0,FP
주식회사진명에이엘씨,3018166753,2023,0,1e-04,0,1,TN
주식회사진명에이엘씨,3018166753,2024,0,0.0002,0,1,TN
모트렉스에이디엠주식회사,3018189168,2021,0,0.0004,0,1,TN
모트렉스에이디엠주식회사,3018189168,2022,0,0.0003,0,1,TN
모트렉스에이디엠주식회사,3018189168,2023,0,0.0004,0,1,TN
모트렉스에이디엠주식회사,3018189168,2024,0,0.0005,0,1,TN
(주)제이에스텍스타일,3028127170,2021,0,0.0333,0,1,TN
주식회사타이가,3038108517,2021,0,0.4665,1,0,FP
주식회사타이가,3038108517,2022,0,0.1318,1,0,FP
주식회사타이가,3038108517,2023,0,0.0894,0,1,TN
주식회사타이가,3038108517,2024,0,0.0756,0,1,TN
알바니인터내셔날코리아(주),3038114829,2021,0,0.0017,0,1,TN
알바니인터내셔날코리아(주),3038114829,2022,0,0.0008,0,1,TN
알바니인터내셔날코리아(주),3038114829,2023,0,0.0006,0,1,TN
알바니인터내셔날코리아(주),3038114829,2024,0,0.0972,0,1,TN
(주)득영,3038114872,2021,0,0.0013,0,1,TN
(주)득영,3038114872,2022,0,0.0006,0,1,TN
(주)득영,3038114872,2023,0,0.0006,0,1,TN
(주)득영,3038114872,2024,0,0.0003,0,1,TN
(주)윈플러스,3038163505,2021,0,0.012,0,1,TN
(주)윈플러스,3038163505,2022,0,0.0169,0,1,TN
(주)윈플러스,3038163505,2023,0,0.0942,0,1,TN
(주)윈플러스,3038163505,2024,0,0.4304,1,0,FP
주식회사케이엠에스,3058189350,2021,0,0.0021,0,1,TN
주식회사케이엠에스,3058189350,2022,0,0.0006,0,1,TN
주식회사케이엠에스,3058189350,2023,0,1e-04,0,1,TN
주식회사케이엠에스,3058189350,2024,0,0.0003,0,1,TN
화일실업(주),3078121190,2021,0,0.0042,0,1,TN
화일실업(주),3078121190,2022,0,0.0005,0,1,TN
화일실업(주),3078121190,2023,0,0.025,0,1,TN
화일실업(주),3078121190,2024,0,0.0017,0,1,TN
행복모아주식회사,3078700542,2021,0,0.3378,1,0,FP
행복모아주식회사,3078700542,2022,0,0.0005,0,1,TN
행복모아주식회사,3078700542,2023,0,0.0005,0,1,TN
행복모아주식회사,3078700542,2024,0,0.0005,0,1,TN
주식회사대일섬유,3088102731,2021,0,0.1456,1,0,FP
한우리산업주식회사,3088109715,2021,0,0.0011,0,1,TN
한우리산업주식회사,3088109715,2022,0,0.0035,0,1,TN
한우리산업주식회사,3088109715,2023,0,0.0005,0,1,TN
한우리산업주식회사,3088109715,2024,0,0.001,0,1,TN
서산교통주식회사,3108100828,2021,1,0.9386,1,1,TP
주식회사하코,3108110817,2021,0,0.4527,1,0,FP
주식회사하코,3108110817,2022,1,0.4478,1,1,TP
(주)신세대,3128125145,2021,0,0.0432,0,1,TN
(주)신세대,3128125145,2022,0,0.2102,1,0,FP
(주)신세대,3128125145,2023,0,0.0411,0,1,TN
(주)신세대,3128125145,2024,0,0.0883,0,1,TN
칠성섬유(주),3128137035,2021,0,0.0321,0,1,TN
칠성섬유(주),3128137035,2022,0,0.0597,0,1,TN
칠성섬유(주),3128137035,2023,0,0.0343,0,1,TN
칠성섬유(주),3128137035,2024,0,0.7517,1,0,FP
에스엠코퍼레이션주식회사,3128613606,2022,0,0.0003,0,1,TN
에스엠코퍼레이션주식회사,3128613606,2023,0,0.0004,0,1,TN
에스엠코퍼레이션주식회사,3128613606,2024,0,0.0089,0,1,TN
주식회사프레콘,3128663936,2022,0,0.0031,0,1,TN
주식회사프레콘,3128663936,2023,0,0.0006,0,1,TN
주식회사프레콘,3128663936,2024,0,0.0006,0,1,TN
위텍코퍼레이션(주),3148627649,2021,0,0.2201,1,0,FP
위텍코퍼레이션(주),3148627649,2022,0,0.2836,1,0,FP
위텍코퍼레이션(주),3148627649,2023,1,0.4943,1,1,TP
주식회사레스텍,3148636809,2021,0,0.0113,0,1,TN
주식회사레스텍,3148636809,2022,0,0.2345,1,0,FP
주식회사레스텍,3148636809,2023,1,0.431,1,1,TP
조광피혁(주),3158107132,2021,0,0.0006,0,1,TN
조광피혁(주),3158107132,2022,0,0.0497,0,1,TN
조광피혁(주),3158107132,2023,0,0.0011,0,1,TN
조광피혁(주),3158107132,2024,0,0.0017,0,1,TN
(주)알비이엔씨,3248600308,2021,0,0.0006,0,1,TN
(주)알비이엔씨,3248600308,2022,0,0.3207,1,0,FP
(주)알비이엔씨,3248600308,2023,0,0.094,0,1,TN
(주)선진이앤지,3358601762,2021,0,0.001,0,1,TN
(주)선진이앤지,3358601762,2022,0,0.4269,1,0,FP
엘엔피브랜즈(주),3358801451,2021,0,0.0005,0,1,TN
엘엔피브랜즈(주),3358801451,2022,0,0.0003,0,1,TN
엘엔피브랜즈(주),3358801451,2023,0,0.0002,0,1,TN
(주)에이제이솔루션스,3398100192,2022,0,0.0012,0,1,TN
(주)에이제이솔루션스,3398100192,2023,0,0.0002,0,1,TN
(주)에이제이솔루션스,3398100192,2024,0,1e-04,0,1,TN
주식회사한송,3488600610,2021,0,0.0678,0,1,TN
주식회사한송,3488600610,2022,0,0.0609,0,1,TN
(주)셀바이오휴먼텍,3568700092,2021,0,0.0018,0,1,TN
(주)셀바이오휴먼텍,3568700092,2022,0,0.0023,0,1,TN
(주)셀바이오휴먼텍,3568700092,2023,0,0.0121,0,1,TN
(주)셀바이오휴먼텍,3568700092,2024,0,0.001,0,1,TN
주식회사다이나핏코리아,3568701198,2021,0,0.0004,0,1,TN
주식회사다이나핏코리아,3568701198,2022,0,0.0006,0,1,TN
주식회사다이나핏코리아,3568701198,2023,0,0.0005,0,1,TN
주식회사다이나핏코리아,3568701198,2024,0,0.0757,0,1,TN
주식회사미래산업,3598800706,2021,0,0.0005,0,1,TN
주식회사미래산업,3598800706,2022,0,0.0017,0,1,TN
주식회사미래산업,3598800706,2023,0,0.5834,1,0,FP
(주)갑원지,3608801044,2022,0,0.0354,0,1,TN
(주)갑원지,3608801044,2023,0,0.8677,1,0,FP
(주)갑원지,3608801044,2024,1,0.8654,1,1,TP
제이케이앤디(주),3618601005,2021,0,0.0003,0,1,TN
제이케이앤디(주),3618601005,2022,0,0.0003,0,1,TN
제이케이앤디(주),3618601005,2023,0,0.003,0,1,TN
제이케이앤디(주),3618601005,2024,0,0.0009,0,1,TN
파크아웃도어(주),3618801713,2021,0,0.0003,0,1,TN
파크아웃도어(주),3618801713,2022,0,0.0006,0,1,TN
파크아웃도어(주),3618801713,2023,0,0.0002,0,1,TN
파크아웃도어(주),3618801713,2024,0,1e-04,0,1,TN
주식회사미주앤디자인,3708100311,2021,0,0.0016,0,1,TN
주식회사미주앤디자인,3708100311,2022,0,0.0044,0,1,TN
주식회사미주앤디자인,3708100311,2023,0,0.0021,0,1,TN
주식회사미주앤디자인,3708100311,2024,0,0.0005,0,1,TN
파크인터내셔널(주),3948801256,2021,0,0.0018,0,1,TN
파크인터내셔널(주),3948801256,2022,0,0.0002,0,1,TN
파크인터내셔널(주),3948801256,2023,0,0.0002,0,1,TN
파크인터내셔널(주),3948801256,2024,0,0.0003,0,1,TN
주식회사대원모방,3978100562,2021,1,0.9603,1,1,TP
(주)에스아이씨,4028146574,2021,0,0.0741,0,1,TN
(주)에스아이씨,4028146574,2022,0,0.0954,0,1,TN
(주)에스아이씨,4028146574,2023,0,0.0017,0,1,TN
(주)에스아이씨,4028146574,2024,0,0.0023,0,1,TN
주식회사엘이디포유,4028169392,2022,0,0.0009,0,1,TN
주식회사엘이디포유,4028169392,2023,0,1e-04,0,1,TN
주식회사엘이디포유,4028169392,2024,0,1e-04,0,1,TN
(주)미첼,4038104577,2021,0,0.0004,0,1,TN
(주)미첼,4038104577,2022,0,0.0007,0,1,TN
(주)미첼,4038104577,2023,0,0.0003,0,1,TN
(주)미첼,4038104577,2024,0,0.0009,0,1,TN
주식회사제이패션,4038157341,2021,0,0.0216,0,1,TN
주식회사제이패션,4038157341,2022,0,0.6581,1,0,FP
주식회사우수컨버팅,4038159655,2021,0,0.1617,1,0,FP
주식회사우수컨버팅,4038159655,2022,0,0.5716,1,0,FP
신우솔루션주식회사,4038164288,2021,0,0.0017,0,1,TN
신우솔루션주식회사,4038164288,2022,0,0.4391,1,0,FP
신우솔루션주식회사,4038164288,2023,1,0.8059,1,1,TP
주식회사대신육가공,4108159177,2021,0,0.0004,0,1,TN
주식회사대신육가공,4108159177,2022,0,0.0004,0,1,TN
주식회사대신육가공,4108159177,2023,0,0.0006,0,1,TN
주식회사대신육가공,4108159177,2024,0,0.0004,0,1,TN
(주)신성메이저글로브,4168131648,2021,0,0.1595,1,0,FP
(주)신성메이저글로브,4168131648,2022,0,0.007,0,1,TN
(주)신성메이저글로브,4168131648,2023,0,0.0154,0,1,TN
전진산업주식회사,4178600857,2021,0,0.0002,0,1,TN
전진산업주식회사,4178600857,2022,0,0.0003,0,1,TN
전진산업주식회사,4178600857,2023,0,0.0004,0,1,TN
전진산업주식회사,4178600857,2024,0,0.0003,0,1,TN
주식회사씨앤씨어패럴,4188119091,2021,0,0.0458,0,1,TN
주식회사씨앤씨어패럴,4188119091,2022,0,0.6331,1,0,FP
주식회사씨앤씨어패럴,4188119091,2023,0,0.0386,0,1,TN
주식회사씨앤씨어패럴,4188119091,2024,0,0.0096,0,1,TN
주식회사신라글로비스,4288100279,2021,0,0.0011,0,1,TN
주식회사신라글로비스,4288100279,2022,0,1e-04,0,1,TN
주식회사신라글로비스,4288100279,2023,0,1e-04,0,1,TN
주식회사신라글로비스,4288100279,2024,0,0.0005,0,1,TN
폴리테크주식회사,4318101838,2021,0,0.0021,0,1,TN
폴리테크주식회사,4318101838,2022,0,0.0062,0,1,TN
폴리테크주식회사,4318101838,2023,0,0.2626,1,0,FP
폴리테크주식회사,4318101838,2024,0,0.1219,1,0,FP
이조아이엔디주식회사,4378100711,2021,0,0.0012,0,1,TN
이조아이엔디주식회사,4378100711,2022,0,0.0006,0,1,TN
이조아이엔디주식회사,4378100711,2023,0,0.0018,0,1,TN
이조아이엔디주식회사,4378100711,2024,0,0.0003,0,1,TN
케이에스패션주식회사,4578701486,2021,0,0.0004,0,1,TN
케이에스패션주식회사,4578701486,2022,0,0.0002,0,1,TN
케이에스패션주식회사,4578701486,2023,0,0.0002,0,1,TN
케이에스패션주식회사,4578701486,2024,0,0.0002,0,1,TN
주식회사베이스먼트랩,4638101024,2022,0,0.0089,0,1,TN
주식회사베이스먼트랩,4638101024,2023,0,0.8348,1,0,FP
주식회사베이스먼트랩,4638101024,2024,1,0.8146,1,1,TP
(주)엔더블유컴퍼니,4668601668,2022,0,0.0003,0,1,TN
(주)엔더블유컴퍼니,4668601668,2023,0,0.0003,0,1,TN
(주)엔더블유컴퍼니,4668601668,2024,0,0.0003,0,1,TN
주식회사한국노텍,4678600546,2021,0,0.0005,0,1,TN
주식회사한국노텍,4678600546,2022,0,0.0434,0,1,TN
아세아도주식회사,4718701236,2021,0,0.0005,0,1,TN
아세아도주식회사,4718701236,2022,0,0.0015,0,1,TN
아세아도주식회사,4718701236,2023,0,0.5843,1,0,FP
아세아도주식회사,4718701236,2024,0,0.0041,0,1,TN
윌패션(주),4928801491,2021,0,0.0004,0,1,TN
윌패션(주),4928801491,2022,0,0.0006,0,1,TN
윌패션(주),4928801491,2023,0,0.0002,0,1,TN
(주)형제인터내셔널,5028144968,2021,0,0.5167,1,0,FP
(주)형제인터내셔널,5028144968,2022,0,0.0056,0,1,TN
(주)형제인터내셔널,5028144968,2023,0,0.0027,0,1,TN
(주)형제인터내셔널,5028144968,2024,0,0.0291,0,1,TN
(주)동산글로벌,5028600209,2021,0,0.0244,0,1,TN
(주)동산글로벌,5028600209,2022,0,0.0112,0,1,TN
(주)동산글로벌,5028600209,2023,0,0.0116,0,1,TN
(주)동산글로벌,5028600209,2024,0,0.0515,0,1,TN
주)서원테크,5028632415,2021,0,0.0196,0,1,TN
주)서원테크,5028632415,2022,0,0.0372,0,1,TN
주)서원테크,5028632415,2023,0,0.2441,1,0,FP
주)서원테크,5028632415,2024,0,0.5323,1,0,FP
주식회사파벨,5028637273,2021,0,0.0059,0,1,TN
주식회사파벨,5028637273,2022,0,0.3402,1,0,FP
주식회사파벨,5028637273,2023,0,0.2804,1,0,FP
주식회사파벨,5028637273,2024,0,0.4713,1,0,FP
(주)삼원산업,5038103790,2021,1,0.9775,1,1,TP
국제염직주식회사,5038104483,2024,0,0.3217,1,0,FP
주식회사동진상사,5038105158,2021,0,0.0005,0,1,TN
주식회사동진상사,5038105158,2022,0,0.0005,0,1,TN
주식회사동진상사,5038105158,2023,0,0.0007,0,1,TN
주식회사동진상사,5038105158,2024,0,0.0004,0,1,TN
주식회사부성,5038106502,2021,0,0.0017,0,1,TN
주식회사부성,5038106502,2022,0,0.3355,1,0,FP
주식회사부성,5038106502,2023,0,0.4949,1,0,FP
주식회사부성,5038106502,2024,0,0.0009,0,1,TN
우일염직(주),5038109120,2021,0,0.0127,0,1,TN
우일염직(주),5038109120,2022,0,0.7737,1,0,FP
우일염직(주),5038109120,2023,1,0.5664,1,1,TP
삼성교역(주),5038110097,2021,1,0.8925,1,1,TP
주식회사아진아이디티,5038116505,2022,0,0.0055,0,1,TN
주식회사아진아이디티,5038116505,2023,0,0.6319,1,0,FP
주식회사아진아이디티,5038116505,2024,0,0.0287,0,1,TN
광진섬유(주),5038117275,2024,0,0.0013,0,1,TN
(주)보광,5038119477,2021,0,0.465,1,0,FP
(주)보광,5038119477,2022,0,0.5903,1,0,FP
주식회사삼진,5038119986,2021,0,0.0008,0,1,TN
주식회사삼진,5038119986,2022,0,0.0004,0,1,TN
주식회사삼진,5038119986,2023,0,0.0005,0,1,TN
주식회사삼진,5038119986,2024,0,0.0002,0,1,TN
(주)보우,5038127133,2021,0,0.1727,1,0,FP
(주)보우,5038127133,2022,0,0.0244,0,1,TN
(주)보우,5038127133,2023,0,0.0049,0,1,TN
(주)보우,5038127133,2024,0,0.0076,0,1,TN
이조디엔씨주식회사,5038130133,2021,0,0.0037,0,1,TN
이조디엔씨주식회사,5038130133,2022,0,0.77,1,0,FP
이조디엔씨주식회사,5038130133,2023,0,0.0013,0,1,TN
이조디엔씨주식회사,5038130133,2024,0,0.0021,0,1,TN
주식회사코트라움,5038134686,2021,0,0.0642,0,1,TN
주식회사코트라움,5038134686,2022,0,0.848,1,0,FP
주식회사코트라움,5038134686,2023,1,0.9329,1,1,TP
주식회사통합,5038137024,2021,0,0.0006,0,1,TN
주식회사통합,5038137024,2022,0,0.0003,0,1,TN
주식회사통합,5038137024,2023,0,0.0003,0,1,TN
주식회사통합,5038137024,2024,0,0.0002,0,1,TN
(주)산찬섬유,5038139788,2021,0,0.0014,0,1,TN
(주)산찬섬유,5038139788,2022,0,0.0007,0,1,TN
(주)산찬섬유,5038139788,2023,0,0.0012,0,1,TN
(주)산찬섬유,5038139788,2024,0,0.0005,0,1,TN
(주)유성산자,5038140820,2021,0,0.0008,0,1,TN
(주)유성산자,5038140820,2022,0,0.0003,0,1,TN
(주)유성산자,5038140820,2023,0,0.1538,1,0,FP
(주)유성산자,5038140820,2024,0,0.7444,1,0,FP
(주)동화인더스트리,5038145387,2021,0,0.0008,0,1,TN
(주)동화인더스트리,5038145387,2022,0,0.001,0,1,TN
(주)동화인더스트리,5038145387,2023,0,0.0057,0,1,TN
(주)동화인더스트리,5038145387,2024,0,0.5741,1,0,FP
(주)텍스존,5038148609,2021,0,0.106,1,0,FP
(주)텍스존,5038148609,2022,0,0.0872,0,1,TN
(주)텍스존,5038148609,2023,0,0.0405,0,1,TN
(주)텍스존,5038148609,2024,0,0.0658,0,1,TN
(주)영원코포레이션,5038150162,2021,0,0.2058,1,0,FP
(주)앤디아이,5038152078,2021,0,0.0168,0,1,TN
(주)앤디아이,5038152078,2022,0,0.005,0,1,TN
영신타올(주),5038153188,2021,0,0.0125,0,1,TN
영신타올(주),5038153188,2022,0,0.0019,0,1,TN
영신타올(주),5038153188,2023,0,0.0003,0,1,TN
영신타올(주),5038153188,2024,0,0.0013,0,1,TN
(주)보광아이엔티,5038160506,2021,0,0.0378,0,1,TN
(주)보광아이엔티,5038160506,2022,0,0.4621,1,0,FP
(주)보광아이엔티,5038160506,2023,0,0.7914,1,0,FP
(주)보광아이엔티,5038160506,2024,1,0.5375,1,1,TP
대한미디어(주),5038162770,2021,0,0.0585,0,1,TN
대한미디어(주),5038162770,2022,0,0.0151,0,1,TN
대한미디어(주),5038162770,2023,0,0.0257,0,1,TN
대한미디어(주),5038162770,2024,0,0.0045,0,1,TN
(주)평화산자,5038165966,2021,0,0.0045,0,1,TN
(주)평화산자,5038165966,2022,0,0.0014,0,1,TN
(주)평화산자,5038165966,2023,0,0.0105,0,1,TN
(주)평화산자,5038165966,2024,0,0.0051,0,1,TN
인덕염공(주),5038171852,2021,0,0.0323,0,1,TN
인덕염공(주),5038171852,2022,0,0.156,1,0,FP
인덕염공(주),5038171852,2023,0,0.6622,1,0,FP
(주)왕보,5038172109,2021,0,0.0668,0,1,TN
(주)왕보,5038172109,2022,0,0.6887,1,0,FP
(주)왕보,5038172109,2023,1,0.5683,1,1,TP
주식회사진영피앤티,5038174621,2021,0,0.0017,0,1,TN
주식회사진영피앤티,5038174621,2022,0,0.2763,1,0,FP
주식회사진영피앤티,5038174621,2023,0,0.1639,1,0,FP
(주)청운다이텍,5038175033,2021,0,0.0025,0,1,TN
(주)청운다이텍,5038175033,2022,0,0.0158,0,1,TN
(주)청운다이텍,5038175033,2023,0,0.2366,1,0,FP
(주)청운다이텍,5038175033,2024,0,0.3415,1,0,FP
주식회사씨더블유,5038178840,2021,0,0.0005,0,1,TN
주식회사씨더블유,5038178840,2022,0,0.0028,0,1,TN
주식회사씨더블유,5038178840,2023,0,0.1221,1,0,FP
주식회사진성글로벌,5038182723,2021,0,0.1421,1,0,FP
주식회사진성글로벌,5038182723,2022,0,0.0007,0,1,TN
주식회사진성글로벌,5038182723,2023,0,0.0002,0,1,TN
주식회사진성글로벌,5038182723,2024,0,0.0007,0,1,TN
(주)세화어패럴,5038186485,2021,0,0.0011,0,1,TN
(주)세화어패럴,5038186485,2022,0,0.0003,0,1,TN
(주)세화어패럴,5038186485,2023,0,1e-04,0,1,TN
(주)세화어패럴,5038186485,2024,0,0.0021,0,1,TN
주식회사대영합섬,5038192857,2021,0,0.0185,0,1,TN
주식회사대영합섬,5038192857,2022,0,0.0032,0,1,TN
주식회사대영합섬,5038192857,2023,0,0.0019,0,1,TN
주식회사대영합섬,5038192857,2024,0,0.0034,0,1,TN
(주)다산하이젠,5038193837,2021,0,0.2387,1,0,FP
(주)다산하이젠,5038193837,2022,0,0.6567,1,0,FP
(주)다산하이젠,5038193837,2023,1,0.4239,1,1,TP
(주)동원텍스,5038196101,2021,0,0.0186,0,1,TN
(주)동원텍스,5038196101,2022,0,0.3318,1,0,FP
(주)동원텍스,5038196101,2023,0,0.6267,1,0,FP
(주)동원텍스,5038196101,2024,1,0.5269,1,1,TP
(주)한솔아이엠비,5038198278,2021,0,0.0016,0,1,TN
(주)한솔아이엠비,5038198278,2022,0,0.037,0,1,TN
(주)한솔아이엠비,5038198278,2023,0,0.0144,0,1,TN
(주)한솔아이엠비,5038198278,2024,0,0.0425,0,1,TN
주식회사스페이스,5038199641,2021,0,0.5846,1,0,FP
주식회사스페이스,5038199641,2022,0,0.4914,1,0,FP
주식회사스페이스,5038199641,2023,0,0.6359,1,0,FP
주식회사스페이스,5038199641,2024,0,0.1676,1,0,FP
주식회사나경,5038607092,2021,0,0.0035,0,1,TN
주식회사나경,5038607092,2022,0,0.0053,0,1,TN
주식회사나경,5038607092,2023,0,0.0529,0,1,TN
주식회사나경,5038607092,2024,0,0.0005,0,1,TN
(주)부영섬유,5048115232,2021,0,0.0074,0,1,TN
(주)부영섬유,5048115232,2022,0,0.0029,0,1,TN
(주)부영섬유,5048115232,2023,0,0.0057,0,1,TN
(주)부영섬유,5048115232,2024,0,0.0015,0,1,TN
(주)덕우실업,5048117375,2021,0,0.6982,1,0,FP
(주)덕우실업,5048117375,2022,0,0.0036,0,1,TN
(주)덕우실업,5048117375,2023,0,0.1683,1,0,FP
(주)덕우실업,5048117375,2024,0,0.0018,0,1,TN
(주)신일텍스,5048126404,2021,0,0.0002,0,1,TN
(주)신일텍스,5048126404,2022,0,0.0002,0,1,TN
(주)신일텍스,5048126404,2023,0,1e-04,0,1,TN
(주)신일텍스,5048126404,2024,0,0.0002,0,1,TN
주식회사비에스지,5048162206,2021,0,0.3294,1,0,FP
주식회사비에스지,5048162206,2022,0,0.1261,1,0,FP
주식회사비에스지,5048162206,2023,0,0.5153,1,0,FP
주식회사비에스지,5048162206,2024,0,0.6831,1,0,FP
(주)대일산업,5048165538,2021,0,0.1951,1,0,FP
(주)대일산업,5048165538,2022,0,0.3821,1,0,FP
(주)대일산업,5048165538,2023,0,0.008,0,1,TN
(주)대일산업,5048165538,2024,0,0.0007,0,1,TN
주식회사씨엠에이글로벌,5048186979,2021,0,0.0012,0,1,TN
주식회사씨엠에이글로벌,5048186979,2022,0,0.0016,0,1,TN
주식회사씨엠에이글로벌,5048186979,2023,0,0.0014,0,1,TN
주식회사씨엠에이글로벌,5048186979,2024,0,0.0015,0,1,TN
주식회사굿유니폼,5048193164,2021,0,0.0174,0,1,TN
주식회사굿유니폼,5048193164,2022,0,0.003,0,1,TN
주식회사굿유니폼,5048193164,2023,0,0.0006,0,1,TN
주식회사굿유니폼,5048193164,2024,0,0.0094,0,1,TN
(주)제이앤피,5058115706,2021,0,0.0016,0,1,TN
(주)제이앤피,5058115706,2022,0,0.1426,1,0,FP
(주)제이앤피,5058115706,2023,0,0.0014,0,1,TN
(주)제이앤피,5058115706,2024,0,0.0031,0,1,TN
와이디텍스타일(주),5058121362,2021,1,0.871,1,1,TP
(주)삼원,5058131496,2021,0,0.0046,0,1,TN
(주)삼원,5058131496,2022,0,0.0002,0,1,TN
(주)삼원,5058131496,2023,0,0.0002,0,1,TN
(주)삼원,5058131496,2024,0,0.0005,0,1,TN
(주)한스인테크,5058141257,2021,0,0.3168,1,0,FP
(주)한스인테크,5058141257,2022,1,0.5728,1,1,TP
(주)제일윈도텍스,5058165583,2021,0,0.0034,0,1,TN
(주)제일윈도텍스,5058165583,2022,0,0.0012,0,1,TN
(주)제일윈도텍스,5058165583,2023,0,0.31,1,0,FP
경진섬유주식회사,5068600384,2021,0,0.0006,0,1,TN
경진섬유주식회사,5068600384,2022,0,0.001,0,1,TN
경진섬유주식회사,5068600384,2023,0,0.0008,0,1,TN
경진섬유주식회사,5068600384,2024,0,0.0008,0,1,TN
주식회사에스티,5088134624,2021,0,0.3052,1,0,FP
주식회사에스티,5088134624,2022,0,0.6427,1,0,FP
(주)케이세프,5098800655,2021,0,0.0015,0,1,TN
(주)케이세프,5098800655,2022,0,0.0039,0,1,TN
(주)케이세프,5098800655,2023,0,0.001,0,1,TN
(주)뉴프라임,5108118025,2021,0,0.6086,1,0,FP
(주)뉴프라임,5108118025,2022,0,0.0436,0,1,TN
(주)뉴프라임,5108118025,2023,0,0.0567,0,1,TN
(주)뉴프라임,5108118025,2024,0,0.0017,0,1,TN
(주)한양에코텍,5108125661,2021,0,0.0109,0,1,TN
(주)한양에코텍,5108125661,2022,0,0.18,1,0,FP
(주)한양에코텍,5108125661,2023,0,0.4877,1,0,FP
(주)한양에코텍,5108125661,2024,1,0.2652,1,1,TP
(주)새날테크텍스,5138114260,2021,0,0.008,0,1,TN
(주)새날테크텍스,5138114260,2022,0,0.274,1,0,FP
(주)새날테크텍스,5138114260,2023,0,0.8015,1,0,FP
(주)새날테크텍스,5138114260,2024,1,0.6907,1,1,TP
(주)신우피앤씨,5138139295,2021,0,0.0043,0,1,TN
(주)신우피앤씨,5138139295,2022,0,0.1818,1,0,FP
(주)신우피앤씨,5138139295,2023,0,0.0282,0,1,TN
(주)신우피앤씨,5138139295,2024,0,0.0215,0,1,TN
원풍물산주식회사,5138141374,2021,0,0.0063,0,1,TN
원풍물산주식회사,5138141374,2022,0,0.101,1,0,FP
원풍물산주식회사,5138141374,2023,0,0.1058,1,0,FP
원풍물산주식회사,5138141374,2024,0,0.0869,0,1,TN
대한니트주식회사,5138144764,2021,0,0.3086,1,0,FP
대한니트주식회사,5138144764,2022,1,0.0425,0,0,FN
주식회사에스엔테크,5138150024,2022,0,0.0015,0,1,TN
주식회사에스엔테크,5138150024,2023,0,0.009,0,1,TN
주식회사에스엔테크,5138150024,2024,0,0.6875,1,0,FP
티에이케이텍스타일주식회사,5138173333,2021,0,0.0008,0,1,TN
티에이케이텍스타일주식회사,5138173333,2022,0,0.0006,0,1,TN
티에이케이텍스타일주식회사,5138173333,2023,0,1e-04,0,1,TN
티에이케이텍스타일주식회사,5138173333,2024,0,0.0005,0,1,TN
(주)부성코오드,5138177038,2021,0,0.0049,0,1,TN
주식회사현대화섬,5148105046,2021,0,0.0008,0,1,TN
주식회사현대화섬,5148105046,2022,0,0.0005,0,1,TN
주식회사현대화섬,5148105046,2023,0,0.0002,0,1,TN
주식회사현대화섬,5148105046,2024,0,0.0003,0,1,TN
(주)평안,5148116510,2021,0,0.0032,0,1,TN
(주)평안,5148116510,2022,0,0.0467,0,1,TN
(주)평안,5148116510,2023,0,0.0754,0,1,TN
(주)평안,5148116510,2024,0,0.8592,1,0,FP
(주)부성티에프시,5148132897,2021,0,0.0007,0,1,TN
(주)부성티에프시,5148132897,2022,0,0.0016,0,1,TN
(주)부성티에프시,5148132897,2023,0,0.008,0,1,TN
(주)부성티에프시,5148132897,2024,0,0.003,0,1,TN
동진침장주식회사,5148141173,2021,1,0.866,1,1,TP
알앤디텍스타일(주),5148165438,2021,0,0.5737,1,0,FP
알앤디텍스타일(주),5148165438,2022,1,0.5231,1,1,TP
주식회사동원섬유산업,5148170232,2021,0,0.0765,0,1,TN
주식회사동원섬유산업,5148170232,2022,1,0.3146,1,1,TP
주식회사대광텍스타일,5148175334,2022,0,0.2543,1,0,FP
주식회사대광텍스타일,5148175334,2023,0,0.0095,0,1,TN
주식회사대광텍스타일,5148175334,2024,0,0.3786,1,0,FP
(주)대림섬유,5148176842,2022,0,0.0006,0,1,TN
(주)대림섬유,5148176842,2023,0,0.009,0,1,TN
(주)대림섬유,5148176842,2024,0,0.0031,0,1,TN
(주)이화에스피에스,5148186559,2021,0,0.0009,0,1,TN
(주)이화에스피에스,5148186559,2022,0,0.1045,1,0,FP
(주)이화에스피에스,5148186559,2023,0,0.2662,1,0,FP
(주)이화에스피에스,5148186559,2024,1,0.5459,1,1,TP
(주)풍원,5158101077,2021,0,0.0011,0,1,TN
(주)풍원,5158101077,2022,0,0.0006,0,1,TN
(주)풍원,5158101077,2023,0,0.0003,0,1,TN
(주)풍원,5158101077,2024,0,0.0005,0,1,TN
삼일방주식회사,5158101572,2021,0,0.002,0,1,TN
삼일방주식회사,5158101572,2022,0,0.0035,0,1,TN
삼일방주식회사,5158101572,2023,0,0.0298,0,1,TN
삼일방주식회사,5158101572,2024,0,0.0091,0,1,TN
호신섬유주식회사,5158105772,2022,0,0.005,0,1,TN
호신섬유주식회사,5158105772,2023,0,0.3362,1,0,FP
호신섬유주식회사,5158105772,2024,0,0.5864,1,0,FP
(주)대양,5158113044,2021,0,0.0006,0,1,TN
(주)대양,5158113044,2022,0,0.0002,0,1,TN
(주)대양,5158113044,2023,0,1e-04,0,1,TN
(주)대양,5158113044,2024,0,0.0002,0,1,TN
주식회사코레쉬텍,5158127607,2021,0,0.1432,1,0,FP
주식회사코레쉬텍,5158127607,2022,0,0.3754,1,0,FP
주식회사코레쉬텍,5158127607,2023,1,0.3254,1,1,TP
주식회사두올섬유,5158129740,2021,0,0.0044,0,1,TN
주식회사두올섬유,5158129740,2023,0,0.0025,0,1,TN
주식회사두올섬유,5158129740,2024,0,0.1181,1,0,FP
주식회사와이엔스피닝,5158139739,2021,0,0.3299,1,0,FP
주식회사와이엔스피닝,5158139739,2022,1,0.535,1,1,TP
주식회사에센루,5178600123,2021,0,1e-04,0,1,TN
주식회사에센루,5178600123,2022,0,0.0004,0,1,TN
주식회사에센루,5178600123,2023,0,0.0006,0,1,TN
주식회사에센루,5178600123,2024,0,0.0005,0,1,TN
(주)보다모어,5208100255,2021,0,0.0009,0,1,TN
(주)보다모어,5208100255,2022,0,0.0631,0,1,TN
(주)보다모어,5208100255,2023,0,0.1993,1,0,FP
(주)보다모어,5208100255,2024,0,0.0141,0,1,TN
한국생명과학주식회사,5208700941,2021,0,0.0591,0,1,TN
한국생명과학주식회사,5208700941,2022,0,0.5567,1,0,FP
한국생명과학주식회사,5208700941,2023,1,0.2825,1,1,TP
주식회사레어마켓,5248100636,2021,0,0.0003,0,1,TN
주식회사레어마켓,5248100636,2022,0,0.0002,0,1,TN
주식회사레어마켓,5248100636,2023,0,0.0002,0,1,TN
주식회사레어마켓,5248100636,2024,0,0.0017,0,1,TN
(주)코리아마이크로패브릭,5318101671,2022,0,0.0009,0,1,TN
(주)코리아마이크로패브릭,5318101671,2023,0,0.1003,1,0,FP
(주)코리아마이크로패브릭,5318101671,2024,0,0.0011,0,1,TN
주식회사아잉,5328700890,2022,0,0.0004,0,1,TN
주식회사아잉,5328700890,2023,0,0.0216,0,1,TN
주식회사아잉,5328700890,2024,0,0.0097,0,1,TN
(주)본컴퍼니,5368101531,2021,0,0.0007,0,1,TN
(주)본컴퍼니,5368101531,2022,0,0.0003,0,1,TN
(주)본컴퍼니,5368101531,2023,0,0.0012,0,1,TN
(주)본컴퍼니,5368101531,2024,0,0.0006,0,1,TN
주식회사디아이플로(DIFLOINC.),5428801156,2021,1,0.9193,1,1,TP
더조은주식회사,5448700078,2021,0,0.0916,0,1,TN
더조은주식회사,5448700078,2022,0,0.2739,1,0,FP
더조은주식회사,5448700078,2023,1,0.7302,1,1,TP
주식회사신창글로텍,5478101962,2022,0,0.015,0,1,TN
주식회사신창글로텍,5478101962,2023,0,0.0581,0,1,TN
주식회사신창글로텍,5478101962,2024,0,0.1021,1,0,FP
주식회사위드케이,5478701547,2022,0,0.0017,0,1,TN
주식회사위드케이,5478701547,2023,0,0.7187,1,0,FP
주식회사위드케이,5478701547,2024,0,0.6977,1,0,FP
한국물산(주),5618800162,2021,0,0.0026,0,1,TN
한국물산(주),5618800162,2022,0,0.0022,0,1,TN
한국물산(주),5618800162,2023,0,0.0051,0,1,TN
한국물산(주),5618800162,2024,0,0.0027,0,1,TN
주식회사코니바이에린,5738701100,2021,0,1e-04,0,1,TN
주식회사코니바이에린,5738701100,2022,0,1e-04,0,1,TN
주식회사코니바이에린,5738701100,2023,0,1e-04,0,1,TN
주식회사코니바이에린,5738701100,2024,0,1e-04,0,1,TN
주식회사을화,5748701855,2021,0,0.0823,0,1,TN
주식회사을화,5748701855,2022,0,0.0014,0,1,TN
주식회사을화,5748701855,2023,0,0.0002,0,1,TN
주식회사을화,5748701855,2024,0,0.0003,0,1,TN
주식회사시몬느액세서리컬렉션,5778800075,2021,0,0.0002,0,1,TN
주식회사시몬느액세서리컬렉션,5778800075,2022,0,1e-04,0,1,TN
주식회사시몬느액세서리컬렉션,5778800075,2023,0,1e-04,0,1,TN
주식회사시몬느액세서리컬렉션,5778800075,2024,0,1e-04,0,1,TN
주식회사더스타일컴퍼니,5838100085,2021,0,0.0024,0,1,TN
주식회사더스타일컴퍼니,5838100085,2022,0,0.0006,0,1,TN
주식회사더스타일컴퍼니,5838100085,2023,0,0.2217,1,0,FP
주식회사더스타일컴퍼니,5838100085,2024,0,0.1132,1,0,FP
주식회사아라움,5938100893,2021,0,0.0011,0,1,TN
주식회사아라움,5938100893,2022,0,0.0021,0,1,TN
주식회사아라움,5938100893,2023,0,0.0008,0,1,TN
(주)맥케이슨,6018601617,2022,0,0.0213,0,1,TN
(주)맥케이슨,6018601617,2023,0,0.6183,1,0,FP
(주)맥케이슨,6018601617,2024,1,0.1553,1,1,TP
주식회사창신INC,6038110363,2021,0,0.0049,0,1,TN
주식회사창신INC,6038110363,2022,0,0.0007,0,1,TN
주식회사창신INC,6038110363,2023,0,0.0028,0,1,TN
주식회사창신INC,6038110363,2024,0,0.0003,0,1,TN
(주)아즈텍더블유비이,6038119267,2021,0,0.3751,1,0,FP
(주)아즈텍더블유비이,6038119267,2022,0,0.0797,0,1,TN
(주)아즈텍더블유비이,6038119267,2023,0,0.5161,1,0,FP
(주)아즈텍더블유비이,6038119267,2024,0,0.1237,1,0,FP
(주)남청,6038119568,2021,0,0.0027,0,1,TN
(주)남청,6038119568,2022,0,0.5571,1,0,FP
(주)남청,6038119568,2023,0,0.0083,0,1,TN
(주)남청,6038119568,2024,0,0.0054,0,1,TN
경은산업(주),6038123403,2021,1,0.9168,1,1,TP
(주)부광,6038130127,2021,0,0.6484,1,0,FP
(주)부광,6038130127,2022,0,0.0012,0,1,TN
(주)부광,6038130127,2023,0,0.0003,0,1,TN
(주)부광,6038130127,2024,0,0.0004,0,1,TN
(주)대영섬유,6038132329,2021,0,0.005,0,1,TN
(주)대영섬유,6038132329,2022,0,0.0012,0,1,TN
(주)대영섬유,6038132329,2023,0,0.0332,0,1,TN
(주)대영섬유,6038132329,2024,0,0.003,0,1,TN
삼덕통상(주),6038133707,2021,0,0.011,0,1,TN
삼덕통상(주),6038133707,2022,0,0.0019,0,1,TN
삼덕통상(주),6038133707,2023,0,0.0004,0,1,TN
삼덕통상(주),6038133707,2024,0,0.0077,0,1,TN
영풍텍스타일(주),6038162560,2022,0,0.0003,0,1,TN
영풍텍스타일(주),6038162560,2023,0,0.0016,0,1,TN
영풍텍스타일(주),6038162560,2024,0,1e-04,0,1,TN
(주)비엠인터내셔널,6038167809,2021,0,0.0171,0,1,TN
(주)비엠인터내셔널,6038167809,2022,0,0.004,0,1,TN
(주)비엠인터내셔널,6038167809,2023,0,0.0002,0,1,TN
(주)비엠인터내셔널,6038167809,2024,0,0.0003,0,1,TN
주식회사에스제이키즈,6048800611,2022,0,0.0004,0,1,TN
주식회사에스제이키즈,6048800611,2023,0,0.0004,0,1,TN
주식회사에스제이키즈,6048800611,2024,0,0.0005,0,1,TN
(주)하이패션가람,6058194938,2022,0,0.0015,0,1,TN
(주)하이패션가람,6058194938,2023,0,0.0046,0,1,TN
(주)하이패션가람,6058194938,2024,0,0.0083,0,1,TN
(주)지비글로벌아이엔씨,6058634594,2022,0,0.0015,0,1,TN
(주)지비글로벌아이엔씨,6058634594,2023,0,0.0262,0,1,TN
(주)지비글로벌아이엔씨,6058634594,2024,0,0.0073,0,1,TN
대경실업주식회사,6068103987,2021,0,0.0012,0,1,TN
대경실업주식회사,6068103987,2022,0,0.0021,0,1,TN
대경실업주식회사,6068103987,2023,0,0.0004,0,1,TN
대경실업주식회사,6068103987,2024,0,0.3667,1,0,FP
주식회사대영사,6068112230,2021,1,0.8801,1,1,TP
남영섬유(주),6068146614,2021,0,0.0008,0,1,TN
남영섬유(주),6068146614,2022,0,0.0005,0,1,TN
남영섬유(주),6068146614,2023,0,0.001,0,1,TN
남영섬유(주),6068146614,2024,0,0.0005,0,1,TN
(주)보림산업,6068159180,2021,0,0.0028,0,1,TN
(주)보림산업,6068159180,2022,0,0.0203,0,1,TN
(주)보림산업,6068159180,2023,0,0.0002,0,1,TN
(주)보림산업,6068159180,2024,0,0.0146,0,1,TN
(주)삼일섬유,6068163476,2022,0,0.0009,0,1,TN
(주)삼일섬유,6068163476,2023,0,0.0004,0,1,TN
(주)삼일섬유,6068163476,2024,0,0.001,0,1,TN
주식회사빅토스,6068164024,2021,0,0.0015,0,1,TN
주식회사빅토스,6068164024,2022,0,0.0008,0,1,TN
주식회사빅토스,6068164024,2023,0,0.0002,0,1,TN
주식회사빅토스,6068164024,2024,0,0.0022,0,1,TN
발리교역(주),6068164572,2021,0,0.6542,1,0,FP
(주)티비에이치글로벌,6068164892,2021,0,0.0038,0,1,TN
(주)티비에이치글로벌,6068164892,2022,0,0.2411,1,0,FP
(주)티비에이치글로벌,6068164892,2023,0,0.0005,0,1,TN
(주)티비에이치글로벌,6068164892,2024,0,0.0056,0,1,TN
한스산업주식회사,6068172301,2021,0,0.0012,0,1,TN
한스산업주식회사,6068172301,2022,0,0.2254,1,0,FP
한스산업주식회사,6068172301,2023,0,0.2786,1,0,FP
주식회사한신코리아,6068177572,2021,0,0.3077,1,0,FP
주식회사한신코리아,6068177572,2022,0,0.2279,1,0,FP
주식회사한신코리아,6068177572,2023,1,0.0888,0,0,FN
(주)천일상사,6068184239,2021,0,0.0043,0,1,TN
(주)천일상사,6068184239,2022,0,0.0072,0,1,TN
(주)천일상사,6068184239,2023,0,0.0007,0,1,TN
에이치비텍스타일(주),6068190463,2021,0,0.0137,0,1,TN
에이치비텍스타일(주),6068190463,2022,0,0.0025,0,1,TN
에이치비텍스타일(주),6068190463,2023,0,0.0198,0,1,TN
에이치비텍스타일(주),6068190463,2024,0,0.1294,1,0,FP
(주)제이케이컴퍼니,6068193683,2023,0,0.0007,0,1,TN
(주)제이케이컴퍼니,6068193683,2024,0,0.7532,1,0,FP
대영정공주식회사,6068606091,2021,0,0.0007,0,1,TN
대영정공주식회사,6068606091,2022,0,0.0006,0,1,TN
대영정공주식회사,6068606091,2023,0,0.0005,0,1,TN
대영정공주식회사,6068606091,2024,0,1e-04,0,1,TN
(주)바라크,6068619131,2021,0,0.0025,0,1,TN
(주)바라크,6068619131,2022,0,0.002,0,1,TN
(주)바라크,6068619131,2023,0,0.5846,1,0,FP
(주)바라크,6068619131,2024,0,0.0743,0,1,TN
장미고무공업사(주),6068623407,2021,0,0.0083,0,1,TN
장미고무공업사(주),6068623407,2022,0,0.019,0,1,TN
장미고무공업사(주),6068623407,2023,0,0.0199,0,1,TN
장미고무공업사(주),6068623407,2024,0,0.003,0,1,TN
영인코리아(주),6068633021,2021,0,0.0067,0,1,TN
영인코리아(주),6068633021,2022,0,0.0007,0,1,TN
영인코리아(주),6068633021,2023,0,0.0005,0,1,TN
영인코리아(주),6068633021,2024,0,0.0004,0,1,TN
주식회사영창에코,6068644867,2021,0,0.2912,1,0,FP
주식회사영창에코,6068644867,2022,1,0.5189,1,1,TP
송월주식회사,6078117714,2021,0,0.0025,0,1,TN
송월주식회사,6078117714,2022,0,0.002,0,1,TN
송월주식회사,6078117714,2023,0,0.0003,0,1,TN
송월주식회사,6078117714,2024,0,0.0004,0,1,TN
유성산업주식회사,6078117859,2021,0,0.0037,0,1,TN
유성산업주식회사,6078117859,2022,0,0.0014,0,1,TN
유성산업주식회사,6078117859,2023,0,0.0025,0,1,TN
유성산업주식회사,6078117859,2024,0,0.0004,0,1,TN
(주)우양통상,6078123934,2021,0,0.0005,0,1,TN
(주)우양통상,6078123934,2022,0,0.0004,0,1,TN
(주)우양통상,6078123934,2023,0,1e-04,0,1,TN
(주)우양통상,6078123934,2024,0,1e-04,0,1,TN
주식회사그린조이,6078137312,2021,0,0.0054,0,1,TN
주식회사그린조이,6078137312,2022,0,0.0236,0,1,TN
주식회사그린조이,6078137312,2023,0,0.0217,0,1,TN
주식회사그린조이,6078137312,2024,0,0.0642,0,1,TN
주식회사삼원일모,6078137743,2021,0,0.0004,0,1,TN
주식회사삼원일모,6078137743,2022,0,0.0032,0,1,TN
주식회사삼원일모,6078137743,2023,0,0.0009,0,1,TN
주식회사삼원일모,6078137743,2024,0,0.0088,0,1,TN
주식회사유니칸,6078192673,2021,0,0.014,0,1,TN
주식회사유니칸,6078192673,2022,0,0.4206,1,0,FP
주식회사유니칸,6078192673,2023,0,0.0288,0,1,TN
주식회사유니칸,6078192673,2024,0,0.1011,1,0,FP
(주)대명,6088122317,2021,0,0.0016,0,1,TN
(주)대명,6088122317,2022,0,0.0003,0,1,TN
(주)대명,6088122317,2023,0,0.0003,0,1,TN
(주)대명,6088122317,2024,0,0.0004,0,1,TN
주식회사라쉬반코리아,6088199382,2021,0,0.2872,1,0,FP
주식회사라쉬반코리아,6088199382,2022,0,0.0768,0,1,TN
주식회사라쉬반코리아,6088199382,2023,0,0.0264,0,1,TN
주식회사라쉬반코리아,6088199382,2024,0,0.0049,0,1,TN
지에이치신소재(주),6158122009,2021,0,0.0073,0,1,TN
지에이치신소재(주),6158122009,2022,0,0.0021,0,1,TN
지에이치신소재(주),6158122009,2023,0,0.0077,0,1,TN
지에이치신소재(주),6158122009,2024,0,0.0022,0,1,TN
(주)경도상사,6158136411,2022,0,0.0016,0,1,TN
(주)경도상사,6158136411,2023,0,0.002,0,1,TN
(주)경도상사,6158136411,2024,0,0.0016,0,1,TN
주식회사신진팩,6158157380,2024,0,0.0538,0,1,TN
신진텍스(주),6158181992,2021,0,0.0012,0,1,TN
신진텍스(주),6158181992,2022,0,0.0046,0,1,TN
신진텍스(주),6158181992,2023,0,0.417,1,0,FP
신진텍스(주),6158181992,2024,0,0.0019,0,1,TN
대윤오토모티브주식회사,6158183501,2022,0,0.0014,0,1,TN
대윤오토모티브주식회사,6158183501,2023,0,0.0013,0,1,TN
대윤오토모티브주식회사,6158183501,2024,0,0.0024,0,1,TN
주식회사디에스알,6158611579,2021,0,0.0007,0,1,TN
주식회사디에스알,6158611579,2022,0,0.0006,0,1,TN
주식회사디에스알,6158611579,2023,0,0.0006,0,1,TN
주식회사디에스알,6158611579,2024,0,0.4121,1,0,FP
주식회사학산,6178105705,2021,0,0.2162,1,0,FP
주식회사학산,6178105705,2022,0,0.0028,0,1,TN
주식회사학산,6178105705,2023,0,0.0051,0,1,TN
주식회사학산,6178105705,2024,0,0.003,0,1,TN
(주)에이스유니폼,6178143863,2021,0,0.0825,0,1,TN
(주)에이스유니폼,6178143863,2022,0,0.7764,1,0,FP
(주)에이스유니폼,6178143863,2023,1,0.5319,1,1,TP
(주)이디케이,6178147097,2021,0,0.0029,0,1,TN
(주)이디케이,6178147097,2022,0,0.0037,0,1,TN
(주)이디케이,6178147097,2023,0,0.0022,0,1,TN
(주)이디케이,6178147097,2024,0,0.0796,0,1,TN
(주)디와이씨인터내셔날,6178166100,2021,1,0.8777,1,1,TP
(주)대양아이앤씨,6178179871,2021,1,0.9659,1,1,TP
한영산업주식회사,6218105529,2021,0,0.001,0,1,TN
한영산업주식회사,6218105529,2022,0,0.0017,0,1,TN
한영산업주식회사,6218105529,2023,0,0.0014,0,1,TN
한영산업주식회사,6218105529,2024,0,0.0009,0,1,TN
신화물산주식회사,6218107022,2021,0,1e-04,0,1,TN
신화물산주식회사,6218107022,2022,0,0.0002,0,1,TN
신화물산주식회사,6218107022,2023,0,1e-04,0,1,TN
신화물산주식회사,6218107022,2024,0,0.0003,0,1,TN
주식회사태삼,6218111642,2021,0,0.0652,0,1,TN
주식회사태삼,6218111642,2022,0,0.0496,0,1,TN
주식회사태삼,6218111642,2023,0,0.0229,0,1,TN
주식회사태삼,6218111642,2024,0,0.043,0,1,TN
한성텍스타일주식회사,6218112049,2021,0,0.1126,1,0,FP
(주)유영산업,6218113539,2021,0,0.0066,0,1,TN
(주)유영산업,6218113539,2022,0,0.0013,0,1,TN
(주)유영산업,6218113539,2023,0,0.0012,0,1,TN
(주)유영산업,6218113539,2024,0,0.0018,0,1,TN
(주)세정,6218119659,2021,0,0.1054,1,0,FP
(주)세정,6218119659,2022,0,0.0007,0,1,TN
(주)세정,6218119659,2023,0,0.0007,0,1,TN
(주)세정,6218119659,2024,0,0.5809,1,0,FP
(주)블루인더스,6218177722,2021,0,0.0004,0,1,TN
(주)블루인더스,6218177722,2022,0,0.001,0,1,TN
(주)블루인더스,6218177722,2023,0,0.2659,1,0,FP
(주)블루인더스,6218177722,2024,0,0.0532,0,1,TN
(주)양산패션,6218199935,2022,0,0.0011,0,1,TN
(주)양산패션,6218199935,2023,0,0.0031,0,1,TN
(주)양산패션,6218199935,2024,0,0.3206,1,0,FP
티케이지태광(주),6228105819,2021,0,0.0016,0,1,TN
티케이지태광(주),6228105819,2022,0,0.0004,0,1,TN
티케이지태광(주),6228105819,2023,0,0.0006,0,1,TN
티케이지태광(주),6228105819,2024,0,0.0005,0,1,TN
화신특수섬유휠타(주),6228105949,2021,1,0.9251,1,1,TP
(주)지비라이트,6228118672,2021,0,0.0017,0,1,TN
(주)지비라이트,6228118672,2022,0,0.0014,0,1,TN
(주)지비라이트,6228118672,2023,0,0.085,0,1,TN
(주)지비라이트,6228118672,2024,0,0.0013,0,1,TN
진수산업(주),6228121352,2021,0,0.3808,1,0,FP
진수산업(주),6228121352,2022,0,0.0174,0,1,TN
진수산업(주),6228121352,2023,0,0.0432,0,1,TN
진수산업(주),6228121352,2024,0,0.2328,1,0,FP
(주)덕일섬유,6228125718,2021,0,0.2275,1,0,FP
(주)덕일섬유,6228125718,2022,0,0.0529,0,1,TN
(주)덕일섬유,6228125718,2023,1,0.6305,1,1,TP
(주)더휴,6258600138,2021,0,0.0025,0,1,TN
(주)더휴,6258600138,2022,0,0.5009,1,0,FP
(주)더휴,6258600138,2023,1,0.0923,0,0,FN
한다헬스케어주식회사,6338101263,2021,0,0.2692,1,0,FP
한다헬스케어주식회사,6338101263,2022,0,0.6948,1,0,FP
(주)더편한,6398600971,2021,0,0.0014,0,1,TN
(주)더편한,6398600971,2022,0,0.1714,1,0,FP
(주)더편한,6398600971,2023,0,0.5532,1,0,FP
(주)더편한,6398600971,2024,1,0.3578,1,1,TP
주식회사에버라인,6418601177,2022,0,0.0004,0,1,TN
주식회사에버라인,6418601177,2023,0,0.0008,0,1,TN
주식회사에버라인,6418601177,2024,0,0.0005,0,1,TN
주식회사동인스포츠,6438100505,2021,0,0.3508,1,0,FP
주식회사동인스포츠,6438100505,2022,0,0.0031,0,1,TN
주식회사동인스포츠,6438100505,2023,0,0.0011,0,1,TN
주식회사동인스포츠,6438100505,2024,0,0.0472,0,1,TN
주식회사대성축산기업,6458700371,2022,0,0.0003,0,1,TN
주식회사대성축산기업,6458700371,2023,0,0.0002,0,1,TN
주식회사대성축산기업,6458700371,2024,0,0.0003,0,1,TN
주식회사태영에프엔비,6478101689,2021,0,0.0013,0,1,TN
주식회사태영에프엔비,6478101689,2022,0,0.0287,0,1,TN
주식회사태영에프엔비,6478101689,2023,0,1e-04,0,1,TN
주식회사태영에프엔비,6478101689,2024,0,0.0002,0,1,TN
(주)코레코합섬,6498700505,2021,0,0.0007,0,1,TN
(주)코레코합섬,6498700505,2022,0,0.0102,0,1,TN
(주)코레코합섬,6498700505,2023,0,0.0004,0,1,TN
(주)코레코합섬,6498700505,2024,0,0.0029,0,1,TN
주식회사베니슈,6538600720,2021,0,0.1246,1,0,FP
주식회사베니슈,6538600720,2022,1,0.4788,1,1,TP
주식회사필트,6658701277,2021,0,0.0005,0,1,TN
주식회사필트,6658701277,2022,0,0.3124,1,0,FP
주식회사테난,6688801050,2021,0,0.0016,0,1,TN
주식회사테난,6688801050,2022,0,0.0002,0,1,TN
주식회사테난,6688801050,2023,0,0.0002,0,1,TN
주식회사테난,6688801050,2024,0,0.0003,0,1,TN
(주)화승엔터프라이즈,6858100299,2021,0,0.2182,1,0,FP
(주)화승엔터프라이즈,6858100299,2022,0,0.0028,0,1,TN
(주)화승엔터프라이즈,6858100299,2023,0,0.4029,1,0,FP
(주)화승엔터프라이즈,6858100299,2024,0,0.0025,0,1,TN
주식회사남강,6918600402,2021,0,0.0047,0,1,TN
주식회사남강,6918600402,2022,0,0.003,0,1,TN
주식회사남강,6918600402,2023,0,0.0039,0,1,TN
주식회사남강,6918600402,2024,0,0.0032,0,1,TN
(주)대농어패럴,6968102939,2022,0,0.0058,0,1,TN
(주)대농어패럴,6968102939,2023,0,0.0438,0,1,TN
(주)대농어패럴,6968102939,2024,1,0.1141,1,1,TP
(주)은일섬유,7098600493,2022,0,0.0028,0,1,TN
(주)은일섬유,7098600493,2023,0,0.0031,0,1,TN
디알에프티주식회사,7228700697,2022,0,0.0004,0,1,TN
디알에프티주식회사,7228700697,2023,0,1e-04,0,1,TN
디알에프티주식회사,7228700697,2024,0,0.0002,0,1,TN
주식회사라인바이린,7278101200,2021,0,0.001,0,1,TN
주식회사라인바이린,7278101200,2022,0,0.0003,0,1,TN
주식회사라인바이린,7278101200,2023,0,1e-04,0,1,TN
주식회사라인바이린,7278101200,2024,0,0.0002,0,1,TN
주식회사에이엠씨알,7308601517,2021,0,0.0002,0,1,TN
주식회사에이엠씨알,7308601517,2022,0,0.0006,0,1,TN
주식회사에이엠씨알,7308601517,2023,0,1e-04,0,1,TN
주식회사에이엠씨알,7308601517,2024,0,0.0002,0,1,TN
주식회사45스페이스(45space),7318701405,2022,0,0.0015,0,1,TN
주식회사45스페이스(45space),7318701405,2023,0,0.0003,0,1,TN
주식회사45스페이스(45space),7318701405,2024,0,0.002,0,1,TN
유진한일합섬주식회사,7348100946,2021,0,0.0002,0,1,TN
유진한일합섬주식회사,7348100946,2022,0,0.0135,0,1,TN
유진한일합섬주식회사,7348100946,2023,0,0.2725,1,0,FP
유진한일합섬주식회사,7348100946,2024,0,0.1477,1,0,FP
(주)그린바이오,7408600567,2021,0,0.0069,0,1,TN
(주)그린바이오,7408600567,2022,0,0.5663,1,0,FP
(주)그린바이오,7408600567,2023,1,0.3275,1,1,TP
주식회사컴포트랩,7448100453,2021,0,0.0004,0,1,TN
주식회사컴포트랩,7448100453,2022,0,0.0007,0,1,TN
주식회사컴포트랩,7448100453,2023,0,0.0003,0,1,TN
주식회사컴포트랩,7448100453,2024,0,0.0004,0,1,TN
(주)파이브스페이스,7608701757,2021,0,0.0004,0,1,TN
(주)파이브스페이스,7608701757,2022,0,0.0004,0,1,TN
(주)파이브스페이스,7608701757,2023,0,1e-04,0,1,TN
(주)파이브스페이스,7608701757,2024,0,0.0005,0,1,TN
(주)이터널그룹,7778601189,2021,0,0.0017,0,1,TN
(주)이터널그룹,7778601189,2022,0,0.0004,0,1,TN
(주)이터널그룹,7778601189,2023,0,0.0003,0,1,TN
(주)이터널그룹,7778601189,2024,0,0.0018,0,1,TN
주식회사크리에이션엘,8078602140,2021,0,0.0002,0,1,TN
주식회사크리에이션엘,8078602140,2022,0,0.0013,0,1,TN
주식회사크리에이션엘,8078602140,2023,0,0.0567,0,1,TN
주식회사크리에이션엘,8078602140,2024,0,0.2696,1,0,FP
주식회사케이티아이,8098101521,2021,0,0.0005,0,1,TN
주식회사케이티아이,8098101521,2022,0,1e-04,0,1,TN
주식회사케이티아이,8098101521,2023,0,1e-04,0,1,TN
주식회사케이티아이,8098101521,2024,0,1e-04,0,1,TN
(주)하고하우스,8208800547,2022,0,0.0086,0,1,TN
(주)하고하우스,8208800547,2023,0,0.6605,1,0,FP
(주)하고하우스,8208800547,2024,1,0.2193,1,1,TP
(주)알제이디,8268101040,2022,0,0.0015,0,1,TN
(주)알제이디,8268101040,2023,0,0.0028,0,1,TN
(주)알제이디,8268101040,2024,0,0.0373,0,1,TN
주식회사스카이세븐,8278101437,2021,1,0.9493,1,1,TP
주식회사올클리,8338800427,2022,0,0.0036,0,1,TN
주식회사올클리,8338800427,2023,0,0.0464,0,1,TN
주식회사올클리,8338800427,2024,0,0.3848,1,0,FP
(주)포트디자인랩,8358600230,2022,0,0.0012,0,1,TN
(주)포트디자인랩,8358600230,2023,0,0.0062,0,1,TN
(주)포트디자인랩,8358600230,2024,0,0.2007,1,0,FP
주식회사켈리드레노,8398800895,2022,0,0.0008,0,1,TN
주식회사켈리드레노,8398800895,2023,0,0.0003,0,1,TN
주식회사켈리드레노,8398800895,2024,0,0.0564,0,1,TN
주식회사로우클래식,8478701336,2021,0,0.0002,0,1,TN
주식회사로우클래식,8478701336,2022,0,0.0005,0,1,TN
주식회사로우클래식,8478701336,2023,0,0.0085,0,1,TN
주식회사로우클래식,8478701336,2024,0,0.0005,0,1,TN
알트코리아(주),8738601833,2021,0,0.0003,0,1,TN
알트코리아(주),8738601833,2022,0,0.0006,0,1,TN
알트코리아(주),8738601833,2023,0,0.4892,1,0,FP
알트코리아(주),8738601833,2024,0,0.48,1,0,FP
티에프제이글로벌,8918600259,2021,0,0.0184,0,1,TN
티에프제이글로벌,8918600259,2022,0,0.1593,1,0,FP
