회사명,사업자등록번호,회계년도,y_true,y_prob,y_pred,correct,error_type
주식회사초록뱀엔터테인먼트,1018184336,2014,0,0.0003,0,1,TN
주식회사초록뱀엔터테인먼트,1018184336,2015,0,0.0005,0,1,TN
주식회사초록뱀엔터테인먼트,1018184336,2016,0,0.0057,0,1,TN
주식회사초록뱀엔터테인먼트,1018184336,2017,0,0.0178,1,0,FP
주식회사초록뱀엔터테인먼트,1018184336,2018,0,0.001,0,1,TN
주식회사초록뱀엔터테인먼트,1018184336,2019,0,0.0032,0,1,TN
주식회사초록뱀엔터테인먼트,1018184336,2020,0,0.0068,0,1,TN
주식회사초록뱀엔터테인먼트,1018184336,2021,0,0.0934,1,0,FP
주식회사초록뱀엔터테인먼트,1018184336,2022,1,0.008,0,0,FN
(주)예감,1018192928,2014,0,0.1266,1,0,FP
주식회사현진시닝,1018626646,2016,0,0.0003,0,1,TN
주식회사현진시닝,1018626646,2017,0,0.0008,0,1,TN
주식회사현진시닝,1018626646,2018,0,0.0004,0,1,TN
주식회사현진시닝,1018626646,2019,0,0.0003,0,1,TN
주식회사현진시닝,1018626646,2020,0,0.0278,1,0,FP
주식회사현진시닝,1018626646,2021,0,0.055,1,0,FP
주식회사현진시닝,1018626646,2022,0,0.0016,0,1,TN
주식회사현진시닝,1018626646,2023,0,0.0022,0,1,TN
주식회사현진시닝,1018626646,2024,0,0.0025,0,1,TN
유진비디에스주식회사,1018633676,2014,0,0.0044,0,1,TN
유진비디에스주식회사,1018633676,2015,0,0.0009,0,1,TN
유진비디에스주식회사,1018633676,2016,0,0.0011,0,1,TN
유진비디에스주식회사,1018633676,2017,0,0.0011,0,1,TN
유진비디에스주식회사,1018633676,2018,0,0.0002,0,1,TN
유진비디에스주식회사,1018633676,2019,0,0.0401,1,0,FP
(주)연타운,1018644979,2016,0,0.0013,0,1,TN
(주)연타운,1018644979,2017,0,0.0707,1,0,FP
(주)연타운,1018644979,2018,0,0.0231,1,0,FP
(주)연타운,1018644979,2019,0,0.0373,1,0,FP
더케이예다함(주),1018649300,2014,0,0.169,1,0,FP
더케이예다함(주),1018649300,2015,0,0.0512,1,0,FP
더케이예다함(주),1018649300,2016,0,0.0372,1,0,FP
더케이예다함(주),1018649300,2017,0,0.041,1,0,FP
더케이예다함(주),1018649300,2018,0,0.0116,1,0,FP
더케이예다함(주),1018649300,2019,0,0.0105,1,0,FP
더케이예다함(주),1018649300,2020,0,0.0421,1,0,FP
더케이예다함(주),1018649300,2021,0,0.0398,1,0,FP
더케이예다함(주),1018649300,2022,0,0.0179,1,0,FP
더케이예다함(주),1018649300,2023,0,0.058,1,0,FP
더케이예다함(주),1018649300,2024,0,0.0301,1,0,FP
유진레저주식회사,1018653110,2015,0,0.0022,0,1,TN
유진레저주식회사,1018653110,2016,0,0.0119,1,0,FP
유진레저주식회사,1018653110,2017,0,0.0052,0,1,TN
유진레저주식회사,1018653110,2018,0,0.002,0,1,TN
유진레저주식회사,1018653110,2019,0,0.005,0,1,TN
유진레저주식회사,1018653110,2020,0,0.005,0,1,TN
유진레저주식회사,1018653110,2021,0,0.001,0,1,TN
유진레저주식회사,1018653110,2022,0,0.0009,0,1,TN
유진레저주식회사,1018653110,2023,0,0.0008,0,1,TN
유진레저주식회사,1018653110,2024,0,0.0018,0,1,TN
천룡종합개발(주),1028125209,2014,0,0.0292,1,0,FP
천룡종합개발(주),1028125209,2015,0,0.0697,1,0,FP
천룡종합개발(주),1028125209,2016,0,0.0497,1,0,FP
천룡종합개발(주),1028125209,2017,0,0.0426,1,0,FP
천룡종합개발(주),1028125209,2018,0,0.245,1,0,FP
천룡종합개발(주),1028125209,2019,0,0.0049,0,1,TN
천룡종합개발(주),1028125209,2020,0,0.0055,0,1,TN
천룡종합개발(주),1028125209,2021,0,0.0094,0,1,TN
천룡종합개발(주),1028125209,2022,0,0.0015,0,1,TN
천룡종합개발(주),1028125209,2023,0,0.0003,0,1,TN
천룡종합개발(주),1028125209,2024,0,0.0006,0,1,TN
주식회사석파문화원,1028140097,2014,1,0.9006,1,1,TP
농업회사법인주식회사여울,1028700457,2016,0,0.0034,0,1,TN
농업회사법인주식회사여울,1028700457,2017,0,0.0923,1,0,FP
농업회사법인주식회사여울,1028700457,2018,1,0.9639,1,1,TP
(주)피렌체,1038800480,2017,0,0.0058,0,1,TN
(주)피렌체,1038800480,2018,0,0.0608,1,0,FP
(주)피렌체,1038800480,2019,0,0.2344,1,0,FP
(주)피렌체,1038800480,2020,0,0.1658,1,0,FP
(주)피렌체,1038800480,2021,1,0.9726,1,1,TP
(주)피엠씨프러덕션,1048140579,2014,0,0.0011,0,1,TN
(주)피엠씨프러덕션,1048140579,2015,0,0.0008,0,1,TN
(주)피엠씨프러덕션,1048140579,2016,0,0.0083,0,1,TN
(주)피엠씨프러덕션,1048140579,2017,0,0.1081,1,0,FP
(주)피엠씨프러덕션,1048140579,2018,0,0.0039,0,1,TN
(주)피엠씨프러덕션,1048140579,2019,0,0.0024,0,1,TN
(주)피엠씨프러덕션,1048140579,2020,0,0.1662,1,0,FP
(주)피엠씨프러덕션,1048140579,2021,0,0.2395,1,0,FP
(주)피엠씨프러덕션,1048140579,2022,0,0.0149,1,0,FP
(주)피엠씨프러덕션,1048140579,2023,0,0.0004,0,1,TN
(주)피엠씨프러덕션,1048140579,2024,0,0.0004,0,1,TN
(주)대우전자서비스,1048142785,2014,0,0.0044,0,1,TN
(주)대우전자서비스,1048142785,2015,0,0.006,0,1,TN
(주)대우전자서비스,1048142785,2016,0,0.0052,0,1,TN
(주)대우전자서비스,1048142785,2017,0,0.0028,0,1,TN
(주)대우전자서비스,1048142785,2018,0,0.0011,0,1,TN
(주)교원투어,1048148192,2014,0,0.0012,0,1,TN
(주)교원투어,1048148192,2015,0,0.0744,1,0,FP
(주)교원투어,1048148192,2016,0,0.0451,1,0,FP
(주)교원투어,1048148192,2017,0,0.0193,1,0,FP
(주)교원투어,1048148192,2018,0,0.004,0,1,TN
(주)교원투어,1048148192,2019,0,0.0028,0,1,TN
(주)교원투어,1048148192,2020,0,0.0088,0,1,TN
(주)교원투어,1048148192,2021,0,0.0882,1,0,FP
(주)교원투어,1048148192,2022,1,0.2201,1,1,TP
그랜드코리아레저(주),1048196184,2014,0,0.0003,0,1,TN
그랜드코리아레저(주),1048196184,2015,0,0.0005,0,1,TN
그랜드코리아레저(주),1048196184,2016,0,0.0036,0,1,TN
그랜드코리아레저(주),1048196184,2017,0,0.0009,0,1,TN
그랜드코리아레저(주),1048196184,2018,0,0.0002,0,1,TN
그랜드코리아레저(주),1048196184,2019,0,0.0008,0,1,TN
그랜드코리아레저(주),1048196184,2020,0,0.088,1,0,FP
그랜드코리아레저(주),1048196184,2021,0,0.065,1,0,FP
그랜드코리아레저(주),1048196184,2022,1,0.0353,1,1,TP
래복,1048601101,2014,0,0.1554,1,0,FP
래복,1048601101,2015,0,0.1323,1,0,FP
래복,1048601101,2016,0,0.0046,0,1,TN
래복,1048601101,2017,0,0.0096,0,1,TN
주식회사제주미술관,1048608104,2014,0,0.0074,0,1,TN
주식회사제주미술관,1048608104,2015,0,0.045,1,0,FP
주식회사제주미술관,1048608104,2016,0,0.0113,1,0,FP
주식회사제주미술관,1048608104,2017,0,0.0068,0,1,TN
주식회사제주미술관,1048608104,2018,0,0.004,0,1,TN
주식회사제주미술관,1048608104,2019,0,0.0408,1,0,FP
제이티앤미디어(주),1048618688,2016,0,0.0017,0,1,TN
제이티앤미디어(주),1048618688,2017,0,0.0217,1,0,FP
제이티앤미디어(주),1048618688,2018,0,0.003,0,1,TN
제이티앤미디어(주),1048618688,2019,0,0.0011,0,1,TN
제이티앤미디어(주),1048618688,2020,0,0.0026,0,1,TN
(주)제주해양과학관,1048622085,2014,1,0.9512,1,1,TP
주식회사여수씨월드,1048626290,2014,0,0.0026,0,1,TN
주식회사여수씨월드,1048626290,2015,0,0.0056,0,1,TN
주식회사여수씨월드,1048626290,2016,0,0.0347,1,0,FP
주식회사여수씨월드,1048626290,2017,0,0.006,0,1,TN
주식회사여수씨월드,1048626290,2018,0,0.0095,0,1,TN
주식회사여수씨월드,1048626290,2019,0,0.0042,0,1,TN
주식회사여수씨월드,1048626290,2020,0,0.1214,1,0,FP
주식회사여수씨월드,1048626290,2021,0,0.001,0,1,TN
주식회사여수씨월드,1048626290,2022,0,0.0014,0,1,TN
주식회사여수씨월드,1048626290,2023,0,0.0004,0,1,TN
주식회사여수씨월드,1048626290,2024,0,0.0024,0,1,TN
(주)일산씨월드,1048628696,2014,0,0.1258,1,0,FP
(주)일산씨월드,1048628696,2015,0,0.1573,1,0,FP
(주)일산씨월드,1048628696,2016,0,0.0172,1,0,FP
(주)일산씨월드,1048628696,2017,0,0.0046,0,1,TN
(주)일산씨월드,1048628696,2018,0,0.002,0,1,TN
(주)일산씨월드,1048628696,2019,0,0.0028,0,1,TN
(주)일산씨월드,1048628696,2020,0,0.0818,1,0,FP
(주)일산씨월드,1048628696,2021,0,0.0886,1,0,FP
(주)일산씨월드,1048628696,2022,1,0.0465,1,1,TP
주식회사교원라이프,1048630469,2014,0,0.0334,1,0,FP
주식회사교원라이프,1048630469,2015,0,0.0254,1,0,FP
주식회사교원라이프,1048630469,2016,0,0.0592,1,0,FP
주식회사교원라이프,1048630469,2017,0,0.0451,1,0,FP
주식회사교원라이프,1048630469,2018,1,0.8856,1,1,TP
유한산업주식회사,1058123516,2014,0,0.0037,0,1,TN
유한산업주식회사,1058123516,2015,0,0.0041,0,1,TN
유한산업주식회사,1058123516,2016,0,0.0139,1,0,FP
유한산업주식회사,1058123516,2017,0,0.0084,0,1,TN
유한산업주식회사,1058123516,2018,0,0.0124,1,0,FP
유한산업주식회사,1058123516,2019,0,0.0308,1,0,FP
유한산업주식회사,1058123516,2020,0,0.1126,1,0,FP
유한산업주식회사,1058123516,2021,0,0.0089,0,1,TN
해비치컨트리클럽주식회사,1058137005,2014,0,0.04,1,0,FP
해비치컨트리클럽주식회사,1058137005,2015,0,0.0261,1,0,FP
해비치컨트리클럽주식회사,1058137005,2016,0,0.0395,1,0,FP
해비치컨트리클럽주식회사,1058137005,2017,0,0.0378,1,0,FP
해비치컨트리클럽주식회사,1058137005,2018,0,0.039,1,0,FP
해비치컨트리클럽주식회사,1058137005,2019,0,0.0124,1,0,FP
해비치컨트리클럽주식회사,1058137005,2020,0,0.4327,1,0,FP
해비치컨트리클럽주식회사,1058137005,2021,0,0.1217,1,0,FP
해비치컨트리클럽주식회사,1058137005,2022,0,0.0408,1,0,FP
해비치컨트리클럽주식회사,1058137005,2023,0,0.0573,1,0,FP
해비치컨트리클럽주식회사,1058137005,2024,0,0.0896,1,0,FP
(주)알티베이스,1058605167,2014,0,0.0098,0,1,TN
(주)알티베이스,1058605167,2015,0,0.1461,1,0,FP
(주)알티베이스,1058605167,2016,0,0.0112,1,0,FP
(주)알티베이스,1058605167,2017,0,0.0602,1,0,FP
(주)알티베이스,1058605167,2018,0,0.0035,0,1,TN
(주)알티베이스,1058605167,2019,0,0.0013,0,1,TN
(주)알티베이스,1058605167,2022,0,0.0011,0,1,TN
(주)알티베이스,1058605167,2023,0,0.0005,0,1,TN
(주)알티베이스,1058605167,2024,0,0.0024,0,1,TN
오토플러스주식회사,1058606429,2014,0,0.0193,1,0,FP
오토플러스주식회사,1058606429,2015,0,0.0096,0,1,TN
오토플러스주식회사,1058606429,2016,0,0.0069,0,1,TN
오토플러스주식회사,1058606429,2017,0,0.0343,1,0,FP
오토플러스주식회사,1058606429,2018,0,0.0483,1,0,FP
오토플러스주식회사,1058606429,2019,1,0.9149,1,1,TP
(주)골든블루마리나,1058639366,2016,0,0.001,0,1,TN
(주)골든블루마리나,1058639366,2017,0,0.0498,1,0,FP
(주)골든블루마리나,1058639366,2019,0,0.0167,1,0,FP
(주)골든블루마리나,1058639366,2020,0,0.0218,1,0,FP
(주)골든블루마리나,1058639366,2021,0,0.0294,1,0,FP
(주)골든블루마리나,1058639366,2022,0,0.1095,1,0,FP
(주)골든블루마리나,1058639366,2023,0,0.0325,1,0,FP
(주)골든블루마리나,1058639366,2024,0,0.0602,1,0,FP
(주)엔에스디영상,1058691101,2014,0,0.1582,1,0,FP
(주)엔에스디영상,1058691101,2015,0,0.0256,1,0,FP
(주)엔에스디영상,1058691101,2016,0,0.0312,1,0,FP
주식회사이엠케이뮤지컬컴퍼니,1058728060,2018,0,0.0016,0,1,TN
주식회사이엠케이뮤지컬컴퍼니,1058728060,2019,0,0.0023,0,1,TN
주식회사이엠케이뮤지컬컴퍼니,1058728060,2020,0,0.0038,0,1,TN
주식회사이엠케이뮤지컬컴퍼니,1058728060,2021,0,0.0007,0,1,TN
주식회사이엠케이뮤지컬컴퍼니,1058728060,2022,0,0.0121,1,0,FP
주식회사이엠케이뮤지컬컴퍼니,1058728060,2023,0,0.0008,0,1,TN
주식회사이엠케이뮤지컬컴퍼니,1058728060,2024,0,0.0037,0,1,TN
엠케스,1058762281,2021,0,0.0014,0,1,TN
엠케스,1058762281,2022,0,0.0829,1,0,FP
엠케스,1058762281,2023,0,0.0081,0,1,TN
엠케스,1058762281,2024,0,0.0183,1,0,FP
(주)라이브네이션코리아,1058765842,2014,0,0.0914,1,0,FP
(주)라이브네이션코리아,1058765842,2015,0,0.0046,0,1,TN
(주)라이브네이션코리아,1058765842,2016,0,0.0017,0,1,TN
(주)라이브네이션코리아,1058765842,2017,0,0.0021,0,1,TN
(주)라이브네이션코리아,1058765842,2018,0,0.0019,0,1,TN
(주)라이브네이션코리아,1058765842,2019,0,0.003,0,1,TN
(주)라이브네이션코리아,1058765842,2020,0,0.0492,1,0,FP
(주)라이브네이션코리아,1058765842,2022,0,0.0783,1,0,FP
(주)라이브네이션코리아,1058765842,2023,0,0.0028,0,1,TN
(주)라이브네이션코리아,1058765842,2024,0,0.2539,1,0,FP
주식회사웨딩그룹위더스영등포,1058772135,2018,0,0.0013,0,1,TN
주식회사웨딩그룹위더스영등포,1058772135,2019,0,0.001,0,1,TN
주식회사웨딩그룹위더스영등포,1058772135,2020,0,0.0004,0,1,TN
주식회사웨딩그룹위더스영등포,1058772135,2021,0,0.0018,0,1,TN
주식회사웨딩그룹위더스영등포,1058772135,2022,0,0.0002,0,1,TN
주식회사웨딩그룹위더스영등포,1058772135,2023,0,1e-04,0,1,TN
주식회사웨딩그룹위더스영등포,1058772135,2024,0,0.0002,0,1,TN
주식회사케이큐엔터테인먼트,1058790055,2019,0,0.0006,0,1,TN
주식회사케이큐엔터테인먼트,1058790055,2020,0,0.2735,1,0,FP
주식회사케이큐엔터테인먼트,1058790055,2021,0,0.0009,0,1,TN
주식회사케이큐엔터테인먼트,1058790055,2022,0,0.0006,0,1,TN
주식회사케이큐엔터테인먼트,1058790055,2023,0,0.0002,0,1,TN
주식회사케이큐엔터테인먼트,1058790055,2024,0,0.001,0,1,TN
주식회사성남시민프로축구단,1068135806,2014,0,0.1931,1,0,FP
주식회사성남시민프로축구단,1068135806,2015,1,0.9673,1,1,TP
주식회사리더스스타코리아,1068640473,2014,0,0.0007,0,1,TN
주식회사리더스스타코리아,1068640473,2015,0,0.0234,1,0,FP
주식회사리더스스타코리아,1068640473,2016,0,0.0192,1,0,FP
주식회사리더스스타코리아,1068640473,2017,0,0.0085,0,1,TN
주식회사리더스스타코리아,1068640473,2018,0,0.0072,0,1,TN
주식회사리더스스타코리아,1068640473,2019,0,0.0039,0,1,TN
주식회사리더스스타코리아,1068640473,2020,0,0.0059,0,1,TN
주식회사리더스스타코리아,1068640473,2021,0,0.0009,0,1,TN
주식회사리더스스타코리아,1068640473,2022,0,0.0014,0,1,TN
주식회사리더스스타코리아,1068640473,2023,0,0.0029,0,1,TN
주식회사리더스스타코리아,1068640473,2024,0,0.0007,0,1,TN
주식회사대노복지사업단,1068659521,2014,1,0.9147,1,1,TP
주식회사월드아이,1068669897,2016,0,0.0015,0,1,TN
주식회사월드아이,1068669897,2017,0,0.0423,1,0,FP
주식회사월드아이,1068669897,2018,0,0.0081,0,1,TN
주식회사월드아이,1068669897,2019,0,0.0036,0,1,TN
주식회사월드아이,1068669897,2020,0,0.0384,1,0,FP
주식회사월드아이,1068669897,2021,0,0.1345,1,0,FP
주식회사월드아이,1068669897,2022,0,0.0044,0,1,TN
주식회사월드아이,1068669897,2023,0,0.0013,0,1,TN
주식회사월드아이,1068669897,2024,0,0.0007,0,1,TN
한국통합상조(주),1068693970,2016,0,0.0006,0,1,TN
한국통합상조(주),1068693970,2017,0,0.0528,1,0,FP
한국통합상조(주),1068693970,2018,0,0.002,0,1,TN
한국통합상조(주),1068693970,2019,0,0.0113,1,0,FP
한국통합상조(주),1068693970,2020,0,0.0738,1,0,FP
한국통합상조(주),1068693970,2021,0,0.0142,1,0,FP
한국통합상조(주),1068693970,2022,0,0.0003,0,1,TN
한국통합상조(주),1068693970,2023,0,0.0004,0,1,TN
제이앤씨티주식회사,1068700099,2017,0,0.0025,0,1,TN
제이앤씨티주식회사,1068700099,2018,0,0.1226,1,0,FP
제이앤씨티주식회사,1068700099,2019,0,0.0034,0,1,TN
제이앤씨티주식회사,1068700099,2020,0,0.0003,0,1,TN
제이앤씨티주식회사,1068700099,2021,0,0.0007,0,1,TN
제이앤씨티주식회사,1068700099,2022,0,0.0003,0,1,TN
제이앤씨티주식회사,1068700099,2023,0,0.0002,0,1,TN
제이앤씨티주식회사,1068700099,2024,0,0.0002,0,1,TN
유모멘트주식회사,1068702253,2019,0,0.0035,0,1,TN
유모멘트주식회사,1068702253,2020,0,0.1726,1,0,FP
유모멘트주식회사,1068702253,2021,1,0.9865,1,1,TP
캥거루리퍼블릭,1068702888,2014,0,0.0026,0,1,TN
캥거루리퍼블릭,1068702888,2015,0,0.3152,1,0,FP
캥거루리퍼블릭,1068702888,2016,0,0.1143,1,0,FP
캥거루리퍼블릭,1068702888,2017,0,0.1053,1,0,FP
캥거루리퍼블릭,1068702888,2018,0,0.1714,1,0,FP
(주)두산베어스,1078113241,2014,0,0.0804,1,0,FP
(주)두산베어스,1078113241,2015,0,0.1696,1,0,FP
(주)두산베어스,1078113241,2016,1,0.9555,1,1,TP
(주)원정,1078136453,2014,0,0.0018,0,1,TN
(주)원정,1078136453,2015,0,0.0054,0,1,TN
(주)원정,1078136453,2016,0,0.0225,1,0,FP
(주)원정,1078136453,2017,0,0.1255,1,0,FP
(주)원정,1078136453,2018,0,0.0865,1,0,FP
(주)원정,1078136453,2019,1,0.9647,1,1,TP
스포츠토토(주),1078193565,2014,0,0.0009,0,1,TN
스포츠토토(주),1078193565,2015,0,0.0007,0,1,TN
한일전기씨에스주식회사,1078683330,2019,0,0.0008,0,1,TN
한일전기씨에스주식회사,1078683330,2020,0,0.0765,1,0,FP
한일전기씨에스주식회사,1078683330,2021,0,0.0735,1,0,FP
한일전기씨에스주식회사,1078683330,2022,0,0.0144,1,0,FP
한일전기씨에스주식회사,1078683330,2023,0,0.0162,1,0,FP
한일전기씨에스주식회사,1078683330,2024,0,0.0049,0,1,TN
(주)엠비씨플레이비,1078713471,2014,0,0.008,0,1,TN
(주)엠비씨플레이비,1078713471,2015,0,0.0021,0,1,TN
(주)엠비씨플레이비,1078713471,2016,0,0.0055,0,1,TN
(주)엠비씨플레이비,1078713471,2017,0,0.0019,0,1,TN
(주)엠비씨플레이비,1078713471,2018,0,0.0023,0,1,TN
(주)엠비씨플레이비,1078713471,2019,0,0.0004,0,1,TN
(주)엠비씨플레이비,1078713471,2020,0,0.0348,1,0,FP
(주)엠비씨플레이비,1078713471,2021,0,0.0283,1,0,FP
(주)엠비씨플레이비,1078713471,2022,0,0.0105,1,0,FP
(주)엠비씨플레이비,1078713471,2023,0,0.0516,1,0,FP
(주)엠비씨플레이비,1078713471,2024,0,0.2897,1,0,FP
(주)제이드컬쳐,1078755879,2014,1,0.9955,1,1,TP
주식회사태성에프앤알,1078777698,2022,0,0.0,0,1,TN
주식회사태성에프앤알,1078777698,2023,0,1e-04,0,1,TN
주식회사태성에프앤알,1078777698,2024,0,0.0003,0,1,TN
수협노량진수산주식회사,1088114995,2014,0,0.0137,1,0,FP
수협노량진수산주식회사,1088114995,2015,0,0.0172,1,0,FP
수협노량진수산주식회사,1088114995,2016,0,0.0603,1,0,FP
수협노량진수산주식회사,1088114995,2017,0,0.0341,1,0,FP
수협노량진수산주식회사,1088114995,2018,0,0.0032,0,1,TN
수협노량진수산주식회사,1088114995,2019,0,0.0019,0,1,TN
수협노량진수산주식회사,1088114995,2020,0,0.0037,0,1,TN
수협노량진수산주식회사,1088114995,2021,0,0.0161,1,0,FP
수협노량진수산주식회사,1088114995,2022,0,0.0028,0,1,TN
수협노량진수산주식회사,1088114995,2023,0,0.002,0,1,TN
수협노량진수산주식회사,1088114995,2024,0,0.0094,0,1,TN
주현의료법인상조주식회사,1088172942,2014,0,0.0033,0,1,TN
주현의료법인상조주식회사,1088172942,2015,0,0.0151,1,0,FP
주현의료법인상조주식회사,1088172942,2016,0,0.0363,1,0,FP
일산컨트리클럽주식회사,1088181572,2022,0,1e-04,0,1,TN
일산컨트리클럽주식회사,1088181572,2023,0,0.0014,0,1,TN
일산컨트리클럽주식회사,1088181572,2024,0,0.0034,0,1,TN
(주)코바이엔이,1088605642,2014,0,0.1149,1,0,FP
(주)코바이엔이,1088605642,2015,1,0.9841,1,1,TP
주식회사KBS비즈니스,1098120807,2014,0,0.0149,1,0,FP
주식회사KBS비즈니스,1098120807,2015,0,0.0131,1,0,FP
주식회사KBS비즈니스,1098120807,2016,0,0.0054,0,1,TN
주식회사KBS비즈니스,1098120807,2017,0,0.0018,0,1,TN
주식회사KBS비즈니스,1098120807,2018,0,0.0002,0,1,TN
주식회사KBS비즈니스,1098120807,2019,0,0.0004,0,1,TN
주식회사KBS비즈니스,1098120807,2020,0,0.0106,1,0,FP
주식회사KBS비즈니스,1098120807,2021,0,0.0011,0,1,TN
주식회사KBS비즈니스,1098120807,2022,0,0.0009,0,1,TN
주식회사KBS비즈니스,1098120807,2023,0,0.0006,0,1,TN
주식회사KBS비즈니스,1098120807,2024,0,0.0006,0,1,TN
신영종합개발주식회사,1098607226,2014,0,0.1241,1,0,FP
신영종합개발주식회사,1098607226,2015,1,0.923,1,1,TP
인서울27골프클럽주식회사,1098650494,2016,0,0.0025,0,1,TN
인서울27골프클럽주식회사,1098650494,2017,0,0.0956,1,0,FP
인서울27골프클럽주식회사,1098650494,2018,0,0.0245,1,0,FP
인서울27골프클럽주식회사,1098650494,2019,0,0.1228,1,0,FP
인서울27골프클럽주식회사,1098650494,2020,0,0.1366,1,0,FP
인서울27골프클럽주식회사,1098650494,2021,0,0.0052,0,1,TN
인서울27골프클럽주식회사,1098650494,2022,0,0.0032,0,1,TN
인서울27골프클럽주식회사,1098650494,2023,0,0.0025,0,1,TN
인서울27골프클럽주식회사,1098650494,2024,0,0.0073,0,1,TN
(주)남이섬,1108131565,2014,0,0.0006,0,1,TN
(주)남이섬,1108131565,2015,0,1e-04,0,1,TN
(주)남이섬,1108131565,2016,0,0.0026,0,1,TN
(주)남이섬,1108131565,2017,0,0.0003,0,1,TN
(주)남이섬,1108131565,2018,0,1e-04,0,1,TN
(주)남이섬,1108131565,2019,0,0.0003,0,1,TN
(주)남이섬,1108131565,2020,0,0.007,0,1,TN
(주)남이섬,1108131565,2021,0,0.0872,1,0,FP
(주)남이섬,1108131565,2022,1,0.0093,0,0,FN
서원레저주식회사,1108134204,2014,0,0.0051,0,1,TN
서원레저주식회사,1108134204,2015,0,0.0057,0,1,TN
서원레저주식회사,1108134204,2016,0,0.009,0,1,TN
서원레저주식회사,1108134204,2017,0,0.0053,0,1,TN
서원레저주식회사,1108134204,2018,0,0.0028,0,1,TN
서원레저주식회사,1108134204,2019,0,0.0054,0,1,TN
서원레저주식회사,1108134204,2020,0,0.004,0,1,TN
서원레저주식회사,1108134204,2021,0,0.0006,0,1,TN
서원레저주식회사,1108134204,2022,0,0.0015,0,1,TN
서원레저주식회사,1108134204,2023,0,0.0057,0,1,TN
서원레저주식회사,1108134204,2024,0,0.0051,0,1,TN
(주)유니디아,1108146807,2018,0,0.0039,0,1,TN
(주)유니디아,1108146807,2019,0,0.0137,1,0,FP
(주)유니디아,1108146807,2020,0,0.007,0,1,TN
(주)유니디아,1108146807,2021,0,0.0037,0,1,TN
(주)유니디아,1108146807,2022,0,0.0466,1,0,FP
(주)유니디아,1108146807,2023,0,0.037,1,0,FP
(주)유니디아,1108146807,2024,0,0.2418,1,0,FP
(주)준오뷰티,1108160003,2014,0,0.0006,0,1,TN
(주)준오뷰티,1108160003,2015,0,0.0002,0,1,TN
(주)준오뷰티,1108160003,2016,0,0.0007,0,1,TN
(주)준오뷰티,1108160003,2017,0,0.0008,0,1,TN
(주)준오뷰티,1108160003,2018,0,1e-04,0,1,TN
(주)준오뷰티,1108160003,2019,0,0.0005,0,1,TN
(주)준오뷰티,1108160003,2020,0,0.001,0,1,TN
(주)준오뷰티,1108160003,2021,0,0.0004,0,1,TN
(주)준오뷰티,1108160003,2022,0,0.0004,0,1,TN
(주)준오뷰티,1108160003,2023,0,0.0004,0,1,TN
(주)준오뷰티,1108160003,2024,0,0.0002,0,1,TN
백운산업개발주식회사,1108160395,2014,0,0.0127,1,0,FP
백운산업개발주식회사,1108160395,2015,0,0.115,1,0,FP
백운산업개발주식회사,1108160395,2016,0,0.0586,1,0,FP
주식회사팜스산업,1108171849,2014,0,0.0594,1,0,FP
주식회사팜스산업,1108171849,2015,0,0.0054,0,1,TN
주식회사팜스산업,1108171849,2016,0,0.0145,1,0,FP
주식회사팜스산업,1108171849,2017,0,0.0666,1,0,FP
주식회사팜스산업,1108171849,2018,0,0.003,0,1,TN
주식회사팜스산업,1108171849,2019,0,0.0254,1,0,FP
해피엔딩주식회사,1108177620,2019,0,0.0021,0,1,TN
해피엔딩주식회사,1108177620,2020,0,0.0028,0,1,TN
해피엔딩주식회사,1108177620,2021,0,0.0013,0,1,TN
해피엔딩주식회사,1108177620,2022,0,0.0043,0,1,TN
해피엔딩주식회사,1108177620,2023,0,0.0471,1,0,FP
해피엔딩주식회사,1108177620,2024,0,0.0065,0,1,TN
삼남개발(주),1118112843,2014,0,0.0029,0,1,TN
삼남개발(주),1118112843,2015,0,0.0066,0,1,TN
삼남개발(주),1118112843,2016,0,0.0045,0,1,TN
삼남개발(주),1118112843,2017,0,0.0037,0,1,TN
삼남개발(주),1118112843,2018,0,0.0005,0,1,TN
삼남개발(주),1118112843,2019,0,0.0009,0,1,TN
삼남개발(주),1118112843,2020,0,0.0033,0,1,TN
삼남개발(주),1118112843,2021,0,0.0016,0,1,TN
삼남개발(주),1118112843,2022,0,0.0006,0,1,TN
삼남개발(주),1118112843,2023,0,0.0007,0,1,TN
삼남개발(주),1118112843,2024,0,0.0008,0,1,TN
삼모흥업(주),1128100961,2014,0,0.0004,0,1,TN
삼모흥업(주),1128100961,2015,0,0.0002,0,1,TN
삼모흥업(주),1128100961,2016,0,0.0028,0,1,TN
삼모흥업(주),1128100961,2017,0,0.0003,0,1,TN
삼모흥업(주),1128100961,2018,0,0.0003,0,1,TN
삼모흥업(주),1128100961,2019,0,0.0012,0,1,TN
삼모흥업(주),1128100961,2020,0,0.0316,1,0,FP
삼모흥업(주),1128100961,2021,0,0.0405,1,0,FP
삼모흥업(주),1128100961,2022,0,0.0055,0,1,TN
삼모흥업(주),1128100961,2023,0,0.0003,0,1,TN
삼모흥업(주),1128100961,2024,0,0.0003,0,1,TN
주식회사미즈맘메디컬센터,1138669949,2014,0,0.0174,1,0,FP
주식회사미즈맘메디컬센터,1138669949,2015,0,0.0924,1,0,FP
주식회사미즈맘메디컬센터,1138669949,2016,0,0.1125,1,0,FP
주식회사미즈맘메디컬센터,1138669949,2017,1,0.8922,1,1,TP
(주)세영디앤씨,1148161794,2022,0,1e-04,0,1,TN
(주)세영디앤씨,1148161794,2023,0,0.0139,1,0,FP
(주)세영디앤씨,1148161794,2024,0,0.0568,1,0,FP
주식회사피더블유피,1148176152,2021,0,0.0005,0,1,TN
주식회사피더블유피,1148176152,2022,0,0.0596,1,0,FP
주식회사피더블유피,1148176152,2023,0,0.012,1,0,FP
주식회사미켈란스포츠센터,1148188283,2020,0,0.0059,0,1,TN
주식회사미켈란스포츠센터,1148188283,2021,0,0.0865,1,0,FP
주식회사미켈란스포츠센터,1148188283,2022,0,0.0015,0,1,TN
주식회사미켈란스포츠센터,1148188283,2023,0,0.0024,0,1,TN
주식회사미켈란스포츠센터,1148188283,2024,0,0.0014,0,1,TN
씨피씨개발주식회사,1148632746,2014,0,0.0045,0,1,TN
씨피씨개발주식회사,1148632746,2015,0,0.009,0,1,TN
씨피씨개발주식회사,1148632746,2016,0,0.0025,0,1,TN
씨피씨개발주식회사,1148632746,2017,0,0.0316,1,0,FP
씨피씨개발주식회사,1148632746,2018,0,0.0045,0,1,TN
씨피씨개발주식회사,1148632746,2019,0,0.008,0,1,TN
(주)아티스트컴퍼니,1148682149,2014,0,0.0011,0,1,TN
(주)아티스트컴퍼니,1148682149,2015,0,0.0078,0,1,TN
(주)아티스트컴퍼니,1148682149,2016,0,0.0097,0,1,TN
(주)아티스트컴퍼니,1148682149,2017,0,0.0212,1,0,FP
(주)아티스트컴퍼니,1148682149,2018,0,0.069,1,0,FP
(주)아티스트컴퍼니,1148682149,2019,0,0.0359,1,0,FP
(주)아티스트컴퍼니,1148682149,2020,0,0.1027,1,0,FP
(주)아티스트컴퍼니,1148682149,2021,1,0.8342,1,1,TP
주)두성디엔에스,1148685700,2020,0,0.0021,0,1,TN
주)두성디엔에스,1148685700,2021,0,0.1459,1,0,FP
주)두성디엔에스,1148685700,2022,1,0.0082,0,0,FN
휴먼라이프주식회사,1148694252,2014,0,0.0044,0,1,TN
휴먼라이프주식회사,1148694252,2015,0,0.2308,1,0,FP
휴먼라이프주식회사,1148694252,2016,1,0.8076,1,1,TP
(주)에스에스피기업,1148711452,2014,0,0.0361,1,0,FP
(주)에스에스피기업,1148711452,2015,1,0.981,1,1,TP
주식회사우전타워,1148715915,2014,0,0.0021,0,1,TN
주식회사우전타워,1148715915,2015,0,0.3837,1,0,FP
주식회사우전타워,1148715915,2016,1,0.9201,1,1,TP
보듬컴퍼니,1148719376,2020,0,0.0034,0,1,TN
보듬컴퍼니,1148719376,2021,0,0.0291,1,0,FP
보듬컴퍼니,1148719376,2022,0,0.0254,1,0,FP
보듬컴퍼니,1148719376,2023,0,0.0023,0,1,TN
보듬컴퍼니,1148719376,2024,0,0.1232,1,0,FP
(주)티에스개발,1168112076,2014,0,0.0132,1,0,FP
(주)티에스개발,1168112076,2015,0,0.0064,0,1,TN
(주)티에스개발,1168112076,2016,0,0.0025,0,1,TN
(주)티에스개발,1168112076,2017,0,0.0062,0,1,TN
(주)티에스개발,1168112076,2018,0,0.0069,0,1,TN
(주)티에스개발,1168112076,2019,0,0.0117,1,0,FP
(주)티에스개발,1168112076,2020,0,0.0035,0,1,TN
(주)티에스개발,1168112076,2021,0,0.0004,0,1,TN
(주)티에스개발,1168112076,2022,0,0.0011,0,1,TN
(주)티에스개발,1168112076,2023,0,0.0008,0,1,TN
(주)티에스개발,1168112076,2024,0,0.0103,1,0,FP
주식회사KBS아트비전,1168141095,2014,0,0.002,0,1,TN
주식회사KBS아트비전,1168141095,2015,0,0.0032,0,1,TN
주식회사KBS아트비전,1168141095,2016,0,0.0072,0,1,TN
주식회사KBS아트비전,1168141095,2017,0,0.0025,0,1,TN
주식회사KBS아트비전,1168141095,2018,0,0.0006,0,1,TN
주식회사KBS아트비전,1168141095,2019,0,0.0043,0,1,TN
주식회사KBS아트비전,1168141095,2020,0,0.0047,0,1,TN
주식회사KBS아트비전,1168141095,2021,0,0.0043,0,1,TN
주식회사KBS아트비전,1168141095,2022,0,0.0014,0,1,TN
주식회사KBS아트비전,1168141095,2023,0,0.0009,0,1,TN
주식회사KBS아트비전,1168141095,2024,0,0.0028,0,1,TN
(주)인텔로그디앤씨,1168151384,2014,0,0.1943,1,0,FP
(주)인텔로그디앤씨,1168151384,2015,0,0.1658,1,0,FP
(주)인텔로그디앤씨,1168151384,2016,0,0.1016,1,0,FP
(주)인텔로그디앤씨,1168151384,2017,0,0.1476,1,0,FP
(주)인텔로그디앤씨,1168151384,2018,0,0.108,1,0,FP
(주)인텔로그디앤씨,1168151384,2019,0,0.1876,1,0,FP
주식회사엠피엠지,1178141900,2021,0,0.0002,0,1,TN
주식회사엠피엠지,1178141900,2022,0,0.0046,0,1,TN
주식회사엠피엠지,1178141900,2023,0,0.0009,0,1,TN
주식회사엠피엠지,1178141900,2024,0,0.0033,0,1,TN
엘리에나호텔주식회사,1178162531,2021,0,0.0015,0,1,TN
엘리에나호텔주식회사,1178162531,2022,0,0.002,0,1,TN
엘리에나호텔주식회사,1178162531,2023,0,0.0024,0,1,TN
엘리에나호텔주식회사,1178162531,2024,0,0.0052,0,1,TN
(주)익성,1178168419,2014,0,0.001,0,1,TN
(주)익성,1178168419,2015,0,0.0012,0,1,TN
(주)익성,1178168419,2016,0,0.0096,0,1,TN
(주)익성,1178168419,2017,0,0.006,0,1,TN
(주)익성,1178168419,2018,0,0.0025,0,1,TN
(주)익성,1178168419,2019,0,0.0033,0,1,TN
(주)익성,1178168419,2020,0,0.0068,0,1,TN
(주)익성,1178168419,2021,0,0.0107,1,0,FP
(주)익성,1178168419,2022,0,0.1876,1,0,FP
(주)익성,1178168419,2023,1,0.0263,1,1,TP
롯데오토케어(주),1178183462,2017,0,0.0007,0,1,TN
롯데오토케어(주),1178183462,2018,0,0.0003,0,1,TN
롯데오토케어(주),1178183462,2019,0,0.0012,0,1,TN
롯데오토케어(주),1178183462,2020,0,0.0018,0,1,TN
롯데오토케어(주),1178183462,2021,0,0.0007,0,1,TN
롯데오토케어(주),1178183462,2022,0,0.0017,0,1,TN
롯데오토케어(주),1178183462,2023,0,0.0012,0,1,TN
롯데오토케어(주),1178183462,2024,0,0.0027,0,1,TN
(주)앤앤컴퍼니,1178189883,2019,0,0.0032,0,1,TN
(주)앤앤컴퍼니,1178189883,2020,0,0.3387,1,0,FP
(주)앤앤컴퍼니,1178189883,2021,0,0.0553,1,0,FP
(주)에스디하우징,1178193072,2019,0,0.0066,0,1,TN
(주)에스디하우징,1178193072,2020,0,0.0981,1,0,FP
(주)에스디하우징,1178193072,2021,1,0.9877,1,1,TP
주식회사경동티에스,1188108525,2018,0,0.0008,0,1,TN
주식회사경동티에스,1188108525,2019,0,0.0008,0,1,TN
주식회사경동티에스,1188108525,2020,0,0.0018,0,1,TN
주식회사경동티에스,1188108525,2021,0,0.0021,0,1,TN
주식회사경동티에스,1188108525,2022,0,0.0014,0,1,TN
주식회사경동티에스,1188108525,2023,0,1e-04,0,1,TN
주식회사경동티에스,1188108525,2024,0,0.0002,0,1,TN
(주)안세기술,1188109785,2019,0,0.0013,0,1,TN
(주)안세기술,1188109785,2020,0,0.002,0,1,TN
(주)안세기술,1188109785,2022,0,0.0028,0,1,TN
(주)안세기술,1188109785,2023,0,0.0016,0,1,TN
(주)안세기술,1188109785,2024,0,0.0014,0,1,TN
(주)캐슬렉스서울,1198105481,2014,0,0.0067,0,1,TN
(주)캐슬렉스서울,1198105481,2015,0,0.0138,1,0,FP
(주)캐슬렉스서울,1198105481,2016,0,0.0366,1,0,FP
(주)캐슬렉스서울,1198105481,2017,0,0.0654,1,0,FP
(주)캐슬렉스서울,1198105481,2018,0,0.0862,1,0,FP
(주)캐슬렉스서울,1198105481,2019,0,0.0496,1,0,FP
(주)캐슬렉스서울,1198105481,2020,0,0.0123,1,0,FP
(주)캐슬렉스서울,1198105481,2021,0,0.0024,0,1,TN
(주)캐슬렉스서울,1198105481,2022,0,0.0011,0,1,TN
(주)캐슬렉스서울,1198105481,2023,0,0.0159,1,0,FP
(주)캐슬렉스서울,1198105481,2024,0,0.0099,0,1,TN
주식회사샴발라,1198164267,2014,0,0.1127,1,0,FP
주식회사샴발라,1198164267,2015,1,0.9336,1,1,TP
(주)제이엠씨코퍼레이션,1198641842,2018,0,0.0002,0,1,TN
(주)제이엠씨코퍼레이션,1198641842,2019,0,0.0013,0,1,TN
(주)제이엠씨코퍼레이션,1198641842,2020,0,0.0008,0,1,TN
(주)제이엠씨코퍼레이션,1198641842,2021,0,0.002,0,1,TN
(주)제이엠씨코퍼레이션,1198641842,2022,0,0.0007,0,1,TN
(주)평산투자개발,1208106419,2014,0,0.03,1,0,FP
(주)평산투자개발,1208106419,2015,0,0.03,1,0,FP
(주)평산투자개발,1208106419,2016,0,0.0021,0,1,TN
(주)평산투자개발,1208106419,2017,0,0.0291,1,0,FP
(주)평산투자개발,1208106419,2018,0,0.0015,0,1,TN
(주)평산투자개발,1208106419,2019,0,0.0071,0,1,TN
(주)평산투자개발,1208106419,2020,0,0.0039,0,1,TN
(주)평산투자개발,1208106419,2021,0,0.0011,0,1,TN
(주)평산투자개발,1208106419,2022,0,0.0005,0,1,TN
(주)평산투자개발,1208106419,2023,0,0.0004,0,1,TN
(주)평산투자개발,1208106419,2024,0,0.0009,0,1,TN
(주)호반,1208116218,2014,0,0.0008,0,1,TN
(주)호반,1208116218,2015,0,0.0006,0,1,TN
(주)호반,1208116218,2016,0,0.002,0,1,TN
(주)호반,1208116218,2017,0,0.0014,0,1,TN
(주)호반,1208116218,2018,0,0.0003,0,1,TN
(주)호반,1208116218,2019,0,0.0007,0,1,TN
(주)호반,1208116218,2020,0,0.0162,1,0,FP
(주)호반,1208116218,2021,0,0.0211,1,0,FP
(주)호반,1208116218,2022,0,0.0017,0,1,TN
(주)호반,1208116218,2023,0,0.0007,0,1,TN
(주)호반,1208116218,2024,0,0.0012,0,1,TN
(주)마리진,1208654385,2014,0,0.0032,0,1,TN
(주)마리진,1208654385,2015,0,0.0021,0,1,TN
(주)마리진,1208654385,2016,0,0.0136,1,0,FP
(주)마리진,1208654385,2017,0,0.0059,0,1,TN
(주)마리진,1208654385,2018,0,0.0048,0,1,TN
(주)마리진,1208654385,2019,0,0.2679,1,0,FP
(주)마리진,1208654385,2020,0,0.1165,1,0,FP
(주)마리진,1208654385,2021,1,0.9906,1,1,TP
(주)프라이빗커브,1208673908,2019,0,0.0062,0,1,TN
(주)프라이빗커브,1208673908,2020,0,0.0083,0,1,TN
(주)프라이빗커브,1208673908,2022,0,0.0061,0,1,TN
(주)프라이빗커브,1208673908,2023,0,0.0025,0,1,TN
(주)프라이빗커브,1208673908,2024,0,0.0113,1,0,FP
(주)골프존카운티자산관리,1208691696,2014,1,0.9782,1,1,TP
한국여자프로골프투어주식회사,1208721445,2016,0,0.0005,0,1,TN
한국여자프로골프투어주식회사,1208721445,2017,0,0.0003,0,1,TN
한국여자프로골프투어주식회사,1208721445,2018,0,1e-04,0,1,TN
한국여자프로골프투어주식회사,1208721445,2019,0,1e-04,0,1,TN
한국여자프로골프투어주식회사,1208721445,2022,0,1e-04,0,1,TN
한국여자프로골프투어주식회사,1208721445,2023,0,0.0005,0,1,TN
한국여자프로골프투어주식회사,1208721445,2024,0,0.0,0,1,TN
크리스찬상조,1208725612,2015,0,0.0023,0,1,TN
크리스찬상조,1208725612,2016,0,0.0362,1,0,FP
크리스찬상조,1208725612,2017,0,0.0412,1,0,FP
크리스찬상조,1208725612,2018,0,0.0141,1,0,FP
크리스찬상조,1208725612,2019,0,0.0639,1,0,FP
크리스찬상조,1208725612,2020,0,0.2699,1,0,FP
크리스찬상조,1208725612,2021,0,0.0074,0,1,TN
크리스찬상조,1208725612,2022,0,0.0007,0,1,TN
크리스찬상조,1208725612,2023,0,0.0028,0,1,TN
크리스찬상조,1208725612,2024,0,0.0005,0,1,TN
주식회사대현하이웨이,1208730677,2014,0,0.0013,0,1,TN
주식회사대현하이웨이,1208730677,2015,0,0.0043,0,1,TN
주식회사대현하이웨이,1208730677,2016,0,0.0055,0,1,TN
주식회사대현하이웨이,1208730677,2017,0,0.0041,0,1,TN
주식회사대현하이웨이,1208730677,2018,0,0.0122,1,0,FP
주식회사대현하이웨이,1208730677,2019,0,0.3158,1,0,FP
주식회사대현하이웨이,1208730677,2020,1,0.8071,1,1,TP
주식회사벨티스톤,1208782345,2020,0,0.0055,0,1,TN
주식회사벨티스톤,1208782345,2021,0,0.0836,1,0,FP
주식회사벨티스톤,1208782345,2022,1,0.0007,0,0,FN
(주)더블제이디앤씨,1208787980,2015,0,0.003,0,1,TN
(주)더블제이디앤씨,1208787980,2016,0,0.0074,0,1,TN
(주)더블제이디앤씨,1208787980,2017,0,0.0026,0,1,TN
(주)더블제이디앤씨,1208787980,2018,0,0.0005,0,1,TN
(주)더블제이디앤씨,1208787980,2019,0,0.0026,0,1,TN
로얄링스주식회사,1208798658,2014,0,0.1463,1,0,FP
로얄링스주식회사,1208798658,2015,0,0.5084,1,0,FP
로얄링스주식회사,1208798658,2016,1,0.977,1,1,TP
주)유월드,1218171403,2015,0,0.0028,0,1,TN
주)유월드,1218171403,2016,0,0.0126,1,0,FP
주)유월드,1218171403,2017,0,0.0056,0,1,TN
주)유월드,1218171403,2018,0,0.1009,1,0,FP
주)유월드,1218171403,2019,0,0.1927,1,0,FP
베네치아코리아(주),1218174166,2014,1,0.9889,1,1,TP
주식회사엠,1218601673,2014,0,0.0026,0,1,TN
주식회사엠,1218601673,2015,0,0.1172,1,0,FP
주식회사엠,1218601673,2016,1,0.9467,1,1,TP
(주)왕산레저개발,1218612694,2014,0,0.0112,1,0,FP
(주)왕산레저개발,1218612694,2015,0,0.0586,1,0,FP
(주)왕산레저개발,1218612694,2016,0,0.1457,1,0,FP
(주)왕산레저개발,1218612694,2017,1,0.9386,1,1,TP
알에프케이알주식회사,1218621515,2014,0,0.0035,0,1,TN
알에프케이알주식회사,1218621515,2015,0,0.0573,1,0,FP
알에프케이알주식회사,1218621515,2016,0,0.1212,1,0,FP
알에프케이알주식회사,1218621515,2017,0,0.108,1,0,FP
알에프케이알주식회사,1218621515,2018,0,0.0214,1,0,FP
알에프케이알주식회사,1218621515,2019,0,0.0511,1,0,FP
알에프케이알주식회사,1218621515,2020,1,0.945,1,1,TP
주식회사소요나아트매니지먼트,1218641879,2019,0,0.0052,0,1,TN
주식회사소요나아트매니지먼트,1218641879,2020,0,0.008,0,1,TN
주식회사소요나아트매니지먼트,1218641879,2021,0,0.0109,1,0,FP
주식회사소요나아트매니지먼트,1218641879,2022,0,1e-04,0,1,TN
(주)인천장례식장,1228124145,2016,0,0.0006,0,1,TN
(주)인천장례식장,1228124145,2017,0,0.1768,1,0,FP
(주)인천장례식장,1228124145,2018,0,0.1628,1,0,FP
쌍용자동차부평정비사업소(주),1228171804,2014,0,0.0591,1,0,FP
쌍용자동차부평정비사업소(주),1228171804,2015,0,0.0045,0,1,TN
쌍용자동차부평정비사업소(주),1228171804,2016,0,0.0176,1,0,FP
쌍용자동차부평정비사업소(주),1228171804,2017,0,0.009,0,1,TN
쌍용자동차부평정비사업소(주),1228171804,2018,0,0.003,0,1,TN
쌍용자동차부평정비사업소(주),1228171804,2019,0,0.0047,0,1,TN
주식회사보릿골푸드,1228174117,2020,0,0.0012,0,1,TN
주식회사보릿골푸드,1228174117,2021,0,0.2261,1,0,FP
주식회사보릿골푸드,1228174117,2022,0,0.0268,1,0,FP
주식회사보릿골푸드,1228174117,2023,0,0.0018,0,1,TN
주식회사보릿골푸드,1228174117,2024,0,0.0046,0,1,TN
주식회사태인,1228629413,2014,0,0.0016,0,1,TN
주식회사태인,1228629413,2015,0,0.0015,0,1,TN
주식회사태인,1228629413,2016,0,0.0169,1,0,FP
주식회사태인,1228629413,2017,0,0.0028,0,1,TN
주식회사태인,1228629413,2018,0,0.003,0,1,TN
주식회사태인,1228629413,2019,0,0.0017,0,1,TN
주식회사태인,1228629413,2020,0,0.0009,0,1,TN
(주)훼미리월드,1238173504,2023,0,0.1647,1,0,FP
(주)훼미리월드,1238173504,2024,0,0.0091,0,1,TN
경안레저산업(주),1248135861,2014,0,0.1363,1,0,FP
경안레저산업(주),1248135861,2018,1,0.9608,1,1,TP
(주)엔씨씨,1248139663,2019,0,0.0302,1,0,FP
(주)엔씨씨,1248139663,2020,0,0.0029,0,1,TN
(주)엔씨씨,1248139663,2021,0,0.0094,0,1,TN
삼성전자서비스주식회사,1248158485,2014,0,0.0043,0,1,TN
삼성전자서비스주식회사,1248158485,2015,0,0.017,1,0,FP
삼성전자서비스주식회사,1248158485,2016,0,0.0269,1,0,FP
삼성전자서비스주식회사,1248158485,2017,0,0.005,0,1,TN
삼성전자서비스주식회사,1248158485,2018,0,0.0455,1,0,FP
삼성전자서비스주식회사,1248158485,2019,0,0.0288,1,0,FP
삼성전자서비스주식회사,1248158485,2020,0,0.0791,1,0,FP
삼성전자서비스주식회사,1248158485,2021,0,0.0011,0,1,TN
삼성전자서비스주식회사,1248158485,2022,0,0.0041,0,1,TN
삼성전자서비스주식회사,1248158485,2023,0,0.0045,0,1,TN
삼성전자서비스주식회사,1248158485,2024,0,0.034,1,0,FP
에스케이인텔릭스서비스(주),1248160109,2014,0,0.0058,0,1,TN
에스케이인텔릭스서비스(주),1248160109,2015,0,0.0072,0,1,TN
에스케이인텔릭스서비스(주),1248160109,2016,0,0.0839,1,0,FP
에스케이인텔릭스서비스(주),1248160109,2017,0,0.131,1,0,FP
에스케이인텔릭스서비스(주),1248160109,2018,0,0.005,0,1,TN
에스케이인텔릭스서비스(주),1248160109,2019,0,0.0522,1,0,FP
에스케이인텔릭스서비스(주),1248160109,2020,0,0.0463,1,0,FP
에스케이인텔릭스서비스(주),1248160109,2021,0,0.0258,1,0,FP
에스케이인텔릭스서비스(주),1248160109,2022,0,0.0087,0,1,TN
에스케이인텔릭스서비스(주),1248160109,2023,0,0.0229,1,0,FP
에스케이인텔릭스서비스(주),1248160109,2024,0,0.0115,1,0,FP
주식회사관악,1248180503,2014,0,0.0822,1,0,FP
주식회사관악,1248180503,2015,1,0.8918,1,1,TP
(주)대영베이스,1248198022,2014,0,0.0003,0,1,TN
(주)대영베이스,1248198022,2015,0,0.0004,0,1,TN
(주)대영베이스,1248198022,2016,0,0.0026,0,1,TN
(주)대영베이스,1248198022,2017,0,0.0031,0,1,TN
(주)대영베이스,1248198022,2018,0,0.0002,0,1,TN
(주)대영베이스,1248198022,2019,0,0.0006,0,1,TN
(주)대영베이스,1248198022,2020,0,0.0006,0,1,TN
(주)대영베이스,1248198022,2021,0,0.0004,0,1,TN
(주)대영베이스,1248198022,2022,0,0.0002,0,1,TN
(주)대영베이스,1248198022,2023,0,0.0002,0,1,TN
(주)대영베이스,1248198022,2024,0,1e-04,0,1,TN
주식회사리더스,1248603520,2014,0,0.0029,0,1,TN
주식회사리더스,1248603520,2015,0,0.0175,1,0,FP
주식회사리더스,1248603520,2016,0,0.0135,1,0,FP
주식회사리더스,1248603520,2017,0,0.0018,0,1,TN
주식회사리더스,1248603520,2018,0,0.0003,0,1,TN
주식회사리더스,1248603520,2019,0,0.0014,0,1,TN
주식회사리더스,1248603520,2020,0,0.0006,0,1,TN
주식회사리더스,1248603520,2021,0,0.0004,0,1,TN
주식회사리더스,1248603520,2022,0,0.0011,0,1,TN
주식회사리더스,1248603520,2023,0,0.0185,1,0,FP
주식회사리더스,1248603520,2024,0,0.1071,1,0,FP
주식회사다림개발,1248607171,2014,0,0.0018,0,1,TN
주식회사다림개발,1248607171,2015,0,0.0039,0,1,TN
주식회사다림개발,1248607171,2016,0,0.006,0,1,TN
주식회사다림개발,1248607171,2017,0,0.0027,0,1,TN
주식회사다림개발,1248607171,2018,0,0.0011,0,1,TN
주식회사다림개발,1248607171,2019,0,0.0014,0,1,TN
주식회사다림개발,1248607171,2020,0,0.0012,0,1,TN
주식회사다림개발,1248607171,2021,0,0.0026,0,1,TN
주식회사다림개발,1248607171,2022,0,0.0021,0,1,TN
주식회사다림개발,1248607171,2023,0,0.001,0,1,TN
주식회사다림개발,1248607171,2024,0,0.0043,0,1,TN
주식회사서산수골프앤리조트,1248607190,2014,0,0.1482,1,0,FP
주식회사서산수골프앤리조트,1248607190,2015,0,0.0798,1,0,FP
주식회사서산수골프앤리조트,1248607190,2016,0,0.128,1,0,FP
주식회사서산수골프앤리조트,1248607190,2017,0,0.0023,0,1,TN
주식회사서산수골프앤리조트,1248607190,2018,0,0.0007,0,1,TN
주식회사서산수골프앤리조트,1248607190,2019,0,0.003,0,1,TN
주식회사서산수골프앤리조트,1248607190,2020,0,0.0034,0,1,TN
주식회사서산수골프앤리조트,1248607190,2021,0,0.0005,0,1,TN
주식회사서산수골프앤리조트,1248607190,2022,0,0.0007,0,1,TN
주식회사서산수골프앤리조트,1248607190,2023,0,0.001,0,1,TN
주식회사서산수골프앤리조트,1248607190,2024,0,0.0014,0,1,TN
(주)금당개발,1248612368,2014,0,0.0025,0,1,TN
(주)금당개발,1248612368,2015,0,0.0013,0,1,TN
(주)지씨진천,1248624210,2014,0,0.0863,1,0,FP
(주)지씨진천,1248624210,2015,1,0.8657,1,1,TP
주식회사삼성에이치제이에스,1248629802,2014,0,0.0092,0,1,TN
주식회사삼성에이치제이에스,1248629802,2015,0,0.241,1,0,FP
주식회사삼성에이치제이에스,1248629802,2016,0,0.0389,1,0,FP
주식회사도약,1248642106,2014,0,0.0159,1,0,FP
주식회사도약,1248642106,2015,1,0.9791,1,1,TP
(주)남경레저,1248657410,2020,0,0.0198,1,0,FP
(주)남경레저,1248657410,2021,1,0.9735,1,1,TP
주식회사디에스에스에프앤비,1248731436,2018,0,0.0078,0,1,TN
주식회사디에스에스에프앤비,1248731436,2019,0,0.1076,1,0,FP
주식회사디에스에스에프앤비,1248731436,2020,1,0.9347,1,1,TP
주식회사파티웨딩유,1248742200,2014,0,0.0012,0,1,TN
주식회사파티웨딩유,1248742200,2015,0,0.0013,0,1,TN
주식회사파티웨딩유,1248742200,2016,0,0.0067,0,1,TN
주식회사파티웨딩유,1248742200,2017,0,0.0059,0,1,TN
주식회사파티웨딩유,1248742200,2018,0,0.0023,0,1,TN
주식회사파티웨딩유,1248742200,2019,0,0.0068,0,1,TN
주식회사청학,1248747393,2014,0,0.0011,0,1,TN
주식회사청학,1248747393,2015,0,0.0228,1,0,FP
주식회사청학,1248747393,2016,0,0.012,1,0,FP
주식회사청학,1248747393,2017,0,0.0372,1,0,FP
주식회사청학,1248747393,2018,0,0.005,0,1,TN
주식회사청학,1248747393,2019,0,0.005,0,1,TN
(주)한일,1258105429,2014,0,0.0123,1,0,FP
(주)한일,1258105429,2015,0,0.0161,1,0,FP
(주)한일,1258105429,2016,0,0.0156,1,0,FP
(주)한일,1258105429,2017,0,0.0051,0,1,TN
(주)한일,1258105429,2018,0,0.0018,0,1,TN
(주)한일,1258105429,2019,0,0.0017,0,1,TN
(주)한일,1258105429,2020,0,0.0049,0,1,TN
(주)한일,1258105429,2021,0,0.0006,0,1,TN
(주)한일,1258105429,2022,0,0.0005,0,1,TN
(주)한일,1258105429,2023,0,0.0003,0,1,TN
(주)한일,1258105429,2024,0,0.0002,0,1,TN
(주)대한공업사,1258115854,2014,0,0.0093,0,1,TN
(주)대한공업사,1258115854,2015,0,0.0007,0,1,TN
(주)대한공업사,1258115854,2016,0,0.0033,0,1,TN
(주)대한공업사,1258115854,2017,0,0.002,0,1,TN
(주)대한공업사,1258115854,2018,0,0.0038,0,1,TN
(주)대한공업사,1258115854,2019,0,0.0061,0,1,TN
(주)대한공업사,1258115854,2020,0,0.0015,0,1,TN
(주)대한공업사,1258115854,2021,0,0.0039,0,1,TN
(주)대한공업사,1258115854,2022,0,0.0031,0,1,TN
(주)대한공업사,1258115854,2023,0,0.0019,0,1,TN
(주)대한공업사,1258115854,2024,0,0.0011,0,1,TN
신안종합레져(주),1258169855,2014,0,0.0655,1,0,FP
신안종합레져(주),1258169855,2015,0,0.1891,1,0,FP
신안종합레져(주),1258169855,2016,0,0.0255,1,0,FP
신안종합레져(주),1258169855,2017,0,0.0828,1,0,FP
신안종합레져(주),1258169855,2018,0,0.0132,1,0,FP
신안종합레져(주),1258169855,2019,0,0.0077,0,1,TN
신안종합레져(주),1258169855,2020,0,0.0018,0,1,TN
신안종합레져(주),1258169855,2021,0,0.0004,0,1,TN
신안종합레져(주),1258169855,2022,0,0.0006,0,1,TN
신안종합레져(주),1258169855,2023,0,0.0002,0,1,TN
신안종합레져(주),1258169855,2024,0,0.0028,0,1,TN
(주)지엘브이,1258174227,2018,0,0.0007,0,1,TN
(주)지엘브이,1258174227,2019,0,0.0006,0,1,TN
(주)지엘브이,1258174227,2020,0,0.0024,0,1,TN
(주)지엘브이,1258174227,2023,0,0.0008,0,1,TN
(주)지엘브이,1258174227,2024,0,0.009,0,1,TN
주식회사서영,1258600375,2014,0,0.0721,1,0,FP
(주)제이앤제이아트컨벤션,1258621351,2015,0,0.0021,0,1,TN
(주)제이앤제이아트컨벤션,1258621351,2016,0,0.0586,1,0,FP
(주)제이앤제이아트컨벤션,1258621351,2017,0,0.013,1,0,FP
(주)제이앤제이아트컨벤션,1258621351,2018,0,0.0013,0,1,TN
(주)제이앤제이아트컨벤션,1258621351,2019,0,0.0042,0,1,TN
(주)제이앤제이아트컨벤션,1258621351,2020,0,0.0526,1,0,FP
(주)제이앤제이아트컨벤션,1258621351,2021,0,0.047,1,0,FP
(주)제이앤제이아트컨벤션,1258621351,2022,0,0.0022,0,1,TN
(주)제이앤제이아트컨벤션,1258621351,2023,0,0.0088,0,1,TN
(주)제이앤제이아트컨벤션,1258621351,2024,0,0.015,1,0,FP
주식회사티웨딩,1258625978,2017,0,0.0011,0,1,TN
주식회사티웨딩,1258625978,2018,0,0.1341,1,0,FP
주식회사티웨딩,1258625978,2019,0,0.0055,0,1,TN
주식회사티웨딩,1258625978,2020,0,0.0023,0,1,TN
주식회사티웨딩,1258625978,2021,0,0.0027,0,1,TN
주식회사티웨딩,1258625978,2022,0,0.0017,0,1,TN
주식회사티웨딩,1258625978,2023,0,0.0019,0,1,TN
주식회사티웨딩,1258625978,2024,0,0.0025,0,1,TN
아이.지.앰.주식회사,1268100112,2014,0,0.0007,0,1,TN
아이.지.앰.주식회사,1268100112,2015,0,0.0009,0,1,TN
아이.지.앰.주식회사,1268100112,2016,0,0.0033,0,1,TN
아이.지.앰.주식회사,1268100112,2017,0,0.0015,0,1,TN
아이.지.앰.주식회사,1268100112,2018,0,0.0019,0,1,TN
아이.지.앰.주식회사,1268100112,2019,0,0.0017,0,1,TN
아이.지.앰.주식회사,1268100112,2020,0,0.0007,0,1,TN
아이.지.앰.주식회사,1268100112,2021,0,0.0004,0,1,TN
아이.지.앰.주식회사,1268100112,2022,0,0.0003,0,1,TN
아이.지.앰.주식회사,1268100112,2023,0,0.0002,0,1,TN
아이.지.앰.주식회사,1268100112,2024,0,0.0002,0,1,TN
호반써밋주식회사,1268103875,2014,0,0.0017,0,1,TN
호반써밋주식회사,1268103875,2015,0,0.014,1,0,FP
호반써밋주식회사,1268103875,2016,0,0.0056,0,1,TN
호반써밋주식회사,1268103875,2017,0,0.0042,0,1,TN
호반써밋주식회사,1268103875,2018,0,0.0049,0,1,TN
호반써밋주식회사,1268103875,2019,0,0.0027,0,1,TN
호반써밋주식회사,1268103875,2020,0,0.0777,1,0,FP
호반써밋주식회사,1268103875,2021,0,0.0005,0,1,TN
호반써밋주식회사,1268103875,2022,0,0.0012,0,1,TN
호반써밋주식회사,1268103875,2023,0,0.0007,0,1,TN
호반써밋주식회사,1268103875,2024,0,0.0149,1,0,FP
주식회사동승골프앤리조트,1268106663,2014,0,0.0986,1,0,FP
주식회사동승골프앤리조트,1268106663,2015,0,0.0514,1,0,FP
주식회사동승골프앤리조트,1268106663,2016,0,0.0089,0,1,TN
주식회사동승골프앤리조트,1268106663,2017,0,0.0404,1,0,FP
주식회사동승골프앤리조트,1268106663,2018,0,0.0007,0,1,TN
주식회사동승골프앤리조트,1268106663,2019,0,0.0027,0,1,TN
주식회사동승골프앤리조트,1268106663,2020,0,0.002,0,1,TN
주식회사동승골프앤리조트,1268106663,2021,0,0.0006,0,1,TN
주식회사동승골프앤리조트,1268106663,2022,0,0.0003,0,1,TN
주식회사동승골프앤리조트,1268106663,2023,0,0.0002,0,1,TN
주식회사동승골프앤리조트,1268106663,2024,0,0.0006,0,1,TN
보광개발(주),1268106794,2014,1,0.9316,1,1,TP
청남관광주식회사,1268107852,2014,1,0.966,1,1,TP
(주)금강레저,1268107997,2014,0,0.0029,0,1,TN
(주)금강레저,1268107997,2015,0,0.0075,0,1,TN
(주)금강레저,1268107997,2016,0,0.0028,0,1,TN
(주)금강레저,1268107997,2017,0,0.0014,0,1,TN
(주)금강레저,1268107997,2018,0,0.0003,0,1,TN
(주)금강레저,1268107997,2019,0,0.0008,0,1,TN
(주)금강레저,1268107997,2020,0,0.0015,0,1,TN
(주)금강레저,1268107997,2021,0,0.0002,0,1,TN
(주)금강레저,1268107997,2022,0,0.0003,0,1,TN
(주)금강레저,1268107997,2023,0,1e-04,0,1,TN
(주)금강레저,1268107997,2024,0,0.0002,0,1,TN
강남300컨트리클럽주식회사,1268108429,2014,0,0.3274,1,0,FP
강남300컨트리클럽주식회사,1268108429,2015,1,0.9565,1,1,TP
신안개발주식회사,1268117286,2014,0,0.3248,1,0,FP
신안개발주식회사,1268117286,2015,1,0.9802,1,1,TP
남여주레저개발주식회사,1268117608,2014,0,0.0005,0,1,TN
남여주레저개발주식회사,1268117608,2015,0,0.0002,0,1,TN
남여주레저개발주식회사,1268117608,2016,0,0.0017,0,1,TN
남여주레저개발주식회사,1268117608,2017,0,0.0013,0,1,TN
남여주레저개발주식회사,1268117608,2018,0,0.0003,0,1,TN
남여주레저개발주식회사,1268117608,2019,0,0.0009,0,1,TN
남여주레저개발주식회사,1268117608,2020,0,0.0019,0,1,TN
남여주레저개발주식회사,1268117608,2021,0,0.0011,0,1,TN
남여주레저개발주식회사,1268117608,2022,0,1e-04,0,1,TN
남여주레저개발주식회사,1268117608,2023,0,1e-04,0,1,TN
남여주레저개발주식회사,1268117608,2024,0,0.0003,0,1,TN
에이케이레저주식회사,1268145517,2014,0,0.0097,0,1,TN
에이케이레저주식회사,1268145517,2015,0,0.0095,0,1,TN
에이케이레저주식회사,1268145517,2016,0,0.0293,1,0,FP
에이케이레저주식회사,1268145517,2017,0,0.0068,0,1,TN
에이케이레저주식회사,1268145517,2018,0,0.0199,1,0,FP
에이케이레저주식회사,1268145517,2019,0,0.0324,1,0,FP
에이케이레저주식회사,1268145517,2020,1,0.9334,1,1,TP
주식회사중앙스포츠,1268160333,2014,0,0.001,0,1,TN
주식회사중앙스포츠,1268160333,2015,0,0.002,0,1,TN
주식회사중앙스포츠,1268160333,2016,0,0.0058,0,1,TN
주식회사중앙스포츠,1268160333,2017,0,0.0025,0,1,TN
주식회사중앙스포츠,1268160333,2018,0,0.0032,0,1,TN
주식회사중앙스포츠,1268160333,2019,0,0.0069,0,1,TN
(주)렉스필드컨트리클럽,1268171408,2014,1,0.9557,1,1,TP
스카이캐슬,1268188549,2014,0,0.0023,0,1,TN
스카이캐슬,1268188549,2015,0,0.0066,0,1,TN
스카이캐슬,1268188549,2016,0,0.0043,0,1,TN
스카이캐슬,1268188549,2017,0,0.0021,0,1,TN
스카이캐슬,1268188549,2018,0,0.0042,0,1,TN
동광레저주식회사,1268191030,2014,1,0.9886,1,1,TP
(주)아리지,1268191082,2014,0,0.0005,0,1,TN
(주)아리지,1268191082,2015,0,0.0009,0,1,TN
(주)아리지,1268191082,2016,0,0.0012,0,1,TN
(주)아리지,1268191082,2017,0,0.0008,0,1,TN
(주)아리지,1268191082,2018,0,0.0003,0,1,TN
(주)아리지,1268191082,2019,0,0.0005,0,1,TN
(주)아리지,1268191082,2020,0,0.0005,0,1,TN
(주)아리지,1268191082,2021,0,0.0003,0,1,TN
(주)아리지,1268191082,2022,0,0.0002,0,1,TN
(주)아리지,1268191082,2023,0,0.0,0,1,TN
(주)아리지,1268191082,2024,0,1e-04,0,1,TN
주식회사희석그린,1268602997,2014,0,0.0326,1,0,FP
주식회사희석그린,1268602997,2015,0,0.0934,1,0,FP
주식회사희석그린,1268602997,2016,0,0.0615,1,0,FP
주식회사희석그린,1268602997,2017,0,0.0669,1,0,FP
주식회사희석그린,1268602997,2018,0,0.0989,1,0,FP
주식회사희석그린,1268602997,2019,0,0.1348,1,0,FP
주식회사동군,1268604321,2014,0,0.0006,0,1,TN
주식회사동군,1268604321,2015,0,0.0016,0,1,TN
주식회사동군,1268604321,2016,0,0.0043,0,1,TN
주식회사동군,1268604321,2017,0,0.0019,0,1,TN
주식회사동군,1268604321,2018,0,0.0023,0,1,TN
주식회사동군,1268604321,2019,0,0.0008,0,1,TN
주식회사동군,1268604321,2020,0,0.0008,0,1,TN
주식회사동군,1268604321,2021,0,0.0003,0,1,TN
주식회사동군,1268604321,2022,0,0.0002,0,1,TN
주식회사동군,1268604321,2023,0,0.0002,0,1,TN
주식회사동군,1268604321,2024,0,0.0006,0,1,TN
임광개발주식회사,1268616507,2014,0,0.0091,0,1,TN
임광개발주식회사,1268616507,2015,0,0.1527,1,0,FP
임광개발주식회사,1268616507,2016,0,0.0035,0,1,TN
임광개발주식회사,1268616507,2017,0,0.0448,1,0,FP
임광개발주식회사,1268616507,2018,0,0.0067,0,1,TN
임광개발주식회사,1268616507,2019,0,0.0093,0,1,TN
임광개발주식회사,1268616507,2020,0,0.0327,1,0,FP
임광개발주식회사,1268616507,2021,0,0.0071,0,1,TN
임광개발주식회사,1268616507,2022,0,0.0004,0,1,TN
임광개발주식회사,1268616507,2023,0,0.0006,0,1,TN
임광개발주식회사,1268616507,2024,0,0.0005,0,1,TN
광주투자개발주식회사,1268617433,2014,0,0.0058,0,1,TN
광주투자개발주식회사,1268617433,2015,0,0.0039,0,1,TN
광주투자개발주식회사,1268617433,2016,0,0.0029,0,1,TN
광주투자개발주식회사,1268617433,2017,0,0.0015,0,1,TN
광주투자개발주식회사,1268617433,2018,0,0.001,0,1,TN
광주투자개발주식회사,1268617433,2019,0,0.0014,0,1,TN
광주투자개발주식회사,1268617433,2020,0,0.0045,0,1,TN
광주투자개발주식회사,1268617433,2021,0,0.0032,0,1,TN
광주투자개발주식회사,1268617433,2022,0,0.1104,1,0,FP
광주투자개발주식회사,1268617433,2023,0,0.0536,1,0,FP
광주투자개발주식회사,1268617433,2024,0,0.0341,1,0,FP
(주)이천설봉온천,1268659898,2017,0,0.0055,0,1,TN
(주)이천설봉온천,1268659898,2018,0,0.0061,0,1,TN
(주)이천설봉온천,1268659898,2019,0,0.0041,0,1,TN
(주)이천설봉온천,1268659898,2020,0,0.084,1,0,FP
(주)이천설봉온천,1268659898,2021,0,0.0861,1,0,FP
(주)이천설봉온천,1268659898,2022,1,0.2475,1,1,TP
주식회사송운개발,1268700676,2017,0,0.0065,0,1,TN
주식회사송운개발,1268700676,2018,0,0.1014,1,0,FP
주식회사송운개발,1268700676,2019,1,0.9768,1,1,TP
주식회사귀뚜라미랜드,1278112886,2014,0,0.0011,0,1,TN
주식회사귀뚜라미랜드,1278112886,2015,0,0.0003,0,1,TN
주식회사귀뚜라미랜드,1278112886,2016,0,0.0007,0,1,TN
주식회사귀뚜라미랜드,1278112886,2017,0,0.0009,0,1,TN
주식회사귀뚜라미랜드,1278112886,2018,0,1e-04,0,1,TN
주식회사귀뚜라미랜드,1278112886,2019,0,1e-04,0,1,TN
주식회사귀뚜라미랜드,1278112886,2020,0,0.0006,0,1,TN
주식회사귀뚜라미랜드,1278112886,2021,0,0.0003,0,1,TN
주식회사귀뚜라미랜드,1278112886,2022,0,1e-04,0,1,TN
주식회사귀뚜라미랜드,1278112886,2023,0,1e-04,0,1,TN
주식회사귀뚜라미랜드,1278112886,2024,0,1e-04,0,1,TN
농심개발주식회사,1278113551,2014,0,0.1342,1,0,FP
농심개발주식회사,1278113551,2015,0,0.2556,1,0,FP
농심개발주식회사,1278113551,2016,0,0.1129,1,0,FP
농심개발주식회사,1278113551,2017,0,0.0549,1,0,FP
농심개발주식회사,1278113551,2018,0,0.0731,1,0,FP
농심개발주식회사,1278113551,2019,0,0.0397,1,0,FP
농심개발주식회사,1278113551,2020,0,0.0052,0,1,TN
농심개발주식회사,1278113551,2021,0,0.0008,0,1,TN
농심개발주식회사,1278113551,2022,0,0.0046,0,1,TN
농심개발주식회사,1278113551,2023,0,0.0022,0,1,TN
농심개발주식회사,1278113551,2024,0,0.0098,0,1,TN
삼보개발주식회사,1278127642,2014,0,0.0003,0,1,TN
삼보개발주식회사,1278127642,2015,0,0.0006,0,1,TN
삼보개발주식회사,1278127642,2016,0,0.0003,0,1,TN
삼보개발주식회사,1278127642,2017,0,0.0004,0,1,TN
삼보개발주식회사,1278127642,2018,0,1e-04,0,1,TN
삼보개발주식회사,1278127642,2019,0,0.0015,0,1,TN
삼보개발주식회사,1278127642,2020,0,0.0007,0,1,TN
삼보개발주식회사,1278127642,2021,0,0.0004,0,1,TN
삼보개발주식회사,1278127642,2022,0,0.0003,0,1,TN
삼보개발주식회사,1278127642,2023,0,1e-04,0,1,TN
삼보개발주식회사,1278127642,2024,0,1e-04,0,1,TN
(주)유경,1278134537,2016,0,0.0012,0,1,TN
(주)유경,1278134537,2017,0,0.0315,1,0,FP
(주)유경,1278134537,2018,0,0.064,1,0,FP
(주)신우,1278149122,2014,0,0.0137,1,0,FP
(주)신우,1278149122,2015,0,0.0086,0,1,TN
(주)신우,1278149122,2016,0,0.0054,0,1,TN
(주)신우,1278149122,2017,0,0.0056,0,1,TN
(주)신우,1278149122,2018,0,0.0053,0,1,TN
(주)신우,1278149122,2019,0,0.0087,0,1,TN
(주)아트파크,1278192459,2014,0,0.0105,1,0,FP
(주)아트파크,1278192459,2015,0,0.1236,1,0,FP
(주)아트파크,1278192459,2016,0,0.1108,1,0,FP
(주)아트파크,1278192459,2017,1,0.9506,1,1,TP
화현개발주식회사,1278602011,2014,0,0.0007,0,1,TN
화현개발주식회사,1278602011,2015,0,0.0029,0,1,TN
화현개발주식회사,1278602011,2016,0,0.0051,0,1,TN
화현개발주식회사,1278602011,2017,0,0.0025,0,1,TN
화현개발주식회사,1278602011,2018,0,0.0046,0,1,TN
화현개발주식회사,1278602011,2019,0,0.0058,0,1,TN
화현개발주식회사,1278602011,2020,0,0.0041,0,1,TN
화현개발주식회사,1278602011,2021,0,0.0007,0,1,TN
화현개발주식회사,1278602011,2022,0,0.0003,0,1,TN
화현개발주식회사,1278602011,2023,0,0.0005,0,1,TN
화현개발주식회사,1278602011,2024,0,0.0019,0,1,TN
(주)아트밸리,1278610786,2014,0,0.0419,1,0,FP
(주)아트밸리,1278610786,2015,0,0.0046,0,1,TN
(주)아트밸리,1278610786,2016,0,0.0132,1,0,FP
(주)아트밸리,1278610786,2017,0,0.0073,0,1,TN
(주)아트밸리,1278610786,2018,0,0.0011,0,1,TN
(주)아트밸리,1278610786,2019,0,0.002,0,1,TN
백학관광개발원주식회사,1278621207,2014,0,0.022,1,0,FP
백학관광개발원주식회사,1278621207,2015,0,0.0933,1,0,FP
백학관광개발원주식회사,1278621207,2016,1,0.9619,1,1,TP
라싸디벨로프먼트주식회사,1278623923,2014,1,0.9917,1,1,TP
(주)우정라이프,1278626099,2017,0,0.0016,0,1,TN
(주)우정라이프,1278626099,2018,0,0.3141,1,0,FP
(주)우정라이프,1278626099,2019,1,0.9659,1,1,TP
소요산야구공원주식회사,1278643894,2017,0,0.01,1,0,FP
소요산야구공원주식회사,1278643894,2018,0,0.1275,1,0,FP
소요산야구공원주식회사,1278643894,2019,1,0.9665,1,1,TP
주식회사더플레이어스,1278802034,2020,0,0.0004,0,1,TN
주식회사더플레이어스,1278802034,2021,0,0.001,0,1,TN
주식회사더플레이어스,1278802034,2022,0,0.0036,0,1,TN
주식회사더플레이어스,1278802034,2023,0,0.0299,1,0,FP
주식회사더플레이어스,1278802034,2024,0,0.1838,1,0,FP
(주)한양컨트리클럽,1288100438,2014,0,0.0134,1,0,FP
(주)한양컨트리클럽,1288100438,2015,0,0.0054,0,1,TN
(주)한양컨트리클럽,1288100438,2016,0,0.0047,0,1,TN
(주)한양컨트리클럽,1288100438,2017,0,0.0038,0,1,TN
(주)한양컨트리클럽,1288100438,2018,0,0.0047,0,1,TN
(주)한양컨트리클럽,1288100438,2019,0,0.0121,1,0,FP
(주)한양컨트리클럽,1288100438,2020,0,0.008,0,1,TN
(주)한양컨트리클럽,1288100438,2021,0,0.0006,0,1,TN
(주)한양컨트리클럽,1288100438,2022,0,0.0025,0,1,TN
(주)한양컨트리클럽,1288100438,2023,0,0.0009,0,1,TN
(주)한양컨트리클럽,1288100438,2024,0,0.0017,0,1,TN
신고려관광주식회사,1288100442,2014,0,0.0019,0,1,TN
신고려관광주식회사,1288100442,2015,0,0.0006,0,1,TN
신고려관광주식회사,1288100442,2016,0,0.001,0,1,TN
신고려관광주식회사,1288100442,2017,0,0.0006,0,1,TN
신고려관광주식회사,1288100442,2018,0,0.0003,0,1,TN
신고려관광주식회사,1288100442,2019,0,0.0005,0,1,TN
신고려관광주식회사,1288100442,2020,0,0.0008,0,1,TN
신고려관광주식회사,1288100442,2021,0,0.0002,0,1,TN
신고려관광주식회사,1288100442,2022,0,0.0004,0,1,TN
신고려관광주식회사,1288100442,2023,0,0.0003,0,1,TN
신고려관광주식회사,1288100442,2024,0,0.0004,0,1,TN
주식회사올림픽컨트리클럽,1288106238,2014,0,0.0005,0,1,TN
주식회사올림픽컨트리클럽,1288106238,2015,0,0.001,0,1,TN
주식회사올림픽컨트리클럽,1288106238,2021,0,0.0009,0,1,TN
주식회사올림픽컨트리클럽,1288106238,2022,0,0.0003,0,1,TN
주식회사올림픽컨트리클럽,1288106238,2023,0,0.0006,0,1,TN
주식회사올림픽컨트리클럽,1288106238,2024,0,0.0648,1,0,FP
호반서서울(주),1288106427,2014,0,0.0279,1,0,FP
호반서서울(주),1288106427,2015,0,0.0041,0,1,TN
호반서서울(주),1288106427,2016,0,0.0019,0,1,TN
호반서서울(주),1288106427,2017,0,0.0014,0,1,TN
호반서서울(주),1288106427,2018,0,0.001,0,1,TN
호반서서울(주),1288106427,2019,0,0.0024,0,1,TN
호반서서울(주),1288106427,2020,0,0.0009,0,1,TN
호반서서울(주),1288106427,2021,0,0.0003,0,1,TN
호반서서울(주),1288106427,2022,0,0.0003,0,1,TN
호반서서울(주),1288106427,2023,0,0.0007,0,1,TN
호반서서울(주),1288106427,2024,0,0.0028,0,1,TN
주식회사오토킹,1288138405,2018,0,0.0049,0,1,TN
주식회사오토킹,1288138405,2019,0,0.0246,1,0,FP
주식회사오토킹,1288138405,2023,1,0.1137,1,1,TP
(주)파주컨트리클럽,1288147170,2014,0,0.0002,0,1,TN
(주)파주컨트리클럽,1288147170,2015,0,0.0003,0,1,TN
(주)파주컨트리클럽,1288147170,2016,0,0.0015,0,1,TN
(주)파주컨트리클럽,1288147170,2017,0,0.0004,0,1,TN
(주)파주컨트리클럽,1288147170,2018,0,1e-04,0,1,TN
(주)파주컨트리클럽,1288147170,2019,0,0.0002,0,1,TN
(주)파주컨트리클럽,1288147170,2020,0,0.0016,0,1,TN
(주)파주컨트리클럽,1288147170,2021,0,0.0004,0,1,TN
(주)파주컨트리클럽,1288147170,2022,0,0.0004,0,1,TN
(주)파주컨트리클럽,1288147170,2023,0,0.0006,0,1,TN
(주)파주컨트리클럽,1288147170,2024,0,0.0006,0,1,TN
(주)자유로청아공원,1288148994,2014,0,0.0003,0,1,TN
(주)자유로청아공원,1288148994,2015,0,0.0011,0,1,TN
(주)자유로청아공원,1288148994,2016,0,0.0028,0,1,TN
(주)자유로청아공원,1288148994,2017,0,0.0019,0,1,TN
(주)자유로청아공원,1288148994,2018,0,0.0004,0,1,TN
(주)자유로청아공원,1288148994,2019,0,0.002,0,1,TN
(주)자유로청아공원,1288148994,2020,0,0.0021,0,1,TN
(주)자유로청아공원,1288148994,2021,0,0.0009,0,1,TN
(주)자유로청아공원,1288148994,2022,0,0.0023,0,1,TN
(주)자유로청아공원,1288148994,2023,0,0.0014,0,1,TN
(주)자유로청아공원,1288148994,2024,0,0.0201,1,0,FP
린텍스기업주식회사,1288151640,2015,0,0.0044,0,1,TN
린텍스기업주식회사,1288151640,2016,0,0.3267,1,0,FP
린텍스기업주식회사,1288151640,2017,0,0.0351,1,0,FP
린텍스기업주식회사,1288151640,2018,0,0.0248,1,0,FP
린텍스기업주식회사,1288151640,2019,0,0.0076,0,1,TN
린텍스기업주식회사,1288151640,2020,0,0.0027,0,1,TN
린텍스기업주식회사,1288151640,2021,0,0.001,0,1,TN
린텍스기업주식회사,1288151640,2022,0,0.002,0,1,TN
린텍스기업주식회사,1288151640,2023,0,0.0006,0,1,TN
린텍스기업주식회사,1288151640,2024,0,0.0014,0,1,TN
(주)지엔지트럭센터,1288174997,2015,0,0.0052,0,1,TN
(주)지엔지트럭센터,1288174997,2016,0,0.0131,1,0,FP
(주)지엔지트럭센터,1288174997,2017,0,0.0083,0,1,TN
(주)지엔지트럭센터,1288174997,2018,0,0.004,0,1,TN
(주)지엔지트럭센터,1288174997,2019,0,0.0039,0,1,TN
(주)지엔지트럭센터,1288174997,2020,0,0.001,0,1,TN
(주)지엔지트럭센터,1288174997,2021,0,0.0005,0,1,TN
(주)지엔지트럭센터,1288174997,2022,0,0.0053,0,1,TN
(주)지엔지트럭센터,1288174997,2023,0,0.0017,0,1,TN
(주)지엔지트럭센터,1288174997,2024,0,0.002,0,1,TN
주식회사경암,1288191773,2020,0,0.0029,0,1,TN
주식회사경암,1288191773,2021,0,0.0012,0,1,TN
주식회사경암,1288191773,2022,0,0.0003,0,1,TN
주식회사경암,1288191773,2023,0,0.0057,0,1,TN
주식회사경암,1288191773,2024,0,0.005,0,1,TN
주식회사원마운트,1288629293,2014,1,0.9927,1,1,TP
경원건설주식회사,1298100028,2014,0,0.0007,0,1,TN
경원건설주식회사,1298100028,2015,0,0.0008,0,1,TN
경원건설주식회사,1298100028,2016,0,0.002,0,1,TN
경원건설주식회사,1298100028,2017,0,0.001,0,1,TN
경원건설주식회사,1298100028,2018,0,0.0005,0,1,TN
경원건설주식회사,1298100028,2019,0,0.0011,0,1,TN
경원건설주식회사,1298100028,2020,0,0.0005,0,1,TN
경원건설주식회사,1298100028,2021,0,0.0004,0,1,TN
경원건설주식회사,1298100028,2022,0,0.0007,0,1,TN
경원건설주식회사,1298100028,2023,0,0.0003,0,1,TN
경원건설주식회사,1298100028,2024,0,0.0007,0,1,TN
주식회사다온플랜,1298658694,2014,0,0.0297,1,0,FP
주식회사다온플랜,1298658694,2015,0,0.0118,1,0,FP
주식회사다온플랜,1298658694,2016,0,0.0155,1,0,FP
주식회사다온플랜,1298658694,2017,0,0.0286,1,0,FP
주식회사다온플랜,1298658694,2018,0,0.0325,1,0,FP
주식회사다온플랜,1298658694,2019,0,0.0257,1,0,FP
주식회사다온플랜,1298658694,2020,0,0.0303,1,0,FP
주식회사다온플랜,1298658694,2021,0,0.0281,1,0,FP
주식회사다온플랜,1298658694,2022,0,0.0627,1,0,FP
주식회사다온플랜,1298658694,2023,0,0.0229,1,0,FP
주식회사다온플랜,1298658694,2024,0,0.2495,1,0,FP
주식회사케이디헬스케어,1298666817,2018,0,0.0002,0,1,TN
주식회사케이디헬스케어,1298666817,2019,0,0.0004,0,1,TN
주식회사케이디헬스케어,1298666817,2020,0,0.0076,0,1,TN
주식회사케이디헬스케어,1298666817,2021,0,0.01,1,0,FP
주식회사케이디헬스케어,1298666817,2022,0,0.0372,1,0,FP
주식회사케이디헬스케어,1298666817,2023,0,0.0075,0,1,TN
주식회사케이디헬스케어,1298666817,2024,0,0.0014,0,1,TN
(주)부천장례예식장,1308151890,2017,0,0.0006,0,1,TN
(주)부천장례예식장,1308151890,2018,0,0.0009,0,1,TN
(주)부천장례예식장,1308151890,2019,0,0.0019,0,1,TN
(주)부천장례예식장,1308151890,2020,0,0.0097,0,1,TN
(주)부천장례예식장,1308151890,2021,0,0.0005,0,1,TN
(주)부천장례예식장,1308151890,2022,0,0.0002,0,1,TN
(주)부천장례예식장,1308151890,2023,0,1e-04,0,1,TN
(주)부천장례예식장,1308151890,2024,0,1e-04,0,1,TN
이케이월드,1308154301,2014,1,0.987,1,1,TP
(주)인철스카이정비,1308187404,2015,0,0.0032,0,1,TN
(주)인철스카이정비,1308187404,2016,0,0.2026,1,0,FP
(주)인철스카이정비,1308187404,2017,0,0.0642,1,0,FP
주식회사새라컴퍼니,1308688242,2020,0,0.0008,0,1,TN
주식회사새라컴퍼니,1308688242,2021,0,0.0027,0,1,TN
주식회사새라컴퍼니,1308688242,2022,0,0.001,0,1,TN
주식회사새라컴퍼니,1308688242,2023,0,0.0012,0,1,TN
주식회사새라컴퍼니,1308688242,2024,0,0.0061,0,1,TN
(주)씨앤케이건설,1318106651,2016,0,0.0014,0,1,TN
(주)씨앤케이건설,1318106651,2017,0,0.0013,0,1,TN
(주)씨앤케이건설,1318106651,2018,0,0.0002,0,1,TN
(주)씨앤케이건설,1318106651,2019,0,0.012,1,0,FP
(주)씨앤케이건설,1318106651,2020,0,0.0106,1,0,FP
(주)씨앤케이건설,1318106651,2021,0,0.002,0,1,TN
(주)씨앤케이건설,1318106651,2022,0,0.0872,1,0,FP
(주)씨앤케이건설,1318106651,2023,0,0.4479,1,0,FP
(주)씨앤케이건설,1318106651,2024,1,0.1991,1,1,TP
(주)동인천서비스,1318143068,2017,0,0.0024,0,1,TN
(주)동인천서비스,1318143068,2018,0,0.1312,1,0,FP
(주)동인천서비스,1318143068,2019,0,0.0183,1,0,FP
(주)동인천서비스,1318143068,2024,0,0.0398,1,0,FP
(주)대호아이알,1318152801,2014,0,0.0031,0,1,TN
(주)대호아이알,1318152801,2015,0,0.0058,0,1,TN
(주)대호아이알,1318152801,2016,0,0.005,0,1,TN
(주)대호아이알,1318152801,2017,0,0.0075,0,1,TN
(주)대호아이알,1318152801,2018,0,0.0007,0,1,TN
(주)대호아이알,1318152801,2019,0,0.0042,0,1,TN
(주)대호아이알,1318152801,2020,0,0.0028,0,1,TN
(주)대호아이알,1318152801,2021,0,0.0007,0,1,TN
(주)대호아이알,1318152801,2022,0,0.001,0,1,TN
(주)대호아이알,1318152801,2023,0,0.0261,1,0,FP
(주)대호아이알,1318152801,2024,0,0.0391,1,0,FP
(주)신세계야구단,1318154702,2015,0,0.0022,0,1,TN
(주)신세계야구단,1318154702,2016,0,0.008,0,1,TN
(주)신세계야구단,1318154702,2017,1,0.9507,1,1,TP
(주)오렌지링스,1318627947,2014,0,0.0003,0,1,TN
(주)오렌지링스,1318627947,2015,0,0.0006,0,1,TN
(주)오렌지링스,1318627947,2016,0,0.0083,0,1,TN
(주)오렌지링스,1318627947,2017,0,0.0003,0,1,TN
(주)오렌지링스,1318627947,2018,0,1e-04,0,1,TN
(주)오렌지링스,1318627947,2019,0,0.0005,0,1,TN
(주)오렌지링스,1318627947,2020,0,0.0007,0,1,TN
(주)오렌지링스,1318627947,2021,0,0.0002,0,1,TN
(주)오렌지링스,1318627947,2022,0,0.0002,0,1,TN
(주)오렌지링스,1318627947,2023,0,1e-04,0,1,TN
(주)오렌지링스,1318627947,2024,0,0.001,0,1,TN
주식회사인천오토컴퍼니,1318628010,2018,0,0.005,0,1,TN
주식회사인천오토컴퍼니,1318628010,2019,0,0.0112,1,0,FP
주식회사인천오토컴퍼니,1318628010,2021,0,0.0012,0,1,TN
주식회사인천오토컴퍼니,1318628010,2022,0,0.1471,1,0,FP
주식회사인천오토컴퍼니,1318628010,2023,0,0.0608,1,0,FP
주식회사인천오토컴퍼니,1318628010,2024,1,0.0274,1,1,TP
송도블루오션골프클럽(주),1318649766,2014,0,0.0628,1,0,FP
송도블루오션골프클럽(주),1318649766,2015,0,0.1409,1,0,FP
송도블루오션골프클럽(주),1318649766,2016,1,0.9458,1,1,TP
주식회사다함레저,1328104132,2014,0,0.0007,0,1,TN
주식회사다함레저,1328104132,2015,0,0.0032,0,1,TN
주식회사다함레저,1328104132,2016,0,0.0017,0,1,TN
주식회사다함레저,1328104132,2017,0,0.0046,0,1,TN
주식회사다함레저,1328104132,2018,0,0.0065,0,1,TN
주식회사다함레저,1328104132,2019,0,0.0011,0,1,TN
주식회사다함레저,1328104132,2020,0,0.0035,0,1,TN
주식회사다함레저,1328104132,2021,0,0.0005,0,1,TN
주식회사다함레저,1328104132,2022,0,0.0005,0,1,TN
주식회사다함레저,1328104132,2023,0,0.0004,0,1,TN
주식회사다함레저,1328104132,2024,0,0.0004,0,1,TN
근영농산주식회사,1328105295,2014,0,0.001,0,1,TN
근영농산주식회사,1328105295,2015,0,0.0008,0,1,TN
근영농산주식회사,1328105295,2016,0,0.0018,0,1,TN
근영농산주식회사,1328105295,2017,0,0.0011,0,1,TN
근영농산주식회사,1328105295,2018,0,0.0006,0,1,TN
근영농산주식회사,1328105295,2019,0,0.0008,0,1,TN
근영농산주식회사,1328105295,2020,0,0.0013,0,1,TN
근영농산주식회사,1328105295,2021,0,0.0002,0,1,TN
근영농산주식회사,1328105295,2022,0,0.0002,0,1,TN
근영농산주식회사,1328105295,2023,0,0.0009,0,1,TN
근영농산주식회사,1328105295,2024,0,0.0031,0,1,TN
(주)나인스포렉스,1328153900,2014,0,0.0032,0,1,TN
(주)나인스포렉스,1328153900,2015,0,0.0143,1,0,FP
(주)나인스포렉스,1328153900,2016,0,0.0121,1,0,FP
(주)나인스포렉스,1328153900,2017,0,0.0094,0,1,TN
(주)나인스포렉스,1328153900,2018,0,0.0016,0,1,TN
(주)나인스포렉스,1328153900,2019,0,0.0037,0,1,TN
(주)나인스포렉스,1328153900,2020,0,0.0038,0,1,TN
(주)나인스포렉스,1328153900,2021,0,0.0014,0,1,TN
(주)나인스포렉스,1328153900,2022,0,0.0029,0,1,TN
(주)나인스포렉스,1328153900,2023,0,0.0054,0,1,TN
(주)나인스포렉스,1328153900,2024,0,0.0111,1,0,FP
농업회사법인주식회사아침고요수목원,1328161545,2014,0,0.0003,0,1,TN
농업회사법인주식회사아침고요수목원,1328161545,2015,0,0.0005,0,1,TN
농업회사법인주식회사아침고요수목원,1328161545,2016,0,0.0009,0,1,TN
농업회사법인주식회사아침고요수목원,1328161545,2017,0,0.0003,0,1,TN
농업회사법인주식회사아침고요수목원,1328161545,2018,0,1e-04,0,1,TN
농업회사법인주식회사아침고요수목원,1328161545,2019,0,0.0002,0,1,TN
주식회사플라밍고,1328176714,2018,0,0.0104,1,0,FP
주식회사플라밍고,1328176714,2019,0,0.1834,1,0,FP
주식회사플라밍고,1328176714,2020,1,0.9725,1,1,TP
(주)갤럭시아에스엠,1348102367,2014,0,0.0395,1,0,FP
(주)갤럭시아에스엠,1348102367,2015,0,0.0035,0,1,TN
(주)갤럭시아에스엠,1348102367,2016,0,0.077,1,0,FP
(주)갤럭시아에스엠,1348102367,2017,0,0.0255,1,0,FP
(주)갤럭시아에스엠,1348102367,2018,1,0.8311,1,1,TP
(주)한국티씨엠,1348617429,2019,0,0.0004,0,1,TN
(주)한국티씨엠,1348617429,2020,0,0.0008,0,1,TN
(주)한국티씨엠,1348617429,2021,0,0.0023,0,1,TN
(주)한국티씨엠,1348617429,2022,0,0.0007,0,1,TN
(주)한국티씨엠,1348617429,2023,0,0.0002,0,1,TN
(주)한국티씨엠,1348617429,2024,0,0.0004,0,1,TN
(주)더헤븐리조트,1348638098,2014,0,0.0294,1,0,FP
(주)더헤븐리조트,1348638098,2015,0,0.0154,1,0,FP
(주)더헤븐리조트,1348638098,2016,0,0.0598,1,0,FP
(주)더헤븐리조트,1348638098,2017,0,0.1421,1,0,FP
(주)더헤븐리조트,1348638098,2018,0,0.0084,0,1,TN
(주)더헤븐리조트,1348638098,2019,0,0.0196,1,0,FP
(주)더헤븐리조트,1348638098,2020,0,0.0697,1,0,FP
(주)더헤븐리조트,1348638098,2021,0,0.0176,1,0,FP
(주)더헤븐리조트,1348638098,2022,0,0.0052,0,1,TN
(주)더헤븐리조트,1348638098,2023,0,0.0156,1,0,FP
(주)더헤븐리조트,1348638098,2024,0,0.086,1,0,FP
(주)코스모스제일장례식장,1348679823,2014,0,0.0018,0,1,TN
(주)코스모스제일장례식장,1348679823,2015,0,0.0024,0,1,TN
(주)코스모스제일장례식장,1348679823,2016,0,0.0148,1,0,FP
(주)코스모스제일장례식장,1348679823,2017,0,0.0021,0,1,TN
(주)코스모스제일장례식장,1348679823,2018,0,0.0009,0,1,TN
(주)코스모스제일장례식장,1348679823,2019,0,0.0017,0,1,TN
(주)코스모스제일장례식장,1348679823,2020,0,0.0038,0,1,TN
(주)코스모스제일장례식장,1348679823,2021,0,0.0005,0,1,TN
(주)코스모스제일장례식장,1348679823,2022,0,0.0017,0,1,TN
(주)코스모스제일장례식장,1348679823,2023,0,0.0014,0,1,TN
(주)코스모스제일장례식장,1348679823,2024,0,0.0008,0,1,TN
안산스포츠파크주식회사,1348705707,2016,0,0.0027,0,1,TN
안산스포츠파크주식회사,1348705707,2017,0,0.1175,1,0,FP
안산스포츠파크주식회사,1348705707,2018,0,0.0841,1,0,FP
안산스포츠파크주식회사,1348705707,2019,1,0.9354,1,1,TP
(주)지디그룹,1348715035,2014,0,0.0011,0,1,TN
(주)지디그룹,1348715035,2015,0,0.0095,0,1,TN
(주)지디그룹,1348715035,2016,0,0.0285,1,0,FP
(주)지디그룹,1348715035,2017,0,0.0028,0,1,TN
(주)지디그룹,1348715035,2018,0,0.0017,0,1,TN
(주)지디그룹,1348715035,2019,0,0.002,0,1,TN
(주)지디그룹,1348715035,2020,0,0.0984,1,0,FP
(주)지디그룹,1348715035,2021,0,0.1069,1,0,FP
(주)지디그룹,1348715035,2022,0,0.0026,0,1,TN
(주)지디그룹,1348715035,2023,0,0.0006,0,1,TN
(주)지디그룹,1348715035,2024,0,0.0021,0,1,TN
화산개발(주),1358101809,2014,0,0.0603,1,0,FP
화산개발(주),1358101809,2015,0,0.051,1,0,FP
화산개발(주),1358101809,2016,0,0.0105,1,0,FP
화산개발(주),1358101809,2017,0,0.0626,1,0,FP
화산개발(주),1358101809,2018,0,0.035,1,0,FP
화산개발(주),1358101809,2019,0,0.0156,1,0,FP
화산개발(주),1358101809,2020,0,0.0035,0,1,TN
화산개발(주),1358101809,2021,0,0.0018,0,1,TN
화산개발(주),1358101809,2022,0,0.0003,0,1,TN
화산개발(주),1358101809,2023,0,0.0003,0,1,TN
화산개발(주),1358101809,2024,0,0.0006,0,1,TN
주식회사서울레이크사이드,1358102491,2014,0,0.0036,0,1,TN
주식회사서울레이크사이드,1358102491,2015,0,0.0026,0,1,TN
주식회사서울레이크사이드,1358102491,2016,0,0.0126,1,0,FP
주식회사서울레이크사이드,1358102491,2017,0,0.0017,0,1,TN
주식회사서울레이크사이드,1358102491,2018,0,0.0012,0,1,TN
주식회사서울레이크사이드,1358102491,2019,0,0.0029,0,1,TN
주식회사서울레이크사이드,1358102491,2020,0,0.0016,0,1,TN
주식회사서울레이크사이드,1358102491,2021,0,0.0005,0,1,TN
주식회사서울레이크사이드,1358102491,2022,0,0.0012,0,1,TN
주식회사서울레이크사이드,1358102491,2023,0,0.0007,0,1,TN
주식회사서울레이크사이드,1358102491,2024,0,0.0005,0,1,TN
(주)삼흥,1358105071,2014,0,0.0028,0,1,TN
(주)삼흥,1358105071,2015,0,0.0357,1,0,FP
(주)삼흥,1358105071,2016,0,0.0111,1,0,FP
(주)삼흥,1358105071,2017,0,0.0024,0,1,TN
(주)삼흥,1358105071,2018,0,0.0026,0,1,TN
(주)삼흥,1358105071,2019,0,0.0006,0,1,TN
(주)삼흥,1358105071,2020,0,0.0008,0,1,TN
(주)삼흥,1358105071,2021,0,0.0011,0,1,TN
(주)삼흥,1358105071,2022,0,0.0003,0,1,TN
(주)삼흥,1358105071,2023,0,0.0003,0,1,TN
(주)삼흥,1358105071,2024,0,0.0004,0,1,TN
조원관광진흥(주),1358105111,2014,0,0.0034,0,1,TN
조원관광진흥(주),1358105111,2015,0,0.0014,0,1,TN
조원관광진흥(주),1358105111,2016,0,0.0049,0,1,TN
조원관광진흥(주),1358105111,2017,0,0.0016,0,1,TN
조원관광진흥(주),1358105111,2018,0,0.0019,0,1,TN
조원관광진흥(주),1358105111,2019,0,0.0034,0,1,TN
조원관광진흥(주),1358105111,2020,0,0.1844,1,0,FP
조원관광진흥(주),1358105111,2021,0,0.3907,1,0,FP
조원관광진흥(주),1358105111,2022,0,0.0245,1,0,FP
조원관광진흥(주),1358105111,2023,0,0.003,0,1,TN
조원관광진흥(주),1358105111,2024,0,0.1498,1,0,FP
금보개발(주),1358108307,2014,0,0.0006,0,1,TN
금보개발(주),1358108307,2015,0,0.0094,0,1,TN
금보개발(주),1358108307,2016,0,0.1999,1,0,FP
금보개발(주),1358108307,2017,0,0.3666,1,0,FP
금보개발(주),1358108307,2018,1,0.8888,1,1,TP
(주)퍼블릭개발,1358129919,2014,0,0.0004,0,1,TN
(주)퍼블릭개발,1358129919,2015,0,1e-04,0,1,TN
(주)퍼블릭개발,1358129919,2016,0,0.001,0,1,TN
(주)퍼블릭개발,1358129919,2017,0,0.0016,0,1,TN
(주)퍼블릭개발,1358129919,2018,0,1e-04,0,1,TN
(주)퍼블릭개발,1358129919,2019,0,0.0005,0,1,TN
(주)퍼블릭개발,1358129919,2020,0,0.0021,0,1,TN
(주)퍼블릭개발,1358129919,2021,0,0.001,0,1,TN
(주)퍼블릭개발,1358129919,2022,0,0.0003,0,1,TN
(주)퍼블릭개발,1358129919,2023,0,0.0002,0,1,TN
주식회사용인씨씨,1358130492,2014,0,0.0003,0,1,TN
주식회사용인씨씨,1358130492,2015,0,0.0003,0,1,TN
주식회사용인씨씨,1358130492,2016,0,0.0009,0,1,TN
주식회사용인씨씨,1358130492,2017,0,0.0019,0,1,TN
주식회사용인씨씨,1358130492,2018,0,0.0002,0,1,TN
주식회사용인씨씨,1358130492,2019,0,0.0011,0,1,TN
(주)일신레져,1358132942,2014,0,0.0431,1,0,FP
(주)일신레져,1358132942,2015,0,0.0505,1,0,FP
(주)일신레져,1358132942,2016,0,0.0111,1,0,FP
(주)일신레져,1358132942,2017,0,0.0026,0,1,TN
(주)일신레져,1358132942,2018,0,0.0011,0,1,TN
(주)일신레져,1358132942,2019,0,0.0085,0,1,TN
(주)일신레져,1358132942,2020,0,0.006,0,1,TN
(주)일신레져,1358132942,2021,0,0.0331,1,0,FP
(주)일신레져,1358132942,2022,0,0.0015,0,1,TN
(주)일신레져,1358132942,2023,0,0.0006,0,1,TN
(주)일신레져,1358132942,2024,0,0.0013,0,1,TN
(주)수지자동차,1358144360,2021,0,0.0015,0,1,TN
(주)수지자동차,1358144360,2022,0,0.0076,0,1,TN
(주)수지자동차,1358144360,2023,0,0.059,1,0,FP
(주)수지자동차,1358144360,2024,0,0.1431,1,0,FP
석천씨씨주식회사,1358148712,2014,0,0.0004,0,1,TN
석천씨씨주식회사,1358148712,2015,0,0.0005,0,1,TN
석천씨씨주식회사,1358148712,2016,0,0.0024,0,1,TN
석천씨씨주식회사,1358148712,2017,0,0.0013,0,1,TN
석천씨씨주식회사,1358148712,2018,0,0.0004,0,1,TN
석천씨씨주식회사,1358148712,2019,0,0.0015,0,1,TN
석천씨씨주식회사,1358148712,2020,0,0.0004,0,1,TN
주식회사지에이코리아,1358163483,2014,0,0.0013,0,1,TN
주식회사지에이코리아,1358163483,2015,0,0.0028,0,1,TN
주식회사지에이코리아,1358163483,2016,0,0.0317,1,0,FP
주식회사지에이코리아,1358163483,2017,0,0.074,1,0,FP
주식회사지에이코리아,1358163483,2018,0,0.0017,0,1,TN
주식회사지에이코리아,1358163483,2019,0,0.0059,0,1,TN
주식회사지에이코리아,1358163483,2020,0,0.1107,1,0,FP
주식회사지에이코리아,1358163483,2021,0,0.0984,1,0,FP
주식회사지에이코리아,1358163483,2022,1,0.2356,1,1,TP
(주)제이에스리미티드,1358186735,2014,0,0.0024,0,1,TN
(주)제이에스리미티드,1358186735,2015,0,0.0113,1,0,FP
(주)제이에스리미티드,1358186735,2016,0,0.0039,0,1,TN
(주)제이에스리미티드,1358186735,2017,0,0.0173,1,0,FP
(주)제이에스리미티드,1358186735,2018,0,0.0015,0,1,TN
(주)제이에스리미티드,1358186735,2019,0,0.0069,0,1,TN
(주)제이에스리미티드,1358186735,2020,0,0.0015,0,1,TN
(주)제이에스리미티드,1358186735,2021,0,0.003,0,1,TN
(주)제이에스리미티드,1358186735,2022,0,0.0004,0,1,TN
(주)제이에스리미티드,1358186735,2023,0,0.0024,0,1,TN
(주)제이에스리미티드,1358186735,2024,0,0.0006,0,1,TN
SK네트웍스서비스,1358192479,2014,0,0.001,0,1,TN
SK네트웍스서비스,1358192479,2015,0,0.0017,0,1,TN
SK네트웍스서비스,1358192479,2016,0,0.0024,0,1,TN
SK네트웍스서비스,1358192479,2017,0,0.0011,0,1,TN
SK네트웍스서비스,1358192479,2018,0,0.0008,0,1,TN
SK네트웍스서비스,1358192479,2019,0,0.0007,0,1,TN
SK네트웍스서비스,1358192479,2020,0,0.0012,0,1,TN
SK네트웍스서비스,1358192479,2021,0,0.002,0,1,TN
SK네트웍스서비스,1358192479,2022,0,0.0016,0,1,TN
SK네트웍스서비스,1358192479,2023,0,0.001,0,1,TN
SK네트웍스서비스,1358192479,2024,0,0.0021,0,1,TN
(주)진미선서아,1358637976,2015,0,0.0028,0,1,TN
(주)진미선서아,1358637976,2016,0,0.0418,1,0,FP
(주)진미선서아,1358637976,2017,0,0.0348,1,0,FP
(주)진미선서아,1358637976,2018,0,0.0218,1,0,FP
(주)진미선서아,1358637976,2019,1,0.747,1,1,TP
해강개발주식회사,1368105531,2014,0,0.004,0,1,TN
해강개발주식회사,1368105531,2015,0,0.0044,0,1,TN
해강개발주식회사,1368105531,2016,0,0.0049,0,1,TN
해강개발주식회사,1368105531,2017,0,0.0012,0,1,TN
해강개발주식회사,1368105531,2018,0,0.0622,1,0,FP
해강개발주식회사,1368105531,2019,0,0.008,0,1,TN
해강개발주식회사,1368105531,2020,0,0.0042,0,1,TN
해강개발주식회사,1368105531,2021,0,0.001,0,1,TN
해강개발주식회사,1368105531,2022,0,0.0015,0,1,TN
해강개발주식회사,1368105531,2023,0,0.0006,0,1,TN
해강개발주식회사,1368105531,2024,0,0.0009,0,1,TN
(주)신태진,1378102240,2014,0,0.0247,1,0,FP
(주)신태진,1378102240,2015,0,0.0097,0,1,TN
(주)신태진,1378102240,2016,0,0.0028,0,1,TN
(주)신태진,1378102240,2017,0,0.0013,0,1,TN
(주)신태진,1378102240,2018,0,0.0004,0,1,TN
(주)신태진,1378102240,2019,0,0.0012,0,1,TN
(주)신태진,1378102240,2020,0,0.0011,0,1,TN
(주)신태진,1378102240,2021,0,0.001,0,1,TN
(주)신태진,1378102240,2022,0,0.0006,0,1,TN
(주)신태진,1378102240,2023,0,0.0002,0,1,TN
(주)신태진,1378102240,2024,0,0.0031,0,1,TN
주식회사용궁온천,1378150965,2018,0,0.02,1,0,FP
주식회사용궁온천,1378150965,2019,0,0.1684,1,0,FP
주식회사용궁온천,1378150965,2020,1,0.9815,1,1,TP
해륜개발주식회사,1378158007,2017,0,0.0095,0,1,TN
해륜개발주식회사,1378158007,2018,0,0.3598,1,0,FP
해륜개발주식회사,1378158007,2019,1,0.9695,1,1,TP
주식회사서울랜드,1388104654,2014,0,0.0173,1,0,FP
주식회사서울랜드,1388104654,2015,0,0.0169,1,0,FP
주식회사서울랜드,1388104654,2016,0,0.0288,1,0,FP
주식회사서울랜드,1388104654,2017,0,0.0087,0,1,TN
주식회사서울랜드,1388104654,2018,0,0.0713,1,0,FP
주식회사서울랜드,1388104654,2019,0,0.0755,1,0,FP
주식회사서울랜드,1388104654,2020,1,0.9185,1,1,TP
한근자동차공업(주),1388112829,2014,0,0.0023,0,1,TN
한근자동차공업(주),1388112829,2015,0,0.0054,0,1,TN
한근자동차공업(주),1388112829,2016,0,0.0265,1,0,FP
한근자동차공업(주),1388112829,2017,0,0.0089,0,1,TN
한근자동차공업(주),1388112829,2018,0,0.0053,0,1,TN
한근자동차공업(주),1388112829,2019,0,0.0094,0,1,TN
주식회사컴피아,1388126833,2019,0,0.0003,0,1,TN
주식회사컴피아,1388126833,2020,0,0.0007,0,1,TN
주식회사컴피아,1388126833,2021,0,0.0007,0,1,TN
주식회사컴피아,1388126833,2022,0,0.0005,0,1,TN
주식회사컴피아,1388126833,2023,0,0.0011,0,1,TN
주식회사컴피아,1388126833,2024,0,0.0044,0,1,TN
(주)아이넷라이프,1388139828,2018,0,0.0008,0,1,TN
(주)아이넷라이프,1388139828,2019,0,0.0094,0,1,TN
(주)아이넷라이프,1388139828,2021,0,0.0029,0,1,TN
(주)아이넷라이프,1388139828,2022,0,0.2353,1,0,FP
승일자동차공업(주),1398130664,2016,0,0.0011,0,1,TN
승일자동차공업(주),1398130664,2017,0,0.0041,0,1,TN
승일자동차공업(주),1398130664,2018,0,0.0029,0,1,TN
승일자동차공업(주),1398130664,2019,0,0.0029,0,1,TN
승일자동차공업(주),1398130664,2020,0,0.004,0,1,TN
승일자동차공업(주),1398130664,2021,0,0.0016,0,1,TN
승일자동차공업(주),1398130664,2022,0,0.0143,1,0,FP
승일자동차공업(주),1398130664,2023,0,0.1473,1,0,FP
승일자동차공업(주),1398130664,2024,0,0.2419,1,0,FP
주식회사오토테크,1398139710,2014,0,0.0012,0,1,TN
주식회사오토테크,1398139710,2015,0,0.0565,1,0,FP
주식회사오토테크,1398139710,2016,0,0.0344,1,0,FP
주식회사오토테크,1398139710,2017,0,0.0136,1,0,FP
주식회사오토테크,1398139710,2018,0,0.0266,1,0,FP
주식회사오토테크,1398139710,2019,0,0.0056,0,1,TN
주식회사오토테크,1398139710,2023,0,0.0008,0,1,TN
주식회사오토테크,1398139710,2024,0,0.0041,0,1,TN
주식회사정왕점현대자동차,1408131514,2017,0,0.0013,0,1,TN
주식회사정왕점현대자동차,1408131514,2018,0,0.0019,0,1,TN
주식회사정왕점현대자동차,1408131514,2019,0,0.0078,0,1,TN
(주)베스트밸리골프클럽,1418100294,2014,0,0.1119,1,0,FP
(주)베스트밸리골프클럽,1418100294,2015,1,0.9319,1,1,TP
주식회사트라이랜드엔터프라이즈,1418600095,2015,0,0.0037,0,1,TN
주식회사트라이랜드엔터프라이즈,1418600095,2016,0,0.0546,1,0,FP
주식회사트라이랜드엔터프라이즈,1418600095,2017,1,0.9853,1,1,TP
주식회사석성,1428103178,2014,0,0.0022,0,1,TN
주식회사석성,1428103178,2015,0,0.1237,1,0,FP
주식회사석성,1428103178,2016,0,0.0277,1,0,FP
주식회사석성,1428103178,2017,0,0.0315,1,0,FP
두로개발(주),1428106383,2014,0,0.043,1,0,FP
주식회사지씨사천,1428124718,2014,0,0.0009,0,1,TN
주식회사지씨사천,1428124718,2015,0,0.0005,0,1,TN
주식회사지씨사천,1428124718,2016,0,0.0013,0,1,TN
주식회사지씨사천,1428124718,2017,0,0.0021,0,1,TN
주식회사지씨사천,1428124718,2018,0,1e-04,0,1,TN
주식회사지씨사천,1428124718,2019,0,0.0002,0,1,TN
주식회사지씨사천,1428124718,2020,0,0.0007,0,1,TN
주식회사지씨사천,1428124718,2021,0,0.0002,0,1,TN
주식회사지씨사천,1428124718,2022,0,0.0002,0,1,TN
주식회사지씨사천,1428124718,2023,0,0.0002,0,1,TN
주식회사지씨사천,1428124718,2024,0,0.0018,0,1,TN
한성관광개발주식회사,1428132881,2014,0,0.0054,0,1,TN
한성관광개발주식회사,1428132881,2015,0,0.0327,1,0,FP
한성관광개발주식회사,1428132881,2016,0,0.0068,0,1,TN
한성관광개발주식회사,1428132881,2017,0,0.0008,0,1,TN
한성관광개발주식회사,1428132881,2018,0,0.0002,0,1,TN
한성관광개발주식회사,1428132881,2019,0,0.0022,0,1,TN
한성관광개발주식회사,1428132881,2020,0,0.0022,0,1,TN
한성관광개발주식회사,1428132881,2021,0,0.0018,0,1,TN
한성관광개발주식회사,1428132881,2022,0,0.0004,0,1,TN
한성관광개발주식회사,1428132881,2023,0,0.0003,0,1,TN
한성관광개발주식회사,1428132881,2024,0,0.0004,0,1,TN
주식회사델타,1428158538,2015,0,0.0027,0,1,TN
주식회사델타,1428158538,2016,0,0.0066,0,1,TN
주식회사델타,1428158538,2017,0,0.002,0,1,TN
주식회사델타,1428158538,2018,0,0.0019,0,1,TN
(주)부산동물원,1438132550,2017,0,0.0028,0,1,TN
(주)부산동물원,1438132550,2018,0,0.2908,1,0,FP
(주)부산동물원,1438132550,2019,1,0.9825,1,1,TP
주식회사케이티스포츠,1448111688,2014,0,0.001,0,1,TN
주식회사케이티스포츠,1448111688,2015,0,0.0929,1,0,FP
주식회사케이티스포츠,1448111688,2016,1,0.9281,1,1,TP
주식회사구봉산골프클럽,1448112542,2014,0,0.0024,0,1,TN
주식회사구봉산골프클럽,1448112542,2015,0,0.2362,1,0,FP
주식회사구봉산골프클럽,1448112542,2016,1,0.9742,1,1,TP
주식회사세현씨씨,1448131966,2014,0,0.0028,0,1,TN
주식회사세현씨씨,1448131966,2015,0,0.1907,1,0,FP
주식회사세현씨씨,1448131966,2016,1,0.9769,1,1,TP
주식회사지씨화랑,1458102203,2022,0,1e-04,0,1,TN
주식회사지씨화랑,1458102203,2023,0,0.0074,0,1,TN
주식회사지씨화랑,1458102203,2024,0,0.0111,1,0,FP
주식회사벨라비손,1478602771,2022,0,0.0002,0,1,TN
주식회사벨라비손,1478602771,2023,0,0.0008,0,1,TN
주식회사벨라비손,1478602771,2024,1,0.0021,0,0,FN
다옴세종개발(주),1528602583,2021,0,0.0007,0,1,TN
다옴세종개발(주),1528602583,2022,0,0.0022,0,1,TN
다옴세종개발(주),1528602583,2023,0,0.0043,0,1,TN
다옴세종개발(주),1528602583,2024,1,0.0029,0,0,FN
정동레저산업주식회사,1568601761,2021,0,0.002,0,1,TN
정동레저산업주식회사,1568601761,2022,0,0.0021,0,1,TN
정동레저산업주식회사,1568601761,2023,0,0.0006,0,1,TN
정동레저산업주식회사,1568601761,2024,0,0.0154,1,0,FP
더빈컨벤션주식회사,1588100119,2015,0,0.0032,0,1,TN
더빈컨벤션주식회사,1588100119,2016,0,0.0344,1,0,FP
더빈컨벤션주식회사,1588100119,2017,0,0.0072,0,1,TN
더빈컨벤션주식회사,1588100119,2018,0,0.0049,0,1,TN
더빈컨벤션주식회사,1588100119,2019,0,0.0108,1,0,FP
더빈컨벤션주식회사,1588100119,2020,0,0.0828,1,0,FP
더빈컨벤션주식회사,1588100119,2021,0,0.0025,0,1,TN
더빈컨벤션주식회사,1588100119,2022,0,0.0015,0,1,TN
더빈컨벤션주식회사,1588100119,2023,0,0.0021,0,1,TN
더빈컨벤션주식회사,1588100119,2024,0,0.0018,0,1,TN
주식회사성우알앤디,1788700319,2019,0,0.0028,0,1,TN
주식회사성우알앤디,1788700319,2020,0,0.0027,0,1,TN
주식회사성우알앤디,1788700319,2021,0,0.0011,0,1,TN
주식회사성우알앤디,1788700319,2022,0,0.0036,0,1,TN
주식회사성우알앤디,1788700319,2023,0,0.0191,1,0,FP
주식회사성우알앤디,1788700319,2024,0,0.0031,0,1,TN
주식회사위더스,1788800577,2022,0,1e-04,0,1,TN
주식회사위더스,1788800577,2023,0,0.0034,0,1,TN
주식회사위더스,1788800577,2024,0,0.2292,1,0,FP
케이엠베스트솔루션주식회사,1888800593,2016,0,0.0025,0,1,TN
케이엠베스트솔루션주식회사,1888800593,2017,0,0.094,1,0,FP
케이엠베스트솔루션주식회사,1888800593,2018,0,0.0363,1,0,FP
케이엠베스트솔루션주식회사,1888800593,2019,0,0.0076,0,1,TN
케이엠베스트솔루션주식회사,1888800593,2020,0,0.0015,0,1,TN
케이엠베스트솔루션주식회사,1888800593,2021,0,0.0025,0,1,TN
제이더블유컨벤션,1998600449,2017,0,0.0058,0,1,TN
제이더블유컨벤션,1998600449,2018,0,0.0637,1,0,FP
제이더블유컨벤션,1998600449,2019,0,0.0038,0,1,TN
제이더블유컨벤션,1998600449,2020,0,0.0046,0,1,TN
제이더블유컨벤션,1998600449,2021,0,0.0028,0,1,TN
제이더블유컨벤션,1998600449,2022,0,0.0019,0,1,TN
제이더블유컨벤션,1998600449,2023,0,0.0011,0,1,TN
제이더블유컨벤션,1998600449,2024,0,0.002,0,1,TN
주식회사쇼노트,2018193474,2016,0,0.0003,0,1,TN
주식회사쇼노트,2018193474,2017,0,0.0016,0,1,TN
주식회사쇼노트,2018193474,2018,0,0.0004,0,1,TN
주식회사쇼노트,2018193474,2019,0,0.0004,0,1,TN
주식회사쇼노트,2018193474,2020,0,0.0805,1,0,FP
주식회사쇼노트,2018193474,2021,0,0.0051,0,1,TN
주식회사쇼노트,2018193474,2022,0,0.0031,0,1,TN
주식회사쇼노트,2018193474,2023,0,0.0036,0,1,TN
주식회사쇼노트,2018193474,2024,0,0.002,0,1,TN
(주)경우라이프,2018613591,2014,0,0.0482,1,0,FP
(주)경우라이프,2018613591,2015,0,0.0458,1,0,FP
(주)경우라이프,2018613591,2016,0,0.0039,0,1,TN
(주)경우라이프,2018613591,2017,0,0.0179,1,0,FP
(주)경우라이프,2018613591,2018,0,0.004,0,1,TN
(주)경우라이프,2018613591,2019,0,0.0059,0,1,TN
(주)경우라이프,2018613591,2020,0,0.0075,0,1,TN
(주)경우라이프,2018613591,2021,0,0.0081,0,1,TN
(주)경우라이프,2018613591,2022,0,0.0008,0,1,TN
(주)경우라이프,2018613591,2023,0,0.0008,0,1,TN
(주)경우라이프,2018613591,2024,0,0.0009,0,1,TN
한진흥업주식회사,2038143500,2014,0,0.4368,1,0,FP
한진흥업주식회사,2038143500,2015,0,0.0054,0,1,TN
한진흥업주식회사,2038143500,2016,0,0.0079,0,1,TN
한진흥업주식회사,2038143500,2017,0,0.0088,0,1,TN
한진흥업주식회사,2038143500,2018,0,0.0142,1,0,FP
한진흥업주식회사,2038143500,2019,0,0.0133,1,0,FP
한진흥업주식회사,2038143500,2020,0,0.0118,1,0,FP
한진흥업주식회사,2038143500,2021,0,0.0584,1,0,FP
한진흥업주식회사,2038143500,2022,0,0.0026,0,1,TN
한진흥업주식회사,2038143500,2023,0,0.0019,0,1,TN
한진흥업주식회사,2038143500,2024,0,0.0045,0,1,TN
(주)파라다이스,2038143553,2014,0,0.001,0,1,TN
(주)파라다이스,2038143553,2015,0,0.0012,0,1,TN
(주)파라다이스,2038143553,2016,0,0.0057,0,1,TN
(주)파라다이스,2038143553,2017,0,0.1521,1,0,FP
(주)파라다이스,2038143553,2018,0,0.214,1,0,FP
(주)파라다이스,2038143553,2019,1,0.9169,1,1,TP
(주)디에이치에스앤이,2048131268,2014,0,0.0018,0,1,TN
(주)디에이치에스앤이,2048131268,2015,0,0.0007,0,1,TN
(주)디에이치에스앤이,2048131268,2016,0,0.002,0,1,TN
(주)디에이치에스앤이,2048131268,2017,0,0.0025,0,1,TN
(주)디에이치에스앤이,2048131268,2018,0,0.1034,1,0,FP
(주)디에이치에스앤이,2048131268,2019,0,0.6166,1,0,FP
(주)디에이치에스앤이,2048131268,2020,1,0.9674,1,1,TP
주식회사삼육리더스라이프,2048622857,2016,0,0.0007,0,1,TN
주식회사삼육리더스라이프,2048622857,2017,0,0.0106,1,0,FP
주식회사삼육리더스라이프,2048622857,2018,0,0.0043,0,1,TN
주식회사삼육리더스라이프,2048622857,2019,0,0.0087,0,1,TN
주식회사삼육리더스라이프,2048622857,2020,0,0.0021,0,1,TN
주식회사삼육리더스라이프,2048622857,2021,0,0.0006,0,1,TN
주식회사삼육리더스라이프,2048622857,2022,0,0.0002,0,1,TN
주식회사삼육리더스라이프,2048622857,2023,0,0.0002,0,1,TN
주식회사삼육리더스라이프,2048622857,2024,0,0.0002,0,1,TN
티비테크애드(주),2068159433,2014,0,0.0025,0,1,TN
티비테크애드(주),2068159433,2015,0,0.0059,0,1,TN
티비테크애드(주),2068159433,2016,0,0.0076,0,1,TN
티비테크애드(주),2068159433,2017,0,0.0034,0,1,TN
티비테크애드(주),2068159433,2018,0,0.0022,0,1,TN
티비테크애드(주),2068159433,2019,0,0.002,0,1,TN
티비테크애드(주),2068159433,2020,0,0.0031,0,1,TN
티비테크애드(주),2068159433,2021,0,0.0015,0,1,TN
티비테크애드(주),2068159433,2022,0,0.0055,0,1,TN
티비테크애드(주),2068159433,2023,0,0.0022,0,1,TN
티비테크애드(주),2068159433,2024,0,0.0178,1,0,FP
로봇파크(주),2068166370,2021,0,0.004,0,1,TN
로봇파크(주),2068166370,2022,0,0.167,1,0,FP
로봇파크(주),2068166370,2023,1,0.2141,1,1,TP
주식회사유토피아퓨처,2068196587,2016,0,0.0014,0,1,TN
주식회사유토피아퓨처,2068196587,2017,0,0.262,1,0,FP
주식회사유토피아퓨처,2068196587,2018,0,0.3674,1,0,FP
주식회사유토피아퓨처,2068196587,2019,1,0.8656,1,1,TP
(주)현한,2068628352,2016,0,0.0132,1,0,FP
(주)현한,2068628352,2017,0,0.0043,0,1,TN
(주)현한,2068628352,2018,0,0.004,0,1,TN
(주)현한,2068628352,2019,0,0.0078,0,1,TN
(주)현한,2068628352,2020,0,0.0056,0,1,TN
(주)현한,2068628352,2021,0,0.0013,0,1,TN
(주)현한,2068628352,2022,0,0.0059,0,1,TN
(주)현한,2068628352,2023,0,0.007,0,1,TN
(주)현한,2068628352,2024,0,0.0058,0,1,TN
텍넷주식회사,2068642878,2020,0,0.0011,0,1,TN
텍넷주식회사,2068642878,2021,0,0.0069,0,1,TN
텍넷주식회사,2068642878,2022,0,0.0057,0,1,TN
텍넷주식회사,2068642878,2023,0,0.0021,0,1,TN
텍넷주식회사,2068642878,2024,0,0.0019,0,1,TN
(주)오앤제이,2068676572,2014,0,0.0013,0,1,TN
(주)오앤제이,2068676572,2015,0,0.0002,0,1,TN
(주)오앤제이,2068676572,2016,0,0.0025,0,1,TN
(주)오앤제이,2068676572,2017,0,0.0012,0,1,TN
(주)오앤제이,2068676572,2018,0,0.0003,0,1,TN
(주)오앤제이,2068676572,2019,0,0.0006,0,1,TN
(주)오앤제이,2068676572,2020,0,0.0073,0,1,TN
(주)오앤제이,2068676572,2022,0,1e-04,0,1,TN
(주)오앤제이,2068676572,2023,0,1e-04,0,1,TN
(주)오앤제이,2068676572,2024,0,0.0008,0,1,TN
트릭아이미술관(주),2078139425,2016,0,0.3311,1,0,FP
트릭아이미술관(주),2078139425,2017,1,0.9476,1,1,TP
(주)백악관웨딩하우스,2078145441,2015,0,0.3084,1,0,FP
(주)백악관웨딩하우스,2078145441,2016,1,0.9665,1,1,TP
남촌레저개발주식회사,2078153179,2014,1,0.9174,1,1,TP
(주)유성골프사우나,2088129823,2019,0,0.0026,0,1,TN
(주)유성골프사우나,2088129823,2020,0,0.0403,1,0,FP
(주)유성골프사우나,2088129823,2021,0,0.0537,1,0,FP
(주)유성골프사우나,2088129823,2022,0,0.7076,1,0,FP
(주)유성골프사우나,2088129823,2023,1,0.2733,1,1,TP
(주)올림픽콜로세움,2118162129,2014,0,0.0041,0,1,TN
(주)올림픽콜로세움,2118162129,2015,0,0.0014,0,1,TN
(주)올림픽콜로세움,2118162129,2016,0,0.0022,0,1,TN
(주)올림픽콜로세움,2118162129,2017,0,0.0013,0,1,TN
(주)올림픽콜로세움,2118162129,2018,0,0.0004,0,1,TN
(주)올림픽콜로세움,2118162129,2019,0,0.004,0,1,TN
(주)올림픽콜로세움,2118162129,2020,0,0.0011,0,1,TN
(주)올림픽콜로세움,2118162129,2021,0,0.0283,1,0,FP
(주)올림픽콜로세움,2118162129,2022,0,0.0715,1,0,FP
(주)올림픽콜로세움,2118162129,2023,1,0.0141,1,1,TP
(주)루미가넷,2118628956,2014,0,0.001,0,1,TN
(주)루미가넷,2118628956,2015,0,0.0015,0,1,TN
(주)루미가넷,2118628956,2016,0,0.0097,0,1,TN
(주)루미가넷,2118628956,2017,0,0.0296,1,0,FP
(주)루미가넷,2118628956,2018,0,0.0117,1,0,FP
(주)루미가넷,2118628956,2019,0,0.0278,1,0,FP
(주)유토피아스파,2118641129,2014,0,0.0031,0,1,TN
(주)서울오션아쿠아리움,2118649403,2014,0,0.0062,0,1,TN
(주)서울오션아쿠아리움,2118649403,2015,0,0.0445,1,0,FP
(주)서울오션아쿠아리움,2118649403,2016,0,0.0148,1,0,FP
(주)서울오션아쿠아리움,2118649403,2017,0,0.0225,1,0,FP
(주)서울오션아쿠아리움,2118649403,2018,0,0.0021,0,1,TN
(주)서울오션아쿠아리움,2118649403,2019,0,0.006,0,1,TN
(주)서울오션아쿠아리움,2118649403,2020,0,0.1086,1,0,FP
(주)서울오션아쿠아리움,2118649403,2021,0,0.0322,1,0,FP
(주)서울오션아쿠아리움,2118649403,2022,0,0.0066,0,1,TN
(주)서울오션아쿠아리움,2118649403,2023,0,0.0024,0,1,TN
(주)서울오션아쿠아리움,2118649403,2024,0,0.0009,0,1,TN
(주)커커,2118662084,2014,0,0.0008,0,1,TN
(주)커커,2118662084,2015,0,0.001,0,1,TN
(주)커커,2118662084,2016,0,0.004,0,1,TN
(주)커커,2118662084,2017,0,0.0009,0,1,TN
(주)커커,2118662084,2018,0,0.0004,0,1,TN
(주)커커,2118662084,2019,0,0.0019,0,1,TN
클립서비스(주),2118693404,2014,0,0.0005,0,1,TN
클립서비스(주),2118693404,2015,0,0.0016,0,1,TN
클립서비스(주),2118693404,2016,0,0.0096,0,1,TN
클립서비스(주),2118693404,2017,0,0.0055,0,1,TN
클립서비스(주),2118693404,2018,0,0.0033,0,1,TN
클립서비스(주),2118693404,2019,0,0.0126,1,0,FP
클립서비스(주),2118693404,2020,0,0.2193,1,0,FP
클립서비스(주),2118693404,2021,0,0.0353,1,0,FP
클립서비스(주),2118693404,2022,1,0.1637,1,1,TP
피에스씨네트웍스,2118705421,2014,0,0.0751,1,0,FP
피에스씨네트웍스,2118705421,2015,0,0.0105,1,0,FP
피에스씨네트웍스,2118705421,2016,0,0.0385,1,0,FP
피에스씨네트웍스,2118705421,2017,0,0.0355,1,0,FP
피에스씨네트웍스,2118705421,2018,0,0.0023,0,1,TN
피에스씨네트웍스,2118705421,2019,0,0.0261,1,0,FP
피에스씨네트웍스,2118705421,2024,0,0.3608,1,0,FP
주식회사설앤컴퍼니,2118717077,2014,0,0.0071,0,1,TN
주식회사엔에이치테크,2118730541,2014,0,0.0016,0,1,TN
주식회사엔에이치테크,2118730541,2015,0,0.0021,0,1,TN
주식회사엔에이치테크,2118730541,2016,0,0.008,0,1,TN
주식회사엔에이치테크,2118730541,2018,0,0.0009,0,1,TN
주식회사엔에이치테크,2118730541,2019,0,0.0006,0,1,TN
주식회사엔에이치테크,2118730541,2020,0,0.0011,0,1,TN
주식회사엔에이치테크,2118730541,2021,0,0.0029,0,1,TN
주식회사엔에이치테크,2118730541,2022,0,0.0016,0,1,TN
주식회사엔에이치테크,2118730541,2023,0,0.0015,0,1,TN
주식회사엔에이치테크,2118730541,2024,0,0.004,0,1,TN
조아조아(주),2118735167,2018,0,0.0051,0,1,TN
조아조아(주),2118735167,2019,0,0.0315,1,0,FP
조아조아(주),2118735167,2020,0,0.0346,1,0,FP
조아조아(주),2118735167,2021,0,0.006,0,1,TN
조아조아(주),2118735167,2022,0,0.0917,1,0,FP
조아조아(주),2118735167,2023,1,0.0206,1,1,TP
(주)에프엔씨엔터테인먼트,2118790928,2014,0,0.0007,0,1,TN
(주)에프엔씨엔터테인먼트,2118790928,2015,0,0.0006,0,1,TN
(주)에프엔씨엔터테인먼트,2118790928,2016,0,0.0163,1,0,FP
(주)에프엔씨엔터테인먼트,2118790928,2017,0,0.0095,0,1,TN
(주)에프엔씨엔터테인먼트,2118790928,2018,0,0.0076,0,1,TN
(주)에프엔씨엔터테인먼트,2118790928,2019,0,0.1775,1,0,FP
(주)에프엔씨엔터테인먼트,2118790928,2020,1,0.8682,1,1,TP
주식회사케이퍼필름,2118797799,2014,0,0.0043,0,1,TN
주식회사케이퍼필름,2118797799,2015,0,0.212,1,0,FP
주식회사케이퍼필름,2118797799,2016,0,0.009,0,1,TN
주식회사케이퍼필름,2118797799,2017,0,0.2026,1,0,FP
주식회사케이퍼필름,2118797799,2018,0,0.0804,1,0,FP
주식회사케이퍼필름,2118797799,2019,0,0.0252,1,0,FP
주식회사케이퍼필름,2118797799,2020,0,0.0351,1,0,FP
주식회사케이퍼필름,2118797799,2021,0,0.0295,1,0,FP
주식회사오스티엄,2118798518,2015,0,0.005,0,1,TN
주식회사오스티엄,2118798518,2016,0,0.0119,1,0,FP
(주)아이니웨딩네트웍스,2118813587,2020,0,0.0019,0,1,TN
(주)아이니웨딩네트웍스,2118813587,2021,0,0.0033,0,1,TN
(주)아이니웨딩네트웍스,2118813587,2022,0,0.002,0,1,TN
(주)아이니웨딩네트웍스,2118813587,2023,0,0.0004,0,1,TN
(주)아이니웨딩네트웍스,2118813587,2024,0,0.0022,0,1,TN
주식회사극동스포랜드,2118827382,2014,0,0.0007,0,1,TN
주식회사극동스포랜드,2118827382,2015,0,0.0011,0,1,TN
주식회사극동스포랜드,2118827382,2016,0,0.0107,1,0,FP
주식회사극동스포랜드,2118827382,2017,0,0.0021,0,1,TN
주식회사극동스포랜드,2118827382,2018,0,0.0004,0,1,TN
주식회사극동스포랜드,2118827382,2019,0,0.0023,0,1,TN
주식회사극동스포랜드,2118827382,2020,0,0.043,1,0,FP
주식회사극동스포랜드,2118827382,2021,0,0.1714,1,0,FP
주식회사극동스포랜드,2118827382,2022,1,0.0154,1,1,TP
주식회사휴민시티,2118829911,2014,0,0.0004,0,1,TN
주식회사휴민시티,2118829911,2015,0,0.0008,0,1,TN
주식회사휴민시티,2118829911,2016,0,0.0054,0,1,TN
주식회사휴민시티,2118829911,2017,0,0.002,0,1,TN
주식회사휴민시티,2118829911,2018,0,0.0023,0,1,TN
주식회사휴민시티,2118829911,2019,0,0.0209,1,0,FP
주식회사휴민시티,2118829911,2020,0,0.035,1,0,FP
주식회사휴민시티,2118829911,2021,0,0.1818,1,0,FP
주식회사휴민시티,2118829911,2022,1,0.6418,1,1,TP
엘비라이프주식회사,2118858191,2015,0,0.0017,0,1,TN
엘비라이프주식회사,2118858191,2016,0,0.0015,0,1,TN
엘비라이프주식회사,2118858191,2017,0,0.0171,1,0,FP
엘비라이프주식회사,2118858191,2018,0,0.0136,1,0,FP
엘비라이프주식회사,2118858191,2019,0,0.0226,1,0,FP
엘비라이프주식회사,2118858191,2020,0,0.0643,1,0,FP
엘비라이프주식회사,2118858191,2021,0,0.0178,1,0,FP
엘비라이프주식회사,2118858191,2022,0,0.0042,0,1,TN
엘비라이프주식회사,2118858191,2023,0,0.0025,0,1,TN
엘비라이프주식회사,2118858191,2024,0,0.0011,0,1,TN
브레이브엔터테인먼트(주),2118882070,2020,0,0.0043,0,1,TN
브레이브엔터테인먼트(주),2118882070,2021,0,0.0021,0,1,TN
브레이브엔터테인먼트(주),2118882070,2022,0,0.1456,1,0,FP
(주)원천기업,2128104286,2015,0,0.0009,0,1,TN
(주)원천기업,2128104286,2016,0,0.2387,1,0,FP
(주)원천기업,2128104286,2017,0,0.1199,1,0,FP
(주)원천기업,2128104286,2018,0,0.034,1,0,FP
(주)원천기업,2128104286,2019,0,0.0654,1,0,FP
(주)원천기업,2128104286,2023,0,0.0412,1,0,FP
(주)원천기업,2128104286,2024,0,0.125,1,0,FP
(주)대한라이프보증,2128172877,2014,1,0.9692,1,1,TP
(주)위드라이프그룹,2128173804,2016,0,0.0009,0,1,TN
(주)위드라이프그룹,2128173804,2017,0,0.062,1,0,FP
(주)위드라이프그룹,2128173804,2018,0,0.0268,1,0,FP
(주)위드라이프그룹,2128173804,2019,0,0.0266,1,0,FP
(주)위드라이프그룹,2128173804,2020,0,0.1637,1,0,FP
(주)위드라이프그룹,2128173804,2021,1,0.9344,1,1,TP
주식회사이자르씨앤에스,2128197131,2017,0,0.0028,0,1,TN
주식회사이자르씨앤에스,2128197131,2018,0,0.0037,0,1,TN
주식회사이자르씨앤에스,2128197131,2019,0,0.1009,1,0,FP
(주)한솥,2148196569,2014,0,0.0006,0,1,TN
(주)한솥,2148196569,2015,0,0.0008,0,1,TN
(주)한솥,2148196569,2016,0,0.0015,0,1,TN
(주)한솥,2148196569,2017,0,0.0024,0,1,TN
(주)한솥,2148196569,2018,0,0.0002,0,1,TN
(주)한솥,2148196569,2019,0,0.0003,0,1,TN
(주)한솥,2148196569,2020,0,0.0007,0,1,TN
(주)한솥,2148196569,2021,0,0.0009,0,1,TN
(주)한솥,2148196569,2022,0,0.0006,0,1,TN
(주)한솥,2148196569,2023,0,0.0002,0,1,TN
(주)한솥,2148196569,2024,0,0.0004,0,1,TN
세종에머슨주식회사,2148609865,2014,1,0.9484,1,1,TP
한남기업주식회사,2148619010,2016,0,0.0009,0,1,TN
한남기업주식회사,2148619010,2017,0,0.0025,0,1,TN
한남기업주식회사,2148619010,2018,0,0.0069,0,1,TN
듀오정보주식회사,2148628824,2014,0,0.0004,0,1,TN
듀오정보주식회사,2148628824,2015,0,0.0003,0,1,TN
듀오정보주식회사,2148628824,2016,0,0.0009,0,1,TN
듀오정보주식회사,2148628824,2017,0,0.0017,0,1,TN
듀오정보주식회사,2148628824,2018,0,0.0002,0,1,TN
듀오정보주식회사,2148628824,2019,0,0.0006,0,1,TN
듀오정보주식회사,2148628824,2020,0,0.0023,0,1,TN
듀오정보주식회사,2148628824,2021,0,0.0015,0,1,TN
듀오정보주식회사,2148628824,2022,0,0.0002,0,1,TN
듀오정보주식회사,2148628824,2023,0,1e-04,0,1,TN
듀오정보주식회사,2148628824,2024,0,0.0013,0,1,TN
와이엠이십일유통주식회사,2148655807,2019,0,0.0005,0,1,TN
와이엠이십일유통주식회사,2148655807,2020,0,0.0128,1,0,FP
와이엠이십일유통주식회사,2148655807,2021,0,0.003,0,1,TN
와이엠이십일유통주식회사,2148655807,2022,0,0.0021,0,1,TN
와이엠이십일유통주식회사,2148655807,2023,0,0.0004,0,1,TN
와이엠이십일유통주식회사,2148655807,2024,0,0.001,0,1,TN
현대강남자동차서비스(주),2148660654,2016,0,0.001,0,1,TN
현대강남자동차서비스(주),2148660654,2017,0,0.0053,0,1,TN
현대강남자동차서비스(주),2148660654,2018,0,0.0046,0,1,TN
현대강남자동차서비스(주),2148660654,2019,0,0.0121,1,0,FP
현대강남자동차서비스(주),2148660654,2020,0,0.0024,0,1,TN
현대강남자동차서비스(주),2148660654,2021,0,0.0021,0,1,TN
현대강남자동차서비스(주),2148660654,2022,0,0.0065,0,1,TN
현대강남자동차서비스(주),2148660654,2023,0,0.0216,1,0,FP
현대강남자동차서비스(주),2148660654,2024,0,0.0616,1,0,FP
(주)신시컴퍼니,2148662064,2014,0,0.0795,1,0,FP
(주)신시컴퍼니,2148662064,2015,0,0.0559,1,0,FP
(주)신시컴퍼니,2148662064,2016,0,0.0033,0,1,TN
(주)신시컴퍼니,2148662064,2017,0,0.0167,1,0,FP
(주)신시컴퍼니,2148662064,2018,0,0.0548,1,0,FP
(주)신시컴퍼니,2148662064,2019,0,0.0019,0,1,TN
(주)신시컴퍼니,2148662064,2020,0,0.0597,1,0,FP
(주)신시컴퍼니,2148662064,2021,0,0.0036,0,1,TN
(주)신시컴퍼니,2148662064,2022,0,0.002,0,1,TN
(주)신시컴퍼니,2148662064,2023,0,0.0009,0,1,TN
(주)신시컴퍼니,2148662064,2024,0,0.0005,0,1,TN
스카이칠십이(주),2148709498,2014,0,0.0004,0,1,TN
스카이칠십이(주),2148709498,2015,0,0.001,0,1,TN
스카이칠십이(주),2148709498,2016,0,0.0023,0,1,TN
스카이칠십이(주),2148709498,2017,0,0.0029,0,1,TN
스카이칠십이(주),2148709498,2018,0,0.0003,0,1,TN
스카이칠십이(주),2148709498,2019,0,0.001,0,1,TN
스카이칠십이(주),2148709498,2020,0,0.002,0,1,TN
스카이칠십이(주),2148709498,2021,0,0.0064,0,1,TN
스카이칠십이(주),2148709498,2022,0,0.0088,0,1,TN
스카이칠십이(주),2148709498,2023,0,0.0022,0,1,TN
스카이칠십이(주),2148709498,2024,1,0.0005,0,0,FN
제이타우젠트주식회사,2148733208,2014,0,0.029,1,0,FP
제이타우젠트주식회사,2148733208,2015,0,0.0408,1,0,FP
제이타우젠트주식회사,2148733208,2016,0,0.017,1,0,FP
제이타우젠트주식회사,2148733208,2017,0,0.019,1,0,FP
제이타우젠트주식회사,2148733208,2018,0,0.0113,1,0,FP
제이타우젠트주식회사,2148733208,2019,0,0.0029,0,1,TN
제이타우젠트주식회사,2148733208,2020,0,0.004,0,1,TN
제이타우젠트주식회사,2148733208,2021,0,0.0018,0,1,TN
제이타우젠트주식회사,2148733208,2022,0,0.0016,0,1,TN
제이타우젠트주식회사,2148733208,2023,0,0.0039,0,1,TN
제이타우젠트주식회사,2148733208,2024,0,0.0693,1,0,FP
주식회사스몹컴퍼니,2148797600,2018,0,0.0003,0,1,TN
주식회사스몹컴퍼니,2148797600,2019,0,0.0006,0,1,TN
주식회사스몹컴퍼니,2148797600,2020,0,0.0984,1,0,FP
주식회사스몹컴퍼니,2148797600,2021,0,0.1677,1,0,FP
주식회사스몹컴퍼니,2148797600,2022,1,0.447,1,1,TP
(주)에이치투디앤아이,2148816036,2015,0,0.0035,0,1,TN
(주)에이치투디앤아이,2148816036,2016,0,0.2562,1,0,FP
(주)에이치투디앤아이,2148816036,2017,1,0.9545,1,1,TP
에이텍시스템,2148818539,2015,0,0.0007,0,1,TN
에이텍시스템,2148818539,2016,0,0.0042,0,1,TN
에이텍시스템,2148818539,2019,0,0.0003,0,1,TN
에이텍시스템,2148818539,2020,0,0.0008,0,1,TN
에이텍시스템,2148818539,2021,0,0.0043,0,1,TN
에이텍시스템,2148818539,2022,0,0.0015,0,1,TN
에이텍시스템,2148818539,2023,0,0.0007,0,1,TN
에이텍시스템,2148818539,2024,0,0.0019,0,1,TN
(주)뽀로로파크,2148849634,2014,1,0.9609,1,1,TP
(주)단월드,2158137578,2014,0,0.0119,1,0,FP
(주)단월드,2158137578,2015,0,0.181,1,0,FP
(주)단월드,2158137578,2016,0,0.324,1,0,FP
(주)단월드,2158137578,2017,1,0.9086,1,1,TP
플레이타임중앙(주),2158605260,2015,0,0.0019,0,1,TN
플레이타임중앙(주),2158605260,2016,0,0.0216,1,0,FP
플레이타임중앙(주),2158605260,2017,0,0.0029,0,1,TN
플레이타임중앙(주),2158605260,2018,0,0.001,0,1,TN
플레이타임중앙(주),2158605260,2019,0,0.0017,0,1,TN
플레이타임중앙(주),2158605260,2020,0,0.0481,1,0,FP
플레이타임중앙(주),2158605260,2021,0,0.2347,1,0,FP
플레이타임중앙(주),2158605260,2022,0,0.0273,1,0,FP
플레이타임중앙(주),2158605260,2023,0,0.0108,1,0,FP
플레이타임중앙(주),2158605260,2024,0,0.0161,1,0,FP
(주)참존서비스,2158621386,2014,0,0.0071,0,1,TN
(주)참존서비스,2158621386,2015,0,0.1275,1,0,FP
아산상조(주),2158637781,2015,0,0.011,1,0,FP
아산상조(주),2158637781,2016,0,0.0139,1,0,FP
아산상조(주),2158637781,2017,0,0.0141,1,0,FP
항석개발,2158654169,2014,1,0.9702,1,1,TP
에이스상조(주),2158691728,2014,0,0.1534,1,0,FP
에이스상조(주),2158691728,2015,0,0.006,0,1,TN
에이스상조(주),2158691728,2016,0,0.0611,1,0,FP
보람상조애니콜주식회사,2158710848,2020,0,0.0012,0,1,TN
보람상조애니콜주식회사,2158710848,2021,0,0.1401,1,0,FP
보람상조애니콜주식회사,2158710848,2022,0,0.0973,1,0,FP
보람상조애니콜주식회사,2158710848,2023,0,0.0507,1,0,FP
보람상조애니콜주식회사,2158710848,2024,0,0.0103,1,0,FP
주식회사엑트켐,2158716648,2015,0,0.0018,0,1,TN
주식회사엑트켐,2158716648,2016,0,0.2007,1,0,FP
주식회사엑트켐,2158716648,2017,1,0.9632,1,1,TP
주식회사에스투플래닝,2158800653,2017,0,0.0036,0,1,TN
주식회사에스투플래닝,2158800653,2018,0,0.1132,1,0,FP
주식회사에스투플래닝,2158800653,2019,0,0.0258,1,0,FP
주식회사에스투플래닝,2158800653,2020,0,0.0162,1,0,FP
주식회사에스투플래닝,2158800653,2021,0,0.0011,0,1,TN
제이글로벌앤주식회사,2178134811,2016,0,0.0024,0,1,TN
제이글로벌앤주식회사,2178134811,2017,0,0.0103,1,0,FP
제이글로벌앤주식회사,2178134811,2021,0,0.1077,1,0,FP
제이글로벌앤주식회사,2178134811,2022,0,0.0264,1,0,FP
제이글로벌앤주식회사,2178134811,2023,1,0.0089,0,0,FN
서대전서비스기아오토큐(주),2178142607,2022,0,1e-04,0,1,TN
서대전서비스기아오토큐(주),2178142607,2023,0,0.2336,1,0,FP
서대전서비스기아오토큐(주),2178142607,2024,0,0.0624,1,0,FP
(주)블랙스톤리조트이천,2178148649,2015,0,0.0033,0,1,TN
(주)블랙스톤리조트이천,2178148649,2016,0,0.0919,1,0,FP
(주)블랙스톤리조트이천,2178148649,2017,1,0.9688,1,1,TP
주식회사케이에스지스포텍,2178602255,2022,0,0.0002,0,1,TN
주식회사케이에스지스포텍,2178602255,2023,0,0.3016,1,0,FP
주식회사케이에스지스포텍,2178602255,2024,1,0.227,1,1,TP
(주)엘케이디앤씨,2188121376,2017,0,0.0056,0,1,TN
(주)엘케이디앤씨,2188121376,2018,0,0.139,1,0,FP
(주)엘케이디앤씨,2188121376,2019,0,0.3552,1,0,FP
(주)비전힐스,2198101048,2014,0,0.0708,1,0,FP
(주)비전힐스,2198101048,2015,0,0.0167,1,0,FP
(주)비전힐스,2198101048,2016,0,0.0185,1,0,FP
(주)비전힐스,2198101048,2017,0,0.0439,1,0,FP
(주)비전힐스,2198101048,2018,0,0.0047,0,1,TN
(주)비전힐스,2198101048,2019,0,0.0301,1,0,FP
(주)비전힐스,2198101048,2020,0,0.0008,0,1,TN
(주)비전힐스,2198101048,2021,0,0.0006,0,1,TN
(주)비전힐스,2198101048,2022,0,0.0025,0,1,TN
(주)비전힐스,2198101048,2023,0,0.0013,0,1,TN
(주)비전힐스,2198101048,2024,0,0.0016,0,1,TN
(주)밀리언골프클럽,2198113447,2014,0,0.0003,0,1,TN
(주)밀리언골프클럽,2198113447,2015,0,0.0038,0,1,TN
(주)밀리언골프클럽,2198113447,2016,0,0.0088,0,1,TN
(주)밀리언골프클럽,2198113447,2017,0,0.0057,0,1,TN
(주)밀리언골프클럽,2198113447,2018,0,0.0012,0,1,TN
(주)밀리언골프클럽,2198113447,2019,0,0.0109,1,0,FP
주식회사엘티엔터테인먼트,2208101505,2014,0,0.0737,1,0,FP
주식회사엘티엔터테인먼트,2208101505,2015,0,0.1137,1,0,FP
주식회사엘티엔터테인먼트,2208101505,2016,1,0.9347,1,1,TP
(주)케이엠아이티,2208180586,2014,0,0.028,1,0,FP
(주)케이엠아이티,2208180586,2015,0,0.0585,1,0,FP
(주)케이엠아이티,2208180586,2016,0,0.0474,1,0,FP
주식회사케이비오피,2208641462,2019,0,0.0008,0,1,TN
주식회사케이비오피,2208641462,2020,0,0.0048,0,1,TN
주식회사케이비오피,2208641462,2021,0,0.0102,1,0,FP
주식회사케이비오피,2208641462,2022,0,0.0071,0,1,TN
주식회사케이비오피,2208641462,2023,0,0.0043,0,1,TN
주식회사케이비오피,2208641462,2024,0,0.0018,0,1,TN
리얼엔젤플러스(주),2208653745,2016,0,0.0037,0,1,TN
리얼엔젤플러스(주),2208653745,2017,0,0.2791,1,0,FP
리얼엔젤플러스(주),2208653745,2018,0,0.0198,1,0,FP
리얼엔젤플러스(주),2208653745,2019,0,0.0239,1,0,FP
리얼엔젤플러스(주),2208653745,2020,0,0.1332,1,0,FP
리얼엔젤플러스(주),2208653745,2021,0,0.3994,1,0,FP
리얼엔젤플러스(주),2208653745,2022,1,0.162,1,1,TP
경주월드주식회사,2208653968,2014,0,0.0012,0,1,TN
경주월드주식회사,2208653968,2015,0,0.0031,0,1,TN
경주월드주식회사,2208653968,2016,0,0.0024,0,1,TN
경주월드주식회사,2208653968,2017,0,0.0009,0,1,TN
경주월드주식회사,2208653968,2018,0,0.0004,0,1,TN
경주월드주식회사,2208653968,2019,0,0.0011,0,1,TN
경주월드주식회사,2208653968,2020,0,0.0175,1,0,FP
경주월드주식회사,2208653968,2021,0,0.0061,0,1,TN
경주월드주식회사,2208653968,2022,0,0.0011,0,1,TN
경주월드주식회사,2208653968,2023,0,0.0005,0,1,TN
경주월드주식회사,2208653968,2024,0,0.0005,0,1,TN
(주)제주테마조각공원,2208665294,2014,0,0.0008,0,1,TN
(주)제주테마조각공원,2208665294,2016,0,0.004,0,1,TN
(주)제주테마조각공원,2208665294,2017,0,0.0006,0,1,TN
(주)제주테마조각공원,2208665294,2018,0,0.0004,0,1,TN
(주)제주테마조각공원,2208665294,2019,0,0.0935,1,0,FP
(주)제주테마조각공원,2208665294,2022,0,0.0366,1,0,FP
(주)제주테마조각공원,2208665294,2023,1,0.004,0,0,FN
(주)오디뮤지컬컴퍼니,2208674319,2014,0,0.0282,1,0,FP
(주)트리플하이엠,2208693067,2017,0,0.0011,0,1,TN
(주)트리플하이엠,2208693067,2018,0,0.0004,0,1,TN
(주)트리플하이엠,2208693067,2019,0,0.0012,0,1,TN
(주)트리플하이엠,2208693067,2020,0,0.0007,0,1,TN
(주)트리플하이엠,2208693067,2021,0,0.002,0,1,TN
(주)트리플하이엠,2208693067,2022,0,0.0022,0,1,TN
(주)트리플하이엠,2208693067,2023,0,0.0234,1,0,FP
(주)트리플하이엠,2208693067,2024,0,0.0056,0,1,TN
주식회사엔젤플러스,2208712396,2022,0,1e-04,0,1,TN
주식회사엔젤플러스,2208712396,2023,0,0.0664,1,0,FP
주식회사엔젤플러스,2208712396,2024,0,0.003,0,1,TN
(주)서주,2208735588,2014,0,0.0895,1,0,FP
(주)서주,2208735588,2015,1,0.9427,1,1,TP
(주)쇼플레이,2208743040,2022,0,0.0002,0,1,TN
(주)쇼플레이,2208743040,2023,0,0.0013,0,1,TN
(주)쇼플레이,2208743040,2024,0,0.0727,1,0,FP
오디컴퍼니주식회사,2208763600,2015,0,0.0022,0,1,TN
오디컴퍼니주식회사,2208763600,2016,0,0.0171,1,0,FP
오디컴퍼니주식회사,2208763600,2017,0,0.0067,0,1,TN
오디컴퍼니주식회사,2208763600,2018,0,0.0048,0,1,TN
오디컴퍼니주식회사,2208763600,2019,0,0.0029,0,1,TN
오디컴퍼니주식회사,2208763600,2020,0,0.0039,0,1,TN
오디컴퍼니주식회사,2208763600,2021,0,0.0005,0,1,TN
오디컴퍼니주식회사,2208763600,2022,0,0.0003,0,1,TN
오디컴퍼니주식회사,2208763600,2023,0,0.0003,0,1,TN
오디컴퍼니주식회사,2208763600,2024,0,0.0019,0,1,TN
(주)에스디엔제이홀딩스,2208771736,2014,0,0.0004,0,1,TN
(주)에스디엔제이홀딩스,2208771736,2015,0,0.0004,0,1,TN
(주)에스디엔제이홀딩스,2208771736,2016,0,0.0006,0,1,TN
(주)에스디엔제이홀딩스,2208771736,2017,0,0.0005,0,1,TN
(주)에스디엔제이홀딩스,2208771736,2018,0,0.0003,0,1,TN
(주)에스디엔제이홀딩스,2208771736,2019,0,0.0006,0,1,TN
(주)에스디엔제이홀딩스,2208771736,2020,0,0.0017,0,1,TN
(주)에스디엔제이홀딩스,2208771736,2021,0,0.0006,0,1,TN
(주)에스디엔제이홀딩스,2208771736,2022,0,0.0,0,1,TN
(주)에스디엔제이홀딩스,2208771736,2023,0,1e-04,0,1,TN
(주)에스디엔제이홀딩스,2208771736,2024,0,1e-04,0,1,TN
보람상조임팩트(주),2208778710,2014,0,0.0526,1,0,FP
보람상조임팩트(주),2208778710,2015,0,0.0051,0,1,TN
보람상조임팩트(주),2208778710,2016,0,0.0038,0,1,TN
보람상조임팩트(주),2208778710,2017,0,0.0156,1,0,FP
보람상조피플(주),2208779209,2014,0,0.0765,1,0,FP
보람상조피플(주),2208779209,2015,0,0.0051,0,1,TN
보람상조피플(주),2208779209,2016,0,0.0173,1,0,FP
보람상조피플(주),2208779209,2017,0,0.0369,1,0,FP
보람상조피플(주),2208779209,2018,0,0.0038,0,1,TN
보람상조피플(주),2208779209,2019,0,0.0033,0,1,TN
보람상조피플(주),2208779209,2020,0,0.0529,1,0,FP
보람상조피플(주),2208779209,2021,0,0.0178,1,0,FP
보람상조피플(주),2208779209,2022,0,0.0021,0,1,TN
보람상조피플(주),2208779209,2023,0,0.007,0,1,TN
보람상조피플(주),2208779209,2024,0,0.0012,0,1,TN
보람상조유니온(주),2208780502,2014,0,0.0249,1,0,FP
보람상조유니온(주),2208780502,2015,0,0.004,0,1,TN
보람상조유니온(주),2208780502,2016,0,0.0068,0,1,TN
보람상조유니온(주),2208780502,2017,0,0.012,1,0,FP
주식회사유리섬,2208793690,2014,1,0.986,1,1,TP
(주)골든쌔들,2208797911,2017,0,0.0134,1,0,FP
(주)골든쌔들,2208797911,2018,0,0.0202,1,0,FP
(주)골든쌔들,2208797911,2019,0,0.1532,1,0,FP
(주)골든쌔들,2208797911,2020,0,0.2169,1,0,FP
(주)골든쌔들,2208797911,2021,0,0.1366,1,0,FP
(주)골든쌔들,2208797911,2022,1,0.8659,1,1,TP
주식회사바로연,2208802876,2020,0,0.0012,0,1,TN
주식회사바로연,2208802876,2021,0,0.1127,1,0,FP
주식회사바로연,2208802876,2022,0,0.0849,1,0,FP
주식회사바로연,2208802876,2023,1,0.0138,1,1,TP
(주)용인공원라이프,2208804156,2017,0,0.0016,0,1,TN
(주)용인공원라이프,2208804156,2018,0,0.0868,1,0,FP
(주)용인공원라이프,2208804156,2019,0,0.1275,1,0,FP
(주)용인공원라이프,2208804156,2021,0,0.0069,0,1,TN
(주)용인공원라이프,2208804156,2022,0,0.0178,1,0,FP
주식회사소노스테이션,2208809321,2014,1,0.9344,1,1,TP
(주)무궁,2208827523,2015,0,0.0005,0,1,TN
(주)무궁,2208827523,2016,0,0.0036,0,1,TN
(주)무궁,2208827523,2017,0,0.0023,0,1,TN
(주)무궁,2208827523,2018,0,0.0276,1,0,FP
(주)무궁,2208827523,2019,0,0.1601,1,0,FP
(주)무궁,2208827523,2020,1,0.912,1,1,TP
주식회사마이뮤직테이스트,2208829856,2017,0,0.0014,0,1,TN
주식회사마이뮤직테이스트,2208829856,2018,0,0.1228,1,0,FP
주식회사마이뮤직테이스트,2208829856,2019,1,0.9368,1,1,TP
(주)쥬비스다이어트,2208837259,2018,0,0.0003,0,1,TN
(주)쥬비스다이어트,2208837259,2019,0,0.0008,0,1,TN
(주)쥬비스다이어트,2208837259,2020,0,0.0016,0,1,TN
(주)쥬비스다이어트,2208837259,2021,0,0.0003,0,1,TN
(주)쥬비스다이어트,2208837259,2022,0,0.0015,0,1,TN
(주)쥬비스다이어트,2208837259,2023,0,0.0165,1,0,FP
(주)쥬비스다이어트,2208837259,2024,0,0.3511,1,0,FP
(주)지디파트너스,2208840851,2016,0,0.0025,0,1,TN
(주)지디파트너스,2208840851,2017,0,0.06,1,0,FP
(주)지디파트너스,2208840851,2018,1,0.9572,1,1,TP
(주)뉴딘콘텐츠,2208875253,2018,0,0.0097,0,1,TN
(주)뉴딘콘텐츠,2208875253,2019,0,0.4603,1,0,FP
(주)뉴딘콘텐츠,2208875253,2020,1,0.9567,1,1,TP
주식회사팜트리커머스,2208891874,2022,0,1e-04,0,1,TN
주식회사팜트리커머스,2208891874,2023,0,1e-04,0,1,TN
주식회사팜트리커머스,2208891874,2024,0,0.0002,0,1,TN
더케이소피아그린주식회사,2218119949,2014,0,0.1422,1,0,FP
더케이소피아그린주식회사,2218119949,2015,1,0.8227,1,1,TP
주식회사플레이어스골프클럽,2218129277,2014,0,0.1208,1,0,FP
주식회사플레이어스골프클럽,2218129277,2015,1,0.9704,1,1,TP
강원도민프로축구단,2218131526,2014,0,0.0116,1,0,FP
강원도민프로축구단,2218131526,2015,0,0.0025,0,1,TN
강원도민프로축구단,2218131526,2016,0,0.0042,0,1,TN
강원도민프로축구단,2218131526,2017,0,0.0324,1,0,FP
강원도민프로축구단,2218131526,2018,0,0.0066,0,1,TN
강원도민프로축구단,2218131526,2019,0,0.0012,0,1,TN
강원도민프로축구단,2218131526,2020,0,0.0005,0,1,TN
강원도민프로축구단,2218131526,2021,0,0.0179,1,0,FP
강원도민프로축구단,2218131526,2022,0,0.0059,0,1,TN
강원도민프로축구단,2218131526,2023,0,0.0004,0,1,TN
강원도민프로축구단,2218131526,2024,0,0.0054,0,1,TN
(주)강촌레일파크,2218138586,2014,1,0.9106,1,1,TP
삼척온천주식회사,2228109236,2014,0,0.0046,0,1,TN
삼척온천주식회사,2228109236,2015,0,0.0787,1,0,FP
삼척온천주식회사,2228109236,2016,0,0.0416,1,0,FP
삼척온천주식회사,2228109236,2017,1,0.8784,1,1,TP
블랙밸리컨트리클럽(주),2228118069,2018,0,0.0003,0,1,TN
블랙밸리컨트리클럽(주),2228118069,2019,0,0.0007,0,1,TN
블랙밸리컨트리클럽(주),2228118069,2020,0,0.0007,0,1,TN
블랙밸리컨트리클럽(주),2228118069,2021,0,0.0002,0,1,TN
블랙밸리컨트리클럽(주),2228118069,2022,0,1e-04,0,1,TN
블랙밸리컨트리클럽(주),2228118069,2023,0,1e-04,0,1,TN
블랙밸리컨트리클럽(주),2228118069,2024,0,0.0004,0,1,TN
푸른산(주),2238109618,2014,1,0.988,1,1,TP
주식회사인제스피디움,2238111040,2014,0,0.1434,1,0,FP
주식회사인제스피디움,2238111040,2015,1,0.9746,1,1,TP
주식회사구학파크랜드,2248138246,2014,0,0.0576,1,0,FP
주식회사구학파크랜드,2248138246,2015,0,0.0788,1,0,FP
주식회사구학파크랜드,2248138246,2016,0,0.069,1,0,FP
주식회사구학파크랜드,2248138246,2017,0,0.101,1,0,FP
주식회사구학파크랜드,2248138246,2018,0,0.062,1,0,FP
주식회사구학파크랜드,2248138246,2023,0,0.1458,1,0,FP
주식회사구학파크랜드,2248138246,2024,0,0.0449,1,0,FP
더한모터스주식회사,2248164031,2014,0,0.0021,0,1,TN
더한모터스주식회사,2248164031,2015,0,0.1545,1,0,FP
더한모터스주식회사,2248164031,2016,1,0.9748,1,1,TP
(주)강원랜드,2258110770,2014,0,0.0006,0,1,TN
(주)강원랜드,2258110770,2015,0,0.0014,0,1,TN
(주)강원랜드,2258110770,2016,0,0.0015,0,1,TN
(주)강원랜드,2258110770,2017,0,0.0006,0,1,TN
(주)강원랜드,2258110770,2018,0,0.0002,0,1,TN
(주)강원랜드,2258110770,2019,0,0.0005,0,1,TN
(주)강원랜드,2258110770,2020,0,0.0192,1,0,FP
(주)강원랜드,2258110770,2021,0,0.0196,1,0,FP
(주)강원랜드,2258110770,2022,0,0.002,0,1,TN
(주)강원랜드,2258110770,2023,0,0.0004,0,1,TN
(주)강원랜드,2258110770,2024,0,0.0005,0,1,TN
(주)노머스,2258701399,2022,0,0.0003,0,1,TN
(주)노머스,2258701399,2023,0,0.1992,1,0,FP
(주)노머스,2258701399,2024,0,0.0017,0,1,TN
주식회사라움,2258800927,2017,0,0.0045,0,1,TN
주식회사라움,2258800927,2018,0,0.0512,1,0,FP
주식회사라움,2258800927,2019,0,0.0778,1,0,FP
하늘목장주식회사,2268141975,2022,0,0.0002,0,1,TN
하늘목장주식회사,2268141975,2023,0,0.6294,1,0,FP
하늘목장주식회사,2268141975,2024,1,0.5534,1,1,TP
주식회사경포아쿠아리움,2268147775,2015,0,0.0026,0,1,TN
주식회사경포아쿠아리움,2268147775,2016,0,0.5364,1,0,FP
주식회사경포아쿠아리움,2268147775,2017,0,0.0525,1,0,FP
아이비코어(주),2268800707,2017,0,0.0041,0,1,TN
아이비코어(주),2268800707,2018,0,0.0177,1,0,FP
아이비코어(주),2268800707,2019,0,0.0063,0,1,TN
아이비코어(주),2268800707,2024,0,0.0034,0,1,TN
(주)해브펀,2268801889,2021,0,0.0056,0,1,TN
(주)해브펀,2268801889,2022,0,0.191,1,0,FP
(주)해브펀,2268801889,2023,0,0.0068,0,1,TN
(주)해브펀,2268801889,2024,1,0.0018,0,0,FN
(주)새서울레저,2278109624,2014,0,0.5175,1,0,FP
(주)새서울레저,2278109624,2015,0,0.8507,1,0,FP
(주)새서울레저,2278109624,2016,1,0.9326,1,1,TP
에스제이산림조합상조주식회사,2278600536,2018,0,0.0023,0,1,TN
에스제이산림조합상조주식회사,2278600536,2019,0,0.0106,1,0,FP
에스제이산림조합상조주식회사,2278600536,2020,0,0.0148,1,0,FP
에스제이산림조합상조주식회사,2278600536,2021,0,0.004,0,1,TN
에스제이산림조합상조주식회사,2278600536,2022,0,0.0008,0,1,TN
에스제이산림조합상조주식회사,2278600536,2023,0,0.0006,0,1,TN
에스제이산림조합상조주식회사,2278600536,2024,0,0.0005,0,1,TN
주식회사와이에이치레저개발,2278601869,2020,0,0.0013,0,1,TN
주식회사와이에이치레저개발,2278601869,2021,0,0.006,0,1,TN
주식회사와이에이치레저개발,2278601869,2022,0,0.0008,0,1,TN
주식회사와이에이치레저개발,2278601869,2023,0,0.0014,0,1,TN
주식회사와이에이치레저개발,2278601869,2024,0,0.0119,1,0,FP
(주)엘비젼,2298111811,2014,0,0.0016,0,1,TN
(주)엘비젼,2298111811,2015,0,0.0027,0,1,TN
(주)엘비젼,2298111811,2016,0,0.0103,1,0,FP
(주)엘비젼,2298111811,2017,0,0.0046,0,1,TN
(주)엘비젼,2298111811,2018,0,0.0027,0,1,TN
(주)엘비젼,2298111811,2019,0,0.0042,0,1,TN
(주)엘비젼,2298111811,2020,0,0.034,1,0,FP
(주)엘비젼,2298111811,2021,0,0.1022,1,0,FP
(주)엘비젼,2298111811,2022,0,0.0369,1,0,FP
(주)엘비젼,2298111811,2023,0,0.0102,1,0,FP
(주)엘비젼,2298111811,2024,0,0.0058,0,1,TN
주식회사혁진,2318700643,2018,0,0.0042,0,1,TN
주식회사혁진,2318700643,2019,0,0.027,1,0,FP
주식회사혁진,2318700643,2020,0,0.004,0,1,TN
주식회사혁진,2318700643,2021,0,0.0009,0,1,TN
주식회사혁진,2318700643,2022,0,0.0044,0,1,TN
주식회사혁진,2318700643,2023,0,0.0181,1,0,FP
주식회사혁진,2318700643,2024,0,0.3803,1,0,FP
주식회사검단,2338108708,2015,0,0.0018,0,1,TN
주식회사검단,2338108708,2016,0,0.0024,0,1,TN
주식회사검단,2338108708,2017,0,0.0487,1,0,FP
주식회사검단,2338108708,2018,0,0.004,0,1,TN
주식회사베니체지,2358701979,2022,0,1e-04,0,1,TN
주식회사베니체지,2358701979,2023,0,0.4536,1,0,FP
주식회사베니체지,2358701979,2024,1,0.1508,1,1,TP
주식회사모던필라테스예체능,2388701833,2020,0,0.0129,1,0,FP
주식회사모던필라테스예체능,2388701833,2021,0,0.0399,1,0,FP
주식회사모던필라테스예체능,2388701833,2022,1,0.0098,0,0,FN
천우모빌리티(주),2458600228,2020,0,0.0017,0,1,TN
천우모빌리티(주),2458600228,2021,0,0.0014,0,1,TN
천우모빌리티(주),2458600228,2023,0,0.0011,0,1,TN
천우모빌리티(주),2458600228,2024,0,0.001,0,1,TN
주식회사미켈란매니지먼트,2478101612,2020,0,0.0093,0,1,TN
주식회사미켈란매니지먼트,2478101612,2021,0,0.032,1,0,FP
주식회사미켈란매니지먼트,2478101612,2022,1,0.0019,0,0,FN
주식회사대운씨앤디,2498700246,2015,0,0.0032,0,1,TN
주식회사대운씨앤디,2498700246,2016,0,0.1977,1,0,FP
주식회사대운씨앤디,2498700246,2017,1,0.978,1,1,TP
(주)아쿠아월드,2568100015,2016,0,0.0031,0,1,TN
(주)아쿠아월드,2568100015,2017,0,0.2241,1,0,FP
(주)아쿠아월드,2568100015,2018,1,0.9391,1,1,TP
주식회사희경이엔씨,2588601806,2021,0,0.0028,0,1,TN
주식회사희경이엔씨,2588601806,2022,0,0.0016,0,1,TN
주식회사희경이엔씨,2588601806,2023,0,0.0038,0,1,TN
주식회사희경이엔씨,2588601806,2024,0,0.0869,1,0,FP
해운대블루라인(주),2598700262,2019,0,0.0036,0,1,TN
해운대블루라인(주),2598700262,2020,0,0.0135,1,0,FP
해운대블루라인(주),2598700262,2021,1,0.9852,1,1,TP
(주)골프존카운티매니지먼트,2618102636,2020,0,0.0009,0,1,TN
(주)골프존카운티매니지먼트,2618102636,2021,0,0.0016,0,1,TN
(주)골프존카운티매니지먼트,2618102636,2022,0,0.0018,0,1,TN
(주)골프존카운티매니지먼트,2618102636,2023,0,0.0021,0,1,TN
(주)골프존카운티매니지먼트,2618102636,2024,0,0.0021,0,1,TN
주식회사밸류컬처앤미디어,2618108493,2014,0,0.0005,0,1,TN
주식회사밸류컬처앤미디어,2618108493,2015,0,0.0102,1,0,FP
주식회사밸류컬처앤미디어,2618108493,2016,0,0.0076,0,1,TN
주식회사밸류컬처앤미디어,2618108493,2017,0,0.003,0,1,TN
주식회사밸류컬처앤미디어,2618108493,2018,0,0.044,1,0,FP
주식회사밸류컬처앤미디어,2618108493,2019,0,0.1753,1,0,FP
주식회사다이렉트컴즈,2618113735,2021,0,0.0007,0,1,TN
주식회사다이렉트컴즈,2618113735,2022,0,0.0011,0,1,TN
주식회사다이렉트컴즈,2618113735,2023,0,0.0002,0,1,TN
주식회사다이렉트컴즈,2618113735,2024,0,1e-04,0,1,TN
주식회사마스트인터내셔널,2618116784,2015,0,0.0027,0,1,TN
주식회사마스트인터내셔널,2618116784,2016,0,0.3479,1,0,FP
주식회사마스트인터내셔널,2618116784,2017,1,0.8838,1,1,TP
양지대형서비스기아오토큐주식회사,2618600929,2020,0,0.0056,0,1,TN
양지대형서비스기아오토큐주식회사,2618600929,2021,0,0.026,1,0,FP
양지대형서비스기아오토큐주식회사,2618600929,2022,1,0.0154,1,1,TP
주식회사서클컨텐츠컴퍼니,2648126850,2015,0,0.0126,1,0,FP
주식회사서클컨텐츠컴퍼니,2648126850,2016,0,0.0052,0,1,TN
주식회사서클컨텐츠컴퍼니,2648126850,2017,0,0.0049,0,1,TN
주식회사서클컨텐츠컴퍼니,2648126850,2018,0,0.0003,0,1,TN
파크카운티주식회사,2718701790,2020,0,0.0023,0,1,TN
파크카운티주식회사,2718701790,2021,0,0.0118,1,0,FP
파크카운티주식회사,2718701790,2022,0,0.0012,0,1,TN
파크카운티주식회사,2718701790,2023,0,0.0028,0,1,TN
파크카운티주식회사,2718701790,2024,0,0.008,0,1,TN
주식회사조이,2738600427,2020,0,0.001,0,1,TN
주식회사조이,2738600427,2021,0,0.1085,1,0,FP
주식회사조이,2738600427,2022,0,0.0019,0,1,TN
주식회사조이,2738600427,2023,0,0.0024,0,1,TN
주식회사조이,2738600427,2024,0,0.0048,0,1,TN
주식회사코리아모빌리티그룹,2758701661,2020,0,0.0021,0,1,TN
주식회사코리아모빌리티그룹,2758701661,2021,0,0.0325,1,0,FP
주식회사코리아모빌리티그룹,2758701661,2022,1,0.3977,1,1,TP
주식회사시티필드,2778701124,2019,0,0.0124,1,0,FP
주식회사시티필드,2778701124,2020,0,0.0355,1,0,FP
주식회사시티필드,2778701124,2021,0,0.019,1,0,FP
주식회사시티필드,2778701124,2022,0,0.0986,1,0,FP
주식회사원더풀,2808700567,2016,0,0.0014,0,1,TN
주식회사원더풀,2808700567,2017,0,0.0282,1,0,FP
주식회사원더풀,2808700567,2018,0,0.1083,1,0,FP
주식회사원더풀,2808700567,2019,1,0.9597,1,1,TP
만진집단주식회사,2808800259,2016,0,0.0004,0,1,TN
만진집단주식회사,2808800259,2017,0,0.0019,0,1,TN
만진집단주식회사,2808800259,2018,0,0.0082,0,1,TN
만진집단주식회사,2808800259,2019,0,0.0069,0,1,TN
주식회사서린,2818100516,2016,0,0.0021,0,1,TN
주식회사서린,2818100516,2017,0,0.0464,1,0,FP
주식회사서린,2818100516,2018,0,0.0017,0,1,TN
주식회사서린,2818100516,2019,0,0.1908,1,0,FP
주식회사서린,2818100516,2020,0,0.3035,1,0,FP
주식회사서린,2818100516,2021,1,0.9812,1,1,TP
주식회사빌드원주택,2818800096,2020,0,0.0005,0,1,TN
주식회사빌드원주택,2818800096,2021,0,0.0229,1,0,FP
주식회사빌드원주택,2818800096,2022,0,0.3375,1,0,FP
주식회사빌드원주택,2818800096,2023,0,0.0317,1,0,FP
주식회사빌드원주택,2818800096,2024,0,0.0474,1,0,FP
주식회사여수레저개발,2888701333,2022,0,1e-04,0,1,TN
주식회사여수레저개발,2888701333,2023,0,0.0032,0,1,TN
주식회사여수레저개발,2888701333,2024,1,0.0014,0,0,FN
디오션시티이차,2898600378,2016,0,0.0033,0,1,TN
디오션시티이차,2898600378,2017,0,0.0335,1,0,FP
디오션시티이차,2898600378,2018,0,1e-04,0,1,TN
디오션시티이차,2898600378,2019,0,0.0887,1,0,FP
디오션시티이차,2898600378,2020,0,0.1634,1,0,FP
디오션시티이차,2898600378,2021,1,0.9727,1,1,TP
주식회사꿈,2928100141,2018,0,0.0067,0,1,TN
주식회사꿈,2928100141,2019,0,0.1865,1,0,FP
주식회사꿈,2928100141,2020,1,0.9594,1,1,TP
(주)에이치엔디,2958700050,2015,0,0.0048,0,1,TN
(주)에이치엔디,2958700050,2016,0,0.2395,1,0,FP
(주)에이치엔디,2958700050,2017,1,0.9867,1,1,TP
(주)코리아,3018125484,2014,0,0.0013,0,1,TN
(주)코리아,3018125484,2015,0,0.0004,0,1,TN
(주)코리아,3018125484,2016,0,0.0015,0,1,TN
(주)코리아,3018125484,2017,0,0.0288,1,0,FP
(주)코리아,3018125484,2018,0,0.0082,0,1,TN
(주)코리아,3018125484,2019,0,0.0011,0,1,TN
(주)코리아,3018125484,2020,0,0.0038,0,1,TN
(주)코리아,3018125484,2021,0,0.0006,0,1,TN
(주)코리아,3018125484,2022,0,0.0006,0,1,TN
(주)코리아,3018125484,2023,0,0.0003,0,1,TN
(주)코리아,3018125484,2024,0,0.0017,0,1,TN
쌍용자동차청주정비사업소(주),3018154198,2014,0,0.0103,1,0,FP
쌍용자동차청주정비사업소(주),3018154198,2015,0,0.0023,0,1,TN
쌍용자동차청주정비사업소(주),3018154198,2016,0,0.0226,1,0,FP
쌍용자동차청주정비사업소(주),3018154198,2017,0,0.0095,0,1,TN
쌍용자동차청주정비사업소(주),3018154198,2018,0,0.008,0,1,TN
쌍용자동차청주정비사업소(주),3018154198,2019,0,0.021,1,0,FP
쌍용자동차청주정비사업소(주),3018154198,2020,0,0.0147,1,0,FP
쌍용자동차청주정비사업소(주),3018154198,2021,0,0.016,1,0,FP
쌍용자동차청주정비사업소(주),3018154198,2022,1,0.1096,1,1,TP
호정개발주식회사,3018158627,2014,0,0.0012,0,1,TN
호정개발주식회사,3018158627,2015,0,0.0015,0,1,TN
호정개발주식회사,3018158627,2016,0,0.0021,0,1,TN
호정개발주식회사,3018158627,2017,0,0.0016,0,1,TN
호정개발주식회사,3018158627,2018,0,0.0003,0,1,TN
호정개발주식회사,3018158627,2019,0,0.0018,0,1,TN
호정개발주식회사,3018158627,2020,0,0.0012,0,1,TN
호정개발주식회사,3018158627,2021,0,0.0004,0,1,TN
(주)아름다은,3018172987,2014,0,0.0003,0,1,TN
(주)아름다은,3018172987,2015,0,0.0016,0,1,TN
(주)아름다은,3018172987,2016,0,0.0045,0,1,TN
(주)아름다은,3018172987,2017,0,0.0021,0,1,TN
(주)아름다은,3018172987,2018,0,0.0003,0,1,TN
(주)아름다은,3018172987,2019,0,0.0013,0,1,TN
(주)아름다은,3018172987,2020,0,0.0019,0,1,TN
(주)아름다은,3018172987,2021,0,0.0042,0,1,TN
(주)아름다은,3018172987,2022,0,0.0004,0,1,TN
(주)아름다은,3018172987,2023,0,0.0012,0,1,TN
(주)아름다은,3018172987,2024,0,0.0026,0,1,TN
(주)세보연,3018609441,2014,1,0.9758,1,1,TP
주식회사시그너스컨트리클럽,3038104262,2014,1,0.9786,1,1,TP
(주)신천지리조트,3038124249,2014,0,0.004,0,1,TN
(주)신천지리조트,3038124249,2015,0,0.0048,0,1,TN
(주)신천지리조트,3038124249,2016,0,0.0226,1,0,FP
(주)신천지리조트,3038124249,2017,0,0.019,1,0,FP
(주)신천지리조트,3038124249,2018,0,0.0101,1,0,FP
(주)신천지리조트,3038124249,2019,0,0.0069,0,1,TN
(주)신천지리조트,3038124249,2020,0,0.0115,1,0,FP
(주)신천지리조트,3038124249,2021,0,0.1312,1,0,FP
(주)신천지리조트,3038124249,2022,0,0.3473,1,0,FP
(주)신천지리조트,3038124249,2023,0,0.0025,0,1,TN
(주)신천지리조트,3038124249,2024,0,0.002,0,1,TN
주식회사그랜드컨벤션,3048128817,2014,0,0.0025,0,1,TN
주식회사그랜드컨벤션,3048128817,2015,0,0.0045,0,1,TN
주식회사그랜드컨벤션,3048128817,2016,0,0.0084,0,1,TN
주식회사그랜드컨벤션,3048128817,2017,0,0.0013,0,1,TN
주식회사그랜드컨벤션,3048128817,2018,0,0.001,0,1,TN
주식회사그랜드컨벤션,3048128817,2019,0,0.0018,0,1,TN
주식회사그랜드컨벤션,3048128817,2020,0,0.0035,0,1,TN
주식회사그랜드컨벤션,3048128817,2021,0,0.0007,0,1,TN
주식회사그랜드컨벤션,3048128817,2022,0,0.0011,0,1,TN
주식회사그랜드컨벤션,3048128817,2023,0,0.0008,0,1,TN
주식회사그랜드컨벤션,3048128817,2024,0,0.0009,0,1,TN
김천온천니아주식회사,3048600250,2020,0,0.0045,0,1,TN
김천온천니아주식회사,3048600250,2021,0,0.046,1,0,FP
김천온천니아주식회사,3048600250,2022,0,0.0087,0,1,TN
김천온천니아주식회사,3048600250,2023,1,0.0029,0,0,FN
(주)대전시티즌,3058126490,2014,0,0.0073,0,1,TN
(주)대전시티즌,3058126490,2015,0,0.0047,0,1,TN
(주)대전시티즌,3058126490,2016,0,0.0423,1,0,FP
(주)대전시티즌,3058126490,2017,0,0.0904,1,0,FP
(주)대전시티즌,3058126490,2018,0,0.0035,0,1,TN
(주)대전시티즌,3058126490,2019,0,0.0009,0,1,TN
(주)평화원,3058166930,2014,0,0.0015,0,1,TN
(주)평화원,3058166930,2015,0,0.0023,0,1,TN
(주)평화원,3058166930,2016,0,0.0109,1,0,FP
(주)평화원,3058166930,2017,0,0.0124,1,0,FP
(주)평화원,3058166930,2018,0,0.0013,0,1,TN
(주)평화원,3058166930,2019,0,0.0146,1,0,FP
(주)평화원,3058166930,2020,0,0.0166,1,0,FP
비엠케이코스모(주),3058615528,2014,0,0.0806,1,0,FP
비엠케이코스모(주),3058615528,2015,1,0.9732,1,1,TP
(주)한화이글스,3068112757,2014,0,0.0747,1,0,FP
(주)한화이글스,3068112757,2015,0,0.0344,1,0,FP
(주)한화이글스,3068112757,2017,0,0.0755,1,0,FP
(주)한화이글스,3068112757,2018,0,0.023,1,0,FP
(주)한화이글스,3068112757,2019,0,0.0133,1,0,FP
(주)한화이글스,3068112757,2020,0,0.0082,0,1,TN
(주)한화이글스,3068112757,2022,0,0.0052,0,1,TN
(주)한화이글스,3068112757,2023,0,0.033,1,0,FP
(주)한화이글스,3068112757,2024,1,0.0115,1,1,TP
공주개발(주),3078103305,2014,0,0.0015,0,1,TN
공주개발(주),3078103305,2015,0,0.109,1,0,FP
공주개발(주),3078103305,2016,0,0.4042,1,0,FP
공주개발(주),3078103305,2017,0,0.0063,0,1,TN
공주개발(주),3078103305,2018,0,0.0013,0,1,TN
공주개발(주),3078103305,2019,0,0.0036,0,1,TN
공주개발(주),3078103305,2020,0,0.002,0,1,TN
공주개발(주),3078103305,2021,0,0.0006,0,1,TN
공주개발(주),3078103305,2022,0,0.0007,0,1,TN
공주개발(주),3078103305,2023,0,0.0004,0,1,TN
공주개발(주),3078103305,2024,0,0.0015,0,1,TN
코웨이(주),3078106054,2014,0,0.0005,0,1,TN
코웨이(주),3078106054,2015,0,0.0009,0,1,TN
코웨이(주),3078106054,2016,0,0.0021,0,1,TN
코웨이(주),3078106054,2017,0,0.0054,0,1,TN
코웨이(주),3078106054,2018,0,0.0008,0,1,TN
코웨이(주),3078106054,2019,0,0.0018,0,1,TN
코웨이(주),3078106054,2020,0,0.0016,0,1,TN
코웨이(주),3078106054,2021,0,0.0004,0,1,TN
코웨이(주),3078106054,2022,0,0.0008,0,1,TN
코웨이(주),3078106054,2023,0,0.0005,0,1,TN
코웨이(주),3078106054,2024,0,0.0008,0,1,TN
백제컨트리클럽주식회사,3078106923,2014,0,0.0012,0,1,TN
백제컨트리클럽주식회사,3078106923,2015,0,0.0055,0,1,TN
백제컨트리클럽주식회사,3078106923,2016,0,0.0029,0,1,TN
백제컨트리클럽주식회사,3078106923,2017,0,0.0047,0,1,TN
백제컨트리클럽주식회사,3078106923,2018,0,0.0084,0,1,TN
백제컨트리클럽주식회사,3078106923,2019,0,0.0113,1,0,FP
백제컨트리클럽주식회사,3078106923,2020,0,0.0022,0,1,TN
백제컨트리클럽주식회사,3078106923,2021,0,0.0005,0,1,TN
백제컨트리클럽주식회사,3078106923,2022,0,0.0015,0,1,TN
백제컨트리클럽주식회사,3078106923,2023,0,0.0006,0,1,TN
백제컨트리클럽주식회사,3078106923,2024,0,0.0023,0,1,TN
세종개발주식회사,3078135786,2017,0,0.0006,0,1,TN
세종개발주식회사,3078135786,2018,0,0.0,0,1,TN
세종개발주식회사,3078135786,2019,0,0.0002,0,1,TN
세종개발주식회사,3078135786,2020,0,0.0008,0,1,TN
세종개발주식회사,3078135786,2021,0,0.0007,0,1,TN
세종개발주식회사,3078135786,2022,0,1e-04,0,1,TN
세종개발주식회사,3078135786,2023,0,0.0002,0,1,TN
세종개발주식회사,3078135786,2024,0,0.0002,0,1,TN
(주)세종씨씨,3078141314,2014,0,0.0337,1,0,FP
(주)세종씨씨,3078141314,2015,1,0.9631,1,1,TP
농업회사법인주식회사베어트리파크,3078145076,2014,0,0.0018,0,1,TN
농업회사법인주식회사베어트리파크,3078145076,2015,0,0.239,1,0,FP
농업회사법인주식회사베어트리파크,3078145076,2016,1,0.9016,1,1,TP
주식회사일상,3088120383,2014,0,0.0014,0,1,TN
주식회사일상,3088120383,2015,0,0.0022,0,1,TN
주식회사일상,3088120383,2016,0,0.0027,0,1,TN
주식회사일상,3088120383,2017,0,0.0063,0,1,TN
주식회사일상,3088120383,2018,0,0.0018,0,1,TN
주식회사일상,3088120383,2019,0,0.0027,0,1,TN
주식회사일상,3088120383,2020,0,0.0014,0,1,TN
주식회사일상,3088120383,2021,0,0.005,0,1,TN
주식회사일상,3088120383,2022,0,0.0005,0,1,TN
주식회사일상,3088120383,2023,0,0.0003,0,1,TN
주식회사일상,3088120383,2024,0,0.0002,0,1,TN
주식회사도고칸트리구락부,3128100483,2014,0,0.0142,1,0,FP
주식회사도고칸트리구락부,3128100483,2015,0,0.0086,0,1,TN
주식회사도고칸트리구락부,3128100483,2016,0,0.0067,0,1,TN
주식회사도고칸트리구락부,3128100483,2017,0,0.0028,0,1,TN
주식회사도고칸트리구락부,3128100483,2018,0,0.0005,0,1,TN
주식회사도고칸트리구락부,3128100483,2019,0,0.0005,0,1,TN
주식회사도고칸트리구락부,3128100483,2020,0,0.002,0,1,TN
주식회사도고칸트리구락부,3128100483,2021,0,0.0023,0,1,TN
주식회사도고칸트리구락부,3128100483,2022,0,0.0008,0,1,TN
주식회사도고칸트리구락부,3128100483,2023,0,0.0004,0,1,TN
주식회사도고칸트리구락부,3128100483,2024,0,0.0004,0,1,TN
(주)천안스포렉스,3128158914,2014,0,0.2236,1,0,FP
(주)천안스포렉스,3128158914,2015,0,0.1359,1,0,FP
(주)천안스포렉스,3128158914,2016,0,0.0059,0,1,TN
(주)천안스포렉스,3128158914,2017,0,0.023,1,0,FP
(주)천안스포렉스,3128158914,2018,0,0.0123,1,0,FP
(주)천안스포렉스,3128158914,2019,0,0.0281,1,0,FP
(주)현대자동차충청써비스,3128168805,2014,0,0.0132,1,0,FP
(주)현대자동차충청써비스,3128168805,2015,0,0.0144,1,0,FP
(주)현대자동차충청써비스,3128168805,2016,0,0.0174,1,0,FP
(주)현대자동차충청써비스,3128168805,2017,0,0.0025,0,1,TN
(주)현대자동차충청써비스,3128168805,2018,0,0.0012,0,1,TN
(주)현대자동차충청써비스,3128168805,2019,0,0.0025,0,1,TN
(주)현대자동차충청써비스,3128168805,2020,0,0.0032,0,1,TN
(주)현대자동차충청써비스,3128168805,2021,0,0.001,0,1,TN
(주)현대자동차충청써비스,3128168805,2022,0,0.006,0,1,TN
(주)현대자동차충청써비스,3128168805,2023,0,0.0018,0,1,TN
(주)현대자동차충청써비스,3128168805,2024,0,0.0032,0,1,TN
그린나래주식회사,3128180930,2014,0,0.0049,0,1,TN
그린나래주식회사,3128180930,2015,0,0.0035,0,1,TN
그린나래주식회사,3128180930,2016,0,0.0027,0,1,TN
그린나래주식회사,3128180930,2017,0,0.0016,0,1,TN
그린나래주식회사,3128180930,2018,0,0.0005,0,1,TN
그린나래주식회사,3128180930,2019,0,0.0028,0,1,TN
그린나래주식회사,3128180930,2020,0,0.0006,0,1,TN
그린나래주식회사,3128180930,2021,0,0.001,0,1,TN
그린나래주식회사,3128180930,2022,0,0.0006,0,1,TN
그린나래주식회사,3128180930,2023,0,0.0002,0,1,TN
그린나래주식회사,3128180930,2024,0,0.0011,0,1,TN
주식회사홍익스포츠,3128628507,2014,0,0.0676,1,0,FP
주식회사홍익스포츠,3128628507,2015,0,0.135,1,0,FP
주식회사홍익스포츠,3128628507,2016,1,0.9589,1,1,TP
주식회사더스타,3128632957,2014,1,0.9735,1,1,TP
주식회사천안하늘공원,3128656449,2014,0,0.0037,0,1,TN
주식회사천안하늘공원,3128656449,2015,0,0.0013,0,1,TN
주식회사천안하늘공원,3128656449,2016,0,0.0229,1,0,FP
주식회사천안하늘공원,3128656449,2017,0,0.0041,0,1,TN
주식회사천안하늘공원,3128656449,2018,0,0.0028,0,1,TN
주식회사천안하늘공원,3128656449,2019,0,0.0013,0,1,TN
신주개발주식회사,3148137967,2014,0,0.1827,1,0,FP
신주개발주식회사,3148137967,2015,0,0.0051,0,1,TN
신주개발주식회사,3148137967,2016,0,0.0169,1,0,FP
신주개발주식회사,3148137967,2017,0,0.0045,0,1,TN
신주개발주식회사,3148137967,2018,0,0.0063,0,1,TN
신주개발주식회사,3148137967,2019,0,0.0813,1,0,FP
신주개발주식회사,3148137967,2020,1,0.9717,1,1,TP
(주)부토,3148145453,2014,0,0.0436,1,0,FP
(주)부토,3148145453,2015,0,0.0473,1,0,FP
(주)부토,3148145453,2016,0,0.0074,0,1,TN
(주)부토,3148145453,2017,0,0.1046,1,0,FP
(주)부토,3148145453,2018,0,0.0099,0,1,TN
(주)부토,3148145453,2019,0,0.012,1,0,FP
(주)부토,3148145453,2020,0,0.0014,0,1,TN
(주)부토,3148145453,2021,0,0.0009,0,1,TN
(주)부토,3148145453,2022,0,0.0002,0,1,TN
(주)부토,3148145453,2023,0,0.0002,0,1,TN
(주)부토,3148145453,2024,0,0.0005,0,1,TN
(주)에이치.디.비,3148175340,2014,1,0.9847,1,1,TP
주식회사길쌈상조,3148179249,2014,0,0.0504,1,0,FP
주식회사길쌈상조,3148179249,2015,1,0.9071,1,1,TP
금실레져산업(주),3148187865,2014,0,0.008,0,1,TN
금실레져산업(주),3148187865,2015,0,0.0119,1,0,FP
금실레져산업(주),3148187865,2016,0,0.0192,1,0,FP
금실레져산업(주),3148187865,2017,0,0.0078,0,1,TN
금실레져산업(주),3148187865,2018,0,0.0046,0,1,TN
금실레져산업(주),3148187865,2019,0,0.006,0,1,TN
금실레져산업(주),3148187865,2020,0,0.0083,0,1,TN
금실레져산업(주),3148187865,2021,0,0.0016,0,1,TN
금실레져산업(주),3148187865,2022,0,0.0081,0,1,TN
(주)에스컨벤션,3148642581,2015,0,0.0036,0,1,TN
(주)에스컨벤션,3148642581,2016,0,0.1423,1,0,FP
(주)에스컨벤션,3148642581,2017,0,0.2061,1,0,FP
(주)에스컨벤션,3148642581,2018,0,0.0589,1,0,FP
(주)에스디씨,3148654734,2014,0,0.0023,0,1,TN
(주)에스디씨,3148654734,2015,0,0.0068,0,1,TN
(주)에스디씨,3148654734,2016,0,0.0155,1,0,FP
(주)에스디씨,3148654734,2017,0,0.2253,1,0,FP
(주)에스디씨,3148654734,2018,0,0.008,0,1,TN
(주)에스디씨,3148654734,2019,0,0.2119,1,0,FP
주식회사티엠지개발,3148657181,2014,0,0.0022,0,1,TN
주식회사티엠지개발,3148657181,2015,0,0.0157,1,0,FP
주식회사티엠지개발,3148657181,2016,0,0.0085,0,1,TN
주식회사티엠지개발,3148657181,2017,0,0.0027,0,1,TN
주식회사티엠지개발,3148657181,2018,0,0.0029,0,1,TN
주식회사티엠지개발,3148657181,2019,0,0.0027,0,1,TN
주식회사티엠지개발,3148657181,2020,0,0.0029,0,1,TN
주식회사티엠지개발,3148657181,2021,0,0.0031,0,1,TN
주식회사티엠지개발,3148657181,2022,0,0.0037,0,1,TN
주식회사티엠지개발,3148657181,2023,0,0.0115,1,0,FP
주식회사티엠지개발,3148657181,2024,0,0.0114,1,0,FP
(주)빌리언스,3158100385,2014,0,0.0434,1,0,FP
(주)빌리언스,3158100385,2015,0,0.0681,1,0,FP
(주)빌리언스,3158100385,2016,1,0.9007,1,1,TP
카밀농산개발(주),3168107585,2014,0,0.1744,1,0,FP
카밀농산개발(주),3168107585,2015,1,0.9828,1,1,TP
(주)아르델웨딩컨벤션,3168121613,2014,0,0.0413,1,0,FP
(주)아르델웨딩컨벤션,3168121613,2015,0,0.0887,1,0,FP
(주)아르델웨딩컨벤션,3168121613,2016,0,0.0067,0,1,TN
(주)아르델웨딩컨벤션,3168121613,2017,0,0.0047,0,1,TN
(주)아르델웨딩컨벤션,3168121613,2018,0,0.0013,0,1,TN
(주)아르델웨딩컨벤션,3168121613,2019,0,0.0025,0,1,TN
(주)아르델웨딩컨벤션,3168121613,2020,0,0.0559,1,0,FP
(주)아르델웨딩컨벤션,3168121613,2021,0,0.0459,1,0,FP
(주)아르델웨딩컨벤션,3168121613,2022,0,0.003,0,1,TN
(주)아르델웨딩컨벤션,3168121613,2023,0,0.0005,0,1,TN
(주)아르델웨딩컨벤션,3168121613,2024,0,0.0011,0,1,TN
일진레져주식회사,3168126068,2014,0,0.0019,0,1,TN
일진레져주식회사,3168126068,2015,0,0.0196,1,0,FP
일진레져주식회사,3168126068,2016,0,0.0909,1,0,FP
일진레져주식회사,3168126068,2017,0,0.2416,1,0,FP
일진레져주식회사,3168126068,2018,1,0.9771,1,1,TP
주식회사애니멀킹덤,3168128601,2021,0,0.0027,0,1,TN
주식회사애니멀킹덤,3168128601,2022,0,0.0635,1,0,FP
주식회사애니멀킹덤,3168128601,2023,0,0.0018,0,1,TN
주식회사애니멀킹덤,3168128601,2024,0,0.0141,1,0,FP
(주)제인,3178134498,2017,0,0.0066,0,1,TN
(주)제인,3178134498,2018,0,0.0667,1,0,FP
(주)제인,3178134498,2019,1,0.9761,1,1,TP
주식회사해태산업,3188105638,2015,0,0.0035,0,1,TN
주식회사해태산업,3188105638,2016,0,0.1526,1,0,FP
주식회사해태산업,3188105638,2017,0,0.0096,0,1,TN
주식회사해태산업,3188105638,2018,0,0.001,0,1,TN
주식회사해태산업,3188105638,2019,0,0.0017,0,1,TN
주식회사해태산업,3188105638,2020,0,0.0027,0,1,TN
주식회사해태산업,3188105638,2021,0,0.0005,0,1,TN
주식회사해태산업,3188105638,2022,0,1e-04,0,1,TN
주식회사해태산업,3188105638,2023,0,0.0004,0,1,TN
주식회사해태산업,3188105638,2024,0,0.0008,0,1,TN
(주)피터스원,3188601641,2020,0,0.0112,1,0,FP
(주)피터스원,3188601641,2021,0,0.101,1,0,FP
(주)피터스원,3188601641,2022,1,0.018,1,1,TP
주식회사스타오토케어,3188700616,2021,0,0.0014,0,1,TN
주식회사스타오토케어,3188700616,2022,0,0.1636,1,0,FP
주식회사스타오토케어,3188700616,2023,0,0.3734,1,0,FP
주식회사스타오토케어,3188700616,2024,0,0.0293,1,0,FP
주식회사에이치앤에이치디벨롭먼트,3198701511,2019,0,0.0017,0,1,TN
주식회사에이치앤에이치디벨롭먼트,3198701511,2020,0,0.1107,1,0,FP
주식회사에이치앤에이치디벨롭먼트,3198701511,2021,0,0.0067,0,1,TN
주식회사에이치앤에이치디벨롭먼트,3198701511,2022,0,0.0649,1,0,FP
주식회사에이치앤에이치디벨롭먼트,3198701511,2023,0,0.0227,1,0,FP
주식회사에이치앤에이치디벨롭먼트,3198701511,2024,1,0.0059,0,0,FN
주식회사영선개발,3218601900,2022,0,0.0002,0,1,TN
주식회사영선개발,3218601900,2023,0,0.1015,1,0,FP
주식회사영선개발,3218601900,2024,0,0.3433,1,0,FP
주식회사아이지엘,3238100222,2021,0,0.0011,0,1,TN
주식회사아이지엘,3238100222,2022,0,0.0004,0,1,TN
주식회사아이지엘,3238100222,2023,0,0.001,0,1,TN
주식회사아이지엘,3238100222,2024,0,0.0017,0,1,TN
주식회사타이틀롤,3368802429,2022,0,1e-04,0,1,TN
주식회사타이틀롤,3368802429,2023,0,0.0065,0,1,TN
주식회사타이틀롤,3368802429,2024,0,0.0088,0,1,TN
(주)한스코퍼레이션,3428801240,2020,0,0.0032,0,1,TN
(주)한스코퍼레이션,3428801240,2021,0,0.2305,1,0,FP
(주)한스코퍼레이션,3428801240,2022,1,0.4371,1,1,TP
주식회사국빈장례문화원,3438600819,2018,0,0.0037,0,1,TN
주식회사국빈장례문화원,3438600819,2019,0,0.218,1,0,FP
주식회사국빈장례문화원,3438600819,2020,0,0.0713,1,0,FP
주식회사국빈장례문화원,3438600819,2021,0,0.0009,0,1,TN
주식회사국빈장례문화원,3438600819,2022,0,0.0014,0,1,TN
주식회사국빈장례문화원,3438600819,2023,0,0.0013,0,1,TN
주식회사국빈장례문화원,3438600819,2024,0,0.003,0,1,TN
(주)히어로플레이파크,3498601010,2022,0,0.0002,0,1,TN
(주)히어로플레이파크,3498601010,2023,0,0.0058,0,1,TN
(주)히어로플레이파크,3498601010,2024,0,0.273,1,0,FP
주식회사어비스컴퍼니,3498701375,2021,0,0.0007,0,1,TN
주식회사어비스컴퍼니,3498701375,2022,0,0.0022,0,1,TN
주식회사어비스컴퍼니,3498701375,2023,0,0.041,1,0,FP
주식회사어비스컴퍼니,3498701375,2024,0,0.005,0,1,TN
램코주식회사,3548602331,2022,0,1e-04,0,1,TN
램코주식회사,3548602331,2023,0,0.0003,0,1,TN
램코주식회사,3548602331,2024,0,0.0012,0,1,TN
주식회사전북현대상용서비스,3548801831,2021,0,0.0031,0,1,TN
주식회사전북현대상용서비스,3548801831,2022,0,0.1563,1,0,FP
주식회사전북현대상용서비스,3548801831,2023,1,0.4289,1,1,TP
주식회사아떼오드,3638601355,2022,0,1e-04,0,1,TN
주식회사아떼오드,3638601355,2023,0,0.3481,1,0,FP
주식회사아떼오드,3638601355,2024,1,0.5249,1,1,TP
주식회사베스트탑,3668602260,2021,0,0.0015,0,1,TN
주식회사베스트탑,3668602260,2022,0,0.0509,1,0,FP
주식회사베스트탑,3668602260,2023,1,0.3226,1,1,TP
주식회사광장투자개발,3678800240,2016,0,0.003,0,1,TN
주식회사광장투자개발,3678800240,2017,0,0.0083,0,1,TN
주식회사광장투자개발,3678800240,2018,0,0.0004,0,1,TN
주식회사에이엘,3688702114,2021,0,0.0014,0,1,TN
주식회사에이엘,3688702114,2022,0,0.0039,0,1,TN
주식회사에이엘,3688702114,2023,1,0.0129,1,1,TP
(주)휴앤락그룹,3688702341,2021,0,0.0012,0,1,TN
(주)휴앤락그룹,3688702341,2022,0,0.0014,0,1,TN
(주)휴앤락그룹,3688702341,2023,0,0.0014,0,1,TN
(주)휴앤락그룹,3688702341,2024,0,0.0023,0,1,TN
주식회사사평,3698700287,2016,0,0.0006,0,1,TN
주식회사사평,3698700287,2017,0,0.0165,1,0,FP
주식회사사평,3698700287,2018,0,1e-04,0,1,TN
썬카운티주식회사,3698700593,2018,0,0.007,0,1,TN
썬카운티주식회사,3698700593,2019,0,0.1105,1,0,FP
썬카운티주식회사,3698700593,2020,1,0.9575,1,1,TP
주식회사금천레저,3718102030,2021,0,0.0075,0,1,TN
주식회사금천레저,3718102030,2022,0,0.0592,1,0,FP
주식회사금천레저,3718102030,2023,0,0.0577,1,0,FP
주식회사금천레저,3718102030,2024,0,0.1855,1,0,FP
다산베아체컨트리클럽주식회사,3848100421,2016,0,0.0027,0,1,TN
다산베아체컨트리클럽주식회사,3848100421,2017,0,0.1124,1,0,FP
다산베아체컨트리클럽주식회사,3848100421,2018,1,0.9719,1,1,TP
주식회사제이센트럴파크,3858701177,2019,0,0.0018,0,1,TN
주식회사제이센트럴파크,3858701177,2020,0,0.0662,1,0,FP
주식회사제이센트럴파크,3858701177,2021,0,0.109,1,0,FP
주식회사제이센트럴파크,3858701177,2022,1,0.0535,1,1,TP
주식회사이즈엘,3878600314,2017,0,0.0037,0,1,TN
주식회사이즈엘,3878600314,2018,0,0.0734,1,0,FP
주식회사이즈엘,3878600314,2019,1,0.88,1,1,TP
석정골프앤리조트주식회사,3918802182,2022,0,1e-04,0,1,TN
석정골프앤리조트주식회사,3918802182,2023,0,0.0009,0,1,TN
석정골프앤리조트주식회사,3918802182,2024,0,0.0012,0,1,TN
주식회사셀럽골프앤리조트,3948702490,2022,0,0.0002,0,1,TN
주식회사셀럽골프앤리조트,3948702490,2023,0,0.1375,1,0,FP
주식회사셀럽골프앤리조트,3948702490,2024,1,0.0572,1,1,TP
군산레져산업(주),4018123409,2014,0,0.0005,0,1,TN
군산레져산업(주),4018123409,2015,0,0.001,0,1,TN
군산레져산업(주),4018123409,2016,0,0.0043,0,1,TN
군산레져산업(주),4018123409,2017,0,0.0026,0,1,TN
군산레져산업(주),4018123409,2018,0,0.0015,0,1,TN
군산레져산업(주),4018123409,2019,0,0.0018,0,1,TN
군산레져산업(주),4018123409,2020,0,0.0015,0,1,TN
군산레져산업(주),4018123409,2021,0,0.0005,0,1,TN
군산레져산업(주),4018123409,2022,0,0.0002,0,1,TN
군산레져산업(주),4018123409,2023,0,0.0008,0,1,TN
군산레져산업(주),4018123409,2024,0,0.0153,1,0,FP
(주)금강레져타운,4018139629,2014,0,0.0109,1,0,FP
(주)금강레져타운,4018139629,2015,0,0.0099,0,1,TN
주식회사한원컨벤션,4018151958,2014,0,0.1048,1,0,FP
주식회사한원컨벤션,4018151958,2015,0,0.018,1,0,FP
주식회사한원컨벤션,4018151958,2016,0,0.0102,1,0,FP
주식회사한원컨벤션,4018151958,2017,0,0.0072,0,1,TN
주식회사한원컨벤션,4018151958,2018,0,0.2957,1,0,FP
주식회사한원컨벤션,4018151958,2019,0,0.4245,1,0,FP
주식회사한원컨벤션,4018151958,2021,1,0.9308,1,1,TP
고려상조주식회사,4028158497,2014,0,0.1705,1,0,FP
고려상조주식회사,4028158497,2015,0,0.0139,1,0,FP
고려상조주식회사,4028158497,2016,0,0.0682,1,0,FP
고려상조주식회사,4028158497,2017,0,0.047,1,0,FP
고려상조주식회사,4028158497,2018,1,0.7902,1,1,TP
극동지앤에스(주),4038101570,2014,0,0.006,0,1,TN
극동지앤에스(주),4038101570,2015,0,0.0906,1,0,FP
극동지앤에스(주),4038101570,2016,0,0.4556,1,0,FP
극동지앤에스(주),4038101570,2017,1,0.9578,1,1,TP
주식회사베어포트리조트,4038169513,2014,0,0.2765,1,0,FP
주식회사베어포트리조트,4038169513,2015,0,0.2223,1,0,FP
주식회사베어포트리조트,4038169513,2016,1,0.9577,1,1,TP
주식회사베어리버,4038180901,2015,0,0.0035,0,1,TN
주식회사베어리버,4038180901,2016,0,0.1149,1,0,FP
주식회사베어리버,4038180901,2017,0,0.0834,1,0,FP
주식회사베어리버,4038180901,2018,0,0.0249,1,0,FP
주식회사베어리버,4038180901,2019,0,0.0069,0,1,TN
(주)골프존카운티선운,4048119277,2014,0,0.003,0,1,TN
(주)골프존카운티선운,4048119277,2015,0,0.0146,1,0,FP
(주)골프존카운티선운,4048119277,2016,0,0.0208,1,0,FP
(주)골프존카운티선운,4048119277,2017,0,0.0023,0,1,TN
(주)골프존카운티선운,4048119277,2018,0,0.337,1,0,FP
(주)골프존카운티선운,4048119277,2019,0,0.448,1,0,FP
(주)골프존카운티선운,4048119277,2020,1,0.9664,1,1,TP
석정레져주식회사,4048139235,2014,0,0.0003,0,1,TN
석정레져주식회사,4048139235,2015,0,0.0016,0,1,TN
석정레져주식회사,4048139235,2016,0,0.0049,0,1,TN
석정레져주식회사,4048139235,2017,0,0.0014,0,1,TN
석정레져주식회사,4048139235,2018,0,0.0002,0,1,TN
석정레져주식회사,4048139235,2019,0,0.0011,0,1,TN
석정레져주식회사,4048139235,2020,0,0.0013,0,1,TN
석정레져주식회사,4048139235,2021,0,0.0005,0,1,TN
석정레져주식회사,4048139235,2022,0,0.0002,0,1,TN
석정레져주식회사,4048139235,2023,0,0.0002,0,1,TN
석정레져주식회사,4048139235,2024,0,0.0004,0,1,TN
(주)앙츠,4048800118,2015,0,0.0015,0,1,TN
(주)앙츠,4048800118,2016,0,0.0083,0,1,TN
(주)앙츠,4048800118,2022,0,0.0048,0,1,TN
(주)앙츠,4048800118,2023,0,0.0063,0,1,TN
(주)앙츠,4048800118,2024,0,0.0117,1,0,FP
주식회사라이브러리컴퍼니,4058111486,2021,0,0.0054,0,1,TN
주식회사라이브러리컴퍼니,4058111486,2022,0,0.0006,0,1,TN
주식회사라이브러리컴퍼니,4058111486,2023,0,0.0002,0,1,TN
주식회사라이브러리컴퍼니,4058111486,2024,0,0.0306,1,0,FP
신한레저주식회사,4078114403,2014,0,0.002,0,1,TN
신한레저주식회사,4078114403,2015,0,0.0013,0,1,TN
신한레저주식회사,4078114403,2016,0,0.0051,0,1,TN
신한레저주식회사,4078114403,2017,0,0.0011,0,1,TN
신한레저주식회사,4078114403,2018,0,0.0009,0,1,TN
신한레저주식회사,4078114403,2019,0,0.0029,0,1,TN
신한레저주식회사,4078114403,2020,0,0.0023,0,1,TN
신한레저주식회사,4078114403,2021,0,0.0006,0,1,TN
신한레저주식회사,4078114403,2022,0,0.0108,1,0,FP
신한레저주식회사,4078114403,2023,0,0.0111,1,0,FP
신한레저주식회사,4078114403,2024,0,0.028,1,0,FP
한국상용트럭주식회사,4078131305,2018,0,0.0041,0,1,TN
한국상용트럭주식회사,4078131305,2019,0,0.4104,1,0,FP
한국상용트럭주식회사,4078131305,2020,1,0.8901,1,1,TP
광주관광개발주식회사,4088103379,2014,1,0.9127,1,1,TP
(주)파인힐스,4088110531,2014,0,0.0061,0,1,TN
(주)파인힐스,4088110531,2015,0,0.004,0,1,TN
(주)파인힐스,4088110531,2016,0,0.0432,1,0,FP
(주)파인힐스,4088110531,2017,0,0.0102,1,0,FP
(주)파인힐스,4088110531,2018,0,0.008,0,1,TN
(주)파인힐스,4088110531,2019,0,0.0034,0,1,TN
(주)파인힐스,4088110531,2020,0,0.0124,1,0,FP
(주)파인힐스,4088110531,2021,0,0.0019,0,1,TN
(주)파인힐스,4088110531,2022,0,0.0008,0,1,TN
(주)파인힐스,4088110531,2023,0,0.0003,0,1,TN
(주)파인힐스,4088110531,2024,0,1e-04,0,1,TN
남화산업(주),4088111016,2014,0,0.0004,0,1,TN
남화산업(주),4088111016,2015,0,0.001,0,1,TN
남화산업(주),4088111016,2016,0,0.0021,0,1,TN
남화산업(주),4088111016,2017,0,0.0013,0,1,TN
남화산업(주),4088111016,2018,0,0.0003,0,1,TN
남화산업(주),4088111016,2019,0,0.0007,0,1,TN
남화산업(주),4088111016,2020,0,0.0008,0,1,TN
남화산업(주),4088111016,2021,0,0.0002,0,1,TN
남화산업(주),4088111016,2022,0,1e-04,0,1,TN
남화산업(주),4088111016,2023,0,1e-04,0,1,TN
남화산업(주),4088111016,2024,0,0.0002,0,1,TN
주식회사담양골프랜드,4088143110,2014,0,0.2337,1,0,FP
주식회사담양골프랜드,4088143110,2015,1,0.9188,1,1,TP
영암관광개발(주),4088143629,2014,0,0.0022,0,1,TN
영암관광개발(주),4088143629,2015,0,0.0196,1,0,FP
영암관광개발(주),4088143629,2016,0,0.0098,0,1,TN
영암관광개발(주),4088143629,2017,0,0.01,1,0,FP
영암관광개발(주),4088143629,2018,0,0.0025,0,1,TN
영암관광개발(주),4088143629,2019,0,0.0109,1,0,FP
영암관광개발(주),4088143629,2020,0,0.0545,1,0,FP
영암관광개발(주),4088143629,2021,0,0.0013,0,1,TN
영암관광개발(주),4088143629,2022,0,0.01,1,0,FP
영암관광개발(주),4088143629,2023,0,0.0178,1,0,FP
영암관광개발(주),4088143629,2024,0,0.3321,1,0,FP
동호레져(주),4088155523,2014,0,0.0021,0,1,TN
동호레져(주),4088155523,2015,0,0.0025,0,1,TN
동호레져(주),4088155523,2016,0,0.0034,0,1,TN
동호레져(주),4088155523,2017,0,0.0042,0,1,TN
동호레져(주),4088155523,2018,0,0.0005,0,1,TN
동호레져(주),4088155523,2019,0,0.0018,0,1,TN
동호레져(주),4088155523,2020,0,0.0012,0,1,TN
동호레져(주),4088155523,2021,0,0.0003,0,1,TN
동호레져(주),4088155523,2022,0,0.0003,0,1,TN
동호레져(주),4088155523,2023,0,0.0002,0,1,TN
동호레져(주),4088155523,2024,0,0.0023,0,1,TN
주식회사조아,4088157555,2014,0,0.0006,0,1,TN
주식회사조아,4088157555,2015,0,0.0008,0,1,TN
주식회사조아,4088157555,2016,0,0.0064,0,1,TN
주식회사조아,4088157555,2017,0,0.0011,0,1,TN
주식회사조아,4088157555,2018,0,0.0131,1,0,FP
주식회사조아,4088157555,2019,0,0.002,0,1,TN
남해레저개발주식회사,4088162965,2014,0,0.0029,0,1,TN
남해레저개발주식회사,4088162965,2015,0,0.2029,1,0,FP
남해레저개발주식회사,4088162965,2016,0,0.2839,1,0,FP
남해레저개발주식회사,4088162965,2017,0,0.1016,1,0,FP
남해레저개발주식회사,4088162965,2018,0,0.1006,1,0,FP
빅스포주식회사,4088170636,2014,0,0.0047,0,1,TN
빅스포주식회사,4088170636,2015,0,0.0043,0,1,TN
빅스포주식회사,4088170636,2016,0,0.0377,1,0,FP
빅스포주식회사,4088170636,2017,0,0.0079,0,1,TN
빅스포주식회사,4088170636,2018,0,0.0054,0,1,TN
빅스포주식회사,4088170636,2019,0,0.0137,1,0,FP
빅스포주식회사,4088170636,2020,0,0.1245,1,0,FP
빅스포주식회사,4088170636,2021,0,0.2615,1,0,FP
빅스포주식회사,4088170636,2022,1,0.7842,1,1,TP
(주)스마트홀딩스,4088190821,2014,0,0.473,1,0,FP
(주)스마트홀딩스,4088190821,2015,1,0.862,1,1,TP
광주남문장례식장(주),4088600834,2015,0,0.0033,0,1,TN
광주남문장례식장(주),4088600834,2016,0,0.4655,1,0,FP
광주남문장례식장(주),4088600834,2017,1,0.9722,1,1,TP
기아타이거즈(주),4098102844,2017,0,0.0015,0,1,TN
기아타이거즈(주),4098102844,2018,0,0.0462,1,0,FP
기아타이거즈(주),4098102844,2019,0,0.0224,1,0,FP
기아타이거즈(주),4098102844,2020,0,0.0587,1,0,FP
기아타이거즈(주),4098102844,2022,0,0.0268,1,0,FP
기아타이거즈(주),4098102844,2023,0,0.0509,1,0,FP
기아타이거즈(주),4098102844,2024,0,0.0141,1,0,FP
나주관광개발(주),4098134803,2014,0,0.0018,0,1,TN
나주관광개발(주),4098134803,2015,0,0.0004,0,1,TN
나주관광개발(주),4098134803,2016,0,0.0012,0,1,TN
나주관광개발(주),4098134803,2017,0,0.0005,0,1,TN
나주관광개발(주),4098134803,2018,0,0.0005,0,1,TN
나주관광개발(주),4098134803,2019,0,0.0012,0,1,TN
나주관광개발(주),4098134803,2020,0,0.0043,0,1,TN
나주관광개발(주),4098134803,2021,0,0.0004,0,1,TN
나주관광개발(주),4098134803,2022,0,0.0005,0,1,TN
나주관광개발(주),4098134803,2023,0,0.0007,0,1,TN
나주관광개발(주),4098134803,2024,0,0.0018,0,1,TN
대호관광개발주식회사,4098163690,2014,0,0.003,0,1,TN
대호관광개발주식회사,4098163690,2015,0,0.0232,1,0,FP
대호관광개발주식회사,4098163690,2016,0,0.0022,0,1,TN
대호관광개발주식회사,4098163690,2017,0,0.0481,1,0,FP
대호관광개발주식회사,4098163690,2018,0,0.0008,0,1,TN
대호관광개발주식회사,4098163690,2019,0,0.0023,0,1,TN
대호관광개발주식회사,4098163690,2020,0,0.0026,0,1,TN
대호관광개발주식회사,4098163690,2021,0,0.0007,0,1,TN
대호관광개발주식회사,4098163690,2022,0,0.0004,0,1,TN
대호관광개발주식회사,4098163690,2023,0,0.0003,0,1,TN
대호관광개발주식회사,4098163690,2024,0,0.0005,0,1,TN
그린장례문화원(주),4098167018,2014,0,0.0004,0,1,TN
그린장례문화원(주),4098167018,2015,0,0.0007,0,1,TN
그린장례문화원(주),4098167018,2016,0,0.0099,0,1,TN
그린장례문화원(주),4098167018,2017,0,0.0008,0,1,TN
그린장례문화원(주),4098167018,2018,0,0.0005,0,1,TN
그린장례문화원(주),4098167018,2019,0,0.0114,1,0,FP
그린장례문화원(주),4098167018,2023,0,0.0042,0,1,TN
그린장례문화원(주),4098167018,2024,0,0.0031,0,1,TN
동화기업(주),4098181932,2014,0,0.006,0,1,TN
동화기업(주),4098181932,2015,0,0.0035,0,1,TN
동화기업(주),4098181932,2016,0,0.0047,0,1,TN
동화기업(주),4098181932,2017,0,0.0042,0,1,TN
동화기업(주),4098181932,2018,0,0.0023,0,1,TN
동화기업(주),4098181932,2019,0,0.0041,0,1,TN
동화기업(주),4098181932,2020,0,0.0049,0,1,TN
동화기업(주),4098181932,2021,0,0.0051,0,1,TN
동화기업(주),4098181932,2022,0,0.0006,0,1,TN
동화기업(주),4098181932,2023,0,0.0019,0,1,TN
동화기업(주),4098181932,2024,0,0.0014,0,1,TN
(주)금호상조,4098188629,2014,0,0.0978,1,0,FP
(주)금호상조,4098188629,2015,0,0.0254,1,0,FP
(주)금호상조,4098188629,2016,0,0.0254,1,0,FP
(주)금호상조,4098188629,2017,0,0.0063,0,1,TN
(주)금호상조,4098188629,2018,0,0.1317,1,0,FP
(주)금호상조,4098188629,2019,0,0.125,1,0,FP
(주)금호상조,4098188629,2020,0,0.0635,1,0,FP
(주)금호상조,4098188629,2021,0,0.0183,1,0,FP
(주)금호상조,4098188629,2022,0,0.0014,0,1,TN
(주)금호상조,4098188629,2023,0,0.007,0,1,TN
(주)금호상조,4098188629,2024,0,0.0027,0,1,TN
(주)아이앤지건설,4098190784,2016,0,0.0008,0,1,TN
(주)아이앤지건설,4098190784,2017,0,0.0028,0,1,TN
(주)아이앤지건설,4098190784,2018,0,0.0425,1,0,FP
(주)아이앤지건설,4098190784,2019,0,0.1203,1,0,FP
(주)아이앤지건설,4098190784,2020,1,0.9421,1,1,TP
덕승개발(주),4098197244,2014,0,0.0036,0,1,TN
덕승개발(주),4098197244,2015,0,0.0149,1,0,FP
덕승개발(주),4098197244,2016,0,0.0071,0,1,TN
덕승개발(주),4098197244,2017,0,0.0517,1,0,FP
덕승개발(주),4098197244,2018,0,0.0024,0,1,TN
덕승개발(주),4098197244,2019,0,0.0029,0,1,TN
덕승개발(주),4098197244,2020,0,0.004,0,1,TN
덕승개발(주),4098197244,2021,0,0.0003,0,1,TN
덕승개발(주),4098197244,2022,0,0.0002,0,1,TN
덕승개발(주),4098197244,2023,0,1e-04,0,1,TN
덕승개발(주),4098197244,2024,0,1e-04,0,1,TN
(주)한듬레포츠,4098198471,2014,0,0.0004,0,1,TN
(주)한듬레포츠,4098198471,2015,0,0.0004,0,1,TN
(주)한듬레포츠,4098198471,2016,0,0.0015,0,1,TN
(주)한듬레포츠,4098198471,2017,0,0.0007,0,1,TN
(주)한듬레포츠,4098198471,2018,0,0.0002,0,1,TN
(주)한듬레포츠,4098198471,2019,0,0.0012,0,1,TN
(주)천지장례식장,4098604852,2014,0,0.0007,0,1,TN
(주)천지장례식장,4098604852,2015,0,0.001,0,1,TN
(주)천지장례식장,4098604852,2016,0,0.0023,0,1,TN
이한모터서비스주식회사,4098618813,2017,0,0.0018,0,1,TN
이한모터서비스주식회사,4098618813,2018,0,0.0041,0,1,TN
이한모터서비스주식회사,4098618813,2019,0,0.004,0,1,TN
이한모터서비스주식회사,4098618813,2020,0,0.0058,0,1,TN
이한모터서비스주식회사,4098618813,2021,0,0.0006,0,1,TN
이한모터서비스주식회사,4098618813,2022,0,0.0043,0,1,TN
이한모터서비스주식회사,4098618813,2023,0,0.2001,1,0,FP
이한모터서비스주식회사,4098618813,2024,0,0.568,1,0,FP
제이아트컨벤션주식회사,4098646677,2014,0,0.0017,0,1,TN
제이아트컨벤션주식회사,4098646677,2015,0,0.0012,0,1,TN
제이아트컨벤션주식회사,4098646677,2016,0,0.0148,1,0,FP
제이아트컨벤션주식회사,4098646677,2017,0,0.0045,0,1,TN
제이아트컨벤션주식회사,4098646677,2018,0,0.02,1,0,FP
제이아트컨벤션주식회사,4098646677,2019,0,0.0132,1,0,FP
제이아트컨벤션주식회사,4098646677,2020,0,0.0324,1,0,FP
제이아트컨벤션주식회사,4098646677,2021,0,0.0065,0,1,TN
제이아트컨벤션주식회사,4098646677,2022,0,0.0034,0,1,TN
제이아트컨벤션주식회사,4098646677,2023,0,0.0012,0,1,TN
제이아트컨벤션주식회사,4098646677,2024,0,0.0023,0,1,TN
주식회사덕경,4098647905,2014,0,0.0018,0,1,TN
주식회사덕경,4098647905,2015,0,0.1048,1,0,FP
주식회사덕경,4098647905,2016,1,0.9769,1,1,TP
싸이버테크(주),4108129576,2018,0,0.0017,0,1,TN
싸이버테크(주),4108129576,2019,0,0.005,0,1,TN
싸이버테크(주),4108129576,2020,0,0.0027,0,1,TN
싸이버테크(주),4108129576,2021,0,0.0016,0,1,TN
싸이버테크(주),4108129576,2022,0,0.0083,0,1,TN
싸이버테크(주),4108129576,2023,0,0.0248,1,0,FP
싸이버테크(주),4108129576,2024,0,0.0066,0,1,TN
(주)아름다운컨벤션,4108160562,2016,0,0.0013,0,1,TN
(주)아름다운컨벤션,4108160562,2017,0,0.0069,0,1,TN
(주)아름다운컨벤션,4108160562,2018,0,0.1557,1,0,FP
(주)아름다운컨벤션,4108160562,2019,0,0.529,1,0,FP
(주)아름다운컨벤션,4108160562,2020,1,0.8893,1,1,TP
(주)행복드림,4108646089,2014,0,0.3324,1,0,FP
(주)행복드림,4108646089,2015,0,0.0027,0,1,TN
(주)행복드림,4108646089,2016,0,0.0082,0,1,TN
(주)행복드림,4108646089,2017,0,0.0037,0,1,TN
(주)행복드림,4108646089,2018,0,0.0015,0,1,TN
(주)행복드림,4108646089,2019,0,0.0015,0,1,TN
(주)행복드림,4108646089,2020,0,0.0015,0,1,TN
(주)행복드림,4108646089,2021,0,0.0008,0,1,TN
(주)행복드림,4108646089,2022,0,0.0006,0,1,TN
(주)행복드림,4108646089,2023,0,0.0003,0,1,TN
(주)행복드림,4108646089,2024,0,0.0013,0,1,TN
주식회사영산,4108647884,2014,0,0.009,0,1,TN
주식회사영산,4108647884,2015,0,0.0025,0,1,TN
주식회사영산,4108647884,2016,0,0.0014,0,1,TN
주식회사영산,4108647884,2017,0,0.0043,0,1,TN
주식회사영산,4108647884,2018,0,0.0016,0,1,TN
주식회사영산,4108647884,2019,0,0.0018,0,1,TN
주식회사영산,4108647884,2020,0,0.0022,0,1,TN
주식회사영산,4108647884,2021,0,0.0007,0,1,TN
주식회사영산,4108647884,2022,0,0.0003,0,1,TN
주식회사영산,4108647884,2023,0,0.0006,0,1,TN
주식회사영산,4108647884,2024,0,0.001,0,1,TN
(주)무등산랜드,4108659963,2014,1,0.9694,1,1,TP
주식회사스카이장례식장,4108659982,2014,0,0.0066,0,1,TN
주식회사스카이장례식장,4108659982,2015,0,0.0061,0,1,TN
주식회사스카이장례식장,4108659982,2016,0,0.0039,0,1,TN
주식회사스카이장례식장,4108659982,2017,0,0.0029,0,1,TN
주식회사스카이장례식장,4108659982,2018,0,0.002,0,1,TN
주식회사스카이장례식장,4108659982,2019,0,0.0012,0,1,TN
주식회사월드드림랜드,4108681223,2015,0,0.003,0,1,TN
주식회사월드드림랜드,4108681223,2016,0,0.2707,1,0,FP
주식회사월드드림랜드,4108681223,2017,1,0.9388,1,1,TP
광산현대서비스(주),4108681790,2018,0,0.0129,1,0,FP
광산현대서비스(주),4108681790,2019,0,0.0856,1,0,FP
광산현대서비스(주),4108681790,2020,0,0.0171,1,0,FP
광산현대서비스(주),4108681790,2021,0,0.0132,1,0,FP
광산현대서비스(주),4108681790,2022,0,0.1247,1,0,FP
광산현대서비스(주),4108681790,2023,0,0.0664,1,0,FP
광산현대서비스(주),4108681790,2024,0,0.0472,1,0,FP
(주)매일,4108687528,2014,0,0.0021,0,1,TN
(주)매일,4108687528,2015,0,0.0961,1,0,FP
(주)매일,4108687528,2016,0,0.1019,1,0,FP
(주)매일,4108687528,2017,0,0.0661,1,0,FP
동광주타워주식회사,4108688755,2016,0,0.0025,0,1,TN
동광주타워주식회사,4108688755,2017,0,0.0069,0,1,TN
동광주타워주식회사,4108688755,2018,0,0.017,1,0,FP
동광주타워주식회사,4108688755,2020,0,0.0404,1,0,FP
동광주타워주식회사,4108688755,2021,1,0.8811,1,1,TP
(주)큐에이드,4108707666,2016,0,0.0008,0,1,TN
(주)큐에이드,4108707666,2017,0,0.0164,1,0,FP
(주)큐에이드,4108707666,2018,0,0.0097,0,1,TN
(주)큐에이드,4108707666,2019,0,0.0027,0,1,TN
(주)큐에이드,4108707666,2020,0,0.002,0,1,TN
(주)큐에이드,4108707666,2021,0,0.0005,0,1,TN
(주)큐에이드,4108707666,2022,0,0.0019,0,1,TN
(주)큐에이드,4108707666,2023,0,0.0263,1,0,FP
(주)큐에이드,4108707666,2024,0,0.6684,1,0,FP
(주)스카이웨딩컨벤션,4118189562,2016,0,0.0023,0,1,TN
(주)스카이웨딩컨벤션,4118189562,2017,0,0.2113,1,0,FP
(주)스카이웨딩컨벤션,4118189562,2018,1,0.8946,1,1,TP
해피니스컨트리클럽주식회사,4128139648,2014,0,0.0307,1,0,FP
해피니스컨트리클럽주식회사,4128139648,2015,0,0.0489,1,0,FP
해피니스컨트리클럽주식회사,4128139648,2016,0,0.0105,1,0,FP
해피니스컨트리클럽주식회사,4128139648,2017,0,0.0402,1,0,FP
해피니스컨트리클럽주식회사,4128139648,2018,0,0.3075,1,0,FP
해피니스컨트리클럽주식회사,4128139648,2019,0,0.0354,1,0,FP
해피니스컨트리클럽주식회사,4128139648,2020,0,0.0062,0,1,TN
해피니스컨트리클럽주식회사,4128139648,2021,0,0.0005,0,1,TN
해피니스컨트리클럽주식회사,4128139648,2022,0,0.0015,0,1,TN
해피니스컨트리클럽주식회사,4128139648,2023,0,0.0032,0,1,TN
해피니스컨트리클럽주식회사,4128139648,2024,0,0.0081,0,1,TN
(주)정원장례식장,4128148282,2015,0,0.0034,0,1,TN
(주)정원장례식장,4128148282,2016,0,0.042,1,0,FP
(주)정원장례식장,4128148282,2017,0,0.011,1,0,FP
(주)정원장례식장,4128148282,2018,0,0.0182,1,0,FP
(주)정원장례식장,4128148282,2019,0,0.0119,1,0,FP
솔라시도골프앤빌리지(주),4158137519,2020,0,0.0057,0,1,TN
솔라시도골프앤빌리지(주),4158137519,2021,0,0.0869,1,0,FP
솔라시도골프앤빌리지(주),4158137519,2022,0,0.001,0,1,TN
솔라시도골프앤빌리지(주),4158137519,2023,0,0.0014,0,1,TN
솔라시도골프앤빌리지(주),4158137519,2024,0,0.039,1,0,FP
(주)유심천온천리조트,4168108846,2018,0,0.0047,0,1,TN
(주)유심천온천리조트,4168108846,2019,0,0.2238,1,0,FP
(주)유심천온천리조트,4168108846,2020,1,0.9448,1,1,TP
주식회사조이스포츠,4178141533,2014,0,0.0076,0,1,TN
주식회사조이스포츠,4178141533,2015,0,0.0018,0,1,TN
주식회사조이스포츠,4178141533,2016,0,0.004,0,1,TN
주식회사조이스포츠,4178141533,2017,0,0.005,0,1,TN
주식회사조이스포츠,4178141533,2018,0,0.0018,0,1,TN
주식회사조이스포츠,4178141533,2019,0,0.0028,0,1,TN
주식회사조이스포츠,4178141533,2020,0,0.0029,0,1,TN
주식회사조이스포츠,4178141533,2021,0,0.0015,0,1,TN
주식회사조이스포츠,4178141533,2022,0,0.0032,0,1,TN
주식회사조이스포츠,4178141533,2023,0,0.0109,1,0,FP
주식회사조이스포츠,4178141533,2024,0,0.0085,0,1,TN
청신레저주식회사,4178702304,2022,0,0.0002,0,1,TN
청신레저주식회사,4178702304,2023,0,0.0529,1,0,FP
청신레저주식회사,4178702304,2024,0,0.0521,1,0,FP
무주기업도시(주),4188121831,2014,0,0.0216,1,0,FP
주식회사청해,4188130140,2020,0,0.002,0,1,TN
주식회사청해,4188130140,2021,0,0.1947,1,0,FP
주식회사청해,4188130140,2023,1,0.0127,1,1,TP
(주)상개골프연습장,4188155215,2020,0,0.0026,0,1,TN
(주)상개골프연습장,4188155215,2021,0,0.0383,1,0,FP
(주)상개골프연습장,4188155215,2022,1,0.0071,0,0,FN
(주)사직골프랜드,4238701391,2020,0,0.0025,0,1,TN
(주)사직골프랜드,4238701391,2021,0,0.0357,1,0,FP
(주)사직골프랜드,4238701391,2022,1,0.0633,1,1,TP
주식회사청라스매시파크,4248600651,2019,0,0.0072,0,1,TN
주식회사청라스매시파크,4248600651,2020,0,0.1293,1,0,FP
주식회사청라스매시파크,4248600651,2021,1,0.9691,1,1,TP
주식회사사유원,4288101768,2020,0,0.0023,0,1,TN
주식회사사유원,4288101768,2021,0,0.2384,1,0,FP
주식회사사유원,4288101768,2022,0,0.0033,0,1,TN
주식회사사유원,4288101768,2023,0,0.0052,0,1,TN
주식회사사유원,4288101768,2024,0,0.0024,0,1,TN
(주)펀인스퀘어,4328601312,2021,0,0.0014,0,1,TN
(주)펀인스퀘어,4328601312,2022,0,0.0107,1,0,FP
(주)펀인스퀘어,4328601312,2023,0,0.0064,0,1,TN
(주)펀인스퀘어,4328601312,2024,0,0.3131,1,0,FP
나이스엔지니어링(주),4338101168,2018,0,0.0008,0,1,TN
나이스엔지니어링(주),4338101168,2019,0,0.036,1,0,FP
나이스엔지니어링(주),4338101168,2020,0,0.0054,0,1,TN
나이스엔지니어링(주),4338101168,2021,0,0.0019,0,1,TN
나이스엔지니어링(주),4338101168,2022,0,0.0036,0,1,TN
나이스엔지니어링(주),4338101168,2023,0,0.006,0,1,TN
나이스엔지니어링(주),4338101168,2024,0,0.0135,1,0,FP
주식회사우림공업사,4358100786,2018,0,0.0045,0,1,TN
주식회사우림공업사,4358100786,2019,0,0.1748,1,0,FP
주식회사우림공업사,4358100786,2024,0,0.0852,1,0,FP
(주)내외리버스퀘어,4378701084,2021,0,0.0035,0,1,TN
(주)내외리버스퀘어,4378701084,2022,0,0.0008,0,1,TN
(주)내외리버스퀘어,4378701084,2023,1,0.0016,0,0,FN
(주)아모르컨벤션웨딩,4388800902,2019,0,0.0025,0,1,TN
(주)아모르컨벤션웨딩,4388800902,2020,0,0.0176,1,0,FP
(주)아모르컨벤션웨딩,4388800902,2021,0,0.0009,0,1,TN
(주)아모르컨벤션웨딩,4388800902,2022,0,0.0004,0,1,TN
(주)아모르컨벤션웨딩,4388800902,2023,0,1e-04,0,1,TN
(주)아모르컨벤션웨딩,4388800902,2024,0,0.0003,0,1,TN
주식회사한국애경컨벤션,4398600139,2016,0,0.0026,0,1,TN
주식회사한국애경컨벤션,4398600139,2017,0,0.0015,0,1,TN
주식회사한국애경컨벤션,4398600139,2018,0,0.0011,0,1,TN
주식회사한국애경컨벤션,4398600139,2019,0,0.0005,0,1,TN
주식회사한국애경컨벤션,4398600139,2020,0,0.0007,0,1,TN
주식회사한국애경컨벤션,4398600139,2022,0,0.0004,0,1,TN
주식회사한국애경컨벤션,4398600139,2023,0,0.0003,0,1,TN
주식회사한국애경컨벤션,4398600139,2024,0,0.0006,0,1,TN
팔경개발주식회사,4408100279,2015,0,0.0026,0,1,TN
팔경개발주식회사,4408100279,2016,0,0.0649,1,0,FP
팔경개발주식회사,4408100279,2017,0,0.0119,1,0,FP
팔경개발주식회사,4408100279,2018,0,0.2117,1,0,FP
소닉모터스(주),4418700411,2020,0,0.0025,0,1,TN
소닉모터스(주),4418700411,2021,0,0.2498,1,0,FP
소닉모터스(주),4418700411,2022,0,0.0065,0,1,TN
소닉모터스(주),4418700411,2023,0,0.0575,1,0,FP
소닉모터스(주),4418700411,2024,0,0.7882,1,0,FP
스포츠토토코리아,4428101726,2020,0,0.0015,0,1,TN
스포츠토토코리아,4428101726,2021,0,0.0081,0,1,TN
스포츠토토코리아,4428101726,2022,0,0.0005,0,1,TN
스포츠토토코리아,4428101726,2023,0,0.0004,0,1,TN
스포츠토토코리아,4428101726,2024,0,0.0005,0,1,TN
(주)메리빌리아,4458801006,2022,0,0.0,0,1,TN
(주)메리빌리아,4458801006,2023,0,0.0002,0,1,TN
(주)메리빌리아,4458801006,2024,0,0.0002,0,1,TN
주식회사유스파,4598700746,2019,0,0.001,0,1,TN
주식회사유스파,4598700746,2020,0,0.0066,0,1,TN
주식회사유스파,4598700746,2021,0,0.0095,0,1,TN
주식회사유스파,4598700746,2022,0,0.0071,0,1,TN
주식회사유스파,4598700746,2023,0,0.0014,0,1,TN
주식회사유스파,4598700746,2024,0,0.0048,0,1,TN
주식회사칼라디움,4618100989,2018,0,0.0049,0,1,TN
주식회사칼라디움,4618100989,2019,0,0.0375,1,0,FP
주식회사칼라디움,4618100989,2020,0,0.2802,1,0,FP
주식회사칼라디움,4618100989,2021,0,0.0631,1,0,FP
주식회사칼라디움,4618100989,2022,0,0.0399,1,0,FP
주식회사칼라디움,4618100989,2023,0,0.1401,1,0,FP
주식회사칼라디움,4618100989,2024,0,0.3205,1,0,FP
주식회사아산골프클럽,4648802350,2022,0,0.0002,0,1,TN
주식회사아산골프클럽,4648802350,2023,0,0.0014,0,1,TN
주식회사아산골프클럽,4648802350,2024,0,0.0021,0,1,TN
주식회사제이파크,4688601553,2019,0,0.0034,0,1,TN
주식회사제이파크,4688601553,2020,0,0.1069,1,0,FP
주식회사제이파크,4688601553,2021,1,0.9851,1,1,TP
더리얼산업(주),4718700052,2020,0,0.0057,0,1,TN
더리얼산업(주),4718700052,2021,0,0.0657,1,0,FP
더리얼산업(주),4718700052,2022,1,0.0019,0,0,FN
주식회사오산버드파크,4728801181,2020,0,0.0025,0,1,TN
주식회사오산버드파크,4728801181,2021,0,0.1634,1,0,FP
주식회사오산버드파크,4728801181,2022,0,0.333,1,0,FP
주식회사오산버드파크,4728801181,2023,1,0.5237,1,1,TP
케이알레저주식회사,4748101489,2019,0,0.0025,0,1,TN
케이알레저주식회사,4748101489,2020,0,0.0721,1,0,FP
케이알레저주식회사,4748101489,2021,0,0.0009,0,1,TN
케이알레저주식회사,4748101489,2022,0,0.001,0,1,TN
케이알레저주식회사,4748101489,2023,0,0.0015,0,1,TN
케이알레저주식회사,4748101489,2024,0,0.0017,0,1,TN
주식회사위드랜드,4808801538,2021,0,0.0023,0,1,TN
주식회사위드랜드,4808801538,2022,0,0.2362,1,0,FP
주식회사위드랜드,4808801538,2023,1,0.5857,1,1,TP
주식회사유성씨앤에프,4938800063,2016,0,0.0003,0,1,TN
주식회사유성씨앤에프,4938800063,2017,0,0.002,0,1,TN
주식회사유성씨앤에프,4938800063,2018,0,0.0215,1,0,FP
주식회사유성씨앤에프,4938800063,2019,0,0.025,1,0,FP
주식회사유성씨앤에프,4938800063,2020,0,0.2391,1,0,FP
주식회사유성씨앤에프,4938800063,2021,0,0.1846,1,0,FP
주식회사유성씨앤에프,4938800063,2022,1,0.8964,1,1,TP
주식회사아이케이,4968800456,2016,0,0.0019,0,1,TN
주식회사아이케이,4968800456,2017,0,0.0043,0,1,TN
주식회사아이케이,4968800456,2018,0,0.0125,1,0,FP
주식회사아이케이,4968800456,2019,0,0.006,0,1,TN
주식회사아이케이,4968800456,2020,0,0.0029,0,1,TN
주식회사아이케이,4968800456,2021,0,0.0016,0,1,TN
주식회사아이케이,4968800456,2022,0,0.0006,0,1,TN
주식회사아이케이,4968800456,2023,0,0.0006,0,1,TN
주식회사아이케이,4968800456,2024,0,0.001,0,1,TN
디에스라이프주식회사,5018106001,2014,0,0.0755,1,0,FP
디에스라이프주식회사,5018106001,2015,0,0.0739,1,0,FP
디에스라이프주식회사,5018106001,2016,0,0.0552,1,0,FP
디에스라이프주식회사,5018106001,2017,0,0.0513,1,0,FP
디에스라이프주식회사,5018106001,2018,0,0.0772,1,0,FP
디에스라이프주식회사,5018106001,2019,1,0.8931,1,1,TP
(주)유성,5028108434,2015,0,0.0031,0,1,TN
(주)유성,5028108434,2016,0,0.1742,1,0,FP
(주)유성,5028108434,2017,1,0.8502,1,1,TP
우경개발(주),5028109563,2014,0,0.0016,0,1,TN
우경개발(주),5028109563,2015,0,0.0066,0,1,TN
우경개발(주),5028109563,2016,0,0.0015,0,1,TN
우경개발(주),5028109563,2017,0,0.0011,0,1,TN
우경개발(주),5028109563,2018,0,0.0004,0,1,TN
우경개발(주),5028109563,2019,0,0.0016,0,1,TN
우경개발(주),5028109563,2020,0,0.0016,0,1,TN
우경개발(주),5028109563,2021,0,0.0006,0,1,TN
우경개발(주),5028109563,2022,0,0.0003,0,1,TN
우경개발(주),5028109563,2023,0,0.0002,0,1,TN
우경개발(주),5028109563,2024,0,0.0003,0,1,TN
주식회사승익,5028150607,2014,0,0.0055,0,1,TN
주식회사승익,5028150607,2015,0,0.0467,1,0,FP
주식회사승익,5028150607,2016,0,0.0089,0,1,TN
주식회사승익,5028150607,2017,0,0.0705,1,0,FP
주식회사승익,5028150607,2018,0,0.0512,1,0,FP
주식회사승익,5028150607,2019,0,0.0009,0,1,TN
(주)대구시민프로축구단,5028167049,2014,0,0.0728,1,0,FP
(주)대구시민프로축구단,5028167049,2015,0,0.0496,1,0,FP
(주)대구시민프로축구단,5028167049,2016,0,0.093,1,0,FP
(주)대구시민프로축구단,5028167049,2017,0,0.1434,1,0,FP
(주)대구시민프로축구단,5028167049,2018,0,0.0025,0,1,TN
(주)대구시민프로축구단,5028167049,2019,0,0.0184,1,0,FP
(주)대구시민프로축구단,5028167049,2020,0,0.04,1,0,FP
(주)대구시민프로축구단,5028167049,2021,0,0.0037,0,1,TN
(주)대구시민프로축구단,5028167049,2022,0,0.0091,0,1,TN
(주)대구시민프로축구단,5028167049,2023,0,0.0003,0,1,TN
(주)대구시민프로축구단,5028167049,2024,0,0.0004,0,1,TN
주식회사대구전문장례식장,5028179661,2014,0,0.0003,0,1,TN
주식회사대구전문장례식장,5028179661,2016,0,0.0076,0,1,TN
주식회사대구전문장례식장,5028179661,2017,0,0.0006,0,1,TN
주식회사대구전문장례식장,5028179661,2018,0,0.0003,0,1,TN
주식회사대구전문장례식장,5028179661,2019,0,0.0009,0,1,TN
주식회사대구전문장례식장,5028179661,2024,0,0.0011,0,1,TN
주식회사다니엘시네마,5028199255,2014,0,0.0038,0,1,TN
주식회사다니엘시네마,5028199255,2015,0,0.0348,1,0,FP
주식회사다니엘시네마,5028199255,2016,0,0.0367,1,0,FP
주식회사다니엘시네마,5028199255,2017,0,0.0115,1,0,FP
주식회사다니엘시네마,5028199255,2018,0,0.2549,1,0,FP
주식회사다니엘시네마,5028199255,2019,0,0.0077,0,1,TN
주식회사다니엘시네마,5028199255,2020,0,0.0482,1,0,FP
주식회사다니엘시네마,5028199255,2021,0,0.0443,1,0,FP
주식회사다니엘시네마,5028199255,2022,0,0.0048,0,1,TN
주식회사다니엘시네마,5028199255,2023,0,0.009,0,1,TN
주식회사다니엘시네마,5028199255,2024,0,0.0164,1,0,FP
주식회사휴그린,5028603360,2015,0,0.0038,0,1,TN
주식회사휴그린,5028603360,2016,0,0.378,1,0,FP
주식회사휴그린,5028603360,2017,1,0.9627,1,1,TP
주식회사동아스포츠센터,5028605728,2014,0,0.0012,0,1,TN
주식회사동아스포츠센터,5028605728,2015,0,0.0031,0,1,TN
주식회사동아스포츠센터,5028605728,2016,0,0.0903,1,0,FP
주식회사동아스포츠센터,5028605728,2017,0,0.0205,1,0,FP
주식회사동아스포츠센터,5028605728,2018,0,0.0094,0,1,TN
주식회사동아스포츠센터,5028605728,2019,0,0.0344,1,0,FP
주식회사동아스포츠센터,5028605728,2020,0,0.003,0,1,TN
주식회사동아스포츠센터,5028605728,2021,0,0.0237,1,0,FP
주식회사동아스포츠센터,5028605728,2022,0,0.0028,0,1,TN
주식회사동아스포츠센터,5028605728,2023,1,0.0007,0,0,FN
주식회사홍인개발,5028616579,2017,0,0.0046,0,1,TN
주식회사홍인개발,5028616579,2018,0,0.0031,0,1,TN
주식회사홍인개발,5028616579,2019,0,0.1299,1,0,FP
주식회사알리앙스,5038106536,2014,0,0.0589,1,0,FP
주식회사알리앙스,5038106536,2015,0,0.0897,1,0,FP
주식회사알리앙스,5038106536,2016,0,0.2665,1,0,FP
주식회사알리앙스,5038106536,2017,1,0.9067,1,1,TP
(주)천화,5038136404,2016,0,0.0011,0,1,TN
(주)천화,5038136404,2017,0,0.0928,1,0,FP
(주)천화,5038136404,2018,0,0.007,0,1,TN
(주)천화,5038136404,2019,0,0.0759,1,0,FP
(주)한일공업,5038146241,2015,0,0.002,0,1,TN
(주)한일공업,5038146241,2016,0,0.0794,1,0,FP
(주)한일공업,5038146241,2017,0,0.0627,1,0,FP
(주)한일공업,5038146241,2018,0,0.0109,1,0,FP
(주)한일공업,5038146241,2019,0,0.0078,0,1,TN
(주)한일공업,5038146241,2020,0,0.1946,1,0,FP
(주)한일공업,5038146241,2021,0,0.0316,1,0,FP
케이지모빌리티대구서비스센터주식회사,5038150750,2014,0,0.0035,0,1,TN
케이지모빌리티대구서비스센터주식회사,5038150750,2015,0,0.0016,0,1,TN
케이지모빌리티대구서비스센터주식회사,5038150750,2016,0,0.0081,0,1,TN
케이지모빌리티대구서비스센터주식회사,5038150750,2017,0,0.0251,1,0,FP
케이지모빌리티대구서비스센터주식회사,5038150750,2018,0,0.0099,0,1,TN
케이지모빌리티대구서비스센터주식회사,5038150750,2019,0,0.111,1,0,FP
케이지모빌리티대구서비스센터주식회사,5038150750,2020,0,0.0762,1,0,FP
케이지모빌리티대구서비스센터주식회사,5038150750,2021,0,0.0266,1,0,FP
케이지모빌리티대구서비스센터주식회사,5038150750,2022,0,0.0814,1,0,FP
케이지모빌리티대구서비스센터주식회사,5038150750,2023,0,0.2615,1,0,FP
케이지모빌리티대구서비스센터주식회사,5038150750,2024,0,0.4943,1,0,FP
주식회사미광스포렉스,5038153835,2014,0,0.0062,0,1,TN
주식회사미광스포렉스,5038153835,2015,0,0.0104,1,0,FP
주식회사미광스포렉스,5038153835,2016,0,0.0069,0,1,TN
주식회사미광스포렉스,5038153835,2017,0,0.0202,1,0,FP
주식회사미광스포렉스,5038153835,2018,0,0.0061,0,1,TN
주식회사미광스포렉스,5038153835,2019,0,0.0548,1,0,FP
주식회사미광스포렉스,5038153835,2020,0,0.0676,1,0,FP
주식회사미광스포렉스,5038153835,2021,0,0.0595,1,0,FP
주식회사미광스포렉스,5038153835,2022,1,0.0624,1,1,TP
(주)누가개발,5038162713,2014,0,0.0199,1,0,FP
(주)누가개발,5038162713,2015,0,0.114,1,0,FP
(주)누가개발,5038162713,2016,0,0.1301,1,0,FP
(주)누가개발,5038162713,2017,0,0.014,1,0,FP
(주)누가개발,5038162713,2018,0,0.0199,1,0,FP
(주)누가개발,5038162713,2019,0,0.027,1,0,FP
(주)누가개발,5038162713,2020,0,0.0083,0,1,TN
(주)누가개발,5038162713,2021,0,0.0016,0,1,TN
(주)누가개발,5038162713,2022,0,0.0029,0,1,TN
(주)누가개발,5038162713,2023,0,0.0031,0,1,TN
(주)누가개발,5038162713,2024,0,0.0093,0,1,TN
다나상조주식회사,5038176027,2014,1,0.9277,1,1,TP
현대에스라이프주식회사,5048145435,2014,0,0.149,1,0,FP
현대에스라이프주식회사,5048145435,2015,0,0.0207,1,0,FP
현대에스라이프주식회사,5048145435,2016,0,0.0046,0,1,TN
현대에스라이프주식회사,5048145435,2017,0,0.2083,1,0,FP
현대에스라이프주식회사,5048145435,2018,0,0.0843,1,0,FP
현대에스라이프주식회사,5048145435,2019,1,0.8219,1,1,TP
(주)삼연,5048186663,2014,0,0.4551,1,0,FP
(주)삼연,5048186663,2015,1,0.9767,1,1,TP
(주)윌스파,5048605840,2015,0,0.003,0,1,TN
(주)윌스파,5048605840,2016,0,0.0028,0,1,TN
(주)윌스파,5048605840,2017,0,0.0355,1,0,FP
(주)윌스파,5048605840,2018,0,0.2898,1,0,FP
(주)윌스파,5048605840,2019,0,0.0229,1,0,FP
(주)서라벌,5058104359,2014,0,0.0025,0,1,TN
(주)서라벌,5058104359,2015,0,0.0084,0,1,TN
(주)서라벌,5058104359,2016,0,0.0056,0,1,TN
(주)서라벌,5058104359,2017,0,0.0046,0,1,TN
(주)서라벌,5058104359,2018,0,0.0008,0,1,TN
(주)서라벌,5058104359,2019,0,0.0036,0,1,TN
(주)서라벌,5058104359,2020,0,0.0045,0,1,TN
(주)서라벌,5058104359,2021,0,0.0008,0,1,TN
(주)서라벌,5058104359,2022,0,0.001,0,1,TN
(주)서라벌,5058104359,2023,0,0.0008,0,1,TN
(주)서라벌,5058104359,2024,0,0.0182,1,0,FP
보문개발주식회사,5058104835,2014,0,0.0004,0,1,TN
보문개발주식회사,5058104835,2015,0,0.0004,0,1,TN
보문개발주식회사,5058104835,2016,0,0.0013,0,1,TN
보문개발주식회사,5058104835,2017,0,0.0012,0,1,TN
보문개발주식회사,5058104835,2018,0,1e-04,0,1,TN
보문개발주식회사,5058104835,2019,0,0.0004,0,1,TN
보문개발주식회사,5058104835,2020,0,0.0024,0,1,TN
보문개발주식회사,5058104835,2021,0,0.0009,0,1,TN
보문개발주식회사,5058104835,2022,0,0.0007,0,1,TN
보문개발주식회사,5058104835,2023,0,0.0013,0,1,TN
보문개발주식회사,5058104835,2024,0,0.0012,0,1,TN
주식회사골든크라운,5058113353,2017,0,0.0113,1,0,FP
주식회사골든크라운,5058113353,2018,0,0.0191,1,0,FP
주식회사골든크라운,5058113353,2019,0,0.0082,0,1,TN
주식회사골든크라운,5058113353,2020,0,0.0035,0,1,TN
주식회사골든크라운,5058113353,2021,0,0.0024,0,1,TN
주식회사골든크라운,5058113353,2022,0,0.0019,0,1,TN
주식회사골든크라운,5058113353,2023,0,0.0014,0,1,TN
주식회사골든크라운,5058113353,2024,0,0.0012,0,1,TN
(주)피엠피,5058127750,2014,0,0.0814,1,0,FP
(주)피엠피,5058127750,2015,0,0.0133,1,0,FP
(주)피엠피,5058127750,2016,0,0.0733,1,0,FP
(주)피엠피,5058127750,2017,0,0.0243,1,0,FP
(주)피엠피,5058127750,2018,0,0.0564,1,0,FP
(주)피엠피,5058127750,2019,0,0.0789,1,0,FP
(주)피엠피,5058127750,2020,0,0.0535,1,0,FP
(주)피엠피,5058127750,2021,0,0.0204,1,0,FP
(주)피엠피,5058127750,2022,0,0.0095,0,1,TN
(주)피엠피,5058127750,2023,0,0.0097,0,1,TN
(주)피엠피,5058127750,2024,0,0.0999,1,0,FP
(주)경주신라컨트리클럽,5058129480,2014,0,0.0461,1,0,FP
(주)경주신라컨트리클럽,5058129480,2015,0,0.0281,1,0,FP
(주)경주신라컨트리클럽,5058129480,2016,0,0.0158,1,0,FP
(주)경주신라컨트리클럽,5058129480,2017,0,0.0166,1,0,FP
(주)경주신라컨트리클럽,5058129480,2018,0,0.0127,1,0,FP
(주)경주신라컨트리클럽,5058129480,2019,0,0.1125,1,0,FP
(주)경주신라컨트리클럽,5058129480,2020,0,0.0057,0,1,TN
(주)경주신라컨트리클럽,5058129480,2021,0,0.0009,0,1,TN
(주)경주신라컨트리클럽,5058129480,2022,0,0.0098,0,1,TN
(주)경주신라컨트리클럽,5058129480,2023,0,0.0099,0,1,TN
(주)경주신라컨트리클럽,5058129480,2024,0,0.0328,1,0,FP
주식회사금호개발,5058140258,2014,0,0.3736,1,0,FP
주식회사금호개발,5058140258,2015,0,0.0044,0,1,TN
주식회사금호개발,5058140258,2016,0,0.0027,0,1,TN
주식회사금호개발,5058140258,2017,0,0.0487,1,0,FP
주식회사금호개발,5058140258,2018,0,0.0034,0,1,TN
주식회사금호개발,5058140258,2019,0,0.0083,0,1,TN
주식회사금호개발,5058140258,2020,0,0.0042,0,1,TN
주식회사금호개발,5058140258,2021,0,0.0004,0,1,TN
주식회사금호개발,5058140258,2022,0,0.0026,0,1,TN
주식회사금호개발,5058140258,2023,0,0.0008,0,1,TN
주식회사금호개발,5058140258,2024,0,0.0031,0,1,TN
옥산개발주식회사,5058142810,2014,0,0.0033,0,1,TN
옥산개발주식회사,5058142810,2015,0,0.0059,0,1,TN
옥산개발주식회사,5058142810,2016,0,0.0114,1,0,FP
옥산개발주식회사,5058142810,2017,0,0.0034,0,1,TN
옥산개발주식회사,5058142810,2018,0,0.0014,0,1,TN
옥산개발주식회사,5058142810,2019,0,0.0055,0,1,TN
옥산개발주식회사,5058142810,2020,0,0.0059,0,1,TN
옥산개발주식회사,5058142810,2021,0,0.0007,0,1,TN
옥산개발주식회사,5058142810,2022,0,0.0006,0,1,TN
옥산개발주식회사,5058142810,2023,0,0.0008,0,1,TN
옥산개발주식회사,5058142810,2024,0,0.0029,0,1,TN
세연개발주식회사,5058144652,2014,0,0.0398,1,0,FP
세연개발주식회사,5058144652,2016,0,0.0371,1,0,FP
세연개발주식회사,5058144652,2017,1,0.9771,1,1,TP
(주)엠오디,5058145966,2014,0,0.0495,1,0,FP
(주)엠오디,5058145966,2015,0,0.0266,1,0,FP
(주)엠오디,5058145966,2016,0,0.2777,1,0,FP
(주)엠오디,5058145966,2017,0,0.5622,1,0,FP
(주)엠오디,5058145966,2018,1,0.831,1,1,TP
(주)경주버드파크,5058169880,2014,0,0.0011,0,1,TN
(주)경주버드파크,5058169880,2015,0,0.1184,1,0,FP
(주)경주버드파크,5058169880,2016,0,0.0595,1,0,FP
(주)경주버드파크,5058169880,2017,0,0.0219,1,0,FP
(주)경주버드파크,5058169880,2018,0,0.0024,0,1,TN
(주)경주버드파크,5058169880,2019,0,0.0037,0,1,TN
주식회사수공단개발,5058173138,2019,0,0.0044,0,1,TN
주식회사수공단개발,5058173138,2020,0,0.0873,1,0,FP
주식회사수공단개발,5058173138,2021,1,0.9784,1,1,TP
임고개발주식회사,5058173273,2014,0,0.267,1,0,FP
임고개발주식회사,5058173273,2015,1,0.9789,1,1,TP
주식회사지씨감포,5058178036,2014,0,0.0013,0,1,TN
주식회사지씨감포,5058178036,2015,0,0.0017,0,1,TN
주식회사지씨감포,5058178036,2016,0,0.0033,0,1,TN
주식회사지씨감포,5058178036,2017,0,0.0057,0,1,TN
주식회사지씨감포,5058178036,2018,0,0.0009,0,1,TN
주식회사지씨감포,5058178036,2019,0,0.0068,0,1,TN
주식회사지씨감포,5058178036,2020,0,0.0014,0,1,TN
주식회사지씨감포,5058178036,2021,0,0.0027,0,1,TN
주식회사지씨감포,5058178036,2022,0,0.0005,0,1,TN
주식회사지씨감포,5058178036,2023,0,0.0012,0,1,TN
주식회사지씨감포,5058178036,2024,0,0.0022,0,1,TN
디더블유(주),5068119928,2014,0,0.0172,1,0,FP
디더블유(주),5068119928,2015,0,0.0186,1,0,FP
디더블유(주),5068119928,2016,0,0.0055,0,1,TN
디더블유(주),5068119928,2017,0,0.0115,1,0,FP
디더블유(주),5068119928,2018,0,0.0014,0,1,TN
디더블유(주),5068119928,2019,0,0.004,0,1,TN
(주)포항온천,5068163083,2014,0,0.0005,0,1,TN
(주)포항온천,5068163083,2015,0,0.0015,0,1,TN
(주)포항온천,5068163083,2016,0,0.0051,0,1,TN
(주)포항온천,5068163083,2017,0,0.0889,1,0,FP
(주)포항온천,5068163083,2018,0,0.0739,1,0,FP
(주)포항온천,5068163083,2019,1,0.9785,1,1,TP
(주)포항건강랜드,5068176216,2014,0,0.0661,1,0,FP
(주)포항건강랜드,5068176216,2015,0,0.0947,1,0,FP
(주)포항건강랜드,5068176216,2016,1,0.7327,1,1,TP
(주)이지컨트리클럽,5088118885,2020,0,0.0048,0,1,TN
(주)이지컨트리클럽,5088118885,2021,0,0.0598,1,0,FP
(주)이지컨트리클럽,5088118885,2022,1,0.0073,0,0,FN
주식회사군위컨트리클럽,5088121319,2018,0,0.0194,1,0,FP
주식회사군위컨트리클럽,5088121319,2019,0,0.2863,1,0,FP
주식회사군위컨트리클럽,5088121319,2020,1,0.8828,1,1,TP
신우개발주식회사,5088132572,2014,0,0.0186,1,0,FP
신우개발주식회사,5088132572,2015,0,0.0044,0,1,TN
신우개발주식회사,5088132572,2016,0,0.0048,0,1,TN
신우개발주식회사,5088132572,2017,0,0.0044,0,1,TN
신우개발주식회사,5088132572,2018,0,0.0003,0,1,TN
신우개발주식회사,5088132572,2019,0,0.0017,0,1,TN
신우개발주식회사,5088132572,2020,0,0.0047,0,1,TN
신우개발주식회사,5088132572,2021,0,0.0007,0,1,TN
신우개발주식회사,5088132572,2022,0,0.0004,0,1,TN
신우개발주식회사,5088132572,2023,0,0.0004,0,1,TN
신우개발주식회사,5088132572,2024,0,0.0003,0,1,TN
(주)동재가산수피아,5088133421,2014,0,0.0029,0,1,TN
(주)동재가산수피아,5088133421,2015,0,0.0864,1,0,FP
(주)동재가산수피아,5088133421,2016,1,0.9726,1,1,TP
주식회사에이브스토리,5108135325,2021,0,0.001,0,1,TN
주식회사에이브스토리,5108135325,2022,0,0.0131,1,0,FP
주식회사에이브스토리,5108135325,2023,0,0.0227,1,0,FP
주식회사에이브스토리,5108135325,2024,0,0.0207,1,0,FP
주식회사천지문화원,5108135719,2017,0,0.0025,0,1,TN
주식회사천지문화원,5108135719,2018,0,0.0023,0,1,TN
주식회사천지문화원,5108135719,2019,0,0.002,0,1,TN
주식회사천지문화원,5108135719,2020,0,0.0018,0,1,TN
주식회사천지문화원,5108135719,2021,0,0.0011,0,1,TN
주식회사천지문화원,5108135719,2022,0,0.0014,0,1,TN
주식회사천지문화원,5108135719,2023,0,0.0011,0,1,TN
주식회사천지문화원,5108135719,2024,0,0.0011,0,1,TN
문경관광개발주식회사,5118111461,2014,0,0.0016,0,1,TN
문경관광개발주식회사,5118111461,2015,0,0.0033,0,1,TN
문경관광개발주식회사,5118111461,2016,0,0.0049,0,1,TN
문경관광개발주식회사,5118111461,2017,0,0.0012,0,1,TN
문경관광개발주식회사,5118111461,2018,0,0.0007,0,1,TN
문경관광개발주식회사,5118111461,2019,0,0.0007,0,1,TN
문경관광개발주식회사,5118111461,2020,0,0.0016,0,1,TN
문경관광개발주식회사,5118111461,2021,0,0.0024,0,1,TN
문경관광개발주식회사,5118111461,2022,0,0.0005,0,1,TN
문경관광개발주식회사,5118111461,2023,0,0.0002,0,1,TN
문경관광개발주식회사,5118111461,2024,0,0.0012,0,1,TN
주식회사문경레저타운,5118111608,2014,0,0.0175,1,0,FP
주식회사문경레저타운,5118111608,2015,0,0.0165,1,0,FP
주식회사문경레저타운,5118111608,2016,0,0.009,0,1,TN
주식회사문경레저타운,5118111608,2017,0,0.0056,0,1,TN
주식회사문경레저타운,5118111608,2018,0,0.0034,0,1,TN
주식회사문경레저타운,5118111608,2019,0,0.0066,0,1,TN
주식회사문경레저타운,5118111608,2020,0,0.0025,0,1,TN
주식회사문경레저타운,5118111608,2021,0,0.0028,0,1,TN
주식회사문경레저타운,5118111608,2022,0,0.0005,0,1,TN
주식회사문경레저타운,5118111608,2023,0,0.0004,0,1,TN
주식회사문경레저타운,5118111608,2024,0,0.0012,0,1,TN
(주)동승레저,5118111670,2014,0,0.0021,0,1,TN
(주)동승레저,5118111670,2015,0,0.001,0,1,TN
(주)동승레저,5118111670,2016,0,0.0017,0,1,TN
(주)동승레저,5118111670,2017,0,0.0015,0,1,TN
(주)동승레저,5118111670,2018,0,1e-04,0,1,TN
(주)동승레저,5118111670,2019,0,0.0071,0,1,TN
(주)동승레저,5118111670,2020,0,0.0028,0,1,TN
(주)동승레저,5118111670,2021,0,0.0012,0,1,TN
(주)동승레저,5118111670,2022,0,0.0014,0,1,TN
(주)동승레저,5118111670,2023,0,0.0014,0,1,TN
(주)동승레저,5118111670,2024,0,0.0142,1,0,FP
한맥개발주식회사,5128110354,2014,0,0.0021,0,1,TN
한맥개발주식회사,5128110354,2015,0,0.0028,0,1,TN
한맥개발주식회사,5128110354,2016,0,0.0423,1,0,FP
한맥개발주식회사,5128110354,2017,0,0.0085,0,1,TN
한맥개발주식회사,5128110354,2018,0,0.0008,0,1,TN
한맥개발주식회사,5128110354,2019,0,0.0053,0,1,TN
한맥개발주식회사,5128110354,2020,0,0.003,0,1,TN
한맥개발주식회사,5128110354,2021,0,0.0016,0,1,TN
한맥개발주식회사,5128110354,2022,0,0.0013,0,1,TN
한맥개발주식회사,5128110354,2023,0,0.0034,0,1,TN
한맥개발주식회사,5128110354,2024,0,0.0281,1,0,FP
남한강에스파크컨트리클럽(주),5128701032,2019,0,0.0049,0,1,TN
남한강에스파크컨트리클럽(주),5128701032,2020,0,0.0516,1,0,FP
남한강에스파크컨트리클럽(주),5128701032,2021,1,0.9861,1,1,TP
(주)한길,5138121932,2014,0,0.0082,0,1,TN
(주)한길,5138121932,2015,0,0.0024,0,1,TN
(주)한길,5138121932,2016,0,0.0038,0,1,TN
(주)한길,5138121932,2017,0,0.0045,0,1,TN
(주)한길,5138121932,2018,0,0.0129,1,0,FP
(주)한길,5138121932,2019,0,0.0888,1,0,FP
(주)한길,5138121932,2020,0,0.0118,1,0,FP
(주)한길,5138121932,2021,0,0.002,0,1,TN
(주)한길,5138121932,2022,0,0.0037,0,1,TN
(주)한길,5138121932,2023,0,0.001,0,1,TN
(주)한길,5138121932,2024,0,0.0034,0,1,TN
(주)신성,5138174195,2014,0,0.398,1,0,FP
(주)신성,5138174195,2015,0,0.1303,1,0,FP
(주)신성,5138174195,2016,0,0.0349,1,0,FP
(주)신성,5138174195,2017,0,0.0199,1,0,FP
(주)구평골프클럽,5138176140,2014,0,0.1045,1,0,FP
(주)구평골프클럽,5138176140,2015,1,0.976,1,1,TP
주식회사노비아갈라,5138177663,2015,0,0.0027,0,1,TN
주식회사노비아갈라,5138177663,2016,0,0.0117,1,0,FP
주식회사노비아갈라,5138177663,2017,0,0.0023,0,1,TN
주식회사노비아갈라,5138177663,2018,0,0.0017,0,1,TN
주식회사노비아갈라,5138177663,2019,0,0.0035,0,1,TN
주식회사노비아갈라,5138177663,2020,0,0.0187,1,0,FP
주식회사노비아갈라,5138177663,2021,0,0.0111,1,0,FP
주식회사노비아갈라,5138177663,2022,0,0.0033,0,1,TN
주식회사노비아갈라,5138177663,2023,0,0.0048,0,1,TN
주식회사노비아갈라,5138177663,2024,0,0.0135,1,0,FP
주식회사그린랜드,5138177697,2018,0,0.0131,1,0,FP
주식회사그린랜드,5138177697,2019,0,0.1679,1,0,FP
주식회사그린랜드,5138177697,2020,0,0.1227,1,0,FP
주식회사그린랜드,5138177697,2021,0,0.1221,1,0,FP
주식회사지씨구미,5138181037,2014,0,0.0011,0,1,TN
주식회사지씨구미,5138181037,2015,0,0.001,0,1,TN
주식회사지씨구미,5138181037,2016,0,0.0029,0,1,TN
주식회사지씨구미,5138181037,2017,0,0.0085,0,1,TN
주식회사지씨구미,5138181037,2018,0,0.0004,0,1,TN
주식회사지씨구미,5138181037,2019,0,0.0018,0,1,TN
주식회사지씨구미,5138181037,2020,0,0.0017,0,1,TN
주식회사지씨구미,5138181037,2021,0,0.0006,0,1,TN
주식회사지씨구미,5138181037,2022,0,0.0003,0,1,TN
주식회사지씨구미,5138181037,2023,0,0.0018,0,1,TN
주식회사지씨구미,5138181037,2024,0,0.0018,0,1,TN
(주)정현,5138600140,2015,0,0.0031,0,1,TN
(주)정현,5138600140,2016,0,0.147,1,0,FP
(주)정현,5138600140,2017,1,0.9443,1,1,TP
두원개발(주),5148123103,2020,0,0.0798,1,0,FP
두원개발(주),5148123103,2021,0,0.1772,1,0,FP
두원개발(주),5148123103,2022,1,0.0027,0,0,FN
(주)글로리아,5148126186,2014,0,0.0011,0,1,TN
(주)글로리아,5148126186,2015,0,0.0027,0,1,TN
(주)글로리아,5148126186,2016,0,0.0048,0,1,TN
(주)글로리아,5148126186,2017,0,0.0065,0,1,TN
(주)글로리아,5148126186,2018,0,0.0239,1,0,FP
(주)글로리아,5148126186,2019,0,0.2863,1,0,FP
(주)글로리아,5148126186,2020,1,0.9002,1,1,TP
(주)영남상조,5148129674,2014,0,0.0059,0,1,TN
고령컨트리클럽주식회사,5148141848,2014,0,0.0108,1,0,FP
고령컨트리클럽주식회사,5148141848,2015,0,0.019,1,0,FP
고령컨트리클럽주식회사,5148141848,2016,0,0.0139,1,0,FP
고령컨트리클럽주식회사,5148141848,2017,0,0.0401,1,0,FP
고령컨트리클럽주식회사,5148141848,2018,0,0.0128,1,0,FP
고령컨트리클럽주식회사,5148141848,2019,0,0.0258,1,0,FP
고령컨트리클럽주식회사,5148141848,2020,0,0.0111,1,0,FP
고령컨트리클럽주식회사,5148141848,2021,0,0.0024,0,1,TN
고령컨트리클럽주식회사,5148141848,2022,0,0.007,0,1,TN
고령컨트리클럽주식회사,5148141848,2023,0,0.04,1,0,FP
고령컨트리클럽주식회사,5148141848,2024,0,0.0219,1,0,FP
(주)우삼개발,5148154678,2014,1,0.9711,1,1,TP
주식회사스파밸리,5148157919,2014,1,0.966,1,1,TP
주식회사금홍,5148164273,2014,0,0.0006,0,1,TN
주식회사금홍,5148164273,2015,0,0.0009,0,1,TN
주식회사금홍,5148164273,2016,0,0.0032,0,1,TN
주식회사금홍,5148164273,2017,0,0.0016,0,1,TN
주식회사금홍,5148164273,2018,0,0.0015,0,1,TN
주식회사금홍,5148164273,2019,0,0.0035,0,1,TN
주식회사금홍,5148164273,2020,0,0.1109,1,0,FP
주식회사금홍,5148164273,2021,0,0.0425,1,0,FP
주식회사금홍,5148164273,2022,1,0.0005,0,0,FN
(주)심석,5148173807,2014,0,0.0986,1,0,FP
(주)심석,5148173807,2015,0,0.1397,1,0,FP
(주)심석,5148173807,2016,1,0.9399,1,1,TP
주식회사굿네이버,5148701678,2021,0,0.0017,0,1,TN
주식회사굿네이버,5148701678,2022,0,0.1519,1,0,FP
주식회사굿네이버,5148701678,2023,1,0.0965,1,1,TP
갓바위워터피아온천(주),5158119183,2016,0,0.0005,0,1,TN
갓바위워터피아온천(주),5158119183,2017,0,0.0437,1,0,FP
갓바위워터피아온천(주),5158119183,2018,0,0.1724,1,0,FP
갓바위워터피아온천(주),5158119183,2019,0,0.3626,1,0,FP
주식회사프로페셔널,5158139665,2016,0,0.0024,0,1,TN
주식회사프로페셔널,5158139665,2017,0,0.1573,1,0,FP
주식회사프로페셔널,5158139665,2018,0,0.0334,1,0,FP
주식회사프로페셔널,5158139665,2019,0,0.0027,0,1,TN
주식회사프로페셔널,5158139665,2020,0,0.0026,0,1,TN
주식회사프로페셔널,5158139665,2021,0,0.0062,0,1,TN
주식회사프로페셔널,5158139665,2022,0,0.0067,0,1,TN
주식회사프로페셔널,5158139665,2023,0,0.0035,0,1,TN
주식회사프로페셔널,5158139665,2024,0,0.0087,0,1,TN
라운더스,5198602146,2022,0,0.0002,0,1,TN
라운더스,5198602146,2023,0,0.001,0,1,TN
라운더스,5198602146,2024,1,0.0004,0,0,FN
(주)골프존카운티,5308701006,2018,0,0.0029,0,1,TN
(주)골프존카운티,5308701006,2019,0,0.0053,0,1,TN
(주)골프존카운티,5308701006,2020,0,0.0054,0,1,TN
(주)골프존카운티,5308701006,2021,0,0.0005,0,1,TN
(주)골프존카운티,5308701006,2022,0,0.0004,0,1,TN
(주)골프존카운티,5308701006,2023,0,0.0008,0,1,TN
(주)골프존카운티,5308701006,2024,0,0.0051,0,1,TN
(주)자광홀딩스,5328700094,2016,0,0.0022,0,1,TN
(주)자광홀딩스,5328700094,2017,0,0.0462,1,0,FP
(주)자광홀딩스,5328700094,2018,1,0.9603,1,1,TP
주식회사블랙스톤에듀팜리조트,5358600475,2017,0,0.0056,0,1,TN
주식회사블랙스톤에듀팜리조트,5358600475,2018,0,0.0337,1,0,FP
주식회사블랙스톤에듀팜리조트,5358600475,2019,0,0.0435,1,0,FP
주식회사블랙스톤에듀팜리조트,5358600475,2020,0,0.1107,1,0,FP
주식회사블랙스톤에듀팜리조트,5358600475,2021,1,0.9818,1,1,TP
주식회사동양관광레저,5418700889,2018,0,0.0024,0,1,TN
주식회사동양관광레저,5418700889,2019,0,0.0025,0,1,TN
주식회사동양관광레저,5418700889,2020,0,0.0015,0,1,TN
주식회사동양관광레저,5418700889,2021,0,0.0015,0,1,TN
주식회사동양관광레저,5418700889,2022,0,0.0031,0,1,TN
주식회사동양관광레저,5418700889,2023,0,0.0007,0,1,TN
주식회사동양관광레저,5418700889,2024,0,0.0017,0,1,TN
(주)스카이빌딩,5458600303,2016,0,0.0021,0,1,TN
(주)스카이빌딩,5458600303,2017,0,0.034,1,0,FP
(주)스카이빌딩,5458600303,2018,0,0.1128,1,0,FP
(주)스카이빌딩,5458600303,2019,0,0.1249,1,0,FP
(주)스카이빌딩,5458600303,2020,1,0.9485,1,1,TP
농업회사법인주식회사솔모로,5458702268,2022,0,0.0002,0,1,TN
농업회사법인주식회사솔모로,5458702268,2023,0,0.0007,0,1,TN
농업회사법인주식회사솔모로,5458702268,2024,1,0.001,0,0,FN
아주모터스(주),5478101415,2019,0,0.0008,0,1,TN
아주모터스(주),5478101415,2020,0,0.0055,0,1,TN
아주모터스(주),5478101415,2021,0,0.0005,0,1,TN
아주모터스(주),5478101415,2022,0,0.0008,0,1,TN
아주모터스(주),5478101415,2023,0,0.0006,0,1,TN
아주모터스(주),5478101415,2024,0,0.0168,1,0,FP
주식회사덕임,5508602467,2021,0,0.0019,0,1,TN
주식회사덕임,5508602467,2022,0,0.0018,0,1,TN
주식회사덕임,5508602467,2023,0,0.0027,0,1,TN
주식회사덕임,5508602467,2024,0,0.0046,0,1,TN
주식회사씨앤아일랜드,5528702214,2022,0,0.0003,0,1,TN
주식회사씨앤아일랜드,5528702214,2023,0,0.0031,0,1,TN
주식회사씨앤아일랜드,5528702214,2024,0,0.0009,0,1,TN
주식회사대경컨벤션,5538101502,2022,0,1e-04,0,1,TN
주식회사대경컨벤션,5538101502,2023,0,0.0012,0,1,TN
주식회사대경컨벤션,5538101502,2024,0,0.0004,0,1,TN
(주)성담솔트베이,5558600654,2017,0,0.0004,0,1,TN
(주)성담솔트베이,5558600654,2018,0,0.0,0,1,TN
(주)성담솔트베이,5558600654,2019,0,1e-04,0,1,TN
(주)성담솔트베이,5558600654,2020,0,0.0009,0,1,TN
(주)성담솔트베이,5558600654,2021,0,0.0079,0,1,TN
(주)성담솔트베이,5558600654,2022,0,0.001,0,1,TN
(주)성담솔트베이,5558600654,2023,0,0.0006,0,1,TN
(주)성담솔트베이,5558600654,2024,0,0.0021,0,1,TN
주식회사삼산,5578802443,2022,0,0.0003,0,1,TN
주식회사삼산,5578802443,2023,0,0.0199,1,0,FP
주식회사삼산,5578802443,2024,1,0.0065,0,0,FN
주식회사의식주컴퍼니,5618700957,2020,0,0.0051,0,1,TN
주식회사의식주컴퍼니,5618700957,2021,0,0.0412,1,0,FP
주식회사의식주컴퍼니,5618700957,2022,1,0.3689,1,1,TP
골프존지디알아카데미주식회사,5638801454,2020,0,0.0008,0,1,TN
골프존지디알아카데미주식회사,5638801454,2021,0,0.0143,1,0,FP
골프존지디알아카데미주식회사,5638801454,2022,0,0.0009,0,1,TN
골프존지디알아카데미주식회사,5638801454,2023,0,0.0156,1,0,FP
골프존지디알아카데미주식회사,5638801454,2024,0,0.025,1,0,FP
(주)호법포레,5678700805,2017,0,0.0064,0,1,TN
(주)호법포레,5678700805,2018,0,0.1942,1,0,FP
(주)호법포레,5678700805,2019,1,0.9601,1,1,TP
(주)대명티피앤이,5698701168,2018,0,0.0017,0,1,TN
(주)대명티피앤이,5698701168,2019,0,0.0011,0,1,TN
(주)대명티피앤이,5698701168,2020,0,0.0461,1,0,FP
주식회사세강개발,5798801202,2022,0,1e-04,0,1,TN
주식회사세강개발,5798801202,2023,0,0.4894,1,0,FP
주식회사세강개발,5798801202,2024,0,0.0862,1,0,FP
주식회사라피크,5858601616,2020,0,0.0098,0,1,TN
주식회사라피크,5858601616,2021,0,0.0422,1,0,FP
주식회사라피크,5858601616,2022,1,0.0003,0,0,FN
주식회사세종디앤지,5888802092,2021,0,0.0046,0,1,TN
주식회사세종디앤지,5888802092,2022,0,0.0012,0,1,TN
주식회사세종디앤지,5888802092,2023,1,0.0008,0,0,FN
아펠가모(주),5928600444,2016,0,0.0003,0,1,TN
아펠가모(주),5928600444,2017,0,0.0017,0,1,TN
아펠가모(주),5928600444,2018,0,0.0002,0,1,TN
아펠가모(주),5928600444,2019,0,0.001,0,1,TN
(주)대일내장산컨트리클럽,5978800201,2016,0,0.0019,0,1,TN
(주)대일내장산컨트리클럽,5978800201,2017,0,0.0145,1,0,FP
(주)대일내장산컨트리클럽,5978800201,2018,0,0.024,1,0,FP
(주)대일내장산컨트리클럽,5978800201,2019,1,0.9716,1,1,TP
주식회사웨딩그룹위더스광주,5988100092,2018,0,0.0004,0,1,TN
주식회사웨딩그룹위더스광주,5988100092,2019,0,0.0007,0,1,TN
주식회사웨딩그룹위더스광주,5988100092,2020,0,0.0004,0,1,TN
주식회사웨딩그룹위더스광주,5988100092,2021,0,0.0006,0,1,TN
주식회사웨딩그룹위더스광주,5988100092,2022,0,1e-04,0,1,TN
주식회사웨딩그룹위더스광주,5988100092,2023,0,1e-04,0,1,TN
주식회사웨딩그룹위더스광주,5988100092,2024,0,0.0002,0,1,TN
(주)대경씨앤디,6018600092,2016,0,0.0005,0,1,TN
(주)대경씨앤디,6018600092,2017,0,0.0627,1,0,FP
(주)대경씨앤디,6018600092,2018,0,0.0226,1,0,FP
(주)이지알앤에스,6028133290,2014,0,0.0029,0,1,TN
(주)이지알앤에스,6028133290,2015,0,0.0157,1,0,FP
(주)이지알앤에스,6028133290,2016,0,0.0507,1,0,FP
(주)이지알앤에스,6028133290,2017,0,0.0141,1,0,FP
(주)이지알앤에스,6028133290,2018,0,0.0639,1,0,FP
(주)이지알앤에스,6028133290,2019,0,0.0867,1,0,FP
(주)이지알앤에스,6028133290,2020,0,0.0844,1,0,FP
(주)이지알앤에스,6028133290,2021,0,0.2794,1,0,FP
(주)이지알앤에스,6028133290,2022,1,0.5586,1,1,TP
해영선박(주),6028136225,2014,0,0.0029,0,1,TN
해영선박(주),6028136225,2015,0,0.0086,0,1,TN
해영선박(주),6028136225,2016,0,0.0069,0,1,TN
해영선박(주),6028136225,2017,0,0.001,0,1,TN
해영선박(주),6028136225,2018,0,0.0007,0,1,TN
늘곁애라이프온(주),6048104641,2014,0,0.1232,1,0,FP
늘곁애라이프온(주),6048104641,2015,0,0.0167,1,0,FP
늘곁애라이프온(주),6048104641,2016,0,0.0161,1,0,FP
늘곁애라이프온(주),6048104641,2017,0,0.0857,1,0,FP
늘곁애라이프온(주),6048104641,2018,0,0.0665,1,0,FP
늘곁애라이프온(주),6048104641,2019,0,0.0549,1,0,FP
늘곁애라이프온(주),6048104641,2020,0,0.14,1,0,FP
늘곁애라이프온(주),6048104641,2021,0,0.0154,1,0,FP
늘곁애라이프온(주),6048104641,2022,0,0.0117,1,0,FP
늘곁애라이프온(주),6048104641,2023,0,0.119,1,0,FP
늘곁애라이프온(주),6048104641,2024,0,0.009,0,1,TN
동국상선주식회사,6048105257,2014,1,0.9797,1,1,TP
보람상조리더스(주),6048127834,2014,0,0.0081,0,1,TN
보람상조리더스(주),6048127834,2015,0,0.0055,0,1,TN
보람상조리더스(주),6048127834,2016,0,0.0047,0,1,TN
보람상조리더스(주),6048127834,2017,0,0.0197,1,0,FP
팔공산추모공원주식회사,6058163018,2014,0,0.0013,0,1,TN
팔공산추모공원주식회사,6058163018,2015,0,0.0018,0,1,TN
팔공산추모공원주식회사,6058163018,2016,0,0.0028,0,1,TN
팔공산추모공원주식회사,6058163018,2017,0,0.0047,0,1,TN
팔공산추모공원주식회사,6058163018,2018,0,0.0024,0,1,TN
팔공산추모공원주식회사,6058163018,2019,0,0.0067,0,1,TN
주식회사오션디앤씨,6058199802,2015,0,0.0048,0,1,TN
주식회사오션디앤씨,6058199802,2016,0,0.149,1,0,FP
주식회사오션디앤씨,6058199802,2017,1,0.9706,1,1,TP
양산그레이스골프클럽(주),6058617294,2016,0,0.0021,0,1,TN
양산그레이스골프클럽(주),6058617294,2017,0,0.1314,1,0,FP
양산그레이스골프클럽(주),6058617294,2018,1,0.9738,1,1,TP
엘시자산개발주식회사,6058623613,2014,0,0.0022,0,1,TN
엘시자산개발주식회사,6058623613,2015,0,0.0987,1,0,FP
엘시자산개발주식회사,6058623613,2016,1,0.9598,1,1,TP
아가페라이프(주),6068161124,2016,0,0.0475,1,0,FP
아가페라이프(주),6068161124,2017,0,0.0425,1,0,FP
아가페라이프(주),6068161124,2018,0,0.0385,1,0,FP
아가페라이프(주),6068161124,2019,0,0.0173,1,0,FP
주식회사금곡골프프라자,6068176272,2014,0,0.0017,0,1,TN
주식회사금곡골프프라자,6068176272,2015,0,0.0028,0,1,TN
주식회사금곡골프프라자,6068176272,2016,0,0.0268,1,0,FP
주식회사금곡골프프라자,6068176272,2017,0,0.0054,0,1,TN
주식회사금곡골프프라자,6068176272,2018,0,0.0013,0,1,TN
주식회사금곡골프프라자,6068176272,2019,0,0.0052,0,1,TN
주식회사금곡골프프라자,6068176272,2022,0,0.0234,1,0,FP
주식회사금곡골프프라자,6068176272,2023,0,0.003,0,1,TN
주식회사금곡골프프라자,6068176272,2024,1,0.0154,1,1,TP
대운월드와이드주식회사,6078117067,2014,0,0.0374,1,0,FP
대운월드와이드주식회사,6078117067,2015,0,0.0196,1,0,FP
대운월드와이드주식회사,6078117067,2016,0,0.0593,1,0,FP
대운월드와이드주식회사,6078117067,2017,0,0.0133,1,0,FP
대운월드와이드주식회사,6078117067,2018,0,0.0424,1,0,FP
대운월드와이드주식회사,6078117067,2019,0,0.0139,1,0,FP
대운월드와이드주식회사,6078117067,2020,0,0.0016,0,1,TN
(주)롯데자이언츠,6078119196,2014,0,0.2044,1,0,FP
(주)롯데자이언츠,6078119196,2015,1,0.9521,1,1,TP
아시아드컨트리클럽(주),6078137364,2014,0,0.0283,1,0,FP
아시아드컨트리클럽(주),6078137364,2015,0,0.0088,0,1,TN
아시아드컨트리클럽(주),6078137364,2016,0,0.005,0,1,TN
아시아드컨트리클럽(주),6078137364,2017,0,0.0775,1,0,FP
아시아드컨트리클럽(주),6078137364,2018,0,0.0007,0,1,TN
아시아드컨트리클럽(주),6078137364,2019,0,0.0176,1,0,FP
아시아드컨트리클럽(주),6078137364,2020,0,0.0052,0,1,TN
아시아드컨트리클럽(주),6078137364,2021,0,0.0014,0,1,TN
아시아드컨트리클럽(주),6078137364,2022,0,0.001,0,1,TN
아시아드컨트리클럽(주),6078137364,2023,0,0.0004,0,1,TN
아시아드컨트리클럽(주),6078137364,2024,0,0.0009,0,1,TN
주식회사대영레포츠,6078166684,2014,0,0.0021,0,1,TN
주식회사대영레포츠,6078166684,2015,0,0.011,1,0,FP
주식회사대영레포츠,6078166684,2016,0,0.0259,1,0,FP
주식회사대영레포츠,6078166684,2017,0,0.0058,0,1,TN
주식회사대영레포츠,6078166684,2018,0,0.0045,0,1,TN
주식회사대영레포츠,6078166684,2019,0,0.0661,1,0,FP
협신자동차서비스(주),6078167039,2019,0,0.0021,0,1,TN
협신자동차서비스(주),6078167039,2020,0,0.0389,1,0,FP
협신자동차서비스(주),6078167039,2021,0,0.004,0,1,TN
협신자동차서비스(주),6078167039,2022,0,0.0058,0,1,TN
협신자동차서비스(주),6078167039,2023,0,0.0119,1,0,FP
협신자동차서비스(주),6078167039,2024,0,0.045,1,0,FP
주식회사르노삼성자동차사상정비사업소,6078184076,2016,0,0.0014,0,1,TN
주식회사르노삼성자동차사상정비사업소,6078184076,2017,0,0.0439,1,0,FP
주식회사르노삼성자동차사상정비사업소,6078184076,2018,0,0.0021,0,1,TN
주식회사르노삼성자동차사상정비사업소,6078184076,2019,0,0.0472,1,0,FP
주식회사우창금정,6078195670,2022,0,1e-04,0,1,TN
주식회사우창금정,6078195670,2023,0,0.011,1,0,FP
주식회사우창금정,6078195670,2024,0,0.1651,1,0,FP
주식회사히든스페이스,6078604228,2019,0,0.0015,0,1,TN
주식회사히든스페이스,6078604228,2020,0,0.0312,1,0,FP
주식회사히든스페이스,6078604228,2021,1,0.9492,1,1,TP
(주)더블유웨딩,6078609470,2019,0,0.0002,0,1,TN
(주)더블유웨딩,6078609470,2020,0,0.0009,0,1,TN
(주)더블유웨딩,6078609470,2021,0,0.0009,0,1,TN
(주)더블유웨딩,6078609470,2022,0,0.0009,0,1,TN
(주)더블유웨딩,6078609470,2023,0,0.0006,0,1,TN
(주)더블유웨딩,6078609470,2024,0,0.0009,0,1,TN
주식회사쌍마,6088156291,2014,0,0.0011,0,1,TN
주식회사쌍마,6088156291,2015,0,0.0024,0,1,TN
주식회사쌍마,6088156291,2016,0,0.0044,0,1,TN
주식회사쌍마,6088156291,2017,0,0.0014,0,1,TN
주식회사쌍마,6088156291,2018,0,0.001,0,1,TN
주식회사쌍마,6088156291,2019,0,0.0021,0,1,TN
주식회사쌍마,6088156291,2020,0,0.0271,1,0,FP
주식회사쌍마,6088156291,2021,0,0.0008,0,1,TN
주식회사쌍마,6088156291,2022,0,0.0005,0,1,TN
주식회사쌍마,6088156291,2023,0,0.0019,0,1,TN
주식회사쌍마,6088156291,2024,0,0.0046,0,1,TN
용원개발주식회사,6098113693,2014,1,0.9808,1,1,TP
주식회사창원컨트리클럽,6098151834,2014,0,0.1609,1,0,FP
주식회사창원컨트리클럽,6098151834,2015,1,0.9515,1,1,TP
미래웨딩캐슬(주),6098169009,2014,0,0.0019,0,1,TN
미래웨딩캐슬(주),6098169009,2015,0,0.0059,0,1,TN
미래웨딩캐슬(주),6098169009,2016,0,0.0398,1,0,FP
미래웨딩캐슬(주),6098169009,2017,0,0.0085,0,1,TN
미래웨딩캐슬(주),6098169009,2018,0,0.0165,1,0,FP
미래웨딩캐슬(주),6098169009,2019,0,0.294,1,0,FP
미래웨딩캐슬(주),6098169009,2020,1,0.9406,1,1,TP
주식회사경남도민프로축구단,6098169085,2014,0,0.3102,1,0,FP
주식회사경남도민프로축구단,6098169085,2015,1,0.9782,1,1,TP
골든힐골프연습장(주),6098179962,2014,0,0.0383,1,0,FP
골든힐골프연습장(주),6098179962,2015,0,0.005,0,1,TN
골든힐골프연습장(주),6098179962,2016,0,0.0058,0,1,TN
골든힐골프연습장(주),6098179962,2017,0,0.0023,0,1,TN
골든힐골프연습장(주),6098179962,2018,0,0.0004,0,1,TN
골든힐골프연습장(주),6098179962,2019,0,0.0023,0,1,TN
골든힐골프연습장(주),6098179962,2020,0,0.0029,0,1,TN
골든힐골프연습장(주),6098179962,2021,0,0.0008,0,1,TN
골든힐골프연습장(주),6098179962,2022,0,0.0043,0,1,TN
골든힐골프연습장(주),6098179962,2023,0,0.0037,0,1,TN
골든힐골프연습장(주),6098179962,2024,0,0.0113,1,0,FP
주식회사웨딩그룹케이파티앤조이,6098600776,2016,0,0.001,0,1,TN
주식회사웨딩그룹케이파티앤조이,6098600776,2017,0,0.0968,1,0,FP
주식회사웨딩그룹케이파티앤조이,6098600776,2018,1,0.8775,1,1,TP
삼보엔알디주식회사,6098605392,2014,1,0.9916,1,1,TP
(주)보훈상조,6098610987,2017,0,0.0012,0,1,TN
(주)보훈상조,6098610987,2018,0,0.0269,1,0,FP
(주)보훈상조,6098610987,2019,0,0.0192,1,0,FP
(주)보훈상조,6098610987,2020,0,0.017,1,0,FP
(주)보훈상조,6098610987,2021,0,0.0114,1,0,FP
(주)보훈상조,6098610987,2022,0,0.0009,0,1,TN
(주)보훈상조,6098610987,2023,0,0.0004,0,1,TN
(주)보훈상조,6098610987,2024,0,0.0003,0,1,TN
(주)프리드라이프,6108156858,2014,0,0.0523,1,0,FP
(주)프리드라이프,6108156858,2015,0,0.0553,1,0,FP
(주)프리드라이프,6108156858,2016,0,0.0296,1,0,FP
(주)프리드라이프,6108156858,2017,0,0.1005,1,0,FP
(주)프리드라이프,6108156858,2018,0,0.0482,1,0,FP
(주)프리드라이프,6108156858,2019,0,0.0467,1,0,FP
(주)프리드라이프,6108156858,2020,1,0.8462,1,1,TP
금강문화허브(주),6108158953,2014,0,0.0381,1,0,FP
금강문화허브(주),6108158953,2015,0,0.057,1,0,FP
금강문화허브(주),6108158953,2016,0,0.0218,1,0,FP
금강문화허브(주),6108158953,2017,0,0.015,1,0,FP
금강문화허브(주),6108158953,2018,0,0.0616,1,0,FP
금강문화허브(주),6108158953,2019,0,0.039,1,0,FP
금강문화허브(주),6108158953,2020,0,0.0642,1,0,FP
한라상조(주),6108167883,2014,0,0.1269,1,0,FP
한라상조(주),6108167883,2015,0,0.016,1,0,FP
한라상조(주),6108167883,2016,0,0.0147,1,0,FP
한라상조(주),6108167883,2017,0,0.0609,1,0,FP
한라상조(주),6108167883,2018,0,0.1045,1,0,FP
한라상조(주),6108167883,2019,0,0.1604,1,0,FP
한라상조(주),6108167883,2020,1,0.9299,1,1,TP
(주)고암개발,6108177872,2014,0,0.0048,0,1,TN
(주)고암개발,6108177872,2015,0,0.0323,1,0,FP
(주)고암개발,6108177872,2016,0,0.038,1,0,FP
(주)고암개발,6108177872,2017,0,0.0325,1,0,FP
(주)고암개발,6108177872,2018,0,0.0199,1,0,FP
(주)고암개발,6108177872,2019,0,0.0155,1,0,FP
(주)고암개발,6108177872,2020,0,0.006,0,1,TN
(주)고암개발,6108177872,2021,0,0.0008,0,1,TN
(주)고암개발,6108177872,2022,0,0.0009,0,1,TN
(주)고암개발,6108177872,2023,0,0.0014,0,1,TN
(주)고암개발,6108177872,2024,0,0.0136,1,0,FP
(주)울산국화원장례식장,6108186895,2020,0,0.0033,0,1,TN
(주)울산국화원장례식장,6108186895,2021,0,0.0039,0,1,TN
(주)울산국화원장례식장,6108186895,2022,0,0.002,0,1,TN
(주)울산국화원장례식장,6108186895,2023,0,0.0008,0,1,TN
(주)울산국화원장례식장,6108186895,2024,0,0.002,0,1,TN
우신레저주식회사,6108603749,2014,0,0.0027,0,1,TN
우신레저주식회사,6108603749,2015,0,0.1184,1,0,FP
우신레저주식회사,6108603749,2016,0,0.0466,1,0,FP
우신레저주식회사,6108603749,2017,0,0.0045,0,1,TN
우신레저주식회사,6108603749,2018,0,0.0039,0,1,TN
우신레저주식회사,6108603749,2019,0,0.0038,0,1,TN
우신레저주식회사,6108603749,2020,0,0.0019,0,1,TN
우신레저주식회사,6108603749,2021,0,0.0007,0,1,TN
우신레저주식회사,6108603749,2022,0,1e-04,0,1,TN
우신레저주식회사,6108603749,2023,0,0.0004,0,1,TN
우신레저주식회사,6108603749,2024,0,0.0018,0,1,TN
하나다개발(주),6108621688,2015,0,0.0029,0,1,TN
하나다개발(주),6108621688,2016,0,0.0025,0,1,TN
하나다개발(주),6108621688,2017,0,0.0031,0,1,TN
하나다개발(주),6108621688,2018,0,0.0005,0,1,TN
하나다개발(주),6108621688,2019,0,0.0193,1,0,FP
하나다개발(주),6108621688,2020,0,0.0269,1,0,FP
주식회사정석,6108622182,2015,0,0.0031,0,1,TN
주식회사정석,6108622182,2016,0,0.4229,1,0,FP
주식회사정석,6108622182,2017,1,0.9767,1,1,TP
장사도해상공원주식회사,6128119107,2014,0,0.0016,0,1,TN
장사도해상공원주식회사,6128119107,2015,0,0.0069,0,1,TN
장사도해상공원주식회사,6128119107,2016,0,0.0025,0,1,TN
장사도해상공원주식회사,6128119107,2017,0,0.0017,0,1,TN
장사도해상공원주식회사,6128119107,2018,0,0.001,0,1,TN
장사도해상공원주식회사,6128119107,2019,0,0.0149,1,0,FP
장사도해상공원주식회사,6128119107,2020,0,0.0637,1,0,FP
장사도해상공원주식회사,6128119107,2021,0,0.0653,1,0,FP
(주)외도보타니아,6128120977,2014,0,0.0008,0,1,TN
(주)외도보타니아,6128120977,2015,0,0.0002,0,1,TN
(주)외도보타니아,6128120977,2016,0,0.0019,0,1,TN
(주)외도보타니아,6128120977,2017,0,0.0005,0,1,TN
(주)외도보타니아,6128120977,2018,0,0.0006,0,1,TN
(주)외도보타니아,6128120977,2019,0,0.0003,0,1,TN
(주)아이언사천,6138133344,2016,0,0.0008,0,1,TN
(주)아이언사천,6138133344,2017,0,0.0076,0,1,TN
(주)아이언사천,6138133344,2018,0,0.0029,0,1,TN
(주)아이언사천,6138133344,2019,0,0.0066,0,1,TN
(주)아이언사천,6138133344,2020,0,0.0042,0,1,TN
(주)아이언사천,6138133344,2021,0,0.0012,0,1,TN
(주)아이언사천,6138133344,2022,0,0.0034,0,1,TN
(주)아이언사천,6138133344,2023,0,0.0008,0,1,TN
(주)아이언사천,6138133344,2024,0,0.004,0,1,TN
삼삼레져개발주식회사,6138143575,2014,0,0.0144,1,0,FP
삼삼레져개발주식회사,6138143575,2015,0,0.0126,1,0,FP
삼삼레져개발주식회사,6138143575,2016,0,0.0195,1,0,FP
삼삼레져개발주식회사,6138143575,2017,0,0.0121,1,0,FP
삼삼레져개발주식회사,6138143575,2018,0,0.0031,0,1,TN
삼삼레져개발주식회사,6138143575,2019,0,0.0054,0,1,TN
삼삼레져개발주식회사,6138143575,2020,0,0.0044,0,1,TN
삼삼레져개발주식회사,6138143575,2021,0,0.0007,0,1,TN
삼삼레져개발주식회사,6138143575,2022,0,0.0003,0,1,TN
삼삼레져개발주식회사,6138143575,2023,0,0.0005,0,1,TN
삼삼레져개발주식회사,6138143575,2024,0,0.0006,0,1,TN
에스케이텔레콤씨에스티원주식회사,6148105875,2020,0,0.003,0,1,TN
에스케이텔레콤씨에스티원주식회사,6148105875,2021,0,0.0903,1,0,FP
에스케이텔레콤씨에스티원주식회사,6148105875,2022,1,0.3274,1,1,TP
주식회사동화레져,6148700246,2017,0,0.0061,0,1,TN
주식회사동화레져,6148700246,2018,0,0.0661,1,0,FP
주식회사동화레져,6148700246,2019,0,0.1763,1,0,FP
주식회사동화레져,6148700246,2020,0,0.1149,1,0,FP
주식회사동화레져,6148700246,2021,0,0.4165,1,0,FP
주식회사동화레져,6148700246,2022,0,0.1174,1,0,FP
주식회사동화레져,6148700246,2023,1,0.1841,1,1,TP
주식회사정석골프앤리조트,6148701769,2022,0,0.0002,0,1,TN
주식회사정석골프앤리조트,6148701769,2023,0,0.0009,0,1,TN
주식회사정석골프앤리조트,6148701769,2024,1,0.0005,0,0,FN
현일개발주식회사,6158101794,2014,0,0.0128,1,0,FP
현일개발주식회사,6158101794,2015,0,0.0083,0,1,TN
현일개발주식회사,6158101794,2016,0,0.006,0,1,TN
현일개발주식회사,6158101794,2017,0,0.0025,0,1,TN
현일개발주식회사,6158101794,2018,0,0.0007,0,1,TN
현일개발주식회사,6158101794,2019,0,0.0019,0,1,TN
현일개발주식회사,6158101794,2020,0,0.0024,0,1,TN
현일개발주식회사,6158101794,2021,0,0.0037,0,1,TN
현일개발주식회사,6158101794,2022,0,0.0002,0,1,TN
현일개발주식회사,6158101794,2023,0,1e-04,0,1,TN
현일개발주식회사,6158101794,2024,0,0.0002,0,1,TN
나인산업개발(주),6158130436,2016,0,0.1917,1,0,FP
나인산업개발(주),6158130436,2017,0,0.0694,1,0,FP
주식회사리더스컨트리클럽,6158138059,2014,0,0.0237,1,0,FP
주식회사리더스컨트리클럽,6158138059,2015,0,0.0548,1,0,FP
주식회사리더스컨트리클럽,6158138059,2016,0,0.0605,1,0,FP
주식회사리더스컨트리클럽,6158138059,2017,0,0.0465,1,0,FP
주식회사리더스컨트리클럽,6158138059,2018,0,0.0218,1,0,FP
주식회사리더스컨트리클럽,6158138059,2019,0,0.0239,1,0,FP
주식회사리더스컨트리클럽,6158138059,2020,0,0.0056,0,1,TN
주식회사리더스컨트리클럽,6158138059,2021,0,0.0005,0,1,TN
주식회사리더스컨트리클럽,6158138059,2022,0,0.0017,0,1,TN
주식회사리더스컨트리클럽,6158138059,2023,0,0.0106,1,0,FP
주식회사리더스컨트리클럽,6158138059,2024,0,0.0467,1,0,FP
주식회사밀양관광개발,6158138627,2014,1,0.9775,1,1,TP
(주)한국그린산업,6158146772,2014,0,0.0122,1,0,FP
(주)한국그린산업,6158146772,2015,0,0.1384,1,0,FP
(주)한국그린산업,6158146772,2016,0,0.0609,1,0,FP
(주)한국그린산업,6158146772,2017,0,0.0873,1,0,FP
(주)한국그린산업,6158146772,2018,1,0.8984,1,1,TP
주식회사한림공원,6168103403,2014,0,0.001,0,1,TN
주식회사한림공원,6168103403,2015,0,0.0002,0,1,TN
주식회사한림공원,6168103403,2016,0,0.001,0,1,TN
주식회사한림공원,6168103403,2017,0,0.0004,0,1,TN
주식회사한림공원,6168103403,2018,0,1e-04,0,1,TN
주식회사한림공원,6168103403,2019,0,1e-04,0,1,TN
(주)캐슬렉스제주,6168104775,2014,0,0.2314,1,0,FP
(주)캐슬렉스제주,6168104775,2015,1,0.9374,1,1,TP
삼흥개발주식회사,6168117741,2014,0,0.0339,1,0,FP
삼흥개발주식회사,6168117741,2015,0,0.0552,1,0,FP
삼흥개발주식회사,6168117741,2016,0,0.0786,1,0,FP
삼흥개발주식회사,6168117741,2017,0,0.0834,1,0,FP
삼흥개발주식회사,6168117741,2018,0,0.0131,1,0,FP
삼흥개발주식회사,6168117741,2019,0,0.0945,1,0,FP
이어도컨트리클럽주식회사,6168120154,2014,0,0.0479,1,0,FP
이어도컨트리클럽주식회사,6168120154,2015,0,0.0897,1,0,FP
이어도컨트리클럽주식회사,6168120154,2016,0,0.1839,1,0,FP
이어도컨트리클럽주식회사,6168120154,2017,0,0.1044,1,0,FP
이어도컨트리클럽주식회사,6168120154,2018,0,0.0294,1,0,FP
이어도컨트리클럽주식회사,6168120154,2019,0,0.1444,1,0,FP
이어도컨트리클럽주식회사,6168120154,2020,0,0.0532,1,0,FP
이어도컨트리클럽주식회사,6168120154,2021,0,0.0386,1,0,FP
이어도컨트리클럽주식회사,6168120154,2022,0,0.0021,0,1,TN
이어도컨트리클럽주식회사,6168120154,2023,0,0.0021,0,1,TN
이어도컨트리클럽주식회사,6168120154,2024,1,0.0009,0,0,FN
퍼시픽랜드주식회사,6168120606,2014,1,0.936,1,1,TP
(주)소인국테마파크,6168123205,2019,0,0.0091,0,1,TN
(주)소인국테마파크,6168123205,2020,0,0.3599,1,0,FP
(주)소인국테마파크,6168123205,2023,1,0.8148,1,1,TP
주식회사부건,6168130481,2014,0,0.002,0,1,TN
주식회사부건,6168130481,2015,0,0.0011,0,1,TN
주식회사부건,6168130481,2016,0,0.0027,0,1,TN
주식회사부건,6168130481,2017,0,0.0016,0,1,TN
주식회사부건,6168130481,2018,0,1e-04,0,1,TN
주식회사부건,6168130481,2019,0,0.0004,0,1,TN
주식회사청원,6168136165,2018,0,0.0182,1,0,FP
주식회사청원,6168136165,2019,0,0.5978,1,0,FP
주식회사청원,6168136165,2020,1,0.9368,1,1,TP
(주)더원,6168140053,2014,0,0.0005,0,1,TN
(주)더원,6168140053,2015,0,0.0008,0,1,TN
(주)더원,6168140053,2016,0,0.0026,0,1,TN
(주)더원,6168140053,2017,0,0.0004,0,1,TN
(주)더원,6168140053,2018,0,0.0002,0,1,TN
(주)더원,6168140053,2019,0,0.0004,0,1,TN
(주)더원,6168140053,2020,0,0.0263,1,0,FP
(주)더원,6168140053,2021,0,0.0235,1,0,FP
(주)더원,6168140053,2022,0,0.3332,1,0,FP
(주)더원,6168140053,2023,0,0.2861,1,0,FP
(주)더원,6168140053,2024,1,0.6592,1,1,TP
(주)제동레저,6168146886,2014,0,0.0078,0,1,TN
(주)제동레저,6168146886,2015,0,0.0056,0,1,TN
(주)제동레저,6168146886,2016,0,0.0032,0,1,TN
(주)제동레저,6168146886,2017,0,0.0262,1,0,FP
(주)제동레저,6168146886,2018,0,0.001,0,1,TN
(주)제동레저,6168146886,2019,0,0.1441,1,0,FP
그랑블제주알앤지(주),6168151962,2014,0,0.0002,0,1,TN
그랑블제주알앤지(주),6168151962,2015,0,0.0008,0,1,TN
그랑블제주알앤지(주),6168151962,2016,0,0.0087,0,1,TN
그랑블제주알앤지(주),6168151962,2017,0,0.0926,1,0,FP
그랑블제주알앤지(주),6168151962,2018,0,0.3975,1,0,FP
그랑블제주알앤지(주),6168151962,2019,1,0.9573,1,1,TP
주식회사상효원,6168152049,2014,0,0.0417,1,0,FP
주식회사상효원,6168152049,2015,0,0.178,1,0,FP
주식회사상효원,6168152049,2016,1,0.9558,1,1,TP
주식회사아일랜드조이,6168157909,2014,0,0.0003,0,1,TN
주식회사아일랜드조이,6168157909,2015,0,0.0003,0,1,TN
주식회사아일랜드조이,6168157909,2017,0,0.0005,0,1,TN
주식회사아일랜드조이,6168157909,2018,0,0.0002,0,1,TN
제주유리의성,6168158586,2014,0,0.0005,0,1,TN
제주유리의성,6168158586,2015,0,0.0004,0,1,TN
제주유리의성,6168158586,2016,0,0.0062,0,1,TN
제주유리의성,6168158586,2017,0,0.0013,0,1,TN
제주유리의성,6168158586,2018,0,0.095,1,0,FP
제주유리의성,6168158586,2019,0,0.3848,1,0,FP
주식회사건하,6168158650,2019,0,0.0103,1,0,FP
주식회사건하,6168158650,2020,0,0.1085,1,0,FP
주식회사건하,6168158650,2021,1,0.9866,1,1,TP
주식회사동부레저,6168160175,2017,0,0.0101,1,0,FP
주식회사동부레저,6168160175,2018,0,0.0388,1,0,FP
주식회사동부레저,6168160175,2019,1,0.9644,1,1,TP
도두마리나,6168166596,2014,0,0.0317,1,0,FP
도두마리나,6168166596,2015,0,0.1043,1,0,FP
도두마리나,6168166596,2016,0,0.0039,0,1,TN
주식회사행복,6168167576,2014,0,0.0013,0,1,TN
주식회사행복,6168167576,2015,0,0.002,0,1,TN
주식회사행복,6168167576,2016,0,0.0057,0,1,TN
주식회사행복,6168167576,2018,0,0.0022,0,1,TN
주식회사행복,6168167576,2019,0,0.0235,1,0,FP
주식회사행복,6168167576,2022,1,0.0537,1,1,TP
제주에스케이에프씨주식회사,6168167770,2014,0,0.0033,0,1,TN
제주에스케이에프씨주식회사,6168167770,2015,0,0.005,0,1,TN
제주에스케이에프씨주식회사,6168167770,2016,0,0.0177,1,0,FP
제주에스케이에프씨주식회사,6168167770,2017,0,0.0063,0,1,TN
제주에스케이에프씨주식회사,6168167770,2018,0,0.0006,0,1,TN
제주에스케이에프씨주식회사,6168167770,2019,0,0.0035,0,1,TN
제주에스케이에프씨주식회사,6168167770,2020,0,0.0154,1,0,FP
제주에스케이에프씨주식회사,6168167770,2021,0,0.0063,0,1,TN
제주에스케이에프씨주식회사,6168167770,2022,0,0.0011,0,1,TN
제주에스케이에프씨주식회사,6168167770,2023,0,0.0006,0,1,TN
제주에스케이에프씨주식회사,6168167770,2024,0,0.0012,0,1,TN
제주뮤지엄컴플렉스(주),6168173253,2014,0,0.0026,0,1,TN
제주뮤지엄컴플렉스(주),6168173253,2015,0,0.0662,1,0,FP
제주뮤지엄컴플렉스(주),6168173253,2016,0,0.1384,1,0,FP
제주뮤지엄컴플렉스(주),6168173253,2017,0,0.1396,1,0,FP
제주뮤지엄컴플렉스(주),6168173253,2018,0,0.0425,1,0,FP
제주뮤지엄컴플렉스(주),6168173253,2019,1,0.951,1,1,TP
홍학산업개발,6168173909,2018,0,0.0046,0,1,TN
홍학산업개발,6168173909,2019,0,0.0086,0,1,TN
홍학산업개발,6168173909,2022,0,0.0037,0,1,TN
홍학산업개발,6168173909,2023,0,0.0033,0,1,TN
홍학산업개발,6168173909,2024,1,0.004,0,0,FN
주식회사라이트리움,6168183877,2014,0,0.0036,0,1,TN
주식회사라이트리움,6168183877,2015,0,0.1732,1,0,FP
주식회사라이트리움,6168183877,2016,1,0.9782,1,1,TP
(주)그랜드부민,6168189570,2014,0,0.0004,0,1,TN
(주)그랜드부민,6168189570,2017,0,0.001,0,1,TN
(주)그랜드부민,6168189570,2018,0,0.0006,0,1,TN
(주)그랜드부민,6168189570,2019,0,0.0016,0,1,TN
(주)그랜드부민,6168189570,2020,0,0.0015,0,1,TN
(주)그랜드부민,6168189570,2021,0,0.0353,1,0,FP
(주)그랜드부민,6168189570,2022,0,0.0026,0,1,TN
(주)그랜드부민,6168189570,2023,0,0.0007,0,1,TN
(주)그랜드부민,6168189570,2024,0,0.0013,0,1,TN
우리제주상조주식회사,6168191950,2015,0,0.0016,0,1,TN
우리제주상조주식회사,6168191950,2016,0,0.0025,0,1,TN
우리제주상조주식회사,6168191950,2017,0,0.0367,1,0,FP
우리제주상조주식회사,6168191950,2018,0,0.0068,0,1,TN
우리제주상조주식회사,6168191950,2019,0,0.0183,1,0,FP
우리제주상조주식회사,6168191950,2020,0,0.0576,1,0,FP
우리제주상조주식회사,6168191950,2021,0,0.0056,0,1,TN
우리제주상조주식회사,6168191950,2022,0,0.0007,0,1,TN
우리제주상조주식회사,6168191950,2023,0,0.0005,0,1,TN
우리제주상조주식회사,6168191950,2024,0,0.0033,0,1,TN
람정엔터테인먼트코리아(주),6168616830,2015,0,0.0064,0,1,TN
람정엔터테인먼트코리아(주),6168616830,2016,0,0.0075,0,1,TN
람정엔터테인먼트코리아(주),6168616830,2017,0,0.0514,1,0,FP
람정엔터테인먼트코리아(주),6168616830,2018,0,0.0017,0,1,TN
람정엔터테인먼트코리아(주),6168616830,2019,0,0.0621,1,0,FP
람정엔터테인먼트코리아(주),6168616830,2020,0,0.1406,1,0,FP
람정엔터테인먼트코리아(주),6168616830,2021,1,0.9758,1,1,TP
모노리스제주파크(주),6168622439,2017,0,0.0044,0,1,TN
모노리스제주파크(주),6168622439,2018,0,0.0244,1,0,FP
모노리스제주파크(주),6168622439,2019,1,0.9453,1,1,TP
(주)현대기아남구정비서비스,6178102862,2014,0,0.007,0,1,TN
(주)현대기아남구정비서비스,6178102862,2015,0,0.0151,1,0,FP
(주)현대기아남구정비서비스,6178102862,2016,0,0.0182,1,0,FP
(주)현대기아남구정비서비스,6178102862,2017,0,0.0098,0,1,TN
(주)현대기아남구정비서비스,6178102862,2018,0,0.0055,0,1,TN
(주)현대기아남구정비서비스,6178102862,2019,0,0.0075,0,1,TN
(주)현대기아남구정비서비스,6178102862,2020,0,0.005,0,1,TN
(주)현대기아남구정비서비스,6178102862,2021,0,0.0152,1,0,FP
(주)현대기아남구정비서비스,6178102862,2022,0,0.2184,1,0,FP
(주)현대기아남구정비서비스,6178102862,2023,0,0.136,1,0,FP
(주)현대기아남구정비서비스,6178102862,2024,0,0.036,1,0,FP
주식회사우창,6178136528,2014,0,0.0005,0,1,TN
주식회사우창,6178136528,2015,0,0.0015,0,1,TN
주식회사우창,6178136528,2016,0,0.0033,0,1,TN
주식회사우창,6178136528,2017,0,0.0027,0,1,TN
주식회사우창,6178136528,2018,0,0.0012,0,1,TN
주식회사우창,6178136528,2019,0,0.0025,0,1,TN
주식회사우창,6178136528,2021,0,0.0009,0,1,TN
주식회사우창,6178136528,2022,0,0.0084,0,1,TN
주식회사우창,6178136528,2023,0,0.0258,1,0,FP
주식회사우창,6178136528,2024,0,0.2162,1,0,FP
(주)인백,6178188953,2014,0,0.0124,1,0,FP
(주)인백,6178188953,2015,0,0.0038,0,1,TN
(주)인백,6178188953,2016,0,0.039,1,0,FP
(주)인백,6178188953,2017,0,0.0063,0,1,TN
(주)인백,6178188953,2018,0,0.0072,0,1,TN
(주)인백,6178188953,2019,0,0.0046,0,1,TN
(주)인백,6178188953,2020,0,0.265,1,0,FP
(주)거제씨월드,6178193252,2014,0,0.3506,1,0,FP
(주)거제씨월드,6178193252,2015,1,0.9704,1,1,TP
주식회사르노코리아자동차서비스코너대연점,6178195769,2022,0,1e-04,0,1,TN
주식회사르노코리아자동차서비스코너대연점,6178195769,2023,0,0.46,1,0,FP
주식회사르노코리아자동차서비스코너대연점,6178195769,2024,1,0.3105,1,1,TP
(주)골드시코리아인베스트먼트,6178609797,2014,0,0.0017,0,1,TN
(주)골드시코리아인베스트먼트,6178609797,2015,0,0.085,1,0,FP
(주)골드시코리아인베스트먼트,6178609797,2016,0,0.1363,1,0,FP
(주)골드시코리아인베스트먼트,6178609797,2017,1,0.9482,1,1,TP
주식회사둥지,6178619034,2021,0,0.0024,0,1,TN
주식회사둥지,6178619034,2022,0,0.0047,0,1,TN
주식회사둥지,6178619034,2023,0,0.0025,0,1,TN
주식회사둥지,6178619034,2024,0,0.0297,1,0,FP
주식회사동부산홀딩스,6178621035,2015,0,0.0016,0,1,TN
주식회사동부산홀딩스,6178621035,2016,0,0.0035,0,1,TN
주식회사동부산홀딩스,6178621035,2017,0,0.1239,1,0,FP
주식회사동부산홀딩스,6178621035,2018,0,0.0102,1,0,FP
주식회사동부산홀딩스,6178621035,2019,1,0.9662,1,1,TP
멀린엔터테인먼트코리아(주),6188122731,2014,0,0.0008,0,1,TN
멀린엔터테인먼트코리아(주),6188122731,2015,0,0.0275,1,0,FP
멀린엔터테인먼트코리아(주),6188122731,2016,0,0.0397,1,0,FP
멀린엔터테인먼트코리아(주),6188122731,2017,0,0.0275,1,0,FP
멀린엔터테인먼트코리아(주),6188122731,2018,0,0.0099,0,1,TN
멀린엔터테인먼트코리아(주),6188122731,2019,0,0.0018,0,1,TN
멀린엔터테인먼트코리아(주),6188122731,2020,0,0.074,1,0,FP
(주)삼남,6208100308,2014,0,0.0093,0,1,TN
(주)삼남,6208100308,2015,0,0.0557,1,0,FP
(주)삼남,6208100308,2016,0,0.1571,1,0,FP
(주)삼남,6208100308,2017,0,0.0592,1,0,FP
(주)삼남,6208100308,2018,0,0.0869,1,0,FP
(주)삼남,6208100308,2019,0,0.0715,1,0,FP
(주)삼남,6208100308,2020,0,0.0266,1,0,FP
(주)삼남,6208100308,2021,0,0.0041,0,1,TN
(주)삼남,6208100308,2022,0,0.0189,1,0,FP
(주)삼남,6208100308,2023,0,0.008,0,1,TN
(주)삼남,6208100308,2024,0,0.0574,1,0,FP
주식회사영남알프스레져,6208101971,2014,0,0.002,0,1,TN
주식회사영남알프스레져,6208101971,2015,0,0.0427,1,0,FP
주식회사영남알프스레져,6208101971,2016,0,0.1217,1,0,FP
주식회사영남알프스레져,6208101971,2017,0,0.0065,0,1,TN
주식회사영남알프스레져,6208101971,2018,0,0.0138,1,0,FP
주식회사영남알프스레져,6208101971,2019,0,0.0157,1,0,FP
주식회사영남알프스레져,6208101971,2020,0,0.0045,0,1,TN
주식회사영남알프스레져,6208101971,2021,0,0.0028,0,1,TN
주식회사영남알프스레져,6208101971,2022,0,0.0012,0,1,TN
주식회사영남알프스레져,6208101971,2023,0,0.0007,0,1,TN
주식회사영남알프스레져,6208101971,2024,0,0.0004,0,1,TN
(주)반도개발,6208103004,2014,0,0.0028,0,1,TN
(주)반도개발,6208103004,2015,0,0.0055,0,1,TN
(주)반도개발,6208103004,2016,0,0.0269,1,0,FP
(주)반도개발,6208103004,2017,0,0.0108,1,0,FP
(주)반도개발,6208103004,2018,0,0.0005,0,1,TN
(주)반도개발,6208103004,2019,0,0.0072,0,1,TN
(주)반도개발,6208103004,2020,0,0.0096,0,1,TN
(주)반도개발,6208103004,2021,0,0.0038,0,1,TN
(주)반도개발,6208103004,2022,0,0.0005,0,1,TN
(주)반도개발,6208103004,2023,0,0.0003,0,1,TN
(주)반도개발,6208103004,2024,0,0.0003,0,1,TN
주식회사흥진레저,6208147773,2014,0,0.0482,1,0,FP
주식회사흥진레저,6208147773,2019,0,0.3071,1,0,FP
주식회사흥진레저,6208147773,2020,0,0.0006,0,1,TN
주식회사흥진레저,6208147773,2021,0,0.0039,0,1,TN
주식회사흥진레저,6208147773,2022,0,0.0004,0,1,TN
주식회사흥진레저,6208147773,2023,0,0.0006,0,1,TN
주식회사흥진레저,6208147773,2024,0,0.0013,0,1,TN
(주)파디글스,6218100413,2017,0,0.0083,0,1,TN
(주)파디글스,6218100413,2018,0,0.0056,0,1,TN
(주)파디글스,6218100413,2022,0,0.0032,0,1,TN
(주)파디글스,6218100413,2023,0,0.0004,0,1,TN
(주)파디글스,6218100413,2024,0,0.0008,0,1,TN
양산컨트리클럽(주),6218103711,2014,0,0.0125,1,0,FP
양산컨트리클럽(주),6218103711,2015,0,0.0094,0,1,TN
양산컨트리클럽(주),6218103711,2016,0,0.0108,1,0,FP
양산컨트리클럽(주),6218103711,2017,0,0.0009,0,1,TN
양산컨트리클럽(주),6218103711,2018,0,0.0005,0,1,TN
양산컨트리클럽(주),6218103711,2019,0,0.0003,0,1,TN
양산컨트리클럽(주),6218103711,2020,0,0.0006,0,1,TN
양산컨트리클럽(주),6218103711,2021,0,0.0005,0,1,TN
양산컨트리클럽(주),6218103711,2022,0,0.0003,0,1,TN
양산컨트리클럽(주),6218103711,2023,0,0.0002,0,1,TN
양산컨트리클럽(주),6218103711,2024,0,0.0003,0,1,TN
(주)동일리조트,6218104118,2014,0,0.0008,0,1,TN
(주)동일리조트,6218104118,2015,0,0.0016,0,1,TN
(주)동일리조트,6218104118,2016,0,0.0022,0,1,TN
(주)동일리조트,6218104118,2017,0,0.0029,0,1,TN
(주)동일리조트,6218104118,2018,0,0.0009,0,1,TN
(주)동일리조트,6218104118,2019,0,0.0012,0,1,TN
(주)동일리조트,6218104118,2020,0,0.0089,0,1,TN
(주)동일리조트,6218104118,2021,0,0.0007,0,1,TN
(주)동일리조트,6218104118,2022,0,0.0003,0,1,TN
(주)동일리조트,6218104118,2023,0,1e-04,0,1,TN
(주)동일리조트,6218104118,2024,0,0.0002,0,1,TN
에이원컨트리클럽주식회사(구:한교관광개발주식회사),6218109277,2014,0,0.0229,1,0,FP
에이원컨트리클럽주식회사(구:한교관광개발주식회사),6218109277,2015,0,0.0162,1,0,FP
에이원컨트리클럽주식회사(구:한교관광개발주식회사),6218109277,2016,0,0.0169,1,0,FP
에이원컨트리클럽주식회사(구:한교관광개발주식회사),6218109277,2017,0,0.0148,1,0,FP
에이원컨트리클럽주식회사(구:한교관광개발주식회사),6218109277,2018,0,0.0031,0,1,TN
에이원컨트리클럽주식회사(구:한교관광개발주식회사),6218109277,2019,0,0.0224,1,0,FP
에이원컨트리클럽주식회사(구:한교관광개발주식회사),6218109277,2020,0,0.0071,0,1,TN
에이원컨트리클럽주식회사(구:한교관광개발주식회사),6218109277,2021,0,0.0006,0,1,TN
에이원컨트리클럽주식회사(구:한교관광개발주식회사),6218109277,2022,0,0.0005,0,1,TN
에이원컨트리클럽주식회사(구:한교관광개발주식회사),6218109277,2023,0,0.0015,0,1,TN
에이원컨트리클럽주식회사(구:한교관광개발주식회사),6218109277,2024,0,0.0147,1,0,FP
주식회사동부산컨트리클럽,6218109525,2014,0,0.0139,1,0,FP
주식회사동부산컨트리클럽,6218109525,2015,0,0.0154,1,0,FP
주식회사동부산컨트리클럽,6218109525,2016,0,0.0077,0,1,TN
주식회사동부산컨트리클럽,6218109525,2017,0,0.0093,0,1,TN
주식회사동부산컨트리클럽,6218109525,2018,0,0.0003,0,1,TN
주식회사동부산컨트리클럽,6218109525,2019,0,0.004,0,1,TN
주식회사동부산컨트리클럽,6218109525,2020,0,0.0037,0,1,TN
주식회사동부산컨트리클럽,6218109525,2021,0,0.0004,0,1,TN
주식회사동부산컨트리클럽,6218109525,2022,0,0.0009,0,1,TN
주식회사동부산컨트리클럽,6218109525,2023,0,0.0005,0,1,TN
주식회사동부산컨트리클럽,6218109525,2024,0,0.001,0,1,TN
일광개발(주),6218120141,2014,0,0.0026,0,1,TN
일광개발(주),6218120141,2015,0,0.017,1,0,FP
일광개발(주),6218120141,2016,0,0.0025,0,1,TN
일광개발(주),6218120141,2017,0,0.0216,1,0,FP
일광개발(주),6218120141,2018,0,0.0329,1,0,FP
일광개발(주),6218120141,2019,0,0.0065,0,1,TN
일광개발(주),6218120141,2020,0,0.0135,1,0,FP
일광개발(주),6218120141,2021,0,0.0017,0,1,TN
일광개발(주),6218120141,2022,0,0.0059,0,1,TN
일광개발(주),6218120141,2023,0,0.0012,0,1,TN
일광개발(주),6218120141,2024,0,0.003,0,1,TN
(주)중앙레포츠,6218135023,2014,0,0.0008,0,1,TN
(주)중앙레포츠,6218135023,2015,0,0.0012,0,1,TN
(주)중앙레포츠,6218135023,2016,0,0.0045,0,1,TN
(주)중앙레포츠,6218135023,2017,0,0.0039,0,1,TN
(주)중앙레포츠,6218135023,2018,0,0.004,0,1,TN
(주)중앙레포츠,6218135023,2019,0,0.0105,1,0,FP
진양개발주식회사,6218145690,2014,0,0.0007,0,1,TN
진양개발주식회사,6218145690,2015,0,0.0366,1,0,FP
진양개발주식회사,6218145690,2016,0,0.0032,0,1,TN
진양개발주식회사,6218145690,2017,0,0.001,0,1,TN
진양개발주식회사,6218145690,2018,0,0.0064,0,1,TN
진양개발주식회사,6218145690,2019,0,0.0053,0,1,TN
진양개발주식회사,6218145690,2020,0,0.0027,0,1,TN
진양개발주식회사,6218145690,2021,0,0.0008,0,1,TN
진양개발주식회사,6218145690,2022,0,0.0005,0,1,TN
진양개발주식회사,6218145690,2023,0,0.0006,0,1,TN
진양개발주식회사,6218145690,2024,0,0.0008,0,1,TN
케이지모빌리티해운대서비스센터주식회사,6218175821,2014,0,0.0713,1,0,FP
케이지모빌리티해운대서비스센터주식회사,6218175821,2015,0,0.5532,1,0,FP
케이지모빌리티해운대서비스센터주식회사,6218175821,2016,0,0.2222,1,0,FP
케이지모빌리티해운대서비스센터주식회사,6218175821,2017,0,0.0356,1,0,FP
케이지모빌리티해운대서비스센터주식회사,6218175821,2018,0,0.0729,1,0,FP
케이지모빌리티해운대서비스센터주식회사,6218175821,2019,0,0.2594,1,0,FP
케이지모빌리티해운대서비스센터주식회사,6218175821,2020,0,0.3177,1,0,FP
케이지모빌리티해운대서비스센터주식회사,6218175821,2021,1,0.9491,1,1,TP
(주)장원,6218179375,2014,0,0.0002,0,1,TN
(주)장원,6218179375,2015,0,0.001,0,1,TN
(주)장원,6218179375,2016,0,0.0016,0,1,TN
정관온천주식회사,6218185784,2014,0,0.0025,0,1,TN
정관온천주식회사,6218185784,2015,0,0.0031,0,1,TN
정관온천주식회사,6218185784,2016,0,0.009,0,1,TN
정관온천주식회사,6218185784,2017,0,0.0028,0,1,TN
(주)도원이엔지,6218194624,2014,0,0.0028,0,1,TN
(주)도원이엔지,6218194624,2015,0,0.0325,1,0,FP
(주)도원이엔지,6218194624,2016,0,0.009,0,1,TN
(주)대원크리닝,6218603021,2022,0,1e-04,0,1,TN
(주)대원크리닝,6218603021,2023,0,0.0033,0,1,TN
(주)대원크리닝,6218603021,2024,0,0.0268,1,0,FP
(주)스포케이,6218607560,2014,0,0.0012,0,1,TN
(주)스포케이,6218607560,2015,0,0.0153,1,0,FP
(주)스포케이,6218607560,2016,0,0.0277,1,0,FP
(주)스포케이,6218607560,2017,0,0.0129,1,0,FP
(주)스포케이,6218607560,2018,0,0.0044,0,1,TN
(주)스포케이,6218607560,2019,0,0.0144,1,0,FP
(주)스포케이,6218607560,2020,0,0.193,1,0,FP
(주)스포케이,6218607560,2021,0,0.1103,1,0,FP
(주)스포케이,6218607560,2022,1,0.043,1,1,TP
가야개발(주),6228100022,2014,0,0.004,0,1,TN
가야개발(주),6228100022,2015,0,0.0024,0,1,TN
가야개발(주),6228100022,2016,0,0.0042,0,1,TN
가야개발(주),6228100022,2017,0,0.0024,0,1,TN
가야개발(주),6228100022,2018,0,0.0026,0,1,TN
가야개발(주),6228100022,2019,0,0.0123,1,0,FP
가야개발(주),6228100022,2020,0,0.0037,0,1,TN
가야개발(주),6228100022,2021,0,0.0005,0,1,TN
가야개발(주),6228100022,2022,0,0.001,0,1,TN
가야개발(주),6228100022,2023,0,0.0009,0,1,TN
가야개발(주),6228100022,2024,0,0.0017,0,1,TN
주식회사유심천레저산업,6308101041,2018,0,0.0046,0,1,TN
주식회사유심천레저산업,6308101041,2019,0,0.3866,1,0,FP
주식회사유심천레저산업,6308101041,2020,0,0.0192,1,0,FP
주식회사유심천레저산업,6308101041,2021,0,0.0543,1,0,FP
주식회사유심천레저산업,6308101041,2022,0,0.3131,1,0,FP
주식회사유심천레저산업,6308101041,2023,0,0.0496,1,0,FP
주식회사유심천레저산업,6308101041,2024,0,0.2038,1,0,FP
(주)바운스,6318600114,2019,0,0.0005,0,1,TN
(주)바운스,6318600114,2020,0,0.06,1,0,FP
(주)바운스,6318600114,2021,0,0.195,1,0,FP
(주)바운스,6318600114,2022,0,0.0061,0,1,TN
(주)바운스,6318600114,2023,0,0.0008,0,1,TN
(주)바운스,6318600114,2024,0,0.0024,0,1,TN
피어엑스주식회사,6368601777,2021,0,0.0021,0,1,TN
피어엑스주식회사,6368601777,2022,0,0.1778,1,0,FP
피어엑스주식회사,6368601777,2023,1,0.0216,1,1,TP
(주)순창씨씨(CC),6438800047,2015,0,0.0031,0,1,TN
(주)순창씨씨(CC),6438800047,2016,0,0.0218,1,0,FP
(주)순창씨씨(CC),6438800047,2017,0,0.0047,0,1,TN
(주)순창씨씨(CC),6438800047,2018,0,0.0247,1,0,FP
(주)순창씨씨(CC),6438800047,2019,0,0.0067,0,1,TN
(주)순창씨씨(CC),6438800047,2020,0,0.0104,1,0,FP
(주)순창씨씨(CC),6438800047,2021,0,0.0394,1,0,FP
주식회사새정스타즈,6538700765,2019,0,0.0042,0,1,TN
주식회사새정스타즈,6538700765,2020,0,0.1072,1,0,FP
주식회사새정스타즈,6538700765,2021,0,0.1941,1,0,FP
주식회사새정스타즈,6538700765,2022,0,0.0326,1,0,FP
주식회사새정스타즈,6538700765,2023,0,0.0051,0,1,TN
주식회사새정스타즈,6538700765,2024,0,0.0052,0,1,TN
주식회사코리아골프프라자,6588700187,2015,0,0.0031,0,1,TN
주식회사코리아골프프라자,6588700187,2016,0,0.2274,1,0,FP
주식회사코리아골프프라자,6588700187,2017,1,0.9802,1,1,TP
주식회사쉼,6628700963,2021,0,0.003,0,1,TN
주식회사쉼,6628700963,2022,0,0.0039,0,1,TN
주식회사쉼,6628700963,2023,0,0.0025,0,1,TN
주식회사쉼,6628700963,2024,1,0.001,0,0,FN
아덴힐리조트앤골프주식회사,6648602126,2021,0,0.0009,0,1,TN
아덴힐리조트앤골프주식회사,6648602126,2022,0,0.0155,1,0,FP
아덴힐리조트앤골프주식회사,6648602126,2023,0,0.0327,1,0,FP
아덴힐리조트앤골프주식회사,6648602126,2024,0,0.6445,1,0,FP
용인자작나무숲주식회사농업회사법인,6648700111,2018,0,0.0111,1,0,FP
용인자작나무숲주식회사농업회사법인,6648700111,2019,0,0.1972,1,0,FP
용인자작나무숲주식회사농업회사법인,6648700111,2020,0,0.093,1,0,FP
용인자작나무숲주식회사농업회사법인,6648700111,2021,0,0.0358,1,0,FP
용인자작나무숲주식회사농업회사법인,6648700111,2022,0,0.0006,0,1,TN
용인자작나무숲주식회사농업회사법인,6648700111,2023,0,0.0006,0,1,TN
용인자작나무숲주식회사농업회사법인,6648700111,2024,0,0.0071,0,1,TN
(주)웰랜드디앤씨,6668600838,2018,0,0.0196,1,0,FP
(주)웰랜드디앤씨,6668600838,2019,0,0.0022,0,1,TN
(주)웰랜드디앤씨,6668600838,2020,0,0.0093,0,1,TN
(주)웰랜드디앤씨,6668600838,2021,0,0.0006,0,1,TN
(주)웰랜드디앤씨,6668600838,2022,0,0.0221,1,0,FP
(주)웰랜드디앤씨,6668600838,2023,0,0.0138,1,0,FP
주식회사아리온,6688801706,2020,0,0.0023,0,1,TN
주식회사아리온,6688801706,2021,0,0.0762,1,0,FP
주식회사아리온,6688801706,2022,1,0.3386,1,1,TP
주식회사하나리조트,6748602142,2021,0,0.004,0,1,TN
주식회사하나리조트,6748602142,2022,0,0.0013,0,1,TN
주식회사하나리조트,6748602142,2023,1,0.0004,0,0,FN
주식회사성지,6858701228,2021,0,0.0038,0,1,TN
주식회사성지,6858701228,2022,0,0.0024,0,1,TN
주식회사성지,6858701228,2023,0,0.0026,0,1,TN
주식회사성지,6858701228,2024,1,0.0006,0,0,FN
주식회사록,6958800408,2016,0,0.0004,0,1,TN
주식회사록,6958800408,2017,0,0.0763,1,0,FP
주식회사록,6958800408,2018,0,0.0006,0,1,TN
주식회사록,6958800408,2019,0,0.0009,0,1,TN
주식회사록,6958800408,2020,0,0.0035,0,1,TN
주식회사록,6958800408,2021,0,0.0006,0,1,TN
주식회사록,6958800408,2022,0,0.0009,0,1,TN
주식회사록,6958800408,2023,0,0.0105,1,0,FP
주식회사록,6958800408,2024,0,0.0927,1,0,FP
(주)나인포인트,7078601439,2019,0,0.0036,0,1,TN
(주)나인포인트,7078601439,2020,0,0.2203,1,0,FP
(주)나인포인트,7078601439,2021,1,0.9824,1,1,TP
에스비레져주식회사,7108700597,2019,0,0.0006,0,1,TN
에스비레져주식회사,7108700597,2020,0,0.012,1,0,FP
에스비레져주식회사,7108700597,2021,0,0.0009,0,1,TN
에스비레져주식회사,7108700597,2022,0,0.0004,0,1,TN
에스비레져주식회사,7108700597,2023,0,0.0003,0,1,TN
에스비레져주식회사,7108700597,2024,0,0.0011,0,1,TN
(주)쥬쥬랜드,7228701696,2021,0,0.002,0,1,TN
(주)쥬쥬랜드,7228701696,2022,0,0.3934,1,0,FP
(주)쥬쥬랜드,7228701696,2023,0,0.1078,1,0,FP
(주)쥬쥬랜드,7228701696,2024,0,0.679,1,0,FP
주식회사에스앤가든,7238700711,2020,0,0.0033,0,1,TN
주식회사에스앤가든,7238700711,2021,0,0.0054,0,1,TN
주식회사에스앤가든,7238700711,2022,0,0.0021,0,1,TN
주식회사에스앤가든,7238700711,2023,0,0.0006,0,1,TN
주식회사에스앤가든,7238700711,2024,0,0.0013,0,1,TN
(주)영종오렌지,7258601081,2020,0,0.0036,0,1,TN
(주)영종오렌지,7258601081,2021,0,0.0141,1,0,FP
(주)영종오렌지,7258601081,2022,0,0.0009,0,1,TN
(주)영종오렌지,7258601081,2023,0,0.0003,0,1,TN
(주)영종오렌지,7258601081,2024,0,0.0008,0,1,TN
(주)하이빌,7268701121,2021,0,0.0012,0,1,TN
(주)하이빌,7268701121,2022,0,0.0009,0,1,TN
(주)하이빌,7268701121,2023,0,0.0006,0,1,TN
(주)하이빌,7268701121,2024,1,0.0004,0,0,FN
현대서부서비스(주),7338800637,2017,0,0.0095,0,1,TN
현대서부서비스(주),7338800637,2018,0,0.1633,1,0,FP
현대서부서비스(주),7338800637,2019,0,0.0115,1,0,FP
현대서부서비스(주),7338800637,2022,0,0.0066,0,1,TN
현대서부서비스(주),7338800637,2023,0,0.0042,0,1,TN
현대서부서비스(주),7338800637,2024,0,0.0092,0,1,TN
주식회사화현관광개발,7368701695,2020,0,0.0026,0,1,TN
주식회사화현관광개발,7368701695,2021,0,0.0529,1,0,FP
주식회사화현관광개발,7368701695,2022,0,0.0019,0,1,TN
주식회사화현관광개발,7368701695,2024,0,0.002,0,1,TN
디아이개발(주),7438100329,2016,0,0.0018,0,1,TN
디아이개발(주),7438100329,2017,0,0.0412,1,0,FP
디아이개발(주),7438100329,2018,1,0.9784,1,1,TP
플라이스테이션코리아주식회사,7448600287,2018,0,0.0095,0,1,TN
플라이스테이션코리아주식회사,7448600287,2019,0,0.2439,1,0,FP
플라이스테이션코리아주식회사,7448600287,2020,1,0.9436,1,1,TP
주식회사제드,7478801009,2018,0,0.0042,0,1,TN
주식회사제드,7478801009,2019,0,0.0199,1,0,FP
주식회사제드,7478801009,2020,0,0.0734,1,0,FP
주식회사제드,7478801009,2021,1,0.9649,1,1,TP
죽향산업주식회사,7498801233,2019,0,0.0037,0,1,TN
죽향산업주식회사,7498801233,2020,0,0.006,0,1,TN
죽향산업주식회사,7498801233,2021,0,0.0026,0,1,TN
죽향산업주식회사,7498801233,2022,0,0.0014,0,1,TN
죽향산업주식회사,7498801233,2023,0,0.0467,1,0,FP
죽향산업주식회사,7498801233,2024,0,0.1862,1,0,FP
한화넥스트(주),7498802488,2022,0,0.0002,0,1,TN
한화넥스트(주),7498802488,2023,0,0.0042,0,1,TN
한화넥스트(주),7498802488,2024,1,0.0033,0,0,FN
아이엔디앤씨,7638802034,2021,0,0.0012,0,1,TN
아이엔디앤씨,7638802034,2022,0,0.0043,0,1,TN
아이엔디앤씨,7638802034,2023,1,0.0012,0,0,FN
주식회사에이치티개발,7698600383,2016,0,0.0019,0,1,TN
주식회사에이치티개발,7698600383,2017,0,0.0706,1,0,FP
주식회사에이치티개발,7698600383,2018,1,0.9667,1,1,TP
주식회사지오그룹,7778800428,2020,0,0.0032,0,1,TN
주식회사지오그룹,7778800428,2021,0,0.0082,0,1,TN
주식회사지오그룹,7778800428,2022,0,0.0809,1,0,FP
(주)갤럭시코퍼레이션,7818601607,2020,0,0.0021,0,1,TN
(주)갤럭시코퍼레이션,7818601607,2021,0,0.0437,1,0,FP
(주)갤럭시코퍼레이션,7818601607,2022,0,0.0398,1,0,FP
(주)갤럭시코퍼레이션,7818601607,2023,0,0.0536,1,0,FP
(주)갤럭시코퍼레이션,7818601607,2024,0,0.075,1,0,FP
주식회사서정아트센터,7878100182,2021,0,0.0028,0,1,TN
주식회사서정아트센터,7878100182,2022,0,0.0031,0,1,TN
주식회사서정아트센터,7878100182,2023,0,0.0009,0,1,TN
주식회사자마이카휘트니스,7928600156,2021,0,0.0007,0,1,TN
주식회사자마이카휘트니스,7928600156,2022,0,0.0542,1,0,FP
주식회사자마이카휘트니스,7928600156,2024,0,0.0148,1,0,FP
레인보우(주),7978701900,2021,0,0.0016,0,1,TN
레인보우(주),7978701900,2022,0,0.0292,1,0,FP
레인보우(주),7978701900,2023,0,0.0125,1,0,FP
레인보우(주),7978701900,2024,0,0.3791,1,0,FP
(주)더존비앤씨티,8138102650,2022,0,0.0003,0,1,TN
(주)더존비앤씨티,8138102650,2023,0,0.7404,1,0,FP
(주)더존비앤씨티,8138102650,2024,1,0.7595,1,1,TP
(주)평화누리,8138801058,2018,0,0.0006,0,1,TN
(주)평화누리,8138801058,2019,0,0.0097,0,1,TN
(주)평화누리,8138801058,2020,0,0.0153,1,0,FP
(주)평화누리,8138801058,2021,0,0.0037,0,1,TN
(주)평화누리,8138801058,2022,0,0.0008,0,1,TN
(주)평화누리,8138801058,2023,0,0.0006,0,1,TN
(주)평화누리,8138801058,2024,0,0.0015,0,1,TN
주식회사샹그릴라자산관리,8138802023,2021,0,0.0021,0,1,TN
주식회사샹그릴라자산관리,8138802023,2022,0,0.0013,0,1,TN
주식회사샹그릴라자산관리,8138802023,2023,0,0.0024,0,1,TN
주식회사샹그릴라자산관리,8138802023,2024,0,0.0006,0,1,TN
주식회사대창기업,8148100577,2018,0,0.0062,0,1,TN
주식회사대창기업,8148100577,2019,0,0.3752,1,0,FP
주식회사대창기업,8148100577,2020,0,0.0161,1,0,FP
주식회사대창기업,8148100577,2021,0,0.0027,0,1,TN
주식회사대창기업,8148100577,2022,0,0.0495,1,0,FP
주식회사대창기업,8148100577,2023,0,0.0188,1,0,FP
주식회사대창기업,8148100577,2024,0,0.0611,1,0,FP
(주)우신오토파트너스,8268702129,2022,0,1e-04,0,1,TN
(주)우신오토파트너스,8268702129,2023,0,0.0002,0,1,TN
(주)우신오토파트너스,8268702129,2024,0,0.0007,0,1,TN
(주)피나클랜드농업회사법인,8298602174,2021,0,0.001,0,1,TN
(주)피나클랜드농업회사법인,8298602174,2022,0,0.1159,1,0,FP
(주)피나클랜드농업회사법인,8298602174,2023,0,0.0029,0,1,TN
(주)피나클랜드농업회사법인,8298602174,2024,0,0.0116,1,0,FP
스파마린주식회사,8358800118,2015,0,0.0038,0,1,TN
스파마린주식회사,8358800118,2016,0,0.0715,1,0,FP
스파마린주식회사,8358800118,2017,0,0.0323,1,0,FP
스파마린주식회사,8358800118,2018,0,0.4974,1,0,FP
스파마린주식회사,8358800118,2019,0,0.3563,1,0,FP
주식회사민탑,8478601950,2021,0,0.0024,0,1,TN
주식회사민탑,8478601950,2022,0,0.04,1,0,FP
주식회사민탑,8478601950,2023,1,0.0374,1,1,TP
(주)천일산업개발,8488600255,2021,0,0.0036,0,1,TN
(주)천일산업개발,8488600255,2022,0,0.1332,1,0,FP
(주)천일산업개발,8488600255,2023,0,0.238,1,0,FP
(주)천일산업개발,8488600255,2024,0,0.3517,1,0,FP
아시아드파크주식회사,8498600812,2018,0,0.0044,0,1,TN
아시아드파크주식회사,8498600812,2019,0,0.0541,1,0,FP
아시아드파크주식회사,8498600812,2020,1,0.9114,1,1,TP
주식회사한강골프랜드,8508101081,2018,0,0.0026,0,1,TN
주식회사한강골프랜드,8508101081,2019,0,0.013,1,0,FP
주식회사한강골프랜드,8508101081,2020,0,0.0013,0,1,TN
주식회사한강골프랜드,8508101081,2021,0,0.0002,0,1,TN
주식회사한강골프랜드,8508101081,2022,0,1e-04,0,1,TN
주식회사한강골프랜드,8508101081,2023,0,0.0004,0,1,TN
주식회사한강골프랜드,8508101081,2024,0,0.0041,0,1,TN
주식회사워시스왓,8658800031,2020,0,0.0019,0,1,TN
주식회사워시스왓,8658800031,2021,0,0.0252,1,0,FP
주식회사워시스왓,8658800031,2022,1,0.0096,0,0,FN
주식회사동행복권,8668700833,2019,0,0.0011,0,1,TN
주식회사동행복권,8668700833,2020,0,0.0017,0,1,TN
주식회사동행복권,8668700833,2021,0,0.0035,0,1,TN
주식회사동행복권,8668700833,2022,0,0.0024,0,1,TN
주식회사동행복권,8668700833,2023,0,0.0043,0,1,TN
주식회사동행복권,8668700833,2024,0,0.0205,1,0,FP
주식회사파인비치,8718701469,2019,0,0.0025,0,1,TN
주식회사파인비치,8718701469,2020,0,0.0065,0,1,TN
주식회사파인비치,8718701469,2021,0,0.0007,0,1,TN
주식회사파인비치,8718701469,2022,0,0.0008,0,1,TN
주식회사파인비치,8718701469,2023,0,0.0028,0,1,TN
주식회사파인비치,8718701469,2024,0,0.0193,1,0,FP
주식회사지씨에이치피,8758800663,2017,0,0.0048,0,1,TN
주식회사지씨에이치피,8758800663,2018,0,0.06,1,0,FP
주식회사지씨에이치피,8758800663,2019,1,0.9772,1,1,TP
(주)디케이레저,8808602164,2021,0,0.0024,0,1,TN
(주)디케이레저,8808602164,2022,0,0.0171,1,0,FP
(주)디케이레저,8808602164,2023,1,0.0147,1,1,TP
주식회사대영온천,8808800331,2016,0,0.003,0,1,TN
주식회사대영온천,8808800331,2017,0,0.0088,0,1,TN
주식회사대영온천,8808800331,2018,0,0.0012,0,1,TN
주식회사대영온천,8808800331,2019,0,0.0044,0,1,TN
주식회사대영온천,8808800331,2020,0,0.0939,1,0,FP
주식회사대영온천,8808800331,2021,0,0.1131,1,0,FP
주식회사대영온천,8808800331,2022,0,0.0011,0,1,TN
주식회사대영온천,8808800331,2023,0,0.0005,0,1,TN
주식회사대영온천,8808800331,2024,0,0.0004,0,1,TN
새방,8828702250,2022,0,1e-04,0,1,TN
새방,8828702250,2023,0,0.1646,1,0,FP
새방,8828702250,2024,0,0.4437,1,0,FP
주식회사한반도레저,8868701364,2020,0,0.0025,0,1,TN
주식회사한반도레저,8868701364,2021,0,0.0492,1,0,FP
주식회사한반도레저,8868701364,2022,1,0.0004,0,0,FN
(주)류마,8908600673,2016,0,0.0024,0,1,TN
(주)류마,8908600673,2017,0,0.0192,1,0,FP
(주)류마,8908600673,2018,1,0.9785,1,1,TP
주식회사유니골프앤리조트,8968701852,2021,0,0.0014,0,1,TN
주식회사유니골프앤리조트,8968701852,2022,0,0.0073,0,1,TN
주식회사유니골프앤리조트,8968701852,2023,1,0.0995,1,1,TP
