연도,컬럼,fallback,q_lo_final,q_hi_final
2012,부채비율,연도×라벨,6.6019,7426.9007
2012,총부채비율,연도×라벨,6.177,137.5929
2012,장기부채비율,연도×라벨,0.0,1605.5411
2012,장기부채의존도,연도×라벨,0.0,90.6703
2012,차입금의존도,연도×라벨,0.0,97.0157
2012,순차입금비율,연도×라벨,-33.3061,3597.5886
2012,금융부채비율,연도×라벨,0.0,3654.7738
2012,자기자본비율,연도×라벨,-37.5929,93.8254
2012,유보율,연도×라벨,-1593.5224,9268.1171
2012,자본잠식률,연도×라벨,-13111.0185,1127.46
2012,유동비율,연도×라벨,5.4667,709.1191
2012,당좌비율_추정,연도×라벨,2.9025,698.9129
2012,현금비율,연도×라벨,0.0171,120.8757
2012,순운전자본비율,연도×라벨,-77.7391,73.3317
2012,순운전자본회전율,연도×라벨,0.0191,153.9834
2012,금융비용부담률,연도×라벨,0.0319,32.8105
2012,비유동비율,연도×라벨,20.805,2704.993
2012,비유동장기적합률,연도×라벨,13.6763,732.4102
2012,유형자산비율,연도×라벨,0.0,93.9347
2012,유형자산부채비율,연도×라벨,0.0,212.6128
2012,ROA,연도×라벨,-50.0063,17.7539
2012,ROE,연도×라벨,-166.9464,53.1333
2012,ROIC,연도×라벨,-60.841,5.0154
2012,총자본영업이익률,연도×라벨,-30.0694,3.9347
2012,매출총이익률,연도×라벨,-1.4895,100.0
2012,영업이익률,연도×라벨,-69.98,50.4529
2012,순이익률,연도×라벨,-150.2573,52.6834
2012,EBITDA마진,연도×라벨,-60.3723,59.3483
2012,영업현금흐름비율,연도×라벨,-81.2786,91.9068
2012,현금ROA,연도×라벨,-33.7463,41.8423
2012,현금ROE,연도×라벨,-262.6588,402.8562
2012,매출원가율,연도×라벨,0.0,101.4895
2012,판관비율,연도×라벨,2.1114,122.4868
2012,감가상각비율,연도×라벨,0.0,22.6887
2012,총자산회전율,연도×라벨,0.0081,6.8858
2012,유동자산회전율,연도×라벨,0.0202,17.3359
2012,비유동자산회전율,연도×라벨,0.0146,142.8125
2012,유형자산회전율,연도×라벨,0.0687,4709.4408
2012,자기자본회전율,연도×라벨,0.0086,100.0508
2012,투하자본회전율,연도×라벨,0.007,14.1
2012,매출채권회전율,연도×라벨,1.0059,443.5725
2012,매출채권회수기간,연도×라벨,1.0985,361.0501
2012,재고자산회전율,연도×라벨,0.6721,1127.4938
2012,재고자산보유기간,연도×라벨,0.6193,465.9066
2012,매입채무회전율,연도×라벨,0.1357,1259.2621
2012,매입채무지급기간,연도×라벨,0.3475,732.7401
2012,현금전환주기_CCC,연도×라벨,-197.8353,518.5963
2012,영업CF_유동부채,연도×라벨,-98.3273,82.6576
2012,영업CF_총부채,연도×라벨,-70.6074,33.8418
2012,FCF_총자산,연도×라벨,-57.0376,53.8496
2012,매출액증가율,연도×라벨,-73.6223,277.7005
2012,영업이익증가율,연도×라벨,-205.9902,346.5865
2012,순이익증가율,연도×라벨,-567.2229,296.3979
2012,EBITDA증가율,연도×라벨,-161.7809,259.3641
2012,총자산증가율,연도×라벨,-60.3026,86.593
2012,유형자산증가율,연도×라벨,-91.4984,415.4667
2012,자기자본증가율,연도×라벨,-80.8048,164.4299
2012,부채증가율,연도×라벨,-71.1042,139.046
2012,영업현금흐름증가율,연도×라벨,-529.7457,1033.9191
2012,FCF증가율,연도×라벨,-1206.9784,1613.9057
2012,ROA변화,연도×라벨,-35.9823,24.2304
2012,영업이익률변화,연도×라벨,-40.9724,34.104
2012,부채비율변화,연도×라벨,-1132.269,1501.1209
2012,유동비율변화,연도×라벨,-586.4161,218.128
2012,부채비율_diff,연도×라벨,-186.8656,7233.4332
2012,부채비율_ratio,연도×라벨,0.0341,38.3884
2012,총부채비율_diff,연도×라벨,-55.1943,76.2216
2012,총부채비율_ratio,연도×라벨,0.1006,2.242
2012,장기부채비율_diff,연도×라벨,-64.0587,1541.4824
2012,장기부채비율_ratio,연도×라벨,0.0,25.0636
2012,장기부채의존도_diff,연도×라벨,-22.4858,68.1845
2012,장기부채의존도_ratio,연도×라벨,0.0,4.0323
2012,차입금의존도_diff,연도×라벨,-31.9164,65.0993
2012,차입금의존도_ratio,연도×라벨,0.0,3.0397
2012,순차입금비율_diff,연도×라벨,-119.3885,3511.5061
2012,순차입금비율_ratio,연도×라벨,-0.3869,41.7924
2012,금융부채비율_diff,연도×라벨,-101.3842,3553.3896
2012,금융부채비율_ratio,연도×라벨,0.0,36.0488
2012,자기자본비율_diff,연도×라벨,-76.2216,55.1966
2012,자기자본비율_ratio,연도×라벨,-0.9732,2.4289
2012,유보율_diff,연도×라벨,-5886.7317,4974.9078
2012,유보율_ratio,연도×라벨,-0.3712,2.1588
2012,자본잠식률_diff,연도×라벨,-6334.0887,7904.3897
2012,자본잠식률_ratio,연도×라벨,-0.1664,1.9347
2012,유동비율_diff,연도×라벨,-78.5775,625.0748
2012,유동비율_ratio,연도×라벨,0.065,8.4374
2012,당좌비율_추정_diff,연도×라벨,-64.7297,631.2807
2012,당좌비율_추정_ratio,연도×라벨,0.0429,10.334
2012,현금비율_diff,연도×라벨,-9.116,111.7427
2012,현금비율_ratio,연도×라벨,0.0019,13.235
2012,순운전자본비율_diff,연도×라벨,-74.1751,76.8956
2012,순운전자본비율_ratio,연도×라벨,-20.5761,21.8127
2012,순운전자본회전율_diff,연도×라벨,-12.0954,141.8689
2012,순운전자본회전율_ratio,연도×라벨,0.0016,12.7107
2012,금융비용부담률_diff,연도×라벨,-1.4037,31.3749
2012,금융비용부담률_ratio,연도×라벨,0.0222,22.8553
2012,비유동비율_diff,연도×라벨,-149.9115,2534.2766
2012,비유동비율_ratio,연도×라벨,0.1219,15.8449
2012,비유동장기적합률_diff,연도×라벨,-88.6489,630.085
2012,비유동장기적합률_ratio,연도×라벨,0.1337,7.1577
2012,유형자산비율_diff,연도×라벨,-37.1928,56.7419
2012,유형자산비율_ratio,연도×라벨,0.0,2.5256
2012,유형자산부채비율_diff,연도×라벨,-68.9168,143.696
2012,유형자산부채비율_ratio,연도×라벨,0.0,3.0851
2012,ROA_diff,연도×라벨,-51.5837,16.1765
2012,ROA_ratio,연도×라벨,-31.7016,11.2551
2012,ROE_diff,연도×라벨,-170.1426,49.9371
2012,ROE_ratio,연도×라벨,-52.2328,16.6239
2012,ROIC_diff,연도×라벨,-63.2941,2.5623
2012,ROIC_ratio,연도×라벨,-24.8014,2.0445
2012,총자본영업이익률_diff,연도×라벨,-33.176,0.8281
2012,총자본영업이익률_ratio,연도×라벨,-9.6791,1.2666
2012,매출총이익률_diff,연도×라벨,-34.0005,67.489
2012,매출총이익률_ratio,연도×라벨,-0.0458,3.0759
2012,영업이익률_diff,연도×라벨,-76.8497,43.5832
2012,영업이익률_ratio,연도×라벨,-10.1868,7.3443
2012,순이익률_diff,연도×라벨,-154.9704,47.9703
2012,순이익률_ratio,연도×라벨,-31.8807,11.1781
2012,EBITDA마진_diff,연도×라벨,-70.1583,49.5624
2012,EBITDA마진_ratio,연도×라벨,-6.1693,6.0646
2012,영업현금흐름비율_diff,연도×라벨,-87.588,85.5974
2012,영업현금흐름비율_ratio,연도×라벨,-12.882,14.5665
2012,현금ROA_diff,연도×라벨,-37.261,38.3277
2012,현금ROA_ratio,연도×라벨,-9.6016,11.9051
2012,현금ROE_diff,연도×라벨,-271.8593,393.6557
2012,현금ROE_ratio,연도×라벨,-28.5482,43.7862
2012,매출원가율_diff,연도×라벨,-67.489,34.0005
2012,매출원가율_ratio,연도×라벨,0.0,1.5038
2012,판관비율_diff,연도×라벨,-23.5299,96.8455
2012,판관비율_ratio,연도×라벨,0.0823,4.7769
2012,감가상각비율_diff,연도×라벨,-2.9163,19.7724
2012,감가상각비율_ratio,연도×라벨,0.0,7.7801
2012,총자산회전율_diff,연도×라벨,-0.9937,5.8841
2012,총자산회전율_ratio,연도×라벨,0.0081,6.8735
2012,유동자산회전율_diff,연도×라벨,-3.7952,13.5206
2012,유동자산회전율_ratio,연도×라벨,0.0053,4.5437
2012,비유동자산회전율_diff,연도×라벨,-1.848,140.9498
2012,비유동자산회전율_ratio,연도×라벨,0.0079,76.6722
2012,유형자산회전율_diff,연도×라벨,-6.0467,4703.3254
2012,유형자산회전율_ratio,연도×라벨,0.0112,770.0973
2012,자기자본회전율_diff,연도×라벨,-3.2167,96.8255
2012,자기자본회전율_ratio,연도×라벨,0.0027,31.0207
2012,투하자본회전율_diff,연도×라벨,-1.5757,12.5172
2012,투하자본회전율_ratio,연도×라벨,0.0045,8.9083
2012,매출채권회전율_diff,연도×라벨,-12.5029,430.0637
2012,매출채권회전율_ratio,연도×라벨,0.0745,32.8357
2012,매출채권회수기간_diff,연도×라벨,-107.9958,251.9557
2012,매출채권회수기간_ratio,연도×라벨,0.0101,3.3095
2012,재고자산회전율_diff,연도×라벨,-15.2574,1111.5644
2012,재고자산회전율_ratio,연도×라벨,0.0422,70.7804
2012,재고자산보유기간_diff,연도×라벨,-49.4507,415.8367
2012,재고자산보유기간_ratio,연도×라벨,0.0124,9.3051
2012,매입채무회전율_diff,연도×라벨,-5.6507,1253.4756
2012,매입채무회전율_ratio,연도×라벨,0.0235,217.6215
2012,매입채무지급기간_diff,연도×라벨,-336.1931,396.1995
2012,매입채무지급기간_ratio,연도×라벨,0.001,2.1773
2012,현금전환주기_CCC_diff,연도×라벨,-20.459,695.9726
2012,현금전환주기_CCC_ratio,연도×라벨,-2.9237,1.1153
2012,영업CF_유동부채_diff,연도×라벨,-109.2964,71.6885
2012,영업CF_유동부채_ratio,연도×라벨,-8.964,7.5355
2012,영업CF_총부채_diff,연도×라벨,-77.1329,27.3163
2012,영업CF_총부채_ratio,연도×라벨,-10.8202,5.1861
2012,FCF_총자산_diff,연도×라벨,-53.2256,57.6616
2012,FCF_총자산_ratio,연도×라벨,-14.1266,14.9629
2012,매출액증가율_diff,연도×라벨,-83.4427,267.88
2012,매출액증가율_ratio,연도×라벨,-7.4968,28.2777
2012,영업이익증가율_diff,연도×라벨,-196.6494,355.9273
2012,영업이익증가율_ratio,연도×라벨,-37.1045,22.0527
2012,순이익증가율_diff,연도×라벨,-543.4496,320.1712
2012,순이익증가율_ratio,연도×라벨,-12.4677,23.8597
2012,EBITDA증가율_diff,연도×라벨,-159.5228,261.6223
2012,EBITDA증가율_ratio,연도×라벨,-114.8558,71.6425
2012,총자산증가율_diff,연도×라벨,-72.3175,74.5781
2012,총자산증가율_ratio,연도×라벨,-5.019,7.2072
2012,유형자산증가율_diff,연도×라벨,-115.0196,391.9455
2012,유형자산증가율_ratio,연도×라벨,-3.89,17.6635
2012,자기자본증가율_diff,연도×라벨,-89.5613,155.6733
2012,자기자본증가율_ratio,연도×라벨,-9.2279,18.7779
2012,부채증가율_diff,연도×라벨,-89.1391,121.0112
2012,부채증가율_ratio,연도×라벨,-3.9426,7.7098
2012,영업현금흐름증가율_diff,연도×라벨,-555.4447,1008.2201
2012,영업현금흐름증가율_ratio,연도×라벨,-20.6134,40.2318
2012,FCF증가율_diff,연도×라벨,-1146.3584,1674.5258
2012,FCF증가율_ratio,연도×라벨,-26.6233,19.9105
2012,ROA변화_diff,연도×라벨,-30.4647,29.748
2012,ROA변화_ratio,연도×라벨,-4.3915,6.5214
2012,영업이익률변화_diff,연도×라벨,-37.8498,37.2266
2012,영업이익률변화_ratio,연도×라벨,-10.9216,13.1212
2012,부채비율변화_diff,연도×라벨,-1132.4265,1500.9634
2012,부채비율변화_ratio,연도×라벨,-7190.7123,9533.1834
2012,유동비율변화_diff,연도×라벨,-578.3452,226.1989
2012,유동비율변화_ratio,연도×라벨,-27.0265,72.6581
2012,업력_diff,연도×라벨,-29.3,21.99
2012,업력_ratio,연도×라벨,0.3233,1.5079
2012,매출액영업이익률_diff_industry,연도×라벨,-72.71,47.7229
2012,매출액영업이익률_ratio_industry,연도×라벨,-25.6337,18.4809
2012,EBIT대매출액_diff_industry,연도×라벨,-73.34,47.0929
2012,EBIT대매출액_ratio_industry,연도×라벨,-20.8274,15.0158
2012,EBITDA대매출액_diff_industry,연도×라벨,-64.5123,55.2083
2012,EBITDA대매출액_ratio_industry,연도×라벨,-14.5827,14.3353
2012,매출원가대매출액_diff_industry,연도×라벨,-82.92,18.5695
2012,매출원가대매출액_ratio_industry,연도×라벨,0.0,1.2239
2012,매출액순이익률_diff_industry,연도×라벨,-152.2373,50.7034
2012,매출액순이익률_ratio_industry,연도×라벨,-75.8875,26.6078
2012,사내유보율_diff_industry,연도×라벨,-1689.4024,9172.2371
2012,사내유보율_ratio_industry,연도×라벨,-16.62,96.6637
2012,금융비용대매출액_diff_industry,연도×라벨,-0.6881,32.0905
2012,금융비용대매출액_ratio_industry,연도×라벨,0.0443,45.5701
2012,자기자본비율_diff_industry,연도×라벨,-74.9029,56.5154
2012,자기자본비율_ratio_industry,연도×라벨,-1.0076,2.5148
2012,부채비율_diff_industry,연도×라벨,-161.3981,7258.9007
2012,부채비율_ratio_industry,연도×라벨,0.0393,44.2077
2012,유동비율_diff_industry,연도×라벨,-115.3533,588.2991
2012,유동비율_ratio_industry,연도×라벨,0.0452,5.8692
2012,당좌비율_diff_industry,연도×라벨,-87.8575,608.1529
2012,당좌비율_ratio_industry,연도×라벨,0.032,7.7007
2012,현금비율_diff_industry,연도×라벨,-15.1829,105.6757
2012,현금비율_ratio_industry,연도×라벨,0.0011,7.9524
2012,순운전자본대총자본_diff_industry,연도×라벨,-86.6191,64.4517
2012,순운전자본대총자본_ratio_industry,연도×라벨,-8.7544,8.2581
2012,비유동비율_diff_industry,연도×라벨,-109.045,2575.143
2012,비유동비율_ratio_industry,연도×라벨,0.1602,20.8317
2012,비유동장기적합률_diff_industry,연도×라벨,-70.8237,647.9102
2012,비유동장기적합률_ratio_industry,연도×라벨,0.1618,8.6676
2012,차입금의존도_diff_industry,연도×라벨,-28.94,68.0757
2012,차입금의존도_ratio_industry,연도×라벨,0.0,3.3523
2012,총자산회전율_diff_industry,연도×라벨,-1.7919,5.0858
2012,총자산회전율_ratio_industry,연도×라벨,0.0045,3.8255
2012,자기자본회전율_diff_industry,연도×라벨,-4.9014,95.1408
2012,자기자본회전율_ratio_industry,연도×라벨,0.0018,20.377
2012,비유동자산회전율_diff_industry,연도×라벨,-3.7454,139.0525
2012,비유동자산회전율_ratio_industry,연도×라벨,0.0039,37.982
2012,유형자산회전율_diff_industry,연도×라벨,-7.4813,4701.8908
2012,유형자산회전율_ratio_industry,연도×라벨,0.0091,623.767
2012,재고자산회전율_diff_industry,연도×라벨,-13.4979,1113.3238
2012,재고자산회전율_ratio_industry,연도×라벨,0.0474,79.5691
2012,매출채권회전율_diff_industry,연도×라벨,-7.7641,434.8025
2012,매출채권회전율_ratio_industry,연도×라벨,0.1147,50.5784
2012,매입채무회전율_diff_industry,연도×라벨,-11.1243,1248.0021
2012,매입채무회전율_ratio_industry,연도×라벨,0.0121,111.835
2012,총자산증가율_diff_industry,연도×라벨,-68.1226,78.773
2012,총자산증가율_ratio_industry,연도×라벨,-7.7113,11.0733
2012,유형자산증가율_diff_industry,연도×라벨,-100.4884,406.4767
2012,유형자산증가율_ratio_industry,연도×라벨,-10.1778,46.2143
2012,자기자본증가율_diff_industry,연도×라벨,-92.4848,152.7499
2012,자기자본증가율_ratio_industry,연도×라벨,-6.9182,14.0779
2012,매출액증가율_diff_industry,연도×라벨,-77.9223,273.4005
2012,매출액증가율_ratio_industry,연도×라벨,-17.1215,64.5815
2013,부채비율,연도×라벨,19.1786,7419.2428
2013,총부채비율,연도×라벨,15.9147,128.7268
2013,장기부채비율,연도×라벨,0.0,1961.9864
2013,장기부채의존도,연도×라벨,0.0,86.4015
2013,차입금의존도,연도×라벨,0.0,98.4124
2013,순차입금비율,연도×라벨,-5.6508,4590.3616
2013,금융부채비율,연도×라벨,0.0,4676.4105
2013,자기자본비율,연도×라벨,-28.7268,84.0901
2013,유보율,연도×라벨,-1092.112,17457.05
2013,자본잠식률,연도×라벨,-17478.9,1060.8189
2013,유동비율,연도×라벨,5.9979,1546.7119
2013,당좌비율_추정,연도×라벨,3.9884,938.3137
2013,현금비율,연도×라벨,0.0115,58.5597
2013,순운전자본비율,연도×라벨,-76.0748,73.2519
2013,순운전자본회전율,연도×라벨,0.1146,259.8473
2013,금융비용부담률,연도×라벨,0.021,31.2239
2013,비유동비율,연도×라벨,7.0588,3484.2629
2013,비유동장기적합률,연도×라벨,5.9614,586.6442
2013,유형자산비율,연도×라벨,0.0,94.0565
2013,유형자산부채비율,연도×라벨,0.0,292.1291
2013,ROA,연도×라벨,-35.6641,12.0357
2013,ROE,연도×라벨,-183.9785,69.909
2013,ROIC,연도×라벨,-56.5571,7.0991
2013,총자본영업이익률,연도×라벨,-29.0004,5.269
2013,매출총이익률,연도×라벨,0.4322,100.0
2013,영업이익률,연도×라벨,-110.8033,25.9588
2013,순이익률,연도×라벨,-97.6327,57.5749
2013,EBITDA마진,연도×라벨,-86.7844,47.5938
2013,영업현금흐름비율,연도×라벨,-98.946,71.2561
2013,현금ROA,연도×라벨,-29.7168,42.6088
2013,현금ROE,연도×라벨,-239.1865,276.6778
2013,매출원가율,연도×라벨,0.0,99.5678
2013,판관비율,연도×라벨,1.1017,174.745
2013,감가상각비율,연도×라벨,0.0,27.8764
2013,총자산회전율,연도×라벨,0.0079,6.3009
2013,유동자산회전율,연도×라벨,0.0202,15.9973
2013,비유동자산회전율,연도×라벨,0.0136,319.2089
2013,유형자산회전율,연도×라벨,0.0626,3938.1181
2013,자기자본회전율,연도×라벨,0.0218,87.8512
2013,투하자본회전율,연도×라벨,0.0099,52.6656
2013,매출채권회전율,연도×라벨,0.8209,254.6105
2013,매출채권회수기간,연도×라벨,1.4477,476.3629
2013,재고자산회전율,연도×라벨,0.4139,234.5425
2013,재고자산보유기간,연도×라벨,1.6395,510.9173
2013,매입채무회전율,연도×라벨,0.0945,1000.4482
2013,매입채무지급기간,연도×라벨,0.4151,830.1424
2013,현금전환주기_CCC,연도×라벨,-178.7514,504.6627
2013,영업CF_유동부채,연도×라벨,-92.429,96.124
2013,영업CF_총부채,연도×라벨,-66.9453,42.9821
2013,FCF_총자산,연도×라벨,-48.0389,45.0846
2013,매출액증가율,연도×라벨,-81.7931,190.4649
2013,영업이익증가율,연도×라벨,-258.5344,310.581
2013,순이익증가율,연도×라벨,-373.8912,264.7385
2013,EBITDA증가율,연도×라벨,-155.4082,537.57
2013,총자산증가율,연도×라벨,-49.0983,100.4542
2013,유형자산증가율,연도×라벨,-91.0886,118.5356
2013,자기자본증가율,연도×라벨,-81.8454,203.4044
2013,부채증가율,연도×라벨,-70.1409,170.2031
2013,영업현금흐름증가율,연도×라벨,-255.7524,471.4562
2013,FCF증가율,연도×라벨,-249.9621,822.8124
2013,ROA변화,연도×라벨,-31.6054,29.5627
2013,영업이익률변화,연도×라벨,-71.9528,23.8159
2013,부채비율변화,연도×라벨,-1709.7492,1308.8163
2013,유동비율변화,연도×라벨,-551.1353,1226.2469
2013,부채비율_diff,연도×라벨,-176.8064,7223.2577
2013,부채비율_ratio,연도×라벨,0.0979,37.8562
2013,총부채비율_diff,연도×라벨,-45.9122,66.8999
2013,총부채비율_ratio,연도×라벨,0.2574,2.0821
2013,장기부채비율_diff,연도×라벨,-65.2921,1896.6943
2013,장기부채비율_ratio,연도×라벨,0.0,30.0494
2013,장기부채의존도_diff,연도×라벨,-22.4685,63.933
2013,장기부채의존도_ratio,연도×라벨,0.0,3.8455
2013,차입금의존도_diff,연도×라벨,-31.1295,67.2829
2013,차입금의존도_ratio,연도×라벨,0.0,3.1614
2013,순차입금비율_diff,연도×라벨,-88.5955,4507.4169
2013,순차입금비율_ratio,연도×라벨,-0.0681,55.3424
2013,금융부채비율_diff,연도×라벨,-98.4057,4578.0049
2013,금융부채비율_ratio,연도×라벨,0.0,47.5218
2013,자기자본비율_diff,연도×라벨,-66.8999,45.9169
2013,자기자본비율_ratio,연도×라벨,-0.7525,2.2029
2013,유보율_diff,연도×라벨,-5555.9417,12993.2203
2013,유보율_ratio,연도×라벨,-0.2447,3.9108
2013,자본잠식률_diff,연도×라벨,-10380.3948,8159.3241
2013,자본잠식률_ratio,연도×라벨,-0.1494,2.4623
2013,유동비율_diff,연도×라벨,-99.6238,1441.0901
2013,유동비율_ratio,연도×라벨,0.0568,14.6439
2013,당좌비율_추정_diff,연도×라벨,-81.4128,852.9125
2013,당좌비율_추정_ratio,연도×라벨,0.0467,10.9871
2013,현금비율_diff,연도×라벨,-10.7928,47.7554
2013,현금비율_ratio,연도×라벨,0.0011,5.42
2013,순운전자본비율_diff,연도×라벨,-78.9924,70.3344
2013,순운전자본비율_ratio,연도×라벨,-26.0751,25.1075
2013,순운전자본회전율_diff,연도×라벨,-20.2359,239.4968
2013,순운전자본회전율_ratio,연도×라벨,0.0056,12.7686
2013,금융비용부담률_diff,연도×라벨,-1.2902,29.9126
2013,금융비용부담률_ratio,연도×라벨,0.016,23.8121
2013,비유동비율_diff,연도×라벨,-159.3211,3317.883
2013,비유동비율_ratio,연도×라벨,0.0424,20.9416
2013,비유동장기적합률_diff,연도×라벨,-92.9591,487.7237
2013,비유동장기적합률_ratio,연도×라벨,0.0603,5.9305
2013,유형자산비율_diff,연도×라벨,-36.0977,57.9588
2013,유형자산비율_ratio,연도×라벨,0.0,2.6056
2013,유형자산부채비율_diff,연도×라벨,-68.1051,224.024
2013,유형자산부채비율_ratio,연도×라벨,0.0,4.2894
2013,ROA_diff,연도×라벨,-37.1642,10.5356
2013,ROA_ratio,연도×라벨,-23.7744,8.0232
2013,ROE_diff,연도×라벨,-187.1198,66.7677
2013,ROE_ratio,연도×라벨,-58.5683,22.2551
2013,ROIC_diff,연도×라벨,-60.3928,3.2634
2013,ROIC_ratio,연도×라벨,-14.7449,1.8508
2013,총자본영업이익률_diff,연도×라벨,-32.8308,1.4385
2013,총자본영업이익률_ratio,연도×라벨,-7.571,1.3756
2013,매출총이익률_diff,연도×라벨,-32.8022,66.7655
2013,매출총이익률_ratio,연도×라벨,0.013,3.0089
2013,영업이익률_diff,연도×라벨,-118.1613,18.6007
2013,영업이익률_ratio,연도×라벨,-15.0588,3.528
2013,순이익률_diff,연도×라벨,-102.196,53.0116
2013,순이익률_ratio,연도×라벨,-21.3952,12.6169
2013,EBITDA마진_diff,연도×라벨,-97.0759,37.3023
2013,EBITDA마진_ratio,연도×라벨,-8.4326,4.6246
2013,영업현금흐름비율_diff,연도×라벨,-106.8358,63.3663
2013,영업현금흐름비율_ratio,연도×라벨,-12.541,9.0314
2013,현금ROA_diff,연도×라벨,-32.7164,39.6091
2013,현금ROA_ratio,연도×라벨,-9.9068,14.2047
2013,현금ROE_diff,연도×라벨,-247.4148,268.4496
2013,현금ROE_ratio,연도×라벨,-29.0689,33.6253
2013,매출원가율_diff,연도×라벨,-66.7655,32.8022
2013,매출원가율_ratio,연도×라벨,0.0,1.4913
2013,판관비율_diff,연도×라벨,-24.7747,148.8685
2013,판관비율_ratio,연도×라벨,0.0426,6.7531
2013,감가상각비율_diff,연도×라벨,-2.9335,24.943
2013,감가상각비율_ratio,연도×라벨,0.0,9.5029
2013,총자산회전율_diff,연도×라벨,-1.1089,5.1841
2013,총자산회전율_ratio,연도×라벨,0.0071,5.642
2013,유동자산회전율_diff,연도×라벨,-3.6709,12.3063
2013,유동자산회전율_ratio,연도×라벨,0.0055,4.3341
2013,비유동자산회전율_diff,연도×라벨,-2.2346,316.9607
2013,비유동자산회전율_ratio,연도×라벨,0.006,141.985
2013,유형자산회전율_diff,연도×라벨,-15.5561,3922.4994
2013,유형자산회전율_ratio,연도×라벨,0.004,252.1417
2013,자기자본회전율_diff,연도×라벨,-3.5062,84.3232
2013,자기자본회전율_ratio,연도×라벨,0.0062,24.9013
2013,투하자본회전율_diff,연도×라벨,-1.8583,50.7974
2013,투하자본회전율_ratio,연도×라벨,0.0053,28.1904
2013,매출채권회전율_diff,연도×라벨,-12.0309,241.7588
2013,매출채권회전율_ratio,연도×라벨,0.0639,19.8113
2013,매출채권회수기간_diff,연도×라벨,-107.6869,367.2283
2013,매출채권회수기간_ratio,연도×라벨,0.0133,4.3649
2013,재고자산회전율_diff,연도×라벨,-11.0968,223.0318
2013,재고자산회전율_ratio,연도×라벨,0.036,20.376
2013,재고자산보유기간_diff,연도×라벨,-51.9562,457.3216
2013,재고자산보유기간_ratio,연도×라벨,0.0306,9.5328
2013,매입채무회전율_diff,연도×라벨,-4.5162,995.8375
2013,매입채무회전율_ratio,연도×라벨,0.0205,216.9857
2013,매입채무지급기간_diff,연도×라벨,-278.1248,551.6025
2013,매입채무지급기간_ratio,연도×라벨,0.0015,2.9803
2013,현금전환주기_CCC_diff,연도×라벨,-62.9419,620.4722
2013,현금전환주기_CCC_ratio,연도×라벨,-4.3577,1.5435
2013,영업CF_유동부채_diff,연도×라벨,-103.6056,84.9474
2013,영업CF_유동부채_ratio,연도×라벨,-8.2699,8.6005
2013,영업CF_총부채_diff,연도×라벨,-72.632,37.2953
2013,영업CF_총부채_ratio,연도×라벨,-11.7721,7.5583
2013,FCF_총자산_diff,연도×라벨,-46.4738,46.6496
2013,FCF_총자산_ratio,연도×라벨,-28.8074,30.695
2013,매출액증가율_diff,연도×라벨,-84.8732,187.3848
2013,매출액증가율_ratio,연도×라벨,-26.555,61.8365
2013,영업이익증가율_diff,연도×라벨,-254.9591,314.1563
2013,영업이익증가율_ratio,연도×라벨,-86.8684,72.3111
2013,순이익증가율_diff,연도×라벨,-359.6353,278.9944
2013,순이익증가율_ratio,연도×라벨,-18.5704,26.2271
2013,EBITDA증가율_diff,연도×라벨,-154.2751,538.7031
2013,EBITDA증가율_ratio,연도×라벨,-474.4399,137.1577
2013,총자산증가율_diff,연도×라벨,-55.6293,93.9232
2013,총자산증가율_ratio,연도×라벨,-7.5177,15.381
2013,유형자산증가율_diff,연도×라벨,-98.0304,111.5938
2013,유형자산증가율_ratio,연도×라벨,-13.1218,17.0756
2013,자기자본증가율_diff,연도×라벨,-86.0695,199.1803
2013,자기자본증가율_ratio,연도×라벨,-19.376,48.1538
2013,부채증가율_diff,연도×라벨,-79.033,161.311
2013,부채증가율_ratio,연도×라벨,-7.888,19.141
2013,영업현금흐름증가율_diff,연도×라벨,-452.8608,274.3479
2013,영업현금흐름증가율_ratio,연도×라벨,-1.2975,2.3919
2013,FCF증가율_diff,연도×라벨,-266.9224,805.8521
2013,FCF증가율_ratio,연도×라벨,-14.7381,48.514
2013,ROA변화_diff,연도×라벨,-30.1117,31.0563
2013,ROA변화_ratio,연도×라벨,-19.7916,21.1592
2013,영업이익률변화_diff,연도×라벨,-71.6136,24.1551
2013,영업이익률변화_ratio,연도×라벨,-70.2121,212.1259
2013,부채비율변화_diff,연도×라벨,-1715.213,1303.3525
2013,부채비율변화_ratio,연도×라벨,-312.9203,239.5411
2013,유동비율변화_diff,연도×라벨,-566.8795,1210.5027
2013,유동비율변화_ratio,연도×라벨,-35.0055,77.8854
2013,업력_diff,연도×라벨,-32.6,18.35
2013,업력_ratio,연도×라벨,0.2851,1.4024
2013,매출액영업이익률_diff_industry,연도×라벨,-113.4833,23.2788
2013,매출액영업이익률_ratio_industry,연도×라벨,-41.3445,9.6861
2013,EBIT대매출액_diff_industry,연도×라벨,-113.5733,23.1888
2013,EBIT대매출액_ratio_industry,연도×라벨,-40.0012,9.3714
2013,EBITDA대매출액_diff_industry,연도×라벨,-90.4144,43.9638
2013,EBITDA대매출액_ratio_industry,연도×라벨,-23.9076,13.1112
2013,매출원가대매출액_diff_industry,연도×라벨,-82.16,17.4078
2013,매출원가대매출액_ratio_industry,연도×라벨,0.0,1.2119
2013,매출액순이익률_diff_industry,연도×라벨,-99.0527,56.1549
2013,매출액순이익률_ratio_industry,연도×라벨,-68.7554,40.5457
2013,사내유보율_diff_industry,연도×라벨,-1188.272,17360.89
2013,사내유보율_ratio_industry,연도×라벨,-11.3572,181.5417
2013,금융비용대매출액_diff_industry,연도×라벨,-0.649,30.5539
2013,금융비용대매출액_ratio_industry,연도×라벨,0.0314,46.6028
2013,자기자본비율_diff_industry,연도×라벨,-66.5168,46.3001
2013,자기자본비율_ratio_industry,연도×라벨,-0.7602,2.2252
2013,부채비율_diff_industry,연도×라벨,-145.4614,7254.6028
2013,부채비율_ratio_industry,연도×라벨,0.1165,45.0634
2013,유동비율_diff_industry,연도×라벨,-115.5321,1425.1819
2013,유동비율_ratio_industry,연도×라벨,0.0494,12.727
2013,당좌비율_diff_industry,연도×라벨,-86.7716,847.5537
2013,당좌비율_ratio_industry,연도×라벨,0.0439,10.3384
2013,현금비율_diff_industry,연도×라벨,-16.4285,42.1197
2013,현금비율_ratio_industry,연도×라벨,0.0007,3.562
2013,순운전자본대총자본_diff_industry,연도×라벨,-85.1548,64.1719
2013,순운전자본대총자본_ratio_industry,연도×라벨,-8.3783,8.0674
2013,비유동비율_diff_industry,연도×라벨,-121.9012,3355.3029
2013,비유동비율_ratio_industry,연도×라벨,0.0547,27.0182
2013,비유동장기적합률_diff_industry,연도×라벨,-78.3286,502.3542
2013,비유동장기적합률_ratio_industry,연도×라벨,0.0707,6.9598
2013,차입금의존도_diff_industry,연도×라벨,-30.01,68.4024
2013,차입금의존도_ratio_industry,연도×라벨,0.0,3.2793
2013,총자산회전율_diff_industry,연도×라벨,-1.7421,4.5509
2013,총자산회전율_ratio_industry,연도×라벨,0.0045,3.6005
2013,자기자본회전율_diff_industry,연도×라벨,-4.6482,83.1812
2013,자기자본회전율_ratio_industry,연도×라벨,0.0047,18.8118
2013,비유동자산회전율_diff_industry,연도×라벨,-3.5764,315.6189
2013,비유동자산회전율_ratio_industry,연도×라벨,0.0038,88.9161
2013,유형자산회전율_diff_industry,연도×라벨,-6.7174,3931.3381
2013,유형자산회전율_ratio_industry,연도×라벨,0.0092,580.8434
2013,재고자산회전율_diff_industry,연도×라벨,-13.0561,221.0725
2013,재고자산회전율_ratio_industry,연도×라벨,0.0307,17.4122
2013,매출채권회전율_diff_industry,연도×라벨,-8.0791,245.7105
2013,매출채권회전율_ratio_industry,연도×라벨,0.0922,28.6079
2013,매입채무회전율_diff_industry,연도×라벨,-11.0855,989.2682
2013,매입채무회전율_ratio_industry,연도×라벨,0.0085,89.4855
2013,총자산증가율_diff_industry,연도×라벨,-54.0483,95.5042
2013,총자산증가율_ratio_industry,연도×라벨,-9.9188,20.2938
2013,유형자산증가율_diff_industry,연도×라벨,-99.7186,109.9056
2013,유형자산증가율_ratio_industry,연도×라벨,-10.5549,13.7353
2013,자기자본증가율_diff_industry,연도×라벨,-88.6654,196.5844
2013,자기자본증가율_ratio_industry,연도×라벨,-12.0008,29.8247
2013,매출액증가율_diff_industry,연도×라벨,-84.5331,187.7249
2013,매출액증가율_ratio_industry,연도×라벨,-29.8515,69.5127
2014,부채비율,연도×라벨,2.5417,5599.5153
2014,총부채비율,연도×라벨,2.4787,139.1751
2014,장기부채비율,연도×라벨,0.0,399.2561
2014,장기부채의존도,연도×라벨,0.0,77.2096
2014,차입금의존도,연도×라벨,0.0,101.1892
2014,순차입금비율,연도×라벨,-42.2465,3776.5533
2014,금융부채비율,연도×라벨,0.0,3974.3945
2014,자기자본비율,연도×라벨,-39.1751,97.5213
2014,유보율,연도×라벨,-1696.1011,20710.4073
2014,자본잠식률,연도×라벨,-20710.3947,1620.1125
2014,유동비율,연도×라벨,4.5556,1702.551
2014,당좌비율_추정,연도×라벨,2.7612,1345.1287
2014,현금비율,연도×라벨,0.012,395.5755
2014,순운전자본비율,연도×라벨,-82.0985,68.279
2014,순운전자본회전율,연도×라벨,0.1695,36.1635
2014,금융비용부담률,연도×라벨,0.0096,26.7393
2014,비유동비율,연도×라벨,4.206,2541.5487
2014,비유동장기적합률,연도×라벨,1.5871,608.9273
2014,유형자산비율,연도×라벨,0.0,94.2005
2014,유형자산부채비율,연도×라벨,0.0,371.8519
2014,ROA,연도×라벨,-30.6181,29.7548
2014,ROE,연도×라벨,-101.0735,67.7905
2014,ROIC,연도×라벨,-46.3923,4.1172
2014,총자본영업이익률,연도×라벨,-19.1381,5.9028
2014,매출총이익률,연도×라벨,-0.0089,100.0
2014,영업이익률,연도×라벨,-88.6257,9.9932
2014,순이익률,연도×라벨,-121.718,56.3295
2014,EBITDA마진,연도×라벨,-65.0401,40.5744
2014,영업현금흐름비율,연도×라벨,-77.5104,94.3092
2014,현금ROA,연도×라벨,-31.9678,40.6416
2014,현금ROE,연도×라벨,-148.58,331.2673
2014,매출원가율,연도×라벨,0.0,100.0133
2014,판관비율,연도×라벨,3.1611,142.5124
2014,감가상각비율,연도×라벨,0.0,20.7675
2014,총자산회전율,연도×라벨,0.0047,5.5085
2014,유동자산회전율,연도×라벨,0.017,19.1398
2014,비유동자산회전율,연도×라벨,0.0061,55.1971
2014,유형자산회전율,연도×라벨,0.0317,5168.61
2014,자기자본회전율,연도×라벨,0.048,91.0273
2014,투하자본회전율,연도×라벨,0.0054,15.0818
2014,매출채권회전율,연도×라벨,0.9547,252.767
2014,매출채권회수기간,연도×라벨,1.4755,421.2551
2014,재고자산회전율,연도×라벨,0.4084,904.939
2014,재고자산보유기간,연도×라벨,0.6107,518.4257
2014,매입채무회전율,연도×라벨,0.0267,93.9911
2014,매입채무지급기간,연도×라벨,3.9063,666.4277
2014,현금전환주기_CCC,연도×라벨,-172.7511,493.8039
2014,영업CF_유동부채,연도×라벨,-91.0231,84.9237
2014,영업CF_총부채,연도×라벨,-62.0296,76.2863
2014,FCF_총자산,연도×라벨,-44.215,50.9785
2014,매출액증가율,연도×라벨,-72.7329,272.7215
2014,영업이익증가율,연도×라벨,-257.6509,139.9577
2014,순이익증가율,연도×라벨,-297.0294,638.6667
2014,EBITDA증가율,연도×라벨,-215.2178,99.9755
2014,총자산증가율,연도×라벨,-48.7249,120.7573
2014,유형자산증가율,연도×라벨,-87.6777,933.5241
2014,자기자본증가율,연도×라벨,-90.5397,274.0522
2014,부채증가율,연도×라벨,-68.9996,186.6053
2014,영업현금흐름증가율,연도×라벨,-574.6738,1335.1916
2014,FCF증가율,연도×라벨,-1405.1247,1558.9579
2014,ROA변화,연도×라벨,-32.3729,21.6452
2014,영업이익률변화,연도×라벨,-50.3121,33.6809
2014,부채비율변화,연도×라벨,-1701.6048,968.8422
2014,유동비율변화,연도×라벨,-128.1215,790.6395
2014,부채비율_diff,연도×라벨,-186.797,5410.1766
2014,부채비율_ratio,연도×라벨,0.0134,29.5741
2014,총부채비율_diff,연도×라벨,-58.0315,78.6648
2014,총부채비율_ratio,연도×라벨,0.041,2.3
2014,장기부채비율_diff,연도×라벨,-58.2402,341.016
2014,장기부채비율_ratio,연도×라벨,0.0,6.8553
2014,장기부채의존도_diff,연도×라벨,-21.0082,56.2014
2014,장기부채의존도_ratio,연도×라벨,0.0,3.6752
2014,차입금의존도_diff,연도×라벨,-30.5241,70.6651
2014,차입금의존도_ratio,연도×라벨,0.0,3.3151
2014,순차입금비율_diff,연도×라벨,-121.8709,3696.9289
2014,순차입금비율_ratio,연도×라벨,-0.5306,47.4296
2014,금융부채비율_diff,연도×라벨,-96.9495,3877.4451
2014,금융부채비율_ratio,연도×라벨,0.0,40.9945
2014,자기자본비율_diff,연도×라벨,-78.6648,58.0315
2014,자기자본비율_ratio,연도×라벨,-0.992,2.4695
2014,유보율_diff,연도×라벨,-6891.4232,15515.0852
2014,유보율_ratio,연도×라벨,-0.3265,3.9864
2014,자본잠식률_diff,연도×라벨,-12552.0338,9778.4734
2014,자본잠식률_ratio,연도×라벨,-0.1986,2.5385
2014,유동비율_diff,연도×라벨,-106.4741,1591.5214
2014,유동비율_ratio,연도×라벨,0.041,15.3342
2014,당좌비율_추정_diff,연도×라벨,-84.9458,1257.4218
2014,당좌비율_추정_ratio,연도×라벨,0.0315,15.3366
2014,현금비율_diff,연도×라벨,-13.3892,382.1744
2014,현금비율_ratio,연도×라벨,0.0009,29.5181
2014,순운전자본비율_diff,연도×라벨,-85.5039,64.8736
2014,순운전자본비율_ratio,연도×라벨,-24.1085,20.0504
2014,순운전자본회전율_diff,연도×라벨,-13.6154,22.3786
2014,순운전자본회전율_ratio,연도×라벨,0.0123,2.6234
2014,금융비용부담률_diff,연도×라벨,-1.1981,25.5317
2014,금융비용부담률_ratio,연도×라벨,0.0079,22.142
2014,비유동비율_diff,연도×라벨,-153.7481,2383.5946
2014,비유동비율_ratio,연도×라벨,0.0266,16.0904
2014,비유동장기적합률_diff,연도×라벨,-96.6847,510.6554
2014,비유동장기적합률_ratio,연도×라벨,0.0162,6.1964
2014,유형자산비율_diff,연도×라벨,-36.4363,57.7642
2014,유형자산비율_ratio,연도×라벨,0.0,2.5853
2014,유형자산부채비율_diff,연도×라벨,-72.1879,299.664
2014,유형자산부채비율_ratio,연도×라벨,0.0,5.1512
2014,ROA_diff,연도×라벨,-32.8523,27.5206
2014,ROA_ratio,연도×라벨,-13.7041,13.3177
2014,ROE_diff,연도×라벨,-106.7316,62.1324
2014,ROE_ratio,연도×라벨,-17.8634,11.9811
2014,ROIC_diff,연도×라벨,-50.1681,0.3415
2014,ROIC_ratio,연도×라벨,-12.287,1.0904
2014,총자본영업이익률_diff,연도×라벨,-23.1975,1.8434
2014,총자본영업이익률_ratio,연도×라벨,-4.7145,1.4541
2014,매출총이익률_diff,연도×라벨,-34.6965,65.3124
2014,매출총이익률_ratio,연도×라벨,-0.0003,2.8829
2014,영업이익률_diff,연도×라벨,-96.0749,2.5439
2014,영업이익률_ratio,연도×라벨,-11.8973,1.3415
2014,순이익률_diff,연도×라벨,-126.9496,51.0978
2014,순이익률_ratio,연도×라벨,-23.2657,10.7671
2014,EBITDA마진_diff,연도×라벨,-75.791,29.8234
2014,EBITDA마진_ratio,연도×라벨,-6.0497,3.774
2014,영업현금흐름비율_diff,연도×라벨,-82.6222,89.1975
2014,영업현금흐름비율_ratio,연도×라벨,-15.1632,18.4495
2014,현금ROA_diff,연도×라벨,-34.6437,37.9656
2014,현금ROA_ratio,연도×라벨,-11.9464,15.1878
2014,현금ROE_diff,연도×라벨,-154.5753,325.272
2014,현금ROE_ratio,연도×라벨,-24.783,55.2549
2014,매출원가율_diff,연도×라벨,-65.3124,34.7009
2014,매출원가율_ratio,연도×라벨,0.0,1.5313
2014,판관비율_diff,연도×라벨,-24.0773,115.274
2014,판관비율_ratio,연도×라벨,0.1161,5.232
2014,감가상각비율_diff,연도×라벨,-3.3017,17.4658
2014,감가상각비율_ratio,연도×라벨,0.0,6.2899
2014,총자산회전율_diff,연도×라벨,-1.1067,4.3971
2014,총자산회전율_ratio,연도×라벨,0.0042,4.9562
2014,유동자산회전율_diff,연도×라벨,-3.5696,15.5532
2014,유동자산회전율_ratio,연도×라벨,0.0047,5.3365
2014,비유동자산회전율_diff,연도×라벨,-2.2451,52.9458
2014,비유동자산회전율_ratio,연도×라벨,0.0027,24.5183
2014,유형자산회전율_diff,연도×라벨,-17.4738,5151.1045
2014,유형자산회전율_ratio,연도×라벨,0.0018,295.2565
2014,자기자본회전율_diff,연도×라벨,-3.4926,87.4867
2014,자기자본회전율_ratio,연도×라벨,0.0135,25.7095
2014,투하자본회전율_diff,연도×라벨,-1.8408,13.2357
2014,투하자본회전율_ratio,연도×라벨,0.0029,8.1695
2014,매출채권회전율_diff,연도×라벨,-12.4429,239.3693
2014,매출채권회전율_ratio,연도×라벨,0.0713,18.8665
2014,매출채권회수기간_diff,연도×라벨,-108.0458,311.7338
2014,매출채권회수기간_ratio,연도×라벨,0.0135,3.8463
2014,재고자산회전율_diff,연도×라벨,-10.8863,893.6443
2014,재고자산회전율_ratio,연도×라벨,0.0362,80.1206
2014,재고자산보유기간_diff,연도×라벨,-54.6971,463.1178
2014,재고자산보유기간_ratio,연도×라벨,0.011,9.3735
2014,매입채무회전율_diff,연도×라벨,-4.7281,89.2362
2014,매입채무회전율_ratio,연도×라벨,0.0056,19.7675
2014,매입채무지급기간_diff,연도×라벨,-217.3088,445.2126
2014,매입채무지급기간_ratio,연도×라벨,0.0177,3.0126
2014,현금전환주기_CCC_diff,연도×라벨,-116.3652,550.1898
2014,현금전환주기_CCC_ratio,연도×라벨,-8.7576,3.0637
2014,영업CF_유동부채_diff,연도×라벨,-101.6281,74.3187
2014,영업CF_유동부채_ratio,연도×라벨,-8.5831,8.0079
2014,영업CF_총부채_diff,연도×라벨,-67.6137,70.7022
2014,영업CF_총부채_ratio,연도×라벨,-11.1082,13.6613
2014,FCF_총자산_diff,연도×라벨,-43.2555,51.938
2014,FCF_총자산_ratio,연도×라벨,-53.1304,46.0814
2014,매출액증가율_diff,연도×라벨,-80.5051,264.9492
2014,매출액증가율_ratio,연도×라벨,-9.358,35.089
2014,영업이익증가율_diff,연도×라벨,-287.2687,110.3399
2014,영업이익증가율_ratio,연도×라벨,-8.6992,4.7255
2014,순이익증가율_diff,연도×라벨,-391.1975,544.4985
2014,순이익증가율_ratio,연도×라벨,-3.1542,6.7822
2014,EBITDA증가율_diff,연도×라벨,-254.0987,61.0947
2014,EBITDA증가율_ratio,연도×라벨,-5.5353,2.5713
2014,총자산증가율_diff,연도×라벨,-53.9425,115.5396
2014,총자산증가율_ratio,연도×라벨,-9.3385,23.1441
2014,유형자산증가율_diff,연도×라벨,-93.0631,928.1386
2014,유형자산증가율_ratio,연도×라벨,-16.2804,173.3411
2014,자기자본증가율_diff,연도×라벨,-98.9544,265.6374
2014,자기자본증가율_ratio,연도×라벨,-10.7596,32.5681
2014,부채증가율_diff,연도×라벨,-71.3352,184.2697
2014,부채증가율_ratio,연도×라벨,-29.5428,79.8967
2014,영업현금흐름증가율_diff,연도×라벨,-576.0136,1333.8518
2014,영업현금흐름증가율_ratio,연도×라벨,-428.9286,996.5687
2014,FCF증가율_diff,연도×라벨,-1392.873,1571.2097
2014,FCF증가율_ratio,연도×라벨,-127.2439,114.6878
2014,ROA변화_diff,연도×라벨,-33.107,20.9111
2014,ROA변화_ratio,연도×라벨,-44.0974,29.4844
2014,영업이익률변화_diff,연도×라벨,-50.4033,33.5897
2014,영업이익률변화_ratio,연도×라벨,-551.6289,369.2821
2014,부채비율변화_diff,연도×라벨,-1694.9585,975.4886
2014,부채비율변화_ratio,연도×라벨,-145.7704,256.0207
2014,유동비율변화_diff,연도×라벨,-133.5293,785.2316
2014,유동비율변화_ratio,연도×라벨,-23.6917,146.2017
2014,업력_diff,연도×라벨,-33.6,16.88
2014,업력_ratio,연도×라벨,0.2632,1.3702
2014,매출액영업이익률_diff_industry,연도×라벨,-91.5057,7.1132
2014,매출액영업이익률_ratio_industry,연도×라벨,-30.7728,3.4698
2014,EBIT대매출액_diff_industry,연도×라벨,-91.9357,6.6832
2014,EBIT대매출액_ratio_industry,연도×라벨,-26.7751,3.0191
2014,EBITDA대매출액_diff_industry,연도×라벨,-69.2501,36.3644
2014,EBITDA대매출액_ratio_industry,연도×라벨,-15.4489,9.6376
2014,매출원가대매출액_diff_industry,연도×라벨,-81.49,18.5233
2014,매출원가대매출액_ratio_industry,연도×라벨,0.0,1.2273
2014,매출액순이익률_diff_industry,연도×라벨,-123.698,54.3495
2014,매출액순이익률_ratio_industry,연도×라벨,-61.4737,28.4492
2014,사내유보율_diff_industry,연도×라벨,-1792.1211,20614.3873
2014,사내유보율_ratio_industry,연도×라벨,-17.664,215.6885
2014,금융비용대매출액_diff_industry,연도×라벨,-0.6204,26.1093
2014,금융비용대매출액_ratio_industry,연도×라벨,0.0152,42.4434
2014,자기자본비율_diff_industry,연도×라벨,-77.6551,59.0413
2014,자기자본비율_ratio_industry,연도×라벨,-1.0181,2.5343
2014,부채비율_diff_industry,연도×라벨,-157.3083,5439.6653
2014,부채비율_ratio_industry,연도×라벨,0.0159,35.0298
2014,유동비율_diff_industry,연도×라벨,-118.6844,1579.311
2014,유동비율_ratio_industry,연도×라벨,0.037,13.8149
2014,당좌비율_diff_industry,연도×라벨,-89.3188,1253.0487
2014,당좌비율_ratio_industry,연도×라벨,0.03,14.6083
2014,현금비율_diff_industry,연도×라벨,-17.098,378.4655
2014,현금비율_ratio_industry,연도×라벨,0.0007,23.1196
2014,순운전자본대총자본_diff_industry,연도×라벨,-91.9685,58.409
2014,순운전자본대총자본_ratio_industry,연도×라벨,-8.318,6.9178
2014,비유동비율_diff_industry,연도×라벨,-119.654,2417.6887
2014,비유동비율_ratio_industry,연도×라벨,0.034,20.5195
2014,비유동장기적합률_diff_industry,연도×라벨,-81.2629,526.0773
2014,비유동장기적합률_ratio_industry,연도×라벨,0.0192,7.3498
2014,차입금의존도_diff_industry,연도×라벨,-31.63,69.5592
2014,차입금의존도_ratio_industry,연도×라벨,0.0,3.1992
2014,총자산회전율_diff_industry,연도×라벨,-1.7153,3.7885
2014,총자산회전율_ratio_industry,연도×라벨,0.0027,3.2026
2014,자기자본회전율_diff_industry,연도×라벨,-4.482,86.4973
2014,자기자본회전율_ratio_industry,연도×라벨,0.0106,20.0943
2014,비유동자산회전율_diff_industry,연도×라벨,-3.5739,51.6171
2014,비유동자산회전율_ratio_industry,연도×라벨,0.0017,15.4182
2014,유형자산회전율_diff_industry,연도×라벨,-6.6183,5161.96
2014,유형자산회전율_ratio_industry,연도×라벨,0.0048,777.2346
2014,재고자산회전율_diff_industry,연도×라벨,-12.7616,891.769
2014,재고자산회전율_ratio_industry,연도×라벨,0.031,68.7121
2014,매출채권회전율_diff_industry,연도×라벨,-7.7853,244.027
2014,매출채권회전율_ratio_industry,연도×라벨,0.1092,28.9207
2014,매입채무회전율_diff_industry,연도×라벨,-10.9933,82.9711
2014,매입채무회전율_ratio_industry,연도×라벨,0.0024,8.5291
2014,총자산증가율_diff_industry,연도×라벨,-55.1449,114.3373
2014,총자산증가율_ratio_industry,연도×라벨,-7.5895,18.8095
2014,유형자산증가율_diff_industry,연도×라벨,-93.6877,927.5141
2014,유형자산증가율_ratio_industry,연도×라벨,-14.5886,155.3285
2014,자기자본증가율_diff_industry,연도×라벨,-99.4397,265.1522
2014,자기자본증가율_ratio_industry,연도×라벨,-10.173,30.7924
2014,매출액증가율_diff_industry,연도×라벨,-76.1729,269.2815
2014,매출액증가율_ratio_industry,연도×라벨,-21.1433,79.2795
2015,부채비율,연도×라벨,10.464,7131.2363
2015,총부채비율,연도×라벨,9.0861,125.1035
2015,장기부채비율,연도×라벨,0.0,1429.7342
2015,장기부채의존도,연도×라벨,0.0,73.4637
2015,차입금의존도,연도×라벨,0.0,95.4784
2015,순차입금비율,연도×라벨,-26.2922,4380.4152
2015,금융부채비율,연도×라벨,0.0,4525.9256
2015,자기자본비율,연도×라벨,-25.1035,90.9139
2015,유보율,연도×라벨,-2130.1067,19703.7975
2015,자본잠식률,연도×라벨,-17494.8794,1655.452
2015,유동비율,연도×라벨,3.9151,3537.36
2015,당좌비율_추정,연도×라벨,2.4937,3488.7832
2015,현금비율,연도×라벨,0.0117,189.2854
2015,순운전자본비율,연도×라벨,-83.8652,78.1098
2015,순운전자본회전율,연도×라벨,0.0419,87.9514
2015,금융비용부담률,연도×라벨,0.0334,18.7333
2015,비유동비율,연도×라벨,9.0742,3427.3398
2015,비유동장기적합률,연도×라벨,8.7071,607.2703
2015,유형자산비율,연도×라벨,0.0252,93.1475
2015,유형자산부채비율,연도×라벨,0.0103,271.153
2015,ROA,연도×라벨,-28.2254,25.9616
2015,ROE,연도×라벨,-112.9499,100.3092
2015,ROIC,연도×라벨,-47.4542,6.0347
2015,총자본영업이익률,연도×라벨,-19.5329,4.8462
2015,매출총이익률,연도×라벨,0.6256,100.0
2015,영업이익률,연도×라벨,-119.3982,19.9752
2015,순이익률,연도×라벨,-124.8985,68.6854
2015,EBITDA마진,연도×라벨,-99.5069,22.0782
2015,영업현금흐름비율,연도×라벨,-100.0773,67.3766
2015,현금ROA,연도×라벨,-28.9357,19.5051
2015,현금ROE,연도×라벨,-169.6714,213.0578
2015,매출원가율,연도×라벨,0.0,99.3744
2015,판관비율,연도×라벨,3.569,162.8307
2015,감가상각비율,연도×라벨,0.0528,24.2484
2015,총자산회전율,연도×라벨,0.0027,7.5972
2015,유동자산회전율,연도×라벨,0.0227,18.2173
2015,비유동자산회전율,연도×라벨,0.0066,39.0922
2015,유형자산회전율,연도×라벨,0.0349,438.6648
2015,자기자본회전율,연도×라벨,0.0063,86.671
2015,투하자본회전율,연도×라벨,0.0036,11.2006
2015,매출채권회전율,연도×라벨,1.025,444.7384
2015,매출채권회수기간,연도×라벨,0.8496,374.6789
2015,재고자산회전율,연도×라벨,0.4885,235.0655
2015,재고자산보유기간,연도×라벨,1.735,483.31
2015,매입채무회전율,연도×라벨,0.0159,1210.158
2015,매입채무지급기간,연도×라벨,0.9677,549.6675
2015,현금전환주기_CCC,연도×라벨,-129.121,436.9546
2015,영업CF_유동부채,연도×라벨,-103.9705,31.7821
2015,영업CF_총부채,연도×라벨,-60.8622,24.8535
2015,FCF_총자산,연도×라벨,-42.5555,49.4744
2015,매출액증가율,연도×라벨,-61.7197,137.8044
2015,영업이익증가율,연도×라벨,-148.5218,132.078
2015,순이익증가율,연도×라벨,-322.9924,675.6444
2015,EBITDA증가율,연도×라벨,-98.7654,481.5581
2015,총자산증가율,연도×라벨,-51.2813,97.2245
2015,유형자산증가율,연도×라벨,-86.6204,245.1139
2015,자기자본증가율,연도×라벨,-76.4591,332.9409
2015,부채증가율,연도×라벨,-69.8206,82.8468
2015,영업현금흐름증가율,연도×라벨,-492.6626,1371.8849
2015,FCF증가율,연도×라벨,-993.3532,247.2647
2015,ROA변화,연도×라벨,-27.7144,25.9936
2015,영업이익률변화,연도×라벨,-30.1995,32.0213
2015,부채비율변화,연도×라벨,-1680.4629,1006.2891
2015,유동비율변화,연도×라벨,-286.3949,830.3212
2015,부채비율_diff,연도×라벨,-165.8244,6954.9479
2015,부채비율_ratio,연도×라벨,0.0594,40.4521
2015,총부채비율_diff,연도×라벨,-50.492,65.5254
2015,총부채비율_ratio,연도×라벨,0.1525,2.0998
2015,장기부채비율_diff,연도×라벨,-61.6247,1368.1095
2015,장기부채비율_ratio,연도×라벨,0.0,23.2007
2015,장기부채의존도_diff,연도×라벨,-23.6459,49.8178
2015,장기부채의존도_ratio,연도×라벨,0.0,3.1068
2015,차입금의존도_diff,연도×라벨,-31.792,63.6865
2015,차입금의존도_ratio,연도×라벨,0.0,3.0032
2015,순차입금비율_diff,연도×라벨,-105.691,4301.0163
2015,순차입금비율_ratio,연도×라벨,-0.3311,55.1698
2015,금융부채비율_diff,연도×라벨,-92.1089,4433.8166
2015,금융부채비율_ratio,연도×라벨,0.0,49.1367
2015,자기자본비율_diff,연도×라벨,-65.5254,50.492
2015,자기자본비율_ratio,연도×라벨,-0.621,2.2491
2015,유보율_diff,연도×라벨,-13171.7378,8662.1663
2015,유보율_ratio,연도×라벨,-0.1929,1.7845
2015,자본잠식률_diff,연도×라벨,-3236.2123,15914.1191
2015,자본잠식률_ratio,연도×라벨,-0.1161,1.227
2015,유동비율_diff,연도×라벨,-95.0746,3438.3703
2015,유동비율_ratio,연도×라벨,0.0396,35.7346
2015,당좌비율_추정_diff,연도×라벨,-78.4915,3407.798
2015,당좌비율_추정_ratio,연도×라벨,0.0308,43.0793
2015,현금비율_diff,연도×라벨,-10.6234,178.6503
2015,현금비율_ratio,연도×라벨,0.0011,17.7982
2015,순운전자본비율_diff,연도×라벨,-85.0288,76.9463
2015,순운전자본비율_ratio,연도×라벨,-72.0774,67.131
2015,순운전자본회전율_diff,연도×라벨,-4.8294,83.0801
2015,순운전자본회전율_ratio,연도×라벨,0.0086,18.0552
2015,금융비용부담률_diff,연도×라벨,-1.2381,17.4618
2015,금융비용부담률_ratio,연도×라벨,0.0263,14.7335
2015,비유동비율_diff,연도×라벨,-157.8595,3260.4061
2015,비유동비율_ratio,연도×라벨,0.0544,20.5311
2015,비유동장기적합률_diff,연도×라벨,-93.5071,505.0561
2015,비유동장기적합률_ratio,연도×라벨,0.0852,5.9412
2015,유형자산비율_diff,연도×라벨,-37.9314,55.1908
2015,유형자산비율_ratio,연도×라벨,0.0007,2.4541
2015,유형자산부채비율_diff,연도×라벨,-74.2711,196.8716
2015,유형자산부채비율_ratio,연도×라벨,0.0001,3.6503
2015,ROA_diff,연도×라벨,-30.6498,23.5372
2015,ROA_ratio,연도×라벨,-11.6423,10.7085
2015,ROE_diff,연도×라벨,-119.329,93.9302
2015,ROE_ratio,연도×라벨,-17.7063,15.7247
2015,ROIC_diff,연도×라벨,-50.9311,2.5578
2015,ROIC_ratio,연도×라벨,-13.6482,1.7356
2015,총자본영업이익률_diff,연도×라벨,-22.3532,2.0259
2015,총자본영업이익률_ratio,연도×라벨,-6.9257,1.7183
2015,매출총이익률_diff,연도×라벨,-35.4639,63.9105
2015,매출총이익률_ratio,연도×라벨,0.0173,2.7709
2015,영업이익률_diff,연도×라벨,-125.6063,13.7671
2015,영업이익률_ratio,연도×라벨,-19.2327,3.2176
2015,순이익률_diff,연도×라벨,-131.1119,62.472
2015,순이익률_ratio,연도×라벨,-20.1013,11.0543
2015,EBITDA마진_diff,연도×라벨,-109.288,12.2971
2015,EBITDA마진_ratio,연도×라벨,-10.1734,2.2572
2015,영업현금흐름비율_diff,연도×라벨,-104.0857,63.3682
2015,영업현금흐름비율_ratio,연도×라벨,-24.9667,16.8088
2015,현금ROA_diff,연도×라벨,-32.1141,16.3267
2015,현금ROA_ratio,연도×라벨,-9.1039,6.1368
2015,현금ROE_diff,연도×라벨,-177.8859,204.8433
2015,현금ROE_ratio,연도×라벨,-20.6552,25.9369
2015,매출원가율_diff,연도×라벨,-63.9105,35.4639
2015,매출원가율_ratio,연도×라벨,0.0,1.5549
2015,판관비율_diff,연도×라벨,-26.3124,132.9493
2015,판관비율_ratio,연도×라벨,0.1194,5.4492
2015,감가상각비율_diff,연도×라벨,-3.5202,20.6755
2015,감가상각비율_ratio,연도×라벨,0.0148,6.7867
2015,총자산회전율_diff,연도×라벨,-0.8594,6.735
2015,총자산회전율_ratio,연도×라벨,0.0032,8.8119
2015,유동자산회전율_diff,연도×라벨,-4.0811,14.1135
2015,유동자산회전율_ratio,연도×라벨,0.0055,4.4392
2015,비유동자산회전율_diff,연도×라벨,-1.611,37.4746
2015,비유동자산회전율_ratio,연도×라벨,0.0041,24.1669
2015,유형자산회전율_diff,연도×라벨,-4.9731,433.6569
2015,유형자산회전율_ratio,연도×라벨,0.007,87.5943
2015,자기자본회전율_diff,연도×라벨,-2.6137,84.0509
2015,자기자본회전율_ratio,연도×라벨,0.0024,33.0799
2015,투하자본회전율_diff,연도×라벨,-1.3826,9.8144
2015,투하자본회전율_ratio,연도×라벨,0.0026,8.0804
2015,매출채권회전율_diff,연도×라벨,-20.9587,422.7548
2015,매출채권회전율_ratio,연도×라벨,0.0466,20.2304
2015,매출채권회수기간_diff,연도×라벨,-98.3095,275.5197
2015,매출채권회수기간_ratio,연도×라벨,0.0086,3.7786
2015,재고자산회전율_diff,연도×라벨,-12.0979,222.4791
2015,재고자산회전율_ratio,연도×라벨,0.0388,18.6761
2015,재고자산보유기간_diff,연도×라벨,-52.4979,429.0771
2015,재고자산보유기간_ratio,연도×라벨,0.032,8.9117
2015,매입채무회전율_diff,연도×라벨,-4.4773,1205.6648
2015,매입채무회전율_ratio,연도×라벨,0.0035,269.3294
2015,매입채무지급기간_diff,연도×라벨,-222.7151,325.9848
2015,매입채무지급기간_ratio,연도×라벨,0.0043,2.4574
2015,현금전환주기_CCC_diff,연도×라벨,-58.8303,507.2453
2015,현금전환주기_CCC_ratio,연도×라벨,-6.2164,1.837
2015,영업CF_유동부채_diff,연도×라벨,-114.0909,21.6616
2015,영업CF_유동부채_ratio,연도×라벨,-10.2733,3.1404
2015,영업CF_총부채_diff,연도×라벨,-66.9429,18.7728
2015,영업CF_총부채_ratio,연도×라벨,-10.0091,4.0873
2015,FCF_총자산_diff,연도×라벨,-40.5939,51.436
2015,FCF_총자산_ratio,연도×라벨,-25.2217,21.6945
2015,매출액증가율_diff,연도×라벨,-79.4206,120.1035
2015,매출액증가율_ratio,연도×라벨,-3.4868,7.7852
2015,영업이익증가율_diff,연도×라벨,-61.6678,218.932
2015,영업이익증가율_ratio,연도×라벨,-1.5207,1.71
2015,순이익증가율_diff,연도×라벨,-374.0535,624.5833
2015,순이익증가율_ratio,연도×라벨,-6.3256,13.2321
2015,EBITDA증가율_diff,연도×라벨,-102.7647,477.5588
2015,EBITDA증가율_ratio,연도×라벨,-24.6956,120.4102
2015,총자산증가율_diff,연도×라벨,-126.347,22.1588
2015,총자산증가율_ratio,연도×라벨,-0.6832,1.2952
2015,유형자산증가율_diff,연도×라벨,-106.1864,225.5479
2015,유형자산증가율_ratio,연도×라벨,-4.4271,12.5275
2015,자기자본증가율_diff,연도×라벨,-128.3241,281.0759
2015,자기자본증가율_ratio,연도×라벨,-1.4742,6.4194
2015,부채증가율_diff,연도×라벨,-192.6225,-39.9551
2015,부채증가율_ratio,연도×라벨,-0.5686,0.6746
2015,영업현금흐름증가율_diff,연도×라벨,-465.1017,1399.4458
2015,영업현금흐름증가율_ratio,연도×라벨,-49.7764,17.8754
2015,FCF증가율_diff,연도×라벨,9237.7336,10478.3514
2015,FCF증가율_ratio,연도×라벨,-0.0242,0.0971
2015,ROA변화_diff,연도×라벨,-28.2117,25.4964
2015,ROA변화_ratio,연도×라벨,-55.7349,52.2743
2015,영업이익률변화_diff,연도×라벨,-29.1795,33.0413
2015,영업이익률변화_ratio,연도×라벨,-31.3918,29.6059
2015,부채비율변화_diff,연도×라벨,-1684.2653,1002.4866
2015,부채비율변화_ratio,연도×라벨,-441.9455,264.6443
2015,유동비율변화_diff,연도×라벨,-282.3803,834.3359
2015,유동비율변화_ratio,연도×라벨,-206.8247,71.3381
2015,업력_diff,연도×라벨,-30.81,7.81
2015,업력_ratio,연도×라벨,0.2576,1.1882
2015,매출액영업이익률_diff_industry,연도×라벨,-122.0382,17.3352
2015,매출액영업이익률_ratio_industry,연도×라벨,-45.2266,7.5663
2015,EBIT대매출액_diff_industry,연도×라벨,-122.3182,17.0552
2015,EBIT대매출액_ratio_industry,연도×라벨,-40.8898,6.8408
2015,EBITDA대매출액_diff_industry,연도×라벨,-103.3569,18.2282
2015,EBITDA대매출액_ratio_industry,연도×라벨,-25.846,5.7346
2015,매출원가대매출액_diff_industry,연도×라벨,-80.88,18.4944
2015,매출원가대매출액_ratio_industry,연도×라벨,0.0,1.2287
2015,매출액순이익률_diff_industry,연도×라벨,-126.5785,67.0054
2015,매출액순이익률_ratio_industry,연도×라벨,-74.3443,40.8842
2015,사내유보율_diff_industry,연도×라벨,-2226.1867,19607.7175
2015,사내유보율_ratio_industry,연도×라벨,-22.1701,205.077
2015,금융비용대매출액_diff_industry,연도×라벨,-0.5266,18.1733
2015,금융비용대매출액_ratio_industry,연도×라벨,0.0596,33.4524
2015,자기자본비율_diff_industry,연도×라벨,-64.5135,51.5039
2015,자기자본비율_ratio_industry,연도×라벨,-0.637,2.3069
2015,부채비율_diff_industry,연도×라벨,-143.286,6977.4863
2015,부채비율_ratio_industry,연도×라벨,0.0681,46.382
2015,유동비율_diff_industry,연도×라벨,-124.7249,3408.72
2015,유동비율_ratio_industry,연도×라벨,0.0304,27.4981
2015,당좌비율_diff_industry,연도×라벨,-93.2663,3393.0232
2015,당좌비율_ratio_industry,연도×라벨,0.026,36.4326
2015,현금비율_diff_industry,연도×라벨,-19.0683,170.2054
2015,현금비율_ratio_industry,연도×라벨,0.0006,9.9206
2015,순운전자본대총자본_diff_industry,연도×라벨,-95.6852,66.2898
2015,순운전자본대총자본_ratio_industry,연도×라벨,-7.0952,6.6083
2015,비유동비율_diff_industry,연도×라벨,-109.9458,3308.3198
2015,비유동비율_ratio_industry,연도×라벨,0.0762,28.7963
2015,비유동장기적합률_diff_industry,연도×라벨,-71.1629,527.4003
2015,비유동장기적합률_ratio_industry,연도×라벨,0.109,7.6032
2015,차입금의존도_diff_industry,연도×라벨,-31.08,64.3984
2015,차입금의존도_ratio_industry,연도×라벨,0.0,3.072
2015,총자산회전율_diff_industry,연도×라벨,-1.7073,5.8872
2015,총자산회전율_ratio_industry,연도×라벨,0.0016,4.4428
2015,자기자본회전율_diff_industry,연도×라벨,-4.3937,82.271
2015,자기자본회전율_ratio_industry,연도×라벨,0.0014,19.6979
2015,비유동자산회전율_diff_industry,연도×라벨,-3.6534,35.4322
2015,비유동자산회전율_ratio_industry,연도×라벨,0.0018,10.6809
2015,유형자산회전율_diff_industry,연도×라벨,-6.7851,431.8448
2015,유형자산회전율_ratio_industry,연도×라벨,0.0051,64.3204
2015,재고자산회전율_diff_industry,연도×라벨,-12.1715,222.4055
2015,재고자산회전율_ratio_industry,연도×라벨,0.0386,18.5676
2015,매출채권회전율_diff_industry,연도×라벨,-7.565,436.1484
2015,매출채권회전율_ratio_industry,연도×라벨,0.1193,51.774
2015,매입채무회전율_diff_industry,연도×라벨,-10.9541,1199.188
2015,매입채무회전율_ratio_industry,연도×라벨,0.0015,110.3152
2015,총자산증가율_diff_industry,연도×라벨,-58.1613,90.3445
2015,총자산증가율_ratio_industry,연도×라벨,-7.4537,14.1315
2015,유형자산증가율_diff_industry,연도×라벨,-93.7104,238.0239
2015,유형자산증가율_ratio_industry,연도×라벨,-12.2173,34.5718
2015,자기자본증가율_diff_industry,연도×라벨,-86.6891,322.7109
2015,자기자본증가율_ratio_industry,연도×라벨,-7.474,32.5455
2015,매출액증가율_diff_industry,연도×라벨,-64.2897,135.2344
2015,매출액증가율_ratio_industry,연도×라벨,-24.0154,53.6204
2016,부채비율,연도×라벨,12.8586,6464.9365
2016,총부채비율,연도×라벨,11.2,127.5529
2016,장기부채비율,연도×라벨,0.0258,1763.1297
2016,장기부채의존도,연도×라벨,0.0248,76.8796
2016,차입금의존도,연도×라벨,0.0,94.7085
2016,순차입금비율,연도×라벨,-36.602,4136.0558
2016,금융부채비율,연도×라벨,0.0,4274.9606
2016,자기자본비율,연도×라벨,-27.5529,88.8028
2016,유보율,연도×라벨,-1274.005,12863.5677
2016,자본잠식률,연도×라벨,-14178.75,1117.66
2016,유동비율,연도×라벨,4.8102,3650.4358
2016,당좌비율_추정,연도×라벨,3.1434,210.0093
2016,현금비율,연도×라벨,0.0265,84.7722
2016,순운전자본비율,연도×라벨,-78.4709,58.4194
2016,순운전자본회전율,연도×라벨,0.3278,52.2376
2016,금융비용부담률,연도×라벨,0.0244,26.1422
2016,비유동비율,연도×라벨,24.5613,3554.6292
2016,비유동장기적합률,연도×라벨,7.2396,744.4617
2016,유형자산비율,연도×라벨,0.0,96.4276
2016,유형자산부채비율,연도×라벨,0.0,362.0747
2016,ROA,연도×라벨,-31.1196,9.7377
2016,ROE,연도×라벨,-120.8801,116.4566
2016,ROIC,연도×라벨,-46.5619,3.8634
2016,총자본영업이익률,연도×라벨,-21.3977,2.7093
2016,매출총이익률,연도×라벨,0.0921,100.0
2016,영업이익률,연도×라벨,-87.3425,42.6833
2016,순이익률,연도×라벨,-91.0867,70.5756
2016,EBITDA마진,연도×라벨,-63.6325,49.9258
2016,영업현금흐름비율,연도×라벨,-96.2376,89.9023
2016,현금ROA,연도×라벨,-35.205,44.8435
2016,현금ROE,연도×라벨,-185.449,206.6173
2016,매출원가율,연도×라벨,0.0,99.9079
2016,판관비율,연도×라벨,1.8683,161.155
2016,감가상각비율,연도×라벨,0.0,32.3457
2016,총자산회전율,연도×라벨,0.0093,4.966
2016,유동자산회전율,연도×라벨,0.0442,18.344
2016,비유동자산회전율,연도×라벨,0.0157,181.6554
2016,유형자산회전율,연도×라벨,0.0343,3627.72
2016,자기자본회전율,연도×라벨,0.0204,77.6457
2016,투하자본회전율,연도×라벨,0.0099,45.3149
2016,매출채권회전율,연도×라벨,0.8355,309.063
2016,매출채권회수기간,연도×라벨,1.2811,480.4654
2016,재고자산회전율,연도×라벨,0.1634,142.8504
2016,재고자산보유기간,연도×라벨,2.596,572.7216
2016,매입채무회전율,연도×라벨,0.0035,1490.3992
2016,매입채무지급기간,연도×라벨,0.9933,599.279
2016,현금전환주기_CCC,연도×라벨,-132.9163,568.2827
2016,영업CF_유동부채,연도×라벨,-122.6327,363.5774
2016,영업CF_총부채,연도×라벨,-89.772,56.5865
2016,FCF_총자산,연도×라벨,-49.6437,51.1187
2016,매출액증가율,연도×라벨,-80.9611,254.7296
2016,영업이익증가율,연도×라벨,-219.2391,476.3317
2016,순이익증가율,연도×라벨,-252.5419,119.3068
2016,EBITDA증가율,연도×라벨,-99.6837,622.5049
2016,총자산증가율,연도×라벨,-45.9644,115.8173
2016,유형자산증가율,연도×라벨,-91.3569,1239.4101
2016,자기자본증가율,연도×라벨,-75.9353,296.644
2016,부채증가율,연도×라벨,-66.7163,251.5594
2016,영업현금흐름증가율,연도×라벨,-273.335,537.2136
2016,FCF증가율,연도×라벨,-1843.295,1193.6598
2016,ROA변화,연도×라벨,-29.908,27.5252
2016,영업이익률변화,연도×라벨,-40.9438,28.8043
2016,부채비율변화,연도×라벨,-1845.3015,1057.865
2016,유동비율변화,연도×라벨,-640.9404,94.6065
2016,부채비율_diff,연도×라벨,-180.375,6271.7029
2016,부채비율_ratio,연도×라벨,0.0665,33.4566
2016,총부채비율_diff,연도×라벨,-49.0914,67.2615
2016,총부채비율_ratio,연도×라벨,0.1858,2.1156
2016,장기부채비율_diff,연도×라벨,-59.9629,1703.1409
2016,장기부채비율_ratio,연도×라벨,0.0004,29.391
2016,장기부채의존도_diff,연도×라벨,-22.6264,54.2284
2016,장기부채의존도_ratio,연도×라벨,0.0011,3.3941
2016,차입금의존도_diff,연도×라벨,-31.4807,63.2278
2016,차입금의존도_ratio,연도×라벨,0.0,3.0085
2016,순차입금비율_diff,연도×라벨,-123.219,4049.4388
2016,순차입금비율_ratio,연도×라벨,-0.4226,47.7511
2016,금융부채비율_diff,연도×라벨,-96.7691,4178.1915
2016,금융부채비율_ratio,연도×라벨,0.0,44.1769
2016,자기자본비율_diff,연도×라벨,-67.2615,49.0942
2016,자기자본비율_ratio,연도×라벨,-0.6939,2.2364
2016,유보율_diff,연도×라벨,-12645.8578,1491.7149
2016,유보율_ratio,연도×라벨,-0.112,1.1312
2016,자본잠식률_diff,연도×라벨,1722.7415,17019.1515
2016,자본잠식률_ratio,연도×라벨,-0.0703,0.8917
2016,유동비율_diff,연도×라벨,-84.7016,3560.924
2016,유동비율_ratio,연도×라벨,0.0537,40.7816
2016,당좌비율_추정_diff,연도×라벨,-71.5034,135.3625
2016,당좌비율_추정_ratio,연도×라벨,0.0421,2.8134
2016,현금비율_diff,연도×라벨,-9.352,75.3937
2016,현금비율_ratio,연도×라벨,0.0028,9.039
2016,순운전자본비율_diff,연도×라벨,-77.552,59.3383
2016,순운전자본비율_ratio,연도×라벨,-63.5753,85.3965
2016,순운전자본회전율_diff,연도×라벨,-4.9699,46.9399
2016,순운전자본회전율_ratio,연도×라벨,0.0619,9.8604
2016,금융비용부담률_diff,연도×라벨,-2.0429,24.0748
2016,금융비용부담률_ratio,연도×라벨,0.0118,12.6451
2016,비유동비율_diff,연도×라벨,-147.9768,3382.0911
2016,비유동비율_ratio,연도×라벨,0.1424,20.602
2016,비유동장기적합률_diff,연도×라벨,-99.1581,638.0641
2016,비유동장기적합률_ratio,연도×라벨,0.068,6.997
2016,유형자산비율_diff,연도×라벨,-37.7213,58.7063
2016,유형자산비율_ratio,연도×라벨,0.0,2.5563
2016,유형자산부채비율_diff,연도×라벨,-72.7715,289.3032
2016,유형자산부채비율_ratio,연도×라벨,0.0,4.9755
2016,ROA_diff,연도×라벨,-32.4612,8.3961
2016,ROA_ratio,연도×라벨,-23.1962,7.2584
2016,ROE_diff,연도×라벨,-124.0509,113.2859
2016,ROE_ratio,연도×라벨,-38.1233,36.7282
2016,ROIC_diff,연도×라벨,-49.1275,1.2978
2016,ROIC_ratio,연도×라벨,-18.1485,1.5058
2016,총자본영업이익률_diff,연도×라벨,-24.2379,-0.1309
2016,총자본영업이익률_ratio,연도×라벨,-7.534,0.9539
2016,매출총이익률_diff,연도×라벨,-35.091,64.8169
2016,매출총이익률_ratio,연도×라벨,0.0026,2.8423
2016,영업이익률_diff,연도×라벨,-93.2772,36.7486
2016,영업이익률_ratio,연도×라벨,-14.7173,7.1922
2016,순이익률_diff,연도×라벨,-93.0092,68.6531
2016,순이익률_ratio,연도×라벨,-47.3783,36.7096
2016,EBITDA마진_diff,연도×라벨,-73.1455,40.4128
2016,EBITDA마진_ratio,연도×라벨,-6.689,5.2482
2016,영업현금흐름비율_diff,연도×라벨,-96.0378,90.1021
2016,영업현금흐름비율_ratio,연도×라벨,-450.0032,481.7145
2016,현금ROA_diff,연도×라벨,-38.5835,41.465
2016,현금ROA_ratio,연도×라벨,-10.4203,13.2732
2016,현금ROE_diff,연도×라벨,-193.477,198.5892
2016,현금ROE_ratio,연도×라벨,-23.1001,25.7369
2016,매출원가율_diff,연도×라벨,-64.8169,35.091
2016,매출원가율_ratio,연도×라벨,0.0,1.5414
2016,판관비율_diff,연도×라벨,-27.3802,131.9066
2016,판관비율_ratio,연도×라벨,0.0639,5.5099
2016,감가상각비율_diff,연도×라벨,-3.5783,28.7674
2016,감가상각비율_ratio,연도×라벨,0.0,9.0394
2016,총자산회전율_diff,연도×라벨,-0.8054,4.1513
2016,총자산회전율_ratio,연도×라벨,0.0114,6.0959
2016,유동자산회전율_diff,연도×라벨,-3.11,15.1898
2016,유동자산회전율_ratio,연도×라벨,0.014,5.8158
2016,비유동자산회전율_diff,연도×라벨,-1.4413,180.1983
2016,비유동자산회전율_ratio,연도×라벨,0.0108,124.6731
2016,유형자산회전율_diff,연도×라벨,-4.6375,3623.0481
2016,유형자산회전율_ratio,연도×라벨,0.0073,776.5046
2016,자기자본회전율_diff,연도×라벨,-2.4244,75.2009
2016,자기자본회전율_ratio,연도×라벨,0.0083,31.7601
2016,투하자본회전율_diff,연도×라벨,-1.2841,44.0209
2016,투하자본회전율_ratio,연도×라벨,0.0077,35.0182
2016,매출채권회전율_diff,연도×라벨,-12.7349,295.4926
2016,매출채권회전율_ratio,연도×라벨,0.0616,22.7748
2016,매출채권회수기간_diff,연도×라벨,-103.3906,375.7938
2016,매출채권회수기간_ratio,연도×라벨,0.0122,4.5902
2016,재고자산회전율_diff,연도×라벨,-15.5067,127.1803
2016,재고자산회전율_ratio,연도×라벨,0.0104,9.1161
2016,재고자산보유기간_diff,연도×라벨,-58.5224,511.6032
2016,재고자산보유기간_ratio,연도×라벨,0.0425,9.3707
2016,매입채무회전율_diff,연도×라벨,-3.7092,1486.6865
2016,매입채무회전율_ratio,연도×라벨,0.001,401.4334
2016,매입채무지급기간_diff,연도×라벨,-227.3845,370.9012
2016,매입채무지급기간_ratio,연도×라벨,0.0043,2.6241
2016,현금전환주기_CCC_diff,연도×라벨,-70.3285,630.8706
2016,현금전환주기_CCC_ratio,연도×라벨,-9.0798,2.1237
2016,영업CF_유동부채_diff,연도×라벨,-131.8437,354.3664
2016,영업CF_유동부채_ratio,연도×라벨,-13.3137,39.4719
2016,영업CF_총부채_diff,연도×라벨,-96.3064,50.0521
2016,영업CF_총부채_ratio,연도×라벨,-13.7383,8.6597
2016,FCF_총자산_diff,연도×라벨,-48.9186,51.8438
2016,FCF_총자산_ratio,연도×라벨,-70.4959,68.4618
2016,매출액증가율_diff,연도×라벨,-86.574,249.1167
2016,매출액증가율_ratio,연도×라벨,-14.4241,45.3829
2016,영업이익증가율_diff,연도×라벨,-255.005,440.5658
2016,영업이익증가율_ratio,연도×라벨,-6.1298,13.3181
2016,순이익증가율_diff,연도×라벨,-245.2983,126.5504
2016,순이익증가율_ratio,연도×라벨,-16.4707,34.8642
2016,EBITDA증가율_diff,연도×라벨,-120.3685,601.8201
2016,EBITDA증가율_ratio,연도×라벨,-4.8192,30.0948
2016,총자산증가율_diff,연도×라벨,-55.302,106.4797
2016,총자산증가율_ratio,연도×라벨,-4.9225,12.4033
2016,유형자산증가율_diff,연도×라벨,-96.033,1234.734
2016,유형자산증가율_ratio,연도×라벨,-19.5368,265.0492
2016,자기자본증가율_diff,연도×라벨,-81.1196,291.4598
2016,자기자본증가율_ratio,연도×라벨,-14.6473,57.2203
2016,부채증가율_diff,연도×라벨,-77.4459,240.8298
2016,부채증가율_ratio,연도×라벨,-6.218,23.4453
2016,영업현금흐름증가율_diff,연도×라벨,-333.7641,476.7845
2016,영업현금흐름증가율_ratio,연도×라벨,-4.5232,8.89
2016,FCF증가율_diff,연도×라벨,-1643.457,1393.4978
2016,FCF증가율_ratio,연도×라벨,-5.9731,9.2239
2016,ROA변화_diff,연도×라벨,-28.8252,28.608
2016,ROA변화_ratio,연도×라벨,-25.4203,27.6209
2016,영업이익률변화_diff,연도×라벨,-40.6704,29.0777
2016,영업이익률변화_ratio,연도×라벨,-105.3571,149.7593
2016,부채비율변화_diff,연도×라벨,-1862.2466,1040.9198
2016,부채비율변화_ratio,연도×라벨,-108.8984,62.4287
2016,유동비율변화_diff,연도×라벨,-631.4625,104.0844
2016,유동비율변화_ratio,연도×라벨,-9.9818,67.6246
2016,업력_diff,연도×라벨,-31.5,19.5
2016,업력_ratio,연도×라벨,0.241,1.4699
2016,매출액영업이익률_diff_industry,연도×라벨,-90.1025,39.9233
2016,매출액영업이익률_ratio_industry,연도×라벨,-31.6458,15.465
2016,EBIT대매출액_diff_industry,연도×라벨,-90.4825,39.5433
2016,EBIT대매출액_ratio_industry,연도×라벨,-27.8161,13.5934
2016,EBITDA대매출액_diff_industry,연도×라벨,-67.7025,45.8558
2016,EBITDA대매출액_ratio_industry,연도×라벨,-15.6345,12.2668
2016,매출원가대매출액_diff_industry,연도×라벨,-80.47,19.4379
2016,매출원가대매출액_ratio_industry,연도×라벨,0.0,1.2416
2016,매출액순이익률_diff_industry,연도×라벨,-93.0067,68.6556
2016,매출액순이익률_ratio_industry,연도×라벨,-47.441,36.7581
2016,사내유보율_diff_industry,연도×라벨,-1370.175,12767.3977
2016,사내유보율_ratio_industry,연도×라벨,-13.2474,133.7586
2016,금융비용대매출액_diff_industry,연도×라벨,-0.4756,25.6422
2016,금융비용대매출액_ratio_industry,연도×라벨,0.0489,52.2845
2016,자기자본비율_diff_industry,연도×라벨,-68.2329,48.1228
2016,자기자본비율_ratio_industry,연도×라벨,-0.6773,2.183
2016,부채비율_diff_industry,연도×라벨,-132.9314,6319.1465
2016,부채비율_ratio_industry,연도×라벨,0.0882,44.3442
2016,유동비율_diff_industry,연도×라벨,-124.2198,3521.4058
2016,유동비율_ratio_industry,연도×라벨,0.0373,28.2914
2016,당좌비율_diff_industry,연도×라벨,-93.8066,113.0593
2016,당좌비율_ratio_industry,연도×라벨,0.0324,2.1662
2016,현금비율_diff_industry,연도×라벨,-19.0735,65.6722
2016,현금비율_ratio_industry,연도×라벨,0.0014,4.4383
2016,순운전자본대총자본_diff_industry,연도×라벨,-90.4409,46.4494
2016,순운전자본대총자본_ratio_industry,연도×라벨,-6.5556,4.8805
2016,비유동비율_diff_industry,연도×라벨,-90.4587,3439.6092
2016,비유동비율_ratio_industry,연도×라벨,0.2135,30.9044
2016,비유동장기적합률_diff_industry,연도×라벨,-72.3904,664.8317
2016,비유동장기적합률_ratio_industry,연도×라벨,0.0909,9.349
2016,차입금의존도_diff_industry,연도×라벨,-29.68,65.0285
2016,차입금의존도_ratio_industry,연도×라벨,0.0,3.191
2016,총자산회전율_diff_industry,연도×라벨,-1.6507,3.306
2016,총자산회전율_ratio_industry,연도×라벨,0.0056,2.9916
2016,자기자본회전율_diff_industry,연도×라벨,-4.1296,73.4957
2016,자기자본회전율_ratio_industry,연도×라벨,0.0049,18.7098
2016,비유동자산회전율_diff_industry,연도×라벨,-3.5443,178.0954
2016,비유동자산회전율_ratio_industry,연도×라벨,0.0044,51.0268
2016,유형자산회전율_diff_industry,연도×라벨,-6.6457,3621.04
2016,유형자산회전율_ratio_industry,연도×라벨,0.0051,543.0719
2016,재고자산회전율_diff_industry,연도×라벨,-12.2666,130.4204
2016,재고자산회전율_ratio_industry,연도×라벨,0.0131,11.4924
2016,매출채권회전율_diff_industry,연도×라벨,-7.6345,300.593
2016,매출채권회전율_ratio_industry,연도×라벨,0.0986,36.4891
2016,매입채무회전율_diff_industry,연도×라벨,-10.7865,1479.6092
2016,매입채무회전율_ratio_industry,연도×라벨,0.0003,138.1278
2016,총자산증가율_diff_industry,연도×라벨,-55.4644,106.3173
2016,총자산증가율_ratio_industry,연도×라벨,-4.8384,12.1913
2016,유형자산증가율_diff_industry,연도×라벨,-101.2069,1229.5601
2016,유형자산증가율_ratio_industry,연도×라벨,-9.2748,125.8284
2016,자기자본증가율_diff_industry,연도×라벨,-88.5253,284.054
2016,자기자본증가율_ratio_industry,연도×라벨,-6.0314,23.5619
2016,매출액증가율_diff_industry,연도×라벨,-86.0211,249.6696
2016,매출액증가율_ratio_industry,연도×라벨,-16.0002,50.3418
2017,부채비율,연도×라벨,2.4379,7084.784
2017,총부채비율,연도×라벨,2.3799,123.201
2017,장기부채비율,연도×라벨,0.0,1543.1888
2017,장기부채의존도,연도×라벨,0.0,77.0324
2017,차입금의존도,연도×라벨,0.0,97.3957
2017,순차입금비율,연도×라벨,-17.4528,4159.2652
2017,금융부채비율,연도×라벨,0.0,4185.7367
2017,자기자본비율,연도×라벨,-23.201,97.6201
2017,유보율,연도×라벨,-1221.12,20368.4936
2017,자본잠식률,연도×라벨,-25559.4167,1220.0
2017,유동비율,연도×라벨,3.7651,4469.8877
2017,당좌비율_추정,연도×라벨,2.6219,3698.8407
2017,현금비율,연도×라벨,0.0143,53.3137
2017,순운전자본비율,연도×라벨,-77.5005,74.9219
2017,순운전자본회전율,연도×라벨,0.0031,105.8653
2017,금융비용부담률,연도×라벨,0.0271,29.5896
2017,비유동비율,연도×라벨,20.88,3447.24
2017,비유동장기적합률,연도×라벨,18.5259,697.7127
2017,유형자산비율,연도×라벨,0.0,96.8667
2017,유형자산부채비율,연도×라벨,0.0,199.2929
2017,ROA,연도×라벨,-32.5347,6.1141
2017,ROE,연도×라벨,-89.9473,55.5153
2017,ROIC,연도×라벨,-53.4776,9.307
2017,총자본영업이익률,연도×라벨,-19.4622,4.1171
2017,매출총이익률,연도×라벨,0.0072,100.0
2017,영업이익률,연도×라벨,-89.1437,16.8566
2017,순이익률,연도×라벨,-145.5228,63.435
2017,EBITDA마진,연도×라벨,-81.9846,31.236
2017,영업현금흐름비율,연도×라벨,-116.4801,40.1196
2017,현금ROA,연도×라벨,-28.2163,33.4713
2017,현금ROE,연도×라벨,-151.8796,197.6722
2017,매출원가율,연도×라벨,0.0,99.9928
2017,판관비율,연도×라벨,3.7094,156.8472
2017,감가상각비율,연도×라벨,0.0098,33.2857
2017,총자산회전율,연도×라벨,0.0042,5.9657
2017,유동자산회전율,연도×라벨,0.0099,18.4541
2017,비유동자산회전율,연도×라벨,0.0056,52.9468
2017,유형자산회전율,연도×라벨,0.0181,966.2596
2017,자기자본회전율,연도×라벨,0.0101,74.0483
2017,투하자본회전율,연도×라벨,0.0061,17.4267
2017,매출채권회전율,연도×라벨,0.8356,419.8487
2017,매출채권회수기간,연도×라벨,1.1802,486.3346
2017,재고자산회전율,연도×라벨,0.2221,149.5153
2017,재고자산보유기간,연도×라벨,3.3382,641.2929
2017,매입채무회전율,연도×라벨,0.3746,1981.992
2017,매입채무지급기간,연도×라벨,0.4099,570.3113
2017,현금전환주기_CCC,연도×라벨,-123.5864,588.4293
2017,영업CF_유동부채,연도×라벨,-104.9087,61.8083
2017,영업CF_총부채,연도×라벨,-80.55,45.2466
2017,FCF_총자산,연도×라벨,-43.2443,50.225
2017,매출액증가율,연도×라벨,-77.9281,278.8504
2017,영업이익증가율,연도×라벨,-127.2202,197.4541
2017,순이익증가율,연도×라벨,-169.6455,349.3026
2017,EBITDA증가율,연도×라벨,-105.453,371.1648
2017,총자산증가율,연도×라벨,-42.5335,101.8386
2017,유형자산증가율,연도×라벨,-93.9318,121.2227
2017,자기자본증가율,연도×라벨,-64.9627,331.2551
2017,부채증가율,연도×라벨,-67.1238,187.0288
2017,영업현금흐름증가율,연도×라벨,-825.4621,1623.3236
2017,FCF증가율,연도×라벨,-1380.4036,444.1415
2017,ROA변화,연도×라벨,-30.2001,25.1886
2017,영업이익률변화,연도×라벨,-41.5559,33.7075
2017,부채비율변화,연도×라벨,-1949.0804,588.0668
2017,유동비율변화,연도×라벨,-282.8365,1227.7725
2017,부채비율_diff,연도×라벨,-172.4549,6909.8911
2017,부채비율_ratio,연도×라벨,0.0139,40.5093
2017,총부채비율_diff,연도×라벨,-54.9561,65.8651
2017,총부채비율_ratio,연도×라벨,0.0415,2.1488
2017,장기부채비율_diff,연도×라벨,-42.6652,1500.5236
2017,장기부채비율_ratio,연도×라벨,0.0,36.1697
2017,장기부채의존도_diff,연도×라벨,-16.6784,60.3539
2017,장기부채의존도_ratio,연도×라벨,0.0,4.6187
2017,차입금의존도_diff,연도×라벨,-27.2336,70.1621
2017,차입금의존도_ratio,연도×라벨,0.0,3.5763
2017,순차입금비율_diff,연도×라벨,-86.3291,4090.3888
2017,순차입금비율_ratio,연도×라벨,-0.2534,60.3874
2017,금융부채비율_diff,연도×라벨,-80.1052,4105.6315
2017,금융부채비율_ratio,연도×라벨,0.0,52.253
2017,자기자본비율_diff,연도×라벨,-65.8651,54.9561
2017,자기자본비율_ratio,연도×라벨,-0.5438,2.2881
2017,유보율_diff,연도×라벨,-13190.8262,8398.7874
2017,유보율_ratio,연도×라벨,-0.102,1.7017
2017,자본잠식률_diff,연도×라벨,-7151.1465,19628.2702
2017,자본잠식률_ratio,연도×라벨,-0.0663,1.3885
2017,유동비율_diff,연도×라벨,-88.714,4377.4086
2017,유동비율_ratio,연도×라벨,0.0407,48.334
2017,당좌비율_추정_diff,연도×라벨,-74.2828,3621.936
2017,당좌비율_추정_ratio,연도×라벨,0.0341,48.0964
2017,현금비율_diff,연도×라벨,-12.1606,41.1388
2017,현금비율_ratio,연도×라벨,0.0012,4.379
2017,순운전자본비율_diff,연도×라벨,-76.9177,75.5047
2017,순운전자본비율_ratio,연도×라벨,-128.5519,132.9763
2017,순운전자본회전율_diff,연도×라벨,-21.0957,84.7665
2017,순운전자본회전율_ratio,연도×라벨,0.0001,5.0176
2017,금융비용부담률_diff,연도×라벨,-1.0271,28.5354
2017,금융비용부담률_ratio,연도×라벨,0.0257,28.0676
2017,비유동비율_diff,연도×라벨,-126.9522,3299.4079
2017,비유동비율_ratio,연도×라벨,0.1412,23.3186
2017,비유동장기적합률_diff,연도×라벨,-84.8554,594.3315
2017,비유동장기적합률_ratio,연도×라벨,0.1792,6.7489
2017,유형자산비율_diff,연도×라벨,-39.7154,57.1513
2017,유형자산비율_ratio,연도×라벨,0.0,2.439
2017,유형자산부채비율_diff,연도×라벨,-81.474,117.8189
2017,유형자산부채비율_ratio,연도×라벨,0.0,2.4461
2017,ROA_diff,연도×라벨,-34.9121,3.7367
2017,ROA_ratio,연도×라벨,-13.6852,2.5718
2017,ROE_diff,연도×라벨,-96.6561,48.8065
2017,ROE_ratio,연도×라벨,-13.4075,8.275
2017,ROIC_diff,연도×라벨,-56.6916,6.093
2017,ROIC_ratio,연도×라벨,-16.6391,2.8958
2017,총자본영업이익률_diff,연도×라벨,-22.4919,1.0874
2017,총자본영업이익률_ratio,연도×라벨,-6.4237,1.3589
2017,매출총이익률_diff,연도×라벨,-33.8063,66.1864
2017,매출총이익률_ratio,연도×라벨,0.0002,2.9574
2017,영업이익률_diff,연도×라벨,-96.1563,9.8441
2017,영업이익률_ratio,연도×라벨,-12.7121,2.4038
2017,순이익률_diff,연도×라벨,-150.8686,58.0892
2017,순이익률_ratio,연도×라벨,-27.2219,11.8663
2017,EBITDA마진_diff,연도×라벨,-92.5283,20.6923
2017,EBITDA마진_ratio,연도×라벨,-7.7757,2.9625
2017,영업현금흐름비율_diff,연도×라벨,-116.1296,40.4701
2017,영업현금흐름비율_ratio,연도×라벨,-114.4507,332.2875
2017,현금ROA_diff,연도×라벨,-29.2381,32.4495
2017,현금ROA_ratio,연도×라벨,-27.6141,32.757
2017,현금ROE_diff,연도×라벨,-150.4535,199.0983
2017,현금ROE_ratio,연도×라벨,-138.6113,106.5007
2017,매출원가율_diff,연도×라벨,-66.1864,33.8063
2017,매출원가율_ratio,연도×라벨,0.0,1.5108
2017,판관비율_diff,연도×라벨,-23.0917,130.0462
2017,판관비율_ratio,연도×라벨,0.1384,5.8523
2017,감가상각비율_diff,연도×라벨,-3.5213,29.7546
2017,감가상각비율_ratio,연도×라벨,0.0028,9.4264
2017,총자산회전율_diff,연도×라벨,-0.938,5.0235
2017,총자산회전율_ratio,연도×라벨,0.0045,6.3317
2017,유동자산회전율_diff,연도×라벨,-3.1619,15.2822
2017,유동자산회전율_ratio,연도×라벨,0.0031,5.8181
2017,비유동자산회전율_diff,연도×라벨,-1.7376,51.2035
2017,비유동자산회전율_ratio,연도×라벨,0.0032,30.3721
2017,유형자산회전율_diff,연도×라벨,-4.8649,961.3767
2017,유형자산회전율_ratio,연도×라벨,0.0037,197.8855
2017,자기자본회전율_diff,연도×라벨,-2.605,71.4332
2017,자기자본회전율_ratio,연도×라벨,0.0039,28.3155
2017,투하자본회전율_diff,연도×라벨,-1.4272,15.9935
2017,투하자본회전율_ratio,연도×라벨,0.0042,12.1589
2017,매출채권회전율_diff,연도×라벨,-10.2189,408.7942
2017,매출채권회전율_ratio,연도×라벨,0.0756,37.9799
2017,매출채권회수기간_diff,연도×라벨,-127.045,358.1094
2017,매출채권회수기간_ratio,연도×라벨,0.0092,3.7928
2017,재고자산회전율_diff,연도×라벨,-22.9643,126.3289
2017,재고자산회전율_ratio,연도×라벨,0.0096,6.4484
2017,재고자산보유기간_diff,연도×라벨,-46.7339,591.2208
2017,재고자산보유기간_ratio,연도×라벨,0.0667,12.8074
2017,매입채무회전율_diff,연도×라벨,-4.0556,1977.5618
2017,매입채무회전율_ratio,연도×라벨,0.0846,447.3824
2017,매입채무지급기간_diff,연도×라벨,-219.9156,349.9858
2017,매입채무지급기간_ratio,연도×라벨,0.0019,2.5885
2017,현금전환주기_CCC_diff,연도×라벨,-81.5583,630.4574
2017,현금전환주기_CCC_ratio,연도×라벨,-14.0008,2.9406
2017,영업CF_유동부채_diff,연도×라벨,-110.2609,56.4561
2017,영업CF_유동부채_ratio,연도×라벨,-19.6011,11.5482
2017,영업CF_총부채_diff,연도×라벨,-83.8593,41.9373
2017,영업CF_총부채_ratio,연도×라벨,-24.3408,13.6727
2017,FCF_총자산_diff,연도×라벨,-42.597,50.8722
2017,FCF_총자산_ratio,연도×라벨,-77.598,66.8127
2017,매출액증가율_diff,연도×라벨,-84.4299,272.3486
2017,매출액증가율_ratio,연도×라벨,-11.9855,42.8879
2017,영업이익증가율_diff,연도×라벨,-179.3375,145.3368
2017,영업이익증가율_ratio,연도×라벨,-2.441,3.7886
2017,순이익증가율_diff,연도×라벨,-400.4335,118.5146
2017,순이익증가율_ratio,연도×라벨,-0.7351,1.5135
2017,EBITDA증가율_diff,연도×라벨,-122.3695,354.2483
2017,EBITDA증가율_ratio,연도×라벨,-6.2337,21.941
2017,총자산증가율_diff,연도×라벨,-55.6928,88.6793
2017,총자산증가율_ratio,연도×라벨,-3.2322,7.7389
2017,유형자산증가율_diff,연도×라벨,-101.6981,113.4564
2017,유형자산증가율_ratio,연도×라벨,-12.0948,15.6088
2017,자기자본증가율_diff,연도×라벨,-77.295,318.9228
2017,자기자본증가율_ratio,연도×라벨,-5.2677,26.8607
2017,부채증가율_diff,연도×라벨,-93.2961,160.8565
2017,부채증가율_ratio,연도×라벨,-2.5647,7.1461
2017,영업현금흐름증가율_diff,연도×라벨,-801.1314,1647.6543
2017,영업현금흐름증가율_ratio,연도×라벨,-66.7193,33.9268
2017,FCF증가율_diff,연도×라벨,-1354.8726,469.6724
2017,FCF증가율_ratio,연도×라벨,-17.3962,54.0679
2017,ROA변화_diff,연도×라벨,-31.0422,24.3465
2017,ROA변화_ratio,연도×라벨,-35.8642,29.9128
2017,영업이익률변화_diff,연도×라벨,-41.933,33.3304
2017,영업이익률변화_ratio,연도×라벨,-110.1853,89.3754
2017,부채비율변화_diff,연도×라벨,-1938.8466,598.3006
2017,부채비율변화_ratio,연도×라벨,-57.4633,190.4556
2017,유동비율변화_diff,연도×라벨,-270.2312,1240.3778
2017,유동비율변화_ratio,연도×라벨,-97.4014,22.4379
2017,업력_diff,연도×라벨,-30.7,18.88
2017,업력_ratio,연도×라벨,0.2267,1.4756
2017,매출액영업이익률_diff_industry,연도×라벨,-91.9037,14.0966
2017,매출액영업이익률_ratio_industry,연도×라벨,-32.2985,6.1075
2017,EBIT대매출액_diff_industry,연도×라벨,-92.9537,13.0466
2017,EBIT대매출액_ratio_industry,연도×라벨,-23.3973,4.4243
2017,EBITDA대매출액_diff_industry,연도×라벨,-86.7046,26.516
2017,EBITDA대매출액_ratio_industry,연도×라벨,-17.3696,6.6178
2017,매출원가대매출액_diff_industry,연도×라벨,-80.78,19.2128
2017,매출원가대매출액_ratio_industry,연도×라벨,0.0,1.2378
2017,매출액순이익률_diff_industry,연도×라벨,-148.1928,60.765
2017,매출액순이익률_ratio_industry,연도×라벨,-54.5029,23.7584
2017,사내유보율_diff_industry,연도×라벨,-1316.87,20272.7436
2017,사내유보율_ratio_industry,연도×라벨,-12.7532,212.7258
2017,금융비용대매출액_diff_industry,연도×라벨,-0.4429,29.1196
2017,금융비용대매출액_ratio_industry,연도×라벨,0.0577,62.9567
2017,자기자본비율_diff_industry,연도×라벨,-68.771,52.0501
2017,자기자본비율_ratio_industry,연도×라벨,-0.5091,2.1422
2017,부채비율_diff_industry,연도×라벨,-117.0221,6965.324
2017,부채비율_ratio_industry,연도×라벨,0.0204,59.3067
2017,유동비율_diff_industry,연도×라벨,-128.2549,4337.8677
2017,유동비율_ratio_industry,연도×라벨,0.0285,33.8577
2017,당좌비율_diff_industry,연도×라벨,-97.6881,3598.5307
2017,당좌비율_ratio_industry,연도×라벨,0.0261,36.8741
2017,현금비율_diff_industry,연도×라벨,-20.8257,32.4737
2017,현금비율_ratio_industry,연도×라벨,0.0007,2.5582
2017,순운전자본대총자본_diff_industry,연도×라벨,-90.5805,61.8419
2017,순운전자본대총자본_ratio_industry,연도×라벨,-5.9251,5.728
2017,비유동비율_diff_industry,연도×라벨,-80.25,3346.11
2017,비유동비율_ratio_industry,연도×라벨,0.2065,34.0872
2017,비유동장기적합률_diff_industry,연도×라벨,-59.3741,619.8127
2017,비유동장기적합률_ratio_industry,연도×라벨,0.2378,8.9565
2017,차입금의존도_diff_industry,연도×라벨,-25.74,71.6557
2017,차입금의존도_ratio_industry,연도×라벨,0.0,3.7838
2017,총자산회전율_diff_industry,연도×라벨,-1.6858,4.2757
2017,총자산회전율_ratio_industry,연도×라벨,0.0025,3.53
2017,자기자본회전율_diff_industry,연도×라벨,-3.8999,70.1383
2017,자기자본회전율_ratio_industry,연도×라벨,0.0026,18.9382
2017,비유동자산회전율_diff_industry,연도×라벨,-3.6344,49.3068
2017,비유동자산회전율_ratio_industry,연도×라벨,0.0016,14.5458
2017,유형자산회전율_diff_industry,연도×라벨,-6.8319,959.4096
2017,유형자산회전율_ratio_industry,연도×라벨,0.0026,141.0598
2017,재고자산회전율_diff_industry,연도×라벨,-12.6979,136.5953
2017,재고자산회전율_ratio_industry,연도×라벨,0.0172,11.5724
2017,매출채권회전율_diff_industry,연도×라벨,-7.8244,411.1887
2017,매출채권회전율_ratio_industry,연도×라벨,0.0965,48.4814
2017,매입채무회전율_diff_industry,연도×라벨,-10.8454,1970.772
2017,매입채무회전율_ratio_industry,연도×라벨,0.0334,176.6481
2017,총자산증가율_diff_industry,연도×라벨,-50.7635,93.6086
2017,총자산증가율_ratio_industry,연도×라벨,-5.1681,12.3741
2017,유형자산증가율_diff_industry,연도×라벨,-100.5418,114.6127
2017,유형자산증가율_ratio_industry,연도×라벨,-14.2106,18.3393
2017,자기자본증가율_diff_industry,연도×라벨,-86.1827,310.0351
2017,자기자본증가율_ratio_industry,연도×라벨,-3.0614,15.6105
2017,매출액증가율_diff_industry,연도×라벨,-88.2581,268.5204
2017,매출액증가율_ratio_industry,연도×라벨,-7.5439,26.9942
2018,부채비율,연도×라벨,17.109,6267.3621
2018,총부채비율,연도×라벨,14.6072,134.5588
2018,장기부채비율,연도×라벨,0.0,1263.2937
2018,장기부채의존도,연도×라벨,0.0,79.0283
2018,차입금의존도,연도×라벨,0.0,99.3277
2018,순차입금비율,연도×라벨,-37.5174,3326.1396
2018,금융부채비율,연도×라벨,0.0,3341.9414
2018,자기자본비율,연도×라벨,-34.5588,85.3928
2018,유보율,연도×라벨,-1530.935,33997.116
2018,자본잠식률,연도×라벨,-35165.17,1464.5967
2018,유동비율,연도×라벨,5.3079,1338.0384
2018,당좌비율_추정,연도×라벨,3.3809,1286.6211
2018,현금비율,연도×라벨,0.0111,169.3973
2018,순운전자본비율,연도×라벨,-85.7358,70.984
2018,순운전자본회전율,연도×라벨,0.0061,62.6688
2018,금융비용부담률,연도×라벨,0.018,27.4072
2018,비유동비율,연도×라벨,17.9362,2291.73
2018,비유동장기적합률,연도×라벨,6.1305,720.2155
2018,유형자산비율,연도×라벨,0.0,96.2736
2018,유형자산부채비율,연도×라벨,0.0,163.2446
2018,ROA,연도×라벨,-33.1955,26.6469
2018,ROE,연도×라벨,-122.996,119.822
2018,ROIC,연도×라벨,-66.5689,4.6561
2018,총자본영업이익률,연도×라벨,-28.6481,3.0815
2018,매출총이익률,연도×라벨,-0.1517,100.0
2018,영업이익률,연도×라벨,-137.6608,23.3964
2018,순이익률,연도×라벨,-132.1698,85.6094
2018,EBITDA마진,연도×라벨,-124.2583,52.7666
2018,영업현금흐름비율,연도×라벨,-130.7539,43.5249
2018,현금ROA,연도×라벨,-34.5169,26.3684
2018,현금ROE,연도×라벨,-162.8243,268.5177
2018,매출원가율,연도×라벨,0.0,100.1525
2018,판관비율,연도×라벨,5.3065,209.487
2018,감가상각비율,연도×라벨,0.0,26.6891
2018,총자산회전율,연도×라벨,0.0002,6.9437
2018,유동자산회전율,연도×라벨,0.0002,15.5156
2018,비유동자산회전율,연도×라벨,0.0005,141.6741
2018,유형자산회전율,연도×라벨,0.0205,528.9718
2018,자기자본회전율,연도×라벨,0.0032,71.7182
2018,투하자본회전율,연도×라벨,0.0004,50.7327
2018,매출채권회전율,연도×라벨,0.9775,506.4028
2018,매출채권회수기간,연도×라벨,0.9363,376.1693
2018,재고자산회전율,연도×라벨,0.1637,815.7499
2018,재고자산보유기간,연도×라벨,0.6412,514.5691
2018,매입채무회전율,연도×라벨,0.2319,1661.303
2018,매입채무지급기간,연도×라벨,0.4132,591.7319
2018,현금전환주기_CCC,연도×라벨,-147.5161,523.5672
2018,영업CF_유동부채,연도×라벨,-99.9998,45.3692
2018,영업CF_총부채,연도×라벨,-61.8276,23.9727
2018,FCF_총자산,연도×라벨,-53.4259,55.8393
2018,매출액증가율,연도×라벨,-73.124,309.8591
2018,영업이익증가율,연도×라벨,-377.1372,685.2231
2018,순이익증가율,연도×라벨,-395.5987,1092.4266
2018,EBITDA증가율,연도×라벨,-324.6397,124.4075
2018,총자산증가율,연도×라벨,-49.486,82.8456
2018,유형자산증가율,연도×라벨,-86.3283,152.5432
2018,자기자본증가율,연도×라벨,-85.1091,238.5622
2018,부채증가율,연도×라벨,-69.658,208.0405
2018,영업현금흐름증가율,연도×라벨,-361.6791,316.0797
2018,FCF증가율,연도×라벨,-922.2333,819.4369
2018,ROA변화,연도×라벨,-30.1854,22.0249
2018,영업이익률변화,연도×라벨,-63.4465,28.0806
2018,부채비율변화,연도×라벨,-1365.6654,911.1765
2018,유동비율변화,연도×라벨,-1121.5579,914.9626
2018,부채비율_diff,연도×라벨,-172.5494,6077.7037
2018,부채비율_ratio,연도×라벨,0.0902,33.0455
2018,총부채비율_diff,연도×라벨,-43.3029,76.6487
2018,총부채비율_ratio,연도×라벨,0.2522,2.3236
2018,장기부채비율_diff,연도×라벨,-47.2942,1215.9995
2018,장기부채비율_ratio,연도×라벨,0.0,26.7114
2018,장기부채의존도_diff,연도×라벨,-18.0158,61.0125
2018,장기부채의존도_ratio,연도×라벨,0.0,4.3866
2018,차입금의존도_diff,연도×라벨,-28.2199,71.1078
2018,차입금의존도_ratio,연도×라벨,0.0,3.5198
2018,순차입금비율_diff,연도×라벨,-115.8946,3247.7624
2018,순차입금비율_ratio,연도×라벨,-0.4787,42.4376
2018,금융부채비율_diff,연도×라벨,-89.9322,3252.0092
2018,금융부채비율_ratio,연도×라벨,0.0,37.1607
2018,자기자본비율_diff,연도×라벨,-76.6487,43.3029
2018,자기자본비율_ratio,연도×라벨,-0.8211,2.0288
2018,유보율_diff,연도×라벨,-14226.4379,21301.6131
2018,유보율_ratio,연도×라벨,-0.1206,2.6779
2018,자본잠식률_diff,연도×라벨,-17878.0767,18751.69
2018,자본잠식률_ratio,연도×라벨,-0.0847,2.0342
2018,유동비율_diff,연도×라벨,-91.5888,1241.1416
2018,유동비율_ratio,연도×라벨,0.0548,13.8089
2018,당좌비율_추정_diff,연도×라벨,-73.8035,1209.4367
2018,당좌비율_추정_ratio,연도×라벨,0.0438,16.6694
2018,현금비율_diff,연도×라벨,-12.8591,156.5271
2018,현금비율_ratio,연도×라벨,0.0009,13.162
2018,순운전자본비율_diff,연도×라벨,-86.5163,70.2035
2018,순운전자본비율_ratio,연도×라벨,-109.8413,90.9419
2018,순운전자본회전율_diff,연도×라벨,-9.9085,52.7542
2018,순운전자본회전율_ratio,연도×라벨,0.0006,6.3208
2018,금융비용부담률_diff,연도×라벨,-1.0463,26.343
2018,금융비용부담률_ratio,연도×라벨,0.0169,25.752
2018,비유동비율_diff,연도×라벨,-130.9471,2142.8467
2018,비유동비율_ratio,연도×라벨,0.1205,15.3928
2018,비유동장기적합률_diff,연도×라벨,-94.6814,619.4036
2018,비유동장기적합률_ratio,연도×라벨,0.0608,7.1442
2018,유형자산비율_diff,연도×라벨,-39.1754,57.0982
2018,유형자산비율_ratio,연도×라벨,0.0,2.4575
2018,유형자산부채비율_diff,연도×라벨,-80.1924,83.0522
2018,유형자산부채비율_ratio,연도×라벨,0.0,2.0357
2018,ROA_diff,연도×라벨,-34.7594,25.083
2018,ROA_ratio,연도×라벨,-21.2259,17.0386
2018,ROE_diff,연도×라벨,-126.8432,115.9748
2018,ROE_ratio,연도×라벨,-31.9707,31.1456
2018,ROIC_diff,연도×라벨,-69.7626,1.4624
2018,ROIC_ratio,연도×라벨,-20.8437,1.4579
2018,총자본영업이익률_diff,연도×라벨,-31.6812,0.0484
2018,총자본영업이익률_ratio,연도×라벨,-9.4452,1.0159
2018,매출총이익률_diff,연도×라벨,-32.0147,68.137
2018,매출총이익률_ratio,연도×라벨,-0.0048,3.1384
2018,영업이익률_diff,연도×라벨,-143.7513,17.306
2018,영업이익률_ratio,연도×라벨,-22.6027,3.8415
2018,순이익률_diff,연도×라벨,-135.9823,81.797
2018,순이익률_ratio,연도×라벨,-34.6682,22.4554
2018,EBITDA마진_diff,연도×라벨,-133.6449,43.38
2018,EBITDA마진_ratio,연도×라벨,-13.2378,5.6215
2018,영업현금흐름비율_diff,연도×라벨,-128.8967,45.3821
2018,영업현금흐름비율_ratio,연도×라벨,-23.4361,70.4048
2018,현금ROA_diff,연도×라벨,-35.0547,25.8306
2018,현금ROA_ratio,연도×라벨,-64.1776,49.027
2018,현금ROE_diff,연도×라벨,-158.4867,272.8553
2018,현금ROE_ratio,연도×라벨,-61.9043,37.5377
2018,매출원가율_diff,연도×라벨,-68.137,32.0154
2018,매출원가율_ratio,연도×라벨,0.0,1.4699
2018,판관비율_diff,연도×라벨,-20.466,183.7145
2018,판관비율_ratio,연도×라벨,0.2059,8.1283
2018,감가상각비율_diff,연도×라벨,-3.2961,23.3929
2018,감가상각비율_ratio,연도×라벨,0.0,8.0971
2018,총자산회전율_diff,연도×라벨,-0.9392,6.0044
2018,총자산회전율_ratio,연도×라벨,0.0002,7.3922
2018,유동자산회전율_diff,연도×라벨,-3.1396,12.3758
2018,유동자산회전율_ratio,연도×라벨,0.0001,4.9416
2018,비유동자산회전율_diff,연도×라벨,-1.7505,139.9231
2018,비유동자산회전율_ratio,연도×라벨,0.0003,80.9104
2018,유형자산회전율_diff,연도×라벨,-4.9088,524.0424
2018,유형자산회전율_ratio,연도×라벨,0.0042,107.3109
2018,자기자본회전율_diff,연도×라벨,-2.5888,69.1261
2018,자기자본회전율_ratio,연도×라벨,0.0012,27.6684
2018,투하자본회전율_diff,연도×라벨,-1.4109,49.3214
2018,투하자본회전율_ratio,연도×라벨,0.0003,35.9468
2018,매출채권회전율_diff,연도×라벨,-9.3807,496.0446
2018,매출채권회전율_ratio,연도×라벨,0.0944,48.8891
2018,매출채권회수기간_diff,연도×라벨,-85.1727,290.0603
2018,매출채권회수기간_ratio,연도×라벨,0.0109,4.3685
2018,재고자산회전율_diff,연도×라벨,-29.4735,786.1126
2018,재고자산회전율_ratio,연도×라벨,0.0055,27.5245
2018,재고자산보유기간_diff,연도×라벨,-51.1391,462.7889
2018,재고자산보유기간_ratio,연도×라벨,0.0124,9.9375
2018,매입채무회전율_diff,연도×라벨,-4.3427,1656.7284
2018,매입채무회전율_ratio,연도×라벨,0.0507,363.1607
2018,매입채무지급기간_diff,연도×라벨,-178.6912,412.6275
2018,매입채무지급기간_ratio,연도×라벨,0.0023,3.3038
2018,현금전환주기_CCC_diff,연도×라벨,-106.301,564.7823
2018,현금전환주기_CCC_ratio,연도×라벨,-12.7033,3.5792
2018,영업CF_유동부채_diff,연도×라벨,-104.3822,40.9868
2018,영업CF_유동부채_ratio,연도×라벨,-22.8186,10.3526
2018,영업CF_총부채_diff,연도×라벨,-64.7131,21.0873
2018,영업CF_총부채_ratio,연도×라벨,-21.427,8.308
2018,FCF_총자산_diff,연도×라벨,-51.2581,58.0071
2018,FCF_총자산_ratio,연도×라벨,-25.7587,24.6454
2018,매출액증가율_diff,연도×라벨,-83.2389,299.7443
2018,매출액증가율_ratio,연도×라벨,-7.2294,30.6341
2018,영업이익증가율_diff,연도×라벨,-378.1695,684.1908
2018,영업이익증가율_ratio,연도×라벨,-365.3665,663.8367
2018,순이익증가율_diff,연도×라벨,-187.8737,1300.1515
2018,순이익증가율_ratio,연도×라벨,-5.259,1.9044
2018,EBITDA증가율_diff,연도×라벨,-327.0585,121.9887
2018,EBITDA증가율_ratio,연도×라벨,-134.214,51.4331
2018,총자산증가율_diff,연도×라벨,-55.6138,76.7177
2018,총자산증가율_ratio,연도×라벨,-8.0756,13.5196
2018,유형자산증가율_diff,연도×라벨,-88.167,150.7045
2018,유형자산증가율_ratio,연도×라벨,-46.9507,82.9624
2018,자기자본증가율_diff,연도×라벨,-87.9609,235.7104
2018,자기자본증가율_ratio,연도×라벨,-29.8443,83.6541
2018,부채증가율_diff,연도×라벨,-76.8341,200.8644
2018,부채증가율_ratio,연도×라벨,-9.707,28.9908
2018,영업현금흐름증가율_diff,연도×라벨,-353.3577,324.4011
2018,영업현금흐름증가율_ratio,연도×라벨,-37.9837,43.4634
2018,FCF증가율_diff,연도×라벨,-943.9846,797.6857
2018,FCF증가율_ratio,연도×라벨,-42.3991,37.6731
2018,ROA변화_diff,연도×라벨,-29.3719,22.8384
2018,ROA변화_ratio,연도×라벨,-27.076,37.1079
2018,영업이익률변화_diff,연도×라벨,-62.5244,29.0027
2018,영업이익률변화_ratio,연도×라벨,-30.4543,68.8096
2018,부채비율변화_diff,연도×라벨,-1380.431,896.4109
2018,부채비율변화_ratio,연도×라벨,-92.4896,61.7094
2018,유동비율변화_diff,연도×라벨,-1125.9756,910.5449
2018,유동비율변화_ratio,연도×라벨,-253.8783,207.1129
2018,업력_diff,연도×라벨,-31.7,14.74
2018,업력_ratio,연도×라벨,0.2015,1.3713
2018,매출액영업이익률_diff_industry,연도×라벨,-140.2108,20.8464
2018,매출액영업이익률_ratio_industry,연도×라벨,-53.9846,9.1751
2018,EBIT대매출액_diff_industry,연도×라벨,-140.7108,20.3464
2018,EBIT대매출액_ratio_industry,연도×라벨,-45.1347,7.671
2018,EBITDA대매출액_diff_industry,연도×라벨,-128.2483,48.7766
2018,EBITDA대매출액_ratio_industry,연도×라벨,-31.1424,13.2247
2018,매출원가대매출액_diff_industry,연도×라벨,-80.74,19.4125
2018,매출원가대매출액_ratio_industry,연도×라벨,0.0,1.2404
2018,매출액순이익률_diff_industry,연도×라벨,-133.9898,83.7894
2018,매출액순이익률_ratio_industry,연도×라벨,-72.6208,47.0381
2018,사내유보율_diff_industry,연도×라벨,-1626.895,33901.156
2018,사내유보율_ratio_industry,연도×라벨,-15.9539,354.2842
2018,금융비용대매출액_diff_industry,연도×라벨,-0.492,26.8972
2018,금융비용대매출액_ratio_industry,연도×라벨,0.0352,53.7397
2018,자기자본비율_diff_industry,연도×라벨,-80.4888,39.4628
2018,자기자본비율_ratio_industry,연도×라벨,-0.7524,1.8592
2018,부채비율_diff_industry,연도×라벨,-100.631,6149.6221
2018,부채비율_ratio_industry,연도×라벨,0.1453,53.2305
2018,유동비율_diff_industry,연도×라벨,-130.5821,1202.1484
2018,유동비율_ratio_industry,연도×라벨,0.0391,9.8465
2018,당좌비율_diff_industry,연도×라벨,-98.9591,1184.2811
2018,당좌비율_ratio_industry,연도×라벨,0.033,12.572
2018,현금비율_diff_industry,연도×라벨,-20.4489,148.9373
2018,현금비율_ratio_industry,연도×라벨,0.0005,8.2794
2018,순운전자본대총자본_diff_industry,연도×라벨,-99.8958,56.824
2018,순운전자본대총자본_ratio_industry,연도×라벨,-6.0548,5.013
2018,비유동비율_diff_industry,연도×라벨,-83.0538,2190.74
2018,비유동비율_ratio_industry,연도×라벨,0.1776,22.6926
2018,비유동장기적합률_diff_industry,연도×라벨,-70.4795,643.6055
2018,비유동장기적합률_ratio_industry,연도×라벨,0.08,9.4011
2018,차입금의존도_diff_industry,연도×라벨,-26.19,73.1377
2018,차입금의존도_ratio_industry,연도×라벨,0.0,3.7926
2018,총자산회전율_diff_industry,연도×라벨,-1.6498,5.2937
2018,총자산회전율_ratio_industry,연도×라벨,0.0001,4.2083
2018,자기자본회전율_diff_industry,연도×라벨,-3.5968,68.1182
2018,자기자본회전율_ratio_industry,연도×라벨,0.0009,19.9217
2018,비유동자산회전율_diff_industry,연도×라벨,-3.5595,138.1141
2018,비유동자산회전율_ratio_industry,연도×라벨,0.0001,39.7961
2018,유형자산회전율_diff_industry,연도×라벨,-6.7495,522.2018
2018,유형자산회전율_ratio_industry,연도×라벨,0.003,78.1347
2018,재고자산회전율_diff_industry,연도×라벨,-12.5263,803.0599
2018,재고자산회전율_ratio_industry,연도×라벨,0.0129,64.2829
2018,매출채권회전율_diff_industry,연도×라벨,-7.7525,497.6728
2018,매출채권회전율_ratio_industry,연도×라벨,0.112,58.0072
2018,매입채무회전율_diff_industry,연도×라벨,-11.4081,1649.663
2018,매입채무회전율_ratio_industry,연도×라벨,0.0199,142.7236
2018,총자산증가율_diff_industry,연도×라벨,-56.046,76.2856
2018,총자산증가율_ratio_industry,연도×라벨,-7.5436,12.6289
2018,유형자산증가율_diff_industry,연도×라벨,-93.1183,145.7532
2018,유형자산증가율_ratio_industry,연도×라벨,-12.714,22.4659
2018,자기자본증가율_diff_industry,연도×라벨,-92.1991,231.4722
2018,자기자본증가율_ratio_industry,연도×라벨,-12.0041,33.6477
2018,매출액증가율_diff_industry,연도×라벨,-78.374,304.6091
2018,매출액증가율_ratio_industry,연도×라벨,-13.9284,59.0208
2019,부채비율,연도×라벨,10.6647,5076.8176
2019,총부채비율,연도×라벨,9.6369,125.7244
2019,장기부채비율,연도×라벨,0.0,1366.1568
2019,장기부채의존도,연도×라벨,0.0,79.668
2019,차입금의존도,연도×라벨,0.0,97.3021
2019,순차입금비율,연도×라벨,-57.5747,2712.6476
2019,금융부채비율,연도×라벨,0.0,2794.4274
2019,자기자본비율,연도×라벨,-25.7141,90.3631
2019,유보율,연도×라벨,-1404.7455,28140.9625
2019,자본잠식률,연도×라벨,-22428.1562,1201.1066
2019,유동비율,연도×라벨,8.6192,4983.1932
2019,당좌비율_추정,연도×라벨,3.7543,4921.9075
2019,현금비율,연도×라벨,0.0112,371.9782
2019,순운전자본비율,연도×라벨,-68.8724,84.3575
2019,순운전자본회전율,연도×라벨,0.0106,174.3674
2019,금융비용부담률,연도×라벨,0.0223,30.3965
2019,비유동비율,연도×라벨,3.4754,2344.4128
2019,비유동장기적합률,연도×라벨,2.6296,518.9667
2019,유형자산비율,연도×라벨,0.0,95.2861
2019,유형자산부채비율,연도×라벨,0.0,204.9382
2019,ROA,연도×라벨,-32.9567,29.2672
2019,ROE,연도×라벨,-103.3837,101.7082
2019,ROIC,연도×라벨,-63.42,2.6475
2019,총자본영업이익률,연도×라벨,-25.0812,2.3651
2019,매출총이익률,연도×라벨,0.533,100.0
2019,영업이익률,연도×라벨,-71.4815,11.7692
2019,순이익률,연도×라벨,-87.0433,60.093
2019,EBITDA마진,연도×라벨,-64.4925,44.7179
2019,영업현금흐름비율,연도×라벨,-100.4853,49.3301
2019,현금ROA,연도×라벨,-34.9236,34.3834
2019,현금ROE,연도×라벨,-134.9474,138.3855
2019,매출원가율,연도×라벨,0.0,99.4488
2019,판관비율,연도×라벨,2.3963,128.7284
2019,감가상각비율,연도×라벨,0.0015,24.1091
2019,총자산회전율,연도×라벨,0.0025,5.7337
2019,유동자산회전율,연도×라벨,0.0044,14.3503
2019,비유동자산회전율,연도×라벨,0.0068,124.9737
2019,유형자산회전율,연도×라벨,0.0329,684.0381
2019,자기자본회전율,연도×라벨,0.0068,78.2999
2019,투하자본회전율,연도×라벨,0.0019,49.0299
2019,매출채권회전율,연도×라벨,0.9824,780.8783
2019,매출채권회수기간,연도×라벨,0.7001,428.2045
2019,재고자산회전율,연도×라벨,0.0799,620.1458
2019,재고자산보유기간,연도×라벨,0.6968,698.529
2019,매입채무회전율,연도×라벨,0.185,222.1575
2019,매입채무지급기간,연도×라벨,1.9466,484.8356
2019,현금전환주기_CCC,연도×라벨,-129.3965,555.9698
2019,영업CF_유동부채,연도×라벨,-124.1953,57.6476
2019,영업CF_총부채,연도×라벨,-82.7747,45.5818
2019,FCF_총자산,연도×라벨,-53.2595,42.9675
2019,매출액증가율,연도×라벨,-76.1108,158.8591
2019,영업이익증가율,연도×라벨,-219.0612,912.8485
2019,순이익증가율,연도×라벨,-323.0611,225.5509
2019,EBITDA증가율,연도×라벨,-133.3445,643.1318
2019,총자산증가율,연도×라벨,-46.1262,133.0097
2019,유형자산증가율,연도×라벨,-83.0078,1036.5773
2019,자기자본증가율,연도×라벨,-79.3161,237.7355
2019,부채증가율,연도×라벨,-59.8155,146.1897
2019,영업현금흐름증가율,연도×라벨,-560.0404,1072.4039
2019,FCF증가율,연도×라벨,-983.1705,798.125
2019,ROA변화,연도×라벨,-31.278,18.6806
2019,영업이익률변화,연도×라벨,-42.6203,27.4016
2019,부채비율변화,연도×라벨,-1125.6596,860.5081
2019,유동비율변화,연도×라벨,-902.3734,1290.7779
2019,부채비율_diff,연도×라벨,-208.2101,4857.9428
2019,부채비율_ratio,연도×라벨,0.0487,23.1951
2019,총부채비율_diff,연도×라벨,-50.4309,65.6566
2019,총부채비율_ratio,연도×라벨,0.1604,2.093
2019,장기부채비율_diff,연도×라벨,-75.7508,1290.4061
2019,장기부채비율_ratio,연도×라벨,0.0,18.0349
2019,장기부채의존도_diff,연도×라벨,-25.3351,54.333
2019,장기부채의존도_ratio,연도×라벨,0.0,3.1446
2019,차입금의존도_diff,연도×라벨,-26.9634,70.3386
2019,차입금의존도_ratio,연도×라벨,0.0,3.6087
2019,순차입금비율_diff,연도×라벨,-148.0317,2622.1906
2019,순차입금비율_ratio,연도×라벨,-0.6365,29.9883
2019,금융부채비율_diff,연도×라벨,-101.0214,2693.4061
2019,금융부채비율_ratio,연도×라벨,0.0,27.6617
2019,자기자본비율_diff,연도×라벨,-65.6463,50.4309
2019,자기자본비율_ratio,연도×라벨,-0.6439,2.2629
2019,유보율_diff,연도×라벨,-14549.8739,14995.8341
2019,유보율_ratio,연도×라벨,-0.1069,2.1408
2019,자본잠식률_diff,연도×라벨,-2686.752,20942.5108
2019,자본잠식률_ratio,연도×라벨,-0.0608,1.1361
2019,유동비율_diff,연도×라벨,-93.9728,4880.6011
2019,유동비율_ratio,연도×라벨,0.084,48.5729
2019,당좌비율_추정_diff,연도×라벨,-76.7731,4841.3802
2019,당좌비율_추정_ratio,연도×라벨,0.0466,61.1209
2019,현금비율_diff,연도×라벨,-11.9705,359.9965
2019,현금비율_ratio,연도×라벨,0.0009,31.0456
2019,순운전자본비율_diff,연도×라벨,-72.0153,81.2146
2019,순운전자본비율_ratio,연도×라벨,-21.9137,26.8407
2019,순운전자본회전율_diff,연도×라벨,-12.9315,161.4253
2019,순운전자본회전율_ratio,연도×라벨,0.0008,13.4729
2019,금융비용부담률_diff,연도×라벨,-1.2968,29.0774
2019,금융비용부담률_ratio,연도×라벨,0.0169,23.0433
2019,비유동비율_diff,연도×라벨,-167.5331,2173.4042
2019,비유동비율_ratio,연도×라벨,0.0203,13.7093
2019,비유동장기적합률_diff,연도×라벨,-94.0634,422.2738
2019,비유동장기적합률_ratio,연도×라벨,0.0272,5.3672
2019,유형자산비율_diff,연도×라벨,-34.5188,60.7673
2019,유형자산비율_ratio,연도×라벨,0.0,2.7604
2019,유형자산부채비율_diff,연도×라벨,-65.8614,139.0768
2019,유형자산부채비율_ratio,연도×라벨,0.0,3.1117
2019,ROA_diff,연도×라벨,-34.2379,27.9861
2019,ROA_ratio,연도×라벨,-25.7243,22.8445
2019,ROE_diff,연도×라벨,-107.025,98.0668
2019,ROE_ratio,연도×라벨,-28.3916,27.9315
2019,ROIC_diff,연도×라벨,-66.165,-0.0976
2019,ROIC_ratio,연도×라벨,-23.1035,0.9644
2019,총자본영업이익률_diff,연도×라벨,-27.6954,-0.2492
2019,총자본영업이익률_ratio,연도×라벨,-9.594,0.9047
2019,매출총이익률_diff,연도×라벨,-30.2671,69.1999
2019,매출총이익률_ratio,연도×라벨,0.0173,3.2467
2019,영업이익률_diff,연도×라벨,-76.8198,6.4309
2019,영업이익률_ratio,연도×라벨,-13.3903,2.2047
2019,순이익률_diff,연도×라벨,-90.5423,56.594
2019,순이익률_ratio,연도×라벨,-24.8768,17.1744
2019,EBITDA마진_diff,연도×라벨,-75.0622,34.1482
2019,EBITDA마진_ratio,연도×라벨,-6.1016,4.2308
2019,영업현금흐름비율_diff,연도×라벨,-97.7773,52.0382
2019,영업현금흐름비율_ratio,연도×라벨,-18.216,37.1059
2019,현금ROA_diff,연도×라벨,-38.6384,30.6686
2019,현금ROA_ratio,연도×라벨,-9.4012,9.2558
2019,현금ROE_diff,연도×라벨,-137.4791,135.8539
2019,현금ROE_ratio,연도×라벨,-53.3041,54.6621
2019,매출원가율_diff,연도×라벨,-69.1999,30.2489
2019,매출원가율_ratio,연도×라벨,0.0,1.4371
2019,판관비율_diff,연도×라벨,-23.0655,103.2666
2019,판관비율_ratio,연도×라벨,0.0941,5.0557
2019,감가상각비율_diff,연도×라벨,-5.2299,18.8777
2019,감가상각비율_ratio,연도×라벨,0.0003,4.6085
2019,총자산회전율_diff,연도×라벨,-0.8913,4.8399
2019,총자산회전율_ratio,연도×라벨,0.0029,6.4148
2019,유동자산회전율_diff,연도×라벨,-2.8873,11.4586
2019,유동자산회전율_ratio,연도×라벨,0.0015,4.9626
2019,비유동자산회전율_diff,연도×라벨,-1.649,123.3178
2019,비유동자산회전율_ratio,연도×라벨,0.0041,75.4734
2019,유형자산회전율_diff,연도×라벨,-4.812,679.1932
2019,유형자산회전율_ratio,연도×라벨,0.0068,141.1883
2019,자기자본회전율_diff,연도×라벨,-2.531,75.7621
2019,자기자본회전율_ratio,연도×라벨,0.0027,30.8536
2019,투하자본회전율_diff,연도×라벨,-1.3571,47.671
2019,투하자본회전율_ratio,연도×라벨,0.0014,36.0798
2019,매출채권회전율_diff,연도×라벨,-9.9196,769.9763
2019,매출채권회전율_ratio,연도×라벨,0.0901,71.6269
2019,매출채권회수기간_diff,연도×라벨,-51.773,375.7314
2019,매출채권회수기간_ratio,연도×라벨,0.0133,8.1605
2019,재고자산회전율_diff,연도×라벨,-46.6471,573.4187
2019,재고자산회전율_ratio,연도×라벨,0.0017,13.2717
2019,재고자산보유기간_diff,연도×라벨,-54.1591,643.6731
2019,재고자산보유기간_ratio,연도×라벨,0.0127,12.7339
2019,매입채무회전율_diff,연도×라벨,-11.3946,210.578
2019,매입채무회전율_ratio,연도×라벨,0.016,19.1854
2019,매입채무지급기간_diff,연도×라벨,-124.7348,358.1542
2019,매입채무지급기간_ratio,연도×라벨,0.0154,3.8272
2019,현금전환주기_CCC_diff,연도×라벨,-110.044,575.3222
2019,현금전환주기_CCC_ratio,연도×라벨,-28.7286,6.6863
2019,영업CF_유동부채_diff,연도×라벨,-137.3437,44.4991
2019,영업CF_유동부채_ratio,연도×라벨,-9.4456,4.3844
2019,영업CF_총부채_diff,연도×라벨,-90.1667,38.1898
2019,영업CF_총부채_ratio,연도×라벨,-11.1978,6.1663
2019,FCF_총자산_diff,연도×라벨,-53.0765,43.1505
2019,FCF_총자산_ratio,연도×라벨,-234.8083,291.0516
2019,매출액증가율_diff,연도×라벨,-83.1427,151.8272
2019,매출액증가율_ratio,연도×라벨,-10.8236,22.5911
2019,영업이익증가율_diff,연도×라벨,-212.2587,919.6509
2019,영업이익증가율_ratio,연도×라벨,-134.1945,32.2034
2019,순이익증가율_diff,연도×라벨,-312.1865,236.4256
2019,순이익증가율_ratio,연도×라벨,-20.7411,29.7078
2019,EBITDA증가율_diff,연도×라벨,-166.1676,610.3087
2019,EBITDA증가율_ratio,연도×라벨,-4.0625,19.5939
2019,총자산증가율_diff,연도×라벨,-59.6085,119.5275
2019,총자산증가율_ratio,연도×라벨,-3.4213,9.8656
2019,유형자산증가율_diff,연도×라벨,-89.3185,1030.2665
2019,유형자산증가율_ratio,연도×라벨,-13.1533,164.2549
2019,자기자본증가율_diff,연도×라벨,-84.664,232.3876
2019,자기자본증가율_ratio,연도×라벨,-14.8312,44.4539
2019,부채증가율_diff,연도×라벨,-79.1216,126.8836
2019,부채증가율_ratio,연도×라벨,-3.0983,7.5722
2019,영업현금흐름증가율_diff,연도×라벨,-641.6743,990.7699
2019,영업현금흐름증가율_ratio,연도×라벨,-6.8604,13.1367
2019,FCF증가율_diff,연도×라벨,-974.7953,806.5002
2019,FCF증가율_ratio,연도×라벨,-95.296,117.3904
2019,ROA변화_diff,연도×라벨,-30.9953,18.9633
2019,ROA변화_ratio,연도×라벨,-66.0638,110.6149
2019,영업이익률변화_diff,연도×라벨,-41.8681,28.1538
2019,영업이익률변화_ratio,연도×라벨,-36.4299,56.6628
2019,부채비율변화_diff,연도×라벨,-1154.876,831.2917
2019,부채비율변화_ratio,연도×라벨,-38.5284,29.4529
2019,유동비율변화_diff,연도×라벨,-908.0687,1285.0826
2019,유동비율변화_ratio,연도×라벨,-158.4417,226.6391
2019,업력_diff,연도×라벨,-32.7,10.25
2019,업력_ratio,연도×라벨,0.1763,1.2582
2019,매출액영업이익률_diff_industry,연도×라벨,-73.9315,9.3192
2019,매출액영업이익률_ratio_industry,연도×라벨,-29.1761,4.8038
2019,EBIT대매출액_diff_industry,연도×라벨,-74.2415,9.0092
2019,EBIT대매출액_ratio_industry,연도×라벨,-25.8991,4.2642
2019,EBITDA대매출액_diff_industry,연도×라벨,-68.5225,40.6879
2019,EBITDA대매출액_ratio_industry,연도×라벨,-16.0031,11.0963
2019,매출원가대매출액_diff_industry,연도×라벨,-80.47,18.9788
2019,매출원가대매출액_ratio_industry,연도×라벨,0.0,1.2358
2019,매출액순이익률_diff_industry,연도×라벨,-88.5733,58.563
2019,매출액순이익률_ratio_industry,연도×라벨,-56.8911,39.2765
2019,사내유보율_diff_industry,연도×라벨,-1500.9355,28044.7725
2019,사내유보율_ratio_industry,연도×라벨,-14.6039,292.556
2019,금융비용대매출액_diff_industry,연도×라벨,-0.5777,29.7965
2019,금융비용대매출액_ratio_industry,연도×라벨,0.0372,50.6609
2019,자기자본비율_diff_industry,연도×라벨,-69.5941,46.4831
2019,자기자본비율_ratio_industry,연도×라벨,-0.586,2.0593
2019,부채비율_diff_industry,연도×라벨,-117.2253,4948.9276
2019,부채비율_ratio_industry,연도×라벨,0.0834,39.6968
2019,유동비율_diff_industry,연도×라벨,-128.2208,4846.3532
2019,유동비율_ratio_industry,연도×라벨,0.063,36.4162
2019,당좌비율_diff_industry,연도×라벨,-98.1057,4820.0475
2019,당좌비율_ratio_industry,연도×라벨,0.0369,48.3203
2019,현금비율_diff_industry,연도×라벨,-21.8488,350.1182
2019,현금비율_ratio_industry,연도×라벨,0.0005,17.0164
2019,순운전자본대총자본_diff_industry,연도×라벨,-83.0124,70.2175
2019,순운전자본대총자본_ratio_industry,연도×라벨,-4.8708,5.9659
2019,비유동비율_diff_industry,연도×라벨,-104.7146,2236.2228
2019,비유동비율_ratio_industry,연도×라벨,0.0321,21.6694
2019,비유동장기적합률_diff_industry,연도×라벨,-74.4204,441.9167
2019,비유동장기적합률_ratio_industry,연도×라벨,0.0341,6.7355
2019,차입금의존도_diff_industry,연도×라벨,-25.65,71.6521
2019,차입금의존도_ratio_industry,연도×라벨,0.0,3.7935
2019,총자산회전율_diff_industry,연도×라벨,-1.6175,4.1137
2019,총자산회전율_ratio_industry,연도×라벨,0.0016,3.5393
2019,자기자본회전율_diff_industry,연도×라벨,-3.6032,74.6899
2019,자기자본회전율_ratio_industry,연도×라벨,0.0019,21.6897
2019,비유동자산회전율_diff_industry,연도×라벨,-3.4632,121.5037
2019,비유동자산회전율_ratio_industry,연도×라벨,0.002,36.0155
2019,유형자산회전율_diff_industry,연도×라벨,-6.2671,677.7381
2019,유형자산회전율_ratio_industry,연도×라벨,0.0052,108.5775
2019,재고자산회전율_diff_industry,연도×라벨,-11.8601,608.2058
2019,재고자산회전율_ratio_industry,연도×라벨,0.0067,51.9385
2019,매출채권회전율_diff_industry,연도×라벨,-7.9076,771.9883
2019,매출채권회전율_ratio_industry,연도×라벨,0.1105,87.8378
2019,매입채무회전율_diff_industry,연도×라벨,-11.695,210.2775
2019,매입채무회전율_ratio_industry,연도×라벨,0.0156,18.7001
2019,총자산증가율_diff_industry,연도×라벨,-55.2562,123.8797
2019,총자산증가율_ratio_industry,연도×라벨,-5.0522,14.5684
2019,유형자산증가율_diff_industry,연도×라벨,-101.0678,1018.5173
2019,유형자산증가율_ratio_industry,연도×라벨,-4.5962,57.3963
2019,자기자본증가율_diff_industry,연도×라벨,-84.1661,232.8855
2019,자기자본증가율_ratio_industry,연도×라벨,-16.3538,49.0176
2019,매출액증가율_diff_industry,연도×라벨,-79.0608,155.9091
2019,매출액증가율_ratio_industry,연도×라벨,-25.8003,53.8506
2020,부채비율,연도×라벨,24.7718,5397.1133
2020,총부채비율,연도×라벨,19.8496,144.5047
2020,장기부채비율,연도×라벨,0.0,1223.87
2020,장기부채의존도,연도×라벨,0.0,77.4771
2020,차입금의존도,연도×라벨,0.0,96.6928
2020,순차입금비율,연도×라벨,-49.3801,1850.4343
2020,금융부채비율,연도×라벨,0.0,2031.4139
2020,자기자본비율,연도×라벨,-44.4994,80.1504
2020,유보율,연도×라벨,-2499.3067,54413.0286
2020,자본잠식률,연도×라벨,-54959.4857,2022.1147
2020,유동비율,연도×라벨,7.3567,1529.7652
2020,당좌비율_추정,연도×라벨,4.3531,1529.7652
2020,현금비율,연도×라벨,0.0296,200.3316
2020,순운전자본비율,연도×라벨,-74.8958,86.938
2020,순운전자본회전율,연도×라벨,0.1733,72.2511
2020,금융비용부담률,연도×라벨,0.0216,26.8768
2020,비유동비율,연도×라벨,1.3616,1932.1214
2020,비유동장기적합률,연도×라벨,1.0825,504.7329
2020,유형자산비율,연도×라벨,0.0,94.7897
2020,유형자산부채비율,연도×라벨,0.0,224.1677
2020,ROA,연도×라벨,-50.9983,32.2612
2020,ROE,연도×라벨,-149.6169,110.9335
2020,ROIC,연도×라벨,-89.3959,5.5514
2020,총자본영업이익률,연도×라벨,-36.0455,2.9951
2020,매출총이익률,연도×라벨,0.0415,100.0
2020,영업이익률,연도×라벨,-88.8686,17.2082
2020,순이익률,연도×라벨,-121.7923,44.9208
2020,EBITDA마진,연도×라벨,-80.9108,43.8547
2020,영업현금흐름비율,연도×라벨,-93.4695,51.5908
2020,현금ROA,연도×라벨,-37.1143,41.3613
2020,현금ROE,연도×라벨,-219.6631,220.4736
2020,매출원가율,연도×라벨,0.0,99.8426
2020,판관비율,연도×라벨,2.0214,133.4109
2020,감가상각비율,연도×라벨,0.0,20.5763
2020,총자산회전율,연도×라벨,0.0138,4.0025
2020,유동자산회전율,연도×라벨,0.0708,15.0385
2020,비유동자산회전율,연도×라벨,0.0268,185.3696
2020,유형자산회전율,연도×라벨,0.0563,1958.4428
2020,자기자본회전율,연도×라벨,0.0755,30.4253
2020,투하자본회전율,연도×라벨,0.0184,9.3232
2020,매출채권회전율,연도×라벨,1.1526,270.7791
2020,매출채권회수기간,연도×라벨,1.4168,324.2995
2020,재고자산회전율,연도×라벨,0.182,1299.7104
2020,재고자산보유기간,연도×라벨,0.4866,669.2134
2020,매입채무회전율,연도×라벨,0.0096,1675.5502
2020,매입채무지급기간,연도×라벨,0.2412,503.2848
2020,현금전환주기_CCC,연도×라벨,-125.7718,453.3099
2020,영업CF_유동부채,연도×라벨,-108.4935,81.3982
2020,영업CF_총부채,연도×라벨,-76.6953,67.4497
2020,FCF_총자산,연도×라벨,-52.3246,54.3886
2020,매출액증가율,연도×라벨,-79.3908,171.4513
2020,영업이익증가율,연도×라벨,-206.9569,306.4471
2020,순이익증가율,연도×라벨,-495.3658,99.636
2020,EBITDA증가율,연도×라벨,-146.9355,380.9878
2020,총자산증가율,연도×라벨,-51.4242,134.6319
2020,유형자산증가율,연도×라벨,-75.7713,391.3701
2020,자기자본증가율,연도×라벨,-84.0943,272.0679
2020,부채증가율,연도×라벨,-72.7702,113.9871
2020,영업현금흐름증가율,연도×라벨,-575.3464,808.3571
2020,FCF증가율,연도×라벨,-1932.604,584.2461
2020,ROA변화,연도×라벨,-33.9908,21.7576
2020,영업이익률변화,연도×라벨,-52.935,20.1513
2020,부채비율변화,연도×라벨,-1356.4842,1406.3489
2020,유동비율변화,연도×라벨,-792.5754,998.7493
2020,부채비율_diff,연도×라벨,-220.1259,5152.2156
2020,부채비율_ratio,연도×라벨,0.1012,22.0382
2020,총부채비율_diff,연도×라벨,-41.1311,83.524
2020,총부채비율_ratio,연도×라벨,0.3255,2.3697
2020,장기부채비율_diff,연도×라벨,-66.236,1157.634
2020,장기부채비율_ratio,연도×라벨,0.0,18.4774
2020,장기부채의존도_diff,연도×라벨,-23.6087,53.8684
2020,장기부채의존도_ratio,연도×라벨,0.0,3.2817
2020,차입금의존도_diff,연도×라벨,-28.0602,68.6325
2020,차입금의존도_ratio,연도×라벨,0.0,3.4459
2020,순차입금비율_diff,연도×라벨,-137.9234,1761.891
2020,순차입금비율_ratio,연도×라벨,-0.5577,20.8986
2020,금융부채비율_diff,연도×라벨,-105.888,1925.5259
2020,금융부채비율_ratio,연도×라벨,0.0,19.1846
2020,자기자본비율_diff,연도×라벨,-83.5187,41.1311
2020,자기자본비율_ratio,연도×라벨,-1.1404,2.0541
2020,유보율_diff,연도×라벨,-16011.7657,40900.5695
2020,유보율_ratio,연도×라벨,-0.185,4.0269
2020,자본잠식률_diff,연도×라벨,-31711.9564,25269.6439
2020,자본잠식률_ratio,연도×라벨,-0.087,2.3641
2020,유동비율_diff,연도×라벨,-88.8139,1433.5946
2020,유동비율_ratio,연도×라벨,0.0765,15.9068
2020,당좌비율_추정_diff,연도×라벨,-73.1246,1452.2876
2020,당좌비율_추정_ratio,연도×라벨,0.0562,19.7446
2020,현금비율_diff,연도×라벨,-15.3045,184.9974
2020,현금비율_ratio,연도×라벨,0.0019,13.0644
2020,순운전자본비율_diff,연도×라벨,-75.4294,86.4043
2020,순운전자본비율_ratio,연도×라벨,-140.3448,162.9103
2020,순운전자본회전율_diff,연도×라벨,-5.6608,66.4169
2020,순운전자본회전율_ratio,연도×라벨,0.0297,12.3841
2020,금융비용부담률_diff,연도×라벨,-1.4571,25.398
2020,금융비용부담률_ratio,연도×라벨,0.0146,18.1753
2020,비유동비율_diff,연도×라벨,-173.6335,1757.1262
2020,비유동비율_ratio,연도×라벨,0.0078,11.041
2020,비유동장기적합률_diff,연도×라벨,-102.3495,401.3009
2020,비유동장기적합률_ratio,연도×라벨,0.0105,4.8799
2020,유형자산비율_diff,연도×라벨,-34.165,60.6246
2020,유형자산비율_ratio,연도×라벨,0.0,2.7745
2020,유형자산부채비율_diff,연도×라벨,-60.4416,163.7261
2020,유형자산부채비율_ratio,연도×라벨,0.0,3.7088
2020,ROA_diff,연도×라벨,-51.422,31.8375
2020,ROA_ratio,연도×라벨,-120.3545,76.1356
2020,ROE_diff,연도×라벨,-151.8532,108.6972
2020,ROE_ratio,연도×라벨,-66.9043,49.6062
2020,ROIC_diff,연도×라벨,-91.2499,3.6973
2020,ROIC_ratio,연도×라벨,-48.2157,2.9941
2020,총자본영업이익률_diff,연도×라벨,-37.6569,1.3838
2020,총자본영업이익률_ratio,연도×라벨,-22.3702,1.8588
2020,매출총이익률_diff,연도×라벨,-28.7945,71.164
2020,매출총이익률_ratio,연도×라벨,0.0014,3.4679
2020,영업이익률_diff,연도×라벨,-92.3707,13.706
2020,영업이익률_ratio,연도×라벨,-25.3755,4.9136
2020,순이익률_diff,연도×라벨,-122.813,43.9001
2020,순이익률_ratio,연도×라벨,-119.3265,44.0113
2020,EBITDA마진_diff,연도×라벨,-90.2737,34.4919
2020,EBITDA마진_ratio,연도×라벨,-8.6417,4.6839
2020,영업현금흐름비율_diff,연도×라벨,-96.243,48.8173
2020,영업현금흐름비율_ratio,연도×라벨,-33.7008,18.6013
2020,현금ROA_diff,연도×라벨,-40.4246,38.051
2020,현금ROA_ratio,연도×라벨,-11.2118,12.4948
2020,현금ROE_diff,연도×라벨,-224.0054,216.1313
2020,현금ROE_ratio,연도×라벨,-50.5875,50.7742
2020,매출원가율_diff,연도×라벨,-71.164,28.6785
2020,매출원가율_ratio,연도×라벨,0.0,1.403
2020,판관비율_diff,연도×라벨,-23.3124,108.0771
2020,판관비율_ratio,연도×라벨,0.0798,5.2661
2020,감가상각비율_diff,연도×라벨,-5.8607,14.7156
2020,감가상각비율_ratio,연도×라벨,0.0,3.5109
2020,총자산회전율_diff,연도×라벨,-0.7932,3.1955
2020,총자산회전율_ratio,연도×라벨,0.0171,4.9599
2020,유동자산회전율_diff,연도×라벨,-2.5845,12.3831
2020,유동자산회전율_ratio,연도×라벨,0.0267,5.6634
2020,비유동자산회전율_diff,연도×라벨,-1.455,183.8877
2020,비유동자산회전율_ratio,연도×라벨,0.0181,125.0955
2020,유형자산회전율_diff,연도×라벨,-4.9355,1953.451
2020,유형자산회전율_ratio,연도×라벨,0.0113,392.3368
2020,자기자본회전율_diff,연도×라벨,-2.2241,28.1257
2020,자기자본회전율_ratio,연도×라벨,0.0328,13.2309
2020,투하자본회전율_diff,연도×라벨,-1.2486,8.0562
2020,투하자본회전율_ratio,연도×라벨,0.0145,7.3587
2020,매출채권회전율_diff,연도×라벨,-11.1202,258.5063
2020,매출채권회전율_ratio,연도×라벨,0.0939,22.0634
2020,매출채권회수기간_diff,연도×라벨,-41.3624,281.5204
2020,매출채권회수기간_ratio,연도×라벨,0.0331,7.5808
2020,재고자산회전율_diff,연도×라벨,-127.2091,1172.3193
2020,재고자산회전율_ratio,연도×라벨,0.0014,10.2025
2020,재고자산보유기간_diff,연도×라벨,-58.3155,610.4113
2020,재고자산보유기간_ratio,연도×라벨,0.0083,11.3808
2020,매입채무회전율_diff,연도×라벨,-15.5284,1660.0122
2020,매입채무회전율_ratio,연도×라벨,0.0006,107.8358
2020,매입채무지급기간_diff,연도×라벨,-104.6774,398.3662
2020,매입채무지급기간_ratio,연도×라벨,0.0023,4.7969
2020,현금전환주기_CCC_diff,연도×라벨,-122.4345,456.6473
2020,현금전환주기_CCC_ratio,연도×라벨,-135.8282,37.6858
2020,영업CF_유동부채_diff,연도×라벨,-120.2744,69.6172
2020,영업CF_유동부채_ratio,연도×라벨,-9.2092,6.9093
2020,영업CF_총부채_diff,연도×라벨,-83.0485,61.0965
2020,영업CF_총부채_ratio,연도×라벨,-12.0719,10.6166
2020,FCF_총자산_diff,연도×라벨,-52.2955,54.4177
2020,FCF_총자산_ratio,연도×라벨,-1869.0922,1798.1612
2020,매출액증가율_diff,연도×라벨,-79.5343,171.3078
2020,매출액증가율_ratio,연도×라벨,-553.3185,1194.939
2020,영업이익증가율_diff,연도×라벨,-205.2657,308.1383
2020,영업이익증가율_ratio,연도×라벨,-181.2024,122.3738
2020,순이익증가율_diff,연도×라벨,-505.9881,89.0137
2020,순이익증가율_ratio,연도×라벨,-46.6347,9.3799
2020,EBITDA증가율_diff,연도×라벨,-148.2644,379.6589
2020,EBITDA증가율_ratio,연도×라벨,-110.5683,286.6917
2020,총자산증가율_diff,연도×라벨,-57.5364,128.5198
2020,총자산증가율_ratio,연도×라벨,-8.4134,22.0269
2020,유형자산증가율_diff,연도×라벨,-73.8976,393.2438
2020,유형자산증가율_ratio,연도×라벨,-208.8729,40.4389
2020,자기자본증가율_diff,연도×라벨,-85.9665,270.1957
2020,자기자본증가율_ratio,연도×라벨,-44.9167,145.3177
2020,부채증가율_diff,연도×라벨,-81.5862,105.1712
2020,부채증가율_ratio,연도×라벨,-8.2544,12.9296
2020,영업현금흐름증가율_diff,연도×라벨,-598.0954,785.6082
2020,영업현금흐름증가율_ratio,연도×라벨,-25.2911,35.5338
2020,FCF증가율_diff,연도×라벨,6071.4081,8588.2582
2020,FCF증가율_ratio,연도×라벨,-0.073,0.2415
2020,ROA변화_diff,연도×라벨,-33.1334,22.6151
2020,ROA변화_ratio,연도×라벨,-25.3758,39.6433
2020,영업이익률변화_diff,연도×라벨,-51.0988,21.9874
2020,영업이익률변화_ratio,연도×라벨,-10.9747,28.8293
2020,부채비율변화_diff,연도×라벨,-1382.507,1380.3261
2020,부채비율변화_ratio,연도×라벨,-52.1267,54.0429
2020,유동비율변화_diff,연도×라벨,-786.154,1005.1707
2020,유동비율변화_ratio,연도×라벨,-155.5326,123.4257
2020,업력_diff,연도×라벨,-33.7,12.46
2020,업력_ratio,연도×라벨,0.1511,1.3139
2020,매출액영업이익률_diff_industry,연도×라벨,-91.1586,14.9182
2020,매출액영업이익률_ratio_industry,연도×라벨,-38.8072,7.5145
2020,EBIT대매출액_diff_industry,연도×라벨,-91.5086,14.5682
2020,EBIT대매출액_ratio_industry,연도×라벨,-33.6623,6.5182
2020,EBITDA대매출액_diff_industry,연도×라벨,-84.8908,39.8747
2020,EBITDA대매출액_ratio_industry,연도×라벨,-20.3294,11.0188
2020,매출원가대매출액_diff_industry,연도×라벨,-80.14,19.7026
2020,매출원가대매출액_ratio_industry,연도×라벨,0.0,1.2459
2020,매출액순이익률_diff_industry,연도×라벨,-123.2223,43.4908
2020,매출액순이익률_ratio_industry,연도×라벨,-85.1694,31.4131
2020,사내유보율_diff_industry,연도×라벨,-2594.4467,54317.8886
2020,사내유보율_ratio_industry,연도×라벨,-26.2698,571.9259
2020,금융비용대매출액_diff_industry,연도×라벨,-0.5484,26.3068
2020,금융비용대매출액_ratio_industry,연도×라벨,0.0379,47.1523
2020,자기자본비율_diff_industry,연도×라벨,-88.4694,36.1804
2020,자기자본비율_ratio_industry,연도×라벨,-1.012,1.8228
2020,부채비율_diff_industry,연도×라벨,-102.6382,5269.7033
2020,부채비율_ratio_industry,연도×라벨,0.1944,42.3602
2020,유동비율_diff_industry,연도×라벨,-129.5933,1392.8152
2020,유동비율_ratio_industry,연도×라벨,0.0537,11.1702
2020,당좌비율_diff_industry,연도×라벨,-99.2169,1426.1952
2020,당좌비율_ratio_industry,연도×라벨,0.042,14.7704
2020,현금비율_diff_industry,연도×라벨,-24.8004,175.5016
2020,현금비율_ratio_industry,연도×라벨,0.0012,8.0681
2020,순운전자본대총자본_diff_industry,연도×라벨,-88.9158,72.918
2020,순운전자본대총자본_ratio_industry,연도×라벨,-5.3421,6.201
2020,비유동비율_diff_industry,연도×라벨,-107.8984,1822.8614
2020,비유동비율_ratio_industry,연도×라벨,0.0125,17.6837
2020,비유동장기적합률_diff_industry,연도×라벨,-76.3375,427.3129
2020,비유동장기적합률_ratio_industry,연도×라벨,0.014,6.5194
2020,차입금의존도_diff_industry,연도×라벨,-26.23,70.4628
2020,차입금의존도_ratio_industry,연도×라벨,0.0,3.6863
2020,총자산회전율_diff_industry,연도×라벨,-1.4862,2.5025
2020,총자산회전율_ratio_industry,연도×라벨,0.0092,2.6683
2020,자기자본회전율_diff_industry,연도×라벨,-3.3045,27.0453
2020,자기자본회전율_ratio_industry,연도×라벨,0.0223,9.0016
2020,비유동자산회전율_diff_industry,연도×라벨,-3.0732,182.2696
2020,비유동자산회전율_ratio_industry,연도×라벨,0.0087,59.7966
2020,유형자산회전율_diff_industry,연도×라벨,-5.6837,1952.7028
2020,유형자산회전율_ratio_industry,연도×라벨,0.0098,341.1921
2020,재고자산회전율_diff_industry,연도×라벨,-11.498,1288.0304
2020,재고자산회전율_ratio_industry,연도×라벨,0.0156,111.2766
2020,매출채권회전율_diff_industry,연도×라벨,-7.7974,261.8291
2020,매출채권회전율_ratio_industry,연도×라벨,0.1288,30.2546
2020,매입채무회전율_diff_industry,연도×라벨,-12.1304,1663.4102
2020,매입채무회전율_ratio_industry,연도×라벨,0.0008,138.019
2020,총자산증가율_diff_industry,연도×라벨,-56.8342,129.2219
2020,총자산증가율_ratio_industry,연도×라벨,-9.5054,24.8858
2020,유형자산증가율_diff_industry,연도×라벨,-78.7413,388.4001
2020,유형자산증가율_ratio_industry,연도×라벨,-25.5122,131.7744
2020,자기자본증가율_diff_industry,연도×라벨,-88.2343,267.9279
2020,자기자본증가율_ratio_industry,연도×라벨,-20.3126,65.7169
2020,매출액증가율_diff_industry,연도×라벨,-80.7708,170.0713
2020,매출액증가율_ratio_industry,연도×라벨,-57.5296,124.2401
2021,부채비율,연도×라벨,14.1778,4829.3144
2021,총부채비율,연도×라벨,12.2754,133.6315
2021,장기부채비율,연도×라벨,0.0,1451.5129
2021,장기부채의존도,연도×라벨,0.0,81.2059
2021,차입금의존도,연도×라벨,0.0,96.2144
2021,순차입금비율,연도×라벨,-65.7248,2763.8672
2021,금융부채비율,연도×라벨,0.0,2887.4942
2021,자기자본비율,연도×라벨,-33.6315,87.7246
2021,유보율,연도×라벨,-2340.975,22934.5
2021,자본잠식률,연도×라벨,-22934.5,1731.01
2021,유동비율,연도×라벨,8.9977,1319.1917
2021,당좌비율_추정,연도×라벨,4.6671,1261.0372
2021,현금비율,연도×라벨,0.0253,249.3665
2021,순운전자본비율,연도×라벨,-75.3655,76.9941
2021,순운전자본회전율,연도×라벨,0.1385,272.3368
2021,금융비용부담률,연도×라벨,0.0252,26.8758
2021,비유동비율,연도×라벨,9.5221,2094.3799
2021,비유동장기적합률,연도×라벨,2.9971,460.6549
2021,유형자산비율,연도×라벨,0.0,94.1591
2021,유형자산부채비율,연도×라벨,0.0,278.7092
2021,ROA,연도×라벨,-31.9684,19.2005
2021,ROE,연도×라벨,-131.7306,68.9826
2021,ROIC,연도×라벨,-57.8774,3.2953
2021,총자본영업이익률,연도×라벨,-25.3052,2.7408
2021,매출총이익률,연도×라벨,0.5911,100.0
2021,영업이익률,연도×라벨,-69.1412,26.8741
2021,순이익률,연도×라벨,-90.364,48.7915
2021,EBITDA마진,연도×라벨,-52.3858,36.6178
2021,영업현금흐름비율,연도×라벨,-89.4837,61.4774
2021,현금ROA,연도×라벨,-35.2178,25.5492
2021,현금ROE,연도×라벨,-169.9191,223.4413
2021,매출원가율,연도×라벨,0.0,99.5333
2021,판관비율,연도×라벨,2.2322,141.6786
2021,감가상각비율,연도×라벨,0.0,19.7986
2021,총자산회전율,연도×라벨,0.0256,15.2765
2021,유동자산회전율,연도×라벨,0.0993,21.1131
2021,비유동자산회전율,연도×라벨,0.0356,110.9888
2021,유형자산회전율,연도×라벨,0.0461,7137.344
2021,자기자본회전율,연도×라벨,0.0897,119.7979
2021,투하자본회전율,연도×라벨,0.0373,39.2188
2021,매출채권회전율,연도×라벨,1.4212,1079.8734
2021,매출채권회수기간,연도×라벨,0.4138,282.9143
2021,재고자산회전율,연도×라벨,0.1842,634.4043
2021,재고자산보유기간,연도×라벨,0.879,509.5141
2021,매입채무회전율,연도×라벨,0.0,6112.81
2021,매입채무지급기간,연도×라벨,0.0918,418.2057
2021,현금전환주기_CCC,연도×라벨,-78.0794,489.0026
2021,영업CF_유동부채,연도×라벨,-112.1641,152.0907
2021,영업CF_총부채,연도×라벨,-76.3278,41.5911
2021,FCF_총자산,연도×라벨,-56.7527,51.805
2021,매출액증가율,연도×라벨,-70.7387,224.3118
2021,영업이익증가율,연도×라벨,-227.2717,287.0104
2021,순이익증가율,연도×라벨,-229.986,308.2828
2021,EBITDA증가율,연도×라벨,-103.6998,560.8685
2021,총자산증가율,연도×라벨,-39.8947,158.6063
2021,유형자산증가율,연도×라벨,-95.9598,231.5488
2021,자기자본증가율,연도×라벨,-58.888,272.7047
2021,부채증가율,연도×라벨,-64.0449,189.8468
2021,영업현금흐름증가율,연도×라벨,-518.3906,1256.7103
2021,FCF증가율,연도×라벨,-1862.9453,1606.4465
2021,ROA변화,연도×라벨,-22.4351,30.3805
2021,영업이익률변화,연도×라벨,-34.7658,20.3339
2021,부채비율변화,연도×라벨,-1205.183,608.5495
2021,유동비율변화,연도×라벨,-410.9604,619.5966
2021,부채비율_diff,연도×라벨,-197.9922,4617.1444
2021,부채비율_ratio,연도×라벨,0.0668,22.7615
2021,총부채비율_diff,연도×라벨,-47.8755,73.4805
2021,총부채비율_ratio,연도×라벨,0.2041,2.2216
2021,장기부채비율_diff,연도×라벨,-63.8047,1387.7082
2021,장기부채비율_ratio,연도×라벨,0.0,22.7493
2021,장기부채의존도_diff,연도×라벨,-24.9675,56.2383
2021,장기부채의존도_ratio,연도×라벨,0.0,3.2525
2021,차입금의존도_diff,연도×라벨,-26.291,69.9234
2021,차입금의존도_ratio,연도×라벨,0.0,3.6596
2021,순차입금비율_diff,연도×라벨,-134.832,2694.7599
2021,순차입금비율_ratio,연도×라벨,-0.9511,39.9939
2021,금융부채비율_diff,연도×라벨,-84.7373,2802.7569
2021,금융부채비율_ratio,연도×라벨,0.0,34.0758
2021,자기자본비율_diff,연도×라벨,-73.4805,47.8755
2021,자기자본비율_ratio,연도×라벨,-0.844,2.2014
2021,유보율_diff,연도×라벨,-17234.7781,8040.6969
2021,유보율_ratio,연도×라벨,-0.1572,1.5399
2021,자본잠식률_diff,연도×라벨,2900.0214,27565.5314
2021,자본잠식률_ratio,연도×라벨,-0.067,0.8877
2021,유동비율_diff,연도×라벨,-95.428,1214.7659
2021,유동비율_ratio,연도×라벨,0.0862,12.6328
2021,당좌비율_추정_diff,연도×라벨,-79.2327,1177.1373
2021,당좌비율_추정_ratio,연도×라벨,0.0556,15.0303
2021,현금비율_diff,연도×라벨,-22.6319,226.7093
2021,현금비율_ratio,연도×라벨,0.0011,11.0061
2021,순운전자본비율_diff,연도×라벨,-78.283,74.0766
2021,순운전자본비율_ratio,연도×라벨,-25.8323,26.3905
2021,순운전자본회전율_diff,연도×라벨,-5.294,266.9042
2021,순운전자본회전율_ratio,연도×라벨,0.0255,50.1305
2021,금융비용부담률_diff,연도×라벨,-1.2824,25.5682
2021,금융비용부담률_ratio,연도×라벨,0.0193,20.5525
2021,비유동비율_diff,연도×라벨,-157.4919,1927.366
2021,비유동비율_ratio,연도×라벨,0.057,12.5401
2021,비유동장기적합률_diff,연도×라벨,-97.866,359.7918
2021,비유동장기적합률_ratio,연도×라벨,0.0297,4.5671
2021,유형자산비율_diff,연도×라벨,-27.9237,66.2354
2021,유형자산비율_ratio,연도×라벨,0.0,3.372
2021,유형자산부채비율_diff,연도×라벨,-47.9139,230.7954
2021,유형자산부채비율_ratio,연도×라벨,0.0,5.8169
2021,ROA_diff,연도×라벨,-35.9433,15.2255
2021,ROA_ratio,연도×라벨,-8.0424,4.8304
2021,ROE_diff,연도×라벨,-142.2668,58.4464
2021,ROE_ratio,연도×라벨,-12.5027,6.5472
2021,ROIC_diff,연도×라벨,-61.1452,0.0275
2021,ROIC_ratio,연도×라벨,-17.7118,1.0084
2021,총자본영업이익률_diff,연도×라벨,-27.7886,0.2575
2021,총자본영업이익률_ratio,연도×라벨,-10.1899,1.1037
2021,매출총이익률_diff,연도×라벨,-25.8916,73.5172
2021,매출총이익률_ratio,연도×라벨,0.0223,3.776
2021,영업이익률_diff,연도×라벨,-73.8689,22.1463
2021,영업이익률_ratio,연도×라벨,-14.6245,5.6843
2021,순이익률_diff,연도×라벨,-96.5718,42.5837
2021,순이익률_ratio,연도×라벨,-14.5566,7.8597
2021,EBITDA마진_diff,연도×라벨,-61.6651,27.3385
2021,EBITDA마진_ratio,연도×라벨,-5.6455,3.9462
2021,영업현금흐름비율_diff,연도×라벨,-90.138,60.8231
2021,영업현금흐름비율_ratio,연도×라벨,-136.766,93.9613
2021,현금ROA_diff,연도×라벨,-37.6843,23.0828
2021,현금ROA_ratio,연도×라벨,-14.2788,10.3587
2021,현금ROE_diff,연도×라벨,-168.9746,224.3858
2021,현금ROE_ratio,연도×라벨,-236.5919,179.9196
2021,매출원가율_diff,연도×라벨,-73.5172,26.016
2021,매출원가율_ratio,연도×라벨,0.0,1.3539
2021,판관비율_diff,연도×라벨,-19.5227,119.9236
2021,판관비율_ratio,연도×라벨,0.1026,6.5125
2021,감가상각비율_diff,연도×라벨,-4.5515,15.247
2021,감가상각비율_ratio,연도×라벨,0.0,4.3499
2021,총자산회전율_diff,연도×라벨,-0.9379,14.3131
2021,총자산회전율_ratio,연도×라벨,0.0265,15.8564
2021,유동자산회전율_diff,연도×라벨,-3.4412,17.5726
2021,유동자산회전율_ratio,연도×라벨,0.028,5.9633
2021,비유동자산회전율_diff,연도×라벨,-1.8201,109.1331
2021,비유동자산회전율_ratio,연도×라벨,0.0192,59.811
2021,유형자산회전율_diff,연도×라벨,-6.6322,7130.6657
2021,유형자산회전율_ratio,연도×라벨,0.0069,1068.7348
2021,자기자본회전율_diff,연도×라벨,-2.454,117.2542
2021,자기자본회전율_ratio,연도×라벨,0.0353,47.0959
2021,투하자본회전율_diff,연도×라벨,-1.5116,37.6699
2021,투하자본회전율_ratio,연도×라벨,0.0241,25.321
2021,매출채권회전율_diff,연도×라벨,-20.7167,1057.7355
2021,매출채권회전율_ratio,연도×라벨,0.0642,48.7795
2021,매출채권회수기간_diff,연도×라벨,-26.7841,255.7164
2021,매출채권회수기간_ratio,연도×라벨,0.0152,10.4021
2021,재고자산회전율_diff,연도×라벨,-144.1362,490.0838
2021,재고자산회전율_ratio,연도×라벨,0.0013,4.3958
2021,재고자산보유기간_diff,연도×라벨,-45.8817,462.7534
2021,재고자산보유기간_ratio,연도×라벨,0.0188,10.8962
2021,매입채무회전율_diff,연도×라벨,-19.4711,6093.3389
2021,매입채무회전율_ratio,연도×라벨,0.0,313.943
2021,매입채무지급기간_diff,연도×라벨,-66.3997,351.7142
2021,매입채무지급기간_ratio,연도×라벨,0.0014,6.2896
2021,현금전환주기_CCC_diff,연도×라벨,-85.5466,481.5354
2021,현금전환주기_CCC_ratio,연도×라벨,-10.4564,65.4874
2021,영업CF_유동부채_diff,연도×라벨,-125.2698,138.985
2021,영업CF_유동부채_ratio,연도×라벨,-8.5584,11.6049
2021,영업CF_총부채_diff,연도×라벨,-81.435,36.4839
2021,영업CF_총부채_ratio,연도×라벨,-14.9451,8.1436
2021,FCF_총자산_diff,연도×라벨,-52.543,56.0146
2021,FCF_총자산_ratio,연도×라벨,-12.3061,13.4815
2021,매출액증가율_diff,연도×라벨,-93.3169,201.7336
2021,매출액증가율_ratio,연도×라벨,-3.133,9.9349
2021,영업이익증가율_diff,연도×라벨,-297.9344,216.3477
2021,영업이익증가율_ratio,연도×라벨,-3.2163,4.0617
2021,순이익증가율_diff,연도×라벨,-414.6497,123.6192
2021,순이익증가율_ratio,연도×라벨,-1.2454,1.6694
2021,EBITDA증가율_diff,연도×라벨,-134.8984,529.6699
2021,EBITDA증가율_ratio,연도×라벨,-3.3239,17.9773
2021,총자산증가율_diff,연도×라벨,-83.8292,114.6717
2021,총자산증가율_ratio,연도×라벨,-0.908,3.6101
2021,유형자산증가율_diff,연도×라벨,-155.7022,171.8064
2021,유형자산증가율_ratio,연도×라벨,-1.6062,3.8758
2021,자기자본증가율_diff,연도×라벨,-105.4204,226.1723
2021,자기자본증가율_ratio,연도×라벨,-1.2655,5.8605
2021,부채증가율_diff,연도×라벨,-109.4388,144.4529
2021,부채증가율_ratio,연도×라벨,-1.4109,4.1822
2021,영업현금흐름증가율_diff,연도×라벨,-564.1222,1210.9788
2021,영업현금흐름증가율_ratio,연도×라벨,-11.3355,27.4802
2021,FCF증가율_diff,연도×라벨,-1820.5834,1648.8084
2021,FCF증가율_ratio,연도×라벨,-37.922,43.9769
2021,ROA변화_diff,연도×라벨,-25.6365,27.1791
2021,ROA변화_ratio,연도×라벨,-7.0078,9.4896
2021,영업이익률변화_diff,연도×라벨,-36.0876,19.0121
2021,영업이익률변화_ratio,연도×라벨,-26.3025,15.3838
2021,부채비율변화_diff,연도×라벨,-1182.8833,630.8493
2021,부채비율변화_ratio,연도×라벨,-27.2896,54.0448
2021,유동비율변화_diff,연도×라벨,-417.6961,612.8609
2021,유동비율변화_ratio,연도×라벨,-61.0124,91.9872
2021,업력_diff,연도×라벨,-34.0,14.28
2021,업력_ratio,연도×라벨,0.1282,1.3662
2021,매출액영업이익률_diff_industry,연도×라벨,-71.8112,24.2041
2021,매출액영업이익률_ratio_industry,연도×라벨,-25.8956,10.0652
2021,EBIT대매출액_diff_industry,연도×라벨,-72.8712,23.1441
2021,EBIT대매출액_ratio_industry,연도×라벨,-18.5365,7.2048
2021,EBITDA대매출액_diff_industry,연도×라벨,-57.2658,31.7378
2021,EBITDA대매출액_ratio_industry,연도×라벨,-10.7348,7.5036
2021,매출원가대매출액_diff_industry,연도×라벨,-80.56,18.9733
2021,매출원가대매출액_ratio_industry,연도×라벨,0.0,1.2355
2021,매출액순이익률_diff_industry,연도×라벨,-92.864,46.2915
2021,매출액순이익률_ratio_industry,연도×라벨,-36.1456,19.5166
2021,사내유보율_diff_industry,연도×라벨,-2435.895,22839.58
2021,사내유보율_ratio_industry,연도×라벨,-24.6626,241.6193
2021,금융비용대매출액_diff_industry,연도×라벨,-0.4448,26.4058
2021,금융비용대매출액_ratio_industry,연도×라벨,0.0537,57.1826
2021,자기자본비율_diff_industry,연도×라벨,-77.5615,43.7946
2021,자기자본비율_ratio_industry,연도×라벨,-0.7656,1.9969
2021,부채비율_diff_industry,연도×라벨,-113.4622,4701.6744
2021,부채비율_ratio_industry,연도×라벨,0.1111,37.8354
2021,유동비율_diff_industry,연도×라벨,-129.4923,1180.7017
2021,유동비율_ratio_industry,연도×라벨,0.065,9.5255
2021,당좌비율_diff_industry,연도×라벨,-99.6629,1156.7072
2021,당좌비율_ratio_industry,연도×라벨,0.0447,12.087
2021,현금비율_diff_industry,연도×라벨,-25.2447,224.0965
2021,현금비율_ratio_industry,연도×라벨,0.001,9.8681
2021,순운전자본대총자본_diff_industry,연도×라벨,-90.0555,62.3041
2021,순운전자본대총자본_ratio_industry,연도×라벨,-5.1304,5.2413
2021,비유동비율_diff_industry,연도×라벨,-97.7779,1987.0799
2021,비유동비율_ratio_industry,연도×라벨,0.0887,19.5189
2021,비유동장기적합률_diff_industry,연도×라벨,-73.2429,384.4149
2021,비유동장기적합률_ratio_industry,연도×라벨,0.0393,6.0422
2021,차입금의존도_diff_industry,연도×라벨,-25.95,70.2644
2021,차입금의존도_ratio_industry,연도×라벨,0.0,3.7077
2021,총자산회전율_diff_industry,연도×라벨,-1.6144,13.6365
2021,총자산회전율_ratio_industry,연도×라벨,0.0156,9.315
2021,자기자본회전율_diff_industry,연도×라벨,-3.6203,116.0879
2021,자기자본회전율_ratio_industry,연도×라벨,0.0242,32.2906
2021,비유동자산회전율_diff_industry,연도×라벨,-3.4244,107.5288
2021,비유동자산회전율_ratio_industry,연도×라벨,0.0103,32.0777
2021,유형자산회전율_diff_industry,연도×라벨,-6.4639,7130.834
2021,유형자산회전율_ratio_industry,연도×라벨,0.0071,1096.3662
2021,재고자산회전율_diff_industry,연도×라벨,-12.4658,621.7543
2021,재고자산회전율_ratio_industry,연도×라벨,0.0146,50.1505
2021,매출채권회전율_diff_industry,연도×라벨,-8.3588,1070.0934
2021,매출채권회전율_ratio_industry,연도×라벨,0.1453,110.4165
2021,매입채무회전율_diff_industry,연도×라벨,-13.53,6099.28
2021,매입채무회전율_ratio_industry,연도×라벨,0.0,451.7967
2021,총자산증가율_diff_industry,연도×라벨,-51.9147,146.5863
2021,총자산증가율_ratio_industry,연도×라벨,-3.319,13.1952
2021,유형자산증가율_diff_industry,연도×라벨,-104.8098,222.6988
2021,유형자산증가율_ratio_industry,연도×라벨,-10.8429,26.1637
2021,자기자본증가율_diff_industry,연도×라벨,-70.008,261.5847
2021,자기자본증가율_ratio_industry,연도×라벨,-5.2957,24.5238
2021,매출액증가율_diff_industry,연도×라벨,-88.7387,206.3118
2021,매출액증가율_ratio_industry,연도×라벨,-3.9299,12.4618
