회사명,사업자등록번호,회계년도,y_true,y_prob,y_pred,correct,error_type
메가플랙슨공업(주),1018139656,2014,0,1e-04,0,1,TN
메가플랙슨공업(주),1018139656,2015,0,0.0006,0,1,TN
메가플랙슨공업(주),1018139656,2016,0,0.0029,0,1,TN
메가플랙슨공업(주),1018139656,2017,0,0.0006,0,1,TN
메가플랙슨공업(주),1018139656,2018,0,0.0148,0,1,TN
메가플랙슨공업(주),1018139656,2019,0,0.0162,0,1,TN
메가플랙슨공업(주),1018139656,2020,0,0.0515,1,0,FP
메가플랙슨공업(주),1018139656,2021,0,0.0002,0,1,TN
메가플랙슨공업(주),1018139656,2022,0,0.0107,0,1,TN
메가플랙슨공업(주),1018139656,2023,0,0.0007,0,1,TN
메가플랙슨공업(주),1018139656,2024,0,0.0012,0,1,TN
(주)맬콤인터네셔널,1018701185,2021,0,0.0008,0,1,TN
(주)맬콤인터네셔널,1018701185,2022,0,0.0009,0,1,TN
(주)맬콤인터네셔널,1018701185,2023,0,0.0015,0,1,TN
(주)맬콤인터네셔널,1018701185,2024,0,0.0069,0,1,TN
(주)동국에스엔씨,1048163193,2014,0,0.0005,0,1,TN
(주)동국에스엔씨,1048163193,2015,0,0.0002,0,1,TN
(주)동국에스엔씨,1048163193,2016,0,1e-04,0,1,TN
(주)동국에스엔씨,1048163193,2017,0,0.0006,0,1,TN
(주)동국에스엔씨,1048163193,2018,0,0.007,0,1,TN
(주)동국에스엔씨,1048163193,2019,0,0.0009,0,1,TN
(주)동국에스엔씨,1048163193,2020,0,0.0025,0,1,TN
(주)동국에스엔씨,1048163193,2021,0,0.0004,0,1,TN
(주)동국에스엔씨,1048163193,2022,0,0.0315,1,0,FP
(주)동국에스엔씨,1048163193,2023,0,0.0787,1,0,FP
(주)동국에스엔씨,1048163193,2024,1,0.0374,1,1,TP
주식회사한신비텍,1048607667,2014,0,0.0002,0,1,TN
주식회사한신비텍,1048607667,2015,0,0.0005,0,1,TN
주식회사한신비텍,1048607667,2016,0,0.0007,0,1,TN
주식회사한신비텍,1048607667,2017,0,0.0008,0,1,TN
주식회사한신비텍,1048607667,2018,0,0.0006,0,1,TN
주식회사한신비텍,1048607667,2019,0,0.0011,0,1,TN
주식회사한신비텍,1048607667,2020,0,0.0038,0,1,TN
주식회사한신비텍,1048607667,2021,0,1e-04,0,1,TN
주식회사한신비텍,1048607667,2022,0,0.0099,0,1,TN
주식회사한신비텍,1048607667,2023,0,0.0035,0,1,TN
주식회사한신비텍,1048607667,2024,0,0.0465,1,0,FP
신동아정공,1058195188,2014,0,0.0015,0,1,TN
신동아정공,1058195188,2015,0,0.0004,0,1,TN
신동아정공,1058195188,2016,0,0.0034,0,1,TN
신동아정공,1058195188,2017,0,0.1813,1,0,FP
신동아정공,1058195188,2018,0,0.0094,0,1,TN
신동아정공,1058195188,2019,0,0.119,1,0,FP
대건스틸건재주식회사,1058648512,2021,0,0.0008,0,1,TN
대건스틸건재주식회사,1058648512,2022,0,0.0007,0,1,TN
대건스틸건재주식회사,1058648512,2023,0,0.0451,1,0,FP
대건스틸건재주식회사,1058648512,2024,0,0.0091,0,1,TN
(주)포스패널시스템,1058785324,2019,0,0.0012,0,1,TN
(주)포스패널시스템,1058785324,2020,0,0.0177,0,1,TN
(주)포스패널시스템,1058785324,2021,0,0.0012,0,1,TN
(주)포스패널시스템,1058785324,2022,0,0.0064,0,1,TN
(주)포스패널시스템,1058785324,2023,0,0.0032,0,1,TN
하이리움산업(주),1058806971,2022,0,0.0056,0,1,TN
하이리움산업(주),1058806971,2023,0,0.1437,1,0,FP
하이리움산업(주),1058806971,2024,1,0.5268,1,1,TP
주식회사금가,1068113006,2014,0,0.0006,0,1,TN
주식회사금가,1068113006,2015,0,1e-04,0,1,TN
주식회사금가,1068113006,2016,0,1e-04,0,1,TN
주식회사금가,1068113006,2017,0,0.0003,0,1,TN
주식회사금가,1068113006,2018,0,0.0047,0,1,TN
주식회사금가,1068113006,2019,0,0.0004,0,1,TN
주식회사금가,1068113006,2020,0,0.0021,0,1,TN
주식회사금가,1068113006,2021,0,0.0061,0,1,TN
주식회사금가,1068113006,2022,1,0.0144,0,0,FN
장한기술(주),1068125254,2014,0,0.0091,0,1,TN
장한기술(주),1068125254,2015,0,0.0064,0,1,TN
장한기술(주),1068125254,2016,0,0.0014,0,1,TN
장한기술(주),1068125254,2017,0,0.0011,0,1,TN
장한기술(주),1068125254,2018,0,0.0005,0,1,TN
장한기술(주),1068125254,2019,0,0.0003,0,1,TN
장한기술(주),1068125254,2020,0,0.0006,0,1,TN
장한기술(주),1068125254,2021,0,0.0085,0,1,TN
장한기술(주),1068125254,2022,0,0.0006,0,1,TN
장한기술(주),1068125254,2023,0,0.0006,0,1,TN
장한기술(주),1068125254,2024,0,0.0009,0,1,TN
주식회사태양자동문,1068160979,2017,0,0.0003,0,1,TN
주식회사태양자동문,1068160979,2018,0,1e-04,0,1,TN
주식회사태양자동문,1068160979,2019,0,0.0005,0,1,TN
주식회사태양자동문,1068160979,2020,0,0.0007,0,1,TN
주식회사태양자동문,1068160979,2021,0,1e-04,0,1,TN
주식회사태양자동문,1068160979,2022,0,0.0003,0,1,TN
주식회사태양자동문,1068160979,2023,0,0.0005,0,1,TN
주식회사태양자동문,1068160979,2024,0,0.0003,0,1,TN
유진크레베스주식회사,1068161298,2014,0,0.0044,0,1,TN
유진크레베스주식회사,1068161298,2015,0,0.0029,0,1,TN
유진크레베스주식회사,1068161298,2016,0,0.0014,0,1,TN
유진크레베스주식회사,1068161298,2017,0,0.0477,1,0,FP
유진크레베스주식회사,1068161298,2018,0,0.0031,0,1,TN
유진크레베스주식회사,1068161298,2019,0,0.0005,0,1,TN
유진크레베스주식회사,1068161298,2020,0,0.0053,0,1,TN
유진크레베스주식회사,1068161298,2021,0,0.0045,0,1,TN
유진크레베스주식회사,1068161298,2022,0,0.0058,0,1,TN
유진크레베스주식회사,1068161298,2023,0,0.0384,1,0,FP
유진크레베스주식회사,1068161298,2024,0,0.181,1,0,FP
한성유엘산업(주),1068175491,2014,0,0.0002,0,1,TN
한성유엘산업(주),1068175491,2015,0,1e-04,0,1,TN
한성유엘산업(주),1068175491,2016,0,0.0209,0,1,TN
한성유엘산업(주),1068175491,2017,0,0.0068,0,1,TN
한성유엘산업(주),1068175491,2018,0,0.041,1,0,FP
한성유엘산업(주),1068175491,2019,0,0.0326,1,0,FP
한성유엘산업(주),1068175491,2020,1,0.8854,1,1,TP
삼진로푸(주),1078112086,2014,0,0.0003,0,1,TN
삼진로푸(주),1078112086,2015,0,0.0003,0,1,TN
삼진로푸(주),1078112086,2016,0,0.0002,0,1,TN
삼진로푸(주),1078112086,2017,0,0.0002,0,1,TN
삼진로푸(주),1078112086,2018,0,0.0003,0,1,TN
삼진로푸(주),1078112086,2019,0,0.0005,0,1,TN
삼진로푸(주),1078112086,2020,0,0.0009,0,1,TN
삼진로푸(주),1078112086,2021,0,0.0004,0,1,TN
삼진로푸(주),1078112086,2022,0,0.0005,0,1,TN
삼진로푸(주),1078112086,2023,0,0.0006,0,1,TN
삼진로푸(주),1078112086,2024,0,0.0021,0,1,TN
주식회사대진,1078122925,2014,0,0.0006,0,1,TN
주식회사대진,1078122925,2015,0,1e-04,0,1,TN
주식회사대진,1078122925,2016,0,1e-04,0,1,TN
주식회사대진,1078122925,2017,0,0.0002,0,1,TN
주식회사대진,1078122925,2018,0,0.0002,0,1,TN
주식회사대진,1078122925,2019,0,0.0003,0,1,TN
주식회사대진,1078122925,2020,0,0.001,0,1,TN
주식회사대진,1078122925,2021,0,0.0029,0,1,TN
주식회사대진,1078122925,2022,0,0.0232,0,1,TN
주식회사대진,1078122925,2023,0,0.0026,0,1,TN
주식회사대진,1078122925,2024,0,0.0227,0,1,TN
오제이씨(주),1078136472,2014,0,0.0005,0,1,TN
오제이씨(주),1078136472,2015,0,0.0008,0,1,TN
오제이씨(주),1078136472,2016,0,1e-04,0,1,TN
오제이씨(주),1078136472,2017,0,0.0027,0,1,TN
오제이씨(주),1078136472,2018,0,0.0039,0,1,TN
오제이씨(주),1078136472,2019,0,0.001,0,1,TN
오제이씨(주),1078136472,2020,0,0.0026,0,1,TN
오제이씨(주),1078136472,2021,0,0.0005,0,1,TN
오제이씨(주),1078136472,2022,0,0.0008,0,1,TN
오제이씨(주),1078136472,2023,0,0.0015,0,1,TN
오제이씨(주),1078136472,2024,0,0.001,0,1,TN
주식회사신원에스앤티,1078146795,2014,0,1e-04,0,1,TN
주식회사신원에스앤티,1078146795,2015,0,1e-04,0,1,TN
주식회사신원에스앤티,1078146795,2016,0,1e-04,0,1,TN
주식회사신원에스앤티,1078146795,2017,0,1e-04,0,1,TN
주식회사신원에스앤티,1078146795,2018,0,1e-04,0,1,TN
주식회사신원에스앤티,1078146795,2019,0,0.0002,0,1,TN
주식회사신원에스앤티,1078146795,2020,0,0.0002,0,1,TN
주식회사신원에스앤티,1078146795,2021,0,0.0029,0,1,TN
(주)삼우기초기술,1078150625,2014,0,0.0018,0,1,TN
(주)삼우기초기술,1078150625,2015,0,0.0005,0,1,TN
(주)삼우기초기술,1078150625,2016,0,0.0002,0,1,TN
(주)삼우기초기술,1078150625,2017,0,0.0008,0,1,TN
(주)삼우기초기술,1078150625,2018,0,0.044,1,0,FP
(주)삼우기초기술,1078150625,2019,0,0.0004,0,1,TN
(주)삼우기초기술,1078150625,2020,0,0.0005,0,1,TN
(주)삼우기초기술,1078150625,2021,0,0.0003,0,1,TN
(주)삼우기초기술,1078150625,2022,0,0.0005,0,1,TN
(주)삼우기초기술,1078150625,2023,0,0.0004,0,1,TN
(주)삼우기초기술,1078150625,2024,0,0.0004,0,1,TN
(주)옴니엘피에스,1078162010,2014,1,0.7829,1,1,TP
(주)누리비스타,1078601717,2014,0,0.059,1,0,FP
(주)누리비스타,1078601717,2015,1,0.963,1,1,TP
(주)영원코퍼레이션,1078610443,2014,0,1e-04,0,1,TN
(주)영원코퍼레이션,1078610443,2015,0,0.0003,0,1,TN
(주)영원코퍼레이션,1078610443,2016,0,1e-04,0,1,TN
(주)영원코퍼레이션,1078610443,2017,0,1e-04,0,1,TN
(주)영원코퍼레이션,1078610443,2018,0,0.0002,0,1,TN
(주)영원코퍼레이션,1078610443,2019,0,0.0002,0,1,TN
(주)영원코퍼레이션,1078610443,2020,0,0.0002,0,1,TN
(주)영원코퍼레이션,1078610443,2021,0,1e-04,0,1,TN
(주)영원코퍼레이션,1078610443,2022,0,0.0002,0,1,TN
(주)영원코퍼레이션,1078610443,2023,0,0.0007,0,1,TN
(주)영원코퍼레이션,1078610443,2024,0,0.0002,0,1,TN
(주)두호아이엔에스,1078611990,2014,0,0.0011,0,1,TN
(주)두호아이엔에스,1078611990,2015,0,0.0012,0,1,TN
(주)두호아이엔에스,1078611990,2016,0,0.0013,0,1,TN
(주)두호아이엔에스,1078611990,2017,0,0.0015,0,1,TN
이알텍(주),1078658980,2018,0,0.0002,0,1,TN
이알텍(주),1078658980,2019,0,0.0002,0,1,TN
이알텍(주),1078658980,2020,0,0.0002,0,1,TN
이알텍(주),1078658980,2021,0,0.0002,0,1,TN
이알텍(주),1078658980,2022,0,0.0012,0,1,TN
이알텍(주),1078658980,2023,0,0.0018,0,1,TN
이알텍(주),1078658980,2024,0,0.0003,0,1,TN
동인중공업주식회사,1078677594,2014,0,0.0015,0,1,TN
동인중공업주식회사,1078677594,2015,0,0.0027,0,1,TN
동인중공업주식회사,1078677594,2016,0,0.001,0,1,TN
동인중공업주식회사,1078677594,2017,0,0.0017,0,1,TN
동인중공업주식회사,1078677594,2018,0,0.0201,0,1,TN
동인중공업주식회사,1078677594,2019,0,0.0005,0,1,TN
동인중공업주식회사,1078677594,2020,0,0.0031,0,1,TN
동인중공업주식회사,1078677594,2021,0,0.0014,0,1,TN
동인중공업주식회사,1078677594,2022,0,0.0049,0,1,TN
동인중공업주식회사,1078677594,2023,0,0.0085,0,1,TN
동인중공업주식회사,1078677594,2024,0,0.0097,0,1,TN
주식회사엘씨씨,1078802419,2022,0,0.0007,0,1,TN
주식회사엘씨씨,1078802419,2023,0,0.0003,0,1,TN
주식회사엘씨씨,1078802419,2024,0,0.0002,0,1,TN
(주)정산테크,1078842181,2018,0,0.0017,0,1,TN
(주)정산테크,1078842181,2019,0,0.001,0,1,TN
(주)정산테크,1078842181,2020,0,0.002,0,1,TN
(주)정산테크,1078842181,2021,0,0.0011,0,1,TN
(주)정산테크,1078842181,2022,0,0.0012,0,1,TN
(주)정산테크,1078842181,2023,0,0.0002,0,1,TN
(주)정산테크,1078842181,2024,0,0.0013,0,1,TN
주식회사유림철구,1088180796,2016,0,0.0011,0,1,TN
주식회사유림철구,1088180796,2017,0,0.0204,0,1,TN
주식회사유림철구,1088180796,2018,0,0.0207,0,1,TN
주식회사유림철구,1088180796,2019,0,0.0093,0,1,TN
주식회사신한에스엔지,1088183401,2017,0,0.0009,0,1,TN
주식회사신한에스엔지,1088183401,2018,0,0.0003,0,1,TN
주식회사신한에스엔지,1088183401,2019,0,0.0003,0,1,TN
주식회사신한에스엔지,1088183401,2020,0,0.0028,0,1,TN
주식회사신한에스엔지,1088183401,2021,0,0.0002,0,1,TN
주식회사신한에스엔지,1088183401,2022,0,0.0007,0,1,TN
주식회사신한에스엔지,1088183401,2023,0,0.0011,0,1,TN
주식회사신한에스엔지,1088183401,2024,0,0.0006,0,1,TN
(주)삼우이앤아이,1098114926,2020,0,0.0011,0,1,TN
(주)삼우이앤아이,1098114926,2021,0,0.0005,0,1,TN
(주)삼우이앤아이,1098114926,2022,0,0.004,0,1,TN
(주)삼우이앤아이,1098114926,2023,0,0.0035,0,1,TN
(주)삼우이앤아이,1098114926,2024,0,0.0012,0,1,TN
(주)대흥에프에스씨복합창,1098168363,2014,0,0.0002,0,1,TN
(주)대흥에프에스씨복합창,1098168363,2015,0,0.0003,0,1,TN
(주)대흥에프에스씨복합창,1098168363,2016,0,0.0101,0,1,TN
(주)대흥에프에스씨복합창,1098168363,2022,0,0.0111,0,1,TN
(주)대흥에프에스씨복합창,1098168363,2023,1,0.4088,1,1,TP
미래티앤씨주식회사,1098187225,2016,0,0.0009,0,1,TN
미래티앤씨주식회사,1098187225,2017,0,0.0039,0,1,TN
미래티앤씨주식회사,1098187225,2018,0,0.0016,0,1,TN
미래티앤씨주식회사,1098187225,2019,0,0.002,0,1,TN
미래티앤씨주식회사,1098187225,2020,0,0.0032,0,1,TN
미래티앤씨주식회사,1098187225,2021,0,0.0018,0,1,TN
미래티앤씨주식회사,1098187225,2022,0,0.0021,0,1,TN
미래티앤씨주식회사,1098187225,2023,0,0.0033,0,1,TN
미래티앤씨주식회사,1098187225,2024,0,0.007,0,1,TN
(주)케일럼,1098617840,2014,0,0.0375,1,0,FP
(주)케일럼,1098617840,2015,0,0.0012,0,1,TN
(주)케일럼,1098617840,2016,0,0.0007,0,1,TN
(주)케일럼,1098617840,2017,0,0.0005,0,1,TN
(주)케일럼,1098617840,2018,0,0.0005,0,1,TN
(주)케일럼,1098617840,2019,0,0.0266,0,1,TN
(주)케일럼,1098617840,2020,0,0.0508,1,0,FP
(주)케일럼,1098617840,2021,1,0.8236,1,1,TP
(주)창보,1098800120,2016,0,0.0032,0,1,TN
(주)창보,1098800120,2017,0,0.0025,0,1,TN
(주)창보,1098800120,2018,0,0.0109,0,1,TN
(주)창보,1098800120,2019,0,0.0117,0,1,TN
(주)창보,1098800120,2020,0,0.0111,0,1,TN
(주)창보,1098800120,2021,0,0.0078,0,1,TN
(주)창보,1098800120,2022,0,0.0182,0,1,TN
(주)창보,1098800120,2023,0,0.0875,1,0,FP
(주)창보,1098800120,2024,1,0.2306,1,1,TP
(주)고금산업개발,1108143116,2022,0,0.0014,0,1,TN
(주)고금산업개발,1108143116,2023,0,0.0016,0,1,TN
(주)고금산업개발,1108143116,2024,0,0.0015,0,1,TN
(주)디오이엔씨,1118132572,2018,0,0.0003,0,1,TN
(주)디오이엔씨,1118132572,2019,0,0.0002,0,1,TN
(주)디오이엔씨,1118132572,2020,0,0.0033,0,1,TN
(주)디오이엔씨,1118132572,2021,0,1e-04,0,1,TN
(주)디오이엔씨,1118132572,2022,0,0.0003,0,1,TN
(주)디오이엔씨,1118132572,2023,0,0.0005,0,1,TN
(주)디오이엔씨,1118132572,2024,0,1e-04,0,1,TN
주식회사다인정공,1128136590,2014,0,1e-04,0,1,TN
주식회사다인정공,1128136590,2015,0,0.0002,0,1,TN
주식회사다인정공,1128136590,2016,0,0.0002,0,1,TN
주식회사다인정공,1128136590,2017,0,1e-04,0,1,TN
주식회사다인정공,1128136590,2018,0,1e-04,0,1,TN
주식회사다인정공,1128136590,2019,0,0.0003,0,1,TN
주식회사다인정공,1128136590,2020,0,0.0102,0,1,TN
주식회사다인정공,1128136590,2021,0,0.0208,0,1,TN
주식회사다인정공,1128136590,2022,0,0.1583,1,0,FP
주식회사다인정공,1128136590,2023,0,0.0129,0,1,TN
주식회사다인정공,1128136590,2024,0,0.0477,1,0,FP
(주)도루코,1138100023,2014,0,0.0003,0,1,TN
(주)도루코,1138100023,2015,0,0.0006,0,1,TN
(주)도루코,1138100023,2016,0,0.0002,0,1,TN
(주)도루코,1138100023,2017,0,1e-04,0,1,TN
(주)도루코,1138100023,2018,0,1e-04,0,1,TN
(주)도루코,1138100023,2019,0,0.0004,0,1,TN
(주)도루코,1138100023,2020,0,0.0002,0,1,TN
(주)도루코,1138100023,2021,0,1e-04,0,1,TN
(주)도루코,1138100023,2022,0,1e-04,0,1,TN
(주)도루코,1138100023,2023,0,0.0002,0,1,TN
(주)도루코,1138100023,2024,0,0.0006,0,1,TN
(주)삼양테크,1138113362,2014,0,0.0006,0,1,TN
(주)삼양테크,1138113362,2015,0,0.0017,0,1,TN
(주)삼양테크,1138113362,2016,0,0.001,0,1,TN
(주)삼양테크,1138113362,2017,0,0.0021,0,1,TN
(주)삼양테크,1138113362,2018,0,0.0028,0,1,TN
(주)삼양테크,1138113362,2019,0,0.0108,0,1,TN
(주)삼양테크,1138113362,2020,0,0.0074,0,1,TN
(주)삼양테크,1138113362,2021,0,0.0034,0,1,TN
(주)삼양테크,1138113362,2022,0,0.007,0,1,TN
(주)삼양테크,1138113362,2023,0,0.0085,0,1,TN
(주)삼양테크,1138113362,2024,0,0.0096,0,1,TN
(주)신성강건,1138113590,2014,0,0.0041,0,1,TN
(주)신성강건,1138113590,2015,0,0.0013,0,1,TN
(주)신성강건,1138113590,2016,0,0.0092,0,1,TN
(주)신성강건,1138113590,2017,0,0.0413,1,0,FP
(주)신성강건,1138113590,2018,0,0.0024,0,1,TN
(주)신성강건,1138113590,2019,0,0.0053,0,1,TN
(주)신성강건,1138113590,2020,0,0.0265,0,1,TN
(주)신성강건,1138113590,2021,0,0.0419,1,0,FP
(주)신성강건,1138113590,2022,0,0.0134,0,1,TN
(주)신성강건,1138113590,2023,0,0.0067,0,1,TN
(주)신성강건,1138113590,2024,0,0.0048,0,1,TN
(주)대한볼트,1138117524,2014,0,0.0222,0,1,TN
(주)대한볼트,1138117524,2015,0,0.0028,0,1,TN
(주)대한볼트,1138117524,2016,0,0.0008,0,1,TN
(주)대한볼트,1138117524,2017,0,0.0041,0,1,TN
(주)대한볼트,1138117524,2018,0,0.0065,0,1,TN
(주)서영피엔아이,1138118203,2017,0,0.0011,0,1,TN
(주)서영피엔아이,1138118203,2018,0,0.0057,0,1,TN
(주)서영피엔아이,1138118203,2019,0,0.0003,0,1,TN
(주)서영피엔아이,1138118203,2020,0,0.0008,0,1,TN
(주)서영피엔아이,1138118203,2021,0,0.0133,0,1,TN
(주)서영피엔아이,1138118203,2022,0,0.3411,1,0,FP
(주)서영피엔아이,1138118203,2023,1,0.1032,1,1,TP
삼부선재주식회사,1138126611,2015,0,0.0009,0,1,TN
삼부선재주식회사,1138126611,2016,0,0.0002,0,1,TN
삼부선재주식회사,1138126611,2017,0,0.0007,0,1,TN
삼부선재주식회사,1138126611,2018,0,0.0003,0,1,TN
삼부선재주식회사,1138126611,2019,0,0.0003,0,1,TN
삼부선재주식회사,1138126611,2020,0,0.001,0,1,TN
삼부선재주식회사,1138126611,2021,0,0.0004,0,1,TN
삼부선재주식회사,1138126611,2022,0,0.0014,0,1,TN
삼부선재주식회사,1138126611,2023,0,0.004,0,1,TN
삼부선재주식회사,1138126611,2024,0,0.1797,1,0,FP
엠스틸(주),1138143003,2014,1,0.5904,1,1,TP
(주)아이레보,1138145184,2014,0,1e-04,0,1,TN
대진볼트공업(주),1138149287,2014,0,0.0008,0,1,TN
대진볼트공업(주),1138149287,2015,0,0.0004,0,1,TN
대진볼트공업(주),1138149287,2016,0,0.0006,0,1,TN
대진볼트공업(주),1138149287,2017,0,0.0011,0,1,TN
대진볼트공업(주),1138149287,2018,0,0.0005,0,1,TN
대진볼트공업(주),1138149287,2019,0,0.0003,0,1,TN
대진볼트공업(주),1138149287,2020,0,0.0133,0,1,TN
대진볼트공업(주),1138149287,2021,0,0.0623,1,0,FP
대진볼트공업(주),1138149287,2022,0,0.0008,0,1,TN
대진볼트공업(주),1138149287,2023,0,0.0007,0,1,TN
대진볼트공업(주),1138149287,2024,0,0.021,0,1,TN
(주)동진엠아이,1138157564,2014,0,0.0029,0,1,TN
(주)동진엠아이,1138157564,2015,0,0.0017,0,1,TN
(주)동진엠아이,1138157564,2016,0,0.0012,0,1,TN
(주)동진엠아이,1138157564,2017,0,0.0022,0,1,TN
(주)동진엠아이,1138157564,2018,0,0.0019,0,1,TN
(주)동진엠아이,1138157564,2019,0,0.0007,0,1,TN
(주)동진엠아이,1138157564,2020,0,0.002,0,1,TN
(주)동진엠아이,1138157564,2021,0,0.0006,0,1,TN
(주)동진엠아이,1138157564,2022,0,0.0324,1,0,FP
(주)동진엠아이,1138157564,2023,0,0.0009,0,1,TN
(주)동진엠아이,1138157564,2024,0,0.0931,1,0,FP
(주)동하이엔지,1138158850,2022,0,0.0011,0,1,TN
(주)동하이엔지,1138158850,2023,0,0.0011,0,1,TN
(주)동하이엔지,1138158850,2024,0,0.0587,1,0,FP
주식회사한립특수강,1138165083,2014,0,0.0002,0,1,TN
주식회사한립특수강,1138165083,2015,0,0.0043,0,1,TN
주식회사한립특수강,1138165083,2016,0,0.0004,0,1,TN
주식회사한립특수강,1138165083,2017,0,0.0008,0,1,TN
주식회사한립특수강,1138165083,2018,0,0.0023,0,1,TN
주식회사한립특수강,1138165083,2019,0,0.0012,0,1,TN
주식회사한립특수강,1138165083,2020,0,0.0972,1,0,FP
주식회사한립특수강,1138165083,2021,0,0.0003,0,1,TN
주식회사한립특수강,1138165083,2022,0,0.0008,0,1,TN
주식회사한립특수강,1138165083,2023,0,0.001,0,1,TN
주식회사한립특수강,1138165083,2024,0,0.0104,0,1,TN
(주)상민에스디,1138170738,2019,0,0.0005,0,1,TN
(주)상민에스디,1138170738,2020,0,0.0007,0,1,TN
(주)상민에스디,1138170738,2021,0,0.0005,0,1,TN
(주)상민에스디,1138170738,2022,0,0.0015,0,1,TN
(주)상민에스디,1138170738,2023,0,0.0008,0,1,TN
(주)상민에스디,1138170738,2024,0,0.0012,0,1,TN
주식회사유라텍,1138172599,2016,0,0.0006,0,1,TN
주식회사유라텍,1138172599,2017,0,1e-04,0,1,TN
주식회사유라텍,1138172599,2018,0,1e-04,0,1,TN
주식회사유라텍,1138172599,2019,0,1e-04,0,1,TN
범아기계공업주식회사,1138186491,2015,0,0.0009,0,1,TN
범아기계공업주식회사,1138186491,2016,0,0.021,0,1,TN
범아기계공업주식회사,1138186491,2017,1,0.4952,1,1,TP
(주)아이피엔엘,1138602045,2016,0,0.0016,0,1,TN
(주)아이피엔엘,1138602045,2017,0,0.0002,0,1,TN
(주)아이피엔엘,1138602045,2018,0,0.0008,0,1,TN
(주)아이피엔엘,1138602045,2019,0,0.0002,0,1,TN
(주)아이피엔엘,1138602045,2020,0,0.0006,0,1,TN
(주)아이피엔엘,1138602045,2021,0,0.0005,0,1,TN
(주)아이피엔엘,1138602045,2022,0,0.0014,0,1,TN
(주)아이피엔엘,1138602045,2023,0,0.0014,0,1,TN
(주)아이피엔엘,1138602045,2024,0,0.0284,0,1,TN
(주)에이치와이티씨,1138602327,2014,0,0.0526,1,0,FP
(주)에이치와이티씨,1138602327,2015,0,0.1406,1,0,FP
(주)에이치와이티씨,1138602327,2016,1,0.7315,1,1,TP
(주)유림싸이겐,1138614804,2017,0,0.0012,0,1,TN
(주)유림싸이겐,1138614804,2018,0,0.0002,0,1,TN
(주)유림싸이겐,1138614804,2019,0,1e-04,0,1,TN
(주)유림싸이겐,1138614804,2021,0,1e-04,0,1,TN
(주)유림싸이겐,1138614804,2022,0,0.0003,0,1,TN
(주)유림싸이겐,1138614804,2023,0,0.0004,0,1,TN
(주)유림싸이겐,1138614804,2024,0,0.0002,0,1,TN
(주)풍원정공,1138615346,2014,0,0.0005,0,1,TN
(주)풍원정공,1138615346,2015,0,0.0003,0,1,TN
(주)풍원정공,1138615346,2016,0,0.0011,0,1,TN
(주)풍원정공,1138615346,2017,0,0.0029,0,1,TN
(주)풍원정공,1138615346,2018,0,0.0005,0,1,TN
(주)풍원정공,1138615346,2019,0,0.0028,0,1,TN
(주)풍원정공,1138615346,2020,0,0.0174,0,1,TN
(주)풍원정공,1138615346,2022,0,0.5334,1,0,FP
(주)풍원정공,1138615346,2023,1,0.7396,1,1,TP
(주)부영금속공업,1138623924,2016,0,0.0005,0,1,TN
(주)부영금속공업,1138623924,2017,0,1e-04,0,1,TN
(주)부영금속공업,1138623924,2018,0,1e-04,0,1,TN
(주)부영금속공업,1138623924,2019,0,1e-04,0,1,TN
(주)부영금속공업,1138623924,2020,0,0.0003,0,1,TN
(주)부영금속공업,1138623924,2021,0,1e-04,0,1,TN
(주)부영금속공업,1138623924,2022,0,0.0018,0,1,TN
(주)부영금속공업,1138623924,2023,0,0.0022,0,1,TN
(주)부영금속공업,1138623924,2024,0,0.0003,0,1,TN
성화산업주식회사,1148165558,2014,0,0.003,0,1,TN
성화산업주식회사,1148165558,2015,0,0.0004,0,1,TN
성화산업주식회사,1148165558,2016,0,0.0006,0,1,TN
성화산업주식회사,1148165558,2017,0,0.0004,0,1,TN
성화산업주식회사,1148165558,2018,0,0.0015,0,1,TN
성화산업주식회사,1148165558,2019,0,0.0013,0,1,TN
성화산업주식회사,1148165558,2020,0,0.0008,0,1,TN
성화산업주식회사,1148165558,2021,0,0.0056,0,1,TN
성화산업주식회사,1148165558,2022,0,0.0003,0,1,TN
성화산업주식회사,1148165558,2023,0,0.0023,0,1,TN
성화산업주식회사,1148165558,2024,0,0.0005,0,1,TN
한국씨앤오테크(주),1148179542,2015,0,0.0009,0,1,TN
한국씨앤오테크(주),1148179542,2016,0,0.0007,0,1,TN
한국씨앤오테크(주),1148179542,2017,0,0.0003,0,1,TN
한국씨앤오테크(주),1148179542,2018,0,0.0009,0,1,TN
한국씨앤오테크(주),1148179542,2019,0,0.0002,0,1,TN
한국씨앤오테크(주),1148179542,2020,0,0.0656,1,0,FP
한국씨앤오테크(주),1148179542,2021,0,0.2325,1,0,FP
한국씨앤오테크(주),1148179542,2022,0,0.0255,0,1,TN
한국씨앤오테크(주),1148179542,2023,0,0.0013,0,1,TN
한국씨앤오테크(주),1148179542,2024,0,0.0004,0,1,TN
뉴월드인텍(주),1148192813,2015,0,0.0008,0,1,TN
뉴월드인텍(주),1148192813,2016,0,1e-04,0,1,TN
뉴월드인텍(주),1148192813,2017,0,1e-04,0,1,TN
뉴월드인텍(주),1148192813,2018,0,0.0002,0,1,TN
뉴월드인텍(주),1148192813,2019,0,1e-04,0,1,TN
미진정공(주),1148615878,2022,0,0.0006,0,1,TN
미진정공(주),1148615878,2023,0,0.0004,0,1,TN
미진정공(주),1148615878,2024,0,0.0005,0,1,TN
주식회사진성정밀,1148801816,2020,0,0.0008,0,1,TN
주식회사진성정밀,1148801816,2021,0,0.0003,0,1,TN
주식회사진성정밀,1148801816,2022,0,0.0003,0,1,TN
주식회사진성정밀,1148801816,2023,0,0.0037,0,1,TN
주식회사진성정밀,1148801816,2024,0,0.0131,0,1,TN
주식회사이스트밸리티엔텍,1158600553,2018,0,0.0005,0,1,TN
주식회사이스트밸리티엔텍,1158600553,2019,0,0.0015,0,1,TN
주식회사이스트밸리티엔텍,1158600553,2020,0,0.0453,1,0,FP
주식회사이스트밸리티엔텍,1158600553,2021,1,0.5909,1,1,TP
세왕금속공업주식회사,1168105575,2014,0,0.0007,0,1,TN
세왕금속공업주식회사,1168105575,2015,0,0.0007,0,1,TN
세왕금속공업주식회사,1168105575,2016,0,0.0002,0,1,TN
세왕금속공업주식회사,1168105575,2017,0,0.0003,0,1,TN
세왕금속공업주식회사,1168105575,2018,0,0.005,0,1,TN
세왕금속공업주식회사,1168105575,2019,0,0.0162,0,1,TN
세왕금속공업주식회사,1168105575,2020,0,0.0082,0,1,TN
세왕금속공업주식회사,1168105575,2021,0,0.005,0,1,TN
세왕금속공업주식회사,1168105575,2022,0,0.1434,1,0,FP
세왕금속공업주식회사,1168105575,2023,0,0.0087,0,1,TN
세왕금속공업주식회사,1168105575,2024,0,0.0256,0,1,TN
한국샌드빅주식회사,1168115957,2014,0,0.0004,0,1,TN
한국샌드빅주식회사,1168115957,2015,0,0.0003,0,1,TN
한국샌드빅주식회사,1168115957,2016,0,0.0002,0,1,TN
한국샌드빅주식회사,1168115957,2017,0,0.0006,0,1,TN
한국샌드빅주식회사,1168115957,2018,0,0.0005,0,1,TN
한국샌드빅주식회사,1168115957,2019,0,0.0003,0,1,TN
한국샌드빅주식회사,1168115957,2020,0,0.0034,0,1,TN
영화엔지니어링,1168122797,2014,0,0.1605,1,0,FP
영화엔지니어링,1168122797,2015,1,0.6286,1,1,TP
밀레시스텍(주),1178155215,2014,0,0.0003,0,1,TN
밀레시스텍(주),1178155215,2015,0,0.0002,0,1,TN
밀레시스텍(주),1178155215,2017,0,0.0002,0,1,TN
밀레시스텍(주),1178155215,2018,0,0.0002,0,1,TN
밀레시스텍(주),1178155215,2019,0,0.0042,0,1,TN
밀레시스텍(주),1178155215,2020,0,0.0288,0,1,TN
밀레시스텍(주),1178155215,2021,0,0.0631,1,0,FP
밀레시스텍(주),1178155215,2022,0,0.036,1,0,FP
(주)솔리티,1178164320,2014,0,0.0006,0,1,TN
(주)솔리티,1178164320,2015,0,0.0002,0,1,TN
(주)솔리티,1178164320,2016,0,1e-04,0,1,TN
(주)솔리티,1178164320,2017,0,1e-04,0,1,TN
(주)솔리티,1178164320,2018,0,0.0002,0,1,TN
(주)솔리티,1178164320,2019,0,0.0002,0,1,TN
(주)솔리티,1178164320,2020,0,0.0004,0,1,TN
(주)솔리티,1178164320,2021,0,0.0002,0,1,TN
(주)솔리티,1178164320,2022,0,0.0002,0,1,TN
(주)솔리티,1178164320,2023,0,0.0003,0,1,TN
(주)솔리티,1178164320,2024,0,0.0005,0,1,TN
(주)한성케이,1178166838,2019,0,0.001,0,1,TN
(주)한성케이,1178166838,2020,0,0.0013,0,1,TN
(주)한성케이,1178166838,2021,0,0.0063,0,1,TN
(주)한성케이,1178166838,2022,0,0.0015,0,1,TN
(주)한성케이,1178166838,2023,0,0.0019,0,1,TN
(주)유진건철,1188102953,2014,0,1e-04,0,1,TN
(주)유진건철,1188102953,2015,0,0.0004,0,1,TN
(주)유진건철,1188102953,2016,0,0.0075,0,1,TN
(주)유진건철,1188102953,2017,0,0.0006,0,1,TN
(주)유진건철,1188102953,2018,0,0.0135,0,1,TN
(주)유진건철,1188102953,2019,0,0.0086,0,1,TN
(주)유진건철,1188102953,2020,0,0.0017,0,1,TN
(주)유진건철,1188102953,2021,0,0.0171,0,1,TN
(주)유진건철,1188102953,2022,0,0.0019,0,1,TN
(주)유진건철,1188102953,2023,0,0.001,0,1,TN
(주)유진건철,1188102953,2024,0,0.0008,0,1,TN
(주)영등포특수강,1188103646,2014,0,0.0002,0,1,TN
(주)영등포특수강,1188103646,2015,0,0.0003,0,1,TN
(주)영등포특수강,1188103646,2016,0,0.001,0,1,TN
(주)영등포특수강,1188103646,2017,0,0.0003,0,1,TN
(주)영등포특수강,1188103646,2018,0,0.0005,0,1,TN
(주)영등포특수강,1188103646,2019,0,0.001,0,1,TN
(주)영등포특수강,1188103646,2020,0,0.0024,0,1,TN
(주)영등포특수강,1188103646,2021,0,0.0003,0,1,TN
(주)영등포특수강,1188103646,2022,0,0.0007,0,1,TN
(주)영등포특수강,1188103646,2023,0,0.0005,0,1,TN
(주)영등포특수강,1188103646,2024,0,0.0007,0,1,TN
(주)강원엔티에스,1188109811,2014,0,0.0004,0,1,TN
(주)강원엔티에스,1188109811,2021,0,0.0008,0,1,TN
(주)강원엔티에스,1188109811,2022,0,0.001,0,1,TN
(주)강원엔티에스,1188109811,2023,0,0.0121,0,1,TN
(주)강원엔티에스,1188109811,2024,0,0.171,1,0,FP
인우시스템(주),1188110491,2022,0,0.0007,0,1,TN
인우시스템(주),1188110491,2023,0,0.001,0,1,TN
인우시스템(주),1188110491,2024,0,0.0012,0,1,TN
(주)경수제철건설,1188114181,2014,0,0.0012,0,1,TN
(주)경수제철건설,1188114181,2015,0,0.0007,0,1,TN
(주)경수제철건설,1188114181,2016,0,0.0004,0,1,TN
(주)경수제철건설,1188114181,2017,0,0.0005,0,1,TN
(주)경수제철건설,1188114181,2018,0,0.0012,0,1,TN
(주)경수제철건설,1188114181,2019,0,0.0009,0,1,TN
(주)경수제철건설,1188114181,2020,0,0.0044,0,1,TN
(주)경수제철건설,1188114181,2021,0,0.0003,0,1,TN
(주)경수제철건설,1188114181,2022,0,0.0005,0,1,TN
(주)경수제철건설,1188114181,2023,0,0.0012,0,1,TN
(주)경수제철건설,1188114181,2024,0,0.001,0,1,TN
주식회사태광도어,1188600834,2021,0,0.0004,0,1,TN
주식회사태광도어,1188600834,2022,0,0.0004,0,1,TN
주식회사태광도어,1188600834,2023,0,0.0021,0,1,TN
주식회사태광도어,1188600834,2024,0,0.0016,0,1,TN
(주)와이엠,1198101578,2014,0,0.001,0,1,TN
(주)와이엠,1198101578,2015,0,0.0005,0,1,TN
(주)와이엠,1198101578,2016,0,0.0205,0,1,TN
(주)와이엠,1198101578,2017,0,0.0515,1,0,FP
(주)와이엠,1198101578,2018,0,0.0084,0,1,TN
(주)와이엠,1198101578,2019,0,0.0008,0,1,TN
(주)와이엠,1198101578,2020,0,0.0081,0,1,TN
(주)와이엠,1198101578,2021,0,0.0264,0,1,TN
(주)와이엠,1198101578,2022,0,0.0056,0,1,TN
(주)와이엠,1198101578,2023,0,0.0092,0,1,TN
(주)와이엠,1198101578,2024,0,0.0016,0,1,TN
형성산업(주),1198115387,2014,0,0.0007,0,1,TN
형성산업(주),1198115387,2015,0,0.0002,0,1,TN
형성산업(주),1198115387,2016,0,0.0003,0,1,TN
형성산업(주),1198115387,2017,0,0.0145,0,1,TN
형성산업(주),1198115387,2018,0,0.0003,0,1,TN
형성산업(주),1198115387,2019,0,0.0011,0,1,TN
형성산업(주),1198115387,2020,0,0.0021,0,1,TN
형성산업(주),1198115387,2021,0,0.0003,0,1,TN
형성산업(주),1198115387,2022,0,0.0039,0,1,TN
형성산업(주),1198115387,2023,0,0.0645,1,0,FP
형성산업(주),1198115387,2024,0,0.0043,0,1,TN
주식회사승일실업,1198125551,2014,0,0.0049,0,1,TN
주식회사승일실업,1198125551,2015,0,0.0007,0,1,TN
주식회사승일실업,1198125551,2016,0,0.0002,0,1,TN
주식회사승일실업,1198125551,2017,0,0.0002,0,1,TN
주식회사승일실업,1198125551,2018,0,0.0003,0,1,TN
주식회사승일실업,1198125551,2019,0,0.0046,0,1,TN
주식회사승일실업,1198125551,2020,0,0.0012,0,1,TN
주식회사승일실업,1198125551,2021,0,0.0096,0,1,TN
주식회사승일실업,1198125551,2022,0,0.3399,1,0,FP
주식회사승일실업,1198125551,2023,1,0.1181,1,1,TP
남선철강공업(주),1198130020,2017,0,0.0008,0,1,TN
남선철강공업(주),1198130020,2018,0,0.0005,0,1,TN
남선철강공업(주),1198130020,2019,0,0.0029,0,1,TN
남선철강공업(주),1198130020,2020,0,0.004,0,1,TN
남선철강공업(주),1198130020,2021,0,0.0036,0,1,TN
남선철강공업(주),1198130020,2022,0,0.0011,0,1,TN
남선철강공업(주),1198130020,2023,0,0.0305,1,0,FP
남선철강공업(주),1198130020,2024,0,0.2998,1,0,FP
제일에스티(주),1198139910,2017,0,0.0015,0,1,TN
제일에스티(주),1198139910,2018,0,0.0014,0,1,TN
제일에스티(주),1198139910,2021,0,0.0249,0,1,TN
제일에스티(주),1198139910,2022,0,0.0021,0,1,TN
제일에스티(주),1198139910,2023,0,0.2326,1,0,FP
(주)휴스코,1198155259,2014,0,0.0004,0,1,TN
(주)휴스코,1198155259,2015,0,0.0008,0,1,TN
(주)휴스코,1198155259,2016,0,0.0012,0,1,TN
(주)휴스코,1198155259,2017,0,0.0031,0,1,TN
(주)휴스코,1198155259,2018,0,0.0022,0,1,TN
(주)휴스코,1198155259,2019,0,0.0163,0,1,TN
(주)휴스코,1198155259,2020,0,0.0298,0,1,TN
(주)휴스코,1198155259,2021,1,0.9028,1,1,TP
신성화인스틸주식회사,1198179469,2014,0,0.0337,1,0,FP
유도로보틱스주식회사,1198180684,2014,0,0.0212,0,1,TN
유도로보틱스주식회사,1198180684,2015,0,0.0869,1,0,FP
유도로보틱스주식회사,1198180684,2016,0,0.0075,0,1,TN
유도로보틱스주식회사,1198180684,2017,0,0.0315,1,0,FP
유도로보틱스주식회사,1198180684,2018,0,0.0187,0,1,TN
(주)삼신이엔씨,1198183186,2014,0,0.0018,0,1,TN
(주)삼신이엔씨,1198183186,2015,0,0.0006,0,1,TN
(주)삼신이엔씨,1198183186,2016,0,0.0161,0,1,TN
슐저지티씨테크놀로지코리아(주),1198603509,2014,0,0.0002,0,1,TN
슐저지티씨테크놀로지코리아(주),1198603509,2015,0,0.0003,0,1,TN
슐저지티씨테크놀로지코리아(주),1198603509,2016,0,0.0087,0,1,TN
슐저지티씨테크놀로지코리아(주),1198603509,2017,0,0.0041,0,1,TN
슐저지티씨테크놀로지코리아(주),1198603509,2018,0,0.0262,0,1,TN
슐저지티씨테크놀로지코리아(주),1198603509,2019,0,0.0005,0,1,TN
슐저지티씨테크놀로지코리아(주),1198603509,2020,0,0.0006,0,1,TN
슐저지티씨테크놀로지코리아(주),1198603509,2021,0,0.0025,0,1,TN
슐저지티씨테크놀로지코리아(주),1198603509,2022,0,0.0018,0,1,TN
슐저지티씨테크놀로지코리아(주),1198603509,2023,0,0.0063,0,1,TN
슐저지티씨테크놀로지코리아(주),1198603509,2024,0,0.0716,1,0,FP
주식회사코리스이엔티,1198604401,2014,0,1e-04,0,1,TN
주식회사코리스이엔티,1198604401,2015,0,0.0003,0,1,TN
주식회사코리스이엔티,1198604401,2016,0,0.0003,0,1,TN
주식회사코리스이엔티,1198604401,2017,0,1e-04,0,1,TN
주식회사코리스이엔티,1198604401,2018,0,1e-04,0,1,TN
주식회사코리스이엔티,1198604401,2019,0,0.0002,0,1,TN
주식회사코리스이엔티,1198604401,2020,0,0.0003,0,1,TN
주식회사코리스이엔티,1198604401,2021,0,1e-04,0,1,TN
주식회사코리스이엔티,1198604401,2022,0,0.0003,0,1,TN
주식회사코리스이엔티,1198604401,2023,0,1e-04,0,1,TN
주식회사코리스이엔티,1198604401,2024,0,0.0002,0,1,TN
주식회사새누,1198639540,2021,0,0.0008,0,1,TN
주식회사새누,1198639540,2022,0,0.0396,1,0,FP
주식회사새누,1198639540,2023,1,0.4684,1,1,TP
주식회사지성테크,1198645305,2017,0,0.0011,0,1,TN
주식회사지성테크,1198645305,2018,0,0.0034,0,1,TN
주식회사지성테크,1198645305,2019,0,0.0298,0,1,TN
주식회사지성테크,1198645305,2020,0,0.0074,0,1,TN
주식회사지성테크,1198645305,2021,0,0.0012,0,1,TN
주식회사센트롤,1198671384,2016,0,0.0012,0,1,TN
주식회사센트롤,1198671384,2017,0,0.0012,0,1,TN
주식회사센트롤,1198671384,2018,0,0.0258,0,1,TN
유노빅스이엔씨(주),1208179187,2014,0,0.0017,0,1,TN
유노빅스이엔씨(주),1208179187,2015,0,0.0009,0,1,TN
유노빅스이엔씨(주),1208179187,2016,0,0.0002,0,1,TN
유노빅스이엔씨(주),1208179187,2017,0,0.0002,0,1,TN
유노빅스이엔씨(주),1208179187,2018,0,0.0002,0,1,TN
유노빅스이엔씨(주),1208179187,2019,0,0.0002,0,1,TN
유노빅스이엔씨(주),1208179187,2020,0,0.0027,0,1,TN
유노빅스이엔씨(주),1208179187,2021,0,0.0035,0,1,TN
유노빅스이엔씨(주),1208179187,2022,0,0.002,0,1,TN
유노빅스이엔씨(주),1208179187,2023,0,0.0006,0,1,TN
유노빅스이엔씨(주),1208179187,2024,0,0.0004,0,1,TN
(주)툴스피아,1208636771,2021,0,0.0004,0,1,TN
(주)툴스피아,1208636771,2022,0,1e-04,0,1,TN
(주)툴스피아,1208636771,2023,0,0.0004,0,1,TN
(주)툴스피아,1208636771,2024,0,0.0003,0,1,TN
대현이앤아이(주),1208675982,2015,0,0.0028,0,1,TN
대현이앤아이(주),1208675982,2016,0,0.0041,0,1,TN
대현이앤아이(주),1208675982,2017,0,0.1636,1,0,FP
엘에스메탈주식회사,1208752157,2014,0,0.0192,0,1,TN
엘에스메탈주식회사,1208752157,2015,0,0.0244,0,1,TN
엘에스메탈주식회사,1208752157,2016,0,0.0658,1,0,FP
엘에스메탈주식회사,1208752157,2017,0,0.028,0,1,TN
엘에스메탈주식회사,1208752157,2018,0,0.0049,0,1,TN
엘에스메탈주식회사,1208752157,2019,0,0.0103,0,1,TN
엘에스메탈주식회사,1208752157,2020,0,0.0074,0,1,TN
엘에스메탈주식회사,1208752157,2021,0,0.0052,0,1,TN
엘에스메탈주식회사,1208752157,2022,0,0.0005,0,1,TN
엘에스메탈주식회사,1208752157,2023,0,0.0008,0,1,TN
엘에스메탈주식회사,1208752157,2024,0,0.0004,0,1,TN
건영철강(주),1218111268,2022,0,0.0024,0,1,TN
건영철강(주),1218111268,2023,0,0.002,0,1,TN
건영철강(주),1218111268,2024,1,0.0457,1,1,TP
국일도어테크(주),1218142946,2016,0,0.0007,0,1,TN
국일도어테크(주),1218142946,2017,0,1e-04,0,1,TN
국일도어테크(주),1218142946,2018,0,0.0004,0,1,TN
국일도어테크(주),1218142946,2019,0,0.0002,0,1,TN
국일도어테크(주),1218142946,2020,0,0.0003,0,1,TN
국일도어테크(주),1218142946,2021,0,0.0163,0,1,TN
국일도어테크(주),1218142946,2022,0,0.1109,1,0,FP
국일도어테크(주),1218142946,2023,1,0.6971,1,1,TP
삼진스틸산업(주),1218161813,2014,0,0.0015,0,1,TN
삼진스틸산업(주),1218161813,2015,0,0.0002,0,1,TN
삼진스틸산업(주),1218161813,2016,0,0.0004,0,1,TN
삼진스틸산업(주),1218161813,2017,0,0.0483,1,0,FP
삼진스틸산업(주),1218161813,2018,0,0.0066,0,1,TN
삼진스틸산업(주),1218161813,2019,0,0.0004,0,1,TN
삼진스틸산업(주),1218161813,2020,0,0.0547,1,0,FP
삼진스틸산업(주),1218161813,2021,0,0.0017,0,1,TN
삼진스틸산업(주),1218161813,2022,0,0.0031,0,1,TN
삼진스틸산업(주),1218161813,2023,0,0.001,0,1,TN
삼진스틸산업(주),1218161813,2024,0,0.008,0,1,TN
로얄앤컴퍼니(주),1228106434,2014,0,0.174,1,0,FP
로얄앤컴퍼니(주),1228106434,2015,1,0.7496,1,1,TP
한국분말야금주식회사,1228113463,2014,0,0.0056,0,1,TN
한국분말야금주식회사,1228113463,2015,0,0.0027,0,1,TN
한국분말야금주식회사,1228113463,2016,0,0.0528,1,0,FP
한국분말야금주식회사,1228113463,2017,0,0.2466,1,0,FP
한국분말야금주식회사,1228113463,2018,1,0.648,1,1,TP
(주)와이지-원,1228116515,2014,0,0.0009,0,1,TN
(주)와이지-원,1228116515,2015,0,0.0007,0,1,TN
(주)와이지-원,1228116515,2016,0,0.0003,0,1,TN
(주)와이지-원,1228116515,2017,0,0.0006,0,1,TN
(주)와이지-원,1228116515,2018,0,0.001,0,1,TN
(주)와이지-원,1228116515,2019,0,0.0255,0,1,TN
(주)와이지-원,1228116515,2020,0,0.0202,0,1,TN
(주)와이지-원,1228116515,2021,0,0.0028,0,1,TN
(주)와이지-원,1228116515,2022,0,0.0006,0,1,TN
(주)와이지-원,1228116515,2023,0,0.0023,0,1,TN
(주)와이지-원,1228116515,2024,0,0.0034,0,1,TN
동국제관공업(주),1228118342,2014,0,1e-04,0,1,TN
동국제관공업(주),1228118342,2015,0,1e-04,0,1,TN
동국제관공업(주),1228118342,2016,0,1e-04,0,1,TN
동국제관공업(주),1228118342,2017,0,1e-04,0,1,TN
동국제관공업(주),1228118342,2018,0,1e-04,0,1,TN
동국제관공업(주),1228118342,2019,0,0.0002,0,1,TN
동국제관공업(주),1228118342,2020,0,0.0002,0,1,TN
동국제관공업(주),1228118342,2021,0,1e-04,0,1,TN
동국제관공업(주),1228118342,2022,0,0.0018,0,1,TN
동국제관공업(주),1228118342,2023,0,0.0008,0,1,TN
동국제관공업(주),1228118342,2024,0,0.0004,0,1,TN
(주)삼광피에스,1228126333,2014,0,0.0012,0,1,TN
(주)삼광피에스,1228126333,2015,0,0.0006,0,1,TN
(주)삼광피에스,1228126333,2016,0,0.001,0,1,TN
(주)스타아미,1228151642,2014,0,0.1793,1,0,FP
(주)동명산업,1228156405,2014,1,0.7239,1,1,TP
(주)중앙하이프론,1228156803,2016,0,0.0019,0,1,TN
(주)중앙하이프론,1228156803,2017,0,0.0002,0,1,TN
(주)중앙하이프론,1228156803,2018,0,0.0145,0,1,TN
(주)중앙하이프론,1228156803,2019,0,0.0406,1,0,FP
주식회사신성피씨,1228164389,2015,0,0.0005,0,1,TN
주식회사신성피씨,1228164389,2016,0,0.0006,0,1,TN
주식회사신성피씨,1228164389,2017,0,0.0035,0,1,TN
주식회사신성피씨,1228164389,2018,0,0.0036,0,1,TN
주식회사신성피씨,1228164389,2019,0,0.0486,1,0,FP
주식회사신성피씨,1228164389,2020,0,0.0271,0,1,TN
주식회사신성피씨,1228164389,2021,0,0.0007,0,1,TN
주식회사신성피씨,1228164389,2022,0,0.0005,0,1,TN
주식회사신성피씨,1228164389,2023,0,0.0054,0,1,TN
주식회사신성피씨,1228164389,2024,0,0.0176,0,1,TN
(주)대명아이넥스,1228189930,2019,0,0.0022,0,1,TN
(주)대명아이넥스,1228189930,2020,0,0.003,0,1,TN
(주)대명아이넥스,1228189930,2021,0,0.0531,1,0,FP
(주)대명아이넥스,1228189930,2022,0,0.0022,0,1,TN
(주)대명아이넥스,1228189930,2023,0,0.0223,0,1,TN
(주)대명아이넥스,1228189930,2024,0,0.013,0,1,TN
(주)서울창호,1228600982,2018,0,0.0013,0,1,TN
(주)서울창호,1228600982,2019,0,0.0008,0,1,TN
(주)서울창호,1228600982,2020,0,0.0022,0,1,TN
(주)서울창호,1228600982,2021,0,0.0004,0,1,TN
(주)서울창호,1228600982,2022,0,0.0005,0,1,TN
(주)서울창호,1228600982,2023,0,0.0004,0,1,TN
(주)서울창호,1228600982,2024,0,0.0011,0,1,TN
(주)진일테크,1228607379,2021,0,0.0016,0,1,TN
(주)진일테크,1228607379,2022,0,0.3188,1,0,FP
(주)진일테크,1228607379,2023,0,0.2878,1,0,FP
(주)진일테크,1228607379,2024,0,0.2036,1,0,FP
주)화신피앤지,1228609080,2022,0,0.0017,0,1,TN
주)화신피앤지,1228609080,2023,0,0.0008,0,1,TN
주)화신피앤지,1228609080,2024,0,0.0039,0,1,TN
(주)한성기공,1238121476,2021,0,0.0008,0,1,TN
(주)한성기공,1238121476,2022,0,0.0002,0,1,TN
(주)한성기공,1238121476,2023,0,0.0027,0,1,TN
(주)한성기공,1238121476,2024,0,0.0054,0,1,TN
일진기계(주),1238127301,2017,0,0.0005,0,1,TN
일진기계(주),1238127301,2018,0,1e-04,0,1,TN
일진기계(주),1238127301,2019,0,0.0005,0,1,TN
영성건업(주),1238129430,2021,0,0.0021,0,1,TN
영성건업(주),1238129430,2022,0,0.001,0,1,TN
영성건업(주),1238129430,2023,0,0.0422,1,0,FP
영성건업(주),1238129430,2024,0,0.0734,1,0,FP
일야씨에스주식회사,1238132987,2014,0,0.0007,0,1,TN
일야씨에스주식회사,1238132987,2015,0,0.0002,0,1,TN
일야씨에스주식회사,1238132987,2016,0,0.0002,0,1,TN
일야씨에스주식회사,1238132987,2017,0,1e-04,0,1,TN
일야씨에스주식회사,1238132987,2018,0,0.0002,0,1,TN
일야씨에스주식회사,1238132987,2019,0,0.0003,0,1,TN
일야씨에스주식회사,1238132987,2020,0,0.0005,0,1,TN
일야씨에스주식회사,1238132987,2021,0,0.0005,0,1,TN
일야씨에스주식회사,1238132987,2022,0,0.0002,0,1,TN
일야씨에스주식회사,1238132987,2023,0,0.0008,0,1,TN
일야씨에스주식회사,1238132987,2024,0,0.0233,0,1,TN
나이프코리아(주),1238142660,2020,0,0.0011,0,1,TN
나이프코리아(주),1238142660,2021,0,0.0099,0,1,TN
나이프코리아(주),1238142660,2022,0,0.0009,0,1,TN
나이프코리아(주),1238142660,2023,0,0.0008,0,1,TN
나이프코리아(주),1238142660,2024,0,0.0009,0,1,TN
주식회사도남정공,1238155734,2022,0,0.0067,0,1,TN
주식회사도남정공,1238155734,2023,0,0.131,1,0,FP
주식회사도남정공,1238155734,2024,0,0.1443,1,0,FP
세종에이앤에스,1238187838,2014,0,0.0002,0,1,TN
세종에이앤에스,1238187838,2015,0,0.0003,0,1,TN
세종에이앤에스,1238187838,2016,0,0.0012,0,1,TN
세종에이앤에스,1238187838,2017,0,0.0014,0,1,TN
세종에이앤에스,1238187838,2018,0,0.0003,0,1,TN
세종에이앤에스,1238187838,2019,0,0.0007,0,1,TN
세종에이앤에스,1238187838,2020,0,0.0363,1,0,FP
세종에이앤에스,1238187838,2021,0,0.0046,0,1,TN
세종에이앤에스,1238187838,2022,0,0.0034,0,1,TN
세종에이앤에스,1238187838,2023,0,0.0007,0,1,TN
세종에이앤에스,1238187838,2024,0,0.0005,0,1,TN
(주)디엠케이,1238618850,2014,0,0.0679,1,0,FP
상아제관주식회사,1248105289,2014,0,1e-04,0,1,TN
상아제관주식회사,1248105289,2015,0,0.0004,0,1,TN
상아제관주식회사,1248105289,2016,0,0.0013,0,1,TN
상아제관주식회사,1248105289,2017,0,0.0026,0,1,TN
상아제관주식회사,1248105289,2018,0,0.0022,0,1,TN
상아제관주식회사,1248105289,2019,0,0.01,0,1,TN
상아제관주식회사,1248105289,2020,0,0.1054,1,0,FP
상아제관주식회사,1248105289,2021,0,0.0404,1,0,FP
상아제관주식회사,1248105289,2022,0,0.1042,1,0,FP
상아제관주식회사,1248105289,2023,0,0.0264,0,1,TN
상아제관주식회사,1248105289,2024,0,0.0415,1,0,FP
중앙제관주식회사,1248105620,2014,0,0.0023,0,1,TN
중앙제관주식회사,1248105620,2015,0,0.0048,0,1,TN
중앙제관주식회사,1248105620,2016,0,0.0011,0,1,TN
중앙제관주식회사,1248105620,2017,0,0.0162,0,1,TN
중앙제관주식회사,1248105620,2018,0,0.0039,0,1,TN
중앙제관주식회사,1248105620,2019,0,0.002,0,1,TN
중앙제관주식회사,1248105620,2020,0,0.0033,0,1,TN
중앙제관주식회사,1248105620,2021,0,0.0035,0,1,TN
중앙제관주식회사,1248105620,2022,0,0.0013,0,1,TN
중앙제관주식회사,1248105620,2023,0,0.0037,0,1,TN
중앙제관주식회사,1248105620,2024,0,0.0018,0,1,TN
(주)인성,1248127852,2017,0,0.0021,0,1,TN
(주)인성,1248127852,2018,0,0.0006,0,1,TN
(주)인성,1248127852,2019,0,0.0012,0,1,TN
(주)인성,1248127852,2020,0,0.0063,0,1,TN
(주)인성,1248127852,2021,0,0.0028,0,1,TN
(주)인성,1248127852,2022,0,0.0009,0,1,TN
(주)인성,1248127852,2023,0,0.0008,0,1,TN
(주)인성,1248127852,2024,0,0.0004,0,1,TN
이화다이아몬드공업주식회사,1248132942,2014,0,0.0005,0,1,TN
이화다이아몬드공업주식회사,1248132942,2015,0,0.0005,0,1,TN
이화다이아몬드공업주식회사,1248132942,2016,0,0.0004,0,1,TN
이화다이아몬드공업주식회사,1248132942,2017,0,0.0002,0,1,TN
이화다이아몬드공업주식회사,1248132942,2018,0,0.0006,0,1,TN
이화다이아몬드공업주식회사,1248132942,2019,0,0.0003,0,1,TN
이화다이아몬드공업주식회사,1248132942,2020,0,0.0005,0,1,TN
이화다이아몬드공업주식회사,1248132942,2021,0,0.0002,0,1,TN
이화다이아몬드공업주식회사,1248132942,2022,0,0.0002,0,1,TN
이화다이아몬드공업주식회사,1248132942,2023,0,0.0006,0,1,TN
이화다이아몬드공업주식회사,1248132942,2024,0,0.0008,0,1,TN
신성전자정밀(주),1248133922,2014,0,0.0006,0,1,TN
신성전자정밀(주),1248133922,2015,0,0.001,0,1,TN
신성전자정밀(주),1248133922,2016,0,0.0005,0,1,TN
신성전자정밀(주),1248133922,2017,0,0.0009,0,1,TN
신성전자정밀(주),1248133922,2018,0,0.0034,0,1,TN
신성전자정밀(주),1248133922,2019,0,0.0488,1,0,FP
신성전자정밀(주),1248133922,2020,0,0.0026,0,1,TN
신성전자정밀(주),1248133922,2021,0,0.0003,0,1,TN
신성전자정밀(주),1248133922,2022,0,0.001,0,1,TN
신성전자정밀(주),1248133922,2023,0,0.023,0,1,TN
신성전자정밀(주),1248133922,2024,0,0.0024,0,1,TN
주식회사한창,1248134843,2014,0,0.0148,0,1,TN
주식회사한창,1248134843,2015,0,0.0417,1,0,FP
주식회사한창,1248134843,2016,0,0.0004,0,1,TN
주식회사한창,1248134843,2017,0,0.05,1,0,FP
주식회사한창,1248134843,2018,0,0.0044,0,1,TN
주식회사한창,1248134843,2019,0,0.0111,0,1,TN
주식회사한창,1248134843,2020,0,0.0206,0,1,TN
주식회사한창,1248134843,2021,0,0.0125,0,1,TN
주식회사한창,1248134843,2022,0,0.0844,1,0,FP
주식회사한창,1248134843,2023,1,0.0565,1,1,TP
(주)삼화전착,1248141567,2014,0,0.01,0,1,TN
(주)삼화전착,1248141567,2015,0,0.0019,0,1,TN
(주)삼화전착,1248141567,2016,0,0.0011,0,1,TN
(주)삼화전착,1248141567,2017,0,0.0031,0,1,TN
(주)삼화전착,1248141567,2018,0,0.0024,0,1,TN
(주)삼화전착,1248141567,2019,0,0.0255,0,1,TN
(주)유한정밀,1248144282,2014,0,0.0196,0,1,TN
(주)유한정밀,1248144282,2015,0,0.0008,0,1,TN
(주)유한정밀,1248144282,2016,0,0.0009,0,1,TN
(주)유한정밀,1248144282,2017,0,0.0008,0,1,TN
(주)유한정밀,1248144282,2018,0,0.0246,0,1,TN
(주)유한정밀,1248144282,2019,0,0.001,0,1,TN
(주)유한정밀,1248144282,2020,0,0.0062,0,1,TN
(주)유한정밀,1248144282,2021,0,0.0002,0,1,TN
(주)유한정밀,1248144282,2022,0,0.0002,0,1,TN
(주)유한정밀,1248144282,2023,0,0.0025,0,1,TN
(주)유한정밀,1248144282,2024,0,0.0262,0,1,TN
주식회사세일정밀,1248147197,2014,0,0.0019,0,1,TN
주식회사세일정밀,1248147197,2015,0,0.0011,0,1,TN
주식회사세일정밀,1248147197,2016,0,0.0193,0,1,TN
주식회사세일정밀,1248147197,2017,0,0.1631,1,0,FP
주식회사세일정밀,1248147197,2018,0,0.0027,0,1,TN
주식회사세일정밀,1248147197,2019,0,0.0011,0,1,TN
주식회사세일정밀,1248147197,2020,0,0.0417,1,0,FP
주식회사세일정밀,1248147197,2021,1,0.9552,1,1,TP
금성에이스산업(주),1248150445,2014,0,1e-04,0,1,TN
금성에이스산업(주),1248150445,2015,0,1e-04,0,1,TN
금성에이스산업(주),1248150445,2016,0,1e-04,0,1,TN
금성에이스산업(주),1248150445,2017,0,1e-04,0,1,TN
금성에이스산업(주),1248150445,2018,0,1e-04,0,1,TN
금성에이스산업(주),1248150445,2019,0,1e-04,0,1,TN
금성에이스산업(주),1248150445,2020,0,0.0002,0,1,TN
금성에이스산업(주),1248150445,2021,0,1e-04,0,1,TN
금성에이스산업(주),1248150445,2022,0,0.0008,0,1,TN
금성에이스산업(주),1248150445,2023,0,0.0002,0,1,TN
금성에이스산업(주),1248150445,2024,0,1e-04,0,1,TN
(주)대석프로토,1248151876,2018,0,0.0002,0,1,TN
(주)대석프로토,1248151876,2019,0,1e-04,0,1,TN
(주)대석프로토,1248151876,2021,0,0.0003,0,1,TN
(주)대석프로토,1248151876,2022,0,0.0011,0,1,TN
(주)대석프로토,1248151876,2023,0,0.0017,0,1,TN
(주)대석프로토,1248151876,2024,0,0.0354,1,0,FP
리컴(주),1248152477,2014,0,0.0201,0,1,TN
리컴(주),1248152477,2015,0,0.0261,0,1,TN
리컴(주),1248152477,2016,1,0.5635,1,1,TP
이티알(주),1248152588,2014,0,1e-04,0,1,TN
이티알(주),1248152588,2015,0,1e-04,0,1,TN
이티알(주),1248152588,2016,0,0.0002,0,1,TN
이티알(주),1248152588,2017,0,1e-04,0,1,TN
이티알(주),1248152588,2018,0,0.0003,0,1,TN
이티알(주),1248152588,2019,0,1e-04,0,1,TN
이티알(주),1248152588,2020,0,0.0005,0,1,TN
이티알(주),1248152588,2021,0,0.0008,0,1,TN
이티알(주),1248152588,2022,0,0.0004,0,1,TN
이티알(주),1248152588,2023,0,0.0005,0,1,TN
이티알(주),1248152588,2024,0,0.0006,0,1,TN
신한쥬얼테크(주),1248154271,2014,0,0.001,0,1,TN
신한쥬얼테크(주),1248154271,2015,0,0.0005,0,1,TN
신한쥬얼테크(주),1248154271,2016,0,0.0012,0,1,TN
신한쥬얼테크(주),1248154271,2017,0,0.1,1,0,FP
신한쥬얼테크(주),1248154271,2018,0,0.0286,0,1,TN
신한쥬얼테크(주),1248154271,2019,1,0.866,1,1,TP
영진에스피공업주식회사,1248161689,2014,0,0.0021,0,1,TN
영진에스피공업주식회사,1248161689,2015,0,0.0003,0,1,TN
영진에스피공업주식회사,1248161689,2016,0,0.0003,0,1,TN
영진에스피공업주식회사,1248161689,2017,0,0.0003,0,1,TN
영진에스피공업주식회사,1248161689,2018,0,0.0013,0,1,TN
영진에스피공업주식회사,1248161689,2019,0,0.0005,0,1,TN
영진에스피공업주식회사,1248161689,2020,0,0.0034,0,1,TN
영진에스피공업주식회사,1248161689,2021,0,0.0301,1,0,FP
영진에스피공업주식회사,1248161689,2022,0,0.2789,1,0,FP
영진에스피공업주식회사,1248161689,2023,1,0.0822,1,1,TP
(주)새암,1248164099,2014,0,0.0005,0,1,TN
(주)새암,1248164099,2015,0,0.0005,0,1,TN
(주)새암,1248164099,2016,0,0.0005,0,1,TN
(주)새암,1248164099,2017,0,0.0006,0,1,TN
(주)새암,1248164099,2018,0,0.0013,0,1,TN
(주)새암,1248164099,2019,0,0.0005,0,1,TN
(주)새암,1248164099,2020,0,0.0041,0,1,TN
(주)새암,1248164099,2021,0,1e-04,0,1,TN
(주)새암,1248164099,2022,0,0.0005,0,1,TN
(주)새암,1248164099,2023,0,0.0006,0,1,TN
(주)새암,1248164099,2024,0,0.0009,0,1,TN
주식회사예문테크,1248171246,2020,0,0.0009,0,1,TN
주식회사예문테크,1248171246,2021,0,0.0002,0,1,TN
주식회사예문테크,1248171246,2022,0,0.0007,0,1,TN
주식회사예문테크,1248171246,2023,0,0.0012,0,1,TN
주식회사예문테크,1248171246,2024,0,0.0003,0,1,TN
주식회사솔텍,1248172755,2014,0,0.0034,0,1,TN
주식회사솔텍,1248172755,2015,0,0.0016,0,1,TN
주식회사솔텍,1248172755,2016,0,0.0011,0,1,TN
주식회사솔텍,1248172755,2017,0,0.0028,0,1,TN
주식회사솔텍,1248172755,2018,0,0.0012,0,1,TN
주식회사솔텍,1248172755,2019,0,0.0014,0,1,TN
주식회사솔텍,1248172755,2020,0,0.0035,0,1,TN
주식회사솔텍,1248172755,2021,0,0.0026,0,1,TN
주식회사솔텍,1248172755,2022,0,0.0034,0,1,TN
주식회사솔텍,1248172755,2023,0,0.0052,0,1,TN
주식회사솔텍,1248172755,2024,0,0.0033,0,1,TN
에스와이(주),1248177032,2014,0,0.001,0,1,TN
에스와이(주),1248177032,2015,0,0.0005,0,1,TN
에스와이(주),1248177032,2016,0,0.0011,0,1,TN
에스와이(주),1248177032,2017,0,0.0127,0,1,TN
에스와이(주),1248177032,2018,0,0.0057,0,1,TN
에스와이(주),1248177032,2019,0,0.0298,0,1,TN
에스와이(주),1248177032,2020,0,0.0875,1,0,FP
에스와이(주),1248177032,2021,0,0.0024,0,1,TN
에스와이(주),1248177032,2022,0,0.001,0,1,TN
에스와이(주),1248177032,2023,0,0.0013,0,1,TN
에스와이(주),1248177032,2024,0,0.0023,0,1,TN
알에프시스템즈(주),1248178502,2017,0,0.0041,0,1,TN
알에프시스템즈(주),1248178502,2018,0,0.0012,0,1,TN
알에프시스템즈(주),1248178502,2019,0,0.001,0,1,TN
알에프시스템즈(주),1248178502,2020,0,0.0009,0,1,TN
알에프시스템즈(주),1248178502,2021,0,1e-04,0,1,TN
알에프시스템즈(주),1248178502,2022,0,0.0004,0,1,TN
알에프시스템즈(주),1248178502,2023,0,0.0007,0,1,TN
알에프시스템즈(주),1248178502,2024,0,0.0007,0,1,TN
(주)매직캔,1248178837,2015,0,0.0003,0,1,TN
(주)매직캔,1248178837,2016,0,0.0002,0,1,TN
(주)매직캔,1248178837,2017,0,1e-04,0,1,TN
(주)매직캔,1248178837,2018,0,0.0003,0,1,TN
(주)매직캔,1248178837,2019,0,1e-04,0,1,TN
(주)매직캔,1248178837,2020,0,0.0023,0,1,TN
(주)매직캔,1248178837,2021,0,1e-04,0,1,TN
(주)매직캔,1248178837,2022,0,0.0002,0,1,TN
(주)매직캔,1248178837,2023,0,0.0002,0,1,TN
(주)매직캔,1248178837,2024,0,0.0002,0,1,TN
(주)네오스텍,1248180274,2020,0,0.0014,0,1,TN
(주)네오스텍,1248180274,2021,0,0.0011,0,1,TN
(주)네오스텍,1248180274,2022,0,0.0308,1,0,FP
(주)네오스텍,1248180274,2023,0,0.3702,1,0,FP
(주)네오스텍,1248180274,2024,0,0.0042,0,1,TN
동아금속주름관(주),1248181763,2014,0,0.0002,0,1,TN
동아금속주름관(주),1248181763,2017,0,1e-04,0,1,TN
동아금속주름관(주),1248181763,2018,0,1e-04,0,1,TN
동아금속주름관(주),1248181763,2019,0,1e-04,0,1,TN
동아금속주름관(주),1248181763,2020,0,0.0022,0,1,TN
동아금속주름관(주),1248181763,2021,0,0.0002,0,1,TN
동아금속주름관(주),1248181763,2022,0,0.0002,0,1,TN
동아금속주름관(주),1248181763,2023,0,0.0008,0,1,TN
동아금속주름관(주),1248181763,2024,0,0.0003,0,1,TN
(주)신진에스엠,1248186623,2014,0,0.0004,0,1,TN
(주)신진에스엠,1248186623,2015,0,0.0003,0,1,TN
(주)신진에스엠,1248186623,2016,0,0.0043,0,1,TN
(주)신진에스엠,1248186623,2017,0,0.0005,0,1,TN
(주)신진에스엠,1248186623,2018,0,0.0002,0,1,TN
(주)신진에스엠,1248186623,2019,0,0.0004,0,1,TN
(주)신진에스엠,1248186623,2020,0,0.0337,1,0,FP
(주)신진에스엠,1248186623,2021,0,0.0007,0,1,TN
(주)신진에스엠,1248186623,2022,0,0.0002,0,1,TN
(주)신진에스엠,1248186623,2023,0,0.0003,0,1,TN
(주)신진에스엠,1248186623,2024,0,0.004,0,1,TN
주식회사우진공업,1248192561,2021,0,0.0013,0,1,TN
주식회사우진공업,1248192561,2022,0,0.131,1,0,FP
주식회사우진공업,1248192561,2023,0,0.0235,0,1,TN
주식회사우진공업,1248192561,2024,0,0.0775,1,0,FP
(주)제일스파이럴,1248192595,2014,0,0.0009,0,1,TN
(주)제일스파이럴,1248192595,2015,0,0.0006,0,1,TN
(주)제일스파이럴,1248192595,2016,0,0.0004,0,1,TN
(주)제일스파이럴,1248192595,2017,0,0.0009,0,1,TN
(주)제일스파이럴,1248192595,2018,0,0.0004,0,1,TN
(주)제일스파이럴,1248192595,2019,0,0.0002,0,1,TN
(주)제일스파이럴,1248192595,2020,0,0.0007,0,1,TN
(주)제일스파이럴,1248192595,2021,0,0.0002,0,1,TN
(주)제일스파이럴,1248192595,2022,0,0.0006,0,1,TN
(주)제일스파이럴,1248192595,2023,0,0.0003,0,1,TN
(주)제일스파이럴,1248192595,2024,0,0.0007,0,1,TN
(주)효명정공,1248199813,2014,0,0.0036,0,1,TN
(주)효명정공,1248199813,2015,0,0.0013,0,1,TN
(주)효명정공,1248199813,2016,0,0.0023,0,1,TN
(주)효명정공,1248199813,2017,0,0.0005,0,1,TN
(주)효명정공,1248199813,2018,0,0.0007,0,1,TN
(주)효명정공,1248199813,2019,0,0.0281,0,1,TN
(주)효명정공,1248199813,2020,0,0.0045,0,1,TN
(주)효명정공,1248199813,2021,0,0.0011,0,1,TN
(주)효명정공,1248199813,2022,0,0.0006,0,1,TN
(주)효명정공,1248199813,2023,0,0.0003,0,1,TN
(주)효명정공,1248199813,2024,0,1e-04,0,1,TN
(주)피디에스,1248607977,2016,0,0.0018,0,1,TN
(주)피디에스,1248607977,2017,0,0.0318,1,0,FP
(주)피디에스,1248607977,2018,0,0.002,0,1,TN
(주)피디에스,1248607977,2019,0,0.0003,0,1,TN
(주)피디에스,1248607977,2020,0,0.002,0,1,TN
(주)피디에스,1248607977,2021,0,0.0499,1,0,FP
(주)피디에스,1248607977,2022,0,0.0297,0,1,TN
(주)피디에스,1248607977,2023,0,0.0038,0,1,TN
(주)피디에스,1248607977,2024,0,0.0098,0,1,TN
삼남엔지니어링(주),1248611578,2019,0,0.0011,0,1,TN
삼남엔지니어링(주),1248611578,2020,0,0.0011,0,1,TN
삼남엔지니어링(주),1248611578,2021,0,0.0114,0,1,TN
삼남엔지니어링(주),1248611578,2022,0,0.2263,1,0,FP
삼남엔지니어링(주),1248611578,2023,0,0.0015,0,1,TN
삼남엔지니어링(주),1248611578,2024,0,0.0016,0,1,TN
(주)동산코리아,1248619885,2020,0,0.0008,0,1,TN
(주)동산코리아,1248619885,2021,0,0.005,0,1,TN
(주)동산코리아,1248619885,2022,0,0.3455,1,0,FP
(주)에스앤에스패널,1248631050,2014,0,0.0014,0,1,TN
(주)에스앤에스패널,1248631050,2015,0,0.0025,0,1,TN
(주)에스앤에스패널,1248631050,2016,0,0.0268,0,1,TN
(주)네오페이퍼,1248631915,2017,0,0.0012,0,1,TN
(주)네오페이퍼,1248631915,2018,0,0.0008,0,1,TN
(주)네오페이퍼,1248631915,2019,0,0.0012,0,1,TN
(주)네오페이퍼,1248631915,2020,0,0.0024,0,1,TN
(주)네오페이퍼,1248631915,2021,0,0.0004,0,1,TN
(주)네오페이퍼,1248631915,2022,0,0.0011,0,1,TN
(주)네오페이퍼,1248631915,2023,0,0.0006,0,1,TN
(주)네오페이퍼,1248631915,2024,0,0.0002,0,1,TN
(주)마스코,1248632103,2014,0,0.0008,0,1,TN
(주)아인스,1248636152,2015,0,0.0005,0,1,TN
(주)아인스,1248636152,2016,0,0.0029,0,1,TN
(주)아인스,1248636152,2017,0,0.0033,0,1,TN
(주)아인스,1248636152,2018,0,0.0026,0,1,TN
(주)아인스,1248636152,2019,0,0.0392,1,0,FP
(주)아인스,1248636152,2020,0,0.1901,1,0,FP
(주)아인스,1248636152,2021,1,0.7537,1,1,TP
(주)바로나스틸,1248637786,2014,0,0.0002,0,1,TN
(주)바로나스틸,1248637786,2017,0,0.0002,0,1,TN
(주)바로나스틸,1248637786,2018,0,0.0002,0,1,TN
(주)바로나스틸,1248637786,2019,0,0.0036,0,1,TN
주식회사엘리시움,1248641539,2018,0,0.001,0,1,TN
주식회사엘리시움,1248641539,2019,0,0.0007,0,1,TN
주식회사엘리시움,1248641539,2020,0,0.0102,0,1,TN
(주)케이엠정밀,1248642765,2014,0,0.0018,0,1,TN
(주)케이엠정밀,1248642765,2015,0,0.0013,0,1,TN
(주)케이엠정밀,1248642765,2016,0,0.0047,0,1,TN
(주)케이엠정밀,1248642765,2017,0,0.0633,1,0,FP
(주)케이엠정밀,1248642765,2018,1,0.7429,1,1,TP
성도엔지니어링주식회사,1248646233,2021,0,0.0007,0,1,TN
성도엔지니어링주식회사,1248646233,2022,0,0.0007,0,1,TN
성도엔지니어링주식회사,1248646233,2023,0,0.0141,0,1,TN
성도엔지니어링주식회사,1248646233,2024,0,0.0068,0,1,TN
한양이앤씨,1248646529,2015,0,0.0045,0,1,TN
한양이앤씨,1248646529,2016,0,0.022,0,1,TN
한양이앤씨,1248646529,2017,1,0.586,1,1,TP
(주)신진정밀,1248648508,2014,0,0.0462,1,0,FP
(주)신진정밀,1248648508,2015,0,0.0188,0,1,TN
(주)신진정밀,1248648508,2016,0,0.0012,0,1,TN
(주)신진정밀,1248648508,2017,0,0.0002,0,1,TN
(주)신진정밀,1248648508,2018,0,0.0042,0,1,TN
(주)신진정밀,1248648508,2019,0,0.0153,0,1,TN
주식회사동광레이저,1248652642,2014,0,0.0039,0,1,TN
주식회사동광레이저,1248652642,2015,0,0.0086,0,1,TN
주식회사동광레이저,1248652642,2016,0,0.0055,0,1,TN
주식회사동광레이저,1248652642,2017,0,0.0148,0,1,TN
주식회사동광레이저,1248652642,2018,0,0.0012,0,1,TN
주식회사동광레이저,1248652642,2019,0,0.0219,0,1,TN
주식회사동광레이저,1248652642,2020,0,0.0378,1,0,FP
주식회사동광레이저,1248652642,2021,0,0.0004,0,1,TN
주식회사동광레이저,1248652642,2022,0,0.0049,0,1,TN
주식회사동광레이저,1248652642,2024,0,0.0301,1,0,FP
주식회사성화에스티,1248657405,2014,0,1e-04,0,1,TN
주식회사성화에스티,1248657405,2015,0,1e-04,0,1,TN
주식회사성화에스티,1248657405,2016,0,1e-04,0,1,TN
주식회사성화에스티,1248657405,2017,0,1e-04,0,1,TN
주식회사성화에스티,1248657405,2018,0,0.0003,0,1,TN
주식회사성화에스티,1248657405,2019,0,0.0003,0,1,TN
주식회사성화에스티,1248657405,2020,0,0.0008,0,1,TN
주식회사성화에스티,1248657405,2021,0,0.0002,0,1,TN
주식회사성화에스티,1248657405,2022,0,0.0003,0,1,TN
주식회사성화에스티,1248657405,2023,0,0.0006,0,1,TN
주식회사성화에스티,1248657405,2024,0,0.0022,0,1,TN
(주)고원금속,1248677774,2014,0,0.0006,0,1,TN
(주)고원금속,1248677774,2015,0,0.0003,0,1,TN
(주)고원금속,1248677774,2016,0,0.0005,0,1,TN
(주)고원금속,1248677774,2017,0,0.0378,1,0,FP
(주)고원금속,1248677774,2018,0,0.0059,0,1,TN
(주)고원금속,1248677774,2019,0,0.0006,0,1,TN
(주)고원금속,1248677774,2020,0,0.0105,0,1,TN
(주)고원금속,1248677774,2021,0,0.1003,1,0,FP
(주)고원금속,1248677774,2022,1,0.0866,1,1,TP
(주)세건엔지니어링,1248684557,2014,0,0.003,0,1,TN
(주)세건엔지니어링,1248684557,2015,0,0.0088,0,1,TN
(주)세건엔지니어링,1248684557,2016,0,0.0033,0,1,TN
(주)세건엔지니어링,1248684557,2017,0,0.0032,0,1,TN
(주)세건엔지니어링,1248684557,2018,0,0.0002,0,1,TN
(주)세건엔지니어링,1248684557,2019,0,0.0009,0,1,TN
(주)세건엔지니어링,1248684557,2020,0,0.0552,1,0,FP
(주)세건엔지니어링,1248684557,2021,0,0.0305,1,0,FP
(주)세건엔지니어링,1248684557,2022,1,0.8761,1,1,TP
케이피피(주),1248687025,2014,0,0.002,0,1,TN
케이피피(주),1248687025,2015,0,0.0009,0,1,TN
케이피피(주),1248687025,2016,0,0.0006,0,1,TN
케이피피(주),1248687025,2017,0,0.0221,0,1,TN
케이피피(주),1248687025,2018,0,0.013,0,1,TN
케이피피(주),1248687025,2019,1,0.9461,1,1,TP
원명에스티에스(주),1248689095,2018,0,0.001,0,1,TN
원명에스티에스(주),1248689095,2019,0,0.0006,0,1,TN
원명에스티에스(주),1248689095,2020,0,0.0026,0,1,TN
원명에스티에스(주),1248689095,2021,0,0.0009,0,1,TN
원명에스티에스(주),1248689095,2022,0,0.0008,0,1,TN
원명에스티에스(주),1248689095,2023,0,0.0019,0,1,TN
원명에스티에스(주),1248689095,2024,0,0.0039,0,1,TN
대진에프앤씨(주),1248689931,2014,0,0.0007,0,1,TN
대진에프앤씨(주),1248689931,2015,0,0.0015,0,1,TN
대진에프앤씨(주),1248689931,2016,0,0.0006,0,1,TN
대진에프앤씨(주),1248689931,2017,0,0.0011,0,1,TN
대진에프앤씨(주),1248689931,2018,0,0.0007,0,1,TN
대진에프앤씨(주),1248689931,2019,0,0.0004,0,1,TN
대진에프앤씨(주),1248689931,2020,0,0.0017,0,1,TN
대진에프앤씨(주),1248689931,2021,0,0.0004,0,1,TN
대진에프앤씨(주),1248689931,2022,0,0.0024,0,1,TN
대진에프앤씨(주),1248689931,2023,0,0.0009,0,1,TN
대진에프앤씨(주),1248689931,2024,0,0.0003,0,1,TN
신원스틸(주),1248690568,2016,0,0.0009,0,1,TN
신원스틸(주),1248690568,2017,0,0.0006,0,1,TN
신원스틸(주),1248690568,2018,0,0.0012,0,1,TN
신원스틸(주),1248690568,2019,0,0.0005,0,1,TN
신원스틸(주),1248690568,2020,0,0.0015,0,1,TN
신원스틸(주),1248690568,2021,0,0.0004,0,1,TN
신원스틸(주),1248690568,2022,0,0.0004,0,1,TN
신원스틸(주),1248690568,2023,0,0.0014,0,1,TN
신원스틸(주),1248690568,2024,0,0.0003,0,1,TN
(주)이안전자,1248694389,2017,0,0.0008,0,1,TN
(주)이안전자,1248694389,2018,0,0.0085,0,1,TN
(주)이안전자,1248694389,2019,0,0.0018,0,1,TN
(주)이안전자,1248694389,2020,0,0.0271,0,1,TN
에스디메카텍,1248702396,2016,0,0.0009,0,1,TN
에스디메카텍,1248702396,2017,0,0.0002,0,1,TN
에스디메카텍,1248702396,2018,0,0.0003,0,1,TN
에스디메카텍,1248702396,2019,0,0.0004,0,1,TN
에스디메카텍,1248702396,2020,0,0.0027,0,1,TN
에스디메카텍,1248702396,2021,0,0.0008,0,1,TN
에스디메카텍,1248702396,2022,0,0.0025,0,1,TN
에스디메카텍,1248702396,2023,0,0.0073,0,1,TN
에스디메카텍,1248702396,2024,0,0.1512,1,0,FP
(주)협심,1248706183,2020,0,0.0007,0,1,TN
(주)협심,1248706183,2021,0,1e-04,0,1,TN
(주)협심,1248706183,2022,0,0.0005,0,1,TN
(주)협심,1248706183,2023,0,1e-04,0,1,TN
(주)협심,1248706183,2024,0,0.0002,0,1,TN
주식회사아즈텍,1248707391,2015,0,0.0004,0,1,TN
주식회사아즈텍,1248707391,2016,0,0.0003,0,1,TN
주식회사아즈텍,1248707391,2017,0,0.0009,0,1,TN
주식회사아즈텍,1248707391,2018,0,0.0012,0,1,TN
주식회사아즈텍,1248707391,2019,0,0.0071,0,1,TN
주식회사아즈텍,1248707391,2020,0,0.0884,1,0,FP
주식회사아즈텍,1248707391,2021,1,0.9479,1,1,TP
서진금속주식회사,1248710576,2014,0,0.0476,1,0,FP
서진금속주식회사,1248710576,2015,0,0.0118,0,1,TN
서진금속주식회사,1248710576,2016,0,0.0026,0,1,TN
서진금속주식회사,1248710576,2017,0,0.0028,0,1,TN
서진금속주식회사,1248710576,2018,0,0.0063,0,1,TN
서진금속주식회사,1248710576,2019,0,0.004,0,1,TN
서진금속주식회사,1248710576,2020,0,0.0826,1,0,FP
서진금속주식회사,1248710576,2021,0,0.1653,1,0,FP
서진금속주식회사,1248710576,2022,0,0.0297,0,1,TN
서진금속주식회사,1248710576,2023,0,0.011,0,1,TN
서진금속주식회사,1248710576,2024,0,0.1143,1,0,FP
주식회사해성오토모티브,1248725690,2020,0,0.0038,0,1,TN
주식회사해성오토모티브,1248725690,2021,0,0.0634,1,0,FP
주식회사해성오토모티브,1248725690,2022,0,0.0194,0,1,TN
주식회사해성오토모티브,1248725690,2023,0,0.0054,0,1,TN
주식회사해성오토모티브,1248725690,2024,0,0.0028,0,1,TN
(주)명인이엔지,1248726781,2016,0,0.0008,0,1,TN
(주)명인이엔지,1248726781,2017,0,0.0006,0,1,TN
(주)명인이엔지,1248726781,2018,0,0.0003,0,1,TN
(주)명인이엔지,1248726781,2020,0,0.0022,0,1,TN
(주)명인이엔지,1248726781,2021,0,0.052,1,0,FP
(주)명인이엔지,1248726781,2024,0,0.0016,0,1,TN
정우엔텍주식회사,1248753051,2020,0,0.0007,0,1,TN
정우엔텍주식회사,1248753051,2021,0,0.0004,0,1,TN
정우엔텍주식회사,1248753051,2022,0,0.0013,0,1,TN
정우엔텍주식회사,1248753051,2023,0,0.0002,0,1,TN
정우엔텍주식회사,1248753051,2024,0,0.0008,0,1,TN
주식회사에이치케이알,1258110562,2014,0,0.0004,0,1,TN
주식회사에이치케이알,1258110562,2015,0,1e-04,0,1,TN
주식회사에이치케이알,1258110562,2016,0,0.0006,0,1,TN
주식회사에이치케이알,1258110562,2017,0,0.0004,0,1,TN
주식회사에이치케이알,1258110562,2018,0,1e-04,0,1,TN
신이피엔씨(주),1258111090,2014,0,0.1117,1,0,FP
신이피엔씨(주),1258111090,2015,1,0.7214,1,1,TP
동화제관(주),1258111386,2014,0,0.0003,0,1,TN
동화제관(주),1258111386,2015,0,1e-04,0,1,TN
동화제관(주),1258111386,2016,0,1e-04,0,1,TN
동화제관(주),1258111386,2017,0,1e-04,0,1,TN
동화제관(주),1258111386,2018,0,1e-04,0,1,TN
동화제관(주),1258111386,2019,0,0.0112,0,1,TN
동화제관(주),1258111386,2020,0,0.0123,0,1,TN
동화제관(주),1258111386,2021,0,0.0006,0,1,TN
동화제관(주),1258111386,2022,0,0.0067,0,1,TN
동화제관(주),1258111386,2023,0,0.0014,0,1,TN
동화제관(주),1258111386,2024,0,0.0007,0,1,TN
정원금속(주),1258114272,2014,0,0.0486,1,0,FP
정원금속(주),1258114272,2015,0,0.0014,0,1,TN
정원금속(주),1258114272,2016,0,0.0081,0,1,TN
정원금속(주),1258114272,2017,0,0.019,0,1,TN
정원금속(주),1258114272,2018,1,0.4888,1,1,TP
(주)대현산업,1258123859,2014,0,0.0012,0,1,TN
발렉스코리아(주),1258131121,2014,0,0.0004,0,1,TN
발렉스코리아(주),1258131121,2015,0,0.0002,0,1,TN
발렉스코리아(주),1258131121,2016,0,0.0002,0,1,TN
발렉스코리아(주),1258131121,2017,0,0.0002,0,1,TN
발렉스코리아(주),1258131121,2018,0,0.0005,0,1,TN
발렉스코리아(주),1258131121,2019,0,0.0006,0,1,TN
발렉스코리아(주),1258131121,2020,0,0.0002,0,1,TN
발렉스코리아(주),1258131121,2021,0,0.0002,0,1,TN
발렉스코리아(주),1258131121,2022,0,0.0016,0,1,TN
발렉스코리아(주),1258131121,2023,0,0.0004,0,1,TN
발렉스코리아(주),1258131121,2024,0,0.0003,0,1,TN
(주)에스엠티코리아리미티드,1258131965,2014,0,0.0059,0,1,TN
(주)에스엠티코리아리미티드,1258131965,2015,0,0.0042,0,1,TN
(주)에스엠티코리아리미티드,1258131965,2016,0,0.0014,0,1,TN
(주)에스엠티코리아리미티드,1258131965,2017,0,0.0179,0,1,TN
(주)에스엠티코리아리미티드,1258131965,2018,0,0.0206,0,1,TN
(주)에스엠티코리아리미티드,1258131965,2019,0,0.0034,0,1,TN
(주)에스엠티코리아리미티드,1258131965,2020,0,0.0074,0,1,TN
(주)에스엠티코리아리미티드,1258131965,2021,0,0.0018,0,1,TN
(주)에스엠티코리아리미티드,1258131965,2022,0,0.1354,1,0,FP
(주)에스엠티코리아리미티드,1258131965,2023,0,0.0955,1,0,FP
(주)에스엠티코리아리미티드,1258131965,2024,0,0.0091,0,1,TN
현대휀스개발(주),1258134604,2016,0,0.0006,0,1,TN
현대휀스개발(주),1258134604,2017,0,0.0004,0,1,TN
현대휀스개발(주),1258134604,2018,0,0.0014,0,1,TN
현대휀스개발(주),1258134604,2019,0,0.003,0,1,TN
현대휀스개발(주),1258134604,2020,0,0.0107,0,1,TN
현대휀스개발(주),1258134604,2021,0,0.0005,0,1,TN
현대휀스개발(주),1258134604,2022,0,0.0005,0,1,TN
현대휀스개발(주),1258134604,2023,0,0.0007,0,1,TN
현대휀스개발(주),1258134604,2024,0,0.0019,0,1,TN
금강이엠씨,1258143307,2017,0,0.0004,0,1,TN
금강이엠씨,1258143307,2018,0,1e-04,0,1,TN
금강이엠씨,1258143307,2019,0,0.0002,0,1,TN
금강이엠씨,1258143307,2020,0,0.0005,0,1,TN
금강이엠씨,1258143307,2021,0,0.0024,0,1,TN
금강이엠씨,1258143307,2022,0,0.0115,0,1,TN
금강이엠씨,1258143307,2023,0,0.0008,0,1,TN
금강이엠씨,1258143307,2024,0,0.0008,0,1,TN
첨단메탈코팅주식회사,1258143646,2017,0,0.0884,1,0,FP
첨단메탈코팅주식회사,1258143646,2018,0,0.0191,0,1,TN
첨단메탈코팅주식회사,1258143646,2019,1,0.662,1,1,TP
주식회사태광공조철강,1258158324,2016,0,0.0007,0,1,TN
주식회사태광공조철강,1258158324,2017,0,0.0044,0,1,TN
주식회사태광공조철강,1258158324,2018,0,0.0134,0,1,TN
주식회사태광공조철강,1258158324,2019,1,0.4533,1,1,TP
(주)동아에스텍,1258171308,2021,0,0.0004,0,1,TN
(주)동아에스텍,1258171308,2022,0,0.0002,0,1,TN
(주)동아에스텍,1258171308,2023,0,0.0003,0,1,TN
(주)동아에스텍,1258171308,2024,0,0.0006,0,1,TN
서클테크놀러지(주),1258173849,2014,0,0.0007,0,1,TN
서클테크놀러지(주),1258173849,2015,0,0.0052,0,1,TN
서클테크놀러지(주),1258173849,2016,0,0.0004,0,1,TN
서클테크놀러지(주),1258173849,2017,0,0.0009,0,1,TN
서클테크놀러지(주),1258173849,2018,0,1e-04,0,1,TN
서클테크놀러지(주),1258173849,2019,0,0.0003,0,1,TN
주식회사국민알루스,1258176977,2015,0,0.0008,0,1,TN
주식회사국민알루스,1258176977,2016,0,0.0005,0,1,TN
주식회사국민알루스,1258176977,2017,0,0.0153,0,1,TN
주식회사국민알루스,1258176977,2018,0,0.0014,0,1,TN
비케이판넬(주),1258180184,2014,0,0.0016,0,1,TN
비케이판넬(주),1258180184,2015,0,0.0002,0,1,TN
비케이판넬(주),1258180184,2017,0,0.0661,1,0,FP
비케이판넬(주),1258180184,2018,0,0.1084,1,0,FP
튜벡스주식회사,1258192604,2014,0,0.0034,0,1,TN
튜벡스주식회사,1258192604,2022,0,0.1408,1,0,FP
튜벡스주식회사,1258192604,2023,0,0.237,1,0,FP
튜벡스주식회사,1258192604,2024,1,0.1755,1,1,TP
케이와이로지스틱스(주),1258198573,2014,1,0.8368,1,1,TP
(주)선일솔루션,1258198874,2022,0,0.0007,0,1,TN
(주)선일솔루션,1258198874,2023,0,0.0004,0,1,TN
(주)선일솔루션,1258198874,2024,0,0.0014,0,1,TN
아이티오이엔에스주식회사,1258622078,2017,0,0.0024,0,1,TN
아이티오이엔에스주식회사,1258622078,2018,0,0.0935,1,0,FP
아이티오이엔에스주식회사,1258622078,2019,1,0.9639,1,1,TP
해리,1258800272,2020,0,0.001,0,1,TN
해리,1258800272,2021,0,0.0003,0,1,TN
해리,1258800272,2022,0,0.0008,0,1,TN
해리,1258800272,2023,0,0.0024,0,1,TN
해리,1258800272,2024,0,0.0137,0,1,TN
동부철구주식회사,1268113844,2014,0,0.0169,0,1,TN
동부철구주식회사,1268113844,2015,0,0.0272,0,1,TN
동부철구주식회사,1268113844,2016,0,0.1146,1,0,FP
주식회사성실타공,1268114839,2014,0,0.0009,0,1,TN
주식회사성실타공,1268114839,2015,0,0.0339,1,0,FP
주식회사성실타공,1268114839,2016,0,0.0055,0,1,TN
주식회사성실타공,1268114839,2017,0,0.0156,0,1,TN
주식회사성실타공,1268114839,2018,0,0.0024,0,1,TN
주식회사성실타공,1268114839,2019,0,0.0034,0,1,TN
(주)두일캡,1268117118,2014,0,0.0392,1,0,FP
현대이엔지건설주식회사,1268129161,2014,0,0.0015,0,1,TN
현대이엔지건설주식회사,1268129161,2015,0,0.001,0,1,TN
현대이엔지건설주식회사,1268129161,2016,0,0.0009,0,1,TN
현대이엔지건설주식회사,1268129161,2017,0,0.0004,0,1,TN
현대이엔지건설주식회사,1268129161,2018,0,0.0004,0,1,TN
현대이엔지건설주식회사,1268129161,2019,0,0.0003,0,1,TN
현대이엔지건설주식회사,1268129161,2020,0,0.0051,0,1,TN
현대이엔지건설주식회사,1268129161,2021,0,0.0003,0,1,TN
현대이엔지건설주식회사,1268129161,2022,0,0.0011,0,1,TN
현대이엔지건설주식회사,1268129161,2023,0,0.0093,0,1,TN
현대이엔지건설주식회사,1268129161,2024,0,0.0016,0,1,TN
(주)한빛화스너,1268139937,2018,0,0.0005,0,1,TN
(주)한빛화스너,1268139937,2019,0,0.0002,0,1,TN
(주)한빛화스너,1268139937,2020,0,0.0006,0,1,TN
(주)한빛화스너,1268139937,2021,0,0.0006,0,1,TN
(주)한빛화스너,1268139937,2022,0,0.0006,0,1,TN
(주)한빛화스너,1268139937,2023,0,0.0002,0,1,TN
(주)한빛화스너,1268139937,2024,0,0.0012,0,1,TN
아주이엔지(주),1268140069,2014,0,0.0004,0,1,TN
아주이엔지(주),1268140069,2015,0,0.0003,0,1,TN
아주이엔지(주),1268140069,2016,0,0.0004,0,1,TN
아주이엔지(주),1268140069,2017,0,0.0004,0,1,TN
아주이엔지(주),1268140069,2018,0,0.0003,0,1,TN
아주이엔지(주),1268140069,2019,0,0.0019,0,1,TN
아주이엔지(주),1268140069,2020,0,0.0236,0,1,TN
아주이엔지(주),1268140069,2021,0,0.0021,0,1,TN
아주이엔지(주),1268140069,2022,0,0.0008,0,1,TN
아주이엔지(주),1268140069,2023,0,0.0009,0,1,TN
아주이엔지(주),1268140069,2024,0,0.0017,0,1,TN
(주)영일산업,1268155126,2017,0,0.0003,0,1,TN
(주)영일산업,1268155126,2018,0,1e-04,0,1,TN
(주)영일산업,1268155126,2019,0,0.0006,0,1,TN
(주)영일산업,1268155126,2020,0,0.0004,0,1,TN
(주)영일산업,1268155126,2021,0,1e-04,0,1,TN
(주)영일산업,1268155126,2022,0,0.0173,0,1,TN
(주)영일산업,1268155126,2023,0,0.0031,0,1,TN
(주)영일산업,1268155126,2024,0,0.0009,0,1,TN
이지산업(주),1268158477,2022,0,0.0017,0,1,TN
이지산업(주),1268158477,2023,0,0.0448,1,0,FP
이지산업(주),1268158477,2024,0,0.0154,0,1,TN
(주)삼정스틸,1268159059,2014,0,0.0005,0,1,TN
(주)삼정스틸,1268159059,2015,0,0.0006,0,1,TN
(주)삼정스틸,1268159059,2016,0,0.0017,0,1,TN
(주)삼정스틸,1268159059,2017,0,0.0261,0,1,TN
(주)삼정스틸,1268159059,2018,0,0.024,0,1,TN
화신주방산업(주),1268183938,2021,0,0.0002,0,1,TN
화신주방산업(주),1268183938,2022,0,0.0002,0,1,TN
화신주방산업(주),1268183938,2023,0,0.0003,0,1,TN
화신주방산업(주),1268183938,2024,0,0.004,0,1,TN
신화산업주식회사,1268190555,2017,0,0.0011,0,1,TN
신화산업주식회사,1268190555,2018,0,0.0002,0,1,TN
신화산업주식회사,1268190555,2019,0,0.0003,0,1,TN
신화산업주식회사,1268190555,2020,0,0.001,0,1,TN
신화산업주식회사,1268190555,2021,0,0.0137,0,1,TN
신화산업주식회사,1268190555,2022,0,0.0011,0,1,TN
신화산업주식회사,1268190555,2023,0,0.0002,0,1,TN
신화산업주식회사,1268190555,2024,0,0.0013,0,1,TN
(주)동일금속레이져,1268192209,2019,0,0.0013,0,1,TN
(주)동일금속레이져,1268192209,2020,0,0.0138,0,1,TN
(주)동일금속레이져,1268192209,2021,0,0.0006,0,1,TN
(주)동일금속레이져,1268192209,2022,0,0.0008,0,1,TN
(주)동일금속레이져,1268192209,2023,0,0.043,1,0,FP
(주)동일금속레이져,1268192209,2024,0,0.0492,1,0,FP
고구려시스템(주),1268197432,2017,0,0.0018,0,1,TN
고구려시스템(주),1268197432,2018,0,0.0033,0,1,TN
고구려시스템(주),1268197432,2019,0,0.0106,0,1,TN
주식회사애니맷,1268199600,2014,0,0.0003,0,1,TN
주식회사애니맷,1268199600,2015,0,0.0002,0,1,TN
주식회사애니맷,1268199600,2016,0,0.0002,0,1,TN
주식회사애니맷,1268199600,2017,0,1e-04,0,1,TN
(주)성우패널시스템,1268618145,2018,0,0.0004,0,1,TN
(주)성우패널시스템,1268618145,2019,0,1e-04,0,1,TN
(주)성우패널시스템,1268618145,2020,0,0.0002,0,1,TN
(주)성우패널시스템,1268618145,2021,0,0.0002,0,1,TN
(주)성우패널시스템,1268618145,2022,0,0.0004,0,1,TN
(주)성우패널시스템,1268618145,2023,0,0.0017,0,1,TN
(주)성우패널시스템,1268618145,2024,0,0.0012,0,1,TN
(주)차본,1268621048,2014,0,0.0012,0,1,TN
(주)차본,1268621048,2015,0,0.0003,0,1,TN
(주)차본,1268621048,2016,0,0.0004,0,1,TN
(주)차본,1268621048,2017,0,0.0007,0,1,TN
(주)차본,1268621048,2018,0,0.0388,1,0,FP
(주)차본,1268621048,2019,0,0.1921,1,0,FP
(주)차본,1268621048,2020,0,0.0284,0,1,TN
(주)차본,1268621048,2021,0,0.1124,1,0,FP
(주)차본,1268621048,2022,0,0.1811,1,0,FP
(주)차본,1268621048,2023,0,0.1895,1,0,FP
(주)차본,1268621048,2024,0,0.7197,1,0,FP
혜주산업주식회사,1268629185,2014,0,0.0019,0,1,TN
혜주산업주식회사,1268629185,2015,0,0.0009,0,1,TN
혜주산업주식회사,1268629185,2016,0,0.0003,0,1,TN
혜주산업주식회사,1268629185,2017,0,0.0007,0,1,TN
혜주산업주식회사,1268629185,2018,0,0.0007,0,1,TN
혜주산업주식회사,1268629185,2019,0,0.0018,0,1,TN
혜주산업주식회사,1268629185,2020,0,0.0022,0,1,TN
혜주산업주식회사,1268629185,2021,0,0.0009,0,1,TN
혜주산업주식회사,1268629185,2022,0,0.0015,0,1,TN
혜주산업주식회사,1268629185,2023,0,0.0003,0,1,TN
혜주산업주식회사,1268629185,2024,0,0.0011,0,1,TN
주식회사두일,1268649857,2020,0,0.0007,0,1,TN
주식회사두일,1268649857,2021,0,0.0068,0,1,TN
주식회사두일,1268649857,2022,0,0.2795,1,0,FP
주식회사두일,1268649857,2023,1,0.0132,0,0,FN
주식회사세창산업,1268653502,2015,0,0.0005,0,1,TN
주식회사세창산업,1268653502,2016,0,0.0003,0,1,TN
주식회사세창산업,1268653502,2017,0,0.0002,0,1,TN
주식회사세창산업,1268653502,2018,0,0.0007,0,1,TN
주식회사세창산업,1268653502,2019,0,0.0003,0,1,TN
주식회사세창산업,1268653502,2020,0,0.0018,0,1,TN
주식회사세창산업,1268653502,2021,0,0.0008,0,1,TN
주식회사세창산업,1268653502,2022,0,0.0008,0,1,TN
주식회사세창산업,1268653502,2023,0,0.0002,0,1,TN
주식회사세창산업,1268653502,2024,0,0.0003,0,1,TN
(주)디앤뉴,1268654914,2020,0,0.0007,0,1,TN
(주)디앤뉴,1268654914,2021,0,1e-04,0,1,TN
(주)디앤뉴,1268654914,2022,0,0.0002,0,1,TN
(주)디앤뉴,1268654914,2023,0,0.0007,0,1,TN
(주)디앤뉴,1268654914,2024,0,0.0003,0,1,TN
주식회사이지폴딩,1268660605,2017,0,0.0012,0,1,TN
주식회사이지폴딩,1268660605,2018,0,0.0312,1,0,FP
주식회사이지폴딩,1268660605,2019,1,0.7462,1,1,TP
반도스틸(주),1268662184,2015,0,0.0006,0,1,TN
반도스틸(주),1268662184,2016,0,0.0002,0,1,TN
반도스틸(주),1268662184,2017,0,0.0002,0,1,TN
반도스틸(주),1268662184,2018,0,0.0006,0,1,TN
반도스틸(주),1268662184,2019,0,0.0004,0,1,TN
반도스틸(주),1268662184,2020,0,0.0014,0,1,TN
반도스틸(주),1268662184,2021,0,1e-04,0,1,TN
반도스틸(주),1268662184,2022,0,0.0003,0,1,TN
반도스틸(주),1268662184,2023,0,0.0006,0,1,TN
반도스틸(주),1268662184,2024,0,1e-04,0,1,TN
동양판넬공업(주),1278110684,2014,0,0.0481,1,0,FP
동양판넬공업(주),1278110684,2015,0,0.145,1,0,FP
동양판넬공업(주),1278110684,2016,0,0.0153,0,1,TN
동양판넬공업(주),1278110684,2017,0,0.0117,0,1,TN
동양판넬공업(주),1278110684,2018,0,0.0351,1,0,FP
동양판넬공업(주),1278110684,2019,0,0.0095,0,1,TN
동양판넬공업(주),1278110684,2020,0,0.0054,0,1,TN
동양판넬공업(주),1278110684,2022,0,0.1749,1,0,FP
동양판넬공업(주),1278110684,2023,0,0.1693,1,0,FP
동양판넬공업(주),1278110684,2024,1,0.4386,1,1,TP
(주)진호기업,1278130623,2016,0,0.0007,0,1,TN
(주)진호기업,1278130623,2017,0,1e-04,0,1,TN
(주)진호기업,1278130623,2018,0,0.0003,0,1,TN
(주)진호기업,1278130623,2019,0,0.0002,0,1,TN
(주)진호기업,1278130623,2020,0,0.001,0,1,TN
(주)진호기업,1278130623,2021,0,0.0003,0,1,TN
(주)진호기업,1278130623,2022,0,0.0002,0,1,TN
(주)진호기업,1278130623,2023,0,1e-04,0,1,TN
(주)진호기업,1278130623,2024,0,0.0104,0,1,TN
정도산업주식회사,1278130638,2014,0,0.0002,0,1,TN
정도산업주식회사,1278130638,2015,0,0.0006,0,1,TN
정도산업주식회사,1278130638,2016,0,0.0002,0,1,TN
정도산업주식회사,1278130638,2017,0,0.0037,0,1,TN
정도산업주식회사,1278130638,2018,0,0.0151,0,1,TN
정도산업주식회사,1278130638,2019,0,0.001,0,1,TN
정도산업주식회사,1278130638,2020,0,0.0031,0,1,TN
정도산업주식회사,1278130638,2021,0,0.0093,0,1,TN
정도산업주식회사,1278130638,2022,0,0.1531,1,0,FP
정도산업주식회사,1278130638,2023,0,0.0042,0,1,TN
정도산업주식회사,1278130638,2024,0,0.0022,0,1,TN
대양금속산업(주),1278135007,2014,0,0.0771,1,0,FP
바세라주식회사,1278138983,2016,0,0.0014,0,1,TN
바세라주식회사,1278138983,2017,0,0.0265,0,1,TN
바세라주식회사,1278138983,2018,0,0.2308,1,0,FP
바세라주식회사,1278138983,2019,1,0.7924,1,1,TP
(주)엠에스,1278149705,2017,0,0.0003,0,1,TN
(주)엠에스,1278149705,2018,0,1e-04,0,1,TN
(주)엠에스,1278149705,2019,0,0.0007,0,1,TN
(주)엠에스,1278149705,2020,0,0.0007,0,1,TN
(주)엠에스,1278149705,2021,0,0.0141,0,1,TN
(주)엠에스,1278149705,2022,0,0.2007,1,0,FP
(주)엠에스,1278149705,2023,0,0.2168,1,0,FP
(주)엠에스,1278149705,2024,0,0.1751,1,0,FP
(주)현대표지,1278156040,2014,0,0.0002,0,1,TN
(주)현대표지,1278156040,2015,0,1e-04,0,1,TN
(주)현대표지,1278156040,2016,0,1e-04,0,1,TN
(주)현대표지,1278156040,2017,0,0.0003,0,1,TN
(주)현대표지,1278156040,2018,0,1e-04,0,1,TN
(주)현대표지,1278156040,2019,0,1e-04,0,1,TN
(주)현대표지,1278156040,2020,0,0.0006,0,1,TN
(주)현대표지,1278156040,2021,0,1e-04,0,1,TN
(주)현대표지,1278156040,2022,0,0.02,0,1,TN
(주)현대표지,1278156040,2023,0,0.2787,1,0,FP
(주)현대표지,1278156040,2024,0,0.0008,0,1,TN
(주)심플라인,1278160689,2014,0,0.0007,0,1,TN
(주)심플라인,1278160689,2015,0,0.0012,0,1,TN
(주)심플라인,1278160689,2016,0,0.0007,0,1,TN
(주)심플라인,1278160689,2017,0,0.0014,0,1,TN
(주)심플라인,1278160689,2018,0,0.0006,0,1,TN
(주)심플라인,1278160689,2019,0,0.0026,0,1,TN
(주)심플라인,1278160689,2020,0,0.037,1,0,FP
(주)심플라인,1278160689,2021,1,0.2496,1,1,TP
주식회사한미이엔씨,1278183362,2016,0,0.0008,0,1,TN
주식회사한미이엔씨,1278183362,2017,0,0.0003,0,1,TN
주식회사한미이엔씨,1278183362,2018,0,0.0003,0,1,TN
주식회사한미이엔씨,1278183362,2019,0,0.0021,0,1,TN
주식회사한미이엔씨,1278183362,2020,0,0.0015,0,1,TN
주식회사한미이엔씨,1278183362,2021,0,0.0003,0,1,TN
주식회사한미이엔씨,1278183362,2022,0,0.0035,0,1,TN
주식회사한미이엔씨,1278183362,2023,0,0.0006,0,1,TN
주식회사한미이엔씨,1278183362,2024,0,0.007,0,1,TN
주식회사서경,1278186151,2014,0,0.0033,0,1,TN
주식회사서경,1278186151,2015,0,0.0118,0,1,TN
주식회사서경,1278186151,2016,0,0.0003,0,1,TN
주식회사서경,1278186151,2017,0,0.0004,0,1,TN
주식회사기산정공,1278191367,2019,0,0.0007,0,1,TN
주식회사기산정공,1278191367,2020,0,0.0006,0,1,TN
주식회사기산정공,1278191367,2022,0,0.0016,0,1,TN
주식회사기산정공,1278191367,2023,0,0.001,0,1,TN
주식회사기산정공,1278191367,2024,0,0.0003,0,1,TN
(주)동방파스텍,1278197755,2016,0,0.0002,0,1,TN
(주)동방파스텍,1278197755,2017,0,0.0002,0,1,TN
(주)동방파스텍,1278197755,2018,0,0.0004,0,1,TN
(주)동방파스텍,1278197755,2019,0,0.0003,0,1,TN
(주)동방파스텍,1278197755,2020,0,0.0008,0,1,TN
(주)동방파스텍,1278197755,2021,0,0.0033,0,1,TN
(주)동방파스텍,1278197755,2022,0,0.0014,0,1,TN
(주)동방파스텍,1278197755,2023,0,0.0005,0,1,TN
(주)동방파스텍,1278197755,2024,0,0.0007,0,1,TN
(주)우리휀스산업,1278600691,2020,0,0.0007,0,1,TN
(주)우리휀스산업,1278600691,2021,0,0.008,0,1,TN
(주)우리휀스산업,1278600691,2022,0,0.0269,0,1,TN
(주)우리휀스산업,1278600691,2023,0,0.0181,0,1,TN
(주)우리휀스산업,1278600691,2024,0,0.0006,0,1,TN
대동방화문주식회사,1278636165,2014,1,0.4712,1,1,TP
주식회사세안,1288107289,2014,0,0.0003,0,1,TN
주식회사세안,1288107289,2015,0,0.0057,0,1,TN
주식회사세안,1288107289,2016,0,0.0144,0,1,TN
주식회사세안,1288107289,2017,0,0.0741,1,0,FP
주식회사세안,1288107289,2018,0,0.0249,0,1,TN
주식회사세안,1288107289,2019,1,0.895,1,1,TP
(주)소봉금속,1288110090,2014,0,0.0011,0,1,TN
(주)소봉금속,1288110090,2015,0,0.0016,0,1,TN
(주)소봉금속,1288110090,2016,0,0.0017,0,1,TN
(주)소봉금속,1288110090,2017,0,0.0343,1,0,FP
(주)소봉금속,1288110090,2018,0,0.0025,0,1,TN
(주)소봉금속,1288110090,2019,0,0.0022,0,1,TN
(주)소봉금속,1288110090,2020,0,0.0041,0,1,TN
(주)소봉금속,1288110090,2021,0,0.001,0,1,TN
(주)소봉금속,1288110090,2022,0,0.0045,0,1,TN
(주)소봉금속,1288110090,2023,0,0.011,0,1,TN
(주)소봉금속,1288110090,2024,0,0.0625,1,0,FP
(주)영우화스너,1288111051,2014,0,0.0002,0,1,TN
(주)영우화스너,1288111051,2015,0,0.0003,0,1,TN
(주)영우화스너,1288111051,2016,0,0.0002,0,1,TN
(주)영우화스너,1288111051,2017,0,1e-04,0,1,TN
(주)영우화스너,1288111051,2018,0,0.0002,0,1,TN
(주)영우화스너,1288111051,2019,0,0.0003,0,1,TN
(주)영우화스너,1288111051,2020,0,0.0004,0,1,TN
(주)영우화스너,1288111051,2021,0,0.0003,0,1,TN
(주)영우화스너,1288111051,2022,0,0.0004,0,1,TN
(주)영우화스너,1288111051,2023,0,0.0004,0,1,TN
(주)영우화스너,1288111051,2024,0,0.0005,0,1,TN
주식회사신성프리시젼,1288134369,2016,0,0.0005,0,1,TN
주식회사신성프리시젼,1288134369,2017,0,1e-04,0,1,TN
주식회사신성프리시젼,1288134369,2018,0,1e-04,0,1,TN
주식회사신성프리시젼,1288134369,2019,0,1e-04,0,1,TN
주식회사신성프리시젼,1288134369,2020,0,0.0003,0,1,TN
주식회사신성프리시젼,1288134369,2021,0,0.0003,0,1,TN
주식회사신성프리시젼,1288134369,2022,0,0.0004,0,1,TN
주식회사신성프리시젼,1288134369,2023,0,0.0002,0,1,TN
주식회사신성프리시젼,1288134369,2024,0,0.0003,0,1,TN
코스탈(주),1288139044,2016,0,0.0025,0,1,TN
코스탈(주),1288139044,2017,0,0.0029,0,1,TN
코스탈(주),1288139044,2018,0,0.0023,0,1,TN
코스탈(주),1288139044,2019,0,0.0021,0,1,TN
코스탈(주),1288139044,2020,0,0.0316,1,0,FP
코스탈(주),1288139044,2021,0,0.0034,0,1,TN
코스탈(주),1288139044,2022,0,0.0036,0,1,TN
코스탈(주),1288139044,2023,0,0.0011,0,1,TN
코스탈(주),1288139044,2024,0,0.005,0,1,TN
주식회사슈퍼툴,1288149464,2014,0,0.0024,0,1,TN
주식회사슈퍼툴,1288149464,2018,0,0.0006,0,1,TN
주식회사슈퍼툴,1288149464,2019,0,0.0004,0,1,TN
주식회사슈퍼툴,1288149464,2020,0,0.0028,0,1,TN
주식회사슈퍼툴,1288149464,2021,0,0.0003,0,1,TN
주식회사슈퍼툴,1288149464,2022,0,0.0038,0,1,TN
주식회사슈퍼툴,1288149464,2023,0,0.0083,0,1,TN
주식회사슈퍼툴,1288149464,2024,0,0.015,0,1,TN
(주)삼일강업,1288149620,2018,0,0.0003,0,1,TN
(주)삼일강업,1288149620,2019,0,1e-04,0,1,TN
(주)삼일강업,1288149620,2020,0,0.0016,0,1,TN
(주)삼일강업,1288149620,2021,0,0.0081,0,1,TN
(주)삼일강업,1288149620,2022,0,0.0004,0,1,TN
(주)삼일강업,1288149620,2023,0,0.0002,0,1,TN
(주)삼일강업,1288149620,2024,0,0.0002,0,1,TN
제이앤제이마그네틱(주),1288151242,2022,0,0.0017,0,1,TN
제이앤제이마그네틱(주),1288151242,2023,0,0.0668,1,0,FP
제이앤제이마그네틱(주),1288151242,2024,1,0.3255,1,1,TP
대경산업(주),1288163433,2021,0,0.0012,0,1,TN
대경산업(주),1288163433,2022,0,0.0017,0,1,TN
대경산업(주),1288163433,2023,0,0.1751,1,0,FP
대경산업(주),1288163433,2024,0,0.1086,1,0,FP
국제테크주식회사,1288639146,2020,0,0.0018,0,1,TN
국제테크주식회사,1288639146,2021,0,0.0016,0,1,TN
국제테크주식회사,1288639146,2024,0,0.0018,0,1,TN
주식회사긴키테크코리아,1288650253,2019,0,0.0018,0,1,TN
주식회사긴키테크코리아,1288650253,2020,0,0.0006,0,1,TN
주식회사긴키테크코리아,1288650253,2021,0,0.0107,0,1,TN
주식회사긴키테크코리아,1288650253,2022,0,0.1512,1,0,FP
주식회사긴키테크코리아,1288650253,2023,0,0.0017,0,1,TN
주식회사긴키테크코리아,1288650253,2024,0,0.0025,0,1,TN
(주)삼한,1298100334,2014,0,0.001,0,1,TN
(주)삼한,1298100334,2015,0,0.0005,0,1,TN
(주)삼한,1298100334,2016,0,1e-04,0,1,TN
(주)삼한,1298100334,2017,0,0.0003,0,1,TN
(주)삼한,1298100334,2018,0,0.0002,0,1,TN
(주)삼한,1298100334,2019,0,0.0012,0,1,TN
(주)삼한,1298100334,2020,0,0.0004,0,1,TN
(주)삼한,1298100334,2021,0,1e-04,0,1,TN
(주)삼한,1298100334,2022,0,0.005,0,1,TN
(주)삼한,1298100334,2023,0,0.0024,0,1,TN
(주)삼한,1298100334,2024,0,0.0008,0,1,TN
선일다이파스주식회사,1298105004,2014,0,0.0021,0,1,TN
선일다이파스주식회사,1298105004,2015,0,0.0008,0,1,TN
선일다이파스주식회사,1298105004,2016,0,0.0007,0,1,TN
선일다이파스주식회사,1298105004,2017,0,0.0014,0,1,TN
선일다이파스주식회사,1298105004,2018,0,0.0007,0,1,TN
선일다이파스주식회사,1298105004,2019,0,0.0003,0,1,TN
선일다이파스주식회사,1298105004,2020,0,0.0007,0,1,TN
선일다이파스주식회사,1298105004,2021,0,0.0005,0,1,TN
선일다이파스주식회사,1298105004,2022,0,0.0011,0,1,TN
선일다이파스주식회사,1298105004,2023,0,0.0008,0,1,TN
선일다이파스주식회사,1298105004,2024,0,0.0005,0,1,TN
주식회사에이치케이티,1298126203,2014,0,0.001,0,1,TN
주식회사에이치케이티,1298126203,2015,0,1e-04,0,1,TN
주식회사에이치케이티,1298126203,2016,0,0.0012,0,1,TN
주식회사에이치케이티,1298126203,2017,0,0.0646,1,0,FP
주식회사에이치케이티,1298126203,2018,0,0.0905,1,0,FP
주식회사에이치케이티,1298126203,2019,1,0.7302,1,1,TP
(주)나인텍,1298136166,2017,0,0.0011,0,1,TN
(주)나인텍,1298136166,2018,0,0.0003,0,1,TN
(주)나인텍,1298136166,2019,0,0.0003,0,1,TN
(주)나인텍,1298136166,2020,0,0.0019,0,1,TN
(주)나인텍,1298136166,2021,0,0.0007,0,1,TN
(주)나인텍,1298136166,2022,0,0.0011,0,1,TN
(주)나인텍,1298136166,2023,0,0.0476,1,0,FP
(주)나인텍,1298136166,2024,0,0.0023,0,1,TN
주식회사메타네트웍스,1298137845,2014,0,0.1692,1,0,FP
주식회사메타네트웍스,1298137845,2015,1,0.9437,1,1,TP
(주)누리텍,1298157502,2016,0,0.0014,0,1,TN
(주)누리텍,1298157502,2017,0,0.0144,0,1,TN
(주)누리텍,1298157502,2018,0,0.0904,1,0,FP
주식회사아스코,1298171862,2017,0,0.0014,0,1,TN
주식회사아스코,1298171862,2018,0,0.0019,0,1,TN
주식회사아스코,1298171862,2019,0,0.0022,0,1,TN
주식회사블루폼,1298610254,2017,0,0.0007,0,1,TN
주식회사블루폼,1298610254,2018,0,0.0002,0,1,TN
주식회사블루폼,1298610254,2019,0,0.0003,0,1,TN
주식회사블루폼,1298610254,2020,0,0.0006,0,1,TN
주식회사블루폼,1298610254,2021,0,0.0002,0,1,TN
주식회사블루폼,1298610254,2022,0,0.0012,0,1,TN
주식회사블루폼,1298610254,2023,0,0.0028,0,1,TN
주식회사블루폼,1298610254,2024,0,0.0005,0,1,TN
(주)펨빅스,1298619672,2019,0,0.0004,0,1,TN
(주)펨빅스,1298619672,2020,0,0.0012,0,1,TN
(주)펨빅스,1298619672,2021,0,0.0008,0,1,TN
(주)펨빅스,1298619672,2022,0,0.0009,0,1,TN
(주)펨빅스,1298619672,2023,0,0.0017,0,1,TN
(주)펨빅스,1298619672,2024,0,0.0011,0,1,TN
삼진정공(주),1308100464,2014,0,0.0019,0,1,TN
삼진정공(주),1308100464,2015,0,0.0004,0,1,TN
삼진정공(주),1308100464,2016,0,0.0009,0,1,TN
삼진정공(주),1308100464,2017,0,0.0004,0,1,TN
삼진정공(주),1308100464,2018,0,0.001,0,1,TN
삼진정공(주),1308100464,2019,0,0.0031,0,1,TN
삼진정공(주),1308100464,2020,0,0.0689,1,0,FP
삼진정공(주),1308100464,2021,0,0.0634,1,0,FP
삼진정공(주),1308100464,2022,0,0.0223,0,1,TN
삼진정공(주),1308100464,2023,0,0.0943,1,0,FP
삼진정공(주),1308100464,2024,0,0.0746,1,0,FP
(주)부-스타,1308102064,2014,0,0.0002,0,1,TN
(주)부-스타,1308102064,2015,0,0.0002,0,1,TN
(주)부-스타,1308102064,2016,0,0.0002,0,1,TN
(주)부-스타,1308102064,2017,0,0.0002,0,1,TN
(주)부-스타,1308102064,2018,0,0.0003,0,1,TN
(주)부-스타,1308102064,2019,0,0.0003,0,1,TN
(주)부-스타,1308102064,2020,0,0.0007,0,1,TN
(주)부-스타,1308102064,2021,0,0.0025,0,1,TN
(주)부-스타,1308102064,2022,0,0.0067,0,1,TN
(주)부-스타,1308102064,2023,0,0.0024,0,1,TN
(주)부-스타,1308102064,2024,0,0.0055,0,1,TN
일광공구공업주식회사,1308102502,2014,0,0.0012,0,1,TN
일광공구공업주식회사,1308102502,2015,0,0.0063,0,1,TN
일광공구공업주식회사,1308102502,2016,0,0.0037,0,1,TN
일광공구공업주식회사,1308102502,2017,0,0.0041,0,1,TN
일광공구공업주식회사,1308102502,2018,0,0.0004,0,1,TN
일광공구공업주식회사,1308102502,2019,0,0.0014,0,1,TN
일광공구공업주식회사,1308102502,2020,0,0.0146,0,1,TN
일광공구공업주식회사,1308102502,2021,0,0.0782,1,0,FP
일광공구공업주식회사,1308102502,2022,1,0.1388,1,1,TP
로얄금속공업(주),1308106717,2021,0,0.0017,0,1,TN
로얄금속공업(주),1308106717,2022,0,0.0987,1,0,FP
로얄금속공업(주),1308106717,2023,0,0.143,1,0,FP
삼원금속(주),1308142090,2014,0,0.0003,0,1,TN
삼원금속(주),1308142090,2015,0,0.0008,0,1,TN
삼원금속(주),1308142090,2016,0,0.0056,0,1,TN
삼원금속(주),1308142090,2017,0,0.0051,0,1,TN
주식회사삼우특수,1308150402,2017,0,0.0004,0,1,TN
주식회사삼우특수,1308150402,2018,0,1e-04,0,1,TN
주식회사삼우특수,1308150402,2019,0,0.0003,0,1,TN
주식회사동일브레이징,1308152962,2014,0,0.002,0,1,TN
주식회사동일브레이징,1308152962,2015,0,0.0027,0,1,TN
주식회사동일브레이징,1308152962,2016,0,0.0004,0,1,TN
주식회사동일브레이징,1308152962,2017,0,0.0009,0,1,TN
주식회사동일브레이징,1308152962,2018,0,0.0044,0,1,TN
주식회사동일브레이징,1308152962,2019,0,0.0002,0,1,TN
주식회사동일브레이징,1308152962,2020,0,0.0016,0,1,TN
주식회사동일브레이징,1308152962,2021,0,0.0005,0,1,TN
주식회사동일브레이징,1308152962,2022,0,0.001,0,1,TN
주식회사동일브레이징,1308152962,2023,0,0.0013,0,1,TN
주식회사동일브레이징,1308152962,2024,0,0.0013,0,1,TN
(주)다임코,1308156954,2014,0,0.0614,1,0,FP
(주)다임코,1308156954,2015,1,0.9183,1,1,TP
주식회사덕명,1308160104,2014,0,0.0011,0,1,TN
주식회사덕명,1308160104,2015,0,0.002,0,1,TN
주식회사덕명,1308160104,2016,0,0.0017,0,1,TN
주식회사덕명,1308160104,2017,0,0.001,0,1,TN
주식회사덕명,1308160104,2018,0,0.0004,0,1,TN
주식회사덕명,1308160104,2019,0,0.0006,0,1,TN
주식회사덕명,1308160104,2020,0,0.0019,0,1,TN
주식회사덕명,1308160104,2021,0,0.0004,0,1,TN
주식회사덕명,1308160104,2022,0,0.0008,0,1,TN
주식회사덕명,1308160104,2023,0,0.0013,0,1,TN
주식회사덕명,1308160104,2024,0,0.0073,0,1,TN
덕성산업주식회사,1308160711,2016,0,0.0008,0,1,TN
덕성산업주식회사,1308160711,2017,0,0.0004,0,1,TN
덕성산업주식회사,1308160711,2018,0,0.001,0,1,TN
덕성산업주식회사,1308160711,2019,0,0.0007,0,1,TN
덕성산업주식회사,1308160711,2020,0,0.0013,0,1,TN
덕성산업주식회사,1308160711,2021,0,0.0008,0,1,TN
덕성산업주식회사,1308160711,2022,0,0.0012,0,1,TN
덕성산업주식회사,1308160711,2023,0,0.1255,1,0,FP
덕성산업주식회사,1308160711,2024,0,0.2176,1,0,FP
(주)금강기업,1308163703,2017,0,0.0015,0,1,TN
(주)금강기업,1308163703,2018,0,0.0003,0,1,TN
(주)금강기업,1308163703,2019,0,0.0067,0,1,TN
(주)금강기업,1308163703,2023,0,0.0154,0,1,TN
(주)금강기업,1308163703,2024,0,0.002,0,1,TN
성원제이에스(주),1308164148,2016,0,0.0005,0,1,TN
성원제이에스(주),1308164148,2017,0,0.0002,0,1,TN
성원제이에스(주),1308164148,2018,0,0.0005,0,1,TN
성원제이에스(주),1308164148,2019,0,1e-04,0,1,TN
성원제이에스(주),1308164148,2020,0,0.0007,0,1,TN
성원제이에스(주),1308164148,2021,0,0.0002,0,1,TN
성원제이에스(주),1308164148,2022,0,0.0006,0,1,TN
성원제이에스(주),1308164148,2023,0,0.0002,0,1,TN
성원제이에스(주),1308164148,2024,0,0.0003,0,1,TN
보성금속공업(주),1308166471,2014,0,0.0008,0,1,TN
보성금속공업(주),1308166471,2015,0,0.0006,0,1,TN
보성금속공업(주),1308166471,2016,0,0.0017,0,1,TN
보성금속공업(주),1308166471,2017,0,0.029,0,1,TN
보성금속공업(주),1308166471,2018,0,0.0865,1,0,FP
보성금속공업(주),1308166471,2019,0,0.0025,0,1,TN
보성금속공업(주),1308166471,2020,0,0.0021,0,1,TN
보성금속공업(주),1308166471,2021,0,0.003,0,1,TN
보성금속공업(주),1308166471,2022,0,0.0197,0,1,TN
보성금속공업(주),1308166471,2023,0,0.4227,1,0,FP
보성금속공업(주),1308166471,2024,0,0.1279,1,0,FP
(주)대호,1308169430,2014,0,0.0034,0,1,TN
(주)대호,1308169430,2015,0,0.0003,0,1,TN
(주)대호,1308169430,2016,0,0.0019,0,1,TN
(주)대호,1308169430,2017,0,0.0255,0,1,TN
(주)대호,1308169430,2018,0,0.0417,1,0,FP
(주)대호,1308169430,2019,0,0.005,0,1,TN
(주)대호,1308169430,2020,0,0.0032,0,1,TN
(주)대호,1308169430,2021,0,0.0699,1,0,FP
(주)대호,1308169430,2022,0,0.4731,1,0,FP
(주)대호,1308169430,2023,0,0.0169,0,1,TN
(주)대호,1308169430,2024,0,0.0029,0,1,TN
주식회사와이에스테크,1308171620,2014,0,0.0003,0,1,TN
주식회사와이에스테크,1308171620,2015,0,0.0131,0,1,TN
주식회사와이에스테크,1308171620,2016,0,0.0172,0,1,TN
주식회사와이에스테크,1308171620,2017,1,0.7326,1,1,TP
주)디에이치엘,1308173384,2018,0,0.0011,0,1,TN
주)디에이치엘,1308173384,2019,0,0.0481,1,0,FP
주)디에이치엘,1308173384,2020,0,0.1688,1,0,FP
주)디에이치엘,1308173384,2021,1,0.8981,1,1,TP
주식회사국민정밀,1308175209,2014,0,0.0004,0,1,TN
주식회사국민정밀,1308175209,2015,0,0.0003,0,1,TN
주식회사국민정밀,1308175209,2016,0,0.0024,0,1,TN
주식회사국민정밀,1308175209,2017,0,0.131,1,0,FP
주식회사국민정밀,1308175209,2018,0,0.0337,1,0,FP
주식회사국민정밀,1308175209,2019,0,0.0088,0,1,TN
마팔에이치티티주식회사,1308179700,2014,0,0.0005,0,1,TN
마팔에이치티티주식회사,1308179700,2015,0,0.0002,0,1,TN
마팔에이치티티주식회사,1308179700,2016,0,0.0003,0,1,TN
(주)대성정밀기계,1308179919,2014,0,1e-04,0,1,TN
(주)대성정밀기계,1308179919,2015,0,0.0002,0,1,TN
(주)대성정밀기계,1308179919,2016,0,1e-04,0,1,TN
(주)대성정밀기계,1308179919,2017,0,1e-04,0,1,TN
(주)대성정밀기계,1308179919,2018,0,1e-04,0,1,TN
(주)대성정밀기계,1308179919,2019,0,0.0002,0,1,TN
(주)대성정밀기계,1308179919,2020,0,0.0002,0,1,TN
(주)대성정밀기계,1308179919,2021,0,0.0003,0,1,TN
(주)대성정밀기계,1308179919,2022,0,0.0007,0,1,TN
(주)대성정밀기계,1308179919,2023,0,0.001,0,1,TN
(주)대성정밀기계,1308179919,2024,0,0.0047,0,1,TN
한성엠텍(주),1308184479,2017,0,0.0003,0,1,TN
한성엠텍(주),1308184479,2018,0,1e-04,0,1,TN
한성엠텍(주),1308184479,2019,0,0.0002,0,1,TN
한성엠텍(주),1308184479,2020,0,0.0007,0,1,TN
한성엠텍(주),1308184479,2021,0,1e-04,0,1,TN
한성엠텍(주),1308184479,2022,0,0.0007,0,1,TN
한성엠텍(주),1308184479,2023,0,0.0003,0,1,TN
한성엠텍(주),1308184479,2024,0,0.0003,0,1,TN
(주)다보스티엔지,1308185783,2018,0,0.0006,0,1,TN
(주)다보스티엔지,1308185783,2019,0,0.0044,0,1,TN
(주)다보스티엔지,1308185783,2020,0,0.0083,0,1,TN
(주)다보스티엔지,1308185783,2021,0,0.0176,0,1,TN
(주)다보스티엔지,1308185783,2022,0,0.012,0,1,TN
(주)다보스티엔지,1308185783,2023,0,0.005,0,1,TN
(주)다보스티엔지,1308185783,2024,0,0.0109,0,1,TN
주식회사지스타기업,1308187966,2014,0,0.0007,0,1,TN
주식회사지스타기업,1308187966,2015,0,0.0005,0,1,TN
주식회사지스타기업,1308187966,2016,0,0.0004,0,1,TN
주식회사지스타기업,1308187966,2017,0,0.0008,0,1,TN
주식회사지스타기업,1308187966,2018,0,0.0029,0,1,TN
주식회사지스타기업,1308187966,2019,0,0.0106,0,1,TN
주식회사지스타기업,1308187966,2020,0,0.0045,0,1,TN
주식회사지스타기업,1308187966,2021,0,0.0074,0,1,TN
주식회사지스타기업,1308187966,2022,0,0.0689,1,0,FP
주식회사지스타기업,1308187966,2023,1,0.1291,1,1,TP
(주)비앤더블유,1308197839,2021,0,0.001,0,1,TN
(주)비앤더블유,1308197839,2022,0,0.0012,0,1,TN
(주)비앤더블유,1308197839,2023,0,0.004,0,1,TN
(주)비앤더블유,1308197839,2024,0,0.0158,0,1,TN
비전아트주식회사,1308609247,2017,0,0.0007,0,1,TN
비전아트주식회사,1308609247,2018,0,0.0007,0,1,TN
비전아트주식회사,1308609247,2019,0,0.0011,0,1,TN
비전아트주식회사,1308609247,2020,0,0.0013,0,1,TN
비전아트주식회사,1308609247,2021,0,0.0004,0,1,TN
비전아트주식회사,1308609247,2022,0,0.0005,0,1,TN
비전아트주식회사,1308609247,2023,0,0.0012,0,1,TN
비전아트주식회사,1308609247,2024,0,0.0007,0,1,TN
플로우테크(주),1308615036,2015,0,0.0012,0,1,TN
플로우테크(주),1308615036,2016,0,0.0004,0,1,TN
플로우테크(주),1308615036,2017,0,0.0006,0,1,TN
플로우테크(주),1308615036,2018,0,0.0132,0,1,TN
플로우테크(주),1308615036,2022,0,0.0019,0,1,TN
플로우테크(주),1308615036,2023,0,0.0113,0,1,TN
플로우테크(주),1308615036,2024,0,0.1984,1,0,FP
성진테크,1308658530,2017,0,0.0012,0,1,TN
성진테크,1308658530,2018,0,0.0005,0,1,TN
성진테크,1308658530,2019,0,0.0007,0,1,TN
성진테크,1308658530,2020,0,0.0026,0,1,TN
성진테크,1308658530,2021,0,0.0002,0,1,TN
성진테크,1308658530,2022,0,0.0015,0,1,TN
성진테크,1308658530,2023,0,0.0003,0,1,TN
성진테크,1308658530,2024,0,0.0016,0,1,TN
제일금속주식회사,1308669148,2015,0,0.0003,0,1,TN
제일금속주식회사,1308669148,2016,0,0.0005,0,1,TN
제일금속주식회사,1308669148,2017,0,0.001,0,1,TN
제일금속주식회사,1308669148,2018,0,0.0018,0,1,TN
"주식회사에스앤에스(S&SCo.,Ltd.)",1308671135,2016,0,0.0009,0,1,TN
"주식회사에스앤에스(S&SCo.,Ltd.)",1308671135,2017,0,0.0006,0,1,TN
"주식회사에스앤에스(S&SCo.,Ltd.)",1308671135,2018,0,0.0022,0,1,TN
"주식회사에스앤에스(S&SCo.,Ltd.)",1308671135,2019,0,0.0028,0,1,TN
"주식회사에스앤에스(S&SCo.,Ltd.)",1308671135,2020,0,0.0086,0,1,TN
"주식회사에스앤에스(S&SCo.,Ltd.)",1308671135,2021,0,0.0044,0,1,TN
"주식회사에스앤에스(S&SCo.,Ltd.)",1308671135,2022,0,0.0036,0,1,TN
"주식회사에스앤에스(S&SCo.,Ltd.)",1308671135,2023,0,0.0306,1,0,FP
"주식회사에스앤에스(S&SCo.,Ltd.)",1308671135,2024,0,0.0131,0,1,TN
주식회사정우볼트,1308692386,2020,0,0.0007,0,1,TN
주식회사정우볼트,1308692386,2021,0,0.0006,0,1,TN
주식회사정우볼트,1308692386,2022,0,0.0024,0,1,TN
주식회사정우볼트,1308692386,2023,0,0.0067,0,1,TN
주식회사정우볼트,1308692386,2024,0,0.0062,0,1,TN
범한공업주식회사,1318103066,2014,0,0.0065,0,1,TN
범한공업주식회사,1318103066,2015,0,0.0015,0,1,TN
범한공업주식회사,1318103066,2016,0,0.0003,0,1,TN
범한공업주식회사,1318103066,2017,0,0.0002,0,1,TN
범한공업주식회사,1318103066,2018,0,0.0005,0,1,TN
범한공업주식회사,1318103066,2019,0,1e-04,0,1,TN
범한공업주식회사,1318103066,2020,0,0.0077,0,1,TN
범한공업주식회사,1318103066,2021,0,0.0044,0,1,TN
범한공업주식회사,1318103066,2022,0,0.0745,1,0,FP
범한공업주식회사,1318103066,2023,0,0.7277,1,0,FP
범한공업주식회사,1318103066,2024,1,0.1317,1,1,TP
대주중공업(주),1318113040,2014,0,0.0016,0,1,TN
대주중공업(주),1318113040,2015,0,0.0017,0,1,TN
대주중공업(주),1318113040,2016,0,0.0031,0,1,TN
대주중공업(주),1318113040,2017,0,0.1731,1,0,FP
대주중공업(주),1318113040,2018,0,0.0007,0,1,TN
대주중공업(주),1318113040,2019,0,0.0015,0,1,TN
대주중공업(주),1318113040,2020,0,0.0123,0,1,TN
대주중공업(주),1318113040,2021,0,0.006,0,1,TN
대주중공업(주),1318113040,2022,0,0.0008,0,1,TN
대주중공업(주),1318113040,2023,0,0.0007,0,1,TN
대주중공업(주),1318113040,2024,0,0.0008,0,1,TN
(주)부광테크,1318142318,2014,0,0.0005,0,1,TN
(주)부광테크,1318142318,2015,0,0.0005,0,1,TN
(주)부광테크,1318142318,2016,0,0.0006,0,1,TN
(주)부광테크,1318142318,2017,0,0.0078,0,1,TN
(주)부광테크,1318142318,2018,0,0.0045,0,1,TN
(주)부광테크,1318142318,2019,0,0.0004,0,1,TN
(주)부광테크,1318142318,2020,0,0.0248,0,1,TN
(주)부광테크,1318142318,2021,0,0.0581,1,0,FP
(주)부광테크,1318142318,2022,0,0.0176,0,1,TN
(주)부광테크,1318142318,2023,0,0.0918,1,0,FP
(주)부광테크,1318142318,2024,0,0.3318,1,0,FP
(주)명진커넥터,1318153343,2014,0,0.0008,0,1,TN
(주)명진커넥터,1318153343,2015,0,0.0036,0,1,TN
(주)명진커넥터,1318153343,2016,0,0.0051,0,1,TN
(주)명진커넥터,1318153343,2017,0,0.0018,0,1,TN
(주)명진커넥터,1318153343,2018,0,0.0005,0,1,TN
(주)명진커넥터,1318153343,2019,0,0.0004,0,1,TN
(주)명진커넥터,1318153343,2020,0,0.001,0,1,TN
(주)명진커넥터,1318153343,2021,0,0.0002,0,1,TN
(주)명진커넥터,1318153343,2022,0,0.0011,0,1,TN
(주)명진커넥터,1318153343,2023,0,0.0092,0,1,TN
(주)명진커넥터,1318153343,2024,0,0.036,1,0,FP
(주)한영정공,1318159390,2019,0,0.0003,0,1,TN
(주)한영정공,1318159390,2020,0,0.001,0,1,TN
(주)한영정공,1318159390,2021,0,0.0002,0,1,TN
(주)한영정공,1318159390,2022,0,0.0021,0,1,TN
(주)한영정공,1318159390,2023,0,0.0008,0,1,TN
(주)한영정공,1318159390,2024,0,0.0138,0,1,TN
(주)삼원알텍,1318162823,2014,0,0.0319,1,0,FP
(주)삼원알텍,1318162823,2015,1,0.8649,1,1,TP
(주)성일특수강,1318163201,2015,0,0.0005,0,1,TN
(주)성일특수강,1318163201,2016,0,0.001,0,1,TN
(주)성일특수강,1318163201,2017,0,0.0031,0,1,TN
(주)성일특수강,1318163201,2018,0,0.0031,0,1,TN
(주)성일특수강,1318163201,2019,0,0.0018,0,1,TN
(주)성일특수강,1318163201,2020,0,0.0187,0,1,TN
(주)성일특수강,1318163201,2021,0,0.0107,0,1,TN
(주)성일특수강,1318163201,2022,0,0.3854,1,0,FP
(주)성일특수강,1318163201,2023,0,0.292,1,0,FP
(주)성일특수강,1318163201,2024,1,0.4225,1,1,TP
한국다이아몬드파이프(주),1318164710,2014,0,0.0393,1,0,FP
한국다이아몬드파이프(주),1318164710,2015,0,0.0026,0,1,TN
한국다이아몬드파이프(주),1318164710,2016,0,0.0006,0,1,TN
한국다이아몬드파이프(주),1318164710,2017,0,0.0014,0,1,TN
한국다이아몬드파이프(주),1318164710,2018,0,0.0095,0,1,TN
한국다이아몬드파이프(주),1318164710,2019,0,0.0089,0,1,TN
한국다이아몬드파이프(주),1318164710,2020,0,0.0083,0,1,TN
한국다이아몬드파이프(주),1318164710,2021,0,0.0146,0,1,TN
한국다이아몬드파이프(주),1318164710,2022,1,0.0083,0,0,FN
(주)에이패스,1318169414,2014,0,0.0004,0,1,TN
(주)에이패스,1318169414,2015,0,0.0004,0,1,TN
(주)에이패스,1318169414,2016,0,0.0005,0,1,TN
(주)에이패스,1318169414,2017,0,0.0022,0,1,TN
(주)에이패스,1318169414,2018,0,0.0019,0,1,TN
(주)에이패스,1318169414,2019,0,0.0205,0,1,TN
(주)에이패스,1318169414,2020,0,0.0169,0,1,TN
(주)에이패스,1318169414,2021,1,0.8593,1,1,TP
명진실업(주),1318172748,2014,0,0.0002,0,1,TN
명진실업(주),1318172748,2015,0,1e-04,0,1,TN
명진실업(주),1318172748,2016,0,0.0004,0,1,TN
명진실업(주),1318172748,2017,0,0.0002,0,1,TN
명진실업(주),1318172748,2018,0,0.0007,0,1,TN
명진실업(주),1318172748,2019,0,0.0002,0,1,TN
명진실업(주),1318172748,2020,0,0.0012,0,1,TN
명진실업(주),1318172748,2021,0,0.0017,0,1,TN
명진실업(주),1318172748,2022,0,0.0002,0,1,TN
명진실업(주),1318172748,2023,0,0.0002,0,1,TN
명진실업(주),1318172748,2024,0,0.0002,0,1,TN
(주)부일테크,1318174896,2016,0,0.0155,0,1,TN
(주)부일테크,1318174896,2017,0,0.0054,0,1,TN
(주)부일테크,1318174896,2018,0,0.0051,0,1,TN
(주)부일테크,1318174896,2019,0,0.0524,1,0,FP
금강철강주식회사,1318177535,2014,0,0.0004,0,1,TN
금강철강주식회사,1318177535,2015,0,0.0008,0,1,TN
금강철강주식회사,1318177535,2016,0,0.0004,0,1,TN
금강철강주식회사,1318177535,2017,0,0.0002,0,1,TN
금강철강주식회사,1318177535,2018,0,0.0004,0,1,TN
금강철강주식회사,1318177535,2019,0,0.0003,0,1,TN
금강철강주식회사,1318177535,2020,0,0.0008,0,1,TN
금강철강주식회사,1318177535,2021,0,0.0006,0,1,TN
금강철강주식회사,1318177535,2022,0,0.0004,0,1,TN
금강철강주식회사,1318177535,2023,0,0.0041,0,1,TN
금강철강주식회사,1318177535,2024,0,0.0384,1,0,FP
(주)유니코하이테크,1318182682,2017,0,0.0013,0,1,TN
(주)유니코하이테크,1318182682,2018,0,0.0177,0,1,TN
(주)유니코하이테크,1318182682,2019,0,0.1303,1,0,FP
(주)유니코하이테크,1318182682,2020,0,0.0168,0,1,TN
(주)유니코하이테크,1318182682,2021,0,0.021,0,1,TN
(주)유니코하이테크,1318182682,2022,0,0.5625,1,0,FP
(주)유니코하이테크,1318182682,2023,1,0.0997,1,1,TP
(주)선경테크,1318185864,2014,0,0.0004,0,1,TN
(주)선경테크,1318185864,2015,0,0.0007,0,1,TN
(주)선경테크,1318185864,2016,0,0.0002,0,1,TN
(주)선경테크,1318185864,2017,0,1e-04,0,1,TN
(주)선경테크,1318185864,2018,0,0.0002,0,1,TN
(주)선경테크,1318185864,2019,0,0.0002,0,1,TN
(주)선경테크,1318185864,2020,0,0.0005,0,1,TN
(주)선경테크,1318185864,2021,0,0.0039,0,1,TN
(주)선경테크,1318185864,2022,0,0.0229,0,1,TN
(주)선경테크,1318185864,2023,0,0.5614,1,0,FP
(주)선경테크,1318185864,2024,0,0.0033,0,1,TN
(주)케이씨텍,1318192652,2015,0,0.0004,0,1,TN
(주)케이씨텍,1318192652,2016,0,0.0004,0,1,TN
(주)케이씨텍,1318192652,2017,0,0.0011,0,1,TN
(주)케이씨텍,1318192652,2018,0,0.0006,0,1,TN
(주)케이씨텍,1318192652,2019,0,0.0006,0,1,TN
(주)케이씨텍,1318192652,2020,0,0.0011,0,1,TN
(주)케이씨텍,1318192652,2021,0,0.0337,1,0,FP
(주)케이씨텍,1318192652,2022,0,0.0062,0,1,TN
(주)케이씨텍,1318192652,2023,0,0.0948,1,0,FP
(주)케이씨텍,1318192652,2024,0,0.0947,1,0,FP
(주)화진금속,1318193267,2014,0,0.0003,0,1,TN
(주)화진금속,1318193267,2017,0,0.0003,0,1,TN
(주)화진금속,1318193267,2018,0,0.0002,0,1,TN
(주)화진금속,1318193267,2019,0,0.0003,0,1,TN
(주)화진금속,1318193267,2020,0,0.0004,0,1,TN
(주)화진금속,1318193267,2021,0,0.0004,0,1,TN
(주)화진금속,1318193267,2022,0,0.0007,0,1,TN
(주)화진금속,1318193267,2023,0,0.0003,0,1,TN
(주)화진금속,1318193267,2024,0,0.0004,0,1,TN
(주)대산화스너,1318197619,2014,0,0.0008,0,1,TN
(주)대산화스너,1318197619,2015,0,0.0007,0,1,TN
(주)대산화스너,1318197619,2016,0,0.0003,0,1,TN
(주)대산화스너,1318197619,2017,0,0.0008,0,1,TN
(주)대산화스너,1318197619,2018,0,0.0005,0,1,TN
(주)대산화스너,1318197619,2019,0,0.0003,0,1,TN
(주)대산화스너,1318197619,2020,0,0.0042,0,1,TN
(주)대산화스너,1318197619,2021,0,0.0012,0,1,TN
(주)대산화스너,1318197619,2022,0,0.0006,0,1,TN
(주)대산화스너,1318197619,2023,0,0.0008,0,1,TN
(주)대산화스너,1318197619,2024,0,0.017,0,1,TN
(주)대산테크,1318600157,2018,0,0.001,0,1,TN
(주)대산테크,1318600157,2019,0,0.0018,0,1,TN
(주)대산테크,1318600157,2020,0,0.0085,0,1,TN
(주)대산테크,1318600157,2021,0,0.0071,0,1,TN
(주)대산테크,1318600157,2022,0,0.1111,1,0,FP
(주)대산테크,1318600157,2023,0,0.1644,1,0,FP
대안스틸(주),1318601928,2016,0,0.0014,0,1,TN
대안스틸(주),1318601928,2017,0,0.0002,0,1,TN
대안스틸(주),1318601928,2018,0,0.004,0,1,TN
대안스틸(주),1318601928,2019,0,0.0166,0,1,TN
대안스틸(주),1318601928,2020,0,0.0138,0,1,TN
대안스틸(주),1318601928,2021,1,0.6875,1,1,TP
(주)세고스,1318605564,2014,0,0.0023,0,1,TN
(주)세고스,1318605564,2015,0,0.0017,0,1,TN
(주)세고스,1318605564,2016,0,0.0266,0,1,TN
(주)세고스,1318605564,2017,0,0.0091,0,1,TN
(주)세고스,1318605564,2018,0,0.0012,0,1,TN
(주)세고스,1318605564,2019,0,0.0052,0,1,TN
(주)세고스,1318605564,2020,0,0.0044,0,1,TN
(주)세고스,1318605564,2021,0,0.0023,0,1,TN
(주)세고스,1318605564,2022,0,0.0722,1,0,FP
(주)세고스,1318605564,2023,1,0.2127,1,1,TP
(주)하나건드릴,1318607747,2015,0,0.0013,0,1,TN
(주)하나건드릴,1318607747,2016,0,0.0429,1,0,FP
(주)하나건드릴,1318607747,2017,1,0.7728,1,1,TP
(주)평산기공,1318607975,2022,0,0.0018,0,1,TN
(주)평산기공,1318607975,2023,0,0.0322,1,0,FP
(주)평산기공,1318607975,2024,1,0.1411,1,1,TP
주식회사제넨텍,1318612099,2019,0,0.0005,0,1,TN
주식회사제넨텍,1318612099,2020,0,0.0012,0,1,TN
주식회사제넨텍,1318612099,2021,0,0.001,0,1,TN
주식회사제넨텍,1318612099,2022,0,0.0009,0,1,TN
주식회사제넨텍,1318612099,2023,0,0.0003,0,1,TN
주식회사제넨텍,1318612099,2024,0,0.0002,0,1,TN
(주)성보엔지니어링,1318612333,2014,0,0.0054,0,1,TN
(주)성보엔지니어링,1318612333,2015,0,0.0221,0,1,TN
(주)세진하이텍,1318613254,2014,0,0.001,0,1,TN
(주)세진하이텍,1318613254,2015,0,0.0025,0,1,TN
(주)세진하이텍,1318613254,2016,0,0.0292,0,1,TN
(주)세진하이텍,1318613254,2017,0,0.1199,1,0,FP
(주)세진하이텍,1318613254,2018,1,0.5496,1,1,TP
주식회사에스제이,1318614175,2014,0,0.0007,0,1,TN
주식회사에스제이,1318614175,2015,0,1e-04,0,1,TN
주식회사에스제이,1318614175,2016,0,0.0005,0,1,TN
주식회사에스제이,1318614175,2017,0,0.0005,0,1,TN
주식회사에스제이,1318614175,2018,0,0.0007,0,1,TN
주식회사에스제이,1318614175,2019,0,0.0003,0,1,TN
주식회사에스제이,1318614175,2020,0,0.0004,0,1,TN
주식회사에스제이,1318614175,2021,0,0.0002,0,1,TN
주식회사에스제이,1318614175,2022,0,0.0004,0,1,TN
주식회사에스제이,1318614175,2023,0,0.0007,0,1,TN
주식회사에스제이,1318614175,2024,0,0.0003,0,1,TN
주식회사대성엔텍,1318617037,2014,0,0.0038,0,1,TN
주식회사대성엔텍,1318617037,2015,0,0.0058,0,1,TN
주식회사대성엔텍,1318617037,2016,0,0.0682,1,0,FP
주식회사대성엔텍,1318617037,2017,0,0.0036,0,1,TN
주식회사대성엔텍,1318617037,2018,0,0.0155,0,1,TN
주식회사대성엔텍,1318617037,2019,0,0.0413,1,0,FP
(주)시스템산업,1318619414,2020,0,0.0008,0,1,TN
(주)시스템산업,1318619414,2021,0,0.0295,0,1,TN
(주)시스템산업,1318619414,2022,0,0.065,1,0,FP
(주)시스템산업,1318619414,2023,0,0.1083,1,0,FP
(주)시스템산업,1318619414,2024,0,0.4484,1,0,FP
(주)영지테크,1318621185,2017,0,0.0007,0,1,TN
(주)영지테크,1318621185,2018,0,0.0002,0,1,TN
(주)영지테크,1318621185,2019,0,1e-04,0,1,TN
(주)영지테크,1318621185,2020,0,0.001,0,1,TN
(주)영지테크,1318621185,2021,0,1e-04,0,1,TN
(주)영지테크,1318621185,2022,0,0.0002,0,1,TN
(주)성진피앤티,1318623771,2014,1,0.3633,1,1,TP
(주)신광,1318627457,2017,0,0.0006,0,1,TN
(주)신광,1318627457,2018,0,0.0004,0,1,TN
(주)신광,1318627457,2019,0,0.1665,1,0,FP
(주)신광,1318627457,2024,0,0.0006,0,1,TN
주식회사엔솔,1318628801,2022,0,0.0034,0,1,TN
주식회사엔솔,1318628801,2023,0,0.0682,1,0,FP
주식회사엔솔,1318628801,2024,1,0.4153,1,1,TP
(주)우진엠엔디,1318637090,2015,0,0.0006,0,1,TN
(주)우진엠엔디,1318637090,2016,0,0.0031,0,1,TN
(주)우진엠엔디,1318637090,2017,1,0.6956,1,1,TP
에스알테크주식회사,1318638070,2021,0,0.0003,0,1,TN
에스알테크주식회사,1318638070,2022,0,1e-04,0,1,TN
에스알테크주식회사,1318638070,2023,0,0.0006,0,1,TN
에스알테크주식회사,1318638070,2024,0,0.0002,0,1,TN
주식회사승일메탈,1318653708,2014,0,0.0054,0,1,TN
주식회사승일메탈,1318653708,2015,0,0.1225,1,0,FP
주식회사승일메탈,1318653708,2016,1,0.9388,1,1,TP
(주)삼원열처리,1318654876,2018,0,0.0009,0,1,TN
(주)삼원열처리,1318654876,2019,0,0.0103,0,1,TN
(주)삼원열처리,1318654876,2020,0,0.0303,1,0,FP
(주)삼원열처리,1318654876,2021,0,0.0009,0,1,TN
(주)삼원열처리,1318654876,2022,0,0.0149,0,1,TN
(주)삼원열처리,1318654876,2023,0,0.0072,0,1,TN
(주)삼원열처리,1318654876,2024,0,0.0065,0,1,TN
주식회사에스에이치솔텍,1318660441,2021,0,0.0015,0,1,TN
주식회사에스에이치솔텍,1318660441,2022,0,0.0189,0,1,TN
주식회사에스에이치솔텍,1318660441,2023,1,0.5096,1,1,TP
대주지앤아이(주),1318669122,2015,0,0.0003,0,1,TN
대주지앤아이(주),1318669122,2016,0,0.0005,0,1,TN
대주지앤아이(주),1318669122,2017,0,0.025,0,1,TN
대주지앤아이(주),1318669122,2018,0,0.1646,1,0,FP
대주지앤아이(주),1318669122,2019,1,0.6412,1,1,TP
(주)원일산업,1328106708,2014,0,0.059,1,0,FP
(주)원일산업,1328106708,2015,0,0.0162,0,1,TN
(주)원일산업,1328106708,2016,0,0.0015,0,1,TN
(주)원일산업,1328106708,2017,0,0.0054,0,1,TN
(주)원일산업,1328106708,2018,0,0.0087,0,1,TN
(주)원일산업,1328106708,2019,0,0.0029,0,1,TN
(주)원일산업,1328106708,2020,0,0.0037,0,1,TN
(주)원일산업,1328106708,2021,0,0.0004,0,1,TN
(주)원일산업,1328106708,2022,0,0.0007,0,1,TN
(주)원일산업,1328106708,2023,0,0.0002,0,1,TN
(주)원일산업,1328106708,2024,0,0.0002,0,1,TN
코디아산업(주),1328121368,2021,0,0.0002,0,1,TN
코디아산업(주),1328121368,2022,0,0.0002,0,1,TN
코디아산업(주),1328121368,2023,0,0.0006,0,1,TN
코디아산업(주),1328121368,2024,0,0.0021,0,1,TN
주식회사벧엘엔지니어링,1328160866,2014,0,0.2096,1,0,FP
주식회사벧엘엔지니어링,1328160866,2015,0,0.0018,0,1,TN
주식회사벧엘엔지니어링,1328160866,2016,0,0.001,0,1,TN
대산이엔지(주),1328181255,2018,0,0.0003,0,1,TN
대산이엔지(주),1328181255,2019,0,0.0002,0,1,TN
대산이엔지(주),1328181255,2020,0,0.0003,0,1,TN
대산이엔지(주),1328181255,2021,0,0.0004,0,1,TN
대산이엔지(주),1328181255,2022,0,0.0003,0,1,TN
대산이엔지(주),1328181255,2023,0,0.0007,0,1,TN
대산이엔지(주),1328181255,2024,0,0.0002,0,1,TN
주식회사대한하우징,1328615217,2022,0,0.001,0,1,TN
주식회사대한하우징,1328615217,2023,0,0.0034,0,1,TN
주식회사대한하우징,1328615217,2024,0,0.0022,0,1,TN
(주)다원산업,1338123087,2014,0,0.0003,0,1,TN
(주)다원산업,1338123087,2015,0,0.0007,0,1,TN
(주)다원산업,1338123087,2016,0,0.0002,0,1,TN
(주)다원산업,1338123087,2017,0,0.0175,0,1,TN
(주)다원산업,1338123087,2018,0,0.0031,0,1,TN
(주)다원산업,1338123087,2019,0,0.0654,1,0,FP
(주)다원산업,1338123087,2023,0,0.0006,0,1,TN
(주)다원산업,1338123087,2024,0,0.0003,0,1,TN
한맥중공업(주),1338123239,2014,0,0.0014,0,1,TN
한맥중공업(주),1338123239,2015,0,0.0005,0,1,TN
한맥중공업(주),1338123239,2016,0,0.0002,0,1,TN
한맥중공업(주),1338123239,2017,0,0.0002,0,1,TN
한맥중공업(주),1338123239,2018,0,0.0004,0,1,TN
한맥중공업(주),1338123239,2019,0,0.0016,0,1,TN
한맥중공업(주),1338123239,2020,0,0.0036,0,1,TN
한맥중공업(주),1338123239,2021,0,0.0025,0,1,TN
한맥중공업(주),1338123239,2022,0,0.0009,0,1,TN
한맥중공업(주),1338123239,2023,0,0.0008,0,1,TN
한맥중공업(주),1338123239,2024,0,0.0006,0,1,TN
신영공업(주),1338123694,2014,0,0.0017,0,1,TN
신영공업(주),1338123694,2015,0,0.0006,0,1,TN
신영공업(주),1338123694,2016,0,0.0004,0,1,TN
신영공업(주),1338123694,2017,0,0.0003,0,1,TN
신영공업(주),1338123694,2018,0,0.0005,0,1,TN
신영공업(주),1338123694,2019,0,0.0002,0,1,TN
신영공업(주),1338123694,2020,0,0.0005,0,1,TN
신영공업(주),1338123694,2021,0,0.0002,0,1,TN
신영공업(주),1338123694,2022,0,0.0211,0,1,TN
신영공업(주),1338123694,2023,0,0.0006,0,1,TN
신영공업(주),1338123694,2024,0,0.0003,0,1,TN
삼목에스폼(주),1338123898,2014,0,0.0008,0,1,TN
삼목에스폼(주),1338123898,2015,0,0.0002,0,1,TN
삼목에스폼(주),1338123898,2016,0,0.0002,0,1,TN
삼목에스폼(주),1338123898,2017,0,1e-04,0,1,TN
삼목에스폼(주),1338123898,2018,0,0.0003,0,1,TN
삼목에스폼(주),1338123898,2019,0,0.0004,0,1,TN
삼목에스폼(주),1338123898,2020,0,0.0136,0,1,TN
삼목에스폼(주),1338123898,2021,0,0.0448,1,0,FP
삼목에스폼(주),1338123898,2022,0,0.0006,0,1,TN
삼목에스폼(주),1338123898,2023,0,0.001,0,1,TN
삼목에스폼(주),1338123898,2024,0,0.0002,0,1,TN
(주)금성열처리,1338125125,2015,0,0.0008,0,1,TN
(주)금성열처리,1338125125,2016,0,0.0016,0,1,TN
(주)금성열처리,1338125125,2017,0,0.0566,1,0,FP
(주)금성열처리,1338125125,2018,0,0.0033,0,1,TN
(주)금성열처리,1338125125,2019,0,0.0002,0,1,TN
(주)풍진,1338125969,2014,0,0.0003,0,1,TN
(주)풍진,1338125969,2015,0,0.0027,0,1,TN
(주)풍진,1338125969,2016,0,0.1024,1,0,FP
(주)풍진,1338125969,2017,0,0.005,0,1,TN
(주)풍진,1338125969,2018,0,0.0036,0,1,TN
(주)풍진,1338125969,2019,0,0.0089,0,1,TN
(주)풍진,1338125969,2020,0,0.0055,0,1,TN
(주)풍진,1338125969,2021,0,0.0026,0,1,TN
(주)풍진,1338125969,2022,0,0.003,0,1,TN
(주)풍진,1338125969,2023,0,0.0024,0,1,TN
(주)풍진,1338125969,2024,0,0.0012,0,1,TN
(주)성실엔지니어링,1338126459,2014,0,0.0005,0,1,TN
(주)성실엔지니어링,1338126459,2015,0,1e-04,0,1,TN
(주)성실엔지니어링,1338126459,2016,0,0.0002,0,1,TN
(주)성실엔지니어링,1338126459,2017,0,1e-04,0,1,TN
(주)성실엔지니어링,1338126459,2018,0,0.0028,0,1,TN
(주)성실엔지니어링,1338126459,2019,0,0.0408,1,0,FP
(주)성실엔지니어링,1338126459,2020,0,0.0007,0,1,TN
(주)성실엔지니어링,1338126459,2021,0,0.0064,0,1,TN
(주)성실엔지니어링,1338126459,2022,0,0.0004,0,1,TN
(주)성실엔지니어링,1338126459,2023,0,0.0003,0,1,TN
(주)성실엔지니어링,1338126459,2024,0,0.0002,0,1,TN
서한개발(주),1338126667,2014,0,0.001,0,1,TN
서한개발(주),1338126667,2015,0,0.0011,0,1,TN
서한개발(주),1338126667,2016,0,0.0244,0,1,TN
서한개발(주),1338126667,2017,0,0.0011,0,1,TN
경북코일센타주식회사,1338126916,2014,0,0.001,0,1,TN
경북코일센타주식회사,1338126916,2015,0,0.0119,0,1,TN
경북코일센타주식회사,1338126916,2016,0,0.0079,0,1,TN
경북코일센타주식회사,1338126916,2017,0,0.0887,1,0,FP
경북코일센타주식회사,1338126916,2018,0,0.0364,1,0,FP
경북코일센타주식회사,1338126916,2019,0,0.0064,0,1,TN
경북코일센타주식회사,1338126916,2020,0,0.0031,0,1,TN
경북코일센타주식회사,1338126916,2021,0,0.0022,0,1,TN
경북코일센타주식회사,1338126916,2022,0,0.0118,0,1,TN
경북코일센타주식회사,1338126916,2023,0,0.0605,1,0,FP
경북코일센타주식회사,1338126916,2024,0,0.1002,1,0,FP
동우에이치에스티주식회사,1338127822,2014,0,0.0005,0,1,TN
동우에이치에스티주식회사,1338127822,2015,0,0.0005,0,1,TN
동우에이치에스티주식회사,1338127822,2016,0,0.0005,0,1,TN
동우에이치에스티주식회사,1338127822,2017,0,0.0009,0,1,TN
동우에이치에스티주식회사,1338127822,2018,0,0.0058,0,1,TN
동우에이치에스티주식회사,1338127822,2019,0,0.018,0,1,TN
동우에이치에스티주식회사,1338127822,2020,0,0.0722,1,0,FP
동우에이치에스티주식회사,1338127822,2021,0,0.0013,0,1,TN
동우에이치에스티주식회사,1338127822,2022,0,0.002,0,1,TN
동우에이치에스티주식회사,1338127822,2023,0,0.001,0,1,TN
동우에이치에스티주식회사,1338127822,2024,0,0.0009,0,1,TN
화인산업(주),1338127875,2014,0,0.0003,0,1,TN
화인산업(주),1338127875,2015,0,0.0003,0,1,TN
화인산업(주),1338127875,2016,0,0.0003,0,1,TN
화인산업(주),1338127875,2017,0,1e-04,0,1,TN
화인산업(주),1338127875,2018,0,1e-04,0,1,TN
화인산업(주),1338127875,2019,0,1e-04,0,1,TN
화인산업(주),1338127875,2020,0,0.0007,0,1,TN
화인산업(주),1338127875,2021,0,0.0006,0,1,TN
화인산업(주),1338127875,2022,0,0.0005,0,1,TN
화인산업(주),1338127875,2023,0,1e-04,0,1,TN
화인산업(주),1338127875,2024,0,0.0002,0,1,TN
주식회사창신,1338128011,2014,0,0.0297,0,1,TN
주식회사창신,1338128011,2015,0,0.0013,0,1,TN
주식회사창신,1338128011,2016,0,0.0189,0,1,TN
주식회사창신,1338128011,2020,0,0.0021,0,1,TN
주식회사창신,1338128011,2021,0,0.0213,0,1,TN
주식회사창신,1338128011,2022,0,0.0017,0,1,TN
주식회사창신,1338128011,2023,0,0.132,1,0,FP
주식회사창신,1338128011,2024,0,0.0181,0,1,TN
영광기제주식회사,1338128248,2014,0,0.031,1,0,FP
서울산업(주),1338131006,2014,0,0.0319,1,0,FP
서울산업(주),1338131006,2015,0,0.0067,0,1,TN
서울산업(주),1338131006,2016,0,0.0006,0,1,TN
서울산업(주),1338131006,2017,0,0.0009,0,1,TN
서울산업(주),1338131006,2018,0,0.0116,0,1,TN
서울산업(주),1338131006,2019,0,0.0037,0,1,TN
서울산업(주),1338131006,2020,0,0.0793,1,0,FP
서울산업(주),1338131006,2021,0,0.1529,1,0,FP
서울산업(주),1338131006,2022,1,0.0369,1,1,TP
삼정보일러공업(주),1338132077,2017,0,0.0006,0,1,TN
삼정보일러공업(주),1338132077,2018,0,0.0067,0,1,TN
삼정보일러공업(주),1338132077,2019,0,0.0011,0,1,TN
삼정보일러공업(주),1338132077,2020,0,0.0012,0,1,TN
삼정보일러공업(주),1338132077,2021,0,0.0005,0,1,TN
삼정보일러공업(주),1338132077,2022,0,0.0004,0,1,TN
삼정보일러공업(주),1338132077,2023,0,0.0008,0,1,TN
삼정보일러공업(주),1338132077,2024,0,0.0012,0,1,TN
(주)히즈시스템,1338132441,2014,0,0.0018,0,1,TN
(주)히즈시스템,1338132441,2015,0,0.0004,0,1,TN
(주)히즈시스템,1338132441,2016,0,0.0014,0,1,TN
(주)히즈시스템,1338132441,2017,0,0.0003,0,1,TN
(주)히즈시스템,1338132441,2018,0,0.0002,0,1,TN
(주)히즈시스템,1338132441,2019,0,0.0003,0,1,TN
(주)히즈시스템,1338132441,2020,0,0.0741,1,0,FP
(주)히즈시스템,1338132441,2021,0,0.0042,0,1,TN
(주)히즈시스템,1338132441,2022,0,0.0019,0,1,TN
(주)히즈시스템,1338132441,2023,0,0.0016,0,1,TN
(주)히즈시스템,1338132441,2024,0,0.0009,0,1,TN
대진휀스(주),1338132873,2014,0,0.0002,0,1,TN
대진휀스(주),1338132873,2015,0,1e-04,0,1,TN
대진휀스(주),1338132873,2016,0,0.0027,0,1,TN
대진휀스(주),1338132873,2017,0,0.0002,0,1,TN
대진휀스(주),1338132873,2018,0,1e-04,0,1,TN
대진휀스(주),1338132873,2019,0,0.0002,0,1,TN
대진휀스(주),1338132873,2020,0,0.0005,0,1,TN
대진휀스(주),1338132873,2021,0,0.0026,0,1,TN
대진휀스(주),1338132873,2022,0,0.1125,1,0,FP
대진휀스(주),1338132873,2023,1,0.1081,1,1,TP
화성엠텍(주),1338133571,2014,0,0.0012,0,1,TN
화성엠텍(주),1338133571,2015,0,0.0003,0,1,TN
화성엠텍(주),1338133571,2016,0,0.0604,1,0,FP
화성엠텍(주),1338133571,2017,0,0.0007,0,1,TN
화성엠텍(주),1338133571,2018,0,0.0003,0,1,TN
화성엠텍(주),1338133571,2019,0,0.0003,0,1,TN
화성엠텍(주),1338133571,2020,0,0.0005,0,1,TN
화성엠텍(주),1338133571,2021,0,0.0009,0,1,TN
화성엠텍(주),1338133571,2022,0,0.0148,0,1,TN
화성엠텍(주),1338133571,2023,0,0.0012,0,1,TN
화성엠텍(주),1338133571,2024,0,0.0014,0,1,TN
협동산업(주),1338136224,2014,1,0.1338,1,1,TP
일진산업(주),1338136694,2015,0,0.0033,0,1,TN
일진산업(주),1338136694,2016,0,0.0358,1,0,FP
일진산업(주),1338136694,2020,0,0.0029,0,1,TN
일진산업(주),1338136694,2021,0,0.0239,0,1,TN
제이씨아이,1338136826,2022,0,0.0034,0,1,TN
제이씨아이,1338136826,2023,0,0.1234,1,0,FP
제이씨아이,1338136826,2024,1,0.6801,1,1,TP
(주)A.M.C,1338137640,2014,0,0.0038,0,1,TN
(주)A.M.C,1338137640,2015,0,0.0253,0,1,TN
(주)A.M.C,1338137640,2016,1,0.3904,1,1,TP
대신건기산업(주),1338137674,2014,0,0.0002,0,1,TN
대신건기산업(주),1338137674,2015,0,0.0003,0,1,TN
대신건기산업(주),1338137674,2016,0,1e-04,0,1,TN
대신건기산업(주),1338137674,2017,0,1e-04,0,1,TN
대신건기산업(주),1338137674,2018,0,0.0002,0,1,TN
대신건기산업(주),1338137674,2019,0,0.0002,0,1,TN
대신건기산업(주),1338137674,2020,0,0.0012,0,1,TN
대신건기산업(주),1338137674,2021,0,0.0168,0,1,TN
대신건기산업(주),1338137674,2022,0,0.0169,0,1,TN
대신건기산업(주),1338137674,2023,0,0.0493,1,0,FP
대신건기산업(주),1338137674,2024,0,0.0059,0,1,TN
(주)한국비앤텍,1338138052,2014,0,0.0309,1,0,FP
(주)헬파티엘에스,1338141668,2016,0,0.0015,0,1,TN
(주)헬파티엘에스,1338141668,2017,0,0.0153,0,1,TN
(주)헬파티엘에스,1338141668,2018,0,0.0019,0,1,TN
(주)헬파티엘에스,1338141668,2022,0,0.0009,0,1,TN
(주)헬파티엘에스,1338141668,2023,0,0.0003,0,1,TN
(주)헬파티엘에스,1338141668,2024,0,0.078,1,0,FP
가경종합철강(주),1338143045,2022,0,0.0019,0,1,TN
가경종합철강(주),1338143045,2023,0,0.0091,0,1,TN
가경종합철강(주),1338143045,2024,0,0.1633,1,0,FP
주식회사승진기계,1348102052,2014,0,0.001,0,1,TN
주식회사승진기계,1348102052,2015,0,0.0006,0,1,TN
주식회사승진기계,1348102052,2016,0,0.0002,0,1,TN
주식회사승진기계,1348102052,2017,0,0.0003,0,1,TN
주식회사승진기계,1348102052,2018,0,0.0003,0,1,TN
주식회사승진기계,1348102052,2019,0,0.0005,0,1,TN
주식회사승진기계,1348102052,2020,0,0.0099,0,1,TN
주식회사승진기계,1348102052,2021,0,0.0003,0,1,TN
주식회사승진기계,1348102052,2022,0,0.0007,0,1,TN
주식회사승진기계,1348102052,2023,0,0.0002,0,1,TN
주식회사승진기계,1348102052,2024,0,0.0005,0,1,TN
보성파워텍(주),1348102237,2014,0,0.1355,1,0,FP
보성파워텍(주),1348102237,2015,0,0.0115,0,1,TN
보성파워텍(주),1348102237,2016,0,0.0521,1,0,FP
보성파워텍(주),1348102237,2017,0,0.013,0,1,TN
보성파워텍(주),1348102237,2018,1,0.5907,1,1,TP
니스코주식회사,1348102256,2014,0,0.0243,0,1,TN
니스코주식회사,1348102256,2015,0,0.0369,1,0,FP
니스코주식회사,1348102256,2016,0,0.0072,0,1,TN
니스코주식회사,1348102256,2017,0,0.0032,0,1,TN
니스코주식회사,1348102256,2018,0,0.0175,0,1,TN
니스코주식회사,1348102256,2019,0,0.0137,0,1,TN
니스코주식회사,1348102256,2020,0,0.0372,1,0,FP
니스코주식회사,1348102256,2021,0,0.0039,0,1,TN
니스코주식회사,1348102256,2022,0,0.0355,1,0,FP
니스코주식회사,1348102256,2023,0,0.0236,0,1,TN
니스코주식회사,1348102256,2024,0,0.2455,1,0,FP
(주)기린산업,1348102969,2014,0,0.0042,0,1,TN
(주)기린산업,1348102969,2015,0,0.0008,0,1,TN
(주)기린산업,1348102969,2016,0,0.0005,0,1,TN
(주)기린산업,1348102969,2017,0,0.0007,0,1,TN
(주)기린산업,1348102969,2018,0,0.0298,0,1,TN
(주)기린산업,1348102969,2019,0,0.0341,1,0,FP
(주)기린산업,1348102969,2020,1,0.9495,1,1,TP
(주)케이피에프,1348102988,2014,0,0.0016,0,1,TN
(주)케이피에프,1348102988,2015,0,0.0017,0,1,TN
(주)케이피에프,1348102988,2016,0,0.0004,0,1,TN
(주)케이피에프,1348102988,2017,0,0.0008,0,1,TN
(주)케이피에프,1348102988,2018,0,0.0006,0,1,TN
(주)케이피에프,1348102988,2019,0,0.0007,0,1,TN
(주)케이피에프,1348102988,2020,0,0.0238,0,1,TN
(주)케이피에프,1348102988,2021,0,0.023,0,1,TN
(주)케이피에프,1348102988,2022,0,0.0009,0,1,TN
(주)케이피에프,1348102988,2023,0,0.0012,0,1,TN
(주)케이피에프,1348102988,2024,0,0.0004,0,1,TN
한립지엘공업(주),1348103314,2014,0,0.0025,0,1,TN
한립지엘공업(주),1348103314,2015,0,0.0297,0,1,TN
한립지엘공업(주),1348103314,2016,0,0.0237,0,1,TN
한립지엘공업(주),1348103314,2017,1,0.4202,1,1,TP
주식회사은성테크닉스,1348103444,2014,0,0.2747,1,0,FP
주식회사은성테크닉스,1348103444,2015,0,0.0641,1,0,FP
주식회사은성테크닉스,1348103444,2016,0,0.0075,0,1,TN
주식회사은성테크닉스,1348103444,2017,0,0.0181,0,1,TN
주식회사은성테크닉스,1348103444,2018,0,0.0627,1,0,FP
주식회사은성테크닉스,1348103444,2019,0,0.0132,0,1,TN
주식회사은성테크닉스,1348103444,2020,0,0.077,1,0,FP
주식회사은성테크닉스,1348103444,2021,0,0.0832,1,0,FP
주식회사은성테크닉스,1348103444,2022,1,0.2225,1,1,TP
주식회사동양정밀가스켓,1348104176,2016,0,0.0013,0,1,TN
주식회사동양정밀가스켓,1348104176,2017,0,1e-04,0,1,TN
주식회사동양정밀가스켓,1348104176,2018,0,0.0004,0,1,TN
주식회사동양정밀가스켓,1348104176,2019,0,0.0118,0,1,TN
주식회사동양정밀가스켓,1348104176,2020,0,0.0049,0,1,TN
주식회사동양정밀가스켓,1348104176,2021,0,0.0573,1,0,FP
주식회사동양정밀가스켓,1348104176,2022,0,0.0133,0,1,TN
주식회사동양정밀가스켓,1348104176,2023,1,0.0187,0,0,FN
(주)유창이앤씨,1348104894,2014,0,0.0006,0,1,TN
(주)유창이앤씨,1348104894,2015,0,0.0033,0,1,TN
(주)유창이앤씨,1348104894,2016,0,0.0006,0,1,TN
(주)유창이앤씨,1348104894,2017,0,0.0004,0,1,TN
(주)유창이앤씨,1348104894,2018,0,0.0002,0,1,TN
(주)유창이앤씨,1348104894,2019,0,0.001,0,1,TN
(주)유창이앤씨,1348104894,2020,0,0.0007,0,1,TN
(주)유창이앤씨,1348104894,2021,0,0.011,0,1,TN
(주)유창이앤씨,1348104894,2022,0,0.0037,0,1,TN
(주)유창이앤씨,1348104894,2023,0,0.0019,0,1,TN
(주)유창이앤씨,1348104894,2024,0,0.0025,0,1,TN
흥진정공주식회사,1348105097,2014,0,0.0004,0,1,TN
흥진정공주식회사,1348105097,2016,0,0.0005,0,1,TN
흥진정공주식회사,1348105097,2017,0,0.0003,0,1,TN
흥진정공주식회사,1348105097,2018,0,0.0004,0,1,TN
흥진정공주식회사,1348105097,2019,0,0.0039,0,1,TN
흥진정공주식회사,1348105097,2021,0,0.0083,0,1,TN
흥진정공주식회사,1348105097,2022,0,0.2177,1,0,FP
흥진정공주식회사,1348105097,2023,1,0.048,1,1,TP
주식회사TNP,1348105272,2014,0,0.002,0,1,TN
주식회사TNP,1348105272,2015,0,0.0015,0,1,TN
주식회사TNP,1348105272,2016,0,0.0012,0,1,TN
주식회사TNP,1348105272,2017,0,0.004,0,1,TN
주식회사TNP,1348105272,2018,0,0.004,0,1,TN
주식회사TNP,1348105272,2019,0,0.0017,0,1,TN
주식회사TNP,1348105272,2020,0,0.0178,0,1,TN
주식회사TNP,1348105272,2021,0,0.0045,0,1,TN
주식회사TNP,1348105272,2022,0,0.0049,0,1,TN
주식회사TNP,1348105272,2023,0,0.0188,0,1,TN
주식회사TNP,1348105272,2024,0,0.0107,0,1,TN
(주)포메탈,1348106140,2014,0,0.0044,0,1,TN
(주)포메탈,1348106140,2015,0,0.0385,1,0,FP
(주)포메탈,1348106140,2016,0,0.0004,0,1,TN
(주)포메탈,1348106140,2017,0,0.0002,0,1,TN
(주)포메탈,1348106140,2018,0,0.0003,0,1,TN
(주)포메탈,1348106140,2019,0,0.0002,0,1,TN
(주)포메탈,1348106140,2020,0,0.0009,0,1,TN
(주)포메탈,1348106140,2021,0,0.0003,0,1,TN
(주)포메탈,1348106140,2022,0,0.0003,0,1,TN
(주)포메탈,1348106140,2023,0,0.0005,0,1,TN
(주)포메탈,1348106140,2024,0,0.0007,0,1,TN
주식회사동성진흥,1348107227,2014,0,0.0354,1,0,FP
주식회사동성진흥,1348107227,2015,0,0.0054,0,1,TN
주식회사동성진흥,1348107227,2016,0,0.0002,0,1,TN
주식회사동성진흥,1348107227,2017,0,0.0017,0,1,TN
주식회사동성진흥,1348107227,2018,0,0.0198,0,1,TN
주식회사동성진흥,1348107227,2019,0,0.0325,1,0,FP
주식회사동성진흥,1348107227,2020,0,0.0092,0,1,TN
주식회사동성진흥,1348107227,2021,0,0.0037,0,1,TN
주식회사동성진흥,1348107227,2022,0,0.0791,1,0,FP
주식회사동성진흥,1348107227,2023,0,0.0008,0,1,TN
주식회사동성진흥,1348107227,2024,0,0.0256,0,1,TN
신진화스너공업주식회사,1348107358,2014,0,0.0002,0,1,TN
신진화스너공업주식회사,1348107358,2015,0,0.0009,0,1,TN
신진화스너공업주식회사,1348107358,2016,0,0.0002,0,1,TN
신진화스너공업주식회사,1348107358,2017,0,0.002,0,1,TN
신진화스너공업주식회사,1348107358,2018,0,0.0008,0,1,TN
신진화스너공업주식회사,1348107358,2019,0,0.0002,0,1,TN
신진화스너공업주식회사,1348107358,2020,0,0.0018,0,1,TN
신진화스너공업주식회사,1348107358,2021,0,0.0004,0,1,TN
신진화스너공업주식회사,1348107358,2022,0,0.0004,0,1,TN
신진화스너공업주식회사,1348107358,2023,0,0.0179,0,1,TN
신진화스너공업주식회사,1348107358,2024,0,0.024,0,1,TN
삼신화학공업(주),1348109278,2014,0,0.0178,0,1,TN
삼신화학공업(주),1348109278,2015,0,0.005,0,1,TN
삼신화학공업(주),1348109278,2016,0,0.0047,0,1,TN
삼신화학공업(주),1348109278,2017,0,0.0072,0,1,TN
삼신화학공업(주),1348109278,2018,0,0.0896,1,0,FP
삼신화학공업(주),1348109278,2019,0,0.0054,0,1,TN
삼신화학공업(주),1348109278,2020,0,0.0062,0,1,TN
삼신화학공업(주),1348109278,2021,0,0.0026,0,1,TN
삼신화학공업(주),1348109278,2022,0,0.0018,0,1,TN
삼신화학공업(주),1348109278,2023,0,0.0012,0,1,TN
삼신화학공업(주),1348109278,2024,0,0.0017,0,1,TN
(주)함창,1348110381,2014,0,0.0007,0,1,TN
(주)함창,1348110381,2015,0,0.0003,0,1,TN
(주)함창,1348110381,2016,0,0.0026,0,1,TN
(주)함창,1348110381,2017,0,0.0021,0,1,TN
(주)함창,1348110381,2018,0,0.0012,0,1,TN
(주)함창,1348110381,2019,0,0.0003,0,1,TN
(주)함창,1348110381,2020,0,0.0005,0,1,TN
(주)함창,1348110381,2021,0,0.0002,0,1,TN
(주)함창,1348110381,2022,0,0.0004,0,1,TN
(주)함창,1348110381,2023,0,0.001,0,1,TN
(주)함창,1348110381,2024,0,0.0042,0,1,TN
평안제관주식회사,1348111885,2014,0,0.0006,0,1,TN
평안제관주식회사,1348111885,2015,0,0.0005,0,1,TN
평안제관주식회사,1348111885,2016,0,0.0002,0,1,TN
평안제관주식회사,1348111885,2017,0,1e-04,0,1,TN
평안제관주식회사,1348111885,2018,0,0.0004,0,1,TN
평안제관주식회사,1348111885,2019,0,0.0004,0,1,TN
평안제관주식회사,1348111885,2020,0,0.0046,0,1,TN
평안제관주식회사,1348111885,2021,0,0.0006,0,1,TN
평안제관주식회사,1348111885,2022,0,0.0009,0,1,TN
평안제관주식회사,1348111885,2023,0,0.0006,0,1,TN
평안제관주식회사,1348111885,2024,0,0.0011,0,1,TN
(주)명화금속,1348113603,2014,0,0.0005,0,1,TN
(주)명화금속,1348113603,2015,0,1e-04,0,1,TN
(주)명화금속,1348113603,2016,0,0.0002,0,1,TN
(주)명화금속,1348113603,2017,0,0.0002,0,1,TN
(주)명화금속,1348113603,2018,0,0.0003,0,1,TN
(주)명화금속,1348113603,2019,0,0.0003,0,1,TN
(주)명화금속,1348113603,2020,0,0.0005,0,1,TN
(주)명화금속,1348113603,2021,0,0.0002,0,1,TN
(주)명화금속,1348113603,2022,0,0.0004,0,1,TN
(주)명화금속,1348113603,2023,0,0.0004,0,1,TN
(주)명화금속,1348113603,2024,0,0.0545,1,0,FP
(주)도스코,1348123737,2014,0,0.0055,0,1,TN
(주)도스코,1348123737,2015,0,0.0008,0,1,TN
(주)도스코,1348123737,2016,0,0.0002,0,1,TN
(주)도스코,1348123737,2017,0,0.0002,0,1,TN
(주)도스코,1348123737,2018,0,0.0012,0,1,TN
(주)도스코,1348123737,2019,0,0.0015,0,1,TN
(주)도스코,1348123737,2020,0,0.0017,0,1,TN
(주)도스코,1348123737,2021,0,0.0004,0,1,TN
(주)도스코,1348123737,2022,0,0.0008,0,1,TN
(주)도스코,1348123737,2023,0,0.0082,0,1,TN
(주)도스코,1348123737,2024,0,0.0106,0,1,TN
(주)정우이지텍,1348127053,2015,0,0.0024,0,1,TN
(주)정우이지텍,1348127053,2016,0,0.007,0,1,TN
(주)정우이지텍,1348127053,2017,0,0.0088,0,1,TN
(주)정우이지텍,1348127053,2018,0,0.0176,0,1,TN
(주)정우이지텍,1348127053,2019,0,0.0396,1,0,FP
(주)정우이지텍,1348127053,2020,0,0.2075,1,0,FP
(주)정우이지텍,1348127053,2021,0,0.044,1,0,FP
(주)정우이지텍,1348127053,2022,0,0.6648,1,0,FP
(주)정우이지텍,1348127053,2023,0,0.3523,1,0,FP
(주)정우이지텍,1348127053,2024,1,0.7202,1,1,TP
우양에이치씨(주),1348133443,2015,0,0.0415,1,0,FP
우양에이치씨(주),1348133443,2016,0,0.0955,1,0,FP
우양에이치씨(주),1348133443,2017,1,0.8054,1,1,TP
(주)에이치엔씨,1348135738,2014,0,0.0057,0,1,TN
(주)에이치엔씨,1348135738,2015,0,0.0031,0,1,TN
(주)에이치엔씨,1348135738,2016,0,0.0726,1,0,FP
(주)에이치엔씨,1348135738,2017,0,0.0142,0,1,TN
(주)에이치엔씨,1348135738,2018,0,0.0262,0,1,TN
(주)에이치엔씨,1348135738,2019,0,0.0145,0,1,TN
(주)에이치엔씨,1348135738,2020,0,0.0034,0,1,TN
(주)에이치엔씨,1348135738,2021,0,0.0004,0,1,TN
(주)에이치엔씨,1348135738,2022,0,0.0654,1,0,FP
(주)에이치엔씨,1348135738,2023,0,0.1349,1,0,FP
(주)에이치엔씨,1348135738,2024,1,0.1215,1,1,TP
지에스산건(주),1348137978,2021,0,0.0006,0,1,TN
지에스산건(주),1348137978,2022,0,0.0286,0,1,TN
지에스산건(주),1348137978,2023,0,0.1602,1,0,FP
지에스산건(주),1348137978,2024,0,0.0042,0,1,TN
(주)진일테크,1348140395,2014,0,0.0018,0,1,TN
(주)진일테크,1348140395,2015,0,0.0026,0,1,TN
(주)진일테크,1348140395,2016,0,0.0453,1,0,FP
(주)진일테크,1348140395,2017,1,0.7797,1,1,TP
한일에스티주식회사,1348141661,2014,0,0.0039,0,1,TN
한일에스티주식회사,1348141661,2015,0,0.1547,1,0,FP
한일에스티주식회사,1348141661,2016,0,0.0011,0,1,TN
한일에스티주식회사,1348141661,2017,0,0.0013,0,1,TN
한일에스티주식회사,1348141661,2018,0,0.0103,0,1,TN
한일에스티주식회사,1348141661,2019,0,0.042,1,0,FP
한일에스티주식회사,1348141661,2020,1,0.8172,1,1,TP
엠테스(주),1348142170,2014,0,0.0011,0,1,TN
엠테스(주),1348142170,2015,0,0.0004,0,1,TN
엠테스(주),1348142170,2016,0,0.0002,0,1,TN
엠테스(주),1348142170,2017,0,0.0002,0,1,TN
엠테스(주),1348142170,2018,0,0.0004,0,1,TN
엠테스(주),1348142170,2019,0,0.0002,0,1,TN
엠테스(주),1348142170,2020,0,0.0096,0,1,TN
엠테스(주),1348142170,2021,0,0.0111,0,1,TN
엠테스(주),1348142170,2022,0,0.0016,0,1,TN
엠테스(주),1348142170,2023,0,0.0026,0,1,TN
엠테스(주),1348142170,2024,0,0.0742,1,0,FP
(주)케이투이엔지,1348145600,2014,0,0.0357,1,0,FP
(주)케이투이엔지,1348145600,2015,1,0.7165,1,1,TP
(주)써피텍,1348146201,2014,0,0.0012,0,1,TN
(주)써피텍,1348146201,2015,0,0.0299,0,1,TN
(주)써피텍,1348146201,2016,0,0.1835,1,0,FP
(주)써피텍,1348146201,2017,0,0.0046,0,1,TN
(주)써피텍,1348146201,2018,0,0.0092,0,1,TN
(주)써피텍,1348146201,2019,0,0.0935,1,0,FP
(주)써피텍,1348146201,2020,0,0.0302,1,0,FP
(주)써피텍,1348146201,2021,0,0.0154,0,1,TN
새솔다이아몬드공업(주),1348147156,2014,0,0.0004,0,1,TN
새솔다이아몬드공업(주),1348147156,2015,0,0.0003,0,1,TN
새솔다이아몬드공업(주),1348147156,2016,0,0.0004,0,1,TN
새솔다이아몬드공업(주),1348147156,2017,0,1e-04,0,1,TN
새솔다이아몬드공업(주),1348147156,2018,0,0.0002,0,1,TN
새솔다이아몬드공업(주),1348147156,2019,0,0.0003,0,1,TN
새솔다이아몬드공업(주),1348147156,2020,0,0.0029,0,1,TN
새솔다이아몬드공업(주),1348147156,2021,0,0.0002,0,1,TN
새솔다이아몬드공업(주),1348147156,2022,0,0.0018,0,1,TN
새솔다이아몬드공업(주),1348147156,2023,0,0.0002,0,1,TN
새솔다이아몬드공업(주),1348147156,2024,0,0.0016,0,1,TN
(주)신용금속,1348149775,2014,0,0.0006,0,1,TN
(주)신용금속,1348149775,2015,0,0.0006,0,1,TN
(주)신용금속,1348149775,2016,0,0.0008,0,1,TN
(주)신용금속,1348149775,2017,0,0.0011,0,1,TN
(주)신용금속,1348149775,2018,0,0.0029,0,1,TN
(주)신용금속,1348149775,2019,0,0.0214,0,1,TN
(주)신용금속,1348149775,2020,0,0.0232,0,1,TN
(주)신용금속,1348149775,2021,0,0.0222,0,1,TN
(주)신용금속,1348149775,2022,0,0.0768,1,0,FP
(주)신용금속,1348149775,2023,1,0.0401,1,1,TP
혜성금속공업(주),1348150044,2014,0,0.0112,0,1,TN
혜성금속공업(주),1348150044,2015,0,0.0531,1,0,FP
혜성금속공업(주),1348150044,2016,1,0.4244,1,1,TP
(주)예스툴,1348150189,2014,0,0.0006,0,1,TN
(주)예스툴,1348150189,2015,0,1e-04,0,1,TN
(주)예스툴,1348150189,2016,0,0.0002,0,1,TN
(주)예스툴,1348150189,2017,0,1e-04,0,1,TN
(주)예스툴,1348150189,2018,0,1e-04,0,1,TN
(주)예스툴,1348150189,2019,0,0.0002,0,1,TN
(주)예스툴,1348150189,2021,0,1e-04,0,1,TN
(주)예스툴,1348150189,2022,0,0.0003,0,1,TN
(주)예스툴,1348150189,2023,0,0.0004,0,1,TN
(주)예스툴,1348150189,2024,0,0.0004,0,1,TN
에스앤에스코퍼레이션주식회사,1348150215,2014,0,0.078,1,0,FP
에스앤에스코퍼레이션주식회사,1348150215,2015,0,0.1508,1,0,FP
에스앤에스코퍼레이션주식회사,1348150215,2016,0,0.0009,0,1,TN
에스앤에스코퍼레이션주식회사,1348150215,2017,0,0.0469,1,0,FP
유진기공(주),1348150253,2014,0,0.0353,1,0,FP
유진기공(주),1348150253,2015,0,0.002,0,1,TN
유진기공(주),1348150253,2016,0,0.0103,0,1,TN
유진기공(주),1348150253,2017,0,0.0046,0,1,TN
유진기공(주),1348150253,2018,0,0.0014,0,1,TN
유진기공(주),1348150253,2019,0,0.0012,0,1,TN
유진기공(주),1348150253,2020,0,0.0022,0,1,TN
유진기공(주),1348150253,2021,0,0.0293,0,1,TN
(주)대건씨앤에스,1348154069,2014,0,0.0023,0,1,TN
(주)대건씨앤에스,1348154069,2015,0,0.0285,0,1,TN
(주)대건씨앤에스,1348154069,2016,0,0.0357,1,0,FP
삼화정밀주식회사,1348155336,2014,0,0.0005,0,1,TN
지테크산업(주),1348155883,2014,0,0.0007,0,1,TN
지테크산업(주),1348155883,2015,0,0.0002,0,1,TN
지테크산업(주),1348155883,2016,0,0.0006,0,1,TN
지테크산업(주),1348155883,2017,0,0.0015,0,1,TN
지테크산업(주),1348155883,2018,0,0.003,0,1,TN
지테크산업(주),1348155883,2019,0,0.0103,0,1,TN
지테크산업(주),1348155883,2020,0,0.0038,0,1,TN
지테크산업(주),1348155883,2021,0,0.0642,1,0,FP
지테크산업(주),1348155883,2022,0,0.1233,1,0,FP
지테크산업(주),1348155883,2023,0,0.0041,0,1,TN
지테크산업(주),1348155883,2024,0,0.0051,0,1,TN
형제기계공업(주),1348156937,2015,0,0.0013,0,1,TN
형제기계공업(주),1348156937,2016,0,0.0041,0,1,TN
형제기계공업(주),1348156937,2017,0,0.2134,1,0,FP
장원금속(주),1348157519,2022,0,0.0012,0,1,TN
장원금속(주),1348157519,2023,0,0.0008,0,1,TN
장원금속(주),1348157519,2024,0,0.0009,0,1,TN
영신미다스주식회사,1348157557,2014,1,0.5888,1,1,TP
(주)대경배관,1348157862,2015,0,0.0036,0,1,TN
(주)대경배관,1348157862,2016,0,0.0042,0,1,TN
(주)대경배관,1348157862,2017,0,0.0047,0,1,TN
(주)대경배관,1348157862,2018,0,0.0112,0,1,TN
주식회사대륭,1348159045,2014,0,0.0009,0,1,TN
주식회사대륭,1348159045,2015,0,0.0003,0,1,TN
주식회사대륭,1348159045,2021,0,0.0004,0,1,TN
주식회사대륭,1348159045,2022,0,0.0002,0,1,TN
주식회사대륭,1348159045,2023,0,0.0002,0,1,TN
주식회사대륭,1348159045,2024,0,0.0006,0,1,TN
(주)동성앙카,1348162521,2016,0,0.0008,0,1,TN
(주)동성앙카,1348162521,2017,0,1e-04,0,1,TN
(주)동성앙카,1348162521,2018,0,0.0005,0,1,TN
(주)동성앙카,1348162521,2019,0,0.0005,0,1,TN
(주)동성앙카,1348162521,2020,0,0.0017,0,1,TN
(주)동성앙카,1348162521,2021,0,0.0014,0,1,TN
(주)동성앙카,1348162521,2022,0,0.0003,0,1,TN
(주)동성앙카,1348162521,2023,0,0.0002,0,1,TN
(주)동성앙카,1348162521,2024,0,0.0003,0,1,TN
장인열처리(주),1348163796,2015,0,0.001,0,1,TN
장인열처리(주),1348163796,2016,0,0.0102,0,1,TN
장인열처리(주),1348163796,2017,0,0.006,0,1,TN
장인열처리(주),1348163796,2018,0,0.1769,1,0,FP
장인열처리(주),1348163796,2019,0,0.0013,0,1,TN
장인열처리(주),1348163796,2020,0,0.0347,1,0,FP
장인열처리(주),1348163796,2021,0,0.0044,0,1,TN
장인열처리(주),1348163796,2022,0,0.0014,0,1,TN
장인열처리(주),1348163796,2023,0,0.0053,0,1,TN
장인열처리(주),1348163796,2024,0,0.0018,0,1,TN
서진단조주식회사,1348168471,2015,0,0.0027,0,1,TN
서진단조주식회사,1348168471,2016,0,0.0066,0,1,TN
서진단조주식회사,1348168471,2017,1,0.7603,1,1,TP
주식회사한국소둔열처리,1348170128,2017,0,0.001,0,1,TN
주식회사한국소둔열처리,1348170128,2018,0,0.0115,0,1,TN
주식회사한국소둔열처리,1348170128,2019,1,0.7515,1,1,TP
대성하이피오토(주),1348171850,2017,0,0.0013,0,1,TN
대성하이피오토(주),1348171850,2018,0,1e-04,0,1,TN
대성하이피오토(주),1348171850,2019,0,0.0006,0,1,TN
대성하이피오토(주),1348171850,2020,0,0.0006,0,1,TN
대성하이피오토(주),1348171850,2021,0,0.0004,0,1,TN
대성하이피오토(주),1348171850,2022,0,0.007,0,1,TN
대성하이피오토(주),1348171850,2023,0,0.0005,0,1,TN
대성하이피오토(주),1348171850,2024,0,0.0005,0,1,TN
주식회사에이피엠,1348172150,2014,0,0.0021,0,1,TN
주식회사에이피엠,1348172150,2015,0,0.0006,0,1,TN
주식회사에이피엠,1348172150,2016,0,0.0008,0,1,TN
주식회사에이피엠,1348172150,2017,0,0.0372,1,0,FP
주식회사에이피엠,1348172150,2018,0,0.0057,0,1,TN
주식회사에이피엠,1348172150,2019,0,0.0015,0,1,TN
주식회사에이피엠,1348172150,2020,0,0.0337,1,0,FP
주식회사에이피엠,1348172150,2021,0,0.033,1,0,FP
주식회사에이피엠,1348172150,2022,1,0.743,1,1,TP
(주)광성금속,1348175273,2014,0,0.0005,0,1,TN
(주)광성금속,1348175273,2015,0,1e-04,0,1,TN
(주)광성금속,1348175273,2016,0,0.0016,0,1,TN
(주)광성금속,1348175273,2017,0,0.0013,0,1,TN
(주)광성금속,1348175273,2018,0,0.0008,0,1,TN
(주)광성금속,1348175273,2019,0,0.0022,0,1,TN
(주)광성금속,1348175273,2020,0,0.0264,0,1,TN
(주)광성금속,1348175273,2021,0,0.1861,1,0,FP
(주)광성금속,1348175273,2022,1,0.0969,1,1,TP
본하이테크(주),1348183583,2014,0,0.0006,0,1,TN
본하이테크(주),1348183583,2015,0,0.0011,0,1,TN
본하이테크(주),1348183583,2021,0,0.0002,0,1,TN
본하이테크(주),1348183583,2022,0,0.0003,0,1,TN
본하이테크(주),1348183583,2023,0,0.0002,0,1,TN
본하이테크(주),1348183583,2024,0,0.0003,0,1,TN
주식회사태성엠에스텍,1348185752,2017,0,0.0007,0,1,TN
주식회사태성엠에스텍,1348185752,2018,0,0.0039,0,1,TN
주식회사태성엠에스텍,1348185752,2019,0,0.0309,1,0,FP
주식회사태성엠에스텍,1348185752,2020,1,0.5442,1,1,TP
주식회사영완,1348186028,2014,0,0.0008,0,1,TN
주식회사영완,1348186028,2015,0,1e-04,0,1,TN
주식회사영완,1348186028,2016,0,0.0007,0,1,TN
주식회사영완,1348186028,2017,0,0.0002,0,1,TN
주식회사영완,1348186028,2018,0,0.0002,0,1,TN
주식회사영완,1348186028,2019,0,0.0004,0,1,TN
주식회사영완,1348186028,2020,0,0.0003,0,1,TN
주식회사영완,1348186028,2021,0,0.0002,0,1,TN
주식회사영완,1348186028,2022,0,0.0002,0,1,TN
주식회사영완,1348186028,2023,0,0.0005,0,1,TN
주식회사영완,1348186028,2024,0,0.0073,0,1,TN
(주)원창금속,1348186066,2014,0,0.0013,0,1,TN
(주)원창금속,1348186066,2015,0,0.001,0,1,TN
(주)원창금속,1348186066,2016,0,0.0044,0,1,TN
(주)원창금속,1348186066,2017,0,0.0041,0,1,TN
(주)원창금속,1348186066,2018,0,0.006,0,1,TN
(주)원창금속,1348186066,2019,0,0.0021,0,1,TN
(주)원창금속,1348186066,2020,0,0.0098,0,1,TN
(주)원창금속,1348186066,2021,0,0.0329,1,0,FP
(주)원창금속,1348186066,2022,0,0.3927,1,0,FP
두루텍(주),1348186917,2021,0,0.0004,0,1,TN
두루텍(주),1348186917,2022,0,0.0005,0,1,TN
두루텍(주),1348186917,2023,0,0.1746,1,0,FP
두루텍(주),1348186917,2024,0,0.1572,1,0,FP
(주)우신열처리,1348187236,2017,0,0.0012,0,1,TN
(주)우신열처리,1348187236,2018,0,0.0054,0,1,TN
(주)우신열처리,1348187236,2019,0,0.0592,1,0,FP
(주)우신열처리,1348187236,2023,0,0.0175,0,1,TN
(주)우신열처리,1348187236,2024,0,0.0033,0,1,TN
주식회사예일하이테크,1348189573,2014,0,0.0012,0,1,TN
주식회사예일하이테크,1348189573,2015,0,0.0581,1,0,FP
주식회사예일하이테크,1348189573,2016,0,0.0024,0,1,TN
주식회사예일하이테크,1348189573,2017,0,0.0195,0,1,TN
주식회사예일하이테크,1348189573,2018,0,0.1234,1,0,FP
주식회사예일하이테크,1348189573,2019,0,0.0296,0,1,TN
주식회사예일하이테크,1348189573,2020,1,0.8715,1,1,TP
(주)세기정공,1348195435,2015,0,0.0004,0,1,TN
(주)세기정공,1348195435,2016,0,1e-04,0,1,TN
(주)세기정공,1348195435,2017,0,1e-04,0,1,TN
(주)세기정공,1348195435,2018,0,0.0003,0,1,TN
(주)세기정공,1348195435,2019,0,0.0017,0,1,TN
(주)세기정공,1348195435,2020,0,0.0018,0,1,TN
(주)세기정공,1348195435,2021,0,0.0003,0,1,TN
(주)세기정공,1348195435,2022,0,0.0003,0,1,TN
(주)세기정공,1348195435,2023,0,0.0003,0,1,TN
(주)디에프텍,1348196074,2014,0,0.0003,0,1,TN
(주)디에프텍,1348196074,2015,0,0.0003,0,1,TN
(주)디에프텍,1348196074,2016,0,1e-04,0,1,TN
(주)디에프텍,1348196074,2017,0,1e-04,0,1,TN
(주)디에프텍,1348196074,2018,0,0.0002,0,1,TN
(주)디에프텍,1348196074,2019,0,0.0003,0,1,TN
(주)디에프텍,1348196074,2020,0,0.0041,0,1,TN
(주)디에프텍,1348196074,2021,0,0.0366,1,0,FP
(주)디에프텍,1348196074,2022,0,0.024,0,1,TN
(주)디에프텍,1348196074,2023,1,0.0725,1,1,TP
유니웨이(주),1348197016,2014,1,0.4847,1,1,TP
주식회사비엠비산업,1348198863,2014,0,0.0003,0,1,TN
주식회사비엠비산업,1348198863,2015,0,0.0002,0,1,TN
주식회사비엠비산업,1348198863,2016,0,1e-04,0,1,TN
주식회사비엠비산업,1348198863,2017,0,0.0004,0,1,TN
주식회사비엠비산업,1348198863,2018,0,0.0024,0,1,TN
주식회사비엠비산업,1348198863,2019,0,0.0006,0,1,TN
주식회사비엠비산업,1348198863,2020,0,0.001,0,1,TN
주식회사비엠비산업,1348198863,2021,0,0.0011,0,1,TN
주식회사비엠비산업,1348198863,2022,0,0.0157,0,1,TN
주식회사비엠비산업,1348198863,2023,0,0.0022,0,1,TN
주식회사비엠비산업,1348198863,2024,0,0.0051,0,1,TN
신성컨트롤주식회사,1348605772,2014,0,0.0134,0,1,TN
신성컨트롤주식회사,1348605772,2015,0,0.0044,0,1,TN
신성컨트롤주식회사,1348605772,2016,0,0.0037,0,1,TN
신성컨트롤주식회사,1348605772,2017,0,0.0311,1,0,FP
신성컨트롤주식회사,1348605772,2018,0,0.0086,0,1,TN
신성컨트롤주식회사,1348605772,2019,0,0.0144,0,1,TN
신성컨트롤주식회사,1348605772,2020,0,0.0166,0,1,TN
신성컨트롤주식회사,1348605772,2021,0,0.028,0,1,TN
신성컨트롤주식회사,1348605772,2022,0,0.1013,1,0,FP
신성컨트롤주식회사,1348605772,2023,0,0.0162,0,1,TN
신성컨트롤주식회사,1348605772,2024,0,0.4474,1,0,FP
주식회사엘림,1348607708,2014,0,0.0007,0,1,TN
주식회사엘림,1348607708,2015,0,0.0002,0,1,TN
주식회사엘림,1348607708,2016,0,0.0008,0,1,TN
주식회사엘림,1348607708,2017,0,0.0003,0,1,TN
주식회사엘림,1348607708,2018,0,0.0004,0,1,TN
주식회사엘림,1348607708,2019,0,0.0007,0,1,TN
주식회사엘림,1348607708,2020,0,0.001,0,1,TN
주식회사엘림,1348607708,2021,0,0.0219,0,1,TN
주식회사엘림,1348607708,2022,0,0.0031,0,1,TN
주식회사엘림,1348607708,2023,0,0.0082,0,1,TN
주식회사엘림,1348607708,2024,0,0.0102,0,1,TN
인텍전자(주),1348609706,2014,0,0.0454,1,0,FP
(주)에이.티.아이,1348612399,2014,0,0.0013,0,1,TN
(주)에이.티.아이,1348612399,2015,0,0.0004,0,1,TN
(주)에이.티.아이,1348612399,2016,0,0.0003,0,1,TN
(주)에이.티.아이,1348612399,2017,0,0.0004,0,1,TN
(주)에이.티.아이,1348612399,2018,0,0.0008,0,1,TN
(주)에이.티.아이,1348612399,2019,0,0.0005,0,1,TN
(주)에이.티.아이,1348612399,2020,0,0.0014,0,1,TN
(주)에이.티.아이,1348612399,2021,0,0.0023,0,1,TN
(주)에이.티.아이,1348612399,2022,0,0.1058,1,0,FP
(주)에이.티.아이,1348612399,2023,0,0.0062,0,1,TN
(주)에이.티.아이,1348612399,2024,0,0.0191,0,1,TN
주식회사그린에어텍,1348612424,2015,0,0.0012,0,1,TN
주식회사그린에어텍,1348612424,2016,0,0.0007,0,1,TN
주식회사그린에어텍,1348612424,2017,0,0.0035,0,1,TN
주식회사그린에어텍,1348612424,2018,0,0.0028,0,1,TN
주식회사그린에어텍,1348612424,2019,0,0.1596,1,0,FP
주식회사그린에어텍,1348612424,2023,0,0.0036,0,1,TN
주식회사그린에어텍,1348612424,2024,0,0.0024,0,1,TN
(주)대한강재,1348613350,2014,0,0.0016,0,1,TN
(주)대한강재,1348613350,2015,0,0.0005,0,1,TN
(주)대한강재,1348613350,2016,0,0.0004,0,1,TN
(주)대한강재,1348613350,2017,0,0.0005,0,1,TN
(주)대한강재,1348613350,2018,0,0.0006,0,1,TN
(주)대한강재,1348613350,2019,0,0.0004,0,1,TN
(주)대한강재,1348613350,2020,0,0.0198,0,1,TN
(주)대한강재,1348613350,2021,0,0.1345,1,0,FP
(주)대한강재,1348613350,2022,0,0.029,0,1,TN
(주)대한강재,1348613350,2023,0,0.0446,1,0,FP
(주)대한강재,1348613350,2024,0,0.052,1,0,FP
(주)신승이앤씨,1348614738,2020,0,0.0009,0,1,TN
(주)신승이앤씨,1348614738,2021,0,0.0026,0,1,TN
(주)신승이앤씨,1348614738,2022,0,0.0385,1,0,FP
(주)신승이앤씨,1348614738,2023,0,0.0031,0,1,TN
(주)신승이앤씨,1348614738,2024,0,0.002,0,1,TN
성호티에스(주),1348620905,2014,0,0.0008,0,1,TN
성호티에스(주),1348620905,2015,0,0.0458,1,0,FP
성호티에스(주),1348620905,2016,0,0.0032,0,1,TN
성호티에스(주),1348620905,2017,0,0.0049,0,1,TN
성호티에스(주),1348620905,2018,0,0.002,0,1,TN
성호티에스(주),1348620905,2019,0,0.0012,0,1,TN
성호티에스(주),1348620905,2020,0,0.0014,0,1,TN
성호티에스(주),1348620905,2021,0,0.001,0,1,TN
성호티에스(주),1348620905,2022,0,0.013,0,1,TN
성호티에스(주),1348620905,2023,0,0.1467,1,0,FP
성호티에스(주),1348620905,2024,0,0.0026,0,1,TN
(주)효진,1348628004,2014,0,0.0007,0,1,TN
(주)효진,1348628004,2015,0,0.0002,0,1,TN
(주)효진,1348628004,2016,0,1e-04,0,1,TN
(주)효진,1348628004,2017,0,1e-04,0,1,TN
(주)효진,1348628004,2018,0,0.0002,0,1,TN
(주)효진,1348628004,2019,0,0.0002,0,1,TN
(주)효진,1348628004,2020,0,0.0007,0,1,TN
(주)효진,1348628004,2021,0,0.0017,0,1,TN
(주)효진,1348628004,2022,0,0.0003,0,1,TN
(주)효진,1348628004,2023,0,0.0005,0,1,TN
(주)효진,1348628004,2024,0,0.0082,0,1,TN
(주)서영산업,1348628722,2016,0,0.0011,0,1,TN
(주)서영산업,1348628722,2017,0,0.0009,0,1,TN
(주)서영산업,1348628722,2018,0,0.0008,0,1,TN
(주)서영산업,1348628722,2019,0,0.0014,0,1,TN
(주)서영산업,1348628722,2020,0,0.0038,0,1,TN
(주)서영산업,1348628722,2021,0,0.0008,0,1,TN
(주)서영산업,1348628722,2022,0,0.001,0,1,TN
(주)서영산업,1348628722,2023,0,0.0004,0,1,TN
(주)서영산업,1348628722,2024,0,0.0006,0,1,TN
미래휀스주식회사,1348642291,2016,0,0.0005,0,1,TN
미래휀스주식회사,1348642291,2017,0,1e-04,0,1,TN
미래휀스주식회사,1348642291,2018,0,0.0003,0,1,TN
미래휀스주식회사,1348642291,2019,0,0.0002,0,1,TN
미래휀스주식회사,1348642291,2020,0,0.0005,0,1,TN
신기주식회사,1348642743,2022,0,0.0007,0,1,TN
신기주식회사,1348642743,2023,0,0.0012,0,1,TN
신기주식회사,1348642743,2024,0,0.0019,0,1,TN
주식회사에스케이씨,1348644421,2016,0,0.0008,0,1,TN
주식회사에스케이씨,1348644421,2017,0,0.0002,0,1,TN
주식회사에스케이씨,1348644421,2018,0,0.0084,0,1,TN
주식회사에스케이씨,1348644421,2019,0,0.0041,0,1,TN
주식회사에스케이씨,1348644421,2020,0,0.0115,0,1,TN
주식회사에스케이씨,1348644421,2021,0,0.0291,0,1,TN
주식회사에스케이씨,1348644421,2022,0,0.1368,1,0,FP
주식회사에스케이씨,1348644421,2023,0,0.0219,0,1,TN
주식회사에스케이씨,1348644421,2024,0,0.0073,0,1,TN
주식회사제이엔피,1348651596,2014,0,0.0002,0,1,TN
델타스틸(주),1348656266,2016,0,0.0008,0,1,TN
델타스틸(주),1348656266,2017,0,0.0214,0,1,TN
델타스틸(주),1348656266,2018,0,0.0013,0,1,TN
델타스틸(주),1348656266,2019,0,0.0023,0,1,TN
델타스틸(주),1348656266,2020,0,0.0031,0,1,TN
델타스틸(주),1348656266,2021,0,0.0006,0,1,TN
델타스틸(주),1348656266,2022,0,0.0017,0,1,TN
델타스틸(주),1348656266,2023,0,0.0005,0,1,TN
델타스틸(주),1348656266,2024,0,0.0006,0,1,TN
주식회사대열비엔에스,1348657149,2016,0,0.0032,0,1,TN
주식회사대열비엔에스,1348657149,2017,0,0.0021,0,1,TN
주식회사대열비엔에스,1348657149,2018,0,0.0076,0,1,TN
주식회사대열비엔에스,1348657149,2019,0,0.0008,0,1,TN
주식회사대열비엔에스,1348657149,2020,0,0.0005,0,1,TN
주식회사제일티스틸,1348658323,2017,0,0.0006,0,1,TN
주식회사제일티스틸,1348658323,2018,0,0.0004,0,1,TN
주식회사제일티스틸,1348658323,2019,0,0.0651,1,0,FP
주식회사제일티스틸,1348658323,2020,0,0.0035,0,1,TN
주식회사제일티스틸,1348658323,2021,0,0.004,0,1,TN
주식회사제일티스틸,1348658323,2022,0,0.0529,1,0,FP
주식회사제일티스틸,1348658323,2023,0,0.0639,1,0,FP
주식회사제일티스틸,1348658323,2024,1,0.3409,1,1,TP
칠칠기업(주),1348663525,2018,0,0.0013,0,1,TN
칠칠기업(주),1348663525,2019,0,0.0081,0,1,TN
칠칠기업(주),1348663525,2023,0,0.0156,0,1,TN
칠칠기업(주),1348663525,2024,0,0.0069,0,1,TN
(주)메인텍,1348664918,2018,0,0.0019,0,1,TN
(주)메인텍,1348664918,2019,0,0.0007,0,1,TN
(주)메인텍,1348664918,2020,0,0.0034,0,1,TN
(주)메인텍,1348664918,2021,0,0.0334,1,0,FP
(주)메인텍,1348664918,2022,0,0.0026,0,1,TN
(주)메인텍,1348664918,2023,0,0.0018,0,1,TN
(주)메인텍,1348664918,2024,0,0.0014,0,1,TN
(주)연일하이피,1348667410,2014,0,0.0045,0,1,TN
(주)연일하이피,1348667410,2015,0,0.002,0,1,TN
(주)연일하이피,1348667410,2016,0,0.0013,0,1,TN
(주)연일하이피,1348667410,2018,0,0.0044,0,1,TN
(주)연일하이피,1348667410,2019,0,0.0019,0,1,TN
(주)정광,1348671379,2015,0,0.0011,0,1,TN
(주)정광,1348671379,2016,0,0.002,0,1,TN
(주)정광,1348671379,2017,0,0.0059,0,1,TN
(주)정광,1348671379,2018,0,0.0024,0,1,TN
(주)정광,1348671379,2019,0,0.0023,0,1,TN
(주)정광,1348671379,2020,0,0.0026,0,1,TN
(주)정광,1348671379,2021,0,0.009,0,1,TN
(주)정광,1348671379,2022,0,0.002,0,1,TN
(주)정광,1348671379,2023,0,0.0057,0,1,TN
(주)정광,1348671379,2024,0,0.0081,0,1,TN
현대기계산업주식회사,1348675958,2014,0,0.002,0,1,TN
현대기계산업주식회사,1348675958,2015,1,0.6687,1,1,TP
(주)에스티커넥션,1348684229,2016,0,0.0038,0,1,TN
(주)에스티커넥션,1348684229,2017,0,0.0358,1,0,FP
(주)에스티커넥션,1348684229,2018,1,0.9521,1,1,TP
(주)대광,1348688133,2014,0,0.0056,0,1,TN
(주)대광,1348688133,2015,0,0.0023,0,1,TN
(주)대광,1348688133,2016,0,0.0007,0,1,TN
(주)대광,1348688133,2017,0,1e-04,0,1,TN
(주)대광,1348688133,2018,0,0.0002,0,1,TN
(주)대광,1348688133,2019,0,0.0017,0,1,TN
(주)대광,1348688133,2020,0,0.0331,1,0,FP
(주)대광,1348688133,2021,0,0.0011,0,1,TN
(주)대광,1348688133,2022,0,0.0004,0,1,TN
(주)대광,1348688133,2023,0,0.0032,0,1,TN
(주)대광,1348688133,2024,0,0.1461,1,0,FP
우창산업건설(주),1348689729,2018,0,0.0005,0,1,TN
우창산업건설(주),1348689729,2019,0,1e-04,0,1,TN
우창산업건설(주),1348689729,2020,0,0.0006,0,1,TN
우창산업건설(주),1348689729,2021,0,0.0003,0,1,TN
우창산업건설(주),1348689729,2022,0,0.0006,0,1,TN
우창산업건설(주),1348689729,2023,0,0.0008,0,1,TN
우창산업건설(주),1348689729,2024,0,0.004,0,1,TN
(주)한창,1348689864,2020,0,0.0006,0,1,TN
(주)한창,1348689864,2021,0,1e-04,0,1,TN
(주)한창,1348689864,2022,0,0.0004,0,1,TN
(주)한창,1348689864,2023,0,0.0019,0,1,TN
(주)한창,1348689864,2024,0,0.0113,0,1,TN
(주)대영공업,1348703238,2018,0,0.0003,0,1,TN
(주)대영공업,1348703238,2019,0,1e-04,0,1,TN
(주)대영공업,1348703238,2020,0,0.0007,0,1,TN
(주)대영공업,1348703238,2021,0,0.0002,0,1,TN
(주)대영공업,1348703238,2022,0,0.0004,0,1,TN
(주)대영공업,1348703238,2023,0,1e-04,0,1,TN
(주)대영공업,1348703238,2024,0,0.0004,0,1,TN
(주)엠에프테크,1348709251,2017,0,0.0006,0,1,TN
(주)엠에프테크,1348709251,2018,0,0.0003,0,1,TN
(주)엠에프테크,1348709251,2022,0,0.0013,0,1,TN
(주)엠에프테크,1348709251,2023,0,0.0174,0,1,TN
(주)엠에프테크,1348709251,2024,0,0.1371,1,0,FP
(주)에이치디피,1348720014,2017,0,0.0006,0,1,TN
(주)에이치디피,1348720014,2018,0,0.0058,0,1,TN
(주)에이치디피,1348720014,2019,0,0.004,0,1,TN
(주)에이치디피,1348720014,2020,0,0.0318,1,0,FP
주식회사민현,1348724631,2020,0,0.0014,0,1,TN
주식회사민현,1348724631,2021,0,0.0005,0,1,TN
주식회사민현,1348724631,2022,0,0.0023,0,1,TN
주식회사민현,1348724631,2023,0,0.0029,0,1,TN
주식회사민현,1348724631,2024,0,0.0088,0,1,TN
(주)셰프라인,1358103049,2014,0,0.14,1,0,FP
(주)셰프라인,1358103049,2015,1,0.96,1,1,TP
기린정밀공업(주),1358116239,2014,0,0.0119,0,1,TN
기린정밀공업(주),1358116239,2015,0,0.0169,0,1,TN
기린정밀공업(주),1358116239,2016,0,0.0318,1,0,FP
기린정밀공업(주),1358116239,2017,0,0.0074,0,1,TN
기린정밀공업(주),1358116239,2018,0,0.0026,0,1,TN
기린정밀공업(주),1358116239,2019,0,0.0008,0,1,TN
기린정밀공업(주),1358116239,2020,0,0.002,0,1,TN
기린정밀공업(주),1358116239,2021,0,0.0309,1,0,FP
기린정밀공업(주),1358116239,2022,0,0.6075,1,0,FP
기린정밀공업(주),1358116239,2023,0,0.0215,0,1,TN
기린정밀공업(주),1358116239,2024,0,0.0098,0,1,TN
(주)성창베네피나,1358117354,2014,1,0.6608,1,1,TP
주식회사뉴엠텍,1358187700,2018,0,0.0003,0,1,TN
주식회사뉴엠텍,1358187700,2019,0,1e-04,0,1,TN
주식회사뉴엠텍,1358187700,2021,0,0.0006,0,1,TN
주식회사뉴엠텍,1358187700,2022,0,0.0005,0,1,TN
주식회사뉴엠텍,1358187700,2023,0,0.0007,0,1,TN
주식회사뉴엠텍,1358187700,2024,0,0.0027,0,1,TN
썬프로로시스템코리아주식회사,1358624340,2016,0,0.0006,0,1,TN
썬프로로시스템코리아주식회사,1358624340,2017,0,1e-04,0,1,TN
썬프로로시스템코리아주식회사,1358624340,2018,0,0.0004,0,1,TN
썬프로로시스템코리아주식회사,1358624340,2019,0,0.0002,0,1,TN
썬프로로시스템코리아주식회사,1358624340,2020,0,0.004,0,1,TN
썬프로로시스템코리아주식회사,1358624340,2021,0,1e-04,0,1,TN
썬프로로시스템코리아주식회사,1358624340,2022,0,0.0011,0,1,TN
썬프로로시스템코리아주식회사,1358624340,2023,0,0.0005,0,1,TN
썬프로로시스템코리아주식회사,1358624340,2024,0,0.0002,0,1,TN
피스템코주식회사,1358624772,2014,0,0.0067,0,1,TN
피스템코주식회사,1358624772,2015,0,0.0178,0,1,TN
피스템코주식회사,1358624772,2016,0,0.0076,0,1,TN
피스템코주식회사,1358624772,2017,0,0.0012,0,1,TN
피스템코주식회사,1358624772,2018,0,0.1294,1,0,FP
피스템코주식회사,1358624772,2019,0,0.0136,0,1,TN
피스템코주식회사,1358624772,2020,0,0.0135,0,1,TN
피스템코주식회사,1358624772,2021,0,0.0087,0,1,TN
피스템코주식회사,1358624772,2022,0,0.0025,0,1,TN
피스템코주식회사,1358624772,2023,0,0.4181,1,0,FP
피스템코주식회사,1358624772,2024,0,0.5453,1,0,FP
주식회사아델스,1358640734,2021,0,0.0008,0,1,TN
주식회사아델스,1358640734,2022,0,0.0019,0,1,TN
주식회사아델스,1358640734,2023,0,0.001,0,1,TN
주식회사아델스,1358640734,2024,0,0.0005,0,1,TN
청우정밀주식회사,1358641859,2022,0,0.0009,0,1,TN
청우정밀주식회사,1358641859,2023,0,0.0002,0,1,TN
청우정밀주식회사,1358641859,2024,0,0.0007,0,1,TN
주식회사한송M&T,1358649074,2014,0,0.0014,0,1,TN
주식회사한송M&T,1358649074,2015,0,0.0007,0,1,TN
주식회사한송M&T,1358649074,2016,0,0.0016,0,1,TN
주식회사한송M&T,1358649074,2017,0,0.0016,0,1,TN
주식회사한송M&T,1358649074,2018,0,0.0012,0,1,TN
주식회사한송M&T,1358649074,2019,0,0.0029,0,1,TN
주식회사한송M&T,1358649074,2020,0,0.0074,0,1,TN
주식회사한송M&T,1358649074,2021,0,0.0004,0,1,TN
주식회사한송M&T,1358649074,2022,0,0.0004,0,1,TN
주식회사한송M&T,1358649074,2023,0,0.0046,0,1,TN
주식회사한송M&T,1358649074,2024,0,0.1461,1,0,FP
주식회사범구,1368100462,2014,0,0.0057,0,1,TN
주식회사범구,1368100462,2015,0,0.0008,0,1,TN
주식회사범구,1368100462,2016,0,0.0005,0,1,TN
주식회사범구,1368100462,2017,0,0.0006,0,1,TN
주식회사범구,1368100462,2018,0,0.0006,0,1,TN
주식회사범구,1368100462,2019,0,0.0003,0,1,TN
주식회사범구,1368100462,2020,0,0.0228,0,1,TN
주식회사범구,1368100462,2021,0,0.0003,0,1,TN
주식회사범구,1368100462,2022,0,0.0002,0,1,TN
주식회사범구,1368100462,2023,0,0.0004,0,1,TN
주식회사범구,1368100462,2024,0,0.0294,0,1,TN
(주)이화,1368101063,2014,0,0.0004,0,1,TN
(주)이화,1368101063,2015,0,0.0002,0,1,TN
(주)이화,1368101063,2016,0,0.0175,0,1,TN
(주)이화,1368101063,2017,0,0.0004,0,1,TN
(주)이화,1368101063,2018,0,0.0005,0,1,TN
(주)이화,1368101063,2019,0,0.0012,0,1,TN
(주)이화,1368101063,2020,0,0.0018,0,1,TN
(주)이화,1368101063,2021,0,0.0003,0,1,TN
(주)이화,1368101063,2022,0,0.0004,0,1,TN
(주)이화,1368101063,2023,0,0.0004,0,1,TN
(주)이화,1368101063,2024,0,0.0003,0,1,TN
태양트레이(주),1368102984,2014,0,0.0037,0,1,TN
태양트레이(주),1368102984,2015,0,0.0005,0,1,TN
태양트레이(주),1368102984,2016,0,0.0007,0,1,TN
태양트레이(주),1368102984,2017,0,0.012,0,1,TN
태양트레이(주),1368102984,2018,0,0.0018,0,1,TN
태양트레이(주),1368102984,2019,0,0.0005,0,1,TN
태양트레이(주),1368102984,2020,0,0.0009,0,1,TN
태양트레이(주),1368102984,2021,0,0.0194,0,1,TN
태양트레이(주),1368102984,2022,0,0.0009,0,1,TN
태양트레이(주),1368102984,2023,0,0.0006,0,1,TN
태양트레이(주),1368102984,2024,0,1e-04,0,1,TN
월드브리지산업(주),1368106336,2015,0,0.0072,0,1,TN
월드브리지산업(주),1368106336,2016,0,0.0009,0,1,TN
월드브리지산업(주),1368106336,2017,0,0.0074,0,1,TN
월드브리지산업(주),1368106336,2018,0,0.014,0,1,TN
월드브리지산업(주),1368106336,2019,0,0.0006,0,1,TN
월드브리지산업(주),1368106336,2020,0,0.0004,0,1,TN
월드브리지산업(주),1368106336,2021,0,0.0002,0,1,TN
월드브리지산업(주),1368106336,2022,0,0.0002,0,1,TN
월드브리지산업(주),1368106336,2023,0,0.0143,0,1,TN
월드브리지산업(주),1368106336,2024,0,0.0003,0,1,TN
남도전기공업(주),1368106845,2022,0,0.0019,0,1,TN
남도전기공업(주),1368106845,2023,0,0.0005,0,1,TN
남도전기공업(주),1368106845,2024,0,0.0012,0,1,TN
(주)덕신이피씨,1368109463,2014,0,0.0002,0,1,TN
(주)덕신이피씨,1368109463,2015,0,0.0004,0,1,TN
(주)덕신이피씨,1368109463,2016,0,0.0144,0,1,TN
(주)덕신이피씨,1368109463,2017,0,0.0007,0,1,TN
(주)덕신이피씨,1368109463,2018,0,0.0003,0,1,TN
(주)덕신이피씨,1368109463,2019,0,0.0004,0,1,TN
(주)덕신이피씨,1368109463,2020,0,0.0091,0,1,TN
(주)덕신이피씨,1368109463,2021,0,0.0009,0,1,TN
(주)덕신이피씨,1368109463,2022,0,0.0007,0,1,TN
(주)덕신이피씨,1368109463,2023,0,0.0006,0,1,TN
(주)덕신이피씨,1368109463,2024,0,0.0003,0,1,TN
주식회사공영기연,1368111713,2014,0,0.0002,0,1,TN
주식회사금성하이텍,1368112522,2014,0,0.0021,0,1,TN
주식회사금성하이텍,1368112522,2015,0,0.1228,1,0,FP
주식회사금성하이텍,1368112522,2016,0,0.0019,0,1,TN
주식회사금성하이텍,1368112522,2017,0,0.0027,0,1,TN
주식회사금성하이텍,1368112522,2018,0,0.0482,1,0,FP
주식회사금성하이텍,1368112522,2020,0,0.0734,1,0,FP
주식회사금성하이텍,1368112522,2021,1,0.8072,1,1,TP
(주)강산엔텍,1368114710,2020,0,0.0007,0,1,TN
(주)강산엔텍,1368114710,2021,0,0.0006,0,1,TN
(주)강산엔텍,1368114710,2022,0,0.0053,0,1,TN
(주)강산엔텍,1368114710,2023,0,0.0035,0,1,TN
(주)누리플랜,1368116116,2014,1,0.4199,1,1,TP
(주)프론텍,1368118128,2014,0,0.0042,0,1,TN
(주)프론텍,1368118128,2015,0,0.0007,0,1,TN
(주)프론텍,1368118128,2016,0,0.0016,0,1,TN
(주)프론텍,1368118128,2017,0,0.0079,0,1,TN
(주)프론텍,1368118128,2018,0,0.0032,0,1,TN
(주)프론텍,1368118128,2019,0,0.0018,0,1,TN
(주)프론텍,1368118128,2020,0,0.0184,0,1,TN
(주)프론텍,1368118128,2021,0,0.2014,1,0,FP
(주)프론텍,1368118128,2022,0,0.0045,0,1,TN
(주)프론텍,1368118128,2023,0,0.0945,1,0,FP
(주)프론텍,1368118128,2024,0,0.0188,0,1,TN
삼우플랜트(주),1368119239,2014,1,0.9018,1,1,TP
주식회사한산엘테크,1368119428,2017,0,0.0006,0,1,TN
주식회사한산엘테크,1368119428,2018,0,0.0003,0,1,TN
주식회사한산엘테크,1368119428,2019,0,0.0073,0,1,TN
주식회사한산엘테크,1368119428,2020,0,0.1512,1,0,FP
주식회사한산엘테크,1368119428,2021,0,0.0009,0,1,TN
주식회사한산엘테크,1368119428,2022,0,0.0006,0,1,TN
주식회사한산엘테크,1368119428,2023,0,0.0005,0,1,TN
주식회사한산엘테크,1368119428,2024,0,0.0007,0,1,TN
주식회사코뿔소,1368119812,2014,0,0.0025,0,1,TN
주식회사코뿔소,1368119812,2015,0,0.0014,0,1,TN
주식회사코뿔소,1368119812,2016,0,0.0011,0,1,TN
주식회사코뿔소,1368119812,2017,0,0.0042,0,1,TN
주식회사코뿔소,1368119812,2018,0,0.001,0,1,TN
주식회사코뿔소,1368119812,2019,0,0.0027,0,1,TN
주식회사코뿔소,1368119812,2020,0,0.0037,0,1,TN
주식회사코뿔소,1368119812,2021,0,0.0048,0,1,TN
주식회사코뿔소,1368119812,2022,0,0.0003,0,1,TN
주식회사코뿔소,1368119812,2023,0,0.0002,0,1,TN
주식회사코뿔소,1368119812,2024,0,0.0007,0,1,TN
연안알루미늄(주),1368121623,2014,0,0.004,0,1,TN
연안알루미늄(주),1368121623,2015,0,0.0005,0,1,TN
연안알루미늄(주),1368121623,2016,0,0.0014,0,1,TN
연안알루미늄(주),1368121623,2017,0,0.0521,1,0,FP
연안알루미늄(주),1368121623,2018,0,0.0129,0,1,TN
연안알루미늄(주),1368121623,2019,0,0.0036,0,1,TN
연안알루미늄(주),1368121623,2020,0,0.0209,0,1,TN
연안알루미늄(주),1368121623,2021,0,0.111,1,0,FP
연안알루미늄(주),1368121623,2022,0,0.0005,0,1,TN
연안알루미늄(주),1368121623,2023,0,0.0615,1,0,FP
연안알루미늄(주),1368121623,2024,0,0.1969,1,0,FP
건설철강(주),1368121981,2014,0,0.0007,0,1,TN
건설철강(주),1368121981,2015,0,0.0008,0,1,TN
건설철강(주),1368121981,2016,0,0.0057,0,1,TN
건설철강(주),1368121981,2017,0,0.0166,0,1,TN
건설철강(주),1368121981,2018,0,0.0043,0,1,TN
건설철강(주),1368121981,2019,0,0.0062,0,1,TN
건설철강(주),1368121981,2020,0,0.0034,0,1,TN
건설철강(주),1368121981,2021,0,0.005,0,1,TN
건설철강(주),1368121981,2022,0,0.0015,0,1,TN
건설철강(주),1368121981,2023,0,0.0041,0,1,TN
건설철강(주),1368121981,2024,0,0.001,0,1,TN
(주)세림철탑산업,1368122262,2014,0,0.0009,0,1,TN
(주)세림철탑산업,1368122262,2015,0,0.0003,0,1,TN
(주)세림철탑산업,1368122262,2017,0,0.0009,0,1,TN
(주)세림철탑산업,1368122262,2018,0,0.0033,0,1,TN
(주)세림철탑산업,1368122262,2019,0,0.0045,0,1,TN
(주)세림철탑산업,1368122262,2020,0,0.0029,0,1,TN
(주)세림철탑산업,1368122262,2021,0,0.0008,0,1,TN
(주)세림철탑산업,1368122262,2022,0,0.0014,0,1,TN
(주)세림철탑산업,1368122262,2023,0,0.0119,0,1,TN
(주)세림철탑산업,1368122262,2024,0,0.0051,0,1,TN
(주)용진스테코,1368125158,2014,0,0.0046,0,1,TN
(주)용진스테코,1368125158,2015,0,0.0255,0,1,TN
(주)용진스테코,1368125158,2016,0,0.0017,0,1,TN
(주)용진스테코,1368125158,2017,0,0.0021,0,1,TN
(주)용진스테코,1368125158,2018,0,0.0011,0,1,TN
(주)용진스테코,1368125158,2019,0,0.0006,0,1,TN
(주)용진스테코,1368125158,2020,0,0.0036,0,1,TN
(주)용진스테코,1368125158,2021,0,0.001,0,1,TN
(주)용진스테코,1368125158,2022,0,0.0006,0,1,TN
(주)용진스테코,1368125158,2023,0,0.0008,0,1,TN
(주)용진스테코,1368125158,2024,0,0.0011,0,1,TN
세유특강주식회사,1368126142,2014,0,0.002,0,1,TN
세유특강주식회사,1368126142,2015,0,0.0006,0,1,TN
세유특강주식회사,1368126142,2016,0,0.0006,0,1,TN
세유특강주식회사,1368126142,2017,0,0.002,0,1,TN
세유특강주식회사,1368126142,2018,0,0.0004,0,1,TN
세유특강주식회사,1368126142,2021,0,0.0004,0,1,TN
세유특강주식회사,1368126142,2022,0,0.0002,0,1,TN
세유특강주식회사,1368126142,2023,0,0.0639,1,0,FP
세유특강주식회사,1368126142,2024,0,0.0966,1,0,FP
주식회사카라신,1368128801,2014,0,0.0004,0,1,TN
주식회사카라신,1368128801,2015,0,0.0002,0,1,TN
주식회사카라신,1368128801,2016,0,0.0013,0,1,TN
주식회사카라신,1368128801,2017,0,0.0323,1,0,FP
주식회사카라신,1368128801,2018,0,0.1396,1,0,FP
주식회사카라신,1368128801,2019,1,0.4885,1,1,TP
(주)승일,1378101955,2014,0,0.0002,0,1,TN
(주)승일,1378101955,2015,0,0.0003,0,1,TN
(주)승일,1378101955,2016,0,0.0002,0,1,TN
(주)승일,1378101955,2017,0,0.0004,0,1,TN
(주)승일,1378101955,2018,0,0.0008,0,1,TN
(주)승일,1378101955,2019,0,0.0089,0,1,TN
(주)승일,1378101955,2020,0,0.0125,0,1,TN
(주)승일,1378101955,2021,0,0.0004,0,1,TN
(주)승일,1378101955,2022,0,0.0113,0,1,TN
(주)승일,1378101955,2023,0,0.0223,0,1,TN
(주)승일,1378101955,2024,0,0.0044,0,1,TN
대지금속(주),1378104331,2014,0,0.0021,0,1,TN
대지금속(주),1378104331,2015,0,0.0012,0,1,TN
주식회사한광옵토,1378106794,2014,0,0.1894,1,0,FP
주식회사한광옵토,1378106794,2015,1,0.6398,1,1,TP
대흥기계단조주식회사,1378111152,2014,0,1e-04,0,1,TN
대흥기계단조주식회사,1378111152,2015,0,0.0005,0,1,TN
대흥기계단조주식회사,1378111152,2016,0,0.0003,0,1,TN
대흥기계단조주식회사,1378111152,2017,0,0.0004,0,1,TN
대흥기계단조주식회사,1378111152,2018,0,0.0003,0,1,TN
대흥기계단조주식회사,1378111152,2019,0,0.0002,0,1,TN
대흥기계단조주식회사,1378111152,2020,0,0.0005,0,1,TN
대흥기계단조주식회사,1378111152,2021,0,0.0003,0,1,TN
대흥기계단조주식회사,1378111152,2022,0,1e-04,0,1,TN
대흥기계단조주식회사,1378111152,2023,0,0.0005,0,1,TN
대흥기계단조주식회사,1378111152,2024,0,0.0002,0,1,TN
대원디씨,1378111166,2014,0,0.0469,1,0,FP
대원디씨,1378111166,2015,0,0.0032,0,1,TN
대원디씨,1378111166,2016,0,0.0014,0,1,TN
대원디씨,1378111166,2017,0,0.0674,1,0,FP
대원디씨,1378111166,2018,0,0.0079,0,1,TN
대원디씨,1378111166,2019,0,0.0012,0,1,TN
대원디씨,1378111166,2020,0,0.0098,0,1,TN
대원디씨,1378111166,2021,0,0.0006,0,1,TN
대원디씨,1378111166,2022,0,0.0004,0,1,TN
대원디씨,1378111166,2023,0,0.0002,0,1,TN
대원디씨,1378111166,2024,0,0.0005,0,1,TN
성화금속(주),1378115333,2014,0,0.0227,0,1,TN
성화금속(주),1378115333,2015,0,0.0031,0,1,TN
성화금속(주),1378115333,2016,0,0.0012,0,1,TN
성화금속(주),1378115333,2017,0,1e-04,0,1,TN
성화금속(주),1378115333,2018,0,0.0004,0,1,TN
성화금속(주),1378115333,2019,0,0.0005,0,1,TN
성화금속(주),1378115333,2020,0,0.0041,0,1,TN
성화금속(주),1378115333,2021,0,0.0208,0,1,TN
성화금속(주),1378115333,2022,0,0.0033,0,1,TN
성화금속(주),1378115333,2023,0,0.126,1,0,FP
성화금속(주),1378115333,2024,1,0.2376,1,1,TP
(주)대우볼트,1378119023,2014,0,0.0418,1,0,FP
(주)대우볼트,1378119023,2015,0,0.0044,0,1,TN
(주)대우볼트,1378119023,2016,0,0.0007,0,1,TN
(주)대우볼트,1378119023,2017,0,0.0024,0,1,TN
(주)대우볼트,1378119023,2018,0,0.0026,0,1,TN
(주)대우볼트,1378119023,2019,0,0.0007,0,1,TN
(주)대우볼트,1378119023,2020,0,0.0041,0,1,TN
(주)대우볼트,1378119023,2021,0,0.0005,0,1,TN
(주)대우볼트,1378119023,2022,0,0.0002,0,1,TN
(주)대우볼트,1378119023,2023,0,0.0021,0,1,TN
(주)대우볼트,1378119023,2024,0,0.0036,0,1,TN
(주)포인트엔지니어링,1378120438,2014,0,0.0024,0,1,TN
(주)포인트엔지니어링,1378120438,2015,0,0.0004,0,1,TN
(주)포인트엔지니어링,1378120438,2016,0,0.0006,0,1,TN
(주)드림셰프,1378123468,2014,0,0.0019,0,1,TN
(주)드림셰프,1378123468,2018,0,0.0003,0,1,TN
(주)드림셰프,1378123468,2019,0,0.0003,0,1,TN
(주)드림셰프,1378123468,2020,0,0.0044,0,1,TN
(주)드림셰프,1378123468,2021,0,0.0278,0,1,TN
(주)드림셰프,1378123468,2022,0,0.0623,1,0,FP
(주)드림셰프,1378123468,2023,1,0.857,1,1,TP
(주)코리아테크,1378129083,2014,0,1e-04,0,1,TN
(주)코리아테크,1378129083,2015,0,1e-04,0,1,TN
(주)코리아테크,1378129083,2016,0,0.0138,0,1,TN
(주)코리아테크,1378129083,2017,0,0.002,0,1,TN
(주)코리아테크,1378129083,2018,0,0.0056,0,1,TN
(주)코리아테크,1378129083,2019,0,0.0098,0,1,TN
(주)코리아테크,1378129083,2020,1,0.7509,1,1,TP
동경금속(주),1378129399,2014,0,0.0002,0,1,TN
동경금속(주),1378129399,2015,0,0.0003,0,1,TN
동경금속(주),1378129399,2020,0,0.0047,0,1,TN
동경금속(주),1378129399,2021,0,0.0155,0,1,TN
동경금속(주),1378129399,2022,0,0.0014,0,1,TN
동경금속(주),1378129399,2023,0,0.0008,0,1,TN
동경금속(주),1378129399,2024,0,0.0002,0,1,TN
주식회사보령금속,1378130178,2015,0,0.0004,0,1,TN
주식회사보령금속,1378130178,2016,0,0.0005,0,1,TN
주식회사보령금속,1378130178,2017,0,0.0017,0,1,TN
(주)봉영,1378131478,2016,0,0.0017,0,1,TN
(주)봉영,1378131478,2017,0,0.0004,0,1,TN
(주)봉영,1378131478,2018,0,0.002,0,1,TN
(주)봉영,1378131478,2019,0,0.0055,0,1,TN
(주)봉영,1378131478,2020,0,0.004,0,1,TN
(주)봉영,1378131478,2021,0,0.0074,0,1,TN
(주)봉영,1378131478,2022,0,0.0119,0,1,TN
(주)봉영,1378131478,2023,0,0.0044,0,1,TN
(주)봉영,1378131478,2024,0,0.2235,1,0,FP
주식회사한국가스스프링,1378132195,2014,0,0.0021,0,1,TN
주식회사한국가스스프링,1378132195,2015,0,0.0016,0,1,TN
주식회사한국가스스프링,1378132195,2016,0,0.0006,0,1,TN
주식회사한국가스스프링,1378132195,2017,0,0.0004,0,1,TN
주식회사한국가스스프링,1378132195,2018,0,0.0012,0,1,TN
주식회사한국가스스프링,1378132195,2019,0,0.0057,0,1,TN
주식회사한국가스스프링,1378132195,2020,0,0.0022,0,1,TN
주식회사한국가스스프링,1378132195,2021,0,0.0007,0,1,TN
주식회사한국가스스프링,1378132195,2022,0,0.0011,0,1,TN
주식회사한국가스스프링,1378132195,2023,0,0.0003,0,1,TN
주식회사한국가스스프링,1378132195,2024,0,0.0007,0,1,TN
이든테크(주),1378133253,2014,0,0.0003,0,1,TN
이든테크(주),1378133253,2015,0,0.0011,0,1,TN
이든테크(주),1378133253,2016,0,1e-04,0,1,TN
이든테크(주),1378133253,2017,0,0.0005,0,1,TN
이든테크(주),1378133253,2018,0,0.0043,0,1,TN
이든테크(주),1378133253,2019,0,0.001,0,1,TN
이든테크(주),1378133253,2020,0,0.0023,0,1,TN
이든테크(주),1378133253,2021,0,0.0003,0,1,TN
이든테크(주),1378133253,2022,0,0.0003,0,1,TN
이든테크(주),1378133253,2023,0,0.0014,0,1,TN
이든테크(주),1378133253,2024,0,0.0006,0,1,TN
(주)보원화스너,1378134285,2014,0,0.0004,0,1,TN
(주)보원화스너,1378134285,2015,0,0.0004,0,1,TN
(주)보원화스너,1378134285,2016,0,1e-04,0,1,TN
(주)보원화스너,1378134285,2017,0,0.0004,0,1,TN
(주)보원화스너,1378134285,2018,0,0.0006,0,1,TN
(주)보원화스너,1378134285,2019,0,0.0007,0,1,TN
(주)보원화스너,1378134285,2020,0,0.002,0,1,TN
(주)보원화스너,1378134285,2021,0,0.0572,1,0,FP
(주)보원화스너,1378134285,2022,0,0.0033,0,1,TN
(주)보원화스너,1378134285,2023,0,0.0007,0,1,TN
(주)보원화스너,1378134285,2024,0,0.0011,0,1,TN
(주)선우시스,1378134529,2015,0,0.0006,0,1,TN
(주)선우시스,1378134529,2016,0,0.0005,0,1,TN
(주)선우시스,1378134529,2017,0,0.003,0,1,TN
(주)선우시스,1378134529,2018,0,0.0012,0,1,TN
(주)선우시스,1378134529,2019,0,0.0009,0,1,TN
(주)선우시스,1378134529,2020,0,0.0026,0,1,TN
(주)선우시스,1378134529,2021,0,0.0165,0,1,TN
(주)선우시스,1378134529,2022,0,0.0007,0,1,TN
(주)선우시스,1378134529,2023,0,0.0032,0,1,TN
(주)선우시스,1378134529,2024,0,0.0031,0,1,TN
(주)영인정공,1378134738,2017,0,0.0006,0,1,TN
(주)영인정공,1378134738,2018,0,0.0002,0,1,TN
(주)영인정공,1378134738,2019,0,0.0002,0,1,TN
(주)영인정공,1378134738,2020,0,0.0012,0,1,TN
(주)영인정공,1378134738,2021,0,0.0021,0,1,TN
(주)영인정공,1378134738,2022,0,0.0858,1,0,FP
(주)영인정공,1378134738,2023,0,0.1056,1,0,FP
(주)영인정공,1378134738,2024,0,0.0079,0,1,TN
(주)성덕이엔지,1378139198,2014,0,0.0002,0,1,TN
(주)성덕이엔지,1378139198,2016,0,0.0002,0,1,TN
(주)성덕이엔지,1378139198,2017,0,0.0003,0,1,TN
(주)성덕이엔지,1378139198,2018,0,1e-04,0,1,TN
(주)성덕이엔지,1378139198,2019,0,0.0002,0,1,TN
(주)성덕이엔지,1378139198,2020,0,0.0015,0,1,TN
(주)성덕이엔지,1378139198,2022,0,0.001,0,1,TN
(주)성덕이엔지,1378139198,2023,0,0.0002,0,1,TN
(주)성덕이엔지,1378139198,2024,0,0.0002,0,1,TN
주식회사신한메탈,1378144181,2014,0,1e-04,0,1,TN
주식회사신한메탈,1378144181,2015,0,0.0002,0,1,TN
주식회사신한메탈,1378144181,2016,0,0.0002,0,1,TN
주식회사신한메탈,1378144181,2017,0,0.0003,0,1,TN
주식회사신한메탈,1378144181,2018,0,0.0002,0,1,TN
주식회사신한메탈,1378144181,2019,0,1e-04,0,1,TN
주식회사신한메탈,1378144181,2020,0,0.0008,0,1,TN
주식회사신한메탈,1378144181,2021,0,0.0004,0,1,TN
주식회사신한메탈,1378144181,2022,0,0.0002,0,1,TN
주식회사신한메탈,1378144181,2023,0,0.0005,0,1,TN
주식회사신한메탈,1378144181,2024,0,0.0004,0,1,TN
주식회사명강스틸,1378147460,2014,0,0.0183,0,1,TN
주식회사명강스틸,1378147460,2015,0,0.0141,0,1,TN
주식회사명강스틸,1378147460,2016,0,0.0012,0,1,TN
주식회사명강스틸,1378147460,2017,0,0.0033,0,1,TN
주식회사명강스틸,1378147460,2018,0,0.0012,0,1,TN
주식회사명강스틸,1378147460,2019,0,0.0022,0,1,TN
주식회사명강스틸,1378147460,2020,0,0.0132,0,1,TN
주식회사명강스틸,1378147460,2021,0,0.0033,0,1,TN
주식회사명강스틸,1378147460,2022,0,0.0007,0,1,TN
주식회사명강스틸,1378147460,2023,0,0.0316,1,0,FP
주식회사명강스틸,1378147460,2024,0,0.105,1,0,FP
(주)씨엔티코리아,1378148080,2014,0,0.0004,0,1,TN
(주)씨엔티코리아,1378148080,2015,0,0.0013,0,1,TN
(주)씨엔티코리아,1378148080,2016,0,0.0011,0,1,TN
(주)씨엔티코리아,1378148080,2017,0,0.0076,0,1,TN
(주)씨엔티코리아,1378148080,2018,0,0.0048,0,1,TN
(주)씨엔티코리아,1378148080,2019,0,0.001,0,1,TN
(주)씨엔티코리아,1378148080,2020,0,0.0261,0,1,TN
(주)씨엔티코리아,1378148080,2021,0,0.0181,0,1,TN
(주)씨엔티코리아,1378148080,2022,0,0.0053,0,1,TN
(주)씨엔티코리아,1378148080,2023,0,0.0019,0,1,TN
(주)씨엔티코리아,1378148080,2024,0,0.0025,0,1,TN
(주)대원단조,1378150382,2014,0,0.0016,0,1,TN
(주)대원단조,1378150382,2015,0,0.0005,0,1,TN
(주)대원단조,1378150382,2016,0,0.0013,0,1,TN
(주)대원단조,1378150382,2017,0,0.0027,0,1,TN
(주)대원단조,1378150382,2018,0,0.0012,0,1,TN
(주)대원단조,1378150382,2019,0,0.0005,0,1,TN
(주)대원단조,1378150382,2020,0,0.0371,1,0,FP
(주)대원단조,1378150382,2021,0,0.0036,0,1,TN
(주)대원단조,1378150382,2022,0,0.0038,0,1,TN
(주)대원단조,1378150382,2023,0,0.0015,0,1,TN
(주)대원단조,1378150382,2024,0,0.0031,0,1,TN
우람엔지니어링(주),1378151019,2021,0,0.0007,0,1,TN
우람엔지니어링(주),1378151019,2022,0,0.0005,0,1,TN
우람엔지니어링(주),1378151019,2023,0,0.0004,0,1,TN
우람엔지니어링(주),1378151019,2024,0,0.0005,0,1,TN
(주)에이치에스건설산업,1378153623,2015,0,0.0008,0,1,TN
(주)에이치에스건설산업,1378153623,2016,0,0.0003,0,1,TN
(주)에이치에스건설산업,1378153623,2017,0,0.001,0,1,TN
(주)세신산업,1378155674,2020,0,0.0012,0,1,TN
(주)세신산업,1378155674,2021,0,0.0005,0,1,TN
(주)세신산업,1378155674,2022,0,0.0009,0,1,TN
(주)세신산업,1378155674,2023,0,0.0007,0,1,TN
(주)세신산업,1378155674,2024,0,0.002,0,1,TN
청산종합철강(주),1378157293,2022,0,0.0004,0,1,TN
청산종합철강(주),1378157293,2023,0,0.0004,0,1,TN
청산종합철강(주),1378157293,2024,0,0.0007,0,1,TN
영광산업주식회사,1378158477,2014,0,0.1171,1,0,FP
영광산업주식회사,1378158477,2015,1,0.9304,1,1,TP
세화제관(주),1378158818,2017,0,0.0007,0,1,TN
세화제관(주),1378158818,2018,0,0.0013,0,1,TN
세화제관(주),1378158818,2019,0,0.0011,0,1,TN
주식회사화인폼,1378167224,2014,0,0.0002,0,1,TN
주식회사화인폼,1378167224,2015,0,0.0006,0,1,TN
주식회사화인폼,1378167224,2016,0,0.001,0,1,TN
주식회사화인폼,1378167224,2017,0,0.0009,0,1,TN
주식회사화인폼,1378167224,2018,0,0.0017,0,1,TN
(주)대진에프엠씨,1378168811,2014,0,0.0004,0,1,TN
(주)대진에프엠씨,1378168811,2015,0,0.0163,0,1,TN
(주)대진에프엠씨,1378168811,2016,0,0.0256,0,1,TN
(주)대진에프엠씨,1378168811,2017,0,0.0535,1,0,FP
(주)대진에프엠씨,1378168811,2018,0,0.0031,0,1,TN
(주)대진에프엠씨,1378168811,2019,0,0.002,0,1,TN
(주)대진에프엠씨,1378168811,2020,0,0.041,1,0,FP
(주)대진에프엠씨,1378168811,2021,0,0.003,0,1,TN
(주)대진에프엠씨,1378168811,2022,0,0.0015,0,1,TN
(주)대진에프엠씨,1378168811,2023,0,0.0013,0,1,TN
(주)대진에프엠씨,1378168811,2024,0,0.0038,0,1,TN
세일산업(주),1378169071,2015,0,0.0006,0,1,TN
세일산업(주),1378169071,2016,0,0.0002,0,1,TN
세일산업(주),1378169071,2017,0,0.0006,0,1,TN
세일산업(주),1378169071,2018,0,0.0011,0,1,TN
세일산업(주),1378169071,2019,0,0.0005,0,1,TN
세일산업(주),1378169071,2020,0,0.0014,0,1,TN
세일산업(주),1378169071,2021,0,0.0008,0,1,TN
세일산업(주),1378169071,2022,0,0.0009,0,1,TN
세일산업(주),1378169071,2023,0,0.0006,0,1,TN
세일산업(주),1378169071,2024,0,0.0011,0,1,TN
(주)인투온,1378169222,2014,0,0.0027,0,1,TN
(주)인투온,1378169222,2015,0,0.0015,0,1,TN
(주)인투온,1378169222,2016,0,0.0009,0,1,TN
(주)인투온,1378169222,2017,0,0.0004,0,1,TN
(주)인투온,1378169222,2018,0,0.0007,0,1,TN
(주)인투온,1378169222,2019,0,0.002,0,1,TN
(주)인투온,1378169222,2020,0,0.0418,1,0,FP
(주)인투온,1378169222,2021,1,0.9126,1,1,TP
투인산업주식회사,1378170087,2016,0,0.0005,0,1,TN
투인산업주식회사,1378170087,2017,0,0.0002,0,1,TN
투인산업주식회사,1378170087,2018,0,0.0004,0,1,TN
투인산업주식회사,1378170087,2019,0,0.0003,0,1,TN
투인산업주식회사,1378170087,2020,0,0.0032,0,1,TN
투인산업주식회사,1378170087,2021,0,1e-04,0,1,TN
투인산업주식회사,1378170087,2022,0,0.0015,0,1,TN
투인산업주식회사,1378170087,2023,0,0.0012,0,1,TN
투인산업주식회사,1378170087,2024,0,0.0006,0,1,TN
공신테크(주),1378173430,2020,0,0.0005,0,1,TN
공신테크(주),1378173430,2021,0,1e-04,0,1,TN
공신테크(주),1378173430,2022,0,0.0003,0,1,TN
공신테크(주),1378173430,2023,0,0.0002,0,1,TN
공신테크(주),1378173430,2024,0,1e-04,0,1,TN
(주)삼미레이저,1378173731,2020,0,0.0009,0,1,TN
(주)삼미레이저,1378173731,2021,0,0.0017,0,1,TN
(주)삼미레이저,1378173731,2022,0,0.0044,0,1,TN
(주)삼미레이저,1378173731,2023,0,0.0013,0,1,TN
(주)삼미레이저,1378173731,2024,0,0.001,0,1,TN
(주)아이에이치코리아,1378180722,2016,0,0.0014,0,1,TN
(주)아이에이치코리아,1378180722,2017,0,1e-04,0,1,TN
(주)아이에이치코리아,1378180722,2018,0,0.0003,0,1,TN
(주)아이에이치코리아,1378180722,2019,0,0.004,0,1,TN
(주)아이에이치코리아,1378180722,2020,0,0.0124,0,1,TN
(주)아이에이치코리아,1378180722,2021,0,0.0007,0,1,TN
(주)아이에이치코리아,1378180722,2022,0,0.0015,0,1,TN
(주)아이에이치코리아,1378180722,2023,0,0.1468,1,0,FP
(주)아이에이치코리아,1378180722,2024,0,0.2959,1,0,FP
(주)진영에스텍,1378180886,2017,0,0.0011,0,1,TN
(주)진영에스텍,1378180886,2018,0,1e-04,0,1,TN
(주)진영에스텍,1378180886,2019,0,0.0003,0,1,TN
(주)진영에스텍,1378180886,2020,0,0.0009,0,1,TN
(주)진영에스텍,1378180886,2021,0,0.0252,0,1,TN
(주)진영에스텍,1378180886,2022,0,0.0045,0,1,TN
(주)진영에스텍,1378180886,2023,0,0.0018,0,1,TN
(주)진영에스텍,1378180886,2024,0,0.0019,0,1,TN
(주)성우금속,1378181041,2015,0,0.0005,0,1,TN
(주)성우금속,1378181041,2016,0,1e-04,0,1,TN
(주)성우금속,1378181041,2017,0,0.0012,0,1,TN
(주)성우금속,1378181041,2018,0,0.008,0,1,TN
(주)성우금속,1378181041,2019,0,0.0024,0,1,TN
(주)성우금속,1378181041,2020,0,0.0022,0,1,TN
(주)두웰테크,1378182147,2016,0,0.0004,0,1,TN
(주)두웰테크,1378182147,2017,0,1e-04,0,1,TN
(주)두웰테크,1378182147,2018,0,0.0004,0,1,TN
(주)두웰테크,1378182147,2019,0,0.0007,0,1,TN
(주)두웰테크,1378182147,2020,0,0.0014,0,1,TN
(주)두웰테크,1378182147,2021,0,0.0004,0,1,TN
(주)두웰테크,1378182147,2022,0,0.0006,0,1,TN
(주)두웰테크,1378182147,2023,0,0.0005,0,1,TN
(주)두웰테크,1378182147,2024,0,0.0034,0,1,TN
(주)세일레이저,1378183831,2015,0,0.0012,0,1,TN
(주)세일레이저,1378183831,2016,0,0.0007,0,1,TN
(주)세일레이저,1378183831,2017,0,0.001,0,1,TN
(주)세일레이저,1378183831,2018,0,0.0011,0,1,TN
(주)세일레이저,1378183831,2019,0,0.0007,0,1,TN
(주)세일레이저,1378183831,2020,0,0.002,0,1,TN
(주)세일레이저,1378183831,2021,0,0.0004,0,1,TN
(주)세일레이저,1378183831,2022,0,0.0014,0,1,TN
(주)세일레이저,1378183831,2023,0,0.0008,0,1,TN
(주)세일레이저,1378183831,2024,0,0.0014,0,1,TN
(주)대주기업,1378186935,2016,0,0.0008,0,1,TN
(주)대주기업,1378186935,2017,0,0.0002,0,1,TN
(주)대주기업,1378186935,2018,0,0.0005,0,1,TN
(주)대주기업,1378186935,2019,0,0.0265,0,1,TN
(주)대주기업,1378186935,2020,0,0.0316,1,0,FP
(주)은성브레이크,1378188909,2016,0,0.0016,0,1,TN
(주)은성브레이크,1378188909,2017,0,0.0288,0,1,TN
(주)은성브레이크,1378188909,2018,0,0.0254,0,1,TN
에이티솔루션(주),1378190991,2015,0,0.0005,0,1,TN
에이티솔루션(주),1378190991,2016,0,0.0003,0,1,TN
에이티솔루션(주),1378190991,2017,0,0.0003,0,1,TN
에이티솔루션(주),1378190991,2018,0,0.001,0,1,TN
에이티솔루션(주),1378190991,2019,0,0.0002,0,1,TN
에이티솔루션(주),1378190991,2020,0,0.0015,0,1,TN
에이티솔루션(주),1378190991,2021,0,0.001,0,1,TN
에이티솔루션(주),1378190991,2022,0,0.0002,0,1,TN
에이티솔루션(주),1378190991,2023,0,0.0935,1,0,FP
에이티솔루션(주),1378190991,2024,0,0.7392,1,0,FP
성화시스템챤넬(주),1378199309,2019,0,0.0007,0,1,TN
성화시스템챤넬(주),1378199309,2020,0,0.0006,0,1,TN
성화시스템챤넬(주),1378199309,2021,0,0.0207,0,1,TN
성화시스템챤넬(주),1378199309,2022,0,0.1723,1,0,FP
성화시스템챤넬(주),1378199309,2023,1,0.1003,1,1,TP
이에프코리아주식회사,1378609461,2019,0,0.0005,0,1,TN
이에프코리아주식회사,1378609461,2020,0,1e-04,0,1,TN
이에프코리아주식회사,1378609461,2021,0,0.0056,0,1,TN
이에프코리아주식회사,1378609461,2022,0,0.0009,0,1,TN
이에프코리아주식회사,1378609461,2023,0,0.0008,0,1,TN
이에프코리아주식회사,1378609461,2024,0,0.0038,0,1,TN
(주)스피드랙,1378610823,2019,0,0.0004,0,1,TN
(주)스피드랙,1378610823,2020,0,0.0004,0,1,TN
(주)스피드랙,1378610823,2021,0,0.0004,0,1,TN
(주)스피드랙,1378610823,2022,0,0.0005,0,1,TN
(주)스피드랙,1378610823,2023,0,0.0004,0,1,TN
(주)스피드랙,1378610823,2024,0,0.0003,0,1,TN
(주)제이케이텍,1378611818,2015,0,0.0018,0,1,TN
(주)제이케이텍,1378611818,2016,0,0.0084,0,1,TN
(주)제이케이텍,1378611818,2017,0,0.0284,0,1,TN
(주)제이케이텍,1378611818,2018,0,0.0025,0,1,TN
(주)제이케이텍,1378611818,2019,0,0.0142,0,1,TN
(주)제이케이텍,1378611818,2020,0,0.0154,0,1,TN
(주)제이케이텍,1378611818,2021,0,0.0033,0,1,TN
(주)제이케이텍,1378611818,2022,0,0.0037,0,1,TN
(주)제이케이텍,1378611818,2023,0,0.1017,1,0,FP
(주)제이케이텍,1378611818,2024,0,0.2318,1,0,FP
(주)세광,1378617563,2016,0,0.0009,0,1,TN
(주)세광,1378617563,2017,0,0.002,0,1,TN
(주)세광,1378617563,2023,0,0.0026,0,1,TN
(주)세광,1378617563,2024,0,0.0186,0,1,TN
아산금속주식회사,1378621524,2020,0,0.0006,0,1,TN
아산금속주식회사,1378621524,2021,0,1e-04,0,1,TN
아산금속주식회사,1378621524,2022,0,0.0003,0,1,TN
아산금속주식회사,1378621524,2023,0,0.0002,0,1,TN
아산금속주식회사,1378621524,2024,0,0.0006,0,1,TN
주식회사티엔에스코리아,1378623240,2020,0,0.0008,0,1,TN
주식회사티엔에스코리아,1378623240,2021,0,0.0024,0,1,TN
주식회사티엔에스코리아,1378623240,2022,0,0.002,0,1,TN
주식회사티엔에스코리아,1378623240,2023,0,0.0013,0,1,TN
주식회사티엔에스코리아,1378623240,2024,0,0.001,0,1,TN
다로스(주),1378624706,2017,0,0.0017,0,1,TN
다로스(주),1378624706,2018,0,0.0005,0,1,TN
다로스(주),1378624706,2019,0,0.0156,0,1,TN
다로스(주),1378624706,2020,0,0.0259,0,1,TN
다로스(주),1378624706,2021,0,0.009,0,1,TN
(주)성지폼,1378626325,2020,0,0.0009,0,1,TN
(주)성지폼,1378626325,2021,0,0.0019,0,1,TN
(주)성지폼,1378626325,2022,0,0.0162,0,1,TN
(주)성지폼,1378626325,2023,0,0.0028,0,1,TN
동해홀쏘,1378627886,2021,0,0.0004,0,1,TN
동해홀쏘,1378627886,2022,0,0.0003,0,1,TN
동해홀쏘,1378627886,2023,0,0.0015,0,1,TN
동해홀쏘,1378627886,2024,0,0.0005,0,1,TN
주식회사대영금속,1378628681,2016,0,0.001,0,1,TN
주식회사대영금속,1378628681,2017,0,0.0003,0,1,TN
주식회사대영금속,1378628681,2018,0,0.0005,0,1,TN
주식회사대영금속,1378628681,2019,0,0.0004,0,1,TN
(주)하나테크,1378629278,2021,0,0.001,0,1,TN
(주)하나테크,1378629278,2022,0,0.0366,1,0,FP
(주)하나테크,1378629278,2023,0,0.0039,0,1,TN
(주)하나테크,1378629278,2024,0,0.0007,0,1,TN
주식회사명성엘엔텍,1378639664,2021,0,0.0008,0,1,TN
주식회사명성엘엔텍,1378639664,2022,0,0.0004,0,1,TN
주식회사명성엘엔텍,1378639664,2023,0,0.0004,0,1,TN
주식회사명성엘엔텍,1378639664,2024,0,0.0011,0,1,TN
(주)나우,1378641646,2022,0,0.0025,0,1,TN
(주)나우,1378641646,2023,0,0.0154,0,1,TN
(주)나우,1378641646,2024,0,0.0117,0,1,TN
(주)인하A&T,1378650897,2021,0,0.0009,0,1,TN
(주)인하A&T,1378650897,2022,0,0.0009,0,1,TN
(주)인하A&T,1378650897,2023,0,0.0109,0,1,TN
(주)인하A&T,1378650897,2024,0,0.0035,0,1,TN
삼화왕관(주),1388103179,2014,0,1e-04,0,1,TN
삼화왕관(주),1388103179,2015,0,1e-04,0,1,TN
삼화왕관(주),1388103179,2016,0,1e-04,0,1,TN
삼화왕관(주),1388103179,2017,0,1e-04,0,1,TN
삼화왕관(주),1388103179,2018,0,1e-04,0,1,TN
삼화왕관(주),1388103179,2019,0,0.0002,0,1,TN
삼화왕관(주),1388103179,2020,0,0.0028,0,1,TN
삼화왕관(주),1388103179,2021,0,0.0061,0,1,TN
삼화왕관(주),1388103179,2022,0,0.0108,0,1,TN
삼화왕관(주),1388103179,2023,0,0.0276,0,1,TN
삼화왕관(주),1388103179,2024,0,0.0025,0,1,TN
제일정공(주),1388105390,2014,0,0.0317,1,0,FP
제일정공(주),1388105390,2015,0,0.0171,0,1,TN
제일정공(주),1388105390,2016,1,0.487,1,1,TP
(주)하이드로리튬,1388110821,2014,0,0.0137,0,1,TN
(주)하이드로리튬,1388110821,2015,0,0.0005,0,1,TN
(주)하이드로리튬,1388110821,2016,0,0.0003,0,1,TN
(주)하이드로리튬,1388110821,2017,0,0.0258,0,1,TN
(주)하이드로리튬,1388110821,2018,0,0.0081,0,1,TN
(주)하이드로리튬,1388110821,2019,0,0.0572,1,0,FP
(주)하이드로리튬,1388110821,2020,0,0.0318,1,0,FP
(주)하이드로리튬,1388110821,2021,0,0.042,1,0,FP
(주)하이드로리튬,1388110821,2022,1,0.0695,1,1,TP
래피드컴주식회사,1388125488,2020,0,0.0005,0,1,TN
래피드컴주식회사,1388125488,2021,0,1e-04,0,1,TN
래피드컴주식회사,1388125488,2022,0,1e-04,0,1,TN
래피드컴주식회사,1388125488,2023,0,0.0005,0,1,TN
래피드컴주식회사,1388125488,2024,0,0.0012,0,1,TN
(주)현대드림모터스,1388142774,2017,0,0.0013,0,1,TN
(주)현대드림모터스,1388142774,2018,0,0.0134,0,1,TN
(주)현대드림모터스,1388142774,2019,0,0.002,0,1,TN
(주)현대드림모터스,1388142774,2021,0,0.0015,0,1,TN
(주)현대드림모터스,1388142774,2022,0,0.8394,1,0,FP
(주)현대드림모터스,1388142774,2023,0,0.7993,1,0,FP
(주)현대드림모터스,1388142774,2024,0,0.1412,1,0,FP
주식회사노바랩스,1388185977,2019,0,0.0043,0,1,TN
주식회사노바랩스,1388185977,2021,0,0.0415,1,0,FP
주식회사노바랩스,1388185977,2024,0,0.4147,1,0,FP
한신보일러주식회사,1398101475,2014,0,0.0564,1,0,FP
한신보일러주식회사,1398101475,2015,0,0.0725,1,0,FP
신한다이아몬드공업주식회사,1398101664,2014,0,1e-04,0,1,TN
신한다이아몬드공업주식회사,1398101664,2015,0,0.0006,0,1,TN
신한다이아몬드공업주식회사,1398101664,2016,0,1e-04,0,1,TN
신한다이아몬드공업주식회사,1398101664,2017,0,0.0003,0,1,TN
신한다이아몬드공업주식회사,1398101664,2018,0,0.0002,0,1,TN
신한다이아몬드공업주식회사,1398101664,2019,0,0.0091,0,1,TN
신한다이아몬드공업주식회사,1398101664,2020,0,0.0104,0,1,TN
신한다이아몬드공업주식회사,1398101664,2021,0,0.0002,0,1,TN
신한다이아몬드공업주식회사,1398101664,2022,0,0.0003,0,1,TN
신한다이아몬드공업주식회사,1398101664,2023,0,0.002,0,1,TN
신한다이아몬드공업주식회사,1398101664,2024,0,0.0033,0,1,TN
삼성스텐레스상공주식회사,1398102606,2014,0,0.0008,0,1,TN
삼성스텐레스상공주식회사,1398102606,2015,0,0.0531,1,0,FP
삼성스텐레스상공주식회사,1398102606,2016,0,0.0243,0,1,TN
삼성스텐레스상공주식회사,1398102606,2017,0,0.0234,0,1,TN
삼성스텐레스상공주식회사,1398102606,2018,0,0.0018,0,1,TN
삼성스텐레스상공주식회사,1398102606,2019,0,0.025,0,1,TN
삼성스텐레스상공주식회사,1398102606,2020,0,0.0081,0,1,TN
삼성스텐레스상공주식회사,1398102606,2021,0,0.0005,0,1,TN
삼성스텐레스상공주식회사,1398102606,2022,0,0.0007,0,1,TN
삼성스텐레스상공주식회사,1398102606,2023,0,0.0007,0,1,TN
삼성스텐레스상공주식회사,1398102606,2024,0,0.0002,0,1,TN
(주)제이미크론,1398104583,2014,0,0.0018,0,1,TN
(주)제이미크론,1398104583,2015,0,0.1091,1,0,FP
(주)제이미크론,1398104583,2016,0,0.2317,1,0,FP
(주)제이미크론,1398104583,2017,0,0.005,0,1,TN
(주)제이미크론,1398104583,2018,0,0.0013,0,1,TN
(주)제이미크론,1398104583,2019,0,0.0003,0,1,TN
(주)제이미크론,1398104583,2020,0,0.0026,0,1,TN
(주)제이미크론,1398104583,2021,0,0.0003,0,1,TN
(주)제이미크론,1398104583,2022,0,0.0006,0,1,TN
(주)제이미크론,1398104583,2023,0,0.0003,0,1,TN
(주)제이미크론,1398104583,2024,0,0.0006,0,1,TN
삼성정밀공업주식회사,1398104735,2014,0,0.003,0,1,TN
삼성정밀공업주식회사,1398104735,2015,0,0.0024,0,1,TN
삼성정밀공업주식회사,1398104735,2016,0,0.0004,0,1,TN
삼성정밀공업주식회사,1398104735,2017,0,0.0008,0,1,TN
삼성정밀공업주식회사,1398104735,2018,0,0.0004,0,1,TN
삼성정밀공업주식회사,1398104735,2019,0,0.0006,0,1,TN
삼성정밀공업주식회사,1398104735,2020,0,0.002,0,1,TN
삼성정밀공업주식회사,1398104735,2021,0,0.023,0,1,TN
삼성정밀공업주식회사,1398104735,2022,0,0.0096,0,1,TN
삼성정밀공업주식회사,1398104735,2023,0,0.0025,0,1,TN
삼성정밀공업주식회사,1398104735,2024,0,0.0015,0,1,TN
주식회사인페쏘,1398105845,2014,0,0.0268,0,1,TN
주식회사인페쏘,1398105845,2015,0,0.0009,0,1,TN
주식회사인페쏘,1398105845,2016,0,0.0007,0,1,TN
주식회사인페쏘,1398105845,2017,0,0.0021,0,1,TN
주식회사인페쏘,1398105845,2018,0,0.0005,0,1,TN
주식회사인페쏘,1398105845,2019,0,0.0003,0,1,TN
썬하이드로릭스코리아주식회사,1398106150,2014,0,0.0002,0,1,TN
썬하이드로릭스코리아주식회사,1398106150,2015,0,0.0218,0,1,TN
썬하이드로릭스코리아주식회사,1398106150,2016,0,0.0156,0,1,TN
썬하이드로릭스코리아주식회사,1398106150,2017,0,0.0006,0,1,TN
썬하이드로릭스코리아주식회사,1398106150,2018,0,0.0005,0,1,TN
썬하이드로릭스코리아주식회사,1398106150,2019,0,0.008,0,1,TN
썬하이드로릭스코리아주식회사,1398106150,2020,0,0.0015,0,1,TN
썬하이드로릭스코리아주식회사,1398106150,2021,0,0.0005,0,1,TN
썬하이드로릭스코리아주식회사,1398106150,2022,0,0.0008,0,1,TN
썬하이드로릭스코리아주식회사,1398106150,2023,0,0.2531,1,0,FP
썬하이드로릭스코리아주식회사,1398106150,2024,0,0.0146,0,1,TN
(주)청우,1398106451,2014,0,0.0007,0,1,TN
(주)청우,1398106451,2015,0,0.0002,0,1,TN
(주)청우,1398106451,2016,0,0.0002,0,1,TN
(주)청우,1398106451,2017,0,0.0004,0,1,TN
(주)청우,1398106451,2018,0,0.0005,0,1,TN
(주)청우,1398106451,2019,0,0.0004,0,1,TN
(주)청우,1398106451,2020,0,0.001,0,1,TN
(주)청우,1398106451,2021,0,0.0007,0,1,TN
(주)청우,1398106451,2022,0,0.001,0,1,TN
(주)청우,1398106451,2023,0,0.0008,0,1,TN
(주)청우,1398106451,2024,0,0.0009,0,1,TN
(주)성지기공,1398107125,2019,0,0.001,0,1,TN
(주)성지기공,1398107125,2020,0,0.0017,0,1,TN
(주)성지기공,1398107125,2021,0,0.0005,0,1,TN
(주)성지기공,1398107125,2022,0,0.0016,0,1,TN
(주)성지기공,1398107125,2023,0,0.0171,0,1,TN
(주)성지기공,1398107125,2024,0,0.0049,0,1,TN
주식회사중원,1398107580,2014,0,0.0243,0,1,TN
주식회사중원,1398107580,2015,0,0.0232,0,1,TN
(주)엔에스브이,1398108139,2014,0,0.0005,0,1,TN
(주)엔에스브이,1398108139,2015,0,0.0004,0,1,TN
(주)엔에스브이,1398108139,2016,0,0.0005,0,1,TN
(주)엔에스브이,1398108139,2017,0,1e-04,0,1,TN
(주)엔에스브이,1398108139,2018,0,0.0006,0,1,TN
(주)엔에스브이,1398108139,2019,0,0.0004,0,1,TN
(주)엔에스브이,1398108139,2020,0,0.0028,0,1,TN
(주)엔에스브이,1398108139,2021,0,0.0103,0,1,TN
(주)엔에스브이,1398108139,2022,0,0.001,0,1,TN
(주)엔에스브이,1398108139,2023,0,0.0006,0,1,TN
(주)엔에스브이,1398108139,2024,0,0.0002,0,1,TN
한국엔티케이세라믹(주),1398108406,2014,0,0.0006,0,1,TN
한국엔티케이세라믹(주),1398108406,2015,0,1e-04,0,1,TN
한국엔티케이세라믹(주),1398108406,2016,0,0.0006,0,1,TN
한국엔티케이세라믹(주),1398108406,2017,0,0.0878,1,0,FP
한국엔티케이세라믹(주),1398108406,2018,0,0.0361,1,0,FP
한국엔티케이세라믹(주),1398108406,2019,0,0.0132,0,1,TN
한국엔티케이세라믹(주),1398108406,2020,0,0.0214,0,1,TN
한국엔티케이세라믹(주),1398108406,2021,0,0.0197,0,1,TN
한국엔티케이세라믹(주),1398108406,2022,0,0.0034,0,1,TN
한국엔티케이세라믹(주),1398108406,2023,0,0.0017,0,1,TN
(주)우진이엔지,1398109235,2014,0,0.0037,0,1,TN
(주)우진이엔지,1398109235,2015,0,0.0091,0,1,TN
(주)우진이엔지,1398109235,2016,0,0.0036,0,1,TN
(주)우진이엔지,1398109235,2017,0,0.0367,1,0,FP
(주)우진이엔지,1398109235,2018,0,0.01,0,1,TN
(주)우진이엔지,1398109235,2019,0,0.0024,0,1,TN
(주)우진이엔지,1398109235,2020,0,0.0014,0,1,TN
(주)우진이엔지,1398109235,2021,0,0.0004,0,1,TN
(주)우진이엔지,1398109235,2022,0,0.0023,0,1,TN
(주)우진이엔지,1398109235,2023,0,0.0033,0,1,TN
(주)우진이엔지,1398109235,2024,0,0.0027,0,1,TN
주식회사중앙플랜트,1398110407,2014,0,0.0004,0,1,TN
주식회사중앙플랜트,1398110407,2015,0,0.0103,0,1,TN
주식회사중앙플랜트,1398110407,2016,0,0.0041,0,1,TN
주식회사중앙플랜트,1398110407,2017,0,0.0008,0,1,TN
주식회사중앙플랜트,1398110407,2018,0,0.0016,0,1,TN
주식회사중앙플랜트,1398110407,2019,0,0.0198,0,1,TN
주식회사중앙플랜트,1398110407,2020,0,0.0065,0,1,TN
주식회사중앙플랜트,1398110407,2021,0,0.0005,0,1,TN
주식회사중앙플랜트,1398110407,2022,0,0.001,0,1,TN
주식회사중앙플랜트,1398110407,2023,0,0.0498,1,0,FP
주식회사중앙플랜트,1398110407,2024,0,0.1158,1,0,FP
(주)미성엔아이티,1398110858,2014,0,0.0227,0,1,TN
(주)미성엔아이티,1398110858,2015,0,0.2204,1,0,FP
(주)미성엔아이티,1398110858,2016,0,0.0143,0,1,TN
(주)미성엔아이티,1398110858,2017,0,0.0017,0,1,TN
(주)미성엔아이티,1398110858,2018,0,0.0013,0,1,TN
(주)미성엔아이티,1398110858,2019,0,0.0022,0,1,TN
(주)미성엔아이티,1398110858,2020,0,0.0021,0,1,TN
(주)미성엔아이티,1398110858,2021,0,0.0011,0,1,TN
(주)미성엔아이티,1398110858,2022,0,0.0165,0,1,TN
(주)미성엔아이티,1398110858,2023,0,0.0094,0,1,TN
(주)미성엔아이티,1398110858,2024,0,0.0599,1,0,FP
주식회사세화기계,1398111110,2014,0,0.0002,0,1,TN
주식회사세화기계,1398111110,2015,0,0.0003,0,1,TN
주식회사세화기계,1398111110,2016,0,0.0015,0,1,TN
주식회사세화기계,1398111110,2017,0,0.0006,0,1,TN
주식회사세화기계,1398111110,2018,0,0.0002,0,1,TN
주식회사세화기계,1398111110,2019,0,0.0003,0,1,TN
주식회사세화기계,1398111110,2021,0,0.0002,0,1,TN
주식회사세화기계,1398111110,2022,0,0.0009,0,1,TN
주식회사세화기계,1398111110,2023,0,0.0003,0,1,TN
주식회사세화기계,1398111110,2024,0,0.0005,0,1,TN
대성스틸주식회사,1398111819,2014,0,0.0004,0,1,TN
대성스틸주식회사,1398111819,2015,0,0.0002,0,1,TN
대성스틸주식회사,1398111819,2016,0,0.0002,0,1,TN
대성스틸주식회사,1398111819,2017,0,0.0444,1,0,FP
대성스틸주식회사,1398111819,2018,0,0.0028,0,1,TN
대성스틸주식회사,1398111819,2019,0,0.033,1,0,FP
대성스틸주식회사,1398111819,2020,0,0.0058,0,1,TN
대성스틸주식회사,1398111819,2021,0,0.0008,0,1,TN
대성스틸주식회사,1398111819,2022,0,0.0004,0,1,TN
대성스틸주식회사,1398111819,2023,0,0.0004,0,1,TN
대성스틸주식회사,1398111819,2024,0,0.0004,0,1,TN
주식회사효성디앤피,1398112292,2014,0,0.4001,1,0,FP
주식회사효성디앤피,1398112292,2015,1,0.7689,1,1,TP
태흥철강공업(주),1398112405,2018,0,0.0002,0,1,TN
태흥철강공업(주),1398112405,2019,0,0.0002,0,1,TN
태흥철강공업(주),1398112405,2020,0,0.001,0,1,TN
태흥철강공업(주),1398112405,2021,0,0.0003,0,1,TN
태흥철강공업(주),1398112405,2022,0,0.0004,0,1,TN
태흥철강공업(주),1398112405,2023,0,0.001,0,1,TN
태흥철강공업(주),1398112405,2024,0,0.0002,0,1,TN
태주공업주식회사,1398113869,2014,0,0.0067,0,1,TN
태주공업주식회사,1398113869,2015,0,0.0009,0,1,TN
태주공업주식회사,1398113869,2016,0,0.0003,0,1,TN
태주공업주식회사,1398113869,2017,0,0.0074,0,1,TN
태주공업주식회사,1398113869,2018,0,0.0024,0,1,TN
태주공업주식회사,1398113869,2019,0,0.0107,0,1,TN
태주공업주식회사,1398113869,2020,0,0.1234,1,0,FP
태주공업주식회사,1398113869,2021,0,0.0064,0,1,TN
태주공업주식회사,1398113869,2022,0,0.1173,1,0,FP
태주공업주식회사,1398113869,2023,0,0.0048,0,1,TN
태주공업주식회사,1398113869,2024,0,0.001,0,1,TN
협동대형열처리(주),1398121530,2014,0,0.0013,0,1,TN
협동대형열처리(주),1398121530,2015,0,0.0006,0,1,TN
협동대형열처리(주),1398121530,2016,0,0.0055,0,1,TN
협동대형열처리(주),1398121530,2017,0,0.0036,0,1,TN
협동대형열처리(주),1398121530,2018,0,0.0019,0,1,TN
협동대형열처리(주),1398121530,2019,0,0.0015,0,1,TN
협동대형열처리(주),1398121530,2020,0,0.006,0,1,TN
협동대형열처리(주),1398121530,2021,0,0.0015,0,1,TN
협동대형열처리(주),1398121530,2022,0,0.0274,0,1,TN
협동대형열처리(주),1398121530,2023,0,0.0066,0,1,TN
협동대형열처리(주),1398121530,2024,0,0.0015,0,1,TN
동원화스너(주),1398122859,2014,0,0.0007,0,1,TN
동원화스너(주),1398122859,2015,0,0.0009,0,1,TN
동원화스너(주),1398122859,2016,0,0.0004,0,1,TN
동원화스너(주),1398122859,2017,0,0.0017,0,1,TN
동원화스너(주),1398122859,2018,0,0.0022,0,1,TN
동원화스너(주),1398122859,2019,0,0.0026,0,1,TN
동원화스너(주),1398122859,2020,0,0.002,0,1,TN
(주)의신정밀,1398124954,2014,0,0.0003,0,1,TN
(주)의신정밀,1398124954,2015,0,1e-04,0,1,TN
(주)의신정밀,1398124954,2016,0,1e-04,0,1,TN
(주)의신정밀,1398124954,2017,0,1e-04,0,1,TN
(주)의신정밀,1398124954,2018,0,1e-04,0,1,TN
(주)의신정밀,1398124954,2019,0,0.0002,0,1,TN
(주)의신정밀,1398124954,2020,0,0.0005,0,1,TN
(주)의신정밀,1398124954,2021,0,1e-04,0,1,TN
(주)의신정밀,1398124954,2022,0,0.0002,0,1,TN
(주)의신정밀,1398124954,2023,0,0.0006,0,1,TN
(주)의신정밀,1398124954,2024,0,0.0002,0,1,TN
(주)에스씨엘,1398125123,2014,0,0.0003,0,1,TN
(주)에스씨엘,1398125123,2015,0,0.0006,0,1,TN
(주)에스씨엘,1398125123,2016,0,0.0002,0,1,TN
(주)에스씨엘,1398125123,2017,0,0.0054,0,1,TN
(주)에스씨엘,1398125123,2018,0,0.0007,0,1,TN
(주)에스씨엘,1398125123,2019,0,1e-04,0,1,TN
(주)에스씨엘,1398125123,2020,0,0.0022,0,1,TN
(주)에스씨엘,1398125123,2021,0,0.0002,0,1,TN
(주)에스씨엘,1398125123,2022,0,0.0004,0,1,TN
(주)에스씨엘,1398125123,2023,0,0.0007,0,1,TN
(주)에스씨엘,1398125123,2024,0,0.0003,0,1,TN
신한금속(주),1398125856,2014,0,0.003,0,1,TN
신한금속(주),1398125856,2015,0,0.0106,0,1,TN
신한금속(주),1398125856,2016,0,0.0027,0,1,TN
신한금속(주),1398125856,2017,1,0.6472,1,1,TP
스피넥스주식회사,1398126457,2014,0,0.0464,1,0,FP
스피넥스주식회사,1398126457,2015,0,0.033,1,0,FP
스피넥스주식회사,1398126457,2016,0,0.0693,1,0,FP
스피넥스주식회사,1398126457,2017,0,0.013,0,1,TN
스피넥스주식회사,1398126457,2018,0,0.0007,0,1,TN
스피넥스주식회사,1398126457,2019,0,0.0003,0,1,TN
스피넥스주식회사,1398126457,2020,0,0.003,0,1,TN
스피넥스주식회사,1398126457,2021,0,0.0006,0,1,TN
스피넥스주식회사,1398126457,2022,0,0.0004,0,1,TN
스피넥스주식회사,1398126457,2023,0,0.0222,0,1,TN
스피넥스주식회사,1398126457,2024,0,0.1472,1,0,FP
(주)금강코엔,1398128528,2014,0,0.0239,0,1,TN
(주)금강코엔,1398128528,2015,0,0.0015,0,1,TN
(주)금강코엔,1398128528,2016,0,0.0012,0,1,TN
해성에어로보틱스(주),1398130494,2014,0,0.0758,1,0,FP
해성에어로보틱스(주),1398130494,2015,0,0.0426,1,0,FP
해성에어로보틱스(주),1398130494,2016,0,0.1994,1,0,FP
해성에어로보틱스(주),1398130494,2017,1,0.5633,1,1,TP
(주)미래하이텍,1398132018,2014,0,0.0003,0,1,TN
(주)미래하이텍,1398132018,2015,0,0.0005,0,1,TN
(주)미래하이텍,1398132018,2016,0,0.0003,0,1,TN
(주)미래하이텍,1398132018,2017,0,0.0004,0,1,TN
(주)미래하이텍,1398132018,2018,0,0.0002,0,1,TN
(주)미래하이텍,1398132018,2019,0,1e-04,0,1,TN
(주)미래하이텍,1398132018,2020,0,0.001,0,1,TN
(주)미래하이텍,1398132018,2021,0,0.0003,0,1,TN
(주)미래하이텍,1398132018,2022,0,0.0006,0,1,TN
(주)미래하이텍,1398132018,2023,0,0.0003,0,1,TN
(주)미래하이텍,1398132018,2024,0,0.0008,0,1,TN
(주)아세아볼트,1398132610,2014,0,0.0005,0,1,TN
(주)아세아볼트,1398132610,2015,0,0.0009,0,1,TN
(주)아세아볼트,1398132610,2016,0,0.0009,0,1,TN
(주)아세아볼트,1398132610,2017,0,0.0002,0,1,TN
(주)아세아볼트,1398132610,2018,0,0.0011,0,1,TN
(주)아세아볼트,1398132610,2019,0,0.036,1,0,FP
(주)아세아볼트,1398132610,2020,0,0.2458,1,0,FP
(주)아세아볼트,1398132610,2021,1,0.7184,1,1,TP
우성스텐스틸(주),1398134938,2014,0,0.0004,0,1,TN
우성스텐스틸(주),1398134938,2015,0,0.0011,0,1,TN
우성스텐스틸(주),1398134938,2016,0,0.0003,0,1,TN
우성스텐스틸(주),1398134938,2017,0,0.0004,0,1,TN
우성스텐스틸(주),1398134938,2018,0,0.0003,0,1,TN
우성스텐스틸(주),1398134938,2019,0,0.0007,0,1,TN
우성스텐스틸(주),1398134938,2020,0,0.001,0,1,TN
우성스텐스틸(주),1398134938,2021,0,0.0004,0,1,TN
우성스텐스틸(주),1398134938,2022,0,0.0015,0,1,TN
우성스텐스틸(주),1398134938,2023,0,0.0005,0,1,TN
우성스텐스틸(주),1398134938,2024,0,0.0012,0,1,TN
아이씨피주식회사,1398135897,2014,0,0.0014,0,1,TN
아이씨피주식회사,1398135897,2015,0,0.0433,1,0,FP
아이씨피주식회사,1398135897,2016,0,0.0012,0,1,TN
아이씨피주식회사,1398135897,2017,0,0.0017,0,1,TN
아이씨피주식회사,1398135897,2018,0,0.0597,1,0,FP
아이씨피주식회사,1398135897,2019,0,0.0057,0,1,TN
아이씨피주식회사,1398135897,2020,0,0.0054,0,1,TN
아이씨피주식회사,1398135897,2021,0,0.0028,0,1,TN
아이씨피주식회사,1398135897,2022,0,0.0472,1,0,FP
아이씨피주식회사,1398135897,2023,0,0.0189,0,1,TN
주식회사태진이엔지,1398138894,2014,0,0.0003,0,1,TN
주식회사태진이엔지,1398138894,2015,0,0.0002,0,1,TN
주식회사태진이엔지,1398138894,2016,0,0.0004,0,1,TN
주식회사태진이엔지,1398138894,2017,0,0.004,0,1,TN
주식회사태진이엔지,1398138894,2018,0,0.0017,0,1,TN
주식회사태진이엔지,1398138894,2019,0,0.0283,0,1,TN
주식회사태진이엔지,1398138894,2020,0,0.0281,0,1,TN
주식회사태진이엔지,1398138894,2021,0,0.0065,0,1,TN
주식회사태진이엔지,1398138894,2022,0,0.1793,1,0,FP
주식회사태진이엔지,1398138894,2023,0,0.0031,0,1,TN
주식회사태진이엔지,1398138894,2024,0,0.0022,0,1,TN
(주)성산제관,1398139025,2018,0,0.0004,0,1,TN
(주)성산제관,1398139025,2019,0,0.0002,0,1,TN
(주)성산제관,1398139025,2020,0,0.006,0,1,TN
(주)성산제관,1398139025,2021,0,0.0007,0,1,TN
(주)성산제관,1398139025,2022,0,0.0015,0,1,TN
(주)성산제관,1398139025,2023,0,0.0007,0,1,TN
(주)성산제관,1398139025,2024,0,0.0008,0,1,TN
(주)보성열처리,1398139739,2014,0,0.0025,0,1,TN
(주)보성열처리,1398139739,2015,0,0.0015,0,1,TN
(주)보성열처리,1398139739,2016,0,0.0014,0,1,TN
(주)보성열처리,1398139739,2017,0,0.0004,0,1,TN
(주)보성열처리,1398139739,2018,0,0.0003,0,1,TN
(주)보성열처리,1398139739,2019,0,0.0004,0,1,TN
(주)보성열처리,1398139739,2020,0,0.0005,0,1,TN
삼덕시스템(주),1398144571,2022,0,0.0025,0,1,TN
삼덕시스템(주),1398144571,2023,0,0.001,0,1,TN
삼덕시스템(주),1398144571,2024,0,0.0026,0,1,TN
(주)광천에스티,1408100777,2014,0,0.0021,0,1,TN
(주)광천에스티,1408100777,2015,0,0.0013,0,1,TN
(주)광천에스티,1408100777,2016,0,0.0006,0,1,TN
(주)광천에스티,1408100777,2017,0,0.0003,0,1,TN
(주)광천에스티,1408100777,2018,0,0.0004,0,1,TN
(주)광천에스티,1408100777,2019,0,0.0002,0,1,TN
(주)광천에스티,1408100777,2020,0,0.0015,0,1,TN
(주)광천에스티,1408100777,2021,0,0.0005,0,1,TN
(주)광천에스티,1408100777,2022,0,0.0013,0,1,TN
(주)광천에스티,1408100777,2023,0,0.0007,0,1,TN
(주)광천에스티,1408100777,2024,0,0.0005,0,1,TN
(주)메코텍티타늄,1408101586,2015,0,0.001,0,1,TN
(주)메코텍티타늄,1408101586,2016,0,0.0011,0,1,TN
(주)메코텍티타늄,1408101586,2017,0,0.0006,0,1,TN
(주)메코텍티타늄,1408101586,2018,0,0.0004,0,1,TN
(주)메코텍티타늄,1408101586,2019,0,0.0003,0,1,TN
(주)메코텍티타늄,1408101586,2020,0,0.001,0,1,TN
(주)메코텍티타늄,1408101586,2021,0,1e-04,0,1,TN
(주)메코텍티타늄,1408101586,2022,0,1e-04,0,1,TN
(주)메코텍티타늄,1408101586,2023,0,0.0002,0,1,TN
(주)인익스,1408101927,2019,0,0.0006,0,1,TN
(주)인익스,1408101927,2020,0,0.0111,0,1,TN
(주)인익스,1408101927,2021,0,0.0474,1,0,FP
(주)인익스,1408101927,2022,0,0.0005,0,1,TN
(주)인익스,1408101927,2023,0,0.0005,0,1,TN
(주)인익스,1408101927,2024,0,0.0004,0,1,TN
(주)동민금속공업,1408101999,2014,0,0.0753,1,0,FP
(주)동민금속공업,1408101999,2015,1,0.8842,1,1,TP
모아테크(주),1408104642,2017,0,0.0015,0,1,TN
모아테크(주),1408104642,2018,0,0.0011,0,1,TN
모아테크(주),1408104642,2019,0,0.001,0,1,TN
모아테크(주),1408104642,2021,0,0.0036,0,1,TN
모아테크(주),1408104642,2022,0,0.002,0,1,TN
모아테크(주),1408104642,2023,0,0.0011,0,1,TN
(주)선일,1408105864,2022,0,0.0007,0,1,TN
(주)선일,1408105864,2023,0,1e-04,0,1,TN
(주)선일,1408105864,2024,0,1e-04,0,1,TN
(주)동신이앤티,1408105980,2016,0,0.2038,1,0,FP
(주)동신이앤티,1408105980,2017,1,0.8314,1,1,TP
한닢테크(주),1408106897,2014,0,0.0018,0,1,TN
한닢테크(주),1408106897,2015,0,0.0006,0,1,TN
한닢테크(주),1408106897,2016,0,1e-04,0,1,TN
(주)대일씨에프티,1408109216,2014,0,0.0032,0,1,TN
(주)대일씨에프티,1408109216,2015,0,0.001,0,1,TN
(주)대일씨에프티,1408109216,2016,0,0.0006,0,1,TN
(주)대일씨에프티,1408109216,2017,0,0.0006,0,1,TN
(주)대일씨에프티,1408109216,2018,0,0.0008,0,1,TN
(주)대일씨에프티,1408109216,2019,0,0.0019,0,1,TN
(주)대일씨에프티,1408109216,2020,0,0.0041,0,1,TN
(주)대일씨에프티,1408109216,2021,0,0.0092,0,1,TN
(주)대일씨에프티,1408109216,2022,0,0.0058,0,1,TN
(주)대일씨에프티,1408109216,2023,0,0.0047,0,1,TN
(주)대일씨에프티,1408109216,2024,0,0.0018,0,1,TN
(주)오성마이더스,1408109405,2019,0,0.0002,0,1,TN
(주)오성마이더스,1408109405,2020,0,0.0004,0,1,TN
(주)오성마이더스,1408109405,2021,0,0.0002,0,1,TN
(주)오성마이더스,1408109405,2022,0,0.0006,0,1,TN
(주)오성마이더스,1408109405,2023,0,0.0002,0,1,TN
(주)오성마이더스,1408109405,2024,0,0.0002,0,1,TN
(주)대아금속,1408117297,2019,0,0.0009,0,1,TN
(주)대아금속,1408117297,2020,0,0.0012,0,1,TN
(주)대아금속,1408117297,2021,0,0.0021,0,1,TN
(주)대아금속,1408117297,2022,0,0.002,0,1,TN
(주)대아금속,1408117297,2023,0,0.0922,1,0,FP
(주)대아금속,1408117297,2024,0,0.3058,1,0,FP
주식회사코링텍,1408121530,2014,0,0.0005,0,1,TN
주식회사코링텍,1408121530,2015,0,0.0003,0,1,TN
주식회사코링텍,1408121530,2016,0,0.0344,1,0,FP
주식회사코링텍,1408121530,2017,0,0.0004,0,1,TN
주식회사코링텍,1408121530,2018,0,0.0195,0,1,TN
주식회사코링텍,1408121530,2019,0,0.0005,0,1,TN
(주)유영티엔에스,1408128095,2018,0,0.0011,0,1,TN
(주)유영티엔에스,1408128095,2019,0,0.011,0,1,TN
(주)유영티엔에스,1408128095,2020,1,0.8072,1,1,TP
지이엔(주),1408133545,2014,0,0.0003,0,1,TN
지이엔(주),1408133545,2015,0,0.0003,0,1,TN
지이엔(주),1408133545,2016,0,0.002,0,1,TN
지이엔(주),1408133545,2017,0,0.0002,0,1,TN
지이엔(주),1408133545,2018,0,1e-04,0,1,TN
지이엔(주),1408133545,2019,0,0.0002,0,1,TN
지이엔(주),1408133545,2020,0,0.0003,0,1,TN
지이엔(주),1408133545,2021,0,1e-04,0,1,TN
지이엔(주),1408133545,2022,0,0.0002,0,1,TN
지이엔(주),1408133545,2023,0,0.0002,0,1,TN
지이엔(주),1408133545,2024,0,0.0002,0,1,TN
한국웰드텍(주),1408136708,2014,0,0.0715,1,0,FP
한국웰드텍(주),1408136708,2015,0,0.0908,1,0,FP
한국웰드텍(주),1408136708,2016,1,0.7354,1,1,TP
(주)한성스틸레이져,1408143494,2022,0,0.0022,0,1,TN
(주)한성스틸레이져,1408143494,2023,0,0.1212,1,0,FP
(주)한성스틸레이져,1408143494,2024,1,0.7438,1,1,TP
주식회사내일금속,1408145508,2021,0,0.0005,0,1,TN
주식회사내일금속,1408145508,2022,0,0.0005,0,1,TN
주식회사내일금속,1408145508,2023,0,0.0011,0,1,TN
주식회사내일금속,1408145508,2024,0,0.0019,0,1,TN
주식회사유창,1408148198,2014,0,0.0002,0,1,TN
주식회사유창,1408148198,2015,0,1e-04,0,1,TN
주식회사유창,1408148198,2016,0,1e-04,0,1,TN
주식회사유창,1408148198,2017,0,1e-04,0,1,TN
주식회사유창,1408148198,2018,0,0.0002,0,1,TN
주식회사유창,1408148198,2019,0,0.0008,0,1,TN
주식회사유창,1408148198,2020,0,0.0015,0,1,TN
주식회사유창,1408148198,2021,0,0.0003,0,1,TN
주식회사유창,1408148198,2022,0,0.0007,0,1,TN
주식회사유창,1408148198,2023,0,0.0004,0,1,TN
주식회사유창,1408148198,2024,0,0.0006,0,1,TN
(주)재영테크,1408153901,2022,0,0.0022,0,1,TN
(주)재영테크,1408153901,2023,0,0.0013,0,1,TN
(주)재영테크,1408153901,2024,0,0.0018,0,1,TN
주식회사부원산업,1408156285,2019,0,0.0008,0,1,TN
주식회사부원산업,1408156285,2020,0,0.0104,0,1,TN
주식회사부원산업,1408156285,2021,0,0.0869,1,0,FP
대상시너스주식회사,1408159735,2021,0,0.0004,0,1,TN
대상시너스주식회사,1408159735,2022,0,0.0003,0,1,TN
대상시너스주식회사,1408159735,2023,0,0.0002,0,1,TN
대상시너스주식회사,1408159735,2024,0,0.0003,0,1,TN
(주)원창메탈,1408162128,2014,0,0.0046,0,1,TN
(주)원창메탈,1408162128,2015,0,0.0009,0,1,TN
(주)원창메탈,1408162128,2016,0,0.001,0,1,TN
(주)원창메탈,1408162128,2017,0,0.0013,0,1,TN
(주)원창메탈,1408162128,2018,0,0.0114,0,1,TN
(주)원창메탈,1408162128,2019,0,0.0487,1,0,FP
(주)원창메탈,1408162128,2020,0,0.034,1,0,FP
(주)원창메탈,1408162128,2021,0,0.0078,0,1,TN
(주)원창메탈,1408162128,2022,0,0.0398,1,0,FP
(주)원창메탈,1408162128,2023,0,0.0054,0,1,TN
(주)원창메탈,1408162128,2024,0,0.0119,0,1,TN
(주)선진테크,1408166105,2016,0,0.0023,0,1,TN
(주)선진테크,1408166105,2017,0,0.0044,0,1,TN
(주)선진테크,1408166105,2018,0,0.0028,0,1,TN
(주)선진테크,1408166105,2019,0,0.0013,0,1,TN
(주)다모아,1408169849,2014,0,0.0018,0,1,TN
(주)다모아,1408169849,2015,0,0.0008,0,1,TN
(주)다모아,1408169849,2016,0,0.0015,0,1,TN
(주)다모아,1408169849,2017,0,0.002,0,1,TN
(주)다모아,1408169849,2018,0,0.0031,0,1,TN
(주)다모아,1408169849,2019,0,0.0006,0,1,TN
(주)다모아,1408169849,2020,0,0.0006,0,1,TN
(주)다모아,1408169849,2021,0,0.0007,0,1,TN
(주)다모아,1408169849,2022,0,0.0084,0,1,TN
(주)다모아,1408169849,2023,0,0.003,0,1,TN
(주)다모아,1408169849,2024,0,0.0224,0,1,TN
선진금속주식회사,1408174527,2018,0,0.0003,0,1,TN
선진금속주식회사,1408174527,2019,0,0.0004,0,1,TN
선진금속주식회사,1408174527,2020,0,0.0039,0,1,TN
선진금속주식회사,1408174527,2021,0,0.0004,0,1,TN
선진금속주식회사,1408174527,2022,0,0.0007,0,1,TN
선진금속주식회사,1408174527,2023,0,0.002,0,1,TN
선진금속주식회사,1408174527,2024,0,0.007,0,1,TN
서울이앤비텍주식회사,1408177499,2014,0,0.0021,0,1,TN
서울이앤비텍주식회사,1408177499,2015,0,0.0217,0,1,TN
서울이앤비텍주식회사,1408177499,2016,1,0.7969,1,1,TP
사파이어주식회사,1408182352,2018,0,0.0005,0,1,TN
사파이어주식회사,1408182352,2019,0,0.0002,0,1,TN
사파이어주식회사,1408182352,2020,0,0.0021,0,1,TN
사파이어주식회사,1408182352,2021,0,0.0002,0,1,TN
주식회사더존시스템,1408182482,2017,0,0.0013,0,1,TN
주식회사더존시스템,1408182482,2018,0,0.0003,0,1,TN
주식회사더존시스템,1408182482,2019,0,0.0388,1,0,FP
(주)위드지스,1408184291,2018,0,0.0004,0,1,TN
(주)위드지스,1408184291,2019,0,0.0003,0,1,TN
(주)위드지스,1408184291,2020,0,0.0018,0,1,TN
(주)위드지스,1408184291,2021,0,0.0011,0,1,TN
(주)위드지스,1408184291,2022,0,0.0018,0,1,TN
(주)위드지스,1408184291,2023,0,0.0545,1,0,FP
(주)위드지스,1408184291,2024,0,0.2345,1,0,FP
(주)대한에스엔디,1408187513,2019,0,0.0009,0,1,TN
(주)대한에스엔디,1408187513,2020,0,0.0007,0,1,TN
(주)대한에스엔디,1408187513,2021,0,0.0118,0,1,TN
(주)대한에스엔디,1408187513,2022,0,0.005,0,1,TN
(주)대한에스엔디,1408187513,2023,0,0.0011,0,1,TN
(주)대한에스엔디,1408187513,2024,0,0.0019,0,1,TN
주식회사폴젠코리아,1408193640,2020,0,0.0006,0,1,TN
주식회사폴젠코리아,1408193640,2021,0,1e-04,0,1,TN
주식회사폴젠코리아,1408193640,2022,0,0.0002,0,1,TN
주식회사폴젠코리아,1408193640,2023,0,0.0003,0,1,TN
주식회사폴젠코리아,1408193640,2024,0,0.0006,0,1,TN
새롬패널주식회사,1418100275,2014,0,0.0015,0,1,TN
새롬패널주식회사,1418100275,2015,0,0.0012,0,1,TN
새롬패널주식회사,1418100275,2016,0,0.0014,0,1,TN
새롬패널주식회사,1418100275,2017,0,0.0024,0,1,TN
새롬패널주식회사,1418100275,2018,0,0.0019,0,1,TN
새롬패널주식회사,1418100275,2019,0,0.0032,0,1,TN
새롬패널주식회사,1418100275,2020,0,0.0535,1,0,FP
새롬패널주식회사,1418100275,2021,0,0.0026,0,1,TN
새롬패널주식회사,1418100275,2022,0,0.0049,0,1,TN
새롬패널주식회사,1418100275,2023,0,0.0021,0,1,TN
새롬패널주식회사,1418100275,2024,0,0.128,1,0,FP
대화메탈주식회사,1418102351,2014,0,0.0815,1,0,FP
대화메탈주식회사,1418102351,2015,0,0.002,0,1,TN
대화메탈주식회사,1418102351,2016,0,0.1389,1,0,FP
(주)율원,1418109688,2022,0,0.0015,0,1,TN
(주)율원,1418109688,2023,0,0.002,0,1,TN
(주)율원,1418109688,2024,0,0.0035,0,1,TN
해솔산업주식회사,1418113222,2018,0,0.0007,0,1,TN
해솔산업주식회사,1418113222,2019,0,0.0008,0,1,TN
해솔산업주식회사,1418113222,2020,0,0.0019,0,1,TN
해솔산업주식회사,1418113222,2021,0,0.0471,1,0,FP
해솔산업주식회사,1418113222,2022,1,0.3691,1,1,TP
주식회사선일,1418121402,2020,0,0.0004,0,1,TN
주식회사선일,1418121402,2021,0,0.0004,0,1,TN
주식회사선일,1418121402,2022,0,0.0056,0,1,TN
주식회사선일,1418121402,2023,0,0.0191,0,1,TN
주식회사선일,1418121402,2024,0,0.0815,1,0,FP
(주)원동판넬,1418132267,2014,0,0.003,0,1,TN
(주)원동판넬,1418132267,2015,0,0.0037,0,1,TN
(주)원동판넬,1418132267,2016,0,0.0027,0,1,TN
(주)원동판넬,1418132267,2017,0,0.0022,0,1,TN
(주)원동판넬,1418132267,2018,0,0.0014,0,1,TN
(주)원동판넬,1418132267,2019,0,0.0007,0,1,TN
(주)원동판넬,1418132267,2020,0,0.0189,0,1,TN
(주)원동판넬,1418132267,2021,0,0.0017,0,1,TN
(주)원동판넬,1418132267,2022,0,0.0014,0,1,TN
(주)원동판넬,1418132267,2023,0,0.0017,0,1,TN
(주)원동판넬,1418132267,2024,0,0.003,0,1,TN
주식회사범양플로이,1418601454,2019,0,0.0031,0,1,TN
주식회사범양플로이,1418601454,2021,0,0.0084,0,1,TN
주식회사범양플로이,1418601454,2022,1,0.3652,1,1,TP
주식회사우리이엠아이,1438101872,2022,0,0.0005,0,1,TN
주식회사우리이엠아이,1438101872,2023,0,0.0068,0,1,TN
주식회사우리이엠아이,1438101872,2024,0,0.0004,0,1,TN
태광이노테크주식회사,1438103282,2022,0,0.0027,0,1,TN
태광이노테크주식회사,1438103282,2023,0,0.1538,1,0,FP
태광이노테크주식회사,1438103282,2024,1,0.3768,1,1,TP
(주)드림메카텍,1438104618,2015,0,0.0004,0,1,TN
(주)드림메카텍,1438104618,2016,0,0.0004,0,1,TN
(주)드림메카텍,1438104618,2017,0,0.0008,0,1,TN
(주)드림메카텍,1438104618,2018,0,0.0005,0,1,TN
(주)드림메카텍,1438104618,2019,0,0.0004,0,1,TN
(주)드림메카텍,1438104618,2020,0,0.0194,0,1,TN
(주)드림메카텍,1438104618,2021,0,0.0014,0,1,TN
(주)드림메카텍,1438104618,2022,0,0.0024,0,1,TN
(주)드림메카텍,1438104618,2023,0,0.092,1,0,FP
(주)드림메카텍,1438104618,2024,0,0.0055,0,1,TN
대경정밀공업(주),1438106601,2018,0,0.0024,0,1,TN
대경정밀공업(주),1438106601,2019,0,0.0004,0,1,TN
대경정밀공업(주),1438106601,2020,0,0.0026,0,1,TN
대경정밀공업(주),1438106601,2021,0,0.0011,0,1,TN
대경정밀공업(주),1438106601,2022,0,0.001,0,1,TN
대경정밀공업(주),1438106601,2023,0,0.0008,0,1,TN
대경정밀공업(주),1438106601,2024,0,0.0014,0,1,TN
디케이산업(주),1438107139,2018,0,0.0009,0,1,TN
디케이산업(주),1438107139,2019,0,0.0013,0,1,TN
디케이산업(주),1438107139,2020,0,0.0489,1,0,FP
금남플랜트주식회사,1438114912,2022,0,0.0019,0,1,TN
금남플랜트주식회사,1438114912,2023,0,0.0181,0,1,TN
금남플랜트주식회사,1438114912,2024,0,0.0012,0,1,TN
주식회사현진금속,1438119799,2018,0,0.0006,0,1,TN
주식회사현진금속,1438119799,2019,0,0.0004,0,1,TN
주식회사현진금속,1438119799,2020,0,0.0022,0,1,TN
주식회사현진금속,1438119799,2021,0,0.0008,0,1,TN
주식회사현진금속,1438119799,2022,0,0.0012,0,1,TN
주식회사현진금속,1438119799,2023,0,0.004,0,1,TN
주식회사현진금속,1438119799,2024,0,0.0938,1,0,FP
(주)현대그린텍,1438123842,2022,0,0.0007,0,1,TN
(주)현대그린텍,1438123842,2023,0,0.0527,1,0,FP
(주)현대그린텍,1438123842,2024,0,0.0078,0,1,TN
주식회사빛나시스템창호,1438126683,2022,0,0.001,0,1,TN
주식회사빛나시스템창호,1438126683,2023,0,0.0023,0,1,TN
주식회사빛나시스템창호,1438126683,2024,0,0.0199,0,1,TN
한화디펜스주식회사,1568100729,2017,0,0.0018,0,1,TN
한화디펜스주식회사,1568100729,2018,0,0.0004,0,1,TN
한화디펜스주식회사,1568100729,2019,0,0.0002,0,1,TN
한화디펜스주식회사,1568100729,2020,0,0.0008,0,1,TN
한화디펜스주식회사,1568100729,2021,0,0.0003,0,1,TN
주식회사동아,1668601069,2018,0,0.0004,0,1,TN
주식회사동아,1668601069,2019,0,0.0002,0,1,TN
주식회사동아,1668601069,2020,0,0.0005,0,1,TN
주식회사동아,1668601069,2021,0,0.0004,0,1,TN
주식회사동아,1668601069,2022,0,0.0003,0,1,TN
주식회사동아,1668601069,2023,0,0.0002,0,1,TN
주식회사동아,1668601069,2024,0,0.0004,0,1,TN
한일캔주식회사,1678101766,2019,0,0.0013,0,1,TN
한일캔주식회사,1678101766,2020,0,0.0019,0,1,TN
한일캔주식회사,1678101766,2021,0,0.0002,0,1,TN
한일캔주식회사,1678101766,2022,0,0.0246,0,1,TN
한일캔주식회사,1678101766,2023,0,0.0024,0,1,TN
한일캔주식회사,1678101766,2024,0,0.0007,0,1,TN
(주)지성기업,1678600777,2020,0,0.002,0,1,TN
(주)지성기업,1678600777,2021,0,0.0019,0,1,TN
(주)지성기업,1678600777,2022,0,0.0026,0,1,TN
(주)지성기업,1678600777,2023,0,0.5568,1,0,FP
주식회사프레스코,1678700283,2016,0,0.0023,0,1,TN
주식회사프레스코,1678700283,2017,0,0.0033,0,1,TN
주식회사프레스코,1678700283,2018,0,0.0041,0,1,TN
주식회사프레스코,1678700283,2019,0,0.0084,0,1,TN
주식회사프레스코,1678700283,2020,0,0.0981,1,0,FP
주식회사프레스코,1678700283,2021,1,0.9099,1,1,TP
덕산에테르씨티(주),1698701819,2020,0,0.0009,0,1,TN
덕산에테르씨티(주),1698701819,2021,0,0.0004,0,1,TN
덕산에테르씨티(주),1698701819,2022,0,0.0003,0,1,TN
덕산에테르씨티(주),1698701819,2023,0,0.0002,0,1,TN
덕산에테르씨티(주),1698701819,2024,0,0.0003,0,1,TN
삼영정공(주),1748700729,2018,0,0.0006,0,1,TN
삼영정공(주),1748700729,2019,0,0.0005,0,1,TN
삼영정공(주),1748700729,2024,0,0.0026,0,1,TN
주식회사유주산업,1908601311,2021,0,0.0006,0,1,TN
주식회사유주산업,1908601311,2022,0,0.0012,0,1,TN
주식회사유주산업,1908601311,2023,0,0.0008,0,1,TN
주식회사유주산업,1908601311,2024,0,0.0006,0,1,TN
한국보싸드주식회사,2018161671,2014,0,0.0126,0,1,TN
한국보싸드주식회사,2018161671,2015,0,0.0014,0,1,TN
한국보싸드주식회사,2018161671,2016,0,0.001,0,1,TN
한국보싸드주식회사,2018161671,2017,0,0.0059,0,1,TN
한국보싸드주식회사,2018161671,2018,0,0.0013,0,1,TN
한국보싸드주식회사,2018161671,2021,0,0.0005,0,1,TN
한국보싸드주식회사,2018161671,2022,0,0.001,0,1,TN
한국보싸드주식회사,2018161671,2023,0,0.0008,0,1,TN
한국보싸드주식회사,2018161671,2024,0,0.0509,1,0,FP
홍진산업주식회사,2038152009,2014,1,0.7219,1,1,TP
씨케이코퍼레이션즈(주),2038156363,2014,0,0.0044,0,1,TN
씨케이코퍼레이션즈(주),2038156363,2015,0,0.0003,0,1,TN
씨케이코퍼레이션즈(주),2038156363,2016,0,0.0003,0,1,TN
씨케이코퍼레이션즈(주),2038156363,2017,0,1e-04,0,1,TN
씨케이코퍼레이션즈(주),2038156363,2018,0,0.0003,0,1,TN
씨케이코퍼레이션즈(주),2038156363,2019,0,0.0091,0,1,TN
씨케이코퍼레이션즈(주),2038156363,2020,0,0.0396,1,0,FP
씨케이코퍼레이션즈(주),2038156363,2021,0,0.0003,0,1,TN
씨케이코퍼레이션즈(주),2038156363,2022,0,0.0027,0,1,TN
씨케이코퍼레이션즈(주),2038156363,2023,0,0.0011,0,1,TN
씨케이코퍼레이션즈(주),2038156363,2024,0,0.0016,0,1,TN
삼성월드주식회사,2038158755,2019,0,0.0009,0,1,TN
삼성월드주식회사,2038158755,2020,0,0.0011,0,1,TN
삼성월드주식회사,2038158755,2021,0,0.0045,0,1,TN
삼성월드주식회사,2038158755,2022,0,0.0023,0,1,TN
삼성월드주식회사,2038158755,2023,0,0.0092,0,1,TN
삼성월드주식회사,2038158755,2024,0,0.0052,0,1,TN
동방노보펌(주),2048126197,2014,1,0.5726,1,1,TP
(주)보람스틸,2048156139,2018,0,0.0009,0,1,TN
(주)보람스틸,2048156139,2019,0,0.004,0,1,TN
(주)보람스틸,2048156139,2020,0,0.0319,1,0,FP
(주)보람스틸,2048156139,2021,0,0.0045,0,1,TN
(주)보람스틸,2048156139,2022,0,0.0017,0,1,TN
(주)보람스틸,2048156139,2023,0,0.1546,1,0,FP
(주)보람스틸,2048156139,2024,0,0.1059,1,0,FP
대경스틸산업주식회사,2048616302,2021,0,0.0002,0,1,TN
대경스틸산업주식회사,2048616302,2022,0,1e-04,0,1,TN
대경스틸산업주식회사,2048616302,2023,0,0.0002,0,1,TN
대경스틸산업주식회사,2048616302,2024,0,0.0002,0,1,TN
주식회사완성기업,2048638441,2020,0,0.0007,0,1,TN
주식회사완성기업,2048638441,2021,0,0.0002,0,1,TN
주식회사완성기업,2048638441,2022,0,0.0003,0,1,TN
주식회사완성기업,2048638441,2023,0,0.0004,0,1,TN
주식회사완성기업,2048638441,2024,0,0.0003,0,1,TN
주식회사화인엠택,2068159409,2018,0,0.0007,0,1,TN
주식회사화인엠택,2068159409,2019,0,0.0002,0,1,TN
주식회사화인엠택,2068159409,2020,0,0.0009,0,1,TN
주식회사화인엠택,2068159409,2021,0,0.0288,0,1,TN
주식회사화인엠택,2068159409,2022,0,0.0735,1,0,FP
주식회사화인엠택,2068159409,2023,1,0.2686,1,1,TP
(주)금도하드웨어,2068604587,2014,0,1e-04,0,1,TN
(주)금도하드웨어,2068604587,2015,0,0.0002,0,1,TN
(주)금도하드웨어,2068604587,2016,0,1e-04,0,1,TN
(주)금도하드웨어,2068604587,2017,0,1e-04,0,1,TN
(주)금도하드웨어,2068604587,2018,0,0.0005,0,1,TN
(주)금도하드웨어,2068604587,2019,0,0.0006,0,1,TN
(주)금도하드웨어,2068604587,2020,0,0.0007,0,1,TN
(주)금도하드웨어,2068604587,2021,0,0.0003,0,1,TN
(주)금도하드웨어,2068604587,2022,0,0.0002,0,1,TN
(주)금도하드웨어,2068604587,2023,0,0.0008,0,1,TN
(주)금도하드웨어,2068604587,2024,0,0.0009,0,1,TN
(주)디케이티,2068639446,2017,0,0.0008,0,1,TN
(주)디케이티,2068639446,2018,0,0.0002,0,1,TN
(주)디케이티,2068639446,2019,0,0.0002,0,1,TN
(주)디케이티,2068639446,2020,0,0.0737,1,0,FP
(주)디케이티,2068639446,2021,0,0.3259,1,0,FP
(주)디케이티,2068639446,2022,0,0.0385,1,0,FP
(주)디케이티,2068639446,2023,0,0.0115,0,1,TN
(주)디케이티,2068639446,2024,0,0.115,1,0,FP
(주)디엠에스코리아,2068654113,2020,0,0.0074,0,1,TN
(주)디엠에스코리아,2068654113,2021,0,0.0143,0,1,TN
(주)디엠에스코리아,2068654113,2022,1,0.0701,1,1,TP
주식회사서울에스티,2068658050,2019,0,0.0018,0,1,TN
주식회사서울에스티,2068658050,2020,0,0.0054,0,1,TN
주식회사서울에스티,2068658050,2021,0,0.0923,1,0,FP
주식회사서울에스티,2068658050,2022,0,0.0764,1,0,FP
주식회사서울에스티,2068658050,2023,0,0.1479,1,0,FP
주식회사서울에스티,2068658050,2024,0,0.3385,1,0,FP
제룡산업(주),2068658555,2014,0,0.0002,0,1,TN
제룡산업(주),2068658555,2015,0,0.0002,0,1,TN
제룡산업(주),2068658555,2016,0,0.0003,0,1,TN
제룡산업(주),2068658555,2017,0,0.0002,0,1,TN
제룡산업(주),2068658555,2018,0,1e-04,0,1,TN
제룡산업(주),2068658555,2019,0,0.0002,0,1,TN
제룡산업(주),2068658555,2020,0,0.0004,0,1,TN
제룡산업(주),2068658555,2021,0,1e-04,0,1,TN
제룡산업(주),2068658555,2022,0,0.0004,0,1,TN
제룡산업(주),2068658555,2023,0,0.0002,0,1,TN
제룡산업(주),2068658555,2024,0,0.0003,0,1,TN
빌드원(주),2068670296,2020,0,0.0017,0,1,TN
빌드원(주),2068670296,2021,0,0.0009,0,1,TN
빌드원(주),2068670296,2022,0,0.0017,0,1,TN
빌드원(주),2068670296,2023,0,0.0038,0,1,TN
빌드원(주),2068670296,2024,0,0.0228,0,1,TN
지엠에스이모빌리티주식회사,2078801476,2022,0,0.0007,0,1,TN
지엠에스이모빌리티주식회사,2078801476,2023,0,0.0008,0,1,TN
지엠에스이모빌리티주식회사,2078801476,2024,0,0.0016,0,1,TN
(주)삼우이엠씨,2088102557,2014,0,0.3021,1,0,FP
(주)삼우이엠씨,2088102557,2015,0,0.0883,1,0,FP
주식회사까사,2098801491,2021,0,0.0013,0,1,TN
주식회사까사,2098801491,2022,0,0.0008,0,1,TN
주식회사까사,2098801491,2023,0,0.0069,0,1,TN
주식회사까사,2098801491,2024,0,0.1583,1,0,FP
(주)아이스텍,2108130527,2014,1,0.8453,1,1,TP
아이펙이엔지주식회사,2108158414,2014,0,0.0016,0,1,TN
아이펙이엔지주식회사,2108158414,2015,0,0.0002,0,1,TN
아이펙이엔지주식회사,2108158414,2016,0,0.0004,0,1,TN
아이펙이엔지주식회사,2108158414,2017,0,0.1151,1,0,FP
아이펙이엔지주식회사,2108158414,2018,0,0.0271,0,1,TN
아이펙이엔지주식회사,2108158414,2019,1,0.7589,1,1,TP
(주)동남코리아,2118602053,2014,0,0.0243,0,1,TN
(주)동남코리아,2118602053,2015,1,0.6573,1,1,TP
주식회사부원비엠에스,2118649984,2014,0,0.0002,0,1,TN
주식회사부원비엠에스,2118649984,2015,0,0.0002,0,1,TN
주식회사부원비엠에스,2118649984,2016,0,1e-04,0,1,TN
주식회사부원비엠에스,2118649984,2017,0,1e-04,0,1,TN
주식회사부원비엠에스,2118649984,2018,0,0.0003,0,1,TN
주식회사부원비엠에스,2118649984,2019,0,0.0002,0,1,TN
주식회사부원비엠에스,2118649984,2020,0,0.0032,0,1,TN
주식회사부원비엠에스,2118649984,2021,0,0.0006,0,1,TN
주식회사부원비엠에스,2118649984,2022,0,0.0007,0,1,TN
주식회사부원비엠에스,2118649984,2023,0,0.0005,0,1,TN
주식회사부원비엠에스,2118649984,2024,0,0.0005,0,1,TN
대창이엔지주식회사,2128140263,2016,0,0.0004,0,1,TN
대창이엔지주식회사,2128140263,2017,0,1e-04,0,1,TN
대창이엔지주식회사,2128140263,2018,0,0.0002,0,1,TN
대창이엔지주식회사,2128140263,2019,0,1e-04,0,1,TN
대창이엔지주식회사,2128140263,2020,0,0.0004,0,1,TN
대창이엔지주식회사,2128140263,2021,0,0.0031,0,1,TN
대창이엔지주식회사,2128140263,2022,0,0.0004,0,1,TN
대창이엔지주식회사,2128140263,2023,0,0.0005,0,1,TN
대창이엔지주식회사,2128140263,2024,0,0.0004,0,1,TN
(주)한국알텍,2128173653,2014,0,0.0013,0,1,TN
(주)한국알텍,2128173653,2015,0,0.0002,0,1,TN
(주)한국알텍,2128173653,2016,0,1e-04,0,1,TN
(주)한국알텍,2128173653,2017,0,0.0556,1,0,FP
(주)한국알텍,2128173653,2018,0,0.0869,1,0,FP
(주)한국알텍,2128173653,2019,1,0.7029,1,1,TP
씨에스윈드(주),2128176626,2014,0,0.0006,0,1,TN
씨에스윈드(주),2128176626,2015,0,0.0002,0,1,TN
씨에스윈드(주),2128176626,2016,0,0.0098,0,1,TN
씨에스윈드(주),2128176626,2017,0,0.0004,0,1,TN
씨에스윈드(주),2128176626,2018,0,0.0002,0,1,TN
씨에스윈드(주),2128176626,2019,0,0.0006,0,1,TN
씨에스윈드(주),2128176626,2020,0,0.0004,0,1,TN
씨에스윈드(주),2128176626,2021,0,0.0002,0,1,TN
씨에스윈드(주),2128176626,2022,0,0.0093,0,1,TN
씨에스윈드(주),2128176626,2023,0,0.0038,0,1,TN
씨에스윈드(주),2128176626,2024,0,0.0005,0,1,TN
한국야금(주),2148108556,2014,0,0.0006,0,1,TN
한국야금(주),2148108556,2015,0,1e-04,0,1,TN
한국야금(주),2148108556,2016,0,0.0002,0,1,TN
한국야금(주),2148108556,2017,0,0.0002,0,1,TN
한국야금(주),2148108556,2018,0,1e-04,0,1,TN
한국야금(주),2148108556,2019,0,0.0002,0,1,TN
한국야금(주),2148108556,2020,0,0.0136,0,1,TN
한국야금(주),2148108556,2021,0,0.0012,0,1,TN
한국야금(주),2148108556,2022,0,0.0006,0,1,TN
한국야금(주),2148108556,2023,0,0.0002,0,1,TN
한국야금(주),2148108556,2024,0,0.0003,0,1,TN
현대종합금속(주),2148124202,2014,0,0.0003,0,1,TN
현대종합금속(주),2148124202,2015,0,0.0004,0,1,TN
현대종합금속(주),2148124202,2016,0,1e-04,0,1,TN
현대종합금속(주),2148124202,2017,0,0.0008,0,1,TN
현대종합금속(주),2148124202,2018,0,0.001,0,1,TN
현대종합금속(주),2148124202,2019,0,0.0002,0,1,TN
현대종합금속(주),2148124202,2020,0,0.0009,0,1,TN
현대종합금속(주),2148124202,2021,0,0.0004,0,1,TN
현대종합금속(주),2148124202,2022,0,0.0011,0,1,TN
현대종합금속(주),2148124202,2023,0,0.0002,0,1,TN
현대종합금속(주),2148124202,2024,0,0.0002,0,1,TN
(주)에스코알티에스,2148145395,2014,0,0.0088,0,1,TN
(주)에스코알티에스,2148145395,2015,0,0.001,0,1,TN
(주)에스코알티에스,2148145395,2016,0,0.0004,0,1,TN
(주)에스코알티에스,2148145395,2017,0,0.0002,0,1,TN
(주)에스코알티에스,2148145395,2018,0,0.0006,0,1,TN
(주)에스코알티에스,2148145395,2019,0,0.0019,0,1,TN
(주)에스코알티에스,2148145395,2020,0,0.0076,0,1,TN
(주)에스코알티에스,2148145395,2021,0,0.0516,1,0,FP
(주)에스코알티에스,2148145395,2022,1,0.0177,0,0,FN
주식회사맥파,2148163374,2021,0,0.0004,0,1,TN
주식회사맥파,2148163374,2022,0,0.0003,0,1,TN
주식회사맥파,2148163374,2023,0,0.0025,0,1,TN
주식회사맥파,2148163374,2024,0,0.0027,0,1,TN
유니온엔지니어링주식회사,2148175846,2014,0,0.0046,0,1,TN
유니온엔지니어링주식회사,2148175846,2015,0,0.0609,1,0,FP
(주)거흥산업,2148177602,2014,0,0.0006,0,1,TN
(주)거흥산업,2148177602,2015,0,0.0002,0,1,TN
(주)거흥산업,2148177602,2016,0,0.0002,0,1,TN
(주)거흥산업,2148177602,2017,0,0.0002,0,1,TN
(주)거흥산업,2148177602,2018,0,0.0045,0,1,TN
(주)거흥산업,2148177602,2019,0,0.0254,0,1,TN
(주)거흥산업,2148177602,2020,0,0.0019,0,1,TN
(주)거흥산업,2148177602,2021,0,0.0003,0,1,TN
(주)거흥산업,2148177602,2022,0,0.0187,0,1,TN
(주)거흥산업,2148177602,2023,0,0.0411,1,0,FP
하스엠주식회사,2148653610,2020,0,0.0004,0,1,TN
하스엠주식회사,2148653610,2021,0,0.0373,1,0,FP
하스엠주식회사,2148653610,2022,0,0.0011,0,1,TN
하스엠주식회사,2148653610,2023,0,0.0018,0,1,TN
하스엠주식회사,2148653610,2024,0,0.0021,0,1,TN
한국발터(주),2148662346,2014,0,0.0016,0,1,TN
한국발터(주),2148662346,2017,0,0.0003,0,1,TN
한국발터(주),2148662346,2018,0,0.0003,0,1,TN
한국발터(주),2148662346,2019,0,0.0005,0,1,TN
한국발터(주),2148662346,2021,0,0.0004,0,1,TN
한국발터(주),2148662346,2022,0,0.0004,0,1,TN
(주)에스앤씨산업,2148667230,2014,0,0.0002,0,1,TN
(주)에스앤씨산업,2148667230,2015,0,0.0005,0,1,TN
(주)에스앤씨산업,2148667230,2016,0,1e-04,0,1,TN
(주)에스앤씨산업,2148667230,2017,0,0.0002,0,1,TN
(주)에스앤씨산업,2148667230,2018,0,0.0,0,1,TN
(주)에스앤씨산업,2148667230,2019,0,0.0002,0,1,TN
(주)에스앤씨산업,2148667230,2020,0,0.0003,0,1,TN
(주)에스앤씨산업,2148667230,2021,0,1e-04,0,1,TN
(주)에스앤씨산업,2148667230,2022,0,0.0005,0,1,TN
(주)에스앤씨산업,2148667230,2023,0,0.0004,0,1,TN
(주)에스앤씨산업,2148667230,2024,0,0.0019,0,1,TN
(주)아린엠에이치씨,2148751453,2018,0,0.0005,0,1,TN
(주)아린엠에이치씨,2148751453,2019,0,0.0002,0,1,TN
(주)아린엠에이치씨,2148751453,2020,0,0.0005,0,1,TN
(주)아린엠에이치씨,2148751453,2021,0,0.0003,0,1,TN
(주)아린엠에이치씨,2148751453,2022,0,0.0029,0,1,TN
(주)아린엠에이치씨,2148751453,2023,0,0.0005,0,1,TN
(주)아린엠에이치씨,2148751453,2024,0,0.001,0,1,TN
주식회사하이시스이엔지,2148763930,2014,0,0.0015,0,1,TN
주식회사하이시스이엔지,2148763930,2015,0,0.0005,0,1,TN
주식회사하이시스이엔지,2148763930,2016,0,0.0004,0,1,TN
주식회사하이시스이엔지,2148763930,2017,0,0.0005,0,1,TN
주식회사하이시스이엔지,2148763930,2018,0,0.0061,0,1,TN
주식회사하이시스이엔지,2148763930,2019,0,0.0024,0,1,TN
주식회사하이시스이엔지,2148763930,2020,0,0.0741,1,0,FP
주식회사하이시스이엔지,2148763930,2021,0,0.0004,0,1,TN
주식회사하이시스이엔지,2148763930,2022,0,0.0296,0,1,TN
주식회사하이시스이엔지,2148763930,2023,0,0.0012,0,1,TN
주식회사하이시스이엔지,2148763930,2024,0,0.0013,0,1,TN
배성스틸(주),2148827848,2021,0,0.0007,0,1,TN
배성스틸(주),2148827848,2022,0,0.0003,0,1,TN
배성스틸(주),2148827848,2023,0,0.0003,0,1,TN
배성스틸(주),2148827848,2024,0,0.0003,0,1,TN
(주)대길통상,2158116699,2014,0,0.0002,0,1,TN
(주)대길통상,2158116699,2015,0,1e-04,0,1,TN
(주)대길통상,2158116699,2016,0,0.0002,0,1,TN
(주)대길통상,2158116699,2017,0,0.0002,0,1,TN
(주)대길통상,2158116699,2018,0,0.0004,0,1,TN
(주)대길통상,2158116699,2019,0,0.0003,0,1,TN
(주)대길통상,2158116699,2020,0,0.0007,0,1,TN
(주)대길통상,2158116699,2021,0,0.0004,0,1,TN
(주)대길통상,2158116699,2022,0,0.0002,0,1,TN
(주)대길통상,2158116699,2023,0,0.0003,0,1,TN
(주)대길통상,2158116699,2024,0,0.0051,0,1,TN
(주)대상테크롤,2158145909,2015,0,0.0008,0,1,TN
(주)대상테크롤,2158145909,2016,0,0.0104,0,1,TN
(주)대상테크롤,2158145909,2017,0,0.0045,0,1,TN
(주)대상테크롤,2158145909,2018,0,0.0003,0,1,TN
(주)대상테크롤,2158145909,2019,0,0.0004,0,1,TN
(주)대상테크롤,2158145909,2020,0,0.0016,0,1,TN
(주)대상테크롤,2158145909,2021,0,0.013,0,1,TN
(주)대상테크롤,2158145909,2022,0,0.0044,0,1,TN
(주)대상테크롤,2158145909,2023,0,0.0316,1,0,FP
(주)대상테크롤,2158145909,2024,0,0.0052,0,1,TN
엘아이지디펜스앤에어로스페이스(주),2158635051,2014,0,0.0005,0,1,TN
엘아이지디펜스앤에어로스페이스(주),2158635051,2015,0,0.0004,0,1,TN
엘아이지디펜스앤에어로스페이스(주),2158635051,2016,0,0.0002,0,1,TN
엘아이지디펜스앤에어로스페이스(주),2158635051,2017,0,0.014,0,1,TN
엘아이지디펜스앤에어로스페이스(주),2158635051,2018,0,0.0054,0,1,TN
엘아이지디펜스앤에어로스페이스(주),2158635051,2019,0,0.021,0,1,TN
엘아이지디펜스앤에어로스페이스(주),2158635051,2020,0,0.0018,0,1,TN
엘아이지디펜스앤에어로스페이스(주),2158635051,2021,0,0.0019,0,1,TN
엘아이지디펜스앤에어로스페이스(주),2158635051,2022,0,0.0006,0,1,TN
엘아이지디펜스앤에어로스페이스(주),2158635051,2023,0,0.0004,0,1,TN
엘아이지디펜스앤에어로스페이스(주),2158635051,2024,0,0.0008,0,1,TN
주식회사해광,2158648880,2018,0,0.0005,0,1,TN
주식회사해광,2158648880,2019,0,1e-04,0,1,TN
주식회사해광,2158648880,2020,0,0.0014,0,1,TN
주식회사해광,2158648880,2021,0,0.0002,0,1,TN
주식회사해광,2158648880,2022,0,0.0004,0,1,TN
주식회사해광,2158648880,2023,0,0.0006,0,1,TN
주식회사해광,2158648880,2024,0,0.0006,0,1,TN
매크로드(주),2158659470,2014,0,0.0061,0,1,TN
매크로드(주),2158659470,2015,0,0.0008,0,1,TN
매크로드(주),2158659470,2016,0,0.0003,0,1,TN
매크로드(주),2158659470,2017,0,0.0045,0,1,TN
매크로드(주),2158659470,2018,0,0.0011,0,1,TN
매크로드(주),2158659470,2019,0,0.0019,0,1,TN
매크로드(주),2158659470,2020,0,0.0265,0,1,TN
매크로드(주),2158659470,2021,0,0.0396,1,0,FP
매크로드(주),2158659470,2022,0,0.0216,0,1,TN
매크로드(주),2158659470,2023,0,0.0013,0,1,TN
매크로드(주),2158659470,2024,0,0.0047,0,1,TN
(주)백승패널,2158762991,2019,0,0.0003,0,1,TN
(주)백승패널,2158762991,2020,0,0.0012,0,1,TN
(주)백승패널,2158762991,2021,0,0.0008,0,1,TN
넥스로지텍(주),2158775690,2018,0,0.0004,0,1,TN
넥스로지텍(주),2158775690,2019,0,0.001,0,1,TN
넥스로지텍(주),2158775690,2020,0,0.0009,0,1,TN
넥스로지텍(주),2158775690,2021,0,0.0019,0,1,TN
넥스로지텍(주),2158775690,2022,0,0.0011,0,1,TN
넥스로지텍(주),2158775690,2023,0,0.0006,0,1,TN
넥스로지텍(주),2158775690,2024,0,0.1863,1,0,FP
주식회사네오시티,2158793233,2017,0,0.0012,0,1,TN
주식회사네오시티,2158793233,2018,0,0.0006,0,1,TN
주식회사네오시티,2158793233,2020,0,0.0062,0,1,TN
주식회사네오시티,2158793233,2021,0,0.001,0,1,TN
주식회사네오시티,2158793233,2022,0,0.0432,1,0,FP
주식회사네오시티,2158793233,2023,0,0.299,1,0,FP
주식회사네오시티,2158793233,2024,0,0.0031,0,1,TN
(주)영공,2168105628,2014,0,0.027,0,1,TN
(주)영공,2168105628,2015,1,0.4534,1,1,TP
삼원정공주식회사,2188103854,2014,0,1e-04,0,1,TN
삼원정공주식회사,2188103854,2015,0,0.0002,0,1,TN
삼원정공주식회사,2188103854,2016,0,1e-04,0,1,TN
삼원정공주식회사,2188103854,2017,0,1e-04,0,1,TN
삼원정공주식회사,2188103854,2018,0,1e-04,0,1,TN
삼원정공주식회사,2188103854,2019,0,0.0002,0,1,TN
삼원정공주식회사,2188103854,2020,0,0.0004,0,1,TN
삼원정공주식회사,2188103854,2021,0,0.0003,0,1,TN
삼원정공주식회사,2188103854,2022,0,0.0005,0,1,TN
삼원정공주식회사,2188103854,2023,0,0.0008,0,1,TN
삼원정공주식회사,2188103854,2024,0,0.0004,0,1,TN
(주)일륭금속,2188108903,2014,0,0.0002,0,1,TN
(주)일륭금속,2188108903,2016,0,0.0002,0,1,TN
(주)일륭금속,2188108903,2017,0,1e-04,0,1,TN
(주)일륭금속,2188108903,2018,0,0.0003,0,1,TN
(주)일륭금속,2188108903,2019,0,0.0003,0,1,TN
(주)일륭금속,2188108903,2020,0,0.0021,0,1,TN
(주)일륭금속,2188108903,2021,0,0.0002,0,1,TN
(주)일륭금속,2188108903,2022,0,0.0002,0,1,TN
(주)일륭금속,2188108903,2023,0,0.0008,0,1,TN
(주)일륭금속,2188108903,2024,0,0.0003,0,1,TN
(주)대륙제관,2208104875,2014,0,0.0005,0,1,TN
(주)대륙제관,2208104875,2015,0,0.0003,0,1,TN
(주)대륙제관,2208104875,2016,0,1e-04,0,1,TN
(주)대륙제관,2208104875,2017,0,1e-04,0,1,TN
(주)대륙제관,2208104875,2018,0,1e-04,0,1,TN
(주)대륙제관,2208104875,2019,0,0.0002,0,1,TN
(주)대륙제관,2208104875,2020,0,0.0011,0,1,TN
(주)대륙제관,2208104875,2021,0,1e-04,0,1,TN
(주)대륙제관,2208104875,2022,0,0.0003,0,1,TN
(주)대륙제관,2208104875,2023,0,0.0002,0,1,TN
(주)대륙제관,2208104875,2024,0,0.0002,0,1,TN
에스피씨케이(주),2208174600,2015,0,0.0008,0,1,TN
에스피씨케이(주),2208174600,2016,0,0.0054,0,1,TN
에스피씨케이(주),2208174600,2017,0,0.0714,1,0,FP
에스피씨케이(주),2208174600,2018,0,0.106,1,0,FP
에스피씨케이(주),2208174600,2019,0,0.4403,1,0,FP
에스피씨케이(주),2208174600,2022,0,0.1267,1,0,FP
에스피씨케이(주),2208174600,2023,0,0.0043,0,1,TN
에스피씨케이(주),2208174600,2024,0,0.0039,0,1,TN
주식회사신평,2208732053,2014,0,0.033,1,0,FP
주식회사신평,2208732053,2015,0,0.0056,0,1,TN
주식회사신평,2208732053,2016,0,0.05,1,0,FP
주식회사신평,2208732053,2017,0,0.0027,0,1,TN
주식회사신평,2208732053,2018,0,0.0243,0,1,TN
주식회사신평,2208732053,2019,0,0.0087,0,1,TN
주식회사신평,2208732053,2020,0,0.0033,0,1,TN
주식회사신평,2208732053,2021,0,0.0006,0,1,TN
주식회사신평,2208732053,2022,0,0.003,0,1,TN
주식회사신평,2208732053,2023,0,0.0014,0,1,TN
주식회사신평,2208732053,2024,0,0.0007,0,1,TN
다산기업주식회사,2228124412,2018,0,0.0005,0,1,TN
다산기업주식회사,2228124412,2019,0,0.0005,0,1,TN
다산기업주식회사,2228124412,2020,0,0.0031,0,1,TN
다산기업주식회사,2228124412,2021,0,0.012,0,1,TN
다산기업주식회사,2228124412,2022,0,0.1461,1,0,FP
다산기업주식회사,2228124412,2023,1,0.3026,1,1,TP
주식회사건호이엔씨,2278112134,2019,0,0.0012,0,1,TN
주식회사건호이엔씨,2278112134,2020,0,0.0042,0,1,TN
주식회사건호이엔씨,2278112134,2021,0,0.0023,0,1,TN
주식회사건호이엔씨,2278112134,2022,0,0.0021,0,1,TN
주식회사건호이엔씨,2278112134,2023,0,0.0007,0,1,TN
주식회사건호이엔씨,2278112134,2024,0,0.0014,0,1,TN
주식회사대봉이엔지,2318102294,2020,0,0.0009,0,1,TN
주식회사대봉이엔지,2318102294,2021,0,1e-04,0,1,TN
주식회사대봉이엔지,2318102294,2022,0,0.0002,0,1,TN
주식회사대봉이엔지,2318102294,2023,0,0.0005,0,1,TN
주식회사대봉이엔지,2318102294,2024,0,0.0003,0,1,TN
(주)벽두도어,2328101610,2017,0,0.0011,0,1,TN
(주)벽두도어,2328101610,2018,0,0.0058,0,1,TN
(주)벽두도어,2328101610,2019,0,0.0027,0,1,TN
(주)벽두도어,2328101610,2023,0,0.0261,0,1,TN
(주)벽두도어,2328101610,2024,0,0.0925,1,0,FP
(주)제이에스와이글로벌,2348107774,2018,0,0.0005,0,1,TN
(주)제이에스와이글로벌,2348107774,2019,0,0.0007,0,1,TN
(주)제이에스와이글로벌,2348107774,2020,0,0.0419,1,0,FP
JS데코(주),2348700701,2018,0,0.001,0,1,TN
JS데코(주),2348700701,2019,0,0.0153,0,1,TN
JS데코(주),2348700701,2020,0,0.1612,1,0,FP
지이파워시스템즈코리아주식회사,2398800396,2016,0,0.0015,0,1,TN
지이파워시스템즈코리아주식회사,2398800396,2017,0,0.0076,0,1,TN
지이파워시스템즈코리아주식회사,2398800396,2018,0,0.0009,0,1,TN
지이파워시스템즈코리아주식회사,2398800396,2019,0,0.0034,0,1,TN
지이파워시스템즈코리아주식회사,2398800396,2020,0,0.0029,0,1,TN
지이파워시스템즈코리아주식회사,2398800396,2021,0,0.0006,0,1,TN
지이파워시스템즈코리아주식회사,2398800396,2022,0,0.0012,0,1,TN
지이파워시스템즈코리아주식회사,2398800396,2023,0,0.0422,1,0,FP
지이파워시스템즈코리아주식회사,2398800396,2024,0,0.0373,1,0,FP
(주)양지모터스,2428102969,2022,0,0.0053,0,1,TN
(주)양지모터스,2428102969,2023,0,0.1449,1,0,FP
(주)양지모터스,2428102969,2024,1,0.2824,1,1,TP
주식회사동광산업,2458602342,2022,0,0.0097,0,1,TN
주식회사동광산업,2458602342,2023,0,0.6615,1,0,FP
주식회사동광산업,2458602342,2024,1,0.8241,1,1,TP
주식회사성화실업,2578100911,2018,0,0.001,0,1,TN
주식회사성화실업,2578100911,2019,0,0.0055,0,1,TN
주식회사성화실업,2578100911,2024,0,0.0081,0,1,TN
(주)원대산업개발,2578800230,2017,0,0.0057,0,1,TN
(주)원대산업개발,2578800230,2018,0,0.0023,0,1,TN
(주)원대산업개발,2578800230,2019,0,0.0045,0,1,TN
(주)원대산업개발,2578800230,2020,0,0.0181,0,1,TN
(주)드림엠앤에스,2638100288,2021,0,0.0014,0,1,TN
(주)드림엠앤에스,2638100288,2022,0,0.0013,0,1,TN
(주)드림엠앤에스,2638100288,2023,0,0.1163,1,0,FP
(주)드림엠앤에스,2638100288,2024,0,0.1689,1,0,FP
더부철강산업(주),2648124677,2014,0,0.0022,0,1,TN
더부철강산업(주),2648124677,2015,0,0.0016,0,1,TN
더부철강산업(주),2648124677,2016,0,0.0027,0,1,TN
더부철강산업(주),2648124677,2017,0,0.0044,0,1,TN
더부철강산업(주),2648124677,2018,0,0.002,0,1,TN
더부철강산업(주),2648124677,2019,0,0.0021,0,1,TN
더부철강산업(주),2648124677,2020,0,0.0051,0,1,TN
더부철강산업(주),2648124677,2021,0,0.0011,0,1,TN
더부철강산업(주),2648124677,2022,0,0.0049,0,1,TN
더부철강산업(주),2648124677,2023,0,0.0113,0,1,TN
더부철강산업(주),2648124677,2024,0,0.0236,0,1,TN
주식회사데이먼인더스트리,2648128805,2020,0,0.0029,0,1,TN
주식회사데이먼인더스트리,2648128805,2021,0,0.0072,0,1,TN
주식회사데이먼인더스트리,2648128805,2022,0,0.0034,0,1,TN
주식회사데이먼인더스트리,2648128805,2023,0,0.1041,1,0,FP
주식회사데이먼인더스트리,2648128805,2024,0,0.2566,1,0,FP
주식회사풍산물산,2668700519,2021,0,0.0006,0,1,TN
주식회사풍산물산,2668700519,2022,0,1e-04,0,1,TN
주식회사풍산물산,2668700519,2023,0,0.0003,0,1,TN
주식회사풍산물산,2668700519,2024,0,0.0004,0,1,TN
주식회사예일,2848800509,2022,0,0.001,0,1,TN
주식회사예일,2848800509,2023,0,0.0004,0,1,TN
주식회사예일,2848800509,2024,0,0.0022,0,1,TN
(주)디에스강재,2868101543,2022,0,0.0016,0,1,TN
(주)디에스강재,2868101543,2023,0,0.0147,0,1,TN
(주)디에스강재,2868101543,2024,0,0.0085,0,1,TN
주식회사삼일육에스앤알,2878802151,2022,0,0.002,0,1,TN
주식회사삼일육에스앤알,2878802151,2023,0,0.0017,0,1,TN
주식회사삼일육에스앤알,2878802151,2024,0,0.0015,0,1,TN
주식회사퍼넥스이노베이션,2908701578,2022,0,0.0013,0,1,TN
주식회사퍼넥스이노베이션,2908701578,2023,0,0.0047,0,1,TN
주식회사퍼넥스이노베이션,2908701578,2024,0,0.0151,0,1,TN
주식회사사강,2908802424,2022,0,0.0072,0,1,TN
주식회사사강,2908802424,2023,0,0.1216,1,0,FP
주식회사사강,2908802424,2024,1,0.6333,1,1,TP
주식회사하이티티진천공장,2968800045,2015,0,0.001,0,1,TN
주식회사하이티티진천공장,2968800045,2016,0,0.0006,0,1,TN
주식회사하이티티진천공장,2968800045,2017,0,0.0021,0,1,TN
주식회사하이티티진천공장,2968800045,2018,0,0.0007,0,1,TN
주식회사하이티티진천공장,2968800045,2019,0,0.0003,0,1,TN
이화다이아몬드공구(주),3018116160,2014,0,0.0017,0,1,TN
이화다이아몬드공구(주),3018116160,2017,0,0.0006,0,1,TN
이화다이아몬드공구(주),3018116160,2018,0,0.0054,0,1,TN
이화다이아몬드공구(주),3018116160,2019,0,0.0005,0,1,TN
이화다이아몬드공구(주),3018116160,2020,0,0.0004,0,1,TN
이화다이아몬드공구(주),3018116160,2021,0,1e-04,0,1,TN
이화다이아몬드공구(주),3018116160,2022,0,0.0134,0,1,TN
이화다이아몬드공구(주),3018116160,2023,0,0.0791,1,0,FP
이화다이아몬드공구(주),3018116160,2024,0,0.0237,0,1,TN
유진철강산업(주),3018116869,2014,0,0.0003,0,1,TN
유진철강산업(주),3018116869,2015,0,0.0006,0,1,TN
유진철강산업(주),3018116869,2016,0,0.0003,0,1,TN
유진철강산업(주),3018116869,2017,0,0.0002,0,1,TN
유진철강산업(주),3018116869,2018,0,0.0004,0,1,TN
유진철강산업(주),3018116869,2019,0,0.0039,0,1,TN
유진철강산업(주),3018116869,2020,0,0.0006,0,1,TN
유진철강산업(주),3018116869,2021,0,0.0004,0,1,TN
유진철강산업(주),3018116869,2022,0,0.0009,0,1,TN
유진철강산업(주),3018116869,2023,0,0.0103,0,1,TN
유진철강산업(주),3018116869,2024,0,0.0406,1,0,FP
한세이프(주),3018134907,2014,0,0.0008,0,1,TN
한세이프(주),3018134907,2016,0,0.0006,0,1,TN
한세이프(주),3018134907,2017,0,0.0006,0,1,TN
한세이프(주),3018134907,2018,0,0.0014,0,1,TN
한세이프(주),3018134907,2019,0,0.002,0,1,TN
한세이프(주),3018134907,2020,0,0.0022,0,1,TN
한세이프(주),3018134907,2021,0,0.0005,0,1,TN
한세이프(주),3018134907,2022,0,0.0009,0,1,TN
한세이프(주),3018134907,2023,0,0.0013,0,1,TN
한세이프(주),3018134907,2024,0,0.0352,1,0,FP
(주)나노테크,3018137700,2014,0,0.0009,0,1,TN
(주)나노테크,3018137700,2015,0,1e-04,0,1,TN
(주)나노테크,3018137700,2016,0,1e-04,0,1,TN
(주)나노테크,3018137700,2017,0,1e-04,0,1,TN
(주)나노테크,3018137700,2018,0,0.0075,0,1,TN
(주)나노테크,3018137700,2019,0,0.0565,1,0,FP
(주)나노테크,3018137700,2020,0,0.0283,0,1,TN
(주)나노테크,3018137700,2021,0,0.0005,0,1,TN
(주)나노테크,3018137700,2022,0,0.087,1,0,FP
(주)나노테크,3018137700,2023,0,0.0067,0,1,TN
(주)나노테크,3018137700,2024,0,0.0014,0,1,TN
엘엔,3018139519,2017,0,0.0009,0,1,TN
엘엔,3018139519,2018,0,0.0003,0,1,TN
엘엔,3018139519,2019,0,0.0005,0,1,TN
엘엔,3018139519,2020,0,0.026,0,1,TN
엘엔,3018139519,2021,0,0.0021,0,1,TN
엘엔,3018139519,2022,0,0.0004,0,1,TN
엘엔,3018139519,2023,0,0.0003,0,1,TN
엘엔,3018139519,2024,0,0.0004,0,1,TN
(주)신일,3018140641,2014,0,0.0292,0,1,TN
(주)신일,3018140641,2015,0,0.0152,0,1,TN
(주)신일,3018140641,2016,0,0.0123,0,1,TN
(주)신일,3018140641,2017,0,0.0186,0,1,TN
(주)신일,3018140641,2018,0,0.0021,0,1,TN
(주)신일,3018140641,2019,0,0.0059,0,1,TN
(주)신일,3018140641,2020,0,0.0148,0,1,TN
(주)신일,3018140641,2021,1,0.4787,1,1,TP
퍼멘텍(주),3018159951,2017,0,0.0012,0,1,TN
퍼멘텍(주),3018159951,2018,0,0.0085,0,1,TN
퍼멘텍(주),3018159951,2019,0,0.0035,0,1,TN
퍼멘텍(주),3018159951,2020,0,0.0011,0,1,TN
퍼멘텍(주),3018159951,2021,0,1e-04,0,1,TN
퍼멘텍(주),3018159951,2022,0,0.042,1,0,FP
퍼멘텍(주),3018159951,2023,0,0.3215,1,0,FP
퍼멘텍(주),3018159951,2024,1,0.5196,1,1,TP
(주)우진폼테크,3018161291,2014,0,0.0004,0,1,TN
(주)우진폼테크,3018161291,2015,0,0.001,0,1,TN
(주)우진폼테크,3018161291,2016,0,0.0009,0,1,TN
(주)우진폼테크,3018161291,2017,0,0.0099,0,1,TN
(주)우진폼테크,3018161291,2018,0,0.0082,0,1,TN
(주)우진폼테크,3018161291,2019,0,0.0605,1,0,FP
주신기업(주),3018175913,2016,0,0.0008,0,1,TN
주신기업(주),3018175913,2017,0,0.0007,0,1,TN
주신기업(주),3018175913,2018,0,0.0218,0,1,TN
주신기업(주),3018175913,2019,0,0.0361,1,0,FP
(주)진웅에어시스,3018196621,2014,0,0.0007,0,1,TN
(주)진웅에어시스,3018196621,2015,0,0.0004,0,1,TN
(주)진웅에어시스,3018196621,2018,0,0.0005,0,1,TN
(주)진웅에어시스,3018196621,2019,0,0.0004,0,1,TN
현대산업(주),3018609683,2015,0,0.0018,0,1,TN
현대산업(주),3018609683,2016,0,0.0027,0,1,TN
현대산업(주),3018609683,2017,0,0.0022,0,1,TN
현대산업(주),3018609683,2018,0,0.0024,0,1,TN
현대산업(주),3018609683,2019,0,0.0009,0,1,TN
(주)대현엔지니어링,3028106461,2016,0,0.0012,0,1,TN
(주)대현엔지니어링,3028106461,2017,0,0.0003,0,1,TN
(주)대현엔지니어링,3028106461,2018,0,0.0008,0,1,TN
(주)대현엔지니어링,3028106461,2019,0,0.0012,0,1,TN
(주)대현엔지니어링,3028106461,2020,0,0.0007,0,1,TN
(주)대현엔지니어링,3028106461,2021,0,0.0004,0,1,TN
(주)대현엔지니어링,3028106461,2022,0,0.002,0,1,TN
(주)대현엔지니어링,3028106461,2023,0,0.0006,0,1,TN
(주)대현엔지니어링,3028106461,2024,0,0.0013,0,1,TN
아이언에이지(주),3028114525,2018,0,0.0008,0,1,TN
아이언에이지(주),3028114525,2019,0,0.0006,0,1,TN
아이언에이지(주),3028114525,2020,0,0.0524,1,0,FP
아이언에이지(주),3028114525,2021,0,0.0401,1,0,FP
아이언에이지(주),3028114525,2022,0,0.0333,1,0,FP
보성알앤디,3028121521,2015,0,0.0016,0,1,TN
보성알앤디,3028121521,2016,0,0.0005,0,1,TN
보성알앤디,3028121521,2017,0,0.0019,0,1,TN
보성알앤디,3028121521,2018,0,0.0138,0,1,TN
보성알앤디,3028121521,2019,0,0.005,0,1,TN
보성알앤디,3028121521,2020,0,0.0045,0,1,TN
보성알앤디,3028121521,2022,0,0.3283,1,0,FP
보성알앤디,3028121521,2023,0,0.6719,1,0,FP
보성알앤디,3028121521,2024,1,0.3298,1,1,TP
대성쎌틱에너시스(주),3038104113,2014,0,0.0045,0,1,TN
대성쎌틱에너시스(주),3038104113,2015,0,0.0032,0,1,TN
대성쎌틱에너시스(주),3038104113,2016,0,0.0005,0,1,TN
대성쎌틱에너시스(주),3038104113,2017,0,0.0003,0,1,TN
대성쎌틱에너시스(주),3038104113,2018,0,0.0011,0,1,TN
대성쎌틱에너시스(주),3038104113,2019,0,0.0195,0,1,TN
대성쎌틱에너시스(주),3038104113,2020,0,0.0039,0,1,TN
대성쎌틱에너시스(주),3038104113,2021,0,0.0194,0,1,TN
대성쎌틱에너시스(주),3038104113,2022,0,0.0026,0,1,TN
대성쎌틱에너시스(주),3038104113,2023,0,0.0388,1,0,FP
대성쎌틱에너시스(주),3038104113,2024,0,0.2039,1,0,FP
주식회사에스비테크,3038105811,2014,0,0.0002,0,1,TN
주식회사에스비테크,3038105811,2015,0,0.0004,0,1,TN
주식회사에스비테크,3038105811,2016,0,0.0003,0,1,TN
주식회사에스비테크,3038105811,2017,0,0.0002,0,1,TN
주식회사에스비테크,3038105811,2018,0,0.0002,0,1,TN
주식회사에스비테크,3038105811,2019,0,0.0002,0,1,TN
주식회사에스비테크,3038105811,2020,0,0.0004,0,1,TN
주식회사에스비테크,3038105811,2021,0,0.0002,0,1,TN
주식회사에스비테크,3038105811,2022,0,0.0008,0,1,TN
주식회사에스비테크,3038105811,2023,0,0.0002,0,1,TN
주식회사에스비테크,3038105811,2024,0,0.0005,0,1,TN
(주)쓰리지테크놀러지,3038106464,2018,0,0.0005,0,1,TN
(주)쓰리지테크놀러지,3038106464,2019,0,0.0078,0,1,TN
(주)쓰리지테크놀러지,3038106464,2020,0,0.0015,0,1,TN
(주)쓰리지테크놀러지,3038106464,2021,0,0.0002,0,1,TN
(주)쓰리지테크놀러지,3038106464,2022,0,0.0002,0,1,TN
(주)쓰리지테크놀러지,3038106464,2023,0,0.0007,0,1,TN
(주)쓰리지테크놀러지,3038106464,2024,0,0.0003,0,1,TN
주식회사영상,3038134811,2021,0,0.0005,0,1,TN
주식회사영상,3038134811,2022,0,0.0013,0,1,TN
주식회사영상,3038134811,2023,0,0.0056,0,1,TN
주식회사영상,3038134811,2024,0,0.0042,0,1,TN
중원엔지니어링(주),3038136992,2014,0,0.0009,0,1,TN
중원엔지니어링(주),3038136992,2015,0,0.0012,0,1,TN
중원엔지니어링(주),3038136992,2016,0,0.0013,0,1,TN
중원엔지니어링(주),3038136992,2017,0,0.2374,1,0,FP
중원엔지니어링(주),3038136992,2018,0,0.0538,1,0,FP
중원엔지니어링(주),3038136992,2019,1,0.8152,1,1,TP
(주)포유이엔지,3038137685,2014,0,0.0006,0,1,TN
(주)포유이엔지,3038137685,2015,0,0.003,0,1,TN
(주)포유이엔지,3038137685,2016,0,0.0033,0,1,TN
(주)포유이엔지,3038137685,2017,0,0.0012,0,1,TN
(주)포유이엔지,3038137685,2018,0,0.0009,0,1,TN
(주)포유이엔지,3038137685,2019,0,0.0009,0,1,TN
(주)포유이엔지,3038137685,2020,0,0.0029,0,1,TN
(주)포유이엔지,3038137685,2021,0,0.0002,0,1,TN
(주)포유이엔지,3038137685,2022,0,0.0013,0,1,TN
(주)포유이엔지,3038137685,2023,0,0.0004,0,1,TN
(주)포유이엔지,3038137685,2024,0,0.0013,0,1,TN
한일지앤엠주식회사,3038145545,2014,0,0.0006,0,1,TN
한일지앤엠주식회사,3038145545,2015,0,0.0002,0,1,TN
한일지앤엠주식회사,3038145545,2016,0,1e-04,0,1,TN
한일지앤엠주식회사,3038145545,2017,0,1e-04,0,1,TN
한일지앤엠주식회사,3038145545,2018,0,1e-04,0,1,TN
한일지앤엠주식회사,3038145545,2019,0,1e-04,0,1,TN
한일지앤엠주식회사,3038145545,2020,0,0.0004,0,1,TN
한일지앤엠주식회사,3038145545,2021,0,0.0003,0,1,TN
한일지앤엠주식회사,3038145545,2022,0,0.0005,0,1,TN
한일지앤엠주식회사,3038145545,2023,0,0.0003,0,1,TN
한일지앤엠주식회사,3038145545,2024,0,0.0006,0,1,TN
(주)유원,3038150354,2014,0,0.0027,0,1,TN
(주)유원,3038150354,2015,0,0.0466,1,0,FP
(주)유원,3038150354,2016,0,0.0032,0,1,TN
(주)유원,3038150354,2017,0,0.0015,0,1,TN
(주)유원,3038150354,2018,0,0.0015,0,1,TN
(주)유원,3038150354,2019,0,0.0002,0,1,TN
(주)유원,3038150354,2020,0,0.0036,0,1,TN
(주)유원,3038150354,2021,0,0.002,0,1,TN
(주)유원,3038150354,2022,0,0.0058,0,1,TN
(주)유원,3038150354,2023,0,0.2094,1,0,FP
(주)유원,3038150354,2024,0,0.2707,1,0,FP
(주)삼일캐스트,3038156232,2014,0,0.0021,0,1,TN
(주)삼일캐스트,3038156232,2015,0,0.0072,0,1,TN
(주)삼일캐스트,3038156232,2016,0,0.0085,0,1,TN
(주)삼일캐스트,3038156232,2017,0,0.0156,0,1,TN
(주)삼일캐스트,3038156232,2018,0,0.0104,0,1,TN
(주)삼일캐스트,3038156232,2019,0,0.0056,0,1,TN
(주)삼일캐스트,3038156232,2021,0,0.0615,1,0,FP
(주)삼일캐스트,3038156232,2022,0,0.5916,1,0,FP
(주)윈하이텍,3038163280,2014,0,1e-04,0,1,TN
(주)윈하이텍,3038163280,2015,0,1e-04,0,1,TN
(주)윈하이텍,3038163280,2016,0,0.0002,0,1,TN
(주)윈하이텍,3038163280,2017,0,0.0005,0,1,TN
(주)윈하이텍,3038163280,2018,0,0.0003,0,1,TN
(주)윈하이텍,3038163280,2019,0,0.0411,1,0,FP
(주)윈하이텍,3038163280,2020,0,0.4193,1,0,FP
(주)윈하이텍,3038163280,2021,0,0.0086,0,1,TN
(주)윈하이텍,3038163280,2022,0,0.0007,0,1,TN
(주)윈하이텍,3038163280,2023,0,0.0006,0,1,TN
(주)윈하이텍,3038163280,2024,0,0.0003,0,1,TN
(주)대성테크,3038166818,2022,0,0.001,0,1,TN
(주)대성테크,3038166818,2023,0,0.001,0,1,TN
(주)대성테크,3038166818,2024,0,0.0012,0,1,TN
(주)알루폼스코리아,3058150457,2017,0,0.0008,0,1,TN
(주)알루폼스코리아,3058150457,2018,0,0.0003,0,1,TN
(주)알루폼스코리아,3058150457,2019,0,0.0009,0,1,TN
주식회사제이앤드에프,3058623372,2014,0,1e-04,0,1,TN
주식회사제이앤드에프,3058623372,2015,0,0.0002,0,1,TN
주식회사제이앤드에프,3058623372,2016,0,0.0002,0,1,TN
주식회사제이앤드에프,3058623372,2017,0,1e-04,0,1,TN
주식회사제이앤드에프,3058623372,2018,0,0.0003,0,1,TN
주식회사제이앤드에프,3058623372,2019,0,0.0002,0,1,TN
주식회사제이앤드에프,3058623372,2020,0,0.0007,0,1,TN
주식회사제이앤드에프,3058623372,2021,0,0.0002,0,1,TN
주식회사제이앤드에프,3058623372,2022,0,0.001,0,1,TN
주식회사제이앤드에프,3058623372,2023,0,0.0011,0,1,TN
주식회사제이앤드에프,3058623372,2024,0,0.0125,0,1,TN
(주)진합,3068102017,2014,0,0.0013,0,1,TN
(주)진합,3068102017,2015,0,0.0006,0,1,TN
(주)진합,3068102017,2016,0,0.0004,0,1,TN
(주)진합,3068102017,2017,0,1e-04,0,1,TN
(주)진합,3068102017,2018,0,0.0003,0,1,TN
(주)진합,3068102017,2019,0,0.0002,0,1,TN
(주)진합,3068102017,2020,0,0.0005,0,1,TN
(주)진합,3068102017,2021,0,0.0006,0,1,TN
(주)진합,3068102017,2022,0,0.0004,0,1,TN
(주)진합,3068102017,2023,0,0.0003,0,1,TN
(주)진합,3068102017,2024,0,0.0002,0,1,TN
(주)삼진정밀,3068111836,2014,0,0.0002,0,1,TN
(주)삼진정밀,3068111836,2015,0,0.0002,0,1,TN
(주)삼진정밀,3068111836,2016,0,1e-04,0,1,TN
(주)삼진정밀,3068111836,2017,0,0.0004,0,1,TN
(주)삼진정밀,3068111836,2018,0,0.0004,0,1,TN
(주)삼진정밀,3068111836,2019,0,0.0005,0,1,TN
(주)삼진정밀,3068111836,2020,0,0.0008,0,1,TN
(주)삼진정밀,3068111836,2021,0,1e-04,0,1,TN
(주)삼진정밀,3068111836,2022,0,0.001,0,1,TN
(주)삼진정밀,3068111836,2023,0,0.0022,0,1,TN
(주)삼진정밀,3068111836,2024,0,0.0038,0,1,TN
(주)신우산업,3068117994,2014,0,0.0192,0,1,TN
(주)신우산업,3068117994,2015,1,0.3139,1,1,TP
(주)한야,3068124189,2020,0,0.0006,0,1,TN
(주)한야,3068124189,2021,0,0.0003,0,1,TN
(주)한야,3068124189,2022,0,0.001,0,1,TN
(주)한야,3068124189,2023,0,0.0205,0,1,TN
(주)한야,3068124189,2024,0,0.0068,0,1,TN
대성연마주식회사,3078101971,2014,0,0.0003,0,1,TN
대성연마주식회사,3078101971,2015,0,0.0002,0,1,TN
대성연마주식회사,3078101971,2016,0,1e-04,0,1,TN
대성연마주식회사,3078101971,2017,0,1e-04,0,1,TN
대성연마주식회사,3078101971,2018,0,1e-04,0,1,TN
대성연마주식회사,3078101971,2019,0,0.0002,0,1,TN
대성연마주식회사,3078101971,2020,0,0.0005,0,1,TN
대성연마주식회사,3078101971,2021,0,0.0019,0,1,TN
대성연마주식회사,3078101971,2022,0,0.052,1,0,FP
대성연마주식회사,3078101971,2023,0,0.0294,0,1,TN
대성연마주식회사,3078101971,2024,0,0.1201,1,0,FP
(주)청암,3088108021,2014,0,0.0008,0,1,TN
(주)청암,3088108021,2015,0,0.0003,0,1,TN
(주)청암,3088108021,2016,0,0.0035,0,1,TN
(주)청암,3088108021,2017,0,0.0006,0,1,TN
(주)청암,3088108021,2018,0,0.0151,0,1,TN
(주)청암,3088108021,2019,0,0.1202,1,0,FP
(주)청암,3088108021,2020,0,0.0089,0,1,TN
(주)청암,3088108021,2021,0,0.0007,0,1,TN
(주)청암,3088108021,2022,0,0.002,0,1,TN
(주)청암,3088108021,2023,0,0.4966,1,0,FP
(주)청암,3088108021,2024,0,0.6231,1,0,FP
길산파이프(주),3088110416,2014,0,0.0002,0,1,TN
길산파이프(주),3088110416,2015,0,1e-04,0,1,TN
길산파이프(주),3088110416,2016,0,0.0002,0,1,TN
길산파이프(주),3088110416,2017,0,0.0002,0,1,TN
길산파이프(주),3088110416,2018,0,0.0012,0,1,TN
길산파이프(주),3088110416,2019,0,0.0021,0,1,TN
길산파이프(주),3088110416,2020,0,0.0021,0,1,TN
길산파이프(주),3088110416,2021,0,0.0008,0,1,TN
길산파이프(주),3088110416,2022,0,0.0005,0,1,TN
길산파이프(주),3088110416,2023,0,0.0554,1,0,FP
길산파이프(주),3088110416,2024,0,0.1909,1,0,FP
(주)비버판넬,3088110814,2019,0,0.0008,0,1,TN
(주)비버판넬,3088110814,2020,0,0.0002,0,1,TN
(주)비버판넬,3088110814,2021,0,0.0003,0,1,TN
(주)비버판넬,3088110814,2022,0,0.0016,0,1,TN
(주)비버판넬,3088110814,2023,0,0.0006,0,1,TN
(주)비버판넬,3088110814,2024,0,0.0002,0,1,TN
(주)신흥기공,3108107874,2019,0,0.0007,0,1,TN
(주)신흥기공,3108107874,2020,0,0.0002,0,1,TN
(주)신흥기공,3108107874,2021,0,0.0029,0,1,TN
(주)신흥기공,3108107874,2022,0,0.0308,1,0,FP
(주)신흥기공,3108107874,2023,0,0.0158,0,1,TN
(주)신흥기공,3108107874,2024,0,0.0011,0,1,TN
극동정밀주식회사,3108110103,2015,0,0.0013,0,1,TN
극동정밀주식회사,3108110103,2016,0,0.0003,0,1,TN
극동정밀주식회사,3108110103,2017,0,0.0517,1,0,FP
극동정밀주식회사,3108110103,2018,0,0.0747,1,0,FP
신우정공주식회사,3108131506,2021,0,0.0004,0,1,TN
신우정공주식회사,3108131506,2022,0,0.0004,0,1,TN
신우정공주식회사,3108131506,2023,0,0.0008,0,1,TN
신우정공주식회사,3108131506,2024,0,0.0004,0,1,TN
주식회사게링코리아,3118103570,2014,0,0.0003,0,1,TN
주식회사게링코리아,3118103570,2015,0,0.0003,0,1,TN
주식회사게링코리아,3118103570,2016,0,0.0002,0,1,TN
주식회사게링코리아,3118103570,2017,0,0.0004,0,1,TN
주식회사게링코리아,3118103570,2018,0,0.0003,0,1,TN
주식회사게링코리아,3118103570,2019,0,0.0003,0,1,TN
주식회사게링코리아,3118103570,2020,0,0.0009,0,1,TN
주식회사게링코리아,3118103570,2021,0,0.0023,0,1,TN
주식회사게링코리아,3118103570,2022,0,0.0042,0,1,TN
주식회사게링코리아,3118103570,2023,0,0.012,0,1,TN
주식회사게링코리아,3118103570,2024,0,0.0009,0,1,TN
(주)골드라인파렛텍,3118106072,2014,0,0.0006,0,1,TN
(주)골드라인파렛텍,3118106072,2015,0,0.0007,0,1,TN
(주)골드라인파렛텍,3118106072,2016,0,0.0008,0,1,TN
(주)골드라인파렛텍,3118106072,2017,0,0.0003,0,1,TN
(주)골드라인파렛텍,3118106072,2018,0,0.0006,0,1,TN
(주)골드라인파렛텍,3118106072,2019,0,0.0003,0,1,TN
(주)골드라인파렛텍,3118106072,2020,0,0.0031,0,1,TN
(주)골드라인파렛텍,3118106072,2021,0,0.0003,0,1,TN
(주)골드라인파렛텍,3118106072,2022,0,0.0004,0,1,TN
(주)골드라인파렛텍,3118106072,2023,0,0.0006,0,1,TN
(주)골드라인파렛텍,3118106072,2024,0,0.001,0,1,TN
주식회사엠텍,3118113817,2014,0,0.0295,0,1,TN
주식회사엠텍,3118113817,2015,0,0.0115,0,1,TN
주식회사엠텍,3118113817,2016,0,0.004,0,1,TN
주식회사엠텍,3118113817,2017,0,0.0535,1,0,FP
주식회사엠텍,3118113817,2018,0,0.0051,0,1,TN
주식회사엠텍,3118113817,2019,0,0.0011,0,1,TN
주식회사엠텍,3118113817,2020,0,0.0016,0,1,TN
주식회사엠텍,3118113817,2021,0,0.0007,0,1,TN
주식회사엠텍,3118113817,2022,0,0.0003,0,1,TN
주식회사엠텍,3118113817,2023,0,0.0006,0,1,TN
주식회사엠텍,3118113817,2024,0,0.0019,0,1,TN
(주)제이테크,3118123125,2014,0,0.0031,0,1,TN
(주)제이테크,3118123125,2015,0,0.0047,0,1,TN
(주)제이테크,3118123125,2016,0,0.0268,0,1,TN
(주)제이테크,3118123125,2017,0,0.0221,0,1,TN
(주)제이테크,3118123125,2018,0,0.0404,1,0,FP
(주)제이테크,3118123125,2019,0,0.1138,1,0,FP
(주)석영에스텍,3118123877,2014,0,0.0009,0,1,TN
(주)석영에스텍,3118123877,2015,0,0.0012,0,1,TN
(주)석영에스텍,3118123877,2016,0,0.0007,0,1,TN
(주)석영에스텍,3118123877,2017,0,0.0008,0,1,TN
(주)석영에스텍,3118123877,2018,0,0.0013,0,1,TN
(주)석영에스텍,3118123877,2019,0,0.002,0,1,TN
(주)석영에스텍,3118123877,2020,0,0.0015,0,1,TN
(주)석영에스텍,3118123877,2021,0,0.0009,0,1,TN
(주)석영에스텍,3118123877,2022,0,0.0005,0,1,TN
(주)석영에스텍,3118123877,2023,0,0.0009,0,1,TN
(주)석영에스텍,3118123877,2024,0,0.0032,0,1,TN
대동커튼월(주),3118126520,2014,0,0.0017,0,1,TN
대동커튼월(주),3118126520,2015,0,0.0004,0,1,TN
대동커튼월(주),3118126520,2016,0,0.0006,0,1,TN
대동커튼월(주),3118126520,2017,0,0.0546,1,0,FP
대동커튼월(주),3118126520,2018,0,0.0182,0,1,TN
주식회사재성스틸,3118135878,2014,0,0.039,1,0,FP
주식회사재성스틸,3118135878,2015,1,0.804,1,1,TP
우림,3118140615,2019,0,0.0011,0,1,TN
우림,3118140615,2020,0,0.0004,0,1,TN
우림,3118140615,2021,0,1e-04,0,1,TN
우림,3118140615,2022,0,0.0023,0,1,TN
우림,3118140615,2023,0,0.0412,1,0,FP
주식회사경진테크,3118141462,2014,0,0.0005,0,1,TN
주식회사경진테크,3118141462,2015,0,0.0004,0,1,TN
주식회사경진테크,3118141462,2016,0,0.0005,0,1,TN
주식회사경진테크,3118141462,2017,0,0.0003,0,1,TN
주식회사경진테크,3118141462,2018,0,0.0028,0,1,TN
주식회사경진테크,3118141462,2019,0,0.0015,0,1,TN
주식회사경진테크,3118141462,2020,0,0.0019,0,1,TN
주식회사경진테크,3118141462,2021,0,0.0004,0,1,TN
주식회사경진테크,3118141462,2022,0,0.0009,0,1,TN
주식회사경진테크,3118141462,2023,0,0.0011,0,1,TN
주식회사경진테크,3118141462,2024,0,0.0026,0,1,TN
(주)진스틸,3118142705,2022,0,0.0017,0,1,TN
(주)진스틸,3118142705,2023,0,0.019,0,1,TN
(주)진스틸,3118142705,2024,1,0.1383,1,1,TP
정인철강주식회사,3118143228,2014,0,0.022,0,1,TN
정인철강주식회사,3118143228,2015,0,0.0008,0,1,TN
정인철강주식회사,3118143228,2016,0,0.0015,0,1,TN
정인철강주식회사,3118143228,2017,0,0.1018,1,0,FP
정인철강주식회사,3118143228,2018,0,0.0047,0,1,TN
정인철강주식회사,3118143228,2019,0,0.0011,0,1,TN
정인철강주식회사,3118143228,2020,0,0.0168,0,1,TN
정인철강주식회사,3118143228,2021,0,0.004,0,1,TN
정인철강주식회사,3118143228,2022,0,0.0117,0,1,TN
주식회사천일테크,3118150791,2020,0,0.0012,0,1,TN
주식회사천일테크,3118150791,2021,0,0.0097,0,1,TN
주식회사천일테크,3118150791,2022,0,0.0034,0,1,TN
벨금속공업주식회사,3128101181,2015,0,0.0015,0,1,TN
벨금속공업주식회사,3128101181,2016,0,0.004,0,1,TN
벨금속공업주식회사,3128101181,2017,1,0.6605,1,1,TP
한부엔지니어링(주),3128105440,2014,0,0.0176,0,1,TN
한부엔지니어링(주),3128105440,2015,0,0.0163,0,1,TN
한부엔지니어링(주),3128105440,2016,0,0.0242,0,1,TN
한부엔지니어링(주),3128105440,2017,0,0.0012,0,1,TN
한부엔지니어링(주),3128105440,2018,0,0.0004,0,1,TN
한부엔지니어링(주),3128105440,2019,0,0.0002,0,1,TN
한부엔지니어링(주),3128105440,2020,0,0.0113,0,1,TN
대세산업주식회사,3128106570,2014,0,0.0002,0,1,TN
대세산업주식회사,3128106570,2015,0,0.0002,0,1,TN
대세산업주식회사,3128106570,2016,0,1e-04,0,1,TN
대세산업주식회사,3128106570,2017,0,1e-04,0,1,TN
대세산업주식회사,3128106570,2018,0,0.0002,0,1,TN
대세산업주식회사,3128106570,2019,0,1e-04,0,1,TN
대세산업주식회사,3128106570,2020,0,0.0002,0,1,TN
대세산업주식회사,3128106570,2021,0,1e-04,0,1,TN
대세산업주식회사,3128106570,2022,0,0.0002,0,1,TN
대세산업주식회사,3128106570,2023,0,0.0006,0,1,TN
대세산업주식회사,3128106570,2024,0,0.0003,0,1,TN
(주)태양,3128107206,2014,0,0.0002,0,1,TN
(주)태양,3128107206,2015,0,0.0033,0,1,TN
(주)태양,3128107206,2016,0,0.0003,0,1,TN
(주)태양,3128107206,2017,0,1e-04,0,1,TN
(주)태양,3128107206,2018,0,0.0039,0,1,TN
(주)태양,3128107206,2019,0,0.0003,0,1,TN
(주)태양,3128107206,2020,0,0.0004,0,1,TN
(주)태양,3128107206,2021,0,0.0011,0,1,TN
(주)태양,3128107206,2022,0,0.0004,0,1,TN
(주)태양,3128107206,2023,0,0.0004,0,1,TN
(주)태양,3128107206,2024,0,0.0037,0,1,TN
주식회사세정,3128111734,2014,0,0.0045,0,1,TN
주식회사세정,3128111734,2015,0,0.3249,1,0,FP
주식회사세정,3128111734,2016,0,0.0447,1,0,FP
주식회사세정,3128111734,2017,1,0.77,1,1,TP
(주)호진플라텍,3128120679,2014,0,0.0034,0,1,TN
(주)호진플라텍,3128120679,2015,0,0.0157,0,1,TN
(주)호진플라텍,3128120679,2016,0,0.0032,0,1,TN
(주)호진플라텍,3128120679,2017,0,0.001,0,1,TN
(주)호진플라텍,3128120679,2018,0,0.0172,0,1,TN
(주)호진플라텍,3128120679,2019,0,0.0028,0,1,TN
(주)호진플라텍,3128120679,2020,0,0.0037,0,1,TN
(주)호진플라텍,3128120679,2021,0,0.0011,0,1,TN
(주)호진플라텍,3128120679,2022,0,0.0005,0,1,TN
(주)호진플라텍,3128120679,2023,0,0.0114,0,1,TN
(주)호진플라텍,3128120679,2024,0,0.1468,1,0,FP
주식회사병화,3128121299,2014,0,0.0035,0,1,TN
주식회사병화,3128121299,2015,0,0.0212,0,1,TN
주식회사병화,3128121299,2016,0,0.0024,0,1,TN
주식회사병화,3128121299,2017,0,0.0044,0,1,TN
주식회사병화,3128121299,2018,0,0.0217,0,1,TN
주식회사병화,3128121299,2019,0,0.001,0,1,TN
주식회사병화,3128121299,2020,0,0.0261,0,1,TN
주식회사병화,3128121299,2021,0,0.1607,1,0,FP
주식회사병화,3128121299,2022,0,0.0737,1,0,FP
주식회사병화,3128121299,2023,0,0.0228,0,1,TN
주식회사병화,3128121299,2024,1,0.0062,0,0,FN
(주)아산성우하이텍,3128121533,2014,1,0.3823,1,1,TP
(주)에스와이테크,3128128142,2014,0,0.0037,0,1,TN
(주)에스와이테크,3128128142,2015,0,0.0008,0,1,TN
(주)에스와이테크,3128128142,2016,0,0.0007,0,1,TN
(주)에스와이테크,3128128142,2017,0,0.0542,1,0,FP
(주)에스와이테크,3128128142,2018,0,0.0021,0,1,TN
(주)에스와이테크,3128128142,2019,0,0.0016,0,1,TN
(주)에스와이테크,3128128142,2020,0,0.0033,0,1,TN
(주)에스와이테크,3128128142,2021,0,0.0076,0,1,TN
(주)에스와이테크,3128128142,2022,0,0.0031,0,1,TN
(주)에스와이테크,3128128142,2023,0,0.0033,0,1,TN
(주)에스와이테크,3128128142,2024,0,0.0017,0,1,TN
남아제관(주),3128130051,2022,0,0.0024,0,1,TN
남아제관(주),3128130051,2023,0,0.0076,0,1,TN
남아제관(주),3128130051,2024,0,0.0063,0,1,TN
(주)유진,3128131443,2017,0,0.0003,0,1,TN
(주)유진,3128131443,2018,0,0.0029,0,1,TN
(주)유진,3128131443,2019,0,0.0004,0,1,TN
평화산업개발(주),3128136206,2014,0,0.0005,0,1,TN
평화산업개발(주),3128136206,2015,0,0.0113,0,1,TN
평화산업개발(주),3128136206,2016,0,0.0004,0,1,TN
평화산업개발(주),3128136206,2017,0,0.0006,0,1,TN
평화산업개발(주),3128136206,2018,0,0.0017,0,1,TN
평화산업개발(주),3128136206,2019,0,0.0005,0,1,TN
평화산업개발(주),3128136206,2020,0,0.0013,0,1,TN
평화산업개발(주),3128136206,2021,0,1e-04,0,1,TN
평화산업개발(주),3128136206,2022,0,0.0004,0,1,TN
평화산업개발(주),3128136206,2023,0,0.0009,0,1,TN
평화산업개발(주),3128136206,2024,0,0.001,0,1,TN
알엠에스테크놀러지(주),3128138354,2014,0,0.0003,0,1,TN
알엠에스테크놀러지(주),3128138354,2015,0,0.0004,0,1,TN
알엠에스테크놀러지(주),3128138354,2016,0,0.0005,0,1,TN
알엠에스테크놀러지(주),3128138354,2017,0,1e-04,0,1,TN
알엠에스테크놀러지(주),3128138354,2018,0,0.0002,0,1,TN
알엠에스테크놀러지(주),3128138354,2019,0,0.0015,0,1,TN
알엠에스테크놀러지(주),3128138354,2022,0,0.0156,0,1,TN
알엠에스테크놀러지(주),3128138354,2023,0,0.0004,0,1,TN
알엠에스테크놀러지(주),3128138354,2024,0,0.0051,0,1,TN
(주)한조,3128138766,2021,0,0.0002,0,1,TN
(주)한조,3128138766,2022,0,0.0102,0,1,TN
(주)한조,3128138766,2023,0,0.0793,1,0,FP
(주)한조,3128138766,2024,0,0.0014,0,1,TN
(주)세림티앤디,3128142708,2018,0,0.0004,0,1,TN
(주)세림티앤디,3128142708,2019,0,0.0002,0,1,TN
(주)세림티앤디,3128142708,2020,0,0.0017,0,1,TN
(주)세림티앤디,3128142708,2021,0,0.0006,0,1,TN
(주)세림티앤디,3128142708,2022,0,0.0005,0,1,TN
(주)세림티앤디,3128142708,2023,0,0.001,0,1,TN
(주)세림티앤디,3128142708,2024,0,0.0007,0,1,TN
(주)비전테크놀러지,3128147168,2022,0,0.0009,0,1,TN
(주)비전테크놀러지,3128147168,2023,0,0.0002,0,1,TN
(주)비전테크놀러지,3128147168,2024,0,0.0004,0,1,TN
우광산업(주),3128151342,2014,0,0.0009,0,1,TN
우광산업(주),3128151342,2015,0,0.001,0,1,TN
우광산업(주),3128151342,2016,0,0.0085,0,1,TN
우광산업(주),3128151342,2017,0,0.1819,1,0,FP
우광산업(주),3128151342,2018,1,0.6656,1,1,TP
태창아이엔디(주),3128158044,2014,0,0.0017,0,1,TN
태창아이엔디(주),3128158044,2015,0,0.0043,0,1,TN
태창아이엔디(주),3128158044,2016,0,0.0061,0,1,TN
태창아이엔디(주),3128158044,2017,0,0.0053,0,1,TN
태창아이엔디(주),3128158044,2018,0,0.0129,0,1,TN
태창아이엔디(주),3128158044,2021,0,0.0004,0,1,TN
태창아이엔디(주),3128158044,2022,0,0.0002,0,1,TN
태창아이엔디(주),3128158044,2023,0,0.001,0,1,TN
태창아이엔디(주),3128158044,2024,0,0.0003,0,1,TN
(주)동우스페이스,3128161350,2019,0,0.0005,0,1,TN
(주)동우스페이스,3128161350,2020,0,0.0012,0,1,TN
(주)동우스페이스,3128161350,2021,0,0.0009,0,1,TN
(주)동우스페이스,3128161350,2022,0,0.0277,0,1,TN
(주)동우스페이스,3128161350,2023,0,0.0003,0,1,TN
(주)동우스페이스,3128161350,2024,0,0.0014,0,1,TN
(주)동양산업,3128163265,2018,0,0.0341,1,0,FP
(주)동양산업,3128163265,2019,0,0.0004,0,1,TN
(주)동양산업,3128163265,2020,0,0.0074,0,1,TN
(주)동양산업,3128163265,2021,0,0.0311,1,0,FP
(주)동양산업,3128163265,2022,0,0.0018,0,1,TN
(주)동양산업,3128163265,2023,0,0.021,0,1,TN
(주)동양산업,3128163265,2024,0,0.0021,0,1,TN
(주)부광테크,3128164721,2014,0,0.001,0,1,TN
(주)부광테크,3128164721,2015,0,0.0012,0,1,TN
(주)부광테크,3128164721,2016,0,0.0005,0,1,TN
(주)부광테크,3128164721,2017,0,0.0041,0,1,TN
(주)부광테크,3128164721,2018,0,0.0009,0,1,TN
(주)부광테크,3128164721,2019,0,0.0038,0,1,TN
(주)부광테크,3128164721,2020,0,0.1061,1,0,FP
(주)부광테크,3128164721,2021,0,0.0294,0,1,TN
(주)부광테크,3128164721,2022,0,0.004,0,1,TN
(주)부광테크,3128164721,2023,0,0.2093,1,0,FP
(주)부광테크,3128164721,2024,0,0.012,0,1,TN
(주)거성산업,3128169575,2014,0,0.002,0,1,TN
(주)거성산업,3128169575,2015,0,0.0017,0,1,TN
(주)거성산업,3128169575,2016,0,0.0052,0,1,TN
(주)다솜테크,3128173609,2016,0,0.0014,0,1,TN
(주)다솜테크,3128173609,2017,0,0.0004,0,1,TN
(주)다솜테크,3128173609,2018,0,0.0196,0,1,TN
(주)다솜테크,3128173609,2019,0,0.0747,1,0,FP
(주)다솜테크,3128173609,2020,1,0.7348,1,1,TP
(주)천마산업,3128182317,2014,0,0.0006,0,1,TN
(주)천마산업,3128182317,2015,0,0.0003,0,1,TN
(주)천마산업,3128182317,2016,0,0.0002,0,1,TN
(주)천마산업,3128182317,2017,0,0.0002,0,1,TN
(주)천마산업,3128182317,2018,0,0.0002,0,1,TN
(주)천마산업,3128182317,2019,0,0.0003,0,1,TN
(주)천마산업,3128182317,2020,0,0.0005,0,1,TN
(주)천마산업,3128182317,2021,0,0.0003,0,1,TN
(주)천마산업,3128182317,2022,0,0.0131,0,1,TN
(주)천마산업,3128182317,2023,0,0.0543,1,0,FP
(주)천마산업,3128182317,2024,0,0.0759,1,0,FP
오천산업주식회사,3128183733,2021,0,0.0007,0,1,TN
오천산업주식회사,3128183733,2022,0,0.0004,0,1,TN
오천산업주식회사,3128183733,2023,0,0.0007,0,1,TN
오천산업주식회사,3128183733,2024,0,0.0002,0,1,TN
(주)하나인더스,3128183766,2014,0,0.0152,0,1,TN
(주)하나인더스,3128183766,2015,0,0.0012,0,1,TN
(주)하나인더스,3128183766,2016,0,0.0858,1,0,FP
(주)하나인더스,3128183766,2017,0,0.4089,1,0,FP
(주)하나인더스,3128183766,2018,1,0.8625,1,1,TP
(주)상은,3128184412,2020,0,0.0008,0,1,TN
(주)상은,3128184412,2021,0,0.0103,0,1,TN
(주)상은,3128184412,2022,0,0.0114,0,1,TN
(주)상은,3128184412,2023,0,0.0009,0,1,TN
(주)상은,3128184412,2024,0,0.0027,0,1,TN
주식회사신성테크,3128192149,2014,0,0.0033,0,1,TN
주식회사신성테크,3128192149,2015,0,0.001,0,1,TN
주식회사신성테크,3128192149,2016,0,0.0044,0,1,TN
주식회사신성테크,3128192149,2017,0,0.1554,1,0,FP
주식회사신성테크,3128192149,2018,0,0.1112,1,0,FP
주식회사지웨이,3128194642,2015,0,0.0017,0,1,TN
주식회사지웨이,3128194642,2016,0,0.1363,1,0,FP
주식회사지웨이,3128194642,2017,0,0.076,1,0,FP
(주)쓰리쎄븐,3128601420,2014,0,0.0006,0,1,TN
(주)쓰리쎄븐,3128601420,2015,0,0.0043,0,1,TN
(주)쓰리쎄븐,3128601420,2016,0,0.0019,0,1,TN
(주)쓰리쎄븐,3128601420,2017,0,0.0019,0,1,TN
(주)쓰리쎄븐,3128601420,2018,0,0.0089,0,1,TN
(주)쓰리쎄븐,3128601420,2019,0,0.0085,0,1,TN
(주)쓰리쎄븐,3128601420,2020,0,0.0243,0,1,TN
(주)쓰리쎄븐,3128601420,2021,0,0.0131,0,1,TN
(주)쓰리쎄븐,3128601420,2022,0,0.0027,0,1,TN
(주)쓰리쎄븐,3128601420,2023,0,0.005,0,1,TN
(주)쓰리쎄븐,3128601420,2024,0,0.0074,0,1,TN
(주)광성정밀,3128604349,2014,0,0.0003,0,1,TN
(주)광성정밀,3128604349,2015,0,0.0002,0,1,TN
(주)광성정밀,3128604349,2016,0,0.0003,0,1,TN
(주)광성정밀,3128604349,2017,0,0.0296,0,1,TN
(주)광성정밀,3128604349,2018,0,0.111,1,0,FP
(주)광성정밀,3128604349,2019,1,0.6789,1,1,TP
(주)미래코리아,3128612096,2014,0,0.0004,0,1,TN
(주)미래코리아,3128612096,2015,0,0.0079,0,1,TN
(주)미래코리아,3128612096,2016,0,0.0002,0,1,TN
(주)미래코리아,3128612096,2017,0,0.0009,0,1,TN
(주)미래코리아,3128612096,2018,0,0.0007,0,1,TN
(주)미래코리아,3128612096,2019,0,0.0002,0,1,TN
(주)미래코리아,3128612096,2020,0,0.0017,0,1,TN
(주)미래코리아,3128612096,2021,0,0.0012,0,1,TN
(주)미래코리아,3128612096,2022,0,0.0003,0,1,TN
(주)미래코리아,3128612096,2023,0,0.0014,0,1,TN
(주)미래코리아,3128612096,2024,0,0.0016,0,1,TN
유니슨에이치케이알(주),3128626756,2014,0,0.0022,0,1,TN
유니슨에이치케이알(주),3128626756,2015,0,0.0005,0,1,TN
유니슨에이치케이알(주),3128626756,2016,0,0.0047,0,1,TN
유니슨에이치케이알(주),3128626756,2017,0,0.0052,0,1,TN
유니슨에이치케이알(주),3128626756,2018,0,0.0178,0,1,TN
유니슨에이치케이알(주),3128626756,2019,0,0.0738,1,0,FP
유니슨에이치케이알(주),3128626756,2020,0,0.0024,0,1,TN
유니슨에이치케이알(주),3128626756,2021,0,0.0003,0,1,TN
유니슨에이치케이알(주),3128626756,2022,0,0.0016,0,1,TN
유니슨에이치케이알(주),3128626756,2023,0,0.0992,1,0,FP
유니슨에이치케이알(주),3128626756,2024,0,0.0115,0,1,TN
(주)디엠티,3128632544,2015,0,0.0007,0,1,TN
(주)디엠티,3128632544,2016,0,1e-04,0,1,TN
(주)디엠티,3128632544,2017,0,0.0002,0,1,TN
(주)디엠티,3128632544,2018,0,0.0003,0,1,TN
(주)디엠티,3128632544,2019,0,0.0003,0,1,TN
(주)디엠티,3128632544,2020,0,0.0015,0,1,TN
(주)디엠티,3128632544,2021,0,0.0005,0,1,TN
(주)디엠티,3128632544,2022,0,0.0004,0,1,TN
(주)디엠티,3128632544,2023,0,0.0003,0,1,TN
(주)디엠티,3128632544,2024,0,0.0019,0,1,TN
주식회사대영정밀,3128633859,2014,0,0.0005,0,1,TN
주식회사대영정밀,3128633859,2015,0,0.0474,1,0,FP
주식회사대영정밀,3128633859,2018,0,0.0206,0,1,TN
주식회사대영정밀,3128633859,2019,1,0.914,1,1,TP
유피아주식회사,3128634479,2014,0,0.0011,0,1,TN
유피아주식회사,3128634479,2015,0,0.0002,0,1,TN
유피아주식회사,3128634479,2016,0,1e-04,0,1,TN
유피아주식회사,3128634479,2017,0,0.0002,0,1,TN
유피아주식회사,3128634479,2018,0,1e-04,0,1,TN
유피아주식회사,3128634479,2019,0,0.0003,0,1,TN
유피아주식회사,3128634479,2020,0,0.0007,0,1,TN
유피아주식회사,3128634479,2021,0,0.0004,0,1,TN
유피아주식회사,3128634479,2022,0,0.0002,0,1,TN
유피아주식회사,3128634479,2023,0,0.0007,0,1,TN
유피아주식회사,3128634479,2024,0,0.0014,0,1,TN
주식회사영광와이케이엠씨,3128637234,2014,0,0.0887,1,0,FP
주식회사영광와이케이엠씨,3128637234,2015,0,0.0334,1,0,FP
주식회사영광와이케이엠씨,3128637234,2016,0,0.0025,0,1,TN
주식회사영광와이케이엠씨,3128637234,2017,0,0.0014,0,1,TN
주식회사영광와이케이엠씨,3128637234,2018,0,0.0011,0,1,TN
주식회사영광와이케이엠씨,3128637234,2019,0,0.017,0,1,TN
주식회사영광와이케이엠씨,3128637234,2020,0,0.0298,0,1,TN
주식회사영광와이케이엠씨,3128637234,2021,0,0.003,0,1,TN
주식회사영광와이케이엠씨,3128637234,2022,0,0.0275,0,1,TN
주식회사영광와이케이엠씨,3128637234,2023,0,0.1303,1,0,FP
주식회사영광와이케이엠씨,3128637234,2024,0,0.5179,1,0,FP
엔에이치스틸주식회사,3128645302,2018,0,0.0007,0,1,TN
엔에이치스틸주식회사,3128645302,2019,0,0.0125,0,1,TN
엔에이치스틸주식회사,3128645302,2020,0,0.0408,1,0,FP
주식회사비제이테크,3128652351,2015,0,0.0011,0,1,TN
주식회사비제이테크,3128652351,2016,0,0.0932,1,0,FP
주식회사비제이테크,3128652351,2017,1,0.8975,1,1,TP
주식회사케이디에스,3128658355,2022,0,0.001,0,1,TN
주식회사케이디에스,3128658355,2023,0,0.0007,0,1,TN
주식회사케이디에스,3128658355,2024,0,0.2615,1,0,FP
(주)재이솔루션테크놀러지,3128669298,2016,0,0.001,0,1,TN
(주)재이솔루션테크놀러지,3128669298,2017,0,0.0002,0,1,TN
(주)재이솔루션테크놀러지,3128669298,2018,0,0.0183,0,1,TN
(주)재이솔루션테크놀러지,3128669298,2019,0,0.0123,0,1,TN
(주)재이솔루션테크놀러지,3128669298,2020,0,0.0083,0,1,TN
(주)재이솔루션테크놀러지,3128669298,2021,0,0.0006,0,1,TN
(주)재이솔루션테크놀러지,3128669298,2022,0,0.0257,0,1,TN
(주)재이솔루션테크놀러지,3128669298,2023,0,0.0033,0,1,TN
(주)재이솔루션테크놀러지,3128669298,2024,0,0.0023,0,1,TN
지티아이솔루션스코리아,3128670382,2019,0,0.001,0,1,TN
지티아이솔루션스코리아,3128670382,2020,0,0.0014,0,1,TN
지티아이솔루션스코리아,3128670382,2021,0,0.0002,0,1,TN
지티아이솔루션스코리아,3128670382,2022,0,0.0009,0,1,TN
지티아이솔루션스코리아,3128670382,2023,0,0.0006,0,1,TN
지티아이솔루션스코리아,3128670382,2024,0,0.0539,1,0,FP
티에스모스트주식회사,3128670801,2017,0,0.0011,0,1,TN
티에스모스트주식회사,3128670801,2018,0,0.0099,0,1,TN
티에스모스트주식회사,3128670801,2020,0,0.0045,0,1,TN
티에스모스트주식회사,3128670801,2021,0,0.0013,0,1,TN
티에스모스트주식회사,3128670801,2022,0,0.0013,0,1,TN
티에스모스트주식회사,3128670801,2023,0,0.0011,0,1,TN
티에스모스트주식회사,3128670801,2024,0,0.0068,0,1,TN
에스와이빌드(주),3128673375,2016,0,0.0101,0,1,TN
에스와이빌드(주),3128673375,2017,0,0.0603,1,0,FP
에스와이빌드(주),3128673375,2018,1,0.7334,1,1,TP
뉴텍엔지니어링(주),3148115449,2014,0,0.0005,0,1,TN
뉴텍엔지니어링(주),3148115449,2015,0,0.0003,0,1,TN
뉴텍엔지니어링(주),3148115449,2016,0,0.0003,0,1,TN
뉴텍엔지니어링(주),3148115449,2017,0,1e-04,0,1,TN
주식회사경원알미늄,3148130678,2018,0,0.0004,0,1,TN
주식회사경원알미늄,3148130678,2019,0,0.0002,0,1,TN
주식회사경원알미늄,3148130678,2020,0,0.0003,0,1,TN
주식회사경원알미늄,3148130678,2021,0,0.001,0,1,TN
주식회사경원알미늄,3148130678,2022,0,0.0432,1,0,FP
주식회사경원알미늄,3148130678,2023,0,0.0004,0,1,TN
주식회사경원알미늄,3148130678,2024,0,0.0005,0,1,TN
(주)광스틸,3148133281,2014,0,0.001,0,1,TN
(주)광스틸,3148133281,2015,0,0.0017,0,1,TN
(주)광스틸,3148133281,2016,0,0.0004,0,1,TN
(주)광스틸,3148133281,2017,0,0.0004,0,1,TN
(주)광스틸,3148133281,2018,0,0.001,0,1,TN
(주)광스틸,3148133281,2019,0,0.0056,0,1,TN
(주)광스틸,3148133281,2020,0,0.0225,0,1,TN
(주)광스틸,3148133281,2021,0,0.0265,0,1,TN
(주)광스틸,3148133281,2022,0,0.0027,0,1,TN
(주)광스틸,3148133281,2023,0,0.0054,0,1,TN
(주)광스틸,3148133281,2024,0,0.0015,0,1,TN
(주)동양정공,3148137934,2014,0,0.0007,0,1,TN
(주)동양정공,3148137934,2015,0,0.0008,0,1,TN
(주)동양정공,3148137934,2016,0,0.0007,0,1,TN
(주)동양정공,3148137934,2017,0,0.0407,1,0,FP
(주)동양정공,3148137934,2018,0,0.0022,0,1,TN
(주)동양정공,3148137934,2019,0,0.0615,1,0,FP
(주)동양정공,3148137934,2020,0,0.1472,1,0,FP
(주)동양정공,3148137934,2021,1,0.2657,1,1,TP
힐중공업주식회사,3148629249,2016,0,0.0036,0,1,TN
힐중공업주식회사,3148629249,2017,0,0.0204,0,1,TN
힐중공업주식회사,3148629249,2018,1,0.7803,1,1,TP
에스에이치알폼주식회사,3168110606,2014,0,0.0683,1,0,FP
에스에이치알폼주식회사,3168110606,2015,0,0.0894,1,0,FP
에스에이치알폼주식회사,3168110606,2016,0,0.0407,1,0,FP
에스에이치알폼주식회사,3168110606,2017,0,0.08,1,0,FP
에스에이치알폼주식회사,3168110606,2018,0,0.0462,1,0,FP
에스에이치알폼주식회사,3168110606,2019,0,0.0541,1,0,FP
하이테크판넬(주),3168600383,2017,0,0.0019,0,1,TN
하이테크판넬(주),3168600383,2018,0,0.0005,0,1,TN
하이테크판넬(주),3168600383,2019,0,0.0026,0,1,TN
하이테크판넬(주),3168600383,2020,0,0.0047,0,1,TN
하이테크판넬(주),3168600383,2021,0,0.0012,0,1,TN
하이테크판넬(주),3168600383,2022,0,0.0014,0,1,TN
하이테크판넬(주),3168600383,2023,0,0.0047,0,1,TN
하이테크판넬(주),3168600383,2024,0,0.052,1,0,FP
(주)유진테크놀로지,3178118936,2014,0,0.0008,0,1,TN
(주)유진테크놀로지,3178118936,2015,0,0.0003,0,1,TN
(주)유진테크놀로지,3178118936,2016,0,0.0015,0,1,TN
(주)유진테크놀로지,3178118936,2017,0,0.0005,0,1,TN
(주)유진테크놀로지,3178118936,2018,0,0.0006,0,1,TN
(주)유진테크놀로지,3178118936,2019,0,0.0005,0,1,TN
(주)유진테크놀로지,3178118936,2020,0,0.0203,0,1,TN
(주)유진테크놀로지,3178118936,2021,0,0.0011,0,1,TN
(주)유진테크놀로지,3178118936,2022,0,0.0041,0,1,TN
(주)유진테크놀로지,3178118936,2023,0,0.0008,0,1,TN
(주)유진테크놀로지,3178118936,2024,0,0.0561,1,0,FP
(주)에어로코텍,3258101358,2019,0,0.0004,0,1,TN
(주)에어로코텍,3258101358,2020,0,0.0487,1,0,FP
(주)에어로코텍,3258101358,2021,0,0.0119,0,1,TN
(주)에어로코텍,3258101358,2022,0,0.0007,0,1,TN
(주)에어로코텍,3258101358,2023,0,0.0004,0,1,TN
(주)에어로코텍,3258101358,2024,0,1e-04,0,1,TN
주식회사태산,3308700367,2018,0,0.0008,0,1,TN
주식회사태산,3308700367,2019,0,0.0003,0,1,TN
주식회사태산,3308700367,2020,0,0.005,0,1,TN
주식회사태산,3308700367,2021,0,0.0057,0,1,TN
주식회사태산,3308700367,2022,0,0.0775,1,0,FP
주식회사태산,3308700367,2023,0,0.0055,0,1,TN
주식회사태산,3308700367,2024,0,0.0069,0,1,TN
주식회사대웅이티,3338801232,2021,0,0.0005,0,1,TN
주식회사대웅이티,3338801232,2022,0,0.0008,0,1,TN
주식회사대웅이티,3338801232,2023,0,0.0013,0,1,TN
주식회사대웅이티,3338801232,2024,0,0.001,0,1,TN
와이제이산업(주),3358100225,2017,0,0.0018,0,1,TN
와이제이산업(주),3358100225,2018,0,0.005,0,1,TN
와이제이산업(주),3358100225,2019,0,0.0028,0,1,TN
와이제이산업(주),3358100225,2020,0,0.006,0,1,TN
와이제이산업(주),3358100225,2021,0,0.0076,0,1,TN
와이제이산업(주),3358100225,2022,0,0.4036,1,0,FP
와이제이산업(주),3358100225,2023,0,0.2514,1,0,FP
와이제이산업(주),3358100225,2024,0,0.3549,1,0,FP
고려용접봉주식회사,3388802099,2021,0,0.0003,0,1,TN
고려용접봉주식회사,3388802099,2022,0,0.0006,0,1,TN
고려용접봉주식회사,3388802099,2023,0,0.0009,0,1,TN
고려용접봉주식회사,3388802099,2024,0,0.0006,0,1,TN
(주)보원메탈,3408100358,2021,0,0.0016,0,1,TN
(주)보원메탈,3408100358,2022,0,0.002,0,1,TN
(주)보원메탈,3408100358,2023,0,0.0195,0,1,TN
(주)보원메탈,3408100358,2024,0,0.0025,0,1,TN
주식회사삼경이엔씨,3418100915,2022,0,0.0008,0,1,TN
주식회사삼경이엔씨,3418100915,2023,0,0.0057,0,1,TN
주식회사삼경이엔씨,3418100915,2024,0,0.0018,0,1,TN
와이즐리컴퍼니,3448800965,2020,0,0.001,0,1,TN
와이즐리컴퍼니,3448800965,2021,0,0.0025,0,1,TN
와이즐리컴퍼니,3448800965,2022,1,0.0363,1,1,TP
주식회사영동,3548700228,2016,0,0.0031,0,1,TN
주식회사영동,3548700228,2017,0,0.0612,1,0,FP
주식회사영동,3548700228,2018,0,0.0076,0,1,TN
주식회사영동,3548700228,2019,0,0.0061,0,1,TN
주식회사가나이엔지,3658800905,2022,0,0.0025,0,1,TN
주식회사가나이엔지,3658800905,2023,0,0.0356,1,0,FP
주식회사가나이엔지,3658800905,2024,0,0.0046,0,1,TN
(주)유창엠앤씨,3668802717,2022,0,0.001,0,1,TN
(주)유창엠앤씨,3668802717,2023,0,0.0021,0,1,TN
(주)유창엠앤씨,3668802717,2024,0,0.0103,0,1,TN
지에스주식회사,3708800509,2019,0,0.0006,0,1,TN
지에스주식회사,3708800509,2020,0,0.0007,0,1,TN
지에스주식회사,3708800509,2021,0,0.0006,0,1,TN
지에스주식회사,3708800509,2022,0,0.0003,0,1,TN
지에스주식회사,3708800509,2023,0,0.0012,0,1,TN
지에스주식회사,3708800509,2024,0,0.001,0,1,TN
선호피엔에스(주),3778600850,2018,0,0.001,0,1,TN
선호피엔에스(주),3778600850,2019,0,0.0008,0,1,TN
선호피엔에스(주),3778600850,2020,0,0.0015,0,1,TN
선호피엔에스(주),3778600850,2021,0,0.0268,0,1,TN
선호피엔에스(주),3778600850,2022,0,0.0229,0,1,TN
선호피엔에스(주),3778600850,2023,0,0.0163,0,1,TN
선호피엔에스(주),3778600850,2024,0,0.0023,0,1,TN
주식회사미르산업,3828102103,2022,0,0.0037,0,1,TN
주식회사미르산업,3828102103,2023,0,0.0025,0,1,TN
주식회사미르산업,3828102103,2024,0,0.0016,0,1,TN
이화모듈주식회사,3918700324,2019,0,0.0014,0,1,TN
이화모듈주식회사,3918700324,2020,0,0.0178,0,1,TN
이화모듈주식회사,3918700324,2021,0,0.0277,0,1,TN
이화모듈주식회사,3918700324,2022,0,0.6843,1,0,FP
이화모듈주식회사,3918700324,2023,0,0.6526,1,0,FP
(주)에스엔에스인더스트리,4018126274,2014,0,0.0014,0,1,TN
(주)에스엔에스인더스트리,4018126274,2015,0,0.0362,1,0,FP
(주)에스엔에스인더스트리,4018126274,2016,0,0.0386,1,0,FP
(주)호국산업,4018137543,2014,0,0.0308,1,0,FP
(주)호국산업,4018137543,2015,0,0.0047,0,1,TN
(주)호국산업,4018137543,2016,0,0.0512,1,0,FP
(주)호국산업,4018137543,2017,0,0.1006,1,0,FP
주식회사동국아이엔티,4018147056,2015,0,0.0024,0,1,TN
주식회사동국아이엔티,4018147056,2016,0,0.0007,0,1,TN
주식회사동국아이엔티,4018147056,2017,0,0.041,1,0,FP
(주)유영정공,4018147357,2014,0,0.024,0,1,TN
(주)유영정공,4018147357,2015,1,0.7924,1,1,TP
우신산업주식회사,4028118307,2014,0,0.0123,0,1,TN
우신산업주식회사,4028118307,2015,0,0.0032,0,1,TN
우신산업주식회사,4028118307,2016,0,0.002,0,1,TN
우신산업주식회사,4028118307,2017,0,0.0532,1,0,FP
우신산업주식회사,4028118307,2018,0,0.0127,0,1,TN
우신산업주식회사,4028118307,2019,0,0.1162,1,0,FP
우신산업주식회사,4028118307,2020,1,0.1845,1,1,TP
주식회사유니온씨티,4028119475,2016,0,0.0005,0,1,TN
주식회사유니온씨티,4028119475,2017,0,1e-04,0,1,TN
주식회사유니온씨티,4028119475,2018,0,0.0005,0,1,TN
주식회사유니온씨티,4028119475,2019,0,1e-04,0,1,TN
주식회사유니온씨티,4028119475,2020,0,0.0023,0,1,TN
주식회사유니온씨티,4028119475,2021,0,0.0042,0,1,TN
주식회사유니온씨티,4028119475,2022,0,0.1555,1,0,FP
주식회사유니온씨티,4028119475,2023,1,0.1385,1,1,TP
주식회사아시아,4028182115,2014,0,0.0004,0,1,TN
주식회사아시아,4028182115,2015,0,0.0005,0,1,TN
주식회사아시아,4028182115,2016,0,0.0005,0,1,TN
주식회사아시아,4028182115,2017,0,0.0009,0,1,TN
주식회사아시아,4028182115,2018,0,0.0011,0,1,TN
주식회사아시아,4028182115,2019,0,0.0008,0,1,TN
주식회사아시아,4028182115,2020,0,0.0008,0,1,TN
주식회사아시아,4028182115,2021,0,0.0002,0,1,TN
주식회사아시아,4028182115,2022,0,0.0007,0,1,TN
주식회사아시아,4028182115,2023,0,0.0004,0,1,TN
주식회사아시아,4028182115,2024,0,0.0004,0,1,TN
주식회사후성,4028185223,2015,0,0.0016,0,1,TN
주식회사후성,4028185223,2016,0,0.001,0,1,TN
주식회사후성,4028185223,2017,0,0.0012,0,1,TN
주식회사후성,4028185223,2018,0,0.0016,0,1,TN
주식회사후성,4028185223,2019,0,0.0033,0,1,TN
주식회사후성,4028185223,2022,0,0.0035,0,1,TN
주식회사후성,4028185223,2023,0,0.0125,0,1,TN
반석피이비주식회사,4028188083,2018,0,0.0007,0,1,TN
반석피이비주식회사,4028188083,2019,0,0.003,0,1,TN
반석피이비주식회사,4028188083,2020,0,0.0029,0,1,TN
반석피이비주식회사,4028188083,2021,0,0.0007,0,1,TN
반석피이비주식회사,4028188083,2022,0,0.0075,0,1,TN
반석피이비주식회사,4028188083,2023,0,0.0011,0,1,TN
반석피이비주식회사,4028188083,2024,0,0.0133,0,1,TN
주식회사삼진정공,4028192947,2014,0,0.0055,0,1,TN
주식회사삼진정공,4028192947,2015,0,0.001,0,1,TN
주식회사삼진정공,4028192947,2016,0,0.0004,0,1,TN
주식회사삼진정공,4028192947,2017,0,1e-04,0,1,TN
주식회사삼진정공,4028192947,2018,0,0.0024,0,1,TN
주식회사삼진정공,4028192947,2019,0,0.0351,1,0,FP
주식회사삼진정공,4028192947,2020,0,0.0122,0,1,TN
주식회사삼진정공,4028192947,2021,1,0.1832,1,1,TP
(주)아이엠,4028199407,2019,0,0.0007,0,1,TN
(주)아이엠,4028199407,2020,0,0.001,0,1,TN
(주)아이엠,4028199407,2021,0,0.0009,0,1,TN
(주)아이엠,4028199407,2022,0,0.0117,0,1,TN
(주)아이엠,4028199407,2023,0,0.0541,1,0,FP
(주)아이엠,4028199407,2024,0,0.0097,0,1,TN
(주)인아,4038101866,2016,0,0.0006,0,1,TN
(주)인아,4038101866,2017,0,0.0003,0,1,TN
(주)인아,4038101866,2018,0,0.0008,0,1,TN
(주)인아,4038101866,2019,0,0.0004,0,1,TN
(주)인아,4038101866,2020,0,0.0017,0,1,TN
(주)인아,4038101866,2021,0,0.0004,0,1,TN
(주)인아,4038101866,2022,0,0.0033,0,1,TN
(주)인아,4038101866,2023,0,0.0012,0,1,TN
(주)인아,4038101866,2024,0,0.0018,0,1,TN
태령개발(주),4038106880,2014,0,0.0028,0,1,TN
태령개발(주),4038106880,2015,0,0.0019,0,1,TN
태령개발(주),4038106880,2016,0,0.0057,0,1,TN
태령개발(주),4038106880,2017,0,0.0076,0,1,TN
태령개발(주),4038106880,2018,0,0.0046,0,1,TN
태령개발(주),4038106880,2019,0,0.0009,0,1,TN
태령개발(주),4038106880,2020,0,0.0484,1,0,FP
태령개발(주),4038106880,2021,0,0.1721,1,0,FP
태령개발(주),4038106880,2022,0,0.0237,0,1,TN
(주)신흥,4048105069,2014,0,0.0003,0,1,TN
(주)신흥,4048105069,2015,0,0.0003,0,1,TN
(주)신흥,4048105069,2016,0,0.0002,0,1,TN
(주)신흥,4048105069,2017,0,0.012,0,1,TN
(주)신흥,4048105069,2018,0,0.0006,0,1,TN
(주)신흥,4048105069,2019,0,0.0007,0,1,TN
(주)신흥,4048105069,2020,0,0.0052,0,1,TN
(주)신흥,4048105069,2021,0,0.0208,0,1,TN
(주)신흥,4048105069,2022,0,0.1278,1,0,FP
(주)신흥,4048105069,2023,0,0.3937,1,0,FP
(주)신흥,4048105069,2024,1,0.0428,1,1,TP
(주)디에스앤피,4048143063,2018,0,0.0007,0,1,TN
(주)디에스앤피,4048143063,2019,0,0.0007,0,1,TN
(주)디에스앤피,4048143063,2020,0,0.003,0,1,TN
(주)디에스앤피,4048143063,2021,0,0.0009,0,1,TN
(주)디에스앤피,4048143063,2022,0,0.0007,0,1,TN
(주)디에스앤피,4048143063,2023,0,0.0008,0,1,TN
(주)디에스앤피,4048143063,2024,0,0.0007,0,1,TN
(주)삼진라인,4058107847,2021,0,0.0002,0,1,TN
(주)삼진라인,4058107847,2022,0,0.0004,0,1,TN
(주)삼진라인,4058107847,2023,0,0.0003,0,1,TN
(주)삼진라인,4058107847,2024,0,0.0003,0,1,TN
아이티알포징주식회사,4068601477,2020,0,0.0015,0,1,TN
아이티알포징주식회사,4068601477,2021,0,0.0012,0,1,TN
아이티알포징주식회사,4068601477,2022,0,0.0008,0,1,TN
아이티알포징주식회사,4068601477,2023,0,0.0813,1,0,FP
아이티알포징주식회사,4068601477,2024,0,0.3362,1,0,FP
(주)케이에스아이,4078102931,2014,0,0.0005,0,1,TN
(주)케이에스아이,4078102931,2015,0,0.0008,0,1,TN
(주)케이에스아이,4078102931,2016,0,0.0003,0,1,TN
(주)케이에스아이,4078102931,2017,0,0.002,0,1,TN
(주)케이에스아이,4078102931,2018,0,0.0066,0,1,TN
(주)케이에스아이,4078102931,2019,0,0.0007,0,1,TN
(주)케이에스아이,4078102931,2020,0,0.0021,0,1,TN
(주)케이에스아이,4078102931,2021,0,0.0007,0,1,TN
(주)케이에스아이,4078102931,2022,0,0.0011,0,1,TN
(주)케이에스아이,4078102931,2023,0,0.0033,0,1,TN
(주)케이에스아이,4078102931,2024,0,0.0062,0,1,TN
주식회사정명,4078130403,2015,0,0.0008,0,1,TN
주식회사정명,4078130403,2016,0,0.0002,0,1,TN
주식회사정명,4078130403,2017,0,0.0003,0,1,TN
주식회사정명,4078130403,2018,0,0.0009,0,1,TN
주식회사정명,4078130403,2019,0,0.0006,0,1,TN
주식회사정명,4078130403,2020,0,0.0048,0,1,TN
주식회사정명,4078130403,2021,0,0.101,1,0,FP
주식회사정명,4078130403,2022,0,0.0227,0,1,TN
성지피에스주식회사,4078800010,2018,0,0.0006,0,1,TN
성지피에스주식회사,4078800010,2019,0,0.0003,0,1,TN
성지피에스주식회사,4078800010,2020,0,0.0032,0,1,TN
성지피에스주식회사,4078800010,2021,0,0.0011,0,1,TN
성지피에스주식회사,4078800010,2022,0,0.1031,1,0,FP
성지피에스주식회사,4078800010,2023,0,0.4062,1,0,FP
삼광철강공업주식회사,4088115991,2014,1,0.3944,1,1,TP
다스코(주),4088125446,2014,0,0.0002,0,1,TN
다스코(주),4088125446,2015,0,0.0002,0,1,TN
다스코(주),4088125446,2016,0,1e-04,0,1,TN
다스코(주),4088125446,2017,0,0.0002,0,1,TN
다스코(주),4088125446,2018,0,0.0002,0,1,TN
다스코(주),4088125446,2019,0,0.0022,0,1,TN
다스코(주),4088125446,2020,0,0.0134,0,1,TN
다스코(주),4088125446,2021,0,0.0081,0,1,TN
다스코(주),4088125446,2022,0,0.0013,0,1,TN
다스코(주),4088125446,2023,0,0.0006,0,1,TN
다스코(주),4088125446,2024,0,0.0224,0,1,TN
주식회사한국그린피아,4088170844,2021,0,0.0006,0,1,TN
주식회사한국그린피아,4088170844,2022,0,0.0008,0,1,TN
주식회사한국그린피아,4088170844,2023,0,0.0018,0,1,TN
주식회사한국그린피아,4088170844,2024,0,0.0003,0,1,TN
케이테크코리아,4088179622,2019,0,0.0007,0,1,TN
케이테크코리아,4088179622,2020,0,0.0013,0,1,TN
케이테크코리아,4088179622,2021,0,0.0017,0,1,TN
케이테크코리아,4088179622,2022,0,0.0186,0,1,TN
케이테크코리아,4088179622,2023,0,0.133,1,0,FP
주식회사광진피엠,4098122495,2014,0,0.0002,0,1,TN
주식회사광진피엠,4098122495,2015,0,1e-04,0,1,TN
주식회사광진피엠,4098122495,2016,0,0.0002,0,1,TN
주식회사광진피엠,4098122495,2017,0,1e-04,0,1,TN
주식회사광진피엠,4098122495,2018,0,1e-04,0,1,TN
주식회사광진피엠,4098122495,2019,0,0.0004,0,1,TN
주식회사광진피엠,4098122495,2020,0,0.001,0,1,TN
주식회사광진피엠,4098122495,2021,0,0.0024,0,1,TN
주식회사광진피엠,4098122495,2022,0,0.0572,1,0,FP
주식회사광진피엠,4098122495,2023,0,0.0011,0,1,TN
주식회사광진피엠,4098122495,2024,0,0.001,0,1,TN
(주)코스,4098123077,2017,0,0.0012,0,1,TN
(주)코스,4098123077,2018,0,0.0005,0,1,TN
(주)코스,4098123077,2019,0,0.0008,0,1,TN
(주)코스,4098123077,2020,0,0.0039,0,1,TN
(주)코스,4098123077,2021,0,0.0006,0,1,TN
(주)코스,4098123077,2022,0,0.0007,0,1,TN
(주)코스,4098123077,2023,0,0.0007,0,1,TN
(주)코스,4098123077,2024,0,0.001,0,1,TN
(주)제일,4098126036,2014,0,0.0005,0,1,TN
(주)제일,4098126036,2015,0,0.0002,0,1,TN
(주)제일,4098126036,2016,0,1e-04,0,1,TN
(주)제일,4098126036,2017,0,0.0003,0,1,TN
(주)제일,4098126036,2018,0,0.0002,0,1,TN
(주)제일,4098126036,2019,0,0.0003,0,1,TN
(주)제일,4098126036,2020,0,0.0006,0,1,TN
(주)제일,4098126036,2021,0,0.0004,0,1,TN
(주)제일,4098126036,2022,0,0.0002,0,1,TN
(주)제일,4098126036,2023,0,0.0007,0,1,TN
(주)제일,4098126036,2024,0,1e-04,0,1,TN
(주)거광기업,4098128295,2018,0,0.0004,0,1,TN
(주)거광기업,4098128295,2019,0,0.0004,0,1,TN
(주)거광기업,4098128295,2022,0,0.0072,0,1,TN
(주)거광기업,4098128295,2023,0,0.0012,0,1,TN
(주)거광기업,4098128295,2024,0,0.0004,0,1,TN
하남중공업주식회사,4098159764,2014,0,0.0038,0,1,TN
하남중공업주식회사,4098159764,2015,0,0.0019,0,1,TN
하남중공업주식회사,4098159764,2016,0,0.0116,0,1,TN
하남중공업주식회사,4098159764,2017,0,0.0196,0,1,TN
하남중공업주식회사,4098159764,2018,0,0.0208,0,1,TN
하남중공업주식회사,4098159764,2019,1,0.5709,1,1,TP
(주)현성오토텍,4108107591,2014,0,0.002,0,1,TN
(주)현성오토텍,4108107591,2015,0,0.001,0,1,TN
(주)현성오토텍,4108107591,2016,0,0.0015,0,1,TN
(주)현성오토텍,4108107591,2017,0,0.002,0,1,TN
(주)현성오토텍,4108107591,2018,0,0.0022,0,1,TN
(주)현성오토텍,4108107591,2019,0,0.0027,0,1,TN
(주)현성오토텍,4108107591,2020,0,0.0232,0,1,TN
(주)현성오토텍,4108107591,2021,0,0.0046,0,1,TN
(주)현성오토텍,4108107591,2022,0,0.0087,0,1,TN
(주)현성오토텍,4108107591,2023,0,0.0471,1,0,FP
(주)현성오토텍,4108107591,2024,0,0.2434,1,0,FP
휴먼전자주식회사,4108110209,2014,1,0.75,1,1,TP
(주)골드라인,4108112911,2014,0,0.0009,0,1,TN
(주)골드라인,4108112911,2015,0,0.0048,0,1,TN
(주)골드라인,4108112911,2016,0,0.0016,0,1,TN
(주)골드라인,4108112911,2017,0,0.0004,0,1,TN
(주)골드라인,4108112911,2018,0,0.0004,0,1,TN
(주)골드라인,4108112911,2019,0,0.0009,0,1,TN
(주)골드라인,4108112911,2020,0,0.0016,0,1,TN
(주)골드라인,4108112911,2021,0,0.0003,0,1,TN
(주)골드라인,4108112911,2022,0,0.0009,0,1,TN
(주)골드라인,4108112911,2023,0,0.0075,0,1,TN
(주)골드라인,4108112911,2024,0,0.0013,0,1,TN
지금강주식회사,4108125323,2014,0,0.0192,0,1,TN
지금강주식회사,4108125323,2015,0,0.0175,0,1,TN
지금강주식회사,4108125323,2016,0,0.0071,0,1,TN
지금강주식회사,4108125323,2017,0,0.0425,1,0,FP
지금강주식회사,4108125323,2018,0,0.0163,0,1,TN
지금강주식회사,4108125323,2019,0,0.0399,1,0,FP
지금강주식회사,4108125323,2020,0,0.0051,0,1,TN
지금강주식회사,4108125323,2021,0,0.0072,0,1,TN
지금강주식회사,4108125323,2022,0,0.0065,0,1,TN
지금강주식회사,4108125323,2023,0,0.0023,0,1,TN
지금강주식회사,4108125323,2024,0,0.0048,0,1,TN
(주)한국판넬,4108127715,2014,0,0.002,0,1,TN
(주)한국판넬,4108127715,2017,0,0.0004,0,1,TN
(주)한국판넬,4108127715,2018,0,0.0002,0,1,TN
(주)한국판넬,4108127715,2019,0,0.0002,0,1,TN
(주)한국판넬,4108127715,2020,0,0.0027,0,1,TN
(주)한국판넬,4108127715,2021,0,0.0003,0,1,TN
(주)한국판넬,4108127715,2022,0,0.0002,0,1,TN
(주)한국판넬,4108127715,2023,0,1e-04,0,1,TN
(주)한국판넬,4108127715,2024,0,0.0081,0,1,TN
(주)한영정공,4108133731,2016,0,0.0007,0,1,TN
(주)한영정공,4108133731,2017,0,0.0002,0,1,TN
(주)한영정공,4108133731,2018,0,0.0009,0,1,TN
(주)한영정공,4108133731,2019,0,0.0248,0,1,TN
(주)한영정공,4108133731,2020,0,0.0227,0,1,TN
(주)한영정공,4108133731,2021,0,0.0294,0,1,TN
(주)한영정공,4108133731,2022,0,0.0019,0,1,TN
(주)한영정공,4108133731,2023,0,0.0004,0,1,TN
(주)한영정공,4108133731,2024,0,0.0129,0,1,TN
신소재산업주식회사,4108140421,2016,0,0.0008,0,1,TN
신소재산업주식회사,4108140421,2017,0,0.0002,0,1,TN
신소재산업주식회사,4108140421,2018,0,0.0005,0,1,TN
신소재산업주식회사,4108140421,2019,0,0.0005,0,1,TN
신소재산업주식회사,4108140421,2020,0,0.0042,0,1,TN
신소재산업주식회사,4108140421,2021,0,0.0258,0,1,TN
신소재산업주식회사,4108140421,2022,0,0.0024,0,1,TN
신소재산업주식회사,4108140421,2023,0,0.4077,1,0,FP
신소재산업주식회사,4108140421,2024,0,0.0573,1,0,FP
(주)대웅에스앤티,4108146269,2014,0,0.0025,0,1,TN
(주)대웅에스앤티,4108146269,2015,0,0.0034,0,1,TN
(주)대웅에스앤티,4108146269,2016,0,0.0015,0,1,TN
(주)대웅에스앤티,4108146269,2017,0,0.003,0,1,TN
(주)대웅에스앤티,4108146269,2018,0,0.0025,0,1,TN
(주)대웅에스앤티,4108146269,2019,0,0.0043,0,1,TN
(주)대웅에스앤티,4108146269,2020,0,0.0068,0,1,TN
(주)대웅에스앤티,4108146269,2021,0,0.0013,0,1,TN
(주)대웅에스앤티,4108146269,2022,0,0.0023,0,1,TN
(주)대웅에스앤티,4108146269,2023,0,0.0012,0,1,TN
(주)대웅에스앤티,4108146269,2024,0,0.0013,0,1,TN
하남전기(주),4108150220,2014,0,0.0543,1,0,FP
하남전기(주),4108150220,2015,0,0.001,0,1,TN
하남전기(주),4108150220,2016,0,0.0006,0,1,TN
하남전기(주),4108150220,2017,0,0.0037,0,1,TN
하남전기(주),4108150220,2018,0,0.0092,0,1,TN
하남전기(주),4108150220,2019,0,0.0882,1,0,FP
하남전기(주),4108150220,2020,0,0.0021,0,1,TN
하남전기(주),4108150220,2021,0,0.0004,0,1,TN
하남전기(주),4108150220,2022,0,0.0002,0,1,TN
하남전기(주),4108150220,2023,0,0.0691,1,0,FP
하남전기(주),4108150220,2024,0,0.0006,0,1,TN
주식회사안영사,4108151821,2022,0,0.0009,0,1,TN
주식회사안영사,4108151821,2023,0,0.0022,0,1,TN
주식회사안영사,4108151821,2024,0,0.0025,0,1,TN
(주)에이팩스,4108175629,2016,0,0.0017,0,1,TN
(주)에이팩스,4108175629,2017,0,0.0004,0,1,TN
(주)에이팩스,4108175629,2018,0,0.0015,0,1,TN
(주)에이팩스,4108175629,2019,0,0.0008,0,1,TN
(주)에이팩스,4108175629,2020,0,0.0901,1,0,FP
서천산업주식회사,4108183833,2014,0,0.001,0,1,TN
서천산업주식회사,4108183833,2015,0,0.0004,0,1,TN
서천산업주식회사,4108183833,2016,0,0.0013,0,1,TN
서천산업주식회사,4108183833,2017,0,0.0045,0,1,TN
서천산업주식회사,4108183833,2018,0,0.0016,0,1,TN
서천산업주식회사,4108183833,2019,0,0.0013,0,1,TN
서천산업주식회사,4108183833,2020,0,0.003,0,1,TN
서천산업주식회사,4108183833,2021,0,0.0009,0,1,TN
서천산업주식회사,4108183833,2022,0,0.0008,0,1,TN
서천산업주식회사,4108183833,2023,0,0.0025,0,1,TN
서천산업주식회사,4108183833,2024,0,0.0039,0,1,TN
(주)호원테크,4108185578,2014,0,0.0029,0,1,TN
(주)호원테크,4108185578,2015,0,0.0013,0,1,TN
(주)호원테크,4108185578,2016,0,0.0086,0,1,TN
(주)호원테크,4108185578,2017,0,0.0076,0,1,TN
(주)호원테크,4108185578,2018,0,0.0044,0,1,TN
(주)호원테크,4108185578,2019,0,0.0096,0,1,TN
(주)호원테크,4108185578,2020,0,0.0379,1,0,FP
(주)호원테크,4108185578,2021,0,0.0176,0,1,TN
(주)호원테크,4108185578,2022,0,0.0216,0,1,TN
(주)호원테크,4108185578,2023,0,0.0037,0,1,TN
(주)호원테크,4108185578,2024,0,0.0027,0,1,TN
알이씨주식회사,4108190130,2014,0,0.0023,0,1,TN
알이씨주식회사,4108190130,2015,0,0.0109,0,1,TN
알이씨주식회사,4108190130,2016,1,0.8916,1,1,TP
서림철강주식회사,4108602344,2020,0,0.0011,0,1,TN
서림철강주식회사,4108602344,2021,0,0.0005,0,1,TN
서림철강주식회사,4108602344,2022,0,0.0013,0,1,TN
서림철강주식회사,4108602344,2023,0,0.0149,0,1,TN
서림철강주식회사,4108602344,2024,0,0.0021,0,1,TN
(주)현대스프링,4108607451,2021,0,0.0009,0,1,TN
(주)현대스프링,4108607451,2022,0,0.0402,1,0,FP
(주)현대스프링,4108607451,2023,0,0.7989,1,0,FP
(주)현대스프링,4108607451,2024,0,0.0088,0,1,TN
주식회사하이텍산업개발,4108607693,2014,0,0.0028,0,1,TN
주식회사하이텍산업개발,4108607693,2015,0,0.0454,1,0,FP
주식회사하이텍산업개발,4108607693,2016,0,0.0161,0,1,TN
주식회사하이텍산업개발,4108607693,2017,0,0.0335,1,0,FP
주식회사하이텍산업개발,4108607693,2018,0,0.01,0,1,TN
주식회사하이텍산업개발,4108607693,2019,0,0.0113,0,1,TN
중수산업(주),4108608538,2014,0,0.005,0,1,TN
중수산업(주),4108608538,2015,0,0.0016,0,1,TN
중수산업(주),4108608538,2016,0,0.0255,0,1,TN
중수산업(주),4108608538,2017,0,0.0783,1,0,FP
중수산업(주),4108608538,2018,0,0.0025,0,1,TN
(주)호산하이텍,4108616590,2016,0,0.0014,0,1,TN
(주)호산하이텍,4108616590,2017,0,0.0006,0,1,TN
(주)호산하이텍,4108616590,2018,0,0.0508,1,0,FP
(주)호산하이텍,4108616590,2019,0,0.0112,0,1,TN
대영스틸산업(주),4108624260,2018,0,0.0004,0,1,TN
대영스틸산업(주),4108624260,2019,0,1e-04,0,1,TN
대영스틸산업(주),4108624260,2020,0,0.0009,0,1,TN
대영스틸산업(주),4108624260,2021,0,0.0002,0,1,TN
대영스틸산업(주),4108624260,2022,0,0.0002,0,1,TN
대영스틸산업(주),4108624260,2023,0,0.0003,0,1,TN
대영스틸산업(주),4108624260,2024,0,0.0003,0,1,TN
주식회사광암산업,4108632440,2020,0,0.0013,0,1,TN
주식회사광암산업,4108632440,2021,0,0.0011,0,1,TN
주식회사광암산업,4108632440,2022,0,0.0076,0,1,TN
가온에스티(주),4108633911,2014,0,0.0135,0,1,TN
가온에스티(주),4108633911,2015,0,0.036,1,0,FP
가온에스티(주),4108633911,2016,0,0.4495,1,0,FP
가온에스티(주),4108633911,2017,1,0.7069,1,1,TP
아이솔라에너지주식회사,4108634768,2015,0,0.0003,0,1,TN
아이솔라에너지주식회사,4108634768,2016,0,0.0181,0,1,TN
아이솔라에너지주식회사,4108634768,2017,0,0.0151,0,1,TN
아이솔라에너지주식회사,4108634768,2018,0,0.0861,1,0,FP
아이솔라에너지주식회사,4108634768,2019,0,0.0024,0,1,TN
아이솔라에너지주식회사,4108634768,2020,0,0.0005,0,1,TN
아이솔라에너지주식회사,4108634768,2021,0,0.0002,0,1,TN
아이솔라에너지주식회사,4108634768,2022,0,0.0009,0,1,TN
아이솔라에너지주식회사,4108634768,2023,0,0.0008,0,1,TN
아이솔라에너지주식회사,4108634768,2024,0,0.0028,0,1,TN
(주)해성판넬,4108648637,2019,0,0.0005,0,1,TN
(주)해성판넬,4108648637,2020,0,0.0016,0,1,TN
(주)해성판넬,4108648637,2021,0,0.0019,0,1,TN
(주)해성판넬,4108648637,2022,0,0.0075,0,1,TN
(주)해성판넬,4108648637,2023,0,0.0011,0,1,TN
(주)해성판넬,4108648637,2024,0,0.0007,0,1,TN
코비코스틸주식회사,4108651786,2020,0,0.0029,0,1,TN
코비코스틸주식회사,4108651786,2021,0,1e-04,0,1,TN
코비코스틸주식회사,4108651786,2022,0,0.0013,0,1,TN
(주)한영피엔에스,4108662361,2014,0,0.0005,0,1,TN
(주)한영피엔에스,4108662361,2015,0,0.0004,0,1,TN
(주)한영피엔에스,4108662361,2016,0,0.0015,0,1,TN
(주)한영피엔에스,4108662361,2017,0,0.0058,0,1,TN
(주)한영피엔에스,4108662361,2018,0,0.0002,0,1,TN
(주)한영피엔에스,4108662361,2019,0,0.0003,0,1,TN
(주)한영피엔에스,4108662361,2020,0,0.0045,0,1,TN
(주)한영피엔에스,4108662361,2021,0,0.0037,0,1,TN
(주)한영피엔에스,4108662361,2022,0,0.0065,0,1,TN
(주)한영피엔에스,4108662361,2023,0,0.0015,0,1,TN
(주)한영피엔에스,4108662361,2024,0,0.0023,0,1,TN
[주]빛고을중공업,4108707235,2016,0,0.0104,0,1,TN
[주]빛고을중공업,4108707235,2017,0,0.0023,0,1,TN
[주]빛고을중공업,4108707235,2018,0,0.0023,0,1,TN
[주]빛고을중공업,4108707235,2019,0,0.0012,0,1,TN
[주]빛고을중공업,4108707235,2020,0,0.0067,0,1,TN
[주]빛고을중공업,4108707235,2021,0,1e-04,0,1,TN
주식회사반도산업,4118128357,2014,0,0.0294,0,1,TN
주식회사반도산업,4118128357,2015,0,0.0012,0,1,TN
주식회사반도산업,4118128357,2016,0,0.0951,1,0,FP
주식회사반도산업,4118128357,2017,0,0.0565,1,0,FP
(주)한영산업,4118128605,2014,0,0.0032,0,1,TN
(주)한영산업,4118128605,2015,0,0.0484,1,0,FP
(주)한영산업,4118128605,2016,0,0.0388,1,0,FP
(주)한영산업,4118128605,2017,1,0.7081,1,1,TP
지성산업주식회사,4118131885,2014,1,0.8834,1,1,TP
(주)유일,4118132088,2014,0,0.0019,0,1,TN
(주)유일,4118132088,2015,0,0.0014,0,1,TN
(주)유일,4118132088,2016,0,0.0013,0,1,TN
(주)유일,4118132088,2017,0,0.0006,0,1,TN
(주)유일,4118132088,2018,0,0.0012,0,1,TN
(주)유일,4118132088,2019,0,0.0007,0,1,TN
(주)유일,4118132088,2020,0,0.0012,0,1,TN
(주)유일,4118132088,2021,0,0.0012,0,1,TN
(주)유일,4118132088,2022,0,0.0011,0,1,TN
(주)유일,4118132088,2023,0,0.0019,0,1,TN
(주)유일,4118132088,2024,0,0.0014,0,1,TN
주식회사케이.제이,4118154364,2017,0,0.0007,0,1,TN
주식회사케이.제이,4118154364,2018,0,0.0017,0,1,TN
주식회사케이.제이,4118154364,2019,0,0.0004,0,1,TN
주식회사케이.제이,4118154364,2020,0,0.0007,0,1,TN
주식회사케이.제이,4118154364,2021,0,0.0002,0,1,TN
주식회사케이.제이,4118154364,2022,0,0.0006,0,1,TN
주식회사케이.제이,4118154364,2023,0,0.068,1,0,FP
주식회사케이.제이,4118154364,2024,0,0.0021,0,1,TN
에이치와이중공업주식회사,4118159302,2014,0,0.1827,1,0,FP
에이치와이중공업주식회사,4118159302,2015,0,0.0424,1,0,FP
에이치와이중공업주식회사,4118159302,2016,1,0.7377,1,1,TP
주식회사하나하이텍,4128600793,2017,0,0.0008,0,1,TN
주식회사하나하이텍,4128600793,2018,0,0.0018,0,1,TN
주식회사하나하이텍,4128600793,2019,0,0.0005,0,1,TN
주식회사하나하이텍,4128600793,2020,0,0.0012,0,1,TN
주식회사하나하이텍,4128600793,2021,0,0.0004,0,1,TN
주식회사하나하이텍,4128600793,2022,0,0.0025,0,1,TN
주식회사하나하이텍,4128600793,2023,0,0.0017,0,1,TN
주식회사하나하이텍,4128600793,2024,0,0.0007,0,1,TN
청봉산업(주),4158111498,2021,0,0.0007,0,1,TN
청봉산업(주),4158111498,2022,0,0.0021,0,1,TN
청봉산업(주),4158111498,2023,0,0.0014,0,1,TN
(주)달성,4168110094,2014,0,0.0004,0,1,TN
(주)달성,4168110094,2015,0,0.0003,0,1,TN
(주)달성,4168110094,2016,0,0.0002,0,1,TN
(주)달성,4168110094,2017,0,0.0002,0,1,TN
(주)달성,4168110094,2018,0,0.0005,0,1,TN
(주)달성,4168110094,2019,0,0.0004,0,1,TN
(주)달성,4168110094,2020,0,0.0018,0,1,TN
(주)달성,4168110094,2021,0,0.0002,0,1,TN
(주)달성,4168110094,2022,0,0.0003,0,1,TN
(주)달성,4168110094,2023,0,0.0009,0,1,TN
(주)달성,4168110094,2024,0,0.0005,0,1,TN
(주)삼우에코,4168111434,2014,0,0.0002,0,1,TN
(주)삼우에코,4168111434,2015,0,0.0003,0,1,TN
(주)삼우에코,4168111434,2016,0,0.0034,0,1,TN
(주)삼우에코,4168111434,2017,0,0.0017,0,1,TN
(주)삼우에코,4168111434,2018,0,0.0312,1,0,FP
(주)삼우에코,4168111434,2019,0,0.0005,0,1,TN
(주)삼우에코,4168111434,2020,0,0.0084,0,1,TN
(주)삼우에코,4168111434,2021,0,1e-04,0,1,TN
(주)삼우에코,4168111434,2022,0,0.0033,0,1,TN
(주)삼우에코,4168111434,2023,0,0.0034,0,1,TN
(주)삼우에코,4168111434,2024,0,0.0021,0,1,TN
비피시(주),4168112675,2014,0,0.01,0,1,TN
비피시(주),4168112675,2015,0,0.0023,0,1,TN
비피시(주),4168112675,2016,0,0.0017,0,1,TN
비피시(주),4168112675,2017,0,0.0028,0,1,TN
비피시(주),4168112675,2018,0,0.0014,0,1,TN
비피시(주),4168112675,2019,0,0.0016,0,1,TN
비피시(주),4168112675,2020,0,0.0305,1,0,FP
비피시(주),4168112675,2021,0,0.0025,0,1,TN
비피시(주),4168112675,2022,0,0.0046,0,1,TN
비피시(주),4168112675,2023,0,0.0051,0,1,TN
비피시(주),4168112675,2024,0,0.0068,0,1,TN
한성철강공업(주),4168113558,2014,0,0.0018,0,1,TN
한성철강공업(주),4168113558,2015,0,0.0011,0,1,TN
한성철강공업(주),4168113558,2016,0,0.0014,0,1,TN
한성철강공업(주),4168113558,2017,0,0.1445,1,0,FP
(주)만보중공업,4168113617,2021,0,0.0003,0,1,TN
(주)만보중공업,4168113617,2022,0,0.0003,0,1,TN
(주)만보중공업,4168113617,2023,0,0.0004,0,1,TN
(주)만보중공업,4168113617,2024,0,0.0009,0,1,TN
(주)유림산업,4168114483,2014,0,0.0065,0,1,TN
(주)유림산업,4168114483,2015,0,0.0068,0,1,TN
(주)삼보강업,4168115084,2019,0,0.0005,0,1,TN
(주)삼보강업,4168115084,2020,0,0.0003,0,1,TN
(주)삼보강업,4168115084,2021,0,1e-04,0,1,TN
(주)삼보강업,4168115084,2022,0,0.0002,0,1,TN
(주)삼보강업,4168115084,2023,0,0.0005,0,1,TN
(주)삼보강업,4168115084,2024,0,0.0003,0,1,TN
성창중공업주식회사,4168116365,2014,0,0.0041,0,1,TN
성창중공업주식회사,4168116365,2015,0,0.0012,0,1,TN
(주)한성산업,4168128594,2014,0,0.0123,0,1,TN
(주)한성산업,4168128594,2015,0,0.0016,0,1,TN
(주)한성산업,4168128594,2016,0,0.0045,0,1,TN
(주)한성산업,4168128594,2017,0,0.2507,1,0,FP
(주)기성,4168148547,2017,0,0.0012,0,1,TN
(주)기성,4168148547,2018,0,0.0003,0,1,TN
(주)기성,4168148547,2019,0,0.0021,0,1,TN
(주)기성,4168148547,2020,0,0.0156,0,1,TN
(주)기성,4168148547,2021,0,0.0851,1,0,FP
(주)기성,4168148547,2022,1,0.0906,1,1,TP
진형건설(주),4168152570,2022,0,0.0003,0,1,TN
진형건설(주),4168152570,2023,0,0.0002,0,1,TN
진형건설(주),4168152570,2024,0,0.0004,0,1,TN
삼우엠이씨(주),4168162608,2014,0,0.2732,1,0,FP
삼우엠이씨(주),4168162608,2015,1,0.9741,1,1,TP
금창산업주식회사,4168163330,2014,0,0.0138,0,1,TN
금창산업주식회사,4168163330,2015,0,0.0063,0,1,TN
금창산업주식회사,4168163330,2016,0,0.0102,0,1,TN
금창산업주식회사,4168163330,2017,0,0.2975,1,0,FP
금창산업주식회사,4168163330,2018,0,0.0666,1,0,FP
금창산업주식회사,4168163330,2019,0,0.1394,1,0,FP
금창산업주식회사,4168163330,2020,0,0.0572,1,0,FP
주식회사두원,4168177998,2014,0,0.086,1,0,FP
주식회사두원,4168177998,2015,1,0.9361,1,1,TP
플랜엠,4168701563,2021,0,0.001,0,1,TN
플랜엠,4168701563,2022,0,0.0007,0,1,TN
플랜엠,4168701563,2023,0,0.0557,1,0,FP
플랜엠,4168701563,2024,0,0.0344,1,0,FP
성창이엔씨주식회사,4178104580,2014,0,0.0196,0,1,TN
성창이엔씨주식회사,4178104580,2015,0,0.006,0,1,TN
성창이엔씨주식회사,4178104580,2016,0,0.0012,0,1,TN
성창이엔씨주식회사,4178104580,2017,0,0.0011,0,1,TN
성창이엔씨주식회사,4178104580,2018,0,0.0015,0,1,TN
성창이엔씨주식회사,4178104580,2019,0,0.0196,0,1,TN
성창이엔씨주식회사,4178104580,2020,0,0.0522,1,0,FP
성창이엔씨주식회사,4178104580,2021,0,0.0453,1,0,FP
유한기술(주),4178109135,2014,0,0.0025,0,1,TN
유한기술(주),4178109135,2015,0,0.0013,0,1,TN
유한기술(주),4178109135,2016,0,0.0004,0,1,TN
유한기술(주),4178109135,2017,0,0.0003,0,1,TN
유한기술(주),4178109135,2018,0,0.0004,0,1,TN
유한기술(주),4178109135,2019,0,0.0009,0,1,TN
유한기술(주),4178109135,2020,0,0.0005,0,1,TN
유한기술(주),4178109135,2021,0,0.0002,0,1,TN
유한기술(주),4178109135,2022,0,0.0109,0,1,TN
유한기술(주),4178109135,2023,0,0.0015,0,1,TN
유한기술(주),4178109135,2024,0,0.0004,0,1,TN
주식회사승진엔지니어링,4178113624,2017,0,0.0003,0,1,TN
주식회사승진엔지니어링,4178113624,2018,0,0.0002,0,1,TN
주식회사승진엔지니어링,4178113624,2019,0,1e-04,0,1,TN
주식회사승진엔지니어링,4178113624,2020,0,0.0006,0,1,TN
주식회사승진엔지니어링,4178113624,2021,0,1e-04,0,1,TN
주식회사승진엔지니어링,4178113624,2022,0,0.0011,0,1,TN
주식회사승진엔지니어링,4178113624,2023,0,0.0002,0,1,TN
주식회사승진엔지니어링,4178113624,2024,0,0.0005,0,1,TN
화양산업(주),4178126624,2014,0,1e-04,0,1,TN
화양산업(주),4178126624,2015,0,1e-04,0,1,TN
화양산업(주),4178126624,2016,0,0.0032,0,1,TN
화양산업(주),4178126624,2017,0,0.0002,0,1,TN
화양산업(주),4178126624,2018,0,0.0002,0,1,TN
화양산업(주),4178126624,2019,0,0.002,0,1,TN
화양산업(주),4178126624,2020,0,0.0007,0,1,TN
화양산업(주),4178126624,2021,0,0.0011,0,1,TN
화양산업(주),4178126624,2022,0,0.0719,1,0,FP
화양산업(주),4178126624,2023,0,0.1129,1,0,FP
화양산업(주),4178126624,2024,1,0.0859,1,1,TP
티와이파우들러주식회사,4178134648,2018,0,0.0004,0,1,TN
티와이파우들러주식회사,4178134648,2019,0,0.0009,0,1,TN
티와이파우들러주식회사,4178134648,2020,0,0.0032,0,1,TN
티와이파우들러주식회사,4178134648,2021,0,0.0026,0,1,TN
티와이파우들러주식회사,4178134648,2022,0,0.0013,0,1,TN
티와이파우들러주식회사,4178134648,2023,0,0.0953,1,0,FP
티와이파우들러주식회사,4178134648,2024,0,0.0424,1,0,FP
주식회사유원산업기술,4178137228,2020,0,0.0017,0,1,TN
주식회사유원산업기술,4178137228,2021,0,0.0007,0,1,TN
주식회사유원산업기술,4178137228,2022,0,0.0021,0,1,TN
주식회사유원산업기술,4178137228,2023,0,0.0016,0,1,TN
주식회사유원산업기술,4178137228,2024,0,0.0004,0,1,TN
(주)승산팩,4178149613,2016,0,0.0075,0,1,TN
(주)승산팩,4178149613,2017,0,0.0009,0,1,TN
(주)승산팩,4178149613,2018,0,0.0029,0,1,TN
(주)승산팩,4178149613,2019,0,0.0947,1,0,FP
(주)승산팩,4178149613,2020,0,0.1846,1,0,FP
(주)승산팩,4178149613,2021,1,0.562,1,1,TP
(주)정원이엔지,4178150653,2016,0,0.004,0,1,TN
(주)정원이엔지,4178150653,2017,0,0.1464,1,0,FP
(주)정원이엔지,4178150653,2018,1,0.9366,1,1,TP
주식회사고원글로텍,4258800094,2016,0,0.0052,0,1,TN
주식회사고원글로텍,4258800094,2017,0,0.0412,1,0,FP
주식회사고원글로텍,4258800094,2018,0,0.0136,0,1,TN
주식회사고원글로텍,4258800094,2019,1,0.585,1,1,TP
주식회사신한씨에스,4258800473,2017,0,0.0018,0,1,TN
주식회사신한씨에스,4258800473,2018,0,0.0006,0,1,TN
주식회사신한씨에스,4258800473,2019,0,0.0013,0,1,TN
주식회사신한씨에스,4258800473,2020,0,0.0025,0,1,TN
주식회사신한씨에스,4258800473,2021,0,0.0005,0,1,TN
주식회사신한씨에스,4258800473,2022,0,0.0018,0,1,TN
주식회사신한씨에스,4258800473,2023,0,0.0024,0,1,TN
주식회사신한씨에스,4258800473,2024,0,0.1706,1,0,FP
캐스텍주식회사,4328702021,2022,0,0.0021,0,1,TN
캐스텍주식회사,4328702021,2023,0,0.0023,0,1,TN
캐스텍주식회사,4328702021,2024,0,0.0032,0,1,TN
(주)엔알비,4338701796,2021,0,0.0009,0,1,TN
(주)엔알비,4338701796,2022,0,0.0044,0,1,TN
(주)엔알비,4338701796,2023,0,0.0853,1,0,FP
(주)엔알비,4338701796,2024,0,0.0126,0,1,TN
주식회사에이치스틸,4418102299,2022,0,0.0009,0,1,TN
주식회사에이치스틸,4418102299,2023,0,0.0011,0,1,TN
주식회사에이치스틸,4418102299,2024,0,0.0023,0,1,TN
주식회사대주금속,4468800806,2020,0,0.0022,0,1,TN
주식회사대주금속,4468800806,2021,0,0.0222,0,1,TN
주식회사대주금속,4468800806,2022,0,0.0025,0,1,TN
주식회사대주금속,4468800806,2023,0,0.0014,0,1,TN
주식회사대주금속,4468800806,2024,0,0.0198,0,1,TN
주식회사이레이저,4478800037,2022,0,0.0005,0,1,TN
주식회사이레이저,4478800037,2023,0,0.0002,0,1,TN
주식회사이레이저,4478800037,2024,0,0.0007,0,1,TN
경동정밀공업주식회사,4488100856,2018,0,0.0005,0,1,TN
경동정밀공업주식회사,4488100856,2019,0,0.0004,0,1,TN
경동정밀공업주식회사,4488100856,2020,0,0.1043,1,0,FP
경동정밀공업주식회사,4488100856,2021,0,0.0296,0,1,TN
경동정밀공업주식회사,4488100856,2022,0,0.022,0,1,TN
경동정밀공업주식회사,4488100856,2023,0,0.1259,1,0,FP
경동정밀공업주식회사,4488100856,2024,1,0.2181,1,1,TP
주식회사대명엠앤티,4508600209,2021,0,0.0007,0,1,TN
주식회사대명엠앤티,4508600209,2022,0,0.0005,0,1,TN
주식회사대명엠앤티,4508600209,2023,0,0.0009,0,1,TN
주식회사대명엠앤티,4508600209,2024,0,0.0007,0,1,TN
에스앤에스엠텍주식회사,4568100158,2015,0,0.0042,0,1,TN
에스앤에스엠텍주식회사,4568100158,2016,0,0.033,1,0,FP
에스앤에스엠텍주식회사,4568100158,2017,1,0.4381,1,1,TP
에이치앤디이주식회사,4568700470,2020,0,0.004,0,1,TN
에이치앤디이주식회사,4568700470,2021,0,0.0511,1,0,FP
에이치앤디이주식회사,4568700470,2022,1,0.497,1,1,TP
(주)다모아기업,4578700871,2021,0,0.0018,0,1,TN
(주)다모아기업,4578700871,2022,0,0.0016,0,1,TN
(주)다모아기업,4578700871,2023,0,0.0683,1,0,FP
(주)다모아기업,4578700871,2024,0,0.0288,0,1,TN
에코클리어주식회사,4608100671,2021,0,0.0006,0,1,TN
에코클리어주식회사,4608100671,2022,0,0.0002,0,1,TN
에코클리어주식회사,4608100671,2023,0,0.0011,0,1,TN
에코클리어주식회사,4608100671,2024,0,0.0003,0,1,TN
(주)오제이씨커머스,4718602373,2021,0,0.0033,0,1,TN
(주)오제이씨커머스,4718602373,2022,0,0.058,1,0,FP
(주)오제이씨커머스,4718602373,2023,1,0.3712,1,1,TP
주식회사서창,4718800215,2017,0,0.0007,0,1,TN
주식회사서창,4718800215,2018,0,0.0009,0,1,TN
주식회사서창,4718800215,2019,0,0.0646,1,0,FP
주식회사서창,4718800215,2020,0,0.0616,1,0,FP
주식회사서창,4718800215,2021,0,0.0084,0,1,TN
주식회사서창,4718800215,2022,0,0.1776,1,0,FP
주식회사서창,4718800215,2023,0,0.1052,1,0,FP
주식회사서창,4718800215,2024,0,0.123,1,0,FP
(주)화신이엔지,4778100873,2020,0,0.0004,0,1,TN
(주)화신이엔지,4778100873,2021,0,1e-04,0,1,TN
(주)화신이엔지,4778100873,2022,0,0.0033,0,1,TN
(주)화신이엔지,4778100873,2023,0,0.0054,0,1,TN
(주)화신이엔지,4778100873,2024,0,0.0142,0,1,TN
(주)범우에이텍,4788601389,2020,0,0.0073,0,1,TN
(주)범우에이텍,4788601389,2021,0,0.1227,1,0,FP
(주)범우에이텍,4788601389,2022,0,0.2665,1,0,FP
(주)범우에이텍,4788601389,2023,0,0.0284,0,1,TN
(주)범우에이텍,4788601389,2024,0,0.4789,1,0,FP
(주)천일정밀,4918800392,2017,0,0.0016,0,1,TN
(주)천일정밀,4918800392,2018,0,0.001,0,1,TN
(주)천일정밀,4918800392,2019,0,0.0018,0,1,TN
(주)천일정밀,4918800392,2020,0,0.0356,1,0,FP
(주)천일정밀,4918800392,2021,0,0.1448,1,0,FP
(주)천일정밀,4918800392,2022,0,0.0466,1,0,FP
(주)천일정밀,4918800392,2023,0,0.0112,0,1,TN
(주)천일정밀,4918800392,2024,0,0.0064,0,1,TN
에이치피코리아주식회사,4938601433,2020,0,0.002,0,1,TN
에이치피코리아주식회사,4938601433,2021,0,0.0004,0,1,TN
에이치피코리아주식회사,4938601433,2022,0,0.0019,0,1,TN
에이치피코리아주식회사,4938601433,2023,0,0.0017,0,1,TN
에이치피코리아주식회사,4938601433,2024,0,0.0036,0,1,TN
주식회사동남KTC,5028616341,2014,0,0.0002,0,1,TN
주식회사동남KTC,5028616341,2015,0,0.0002,0,1,TN
주식회사동남KTC,5028616341,2016,0,0.0002,0,1,TN
주식회사동남KTC,5028616341,2017,0,0.0004,0,1,TN
주식회사동남KTC,5028616341,2018,0,0.0005,0,1,TN
주식회사동남KTC,5028616341,2019,0,0.0029,0,1,TN
주식회사동남KTC,5028616341,2020,0,0.0459,1,0,FP
주식회사동남KTC,5028616341,2021,1,0.6482,1,1,TP
삼성공업주식회사,5038121707,2014,0,0.001,0,1,TN
삼성공업주식회사,5038121707,2015,0,0.0128,0,1,TN
삼성공업주식회사,5038121707,2016,0,0.0006,0,1,TN
삼성공업주식회사,5038121707,2017,0,0.0004,0,1,TN
삼성공업주식회사,5038121707,2018,0,0.0201,0,1,TN
삼성공업주식회사,5038121707,2019,0,0.1979,1,0,FP
삼성공업주식회사,5038121707,2020,1,0.2569,1,1,TP
세명철강주식회사,5038122711,2016,0,0.0007,0,1,TN
세명철강주식회사,5038122711,2017,0,0.0004,0,1,TN
세명철강주식회사,5038122711,2018,0,0.0099,0,1,TN
세명철강주식회사,5038122711,2019,0,0.0341,1,0,FP
세명철강주식회사,5038122711,2020,1,0.6397,1,1,TP
(주)벽진피앤티(P&T),5038136990,2014,0,0.0006,0,1,TN
(주)벽진피앤티(P&T),5038136990,2015,0,0.0007,0,1,TN
(주)벽진피앤티(P&T),5038136990,2016,0,0.0097,0,1,TN
(주)벽진피앤티(P&T),5038136990,2017,0,0.0025,0,1,TN
(주)벽진피앤티(P&T),5038136990,2018,0,0.0013,0,1,TN
(주)벽진피앤티(P&T),5038136990,2019,0,0.0004,0,1,TN
(주)벽진피앤티(P&T),5038136990,2020,0,0.0007,0,1,TN
(주)벽진피앤티(P&T),5038136990,2021,0,0.0003,0,1,TN
(주)벽진피앤티(P&T),5038136990,2022,0,0.0084,0,1,TN
(주)벽진피앤티(P&T),5038136990,2023,0,0.0015,0,1,TN
(주)벽진피앤티(P&T),5038136990,2024,0,0.0051,0,1,TN
(주)우주판넬데크,5038144016,2015,0,0.0009,0,1,TN
(주)우주판넬데크,5038144016,2016,0,0.0004,0,1,TN
(주)우주판넬데크,5038144016,2017,0,0.0063,0,1,TN
(주)에이엘테크,5038146125,2018,0,0.0004,0,1,TN
(주)에이엘테크,5038146125,2019,0,0.0002,0,1,TN
(주)에이엘테크,5038146125,2020,0,0.0028,0,1,TN
(주)에이엘테크,5038146125,2021,0,0.0005,0,1,TN
(주)에이엘테크,5038146125,2022,0,0.0013,0,1,TN
(주)에이엘테크,5038146125,2023,0,0.0056,0,1,TN
(주)에이엘테크,5038146125,2024,0,0.0103,0,1,TN
주식회사동신금속,5038146197,2022,0,0.0011,0,1,TN
주식회사동신금속,5038146197,2023,0,0.0648,1,0,FP
주식회사동신금속,5038146197,2024,0,0.0057,0,1,TN
(주)한성,5038164803,2014,0,0.0941,1,0,FP
(주)한성,5038164803,2015,0,0.0531,1,0,FP
(주)한성,5038164803,2016,0,0.0018,0,1,TN
(주)한성,5038164803,2017,0,0.0028,0,1,TN
(주)한성,5038164803,2018,0,0.0334,1,0,FP
(주)한성,5038164803,2019,0,0.0808,1,0,FP
(주)베사,5038170926,2014,0,0.0004,0,1,TN
(주)베사,5038170926,2015,0,0.0002,0,1,TN
(주)베사,5038170926,2016,0,0.0005,0,1,TN
(주)베사,5038170926,2017,0,0.0003,0,1,TN
(주)베사,5038170926,2018,0,0.0002,0,1,TN
(주)베사,5038170926,2019,0,1e-04,0,1,TN
(주)베사,5038170926,2020,0,0.0008,0,1,TN
(주)베사,5038170926,2021,0,1e-04,0,1,TN
(주)베사,5038170926,2022,0,0.0004,0,1,TN
(주)베사,5038170926,2023,0,0.0003,0,1,TN
(주)베사,5038170926,2024,0,0.0011,0,1,TN
더원스틸(주),5038172787,2016,0,0.0013,0,1,TN
더원스틸(주),5038172787,2017,0,0.0024,0,1,TN
더원스틸(주),5038172787,2018,0,0.0333,1,0,FP
더원스틸(주),5038172787,2019,0,0.0682,1,0,FP
더원스틸(주),5038172787,2020,0,0.0263,0,1,TN
더원스틸(주),5038172787,2021,0,0.0031,0,1,TN
더원스틸(주),5038172787,2022,0,0.0009,0,1,TN
더원스틸(주),5038172787,2023,0,0.0029,0,1,TN
더원스틸(주),5038172787,2024,0,0.0006,0,1,TN
에스에이치엠주식회사,5038173603,2014,0,0.0082,0,1,TN
에스에이치엠주식회사,5038173603,2015,0,0.028,0,1,TN
에스에이치엠주식회사,5038173603,2016,0,0.0549,1,0,FP
에스에이치엠주식회사,5038173603,2017,1,0.9101,1,1,TP
대영코어텍주식회사,5038175009,2014,0,0.0112,0,1,TN
대영코어텍주식회사,5038175009,2015,0,0.0027,0,1,TN
대영코어텍주식회사,5038175009,2016,0,0.0708,1,0,FP
대영코어텍주식회사,5038175009,2017,0,0.0031,0,1,TN
대영코어텍주식회사,5038175009,2018,0,0.0009,0,1,TN
대영코어텍주식회사,5038175009,2019,0,0.0107,0,1,TN
대영코어텍주식회사,5038175009,2020,0,0.0779,1,0,FP
대영코어텍주식회사,5038175009,2021,0,0.003,0,1,TN
대영코어텍주식회사,5038175009,2022,0,0.0102,0,1,TN
대영코어텍주식회사,5038175009,2023,0,0.1836,1,0,FP
대영코어텍주식회사,5038175009,2024,0,0.1014,1,0,FP
(주)대교,5038175936,2014,0,0.2188,1,0,FP
(주)대교,5038175936,2015,1,0.9435,1,1,TP
주식회사동광명품도어,5038178874,2014,0,0.0009,0,1,TN
주식회사동광명품도어,5038178874,2015,0,0.0003,0,1,TN
주식회사동광명품도어,5038178874,2016,0,0.0005,0,1,TN
주식회사동광명품도어,5038178874,2017,0,0.001,0,1,TN
주식회사동광명품도어,5038178874,2018,0,0.0005,0,1,TN
주식회사동광명품도어,5038178874,2019,0,0.0002,0,1,TN
주식회사동광명품도어,5038178874,2020,0,0.0061,0,1,TN
주식회사동광명품도어,5038178874,2021,0,0.0646,1,0,FP
주식회사동광명품도어,5038178874,2022,0,0.1407,1,0,FP
주식회사동광명품도어,5038178874,2023,0,0.001,0,1,TN
주식회사동광명품도어,5038178874,2024,0,0.0005,0,1,TN
주식회사대영엠텍,5038182742,2014,0,0.0013,0,1,TN
주식회사대영엠텍,5038182742,2015,0,0.0007,0,1,TN
주식회사대영엠텍,5038182742,2016,0,0.0002,0,1,TN
주식회사대영엠텍,5038182742,2017,0,0.0002,0,1,TN
주식회사대영엠텍,5038182742,2018,0,0.0003,0,1,TN
주식회사대영엠텍,5038182742,2019,0,0.0003,0,1,TN
주식회사대영엠텍,5038182742,2020,0,0.0009,0,1,TN
주식회사대영엠텍,5038182742,2021,0,0.0002,0,1,TN
주식회사대영엠텍,5038182742,2022,0,0.0004,0,1,TN
주식회사대영엠텍,5038182742,2023,0,0.0003,0,1,TN
주식회사대영엠텍,5038182742,2024,0,0.0008,0,1,TN
(주)영광테크,5038184380,2016,0,0.0004,0,1,TN
(주)영광테크,5038184380,2017,0,1e-04,0,1,TN
(주)영광테크,5038184380,2018,0,1e-04,0,1,TN
(주)영광테크,5038184380,2019,0,1e-04,0,1,TN
(주)영광테크,5038184380,2020,0,0.0006,0,1,TN
(주)영광테크,5038184380,2021,0,0.0005,0,1,TN
(주)영광테크,5038184380,2022,0,0.0611,1,0,FP
(주)영광테크,5038184380,2023,0,0.0569,1,0,FP
(주)영광테크,5038184380,2024,0,0.0146,0,1,TN
주식회사대호분체산업,5038184721,2018,0,0.0009,0,1,TN
주식회사대호분체산업,5038184721,2019,0,0.0953,1,0,FP
주식회사대호분체산업,5038184721,2023,0,0.0029,0,1,TN
주식회사대호분체산업,5038184721,2024,0,0.0088,0,1,TN
(주)대동에스엠,5038185133,2014,0,0.0496,1,0,FP
(주)대동에스엠,5038185133,2015,0,0.0025,0,1,TN
(주)대동에스엠,5038185133,2016,0,0.0025,0,1,TN
(주)대동에스엠,5038185133,2020,0,0.0006,0,1,TN
(주)대동에스엠,5038185133,2021,0,0.0002,0,1,TN
(주)대동에스엠,5038185133,2022,0,0.0009,0,1,TN
(주)대동에스엠,5038185133,2023,0,0.0004,0,1,TN
(주)대동에스엠,5038185133,2024,0,0.0015,0,1,TN
주식회사동현정밀,5038186961,2015,0,0.0016,0,1,TN
주식회사동현정밀,5038186961,2016,0,0.0011,0,1,TN
주식회사동현정밀,5038186961,2017,0,0.0053,0,1,TN
주식회사동현정밀,5038186961,2018,0,0.0534,1,0,FP
주식회사동현정밀,5038186961,2019,0,0.0668,1,0,FP
주식회사동현정밀,5038186961,2020,1,0.4741,1,1,TP
케이아이피주식회사,5038187301,2017,0,0.0013,0,1,TN
케이아이피주식회사,5038187301,2018,0,0.0028,0,1,TN
케이아이피주식회사,5038187301,2019,0,0.0011,0,1,TN
주식회사케이이,5038189935,2017,0,0.0026,0,1,TN
주식회사케이이,5038189935,2018,0,0.0357,1,0,FP
주식회사케이이,5038189935,2019,1,0.8296,1,1,TP
(주)신창엠텍,5038191498,2014,0,0.0008,0,1,TN
(주)신창엠텍,5038191498,2015,0,0.0011,0,1,TN
(주)신창엠텍,5038191498,2016,0,0.0006,0,1,TN
(주)신창엠텍,5038191498,2017,0,0.0005,0,1,TN
(주)신창엠텍,5038191498,2018,0,0.0039,0,1,TN
(주)신창엠텍,5038191498,2019,0,0.0218,0,1,TN
(주)신창엠텍,5038191498,2020,0,0.0107,0,1,TN
(주)신창엠텍,5038191498,2021,0,0.0293,0,1,TN
(주)신창엠텍,5038191498,2022,0,0.012,0,1,TN
(주)신창엠텍,5038191498,2023,0,0.0083,0,1,TN
(주)신창엠텍,5038191498,2024,0,0.0841,1,0,FP
우리스틸(주),5038603951,2014,0,0.0015,0,1,TN
우리스틸(주),5038603951,2015,0,0.001,0,1,TN
우리스틸(주),5038603951,2016,0,0.0008,0,1,TN
우리스틸(주),5038603951,2017,0,0.0015,0,1,TN
우리스틸(주),5038603951,2018,0,0.0031,0,1,TN
우리스틸(주),5038603951,2019,0,0.0493,1,0,FP
우리스틸(주),5038603951,2020,0,0.0906,1,0,FP
우리스틸(주),5038603951,2021,0,0.0024,0,1,TN
우리스틸(주),5038603951,2022,0,0.0085,0,1,TN
우리스틸(주),5038603951,2023,0,0.0717,1,0,FP
우리스틸(주),5038603951,2024,0,0.0187,0,1,TN
(주)금성산업,5048113802,2014,0,0.0033,0,1,TN
(주)금성산업,5048113802,2015,0,0.0353,1,0,FP
(주)금성산업,5048113802,2016,0,0.0032,0,1,TN
(주)금성산업,5048113802,2017,0,0.0004,0,1,TN
(주)금성산업,5048113802,2018,0,0.0014,0,1,TN
(주)금성산업,5048113802,2019,0,0.0069,0,1,TN
(주)금성산업,5048113802,2020,0,0.0015,0,1,TN
(주)금성산업,5048113802,2021,0,0.0007,0,1,TN
(주)금성산업,5048113802,2022,0,0.0008,0,1,TN
(주)금성산업,5048113802,2023,0,0.0052,0,1,TN
(주)금성산업,5048113802,2024,0,0.0136,0,1,TN
정안철강(주),5048114174,2014,0,0.0035,0,1,TN
정안철강(주),5048114174,2015,0,0.0158,0,1,TN
정안철강(주),5048114174,2016,0,0.0014,0,1,TN
정안철강(주),5048114174,2017,0,0.0054,0,1,TN
정안철강(주),5048114174,2018,0,0.0323,1,0,FP
정안철강(주),5048114174,2019,0,0.0071,0,1,TN
정안철강(주),5048114174,2020,0,0.0056,0,1,TN
정안철강(주),5048114174,2021,0,0.0019,0,1,TN
정안철강(주),5048114174,2022,0,0.0028,0,1,TN
정안철강(주),5048114174,2023,0,0.0026,0,1,TN
정안철강(주),5048114174,2024,0,0.0087,0,1,TN
주식회사하나인더스,5048114913,2014,0,0.0949,1,0,FP
대림로얄이앤피주식회사,5048115950,2017,0,0.001,0,1,TN
대림로얄이앤피주식회사,5048115950,2018,0,0.0016,0,1,TN
대림로얄이앤피주식회사,5048115950,2019,0,0.0098,0,1,TN
대림로얄이앤피주식회사,5048115950,2020,0,0.0019,0,1,TN
대림로얄이앤피주식회사,5048115950,2021,0,0.0005,0,1,TN
대림로얄이앤피주식회사,5048115950,2022,0,0.0016,0,1,TN
대림로얄이앤피주식회사,5048115950,2023,0,0.0007,0,1,TN
대림로얄이앤피주식회사,5048115950,2024,0,0.0023,0,1,TN
재욱강업(주),5048123542,2021,0,0.0004,0,1,TN
재욱강업(주),5048123542,2022,0,0.0004,0,1,TN
재욱강업(주),5048123542,2023,0,0.0002,0,1,TN
재욱강업(주),5048123542,2024,0,0.0003,0,1,TN
(주)삼일강업,5048124968,2014,0,0.0299,0,1,TN
미래테크(주),5048129089,2014,0,0.0004,0,1,TN
미래테크(주),5048129089,2015,0,0.0002,0,1,TN
미래테크(주),5048129089,2016,0,0.0003,0,1,TN
미래테크(주),5048129089,2017,0,0.0002,0,1,TN
미래테크(주),5048129089,2018,0,0.0009,0,1,TN
미래테크(주),5048129089,2019,0,0.0461,1,0,FP
미래테크(주),5048129089,2020,0,0.0042,0,1,TN
미래테크(주),5048129089,2021,0,0.0009,0,1,TN
미래테크(주),5048129089,2022,0,0.0012,0,1,TN
미래테크(주),5048129089,2023,0,0.0016,0,1,TN
미래테크(주),5048129089,2024,0,0.0773,1,0,FP
주식회사에스.씨.엠,5048130683,2017,0,0.0016,0,1,TN
주식회사에스.씨.엠,5048130683,2018,0,0.0012,0,1,TN
주식회사에스.씨.엠,5048130683,2019,0,0.031,1,0,FP
주식회사에스.씨.엠,5048130683,2020,1,0.7858,1,1,TP
(주)티씨엘,5048136203,2015,0,0.008,0,1,TN
(주)티씨엘,5048136203,2016,0,0.0009,0,1,TN
(주)티씨엘,5048136203,2017,0,0.001,0,1,TN
(주)티씨엘,5048136203,2018,0,0.0951,1,0,FP
(주)티씨엘,5048136203,2019,0,0.0049,0,1,TN
(주)티씨엘,5048136203,2020,0,0.0332,1,0,FP
(주)티씨엘,5048136203,2021,0,0.1674,1,0,FP
(주)티씨엘,5048136203,2022,0,0.0043,0,1,TN
(주)티씨엘,5048136203,2023,0,0.0063,0,1,TN
(주)티씨엘,5048136203,2024,0,0.0846,1,0,FP
주식회사월성테크,5048137537,2015,0,0.0049,0,1,TN
주식회사월성테크,5048137537,2016,0,0.0174,0,1,TN
주식회사월성테크,5048137537,2017,0,0.0207,0,1,TN
주식회사월성테크,5048137537,2018,0,0.002,0,1,TN
(주)신양정밀,5048142025,2014,0,0.0012,0,1,TN
(주)신양정밀,5048142025,2015,0,0.0015,0,1,TN
(주)신양정밀,5048142025,2016,0,0.0004,0,1,TN
(주)신양정밀,5048142025,2017,0,0.0014,0,1,TN
(주)신양정밀,5048142025,2018,0,0.0007,0,1,TN
(주)신양정밀,5048142025,2019,0,0.0004,0,1,TN
(주)신양정밀,5048142025,2020,0,0.0025,0,1,TN
(주)신양정밀,5048142025,2021,0,1e-04,0,1,TN
(주)신양정밀,5048142025,2022,0,0.001,0,1,TN
(주)신양정밀,5048142025,2023,0,0.0011,0,1,TN
(주)신양정밀,5048142025,2024,0,0.0008,0,1,TN
(주)대하정공,5048149955,2016,0,0.0009,0,1,TN
(주)대하정공,5048149955,2017,0,0.0014,0,1,TN
(주)대하정공,5048149955,2018,0,0.0073,0,1,TN
(주)대하정공,5048149955,2019,0,0.0042,0,1,TN
(주)대하정공,5048149955,2021,0,0.0014,0,1,TN
(주)대하정공,5048149955,2022,0,0.0043,0,1,TN
(주)백련,5048153726,2022,0,0.0009,0,1,TN
(주)백련,5048153726,2023,0,0.0362,1,0,FP
(주)백련,5048153726,2024,0,0.179,1,0,FP
(주)케이제이,5048159171,2015,0,0.0004,0,1,TN
(주)케이제이,5048159171,2016,0,0.0002,0,1,TN
(주)케이제이,5048159171,2017,0,0.0494,1,0,FP
(주)케이제이,5048159171,2018,0,0.1178,1,0,FP
(주)케이제이,5048159171,2019,0,0.0003,0,1,TN
주식회사백광테크,5048159448,2014,0,0.0012,0,1,TN
주식회사백광테크,5048159448,2015,0,1e-04,0,1,TN
주식회사백광테크,5048159448,2016,0,0.0273,0,1,TN
주식회사백광테크,5048159448,2017,0,0.0048,0,1,TN
주식회사백광테크,5048159448,2018,0,0.0012,0,1,TN
주식회사백광테크,5048159448,2019,0,0.0007,0,1,TN
주식회사백광테크,5048159448,2020,0,0.0047,0,1,TN
주식회사백광테크,5048159448,2021,0,0.0003,0,1,TN
주식회사백광테크,5048159448,2022,0,0.0005,0,1,TN
주식회사백광테크,5048159448,2023,0,0.0651,1,0,FP
주식회사백광테크,5048159448,2024,0,0.7087,1,0,FP
(주)제일레이저,5048160101,2014,0,0.0005,0,1,TN
(주)제일레이저,5048160101,2015,0,0.0137,0,1,TN
(주)제일레이저,5048160101,2016,0,0.0012,0,1,TN
(주)제일레이저,5048160101,2017,0,0.0007,0,1,TN
(주)제일레이저,5048160101,2018,0,0.0392,1,0,FP
(주)제일레이저,5048160101,2019,0,0.1798,1,0,FP
(주)제일레이저,5048160101,2020,1,0.8011,1,1,TP
주식회사이룸쿡,5048168175,2014,0,0.0542,1,0,FP
주식회사이룸쿡,5048168175,2015,0,0.082,1,0,FP
주식회사이룸쿡,5048168175,2021,0,0.0015,0,1,TN
주식회사이룸쿡,5048168175,2022,0,0.0003,0,1,TN
주식회사이룸쿡,5048168175,2023,0,0.0006,0,1,TN
주식회사이룸쿡,5048168175,2024,0,0.0496,1,0,FP
케이씨테크,5048169494,2014,0,0.0024,0,1,TN
케이씨테크,5048169494,2015,0,0.0012,0,1,TN
케이씨테크,5048169494,2016,0,0.0017,0,1,TN
케이씨테크,5048169494,2017,0,0.0013,0,1,TN
주식회사세원하이텍,5048171156,2014,0,0.107,1,0,FP
주식회사세원하이텍,5048171156,2015,1,0.8023,1,1,TP
(주)신화금속열처리,5048194300,2014,0,0.0013,0,1,TN
(주)신화금속열처리,5048194300,2015,0,0.0002,0,1,TN
(주)신화금속열처리,5048194300,2016,0,0.0004,0,1,TN
(주)신화금속열처리,5048194300,2017,0,0.0055,0,1,TN
(주)신화금속열처리,5048194300,2018,0,0.0135,0,1,TN
(주)신화금속열처리,5048194300,2019,0,0.0353,1,0,FP
(주)신화금속열처리,5048194300,2020,0,0.0037,0,1,TN
(주)신화금속열처리,5048194300,2021,0,0.016,0,1,TN
(주)신화금속열처리,5048194300,2022,0,0.1183,1,0,FP
(주)신화금속열처리,5048194300,2023,1,0.0867,1,1,TP
주식회사원하이테크,5048604292,2016,0,0.0029,0,1,TN
주식회사원하이테크,5048604292,2017,0,0.0018,0,1,TN
주식회사원하이테크,5048604292,2018,0,0.0465,1,0,FP
주식회사원하이테크,5048604292,2019,0,0.1079,1,0,FP
주식회사원하이테크,5048604292,2020,1,0.683,1,1,TP
주식회사화신금속공업,5048616503,2016,0,0.0011,0,1,TN
주식회사화신금속공업,5048616503,2017,0,0.0003,0,1,TN
주식회사화신금속공업,5048616503,2018,0,0.0008,0,1,TN
주식회사화신금속공업,5048616503,2019,0,0.0004,0,1,TN
주식회사화신금속공업,5048616503,2020,0,0.0039,0,1,TN
주식회사화신금속공업,5048616503,2021,0,0.0002,0,1,TN
주식회사화신금속공업,5048616503,2022,0,0.0003,0,1,TN
주식회사화신금속공업,5048616503,2023,0,0.0004,0,1,TN
주식회사화신금속공업,5048616503,2024,0,0.0008,0,1,TN
(주)디에스시,5058108108,2014,0,0.0003,0,1,TN
(주)디에스시,5058108108,2015,0,0.0004,0,1,TN
(주)디에스시,5058108108,2016,0,0.0002,0,1,TN
(주)디에스시,5058108108,2017,0,1e-04,0,1,TN
(주)디에스시,5058108108,2018,0,0.0003,0,1,TN
(주)디에스시,5058108108,2019,0,0.0003,0,1,TN
(주)디에스시,5058108108,2020,0,0.0008,0,1,TN
(주)디에스시,5058108108,2021,0,0.0003,0,1,TN
(주)디에스시,5058108108,2022,0,0.0005,0,1,TN
(주)디에스시,5058108108,2023,0,0.0008,0,1,TN
(주)디에스시,5058108108,2024,0,1e-04,0,1,TN
주식회사대광산업,5058109183,2014,1,0.2567,1,1,TP
(주)세진,5058111239,2014,0,0.0526,1,0,FP
(주)세진,5058111239,2015,0,0.2675,1,0,FP
(주)세진,5058111239,2016,1,0.5944,1,1,TP
(주)새론산업,5058113426,2014,0,0.0039,0,1,TN
(주)새론산업,5058113426,2015,0,0.0017,0,1,TN
(주)새론산업,5058113426,2016,0,0.1055,1,0,FP
(주)건우금속,5058113450,2014,0,0.0178,0,1,TN
(주)건우금속,5058113450,2015,0,0.0021,0,1,TN
(주)건우금속,5058113450,2016,0,0.0004,0,1,TN
(주)건우금속,5058113450,2017,0,0.0004,0,1,TN
(주)건우금속,5058113450,2018,0,0.0005,0,1,TN
(주)건우금속,5058113450,2019,0,0.0008,0,1,TN
(주)건우금속,5058113450,2020,0,0.0068,0,1,TN
(주)건우금속,5058113450,2021,0,0.0008,0,1,TN
(주)건우금속,5058113450,2022,0,0.0016,0,1,TN
(주)건우금속,5058113450,2023,0,0.0008,0,1,TN
(주)건우금속,5058113450,2024,0,0.0018,0,1,TN
(주)영광,5058119153,2014,0,0.0044,0,1,TN
(주)영광,5058119153,2015,0,0.0011,0,1,TN
(주)영광,5058119153,2016,0,0.0003,0,1,TN
(주)영광,5058119153,2017,0,0.0004,0,1,TN
(주)영광,5058119153,2018,0,0.0142,0,1,TN
(주)영광,5058119153,2019,0,0.0016,0,1,TN
(주)영광,5058119153,2020,0,0.0055,0,1,TN
(주)영광,5058119153,2021,0,0.0148,0,1,TN
(주)영광,5058119153,2022,0,0.3923,1,0,FP
(주)영광,5058119153,2023,0,0.0057,0,1,TN
(주)영광,5058119153,2024,0,0.0008,0,1,TN
대명씨엔에스주식회사,5058119395,2016,0,0.0007,0,1,TN
대명씨엔에스주식회사,5058119395,2017,0,0.0003,0,1,TN
대명씨엔에스주식회사,5058119395,2018,0,0.0011,0,1,TN
대명씨엔에스주식회사,5058119395,2019,0,0.0006,0,1,TN
대명씨엔에스주식회사,5058119395,2020,0,0.0004,0,1,TN
대명씨엔에스주식회사,5058119395,2021,0,0.0004,0,1,TN
대명씨엔에스주식회사,5058119395,2022,0,0.0004,0,1,TN
대명씨엔에스주식회사,5058119395,2023,0,0.0006,0,1,TN
대명씨엔에스주식회사,5058119395,2024,0,0.0014,0,1,TN
세영E.N.G.주식회사,5058127110,2014,0,0.0059,0,1,TN
세영E.N.G.주식회사,5058127110,2015,0,0.0104,0,1,TN
세영E.N.G.주식회사,5058127110,2016,0,0.0032,0,1,TN
세영E.N.G.주식회사,5058127110,2017,0,0.0218,0,1,TN
세영E.N.G.주식회사,5058127110,2018,0,0.0021,0,1,TN
세영E.N.G.주식회사,5058127110,2019,0,0.0011,0,1,TN
세영E.N.G.주식회사,5058127110,2020,0,0.0014,0,1,TN
세영E.N.G.주식회사,5058127110,2021,0,0.0029,0,1,TN
세영E.N.G.주식회사,5058127110,2022,0,0.0008,0,1,TN
세영E.N.G.주식회사,5058127110,2023,0,0.0011,0,1,TN
세영E.N.G.주식회사,5058127110,2024,0,0.0005,0,1,TN
(주)제일금속,5058127838,2014,0,0.0009,0,1,TN
(주)제일금속,5058127838,2015,0,0.0003,0,1,TN
(주)제일금속,5058127838,2016,0,0.0313,1,0,FP
주식회사에쓰.엠.티.씨,5058128690,2014,0,0.0013,0,1,TN
주식회사에쓰.엠.티.씨,5058128690,2015,0,0.002,0,1,TN
주식회사에쓰.엠.티.씨,5058128690,2016,1,0.1228,1,1,TP
(주)성호인프라코어,5058131273,2014,0,0.0017,0,1,TN
(주)성호인프라코어,5058131273,2015,0,0.0014,0,1,TN
(주)성호인프라코어,5058131273,2016,0,0.0022,0,1,TN
(주)성호인프라코어,5058131273,2017,0,0.1568,1,0,FP
(주)성호인프라코어,5058131273,2018,0,0.0689,1,0,FP
(주)성호인프라코어,5058131273,2019,1,0.7513,1,1,TP
(주)디케이에스글로벌,5058131410,2016,0,0.0018,0,1,TN
(주)디케이에스글로벌,5058131410,2017,0,0.0008,0,1,TN
(주)디케이에스글로벌,5058131410,2018,0,0.0011,0,1,TN
(주)디케이에스글로벌,5058131410,2019,0,0.0103,0,1,TN
(주)디케이에스글로벌,5058131410,2020,0,0.0025,0,1,TN
(주)디케이에스글로벌,5058131410,2021,0,0.0005,0,1,TN
(주)디케이에스글로벌,5058131410,2022,0,0.0016,0,1,TN
(주)디케이에스글로벌,5058131410,2023,0,0.0452,1,0,FP
(주)디케이에스글로벌,5058131410,2024,0,0.0041,0,1,TN
지씨테크(주),5058131900,2019,0,0.0005,0,1,TN
지씨테크(주),5058131900,2020,0,0.0002,0,1,TN
지씨테크(주),5058131900,2021,0,0.0002,0,1,TN
지씨테크(주),5058131900,2022,0,0.0003,0,1,TN
지씨테크(주),5058131900,2023,0,0.0006,0,1,TN
지씨테크(주),5058131900,2024,0,0.0002,0,1,TN
(주)동산,5058135717,2014,0,1e-04,0,1,TN
(주)동산,5058135717,2015,0,1e-04,0,1,TN
대진금속주식회사,5058137092,2019,0,0.0009,0,1,TN
대진금속주식회사,5058137092,2020,0,0.0015,0,1,TN
대진금속주식회사,5058137092,2021,0,0.0009,0,1,TN
대진금속주식회사,5058137092,2022,0,0.0005,0,1,TN
대진금속주식회사,5058137092,2023,0,0.0086,0,1,TN
대진금속주식회사,5058137092,2024,0,0.1933,1,0,FP
(주)디에스시물류센터,5058138714,2014,0,0.0005,0,1,TN
(주)디에스시물류센터,5058138714,2015,0,0.0004,0,1,TN
(주)디에스시물류센터,5058138714,2016,0,1e-04,0,1,TN
(주)디에스시물류센터,5058138714,2017,0,1e-04,0,1,TN
(주)디에스시물류센터,5058138714,2018,0,1e-04,0,1,TN
(주)디에스시물류센터,5058138714,2019,0,0.0003,0,1,TN
(주)디에스시물류센터,5058138714,2020,0,1e-04,0,1,TN
(주)디에스시물류센터,5058138714,2021,0,1e-04,0,1,TN
(주)디에스시물류센터,5058138714,2022,0,0.0005,0,1,TN
(주)디에스시물류센터,5058138714,2023,0,0.0006,0,1,TN
(주)디에스시물류센터,5058138714,2024,0,0.0029,0,1,TN
백운글로벌(주),5058142538,2014,0,0.0009,0,1,TN
백운글로벌(주),5058142538,2015,0,0.0006,0,1,TN
백운글로벌(주),5058142538,2016,0,0.0005,0,1,TN
백운글로벌(주),5058142538,2020,0,0.0013,0,1,TN
백운글로벌(주),5058142538,2021,0,0.0783,1,0,FP
백운글로벌(주),5058142538,2022,0,0.0721,1,0,FP
백운글로벌(주),5058142538,2023,1,0.0454,1,1,TP
(주)동보테크,5058143935,2014,0,0.0273,0,1,TN
(주)동보테크,5058143935,2015,0,0.0039,0,1,TN
주식회사신영스틸,5058143992,2014,0,0.001,0,1,TN
주식회사신영스틸,5058143992,2015,0,0.0002,0,1,TN
주식회사신영스틸,5058143992,2016,0,0.0007,0,1,TN
주식회사신영스틸,5058143992,2017,0,1e-04,0,1,TN
주식회사신영스틸,5058143992,2018,0,0.0002,0,1,TN
주식회사신영스틸,5058143992,2019,0,0.0002,0,1,TN
주식회사신영스틸,5058143992,2020,0,0.002,0,1,TN
주식회사신영스틸,5058143992,2021,0,1e-04,0,1,TN
주식회사신영스틸,5058143992,2022,0,0.0004,0,1,TN
주식회사신영스틸,5058143992,2023,0,0.0002,0,1,TN
주식회사신영스틸,5058143992,2024,0,0.001,0,1,TN
(주)나노믹,5058152114,2014,0,0.0015,0,1,TN
(주)나노믹,5058152114,2015,0,0.0008,0,1,TN
(주)나노믹,5058152114,2016,0,0.0008,0,1,TN
(주)나노믹,5058152114,2017,0,0.0308,1,0,FP
(주)나노믹,5058152114,2018,0,0.0524,1,0,FP
(주)나노믹,5058152114,2019,1,0.8508,1,1,TP
월드중공업(주),5058155498,2014,0,0.0023,0,1,TN
월드중공업(주),5058155498,2015,0,0.0005,0,1,TN
월드중공업(주),5058155498,2016,0,0.0004,0,1,TN
월드중공업(주),5058155498,2017,0,0.0011,0,1,TN
월드중공업(주),5058155498,2018,0,0.0404,1,0,FP
월드중공업(주),5058155498,2019,0,0.0938,1,0,FP
서한이앤피,5058158160,2014,0,0.0122,0,1,TN
서한이앤피,5058158160,2015,0,0.0067,0,1,TN
서한이앤피,5058158160,2016,0,0.0023,0,1,TN
서한이앤피,5058158160,2017,0,0.0266,0,1,TN
서한이앤피,5058158160,2018,0,0.0254,0,1,TN
서한이앤피,5058158160,2019,0,0.0034,0,1,TN
서한이앤피,5058158160,2020,0,0.0017,0,1,TN
서한이앤피,5058158160,2021,0,0.0306,1,0,FP
서한이앤피,5058158160,2022,0,0.0224,0,1,TN
서한이앤피,5058158160,2023,0,0.0016,0,1,TN
서한이앤피,5058158160,2024,0,0.0005,0,1,TN
주식회사케이알테크,5058162363,2021,0,0.0018,0,1,TN
주식회사케이알테크,5058162363,2022,0,0.0345,1,0,FP
주식회사케이알테크,5058162363,2023,0,0.0036,0,1,TN
주식회사케이알테크,5058162363,2024,0,0.0577,1,0,FP
에스와이산업주식회사,5058162645,2014,0,0.0011,0,1,TN
에스와이산업주식회사,5058162645,2015,0,0.0336,1,0,FP
에스와이산업주식회사,5058162645,2016,0,0.0971,1,0,FP
주식회사대창공업,5058165093,2017,0,0.0017,0,1,TN
주식회사대창공업,5058165093,2018,0,0.0005,0,1,TN
주식회사대창공업,5058165093,2019,0,0.0009,0,1,TN
주식회사대창공업,5058165093,2020,0,0.006,0,1,TN
주식회사대창공업,5058165093,2021,0,0.0005,0,1,TN
주식회사대창공업,5058165093,2022,0,0.0038,0,1,TN
주식회사대창공업,5058165093,2023,0,0.0995,1,0,FP
주식회사대창공업,5058165093,2024,0,0.0066,0,1,TN
(주)기정테크,5058167183,2017,0,0.0039,0,1,TN
(주)기정테크,5058167183,2018,0,0.0013,0,1,TN
(주)기정테크,5058167183,2019,0,0.002,0,1,TN
(주)기정테크,5058167183,2020,0,0.0141,0,1,TN
(주)기정테크,5058167183,2021,0,0.0067,0,1,TN
(주)기정테크,5058167183,2022,0,0.0161,0,1,TN
(주)기정테크,5058167183,2023,0,0.0079,0,1,TN
(주)기정테크,5058167183,2024,0,0.007,0,1,TN
주식회사대림에스앤티,5058173837,2017,0,0.0038,0,1,TN
주식회사대림에스앤티,5058173837,2018,0,0.0257,0,1,TN
주식회사대림에스앤티,5058173837,2019,0,0.0642,1,0,FP
주식회사대림에스앤티,5058173837,2021,0,0.0607,1,0,FP
주식회사대림에스앤티,5058173837,2022,0,0.031,1,0,FP
주식회사가람에스티,5058174710,2018,0,0.0006,0,1,TN
주식회사가람에스티,5058174710,2019,0,0.0002,0,1,TN
주식회사가람에스티,5058174710,2020,0,0.0025,0,1,TN
주식회사가람에스티,5058174710,2021,0,0.0029,0,1,TN
주식회사가람에스티,5058174710,2022,0,0.0781,1,0,FP
주식회사가람에스티,5058174710,2023,0,0.0149,0,1,TN
주식회사가람에스티,5058174710,2024,0,0.0305,1,0,FP
(주)도원프로토,5058174743,2017,0,0.0015,0,1,TN
(주)도원프로토,5058174743,2018,0,0.0004,0,1,TN
(주)도원프로토,5058174743,2019,0,0.0009,0,1,TN
(주)도원프로토,5058174743,2020,0,0.0031,0,1,TN
(주)도원프로토,5058174743,2021,0,0.0011,0,1,TN
(주)도원프로토,5058174743,2022,0,0.0036,0,1,TN
(주)도원프로토,5058174743,2023,0,0.0027,0,1,TN
(주)도원프로토,5058174743,2024,0,0.0033,0,1,TN
오토메탈글로벌(주),5058176794,2015,0,0.0024,0,1,TN
오토메탈글로벌(주),5058176794,2016,0,0.0027,0,1,TN
오토메탈글로벌(주),5058176794,2017,0,0.0419,1,0,FP
오토메탈글로벌(주),5058176794,2018,0,0.0035,0,1,TN
오토메탈글로벌(주),5058176794,2019,0,0.0023,0,1,TN
오토메탈글로벌(주),5058176794,2020,0,0.0028,0,1,TN
오토메탈글로벌(주),5058176794,2021,0,0.0006,0,1,TN
오토메탈글로벌(주),5058176794,2022,0,0.0005,0,1,TN
오토메탈글로벌(주),5058176794,2023,0,0.0004,0,1,TN
오토메탈글로벌(주),5058176794,2024,0,0.0011,0,1,TN
(주)이웰딩,5058601279,2022,0,0.0012,0,1,TN
(주)이웰딩,5058601279,2023,0,0.0003,0,1,TN
(주)이웰딩,5058601279,2024,0,0.0003,0,1,TN
(주)제일테크노스,5068100676,2014,0,0.0004,0,1,TN
(주)제일테크노스,5068100676,2015,0,0.0005,0,1,TN
(주)제일테크노스,5068100676,2016,0,0.0016,0,1,TN
(주)제일테크노스,5068100676,2017,0,0.0014,0,1,TN
(주)제일테크노스,5068100676,2018,0,0.0008,0,1,TN
(주)제일테크노스,5068100676,2019,0,0.0004,0,1,TN
(주)제일테크노스,5068100676,2020,0,0.0145,0,1,TN
(주)제일테크노스,5068100676,2021,0,0.0345,1,0,FP
(주)제일테크노스,5068100676,2022,0,0.0009,0,1,TN
(주)제일테크노스,5068100676,2023,0,0.0007,0,1,TN
(주)제일테크노스,5068100676,2024,0,1e-04,0,1,TN
대신메탈라이징(주),5068103197,2014,0,0.0007,0,1,TN
대신메탈라이징(주),5068103197,2015,0,0.0005,0,1,TN
대신메탈라이징(주),5068103197,2016,0,0.0003,0,1,TN
대신메탈라이징(주),5068103197,2017,0,0.0003,0,1,TN
대신메탈라이징(주),5068103197,2018,0,0.0006,0,1,TN
대신메탈라이징(주),5068103197,2019,0,0.0004,0,1,TN
대신메탈라이징(주),5068103197,2020,0,0.0033,0,1,TN
대신메탈라이징(주),5068103197,2021,0,0.001,0,1,TN
대신메탈라이징(주),5068103197,2022,0,0.0019,0,1,TN
대신메탈라이징(주),5068103197,2023,0,0.0024,0,1,TN
대신메탈라이징(주),5068103197,2024,0,0.0652,1,0,FP
(주)세영기업,5068115373,2019,0,0.0009,0,1,TN
(주)세영기업,5068115373,2020,0,0.0013,0,1,TN
(주)세영기업,5068115373,2021,0,0.0009,0,1,TN
(주)세영기업,5068115373,2022,0,0.003,0,1,TN
(주)세영기업,5068115373,2023,0,0.1426,1,0,FP
(주)세영기업,5068115373,2024,0,0.1094,1,0,FP
주식회사선그린,5068115408,2014,0,0.0135,0,1,TN
주식회사피에스씨,5068121123,2018,0,0.0008,0,1,TN
주식회사피에스씨,5068121123,2019,0,0.0077,0,1,TN
주식회사피에스씨,5068121123,2020,0,0.0164,0,1,TN
주식회사피에스씨,5068121123,2021,0,0.0315,1,0,FP
주식회사피에스씨,5068121123,2022,1,0.0674,1,1,TP
시그노드코리아(주),5068130578,2014,0,0.0004,0,1,TN
시그노드코리아(주),5068130578,2015,0,0.0002,0,1,TN
시그노드코리아(주),5068130578,2016,0,0.0002,0,1,TN
시그노드코리아(주),5068130578,2017,0,0.0003,0,1,TN
시그노드코리아(주),5068130578,2018,0,0.0007,0,1,TN
시그노드코리아(주),5068130578,2019,0,0.0078,0,1,TN
시그노드코리아(주),5068130578,2020,0,0.0273,0,1,TN
시그노드코리아(주),5068130578,2021,0,0.0019,0,1,TN
시그노드코리아(주),5068130578,2022,0,0.0189,0,1,TN
시그노드코리아(주),5068130578,2023,0,0.0028,0,1,TN
시그노드코리아(주),5068130578,2024,0,0.0005,0,1,TN
주식회사티씨씨메탈,5068133667,2014,0,0.0022,0,1,TN
주식회사티씨씨메탈,5068133667,2015,0,0.0017,0,1,TN
주식회사티씨씨메탈,5068133667,2016,0,0.0015,0,1,TN
주식회사티씨씨메탈,5068133667,2017,0,0.0011,0,1,TN
주식회사티씨씨메탈,5068133667,2018,0,0.0009,0,1,TN
주식회사티씨씨메탈,5068133667,2019,0,0.0018,0,1,TN
인텔철강주식회사,5068135985,2014,0,0.0136,0,1,TN
인텔철강주식회사,5068135985,2015,0,0.0302,1,0,FP
인텔철강주식회사,5068135985,2016,0,0.0137,0,1,TN
인텔철강주식회사,5068135985,2017,0,0.1012,1,0,FP
인텔철강주식회사,5068135985,2018,0,0.0712,1,0,FP
인텔철강주식회사,5068135985,2019,1,0.2106,1,1,TP
서원기업(주),5068137907,2014,0,0.0002,0,1,TN
서원기업(주),5068137907,2015,0,1e-04,0,1,TN
서원기업(주),5068137907,2016,0,0.0005,0,1,TN
서원기업(주),5068137907,2017,0,0.0002,0,1,TN
서원기업(주),5068137907,2018,0,0.0023,0,1,TN
서원기업(주),5068137907,2019,0,0.0105,0,1,TN
캐리월드주식회사,5068152529,2014,0,0.0013,0,1,TN
캐리월드주식회사,5068152529,2015,0,0.001,0,1,TN
캐리월드주식회사,5068152529,2016,0,0.0037,0,1,TN
캐리월드주식회사,5068152529,2017,0,0.0258,0,1,TN
캐리월드주식회사,5068152529,2018,0,0.0085,0,1,TN
캐리월드주식회사,5068152529,2019,0,0.1933,1,0,FP
(주)롤앤롤,5068156660,2019,0,0.0008,0,1,TN
(주)롤앤롤,5068156660,2020,0,0.0114,0,1,TN
(주)롤앤롤,5068156660,2021,0,0.0607,1,0,FP
(주)롤앤롤,5068156660,2022,0,0.01,0,1,TN
(주)롤앤롤,5068156660,2023,0,0.1486,1,0,FP
(주)롤앤롤,5068156660,2024,0,0.1235,1,0,FP
(주)화남테크,5068161260,2019,0,0.0027,0,1,TN
(주)화남테크,5068161260,2020,0,0.0093,0,1,TN
(주)화남테크,5068161260,2021,1,0.5834,1,1,TP
주식회사신천,5068163593,2014,0,0.0028,0,1,TN
주식회사신천,5068163593,2024,0,0.0196,0,1,TN
조선선재(주),5068170186,2014,0,0.0003,0,1,TN
조선선재(주),5068170186,2015,0,1e-04,0,1,TN
조선선재(주),5068170186,2016,0,1e-04,0,1,TN
조선선재(주),5068170186,2017,0,1e-04,0,1,TN
조선선재(주),5068170186,2018,0,1e-04,0,1,TN
조선선재(주),5068170186,2019,0,0.0002,0,1,TN
조선선재(주),5068170186,2020,0,0.0002,0,1,TN
조선선재(주),5068170186,2021,0,1e-04,0,1,TN
조선선재(주),5068170186,2022,0,0.0004,0,1,TN
조선선재(주),5068170186,2023,0,0.0009,0,1,TN
조선선재(주),5068170186,2024,0,0.0009,0,1,TN
(주)대명,5068172165,2019,0,0.0006,0,1,TN
(주)대명,5068172165,2020,0,0.0017,0,1,TN
(주)대명,5068172165,2021,0,0.0015,0,1,TN
(주)대명,5068172165,2022,0,0.0203,0,1,TN
(주)대명,5068172165,2023,0,0.4058,1,0,FP
(주)대명,5068172165,2024,1,0.1303,1,1,TP
태주종합철강주식회사,5088109668,2014,0,0.0019,0,1,TN
부산카플링주식회사,5098600307,2017,0,0.0008,0,1,TN
부산카플링주식회사,5098600307,2018,0,0.0009,0,1,TN
부산카플링주식회사,5098600307,2019,0,0.003,0,1,TN
부산카플링주식회사,5098600307,2020,0,0.0445,1,0,FP
부산카플링주식회사,5098600307,2022,0,0.0017,0,1,TN
부산카플링주식회사,5098600307,2023,0,0.0208,0,1,TN
부산카플링주식회사,5098600307,2024,0,0.0035,0,1,TN
주식회사페루프,5108111639,2014,0,0.0107,0,1,TN
주식회사페루프,5108111639,2015,0,0.0683,1,0,FP
주식회사페루프,5108111639,2016,1,0.3351,1,1,TP
(주)에스에스이티,5108113317,2017,0,0.0044,0,1,TN
(주)에스에스이티,5108113317,2018,0,0.008,0,1,TN
(주)에스에스이티,5108113317,2019,0,0.1851,1,0,FP
케이제이알로이(주),5108126656,2014,0,0.0019,0,1,TN
케이제이알로이(주),5108126656,2015,0,0.0002,0,1,TN
케이제이알로이(주),5108126656,2016,0,0.0063,0,1,TN
케이제이알로이(주),5108126656,2017,0,0.003,0,1,TN
케이제이알로이(주),5108126656,2018,0,0.0056,0,1,TN
케이제이알로이(주),5108126656,2019,0,0.0748,1,0,FP
케이제이알로이(주),5108126656,2020,1,0.668,1,1,TP
나노믹아트(주),5128123198,2015,0,0.0016,0,1,TN
나노믹아트(주),5128123198,2016,0,0.0007,0,1,TN
나노믹아트(주),5128123198,2017,0,0.006,0,1,TN
나노믹아트(주),5128123198,2018,0,0.0336,1,0,FP
나노믹아트(주),5128123198,2019,0,0.036,1,0,FP
나노믹아트(주),5128123198,2020,1,0.881,1,1,TP
에이피에스머티리얼즈(주),5128602107,2020,0,0.0028,0,1,TN
에이피에스머티리얼즈(주),5128602107,2021,0,0.0275,0,1,TN
에이피에스머티리얼즈(주),5128602107,2022,1,0.4018,1,1,TP
(주)에이스지앤월드,5138105683,2014,0,0.0071,0,1,TN
(주)에이스지앤월드,5138105683,2015,0,0.0011,0,1,TN
(주)에이스지앤월드,5138105683,2016,0,0.0045,0,1,TN
(주)에이스지앤월드,5138105683,2017,0,0.0027,0,1,TN
(주)에이스지앤월드,5138105683,2018,0,0.0035,0,1,TN
(주)에이스지앤월드,5138105683,2019,0,0.0334,1,0,FP
(주)티에스이,5138114940,2014,0,0.0004,0,1,TN
(주)티에스이,5138114940,2015,0,0.0003,0,1,TN
(주)티에스이,5138114940,2016,0,0.0006,0,1,TN
(주)티에스이,5138114940,2017,0,0.0013,0,1,TN
(주)티에스이,5138114940,2018,0,0.0068,0,1,TN
(주)티에스이,5138114940,2019,0,0.0005,0,1,TN
(주)티에스이,5138114940,2020,0,0.0012,0,1,TN
(주)티에스이,5138114940,2021,0,0.0002,0,1,TN
(주)티에스이,5138114940,2022,0,0.0003,0,1,TN
(주)티에스이,5138114940,2023,0,0.0003,0,1,TN
(주)티에스이,5138114940,2024,0,0.0008,0,1,TN
대상단조주식회사,5138115779,2014,0,0.0531,1,0,FP
대상단조주식회사,5138115779,2021,0,0.0066,0,1,TN
대상단조주식회사,5138115779,2022,0,0.0019,0,1,TN
대상단조주식회사,5138115779,2023,0,0.641,1,0,FP
대상단조주식회사,5138115779,2024,0,0.275,1,0,FP
(주)세아메카닉스,5138116079,2014,0,0.0002,0,1,TN
(주)세아메카닉스,5138116079,2015,0,0.013,0,1,TN
(주)세아메카닉스,5138116079,2016,0,0.0004,0,1,TN
(주)세아메카닉스,5138116079,2017,0,0.0145,0,1,TN
(주)세아메카닉스,5138116079,2018,0,0.0008,0,1,TN
(주)세아메카닉스,5138116079,2019,0,0.0003,0,1,TN
(주)세아메카닉스,5138116079,2020,0,0.0006,0,1,TN
(주)세아메카닉스,5138116079,2021,0,0.0002,0,1,TN
(주)세아메카닉스,5138116079,2022,0,0.0003,0,1,TN
(주)세아메카닉스,5138116079,2023,0,0.0006,0,1,TN
(주)세아메카닉스,5138116079,2024,0,0.021,0,1,TN
주식회사경동프로폰,5138125826,2018,0,0.0005,0,1,TN
주식회사경동프로폰,5138125826,2019,0,1e-04,0,1,TN
주식회사경동프로폰,5138125826,2022,0,0.001,0,1,TN
주식회사경동프로폰,5138125826,2023,0,0.0005,0,1,TN
주식회사경동프로폰,5138125826,2024,0,0.0008,0,1,TN
(주)이코니,5138129462,2014,0,0.0015,0,1,TN
(주)이코니,5138129462,2015,0,0.0089,0,1,TN
(주)이코니,5138129462,2016,0,0.0035,0,1,TN
(주)이코니,5138129462,2017,0,0.0062,0,1,TN
(주)이코니,5138129462,2018,0,0.0597,1,0,FP
(주)이코니,5138129462,2019,0,0.0409,1,0,FP
(주)이코니,5138129462,2020,1,0.5942,1,1,TP
(주)코리아스타텍,5138129894,2014,0,0.0026,0,1,TN
(주)코리아스타텍,5138129894,2015,0,0.0021,0,1,TN
(주)코리아스타텍,5138129894,2016,0,0.0005,0,1,TN
(주)코리아스타텍,5138129894,2017,0,0.0003,0,1,TN
(주)코리아스타텍,5138129894,2018,0,0.0179,0,1,TN
(주)코리아스타텍,5138129894,2019,0,0.0007,0,1,TN
(주)코리아스타텍,5138129894,2020,0,0.0017,0,1,TN
(주)코리아스타텍,5138129894,2021,0,0.0002,0,1,TN
(주)코리아스타텍,5138129894,2022,0,0.0139,0,1,TN
(주)코리아스타텍,5138129894,2023,0,0.0676,1,0,FP
(주)코리아스타텍,5138129894,2024,1,0.0621,1,1,TP
주식회사성진정밀,5138131255,2014,0,0.0003,0,1,TN
주식회사성진정밀,5138131255,2015,0,1e-04,0,1,TN
주식회사성진정밀,5138131255,2016,0,0.0003,0,1,TN
주식회사성진정밀,5138131255,2017,0,0.0008,0,1,TN
주식회사성진정밀,5138131255,2018,0,0.023,0,1,TN
주식회사성진정밀,5138131255,2019,0,0.0294,0,1,TN
주식회사성진정밀,5138131255,2020,0,0.0007,0,1,TN
주식회사성진정밀,5138131255,2021,0,0.0002,0,1,TN
주식회사성진정밀,5138131255,2022,0,0.0122,0,1,TN
주식회사성진정밀,5138131255,2023,0,0.0154,0,1,TN
주식회사성진정밀,5138131255,2024,0,0.0088,0,1,TN
태원오토텍주식회사,5138146817,2015,0,0.0005,0,1,TN
태원오토텍주식회사,5138146817,2016,0,0.0003,0,1,TN
태원오토텍주식회사,5138146817,2017,0,0.0033,0,1,TN
태원오토텍주식회사,5138146817,2018,0,0.0045,0,1,TN
태원오토텍주식회사,5138146817,2019,0,0.008,0,1,TN
태원오토텍주식회사,5138146817,2020,1,0.192,1,1,TP
주식회사웰코,5138147228,2014,1,0.3563,1,1,TP
(주)에이플러스,5138149624,2015,0,0.0011,0,1,TN
(주)에이플러스,5138149624,2016,0,0.001,0,1,TN
(주)에이플러스,5138149624,2017,0,0.052,1,0,FP
주식회사K.M-eng(케이엠이엔지),5138153526,2014,0,0.0006,0,1,TN
주식회사K.M-eng(케이엠이엔지),5138153526,2016,0,0.0003,0,1,TN
주식회사K.M-eng(케이엠이엔지),5138153526,2017,0,0.0003,0,1,TN
주식회사K.M-eng(케이엠이엔지),5138153526,2018,0,0.0007,0,1,TN
주식회사K.M-eng(케이엠이엔지),5138153526,2019,0,0.0005,0,1,TN
주식회사K.M-eng(케이엠이엔지),5138153526,2020,0,0.0017,0,1,TN
주식회사K.M-eng(케이엠이엔지),5138153526,2021,0,0.0008,0,1,TN
주식회사K.M-eng(케이엠이엔지),5138153526,2022,0,0.0004,0,1,TN
주식회사K.M-eng(케이엠이엔지),5138153526,2023,0,0.0011,0,1,TN
주식회사K.M-eng(케이엠이엔지),5138153526,2024,0,0.0004,0,1,TN
(주)기성엔지니어링,5138159234,2014,0,0.0002,0,1,TN
(주)기성엔지니어링,5138159234,2015,0,0.0004,0,1,TN
케이엘테크주식회사,5138165250,2017,0,0.0004,0,1,TN
케이엘테크주식회사,5138165250,2018,0,1e-04,0,1,TN
케이엘테크주식회사,5138165250,2019,0,0.0002,0,1,TN
케이엘테크주식회사,5138165250,2020,0,0.0005,0,1,TN
케이엘테크주식회사,5138165250,2021,0,1e-04,0,1,TN
케이엘테크주식회사,5138165250,2022,0,0.0003,0,1,TN
케이엘테크주식회사,5138165250,2023,0,0.0004,0,1,TN
케이엘테크주식회사,5138165250,2024,0,0.0002,0,1,TN
에스티피주식회사,5138167239,2018,0,0.0012,0,1,TN
에스티피주식회사,5138167239,2019,0,0.0007,0,1,TN
에스티피주식회사,5138167239,2020,0,0.0094,0,1,TN
에스티피주식회사,5138167239,2023,0,0.0011,0,1,TN
에스티피주식회사,5138167239,2024,0,0.0005,0,1,TN
비씨엠주식회사,5138170001,2014,1,0.8069,1,1,TP
태산테크주식회사,5138170729,2014,0,0.0014,0,1,TN
태산테크주식회사,5138170729,2015,0,0.0018,0,1,TN
태산테크주식회사,5138170729,2016,0,0.0036,0,1,TN
태산테크주식회사,5138170729,2017,0,0.0114,0,1,TN
태산테크주식회사,5138170729,2018,0,0.0831,1,0,FP
태산테크주식회사,5138170729,2019,1,0.7372,1,1,TP
(주)인성금속,5138186288,2015,0,0.0005,0,1,TN
(주)인성금속,5138186288,2016,0,0.0112,0,1,TN
(주)인성금속,5138186288,2017,0,0.0825,1,0,FP
(주)인성금속,5138186288,2018,0,0.0015,0,1,TN
(주)인성금속,5138186288,2019,0,0.002,0,1,TN
(주)인성금속,5138186288,2020,0,0.0137,0,1,TN
(주)인성금속,5138186288,2021,0,0.1122,1,0,FP
(주)인성금속,5138186288,2022,1,0.009,0,0,FN
아주강재(주),5138187948,2016,0,0.003,0,1,TN
아주강재(주),5138187948,2017,0,0.05,1,0,FP
아주강재(주),5138187948,2018,0,0.0472,1,0,FP
아주강재(주),5138187948,2019,0,0.0175,0,1,TN
(주)디에스엔지니어링,5138600233,2022,0,0.001,0,1,TN
(주)디에스엔지니어링,5138600233,2023,0,0.0004,0,1,TN
(주)디에스엔지니어링,5138600233,2024,0,0.0007,0,1,TN
대한소결금속(주),5148105798,2014,0,0.0003,0,1,TN
대한소결금속(주),5148105798,2015,0,0.0003,0,1,TN
대한소결금속(주),5148105798,2016,0,0.0002,0,1,TN
대한소결금속(주),5148105798,2017,0,0.0002,0,1,TN
대한소결금속(주),5148105798,2018,0,0.0002,0,1,TN
대한소결금속(주),5148105798,2019,0,0.0006,0,1,TN
대한소결금속(주),5148105798,2020,0,0.0012,0,1,TN
대한소결금속(주),5148105798,2021,0,0.0002,0,1,TN
대한소결금속(주),5148105798,2022,0,0.0003,0,1,TN
대한소결금속(주),5148105798,2023,0,0.0006,0,1,TN
대한소결금속(주),5148105798,2024,0,0.0004,0,1,TN
진성씨앤아이주식회사,5148108363,2014,0,0.0003,0,1,TN
진성씨앤아이주식회사,5148108363,2015,0,0.0011,0,1,TN
진성씨앤아이주식회사,5148108363,2016,0,0.0234,0,1,TN
진성씨앤아이주식회사,5148108363,2017,0,0.0007,0,1,TN
진성씨앤아이주식회사,5148108363,2018,0,0.0002,0,1,TN
진성씨앤아이주식회사,5148108363,2019,0,0.0002,0,1,TN
진성씨앤아이주식회사,5148108363,2020,0,0.001,0,1,TN
진성씨앤아이주식회사,5148108363,2021,0,0.0002,0,1,TN
진성씨앤아이주식회사,5148108363,2022,0,0.01,0,1,TN
진성씨앤아이주식회사,5148108363,2023,0,0.014,0,1,TN
진성씨앤아이주식회사,5148108363,2024,0,0.0663,1,0,FP
주식회사대구정밀,5148116806,2014,0,0.0011,0,1,TN
주식회사대구정밀,5148116806,2015,0,0.0011,0,1,TN
주식회사대구정밀,5148116806,2016,0,0.0016,0,1,TN
주식회사대구정밀,5148116806,2017,0,0.0012,0,1,TN
주식회사대구정밀,5148116806,2018,0,0.002,0,1,TN
주식회사대구정밀,5148116806,2019,0,0.0112,0,1,TN
주식회사대구정밀,5148116806,2020,0,0.0139,0,1,TN
주식회사대구정밀,5148116806,2021,0,0.001,0,1,TN
주식회사대구정밀,5148116806,2022,0,0.0005,0,1,TN
주식회사대구정밀,5148116806,2023,0,0.0006,0,1,TN
주식회사대구정밀,5148116806,2024,0,0.0002,0,1,TN
삼영금속공업주식회사,5148119759,2014,0,0.0003,0,1,TN
삼영금속공업주식회사,5148119759,2015,0,0.0003,0,1,TN
삼영금속공업주식회사,5148119759,2016,0,0.0002,0,1,TN
삼영금속공업주식회사,5148119759,2017,0,0.0279,0,1,TN
삼영금속공업주식회사,5148119759,2018,0,0.0162,0,1,TN
삼영금속공업주식회사,5148119759,2019,0,0.0213,0,1,TN
주식회사문창,5148120315,2016,0,0.0008,0,1,TN
주식회사문창,5148120315,2017,0,0.0007,0,1,TN
주식회사문창,5148120315,2018,0,0.0006,0,1,TN
주식회사문창,5148120315,2019,0,0.0004,0,1,TN
주식회사문창,5148120315,2020,0,0.0021,0,1,TN
주식회사문창,5148120315,2021,0,1e-04,0,1,TN
주식회사문창,5148120315,2022,0,0.0002,0,1,TN
주식회사문창,5148120315,2023,0,0.0004,0,1,TN
주식회사문창,5148120315,2024,0,0.0066,0,1,TN
주식회사영화,5148120329,2014,0,0.0002,0,1,TN
주식회사영화,5148120329,2015,0,0.0003,0,1,TN
주식회사영화,5148120329,2016,0,0.0002,0,1,TN
주식회사영화,5148120329,2017,0,1e-04,0,1,TN
주식회사영화,5148120329,2018,0,0.0002,0,1,TN
주식회사영화,5148120329,2019,0,0.0004,0,1,TN
주식회사영화,5148120329,2020,0,0.0008,0,1,TN
주식회사영화,5148120329,2021,0,0.0007,0,1,TN
주식회사영화,5148120329,2022,0,0.0003,0,1,TN
주식회사영화,5148120329,2023,0,0.0009,0,1,TN
주식회사영화,5148120329,2024,0,0.0005,0,1,TN
아주철강산업(주),5148126997,2014,0,0.0003,0,1,TN
아주철강산업(주),5148126997,2015,0,0.0003,0,1,TN
아주철강산업(주),5148126997,2016,0,0.0004,0,1,TN
아주철강산업(주),5148126997,2017,0,0.0004,0,1,TN
아주철강산업(주),5148126997,2018,0,0.0008,0,1,TN
주식회사금성스틸,5148128767,2014,0,0.0044,0,1,TN
주식회사금성스틸,5148128767,2015,0,0.0276,0,1,TN
주식회사금성스틸,5148128767,2016,0,0.0074,0,1,TN
주식회사금성스틸,5148128767,2017,0,0.0013,0,1,TN
주식회사금성스틸,5148128767,2018,0,0.0015,0,1,TN
주식회사금성스틸,5148128767,2019,0,0.0022,0,1,TN
주식회사금성스틸,5148128767,2020,0,0.0079,0,1,TN
주식회사금성스틸,5148128767,2021,0,0.0009,0,1,TN
주식회사금성스틸,5148128767,2022,0,0.027,0,1,TN
주식회사금성스틸,5148128767,2023,0,0.135,1,0,FP
주식회사금성스틸,5148128767,2024,0,0.2038,1,0,FP
대신정공(주),5148129242,2016,0,0.002,0,1,TN
대신정공(주),5148129242,2017,0,0.0016,0,1,TN
대신정공(주),5148129242,2018,0,0.0013,0,1,TN
대신정공(주),5148129242,2019,0,0.0023,0,1,TN
대신정공(주),5148129242,2020,0,0.042,1,0,FP
대신정공(주),5148129242,2021,0,0.0341,1,0,FP
대신정공(주),5148129242,2022,0,0.0133,0,1,TN
대신정공(주),5148129242,2023,0,0.0647,1,0,FP
대신정공(주),5148129242,2024,0,0.0098,0,1,TN
명광산업주식회사,5148131689,2015,0,0.0009,0,1,TN
명광산업주식회사,5148131689,2016,0,0.0128,0,1,TN
명광산업주식회사,5148131689,2017,0,0.0193,0,1,TN
명광산업주식회사,5148131689,2018,1,0.8058,1,1,TP
(주)대성쿡웨어,5148131791,2014,0,0.0323,1,0,FP
(주)대성쿡웨어,5148131791,2015,0,0.0506,1,0,FP
(주)대성쿡웨어,5148131791,2016,0,0.0009,0,1,TN
(주)대성쿡웨어,5148131791,2017,0,0.0347,1,0,FP
(주)대성쿡웨어,5148131791,2018,0,0.0154,0,1,TN
(주)대성쿡웨어,5148131791,2019,0,0.0392,1,0,FP
(주)대성쿡웨어,5148131791,2020,0,0.0733,1,0,FP
(주)대성쿡웨어,5148131791,2021,1,0.5791,1,1,TP
유성정밀공업주식회사,5148133936,2016,0,0.0022,0,1,TN
유성정밀공업주식회사,5148133936,2017,0,0.0016,0,1,TN
유성정밀공업주식회사,5148133936,2018,0,0.0282,0,1,TN
유성정밀공업주식회사,5148133936,2019,0,0.0069,0,1,TN
유성정밀공업주식회사,5148133936,2020,0,0.0284,0,1,TN
유성정밀공업주식회사,5148133936,2021,0,0.0928,1,0,FP
유성정밀공업주식회사,5148133936,2022,1,0.0745,1,1,TP
(주)홍창,5148134497,2016,0,0.0002,0,1,TN
(주)홍창,5148134497,2017,0,0.0135,0,1,TN
(주)홍창,5148134497,2018,0,0.0227,0,1,TN
(주)홍창,5148134497,2019,0,0.083,1,0,FP
(주)홍창,5148134497,2020,0,0.0029,0,1,TN
(주)홍창,5148134497,2021,0,0.0011,0,1,TN
(주)홍창,5148134497,2022,0,0.0015,0,1,TN
(주)홍창,5148134497,2023,0,0.0005,0,1,TN
(주)홍창,5148134497,2024,0,0.0138,0,1,TN
우신특수강(주),5148136326,2014,0,0.0004,0,1,TN
우신특수강(주),5148136326,2015,0,0.0004,0,1,TN
우신특수강(주),5148136326,2016,0,0.0004,0,1,TN
우신특수강(주),5148136326,2017,0,1e-04,0,1,TN
우신특수강(주),5148136326,2018,0,0.001,0,1,TN
우신특수강(주),5148136326,2019,0,0.0004,0,1,TN
우신특수강(주),5148136326,2020,0,0.0029,0,1,TN
우신특수강(주),5148136326,2021,0,0.0004,0,1,TN
우신특수강(주),5148136326,2022,0,0.0015,0,1,TN
우신특수강(주),5148136326,2023,0,0.0054,0,1,TN
우신특수강(주),5148136326,2024,0,0.0036,0,1,TN
(주)정화테크,5148139089,2014,0,0.0012,0,1,TN
(주)정화테크,5148139089,2015,0,0.0006,0,1,TN
(주)정화테크,5148139089,2016,0,0.0004,0,1,TN
(주)정화테크,5148139089,2017,0,1e-04,0,1,TN
(주)정화테크,5148139089,2018,0,0.0009,0,1,TN
(주)정화테크,5148139089,2019,0,0.0037,0,1,TN
(주)정화테크,5148139089,2020,0,0.0377,1,0,FP
(주)정화테크,5148139089,2021,0,0.0183,0,1,TN
(주)정화테크,5148139089,2022,0,0.0018,0,1,TN
(주)정화테크,5148139089,2023,0,0.0005,0,1,TN
(주)정화테크,5148139089,2024,0,0.0004,0,1,TN
주식회사창보,5148139134,2014,0,0.002,0,1,TN
주식회사창보,5148139134,2015,0,0.0056,0,1,TN
주식회사창보,5148139134,2016,0,0.0843,1,0,FP
주식회사창보,5148139134,2017,0,0.0586,1,0,FP
주식회사창보,5148139134,2018,1,0.8644,1,1,TP
수형산업개발주식회사,5148140117,2014,0,0.0012,0,1,TN
수형산업개발주식회사,5148140117,2015,0,0.0002,0,1,TN
수형산업개발주식회사,5148140117,2016,0,0.0002,0,1,TN
수형산업개발주식회사,5148140117,2017,0,0.0005,0,1,TN
수형산업개발주식회사,5148140117,2018,0,0.0012,0,1,TN
수형산업개발주식회사,5148140117,2019,0,0.0009,0,1,TN
수형산업개발주식회사,5148140117,2020,0,0.0038,0,1,TN
수형산업개발주식회사,5148140117,2021,0,0.049,1,0,FP
수형산업개발주식회사,5148140117,2022,0,0.0092,0,1,TN
수형산업개발주식회사,5148140117,2023,0,0.0048,0,1,TN
수형산업개발주식회사,5148140117,2024,0,0.0024,0,1,TN
동성캐스탑주식회사,5148142852,2014,0,0.0008,0,1,TN
동성캐스탑주식회사,5148142852,2015,0,0.0007,0,1,TN
동성캐스탑주식회사,5148142852,2016,0,0.0037,0,1,TN
동성캐스탑주식회사,5148142852,2017,0,0.0074,0,1,TN
동성캐스탑주식회사,5148142852,2018,0,0.0107,0,1,TN
동성캐스탑주식회사,5148142852,2019,0,0.0011,0,1,TN
동성캐스탑주식회사,5148142852,2020,0,0.0006,0,1,TN
동성캐스탑주식회사,5148142852,2021,0,0.0003,0,1,TN
동성캐스탑주식회사,5148142852,2022,0,0.0007,0,1,TN
동성캐스탑주식회사,5148142852,2023,0,0.002,0,1,TN
동성캐스탑주식회사,5148142852,2024,0,0.0003,0,1,TN
주식회사대현,5148144578,2014,0,0.0013,0,1,TN
주식회사대현,5148144578,2015,0,0.0014,0,1,TN
주식회사대현,5148144578,2016,0,0.001,0,1,TN
주식회사유니테크시스템,5148147013,2017,0,0.0005,0,1,TN
주식회사유니테크시스템,5148147013,2018,0,0.0002,0,1,TN
주식회사유니테크시스템,5148147013,2019,0,0.0005,0,1,TN
주식회사유니테크시스템,5148147013,2020,0,0.0589,1,0,FP
주식회사유니테크시스템,5148147013,2021,0,0.1828,1,0,FP
주식회사유니테크시스템,5148147013,2022,0,0.0045,0,1,TN
주식회사유니테크시스템,5148147013,2023,0,0.0218,0,1,TN
주식회사유니테크시스템,5148147013,2024,0,0.0255,0,1,TN
주식회사이노컴,5148149291,2021,0,0.0002,0,1,TN
주식회사이노컴,5148149291,2022,0,0.0002,0,1,TN
주식회사이노컴,5148149291,2023,0,0.0002,0,1,TN
(주)에스엔텍,5148150876,2014,0,0.0025,0,1,TN
(주)에스엔텍,5148150876,2015,0,0.0144,0,1,TN
(주)에스엔텍,5148150876,2016,1,0.6566,1,1,TP
(주)현준정밀,5148155395,2014,0,0.0108,0,1,TN
(주)현준정밀,5148155395,2015,1,0.8235,1,1,TP
주식회사브이씨티이,5148165501,2018,0,0.0005,0,1,TN
주식회사브이씨티이,5148165501,2019,0,0.016,0,1,TN
주식회사브이씨티이,5148165501,2020,0,0.0883,1,0,FP
주식회사브이씨티이,5148165501,2021,0,0.0009,0,1,TN
주식회사브이씨티이,5148165501,2022,0,0.0009,0,1,TN
주식회사브이씨티이,5148165501,2023,0,0.0036,0,1,TN
주식회사브이씨티이,5148165501,2024,0,0.2224,1,0,FP
신성에스앤티주식회사,5148171890,2014,0,0.0088,0,1,TN
신성에스앤티주식회사,5148171890,2015,0,0.003,0,1,TN
신성에스앤티주식회사,5148171890,2016,0,0.0108,0,1,TN
신성에스앤티주식회사,5148171890,2017,0,0.1226,1,0,FP
신성에스앤티주식회사,5148171890,2018,0,0.0645,1,0,FP
신성에스앤티주식회사,5148171890,2019,1,0.3332,1,1,TP
주식회사현대디엘,5148172394,2015,0,0.0012,0,1,TN
주식회사현대디엘,5148172394,2016,0,0.0002,0,1,TN
주식회사현대디엘,5148172394,2017,0,0.0007,0,1,TN
주식회사현대디엘,5148172394,2018,0,0.0056,0,1,TN
주식회사현대디엘,5148172394,2019,0,0.0391,1,0,FP
주식회사현대디엘,5148172394,2020,0,0.0151,0,1,TN
주식회사현대디엘,5148172394,2021,0,0.0025,0,1,TN
주식회사현대디엘,5148172394,2022,0,0.0651,1,0,FP
주식회사현대디엘,5148172394,2023,0,0.0024,0,1,TN
주식회사현대디엘,5148172394,2024,0,0.0018,0,1,TN
(주)대영알씨,5148178893,2015,0,0.0012,0,1,TN
(주)대영알씨,5148178893,2016,0,0.0029,0,1,TN
(주)대영알씨,5148178893,2017,1,0.3206,1,1,TP
(주)우진플랜트,5148179913,2019,0,0.0009,0,1,TN
(주)우진플랜트,5148179913,2020,0,0.0164,0,1,TN
(주)우진플랜트,5148179913,2021,0,0.0041,0,1,TN
(주)우진플랜트,5148179913,2022,0,0.1138,1,0,FP
(주)우진플랜트,5148179913,2023,0,0.154,1,0,FP
주식회사아이에스아이,5148181103,2014,1,0.929,1,1,TP
(주)영풍열처리,5148182723,2014,0,0.0003,0,1,TN
(주)영풍열처리,5148182723,2015,0,0.0005,0,1,TN
(주)영풍열처리,5148182723,2016,0,0.0004,0,1,TN
(주)영풍열처리,5148182723,2017,0,0.0005,0,1,TN
(주)영풍열처리,5148182723,2018,0,0.0005,0,1,TN
(주)영풍열처리,5148182723,2019,0,0.0003,0,1,TN
(주)영풍열처리,5148182723,2020,0,0.0515,1,0,FP
(주)영풍열처리,5148182723,2021,0,0.0014,0,1,TN
(주)영풍열처리,5148182723,2022,0,0.0278,0,1,TN
(주)영풍열처리,5148182723,2023,0,0.2166,1,0,FP
(주)영풍열처리,5148182723,2024,1,0.3719,1,1,TP
주식회사케이엔테크,5148187257,2022,0,0.0009,0,1,TN
주식회사케이엔테크,5148187257,2023,0,0.0004,0,1,TN
주식회사케이엔테크,5148187257,2024,0,0.001,0,1,TN
(주)엠텍,5148189861,2014,0,0.0016,0,1,TN
(주)엠텍,5148189861,2015,0,0.0002,0,1,TN
(주)엠텍,5148189861,2016,0,0.0007,0,1,TN
(주)엠텍,5148189861,2017,0,0.003,0,1,TN
(주)엠텍,5148189861,2018,0,0.0018,0,1,TN
(주)엠텍,5148189861,2019,0,0.001,0,1,TN
(주)엠텍,5148189861,2020,0,0.0069,0,1,TN
(주)엠텍,5148189861,2021,0,0.0019,0,1,TN
(주)엠텍,5148189861,2022,0,0.0027,0,1,TN
(주)엠텍,5148189861,2023,0,0.0006,0,1,TN
(주)엠텍,5148189861,2024,0,0.0008,0,1,TN
거상정공(주),5158112399,2014,0,0.0172,0,1,TN
거상정공(주),5158112399,2015,0,0.0299,0,1,TN
거상정공(주),5158112399,2016,0,0.1278,1,0,FP
거상정공(주),5158112399,2017,1,0.6871,1,1,TP
주식회사화인에프티,5158116338,2014,1,0.5817,1,1,TP
(주)로자,5158122164,2014,0,0.0002,0,1,TN
(주)로자,5158122164,2015,0,0.0003,0,1,TN
(주)로자,5158122164,2016,0,1e-04,0,1,TN
(주)로자,5158122164,2017,0,1e-04,0,1,TN
(주)로자,5158122164,2018,0,1e-04,0,1,TN
(주)로자,5158122164,2019,0,0.0004,0,1,TN
(주)로자,5158122164,2020,0,0.0011,0,1,TN
(주)로자,5158122164,2021,0,0.0002,0,1,TN
(주)로자,5158122164,2022,0,0.0002,0,1,TN
(주)로자,5158122164,2023,0,0.0003,0,1,TN
(주)로자,5158122164,2024,0,0.0006,0,1,TN
(주)티엔디,5158125633,2014,0,0.0008,0,1,TN
(주)티엔디,5158125633,2015,0,0.0021,0,1,TN
(주)티엔디,5158125633,2016,0,0.0234,0,1,TN
(주)티엔디,5158125633,2017,0,0.0511,1,0,FP
(주)티엔디,5158125633,2018,1,0.6684,1,1,TP
(주)신라하이텍,5158130010,2019,0,0.001,0,1,TN
(주)신라하이텍,5158130010,2020,0,0.0008,0,1,TN
(주)신라하이텍,5158130010,2021,0,0.0005,0,1,TN
(주)신라하이텍,5158130010,2022,0,0.0089,0,1,TN
(주)신라하이텍,5158130010,2023,0,0.0063,0,1,TN
(주)신라하이텍,5158130010,2024,0,0.0009,0,1,TN
(주)대한볼트,5158130965,2014,0,0.4534,1,0,FP
(주)대한볼트,5158130965,2015,0,0.0348,1,0,FP
(주)대한볼트,5158130965,2016,0,0.0016,0,1,TN
(주)대한볼트,5158130965,2017,0,0.001,0,1,TN
(주)대한볼트,5158130965,2018,0,0.0019,0,1,TN
(주)대한볼트,5158130965,2019,0,0.0724,1,0,FP
(주)대한볼트,5158130965,2020,0,0.0189,0,1,TN
(주)대한볼트,5158130965,2021,0,0.0006,0,1,TN
(주)대한볼트,5158130965,2022,0,0.0008,0,1,TN
(주)대한볼트,5158130965,2023,0,0.0106,0,1,TN
(주)대한볼트,5158130965,2024,0,0.0163,0,1,TN
(주)규원테크,5158139758,2022,0,0.0007,0,1,TN
(주)규원테크,5158139758,2023,0,0.0033,0,1,TN
(주)규원테크,5158139758,2024,0,0.098,1,0,FP
대원금속주식회사,5158143704,2015,0,0.001,0,1,TN
대원금속주식회사,5158143704,2016,0,0.0003,0,1,TN
대원금속주식회사,5158143704,2017,0,0.0002,0,1,TN
대원금속주식회사,5158143704,2018,0,0.0003,0,1,TN
대원금속주식회사,5158143704,2019,0,0.0003,0,1,TN
대원금속주식회사,5158143704,2020,0,0.0021,0,1,TN
대원금속주식회사,5158143704,2021,0,1e-04,0,1,TN
대원금속주식회사,5158143704,2022,0,0.0002,0,1,TN
대원금속주식회사,5158143704,2023,0,0.0006,0,1,TN
대원금속주식회사,5158143704,2024,0,0.0004,0,1,TN
(주)다음스틸,5158143835,2021,0,0.0007,0,1,TN
(주)다음스틸,5158143835,2022,0,0.0021,0,1,TN
(주)다음스틸,5158143835,2023,0,0.0029,0,1,TN
(주)다음스틸,5158143835,2024,0,0.1072,1,0,FP
(주)아이제이에스,5158151261,2014,0,0.0008,0,1,TN
(주)아이제이에스,5158151261,2015,0,0.0002,0,1,TN
(주)아이제이에스,5158151261,2016,0,0.0003,0,1,TN
(주)아이제이에스,5158151261,2017,0,0.0035,0,1,TN
(주)아이제이에스,5158151261,2018,0,0.0717,1,0,FP
(주)아이제이에스,5158151261,2019,0,0.0479,1,0,FP
(주)아이제이에스,5158151261,2020,0,0.1131,1,0,FP
(주)아이제이에스,5158151261,2021,0,0.043,1,0,FP
(주)아이제이에스,5158151261,2022,0,0.045,1,0,FP
(주)아이제이에스,5158151261,2023,0,0.003,0,1,TN
(주)아이제이에스,5158151261,2024,0,0.3706,1,0,FP
에스엠테크주식회사,5188700536,2017,0,0.0051,0,1,TN
에스엠테크주식회사,5188700536,2018,0,0.0527,1,0,FP
에스엠테크주식회사,5188700536,2019,0,0.0302,1,0,FP
에스엠테크주식회사,5188700536,2020,0,0.0128,0,1,TN
에스엠테크주식회사,5188700536,2021,0,0.0362,1,0,FP
에스엠테크주식회사,5188700536,2022,0,0.0203,0,1,TN
에스엠테크주식회사,5188700536,2023,0,0.2228,1,0,FP
에스엠테크주식회사,5188700536,2024,0,0.199,1,0,FP
주식회사BSM범일,5188801401,2019,0,0.001,0,1,TN
주식회사BSM범일,5188801401,2020,0,0.0343,1,0,FP
주식회사BSM범일,5188801401,2021,0,0.0125,0,1,TN
주식회사BSM범일,5188801401,2022,0,0.0011,0,1,TN
주식회사BSM범일,5188801401,2023,0,0.0092,0,1,TN
배건하이테크주식회사,5208602108,2022,0,0.0024,0,1,TN
배건하이테크주식회사,5208602108,2023,0,0.287,1,0,FP
배건하이테크주식회사,5208602108,2024,0,0.0452,1,0,FP
주식회사쏠라에스티,5248700211,2021,0,0.0005,0,1,TN
주식회사쏠라에스티,5248700211,2022,0,0.0002,0,1,TN
주식회사쏠라에스티,5248700211,2023,0,0.0005,0,1,TN
주식회사쏠라에스티,5248700211,2024,0,0.0009,0,1,TN
주식회사유준산업,5248800275,2016,0,0.0092,0,1,TN
주식회사유준산업,5248800275,2017,0,0.0359,1,0,FP
주식회사유준산업,5248800275,2018,0,0.0056,0,1,TN
주식회사유준산업,5248800275,2019,0,0.0021,0,1,TN
주식회사유준산업,5248800275,2020,0,0.0018,0,1,TN
주식회사유준산업,5248800275,2021,0,0.0005,0,1,TN
주식회사유준산업,5248800275,2022,0,0.0011,0,1,TN
주식회사유준산업,5248800275,2023,0,0.0014,0,1,TN
주식회사유준산업,5248800275,2024,0,0.0061,0,1,TN
주식회사동양아트,5348600453,2021,0,0.0013,0,1,TN
주식회사동양아트,5348600453,2022,0,0.0259,0,1,TN
주식회사동양아트,5348600453,2023,0,0.7124,1,0,FP
범진판넬공업주식회사,5378800233,2022,0,0.0006,0,1,TN
범진판넬공업주식회사,5378800233,2023,0,0.0016,0,1,TN
범진판넬공업주식회사,5378800233,2024,0,0.0273,0,1,TN
가스코주식회사,5418101057,2019,0,0.0013,0,1,TN
가스코주식회사,5418101057,2020,0,0.0009,0,1,TN
가스코주식회사,5418101057,2022,0,0.0002,0,1,TN
가스코주식회사,5418101057,2023,0,0.0009,0,1,TN
가스코주식회사,5418101057,2024,0,0.0005,0,1,TN
주식회사대신,5448601560,2019,0,0.0007,0,1,TN
주식회사대신,5448601560,2020,0,0.0009,0,1,TN
주식회사대신,5448601560,2021,0,0.0008,0,1,TN
주식회사대신,5448601560,2022,0,0.0009,0,1,TN
주식회사대신,5448601560,2023,0,0.0006,0,1,TN
주식회사대신,5448601560,2024,0,0.0011,0,1,TN
(주)부성엠에스,5488101058,2021,0,0.0005,0,1,TN
(주)부성엠에스,5488101058,2022,0,0.0002,0,1,TN
(주)부성엠에스,5488101058,2023,0,1e-04,0,1,TN
(주)부성엠에스,5488101058,2024,0,0.0006,0,1,TN
주식회사인동테크,5508101518,2022,0,0.0016,0,1,TN
주식회사인동테크,5508101518,2023,0,0.0008,0,1,TN
주식회사인동테크,5508101518,2024,0,0.0018,0,1,TN
고려강재장주식회사,5518800812,2017,0,0.0032,0,1,TN
고려강재장주식회사,5518800812,2018,0,0.0028,0,1,TN
고려강재장주식회사,5518800812,2019,0,0.0015,0,1,TN
고려강재장주식회사,5518800812,2020,0,0.0554,1,0,FP
고려강재장주식회사,5518800812,2021,0,0.0058,0,1,TN
고려강재장주식회사,5518800812,2022,0,0.0407,1,0,FP
고려강재장주식회사,5518800812,2023,0,0.0021,0,1,TN
고려강재장주식회사,5518800812,2024,0,0.0011,0,1,TN
(주)코리아디펜스인더스트리,5658801784,2020,0,0.0013,0,1,TN
(주)코리아디펜스인더스트리,5658801784,2021,0,0.0015,0,1,TN
(주)코리아디펜스인더스트리,5658801784,2022,0,0.0005,0,1,TN
(주)코리아디펜스인더스트리,5658801784,2023,0,0.0031,0,1,TN
(주)코리아디펜스인더스트리,5658801784,2024,0,0.0047,0,1,TN
에스와이스틸텍(주),5728700151,2016,0,0.0018,0,1,TN
에스와이스틸텍(주),5728700151,2017,0,0.0021,0,1,TN
에스와이스틸텍(주),5728700151,2018,0,0.0027,0,1,TN
에스와이스틸텍(주),5728700151,2019,0,0.0006,0,1,TN
에스와이스틸텍(주),5728700151,2020,0,0.0334,1,0,FP
에스와이스틸텍(주),5728700151,2021,0,0.0078,0,1,TN
에스와이스틸텍(주),5728700151,2022,0,0.0021,0,1,TN
에스와이스틸텍(주),5728700151,2023,0,0.0006,0,1,TN
에스와이스틸텍(주),5728700151,2024,0,0.0002,0,1,TN
주식회사범주,5738600249,2018,0,0.0011,0,1,TN
주식회사범주,5738600249,2019,0,0.0007,0,1,TN
주식회사범주,5738600249,2020,0,0.0322,1,0,FP
주식회사범주,5738600249,2021,0,0.1353,1,0,FP
주식회사와이지산업,5748100117,2015,0,0.0008,0,1,TN
주식회사와이지산업,5748100117,2016,0,0.0004,0,1,TN
주식회사와이지산업,5748100117,2017,0,0.0771,1,0,FP
주식회사와이지산업,5748100117,2018,0,0.1652,1,0,FP
주식회사와이지산업,5748100117,2019,0,0.0052,0,1,TN
주식회사와이지산업,5748100117,2021,0,0.0018,0,1,TN
주식회사와이지산업,5748100117,2022,0,0.0015,0,1,TN
현대아이에프씨주식회사,5838101686,2020,0,0.003,0,1,TN
현대아이에프씨주식회사,5838101686,2021,0,0.0035,0,1,TN
현대아이에프씨주식회사,5838101686,2022,0,0.0088,0,1,TN
현대아이에프씨주식회사,5838101686,2023,0,0.0014,0,1,TN
현대아이에프씨주식회사,5838101686,2024,0,0.0009,0,1,TN
(주)스틸라이트,5838602055,2022,0,0.0018,0,1,TN
(주)스틸라이트,5838602055,2023,0,0.0188,0,1,TN
(주)스틸라이트,5838602055,2024,0,0.0013,0,1,TN
주식회사진양정밀,5858100742,2017,0,0.0035,0,1,TN
주식회사진양정밀,5858100742,2018,0,0.0035,0,1,TN
주식회사진양정밀,5858100742,2019,0,0.0015,0,1,TN
주식회사진양정밀,5858100742,2020,0,0.0024,0,1,TN
주식회사진양정밀,5858100742,2021,0,0.002,0,1,TN
주식회사진양정밀,5858100742,2022,0,0.2847,1,0,FP
주식회사진양정밀,5858100742,2023,0,0.4752,1,0,FP
주식회사진양정밀,5858100742,2024,0,0.0122,0,1,TN
주식회사유진지오메트,5918600062,2017,0,0.0034,0,1,TN
주식회사유진지오메트,5918600062,2018,0,0.004,0,1,TN
주식회사유진지오메트,5918600062,2019,0,0.0061,0,1,TN
쏠에코주식회사,5968101528,2022,0,0.0086,0,1,TN
쏠에코주식회사,5968101528,2023,0,0.0068,0,1,TN
쏠에코주식회사,5968101528,2024,0,0.3441,1,0,FP
(주)카본엑스리사이클링(김천공장),5978500684,2022,0,0.0007,0,1,TN
(주)카본엑스리사이클링(김천공장),5978500684,2023,0,0.0002,0,1,TN
(주)카본엑스리사이클링(김천공장),5978500684,2024,0,0.0405,1,0,FP
조선선재온산주식회사,5998800774,2017,0,0.0049,0,1,TN
조선선재온산주식회사,5998800774,2018,0,0.0016,0,1,TN
조선선재온산주식회사,5998800774,2019,0,0.0005,0,1,TN
조선선재온산주식회사,5998800774,2020,0,0.0007,0,1,TN
조선선재온산주식회사,5998800774,2021,0,0.0004,0,1,TN
조선선재온산주식회사,5998800774,2022,0,0.0008,0,1,TN
조선선재온산주식회사,5998800774,2023,0,0.0008,0,1,TN
조선선재온산주식회사,5998800774,2024,0,0.0006,0,1,TN
주식회사선진종합,6018131019,2014,0,0.0003,0,1,TN
주식회사선진종합,6018131019,2015,0,1e-04,0,1,TN
주식회사선진종합,6018131019,2016,0,1e-04,0,1,TN
주식회사선진종합,6018131019,2017,0,0.0008,0,1,TN
주식회사선진종합,6018131019,2018,0,0.0016,0,1,TN
주식회사선진종합,6018131019,2019,0,0.0004,0,1,TN
주식회사선진종합,6018131019,2020,0,0.0006,0,1,TN
주식회사선진종합,6018131019,2022,0,0.0005,0,1,TN
주식회사선진종합,6018131019,2023,0,0.0008,0,1,TN
주식회사선진종합,6018131019,2024,0,0.0003,0,1,TN
(주)에트마,6028120607,2021,0,0.0003,0,1,TN
(주)에트마,6028120607,2022,0,0.0002,0,1,TN
(주)에트마,6028120607,2023,0,0.0002,0,1,TN
(주)에트마,6028120607,2024,0,0.0003,0,1,TN
(주)동진크로텍,6028129869,2014,0,0.5074,1,0,FP
(주)동진크로텍,6028129869,2015,1,0.8836,1,1,TP
유진선박의장(주),6028141198,2014,0,0.0066,0,1,TN
유진선박의장(주),6028141198,2018,0,0.0578,1,0,FP
유진선박의장(주),6028141198,2019,0,0.0431,1,0,FP
주식회사대양하이테크,6028167655,2018,0,0.0002,0,1,TN
주식회사대양하이테크,6028167655,2019,0,0.0007,0,1,TN
주식회사대양하이테크,6028167655,2020,0,0.005,0,1,TN
주식회사대양하이테크,6028167655,2021,0,0.0003,0,1,TN
주식회사대양하이테크,6028167655,2022,0,0.0009,0,1,TN
주식회사대양하이테크,6028167655,2023,0,0.0078,0,1,TN
주식회사대양하이테크,6028167655,2024,0,0.0049,0,1,TN
(주)엔케이,6038106888,2014,0,0.0045,0,1,TN
(주)엔케이,6038106888,2015,0,0.1102,1,0,FP
(주)엔케이,6038106888,2016,0,0.0738,1,0,FP
(주)엔케이,6038106888,2017,1,0.8021,1,1,TP
서한공업(주),6038107591,2014,0,0.0002,0,1,TN
서한공업(주),6038107591,2015,0,0.0263,0,1,TN
서한공업(주),6038107591,2016,0,0.0242,0,1,TN
서한공업(주),6038107591,2017,0,0.0009,0,1,TN
서한공업(주),6038107591,2018,0,0.0206,0,1,TN
서한공업(주),6038107591,2019,0,0.0025,0,1,TN
서한공업(주),6038107591,2020,0,0.001,0,1,TN
서한공업(주),6038107591,2021,0,0.147,1,0,FP
서한공업(주),6038107591,2022,0,0.0699,1,0,FP
서한공업(주),6038107591,2023,1,0.0665,1,1,TP
로카디주식회사,6038107612,2017,0,0.0034,0,1,TN
로카디주식회사,6038107612,2018,0,0.0081,0,1,TN
로카디주식회사,6038107612,2019,0,0.0018,0,1,TN
로카디주식회사,6038107612,2020,0,0.0042,0,1,TN
로카디주식회사,6038107612,2021,0,0.0048,0,1,TN
로카디주식회사,6038107612,2022,0,0.023,0,1,TN
로카디주식회사,6038107612,2023,0,0.0105,0,1,TN
로카디주식회사,6038107612,2024,0,0.0005,0,1,TN
(주)대창솔루션,6038114879,2014,1,0.387,1,1,TP
(주)태웅,6038116009,2014,0,0.0011,0,1,TN
(주)태웅,6038116009,2015,0,0.0068,0,1,TN
(주)태웅,6038116009,2016,0,0.0017,0,1,TN
(주)태웅,6038116009,2017,0,0.047,1,0,FP
(주)태웅,6038116009,2018,0,0.0678,1,0,FP
(주)태웅,6038116009,2019,1,0.859,1,1,TP
동은단조(주),6038118711,2014,0,0.0003,0,1,TN
동은단조(주),6038118711,2015,0,0.0003,0,1,TN
동은단조(주),6038118711,2016,0,0.0002,0,1,TN
동은단조(주),6038118711,2017,0,0.0003,0,1,TN
동은단조(주),6038118711,2018,0,0.0003,0,1,TN
동은단조(주),6038118711,2019,0,0.0005,0,1,TN
동은단조(주),6038118711,2020,0,0.0017,0,1,TN
동은단조(주),6038118711,2021,0,0.0015,0,1,TN
동은단조(주),6038118711,2022,0,0.0019,0,1,TN
동은단조(주),6038118711,2023,0,0.0055,0,1,TN
동은단조(주),6038118711,2024,0,0.0167,0,1,TN
신영기계공업주식회사,6038119253,2014,0,0.0003,0,1,TN
신영기계공업주식회사,6038119253,2015,0,0.0004,0,1,TN
신영기계공업주식회사,6038119253,2016,0,0.0003,0,1,TN
신영기계공업주식회사,6038119253,2017,0,0.0036,0,1,TN
신영기계공업주식회사,6038119253,2018,0,0.0175,0,1,TN
신영기계공업주식회사,6038119253,2019,1,0.5624,1,1,TP
(주)화신볼트산업,6038120158,2014,0,0.0004,0,1,TN
(주)화신볼트산업,6038120158,2015,0,1e-04,0,1,TN
(주)화신볼트산업,6038120158,2016,0,1e-04,0,1,TN
(주)화신볼트산업,6038120158,2017,0,0.004,0,1,TN
(주)화신볼트산업,6038120158,2018,0,0.0003,0,1,TN
(주)화신볼트산업,6038120158,2019,0,0.0057,0,1,TN
(주)화신볼트산업,6038120158,2020,0,0.0113,0,1,TN
(주)화신볼트산업,6038120158,2021,0,0.0102,0,1,TN
(주)화신볼트산업,6038120158,2022,0,0.0924,1,0,FP
(주)화신볼트산업,6038120158,2023,0,0.0013,0,1,TN
(주)화신볼트산업,6038120158,2024,0,0.0003,0,1,TN
(주)대아선재,6038120274,2014,0,1e-04,0,1,TN
(주)대아선재,6038120274,2015,0,1e-04,0,1,TN
(주)대아선재,6038120274,2016,0,1e-04,0,1,TN
(주)대아선재,6038120274,2017,0,0.0002,0,1,TN
(주)대아선재,6038120274,2018,0,0.0007,0,1,TN
(주)대아선재,6038120274,2019,0,0.0057,0,1,TN
(주)대아선재,6038120274,2020,0,0.0011,0,1,TN
(주)대아선재,6038120274,2021,0,1e-04,0,1,TN
(주)대아선재,6038120274,2022,0,0.022,0,1,TN
(주)대아선재,6038120274,2023,0,0.0588,1,0,FP
(주)대아선재,6038120274,2024,1,0.1216,1,1,TP
(주)국제금속,6038127132,2014,0,0.0885,1,0,FP
(주)국제금속,6038127132,2015,1,0.6111,1,1,TP
동양알피에프산업(주),6038128602,2014,0,0.2684,1,0,FP
동양알피에프산업(주),6038128602,2015,1,0.4425,1,1,TP
(주)쌍용선재,6038130753,2014,0,0.0913,1,0,FP
(주)쌍용선재,6038130753,2015,1,0.6471,1,1,TP
(주)써테크,6038131785,2017,0,0.0005,0,1,TN
(주)써테크,6038131785,2018,0,1e-04,0,1,TN
(주)써테크,6038131785,2019,0,0.0013,0,1,TN
(주)써테크,6038131785,2020,0,0.0017,0,1,TN
(주)써테크,6038131785,2021,0,0.0076,0,1,TN
(주)써테크,6038131785,2022,0,0.0092,0,1,TN
(주)써테크,6038131785,2023,0,0.0086,0,1,TN
(주)써테크,6038131785,2024,0,0.0099,0,1,TN
풍원공업주식회사,6038132576,2014,0,0.0061,0,1,TN
풍원공업주식회사,6038132576,2015,0,0.0771,1,0,FP
풍원공업주식회사,6038132576,2016,0,0.0061,0,1,TN
풍원공업주식회사,6038132576,2017,0,0.0029,0,1,TN
풍원공업주식회사,6038132576,2018,0,0.0116,0,1,TN
풍원공업주식회사,6038132576,2019,0,0.0151,0,1,TN
풍원공업주식회사,6038132576,2020,0,0.0696,1,0,FP
풍원공업주식회사,6038132576,2021,0,0.0016,0,1,TN
풍원공업주식회사,6038132576,2022,0,0.0025,0,1,TN
풍원공업주식회사,6038132576,2023,0,0.0034,0,1,TN
풍원공업주식회사,6038132576,2024,0,0.0285,0,1,TN
대유철강주식회사,6038132601,2014,0,0.0028,0,1,TN
대유철강주식회사,6038132601,2015,0,0.0011,0,1,TN
대유철강주식회사,6038132601,2016,0,0.0035,0,1,TN
대유철강주식회사,6038132601,2017,0,0.0108,0,1,TN
대유철강주식회사,6038132601,2018,0,0.0321,1,0,FP
주식회사삼진화스너,6038133202,2014,0,0.0006,0,1,TN
주식회사삼진화스너,6038133202,2015,0,0.0015,0,1,TN
주식회사삼진화스너,6038133202,2016,0,0.001,0,1,TN
주식회사삼진화스너,6038133202,2017,0,0.0018,0,1,TN
주식회사삼진화스너,6038133202,2018,0,0.0135,0,1,TN
주식회사삼진화스너,6038133202,2019,0,0.0137,0,1,TN
주식회사삼진화스너,6038133202,2020,1,0.3398,1,1,TP
은광산업(주),6038133987,2014,0,0.0654,1,0,FP
은광산업(주),6038133987,2015,0,0.0035,0,1,TN
은광산업(주),6038133987,2016,0,0.0022,0,1,TN
은광산업(주),6038133987,2017,0,0.0778,1,0,FP
은광산업(주),6038133987,2018,0,0.1775,1,0,FP
은광산업(주),6038133987,2019,1,0.6919,1,1,TP
주식회사부성후렌지,6038135438,2014,0,0.0019,0,1,TN
주식회사부성후렌지,6038135438,2015,0,0.0006,0,1,TN
주식회사부성후렌지,6038135438,2016,0,0.001,0,1,TN
주식회사부성후렌지,6038135438,2017,0,0.014,0,1,TN
주식회사부성후렌지,6038135438,2018,0,0.0045,0,1,TN
주식회사부성후렌지,6038135438,2019,0,0.0073,0,1,TN
주식회사부성후렌지,6038135438,2020,0,0.0757,1,0,FP
주식회사부성후렌지,6038135438,2021,1,0.5407,1,1,TP
(주)기하정밀,6038140038,2016,0,0.0086,0,1,TN
(주)기하정밀,6038140038,2017,0,0.0018,0,1,TN
(주)기하정밀,6038140038,2018,0,0.0461,1,0,FP
(주)기하정밀,6038140038,2019,0,0.0619,1,0,FP
주식회사회림철강,6038140950,2014,0,0.0141,0,1,TN
주식회사회림철강,6038140950,2015,1,0.7626,1,1,TP
주식회사앤써,6038148549,2014,0,0.0009,0,1,TN
주식회사앤써,6038148549,2015,0,0.0002,0,1,TN
주식회사앤써,6038148549,2016,0,0.049,1,0,FP
주식회사앤써,6038148549,2017,0,0.0525,1,0,FP
주식회사앤써,6038148549,2018,0,0.0048,0,1,TN
주식회사앤써,6038148549,2019,0,0.0006,0,1,TN
주식회사앤써,6038148549,2020,0,0.0073,0,1,TN
주식회사앤써,6038148549,2021,0,0.0202,0,1,TN
주식회사앤써,6038148549,2022,0,0.2238,1,0,FP
주식회사앤써,6038148549,2023,0,0.0461,1,0,FP
주식회사앤써,6038148549,2024,0,0.1268,1,0,FP
(주)일진이플러스,6038149193,2014,0,0.0005,0,1,TN
(주)일진이플러스,6038149193,2015,0,0.0494,1,0,FP
(주)일진이플러스,6038149193,2016,0,0.0011,0,1,TN
(주)일진이플러스,6038149193,2017,0,0.0021,0,1,TN
(주)일진이플러스,6038149193,2018,0,0.0024,0,1,TN
(주)일진이플러스,6038149193,2019,0,0.0007,0,1,TN
(주)일진이플러스,6038149193,2020,0,0.0129,0,1,TN
(주)일진이플러스,6038149193,2021,0,0.0051,0,1,TN
(주)일진이플러스,6038149193,2022,0,0.004,0,1,TN
(주)일진이플러스,6038149193,2023,0,0.0022,0,1,TN
(주)일진이플러스,6038149193,2024,0,0.001,0,1,TN
(주)호산기업,6038154624,2015,0,0.0018,0,1,TN
(주)호산기업,6038154624,2016,0,0.0002,0,1,TN
(주)호산기업,6038154624,2017,0,1e-04,0,1,TN
(주)호산기업,6038154624,2018,0,0.0079,0,1,TN
(주)호산기업,6038154624,2019,0,0.0237,0,1,TN
(주)창원플랜트,6038160053,2014,0,0.1066,1,0,FP
(주)창원플랜트,6038160053,2015,1,0.8987,1,1,TP
(주)경원화학,6038168093,2014,0,0.0088,0,1,TN
(주)경원화학,6038168093,2015,0,0.0086,0,1,TN
(주)경원화학,6038168093,2016,0,0.0008,0,1,TN
(주)경원화학,6038168093,2017,0,0.0011,0,1,TN
(주)경원화학,6038168093,2018,0,0.0306,1,0,FP
(주)경원화학,6038168093,2019,0,0.0022,0,1,TN
(주)경원화학,6038168093,2020,0,0.0274,0,1,TN
(주)경원화학,6038168093,2021,0,0.0823,1,0,FP
(주)경원화학,6038168093,2022,1,0.0676,1,1,TP
(주)창원텍,6038169132,2014,0,0.008,0,1,TN
(주)창원텍,6038169132,2015,0,0.001,0,1,TN
(주)창원텍,6038169132,2016,0,0.0145,0,1,TN
주식회사효성씨오티,6038171579,2022,0,0.0036,0,1,TN
주식회사효성씨오티,6038171579,2023,0,0.0016,0,1,TN
주식회사효성씨오티,6038171579,2024,0,0.0128,0,1,TN
동아플레이팅(주),6038172879,2021,0,0.0017,0,1,TN
동아플레이팅(주),6038172879,2022,0,0.0624,1,0,FP
동아플레이팅(주),6038172879,2023,1,0.8656,1,1,TP
엠티코리아(주),6038177011,2015,0,0.0011,0,1,TN
엠티코리아(주),6038177011,2016,0,0.0176,0,1,TN
엠티코리아(주),6038177011,2017,0,0.0184,0,1,TN
엠티코리아(주),6038177011,2018,1,0.692,1,1,TP
한선엔지니어링(주),6038179945,2014,0,0.0264,0,1,TN
한선엔지니어링(주),6038179945,2015,1,0.8727,1,1,TP
태영종합열처리(주),6038180802,2017,0,0.0014,0,1,TN
태영종합열처리(주),6038180802,2018,0,0.0018,0,1,TN
태영종합열처리(주),6038180802,2019,0,0.0023,0,1,TN
주식회사제천,6038180840,2015,0,0.0009,0,1,TN
주식회사제천,6038180840,2016,0,0.0009,0,1,TN
주식회사제천,6038180840,2017,0,0.0123,0,1,TN
(주)선화금속,6038180855,2016,0,0.0034,0,1,TN
(주)선화금속,6038180855,2017,0,0.2379,1,0,FP
(주)선화금속,6038180855,2018,1,0.977,1,1,TP
주식회사신승,6048600499,2021,0,0.0008,0,1,TN
주식회사신승,6048600499,2022,0,0.0419,1,0,FP
주식회사신승,6048600499,2023,1,0.047,1,1,TP
한일스틸(주),6068103522,2014,1,0.3261,1,1,TP
키스웰홀딩스주식회사,6068103615,2014,0,0.0104,0,1,TN
키스웰홀딩스주식회사,6068103615,2015,0,0.0005,0,1,TN
키스웰홀딩스주식회사,6068103615,2016,0,0.0006,0,1,TN
키스웰홀딩스주식회사,6068103615,2017,0,0.0092,0,1,TN
키스웰홀딩스주식회사,6068103615,2018,0,0.0062,0,1,TN
키스웰홀딩스주식회사,6068103615,2019,0,0.0011,0,1,TN
키스웰홀딩스주식회사,6068103615,2020,0,0.0003,0,1,TN
키스웰홀딩스주식회사,6068103615,2021,0,0.0032,0,1,TN
키스웰홀딩스주식회사,6068103615,2022,0,0.003,0,1,TN
키스웰홀딩스주식회사,6068103615,2023,0,0.0006,0,1,TN
키스웰홀딩스주식회사,6068103615,2024,0,0.0012,0,1,TN
동양제관(주),6068104991,2014,0,0.0008,0,1,TN
동양제관(주),6068104991,2015,0,0.0003,0,1,TN
동양제관(주),6068104991,2016,0,1e-04,0,1,TN
동양제관(주),6068104991,2017,0,0.0002,0,1,TN
동양제관(주),6068104991,2018,0,0.0003,0,1,TN
동양제관(주),6068104991,2019,0,0.0004,0,1,TN
동양제관(주),6068104991,2020,0,0.0004,0,1,TN
동양제관(주),6068104991,2021,0,0.0013,0,1,TN
동양제관(주),6068104991,2022,0,0.0009,0,1,TN
동양제관(주),6068104991,2023,0,0.0003,0,1,TN
동양제관(주),6068104991,2024,0,0.0004,0,1,TN
주식회사썬테크,6068105423,2014,1,0.3718,1,1,TP
(주)MS이엔지,6068107339,2014,0,0.0057,0,1,TN
(주)MS이엔지,6068107339,2015,0,0.0224,0,1,TN
(주)MS이엔지,6068107339,2016,0,0.0043,0,1,TN
(주)MS이엔지,6068107339,2017,0,0.0691,1,0,FP
(주)MS이엔지,6068107339,2018,0,0.0032,0,1,TN
(주)MS이엔지,6068107339,2019,0,0.0008,0,1,TN
(주)MS이엔지,6068107339,2020,0,0.0143,0,1,TN
(주)MS이엔지,6068107339,2021,0,0.0017,0,1,TN
(주)MS이엔지,6068107339,2022,0,0.0335,1,0,FP
(주)MS이엔지,6068107339,2023,0,0.0111,0,1,TN
(주)MS이엔지,6068107339,2024,0,0.0206,0,1,TN
(주)디프로매트,6068107362,2014,0,0.0003,0,1,TN
(주)디프로매트,6068107362,2016,0,0.0002,0,1,TN
(주)디프로매트,6068107362,2017,0,1e-04,0,1,TN
(주)디프로매트,6068107362,2018,0,1e-04,0,1,TN
(주)디프로매트,6068107362,2019,0,1e-04,0,1,TN
(주)디프로매트,6068107362,2020,0,0.0003,0,1,TN
(주)디프로매트,6068107362,2021,0,1e-04,0,1,TN
(주)디프로매트,6068107362,2022,0,0.0002,0,1,TN
(주)디프로매트,6068107362,2023,0,0.0005,0,1,TN
(주)디프로매트,6068107362,2024,0,0.0004,0,1,TN
세명전기공업(주),6068108323,2014,0,0.0002,0,1,TN
세명전기공업(주),6068108323,2015,0,0.0008,0,1,TN
세명전기공업(주),6068108323,2016,0,1e-04,0,1,TN
세명전기공업(주),6068108323,2017,0,1e-04,0,1,TN
세명전기공업(주),6068108323,2018,0,1e-04,0,1,TN
세명전기공업(주),6068108323,2019,0,1e-04,0,1,TN
세명전기공업(주),6068108323,2020,0,0.0022,0,1,TN
세명전기공업(주),6068108323,2021,0,1e-04,0,1,TN
세명전기공업(주),6068108323,2022,0,0.0024,0,1,TN
세명전기공업(주),6068108323,2023,0,0.0014,0,1,TN
세명전기공업(주),6068108323,2024,0,0.0004,0,1,TN
(주)동일금속코일센터,6068116764,2014,0,0.0031,0,1,TN
(주)동일금속코일센터,6068116764,2015,0,0.011,0,1,TN
(주)동일금속코일센터,6068116764,2016,0,0.0157,0,1,TN
(주)동일금속코일센터,6068116764,2017,1,0.3704,1,1,TP
동해공영,6068116880,2015,0,0.0003,0,1,TN
동해공영,6068116880,2016,0,0.0003,0,1,TN
동해공영,6068116880,2017,0,0.0006,0,1,TN
동해공영,6068116880,2018,0,0.0003,0,1,TN
동해공영,6068116880,2019,0,0.0003,0,1,TN
동해공영,6068116880,2020,0,0.0024,0,1,TN
동해공영,6068116880,2021,0,0.024,0,1,TN
동해공영,6068116880,2022,0,0.0043,0,1,TN
동해공영,6068116880,2023,0,0.0896,1,0,FP
동해공영,6068116880,2024,0,0.0051,0,1,TN
주식회사중산기업,6068117521,2014,0,0.0021,0,1,TN
주식회사중산기업,6068117521,2015,0,0.0002,0,1,TN
주식회사중산기업,6068117521,2016,0,0.0019,0,1,TN
주식회사중산기업,6068117521,2017,0,0.0005,0,1,TN
주식회사중산기업,6068117521,2018,0,0.0004,0,1,TN
주식회사중산기업,6068117521,2019,0,0.0002,0,1,TN
주식회사중산기업,6068117521,2020,0,0.0005,0,1,TN
주식회사중산기업,6068117521,2021,0,0.0003,0,1,TN
주식회사중산기업,6068117521,2022,0,0.0004,0,1,TN
주식회사중산기업,6068117521,2023,0,0.0003,0,1,TN
주식회사중산기업,6068117521,2024,0,0.0003,0,1,TN
대성공업주식회사,6068119999,2014,0,0.0002,0,1,TN
대성공업주식회사,6068119999,2015,0,0.0002,0,1,TN
대성공업주식회사,6068119999,2016,0,1e-04,0,1,TN
대성공업주식회사,6068119999,2017,0,1e-04,0,1,TN
대성공업주식회사,6068119999,2018,0,1e-04,0,1,TN
대성공업주식회사,6068119999,2019,0,1e-04,0,1,TN
대성공업주식회사,6068119999,2020,0,0.0008,0,1,TN
대성공업주식회사,6068119999,2021,0,0.0579,1,0,FP
대성공업주식회사,6068119999,2022,0,0.0008,0,1,TN
대성공업주식회사,6068119999,2023,0,0.0004,0,1,TN
대성공업주식회사,6068119999,2024,0,0.0379,1,0,FP
(주)두영산기,6068123101,2014,0,0.0015,0,1,TN
(주)두영산기,6068123101,2015,0,0.0117,0,1,TN
(주)두영산기,6068123101,2016,0,0.0102,0,1,TN
(주)두영산기,6068123101,2017,0,0.0399,1,0,FP
(주)두영산기,6068123101,2018,0,0.0022,0,1,TN
(주)두영산기,6068123101,2019,0,0.0116,0,1,TN
(주)두영산기,6068123101,2020,0,0.0823,1,0,FP
(주)두영산기,6068123101,2021,0,0.3615,1,0,FP
(주)두영산기,6068123101,2022,1,0.0347,1,1,TP
(주)석진이엔티,6068123606,2014,0,0.0014,0,1,TN
(주)석진이엔티,6068123606,2015,0,0.0061,0,1,TN
(주)석진이엔티,6068123606,2016,0,0.061,1,0,FP
(주)석진이엔티,6068123606,2017,0,0.2537,1,0,FP
(주)석진이엔티,6068123606,2018,0,0.0643,1,0,FP
(주)석진이엔티,6068123606,2019,0,0.0318,1,0,FP
(주)석진이엔티,6068123606,2020,0,0.1261,1,0,FP
(주)석진이엔티,6068123606,2021,1,0.7635,1,1,TP
동경철강(주),6068124380,2014,0,0.0005,0,1,TN
동경철강(주),6068124380,2015,0,0.0004,0,1,TN
동경철강(주),6068124380,2016,0,0.0003,0,1,TN
동경철강(주),6068124380,2017,0,0.0211,0,1,TN
동경철강(주),6068124380,2018,0,0.0015,0,1,TN
동경철강(주),6068124380,2019,0,0.0009,0,1,TN
동경철강(주),6068124380,2020,0,0.0011,0,1,TN
동경철강(주),6068124380,2021,0,0.0018,0,1,TN
동경철강(주),6068124380,2022,0,0.0017,0,1,TN
동경철강(주),6068124380,2023,0,0.0011,0,1,TN
동경철강(주),6068124380,2024,0,0.0038,0,1,TN
주식회사대림기공,6068124755,2022,0,0.0006,0,1,TN
주식회사대림기공,6068124755,2023,0,0.0006,0,1,TN
주식회사대림기공,6068124755,2024,0,0.0015,0,1,TN
주식회사원프렌지,6068125360,2014,0,0.0058,0,1,TN
주식회사원프렌지,6068125360,2015,0,0.0043,0,1,TN
주식회사원프렌지,6068125360,2016,0,0.0038,0,1,TN
주식회사원프렌지,6068125360,2017,0,0.0793,1,0,FP
주식회사원프렌지,6068125360,2018,0,0.0022,0,1,TN
주식회사원프렌지,6068125360,2019,0,0.0071,0,1,TN
주식회사원프렌지,6068125360,2020,0,0.0082,0,1,TN
주식회사원프렌지,6068125360,2021,0,0.0043,0,1,TN
주식회사원프렌지,6068125360,2022,0,0.0028,0,1,TN
주식회사원프렌지,6068125360,2023,0,0.0188,0,1,TN
주식회사원프렌지,6068125360,2024,0,0.2147,1,0,FP
(주)정광기업,6068126210,2014,0,0.0018,0,1,TN
(주)정광기업,6068126210,2015,0,0.0071,0,1,TN
(주)정광기업,6068126210,2016,0,0.007,0,1,TN
(주)정광기업,6068126210,2017,0,0.0081,0,1,TN
(주)정광기업,6068126210,2018,0,0.0074,0,1,TN
(주)정광기업,6068126210,2019,0,0.0178,0,1,TN
(주)정광기업,6068126210,2020,0,0.0094,0,1,TN
(주)정광기업,6068126210,2021,0,0.0015,0,1,TN
(주)정광기업,6068126210,2022,0,0.0163,0,1,TN
(주)정광기업,6068126210,2023,0,0.1765,1,0,FP
(주)정광기업,6068126210,2024,0,0.013,0,1,TN
대창강건(주),6068126239,2014,0,0.0003,0,1,TN
대창강건(주),6068126239,2015,0,0.0003,0,1,TN
대창강건(주),6068126239,2016,0,1e-04,0,1,TN
대창강건(주),6068126239,2017,0,0.0004,0,1,TN
대창강건(주),6068126239,2018,0,0.0008,0,1,TN
대창강건(주),6068126239,2019,0,0.0157,0,1,TN
대창강건(주),6068126239,2020,0,0.0024,0,1,TN
대창강건(주),6068126239,2021,0,0.0013,0,1,TN
대창강건(주),6068126239,2022,0,0.0008,0,1,TN
대창강건(주),6068126239,2023,0,0.0015,0,1,TN
대창강건(주),6068126239,2024,0,0.001,0,1,TN
(주)유성정밀,6068126694,2014,0,0.0008,0,1,TN
(주)유성정밀,6068126694,2015,0,0.0119,0,1,TN
(주)유성정밀,6068126694,2016,0,0.0734,1,0,FP
(주)유성정밀,6068126694,2017,1,0.6836,1,1,TP
(주)동양테크윈,6068128353,2014,0,0.0258,0,1,TN
(주)동양테크윈,6068128353,2015,0,0.0062,0,1,TN
(주)동양테크윈,6068128353,2016,0,0.0027,0,1,TN
(주)동양테크윈,6068128353,2017,0,0.0169,0,1,TN
(주)동양테크윈,6068128353,2018,0,0.0136,0,1,TN
(주)동양테크윈,6068128353,2019,1,0.7812,1,1,TP
율산철강주식회사,6068128367,2014,0,0.0008,0,1,TN
율산철강주식회사,6068128367,2015,0,0.0849,1,0,FP
통일보일러(주),6068130335,2014,0,0.0002,0,1,TN
통일보일러(주),6068130335,2015,0,0.0005,0,1,TN
통일보일러(주),6068130335,2016,0,0.0245,0,1,TN
통일보일러(주),6068130335,2017,0,0.0386,1,0,FP
통일보일러(주),6068130335,2018,0,0.0815,1,0,FP
통일보일러(주),6068130335,2019,0,0.0307,1,0,FP
통일보일러(주),6068130335,2023,0,0.1217,1,0,FP
통일보일러(주),6068130335,2024,0,0.0906,1,0,FP
동은산업(주),6068133706,2017,0,0.0081,0,1,TN
동은산업(주),6068133706,2018,0,0.0126,0,1,TN
동은산업(주),6068133706,2019,0,0.0141,0,1,TN
동은산업(주),6068133706,2020,0,0.0062,0,1,TN
동은산업(주),6068133706,2021,0,0.0002,0,1,TN
동은산업(주),6068133706,2022,0,0.0021,0,1,TN
동은산업(주),6068133706,2023,0,0.002,0,1,TN
동은산업(주),6068133706,2024,0,0.0103,0,1,TN
(주)부산인텍부산금망,6068137435,2014,0,0.0005,0,1,TN
(주)부산인텍부산금망,6068137435,2015,0,0.0003,0,1,TN
(주)부산인텍부산금망,6068137435,2016,0,1e-04,0,1,TN
(주)부산인텍부산금망,6068137435,2017,0,0.0002,0,1,TN
(주)부산인텍부산금망,6068137435,2018,0,0.0004,0,1,TN
(주)부산인텍부산금망,6068137435,2019,0,0.0003,0,1,TN
(주)부산인텍부산금망,6068137435,2020,0,0.0007,0,1,TN
(주)부산인텍부산금망,6068137435,2021,0,0.0107,0,1,TN
주식회사대하강업,6068144203,2015,0,0.0148,0,1,TN
주식회사대하강업,6068144203,2016,1,0.3127,1,1,TP
주식회사비와이티,6068148999,2014,0,0.0934,1,0,FP
씨에스메탈주식회사,6068151723,2014,0,0.0004,0,1,TN
씨에스메탈주식회사,6068151723,2015,0,0.0003,0,1,TN
씨에스메탈주식회사,6068151723,2016,0,0.0004,0,1,TN
씨에스메탈주식회사,6068151723,2017,0,0.0325,1,0,FP
씨에스메탈주식회사,6068151723,2018,0,0.0009,0,1,TN
씨에스메탈주식회사,6068151723,2019,0,0.0353,1,0,FP
씨에스메탈주식회사,6068151723,2020,0,0.0576,1,0,FP
씨에스메탈주식회사,6068151723,2021,0,0.0003,0,1,TN
씨에스메탈주식회사,6068151723,2022,0,0.0014,0,1,TN
씨에스메탈주식회사,6068151723,2023,0,0.0203,0,1,TN
씨에스메탈주식회사,6068151723,2024,0,0.1342,1,0,FP
대양에스피주식회사,6068154128,2014,0,0.0243,0,1,TN
대양에스피주식회사,6068154128,2015,1,0.6479,1,1,TP
거양공업주식회사,6068156145,2014,0,0.0011,0,1,TN
거양공업주식회사,6068156145,2015,0,0.0017,0,1,TN
거양공업주식회사,6068156145,2016,0,0.0242,0,1,TN
거양공업주식회사,6068156145,2017,0,0.0346,1,0,FP
거양공업주식회사,6068156145,2018,0,0.003,0,1,TN
거양공업주식회사,6068156145,2019,0,0.0245,0,1,TN
거양공업주식회사,6068156145,2020,0,0.0248,0,1,TN
거양공업주식회사,6068156145,2021,0,0.0227,0,1,TN
거양공업주식회사,6068156145,2022,0,0.1374,1,0,FP
거양공업주식회사,6068156145,2023,1,0.0771,1,1,TP
대원중공업주식회사,6068157125,2014,0,0.3387,1,0,FP
대원중공업주식회사,6068157125,2015,0,0.0009,0,1,TN
대원중공업주식회사,6068157125,2016,0,0.0011,0,1,TN
대원중공업주식회사,6068157125,2017,0,0.0066,0,1,TN
대원중공업주식회사,6068157125,2018,0,0.0021,0,1,TN
대원중공업주식회사,6068157125,2019,0,0.0048,0,1,TN
대원중공업주식회사,6068157125,2020,0,0.0041,0,1,TN
희원금속,6068157595,2014,0,0.021,0,1,TN
희원금속,6068157595,2015,0,0.0116,0,1,TN
희원금속,6068157595,2016,0,0.0966,1,0,FP
희원금속,6068157595,2017,0,0.0452,1,0,FP
희원금속,6068157595,2018,0,0.0048,0,1,TN
희원금속,6068157595,2019,0,0.0064,0,1,TN
희원금속,6068157595,2020,0,0.002,0,1,TN
희원금속,6068157595,2021,0,0.0946,1,0,FP
희원금속,6068157595,2022,0,0.0032,0,1,TN
희원금속,6068157595,2023,0,0.0161,0,1,TN
희원금속,6068157595,2024,0,0.0072,0,1,TN
주식회사부국정밀,6068158240,2014,0,0.0002,0,1,TN
주식회사부국정밀,6068158240,2015,0,0.0003,0,1,TN
주식회사부국정밀,6068158240,2016,0,0.0008,0,1,TN
주식회사부국정밀,6068158240,2017,0,0.0007,0,1,TN
주식회사부국정밀,6068158240,2018,0,0.0006,0,1,TN
주식회사부국정밀,6068158240,2019,0,0.0002,0,1,TN
주식회사부국정밀,6068158240,2020,0,0.0018,0,1,TN
주식회사부국정밀,6068158240,2021,0,0.0004,0,1,TN
주식회사부국정밀,6068158240,2022,0,0.0111,0,1,TN
주식회사부국정밀,6068158240,2023,0,0.1335,1,0,FP
주식회사부국정밀,6068158240,2024,1,0.1183,1,1,TP
(주)풍국에스아이,6068158589,2014,0,1e-04,0,1,TN
(주)풍국에스아이,6068158589,2015,0,1e-04,0,1,TN
(주)풍국에스아이,6068158589,2016,0,0.0053,0,1,TN
(주)풍국에스아이,6068158589,2017,0,0.0125,0,1,TN
(주)풍국에스아이,6068158589,2018,0,0.0026,0,1,TN
(주)풍국에스아이,6068158589,2023,0,0.0013,0,1,TN
(주)풍국에스아이,6068158589,2024,0,0.0007,0,1,TN
(주)창원엔지니어링,6068158750,2014,0,0.001,0,1,TN
(주)창원엔지니어링,6068158750,2015,0,0.0007,0,1,TN
(주)창원엔지니어링,6068158750,2016,0,0.0158,0,1,TN
(주)창원엔지니어링,6068158750,2017,0,0.0919,1,0,FP
(주)창원엔지니어링,6068158750,2018,1,0.908,1,1,TP
(주)진우텍,6068159536,2015,0,0.0008,0,1,TN
(주)진우텍,6068159536,2016,0,0.0004,0,1,TN
(주)진우텍,6068159536,2017,0,0.0016,0,1,TN
(주)진우텍,6068159536,2018,0,0.0503,1,0,FP
(주)진우텍,6068159536,2019,0,0.0391,1,0,FP
(주)덕우,6068162671,2014,0,0.0256,0,1,TN
(주)덕우,6068162671,2015,1,0.4911,1,1,TP
대진단조(주),6068162706,2014,0,0.0025,0,1,TN
대진단조(주),6068162706,2015,0,0.0011,0,1,TN
대진단조(주),6068162706,2016,0,0.0151,0,1,TN
대진단조(주),6068162706,2017,0,0.0012,0,1,TN
대진단조(주),6068162706,2018,0,0.0111,0,1,TN
대진단조(주),6068162706,2019,0,0.0018,0,1,TN
대진단조(주),6068162706,2020,0,0.0113,0,1,TN
대진단조(주),6068162706,2021,0,0.003,0,1,TN
대진단조(주),6068162706,2022,0,0.0023,0,1,TN
대진단조(주),6068162706,2023,0,0.0436,1,0,FP
대진단조(주),6068162706,2024,0,0.0037,0,1,TN
한국웰드몰드(주),6068163495,2014,0,0.0018,0,1,TN
한국웰드몰드(주),6068163495,2018,0,0.0064,0,1,TN
한국웰드몰드(주),6068163495,2019,0,0.0695,1,0,FP
한국웰드몰드(주),6068163495,2020,1,0.6425,1,1,TP
주식회사에스제이기업,6068167507,2014,0,0.0004,0,1,TN
주식회사에스제이기업,6068167507,2015,0,0.0019,0,1,TN
주식회사에스제이기업,6068167507,2016,0,0.0034,0,1,TN
주식회사에스제이기업,6068167507,2017,0,0.0068,0,1,TN
주식회사에스제이기업,6068167507,2018,0,0.0045,0,1,TN
건웅테크주식회사,6068168883,2022,0,0.0007,0,1,TN
건웅테크주식회사,6068168883,2023,0,0.0003,0,1,TN
건웅테크주식회사,6068168883,2024,0,0.0004,0,1,TN
주식회사산청기공,6068170297,2015,0,0.0008,0,1,TN
주식회사산청기공,6068170297,2016,0,0.042,1,0,FP
주식회사산청기공,6068170297,2017,1,0.8371,1,1,TP
서흥엔지니어링(주),6068173881,2014,0,0.0019,0,1,TN
서흥엔지니어링(주),6068173881,2015,0,0.0046,0,1,TN
서흥엔지니어링(주),6068173881,2016,0,0.0031,0,1,TN
서흥엔지니어링(주),6068173881,2017,0,0.004,0,1,TN
서흥엔지니어링(주),6068173881,2018,0,0.0619,1,0,FP
서흥엔지니어링(주),6068173881,2019,0,0.0085,0,1,TN
서흥엔지니어링(주),6068173881,2020,0,0.0338,1,0,FP
서흥엔지니어링(주),6068173881,2021,0,0.0087,0,1,TN
서흥엔지니어링(주),6068173881,2022,0,0.0015,0,1,TN
서흥엔지니어링(주),6068173881,2023,0,0.0014,0,1,TN
서흥엔지니어링(주),6068173881,2024,0,0.0016,0,1,TN
주식회사삼부금속,6068174084,2014,0,0.0018,0,1,TN
주식회사삼부금속,6068174084,2015,0,1e-04,0,1,TN
주식회사삼부금속,6068174084,2016,0,0.0024,0,1,TN
주식회사삼부금속,6068174084,2017,0,0.1156,1,0,FP
주식회사삼부금속,6068174084,2018,0,0.0041,0,1,TN
주식회사삼부금속,6068174084,2019,0,0.0012,0,1,TN
주식회사삼부금속,6068174084,2020,0,0.0024,0,1,TN
주식회사삼부금속,6068174084,2021,0,0.0007,0,1,TN
주식회사삼부금속,6068174084,2022,0,0.001,0,1,TN
주식회사삼부금속,6068174084,2023,0,0.0011,0,1,TN
주식회사삼부금속,6068174084,2024,0,0.0007,0,1,TN
한일중공업(주),6068175104,2014,0,0.0377,1,0,FP
한일중공업(주),6068175104,2015,1,0.828,1,1,TP
(주)대광테크,6068180489,2015,0,0.0073,0,1,TN
(주)대광테크,6068180489,2016,0,0.0662,1,0,FP
(주)대광테크,6068180489,2017,1,0.6543,1,1,TP
(주)보경금속,6068182852,2014,0,1e-04,0,1,TN
(주)보경금속,6068182852,2015,0,0.0003,0,1,TN
(주)보경금속,6068182852,2016,0,0.008,0,1,TN
(주)보경금속,6068182852,2017,0,0.0138,0,1,TN
(주)보경금속,6068182852,2018,0,0.0087,0,1,TN
(주)보경금속,6068182852,2019,0,0.0924,1,0,FP
신우금속(주),6068184388,2014,0,0.0026,0,1,TN
신우금속(주),6068184388,2015,0,0.0617,1,0,FP
신우금속(주),6068184388,2016,0,0.107,1,0,FP
신우금속(주),6068184388,2017,1,0.3747,1,1,TP
(주)비지에스인더스트리,6068185387,2014,0,0.0017,0,1,TN
(주)비지에스인더스트리,6068185387,2021,0,0.001,0,1,TN
(주)비지에스인더스트리,6068185387,2022,0,0.0017,0,1,TN
대창스틸(주),6068186519,2014,0,0.3126,1,0,FP
대창스틸(주),6068186519,2015,0,0.053,1,0,FP
대창스틸(주),6068186519,2016,0,0.0502,1,0,FP
대창스틸(주),6068186519,2017,0,0.1779,1,0,FP
주식회사와이엘산업,6068188588,2020,0,0.0505,1,0,FP
주식회사와이엘산업,6068188588,2021,0,0.0278,0,1,TN
(주)삼부스텐단조,6068188759,2014,0,0.0034,0,1,TN
(주)삼부스텐단조,6068188759,2015,0,0.0009,0,1,TN
(주)삼부스텐단조,6068188759,2016,0,0.0015,0,1,TN
(주)삼부스텐단조,6068188759,2017,0,0.0095,0,1,TN
(주)삼부스텐단조,6068188759,2018,0,0.0017,0,1,TN
(주)삼부스텐단조,6068188759,2019,0,0.0542,1,0,FP
(주)삼부스텐단조,6068188759,2020,0,0.0217,0,1,TN
(주)삼부스텐단조,6068188759,2021,0,0.0007,0,1,TN
(주)삼부스텐단조,6068188759,2022,0,0.0024,0,1,TN
(주)삼부스텐단조,6068188759,2023,0,0.0005,0,1,TN
(주)삼부스텐단조,6068188759,2024,0,0.0021,0,1,TN
주식회사대웅시티,6068190274,2014,0,0.0005,0,1,TN
주식회사대웅시티,6068190274,2015,0,0.0002,0,1,TN
주식회사대웅시티,6068190274,2016,0,1e-04,0,1,TN
주식회사대웅시티,6068190274,2017,0,0.0002,0,1,TN
주식회사대웅시티,6068190274,2018,0,0.0005,0,1,TN
주식회사대웅시티,6068190274,2019,0,0.0018,0,1,TN
주식회사대웅시티,6068190274,2020,0,0.0017,0,1,TN
주식회사대웅시티,6068190274,2021,0,0.006,0,1,TN
주식회사대웅시티,6068190274,2022,0,0.0006,0,1,TN
주식회사대웅시티,6068190274,2023,0,0.0006,0,1,TN
주식회사대웅시티,6068190274,2024,0,0.0002,0,1,TN
대경화학(주),6068190992,2014,0,1e-04,0,1,TN
대경화학(주),6068190992,2015,0,0.0002,0,1,TN
대경화학(주),6068190992,2016,0,0.0005,0,1,TN
대경화학(주),6068190992,2017,0,0.0058,0,1,TN
대경화학(주),6068190992,2018,0,0.0218,0,1,TN
대경화학(주),6068190992,2019,0,0.0518,1,0,FP
대경화학(주),6068190992,2020,1,0.8587,1,1,TP
현대오토솔루션(주),6068193780,2014,0,1e-04,0,1,TN
현대오토솔루션(주),6068193780,2015,0,1e-04,0,1,TN
현대오토솔루션(주),6068193780,2016,0,0.0002,0,1,TN
현대오토솔루션(주),6068193780,2017,0,1e-04,0,1,TN
현대오토솔루션(주),6068193780,2018,0,1e-04,0,1,TN
현대오토솔루션(주),6068193780,2019,0,0.0004,0,1,TN
현대오토솔루션(주),6068193780,2020,0,0.0003,0,1,TN
현대오토솔루션(주),6068193780,2021,0,1e-04,0,1,TN
현대오토솔루션(주),6068193780,2022,0,0.0002,0,1,TN
현대오토솔루션(주),6068193780,2023,0,0.0004,0,1,TN
현대오토솔루션(주),6068193780,2024,0,0.0009,0,1,TN
주식회사대양볼트,6068194251,2014,0,0.0802,1,0,FP
주식회사대양볼트,6068194251,2015,0,0.0389,1,0,FP
주식회사대양볼트,6068194251,2016,1,0.2939,1,1,TP
(주)평산엠텍,6068195003,2014,0,0.0002,0,1,TN
(주)평산엠텍,6068195003,2015,0,0.0005,0,1,TN
(주)평산엠텍,6068195003,2016,0,1e-04,0,1,TN
(주)평산엠텍,6068195003,2017,0,0.0729,1,0,FP
(주)평산엠텍,6068195003,2018,0,0.0003,0,1,TN
(주)평산엠텍,6068195003,2019,0,0.0008,0,1,TN
(주)평산엠텍,6068195003,2020,0,0.0008,0,1,TN
(주)평산엠텍,6068195003,2021,0,0.0002,0,1,TN
(주)평산엠텍,6068195003,2022,0,0.0098,0,1,TN
(주)평산엠텍,6068195003,2023,0,0.0023,0,1,TN
(주)평산엠텍,6068195003,2024,0,0.0142,0,1,TN
(주)동양메탈,6068196638,2014,0,0.0008,0,1,TN
(주)동양메탈,6068196638,2015,0,0.0841,1,0,FP
(주)동양메탈,6068196638,2016,0,0.0587,1,0,FP
주식회사에이엘피,6068196720,2014,0,0.0108,0,1,TN
주식회사에이엘피,6068196720,2015,0,0.0325,1,0,FP
주식회사에이엘피,6068196720,2016,0,0.0726,1,0,FP
주식회사에이엘피,6068196720,2017,1,0.9433,1,1,TP
에스피하이테크주식회사,6068199770,2014,0,0.0015,0,1,TN
에스피하이테크주식회사,6068199770,2015,0,0.002,0,1,TN
에스피하이테크주식회사,6068199770,2016,0,0.0038,0,1,TN
에스피하이테크주식회사,6068199770,2017,0,0.0071,0,1,TN
주식회사우성냉동,6068199839,2014,0,0.0021,0,1,TN
주식회사우성냉동,6068199839,2015,0,0.0006,0,1,TN
주식회사우성냉동,6068199839,2016,0,0.0005,0,1,TN
주식회사우성냉동,6068199839,2017,0,0.0267,0,1,TN
주식회사우성냉동,6068199839,2018,0,0.0015,0,1,TN
주식회사우성냉동,6068199839,2019,0,0.0013,0,1,TN
주식회사우성냉동,6068199839,2020,0,0.0013,0,1,TN
주식회사우성냉동,6068199839,2021,0,0.0009,0,1,TN
주식회사우성냉동,6068199839,2022,0,0.0003,0,1,TN
주식회사우성냉동,6068199839,2023,0,0.0007,0,1,TN
주식회사우성냉동,6068199839,2024,0,0.0013,0,1,TN
주식회사에스티벤드앤플랜트,6068600665,2014,0,0.0036,0,1,TN
주식회사에스티벤드앤플랜트,6068600665,2015,0,0.0826,1,0,FP
주식회사에스티벤드앤플랜트,6068600665,2016,0,0.1203,1,0,FP
성원타공(주),6068600762,2016,0,0.0041,0,1,TN
성원타공(주),6068600762,2017,0,0.0038,0,1,TN
성원타공(주),6068600762,2018,0,0.0083,0,1,TN
성원타공(주),6068600762,2019,0,0.0764,1,0,FP
성원타공(주),6068600762,2020,0,0.0837,1,0,FP
성원타공(주),6068600762,2021,0,0.0114,0,1,TN
성원타공(주),6068600762,2022,0,0.0426,1,0,FP
성원타공(주),6068600762,2023,0,0.0383,1,0,FP
성원타공(주),6068600762,2024,0,0.2852,1,0,FP
주식회사비엠아이,6068600855,2017,0,0.0043,0,1,TN
주식회사비엠아이,6068600855,2018,0,0.056,1,0,FP
주식회사비엠아이,6068600855,2019,0,0.1601,1,0,FP
주식회사비엠아이,6068600855,2020,1,0.6086,1,1,TP
동서열처리주식회사,6068601378,2021,0,0.0004,0,1,TN
동서열처리주식회사,6068601378,2022,0,0.0007,0,1,TN
동서열처리주식회사,6068601378,2023,0,0.0032,0,1,TN
동서열처리주식회사,6068601378,2024,0,0.0018,0,1,TN
주식회사이일기업,6068605734,2021,0,0.001,0,1,TN
주식회사이일기업,6068605734,2022,0,0.0115,0,1,TN
주식회사이일기업,6068605734,2023,0,0.5792,1,0,FP
주식회사이일기업,6068605734,2024,0,0.0225,0,1,TN
주식회사지우정공,6068605938,2014,1,0.7491,1,1,TP
주식회사보성중공업,6068614039,2014,0,0.0589,1,0,FP
주식회사보성중공업,6068614039,2015,0,0.014,0,1,TN
주식회사보성중공업,6068614039,2016,0,0.0544,1,0,FP
주식회사보성중공업,6068614039,2017,0,0.044,1,0,FP
주식회사보성중공업,6068614039,2018,0,0.0127,0,1,TN
주식회사보성중공업,6068614039,2019,0,0.0215,0,1,TN
(주)부흥,6068619015,2014,0,0.001,0,1,TN
(주)부흥,6068619015,2015,0,0.0002,0,1,TN
(주)부흥,6068619015,2016,0,0.0191,0,1,TN
(주)부흥,6068619015,2017,0,0.062,1,0,FP
(주)부흥,6068619015,2018,1,0.7481,1,1,TP
(주)동양화인텍,6068619596,2020,0,0.0009,0,1,TN
(주)동양화인텍,6068619596,2021,0,0.0007,0,1,TN
(주)동양화인텍,6068619596,2022,0,0.0012,0,1,TN
(주)동양화인텍,6068619596,2023,0,0.0035,0,1,TN
(주)동양화인텍,6068619596,2024,0,0.0232,0,1,TN
주식회사진환스텐,6068620720,2014,0,0.0067,0,1,TN
주식회사진환스텐,6068620720,2015,0,0.0048,0,1,TN
주식회사진환스텐,6068620720,2016,0,0.0029,0,1,TN
주식회사진환스텐,6068620720,2017,0,0.0034,0,1,TN
주식회사진환스텐,6068620720,2018,0,0.0006,0,1,TN
주식회사진환스텐,6068620720,2019,0,0.0003,0,1,TN
주식회사진환스텐,6068620720,2020,0,0.001,0,1,TN
주식회사진환스텐,6068620720,2021,0,0.0009,0,1,TN
주식회사진환스텐,6068620720,2022,0,0.0007,0,1,TN
주식회사진환스텐,6068620720,2023,0,0.0002,0,1,TN
주식회사진환스텐,6068620720,2024,0,0.0002,0,1,TN
주식회사와이제이,6068625370,2022,0,0.0021,0,1,TN
주식회사와이제이,6068625370,2023,0,0.0017,0,1,TN
주식회사와이제이,6068625370,2024,0,0.0086,0,1,TN
(주)디에이치메탈,6068627136,2015,0,0.0009,0,1,TN
(주)디에이치메탈,6068627136,2016,0,0.0032,0,1,TN
(주)디에이치메탈,6068627136,2017,0,0.0538,1,0,FP
(주)디에이치메탈,6068627136,2018,0,0.0188,0,1,TN
주식회사태경,6068628760,2014,0,0.0018,0,1,TN
주식회사태경,6068628760,2015,0,0.0024,0,1,TN
주식회사태경,6068628760,2016,0,0.003,0,1,TN
주식회사태창테크,6068629435,2015,0,0.0006,0,1,TN
주식회사태창테크,6068629435,2016,0,0.0008,0,1,TN
주식회사태창테크,6068629435,2017,0,0.0524,1,0,FP
주식회사태창테크,6068629435,2018,0,0.0272,0,1,TN
주식회사태창테크,6068629435,2019,1,0.5091,1,1,TP
(주)부산워터젯,6068629755,2014,0,0.0244,0,1,TN
(주)부산워터젯,6068629755,2015,0,0.2639,1,0,FP
(주)부산워터젯,6068629755,2016,0,0.0066,0,1,TN
(주)부산워터젯,6068629755,2017,0,0.011,0,1,TN
(주)부산워터젯,6068629755,2018,0,0.0347,1,0,FP
(주)부산워터젯,6068629755,2019,0,0.0093,0,1,TN
주식회사세보테크놀로지,6068634729,2022,0,0.0023,0,1,TN
주식회사세보테크놀로지,6068634729,2023,0,0.0014,0,1,TN
주식회사세보테크놀로지,6068634729,2024,0,0.3389,1,0,FP
주식회사자일금속,6068635354,2014,0,0.0018,0,1,TN
주식회사자일금속,6068635354,2015,0,0.0016,0,1,TN
지엠금속주식회사,6068635539,2014,0,0.0014,0,1,TN
지엠금속주식회사,6068635539,2015,0,0.0005,0,1,TN
지엠금속주식회사,6068635539,2016,0,0.0006,0,1,TN
지엠금속주식회사,6068635539,2017,0,0.0023,0,1,TN
지엠금속주식회사,6068635539,2018,0,0.0041,0,1,TN
지엠금속주식회사,6068635539,2019,0,0.0004,0,1,TN
지엠금속주식회사,6068635539,2023,0,0.0008,0,1,TN
지엠금속주식회사,6068635539,2024,0,0.001,0,1,TN
한일중공업(주),6068636974,2014,0,0.0083,0,1,TN
한일중공업(주),6068636974,2015,0,0.0028,0,1,TN
한일중공업(주),6068636974,2016,0,0.1203,1,0,FP
케이에스엠(주),6068638725,2020,0,0.0011,0,1,TN
케이에스엠(주),6068638725,2021,0,0.0004,0,1,TN
케이에스엠(주),6068638725,2022,0,0.0004,0,1,TN
케이에스엠(주),6068638725,2023,0,0.0008,0,1,TN
케이에스엠(주),6068638725,2024,0,0.0024,0,1,TN
동진공업주식회사,6068641104,2017,0,0.0015,0,1,TN
동진공업주식회사,6068641104,2018,0,0.0004,0,1,TN
동진공업주식회사,6068641104,2019,0,0.0009,0,1,TN
동진공업주식회사,6068641104,2021,0,0.0016,0,1,TN
동진공업주식회사,6068641104,2022,0,0.0011,0,1,TN
동진공업주식회사,6068641104,2024,0,0.0004,0,1,TN
주식회사태송,6068642194,2014,0,0.0023,0,1,TN
주식회사태송,6068642194,2015,0,0.0014,0,1,TN
주식회사태송,6068642194,2016,0,0.0353,1,0,FP
진양산업(주),6068645361,2014,0,0.0011,0,1,TN
진양산업(주),6068645361,2022,0,0.0082,0,1,TN
진양산업(주),6068645361,2023,0,0.0015,0,1,TN
진양산업(주),6068645361,2024,0,0.0622,1,0,FP
주식회사와이제이테크노,6068651198,2015,0,0.0027,0,1,TN
주식회사와이제이테크노,6068651198,2016,0,0.0691,1,0,FP
주식회사와이제이테크노,6068651198,2017,1,0.6081,1,1,TP
주식회사대원정공,6068652014,2016,0,0.0012,0,1,TN
주식회사대원정공,6068652014,2017,0,0.0122,0,1,TN
주식회사대원정공,6068652014,2018,1,0.2221,1,1,TP
우진철강주식회사,6078122013,2014,0,0.0158,0,1,TN
우진철강주식회사,6078122013,2015,0,0.005,0,1,TN
우진철강주식회사,6078122013,2016,0,0.0025,0,1,TN
우진철강주식회사,6078122013,2017,0,0.0023,0,1,TN
우진철강주식회사,6078122013,2018,0,0.0071,0,1,TN
우진철강주식회사,6078122013,2019,0,0.0034,0,1,TN
우진철강주식회사,6078122013,2020,0,0.0063,0,1,TN
우진철강주식회사,6078122013,2021,0,0.0016,0,1,TN
우진철강주식회사,6078122013,2022,0,0.0371,1,0,FP
우진철강주식회사,6078122013,2023,0,0.2215,1,0,FP
우진철강주식회사,6078122013,2024,0,0.0356,1,0,FP
(주)에이치씨컴퍼니,6078145068,2014,0,1e-04,0,1,TN
(주)에이치씨컴퍼니,6078145068,2015,0,0.0002,0,1,TN
(주)에이치씨컴퍼니,6078145068,2016,0,0.0006,0,1,TN
(주)에이치씨컴퍼니,6078145068,2017,0,1e-04,0,1,TN
(주)에이치씨컴퍼니,6078145068,2018,0,0.0003,0,1,TN
(주)에이치씨컴퍼니,6078145068,2019,0,0.0006,0,1,TN
(주)에이치씨컴퍼니,6078145068,2020,0,0.0139,0,1,TN
(주)에이치씨컴퍼니,6078145068,2021,0,0.0031,0,1,TN
(주)에이치씨컴퍼니,6078145068,2022,0,0.0298,0,1,TN
(주)에이치씨컴퍼니,6078145068,2023,0,0.097,1,0,FP
(주)에이치씨컴퍼니,6078145068,2024,1,0.2707,1,1,TP
(주)유창강건,6078146937,2018,0,0.0007,0,1,TN
(주)유창강건,6078146937,2019,0,0.004,0,1,TN
(주)유창강건,6078146937,2020,0,0.0098,0,1,TN
(주)유창강건,6078146937,2021,0,0.0311,1,0,FP
(주)유창강건,6078146937,2022,0,0.0144,0,1,TN
(주)유창강건,6078146937,2023,0,0.0018,0,1,TN
(주)유창강건,6078146937,2024,0,0.0007,0,1,TN
(주)신라스틸판넬,6078185298,2014,0,0.0106,0,1,TN
(주)신라스틸판넬,6078185298,2015,0,0.0281,0,1,TN
(주)신라스틸판넬,6078185298,2016,0,0.0013,0,1,TN
(주)신라스틸판넬,6078185298,2017,0,0.0012,0,1,TN
(주)신라스틸판넬,6078185298,2018,0,0.0008,0,1,TN
(주)신라스틸판넬,6078185298,2019,0,0.0025,0,1,TN
(주)신라스틸판넬,6078185298,2020,0,0.0084,0,1,TN
(주)신라스틸판넬,6078185298,2021,0,0.0004,0,1,TN
(주)신라스틸판넬,6078185298,2022,0,0.0015,0,1,TN
(주)신라스틸판넬,6078185298,2023,0,0.0035,0,1,TN
(주)신라스틸판넬,6078185298,2024,0,0.0008,0,1,TN
(주)경동금속,6078192877,2015,0,0.0008,0,1,TN
(주)경동금속,6078192877,2016,0,1e-04,0,1,TN
(주)경동금속,6078192877,2017,0,0.0003,0,1,TN
(주)경동금속,6078192877,2018,0,1e-04,0,1,TN
(주)경동금속,6078192877,2019,0,0.0018,0,1,TN
(주)경동금속,6078192877,2020,0,0.0004,0,1,TN
청우중공업주식회사,6078612048,2018,0,0.0006,0,1,TN
청우중공업주식회사,6078612048,2019,0,0.0012,0,1,TN
청우중공업주식회사,6078612048,2020,0,0.004,0,1,TN
청우중공업주식회사,6078612048,2021,0,0.0373,1,0,FP
청우중공업주식회사,6078612048,2022,0,0.0128,0,1,TN
청우중공업주식회사,6078612048,2023,0,0.0042,0,1,TN
청우중공업주식회사,6078612048,2024,0,0.1372,1,0,FP
(주)금오중공업,6088119511,2014,0,0.0255,0,1,TN
(주)금오중공업,6088119511,2015,0,0.0033,0,1,TN
(주)금오중공업,6088119511,2016,0,0.1925,1,0,FP
(주)금오중공업,6088119511,2017,0,0.0405,1,0,FP
(주)금오중공업,6088119511,2018,0,0.0146,0,1,TN
(주)금오중공업,6088119511,2019,0,0.002,0,1,TN
(주)금오중공업,6088119511,2020,0,0.021,0,1,TN
(주)금오중공업,6088119511,2021,0,0.0012,0,1,TN
(주)금오중공업,6088119511,2022,0,0.002,0,1,TN
(주)금오중공업,6088119511,2023,0,1e-04,0,1,TN
(주)금오중공업,6088119511,2024,0,0.0008,0,1,TN
삼영엠텍(주),6088127893,2014,0,0.0029,0,1,TN
삼영엠텍(주),6088127893,2015,0,0.0012,0,1,TN
삼영엠텍(주),6088127893,2016,0,0.0004,0,1,TN
삼영엠텍(주),6088127893,2017,0,0.0092,0,1,TN
삼영엠텍(주),6088127893,2018,0,0.0083,0,1,TN
삼영엠텍(주),6088127893,2019,0,0.0006,0,1,TN
삼영엠텍(주),6088127893,2020,0,0.0219,0,1,TN
삼영엠텍(주),6088127893,2021,0,0.0086,0,1,TN
삼영엠텍(주),6088127893,2022,0,0.1003,1,0,FP
삼영엠텍(주),6088127893,2023,0,0.0005,0,1,TN
삼영엠텍(주),6088127893,2024,0,0.0002,0,1,TN
(주)위딘,6088130874,2014,0,0.0004,0,1,TN
(주)위딘,6088130874,2015,0,0.0013,0,1,TN
(주)위딘,6088130874,2016,0,0.0006,0,1,TN
(주)위딘,6088130874,2017,0,0.0007,0,1,TN
(주)위딘,6088130874,2018,0,0.0023,0,1,TN
(주)위딘,6088130874,2019,0,0.0026,0,1,TN
(주)위딘,6088130874,2020,0,0.0046,0,1,TN
(주)위딘,6088130874,2021,0,0.0011,0,1,TN
(주)위딘,6088130874,2022,0,0.0021,0,1,TN
(주)위딘,6088130874,2023,0,0.0132,0,1,TN
(주)위딘,6088130874,2024,0,0.0648,1,0,FP
주식회사상신,6088135656,2017,0,0.0045,0,1,TN
주식회사상신,6088135656,2018,0,0.0229,0,1,TN
주식회사상신,6088135656,2019,0,0.0786,1,0,FP
(주)신화프리텍,6088151660,2014,0,0.002,0,1,TN
(주)신화프리텍,6088151660,2015,0,0.0018,0,1,TN
(주)신화프리텍,6088151660,2016,0,0.0274,0,1,TN
(주)신화프리텍,6088151660,2017,0,0.3787,1,0,FP
(주)신화프리텍,6088151660,2018,1,0.7322,1,1,TP
우진산업(주),6088153431,2014,1,0.8218,1,1,TP
(주)가유,6088154968,2014,0,0.0006,0,1,TN
(주)가유,6088154968,2015,0,0.0002,0,1,TN
(주)가유,6088154968,2016,0,0.0007,0,1,TN
(주)가유,6088154968,2017,0,0.0009,0,1,TN
(주)가유,6088154968,2018,0,0.0006,0,1,TN
(주)가유,6088154968,2019,0,0.0003,0,1,TN
(주)가유,6088154968,2020,0,0.0029,0,1,TN
(주)가유,6088154968,2021,0,0.0029,0,1,TN
(주)가유,6088154968,2022,0,0.0126,0,1,TN
(주)가유,6088154968,2023,0,0.006,0,1,TN
(주)가유,6088154968,2024,0,0.0158,0,1,TN
(주)에이스코트,6088155502,2014,0,0.0003,0,1,TN
(주)에이스코트,6088155502,2015,0,0.0002,0,1,TN
(주)에이스코트,6088155502,2016,0,0.0002,0,1,TN
(주)에이스코트,6088155502,2017,0,0.0006,0,1,TN
(주)에이스코트,6088155502,2018,0,1e-04,0,1,TN
(주)에이스코트,6088155502,2019,0,0.0003,0,1,TN
에스앤피주식회사,6088162774,2014,0,0.001,0,1,TN
에스앤피주식회사,6088162774,2015,0,0.0139,0,1,TN
에스앤피주식회사,6088162774,2016,0,0.1434,1,0,FP
에스앤피주식회사,6088162774,2017,1,0.9249,1,1,TP
(주)동아특수금속,6088163754,2015,0,0.0005,0,1,TN
(주)동아특수금속,6088163754,2016,0,0.0083,0,1,TN
(주)동아특수금속,6088163754,2017,0,0.1279,1,0,FP
(주)동아특수금속,6088163754,2018,0,0.0032,0,1,TN
(주)동아특수금속,6088163754,2019,0,0.0025,0,1,TN
(주)동아특수금속,6088163754,2020,0,0.0038,0,1,TN
(주)동아특수금속,6088163754,2021,0,0.0186,0,1,TN
(주)동아특수금속,6088163754,2022,0,0.0191,0,1,TN
(주)동아특수금속,6088163754,2023,1,0.1395,1,1,TP
(주)신화엠티,6088164466,2020,0,0.0007,0,1,TN
(주)신화엠티,6088164466,2021,0,0.0072,0,1,TN
(주)신화엠티,6088164466,2022,0,0.0002,0,1,TN
(주)신화엠티,6088164466,2023,0,0.0008,0,1,TN
(주)신화엠티,6088164466,2024,0,0.0186,0,1,TN
(주)신성,6088165015,2014,0,0.112,1,0,FP
(주)신성,6088165015,2015,0,0.0715,1,0,FP
(주)신성,6088165015,2016,0,0.1013,1,0,FP
주식회사서린,6088165882,2017,0,0.028,0,1,TN
주식회사서린,6088165882,2018,1,0.9133,1,1,TP
(주)함안중공업,6088166294,2014,0,0.0084,0,1,TN
(주)함안중공업,6088166294,2015,0,0.0535,1,0,FP
(주)함안중공업,6088166294,2016,1,0.5941,1,1,TP
(주)현대스틸,6088166673,2014,0,0.0012,0,1,TN
(주)현대스틸,6088166673,2015,0,0.0012,0,1,TN
(주)현대스틸,6088166673,2016,0,0.0014,0,1,TN
(주)현대스틸,6088166673,2017,0,0.0011,0,1,TN
(주)현대스틸,6088166673,2018,0,0.0264,0,1,TN
(주)현대스틸,6088166673,2019,0,0.0032,0,1,TN
(주)현대스틸,6088166673,2020,1,0.4168,1,1,TP
(주)미래테크,6088171083,2014,0,0.1134,1,0,FP
(주)미래테크,6088171083,2015,0,0.1204,1,0,FP
주식회사에스앤씨,6088173418,2014,1,0.7116,1,1,TP
(주)디에스티,6088173456,2014,0,0.1118,1,0,FP
(주)디에스티,6088173456,2015,0,0.0701,1,0,FP
에스에이치중공업,6088175191,2014,0,0.0192,0,1,TN
태광엠앤에스주식회사,6088175677,2014,0,0.0034,0,1,TN
태광엠앤에스주식회사,6088175677,2015,0,0.0515,1,0,FP
태광엠앤에스주식회사,6088175677,2016,0,0.1111,1,0,FP
태광엠앤에스주식회사,6088175677,2017,1,0.8435,1,1,TP
한국트리비움팩키징(주),6088176507,2014,0,0.0002,0,1,TN
한국트리비움팩키징(주),6088176507,2015,0,0.0003,0,1,TN
한국트리비움팩키징(주),6088176507,2016,0,0.0005,0,1,TN
한국트리비움팩키징(주),6088176507,2017,0,1e-04,0,1,TN
한국트리비움팩키징(주),6088176507,2018,0,0.0002,0,1,TN
한국트리비움팩키징(주),6088176507,2019,0,0.0002,0,1,TN
한국트리비움팩키징(주),6088176507,2020,0,0.0011,0,1,TN
한국트리비움팩키징(주),6088176507,2021,0,0.0004,0,1,TN
한국트리비움팩키징(주),6088176507,2022,0,0.0002,0,1,TN
한국트리비움팩키징(주),6088176507,2023,0,0.0204,0,1,TN
한국트리비움팩키징(주),6088176507,2024,0,0.0497,1,0,FP
(주)산호에스엔피,6088177578,2014,0,0.1384,1,0,FP
(주)산호에스엔피,6088177578,2015,0,0.2102,1,0,FP
(주)산호에스엔피,6088177578,2016,0,0.0066,0,1,TN
(주)산호에스엔피,6088177578,2017,0,0.0184,0,1,TN
(주)산호에스엔피,6088177578,2018,0,0.0033,0,1,TN
(주)산호에스엔피,6088177578,2019,0,0.0008,0,1,TN
(주)산호에스엔피,6088177578,2020,0,0.0168,0,1,TN
(주)산호에스엔피,6088177578,2021,0,0.0026,0,1,TN
(주)산호에스엔피,6088177578,2022,0,0.0026,0,1,TN
(주)산호에스엔피,6088177578,2023,0,0.0005,0,1,TN
(주)산호에스엔피,6088177578,2024,0,0.0009,0,1,TN
주식회사지에스테크,6088178752,2014,0,0.0008,0,1,TN
주식회사지에스테크,6088178752,2015,0,0.0058,0,1,TN
주식회사지에스테크,6088178752,2016,0,0.003,0,1,TN
주식회사지에스테크,6088178752,2017,0,0.0011,0,1,TN
주식회사지에스테크,6088178752,2018,0,0.0037,0,1,TN
주식회사지에스테크,6088178752,2019,0,0.0219,0,1,TN
주식회사지에스테크,6088178752,2020,1,0.5418,1,1,TP
(주)서진엠텍,6088182353,2022,0,0.0009,0,1,TN
(주)서진엠텍,6088182353,2023,0,0.0023,0,1,TN
(주)서진엠텍,6088182353,2024,0,0.0043,0,1,TN
(주)가야포징,6088187872,2014,1,0.9268,1,1,TP
주식회사한성,6088188003,2018,0,0.0006,0,1,TN
주식회사한성,6088188003,2019,0,0.0002,0,1,TN
주식회사한성,6088188003,2022,0,0.0003,0,1,TN
주식회사한성,6088188003,2023,0,0.0008,0,1,TN
주식회사한성,6088188003,2024,0,0.0012,0,1,TN
수영금속(주),6088189166,2014,0,0.0041,0,1,TN
수영금속(주),6088189166,2015,0,0.0019,0,1,TN
수영금속(주),6088189166,2016,0,0.0021,0,1,TN
수영금속(주),6088189166,2017,0,0.0024,0,1,TN
수영금속(주),6088189166,2018,0,0.0032,0,1,TN
수영금속(주),6088189166,2019,0,0.03,0,1,TN
수영금속(주),6088189166,2020,0,0.0526,1,0,FP
수영금속(주),6088189166,2021,1,0.4676,1,1,TP
주식회사금영,6088190509,2014,0,0.0841,1,0,FP
주식회사금영,6088190509,2015,0,0.0045,0,1,TN
주식회사금영,6088190509,2016,0,0.0016,0,1,TN
주식회사금영,6088190509,2017,0,0.0011,0,1,TN
주식회사금영,6088190509,2018,0,0.0039,0,1,TN
주식회사금영,6088190509,2019,0,0.0033,0,1,TN
주식회사금영,6088190509,2020,0,0.0038,0,1,TN
주식회사금영,6088190509,2021,0,0.011,0,1,TN
주식회사금영,6088190509,2022,0,0.0052,0,1,TN
주식회사금영,6088190509,2023,0,0.0081,0,1,TN
주식회사금영,6088190509,2024,0,0.1747,1,0,FP
주식회사코와이어,6088192360,2015,0,0.0005,0,1,TN
주식회사코와이어,6088192360,2016,0,0.0004,0,1,TN
주식회사코와이어,6088192360,2017,0,0.0026,0,1,TN
주식회사코와이어,6088192360,2018,0,0.0035,0,1,TN
주식회사코와이어,6088192360,2019,0,0.0008,0,1,TN
주식회사코와이어,6088192360,2020,0,0.0037,0,1,TN
주식회사코와이어,6088192360,2021,0,0.0007,0,1,TN
주식회사코와이어,6088192360,2022,0,0.0008,0,1,TN
주식회사코와이어,6088192360,2023,0,0.0002,0,1,TN
주식회사코와이어,6088192360,2024,0,0.0004,0,1,TN
(주)유엔지스틸,6088192958,2017,0,0.0016,0,1,TN
(주)유엔지스틸,6088192958,2018,0,0.0009,0,1,TN
(주)유엔지스틸,6088192958,2019,0,0.0004,0,1,TN
(주)유엔지스틸,6088192958,2020,0,0.002,0,1,TN
주식회사우주스틸,6088195988,2020,0,0.0015,0,1,TN
주식회사우주스틸,6088195988,2021,0,0.0004,0,1,TN
주식회사우주스틸,6088195988,2022,0,0.0067,0,1,TN
주식회사우주스틸,6088195988,2023,0,0.0043,0,1,TN
주식회사우주스틸,6088195988,2024,0,0.0036,0,1,TN
에이엠에스(주),6088198608,2014,0,0.0353,1,0,FP
에이엠에스(주),6088198608,2015,0,0.0155,0,1,TN
에이엠에스(주),6088198608,2016,0,0.0044,0,1,TN
에이엠에스(주),6088198608,2017,0,0.0088,0,1,TN
에이엠에스(주),6088198608,2018,0,0.0022,0,1,TN
에이엠에스(주),6088198608,2019,0,0.0007,0,1,TN
에이엠에스(주),6088198608,2021,0,0.0006,0,1,TN
에이엠에스(주),6088198608,2022,0,0.0061,0,1,TN
에이엠에스(주),6088198608,2023,0,0.067,1,0,FP
에이엠에스(주),6088198608,2024,0,0.0015,0,1,TN
주식회사심레스해양,6088604105,2014,0,0.0025,0,1,TN
주식회사심레스해양,6088604105,2015,0,0.0014,0,1,TN
주식회사심레스해양,6088604105,2016,0,0.002,0,1,TN
주식회사심레스해양,6088604105,2017,0,0.0157,0,1,TN
주식회사심레스해양,6088604105,2018,0,0.0118,0,1,TN
주식회사심레스해양,6088604105,2019,0,0.0045,0,1,TN
(주)신라이노텍,6088609342,2016,0,0.0015,0,1,TN
(주)신라이노텍,6088609342,2017,0,0.0018,0,1,TN
(주)신라이노텍,6088609342,2018,0,0.0017,0,1,TN
(주)신라이노텍,6088609342,2019,0,0.0007,0,1,TN
(주)신라이노텍,6088609342,2020,0,0.0035,0,1,TN
(주)신라이노텍,6088609342,2021,0,0.0058,0,1,TN
(주)신라이노텍,6088609342,2022,0,0.0309,1,0,FP
(주)신라이노텍,6088609342,2023,0,0.1391,1,0,FP
(주)신라이노텍,6088609342,2024,1,0.7727,1,1,TP
퍼스텍(주),6098101805,2014,0,0.0029,0,1,TN
퍼스텍(주),6098101805,2015,0,0.0473,1,0,FP
퍼스텍(주),6098101805,2016,0,0.0457,1,0,FP
퍼스텍(주),6098101805,2017,0,0.1137,1,0,FP
퍼스텍(주),6098101805,2018,1,0.4497,1,1,TP
삼미금속(주),6098102255,2014,0,0.0043,0,1,TN
삼미금속(주),6098102255,2015,0,0.0975,1,0,FP
삼미금속(주),6098102255,2016,0,0.0514,1,0,FP
삼미금속(주),6098102255,2017,1,0.6602,1,1,TP
삼우금속공업주식회사,6098104888,2014,0,0.0022,0,1,TN
삼우금속공업주식회사,6098104888,2015,0,0.0006,0,1,TN
삼우금속공업주식회사,6098104888,2016,0,0.0006,0,1,TN
삼우금속공업주식회사,6098104888,2017,0,0.0003,0,1,TN
삼우금속공업주식회사,6098104888,2018,0,0.0006,0,1,TN
삼우금속공업주식회사,6098104888,2019,0,0.0002,0,1,TN
삼우금속공업주식회사,6098104888,2020,0,0.0049,0,1,TN
삼우금속공업주식회사,6098104888,2021,0,0.02,0,1,TN
삼우금속공업주식회사,6098104888,2022,0,0.2038,1,0,FP
삼우금속공업주식회사,6098104888,2023,0,0.0142,0,1,TN
삼우금속공업주식회사,6098104888,2024,0,0.0018,0,1,TN
엘티정밀,6098106566,2014,0,0.0005,0,1,TN
엘티정밀,6098106566,2015,0,0.0004,0,1,TN
엘티정밀,6098106566,2016,0,0.0002,0,1,TN
엘티정밀,6098106566,2017,0,0.0003,0,1,TN
엘티정밀,6098106566,2018,0,1e-04,0,1,TN
엘티정밀,6098106566,2019,0,0.0005,0,1,TN
엘티정밀,6098106566,2020,0,1e-04,0,1,TN
엘티정밀,6098106566,2021,0,0.0002,0,1,TN
엘티정밀,6098106566,2022,0,0.0011,0,1,TN
엘티정밀,6098106566,2023,0,0.0055,0,1,TN
엘티정밀,6098106566,2024,0,0.0881,1,0,FP
일진금속공업주식회사,6098107852,2014,0,0.0009,0,1,TN
일진금속공업주식회사,6098107852,2015,0,0.0014,0,1,TN
일진금속공업주식회사,6098107852,2016,0,0.0005,0,1,TN
일진금속공업주식회사,6098107852,2017,0,0.0182,0,1,TN
일진금속공업주식회사,6098107852,2018,0,0.0146,0,1,TN
일진금속공업주식회사,6098107852,2019,1,0.4537,1,1,TP
(주)현대기업,6098108716,2014,0,0.0744,1,0,FP
(주)현대기업,6098108716,2015,0,0.0068,0,1,TN
(주)현대기업,6098108716,2016,0,0.001,0,1,TN
(주)현대기업,6098108716,2017,0,0.0005,0,1,TN
(주)현대기업,6098108716,2018,0,0.0012,0,1,TN
(주)현대기업,6098108716,2019,0,0.0009,0,1,TN
(주)현대기업,6098108716,2020,0,0.0029,0,1,TN
(주)현대기업,6098108716,2021,0,0.1047,1,0,FP
(주)현대기업,6098108716,2022,0,0.0198,0,1,TN
(주)현대기업,6098108716,2023,0,0.0053,0,1,TN
(주)현대기업,6098108716,2024,0,0.0179,0,1,TN
(주)효림에이치에프,6098109035,2014,0,0.0007,0,1,TN
(주)효림에이치에프,6098109035,2015,0,0.0003,0,1,TN
(주)효림에이치에프,6098109035,2016,0,0.0006,0,1,TN
(주)효림에이치에프,6098109035,2017,0,0.0003,0,1,TN
(주)효림에이치에프,6098109035,2018,0,0.0006,0,1,TN
(주)효림에이치에프,6098109035,2019,0,0.0508,1,0,FP
(주)효림에이치에프,6098109035,2020,0,0.0037,0,1,TN
(주)효림에이치에프,6098109035,2021,0,0.0047,0,1,TN
(주)효림에이치에프,6098109035,2022,0,0.0108,0,1,TN
(주)효림에이치에프,6098109035,2023,0,0.0436,1,0,FP
(주)효림에이치에프,6098109035,2024,0,0.1087,1,0,FP
(주)무룡,6098109127,2014,0,0.0003,0,1,TN
(주)무룡,6098109127,2015,0,0.0002,0,1,TN
(주)무룡,6098109127,2016,0,0.0002,0,1,TN
(주)무룡,6098109127,2017,0,0.0009,0,1,TN
(주)무룡,6098109127,2018,0,0.0002,0,1,TN
(주)무룡,6098109127,2019,0,0.0004,0,1,TN
(주)무룡,6098109127,2020,0,0.0012,0,1,TN
(주)무룡,6098109127,2021,0,0.0002,0,1,TN
(주)무룡,6098109127,2022,0,0.0005,0,1,TN
(주)무룡,6098109127,2023,0,0.0004,0,1,TN
(주)무룡,6098109127,2024,0,0.0007,0,1,TN
에이치에스지중공업주식회사,6098117646,2014,0,0.0049,0,1,TN
에이치에스지중공업주식회사,6098117646,2015,0,0.0004,0,1,TN
에이치에스지중공업주식회사,6098117646,2016,0,0.0013,0,1,TN
에이치에스지중공업주식회사,6098117646,2017,0,0.0525,1,0,FP
에이치에스지중공업주식회사,6098117646,2018,0,0.0151,0,1,TN
에이치에스지중공업주식회사,6098117646,2019,0,0.0007,0,1,TN
에이치에스지중공업주식회사,6098117646,2020,0,0.0264,0,1,TN
에이치에스지중공업주식회사,6098117646,2021,0,0.0176,0,1,TN
에이치에스지중공업주식회사,6098117646,2022,0,0.1536,1,0,FP
에이치에스지중공업주식회사,6098117646,2023,0,0.1898,1,0,FP
에이치에스지중공업주식회사,6098117646,2024,0,0.0791,1,0,FP
주식회사한림,6098120888,2019,0,0.0009,0,1,TN
주식회사한림,6098120888,2020,0,0.0208,0,1,TN
주식회사한림,6098120888,2021,0,0.0031,0,1,TN
주식회사한림,6098120888,2022,0,0.0015,0,1,TN
주식회사한림,6098120888,2023,0,0.0008,0,1,TN
주식회사한림,6098120888,2024,0,0.0015,0,1,TN
주식회사금우,6098122509,2014,0,0.0021,0,1,TN
주식회사금우,6098122509,2015,0,0.0053,0,1,TN
주식회사금우,6098122509,2016,0,0.0279,0,1,TN
테라사이언스(주),6098124002,2014,1,0.6172,1,1,TP
(주)세아에삽,6098124701,2014,0,0.0003,0,1,TN
(주)세아에삽,6098124701,2015,0,0.0002,0,1,TN
(주)세아에삽,6098124701,2016,0,1e-04,0,1,TN
(주)세아에삽,6098124701,2017,0,0.0002,0,1,TN
(주)세아에삽,6098124701,2018,0,0.001,0,1,TN
(주)세아에삽,6098124701,2019,0,0.0004,0,1,TN
(주)세아에삽,6098124701,2020,0,0.0004,0,1,TN
(주)세아에삽,6098124701,2021,0,0.0002,0,1,TN
(주)세아에삽,6098124701,2022,0,0.0002,0,1,TN
(주)세아에삽,6098124701,2023,0,0.0007,0,1,TN
(주)세아에삽,6098124701,2024,0,0.0002,0,1,TN
동인하이텍주식회사,6098129517,2014,0,0.0008,0,1,TN
동인하이텍주식회사,6098129517,2015,0,0.003,0,1,TN
동인하이텍주식회사,6098129517,2016,0,0.0002,0,1,TN
동인하이텍주식회사,6098129517,2017,0,0.0006,0,1,TN
동인하이텍주식회사,6098129517,2018,0,0.0032,0,1,TN
동인하이텍주식회사,6098129517,2019,0,0.0216,0,1,TN
동인하이텍주식회사,6098129517,2020,0,0.0025,0,1,TN
동인하이텍주식회사,6098129517,2021,0,0.0007,0,1,TN
동인하이텍주식회사,6098129517,2022,0,0.0004,0,1,TN
동인하이텍주식회사,6098129517,2023,0,0.1226,1,0,FP
동인하이텍주식회사,6098129517,2024,0,0.1083,1,0,FP
가나중공업(주),6098132889,2014,0,0.2574,1,0,FP
가나중공업(주),6098132889,2015,0,0.1881,1,0,FP
플루이커넥터코리아(주),6098133082,2021,0,0.0008,0,1,TN
플루이커넥터코리아(주),6098133082,2022,0,0.0002,0,1,TN
플루이커넥터코리아(주),6098133082,2023,0,0.0105,0,1,TN
(주)금아금속,6098133175,2022,0,0.0019,0,1,TN
(주)금아금속,6098133175,2023,0,0.01,0,1,TN
(주)금아금속,6098133175,2024,0,0.0028,0,1,TN
고모텍(주),6098136323,2014,0,0.0004,0,1,TN
고모텍(주),6098136323,2015,0,0.0005,0,1,TN
고모텍(주),6098136323,2016,0,0.0003,0,1,TN
고모텍(주),6098136323,2017,0,0.0086,0,1,TN
고모텍(주),6098136323,2018,0,0.0008,0,1,TN
고모텍(주),6098136323,2019,0,0.0008,0,1,TN
고모텍(주),6098136323,2020,0,0.0003,0,1,TN
고모텍(주),6098136323,2021,0,0.0006,0,1,TN
고모텍(주),6098136323,2022,0,0.0166,0,1,TN
고모텍(주),6098136323,2023,0,0.1025,1,0,FP
고모텍(주),6098136323,2024,1,0.0658,1,1,TP
(주)대신에이엔씨,6098137749,2014,0,1e-04,0,1,TN
(주)대신에이엔씨,6098137749,2015,0,0.0002,0,1,TN
주식회사서머텍코리아,6098139316,2014,0,0.0003,0,1,TN
주식회사서머텍코리아,6098139316,2015,0,0.0002,0,1,TN
주식회사서머텍코리아,6098139316,2016,0,0.0003,0,1,TN
주식회사서머텍코리아,6098139316,2017,0,0.0002,0,1,TN
주식회사서머텍코리아,6098139316,2018,0,0.0006,0,1,TN
주식회사서머텍코리아,6098139316,2019,0,0.0003,0,1,TN
주식회사서머텍코리아,6098139316,2020,0,0.0005,0,1,TN
주식회사서머텍코리아,6098139316,2021,0,1e-04,0,1,TN
주식회사서머텍코리아,6098139316,2022,0,0.0002,0,1,TN
주식회사서머텍코리아,6098139316,2023,0,0.0007,0,1,TN
주식회사서머텍코리아,6098139316,2024,0,0.0009,0,1,TN
대명산업주식회사,6098141428,2014,0,0.0118,0,1,TN
대명산업주식회사,6098141428,2015,0,0.0012,0,1,TN
대명산업주식회사,6098141428,2016,0,0.0012,0,1,TN
대명산업주식회사,6098141428,2017,0,0.0013,0,1,TN
대명산업주식회사,6098141428,2018,0,0.0006,0,1,TN
대명산업주식회사,6098141428,2019,0,0.0027,0,1,TN
대명산업주식회사,6098141428,2020,0,0.0008,0,1,TN
대명산업주식회사,6098141428,2021,0,0.0004,0,1,TN
대명산업주식회사,6098141428,2022,0,0.0008,0,1,TN
대명산업주식회사,6098141428,2023,0,0.0187,0,1,TN
대명산업주식회사,6098141428,2024,0,0.0015,0,1,TN
주식회사경한코리아,6098141845,2014,0,0.0005,0,1,TN
주식회사경한코리아,6098141845,2015,0,0.0006,0,1,TN
주식회사경한코리아,6098141845,2016,0,0.0003,0,1,TN
주식회사경한코리아,6098141845,2017,0,1e-04,0,1,TN
주식회사경한코리아,6098141845,2018,0,0.0002,0,1,TN
주식회사경한코리아,6098141845,2019,0,0.0003,0,1,TN
주식회사경한코리아,6098141845,2020,0,0.0017,0,1,TN
주식회사경한코리아,6098141845,2021,0,0.0002,0,1,TN
주식회사경한코리아,6098141845,2022,0,0.0008,0,1,TN
주식회사경한코리아,6098141845,2023,0,0.0006,0,1,TN
주식회사경한코리아,6098141845,2024,0,0.0006,0,1,TN
(주)대동사,6098141961,2014,0,0.0021,0,1,TN
(주)대동사,6098141961,2015,0,0.0007,0,1,TN
(주)대동사,6098141961,2016,0,0.0203,0,1,TN
(주)대동사,6098141961,2017,0,0.0047,0,1,TN
(주)대동사,6098141961,2018,0,0.0037,0,1,TN
(주)대동사,6098141961,2019,0,0.0011,0,1,TN
(주)대동사,6098141961,2020,0,0.0409,1,0,FP
(주)대동사,6098141961,2021,0,0.0049,0,1,TN
(주)대동사,6098141961,2022,0,0.0021,0,1,TN
(주)대동사,6098141961,2023,0,0.0088,0,1,TN
(주)대동사,6098141961,2024,0,0.001,0,1,TN
(주)광산에스에이치아이,6098142505,2014,0,0.0423,1,0,FP
(주)광산에스에이치아이,6098142505,2015,1,0.584,1,1,TP
(주)영엽,6098142752,2014,0,0.0051,0,1,TN
(주)영엽,6098142752,2015,0,0.0024,0,1,TN
(주)영엽,6098142752,2016,0,0.0016,0,1,TN
(주)영엽,6098142752,2017,0,0.0121,0,1,TN
(주)영엽,6098142752,2018,0,0.0011,0,1,TN
(주)영엽,6098142752,2019,0,0.0101,0,1,TN
(주)영엽,6098142752,2020,0,0.0926,1,0,FP
(주)영엽,6098142752,2021,0,0.0454,1,0,FP
(주)영엽,6098142752,2022,0,0.0076,0,1,TN
(주)영엽,6098142752,2023,0,0.319,1,0,FP
(주)영엽,6098142752,2024,0,0.2424,1,0,FP
(주)녹원,6098145521,2015,0,0.0006,0,1,TN
(주)녹원,6098145521,2016,0,0.0352,1,0,FP
(주)녹원,6098145521,2017,1,0.8647,1,1,TP
(주)신텍,6098146175,2018,0,0.0026,0,1,TN
(주)신텍,6098146175,2019,0,0.0548,1,0,FP
(주)신텍,6098146175,2020,0,0.0489,1,0,FP
에스탱크엔지니어링(주),6098151552,2014,0,0.0003,0,1,TN
에스탱크엔지니어링(주),6098151552,2015,0,0.0002,0,1,TN
에스탱크엔지니어링(주),6098151552,2016,0,1e-04,0,1,TN
에스탱크엔지니어링(주),6098151552,2017,0,1e-04,0,1,TN
에스탱크엔지니어링(주),6098151552,2018,0,1e-04,0,1,TN
에스탱크엔지니어링(주),6098151552,2019,0,0.0007,0,1,TN
에스탱크엔지니어링(주),6098151552,2020,0,0.0005,0,1,TN
에스탱크엔지니어링(주),6098151552,2021,0,0.016,0,1,TN
에스탱크엔지니어링(주),6098151552,2022,0,0.0232,0,1,TN
에스탱크엔지니어링(주),6098151552,2023,1,0.0393,1,1,TP
엔알텍주식회사,6098155067,2014,0,0.0004,0,1,TN
엔알텍주식회사,6098155067,2015,0,0.0039,0,1,TN
엔알텍주식회사,6098155067,2016,0,0.0525,1,0,FP
엔알텍주식회사,6098155067,2017,0,0.038,1,0,FP
엔알텍주식회사,6098155067,2018,0,0.0024,0,1,TN
엔알텍주식회사,6098155067,2019,0,0.0801,1,0,FP
엔알텍주식회사,6098155067,2020,0,0.0038,0,1,TN
엔알텍주식회사,6098155067,2021,0,0.0027,0,1,TN
엔알텍주식회사,6098155067,2022,0,0.003,0,1,TN
엔알텍주식회사,6098155067,2023,0,0.0078,0,1,TN
엔알텍주식회사,6098155067,2024,0,0.0015,0,1,TN
주식회사수덕산업기계,6098155918,2014,0,0.012,0,1,TN
주식회사수덕산업기계,6098155918,2015,0,0.0228,0,1,TN
주식회사수덕산업기계,6098155918,2016,0,0.1354,1,0,FP
주식회사수덕산업기계,6098155918,2017,0,0.0494,1,0,FP
주식회사수덕산업기계,6098155918,2018,0,0.0031,0,1,TN
주식회사수덕산업기계,6098155918,2019,0,0.0486,1,0,FP
동림금속(주),6098159933,2014,1,0.6975,1,1,TP
주식회사원텍,6098162175,2014,0,0.0828,1,0,FP
주식회사원텍,6098162175,2015,0,0.1451,1,0,FP
제이더블유(주),6098167826,2014,0,0.0295,0,1,TN
제이더블유(주),6098167826,2015,0,0.0392,1,0,FP
제이더블유(주),6098167826,2016,0,0.0818,1,0,FP
툴코리아(주),6098170239,2014,0,0.002,0,1,TN
툴코리아(주),6098170239,2017,0,0.1064,1,0,FP
툴코리아(주),6098170239,2018,0,0.036,1,0,FP
툴코리아(주),6098170239,2019,1,0.7335,1,1,TP
미광금속(주),6098170923,2016,0,0.0012,0,1,TN
미광금속(주),6098170923,2017,0,0.0006,0,1,TN
미광금속(주),6098170923,2018,0,0.0013,0,1,TN
미광금속(주),6098170923,2019,0,0.0006,0,1,TN
미광금속(주),6098170923,2020,0,0.0059,0,1,TN
미광금속(주),6098170923,2021,0,0.0007,0,1,TN
미광금속(주),6098170923,2022,0,0.0007,0,1,TN
미광금속(주),6098170923,2023,0,0.0018,0,1,TN
하나로테크주식회사,6098173255,2014,0,0.1375,1,0,FP
(주)지엔티,6098174929,2014,0,0.0006,0,1,TN
(주)지엔티,6098174929,2015,0,0.0003,0,1,TN
(주)지엔티,6098174929,2016,0,1e-04,0,1,TN
(주)지엔티,6098174929,2017,0,1e-04,0,1,TN
(주)지엔티,6098174929,2018,0,1e-04,0,1,TN
(주)지엔티,6098174929,2019,0,1e-04,0,1,TN
(주)지엔티,6098174929,2020,0,0.0008,0,1,TN
(주)지엔티,6098174929,2021,0,0.0002,0,1,TN
(주)지엔티,6098174929,2022,0,0.0007,0,1,TN
(주)지엔티,6098174929,2023,0,0.0417,1,0,FP
(주)지엔티,6098174929,2024,0,0.0058,0,1,TN
주식회사KHPT,6098175520,2014,0,0.0012,0,1,TN
주식회사KHPT,6098175520,2015,0,0.0009,0,1,TN
주식회사KHPT,6098175520,2016,0,0.0003,0,1,TN
주식회사KHPT,6098175520,2017,0,0.0027,0,1,TN
주식회사KHPT,6098175520,2018,0,0.0013,0,1,TN
주식회사KHPT,6098175520,2019,0,0.0012,0,1,TN
주식회사KHPT,6098175520,2020,0,0.0025,0,1,TN
주식회사KHPT,6098175520,2021,0,0.0242,0,1,TN
주식회사KHPT,6098175520,2022,0,0.0062,0,1,TN
주식회사KHPT,6098175520,2023,0,0.0019,0,1,TN
주식회사KHPT,6098175520,2024,0,0.0258,0,1,TN
에스에이에스(주),6098178037,2014,0,0.0018,0,1,TN
에스에이에스(주),6098178037,2015,0,0.0362,1,0,FP
에스에이에스(주),6098178037,2016,0,0.1783,1,0,FP
에스에이에스(주),6098178037,2017,1,0.7154,1,1,TP
(주)신화정공,6098179211,2014,0,0.0065,0,1,TN
(주)신화정공,6098179211,2015,0,0.0006,0,1,TN
(주)신화정공,6098179211,2016,0,0.0005,0,1,TN
(주)신화정공,6098179211,2017,0,0.0003,0,1,TN
(주)신화정공,6098179211,2018,0,0.0005,0,1,TN
(주)신화정공,6098179211,2019,0,0.0005,0,1,TN
(주)신화정공,6098179211,2020,0,0.006,0,1,TN
(주)신화정공,6098179211,2021,0,0.007,0,1,TN
(주)신화정공,6098179211,2022,0,0.0096,0,1,TN
(주)신화정공,6098179211,2023,0,0.0149,0,1,TN
(주)신화정공,6098179211,2024,0,0.0111,0,1,TN
(주)에스에이테크,6098181717,2018,0,0.0007,0,1,TN
(주)에스에이테크,6098181717,2019,0,0.0125,0,1,TN
(주)에스에이테크,6098181717,2020,0,0.0247,0,1,TN
(주)에스에이테크,6098181717,2021,0,0.0009,0,1,TN
(주)에스에이테크,6098181717,2022,0,0.0006,0,1,TN
(주)에스에이테크,6098181717,2023,0,0.0006,0,1,TN
(주)에스에이테크,6098181717,2024,0,0.0014,0,1,TN
(주)재우,6098181736,2014,0,0.0023,0,1,TN
(주)재우,6098181736,2015,0,0.0161,0,1,TN
(주)재우,6098181736,2016,0,0.268,1,0,FP
(주)재우,6098181736,2017,0,0.0508,1,0,FP
(주)재우,6098181736,2018,0,0.2284,1,0,FP
(주)재우,6098181736,2019,0,0.4293,1,0,FP
(주)재우,6098181736,2020,1,0.8948,1,1,TP
(주)정우글로벌,6098185159,2014,1,0.7865,1,1,TP
한화디펜스주식회사,6098186196,2014,0,0.0002,0,1,TN
한화디펜스주식회사,6098186196,2015,0,1e-04,0,1,TN
한화디펜스주식회사,6098186196,2016,0,0.0003,0,1,TN
한화디펜스주식회사,6098186196,2017,0,0.0005,0,1,TN
한화디펜스주식회사,6098186196,2018,0,0.0005,0,1,TN
(주)케이원스틸,6098187050,2019,0,0.0011,0,1,TN
(주)케이원스틸,6098187050,2020,0,0.0009,0,1,TN
(주)케이원스틸,6098187050,2021,0,0.0008,0,1,TN
(주)케이원스틸,6098187050,2022,0,0.0006,0,1,TN
(주)케이원스틸,6098187050,2023,0,0.0006,0,1,TN
(주)케이원스틸,6098187050,2024,0,0.001,0,1,TN
주식회사재유,6098189247,2022,0,0.0013,0,1,TN
주식회사재유,6098189247,2023,0,0.0002,0,1,TN
주식회사재유,6098189247,2024,0,0.1922,1,0,FP
대한시스텍(주),6098190517,2014,0,0.0041,0,1,TN
대한시스텍(주),6098190517,2015,0,0.0302,1,0,FP
대한시스텍(주),6098190517,2016,0,0.0031,0,1,TN
대한시스텍(주),6098190517,2017,0,0.0021,0,1,TN
대한시스텍(주),6098190517,2018,0,0.0013,0,1,TN
대한시스텍(주),6098190517,2019,0,0.0008,0,1,TN
대한시스텍(주),6098190517,2020,0,0.0042,0,1,TN
대한시스텍(주),6098190517,2021,0,0.0004,0,1,TN
대한시스텍(주),6098190517,2022,0,0.0006,0,1,TN
대한시스텍(주),6098190517,2023,0,0.0005,0,1,TN
대한시스텍(주),6098190517,2024,0,0.0004,0,1,TN
(주)엔에스씨,6098193019,2021,0,0.0007,0,1,TN
(주)엔에스씨,6098193019,2022,0,0.0003,0,1,TN
(주)엔에스씨,6098193019,2023,0,0.0002,0,1,TN
(주)엔에스씨,6098193019,2024,0,0.2526,1,0,FP
광진산전주식회사,6098193299,2014,0,0.0015,0,1,TN
광진산전주식회사,6098193299,2015,0,0.0165,0,1,TN
광진산전주식회사,6098193299,2016,0,0.003,0,1,TN
광진산전주식회사,6098193299,2017,0,0.004,0,1,TN
광진산전주식회사,6098193299,2018,0,0.0024,0,1,TN
광진산전주식회사,6098193299,2019,0,0.0016,0,1,TN
광진산전주식회사,6098193299,2020,0,0.0119,0,1,TN
광진산전주식회사,6098193299,2021,0,0.0003,0,1,TN
광진산전주식회사,6098193299,2022,0,0.0008,0,1,TN
광진산전주식회사,6098193299,2023,0,0.003,0,1,TN
광진산전주식회사,6098193299,2024,0,0.013,0,1,TN
(주)대호하이드로릭,6098194319,2014,1,0.535,1,1,TP
동연오토텍(주),6098195623,2014,0,0.0024,0,1,TN
동연오토텍(주),6098195623,2015,0,0.0008,0,1,TN
동연오토텍(주),6098195623,2016,0,0.0004,0,1,TN
동연오토텍(주),6098195623,2017,0,0.0003,0,1,TN
동연오토텍(주),6098195623,2018,0,0.0008,0,1,TN
동연오토텍(주),6098195623,2019,0,0.0008,0,1,TN
동연오토텍(주),6098195623,2020,0,0.0022,0,1,TN
동연오토텍(주),6098195623,2021,0,0.0625,1,0,FP
동연오토텍(주),6098195623,2022,0,0.0066,0,1,TN
동연오토텍(주),6098195623,2023,0,0.0017,0,1,TN
동연오토텍(주),6098195623,2024,0,0.0015,0,1,TN
(주)선아이스틸,6098196715,2014,0,0.0012,0,1,TN
(주)선아이스틸,6098196715,2015,0,0.0007,0,1,TN
(주)선아이스틸,6098196715,2016,0,0.0399,1,0,FP
(주)선아이스틸,6098196715,2017,0,0.3929,1,0,FP
(주)선아이스틸,6098196715,2018,1,0.6249,1,1,TP
주식회사베스텍,6098199920,2019,0,0.0004,0,1,TN
주식회사베스텍,6098199920,2020,0,0.017,0,1,TN
주식회사베스텍,6098199920,2021,0,0.0189,0,1,TN
주식회사베스텍,6098199920,2022,0,0.0024,0,1,TN
주식회사베스텍,6098199920,2023,0,0.0038,0,1,TN
주식회사베스텍,6098199920,2024,0,0.002,0,1,TN
대원철강주식회사,6098602357,2014,0,0.0024,0,1,TN
대원철강주식회사,6098602357,2015,0,0.0038,0,1,TN
주식회사엠씨티,6098603638,2019,0,0.003,0,1,TN
주식회사엠씨티,6098603638,2020,0,0.0017,0,1,TN
주식회사엠씨티,6098603638,2021,0,0.0012,0,1,TN
주식회사엠씨티,6098603638,2022,0,0.0019,0,1,TN
주식회사엠씨티,6098603638,2023,0,0.019,0,1,TN
주식회사엠씨티,6098603638,2024,0,0.0183,0,1,TN
한영정밀주식회사,6098605373,2017,0,0.0038,0,1,TN
한영정밀주식회사,6098605373,2018,0,0.0013,0,1,TN
한영정밀주식회사,6098605373,2019,0,0.0038,0,1,TN
한영정밀주식회사,6098605373,2021,0,0.0243,0,1,TN
한영정밀주식회사,6098605373,2022,0,0.3944,1,0,FP
한영정밀주식회사,6098605373,2023,0,0.0237,0,1,TN
한영정밀주식회사,6098605373,2024,0,0.0069,0,1,TN
주식회사대경열처리,6098607390,2014,0,0.0012,0,1,TN
주식회사대경열처리,6098607390,2015,0,0.0222,0,1,TN
주식회사대경열처리,6098607390,2016,0,0.1603,1,0,FP
주식회사대경열처리,6098607390,2017,1,0.8862,1,1,TP
(주)경인테크,6098612438,2014,0,0.0024,0,1,TN
(주)경인테크,6098612438,2015,0,0.0005,0,1,TN
(주)경인테크,6098612438,2016,0,0.0004,0,1,TN
(주)경인테크,6098612438,2017,0,0.0005,0,1,TN
(주)경인테크,6098612438,2018,0,0.0009,0,1,TN
(주)경인테크,6098612438,2019,0,0.0002,0,1,TN
(주)경인테크,6098612438,2020,0,0.0009,0,1,TN
(주)경인테크,6098612438,2021,0,1e-04,0,1,TN
(주)경인테크,6098612438,2022,0,0.0003,0,1,TN
(주)경인테크,6098612438,2023,0,0.0004,0,1,TN
(주)경인테크,6098612438,2024,0,1e-04,0,1,TN
주식회사월성,6098612739,2016,0,0.0026,0,1,TN
주식회사월성,6098612739,2017,0,0.0093,0,1,TN
주식회사월성,6098612739,2018,0,0.0874,1,0,FP
주식회사세양에스이,6098614945,2014,0,0.0263,0,1,TN
주식회사세양에스이,6098614945,2015,0,0.0408,1,0,FP
성원코리아(주),6098617976,2014,0,0.0028,0,1,TN
성원코리아(주),6098617976,2015,0,0.009,0,1,TN
성원코리아(주),6098617976,2016,0,0.0396,1,0,FP
성원코리아(주),6098617976,2017,0,0.0012,0,1,TN
성원코리아(주),6098617976,2018,0,0.0021,0,1,TN
성원코리아(주),6098617976,2019,0,0.0004,0,1,TN
성원코리아(주),6098617976,2021,0,0.0015,0,1,TN
성원코리아(주),6098617976,2022,0,0.1027,1,0,FP
성원코리아(주),6098617976,2023,0,0.0041,0,1,TN
성원코리아(주),6098617976,2024,0,0.0065,0,1,TN
대흥산업(주),6108104307,2015,0,0.0008,0,1,TN
대흥산업(주),6108104307,2016,0,0.0009,0,1,TN
대흥산업(주),6108104307,2017,0,0.0024,0,1,TN
대흥산업(주),6108104307,2018,0,0.0525,1,0,FP
대흥산업(주),6108104307,2019,0,0.0874,1,0,FP
대흥산업(주),6108104307,2020,0,0.1349,1,0,FP
대흥산업(주),6108104307,2021,0,0.0526,1,0,FP
대흥산업(주),6108104307,2022,0,0.6412,1,0,FP
대흥산업(주),6108104307,2023,1,0.0628,1,1,TP
삼원산업주식회사,6108114014,2014,0,0.0003,0,1,TN
삼원산업주식회사,6108114014,2015,0,0.0009,0,1,TN
삼원산업주식회사,6108114014,2016,0,0.0011,0,1,TN
삼원산업주식회사,6108114014,2017,0,0.0009,0,1,TN
삼원산업주식회사,6108114014,2018,0,0.0008,0,1,TN
삼원산업주식회사,6108114014,2019,0,0.0007,0,1,TN
삼원산업주식회사,6108114014,2020,0,0.0021,0,1,TN
삼원산업주식회사,6108114014,2021,0,0.0006,0,1,TN
삼원산업주식회사,6108114014,2022,0,0.0005,0,1,TN
삼원산업주식회사,6108114014,2023,0,0.0005,0,1,TN
삼원산업주식회사,6108114014,2024,0,0.0009,0,1,TN
세화엠피(주),6108130713,2014,0,0.0304,1,0,FP
세화엠피(주),6108130713,2015,0,0.0331,1,0,FP
세화엠피(주),6108130713,2016,0,0.0515,1,0,FP
주식회사코스모와이어,6108132123,2014,0,0.0055,0,1,TN
주식회사코스모와이어,6108132123,2015,0,0.0029,0,1,TN
주식회사코스모와이어,6108132123,2016,0,0.002,0,1,TN
주식회사코스모와이어,6108132123,2017,0,0.005,0,1,TN
주식회사코스모와이어,6108132123,2018,0,0.0012,0,1,TN
대광기업주식회사,6108133044,2014,0,0.0006,0,1,TN
대광기업주식회사,6108133044,2015,0,0.0155,0,1,TN
대광기업주식회사,6108133044,2016,0,0.0604,1,0,FP
대광기업주식회사,6108133044,2017,1,0.5035,1,1,TP
금강창호기공(주),6108135019,2014,0,0.0022,0,1,TN
금강창호기공(주),6108135019,2015,0,0.0004,0,1,TN
금강창호기공(주),6108135019,2016,0,0.0005,0,1,TN
금강창호기공(주),6108135019,2017,0,0.0004,0,1,TN
금강창호기공(주),6108135019,2018,0,0.0007,0,1,TN
금강창호기공(주),6108135019,2019,0,0.0024,0,1,TN
금강창호기공(주),6108135019,2020,0,0.0074,0,1,TN
금강창호기공(주),6108135019,2021,0,0.0011,0,1,TN
금강창호기공(주),6108135019,2022,0,0.0026,0,1,TN
금강창호기공(주),6108135019,2023,0,0.0103,0,1,TN
금강창호기공(주),6108135019,2024,0,0.0166,0,1,TN
(주)서진에스앤피,6108135402,2014,0,1e-04,0,1,TN
(주)서진에스앤피,6108135402,2015,0,0.0005,0,1,TN
(주)서진에스앤피,6108135402,2016,0,0.0131,0,1,TN
(주)서진에스앤피,6108135402,2017,0,0.0004,0,1,TN
(주)서진에스앤피,6108135402,2018,0,0.0006,0,1,TN
(주)서진에스앤피,6108135402,2019,0,0.0008,0,1,TN
(주)서진에스앤피,6108135402,2020,0,0.0251,0,1,TN
(주)서진에스앤피,6108135402,2021,0,0.0242,0,1,TN
(주)서진에스앤피,6108135402,2022,0,0.002,0,1,TN
(주)서진에스앤피,6108135402,2023,0,0.0006,0,1,TN
(주)서진에스앤피,6108135402,2024,0,0.0006,0,1,TN
대창HRSG주식회사,6108139112,2014,0,0.0529,1,0,FP
대창HRSG주식회사,6108139112,2015,0,0.0008,0,1,TN
대창HRSG주식회사,6108139112,2016,0,0.0038,0,1,TN
대창HRSG주식회사,6108139112,2017,0,0.0339,1,0,FP
대창HRSG주식회사,6108139112,2018,0,0.0147,0,1,TN
대창HRSG주식회사,6108139112,2019,1,0.9497,1,1,TP
주식회사창성테크,6108143601,2019,0,0.0007,0,1,TN
주식회사창성테크,6108143601,2020,0,0.0026,0,1,TN
주식회사창성테크,6108143601,2021,0,0.0037,0,1,TN
주식회사창성테크,6108143601,2022,0,0.0051,0,1,TN
주식회사창성테크,6108143601,2023,0,0.0013,0,1,TN
주식회사창성테크,6108143601,2024,0,1e-04,0,1,TN
로텍엔지니어링(주),6108144328,2019,0,0.0007,0,1,TN
로텍엔지니어링(주),6108144328,2020,0,0.0006,0,1,TN
로텍엔지니어링(주),6108144328,2021,0,0.0381,1,0,FP
일진기계주식회사,6108146495,2014,0,0.0048,0,1,TN
일진기계주식회사,6108146495,2015,0,0.0025,0,1,TN
일진기계주식회사,6108146495,2016,0,0.0053,0,1,TN
일진기계주식회사,6108146495,2017,0,0.0465,1,0,FP
일진기계주식회사,6108146495,2018,0,0.4406,1,0,FP
일진기계주식회사,6108146495,2019,0,0.0024,0,1,TN
일진기계주식회사,6108146495,2020,0,0.0021,0,1,TN
일진기계주식회사,6108146495,2021,0,0.0033,0,1,TN
일진기계주식회사,6108146495,2022,0,0.0963,1,0,FP
일진기계주식회사,6108146495,2023,0,0.7546,1,0,FP
일진기계주식회사,6108146495,2024,1,0.1352,1,1,TP
(주)금영이티에스,6108149264,2014,0,0.0041,0,1,TN
(주)금영이티에스,6108149264,2015,0,0.1632,1,0,FP
(주)금영이티에스,6108149264,2016,0,0.0336,1,0,FP
(주)금영이티에스,6108149264,2017,0,0.0133,0,1,TN
(주)금영이티에스,6108149264,2018,0,0.0072,0,1,TN
(주)금영이티에스,6108149264,2019,0,0.0029,0,1,TN
(주)금영이티에스,6108149264,2020,0,0.0127,0,1,TN
(주)금영이티에스,6108149264,2021,0,0.0043,0,1,TN
(주)금영이티에스,6108149264,2022,0,0.0069,0,1,TN
(주)금영이티에스,6108149264,2023,0,0.005,0,1,TN
(주)금영이티에스,6108149264,2024,0,0.0339,1,0,FP
주식회사금경이노텍,6108154490,2014,0,0.003,0,1,TN
주식회사금경이노텍,6108154490,2015,1,0.7225,1,1,TP
주식회사에스아이,6108155413,2014,0,0.0145,0,1,TN
주식회사에스아이,6108155413,2015,0,0.0024,0,1,TN
주식회사에스아이,6108155413,2016,0,0.0014,0,1,TN
주식회사에스아이,6108155413,2017,0,0.0107,0,1,TN
주식회사에스아이,6108155413,2018,0,0.0068,0,1,TN
주식회사에스아이,6108155413,2019,0,0.0082,0,1,TN
주식회사에스아이,6108155413,2020,0,0.0051,0,1,TN
주식회사에스아이,6108155413,2021,0,0.0023,0,1,TN
주식회사에스아이,6108155413,2022,0,0.0112,0,1,TN
주식회사에스아이,6108155413,2023,0,0.0054,0,1,TN
주식회사에스아이,6108155413,2024,0,0.0079,0,1,TN
(주)윤영테크,6108159442,2014,0,0.0004,0,1,TN
(주)윤영테크,6108159442,2015,0,1e-04,0,1,TN
(주)윤영테크,6108159442,2016,0,0.0006,0,1,TN
(주)윤영테크,6108159442,2017,0,0.0003,0,1,TN
(주)윤영테크,6108159442,2018,0,0.0002,0,1,TN
(주)윤영테크,6108159442,2019,0,0.0002,0,1,TN
(주)윤영테크,6108159442,2020,0,0.0005,0,1,TN
(주)윤영테크,6108159442,2021,0,0.0003,0,1,TN
(주)윤영테크,6108159442,2022,0,0.0002,0,1,TN
(주)윤영테크,6108159442,2023,0,0.0002,0,1,TN
(주)윤영테크,6108159442,2024,0,1e-04,0,1,TN
주식회사명진엔지니어링,6108165774,2014,0,0.0142,0,1,TN
주식회사명진엔지니어링,6108165774,2015,0,0.0366,1,0,FP
주식회사명진엔지니어링,6108165774,2016,0,0.1527,1,0,FP
주식회사명진엔지니어링,6108165774,2017,1,0.8174,1,1,TP
(주)한주지엔씨,6108175291,2019,0,0.0023,0,1,TN
(주)한주지엔씨,6108175291,2020,0,0.0374,1,0,FP
(주)한주지엔씨,6108175291,2021,0,0.0057,0,1,TN
(주)한주지엔씨,6108175291,2022,0,0.006,0,1,TN
(주)한주지엔씨,6108175291,2023,0,0.0781,1,0,FP
주식회사울프,6108184276,2014,0,0.0032,0,1,TN
주식회사울프,6108184276,2015,0,0.0011,0,1,TN
주식회사울프,6108184276,2016,0,0.0004,0,1,TN
주식회사울프,6108184276,2017,0,0.0003,0,1,TN
주식회사울프,6108184276,2018,0,0.0006,0,1,TN
주식회사울프,6108184276,2019,0,0.0008,0,1,TN
주식회사울프,6108184276,2020,0,0.0018,0,1,TN
주식회사울프,6108184276,2021,0,1e-04,0,1,TN
주식회사울프,6108184276,2022,0,0.0011,0,1,TN
주식회사울프,6108184276,2023,0,0.0004,0,1,TN
주식회사울프,6108184276,2024,0,0.0018,0,1,TN
주식회사엔씨에스,6108184413,2014,0,0.0042,0,1,TN
주식회사삼영이엔지,6108184790,2014,0,0.0012,0,1,TN
주식회사삼영이엔지,6108184790,2015,0,0.0252,0,1,TN
(주)동주웰딩,6108185144,2014,0,0.0165,0,1,TN
(주)동주웰딩,6108185144,2015,0,0.0588,1,0,FP
(주)동주웰딩,6108185144,2016,0,0.1436,1,0,FP
맨텍(주),6108186594,2022,0,0.0022,0,1,TN
맨텍(주),6108186594,2023,0,0.0008,0,1,TN
맨텍(주),6108186594,2024,0,0.0036,0,1,TN
(주)이레테크,6108188665,2014,0,0.0006,0,1,TN
(주)이레테크,6108188665,2015,0,0.0008,0,1,TN
(주)이레테크,6108188665,2016,0,0.0005,0,1,TN
(주)이레테크,6108188665,2017,0,0.0012,0,1,TN
(주)이레테크,6108188665,2018,0,0.0015,0,1,TN
(주)이레테크,6108188665,2019,0,0.0014,0,1,TN
(주)이레테크,6108188665,2020,0,0.0019,0,1,TN
(주)이레테크,6108188665,2021,0,0.0012,0,1,TN
(주)이레테크,6108188665,2022,0,0.0093,0,1,TN
(주)이레테크,6108188665,2023,0,0.0232,0,1,TN
(주)이레테크,6108188665,2024,0,0.108,1,0,FP
(주)에스씨티,6108190176,2015,0,0.0016,0,1,TN
(주)에스씨티,6108190176,2016,0,0.0232,0,1,TN
(주)에스씨티,6108190176,2017,0,0.0079,0,1,TN
(주)에스씨티,6108190176,2018,0,0.0014,0,1,TN
(주)에스씨티,6108190176,2019,0,0.0003,0,1,TN
(주)에스씨티,6108190176,2020,0,0.0025,0,1,TN
(주)에스씨티,6108190176,2021,0,0.0006,0,1,TN
(주)에스씨티,6108190176,2022,0,0.0245,0,1,TN
(주)에스씨티,6108190176,2023,0,0.002,0,1,TN
(주)에스씨티,6108190176,2024,0,0.0038,0,1,TN
주식회사씨엔씨이엔지,6108195036,2014,0,0.0027,0,1,TN
주식회사씨엔씨이엔지,6108195036,2015,0,0.0005,0,1,TN
주식회사씨엔씨이엔지,6108195036,2016,0,0.055,1,0,FP
주식회사씨엔씨이엔지,6108195036,2017,0,0.2822,1,0,FP
주식회사씨엔씨이엔지,6108195036,2018,1,0.8112,1,1,TP
용인금속주식회사,6108600591,2015,0,0.0006,0,1,TN
용인금속주식회사,6108600591,2016,0,1e-04,0,1,TN
용인금속주식회사,6108600591,2017,0,0.0003,0,1,TN
용인금속주식회사,6108600591,2018,0,0.0002,0,1,TN
용인금속주식회사,6108600591,2019,0,0.0002,0,1,TN
용인금속주식회사,6108600591,2020,0,0.0013,0,1,TN
용인금속주식회사,6108600591,2021,0,1e-04,0,1,TN
용인금속주식회사,6108600591,2022,0,0.0003,0,1,TN
용인금속주식회사,6108600591,2023,0,0.0004,0,1,TN
용인금속주식회사,6108600591,2024,0,0.0003,0,1,TN
씨에스로직스주식회사,6108600965,2014,0,0.0003,0,1,TN
씨에스로직스주식회사,6108600965,2015,0,0.0003,0,1,TN
씨에스로직스주식회사,6108600965,2016,0,0.0033,0,1,TN
씨에스로직스주식회사,6108600965,2017,0,0.0314,1,0,FP
씨에스로직스주식회사,6108600965,2018,0,0.0434,1,0,FP
씨에스로직스주식회사,6108600965,2019,0,0.0416,1,0,FP
씨에스로직스주식회사,6108600965,2020,0,0.0615,1,0,FP
씨에스로직스주식회사,6108600965,2021,0,0.0138,0,1,TN
씨에스로직스주식회사,6108600965,2022,0,0.0015,0,1,TN
씨에스로직스주식회사,6108600965,2023,0,0.0007,0,1,TN
씨에스로직스주식회사,6108600965,2024,0,0.001,0,1,TN
알파엔지니어링주식회사,6108602420,2018,0,0.001,0,1,TN
알파엔지니어링주식회사,6108602420,2019,0,0.0003,0,1,TN
알파엔지니어링주식회사,6108602420,2020,0,0.0151,0,1,TN
알파엔지니어링주식회사,6108602420,2021,0,0.0193,0,1,TN
알파엔지니어링주식회사,6108602420,2022,0,0.3725,1,0,FP
알파엔지니어링주식회사,6108602420,2023,0,0.0079,0,1,TN
알파엔지니어링주식회사,6108602420,2024,0,0.0059,0,1,TN
(주)시스코,6108605280,2014,0,0.0026,0,1,TN
(주)시스코,6108605280,2015,0,0.0007,0,1,TN
(주)시스코,6108605280,2016,0,0.0844,1,0,FP
(주)시스코,6108605280,2017,0,0.157,1,0,FP
동양알엠피,6108612312,2014,0,0.0016,0,1,TN
동양알엠피,6108612312,2015,0,0.002,0,1,TN
동양알엠피,6108612312,2016,0,0.0119,0,1,TN
동양알엠피,6108612312,2017,0,0.0541,1,0,FP
동양알엠피,6108612312,2018,0,0.0198,0,1,TN
케이티티플랜트,6108613233,2018,0,0.001,0,1,TN
케이티티플랜트,6108613233,2019,0,0.0007,0,1,TN
케이티티플랜트,6108613233,2020,0,0.0012,0,1,TN
케이티티플랜트,6108613233,2021,0,0.0006,0,1,TN
케이티티플랜트,6108613233,2022,0,0.1174,1,0,FP
(주)지경,6108615283,2015,0,0.0007,0,1,TN
(주)지경,6108615283,2016,0,0.0013,0,1,TN
(주)지경,6108615283,2017,0,0.0375,1,0,FP
(주)지경,6108615283,2018,0,0.0233,0,1,TN
(주)지경,6108615283,2019,0,0.0018,0,1,TN
(주)지경,6108615283,2020,0,0.0463,1,0,FP
(주)지경,6108615283,2023,0,0.0874,1,0,FP
(주)지경,6108615283,2024,0,0.094,1,0,FP
주식회사케이디텍,6108616278,2014,0,0.0008,0,1,TN
주식회사케이디텍,6108616278,2015,0,0.0002,0,1,TN
주식회사케이디텍,6108616278,2016,0,0.0003,0,1,TN
주식회사케이디텍,6108616278,2017,0,0.0013,0,1,TN
주식회사케이디텍,6108616278,2018,0,0.001,0,1,TN
주식회사케이디텍,6108616278,2019,0,0.0006,0,1,TN
주식회사케이디텍,6108616278,2020,0,0.0013,0,1,TN
주식회사케이디텍,6108616278,2021,0,0.0014,0,1,TN
주식회사케이디텍,6108616278,2022,0,0.001,0,1,TN
주식회사케이디텍,6108616278,2023,0,0.0084,0,1,TN
주식회사케이디텍,6108616278,2024,0,0.0493,1,0,FP
(주)엠에스티,6108616701,2014,0,0.0019,0,1,TN
(주)엠에스티,6108616701,2015,0,0.0725,1,0,FP
(주)일진에너지,6108625350,2014,0,0.002,0,1,TN
(주)일진에너지,6108625350,2015,0,0.0002,0,1,TN
(주)일진에너지,6108625350,2016,0,0.0004,0,1,TN
(주)일진에너지,6108625350,2017,0,0.0003,0,1,TN
(주)일진에너지,6108625350,2018,0,0.0005,0,1,TN
(주)일진에너지,6108625350,2019,0,0.0004,0,1,TN
(주)일진에너지,6108625350,2020,0,0.0005,0,1,TN
(주)일진에너지,6108625350,2021,0,0.0002,0,1,TN
(주)일진에너지,6108625350,2022,0,0.0004,0,1,TN
(주)일진에너지,6108625350,2023,0,0.0003,0,1,TN
(주)일진에너지,6108625350,2024,0,0.0003,0,1,TN
(주)리앤,6108628395,2017,0,0.0033,0,1,TN
(주)리앤,6108628395,2018,0,0.0022,0,1,TN
(주)리앤,6108628395,2019,0,0.0735,1,0,FP
(주)와이엘이,6118107286,2020,0,0.0009,0,1,TN
(주)와이엘이,6118107286,2021,0,0.001,0,1,TN
(주)와이엘이,6118107286,2022,0,0.0229,0,1,TN
(주)와이엘이,6118107286,2023,0,0.0023,0,1,TN
(주)와이엘이,6118107286,2024,0,0.0026,0,1,TN
(주)삼녹,6128124158,2014,0,0.0089,0,1,TN
(주)삼녹,6128124158,2015,1,0.799,1,1,TP
(주)해양코리아,6128130247,2014,0,0.1429,1,0,FP
(주)해양코리아,6128130247,2015,1,0.9277,1,1,TP
세진하이테크주식회사,6128140522,2014,0,0.0143,0,1,TN
세진하이테크주식회사,6128140522,2015,1,0.8425,1,1,TP
대영기업(주),6128142928,2019,0,0.0021,0,1,TN
대영기업(주),6128142928,2020,0,0.0045,0,1,TN
대영기업(주),6128142928,2021,0,0.0225,0,1,TN
(주)동명특수강,6138105339,2014,0,0.0027,0,1,TN
(주)동명특수강,6138105339,2015,0,0.0013,0,1,TN
(주)동명특수강,6138105339,2016,0,0.0013,0,1,TN
(주)동명특수강,6138105339,2017,0,0.0012,0,1,TN
(주)동명특수강,6138105339,2018,0,0.0019,0,1,TN
(주)동명특수강,6138105339,2019,0,0.0062,0,1,TN
(주)동명특수강,6138105339,2020,0,0.0259,0,1,TN
(주)동명특수강,6138105339,2021,0,0.0098,0,1,TN
(주)동명특수강,6138105339,2022,0,0.0132,0,1,TN
(주)동명특수강,6138105339,2023,0,0.0202,0,1,TN
(주)동명특수강,6138105339,2024,0,0.0084,0,1,TN
주식회사천보철강,6138105815,2014,0,0.1017,1,0,FP
주식회사천보철강,6138105815,2015,0,0.0269,0,1,TN
주식회사천보철강,6138105815,2016,0,0.1223,1,0,FP
주식회사천보철강,6138105815,2017,0,0.058,1,0,FP
주식회사천보철강,6138105815,2018,0,0.0066,0,1,TN
주식회사천보철강,6138105815,2019,0,0.0027,0,1,TN
주식회사천보철강,6138105815,2020,0,0.0685,1,0,FP
주식회사천보철강,6138105815,2021,0,0.0224,0,1,TN
주식회사천보철강,6138105815,2022,0,0.5086,1,0,FP
주식회사천보철강,6138105815,2023,0,0.6609,1,0,FP
주식회사천보철강,6138105815,2024,1,0.5883,1,1,TP
주식회사대연정공,6138110884,2014,0,0.0006,0,1,TN
주식회사대연정공,6138110884,2015,0,0.0005,0,1,TN
주식회사대연정공,6138110884,2016,0,0.0004,0,1,TN
주식회사대연정공,6138110884,2017,0,0.0485,1,0,FP
주식회사대연정공,6138110884,2018,0,0.0137,0,1,TN
주식회사대연정공,6138110884,2019,0,0.0619,1,0,FP
주식회사대연정공,6138110884,2020,1,0.4912,1,1,TP
주식회사금강,6138116078,2017,0,0.0009,0,1,TN
주식회사금강,6138116078,2018,0,0.0003,0,1,TN
주식회사금강,6138116078,2019,0,0.0003,0,1,TN
주식회사금강,6138116078,2020,0,0.0004,0,1,TN
주식회사금강,6138116078,2021,0,0.0011,0,1,TN
주식회사금강,6138116078,2022,0,0.2479,1,0,FP
주식회사금강,6138116078,2023,0,0.3562,1,0,FP
주식회사금강,6138116078,2024,0,0.0251,0,1,TN
세일단조(주),6138119833,2014,0,0.0007,0,1,TN
세일단조(주),6138119833,2015,0,0.0005,0,1,TN
세일단조(주),6138119833,2016,0,0.0003,0,1,TN
세일단조(주),6138119833,2017,0,0.0019,0,1,TN
세일단조(주),6138119833,2018,0,0.0006,0,1,TN
세일단조(주),6138119833,2019,0,0.0385,1,0,FP
세일단조(주),6138119833,2020,0,0.031,1,0,FP
세일단조(주),6138119833,2021,0,0.01,0,1,TN
세일단조(주),6138119833,2022,0,0.0211,0,1,TN
세일단조(주),6138119833,2023,0,0.0019,0,1,TN
세일단조(주),6138119833,2024,1,0.0026,0,0,FN
주식회사세양,6138121469,2014,0,0.0044,0,1,TN
주식회사세양,6138121469,2015,0,0.0061,0,1,TN
주식회사세양,6138121469,2016,0,0.0488,1,0,FP
주식회사세양,6138121469,2017,1,0.5094,1,1,TP
코리아메탈(주),6138138484,2014,1,0.8265,1,1,TP
주식회사남인,6138154179,2014,0,0.0014,0,1,TN
주식회사남인,6138154179,2015,0,0.0009,0,1,TN
주식회사남인,6138154179,2016,0,0.0311,1,0,FP
주식회사남인,6138154179,2017,0,0.0871,1,0,FP
주식회사남인,6138154179,2018,1,0.7933,1,1,TP
주식회사현중테크,6138155765,2014,1,0.3858,1,1,TP
주식회사한국금속,6138162723,2014,1,0.894,1,1,TP
주식회사피앤엘,6138165491,2014,0,0.0006,0,1,TN
주식회사피앤엘,6138165491,2015,0,0.001,0,1,TN
주식회사피앤엘,6138165491,2016,0,0.0003,0,1,TN
주식회사피앤엘,6138165491,2018,0,0.0151,0,1,TN
주식회사피앤엘,6138165491,2019,0,0.0027,0,1,TN
주식회사피앤엘,6138165491,2020,0,0.0685,1,0,FP
주식회사피앤엘,6138165491,2021,0,0.0033,0,1,TN
주식회사피앤엘,6138165491,2022,0,0.0027,0,1,TN
주식회사피앤엘,6138165491,2023,0,0.0044,0,1,TN
주식회사피앤엘,6138165491,2024,0,0.0403,1,0,FP
주식회사금강에스티피,6138180075,2021,0,0.0004,0,1,TN
주식회사금강에스티피,6138180075,2022,0,0.0009,0,1,TN
주식회사금강에스티피,6138180075,2023,0,0.0246,0,1,TN
주식회사금강에스티피,6138180075,2024,0,0.438,1,0,FP
(주)한국카본,6158101585,2014,0,0.0002,0,1,TN
(주)한국카본,6158101585,2015,0,0.0002,0,1,TN
(주)한국카본,6158101585,2016,0,1e-04,0,1,TN
(주)한국카본,6158101585,2017,0,0.0018,0,1,TN
(주)한국카본,6158101585,2018,0,0.0005,0,1,TN
(주)한국카본,6158101585,2019,0,0.0004,0,1,TN
(주)한국카본,6158101585,2020,0,0.002,0,1,TN
(주)한국카본,6158101585,2021,0,1e-04,0,1,TN
(주)한국카본,6158101585,2022,0,0.0002,0,1,TN
(주)한국카본,6158101585,2023,0,0.0015,0,1,TN
(주)한국카본,6158101585,2024,0,0.0011,0,1,TN
(주)가야중공업,6158107371,2014,0,0.1378,1,0,FP
(주)가야중공업,6158107371,2015,0,0.0751,1,0,FP
(주)연합화스너,6158112928,2014,0,0.002,0,1,TN
(주)연합화스너,6158112928,2015,0,0.1157,1,0,FP
(주)연합화스너,6158112928,2016,0,0.0928,1,0,FP
(주)연합화스너,6158112928,2017,1,0.7456,1,1,TP
신우하이테크(주),6158114187,2020,0,0.0008,0,1,TN
신우하이테크(주),6158114187,2021,0,1e-04,0,1,TN
신우하이테크(주),6158114187,2022,0,0.0003,0,1,TN
신우하이테크(주),6158114187,2023,0,0.0003,0,1,TN
신우하이테크(주),6158114187,2024,0,0.0005,0,1,TN
(주)재원비앤씨,6158114381,2014,0,0.0092,0,1,TN
(주)재원비앤씨,6158114381,2015,0,0.0814,1,0,FP
(주)재원비앤씨,6158114381,2016,1,0.6135,1,1,TP
(주)기산산업,6158114528,2014,0,0.006,0,1,TN
(주)기산산업,6158114528,2015,0,0.0352,1,0,FP
(주)기산산업,6158114528,2016,0,0.0083,0,1,TN
(주)기산산업,6158114528,2017,0,0.0026,0,1,TN
(주)기산산업,6158114528,2018,0,0.0026,0,1,TN
(주)기산산업,6158114528,2019,0,0.0123,0,1,TN
(주)기산산업,6158114528,2020,0,0.022,0,1,TN
(주)기산산업,6158114528,2021,0,0.0122,0,1,TN
(주)기산산업,6158114528,2022,0,0.0037,0,1,TN
(주)기산산업,6158114528,2023,0,0.0065,0,1,TN
(주)기산산업,6158114528,2024,0,0.0112,0,1,TN
주식회사광진엔지니어링,6158114678,2014,0,0.0153,0,1,TN
주식회사광진엔지니어링,6158114678,2015,0,0.0103,0,1,TN
주식회사광진엔지니어링,6158114678,2016,0,0.0582,1,0,FP
주식회사광진엔지니어링,6158114678,2017,0,0.0893,1,0,FP
주식회사광진엔지니어링,6158114678,2018,1,0.7081,1,1,TP
청룡산업(주),6158116564,2014,0,0.0141,0,1,TN
청룡산업(주),6158116564,2015,0,0.1582,1,0,FP
청룡산업(주),6158116564,2016,0,0.0055,0,1,TN
청룡산업(주),6158116564,2017,0,0.0148,0,1,TN
청룡산업(주),6158116564,2018,0,0.0418,1,0,FP
청룡산업(주),6158116564,2019,0,0.0023,0,1,TN
청룡산업(주),6158116564,2020,0,0.0051,0,1,TN
청룡산업(주),6158116564,2021,0,0.0003,0,1,TN
청룡산업(주),6158116564,2022,0,0.0014,0,1,TN
청룡산업(주),6158116564,2023,0,0.0017,0,1,TN
청룡산업(주),6158116564,2024,0,0.0007,0,1,TN
월드메카텍(주),6158118510,2020,0,0.0006,0,1,TN
월드메카텍(주),6158118510,2021,0,0.0002,0,1,TN
월드메카텍(주),6158118510,2022,0,0.0019,0,1,TN
월드메카텍(주),6158118510,2023,0,0.0006,0,1,TN
월드메카텍(주),6158118510,2024,0,0.0144,0,1,TN
코리아갈바(주),6158118922,2020,0,0.0032,0,1,TN
코리아갈바(주),6158118922,2021,0,0.0035,0,1,TN
코리아갈바(주),6158118922,2022,0,0.0031,0,1,TN
코리아갈바(주),6158118922,2023,0,0.001,0,1,TN
코리아갈바(주),6158118922,2024,0,0.0481,1,0,FP
(주)대양정기,6158119504,2014,1,0.3535,1,1,TP
(주)삼풍하이텍,6158123202,2018,0,0.001,0,1,TN
(주)삼풍하이텍,6158123202,2019,0,0.0017,0,1,TN
(주)삼풍하이텍,6158123202,2020,0,0.1223,1,0,FP
(주)삼풍하이텍,6158123202,2021,0,0.0079,0,1,TN
(주)삼풍하이텍,6158123202,2022,0,0.0029,0,1,TN
(주)삼풍하이텍,6158123202,2023,0,0.0005,0,1,TN
신안건업주식회사,6158123497,2014,0,0.0014,0,1,TN
신안건업주식회사,6158123497,2015,0,0.0009,0,1,TN
신안건업주식회사,6158123497,2016,0,0.022,0,1,TN
신안건업주식회사,6158123497,2017,0,0.0045,0,1,TN
신안건업주식회사,6158123497,2018,0,0.002,0,1,TN
신안건업주식회사,6158123497,2019,0,0.0023,0,1,TN
신안건업주식회사,6158123497,2020,0,0.0027,0,1,TN
신안건업주식회사,6158123497,2021,0,0.0064,0,1,TN
신안건업주식회사,6158123497,2022,0,0.0037,0,1,TN
신안건업주식회사,6158123497,2023,0,0.05,1,0,FP
신안건업주식회사,6158123497,2024,0,0.0277,0,1,TN
한국칼라강재(주),6158127116,2014,0,0.0137,0,1,TN
한국칼라강재(주),6158127116,2015,0,0.0216,0,1,TN
한국칼라강재(주),6158127116,2016,0,0.0199,0,1,TN
한국칼라강재(주),6158127116,2017,0,0.1563,1,0,FP
한국칼라강재(주),6158127116,2018,1,0.8124,1,1,TP
부강스프링주식회사,6158128022,2014,0,0.0009,0,1,TN
부강스프링주식회사,6158128022,2015,0,0.0003,0,1,TN
부강스프링주식회사,6158128022,2016,0,0.0015,0,1,TN
부강스프링주식회사,6158128022,2017,0,0.0003,0,1,TN
부강스프링주식회사,6158128022,2018,0,0.0008,0,1,TN
부강스프링주식회사,6158128022,2019,0,0.0005,0,1,TN
부강스프링주식회사,6158128022,2020,0,0.0009,0,1,TN
부강스프링주식회사,6158128022,2021,0,0.0002,0,1,TN
부강스프링주식회사,6158128022,2022,0,0.0003,0,1,TN
부강스프링주식회사,6158128022,2023,0,1e-04,0,1,TN
부강스프링주식회사,6158128022,2024,0,0.0003,0,1,TN
(주)유니온물산,6158128468,2022,0,0.0056,0,1,TN
(주)유니온물산,6158128468,2023,0,0.0037,0,1,TN
(주)유니온물산,6158128468,2024,0,0.0035,0,1,TN
(주)온일포밍아트,6158128911,2017,1,0.4872,1,1,TP
(주)승산팩,6158128982,2018,0,0.0011,0,1,TN
(주)승산팩,6158128982,2019,0,0.02,0,1,TN
(주)승산팩,6158128982,2020,1,0.6294,1,1,TP
주식회사월드테크,6158129486,2014,0,0.0091,0,1,TN
태경중공업(주),6158130789,2014,0,0.0067,0,1,TN
(주)대양정밀,6158134766,2022,0,0.0022,0,1,TN
(주)대양정밀,6158134766,2023,0,0.44,1,0,FP
(주)대양정밀,6158134766,2024,1,0.3146,1,1,TP
(주)남경,6158136987,2016,0,0.0012,0,1,TN
(주)남경,6158136987,2017,0,0.0003,0,1,TN
(주)남경,6158136987,2018,0,0.0014,0,1,TN
(주)남경,6158136987,2019,0,0.0004,0,1,TN
(주)남경,6158136987,2020,0,0.0139,0,1,TN
(주)남경,6158136987,2021,0,0.1175,1,0,FP
(주)남경,6158136987,2022,0,0.0029,0,1,TN
(주)남경,6158136987,2023,0,0.0008,0,1,TN
(주)남경,6158136987,2024,0,0.0007,0,1,TN
(주)대현상공,6158138933,2014,0,0.0002,0,1,TN
(주)대현상공,6158138933,2015,0,1e-04,0,1,TN
(주)대현상공,6158138933,2016,0,1e-04,0,1,TN
(주)대현상공,6158138933,2017,0,1e-04,0,1,TN
(주)대현상공,6158138933,2018,0,1e-04,0,1,TN
(주)대현상공,6158138933,2019,0,0.0002,0,1,TN
(주)대현상공,6158138933,2020,0,0.0009,0,1,TN
(주)대현상공,6158138933,2021,0,0.0002,0,1,TN
(주)대현상공,6158138933,2022,0,0.0094,0,1,TN
(주)대현상공,6158138933,2023,0,0.0005,0,1,TN
(주)대현상공,6158138933,2024,0,0.0003,0,1,TN
진광모비코(주),6158140313,2014,0,0.0026,0,1,TN
진광모비코(주),6158140313,2015,0,0.0011,0,1,TN
진광모비코(주),6158140313,2022,0,0.018,0,1,TN
진광모비코(주),6158140313,2023,0,0.1398,1,0,FP
진광모비코(주),6158140313,2024,1,0.3298,1,1,TP
(주)한일FORGING,6158142913,2014,0,0.0024,0,1,TN
(주)한일FORGING,6158142913,2015,0,0.0065,0,1,TN
(주)한일FORGING,6158142913,2016,0,0.0031,0,1,TN
(주)한일FORGING,6158142913,2017,0,0.0672,1,0,FP
(주)한일FORGING,6158142913,2018,0,0.1024,1,0,FP
(주)한일FORGING,6158142913,2019,1,0.7303,1,1,TP
(주)디에이취엠씨,6158142932,2014,0,1e-04,0,1,TN
(주)디에이취엠씨,6158142932,2015,0,0.0013,0,1,TN
(주)디에이취엠씨,6158142932,2016,0,0.0002,0,1,TN
(주)디에이취엠씨,6158142932,2017,0,0.0037,0,1,TN
(주)디에이취엠씨,6158142932,2018,0,0.0002,0,1,TN
(주)디에이취엠씨,6158142932,2019,0,0.0009,0,1,TN
(주)디에이취엠씨,6158142932,2020,0,0.0009,0,1,TN
(주)디에이취엠씨,6158142932,2021,0,0.0003,0,1,TN
(주)디에이취엠씨,6158142932,2022,0,0.0004,0,1,TN
(주)디에이취엠씨,6158142932,2023,0,0.0002,0,1,TN
(주)디에이취엠씨,6158142932,2024,0,0.001,0,1,TN
주식회사금정,6158144022,2014,0,0.1045,1,0,FP
영신티알,6158146603,2018,0,0.0013,0,1,TN
영신티알,6158146603,2019,0,0.0007,0,1,TN
영신티알,6158146603,2020,0,0.0015,0,1,TN
영신티알,6158146603,2021,0,0.0005,0,1,TN
영신티알,6158146603,2022,0,0.001,0,1,TN
영신티알,6158146603,2023,0,0.0034,0,1,TN
영신티알,6158146603,2024,0,0.0101,0,1,TN
(주)엘피스테크,6158147373,2022,0,0.0016,0,1,TN
(주)엘피스테크,6158147373,2023,0,0.0005,0,1,TN
(주)엘피스테크,6158147373,2024,0,0.0527,1,0,FP
주식회사성일에이치알,6158148047,2014,0,0.0016,0,1,TN
주식회사성일에이치알,6158148047,2015,0,0.0036,0,1,TN
주식회사성일에이치알,6158148047,2016,0,0.0037,0,1,TN
주식회사성일에이치알,6158148047,2017,0,0.0565,1,0,FP
주식회사성일에이치알,6158148047,2018,0,0.0075,0,1,TN
주식회사성일에이치알,6158148047,2019,0,0.0154,0,1,TN
주식회사성일에이치알,6158148047,2020,0,0.0137,0,1,TN
주식회사성일에이치알,6158148047,2021,0,0.0072,0,1,TN
주식회사성일에이치알,6158148047,2022,0,0.0131,0,1,TN
주식회사성일에이치알,6158148047,2023,0,0.0558,1,0,FP
주식회사진영코리아,6158148620,2016,0,0.0005,0,1,TN
주식회사진영코리아,6158148620,2017,0,0.0002,0,1,TN
주식회사진영코리아,6158148620,2018,0,0.0115,0,1,TN
주식회사진영코리아,6158148620,2019,0,0.0003,0,1,TN
주식회사진영코리아,6158148620,2020,0,0.0017,0,1,TN
주식회사진영코리아,6158148620,2021,0,0.001,0,1,TN
주식회사진영코리아,6158148620,2022,0,0.0044,0,1,TN
주식회사진영코리아,6158148620,2023,0,0.0041,0,1,TN
주식회사진영코리아,6158148620,2024,0,0.0006,0,1,TN
주식회사한국선박기술,6158150470,2014,0,0.0005,0,1,TN
주식회사한국선박기술,6158150470,2015,0,0.0007,0,1,TN
주식회사한국선박기술,6158150470,2016,0,0.0007,0,1,TN
주식회사한국선박기술,6158150470,2017,0,0.001,0,1,TN
주식회사한국선박기술,6158150470,2018,0,0.032,1,0,FP
주식회사한국선박기술,6158150470,2019,0,0.0034,0,1,TN
주식회사한국선박기술,6158150470,2020,0,0.0012,0,1,TN
주식회사한국선박기술,6158150470,2021,0,0.0247,0,1,TN
주식회사한국선박기술,6158150470,2022,0,0.0625,1,0,FP
주식회사한국선박기술,6158150470,2023,0,0.0116,0,1,TN
주식회사한국선박기술,6158150470,2024,0,0.0011,0,1,TN
주식회사제이엠피코리아,6158152221,2020,0,0.0012,0,1,TN
주식회사제이엠피코리아,6158152221,2021,0,1e-04,0,1,TN
주식회사제이엠피코리아,6158152221,2022,0,0.0005,0,1,TN
주식회사제이엠피코리아,6158152221,2023,0,0.0014,0,1,TN
주식회사제이엠피코리아,6158152221,2024,0,0.003,0,1,TN
(주)대성피에스,6158155081,2014,0,0.0035,0,1,TN
(주)대성피에스,6158155081,2015,0,0.0008,0,1,TN
(주)대성피에스,6158155081,2016,0,0.0028,0,1,TN
(주)대성피에스,6158155081,2017,0,0.0074,0,1,TN
(주)대성피에스,6158155081,2018,0,0.0947,1,0,FP
(주)대성피에스,6158155081,2019,0,0.0147,0,1,TN
(주)대성피에스,6158155081,2020,0,0.0084,0,1,TN
동우테크주식회사,6158155683,2016,0,0.0009,0,1,TN
동우테크주식회사,6158155683,2017,0,0.0017,0,1,TN
동우테크주식회사,6158155683,2018,0,0.0511,1,0,FP
동우테크주식회사,6158155683,2019,0,0.0409,1,0,FP
동우테크주식회사,6158155683,2020,0,0.0028,0,1,TN
동우테크주식회사,6158155683,2021,0,0.0012,0,1,TN
동우테크주식회사,6158155683,2022,0,0.034,1,0,FP
동우테크주식회사,6158155683,2023,0,0.0038,0,1,TN
동우테크주식회사,6158155683,2024,0,0.0111,0,1,TN
금강메탈(주),6158156436,2014,0,0.0007,0,1,TN
금강메탈(주),6158156436,2015,0,0.0021,0,1,TN
금강메탈(주),6158156436,2016,0,0.0078,0,1,TN
금강메탈(주),6158156436,2017,0,0.0079,0,1,TN
금강메탈(주),6158156436,2018,0,0.0017,0,1,TN
금강메탈(주),6158156436,2019,0,0.001,0,1,TN
금강메탈(주),6158156436,2020,0,0.0206,0,1,TN
금강메탈(주),6158156436,2021,0,0.2016,1,0,FP
금강메탈(주),6158156436,2022,0,0.004,0,1,TN
금강메탈(주),6158156436,2023,0,0.0368,1,0,FP
금강메탈(주),6158156436,2024,0,0.0627,1,0,FP
주식회사유아,6158156625,2014,0,0.0004,0,1,TN
주식회사유아,6158156625,2015,0,0.0006,0,1,TN
주식회사유아,6158156625,2016,0,0.0006,0,1,TN
주식회사유아,6158156625,2017,0,0.0011,0,1,TN
주식회사유아,6158156625,2018,0,0.0014,0,1,TN
주식회사유아,6158156625,2019,0,0.0015,0,1,TN
주식회사유아,6158156625,2020,0,0.0114,0,1,TN
주식회사유아,6158156625,2021,0,0.0452,1,0,FP
주식회사유아,6158156625,2022,0,0.0036,0,1,TN
주식회사유아,6158156625,2023,0,0.0008,0,1,TN
주식회사유아,6158156625,2024,0,0.001,0,1,TN
(주)한성엠엔에스,6158156789,2015,0,0.0004,0,1,TN
(주)한성엠엔에스,6158156789,2016,0,1e-04,0,1,TN
(주)한성엠엔에스,6158156789,2017,0,0.001,0,1,TN
(주)한성엠엔에스,6158156789,2019,0,0.0027,0,1,TN
(주)한성엠엔에스,6158156789,2020,0,0.0173,0,1,TN
(주)한성엠엔에스,6158156789,2021,0,0.0684,1,0,FP
(주)한성엠엔에스,6158156789,2022,0,0.0012,0,1,TN
(주)한성엠엔에스,6158156789,2023,0,0.0006,0,1,TN
(주)한성엠엔에스,6158156789,2024,0,0.0005,0,1,TN
주식회사다연테크,6158157250,2016,0,0.0019,0,1,TN
주식회사다연테크,6158157250,2017,0,0.0541,1,0,FP
주식회사다연테크,6158157250,2018,0,0.0047,0,1,TN
주식회사다연테크,6158157250,2019,0,0.0076,0,1,TN
(주)유창스틸산업,6158158491,2021,0,0.0003,0,1,TN
(주)유창스틸산업,6158158491,2022,0,1e-04,0,1,TN
(주)유창스틸산업,6158158491,2023,0,0.0006,0,1,TN
(주)유창스틸산업,6158158491,2024,0,0.0002,0,1,TN
(주)SCISP,6158160584,2021,0,0.0005,0,1,TN
(주)SCISP,6158160584,2022,0,0.0004,0,1,TN
(주)SCISP,6158160584,2023,0,0.0012,0,1,TN
(주)SCISP,6158160584,2024,0,0.0005,0,1,TN
주식회사하나스틸,6158161851,2014,0,0.0003,0,1,TN
주식회사하나스틸,6158161851,2015,0,0.0006,0,1,TN
주식회사하나스틸,6158161851,2016,0,0.0004,0,1,TN
주식회사하나스틸,6158161851,2017,0,0.0004,0,1,TN
주식회사하나스틸,6158161851,2018,0,0.0004,0,1,TN
주식회사하나스틸,6158161851,2019,0,0.0005,0,1,TN
주식회사하나스틸,6158161851,2020,0,0.001,0,1,TN
주식회사하나스틸,6158161851,2022,0,0.0023,0,1,TN
주식회사하나스틸,6158161851,2023,0,0.003,0,1,TN
주식회사하나스틸,6158161851,2024,0,0.0003,0,1,TN
주식회사원일현대에프엔티,6158164881,2014,0,0.0033,0,1,TN
주식회사원일현대에프엔티,6158164881,2015,0,0.001,0,1,TN
주식회사원일현대에프엔티,6158164881,2016,0,0.002,0,1,TN
주식회사원일현대에프엔티,6158164881,2017,0,0.004,0,1,TN
주식회사원일현대에프엔티,6158164881,2018,0,0.0132,0,1,TN
주식회사원일현대에프엔티,6158164881,2019,0,0.06,1,0,FP
주식회사원일현대에프엔티,6158164881,2020,0,0.0109,0,1,TN
주식회사원일현대에프엔티,6158164881,2021,0,0.0014,0,1,TN
주식회사원일현대에프엔티,6158164881,2022,0,0.0012,0,1,TN
주식회사원일현대에프엔티,6158164881,2023,0,0.0011,0,1,TN
주식회사원일현대에프엔티,6158164881,2024,0,0.0007,0,1,TN
오션테크주식회사,6158170461,2014,0,0.0012,0,1,TN
오션테크주식회사,6158170461,2015,0,0.0206,0,1,TN
오션테크주식회사,6158170461,2016,0,0.0227,0,1,TN
오션테크주식회사,6158170461,2017,0,0.0599,1,0,FP
오션테크주식회사,6158170461,2018,0,0.1267,1,0,FP
오션테크주식회사,6158170461,2019,1,0.7217,1,1,TP
금비산업주식회사,6158171984,2014,0,0.0018,0,1,TN
금비산업주식회사,6158171984,2015,0,0.0084,0,1,TN
금비산업주식회사,6158171984,2016,0,0.0012,0,1,TN
금비산업주식회사,6158171984,2017,0,0.0055,0,1,TN
금비산업주식회사,6158171984,2018,0,0.0076,0,1,TN
금비산업주식회사,6158171984,2019,0,0.0075,0,1,TN
한국법랑주식회사,6158174244,2017,0,0.0005,0,1,TN
한국법랑주식회사,6158174244,2018,0,1e-04,0,1,TN
한국법랑주식회사,6158174244,2019,0,0.0003,0,1,TN
(주)상재스틸,6158174512,2014,0,0.0092,0,1,TN
(주)상재스틸,6158174512,2015,0,0.001,0,1,TN
(주)상재스틸,6158174512,2016,0,0.0014,0,1,TN
(주)상재스틸,6158174512,2017,0,0.0016,0,1,TN
(주)상재스틸,6158174512,2018,0,0.0003,0,1,TN
(주)상재스틸,6158174512,2019,0,0.0005,0,1,TN
(주)상재스틸,6158174512,2020,0,0.0007,0,1,TN
(주)상재스틸,6158174512,2021,0,0.0012,0,1,TN
(주)상재스틸,6158174512,2022,0,0.002,0,1,TN
(주)상재스틸,6158174512,2023,0,0.0014,0,1,TN
(주)상재스틸,6158174512,2024,0,0.0005,0,1,TN
동창단조(주),6158182860,2021,0,0.0007,0,1,TN
동창단조(주),6158182860,2022,0,0.001,0,1,TN
동창단조(주),6158182860,2023,0,0.2411,1,0,FP
동창단조(주),6158182860,2024,0,0.6367,1,0,FP
(주)앰솔,6158184363,2015,0,0.0031,0,1,TN
(주)앰솔,6158184363,2016,0,0.0013,0,1,TN
(주)앰솔,6158184363,2017,0,0.0218,0,1,TN
(주)앰솔,6158184363,2018,0,0.0088,0,1,TN
천호하이테크주식회사,6158184892,2022,0,0.0009,0,1,TN
천호하이테크주식회사,6158184892,2023,0,0.0004,0,1,TN
천호하이테크주식회사,6158184892,2024,0,0.0002,0,1,TN
주식회사아텍,6158185907,2014,0,0.0027,0,1,TN
주식회사아텍,6158185907,2015,0,0.0112,0,1,TN
주식회사아텍,6158185907,2016,0,0.0158,0,1,TN
주식회사아텍,6158185907,2017,0,0.0006,0,1,TN
주식회사아텍,6158185907,2018,0,0.0016,0,1,TN
주식회사아텍,6158185907,2019,0,0.0009,0,1,TN
주식회사아텍,6158185907,2020,0,0.0045,0,1,TN
(주)청해,6158186681,2015,0,0.0009,0,1,TN
(주)청해,6158186681,2016,0,0.0003,0,1,TN
(주)청해,6158186681,2017,0,0.0965,1,0,FP
(주)청해,6158186681,2018,0,0.0432,1,0,FP
(주)청해,6158186681,2019,1,0.5575,1,1,TP
(주)부경,6158186736,2015,0,0.0009,0,1,TN
(주)부경,6158186736,2016,0,0.0081,0,1,TN
(주)부경,6158186736,2017,0,0.0895,1,0,FP
(주)대영산전,6158188447,2015,0,0.0029,0,1,TN
(주)대영산전,6158188447,2016,0,0.0392,1,0,FP
(주)대영산전,6158188447,2017,1,0.8344,1,1,TP
주식회사대동,6158188530,2014,0,0.0011,0,1,TN
주식회사대동,6158188530,2015,0,0.0058,0,1,TN
주식회사대동,6158188530,2016,0,0.0009,0,1,TN
주식회사대동,6158188530,2017,0,0.001,0,1,TN
주식회사대동,6158188530,2018,0,0.0005,0,1,TN
주식회사대동,6158188530,2019,0,0.0008,0,1,TN
주식회사대동,6158188530,2020,0,0.0473,1,0,FP
주식회사대동,6158188530,2021,1,0.8707,1,1,TP
(주)쓰리에스,6158192257,2016,0,0.0012,0,1,TN
(주)쓰리에스,6158192257,2017,0,0.0009,0,1,TN
(주)쓰리에스,6158192257,2018,0,0.0022,0,1,TN
(주)쓰리에스,6158192257,2019,0,0.0738,1,0,FP
(주)쓰리에스,6158192257,2020,0,0.0427,1,0,FP
주식회사이노스틸,6158199565,2021,0,0.0007,0,1,TN
주식회사이노스틸,6158199565,2022,0,0.0005,0,1,TN
주식회사이노스틸,6158199565,2023,0,0.001,0,1,TN
주식회사이노스틸,6158199565,2024,0,0.0004,0,1,TN
주식회사SNC,6158400234,2014,0,0.0011,0,1,TN
주식회사SNC,6158400234,2015,0,0.0003,0,1,TN
주식회사SNC,6158400234,2016,0,0.0004,0,1,TN
주식회사SNC,6158400234,2017,0,0.0008,0,1,TN
주식회사SNC,6158400234,2018,0,0.0027,0,1,TN
주식회사SNC,6158400234,2019,0,0.0015,0,1,TN
주식회사SNC,6158400234,2020,0,0.0002,0,1,TN
주식회사SNC,6158400234,2021,0,1e-04,0,1,TN
주식회사SNC,6158400234,2022,0,0.001,0,1,TN
주식회사SNC,6158400234,2023,0,0.0006,0,1,TN
주식회사SNC,6158400234,2024,0,0.0008,0,1,TN
(주)비에프케이,6158600811,2022,0,0.0009,0,1,TN
(주)비에프케이,6158600811,2023,0,0.0006,0,1,TN
(주)비에프케이,6158600811,2024,0,0.0008,0,1,TN
명성금속주식회사,6158601353,2014,0,0.0008,0,1,TN
명성금속주식회사,6158601353,2015,0,0.0004,0,1,TN
명성금속주식회사,6158601353,2016,0,0.0023,0,1,TN
명성금속주식회사,6158601353,2017,0,0.0624,1,0,FP
명성금속주식회사,6158601353,2018,0,0.0006,0,1,TN
명성금속주식회사,6158601353,2019,0,0.0006,0,1,TN
명성금속주식회사,6158601353,2020,0,0.0019,0,1,TN
명성금속주식회사,6158601353,2021,0,0.0022,0,1,TN
명성금속주식회사,6158601353,2022,0,0.0025,0,1,TN
명성금속주식회사,6158601353,2023,0,0.0017,0,1,TN
명성금속주식회사,6158601353,2024,0,0.0007,0,1,TN
글로벌마린서비스주식회사,6158603119,2018,0,0.0006,0,1,TN
글로벌마린서비스주식회사,6158603119,2019,0,0.0002,0,1,TN
글로벌마린서비스주식회사,6158603119,2020,0,0.0004,0,1,TN
글로벌마린서비스주식회사,6158603119,2021,0,0.0003,0,1,TN
글로벌마린서비스주식회사,6158603119,2022,0,0.0005,0,1,TN
글로벌마린서비스주식회사,6158603119,2023,0,0.0007,0,1,TN
글로벌마린서비스주식회사,6158603119,2024,0,0.0025,0,1,TN
주식회사와이씨에프,6158604025,2014,0,0.0017,0,1,TN
주식회사와이씨에프,6158604025,2015,0,0.0064,0,1,TN
주식회사와이씨에프,6158604025,2016,1,0.7428,1,1,TP
(주)상우클램프,6158611282,2015,0,0.0012,0,1,TN
(주)상우클램프,6158611282,2016,0,0.002,0,1,TN
(주)상우클램프,6158611282,2017,0,0.0348,1,0,FP
(주)상우클램프,6158611282,2018,0,0.0057,0,1,TN
주식회사디와이일렉트릭,6158612132,2018,0,0.0005,0,1,TN
주식회사디와이일렉트릭,6158612132,2019,0,0.0005,0,1,TN
주식회사디와이일렉트릭,6158612132,2020,0,0.0033,0,1,TN
주식회사디와이일렉트릭,6158612132,2021,0,0.0017,0,1,TN
주식회사디와이일렉트릭,6158612132,2022,0,0.0017,0,1,TN
주식회사디와이일렉트릭,6158612132,2023,0,0.001,0,1,TN
주식회사디와이일렉트릭,6158612132,2024,0,0.0011,0,1,TN
한라스틸산업(주),6168150376,2015,0,0.0007,0,1,TN
한라스틸산업(주),6168150376,2016,0,1e-04,0,1,TN
한라스틸산업(주),6168150376,2017,0,0.0033,0,1,TN
한라스틸산업(주),6168150376,2018,0,0.0032,0,1,TN
한라스틸산업(주),6168150376,2019,0,0.0003,0,1,TN
한라스틸산업(주),6168150376,2020,0,0.0173,0,1,TN
한라스틸산업(주),6168150376,2021,0,0.0876,1,0,FP
한라스틸산업(주),6168150376,2022,1,0.1212,1,1,TP
주식회사젠픽스,6178176874,2018,0,0.0007,0,1,TN
주식회사젠픽스,6178176874,2019,0,0.0003,0,1,TN
주식회사젠픽스,6178176874,2020,0,0.0015,0,1,TN
주식회사젠픽스,6178176874,2021,0,0.001,0,1,TN
주식회사젠픽스,6178176874,2022,0,0.0024,0,1,TN
주식회사젠픽스,6178176874,2023,0,0.0095,0,1,TN
주식회사젠픽스,6178176874,2024,0,0.0224,0,1,TN
주식회사피에스엠,6178622714,2014,0,0.004,0,1,TN
주식회사피에스엠,6178622714,2015,0,0.0158,0,1,TN
주식회사피에스엠,6178622714,2016,0,0.0007,0,1,TN
주식회사피에스엠,6178622714,2017,0,0.0004,0,1,TN
주식회사피에스엠,6178622714,2018,0,0.001,0,1,TN
주식회사피에스엠,6178622714,2019,0,0.0015,0,1,TN
주식회사피에스엠,6178622714,2020,0,0.0005,0,1,TN
주식회사피에스엠,6178622714,2021,0,1e-04,0,1,TN
주식회사피에스엠,6178622714,2022,0,0.0017,0,1,TN
주식회사피에스엠,6178622714,2023,0,0.0004,0,1,TN
주식회사피에스엠,6178622714,2024,0,0.0084,0,1,TN
오리엔스금속주식회사,6188113154,2014,0,0.0008,0,1,TN
오리엔스금속주식회사,6188113154,2015,0,0.0005,0,1,TN
오리엔스금속주식회사,6188113154,2016,0,0.0016,0,1,TN
오리엔스금속주식회사,6188113154,2017,0,0.0029,0,1,TN
오리엔스금속주식회사,6188113154,2018,0,0.0022,0,1,TN
오리엔스금속주식회사,6188113154,2019,0,0.0303,1,0,FP
오리엔스금속주식회사,6188113154,2020,0,0.0318,1,0,FP
오리엔스금속주식회사,6188113154,2021,0,0.0211,0,1,TN
오리엔스금속주식회사,6188113154,2022,0,0.0011,0,1,TN
오리엔스금속주식회사,6188113154,2023,0,0.0222,0,1,TN
오리엔스금속주식회사,6188113154,2024,0,0.0032,0,1,TN
주식회사금강방화문,6188600673,2018,0,0.0006,0,1,TN
주식회사금강방화문,6188600673,2019,0,0.0004,0,1,TN
주식회사금강방화문,6188600673,2020,0,0.0013,0,1,TN
주식회사금강방화문,6188600673,2021,0,1e-04,0,1,TN
주식회사금강방화문,6188600673,2022,0,0.0006,0,1,TN
주식회사금강방화문,6188600673,2023,0,0.0016,0,1,TN
주식회사금강방화문,6188600673,2024,0,0.0004,0,1,TN
주식회사이든철강,6198107451,2022,0,0.0019,0,1,TN
주식회사이든철강,6198107451,2023,0,0.0018,0,1,TN
주식회사이든철강,6198107451,2024,0,0.0011,0,1,TN
금강기계공업주식회사,6208103135,2014,0,0.0013,0,1,TN
금강기계공업주식회사,6208103135,2015,0,0.001,0,1,TN
금강기계공업주식회사,6208103135,2016,0,0.003,0,1,TN
금강기계공업주식회사,6208103135,2017,0,0.0006,0,1,TN
금강기계공업주식회사,6208103135,2018,0,0.0006,0,1,TN
금강기계공업주식회사,6208103135,2019,0,0.0004,0,1,TN
금강기계공업주식회사,6208103135,2020,0,0.0014,0,1,TN
금강기계공업주식회사,6208103135,2021,0,0.0027,0,1,TN
금강기계공업주식회사,6208103135,2022,0,0.0007,0,1,TN
금강기계공업주식회사,6208103135,2023,0,0.0151,0,1,TN
금강기계공업주식회사,6208103135,2024,0,0.0023,0,1,TN
덕산산업(주),6208105434,2014,0,1e-04,0,1,TN
덕산산업(주),6208105434,2015,0,0.0002,0,1,TN
덕산산업(주),6208105434,2016,0,0.0007,0,1,TN
덕산산업(주),6208105434,2017,0,0.0014,0,1,TN
덕산산업(주),6208105434,2018,0,0.0003,0,1,TN
덕산산업(주),6208105434,2019,0,0.0003,0,1,TN
덕산산업(주),6208105434,2020,0,1e-04,0,1,TN
덕산산업(주),6208105434,2021,0,1e-04,0,1,TN
덕산산업(주),6208105434,2022,0,0.0006,0,1,TN
덕산산업(주),6208105434,2023,0,0.0009,0,1,TN
덕산산업(주),6208105434,2024,0,0.0062,0,1,TN
현대산업기계(주),6208110223,2014,0,0.0305,1,0,FP
현대산업기계(주),6208110223,2015,0,0.1874,1,0,FP
현대산업기계(주),6208110223,2016,1,0.8016,1,1,TP
송재산업(주),6208116019,2014,1,0.5749,1,1,TP
(주)펠릭스테크,6208117264,2014,0,0.0007,0,1,TN
(주)펠릭스테크,6208117264,2015,0,0.0026,0,1,TN
(주)펠릭스테크,6208117264,2016,0,0.0039,0,1,TN
(주)펠릭스테크,6208117264,2017,0,0.003,0,1,TN
(주)펠릭스테크,6208117264,2018,0,0.0046,0,1,TN
(주)펠릭스테크,6208117264,2019,0,0.0008,0,1,TN
(주)펠릭스테크,6208117264,2020,0,0.0049,0,1,TN
(주)펠릭스테크,6208117264,2021,0,0.0007,0,1,TN
(주)펠릭스테크,6208117264,2022,0,0.0009,0,1,TN
(주)펠릭스테크,6208117264,2023,0,0.0006,0,1,TN
(주)펠릭스테크,6208117264,2024,0,0.0012,0,1,TN
(주)대광산업,6208138309,2019,0,0.0014,0,1,TN
(주)대광산업,6208138309,2020,0,0.0793,1,0,FP
(주)대광산업,6208138309,2021,0,0.0072,0,1,TN
(주)대광산업,6208138309,2022,0,0.1899,1,0,FP
(주)대광산업,6208138309,2023,0,0.0074,0,1,TN
(주)대광산업,6208138309,2024,0,0.0336,1,0,FP
주식회사켐프,6208138861,2021,1,0.7492,1,1,TP
(주)한국오엠티,6208139502,2014,0,0.0008,0,1,TN
(주)한국오엠티,6208139502,2015,0,0.0002,0,1,TN
(주)한국오엠티,6208139502,2016,0,0.0355,1,0,FP
(주)한국오엠티,6208139502,2017,0,0.3065,1,0,FP
(주)한국오엠티,6208139502,2018,1,0.9297,1,1,TP
에이스정공,6208141181,2018,0,0.0026,0,1,TN
에이스정공,6208141181,2019,0,0.0048,0,1,TN
에이스정공,6208141181,2020,0,0.0145,0,1,TN
에이스정공,6208141181,2021,0,0.0086,0,1,TN
에이스정공,6208141181,2022,0,0.075,1,0,FP
에이스정공,6208141181,2023,0,0.2003,1,0,FP
에이스정공,6208141181,2024,0,0.1658,1,0,FP
티디이엔텍(주),6208141347,2015,0,0.0007,0,1,TN
티디이엔텍(주),6208141347,2016,0,0.0041,0,1,TN
티디이엔텍(주),6208141347,2017,0,0.0054,0,1,TN
티디이엔텍(주),6208141347,2018,0,0.0036,0,1,TN
티디이엔텍(주),6208141347,2019,0,0.0006,0,1,TN
티디이엔텍(주),6208141347,2020,0,0.0098,0,1,TN
티디이엔텍(주),6208141347,2021,0,0.0578,1,0,FP
티디이엔텍(주),6208141347,2022,0,0.0059,0,1,TN
티디이엔텍(주),6208141347,2023,1,0.0055,0,0,FN
한주유로폼주식회사,6208145829,2014,0,0.0134,0,1,TN
한주유로폼주식회사,6208145829,2015,0,0.003,0,1,TN
한주유로폼주식회사,6208145829,2016,0,0.002,0,1,TN
한주유로폼주식회사,6208145829,2017,0,0.004,0,1,TN
한주유로폼주식회사,6208145829,2018,0,0.023,0,1,TN
한주유로폼주식회사,6208145829,2019,0,0.0012,0,1,TN
한주유로폼주식회사,6208145829,2023,0,0.0065,0,1,TN
한주유로폼주식회사,6208145829,2024,0,0.06,1,0,FP
주식회사모토,6208152316,2015,0,0.0016,0,1,TN
주식회사모토,6208152316,2016,0,0.0072,0,1,TN
주식회사모토,6208152316,2017,0,0.0129,0,1,TN
주식회사백산금속,6218101988,2019,0,0.0006,0,1,TN
주식회사백산금속,6218101988,2020,0,0.0009,0,1,TN
주식회사백산금속,6218101988,2021,0,0.0003,0,1,TN
주식회사백산금속,6218101988,2022,0,0.0007,0,1,TN
주식회사백산금속,6218101988,2023,0,0.0103,0,1,TN
주식회사백산금속,6218101988,2024,0,0.0293,0,1,TN
엔탑(주),6218102901,2014,0,0.0004,0,1,TN
엔탑(주),6218102901,2015,0,0.0007,0,1,TN
엔탑(주),6218102901,2016,0,0.0006,0,1,TN
엔탑(주),6218102901,2017,0,1e-04,0,1,TN
엔탑(주),6218102901,2018,0,1e-04,0,1,TN
엔탑(주),6218102901,2019,0,0.0002,0,1,TN
엔탑(주),6218102901,2020,0,0.0009,0,1,TN
엔탑(주),6218102901,2021,0,1e-04,0,1,TN
엔탑(주),6218102901,2022,0,0.0004,0,1,TN
엔탑(주),6218102901,2023,0,0.001,0,1,TN
엔탑(주),6218102901,2024,0,0.0006,0,1,TN
한일제관(주),6218105572,2014,0,0.0003,0,1,TN
한일제관(주),6218105572,2015,0,1e-04,0,1,TN
한일제관(주),6218105572,2016,0,1e-04,0,1,TN
한일제관(주),6218105572,2017,0,1e-04,0,1,TN
한일제관(주),6218105572,2018,0,1e-04,0,1,TN
한일제관(주),6218105572,2019,0,0.0002,0,1,TN
한일제관(주),6218105572,2020,0,0.0006,0,1,TN
한일제관(주),6218105572,2021,0,0.0009,0,1,TN
한일제관(주),6218105572,2022,0,0.0013,0,1,TN
한일제관(주),6218105572,2023,0,0.0009,0,1,TN
한일제관(주),6218105572,2024,0,0.0003,0,1,TN
(주)대한에스엠,6218110212,2018,0,0.0009,0,1,TN
(주)대한에스엠,6218110212,2019,0,0.0005,0,1,TN
(주)대한에스엠,6218110212,2020,0,0.0019,0,1,TN
성림제관주식회사,6218113714,2014,0,0.0006,0,1,TN
성림제관주식회사,6218113714,2015,0,1e-04,0,1,TN
성림제관주식회사,6218113714,2016,0,0.0002,0,1,TN
성림제관주식회사,6218113714,2017,0,0.0002,0,1,TN
성림제관주식회사,6218113714,2018,0,1e-04,0,1,TN
성림제관주식회사,6218113714,2019,0,0.0002,0,1,TN
성림제관주식회사,6218113714,2020,0,0.0004,0,1,TN
성림제관주식회사,6218113714,2021,0,1e-04,0,1,TN
성림제관주식회사,6218113714,2022,0,0.0007,0,1,TN
성림제관주식회사,6218113714,2023,0,0.0024,0,1,TN
성림제관주식회사,6218113714,2024,0,0.0007,0,1,TN
(주)제일선재,6218114727,2018,0,0.0002,0,1,TN
(주)제일선재,6218114727,2019,0,1e-04,0,1,TN
(주)제일선재,6218114727,2020,0,0.0003,0,1,TN
(주)제일선재,6218114727,2021,0,0.0002,0,1,TN
(주)제일선재,6218114727,2022,0,0.0013,0,1,TN
(주)제일선재,6218114727,2023,0,0.0011,0,1,TN
(주)제일선재,6218114727,2024,0,0.0009,0,1,TN
대덕에이치티에스주식회사,6218122678,2019,0,0.0004,0,1,TN
대덕에이치티에스주식회사,6218122678,2020,0,0.0002,0,1,TN
대덕에이치티에스주식회사,6218122678,2021,0,0.0008,0,1,TN
대덕에이치티에스주식회사,6218122678,2022,0,0.0021,0,1,TN
대덕에이치티에스주식회사,6218122678,2023,0,0.11,1,0,FP
대덕에이치티에스주식회사,6218122678,2024,0,0.001,0,1,TN
(주)제이텍,6218123532,2014,0,0.0135,0,1,TN
(주)제이텍,6218123532,2015,0,0.0005,0,1,TN
(주)제이텍,6218123532,2016,0,0.0176,0,1,TN
(주)제이텍,6218123532,2017,0,0.0003,0,1,TN
(주)제이텍,6218123532,2018,0,0.0122,0,1,TN
(주)제이텍,6218123532,2019,0,0.0326,1,0,FP
(주)제이텍,6218123532,2020,0,0.0218,0,1,TN
(주)제이텍,6218123532,2021,0,0.0073,0,1,TN
(주)제이텍,6218123532,2022,0,0.0012,0,1,TN
(주)제이텍,6218123532,2023,0,0.0002,0,1,TN
(주)제이텍,6218123532,2024,0,0.0005,0,1,TN
(주)경도,6218124977,2019,0,0.0003,0,1,TN
(주)경도,6218124977,2020,0,0.0003,0,1,TN
(주)경도,6218124977,2021,0,1e-04,0,1,TN
(주)경도,6218124977,2022,0,0.0003,0,1,TN
(주)경도,6218124977,2023,0,0.0107,0,1,TN
(주)경도,6218124977,2024,0,0.0016,0,1,TN
주식회사신안제관,6218128920,2014,0,0.0129,0,1,TN
주식회사신안제관,6218128920,2015,0,0.0009,0,1,TN
주식회사신안제관,6218128920,2016,0,0.0005,0,1,TN
주식회사신안제관,6218128920,2017,0,0.0004,0,1,TN
주식회사신안제관,6218128920,2018,0,0.01,0,1,TN
주식회사신안제관,6218128920,2019,0,0.0039,0,1,TN
주식회사신안제관,6218128920,2020,0,0.0028,0,1,TN
주식회사신안제관,6218128920,2021,0,0.0349,1,0,FP
주식회사신안제관,6218128920,2022,0,0.0037,0,1,TN
주식회사신안제관,6218128920,2023,0,0.0011,0,1,TN
주식회사신안제관,6218128920,2024,0,0.0009,0,1,TN
(주)화성금속,6218129195,2022,0,0.0008,0,1,TN
(주)화성금속,6218129195,2023,0,0.0003,0,1,TN
(주)화성금속,6218129195,2024,0,0.0002,0,1,TN
대한정밀공업(주),6218139752,2014,0,0.0007,0,1,TN
대한정밀공업(주),6218139752,2015,0,0.0116,0,1,TN
대한정밀공업(주),6218139752,2016,0,0.0021,0,1,TN
대한정밀공업(주),6218139752,2017,0,0.0005,0,1,TN
대한정밀공업(주),6218139752,2018,0,0.0019,0,1,TN
대한정밀공업(주),6218139752,2019,0,0.0012,0,1,TN
대한정밀공업(주),6218139752,2020,0,0.0017,0,1,TN
대한정밀공업(주),6218139752,2021,0,0.0005,0,1,TN
대한정밀공업(주),6218139752,2022,0,0.0019,0,1,TN
대한정밀공업(주),6218139752,2023,0,0.0023,0,1,TN
대한정밀공업(주),6218139752,2024,0,0.0054,0,1,TN
두현분말야금(주),6218141525,2017,0,0.0018,0,1,TN
두현분말야금(주),6218141525,2018,0,0.0007,0,1,TN
두현분말야금(주),6218141525,2019,0,0.0007,0,1,TN
두현분말야금(주),6218141525,2020,0,0.0219,0,1,TN
두현분말야금(주),6218141525,2021,0,0.002,0,1,TN
두현분말야금(주),6218141525,2022,0,0.0215,0,1,TN
두현분말야금(주),6218141525,2023,0,0.1058,1,0,FP
두현분말야금(주),6218141525,2024,0,0.0502,1,0,FP
주식회사혜동,6218146933,2015,0,0.0006,0,1,TN
주식회사혜동,6218146933,2016,0,0.0098,0,1,TN
주식회사혜동,6218146933,2017,0,0.0049,0,1,TN
주식회사혜동,6218146933,2018,0,0.0035,0,1,TN
주식회사혜동,6218146933,2019,0,0.0003,0,1,TN
주식회사혜동,6218146933,2020,0,0.0043,0,1,TN
주식회사혜동,6218146933,2021,0,0.0043,0,1,TN
주식회사혜동,6218146933,2022,0,0.2343,1,0,FP
주식회사혜동,6218146933,2023,1,0.7051,1,1,TP
(주)씨에스,6218164213,2014,0,0.0004,0,1,TN
(주)씨에스,6218164213,2015,0,0.0005,0,1,TN
(주)씨에스,6218164213,2016,0,0.0004,0,1,TN
(주)씨에스,6218164213,2017,0,0.0005,0,1,TN
(주)씨에스,6218164213,2018,0,0.0014,0,1,TN
(주)씨에스,6218164213,2019,0,0.0002,0,1,TN
(주)씨에스,6218164213,2020,0,0.0006,0,1,TN
(주)씨에스,6218164213,2021,0,0.0002,0,1,TN
(주)씨에스,6218164213,2022,0,0.0006,0,1,TN
(주)씨에스,6218164213,2023,0,0.0003,0,1,TN
(주)씨에스,6218164213,2024,0,1e-04,0,1,TN
(주)너와테크,6218164343,2021,0,0.0018,0,1,TN
(주)너와테크,6218164343,2022,0,0.073,1,0,FP
(주)너와테크,6218164343,2023,0,0.0181,0,1,TN
(주)너와테크,6218164343,2024,0,0.0294,0,1,TN
(주)우성하이텍,6218165565,2017,0,0.0006,0,1,TN
(주)우성하이텍,6218165565,2018,0,0.0008,0,1,TN
(주)우성하이텍,6218165565,2019,0,1e-04,0,1,TN
(주)우성하이텍,6218165565,2020,0,0.0008,0,1,TN
(주)우성하이텍,6218165565,2021,0,0.0003,0,1,TN
(주)우성하이텍,6218165565,2022,0,0.0006,0,1,TN
(주)우성하이텍,6218165565,2023,0,0.0026,0,1,TN
(주)우성하이텍,6218165565,2024,0,0.0022,0,1,TN
신성테크주식회사,6218170976,2021,0,0.0013,0,1,TN
신성테크주식회사,6218170976,2022,0,0.0179,0,1,TN
신성테크주식회사,6218170976,2023,0,0.0106,0,1,TN
신성테크주식회사,6218170976,2024,0,0.0048,0,1,TN
주식회사태광건업,6218190249,2018,0,0.0004,0,1,TN
주식회사태광건업,6218190249,2019,0,0.0021,0,1,TN
주식회사태광건업,6218190249,2020,0,0.1918,1,0,FP
(주)코렌스글로벌,6218195171,2014,1,0.8577,1,1,TP
(주)유원,6218198275,2020,0,0.0013,0,1,TN
(주)유원,6218198275,2021,0,0.0312,1,0,FP
(주)유원,6218198275,2022,1,0.0326,1,1,TP
이지케이(주),6218199819,2021,0,0.0011,0,1,TN
이지케이(주),6218199819,2022,0,0.0014,0,1,TN
이지케이(주),6218199819,2023,0,0.0028,0,1,TN
이지케이(주),6218199819,2024,0,0.0012,0,1,TN
주식회사나브텍,6218610537,2018,0,0.003,0,1,TN
주식회사나브텍,6218610537,2019,0,0.0122,0,1,TN
주식회사나브텍,6218610537,2020,0,0.0028,0,1,TN
주식회사나브텍,6218610537,2021,0,0.0181,0,1,TN
주식회사나브텍,6218610537,2022,0,0.3895,1,0,FP
주식회사나브텍,6218610537,2023,1,0.1454,1,1,TP
주식회사성미,6228102807,2014,0,0.0006,0,1,TN
주식회사성미,6228102807,2015,0,0.0021,0,1,TN
주식회사성미,6228102807,2016,0,0.001,0,1,TN
주식회사성미,6228102807,2017,0,0.0029,0,1,TN
주식회사성미,6228102807,2018,0,0.0198,0,1,TN
주식회사성미,6228102807,2019,0,0.0029,0,1,TN
주식회사성미,6228102807,2020,0,0.0056,0,1,TN
주식회사성미,6228102807,2021,0,0.0595,1,0,FP
주식회사성미,6228102807,2022,0,0.0125,0,1,TN
주식회사성미,6228102807,2023,0,0.003,0,1,TN
주식회사성미,6228102807,2024,0,0.0186,0,1,TN
대명화성(주),6228106313,2014,0,0.006,0,1,TN
대명화성(주),6228106313,2015,0,0.0054,0,1,TN
대명화성(주),6228106313,2016,0,0.0022,0,1,TN
대명화성(주),6228106313,2017,0,0.0017,0,1,TN
대명화성(주),6228106313,2018,0,0.0007,0,1,TN
대명화성(주),6228106313,2019,0,0.0004,0,1,TN
대명화성(주),6228106313,2020,0,0.0316,1,0,FP
대명화성(주),6228106313,2021,0,0.0807,1,0,FP
대명화성(주),6228106313,2022,0,0.0193,0,1,TN
대명화성(주),6228106313,2023,0,0.0906,1,0,FP
대명화성(주),6228106313,2024,0,0.361,1,0,FP
(주)마이스코,6228106496,2014,0,0.2176,1,0,FP
(주)마이스코,6228106496,2015,1,0.9246,1,1,TP
한국정밀공업주식회사,6228107011,2014,0,1e-04,0,1,TN
한국정밀공업주식회사,6228107011,2015,0,1e-04,0,1,TN
한국정밀공업주식회사,6228107011,2016,0,1e-04,0,1,TN
한국정밀공업주식회사,6228107011,2017,0,1e-04,0,1,TN
한국정밀공업주식회사,6228107011,2018,0,0.0002,0,1,TN
한국정밀공업주식회사,6228107011,2019,0,1e-04,0,1,TN
한국정밀공업주식회사,6228107011,2020,0,0.0004,0,1,TN
한국정밀공업주식회사,6228107011,2021,0,1e-04,0,1,TN
한국정밀공업주식회사,6228107011,2022,0,0.0003,0,1,TN
한국정밀공업주식회사,6228107011,2023,0,0.0003,0,1,TN
한국정밀공업주식회사,6228107011,2024,0,0.0002,0,1,TN
태화정밀공업(주),6228107312,2016,0,0.0016,0,1,TN
태화정밀공업(주),6228107312,2017,0,0.0002,0,1,TN
태화정밀공업(주),6228107312,2018,0,0.0004,0,1,TN
태화정밀공업(주),6228107312,2019,0,0.0002,0,1,TN
태화정밀공업(주),6228107312,2020,0,0.0005,0,1,TN
태화정밀공업(주),6228107312,2021,0,0.0054,0,1,TN
태화정밀공업(주),6228107312,2022,0,0.0009,0,1,TN
태화정밀공업(주),6228107312,2023,0,0.0013,0,1,TN
태화정밀공업(주),6228107312,2024,0,0.0008,0,1,TN
(주)삼락열처리,6228107724,2014,0,0.0003,0,1,TN
(주)삼락열처리,6228107724,2015,0,0.0003,0,1,TN
(주)삼락열처리,6228107724,2016,0,1e-04,0,1,TN
(주)삼락열처리,6228107724,2017,0,0.0003,0,1,TN
(주)삼락열처리,6228107724,2018,0,1e-04,0,1,TN
(주)삼락열처리,6228107724,2019,0,1e-04,0,1,TN
(주)삼락열처리,6228107724,2020,0,0.0002,0,1,TN
(주)삼락열처리,6228107724,2021,0,1e-04,0,1,TN
(주)삼락열처리,6228107724,2022,0,0.0008,0,1,TN
(주)삼락열처리,6228107724,2023,0,0.0008,0,1,TN
(주)삼락열처리,6228107724,2024,0,0.0009,0,1,TN
(주)은성도금,6228109789,2014,0,0.0003,0,1,TN
(주)은성도금,6228109789,2015,0,0.0077,0,1,TN
(주)은성도금,6228109789,2016,0,0.0413,1,0,FP
(주)필아테크,6228110194,2014,0,0.0007,0,1,TN
(주)필아테크,6228110194,2015,0,0.0049,0,1,TN
(주)필아테크,6228110194,2016,0,0.0056,0,1,TN
(주)필아테크,6228110194,2017,0,0.0028,0,1,TN
(주)필아테크,6228110194,2018,0,0.1237,1,0,FP
(주)필아테크,6228110194,2019,0,0.3887,1,0,FP
(주)필아테크,6228110194,2020,1,0.7472,1,1,TP
주식회사디에이치에이치아이,6228110627,2014,0,1e-04,0,1,TN
주식회사디에이치에이치아이,6228110627,2015,0,0.0007,0,1,TN
주식회사디에이치에이치아이,6228110627,2016,0,1e-04,0,1,TN
주식회사디에이치에이치아이,6228110627,2017,0,0.0002,0,1,TN
주식회사디에이치에이치아이,6228110627,2018,0,0.0005,0,1,TN
주식회사디에이치에이치아이,6228110627,2019,0,0.0037,0,1,TN
주식회사디에이치에이치아이,6228110627,2020,0,0.0013,0,1,TN
주식회사디에이치에이치아이,6228110627,2021,0,0.0025,0,1,TN
주식회사디에이치에이치아이,6228110627,2022,0,0.0666,1,0,FP
주식회사디에이치에이치아이,6228110627,2023,0,0.0324,1,0,FP
주식회사디에이치에이치아이,6228110627,2024,0,0.051,1,0,FP
경진단조(주),6228110802,2014,0,0.0006,0,1,TN
경진단조(주),6228110802,2015,0,0.0003,0,1,TN
경진단조(주),6228110802,2016,0,1e-04,0,1,TN
경진단조(주),6228110802,2017,0,0.0005,0,1,TN
경진단조(주),6228110802,2018,0,0.0166,0,1,TN
경진단조(주),6228110802,2019,0,0.0007,0,1,TN
경진단조(주),6228110802,2020,0,0.0056,0,1,TN
경진단조(주),6228110802,2021,0,0.0013,0,1,TN
경진단조(주),6228110802,2022,0,0.0005,0,1,TN
경진단조(주),6228110802,2023,0,0.0005,0,1,TN
경진단조(주),6228110802,2024,0,0.0006,0,1,TN
주식회사기성,6228112417,2014,0,0.2201,1,0,FP
주식회사기성,6228112417,2015,1,0.6862,1,1,TP
(주)디에스피,6228112853,2014,0,0.0049,0,1,TN
(주)디에스피,6228112853,2015,0,0.0056,0,1,TN
(주)디에스피,6228112853,2016,0,0.0043,0,1,TN
(주)디에스피,6228112853,2017,0,0.001,0,1,TN
(주)디에스피,6228112853,2018,0,0.0013,0,1,TN
(주)디에스피,6228112853,2019,0,0.0393,1,0,FP
(주)디에스피,6228112853,2020,0,0.0094,0,1,TN
(주)디에스피,6228112853,2021,0,0.0011,0,1,TN
(주)디에스피,6228112853,2022,0,0.0008,0,1,TN
(주)디에스피,6228112853,2023,0,0.0006,0,1,TN
(주)디에스피,6228112853,2024,0,0.0004,0,1,TN
대흥공업주식회사,6228121366,2014,0,0.0004,0,1,TN
대흥공업주식회사,6228121366,2015,0,0.0102,0,1,TN
대흥공업주식회사,6228121366,2016,0,0.0071,0,1,TN
대흥공업주식회사,6228121366,2017,0,0.0075,0,1,TN
대흥공업주식회사,6228121366,2018,0,0.0014,0,1,TN
대흥공업주식회사,6228121366,2019,0,0.0006,0,1,TN
대흥공업주식회사,6228121366,2020,0,0.002,0,1,TN
대흥공업주식회사,6228121366,2021,0,0.0003,0,1,TN
대흥공업주식회사,6228121366,2022,0,0.0007,0,1,TN
대흥공업주식회사,6228121366,2023,0,0.0002,0,1,TN
대흥공업주식회사,6228121366,2024,0,0.0004,0,1,TN
남성정밀(주),6228124946,2014,0,0.0004,0,1,TN
남성정밀(주),6228124946,2015,0,0.0011,0,1,TN
남성정밀(주),6228124946,2016,0,0.0009,0,1,TN
남성정밀(주),6228124946,2017,0,0.0007,0,1,TN
남성정밀(주),6228124946,2018,0,0.0004,0,1,TN
남성정밀(주),6228124946,2019,0,0.0013,0,1,TN
남성정밀(주),6228124946,2020,0,0.0094,0,1,TN
남성정밀(주),6228124946,2021,0,0.0033,0,1,TN
남성정밀(주),6228124946,2022,0,0.0056,0,1,TN
남성정밀(주),6228124946,2023,0,0.0623,1,0,FP
남성정밀(주),6228124946,2024,0,0.0027,0,1,TN
와이비메탈주식회사,6288100073,2015,0,0.0016,0,1,TN
와이비메탈주식회사,6288100073,2016,0,0.0158,0,1,TN
와이비메탈주식회사,6288100073,2017,0,0.0063,0,1,TN
와이비메탈주식회사,6288100073,2018,0,0.0013,0,1,TN
와이비메탈주식회사,6288100073,2019,0,0.0005,0,1,TN
와이비메탈주식회사,6288100073,2020,0,0.002,0,1,TN
와이비메탈주식회사,6288100073,2021,0,0.0017,0,1,TN
와이비메탈주식회사,6288100073,2022,0,0.0006,0,1,TN
와이비메탈주식회사,6288100073,2023,0,0.0006,0,1,TN
와이비메탈주식회사,6288100073,2024,0,0.0008,0,1,TN
주식회사비에스큐,6328600174,2019,0,0.0015,0,1,TN
주식회사비에스큐,6328600174,2020,0,0.0105,0,1,TN
주식회사비에스큐,6328600174,2021,0,0.0027,0,1,TN
주식회사비에스큐,6328600174,2022,0,0.0577,1,0,FP
주식회사비에스큐,6328600174,2023,0,0.0042,0,1,TN
주식회사비에스큐,6328600174,2024,0,0.485,1,0,FP
(주)대호토탈,6548701146,2021,0,0.0008,0,1,TN
(주)대호토탈,6548701146,2022,0,0.0017,0,1,TN
(주)대호토탈,6548701146,2023,0,0.0051,0,1,TN
(주)대호토탈,6548701146,2024,0,0.2561,1,0,FP
주식회사드림스틸,6618601415,2021,0,0.0006,0,1,TN
주식회사드림스틸,6618601415,2022,0,0.0025,0,1,TN
주식회사드림스틸,6618601415,2023,0,0.129,1,0,FP
주식회사드림스틸,6618601415,2024,0,0.464,1,0,FP
(주)신화열처리,6628101183,2018,0,0.0006,0,1,TN
(주)신화열처리,6628101183,2019,0,0.0009,0,1,TN
(주)신화열처리,6628101183,2020,0,0.0015,0,1,TN
(주)신화열처리,6628101183,2021,0,0.0032,0,1,TN
(주)신화열처리,6628101183,2022,0,0.0026,0,1,TN
(주)신화열처리,6628101183,2023,0,0.0017,0,1,TN
(주)신화열처리,6628101183,2024,0,0.002,0,1,TN
주식회사삼주테크,6668700631,2019,0,0.001,0,1,TN
주식회사삼주테크,6668700631,2020,0,0.027,0,1,TN
주식회사삼주테크,6668700631,2021,1,0.9534,1,1,TP
주식회사대원열처리,6778800415,2017,0,0.0057,0,1,TN
주식회사대원열처리,6778800415,2018,0,0.0119,0,1,TN
주식회사대원열처리,6778800415,2019,0,0.0038,0,1,TN
아이포스트주식회사,6808800385,2018,0,0.0003,0,1,TN
아이포스트주식회사,6808800385,2019,0,0.0011,0,1,TN
아이포스트주식회사,6808800385,2020,0,0.1289,1,0,FP
아이포스트주식회사,6808800385,2021,0,0.0296,0,1,TN
아이포스트주식회사,6808800385,2022,0,0.0078,0,1,TN
아이포스트주식회사,6808800385,2023,0,0.0973,1,0,FP
아이포스트주식회사,6808800385,2024,0,0.3065,1,0,FP
주식회사대신지테크,6818701546,2022,0,0.0041,0,1,TN
주식회사대신지테크,6818701546,2023,0,0.0108,0,1,TN
주식회사대신지테크,6818701546,2024,0,0.0266,0,1,TN
피유테크주식회사,6838101195,2021,0,0.0009,0,1,TN
피유테크주식회사,6838101195,2022,0,0.0028,0,1,TN
피유테크주식회사,6838101195,2023,0,0.0031,0,1,TN
피유테크주식회사,6838101195,2024,0,0.0013,0,1,TN
(주)성원아이엔디,6968600799,2018,0,0.0007,0,1,TN
(주)성원아이엔디,6968600799,2019,0,0.0003,0,1,TN
(주)성원아이엔디,6968600799,2020,0,0.0043,0,1,TN
(주)성원아이엔디,6968600799,2021,0,0.0005,0,1,TN
(주)성원아이엔디,6968600799,2022,0,0.0012,0,1,TN
(주)성원아이엔디,6968600799,2023,0,0.0013,0,1,TN
(주)성원아이엔디,6968600799,2024,0,0.0014,0,1,TN
주식회사대승엠엔에스,6978101554,2022,0,0.0018,0,1,TN
주식회사대승엠엔에스,6978101554,2023,0,0.0096,0,1,TN
주식회사대승엠엔에스,6978101554,2024,0,0.0715,1,0,FP
주식회사태평양,7098800600,2018,0,0.0006,0,1,TN
주식회사태평양,7098800600,2019,0,0.0003,0,1,TN
주식회사태평양,7098800600,2020,0,0.0018,0,1,TN
주식회사태평양,7098800600,2021,0,0.0003,0,1,TN
주식회사태평양,7098800600,2022,0,0.001,0,1,TN
주식회사태평양,7098800600,2023,0,0.0196,0,1,TN
주식회사태평양,7098800600,2024,0,0.006,0,1,TN
삼원금속주식회사,7098801268,2019,0,0.0017,0,1,TN
삼원금속주식회사,7098801268,2020,0,0.0144,0,1,TN
삼원금속주식회사,7098801268,2021,1,0.8693,1,1,TP
(주)스카이인슈판넬,7158100590,2017,0,0.0037,0,1,TN
(주)스카이인슈판넬,7158100590,2018,0,0.0004,0,1,TN
(주)스카이인슈판넬,7158100590,2019,0,0.0015,0,1,TN
(주)스카이인슈판넬,7158100590,2020,0,0.0028,0,1,TN
(주)스카이인슈판넬,7158100590,2021,0,0.0018,0,1,TN
(주)스카이인슈판넬,7158100590,2022,0,0.001,0,1,TN
(주)스카이인슈판넬,7158100590,2023,0,0.014,0,1,TN
(주)스카이인슈판넬,7158100590,2024,0,0.0885,1,0,FP
주식회사조은메탈앤트레이드,7168601127,2021,0,0.0013,0,1,TN
주식회사조은메탈앤트레이드,7168601127,2022,0,0.0019,0,1,TN
주식회사조은메탈앤트레이드,7168601127,2024,0,0.0037,0,1,TN
(주)티에스스틸,7378700758,2021,0,0.0007,0,1,TN
(주)티에스스틸,7378700758,2022,0,0.0005,0,1,TN
(주)티에스스틸,7378700758,2023,0,0.0004,0,1,TN
주식회사이건창호,7418600712,2017,0,0.0023,0,1,TN
주식회사이건창호,7418600712,2018,0,0.0022,0,1,TN
주식회사이건창호,7418600712,2019,0,0.0007,0,1,TN
주식회사이건창호,7418600712,2020,0,0.0252,0,1,TN
주식회사이건창호,7418600712,2021,0,0.01,0,1,TN
주식회사이건창호,7418600712,2022,0,0.1251,1,0,FP
주식회사이건창호,7418600712,2023,0,0.1349,1,0,FP
주식회사이건창호,7418600712,2024,1,0.1922,1,1,TP
성신메카텍주식회사,7428100613,2022,0,0.0009,0,1,TN
성신메카텍주식회사,7428100613,2023,0,0.001,0,1,TN
성신메카텍주식회사,7428100613,2024,0,0.0556,1,0,FP
(주)윤준에스티,7468100070,2019,0,0.0007,0,1,TN
(주)윤준에스티,7468100070,2020,0,0.0009,0,1,TN
(주)윤준에스티,7468100070,2021,0,0.0008,0,1,TN
(주)윤준에스티,7468100070,2022,0,0.0032,0,1,TN
(주)윤준에스티,7468100070,2023,0,0.0006,0,1,TN
(주)윤준에스티,7468100070,2024,0,0.0021,0,1,TN
(주)도무스메탈,7478600156,2020,0,0.0005,0,1,TN
(주)도무스메탈,7478600156,2021,0,1e-04,0,1,TN
(주)도무스메탈,7478600156,2022,0,0.0005,0,1,TN
(주)도무스메탈,7478600156,2023,0,0.0009,0,1,TN
(주)도무스메탈,7478600156,2024,0,0.0016,0,1,TN
성화내진전착볼트주식회사,7508100083,2017,0,0.0089,0,1,TN
성화내진전착볼트주식회사,7508100083,2018,0,0.0142,0,1,TN
성화내진전착볼트주식회사,7508100083,2019,0,0.0075,0,1,TN
(주)유니크시스템,7528600124,2020,0,0.0006,0,1,TN
(주)유니크시스템,7528600124,2021,0,1e-04,0,1,TN
(주)유니크시스템,7528600124,2022,0,0.001,0,1,TN
(주)유니크시스템,7528600124,2023,0,0.0004,0,1,TN
(주)유니크시스템,7528600124,2024,0,0.0002,0,1,TN
주식회사피지엠리서치,7618701217,2021,0,0.0011,0,1,TN
주식회사피지엠리서치,7618701217,2022,0,0.0017,0,1,TN
주식회사피지엠리서치,7618701217,2023,0,0.3155,1,0,FP
(주)삼홍기계,7718802433,2022,0,0.011,0,1,TN
(주)삼홍기계,7718802433,2023,0,0.0135,0,1,TN
(주)삼홍기계,7718802433,2024,0,0.2847,1,0,FP
아사아블로이코리아삼화정밀주식회사,7728701051,2018,0,0.0002,0,1,TN
아사아블로이코리아삼화정밀주식회사,7728701051,2019,0,1e-04,0,1,TN
아사아블로이코리아삼화정밀주식회사,7728701051,2020,0,0.0007,0,1,TN
아사아블로이코리아삼화정밀주식회사,7728701051,2021,0,1e-04,0,1,TN
아사아블로이코리아삼화정밀주식회사,7728701051,2022,0,0.0013,0,1,TN
아사아블로이코리아삼화정밀주식회사,7728701051,2023,0,0.0007,0,1,TN
아사아블로이코리아삼화정밀주식회사,7728701051,2024,0,0.0009,0,1,TN
주식회사에이지코리아,7838700014,2015,0,0.002,0,1,TN
주식회사에이지코리아,7838700014,2016,0,0.0583,1,0,FP
주식회사에이지코리아,7838700014,2017,0,0.0698,1,0,FP
(주)대건에프앤씨,7848801084,2021,0,0.003,0,1,TN
(주)대건에프앤씨,7848801084,2022,0,0.0058,0,1,TN
(주)대건에프앤씨,7848801084,2023,0,0.0493,1,0,FP
(주)대건에프앤씨,7848801084,2024,0,0.0773,1,0,FP
(주)비콘,7858700780,2020,0,0.0083,0,1,TN
(주)비콘,7858700780,2021,0,0.005,0,1,TN
(주)비콘,7858700780,2022,0,0.0031,0,1,TN
(주)비콘,7858700780,2023,0,0.002,0,1,TN
(주)비콘,7858700780,2024,0,0.0005,0,1,TN
주식회사디딤돌,7868100710,2021,0,0.0009,0,1,TN
주식회사디딤돌,7868100710,2022,0,0.0138,0,1,TN
주식회사디딤돌,7868100710,2023,0,0.0018,0,1,TN
주식회사디딤돌,7868100710,2024,0,0.0019,0,1,TN
(주)솔라테크,7938700520,2020,0,0.0005,0,1,TN
(주)솔라테크,7938700520,2021,0,1e-04,0,1,TN
(주)솔라테크,7938700520,2022,0,0.0003,0,1,TN
(주)솔라테크,7938700520,2023,0,0.0112,0,1,TN
(주)솔라테크,7938700520,2024,0,0.0007,0,1,TN
주식회사에이에스피,8158602137,2021,0,0.0009,0,1,TN
주식회사에이에스피,8158602137,2022,0,0.0658,1,0,FP
주식회사에이에스피,8158602137,2023,0,0.0465,1,0,FP
주식회사에이에스피,8158602137,2024,0,0.0237,0,1,TN
주식회사엔원테크,8178101731,2021,0,0.0002,0,1,TN
주식회사엔원테크,8178101731,2022,0,0.0002,0,1,TN
주식회사엔원테크,8178101731,2023,0,0.0006,0,1,TN
주식회사엔원테크,8178101731,2024,0,0.1153,1,0,FP
주식회사퓨텍,8198100290,2015,0,0.01,0,1,TN
주식회사퓨텍,8198100290,2016,0,0.0057,0,1,TN
주식회사퓨텍,8198100290,2018,0,0.1576,1,0,FP
주식회사퓨텍,8198100290,2019,0,0.0018,0,1,TN
주식회사퓨텍,8198100290,2020,0,0.001,0,1,TN
주식회사퓨텍,8198100290,2021,0,0.0016,0,1,TN
주식회사퓨텍,8198100290,2022,0,0.002,0,1,TN
주식회사퓨텍,8198100290,2023,0,0.0049,0,1,TN
(주)디와이비,8208601203,2021,0,0.0008,0,1,TN
(주)디와이비,8208601203,2022,0,0.0023,0,1,TN
(주)디와이비,8208601203,2023,0,0.0774,1,0,FP
(주)디와이비,8208601203,2024,0,0.0051,0,1,TN
(주)성우에스지,8238100299,2019,0,0.0017,0,1,TN
(주)성우에스지,8238100299,2020,0,0.0118,0,1,TN
(주)성우에스지,8238100299,2021,0,0.0005,0,1,TN
범한메카텍주식회사,8278600393,2017,0,0.0008,0,1,TN
범한메카텍주식회사,8278600393,2018,0,0.0002,0,1,TN
범한메카텍주식회사,8278600393,2019,0,0.0005,0,1,TN
범한메카텍주식회사,8278600393,2020,0,0.0045,0,1,TN
범한메카텍주식회사,8278600393,2021,0,0.0007,0,1,TN
범한메카텍주식회사,8278600393,2022,0,0.0024,0,1,TN
범한메카텍주식회사,8278600393,2023,0,0.0005,0,1,TN
범한메카텍주식회사,8278600393,2024,0,0.0003,0,1,TN
(주)네모이엔지,8288100159,2017,0,0.001,0,1,TN
(주)네모이엔지,8288100159,2018,0,1e-04,0,1,TN
(주)네모이엔지,8288100159,2019,0,0.0262,0,1,TN
(주)네모이엔지,8288100159,2020,0,0.0109,0,1,TN
(주)네모이엔지,8288100159,2021,0,0.0185,0,1,TN
(주)네모이엔지,8288100159,2022,0,0.2578,1,0,FP
주식회사대성피앤티,8308600180,2022,0,0.0011,0,1,TN
주식회사대성피앤티,8308600180,2023,0,0.003,0,1,TN
주식회사대성피앤티,8308600180,2024,0,0.001,0,1,TN
(주)대신스틸,8328800443,2016,0,0.0012,0,1,TN
(주)대신스틸,8328800443,2017,0,0.0005,0,1,TN
(주)대신스틸,8328800443,2018,0,0.0011,0,1,TN
(주)대신스틸,8328800443,2019,0,0.0011,0,1,TN
(주)대신스틸,8328800443,2020,0,0.0007,0,1,TN
(주)대신스틸,8328800443,2021,0,0.001,0,1,TN
(주)대신스틸,8328800443,2022,0,0.0008,0,1,TN
(주)대신스틸,8328800443,2023,0,0.0101,0,1,TN
(주)대신스틸,8328800443,2024,0,0.1243,1,0,FP
주식회사피에이치브이에스,8338600291,2016,0,0.0006,0,1,TN
주식회사피에이치브이에스,8338600291,2017,0,1e-04,0,1,TN
주식회사피에이치브이에스,8338600291,2018,0,1e-04,0,1,TN
주식회사피에이치브이에스,8338600291,2019,0,0.0002,0,1,TN
주식회사피에이치브이에스,8338600291,2020,0,0.001,0,1,TN
신광스틸(주),8478100863,2021,0,0.0004,0,1,TN
신광스틸(주),8478100863,2022,0,0.0016,0,1,TN
신광스틸(주),8478100863,2023,0,0.0008,0,1,TN
신광스틸(주),8478100863,2024,0,0.001,0,1,TN
주식회사브이피에이치씨,8538800697,2017,0,0.0004,0,1,TN
주식회사브이피에이치씨,8538800697,2018,0,0.0002,0,1,TN
주식회사브이피에이치씨,8538800697,2019,0,0.0002,0,1,TN
주식회사브이피에이치씨,8538800697,2020,0,0.0011,0,1,TN
주식회사브이피에이치씨,8538800697,2021,0,0.0008,0,1,TN
주식회사브이피에이치씨,8538800697,2022,0,0.0005,0,1,TN
주식회사브이피에이치씨,8538800697,2023,0,0.0007,0,1,TN
주식회사브이피에이치씨,8538800697,2024,0,0.0007,0,1,TN
(주)와이산업,8588600723,2017,0,0.004,0,1,TN
(주)와이산업,8588600723,2018,0,0.0156,0,1,TN
(주)와이산업,8588600723,2019,0,0.0274,0,1,TN
(주)와이산업,8588600723,2020,0,0.0094,0,1,TN
천복테크주식회사,8688600303,2021,0,0.0003,0,1,TN
천복테크주식회사,8688600303,2022,0,0.0002,0,1,TN
천복테크주식회사,8688600303,2023,0,0.0006,0,1,TN
천복테크주식회사,8688600303,2024,0,0.0003,0,1,TN
주식회사덕암테크,8968800355,2019,0,0.0006,0,1,TN
주식회사덕암테크,8968800355,2020,0,0.0005,0,1,TN
주식회사덕암테크,8968800355,2021,0,0.0032,0,1,TN
주식회사덕암테크,8968800355,2022,0,0.0176,0,1,TN
주식회사덕암테크,8968800355,2023,0,0.0557,1,0,FP
(주)삼선,8978800310,2016,0,0.0004,0,1,TN
(주)삼선,8978800310,2017,0,1e-04,0,1,TN
(주)삼선,8978800310,2018,0,0.0002,0,1,TN
(주)삼선,8978800310,2019,0,0.0002,0,1,TN
(주)삼선,8978800310,2020,0,0.0004,0,1,TN
(주)삼선,8978800310,2021,0,0.0043,0,1,TN
(주)삼선,8978800310,2022,0,0.2002,1,0,FP
