사업자등록번호,회사명,prob_2014,prob_2015,prob_2016,prob_2017,prob_2018,prob_2019,prob_2020,prob_2021,prob_2022,prob_2023,prob_2024,diff_2014_2015,diff_2015_2016,diff_2016_2017,diff_2017_2018,diff_2018_2019,diff_2019_2020,diff_2020_2021,diff_2021_2022,diff_2022_2023,diff_2023_2024,risk_score
3128663896,(주)비전오토모빌,,,,,0.0021,0.1255,0.0076,0.0038,0.1806,0.622,0.9458,,,,,0.1234,-0.1179,-0.0038,0.1768,0.4414,0.3238,94.09
1138673991,통우인터내셔널(주),,,,,,,,0.0012,0.0018,0.2057,0.9584,,,,,,,,0.0006,0.2039,0.7527,93.9
1268126922,(주)홈우드,,0.0059,0.0021,0.0003,0.0085,0.5174,0.0008,0.0004,0.1423,0.5706,0.914,,-0.0038,-0.0018,0.0082,0.5089,-0.5166,-0.0004,0.1419,0.4283,0.3434,93.5
2148736452,주식회사뷰티르샤,,,,,,0.0042,0.6389,0.0017,0.1999,0.8014,0.9556,,,,,,0.6347,-0.6372,0.1982,0.6015,0.1542,93.44
5768800693,(주)다름플러스,,,,,,0.0002,0.0005,0.001,0.1629,0.8556,0.9749,,,,,,0.0003,0.0005,0.1619,0.6927,0.1193,93.35
2118881810,주식회사셀러허브,,,,,,,,0.0017,0.0081,0.1691,0.9053,,,,,,,,0.0064,0.161,0.7362,93.31
2148728739,(주)나이스커피시스템,,,,0.0006,0.0001,,0.0001,0.0009,0.0893,0.7141,0.9322,,,,-0.0005,,,0.0008,0.0884,0.6248,0.2181,93.11
1078190632,(주)하스오토메이션코리아,0.6898,0.9463,0.0074,0.0011,0.2245,0.6905,0.0057,0.0177,0.4825,0.783,0.9546,0.2565,-0.9389,-0.0063,0.2234,0.466,-0.6848,0.012,0.4648,0.3005,0.1716,93.1
1018124906,국제갤러리홀딩(주),0.0011,0.0008,0.0004,0.5107,0.1013,0.3958,0.003,0.0015,0.0114,0.5984,0.9339,-0.0003,-0.0004,0.5103,-0.4094,0.2945,-0.3928,-0.0015,0.0099,0.587,0.3355,93.04
1258603746,에이스메탈(주),0.0152,0.7348,0.0103,0.0088,0.0013,0.0033,0.0014,0.0005,0.0029,0.5266,0.9369,0.7196,-0.7245,-0.0015,-0.0075,0.002,-0.0019,-0.0009,0.0024,0.5237,0.4103,93.02
7778600521,(주)시코쿠통신,,,,,0.0005,0.0016,0.0023,0.0033,0.2433,0.8645,0.9642,,,,,0.0011,0.0007,0.001,0.24,0.6212,0.0997,93.01
3018702178,주식회사서호비디,,,,,,,,0.0055,0.1629,0.8224,0.9472,,,,,,,,0.1574,0.6595,0.1248,92.98
1208673437,주식회사정우엠아이티,0.2212,0.0035,0.3118,0.1044,0.0774,,,0.206,0.3063,0.6217,0.9296,-0.2177,0.3083,-0.2074,-0.027,,,,0.1003,0.3154,0.3079,92.81
8298700149,주식회사지오에너지,,,,,,0.0014,0.0008,0.0005,0.0049,0.3279,0.8899,,,,,,-0.0006,-0.0003,0.0044,0.323,0.562,92.76
5148196886,(주)미래물산,,,,0.0027,0.0997,0.5128,0.0045,0.0191,0.0371,0.7439,0.9406,,,,0.097,0.4131,-0.5083,0.0146,0.018,0.7068,0.1967,92.63
4968602009,(주)교원,,,,,,,0.001,0.001,0.512,0.861,0.9601,,,,,,,0.0,0.511,0.349,0.0991,92.51
8868100081,(주)판디아메디텍,,,,,,,,0.0009,0.011,0.8496,0.9699,,,,,,,,0.0101,0.8386,0.1203,92.43
1408117939,주식회사푸드팜,,,,,,,,0.0022,0.0074,0.6,0.912,,,,,,,,0.0052,0.5926,0.312,92.39
4748100554,주식회사씨앤피물류,,,,,,,,0.0011,0.0439,0.8812,0.9623,,,,,,,,0.0428,0.8373,0.0811,92.3
2018180265,(주)바이크코리아,,,,,0.0013,0.0014,0.0012,0.0013,0.0058,0.7826,0.946,,,,,0.0001,-0.0002,0.0001,0.0045,0.7768,0.1634,92.3
4108661173,주식회사삼성모터스,,,,,,,,0.0025,0.047,0.8709,0.9508,,,,,,,,0.0445,0.8239,0.0799,92.05
1328609087,주식회사씨엔어스,,,0.0006,0.0014,0.0013,0.0048,0.004,0.0044,0.0598,0.3907,0.8464,,,0.0008,-0.0001,0.0035,-0.0008,0.0004,0.0554,0.3309,0.4557,91.97
6358100130,(주)월곶식자재,,,,,,0.0018,0.0087,0.2196,0.659,0.7338,0.9518,,,,,,0.0069,0.2109,0.4394,0.0748,0.218,91.94
1208802580,(주)더월,,,,,,0.0004,0.0002,0.0002,0.001,0.5928,0.911,,,,,,-0.0002,0.0,0.0008,0.5918,0.3182,91.8
6168153280,주식회사제주미래에너지,0.2846,0.027,0.021,0.0585,0.1746,0.1577,0.0186,0.0329,0.1384,0.5866,0.8616,-0.2576,-0.006,0.0375,0.1161,-0.0169,-0.1391,0.0143,0.1055,0.4482,0.275,91.73
5428600304,주식회사윙잇,,,,,,,0.0009,0.0228,0.5176,0.9345,0.9794,,,,,,,0.0219,0.4948,0.4169,0.0449,91.7
7498700111,주식회사보람푸드,,,,,,,,0.0016,0.0465,0.7895,0.9082,,,,,,,,0.0449,0.743,0.1187,91.67
1288640279,(주)애그리로보텍,,,,,,,,0.0047,0.006,0.6927,0.9163,,,,,,,,0.0013,0.6867,0.2236,91.64
1658602522,코제노벨머티얼리스코리아주식회사,,,,,,,,0.0056,0.016,0.7509,0.9074,,,,,,,,0.0104,0.7349,0.1565,91.62
2948100695,(주)더썬테크,,,,,,,0.0006,0.0064,0.0828,0.3018,0.8165,,,,,,,0.0058,0.0764,0.219,0.5147,91.57
1218138743,만복철강(주),0.0012,0.0207,0.7311,0.3135,0.0026,0.4958,0.8091,0.0059,0.5794,0.6862,0.9047,0.0195,0.7104,-0.4176,-0.3109,0.4932,0.3133,-0.8032,0.5735,0.1068,0.2185,91.57
1198624668,(주)딘트,,,,,,0.0002,0.0002,0.0005,0.0022,0.7301,0.9118,,,,,,0.0,0.0003,0.0017,0.7279,0.1817,91.38
3148639655,주식회사브이디코랩,,,,,,,0.0011,0.0035,0.0174,0.5961,0.8658,,,,,,,0.0024,0.0139,0.5787,0.2697,91.35
5348100064,주식회사일상의친구,,,,,0.0012,0.0074,0.0185,0.107,0.4457,0.568,0.8704,,,,,0.0062,0.0111,0.0885,0.3387,0.1223,0.3024,91.28
1298617733,(주)비즈바이오,0.0008,0.0003,0.0006,0.0037,0.0018,0.4188,0.0023,0.0022,0.0137,0.5543,0.8599,-0.0005,0.0003,0.0031,-0.0019,0.417,-0.4165,-0.0001,0.0115,0.5406,0.3056,91.26
1048162971,주식회사서원상사,,,,,,,0.0026,0.0821,0.6666,0.7413,0.9252,,,,,,,0.0795,0.5845,0.0747,0.1839,91.26
4108148141,(주)우리로,0.8849,0.0052,0.6554,0.8236,0.1625,0.8797,0.884,0.0046,0.0131,0.8295,0.9255,-0.8797,0.6502,0.1682,-0.6611,0.7172,0.0043,-0.8794,0.0085,0.8164,0.096,91.22
8438700126,주식회사디아이비즈,,,,,,0.0041,0.1819,0.1476,0.5557,0.9546,0.9852,,,,,,0.1778,-0.0343,0.4081,0.3989,0.0306,91.21
4188105807,(주)성전건설,0.0487,0.0035,0.0006,0.0001,0.0003,0.0006,0.0005,0.0007,0.0013,0.6891,0.9082,-0.0452,-0.0029,-0.0005,0.0002,0.0003,-0.0001,0.0002,0.0006,0.6878,0.2191,91.19
4148601482,주식회사블랙홀릭,,,,,,,0.0005,0.0002,0.0017,0.5922,0.8805,,,,,,,-0.0003,0.0015,0.5905,0.2883,91.15
2118894940,(주)로사퍼시픽,,,,,0.0018,0.154,0.0116,0.0026,0.0214,0.4516,0.8282,,,,,0.1522,-0.1424,-0.009,0.0188,0.4302,0.3766,91.03
1408115760,(주)신보유통,,,,,,,0.0004,0.0007,0.5889,0.8531,0.9212,,,,,,,0.0003,0.5882,0.2642,0.0681,90.99
8688602072,주식회사현도홀딩스,,,,,,,,0.0075,0.0576,0.8371,0.9053,,,,,,,,0.0501,0.7795,0.0682,90.89
1438117879,에이프로젠파마(주),,0.006,0.0006,0.0162,0.0049,0.1201,0.0005,0.0001,0.3445,0.8444,0.9044,,-0.0054,0.0156,-0.0113,0.1152,-0.1196,-0.0004,0.3444,0.4999,0.06,90.88
6088171900,(주)삼진스틸,,,,,,0.0017,0.1298,0.0133,0.0307,0.7425,0.8782,,,,,,0.1281,-0.1165,0.0174,0.7118,0.1357,90.87
4798801071,주식회사리씽크,,,,,,0.0015,0.0002,0.0033,0.6304,0.9445,0.9706,,,,,,-0.0013,0.0031,0.6271,0.3141,0.0261,90.81
5888700059,(주)블루엠텍,,,,,,,,0.0047,0.0264,0.1188,0.8009,,,,,,,,0.0217,0.0924,0.6821,90.8
2158103350,주식회사에네스에프,,,,,,,0.0087,0.0359,0.3938,0.7837,0.877,,,,,,,0.0272,0.3579,0.3899,0.0933,90.79
1068178372,(주)티앤티정보,,,,,0.0006,0.0003,0.0003,0.0002,0.0032,0.594,0.8598,,,,,-0.0003,0.0,-0.0001,0.003,0.5908,0.2658,90.77
7278800438,주식회사세종월드산업,,,,0.0025,0.0045,0.0235,0.0079,0.01,0.0882,0.6648,0.841,,,,0.002,0.019,-0.0156,0.0021,0.0782,0.5766,0.1762,90.73
1078630089,(주)더존월드,,,,,,,,0.002,0.0058,0.1833,0.8048,,,,,,,,0.0038,0.1775,0.6215,90.67
2148761418,주식회사오트리푸드,,0.0047,0.0155,0.0721,0.0102,0.0248,0.72,0.0036,0.004,0.6396,0.8833,,0.0108,0.0566,-0.0619,0.0146,0.6952,-0.7164,0.0004,0.6356,0.2437,90.62
1138171135,(주)바우글로벌,,,,,,,,0.003,0.0238,0.9349,0.9616,,,,,,,,0.0208,0.9111,0.0267,90.61
2208185825,(주)신화팝빌리지,,,,,,,,0.0038,0.108,0.6089,0.8173,,,,,,,,0.1042,0.5009,0.2084,90.61
1798801318,주식회사루덴스,,,,,,,,0.0047,0.0804,0.9674,0.9803,,,,,,,,0.0757,0.887,0.0129,90.61
6098116308,신화철강(주),0.4301,0.0038,0.0465,0.5347,0.2376,0.5172,0.6523,0.0033,0.1393,0.5436,0.8055,-0.4263,0.0427,0.4882,-0.2971,0.2796,0.1351,-0.649,0.136,0.4043,0.2619,90.61
1448120042,주식회사케이브랜즈,0.0712,0.0481,0.0543,0.0108,0.0022,0.001,0.0016,0.0021,0.6887,0.8781,0.9353,-0.0231,0.0062,-0.0435,-0.0086,-0.0012,0.0006,0.0005,0.6866,0.1894,0.0572,90.55
1288172650,(주)유니지오코리아,0.006,0.0017,0.0001,0.0002,0.001,0.0007,0.0005,0.0015,0.067,0.2134,0.7712,-0.0043,-0.0016,0.0001,0.0008,-0.0003,-0.0002,0.001,0.0655,0.1464,0.5578,90.51
2048701989,주식회사수정,,,,,,,,0.0064,0.0628,0.9189,0.9437,,,,,,,,0.0564,0.8561,0.0248,90.48
1078118057,(주)어진철강,0.0034,0.1121,0.0026,0.0022,0.0021,0.5167,0.4099,0.0026,0.1544,0.4421,0.7787,0.1087,-0.1095,-0.0004,-0.0001,0.5146,-0.1068,-0.4073,0.1518,0.2877,0.3366,90.43
2068629007,주식회사엠지티앤씨,0.0111,0.5885,0.0546,0.527,0.071,0.0539,0.0031,0.0025,0.8228,0.9521,0.9847,0.5774,-0.5339,0.4724,-0.456,-0.0171,-0.0508,-0.0006,0.8203,0.1293,0.0326,90.35
8108600319,(주)라벡스,,,,,,,,0.0019,0.0382,0.9073,0.9366,,,,,,,,0.0363,0.8691,0.0293,90.3
2108100440,주식회사대경퍼시픽,0.4222,0.3896,0.2866,0.2285,0.097,0.3378,0.0615,0.3539,0.5252,0.7137,0.8713,-0.0326,-0.103,-0.0581,-0.1315,0.2408,-0.2763,0.2924,0.1713,0.1885,0.1576,90.29
1268105081,(주)신양,,,,,,,,0.0024,0.0052,0.8879,0.9403,,,,,,,,0.0028,0.8827,0.0524,90.26
2018615721,주식회사더블유미션,,0.0037,0.0024,0.0045,0.0013,0.0032,0.0005,0.0008,0.0028,0.209,0.792,,-0.0013,0.0021,-0.0032,0.0019,-0.0027,0.0003,0.002,0.2062,0.583,90.21
1288640134,동방페이퍼주식회사,,,,,0.0017,0.0043,0.001,0.0026,0.0045,0.2585,0.7965,,,,,0.0026,-0.0033,0.0016,0.0019,0.254,0.538,90.2
2118817109,(주)에스엠브랜드마케팅,,,,,,,0.0026,0.0004,0.0001,0.5792,0.9612,,,,,,,-0.0022,-0.0003,0.5791,0.382,90.19
1378121645,(주)은성목재,0.0425,0.0165,0.0032,0.0127,0.0272,0.0103,0.0048,0.0019,0.0086,0.4585,0.8023,-0.026,-0.0133,0.0095,0.0145,-0.0169,-0.0055,-0.0029,0.0067,0.4499,0.3438,90.14
2208116217,(주)케미코,0.0002,,,0.0002,0.0002,0.0004,0.0004,0.0002,0.0003,0.2591,0.8296,,,,0.0,0.0002,0.0,-0.0002,0.0001,0.2588,0.5705,90.11
1058175799,복정제형(주),,,0.0009,0.0002,0.0003,0.0002,0.0003,0.0002,0.0023,0.4674,0.8127,,,-0.0007,0.0001,-0.0001,0.0001,-0.0001,0.0021,0.4651,0.3453,90.09
1218606213,주식회사에스와이보드,,,,,,,,0.0017,0.0322,0.1226,0.7587,,,,,,,,0.0305,0.0904,0.6361,89.94
1068186474,(주)이태원타운,,,,0.0018,0.059,0.0181,0.0027,0.0044,0.0751,0.545,0.78,,,,0.0572,-0.0409,-0.0154,0.0017,0.0707,0.4699,0.235,89.89
1788601188,(주)슬로우스탠다드,,,,,,,,0.0017,0.0032,0.3937,0.8035,,,,,,,,0.0015,0.3905,0.4098,89.84
4088130013,엘스타약품주식회사,0.3492,0.0125,0.3913,0.0647,0.0189,0.0044,0.0012,0.0147,0.0282,0.6117,0.8143,-0.3367,0.3788,-0.3266,-0.0458,-0.0145,-0.0032,0.0135,0.0135,0.5835,0.2026,89.82
2198128576,주식회사길,,,,,,,0.0004,0.0532,0.1247,0.3411,0.7548,,,,,,,0.0528,0.0715,0.2164,0.4137,89.75
1178150466,주식회사레몽,0.0143,,,,,,,0.3099,0.5215,0.8899,0.9217,,,,,,,,0.2116,0.3684,0.0318,89.71
6028118080,(주)해우농수산,0.2445,,,,0.0022,0.0017,0.002,0.0017,0.003,0.6542,0.8445,,,,,-0.0005,0.0003,-0.0003,0.0013,0.6512,0.1903,89.71
8388602182,주식회사섬강레저,,,,,,,,0.0053,0.0217,0.4969,0.7802,,,,,,,,0.0164,0.4752,0.2833,89.66
2118738806,케이지씨라이프앤진,0.1899,0.2784,0.2045,0.0004,0.001,0.0041,0.0012,0.0005,0.0055,0.7237,0.8466,0.0885,-0.0739,-0.2041,0.0006,0.0031,-0.0029,-0.0007,0.005,0.7182,0.1229,89.66
1208653367,하이네켄코리아(주),0.0001,0.0,0.0002,0.0001,0.0001,0.0097,0.0005,0.0002,0.0001,0.7048,0.9176,-0.0001,0.0002,-0.0001,0.0,0.0096,-0.0092,-0.0003,-0.0001,0.7047,0.2128,89.65
1298147625,주식회사레뱅,0.0028,,0.0141,0.0346,0.0014,0.0011,0.0005,0.0006,0.0001,0.4301,0.9429,,,0.0205,-0.0332,-0.0003,-0.0006,0.0001,-0.0005,0.43,0.5128,89.58
8488800152,주식회사에스티와이텔레콤,,,,,,,,0.0018,0.0023,0.0106,0.8485,,,,,,,,0.0005,0.0083,0.8379,89.55
1298628661,(주)트레바이오,,,,0.002,0.0807,0.092,0.0013,0.0029,0.0034,0.8381,0.9073,,,,0.0787,0.0113,-0.0907,0.0016,0.0005,0.8347,0.0692,89.53
5818600992,지엘앤코(주),,,,0.0029,0.3388,0.65,0.0261,0.0018,0.0354,0.735,0.8282,,,,0.3359,0.3112,-0.6239,-0.0243,0.0336,0.6996,0.0932,89.48
2368602106,주식회사한국바이오,,,,,,,,0.0046,0.0065,0.7356,0.855,,,,,,,,0.0019,0.7291,0.1194,89.48
2068184567,(주)지피클럽,,0.0044,0.0001,0.0004,0.0001,0.0002,0.0001,0.0003,0.0002,0.0064,0.9337,,-0.0043,0.0003,-0.0003,0.0001,-0.0001,0.0002,-0.0001,0.0062,0.9273,89.47
3138800466,주식회사더이안,,,,,,,,0.0007,0.0088,0.013,0.8197,,,,,,,,0.0081,0.0042,0.8067,89.46
1248179461,주식회사조암월드마트,,,,,,,0.0007,0.0014,0.3461,0.8569,0.8828,,,,,,,0.0007,0.3447,0.5108,0.0259,89.46
1108185080,주식회사잉글리시에그,,,0.0019,0.0008,0.0021,0.0023,0.0013,0.0012,0.606,0.8729,0.8978,,,-0.0011,0.0013,0.0002,-0.001,-0.0001,0.6048,0.2669,0.0249,89.28
1418101653,모토스타코리아(주),,,,,,,0.0008,0.0006,0.0004,0.3658,0.8745,,,,,,,-0.0002,-0.0002,0.3654,0.5087,89.1
1088150666,(주)범호통상,,,,0.0007,0.0302,0.1215,0.0004,0.0007,0.0419,0.8212,0.8618,,,,0.0295,0.0913,-0.1211,0.0003,0.0412,0.7793,0.0406,89.09
1408172820,엘마트(주)-시흥,,0.0045,0.0056,,,0.0205,0.001,0.0011,0.0031,0.4262,0.7627,,0.0011,,,,-0.0195,0.0001,0.002,0.4231,0.3365,88.91
1418121907,(주)올랜드아울렛,,,,,0.0011,0.0014,0.4198,0.023,0.0359,0.6841,0.8041,,,,,0.0003,0.4184,-0.3968,0.0129,0.6482,0.12,88.85
2148141045,(주)오진양행,0.0001,0.0001,0.0002,0.0001,0.0001,0.0004,0.0002,0.0003,0.1207,0.2045,0.7099,0.0,0.0001,-0.0001,0.0,0.0003,-0.0002,0.0001,0.1204,0.0838,0.5054,88.81
1208166488,(주)아베스포츠,0.5665,0.0828,0.0332,0.0014,0.0023,0.0028,0.0012,0.0054,0.0083,0.2261,0.7332,-0.4837,-0.0496,-0.0318,0.0009,0.0005,-0.0016,0.0042,0.0029,0.2178,0.5071,88.78
1048605825,(주)피피앤와이인터내셔날,0.0083,0.0037,0.0022,0.0009,0.0019,0.1076,0.0031,0.0039,0.0059,0.2642,0.74,-0.0046,-0.0015,-0.0013,0.001,0.1057,-0.1045,0.0008,0.002,0.2583,0.4758,88.76
1198666372,주식회사나비엠알오,,,,,,0.0006,0.0001,0.0007,0.0002,0.2992,0.8897,,,,,,-0.0005,0.0006,-0.0005,0.299,0.5905,88.75
1168135991,(주)대동스틸,0.2819,0.1583,0.0004,0.0002,0.0303,0.1517,0.0081,0.0003,0.5083,0.8367,0.8636,-0.1236,-0.1579,-0.0002,0.0301,0.1214,-0.1436,-0.0078,0.508,0.3284,0.0269,88.74
1048621543,톰포드리테일코리아,,,,,,,,0.0042,0.0047,0.7837,0.8605,,,,,,,,0.0005,0.779,0.0768,88.61
2018635431,주식회사명연에너지,,,,,,0.0025,0.0073,0.0678,0.1755,0.2812,0.7144,,,,,,0.0048,0.0605,0.1077,0.1057,0.4332,88.6
1198121778,에프에이코리아(주),,,0.0007,0.0004,0.001,0.0013,0.0004,0.0011,0.0013,0.0934,0.7569,,,-0.0003,0.0006,0.0003,-0.0009,0.0007,0.0002,0.0921,0.6635,88.47
2118719532,주식회사유로세라믹,0.0434,0.0008,0.0003,0.0003,0.0003,0.0008,0.0228,0.0802,0.397,0.6608,0.7723,-0.0426,-0.0005,0.0,0.0,0.0005,0.022,0.0574,0.3168,0.2638,0.1115,88.46
1148620463,(주)한국리모텍,0.0006,0.0002,0.0001,0.0006,0.0001,0.0009,0.2081,0.0009,0.6129,0.7566,0.8248,-0.0004,-0.0001,0.0005,-0.0005,0.0008,0.2072,-0.2072,0.612,0.1437,0.0682,88.44
2208628907,(주)인터펫코리아,,0.0045,0.0023,0.0048,0.028,0.0103,0.0027,0.0093,0.484,0.4949,0.7958,,-0.0022,0.0025,0.0232,-0.0177,-0.0076,0.0066,0.4747,0.0109,0.3009,88.39
1098195633,(주)레알아이엔티,,,,,,,,0.0011,0.0009,0.0338,0.8645,,,,,,,,-0.0002,0.0329,0.8307,88.33
1098164988,젬하우시스주식회사,0.0089,0.0004,0.0004,0.0001,0.0014,0.0006,0.0034,0.0022,0.0033,0.3545,0.739,-0.0085,0.0,-0.0003,0.0013,-0.0008,0.0028,-0.0012,0.0011,0.3512,0.3845,88.26
2118738107,주식회사상원무역,,,,,,,0.0014,0.0414,0.1002,0.4567,0.7087,,,,,,,0.04,0.0588,0.3565,0.252,88.25
1068108726,(주)중앙에너비스,0.0247,0.0033,0.0014,0.1302,0.0086,0.0661,0.0374,0.0721,0.1599,0.5809,0.7382,-0.0214,-0.0019,0.1288,-0.1216,0.0575,-0.0287,0.0347,0.0878,0.421,0.1573,88.23
2098160749,주식회사제이에프티,,,,,0.0003,0.0002,0.0001,0.0004,0.1443,0.8762,0.8819,,,,,-0.0001,-0.0001,0.0003,0.1439,0.7319,0.0057,88.16
2298116010,(주)농협유통,0.0017,0.0096,0.0072,0.0009,0.0116,0.0438,0.0013,0.199,0.5713,0.8408,0.8625,0.0079,-0.0024,-0.0063,0.0107,0.0322,-0.0425,0.1977,0.3723,0.2695,0.0217,88.1
2158159247,(주)이효바이오싸이언스,,,,,,,0.0008,0.0003,0.0002,0.5565,0.8309,,,,,,,-0.0005,-0.0001,0.5563,0.2744,88.0
1058162708,(주)에스디상사,0.0049,0.0092,0.0079,0.0021,,,,0.0101,0.03,0.0403,0.7212,0.0043,-0.0013,-0.0058,,,,,0.0199,0.0103,0.6809,87.94
1218603706,(주)티피이솔루션,,,,,,,,0.0015,0.0455,0.555,0.7149,,,,,,,,0.044,0.5095,0.1599,87.93
1378120888,제이자원주식회사,0.0002,0.0007,0.0007,0.0004,0.0004,0.0006,0.0096,0.0008,0.2167,0.5788,0.7142,0.0005,0.0,-0.0003,0.0,0.0002,0.009,-0.0088,0.2159,0.3621,0.1354,87.93
4028157178,주식회사지오하우스,0.0003,0.0018,0.0029,0.0015,0.0031,0.0042,0.1194,0.0264,0.4538,0.4828,0.7502,0.0015,0.0011,-0.0014,0.0016,0.0011,0.1152,-0.093,0.4274,0.029,0.2674,87.91
5028132934,주식회사몽돌,,0.0037,0.0012,0.0029,0.0024,0.003,0.0038,0.0011,0.0095,0.1874,0.6817,,-0.0025,0.0017,-0.0005,0.0006,0.0008,-0.0027,0.0084,0.1779,0.4943,87.89
1118125367,(주)한가람약품,0.0018,0.0006,0.0011,0.0003,0.023,0.5665,0.0012,0.0011,0.1112,0.3232,0.6632,-0.0012,0.0005,-0.0008,0.0227,0.5435,-0.5653,-0.0001,0.1101,0.212,0.34,87.78
2178114644,하림스틸주식회사,0.0008,0.0031,0.0013,0.3416,0.001,0.0047,0.0014,0.0005,0.0104,0.4435,0.7025,0.0023,-0.0018,0.3403,-0.3406,0.0037,-0.0033,-0.0009,0.0099,0.4331,0.259,87.78
6088135807,모터스밸리주식회사,0.427,0.034,0.0085,0.013,0.0557,0.1501,0.0191,0.0392,0.0439,0.6519,0.7678,-0.393,-0.0255,0.0045,0.0427,0.0944,-0.131,0.0201,0.0047,0.608,0.1159,87.78
2148658726,(주)포엠아이,,,,0.0011,0.0006,0.0019,0.0005,0.0008,0.3888,0.5696,0.7165,,,,-0.0005,0.0013,-0.0014,0.0003,0.388,0.1808,0.1469,87.77
2048602389,에스지바이오사이언스주식회사,0.0002,0.0014,0.0055,0.0093,0.0029,0.0032,0.0035,0.0023,0.0009,0.7312,0.9689,0.0012,0.0041,0.0038,-0.0064,0.0003,0.0003,-0.0012,-0.0014,0.7303,0.2377,87.76
7168701158,주식회사위버스컴퍼니,,,,,,,0.0006,0.0001,0.1666,0.7344,0.7762,,,,,,,-0.0005,0.1665,0.5678,0.0418,87.76
2158140355,메디랩코리아(주),0.0029,0.0131,0.0234,0.3808,0.0049,0.0041,0.3563,0.0441,0.0163,0.4622,0.9751,0.0102,0.0103,0.3574,-0.3759,-0.0008,0.3522,-0.3122,-0.0278,0.4459,0.5129,87.71
1408162394,동보자원주식회사,,,,,,0.0008,0.0005,0.0024,0.0011,0.4117,0.9136,,,,,,-0.0003,0.0019,-0.0013,0.4106,0.5019,87.69
1208776635,불스원서비스주식회사,0.0041,0.0108,0.2333,0.0196,0.0619,0.035,0.279,0.0071,0.1171,0.6377,0.7271,0.0067,0.2225,-0.2137,0.0423,-0.0269,0.244,-0.2719,0.11,0.5206,0.0894,87.65
1328630218,주식회사삼원,,,0.0013,0.1011,0.9057,0.0295,0.0056,0.0041,0.0045,0.0146,0.7602,,,0.0998,0.8046,-0.8762,-0.0239,-0.0015,0.0004,0.0101,0.7456,87.62
2148738348,(주)모든오피스,0.0834,0.0145,0.0089,0.0601,0.0134,0.0075,0.0028,0.0154,0.0176,0.1589,0.6862,-0.0689,-0.0056,0.0512,-0.0467,-0.0059,-0.0047,0.0126,0.0022,0.1413,0.5273,87.56
1198139278,(주)윈시스템즈,0.5636,0.004,0.0044,0.0018,0.2001,0.037,0.3057,0.0022,0.0012,0.4511,0.897,-0.5596,0.0004,-0.0026,0.1983,-0.1631,0.2687,-0.3035,-0.001,0.4499,0.4459,87.53
4018127929,태영세라믹주식회사,0.0008,0.0017,0.0545,0.0062,0.0217,0.0066,0.0067,0.2418,0.8009,0.8171,0.8751,0.0009,0.0528,-0.0483,0.0155,-0.0151,0.0001,0.2351,0.5591,0.0162,0.058,87.49
2028138076,(주)동신툴피아,0.0037,0.0011,0.0007,0.0009,0.0011,0.003,0.0005,0.0008,0.0013,0.0078,0.754,-0.0026,-0.0004,0.0002,0.0002,0.0019,-0.0025,0.0003,0.0005,0.0065,0.7462,87.35
1378149755,민팃(주),,,,,,,,0.0028,0.0707,0.6006,0.7069,,,,,,,,0.0679,0.5299,0.1063,87.35
3838101617,적산개발,,,,,,,,0.0084,0.0309,0.8045,0.8233,,,,,,,,0.0225,0.7736,0.0188,87.3
1208156414,신의페트라(주),0.0015,0.0024,0.0091,0.002,0.0013,0.0025,0.0014,0.0016,0.278,0.5489,0.6851,0.0009,0.0067,-0.0071,-0.0007,0.0012,-0.0011,0.0002,0.2764,0.2709,0.1362,87.26
1348639646,주식회사성보유통,0.0135,0.3116,0.227,0.028,0.0425,0.0844,0.0031,0.0072,0.014,0.5918,0.717,0.2981,-0.0846,-0.199,0.0145,0.0419,-0.0813,0.0041,0.0068,0.5778,0.1252,87.19
1148136830,삼원아트무역주식회사,0.0066,0.3691,0.0063,,,,0.0008,0.0195,0.0295,0.0704,0.6736,0.3625,-0.3628,,,,,0.0187,0.01,0.0409,0.6032,87.18
6068149815,한성산업(주),,,,,,,,0.0033,0.0987,0.5483,0.6778,,,,,,,,0.0954,0.4496,0.1295,87.01
1268199648,주식회사세일펫,,,,0.0016,0.0015,0.0087,0.0061,0.012,0.8339,0.894,0.9041,,,,-0.0001,0.0072,-0.0026,0.0059,0.8219,0.0601,0.0101,87.0
1078191742,(주)이좋은세상,,,,,,0.0007,0.0002,0.0004,0.0003,0.2435,0.7483,,,,,,-0.0005,0.0002,-0.0001,0.2432,0.5048,86.95
1378113295,(주)원창,,,,,,,,0.0013,0.0019,0.5893,0.7386,,,,,,,,0.0006,0.5874,0.1493,86.92
2158641645,(주)세파스,,0.0027,0.0007,0.001,0.0004,0.0019,0.0017,0.0006,0.3129,0.4003,0.665,,-0.002,0.0003,-0.0006,0.0015,-0.0002,-0.0011,0.3123,0.0874,0.2647,86.89
1348179089,송현산업주식회사,,,,,,,,0.003,0.1189,0.5756,0.6789,,,,,,,,0.1159,0.4567,0.1033,86.81
1348122572,주식회사동림스틸,0.0002,0.0005,0.0006,0.0003,0.0008,0.0138,0.003,0.0005,0.0003,0.2957,0.7735,0.0003,0.0001,-0.0003,0.0005,0.013,-0.0108,-0.0025,-0.0002,0.2954,0.4778,86.75
2208831099,(주)남서울상사,,,,,0.0006,0.0021,0.0016,0.0104,0.0325,0.569,0.6892,,,,,0.0015,-0.0005,0.0088,0.0221,0.5365,0.1202,86.72
1178124352,페트로코리아주식회사,0.0246,0.0146,0.0005,0.0191,0.0028,0.002,0.0802,0.0002,0.0002,0.0825,0.7141,-0.01,-0.0141,0.0186,-0.0163,-0.0008,0.0782,-0.08,0.0,0.0823,0.6316,86.72
1428165155,주식회사나무유통,,,,,,,,0.0008,0.0045,0.1637,0.6446,,,,,,,,0.0037,0.1592,0.4809,86.71
1348635261,주식회사리벤스,,,0.0018,0.0018,0.001,0.0024,0.0005,0.0003,0.0001,0.368,0.7795,,,0.0,-0.0008,0.0014,-0.0019,-0.0002,-0.0002,0.3679,0.4115,86.71
1018617910,(주)케이옥션,0.0097,0.0018,0.0016,0.0376,0.0855,0.0447,0.0571,0.0043,0.0021,0.6089,0.9179,-0.0079,-0.0002,0.036,0.0479,-0.0408,0.0124,-0.0528,-0.0022,0.6068,0.309,86.67
1168148574,주식회사오리엔트골프,0.0018,0.0176,0.0012,0.0,0.0071,0.003,0.001,0.002,0.0006,0.538,0.8887,0.0158,-0.0164,-0.0012,0.0071,-0.0041,-0.002,0.001,-0.0014,0.5374,0.3507,86.67
1058684589,(주)나비타월드,,,,,,,,0.0019,0.0021,0.0133,0.7178,,,,,,,,0.0002,0.0112,0.7045,86.59
3208100733,바이오스마트약품(주),,,,,0.0011,0.0641,0.48,0.0087,0.0075,0.6679,0.9061,,,,,0.063,0.4159,-0.4713,-0.0012,0.6604,0.2382,86.58
2068672765,(주)제이컬렉션,,,,,,,,0.0007,0.0002,0.3974,0.8193,,,,,,,,-0.0005,0.3972,0.4219,86.56
1268144726,주식회사제스파,,,,,0.0005,0.0013,0.0004,0.0004,0.2355,0.7107,0.7401,,,,,0.0008,-0.0009,0.0,0.2351,0.4752,0.0294,86.56
1208133589,신한과학(주),0.2876,0.0047,0.0707,0.0016,0.0012,0.0063,0.0039,0.0039,0.0198,0.2021,0.6262,-0.2829,0.066,-0.0691,-0.0004,0.0051,-0.0024,0.0,0.0159,0.1823,0.4241,86.54
3398100324,주식회사씨앤케이무역,,,,,,,0.0011,0.0004,0.0022,0.0087,0.6899,,,,,,,-0.0007,0.0018,0.0065,0.6812,86.42
1168130055,(주)상기코퍼레이션,,,,,,,0.0007,0.0016,0.0012,0.014,0.8321,,,,,,,0.0009,-0.0004,0.0128,0.8181,86.41
1228624058,오션네트웍스(주),,,,,,0.0014,0.0016,0.0961,0.3378,0.5204,0.6642,,,,,,0.0002,0.0945,0.2417,0.1826,0.1438,86.38
2048605090,(주)아이꿈터,0.0014,0.0026,0.003,0.0102,0.0041,0.0065,0.0034,0.0021,0.0077,0.1294,0.628,0.0012,0.0004,0.0072,-0.0061,0.0024,-0.0031,-0.0013,0.0056,0.1217,0.4986,86.29
2458801497,주식회사이공구오,,,,,,,,0.0014,0.0217,0.5223,0.6617,,,,,,,,0.0203,0.5006,0.1394,86.26
1108611754,(주)사과마을,,,,,,,0.0006,0.0024,0.0056,0.0175,0.6676,,,,,,,0.0018,0.0032,0.0119,0.6501,86.24
1268124754,(주)보담,,,,,,0.0015,0.0008,0.0006,0.0001,0.188,0.7826,,,,,,-0.0007,-0.0002,-0.0005,0.1879,0.5946,86.2
3058146744,주식회사장학문구사,,,,,,,0.0008,0.0048,0.4544,0.7172,0.7423,,,,,,,0.004,0.4496,0.2628,0.0251,86.16
1308702047,주식회사피디케이이엔티,,,,,,,,0.0027,0.0008,0.4079,0.8677,,,,,,,,-0.0019,0.4071,0.4598,86.14
1348641502,성환유통(주),0.0016,0.0032,0.0099,0.0038,0.3186,0.5641,0.0031,0.0027,0.001,0.8434,0.9492,0.0016,0.0067,-0.0061,0.3148,0.2455,-0.561,-0.0004,-0.0017,0.8424,0.1058,86.1
1378117156,(주)동우종합목재,0.1142,0.0103,0.0069,0.0075,0.0798,0.6081,0.0019,0.0033,0.0032,0.6007,0.7704,-0.1039,-0.0034,0.0006,0.0723,0.5283,-0.6062,0.0014,-0.0001,0.5975,0.1697,86.1
1248730397,(주)마트킹안녕,,,,,0.0011,0.001,0.0011,0.0005,0.0051,0.5604,0.6797,,,,,-0.0001,0.0001,-0.0006,0.0046,0.5553,0.1193,86.09
1058634546,(주)엘텍파마켐,,,,,0.0008,0.0007,0.0001,0.0005,0.3597,0.6569,0.6999,,,,,-0.0001,-0.0006,0.0004,0.3592,0.2972,0.043,86.05
7298100963,(주)세정글로벌,,,,,,,0.0003,0.0019,0.0606,0.2819,0.5866,,,,,,,0.0016,0.0587,0.2213,0.3047,86.01
1048618747,(주)신세계엘앤비,0.0019,0.0009,0.0154,0.4124,0.0059,0.0122,0.0015,0.0013,0.0002,0.7066,0.8864,-0.001,0.0145,0.397,-0.4065,0.0063,-0.0107,-0.0002,-0.0011,0.7064,0.1798,85.96
1058772251,주식회사워너쉬,,,,,,,,0.0018,0.0029,0.5628,0.688,,,,,,,,0.0011,0.5599,0.1252,85.94
6028105116,(주)엠티오,0.0048,0.0002,0.0006,0.0011,0.0002,0.0005,0.0006,0.0007,0.0811,0.2449,0.5804,-0.0046,0.0004,0.0005,-0.0009,0.0003,0.0001,0.0001,0.0804,0.1638,0.3355,85.9
1248666923,주식회사무림,,,,,0.0006,0.0309,0.8839,0.0041,0.0006,0.147,0.8575,,,,,0.0303,0.853,-0.8798,-0.0035,0.1464,0.7105,85.84
6358700113,주식회사씨티라이프,,,,,,,0.0005,0.0015,0.0325,0.6973,0.7253,,,,,,,0.001,0.031,0.6648,0.028,85.84
2048646427,주식회사스타일엠,,,,,,,,0.0007,0.0065,0.0086,0.6831,,,,,,,,0.0058,0.0021,0.6745,85.84
2128611249,주식회사에이덴,,,,,,,0.0007,0.0006,0.0012,0.0079,0.6787,,,,,,,-0.0001,0.0006,0.0067,0.6708,85.74
4038117937,휴모스트녹원주식회사,0.0005,0.0177,0.0005,0.0005,0.0004,0.001,0.0003,0.0018,0.1525,0.3506,0.5799,0.0172,-0.0172,0.0,-0.0001,0.0006,-0.0007,0.0015,0.1507,0.1981,0.2293,85.66
2188106865,(주)온타이드,0.0032,0.0006,0.0023,0.361,0.004,0.4239,0.0025,0.4896,0.0039,0.7033,0.957,-0.0026,0.0017,0.3587,-0.357,0.4199,-0.4214,0.4871,-0.4857,0.6994,0.2537,85.64
6068165741,(주)대웅엠엔에프,0.0818,0.0446,0.0952,0.3623,0.6078,0.472,0.0048,0.0052,0.0118,0.0368,0.6101,-0.0372,0.0506,0.2671,0.2455,-0.1358,-0.4672,0.0004,0.0066,0.025,0.5733,85.53
1388145131,주식회사제이알디,,,,0.0013,0.0002,0.0012,0.1331,0.1904,0.2671,0.426,0.6281,,,,-0.0011,0.001,0.1319,0.0573,0.0767,0.1589,0.2021,85.51
2098120882,에이스메디칼(주),0.0001,0.0003,0.0004,0.0001,0.0001,0.0007,0.0001,0.0008,0.0004,0.5674,0.7951,0.0002,0.0001,-0.0003,0.0,0.0006,-0.0006,0.0007,-0.0004,0.567,0.2277,85.48
2158678351,(주)더블유피지코리아,0.0015,0.0011,0.0009,0.0004,0.0009,0.0033,0.0237,0.0097,0.0037,0.6245,0.8906,-0.0004,-0.0002,-0.0005,0.0005,0.0024,0.0204,-0.014,-0.006,0.6208,0.2661,85.47
1318608294,주식회사여주농산,,,,0.0017,0.0053,0.0056,0.0009,0.0025,0.0074,0.7126,0.739,,,,0.0036,0.0003,-0.0047,0.0016,0.0049,0.7052,0.0264,85.45
3068104335,오성철강주식회사,0.0017,0.0004,0.0007,0.0007,0.0005,0.0016,0.1535,0.0008,0.0014,0.0776,0.627,-0.0013,0.0003,0.0,-0.0002,0.0011,0.1519,-0.1527,0.0006,0.0762,0.5494,85.43
2118837444,주식회사무신사트레이딩,,,,,,,,0.0023,0.0005,0.4522,0.8483,,,,,,,,-0.0018,0.4517,0.3961,85.42
1218156800,우리에스티(주),,,,,,,,0.002,0.0024,0.02,0.65,,,,,,,,0.0004,0.0176,0.63,85.42
1308668192,준스틸주식회사,,,,,,,0.0005,0.0005,0.0019,0.3001,0.6067,,,,,,,0.0,0.0014,0.2982,0.3066,85.32
2148688287,(주)지엠파트너,,,,,,,,0.0012,0.0672,0.8061,0.8083,,,,,,,,0.066,0.7389,0.0022,85.29
2118613230,선인자동차(주),0.0068,0.0086,0.0161,0.0036,0.0022,0.0042,0.0009,0.0009,0.001,0.3153,0.6436,0.0018,0.0075,-0.0125,-0.0014,0.002,-0.0033,0.0,0.0001,0.3143,0.3283,85.28
2018166943,(주)스타일리더,,,0.0002,0.0002,0.0001,0.0004,0.0002,0.0002,0.0001,0.038,0.6948,,,0.0,-0.0001,0.0003,-0.0002,0.0,-0.0001,0.0379,0.6568,85.26
5048106204,한성철강주식회사,0.0016,0.0005,0.0023,0.0015,0.0036,0.447,0.0006,0.0004,0.0003,0.0043,0.745,-0.0011,0.0018,-0.0008,0.0021,0.4434,-0.4464,-0.0002,-0.0001,0.004,0.7407,85.23
6068197938,비케이에너지(주),0.0196,0.0014,0.0006,0.0028,0.0023,0.0028,0.001,0.0173,0.1858,0.2723,0.5719,-0.0182,-0.0008,0.0022,-0.0005,0.0005,-0.0018,0.0163,0.1685,0.0865,0.2996,85.2
1198108630,태신상사(주),,,,,,,,0.0013,0.0051,0.0445,0.5937,,,,,,,,0.0038,0.0394,0.5492,85.14
1408109685,경기종합철강(주),,,,,,,0.0006,0.0013,0.0235,0.4997,0.6163,,,,,,,0.0007,0.0222,0.4762,0.1166,85.1
6068161333,주식회사덕인,0.4614,0.462,0.2985,,,0.0061,0.0007,0.0009,0.0004,0.542,0.7834,0.0006,-0.1635,,,,-0.0054,0.0002,-0.0005,0.5416,0.2414,85.09
3048100556,대성석유주식회사,0.14,0.058,0.0011,0.0202,0.0016,0.0013,0.0004,0.0015,0.0008,0.0422,0.7796,-0.082,-0.0569,0.0191,-0.0186,-0.0003,-0.0009,0.0011,-0.0007,0.0414,0.7374,85.03
6078189106,주식회사진보종합상사,,,,,,,0.0013,0.006,0.3279,0.5638,0.6322,,,,,,,0.0047,0.3219,0.2359,0.0684,85.02
2148744461,더부에스텍주식회사,0.0565,0.0036,0.0014,0.0018,0.002,0.0192,0.3081,0.0014,0.1134,0.4576,0.5808,-0.0529,-0.0022,0.0004,0.0002,0.0172,0.2889,-0.3067,0.112,0.3442,0.1232,85.02
5408700718,(주)블루박스,,,,,,0.0011,0.0005,0.0014,0.0033,0.3927,0.6047,,,,,,-0.0006,0.0009,0.0019,0.3894,0.212,84.99
2148607571,주식회사하이리빙,0.9375,0.3268,0.0132,0.008,0.0004,0.0018,0.0007,0.0009,0.0006,0.0297,0.737,-0.6107,-0.3136,-0.0052,-0.0076,0.0014,-0.0011,0.0002,-0.0003,0.0291,0.7073,84.9
6058624266,주식회사렛츠밀란커머스,,,0.001,0.0007,0.0008,0.0033,0.0023,0.002,0.0018,0.7147,0.7925,,,-0.0003,0.0001,0.0025,-0.001,-0.0003,-0.0002,0.7129,0.0778,84.87
1188120723,(주)대우캐리어판매,,,,,,0.0006,0.0003,0.001,0.0021,0.1104,0.5777,,,,,,-0.0003,0.0007,0.0011,0.1083,0.4673,84.75
1348735900,주식회사몬즈컴퍼니,,,,,,,0.0005,0.1787,0.0036,0.6208,0.8928,,,,,,,0.1782,-0.1751,0.6172,0.272,84.75
1248177798,바이오스트림테크놀러지스주식회사,,,,,0.0007,0.0003,0.0001,0.0006,0.0002,0.429,0.7418,,,,,-0.0004,-0.0002,0.0005,-0.0004,0.4288,0.3128,84.75
2208821117,(주)아르케인터내셔날,,,,,,0.0005,0.0001,0.0001,0.1082,0.4837,0.5807,,,,,,-0.0004,0.0,0.1081,0.3755,0.097,84.71
6848101937,주식회사어치브컬렉션,,,,,,,,0.0012,0.0195,0.3218,0.554,,,,,,,,0.0183,0.3023,0.2322,84.69
3078141274,(주)주복,,0.0012,0.001,0.0188,0.4325,0.8026,0.0075,0.012,0.0053,0.1865,0.8151,,-0.0002,0.0178,0.4137,0.3701,-0.7951,0.0045,-0.0067,0.1812,0.6286,84.68
1138669177,주식회사더유제약,,,,,0.0005,0.0005,0.0002,0.0001,0.0002,0.0122,0.6461,,,,,0.0,-0.0003,-0.0001,0.0001,0.012,0.6339,84.63
1218100456,동양산업주식회사,0.0838,0.0022,0.0113,0.0023,0.0237,0.0095,0.0183,0.1843,0.0807,0.3581,0.8638,-0.0816,0.0091,-0.009,0.0214,-0.0142,0.0088,0.166,-0.1036,0.2774,0.5057,84.63
6128147748,(주)서울에너지,,,,,0.0012,0.0025,0.002,0.0048,0.0177,0.0572,0.5598,,,,,0.0013,-0.0005,0.0028,0.0129,0.0395,0.5026,84.59
1078120816,삼남강재주식회사,0.0258,0.4145,0.0034,0.0013,0.0143,0.4825,0.5469,0.0053,0.0018,0.3159,0.8071,0.3887,-0.4111,-0.0021,0.013,0.4682,0.0644,-0.5416,-0.0035,0.3141,0.4912,84.49
1058602796,(주)대전유니온약품,0.0005,0.0004,0.0011,0.0012,0.0003,0.0012,0.0008,0.0006,0.0003,0.2203,0.6888,-0.0001,0.0007,0.0001,-0.0009,0.0009,-0.0004,-0.0002,-0.0003,0.22,0.4685,84.46
2068178385,주식회사엠프로미스,,,,,,,0.004,0.0182,0.0763,0.5361,0.5992,,,,,,,0.0142,0.0581,0.4598,0.0631,84.39
2058139225,대도철강(주),0.086,0.0031,0.0012,0.001,0.0155,0.0025,0.018,0.0006,0.0069,0.5994,0.6505,-0.0829,-0.0019,-0.0002,0.0145,-0.013,0.0155,-0.0174,0.0063,0.5925,0.0511,84.38
2298130555,코스테크주식회사,0.0001,0.0001,0.1198,0.1724,0.2416,0.5958,0.004,0.0084,0.3876,0.6714,0.6842,0.0,0.1197,0.0526,0.0692,0.3542,-0.5918,0.0044,0.3792,0.2838,0.0128,84.37
1098629730,주식회사프리마모터스,,,,,,0.0019,0.0013,0.001,0.001,0.6141,0.6926,,,,,,-0.0006,-0.0003,0.0,0.6131,0.0785,84.28
1338142032,경신철강주식회사,0.4248,0.0026,0.0012,0.0004,0.0004,0.0634,0.0006,0.0006,0.0002,0.134,0.6931,-0.4222,-0.0014,-0.0008,0.0,0.063,-0.0628,0.0,-0.0004,0.1338,0.5591,84.28
1068173135,구르메에프앤드비코리아(주),,,,0.0003,0.0001,0.0002,0.0001,0.0002,0.0001,0.0763,0.6462,,,,-0.0002,0.0001,-0.0001,0.0001,-0.0001,0.0762,0.5699,84.27
1178136329,주식회사노마드,,,,,,,0.0005,0.0002,0.0003,0.0029,0.6674,,,,,,,-0.0003,0.0001,0.0026,0.6645,84.27
3388600272,선진알앤디(주),,,,,,,0.0007,0.001,0.0031,0.0372,0.561,,,,,,,0.0003,0.0021,0.0341,0.5238,84.2
1238132838,마린랜드(주),,0.0009,0.0002,0.0019,,,0.0016,0.0003,0.0001,0.5782,0.72,,-0.0007,0.0017,,,,-0.0013,-0.0002,0.5781,0.1418,84.19
1308143406,주식회사대덕강업,0.0016,0.0032,0.0016,0.0279,0.0166,0.2986,0.0027,0.087,0.0011,0.2414,0.8161,0.0016,-0.0016,0.0263,-0.0113,0.282,-0.2959,0.0843,-0.0859,0.2403,0.5747,84.14
5148193254,(주)보화,,,0.0006,0.0142,0.0131,0.014,0.0027,0.0055,0.0313,0.1399,0.5132,,,0.0136,-0.0011,0.0009,-0.0113,0.0028,0.0258,0.1086,0.3733,84.13
1058815349,(주)공영홈쇼핑,,,0.0006,0.0191,0.2296,0.9152,0.0019,0.0002,0.0004,0.0015,0.6814,,,0.0185,0.2105,0.6856,-0.9133,-0.0017,0.0002,0.0011,0.6799,84.07
2068192602,제이케이모터스서비스주식회사,,,,,0.0008,0.0012,0.0009,0.0013,0.0001,0.395,0.7634,,,,,0.0004,-0.0003,0.0004,-0.0012,0.3949,0.3684,84.04
2298111558,디케이메디칼솔루션(주),0.1169,0.0077,0.0003,0.0017,0.0005,0.0007,0.0001,0.0003,0.0002,0.0164,0.659,-0.1092,-0.0074,0.0014,-0.0012,0.0002,-0.0006,0.0002,-0.0001,0.0162,0.6426,84.01
2268102370,동방산업(주),0.0088,0.0166,0.0095,0.0026,0.0044,0.0372,0.0031,0.0026,0.0084,0.5795,0.6325,0.0078,-0.0071,-0.0069,0.0018,0.0328,-0.0341,-0.0005,0.0058,0.5711,0.053,83.99
1318180777,한송우드주식회사,0.0281,0.84,0.1352,0.2046,0.0282,0.131,0.0073,0.6946,0.0863,0.6339,0.8902,0.8119,-0.7048,0.0694,-0.1764,0.1028,-0.1237,0.6873,-0.6083,0.5476,0.2563,83.98
6338600712,(주)이에스티,,,,0.0008,0.0001,0.0003,0.0005,0.0008,0.189,0.4816,0.5574,,,,-0.0007,0.0002,0.0002,0.0003,0.1882,0.2926,0.0758,83.97
1098639204,(주)국제태산무역,,0.0028,0.0009,0.6074,0.6004,0.9355,0.1401,0.4033,0.2017,0.3824,0.8668,,-0.0019,0.6065,-0.007,0.3351,-0.7954,0.2632,-0.2016,0.1807,0.4844,83.92
6098150849,주식회사부광스틸,0.0002,0.0003,0.0003,0.0003,0.0003,0.0009,0.0048,0.001,0.0005,0.1135,0.6878,0.0001,0.0,0.0,0.0,0.0006,0.0039,-0.0038,-0.0005,0.113,0.5743,83.81
1318633681,(주)보성스톤,,,,0.0014,0.0011,0.005,0.0028,0.0029,0.0014,0.3458,0.7564,,,,-0.0003,0.0039,-0.0022,0.0001,-0.0015,0.3444,0.4106,83.81
1378174569,세운산업주식회사,0.1626,0.0833,0.0363,0.053,0.007,0.0104,0.004,0.6111,0.0041,0.2699,0.823,-0.0793,-0.047,0.0167,-0.046,0.0034,-0.0064,0.6071,-0.607,0.2658,0.5531,83.73
2208672761,(주)누비콤,0.0025,0.006,0.0076,0.0087,0.6799,0.4134,0.0017,0.0028,0.001,0.5481,0.7948,0.0035,0.0016,0.0011,0.6712,-0.2665,-0.4117,0.0011,-0.0018,0.5471,0.2467,83.71
1248179914,주식회사티에이치이,0.0016,0.0004,0.0022,0.0275,0.0009,0.0023,0.0003,0.0004,0.0008,0.002,0.6541,-0.0012,0.0018,0.0253,-0.0266,0.0014,-0.002,0.0001,0.0004,0.0012,0.6521,83.64
4618801522,주식회사대경컴퍼니,,,,,,,,0.001,0.0005,0.0027,0.7634,,,,,,,,-0.0005,0.0022,0.7607,83.54
4088116234,남선석유주식회사,0.0334,0.004,0.0015,0.0025,0.0017,0.0061,0.0042,0.0078,0.0072,0.296,0.6928,-0.0294,-0.0025,0.001,-0.0008,0.0044,-0.0019,0.0036,-0.0006,0.2888,0.3968,83.49
2048636822,주식회사제이케이인터내셔널,,,,,,,0.0016,0.0064,0.0007,0.4276,0.7881,,,,,,,0.0048,-0.0057,0.4269,0.3605,83.48
2138639411,진경산업(주),0.0001,0.0001,0.0004,0.0001,0.0003,0.0019,0.5538,0.6315,0.002,0.6766,0.8706,0.0,0.0003,-0.0003,0.0002,0.0016,0.5519,0.0777,-0.6295,0.6746,0.194,83.35
1078103762,동성철강(주),,,,,,,,0.0046,0.0007,0.7015,0.8326,,,,,,,,-0.0039,0.7008,0.1311,83.34
6648800573,주식회사열매컴퍼니,,,,,,,,0.0011,0.0,0.13,0.7062,,,,,,,,-0.0011,0.13,0.5762,83.26
4928700724,주식회사제이디오,,,,,,,,0.0012,0.0006,0.0224,0.6959,,,,,,,,-0.0006,0.0218,0.6735,83.17
2068602880,주식회사휴코리아,,,,,0.0015,0.003,0.712,0.5282,0.0453,0.8992,0.949,,,,,0.0015,0.709,-0.1838,-0.4829,0.8539,0.0498,83.14
6108608308,주식회사하이베러,,0.0031,0.0007,0.0003,0.0004,0.0015,0.0004,0.0001,0.0001,0.0003,0.7508,,-0.0024,-0.0004,0.0001,0.0011,-0.0011,-0.0003,0.0,0.0002,0.7505,82.98
7778601234,드링크인터내셔널주식회사,,,,,,0.0012,0.0009,0.2875,0.0043,0.6957,0.8563,,,,,,-0.0003,0.2866,-0.2832,0.6914,0.1606,82.97
2048603675,주식회사보육사,,,,,,,,0.0016,0.0036,0.0509,0.491,,,,,,,,0.002,0.0473,0.4401,82.95
1358651231,주식회사더브릿지,,,,,,,0.0004,0.0001,0.0064,0.1288,0.4637,,,,,,,-0.0003,0.0063,0.1224,0.3349,82.92
1148681591,현대머티리얼(주),0.0696,0.0525,0.0055,0.0098,0.0117,0.3947,0.0016,0.0007,0.0102,0.1456,0.4602,-0.0171,-0.047,0.0043,0.0019,0.383,-0.3931,-0.0009,0.0095,0.1354,0.3146,82.9
3018112427,우일상사(주),,,,,0.0147,0.507,0.0015,0.0007,0.0017,0.199,0.4853,,,,,0.4923,-0.5055,-0.0008,0.001,0.1973,0.2863,82.87
6188800094,선진에프앤엘주식회사,,,,,,,,0.0015,0.0889,0.459,0.5195,,,,,,,,0.0874,0.3701,0.0605,82.87
5038140927,(주)명진금속,0.0044,0.002,0.2225,0.0766,0.0024,0.259,0.636,0.0069,0.0002,0.0841,0.746,-0.0024,0.2205,-0.1459,-0.0742,0.2566,0.377,-0.6291,-0.0067,0.0839,0.6619,82.86
1048142655,에르메네질도제냐코리아주식회사,0.068,0.2993,0.3751,0.5042,0.4724,0.5731,0.3193,0.9038,0.0459,0.7261,0.8731,0.2313,0.0758,0.1291,-0.0318,0.1007,-0.2538,0.5845,-0.8579,0.6802,0.147,82.85
6068188502,주식회사대지에스텍,0.2586,0.0571,0.0512,0.0123,0.0236,0.0361,0.0082,0.0076,0.0011,0.4056,0.7547,-0.2015,-0.0059,-0.0389,0.0113,0.0125,-0.0279,-0.0006,-0.0065,0.4045,0.3491,82.75
6038142695,코리안씨푸드주식회사,0.0012,0.002,0.001,0.1476,0.0015,0.0038,0.0006,0.0064,0.0008,0.71,0.8218,0.0008,-0.001,0.1466,-0.1461,0.0023,-0.0032,0.0058,-0.0056,0.7092,0.1118,82.73
1208114879,디아이동일(주),0.4078,0.2909,0.5134,0.0982,0.002,0.0018,0.0015,0.0004,0.0007,0.339,0.5243,-0.1169,0.2225,-0.4152,-0.0962,-0.0002,-0.0003,-0.0011,0.0003,0.3383,0.1853,82.69
6128111008,에스엠에스코리아주식회사,0.0003,0.0003,0.0003,0.2523,0.0178,0.0159,0.323,0.6191,0.0987,0.6999,0.8586,0.0,0.0,0.252,-0.2345,-0.0019,0.3071,0.2961,-0.5204,0.6012,0.1587,82.61
3188108601,농업회사법인삼주농축산,,,,,,,,0.001,0.0038,0.0085,0.5306,,,,,,,,0.0028,0.0047,0.5221,82.57
4158700203,케이와이식품(주),,,,,,,0.0012,0.0014,0.0145,0.0165,0.54,,,,,,,0.0002,0.0131,0.002,0.5235,82.52
1328601182,삼포씨앤에이(주),,,,,,0.001,0.0017,0.0365,0.0103,0.5179,0.7764,,,,,,0.0007,0.0348,-0.0262,0.5076,0.2585,82.51
2208129556,(주)마스터스인터내셔널,0.1152,0.0085,0.0058,0.0018,0.0061,0.0064,0.4755,0.0005,0.0016,0.0059,0.5426,-0.1067,-0.0027,-0.004,0.0043,0.0003,0.4691,-0.475,0.0011,0.0043,0.5367,82.45
2148103167,선우실업(주),0.0003,0.0001,0.0002,0.0003,0.0003,0.0025,0.0009,0.0009,0.0005,0.0074,0.674,-0.0002,0.0001,0.0001,0.0,0.0022,-0.0016,0.0,-0.0004,0.0069,0.6666,82.45
2118797896,(주)에프엠케이,0.0063,0.0002,0.0006,0.0028,0.02,0.0044,0.0053,0.0994,0.0539,0.6465,0.8098,-0.0061,0.0004,0.0022,0.0172,-0.0156,0.0009,0.0941,-0.0455,0.5926,0.1633,82.43
1198105273,화창상사,0.4165,0.0066,0.0159,0.0065,0.0127,0.1844,0.8183,0.0636,0.0243,0.1212,0.742,-0.4099,0.0093,-0.0094,0.0062,0.1717,0.6339,-0.7547,-0.0393,0.0969,0.6208,82.31
1378610726,(주)트리,,,,0.0028,0.0015,0.0092,0.0005,0.7652,0.0024,0.5392,0.8038,,,,-0.0013,0.0077,-0.0087,0.7647,-0.7628,0.5368,0.2646,82.2
1208145974,천우물산,,,,,,,,0.0045,0.1601,0.0567,0.8648,,,,,,,,0.1556,-0.1034,0.8081,82.2
5148172429,주식회사지엑스,,,,,,,0.0006,0.0007,0.0009,0.0035,0.5658,,,,,,,0.0001,0.0002,0.0026,0.5623,82.19
2398800023,주식회사샤랩,,,,,,,0.0013,0.0008,0.0004,0.0159,0.6442,,,,,,,-0.0005,-0.0004,0.0155,0.6283,82.14
3058102955,(주)한화갤러리아타임월드,,,,,,,0.0016,0.0007,0.0005,0.2401,0.577,,,,,,,-0.0009,-0.0002,0.2396,0.3369,82.14
5018111936,(주)케이비원,0.1239,0.0217,0.0075,0.007,0.2652,0.6018,0.0055,0.0035,0.003,0.0178,0.6544,-0.1022,-0.0142,-0.0005,0.2582,0.3366,-0.5963,-0.002,-0.0005,0.0148,0.6366,82.09
1058617421,(주)파워클,,,,,,,0.0007,0.0338,0.8351,0.0169,0.8427,,,,,,,0.0331,0.8013,-0.8182,0.8258,82.09
1238630780,리얼스틸(주),,,,,,,,0.0012,0.0065,0.0659,0.4317,,,,,,,,0.0053,0.0594,0.3658,82.05
2068650913,(주)이마트,0.0003,0.0019,0.001,0.0003,0.0006,0.0859,0.0109,0.1071,0.1366,0.6364,0.6416,0.0016,-0.0009,-0.0007,0.0003,0.0853,-0.075,0.0962,0.0295,0.4998,0.0052,82.0
1018602042,관문스틸주식회사,0.2298,0.0283,0.07,0.0106,0.0456,0.0676,0.0088,0.0005,0.0003,0.0112,0.6127,-0.2015,0.0417,-0.0594,0.035,0.022,-0.0588,-0.0083,-0.0002,0.0109,0.6015,82.0
1078613891,계산특수강주식회사,0.0002,0.0009,0.0009,0.0014,0.0051,0.0036,0.0019,0.0046,0.0013,0.4573,0.7203,0.0007,0.0,0.0005,0.0037,-0.0015,-0.0017,0.0027,-0.0033,0.456,0.263,81.94
2048608457,(주)이룸코리아,,,,,0.0008,0.0013,0.0011,0.0011,0.0004,0.0038,0.6967,,,,,0.0005,-0.0002,0.0,-0.0007,0.0034,0.6929,81.93
7838800480,주식회사에스엘페이퍼앤팩,,,,,,,,0.002,0.001,0.0482,0.6656,,,,,,,,-0.001,0.0472,0.6174,81.93
1358632758,(주)글로벌테크놀로지,,,,,,,0.0003,0.0001,0.0001,0.0002,0.7403,,,,,,,-0.0002,0.0,0.0001,0.7401,81.89
6948801699,스틸코주식회사,,,,,,,,0.0017,0.001,0.0021,0.743,,,,,,,,-0.0007,0.0011,0.7409,81.88
1378182448,유민철강주식회사,,,,,,,,0.001,0.001,0.0038,0.579,,,,,,,,0.0,0.0028,0.5752,81.87
1408136654,(주)방산철강,,,,,,,,0.003,0.0251,0.2196,0.4047,,,,,,,,0.0221,0.1945,0.1851,81.86
1298622406,주식회사다우에스앤티,,,,,,,,0.0018,0.0002,0.1328,0.6699,,,,,,,,-0.0016,0.1326,0.5371,81.83
2398700690,엠에스글로벌주식회사,,,,,0.0042,0.0206,0.0235,0.6735,0.2001,0.5536,0.8063,,,,,0.0164,0.0029,0.65,-0.4734,0.3535,0.2527,81.7
3148184285,헬스밸런스주식회사,0.0028,0.0001,0.0001,0.0019,0.2416,0.0131,0.0014,0.0611,0.0035,0.2703,0.7131,-0.0027,0.0,0.0018,0.2397,-0.2285,-0.0117,0.0597,-0.0576,0.2668,0.4428,81.66
4638100200,주식회사골드크랩,,,,,0.0015,0.0008,0.0005,0.0008,0.0003,0.1488,0.596,,,,,-0.0007,-0.0003,0.0003,-0.0005,0.1485,0.4472,81.65
3168700487,주식회사AL네트웍스,,,,,,,0.0033,0.0017,0.7608,0.7159,0.9561,,,,,,,-0.0016,0.7591,-0.0449,0.2402,81.62
1078168921,주식회사웨이코스,,,,0.0007,0.0002,0.0159,0.0005,0.0008,0.0005,0.3869,0.5924,,,,-0.0005,0.0157,-0.0154,0.0003,-0.0003,0.3864,0.2055,81.52
2158796792,주식회사이와이푸드,,,,,0.0011,0.0137,0.0761,0.1601,0.0152,0.0551,0.7398,,,,,0.0126,0.0624,0.084,-0.1449,0.0399,0.6847,81.5
6208151597,주식회사비아인터내셔날,,,,,,,,0.0007,0.0001,0.0019,0.6886,,,,,,,,-0.0006,0.0018,0.6867,81.42
1208108227,(주)모나미,0.0093,0.004,0.0031,0.0016,0.0194,0.4772,0.8474,0.0089,0.0011,0.8247,0.8507,-0.0053,-0.0009,-0.0015,0.0178,0.4578,0.3702,-0.8385,-0.0078,0.8236,0.026,81.4
2018155295,(주)혜성지업,,,0.0008,0.003,0.3884,0.5765,0.9056,0.0639,0.0294,0.2852,0.7004,,,0.0022,0.3854,0.1881,0.3291,-0.8417,-0.0345,0.2558,0.4152,81.38
3058189627,이룸스틸주식회사,0.0821,0.0029,0.0018,0.0009,0.0471,0.009,0.5371,0.0011,0.0006,0.193,0.5838,-0.0792,-0.0011,-0.0009,0.0462,-0.0381,0.5281,-0.536,-0.0005,0.1924,0.3908,81.34
2118819183,주식회사더블유컨셉코리아,,,0.0006,0.0001,0.1125,0.8799,0.0046,0.0018,0.0015,0.1313,0.5568,,,-0.0005,0.1124,0.7674,-0.8753,-0.0028,-0.0003,0.1298,0.4255,81.23
7958100183,동원로엑스냉장주식회사,,,,0.0034,0.1247,0.3223,0.0486,0.025,0.2793,0.1401,0.8286,,,,0.1213,0.1976,-0.2737,-0.0236,0.2543,-0.1392,0.6885,81.17
3188600962,서룡전자주식회사,,,,,,,0.0008,0.0012,0.0063,0.1055,0.3784,,,,,,,0.0004,0.0051,0.0992,0.2729,81.16
6168174330,(주)한성건자재상사,,,,0.0005,0.0003,0.0384,0.776,0.002,0.0006,0.0215,0.6559,,,,-0.0002,0.0381,0.7376,-0.774,-0.0014,0.0209,0.6344,81.04
1148648520,(주)파사디코리아,0.0008,0.0008,0.0012,0.0008,0.4854,0.4446,0.0097,0.297,0.041,0.0605,0.7409,0.0,0.0004,-0.0004,0.4846,-0.0408,-0.4349,0.2873,-0.256,0.0195,0.6804,81.03
1198649257,농업회사법인주식회사영림유통,,,,,0.0013,0.0055,0.1217,0.8607,0.6666,0.897,0.9401,,,,,0.0042,0.1162,0.739,-0.1941,0.2304,0.0431,81.03
2118608417,(주)대원교역상사,,,,,,0.2054,0.4978,0.1771,0.1306,0.6263,0.766,,,,,,0.2924,-0.3207,-0.0465,0.4957,0.1397,81.02
1068127494,알파(주),0.0048,0.0022,0.0019,0.001,0.0006,0.0007,0.0003,0.0005,0.0003,0.0008,0.6773,-0.0026,-0.0003,-0.0009,-0.0004,0.0001,-0.0004,0.0002,-0.0002,0.0005,0.6765,81.0
4098106665,신광약품주식회사,0.0505,0.4012,0.0082,0.1229,0.0117,0.3823,0.006,0.0061,0.0035,0.0851,0.6579,0.3507,-0.393,0.1147,-0.1112,0.3706,-0.3763,0.0001,-0.0026,0.0816,0.5728,80.98
6068185844,대한종합스틸주식회사,0.0017,0.0038,0.0346,0.2461,0.0423,0.6309,0.0656,0.0175,0.7388,0.626,0.9155,0.0021,0.0308,0.2115,-0.2038,0.5886,-0.5653,-0.0481,0.7213,-0.1128,0.2895,80.96
1048622858,주식회사바텍엠시스,0.0008,0.0001,0.0001,0.0001,0.0001,0.0014,0.3726,0.743,0.0008,0.3295,0.7165,-0.0007,0.0,0.0,0.0,0.0013,0.3712,0.3704,-0.7422,0.3287,0.387,80.93
2018640287,주식회사에프엔에스리테일,,,,,,0.0024,0.0269,0.3679,0.3511,0.7254,0.8123,,,,,,0.0245,0.341,-0.0168,0.3743,0.0869,80.93
5698700999,(주)바이블,,,,,0.0048,0.0166,0.1224,0.279,0.284,0.113,0.8829,,,,,0.0118,0.1058,0.1566,0.005,-0.171,0.7699,80.87
2158633922,주식회사씨엔커뮤니케이션,0.0029,0.0201,0.5422,0.1478,0.0284,0.0122,0.7264,0.5163,0.3473,0.6097,0.7954,0.0172,0.5221,-0.3944,-0.1194,-0.0162,0.7142,-0.2101,-0.169,0.2624,0.1857,80.84
2218123967,(주)중앙에너지산업,,,,,0.0023,0.0866,0.3641,0.0096,0.0085,0.3156,0.6267,,,,,0.0843,0.2775,-0.3545,-0.0011,0.3071,0.3111,80.82
2068604573,(주)김家네,0.8091,0.7888,0.4596,0.0071,0.2769,0.331,0.013,0.0053,0.0014,0.0134,0.6874,-0.0203,-0.3292,-0.4525,0.2698,0.0541,-0.318,-0.0077,-0.0039,0.012,0.674,80.75
7308601666,은보개발,,,,,,,0.0034,0.0789,0.9106,0.0163,0.7748,,,,,,,0.0755,0.8317,-0.8943,0.7585,80.7
2158170261,바다원(주),0.0008,0.0796,0.0069,0.5347,0.5881,0.1703,0.0019,0.002,0.0018,0.0089,0.5618,0.0788,-0.0727,0.5278,0.0534,-0.4178,-0.1684,0.0001,-0.0002,0.0071,0.5529,80.66
1018119742,(주)가나아트갤러리,0.0622,0.0025,0.0627,0.0018,0.0523,0.5296,0.5576,0.2634,0.0143,0.6686,0.7735,-0.0597,0.0602,-0.0609,0.0505,0.4773,0.028,-0.2942,-0.2491,0.6543,0.1049,80.65
1148652489,한성자동차,0.0005,0.0005,0.0003,0.0019,0.0009,0.0929,0.0214,0.003,0.0005,0.2556,0.6357,0.0,-0.0002,0.0016,-0.001,0.092,-0.0715,-0.0184,-0.0025,0.2551,0.3801,80.55
2108130681,강원전자주식회사,,0.0034,0.001,0.0017,0.0021,0.0647,0.0029,0.0062,0.133,0.0421,0.7926,,-0.0024,0.0007,0.0004,0.0626,-0.0618,0.0033,0.1268,-0.0909,0.7505,80.48
1408169494,세진스틸주식회사,,,,,,,,0.0012,0.0003,0.0074,0.6355,,,,,,,,-0.0009,0.0071,0.6281,80.43
1218637088,(주)대림수세라믹,,,,,,,0.001,0.0666,0.0093,0.0567,0.6781,,,,,,,0.0656,-0.0573,0.0474,0.6214,80.43
2118144816,대세철강(주),0.0008,0.4212,0.005,0.0007,0.0374,0.0033,0.5903,0.5772,0.002,0.3674,0.6958,0.4204,-0.4162,-0.0043,0.0367,-0.0341,0.587,-0.0131,-0.5752,0.3654,0.3284,80.37
2138118901,주식회사한웰,0.036,0.0009,0.0246,0.0528,0.002,0.0011,0.0003,0.0022,0.0118,0.0123,0.5045,-0.0351,0.0237,0.0282,-0.0508,-0.0009,-0.0008,0.0019,0.0096,0.0005,0.4922,80.34
5128122597,(주)아름다운에너지,,,,,,0.0013,0.0962,0.0047,0.0008,0.1774,0.6301,,,,,,0.0949,-0.0915,-0.0039,0.1766,0.4527,80.29
2048626886,주식회사다다플러스,,,,,,,,0.002,0.0007,0.2071,0.5872,,,,,,,,-0.0013,0.2064,0.3801,80.23
5038196343,(주)경동시멘트,,,0.0005,0.0001,0.0002,0.001,0.0008,0.0007,0.0004,0.001,0.6552,,,-0.0004,0.0001,0.0008,-0.0002,-0.0001,-0.0003,0.0006,0.6542,80.2
6108635445,주식회사위드모바일,,,,,,,,0.0015,0.0018,0.0023,0.5487,,,,,,,,0.0003,0.0005,0.5464,80.17
2018629074,주식회사미래베이직코리아,,,,,,0.0006,0.0024,0.02,0.0063,0.1232,0.6435,,,,,,0.0018,0.0176,-0.0137,0.1169,0.5203,80.16
2018609457,주식회사엘오에이,,,,,,,0.0005,0.0005,0.0003,0.0016,0.5897,,,,,,,0.0,-0.0002,0.0013,0.5881,80.13
1318609008,주식회사동호철재,,,,,,,,0.001,0.0025,0.3021,0.3904,,,,,,,,0.0015,0.2996,0.0883,80.13
2208667860,모멘티브퍼포먼스머티리얼스코리아주식회사,0.0001,0.0002,0.0003,0.0002,0.0002,0.0013,0.0007,0.0431,0.0894,0.136,0.3335,0.0001,0.0001,-0.0001,0.0,0.0011,-0.0006,0.0424,0.0463,0.0466,0.1975,80.1
2148820068,(주)레이델코리아,,,,,,0.0007,0.0004,0.0004,0.0003,0.0007,0.6262,,,,,,-0.0003,0.0,-0.0001,0.0004,0.6255,80.09
1218154665,(주)인터우드,,0.0047,0.0032,0.1392,0.0015,0.0115,0.0021,0.0017,0.3155,0.068,0.7707,,-0.0015,0.136,-0.1377,0.01,-0.0094,-0.0004,0.3138,-0.2475,0.7027,80.04
5048191531,(주)제이앤피컴퍼니,,,,,,,0.0008,0.0003,0.0003,0.2213,0.4112,,,,,,,-0.0005,0.0,0.221,0.1899,80.0
2118773249,주식회사유더블유에스,,,,,,,0.0006,0.0003,0.0004,0.004,0.4578,,,,,,,-0.0003,0.0001,0.0036,0.4538,79.95
1048128385,대원케미칼(주),0.0022,0.0019,0.002,0.0006,0.0391,0.0011,0.0003,0.001,0.0021,0.0083,0.4038,-0.0003,0.0001,-0.0014,0.0385,-0.038,-0.0008,0.0007,0.0011,0.0062,0.3955,79.9
1328191336,주식회사에이유커머스,,,0.0004,0.0157,0.4604,0.5718,0.0057,0.0023,0.1304,0.235,0.3233,,,0.0153,0.4447,0.1114,-0.5661,-0.0034,0.1281,0.1046,0.0883,79.89
2208145876,(주)프레제니우스메디칼케어코리아,0.0001,0.0003,0.0001,0.0003,0.0001,0.001,0.001,0.0008,0.001,0.0012,0.5819,0.0002,-0.0002,0.0002,-0.0002,0.0009,0.0,-0.0002,0.0002,0.0002,0.5807,79.81
6018135752,코리아마린엔지니어링주식회사,0.2069,0.0004,0.0006,0.0001,0.0002,0.0003,0.0002,0.3652,0.138,0.1665,0.7044,-0.2065,0.0002,-0.0005,0.0001,0.0001,-0.0001,0.365,-0.2272,0.0285,0.5379,79.74
1268146326,(주)서경에너지,0.08,0.0019,0.0011,0.0007,0.0374,0.6134,0.0854,0.6077,0.7629,0.5749,0.8927,-0.0781,-0.0008,-0.0004,0.0367,0.576,-0.528,0.5223,0.1552,-0.188,0.3178,79.73
2208140833,(주)파츠몰에이투지,,,0.0009,0.001,0.0006,0.0025,0.0007,0.0015,0.0033,0.0068,0.4038,,,0.0001,-0.0004,0.0019,-0.0018,0.0008,0.0018,0.0035,0.397,79.73
2828100300,(주)리얼커머스,,,,,,,,0.0014,0.0007,0.3254,0.5538,,,,,,,,-0.0007,0.3247,0.2284,79.72
1058175130,카피어랜드주식회사,0.0041,0.0026,0.0044,0.489,0.5377,0.0273,0.0039,0.6662,0.3556,0.593,0.7559,-0.0015,0.0018,0.4846,0.0487,-0.5104,-0.0234,0.6623,-0.3106,0.2374,0.1629,79.72
6018134127,(주)부영연육,,,0.0015,0.0004,0.2317,0.1831,0.0561,0.0717,0.7538,0.7395,0.8852,,,-0.0011,0.2313,-0.0486,-0.127,0.0156,0.6821,-0.0143,0.1457,79.7
2248154310,주식회사에스지,0.0117,0.0171,0.0104,0.0248,0.0113,0.0322,0.042,0.4977,0.4751,0.7128,0.7886,0.0054,-0.0067,0.0144,-0.0135,0.0209,0.0098,0.4557,-0.0226,0.2377,0.0758,79.7
5148160622,주식회사유진텔레콤,,,,,,,,0.0032,0.0039,0.0204,0.3592,,,,,,,,0.0007,0.0165,0.3388,79.57
4108708613,(주)에이치씨인터내셔널,,,,,,0.0014,0.0016,0.0869,0.011,0.0232,0.6714,,,,,,0.0002,0.0853,-0.0759,0.0122,0.6482,79.52
1348148209,가나종합철강(주),,0.0055,0.0028,0.2054,0.0419,0.0843,0.0026,0.0019,0.0008,0.2146,0.5528,,-0.0027,0.2026,-0.1635,0.0424,-0.0817,-0.0007,-0.0011,0.2138,0.3382,79.51
1078679286,(주)제이원건설,,,0.0012,0.0013,0.0767,0.0087,0.0047,0.8222,0.0109,0.0669,0.6653,,,0.0001,0.0754,-0.068,-0.004,0.8175,-0.8113,0.056,0.5984,79.49
2158118872,(주)나이스하우징,,,,,,,,0.0049,0.0621,0.1431,0.2808,,,,,,,,0.0572,0.081,0.1377,79.38
1428137848,(주)제이앤와이스타일,,,,,0.0002,0.0004,0.0002,0.0003,0.0001,0.2478,0.4486,,,,,0.0002,-0.0002,0.0001,-0.0002,0.2477,0.2008,79.31
1308177468,(주)비젼코베아,0.0001,0.1245,0.2069,0.2212,0.1134,0.114,0.0002,0.0002,0.0001,0.0906,0.4087,0.1244,0.0824,0.0143,-0.1078,0.0006,-0.1138,0.0,-0.0001,0.0905,0.3181,79.3
4188103022,대림석유주식회사,0.0203,0.0222,0.0044,0.0005,0.0043,0.0039,0.002,0.0086,0.0013,0.0685,0.6028,0.0019,-0.0178,-0.0039,0.0038,-0.0004,-0.0019,0.0066,-0.0073,0.0672,0.5343,79.28
1378189489,(주)우덱스,,0.0015,0.0007,0.0131,0.0022,0.0021,0.0009,0.0008,0.0002,0.002,0.5956,,-0.0008,0.0124,-0.0109,-0.0001,-0.0012,-0.0001,-0.0006,0.0018,0.5936,79.25
6668700214,주식회사더리터,,,,,,,,0.0014,0.0006,0.0075,0.5761,,,,,,,,-0.0008,0.0069,0.5686,79.24
6048108609,주식회사정우,0.0611,0.0003,0.0088,0.4678,0.2087,0.0271,0.0009,0.0006,0.0005,0.0057,0.466,-0.0608,0.0085,0.459,-0.2591,-0.1816,-0.0262,-0.0003,-0.0001,0.0052,0.4603,79.2
1058683334,(주)디엠엔터프라이즈,,,,,,,0.0005,0.0006,0.0012,0.0014,0.5402,,,,,,,0.0001,0.0006,0.0002,0.5388,79.12
6168131893,(주)우리마트,,,0.0005,0.0003,0.0008,0.0012,0.0828,0.6627,0.6271,0.6501,0.8031,,,-0.0002,0.0005,0.0004,0.0816,0.5799,-0.0356,0.023,0.153,79.0
6068139904,(주)삼보,0.0012,0.0012,0.0114,0.1382,0.0578,0.0795,0.0237,0.0791,0.0178,0.1277,0.6058,0.0,0.0102,0.1268,-0.0804,0.0217,-0.0558,0.0554,-0.0613,0.1099,0.4781,78.98
2298105624,주식회사에이치앤디이,0.2435,0.0005,0.0247,0.077,0.007,0.0011,0.222,0.5459,0.1021,0.2114,0.6513,-0.243,0.0242,0.0523,-0.07,-0.0059,0.2209,0.3239,-0.4438,0.1093,0.4399,78.97
1248164390,(주)대현철강,0.0132,0.0026,0.0033,0.0022,0.0106,0.0041,0.0019,0.0022,0.0028,0.192,0.3164,-0.0106,0.0007,-0.0011,0.0084,-0.0065,-0.0022,0.0003,0.0006,0.1892,0.1244,78.97
5018100268,흥구석유(주),0.0041,0.0379,0.0458,0.1946,0.0173,0.0183,0.0044,0.0943,0.0859,0.4619,0.635,0.0338,0.0079,0.1488,-0.1773,0.001,-0.0139,0.0899,-0.0084,0.376,0.1731,78.96
4898800517,주식회사에이치알엠,,,,,,,,0.0011,0.0002,0.3944,0.5495,,,,,,,,-0.0009,0.3942,0.1551,78.9
1438124986,메이저월드(주),,,,,0.0008,0.0008,0.002,0.0017,0.0003,0.0006,0.7127,,,,,0.0,0.0012,-0.0003,-0.0014,0.0003,0.7121,78.88
1018142296,주식회사광도케이블,,,,,,,,0.0008,0.0002,0.1245,0.4742,,,,,,,,-0.0006,0.1243,0.3497,78.81
1348123358,동호전기주식회사,0.0869,,0.0055,0.0008,0.0003,0.0033,0.0046,0.0007,0.0025,0.0995,0.278,,,-0.0047,-0.0005,0.003,0.0013,-0.0039,0.0018,0.097,0.1785,78.8
5048115381,(주)에스디페이퍼,0.1908,0.0013,0.0646,0.3451,0.0947,0.003,0.0008,0.0008,0.0027,0.0153,0.3155,-0.1895,0.0633,0.2805,-0.2504,-0.0917,-0.0022,0.0,0.0019,0.0126,0.3002,78.78
2108117029,(주)청화자원,0.0023,0.0009,0.0009,0.0003,0.0001,0.003,,0.0002,0.0253,0.029,0.3157,-0.0014,0.0,-0.0006,-0.0002,0.0029,,,0.0251,0.0037,0.2867,78.77
2188117173,으뜸철강(주),,,,,,,0.0024,0.054,0.8757,0.8511,0.9125,,,,,,,0.0516,0.8217,-0.0246,0.0614,78.76
1328195953,(주)한길리사이클링,,,,,,,,0.0027,0.13,0.0852,0.7129,,,,,,,,0.1273,-0.0448,0.6277,78.64
1488600586,(주)네츄럴굿띵스,,,,,,,,0.0011,0.0004,0.2227,0.4799,,,,,,,,-0.0007,0.2223,0.2572,78.6
5048189995,주식회사와이에스테크인터내셔날,,,,,,,,0.0014,0.0008,0.0018,0.5944,,,,,,,,-0.0006,0.001,0.5926,78.59
1148159003,미래교역(주),0.283,0.6279,0.7099,0.001,0.0005,0.0024,0.0002,0.0004,0.0004,0.1537,0.3331,0.3449,0.082,-0.7089,-0.0005,0.0019,-0.0022,0.0002,0.0,0.1533,0.1794,78.57
1078195199,주식회사에이티아이케이,,,,,,0.0004,0.0002,0.0003,0.0002,0.1059,0.3657,,,,,,-0.0002,0.0001,-0.0001,0.1057,0.2598,78.49
1208638634,주식회사시코,,,,,,,0.0024,0.0059,0.001,0.5798,0.6462,,,,,,,0.0035,-0.0049,0.5788,0.0664,78.42
6218179720,주식회사한스,,,,,,,,0.0018,0.0086,0.0243,0.2679,,,,,,,,0.0068,0.0157,0.2436,78.38
4088146999,엔에이치유통주식회사,0.0009,0.0018,0.0008,0.0012,0.0008,0.0008,0.0066,0.1888,0.002,0.3028,0.5966,0.0009,-0.001,0.0004,-0.0004,0.0,0.0058,0.1822,-0.1868,0.3008,0.2938,78.34
2118187756,(주)상아타일,,,,0.0012,0.0003,0.1846,0.001,0.0032,0.0117,0.0418,0.2542,,,,-0.0009,0.1843,-0.1836,0.0022,0.0085,0.0301,0.2124,78.3
1198179800,성도메탈주식회사,0.0003,0.001,0.0006,0.0003,0.0003,0.0007,0.0002,0.0001,0.0007,0.0074,0.3213,0.0007,-0.0004,-0.0003,0.0,0.0004,-0.0005,-0.0001,0.0006,0.0067,0.3139,78.29
2148761437,(주)성홍,0.4887,0.0793,0.019,0.0039,0.0006,0.0029,0.0005,0.0012,0.0006,0.0276,0.4709,-0.4094,-0.0603,-0.0151,-0.0033,0.0023,-0.0024,0.0007,-0.0006,0.027,0.4433,78.18
3128119395,태광철강주식회사,0.0017,0.0007,0.0009,0.0004,0.0003,0.0008,0.0017,0.0033,0.001,0.0125,0.5652,-0.001,0.0002,-0.0005,-0.0001,0.0005,0.0009,0.0016,-0.0023,0.0115,0.5527,78.11
3068110195,한림에이치우드,,,0.0013,0.0107,0.0057,0.4662,0.0009,0.0012,0.0001,0.367,0.5186,,,0.0094,-0.005,0.4605,-0.4653,0.0003,-0.0011,0.3669,0.1516,78.07
2618115562,주식회사아주세라믹스,,,,0.0005,0.0009,0.0013,0.0017,0.0023,0.0006,0.0844,0.5077,,,,0.0004,0.0004,0.0004,0.0006,-0.0017,0.0838,0.4233,78.02
2128141001,(주)페이펄유통,,0.0085,0.0117,0.012,0.001,0.0007,0.0002,0.0061,0.0022,0.0028,0.6723,,0.0032,0.0003,-0.011,-0.0003,-0.0005,0.0059,-0.0039,0.0006,0.6695,77.98
4178102980,주식회사현우,0.1668,0.4058,0.0051,0.4897,0.0139,0.0017,0.0027,0.1011,0.0095,0.0363,0.5851,0.239,-0.4007,0.4846,-0.4758,-0.0122,0.001,0.0984,-0.0916,0.0268,0.5488,77.94
8738601468,주식회사오다메드,,,,,,,,0.0024,0.0001,0.3102,0.5244,,,,,,,,-0.0023,0.3101,0.2142,77.88
1198102806,두성자동화(주),,,0.0006,0.0001,0.0002,0.0007,0.0005,0.0006,0.0002,0.0008,0.5538,,,-0.0005,0.0001,0.0005,-0.0002,0.0001,-0.0004,0.0006,0.553,77.58
1198653203,(주)프라임생활건강,,,,,,,0.0003,0.0001,0.0012,0.0043,0.3017,,,,,,,-0.0002,0.0011,0.0031,0.2974,77.57
1138133785,주식회사금양인터내셔날,0.6697,0.0646,0.0151,0.0122,0.0012,0.0026,0.0013,0.0007,0.0001,0.0008,0.5625,-0.6051,-0.0495,-0.0029,-0.011,0.0014,-0.0013,-0.0006,-0.0006,0.0007,0.5617,77.47
2148749656,이스코스틸주식회사,,,0.001,0.0209,0.02,0.0353,0.0814,0.6393,0.0042,0.0118,0.6129,,,0.0199,-0.0009,0.0153,0.0461,0.5579,-0.6351,0.0076,0.6011,77.47
6068190726,(주)천일철강,0.0179,0.0594,0.0091,0.0331,0.0218,0.0136,0.0019,0.604,0.0115,0.0246,0.5983,0.0415,-0.0503,0.024,-0.0113,-0.0082,-0.0117,0.6021,-0.5925,0.0131,0.5737,77.43
6028155576,(주)세유,,,,,,,,0.0027,0.0002,0.012,0.5336,,,,,,,,-0.0025,0.0118,0.5216,77.32
2068600771,(주)지에스와이텍스타일,0.0003,0.0004,0.0005,0.0007,0.2607,0.0032,0.001,0.0003,0.0003,0.0736,0.2759,0.0001,0.0001,0.0002,0.26,-0.2575,-0.0022,-0.0007,0.0,0.0733,0.2023,77.31
2618113147,로저비비에코리아주식회사,,,0.0009,0.0002,0.0002,0.0007,0.0031,0.0007,0.0005,0.2391,0.3615,,,-0.0007,0.0,0.0005,0.0024,-0.0024,-0.0002,0.2386,0.1224,77.29
1058148822,(주)영서물산,0.0,0.0001,0.0,0.0,0.0,0.0094,0.045,0.0035,0.0046,0.0057,0.3291,0.0001,-0.0001,0.0,0.0,0.0094,0.0356,-0.0415,0.0011,0.0011,0.3234,77.24
1068653658,주식회사발리안트,,,,,,,,0.0042,0.0003,0.0268,0.5168,,,,,,,,-0.0039,0.0265,0.49,77.2
1058607807,동서이엔씨주식회사,0.0058,,,,0.0009,0.7514,0.0047,0.0014,0.0007,0.0023,0.5191,,,,,0.7505,-0.7467,-0.0033,-0.0007,0.0016,0.5168,77.15
5048106086,아이팜코리아(주),0.0009,0.001,0.0056,0.012,0.002,0.0029,0.0008,0.0015,0.0022,0.1683,0.2419,0.0001,0.0046,0.0064,-0.01,0.0009,-0.0021,0.0007,0.0007,0.1661,0.0736,77.09
1138116995,(주)재승스틸,,,,,,0.0011,0.0046,0.0022,0.0014,0.2692,0.4254,,,,,,0.0035,-0.0024,-0.0008,0.2678,0.1562,77.02
1138662892,주연티앤에스주식회사,,,,,,,,0.0016,0.061,0.008,0.6461,,,,,,,,0.0594,-0.053,0.6381,77.02
6068150952,(주)유창금속,,,,,,,0.0019,0.0006,0.0027,0.003,0.3848,,,,,,,-0.0013,0.0021,0.0003,0.3818,76.99
1148114122,주식회사부림약품,0.0018,0.0003,0.0003,0.0002,0.0001,0.0007,0.0003,0.0363,0.0826,0.1332,0.2076,-0.0015,0.0,-0.0001,-0.0001,0.0006,-0.0004,0.036,0.0463,0.0506,0.0744,76.98
2198107042,주식회사삼표에너지,0.7126,0.0605,0.0121,0.0803,0.0296,0.0185,0.0047,0.0136,0.3879,0.1547,0.6485,-0.6521,-0.0484,0.0682,-0.0507,-0.0111,-0.0138,0.0089,0.3743,-0.2332,0.4938,76.69
1208784682,소프트웨어원코리아,,,,,,,,0.0032,0.0028,0.0159,0.3903,,,,,,,,-0.0004,0.0131,0.3744,76.69
6178616997,주식회사원파크,,0.0158,0.0528,0.1682,0.268,0.2609,0.3398,0.4379,0.6109,0.5652,0.7606,,0.037,0.1154,0.0998,-0.0071,0.0789,0.0981,0.173,-0.0457,0.1954,76.69
1018122854,석영브라이스톤,0.6273,0.1065,0.066,0.7277,0.294,0.2006,0.0116,0.0002,0.0002,0.0403,0.2548,-0.5208,-0.0405,0.6617,-0.4337,-0.0934,-0.189,-0.0114,0.0,0.0401,0.2145,76.66
2298118231,(주)진승,,,,,0.0004,0.0006,0.0002,0.0004,0.0001,0.0004,0.5345,,,,,0.0002,-0.0004,0.0002,-0.0003,0.0003,0.5341,76.66
2148670598,(주)피치밸리,0.0013,0.0015,0.0008,0.0007,0.0002,0.0007,0.0003,0.0111,0.364,0.2455,0.6615,0.0002,-0.0007,-0.0001,-0.0005,0.0005,-0.0004,0.0108,0.3529,-0.1185,0.416,76.59
5138151421,주식회사페트로뱅크,0.0001,0.0001,0.0001,0.0002,0.0002,0.0007,0.0023,0.2205,0.5009,0.0157,0.6199,0.0,0.0,0.0001,0.0,0.0005,0.0016,0.2182,0.2804,-0.4852,0.6042,76.54
1068611930,(주)엠피나비,,,,,,0.0008,0.0001,0.0004,0.0001,0.0008,0.4703,,,,,,-0.0007,0.0003,-0.0003,0.0007,0.4695,76.43
2878601366,브리티시오토주식회사,,,,,,,,0.0036,0.0708,0.0263,0.6191,,,,,,,,0.0672,-0.0445,0.5928,76.4
3018199195,(주)장유산업,,,,,,,,0.0025,0.0491,0.0272,0.6177,,,,,,,,0.0466,-0.0219,0.5905,76.39
3618800484,주식회사지투지인터내셔날,,,,,,,0.0008,0.0002,0.2228,0.152,0.6334,,,,,,,-0.0006,0.2226,-0.0708,0.4814,76.38
1278136141,(주)한길철강,0.0008,0.0012,0.0005,0.0008,0.0007,0.0016,0.0006,0.0015,0.0006,0.004,0.4638,0.0004,-0.0007,0.0003,-0.0001,0.0009,-0.001,0.0009,-0.0009,0.0034,0.4598,76.37
6098142811,도이치모터스(주),0.8019,0.4116,0.5168,0.0961,0.0009,0.0018,0.0008,0.0025,0.0015,0.0049,0.4692,-0.3903,0.1052,-0.4207,-0.0952,0.0009,-0.001,0.0017,-0.001,0.0034,0.4643,76.33
6448601104,그릿앤트리거주식회사,,,,,,,,0.0005,0.0001,0.0195,0.3532,,,,,,,,-0.0004,0.0194,0.3337,76.28
3018148852,(주)가인철강,0.0241,0.0002,0.0008,0.0056,0.0777,0.0024,0.0022,0.0001,0.0188,0.1184,0.1758,-0.0239,0.0006,0.0048,0.0721,-0.0753,-0.0002,-0.0021,0.0187,0.0996,0.0574,76.26
2138604488,(주)서린바이오사이언스,0.0005,0.0011,0.0005,0.0052,0.0063,0.0003,0.0003,0.0005,0.0014,0.2606,0.2765,0.0006,-0.0006,0.0047,0.0011,-0.006,0.0,0.0002,0.0009,0.2592,0.0159,76.24
1248131735,(주)수원종합폐차장,0.8873,0.2232,0.0148,0.0035,0.0054,0.0093,0.0021,0.0074,0.0536,0.1445,0.1842,-0.6641,-0.2084,-0.0113,0.0019,0.0039,-0.0072,0.0053,0.0462,0.0909,0.0397,76.15
2068664135,주식회사푸디버스,,,,,,0.0008,0.0003,0.0005,0.1779,0.0006,0.5865,,,,,,-0.0005,0.0002,0.1774,-0.1773,0.5859,76.06
8968600818,(주)티에이치인터,,,,,,,0.0009,0.0028,0.0199,0.0019,0.6085,,,,,,,0.0019,0.0171,-0.018,0.6066,76.05
2018620597,(주)원더플레이스,0.0003,0.001,0.0007,0.0019,0.0005,0.002,0.3534,0.936,0.0061,0.0068,0.6419,0.0007,-0.0003,0.0012,-0.0014,0.0015,0.3514,0.5826,-0.9299,0.0007,0.6351,75.99
8728100137,(주)디와이특강,,,,,0.0009,0.0005,0.0007,0.0009,0.0006,0.0063,0.3527,,,,,-0.0004,0.0002,0.0002,-0.0003,0.0057,0.3464,75.96
1288620384,주식회사풋마트코리아,0.0944,0.0269,0.0018,0.0009,0.0297,0.0019,0.0647,0.6998,0.0049,0.1437,0.4842,-0.0675,-0.0251,-0.0009,0.0288,-0.0278,0.0628,0.6351,-0.6949,0.1388,0.3405,75.96
3528600206,주식회사펄세스,,,,,,0.0003,0.0001,0.0,0.0188,0.0997,0.1617,,,,,,-0.0002,-0.0001,0.0188,0.0809,0.062,75.94
2118721455,(주)현대백화점,0.0001,0.0002,0.0004,0.0001,0.0003,0.0005,0.0014,0.0018,0.0015,0.0759,0.297,0.0001,0.0002,-0.0003,0.0002,0.0002,0.0009,0.0004,-0.0003,0.0744,0.2211,75.9
1198801280,브이디컴퍼니주식회사,,,,,,,,0.0009,0.0002,0.0005,0.5484,,,,,,,,-0.0007,0.0003,0.5479,75.83
3128641683,(주)아산마트,,,0.0007,0.0004,0.001,0.0006,0.0012,0.0002,0.007,0.0722,0.1561,,,-0.0003,0.0006,-0.0004,0.0006,-0.001,0.0068,0.0652,0.0839,75.82
1218140841,주식회사현대철강,,,,,,,,0.0013,0.0002,0.084,0.3745,,,,,,,,-0.0011,0.0838,0.2905,75.8
3028109338,두성철강산업(주),0.1484,0.0009,0.001,0.0005,0.0003,0.0011,0.0003,0.0003,0.0054,0.2436,0.2526,-0.1475,0.0001,-0.0005,-0.0002,0.0008,-0.0008,0.0,0.0051,0.2382,0.009,75.73
1938100126,주식회사골드앤,,,,,,0.0012,0.0009,0.0036,0.0011,0.0012,0.6582,,,,,,-0.0003,0.0027,-0.0025,0.0001,0.657,75.7
6178614330,(주)티에이치케이컴퍼니,,,,,,,,0.0045,0.0934,0.9652,0.9445,,,,,,,,0.0889,0.8718,-0.0207,75.69
6578800221,주식회사펜타씨에이,,,,,,0.0013,0.0003,0.0013,0.0059,0.0882,0.1578,,,,,,-0.001,0.001,0.0046,0.0823,0.0696,75.67
1168139167,(주)한국에프에이,0.0003,0.0002,0.0005,0.0001,0.0002,0.014,0.0223,0.0221,0.3791,0.0427,0.5779,-0.0001,0.0003,-0.0004,0.0001,0.0138,0.0083,-0.0002,0.357,-0.3364,0.5352,75.64
4168148284,우리산업주식회사,0.3479,,,,,,,0.002,0.0006,0.4634,0.4958,,,,,,,,-0.0014,0.4628,0.0324,75.62
6218121761,(주)ES큐브,0.0474,0.5059,0.0018,0.0113,0.9074,0.8079,0.2363,0.4052,0.0008,0.0041,0.5523,0.4585,-0.5041,0.0095,0.8961,-0.0995,-0.5716,0.1689,-0.4044,0.0033,0.5482,75.62
5788700877,(주)에스엠에너지,,,,,,,,0.004,0.0214,0.062,0.1478,,,,,,,,0.0174,0.0406,0.0858,75.61
1198637009,(주)데이타솔루션,0.0046,0.0009,0.0005,0.0199,0.3759,0.2816,0.0272,0.0201,0.0006,0.0058,0.4891,-0.0037,-0.0004,0.0194,0.356,-0.0943,-0.2544,-0.0071,-0.0195,0.0052,0.4833,75.59
1308640272,주식회사지오스틸,0.0012,0.0076,0.0088,0.003,0.0086,0.0108,0.0017,0.0024,0.0006,0.0015,0.5246,0.0064,0.0012,-0.0058,0.0056,0.0022,-0.0091,0.0007,-0.0018,0.0009,0.5231,75.56
6028109387,주식회사진스코인터내셔널,0.8762,0.0178,0.0459,0.0269,0.0234,0.1231,0.5057,0.6834,0.0142,0.3323,0.4916,-0.8584,0.0281,-0.019,-0.0035,0.0997,0.3826,0.1777,-0.6692,0.3181,0.1593,75.54
6068189461,(주)에이치피엠스틸,,,,,0.002,0.0018,0.0004,0.0009,0.0002,0.0006,0.5133,,,,,-0.0002,-0.0014,0.0005,-0.0007,0.0004,0.5127,75.51
4108174294,주식회사경남,0.0013,,0.0006,0.0005,0.0006,0.001,0.0002,0.0004,0.0027,0.0024,0.5417,,,-0.0001,0.0001,0.0004,-0.0008,0.0002,0.0023,-0.0003,0.5393,75.51
1258179300,(주)안성종합폐차장,0.0019,0.0057,0.0141,0.0098,0.0074,0.0098,0.0039,0.0083,0.0344,0.1249,0.1624,0.0038,0.0084,-0.0043,-0.0024,0.0024,-0.0059,0.0044,0.0261,0.0905,0.0375,75.5
1378147117,주식회사신의철강,,,,,,,0.0024,0.022,0.0028,0.0006,0.8665,,,,,,,0.0196,-0.0192,-0.0022,0.8659,75.48
2148846559,(주)씨에스메탈스,,,,,,,,0.0007,0.0003,0.0008,0.4577,,,,,,,,-0.0004,0.0005,0.4569,75.48
1218158512,주식회사태평석유,0.0013,0.0008,0.4125,0.0248,0.4283,0.0311,0.007,0.015,0.057,0.017,0.5831,-0.0005,0.4117,-0.3877,0.4035,-0.3972,-0.0241,0.008,0.042,-0.04,0.5661,75.46
6018124366,(주)나부코,0.0643,0.014,0.0913,0.0034,0.014,0.0216,0.0055,0.144,0.008,0.1265,0.4479,-0.0503,0.0773,-0.0879,0.0106,0.0076,-0.0161,0.1385,-0.136,0.1185,0.3214,75.42
1378157819,(주)코리아테크,0.0012,0.0008,0.0003,0.0001,0.0,0.0981,0.3035,0.0004,0.3191,0.0008,0.5577,-0.0004,-0.0005,-0.0002,-0.0001,0.0981,0.2054,-0.3031,0.3187,-0.3183,0.5569,75.42
1308189358,주식회사유일특수강,0.0051,0.4135,0.0166,0.4819,0.5925,0.6838,0.7669,0.1145,0.7568,0.9213,0.919,0.4084,-0.3969,0.4653,0.1106,0.0913,0.0831,-0.6524,0.6423,0.1645,-0.0023,75.41
2128149982,(주)오디바이크,0.0003,0.0011,0.0025,0.0729,0.0015,0.2329,0.0008,0.0005,0.0004,0.0003,0.5852,0.0008,0.0014,0.0704,-0.0714,0.2314,-0.2321,-0.0003,-0.0001,-0.0001,0.5849,75.38
2198101029,신라에스지(주),0.4706,0.4753,0.0382,0.2066,0.2794,0.015,0.1759,0.0029,0.0024,0.0102,0.3448,0.0047,-0.4371,0.1684,0.0728,-0.2644,0.1609,-0.173,-0.0005,0.0078,0.3346,75.33
5028148101,한빛식품주식회사,,,,,0.001,0.0045,0.002,0.0095,0.001,0.0215,0.4299,,,,,0.0035,-0.0025,0.0075,-0.0085,0.0205,0.4084,75.27
1208635923,멜라루카인터내셔날코리아주식회사,0.0001,0.0001,0.0002,0.0001,0.0001,0.0004,0.0002,0.0003,0.0004,0.0938,0.1777,0.0,0.0001,-0.0001,0.0,0.0003,-0.0002,0.0001,0.0001,0.0934,0.0839,75.27
2158664726,(주)뉴메디팜,,,0.0016,0.001,0.0005,0.0022,0.0004,0.0023,0.0006,0.0043,0.4358,,,-0.0006,-0.0005,0.0017,-0.0018,0.0019,-0.0017,0.0037,0.4315,75.21
1208156485,비브라운코리아주식회사,0.1467,0.6196,0.0074,0.0055,0.0013,0.0015,0.0006,0.0005,0.0147,0.0009,0.5726,0.4729,-0.6122,-0.0019,-0.0042,0.0002,-0.0009,-0.0001,0.0142,-0.0138,0.5717,75.19
1408120564,이산특수강주식회사,0.001,0.0017,0.0044,0.0028,0.0016,0.0145,0.4421,0.0322,0.0113,0.0124,0.5448,0.0007,0.0027,-0.0016,-0.0012,0.0129,0.4276,-0.4099,-0.0209,0.0011,0.5324,75.19
1408173421,주식회사대승산업,,,,,,,0.0004,0.0006,0.0011,0.0172,0.1611,,,,,,,0.0002,0.0005,0.0161,0.1439,75.14
1068614301,주식회사리버네트워크,,,,,,,,0.0008,0.0001,0.0012,0.4318,,,,,,,,-0.0007,0.0011,0.4306,75.14
6088134851,(주)대현우드,0.0044,0.0131,0.0205,0.7948,0.0964,0.0809,0.0029,0.0093,0.5547,0.9599,0.9359,0.0087,0.0074,0.7743,-0.6984,-0.0155,-0.078,0.0064,0.5454,0.4052,-0.024,75.1
6068135214,한양철강(주),,0.0136,0.0197,0.0499,0.3406,0.035,0.0444,0.5952,0.6031,0.5221,0.7422,,0.0061,0.0302,0.2907,-0.3056,0.0094,0.5508,0.0079,-0.081,0.2201,75.06
1078694730,(주)켐필드인터내셔널,,,,,,,,0.002,0.0004,0.0021,0.4564,,,,,,,,-0.0016,0.0017,0.4543,75.04
1068654152,(주)세상담기,,,,,,0.001,0.001,0.0076,0.0009,0.0013,0.5703,,,,,,0.0,0.0066,-0.0067,0.0004,0.569,75.02
1078779702,주식회사세일,,,0.0015,0.0003,0.0015,0.0077,0.0347,0.0028,0.0029,0.0195,0.1715,,,-0.0012,0.0012,0.0062,0.027,-0.0319,0.0001,0.0166,0.152,74.95
3148129981,(주)케이에이치전자,,,,,,0.0015,0.0026,0.008,0.0027,0.1531,0.377,,,,,,0.0011,0.0054,-0.0053,0.1504,0.2239,74.89
1068664460,(주)쇼마젠시,,,,,,,0.0011,0.0004,0.0004,0.0022,0.2502,,,,,,,-0.0007,0.0,0.0018,0.248,74.85
6068662604,청록디엔씨주식회사,,,,,,,,0.0046,0.0177,0.0304,0.1328,,,,,,,,0.0131,0.0127,0.1024,74.81
5638800213,주식회사피나클테크,,,,,,0.0007,0.001,0.0017,0.5419,0.9158,0.9026,,,,,,0.0003,0.0007,0.5402,0.3739,-0.0132,74.78
1108140268,알바코퍼레이션주식회사,,,,,,0.0017,0.022,0.0023,0.0051,0.0015,0.5582,,,,,,0.0203,-0.0197,0.0028,-0.0036,0.5567,74.75
1078153108,(주)두영컴퍼니,,,,,0.0022,0.1266,0.025,0.0035,0.0011,0.0152,0.3912,,,,,0.1244,-0.1016,-0.0215,-0.0024,0.0141,0.376,74.71
5478800638,주식회사담소리빙,,,,0.0028,0.1683,0.1025,0.002,0.0011,0.001,0.0049,0.2504,,,,0.1655,-0.0658,-0.1005,-0.0009,-0.0001,0.0039,0.2455,74.7
3058182100,우리하나에너지주식회사,,,,,,0.0017,0.0006,0.0019,0.0012,0.1607,0.2942,,,,,,-0.0011,0.0013,-0.0007,0.1595,0.1335,74.69
1068700857,(주)반석전자,,,0.0007,0.0003,0.0005,0.0009,0.0005,0.0006,0.0005,0.0737,0.1967,,,-0.0004,0.0002,0.0004,-0.0004,0.0001,-0.0001,0.0732,0.123,74.68
1068609583,게임피아(주),0.286,,,0.0002,0.0002,0.0005,0.0005,0.0005,0.0048,0.0451,0.1239,,,,0.0,0.0003,0.0,0.0,0.0043,0.0403,0.0788,74.68
1198101262,대신강업주식회사,0.0002,0.0004,0.285,0.2787,0.0006,0.3764,0.0301,0.1687,0.3834,0.0492,0.547,0.0002,0.2846,-0.0063,-0.2781,0.3758,-0.3463,0.1386,0.2147,-0.3342,0.4978,74.51
6058623990,(주)남상푸드,0.002,0.1386,0.0011,0.0003,0.0009,0.0012,0.001,0.001,0.337,0.0087,0.5162,0.1366,-0.1375,-0.0008,0.0006,0.0003,-0.0002,0.0,0.336,-0.3283,0.5075,74.49
3108128199,주식회사내포축산물유통,,,,,,,,0.0013,0.0003,0.1858,0.3092,,,,,,,,-0.001,0.1855,0.1234,74.48
2038125026,(주)라셀르,0.0003,,,0.0002,0.0003,0.0007,0.0004,0.0007,0.0002,0.0001,0.629,,,,0.0001,0.0004,-0.0003,0.0003,-0.0005,-0.0001,0.6289,74.48
1328622891,주식회사그린명품제약,,,,,,,,0.0009,0.0005,0.001,0.4101,,,,,,,,-0.0004,0.0005,0.4091,74.47
2018145273,(주)에이치비콥,0.4082,0.101,0.0428,0.0045,0.0318,0.0538,0.1367,0.5641,0.0631,0.3381,0.4608,-0.3072,-0.0582,-0.0383,0.0273,0.022,0.0829,0.4274,-0.501,0.275,0.1227,74.43
2118656485,(주)금하에스앤아이,0.0397,0.0065,0.0107,0.0098,0.0032,0.0221,0.0498,0.0112,0.5403,0.0042,0.4999,-0.0332,0.0042,-0.0009,-0.0066,0.0189,0.0277,-0.0386,0.5291,-0.5361,0.4957,74.36
6068172015,주식회사다이코,0.1213,0.0207,0.0072,0.0042,0.0133,0.0191,0.0062,0.0193,0.0099,0.1114,0.3625,-0.1006,-0.0135,-0.003,0.0091,0.0058,-0.0129,0.0131,-0.0094,0.1015,0.2511,74.35
1148663797,(주)대승써지칼,,,,,,,0.0012,0.0003,0.0003,0.0004,0.392,,,,,,,-0.0009,0.0,0.0001,0.3916,74.35
3068128318,길산스틸주식회사,0.0003,0.0002,0.0002,0.0003,0.0002,0.0011,0.0006,0.0004,0.0001,0.3577,0.3691,-0.0001,0.0,0.0001,-0.0001,0.0009,-0.0005,-0.0002,-0.0003,0.3576,0.0114,74.34
1178133467,(주)우진에너지,,,,,,,0.0005,0.0202,0.0112,0.1365,0.3582,,,,,,,0.0197,-0.009,0.1253,0.2217,74.27
6138107040,대호산업(주),0.0003,0.0003,0.0001,0.0015,0.5381,0.2716,0.3677,0.0254,0.0006,0.0055,0.4273,0.0,-0.0002,0.0014,0.5366,-0.2665,0.0961,-0.3423,-0.0248,0.0049,0.4218,74.26
6028154470,STX마린서비스주식회사,0.0004,0.0092,0.4063,0.001,0.1659,0.0345,0.004,0.0027,0.355,0.9336,0.8891,0.0088,0.3971,-0.4053,0.1649,-0.1314,-0.0305,-0.0013,0.3523,0.5786,-0.0445,74.22
2028108359,진영지업(주),0.0044,0.0448,0.0047,0.0054,0.0023,0.0008,0.0002,0.0002,0.0017,0.1369,0.1571,0.0404,-0.0401,0.0007,-0.0031,-0.0015,-0.0006,0.0,0.0015,0.1352,0.0202,74.21
8648100077,(주)신세계디에프,,,,0.003,0.0003,0.0183,0.8323,0.0431,0.1495,0.0033,0.523,,,,-0.0027,0.018,0.814,-0.7892,0.1064,-0.1462,0.5197,74.21
1268149677,주식회사예스런던,0.0011,0.0022,0.0025,0.0004,0.0006,0.0087,0.0131,0.8278,0.0006,0.0028,0.5002,0.0011,0.0003,-0.0021,0.0002,0.0081,0.0044,0.8147,-0.8272,0.0022,0.4974,74.2
2158644531,(주)네오마그네틱,,0.0021,0.0004,0.0005,0.0002,0.004,0.0016,0.0007,0.0002,0.0004,0.4629,,-0.0017,0.0001,-0.0003,0.0038,-0.0024,-0.0009,-0.0005,0.0002,0.4625,74.15
2058123344,우일에너지주식회사,0.0007,0.0005,0.0014,0.0024,0.0049,0.016,0.1735,0.293,0.6364,0.919,0.9034,-0.0002,0.0009,0.001,0.0025,0.0111,0.1575,0.1195,0.3434,0.2826,-0.0156,74.1
1248158466,서진일렉트론(주),,,,,0.0002,0.0004,0.0002,0.0001,0.0002,0.0003,0.3477,,,,,0.0002,-0.0002,-0.0001,0.0001,0.0001,0.3474,74.07
4158130592,완도전복(주),0.1371,0.7505,0.6015,0.0528,0.0007,0.2434,0.0003,0.0002,0.023,0.0314,0.113,0.6134,-0.149,-0.5487,-0.0521,0.2427,-0.2431,-0.0001,0.0228,0.0084,0.0816,74.06
1278196469,길산에스티(주),,0.0021,0.0003,0.0003,0.003,0.0007,0.0033,0.002,0.5731,0.0042,0.4802,,-0.0018,0.0,0.0027,-0.0023,0.0026,-0.0013,0.5711,-0.5689,0.476,74.06
4848601384,(주)누하스,,,,,,,,0.0012,0.0141,0.8833,0.8746,,,,,,,,0.0129,0.8692,-0.0087,74.03
6058142430,(주)해원티앤디,,,0.0012,0.0006,0.0001,0.0015,0.0009,0.0023,0.5355,0.048,0.4894,,,-0.0006,-0.0005,0.0014,-0.0006,0.0014,0.5332,-0.4875,0.4414,74.02
1208192986,신정에프씨(주),,,,,,,,0.0012,0.0012,0.0038,0.1919,,,,,,,,0.0,0.0026,0.1881,73.97
2048137035,미래텔레콤주식회사,0.0062,0.0028,0.4887,0.0026,0.001,0.0022,0.001,0.0033,0.0035,0.0018,0.5539,-0.0034,0.4859,-0.4861,-0.0016,0.0012,-0.0012,0.0023,0.0002,-0.0017,0.5521,73.96
6698701885,주식회사재윤파트너스,,,,,,,,0.0012,0.0434,0.881,0.866,,,,,,,,0.0422,0.8376,-0.015,73.89
1318609236,(주)엔라인,0.0003,0.0001,0.0001,0.0,0.0004,0.1216,0.0005,0.0018,0.0009,0.0006,0.6724,-0.0002,0.0,-0.0001,0.0004,0.1212,-0.1211,0.0013,-0.0009,-0.0003,0.6718,73.87
5088116155,(주)빌더스홈,,,,,,,,0.0029,0.0013,0.0009,0.7075,,,,,,,,-0.0016,-0.0004,0.7066,73.79
1028126377,부루벨코리아(주),0.1649,0.668,0.0009,0.0002,0.0001,0.0002,0.0058,0.0002,0.0001,0.0547,0.1651,0.5031,-0.6671,-0.0007,-0.0001,0.0001,0.0056,-0.0056,-0.0001,0.0546,0.1104,73.77
1178167031,주식회사코린토,,,,,,,0.0006,0.0002,0.0001,0.0002,0.4,,,,,,,-0.0004,-0.0001,0.0001,0.3998,73.75
1048106547,창화철강(주),0.3773,0.0034,0.0004,0.0003,0.0451,0.5454,0.0022,0.0016,0.0006,0.0021,0.3696,-0.3739,-0.003,-0.0001,0.0448,0.5003,-0.5432,-0.0006,-0.001,0.0015,0.3675,73.74
1188104233,(주)유진종합,0.0259,0.0565,0.0402,0.0751,0.0007,0.0015,0.0013,0.0006,0.0006,0.0013,0.2409,0.0306,-0.0163,0.0349,-0.0744,0.0008,-0.0002,-0.0007,0.0,0.0007,0.2396,73.72
1328103190,(주)비룡,0.0008,0.0002,0.0022,0.0024,0.133,0.0015,0.0038,0.0005,0.4167,0.2583,0.5349,-0.0006,0.002,0.0002,0.1306,-0.1315,0.0023,-0.0033,0.4162,-0.1584,0.2766,73.62
2138626124,아젤리스코리아주식회사,,,,,0.0002,0.0003,0.0004,0.0002,0.0002,0.0022,0.1809,,,,,0.0001,0.0001,-0.0002,0.0,0.002,0.1787,73.56
6108138544,스피드케미칼(주),0.0003,,,0.0004,0.039,0.0006,0.4655,0.7195,0.0176,0.2298,0.3876,,,,0.0386,-0.0384,0.4649,0.254,-0.7019,0.2122,0.1578,73.56
3138134609,주식회사가나아트한남,,,,,,,,0.0005,0.0001,0.0763,0.2051,,,,,,,,-0.0004,0.0762,0.1288,73.52
6178602135,(주)케이비엠,,0.0013,0.0003,0.0,0.0005,0.0009,0.0004,0.4436,0.8853,0.3795,0.5837,,-0.001,-0.0003,0.0005,0.0004,-0.0005,0.4432,0.4417,-0.5058,0.2042,73.51
1398120905,원일금속(주),0.307,0.0013,0.011,0.001,0.0002,0.1869,0.011,0.0017,0.912,0.5287,0.632,-0.3057,0.0097,-0.01,-0.0008,0.1867,-0.1759,-0.0093,0.9103,-0.3833,0.1033,73.46
2018619106,주식회사티그린,,,,,,0.0007,0.0004,0.42,0.0026,0.0107,0.4162,,,,,,-0.0003,0.4196,-0.4174,0.0081,0.4055,73.44
1068646332,주식회사코잇,0.0022,0.0008,0.0011,0.0004,0.0001,0.0005,0.0003,0.0003,0.0001,0.0003,0.3727,-0.0014,0.0003,-0.0007,-0.0003,0.0004,-0.0002,0.0,-0.0002,0.0002,0.3724,73.43
1418135978,주식회사커피에반하다,,,,,,,0.0029,0.1021,0.0181,0.006,0.812,,,,,,,0.0992,-0.084,-0.0121,0.806,73.42
6058129572,(주)유진기전,0.0042,0.005,0.1329,0.002,0.001,0.0028,0.0011,0.0011,0.0012,0.0036,0.1566,0.0008,0.1279,-0.1309,-0.001,0.0018,-0.0017,0.0,0.0001,0.0024,0.153,73.41
2058111436,(주)대성유통,,,,,,,0.0005,0.1242,0.4367,0.0342,0.471,,,,,,,0.1237,0.3125,-0.4025,0.4368,73.4
1208141925,(주)신한씨스텍,,,,,,,0.0003,0.0002,0.168,0.0005,0.4635,,,,,,,-0.0001,0.1678,-0.1675,0.463,73.37
1048129104,(주)유니드글로벌상사,0.0914,0.0017,0.0406,0.2565,0.1587,0.0431,0.0013,0.0011,0.016,0.1133,0.1242,-0.0897,0.0389,0.2159,-0.0978,-0.1156,-0.0418,-0.0002,0.0149,0.0973,0.0109,73.32
5898600735,주식회사티디지,,,,0.0027,0.0007,0.0033,0.0006,0.004,0.0062,0.0421,0.0996,,,,-0.002,0.0026,-0.0027,0.0034,0.0022,0.0359,0.0575,73.31
1138623531,(주)서은에프에이,,,0.0007,0.0013,0.0024,0.0032,0.0024,0.0017,0.0015,0.0021,0.2961,,,0.0006,0.0011,0.0008,-0.0008,-0.0007,-0.0002,0.0006,0.294,73.3
1148142327,한국쿄와기린(주),0.0001,0.0002,0.0001,0.0001,0.0001,0.0004,0.0006,0.0006,0.0003,0.0004,0.4271,0.0001,-0.0001,0.0,0.0,0.0003,0.0002,0.0,-0.0003,0.0001,0.4267,73.28
1018157125,단암엔지니어링(주),,,,,,,,0.0027,0.001,0.0754,0.2743,,,,,,,,-0.0017,0.0744,0.1989,73.27
1218198625,대한금속(주),,,,,,0.0014,0.0579,0.015,0.3487,0.0138,0.4506,,,,,,0.0565,-0.0429,0.3337,-0.3349,0.4368,73.23
2208101107,스와치그룹코리아(주),0.0002,0.0001,0.0001,0.0002,0.0001,0.0003,0.0005,0.0003,0.0002,0.0001,0.4804,-0.0001,0.0,0.0001,-0.0001,0.0002,0.0002,-0.0002,-0.0001,-0.0001,0.4803,73.16
2118106898,(주)새서울석유,0.0006,0.0032,0.0149,0.017,0.0549,0.288,0.1134,0.1929,0.0024,0.0497,0.3482,0.0026,0.0117,0.0021,0.0379,0.2331,-0.1746,0.0795,-0.1905,0.0473,0.2985,73.13
6058605177,에스앤글로벌주식회사,,,,,,,0.0013,0.0664,0.3314,0.8777,0.844,,,,,,,0.0651,0.265,0.5463,-0.0337,73.13
2118101952,(주)이엠케이,,,,,,0.0009,0.0005,0.0014,0.5272,0.9571,0.8744,,,,,,-0.0004,0.0009,0.5258,0.4299,-0.0827,73.11
1258623534,모바일면세점주식회사,,,,,,,0.0024,0.0073,0.0046,0.3204,0.3617,,,,,,,0.0049,-0.0027,0.3158,0.0413,73.09
5038198467,(주)미래안전산업,,,,,,,,0.0008,0.0005,0.0008,0.3448,,,,,,,,-0.0003,0.0003,0.344,73.08
8598602307,지에너지주식회사,,,,,,,,0.0012,0.0028,0.0441,0.0981,,,,,,,,0.0016,0.0413,0.054,73.08
6528101639,주식회사테퍼,,,,,,,,0.0029,0.0862,0.9468,0.8628,,,,,,,,0.0833,0.8606,-0.084,72.97
1258189093,주식회사신우,,,,,0.001,0.0011,0.0005,0.0001,0.001,0.0018,0.1542,,,,,0.0001,-0.0006,-0.0004,0.0009,0.0008,0.1524,72.96
1208162240,(주)박스터,0.0003,0.0093,0.009,0.4634,0.0006,0.0018,0.0012,0.0005,0.0011,0.0019,0.1551,0.009,-0.0003,0.4544,-0.4628,0.0012,-0.0006,-0.0007,0.0006,0.0008,0.1532,72.88
2118879745,(주)비엠케이유통,,,0.0006,0.0001,0.0109,0.1982,,0.0388,0.0091,0.0111,0.3972,,,-0.0005,0.0108,0.1873,,,-0.0297,0.002,0.3861,72.86
8948100248,주식회사평안철강,,,,0.0016,0.0024,0.8026,0.0059,0.0013,0.1334,0.0098,0.4369,,,,0.0008,0.8002,-0.7967,-0.0046,0.1321,-0.1236,0.4271,72.86
5038124854,(주)에이엔에이스포츠,0.0054,0.003,0.0004,0.0001,0.0027,0.0067,0.007,0.0245,0.2522,0.2008,0.4764,-0.0024,-0.0026,-0.0003,0.0026,0.004,0.0003,0.0175,0.2277,-0.0514,0.2756,72.84
2118871082,(주)엔에이치인터내셔날,,,,,,,,0.001,0.0738,0.902,0.8449,,,,,,,,0.0728,0.8282,-0.0571,72.83
5068113996,(주)리플러스,0.0295,0.0024,0.0017,0.0008,0.0006,0.0009,0.0006,0.0006,0.0008,0.0997,0.1223,-0.0271,-0.0007,-0.0009,-0.0002,0.0003,-0.0003,0.0,0.0002,0.0989,0.0226,72.73
2618106646,주식회사레이덴트,,,,,,,,0.0016,0.0584,0.8849,0.8388,,,,,,,,0.0568,0.8265,-0.0461,72.72
2158775157,주식회사윈플러스마트남부,0.0997,0.142,0.019,0.0021,0.0011,0.0017,0.0008,0.0004,0.5864,0.851,0.8278,0.0423,-0.123,-0.0169,-0.001,0.0006,-0.0009,-0.0004,0.586,0.2646,-0.0232,72.67
1068651704,(주)파인인포메이션,,,,,,0.0013,0.0014,0.0092,0.001,0.0017,0.4231,,,,,,0.0001,0.0078,-0.0082,0.0007,0.4214,72.66
6018134020,(주)삼지페이퍼,0.0081,0.0194,0.149,0.0792,0.0346,0.2008,0.0198,0.2215,0.2458,0.0291,0.4832,0.0113,0.1296,-0.0698,-0.0446,0.1662,-0.181,0.2017,0.0243,-0.2167,0.4541,72.62
2148808313,(주)블루존닷컴,,,0.0004,0.0001,0.0003,0.0007,0.0003,0.0001,0.0,0.0001,0.3336,,,-0.0003,0.0002,0.0004,-0.0004,-0.0002,-0.0001,0.0001,0.3335,72.62
1018624901,(주)토즈코리아,0.0051,0.0007,0.0002,0.0003,0.0743,0.0004,0.0392,0.5476,0.0808,0.359,0.4145,-0.0044,-0.0005,0.0001,0.074,-0.0739,0.0388,0.5084,-0.4668,0.2782,0.0555,72.58
2118650574,(주)미건씨스템,,,,,,,,0.0012,0.0079,0.0217,0.081,,,,,,,,0.0067,0.0138,0.0593,72.56
1228176890,코토세라믹(주),0.0011,0.0007,0.0005,0.0002,0.0007,0.0027,0.0014,0.0007,0.577,0.9169,0.8491,-0.0004,-0.0002,-0.0003,0.0005,0.002,-0.0013,-0.0007,0.5763,0.3399,-0.0678,72.55
1238604036,제이에프글로벌(주),,,,,0.0006,0.0003,0.0002,0.0004,0.3171,0.0011,0.4108,,,,,-0.0003,-0.0001,0.0002,0.3167,-0.316,0.4097,72.44
1098184742,신평아이엔티(주),,,,0.001,0.0007,0.0497,0.0005,0.0007,0.4063,0.0006,0.4056,,,,-0.0003,0.049,-0.0492,0.0002,0.4056,-0.4057,0.405,72.4
2148746644,(주)풍산화동양행,,,,,0.0011,0.0008,0.0026,0.0023,0.2584,0.9596,0.8297,,,,,-0.0003,0.0018,-0.0003,0.2561,0.7012,-0.1299,72.39
1058634018,주식회사인플라스트,,,,,,,,0.0013,0.0009,0.0518,0.1667,,,,,,,,-0.0004,0.0509,0.1149,72.33
6068144125,삼우강업(주),0.0262,0.0005,0.0008,0.0037,0.0184,0.0542,0.3696,0.0005,0.0003,0.0004,0.3536,-0.0257,0.0003,0.0029,0.0147,0.0358,0.3154,-0.3691,-0.0002,0.0001,0.3532,72.33
5038156341,주식회사호성상사,,,,,,,,0.0011,0.0081,0.0286,0.0779,,,,,,,,0.007,0.0205,0.0493,72.28
2118141779,(주)에스에스모터스,0.0654,0.3035,0.1291,0.0418,0.0116,0.1239,0.0153,0.0144,0.003,0.0254,0.2785,0.2381,-0.1744,-0.0873,-0.0302,0.1123,-0.1086,-0.0009,-0.0114,0.0224,0.2531,72.27
1068612356,(주)동양엠에스티,,,,0.0013,0.0002,0.0008,0.0006,0.0012,0.0007,0.0014,0.2826,,,,-0.0011,0.0006,-0.0002,0.0006,-0.0005,0.0007,0.2812,72.26
2608101255,주식회사우리홀푸드마트,,,,,0.0009,0.0018,0.0043,0.0079,0.0224,0.0774,0.0911,,,,,0.0009,0.0025,0.0036,0.0145,0.055,0.0137,72.23
8778701583,주식회사대부메탈,,,,,,,,0.0015,0.0006,0.108,0.1997,,,,,,,,-0.0009,0.1074,0.0917,72.22
3178106876,(주)유석철강산업,0.0038,0.0007,0.0005,0.0005,0.0012,0.0011,0.0016,0.0006,0.0004,0.0017,0.199,-0.0031,-0.0002,0.0,0.0007,-0.0001,0.0005,-0.001,-0.0002,0.0013,0.1973,72.19
6028128216,주식회사부림교역,,,,,,,,0.0025,0.0651,0.8777,0.8164,,,,,,,,0.0626,0.8126,-0.0613,72.18
6728601244,주식회사월드마트,,,,,,,0.0009,0.0056,0.8563,0.9897,0.8838,,,,,,,0.0047,0.8507,0.1334,-0.1059,72.12
2208185198,(주)씽크론,0.0001,0.0003,0.0003,0.0003,0.003,0.0546,0.0005,0.001,0.5845,0.9597,0.8431,0.0002,0.0,0.0,0.0027,0.0516,-0.0541,0.0005,0.5835,0.3752,-0.1166,72.09
1208777731,주식회사고시다코리아,,,,,,,,0.0033,0.0008,0.0012,0.4075,,,,,,,,-0.0025,0.0004,0.4063,72.06
1048167447,한국가네마쯔주식회사,,,,,,,0.0094,0.0472,0.0439,0.062,0.2695,,,,,,,0.0378,-0.0033,0.0181,0.2075,72.05
1068126684,신동와인주식회사,0.0001,0.0002,0.0026,0.0001,0.0001,0.0005,0.0002,0.0001,0.0001,0.0182,0.0991,0.0001,0.0024,-0.0025,0.0,0.0004,-0.0003,-0.0001,0.0,0.0181,0.0809,72.05
1388172768,오토앤(주),0.004,0.1094,0.014,0.0032,0.3941,0.8442,0.0036,0.0003,0.4924,0.9489,0.8256,0.1054,-0.0954,-0.0108,0.3909,0.4501,-0.8406,-0.0033,0.4921,0.4565,-0.1233,72.01
1108125909,주식회사델몬트음료,,,,,0.0009,0.071,0.0018,0.0134,0.2781,0.8524,0.7956,,,,,0.0701,-0.0692,0.0116,0.2647,0.5743,-0.0568,71.99
1238179788,(주)에스엘시스템,,,,,,,,0.0023,0.0064,0.0272,0.0736,,,,,,,,0.0041,0.0208,0.0464,71.91
6208104925,금강철강,0.5395,0.1171,0.0996,0.0341,0.0641,0.201,0.6086,0.0154,0.001,0.0046,0.3143,-0.4224,-0.0175,-0.0655,0.03,0.1369,0.4076,-0.5932,-0.0144,0.0036,0.3097,71.88
2108801701,주식회사유니드에너지,,,,,,,0.0032,0.0282,0.0218,0.3259,0.3473,,,,,,,0.025,-0.0064,0.3041,0.0214,71.85
2038123576,(주)하이퍼코퍼레이션,0.074,0.9273,0.7046,0.0067,0.1828,0.4847,0.7408,0.0795,0.7677,0.9574,0.8567,0.8533,-0.2227,-0.6979,0.1761,0.3019,0.2561,-0.6613,0.6882,0.1897,-0.1007,71.81
4098629192,농업회사법인주식회사스마일팜,,,,,,,0.0007,0.0016,0.4413,0.0018,0.3665,,,,,,,0.0009,0.4397,-0.4395,0.3647,71.73
4248600156,(주)스내지,,,,,0.0017,0.1052,0.0739,0.0398,0.5146,0.0185,0.3682,,,,,0.1035,-0.0313,-0.0341,0.4748,-0.4961,0.3497,71.72
6068156733,주식회사동아특강,0.0008,0.0011,0.0025,0.0052,0.0039,0.048,0.0041,0.025,0.0391,0.0142,0.4182,0.0003,0.0014,0.0027,-0.0013,0.0441,-0.0439,0.0209,0.0141,-0.0249,0.404,71.71
1288616385,주식회사파크론,0.0019,0.0015,0.0015,0.0021,0.0008,0.0015,0.0005,0.0002,0.3325,0.0158,0.371,-0.0004,0.0,0.0006,-0.0013,0.0007,-0.001,-0.0003,0.3323,-0.3167,0.3552,71.69
3048700238,원더그린주식회사,,,,,0.0006,0.0005,0.0014,0.0006,0.0005,0.0187,0.1055,,,,,-0.0001,0.0009,-0.0008,-0.0001,0.0182,0.0868,71.68
6678600637,(주)학하,,,,,,0.0011,0.0026,0.1868,0.0185,0.4389,0.4473,,,,,,0.0015,0.1842,-0.1683,0.4204,0.0084,71.65
1198137606,(주)포니링크,0.5131,0.58,0.7472,0.002,0.3198,0.0515,0.0065,0.1564,0.7839,0.9245,0.8523,0.0669,0.1672,-0.7452,0.3178,-0.2683,-0.045,0.1499,0.6275,0.1406,-0.0722,71.64
2108160977,주식회사예건에프앤씨,,,,,,0.0006,0.0007,0.0122,0.0387,0.8342,0.7938,,,,,,0.0001,0.0115,0.0265,0.7955,-0.0404,71.64
1068650966,에이치엠티(주),,,,,,,0.0008,0.0015,0.0081,0.0012,0.4003,,,,,,,0.0007,0.0066,-0.0069,0.3991,71.62
1268163742,(주)대림골재,,,,,0.0009,0.1415,0.0057,0.0312,0.0019,0.027,0.2558,,,,,0.1406,-0.1358,0.0255,-0.0293,0.0251,0.2288,71.58
2208730507,(주)신기씨앤에스,0.0009,0.0196,0.0021,0.0004,0.0221,0.1685,0.0078,0.0195,0.1931,0.1116,0.401,0.0187,-0.0175,-0.0017,0.0217,0.1464,-0.1607,0.0117,0.1736,-0.0815,0.2894,71.57
1218158114,한미합판주식회사,0.0013,0.0442,0.1235,0.0294,0.0025,0.0785,0.0013,0.0122,0.0599,0.0667,0.0854,0.0429,0.0793,-0.0941,-0.0269,0.076,-0.0772,0.0109,0.0477,0.0068,0.0187,71.56
6168152146,(주)한라에너지,0.0026,0.0197,0.3995,0.0388,0.0055,0.0142,0.0105,0.0052,0.0058,0.0132,0.0797,0.0171,0.3798,-0.3607,-0.0333,0.0087,-0.0037,-0.0053,0.0006,0.0074,0.0665,71.56
7698701531,주식회사오창할인마트,,,,,,0.0014,0.0286,0.6809,0.0033,0.0436,0.2822,,,,,,0.0272,0.6523,-0.6776,0.0403,0.2386,71.54
2068195012,주식회사에코트리,,,,,,0.0003,0.0003,0.0017,0.0003,0.0001,0.5753,,,,,,0.0,0.0014,-0.0014,-0.0002,0.5752,71.5
8778801386,에스에이치피피코리아,,,,,,,,0.0009,0.0198,0.0707,0.0799,,,,,,,,0.0189,0.0509,0.0092,71.48
6598102473,농업회사법인순천만가든마켓주식회사,,,,,,,,0.0058,0.0048,0.1467,0.2003,,,,,,,,-0.001,0.1419,0.0536,71.43
2128153870,농업회사법인(주)순우리,,,0.0019,0.0039,0.0645,0.0125,0.0045,0.0075,0.7169,0.8982,0.8222,,,0.002,0.0606,-0.052,-0.008,0.003,0.7094,0.1813,-0.076,71.41
1048193116,(주)케이피아이씨코포레이션,0.0001,0.0002,0.0004,0.0001,0.0004,0.0003,0.0006,0.0004,0.3656,0.8224,0.7683,0.0001,0.0002,-0.0003,0.0003,-0.0001,0.0003,-0.0002,0.3652,0.4568,-0.0541,71.4
1488800576,주식회사성담개발,,,,0.0008,0.0001,0.0003,0.1336,0.0004,0.0101,0.9059,0.8181,,,,-0.0007,0.0002,0.1333,-0.1332,0.0097,0.8958,-0.0878,71.35
6038168036,주식회사해창트레이딩,,,0.0008,0.0003,0.0003,0.0023,0.0009,0.0007,0.0007,0.0007,0.2993,,,-0.0005,0.0,0.002,-0.0014,-0.0002,0.0,0.0,0.2986,71.34
1048124225,청우통상(주),,,,,,,0.0041,0.0059,0.2336,0.0531,0.3668,,,,,,,0.0018,0.2277,-0.1805,0.3137,71.24
6078165841,(주)재호물산,0.0001,0.0006,0.0007,0.0005,0.0005,0.0011,0.1577,0.0034,0.0004,0.017,0.2125,0.0005,0.0001,-0.0002,0.0,0.0006,0.1566,-0.1543,-0.003,0.0166,0.1955,71.22
2028133881,(주)영흥화학상사,0.0131,0.0552,0.0032,0.0054,0.0178,0.0182,0.0068,0.0854,0.0735,0.1396,0.259,0.0421,-0.052,0.0022,0.0124,0.0004,-0.0114,0.0786,-0.0119,0.0661,0.1194,71.22
6038165252,(주)해천글로벌,0.1154,0.2762,0.0481,0.0071,0.0034,0.0165,0.003,0.0299,0.0461,0.0388,0.3759,0.1608,-0.2281,-0.041,-0.0037,0.0131,-0.0135,0.0269,0.0162,-0.0073,0.3371,71.2
1068103487,대원미디어(주),0.8713,0.0006,0.0032,0.0001,0.0002,0.002,0.0007,0.001,0.0004,0.0008,0.2758,-0.8707,0.0026,-0.0031,0.0001,0.0018,-0.0013,0.0003,-0.0006,0.0004,0.275,71.19
5538101249,에이제이에너지주식회사,,,,,0.0014,0.0013,0.0029,0.0148,0.0009,0.0161,0.2373,,,,,-0.0001,0.0016,0.0119,-0.0139,0.0152,0.2212,71.14
2218100377,(주)새시대체인,0.0003,0.0003,0.0005,0.0003,0.0004,0.001,0.0005,0.0011,0.0005,0.0091,0.1595,0.0,0.0002,-0.0002,0.0001,0.0006,-0.0005,0.0006,-0.0006,0.0086,0.1504,71.13
1208125793,(주)코리아인터내셔날,,,0.0007,0.0001,0.0003,0.0232,0.0006,0.0003,0.0002,0.0007,0.171,,,-0.0006,0.0002,0.0229,-0.0226,-0.0003,-0.0001,0.0005,0.1703,71.1
1048116860,롯데하이마트(주),0.0002,0.0011,0.0013,0.0008,0.0006,0.0022,0.0023,0.0033,0.7089,0.8446,0.801,0.0009,0.0002,-0.0005,-0.0002,0.0016,0.0001,0.001,0.7056,0.1357,-0.0436,71.08
1058772741,주식회사플레이컴퍼니,,,,0.0005,0.0002,0.0004,0.0002,0.0001,0.0001,0.0003,0.1873,,,,-0.0003,0.0002,-0.0002,-0.0001,0.0,0.0002,0.187,71.07
5048164640,(주)경상스틸,0.0007,0.0009,0.0006,0.0003,0.0002,0.0007,0.0035,0.0006,0.0027,0.0068,0.068,0.0002,-0.0003,-0.0003,-0.0001,0.0005,0.0028,-0.0029,0.0021,0.0041,0.0612,70.88
2118628581,코튼클럽주식회사,0.0002,0.0002,0.0198,0.0019,0.0535,0.1327,0.0007,0.0014,0.0288,0.0237,0.3348,0.0,0.0196,-0.0179,0.0516,0.0792,-0.132,0.0007,0.0274,-0.0051,0.3111,70.83
1018119311,(주)갤러리현대,0.243,0.0014,0.0012,0.0019,0.0026,0.1493,0.005,0.0012,0.0003,0.0013,0.2396,-0.2416,-0.0002,0.0007,0.0007,0.1467,-0.1443,-0.0038,-0.0009,0.001,0.2383,70.8
1058617227,(주)플랫폼,0.0003,0.0001,0.0005,0.0001,0.0006,0.0006,0.0566,0.0007,0.0002,0.0005,0.2635,-0.0002,0.0004,-0.0004,0.0005,0.0,0.056,-0.0559,-0.0005,0.0003,0.263,70.79
1208128577,(주)은마유통,,,,,,,,0.001,0.0585,0.8318,0.755,,,,,,,,0.0575,0.7733,-0.0768,70.76
3168600516,에이치모터스판매주식회사,,,,,0.0009,0.0007,0.002,0.0011,0.0008,0.0282,0.1105,,,,,-0.0002,0.0013,-0.0009,-0.0003,0.0274,0.0823,70.75
1198164933,드림스틸주식회사,,,,,,0.0021,0.0003,0.0002,0.0024,0.0031,0.0877,,,,,,-0.0018,-0.0001,0.0022,0.0007,0.0846,70.73
2068632953,주식회사회산디지털,,,,,,,0.0007,0.0001,0.3233,0.0004,0.3172,,,,,,,-0.0006,0.3232,-0.3229,0.3168,70.71
1318154449,태창금속공업(주),,,,,0.0012,0.002,0.0005,0.0005,0.0009,0.0021,0.0871,,,,,0.0008,-0.0015,0.0,0.0004,0.0012,0.085,70.7
2268127051,(주)서호메디코,0.0602,0.0079,0.0108,0.0022,0.0025,0.0048,0.0013,0.0023,0.001,0.0342,0.159,-0.0523,0.0029,-0.0086,0.0003,0.0023,-0.0035,0.001,-0.0013,0.0332,0.1248,70.65
1148660897,씨에스알와인주식회사,,,,,,,,0.0008,0.0001,0.0001,0.4118,,,,,,,,-0.0007,0.0,0.4117,70.6
2128165532,(주)봄메디칼,,,0.0012,0.0013,0.0017,0.002,0.0016,0.0005,0.0001,0.0003,0.2631,,,0.0001,0.0004,0.0003,-0.0004,-0.0011,-0.0004,0.0002,0.2628,70.55
6028114901,에스씨주식회사,0.001,,,,,0.0002,0.0003,0.0006,0.0009,0.0013,0.1152,,,,,,0.0001,0.0003,0.0003,0.0004,0.1139,70.51
2018610537,주식회사키에나,,,,,,,0.0011,0.0032,0.063,0.025,0.3277,,,,,,,0.0021,0.0598,-0.038,0.3027,70.5
3178600858,주식회사혜우,,,,,0.0026,0.0015,0.0035,0.0164,0.0154,0.1505,0.1836,,,,,-0.0011,0.002,0.0129,-0.001,0.1351,0.0331,70.48
5148186049,주식회사포파코,,,,,,,0.001,0.0046,0.0115,0.0146,0.0626,,,,,,,0.0036,0.0069,0.0031,0.048,70.46
6178153264,트라이얼코리아주식회사,0.4433,0.0041,0.1645,0.003,0.2602,0.008,0.0027,0.0033,0.0023,0.0221,0.1474,-0.4392,0.1604,-0.1615,0.2572,-0.2522,-0.0053,0.0006,-0.001,0.0198,0.1253,70.4
1288615751,(주)트루라이프,,,,,,0.0006,0.0081,0.1733,0.4242,0.0661,0.3331,,,,,,0.0075,0.1652,0.2509,-0.3581,0.267,70.37
2148733848,(주)비어케이,,,0.0005,0.0,0.0,0.0001,0.0002,0.0001,0.2364,0.6731,0.665,,,-0.0005,0.0,0.0001,0.0001,-0.0001,0.2363,0.4367,-0.0081,70.37
4338700730,(주)교원헬스케어,,,,,0.0014,0.0005,0.0151,0.0207,0.4865,0.8839,0.7518,,,,,-0.0009,0.0146,0.0056,0.4658,0.3974,-0.1321,70.36
2158742490,주식회사씨앤코어,,,,,,,,0.0022,0.0526,0.8486,0.7456,,,,,,,,0.0504,0.796,-0.103,70.35
1058687626,(주)평생동반자우리,,,,0.0005,0.0001,0.0003,0.0002,0.0004,0.0002,0.0002,0.3176,,,,-0.0004,0.0002,-0.0001,0.0002,-0.0002,0.0,0.3174,70.33
2118139574,(주)한국아이티에스,,,,0.0006,0.0004,0.0003,0.0008,0.0001,0.0002,0.0019,0.0803,,,,-0.0002,-0.0001,0.0005,-0.0007,0.0001,0.0017,0.0784,70.29
1258153163,(주)안성모바일통신,,,,,,0.0013,0.0009,0.0016,0.0244,0.0012,0.3223,,,,,,-0.0004,0.0007,0.0228,-0.0232,0.3211,70.28
1728801879,오펠라헬스케어코리아주식회사,,,,,,,,0.0008,0.006,0.0008,0.3236,,,,,,,,0.0052,-0.0052,0.3228,70.27
2128161711,원형철강주식회사,0.6058,0.007,0.0027,0.0011,0.0844,0.1566,0.0103,0.0013,0.0029,0.0011,0.3276,-0.5988,-0.0043,-0.0016,0.0833,0.0722,-0.1463,-0.009,0.0016,-0.0018,0.3265,70.24
1148601127,디엠지모리코리아(주),0.0002,0.0003,0.2562,0.8776,0.0003,0.0092,0.0263,0.3906,0.0214,0.0743,0.2238,0.0001,0.2559,0.6214,-0.8773,0.0089,0.0171,0.3643,-0.3692,0.0529,0.1495,70.2
2208730230,주식회사엔잭타,,,,,,,0.0004,0.0001,0.0001,0.0001,0.2407,,,,,,,-0.0003,0.0,0.0,0.2406,70.12
1208690396,엘에스글로벌인코퍼레이티드(주),0.1158,0.0837,0.121,0.3088,0.2943,0.345,0.0197,0.2318,0.034,0.1163,0.2222,-0.0321,0.0373,0.1878,-0.0145,0.0507,-0.3253,0.2121,-0.1978,0.0823,0.1059,70.08
1408174089,(주)아스포메탈,,,,,,,,0.0022,0.002,0.0017,0.4109,,,,,,,,-0.0002,-0.0003,0.4092,70.07
2018611119,세현텍스주식회사,,,,,0.001,0.0008,0.0007,0.0009,0.0002,0.0099,0.1311,,,,,-0.0002,-0.0001,0.0002,-0.0007,0.0097,0.1212,70.0
1078154276,(주)경기화학약품상사,0.0356,0.189,0.0087,0.1718,0.002,0.0016,0.0017,0.0048,0.0387,0.7522,0.7083,0.1534,-0.1803,0.1631,-0.1698,-0.0004,0.0001,0.0031,0.0339,0.7135,-0.0439,70.0
8438600963,주식회사모던웍스,,,,,,,,0.0015,0.0701,0.8672,0.7254,,,,,,,,0.0686,0.7971,-0.1418,69.96
1238801799,(주)공감이엔씨,,,,,,,,0.0051,0.0004,0.0018,0.2355,,,,,,,,-0.0047,0.0014,0.2337,69.84
4938600996,무프주식회사,,,,,,,0.0005,0.0086,0.2318,0.1637,0.3235,,,,,,,0.0081,0.2232,-0.0681,0.1598,69.81
1248736130,주식회사케이샤인코리아,,,,,,,0.0019,0.0211,0.5716,0.7036,0.6915,,,,,,,0.0192,0.5505,0.132,-0.0121,69.8
5958602043,(주)아우룸거래소,,,,,,,0.001,0.0003,0.0004,0.0004,0.1996,,,,,,,-0.0007,0.0001,0.0,0.1992,69.78
6478600555,주식회사케어마일,,,,,,,,0.0017,0.0016,0.8489,0.8246,,,,,,,,-0.0001,0.8473,-0.0243,69.72
2058121628,금강주류,,,,,0.0021,0.0055,0.1001,0.2376,0.0059,0.0987,0.1934,,,,,0.0034,0.0946,0.1375,-0.2317,0.0928,0.0947,69.67
3058182018,(주)화성스틸,0.091,0.0352,0.0476,0.002,0.0041,0.0412,0.0083,0.4954,0.0018,0.0534,0.1946,-0.0558,0.0124,-0.0456,0.0021,0.0371,-0.0329,0.4871,-0.4936,0.0516,0.1412,69.64
1178158115,주식회사뮤제오,,,,,,0.0008,0.0005,0.0003,0.0002,0.0016,0.0936,,,,,,-0.0003,-0.0002,-0.0001,0.0014,0.092,69.62
1198137299,림스케이블주식회사,0.004,0.0044,0.4762,0.0025,0.0062,0.0053,0.0019,0.0284,0.1453,0.1422,0.2823,0.0004,0.4718,-0.4737,0.0037,-0.0009,-0.0034,0.0265,0.1169,-0.0031,0.1401,69.56
1058781968,(주)푸드나무,,,,0.0002,0.0,0.0002,0.0001,0.0031,0.6164,0.7667,0.7158,,,,-0.0002,0.0002,-0.0001,0.003,0.6133,0.1503,-0.0509,69.56
1248660201,(주)이투비플러스,0.0339,0.0022,0.0031,0.0008,0.0016,0.0226,0.0004,0.0066,0.0036,0.0922,0.1556,-0.0317,0.0009,-0.0023,0.0008,0.021,-0.0222,0.0062,-0.003,0.0886,0.0634,69.5
6348700992,주식회사디엘통상,,,,,,,0.0004,0.0004,0.0005,0.0345,0.0578,,,,,,,0.0,0.0001,0.034,0.0233,69.49
2118673432,(주)에스엔에이,,,,,,0.0024,0.0006,0.1533,0.5681,0.0015,0.2588,,,,,,-0.0018,0.1527,0.4148,-0.5666,0.2573,69.47
2728800675,주식회사스카이원네트웍스,,,,,,,,0.0012,0.003,0.0291,0.0485,,,,,,,,0.0018,0.0261,0.0194,69.45
1228127216,아시아케미칼(주),0.0003,0.0003,0.0002,0.0001,0.0002,0.0006,0.0002,0.0004,0.0003,0.0013,0.0985,0.0,-0.0001,-0.0001,0.0001,0.0004,-0.0004,0.0002,-0.0001,0.001,0.0972,69.44
1078160405,(주)다우스틸,0.0103,0.0327,0.0002,0.0105,0.0017,0.0034,0.0197,0.0005,0.0007,0.0375,0.0563,0.0224,-0.0325,0.0103,-0.0088,0.0017,0.0163,-0.0192,0.0002,0.0368,0.0188,69.37
2068653429,유원미트코리아,,,,,,,,0.0011,0.0987,0.0098,0.2682,,,,,,,,0.0976,-0.0889,0.2584,69.36
1198151480,일이삼철강(주),,,,,,,,0.002,0.0004,0.0004,0.4009,,,,,,,,-0.0016,0.0,0.4005,69.35
1068622816,(주)이엠텍아이엔씨,0.0011,0.001,0.0008,0.0004,0.0001,0.2085,0.0006,0.0006,0.4843,0.9246,0.6984,-0.0001,-0.0002,-0.0004,-0.0003,0.2084,-0.2079,0.0,0.4837,0.4403,-0.2262,69.29
6868601016,알엔티주식회사,,,,,,,0.0013,0.0002,0.0039,0.0014,0.2689,,,,,,,-0.0011,0.0037,-0.0025,0.2675,69.24
5028612501,한정보통신주식회사,,,,,,,0.0007,0.0373,0.5968,0.0247,0.2467,,,,,,,0.0366,0.5595,-0.5721,0.222,69.21
2068626408,(주)캠포에버코리아,0.0354,0.1502,0.0011,0.0191,0.4276,0.011,0.002,0.0018,0.0012,0.0104,0.1008,0.1148,-0.1491,0.018,0.4085,-0.4166,-0.009,-0.0002,-0.0006,0.0092,0.0904,69.15
3128626227,농업회사법인팜앤피아주식회사,,0.005,0.0036,0.1936,0.0833,0.1144,0.0155,0.0759,0.0505,0.0604,0.1875,,-0.0014,0.19,-0.1103,0.0311,-0.0989,0.0604,-0.0254,0.0099,0.1271,69.14
6218187351,신영건설산업(주),,,,,,,,0.0022,0.122,0.8605,0.6801,,,,,,,,0.1198,0.7385,-0.1804,69.12
4018157326,주식회사학메디칼,,,,,,,,0.0009,0.0001,0.0001,0.3384,,,,,,,,-0.0008,0.0,0.3383,69.12
2158103379,다농산업주식회사,0.0006,0.0009,0.0017,0.0005,0.001,0.0018,0.0004,0.3145,0.0004,0.0012,0.273,0.0003,0.0008,-0.0012,0.0005,0.0008,-0.0014,0.3141,-0.3141,0.0008,0.2718,69.03
1108184311,지오영네트웍스,0.0958,0.0495,0.0029,0.0031,0.0024,0.0016,0.0004,0.0098,0.0025,0.0385,0.1419,-0.0463,-0.0466,0.0002,-0.0007,-0.0008,-0.0012,0.0094,-0.0073,0.036,0.1034,69.01
1348197919,(주)오앤와이스틸,,,,,,0.0016,0.1041,0.0025,0.0008,0.0007,0.4343,,,,,,0.1025,-0.1016,-0.0017,-0.0001,0.4336,69.0
1058723051,(주)유파인메드,0.0,0.0001,0.0001,0.0,0.0001,0.0006,0.0002,0.0001,0.0002,0.0001,0.212,0.0001,0.0,-0.0001,0.0001,0.0005,-0.0004,-0.0001,0.0001,-0.0001,0.2119,68.98
2208147821,(주)그래디언트,0.0114,0.0005,0.0046,0.0317,0.3216,0.0146,0.2491,0.4954,0.1001,0.084,0.6581,-0.0109,0.0041,0.0271,0.2899,-0.307,0.2345,0.2463,-0.3953,-0.0161,0.5741,68.96
1308708532,(주)아이지비코퍼레이션,,,,,,0.0006,0.0004,0.0006,0.0003,0.0154,0.078,,,,,,-0.0002,0.0002,-0.0003,0.0151,0.0626,68.91
1058659834,주)지어신코리아,0.0007,0.0002,0.0003,0.0001,0.0144,0.0215,0.0012,0.011,0.0013,0.0002,0.5592,-0.0005,0.0001,-0.0002,0.0143,0.0071,-0.0203,0.0098,-0.0097,-0.0011,0.559,68.91
1078715163,일신그린철강주식회사,,,,0.0022,0.056,,,0.0015,0.0009,0.0095,0.0941,,,,0.0538,,,,-0.0006,0.0086,0.0846,68.84
2178102639,주식회사노일가스,0.1149,0.0989,0.7739,0.2458,0.0066,0.0447,0.0303,0.2874,0.729,0.6292,0.6309,-0.016,0.675,-0.5281,-0.2392,0.0381,-0.0144,0.2571,0.4416,-0.0998,0.0017,68.84
6098600612,동인철강,,,,,,,0.0012,0.0007,0.0036,0.0006,0.2565,,,,,,,-0.0005,0.0029,-0.003,0.2559,68.82
4188105597,주식회사제일철강,0.0319,0.0543,0.0011,0.0011,0.0002,0.0095,0.0242,0.0004,0.0142,0.676,0.6519,0.0224,-0.0532,0.0,-0.0009,0.0093,0.0147,-0.0238,0.0138,0.6618,-0.0241,68.79
3048102914,주식회사에이치앤케이홀딩스,0.0603,0.016,0.0083,0.0104,0.2235,0.0027,0.0213,0.093,0.0761,0.0119,0.6084,-0.0443,-0.0077,0.0021,0.2131,-0.2208,0.0186,0.0717,-0.0169,-0.0642,0.5965,68.71
1218179609,태인철강(주),0.0071,0.0081,0.0145,0.0054,0.0677,0.6385,0.7785,0.0029,0.0023,0.0015,0.4359,0.001,0.0064,-0.0091,0.0623,0.5708,0.14,-0.7756,-0.0006,-0.0008,0.4344,68.69
1268653031,우대에너지(주),,,,,,0.0027,0.0582,0.9407,0.0397,0.0708,0.1886,,,,,,0.0555,0.8825,-0.901,0.0311,0.1178,68.68
5028626441,대구철강주식회사,,,,,,0.0011,0.0004,0.0019,0.0003,0.0006,0.2291,,,,,,-0.0007,0.0015,-0.0016,0.0003,0.2285,68.62
1248100718,에스케이네트웍스(주),0.1594,0.0355,0.0441,0.0916,0.0905,0.3357,0.2607,0.4703,0.3279,0.182,0.6862,-0.1239,0.0086,0.0475,-0.0011,0.2452,-0.075,0.2096,-0.1424,-0.1459,0.5042,68.62
1388116922,(주)지은정보통신,,0.0057,0.0018,0.0024,0.0147,0.0402,0.0051,0.0036,0.0031,0.003,0.3375,,-0.0039,0.0006,0.0123,0.0255,-0.0351,-0.0015,-0.0005,-0.0001,0.3345,68.6
2638701407,주식회사동오네트웍스,,,,,,0.0032,0.0041,0.0807,0.0826,0.015,0.284,,,,,,0.0009,0.0766,0.0019,-0.0676,0.269,68.43
8398700205,가네마츠주식회사,,,,,,,0.0004,0.0002,0.531,0.0017,0.1987,,,,,,,-0.0002,0.5308,-0.5293,0.197,68.43
1348685228,(주)화신에스티,0.0014,0.0017,0.0005,0.002,0.0006,0.0012,0.0013,0.002,0.0014,0.0128,0.0841,0.0003,-0.0012,0.0015,-0.0014,0.0006,0.0001,0.0007,-0.0006,0.0114,0.0713,68.37
6028111374,인트라통상(주),,,,,,0.0008,0.0018,0.009,0.0012,0.0149,0.1299,,,,,,0.001,0.0072,-0.0078,0.0137,0.115,68.35
6068128936,주식회사원진인터내셔날,0.0383,0.0016,0.0013,0.0003,0.0018,0.0004,0.0001,0.0129,0.165,0.8297,0.6454,-0.0367,-0.0003,-0.001,0.0015,-0.0014,-0.0003,0.0128,0.1521,0.6647,-0.1843,68.3
5058131351,현대강업(주),0.0142,0.0004,0.0077,0.0338,0.1667,0.0256,0.0032,0.0006,0.0003,0.0132,0.071,-0.0138,0.0073,0.0261,0.1329,-0.1411,-0.0224,-0.0026,-0.0003,0.0129,0.0578,68.29
5828101344,주식회사태성상사,,,,,,,,0.0025,0.0933,0.7248,0.636,,,,,,,,0.0908,0.6315,-0.0888,68.28
2118149937,(주)한국산업양행,0.0031,0.0044,0.0032,0.0189,0.0017,0.0152,0.0023,0.0009,0.0003,0.0032,0.0948,0.0013,-0.0012,0.0157,-0.0172,0.0135,-0.0129,-0.0014,-0.0006,0.0029,0.0916,68.28
1388166285,(주)그린스토어,,,,,0.0002,0.0003,0.0002,0.0001,0.3162,0.7153,0.6342,,,,,0.0001,-0.0001,-0.0001,0.3161,0.3991,-0.0811,68.26
1388100532,미성통상(주),0.0009,0.0023,0.0018,0.0064,0.0011,0.0022,0.0006,0.0012,0.0022,0.0046,0.0423,0.0014,-0.0005,0.0046,-0.0053,0.0011,-0.0016,0.0006,0.001,0.0024,0.0377,68.23
2148687314,주식회사코세코리아,0.0001,0.0002,0.0003,0.0001,0.0001,0.0011,0.0006,0.0009,0.0005,0.0023,0.0883,0.0001,0.0001,-0.0002,0.0,0.001,-0.0005,0.0003,-0.0004,0.0018,0.086,68.16
1058161733,주식회사다림양행,0.4916,0.0006,0.0003,0.0001,0.0163,0.684,0.9289,0.0021,0.0006,0.0042,0.117,-0.491,-0.0003,-0.0002,0.0162,0.6677,0.2449,-0.9268,-0.0015,0.0036,0.1128,68.11
1318149645,주식회사씨맥,,,,,,,,0.001,0.0017,0.0279,0.0398,,,,,,,,0.0007,0.0262,0.0119,68.11
1068632236,(주)이에스메디케어,0.0014,0.0007,0.0003,0.0003,0.0003,0.0006,0.0004,0.0056,0.0023,0.0028,0.1958,-0.0007,-0.0004,0.0,0.0,0.0003,-0.0002,0.0052,-0.0033,0.0005,0.193,68.01
1198170736,(주)영산글로넷,0.0051,0.0022,0.0023,0.0012,0.002,0.0022,0.5224,0.8572,0.04,0.0579,0.1645,-0.0029,0.0001,-0.0011,0.0008,0.0002,0.5202,0.3348,-0.8172,0.0179,0.1066,67.99
2118638662,(주)씨이오인터내셔널,0.0,0.0001,0.0001,0.03,0.0197,0.0003,0.0003,0.0002,0.0001,0.0001,0.1718,0.0001,0.0,0.0299,-0.0103,-0.0194,0.0,-0.0001,-0.0001,0.0,0.1717,67.95
6068153702,(주)성진철강,0.0933,0.0103,0.0075,0.0036,0.0017,0.0037,0.0068,0.0049,0.0461,0.0233,0.2033,-0.083,-0.0028,-0.0039,-0.0019,0.002,0.0031,-0.0019,0.0412,-0.0228,0.18,67.91
1238614548,주식회사돈구라,,,,,0.0008,0.0007,0.0007,0.0002,0.6686,0.9517,0.6603,,,,,-0.0001,0.0,-0.0005,0.6684,0.2831,-0.2914,67.88
1198187523,(주)진도,0.0711,0.0031,0.0009,0.0003,0.0005,0.3324,0.5584,0.0013,0.0005,0.0011,0.1369,-0.068,-0.0022,-0.0006,0.0002,0.3319,0.226,-0.5571,-0.0008,0.0006,0.1358,67.87
8598100551,주식회사행복한식자재마트,,,,,,,,0.0025,0.0027,0.711,0.6767,,,,,,,,0.0002,0.7083,-0.0343,67.86
1238146235,(주)에이원스포츠,,,,0.0006,0.0002,0.0008,0.5305,0.0176,0.0269,0.7343,0.6499,,,,-0.0004,0.0006,0.5297,-0.5129,0.0093,0.7074,-0.0844,67.84
1218622299,주식회사청해수산,,,,,,0.0005,0.0001,0.0003,0.0005,0.0002,0.1928,,,,,,-0.0004,0.0002,0.0002,-0.0003,0.1926,67.79
1298135610,(주)플로우테크,,,,0.0006,0.0002,0.1239,0.0005,0.0001,0.0001,0.0008,0.063,,,,-0.0004,0.1237,-0.1234,-0.0004,0.0,0.0007,0.0622,67.76
1208163458,컬럼비아스포츠웨어코리아,,,,,,0.0003,0.0002,0.0002,0.0001,0.0331,0.0527,,,,,,-0.0001,0.0,-0.0001,0.033,0.0196,67.74
6138131083,(주)에이치에스세라믹,,,0.0003,0.0,0.0001,0.0004,0.0002,0.0002,0.0194,0.0402,0.0426,,,-0.0003,0.0001,0.0003,-0.0002,0.0,0.0192,0.0208,0.0024,67.73
2038155592,(주)한국모터트레이딩,,0.0004,0.0007,0.0005,0.0001,0.0006,0.0004,0.0003,0.0003,0.0007,0.0728,,0.0003,-0.0002,-0.0004,0.0005,-0.0002,-0.0001,0.0,0.0004,0.0721,67.73
5178101597,선인에너지주식회사,,,,,,,,0.0024,0.0002,0.0004,0.2223,,,,,,,,-0.0022,0.0002,0.2219,67.72
5858100330,주식회사한국유통마트,,,,,,,0.0005,0.0007,0.0061,0.0188,0.0312,,,,,,,0.0002,0.0054,0.0127,0.0124,67.7
1208115510,삼동흥산주식회사,0.2916,0.5194,0.0851,0.0215,0.0033,0.2659,0.1347,0.0857,0.1069,0.0973,0.235,0.2278,-0.4343,-0.0636,-0.0182,0.2626,-0.1312,-0.049,0.0212,-0.0096,0.1377,67.69
7778600399,(주)에스지프라자,,,0.0025,0.0105,0.1751,0.4137,0.2798,0.2765,0.473,0.2593,0.3196,,,0.008,0.1646,0.2386,-0.1339,-0.0033,0.1965,-0.2137,0.0603,67.68
1298627814,주식회사에이치모터스,,0.0033,0.3144,0.2509,0.0211,0.0358,0.0049,0.0029,0.001,0.0054,0.1055,,0.3111,-0.0635,-0.2298,0.0147,-0.0309,-0.002,-0.0019,0.0044,0.1001,67.64
5368800021,(주)골프존커머스,,0.0018,0.0006,0.002,0.1421,0.0026,0.0011,0.0011,0.0004,0.0006,0.1636,,-0.0012,0.0014,0.1401,-0.1395,-0.0015,0.0,-0.0007,0.0002,0.163,67.62
6168100411,삼남석유주식회사,0.0168,0.0028,0.0032,0.0018,0.0016,0.0045,0.0015,0.0113,0.0107,0.0378,0.0757,-0.014,0.0004,-0.0014,-0.0002,0.0029,-0.003,0.0098,-0.0006,0.0271,0.0379,67.56
1218131866,(주)한국물류,,,,0.0013,0.0103,0.5404,0.0009,0.1808,0.0089,0.2059,0.2116,,,,0.009,0.5301,-0.5395,0.1799,-0.1719,0.197,0.0057,67.54
1428148651,프레시원주식회사,0.0003,0.0746,0.0028,0.001,0.0002,0.0014,0.2648,0.0029,0.0003,0.0002,0.3796,0.0743,-0.0718,-0.0018,-0.0008,0.0012,0.2634,-0.2619,-0.0026,-0.0001,0.3794,67.53
6068613419,에스디티주식회사,0.0003,,0.0002,0.0002,0.0001,0.0007,0.0001,0.0002,0.0002,0.0002,0.1341,,,0.0,-0.0001,0.0006,-0.0006,0.0001,0.0,0.0,0.1339,67.46
7808700354,주식회사제이앤코슈,,,0.0002,0.0001,0.0005,0.0003,0.0001,0.1603,0.5289,0.3346,0.3584,,,-0.0001,0.0004,-0.0002,-0.0002,0.1602,0.3686,-0.1943,0.0238,67.43
6068701977,(주)아산마트오송점,,,,,,,,0.006,0.1367,0.0704,0.1951,,,,,,,,0.1307,-0.0663,0.1247,67.42
1058644651,신지글로벌(주),,,,,0.001,0.011,0.0038,0.0023,0.207,0.8037,0.5939,,,,,0.01,-0.0072,-0.0015,0.2047,0.5967,-0.2098,67.4
1018121379,(주)영진종합전자,0.0001,0.0002,0.0002,0.0001,0.0002,0.0006,0.0003,0.0002,0.0001,0.0021,0.0562,0.0001,0.0,-0.0001,0.0001,0.0004,-0.0003,-0.0001,-0.0001,0.002,0.0541,67.4
3548800701,주식회사진선팜,,,,,,0.0005,0.0023,0.0328,0.003,0.0174,0.1074,,,,,,0.0018,0.0305,-0.0298,0.0144,0.09,67.36
2158603938,주식회사씨피에프,0.0001,0.0001,0.0003,0.0002,0.0001,0.0159,0.0015,0.0007,0.0041,0.0046,0.0469,0.0,0.0002,-0.0001,-0.0001,0.0158,-0.0144,-0.0008,0.0034,0.0005,0.0423,67.33
1078616544,(주)선경DFS,0.0,0.0,0.0003,0.0033,0.0001,0.0002,0.0153,0.1167,0.0799,0.1159,0.1534,0.0,0.0003,0.003,-0.0032,0.0001,0.0151,0.1014,-0.0368,0.036,0.0375,67.33
1078130954,롯데역사주식회사,0.0003,0.0004,0.0006,0.0009,0.0003,0.0008,0.4436,0.8946,0.4025,0.2401,0.6621,0.0001,0.0002,0.0003,-0.0006,0.0005,0.4428,0.451,-0.4921,-0.1624,0.422,67.3
1268125447,(주)한성체리티,,,,,,0.0014,0.0009,0.7724,0.0555,0.9219,0.9153,,,,,,-0.0005,0.7715,-0.7169,0.8664,-0.0066,67.3
2038143363,(주)호텔신라,0.0008,0.0016,0.0111,0.0005,0.0004,0.0009,0.5354,0.016,0.0049,0.0033,0.4855,0.0008,0.0095,-0.0106,-0.0001,0.0005,0.5345,-0.5194,-0.0111,-0.0016,0.4822,67.3
1068143738,(주)아나로그월드,,,,,0.0005,0.0007,0.0002,0.0002,0.0001,0.0003,0.0909,,,,,0.0002,-0.0005,0.0,-0.0001,0.0002,0.0906,67.27
1408140463,주식회사무진유통,,,0.0009,0.0019,0.2145,0.2031,0.0085,0.0398,0.2203,0.1563,0.2309,,,0.001,0.2126,-0.0114,-0.1946,0.0313,0.1805,-0.064,0.0746,67.26
2208603911,(주)삼우에스앤티,,0.002,0.0557,0.857,0.038,0.0071,0.0005,0.001,0.0014,0.8746,0.6795,,0.0537,0.8013,-0.819,-0.0309,-0.0066,0.0005,0.0004,0.8732,-0.1951,67.26
6168137747,(주)두산종합건재,,,,,,,,0.0026,0.1464,0.9001,0.5847,,,,,,,,0.1438,0.7537,-0.3154,67.23
2158671590,유앤에스컴퍼니,,,,,,,,0.0018,0.0293,0.5663,0.5495,,,,,,,,0.0275,0.537,-0.0168,67.19
1168117881,(주)한석상사,0.0858,0.0005,0.0002,0.0003,0.0003,0.0038,0.0003,0.0003,0.0002,0.0749,0.0768,-0.0853,-0.0003,0.0001,0.0,0.0035,-0.0035,0.0,-0.0001,0.0747,0.0019,67.15
2208741611,헬름코리아(주),0.0003,0.0894,0.0173,0.0015,0.0003,0.0009,0.0003,0.0004,0.0001,0.0002,0.1408,0.0891,-0.0721,-0.0158,-0.0012,0.0006,-0.0006,0.0001,-0.0003,0.0001,0.1406,67.1
1268193590,농업회사법인델프리스(주),,,,,,,,0.0027,0.0584,0.6831,0.5824,,,,,,,,0.0557,0.6247,-0.1007,67.09
1308643207,(주)월드할인마트,,0.0039,0.0026,0.0017,0.0008,0.4542,0.0006,0.0007,0.0004,0.0008,0.0917,,-0.0013,-0.0009,-0.0009,0.4534,-0.4536,0.0001,-0.0003,0.0004,0.0909,67.06
4188132003,(주)호남지오영,0.2099,0.1778,0.0804,0.0749,0.0036,0.049,0.0159,0.2766,0.1226,0.0333,0.5733,-0.0321,-0.0974,-0.0055,-0.0713,0.0454,-0.0331,0.2607,-0.154,-0.0893,0.54,67.06
5078108889,주식회사울진유통농업회사법인,0.117,0.113,0.0003,0.0002,0.0003,0.0046,0.0186,0.0547,0.0015,0.1246,0.1393,-0.004,-0.1127,-0.0001,0.0001,0.0043,0.014,0.0361,-0.0532,0.1231,0.0147,67.03
6158195287,주식회사에이비씨,,,,,,,,0.0027,0.0421,0.0176,0.1695,,,,,,,,0.0394,-0.0245,0.1519,67.0
1308609849,주식회사리치바이오,,,,,,,,0.0022,0.0059,0.009,0.0284,,,,,,,,0.0037,0.0031,0.0194,66.99
1298661980,주식회사다음네트웍스,,,,,,,0.0017,0.001,0.0017,0.0006,0.1755,,,,,,,-0.0007,0.0007,-0.0011,0.1749,66.95
1318151097,제일스텐철강주식회사,0.0021,0.001,0.0027,0.0005,0.0009,0.0007,0.0003,0.0005,0.0003,0.001,0.0727,-0.0011,0.0017,-0.0022,0.0004,-0.0002,-0.0004,0.0002,-0.0002,0.0007,0.0717,66.95
3148622907,주식회사두드림,,,0.0001,0.0,0.0001,0.0002,0.0003,0.0001,0.0001,0.0027,0.0402,,,-0.0001,0.0001,0.0001,0.0001,-0.0002,0.0,0.0026,0.0375,66.89
1018657004,(주)앤드스타일,,,,,,,0.0004,0.0017,0.2977,0.1102,0.1936,,,,,,,0.0013,0.296,-0.1875,0.0834,66.88
5048146467,주식회사신기석유,,,,,,0.0015,0.0011,0.0041,0.0038,0.0015,0.3211,,,,,,-0.0004,0.003,-0.0003,-0.0023,0.3196,66.87
1308651691,용문철강주식회사,,,,,,,,0.0015,0.0002,0.0005,0.1507,,,,,,,,-0.0013,0.0003,0.1502,66.86
1018145255,(주)일월세미컴,0.0008,0.0006,0.0099,0.0014,0.0006,0.0018,0.0002,0.0004,0.0003,0.0002,0.1716,-0.0002,0.0093,-0.0085,-0.0008,0.0012,-0.0016,0.0002,-0.0001,-0.0001,0.1714,66.85
1088198374,주식회사복시약품,,,0.002,0.001,0.4723,0.0551,0.0084,0.2447,0.0044,0.0057,0.157,,,-0.001,0.4713,-0.4172,-0.0467,0.2363,-0.2403,0.0013,0.1513,66.85
1318143466,제일볼트앤로프(주),,,,,,,,0.0021,0.0065,0.0006,0.1703,,,,,,,,0.0044,-0.0059,0.1697,66.84
1168118745,(주)지에스리테일,0.0005,0.0008,0.0014,0.0005,0.0008,0.0018,0.0011,0.0009,0.0032,0.0047,0.0308,0.0003,0.0006,-0.0009,0.0003,0.001,-0.0007,-0.0002,0.0023,0.0015,0.0261,66.75
1348703975,큐엔씨육가공,,,,,0.0013,0.0032,0.0024,0.0049,0.2484,0.9478,0.5588,,,,,0.0019,-0.0008,0.0025,0.2435,0.6994,-0.389,66.72
1078157308,주식회사제니코,0.0004,0.0002,0.0009,0.0001,0.0082,0.2478,0.6931,0.3544,0.3014,0.0682,0.5662,-0.0002,0.0007,-0.0008,0.0081,0.2396,0.4453,-0.3387,-0.053,-0.2332,0.498,66.67
2208871785,주식회사컨셀렉션,,,,,,,0.0004,0.0004,0.0005,0.0051,0.0318,,,,,,,0.0,0.0001,0.0046,0.0267,66.66
8178700559,(주)한국인피니티공인금거래소,,,,,,0.0006,0.0002,0.0996,0.0023,0.0024,0.2652,,,,,,-0.0004,0.0994,-0.0973,0.0001,0.2628,66.64
2048189829,주식회사에이스파마,,,,,,,0.0008,0.0013,0.0011,0.0009,0.2125,,,,,,,0.0005,-0.0002,-0.0002,0.2116,66.61
1308135788,삼덕여과산업주식회사,0.0001,0.0002,0.0001,0.0,0.0001,0.0004,0.0004,0.0003,0.0002,0.0034,0.0428,0.0001,-0.0001,-0.0001,0.0001,0.0003,0.0,-0.0001,-0.0001,0.0032,0.0394,66.58
1208638385,주식회사재원인더스트리,0.0003,0.0013,0.0005,0.0004,0.0002,0.0011,0.0005,0.0004,0.0005,0.0009,0.0532,0.001,-0.0008,-0.0001,-0.0002,0.0009,-0.0006,-0.0001,0.0001,0.0004,0.0523,66.51
8938600804,산하한국주식회사,,,,,,,,0.0016,0.0003,0.0008,0.1186,,,,,,,,-0.0013,0.0005,0.1178,66.45
1208197604,에드워즈라이프사이언시스코리아주식회사,0.0004,0.0005,0.0003,0.0004,0.0002,0.0039,0.0006,0.0006,0.0002,0.0007,0.0817,0.0001,-0.0002,0.0001,-0.0002,0.0037,-0.0033,0.0,-0.0004,0.0005,0.081,66.45
1068189845,주식회사고우넷,0.0077,0.0014,0.0021,0.0023,0.0017,0.061,0.0012,0.0825,0.0012,0.0286,0.0914,-0.0063,0.0007,0.0002,-0.0006,0.0593,-0.0598,0.0813,-0.0813,0.0274,0.0628,66.44
1178178616,(주)제이엘피산전,,,,,,,0.0008,0.0005,0.0426,0.0112,0.1516,,,,,,,-0.0003,0.0421,-0.0314,0.1404,66.4
1058173938,주식회사하티켐,0.5019,0.8119,0.0305,0.0147,0.0471,0.0678,0.0019,0.0018,0.0008,0.0006,0.3002,0.31,-0.7814,-0.0158,0.0324,0.0207,-0.0659,-0.0001,-0.001,-0.0002,0.2996,66.39
2028114598,대원지업주식회사,0.0006,0.0091,0.0009,0.0436,0.4565,0.042,0.0007,0.0005,0.0009,0.0024,0.0323,0.0085,-0.0082,0.0427,0.4129,-0.4145,-0.0413,-0.0002,0.0004,0.0015,0.0299,66.36
4108659624,주식회사인동스틸,,,,,,,,0.002,0.0013,0.0014,0.1531,,,,,,,,-0.0007,0.0001,0.1517,66.35
4108657378,주식회사씨엔에프에스,,,,0.0011,0.0006,0.002,0.0004,0.0005,0.1421,0.6164,0.5278,,,,-0.0005,0.0014,-0.0016,0.0001,0.1416,0.4743,-0.0886,66.33
1108136013,천우기업(주),,,,,,,,0.0035,0.054,0.4875,0.474,,,,,,,,0.0505,0.4335,-0.0135,66.3
1188119740,(주)한국호넥스,,,,,0.0006,0.0021,0.0012,0.0038,0.001,0.0014,0.1389,,,,,0.0015,-0.0009,0.0026,-0.0028,0.0004,0.1375,66.24
2118621399,두일지엘주식회사,,0.0023,0.0135,0.0019,0.0039,0.0045,0.0029,0.0014,0.0003,0.0006,0.1233,,0.0112,-0.0116,0.002,0.0006,-0.0016,-0.0015,-0.0011,0.0003,0.1227,66.24
2088600928,주식회사노블바이오,,,,,,,0.0004,0.0001,0.2506,0.5218,0.4855,,,,,,,-0.0003,0.2505,0.2712,-0.0363,66.23
2068645254,(주)다원씨앤씨,,,,,,0.0003,0.0002,0.0001,0.0002,0.0001,0.1161,,,,,,-0.0001,-0.0001,0.0001,-0.0001,0.116,66.19
2068647816,(주)엠케이솔라,,,,,,,0.0009,0.1128,0.0124,0.0017,0.4817,,,,,,,0.1119,-0.1004,-0.0107,0.48,66.16
2158633562,주식회사한토건설,0.1505,0.0021,0.0006,0.0001,0.0003,0.0014,0.0037,0.7245,0.2742,0.0226,0.558,-0.1484,-0.0015,-0.0005,0.0002,0.0011,0.0023,0.7208,-0.4503,-0.2516,0.5354,66.16
7058100540,주식회사일조,,,,,,0.0007,0.0011,0.2426,0.9158,0.0226,0.1267,,,,,,0.0004,0.2415,0.6732,-0.8932,0.1041,66.14
1408101742,(주)성신에스티,0.0329,0.4957,0.0218,0.0268,0.0164,0.0219,,0.0596,0.0022,0.0165,0.0864,0.4628,-0.4739,0.005,-0.0104,0.0055,,,-0.0574,0.0143,0.0699,66.14
1098198455,주식회사진로우성물산,0.0276,0.028,0.0026,0.0026,0.0006,0.0012,0.0005,0.0004,0.0012,0.0099,0.0229,0.0004,-0.0254,0.0,-0.002,0.0006,-0.0007,-0.0001,0.0008,0.0087,0.013,66.14
1178100423,(주)충남철강,,,,,,0.0009,0.0769,0.0008,0.1299,0.8348,0.5312,,,,,,0.076,-0.0761,0.1291,0.7049,-0.3036,66.1
3128187520,(주)영원이앤티,,,,,,,0.0009,0.0049,0.0176,0.0225,0.0269,,,,,,,0.004,0.0127,0.0049,0.0044,66.09
1048626631,(주)켐원코퍼레이션,,,,,,,,0.0027,0.0869,0.824,0.5344,,,,,,,,0.0842,0.7371,-0.2896,66.05
5118117183,동림석유산업주식회사,,,,,,0.0013,0.0008,0.0028,0.0054,0.0117,0.0224,,,,,,-0.0005,0.002,0.0026,0.0063,0.0107,66.05
2878700874,주식회사알피오,,,,,,,0.0004,0.0002,0.1921,0.6315,0.5147,,,,,,,-0.0002,0.1919,0.4394,-0.1168,66.03
2048136642,씨에스유통(주),0.0001,0.0005,0.0007,0.0007,0.0092,0.4108,0.0087,0.0018,0.0261,0.012,0.1364,0.0004,0.0002,0.0,0.0085,0.4016,-0.4021,-0.0069,0.0243,-0.0141,0.1244,66.01
1058152554,(주)한국비철,0.002,0.6131,0.0149,0.0036,0.0021,0.0084,0.0025,0.0016,0.0015,0.0119,0.0338,0.6111,-0.5982,-0.0113,-0.0015,0.0063,-0.0059,-0.0009,-0.0001,0.0104,0.0219,66.01
6168110879,(주)청룡수산,0.2119,0.1062,0.0393,0.0083,0.0214,0.0254,0.0095,0.1366,0.5177,0.0419,0.1355,-0.1057,-0.0669,-0.031,0.0131,0.004,-0.0159,0.1271,0.3811,-0.4758,0.0936,65.96
1138112169,주식회사남전상공,0.0299,0.4224,0.0064,0.0138,0.0004,0.0032,0.0002,0.0002,0.0003,0.0017,0.0326,0.3925,-0.416,0.0074,-0.0134,0.0028,-0.003,0.0,0.0001,0.0014,0.0309,65.93
2098113983,(주)호일바이오메드,,,,,,,0.0003,0.0004,0.0003,0.0005,0.0695,,,,,,,0.0001,-0.0001,0.0002,0.069,65.87
4108640294,(주)E&T,0.3829,0.5014,0.4464,0.0095,0.001,0.0017,0.0019,0.0103,0.6364,0.0172,0.1162,0.1185,-0.055,-0.4369,-0.0085,0.0007,0.0002,0.0084,0.6261,-0.6192,0.099,65.86
1018155791,비멕스트레이딩(주),,,,,,0.002,0.0187,0.0015,0.0005,0.0008,0.1084,,,,,,0.0167,-0.0172,-0.001,0.0003,0.1076,65.85
1148662046,(주)오피스넥스,,,,,,,,0.0024,0.0002,0.0094,0.0698,,,,,,,,-0.0022,0.0092,0.0604,65.77
4378701764,주식회사로인스,,,,,,,0.001,0.0393,0.0032,0.0002,0.4272,,,,,,,0.0383,-0.0361,-0.003,0.427,65.71
5998701039,(주)한스타일인터내셔날,,,,,,,,0.002,0.146,0.9675,0.4893,,,,,,,,0.144,0.8215,-0.4782,65.7
1228160078,(주)한국커피물류,,,,0.0018,0.0008,0.0073,0.0069,0.0108,0.0027,0.0047,0.0881,,,,-0.001,0.0065,-0.0004,0.0039,-0.0081,0.002,0.0834,65.68
2118733529,주식회사니오,,,,,,,,0.0007,0.0013,0.0031,0.0235,,,,,,,,0.0006,0.0018,0.0204,65.62
1068659711,(주)래안텍,0.3817,0.3362,0.003,0.0023,0.0007,0.0014,0.0007,0.0007,0.0003,0.0002,0.1802,-0.0455,-0.3332,-0.0007,-0.0016,0.0007,-0.0007,0.0,-0.0004,-0.0001,0.18,65.62
6068158196,(주)오에스에너지,0.0088,0.0043,0.0038,0.0027,0.0028,0.1982,0.0253,0.0198,0.0004,0.0016,0.1005,-0.0045,-0.0005,-0.0011,0.0001,0.1954,-0.1729,-0.0055,-0.0194,0.0012,0.0989,65.58
6728801398,주식회사티지투,,,,,,,,0.0038,0.0003,0.0018,0.0844,,,,,,,,-0.0035,0.0015,0.0826,65.52
3058605199,주식회사편한세상,,,,,,,,0.001,0.0623,0.0012,0.1194,,,,,,,,0.0613,-0.0611,0.1182,65.52
1208794763,주식회사문원,,,,,,0.0011,0.001,0.0021,0.0024,0.0039,0.0251,,,,,,-0.0001,0.0011,0.0003,0.0015,0.0212,65.4
8658101759,피스티마크투(주),,,,,,,,0.0084,0.0329,0.8857,0.5171,,,,,,,,0.0245,0.8528,-0.3686,65.36
7118701959,(주)진영에너지,,,,,,,,0.0015,0.0005,0.0003,0.2508,,,,,,,,-0.001,-0.0002,0.2505,65.3
2678700152,주식회사메이크엠,,,,,,,,0.0006,0.0003,0.001,0.0569,,,,,,,,-0.0003,0.0007,0.0559,65.27
1288661478,주식회사에이엘티알,,,,,,,,0.0006,0.0001,0.0864,0.0873,,,,,,,,-0.0005,0.0863,0.0009,65.27
1068626923,주식회사에즈윈,,,,0.0003,0.0001,0.0005,0.0004,0.0004,0.3815,0.7606,0.4796,,,,-0.0002,0.0004,-0.0001,0.0,0.3811,0.3791,-0.281,65.23
2158195694,(주)에이원철강,,,0.001,0.0001,0.0001,0.0006,0.0003,0.0009,0.0012,0.0051,0.0208,,,-0.0009,0.0,0.0005,-0.0003,0.0006,0.0003,0.0039,0.0157,65.23
2018196582,(주)에이젯시스템,,,,0.0008,0.0002,0.0007,0.0004,0.0003,0.0002,0.0001,0.1204,,,,-0.0006,0.0005,-0.0003,-0.0001,-0.0001,-0.0001,0.1203,65.22
1168102786,대한주정판매주식회사,0.0688,0.0673,0.178,0.0567,0.0577,0.119,0.0895,0.0348,0.0772,0.067,0.1323,-0.0015,0.1107,-0.1213,0.001,0.0613,-0.0295,-0.0547,0.0424,-0.0102,0.0653,65.19
6078126038,우정약품주식회사,0.0289,0.0337,0.0028,0.0043,0.0325,0.689,0.0064,0.0016,0.0032,0.0046,0.0217,0.0048,-0.0309,0.0015,0.0282,0.6565,-0.6826,-0.0048,0.0016,0.0014,0.0171,65.17
1148177689,브랜탁코리아주식회사,,,,0.0005,0.0001,0.0002,0.0001,0.0001,0.0001,0.0117,0.0234,,,,-0.0004,0.0001,-0.0001,0.0,0.0,0.0116,0.0117,65.15
6158191073,(주)우진메탈,,,,,,0.0015,0.0036,0.0128,0.0038,0.0061,0.0788,,,,,,0.0021,0.0092,-0.009,0.0023,0.0727,65.14
1068608395,서울의약주식회사,,,,,,,,0.003,0.0039,0.0091,0.0196,,,,,,,,0.0009,0.0052,0.0105,65.12
1358645404,(주)씨앤씨유통,,,,0.0012,0.0004,0.0004,0.001,0.077,0.1882,0.0144,0.1121,,,,-0.0008,0.0,0.0006,0.076,0.1112,-0.1738,0.0977,65.09
6168155861,주식회사더그린하우스,,,,,,0.0028,0.0259,0.0122,0.054,0.7577,0.4809,,,,,,0.0231,-0.0137,0.0418,0.7037,-0.2768,65.02
1148623489,케이엘에이취인터내셔날(주),,,,,,0.001,0.0002,0.0003,0.0001,0.0004,0.06,,,,,,-0.0008,0.0001,-0.0002,0.0003,0.0596,65.01
1018801464,퀀텀리커주식회사,,,,,,,0.0007,0.0117,0.0592,0.0509,0.1153,,,,,,,0.011,0.0475,-0.0083,0.0644,64.96
1268603939,(주)더마트,,,,,,0.0011,0.0054,0.2129,0.0522,0.0154,0.4504,,,,,,0.0043,0.2075,-0.1607,-0.0368,0.435,64.94
3978801634,광신홀딩스(주),,,,,,,0.0005,0.0089,0.0078,0.0088,0.0709,,,,,,,0.0084,-0.0011,0.001,0.0621,64.88
2058127317,대흥코리아(주),0.0044,0.0936,0.0155,0.0371,0.0015,0.4605,0.0216,0.0151,0.0419,0.8582,0.4786,0.0892,-0.0781,0.0216,-0.0356,0.459,-0.4389,-0.0065,0.0268,0.8163,-0.3796,64.87
6068630140,동남철강주식회사,,,,,,,,0.0024,0.0023,0.0067,0.0266,,,,,,,,-0.0001,0.0044,0.0199,64.81
1148116585,(주)이원,0.1919,0.534,0.5753,0.069,0.218,0.0162,0.0757,0.6302,0.0015,0.0558,0.0814,0.3421,0.0413,-0.5063,0.149,-0.2018,0.0595,0.5545,-0.6287,0.0543,0.0256,64.77
8558801561,주식회사골드스타,,,,,,,0.0003,0.052,0.3845,0.0031,0.0905,,,,,,,0.0517,0.3325,-0.3814,0.0874,64.76
5048107917,부국철강,0.0013,0.0027,0.0031,0.0007,0.0016,0.0657,0.0038,0.0005,0.0003,0.0009,0.048,0.0014,0.0004,-0.0024,0.0009,0.0641,-0.0619,-0.0033,-0.0002,0.0006,0.0471,64.69
2648102810,(주)성우무역,,,,,,0.0004,0.0002,0.0006,0.2385,0.0027,0.0899,,,,,,-0.0002,0.0004,0.2379,-0.2358,0.0872,64.67
1298180435,한국신쇼주식회사,,,,,0.0014,0.0022,0.0033,0.0003,0.0013,0.0043,0.0176,,,,,0.0008,0.0011,-0.003,0.001,0.003,0.0133,64.67
1348686552,보우코리아주식회사,,,,,,,0.002,0.0074,0.1734,0.6615,0.4331,,,,,,,0.0054,0.166,0.4881,-0.2284,64.66
6158160959,주식회사대웅산업개발,,,,,,,,0.0034,0.0014,0.0044,0.0611,,,,,,,,-0.002,0.003,0.0567,64.64
2148109628,에이치엠아이아쎄로(주),,,,,,0.0018,0.0705,0.0094,0.0014,0.0006,0.3323,,,,,,0.0687,-0.0611,-0.008,-0.0008,0.3317,64.64
1388152710,(주)지엔팜,,,0.0005,0.0002,0.0002,0.0006,0.0004,0.0134,0.0326,0.6429,0.4727,,,-0.0003,0.0,0.0004,-0.0002,0.013,0.0192,0.6103,-0.1702,64.64
7738601800,주식회사영풍문고,,,,,,,0.0027,0.1489,0.0942,0.0078,0.4249,,,,,,,0.1462,-0.0547,-0.0864,0.4171,64.54
2158113294,수일통상주식회사,0.0003,0.0003,0.0007,0.0003,0.0002,0.0003,0.0003,0.0002,0.0058,0.0002,0.0964,0.0,0.0004,-0.0004,-0.0001,0.0001,0.0,-0.0001,0.0056,-0.0056,0.0962,64.52
4098179265,건해건설(주),,,,,,,0.001,0.0003,0.3546,0.0011,0.084,,,,,,,-0.0007,0.3543,-0.3535,0.0829,64.52
2118890056,주식회사알리엑스,,,,,,,,0.0007,0.1203,0.8415,0.4206,,,,,,,,0.1196,0.7212,-0.4209,64.5
1238148344,(주)지에스,,0.0032,0.0012,0.006,0.0128,0.3085,0.0102,0.0636,0.0013,0.0036,0.0737,,-0.002,0.0048,0.0068,0.2957,-0.2983,0.0534,-0.0623,0.0023,0.0701,64.44
1208106331,주식회사트라이씨클,0.109,0.8483,0.3871,0.029,0.0017,0.0045,0.0014,0.0004,0.0282,0.8992,0.4292,0.7393,-0.4612,-0.3581,-0.0273,0.0028,-0.0031,-0.001,0.0278,0.871,-0.47,64.19
6058700373,주식회사건원홀딩스,,,,,,,,0.0009,0.0003,0.0016,0.0462,,,,,,,,-0.0006,0.0013,0.0446,64.15
2208188574,주식회사이화에스엠피,0.0001,0.012,0.0002,0.0001,0.0002,0.0002,0.0003,0.0004,0.5994,0.864,0.4289,0.0119,-0.0118,-0.0001,0.0001,0.0,0.0001,0.0001,0.599,0.2646,-0.4351,64.1
2148189393,썬라이더코리아(주),0.0009,0.0013,0.0009,0.0012,0.0013,0.0017,0.0017,0.002,0.433,0.6623,0.4266,0.0004,-0.0004,0.0003,0.0001,0.0004,0.0,0.0003,0.431,0.2293,-0.2357,64.1
1888100196,주식회사중앙에프엔에스,,,,,,0.0012,0.0008,0.0014,0.0004,0.0013,0.0578,,,,,,-0.0004,0.0006,-0.001,0.0009,0.0565,64.08
1068652611,크록스코리아주식회사,0.0003,0.0001,0.0548,0.0068,0.0009,0.0004,0.0001,0.0554,0.0308,0.0327,0.0795,-0.0002,0.0547,-0.048,-0.0059,-0.0005,-0.0003,0.0553,-0.0246,0.0019,0.0468,64.08
1258181747,(주)명산,,,,,,,,0.003,0.001,0.0014,0.0796,,,,,,,,-0.002,0.0004,0.0782,64.07
7758700177,(주)코스타컴퍼니,,,0.001,0.1231,0.0336,0.2677,0.0203,0.044,0.0124,0.0123,0.2448,,,0.1221,-0.0895,0.2341,-0.2474,0.0237,-0.0316,-0.0001,0.2325,64.06
1058191014,(주)준영,0.003,0.0002,0.0005,0.001,0.0011,0.0015,0.0014,0.0381,0.0007,0.0042,0.0623,-0.0028,0.0003,0.0005,0.0001,0.0004,-0.0001,0.0367,-0.0374,0.0035,0.0581,64.04
1148701594,주식회사인이스홀딩스,,,,,,0.0025,0.0362,0.7074,0.0306,0.0316,0.1021,,,,,,0.0337,0.6712,-0.6768,0.001,0.0705,64.02
1208174917,(주)한국윈텍,0.0024,0.0019,0.0012,0.0016,0.2444,0.7603,0.0039,0.0419,0.0048,0.0051,0.1033,-0.0005,-0.0007,0.0004,0.2428,0.5159,-0.7564,0.038,-0.0371,0.0003,0.0982,63.97
1208735973,주식회사폴맥,,0.0012,0.0002,0.0071,0.0067,0.0851,0.0032,0.0005,0.0004,0.0001,0.1076,,-0.001,0.0069,-0.0004,0.0784,-0.0819,-0.0027,-0.0001,-0.0003,0.1075,63.9
1128153075,(주)대교씨엔에스,0.0416,0.1996,0.3136,0.0002,0.0001,0.0005,0.0005,0.0013,0.2744,0.7383,0.3892,0.158,0.114,-0.3134,-0.0001,0.0004,0.0,0.0008,0.2731,0.4639,-0.3491,63.89
2298111975,(주)신기사,0.0006,0.0002,0.0017,0.0178,0.0026,0.0007,0.0109,0.032,0.0432,0.0319,0.0948,-0.0004,0.0015,0.0161,-0.0152,-0.0019,0.0102,0.0211,0.0112,-0.0113,0.0629,63.85
3038169606,경동팜(주),,,,0.0014,0.0014,,0.0247,0.0721,0.1892,0.4624,0.3869,,,,0.0,,,0.0474,0.1171,0.2732,-0.0755,63.83
5048602843,주식회사삼정,,,,,0.0002,0.0002,0.0001,0.0005,0.005,0.0004,0.0828,,,,,0.0,-0.0001,0.0004,0.0045,-0.0046,0.0824,63.81
1348627422,동신기업주식회사,0.0005,0.0011,0.0045,0.0023,0.0028,0.0138,0.5474,0.0464,0.0032,0.0008,0.326,0.0006,0.0034,-0.0022,0.0005,0.011,0.5336,-0.501,-0.0432,-0.0024,0.3252,63.79
3058133744,엔비엠주식회사,,,,,,0.0004,0.0002,0.0001,0.0014,0.0002,0.0818,,,,,,-0.0002,-0.0001,0.0013,-0.0012,0.0816,63.77
1288637793,주식회사오륙,,,,,,,,0.0032,0.1157,0.0131,0.0799,,,,,,,,0.1125,-0.1026,0.0668,63.76
1138116942,(주)대현상공,0.0015,0.0002,0.0004,0.0002,0.0002,0.0008,0.0008,0.0004,0.0007,0.0007,0.0509,-0.0013,0.0002,-0.0002,0.0,0.0006,0.0,-0.0004,0.0003,0.0,0.0502,63.72
2208645736,주식회사다담아이엔씨,,,,,,,,0.0016,0.0002,0.0176,0.0392,,,,,,,,-0.0014,0.0174,0.0216,63.71
1078685755,동일에스티(주),,,,,0.0017,0.0139,0.0027,0.003,0.0022,0.0065,0.0373,,,,,0.0122,-0.0112,0.0003,-0.0008,0.0043,0.0308,63.7
1148671787,(주)엠아이커피,,,0.001,0.0011,0.3478,0.0176,0.0027,0.0013,0.0016,0.0019,0.0251,,,0.0001,0.3467,-0.3302,-0.0149,-0.0014,0.0003,0.0003,0.0232,63.69
3058188555,제이에너지주식회사,,,,,,0.0014,0.0011,0.0051,0.6291,0.6953,0.4682,,,,,,-0.0003,0.004,0.624,0.0662,-0.2271,63.61
6068609079,주식회사한국에스티에스,,,,,,,,0.0026,0.0005,0.0015,0.0594,,,,,,,,-0.0021,0.001,0.0579,63.56
2048130987,원진약품주식회사,,,,,0.0018,0.0004,0.0005,0.0008,0.0005,0.0096,0.0242,,,,,-0.0014,0.0001,0.0003,-0.0003,0.0091,0.0146,63.53
3448800247,애니스틸주식회사,,,,,,,,0.0026,0.0006,0.0007,0.1009,,,,,,,,-0.002,0.0001,0.1002,63.52
3128104553,(주)아라리오,0.6454,0.783,0.0469,0.0141,0.0279,0.0151,0.0312,0.0178,0.0288,0.0197,0.0835,0.1376,-0.7361,-0.0328,0.0138,-0.0128,0.0161,-0.0134,0.011,-0.0091,0.0638,63.5
1148163598,주식회사지화이브,0.0279,0.0059,0.7335,0.0081,0.363,0.0074,0.0022,0.0069,0.0016,0.0056,0.0512,-0.022,0.7276,-0.7254,0.3549,-0.3556,-0.0052,0.0047,-0.0053,0.004,0.0456,63.46
1178180086,(주)벨라모다,,,,,,0.0004,0.0001,0.0002,0.0002,0.0002,0.0559,,,,,,-0.0003,0.0001,0.0,0.0,0.0557,63.42
2208143387,(주)글로벌텔레콤,0.0003,0.0002,0.0004,0.0001,0.0011,0.0011,0.0005,0.0003,0.0004,0.0002,0.0708,-0.0001,0.0002,-0.0003,0.001,0.0,-0.0006,-0.0002,0.0001,-0.0002,0.0706,63.4
2118108071,(주)정원엔시스,0.0009,0.0006,0.0013,0.0011,0.0006,0.0038,0.0064,0.0562,0.1863,0.0032,0.0729,-0.0003,0.0007,-0.0002,-0.0005,0.0032,0.0026,0.0498,0.1301,-0.1831,0.0697,63.36
2208781933,주식회사암텍,,,0.0011,0.0004,0.002,0.0007,0.0021,0.003,0.2796,0.0267,0.0787,,,-0.0007,0.0016,-0.0013,0.0014,0.0009,0.2766,-0.2529,0.052,63.33
2178119367,플러스에이치포주식회사,,0.0013,0.0032,0.0404,0.064,0.2695,0.0059,0.0088,0.0345,0.6365,0.3832,,0.0019,0.0372,0.0236,0.2055,-0.2636,0.0029,0.0257,0.602,-0.2533,63.3
2208625972,제이돔주식회사,,,,,,,,0.0026,0.0784,0.7952,0.3443,,,,,,,,0.0758,0.7168,-0.4509,63.25
1268638272,(주)하이플렉스,0.9406,0.1164,0.2258,0.6106,0.0024,0.0293,0.0052,0.0034,0.0648,0.024,0.0791,-0.8242,0.1094,0.3848,-0.6082,0.0269,-0.0241,-0.0018,0.0614,-0.0408,0.0551,63.24
1378614076,주식회사이지엠에스케이마트,,,0.0025,0.0032,0.012,0.0079,0.0015,0.001,0.0019,0.0024,0.0184,,,0.0007,0.0088,-0.0041,-0.0064,-0.0005,0.0009,0.0005,0.016,63.23
2068639825,와이케이지,,,,,,0.0013,0.0003,0.0004,0.0001,0.0,0.0963,,,,,,-0.001,0.0001,-0.0003,-0.0001,0.0963,63.22
6078117053,(주)한창,0.0038,0.5422,0.2444,0.0005,0.002,0.2112,0.701,0.9076,0.7438,0.8955,0.8645,0.5384,-0.2978,-0.2439,0.0015,0.2092,0.4898,0.2066,-0.1638,0.1517,-0.031,63.22
1058194229,한성유엔씨(주),0.0005,0.0009,0.0029,0.0016,0.0009,0.0024,0.0146,0.0005,0.0004,0.0015,0.0225,0.0004,0.002,-0.0013,-0.0007,0.0015,0.0122,-0.0141,-0.0001,0.0011,0.021,63.21
6068110149,대남철강(주),0.7581,0.9259,0.0739,,,0.2236,0.3202,0.0888,0.013,0.0199,0.0558,0.1678,-0.852,,,,0.0966,-0.2314,-0.0758,0.0069,0.0359,63.18
1388162431,(주)공감네트웍스,,,,,,,0.0007,0.0003,0.0002,0.0001,0.0742,,,,,,,-0.0004,-0.0001,-0.0001,0.0741,63.12
1138149948,(주)에이치케이텍,,,,,0.0005,0.0204,0.0003,0.0004,0.0002,0.0011,0.0273,,,,,0.0199,-0.0201,0.0001,-0.0002,0.0009,0.0262,63.11
1208742979,주식회사진명스틸,,,,,,,,0.0025,0.0006,0.0005,0.1574,,,,,,,,-0.0019,-0.0001,0.1569,63.1
2118617288,마르포스(주),0.0001,0.0002,0.0002,0.0001,0.0001,0.0002,0.0002,0.0608,0.2124,0.0272,0.0787,0.0001,0.0,-0.0001,0.0,0.0001,0.0,0.0606,0.1516,-0.1852,0.0515,63.1
6048124860,새한종합연료(주),,,,,,0.0008,0.0002,0.0007,0.0003,0.0005,0.0533,,,,,,-0.0006,0.0005,-0.0004,0.0002,0.0528,63.1
1148606122,(주)포탈하이웨이,0.0012,0.0003,0.0006,0.0004,0.0001,0.0012,0.0005,0.001,0.0007,0.0009,0.0485,-0.0009,0.0003,-0.0002,-0.0003,0.0011,-0.0007,0.0005,-0.0003,0.0002,0.0476,62.99
8618600132,주식회사유성강업,,,,0.0015,0.0001,0.0005,0.0002,0.0013,0.0018,0.0003,0.0759,,,,-0.0014,0.0004,-0.0003,0.0011,0.0005,-0.0015,0.0756,62.96
1378102589,(주)미주실업,,,,,,,,0.0018,0.0001,0.0002,0.0841,,,,,,,,-0.0017,0.0001,0.0839,62.84
1048639664,농협경제지주주식회사,0.0007,0.0007,0.0086,0.153,0.3726,0.3395,0.1041,0.4265,0.3414,0.8322,0.777,0.0,0.0079,0.1444,0.2196,-0.0331,-0.2354,0.3224,-0.0851,0.4908,-0.0552,62.83
6038134711,(주)디에이스틸,,,,,,,,0.0013,0.0001,0.0018,0.0391,,,,,,,,-0.0012,0.0017,0.0373,62.82
1208770489,(주)새안글로벌,,,,,0.0006,0.0102,0.0042,0.0151,0.0027,0.0016,0.256,,,,,0.0096,-0.006,0.0109,-0.0124,-0.0011,0.2544,62.79
2618117333,텐텍(주),,,,,,,,0.0048,0.0002,0.7808,0.6986,,,,,,,,-0.0046,0.7806,-0.0822,62.73
6128150170,퀸즈리테일주식회사,,,,,,,,0.0032,0.0076,0.0031,0.0682,,,,,,,,0.0044,-0.0045,0.0651,62.71
1078133214,주식회사동원아이팜,0.0004,0.0031,0.002,0.0016,0.0007,0.0036,0.0005,0.0009,0.001,0.0009,0.0554,0.0027,-0.0011,-0.0004,-0.0009,0.0029,-0.0031,0.0004,0.0001,-0.0001,0.0545,62.71
2208634919,(주)사이넥스,,0.0034,0.0031,0.0651,0.0005,0.0009,0.0002,0.0003,0.0001,0.0002,0.0494,,-0.0003,0.062,-0.0646,0.0004,-0.0007,0.0001,-0.0002,0.0001,0.0492,62.69
6038133861,만흥철강주식회사,0.0004,0.0001,0.0001,0.0001,0.0002,0.1237,0.0006,0.0001,0.0009,0.0005,0.0601,-0.0003,0.0,0.0,0.0001,0.1235,-0.1231,-0.0005,0.0008,-0.0004,0.0596,62.69
1358103904,(주)건종,,,0.0002,0.0001,0.0001,0.0012,0.0005,0.0002,0.0001,0.0007,0.0229,,,-0.0001,0.0,0.0011,-0.0007,-0.0003,-0.0001,0.0006,0.0222,62.68
1388182363,(주)조은생약,,,0.0008,0.0004,0.0013,0.0012,0.0005,0.0004,0.0009,0.0013,0.0176,,,-0.0004,0.0009,-0.0001,-0.0007,-0.0001,0.0005,0.0004,0.0163,62.67
5058143158,주식회사성호철강,,,,,,0.0016,0.0009,0.0037,0.0041,0.5306,0.4131,,,,,,-0.0007,0.0028,0.0004,0.5265,-0.1175,62.66
1068668563,주식회사케이원정보,,,,,,0.0003,0.0001,0.0001,0.0002,0.0049,0.012,,,,,,-0.0002,0.0,0.0001,0.0047,0.0071,62.6
1068623474,(주)디지탈지앤티,,,,,,,,0.0024,0.0001,0.0003,0.0716,,,,,,,,-0.0023,0.0002,0.0713,62.58
2118633430,주식회사인텍앤컴퍼니,0.0189,0.0002,0.0029,0.0005,0.0006,0.0012,0.0002,0.0001,0.41,0.6195,0.325,-0.0187,0.0027,-0.0024,0.0001,0.0006,-0.001,-0.0001,0.4099,0.2095,-0.2945,62.58
2118692744,와인앤푸드(주),,,,,,,,0.001,0.0054,0.0115,0.0129,,,,,,,,0.0044,0.0061,0.0014,62.55
5918701694,주식회사엘포어스,,,,,,,0.0013,0.0008,0.0089,0.0087,0.0459,,,,,,,-0.0005,0.0081,-0.0002,0.0372,62.53
1218169756,(주)유원,0.0023,0.0078,0.028,0.0978,0.0026,0.6381,0.1622,0.0004,0.2227,0.0028,0.0586,0.0055,0.0202,0.0698,-0.0952,0.6355,-0.4759,-0.1618,0.2223,-0.2199,0.0558,62.5
3128623652,대전밝은미래(주),0.0446,0.0144,0.0122,0.0659,0.0351,0.0071,0.0177,0.0531,0.0228,0.0414,0.0517,-0.0302,-0.0022,0.0537,-0.0308,-0.028,0.0106,0.0354,-0.0303,0.0186,0.0103,62.48
6628601932,주식회사에이치비에프앤비,,,,,,,0.0037,0.0128,0.0005,0.0016,0.0533,,,,,,,0.0091,-0.0123,0.0011,0.0517,62.41
1328166327,일등라이스주식회사,0.0007,0.0001,0.0005,0.0004,0.0016,0.0022,0.0007,0.0015,0.0006,0.0038,0.0277,-0.0006,0.0004,-0.0001,0.0012,0.0006,-0.0015,0.0008,-0.0009,0.0032,0.0239,62.38
1218176636,(주)나산팀버,,0.0027,0.0014,0.0029,0.001,0.0035,0.0014,0.0024,0.005,0.006,0.0124,,-0.0013,0.0015,-0.0019,0.0025,-0.0021,0.001,0.0026,0.001,0.0064,62.35
2048623235,(주)에이엠컴퍼니,0.0034,0.0033,0.0597,0.0169,0.0033,0.0033,0.0013,0.0277,0.0016,0.0077,0.04,-0.0001,0.0564,-0.0428,-0.0136,0.0,-0.002,0.0264,-0.0261,0.0061,0.0323,62.32
2048121585,한신약품(주),0.0007,0.0007,0.001,0.0003,0.0001,0.0006,0.0004,0.0011,0.0008,0.0012,0.0327,0.0,0.0003,-0.0007,-0.0002,0.0005,-0.0002,0.0007,-0.0003,0.0004,0.0315,62.3
1058107990,(주)한영수퍼체인,,,,0.0021,0.0025,0.0363,0.0023,0.0596,0.0622,0.0093,0.0758,,,,0.0004,0.0338,-0.034,0.0573,0.0026,-0.0529,0.0665,62.3
4388100499,주식회사한국연구개발원,,,,,,,,0.001,0.0058,0.0072,0.0116,,,,,,,,0.0048,0.0014,0.0044,62.29
1378113219,(주)대경유업,,,,,,0.0005,0.0004,0.0012,0.0007,0.0004,0.1127,,,,,,-0.0001,0.0008,-0.0005,-0.0003,0.1123,62.27
1358184023,(주)쎄븐푸드,,,,,,0.0006,0.0354,0.0193,0.3869,0.4535,0.343,,,,,,0.0348,-0.0161,0.3676,0.0666,-0.1105,62.24
1208185243,(주)메이븐에프씨,,,,,0.0011,0.0014,0.1083,0.0865,0.0005,0.0018,0.0539,,,,,0.0003,0.1069,-0.0218,-0.086,0.0013,0.0521,62.2
5348700407,(주)동북엘앤알,,,,,0.0009,0.0012,0.0024,0.0023,0.002,0.0006,0.1207,,,,,0.0003,0.0012,-0.0001,-0.0003,-0.0014,0.1201,62.2
1148622554,제이큐브데이터(주),,,,,,,0.0008,0.0011,0.2316,0.0185,0.0591,,,,,,,0.0003,0.2305,-0.2131,0.0406,62.17
1068684281,(주)일이테크,,,,,,,0.0007,0.0002,0.0003,0.0013,0.0133,,,,,,,-0.0005,0.0001,0.001,0.012,62.11
5038111500,주식회사에이치씨대하에너지,0.2948,0.8029,0.0053,0.0011,0.0024,0.0047,0.0016,0.0027,0.0017,0.0018,0.0637,0.5081,-0.7976,-0.0042,0.0013,0.0023,-0.0031,0.0011,-0.001,0.0001,0.0619,62.06
1148166275,주식회사비엔에프통상,0.0006,0.0006,0.0003,0.0002,0.0001,0.0002,0.0001,0.0001,0.0002,0.0019,0.0117,0.0,-0.0003,-0.0001,-0.0001,0.0001,-0.0001,0.0,0.0001,0.0017,0.0098,62.05
6108111429,진산선무(주),0.1972,0.0009,0.001,0.0597,0.0049,0.5111,0.0379,0.1861,0.0353,0.0005,0.2946,-0.1963,0.0001,0.0587,-0.0548,0.5062,-0.4732,0.1482,-0.1508,-0.0348,0.2941,62.04
1388171492,아이탑스오토모티브(주),,,,0.0012,0.0012,0.6781,0.771,0.3257,0.0004,0.0016,0.0557,,,,0.0,0.6769,0.0929,-0.4453,-0.3253,0.0012,0.0541,61.94
1348127602,(주)케이피티유,0.3868,0.0562,0.1459,0.0018,0.0319,0.3888,0.1308,0.298,0.0831,0.6846,0.6716,-0.3306,0.0897,-0.1441,0.0301,0.3569,-0.258,0.1672,-0.2149,0.6015,-0.013,61.93
3308600322,주식회사태민철강,,,,,,0.0006,0.0005,0.0017,0.0002,0.0003,0.0694,,,,,,-0.0001,0.0012,-0.0015,0.0001,0.0691,61.91
2148718866,주식회사켐온,0.0509,0.0013,,,,0.0069,0.3002,0.1599,0.1816,0.3043,0.284,-0.0496,,,,,0.2933,-0.1403,0.0217,0.1227,-0.0203,61.9
5048618632,(주)넥스트제네레이션,,,,,,,,0.0014,0.0004,0.567,0.5537,,,,,,,,-0.001,0.5666,-0.0133,61.85
5278800857,주식회사동양이룸이에스,,,,,,0.0008,0.0087,0.0631,0.226,0.319,0.269,,,,,,0.0079,0.0544,0.1629,0.093,-0.05,61.84
1048620016,피에스앤마케팅주식회사,0.1659,0.2424,0.104,0.1454,0.0573,0.0499,0.1223,0.4293,0.277,0.2,0.3763,0.0765,-0.1384,0.0414,-0.0881,-0.0074,0.0724,0.307,-0.1523,-0.077,0.1763,61.82
1098610925,주식회사현진홀딩스,,,,0.0007,0.0002,0.0141,0.0009,0.0068,0.4255,0.0082,0.05,,,,-0.0005,0.0139,-0.0132,0.0059,0.4187,-0.4173,0.0418,61.81
4028603809,(주)육육걸즈,,,0.0004,0.0001,0.0001,0.0002,0.0002,0.1236,0.2425,0.2927,0.2747,,,-0.0003,0.0,0.0001,0.0,0.1234,0.1189,0.0502,-0.018,61.78
2078151604,주식회사투바,,,,,,0.0016,0.0006,0.0308,0.1114,0.7777,0.2529,,,,,,-0.001,0.0302,0.0806,0.6663,-0.5248,61.77
1138134222,주식회사아이피피,0.0012,0.0003,0.0044,0.0312,0.0066,0.0645,0.0721,0.0641,0.5432,0.6735,0.3062,-0.0009,0.0041,0.0268,-0.0246,0.0579,0.0076,-0.008,0.4791,0.1303,-0.3673,61.76
1198681766,주식회사에스튜글로트레이드,,,,,,,,0.0008,0.056,0.652,0.2609,,,,,,,,0.0552,0.596,-0.3911,61.75
1328152196,(주)삼우실업,,,0.0024,0.0013,0.0021,0.0047,0.0008,0.0004,0.0004,0.0011,0.0148,,,-0.0011,0.0008,0.0026,-0.0039,-0.0004,0.0,0.0007,0.0137,61.74
1348657630,현대지게차경인판매(주),,,0.0017,0.0056,0.0016,0.0148,0.3025,0.0736,0.0043,0.0141,0.0365,,,0.0039,-0.004,0.0132,0.2877,-0.2289,-0.0693,0.0098,0.0224,61.66
1088605341,엠에스에스펄프주식회사,0.0009,0.0002,0.0006,0.0007,0.0002,0.0007,0.0005,0.0005,0.0005,0.005,0.011,-0.0007,0.0004,0.0001,-0.0005,0.0005,-0.0002,0.0,0.0,0.0045,0.006,61.6
1088156127,(주)E-유로,,0.0024,0.0001,0.0001,0.0001,0.0077,0.0267,0.0261,0.0247,0.017,0.1813,,-0.0023,0.0,0.0,0.0076,0.019,-0.0006,-0.0014,-0.0077,0.1643,61.58
1208185660,(주)정금강업,0.0003,0.0006,0.0007,0.0004,0.0573,0.0539,0.0005,0.0006,0.0005,0.0003,0.0607,0.0003,0.0001,-0.0003,0.0569,-0.0034,-0.0534,0.0001,-0.0001,-0.0002,0.0604,61.57
5148144485,중앙모터스주식회사,0.0004,0.0002,0.0001,0.0002,0.0002,0.0005,0.0006,0.0004,0.0002,0.0001,0.0618,-0.0002,-0.0001,0.0001,0.0,0.0003,0.0001,-0.0002,-0.0002,-0.0001,0.0617,61.57
2078155589,보덕메디팜(주),0.0062,0.0023,0.0025,0.0009,0.0017,0.0064,0.0024,0.0136,0.0243,0.021,0.0562,-0.0039,0.0002,-0.0016,0.0008,0.0047,-0.004,0.0112,0.0107,-0.0033,0.0352,61.55
7928600267,주식회사피에프디,,,,0.0047,0.0302,0.1423,0.1168,0.963,0.0088,0.0001,0.2711,,,,0.0255,0.1121,-0.0255,0.8462,-0.9542,-0.0087,0.271,61.5
1088162221,(주)세종넷피아,0.0041,0.5239,0.0243,0.0044,0.4733,0.0408,0.0587,0.0538,0.0043,0.019,0.0338,0.5198,-0.4996,-0.0199,0.4689,-0.4325,0.0179,-0.0049,-0.0495,0.0147,0.0148,61.47
2118694742,케어캠프(주),0.0501,0.0927,0.0128,0.0179,0.0254,0.0086,0.0063,0.0024,0.0131,0.0119,0.0491,0.0426,-0.0799,0.0051,0.0075,-0.0168,-0.0023,-0.0039,0.0107,-0.0012,0.0372,61.44
2048647969,바이오파크진단주식회사,,,,,,,,0.001,0.0001,0.0001,0.0715,,,,,,,,-0.0009,0.0,0.0714,61.44
1388132053,마이크로닉주식회사,0.0499,0.0037,0.0032,0.0628,0.0216,0.003,0.0002,0.0004,0.0022,0.0004,0.0522,-0.0462,-0.0005,0.0596,-0.0412,-0.0186,-0.0028,0.0002,0.0018,-0.0018,0.0518,61.35
1068150277,한국피셔과학주식회사,0.0001,0.0007,0.0106,0.0022,0.0004,0.0022,0.0004,0.0007,0.0006,0.0005,0.0532,0.0006,0.0099,-0.0084,-0.0018,0.0018,-0.0018,0.0003,-0.0001,-0.0001,0.0527,61.34
1188101920,백광의약품(주),0.0173,0.2625,0.0046,0.0014,0.0126,0.0048,0.0026,0.0239,0.0081,0.0139,0.0331,0.2452,-0.2579,-0.0032,0.0112,-0.0078,-0.0022,0.0213,-0.0158,0.0058,0.0192,61.33
4108174289,중앙약품,0.0061,0.0009,0.0006,0.0003,0.0,0.0001,0.0001,0.0,0.0751,0.0337,0.0568,-0.0052,-0.0003,-0.0003,-0.0003,0.0001,0.0,-0.0001,0.0751,-0.0414,0.0231,61.31
1418136619,주식회사클레마랑,,,,,0.0006,0.001,0.0008,0.1344,0.0064,0.0021,0.2296,,,,,0.0004,-0.0002,0.1336,-0.128,-0.0043,0.2275,61.28
3038120414,(주)성은,0.0001,0.0003,0.0002,0.0002,0.0002,0.0004,0.0003,0.0006,0.0193,0.0012,0.0494,0.0002,-0.0001,0.0,0.0,0.0002,-0.0001,0.0003,0.0187,-0.0181,0.0482,61.23
1428108829,(주)명신에프엔에스,0.0006,0.0003,,,,0.0002,0.0002,0.0002,0.0002,0.0003,0.0227,-0.0003,,,,,0.0,0.0,0.0,0.0001,0.0224,61.22
1198110835,(주)한성볼트,0.0001,0.0004,0.0007,0.0004,0.1557,0.0006,0.0004,0.0004,0.0216,0.372,0.2452,0.0003,0.0003,-0.0003,0.1553,-0.1551,-0.0002,0.0,0.0212,0.3504,-0.1268,61.16
6068146346,주식회사아남약품,0.0007,0.0338,0.0012,0.1708,0.0012,0.0031,0.0353,0.0009,0.2095,0.6984,0.1953,0.0331,-0.0326,0.1696,-0.1696,0.0019,0.0322,-0.0344,0.2086,0.4889,-0.5031,61.14
1428106966,주식회사디비에스브릿지스틸,,,,,,,,0.0013,0.0042,0.7344,0.2644,,,,,,,,0.0029,0.7302,-0.47,61.11
3128117683,삼우에레코(주),0.0011,0.0004,0.0002,0.0005,0.0005,0.0007,0.0001,0.0003,0.0002,0.0002,0.0379,-0.0007,-0.0002,0.0003,0.0,0.0002,-0.0006,0.0002,-0.0001,0.0,0.0377,61.11
1138185911,홍진테크주식회사,,,,,,,0.0008,0.0004,0.0688,0.0003,0.044,,,,,,,-0.0004,0.0684,-0.0685,0.0437,61.08
1208185049,(주)오피스디포코리아,0.0003,0.0001,0.0002,0.0001,0.0002,0.0004,0.0004,0.0027,0.0003,0.0004,0.0618,-0.0002,0.0001,-0.0001,0.0001,0.0002,0.0,0.0023,-0.0024,0.0001,0.0614,61.06
1238153852,세계로케미칼(주),0.1698,0.0638,0.0895,0.6979,0.0038,0.0329,0.3813,0.0035,0.0016,0.0036,0.0262,-0.106,0.0257,0.6084,-0.6941,0.0291,0.3484,-0.3778,-0.0019,0.002,0.0226,61.04
1168148972,무진전자주식회사,0.0005,0.0004,0.0004,0.0004,0.0002,0.0013,0.0129,0.0009,0.1999,0.0586,0.0677,-0.0001,0.0,0.0,-0.0002,0.0011,0.0116,-0.012,0.199,-0.1413,0.0091,61.02
1068153274,(주)아성코리아,0.2207,0.012,0.4106,0.0082,0.0257,0.0008,0.1602,0.0006,0.3102,0.0077,0.0416,-0.2087,0.3986,-0.4024,0.0175,-0.0249,0.1594,-0.1596,0.3096,-0.3025,0.0339,60.97
6118106967,(주)시호텍,,,,,,,,0.0016,0.003,0.3396,0.2642,,,,,,,,0.0014,0.3366,-0.0754,60.95
2148156719,(주)위너셋,0.3717,0.5302,0.0003,0.0001,0.071,0.2121,0.1667,0.0005,0.0454,0.0002,0.0428,0.1585,-0.5299,-0.0002,0.0709,0.1411,-0.0454,-0.1662,0.0449,-0.0452,0.0426,60.92
8988800759,(주)서울에너지,,,,,,,0.001,0.0107,0.0094,0.0011,0.1517,,,,,,,0.0097,-0.0013,-0.0083,0.1506,60.85
2038156489,주식회사기산과학,0.0003,0.0002,0.0003,0.0001,0.0001,0.0006,0.0005,0.0003,0.1383,0.0015,0.0406,-0.0001,0.0001,-0.0002,0.0,0.0005,-0.0001,-0.0002,0.138,-0.1368,0.0391,60.84
1308156217,(주)티엘,0.0364,0.0015,0.0124,0.1526,0.0388,0.0087,0.0028,0.0087,0.5477,0.0051,0.0384,-0.0349,0.0109,0.1402,-0.1138,-0.0301,-0.0059,0.0059,0.539,-0.5426,0.0333,60.84
6168127671,주식회사금보유통,0.0137,0.1082,0.0055,0.0141,0.0158,0.028,0.0313,0.0361,0.0118,0.0357,0.039,0.0945,-0.1027,0.0086,0.0017,0.0122,0.0033,0.0048,-0.0243,0.0239,0.0033,60.81
1268642854,신세기유통(주),,,,0.0009,0.0004,,,0.0443,0.0014,0.0021,0.0416,,,,-0.0005,,,,-0.0429,0.0007,0.0395,60.73
1298623967,세정엠아이주식회사,,,,,,,0.0004,0.0002,0.0001,0.0004,0.0176,,,,,,,-0.0002,-0.0001,0.0003,0.0172,60.72
1238604017,(주)티제이팜,0.0114,0.0018,0.0025,0.0007,0.001,0.002,0.0005,0.001,0.0008,0.0071,0.0122,-0.0096,0.0007,-0.0018,0.0003,0.001,-0.0015,0.0005,-0.0002,0.0063,0.0051,60.7
1148163278,(주)부쉬코리아,0.0042,0.0005,0.0003,0.0001,0.0003,0.0004,0.0002,0.0006,0.0002,0.0004,0.0276,-0.0037,-0.0002,-0.0002,0.0002,0.0001,-0.0002,0.0004,-0.0004,0.0002,0.0272,60.68
2118721265,주식회사카시나,,,,,,0.0009,0.0003,0.0007,0.0004,0.0003,0.0575,,,,,,-0.0006,0.0004,-0.0003,-0.0001,0.0572,60.67
2298125561,한종엔지니어링(주),,,,,,,,0.0007,0.0001,0.0001,0.0553,,,,,,,,-0.0006,0.0,0.0552,60.65
1098607624,강서부품(주),0.0023,0.0219,0.0509,0.0046,0.0235,0.0074,0.0072,0.063,0.1847,0.4793,0.1972,0.0196,0.029,-0.0463,0.0189,-0.0161,-0.0002,0.0558,0.1217,0.2946,-0.2821,60.64
2018613719,(주)디엠에이씨인터내셔널,,,,,,,0.0008,0.0007,0.0023,0.0028,0.0095,,,,,,,-0.0001,0.0016,0.0005,0.0067,60.63
3118129610,(주)제일종합상사웰딩,,,,,,,,0.0014,0.0134,0.0079,0.042,,,,,,,,0.012,-0.0055,0.0341,60.62
4028117287,현대스텐레스철강(주),,,,,,,0.0002,0.0004,0.0002,0.0002,0.0397,,,,,,,0.0002,-0.0002,0.0,0.0395,60.6
1398106387,지씨피코리아주식회사,0.0002,0.0001,0.0004,0.0002,0.0001,0.0005,0.0002,0.0003,0.0001,0.0001,0.0396,-0.0001,0.0003,-0.0002,-0.0001,0.0004,-0.0003,0.0001,-0.0002,0.0,0.0395,60.58
2248117557,동양약품(주),,,,,,,0.0011,0.0006,0.0009,0.0023,0.0081,,,,,,,-0.0005,0.0003,0.0014,0.0058,60.58
3688601461,(주)스타인터내셔널,,,,,,,,0.0016,0.0004,0.0022,0.0212,,,,,,,,-0.0012,0.0018,0.019,60.52
1288630747,주식회사대경아이엔씨,0.0013,0.0017,0.0014,0.0014,0.0003,0.0022,0.0005,0.0007,0.2096,0.6669,0.1595,0.0004,-0.0003,0.0,-0.0011,0.0019,-0.0017,0.0002,0.2089,0.4573,-0.5074,60.47
3558102192,주식회사레이노섹터1,,,,,,,,0.0011,0.0002,0.0004,0.0363,,,,,,,,-0.0009,0.0002,0.0359,60.47
1328171529,(주)현진종합건자재,,,,,,0.0014,0.0012,0.0037,0.0016,0.0103,0.0212,,,,,,-0.0002,0.0025,-0.0021,0.0087,0.0109,60.46
6538801553,주식회사협진메디텍,,,,,,,,0.0013,0.0001,0.0002,0.0491,,,,,,,,-0.0012,0.0001,0.0489,60.46
5038153418,(주)배관제일,,,0.0003,0.0002,0.0002,0.0012,0.0004,0.0019,0.0002,0.0003,0.0532,,,-0.0001,0.0,0.001,-0.0008,0.0015,-0.0017,0.0001,0.0529,60.44
1098180289,(주)성주디앤디,0.0001,0.0002,0.0004,0.0,0.0002,0.0005,0.0546,0.0007,0.1109,0.0313,0.0483,0.0001,0.0002,-0.0004,0.0002,0.0003,0.0541,-0.0539,0.1102,-0.0796,0.017,60.42
1078160521,(주)한남상사,,,,0.0023,0.0029,0.6257,0.4023,0.0072,0.0023,0.0018,0.1308,,,,0.0006,0.6228,-0.2234,-0.3951,-0.0049,-0.0005,0.129,60.41
4108152344,이에스글로벌(주),,,,,,0.0017,0.0035,0.0361,0.4109,0.4501,0.2593,,,,,,0.0018,0.0326,0.3748,0.0392,-0.1908,60.4
1168169467,(주)피씨디렉트,0.0672,0.0012,0.0006,0.0013,0.0002,0.0007,0.0003,0.0004,0.0636,0.0024,0.0379,-0.066,-0.0006,0.0007,-0.0011,0.0005,-0.0004,0.0001,0.0632,-0.0612,0.0355,60.35
2108141081,(주)세이브존아이앤씨,0.001,0.0007,0.0012,0.0004,0.0005,0.0007,0.0004,0.0043,0.0106,0.0082,0.0389,-0.0003,0.0005,-0.0008,0.0001,0.0002,-0.0003,0.0039,0.0063,-0.0024,0.0307,60.32
3018633602,주식회사제일금속,,,,0.0004,0.0001,0.0003,0.0002,0.0005,0.0001,0.0002,0.0301,,,,-0.0003,0.0002,-0.0001,0.0003,-0.0004,0.0001,0.0299,60.07
1058611510,이노테크놀로지주식회사,,,,,,,,0.0015,0.0004,0.0022,0.0188,,,,,,,,-0.0011,0.0018,0.0166,60.07
1068709498,주식회사루미레즈코리아,,0.007,0.0007,0.0023,0.0016,0.0085,0.005,0.0002,0.0001,0.0001,0.0277,,-0.0063,0.0016,-0.0007,0.0069,-0.0035,-0.0048,-0.0001,0.0,0.0276,60.05
1068668127,(주)이니스프리,0.0001,0.0001,0.0001,0.0,0.0001,0.0006,0.0007,0.073,0.0002,0.0003,0.0616,0.0,0.0,-0.0001,0.0001,0.0005,0.0001,0.0723,-0.0728,0.0001,0.0613,60.03
2208664766,(주)정목텍스타일,,,,,,,,0.0012,0.0262,0.2267,0.1625,,,,,,,,0.025,0.2005,-0.0642,60.02
4108620944,주식회사에이원특수강,0.0015,0.0023,0.0064,0.0046,0.0007,0.0033,0.0023,0.006,0.006,0.0059,0.0327,0.0008,0.0041,-0.0018,-0.0039,0.0026,-0.001,0.0037,0.0,-0.0001,0.0268,59.97
2148650194,주식회사성지라미텍,0.0002,0.0009,0.001,0.0004,0.0014,0.0055,0.0083,0.7346,0.6709,0.9123,0.7151,0.0007,0.0001,-0.0006,0.001,0.0041,0.0028,0.7263,-0.0637,0.2414,-0.1972,59.97
1028102263,고려농상(주),0.0036,0.0011,0.0021,0.0006,0.0005,0.0338,0.0018,0.051,0.0811,0.27,0.1759,-0.0025,0.001,-0.0015,-0.0001,0.0333,-0.032,0.0492,0.0301,0.1889,-0.0941,59.93
1268659864,(주)지복득마루,,,,,,,,0.0013,0.0013,0.0023,0.009,,,,,,,,0.0,0.001,0.0067,59.92
2018153657,(주)신세계인터내셔날,0.026,0.0039,0.0027,0.0116,0.0006,0.0008,0.0005,0.0007,0.0003,0.0003,0.0401,-0.0221,-0.0012,0.0089,-0.011,0.0002,-0.0003,0.0002,-0.0004,0.0,0.0398,59.91
1208771116,(주)케이타운포유,,,,,,0.0014,0.0001,0.0146,0.0098,0.0015,0.149,,,,,,-0.0013,0.0145,-0.0048,-0.0083,0.1475,59.88
2068116337,(주)렉스팜,0.0052,0.0016,0.0062,0.2515,0.0003,0.0012,0.0009,0.0005,0.4397,0.0019,0.0285,-0.0036,0.0046,0.2453,-0.2512,0.0009,-0.0003,-0.0004,0.4392,-0.4378,0.0266,59.87
2158126197,주식회사금정약품,0.1918,0.0052,0.005,0.0026,0.0014,0.0016,0.0012,0.0015,0.0178,0.0021,0.0348,-0.1866,-0.0002,-0.0024,-0.0012,0.0002,-0.0004,0.0003,0.0163,-0.0157,0.0327,59.85
1248735276,(주)비전오토모티브,0.0097,0.017,0.0028,0.001,0.0004,0.0148,0.3577,0.1376,0.0031,0.016,0.0247,0.0073,-0.0142,-0.0018,-0.0006,0.0144,0.3429,-0.2201,-0.1345,0.0129,0.0087,59.73
1278648128,주식회사드림씨앤비,,,,,,,,0.0025,0.0003,0.0008,0.0274,,,,,,,,-0.0022,0.0005,0.0266,59.73
1208179509,주식회사비노파라다이스,,,,,,,,0.0011,0.0001,0.0051,0.0146,,,,,,,,-0.001,0.005,0.0095,59.72
2208775085,(주)더파아랑,,0.0005,0.0022,0.0004,0.0011,0.0686,0.002,0.0003,0.0003,0.0001,0.0335,,0.0017,-0.0018,0.0007,0.0675,-0.0666,-0.0017,0.0,-0.0002,0.0334,59.72
1198165005,(주)올인포케이,,,,,,,,0.001,0.0005,0.5902,0.4354,,,,,,,,-0.0005,0.5897,-0.1548,59.67
1208156132,유니퀘스트(주),0.0002,0.0003,0.0067,0.0007,0.0631,0.002,0.0006,0.0007,0.0001,0.001,0.0161,0.0001,0.0064,-0.006,0.0624,-0.0611,-0.0014,0.0001,-0.0006,0.0009,0.0151,59.63
1208662226,게이츠유니타코리아(주),0.0075,0.0097,0.1965,0.001,0.0002,0.0004,0.0356,0.0007,0.0052,0.0006,0.0329,0.0022,0.1868,-0.1955,-0.0008,0.0002,0.0352,-0.0349,0.0045,-0.0046,0.0323,59.62
1628700366,제주비케이(주),,,,,0.0009,0.002,0.0021,0.0033,0.0024,0.0039,0.017,,,,,0.0011,0.0001,0.0012,-0.0009,0.0015,0.0131,59.61
7678601426,(주)보에,,,,,,,,0.0011,0.0914,0.0003,0.0287,,,,,,,,0.0903,-0.0911,0.0284,59.52
7958101727,주식회사국민귀금속거래소,,,,,,,0.0008,0.0002,0.002,0.1624,0.1474,,,,,,,-0.0006,0.0018,0.1604,-0.015,59.52
1068691711,주식회사다원플래닛,0.0011,0.001,0.0022,,,,0.0006,0.0001,0.0001,0.0001,0.0207,-0.0001,0.0012,,,,,-0.0005,0.0,0.0,0.0206,59.51
6068643043,주식회사제이제이스틸,,,,0.002,0.0172,0.0093,0.0033,0.002,0.0006,0.0033,0.0163,,,,0.0152,-0.0079,-0.006,-0.0013,-0.0014,0.0027,0.013,59.47
6068116838,주식회사지비에스,0.6252,0.0612,0.0245,,,0.1164,0.0075,0.0168,0.2654,0.618,0.1223,-0.564,-0.0367,,,,-0.1089,0.0093,0.2486,0.3526,-0.4957,59.47
1208155152,신우인더스트리,,,,,0.0004,0.0005,0.001,0.0005,0.0533,0.1826,0.1346,,,,,0.0001,0.0005,-0.0005,0.0528,0.1293,-0.048,59.46
7318802245,(주)단우홀딩스,,,,,,,,0.0038,0.0164,0.699,0.1502,,,,,,,,0.0126,0.6826,-0.5488,59.43
1378179472,충남스틸(주),,,,,,,,0.0025,0.0009,0.4718,0.4501,,,,,,,,-0.0016,0.4709,-0.0217,59.4
2148878503,(주)윈큐브마케팅,,,,,,,,0.0007,0.0001,0.0001,0.0402,,,,,,,,-0.0006,0.0,0.0401,59.4
2248150672,주식회사더파크모터스,,,0.0031,0.0465,0.0256,0.7964,0.0025,0.0011,0.0002,0.6154,0.4668,,,0.0434,-0.0209,0.7708,-0.7939,-0.0014,-0.0009,0.6152,-0.1486,59.36
1388133993,주식회사용마일렉트로닉스,0.0001,0.0002,0.0003,0.0001,0.0002,0.0003,0.0002,0.0002,0.0001,0.0001,0.0232,0.0001,0.0001,-0.0002,0.0001,0.0001,-0.0001,0.0,-0.0001,0.0,0.0231,59.36
6168116704,(주)뉴월드,0.5111,0.832,0.4442,0.3114,0.1561,0.0055,0.0266,0.3905,0.711,0.8184,0.1895,0.3209,-0.3878,-0.1328,-0.1553,-0.1506,0.0211,0.3639,0.3205,0.1074,-0.6289,59.32
2298127778,장수철강피씨산업(주),0.5205,0.653,0.0265,0.0039,0.0038,0.0055,0.0032,0.0039,0.5165,0.0074,0.0265,0.1325,-0.6265,-0.0226,-0.0001,0.0017,-0.0023,0.0007,0.5126,-0.5091,0.0191,59.32
1058666524,주식회사휴메이드,,,,,,0.0006,0.0007,0.0005,0.0432,0.399,0.1376,,,,,,0.0001,-0.0002,0.0427,0.3558,-0.2614,59.31
3068119482,신광철강주식회사,0.3316,0.5245,0.0085,0.0024,0.0025,0.0061,0.0027,0.007,0.0214,0.6065,0.1429,0.1929,-0.516,-0.0061,0.0001,0.0036,-0.0034,0.0043,0.0144,0.5851,-0.4636,59.28
6068132537,(주)부산철강,0.6115,0.514,0.0459,0.0127,0.009,0.0096,0.3191,0.0132,0.0037,0.0112,0.0195,-0.0975,-0.4681,-0.0332,-0.0037,0.0006,0.3095,-0.3059,-0.0095,0.0075,0.0083,59.23
6068656290,구봉무역(주),,,,,,,0.0005,0.0012,0.0011,0.0076,0.009,,,,,,,0.0007,-0.0001,0.0065,0.0014,59.19
2048650988,세화헬스케어주식회사,,,,,,0.0019,0.0017,0.0138,0.0013,0.0022,0.0237,,,,,,-0.0002,0.0121,-0.0125,0.0009,0.0215,59.17
2118808105,(주)에이치원케어,,,,,,,0.0013,0.0048,0.0748,0.2198,0.1303,,,,,,,0.0035,0.07,0.145,-0.0895,59.16
1228186933,로얄아이도스(주),0.0016,0.001,0.0062,0.0022,0.0005,0.0443,0.0036,0.0089,0.3566,0.7231,0.1006,-0.0006,0.0052,-0.004,-0.0017,0.0438,-0.0407,0.0053,0.3477,0.3665,-0.6225,59.08
1268167791,(주)엔에스유통,,,,,,,0.0021,0.0873,0.0023,0.0039,0.023,,,,,,,0.0852,-0.085,0.0016,0.0191,59.06
2038143228,백영전자주식회사,,,,,0.001,0.0017,0.0008,0.0008,0.0017,0.002,0.0078,,,,,0.0007,-0.0009,0.0,0.0009,0.0003,0.0058,59.05
1048198858,(주)디브이홀딩스,,,,0.0013,0.0007,0.0042,0.0028,0.0034,0.0023,0.013,0.0158,,,,-0.0006,0.0035,-0.0014,0.0006,-0.0011,0.0107,0.0028,58.99
1298171144,한백철강(주),0.1722,0.0044,0.0043,0.1301,,0.1757,0.0019,0.0026,0.0318,0.0006,0.0265,-0.1678,-0.0001,0.1258,,,-0.1738,0.0007,0.0292,-0.0312,0.0259,58.93
1018146818,(주)서울옥션,0.001,0.0009,0.0014,0.0004,0.0016,0.517,0.8896,0.0056,0.0013,0.6848,0.5221,-0.0001,0.0005,-0.001,0.0012,0.5154,0.3726,-0.884,-0.0043,0.6835,-0.1627,58.88
5048129740,(주)육장성특수강,0.0005,0.0004,0.0016,0.0015,0.006,0.0243,0.0011,0.0032,0.0011,0.0039,0.0155,-0.0001,0.0012,-0.0001,0.0045,0.0183,-0.0232,0.0021,-0.0021,0.0028,0.0116,58.84
6068106553,주식회사엠에스가스,0.0138,0.0261,0.0444,0.0046,0.0415,0.0035,0.0005,0.001,0.0015,0.1996,0.1529,0.0123,0.0183,-0.0398,0.0369,-0.038,-0.003,0.0005,0.0005,0.1981,-0.0467,58.73
1018197791,주식회사루첸리,,0.0015,0.0033,0.0095,0.0028,0.0025,0.0022,0.0062,0.0202,0.0126,0.0283,,0.0018,0.0062,-0.0067,-0.0003,-0.0003,0.004,0.014,-0.0076,0.0157,58.73
2148777166,(주)한미유나이티드,0.0,0.0001,0.0001,0.0001,0.0001,0.0002,0.0007,0.0008,0.0621,0.4231,0.1042,0.0001,0.0,0.0,0.0,0.0001,0.0005,0.0001,0.0613,0.361,-0.3189,58.72
3478800023,이지스틸넷주식회사,,,,,,,0.0006,0.0006,0.0001,0.0005,0.0146,,,,,,,0.0,-0.0005,0.0004,0.0141,58.67
1548100529,(주)케이엔비코스,,,,,0.0002,0.0004,0.0431,0.0002,0.1933,0.2871,0.1201,,,,,0.0002,0.0427,-0.0429,0.1931,0.0938,-0.167,58.66
6018132736,주식회사영도우리마트,0.0028,0.0029,0.0029,0.0031,0.0022,0.0104,0.003,0.0152,0.109,0.1519,0.1161,0.0001,0.0,0.0002,-0.0009,0.0082,-0.0074,0.0122,0.0938,0.0429,-0.0358,58.66
1078197687,에이취알메탈(주),0.0002,0.2043,0.0008,0.0011,0.3575,0.0049,0.0009,0.0003,0.0004,0.0005,0.0112,0.2041,-0.2035,0.0003,0.3564,-0.3526,-0.004,-0.0006,0.0001,0.0001,0.0107,58.63
1218125272,(주)제일텔레콤,,,,,,,,0.0045,0.0002,0.6676,0.4999,,,,,,,,-0.0043,0.6674,-0.1677,58.6
6468600358,주식회사엠케이에스,,,0.0004,0.0005,0.0439,0.147,0.0744,0.178,0.039,0.0266,0.148,,,0.0001,0.0434,0.1031,-0.0726,0.1036,-0.139,-0.0124,0.1214,58.59
1578800624,주식회사서울개인택시복지법인,,,,0.0025,0.0032,0.018,0.0137,0.0026,0.0004,0.0022,0.0153,,,,0.0007,0.0148,-0.0043,-0.0111,-0.0022,0.0018,0.0131,58.59
6058152165,연산메탈(주),0.0003,0.002,0.0029,0.5348,0.84,0.385,0.0586,0.0014,0.0601,0.0016,0.0231,0.0017,0.0009,0.5319,0.3052,-0.455,-0.3264,-0.0572,0.0587,-0.0585,0.0215,58.58
5598700838,한국해상연료주식회사,,,,,,0.0005,0.0003,0.0545,0.0211,0.0012,0.1245,,,,,,-0.0002,0.0542,-0.0334,-0.0199,0.1233,58.54
1218151450,주식회사케이원,0.0006,0.0011,0.0005,0.0003,0.0001,0.0012,0.0003,0.0004,0.0003,0.0041,0.0067,0.0005,-0.0006,-0.0002,-0.0002,0.0011,-0.0009,0.0001,-0.0001,0.0038,0.0026,58.48
1378613567,주식회사엠디스틸,0.0018,0.0223,0.1294,0.1155,,,,0.0035,0.0004,0.0005,0.0361,0.0205,0.1071,-0.0139,,,,,-0.0031,0.0001,0.0356,58.47
2058128747,주식회사엠제이팜,0.0587,0.0072,0.0068,0.0018,0.0019,0.0029,0.0016,0.0013,0.0094,0.0089,0.0209,-0.0515,-0.0004,-0.005,0.0001,0.001,-0.0013,-0.0003,0.0081,-0.0005,0.012,58.43
1208662736,(주)행복을굽는사람들,0.0004,0.1352,0.0011,0.0001,0.0636,0.0079,0.0003,0.0001,0.0002,0.0004,0.0085,0.1348,-0.1341,-0.001,0.0635,-0.0557,-0.0076,-0.0002,0.0001,0.0002,0.0081,58.43
1218144395,기경산업(주),0.0018,0.0171,0.0094,0.0033,0.0024,0.0103,0.0089,0.0022,0.002,0.0053,0.0082,0.0153,-0.0077,-0.0061,-0.0009,0.0079,-0.0014,-0.0067,-0.0002,0.0033,0.0029,58.37
2118160780,케이씨아이엠(주),,,,,,,,0.0017,0.0027,0.002,0.0224,,,,,,,,0.001,-0.0007,0.0204,58.33
1188104572,주식회사사러가,0.1793,0.4141,0.426,0.4218,0.129,0.2864,0.0001,0.0042,0.004,0.2455,0.2256,0.2348,0.0119,-0.0042,-0.2928,0.1574,-0.2863,0.0041,-0.0002,0.2415,-0.0199,58.33
1298188136,에이엠티코퍼레이션(주),,,,,,0.0008,0.0033,0.0007,0.1224,0.365,0.0902,,,,,,0.0025,-0.0026,0.1217,0.2426,-0.2748,58.32
1428125342,영신아그로,,,,0.0022,0.0059,0.0532,0.0011,0.0034,0.0044,0.002,0.0244,,,,0.0037,0.0473,-0.0521,0.0023,0.001,-0.0024,0.0224,58.24
2298107530,(주)오엘텍,,0.4274,0.7393,0.7378,0.005,0.0042,0.0014,0.0059,0.0007,0.0008,0.0357,,0.3119,-0.0015,-0.7328,-0.0008,-0.0028,0.0045,-0.0052,0.0001,0.0349,58.22
1198119345,(주)신진스틸,0.0702,0.0577,0.811,0.0565,0.6424,0.0073,0.3006,0.0031,0.0255,0.0024,0.0223,-0.0125,0.7533,-0.7545,0.5859,-0.6351,0.2933,-0.2975,0.0224,-0.0231,0.0199,58.16
6068159384,광신석유주식회사,0.1037,0.005,0.0248,0.0092,0.0117,0.1798,0.0023,0.0049,0.0007,0.0018,0.0168,-0.0987,0.0198,-0.0156,0.0025,0.1681,-0.1775,0.0026,-0.0042,0.0011,0.015,58.13
2088129274,(주)마트킹구성,,,,0.0027,0.1304,0.0139,0.0029,0.0008,0.0016,0.0049,0.0057,,,,0.1277,-0.1165,-0.011,-0.0021,0.0008,0.0033,0.0008,58.09
1288183711,(주)애니원에프앤씨,,,,,0.001,0.0025,0.0041,0.0021,0.0015,0.5749,0.3564,,,,,0.0015,0.0016,-0.002,-0.0006,0.5734,-0.2185,58.07
1428114374,주식회사스타리소스,,,,0.0004,0.0001,0.0178,0.0207,0.0007,0.0019,0.004,0.0052,,,,-0.0003,0.0177,0.0029,-0.02,0.0012,0.0021,0.0012,58.06
5468601358,주식회사교래에프앤엠,,,,,,,,0.0034,0.0005,0.0015,0.016,,,,,,,,-0.0029,0.001,0.0145,58.04
8078600744,(주)네오임플란트,,,,0.002,0.008,0.3906,0.2098,0.4107,0.3179,0.2679,0.2885,,,,0.006,0.3826,-0.1808,0.2009,-0.0928,-0.05,0.0206,58.03
2118176069,한일카페트주식회사,0.0006,0.0071,0.0596,0.0151,0.0024,0.1754,0.0003,0.0044,0.0976,0.2197,0.0906,0.0065,0.0525,-0.0445,-0.0127,0.173,-0.1751,0.0041,0.0932,0.1221,-0.1291,57.93
4708701403,주식회사우리마트양산유통센터,,,,,,0.0039,0.0025,0.0055,0.0272,0.0047,0.0214,,,,,,-0.0014,0.003,0.0217,-0.0225,0.0167,57.87
1148663609,주식회사대신성에너지,,,,0.0015,0.0149,0.1178,0.235,0.0255,0.0408,0.1437,0.0938,,,,0.0134,0.1029,0.1172,-0.2095,0.0153,0.1029,-0.0499,57.84
4318100523,주식회사코슈코,,,,,,,0.0003,0.0001,0.0001,0.0025,0.0053,,,,,,,-0.0002,0.0,0.0024,0.0028,57.81
6138136040,(주)유니메탈,0.0724,0.0006,0.0026,0.0016,0.0007,0.0005,0.0013,0.001,0.0004,0.0001,0.0438,-0.0718,0.002,-0.001,-0.0009,-0.0002,0.0008,-0.0003,-0.0006,-0.0003,0.0437,57.77
6218101557,(주)동성모터스,0.0011,0.0146,0.0151,0.0023,0.001,0.0012,0.0005,0.0006,0.0003,0.0007,0.0104,0.0135,0.0005,-0.0128,-0.0013,0.0002,-0.0007,0.0001,-0.0003,0.0004,0.0097,57.76
3038103017,경동약품주식회사,0.055,0.0093,0.002,0.0015,0.0009,0.002,0.0006,0.037,0.0084,0.0041,0.094,-0.0457,-0.0073,-0.0005,-0.0006,0.0011,-0.0014,0.0364,-0.0286,-0.0043,0.0899,57.74
2038164179,(주)송당,,,,0.0021,0.0393,0.8476,,0.0225,0.1049,0.6113,0.0716,,,,0.0372,0.8083,,,0.0824,0.5064,-0.5397,57.7
4178142454,(주)원창에너지,,,,,,0.0007,0.0006,0.2034,0.0007,0.5207,0.4702,,,,,,-0.0001,0.2028,-0.2027,0.52,-0.0505,57.66
2248101109,주식회사남원,0.0123,0.0024,0.0057,0.0089,0.0029,0.0055,,0.0009,0.0018,0.0027,0.0051,-0.0099,0.0033,0.0032,-0.006,0.0026,,,0.0009,0.0009,0.0024,57.65
4228100494,(주)와식자재마트,,,,,,0.001,0.0007,0.0021,0.0012,0.0017,0.0133,,,,,,-0.0003,0.0014,-0.0009,0.0005,0.0116,57.63
1068648475,(주)엔씨디지텍,,,0.0007,0.0004,0.0008,0.0014,0.001,0.0008,0.0003,0.0029,0.0079,,,-0.0003,0.0004,0.0006,-0.0004,-0.0002,-0.0005,0.0026,0.005,57.62
2118899265,(주)준오디포,0.0018,0.0039,0.0034,0.0005,0.0002,0.0004,0.0002,0.0023,0.0947,0.1955,0.0831,0.0021,-0.0005,-0.0029,-0.0003,0.0002,-0.0002,0.0021,0.0924,0.1008,-0.1124,57.62
1358602555,(주)신덕팜,0.0004,0.0002,0.0002,0.0002,0.0001,0.0003,0.0001,0.0005,0.0005,0.0011,0.0061,-0.0002,0.0,0.0,-0.0001,0.0002,-0.0002,0.0004,0.0,0.0006,0.005,57.61
1308692881,(주)유앤미팜,,,,,,,0.001,0.0033,0.002,0.0011,0.0619,,,,,,,0.0023,-0.0013,-0.0009,0.0608,57.6
1298635084,(주)광장오토모티브,,,,,0.0002,0.0003,0.365,0.0008,0.0021,0.0003,0.0202,,,,,0.0001,0.3647,-0.3642,0.0013,-0.0018,0.0199,57.6
2208108769,(주)기영약품,0.0308,0.0009,0.0015,0.0011,0.0018,0.0065,0.1895,0.0022,0.0031,0.0022,0.0199,-0.0299,0.0006,-0.0004,0.0007,0.0047,0.183,-0.1873,0.0009,-0.0009,0.0177,57.59
2208655291,(주)메디메스터,0.0014,,0.0001,0.0001,0.1248,0.0007,0.0002,0.0003,0.0002,0.0002,0.0152,,,0.0,0.1247,-0.1241,-0.0005,0.0001,-0.0001,0.0,0.015,57.57
1768700424,주식회사마트킹북수원,,,,,,,,0.0013,0.0003,0.0087,0.011,,,,,,,,-0.001,0.0084,0.0023,57.55
2298700048,주식회사자연라이프,,,0.0012,0.0031,0.0016,0.0029,0.0004,0.3388,0.0088,0.0036,0.1057,,,0.0019,-0.0015,0.0013,-0.0025,0.3384,-0.33,-0.0052,0.1021,57.55
6068174463,중원스틸(주),,,,,0.0007,0.0014,0.0011,0.0026,0.0007,0.0023,0.0119,,,,,0.0007,-0.0003,0.0015,-0.0019,0.0016,0.0096,57.51
1138140141,(주)가나스틸,0.0003,0.0234,0.416,0.8864,0.0204,0.0086,0.003,0.0058,0.0009,0.0017,0.0157,0.0231,0.3926,0.4704,-0.866,-0.0118,-0.0056,0.0028,-0.0049,0.0008,0.014,57.51
2618108080,(주)아이디조이,,,,,,,,0.0009,0.0001,0.0001,0.0266,,,,,,,,-0.0008,0.0,0.0265,57.49
3148155801,(주)필코리아테크놀로지,,,,,,,,0.0022,0.0006,0.0012,0.014,,,,,,,,-0.0016,0.0006,0.0128,57.45
6038190237,(주)세진판넬,,,0.0017,0.0032,0.0028,0.0031,0.0026,0.0026,0.0026,0.0011,0.0261,,,0.0015,-0.0004,0.0003,-0.0005,0.0,0.0,-0.0015,0.025,57.43
6038146667,(주)보람코퍼레이션,,,,,,,,0.0017,0.0001,0.0003,0.0195,,,,,,,,-0.0016,0.0002,0.0192,57.42
1208170925,페라가모코리아(주),0.0001,0.0002,0.0004,0.0025,0.0001,0.0006,0.0003,0.0002,0.0001,0.0012,0.006,0.0001,0.0002,0.0021,-0.0024,0.0005,-0.0003,-0.0001,-0.0001,0.0011,0.0048,57.41
8448700677,(주)리앤리코리아,,,,,0.0006,0.0448,0.0046,0.0032,0.2521,0.0121,0.02,,,,,0.0442,-0.0402,-0.0014,0.2489,-0.24,0.0079,57.34
1358155421,(주)일진알미늄,,,,,,,,0.0024,0.056,0.6053,0.0641,,,,,,,,0.0536,0.5493,-0.5412,57.33
2028147537,삼강통산(주),0.0003,0.0004,0.0014,0.098,0.0003,0.0034,0.0023,0.0004,0.0013,0.0013,0.0092,0.0001,0.001,0.0966,-0.0977,0.0031,-0.0011,-0.0019,0.0009,0.0,0.0079,57.3
2148116420,스탠리블랙앤데커인더스트리얼코리아주식회사,0.0002,0.0049,0.6274,0.0804,0.0081,0.842,0.0016,0.0063,0.6681,0.7349,0.0885,0.0047,0.6225,-0.547,-0.0723,0.8339,-0.8404,0.0047,0.6618,0.0668,-0.6464,57.28
2208127349,주식회사샌드빅서전,0.0003,0.0001,0.0001,0.0001,0.0001,0.0007,0.0003,0.0001,0.0001,0.0003,0.0071,-0.0002,0.0,0.0,0.0,0.0006,-0.0004,-0.0002,0.0,0.0002,0.0068,57.24
1068150113,(주)디모아,0.0005,0.0001,0.001,0.016,0.0023,0.034,0.0103,0.0328,0.0784,0.0168,0.0233,-0.0004,0.0009,0.015,-0.0137,0.0317,-0.0237,0.0225,0.0456,-0.0616,0.0065,57.23
1288632288,월드페이퍼주식회사,0.001,0.0063,0.0021,0.0013,0.0036,0.0014,0.0004,0.0537,0.0017,0.0025,0.0167,0.0053,-0.0042,-0.0008,0.0023,-0.0022,-0.001,0.0533,-0.052,0.0008,0.0142,57.16
6088117662,주식회사경남지오영,0.03,0.002,0.0053,0.011,0.0144,0.0678,0.0005,0.0182,0.0075,0.0031,0.0791,-0.028,0.0033,0.0057,0.0034,0.0534,-0.0673,0.0177,-0.0107,-0.0044,0.076,57.09
8458601347,주식회사티르티르,,,,,,0.001,0.0001,0.0002,0.0001,0.0001,0.0133,,,,,,-0.0009,0.0001,-0.0001,0.0,0.0132,57.08
1318140756,(주)NKG,0.0017,0.0024,0.0035,0.0013,0.0025,0.0047,0.0015,0.0027,0.0024,0.0071,0.0081,0.0007,0.0011,-0.0022,0.0012,0.0022,-0.0032,0.0012,-0.0003,0.0047,0.001,57.07
6218187201,부경에너지(주),0.0016,0.0012,0.0016,0.0035,0.0015,0.0068,0.0028,0.0039,0.0019,0.0055,0.0105,-0.0004,0.0004,0.0019,-0.002,0.0053,-0.004,0.0011,-0.002,0.0036,0.005,57.07
4018127123,주식회사세림철강,,,,,,0.0016,0.0012,0.0058,0.0003,0.0015,0.0129,,,,,,-0.0004,0.0046,-0.0055,0.0012,0.0114,57.06
1018691375,한국교육시스템주식회사,,,,,,,,0.0022,0.0008,0.0039,0.0092,,,,,,,,-0.0014,0.0031,0.0053,57.05
1208747974,코람바이오젠(주),,,0.0003,0.0,0.0001,0.0004,0.0001,0.0001,0.0001,0.0,0.0141,,,-0.0003,0.0001,0.0003,-0.0003,0.0,0.0,-0.0001,0.0141,57.01
5028131385,경북통상(주),,,0.0045,0.0202,0.1666,0.1228,0.0022,0.0041,0.0152,0.0014,0.0169,,,0.0157,0.1464,-0.0438,-0.1206,0.0019,0.0111,-0.0138,0.0155,56.93
4108125828,주식회사태정시멘트,,0.0016,0.0054,0.0001,0.0001,0.0005,0.0001,0.0004,0.0007,0.0001,0.0167,,0.0038,-0.0053,0.0,0.0004,-0.0004,0.0003,0.0003,-0.0006,0.0166,56.9
8288700637,(주)신광메탈,,,,,,,0.0007,0.0005,0.0001,0.0004,0.0097,,,,,,,-0.0002,-0.0004,0.0003,0.0093,56.89
2158738531,에스엔패션그룹주식회사,,,,,,0.0007,0.0005,0.004,0.0002,0.0021,0.011,,,,,,-0.0002,0.0035,-0.0038,0.0019,0.0089,56.88
6218608351,(주)대림코퍼레이션,,,,,,,,0.001,0.0003,0.0007,0.011,,,,,,,,-0.0007,0.0004,0.0103,56.84
1288642791,주식회사펫스토리,,,,,,,,0.0038,0.0643,0.2209,0.0657,,,,,,,,0.0605,0.1566,-0.1552,56.84
5428800332,(주)데일리앤코,,,,,,,0.0002,0.0001,0.0002,0.0001,0.0122,,,,,,,-0.0001,0.0001,-0.0001,0.0121,56.81
2148642393,(주)굿맨상사,0.0002,0.0004,0.0007,0.0022,0.1783,0.0712,0.0044,0.0187,0.0001,0.0025,0.0113,0.0002,0.0003,0.0015,0.1761,-0.1071,-0.0668,0.0143,-0.0186,0.0024,0.0088,56.79
1228645558,(주)디엠앤씨,,,,,,,0.0004,0.0001,0.0001,0.0014,0.0046,,,,,,,-0.0003,0.0,0.0013,0.0032,56.77
2158180793,(주)건화약품,0.0006,0.0005,0.0011,0.0013,0.0032,0.106,0.0011,0.0169,0.0019,0.0019,0.0367,-0.0001,0.0006,0.0002,0.0019,0.1028,-0.1049,0.0158,-0.015,0.0,0.0348,56.77
2208156112,동덕정보통신(주),0.0013,0.0003,0.001,0.0008,0.0072,0.0009,0.0011,0.0093,0.0113,0.5552,0.0741,-0.001,0.0007,-0.0002,0.0064,-0.0063,0.0002,0.0082,0.002,0.5439,-0.4811,56.75
8758701253,주식회사보스톤금거래소,,,,,,0.0006,0.0062,0.7853,0.0955,0.5492,0.4681,,,,,,0.0056,0.7791,-0.6898,0.4537,-0.0811,56.73
2138103413,(주)리드코프,0.0002,0.0002,0.0002,0.0002,0.0004,0.0008,0.0005,0.0007,0.0007,0.3492,0.1229,0.0,0.0,0.0,0.0002,0.0004,-0.0003,0.0002,0.0,0.3485,-0.2263,56.72
5038115938,주식회사고려자동차,0.0426,0.0005,0.0009,0.0002,0.0151,0.0051,0.0002,0.0005,0.0002,0.0007,0.0075,-0.0421,0.0004,-0.0007,0.0149,-0.01,-0.0049,0.0003,-0.0003,0.0005,0.0068,56.69
2688600027,주식회사인스팅터스,,,,,,,0.0004,0.0261,0.69,0.6719,0.6289,,,,,,,0.0257,0.6639,-0.0181,-0.043,56.66
6178108906,에스티엔에이치주식회사,0.0,0.0001,0.0014,0.0001,0.0002,0.0003,0.0037,0.0955,0.0342,0.0242,0.0897,0.0001,0.0013,-0.0013,0.0001,0.0001,0.0034,0.0918,-0.0613,-0.01,0.0655,56.66
7128800625,주식회사신전푸드시스,,,,,0.001,0.0022,0.0018,0.0021,0.0012,0.0011,0.0306,,,,,0.0012,-0.0004,0.0003,-0.0009,-0.0001,0.0295,56.66
2208129949,에스더블유팜주식회사,0.0688,0.0091,0.0229,0.0161,0.0276,0.0281,0.0156,0.0122,0.0148,0.0032,0.0175,-0.0597,0.0138,-0.0068,0.0115,0.0005,-0.0125,-0.0034,0.0026,-0.0116,0.0143,56.57
3128635371,(주)오일리오,,,,,,,,0.0021,0.0002,0.0006,0.013,,,,,,,,-0.0019,0.0004,0.0124,56.54
1078177906,(주)판코상사,0.0076,0.0026,0.002,,0.0003,0.0013,0.0004,0.0002,0.0001,0.0002,0.0086,-0.005,-0.0006,,,0.001,-0.0009,-0.0002,-0.0001,0.0001,0.0084,56.54
2068614498,주식회사성광에프앤비,,,,,,0.0018,0.0005,0.0018,0.0001,0.0049,0.0086,,,,,,-0.0013,0.0013,-0.0017,0.0048,0.0037,56.54
2118859297,주식회사천조글로벌,,,0.0015,0.0004,0.0023,0.0359,0.6128,0.0045,0.0123,0.004,0.0159,,,-0.0011,0.0019,0.0336,0.5769,-0.6083,0.0078,-0.0083,0.0119,56.53
6068650340,(주)신영플러스,,,,,,0.0003,0.0001,0.0001,0.0001,0.0001,0.0098,,,,,,-0.0002,0.0,0.0,0.0,0.0097,56.49
6038175352,주식회사재호식품,,0.0085,0.0207,0.0052,0.0027,0.0062,0.0026,0.0036,0.0014,0.0123,0.0131,,0.0122,-0.0155,-0.0025,0.0035,-0.0036,0.001,-0.0022,0.0109,0.0008,56.48
1078186502,(주)동신프라스틱,,0.0014,0.0062,0.0006,0.0003,0.0006,0.0002,0.0003,0.0002,0.0004,0.007,,0.0048,-0.0056,-0.0003,0.0003,-0.0004,0.0001,-0.0001,0.0002,0.0066,56.45
6068142563,주식회사삼일통상,0.0003,0.0005,0.1739,0.1274,0.0021,0.2703,0.2967,0.4005,0.0005,0.0002,0.062,0.0002,0.1734,-0.0465,-0.1253,0.2682,0.0264,0.1038,-0.4,-0.0003,0.0618,56.45
1068167273,(주)리더스텍,,,,,,,0.0021,0.1266,0.5473,0.8509,0.048,,,,,,,0.1245,0.4207,0.3036,-0.8029,56.43
5068100171,(주)영남지오영,0.2417,0.0216,0.0035,0.0088,0.0271,0.0056,0.0003,0.029,0.0183,0.0027,0.0735,-0.2201,-0.0181,0.0053,0.0183,-0.0215,-0.0053,0.0287,-0.0107,-0.0156,0.0708,56.41
1348636052,주식회사경환산업,,,,,,,,0.0008,0.0006,0.3332,0.1694,,,,,,,,-0.0002,0.3326,-0.1638,56.36
2048179277,(주)동양키친나라,,0.0052,0.0014,0.0006,0.0002,0.0014,0.0025,0.0013,0.0428,0.7096,0.0456,,-0.0038,-0.0008,-0.0004,0.0012,0.0011,-0.0012,0.0415,0.6668,-0.664,56.3
7848101955,제이킹홀딩스주식회사,,,,,,,,0.0053,0.1037,0.1251,0.0665,,,,,,,,0.0984,0.0214,-0.0586,56.28
1298645826,(주)리더스로직,,,,,,,,0.0016,0.045,0.1109,0.0591,,,,,,,,0.0434,0.0659,-0.0518,56.25
6088195969,(주)아이언모터스,0.0262,0.0097,0.0041,0.0026,0.0015,0.0027,0.0002,0.0011,0.0002,0.0023,0.0069,-0.0165,-0.0056,-0.0015,-0.0011,0.0012,-0.0025,0.0009,-0.0009,0.0021,0.0046,56.21
1138167776,(주)휴먼케이블,,,,0.0009,0.0164,0.0619,0.0005,0.0009,0.0002,0.0002,0.0192,,,,0.0155,0.0455,-0.0614,0.0004,-0.0007,0.0,0.019,56.2
1078161665,(주)경우머트리얼,0.0019,0.0022,0.0041,0.0043,0.0107,0.8349,0.0839,0.0035,0.3331,0.8581,0.0359,0.0003,0.0019,0.0002,0.0064,0.8242,-0.751,-0.0804,0.3296,0.525,-0.8222,56.18
6028140525,성림글로벌주식회사,0.0018,0.0051,0.0014,0.0014,0.0011,0.0058,0.001,0.0027,0.0012,0.0019,0.0101,0.0033,-0.0037,0.0,-0.0003,0.0047,-0.0048,0.0017,-0.0015,0.0007,0.0082,56.18
4108162954,주식회사타이어나라,,,,,,,0.002,0.0042,0.6133,0.7799,0.0491,,,,,,,0.0022,0.6091,0.1666,-0.7308,56.14
2048600682,주식회사중앙파이프,,,,,0.0016,0.1597,,0.0076,0.0023,0.001,0.0584,,,,,0.1581,,,-0.0053,-0.0013,0.0574,56.12
2678600548,주식회사제이케이인코퍼레이티드,,,,,,0.0005,0.0592,0.0057,0.0644,0.0039,0.0134,,,,,,0.0587,-0.0535,0.0587,-0.0605,0.0095,56.11
2048133096,삼성스텐레이져주식회사,,,,,,,,0.0028,0.0006,0.0014,0.0102,,,,,,,,-0.0022,0.0008,0.0088,56.09
1208151947,주식회사신도테크노,0.0413,0.1051,0.0432,0.0297,0.0056,0.0148,0.0024,0.0133,0.0313,0.0038,0.0144,0.0638,-0.0619,-0.0135,-0.0241,0.0092,-0.0124,0.0109,0.018,-0.0275,0.0106,56.08
1198637902,주식회사프리즘인터내셔널,,,,,,,0.0016,0.0002,0.0003,0.0015,0.0039,,,,,,,-0.0014,0.0001,0.0012,0.0024,56.06
1218144283,(주)명원목재,,,,,,,0.001,0.0029,0.0012,0.5588,0.3003,,,,,,,0.0019,-0.0017,0.5576,-0.2585,56.02
1148155346,주식회사소화,0.0062,0.0069,0.0021,0.0051,0.0021,0.0005,0.0003,0.0058,0.0098,0.0057,0.0144,0.0007,-0.0048,0.003,-0.003,-0.0016,-0.0002,0.0055,0.004,-0.0041,0.0087,55.98
6168168105,헬스탑주식회사,0.0022,0.0013,0.0014,0.004,0.0013,0.003,0.0008,0.0014,0.0057,0.0025,0.0131,-0.0009,0.0001,0.0026,-0.0027,0.0017,-0.0022,0.0006,0.0043,-0.0032,0.0106,55.96
8648600029,에스엠금거래소골드유주식회사,,,0.0009,0.0004,,0.0013,0.0019,0.0516,0.2542,0.7906,0.0348,,,-0.0005,,,0.0006,0.0497,0.2026,0.5364,-0.7558,55.93
1198134929,주식회사서진산전,0.0001,0.0001,0.0001,0.0001,0.0001,0.0014,0.016,0.0003,0.0002,0.0003,0.0075,0.0,0.0,0.0,0.0,0.0013,0.0146,-0.0157,-0.0001,0.0001,0.0072,55.92
5018119054,화신목재(주),0.0239,0.0038,0.0004,0.0046,0.2242,0.7889,0.0004,0.0002,0.0004,0.4963,0.0734,-0.0201,-0.0034,0.0042,0.2196,0.5647,-0.7885,-0.0002,0.0002,0.4959,-0.4229,55.89
1428183696,주식회사유코,,,,,,,0.0005,0.0005,0.0002,0.0008,0.0061,,,,,,,0.0,-0.0003,0.0006,0.0053,55.85
5038174413,주식회사디에이비피,0.003,0.0264,0.2666,0.5715,0.1707,0.1275,0.0021,0.0044,0.0026,0.7699,0.2797,0.0234,0.2402,0.3049,-0.4008,-0.0432,-0.1254,0.0023,-0.0018,0.7673,-0.4902,55.82
6958100511,농업회사법인오리온농협주식회사,,,,0.0011,0.1284,0.0842,0.0051,0.0094,0.0063,0.008,0.011,,,,0.1273,-0.0442,-0.0791,0.0043,-0.0031,0.0017,0.003,55.8
3058118398,(주)송촌조명,,,,0.0004,0.0,0.0002,0.0003,0.0006,0.1771,0.3216,0.0457,,,,-0.0004,0.0002,0.0001,0.0003,0.1765,0.1445,-0.2759,55.79
4078131362,주식회사이오글로벌,,,,,,,,0.0025,0.0004,0.001,0.0101,,,,,,,,-0.0021,0.0006,0.0091,55.79
6178198257,주식회사케이엠메드,,,,,,,0.0007,0.0002,0.0002,0.0004,0.0054,,,,,,,-0.0005,0.0,0.0002,0.005,55.76
1148723147,주)루밍,,,,,,,0.0004,0.0013,0.0011,0.0043,0.0054,,,,,,,0.0009,-0.0002,0.0032,0.0011,55.74
5598800567,(주)총판센터,,,,,,,,0.0014,0.0515,0.0062,0.0131,,,,,,,,0.0501,-0.0453,0.0069,55.72
1218630542,주식회사케이비세라믹,,,,,,,0.0005,0.0101,0.0505,0.2205,0.0498,,,,,,,0.0096,0.0404,0.17,-0.1707,55.7
3018607123,대왕석유무역주식회사,,,,,,0.0013,0.0013,0.0006,0.0026,0.0004,0.0121,,,,,,0.0,-0.0007,0.002,-0.0022,0.0117,55.68
2118629256,씨에이케이인터내셔날(주),0.0003,0.0006,0.0004,0.0294,0.0064,0.4964,0.1242,0.0003,0.0016,0.1802,0.0617,0.0003,-0.0002,0.029,-0.023,0.49,-0.3722,-0.1239,0.0013,0.1786,-0.1185,55.68
4098611519,(주)디원,,0.0025,0.0008,0.0001,0.0004,0.0006,0.0004,0.0004,0.0012,0.0029,0.0037,,-0.0017,-0.0007,0.0003,0.0002,-0.0002,0.0,0.0008,0.0017,0.0008,55.67
1058193934,(주)산일약품,,,,,0.0008,0.041,0.0013,0.0034,0.0012,0.0028,0.0081,,,,,0.0402,-0.0397,0.0021,-0.0022,0.0016,0.0053,55.66
1098157492,주식회사델리팜,0.0006,0.0003,0.0001,0.0006,0.3158,0.0013,0.0004,0.0005,0.0006,0.43,0.0746,-0.0003,-0.0002,0.0005,0.3152,-0.3145,-0.0009,0.0001,0.0001,0.4294,-0.3554,55.65
3128644623,(주)평화장갑무역,,,,,,0.001,0.0004,0.0009,0.0013,0.0026,0.0037,,,,,,-0.0006,0.0005,0.0004,0.0013,0.0011,55.6
2148871723,한국영스틸주식회사,0.0016,0.0009,,0.0145,0.0009,0.0282,0.0021,0.0042,0.002,0.0036,0.0083,-0.0007,,,-0.0136,0.0273,-0.0261,0.0021,-0.0022,0.0016,0.0047,55.59
3068108078,주식회사대전동원약품,0.0002,0.0001,0.0002,0.0005,0.0002,0.0008,0.0001,0.0007,0.0006,0.0008,0.006,-0.0001,0.0001,0.0003,-0.0003,0.0006,-0.0007,0.0006,-0.0001,0.0002,0.0052,55.52
1318159541,태림목재(주),,,,,0.0012,0.0068,0.0873,0.001,0.0117,0.811,0.0376,,,,,0.0056,0.0805,-0.0863,0.0107,0.7993,-0.7734,55.51
1058176653,(주)한일코탑,0.0001,0.0002,0.0002,0.0,0.0001,0.0003,0.0017,0.0002,0.0001,0.0012,0.0043,0.0001,0.0,-0.0002,0.0001,0.0002,0.0014,-0.0015,-0.0001,0.0011,0.0031,55.51
6068129992,스타자동차(주),0.0003,0.0003,0.0002,0.0003,0.0004,0.0013,0.0006,0.0006,0.0003,0.1115,0.1032,0.0,-0.0001,0.0001,0.0001,0.0009,-0.0007,0.0,-0.0003,0.1112,-0.0083,55.49
3148607833,주식회사아우토반브이에이지,0.0008,0.007,0.0023,0.0015,0.0009,0.0018,0.0032,0.0027,0.0251,0.6288,0.0377,0.0062,-0.0047,-0.0008,-0.0006,0.0009,0.0014,-0.0005,0.0224,0.6037,-0.5911,55.44
6058183009,주식회사복산나이스,0.0245,0.0006,0.0023,0.0058,0.0008,0.0009,0.0003,0.0005,0.0053,0.0017,0.0115,-0.0239,0.0017,0.0035,-0.005,0.0001,-0.0006,0.0002,0.0048,-0.0036,0.0098,55.42
2148703290,한불엠앤에스(주),0.0064,0.0014,0.0008,0.0006,0.0005,0.0003,0.0234,0.0659,0.0096,0.0096,0.0292,-0.005,-0.0006,-0.0002,-0.0001,-0.0002,0.0231,0.0425,-0.0563,0.0,0.0196,55.38
1218122426,주식회사머스터,,,,,0.0021,0.0015,0.0014,0.0007,0.0725,0.8996,0.0261,,,,,-0.0006,-0.0001,-0.0007,0.0718,0.8271,-0.8735,55.35
1168162784,주식회사비에스케이코퍼레이션,0.0001,0.0003,0.0003,0.0001,0.0002,0.0459,0.5336,0.0046,0.0019,0.0002,0.0478,0.0002,0.0,-0.0002,0.0001,0.0457,0.4877,-0.529,-0.0027,-0.0017,0.0476,55.35
1308665496,주식회사인터트레이드,,,,,,,,0.0014,0.0019,0.0016,0.0098,,,,,,,,0.0005,-0.0003,0.0082,55.31
6178603449,주식회사케이이엠솔루션,,,,,,,,0.0023,0.0247,0.4433,0.04,,,,,,,,0.0224,0.4186,-0.4033,55.31
2468602200,주식회사세원금속,,,,,,,,0.0018,0.0014,0.0033,0.0054,,,,,,,,-0.0004,0.0019,0.0021,55.22
6028118547,(주)은하수산,,0.0023,0.0015,0.0015,0.0013,0.0007,0.0004,0.0003,0.1255,0.7391,0.0258,,-0.0008,0.0,-0.0002,-0.0006,-0.0003,-0.0001,0.1252,0.6136,-0.7133,55.2
1408141079,티지코리아주식회사,0.2694,0.1544,0.8932,0.0663,0.3708,0.5621,0.0026,0.0012,0.0042,0.0011,0.011,-0.115,0.7388,-0.8269,0.3045,0.1913,-0.5595,-0.0014,0.003,-0.0031,0.0099,55.15
6068154773,삼광산업(주),0.4453,0.8976,0.1529,0.6881,0.0107,0.7517,0.299,0.1232,0.0034,0.0041,0.0119,0.4523,-0.7447,0.5352,-0.6774,0.741,-0.4527,-0.1758,-0.1198,0.0007,0.0078,55.14
1268613136,주식회사프렌즈푸드코리아,,,,,0.0004,0.0003,0.023,0.0726,0.0006,0.0043,0.0084,,,,,-0.0001,0.0227,0.0496,-0.072,0.0037,0.0041,55.12
2208176044,(주)위드팜,0.1143,0.0081,0.006,0.008,0.0023,0.0129,0.0058,0.0113,0.0022,0.5188,0.2904,-0.1062,-0.0021,0.002,-0.0057,0.0106,-0.0071,0.0055,-0.0091,0.5166,-0.2284,55.12
5658701680,프뢰벨행복나누기(주),,,,,,,0.0031,0.0252,0.0202,0.0174,0.0546,,,,,,,0.0221,-0.005,-0.0028,0.0372,55.09
1258141459,(주)성우,,,,,,,0.0034,0.0016,0.0182,0.0109,0.0138,,,,,,,-0.0018,0.0166,-0.0073,0.0029,55.08
1078105232,(주)경방,0.1233,0.0066,0.0034,0.0015,0.0042,0.0127,0.004,0.0024,0.0385,0.5373,0.0329,-0.1167,-0.0032,-0.0019,0.0027,0.0085,-0.0087,-0.0016,0.0361,0.4988,-0.5044,55.03
2018616792,(주)쏨니아,,,0.0007,0.0001,0.0002,0.0004,0.5106,0.003,0.0001,0.2297,0.2059,,,-0.0006,0.0001,0.0002,0.5102,-0.5076,-0.0029,0.2296,-0.0238,55.02
1218139058,세명강업(주),0.0006,0.0009,0.0009,0.0009,0.0009,0.0005,0.0007,0.0004,0.0002,0.0001,0.0122,0.0003,0.0,0.0,0.0,-0.0004,0.0002,-0.0003,-0.0002,-0.0001,0.0121,54.97
1078170164,(주)지원에스아이,,,,,,,,0.0016,0.0004,0.0026,0.0059,,,,,,,,-0.0012,0.0022,0.0033,54.81
1378198111,(주)대원세라믹스,,,,,,,0.0018,0.1111,0.0144,0.8262,0.2993,,,,,,,0.1093,-0.0967,0.8118,-0.5269,54.78
1268672246,주식회사대박,,,,,,0.0013,0.0783,0.284,0.273,0.0165,0.0694,,,,,,0.077,0.2057,-0.011,-0.2565,0.0529,54.77
1208666407,주식회사베이스캠프지,0.0001,0.0001,0.0001,0.0001,0.0001,0.0007,0.001,0.0034,0.0005,0.0005,0.0192,0.0,0.0,0.0,0.0,0.0006,0.0003,0.0024,-0.0029,0.0,0.0187,54.75
1158700680,주식회사딩동펫,,,,,,,0.0008,0.0007,0.0013,0.0017,0.0035,,,,,,,-0.0001,0.0006,0.0004,0.0018,54.69
1068616876,(주)을지공조시스템,,,,,,,,0.0017,0.0001,0.0009,0.0066,,,,,,,,-0.0016,0.0008,0.0057,54.66
1778600167,지엠헬스케어(주),,,,,0.0009,0.0008,0.0007,0.0054,0.0009,0.0007,0.0279,,,,,-0.0001,-0.0001,0.0047,-0.0045,-0.0002,0.0272,54.65
1248126208,신본기업(주),0.0001,0.0002,0.0012,0.0015,0.0011,0.0006,0.0003,0.0003,0.0001,0.0002,0.0065,0.0001,0.001,0.0003,-0.0004,-0.0005,-0.0003,0.0,-0.0002,0.0001,0.0063,54.64
1428125376,주식회사브라운스톤,,0.0034,0.0027,0.0024,0.0024,0.0035,0.0031,0.0024,0.0041,0.0022,0.0099,,-0.0007,-0.0003,0.0,0.0011,-0.0004,-0.0007,0.0017,-0.0019,0.0077,54.59
6188116919,에스케이에프코리아(주),0.0001,0.0004,0.0002,0.0003,0.0003,0.0008,0.0002,0.0005,0.0001,0.127,0.1009,0.0003,-0.0002,0.0001,0.0,0.0005,-0.0006,0.0003,-0.0004,0.1269,-0.0261,54.53
6068170905,(주)하이랜드푸드,0.0014,0.8931,0.0012,0.0003,0.0004,0.0017,0.0008,0.0007,0.0001,0.0025,0.0048,0.8917,-0.8919,-0.0009,0.0001,0.0013,-0.0009,-0.0001,-0.0006,0.0024,0.0023,54.47
1418102778,한국다이와(주),,,,0.0003,0.0001,0.0002,0.0001,0.0002,0.0003,0.0001,0.008,,,,-0.0002,0.0001,-0.0001,0.0001,0.0001,-0.0002,0.0079,54.46
5858801982,경남자동차판매(주),,,,,,,0.0006,0.0003,0.0005,0.0003,0.0075,,,,,,,-0.0003,0.0002,-0.0002,0.0072,54.42
2128126335,주식회사동원헬스케어,0.166,0.089,0.113,0.0197,0.1817,0.0133,0.0045,0.0034,0.0038,0.0015,0.0105,-0.077,0.024,-0.0933,0.162,-0.1684,-0.0088,-0.0011,0.0004,-0.0023,0.009,54.37
2348600704,(주)엠씨티,,,,,,,,0.0016,0.0005,0.0012,0.0062,,,,,,,,-0.0011,0.0007,0.005,54.37
3438800695,농업회사법인(주)씨엔푸드,,,,,0.0004,0.0097,0.005,0.0048,0.0206,0.0544,0.0331,,,,,0.0093,-0.0047,-0.0002,0.0158,0.0338,-0.0213,54.37
2148788076,(주)제우인터내셔날,,,,0.0007,0.0001,0.0005,0.0002,0.0003,0.0002,0.0001,0.0089,,,,-0.0006,0.0004,-0.0003,0.0001,-0.0001,-0.0001,0.0088,54.36
1058682349,(주)에이랜드,0.0003,0.0017,0.7527,0.9118,0.0028,0.003,0.696,0.9588,0.0504,0.0204,0.0709,0.0014,0.751,0.1591,-0.909,0.0002,0.693,0.2628,-0.9084,-0.03,0.0505,54.31
2208105078,(주)원익큐브,0.0231,0.3295,0.0249,0.0184,0.664,0.9302,0.0008,0.001,0.0007,0.0006,0.0117,0.3064,-0.3046,-0.0065,0.6456,0.2662,-0.9294,0.0002,-0.0003,-0.0001,0.0111,54.24
1418135551,주식회사탑엔제이,,,,,,,,0.0008,0.015,0.0772,0.0328,,,,,,,,0.0142,0.0622,-0.0444,54.17
2208196244,(주)엔투비,0.0005,0.0134,0.0015,0.0006,0.0005,0.0014,0.0023,0.0009,0.0003,0.0006,0.006,0.0129,-0.0119,-0.0009,-0.0001,0.0009,0.0009,-0.0014,-0.0006,0.0003,0.0054,54.12
1368119622,거승철강(주),0.0012,0.0003,0.0004,0.0003,0.0002,0.001,0.0003,0.0008,0.0012,0.0021,0.0031,-0.0009,0.0001,-0.0001,-0.0001,0.0008,-0.0007,0.0005,0.0004,0.0009,0.001,54.1
2208871844,주식회사빗썸,,,0.0002,0.0001,0.0017,0.0012,0.0011,0.0006,0.0003,0.0025,0.004,,,-0.0001,0.0016,-0.0005,-0.0001,-0.0005,-0.0003,0.0022,0.0015,54.09
3388600947,(주)오리엔트푸드,,,,,0.0012,0.0723,0.0068,0.0128,0.0027,0.0067,0.0078,,,,,0.0711,-0.0655,0.006,-0.0101,0.004,0.0011,54.05
1108130979,(주)대림,0.0935,0.0208,0.0035,0.0012,0.0009,0.0029,0.0011,0.0017,0.001,0.4617,0.1273,-0.0727,-0.0173,-0.0023,-0.0003,0.002,-0.0018,0.0006,-0.0007,0.4607,-0.3344,54.0
4188104088,전인석유주식회사,,,,,,0.0029,0.0075,0.0271,0.0341,0.0419,0.0337,,,,,,0.0046,0.0196,0.007,0.0078,-0.0082,53.95
6038173596,(주)남궁튜나,,,,0.0006,0.0005,0.0018,0.0011,0.0004,0.0003,0.001,0.0035,,,,-0.0001,0.0013,-0.0007,-0.0007,-0.0001,0.0007,0.0025,53.95
2158748437,스마트엠케어(주),0.0092,0.0022,0.0003,0.0008,0.0044,0.0004,0.0002,0.0002,0.0001,0.0002,0.0051,-0.007,-0.0019,0.0005,0.0036,-0.004,-0.0002,0.0,-0.0001,0.0001,0.0049,53.92
8268700683,주식회사테크리치코리아,,,,,,,0.001,0.0001,0.0001,0.0003,0.0038,,,,,,,-0.0009,0.0,0.0002,0.0035,53.81
1298681706,주식회사비알에프에스(BRFS),,,,,,,,0.001,0.0008,0.0004,0.0122,,,,,,,,-0.0002,-0.0004,0.0118,53.76
2568801236,주식회사씨더블유리싸이클링,,,,,,,0.0007,0.0007,0.0007,0.0018,0.0031,,,,,,,0.0,0.0,0.0011,0.0013,53.74
1108133772,제이씨현시스템(주),0.0598,0.0029,0.0009,0.0004,0.0001,0.0112,0.0004,0.0005,0.2184,0.5579,0.018,-0.0569,-0.002,-0.0005,-0.0003,0.0111,-0.0108,0.0001,0.2179,0.3395,-0.5399,53.69
6218113387,(주)덕강금속,0.0006,0.0021,0.0637,0.5192,0.0077,0.6965,0.0065,0.0129,0.0015,0.0027,0.0065,0.0015,0.0616,0.4555,-0.5115,0.6888,-0.69,0.0064,-0.0114,0.0012,0.0038,53.69
5038136156,(주)북부모터스,0.0015,0.0009,0.0008,0.0003,0.001,0.0026,0.0016,0.0013,0.0034,0.0035,0.0044,-0.0006,-0.0001,-0.0005,0.0007,0.0016,-0.001,-0.0003,0.0021,0.0001,0.0009,53.64
1068185626,(주)비욘드테크,,,,,,,0.0009,0.0053,0.3818,0.0011,0.0064,,,,,,,0.0044,0.3765,-0.3807,0.0053,53.57
2118671545,펜디코리아(주),0.3961,0.0006,0.0001,0.031,0.0008,0.0009,0.0004,0.0002,0.0,0.455,0.0684,-0.3955,-0.0005,0.0309,-0.0302,0.0001,-0.0005,-0.0002,-0.0002,0.455,-0.3866,53.54
1268625817,주식회사제니스미트,,,,,,0.0002,0.0002,0.0002,0.0001,0.0002,0.0047,,,,,,0.0,0.0,-0.0001,0.0001,0.0045,53.51
1048632768,주식회사플러스덴,,,,,,,,0.0015,0.0011,0.0036,0.0044,,,,,,,,-0.0004,0.0025,0.0008,53.5
1068178464,아우시스템(주),,,,,,,,0.0012,0.0003,0.0004,0.0077,,,,,,,,-0.0009,0.0001,0.0073,53.5
1348179323,(주)대현특수강,,,,,,,,0.0031,0.0046,0.7383,0.0224,,,,,,,,0.0015,0.7337,-0.7159,53.49
2048648745,주식회사곰소식품,,,,,,,,0.0022,0.001,0.0021,0.0052,,,,,,,,-0.0012,0.0011,0.0031,53.49
3058615057,탑앤탑미트(주),,,,,,0.0009,0.0003,0.0006,0.1305,0.3075,0.0202,,,,,,-0.0006,0.0003,0.1299,0.177,-0.2873,53.48
1278607957,(주)두일티피에스,0.0015,0.0711,0.0062,0.0032,0.0023,0.0051,0.0031,0.0028,0.0021,0.0025,0.0057,0.0696,-0.0649,-0.003,-0.0009,0.0028,-0.002,-0.0003,-0.0007,0.0004,0.0032,53.48
2148129658,(주)남신약품,0.002,0.0031,0.0035,0.0024,0.0021,0.0096,0.003,0.0072,0.1561,0.0011,0.0065,0.0011,0.0004,-0.0011,-0.0003,0.0075,-0.0066,0.0042,0.1489,-0.155,0.0054,53.47
6038158066,주식회사서흥,0.0002,0.0006,0.0003,0.0005,0.0042,0.004,0.0025,0.0009,0.0007,0.0946,0.0631,0.0004,-0.0003,0.0002,0.0037,-0.0002,-0.0015,-0.0016,-0.0002,0.0939,-0.0315,53.47
1428178494,주식회사가락공판장본점,,,,,,,,0.0014,0.0074,0.6271,0.0207,,,,,,,,0.006,0.6197,-0.6064,53.43
1278627026,(주)세계로유통,0.0161,0.0265,0.0009,0.0009,0.0004,0.0004,0.0005,0.0001,0.0001,0.0003,0.0035,0.0104,-0.0256,0.0,-0.0005,0.0,0.0001,-0.0004,0.0,0.0002,0.0032,53.42
2088120986,주식회사상일기업,0.0003,,,0.0001,0.0002,0.0004,0.0832,0.3706,0.0005,0.0002,0.0299,,,,0.0001,0.0002,0.0828,0.2874,-0.3701,-0.0003,0.0297,53.34
4038141422,(주)대동철강,,,,,,,0.0021,0.0016,0.0126,0.0912,0.0249,,,,,,,-0.0005,0.011,0.0786,-0.0663,53.34
1228158193,에스카테크(주),,,,,0.0002,0.0002,0.0001,0.0002,0.0001,0.0005,0.0034,,,,,0.0,-0.0001,0.0001,-0.0001,0.0004,0.0029,53.32
3928800023,(주)무지개약품,,,,,,0.0006,0.0015,0.0011,0.0005,0.0034,0.0044,,,,,,0.0009,-0.0004,-0.0006,0.0029,0.001,53.32
1078152962,제일물산(주),0.5873,0.0839,0.0566,0.0011,0.021,0.0119,0.3677,0.097,0.2026,0.4288,0.0196,-0.5034,-0.0273,-0.0555,0.0199,-0.0091,0.3558,-0.2707,0.1056,0.2262,-0.4092,53.3
3038132040,대화철강(주),0.0004,0.0006,0.0009,0.0005,0.0004,0.0008,0.0005,0.0007,0.0006,0.0008,0.004,0.0002,0.0003,-0.0004,-0.0001,0.0004,-0.0003,0.0002,-0.0001,0.0002,0.0032,53.29
1308661321,주식회사크로스몰,,,,,,0.0008,0.0011,0.0181,0.0022,0.0027,0.0074,,,,,,0.0003,0.017,-0.0159,0.0005,0.0047,53.27
1048156237,이제너두(주),0.1292,0.0319,0.2628,0.0737,0.4724,0.0136,0.0018,0.0008,0.0004,0.0029,0.0039,-0.0973,0.2309,-0.1891,0.3987,-0.4588,-0.0118,-0.001,-0.0004,0.0025,0.001,53.27
1068147845,정림전자주식회사,0.0003,0.0004,0.0004,0.0001,0.0002,0.0009,0.0014,0.0004,0.0012,0.2172,0.0295,0.0001,0.0,-0.0003,0.0001,0.0007,0.0005,-0.001,0.0008,0.216,-0.1877,53.26
1198122025,한신칼라스틸(주),0.0129,0.0013,0.0068,0.0026,0.0019,0.0044,0.0007,0.0019,0.0013,0.0009,0.0149,-0.0116,0.0055,-0.0042,-0.0007,0.0025,-0.0037,0.0012,-0.0006,-0.0004,0.014,53.25
8938100551,(주)에프엠가구,,,,,,,,0.0026,0.0008,0.003,0.0051,,,,,,,,-0.0018,0.0022,0.0021,53.23
1268608633,주식회사티앤아이,,,0.0007,0.0017,0.011,0.0061,0.0004,0.0004,0.0058,0.0371,0.0224,,,0.001,0.0093,-0.0049,-0.0057,0.0,0.0054,0.0313,-0.0147,53.23
1208785376,주식회사이너스원,,,0.0004,0.0001,0.0,0.0001,0.0001,0.0002,0.0004,0.0344,0.0267,,,-0.0003,-0.0001,0.0001,0.0,0.0001,0.0002,0.034,-0.0077,53.17
1528100260,주식회사메디원코리아,,,0.0009,0.0593,0.5372,0.0401,0.029,0.0301,0.0328,0.1009,0.0287,,,0.0584,0.4779,-0.4971,-0.0111,0.0011,0.0027,0.0681,-0.0722,53.17
2138636068,주식회사다성홀딩스,0.074,0.0448,0.0281,0.007,0.0045,0.009,0.002,0.0041,0.0071,0.0331,0.0226,-0.0292,-0.0167,-0.0211,-0.0025,0.0045,-0.007,0.0021,0.003,0.026,-0.0105,53.16
1298649220,주식회사위드안,,,,,,,,0.0012,0.0002,0.0009,0.0048,,,,,,,,-0.001,0.0007,0.0039,53.15
1428117070,(주)한림MS,0.0003,0.107,0.0201,0.002,0.0002,0.0005,0.0001,0.0004,0.0058,0.0002,0.0065,0.1067,-0.0869,-0.0181,-0.0018,0.0003,-0.0004,0.0003,0.0054,-0.0056,0.0063,53.15
3128158627,서울금속주식회사,,,,,,,0.0037,0.0025,0.0011,0.003,0.0049,,,,,,,-0.0012,-0.0014,0.0019,0.0019,53.15
5058107773,현대기전(주),0.0003,0.0008,0.0003,0.0002,0.0004,0.0007,0.3283,0.0978,0.0005,0.0011,0.007,0.0005,-0.0005,-0.0001,0.0002,0.0003,0.3276,-0.2305,-0.0973,0.0006,0.0059,53.13
2208172771,퀼트하우스주식회사,0.6563,0.0218,0.0142,0.0786,0.0602,0.1396,0.2914,0.2458,0.6487,0.4031,0.3928,-0.6345,-0.0076,0.0644,-0.0184,0.0794,0.1518,-0.0456,0.4029,-0.2456,-0.0103,53.13
1308154204,(주)고려정보통신,0.0222,0.2745,0.0293,0.0034,0.004,0.0024,0.002,0.0053,0.0064,0.0014,0.0075,0.2523,-0.2452,-0.0259,0.0006,-0.0016,-0.0004,0.0033,0.0011,-0.005,0.0061,53.11
1868101165,세신어패럴주식회사,,,,,0.0003,0.0002,0.0002,0.0002,0.0001,0.0002,0.0044,,,,,-0.0001,0.0,0.0,-0.0001,0.0001,0.0042,53.1
6168100406,삼화석유주식회사,0.0008,0.0006,0.0003,0.0002,0.0005,0.0007,0.001,0.0007,0.0002,0.0003,0.006,-0.0002,-0.0003,-0.0001,0.0003,0.0002,0.0003,-0.0003,-0.0005,0.0001,0.0057,53.06
1078653160,굿모닝아이텍(주),0.0029,0.0008,0.0003,0.0015,0.0004,0.0013,0.0005,0.0004,0.0034,0.0021,0.0065,-0.0021,-0.0005,0.0012,-0.0011,0.0009,-0.0008,-0.0001,0.003,-0.0013,0.0044,53.03
2128199425,주식회사리컴퍼니,,,,,,,,0.0016,0.0339,0.2821,0.019,,,,,,,,0.0323,0.2482,-0.2631,53.03
2048600076,센트럴메디컬서비스(주),,,0.0005,0.0001,0.0004,0.0003,0.0002,0.001,0.0515,0.0022,0.0064,,,-0.0004,0.0003,-0.0001,-0.0001,0.0008,0.0505,-0.0493,0.0042,52.83
2228132912,삼척에코건자재주식회사,0.0015,0.0258,0.4909,0.1629,0.8619,0.0011,0.0097,0.0003,0.1235,0.2842,0.0163,0.0243,0.4651,-0.328,0.699,-0.8608,0.0086,-0.0094,0.1232,0.1607,-0.2679,52.82
4188601752,주식회사1004마트,,,,,,,,0.0034,0.0084,0.0615,0.0214,,,,,,,,0.005,0.0531,-0.0401,52.75
4088189585,주식회사엠712빌딩,,,,,,0.0012,0.2101,0.8935,0.3012,0.7645,0.2528,,,,,,0.2089,0.6834,-0.5923,0.4633,-0.5117,52.71
2188117187,주식회사삼원특수지,0.0014,0.0012,0.0009,0.0006,0.0003,0.0027,0.0007,0.0003,0.0005,0.0013,0.0024,-0.0002,-0.0003,-0.0003,-0.0003,0.0024,-0.002,-0.0004,0.0002,0.0008,0.0011,52.7
1298177702,(주)애플라인드,,0.0034,0.0901,0.0212,0.0039,0.0086,0.0062,0.4865,0.0124,0.6521,0.1892,,0.0867,-0.0689,-0.0173,0.0047,-0.0024,0.4803,-0.4741,0.6397,-0.4629,52.61
2128148697,(주)쎄븐,0.0026,0.0052,0.0065,0.0069,0.005,0.0052,0.0058,0.007,0.0072,0.0009,0.0076,0.0026,0.0013,0.0004,-0.0019,0.0002,0.0006,0.0012,0.0002,-0.0063,0.0067,52.6
1088175158,주식회사피자스쿨,,,,,0.0001,0.0002,,0.0005,0.0008,0.0011,0.0027,,,,,0.0001,,,0.0003,0.0003,0.0016,52.58
6158134918,쌍용철강(주),,,,,,,,0.0014,0.0007,0.0017,0.004,,,,,,,,-0.0007,0.001,0.0023,52.56
1068690478,(주)엠티에프시스템,,,,,,,0.0012,0.0001,0.0002,0.3017,0.0269,,,,,,,-0.0011,0.0001,0.3015,-0.2748,52.54
1078196301,주식회사다우엔터프라이즈,0.0927,0.3128,0.0006,0.0003,,,0.2448,0.8506,0.0776,0.3469,0.2117,0.2201,-0.3122,-0.0003,,,,0.6058,-0.773,0.2693,-0.1352,52.51
5138185071,주식회사티에스,,,,,,,0.0008,0.0004,0.0006,0.0005,0.0047,,,,,,,-0.0004,0.0002,-0.0001,0.0042,52.49
1348620225,에이원스틸(주),,0.0029,0.0076,0.0131,0.0119,0.012,0.0136,0.0187,0.0169,0.724,0.0968,,0.0047,0.0055,-0.0012,0.0001,0.0016,0.0051,-0.0018,0.7071,-0.6272,52.46
1328154248,주식회사에너지프라자,0.3148,0.167,0.1925,0.1808,0.288,0.2398,0.1005,0.141,0.0505,0.3265,0.1725,-0.1478,0.0255,-0.0117,0.1072,-0.0482,-0.1393,0.0405,-0.0905,0.276,-0.154,52.44
2118100540,(주)토탈베이커리시스템,,,,,,,0.0034,0.0009,0.0018,0.3175,0.0204,,,,,,,-0.0025,0.0009,0.3157,-0.2971,52.31
1348154564,(주)모다이노칩,0.0001,0.0001,0.0011,0.0009,0.0008,0.0041,0.0031,0.003,0.2313,0.3676,0.0134,0.0,0.001,-0.0002,-0.0001,0.0033,-0.001,-0.0001,0.2283,0.1363,-0.3542,52.28
1198618583,한티진앤(주),,,,,0.0006,0.001,0.0003,0.0114,0.7009,0.9377,0.0114,,,,,0.0004,-0.0007,0.0111,0.6895,0.2368,-0.9263,52.27
1358611224,주식회사케이포스,,0.001,0.0001,0.0003,0.0003,0.4101,0.0033,0.0018,0.0019,0.0021,0.0032,,-0.0009,0.0002,0.0,0.4098,-0.4068,-0.0015,0.0001,0.0002,0.0011,52.26
1138677468,(주)지우무역,,,,,0.0003,0.0003,0.0001,0.0003,0.0001,0.0007,0.0031,,,,,0.0,-0.0002,0.0002,-0.0002,0.0006,0.0024,52.25
6158151256,금성철강(주),,,,,,,,0.0036,0.018,0.0029,0.0062,,,,,,,,0.0144,-0.0151,0.0033,52.25
5028603579,주식회사한국메디텍,,,,,,,0.0005,0.0003,0.0003,0.0011,0.0024,,,,,,,-0.0002,0.0,0.0008,0.0013,52.23
1308635051,(주)제이아이디코퍼레이션,,,,0.0006,0.0006,0.0037,0.0008,0.0017,0.0245,0.0012,0.0057,,,,0.0,0.0031,-0.0029,0.0009,0.0228,-0.0233,0.0045,52.23
1208624431,수창에스앤피주식회사,,,0.0005,0.0005,0.0003,0.023,0.0009,0.0005,0.2357,0.7679,0.0094,,,0.0,-0.0002,0.0227,-0.0221,-0.0004,0.2352,0.5322,-0.7585,52.23
1378176567,주식회사심존,,,,,,,,0.0012,0.0002,0.0004,0.0052,,,,,,,,-0.001,0.0002,0.0048,52.18
1308629170,주식회사바이킹마켓,,,,,,,,0.0028,0.0127,0.2377,0.0158,,,,,,,,0.0099,0.225,-0.2219,52.17
6068629191,한일제조공동물류(주),,,,0.0015,0.0056,0.5807,0.0051,0.0185,0.0152,0.009,0.0255,,,,0.0041,0.5751,-0.5756,0.0134,-0.0033,-0.0062,0.0165,52.14
2208715073,(주)파스텔세상,0.0008,0.0002,0.0003,0.0002,0.0003,0.1962,0.0005,0.0003,0.0001,0.413,0.0452,-0.0006,0.0001,-0.0001,0.0001,0.1959,-0.1957,-0.0002,-0.0002,0.4129,-0.3678,52.14
1068674236,주식회사비원시스템,,,,,,,,0.002,0.0007,0.0007,0.0084,,,,,,,,-0.0013,0.0,0.0077,52.13
6018134210,(주)해안이앤디,0.808,0.0858,,,,0.0017,0.0002,0.0003,0.0006,0.0001,0.0054,-0.7222,,,,,-0.0015,0.0001,0.0003,-0.0005,0.0053,52.13
8088101528,엠메디컬주식회사,,,,,,,,0.0021,0.0037,0.0865,0.0197,,,,,,,,0.0016,0.0828,-0.0668,52.07
2158179563,주식회사인산엠티에스,0.0009,0.0013,0.0003,0.0012,0.0006,0.0013,0.0002,0.0013,0.0011,0.0005,0.0087,0.0004,-0.001,0.0009,-0.0006,0.0007,-0.0011,0.0011,-0.0002,-0.0006,0.0082,52.07
6218613999,한국목재(주),,,,0.0013,0.0048,0.0331,0.0017,0.0054,0.0218,0.0465,0.0162,,,,0.0035,0.0283,-0.0314,0.0037,0.0164,0.0247,-0.0303,51.98
6108160240,주식회사문수메디칼,,,,,,,,0.001,0.0009,0.0003,0.0072,,,,,,,,-0.0001,-0.0006,0.0069,51.94
1248651736,주식회사원팩,,,,,,,0.0013,0.0014,0.0025,0.0151,0.0133,,,,,,,0.0001,0.0011,0.0126,-0.0018,51.94
2018121970,주식회사더성도,0.6917,0.136,0.1239,0.0548,0.0466,0.0752,0.0803,0.0255,0.0258,0.0015,0.0068,-0.5557,-0.0121,-0.0691,-0.0082,0.0286,0.0051,-0.0548,0.0003,-0.0243,0.0053,51.87
1058105764,시리얼마이크로일렉트로닉스코리아(주),0.0041,0.0015,0.0498,0.0148,0.0003,0.2429,0.6048,0.0021,0.0002,0.0007,0.0046,-0.0026,0.0483,-0.035,-0.0145,0.2426,0.3619,-0.6027,-0.0019,0.0005,0.0039,51.86
1348134914,주식회사삼원색,0.0054,0.0032,0.0024,0.0011,0.0014,0.0012,0.0032,0.0384,0.0103,0.7196,0.1057,-0.0022,-0.0008,-0.0013,0.0003,-0.0002,0.002,0.0352,-0.0281,0.7093,-0.6139,51.83
1058714362,(주)가을디에스,,,,,,0.0014,0.0006,0.0028,0.0008,0.1919,0.0918,,,,,,-0.0008,0.0022,-0.002,0.1911,-0.1001,51.81
1108120812,주식회사두베스트,0.5734,0.8791,0.0029,0.4581,0.0048,0.0037,0.0021,0.0012,0.0182,0.0141,0.0143,0.3057,-0.8762,0.4552,-0.4533,-0.0011,-0.0016,-0.0009,0.017,-0.0041,0.0002,51.75
1288640473,주식회사트렉시,,,,,,0.0009,0.0002,0.0004,0.0004,0.1941,0.0252,,,,,,-0.0007,0.0002,0.0,0.1937,-0.1689,51.74
2188122088,주식회사타라유통,0.0093,0.0052,0.0005,0.0062,0.0048,0.0017,0.0004,0.0008,0.0011,0.1438,0.0203,-0.0041,-0.0047,0.0057,-0.0014,-0.0031,-0.0013,0.0004,0.0003,0.1427,-0.1235,51.72
6648600491,현일산업주식회사,,,,,,,,0.0017,0.0004,0.0004,0.0075,,,,,,,,-0.0013,0.0,0.0071,51.69
1378131880,(주)씨에스컴,0.003,0.0008,0.0015,0.0017,0.0019,0.0126,0.0012,0.0009,0.0009,0.0009,0.0039,-0.0022,0.0007,0.0002,0.0002,0.0107,-0.0114,-0.0003,0.0,0.0,0.003,51.68
2208872810,주식회사하나코드,0.0005,0.0002,0.0007,0.0006,0.0001,0.0003,0.0004,0.001,0.0002,0.0005,0.0041,-0.0003,0.0005,-0.0001,-0.0005,0.0002,0.0001,0.0006,-0.0008,0.0003,0.0036,51.66
1308660598,(주)한국하이티엔,0.0007,0.0004,0.0654,0.0064,0.2682,0.1812,0.0012,0.0024,0.0007,0.0019,0.004,-0.0003,0.065,-0.059,0.2618,-0.087,-0.18,0.0012,-0.0017,0.0012,0.0021,51.63
1348665538,주식회사태양,,,,,,0.0015,0.0012,0.0044,0.0432,0.4649,0.0107,,,,,,-0.0003,0.0032,0.0388,0.4217,-0.4542,51.58
6528701010,한화임팩트글로벌(주),,,,,,0.0023,0.0434,0.3544,0.0962,0.4373,0.1543,,,,,,0.0411,0.311,-0.2582,0.3411,-0.283,51.53
8518700559,주식회사더리모,,,,,,,,0.0009,0.0002,0.0003,0.0049,,,,,,,,-0.0007,0.0001,0.0046,51.51
2048606823,시마세이키코리아(주),0.0007,0.0004,0.0008,0.0004,0.0007,0.001,0.0039,0.0245,0.0152,0.0003,0.0219,-0.0003,0.0004,-0.0004,0.0003,0.0003,0.0029,0.0206,-0.0093,-0.0149,0.0216,51.47
2178117393,(주)반디,,,,,,,,0.0008,0.0186,0.0028,0.0054,,,,,,,,0.0178,-0.0158,0.0026,51.45
1298670043,(주)선우프레시,,,0.0012,0.0001,0.0001,0.0003,0.0003,0.0005,0.2075,0.0042,0.0056,,,-0.0011,0.0,0.0002,0.0,0.0002,0.207,-0.2033,0.0014,51.4
1338141218,주식회사이비씨코리아,,0.0012,0.0,0.0001,0.0001,0.0014,0.0002,0.0256,0.0002,0.0022,0.0042,,-0.0012,0.0001,0.0,0.0013,-0.0012,0.0254,-0.0254,0.002,0.002,51.4
5028601533,지엔비오토모빌(주),0.0008,0.0021,0.0008,0.0054,0.004,0.0232,0.3503,0.027,0.5258,0.7848,0.0085,0.0013,-0.0013,0.0046,-0.0014,0.0192,0.3271,-0.3233,0.4988,0.259,-0.7763,51.4
2208739639,노키아솔루션앤네트웍스코리아(주),0.0022,0.0009,0.004,0.0024,0.0083,0.0018,0.005,0.0099,0.0002,0.0018,0.0041,-0.0013,0.0031,-0.0016,0.0059,-0.0065,0.0032,0.0049,-0.0097,0.0016,0.0023,51.39
5148130827,주식회사남북메디칼,,,,,0.0008,0.0003,0.0005,0.0005,0.0001,0.0004,0.0033,,,,,-0.0005,0.0002,0.0,-0.0004,0.0003,0.0029,51.38
5028610105,(주)에스앤에스컴퍼니,0.0004,0.0001,0.0001,0.0001,0.0001,0.0002,0.0419,0.0481,0.0001,0.0002,0.0071,-0.0003,0.0,0.0,0.0,0.0001,0.0417,0.0062,-0.048,0.0001,0.0069,51.36
3818102148,(주)아웃사이드인컴퍼니,,,,,,,0.0006,0.0024,0.052,0.0054,0.0064,,,,,,,0.0018,0.0496,-0.0466,0.001,51.34
3168701943,주식회사액세스나인,,,,,,,0.0005,0.0084,0.1106,0.117,0.0178,,,,,,,0.0079,0.1022,0.0064,-0.0992,51.32
1408134073,주식회사원일유통,,0.0047,0.0061,0.0023,,0.001,0.0004,0.0003,0.0002,0.0004,0.0029,,0.0014,-0.0038,,,-0.0006,-0.0001,-0.0001,0.0002,0.0025,51.31
4088106696,(주)광주지오팜,0.0018,0.0004,0.0009,0.0003,0.0005,0.0005,0.0004,0.0007,0.0012,0.0013,0.0027,-0.0014,0.0005,-0.0006,0.0002,0.0,-0.0001,0.0003,0.0005,0.0001,0.0014,51.28
6038127113,건창산기(주),0.0195,0.0168,0.0215,0.1486,0.0593,0.0093,0.0084,0.1313,0.0649,0.0321,0.0395,-0.0027,0.0047,0.1271,-0.0893,-0.05,-0.0009,0.1229,-0.0664,-0.0328,0.0074,51.27
2208733028,현대그린테크(주),,,,0.0017,0.0001,0.0003,0.0084,0.0167,0.0015,0.0019,0.0052,,,,-0.0016,0.0002,0.0081,0.0083,-0.0152,0.0004,0.0033,51.24
6038146124,(주)동남약품,0.3128,0.0066,0.059,0.0092,0.0025,0.0019,0.0009,0.0009,0.0028,0.0017,0.0048,-0.3062,0.0524,-0.0498,-0.0067,-0.0006,-0.001,0.0,0.0019,-0.0011,0.0031,51.22
2068188675,(주)데이썬,0.0007,0.0001,0.0005,0.1599,0.0138,0.0003,0.0001,0.0003,0.0002,0.0002,0.0039,-0.0006,0.0004,0.1594,-0.1461,-0.0135,-0.0002,0.0002,-0.0001,0.0,0.0037,51.17
6178607765,(주)MK,,,,0.001,0.0002,0.0005,0.0005,0.0005,0.0122,0.0028,0.0052,,,,-0.0008,0.0003,0.0,0.0,0.0117,-0.0094,0.0024,51.17
8178800309,주식회사로하스메디,,,,,,,0.0009,0.0003,0.0005,0.0013,0.002,,,,,,,-0.0006,0.0002,0.0008,0.0007,51.16
1018608274,서한글로비즈주식회사,0.0298,0.0008,0.0017,0.0004,0.0009,0.0004,0.0004,0.1562,0.0002,0.0003,0.0074,-0.029,0.0009,-0.0013,0.0005,-0.0005,0.0,0.1558,-0.156,0.0001,0.0071,51.14
8348800774,비피에너지주식회사,,,,,,0.0006,0.0007,0.007,0.0016,0.0015,0.0109,,,,,,0.0001,0.0063,-0.0054,-0.0001,0.0094,51.02
2298116607,(주)서울지오팜,0.0066,0.0011,0.0018,0.0007,0.001,0.0028,0.0011,0.0008,0.0009,0.0013,0.0022,-0.0055,0.0007,-0.0011,0.0003,0.0018,-0.0017,-0.0003,0.0001,0.0004,0.0009,51.0
1348125389,신일전자(주),0.3704,0.7718,0.003,0.0009,0.0003,0.0058,0.001,0.0008,0.0061,0.1815,0.0117,0.4014,-0.7688,-0.0021,-0.0006,0.0055,-0.0048,-0.0002,0.0053,0.1754,-0.1698,50.99
2158169804,글로벌통상주식회사,0.0018,0.587,0.1122,0.0295,0.5353,0.0356,0.8529,0.5562,0.1228,0.7846,0.1097,0.5852,-0.4748,-0.0827,0.5058,-0.4997,0.8173,-0.2967,-0.4334,0.6618,-0.6749,50.95
1138627371,캐논메디칼시스템즈코리아주식회사,0.1581,0.0121,0.1497,0.0019,0.295,0.0025,0.0007,0.0015,0.0006,0.002,0.0032,-0.146,0.1376,-0.1478,0.2931,-0.2925,-0.0018,0.0008,-0.0009,0.0014,0.0012,50.95
1098116996,(주)거원유통,,,,,,,0.0016,0.0026,0.0019,0.0026,0.0036,,,,,,,0.001,-0.0007,0.0007,0.001,50.92
6038142884,홍스틸주식회사,0.6993,0.0161,0.004,0.023,0.4121,0.5733,0.0067,0.0065,0.0068,0.0209,0.0138,-0.6832,-0.0121,0.019,0.3891,0.1612,-0.5666,-0.0002,0.0003,0.0141,-0.0071,50.9
2118700542,(주)비엠케이리미티드,0.0024,0.1062,0.0278,0.5143,0.7552,0.1035,0.0149,0.0142,0.0025,0.525,0.0798,0.1038,-0.0784,0.4865,0.2409,-0.6517,-0.0886,-0.0007,-0.0117,0.5225,-0.4452,50.87
6038163012,(주)정안네트웍스,,,,,0.0018,0.0031,0.0052,0.0792,0.0778,0.6463,0.0604,,,,,0.0013,0.0021,0.074,-0.0014,0.5685,-0.5859,50.86
4558700031,티앤티주식회사,,,,,,,,0.0011,0.0002,0.0003,0.0046,,,,,,,,-0.0009,0.0001,0.0043,50.83
1138167121,주식회사아이씨뱅킹,,,,,,,0.0009,0.0005,0.0003,0.0009,0.0025,,,,,,,-0.0004,-0.0002,0.0006,0.0016,50.83
6078612373,(주)마임메디,,,,,,,,0.0016,0.0032,0.0151,0.0111,,,,,,,,0.0016,0.0119,-0.004,50.82
1198613384,주식회사케이아이씨팜,,,0.0012,0.0005,0.0004,0.0023,0.001,0.0068,0.0021,0.0008,0.0152,,,-0.0007,-0.0001,0.0019,-0.0013,0.0058,-0.0047,-0.0013,0.0144,50.78
2148854966,주식회사신화테크이엔지,,,,,,,0.0003,0.0001,0.0001,0.0001,0.0032,,,,,,,-0.0002,0.0,0.0,0.0031,50.75
1268634257,주식회사에버커머스,,,,,0.0006,0.001,0.0006,0.0007,0.0001,0.0003,0.0035,,,,,0.0004,-0.0004,0.0001,-0.0006,0.0002,0.0032,50.72
1198690611,주식회사클리어디스플레이,,,,,,,0.0012,0.0003,0.0011,0.0005,0.0041,,,,,,,-0.0009,0.0008,-0.0006,0.0036,50.7
1058155304,삼영무역(주),0.0036,0.0104,0.0043,0.0007,0.0012,0.0152,0.0009,0.0011,0.0005,0.0018,0.0029,0.0068,-0.0061,-0.0036,0.0005,0.014,-0.0143,0.0002,-0.0006,0.0013,0.0011,50.69
1208602460,(주)서플러스글로벌,0.0012,0.0023,0.0015,0.0002,0.0001,0.0055,0.0006,0.0009,0.0003,0.0008,0.0031,0.0011,-0.0008,-0.0013,-0.0001,0.0054,-0.0049,0.0003,-0.0006,0.0005,0.0023,50.68
2118610024,(주)풍성,0.0446,0.0007,0.0031,0.0001,0.0015,0.0029,0.0015,0.0002,0.0028,0.0312,0.0114,-0.0439,0.0024,-0.003,0.0014,0.0014,-0.0014,-0.0013,0.0026,0.0284,-0.0198,50.68
3038114339,농업회사법인월드그린주식회사,,0.0028,0.001,0.0007,0.0017,0.0035,0.0007,0.2172,0.0428,0.0029,0.0229,,-0.0018,-0.0003,0.001,0.0018,-0.0028,0.2165,-0.1744,-0.0399,0.02,50.55
6168606083,형제상사주식회사,,,,,,,,0.0008,0.0004,0.0009,0.0028,,,,,,,,-0.0004,0.0005,0.0019,50.54
2048623249,(주)청담약품,,,,,,0.0014,0.0005,0.0011,0.0016,0.0008,0.0042,,,,,,-0.0009,0.0006,0.0005,-0.0008,0.0034,50.46
2218801152,주식회사하이리퍼브테크,,,,,,,,0.0013,0.0003,0.0006,0.0035,,,,,,,,-0.001,0.0003,0.0029,50.45
1208791771,(주)유니정보,,,,,,,0.0009,0.0041,0.0788,0.7888,0.006,,,,,,,0.0032,0.0747,0.71,-0.7828,50.42
2118726668,(주)바이서치코리아,0.0003,0.0004,0.0005,0.0006,0.0014,0.003,0.0008,0.3966,0.0092,0.0017,0.0208,0.0001,0.0001,0.0001,0.0008,0.0016,-0.0022,0.3958,-0.3874,-0.0075,0.0191,50.39
1288676836,(주)해성마트일산,,,,,0.001,0.0028,0.001,0.0017,0.0026,0.2204,0.0113,,,,,0.0018,-0.0018,0.0007,0.0009,0.2178,-0.2091,50.38
6098124716,동부석유주식회사,,,,,0.0002,0.0004,0.0006,0.0007,0.0002,0.0007,0.0028,,,,,0.0002,0.0002,0.0001,-0.0005,0.0005,0.0021,50.33
1798600692,(주)롤스웰,,,,,,0.001,0.0011,0.0049,0.0516,0.0678,0.0104,,,,,,0.0001,0.0038,0.0467,0.0162,-0.0574,50.33
2158165851,(주)엠이씨인더스트리,,,,,,,,0.0019,0.0037,0.0411,0.0105,,,,,,,,0.0018,0.0374,-0.0306,50.21
2148165071,지에스엠비즈주식회사,0.609,0.1525,0.0042,0.0013,0.0007,0.0014,0.0009,0.0008,0.0008,0.0006,0.0039,-0.4565,-0.1483,-0.0029,-0.0006,0.0007,-0.0005,-0.0001,0.0,-0.0002,0.0033,50.19
5338800357,창원뉴스테이(주),,,,,0.0054,0.1147,0.9039,0.0068,0.1342,0.2194,0.008,,,,,0.1093,0.7892,-0.8971,0.1274,0.0852,-0.2114,50.14
1318148248,씨케이글로벌(주),0.0108,0.0341,0.0012,0.3287,0.0016,0.0042,0.0017,0.0007,0.0006,0.0554,0.0197,0.0233,-0.0329,0.3275,-0.3271,0.0026,-0.0025,-0.001,-0.0001,0.0548,-0.0357,50.14
1298619008,(주)인터피드,0.0171,0.473,0.3707,0.0077,0.3907,0.3337,0.0046,0.0055,0.0119,0.0184,0.0096,0.4559,-0.1023,-0.363,0.383,-0.057,-0.3291,0.0009,0.0064,0.0065,-0.0088,50.12
1078681778,대유라이프주식회사,,,,,,,,0.0009,0.0008,0.0025,0.0027,,,,,,,,-0.0001,0.0017,0.0002,50.05
2208166721,성곤무역(주),,0.0006,0.0001,0.0001,0.0,0.0003,0.0002,0.0002,0.0001,0.0001,0.0032,,-0.0005,0.0,-0.0001,0.0003,-0.0001,0.0,-0.0001,0.0,0.0031,50.04
1248187035,에이치모터스주식회사,0.032,0.0679,0.0508,0.0365,0.0243,0.0052,0.0017,0.0011,0.0002,0.0006,0.0031,0.0359,-0.0171,-0.0143,-0.0122,-0.0191,-0.0035,-0.0006,-0.0009,0.0004,0.0025,50.03
2198123192,태성에스엔이,0.0,0.0001,0.0002,0.0001,0.0001,0.0002,0.0001,0.0003,0.0001,0.0003,0.0026,0.0001,0.0001,-0.0001,0.0,0.0001,-0.0001,0.0002,-0.0002,0.0002,0.0023,50.0
1408135543,(주)훼밀리팜,0.0024,0.0018,0.0037,0.0046,0.0009,0.0016,0.0012,0.0015,0.0017,0.0014,0.0038,-0.0006,0.0019,0.0009,-0.0037,0.0007,-0.0004,0.0003,0.0002,-0.0003,0.0024,49.97
6068624726,주식회사해조스틸,,,,,,0.0014,0.0003,0.0004,0.0003,0.0008,0.002,,,,,,-0.0011,0.0001,-0.0001,0.0005,0.0012,49.93
4028603148,주식회사서린에너지,,,,,,0.0018,0.0051,0.0123,0.0034,0.2173,0.0655,,,,,,0.0033,0.0072,-0.0089,0.2139,-0.1518,49.92
2148825078,주식회사엘유티,0.004,0.0021,0.0013,0.0006,0.0006,0.0006,0.0011,0.0021,0.0021,0.0008,0.0047,-0.0019,-0.0008,-0.0007,0.0,0.0,0.0005,0.001,0.0,-0.0013,0.0039,49.88
1308607195,(주)창성이스코,,,0.0011,0.0033,0.0187,0.0193,0.0043,0.0603,0.0242,0.0191,0.0229,,,0.0022,0.0154,0.0006,-0.015,0.056,-0.0361,-0.0051,0.0038,49.88
4098130622,선일모터스(주),,,,,,,,0.0025,0.0277,0.6719,0.006,,,,,,,,0.0252,0.6442,-0.6659,49.85
5218701394,(주)강릉식자재마트,,,,,,,,0.0016,0.0005,0.0775,0.0424,,,,,,,,-0.0011,0.077,-0.0351,49.85
5048117604,(주)성호철강,0.0022,0.0007,0.0011,0.0003,0.0003,0.001,0.0004,0.0003,0.0001,0.0001,0.0034,-0.0015,0.0004,-0.0008,0.0,0.0007,-0.0006,-0.0001,-0.0002,0.0,0.0033,49.84
1088149951,(주)마리오트로닉스,,0.0022,0.0001,0.0288,0.0003,0.0008,0.0003,0.0003,0.001,0.0013,0.0019,,-0.0021,0.0287,-0.0285,0.0005,-0.0005,0.0,0.0007,0.0003,0.0006,49.83
6528600275,주식회사룸코리아,,,,,,,,0.003,0.0027,0.0016,0.0065,,,,,,,,-0.0003,-0.0011,0.0049,49.83
6058146019,엔지유인터내셔날(주),0.0006,0.0021,0.0063,0.0127,0.0265,0.0079,0.0171,0.157,0.0277,0.0028,0.0188,0.0015,0.0042,0.0064,0.0138,-0.0186,0.0092,0.1399,-0.1293,-0.0249,0.016,49.81
1088197619,명준약품주식회사,,,,0.0011,0.0003,0.0009,0.0008,0.0017,0.0012,0.0009,0.0061,,,,-0.0008,0.0006,-0.0001,0.0009,-0.0005,-0.0003,0.0052,49.8
5028623143,주식회사에이더블유파트너스,,,,,,,0.0016,0.0023,0.0029,0.0108,0.0084,,,,,,,0.0007,0.0006,0.0079,-0.0024,49.8
4928101283,주식회사시앤유,,,,,,0.001,0.0003,0.0002,0.0007,0.0022,0.0023,,,,,,-0.0007,-0.0001,0.0005,0.0015,0.0001,49.71
1338122865,(주)한샘,0.0002,0.0002,0.0002,0.0001,0.0003,0.0005,0.0005,0.0006,0.5728,0.6964,0.0064,0.0,0.0,-0.0001,0.0002,0.0002,0.0,0.0001,0.5722,0.1236,-0.69,49.71
2208663919,(주)모터원,0.0015,0.0008,0.0003,0.0004,0.0008,0.0011,0.0005,0.0009,0.0001,0.0003,0.0032,-0.0007,-0.0005,0.0001,0.0004,0.0003,-0.0006,0.0004,-0.0008,0.0002,0.0029,49.7
6098134965,(주)창원충전소,0.0011,0.003,0.0095,0.0067,0.0036,0.0038,0.0799,0.0434,0.0052,0.0053,0.0066,0.0019,0.0065,-0.0028,-0.0031,0.0002,0.0761,-0.0365,-0.0382,0.0001,0.0013,49.57
6218173686,(주)웅상종합철강,,,,,,,,0.0012,0.0039,0.0433,0.0083,,,,,,,,0.0027,0.0394,-0.035,49.55
1208672869,주식회사피엠씨콥,0.0,0.0019,0.0201,0.0003,0.0003,0.0006,,0.0048,0.0003,0.0001,0.008,0.0019,0.0182,-0.0198,0.0,0.0003,,,-0.0045,-0.0002,0.0079,49.51
1078162437,주식회사명진강업,0.0012,0.0945,0.0009,0.0002,0.0003,0.002,0.0007,0.0011,0.0007,0.524,0.021,0.0933,-0.0936,-0.0007,0.0001,0.0017,-0.0013,0.0004,-0.0004,0.5233,-0.503,49.46
1408168608,(주)성한기업,0.0022,0.0026,0.0022,0.0008,0.0009,0.0013,0.0005,0.0003,0.0003,0.0348,0.012,0.0004,-0.0004,-0.0014,0.0001,0.0004,-0.0008,-0.0002,0.0,0.0345,-0.0228,49.42
1338139046,오에스피주식회사,,,,0.0008,0.0012,0.003,0.0013,0.0008,0.001,0.0011,0.0021,,,,0.0004,0.0018,-0.0017,-0.0005,0.0002,0.0001,0.001,49.41
1348663530,선린텔레텍(주),,,,,0.001,0.0132,0.0035,0.0142,0.0072,0.0014,0.0126,,,,,0.0122,-0.0097,0.0107,-0.007,-0.0058,0.0112,49.38
1168172642,(주)한제피앤에스,,,,0.002,0.0038,0.7048,0.9127,0.0163,0.0151,0.0096,0.0129,,,,0.0018,0.701,0.2079,-0.8964,-0.0012,-0.0055,0.0033,49.38
2118641401,주식회사부경에스엠,,,,,,0.0002,0.0002,0.0006,0.0002,0.0001,0.0043,,,,,,0.0,0.0004,-0.0004,-0.0001,0.0042,49.25
5048600689,(주)와이즈,0.0001,0.0006,0.0005,0.0,0.0002,0.0005,0.0002,0.0001,0.0359,0.049,0.0073,0.0005,-0.0001,-0.0005,0.0002,0.0003,-0.0003,-0.0001,0.0358,0.0131,-0.0417,49.15
2138638218,(주)에이치엘아이,,,0.0004,0.0003,0.0001,0.0002,0.0003,0.0003,0.0002,0.0277,0.013,,,-0.0001,-0.0002,0.0001,0.0001,0.0,-0.0001,0.0275,-0.0147,49.1
1358107012,(주)한미석유,0.0235,0.0025,0.0238,0.003,0.0022,0.002,0.0016,0.0057,0.0009,0.0007,0.0074,-0.021,0.0213,-0.0208,-0.0008,-0.0002,-0.0004,0.0041,-0.0048,-0.0002,0.0067,49.07
1138139979,(주)유봉,0.3725,0.0182,0.1257,0.0008,0.0005,0.001,0.0004,0.0005,0.0006,0.0001,0.0033,-0.3543,0.1075,-0.1249,-0.0003,0.0005,-0.0006,0.0001,0.0001,-0.0005,0.0032,49.07
4018701014,오일스타주식회사,,,,,,,,0.0027,0.0004,0.0016,0.0028,,,,,,,,-0.0023,0.0012,0.0012,49.06
6218607478,(주)비티알,,,,,0.0014,0.0013,0.0009,0.0008,0.0018,0.0018,0.0025,,,,,-0.0001,-0.0004,-0.0001,0.001,0.0,0.0007,49.03
1208102581,주식회사쎄덱,0.0001,0.0001,0.0001,0.0001,0.0001,0.0015,0.0003,0.0001,0.0002,0.0009,0.0015,0.0,0.0,0.0,0.0,0.0014,-0.0012,-0.0002,0.0001,0.0007,0.0006,49.01
1388110613,주식회사대산,,,,,,,,0.0018,0.0548,0.0026,0.0037,,,,,,,,0.053,-0.0522,0.0011,49.0
1288632895,주식회사유이테크,,,,,,,0.0008,0.0008,0.0046,0.0021,0.0035,,,,,,,0.0,0.0038,-0.0025,0.0014,48.99
1378129647,(주)선진오토텍,,,,,0.0012,0.0118,0.0289,0.3126,0.074,0.6418,0.0585,,,,,0.0106,0.0171,0.2837,-0.2386,0.5678,-0.5833,48.95
2148650345,(주)론스텍,0.0039,0.0006,0.0008,0.0004,0.0005,0.0008,0.0005,0.0003,0.0002,0.0003,0.0022,-0.0033,0.0002,-0.0004,0.0001,0.0003,-0.0003,-0.0002,-0.0001,0.0001,0.0019,48.93
1408109064,주미스틸(주),,,,,,,0.0009,0.0004,0.0005,0.0002,0.0031,,,,,,,-0.0005,0.0001,-0.0003,0.0029,48.9
3128144481,(주)새터,,,,,0.0009,0.0017,0.0007,0.0017,0.0017,0.0702,0.0111,,,,,0.0008,-0.001,0.001,0.0,0.0685,-0.0591,48.89
2218103689,(주)강원지오영,0.0469,0.0068,0.0076,0.0183,0.001,0.0831,0.003,0.0469,0.0205,0.0011,0.0126,-0.0401,0.0008,0.0107,-0.0173,0.0821,-0.0801,0.0439,-0.0264,-0.0194,0.0115,48.85
2208787053,(주)아성,0.0056,0.0114,0.0037,0.0005,0.0007,0.0004,0.0004,0.004,0.0062,0.0029,0.0039,0.0058,-0.0077,-0.0032,0.0002,-0.0003,0.0,0.0036,0.0022,-0.0033,0.001,48.82
1058656235,(주)씨스콥,,,,0.0008,0.0003,0.0039,0.0009,0.0007,0.0009,0.0005,0.0031,,,,-0.0005,0.0036,-0.003,-0.0002,0.0002,-0.0004,0.0026,48.78
5088100371,대원석유주식회사,0.2493,0.0166,0.0018,0.0155,0.0094,0.0107,0.002,0.0036,0.002,0.059,0.0346,-0.2327,-0.0148,0.0137,-0.0061,0.0013,-0.0087,0.0016,-0.0016,0.057,-0.0244,48.78
2148157891,(주)대한케이불,0.4995,0.131,0.231,0.2498,0.0426,0.012,0.0008,0.002,0.0058,0.0081,0.0063,-0.3685,0.1,0.0188,-0.2072,-0.0306,-0.0112,0.0012,0.0038,0.0023,-0.0018,48.76
1088162366,(주)퓨처젠,,0.002,0.0003,0.0002,0.0004,0.0004,0.0006,0.0004,0.0003,0.001,0.0017,,-0.0017,-0.0001,0.0002,0.0,0.0002,-0.0002,-0.0001,0.0007,0.0007,48.75
2118840110,주식회사참트레이딩,0.0008,0.0116,0.0013,0.1531,0.0007,0.0501,0.0002,0.0007,0.0009,0.0009,0.0022,0.0108,-0.0103,0.1518,-0.1524,0.0494,-0.0499,0.0005,0.0002,0.0,0.0013,48.74
6068161686,(주)세광화스너,0.0002,0.0003,0.0002,0.0001,0.0001,0.0007,0.0002,0.0003,0.0003,0.0017,0.0019,0.0001,-0.0001,-0.0001,0.0,0.0006,-0.0005,0.0001,0.0,0.0014,0.0002,48.74
6068650035,주식회사씨엘텔레콤,,0.0035,0.0025,,,,0.385,0.0346,0.0079,0.0057,0.012,,-0.001,,,,,-0.3504,-0.0267,-0.0022,0.0063,48.73
7848100408,주식회사청룡메탈,,,,,,,0.0009,0.0008,0.001,0.2371,0.0077,,,,,,,-0.0001,0.0002,0.2361,-0.2294,48.72
1018614946,내트럭(주),0.0022,0.0032,0.0052,0.0028,0.0033,0.0054,0.0019,0.0014,0.0008,0.0024,0.0027,0.001,0.002,-0.0024,0.0005,0.0021,-0.0035,-0.0005,-0.0006,0.0016,0.0003,48.7
5798601848,화코스텍인터내셔널주식회사,,,,,,,,0.0009,0.0021,0.0063,0.0054,,,,,,,,0.0012,0.0042,-0.0009,48.67
2158632428,중앙종합주류,,,,,,0.0008,0.05,0.8174,0.0132,0.0052,0.0153,,,,,,0.0492,0.7674,-0.8042,-0.008,0.0101,48.63
5038188799,(주)대구약품,0.601,0.1089,0.0541,0.0796,0.0299,0.0145,0.2855,0.0208,0.0069,0.0056,0.0112,-0.4921,-0.0548,0.0255,-0.0497,-0.0154,0.271,-0.2647,-0.0139,-0.0013,0.0056,48.62
6178192568,한성모터스주식회사,0.0005,0.0003,0.0002,0.0003,0.0001,0.0006,0.0002,0.0003,0.0002,0.0003,0.0021,-0.0002,-0.0001,0.0001,-0.0002,0.0005,-0.0004,0.0001,-0.0001,0.0001,0.0018,48.61
5048603575,주식회사영원상사,,,,,,,0.0007,0.0803,0.0651,0.0349,0.0355,,,,,,,0.0796,-0.0152,-0.0302,0.0006,48.6
2438700888,(주)제이제이네트웍스,,,,,,,0.0004,0.003,0.0079,0.0229,0.0062,,,,,,,0.0026,0.0049,0.015,-0.0167,48.58
4418700221,설성푸드주식회사,,,,,,0.0022,0.0269,0.004,0.0061,0.0706,0.0065,,,,,,0.0247,-0.0229,0.0021,0.0645,-0.0641,48.57
2928700764,(주)이채팜,,,,,,,,0.0036,0.0002,0.0005,0.0031,,,,,,,,-0.0034,0.0003,0.0026,48.54
6138147381,주식회사리야드,,,,,0.0007,0.0034,0.0014,0.0015,0.0009,0.0013,0.0024,,,,,0.0027,-0.002,0.0001,-0.0006,0.0004,0.0011,48.54
1138604096,영은페이퍼(주),,,0.001,0.0005,0.0083,0.0037,0.0026,0.3645,0.6073,0.0008,0.003,,,-0.0005,0.0078,-0.0046,-0.0011,0.3619,0.2428,-0.6065,0.0022,48.52
2048614100,(주)이바인교육,,,,,,,,0.0011,0.001,0.0483,0.0117,,,,,,,,-0.0001,0.0473,-0.0366,48.49
1078752455,(주)지에스티코리아,0.0011,0.0018,,,,0.0008,0.0008,0.0036,0.0535,0.2933,0.0048,0.0007,,,,,0.0,0.0028,0.0499,0.2398,-0.2885,48.46
6038142055,주식회사성우케미칼,,,,,,,,0.0025,0.0774,0.14,0.0054,,,,,,,,0.0749,0.0626,-0.1346,48.33
6188124025,(주)서비스코리아,0.0021,0.0012,0.0028,0.0014,0.0036,0.0353,0.0126,0.0286,0.0912,0.1435,0.0057,-0.0009,0.0016,-0.0014,0.0022,0.0317,-0.0227,0.016,0.0626,0.0523,-0.1378,48.33
4638100011,이케이에너지주식회사,,,,,,0.0021,0.0013,0.0013,0.0014,0.0005,0.0032,,,,,,-0.0008,0.0,0.0001,-0.0009,0.0027,48.31
1068148000,케이피한석화학주식회사,0.1423,0.0013,0.0008,0.0007,0.0008,0.0012,0.0003,0.0006,0.0006,0.0011,0.0016,-0.141,-0.0005,-0.0001,0.0001,0.0004,-0.0009,0.0003,0.0,0.0005,0.0005,48.3
2018187628,(주)꼬망스,0.0003,0.0002,0.0005,0.0002,0.0013,0.004,0.525,0.8794,0.0532,0.5754,0.0543,-0.0001,0.0003,-0.0003,0.0011,0.0027,0.521,0.3544,-0.8262,0.5222,-0.5211,48.29
4108162876,비오신코리아(주),,0.0015,0.0006,0.0002,0.0002,0.002,0.0012,0.0004,0.0016,0.0016,0.0022,,-0.0009,-0.0004,0.0,0.0018,-0.0008,-0.0008,0.0012,0.0,0.0006,48.29
1068147563,케이에스비한국(주),0.0004,0.0002,0.0105,,0.0003,0.0009,0.001,0.0001,0.0003,0.0018,0.0019,-0.0002,0.0103,,,0.0006,0.0001,-0.0009,0.0002,0.0015,0.0001,48.29
6178626253,폴라리스마린서비스주식회사,,,,,,0.0004,0.001,0.0057,0.0008,0.052,0.0339,,,,,,0.0006,0.0047,-0.0049,0.0512,-0.0181,48.22
2118776945,(주)에이치엔비아시아,,,,,,0.0004,0.0001,0.0001,0.0001,0.0015,0.0017,,,,,,-0.0003,0.0,0.0,0.0014,0.0002,48.21
2078149689,(주)경일텔레콤,0.0021,0.0017,0.0439,0.1827,0.0015,0.0241,0.0015,0.0035,0.0045,0.0307,0.0063,-0.0004,0.0422,0.1388,-0.1812,0.0226,-0.0226,0.002,0.001,0.0262,-0.0244,48.2
4578101830,주식회사브랜디드인더스트리,,,,,,,,0.0012,0.0023,0.7844,0.0047,,,,,,,,0.0011,0.7821,-0.7797,48.11
6038160621,주식회사영일피혁,0.0027,0.0051,0.0022,0.0008,0.0008,0.0027,0.0005,0.0015,0.001,0.0007,0.0045,0.0024,-0.0029,-0.0014,0.0,0.0019,-0.0022,0.001,-0.0005,-0.0003,0.0038,48.11
6228100473,주식회사영진산업안전,,,,,,0.0007,0.0004,0.0014,0.0003,0.0005,0.0027,,,,,,-0.0003,0.001,-0.0011,0.0002,0.0022,48.05
6048101061,한국가스산업주식회사,0.0033,0.0142,0.1238,0.2651,0.2439,0.35,0.1334,0.0966,0.2379,0.1283,0.1009,0.0109,0.1096,0.1413,-0.0212,0.1061,-0.2166,-0.0368,0.1413,-0.1096,-0.0274,48.02
1178136237,(주)프라임메탈,,,,,,,,0.0017,0.0002,0.0004,0.0028,,,,,,,,-0.0015,0.0002,0.0024,48.02
1018677387,(주)한국금은,,,,,,,,0.0015,0.0166,0.3479,0.0045,,,,,,,,0.0151,0.3313,-0.3434,47.9
1068664228,(주)스피드썬,,,,,,,0.0006,0.0002,0.0002,0.0009,0.0014,,,,,,,-0.0004,0.0,0.0007,0.0005,47.86
2138195999,(주)그레이스,,,,0.0003,0.0002,0.0003,0.0006,0.0002,0.0002,0.0009,0.0014,,,,-0.0001,0.0001,0.0003,-0.0004,0.0,0.0007,0.0005,47.86
2138609839,(주)케이에스우드,,,0.0013,0.0059,0.0539,0.0026,0.0027,0.0006,0.001,0.7499,0.0048,,,0.0046,0.048,-0.0513,0.0001,-0.0021,0.0004,0.7489,-0.7451,47.85
4038161637,오일필드주식회사,,0.0031,0.0654,0.0045,0.0024,0.6579,0.0012,0.0049,0.0056,0.0018,0.0032,,0.0623,-0.0609,-0.0021,0.6555,-0.6567,0.0037,0.0007,-0.0038,0.0014,47.8
6218175122,(주)퍼스카,,,,,,0.0005,0.0002,0.0004,0.0022,0.0071,0.0049,,,,,,-0.0003,0.0002,0.0018,0.0049,-0.0022,47.78
2208152076,휘슬러코리아(주),0.0,0.0001,0.0503,0.0724,0.0363,0.0049,0.219,0.0002,0.0001,0.0001,0.0022,0.0001,0.0502,0.0221,-0.0361,-0.0314,0.2141,-0.2188,-0.0001,0.0,0.0021,47.75
2208102315,메디언스(주),,,,,,,,0.0028,0.0003,0.0011,0.0023,,,,,,,,-0.0025,0.0008,0.0012,47.73
1278642497,주식회시디오티디,,,,,,0.0007,0.0009,0.001,0.0024,0.0004,0.0027,,,,,,0.0002,0.0001,0.0014,-0.002,0.0023,47.72
1348108319,(주)피엔풍년,0.0038,0.0007,0.0005,0.0003,0.0124,0.5034,0.0018,0.0002,0.0009,0.0002,0.0025,-0.0031,-0.0002,-0.0002,0.0121,0.491,-0.5016,-0.0016,0.0007,-0.0007,0.0023,47.56
1068170953,주식회사볼보자동차코리아,0.0002,0.0002,0.001,0.0019,0.001,0.0011,0.0005,0.0006,0.0004,0.011,0.0085,0.0,0.0008,0.0009,-0.0009,0.0001,-0.0006,0.0001,-0.0002,0.0106,-0.0025,47.55
5818801210,주식회사메디풀,,,,,,,,0.0008,0.0004,0.0007,0.0019,,,,,,,,-0.0004,0.0003,0.0012,47.54
3128168504,(주)두우리,,,,,0.001,0.1454,0.005,0.2238,0.0193,0.0134,0.0156,,,,,0.1444,-0.1404,0.2188,-0.2045,-0.0059,0.0022,47.52
6218186842,(주)한경기획,,,,,,,0.0006,0.0005,0.0005,0.0007,0.0015,,,,,,,-0.0001,0.0,0.0002,0.0008,47.47
6038140299,주식회사우리마트,0.0151,0.0317,0.0307,0.2134,0.0093,0.0415,0.0014,0.0083,0.3335,0.1101,0.0797,0.0166,-0.001,0.1827,-0.2041,0.0322,-0.0401,0.0069,0.3252,-0.2234,-0.0304,47.47
6578800070,시그니파이코리아주식회사,,,0.0007,0.0755,0.0022,0.005,0.001,0.0011,0.0015,0.1589,0.0056,,,0.0748,-0.0733,0.0028,-0.004,0.0001,0.0004,0.1574,-0.1533,47.46
1148633459,(주)더홈,,0.0039,0.0003,0.0004,0.0002,0.4906,0.0003,0.0003,0.1501,0.2825,0.0039,,-0.0036,0.0001,-0.0002,0.4904,-0.4903,0.0,0.1498,0.1324,-0.2786,47.45
1238612384,(주)석정스틸,0.0011,0.003,0.0026,0.0008,0.002,0.0027,0.0064,0.0034,0.0015,0.3067,0.022,0.0019,-0.0004,-0.0018,0.0012,0.0007,0.0037,-0.003,-0.0019,0.3052,-0.2847,47.39
1228175741,(주)우리약품,0.0008,0.0018,0.0064,0.0133,0.0052,0.0026,0.002,0.002,0.0008,0.0014,0.0022,0.001,0.0046,0.0069,-0.0081,-0.0026,-0.0006,0.0,-0.0012,0.0006,0.0008,47.29
6178614868,주식회사쿱스토어부산,,,,,,0.0014,0.0006,0.1167,0.0732,0.7755,0.0245,,,,,,-0.0008,0.1161,-0.0435,0.7023,-0.751,47.28
5138700550,주식회사대진체인,,,,,,,,0.0012,0.0014,0.0064,0.0048,,,,,,,,0.0002,0.005,-0.0016,47.24
1638700694,(주)와할인마트,,,,,,0.0004,0.0339,0.003,0.0016,0.0025,0.0028,,,,,,0.0335,-0.0309,-0.0014,0.0009,0.0003,47.21
1068642262,아이코다(주),0.4972,0.0423,0.0182,0.0012,0.0356,0.6332,0.0027,0.0017,0.0006,0.0546,0.0191,-0.4549,-0.0241,-0.017,0.0344,0.5976,-0.6305,-0.001,-0.0011,0.054,-0.0355,47.21
2118812026,(주)배재통상,,,,,0.0016,0.0005,0.0053,0.1167,0.2957,0.2004,0.1005,,,,,-0.0011,0.0048,0.1114,0.179,-0.0953,-0.0999,47.18
1218188898,주식회사대명엔컴,,,,,,0.0011,0.001,0.0017,0.0007,0.0012,0.0021,,,,,,-0.0001,0.0007,-0.001,0.0005,0.0009,47.17
6108610406,(주)씨메탈,,,,,,0.0005,0.0003,0.0066,0.357,0.8306,0.0029,,,,,,-0.0002,0.0063,0.3504,0.4736,-0.8277,47.1
3558700541,팜로드주식회사,,,,0.0022,0.0001,0.0003,0.0004,0.0008,0.0002,0.0004,0.002,,,,-0.0021,0.0002,0.0001,0.0004,-0.0006,0.0002,0.0016,47.09
2058112186,신성약품(주),0.0077,0.0028,0.0017,0.0024,0.0014,0.0027,0.0014,0.0024,0.0024,0.0012,0.0031,-0.0049,-0.0011,0.0007,-0.001,0.0013,-0.0013,0.001,0.0,-0.0012,0.0019,47.07
4098126040,광일철강(주),0.0001,0.0003,0.0002,0.0001,0.0001,0.0002,0.0002,0.0002,0.0002,0.0001,0.0021,0.0002,-0.0001,-0.0001,0.0,0.0001,0.0,0.0,0.0,-0.0001,0.002,47.07
3128102064,주식회사한국와코루,0.0399,0.0034,0.0036,0.01,0.0029,0.0089,0.0004,0.0004,0.0003,0.0012,0.0015,-0.0365,0.0002,0.0064,-0.0071,0.006,-0.0085,0.0,-0.0001,0.0009,0.0003,47.06
3058137721,(주)골프존홀딩스,0.0004,0.3754,0.0048,0.1931,0.888,0.897,0.0061,0.0023,0.0005,0.0009,0.0022,0.375,-0.3706,0.1883,0.6949,0.009,-0.8909,-0.0038,-0.0018,0.0004,0.0013,47.02
6098152395,(주)에스디이앤티,0.0214,0.1038,0.0028,0.0072,0.008,0.7221,0.0218,0.0066,0.0066,0.0222,0.0063,0.0824,-0.101,0.0044,0.0008,0.7141,-0.7003,-0.0152,0.0,0.0156,-0.0159,47.01
1428140794,(주)보성스틸,,,,,0.001,0.0012,0.004,0.0007,0.0002,0.0014,0.0018,,,,,0.0002,0.0028,-0.0033,-0.0005,0.0012,0.0004,47.0
1178141216,(주)한강메탈,,,,,,0.0027,0.0005,0.0022,0.0005,0.0005,0.0033,,,,,,-0.0022,0.0017,-0.0017,0.0,0.0028,46.92
4028196701,(주)곰소,,,,,,,0.0008,0.0009,0.002,0.0017,0.0024,,,,,,,0.0001,0.0011,-0.0003,0.0007,46.91
1068642904,주식회사제이유디지탈,,,,,,,,0.0019,0.0001,0.0013,0.002,,,,,,,,-0.0018,0.0012,0.0007,46.9
1268622407,선우무역그네와파라솔주식회사,,,,0.0009,0.001,0.0047,0.0023,0.0025,0.0024,0.0088,0.0063,,,,0.0001,0.0037,-0.0024,0.0002,-0.0001,0.0064,-0.0025,46.86
1168136215,위즈코프(주),0.7821,0.0412,0.0016,0.0039,0.0625,0.0038,0.0005,0.1337,0.006,0.2122,0.031,-0.7409,-0.0396,0.0023,0.0586,-0.0587,-0.0033,0.1332,-0.1277,0.2062,-0.1812,46.86
4168116744,주식회사블루스타E&R,0.0024,,,,,0.0041,0.0066,0.004,0.006,0.0014,0.0026,,,,,,0.0025,-0.0026,0.002,-0.0046,0.0012,46.85
1228613283,주식회사덴몰,0.0012,0.0045,0.0026,0.0002,0.0002,0.0005,0.0006,0.6031,0.0126,0.0073,0.0111,0.0033,-0.0019,-0.0024,0.0,0.0003,0.0001,0.6025,-0.5905,-0.0053,0.0038,46.83
1058750354,진천코퍼레이션,,,,,,0.0011,0.0019,0.031,0.0041,0.0041,0.0051,,,,,,0.0008,0.0291,-0.0269,0.0,0.001,46.82
6208109463,삼양철강(주),0.0015,0.0001,0.0004,0.0011,0.0182,0.0084,0.003,0.0001,0.0012,0.0001,0.0022,-0.0014,0.0003,0.0007,0.0171,-0.0098,-0.0054,-0.0029,0.0011,-0.0011,0.0021,46.81
3168117157,농업회사법인에이에이시(주),,,0.0018,0.0034,,,0.0026,0.0167,0.0171,0.6616,0.004,,,0.0016,,,,0.0141,0.0004,0.6445,-0.6576,46.8
1088171021,(주)굿맨프리미어파트너스,0.0017,0.0013,0.005,0.0032,0.0022,0.0048,0.5377,0.0051,0.0006,0.0018,0.0023,-0.0004,0.0037,-0.0018,-0.001,0.0026,0.5329,-0.5326,-0.0045,0.0012,0.0005,46.7
1298688941,(주)에스피씨지에프에스,0.0015,0.0005,0.0018,0.0016,0.0019,0.1587,0.0289,0.1944,0.002,0.0017,0.0062,-0.001,0.0013,-0.0002,0.0003,0.1568,-0.1298,0.1655,-0.1924,-0.0003,0.0045,46.7
3158103024,주식회사다농엘마트,0.0003,0.0003,0.0004,0.0001,0.0002,0.0485,0.0018,0.0607,0.6359,0.0681,0.0544,0.0,0.0001,-0.0003,0.0001,0.0483,-0.0467,0.0589,0.5752,-0.5678,-0.0137,46.69
7208100480,(주)메이머스트,,,,,,0.0023,0.0007,0.0005,0.1831,0.4817,0.003,,,,,,-0.0016,-0.0002,0.1826,0.2986,-0.4787,46.69
1228157554,(주)유진텍코퍼레이션,0.0005,0.0014,0.0018,0.0006,0.0001,0.0005,0.4551,0.8822,0.0056,0.4285,0.0324,0.0009,0.0004,-0.0012,-0.0005,0.0004,0.4546,0.4271,-0.8766,0.4229,-0.3961,46.69
1148150676,주식회사삼주유통,0.0397,0.0079,0.0517,0.0001,0.0039,0.0405,0.0502,0.089,0.0203,0.0056,0.0093,-0.0318,0.0438,-0.0516,0.0038,0.0366,0.0097,0.0388,-0.0687,-0.0147,0.0037,46.67
6068157692,주식회사동남금속,0.0003,0.0001,0.0005,0.0002,0.0005,0.0003,0.0045,0.0007,0.0007,0.0001,0.0025,-0.0002,0.0004,-0.0003,0.0003,-0.0002,0.0042,-0.0038,0.0,-0.0006,0.0024,46.66
1078128929,서일스텐,,,,,,,,0.0031,0.0029,0.0131,0.0075,,,,,,,,-0.0002,0.0102,-0.0056,46.62
1888801423,비케이원주식회사,,,,,,,,0.0016,0.0012,0.0161,0.0088,,,,,,,,-0.0004,0.0149,-0.0073,46.55
1058196566,주식회사에이치엠시,0.0042,0.0142,0.0031,0.002,0.001,0.0045,0.002,0.0077,0.0021,0.1013,0.0218,0.01,-0.0111,-0.0011,-0.001,0.0035,-0.0025,0.0057,-0.0056,0.0992,-0.0795,46.52
6058625402,(주)에이원금속,,,,,,0.0008,0.0007,0.0006,0.0024,0.0206,0.004,,,,,,-0.0001,-0.0001,0.0018,0.0182,-0.0166,46.51
4138600291,(주)데일리비어,,,,,,,,0.0027,0.0001,0.0014,0.002,,,,,,,,-0.0026,0.0013,0.0006,46.51
2128133495,주식회사부흥공조,,,,,,0.0005,0.0004,0.0003,0.0001,0.0004,0.0014,,,,,,-0.0001,-0.0001,-0.0002,0.0003,0.001,46.44
8098802024,주식회사대진와이엠,,,,,,,,0.0027,0.0041,0.0313,0.0041,,,,,,,,0.0014,0.0272,-0.0272,46.44
2058133819,(주)대주약품,0.0384,0.0028,0.0355,0.0005,0.0014,0.0014,0.0013,0.0013,0.0009,0.0009,0.0024,-0.0356,0.0327,-0.035,0.0009,0.0,-0.0001,0.0,-0.0004,0.0,0.0015,46.43
1198654390,(주)스카이브,,0.0018,0.0003,0.0001,0.0001,0.0002,0.0002,0.0003,0.0011,0.6063,0.0035,,-0.0015,-0.0002,0.0,0.0001,0.0,0.0001,0.0008,0.6052,-0.6028,46.4
2118604269,(주)케이씨엔에이,0.3944,0.0216,0.0773,0.0097,0.001,0.0011,0.0009,0.0005,0.0025,0.59,0.0033,-0.3728,0.0557,-0.0676,-0.0087,0.0001,-0.0002,-0.0004,0.002,0.5875,-0.5867,46.39
4958800211,(주)보라티알,,0.0023,0.0004,0.0001,0.0002,0.0015,0.0009,0.0004,0.0004,0.0005,0.0014,,-0.0019,-0.0003,0.0001,0.0013,-0.0006,-0.0005,0.0,0.0001,0.0009,46.34
1058138440,(주)동서,0.0001,0.0002,0.0002,0.0001,0.0005,0.0005,0.0003,0.0011,0.0007,0.0005,0.003,0.0001,0.0,-0.0001,0.0004,0.0,-0.0002,0.0008,-0.0004,-0.0002,0.0025,46.32
3088143367,모두유통주식회사농업회사법인,,,,,,,,0.0018,0.0005,0.0011,0.0019,,,,,,,,-0.0013,0.0006,0.0008,46.32
1258154352,(주)원인터내셔널,0.001,0.0006,0.0005,0.001,0.0003,0.0009,0.0004,0.0009,0.0004,0.0008,0.0016,-0.0004,-0.0001,0.0005,-0.0007,0.0006,-0.0005,0.0005,-0.0005,0.0004,0.0008,46.26
3168111022,(주)경산,0.0003,0.0004,0.0003,0.0005,0.0002,0.0005,0.0003,0.0006,0.0002,0.0002,0.0022,0.0001,-0.0001,0.0002,-0.0003,0.0003,-0.0002,0.0003,-0.0004,0.0,0.002,46.26
2208875952,주식회사닥터엘시아,,,,,,,,0.0009,0.0952,0.734,0.0025,,,,,,,,0.0943,0.6388,-0.7315,46.25
1148157418,(주)썬리취,0.0036,0.0008,0.0042,0.0011,0.012,0.1872,0.0326,0.0503,0.0262,0.0841,0.0235,-0.0028,0.0034,-0.0031,0.0109,0.1752,-0.1546,0.0177,-0.0241,0.0579,-0.0606,46.24
1208194645,(주)오우션테크놀러지,,,,,,,,0.0016,0.0001,0.0006,0.0018,,,,,,,,-0.0015,0.0005,0.0012,46.2
1068199983,(주)유어아이디,,,,,,,0.0009,0.0004,0.0001,0.0002,0.0017,,,,,,,-0.0005,-0.0003,0.0001,0.0015,46.19
8638700926,주식회사대덕코퍼레이션,,,,,,,,0.0011,0.0006,0.0009,0.0017,,,,,,,,-0.0005,0.0003,0.0008,46.19
4128700465,화이트팜주식회사,,,,0.0012,0.0001,0.0008,0.0007,0.0008,0.0003,0.0014,0.0017,,,,-0.0011,0.0007,-0.0001,0.0001,-0.0005,0.0011,0.0003,46.18
6078173905,주식회사이모션세라믹,,,,,0.0018,0.0092,0.0088,0.0655,0.0509,0.0038,0.0077,,,,,0.0074,-0.0004,0.0567,-0.0146,-0.0471,0.0039,46.11
1208747765,(주)위드네트웍스,,0.0093,0.001,,,,0.0006,0.0005,0.2816,0.0952,0.0556,,-0.0083,,,,,-0.0001,0.2811,-0.1864,-0.0396,46.03
8078800414,주식회사더블유비스킨,,,,,,,0.0002,0.0002,0.0098,0.2384,0.0032,,,,,,,0.0,0.0096,0.2286,-0.2352,46.03
1048158502,(주)아이마켓코리아,0.0001,0.0001,0.0003,0.0007,0.0007,0.0015,0.0004,0.0013,0.0004,0.0009,0.0017,0.0,0.0002,0.0004,0.0,0.0008,-0.0011,0.0009,-0.0009,0.0005,0.0008,46.02
6178137279,(주)대신인터내셔날,,,,0.0002,0.0037,0.0846,0.0019,0.0348,0.0052,0.0031,0.0064,,,,0.0035,0.0809,-0.0827,0.0329,-0.0296,-0.0021,0.0033,46.01
1208115771,신도에스디알,0.0193,0.0526,0.0465,0.025,0.0246,0.0215,0.012,0.0376,0.011,0.0232,0.0181,0.0333,-0.0061,-0.0215,-0.0004,-0.0031,-0.0095,0.0256,-0.0266,0.0122,-0.0051,45.98
2208101733,(주)다우데이타,0.0258,0.0006,0.0006,0.0004,0.0034,0.001,0.001,0.001,0.0166,0.0171,0.0057,-0.0252,0.0,-0.0002,0.003,-0.0024,0.0,0.0,0.0156,0.0005,-0.0114,45.97
6068189535,주식회사영신스틸,,,0.0009,0.0003,0.0012,0.0012,0.0004,0.0017,0.0002,0.0004,0.002,,,-0.0006,0.0009,0.0,-0.0008,0.0013,-0.0015,0.0002,0.0016,45.97
1238196448,타워스틸(주),0.0004,0.0005,0.0007,0.0003,0.0003,0.0005,0.0009,0.0008,0.0004,0.001,0.0015,0.0001,0.0002,-0.0004,0.0,0.0002,0.0004,-0.0001,-0.0004,0.0006,0.0005,45.96
2298137000,예스이십사(주),0.0004,0.0005,0.1725,0.4672,0.6489,0.0285,0.0092,0.0006,0.004,0.0606,0.0035,0.0001,0.172,0.2947,0.1817,-0.6204,-0.0193,-0.0086,0.0034,0.0566,-0.0571,45.93
1228153413,주식회사연합정보통신,0.0007,0.0007,0.001,0.0006,0.0004,0.0047,0.0025,0.0003,0.0016,0.0035,0.003,0.0,0.0003,-0.0004,-0.0002,0.0043,-0.0022,-0.0022,0.0013,0.0019,-0.0005,45.9
2208692772,(주)제이엘피코퍼레이션,,,,,,0.001,0.0012,0.0018,0.0002,0.0004,0.002,,,,,,0.0002,0.0006,-0.0016,0.0002,0.0016,45.89
1178175832,(주)지스팜,,,,,0.0006,0.001,0.0012,0.0015,0.0024,0.0097,0.0036,,,,,0.0004,0.0002,0.0003,0.0009,0.0073,-0.0061,45.85
4868702163,(주)와마켓,,,,,,,,0.0048,0.1098,0.1164,0.0039,,,,,,,,0.105,0.0066,-0.1125,45.83
6368801714,주식회사휴바테크,,,,,,,,0.0032,0.0003,0.0018,0.0021,,,,,,,,-0.0029,0.0015,0.0003,45.8
5068135234,대구농산주식회사,0.0002,0.0013,0.002,0.0013,0.0018,0.0073,0.0018,0.0011,0.0016,0.0074,0.0036,0.0011,0.0007,-0.0007,0.0005,0.0055,-0.0055,-0.0007,0.0005,0.0058,-0.0038,45.77
7458800095,(주)에이원케미칼,,,,,,0.0009,0.0007,0.0012,0.0003,0.0015,0.0018,,,,,,-0.0002,0.0005,-0.0009,0.0012,0.0003,45.75
2208866297,(주)더원스틸,,,,,,0.0007,0.001,0.0018,0.0017,0.0016,0.0023,,,,,,0.0003,0.0008,-0.0001,-0.0001,0.0007,45.74
2148742196,더클래스효성주식회사,0.0009,0.001,0.0003,0.0005,0.0005,0.0008,0.0005,0.0009,0.0003,0.1852,0.0086,0.0001,-0.0007,0.0002,0.0,0.0003,-0.0003,0.0004,-0.0006,0.1849,-0.1766,45.7
1068112948,(주)신동,0.0397,0.005,0.0008,0.0045,0.0094,0.0105,0.0006,0.0016,0.0012,0.0007,0.0031,-0.0347,-0.0042,0.0037,0.0049,0.0011,-0.0099,0.001,-0.0004,-0.0005,0.0024,45.67
5768701619,주식회사케이원통상,,,,,,,,0.0053,0.0014,0.0108,0.0099,,,,,,,,-0.0039,0.0094,-0.0009,45.66
6228126610,주식회사엠에스리테일,,,,0.0015,0.0008,0.002,0.0002,0.0006,0.0006,0.1554,0.0045,,,,-0.0007,0.0012,-0.0018,0.0004,0.0,0.1548,-0.1509,45.65
1048121908,주식회사대원총업,0.0299,0.0008,0.0075,0.1016,0.0225,0.0234,0.0301,0.076,0.0163,0.002,0.0064,-0.0291,0.0067,0.0941,-0.0791,0.0009,0.0067,0.0459,-0.0597,-0.0143,0.0044,45.6
2208651771,(주)한국로렉스,0.0001,0.0001,0.0001,0.0001,0.0,0.0004,0.0001,0.0002,0.0001,0.0011,0.0013,0.0,0.0,0.0,-0.0001,0.0004,-0.0003,0.0001,-0.0001,0.001,0.0002,45.59
2298138300,(주)삼양화인,,,,,,,,0.0021,0.0002,0.001,0.0017,,,,,,,,-0.0019,0.0008,0.0007,45.57
3018131837,주식회사타파웨어브랜즈코리아,0.0001,0.0001,0.0002,0.0002,0.0001,0.0028,0.0002,0.0005,0.0004,0.0004,0.0016,0.0,0.0001,0.0,-0.0001,0.0027,-0.0026,0.0003,-0.0001,0.0,0.0012,45.56
5238700450,주식회사대산푸드농업회사법인,,,,,,,,0.0015,0.0013,0.0025,0.0025,,,,,,,,-0.0002,0.0012,0.0,45.53
1168103897,한국아이비엠,0.0001,0.0003,0.0003,0.0013,0.0003,0.0147,0.0051,0.0035,0.0041,0.0009,0.0021,0.0002,0.0,0.001,-0.001,0.0144,-0.0096,-0.0016,0.0006,-0.0032,0.0012,45.53
2118879575,주식회사무신사,,0.0006,0.0,0.0,0.0001,0.0001,0.0003,0.0008,0.3122,0.8866,0.002,,-0.0006,0.0,0.0001,0.0,0.0002,0.0005,0.3114,0.5744,-0.8846,45.48
5988100355,토탈스위스코리아(주),,,,0.0007,0.0003,0.0005,0.0005,0.002,0.0012,0.0008,0.0033,,,,-0.0004,0.0002,0.0,0.0015,-0.0008,-0.0004,0.0025,45.47
1268183772,(주)현성종합목재,,,,0.0006,0.0009,0.0021,0.0012,0.0005,0.0002,0.6877,0.0054,,,,0.0003,0.0012,-0.0009,-0.0007,-0.0003,0.6875,-0.6823,45.47
1058142298,(주)이브자리,0.0003,0.0005,0.0009,0.0012,0.4652,0.0018,0.0018,0.0009,0.0022,0.0018,0.0022,0.0002,0.0004,0.0003,0.464,-0.4634,0.0,-0.0009,0.0013,-0.0004,0.0004,45.47
5018115780,경일약품주식회사,0.0047,0.0025,0.0021,0.001,0.0005,0.0005,0.0003,0.0006,0.0005,0.0005,0.0016,-0.0022,-0.0004,-0.0011,-0.0005,0.0,-0.0002,0.0003,-0.0001,0.0,0.0011,45.46
1198146425,고현중전기,,,0.0007,0.0012,0.0268,0.032,0.0056,0.002,0.0033,0.0088,0.0033,,,0.0005,0.0256,0.0052,-0.0264,-0.0036,0.0013,0.0055,-0.0055,45.44
2168117968,로드801주식회사,,,,,,,,0.0025,0.1106,0.1641,0.003,,,,,,,,0.1081,0.0535,-0.1611,45.39
6298801787,(주)코루스인터내셔날,,,,,,,0.0011,0.0015,0.1031,0.001,0.0019,,,,,,,0.0004,0.1016,-0.1021,0.0009,45.39
1078157860,(주)신흥폴리테크,,,,,0.0005,0.0032,0.002,0.016,0.0105,0.2512,0.0136,,,,,0.0027,-0.0012,0.014,-0.0055,0.2407,-0.2376,45.36
2048146117,주식회사파츠몰,0.0031,0.0049,0.0049,0.002,0.001,0.0048,0.0164,0.0048,0.0008,0.0015,0.002,0.0018,0.0,-0.0029,-0.001,0.0038,0.0116,-0.0116,-0.004,0.0007,0.0005,45.35
6058630055,주식회사씨엔컴퍼니,,,,,,0.0011,0.0011,0.0029,0.0014,0.0016,0.0022,,,,,,0.0,0.0018,-0.0015,0.0002,0.0006,45.34
6218139863,주식회사레진상사,,,0.0015,0.0001,0.0006,0.0022,0.0008,0.0006,0.0004,0.0007,0.0013,,,-0.0014,0.0005,0.0016,-0.0014,-0.0002,-0.0002,0.0003,0.0006,45.32
2178149594,주식회사유모스트,,,,,,0.001,0.0006,0.0005,0.0003,0.0448,0.0059,,,,,,-0.0004,-0.0001,-0.0002,0.0445,-0.0389,45.31
6098604980,주식회사부원리사이클링,,,,,,0.0018,0.001,0.0017,0.0105,0.51,0.0026,,,,,,-0.0008,0.0007,0.0088,0.4995,-0.5074,45.29
2148846433,에스지에스한국(주),,,,,,0.0008,0.0003,0.0007,0.0004,0.0013,0.0015,,,,,,-0.0005,0.0004,-0.0003,0.0009,0.0002,45.24
1178173396,(주)센스맘,,,,,,0.0002,0.0002,0.0002,0.0002,0.2923,0.0039,,,,,,0.0,0.0,0.0,0.2921,-0.2884,45.23
1878800703,(주)한신이엔지,,,,,,,0.0006,0.0016,0.0002,0.0011,0.0016,,,,,,,0.001,-0.0014,0.0009,0.0005,45.22
4098118161,주식회사대창이앤티,0.0003,0.0007,0.0001,0.0001,0.0001,0.0003,0.0001,0.0002,0.0001,0.0004,0.0011,0.0004,-0.0006,0.0,0.0,0.0002,-0.0002,0.0001,-0.0001,0.0003,0.0007,45.2
2018132195,(주)신세계,0.0152,0.0063,0.0014,0.0008,0.002,0.0038,0.1557,0.003,0.001,0.002,0.0022,-0.0089,-0.0049,-0.0006,0.0012,0.0018,0.1519,-0.1527,-0.002,0.001,0.0002,45.15
1018121627,주식회사코스모스악기,0.0011,0.0009,0.0006,0.0002,0.0004,0.0016,0.0016,0.0004,0.0004,0.0005,0.0012,-0.0002,-0.0003,-0.0004,0.0002,0.0012,0.0,-0.0012,0.0,0.0001,0.0007,45.13
1268143426,엠큐네트웍스(주),0.247,0.0085,0.0009,0.0003,0.0014,0.0055,0.0172,0.0025,0.0004,0.0004,0.0026,-0.2385,-0.0076,-0.0006,0.0011,0.0041,0.0117,-0.0147,-0.0021,0.0,0.0022,45.12
6038118555,(주)에스에이치앤엠,0.0064,0.0037,0.2194,0.6734,0.3378,0.0043,0.0174,0.0507,0.7953,0.5777,0.0625,-0.0027,0.2157,0.454,-0.3356,-0.3335,0.0131,0.0333,0.7446,-0.2176,-0.5152,45.11
2208895676,(주)자영에너지,,,,,,0.0009,0.0009,0.0011,0.001,0.0013,0.0015,,,,,,0.0,0.0002,-0.0001,0.0003,0.0002,45.09
1208637260,에스피케이인크(주),,,,,,,0.0017,0.0001,0.0003,0.0005,0.001,,,,,,,-0.0016,0.0002,0.0002,0.0005,45.03
2148762038,에이스바이오팜주식회사,,0.0027,0.0001,0.0001,0.0002,0.0004,0.0006,0.0015,0.0023,0.0372,0.0032,,-0.0026,0.0,0.0001,0.0002,0.0002,0.0009,0.0008,0.0349,-0.034,45.01
2208198179,주식회사에티버스이비티,0.015,0.0307,0.2405,0.0081,0.0079,0.0044,0.0015,0.0016,0.0003,0.0005,0.0017,0.0157,0.2098,-0.2324,-0.0002,-0.0035,-0.0029,0.0001,-0.0013,0.0002,0.0012,45.0
4038801429,주식회사에디녹스,,,,,,,0.0009,0.0011,0.0005,0.0005,0.002,,,,,,,0.0002,-0.0006,0.0,0.0015,44.94
4098142507,두레청과주식회사,0.0105,0.0019,0.0011,0.0083,0.0017,0.0021,0.0008,0.0006,0.0065,0.0018,0.0022,-0.0086,-0.0008,0.0072,-0.0066,0.0004,-0.0013,-0.0002,0.0059,-0.0047,0.0004,44.9
6068632551,(주)위즈컴퍼니,,,,,,,0.0012,0.0002,0.0001,0.0002,0.0012,,,,,,,-0.001,-0.0001,0.0001,0.001,44.88
1328138762,주식회사인터넷청과,0.454,0.0331,0.0054,0.0029,0.0044,0.0644,0.0043,0.566,0.476,0.7277,0.0193,-0.4209,-0.0277,-0.0025,0.0015,0.06,-0.0601,0.5617,-0.09,0.2517,-0.7084,44.83
1138162752,(주)에스에스테크널러지,,,,,,0.0005,0.0004,0.0007,0.1117,0.5516,0.002,,,,,,-0.0001,0.0003,0.111,0.4399,-0.5496,44.77
6038163837,현이푸드빌주식회사,,,0.0009,0.0007,0.0015,0.0019,0.0198,0.026,0.0074,0.0013,0.005,,,-0.0002,0.0008,0.0004,0.0179,0.0062,-0.0186,-0.0061,0.0037,44.77
6078118106,주식회사삼원약품,0.0145,0.0023,0.0031,0.0027,0.0037,0.0019,0.0017,0.0019,0.0008,0.0017,0.0019,-0.0122,0.0008,-0.0004,0.001,-0.0018,-0.0002,0.0002,-0.0011,0.0009,0.0002,44.77
3168120254,주식회사충남유통,,,,,,,0.0008,0.0024,0.0078,0.0123,0.003,,,,,,,0.0016,0.0054,0.0045,-0.0093,44.77
1348683439,주식회사모아상사,,,,,,0.0012,0.0023,0.0025,0.0011,0.0668,0.0095,,,,,,0.0011,0.0002,-0.0014,0.0657,-0.0573,44.73
1298658243,(주)한마루,,,0.001,0.0506,0.0008,0.1677,0.0013,0.0018,0.0004,0.2174,0.0086,,,0.0496,-0.0498,0.1669,-0.1664,0.0005,-0.0014,0.217,-0.2088,44.73
1098158545,(주)효창에너지,0.1196,0.4816,0.1437,0.3762,0.0004,0.0045,0.0006,0.0139,0.0002,0.0438,0.0124,0.362,-0.3379,0.2325,-0.3758,0.0041,-0.0039,0.0133,-0.0137,0.0436,-0.0314,44.69
3248600797,베스타(주),,,,,,,,0.0013,0.0005,0.3903,0.0065,,,,,,,,-0.0008,0.3898,-0.3838,44.65
6068132105,삼양종합특수강주식회사,0.0029,0.0024,0.0029,0.0016,0.0014,0.0042,0.0019,0.0009,0.0004,0.0013,0.0015,-0.0005,0.0005,-0.0013,-0.0002,0.0028,-0.0023,-0.001,-0.0005,0.0009,0.0002,44.63
5138116574,교촌에프앤비(주),0.0003,0.0005,0.0009,0.0001,0.0002,0.001,0.0002,0.0004,0.0007,0.0004,0.0015,0.0002,0.0004,-0.0008,0.0001,0.0008,-0.0008,0.0002,0.0003,-0.0003,0.0011,44.61
2118620143,(주)유니켐,0.001,0.0103,0.0044,0.0007,0.0009,0.0023,0.0012,0.0015,0.0026,0.0687,0.003,0.0093,-0.0059,-0.0037,0.0002,0.0014,-0.0011,0.0003,0.0011,0.0661,-0.0657,44.58
6068643932,주식회사인더스틸,,,,,,,,0.0029,0.0002,0.0229,0.0096,,,,,,,,-0.0027,0.0227,-0.0133,44.55
2298121129,(주)한국타미야,0.0029,0.0039,0.0087,0.0025,,,0.0013,0.0007,0.0012,0.0009,0.0016,0.001,0.0048,-0.0062,,,,-0.0006,0.0005,-0.0003,0.0007,44.55
1198198471,에코스틸(주),,,,,,,,0.0012,0.0002,0.0006,0.0014,,,,,,,,-0.001,0.0004,0.0008,44.53
1168137422,(주)창남아이엔티,0.0003,0.0002,0.0001,0.0001,0.0001,0.0007,0.0002,0.0003,0.0001,0.0004,0.0011,-0.0001,-0.0001,0.0,0.0,0.0006,-0.0005,0.0001,-0.0002,0.0003,0.0007,44.52
5628102510,주식회사플렉스뱅크,,,,,,,,0.0052,0.0051,0.0601,0.0043,,,,,,,,-0.0001,0.055,-0.0558,44.52
1148672995,주식회사포디아이,,,,,,,0.0009,0.0002,0.0001,0.0005,0.001,,,,,,,-0.0007,-0.0001,0.0004,0.0005,44.51
1138193288,(주)지이씨일렉트로닉스,,,,,,0.0014,0.0463,0.0223,0.0091,0.0754,0.0122,,,,,,0.0449,-0.024,-0.0132,0.0663,-0.0632,44.42
1248632608,주식회사삼정건설기계,,,0.0015,0.0003,0.0008,0.002,0.0006,0.0008,0.0005,0.0004,0.0019,,,-0.0012,0.0005,0.0012,-0.0014,0.0002,-0.0003,-0.0001,0.0015,44.39
1148193883,텔콤인터내쇼날(주),0.0011,0.0021,0.0032,0.0025,0.0005,0.0015,0.0007,0.0004,0.0006,0.0007,0.0011,0.001,0.0011,-0.0007,-0.002,0.001,-0.0008,-0.0003,0.0002,0.0001,0.0004,44.39
2218150353,(주)성지큐앤씨,,,,,,,,0.0023,0.0007,0.0048,0.0046,,,,,,,,-0.0016,0.0041,-0.0002,44.36
6068147933,주식회사씨엔케이무역,0.0004,0.0002,0.0002,0.0062,0.0014,0.0006,0.0007,0.0033,0.0008,0.3835,0.0084,-0.0002,0.0,0.006,-0.0048,-0.0008,0.0001,0.0026,-0.0025,0.3827,-0.3751,44.32
1148652650,(주)아성냉기,,,,0.0009,0.0005,0.0014,0.0003,0.0002,0.0003,0.0002,0.0013,,,,-0.0004,0.0009,-0.0011,-0.0001,0.0001,-0.0001,0.0011,44.3
1268626359,(주)대흥푸드,,,,,,,,0.0012,0.0017,0.0116,0.0029,,,,,,,,0.0005,0.0099,-0.0087,44.29
2188116378,오송팜(주),0.0005,0.0002,0.0002,0.0005,0.0006,0.0002,0.0001,0.0003,0.0023,0.0038,0.0026,-0.0003,0.0,0.0003,0.0001,-0.0004,-0.0001,0.0002,0.002,0.0015,-0.0012,44.29
1328612165,주식회사수빈인터내셔널,,,,,,,,0.0014,0.0007,0.1716,0.0063,,,,,,,,-0.0007,0.1709,-0.1653,44.27
2698600845,주식회사가베,,,,,,,,0.0011,0.0005,0.0013,0.0015,,,,,,,,-0.0006,0.0008,0.0002,44.26
6348600113,마켓다원주식회사,,,,,,0.0013,0.0058,0.0057,0.0025,0.0013,0.0039,,,,,,0.0045,-0.0001,-0.0032,-0.0012,0.0026,44.26
1268647636,주식회사제이에스엠씨,,,,,,,,0.0025,0.0033,0.0083,0.0028,,,,,,,,0.0008,0.005,-0.0055,44.25
6098617205,주식회사세원에스티,,,,,,,,0.0013,0.0002,0.0018,0.0019,,,,,,,,-0.0011,0.0016,0.0001,44.21
2078107734,주식회사케이티에스씨,0.0057,0.5357,0.0347,0.0112,0.0018,0.0027,0.4226,0.0368,0.0094,0.0227,0.0115,0.53,-0.501,-0.0235,-0.0094,0.0009,0.4199,-0.3858,-0.0274,0.0133,-0.0112,44.2
2158774463,주식회사힐링스팜,,,,,,,0.0008,0.0005,0.0004,0.0006,0.0011,,,,,,,-0.0003,-0.0001,0.0002,0.0005,44.19
2148872509,주식회사두호이앤알,,,,,,0.0007,0.0003,0.0017,0.0006,0.001,0.0015,,,,,,-0.0004,0.0014,-0.0011,0.0004,0.0005,44.18
1318608765,주식회사유카스에너지,0.0009,0.0023,,,,0.0027,0.0012,0.0022,0.0037,0.0006,0.0016,0.0014,,,,,-0.0015,0.001,0.0015,-0.0031,0.001,44.18
1138648435,(주)트랜드메카,,,,0.0004,0.0001,0.0002,0.0001,0.0002,0.0001,0.0002,0.0011,,,,-0.0003,0.0001,-0.0001,0.0001,-0.0001,0.0001,0.0009,44.17
1068603236,주식회사한사랑씨앤씨,,,0.0017,0.0033,0.001,0.0017,0.0004,0.0003,0.0001,0.0001,0.0014,,,0.0016,-0.0023,0.0007,-0.0013,-0.0001,-0.0002,0.0,0.0013,44.15
4108618661,아이비모터스(주),,,,,,0.0011,0.0012,0.0028,0.0006,0.0004,0.0029,,,,,,0.0001,0.0016,-0.0022,-0.0002,0.0025,44.15
1068675045,주식회사티앤티솔루션,,,,,,0.0006,0.0031,0.0023,0.0014,0.2656,0.0063,,,,,,0.0025,-0.0008,-0.0009,0.2642,-0.2593,44.15
1348610450,주식회사효원이앤씨,0.0099,0.0105,0.0008,0.0004,0.0037,0.281,0.0007,0.0009,0.0021,0.2096,0.0025,0.0006,-0.0097,-0.0004,0.0033,0.2773,-0.2803,0.0002,0.0012,0.2075,-0.2071,44.14
2318700134,성우에스앤씨(주),,,,,,0.0028,0.0311,0.0039,0.0083,0.014,0.0026,,,,,,0.0283,-0.0272,0.0044,0.0057,-0.0114,44.04
1258117866,엑셀리스코리아(주),0.0011,0.0002,0.0002,0.0385,0.0002,0.0007,0.0089,0.0003,0.0018,0.0598,0.0026,-0.0009,0.0,0.0383,-0.0383,0.0005,0.0082,-0.0086,0.0015,0.058,-0.0572,44.04
6068604375,경원스틸(주),,,,,,0.0014,0.0006,0.0019,0.0003,0.0049,0.0046,,,,,,-0.0008,0.0013,-0.0016,0.0046,-0.0003,44.03
1378649013,주식회사유니맥스이엔엘,,,,,,,,0.0025,0.0007,0.1549,0.0079,,,,,,,,-0.0018,0.1542,-0.147,43.98
1208135438,한강화학주식회사,0.0002,0.0006,0.0005,0.0007,0.0003,0.0011,0.0008,0.0002,0.0004,0.0004,0.0011,0.0004,-0.0001,0.0002,-0.0004,0.0008,-0.0003,-0.0006,0.0002,0.0,0.0007,43.97
2088130752,(주)그린칩스,,,,,,,,0.0017,0.0001,0.0777,0.008,,,,,,,,-0.0016,0.0776,-0.0697,43.96
2248131317,(주)오토랜드,,,,0.0008,0.0001,0.0011,0.0002,0.0007,0.0004,0.0009,0.0012,,,,-0.0007,0.001,-0.0009,0.0005,-0.0003,0.0005,0.0003,43.94
2848601692,부성쇼핑,,,,,,,0.0008,0.003,0.005,0.0056,0.0032,,,,,,,0.0022,0.002,0.0006,-0.0024,43.87
5138110755,주식회사거상,0.0104,0.2762,0.6922,0.0177,0.0166,0.0391,0.0264,0.0057,0.0018,0.0177,0.0083,0.2658,0.416,-0.6745,-0.0011,0.0225,-0.0127,-0.0207,-0.0039,0.0159,-0.0094,43.86
1148720795,(주)에스엘메디케어,,,,,,,0.0008,0.0007,0.0011,0.0044,0.0025,,,,,,,-0.0001,0.0004,0.0033,-0.0019,43.82
3038173997,(주)보성메탈,,,,,,0.001,0.0003,0.0021,0.0005,0.0003,0.0026,,,,,,-0.0007,0.0018,-0.0016,-0.0002,0.0023,43.78
2148821000,(주)메디마스터,,,,,,,0.0004,0.0001,0.0006,0.0003,0.0013,,,,,,,-0.0003,0.0005,-0.0003,0.001,43.78
1058197866,주식회사삼주에스지,,,,,,,,0.002,0.0004,0.0018,0.0019,,,,,,,,-0.0016,0.0014,0.0001,43.66
1408110483,(주)케이엠씨,,,,,0.0009,0.0156,,0.0006,0.0005,0.343,0.0032,,,,,0.0147,,,-0.0001,0.3425,-0.3398,43.65
6068136265,동창종합건재(주),0.0005,0.3497,0.0034,0.0654,0.1335,0.1249,0.186,0.0004,0.0003,0.0005,0.001,0.3492,-0.3463,0.062,0.0681,-0.0086,0.0611,-0.1856,-0.0001,0.0002,0.0005,43.65
6218117971,(주)대신종합상사,0.625,0.0374,0.1602,0.0048,0.0036,0.6813,0.004,0.3127,0.0016,0.0013,0.0037,-0.5876,0.1228,-0.1554,-0.0012,0.6777,-0.6773,0.3087,-0.3111,-0.0003,0.0024,43.63
4118100500,백제약품주식회사,0.4949,0.0073,0.0084,0.1688,0.0295,0.0137,0.0016,0.1536,0.2315,0.1706,0.0373,-0.4876,0.0011,0.1604,-0.1393,-0.0158,-0.0121,0.152,0.0779,-0.0609,-0.1333,43.63
1178107799,(주)대화파이프,0.0005,0.0008,0.0005,0.0007,0.0002,0.0015,0.0006,0.0009,0.0003,0.0002,0.0019,0.0003,-0.0003,0.0002,-0.0005,0.0013,-0.0009,0.0003,-0.0006,-0.0001,0.0017,43.63
2158786197,(주)에이치앤에스팜,,,,,,,0.0008,0.0005,0.0021,0.0031,0.0023,,,,,,,-0.0003,0.0016,0.001,-0.0008,43.61
1148631257,하이호금속(주),0.0104,0.0019,0.0013,0.0009,0.0005,0.002,0.0009,0.0365,0.0011,0.0007,0.0033,-0.0085,-0.0006,-0.0004,-0.0004,0.0015,-0.0011,0.0356,-0.0354,-0.0004,0.0026,43.61
6068606937,(주)대연인더스트리,,,0.0009,0.0048,0.0033,0.0666,0.0027,0.0315,0.0495,0.0222,0.0186,,,0.0039,-0.0015,0.0633,-0.0639,0.0288,0.018,-0.0273,-0.0036,43.6
1188120311,한신프로젝트,,,,,,,,0.001,0.0001,0.0007,0.0012,,,,,,,,-0.0009,0.0006,0.0005,43.55
6218139238,(주)케지티,,,,,0.0011,0.0019,0.0007,0.0006,0.0002,0.0005,0.0011,,,,,0.0008,-0.0012,-0.0001,-0.0004,0.0003,0.0006,43.53
1058735969,서울씨엔지(주),0.0014,0.0003,0.0003,0.0002,0.0002,0.0006,0.0003,0.0003,0.0001,0.0002,0.0011,-0.0011,0.0,-0.0001,0.0,0.0004,-0.0003,0.0,-0.0002,0.0001,0.0009,43.49
2098159204,주식회사코리아이앤피,,,,,,,,0.0013,0.0007,0.0046,0.0039,,,,,,,,-0.0006,0.0039,-0.0007,43.48
1178151015,주식회사폴리인스퍼레이션,,0.0022,0.0001,0.0105,0.001,0.0009,0.0005,0.0012,0.0001,0.0003,0.0013,,-0.0021,0.0104,-0.0095,-0.0001,-0.0004,0.0007,-0.0011,0.0002,0.001,43.42
1088128034,주식회사신창약품,,,0.0007,0.0004,0.0004,0.0007,0.0002,0.0006,0.0008,0.0006,0.0013,,,-0.0003,0.0,0.0003,-0.0005,0.0004,0.0002,-0.0002,0.0007,43.39
1148601582,주식회사렉스몬드,0.0001,0.0003,0.0004,0.0002,0.0003,0.0011,0.0004,0.0006,0.0001,0.5184,0.0041,0.0002,0.0001,-0.0002,0.0001,0.0008,-0.0007,0.0002,-0.0005,0.5183,-0.5143,43.38
4458100288,(주)밝은무역,,,,,,0.0005,0.0002,0.0002,0.0001,0.0003,0.0009,,,,,,-0.0003,0.0,-0.0001,0.0002,0.0006,43.37
1078162631,(주)우리와인,,,,,,,0.0004,0.0006,0.0002,0.0003,0.0012,,,,,,,0.0002,-0.0004,0.0001,0.0009,43.28
1288633477,주식회사한국젬스,,,,0.001,0.0002,0.0009,0.0002,0.0003,0.0002,0.0005,0.0009,,,,-0.0008,0.0007,-0.0007,0.0001,-0.0001,0.0003,0.0004,43.26
1138663741,(주)드림유통,,,,,0.0022,0.0072,0.0021,0.1888,0.1471,0.1529,0.0182,,,,,0.005,-0.0051,0.1867,-0.0417,0.0058,-0.1347,43.25
1388193439,주식회사티켐,,,,,0.0005,0.0006,0.0004,0.0002,0.0002,0.0003,0.0009,,,,,0.0001,-0.0002,-0.0002,0.0,0.0001,0.0006,43.24
5388600697,고기연구소(주),,,,,,,,0.0027,0.0007,0.001,0.0015,,,,,,,,-0.002,0.0003,0.0005,43.22
6018128853,그린월드(주),,0.0079,0.0026,0.5424,0.0184,0.0899,0.0019,0.0024,0.0017,0.4515,0.0045,,-0.0053,0.5398,-0.524,0.0715,-0.088,0.0005,-0.0007,0.4498,-0.447,43.18
2158755317,주식회사제일무역,,,,,,,,0.0029,0.0035,0.4673,0.002,,,,,,,,0.0006,0.4638,-0.4653,43.17
5388600663,(주)자연에너지명품주유소,,,,,,,0.0007,0.0016,0.0019,0.0008,0.0015,,,,,,,0.0009,0.0003,-0.0011,0.0007,43.14
1198130525,세화판매(주),,,,0.0008,0.0006,0.0021,0.0013,0.0007,0.0016,0.0014,0.0016,,,,-0.0002,0.0015,-0.0008,-0.0006,0.0009,-0.0002,0.0002,43.1
1138150315,한국도키멕주식회사,0.0003,0.0001,0.0005,0.0003,0.0003,0.0005,0.0006,0.0005,0.0002,0.0122,0.0038,-0.0002,0.0004,-0.0002,0.0,0.0002,0.0001,-0.0001,-0.0003,0.012,-0.0084,43.09
2148174416,(주)세인상사,0.0001,0.0001,0.0001,0.0001,0.0001,0.0006,0.0006,0.0006,0.0003,0.0002,0.0015,0.0,0.0,0.0,0.0,0.0005,0.0,0.0,-0.0003,-0.0001,0.0013,43.09
1238608406,(주)이노뷰,,,0.0004,0.0006,0.001,0.0017,0.0008,0.0015,0.22,0.0516,0.0193,,,0.0002,0.0004,0.0007,-0.0009,0.0007,0.2185,-0.1684,-0.0323,43.06
1068620778,(주)노트북랜드이십일,,,,,,0.0003,0.0002,0.0001,0.0001,0.0005,0.0008,,,,,,-0.0001,-0.0001,0.0,0.0004,0.0003,43.03
2148145361,그린바이오메디칼(주),0.0006,0.0005,0.0005,0.0003,0.1004,0.1583,0.0974,0.0175,0.0016,0.2082,0.0073,-0.0001,0.0,-0.0002,0.1001,0.0579,-0.0609,-0.0799,-0.0159,0.2066,-0.2009,43.02
2118844789,웨이굿주식회사,,,,,,,,0.0008,0.0002,0.0005,0.0011,,,,,,,,-0.0006,0.0003,0.0006,42.99
6218197126,(주)아시아에너지,,,,,0.001,0.1017,0.3846,0.0946,0.0042,0.0472,0.0087,,,,,0.1007,0.2829,-0.29,-0.0904,0.043,-0.0385,42.99
5048113350,효성청과(주),,0.0043,0.0017,0.0005,0.0067,0.0063,0.0053,0.0024,0.0022,0.0034,0.003,,-0.0026,-0.0012,0.0062,-0.0004,-0.001,-0.0029,-0.0002,0.0012,-0.0004,42.99
1088609008,(주)우림에프엠지,0.0007,0.0005,0.0011,0.0009,0.0002,0.0003,0.0002,0.0005,0.0001,0.0004,0.001,-0.0002,0.0006,-0.0002,-0.0007,0.0001,-0.0001,0.0003,-0.0004,0.0003,0.0006,42.98
5018100012,케이케이주식회사,0.3726,0.1109,0.0234,0.0061,0.0068,0.0285,0.0024,0.0103,0.004,0.003,0.0039,-0.2617,-0.0875,-0.0173,0.0007,0.0217,-0.0261,0.0079,-0.0063,-0.001,0.0009,42.98
5058126523,(주)멕시카나,0.0002,0.0003,0.0003,0.0001,0.0001,0.0006,0.0002,0.0001,0.0001,0.0003,0.0008,0.0001,0.0,-0.0002,0.0,0.0005,-0.0004,-0.0001,0.0,0.0002,0.0005,42.97
2648148233,(주)엠케이미디어,,,,,,0.0005,0.0005,0.0025,0.001,0.0005,0.0026,,,,,,0.0,0.002,-0.0015,-0.0005,0.0021,42.97
6028138714,오션엔터프라이즈(주),,,,,,0.0007,0.0007,0.1381,0.0016,0.0278,0.0085,,,,,,0.0,0.1374,-0.1365,0.0262,-0.0193,42.92
4108127563,(주)광주신세계,0.0005,0.0008,0.0013,0.0002,0.0002,0.0006,0.0003,0.0003,0.0001,0.0004,0.0009,0.0003,0.0005,-0.0011,0.0,0.0004,-0.0003,0.0,-0.0002,0.0003,0.0005,42.92
4108668948,삼원에스티에스(주),,,,,,,0.0004,0.0006,0.0011,0.001,0.0013,,,,,,,0.0002,0.0005,-0.0001,0.0003,42.91
6038184676,주식회사우남철재,,,,,,,,0.0016,0.0008,0.0005,0.0021,,,,,,,,-0.0008,-0.0003,0.0016,42.9
5798101542,다올티에스주식회사,,,,,,,0.0007,0.0009,0.0009,0.0014,0.0014,,,,,,,0.0002,0.0,0.0005,0.0,42.88
1288654297,주식회사주원씨앤아이(CNI),,,,,,,0.0005,0.0005,0.0004,0.001,0.0011,,,,,,,0.0,-0.0001,0.0006,0.0001,42.83
6038111703,희창물산주식회사,0.0019,0.004,0.0031,0.001,0.0022,0.8393,0.0016,0.0011,0.0008,0.0017,0.0017,0.0021,-0.0009,-0.0021,0.0012,0.8371,-0.8377,-0.0005,-0.0003,0.0009,0.0,42.8
1078149884,(주)성은스텐레스상사,0.0002,0.0011,0.0012,0.0006,0.0002,0.0013,0.0004,0.0004,0.0007,0.0012,0.0012,0.0009,0.0001,-0.0006,-0.0004,0.0011,-0.0009,0.0,0.0003,0.0005,0.0,42.78
1348133555,아마다코리아주식회사,0.0002,0.0002,0.0016,0.0001,0.0001,0.001,0.6133,0.6446,0.0005,0.0009,0.0016,0.0,0.0014,-0.0015,0.0,0.0009,0.6123,0.0313,-0.6441,0.0004,0.0007,42.78
4228800038,주식회사에스케이코리아,,,0.0009,0.0001,0.0001,0.0046,0.0006,0.0003,0.0003,0.2384,0.0024,,,-0.0008,0.0,0.0045,-0.004,-0.0003,0.0,0.2381,-0.236,42.76
1058604630,(주)피엔엠코리아,0.0001,0.0002,0.0002,0.0003,0.0002,0.0004,0.0001,0.0002,0.0001,0.0002,0.0009,0.0001,0.0,0.0001,-0.0001,0.0002,-0.0003,0.0001,-0.0001,0.0001,0.0007,42.76
5468701904,주식회사엠패스트,,,,,,,,0.0017,0.0856,0.0217,0.0136,,,,,,,,0.0839,-0.0639,-0.0081,42.76
2038151470,한국드레가(주),,,,,,0.0002,0.0003,0.0004,0.0003,0.0005,0.0009,,,,,,0.0001,0.0001,-0.0001,0.0002,0.0004,42.75
5068192138,주식회사비엔엘에스,,,,,,,,0.0023,0.0012,0.0017,0.0018,,,,,,,,-0.0011,0.0005,0.0001,42.65
2978800484,(주)오동,,,,,,,,0.0012,0.0004,0.0006,0.0012,,,,,,,,-0.0008,0.0002,0.0006,42.65
5328601913,킹콩백화점주식회사,,,,,,,,0.001,0.0002,0.4775,0.004,,,,,,,,-0.0008,0.4773,-0.4735,42.6
2118600394,주식회사영유통,0.0004,0.0002,0.0004,0.0005,0.0001,0.0003,0.0002,0.1099,0.0003,0.0123,0.0069,-0.0002,0.0002,0.0001,-0.0004,0.0002,-0.0001,0.1097,-0.1096,0.012,-0.0054,42.6
5428600492,네오스프링주식회사,,,,,,,,0.0073,0.1911,0.0562,0.017,,,,,,,,0.1838,-0.1349,-0.0392,42.56
1328143377,주식회사월드비철,,,,0.001,0.0002,0.0012,0.0004,0.0004,0.0002,0.3388,0.003,,,,-0.0008,0.001,-0.0008,0.0,-0.0002,0.3386,-0.3358,42.51
1198118711,주식회사제니스유통,0.1347,0.127,0.0083,0.0878,0.0009,0.002,0.0008,0.2726,0.0014,0.0015,0.0021,-0.0077,-0.1187,0.0795,-0.0869,0.0011,-0.0012,0.2718,-0.2712,0.0001,0.0006,42.49
1598600913,주식회사정우금속산업,,,,,,0.0004,0.0007,0.0038,0.0016,0.0009,0.0027,,,,,,0.0003,0.0031,-0.0022,-0.0007,0.0018,42.47
1048118780,한화커넥트(주),0.0095,0.0028,0.0045,0.5033,0.0023,0.0033,0.0035,0.2903,0.1342,0.0033,0.0049,-0.0067,0.0017,0.4988,-0.501,0.001,0.0002,0.2868,-0.1561,-0.1309,0.0016,42.44
1298146024,(주)알엔지,0.0007,0.0003,0.0002,0.0007,0.0003,0.0006,0.0003,0.0023,0.0012,0.0173,0.0047,-0.0004,-0.0001,0.0005,-0.0004,0.0003,-0.0003,0.002,-0.0011,0.0161,-0.0126,42.43
6068101863,(주)화승인더스트리,0.3951,0.0024,0.003,0.0008,0.0014,0.0046,0.0009,0.2777,0.0467,0.6673,0.0064,-0.3927,0.0006,-0.0022,0.0006,0.0032,-0.0037,0.2768,-0.231,0.6206,-0.6609,42.42
1198613313,(주)신신유리,0.0027,0.0003,0.0005,0.0002,0.0001,0.0002,0.0004,0.0002,0.0001,0.0001,0.001,-0.0024,0.0002,-0.0003,-0.0001,0.0001,0.0002,-0.0002,-0.0001,0.0,0.0009,42.36
7718601202,주식회사윈나인,,,,,,,0.001,0.0002,0.0004,0.0003,0.001,,,,,,,-0.0008,0.0002,-0.0001,0.0007,42.36
1168118686,(주)엘엑스인터내셔널,0.0517,0.021,0.0088,0.0023,0.0064,0.0161,0.0016,0.0008,0.0006,0.0007,0.0011,-0.0307,-0.0122,-0.0065,0.0041,0.0097,-0.0145,-0.0008,-0.0002,0.0001,0.0004,42.33
1398127233,신화상사(주),,,0.0011,0.0009,0.003,0.0155,0.0047,0.0465,0.0117,0.8021,0.0052,,,-0.0002,0.0021,0.0125,-0.0108,0.0418,-0.0348,0.7904,-0.7969,42.32
6318101520,주식회사여의약품,,,,,,,,0.005,0.0013,0.0098,0.0054,,,,,,,,-0.0037,0.0085,-0.0044,42.29
6168614036,농업회사법인주식회사제우스,,,,,0.0006,0.0021,0.0015,0.0635,0.4395,0.0433,0.0134,,,,,0.0015,-0.0006,0.062,0.376,-0.3962,-0.0299,42.25
6228122652,한솔유화주식회사,,,,,,0.0007,0.0001,0.0004,0.0001,0.0003,0.0009,,,,,,-0.0006,0.0003,-0.0003,0.0002,0.0006,42.25
4488100609,주식회사쿱스토어전남,,,,,,,0.0012,0.0032,0.001,0.0536,0.0056,,,,,,,0.002,-0.0022,0.0526,-0.048,42.25
1148144271,(주)미스토홀딩스,0.001,0.01,0.5301,0.0009,0.0034,0.0058,0.0009,0.0009,0.0008,0.0003,0.0014,0.009,0.5201,-0.5292,0.0025,0.0024,-0.0049,0.0,-0.0001,-0.0005,0.0011,42.24
4778100024,(주)아이언모터스부산,,,0.0014,0.0648,0.0028,0.0033,0.0007,0.0014,0.0045,0.0066,0.0019,,,0.0634,-0.062,0.0005,-0.0026,0.0007,0.0031,0.0021,-0.0047,42.21
6168113798,(주)김약품,0.003,0.0005,0.0005,0.0002,0.0009,0.0013,0.0002,0.0007,0.0008,0.0003,0.0012,-0.0025,0.0,-0.0003,0.0007,0.0004,-0.0011,0.0005,0.0001,-0.0005,0.0009,42.21
1148676287,에이치에스효성토요타주식회사,0.0939,0.0888,0.0061,0.0003,0.0013,0.0002,0.0004,0.0103,0.0013,0.0015,0.0018,-0.0051,-0.0827,-0.0058,0.001,-0.0011,0.0002,0.0099,-0.009,0.0002,0.0003,42.19
2138198870,(주)근우,,,0.0012,0.0009,0.0016,0.0011,0.0007,0.0008,0.0002,0.0006,0.001,,,-0.0003,0.0007,-0.0005,-0.0004,0.0001,-0.0006,0.0004,0.0004,42.18
1308128706,(주)대화주류,,,,,,,0.0024,0.0753,0.009,0.0063,0.0065,,,,,,,0.0729,-0.0663,-0.0027,0.0002,42.13
1068176471,(주)아인스시스템,0.0038,0.0016,0.0012,0.0004,0.0006,0.0008,0.0011,0.0008,0.0004,0.0003,0.0014,-0.0022,-0.0004,-0.0008,0.0002,0.0002,0.0003,-0.0003,-0.0004,-0.0001,0.0011,42.13
1138119731,(주)진영베아링,0.6716,0.192,0.0121,0.0106,0.0052,0.0087,0.0058,0.0132,0.0037,0.0075,0.0056,-0.4796,-0.1799,-0.0015,-0.0054,0.0035,-0.0029,0.0074,-0.0095,0.0038,-0.0019,42.12
1388169996,주식회사한기글로벌,,,,,,,0.0007,0.001,0.0023,0.0087,0.0018,,,,,,,0.0003,0.0013,0.0064,-0.0069,42.12
1278651206,주식회사더베이글,,,,,,0.0005,0.0002,0.0001,0.0003,0.0001,0.001,,,,,,-0.0003,-0.0001,0.0002,-0.0002,0.0009,42.12
6038173543,(주)엠티,,,,,0.0036,0.0023,0.0021,0.0012,0.0015,0.0032,0.0019,,,,,-0.0013,-0.0002,-0.0009,0.0003,0.0017,-0.0013,42.09
2118898591,시엔스(주),,,,,,0.003,0.0025,0.0042,0.0047,0.0048,0.0034,,,,,,-0.0005,0.0017,0.0005,0.0001,-0.0014,42.01
5028112132,(주)지오팜,0.0018,0.0005,0.001,0.0011,0.0022,0.001,0.0006,0.0022,0.0018,0.0059,0.0032,-0.0013,0.0005,0.0001,0.0011,-0.0012,-0.0004,0.0016,-0.0004,0.0041,-0.0027,42.0
2108115981,(주)제원인터내쇼날,0.0002,0.0004,0.0003,0.0001,0.0003,0.0009,0.0009,0.0017,0.0001,0.0007,0.0011,0.0002,-0.0001,-0.0002,0.0002,0.0006,0.0,0.0008,-0.0016,0.0006,0.0004,41.98
1068122674,(주)대성반도체,,,,,,,,0.0008,0.0002,0.0007,0.001,,,,,,,,-0.0006,0.0005,0.0003,41.98
1218166327,주식회사비티스,,,,,,,,0.0013,0.0002,0.0003,0.0012,,,,,,,,-0.0011,0.0001,0.0009,41.95
1078719835,주식회사해피카,,,,,,,,0.0012,0.0003,0.0005,0.0011,,,,,,,,-0.0009,0.0002,0.0006,41.95
1298168595,브이에이티코리아주식회사,,0.0015,0.0,0.0001,0.0,0.0012,0.0012,0.0004,0.0001,0.0001,0.0011,,-0.0015,0.0001,-0.0001,0.0012,0.0,-0.0008,-0.0003,0.0,0.001,41.95
2018161574,케이티피(주),0.001,0.001,0.0026,0.0005,0.0236,0.002,0.0006,0.0008,0.0007,0.0013,0.0013,0.0,0.0016,-0.0021,0.0231,-0.0216,-0.0014,0.0002,-0.0001,0.0006,0.0,41.94
1378172348,주식회사에스씨리싸이클링,,0.0019,0.0004,0.001,0.1387,0.0024,0.002,0.0048,0.0015,0.0051,0.0042,,-0.0015,0.0006,0.1377,-0.1363,-0.0004,0.0028,-0.0033,0.0036,-0.0009,41.82
5028142897,한국카드시스템주식회사,,,,,,,,0.0009,0.0003,0.5892,0.0031,,,,,,,,-0.0006,0.5889,-0.5861,41.79
2208813674,주식회사카네,,,,,,0.0008,0.0003,0.0005,0.0002,0.0002,0.0011,,,,,,-0.0005,0.0002,-0.0003,0.0,0.0009,41.79
4108157276,신성자동차주식회사,0.0013,0.0007,0.0006,0.0006,0.0004,0.0011,0.0007,0.0013,0.0006,0.0004,0.0016,-0.0006,-0.0001,0.0,-0.0002,0.0007,-0.0004,0.0006,-0.0007,-0.0002,0.0012,41.74
1058747242,(주)티엘홀딩스,0.0006,0.0003,0.0004,0.0003,0.0001,0.001,0.0017,0.0014,0.0004,0.0007,0.0011,-0.0003,0.0001,-0.0001,-0.0002,0.0009,0.0007,-0.0003,-0.001,0.0003,0.0004,41.7
1068167180,(주)에스아이지텔레콤,0.0007,0.0007,0.0011,0.0053,0.001,0.0015,0.0005,0.0016,0.0054,0.0056,0.0027,0.0,0.0004,0.0042,-0.0043,0.0005,-0.001,0.0011,0.0038,0.0002,-0.0029,41.69
1248154723,(주)호성,,,,,,,,0.0016,0.0008,0.0009,0.0013,,,,,,,,-0.0008,0.0001,0.0004,41.68
1198600308,(주)리노아이엔티,,,,,,0.0008,0.0021,0.0013,0.0009,0.0645,0.0032,,,,,,0.0013,-0.0008,-0.0004,0.0636,-0.0613,41.67
4108158843,(주)협동엔터프라이즈,0.0054,0.01,0.0075,0.0035,0.0022,0.0047,0.0014,0.0098,0.0012,0.0109,0.0051,0.0046,-0.0025,-0.004,-0.0013,0.0025,-0.0033,0.0084,-0.0086,0.0097,-0.0058,41.67
1268612802,(주)서울로직,,,,,0.0007,0.0704,0.0094,0.0217,0.6029,0.0301,0.0102,,,,,0.0697,-0.061,0.0123,0.5812,-0.5728,-0.0199,41.65
2118820623,웹뜰주식회사,,,,,,,,0.0007,0.0311,0.0204,0.0103,,,,,,,,0.0304,-0.0107,-0.0101,41.65
2138610020,매크로통상주식회사,,0.0005,0.0001,0.0001,0.0001,0.0003,0.0005,0.0003,0.0001,0.0005,0.0008,,-0.0004,0.0,0.0,0.0002,0.0002,-0.0002,-0.0002,0.0004,0.0003,41.63
2208169766,(주)버드켐,0.0008,0.0008,0.0046,0.0012,0.0002,0.0017,0.0003,0.0005,0.0005,0.0011,0.0011,0.0,0.0038,-0.0034,-0.001,0.0015,-0.0014,0.0002,0.0,0.0006,0.0,41.62
2118664796,주식회사나우골드,,,,,,,,0.0014,0.0019,0.0013,0.0015,,,,,,,,0.0005,-0.0006,0.0002,41.61
2148814630,주식회사카나,0.0008,0.0008,0.0005,0.0005,0.001,0.0009,0.0007,0.0003,0.0001,0.0003,0.0008,0.0,-0.0003,0.0,0.0005,-0.0001,-0.0002,-0.0004,-0.0002,0.0002,0.0005,41.58
6038175328,주식회사동하,0.0016,,0.0004,0.0004,0.0005,0.0009,0.0003,0.0636,0.0073,0.4502,0.0051,,,0.0,0.0001,0.0004,-0.0006,0.0633,-0.0563,0.4429,-0.4451,41.57
2268125112,제이마트주식회사,0.0017,0.0044,,0.0101,0.004,0.0215,0.0025,0.0022,0.0009,0.0047,0.0035,0.0027,,,-0.0061,0.0175,-0.019,-0.0003,-0.0013,0.0038,-0.0012,41.56
6048601746,(주)코멧온,,,,,,,0.0008,0.0009,0.0038,0.1288,0.0015,,,,,,,0.0001,0.0029,0.125,-0.1273,41.56
2698800534,주식회사바이포엠스튜디오,,,,,,,0.0015,0.001,0.0005,0.0238,0.0032,,,,,,,-0.0005,-0.0005,0.0233,-0.0206,41.54
6088152674,(주)덕양에너지,,,,,0.0003,0.0004,0.0006,0.0036,0.0004,0.0819,0.005,,,,,0.0001,0.0002,0.003,-0.0032,0.0815,-0.0769,41.54
8728101271,주식회사노바메딕스,,,,,,,0.0009,0.0003,0.0011,0.0006,0.0011,,,,,,,-0.0006,0.0008,-0.0005,0.0005,41.51
2158613509,(주)한국풀네트웍,,,,,0.0019,0.0012,0.6579,0.0238,0.0429,0.0275,0.0116,,,,,-0.0007,0.6567,-0.6341,0.0191,-0.0154,-0.0159,41.51
1138157787,한양화스너공업(주),0.0078,0.0041,0.0022,0.0023,0.0017,0.6482,0.007,0.0067,0.0017,0.0018,0.002,-0.0037,-0.0019,0.0001,-0.0006,0.6465,-0.6412,-0.0003,-0.005,0.0001,0.0002,41.44
2118177812,영인랩플러스(주),0.0004,0.0004,0.0001,0.0001,0.0001,0.0003,0.0001,0.0001,0.0001,0.0001,0.0008,0.0,-0.0003,0.0,0.0,0.0002,-0.0002,0.0,0.0,0.0,0.0007,41.38
6858801680,주식회사마야팜,,,,,,,,0.0032,0.0365,0.0178,0.0091,,,,,,,,0.0333,-0.0187,-0.0087,41.35
1288615066,(주)앤서블미디어,,,,,,,0.0007,0.0009,0.0007,0.0072,0.0024,,,,,,,0.0002,-0.0002,0.0065,-0.0048,41.28
2388801617,(주)원지팜,,,,,,,0.0012,0.0014,0.0008,0.001,0.0012,,,,,,,0.0002,-0.0006,0.0002,0.0002,41.26
1348609574,주식회사한영티엔에스,,0.0028,0.0011,0.0033,0.0024,0.0043,0.0012,0.0013,0.0017,0.0024,0.0017,,-0.0017,0.0022,-0.0009,0.0019,-0.0031,0.0001,0.0004,0.0007,-0.0007,41.26
6038165193,(주)장가유통,,,,,,0.0017,0.0017,0.2455,0.0009,0.6136,0.0049,,,,,,0.0,0.2438,-0.2446,0.6127,-0.6087,41.25
1288199402,주식회사뉴라이프그룹,0.4524,0.1986,0.2949,0.5008,0.0653,0.0017,0.0021,0.0732,0.6571,0.0405,0.0096,-0.2538,0.0963,0.2059,-0.4355,-0.0636,0.0004,0.0711,0.5839,-0.6166,-0.0309,41.25
1048629114,주식회사예성레더,,,,,,,0.0008,0.0003,0.0007,0.0026,0.0015,,,,,,,-0.0005,0.0004,0.0019,-0.0011,41.23
5018113287,(주)영웅약품,0.0037,0.0027,0.0056,0.0029,0.0012,0.701,0.0079,0.0043,0.0012,0.001,0.002,-0.001,0.0029,-0.0027,-0.0017,0.6998,-0.6931,-0.0036,-0.0031,-0.0002,0.001,41.22
2208655118,코리아미카사,0.0903,0.0041,0.0059,0.3127,0.0048,0.1169,0.251,0.1067,0.0161,0.0563,0.0059,-0.0862,0.0018,0.3068,-0.3079,0.1121,0.1341,-0.1443,-0.0906,0.0402,-0.0504,41.19
1388190465,푸드피아(주),,,,,,,,0.0015,0.0005,0.2719,0.0033,,,,,,,,-0.001,0.2714,-0.2686,41.17
1208143530,주식회사안호모터스,,,0.001,0.0102,0.0076,0.7001,0.6213,0.6423,0.0306,0.3346,0.0057,,,0.0092,-0.0026,0.6925,-0.0788,0.021,-0.6117,0.304,-0.3289,41.16
1168130069,(주)LF네트웍스,0.0009,0.0018,0.0088,0.0536,0.0042,0.0088,0.0027,0.0033,0.0021,0.0043,0.0033,0.0009,0.007,0.0448,-0.0494,0.0046,-0.0061,0.0006,-0.0012,0.0022,-0.001,41.14
2148745932,마스트바이오(주),,,,,,,,0.0012,0.001,0.0049,0.0023,,,,,,,,-0.0002,0.0039,-0.0026,41.14
2058125376,(주)명성라이픽스,,,0.0005,0.0001,0.0004,0.0004,0.0006,0.001,0.0013,0.0009,0.0012,,,-0.0004,0.0003,0.0,0.0002,0.0004,0.0003,-0.0004,0.0003,41.12
2208102988,주)나음케어,,,,,0.0005,0.0007,0.0006,0.0004,0.2416,0.0069,0.0057,,,,,0.0002,-0.0001,-0.0002,0.2412,-0.2347,-0.0012,41.1
1058652035,주식회사제이트로닉스,0.001,0.0039,0.0062,0.0073,0.004,0.0026,0.0007,0.0002,0.0006,0.002,0.0014,0.0029,0.0023,0.0011,-0.0033,-0.0014,-0.0019,-0.0005,0.0004,0.0014,-0.0006,41.1
1208688134,(주)에이치피앤씨,0.0028,0.014,0.1551,0.1126,0.0087,0.0032,0.0014,0.0007,0.6816,0.0111,0.0064,0.0112,0.1411,-0.0425,-0.1039,-0.0055,-0.0018,-0.0007,0.6809,-0.6705,-0.0047,41.08
1068654322,케이씨에이치에너지(주),0.0047,0.0349,0.0206,0.0072,0.0041,0.0031,0.0052,0.0049,0.0015,0.0007,0.0022,0.0302,-0.0143,-0.0134,-0.0031,-0.001,0.0021,-0.0003,-0.0034,-0.0008,0.0015,41.06
1348601965,(주)시화스크랩,0.5609,0.2095,0.0145,0.6041,0.0074,0.0034,0.0037,0.0048,0.0015,0.0086,0.0041,-0.3514,-0.195,0.5896,-0.5967,-0.004,0.0003,0.0011,-0.0033,0.0071,-0.0045,41.06
2618124931,(주)에스앤제이스페이스,,,,,,,,0.0008,0.0375,0.0096,0.0069,,,,,,,,0.0367,-0.0279,-0.0027,41.03
6838800220,주식회사제이링크,,,,,,,0.0012,0.0001,0.0001,0.0002,0.0007,,,,,,,-0.0011,0.0,0.0001,0.0005,41.03
1298158684,(주)켐리치,0.0013,0.0004,0.0017,0.1279,0.0119,0.0077,0.002,0.0009,0.0005,0.0006,0.001,-0.0009,0.0013,0.1262,-0.116,-0.0042,-0.0057,-0.0011,-0.0004,0.0001,0.0004,41.02
2038147791,주식회사에보닉코리아,0.0001,0.0002,0.0002,0.0001,0.0,0.0003,0.0001,0.0003,0.0001,0.0002,0.0008,0.0001,0.0,-0.0001,-0.0001,0.0003,-0.0002,0.0002,-0.0002,0.0001,0.0006,41.01
1208621185,다쏘시스템코리아주식회사,0.0021,0.0002,0.0213,0.0001,0.0001,0.0003,0.0001,0.0003,0.0001,0.0002,0.0008,-0.0019,0.0211,-0.0212,0.0,0.0002,-0.0002,0.0002,-0.0002,0.0001,0.0006,41.01
2048192440,(주)서울유니온약품,0.0016,0.001,0.0013,0.0006,0.0003,0.0009,0.0011,0.0004,0.0004,0.002,0.0015,-0.0006,0.0003,-0.0007,-0.0003,0.0006,0.0002,-0.0007,0.0,0.0016,-0.0005,41.0
1218619950,주식회사화미,0.0001,0.0,0.0008,0.0004,0.2846,0.0367,0.0309,0.0038,0.0013,0.001,0.002,-0.0001,0.0008,-0.0004,0.2842,-0.2479,-0.0058,-0.0271,-0.0025,-0.0003,0.001,40.97
1288134641,주식회사클래르,0.0062,0.0049,0.4672,0.4861,0.0086,0.0169,0.0028,0.0121,0.1886,0.0111,0.0066,-0.0013,0.4623,0.0189,-0.4775,0.0083,-0.0141,0.0093,0.1765,-0.1775,-0.0045,40.93
6178186824,(주)엠지코퍼레이션,,,,,,0.0008,0.0953,0.0023,0.2714,0.0094,0.0063,,,,,,0.0945,-0.093,0.2691,-0.262,-0.0031,40.9
3018128521,주식회사대전지오팜,0.0007,0.0016,0.0007,0.0008,0.0004,0.0004,0.0002,0.0006,0.0006,0.0006,0.0009,0.0009,-0.0009,0.0001,-0.0004,0.0,-0.0002,0.0004,0.0,0.0,0.0003,40.9
5648800161,(주)부방유통,,0.0008,0.0001,0.0002,0.0002,0.0131,0.025,0.0419,0.0137,0.0021,0.0031,,-0.0007,0.0001,0.0,0.0129,0.0119,0.0169,-0.0282,-0.0116,0.001,40.89
1238606086,(주)디알켐무역,,,,,,,0.0004,0.0004,0.0021,0.0034,0.0015,,,,,,,0.0,0.0017,0.0013,-0.0019,40.89
6188700739,주식회사동호유통,,,,,,,0.0008,0.0009,0.0683,0.0308,0.0089,,,,,,,0.0001,0.0674,-0.0375,-0.0219,40.88
6228128239,주식회사마트킹용인,,,,,,,,0.0054,0.1143,0.0214,0.0083,,,,,,,,0.1089,-0.0929,-0.0131,40.85
1448127254,주식회사에이치에스에프,,,,,,,,0.0036,0.0443,0.0065,0.0056,,,,,,,,0.0407,-0.0378,-0.0009,40.83
1248122987,로젠(주),0.8529,0.0011,0.0008,0.0005,0.0003,0.0006,0.0005,0.0002,0.0007,0.0026,0.0014,-0.8518,-0.0003,-0.0003,-0.0002,0.0003,-0.0001,-0.0003,0.0005,0.0019,-0.0012,40.8
1178136222,(주)프라임글로벌,0.0416,0.0027,0.1406,0.0011,0.4665,0.0063,0.0015,0.0031,0.0014,0.0554,0.0038,-0.0389,0.1379,-0.1395,0.4654,-0.4602,-0.0048,0.0016,-0.0017,0.054,-0.0516,40.71
2208137420,(주)에스와이메디케어,0.0007,0.2995,0.0008,0.0003,0.0003,0.0015,0.0005,0.0007,0.0007,0.0005,0.001,0.2988,-0.2987,-0.0005,0.0,0.0012,-0.001,0.0002,0.0,-0.0002,0.0005,40.65
1078185880,코리아이플랫폼(주),0.3589,0.0009,0.0059,0.01,0.007,0.0041,0.0008,0.002,0.0004,0.0066,0.0033,-0.358,0.005,0.0041,-0.003,-0.0029,-0.0033,0.0012,-0.0016,0.0062,-0.0033,40.64
6088136728,(주)남창,0.0025,0.0052,0.002,0.0011,0.0011,0.0023,0.0015,0.0005,0.0004,0.0005,0.0008,0.0027,-0.0032,-0.0009,0.0,0.0012,-0.0008,-0.001,-0.0001,0.0001,0.0003,40.61
1298127385,(주)에스티씨,0.0012,0.0023,0.0103,0.0044,0.005,0.0325,0.0054,0.0029,0.5407,0.011,0.006,0.0011,0.008,-0.0059,0.0006,0.0275,-0.0271,-0.0025,0.5378,-0.5297,-0.005,40.6
8068100071,(주)코비마운틴,,,,,,,0.0005,0.0006,0.0004,0.0008,0.0009,,,,,,,0.0001,-0.0002,0.0004,0.0001,40.59
1068121127,대원씨티에스주식회사,0.0014,0.0079,0.0017,0.0008,0.0005,0.0013,0.0003,0.0005,0.0003,0.0011,0.0011,0.0065,-0.0062,-0.0009,-0.0003,0.0008,-0.001,0.0002,-0.0002,0.0008,0.0,40.57
1118117284,해인물류시스팀(주),0.0019,0.0029,0.0022,0.0557,0.0012,0.001,0.0063,0.0046,0.0024,0.0974,0.0038,0.001,-0.0007,0.0535,-0.0545,-0.0002,0.0053,-0.0017,-0.0022,0.095,-0.0936,40.55
1208134797,(주)한삼시스템,0.0001,0.0001,0.0001,0.0001,0.0002,0.0003,0.0004,0.0003,0.0005,0.0029,0.0014,0.0,0.0,0.0,0.0001,0.0001,0.0001,-0.0001,0.0002,0.0024,-0.0015,40.49
8138801761,주식회사에메랄드새우,,,,,,,,0.0024,0.0009,0.1651,0.0033,,,,,,,,-0.0015,0.1642,-0.1618,40.49
6038139467,(주)보쉬렉스로스코리아,0.0027,0.0014,0.001,0.0001,0.0004,0.0014,0.001,0.0004,0.0006,0.0012,0.0011,-0.0013,-0.0004,-0.0009,0.0003,0.001,-0.0004,-0.0006,0.0002,0.0006,-0.0001,40.48
1288151859,에버켐(주),0.0019,0.0006,0.0003,0.0005,0.0004,0.001,0.0004,0.0005,0.0004,0.0016,0.0014,-0.0013,-0.0003,0.0002,-0.0001,0.0006,-0.0006,0.0001,-0.0001,0.0012,-0.0002,40.46
1268647688,주식회사진흥인터내셔날,,,,,,,,0.0011,0.0003,0.0006,0.0009,,,,,,,,-0.0008,0.0003,0.0003,40.43
3258600994,주식회사더제이유엔,,,,,,0.0035,0.0182,0.0129,0.0026,0.0015,0.0024,,,,,,0.0147,-0.0053,-0.0103,-0.0011,0.0009,40.39
1428117857,주식회사우보인터내셔날,,,,,,,0.0007,0.0006,0.0004,0.0025,0.0018,,,,,,,-0.0001,-0.0002,0.0021,-0.0007,40.38
1238638104,주식회사선우팜,0.0009,0.0007,0.0013,0.0013,0.0008,0.0041,0.0011,0.0015,0.002,0.0018,0.0018,-0.0002,0.0006,0.0,-0.0005,0.0033,-0.003,0.0004,0.0005,-0.0002,0.0,40.34
6178163587,주식회사경성에너지,,,,,,,,0.0023,0.0015,0.0029,0.0024,,,,,,,,-0.0008,0.0014,-0.0005,40.26
6218601208,주식회사교림유통,,,,,,,0.0008,0.0093,0.2981,0.0094,0.0056,,,,,,,0.0085,0.2888,-0.2887,-0.0038,40.24
1178172868,한국플로젠(주),,,,,0.0005,0.0007,0.0003,0.0012,0.0005,0.2628,0.0026,,,,,0.0002,-0.0004,0.0009,-0.0007,0.2623,-0.2602,40.23
1428166019,주식회사동서가구,,,,,,0.0008,0.0004,0.0007,0.1619,0.873,0.0008,,,,,,-0.0004,0.0003,0.1612,0.7111,-0.8722,40.22
7168101573,미스토코리아주식회사,,,,,,,0.001,0.0003,0.0003,0.0004,0.0007,,,,,,,-0.0007,0.0,0.0001,0.0003,40.22
1018117953,에이치디엑스(주),0.0023,0.0025,0.0023,0.0017,0.0162,0.1829,0.0278,0.2982,0.4712,0.0368,0.0083,0.0002,-0.0002,-0.0006,0.0145,0.1667,-0.1551,0.2704,0.173,-0.4344,-0.0285,40.2
4108149553,서해철강주식회사,,,,,,,,0.0013,0.0001,0.0001,0.0011,,,,,,,,-0.0012,0.0,0.001,40.19
3678100988,(주)용타일,,,,,,,,0.0015,0.0005,0.0014,0.0014,,,,,,,,-0.001,0.0009,0.0,40.17
1338127953,부성철강(주),,,,,,,,0.0036,0.0003,0.0004,0.0011,,,,,,,,-0.0033,0.0001,0.0007,40.17
5038606661,주식회사필식자재마트,0.0014,0.0022,0.0036,0.0012,0.1396,0.8109,0.0032,0.0036,0.0016,0.2633,0.0032,0.0008,0.0014,-0.0024,0.1384,0.6713,-0.8077,0.0004,-0.002,0.2617,-0.2601,40.16
6038138003,주식회사케이엔케이,0.0002,0.0004,0.0005,0.0003,0.0001,0.0005,0.0007,0.0003,0.0002,0.0005,0.0007,0.0002,0.0001,-0.0002,-0.0002,0.0004,0.0002,-0.0004,-0.0001,0.0003,0.0002,40.15
2188117775,(주)남경코리아,0.0032,0.0005,0.0004,0.001,0.0004,0.0006,0.0002,0.0003,0.0001,0.0003,0.0007,-0.0027,-0.0001,0.0006,-0.0006,0.0002,-0.0004,0.0001,-0.0002,0.0002,0.0004,40.12
2068673314,다솜프라자주식회사,,,,,,,0.0009,0.0001,0.0003,0.0003,0.0007,,,,,,,-0.0008,0.0002,0.0,0.0004,40.08
6038177379,주식회사로얄블루인터내셔날,,0.0007,0.0009,0.0453,0.0048,0.0049,0.0018,0.003,0.0014,0.0033,0.0027,,0.0002,0.0444,-0.0405,0.0001,-0.0031,0.0012,-0.0016,0.0019,-0.0006,40.08
5038149215,(주)스틸드림,0.0105,0.022,0.0097,0.0036,0.0038,0.0045,0.0013,0.002,0.001,0.0042,0.0027,0.0115,-0.0123,-0.0061,0.0002,0.0007,-0.0032,0.0007,-0.001,0.0032,-0.0015,40.07
1048144861,무원상사(주),0.0014,0.0103,0.0128,0.0075,0.0057,0.0048,0.0044,0.0036,0.0021,0.0033,0.0028,0.0089,0.0025,-0.0053,-0.0018,-0.0009,-0.0004,-0.0008,-0.0015,0.0012,-0.0005,40.05
5608600068,(주)은과빛,,,,,0.0029,0.037,0.0113,0.0054,0.0416,0.0207,0.0066,,,,,0.0341,-0.0257,-0.0059,0.0362,-0.0209,-0.0141,40.0
1268136191,용성패키지주식회사,,,0.0006,0.0853,0.7244,0.0088,0.0043,0.0037,0.0019,0.0204,0.0032,,,0.0847,0.6391,-0.7156,-0.0045,-0.0006,-0.0018,0.0185,-0.0172,39.97
1388159014,주식회사오피아이,,0.0022,0.0007,0.0007,0.0005,0.002,0.0016,0.0012,0.0965,0.0122,0.0059,,-0.0015,0.0,-0.0002,0.0015,-0.0004,-0.0004,0.0953,-0.0843,-0.0063,39.94
1018653430,주식회사골드뱅크코리아,,,,,,,0.0006,0.0031,0.0092,0.1542,0.0011,,,,,,,0.0025,0.0061,0.145,-0.1531,39.93
2158736760,성지약품주식회사,,0.0028,0.0004,0.0002,0.0002,0.001,0.0002,0.0006,0.0004,0.0005,0.0008,,-0.0024,-0.0002,0.0,0.0008,-0.0008,0.0004,-0.0002,0.0001,0.0003,39.93
6088107714,(주)고려철강,0.0021,0.0026,0.0039,0.3669,0.004,0.0051,0.0033,0.0079,0.0042,0.0081,0.0035,0.0005,0.0013,0.363,-0.3629,0.0011,-0.0018,0.0046,-0.0037,0.0039,-0.0046,39.9
5118107929,(주)리치,,,0.0007,0.0005,0.0003,0.0017,0.0004,0.0002,0.0003,0.0018,0.0012,,,-0.0002,-0.0002,0.0014,-0.0013,-0.0002,0.0001,0.0015,-0.0006,39.83
2208850456,한국이토추마루베니철강주식회사,0.0005,0.0001,0.0001,0.0001,0.0004,0.0004,0.0004,0.0021,0.0008,0.0002,0.0015,-0.0004,0.0,0.0,0.0003,0.0,0.0,0.0017,-0.0013,-0.0006,0.0013,39.79
1098135241,KH에너지주식회사,0.0015,0.0017,0.0036,0.001,0.0002,0.0011,0.0006,0.0013,0.0013,0.0004,0.001,0.0002,0.0019,-0.0026,-0.0008,0.0009,-0.0005,0.0007,0.0,-0.0009,0.0006,39.78
5468800111,큐앤씨글로벌,,,,,,,,0.0012,0.001,0.0032,0.0018,,,,,,,,-0.0002,0.0022,-0.0014,39.77
1218120433,선우철강(주),0.1476,0.0031,0.0017,0.0017,0.0016,0.0036,0.002,0.0018,0.0007,0.0008,0.0011,-0.1445,-0.0014,0.0,-0.0001,0.002,-0.0016,-0.0002,-0.0011,0.0001,0.0003,39.77
6038175691,대방수산주식회사,,,,0.001,0.0002,0.0004,0.0003,0.0007,0.0002,0.0003,0.0008,,,,-0.0008,0.0002,-0.0001,0.0004,-0.0005,0.0001,0.0005,39.69
6788101062,(주)청담글로벌,,,,,,,0.002,0.0005,0.0002,0.0029,0.0018,,,,,,,-0.0015,-0.0003,0.0027,-0.0011,39.68
1198672758,주식회사향남월드마트,,,,,,,,0.0028,0.0029,0.0052,0.0014,,,,,,,,0.0001,0.0023,-0.0038,39.64
6138127653,(주)세종코퍼레이션,0.0013,0.0004,0.0002,0.0002,0.0001,0.0005,0.0002,0.0004,0.0006,0.0001,0.0008,-0.0009,-0.0002,0.0,-0.0001,0.0004,-0.0003,0.0002,0.0002,-0.0005,0.0007,39.63
2158768087,주식회사성웅,,,,,,,,0.0018,0.1014,0.0103,0.0053,,,,,,,,0.0996,-0.0911,-0.005,39.62
2078143555,(주)제너시스비비큐,0.4523,0.0078,0.002,0.0005,0.0002,0.0008,0.0002,0.001,0.0022,0.0005,0.0009,-0.4445,-0.0058,-0.0015,-0.0003,0.0006,-0.0006,0.0008,0.0012,-0.0017,0.0004,39.58
1348102386,(주)에스제이엠홀딩스,0.0001,0.0003,0.0003,0.0002,0.0622,0.0066,0.0018,0.0041,0.0083,0.0005,0.0009,0.0002,0.0,-0.0001,0.062,-0.0556,-0.0048,0.0023,0.0042,-0.0078,0.0004,39.57
2018162229,주식회사에땅,0.0001,0.0005,0.0376,0.1374,0.0258,0.6684,0.023,0.1939,0.1211,0.1362,0.0053,0.0004,0.0371,0.0998,-0.1116,0.6426,-0.6454,0.1709,-0.0728,0.0151,-0.1309,39.55
2148802508,주식회사티엔아이정보,,,,,,0.0006,0.0002,0.0002,0.0011,0.0002,0.0008,,,,,,-0.0004,0.0,0.0009,-0.0009,0.0006,39.53
7228700232,(주)대동팜,,,,0.0016,0.0005,0.0005,0.0006,0.0006,0.0012,0.001,0.0011,,,,-0.0011,0.0,0.0001,0.0,0.0006,-0.0002,0.0001,39.53
4098115408,주식회사호남청과,0.0013,0.0006,0.0004,0.0002,0.0002,0.0008,0.0003,0.0004,0.0003,0.0004,0.0007,-0.0007,-0.0002,-0.0002,0.0,0.0006,-0.0005,0.0001,-0.0001,0.0001,0.0003,39.5
1148143063,(주)신흥,0.0005,0.0008,0.0098,0.0051,0.0765,0.0057,0.0004,0.0007,0.0004,0.0005,0.0008,0.0003,0.009,-0.0047,0.0714,-0.0708,-0.0053,0.0003,-0.0003,0.0001,0.0003,39.5
1018156562,(주)투아이소프트,,0.001,0.0002,0.0013,0.0011,0.001,0.0002,0.0011,0.0014,0.0072,0.0012,,-0.0008,0.0011,-0.0002,-0.0001,-0.0008,0.0009,0.0003,0.0058,-0.006,39.45
8228701389,스타에너지주식회사,,,,,,,,0.0014,0.0001,0.0005,0.0008,,,,,,,,-0.0013,0.0004,0.0003,39.37
1058739325,주식회사파텍상사,0.0003,0.0006,0.0004,0.0003,0.0001,0.0007,0.0005,0.0005,0.0001,0.0003,0.0007,0.0003,-0.0002,-0.0001,-0.0002,0.0006,-0.0002,0.0,-0.0004,0.0002,0.0004,39.36
5068151200,(주)이스턴,0.0909,0.0043,0.0092,0.0021,0.0324,0.0058,0.0025,0.0016,0.0007,0.0006,0.0012,-0.0866,0.0049,-0.0071,0.0303,-0.0266,-0.0033,-0.0009,-0.0009,-0.0001,0.0006,39.33
4338600179,(주)하이플,,,,,,0.0007,0.0002,0.0003,0.0002,0.0006,0.0007,,,,,,-0.0005,0.0001,-0.0001,0.0004,0.0001,39.32
1208669985,한국메디홀스주식회사,0.0068,0.0061,0.0002,0.0002,0.0004,0.0011,0.0008,0.0003,0.0002,0.0006,0.0007,-0.0007,-0.0059,0.0,0.0002,0.0007,-0.0003,-0.0005,-0.0001,0.0004,0.0001,39.32
3068102415,대전청과(주),0.0002,0.0002,0.0004,0.0001,0.0003,0.0004,0.0005,0.0003,0.001,0.0003,0.0008,0.0,0.0002,-0.0003,0.0002,0.0001,0.0001,-0.0002,0.0007,-0.0007,0.0005,39.31
2118696129,(주)스와로브스키코리아,0.0007,0.0003,0.0003,0.0,0.0,0.0003,0.2376,0.0005,0.0002,0.0002,0.0008,-0.0004,0.0,-0.0003,0.0,0.0003,0.2373,-0.2371,-0.0003,0.0,0.0006,39.31
8578800175,주식회사비앤비스틸,,,0.0021,0.0699,0.0336,0.0212,0.39,0.0013,0.0004,0.0004,0.001,,,0.0678,-0.0363,-0.0124,0.3688,-0.3887,-0.0009,0.0,0.0006,39.3
2618105313,스카니아코리아그룹주식회사,0.0014,0.0001,0.0002,0.0002,0.0002,0.0011,0.0008,0.0007,0.0003,0.0001,0.001,-0.0013,0.0001,0.0,0.0,0.0009,-0.0003,-0.0001,-0.0004,-0.0002,0.0009,39.3
6158173226,(주)성운전자,,,,,,,0.0012,0.0004,0.0002,0.0003,0.0007,,,,,,,-0.0008,-0.0002,0.0001,0.0004,39.28
3278601475,주식회사비엘,,,,,,,0.0024,0.1517,0.7975,0.0349,0.0056,,,,,,,0.1493,0.6458,-0.7626,-0.0293,39.27
6068618938,주식회사애플아울렛,0.0003,0.0024,0.0011,0.0455,0.4548,0.001,0.6679,0.874,0.0007,0.0008,0.0013,0.0021,-0.0013,0.0444,0.4093,-0.4538,0.6669,0.2061,-0.8733,0.0001,0.0005,39.26
1288606719,(주)아이엔에스엔터프라이즈,,,,0.0009,0.0003,0.0007,0.0006,0.0003,0.0005,0.0012,0.001,,,,-0.0006,0.0004,-0.0001,-0.0003,0.0002,0.0007,-0.0002,39.25
6178104763,주)부기산업,,,,,0.002,0.0538,0.021,0.0285,0.0047,0.0192,0.0033,,,,,0.0518,-0.0328,0.0075,-0.0238,0.0145,-0.0159,39.22
1098161278,(주)영일오엔씨,0.2461,0.0032,0.0019,0.0023,0.0006,0.0013,0.0009,0.0005,0.0002,0.0004,0.0007,-0.2429,-0.0013,0.0004,-0.0017,0.0007,-0.0004,-0.0004,-0.0003,0.0002,0.0003,39.22
2158100426,주식회사중앙청과,0.0001,0.0001,0.0001,0.0,0.0001,0.0003,0.0004,0.0002,0.0002,0.0004,0.0006,0.0,0.0,-0.0001,0.0001,0.0002,0.0001,-0.0002,0.0,0.0002,0.0002,39.2
1358166291,(주)휴먼푸드,,,,,,0.0012,0.001,0.0017,0.0011,0.0009,0.0013,,,,,,-0.0002,0.0007,-0.0006,-0.0002,0.0004,39.18
6068603925,주식회사서현테크켐,,,,,,,0.0004,0.0001,0.0001,0.001,0.0009,,,,,,,-0.0003,0.0,0.0009,-0.0001,39.18
6158145642,(주)정훈정보시스템,,0.0027,0.0005,0.0007,0.001,0.0416,0.0055,0.0036,0.0489,0.0332,0.0059,,-0.0022,0.0002,0.0003,0.0406,-0.0361,-0.0019,0.0453,-0.0157,-0.0273,39.15
1328135218,미래금속(주),,,,,,,,0.0034,0.0003,0.0005,0.0009,,,,,,,,-0.0031,0.0002,0.0004,39.1
1208764162,제온코리아주식회사,,,,,,,0.0004,0.0005,0.0004,0.0003,0.0008,,,,,,,0.0001,-0.0001,-0.0001,0.0005,39.09
1278162732,(주)하나철강,0.0011,0.0027,0.0101,0.0104,0.0075,0.0359,0.0089,0.1385,0.008,0.0118,0.0039,0.0016,0.0074,0.0003,-0.0029,0.0284,-0.027,0.1296,-0.1305,0.0038,-0.0079,39.07
2118192792,(주)밀레코리아,0.0001,0.0002,0.0001,0.0001,0.0,0.0043,0.0002,0.0003,0.0002,0.4532,0.0013,0.0001,-0.0001,0.0,-0.0001,0.0043,-0.0041,0.0001,-0.0001,0.453,-0.4519,39.03
1358197187,주식회사소닉슨,,,,,0.0006,0.0005,0.0002,0.0002,0.0004,0.0003,0.0007,,,,,-0.0001,-0.0003,0.0,0.0002,-0.0001,0.0004,39.01
2138634148,아이엠씨디코리아주식회사,0.0004,0.0003,0.0002,0.0001,0.0001,0.0002,0.0002,0.0002,0.0001,0.0004,0.0006,-0.0001,-0.0001,-0.0001,0.0,0.0001,0.0,0.0,-0.0001,0.0003,0.0002,39.0
1108143173,(주)세계로마트,0.0013,0.0011,0.0005,0.0006,0.0007,0.0021,0.0006,0.0005,0.0003,0.0005,0.0007,-0.0002,-0.0006,0.0001,0.0001,0.0014,-0.0015,-0.0001,-0.0002,0.0002,0.0002,38.96
1068602523,만트럭버스코리아(주),0.0018,0.0016,0.0152,0.0022,0.0099,0.0114,0.0028,0.0196,0.0009,0.0002,0.0016,-0.0002,0.0136,-0.013,0.0077,0.0015,-0.0086,0.0168,-0.0187,-0.0007,0.0014,38.94
6218158496,(주)무쏘파워시스템,,,,,,0.0006,0.0003,0.0009,0.0007,0.0015,0.0013,,,,,,-0.0003,0.0006,-0.0002,0.0008,-0.0002,38.93
4178102898,대화도시가스(주),0.0001,0.0002,0.0002,0.0003,0.0004,0.1983,0.3526,0.112,0.0408,0.001,0.0022,0.0001,0.0,0.0001,0.0001,0.1979,0.1543,-0.2406,-0.0712,-0.0398,0.0012,38.92
5028608216,주식회사리체바이오,,,0.0008,0.0001,0.0009,0.0027,0.002,0.0035,0.0005,0.0128,0.0028,,,-0.0007,0.0008,0.0018,-0.0007,0.0015,-0.003,0.0123,-0.01,38.91
1148701444,주식회사솔머퓨처,,,,,,0.0012,0.0007,0.0011,0.0002,0.0003,0.0008,,,,,,-0.0005,0.0004,-0.0009,0.0001,0.0005,38.91
1358142644,주식회사디엠비정보통신,,,,,,0.0009,0.0003,0.0006,0.0002,0.0004,0.0007,,,,,,-0.0006,0.0003,-0.0004,0.0002,0.0003,38.9
5768100224,영풍지케이(주),,,,0.0003,0.0001,0.0004,0.0005,0.0007,0.0002,0.0001,0.0009,,,,-0.0002,0.0003,0.0001,0.0002,-0.0005,-0.0001,0.0008,38.86
1068604346,(주)혜지시스템,,,,,,0.0008,0.0002,0.0004,0.0002,0.0636,0.0016,,,,,,-0.0006,0.0002,-0.0002,0.0634,-0.062,38.86
2148108333,주식회사마성엘에스,,,,0.0003,0.0004,0.0015,0.0003,0.0005,0.0002,0.0003,0.0007,,,,0.0001,0.0011,-0.0012,0.0002,-0.0003,0.0001,0.0004,38.85
2208605262,(주)트리엠,0.5087,0.0152,0.149,0.0104,0.1759,0.0024,0.0005,0.0014,0.0011,0.0004,0.0011,-0.4935,0.1338,-0.1386,0.1655,-0.1735,-0.0019,0.0009,-0.0003,-0.0007,0.0007,38.84
2168107970,신원약품주식회사,0.0054,0.0031,0.0092,0.0059,0.3674,0.0328,0.0038,0.0012,0.0014,0.0013,0.0013,-0.0023,0.0061,-0.0033,0.3615,-0.3346,-0.029,-0.0026,0.0002,-0.0001,0.0,38.83
2208708908,브루커코리아(주),0.0004,0.0002,0.0003,0.0199,,0.0015,0.0006,0.0007,0.0001,0.0003,0.0007,-0.0002,0.0001,0.0196,,,-0.0009,0.0001,-0.0006,0.0002,0.0004,38.82
6058121847,주식회사영광도서,0.0133,0.0025,0.185,0.1909,0.488,0.574,0.0283,0.0021,0.0014,0.0035,0.002,-0.0108,0.1825,0.0059,0.2971,0.086,-0.5457,-0.0262,-0.0007,0.0021,-0.0015,38.78
1238147175,쿠카로보틱스코리아주식회사,,,0.0006,0.0454,0.3901,0.0226,0.0029,0.0198,0.0236,0.0592,0.001,,,0.0448,0.3447,-0.3675,-0.0197,0.0169,0.0038,0.0356,-0.0582,38.76
2908700619,(주)디몬트컴퍼니,,,,,,,,0.0008,0.0005,0.0023,0.0015,,,,,,,,-0.0003,0.0018,-0.0008,38.75
2138192105,한국바이케미칼(주),,,,,0.0005,0.0004,0.1393,0.0008,0.0003,0.0002,0.0009,,,,,-0.0001,0.1389,-0.1385,-0.0005,-0.0001,0.0007,38.7
2038150199,디앤이(주),,,,,,0.0008,0.0045,0.0052,0.0007,0.0437,0.0028,,,,,,0.0037,0.0007,-0.0045,0.043,-0.0409,38.64
1018118781,세기P&C(주),0.0008,0.0043,0.0008,0.0003,0.0002,0.0011,0.0007,0.0006,0.0061,0.5382,0.0008,0.0035,-0.0035,-0.0005,-0.0001,0.0009,-0.0004,-0.0001,0.0055,0.5321,-0.5374,38.6
6228125396,(주)경동기전,0.1861,0.0033,0.7198,0.0695,0.0112,0.1433,0.0059,0.0076,0.0113,0.0112,0.0031,-0.1828,0.7165,-0.6503,-0.0583,0.1321,-0.1374,0.0017,0.0037,-0.0001,-0.0081,38.59
1168165118,주식회사토인,0.0003,0.0004,0.0007,0.0003,0.4996,0.7791,0.2264,0.354,0.0167,0.0008,0.0021,0.0001,0.0003,-0.0004,0.4993,0.2795,-0.5527,0.1276,-0.3373,-0.0159,0.0013,38.58
2118657107,주식회사에이엠지코리아,,,,0.0004,0.0002,0.0002,0.0005,0.0003,0.0008,0.0016,0.001,,,,-0.0002,0.0,0.0003,-0.0002,0.0005,0.0008,-0.0006,38.58
6078114022,세화약품,0.0586,0.0136,0.0093,0.005,0.009,0.0064,0.0006,0.0023,0.0061,0.0046,0.0034,-0.045,-0.0043,-0.0043,0.004,-0.0026,-0.0058,0.0017,0.0038,-0.0015,-0.0012,38.57
7808800273,주식회사위즈니스,,,,,,,0.0013,0.1034,0.0448,0.0021,0.0026,,,,,,,0.1021,-0.0586,-0.0427,0.0005,38.51
5148103427,(주)청학씨앤디,0.1182,0.0077,0.0048,0.003,0.0016,0.0013,0.0001,0.0003,0.0001,0.0003,0.0006,-0.1105,-0.0029,-0.0018,-0.0014,-0.0003,-0.0012,0.0002,-0.0002,0.0002,0.0003,38.5
1208197415,지이파워서비스코리아(주),0.0002,0.0001,0.0005,0.0566,0.0391,0.176,0.001,0.4619,0.004,0.0002,0.0019,-0.0001,0.0004,0.0561,-0.0175,0.1369,-0.175,0.4609,-0.4579,-0.0038,0.0017,38.49
2058123626,(주)가빈,0.0011,0.0028,0.0007,0.0009,0.0076,0.0073,0.0027,0.0027,0.0007,0.0003,0.0013,0.0017,-0.0021,0.0002,0.0067,-0.0003,-0.0046,0.0,-0.002,-0.0004,0.001,38.48
2158665778,건우메탈(주),0.0004,0.0003,0.0001,0.0002,0.0002,0.0007,0.0006,0.0005,0.0004,0.0006,0.0007,-0.0001,-0.0002,0.0001,0.0,0.0005,-0.0001,-0.0001,-0.0001,0.0002,0.0001,38.46
1298611554,하비스주식회사,,,,,,,0.0008,0.0004,0.0002,0.2054,0.0014,,,,,,,-0.0004,-0.0002,0.2052,-0.204,38.4
1228630832,(주)이삭,,,,,,,0.0007,0.0005,0.0005,0.002,0.0011,,,,,,,-0.0002,0.0,0.0015,-0.0009,38.39
5028121460,주식회사효성약품,0.0011,0.0005,0.0004,0.0002,0.0003,0.0007,0.0006,0.0006,0.0003,0.0004,0.0007,-0.0006,-0.0001,-0.0002,0.0001,0.0004,-0.0001,0.0,-0.0003,0.0001,0.0003,38.38
2148637736,아세코코리아(주),0.0703,0.0068,0.0007,0.0022,0.0003,0.0019,0.0009,0.0006,0.0005,0.0382,0.0013,-0.0635,-0.0061,0.0015,-0.0019,0.0016,-0.001,-0.0003,-0.0001,0.0377,-0.0369,38.38
6048108818,광진기업주식회사,0.0005,0.0003,0.0001,0.0204,0.0475,0.0205,0.0724,0.1927,0.0863,0.0131,0.013,-0.0002,-0.0002,0.0203,0.0271,-0.027,0.0519,0.1203,-0.1064,-0.0732,-0.0001,38.38
1178161279,(주)켐블루,,,,,,0.0008,0.0006,0.0008,0.0002,0.0025,0.0016,,,,,,-0.0002,0.0002,-0.0006,0.0023,-0.0009,38.36
1358642066,주식회사대아,0.0009,0.0014,0.0027,0.0038,0.0015,0.0045,0.0003,0.0004,0.0004,0.0003,0.0007,0.0005,0.0013,0.0011,-0.0023,0.003,-0.0042,0.0001,0.0,-0.0001,0.0004,38.35
6058612872,(주)엠에스골드,,,,,,,,0.0019,0.0003,0.0008,0.0009,,,,,,,,-0.0016,0.0005,0.0001,38.34
6068631149,주식회사센텀메디팜,,,,,,,,0.0017,0.0002,0.0003,0.0008,,,,,,,,-0.0015,0.0001,0.0005,38.32
1838800512,(주)대전신세계,,,,,,0.0033,0.1266,0.6519,0.7559,0.0084,0.0044,,,,,,0.1233,0.5253,0.104,-0.7475,-0.004,38.29
2118119597,서린상사주식회사,0.0311,0.0411,0.0002,0.0007,0.0003,0.0003,0.0004,0.0022,0.0006,0.0012,0.0012,0.01,-0.0409,0.0005,-0.0004,0.0,0.0001,0.0018,-0.0016,0.0006,0.0,38.28
8488100226,소프트엔바이오주식회사,,,,,,,,0.0011,0.0004,0.0016,0.0014,,,,,,,,-0.0007,0.0012,-0.0002,38.25
6078117373,주식회사한미상사,0.0003,0.0006,0.0005,0.0008,0.1025,0.0022,0.001,0.624,0.0021,0.4215,0.003,0.0003,-0.0001,0.0003,0.1017,-0.1003,-0.0012,0.623,-0.6219,0.4194,-0.4185,38.25
3128154219,주식회사송정,0.9425,0.0098,0.0056,0.0016,0.5751,0.0039,0.0018,0.0859,0.0048,0.001,0.0019,-0.9327,-0.0042,-0.004,0.5735,-0.5712,-0.0021,0.0841,-0.0811,-0.0038,0.0009,38.23
1068609792,(주)아이티로그인,,,,,,,0.0007,0.0005,0.0002,0.0006,0.0007,,,,,,,-0.0002,-0.0003,0.0004,0.0001,38.2
1348193591,이노베이션메디칼팜(주),0.0034,0.0016,0.005,0.0008,0.0012,0.0025,0.0015,0.0017,0.0018,0.0021,0.0013,-0.0018,0.0034,-0.0042,0.0004,0.0013,-0.001,0.0002,0.0001,0.0003,-0.0008,38.17
1368700519,주식회사더젬코리아,,,,,,,0.0005,0.0001,0.0162,0.0002,0.0007,,,,,,,-0.0004,0.0161,-0.016,0.0005,38.17
1958100097,주식회사세영유통,,,0.0013,0.0012,0.0032,0.0053,0.3028,0.1851,0.0063,0.0066,0.0047,,,-0.0001,0.002,0.0021,0.2975,-0.1177,-0.1788,0.0003,-0.0019,38.16
2208116411,(주)만희기전,0.0001,0.0001,0.0002,0.0002,0.0,0.0007,0.0006,0.0006,0.0002,0.0001,0.0008,0.0,0.0001,0.0,-0.0002,0.0007,-0.0001,0.0,-0.0004,-0.0001,0.0007,38.15
1248604908,월드로지텍(주),0.0005,0.0005,0.0003,0.0002,0.0003,0.0008,0.0003,0.001,0.0024,0.0023,0.0019,0.0,-0.0002,-0.0001,0.0001,0.0005,-0.0005,0.0007,0.0014,-0.0001,-0.0004,38.14
2118676540,(주)현대홈쇼핑,0.0001,0.0002,0.0003,0.0001,0.0002,0.0008,0.0005,0.0005,0.0015,0.0262,0.0009,0.0001,0.0001,-0.0002,0.0001,0.0006,-0.0003,0.0,0.001,0.0247,-0.0253,38.14
1118114481,남양약품주식회사,0.004,0.0005,0.0005,0.0009,0.0003,0.0011,0.0004,0.0009,0.0005,0.0007,0.0008,-0.0035,0.0,0.0004,-0.0006,0.0008,-0.0007,0.0005,-0.0004,0.0002,0.0001,38.13
2188115398,(주)이글벳,0.0028,0.0036,0.0118,0.0005,0.0465,0.0019,0.0007,0.0006,0.0004,0.0005,0.0007,0.0008,0.0082,-0.0113,0.046,-0.0446,-0.0012,-0.0001,-0.0002,0.0001,0.0002,38.12
2068605742,(주)하나프라임,0.0019,0.0091,,,0.0028,0.003,0.0005,0.0008,0.0001,0.0002,0.0007,0.0072,,,,0.0002,-0.0025,0.0003,-0.0007,0.0001,0.0005,38.11
1268144920,동우농산(주),,,,0.0011,0.0031,0.4758,0.004,0.0596,0.3673,0.0213,0.0042,,,,0.002,0.4727,-0.4718,0.0556,0.3077,-0.346,-0.0171,38.08
1068627295,한국에버라이트주식회사,0.001,0.0006,0.0041,0.002,0.0021,0.0033,0.2732,0.0008,0.0001,0.0149,0.0018,-0.0004,0.0035,-0.0021,0.0001,0.0012,0.2699,-0.2724,-0.0007,0.0148,-0.0131,38.08
2148684530,(주)제이아이티인터내셔널,,,,,0.001,0.0013,0.0005,0.003,0.0016,0.0026,0.002,,,,,0.0003,-0.0008,0.0025,-0.0014,0.001,-0.0006,38.07
2118825706,주식회사삼보에스앤티,,,,,,0.001,0.0023,0.0049,0.0009,0.0009,0.0012,,,,,,0.0013,0.0026,-0.004,0.0,0.0003,38.07
1308190817,(주)에보니아,,,0.0005,0.0007,0.0008,0.1944,0.0052,0.1013,0.7135,0.0108,0.0035,,,0.0002,0.0001,0.1936,-0.1892,0.0961,0.6122,-0.7027,-0.0073,38.06
7788800644,(주)백산스텐레스,,,,,,0.0011,0.0002,0.0003,0.0,0.0001,0.0006,,,,,,-0.0009,0.0001,-0.0003,0.0001,0.0005,38.04
1078138349,(주)아영에프비씨,0.0013,0.0021,0.0055,0.0052,0.0013,0.0042,0.001,0.0006,0.0003,0.0015,0.0012,0.0008,0.0034,-0.0003,-0.0039,0.0029,-0.0032,-0.0004,-0.0003,0.0012,-0.0003,38.04
3128147421,(주)다우에프에이,0.0011,0.0009,0.0002,0.0005,0.0002,0.434,0.0009,0.0055,0.0056,0.0025,0.0024,-0.0002,-0.0007,0.0003,-0.0003,0.4338,-0.4331,0.0046,0.0001,-0.0031,-0.0001,38.04
2118789192,대림에이에프,,,,,,,,0.0018,0.111,0.0812,0.0051,,,,,,,,0.1092,-0.0298,-0.0761,38.03
2158631676,(주)굿지앤,,,0.0009,0.0002,0.5508,0.001,0.0007,0.002,0.0005,0.0119,0.0021,,,-0.0007,0.5506,-0.5498,-0.0003,0.0013,-0.0015,0.0114,-0.0098,38.02
3788102083,(주)신우철재,,,,,,,,0.0039,0.0016,0.0005,0.0014,,,,,,,,-0.0023,-0.0011,0.0009,38.01
2028158427,범창페이퍼(주),0.0041,0.0012,0.0023,0.0012,0.0009,0.0014,0.0006,0.0017,0.0017,0.0008,0.001,-0.0029,0.0011,-0.0011,-0.0003,0.0005,-0.0008,0.0011,0.0,-0.0009,0.0002,38.0
1198126322,주식회사사세,0.0002,0.0001,0.0004,0.0004,0.0003,0.0021,0.0029,0.0004,0.0001,0.0011,0.001,-0.0001,0.0003,0.0,-0.0001,0.0018,0.0008,-0.0025,-0.0003,0.001,-0.0001,37.99
2208740140,(주)매커스,0.0003,0.0003,0.0003,0.0002,0.0002,0.0004,0.0008,0.0005,0.0,0.0003,0.0006,0.0,0.0,-0.0001,0.0,0.0002,0.0004,-0.0003,-0.0005,0.0003,0.0003,37.96
1098618999,비케이프라임실업주식회사,0.4637,0.0111,0.0105,0.0053,0.0016,0.0035,,0.0034,0.3025,0.0049,0.0031,-0.4526,-0.0006,-0.0052,-0.0037,0.0019,,,0.2991,-0.2976,-0.0018,37.96
1128136756,(주)성안테크,,,0.0005,0.0003,0.011,0.0024,0.0264,0.3755,0.0036,0.0069,0.0031,,,-0.0002,0.0107,-0.0086,0.024,0.3491,-0.3719,0.0033,-0.0038,37.93
2128170637,주식회사지리페,0.0008,0.002,0.0014,0.0005,0.0005,0.0075,0.0328,0.0268,0.0057,0.0074,0.003,0.0012,-0.0006,-0.0009,0.0,0.007,0.0253,-0.006,-0.0211,0.0017,-0.0044,37.92
1218117767,서원상협주식회사,0.0015,0.002,0.0014,0.0005,0.0001,0.0011,0.3194,0.0012,0.0003,0.0007,0.0008,0.0005,-0.0006,-0.0009,-0.0004,0.001,0.3183,-0.3182,-0.0009,0.0004,0.0001,37.92
1418115759,주식회사마켓비,0.0024,0.0003,0.0014,0.001,0.0004,0.0014,0.0013,0.0016,0.0011,0.0111,0.0016,-0.0021,0.0011,-0.0004,-0.0006,0.001,-0.0001,0.0003,-0.0005,0.01,-0.0095,37.9
2148734828,주식회사티피에스엔지니어링,,0.0014,0.0001,0.0,0.0001,0.0003,0.0001,0.0002,0.0001,0.0001,0.0006,,-0.0013,-0.0001,0.0001,0.0002,-0.0002,0.0001,-0.0001,0.0,0.0005,37.89
2148759299,(주)평화드림,0.0001,0.0004,0.0002,0.0006,0.0004,0.0005,0.0005,0.0058,0.0113,0.0051,0.0033,0.0003,-0.0002,0.0004,-0.0002,0.0001,0.0,0.0053,0.0055,-0.0062,-0.0018,37.83
1198123252,닛샤코리아주식회사,0.002,0.0798,0.0011,0.0006,,,,0.0001,0.0001,0.0002,0.0005,0.0778,-0.0787,-0.0005,,,,,0.0,0.0001,0.0003,37.82
1078125562,신우메탈코리아(주),0.0007,0.0042,0.0004,0.0002,0.0004,0.0023,0.0005,0.0003,0.0002,0.0005,0.0006,0.0035,-0.0038,-0.0002,0.0002,0.0019,-0.0018,-0.0002,-0.0001,0.0003,0.0001,37.82
2098145923,주식회사명인화장품,,,,,,,0.0008,0.0003,0.0002,0.0005,0.0006,,,,,,,-0.0005,-0.0001,0.0003,0.0001,37.82
1138612922,주식회사알앤에프케미칼,,,,0.0006,0.0001,0.0013,0.0006,0.3552,0.0041,0.0004,0.0017,,,,-0.0005,0.0012,-0.0007,0.3546,-0.3511,-0.0037,0.0013,37.81
1148118171,(주)휘닉스무역,,,,0.0005,0.0004,0.001,0.0002,0.0006,0.0004,0.0006,0.0007,,,,-0.0001,0.0006,-0.0008,0.0004,-0.0002,0.0002,0.0001,37.78
2068602478,주식회사케이엘마트,,,,,0.0025,0.0018,0.0004,0.0019,0.0012,0.0098,0.0017,,,,,-0.0007,-0.0014,0.0015,-0.0007,0.0086,-0.0081,37.77
1208784678,모두화학주식회사,,,,,,0.0013,0.0002,0.0007,0.0002,0.0041,0.0015,,,,,,-0.0011,0.0005,-0.0005,0.0039,-0.0026,37.77
1328199449,농업회사법인주식회사현대농산,,,,,,,,0.0009,0.0002,0.0003,0.0007,,,,,,,,-0.0007,0.0001,0.0004,37.76
5348600394,주식회사아토무역,,,,,,,,0.0016,0.0001,0.0004,0.0007,,,,,,,,-0.0015,0.0003,0.0003,37.74
2148676710,케이비엠주식회사,0.0244,0.0226,0.0071,0.0049,0.407,0.3174,0.0032,0.0044,0.0007,0.0091,0.0022,-0.0018,-0.0155,-0.0022,0.4021,-0.0896,-0.3142,0.0012,-0.0037,0.0084,-0.0069,37.74
1368105002,(주)한국가구,0.0004,0.0005,0.0008,0.0002,0.0005,0.0024,0.0009,0.0005,0.0001,0.0008,0.0008,0.0001,0.0003,-0.0006,0.0003,0.0019,-0.0015,-0.0004,-0.0004,0.0007,0.0,37.71
6448801559,주식회사행성테크놀러지,,,,,,0.0008,0.0031,0.0097,0.0004,0.0032,0.0021,,,,,,0.0023,0.0066,-0.0093,0.0028,-0.0011,37.71
2068608318,(주)다우바이오메디카,,,,,0.0007,0.0002,0.0002,0.0004,0.0001,0.0002,0.0006,,,,,-0.0005,0.0,0.0002,-0.0003,0.0001,0.0004,37.7
3088800858,(주)에이오티코리아,,,,,,,,0.0009,0.0003,0.0005,0.0007,,,,,,,,-0.0006,0.0002,0.0002,37.66
2148851896,지엘루비콘(주),0.0011,0.0001,0.0054,0.006,0.0006,0.0007,0.0005,0.0008,0.0008,0.0027,0.001,-0.001,0.0053,0.0006,-0.0054,0.0001,-0.0002,0.0003,0.0,0.0019,-0.0017,37.57
1208122535,주식회사에스티인터내셔널코퍼레이션,0.002,0.0114,0.0014,0.0032,0.0025,0.0084,0.0033,0.0001,0.0004,0.0003,0.0006,0.0094,-0.01,0.0018,-0.0007,0.0059,-0.0051,-0.0032,0.0003,-0.0001,0.0003,37.53
2118700464,신창에너지(주),,,,,,0.0019,0.0009,0.0034,0.0027,0.0009,0.0013,,,,,,-0.001,0.0025,-0.0007,-0.0018,0.0004,37.53
5038179776,(주)에스엔아이,0.0002,0.0002,0.0002,0.0001,0.0003,0.0052,0.0069,0.0095,0.0045,0.1169,0.0022,0.0,0.0,-0.0001,0.0002,0.0049,0.0017,0.0026,-0.005,0.1124,-0.1147,37.53
1068102284,주식회사필립스코리아,0.0005,0.0005,0.0015,0.0006,0.0001,0.0111,0.0002,0.0002,0.0411,0.0525,0.0008,0.0,0.001,-0.0009,-0.0005,0.011,-0.0109,0.0,0.0409,0.0114,-0.0517,37.52
1298132006,주식회사일신국제무역,,,,,,0.0003,0.0001,0.0003,0.0001,0.0005,0.0006,,,,,,-0.0002,0.0002,-0.0002,0.0004,0.0001,37.49
1198636941,(주)에이치케이세미텍,0.0006,0.0007,,,,0.0002,0.0001,0.0002,0.0004,0.0011,0.0008,0.0001,,,,,-0.0001,0.0001,0.0002,0.0007,-0.0003,37.47
3148134126,(주)승진상사,0.0032,0.0016,0.0186,0.0016,0.0021,0.0034,0.0025,0.004,0.0015,0.0005,0.0013,-0.0016,0.017,-0.017,0.0005,0.0013,-0.0009,0.0015,-0.0025,-0.001,0.0008,37.45
8868100188,주식회사대웅식품,,,,,0.0009,0.0019,0.0012,0.0006,0.004,0.0036,0.0024,,,,,0.001,-0.0007,-0.0006,0.0034,-0.0004,-0.0012,37.44
1018653217,(주)불리온뱅크,,,,,,,,0.0015,0.0246,0.019,0.0037,,,,,,,,0.0231,-0.0056,-0.0153,37.43
2118761044,(주)케이지할리스에프앤비,0.0002,0.0002,0.0004,0.0002,0.0002,0.0007,0.0076,0.0573,0.0005,0.0009,0.001,0.0,0.0002,-0.0002,0.0,0.0005,0.0069,0.0497,-0.0568,0.0004,0.0001,37.43
4608600962,시스에너지주식회사,,,,,,0.0014,0.0004,0.0017,0.0006,0.0006,0.0009,,,,,,-0.001,0.0013,-0.0011,0.0,0.0003,37.41
8738701602,주식회사한윤,,,,,,,,0.0046,0.1727,0.062,0.0043,,,,,,,,0.1681,-0.1107,-0.0577,37.41
4068104241,주식회사비엘헬스케어,,,,,0.001,0.0024,0.0012,0.0037,0.0022,0.0015,0.0017,,,,,0.0014,-0.0012,0.0025,-0.0015,-0.0007,0.0002,37.4
1068176210,케이씨씨모터스(주),0.6785,0.4784,0.0029,0.0014,0.0049,0.0422,0.0925,0.0066,0.001,0.0043,0.0021,-0.2001,-0.4755,-0.0015,0.0035,0.0373,0.0503,-0.0859,-0.0056,0.0033,-0.0022,37.4
2208629003,(주)단군소프트,0.0008,0.0003,0.0059,0.0009,0.0003,0.0006,0.0002,0.0005,0.0001,0.0002,0.0006,-0.0005,0.0056,-0.005,-0.0006,0.0003,-0.0004,0.0003,-0.0004,0.0001,0.0004,37.37
2158732255,효성인터내셔널(주),,,,,0.0007,0.0061,0.0012,0.0012,0.0013,0.002,0.001,,,,,0.0054,-0.0049,0.0,0.0001,0.0007,-0.001,37.37
2018194814,(주)남산약품,0.0204,0.0043,0.0065,0.1667,0.1703,0.5776,0.0332,0.073,0.043,0.0395,0.026,-0.0161,0.0022,0.1602,0.0036,0.4073,-0.5444,0.0398,-0.03,-0.0035,-0.0135,37.36
2118614165,(주)윤현상재,,,,0.0003,0.0002,0.0006,0.0002,0.0003,0.0002,0.0009,0.0008,,,,-0.0001,0.0004,-0.0004,0.0001,-0.0001,0.0007,-0.0001,37.35
1018676845,(주)에스비,,,,,,,0.001,0.0008,0.0005,0.0002,0.0008,,,,,,,-0.0002,-0.0003,-0.0003,0.0006,37.33
2738800533,(주)러쉬엔터프라이즈,,,,0.0004,0.0002,0.0002,0.0011,0.0003,0.0002,0.0012,0.0009,,,,-0.0002,0.0,0.0009,-0.0008,-0.0001,0.001,-0.0003,37.29
1208774864,주식회사비디엠,,,0.0007,0.0003,0.0004,0.0018,0.0003,0.0001,0.0003,0.0006,0.0006,,,-0.0004,0.0001,0.0014,-0.0015,-0.0002,0.0002,0.0003,0.0,37.28
8528601272,서브원,,,,,0.0009,0.0002,0.0002,0.0002,0.0001,0.0003,0.0005,,,,,-0.0007,0.0,0.0,-0.0001,0.0002,0.0002,37.25
2118813758,주식회사메가슈플렉스에스마켓코리아,0.0371,0.0012,0.001,0.0004,0.0017,0.0006,0.0034,0.32,0.0022,0.0173,0.0026,-0.0359,-0.0002,-0.0006,0.0013,-0.0011,0.0028,0.3166,-0.3178,0.0151,-0.0147,37.25
1378106931,(주)성욱,0.0015,0.0005,0.0275,0.0091,0.0023,0.0037,0.5591,0.585,0.0036,0.0351,0.0027,-0.001,0.027,-0.0184,-0.0068,0.0014,0.5554,0.0259,-0.5814,0.0315,-0.0324,37.23
8138800272,현대코퍼레이션홀딩스(주),,0.0007,0.0002,0.0002,0.0002,0.0007,0.0013,0.0005,0.0007,0.0009,0.0008,,-0.0005,0.0,0.0,0.0005,0.0006,-0.0008,0.0002,0.0002,-0.0001,37.23
1208173320,시너지월드와이드코리아주식회사,0.0001,0.0001,0.0002,0.0,0.0002,0.0002,0.0002,0.0001,0.0002,0.0004,0.0005,0.0,0.0001,-0.0002,0.0002,0.0,0.0,-0.0001,0.0001,0.0002,0.0001,37.22
1148714895,오아(주),,,,,0.0006,0.0002,0.0005,0.002,0.3335,0.0042,0.0026,,,,,-0.0004,0.0003,0.0015,0.3315,-0.3293,-0.0016,37.2
6178165794,신명약품(주),0.0005,0.0007,0.0005,0.0004,0.0006,0.0013,0.005,0.0084,0.0015,0.0027,0.002,0.0002,-0.0002,-0.0001,0.0002,0.0007,0.0037,0.0034,-0.0069,0.0012,-0.0007,37.2
1288135150,주식회사거상자원,0.3329,0.0025,0.0039,0.0012,0.288,0.0073,0.0011,0.0016,0.0006,0.0013,0.0012,-0.3304,0.0014,-0.0027,0.2868,-0.2807,-0.0062,0.0005,-0.001,0.0007,-0.0001,37.18
6078170010,(주)그린엔텍,0.045,0.0004,0.0003,0.0002,0.0005,0.0091,0.0008,0.035,0.3159,0.0122,0.0032,-0.0446,-0.0001,-0.0001,0.0003,0.0086,-0.0083,0.0342,0.2809,-0.3037,-0.009,37.17
1068710864,(주)위베네베네,,,,,,,,0.001,0.0003,0.0002,0.0008,,,,,,,,-0.0007,-0.0001,0.0006,37.16
1058626217,(주)엘앤씨상사,,,,,,0.0006,0.0014,0.0051,0.0025,0.0038,0.0021,,,,,,0.0008,0.0037,-0.0026,0.0013,-0.0017,37.16
1068124691,(주)NH무역,0.0126,0.0006,0.0007,0.0884,0.0193,0.1159,0.0028,0.0734,0.3497,0.0058,0.0029,-0.012,0.0001,0.0877,-0.0691,0.0966,-0.1131,0.0706,0.2763,-0.3439,-0.0029,37.14
1208690760,(주)구구스,,,,,0.0004,0.0002,0.0002,0.0002,0.0002,0.0003,0.0005,,,,,-0.0002,0.0,0.0,0.0,0.0001,0.0002,37.13
2208115159,(주)온누리에이치엔씨,0.0004,0.0005,0.0005,0.0002,0.0002,0.0011,0.0004,0.0002,0.0002,0.0003,0.0005,0.0001,0.0,-0.0003,0.0,0.0009,-0.0007,-0.0002,0.0,0.0001,0.0002,37.13
2178109699,(주)삼양인터내셔날,0.0004,0.0004,0.0004,0.0003,0.0002,0.0004,0.0005,0.0004,0.0003,0.0003,0.0006,0.0,0.0,-0.0001,-0.0001,0.0002,0.0001,-0.0001,-0.0001,0.0,0.0003,37.09
4038168794,우리유통주식회사,,,,,,,,0.0023,0.0006,0.0023,0.0016,,,,,,,,-0.0017,0.0017,-0.0007,37.09
2888100235,콘탱고메탈,,,,,,,0.0013,0.0005,0.0005,0.0024,0.0009,,,,,,,-0.0008,0.0,0.0019,-0.0015,37.09
2508600900,주식회사다담리테일,,,,0.0011,0.0002,0.0009,0.0004,0.0002,0.0003,0.0006,0.0006,,,,-0.0009,0.0007,-0.0005,-0.0002,0.0001,0.0003,0.0,37.05
1618801205,(주)우리들모터스,,,,,0.0017,0.0023,0.005,0.0125,0.0156,0.004,0.0029,,,,,0.0006,0.0027,0.0075,0.0031,-0.0116,-0.0011,37.05
1138128813,광동생활건강(주),,,,,,,,0.002,0.0002,0.0004,0.0007,,,,,,,,-0.0018,0.0002,0.0003,37.04
3458700262,(주)네이쳐스푸드,,,,,,,,0.0015,0.0002,0.0003,0.0007,,,,,,,,-0.0013,0.0001,0.0004,37.02
2148170180,(주)영사이언스,0.0003,0.0003,0.0006,0.0005,0.0006,0.0218,0.0006,0.0004,0.0003,0.0031,0.001,0.0,0.0003,-0.0001,0.0001,0.0212,-0.0212,-0.0002,-0.0001,0.0028,-0.0021,36.94
2098124398,(주)성수전자,,,,,,,0.0004,0.0017,0.5745,0.0091,0.0028,,,,,,,0.0013,0.5728,-0.5654,-0.0063,36.91
1148701309,주식회사올에프엔비,,,,,,,0.0004,0.0004,0.0009,0.0021,0.0008,,,,,,,0.0,0.0005,0.0012,-0.0013,36.86
8418100661,주식회사티원글로벌,,,,,,,,0.001,0.0001,0.0001,0.0007,,,,,,,,-0.0009,0.0,0.0006,36.8
1358639052,(주)민스샵,,,,,,,,0.0007,0.0516,0.0131,0.0032,,,,,,,,0.0509,-0.0385,-0.0099,36.8
6078135371,씨.에스에프(주),,,,,,0.0011,0.0005,0.0008,0.0004,0.0004,0.0007,,,,,,-0.0006,0.0003,-0.0004,0.0,0.0003,36.8
1078178114,(주)이상네트웍스,0.0011,0.0003,0.0002,0.0002,0.0002,0.002,0.0012,0.0022,0.001,0.0008,0.0011,-0.0008,-0.0001,0.0,0.0,0.0018,-0.0008,0.001,-0.0012,-0.0002,0.0003,36.8
2018621034,(주)카이로스시계,,,,,0.0007,0.0012,0.0017,0.0006,0.0004,0.0002,0.0007,,,,,0.0005,0.0005,-0.0011,-0.0002,-0.0002,0.0005,36.75
2118835257,(주)이테크시스템,0.1234,0.008,0.0444,0.0013,0.0022,0.0031,0.0059,0.0039,0.0004,0.0019,0.0015,-0.1154,0.0364,-0.0431,0.0009,0.0009,0.0028,-0.002,-0.0035,0.0015,-0.0004,36.73
1278161029,우신물산(주),0.1017,0.0463,0.1205,0.0572,0.3085,0.049,0.0079,0.0075,0.0009,0.004,0.0019,-0.0554,0.0742,-0.0633,0.2513,-0.2595,-0.0411,-0.0004,-0.0066,0.0031,-0.0021,36.72
1328175850,농업회사법인신선미세상(주),,0.0017,0.0008,0.0008,0.0002,0.0005,0.0003,0.0003,0.0005,0.0004,0.0006,,-0.0009,0.0,-0.0006,0.0003,-0.0002,0.0,0.0002,-0.0001,0.0002,36.7
1408162400,주식회사빛나에스티,,,0.0011,0.0019,0.0044,0.0069,0.0024,0.004,0.0008,0.0004,0.0011,,,0.0008,0.0025,0.0025,-0.0045,0.0016,-0.0032,-0.0004,0.0007,36.7
3058631436,(주)우성유통,,,,,,0.001,0.0002,0.0003,0.0003,0.0013,0.0008,,,,,,-0.0008,0.0001,0.0,0.001,-0.0005,36.65
3148660328,(주)보물섬수산,,,,,,0.0009,0.1519,0.0207,0.0021,0.0055,0.002,,,,,,0.151,-0.1312,-0.0186,0.0034,-0.0035,36.65
2208121587,에프엠씨코리아주식회사,,,0.0003,0.0001,0.0001,0.0002,0.0003,0.0005,0.0006,0.0001,0.0006,,,-0.0002,0.0,0.0001,0.0001,0.0002,0.0001,-0.0005,0.0005,36.64
4078123561,농업회사법인맛누리(주),0.002,0.0152,0.6184,0.6706,0.1165,0.3375,0.0056,0.0189,0.3816,0.0123,0.0029,0.0132,0.6032,0.0522,-0.5541,0.221,-0.3319,0.0133,0.3627,-0.3693,-0.0094,36.62
2118791456,(주)인비트윈,0.0,0.0,0.0,0.0,0.0002,0.0004,0.0001,0.0002,0.0001,0.0004,0.0005,0.0,0.0,0.0,0.0002,0.0002,-0.0003,0.0001,-0.0001,0.0003,0.0001,36.58
1298155708,오름정보통신(주),,,,,,,0.001,0.0007,0.0007,0.0009,0.0008,,,,,,,-0.0003,0.0,0.0002,-0.0001,36.57
6038177457,주식회사부강유통,,,,,0.0008,0.0012,,0.0005,0.0009,0.0014,0.0008,,,,,0.0004,,,0.0004,0.0005,-0.0006,36.57
6678702103,(주)교원구몬,,,,,,,0.0004,0.0003,0.0001,0.0003,0.0005,,,,,,,-0.0001,-0.0002,0.0002,0.0002,36.56
1168106399,한국쓰리엠주식회사,0.0001,0.0004,0.0007,0.0002,0.0,0.0002,0.0001,0.0003,0.0001,0.0003,0.0005,0.0003,0.0003,-0.0005,-0.0002,0.0002,-0.0001,0.0002,-0.0002,0.0002,0.0002,36.56
1428119097,(주)리앤에스푸드,,,0.0007,0.0001,0.0002,0.0006,0.0004,0.0003,0.0001,0.0003,0.0005,,,-0.0006,0.0001,0.0004,-0.0002,-0.0001,-0.0002,0.0002,0.0002,36.56
1138651283,서울이엔지(주),,,,,,0.0014,0.0005,0.0011,0.0005,0.0003,0.0008,,,,,,-0.0009,0.0006,-0.0006,-0.0002,0.0005,36.56
2298100105,(주)유니트론텍,0.0002,0.0002,0.0001,0.0006,0.0019,0.0019,0.0023,0.0035,0.0006,0.002,0.0015,0.0,-0.0001,0.0005,0.0013,0.0,0.0004,0.0012,-0.0029,0.0014,-0.0005,36.53
1238198733,주식회사인터켐코리아,0.0002,0.0001,0.0002,0.0001,0.0002,0.0003,0.0002,0.0004,0.0,0.0002,0.0005,-0.0001,0.0001,-0.0001,0.0001,0.0001,-0.0001,0.0002,-0.0004,0.0002,0.0003,36.5
1168139191,(주)디어스세다,0.5314,0.0006,0.0008,0.0005,0.0006,0.1843,0.016,0.1931,0.0003,0.0006,0.0008,-0.5308,0.0002,-0.0003,0.0001,0.1837,-0.1683,0.1771,-0.1928,0.0003,0.0002,36.5
1028132767,(주)케이피비오상사,0.1068,0.0061,0.0008,0.0298,0.0143,0.0004,0.0004,0.0004,0.0003,0.0002,0.0006,-0.1007,-0.0053,0.029,-0.0155,-0.0139,0.0,0.0,-0.0001,-0.0001,0.0004,36.48
4018600449,일렉서스(주),,,,,,0.0008,0.0003,0.0004,0.0003,0.0002,0.0006,,,,,,-0.0005,0.0001,-0.0001,-0.0001,0.0004,36.48
8138100725,주식회사건강한한우,,,,,,0.0016,0.1037,0.0046,0.003,0.8524,0.0013,,,,,,0.1021,-0.0991,-0.0016,0.8494,-0.8511,36.47
2048177115,(주)마더스팜,,,,0.001,0.0009,0.0338,0.003,0.0143,0.3141,0.0025,0.0019,,,,-0.0001,0.0329,-0.0308,0.0113,0.2998,-0.3116,-0.0006,36.45
2268143240,주식회사에버에너지,,,,,0.0005,0.0011,0.0011,0.0009,0.0005,0.0017,0.0011,,,,,0.0006,0.0,-0.0002,-0.0004,0.0012,-0.0006,36.44
1018118985,광원전기(주),,,,,,,,0.0005,0.0002,0.0002,0.0006,,,,,,,,-0.0003,0.0,0.0004,36.43
1108186643,주식회사주양쇼핑,,,0.0014,0.0021,0.0039,0.0046,0.0004,0.0005,0.0001,0.0007,0.0007,,,0.0007,0.0018,0.0007,-0.0042,0.0001,-0.0004,0.0006,0.0,36.42
2028146784,(주)케.이.티.인터내쇼날,0.0002,0.0004,0.0003,0.0003,0.0002,0.0005,0.0002,0.0003,0.0002,0.0003,0.0005,0.0002,-0.0001,0.0,-0.0001,0.0003,-0.0003,0.0001,-0.0001,0.0001,0.0002,36.41
2208104967,주식회사항소,0.0008,0.0007,0.0006,0.0001,0.0004,0.0119,0.0175,0.0003,0.0002,0.0003,0.0005,-0.0001,-0.0001,-0.0005,0.0003,0.0115,0.0056,-0.0172,-0.0001,0.0001,0.0002,36.41
1018652746,주식회사신한메탈,,,,,,,,0.002,0.0037,0.7471,0.0006,,,,,,,,0.0017,0.7434,-0.7465,36.38
2208136737,스텔란티스코리아주식회사,0.0175,0.0002,0.0002,0.0007,0.0021,0.0027,0.0005,0.0015,0.0004,0.0019,0.0013,-0.0173,0.0,0.0005,0.0014,0.0006,-0.0022,0.001,-0.0011,0.0015,-0.0006,36.38
1148163356,(주)한불,0.0003,0.0009,0.0005,0.0002,0.0003,0.0005,0.0007,0.001,0.0003,0.0019,0.0012,0.0006,-0.0004,-0.0003,0.0001,0.0002,0.0002,0.0003,-0.0007,0.0016,-0.0007,36.36
2788700545,주식회사오일마스터,,,,,,0.0009,0.0009,0.1942,0.002,0.0007,0.0014,,,,,,0.0,0.1933,-0.1922,-0.0013,0.0007,36.35
3148647081,주식회사프라나솔루션,,,,0.0013,0.0032,0.0013,0.0001,0.0003,0.0008,0.0003,0.0006,,,,0.0019,-0.0019,-0.0012,0.0002,0.0005,-0.0005,0.0003,36.35
2468600615,광주정동주식회사,,,,,,,,0.002,0.0314,0.0032,0.0022,,,,,,,,0.0294,-0.0282,-0.001,36.33
6058169953,디앤엘코리아(주),,,,,,,,0.0011,0.0006,0.0015,0.0011,,,,,,,,-0.0005,0.0009,-0.0004,36.27
1428112264,주식회사깐부,0.0005,0.0002,0.0011,0.0038,0.0003,0.0028,0.0006,0.1763,0.8092,0.0054,0.0022,-0.0003,0.0009,0.0027,-0.0035,0.0025,-0.0022,0.1757,0.6329,-0.8038,-0.0032,36.2
2048134872,(주)원일약품,0.001,0.0002,0.0004,0.0008,0.074,0.0159,0.0014,0.0171,0.0075,0.0111,0.002,-0.0008,0.0002,0.0004,0.0732,-0.0581,-0.0145,0.0157,-0.0096,0.0036,-0.0091,36.2
1018147059,우형전자(주),,,,,,,,0.0007,0.0001,0.0005,0.0006,,,,,,,,-0.0006,0.0004,0.0001,36.19
2128139219,이멕스무역(주),,,,,,,,0.0037,0.0284,0.008,0.0027,,,,,,,,0.0247,-0.0204,-0.0053,36.18
1948101147,주식회사912엔터테인먼트,,,,,,,,0.0021,0.0004,0.0023,0.0014,,,,,,,,-0.0017,0.0019,-0.0009,36.12
3018135231,(주)현진유화,0.0002,0.0001,0.0004,0.0003,0.0002,0.0173,0.0001,0.001,0.0002,0.0015,0.0011,-0.0001,0.0003,-0.0001,-0.0001,0.0171,-0.0172,0.0009,-0.0008,0.0013,-0.0004,36.04
2158103573,한국청과주식회사,0.0001,0.0004,0.0002,0.0,0.0,0.0002,0.0003,0.0005,0.0005,0.0004,0.0006,0.0003,-0.0002,-0.0002,0.0,0.0002,0.0001,0.0002,0.0,-0.0001,0.0002,36.03
1058747432,(주)이씨파트너스,,,,,,,0.0008,0.001,0.0004,0.001,0.0009,,,,,,,0.0002,-0.0006,0.0006,-0.0001,36.02
4028194964,티제이에이치씨주식회사,0.0002,0.0005,0.0002,0.0003,0.0002,0.0008,0.0002,0.001,0.0008,0.001,0.0009,0.0003,-0.0003,0.0001,-0.0001,0.0006,-0.0006,0.0008,-0.0002,0.0002,-0.0001,36.0
2068644482,(주)명현이엔씨,,,0.0007,0.0009,0.0005,0.0008,0.0003,0.0063,0.0004,0.0004,0.0008,,,0.0002,-0.0004,0.0003,-0.0005,0.006,-0.0059,0.0,0.0004,35.93
1358118538,두보식품(주),0.0022,0.034,0.003,0.0085,0.0006,0.0014,0.0005,0.0017,0.1358,0.0004,0.0006,0.0318,-0.031,0.0055,-0.0079,0.0008,-0.0009,0.0012,0.1341,-0.1354,0.0002,35.87
1078716065,주식회사뉴신팜,0.1003,0.0008,0.0014,0.0014,0.0017,0.0016,0.0007,0.0007,0.0005,0.0007,0.0007,-0.0995,0.0006,0.0,0.0003,-0.0001,-0.0009,0.0,-0.0002,0.0002,0.0,35.86
2148703359,(주)실리콘투,0.0023,0.0013,0.0005,0.0012,0.0003,0.0007,0.0006,0.0003,0.0003,0.0003,0.0005,-0.001,-0.0008,0.0007,-0.0009,0.0004,-0.0001,-0.0003,0.0,0.0,0.0002,35.86
1238154133,케이엠알(주),0.0003,0.0006,0.0002,0.0003,0.0002,0.0004,0.0004,0.0002,0.0003,0.0001,0.0005,0.0003,-0.0004,0.0001,-0.0001,0.0002,0.0,-0.0002,0.0001,-0.0002,0.0004,35.85
1068710976,헤일리온코리아주식회사,,,0.0008,0.0022,0.0006,0.0007,0.0002,0.0003,0.0002,0.0002,0.0005,,,0.0014,-0.0016,0.0001,-0.0005,0.0001,-0.0001,0.0,0.0003,35.84
2678600515,주식회사한국페트로,,,,,,0.0005,0.0006,0.0008,0.001,0.0003,0.0006,,,,,,0.0001,0.0002,0.0002,-0.0007,0.0003,35.83
1048642489,주식회사제이스타일코리아,,,,,,0.0008,0.0018,0.0007,0.0003,0.0018,0.001,,,,,,0.001,-0.0011,-0.0004,0.0015,-0.0008,35.82
2208838184,자민경(주),,,,,,0.0012,0.0008,0.0041,0.1659,0.0059,0.0022,,,,,,-0.0004,0.0033,0.1618,-0.16,-0.0037,35.78
3038151649,풀무원식품(주),0.5609,0.1866,0.0234,0.0009,0.0046,0.0194,0.001,0.0006,0.1318,0.0156,0.0026,-0.3743,-0.1632,-0.0225,0.0037,0.0148,-0.0184,-0.0004,0.1312,-0.1162,-0.013,35.75
2188110087,주식회사화정산전,0.196,0.048,0.013,0.0023,0.0006,0.0012,0.0005,0.0007,0.0003,0.0009,0.0008,-0.148,-0.035,-0.0107,-0.0017,0.0006,-0.0007,0.0002,-0.0004,0.0006,-0.0001,35.73
1208810080,주식회사청담네트웍스,,,,,,0.0021,0.0007,0.0009,0.0004,0.0002,0.0007,,,,,,-0.0014,0.0002,-0.0005,-0.0002,0.0005,35.7
2198123251,삼천금속,,,,,,0.0006,0.0001,0.0005,0.0001,0.0002,0.0005,,,,,,-0.0005,0.0004,-0.0004,0.0001,0.0003,35.67
3778100777,에피록코리아주식회사,,,,0.0009,0.0007,0.0009,0.0004,0.0005,0.0008,0.0004,0.0006,,,,-0.0002,0.0002,-0.0005,0.0001,0.0003,-0.0004,0.0002,35.67
2208680280,한국호쿠쇼주식회사,0.0001,0.0001,0.0001,0.0001,0.0001,0.0007,0.0005,0.0015,0.0004,0.002,0.0012,0.0,0.0,0.0,0.0,0.0006,-0.0002,0.001,-0.0011,0.0016,-0.0008,35.65
3128659825,주식회사삼화에너지,,,,,,0.0013,0.0502,0.6419,0.0011,0.0004,0.0012,,,,,,0.0489,0.5917,-0.6408,-0.0007,0.0008,35.63
6018117055,(주)흥성철강,0.0002,0.0002,0.0002,0.0001,0.0004,0.0017,0.0034,0.0017,0.0009,0.0025,0.0012,0.0,0.0,-0.0001,0.0003,0.0013,0.0017,-0.0017,-0.0008,0.0016,-0.0013,35.62
1098617345,엘앤피코스메틱(주),0.0007,0.0,0.0,0.0,0.0,0.2622,0.0007,0.001,0.0008,0.0249,0.0009,-0.0007,0.0,0.0,0.0,0.2622,-0.2615,0.0003,-0.0002,0.0241,-0.024,35.6
1288136770,(주)엘림공조,,,,,,,,0.0012,0.0002,0.0001,0.0007,,,,,,,,-0.001,-0.0001,0.0006,35.59
3148161623,타이어뱅크주식회사,0.0001,0.0001,0.0003,0.0003,0.0004,0.0003,0.0002,0.0001,0.0001,0.0002,0.0004,0.0,0.0002,0.0,0.0001,-0.0001,-0.0001,-0.0001,0.0,0.0001,0.0002,35.57
1128137963,(주)유일기기,0.0001,0.0004,0.0012,0.0002,0.0273,0.3461,0.3597,0.0005,0.0026,0.1901,0.0006,0.0003,0.0008,-0.001,0.0271,0.3188,0.0136,-0.3592,0.0021,0.1875,-0.1895,35.53
8278800489,(주)다나음,,,,0.0045,0.0052,0.0232,0.0028,0.0068,0.0057,0.0052,0.0044,,,,0.0007,0.018,-0.0204,0.004,-0.0011,-0.0005,-0.0008,35.5
1268190763,(주)스즈키씨엠씨,,,,,0.0006,0.0004,0.0006,0.0004,0.0005,0.0092,0.0007,,,,,-0.0002,0.0002,-0.0002,0.0001,0.0087,-0.0085,35.5
6228113094,(주)부원인더스트리,,0.003,0.0018,0.0003,0.002,0.0044,0.0012,0.0051,0.0186,0.0022,0.0017,,-0.0012,-0.0015,0.0017,0.0024,-0.0032,0.0039,0.0135,-0.0164,-0.0005,35.49
1168153951,미래반도체(주),0.1544,0.0116,0.0018,0.0006,0.0001,0.0012,0.0004,0.0004,0.0001,0.0004,0.0005,-0.1428,-0.0098,-0.0012,-0.0005,0.0011,-0.0008,0.0,-0.0003,0.0003,0.0001,35.46
4018100105,에스제이오일주식회사,0.5893,0.0393,0.2055,0.1349,0.0789,0.1022,0.7985,0.2613,0.0178,0.0162,0.012,-0.55,0.1662,-0.0706,-0.056,0.0233,0.6963,-0.5372,-0.2435,-0.0016,-0.0042,35.45
1148600579,행복나래(주),0.0001,0.0001,0.0008,0.0006,0.0003,0.0014,0.001,0.0013,0.0009,0.0075,0.001,0.0,0.0007,-0.0002,-0.0003,0.0011,-0.0004,0.0003,-0.0004,0.0066,-0.0065,35.45
6068199974,(주)구마자원,,,,0.0012,0.002,0.0027,0.0011,0.0019,0.0012,0.0006,0.0009,,,,0.0008,0.0007,-0.0016,0.0008,-0.0007,-0.0006,0.0003,35.44
3128104999,프레지니우스카비코리아(주),0.0996,0.0006,0.0001,0.0001,0.0002,0.0002,0.0002,0.0004,0.1895,0.0002,0.0005,-0.099,-0.0005,0.0,0.0001,0.0,0.0,0.0002,0.1891,-0.1893,0.0003,35.42
2208160810,(주)딕트,,,,,,0.0007,0.0004,0.0006,0.0002,0.0001,0.0006,,,,,,-0.0003,0.0002,-0.0004,-0.0001,0.0005,35.38
4108192536,세한기업,,,,0.0006,0.0145,0.0009,0.0089,0.0045,0.0006,0.0014,0.0012,,,,0.0139,-0.0136,0.008,-0.0044,-0.0039,0.0008,-0.0002,35.37
6108103628,(주)오션마린서비스,0.7036,0.0037,0.0005,0.0018,0.0039,0.0048,0.0038,0.5306,0.0026,0.0039,0.002,-0.6999,-0.0032,0.0013,0.0021,0.0009,-0.001,0.5268,-0.528,0.0013,-0.0019,35.36
1308638723,태응약품주식회사,0.0038,0.0012,0.0035,0.0008,0.0011,0.0023,0.0007,0.0026,0.0012,0.0017,0.0013,-0.0026,0.0023,-0.0027,0.0003,0.0012,-0.0016,0.0019,-0.0014,0.0005,-0.0004,35.36
1098616614,에스비기어주식회사,,,,,,,,0.0012,0.0003,0.0847,0.0012,,,,,,,,-0.0009,0.0844,-0.0835,35.36
4108170191,엘에프에스주식회사,,,,,,0.0012,0.0003,0.0008,0.0003,0.0003,0.0006,,,,,,-0.0009,0.0005,-0.0005,0.0,0.0003,35.35
1188119532,(주)유화약품,0.0004,0.0001,0.0001,0.0005,0.0001,0.0004,0.0003,0.0005,0.0002,0.0003,0.0005,-0.0003,0.0,0.0004,-0.0004,0.0003,-0.0001,0.0002,-0.0003,0.0001,0.0002,35.29
1078161419,세경금속(주),,,,,0.0009,0.0009,0.0008,0.0005,0.0003,0.0006,0.0006,,,,,0.0,-0.0001,-0.0003,-0.0002,0.0003,0.0,35.22
7158700665,더블에이치인터내셔널주식회사,,,,,,,0.0006,0.0002,0.0006,0.0002,0.0005,,,,,,,-0.0004,0.0004,-0.0004,0.0003,35.2
7878700729,케이카(주),,,,0.0012,0.0342,0.0051,0.0006,0.0016,0.0005,0.0016,0.0011,,,,0.033,-0.0291,-0.0045,0.001,-0.0011,0.0011,-0.0005,35.2
1088155467,주식회사에이케이무역,0.0007,0.0005,0.0004,0.0002,0.0001,0.001,0.0003,0.0004,0.0001,0.0001,0.0005,-0.0002,-0.0001,-0.0002,-0.0001,0.0009,-0.0007,0.0001,-0.0003,0.0,0.0004,35.19
2158761293,주식회사펜플,,,,,,0.001,0.0015,0.0084,0.6087,0.0726,0.0027,,,,,,0.0005,0.0069,0.6003,-0.5361,-0.0699,35.18
2068641485,주식회사캐틀팜,,,,,0.0007,0.0028,0.0006,0.0003,0.4763,0.019,0.0022,,,,,0.0021,-0.0022,-0.0003,0.476,-0.4573,-0.0168,35.15
2158159534,하이텍앤솔(주),0.0009,0.0005,0.0009,0.0002,0.3539,0.9442,0.0024,0.0004,0.0578,0.0002,0.0005,-0.0004,0.0004,-0.0007,0.3537,0.5903,-0.9418,-0.002,0.0574,-0.0576,0.0003,35.15
1208663093,주식회사유니토아,,,,,,,0.0009,0.0002,0.0007,0.0002,0.0005,,,,,,,-0.0007,0.0005,-0.0005,0.0003,35.11
1078107055,(주)세우글로벌,0.001,0.0003,0.0065,0.0012,0.0716,0.0131,0.0004,0.0002,0.0007,0.0002,0.0005,-0.0007,0.0062,-0.0053,0.0704,-0.0585,-0.0127,-0.0002,0.0005,-0.0005,0.0003,35.11
3728602284,한국오가논주식회사,,,,,,,,0.0009,0.0003,0.0003,0.0006,,,,,,,,-0.0006,0.0,0.0003,35.1
6048107065,(주)딘텍,0.0002,0.0001,0.0002,0.0001,0.0001,0.0004,0.0001,0.0001,0.0001,0.0001,0.0004,-0.0001,0.0001,-0.0001,0.0,0.0003,-0.0003,0.0,0.0,0.0,0.0003,35.0
1228625402,주식회사미래종합아울렛물류,,,,,,0.001,0.0011,0.0022,0.0002,0.001,0.0009,,,,,,0.0001,0.0011,-0.002,0.0008,-0.0001,34.97
4038157642,(주)디에스비,,,,,,0.0008,0.0001,0.0032,0.0006,0.0017,0.0012,,,,,,-0.0007,0.0031,-0.0026,0.0011,-0.0005,34.96
1268165279,주식회사선진에이티앤씨,0.0032,0.0002,0.0004,0.0001,0.0003,0.0005,0.0004,0.0004,0.0004,0.0763,0.0007,-0.003,0.0002,-0.0003,0.0002,0.0002,-0.0001,0.0,0.0,0.0759,-0.0756,34.94
1058777673,주식회사케이앤에스컴퍼니,,,,0.0008,0.0158,0.0147,0.0351,0.1863,0.1392,0.0675,0.0207,,,,0.015,-0.0011,0.0204,0.1512,-0.0471,-0.0717,-0.0468,34.93
1078616302,(주)이디야,0.0001,0.0001,0.0002,0.0003,0.0,0.0004,0.0002,0.0002,0.0001,0.0012,0.0007,0.0,0.0001,0.0001,-0.0003,0.0004,-0.0002,0.0,-0.0001,0.0011,-0.0005,34.92
1248178915,주식회사케이비엠,,,0.001,0.0004,0.0003,0.0004,0.0002,0.5428,0.403,0.079,0.0269,,,-0.0006,-0.0001,0.0001,-0.0002,0.5426,-0.1398,-0.324,-0.0521,34.92
1088134972,삼일약품교역(주),,,,0.0025,0.1448,0.0076,0.0025,0.0035,0.0008,0.0016,0.0012,,,,0.1423,-0.1372,-0.0051,0.001,-0.0027,0.0008,-0.0004,34.86
6068112069,강남케이피아이(주),0.0002,0.0002,0.0003,0.0001,0.0001,0.0004,0.0002,0.0002,0.0001,0.0002,0.0004,0.0,0.0001,-0.0002,0.0,0.0003,-0.0002,0.0,-0.0001,0.0001,0.0002,34.86
2118726580,(주)레오메딕스,,,,,,,0.0008,0.0002,0.0001,0.0002,0.0004,,,,,,,-0.0006,-0.0001,0.0001,0.0002,34.86
2148720659,(주)삼한공조시스템,,,,,,,0.0009,0.0002,0.0001,0.0002,0.0004,,,,,,,-0.0007,-0.0001,0.0001,0.0002,34.86
5028617068,(주)신세계동대구복합환승센터,0.0025,0.0246,0.6001,0.7634,0.5547,0.0043,0.0112,0.0035,0.0004,0.0006,0.0007,0.0221,0.5755,0.1633,-0.2087,-0.5504,0.0069,-0.0077,-0.0031,0.0002,0.0001,34.81
2078150769,주식회사지에스교역,0.6242,0.212,0.1505,0.014,0.3017,0.7843,0.0334,0.0185,0.0126,0.0068,0.006,-0.4122,-0.0615,-0.1365,0.2877,0.4826,-0.7509,-0.0149,-0.0059,-0.0058,-0.0008,34.78
6178129333,동부청과(주),,,,,,0.0007,0.0007,0.0006,0.0001,0.0006,0.0006,,,,,,0.0,-0.0001,-0.0005,0.0005,0.0,34.78
6038162070,(주)부산세광식품,,,,,,0.0007,0.0002,0.0002,0.6737,0.0038,0.0016,,,,,,-0.0005,0.0,0.6735,-0.6699,-0.0022,34.77
1378626403,(주)대경스테이트,0.0303,0.0754,0.0179,0.0297,0.0152,0.0089,0.0023,0.0017,0.0021,0.0021,0.0011,0.0451,-0.0575,0.0118,-0.0145,-0.0063,-0.0066,-0.0006,0.0004,0.0,-0.001,34.76
1178109365,해외개발(주),0.0001,0.0001,0.0004,0.0001,0.0001,0.0008,0.0001,0.0001,0.0002,0.0002,0.0004,0.0,0.0003,-0.0003,0.0,0.0007,-0.0007,0.0,0.0001,0.0,0.0002,34.74
2118617269,지이에이코리아주식회사,,,0.0004,0.0001,0.0002,0.0003,0.0046,0.0982,0.0003,0.0105,0.0015,,,-0.0003,0.0001,0.0001,0.0043,0.0936,-0.0979,0.0102,-0.009,34.74
6058110092,(주)동명베아링,0.0004,0.0005,0.0011,0.0004,0.0007,0.0018,0.0014,0.0006,0.0004,0.0006,0.0006,0.0001,0.0006,-0.0007,0.0003,0.0011,-0.0004,-0.0008,-0.0002,0.0002,0.0,34.71
1208700834,(주)유나이티드오션,,,,,,0.0005,0.0008,0.0029,0.0028,0.0016,0.0015,,,,,,0.0003,0.0021,-0.0001,-0.0012,-0.0001,34.67
2118608983,비엠더블유코리아,0.001,0.0002,0.0075,0.0225,0.4406,0.0012,0.0009,0.0018,0.0005,0.0005,0.0007,-0.0008,0.0073,0.015,0.4181,-0.4394,-0.0003,0.0009,-0.0013,0.0,0.0002,34.6
1808100547,톰스코리아주식회사,,,,,,,0.0028,0.0012,0.0003,0.0003,0.0006,,,,,,,-0.0016,-0.0009,0.0,0.0003,34.57
6218176913,(주)에스디비즈,0.002,0.0065,0.0011,0.001,0.0007,0.0027,0.0021,0.0011,0.0004,0.0014,0.0009,0.0045,-0.0054,-0.0001,-0.0003,0.002,-0.0006,-0.001,-0.0007,0.001,-0.0005,34.56
2158603748,주식회사해우씨푸드,,,,0.0008,0.0003,,,0.0005,0.0003,0.0004,0.0005,,,,-0.0005,,,,-0.0002,0.0001,0.0001,34.55
5028131745,(주)에즈웰플러스,0.0096,0.0046,0.0023,0.0073,0.0089,0.0039,0.0009,0.0007,0.0005,0.0005,0.0006,-0.005,-0.0023,0.005,0.0016,-0.005,-0.003,-0.0002,-0.0002,0.0,0.0001,34.52
1358104922,힐티코리아주식회사,0.0806,0.0002,0.0001,0.0001,0.0001,0.001,0.0006,0.001,0.0004,0.0005,0.0006,-0.0804,-0.0001,0.0,0.0,0.0009,-0.0004,0.0004,-0.0006,0.0001,0.0001,34.49
1208733539,(주)엘라고,,,,,,,0.001,0.039,0.001,0.0011,0.0011,,,,,,,0.038,-0.038,0.0001,0.0,34.46
1098178726,(주)지오영,0.0006,0.0003,0.0007,0.0014,0.0003,0.0008,0.0002,0.0005,0.0003,0.0003,0.0005,-0.0003,0.0004,0.0007,-0.0011,0.0005,-0.0006,0.0003,-0.0002,0.0,0.0002,34.46
6068175569,(주)정원텍,,,,,,0.0009,0.0002,0.0005,0.0003,0.0003,0.0005,,,,,,-0.0007,0.0003,-0.0002,0.0,0.0002,34.46
1058719519,주식회사와이앤케이투게더,,,,,,,,0.0021,0.0007,0.0007,0.0008,,,,,,,,-0.0014,0.0,0.0001,34.45
2748102495,(주)메디비,,,,,,,,0.0017,0.0074,0.0029,0.0016,,,,,,,,0.0057,-0.0045,-0.0013,34.4
1078118741,조양케미칼,0.0012,0.0022,0.0,0.0001,0.0001,0.0004,0.0002,0.0002,0.0002,0.0003,0.0004,0.001,-0.0022,0.0001,0.0,0.0003,-0.0002,0.0,0.0,0.0001,0.0001,34.39
6088174979,함안자원주식회사,0.0019,0.008,0.0002,0.0,0.0001,0.0009,0.0002,0.0002,0.0002,0.0003,0.0004,0.0061,-0.0078,-0.0002,0.0001,0.0008,-0.0007,0.0,0.0,0.0001,0.0001,34.39
1068647796,(주)씨넥스존,,,,,,0.001,0.0005,0.0021,0.0005,0.0005,0.0007,,,,,,-0.0005,0.0016,-0.0016,0.0,0.0002,34.36
2208853109,주식회사한독테바,0.0183,0.4698,0.3733,0.4344,0.0118,0.0005,0.0001,0.0001,0.0001,0.3505,0.0006,0.4515,-0.0965,0.0611,-0.4226,-0.0113,-0.0004,0.0,0.0,0.3504,-0.3499,34.34
1238167851,(주)우진트레이딩,,,,,0.0009,0.0005,0.0002,0.0015,0.0004,0.002,0.001,,,,,-0.0004,-0.0003,0.0013,-0.0011,0.0016,-0.001,34.34
1298140132,(주)아이에스시,0.0008,0.0008,0.0004,0.0003,0.0002,0.0167,0.0004,0.0003,0.0001,0.0005,0.0005,0.0,-0.0004,-0.0001,-0.0001,0.0165,-0.0163,-0.0001,-0.0002,0.0004,0.0,34.33
1078158404,서부청과주식회사,0.0009,0.0007,0.0004,0.0001,0.0003,0.0003,0.0003,0.0002,0.0002,0.0002,0.0004,-0.0002,-0.0003,-0.0003,0.0002,0.0,0.0,-0.0001,0.0,0.0,0.0002,34.31
2208881323,케무어스코리아주식회사,,0.0021,0.0001,0.0001,0.0001,0.0002,0.0002,0.0002,0.0002,0.0002,0.0004,,-0.002,0.0,0.0,0.0001,0.0,0.0,0.0,0.0,0.0002,34.31
1178100743,콜텍,0.0013,0.0004,0.0001,0.0066,0.0022,0.0005,0.0003,0.0002,0.0002,0.0002,0.0004,-0.0009,-0.0003,0.0065,-0.0044,-0.0017,-0.0002,-0.0001,0.0,0.0,0.0002,34.31
2208124527,한국펩시콜라,0.0007,0.0006,0.0008,0.0013,0.0004,0.0004,0.0001,0.0002,0.0002,0.0002,0.0004,-0.0001,0.0002,0.0005,-0.0009,0.0,-0.0003,0.0001,0.0,0.0,0.0002,34.31
1208738228,주식회사스팅코,0.0016,0.0003,0.0004,0.0001,0.0003,0.0012,0.0012,0.001,0.0003,0.001,0.0008,-0.0013,0.0001,-0.0003,0.0002,0.0009,0.0,-0.0002,-0.0007,0.0007,-0.0002,34.28
1228153145,주식회사인천약품,0.3537,0.0084,0.0513,0.0004,0.0045,0.0042,0.0003,0.0008,0.0013,0.001,0.0009,-0.3453,0.0429,-0.0509,0.0041,-0.0003,-0.0039,0.0005,0.0005,-0.0003,-0.0001,34.27
1778701969,주식회사오페라살루따리스,,,,,,,0.0005,0.0003,0.0006,0.0007,0.0006,,,,,,,-0.0002,0.0003,0.0001,-0.0001,34.27
1208127641,(주)혜인,0.3174,0.2689,0.5938,0.6924,0.139,0.0109,0.0024,0.0011,0.1624,0.0043,0.0016,-0.0485,0.3249,0.0986,-0.5534,-0.1281,-0.0085,-0.0013,0.1613,-0.1581,-0.0027,34.25
1048158195,(주)포스코인터내셔널,0.0067,0.0061,0.0065,0.0035,0.0039,0.0038,0.0009,0.0019,0.0012,0.0011,0.0011,-0.0006,0.0004,-0.003,0.0004,-0.0001,-0.0029,0.001,-0.0007,-0.0001,0.0,34.22
1078164075,대달인터내셔널(주),,,0.0007,0.0017,0.0007,0.0021,0.0009,0.0008,0.0002,0.0012,0.0008,,,0.001,-0.001,0.0014,-0.0012,-0.0001,-0.0006,0.001,-0.0004,34.18
2158133077,오티씨(주),0.0006,0.0004,0.0003,0.0002,0.0003,0.0008,0.0004,0.0008,0.0003,0.0006,0.0006,-0.0002,-0.0001,-0.0001,0.0001,0.0005,-0.0004,0.0004,-0.0005,0.0003,0.0,34.17
1068143363,주식회사에티버스,0.0137,0.0007,0.0006,0.0008,0.0009,0.0007,0.0005,0.0017,0.0003,0.0009,0.0008,-0.013,-0.0001,0.0002,0.0001,-0.0002,-0.0002,0.0012,-0.0014,0.0006,-0.0001,34.15
2218108248,(주)수인약품,0.0002,0.0002,0.0003,0.0001,0.0001,0.0004,0.0002,0.0003,0.0001,0.0013,0.0007,0.0,0.0001,-0.0002,0.0,0.0003,-0.0002,0.0001,-0.0002,0.0012,-0.0006,34.15
6058175950,(주)아시아씨푸드,0.0038,0.0005,0.031,0.0879,0.0346,0.0025,0.1662,0.0016,0.0003,0.0003,0.0006,-0.0033,0.0305,0.0569,-0.0533,-0.0321,0.1637,-0.1646,-0.0013,0.0,0.0003,34.14
3148634285,(주)세강개발,,,,0.0004,0.0,0.0001,0.0001,0.0002,0.0002,0.0013,0.0006,,,,-0.0004,0.0001,0.0,0.0001,0.0,0.0011,-0.0007,34.11
6108176228,주식회사부경몰딩,,,,,,0.0007,0.0004,0.0008,0.0002,0.0004,0.0005,,,,,,-0.0003,0.0004,-0.0006,0.0002,0.0001,34.09
1208142773,로로피아나코리아(주),0.6832,0.8701,0.0094,0.014,0.0019,0.0033,0.0007,0.0008,0.0002,0.0004,0.0005,0.1869,-0.8607,0.0046,-0.0121,0.0014,-0.0026,0.0001,-0.0006,0.0002,0.0001,34.09
6038111270,씨제이프레시웨이(주),0.0019,0.0032,0.0048,0.0035,0.0019,0.0026,0.1544,0.003,0.0005,0.0006,0.0007,0.0013,0.0016,-0.0013,-0.0016,0.0007,0.1518,-0.1514,-0.0025,0.0001,0.0001,34.08
1288673329,쿠진,,,,,,,,0.0008,0.0007,0.0014,0.0007,,,,,,,,-0.0001,0.0007,-0.0007,34.07
1298637137,비에프케미칼(주),,,,,,,,0.002,0.0003,0.0005,0.0006,,,,,,,,-0.0017,0.0002,0.0001,34.06
2118761495,(주)리빙지코,,,,,,0.0007,0.0005,0.4483,0.8873,0.009,0.0017,,,,,,-0.0002,0.4478,0.439,-0.8783,-0.0073,34.05
1538100808,(주)아스트루멧,,,,,,,,0.001,0.0002,0.0003,0.0005,,,,,,,,-0.0008,0.0001,0.0002,34.04
3988100677,(주)에이텍씨앤,,,,,0.0008,0.0014,0.0006,0.001,0.0006,0.0022,0.0008,,,,,0.0006,-0.0008,0.0004,-0.0004,0.0016,-0.0014,33.99
2028133028,(주)지에스글로벌,0.0108,0.0012,0.0111,0.0032,0.0059,0.0156,0.0048,0.0063,0.0035,0.0019,0.0019,-0.0096,0.0099,-0.0079,0.0027,0.0097,-0.0108,0.0015,-0.0028,-0.0016,0.0,33.98
5038129015,(주)동일,0.0622,,,,,,0.0005,0.0304,0.0009,0.0006,0.0009,,,,,,,0.0299,-0.0295,-0.0003,0.0003,33.97
1248144695,(주)세중,0.0434,0.497,0.0086,0.0012,0.0014,0.0027,0.0007,0.0011,0.0002,0.0003,0.0005,0.4536,-0.4884,-0.0074,0.0002,0.0013,-0.002,0.0004,-0.0009,0.0001,0.0002,33.9
6148800772,주식회사꺌랑,,,,,,,,0.0004,0.0004,0.0016,0.0006,,,,,,,,0.0,0.0012,-0.001,33.87
2048137980,리드팜주식회사,0.1297,0.0174,0.0114,0.014,0.0011,0.0056,0.002,0.0028,0.0011,0.0017,0.0011,-0.1123,-0.006,0.0026,-0.0129,0.0045,-0.0036,0.0008,-0.0017,0.0006,-0.0006,33.86
1218632273,대한지텍(주),,,,,,,,0.0033,0.0003,0.0011,0.0009,,,,,,,,-0.003,0.0008,-0.0002,33.85
2098155886,(주)싸이랩코리아,,,,,,,0.0005,0.0003,0.0001,0.0003,0.0004,,,,,,,-0.0002,-0.0002,0.0002,0.0001,33.83
1388199995,(주)리싸이클오피스,,,,,,,0.0007,0.0015,0.0015,0.002,0.0007,,,,,,,0.0008,0.0,0.0005,-0.0013,33.83
1238181789,조양메탈주식회사,,,,,0.0006,0.0001,0.0002,0.0001,0.0003,0.0003,0.0004,,,,,-0.0005,0.0001,-0.0001,0.0002,0.0,0.0001,33.79
1298131064,지우테크주식회사,,,,0.0004,0.0001,0.0001,0.0003,0.0007,0.0003,0.0004,0.0005,,,,-0.0003,0.0,0.0002,0.0004,-0.0004,0.0001,0.0001,33.79
2088121501,(주)도이치아우토,,,,,0.0012,0.1224,0.011,0.0009,0.0003,0.0015,0.0008,,,,,0.1212,-0.1114,-0.0101,-0.0006,0.0012,-0.0007,33.79
1378155067,(주)성우엠아이피,0.0156,0.0071,0.0127,0.0112,0.0032,0.0045,0.0014,0.0019,0.0013,0.0016,0.001,-0.0085,0.0056,-0.0015,-0.008,0.0013,-0.0031,0.0005,-0.0006,0.0003,-0.0006,33.78
1248166651,주식회사한성엔지니어링,0.0011,0.0004,0.0002,0.0007,0.0004,0.0025,0.0005,0.0129,0.1336,0.0028,0.0014,-0.0007,-0.0002,0.0005,-0.0003,0.0021,-0.002,0.0124,0.1207,-0.1308,-0.0014,33.75
1128152682,주식회사중산물산,,,,,0.0007,0.0017,0.0009,0.0004,0.0001,0.0002,0.0004,,,,,0.001,-0.0008,-0.0005,-0.0003,0.0001,0.0002,33.74
1058633377,재즐엔터프라이주식회사,,,,,,0.0005,0.0003,0.0004,0.0001,0.0002,0.0004,,,,,,-0.0002,0.0001,-0.0003,0.0001,0.0002,33.74
1378180324,주식회사지앤푸드,0.0001,0.0003,0.0016,0.0001,0.0001,0.0003,0.0008,0.0004,0.0001,0.0002,0.0004,0.0002,0.0013,-0.0015,0.0,0.0002,0.0005,-0.0004,-0.0003,0.0001,0.0002,33.74
2068113378,지엠아시아퍼시픽지역본부주식회사,0.0708,0.0002,0.0154,0.0871,0.0004,0.1514,0.0002,0.0577,0.0806,0.083,0.0006,-0.0706,0.0152,0.0717,-0.0867,0.151,-0.1512,0.0575,0.0229,0.0024,-0.0824,33.73
6078124802,금문철강(주),0.0008,0.0009,0.0008,0.0008,0.0005,0.0004,0.0003,0.0006,0.0004,0.002,0.0007,0.0001,-0.0001,0.0,-0.0003,-0.0001,-0.0001,0.0003,-0.0002,0.0016,-0.0013,33.71
1428181209,주식회사윤성에프앤비,,,,,,0.0007,0.0004,0.0003,0.0002,0.0003,0.0004,,,,,,-0.0003,-0.0001,-0.0001,0.0001,0.0001,33.67
6048117689,(주)풍생,,,,,,,0.0015,0.0003,0.0002,0.0003,0.0004,,,,,,,-0.0012,-0.0001,0.0001,0.0001,33.67
1198665922,(주)재상팜,,,,,,0.0009,0.0006,0.0006,0.3752,0.0013,0.001,,,,,,-0.0003,0.0,0.3746,-0.3739,-0.0003,33.64
2028145975,삼성물산(주),0.1745,0.2911,0.4001,0.0466,0.0057,0.0045,0.0008,0.0036,0.0003,0.0005,0.0006,0.1166,0.109,-0.3535,-0.0409,-0.0012,-0.0037,0.0028,-0.0033,0.0002,0.0001,33.62
1058668691,(주)천재상사,0.0002,0.0001,0.0003,0.0002,0.0001,0.0021,0.0015,0.0003,0.0001,0.0001,0.0004,-0.0001,0.0002,-0.0001,-0.0001,0.002,-0.0006,-0.0012,-0.0002,0.0,0.0003,33.6
2208160407,(주)비앤에스파트너,,0.0016,0.0002,0.0002,0.0002,0.0004,0.0006,0.0003,0.0002,0.0002,0.0004,,-0.0014,0.0,0.0,0.0002,0.0002,-0.0003,-0.0001,0.0,0.0002,33.59
1118124581,주식회사안연케어,0.0001,0.0001,0.0002,0.0001,0.0002,0.0003,0.0001,0.0003,0.0002,0.0002,0.0004,0.0,0.0001,-0.0001,0.0001,0.0001,-0.0002,0.0002,-0.0001,0.0,0.0002,33.59
3018134891,현진그린밀(주),0.0002,0.0002,0.0003,0.0002,0.0002,0.096,0.0008,0.0003,0.0002,0.0002,0.0004,0.0,0.0001,-0.0001,0.0,0.0958,-0.0952,-0.0005,-0.0001,0.0,0.0002,33.59
1318607072,(주)에임하이코리아,,,,,,,,0.0015,0.0014,0.0004,0.0006,,,,,,,,-0.0001,-0.001,0.0002,33.58
1078152415,(주)신승아이엔씨,0.0358,0.0631,0.0406,0.0815,0.0063,0.0005,0.0003,0.0053,0.0008,0.0323,0.0011,0.0273,-0.0225,0.0409,-0.0752,-0.0058,-0.0002,0.005,-0.0045,0.0315,-0.0312,33.57
1298122911,(주)아이넷뱅크,0.0003,0.0007,0.0026,0.0009,0.0019,0.0021,0.0022,0.0036,0.0813,0.005,0.0015,0.0004,0.0019,-0.0017,0.001,0.0002,0.0001,0.0014,0.0777,-0.0763,-0.0035,33.54
3078114821,(주)진바이오텍,0.0528,0.0057,0.0003,0.0002,0.0004,0.0498,0.0012,0.2218,0.0041,0.0005,0.001,-0.0471,-0.0054,-0.0001,0.0002,0.0494,-0.0486,0.2206,-0.2177,-0.0036,0.0005,33.53
2118648011,삼정시계주식회사,0.0002,0.0085,0.0808,0.0002,0.0001,0.0006,0.5723,0.0262,0.684,0.7824,0.0004,0.0083,0.0723,-0.0806,-0.0001,0.0005,0.5717,-0.5461,0.6578,0.0984,-0.782,33.51
1998700320,(주)한국메딕스,,,0.0007,0.0055,0.0188,0.004,0.0008,0.0016,0.0001,0.0004,0.0005,,,0.0048,0.0133,-0.0148,-0.0032,0.0008,-0.0015,0.0003,0.0001,33.47
1138178351,(주)에스와이글로벌,0.0001,0.0002,0.0003,0.0007,0.0006,0.0007,0.0021,0.0049,0.0001,0.0003,0.0005,0.0001,0.0001,0.0004,-0.0001,0.0001,0.0014,0.0028,-0.0048,0.0002,0.0002,33.43
4188108269,(주)내쇼날모터스,0.0099,0.0101,0.6328,0.0128,0.002,0.002,0.0006,0.0007,0.0002,0.001,0.0007,0.0002,0.6227,-0.62,-0.0108,0.0,-0.0014,0.0001,-0.0005,0.0008,-0.0003,33.41
2158657055,(주)하이퓨리티,,,,,,0.0003,0.0002,0.0002,0.0004,0.0002,0.0004,,,,,,-0.0001,0.0,0.0002,-0.0002,0.0002,33.35
1208116649,한국그런포스펌프,0.0007,0.0028,0.5538,0.0016,0.0017,0.6569,0.0045,0.002,0.0005,0.002,0.0009,0.0021,0.551,-0.5522,0.0001,0.6552,-0.6524,-0.0025,-0.0015,0.0015,-0.0011,33.31
1058628549,주식회사온세인터내셔널,0.0008,0.0588,0.001,0.0004,0.2686,0.0026,0.0004,0.0024,0.0041,0.0007,0.0007,0.058,-0.0578,-0.0006,0.2682,-0.266,-0.0022,0.002,0.0017,-0.0034,0.0,33.3
5068181946,주식회사명성강업,0.0078,0.0103,0.0055,0.3124,0.051,0.5076,0.6719,0.0212,0.0037,0.0044,0.0014,0.0025,-0.0048,0.3069,-0.2614,0.4566,0.1643,-0.6507,-0.0175,0.0007,-0.003,33.28
3088129818,주식회사우리상사,,,,,,0.0009,0.0003,0.0006,0.0004,0.0004,0.0005,,,,,,-0.0006,0.0003,-0.0002,0.0,0.0001,33.28
6058154130,(주)슈랜드,0.0033,0.0016,0.0011,0.0007,0.0002,0.0006,0.0003,0.0006,0.0002,0.0007,0.0006,-0.0017,-0.0005,-0.0004,-0.0005,0.0004,-0.0003,0.0003,-0.0004,0.0005,-0.0001,33.27
2148623455,한국베링거인겔하임동물약품(주),0.0016,,0.0001,0.0002,0.0004,0.0027,0.0039,0.0015,0.0005,0.0011,0.0008,,,0.0001,0.0002,0.0023,0.0012,-0.0024,-0.001,0.0006,-0.0003,33.25
1178133400,(주)우리홈쇼핑,0.0002,0.0001,0.0005,0.0002,0.0001,0.0004,0.0002,0.0002,0.0004,0.0901,0.0005,-0.0001,0.0004,-0.0003,-0.0001,0.0003,-0.0002,0.0,0.0002,0.0897,-0.0896,33.23
1268671117,(주)카리스,,,0.0003,0.0002,0.0026,0.0002,0.0016,0.0002,0.0001,0.0031,0.0006,,,-0.0001,0.0024,-0.0024,0.0014,-0.0014,-0.0001,0.003,-0.0025,33.23
6058181146,(주)스위스시계,,,,,,0.0006,0.0003,0.0006,0.0002,0.0005,0.0005,,,,,,-0.0003,0.0003,-0.0004,0.0003,0.0,33.22
6058125746,(주)우리기업,,,,0.0005,0.0003,0.001,0.0015,0.0012,0.0003,0.0016,0.0008,,,,-0.0002,0.0007,0.0005,-0.0003,-0.0009,0.0013,-0.0008,33.21
6058177230,세종석유(주),,,,,,0.0012,0.0008,0.0021,0.0003,0.0002,0.0006,,,,,,-0.0004,0.0013,-0.0018,-0.0001,0.0004,33.18
1388131597,주식회사두리할인마트,,,,,,,,0.002,0.0668,0.0083,0.0015,,,,,,,,0.0648,-0.0585,-0.0068,33.14
1298117121,와이더블유(주),0.2881,0.3605,0.0055,0.0014,0.0104,0.0277,0.0392,0.0201,0.0196,0.0028,0.0024,0.0724,-0.355,-0.0041,0.009,0.0173,0.0115,-0.0191,-0.0005,-0.0168,-0.0004,33.13
6728600115,주식회사부민축산,,,,,,0.0007,0.0005,0.0029,0.0004,0.0015,0.0009,,,,,,-0.0002,0.0024,-0.0025,0.0011,-0.0006,33.13
1178135204,(주)프라임리소스,,,,,,0.0006,0.0002,0.0004,0.1054,0.0011,0.0009,,,,,,-0.0004,0.0002,0.105,-0.1043,-0.0002,33.11
2248158960,왕성철강주식회사,,,,,,,,0.0016,0.1139,0.0053,0.0014,,,,,,,,0.1123,-0.1086,-0.0039,33.1
1018135742,에이치엠디바이스코리아(주),,,0.0003,0.0001,0.0001,0.0003,0.0002,0.0002,0.0001,0.0004,0.0004,,,-0.0002,0.0,0.0002,-0.0001,0.0,-0.0001,0.0003,0.0,33.1
2158693600,(주)일룸,0.1318,0.0152,0.0006,0.0002,0.0002,0.0003,0.0001,0.0002,0.0001,0.0004,0.0004,-0.1166,-0.0146,-0.0004,0.0,0.0001,-0.0002,0.0001,-0.0001,0.0003,0.0,33.1
2648131334,주식회사오토위니,,,,,,,0.0004,0.0002,0.0001,0.0004,0.0004,,,,,,,-0.0002,-0.0001,0.0003,0.0,33.1
4178133014,보임코퍼레이션주식회사,0.0036,0.0023,0.001,0.0002,0.0013,0.0037,0.0013,0.0003,0.0005,0.0013,0.0005,-0.0013,-0.0013,-0.0008,0.0011,0.0024,-0.0024,-0.001,0.0002,0.0008,-0.0008,33.08
6048113854,(주)동일도기타일,,,0.0023,0.0003,0.0003,0.0001,0.0001,0.0003,0.0655,0.0031,0.0013,,,-0.002,0.0,-0.0002,0.0,0.0002,0.0652,-0.0624,-0.0018,33.07
6078609844,주식회사에스에스엘케이에이치,,,,0.0004,0.0003,0.0006,0.0006,0.0004,0.0006,0.0018,0.0005,,,,-0.0001,0.0003,0.0,-0.0002,0.0002,0.0012,-0.0013,33.07
1148689614,주식회사지지엠,,,,,0.0008,0.0006,0.0001,0.0005,0.0001,0.0003,0.0004,,,,,-0.0002,-0.0005,0.0004,-0.0004,0.0002,0.0001,33.07
1208136679,두원실업(주),,,,,,,,0.0009,0.0002,0.0001,0.0005,,,,,,,,-0.0007,-0.0001,0.0004,33.04
6068612822,주식회사동명메디칼,,,,,,,,0.0008,0.0003,0.0002,0.0005,,,,,,,,-0.0005,-0.0001,0.0003,33.04
1068624357,스미후루코리아주식회사,0.0001,0.2054,0.0005,0.1176,0.0003,0.0008,0.0004,0.0003,0.0004,0.001,0.0005,0.2053,-0.2049,0.1171,-0.1173,0.0005,-0.0004,-0.0001,0.0001,0.0006,-0.0005,33.03
2268146209,명성파워그린주식회사,,,,,0.002,0.0108,0.006,0.3477,0.01,0.0089,0.0057,,,,,0.0088,-0.0048,0.3417,-0.3377,-0.0011,-0.0032,33.03
7438600964,주식회사명선알앤디,,,,,,0.0008,0.0059,0.045,0.037,0.0287,0.0067,,,,,,0.0051,0.0391,-0.008,-0.0083,-0.022,33.01
1078654228,(주)고려에스엠티,,,0.0004,0.0003,0.0003,0.0011,0.0004,0.0007,0.0003,0.0007,0.0006,,,-0.0001,0.0,0.0008,-0.0007,0.0003,-0.0004,0.0004,-0.0001,33.01
1258168889,한샘유통주식회사,0.0008,0.0008,0.0728,0.0465,0.0004,0.0009,0.0012,0.0008,0.0003,0.0012,0.0007,0.0,0.072,-0.0263,-0.0461,0.0005,0.0003,-0.0004,-0.0005,0.0009,-0.0005,32.99
2208112716,(주)안세,,0.003,0.0039,0.0078,0.0059,0.0099,0.0012,0.0027,0.0004,0.0005,0.0006,,0.0009,0.0039,-0.0019,0.004,-0.0087,0.0015,-0.0023,0.0001,0.0001,32.98
2098120975,애보트래피드진단주식회사,0.0003,0.0001,0.0001,0.0001,0.0001,0.0006,0.0209,0.1855,0.4551,0.0129,0.0015,-0.0002,0.0,0.0,0.0,0.0005,0.0203,0.1646,0.2696,-0.4422,-0.0114,32.95
1208102941,효성인포메이션시스템주식회사,0.0005,0.0005,0.0005,0.0004,0.0003,0.0013,0.0005,0.0004,0.0002,0.0002,0.0004,0.0,0.0,-0.0001,-0.0001,0.001,-0.0008,-0.0001,-0.0002,0.0,0.0002,32.91
5018115515,주식회사호성베아링,,,,,0.0004,0.0013,0.0005,0.0007,0.0005,0.0007,0.0006,,,,,0.0009,-0.0008,0.0002,-0.0002,0.0002,-0.0001,32.9
1108700123,주식회사태영,,,,,,,,0.0014,0.0035,0.0023,0.0012,,,,,,,,0.0021,-0.0012,-0.0011,32.9
1208603023,주식회사푸드머스,0.0005,0.0004,0.0003,0.0002,0.0002,0.0004,0.0001,0.0007,0.0001,0.0002,0.0004,-0.0001,-0.0001,-0.0001,0.0,0.0002,-0.0003,0.0006,-0.0006,0.0001,0.0002,32.87
1078606221,(주)도강메디칼,0.0006,0.0007,0.0005,0.0004,0.0002,0.0009,0.0005,0.0004,0.0003,0.0006,0.0005,0.0001,-0.0002,-0.0001,-0.0002,0.0007,-0.0004,-0.0001,-0.0001,0.0003,-0.0001,32.86
1228198986,주식회사힘찬홀딩스,0.0001,0.0003,0.0002,0.0,0.0004,0.0022,0.002,0.0191,0.0006,0.0023,0.001,0.0002,-0.0001,-0.0002,0.0004,0.0018,-0.0002,0.0171,-0.0185,0.0017,-0.0013,32.83
4748700027,(주)조은약품,,,,,,,,0.0011,0.0007,0.0026,0.0007,,,,,,,,-0.0004,0.0019,-0.0019,32.82
1178117453,주식회사마팔하이테코,0.0003,0.0004,0.0003,0.0007,0.0008,0.0037,0.0013,0.0018,0.1684,0.0342,0.0016,0.0001,-0.0001,0.0004,0.0001,0.0029,-0.0024,0.0005,0.1666,-0.1342,-0.0326,32.81
1288682696,주식회사홈니즈,,,0.0005,0.0024,0.0007,0.0012,0.0008,0.0006,0.0001,0.0003,0.0004,,,0.0019,-0.0017,0.0005,-0.0004,-0.0002,-0.0005,0.0002,0.0001,32.78
2128120189,크레신주식회사,0.8604,0.6301,0.0285,0.003,0.0029,0.0673,0.001,0.0278,0.2882,0.0059,0.0013,-0.2303,-0.6016,-0.0255,-0.0001,0.0644,-0.0663,0.0268,0.2604,-0.2823,-0.0046,32.78
4168176757,신호인터내셔날,0.0037,0.0009,0.0004,,,,0.0005,0.0033,0.0002,0.0034,0.0009,-0.0028,-0.0005,,,,,0.0028,-0.0031,0.0032,-0.0025,32.73
7078100468,(주)엔컴,,,,,,0.0007,0.0878,0.9291,0.0015,0.0049,0.0012,,,,,,0.0871,0.8413,-0.9276,0.0034,-0.0037,32.72
1318669345,주식회사와마트,,,,,0.0011,0.081,0.0055,0.0017,0.0003,0.0016,0.0008,,,,,0.0799,-0.0755,-0.0038,-0.0014,0.0013,-0.0008,32.71
1108173814,(주)대산스포츠,,,,,,0.0015,0.0006,0.0009,0.0003,0.0001,0.0005,,,,,,-0.0009,0.0003,-0.0006,-0.0002,0.0004,32.71
6088128999,대도주식회사,0.0011,0.1251,0.0119,0.0021,0.3536,0.751,0.0019,0.0009,0.0004,0.0026,0.0007,0.124,-0.1132,-0.0098,0.3515,0.3974,-0.7491,-0.001,-0.0005,0.0022,-0.0019,32.65
2208646545,메르세데스벤츠코리아주식회사,0.0001,0.0001,0.0003,0.0002,0.0002,0.0009,0.0009,0.0009,0.001,0.0021,0.0005,0.0,0.0002,-0.0001,0.0,0.0007,0.0,0.0,0.0001,0.0011,-0.0016,32.56
1358111122,(주)아모스프로페셔널,0.0,0.0001,0.0001,0.0001,0.0,0.0007,0.0004,0.0005,0.0002,0.0003,0.0004,0.0001,0.0,0.0,-0.0001,0.0007,-0.0003,0.0001,-0.0003,0.0001,0.0001,32.55
1048164697,브리지스톤타이어세일즈코리아(주),0.0002,0.0015,0.0002,0.0007,0.0004,0.0002,0.0002,0.0003,0.0001,0.0033,0.0006,0.0013,-0.0013,0.0005,-0.0003,-0.0002,0.0,0.0001,-0.0002,0.0032,-0.0027,32.54
2208116954,세방메탈트레이딩주식회사,,0.0003,0.0002,0.0002,0.0004,0.0004,0.0001,0.0004,0.0003,0.0002,0.0004,,-0.0001,0.0,0.0002,0.0,-0.0003,0.0003,-0.0001,-0.0001,0.0002,32.52
1218635358,주식회사인천대림,,,,,,,,0.0009,0.0003,0.0016,0.0007,,,,,,,,-0.0006,0.0013,-0.0009,32.51
1328163067,(주)아이베,,,,0.0011,0.0192,0.0159,,0.0009,0.0002,0.0007,0.0006,,,,0.0181,-0.0033,,,-0.0007,0.0005,-0.0001,32.5
2068187792,(주)보보스미트트레이딩,0.0014,0.0005,,,0.0002,0.0004,0.0004,0.0005,0.0002,0.0002,0.0004,-0.0009,,,,0.0002,0.0,0.0001,-0.0003,0.0,0.0002,32.47
1208117745,(주)석교상사,0.2104,0.3247,0.0014,0.0003,0.0005,0.0011,0.0005,0.0005,0.0002,0.0002,0.0004,0.1143,-0.3233,-0.0011,0.0002,0.0006,-0.0006,0.0,-0.0003,0.0,0.0002,32.47
2198112579,주식회사태성씨앤아이,0.0004,0.0004,0.0004,0.0025,0.0005,0.0032,0.0006,0.0011,0.0005,0.0013,0.0007,0.0,0.0,0.0021,-0.002,0.0027,-0.0026,0.0005,-0.0006,0.0008,-0.0006,32.43
1208671763,한국니치아주식회사,,0.0013,0.0005,,,,0.0004,0.0009,0.0005,0.0002,0.0005,,-0.0008,,,,,0.0005,-0.0004,-0.0003,0.0003,32.42
1028137840,솔베이스페셜티폴리머스코리아주식회사,0.0008,0.0002,0.0001,0.0003,0.0003,0.0006,0.0003,0.0003,0.0001,0.0004,0.0004,-0.0006,-0.0001,0.0002,0.0,0.0003,-0.0003,0.0,-0.0002,0.0003,0.0,32.42
6758100351,주식회사정우스틸,,,,,,,,0.0024,0.0002,0.0002,0.0005,,,,,,,,-0.0022,0.0,0.0003,32.39
2018618451,주식회사에이원,,,0.0004,0.0007,0.0002,0.0005,0.0003,0.0015,0.0003,0.0004,0.0005,,,0.0003,-0.0005,0.0003,-0.0002,0.0012,-0.0012,0.0001,0.0001,32.36
1208158450,구보공영(주),,0.0005,0.0007,0.0005,0.0002,0.0003,0.0003,0.0002,0.0,0.0007,0.0005,,0.0002,-0.0002,-0.0003,0.0001,0.0,-0.0001,-0.0002,0.0007,-0.0002,32.29
5088134420,주식회사우호커머스,,,,,,,0.0002,0.0001,0.0001,0.0002,0.0003,,,,,,,-0.0001,0.0,0.0001,0.0001,32.26
1058751367,주식회사앤하우스,,,,,,0.0003,0.0003,0.0001,0.0001,0.0002,0.0003,,,,,,0.0,-0.0002,0.0,0.0001,0.0001,32.26
6068148738,(주)화진,,,,,,,,0.0033,0.0003,0.0008,0.0007,,,,,,,,-0.003,0.0005,-0.0001,32.23
1138620325,(주)슈퍼솔루션,,,,,,,,0.0016,0.0002,0.0001,0.0005,,,,,,,,-0.0014,-0.0001,0.0004,32.22
4258600969,주식회사케이피푸드,,,,,,,,0.0012,0.0451,0.0017,0.001,,,,,,,,0.0439,-0.0434,-0.0007,32.21
2118862074,에노테카코리아주식회사,,,,,,,0.0006,0.0001,0.0001,0.0001,0.0003,,,,,,,-0.0005,0.0,0.0,0.0002,32.18
5148147653,(주)대경에이에스,0.0004,0.0008,0.0006,0.0005,0.0013,0.0047,0.0032,0.0021,0.0249,0.0081,0.0013,0.0004,-0.0002,-0.0001,0.0008,0.0034,-0.0015,-0.0011,0.0228,-0.0168,-0.0068,32.16
2208717654,에릭슨엘지주식회사,0.0003,0.0004,0.1013,0.0027,0.0006,0.0006,0.0004,0.0006,0.0002,0.0002,0.0004,0.0001,0.1009,-0.0986,-0.0021,0.0,-0.0002,0.0002,-0.0004,0.0,0.0002,32.15
6058121323,한진물산(주),,,0.0002,0.0001,0.0001,0.0006,0.0005,0.0006,0.0002,0.0002,0.0004,,,-0.0001,0.0,0.0005,-0.0001,0.0001,-0.0004,0.0,0.0002,32.15
2668800156,주식회사삼원에너지,,,,,,,,0.0013,0.0006,0.0025,0.0007,,,,,,,,-0.0007,0.0019,-0.0018,32.11
2148782975,한능무역(주),,,,0.0019,0.0063,,,0.0005,0.012,0.0017,0.001,,,,0.0044,,,,0.0115,-0.0103,-0.0007,32.11
5138700017,주식회사비젼유통,,,,,,,,0.0013,0.0007,0.0012,0.0007,,,,,,,,-0.0006,0.0005,-0.0005,32.09
1308161684,경부자원주식회사,0.0169,0.0191,0.0476,0.0141,0.0008,0.0038,0.0005,0.0015,0.0007,0.0007,0.0007,0.0022,0.0285,-0.0335,-0.0133,0.003,-0.0033,0.001,-0.0008,0.0,0.0,32.07
2118695815,(주)티앤에스트레이딩,0.4429,0.0272,0.0415,0.2485,0.5175,0.8442,0.0284,0.0516,0.0036,0.004,0.0013,-0.4157,0.0143,0.207,0.269,0.3267,-0.8158,0.0232,-0.048,0.0004,-0.0027,32.05
6058170955,마린트럼프인터내셔날(주),,,,,,,,0.0014,0.1414,0.0307,0.0014,,,,,,,,0.14,-0.1107,-0.0293,32.04
6078604591,주식회사성신,,,,,0.0013,0.0194,0.1004,0.6513,0.0195,0.0057,0.0046,,,,,0.0181,0.081,0.5509,-0.6318,-0.0138,-0.0011,32.0
4418601577,주식회사서림유통,,,,,,,,0.0026,0.1258,0.0073,0.0012,,,,,,,,0.1232,-0.1185,-0.0061,31.99
1208177404,퓨쳐일렉트로닉스주식회사,,,,,,,0.0005,0.0002,0.0003,0.0005,0.0004,,,,,,,-0.0003,0.0001,0.0002,-0.0001,31.94
6058186364,(주)김천베아링,,,,,,0.0008,0.0006,0.0008,0.004,0.0019,0.001,,,,,,-0.0002,0.0002,0.0032,-0.0021,-0.0009,31.92
1328146544,(주)한들플라텍,,,0.0007,0.0001,0.0001,0.0007,0.0004,0.0004,0.0002,0.0007,0.0005,,,-0.0006,0.0,0.0006,-0.0003,0.0,-0.0002,0.0005,-0.0002,31.91
2728101753,주식회사호재메탈,,,,,,,,0.0016,0.0001,0.0005,0.0005,,,,,,,,-0.0015,0.0004,0.0,31.91
1068604555,주식회사평강프라자,,,,,,0.0005,0.0003,0.0014,0.0002,0.0007,0.0006,,,,,,-0.0002,0.0011,-0.0012,0.0005,-0.0001,31.84
2118861624,엠엠피아이주식회사,,,,,,,0.0017,0.0006,0.0002,0.0006,0.0005,,,,,,,-0.0011,-0.0004,0.0004,-0.0001,31.77
6058192129,렉스텔레콤주식회사,0.0021,0.001,0.0234,0.0425,0.0073,0.0158,0.0022,0.0018,0.0008,0.0077,0.0007,-0.0011,0.0224,0.0191,-0.0352,0.0085,-0.0136,-0.0004,-0.001,0.0069,-0.007,31.7
7318100063,미성코스메틱(주),,,,,,,,0.0017,0.0004,0.0012,0.0007,,,,,,,,-0.0013,0.0008,-0.0005,31.67
1078758385,(주)어스에이,,,,,,0.0012,0.0005,0.0005,0.0001,0.0004,0.0004,,,,,,-0.0007,0.0,-0.0004,0.0003,0.0,31.66
1408111352,(주)제이씨헬스케어,0.0031,0.0007,0.0005,0.0009,0.0012,0.001,0.0006,0.0005,0.0006,0.0003,0.0004,-0.0024,-0.0002,0.0004,0.0003,-0.0002,-0.0004,-0.0001,0.0001,-0.0003,0.0001,31.58
1288626660,주식회사유송타일앤바스,0.1817,0.0105,0.0037,0.0017,0.0007,0.0013,0.0011,0.001,0.0017,0.0012,0.0008,-0.1712,-0.0068,-0.002,-0.001,0.0006,-0.0002,-0.0001,0.0007,-0.0005,-0.0004,31.57
2158722780,(주)다마스버터플라이코리아,,0.0007,0.0001,0.0001,0.0,0.0003,0.0001,0.0002,0.0001,0.0002,0.0003,,-0.0006,0.0,-0.0001,0.0003,-0.0002,0.0001,-0.0001,0.0001,0.0001,31.55
5038129747,(주)대명유통,,,,,0.0002,0.0006,0.0005,0.0004,0.0002,0.001,0.0005,,,,,0.0004,-0.0001,-0.0001,-0.0002,0.0008,-0.0005,31.54
1068161570,홍진실업(주),0.257,0.4378,0.0018,0.0011,0.0013,0.496,0.5358,0.0036,0.0003,0.0004,0.0005,0.1808,-0.436,-0.0007,0.0002,0.4947,0.0398,-0.5322,-0.0033,0.0001,0.0001,31.54
5058144633,(주)서울스텐,0.0016,0.0046,,,,,,0.0007,0.0001,0.0013,0.0006,0.003,,,,,,,-0.0006,0.0012,-0.0007,31.52
1168166683,싸브스웨디쉬스틸주식회사,0.0626,0.3514,0.0009,0.0002,0.0001,0.0576,0.0002,0.0001,0.0001,0.3207,0.0004,0.2888,-0.3505,-0.0007,-0.0001,0.0575,-0.0574,-0.0001,0.0,0.3206,-0.3203,31.52
2118818938,에스더포뮬러주식회사,0.0003,0.0001,0.0001,0.0,0.0,0.0002,0.0001,0.0002,0.0001,0.0001,0.0003,-0.0002,0.0,-0.0001,0.0,0.0002,-0.0001,0.0001,-0.0001,0.0,0.0002,31.47
1048120501,한국신에츠실리콘(주),0.0001,0.0002,0.0001,0.0002,0.0001,0.001,0.0002,0.0002,0.0001,0.0001,0.0003,0.0001,-0.0001,0.0001,-0.0001,0.0009,-0.0008,0.0,-0.0001,0.0,0.0002,31.47
1318106888,신명글로빅스(주),0.0001,0.0,0.0001,0.0,0.0001,0.0006,0.0002,0.0002,0.0001,0.0001,0.0003,-0.0001,0.0001,-0.0001,0.0001,0.0005,-0.0004,0.0,-0.0001,0.0,0.0002,31.47
2148680965,(주)위존,,,0.0004,0.0001,0.0003,0.0004,0.0001,0.0002,0.0001,0.0001,0.0003,,,-0.0003,0.0002,0.0001,-0.0003,0.0001,-0.0001,0.0,0.0002,31.47
1208749098,주식회사대산화학,0.0012,0.0011,0.0014,0.0003,0.0003,0.0029,0.0014,0.0022,0.004,0.0053,0.0004,-0.0001,0.0003,-0.0011,0.0,0.0026,-0.0015,0.0008,0.0018,0.0013,-0.0049,31.46
6048100437,동방석유주식회사,0.0153,0.0863,0.0851,0.0007,0.0014,0.0004,0.0002,0.0022,0.0001,0.0002,0.0004,0.071,-0.0012,-0.0844,0.0007,-0.001,-0.0002,0.002,-0.0021,0.0001,0.0002,31.44
1268645211,(주)오아시스,,,0.0008,0.0022,0.0261,0.0043,0.0006,0.0003,0.0016,0.0003,0.0004,,,0.0014,0.0239,-0.0218,-0.0037,-0.0003,0.0013,-0.0013,0.0001,31.44
7228700998,(주)케이엠솔루션,,,,,,,,0.0004,0.0002,0.179,0.0005,,,,,,,,-0.0002,0.1788,-0.1785,31.43
1348145648,큐엔씨한샘할인점,,,,,,0.0018,0.0038,0.0098,0.0016,0.0023,0.0009,,,,,,0.002,0.006,-0.0082,0.0007,-0.0014,31.4
1168167800,주식회사은파엘시디,0.0005,0.0007,0.0003,0.0001,0.0001,0.0315,0.0007,0.0006,0.0003,0.0002,0.0004,0.0002,-0.0004,-0.0002,0.0,0.0314,-0.0308,-0.0001,-0.0003,-0.0001,0.0002,31.4
6298100848,(주)화림식자재마트,,,,,,,,0.0008,0.0002,0.0014,0.0006,,,,,,,,-0.0006,0.0012,-0.0008,31.38
2158641418,(주)은광,0.0012,0.0003,0.0002,0.0003,0.0001,0.0004,0.0002,0.0002,0.0003,0.0,0.0003,-0.0009,-0.0001,0.0001,-0.0002,0.0003,-0.0002,0.0,0.0001,-0.0003,0.0003,31.34
1168403700,한국알콘(주),0.109,0.7002,0.0254,0.483,0.3086,0.0499,0.0004,0.0004,0.0005,0.0018,0.0004,0.5912,-0.6748,0.4576,-0.1744,-0.2587,-0.0495,0.0,0.0001,0.0013,-0.0014,31.31
5208600473,(주)삼진글로벌넷,,,0.0008,0.0002,0.0006,0.0033,0.0007,0.0003,0.0004,0.0014,0.0004,,,-0.0006,0.0004,0.0027,-0.0026,-0.0004,0.0001,0.001,-0.001,31.29
6038159333,우영수산(주),,0.005,0.0006,0.0002,0.0011,0.5149,0.0011,0.0939,0.01,0.0177,0.0009,,-0.0044,-0.0004,0.0009,0.5138,-0.5138,0.0928,-0.0839,0.0077,-0.0168,31.29
1108177009,(주)세계로더블유스토어,,,,0.0014,0.0007,0.0016,0.0003,0.0002,0.0002,0.0008,0.0004,,,,-0.0007,0.0009,-0.0013,-0.0001,0.0,0.0006,-0.0004,31.26
1408124745,주식회사씨알상사,,,,,,0.0008,0.0004,0.0008,0.0002,0.0026,0.0006,,,,,,-0.0004,0.0004,-0.0006,0.0024,-0.002,31.26
2128612215,(주)모티바코리아,,,,,0.0002,0.0012,0.0009,0.0008,0.0002,0.0001,0.0004,,,,,0.001,-0.0003,-0.0001,-0.0006,-0.0001,0.0003,31.24
1268188573,(주)삼경에프에스,,,,0.001,0.0,0.0001,0.0001,0.0001,0.0001,0.0003,0.0003,,,,-0.001,0.0001,0.0,0.0,0.0,0.0002,0.0,31.19
1148673413,실란트로주식회사,,,,,0.0002,0.0002,0.0001,0.0001,0.0001,0.0003,0.0003,,,,,0.0,-0.0001,0.0,0.0,0.0002,0.0,31.19
1068609832,(주)유니씨앤씨,,,,,,0.0007,0.0004,0.0001,0.0001,0.0003,0.0003,,,,,,-0.0003,-0.0003,0.0,0.0002,0.0,31.19
1138154228,(주)마미엘,,,,,,,,0.0016,0.0001,0.0001,0.0004,,,,,,,,-0.0015,0.0,0.0003,31.18
2188101439,(주)유니버설뮤직,0.0343,0.4295,0.1427,0.1648,0.0018,0.0007,0.1217,0.0027,0.1247,0.0024,0.0009,0.3952,-0.2868,0.0221,-0.163,-0.0011,0.121,-0.119,0.122,-0.1223,-0.0015,31.17
8508100457,(주)웰빙신선부천,,,,0.0027,0.0515,0.0314,0.0049,0.0165,0.0039,0.0022,0.002,,,,0.0488,-0.0201,-0.0265,0.0116,-0.0126,-0.0017,-0.0002,31.15
1068672693,주식회사지케이알테크,,,,0.0003,0.0019,0.0003,0.0002,0.0001,0.0001,0.002,0.0004,,,,0.0016,-0.0016,-0.0001,-0.0001,0.0,0.0019,-0.0016,31.15
3948701512,주식회사거산,,,,,,,,0.0021,0.0001,0.0003,0.0004,,,,,,,,-0.002,0.0002,0.0001,31.13
2038151053,(주)유칼릭스,,,,,,0.0006,0.0002,0.0002,0.0002,0.0001,0.0003,,,,,,-0.0004,0.0,0.0,-0.0001,0.0002,31.11
5108801197,주식회사이앤에스케어,,,,,,0.0006,0.0002,0.0002,0.0002,0.0001,0.0003,,,,,,-0.0004,0.0,0.0,-0.0001,0.0002,31.11
5148156749,주식회사장보고식자재마트,0.0135,0.0014,0.0007,0.0002,0.0003,0.0021,0.0008,0.0054,0.0314,0.0079,0.0011,-0.0121,-0.0007,-0.0005,0.0001,0.0018,-0.0013,0.0046,0.026,-0.0235,-0.0068,31.1
4108600384,(주)에이젯시스템,,,,,,0.0004,0.0002,0.0002,0.0001,0.0,0.0003,,,,,,-0.0002,0.0,-0.0001,-0.0001,0.0003,31.1
5068180379,주식회사세신스틸,,,,,,,,0.0011,0.0002,0.0002,0.0004,,,,,,,,-0.0009,0.0,0.0002,31.08
1168176139,주식회사메타넥스코리아,0.0115,0.0015,0.0024,0.0021,0.0054,0.0008,0.0066,0.0019,0.0024,0.0035,0.0004,-0.01,0.0009,-0.0003,0.0033,-0.0046,0.0058,-0.0047,0.0005,0.0011,-0.0031,31.08
2118101312,쓰리씨통상(주),0.435,,,0.0003,0.0012,0.0026,0.0222,0.557,0.0004,0.0011,0.0008,,,,0.0009,0.0014,0.0196,0.5348,-0.5566,0.0007,-0.0003,31.08
6218108846,반도기전주식회사,0.0009,0.0014,0.0006,0.0009,0.0004,0.0009,0.0006,0.0016,0.0007,0.0005,0.0006,0.0005,-0.0008,0.0003,-0.0005,0.0005,-0.0003,0.001,-0.0009,-0.0002,0.0001,31.08
1078131268,케이피한석유화주식회사,0.0035,0.0008,0.0018,0.0018,0.0014,0.0014,0.0004,0.0007,0.0005,0.0016,0.0005,-0.0027,0.001,0.0,-0.0004,0.0,-0.001,0.0003,-0.0002,0.0011,-0.0011,31.04
2118144757,(주)지원메디칼,,,,,,,0.0014,0.0002,0.0002,0.0002,0.0003,,,,,,,-0.0012,0.0,0.0,0.0001,31.0
1208780221,한국애브비주식회사,0.0114,0.5721,0.6545,0.0006,0.0005,0.0008,0.0004,0.0002,0.0002,0.0002,0.0003,0.5607,0.0824,-0.6539,-0.0001,0.0003,-0.0004,-0.0002,0.0,0.0,0.0001,31.0
3038156659,주식회사코주부비앤에프,0.002,0.001,0.0013,0.0003,0.0004,0.0007,0.0002,0.0002,0.0002,0.0002,0.0003,-0.001,0.0003,-0.001,0.0001,0.0003,-0.0005,0.0,0.0,0.0,0.0001,31.0
1288191230,주식회사코리아보드게임즈,0.0003,0.0001,0.0002,0.0002,0.0002,0.0008,0.0005,0.0002,0.0002,0.0608,0.0004,-0.0002,0.0001,0.0,0.0,0.0006,-0.0003,-0.0003,0.0,0.0606,-0.0604,30.99
6068633472,주식회사제이슨인터내셔날,0.001,0.0002,0.0008,0.0005,0.002,0.0088,0.0023,0.7739,0.001,0.0003,0.0007,-0.0008,0.0006,-0.0003,0.0015,0.0068,-0.0065,0.7716,-0.7729,-0.0007,0.0004,30.96
1278130899,에이씨티주식회사,0.0002,0.0007,0.0005,0.0012,0.0006,0.0021,0.001,0.001,0.0002,0.0018,0.0006,0.0005,-0.0002,0.0007,-0.0006,0.0015,-0.0011,0.0,-0.0008,0.0016,-0.0012,30.94
1218131532,주식회사송림정보통신,,,,,,,,0.0013,0.0002,0.0003,0.0004,,,,,,,,-0.0011,0.0001,0.0001,30.9
2118602015,(주)디사모빌리,0.0007,0.0011,0.0004,0.0003,0.0003,0.0007,0.0003,0.0003,0.0001,0.0002,0.0003,0.0004,-0.0007,-0.0001,0.0,0.0004,-0.0004,0.0,-0.0002,0.0001,0.0001,30.87
5048610644,크레텍책임(주),0.0008,0.0002,0.0003,0.0003,0.0002,0.0006,0.0002,0.0003,0.0001,0.0002,0.0003,-0.0006,0.0001,0.0,-0.0001,0.0004,-0.0004,0.0001,-0.0002,0.0001,0.0001,30.87
1088604513,(주)상길메디케어,,,,,,,0.0007,0.0003,0.3074,0.0019,0.0008,,,,,,,-0.0004,0.3071,-0.3055,-0.0011,30.84
1138171101,동북특수강한국(주),0.014,0.2925,0.0436,0.0004,0.0002,0.0923,0.0575,0.0607,0.012,0.0003,0.0007,0.2785,-0.2489,-0.0432,-0.0002,0.0921,-0.0348,0.0032,-0.0487,-0.0117,0.0004,30.82
2208655248,(주)유진메디텍,,,,,,0.0013,0.0005,0.0004,0.0004,0.0008,0.0004,,,,,,-0.0008,-0.0001,0.0,0.0004,-0.0004,30.81
1248634270,얀마농기코리아(주),0.0003,0.0003,0.0002,0.0001,0.0001,0.0002,0.0002,0.0003,0.0001,0.0001,0.0003,0.0,-0.0001,-0.0001,0.0,0.0001,0.0,0.0001,-0.0002,0.0,0.0002,30.78
1388158131,서진산기주식회사,,,,,,0.0005,0.0001,0.0003,0.0001,0.0001,0.0003,,,,,,-0.0004,0.0002,-0.0002,0.0,0.0002,30.78
1168127808,인텔코리아주식회사,0.0002,0.0001,0.0003,0.0001,0.0,0.0002,0.0001,0.0003,0.0001,0.0001,0.0003,-0.0001,0.0002,-0.0002,-0.0001,0.0002,-0.0001,0.0002,-0.0002,0.0,0.0002,30.78
1058730590,주식회사엘버하이테크,,,,,,,,0.001,0.0002,0.0,0.0004,,,,,,,,-0.0008,-0.0002,0.0004,30.77
1258154347,주식회사에디폴,,,,,,,,0.0013,0.0007,0.0012,0.0006,,,,,,,,-0.0006,0.0005,-0.0006,30.73
1098620739,에스씨지솔루션즈(주),0.4549,0.7247,0.0752,0.0299,0.0009,0.0009,0.0002,0.0004,0.0004,0.0005,0.0004,0.2698,-0.6495,-0.0453,-0.029,0.0,-0.0007,0.0002,0.0,0.0001,-0.0001,30.67
3128123225,주식회사오방,,,,0.0012,0.0005,0.0034,0.0005,0.0005,0.0005,0.0011,0.0004,,,,-0.0007,0.0029,-0.0029,0.0,0.0,0.0006,-0.0007,30.65
1298689862,(주)아시아퍼시픽헬스케어,,,,,,,,0.0008,0.0002,0.0004,0.0004,,,,,,,,-0.0006,0.0002,0.0,30.61
1098600806,(주)비즈메디코리아,,0.0033,0.0009,0.0013,0.0024,0.0046,0.0013,0.0007,0.0003,0.0011,0.0005,,-0.0024,0.0004,0.0011,0.0022,-0.0033,-0.0006,-0.0004,0.0008,-0.0006,30.58
1248631609,(주)이텍솔루션,0.0007,0.0007,0.0001,0.0004,0.0002,0.0003,0.0004,0.0003,0.0003,0.0001,0.0003,0.0,-0.0006,0.0003,-0.0002,0.0001,0.0001,-0.0001,0.0,-0.0002,0.0002,30.57
1258615771,주식회사제이엔지,,,,,,0.0019,0.0039,0.0302,0.0231,0.013,0.0035,,,,,,0.002,0.0263,-0.0071,-0.0101,-0.0095,30.57
6108624763,에이치엔엑스주식회사,,,,,,,,0.003,0.0003,0.0005,0.0005,,,,,,,,-0.0027,0.0002,0.0,30.57
2148668689,금호개발상사주식회사,0.0214,0.0043,0.0024,0.0002,0.0013,0.0005,0.0017,0.0314,0.0003,0.0002,0.0005,-0.0171,-0.0019,-0.0022,0.0011,-0.0008,0.0012,0.0297,-0.0311,-0.0001,0.0003,30.52
2068610250,(주)페이퍼익스프레스,,,,0.0009,0.001,0.0125,0.0026,0.0032,0.1676,0.0063,0.0009,,,,0.0001,0.0115,-0.0099,0.0006,0.1644,-0.1613,-0.0054,30.5
1068662007,(주)오제플러스,,,,,,,,0.0017,0.0002,0.0002,0.0004,,,,,,,,-0.0015,0.0,0.0002,30.49
1198181970,(주)엘케이엠씨,,,,,0.0006,0.0017,0.0005,0.0022,0.0007,0.0005,0.0006,,,,,0.0011,-0.0012,0.0017,-0.0015,-0.0002,0.0001,30.49
1398143378,형제전기(주),,0.0016,0.0009,0.0008,0.0009,0.0013,0.0006,0.0005,0.0004,0.0004,0.0004,,-0.0007,-0.0001,0.0001,0.0004,-0.0007,-0.0001,-0.0001,0.0,0.0,30.49
1168167421,실드에어코리아주식회사,0.0001,0.0001,0.0003,0.0002,0.0001,0.0006,0.0001,0.0004,0.004,0.0258,0.0003,0.0,0.0002,-0.0001,-0.0001,0.0005,-0.0005,0.0003,0.0036,0.0218,-0.0255,30.47
1338124859,한국엠에스디주식회사,,,,,,0.0175,0.0425,0.0002,0.0001,0.0003,0.0003,,,,,,0.025,-0.0423,-0.0001,0.0002,0.0,30.47
1268161730,한살림사업연합,,,,,,0.0297,0.0009,0.0016,0.2695,0.2522,0.0012,,,,,,-0.0288,0.0007,0.2679,-0.0173,-0.251,30.46
6058175421,주식회사정산개발,,0.0018,0.0004,0.0002,0.0002,0.0005,0.0002,0.0004,0.0001,0.0002,0.0003,,-0.0014,-0.0002,0.0,0.0003,-0.0003,0.0002,-0.0003,0.0001,0.0001,30.43
3178102619,정우통상(주),,,0.0008,0.0001,0.0003,0.0007,0.0002,0.0003,0.0002,0.0001,0.0003,,,-0.0007,0.0002,0.0004,-0.0005,0.0001,-0.0001,-0.0001,0.0002,30.4
2148726314,주식회사태산로테이트먼트,,,,,,,0.0003,0.0001,0.0215,0.0133,0.001,,,,,,,-0.0002,0.0214,-0.0082,-0.0123,30.37
1248753560,(주)마트킹권선,,,,,,,0.0004,0.0002,0.0003,0.0002,0.0003,,,,,,,-0.0002,0.0001,-0.0001,0.0001,30.37
1138117596,백제에치칼약품주식회사,0.0516,0.0001,0.0002,0.0003,0.0003,0.0006,0.0003,0.0002,0.0003,0.0002,0.0003,-0.0515,0.0001,0.0001,0.0,0.0003,-0.0003,-0.0001,0.0001,-0.0001,0.0001,30.37
2158103383,동화청과주식회사,0.0002,0.0002,0.0001,0.0,0.0001,0.0003,0.0003,0.0002,0.0003,0.0002,0.0003,0.0,-0.0001,-0.0001,0.0001,0.0002,0.0,-0.0001,0.0001,-0.0001,0.0001,30.37
6128107988,삼우공영(주),0.0012,0.0003,0.0011,0.1166,0.1733,0.0312,0.1845,0.2989,0.0683,0.018,0.0047,-0.0009,0.0008,0.1155,0.0567,-0.1421,0.1533,0.1144,-0.2306,-0.0503,-0.0133,30.36
2018123094,(주)알라딘커뮤니케이션,0.0002,0.0001,0.0001,0.0001,0.0001,0.0004,0.0001,0.0002,0.0002,0.0003,0.0003,-0.0001,0.0,0.0,0.0,0.0003,-0.0003,0.0001,0.0,0.0001,0.0,30.35
1208179848,(주)피앤에이,0.0002,0.007,0.0001,0.0001,0.0052,0.0005,0.0002,0.0004,0.0001,0.0001,0.0003,0.0068,-0.0069,0.0,0.0051,-0.0047,-0.0003,0.0002,-0.0003,0.0,0.0002,30.35
2158631491,주식회사파마피아,0.0002,0.0003,0.0003,0.0002,0.0001,0.0005,0.0002,0.0002,0.0002,0.0003,0.0003,0.0001,0.0,-0.0001,-0.0001,0.0004,-0.0003,0.0,0.0,0.0001,0.0,30.35
4748100082,주식회사웰빙푸드,,,,,,,,0.0018,0.0006,0.0003,0.0005,,,,,,,,-0.0012,-0.0003,0.0002,30.3
2098110797,신덕약품주식회사,0.0002,0.0002,0.0003,0.0001,0.0001,0.0002,0.0001,0.0003,0.0002,0.0002,0.0003,0.0,0.0001,-0.0002,0.0,0.0001,-0.0001,0.0002,-0.0001,0.0,0.0001,30.29
6028105187,(주)경화상사,0.0002,0.0003,0.0008,0.0003,0.0006,0.0009,0.0014,0.0009,0.0002,0.0009,0.0005,0.0001,0.0005,-0.0005,0.0003,0.0003,0.0005,-0.0005,-0.0007,0.0007,-0.0004,30.08
1068148524,(주)일요신문사,,,,,,0.0002,0.0005,0.0004,0.0006,0.0007,0.0004,,,,,,0.0003,-0.0001,0.0002,0.0001,-0.0003,30.07
6058123388,(주)한국기업,0.0002,0.0005,0.0002,0.001,0.0027,0.0014,0.001,0.0011,0.0003,0.0003,0.0004,0.0003,-0.0003,0.0008,0.0017,-0.0013,-0.0004,0.0001,-0.0008,0.0,0.0001,30.04
6158171534,(주)항도에스티,,0.0027,0.0003,0.0002,0.0003,0.001,0.0005,0.0008,0.0003,0.0004,0.0004,,-0.0024,-0.0001,0.0001,0.0007,-0.0005,0.0003,-0.0005,0.0001,0.0,30.02
1198670876,(주)에이스푸드림,,,,,,,,0.0034,0.0002,0.0003,0.0004,,,,,,,,-0.0032,0.0001,0.0001,30.01
4098638347,주식회사비제이무역,,,,,,,0.001,0.0028,0.0057,0.0022,0.0008,,,,,,,0.0018,0.0029,-0.0035,-0.0014,29.98
1208798944,주식회사앤디무역,,,,,,,,0.0007,0.0,0.0,0.0003,,,,,,,,-0.0007,0.0,0.0003,29.96
3908701499,주식회사오설록,,,,,,,0.0023,0.0003,0.0003,0.0002,0.0003,,,,,,,-0.002,0.0,-0.0001,0.0001,29.93
2158660263,(주)에프앤디넷,,0.0009,0.0002,0.0002,0.0,0.0002,0.0002,0.0001,0.0002,0.0004,0.0003,,-0.0007,0.0,-0.0002,0.0002,0.0,-0.0001,0.0001,0.0002,-0.0001,29.82
1338130685,유니소재(주),0.0003,0.0002,0.0004,0.0002,0.0004,0.0042,0.0013,0.0017,0.0018,0.0007,0.0006,-0.0001,0.0002,-0.0002,0.0002,0.0038,-0.0029,0.0004,0.0001,-0.0011,-0.0001,29.78
2118652500,잉가솔랜드코리아주식회사,0.0001,0.0001,0.0001,0.0003,0.0001,0.0018,0.0016,0.0005,0.0003,0.0006,0.0004,0.0,0.0,0.0002,-0.0002,0.0017,-0.0002,-0.0011,-0.0002,0.0003,-0.0002,29.74
2028131035,(주)선명테크,,,,,,,,0.0006,0.0001,0.0001,0.0003,,,,,,,,-0.0005,0.0,0.0002,29.73
1078701830,쥬시코리아주식회사,0.0011,0.001,0.0008,0.0003,0.0001,0.0005,0.0001,0.0004,0.0002,0.0001,0.0003,-0.0001,-0.0002,-0.0005,-0.0002,0.0004,-0.0004,0.0003,-0.0002,-0.0001,0.0002,29.72
1298654325,주식회사엔와이에스,0.0004,0.0001,0.0074,0.0026,0.0009,0.0009,0.0006,0.0005,0.0002,0.3252,0.0004,-0.0003,0.0073,-0.0048,-0.0017,0.0,-0.0003,-0.0001,-0.0003,0.325,-0.3248,29.69
3428800732,주식회사케이에이치티앤에스,,,,,,,,0.0015,0.0002,0.0004,0.0004,,,,,,,,-0.0013,0.0002,0.0,29.65
2148728379,(주)한독모터스,0.1162,0.005,0.0039,0.003,0.0018,0.0025,0.0006,0.0015,0.0002,0.0004,0.0004,-0.1112,-0.0011,-0.0009,-0.0012,0.0007,-0.0019,0.0009,-0.0013,0.0002,0.0,29.65
5058136040,주식회사글로벌오토트레이딩,0.001,0.0014,0.0005,0.0011,0.0005,0.0006,0.0004,0.0005,0.0003,0.0009,0.0004,0.0004,-0.0009,0.0006,-0.0006,0.0001,-0.0002,0.0001,-0.0002,0.0006,-0.0005,29.64
1058662116,주식회사제노켐코리아,,,0.0002,0.0,0.0001,0.0003,0.0003,0.0004,0.0007,0.0032,0.0003,,,-0.0002,0.0001,0.0002,0.0,0.0001,0.0003,0.0025,-0.0029,29.63
1018614757,최메디칼주식회사,0.0003,0.0002,0.0003,0.0001,0.0003,0.0004,0.0003,0.0004,0.0002,0.0002,0.0003,-0.0001,0.0001,-0.0002,0.0002,0.0001,-0.0001,0.0001,-0.0002,0.0,0.0001,29.6
3128135304,주식회사인우이엔씨,0.0004,0.0001,0.0002,0.0004,0.0001,0.0006,0.0002,0.0004,0.0002,0.0002,0.0003,-0.0003,0.0001,0.0002,-0.0003,0.0005,-0.0004,0.0002,-0.0002,0.0,0.0001,29.6
1408157339,(주)하이테코,0.0012,0.0004,0.0004,0.0001,0.0003,0.0013,0.0004,0.0006,0.0006,0.0004,0.0004,-0.0008,0.0,-0.0003,0.0002,0.001,-0.0009,0.0002,0.0,-0.0002,0.0,29.59
1098636089,주식회사유진의약품,,,,,0.0009,0.0009,0.0008,0.0003,0.0012,0.0006,0.0005,,,,,0.0,-0.0001,-0.0005,0.0009,-0.0006,-0.0001,29.57
1408103565,(주)유림,,,,0.0018,0.0466,0.098,0.0346,0.0026,0.0006,0.0014,0.0006,,,,0.0448,0.0514,-0.0634,-0.032,-0.002,0.0008,-0.0008,29.56
2158779323,주식회사아띠인터내셔널,,,,,,0.0021,0.014,0.0914,0.0465,0.0058,0.003,,,,,,0.0119,0.0774,-0.0449,-0.0407,-0.0028,29.54
1218161211,(주)경인오토,,,,,0.0007,0.0004,0.0003,0.0002,0.0003,0.0003,0.0003,,,,,-0.0003,-0.0001,-0.0001,0.0001,0.0,0.0,29.52
1058758545,(주)홈앤쇼핑,0.0002,0.0001,0.0002,0.0001,0.0001,0.0005,0.0002,0.0002,0.0003,0.0003,0.0003,-0.0001,0.0001,-0.0001,0.0,0.0004,-0.0003,0.0,0.0001,0.0,0.0,29.52
2208827824,에펜도르프코리아주식회사,,,,,,,0.0009,0.0002,0.0003,0.0003,0.0003,,,,,,,-0.0007,0.0001,0.0,0.0,29.52
3658800341,주식회사티지와이,,,,,,,,0.002,0.003,0.0027,0.0007,,,,,,,,0.001,-0.0003,-0.002,29.46
6068611629,동연스틸주식회사,0.0002,0.0018,0.0005,0.2189,0.0009,0.0074,0.368,0.3913,0.0006,0.0009,0.0007,0.0016,-0.0013,0.2184,-0.218,0.0065,0.3606,0.0233,-0.3907,0.0003,-0.0002,29.46
8798601530,(주)대청솔라팜ENG,,,,,,,,0.0012,0.003,0.0004,0.0004,,,,,,,,0.0018,-0.0026,0.0,29.45
2158661559,주식회사비에이치씨,,,,0.0048,0.0008,0.0073,0.0022,0.0012,0.0003,0.0028,0.0005,,,,-0.004,0.0065,-0.0051,-0.001,-0.0009,0.0025,-0.0023,29.44
2068675156,주식회사보보,,,,,,0.0014,0.0002,0.0002,0.0002,0.0004,0.0003,,,,,,-0.0012,0.0,0.0,0.0002,-0.0001,29.38
2298105487,아마다웰드테크코리아주식회사,0.8697,0.0066,0.0011,0.0003,0.0002,0.0004,0.0001,0.0001,0.0002,0.0102,0.0003,-0.8631,-0.0055,-0.0008,-0.0001,0.0002,-0.0003,0.0,0.0001,0.01,-0.0099,29.37
4098108080,유진약품주식회사,0.0118,0.0006,0.0008,0.0006,0.0004,0.001,0.0003,0.0007,0.0004,0.0004,0.0004,-0.0112,0.0002,-0.0002,-0.0002,0.0006,-0.0007,0.0004,-0.0003,0.0,0.0,29.37
8058101591,주식회사카페봄봄,,,,,,,,0.0008,0.0001,0.0002,0.0003,,,,,,,,-0.0007,0.0001,0.0001,29.35
1078796394,주식회사제일트레이딩,,,,,,,,0.0018,0.0004,0.0006,0.0005,,,,,,,,-0.0014,0.0002,-0.0001,29.33
1048621617,(주)영원무역,0.0002,0.0002,0.0005,0.0003,0.0005,0.0014,0.0006,0.0014,0.0004,0.0002,0.0004,0.0,0.0003,-0.0002,0.0002,0.0009,-0.0008,0.0008,-0.001,-0.0002,0.0002,29.32
6078191034,신우팜주식회사,,,,,,0.0007,0.0011,0.0011,0.0011,0.0009,0.0006,,,,,,0.0004,0.0,0.0,-0.0002,-0.0003,29.32
7068600626,(주)히든타이거,,,,,,0.0014,0.0002,0.0004,0.0001,0.0082,0.0004,,,,,,-0.0012,0.0002,-0.0003,0.0081,-0.0078,29.3
6038160354,오션트레이딩주식회사,,,,,,,0.0006,0.0005,0.0002,0.0001,0.0003,,,,,,,-0.0001,-0.0003,-0.0001,0.0002,29.28
7638100338,주식회사케이에스에프,,,,,,,,0.0019,0.0017,0.0011,0.0008,,,,,,,,-0.0002,-0.0006,-0.0003,29.27
1428138153,(주)코리아푸드,,,,,,0.0018,0.11,0.0019,0.0004,0.0006,0.0005,,,,,,0.1082,-0.1081,-0.0015,0.0002,-0.0001,29.24
2118768810,(주)한국슈어조인트,,,0.0004,0.0001,0.0002,0.0008,0.0003,0.0004,0.0003,0.0002,0.0003,,,-0.0003,0.0001,0.0006,-0.0005,0.0001,-0.0001,-0.0001,0.0001,29.22
1208141788,한국텍트로닉스(주),0.0002,0.0001,0.0003,0.0002,0.0001,0.0006,0.0004,0.0004,0.0003,0.0002,0.0003,-0.0001,0.0002,-0.0001,-0.0001,0.0005,-0.0002,0.0,-0.0001,-0.0001,0.0001,29.22
1228172517,경동석유산업(주),,,,,,0.0007,0.0004,0.0011,0.0009,0.0003,0.0004,,,,,,-0.0003,0.0007,-0.0002,-0.0006,0.0001,29.19
1068610377,더불정보기술주식회사,,,,,,,,0.0009,0.0001,0.0002,0.0003,,,,,,,,-0.0008,0.0001,0.0001,29.18
3058161876,농업회사법인피아이씨코리아(주),,,,,0.0009,0.0025,0.0006,0.0005,0.0002,0.0002,0.0003,,,,,0.0016,-0.0019,-0.0001,-0.0003,0.0,0.0001,29.17
6098135509,(주)삼우,0.0006,0.0023,0.0027,0.0004,0.0032,0.0018,0.0005,0.0005,0.0002,0.0002,0.0003,0.0017,0.0004,-0.0023,0.0028,-0.0014,-0.0013,0.0,-0.0003,0.0,0.0001,29.17
1438115508,평창하이그로스주식회사,,,,,,0.001,0.0008,0.001,0.0008,0.0018,0.0004,,,,,,-0.0002,0.0002,-0.0002,0.001,-0.0014,29.16
1218609582,비즈온글로벌주식회사,,,,,,,,0.0009,0.0001,0.0001,0.0003,,,,,,,,-0.0008,0.0,0.0002,29.1
1388160898,인성화학(주),,,,,,,,0.0009,0.0002,0.0005,0.0004,,,,,,,,-0.0007,0.0003,-0.0001,29.09
3018131818,주식회사코리아매디케어,0.0115,0.1222,,,,,0.0013,0.004,0.0008,0.0003,0.0005,0.1107,,,,,,0.0027,-0.0032,-0.0005,0.0002,29.08
1018124696,태원과학주식회사,0.0003,0.0001,0.0004,0.0002,0.0005,0.0014,0.0006,0.0007,0.0001,0.0006,0.0004,-0.0002,0.0003,-0.0002,0.0003,0.0009,-0.0008,0.0001,-0.0006,0.0005,-0.0002,29.06
1018162216,(주)이지메디컴,0.0002,0.0004,0.001,0.0022,0.001,0.0012,0.0006,0.001,0.0007,0.0003,0.0004,0.0002,0.0006,0.0012,-0.0012,0.0002,-0.0006,0.0004,-0.0003,-0.0004,0.0001,29.06
1348642777,주식회사켐피아,,,,0.0005,0.0002,0.0006,0.0004,0.0005,0.0001,0.0003,0.0003,,,,-0.0003,0.0004,-0.0002,0.0001,-0.0004,0.0002,0.0,29.03
6048128487,주식회사동아메디칼,,,,0.0005,0.0002,0.0006,0.0003,0.0005,0.0001,0.0003,0.0003,,,,-0.0003,0.0004,-0.0003,0.0002,-0.0004,0.0002,0.0,29.03
6068192933,(주)오리엔탈검사개발,0.0002,0.0003,0.0002,0.0001,0.0001,0.0005,0.0004,0.0018,0.0008,0.0006,0.0006,0.0001,-0.0001,-0.0001,0.0,0.0004,-0.0001,0.0014,-0.001,-0.0002,0.0,29.02
1208403636,메틀러토레도코리아(주),0.0004,0.0001,0.0001,0.0002,0.0001,0.0003,0.0001,0.0002,0.2475,0.0007,0.0005,-0.0003,0.0,0.0001,-0.0001,0.0002,-0.0002,0.0001,0.2473,-0.2468,-0.0002,28.99
1278160506,(주)한국체인모터,0.0013,0.0006,0.0006,0.0006,0.0007,0.0009,0.0006,0.0007,0.0004,0.0008,0.0004,-0.0007,0.0,0.0,0.0001,0.0002,-0.0003,0.0001,-0.0003,0.0004,-0.0004,28.97
1288199950,(주)에이치디텍,,,,,,0.0022,0.0003,0.0002,0.188,0.0007,0.0005,,,,,,-0.0019,-0.0001,0.1878,-0.1873,-0.0002,28.96
1318167075,주식회사신화푸드,0.0013,0.0022,0.0013,0.0003,0.0005,0.0007,0.0009,0.0029,0.0003,0.0002,0.0004,0.0009,-0.0009,-0.001,0.0002,0.0002,0.0002,0.002,-0.0026,-0.0001,0.0002,28.96
2208101636,한국로슈진단(주),0.0002,0.0003,0.0002,0.0003,0.0003,0.001,0.0006,0.0004,0.0002,0.0003,0.0003,0.0001,-0.0001,0.0001,0.0,0.0007,-0.0004,-0.0002,-0.0002,0.0001,0.0,28.95
1148162435,주식회사솔버스,0.8873,0.0239,0.0011,0.0008,0.0004,0.001,0.0005,0.0004,0.0002,0.0003,0.0003,-0.8634,-0.0228,-0.0003,-0.0004,0.0006,-0.0005,-0.0001,-0.0002,0.0001,0.0,28.95
1378164829,(주)하이퍼스물류센타,0.0002,0.0008,0.0013,0.7341,0.0989,0.0017,0.0003,0.0004,0.0002,0.0003,0.0003,0.0006,0.0005,0.7328,-0.6352,-0.0972,-0.0014,0.0001,-0.0002,0.0001,0.0,28.95
6038171185,서해이오주식회사,,,,,,0.0014,0.0004,0.0006,0.0012,0.0011,0.0005,,,,,,-0.001,0.0002,0.0006,-0.0001,-0.0006,28.92
4928700855,에스케이스토아주식회사,,,,0.0011,0.0084,0.2809,0.0014,0.0014,0.0001,0.0753,0.0005,,,,0.0073,0.2725,-0.2795,0.0,-0.0013,0.0752,-0.0748,28.9
2028143166,주식회사상보기업,0.0004,0.0002,0.0003,0.0001,0.0001,0.0003,0.0004,0.0006,0.0002,0.0002,0.0003,-0.0002,0.0001,-0.0002,0.0,0.0002,0.0001,0.0002,-0.0004,0.0,0.0001,28.84
1018626796,(주)미래아스팔트,,,,,,,,0.0018,0.0359,0.0241,0.0008,,,,,,,,0.0341,-0.0118,-0.0233,28.68
1068707879,(주)에스라이즈,,,,,,,,0.0013,0.0001,0.0002,0.0003,,,,,,,,-0.0012,0.0001,0.0001,28.68
1068605044,(주)도우정보,0.0017,0.0009,,0.0005,0.0002,0.0003,0.0003,0.0007,0.0002,0.0002,0.0003,-0.0008,,,-0.0003,0.0001,0.0,0.0004,-0.0005,0.0,0.0001,28.55
3148614052,주식회사인창무역,,,,0.0009,0.0005,0.0014,0.0015,0.0005,0.0003,0.0002,0.0003,,,,-0.0004,0.0009,0.0001,-0.001,-0.0002,-0.0001,0.0001,28.53
6048128361,(주)원풍시멘트,,,0.0014,0.0002,0.0003,0.0004,0.0005,0.0005,0.0002,0.0003,0.0003,,,-0.0012,0.0001,0.0001,0.0001,0.0,-0.0003,0.0001,0.0,28.52
2338700159,주식회사에스큐디에이모터스,,,,,0.0017,0.0014,0.0017,0.0019,0.0011,0.0006,0.0006,,,,,-0.0003,0.0003,0.0002,-0.0008,-0.0005,0.0,28.52
1068641619,주식회사더켐,,,,0.0007,0.0004,0.001,0.0004,0.0003,0.0001,0.0004,0.0003,,,,-0.0003,0.0006,-0.0006,-0.0001,-0.0002,0.0003,-0.0001,28.49
1298175887,(주)엠케이씨푸드,,,0.0017,0.0004,0.0006,0.0021,0.002,0.0031,0.4021,0.0093,0.0007,,,-0.0013,0.0002,0.0015,-0.0001,0.0011,0.399,-0.3928,-0.0086,28.48
2108138363,(주)제이디아이무역,,,,,,0.0015,0.0013,0.0015,0.0006,0.0005,0.0005,,,,,,-0.0002,0.0002,-0.0009,-0.0001,0.0,28.47
1398110028,(주)심도유통,,,,,0.0024,0.0016,0.0007,0.0012,0.001,0.0009,0.0006,,,,,-0.0008,-0.0009,0.0005,-0.0002,-0.0001,-0.0003,28.47
1078805852,(주)천하자동차,,,0.0019,0.0009,0.0032,0.0046,0.0008,0.0005,0.0007,0.0005,0.0004,,,-0.001,0.0023,0.0014,-0.0038,-0.0003,0.0002,-0.0002,-0.0001,28.45
2858600774,(주)스페이스로직,,,,,,,0.0005,0.0003,0.0004,0.0003,0.0003,,,,,,,-0.0002,0.0001,-0.0001,0.0,28.45
1268610764,금성농산영농조합법인,,,,,,,,0.0021,0.0599,0.0051,0.0007,,,,,,,,0.0578,-0.0548,-0.0044,28.43
2158185196,(주)유경상사,,,,,,,,0.0011,0.015,0.0044,0.0007,,,,,,,,0.0139,-0.0106,-0.0037,28.37
1068658764,주식회사멜레아,,,,,,,0.0019,0.0004,0.0003,0.0003,0.0003,,,,,,,-0.0015,-0.0001,0.0,0.0,28.37
2158773654,주식회사동양에프티,,,,,,,,0.0016,0.0001,0.0001,0.0003,,,,,,,,-0.0015,0.0,0.0002,28.36
6078134784,피터스포라이프(주),,,,,,,0.0013,0.0005,0.0006,0.0009,0.0003,,,,,,,-0.0008,0.0001,0.0003,-0.0006,28.34
1318128728,주식회사종로,0.0007,0.0004,0.0004,0.0004,0.001,0.0006,0.0007,0.0008,0.0005,0.0004,0.0004,-0.0003,0.0,0.0,0.0006,-0.0004,0.0001,0.0001,-0.0003,-0.0001,0.0,28.31
4088604295,주식회사부지런한사람들행암점,,0.0114,0.0307,0.0031,0.0148,0.0175,,0.0064,0.0011,0.0009,0.0008,,0.0193,-0.0276,0.0117,0.0027,,,-0.0053,-0.0002,-0.0001,28.28
2208144810,자연과학주식회사,,,,,,,,0.0008,0.0001,0.0003,0.0003,,,,,,,,-0.0007,0.0002,0.0,28.27
1138629632,텔콤아이씨피주식회사,,,,,,,,0.0011,0.0002,0.0006,0.0004,,,,,,,,-0.0009,0.0004,-0.0002,28.27
6038175648,오앤피인터내셔널주식회사,,0.0037,0.0015,,,,,0.0003,0.0002,0.014,0.0003,,-0.0022,,,,,,-0.0001,0.0138,-0.0137,28.27
6798800686,(주)더베스트지성,,,,,,0.0008,0.0002,0.0003,0.0002,0.1014,0.0003,,,,,,-0.0006,0.0001,-0.0001,0.1012,-0.1011,28.25
1168146504,대진반도체주식회사,0.3081,0.0006,0.001,0.0835,0.0069,0.0721,0.0018,0.0055,0.0005,0.0005,0.0005,-0.3075,0.0004,0.0825,-0.0766,0.0652,-0.0703,0.0037,-0.005,0.0,0.0,28.21
7888101239,주식회사하이라이트브랜즈,,,,,,,0.0029,0.0016,0.0012,0.0003,0.0004,,,,,,,-0.0013,-0.0004,-0.0009,0.0001,28.21
1938700939,한신윤활유상사주식회사,,,,,,0.0012,0.0004,0.0028,0.0005,0.001,0.0005,,,,,,-0.0008,0.0024,-0.0023,0.0005,-0.0005,28.19
6038170997,주식회사노르딕아이스,,0.0024,0.0003,0.0173,0.0004,0.0008,0.0005,0.0031,0.0003,0.0004,0.0004,,-0.0021,0.017,-0.0169,0.0004,-0.0003,0.0026,-0.0028,0.0001,0.0,28.16
1298647047,비전플러스주식회사,,,,,,,,0.002,0.0001,0.0001,0.0003,,,,,,,,-0.0019,0.0,0.0002,28.13
1388188504,아이펙스주식회사,0.0006,0.0018,0.3309,0.4741,0.0002,0.0006,0.3997,0.0006,0.0003,0.0002,0.0003,0.0012,0.3291,0.1432,-0.4739,0.0004,0.3991,-0.3991,-0.0003,-0.0001,0.0001,28.1
7498700921,강한테크놀러지,,,,,,,,0.001,0.0003,0.0011,0.0004,,,,,,,,-0.0007,0.0008,-0.0007,28.08
2118860625,주식회사에스씨민이노베이션,,,,,,0.001,0.0195,0.003,0.0029,0.0011,0.0007,,,,,,0.0185,-0.0165,-0.0001,-0.0018,-0.0004,28.04
1168138402,(주)동우글로벌,,,,,,,,0.001,0.0005,0.0008,0.0004,,,,,,,,-0.0005,0.0003,-0.0004,28.01
1388141396,주식회사제이씨유코리아,0.0001,0.0001,0.0002,0.0002,0.0,0.0001,0.0002,0.0001,0.0001,0.0001,0.0002,0.0,0.0001,0.0,-0.0002,0.0001,0.0001,-0.0001,0.0,0.0,0.0001,28.0
1278196998,(주)혜인식품,0.0,0.0001,0.0,0.0,0.0,0.0001,0.0001,0.0001,0.0001,0.0001,0.0002,0.0001,-0.0001,0.0,0.0,0.0001,0.0,0.0,0.0,0.0,0.0001,28.0
6218178186,윌헴슨쉽스서비스(주),0.0001,0.0002,0.0002,0.0,0.0002,0.0004,0.0002,0.0001,0.0001,0.0001,0.0002,0.0001,0.0,-0.0002,0.0002,0.0002,-0.0002,-0.0001,0.0,0.0,0.0001,28.0
1208649640,현대시계주식회사,,,,,,,0.0008,0.0001,0.0001,0.0001,0.0002,,,,,,,-0.0007,0.0,0.0,0.0001,28.0
1228604367,(주)대연,0.0001,0.0001,0.0003,0.0003,0.0001,0.0003,0.0001,0.0001,0.0001,0.0001,0.0002,0.0,0.0002,0.0,-0.0002,0.0002,-0.0002,0.0,0.0,0.0,0.0001,28.0
2148856310,주식회사카프솔루션,,,0.0006,0.0001,0.0003,0.0004,0.0003,0.0001,0.0001,0.0001,0.0002,,,-0.0005,0.0002,0.0001,-0.0001,-0.0002,0.0,0.0,0.0001,28.0
2208103288,오공티에스(주),0.0008,0.0005,0.0006,0.0005,0.0003,0.0006,0.0003,0.0001,0.0001,0.0001,0.0002,-0.0003,0.0001,-0.0001,-0.0002,0.0003,-0.0003,-0.0002,0.0,0.0,0.0001,28.0
1358194818,주식회사에스오공조,,,,,,,0.0005,0.0001,0.0001,0.0001,0.0002,,,,,,,-0.0004,0.0,0.0,0.0001,28.0
1208105647,(주)에스에이엠티,0.4454,0.0007,0.001,0.0002,0.0004,0.0017,0.0003,0.0004,0.0002,0.0004,0.0003,-0.4447,0.0003,-0.0008,0.0002,0.0013,-0.0014,0.0001,-0.0002,0.0002,-0.0001,27.98
1208138527,노보노디스크제약주식회사,0.0003,0.0374,0.0472,0.215,0.0001,0.0023,0.0012,0.0004,0.0003,0.0007,0.0003,0.0371,0.0098,0.1678,-0.2149,0.0022,-0.0011,-0.0008,-0.0001,0.0004,-0.0004,27.97
3868701466,주식회사정진코퍼레이션,,,,,,0.0007,0.0001,0.0025,0.0001,0.0001,0.0003,,,,,,-0.0006,0.0024,-0.0024,0.0,0.0002,27.95
1208101942,한무쇼핑주식회사,0.0001,0.0001,0.0002,0.0001,0.0001,0.0005,0.0003,0.0004,0.0003,0.0006,0.0003,0.0,0.0001,-0.0001,0.0,0.0004,-0.0002,0.0001,-0.0001,0.0003,-0.0003,27.91
2088111172,남영상사주식회사,0.0004,0.0004,0.0013,0.0002,0.0006,0.0011,0.0007,0.0007,0.0002,0.0003,0.0003,0.0,0.0009,-0.0011,0.0004,0.0005,-0.0004,0.0,-0.0005,0.0001,0.0,27.9
1058693017,주식회사대현티에프시(DAEHYUNTFC),,,,,,,,0.0018,0.0005,0.0003,0.0004,,,,,,,,-0.0013,-0.0002,0.0001,27.85
6078177653,(주)화승네트웍스,0.0071,0.0007,0.0004,0.0017,0.0038,0.0143,0.002,0.0091,0.0024,0.002,0.0012,-0.0064,-0.0003,0.0013,0.0021,0.0105,-0.0123,0.0071,-0.0067,-0.0004,-0.0008,27.78
1348153508,(주)케이원씨앤씨,,,,,,0.001,0.0006,0.0004,0.0006,0.0003,0.0003,,,,,,-0.0004,-0.0002,0.0002,-0.0003,0.0,27.77
2378101385,주식회사광진솔라이엔지,,,,,,,,0.0027,0.001,0.0008,0.0007,,,,,,,,-0.0017,-0.0002,-0.0001,27.77
6068131353,주식회사서원홀딩스,0.0001,0.0005,0.0002,0.0003,0.0003,0.0008,0.0002,0.0003,0.0004,0.0004,0.0003,0.0004,-0.0003,0.0001,0.0,0.0005,-0.0006,0.0001,0.0001,0.0,-0.0001,27.72
1338115011,(주)현대석유,,,,,0.0013,0.1475,0.0016,0.0035,0.3421,0.0013,0.0005,,,,,0.1462,-0.1459,0.0019,0.3386,-0.3408,-0.0008,27.66
1078646257,시스템어소시에이츠(주),,,,,,,,0.0012,0.0002,0.0491,0.0004,,,,,,,,-0.001,0.0489,-0.0487,27.65
6038162594,(주)우진테크,,,,0.0006,0.0005,0.0007,0.0007,0.0491,0.0004,0.0007,0.0005,,,,-0.0001,0.0002,0.0,0.0484,-0.0487,0.0003,-0.0002,27.63
6068157955,(주)동원특강,0.0004,0.0002,0.0006,0.0002,0.0002,0.0007,0.0008,0.0004,0.0002,0.0313,0.0003,-0.0002,0.0004,-0.0004,0.0,0.0005,0.0001,-0.0004,-0.0002,0.0311,-0.031,27.56
1328111628,구리청과주식회사,0.0007,0.0005,0.0001,0.0025,0.0003,0.0003,0.0005,0.0005,0.0002,0.0004,0.0003,-0.0002,-0.0004,0.0024,-0.0022,0.0,0.0002,0.0,-0.0003,0.0002,-0.0001,27.55
1138620591,에스원이엔지(주),,,,,,,,0.0014,0.0002,0.0001,0.0003,,,,,,,,-0.0012,-0.0001,0.0002,27.53
3018168727,아이팜(주),,,,,,0.0009,0.0007,0.0024,0.0015,0.0008,0.0007,,,,,,-0.0002,0.0017,-0.0009,-0.0007,-0.0001,27.49
1018607256,본아이에프주식회사,0.0006,0.0016,0.0003,0.0001,0.0003,0.132,0.0049,0.0014,0.0004,0.0008,0.0004,0.001,-0.0013,-0.0002,0.0002,0.1317,-0.1271,-0.0035,-0.001,0.0004,-0.0004,27.44
6618100333,주식회사티에프오네트웍스,,,,,0.0024,,0.0003,0.0006,0.2158,0.0006,0.0004,,,,,,,0.0003,0.2152,-0.2152,-0.0002,27.43
2148861093,(주)다올로지스틱,,,,,,,,0.0002,0.0001,0.0,0.0002,,,,,,,,-0.0001,-0.0001,0.0002,27.4
5048158003,(주)영신에프에이,,,,0.0004,0.0003,0.0008,0.0005,0.0001,0.0002,0.0001,0.0002,,,,-0.0001,0.0005,-0.0003,-0.0004,0.0001,-0.0001,0.0001,27.37
1068136159,한국존슨앤드존슨메디칼주식회사,0.57,0.8137,0.0009,0.0003,0.0002,0.0006,0.0001,0.0001,0.0002,0.0001,0.0002,0.2437,-0.8128,-0.0006,-0.0001,0.0004,-0.0005,0.0,0.0001,-0.0001,0.0001,27.37
2048611312,(주)헬스하우스,,,,,,0.0008,0.0002,0.0001,0.0001,0.0002,0.0002,,,,,,-0.0006,-0.0001,0.0,0.0001,0.0,27.35
1068653279,주식회사랜오아시스,,,,,,,0.0007,0.0001,0.0001,0.0002,0.0002,,,,,,,-0.0006,0.0,0.0001,0.0,27.35
7828801579,주식회사휴롬엘에스,,,,,,0.0005,0.0001,0.0001,0.0001,0.0002,0.0002,,,,,,-0.0004,0.0,0.0,0.0001,0.0,27.35
1208702701,(주)써지케어,,,,,,0.0004,0.0001,0.0001,0.0001,0.0002,0.0002,,,,,,-0.0003,0.0,0.0,0.0001,0.0,27.35
1288646384,(주)에이치비월드,,0.0025,0.0021,0.0016,0.0206,0.0038,0.0025,0.0086,0.0018,0.0018,0.0008,,-0.0004,-0.0005,0.019,-0.0168,-0.0013,0.0061,-0.0068,0.0,-0.001,27.3
2068640318,(주)트레이딩포스트,,,,,,,0.0004,0.0002,0.0001,0.0001,0.0002,,,,,,,-0.0002,-0.0001,0.0,0.0001,27.29
1268151585,선우ENG주식회사,,,,,,0.0005,0.0001,0.0002,0.0001,0.0001,0.0002,,,,,,-0.0004,0.0001,-0.0001,0.0,0.0001,27.29
1078190272,대원이노베이션(주),0.0001,0.0002,0.0001,0.0001,0.0001,0.0004,0.0001,0.0002,0.0001,0.0001,0.0002,0.0001,-0.0001,0.0,0.0,0.0003,-0.0003,0.0001,-0.0001,0.0,0.0001,27.29
1098152541,한국엔드레스하우저주식회사,0.0002,0.0,0.0002,0.0006,0.0001,0.0002,0.0001,0.0002,0.0001,0.0001,0.0002,-0.0002,0.0002,0.0004,-0.0005,0.0001,-0.0001,0.0001,-0.0001,0.0,0.0001,27.29
2208786374,디알씨티에스(주),,,,,,0.0011,0.0001,0.0002,0.0001,0.0001,0.0002,,,,,,-0.001,0.0001,-0.0001,0.0,0.0001,27.29
5018116173,크레텍(주),0.0262,0.0162,0.0078,0.0001,0.0001,0.0002,0.0002,0.0002,0.0001,0.0001,0.0002,-0.01,-0.0084,-0.0077,0.0,0.0001,0.0,0.0,-0.0001,0.0,0.0001,27.29
2158103438,서울청과주식회사,0.0002,0.0001,0.0001,0.0,0.0001,0.0003,0.0003,0.0002,0.0001,0.0001,0.0002,-0.0001,0.0,-0.0001,0.0001,0.0002,0.0,-0.0001,-0.0001,0.0,0.0001,27.29
2208109512,한국미쓰도요주식회사,0.0001,0.0001,0.0003,0.0001,0.0002,0.0005,0.0003,0.0002,0.0001,0.0001,0.0002,0.0,0.0002,-0.0002,0.0001,0.0003,-0.0002,-0.0001,-0.0001,0.0,0.0001,27.29
2198110964,(주)한길통상,,,,,,0.0013,0.0002,0.0002,0.0001,0.0001,0.0002,,,,,,-0.0011,0.0,-0.0001,0.0,0.0001,27.29
1078157216,(주)엘케이마끼다총판,0.0,0.0001,0.0001,0.0001,0.0001,0.0001,0.0001,0.0002,0.0001,0.0001,0.0002,0.0001,0.0,0.0,0.0,0.0,0.0,0.0001,-0.0001,0.0,0.0001,27.29
1228150890,주식회사제트에프코리아,0.0001,0.0002,0.0004,0.0002,0.0002,0.0003,0.0001,0.0002,0.0001,0.0001,0.0002,0.0001,0.0002,-0.0002,0.0,0.0001,-0.0002,0.0001,-0.0001,0.0,0.0001,27.29
2148133939,(주)세일인터내쇼날,0.0,0.0001,0.0001,0.0001,0.0,0.0005,0.0003,0.0002,0.0001,0.0001,0.0002,0.0001,0.0,0.0,-0.0001,0.0005,-0.0002,-0.0001,-0.0001,0.0,0.0001,27.29
2148713497,(주)프리미어테크니컬세일즈코리아,,,,,,0.0004,0.0001,0.0002,0.0001,0.0001,0.0002,,,,,,-0.0003,0.0001,-0.0001,0.0,0.0001,27.29
2148641337,주식회사탑메디칼,0.0,0.0003,0.0001,0.0001,0.0001,0.0002,0.0002,0.0002,0.0001,0.0001,0.0002,0.0003,-0.0002,0.0,0.0,0.0001,0.0,0.0,-0.0001,0.0,0.0001,27.29
1108135498,(주)스크린에이치디코리아,0.0,0.0001,0.0002,0.0002,0.0003,0.0002,0.0002,0.0002,0.0001,0.0001,0.0002,0.0001,0.0001,0.0,0.0001,-0.0001,0.0,0.0,-0.0001,0.0,0.0001,27.29
1218121316,주식회사화인통상,0.0003,0.0007,0.0007,0.0003,0.0005,0.0004,0.0003,0.0002,0.0001,0.0001,0.0002,0.0004,0.0,-0.0004,0.0002,-0.0001,-0.0001,-0.0001,-0.0001,0.0,0.0001,27.29
1208167925,(주)새빛맥스,,,,0.0002,0.0001,0.0003,0.0002,0.0002,0.0001,0.0001,0.0002,,,,-0.0001,0.0002,-0.0001,0.0,-0.0001,0.0,0.0001,27.29
2048105227,태왕물산(주),,,,,0.0002,0.0002,0.0002,0.0002,0.0001,0.0001,0.0002,,,,,0.0,0.0,0.0,-0.0001,0.0,0.0001,27.29
3338701782,트리메디칼주식회사,,,,,,,0.0007,0.0002,0.0001,0.0001,0.0002,,,,,,,-0.0005,-0.0001,0.0,0.0001,27.29
6048108536,(주)보성엔지니어링,0.0001,0.0002,0.0001,0.0001,0.0001,0.0005,0.0002,0.0002,0.0001,0.0001,0.0002,0.0001,-0.0001,0.0,0.0,0.0004,-0.0003,0.0,-0.0001,0.0,0.0001,27.29
8938800792,(주)비지에프리테일,,,,0.0007,0.0002,0.0004,0.0003,0.0004,0.0004,0.0004,0.0003,,,,-0.0005,0.0002,-0.0001,0.0001,0.0,0.0,-0.0001,27.28
4758700302,주식회사오엠알오,,,,,,0.0006,0.0006,0.001,0.0007,0.0008,0.0004,,,,,,0.0,0.0004,-0.0003,0.0001,-0.0004,27.27
1358620742,주식회사케이디엘,,,,,,,,0.001,0.0002,0.0003,0.0003,,,,,,,,-0.0008,0.0001,0.0,27.27
6068194644,(주)어플라이드케미칼세일,0.0024,0.0004,0.0005,0.0003,0.0005,0.0007,0.0003,0.0006,0.0003,0.0003,0.0003,-0.002,0.0001,-0.0002,0.0002,0.0002,-0.0004,0.0003,-0.0003,0.0,0.0,27.25
1018151140,(주)사운드솔루션,0.0002,0.0002,0.0005,0.0003,0.0002,0.0005,0.0006,0.0006,0.0003,0.0003,0.0003,0.0,0.0003,-0.0002,-0.0001,0.0003,0.0001,0.0,-0.0003,0.0,0.0,27.25
5018117191,크레텍웰딩주식회사,0.0003,0.0005,0.0008,0.0002,0.0003,0.0008,0.0002,0.0006,0.0002,0.0004,0.0003,0.0002,0.0003,-0.0006,0.0001,0.0005,-0.0006,0.0004,-0.0004,0.0002,-0.0001,27.23
5038616174,(주)세진,,0.0012,0.0001,0.0001,0.0003,0.0006,0.0001,0.0007,0.0001,0.0004,0.0003,,-0.0011,0.0,0.0002,0.0003,-0.0005,0.0006,-0.0006,0.0003,-0.0001,27.19
1498702094,주식회사비케이씨머티리얼,,,,,,,,0.0019,0.0003,0.001,0.0004,,,,,,,,-0.0016,0.0007,-0.0006,27.11
1148624440,제이엘메드(주),,,,0.0008,0.0007,0.0017,0.0161,0.0502,0.0001,0.0001,0.0003,,,,-0.0001,0.001,0.0144,0.0341,-0.0501,0.0,0.0002,27.11
6648600851,주식회사케이이노텍,,,,,,0.0008,0.0003,0.0816,0.0042,0.0083,0.0005,,,,,,-0.0005,0.0813,-0.0774,0.0041,-0.0078,27.07
2118712091,(주)스타바이오,0.002,0.0003,0.0001,0.0001,0.0002,0.0008,0.0006,0.0009,0.0011,0.0003,0.0003,-0.0017,-0.0002,0.0,0.0001,0.0006,-0.0002,0.0003,0.0002,-0.0008,0.0,27.05
1288124575,주식회사에이피텍,0.0005,0.0006,0.0003,0.0001,0.0001,0.0005,0.0002,0.0001,0.0003,0.0001,0.0002,0.0001,-0.0003,-0.0002,0.0,0.0004,-0.0003,-0.0001,0.0002,-0.0002,0.0001,27.05
1238197525,(주)코랄인터내셔널,,,,,,0.002,0.0005,0.0013,0.0057,0.0013,0.0005,,,,,,-0.0015,0.0008,0.0044,-0.0044,-0.0008,27.03
1088601535,주식회사명륜당,,,,,,0.0007,0.0002,0.0002,0.0005,0.0004,0.0003,,,,,,-0.0005,0.0,0.0003,-0.0001,-0.0001,27.01
4638801004,셀마크한국주식회사,,,,,0.0006,0.0072,0.0218,0.0322,0.0168,0.0127,0.0018,,,,,0.0066,0.0146,0.0104,-0.0154,-0.0041,-0.0109,27.01
6078179078,(주)한샘특판부산경남대리점,,,,,,,,0.0012,0.0002,0.0003,0.0003,,,,,,,,-0.001,0.0001,0.0,26.98
1428124829,주식회사덕산케미칼,,,,,,,,0.0008,0.0001,0.0004,0.0003,,,,,,,,-0.0007,0.0003,-0.0001,26.97
1388123743,다스코리아(주),,,,0.0016,0.0002,0.4566,0.5501,0.0007,0.0003,0.0003,0.0003,,,,-0.0014,0.4564,0.0935,-0.5494,-0.0004,0.0,0.0,26.93
2158144555,대아청과(주),0.0599,0.0002,0.0002,0.0,0.0002,0.0031,0.0002,0.0002,0.0002,0.0001,0.0002,-0.0597,0.0,-0.0002,0.0002,0.0029,-0.0029,0.0,0.0,-0.0001,0.0001,26.93
1208796816,(주)한국에스리,,0.0016,0.0009,0.0001,0.0001,0.0003,0.0001,0.0002,0.0002,0.0001,0.0002,,-0.0007,-0.0008,0.0,0.0002,-0.0002,0.0001,0.0,-0.0001,0.0001,26.93
1318136077,거해슈레다공업(주),0.1115,0.0673,0.4025,0.0032,0.0007,0.0011,0.0005,0.0006,0.0001,0.0005,0.0003,-0.0442,0.3352,-0.3993,-0.0025,0.0004,-0.0006,0.0001,-0.0005,0.0004,-0.0002,26.93
2208114320,(주)영주양행,,,,,0.0003,0.0005,0.0001,0.0002,0.0002,0.0001,0.0002,,,,,0.0002,-0.0004,0.0001,0.0,-0.0001,0.0001,26.93
2208119723,주식회사유창에프씨,0.0002,0.0002,0.0002,0.0001,0.028,0.0007,0.0002,0.0002,0.0002,0.0001,0.0002,0.0,0.0,-0.0001,0.0279,-0.0273,-0.0005,0.0,0.0,-0.0001,0.0001,26.93
1238645774,아카디안테크놀로지코포레이션,,,,,,,0.0009,0.0096,0.0012,0.0002,0.0004,,,,,,,0.0087,-0.0084,-0.001,0.0002,26.81
3018130366,해성약품주식회사,0.0003,0.0003,0.0005,0.0014,0.0002,0.0005,0.0005,0.0132,0.1597,0.0001,0.0002,0.0,0.0002,0.0009,-0.0012,0.0003,0.0,0.0127,0.1465,-0.1596,0.0001,26.79
8098101574,씨제이올리브영주식회사,,,,,,0.0008,0.0005,0.0013,0.0005,0.0006,0.0004,,,,,,-0.0003,0.0008,-0.0008,0.0001,-0.0002,26.71
1228170334,철은인터내셔날주식회사,,,,,,0.0005,0.0003,0.0691,0.0009,0.0015,0.0005,,,,,,-0.0002,0.0688,-0.0682,0.0006,-0.001,26.68
2148719701,주식회사명진팜,0.0002,0.0003,0.0004,0.0002,0.0001,0.0004,0.0002,0.0002,0.0004,0.0001,0.0002,0.0001,0.0001,-0.0002,-0.0001,0.0003,-0.0002,0.0,0.0002,-0.0003,0.0001,26.68
1308192983,(주)와이즈컴,,,,,0.0008,0.0002,0.0001,0.0007,0.0001,0.0005,0.0003,,,,,-0.0006,-0.0001,0.0006,-0.0006,0.0004,-0.0002,26.68
1168112528,에스케이가스(주),0.0007,0.0028,0.0016,0.0015,0.0136,0.0019,0.0015,0.0031,0.0004,0.0017,0.0004,0.0021,-0.0012,-0.0001,0.0121,-0.0117,-0.0004,0.0016,-0.0027,0.0013,-0.0013,26.65
1138611485,한국유켄공업(주),0.0002,0.0002,0.0002,0.0002,0.0001,0.0005,0.0002,0.0002,0.0001,0.0002,0.0002,0.0,0.0,0.0,-0.0001,0.0004,-0.0003,0.0,-0.0001,0.0001,0.0,26.64
2148166798,지보단코리아(주),,,,,,0.0002,0.0002,0.0002,0.0001,0.0002,0.0002,,,,,,0.0,0.0,-0.0001,0.0001,0.0,26.64
2668800272,주식회사더메종,,,,,,,0.0004,0.0002,0.0001,0.0002,0.0002,,,,,,,-0.0002,-0.0001,0.0001,0.0,26.64
2158756882,(주)화신세라믹,,,0.0004,0.0001,0.0001,0.0005,0.0001,0.0002,0.0001,0.0002,0.0002,,,-0.0003,0.0,0.0004,-0.0004,0.0001,-0.0001,0.0001,0.0,26.64
1058644587,(주)아이템베이,0.0006,0.0018,0.0003,0.0002,0.0002,0.0003,0.0001,0.0002,0.0001,0.0002,0.0002,0.0012,-0.0015,-0.0001,0.0,0.0001,-0.0002,0.0001,-0.0001,0.0001,0.0,26.64
6178622811,(주)고래사,,,,,0.0007,0.0009,0.0019,0.0008,0.0003,0.0003,0.0003,,,,,0.0002,0.001,-0.0011,-0.0005,0.0,0.0,26.64
2118830441,티에스인터내셔날코리아(주),0.0003,0.0001,0.0001,0.0,0.0001,0.0001,0.0001,0.0002,0.0001,0.0002,0.0002,-0.0002,0.0,-0.0001,0.0001,0.0,0.0,0.0001,-0.0001,0.0001,0.0,26.64
3088119187,(주)충청오토,0.0001,0.0002,0.0002,0.0003,0.0001,0.0006,0.0003,0.0002,0.0001,0.0002,0.0002,0.0001,0.0,0.0001,-0.0002,0.0005,-0.0003,-0.0001,-0.0001,0.0001,0.0,26.64
1208128636,(주)삼오제약,0.0001,0.0002,0.0001,0.0001,0.0001,0.0004,0.0001,0.0002,0.0001,0.0002,0.0002,0.0001,-0.0001,0.0,0.0,0.0003,-0.0003,0.0001,-0.0001,0.0001,0.0,26.64
1188117193,영일산기(주),,,,0.0004,0.0001,0.0002,0.0003,0.0002,0.0001,0.0002,0.0002,,,,-0.0003,0.0001,0.0001,-0.0001,-0.0001,0.0001,0.0,26.64
1178111293,주식회사글로벌컨셉츠코리아,0.0003,0.0005,0.0009,0.54,0.0062,0.0012,0.0052,0.0456,0.0017,0.431,0.0004,0.0002,0.0004,0.5391,-0.5338,-0.005,0.004,0.0404,-0.0439,0.4293,-0.4306,26.61
1048129161,한국이토추(주),0.0003,0.0002,0.0003,0.0001,0.0001,0.0002,0.0003,0.0003,0.0001,0.0001,0.0002,-0.0001,0.0001,-0.0002,0.0,0.0001,0.0001,0.0,-0.0002,0.0,0.0001,26.6
2098113912,강신산업주식회사,0.0004,0.0004,0.0001,0.0002,0.0001,0.0003,0.0002,0.0003,0.0001,0.0001,0.0002,0.0,-0.0003,0.0001,-0.0001,0.0002,-0.0001,0.0001,-0.0002,0.0,0.0001,26.6
3108106313,주식회사보람,,,,,,0.0004,0.0002,0.0003,0.0001,0.0001,0.0002,,,,,,-0.0002,0.0001,-0.0002,0.0,0.0001,26.6
1308625742,(주)이시다코리아,,,,0.0005,0.0001,0.0003,0.0002,0.0003,0.0001,0.0001,0.0002,,,,-0.0004,0.0002,-0.0001,0.0001,-0.0002,0.0,0.0001,26.6
1058642366,월드켐코퍼레이션주식회사,,,,,,0.009,0.0009,0.0003,0.0001,0.0001,0.0002,,,,,,-0.0081,-0.0006,-0.0002,0.0,0.0001,26.6
1078769257,드롱기코리아주식회사,,,0.0006,0.034,0.0023,0.0011,0.0001,0.0003,0.0001,0.0001,0.0002,,,0.0334,-0.0317,-0.0012,-0.001,0.0002,-0.0002,0.0,0.0001,26.6
1298616355,(주)제이에이치라이팅,,,,,0.0005,0.0006,0.0002,0.0003,0.0001,0.0001,0.0002,,,,,0.0001,-0.0004,0.0001,-0.0002,0.0,0.0001,26.6
1148644198,(주)아이케어,0.0005,0.0005,0.0014,0.0009,0.0005,0.0006,,0.0003,0.0001,0.0001,0.0002,0.0,0.0009,-0.0005,-0.0004,0.0001,,,-0.0002,0.0,0.0001,26.6
2018177931,(주)아그루코리아,,,,0.0004,0.0001,0.0002,0.0002,0.0003,0.0001,0.0001,0.0002,,,,-0.0003,0.0001,0.0,0.0001,-0.0002,0.0,0.0001,26.6
1198617662,주식회사엠토스솔루션스,,,,,0.0005,0.0004,0.0011,0.0005,0.0004,0.0004,0.0003,,,,,-0.0001,0.0007,-0.0006,-0.0001,0.0,-0.0001,26.57
1238190497,(주)윈윈스포츠,0.0026,0.0023,0.0011,0.003,0.0014,0.0045,0.0014,0.001,0.0005,0.0002,0.0003,-0.0003,-0.0012,0.0019,-0.0016,0.0031,-0.0031,-0.0004,-0.0005,-0.0003,0.0001,26.57
1018116269,현대코퍼레이션(주),0.0707,0.0382,0.0077,0.0153,0.0011,0.0059,0.0015,0.0068,0.0027,0.0024,0.001,-0.0325,-0.0305,0.0076,-0.0142,0.0048,-0.0044,0.0053,-0.0041,-0.0003,-0.0014,26.57
2108134673,(주)동북쇼핑,0.0034,0.005,0.0035,0.002,0.0013,0.0035,0.002,0.0007,0.0002,0.0005,0.0003,0.0016,-0.0015,-0.0015,-0.0007,0.0022,-0.0015,-0.0013,-0.0005,0.0003,-0.0002,26.57
1228195427,(주)동진팜,0.0012,0.0004,0.0008,0.2037,0.0049,0.0004,0.0004,0.0007,0.0002,0.0006,0.0003,-0.0008,0.0004,0.2029,-0.1988,-0.0045,0.0,0.0003,-0.0005,0.0004,-0.0003,26.53
1098165463,미래생활,0.0002,0.0004,0.001,0.0001,0.0057,0.0009,0.0002,0.0001,0.0002,0.0002,0.0002,0.0002,0.0006,-0.0009,0.0056,-0.0048,-0.0007,-0.0001,0.0001,0.0,0.0,26.52
4088162378,(주)가영세라믹스,,,,,,0.0013,0.0003,0.0001,0.0002,0.0002,0.0002,,,,,,-0.001,-0.0002,0.0001,0.0,0.0,26.52
1198600384,대한주정라이프(주),,,,,,,0.0004,0.0001,0.0002,0.0002,0.0002,,,,,,,-0.0003,0.0001,0.0,0.0,26.52
1278173035,주식회사대광유리,,,,0.0006,0.001,0.0025,0.0004,0.0008,0.0001,0.0005,0.0003,,,,0.0004,0.0015,-0.0021,0.0004,-0.0007,0.0004,-0.0002,26.45
4088187006,주식회사풍년종합상사,,,,,,,,0.001,0.0005,0.0027,0.0003,,,,,,,,-0.0005,0.0022,-0.0024,26.43
1078722927,주식회사베스트부품,,,,,,,,0.0028,0.0004,0.0006,0.0004,,,,,,,,-0.0024,0.0002,-0.0002,26.4
2068704075,(주)글로젠,,,0.0033,0.007,0.0017,0.0023,0.0009,0.0007,0.0006,0.0003,0.0003,,,0.0037,-0.0053,0.0006,-0.0014,-0.0002,-0.0001,-0.0003,0.0,26.39
2648129764,주식회사모림,,0.0032,0.0029,0.263,0.0016,0.0015,0.0004,0.0009,0.0005,0.0012,0.0003,,-0.0003,0.2601,-0.2614,-0.0001,-0.0011,0.0005,-0.0004,0.0007,-0.0009,26.29
6138161194,주식회사영남농산,0.0018,0.0008,,,,,,0.0003,0.0002,0.0001,0.0002,-0.001,,,,,,,-0.0001,-0.0001,0.0001,26.22
1138143191,다보코퍼레이션(주),0.0001,0.0003,0.0001,0.0003,0.0006,0.0006,0.0006,0.0005,0.0005,0.0004,0.0003,0.0002,-0.0002,0.0002,0.0003,0.0,0.0,-0.0001,0.0,-0.0001,-0.0001,26.21
5748801847,주식회사밸류프로,,,,,,,0.001,0.0001,0.0003,0.0009,0.0002,,,,,,,-0.0009,0.0002,0.0006,-0.0007,26.2
6218166735,실버스타케미칼(주),,,,,,,,0.0008,0.0002,0.001,0.0003,,,,,,,,-0.0006,0.0008,-0.0007,26.18
3178136744,(주)진선메디칼,,,,,,,,0.0015,0.0001,0.0004,0.0003,,,,,,,,-0.0014,0.0003,-0.0001,26.15
1328624093,주식회사푸드올마켓,0.0012,0.0007,0.0016,0.0029,0.0006,0.0011,0.0005,0.0008,0.0007,0.0003,0.0003,-0.0005,0.0009,0.0013,-0.0023,0.0005,-0.0006,0.0003,-0.0001,-0.0004,0.0,26.14
1048115876,주식회사오쎄,0.0008,0.0004,0.0276,0.0048,0.0087,0.0039,0.0012,0.0016,0.0029,0.0001,0.0002,-0.0004,0.0272,-0.0228,0.0039,-0.0048,-0.0027,0.0004,0.0013,-0.0028,0.0001,26.11
6028118362,(주)한인코리아,,,,,0.0005,0.0018,0.0023,0.0025,0.0026,0.0021,0.0005,,,,,0.0013,0.0005,0.0002,0.0001,-0.0005,-0.0016,26.08
1208615723,(주)드림디포문구유통,,,,,,0.0003,0.0002,0.0002,0.0002,0.0002,0.0002,,,,,,-0.0001,0.0,0.0,0.0,0.0,26.08
1318111815,주식회사잔치,,,0.0011,0.0002,0.0002,0.0005,0.0004,0.0015,0.0005,0.0005,0.0004,,,-0.0009,0.0,0.0003,-0.0001,0.0011,-0.001,0.0,-0.0001,26.03
1058650906,주식회사제이웨이브,,,,,,,0.0004,0.0001,0.0001,0.0004,0.0002,,,,,,,-0.0003,0.0,0.0003,-0.0002,26.02
2158191209,(주)아스템즈,,,,,,0.0015,0.0003,0.0012,0.0002,0.0004,0.0003,,,,,,-0.0012,0.0009,-0.001,0.0002,-0.0001,26.01
2208783590,(주)아성에이치엠피,0.0008,0.0009,0.0013,0.0002,0.0001,0.0004,0.0005,0.0001,0.0002,0.0003,0.0002,0.0001,0.0004,-0.0011,-0.0001,0.0003,0.0001,-0.0004,0.0001,0.0001,-0.0001,25.98
1208784703,한상인터내셔날주식회사,,,,,,0.0007,0.0002,0.0001,0.0001,0.0005,0.0002,,,,,,-0.0005,-0.0001,0.0,0.0004,-0.0003,25.98
1208184185,(주)텍스마스타,0.0004,,0.0001,0.0001,0.0002,0.0006,0.0001,0.0002,0.0002,0.0036,0.0002,,,0.0,0.0001,0.0004,-0.0005,0.0001,0.0,0.0034,-0.0034,25.97
5068193215,주식회사미래세미컨덕터,,,,,,,,0.002,0.0003,0.0002,0.0003,,,,,,,,-0.0017,-0.0001,0.0001,25.97
2938700637,(주)애드크로스,,,,,,,,0.0003,0.0001,0.0002,0.0002,,,,,,,,-0.0002,0.0001,0.0,25.95
2208653823,제이비에너텍주식회사,0.0002,0.0002,0.0001,0.0003,0.0004,0.0008,0.0002,0.0003,0.0001,0.0002,0.0002,0.0,-0.0001,0.0002,0.0001,0.0004,-0.0006,0.0001,-0.0002,0.0001,0.0,25.95
1318629678,(주)제이에스코리아,,,,,,0.0006,0.0003,0.0003,0.0001,0.0002,0.0002,,,,,,-0.0003,0.0,-0.0002,0.0001,0.0,25.95
1208664393,주식회사아이닛,,,,,,0.0008,0.0003,0.0003,0.0001,0.0002,0.0002,,,,,,-0.0005,0.0,-0.0002,0.0001,0.0,25.95
1208156675,뉴스킨코리아(주),0.0004,0.0001,0.0007,0.0003,0.0003,0.0005,0.0002,0.0003,0.0001,0.0002,0.0002,-0.0003,0.0006,-0.0004,0.0,0.0002,-0.0003,0.0001,-0.0002,0.0001,0.0,25.95
1208114904,(주)퓨라토스코리아,0.0001,0.0002,0.0001,0.0,0.0001,0.0011,0.0003,0.0003,0.0001,0.0002,0.0002,0.0001,-0.0001,-0.0001,0.0001,0.001,-0.0008,0.0,-0.0002,0.0001,0.0,25.95
3518100872,주식회사보탬,,,,,,,0.0005,0.0003,0.0001,0.0002,0.0002,,,,,,,-0.0002,-0.0002,0.0001,0.0,25.95
1078792990,(주)에버홈,,,,,,,0.0002,0.0002,0.0933,0.0004,0.0003,,,,,,,0.0,0.0931,-0.0929,-0.0001,25.94
4028161333,(주)진모터스,0.0005,0.0006,0.0004,0.0009,0.0005,0.0006,0.0003,0.0011,0.0004,0.063,0.0003,0.0001,-0.0002,0.0005,-0.0004,0.0001,-0.0003,0.0008,-0.0007,0.0626,-0.0627,25.94
2128122703,서일산업(주),,,0.0007,0.0006,0.001,0.0015,0.0013,0.0047,0.0018,0.0014,0.0008,,,-0.0001,0.0004,0.0005,-0.0002,0.0034,-0.0029,-0.0004,-0.0006,25.92
1378153400,(주)엠에스아이코리아,,,0.001,0.0018,0.0003,0.0008,0.0002,0.0006,0.0688,0.0004,0.0003,,,0.0008,-0.0015,0.0005,-0.0006,0.0004,0.0682,-0.0684,-0.0001,25.9
1198128198,후지유통(주),0.0244,0.0258,0.0061,0.0008,0.0022,0.0003,0.0122,0.009,0.0003,0.0001,0.0003,0.0014,-0.0197,-0.0053,0.0014,-0.0019,0.0119,-0.0032,-0.0087,-0.0002,0.0002,25.87
3128605988,젠썸코리아주식회사,0.0006,0.0,0.0001,0.0001,0.0001,0.0045,0.0007,0.0005,0.0001,0.0001,0.0002,-0.0006,0.0001,0.0,0.0,0.0044,-0.0038,-0.0002,-0.0004,0.0,0.0001,25.84
3758100863,주식회사에이치유지,,,,,,,,0.0005,0.0001,0.0001,0.0002,,,,,,,,-0.0004,0.0,0.0001,25.84
1068674819,(주)명보아이엔씨,0.0273,0.0014,0.0003,0.0001,0.0002,0.0004,0.0002,0.0005,0.0001,0.0001,0.0002,-0.0259,-0.0011,-0.0002,0.0001,0.0002,-0.0002,0.0003,-0.0004,0.0,0.0001,25.84
1118127555,(주)원풍약품상사,0.0003,0.0003,0.0004,0.0001,0.0002,0.0004,0.0005,0.0005,0.0001,0.0001,0.0002,0.0,0.0001,-0.0003,0.0001,0.0002,0.0001,0.0,-0.0004,0.0,0.0001,25.84
1298190587,마부치모타코리아주식회사,0.0002,0.0005,0.0006,0.0006,0.0002,0.001,0.0007,0.0009,0.0003,0.0005,0.0003,0.0003,0.0001,0.0,-0.0004,0.0008,-0.0003,0.0002,-0.0006,0.0002,-0.0002,25.81
7828601726,주식회사큐앤드비인터내셔날,,,,,,,,0.0005,0.0,0.0002,0.0002,,,,,,,,-0.0005,0.0002,0.0,25.74
1028100663,에스앤에스아이앤씨(주),0.0004,0.0027,0.0036,0.0016,0.0037,0.05,0.5577,0.9107,0.0197,0.0063,0.0016,0.0023,0.0009,-0.002,0.0021,0.0463,0.5077,0.353,-0.891,-0.0134,-0.0047,25.69
1248691024,주식회사와이씨에이엠,,,,,0.0005,0.0002,0.0002,0.0001,0.0003,0.0002,0.0002,,,,,-0.0003,0.0,-0.0001,0.0002,-0.0001,0.0,25.68
4108153794,주식회사한신스틸산업,,,,,,,0.0004,0.0002,0.0001,0.0003,0.0002,,,,,,,-0.0002,-0.0001,0.0002,-0.0001,25.67
1078647824,만호폴리머(주),0.0003,0.0003,0.0003,0.0003,0.0002,0.0007,0.0003,0.0002,0.0001,0.0003,0.0002,0.0,0.0,0.0,-0.0001,0.0005,-0.0004,-0.0001,-0.0001,0.0002,-0.0001,25.67
2148883608,오포물류(주),,,,0.0028,0.0751,0.8318,0.0277,0.1292,0.0028,0.0417,0.0004,,,,0.0723,0.7567,-0.8041,0.1015,-0.1264,0.0389,-0.0413,25.65
1408139495,(주)열매마을,,,,,,0.0006,0.0004,0.0004,0.003,0.0004,0.0003,,,,,,-0.0002,0.0,0.0026,-0.0026,-0.0001,25.65
5028616211,주식회사선진펫,,,,,,,0.0007,0.0002,0.0002,0.0003,0.0002,,,,,,,-0.0005,0.0,0.0001,-0.0001,25.55
2018111787,(주)아이에스에이상사,0.0002,0.0003,0.0002,0.0002,0.0004,0.0005,0.0002,0.0002,0.0002,0.0003,0.0002,0.0001,-0.0001,0.0,0.0002,0.0001,-0.0003,0.0,0.0,0.0001,-0.0001,25.55
1068169683,(주)아성테크노,0.0002,0.0001,0.0307,0.0006,0.0002,0.0004,0.0003,0.0002,0.0002,0.0003,0.0002,-0.0001,0.0306,-0.0301,-0.0004,0.0002,-0.0001,-0.0001,0.0,0.0001,-0.0001,25.55
1358647270,(주)맥타무역,,,,,,0.0006,0.0002,0.0006,0.0001,0.0001,0.0002,,,,,,-0.0004,0.0004,-0.0005,0.0,0.0001,25.55
1058632005,대용무역(주),0.0004,0.0002,0.0001,0.0001,0.0001,0.0004,0.0006,0.0002,0.0002,0.0003,0.0002,-0.0002,-0.0001,0.0,0.0,0.0003,0.0002,-0.0004,0.0,0.0001,-0.0001,25.55
2208734935,르네사스일렉트로닉스한국주식회사,0.0007,0.0008,0.0009,0.0009,0.0005,0.0038,0.0005,0.0006,0.0001,0.0001,0.0002,0.0001,0.0001,0.0,-0.0004,0.0033,-0.0033,0.0001,-0.0005,0.0,0.0001,25.55
2208150122,(주)두맥스,,,,,,0.0007,0.0004,0.0004,0.0002,0.0001,0.0002,,,,,,-0.0003,0.0,-0.0002,-0.0001,0.0001,25.53
1348104384,주식회사라성,0.0007,0.0017,0.0023,0.0006,0.0005,0.0019,0.0005,0.0004,0.0001,0.0002,0.0002,0.001,0.0006,-0.0017,-0.0001,0.0014,-0.0014,-0.0001,-0.0003,0.0001,0.0,25.52
2158737304,선우마케팅주식회사,,,,0.0011,0.0006,0.002,0.0016,0.0024,0.0063,0.0011,0.0004,,,,-0.0005,0.0014,-0.0004,0.0008,0.0039,-0.0052,-0.0007,25.52
5028108832,주식회사동원약품,0.0003,0.0001,0.0003,0.0002,0.0002,0.0004,0.0003,0.0004,0.0001,0.0002,0.0002,-0.0002,0.0002,-0.0001,0.0,0.0002,-0.0001,0.0001,-0.0003,0.0001,0.0,25.52
1288613689,(주)아펙스다이나믹스코리아아이엔시,,,,0.0004,0.0001,0.0002,0.0003,0.0004,0.0001,0.0002,0.0002,,,,-0.0003,0.0001,0.0001,0.0001,-0.0003,0.0001,0.0,25.52
6138152583,(주)펜타코리아,0.0003,0.0007,0.0002,0.0003,0.0001,0.0011,0.0006,0.0004,0.0001,0.0002,0.0002,0.0004,-0.0005,0.0001,-0.0002,0.001,-0.0005,-0.0002,-0.0003,0.0001,0.0,25.52
6058624835,주식회사두베코,,,,,,,,0.0013,0.0,0.0,0.0002,,,,,,,,-0.0013,0.0,0.0002,25.52
1018635733,(주)엘케이피앤피,,,,0.0014,0.0007,0.0014,,0.0004,0.0001,0.0002,0.0002,,,,-0.0007,0.0007,,,-0.0003,0.0001,0.0,25.52
1388136781,(주)노루알앤씨,0.0008,0.0001,0.0003,,0.0002,0.0002,0.0001,0.0002,0.0002,0.0004,0.0002,-0.0007,0.0002,,,0.0,-0.0001,0.0001,0.0,0.0002,-0.0002,25.51
1018138303,(주)비엘에스,,,,0.0005,0.0006,0.0019,0.0009,0.0012,0.0003,0.0009,0.0003,,,,0.0001,0.0013,-0.001,0.0003,-0.0009,0.0006,-0.0006,25.48
1138644012,헤레우스코리아주식회사,,,,,,0.0014,0.0011,0.0014,0.0002,0.1344,0.0003,,,,,,-0.0003,0.0003,-0.0012,0.1342,-0.1341,25.46
2298119981,(주)양일상사,,,,,,,0.0005,0.0002,0.0003,0.0002,0.0002,,,,,,,-0.0003,0.0001,-0.0001,0.0,25.46
1098179652,립헬모바일크레인코리아,,,,,,,,0.0013,0.0002,0.0009,0.0003,,,,,,,,-0.0011,0.0007,-0.0006,25.4
2148616745,콘티넨탈오토모티브코리아,0.0,0.0001,0.0001,0.0001,0.0001,0.0001,0.0006,0.0003,0.0002,0.0002,0.0002,0.0001,0.0,0.0,0.0,0.0,0.0005,-0.0003,-0.0001,0.0,0.0,25.37
1418113751,주식회사스노우피크코리아,,,,,,,,0.0006,0.0003,0.0,0.0002,,,,,,,,-0.0003,-0.0003,0.0002,25.37
4298600388,(주)인천유니온약품,,,0.001,0.0001,0.0002,0.0006,0.0003,0.0003,0.0002,0.0002,0.0002,,,-0.0009,0.0001,0.0004,-0.0003,0.0,-0.0001,0.0,0.0,25.37
6108114130,대양석유주식회사,0.0907,0.0646,0.0017,0.0009,0.005,0.007,0.0005,0.0023,0.0007,0.0004,0.0004,-0.0261,-0.0629,-0.0008,0.0041,0.002,-0.0065,0.0018,-0.0016,-0.0003,0.0,25.33
3128602813,대광자원,,,,,,0.0013,0.001,0.0009,0.0005,0.0003,0.0003,,,,,,-0.0003,-0.0001,-0.0004,-0.0002,0.0,25.31
2148146701,한국아스트라제네카,0.0001,0.0002,0.007,0.0002,0.0001,0.0004,0.0001,0.0002,0.0001,0.0045,0.0002,0.0001,0.0068,-0.0068,-0.0001,0.0003,-0.0003,0.0001,-0.0001,0.0044,-0.0043,25.31
1058718257,(주)지이스트,,,0.0009,0.0174,0.8852,0.0247,0.0023,0.0025,0.0005,0.0005,0.0004,,,0.0165,0.8678,-0.8605,-0.0224,0.0002,-0.002,0.0,-0.0001,25.31
1298118246,아이티더블유피피앤에프코리아(주),0.0012,0.0014,0.0077,0.0699,0.7075,0.062,0.0157,0.0007,0.0001,0.0001,0.0002,0.0002,0.0063,0.0622,0.6376,-0.6455,-0.0463,-0.015,-0.0006,0.0,0.0001,25.3
5028188501,(주)에스지세라,,,0.0005,0.0001,0.0002,0.001,0.0003,0.0002,0.0001,0.0005,0.0002,,,-0.0004,0.0001,0.0008,-0.0007,-0.0001,-0.0001,0.0004,-0.0003,25.27
2048604204,(주)대현에벤에셀,,,,,,,0.0004,0.0002,0.0001,0.0006,0.0002,,,,,,,-0.0002,-0.0001,0.0005,-0.0004,25.23
1328133433,순수유통(주),,0.0014,0.0011,0.0381,0.0004,0.0027,0.0005,0.0005,0.0001,0.0002,0.0002,,-0.0003,0.037,-0.0377,0.0023,-0.0022,0.0,-0.0004,0.0001,0.0,25.19
6098126451,(주)합천철강,0.0004,0.0006,0.0004,0.0002,0.0002,0.0005,0.0004,0.0002,0.0001,0.0008,0.0002,0.0002,-0.0002,-0.0002,0.0,0.0003,-0.0001,-0.0002,-0.0001,0.0007,-0.0006,25.18
2148679129,웨펜메디칼아이엘주식회사,,0.001,0.0001,0.0001,0.0002,0.0003,0.0002,0.0002,0.0009,0.0007,0.0003,,-0.0009,0.0,0.0001,0.0001,-0.0001,0.0,0.0007,-0.0002,-0.0004,25.17
1048102314,풍림무약(주),0.0001,0.0005,0.0004,0.0002,0.0001,0.0829,0.0003,0.0002,0.0004,0.0002,0.0002,0.0004,-0.0001,-0.0002,-0.0001,0.0828,-0.0826,-0.0001,0.0002,-0.0002,0.0,25.13
2208100544,주식회사사노피-아벤티스코리아,0.0002,0.0001,0.0001,0.0001,0.0001,0.0003,0.0001,0.0002,0.0004,0.0002,0.0002,-0.0001,0.0,0.0,0.0,0.0002,-0.0002,0.0001,0.0002,-0.0002,0.0,25.13
2148643198,이노컴퍼니주식회사,,,,,,,0.0007,0.0003,0.1568,0.0025,0.0004,,,,,,,-0.0004,0.1565,-0.1543,-0.0021,25.13
2188117533,이피코리아(주),0.0004,0.0005,0.0003,0.0001,0.0003,0.0005,0.0004,0.0004,0.0009,0.0007,0.0003,0.0001,-0.0002,-0.0002,0.0002,0.0002,-0.0001,0.0,0.0005,-0.0002,-0.0004,25.06
5118800395,제이에이솔라코리아(주),,,,,,0.0004,0.0024,0.0016,0.0312,0.0018,0.0004,,,,,,0.002,-0.0008,0.0296,-0.0294,-0.0014,25.05
1388125867,삼성에스엘주식회사,,,,,,0.0013,0.0006,0.0007,0.0003,0.0,0.0002,,,,,,-0.0007,0.0001,-0.0004,-0.0003,0.0002,25.04
2088100296,보령약품주식회사,0.0025,0.0001,0.0002,0.0002,0.0002,0.0004,0.0002,0.0003,0.0003,0.0002,0.0002,-0.0024,0.0001,0.0,0.0,0.0002,-0.0002,0.0001,0.0,-0.0001,0.0,25.02
2018615395,벽산엘티씨엔터프라이즈주식회사,0.0034,0.0167,0.0132,0.0025,0.0038,0.0061,0.0006,0.0043,0.001,0.0001,0.0003,0.0133,-0.0035,-0.0107,0.0013,0.0023,-0.0055,0.0037,-0.0033,-0.0009,0.0002,25.02
6018115794,(주)이강공사,0.0001,0.0004,0.0002,0.0001,0.0006,0.0009,0.1218,0.1742,0.0569,0.0915,0.0004,0.0003,-0.0002,-0.0001,0.0005,0.0003,0.1209,0.0524,-0.1173,0.0346,-0.0911,24.98
1208750178,(주)에스이엠케이,,,,0.0004,0.0001,0.0006,0.0004,0.0001,0.0003,0.0003,0.0002,,,,-0.0003,0.0005,-0.0002,-0.0003,0.0002,0.0,-0.0001,24.95
6058157710,주식회사광진케이블,0.0013,,,,0.0006,0.0005,0.0607,0.0009,0.0001,0.0001,0.0002,,,,,-0.0001,0.0602,-0.0598,-0.0008,0.0,0.0001,24.92
3038701928,주식회사마블에너지,,,,,,,,0.0025,0.0003,0.0003,0.0003,,,,,,,,-0.0022,0.0,0.0,24.92
4188108731,(주)다농,,0.0023,0.0007,0.004,0.0009,0.0017,0.0003,0.0003,0.0002,0.0005,0.0002,,-0.0016,0.0033,-0.0031,0.0008,-0.0014,0.0,-0.0001,0.0003,-0.0003,24.91
1148600716,유티모스트아이엔에스(주),0.0047,,,,0.0001,0.0012,0.001,0.0003,0.0002,0.0005,0.0002,,,,,0.0011,-0.0002,-0.0007,-0.0001,0.0003,-0.0003,24.91
1058791336,(주)서울씨앤씨코리아,,0.0008,0.0005,0.0002,0.0006,0.0059,0.7232,0.7344,0.4046,0.0028,0.0014,,-0.0003,-0.0003,0.0004,0.0053,0.7173,0.0112,-0.3298,-0.4018,-0.0014,24.85
5068179682,주식회사티제이스틸,,,,,,0.001,0.0005,0.0021,0.001,0.0009,0.0005,,,,,,-0.0005,0.0016,-0.0011,-0.0001,-0.0004,24.84
1088127239,미성패밀리주식회사,,,,,,,0.0007,0.0003,0.0002,0.0003,0.0002,,,,,,,-0.0004,-0.0001,0.0001,-0.0001,24.83
2128199274,(주)메디인프라,,0.0028,0.0006,0.0005,0.0002,0.0006,0.0002,0.0003,0.0002,0.0003,0.0002,,-0.0022,-0.0001,-0.0003,0.0004,-0.0004,0.0001,-0.0001,0.0001,-0.0001,24.83
2118630092,주식회사신성유화,0.0001,0.0005,0.0005,0.0001,0.0002,0.0007,0.0001,0.0006,0.0002,0.0001,0.0002,0.0004,0.0,-0.0004,0.0001,0.0005,-0.0006,0.0005,-0.0004,-0.0001,0.0001,24.78
7148601397,(주)삼경엠앤에스,,,,,,,0.0006,0.001,0.0001,0.0001,0.0002,,,,,,,0.0004,-0.0009,0.0,0.0001,24.77
1428113093,주식회사부림케미칼,,,,,,,,0.001,0.0001,0.0001,0.0002,,,,,,,,-0.0009,0.0,0.0001,24.77
2208710817,주식회사게팅게메디칼코리아,,,,,,0.0004,0.0001,0.0011,0.0005,0.0003,0.0003,,,,,,-0.0003,0.001,-0.0006,-0.0002,0.0,24.77
1198198597,(주)천성세이브마트,0.1961,0.4333,0.0072,0.3695,0.0018,0.0012,0.0006,0.0002,0.0003,0.0003,0.0002,0.2372,-0.4261,0.3623,-0.3677,-0.0006,-0.0006,-0.0004,0.0001,0.0,-0.0001,24.72
2148708198,주식회사씨믹스,,0.0006,0.0001,0.0002,0.0001,0.0005,0.4976,0.8882,0.0003,0.0001,0.0003,,-0.0005,0.0001,-0.0001,0.0004,0.4971,0.3906,-0.8879,-0.0002,0.0002,24.71
2208151441,한국엠에스디동물약품(주),0.0007,0.0007,0.0002,0.0009,0.0002,0.0004,0.0001,0.0004,0.0002,0.0002,0.0002,0.0,-0.0005,0.0007,-0.0007,0.0002,-0.0003,0.0003,-0.0002,0.0,0.0,24.69
1068123348,(주)우진기전,0.0001,0.0001,0.0001,0.0001,0.0001,0.0001,0.0004,0.0004,0.0002,0.0002,0.0002,0.0,0.0,0.0,0.0,0.0,0.0003,0.0,-0.0002,0.0,0.0,24.69
2118600870,(주)더본코리아,0.0005,0.0006,0.0005,0.0001,0.0002,0.0003,0.0003,0.0004,0.0002,0.0002,0.0002,0.0001,-0.0001,-0.0004,0.0001,0.0001,0.0,0.0001,-0.0002,0.0,0.0,24.69
1208802732,포르쉐코리아주식회사,0.0002,0.0003,0.0014,0.0378,0.0024,0.0024,0.0004,0.0004,0.0002,0.0002,0.0002,0.0001,0.0011,0.0364,-0.0354,0.0,-0.002,0.0,-0.0002,0.0,0.0,24.69
1078618163,케이티커머스(주),0.0002,0.0002,0.0034,0.0035,0.0238,0.0094,0.0003,0.0008,0.0008,0.0007,0.0003,0.0,0.0032,0.0001,0.0203,-0.0144,-0.0091,0.0005,0.0,-0.0001,-0.0004,24.65
2068112326,국제식품주식회사,,,,,,,,0.0007,0.0001,0.0002,0.0002,,,,,,,,-0.0006,0.0001,0.0,24.65
2158687428,주식회사브리타코리아,,,,,,,,0.0011,0.0001,0.0001,0.0002,,,,,,,,-0.001,0.0,0.0001,24.63
6928801072,한일인터내셔널주식회사,,,,,,0.0017,0.0004,0.0003,0.0001,0.0004,0.0002,,,,,,-0.0013,-0.0001,-0.0002,0.0003,-0.0002,24.62
1248191048,성우화학(주),0.0005,0.0004,0.0002,0.0003,0.0001,0.0007,0.0003,0.0045,0.0008,0.0183,0.0003,-0.0001,-0.0002,0.0001,-0.0002,0.0006,-0.0004,0.0042,-0.0037,0.0175,-0.018,24.54
2148822300,(주)매트프라자,0.002,0.0003,0.0002,0.0004,0.0004,0.0006,0.0003,0.0037,0.0285,0.0002,0.0002,-0.0017,-0.0001,0.0002,0.0,0.0002,-0.0003,0.0034,0.0248,-0.0283,0.0,24.5
1068141555,굳이어코리아(주),,,,,,,0.0005,0.0003,0.0009,0.0002,0.0002,,,,,,,-0.0002,0.0006,-0.0007,0.0,24.47
2148191583,한국내쇼날인스트루먼트(주),0.0076,0.0009,0.0372,0.0003,0.0001,0.0002,0.0001,0.0003,0.0051,0.0002,0.0002,-0.0067,0.0363,-0.0369,-0.0002,0.0001,-0.0001,0.0002,0.0048,-0.0049,0.0,24.46
4178114808,(주)대성티엠에스,,,,,,,,0.0008,0.0001,0.0002,0.0002,,,,,,,,-0.0007,0.0001,0.0,24.43
4098170100,(주)신경남,,,,,,0.0019,0.0094,0.0027,0.0004,0.0012,0.0003,,,,,,0.0075,-0.0067,-0.0023,0.0008,-0.0009,24.41
1188122721,주식회사엠키스코어,,,,,,,,0.0013,0.0005,0.0003,0.0003,,,,,,,,-0.0008,-0.0002,0.0,24.39
1238620579,우일산업(주),0.001,0.0012,0.0023,0.0023,0.0003,0.0009,0.0004,0.0004,0.0003,0.0002,0.0002,0.0002,0.0011,0.0,-0.002,0.0006,-0.0005,0.0,-0.0001,-0.0001,0.0,24.3
2158156099,(주)영인코퍼레이션,,,,,,,0.0007,0.0003,0.0003,0.0003,0.0002,,,,,,,-0.0004,0.0,0.0,-0.0001,24.28
2158767939,주식회사그린게이트네트웍,,,,,,,0.0005,0.0003,0.0003,0.0003,0.0002,,,,,,,-0.0002,0.0,0.0,-0.0001,24.28
2208117666,(주)비엠에스,0.0004,0.0005,0.0025,0.0004,0.0011,0.0148,0.0015,0.0003,0.0003,0.0003,0.0002,0.0001,0.002,-0.0021,0.0007,0.0137,-0.0133,-0.0012,0.0,0.0,-0.0001,24.28
2148770353,태남생활건강(주),,,,,,,,0.0015,0.0001,0.0001,0.0002,,,,,,,,-0.0014,0.0,0.0001,24.26
1268182701,주식회사스탁컴퍼니,,,0.0008,0.0002,0.0002,0.0005,0.0001,0.0005,0.0002,0.0002,0.0002,,,-0.0006,0.0,0.0003,-0.0004,0.0004,-0.0003,0.0,0.0,24.25
1078663921,서주엔터프라이즈(주),,,,,,0.0013,0.0002,0.0005,0.0001,0.0003,0.0002,,,,,,-0.0011,0.0003,-0.0004,0.0002,-0.0001,24.23
1058619185,(주)케이디피,0.0008,0.106,0.004,0.4001,0.0016,0.0019,0.0009,0.0007,0.0003,0.0001,0.0002,0.1052,-0.102,0.3961,-0.3985,0.0003,-0.001,-0.0002,-0.0004,-0.0002,0.0001,24.23
1018647923,주식회사아른,,,,,,0.0007,0.0012,0.0017,0.0,0.0002,0.0002,,,,,,0.0005,0.0005,-0.0017,0.0002,0.0,24.22
1018689582,에스앤와이글로벌(주),,,,,,0.001,0.0008,0.0045,0.0024,0.0008,0.0006,,,,,,-0.0002,0.0037,-0.0021,-0.0016,-0.0002,24.2
2178124685,주식회사비블루아이앤,,0.0016,0.0002,0.0005,0.0002,0.0006,0.0004,0.0004,0.0001,0.0004,0.0002,,-0.0014,0.0003,-0.0003,0.0004,-0.0002,0.0,-0.0003,0.0003,-0.0002,24.19
6028164643,주식회사하카코리아,,,,,,,0.0005,0.0001,0.0028,0.0007,0.0003,,,,,,,-0.0004,0.0027,-0.0021,-0.0004,24.16
1238109055,동아오츠카주식회사,0.6654,0.0133,0.0011,0.0002,0.0004,0.0014,0.2364,0.0004,0.0002,0.0003,0.0002,-0.6521,-0.0122,-0.0009,0.0002,0.001,0.235,-0.236,-0.0002,0.0001,-0.0001,24.15
1208689512,룩소티카코리아,0.0001,0.0001,0.0005,0.0003,0.0001,0.0001,0.0006,0.0004,0.0002,0.0003,0.0002,0.0,0.0004,-0.0002,-0.0002,0.0,0.0005,-0.0002,-0.0002,0.0001,-0.0001,24.15
1018125905,(주)대한과학,0.089,0.5433,0.001,0.0002,0.0004,0.0004,0.0004,0.0004,0.0002,0.0004,0.0002,0.4543,-0.5423,-0.0008,0.0002,0.0,0.0,0.0,-0.0002,0.0002,-0.0002,24.11
6038138167,주식회사에이젯푸드,0.0032,0.6815,0.0019,0.0004,0.0009,0.001,0.0004,0.0004,0.0002,0.0004,0.0002,0.6783,-0.6796,-0.0015,0.0005,0.0001,-0.0006,0.0,-0.0002,0.0002,-0.0002,24.11
1078753814,삼현티이씨(주),,,,,,,0.0002,0.0,0.0,0.0,0.0001,,,,,,,-0.0002,0.0,0.0,0.0001,24.06
5028113179,(주)부림약품,0.0163,0.0098,0.0048,0.0025,0.003,0.0033,0.0011,0.0067,0.0004,0.0012,0.0003,-0.0065,-0.005,-0.0023,0.0005,0.0003,-0.0022,0.0056,-0.0063,0.0008,-0.0009,24.0
5038145994,(주)동양페시마,0.0002,0.0002,0.0005,0.0003,0.0004,0.0028,0.0033,0.0004,0.0003,0.0004,0.0002,0.0,0.0003,-0.0002,0.0001,0.0024,0.0005,-0.0029,-0.0001,0.0001,-0.0002,23.96
1328152217,(주)일신비츠온,0.0004,0.0006,0.0006,0.0009,0.2589,0.0016,0.0005,0.0006,0.0001,0.0003,0.0002,0.0002,0.0,0.0003,0.258,-0.2573,-0.0011,0.0001,-0.0005,0.0002,-0.0001,23.94
2148833127,비투스틸(주),,,,,,0.0007,0.0003,0.0008,0.0003,0.0001,0.0002,,,,,,-0.0004,0.0005,-0.0005,-0.0002,0.0001,23.94
6998700679,주식회사기영에프앤비,,,,,,,,0.0006,0.0001,0.0003,0.0002,,,,,,,,-0.0005,0.0002,-0.0001,23.94
3058600078,주식회사고기랑농업회사법인,,,,,,,,0.0006,0.0002,0.0002,0.0002,,,,,,,,-0.0004,0.0,0.0,23.93
1368124111,(주)제로하이텍,0.0031,0.0016,0.001,0.0005,0.0003,0.0006,0.0004,0.0006,0.0002,0.0002,0.0002,-0.0015,-0.0006,-0.0005,-0.0002,0.0003,-0.0002,0.0002,-0.0004,0.0,0.0,23.93
6038164326,주식회사정해코퍼레이션,0.0001,0.0003,0.0001,0.0,0.0001,0.0003,0.0001,0.0005,0.0001,0.0061,0.0002,0.0002,-0.0002,-0.0001,0.0001,0.0002,-0.0002,0.0004,-0.0004,0.006,-0.0059,23.85
1308672658,주식회사프라임에너지,,,,,,0.0004,0.0004,0.0005,0.0001,0.0039,0.0002,,,,,,0.0,0.0001,-0.0004,0.0038,-0.0037,23.83
2148752092,크레센도,,,,,,,,0.0041,0.0005,0.0009,0.0003,,,,,,,,-0.0036,0.0004,-0.0006,23.81
1078711605,(주)제이켐코리아,,,,,,0.0006,0.0011,0.005,0.0015,0.0012,0.0006,,,,,,0.0005,0.0039,-0.0035,-0.0003,-0.0006,23.8
7238700517,에스인터내셔널주식회사,,,,,,,,0.0014,0.0001,0.0002,0.0002,,,,,,,,-0.0013,0.0001,0.0,23.69
6218168989,(주)디에이치오토메이션,,,,,,,,0.0007,0.0001,0.0003,0.0002,,,,,,,,-0.0006,0.0002,-0.0001,23.69
6028126765,주식회사한국수리미,0.0005,,,,,,,0.0005,0.0002,0.0004,0.0002,,,,,,,,-0.0003,0.0002,-0.0002,23.68
6088137130,주식회사서원,,,,,,,,0.0031,0.0001,0.0001,0.0002,,,,,,,,-0.003,0.0,0.0001,23.65
1018607218,주식회사삼성금거래소,,,0.0008,0.0009,0.0003,0.0021,0.0011,0.001,0.2653,0.0323,0.0004,,,0.0001,-0.0006,0.0018,-0.001,-0.0001,0.2643,-0.233,-0.0319,23.62
2148164539,두레시닝주식회사,0.0005,0.0005,0.001,0.0003,0.0006,0.0773,0.0124,0.0287,0.0003,0.0004,0.0003,0.0,0.0005,-0.0007,0.0003,0.0767,-0.0649,0.0163,-0.0284,0.0001,-0.0001,23.6
6018114515,에이비이씨산업주식회사,0.0007,0.0007,0.001,0.0861,0.0019,0.0015,0.0527,0.0668,0.0004,0.0018,0.0003,0.0,0.0003,0.0851,-0.0842,-0.0004,0.0512,0.0141,-0.0664,0.0014,-0.0015,23.6
1138643819,(주)랭스토어,,,0.0003,0.0002,0.0001,0.0005,0.0003,0.0004,0.0003,0.0003,0.0002,,,-0.0001,-0.0001,0.0004,-0.0002,0.0001,-0.0001,0.0,-0.0001,23.57
6038189934,주식회사디비코포레이션,,,,,,,,0.0012,0.0002,0.0001,0.0002,,,,,,,,-0.001,-0.0001,0.0001,23.56
5148702089,한국인테그리스주식회사,,,,,,,,0.0016,0.0001,0.0002,0.0002,,,,,,,,-0.0015,0.0001,0.0,23.53
1108183404,와이즈브릿지주식회사,,,,,,,,0.0016,0.0001,0.0002,0.0002,,,,,,,,-0.0015,0.0001,0.0,23.53
4108708608,(주)엔에이치인터내셔널,,,,,0.0013,0.0007,0.0005,0.0006,0.0001,0.0005,0.0002,,,,,-0.0006,-0.0002,0.0001,-0.0005,0.0004,-0.0003,23.53
8808700635,주식회사파라콤(ParaCom),,,,0.0015,0.0002,0.0003,0.0002,0.0006,0.0001,0.0006,0.0002,,,,-0.0013,0.0001,-0.0001,0.0004,-0.0005,0.0005,-0.0004,23.49
2148149732,미립물산(주),,0.002,0.0005,0.0001,0.0001,0.0008,0.0018,0.0006,0.0002,0.0005,0.0002,,-0.0015,-0.0004,0.0,0.0007,0.001,-0.0012,-0.0004,0.0003,-0.0003,23.47
1148713329,주식회사비엘팜,,0.0022,0.0011,0.0127,0.0002,0.0007,0.0001,0.0008,0.0001,0.0003,0.0002,,-0.0011,0.0116,-0.0125,0.0005,-0.0006,0.0007,-0.0007,0.0002,-0.0001,23.46
1308663557,(주)파르마코리아,,,,,,,,0.0013,0.0002,0.0001,0.0002,,,,,,,,-0.0011,-0.0001,0.0001,23.44
2478602009,(주)아시안메드,,,,,,,,0.0013,0.0002,0.0001,0.0002,,,,,,,,-0.0011,-0.0001,0.0001,23.44
2118640493,주식회사비오메리으코리아,0.0007,0.0005,0.0006,0.0003,0.0001,0.0819,0.0409,0.0007,0.0002,0.0665,0.0002,-0.0002,0.0001,-0.0003,-0.0002,0.0818,-0.041,-0.0402,-0.0005,0.0663,-0.0663,23.44
6058159625,홍보시계(주),,,,,,0.0003,0.0001,0.0001,0.0,0.0,0.0001,,,,,,-0.0002,0.0,-0.0001,0.0,0.0001,23.35
2118760647,(주)지누텍코퍼레이션,,,,,,,,0.0009,0.0001,0.2538,0.0002,,,,,,,,-0.0008,0.2537,-0.2536,23.22
4178800472,주식회사퀸스레시피글로벌,,,,,,,,0.0012,0.0306,0.0013,0.0003,,,,,,,,0.0294,-0.0293,-0.001,23.22
5198701111,(주)현성전자,,,,,,,,0.0023,0.0001,0.0002,0.0002,,,,,,,,-0.0022,0.0001,0.0,23.18
3048112218,제이앤비코리아(주),,,,,,,,0.0023,0.0001,0.0002,0.0002,,,,,,,,-0.0022,0.0001,0.0,23.18
2158624398,한국룬드벡주식회사,0.001,0.0006,0.0005,0.0046,0.0004,0.0007,0.0001,0.0009,0.0002,0.0002,0.0002,-0.0004,-0.0001,0.0041,-0.0042,0.0003,-0.0006,0.0008,-0.0007,0.0,0.0,23.17
2208153454,게르베코리아(주),0.0147,0.0078,0.0024,0.0012,0.0688,0.0061,0.0002,0.0007,0.0017,0.0174,0.0001,-0.0069,-0.0054,-0.0012,0.0676,-0.0627,-0.0059,0.0005,0.001,0.0157,-0.0173,23.16
2208751593,다임러트럭코리아(주),0.0001,0.0003,0.0004,0.0005,0.0548,0.0044,0.0003,0.1025,0.0008,0.0002,0.0003,0.0002,0.0001,0.0001,0.0543,-0.0504,-0.0041,0.1022,-0.1017,-0.0006,0.0001,23.16
2158611777,(주)트라이콤바이오,,,,,,,,0.0008,0.0002,0.0785,0.0002,,,,,,,,-0.0006,0.0783,-0.0783,23.16
1138170553,티앤씨아이엔티(주),,,,,,,,0.001,0.0001,0.0003,0.0002,,,,,,,,-0.0009,0.0002,-0.0001,23.15
2138125659,풍전약품(주),0.0037,0.0004,0.0003,0.0031,0.0019,0.0012,0.0003,0.0017,0.0002,0.0001,0.0002,-0.0033,-0.0001,0.0028,-0.0012,-0.0007,-0.0009,0.0014,-0.0015,-0.0001,0.0001,23.11
1308130629,부천역사주식회사,0.0001,0.0003,0.0004,0.0001,0.0002,0.0003,0.0001,0.0007,0.0002,0.0003,0.0002,0.0002,0.0001,-0.0003,0.0001,0.0001,-0.0002,0.0006,-0.0005,0.0001,-0.0001,23.1
6208144271,주식회사백산인터내셔널,,,,,,,0.0023,0.0024,0.0006,0.0003,0.0003,,,,,,,0.0001,-0.0018,-0.0003,0.0,23.09
1078648522,영우스틸(주),,,,0.0004,0.0001,0.0004,0.0002,0.0007,0.0304,0.0015,0.0003,,,,-0.0003,0.0003,-0.0002,0.0005,0.0297,-0.0289,-0.0012,23.08
2208761276,청맥철강(주),,,,,,,0.0008,0.0008,0.0017,0.0119,0.0001,,,,,,,0.0,0.0009,0.0102,-0.0118,23.07
5108130543,농업회사법인주식회사승민,,,,,,,,0.0016,0.004,0.0014,0.0003,,,,,,,,0.0024,-0.0026,-0.0011,23.04
1438116021,(주)에스피네이처,0.0004,0.0014,0.0018,0.0002,0.0003,0.0009,0.0024,0.0258,0.2803,0.0732,0.0004,0.001,0.0004,-0.0016,0.0001,0.0006,0.0015,0.0234,0.2545,-0.2071,-0.0728,23.03
2208719410,미쓰비시연필한국판매주식회사,0.0002,0.0001,0.0001,0.0001,0.0001,0.0001,0.0001,0.0001,0.0001,0.0,0.0001,-0.0001,0.0,0.0,0.0,0.0,0.0,0.0,0.0,-0.0001,0.0001,23.0
2208749461,한국벡크만쿨터주식회사,0.0007,0.0007,0.0006,0.0001,0.0002,0.0002,0.0002,0.0001,0.0001,0.0,0.0001,0.0,-0.0001,-0.0005,0.0001,0.0,0.0,-0.0001,0.0,-0.0001,0.0001,23.0
1248717297,주식회사에이케이씨,,,,,,0.0002,0.0001,0.0001,0.0001,0.0,0.0001,,,,,,-0.0001,0.0,0.0,-0.0001,0.0001,23.0
1048134801,한석인터내셔날(주),,,,,,,0.0003,0.0001,0.0002,0.0,0.0001,,,,,,,-0.0002,0.0001,-0.0002,0.0001,22.89
1308618275,주식회사에이치앤케이,,,,,,0.0004,0.0004,0.0005,0.0003,0.0003,0.0002,,,,,,0.0,0.0001,-0.0002,0.0,-0.0001,22.88
6058172405,(주)용원토탈솔루션,0.0019,0.0036,0.0037,0.0002,0.0004,0.0003,0.0002,0.0008,0.0002,0.0003,0.0002,0.0017,0.0001,-0.0035,0.0002,-0.0001,-0.0001,0.0006,-0.0006,0.0001,-0.0001,22.85
6068657741,미트리주식회사,,,,,,,,0.0009,0.0001,0.0104,0.0002,,,,,,,,-0.0008,0.0103,-0.0102,22.85
1148633783,한국페링제약(주),0.0069,0.0001,0.0002,0.0006,0.0329,0.017,0.0002,0.0009,0.0002,0.001,0.0002,-0.0068,0.0001,0.0004,0.0323,-0.0159,-0.0168,0.0007,-0.0007,0.0008,-0.0008,22.82
8878701483,주식회사불루아이스,,,,,,,0.0008,0.0008,0.0002,0.0004,0.0002,,,,,,,0.0,-0.0006,0.0002,-0.0002,22.82
1148631204,주식회사넷티어시스템즈,0.0008,0.0002,0.0003,0.017,0.0879,0.0017,0.0005,0.0687,0.0001,0.0001,0.0002,-0.0006,0.0001,0.0167,0.0709,-0.0862,-0.0012,0.0682,-0.0686,0.0,0.0001,22.81
1208156239,(주)안세,,,,,,,,0.0015,0.0662,0.0023,0.0003,,,,,,,,0.0647,-0.0639,-0.002,22.8
1448120061,씨제이투에너지(주),,,,,,0.0012,0.0007,0.0015,0.0006,0.0006,0.0003,,,,,,-0.0005,0.0008,-0.0009,0.0,-0.0003,22.79
1208794443,(주)진엑스,,,,,,,,0.0025,0.0002,0.0001,0.0002,,,,,,,,-0.0023,-0.0001,0.0001,22.73
1208694505,르크루제코리아주식회사,0.0001,0.0,0.0,0.0,0.0,0.0001,0.0001,0.0001,0.0,0.0001,0.0001,-0.0001,0.0,0.0,0.0,0.0001,0.0,0.0,-0.0001,0.0001,0.0,22.7
1298128351,(주)제이티,0.0003,0.0004,0.0005,0.0001,0.0001,0.0002,0.0002,0.0001,0.0,0.0001,0.0001,0.0001,0.0001,-0.0004,0.0,0.0001,0.0,-0.0001,-0.0001,0.0001,0.0,22.7
2118728327,우노와치,,,,,0.0002,0.0004,0.0003,0.0001,0.0,0.0001,0.0001,,,,,0.0002,-0.0001,-0.0002,-0.0001,0.0001,0.0,22.7
1088188139,애터미(주),0.0,0.0,0.0,0.0,0.0,0.0001,0.0001,0.0001,0.0,0.0001,0.0001,0.0,0.0,0.0,0.0,0.0001,0.0,0.0,-0.0001,0.0001,0.0,22.7
2338104610,지큐브스페이스주식회사,,,,,,,0.0005,0.0001,0.0,0.0001,0.0001,,,,,,,-0.0004,-0.0001,0.0001,0.0,22.7
6038124950,(주)와이케이엠,,0.0014,0.0002,0.0001,0.0001,0.0004,0.0001,0.0001,0.0,0.0001,0.0001,,-0.0012,-0.0001,0.0,0.0003,-0.0003,0.0,-0.0001,0.0001,0.0,22.7
1608101391,주식회사민속친한우,,,,,,0.0004,0.0001,0.0001,0.0,0.0001,0.0001,,,,,,-0.0003,0.0,-0.0001,0.0001,0.0,22.7
3478800305,대한켐텍주식회사,,,,,,,0.0007,0.0001,0.0,0.0001,0.0001,,,,,,,-0.0006,-0.0001,0.0001,0.0,22.7
1248724013,케미팜주식회사,,,,,,,,0.0017,0.0003,0.0001,0.0002,,,,,,,,-0.0014,-0.0002,0.0001,22.65
1078159010,(주)선명농수산,0.0001,0.0001,0.0004,0.0793,0.0135,0.0066,0.0004,0.0007,0.0004,0.0002,0.0002,0.0,0.0003,0.0789,-0.0658,-0.0069,-0.0062,0.0003,-0.0003,-0.0002,0.0,22.64
2148701050,(주)우리코스메틱,,,,,,0.0004,0.0001,0.0,0.0001,0.0001,0.0001,,,,,,-0.0003,-0.0001,0.0001,0.0,0.0,22.59
1108120980,한국필립모리스주식회사,0.0004,0.0008,0.006,0.0174,0.0084,0.0082,0.0008,0.0008,0.0003,0.0002,0.0002,0.0004,0.0052,0.0114,-0.009,-0.0002,-0.0074,0.0,-0.0005,-0.0001,0.0,22.57
2048167859,(주)한솔약품,0.0016,0.0053,0.0021,0.0035,0.0005,0.0012,0.0003,0.0007,0.0003,0.0004,0.0002,0.0037,-0.0032,0.0014,-0.003,0.0007,-0.0009,0.0004,-0.0004,0.0001,-0.0002,22.52
6178197184,주식회사프러스엔지니어링,,,,,,,0.0007,0.0125,0.0004,0.0004,0.0003,,,,,,,0.0118,-0.0121,0.0,-0.0001,22.51
1208745582,주식회사화인비에스,,,,,,,,0.001,0.0002,0.0003,0.0002,,,,,,,,-0.0008,0.0001,-0.0001,22.46
1178159958,케이씨씨오토모빌주식회사,0.0009,0.0007,0.0013,0.0055,0.0785,0.2869,0.015,0.0155,0.0017,0.0021,0.0003,-0.0002,0.0006,0.0042,0.073,0.2084,-0.2719,0.0005,-0.0138,0.0004,-0.0018,22.46
2148633536,주식회사케이엔유,,0.0005,0.0,0.0,0.0,0.0006,0.0391,0.0001,0.0046,0.0,0.0001,,-0.0005,0.0,0.0,0.0006,0.0385,-0.039,0.0045,-0.0046,0.0001,22.44
1078165996,우림선재주식회사,,,,,,,0.0008,0.0002,0.0003,0.0682,0.0001,,,,,,,-0.0006,0.0001,0.0679,-0.0681,22.39
2208102218,한국그레이코주식회사,,,,,,,,0.0013,0.0001,0.0016,0.0002,,,,,,,,-0.0012,0.0015,-0.0014,22.31
2208789314,희래주식회사,,,,,,,,0.0013,0.0001,0.0008,0.0002,,,,,,,,-0.0012,0.0007,-0.0006,22.31
1098183404,(주)우즈오토코리아,,,,,,,0.0028,0.1323,0.0097,0.0053,0.0008,,,,,,,0.1295,-0.1226,-0.0044,-0.0045,22.3
1098617175,엔트로상사,,,,,,,0.001,0.0002,0.0001,0.0,0.0001,,,,,,,-0.0008,-0.0001,-0.0001,0.0001,22.28
1148625639,유사나헬스사이언스코리아(유한),,,,,,0.0003,0.0001,0.0002,0.0001,0.0,0.0001,,,,,,-0.0002,0.0001,-0.0001,-0.0001,0.0001,22.28
2618121268,막스코주식회사,,,,0.0003,0.0001,0.0001,0.0001,0.0002,0.0001,0.0,0.0001,,,,-0.0002,0.0,0.0,0.0001,-0.0001,-0.0001,0.0001,22.28
6098179851,케이에스피코리아주식회사,0.0007,0.2778,0.0326,0.0106,0.0093,0.0076,0.001,0.0013,0.0002,0.0008,0.0002,0.2771,-0.2452,-0.022,-0.0013,-0.0017,-0.0066,0.0003,-0.0011,0.0006,-0.0006,22.22
1138115259,(주)성신인스트루먼트,0.0001,0.0005,0.0002,0.0003,0.0001,0.0014,0.1773,0.0013,0.0005,0.0011,0.0002,0.0004,-0.0003,0.0001,-0.0002,0.0013,0.1759,-0.176,-0.0008,0.0006,-0.0009,22.19
2158624821,(주)다윈바이오,,,,,0.0003,0.0003,0.0003,0.0001,0.0001,0.0001,0.0001,,,,,0.0,0.0,-0.0002,0.0,0.0,0.0,22.15
1068670680,지에스씨인터내셔날(주),,,,0.0002,0.0001,0.0002,0.0004,0.0001,0.0001,0.0001,0.0001,,,,-0.0001,0.0001,0.0002,-0.0003,0.0,0.0,0.0,22.15
2208690298,오므론전자부품(주),,,,0.0005,0.0001,0.0004,0.0001,0.0001,0.0001,0.0001,0.0001,,,,-0.0004,0.0003,-0.0003,0.0,0.0,0.0,0.0,22.15
7068100301,(주)아시아비엔씨,,,,,,,0.0004,0.0001,0.0001,0.0001,0.0001,,,,,,,-0.0003,0.0,0.0,0.0,22.15
1288635209,주식회사엠앤에프,0.0,0.0001,0.0001,0.0001,0.0,0.0002,0.0001,0.0001,0.0001,0.0001,0.0001,0.0001,0.0,0.0,-0.0001,0.0002,-0.0001,0.0,0.0,0.0,0.0,22.15
1248626595,주식회사신양메디칼,,,,,0.0003,0.0002,0.0001,0.0001,0.0001,0.0001,0.0001,,,,,-0.0001,-0.0001,0.0,0.0,0.0,0.0,22.15
2158760479,(주)수창,0.0001,0.0002,0.0002,0.0011,0.0001,0.0004,0.0001,0.0001,0.0001,0.0001,0.0001,0.0001,0.0,0.0009,-0.001,0.0003,-0.0003,0.0,0.0,0.0,0.0,22.15
1148645028,씨앤토트(주),0.0002,0.0002,0.0004,0.0001,0.0001,0.0004,0.0001,0.0001,0.0001,0.0001,0.0001,0.0,0.0002,-0.0003,0.0,0.0003,-0.0003,0.0,0.0,0.0,0.0,22.15
2148644483,(주)주피터인터내셔널,0.0001,0.0001,0.0001,0.0001,0.0001,0.0002,0.0002,0.0001,0.0001,0.0001,0.0001,0.0,0.0,0.0,0.0,0.0001,0.0,-0.0001,0.0,0.0,0.0,22.15
2208681557,키엔스코리아(주),0.0001,0.0001,0.0001,0.0001,0.0,0.0004,0.0002,0.0001,0.0001,0.0001,0.0001,0.0,0.0,0.0,-0.0001,0.0004,-0.0002,-0.0001,0.0,0.0,0.0,22.15
2118669151,(주)에이엠씨쎄미켐,0.0001,0.0004,0.0006,0.0001,0.0002,0.0002,0.0001,0.0001,0.0001,0.0001,0.0001,0.0003,0.0002,-0.0005,0.0001,0.0,-0.0001,0.0,0.0,0.0,0.0,22.15
1328162277,한빛케이블주식회사,,,,,,,0.0005,0.0001,0.0001,0.0001,0.0001,,,,,,,-0.0004,0.0,0.0,0.0,22.15
1208188819,(주)베이크플러스,,,0.0002,0.0,0.0001,0.0002,0.0001,0.0001,0.0001,0.0001,0.0001,,,-0.0002,0.0001,0.0001,-0.0001,0.0,0.0,0.0,0.0,22.15
2148800913,주식회사엘시시유통,,,,,,,0.0003,0.0001,0.0001,0.0001,0.0001,,,,,,,-0.0002,0.0,0.0,0.0,22.15
1018666390,주식회사안이포인터내셔널,,,,,,0.0002,0.0001,0.0001,0.0001,0.0001,0.0001,,,,,,-0.0001,0.0,0.0,0.0,0.0,22.15
2018618000,주식회사그리니치,,,,,,0.0003,0.0001,0.0001,0.0001,0.0001,0.0001,,,,,,-0.0002,0.0,0.0,0.0,0.0,22.15
1308624990,주식회사톨리코리아,,0.0027,0.0002,0.0002,0.0002,0.0004,0.0002,0.0001,0.0001,0.0001,0.0001,,-0.0025,0.0,0.0,0.0002,-0.0002,-0.0001,0.0,0.0,0.0,22.15
1068120093,한국해양개발(주),0.0,0.0001,0.0001,0.0001,0.0001,0.0002,0.0001,0.0001,0.0001,0.0001,0.0001,0.0001,0.0,0.0,0.0,0.0001,-0.0001,0.0,0.0,0.0,0.0,22.15
1068645712,주식회사엔엑스피반도체,0.0002,0.0002,0.0001,0.0001,0.0001,0.0001,0.0001,0.0001,0.0001,0.0001,0.0001,0.0,-0.0001,0.0,0.0,0.0,0.0,0.0,0.0,0.0,0.0,22.15
1378180891,예주나라(주),,,,,0.0002,0.0002,0.0,0.0001,0.0001,0.0001,0.0001,,,,,0.0,-0.0002,0.0001,0.0,0.0,0.0,22.15
1208651831,주식회사다이나텍케미칼,0.0001,0.0001,0.0001,0.0,0.0001,0.0002,0.0003,0.0001,0.0001,0.0001,0.0001,0.0,0.0,-0.0001,0.0001,0.0001,0.0001,-0.0002,0.0,0.0,0.0,22.15
6158137685,(주)씨엠아이,0.0001,0.0,0.0,0.0001,0.0001,0.0001,0.0001,0.0001,0.0001,0.0001,0.0001,-0.0001,0.0,0.0001,0.0,0.0,0.0,0.0,0.0,0.0,0.0,22.15
6028102268,한일후지코리아주식회사,0.0001,0.0001,0.0001,0.0001,0.0001,0.0002,0.0001,0.0001,0.0001,0.0001,0.0001,0.0,0.0,0.0,0.0,0.0001,-0.0001,0.0,0.0,0.0,0.0,22.15
3948601214,(주)에코비트엠엔에스,,,,,,,0.0007,0.0001,0.0001,0.0001,0.0001,,,,,,,-0.0006,0.0,0.0,0.0,22.15
6098193120,주식회사아이웍스,,,,,,,0.0005,0.0001,0.0001,0.0001,0.0001,,,,,,,-0.0004,0.0,0.0,0.0,22.15
1078797199,주식회사마이하우스,,,,,,,0.0007,0.0001,0.0001,0.0001,0.0001,,,,,,,-0.0006,0.0,0.0,0.0,22.15
1358136725,한국구보다주식회사,0.0001,0.0002,0.0002,0.0001,0.0001,0.0005,0.0001,0.0007,0.0003,0.0003,0.0002,0.0001,0.0,-0.0001,0.0,0.0004,-0.0004,0.0006,-0.0004,0.0,-0.0001,22.13
2118636780,주식회사쏘메이,,,0.0002,0.0,0.0,0.0001,0.0002,0.0041,0.0026,0.0341,0.0002,,,-0.0002,0.0,0.0001,0.0001,0.0039,-0.0015,0.0315,-0.0339,22.09
2438700651,주식회사지코스모,,,,,,0.0002,0.0127,0.0002,0.0315,0.0068,0.0003,,,,,,0.0125,-0.0125,0.0313,-0.0247,-0.0065,22.06
2138801490,주식회사아이씨인터네셔날,,,,,,,,0.0021,0.0002,0.0002,0.0002,,,,,,,,-0.0019,0.0,0.0,22.03
1288133017,(주)넬슨스포츠,,,,,,0.0002,0.0001,0.0002,0.0,0.0001,0.0001,,,,,,-0.0001,0.0001,-0.0002,0.0001,0.0,22.01
1188112790,보성과학주식회사,,,,,0.0004,0.0002,0.0003,0.0002,0.0,0.0001,0.0001,,,,,-0.0002,0.0001,-0.0001,-0.0002,0.0001,0.0,22.01
1278622453,주식회사홍천엠앤티,,,,0.0004,0.0,0.0001,0.0002,0.0002,0.0,0.0001,0.0001,,,,-0.0004,0.0001,0.0001,0.0,-0.0002,0.0001,0.0,22.01
1078625489,주식회사동화이십일,,,,,0.0003,0.0003,0.0002,0.0002,0.0,0.0001,0.0001,,,,,0.0,-0.0001,0.0,-0.0002,0.0001,0.0,22.01
1098147484,입센코리아(주),0.147,,,,,0.0024,0.0019,0.0022,0.0004,0.0001,0.0002,,,,,,-0.0005,0.0003,-0.0018,-0.0003,0.0001,22.0
1308653030,(주)참조은에스에프,0.0007,0.1339,0.4132,0.4707,0.1858,0.0162,0.183,0.1912,0.0895,0.0028,0.0008,0.1332,0.2793,0.0575,-0.2849,-0.1696,0.1668,0.0082,-0.1017,-0.0867,-0.002,21.97
1288658954,게이트비젼주식회사,,,,0.0002,0.0001,0.0067,0.0001,0.0,0.0,0.0011,0.0001,,,,-0.0001,0.0066,-0.0066,-0.0001,0.0,0.0011,-0.001,21.9
7928600928,(주)스튜디오삼익,,,,,,,,0.0012,0.0003,0.0005,0.0002,,,,,,,,-0.0009,0.0002,-0.0003,21.89
1288627825,주식회사지앤드,,,,,,,,0.0008,0.0003,0.0003,0.0002,,,,,,,,-0.0005,0.0,-0.0001,21.83
1078678123,프라임쎄미텍(주),,,,,,,,0.0019,0.0013,0.0004,0.0003,,,,,,,,-0.0006,-0.0009,-0.0001,21.83
2468600314,주식회사에스지에스,,,,,,,,0.001,0.0003,0.0004,0.0002,,,,,,,,-0.0007,0.0001,-0.0002,21.76
2158676538,영진앵글주식회사,,,,,,0.0006,0.0001,0.0001,0.0001,0.0005,0.0001,,,,,,-0.0005,0.0,0.0,0.0004,-0.0004,21.75
1018136659,성준전기(주),,,,,,,0.0003,0.0001,0.0,0.0002,0.0001,,,,,,,-0.0002,-0.0001,0.0002,-0.0001,21.73
1078792743,(주)스마트삼육,,0.0052,0.0005,0.0974,0.0015,0.0005,0.0006,0.0019,0.0017,0.0002,0.0002,,-0.0047,0.0969,-0.0959,-0.001,0.0001,0.0013,-0.0002,-0.0015,0.0,21.71
3728600724,아레나코리아주식회사,,,,,0.0004,0.0002,0.1716,0.7292,0.0005,0.0003,0.0003,,,,,-0.0002,0.1714,0.5576,-0.7287,-0.0002,0.0,21.67
1288633837,아우토슈타트(주),0.0007,0.0014,0.0006,0.0016,0.0013,0.0008,0.0009,0.0001,0.0002,0.0004,0.0001,0.0007,-0.0008,0.001,-0.0003,-0.0005,0.0001,-0.0008,0.0001,0.0002,-0.0003,21.62
2148764147,(주)세명엠디,,,,,,0.0003,0.0002,0.0001,0.0001,0.0002,0.0001,,,,,,-0.0001,-0.0001,0.0,0.0001,-0.0001,21.61
2208178402,한국마쯔다니(주),0.0001,0.0002,0.0003,0.0001,0.0001,0.0003,0.0002,0.0001,0.0001,0.0002,0.0001,0.0001,0.0001,-0.0002,0.0,0.0002,-0.0001,-0.0001,0.0,0.0001,-0.0001,21.61
1178153293,(주)덕산메텍스,,,,,0.0002,0.0002,0.0001,0.0001,0.0001,0.0002,0.0001,,,,,0.0,-0.0001,0.0,0.0,0.0001,-0.0001,21.61
1058176181,주식회사제이씨인터내쇼날,0.0001,0.0001,0.0001,0.0001,0.0001,0.0003,0.0001,0.0001,0.0001,0.0002,0.0001,0.0,0.0,0.0,0.0,0.0002,-0.0002,0.0,0.0,0.0001,-0.0001,21.61
6028162460,주식회사설빙,0.0003,0.0001,0.0005,0.0001,0.0001,0.0002,0.0002,0.0003,0.0001,0.0,0.0001,-0.0002,0.0004,-0.0004,0.0,0.0001,0.0,0.0001,-0.0002,-0.0001,0.0001,21.6
2618122990,(주)몽클레르코리아,,,0.0007,0.0004,0.0003,0.0005,0.0006,0.0003,0.0,0.0001,0.0001,,,-0.0003,-0.0001,0.0002,0.0001,-0.0003,-0.0003,0.0001,0.0,21.58
7858100037,주식회사장스푸드,,,,,,,,0.0012,0.0469,0.0005,0.0002,,,,,,,,0.0457,-0.0464,-0.0003,21.54
1108156042,(주)케미프렌드,,,,,,0.0005,0.0001,0.0001,0.0002,0.0001,0.0001,,,,,,-0.0004,0.0,0.0001,-0.0001,0.0,21.52
2028138509,(주)림스교역,,,,,0.0008,0.001,0.0004,0.0001,0.0002,0.0001,0.0001,,,,,0.0002,-0.0006,-0.0003,0.0001,-0.0001,0.0,21.52
4108160257,주식회사삼성하나로,,,,,,,0.0007,0.0001,0.0002,0.0001,0.0001,,,,,,,-0.0006,0.0001,-0.0001,0.0,21.52
2158664629,(주)에이치피케이,0.0007,0.0004,0.0007,0.0003,0.0016,0.0008,0.0006,0.0011,0.0007,0.0002,0.0002,-0.0003,0.0003,-0.0004,0.0013,-0.0008,-0.0002,0.0005,-0.0004,-0.0005,0.0,21.52
6068630271,주식회사일렉트릭스,,,,,0.0023,0.0008,0.0004,0.3358,0.0024,0.0014,0.0006,,,,,-0.0015,-0.0004,0.3354,-0.3334,-0.001,-0.0008,21.49
2138640335,싸이젠코리아(주),,,,,0.0002,0.0003,0.0001,0.0002,0.0001,0.0001,0.0001,,,,,0.0001,-0.0002,0.0001,-0.0001,0.0,0.0,21.43
1208656006,(주)드림인코,0.0002,0.0004,0.0001,0.0001,0.0001,0.0002,0.0001,0.0002,0.0001,0.0001,0.0001,0.0002,-0.0003,0.0,0.0,0.0001,-0.0001,0.0001,-0.0001,0.0,0.0,21.43
2118180957,주식회사두원,0.0002,0.0002,0.0004,0.0001,0.0002,0.0005,0.0002,0.0002,0.0001,0.0001,0.0001,0.0,0.0002,-0.0003,0.0001,0.0003,-0.0003,0.0,-0.0001,0.0,0.0,21.43
2208812409,던롭스포츠코리아(주),0.0002,0.0001,0.0002,0.0002,0.0001,0.0002,0.0002,0.0002,0.0001,0.0001,0.0001,-0.0001,0.0001,0.0,-0.0001,0.0001,0.0,0.0,-0.0001,0.0,0.0,21.43
2208830353,한국센트럴글래스주식회사,,,,,0.0005,0.0003,0.0003,0.0002,0.0001,0.0001,0.0001,,,,,-0.0002,0.0,-0.0001,-0.0001,0.0,0.0,21.43
2108117882,청암피앤피주식회사,0.0004,,,,,,,0.0002,0.0001,0.0001,0.0001,,,,,,,,-0.0001,0.0,0.0,21.43
2158133591,주식회사고원화성,0.0004,0.0001,0.0001,0.0,0.0002,0.0003,0.0002,0.0002,0.0001,0.0001,0.0001,-0.0003,0.0,-0.0001,0.0002,0.0001,-0.0001,0.0,-0.0001,0.0,0.0,21.43
2018147039,한국닛테츠물산주식회사,0.0001,0.0001,0.0002,0.0002,0.1316,0.0009,0.0001,0.0002,0.0001,0.0001,0.0001,0.0,0.0001,0.0,0.1314,-0.1307,-0.0008,0.0001,-0.0001,0.0,0.0,21.43
1078653971,(주)씨앤씨코퍼레이션,,,,,,0.0008,0.0001,0.0002,0.0001,0.0001,0.0001,,,,,,-0.0007,0.0001,-0.0001,0.0,0.0,21.43
6178620657,주식회사노랑푸드,,,,,,0.0006,0.0002,0.0002,0.0001,0.0001,0.0001,,,,,,-0.0004,0.0,-0.0001,0.0,0.0,21.43
1028142213,비피코리아(주),0.0001,0.0002,0.0001,0.0,0.0001,0.0003,0.0001,0.0002,0.0001,0.0001,0.0001,0.0001,-0.0001,-0.0001,0.0001,0.0002,-0.0002,0.0001,-0.0001,0.0,0.0,21.43
1068129172,노보자임스코리아(주),,,,,,,0.0001,0.0002,0.0001,0.0001,0.0001,,,,,,,0.0001,-0.0001,0.0,0.0,21.43
1388184658,(주)경산씨앤티,0.0003,0.0002,0.0004,0.0001,0.0001,0.0004,0.0001,0.0002,0.0001,0.0001,0.0001,-0.0001,0.0002,-0.0003,0.0,0.0003,-0.0003,0.0001,-0.0001,0.0,0.0,21.43
5048605457,(주)맛찬들,,,0.0003,0.0002,0.0002,0.0004,0.0001,0.0002,0.0001,0.0001,0.0001,,,-0.0001,0.0,0.0002,-0.0003,0.0001,-0.0001,0.0,0.0,21.43
2208725299,(주)에프제이코리아,,,,,0.0002,0.0006,0.0001,0.0002,0.0001,0.0001,0.0001,,,,,0.0004,-0.0005,0.0001,-0.0001,0.0,0.0,21.43
1058642880,씨케이디한국주식회사,0.0001,0.0002,0.0164,0.0003,0.0001,0.0004,0.0004,0.0002,0.0001,0.0001,0.0001,0.0001,0.0162,-0.0161,-0.0002,0.0003,0.0,-0.0002,-0.0001,0.0,0.0,21.43
1308649176,(주)아이엠에스코퍼레이션,,,,0.0015,0.0001,0.0003,0.0003,0.0002,0.0001,0.0001,0.0001,,,,-0.0014,0.0002,0.0,-0.0001,-0.0001,0.0,0.0,21.43
6068173130,주식회사가흥,,,,,,,0.0008,0.0002,0.0001,0.0001,0.0001,,,,,,,-0.0006,-0.0001,0.0,0.0,21.43
1088187464,주식회사새울토피아,,,0.0009,0.0004,0.0006,0.0002,0.0002,0.0002,0.0001,0.0001,0.0001,,,-0.0005,0.0002,-0.0004,0.0,0.0,-0.0001,0.0,0.0,21.43
1428132784,엠에이치샴페인즈앤드와인즈코리아주식회사,0.0001,0.0001,0.0002,0.0001,0.0004,0.0004,0.0001,0.0002,0.0001,0.0001,0.0001,0.0,0.0001,-0.0001,0.0003,0.0,-0.0003,0.0001,-0.0001,0.0,0.0,21.43
1138172911,주식회사켐타운,0.0003,,,0.0002,0.0001,0.0005,0.0004,0.0002,0.0001,0.0001,0.0001,,,,-0.0001,0.0004,-0.0001,-0.0002,-0.0001,0.0,0.0,21.43
1248701285,(주)비아다빈치,0.0001,0.0002,0.0001,0.0002,0.0004,0.0002,0.0001,0.0002,0.0001,0.0001,0.0001,0.0001,-0.0001,0.0001,0.0002,-0.0002,-0.0001,0.0001,-0.0001,0.0,0.0,21.43
1298123638,코리아테크노(주),0.0001,0.0003,0.0003,0.0001,0.0001,0.0001,0.0001,0.0002,0.0001,0.0001,0.0001,0.0002,0.0,-0.0002,0.0,0.0,0.0,0.0001,-0.0001,0.0,0.0,21.43
1248179817,부광자원주식회사,0.0049,0.037,0.0328,0.035,0.0058,0.0086,0.0018,0.0016,0.0005,0.0008,0.0002,0.0321,-0.0042,0.0022,-0.0292,0.0028,-0.0068,-0.0002,-0.0011,0.0003,-0.0006,21.41
1048602911,파마유니티상사(주),,,0.0007,0.0001,0.0004,0.0011,0.0005,0.0088,0.0006,0.148,0.0002,,,-0.0006,0.0003,0.0007,-0.0006,0.0083,-0.0082,0.1474,-0.1478,21.4
1298690694,주식회사베니토,,,,,,,,0.0006,0.0,0.0,0.0001,,,,,,,,-0.0006,0.0,0.0001,21.37
1288153008,하이덴하인코리아(주),0.0001,0.0001,0.0002,0.0003,0.0,0.0266,0.0032,0.0003,0.0002,0.0055,0.0001,0.0,0.0001,0.0001,-0.0003,0.0266,-0.0234,-0.0029,-0.0001,0.0053,-0.0054,21.36
2038165106,아주오토리움주식회사,,,0.0017,0.1304,0.0034,0.0037,0.0011,0.0011,0.0004,0.0005,0.0002,,,0.1287,-0.127,0.0003,-0.0026,0.0,-0.0007,0.0001,-0.0003,21.36
2158193740,주식회사코맥스인터내셔널,,,,,,,,0.0004,0.0,0.0001,0.0001,,,,,,,,-0.0004,0.0001,0.0,21.26
2158611160,주식회사코스폴물산,0.0002,0.0002,0.0004,0.0828,0.0717,0.054,0.0013,0.0003,0.0002,0.0028,0.0001,0.0,0.0002,0.0824,-0.0111,-0.0177,-0.0527,-0.001,-0.0001,0.0026,-0.0027,21.25
1508100338,삼경무역(주),,0.0004,0.0,0.0001,0.0,0.0001,0.0001,0.0002,0.0001,0.0466,0.0001,,-0.0004,0.0001,-0.0001,0.0001,0.0,0.0001,-0.0001,0.0465,-0.0465,21.23
6038125828,주식회사삼립,0.0001,0.0001,0.0,0.0,0.0001,0.0003,0.0003,0.0001,0.0003,0.0001,0.0001,0.0,-0.0001,0.0,0.0001,0.0002,0.0,-0.0002,0.0002,-0.0002,0.0,21.2
1208614933,한국대일본인쇄(주),0.0002,0.0001,0.0002,0.0,0.0,0.0001,0.0,0.0001,0.0003,0.0001,0.0001,-0.0001,0.0001,-0.0002,0.0,0.0001,-0.0001,0.0001,0.0002,-0.0002,0.0,21.2
1188111957,주식회사아프로산업,0.0001,0.0008,0.0017,0.0011,0.0008,0.0031,0.0002,0.0002,0.0002,0.0001,0.0001,0.0007,0.0009,-0.0006,-0.0003,0.0023,-0.0029,0.0,0.0,-0.0001,0.0,21.08
5038124062,(주)풍림,0.0002,0.0002,0.0001,0.0,0.0001,0.0007,0.0002,0.0002,0.0002,0.0001,0.0001,0.0,-0.0001,-0.0001,0.0001,0.0006,-0.0005,0.0,0.0,-0.0001,0.0,21.08
1208617487,파미래주식회사,0.0001,0.0002,0.0004,0.0002,0.0001,0.0004,0.0001,0.0002,0.0002,0.0001,0.0001,0.0001,0.0002,-0.0002,-0.0001,0.0003,-0.0003,0.0001,0.0,-0.0001,0.0,21.08
2138152063,주식회사아성다이소,0.0003,0.0004,0.0006,0.0001,0.0001,0.0001,0.0005,0.0002,0.0,0.0002,0.0001,0.0001,0.0002,-0.0005,0.0,0.0,0.0004,-0.0003,-0.0002,0.0002,-0.0001,21.05
1348601908,주식회사엠엠피,0.0001,0.0002,0.0006,0.0004,0.0001,0.001,0.008,0.0002,0.0001,0.0005,0.0001,0.0001,0.0004,-0.0002,-0.0003,0.0009,0.007,-0.0078,-0.0001,0.0004,-0.0004,21.03
1198665451,(주)화신해양,0.1298,0.8236,,,,0.0267,0.4857,0.91,0.6823,0.0108,0.0009,0.6938,,,,,0.459,0.4243,-0.2277,-0.6715,-0.0099,20.99
1078628166,아사히카세이케미칼즈코리아(주),0.0001,0.0001,0.0001,0.0,0.0001,0.0001,,0.0002,0.0001,0.0004,0.0001,0.0,0.0,-0.0001,0.0001,0.0,,,-0.0001,0.0003,-0.0003,20.98
2158763568,(주)나우워치,,,,,0.0008,0.0004,0.0002,0.0002,0.0003,0.0001,0.0001,,,,,-0.0004,-0.0002,0.0,0.0001,-0.0002,0.0,20.97
6178192326,(주)명보사,,,,,,,,0.0005,0.0,0.0001,0.0001,,,,,,,,-0.0005,0.0001,0.0,20.97
2118829487,주식회사밀본코리아,,,,,,0.0003,0.0001,0.0002,0.0001,0.0002,0.0001,,,,,,-0.0002,0.0001,-0.0001,0.0001,-0.0001,20.9
1238603186,킹스팜,,0.0017,0.0001,0.0001,0.0001,0.0003,0.0003,0.0002,0.0001,0.0002,0.0001,,-0.0016,0.0,0.0,0.0002,0.0,-0.0001,-0.0001,0.0001,-0.0001,20.9
1078191567,칸토덴카코리아주식회사,0.0001,0.0001,0.0002,0.0001,0.0001,0.0004,0.0002,0.0002,0.0001,0.0002,0.0001,0.0,0.0001,-0.0001,0.0,0.0003,-0.0002,0.0,-0.0001,0.0001,-0.0001,20.9
6078120223,(주)대일소방,,,,0.0004,0.0001,0.0003,0.0001,0.0002,0.0001,0.0002,0.0001,,,,-0.0003,0.0002,-0.0002,0.0001,-0.0001,0.0001,-0.0001,20.9
1198130845,주식회사와이케이건기,0.0001,0.0001,0.0001,0.0001,0.0001,0.0001,0.0001,0.0002,0.0001,0.0002,0.0001,0.0,0.0,0.0,0.0,0.0,0.0,0.0001,-0.0001,0.0001,-0.0001,20.9
2028162090,주식회사불가리코리아,0.0001,0.0002,0.0001,0.0001,0.0,0.0002,0.0001,0.0002,0.0001,0.0002,0.0001,0.0001,-0.0001,0.0,-0.0001,0.0002,-0.0001,0.0001,-0.0001,0.0001,-0.0001,20.9
2298109504,(주)인터케어,0.0002,0.0002,0.0002,0.0001,0.0001,0.0004,0.0002,0.0002,0.0001,0.0002,0.0001,0.0,0.0,-0.0001,0.0,0.0003,-0.0002,0.0,-0.0001,0.0001,-0.0001,20.9
1138166651,(주)드림칩,,0.0008,0.0001,0.0005,0.0001,0.0003,0.0002,0.0002,0.0001,0.0002,0.0001,,-0.0007,0.0004,-0.0004,0.0002,-0.0001,0.0,-0.0001,0.0001,-0.0001,20.9
2648103819,(주)코삭,0.0016,0.0009,0.0005,0.0003,0.0001,0.0011,0.0003,0.0002,0.0001,0.0002,0.0001,-0.0007,-0.0004,-0.0002,-0.0002,0.001,-0.0008,-0.0001,-0.0001,0.0001,-0.0001,20.9
1428121856,주식회사엠지씨,,,,0.0012,0.0001,0.0002,0.0002,0.0002,0.0001,0.0002,0.0001,,,,-0.0011,0.0001,0.0,0.0,-0.0001,0.0001,-0.0001,20.9
1048128177,(주)우신켐텍,0.0002,0.0001,0.0003,0.0001,0.0001,0.0003,0.0002,0.0002,0.0001,0.0002,0.0001,-0.0001,0.0002,-0.0002,0.0,0.0002,-0.0001,0.0,-0.0001,0.0001,-0.0001,20.9
2208676277,알버말코리아주식회사,0.0001,0.0001,0.0001,0.0001,0.0001,0.0002,0.0001,0.0002,0.0001,0.0002,0.0001,0.0,0.0,0.0,0.0,0.0001,-0.0001,0.0001,-0.0001,0.0001,-0.0001,20.9
1128800179,(주)아이더스에프앤비,,,,,,,0.0004,0.0002,0.0001,0.0003,0.0001,,,,,,,-0.0002,-0.0001,0.0002,-0.0002,20.86
5148179607,주식회사코레카,,,,,,,0.0005,0.0002,0.0001,0.0003,0.0001,,,,,,,-0.0003,-0.0001,0.0002,-0.0002,20.86
1308643982,도현개발(주),,,0.0005,0.0003,0.0007,0.0009,0.0009,0.0259,0.0007,0.0007,0.0003,,,-0.0002,0.0004,0.0002,0.0,0.025,-0.0252,0.0,-0.0004,20.82
2088115483,한국코닥주식회사,0.0334,0.0001,0.0244,0.0007,0.0001,0.0004,0.0001,0.0547,0.0003,0.0699,0.0002,-0.0333,0.0243,-0.0237,-0.0006,0.0003,-0.0003,0.0546,-0.0544,0.0696,-0.0697,20.79
6108197621,주식회사비봉케미칼,,,0.0008,0.0002,0.0008,0.002,0.0003,0.0001,0.0002,0.0002,0.0001,,,-0.0006,0.0006,0.0012,-0.0017,-0.0002,0.0001,0.0,-0.0001,20.78
2138634677,(주)성우마린,,,,,,,0.0007,0.0003,0.0735,0.0001,0.0001,,,,,,,-0.0004,0.0732,-0.0734,0.0,20.78
1208620513,(주)케미원,,,,,,,0.0003,0.0001,0.0002,0.0002,0.0001,,,,,,,-0.0002,0.0001,0.0,-0.0001,20.78
1448600468,주식회사스케쳐스코리아,,,0.0012,0.0581,0.5922,0.0091,0.0004,0.0003,0.0001,0.0001,0.0001,,,0.0569,0.5341,-0.5831,-0.0087,-0.0001,-0.0002,0.0,0.0,20.75
1108605005,한국미즈노주식회사,0.0005,0.0018,0.0005,0.0003,0.0001,0.0003,0.0795,0.0003,0.0001,0.0001,0.0001,0.0013,-0.0013,-0.0002,-0.0002,0.0002,0.0792,-0.0792,-0.0002,0.0,0.0,20.75
1418108831,(주)비앤씨인터내셔널,,,0.0002,0.0001,0.0001,0.0002,0.0001,0.0003,0.0001,0.0001,0.0001,,,-0.0001,0.0,0.0001,-0.0001,0.0002,-0.0002,0.0,0.0,20.75
1138667752,(주)씨에스비전,,,,,,0.0006,0.0001,0.0003,0.0001,0.0001,0.0001,,,,,,-0.0005,0.0002,-0.0002,0.0,0.0,20.75
1998601133,주식회사스웨즈락코리아플루이드시스템즈테크놀로지스,,,,,0.0028,0.0015,0.0006,0.0003,0.0001,0.0001,0.0001,,,,,-0.0013,-0.0009,-0.0003,-0.0002,0.0,0.0,20.75
1058657665,(주)토탈메디칼,,,,,,,,0.0003,0.0001,0.0001,0.0001,,,,,,,,-0.0002,0.0,0.0,20.75
2148612619,보스톤사이언티픽코리아(주),0.0001,0.0002,0.0002,0.0001,0.0001,0.0003,0.0001,0.0003,0.0001,0.0001,0.0001,0.0001,0.0,-0.0001,0.0,0.0002,-0.0002,0.0002,-0.0002,0.0,0.0,20.75
3158601434,비아트리스코리아주식회사,,,,,,0.0006,0.0001,0.0003,0.0001,0.0001,0.0001,,,,,,-0.0005,0.0002,-0.0002,0.0,0.0,20.75
1388163838,영인에스티주식회사,,,,0.0006,0.0001,0.0002,0.0001,0.0003,0.0001,0.0001,0.0001,,,,-0.0005,0.0001,-0.0001,0.0002,-0.0002,0.0,0.0,20.75
2028143813,주식회사한진트레이딩,,,,,,0.0002,0.0002,0.0003,0.0001,0.0001,0.0001,,,,,,0.0,0.0001,-0.0002,0.0,0.0,20.75
6028124281,(주)경부산업,0.0004,0.0002,0.0003,0.0001,0.0001,0.0003,0.0002,0.0003,0.0001,0.0001,0.0001,-0.0002,0.0001,-0.0002,0.0,0.0002,-0.0001,0.0001,-0.0002,0.0,0.0,20.75
6168157097,(주)제주지오영,0.0003,0.0002,0.0003,0.0002,0.0002,0.0006,0.0004,0.0003,0.0001,0.0001,0.0001,-0.0001,0.0001,-0.0001,0.0,0.0004,-0.0002,-0.0001,-0.0002,0.0,0.0,20.75
1238184466,(주)오토뱅크,,,,,,0.0004,0.0002,0.0003,0.0001,0.0001,0.0001,,,,,,-0.0002,0.0001,-0.0002,0.0,0.0,20.75
1238166527,(주)다인트레이딩,,,,,,,,0.0006,0.0,0.0001,0.0001,,,,,,,,-0.0006,0.0001,0.0,20.72
1168155129,아토텍코리아,0.0001,0.0001,0.0004,0.0001,0.0001,0.0002,0.0003,0.0002,0.0,0.0003,0.0001,0.0,0.0003,-0.0003,0.0,0.0001,0.0001,-0.0001,-0.0002,0.0003,-0.0002,20.68
6068641083,(주)리우,,0.0011,0.0001,0.0015,0.0002,0.0003,0.0001,0.0003,0.0002,0.0005,0.0001,,-0.001,0.0014,-0.0013,0.0001,-0.0002,0.0002,-0.0001,0.0003,-0.0004,20.68
4818601478,페이머스스튜디오주식회사,,,,,,,,0.0004,0.0221,0.0001,0.0001,,,,,,,,0.0217,-0.022,0.0,20.59
1068183458,(주)컴퓨존,0.0021,0.0023,0.0006,0.0005,0.0002,0.0004,0.0006,0.0008,0.0006,0.0005,0.0002,0.0002,-0.0017,-0.0001,-0.0003,0.0002,0.0002,0.0002,-0.0002,-0.0001,-0.0003,20.55
1478601466,(주)아이닉,,,,,,,,0.0006,0.0001,0.0,0.0001,,,,,,,,-0.0005,-0.0001,0.0001,20.55
2038149713,태종약품주식회사,0.0003,0.0002,0.0003,0.0001,0.0001,0.0006,0.0004,0.0001,0.0028,0.0001,0.0001,-0.0001,0.0001,-0.0002,0.0,0.0005,-0.0002,-0.0003,0.0027,-0.0027,0.0,20.52
8818701258,주식회사위펀,,,,,,,,0.0027,0.0144,0.0001,0.0001,,,,,,,,0.0117,-0.0143,0.0,20.5
2208760199,주식회사에스앤피리미티드,0.0004,0.0004,0.0021,0.0041,0.0006,0.001,0.0005,0.0009,0.0017,0.001,0.0002,0.0,0.0017,0.002,-0.0035,0.0004,-0.0005,0.0004,0.0008,-0.0007,-0.0008,20.44
1048634150,주식회사엔캣,0.0002,0.0006,0.0012,0.0005,0.0002,0.0011,0.381,0.0023,0.0004,0.0002,0.0002,0.0004,0.0006,-0.0007,-0.0003,0.0009,0.3799,-0.3787,-0.0019,-0.0002,0.0,20.41
2208127086,디케이엠텍(주),0.0481,0.6258,0.0023,0.0003,0.0003,0.0007,0.0004,0.0909,0.0247,0.0023,0.0006,0.5777,-0.6235,-0.002,0.0,0.0004,-0.0003,0.0905,-0.0662,-0.0224,-0.0017,20.4
2138163518,(주)용비통상,,0.0015,0.0004,0.0002,0.0001,0.0007,0.0002,0.0003,0.0002,0.0001,0.0001,,-0.0011,-0.0002,-0.0001,0.0006,-0.0005,0.0001,-0.0001,-0.0001,0.0,20.37
3148103278,(주)페리카나,0.0002,0.0001,0.0001,0.0002,0.0004,0.003,0.0007,0.0003,0.0002,0.0001,0.0001,-0.0001,0.0,0.0001,0.0002,0.0026,-0.0023,-0.0004,-0.0001,-0.0001,0.0,20.37
1248198454,(주)모아캠,0.0001,0.0001,0.0001,0.0,0.0001,0.0021,0.0001,0.0003,0.0002,0.0001,0.0001,0.0,0.0,-0.0001,0.0001,0.002,-0.002,0.0002,-0.0001,-0.0001,0.0,20.37
1058196057,순홍상사(주),0.0001,0.0003,0.0003,0.0001,0.0002,0.0004,0.0004,0.0002,0.0002,0.0002,0.0001,0.0002,0.0,-0.0002,0.0001,0.0002,0.0,-0.0002,0.0,0.0,-0.0001,20.35
1068617064,주식회사디에스앤지,,,,0.0004,0.0,0.0002,0.0001,0.0002,0.0002,0.0002,0.0001,,,,-0.0004,0.0002,-0.0001,0.0001,0.0,0.0,-0.0001,20.35
1208194591,한국델몬트후레쉬프로듀스(주),0.0003,0.0006,0.0003,0.0001,0.0003,0.0005,0.0002,0.0003,0.0003,0.0004,0.0001,0.0003,-0.0003,-0.0002,0.0002,0.0002,-0.0003,0.0001,0.0,0.0001,-0.0003,20.35
1278636957,주식회사진호,,,,,,0.0004,0.0001,0.0002,0.0002,0.0002,0.0001,,,,,,-0.0003,0.0001,0.0,0.0,-0.0001,20.35
3358100623,주식회사베리굿타일앤스톤,,,,,,,0.0005,0.0002,0.0002,0.0002,0.0001,,,,,,,-0.0003,0.0,0.0,-0.0001,20.35
4088129985,주식회사그린알로에,,,,,0.0003,0.0002,0.0001,0.0002,0.0002,0.0002,0.0001,,,,,-0.0001,-0.0001,0.0001,0.0,0.0,-0.0001,20.35
2148792702,디에이치케이솔루션(주),0.2628,0.0462,0.0002,0.0002,0.0013,0.0016,0.0003,0.0003,0.0001,0.0005,0.0001,-0.2166,-0.046,0.0,0.0011,0.0003,-0.0013,0.0,-0.0002,0.0004,-0.0004,20.35
1058197037,화인페이퍼(주),0.0006,0.0002,0.0006,0.0005,0.0003,0.0005,0.0002,0.0002,0.0002,0.0002,0.0001,-0.0004,0.0004,-0.0001,-0.0002,0.0002,-0.0003,0.0,0.0,0.0,-0.0001,20.35
1298177565,(주)쉐프스푸드,,,,,,,,0.0004,0.0001,0.0001,0.0001,,,,,,,,-0.0003,0.0,0.0,20.32
4738800846,(주)에이젯유통,,,,,,0.0005,0.0001,0.0004,0.0001,0.0001,0.0001,,,,,,-0.0004,0.0003,-0.0003,0.0,0.0,20.32
3468101336,주식회사블랑두부,,,,,,,,0.0007,0.0001,0.0,0.0001,,,,,,,,-0.0006,-0.0001,0.0001,20.3
3908600737,주식회사앤드모어,,,,,,,,0.0007,0.0001,0.0,0.0001,,,,,,,,-0.0006,-0.0001,0.0001,20.3
6078124461,(주)비즈코,0.0016,0.0003,0.0005,0.0,0.0,0.0006,0.0002,0.0003,0.0001,0.0004,0.0001,-0.0013,0.0002,-0.0005,0.0,0.0006,-0.0004,0.0001,-0.0002,0.0003,-0.0003,20.29
5048162768,(주)그린식품,,0.0039,0.0128,,,0.0029,0.0003,0.0041,0.0003,0.0004,0.0002,,0.0089,,,,-0.0026,0.0038,-0.0038,0.0001,-0.0002,20.22
1078610031,주식회사삼천리이에스,0.0002,0.0004,0.0009,0.7088,0.0019,0.0169,0.0008,0.3513,0.6569,0.1412,0.0003,0.0002,0.0005,0.7079,-0.7069,0.015,-0.0161,0.3505,0.3056,-0.5157,-0.1409,20.22
7768600421,주식회사에이치티인더스트리얼트레이딩,,,,0.0006,0.0007,0.0005,0.0001,0.0003,0.0001,0.0002,0.0001,,,,0.0001,-0.0002,-0.0004,0.0002,-0.0002,0.0001,-0.0001,20.21
6058186665,주식회사삼화코리아,,,,,,0.0007,0.0001,0.0003,0.0001,0.0002,0.0001,,,,,,-0.0006,0.0002,-0.0002,0.0001,-0.0001,20.21
1208118268,한국폴(주),0.0001,0.0001,0.0001,0.0003,0.0002,0.0002,0.0002,0.0003,0.0001,0.0002,0.0001,0.0,0.0,0.0002,-0.0001,0.0,0.0,0.0001,-0.0002,0.0001,-0.0001,20.21
2948700310,주식회사서원유통,,0.0024,0.0002,0.0001,0.0001,0.0006,0.0003,0.0003,0.0001,0.0002,0.0001,,-0.0022,-0.0001,0.0,0.0005,-0.0003,0.0,-0.0002,0.0001,-0.0001,20.21
2078140276,스펙트리스코리아주식회사,0.0003,0.0007,0.0002,0.0002,0.0001,0.0002,0.0002,0.0003,0.0001,0.0002,0.0001,0.0004,-0.0005,0.0,-0.0001,0.0001,0.0,0.0001,-0.0002,0.0001,-0.0001,20.21
2158175209,(주)사강랩테크,,,,,,0.0006,0.0003,0.0003,0.0001,0.0002,0.0001,,,,,,-0.0003,0.0,-0.0002,0.0001,-0.0001,20.21
1068685373,주식회사웍스아웃,,,,,,0.0006,0.0004,0.0003,0.0001,0.0002,0.0001,,,,,,-0.0002,-0.0001,-0.0002,0.0001,-0.0001,20.21
1238643776,(주)에이치엠티,,,,,,,,0.0008,0.0001,0.0,0.0001,,,,,,,,-0.0007,-0.0001,0.0001,20.08
7588702369,주식회사디엔컴퍼니,,,,,,,,0.001,0.0,0.0001,0.0001,,,,,,,,-0.001,0.0001,0.0,20.04
2028143093,주식회사경진이레,,,0.0005,0.0003,0.0004,0.0014,0.0007,0.0005,0.0,0.0002,0.0001,,,-0.0002,0.0001,0.001,-0.0007,-0.0002,-0.0005,0.0002,-0.0001,20.0
1358196378,주식회사우리철강,,,,,,,,0.0005,0.0001,0.0001,0.0001,,,,,,,,-0.0004,0.0,0.0,19.99
2208601214,데상트코리아주식회사,0.0001,0.0001,0.0001,0.0001,0.0001,0.0011,0.0104,0.0005,0.0001,0.0001,0.0001,0.0,0.0,0.0,0.0,0.001,0.0093,-0.0099,-0.0004,0.0,0.0,19.99
2158787798,주식회사농업회사법인이화원,,,,,,0.0003,0.0002,0.0005,0.0001,0.0001,0.0001,,,,,,-0.0001,0.0003,-0.0004,0.0,0.0,19.99
6068180247,한진하이메탈(주),,,,0.0002,0.0001,0.0004,0.0005,0.0005,0.0001,0.0001,0.0001,,,,-0.0001,0.0003,0.0001,0.0,-0.0004,0.0,0.0,19.99
1308658199,네이처스팜(주),,,,,,,,0.0005,0.0001,0.0001,0.0001,,,,,,,,-0.0004,0.0,0.0,19.99
2048145272,세광인터내셔날네트워크(주),,0.0027,0.0003,0.0001,0.0009,0.0008,0.0003,0.0009,0.0006,0.0004,0.0002,,-0.0024,-0.0002,0.0008,-0.0001,-0.0005,0.0006,-0.0003,-0.0002,-0.0002,19.96
2188110578,주식회사대명케미칼,,,,,,0.0006,0.0004,0.0004,0.0001,0.0004,0.0001,,,,,,-0.0002,0.0,-0.0003,0.0003,-0.0003,19.86
1208174902,한국와트로주식회사,0.0676,0.6195,0.0007,,0.0001,0.0002,0.0002,0.0004,0.0001,0.0004,0.0001,0.5519,-0.6188,,,0.0001,0.0,0.0002,-0.0003,0.0003,-0.0003,19.86
4108632998,주식회사케이미트광주,,,,,,0.0008,0.0002,0.0004,0.0001,0.0002,0.0001,,,,,,-0.0006,0.0002,-0.0003,0.0001,-0.0001,19.78
1208157709,세웅플랜트(주),0.7522,0.3152,0.0009,0.0002,0.0003,0.001,0.0003,0.0004,0.0001,0.0002,0.0001,-0.437,-0.3143,-0.0007,0.0001,0.0007,-0.0007,0.0001,-0.0003,0.0001,-0.0001,19.78
1358610021,주식회사인투바이오,,,,,,,,0.0004,0.0001,0.0002,0.0001,,,,,,,,-0.0003,0.0001,-0.0001,19.78
1148642735,(주)중동텍스타일,,,,,,,,0.001,0.0001,0.0,0.0001,,,,,,,,-0.0009,-0.0001,0.0001,19.77
2058125395,중앙약품판매(주),0.0032,0.0012,0.0028,0.0011,0.0007,0.0021,0.0005,0.0054,0.0004,0.0005,0.0002,-0.002,0.0016,-0.0017,-0.0004,0.0014,-0.0016,0.0049,-0.005,0.0001,-0.0003,19.73
1198617643,주식회사메디시크,0.0004,0.0003,0.0001,0.0,0.0002,0.0013,0.0005,0.0006,0.0001,0.0001,0.0001,-0.0001,-0.0002,-0.0001,0.0002,0.0011,-0.0008,0.0001,-0.0005,0.0,0.0,19.7
1268193979,(주)카파아이엔티,0.0001,0.0002,0.0006,0.0001,0.0001,0.0004,0.0007,0.0006,0.0001,0.0001,0.0001,0.0001,0.0004,-0.0005,0.0,0.0003,0.0003,-0.0001,-0.0005,0.0,0.0,19.7
1148712295,(주)창현,,,,,0.0006,0.0006,0.0003,0.0006,0.0001,0.0001,0.0001,,,,,0.0,-0.0003,0.0003,-0.0005,0.0,0.0,19.7
1068175389,캐져콤푸레셔(주),,,,,,,,0.0006,0.0001,0.0001,0.0001,,,,,,,,-0.0005,0.0,0.0,19.7
6058130064,다본금속,,,,,,,,0.0014,0.0,0.0001,0.0001,,,,,,,,-0.0014,0.0001,0.0,19.68
3058170958,(주)이삭,,,,,,0.0004,0.0003,0.0003,0.0002,0.0002,0.0001,,,,,,-0.0001,0.0,-0.0001,0.0,-0.0001,19.63
2158679762,제이앤티팜주식회사,0.002,0.0001,0.0003,0.0002,0.0001,0.0011,0.0004,0.0003,0.0002,0.0002,0.0001,-0.0019,0.0002,-0.0001,-0.0001,0.001,-0.0007,-0.0001,-0.0001,0.0,-0.0001,19.63
2148777074,주식회사대경페이퍼앤펄프,,,0.0001,0.0393,0.2732,0.031,0.0447,0.0003,0.0002,0.0002,0.0001,,,0.0392,0.2339,-0.2422,0.0137,-0.0444,-0.0001,0.0,-0.0001,19.63
1018628038,니프로메디칼코리아주식회사,,,,0.0007,0.0001,0.0005,0.0004,0.0003,0.0002,0.0002,0.0001,,,,-0.0006,0.0004,-0.0001,-0.0001,-0.0001,0.0,-0.0001,19.63
1308164885,에스에스티엠주식회사,,,,,,,0.0004,0.0003,0.0003,0.0003,0.0001,,,,,,,-0.0001,0.0,0.0,-0.0002,19.47
8098701445,주식회사케이팜,,,,,,0.001,0.0001,0.0005,0.0001,0.0002,0.0001,,,,,,-0.0009,0.0004,-0.0004,0.0001,-0.0001,19.45
5148150158,주식회사진솔,,,,,,,,0.0007,0.0001,0.0001,0.0001,,,,,,,,-0.0006,0.0,0.0,19.45
1208174955,인퍼니스(주),,,,,,0.0004,0.0002,0.0005,0.0001,0.0003,0.0001,,,,,,-0.0002,0.0003,-0.0004,0.0002,-0.0002,19.42
6068652464,주식회사한미에스앤피,,,,0.0005,0.0001,0.0002,0.0001,0.0004,0.0002,0.0003,0.0001,,,,-0.0004,0.0001,-0.0001,0.0003,-0.0002,0.0001,-0.0002,19.34
2158799580,주식회사로저나인,,,,,,0.0004,0.0001,0.0,0.0,0.0001,0.0,,,,,,-0.0003,-0.0001,0.0,0.0001,-0.0001,19.3
6848101164,주식회사하이드어웨이,,,,,,0.0013,0.0005,0.0005,0.0002,0.0001,0.0001,,,,,,-0.0008,0.0,-0.0003,-0.0001,0.0,19.25
1248716721,주식회사이노플로우,,,,0.0002,0.0001,0.0001,0.0004,0.0005,0.0002,0.0001,0.0001,,,,-0.0001,0.0,0.0003,0.0001,-0.0003,-0.0001,0.0,19.25
1368131155,원랜드아울렛,0.2898,0.0709,0.0077,0.0013,0.0019,0.0015,0.0009,0.0203,0.0005,0.0002,0.0002,-0.2189,-0.0632,-0.0064,0.0006,-0.0004,-0.0006,0.0194,-0.0198,-0.0003,0.0,19.24
5778100547,주식회사가나,,,,,,,,0.0008,0.0001,0.0001,0.0001,,,,,,,,-0.0007,0.0,0.0,19.23
1178180577,주식회사수호케미칼,,,,,,,,0.0008,0.0001,0.0001,0.0001,,,,,,,,-0.0007,0.0,0.0,19.23
2208896961,(주)영성케미칼,,,,,,,,0.0008,0.0001,0.0001,0.0001,,,,,,,,-0.0007,0.0,0.0,19.23
2018176174,(주)에이비씨마트코리아,0.0001,0.0001,0.0002,0.0001,0.0001,0.001,0.0068,0.0008,0.0001,0.0001,0.0001,0.0,0.0001,-0.0001,0.0,0.0009,0.0058,-0.006,-0.0007,0.0,0.0,19.23
6098134193,(주)팜테크,,,,,,,,0.0009,0.0,0.0002,0.0001,,,,,,,,-0.0009,0.0002,-0.0001,19.22
1408171331,주식회사스타일앤코,,,,,,,,0.0006,0.0001,0.0002,0.0001,,,,,,,,-0.0005,0.0001,-0.0001,19.16
1208727866,주식회사인포벨,,,,,,0.0002,0.0001,0.0001,0.0,0.0,0.0,,,,,,-0.0001,0.0,-0.0001,0.0,0.0,19.12
6318700028,주식회사에프엠제이인터내셔날,,,,,,0.0005,0.0002,0.0002,0.1296,0.0002,0.0001,,,,,,-0.0003,0.0,0.1294,-0.1294,-0.0001,19.11
1208712188,(주)브이엘엔코,0.0,0.0001,0.0,0.0,0.0001,0.0005,0.0679,0.1765,0.0091,0.0001,0.0002,0.0001,-0.0001,0.0,0.0001,0.0004,0.0674,0.1086,-0.1674,-0.009,0.0001,19.1
1148159814,(주)젠니혼주류,,,,,,,,0.0009,0.0001,0.0001,0.0001,,,,,,,,-0.0008,0.0,0.0,19.07
4408800977,주식회사와이즈미디어커머스,,,,,,,,0.0009,0.0001,0.0001,0.0001,,,,,,,,-0.0008,0.0,0.0,19.07
6068630306,주식회사덕호,,,,,,,,0.0009,0.0001,0.0001,0.0001,,,,,,,,-0.0008,0.0,0.0,19.07
1248714913,(주)명인코리아,,,,,0.0015,0.0011,0.0029,0.0035,0.0012,0.0008,0.0003,,,,,-0.0004,0.0018,0.0006,-0.0023,-0.0004,-0.0005,19.06
2108160114,고려기프트주식회사,,,,,0.0006,0.0004,0.0001,0.0004,0.0002,0.0002,0.0001,,,,,-0.0002,-0.0003,0.0003,-0.0002,0.0,-0.0001,18.95
1268647204,주식회사스타비젼,,,0.0003,0.0,0.0,0.0004,0.0001,0.0004,0.0002,0.0002,0.0001,,,-0.0003,0.0,0.0004,-0.0003,0.0003,-0.0002,0.0,-0.0001,18.95
2088701244,비콘얼라이언스주식회사,,,,,,,,0.001,0.0001,0.0001,0.0001,,,,,,,,-0.0009,0.0,0.0,18.92
2068193009,주식회사오성우산,,,,,,,,0.001,0.0001,0.0001,0.0001,,,,,,,,-0.0009,0.0,0.0,18.92
2148878065,바이오트로닉코리아주식회사,,,0.0006,0.0003,0.0002,0.0018,0.0002,0.0006,0.0002,0.0001,0.0001,,,-0.0003,-0.0001,0.0016,-0.0016,0.0004,-0.0004,-0.0001,0.0,18.92
1078746351,(주)제이씨리소시즈,,,,,,,,0.001,0.0001,0.0001,0.0001,,,,,,,,-0.0009,0.0,0.0,18.92
1208688037,(주)니혼슈코리아,,,,,,,,0.0007,0.0001,0.0002,0.0001,,,,,,,,-0.0006,0.0001,-0.0001,18.91
4038601385,주식회사가천린포크축산물도매센터,,,,,,,0.0003,0.0001,0.0005,0.0004,0.0001,,,,,,,-0.0002,0.0004,-0.0001,-0.0003,18.89
1428123456,주식회사웰파인,,,,0.0028,0.1202,0.1599,0.0115,0.049,0.0062,0.0011,0.0004,,,,0.1174,0.0397,-0.1484,0.0375,-0.0428,-0.0051,-0.0007,18.88
1098600859,(주)아산메디칼,,,0.0002,0.0002,0.0002,0.0007,0.0002,0.0003,0.0004,0.0003,0.0001,,,0.0,0.0,0.0005,-0.0005,0.0001,0.0001,-0.0001,-0.0002,18.84
1058691232,(주)아이엔에프아이엑스,,0.0035,0.0002,0.0003,0.0002,0.0003,0.0001,0.0003,0.0004,0.0003,0.0001,,-0.0033,0.0001,-0.0001,0.0001,-0.0002,0.0002,0.0001,-0.0001,-0.0002,18.84
5038147070,성아텍주식회사,,,,,,,0.0006,0.0003,0.0004,0.0003,0.0001,,,,,,,-0.0003,0.0001,-0.0001,-0.0002,18.84
1238648335,코오롱오토모티브(주),,,,0.0029,0.0002,0.0008,0.0003,0.0008,0.0004,0.0007,0.0001,,,,-0.0027,0.0006,-0.0005,0.0005,-0.0004,0.0003,-0.0006,18.81
2208870753,(주)미즈무역,,,,,,0.0002,0.0001,0.0001,0.0201,0.0002,0.0001,,,,,,-0.0001,0.0,0.02,-0.0199,-0.0001,18.78
1068671016,엠디텍인터내셔널(주),,,,,,,,0.0011,0.0001,0.0001,0.0001,,,,,,,,-0.001,0.0,0.0,18.78
1448106109,주식회사에이엘웍스,,,,,,,,0.0011,0.0001,0.0001,0.0001,,,,,,,,-0.001,0.0,0.0,18.78
7218800949,캄파리코리아주식회사,,,,,,,,0.0014,0.0,0.0002,0.0001,,,,,,,,-0.0014,0.0002,-0.0001,18.71
6128118049,주식회사오대양수산,,,,,,,,0.0008,0.0001,0.0002,0.0001,,,,,,,,-0.0007,0.0001,-0.0001,18.69
2208736501,바이탈에어코리아(주),0.0011,0.0012,0.0031,0.002,0.0008,0.0022,0.0032,0.0003,0.0005,0.0004,0.0001,0.0001,0.0019,-0.0011,-0.0012,0.0014,0.001,-0.0029,0.0002,-0.0001,-0.0003,18.68
2648105141,탑진단주식회사,,,,,,,,0.0012,0.0001,0.0001,0.0001,,,,,,,,-0.0011,0.0,0.0,18.66
3698100441,농업회사법인주식회사플럼버,,,,,,,,0.0012,0.0001,0.0001,0.0001,,,,,,,,-0.0011,0.0,0.0,18.66
1378639932,(주)반찬단지,,,,,0.001,0.0008,0.0007,0.0006,0.0004,0.0005,0.0001,,,,,-0.0002,-0.0001,-0.0001,-0.0002,0.0001,-0.0004,18.65
2158675859,(주)고도케미칼,,,,,,0.0016,0.0003,0.0007,0.0002,0.0001,0.0001,,,,,,-0.0013,0.0004,-0.0005,-0.0001,0.0,18.63
1018637857,주식회사기타네트,0.0001,0.0001,0.0001,0.0,0.0001,0.0007,,0.0007,0.0002,0.0001,0.0001,0.0,0.0,-0.0001,0.0001,0.0006,,,-0.0005,-0.0001,0.0,18.63
1248730363,온라인팜주식회사,0.0009,0.2217,0.0056,0.0046,0.0037,0.0014,0.0002,0.0007,0.0002,0.0001,0.0001,0.2208,-0.2161,-0.001,-0.0009,-0.0023,-0.0012,0.0005,-0.0005,-0.0001,0.0,18.63
2298129233,셀라니즈코리아주식회사,,,,0.0003,0.0001,0.0003,0.0001,0.0134,0.0,0.0001,0.0001,,,,-0.0002,0.0002,-0.0002,0.0133,-0.0134,0.0001,0.0,18.62
2018630192,(주)케이디에스디앤티,,,,0.0002,0.0001,0.0003,0.0002,0.0005,0.0007,0.0002,0.0001,,,,-0.0001,0.0002,-0.0001,0.0003,0.0002,-0.0005,-0.0001,18.6
1018605258,아쿠쉬네트코리아,0.0003,0.0001,0.0001,0.0,0.0001,0.0001,0.0001,0.0001,0.0,0.0001,0.0,-0.0002,0.0,-0.0001,0.0001,0.0,0.0,0.0,-0.0001,0.0001,-0.0001,18.58
6098198993,(주)석지,0.0823,0.0024,0.0013,0.0005,0.0001,0.0002,0.0002,0.0006,0.0002,0.0003,0.0001,-0.0799,-0.0011,-0.0008,-0.0004,0.0001,0.0,0.0004,-0.0004,0.0001,-0.0002,18.58
1178146910,써모피셔사이언티픽코리아(주),0.0001,0.0001,0.1033,0.001,0.0002,0.0007,0.0001,0.0001,0.0,0.0001,0.0,0.0,0.1032,-0.1023,-0.0008,0.0005,-0.0006,0.0,-0.0001,0.0001,-0.0001,18.58
1138619599,주식회사엠펙스메디칼,,,,,,,,0.0013,0.0001,0.0001,0.0001,,,,,,,,-0.0012,0.0,0.0,18.57
8468100671,소다미주식회사,,,,,,,,0.0013,0.0001,0.0001,0.0001,,,,,,,,-0.0012,0.0,0.0,18.57
2208834039,(주)아프로존,0.0003,0.0002,0.0002,0.0016,0.0003,0.0011,0.0021,0.0004,0.0003,0.0002,0.0001,-0.0001,0.0,0.0014,-0.0013,0.0008,0.001,-0.0017,-0.0001,-0.0001,-0.0001,18.56
2128130479,(주)동성조명,,,,,,,,0.0009,0.0001,0.0002,0.0001,,,,,,,,-0.0008,0.0001,-0.0001,18.53
1208681617,스투트가르트스포츠카주식회사,0.0001,0.0017,0.5551,0.5476,0.0806,0.0873,0.0006,0.0009,0.0001,0.0002,0.0001,0.0016,0.5534,-0.0075,-0.467,0.0067,-0.0867,0.0003,-0.0008,0.0001,-0.0001,18.53
5068186295,주식회사가나축산물유통,,,,,,,0.0005,0.0001,0.0003,0.0,0.0,,,,,,,-0.0004,0.0002,-0.0003,0.0,18.52
1068136673,신성반도체(주),0.0009,0.0117,0.0003,0.001,0.0004,0.0012,0.0006,0.0005,0.0002,0.0002,0.0001,0.0108,-0.0114,0.0007,-0.0006,0.0008,-0.0006,-0.0001,-0.0003,0.0,-0.0001,18.51
1068109614,동하산업(주),0.0003,0.0004,0.001,0.0003,0.0002,0.0005,0.0004,0.001,0.0001,0.0002,0.0001,0.0001,0.0006,-0.0007,-0.0001,0.0003,-0.0001,0.0006,-0.0009,0.0001,-0.0001,18.38
2118725408,(주)두오모,,,,0.0003,0.0004,0.0173,0.0008,0.0007,0.0002,0.0003,0.0001,,,,0.0001,0.0169,-0.0165,-0.0001,-0.0005,0.0001,-0.0002,18.29
1318637595,주식회사청우스틸,,,,,,,,0.0011,0.0001,0.0003,0.0001,,,,,,,,-0.001,0.0002,-0.0002,18.21
2158648328,주식회사메디테크인프라메드,,,,,0.0002,0.0002,0.0004,0.0006,0.0002,0.0002,0.0001,,,,,0.0,0.0002,0.0002,-0.0004,0.0,-0.0001,18.19
2158731163,(주)미래푸드시스템,,,,,,,0.0019,0.0765,0.0089,0.0016,0.0004,,,,,,,0.0746,-0.0676,-0.0073,-0.0012,18.15
1098137496,주식회사세계주류,,0.0015,0.0003,0.0005,0.0019,0.0012,0.0259,0.1184,0.0004,0.0004,0.0002,,-0.0012,0.0002,0.0014,-0.0007,0.0247,0.0925,-0.118,0.0,-0.0002,18.08
1558800517,주식회사그릿,,,,,,,,0.0022,0.0006,0.0005,0.0002,,,,,,,,-0.0016,-0.0001,-0.0003,18.05
1208734182,(주)케이씨인더스트리얼,,,0.0007,0.0003,0.0002,0.0003,0.0002,0.0001,0.0001,0.0001,0.0,,,-0.0004,-0.0001,0.0001,-0.0001,-0.0001,0.0,0.0,-0.0001,18.03
4098702114,주식회사지에프패션,,,,,,,,0.001,0.0002,0.0001,0.0001,,,,,,,,-0.0008,-0.0001,0.0,18.0
6178130053,헴펠코리아,0.0001,0.0005,0.0002,0.1807,0.2867,0.8198,0.0919,0.773,0.1049,0.0008,0.0004,0.0004,-0.0003,0.1805,0.106,0.5331,-0.7279,0.6811,-0.6681,-0.1041,-0.0004,17.92
1208103391,한국암웨이,0.0002,0.0011,0.0002,0.0015,0.0003,0.0003,0.0003,0.0007,0.0002,0.0002,0.0001,0.0009,-0.0009,0.0013,-0.0012,0.0,0.0,0.0004,-0.0005,0.0,-0.0001,17.9
1308146155,주식회사클라크,0.028,0.0175,0.0023,0.0013,0.0051,0.0043,0.0688,0.7036,0.1826,0.0024,0.0005,-0.0105,-0.0152,-0.001,0.0038,-0.0008,0.0645,0.6348,-0.521,-0.1802,-0.0019,17.88
7378701591,주식회사씨케이,,,,,,,0.0031,0.0019,0.0015,0.0018,0.0001,,,,,,,-0.0012,-0.0004,0.0003,-0.0017,17.85
1208165742,한국허벌라이프(주),0.0001,0.0001,0.0004,0.0001,0.0001,0.0002,0.0037,0.0069,0.0002,0.0,0.0001,0.0,0.0003,-0.0003,0.0,0.0001,0.0035,0.0032,-0.0067,-0.0002,0.0001,17.82
8698100510,주식회사에스티인터내셔날,,,,,,,,0.003,0.0001,0.0001,0.0001,,,,,,,,-0.0029,0.0,0.0,17.82
1078190869,주식회사신화산업,,,,,,0.0004,0.0002,0.0012,0.0002,0.0001,0.0001,,,,,,-0.0002,0.001,-0.001,-0.0001,0.0,17.71
3928800080,인그라시스테크놀로지코리아주식회사,,,,0.0006,0.0003,0.0015,0.0001,0.0013,0.0011,0.0012,0.0001,,,,-0.0003,0.0012,-0.0014,0.0012,-0.0002,0.0001,-0.0011,17.61
2158720399,윌리엄그랜트앤선즈코리아(주),0.0001,,0.0001,0.0,0.0206,0.3733,0.0008,0.0003,0.0002,0.0,0.0,,,-0.0001,0.0206,0.3527,-0.3725,-0.0005,-0.0001,-0.0002,0.0,17.51
4328700270,(주)트리녹스,,,,,,0.0012,0.0016,0.0011,0.0003,0.0001,0.0001,,,,,,0.0004,-0.0005,-0.0008,-0.0002,0.0,17.45
2148617763,(주)준영메디칼,,,,,,,0.0004,0.2137,0.7601,0.184,0.0002,,,,,,,0.2133,0.5464,-0.5761,-0.1838,17.33
2018195190,(주)인터롤코퍼레이션,,,,,0.0004,0.0001,0.0001,0.0011,0.0439,0.0005,0.0001,,,,,-0.0003,0.0,0.001,0.0428,-0.0434,-0.0004,17.3
5048607867,(주)문성전자,,,,,,,,0.001,0.0002,0.0002,0.0001,,,,,,,,-0.0008,0.0,-0.0001,17.26
4488800307,주식회사엠플레이그라운드,,,,,,0.0007,0.174,0.0012,0.0004,0.0001,0.0001,,,,,,0.1733,-0.1728,-0.0008,-0.0003,0.0,17.08
2148169437,(주)아톰상사,0.0002,0.0003,0.0001,0.0001,0.0001,0.0002,0.0001,0.0002,0.002,0.0006,0.0001,0.0001,-0.0002,0.0,0.0,0.0001,-0.0001,0.0001,0.0018,-0.0014,-0.0005,16.97
1068171030,코렐브랜드코리아,0.0,0.0002,0.0002,0.0001,0.0003,0.0049,0.0007,0.0007,0.0005,0.0002,0.0001,0.0002,0.0,-0.0001,0.0002,0.0046,-0.0042,0.0,-0.0002,-0.0003,-0.0001,16.96
2158785830,(주)피에스케이인터내셔널,,,,,0.0002,0.0676,0.0005,0.0003,0.0016,0.0013,0.0001,,,,,0.0674,-0.0671,-0.0002,0.0013,-0.0003,-0.0012,16.95
2208193835,주식회사진송메탈,0.0,0.0001,0.0001,0.0783,0.2349,0.0021,0.0426,0.0882,0.0001,0.0001,0.0001,0.0001,0.0,0.0782,0.1566,-0.2328,0.0405,0.0456,-0.0881,0.0,0.0,16.89
1208157446,아머스포츠코리아,0.5875,0.4175,0.001,0.0001,0.0228,0.0061,0.1344,0.1105,0.0001,0.0001,0.0001,-0.17,-0.4165,-0.0009,0.0227,-0.0167,0.1283,-0.0239,-0.1104,0.0,0.0,16.83
6158179900,주식회사나눅스네트웍스,0.0004,0.0001,0.0001,0.0002,0.215,0.0015,0.0005,0.0008,0.0003,0.0002,0.0001,-0.0003,0.0,0.0001,0.2148,-0.2135,-0.001,0.0003,-0.0005,-0.0001,-0.0001,16.83
5348800122,주식회사에스앤씨세인,,,,,,,0.0009,0.0003,0.0003,0.0003,0.0,,,,,,,-0.0006,0.0,0.0,-0.0003,16.77
7328800110,(주)에이치인포,,,,,,,,0.003,0.0002,0.0001,0.0001,,,,,,,,-0.0028,-0.0001,0.0,16.77
2158703987,메디칼아이덴터티코리아(주),,,,,,,,0.0006,0.0,0.0001,0.0,,,,,,,,-0.0006,0.0001,-0.0001,16.6
6098621183,주식회사에스엠이코리아,,,,0.001,0.0013,0.0012,0.0001,0.001,0.0003,0.0003,0.0001,,,,0.0003,-0.0001,-0.0011,0.0009,-0.0007,0.0,-0.0002,16.56
1058104692,주식회사동승통상,0.0001,0.0003,0.0005,0.0005,0.0003,0.0008,0.267,0.0026,0.0002,0.0003,0.0001,0.0002,0.0002,0.0,-0.0002,0.0005,0.2662,-0.2644,-0.0024,0.0001,-0.0002,16.51
1178157718,(주)미디어메이트,,,,,,0.0003,0.0009,0.0001,0.0209,0.0001,0.0,,,,,,0.0006,-0.0008,0.0208,-0.0208,-0.0001,16.47
6038163797,(주)아이티윈,,,,,,0.0007,0.0002,0.1956,0.0071,0.0216,0.0001,,,,,,-0.0005,0.1954,-0.1885,0.0145,-0.0215,16.36
2228700746,(주)아그루코리아인더스트리,,,,,,,,0.0008,0.0,0.0001,0.0,,,,,,,,-0.0008,0.0001,-0.0001,16.21
6038175390,주식회사티와이월드,,,,,,,,0.0061,0.0016,0.0005,0.0002,,,,,,,,-0.0045,-0.0011,-0.0003,15.65
1178149125,(주)인노바드,,,,,,,,0.0008,0.0001,0.0002,0.0,,,,,,,,-0.0007,0.0001,-0.0002,15.51
2198119529,세왕상사(주),0.0005,0.0006,0.0009,0.0002,0.0004,0.0012,0.0006,0.0196,0.0002,0.0002,0.0001,0.0001,0.0003,-0.0007,0.0002,0.0008,-0.0006,0.019,-0.0194,0.0,-0.0001,15.49
1098610809,(주)아식스코리아,0.0003,0.0066,0.051,0.2278,0.6862,0.0012,0.1157,0.0627,0.0003,0.0001,0.0001,0.0063,0.0444,0.1768,0.4584,-0.685,0.1145,-0.053,-0.0624,-0.0002,0.0,15.38
2208674148,주식회사퍼니엠,,,,,,0.0005,0.0002,0.0003,0.0007,0.0004,0.0,,,,,,-0.0003,0.0001,0.0004,-0.0003,-0.0004,15.37
1298801521,해태아이스크림주식회사,,,,,,,0.0018,0.1311,0.0002,0.0003,0.0001,,,,,,,0.1293,-0.1309,0.0001,-0.0002,15.37
1098169950,(주)퓨어테크피앤티,,,,,,,,0.0021,0.0003,0.0002,0.0001,,,,,,,,-0.0018,-0.0001,-0.0001,15.26
1208806572,주식회사솔토인더스트리스,,,,,,,,0.0009,0.0001,0.0001,0.0,,,,,,,,-0.0008,0.0,-0.0001,14.95
2068629671,(주)나자인,0.0003,0.0003,0.0004,0.0002,0.0006,0.0009,0.0148,0.1932,0.0004,0.0001,0.0001,0.0,0.0001,-0.0002,0.0004,0.0003,0.0139,0.1784,-0.1928,-0.0003,0.0,14.69
2158603694,(주)은산티아이,0.0002,0.0003,0.0002,0.0001,0.0001,0.0004,0.0002,0.0028,0.0004,0.0002,0.0001,0.0001,-0.0001,-0.0001,0.0,0.0003,-0.0002,0.0026,-0.0024,-0.0002,-0.0001,14.5
1248747447,세광상사주식회사,,,,,,,,0.0013,0.0001,0.0001,0.0,,,,,,,,-0.0012,0.0,-0.0001,14.45
1058600333,(주)극동엠이에스,0.009,0.2994,0.0171,0.0064,0.001,0.0037,0.0011,0.0009,0.5638,0.0532,0.0001,0.2904,-0.2823,-0.0107,-0.0054,0.0027,-0.0026,-0.0002,0.5629,-0.5106,-0.0531,14.42
1448112955,주식회사자트,,,,,,,,0.0024,0.0004,0.0003,0.0001,,,,,,,,-0.002,-0.0001,-0.0002,14.31
1078657147,코레일유통(주),0.0005,0.0002,0.0002,0.0001,0.0002,0.0005,0.2713,0.4053,0.3375,0.0054,0.0003,-0.0003,0.0,-0.0001,0.0001,0.0003,0.2708,0.134,-0.0678,-0.3321,-0.0051,13.94
1518100840,난진코리아주식회사,,,,0.0011,0.0003,0.0056,0.0005,0.0008,0.0004,0.0001,0.0,,,,-0.0008,0.0053,-0.0051,0.0003,-0.0004,-0.0003,-0.0001,13.9
2148613205,한국바이오래드(주),0.0003,0.0001,0.3538,0.0036,0.0002,0.0007,0.0296,0.0023,0.0005,0.0003,0.0001,-0.0002,0.3537,-0.3502,-0.0034,0.0005,0.0289,-0.0273,-0.0018,-0.0002,-0.0002,13.84
2208769701,주식회사아성솔루션,,,0.0012,0.0004,0.0176,0.2009,0.0044,0.0501,0.0265,0.0001,0.0001,,,-0.0008,0.0172,0.1833,-0.1965,0.0457,-0.0236,-0.0264,0.0,13.51
2188121342,쌤소나이트코리아주식회사,0.0001,0.0001,0.0001,0.0008,0.0004,0.0011,0.4343,0.8989,0.0003,0.0002,0.0001,0.0,0.0,0.0007,-0.0004,0.0007,0.4332,0.4646,-0.8986,-0.0001,-0.0001,13.42
2198116269,(주)맨담코리아,0.0002,0.0001,0.0002,0.0002,0.0001,0.0005,0.0153,0.0038,0.0015,0.0004,0.0001,-0.0001,0.0001,0.0,-0.0001,0.0004,0.0148,-0.0115,-0.0023,-0.0011,-0.0003,12.02
6068607275,주식회사예스텔레콤,,,,,0.0004,0.0108,0.0002,0.0467,0.0333,0.0,0.0,,,,,0.0104,-0.0106,0.0465,-0.0134,-0.0333,0.0,11.22
8110041,엘브이엠씨홀딩스(주),0.0007,0.0014,0.0021,0.0005,0.6376,0.8185,0.9334,,,,,0.0007,0.0007,-0.0016,0.6371,0.1809,0.1149,,,,,
1018106586,서원물산(주),0.7185,0.9196,,,,,,,,,,0.2011,,,,,,,,,,
1018116478,주식회사승전상사,0.0352,0.0007,0.0309,0.0081,0.2986,0.6423,0.8967,,,,,-0.0345,0.0302,-0.0228,0.2905,0.3437,0.2544,,,,,
1018133711,(주)성도,0.851,,,,,,,,,,,,,,,,,,,,,
1018135174,(주)아이리스코리아,0.0643,0.2864,0.0004,0.0002,0.0015,0.8567,0.7068,0.9221,,,,0.2221,-0.286,-0.0002,0.0013,0.8552,-0.1499,0.2153,,,,
1018135719,(주)앳플리,,,,,,,,,0.0016,0.0594,0.8676,,,,,,,,,0.0578,0.8082,
1018139753,주식회사교원,0.0001,0.0006,0.0051,0.0747,0.0567,0.4525,0.5103,,,,,0.0005,0.0045,0.0696,-0.018,0.3958,0.0578,,,,,
1018144673,주식회사잇츠,,,,,,0.0019,0.0004,0.001,0.3504,,,,,,,,-0.0015,0.0006,0.3494,,,
1018152964,주식회사롯데닷컴,0.6604,0.3714,0.4267,0.5088,,,,,,,,-0.289,0.0553,0.0821,,,,,,,,
1018153885,고진모터스,0.0078,0.0016,0.0075,0.0966,0.3719,0.356,0.0011,0.1231,0.4946,0.5355,,-0.0062,0.0059,0.0891,0.2753,-0.0159,-0.3549,0.122,0.3715,0.0409,,
1018157557,주식회사아이피스,0.0035,0.2487,0.8496,,,,,,,,,0.2452,0.6009,,,,,,,,,
1018162671,(주)비즈엠알오,0.0583,0.0324,0.5675,0.2326,0.599,0.8991,,,,,,-0.0259,0.5351,-0.3349,0.3664,0.3001,,,,,,
1018163684,디에프에스서울(주),0.1341,0.3273,0.4123,0.3274,0.0962,,,,,,,0.1932,0.085,-0.0849,-0.2312,,,,,,,
1018170486,(주)케이지티시,,,,,,0.1272,0.2588,0.0564,0.9106,,,,,,,,0.1316,-0.2024,0.8542,,,
1018171092,주식회사켄트피엘티,,,,,,0.0012,0.1888,0.8882,,,,,,,,,0.1876,0.6994,,,,
1018173727,주식회사피케이엠갤러리,,,,,0.0021,0.0705,0.8718,,,,,,,,,0.0684,0.8013,,,,,
1018181154,삼아프로사운드주식회사,0.0,0.0001,0.0002,0.0001,0.0002,0.0664,,,,,,0.0001,0.0001,-0.0001,0.0001,0.0662,,,,,,
1018604088,구로다일렉트릭코리아(주),0.0,0.0001,0.0002,0.0002,,,,,,,,0.0001,0.0001,0.0,,,,,,,,
1018606164,(주)카이온인터네쇼날,0.0007,0.0025,0.3103,0.5765,0.8808,,,,,,,0.0018,0.3078,0.2662,0.3043,,,,,,,
1018608916,롱샴코리아주식회사,0.7419,0.731,,,,,,,,,,-0.0109,,,,,,,,,,
1018610616,보령컨슈머헬스케어주식회사,0.0882,0.6449,0.3909,0.9722,,,,,,,,0.5567,-0.254,0.5813,,,,,,,,
1018614887,청하고려인삼(주),0.0002,0.0002,0.0005,0.03,0.0002,0.0123,0.4015,0.7884,0.9003,,,0.0,0.0003,0.0295,-0.0298,0.0121,0.3892,0.3869,0.1119,,,
1018616997,(주)에이씨아이케미칼아시아,,,,,,,,,0.0001,0.034,0.6468,,,,,,,,,0.0339,0.6128,
1018617259,(주)원앤제이,0.0268,0.4384,0.7279,0.3481,0.4411,0.1514,0.3735,0.5843,0.8317,,,0.4116,0.2895,-0.3798,0.093,-0.2897,0.2221,0.2108,0.2474,,,
1018619015,주식회사엠디에스,,,,,,,,,0.001,0.0505,0.0115,,,,,,,,,0.0495,-0.039,
1018624560,(주)쎄그네,,,,,,0.0008,0.0153,0.928,,,,,,,,,0.0145,0.9127,,,,
1018630174,주식회사디디고,,,0.0007,0.0005,0.1496,0.627,,,,,,,,-0.0002,0.1491,0.4774,,,,,,
1018641759,(주)대명코퍼레이션,0.0001,,,,,,,,,,,,,,,,,,,,,
1018647471,주식회사리본즈,,,,,,,,,0.0029,0.1357,0.8652,,,,,,,,,0.1328,0.7295,
1018651112,(주)빈다코리아,0.1514,0.9662,,,,,,,,,,0.8148,,,,,,,,,,
1018654536,프라임벙커주식회사,,,,,0.0004,0.0004,,0.0005,0.0001,,,,,,,0.0,,,-0.0004,,,
1018658094,대성히트에너시스(주),,,,,0.0005,0.0005,0.0006,,0.0001,0.0704,0.0012,,,,,0.0,0.0001,,,0.0703,-0.0692,
1018668796,코티코리아주식회사,,,,,0.0011,0.0006,0.0002,0.0002,0.0001,,0.0001,,,,,-0.0005,-0.0004,0.0,-0.0001,,,
1018675400,주식회사머스트잇,,,,,,,0.0003,0.0668,0.721,0.8154,,,,,,,,0.0665,0.6542,0.0944,,
1018680937,에스케이트레이딩인터내셔널주식회사,0.0017,0.0003,0.0005,0.0012,0.001,0.001,0.0005,0.0008,0.0006,0.0006,,-0.0014,0.0002,0.0007,-0.0002,0.0,-0.0005,0.0003,-0.0002,0.0,,
1018692296,주식회사인터코스코리아,,,,0.0041,0.1636,0.9765,,,,,,,,,0.1595,0.8129,,,,,,
1018701341,브라이트게인코리아주식회사,,,,,0.0004,0.001,,,,,0.0005,,,,,0.0006,,,,,,
1028101245,주식회사이퍼블릭코리아,0.9002,,,,,,,,,,,,,,,,,,,,,
1028106181,주식회사동화면세점,0.0045,0.5772,0.739,0.9644,,,,,,,,0.5727,0.1618,0.2254,,,,,,,,
1028111670,(주)교보문고,0.0204,0.0007,0.0007,0.0075,0.0108,0.0217,0.1348,0.5279,0.6731,,,-0.0197,0.0,0.0068,0.0033,0.0109,0.1131,0.3931,0.1452,,,
1028119274,주식회사씨스텍코리아,0.0097,0.0635,0.0074,0.0533,0.1975,0.2353,,,,,,0.0538,-0.0561,0.0459,0.1442,0.0378,,,,,,
1028127250,브리티쉬아메리칸토바코코리아(주),0.0414,0.0014,0.0113,0.0175,0.0143,0.0612,0.0021,0.1985,0.376,,,-0.04,0.0099,0.0062,-0.0032,0.0469,-0.0591,0.1964,0.1775,,,
1028129258,교보핫트랙스(주),0.0003,0.0002,0.0002,0.0451,0.0965,0.3754,0.5835,0.9146,,,,-0.0001,0.0,0.0449,0.0514,0.2789,0.2081,0.3311,,,,
1028136462,(주)연일물산,,0.0031,0.0003,0.0003,0.0005,0.0004,0.4348,0.7663,0.7539,,,,-0.0028,0.0,0.0002,-0.0001,0.4344,0.3315,-0.0124,,,
1028142192,주식회사커머스플래닛,0.0027,0.1204,,,,,,,,,,0.1177,,,,,,,,,,
1048104200,주식회사디앤비컴퍼니,0.4019,0.2531,0.363,0.9472,,,,,,,,-0.1488,0.1099,0.5842,,,,,,,,
1048115537,주식회사길우,,,,,,,,,0.0008,0.0003,0.0007,,,,,,,,,-0.0005,0.0004,
1048118801,주식회사이화교역,,,,0.0004,0.0002,0.0013,0.0021,0.0104,0.0045,,0.5576,,,,-0.0002,0.0011,0.0008,0.0083,-0.0059,,,
1048121679,주식회사한국디아이씨,0.0001,0.0001,0.0001,0.0001,0.0001,0.0005,0.0003,0.0003,0.0002,,,0.0,0.0,0.0,0.0,0.0004,-0.0002,0.0,-0.0001,,,
1048126067,롯데쇼핑(주),0.0249,0.0942,0.1519,0.3257,0.2443,0.3769,0.6857,0.8692,,,,0.0693,0.0577,0.1738,-0.0814,0.1326,0.3088,0.1835,,,,
1048137870,제이티인터내셔널코리아(주),0.8594,0.9503,,,,,,,,,,0.0909,,,,,,,,,,
1048146097,카사텍스(주),0.8876,0.8196,,,,,,,,,,-0.068,,,,,,,,,,
1048148590,리빙소프트(주),,,,0.001,0.0015,0.0424,,,,,,,,,0.0005,0.0409,,,,,,
1048154694,주식회사코텍세미컴,0.7428,,,,,,,,,,,,,,,,,,,,,
1048179486,대동케이블판매(주),,,,,,,,,0.0011,0.0025,0.0091,,,,,,,,,0.0014,0.0066,
1048179910,주식회사에어시스템,0.291,0.0274,0.0875,0.0286,0.0441,0.4968,0.0045,0.0069,,,,-0.2636,0.0601,-0.0589,0.0155,0.4527,-0.4923,0.0024,,,,
1048180154,(주)대광IDM,,,,0.0002,0.0001,0.0008,,,,,,,,,-0.0001,0.0007,,,,,,
1048187007,주식회사케이페이지,,,,,,,,,0.001,0.0006,0.0018,,,,,,,,,-0.0004,0.0012,
1048187399,하이얼전자판매주식회사,,,,,,,,0.0033,0.0034,0.0005,,,,,,,,,0.0001,-0.0029,,
1048601998,삼화솔루션(주),0.0034,0.0045,0.0669,0.0293,0.0424,0.3702,,,,,,0.0011,0.0624,-0.0376,0.0131,0.3278,,,,,,
1048602584,(주)신도링크,,,,0.4786,0.0967,0.6855,,,,,,,,,-0.3819,0.5888,,,,,,
1048621655,케이티엠유통주식회사,0.0036,0.0849,0.8888,,,,,,,,,0.0813,0.8039,,,,,,,,,
1048622182,이연산업공업주식회사,,,,,,,,,0.0007,0.0026,0.0318,,,,,,,,,0.0019,0.0292,
1048626397,희연인터내셔날,0.674,0.904,,,,,,,,,,0.23,,,,,,,,,,
1048629230,주식회사켐텍,0.0012,0.0004,0.0008,0.0009,0.0047,0.2209,0.3818,0.9018,,,,-0.0008,0.0004,0.0001,0.0038,0.2162,0.1609,0.52,,,,
1048629512,(주)임페리얼스포츠,,,,,,0.002,0.1156,0.9469,,,,,,,,,0.1136,0.8313,,,,
1048637031,주식회사보성인터네셔날,,,,,,0.0032,0.0357,0.9563,,,,,,,,,0.0325,0.9206,,,,
1048639136,주식회사피티엠,,,,,,0.0009,0.0001,0.0001,0.0341,0.2123,,,,,,,-0.0008,0.0,0.034,0.1782,,
1048651218,발렌티노코리아주식회사,0.0058,0.0939,0.959,,,,,,,,,0.0881,0.8651,,,,,,,,,
1048658598,주식회사에스쁘아,,0.0023,0.0313,0.6028,0.6405,0.7707,0.877,,,,,,0.029,0.5715,0.0377,0.1302,0.1063,,,,,
1048658720,에이치에스아이(주),,,0.0009,0.0108,0.045,0.1265,,,,,,,,0.0099,0.0342,0.0815,,,,,,
1048658773,(주)인천신세계,,,,0.002,0.0714,0.9482,,,,,,,,,0.0694,0.8768,,,,,,
1048659132,(주)농협하나로유통,,0.0017,0.0005,0.0015,0.0019,0.2217,0.0004,0.2244,0.296,0.924,,,-0.0012,0.001,0.0004,0.2198,-0.2213,0.224,0.0716,0.628,,
1048700341,주식회사엠디자산개발울산,,0.0155,0.1837,0.8797,,,,,,,,,0.1682,0.696,,,,,,,,
1058102748,근신산업(주),0.0001,0.0002,0.0001,0.0001,0.0001,0.0003,,,,,,0.0001,-0.0001,0.0,0.0,0.0002,,,,,,
1058103811,(주)진성통합상사,0.6277,0.2295,0.1627,0.0022,0.1153,0.5152,0.2457,0.9598,,,,-0.3982,-0.0668,-0.1605,0.1131,0.3999,-0.2695,0.7141,,,,
1058128296,주식회사임오,0.0027,0.0033,0.0052,0.06,0.0087,0.5988,0.4717,0.9016,,,,0.0006,0.0019,0.0548,-0.0513,0.5901,-0.1271,0.4299,,,,
1058136156,주식회사니코,0.0132,0.0161,0.0143,0.0258,0.01,0.0109,,,,,,0.0029,-0.0018,0.0115,-0.0158,0.0009,,,,,,
1058139717,주식회사성제개발,0.0004,,,,,,,,,,,,,,,,,,,,,
1058144184,(주)이랜드월드,0.0024,0.0036,0.1432,0.007,0.001,0.0062,0.6984,0.7781,0.4012,,,0.0012,0.1396,-0.1362,-0.006,0.0052,0.6922,0.0797,-0.3769,,,
1058153188,다다무역(주),,0.0015,0.0004,0.4097,,,,,,,,,-0.0011,0.4093,,,,,,,,
1058154794,원일전선판매주식회사,0.0216,,,,,,,,,,,,,,,,,,,,,
1058156109,주식회사엔티씨,,,,0.0001,0.0002,0.0008,0.0003,0.7095,0.4991,0.9177,,,,,0.0001,0.0006,-0.0005,0.7092,-0.2104,0.4186,,
1058159218,서아통상주식회사,,0.0005,0.0001,0.006,0.0396,0.1563,,,,,,,-0.0004,0.0059,0.0336,0.1167,,,,,,
1058160563,(주)임오산업,0.0024,0.0065,0.0072,0.0937,0.0047,0.5577,0.8669,0.8567,,,,0.0041,0.0007,0.0865,-0.089,0.553,0.3092,-0.0102,,,,
1058161048,서울데이타통신,,,,,,0.0008,0.0004,0.0023,0.1409,0.0044,,,,,,,-0.0004,0.0019,0.1386,-0.1365,,
1058166591,(주)일광폴리머,0.0437,0.0983,0.005,0.0075,0.2572,0.5509,0.9491,,,,,0.0546,-0.0933,0.0025,0.2497,0.2937,0.3982,,,,,
1058167488,(주)봉구통상,0.3556,0.0378,0.0021,0.0002,0.1056,0.0048,0.1076,0.4921,0.3099,,,-0.3178,-0.0357,-0.0019,0.1054,-0.1008,0.1028,0.3845,-0.1822,,,
1058168075,주식회사리브로,0.0722,0.0385,0.0281,0.7855,0.7728,0.9349,,,,,,-0.0337,-0.0104,0.7574,-0.0127,0.1621,,,,,,
1058170659,(주)지노무역,0.0179,,,,,,,,,,,,,,,,,,,,,
1058182252,주식회사대신약품,0.0057,0.0076,0.0153,0.0059,0.004,0.0114,,,,,,0.0019,0.0077,-0.0094,-0.0019,0.0074,,,,,,
1058182359,(주)와이티에스,,,,,,,,,0.0005,0.0001,0.0002,,,,,,,,,-0.0004,0.0001,
1058188464,오션테크(주),,,,,,,,0.0018,0.0882,,0.0003,,,,,,,,0.0864,,,
1058189992,(주)윈도우즈인터내셔날,,,,,,,0.0051,0.0211,0.6844,,,,,,,,,0.016,0.6633,,,
1058193818,(주)인텍상역,0.0015,0.0005,0.0006,0.0009,0.0003,0.3101,0.2401,0.0009,,,,-0.001,0.0001,0.0003,-0.0006,0.3098,-0.07,-0.2392,,,,
1058194554,보람종합철강주식회사,,,,,,0.0007,0.0004,0.0004,0.0317,,,,,,,,-0.0003,0.0,0.0313,,,
1058194888,주식회사씨제이에스,0.0045,0.0016,0.0063,,,,,,,,,-0.0029,0.0047,,,,,,,,,
1058605788,주식회사초록마을,0.0002,0.0005,0.0005,0.008,0.261,0.8335,0.9226,0.8865,,,,0.0003,0.0,0.0075,0.253,0.5725,0.0891,-0.0361,,,,
1058608577,이지석유주식회사,0.2602,0.4385,0.7407,,,,,,,,,0.1783,0.3022,,,,,,,,,
1058612881,주식회사레이스타,,,,,,,0.0016,0.0008,0.0006,0.0182,,,,,,,,-0.0008,-0.0002,0.0176,,
1058613482,(주)다운나라,0.8123,0.9271,,,,,,,,,,0.1148,,,,,,,,,,
1058614706,(주)에스엠케이티앤아이,0.7584,0.4303,0.5097,0.7715,,,,,,,,-0.3281,0.0794,0.2618,,,,,,,,
1058618115,(주)비컴아이엔씨,,,,,,,,,0.0007,0.0003,0.0002,,,,,,,,,-0.0004,-0.0001,
1058618226,(주)세종메이저인터내쇼날,0.6666,0.9512,0.9879,,,,,,,,,0.2846,0.0367,,,,,,,,,
1058622905,아이엠티글로벌주식회사,0.0013,0.0097,0.6282,0.0016,0.2186,0.6525,0.9138,,,,,0.0084,0.6185,-0.6266,0.217,0.4339,0.2613,,,,,
1058627346,(주)드림시스넷,0.0007,0.0013,,,,,,,,,,0.0006,,,,,,,,,,
1058630007,(주)플라스켐,,,,,,,,,0.0015,0.0002,0.0006,,,,,,,,,-0.0013,0.0004,
1058634361,(주)세인티앤티,0.0003,0.002,0.0782,0.3543,0.8896,,,,,,,0.0017,0.0762,0.2761,0.5353,,,,,,,
1058649812,주식회사코휘드,0.8354,0.9333,,,,,,,,,,0.0979,,,,,,,,,,
1058664415,(주)비앤씨메디칼,,,,,0.0015,0.0012,0.0005,0.0023,,,,,,,,-0.0003,-0.0007,0.0018,,,,
1058666714,(주)케이엔비,0.0441,,,,,,,,,,,,,,,,,,,,,
1058669462,(주)에스엠코프,,,,,,,0.0008,0.0251,0.8487,0.832,,,,,,,,0.0243,0.8236,-0.0167,,
1058673438,(주)쓰리에스솔루션,0.0986,0.0063,,,,,,,,,,-0.0923,,,,,,,,,,
1058673836,무인양품(주),0.0004,0.2588,0.0012,0.0004,0.0005,0.5271,0.3835,0.9714,,,,0.2584,-0.2576,-0.0008,0.0001,0.5266,-0.1436,0.5879,,,,
1058680870,남송시멘트(주),0.0037,,,,,0.0009,0.0004,,,,,,,,,,-0.0005,,,,,
1058684013,주식회사꽃피는아침마을,,,,,,0.0026,0.0025,0.571,0.9585,0.8974,,,,,,,-0.0001,0.5685,0.3875,-0.0611,,
1058685496,(주)위글로벌,0.694,0.8519,,,,,,,,,,0.1579,,,,,,,,,,
1058691552,(주)마봉,0.0014,0.0006,0.0725,0.0021,0.005,0.5467,0.5104,0.0823,,,,-0.0008,0.0719,-0.0704,0.0029,0.5417,-0.0363,-0.4281,,,,
1058692212,(주)유비엠텍,0.0001,0.0001,0.0006,0.0128,0.0144,0.0059,0.0076,0.0014,0.0039,0.0058,,0.0,0.0005,0.0122,0.0016,-0.0085,0.0017,-0.0062,0.0025,0.0019,,
1058692454,주식회사이마트24,,0.0101,0.0806,0.986,,,,,,,,,0.0705,0.9054,,,,,,,,
1058693448,(주)에센파마,,,,,,,,,0.001,0.0914,0.6785,,,,,,,,,0.0904,0.5871,
1058700081,주식회사솔빛메디칼,0.0001,0.0002,0.0001,0.0011,,,,,,,,0.0001,-0.0001,0.001,,,,,,,,
1058701208,(주)켐뉴스코프,0.001,0.0831,,,,0.0046,0.0019,0.0022,0.0003,0.0006,,0.0821,,,,,-0.0027,0.0003,-0.0019,0.0003,,
1058711201,주식회사위펀풀필먼트,,,,,,,,,0.0012,0.155,0.0025,,,,,,,,,0.1538,-0.1525,
1058711875,엘지엔시스(주),0.0003,0.0004,0.0117,0.0058,,,,,,,,0.0001,0.0113,-0.0059,,,,,,,,
1058714299,(주)코리아델로스케이디,0.001,0.0014,0.2133,0.4434,,,,,,,,0.0004,0.2119,0.2301,,,,,,,,
1058721053,(주)화인센스,0.8137,0.0228,0.0106,0.2515,0.2593,0.9259,,,,,,-0.7909,-0.0122,0.2409,0.0078,0.6666,,,,,,
1058729206,(주)세류페이퍼,0.0026,0.1493,0.9564,,,,,,,,,0.1467,0.8071,,,,,,,,,
1058737803,(주)에이치씨네트웍스,0.9826,,,,,,,,,,,,,,,,,,,,,
1058738364,(주)디오메디칼,0.4014,0.0022,0.0158,0.0294,0.0043,0.0122,,,0.0005,0.0019,0.4183,-0.3992,0.0136,0.0136,-0.0251,0.0079,,,,0.0014,0.4164,
1058743566,주식회사예울에프씨,,,,0.0002,0.0001,0.0011,,,,,,,,,-0.0001,0.001,,,,,,
1058746961,동황토산주식회사,0.0005,0.0002,0.0003,0.3056,0.0008,0.0008,0.338,0.9131,0.8466,,,-0.0003,0.0001,0.3053,-0.3048,0.0,0.3372,0.5751,-0.0665,,,
1058749920,쿠산코리아(주),,,,,,0.0022,0.0794,0.138,0.0021,,,,,,,,0.0772,0.0586,-0.1359,,,
1058750505,(주)레이전트리,,0.0003,0.0,0.0197,0.0193,0.0604,,,,,,,-0.0003,0.0197,-0.0004,0.0411,,,,,,
1058754501,(주)제이티켐,,,,,,,,,0.0046,0.1479,0.9578,,,,,,,,,0.1433,0.8099,
1058763261,비앤파트너주식회사,,,,,,0.0017,0.0002,0.2679,0.0026,,,,,,,,-0.0015,0.2677,-0.2653,,,
1058766628,(주)헬로네이처,,,,,,0.003,0.0596,0.933,,,,,,,,,0.0566,0.8734,,,,
1058769343,(주)라츠,0.1125,,,,,,,,,,,,,,,,,,,,,
1058774453,주식회사엠티시,,,,,,,,,0.0005,0.001,0.004,,,,,,,,,0.0005,0.003,
1058776446,호전리테일(주),0.1124,0.916,,,,,0.9765,,,,,0.8036,,,,,,,,,,
1058782521,(주)케이커머디티,,,,,,0.0009,0.0006,0.0011,0.3368,0.0226,,,,,,,-0.0003,0.0005,0.3357,-0.3142,,
1058785310,(주)에이원상사,,0.0056,0.0317,0.7893,,,,,,,,,0.0261,0.7576,,,,,,,,
1058798737,(주)지성에너지,,,0.0014,0.0003,0.0024,0.0132,0.5082,0.0632,,,,,,-0.0011,0.0021,0.0108,0.495,-0.445,,,,
1058808998,주식회사식탁이있는삶,,,,,0.002,0.0844,0.9551,,,,,,,,,0.0824,0.8707,,,,,
1058810456,주식회사브랜드랩글로벌,,,0.0022,0.1157,0.8089,,,,,,,,,0.1135,0.6932,,,,,,,
1068101927,주식회사성운약품,,,,,,,0.7637,,,,,,,,,,,,,,,
1068110071,(주)진원무역,0.0003,0.0007,0.0005,0.2362,0.0019,0.4529,0.9247,0.9273,,,,0.0004,-0.0002,0.2357,-0.2343,0.451,0.4718,0.0026,,,,
1068123445,주식회사투판즈,0.9443,,,,,,,,,,,,,,,,,,,,,
1068123498,롯데지알에스주식회사,0.0133,0.4517,0.4326,0.8102,,,,,,,,0.4384,-0.0191,0.3776,,,,,,,,
1068124196,주식회사세광아트,0.2816,0.2564,0.219,0.187,0.2674,0.3127,,,,,,-0.0252,-0.0374,-0.032,0.0804,0.0453,,,,,,
1068126229,우성반도체(주),0.013,0.0864,0.3115,0.0788,,0.0254,0.0014,,,,,0.0734,0.2251,-0.2327,,,-0.024,,,,,
1068126234,(주)선호상사,0.0007,0.0017,0.0019,0.0051,0.0029,0.007,0.0051,0.7,,,,0.001,0.0002,0.0032,-0.0022,0.0041,-0.0019,0.6949,,,,
1068130984,(주)플레이그램,0.08,0.6373,0.3912,0.9354,,,,,,,,0.5573,-0.2461,0.5442,,,,,,,,
1068137027,(주)원창반도체,,,,,,,,0.0016,0.0002,0.0001,,,,,,,,,-0.0014,-0.0001,,
1068142952,비엘인터내셔널(주),0.6143,0.8901,0.9697,,,,,,,,,0.2758,0.0796,,,,,,,,,
1068146093,주식회사이즈엠,0.002,0.0018,0.3976,0.5713,0.9254,,,,,,,-0.0002,0.3958,0.1737,0.3541,,,,,,,
1068148811,청한전자주식회사,0.0779,0.0073,0.0136,0.0089,0.0022,0.6367,0.103,0.2997,0.4724,0.8416,,-0.0706,0.0063,-0.0047,-0.0067,0.6345,-0.5337,0.1967,0.1727,0.3692,,
1068151785,세양폴리머(주),0.0005,0.0145,0.6812,0.5035,0.665,0.8139,0.7623,,,,,0.014,0.6667,-0.1777,0.1615,0.1489,-0.0516,,,,,
1068152047,(주)호상사,0.142,0.5422,,,,,,,,0.0012,0.0003,0.4002,,,,,,,,,-0.0009,
1068152372,주식회사아리랑주류,,,,,0.0029,0.0804,,,,0.8875,0.9418,,,,,0.0775,,,,,0.0543,
1068155253,(주)녹원씨엔아이,0.0004,0.0005,0.0007,0.0004,,,,,,,,0.0001,0.0002,-0.0003,,,,,,,,
1068157227,한국로얄코펜하겐(주),,,,,,0.0003,0.0012,,,,0.0002,,,,,,0.0009,,,,,
1068160358,(주)신방일렉트로닉스,0.0009,0.0008,0.0016,0.0004,0.0002,0.04,,,,,,-0.0001,0.0008,-0.0012,-0.0002,0.0398,,,,,,
1068160794,한국코닝주식회사,0.0,0.0001,0.0002,0.0001,0.0001,0.0003,,,,,0.0001,0.0001,0.0001,-0.0001,0.0,0.0002,,,,,,
1068161643,(주)지코스모,,0.0009,0.0001,0.0009,0.0125,0.0054,,,,,,,-0.0008,0.0008,0.0116,-0.0071,,,,,,
1068165203,신촌역사(주),0.0034,0.3664,0.7995,0.1806,0.483,0.8328,0.9309,,,,,0.363,0.4331,-0.6189,0.3024,0.3498,0.0981,,,,,
1068168160,(주)제네시스디벨롭먼트홀딩스,0.0911,0.9747,,,,,,,,,,0.8836,,,,,,,,,,
1068171461,주식회사내외정보통신,0.01,0.0035,0.0048,,,,,,,,0.2621,-0.0065,0.0013,,,,,,,,,
1068173815,더블유알씨주식회사,,,,,,,,,0.0005,0.0003,0.0006,,,,,,,,,-0.0002,0.0003,
1068179556,주식회사피코기연,0.0273,0.0257,0.0515,0.014,0.0071,0.0034,,,,,0.0027,-0.0016,0.0258,-0.0375,-0.0069,-0.0037,,,,,,
1068182537,에이샵(주),0.9783,,,,,,,,,,,,,,,,,,,,,
1068190930,주식회사이지함화장품,,,,,,,,,0.0008,0.0002,0.0002,,,,,,,,,-0.0006,0.0,
1068197189,(주)이노메드,0.0002,,,,,,,,,,,,,,,,,,,,,
1068610076,주식회사남강컴퓨터,,,,0.0009,0.0005,0.1833,0.0004,0.0014,0.0263,,0.2402,,,,-0.0004,0.1828,-0.1829,0.001,0.0249,,,
1068610135,(주)렛츠커머스,,,,,0.0015,0.0024,0.0008,,,,,,,,,0.0009,-0.0016,,,,,
1068612680,주식회사이노퍼스트,,,,0.0016,0.0014,0.3803,0.0125,0.0024,,,,,,,-0.0002,0.3789,-0.3678,-0.0101,,,,
1068623270,테나리스글로벌서비스코리아주식회사,0.0004,0.0006,,,,,,,0.0001,0.0001,,0.0002,,,,,,,,0.0,,
1068624702,주식회사풀린키,,0.0088,0.0009,0.0012,0.0007,0.0015,0.0773,0.4371,0.4903,,,,-0.0079,0.0003,-0.0005,0.0008,0.0758,0.3598,0.0532,,,
1068632901,화인에프앤드비서비스(주),,,,,,,,,0.0005,0.0002,0.0796,,,,,,,,,-0.0003,0.0794,
1068634156,유프라자(주),,0.0048,0.0004,0.0005,,,,,,,,,-0.0044,0.0001,,,,,,,,
1068634286,(주)에이치에스에이치,,,,,,,,,0.0008,0.0004,0.0003,,,,,,,,,-0.0004,-0.0001,
1068641040,(주)양지이엠알,0.3471,0.1706,0.0598,0.2946,0.0425,0.0496,0.743,0.9695,0.9884,,,-0.1765,-0.1108,0.2348,-0.2521,0.0071,0.6934,0.2265,0.0189,,,
1068642660,(주)이지넷유비쿼터스,,,,,,,,,0.0003,0.0001,0.0001,,,,,,,,,-0.0002,0.0,
1068643112,(주)지논,,,,,,,,,0.001,0.0004,0.0139,,,,,,,,,-0.0006,0.0135,
1068644858,주식회사이오메모리,,,0.0012,0.0582,0.0956,0.0021,,,0.1457,0.7714,0.9075,,,0.057,0.0374,-0.0935,,,,0.6257,0.1361,
1068659875,(주)조이젠,,,,,,0.0015,0.0763,0.9633,,,,,,,,,0.0748,0.887,,,,
1068661987,에이티게임(주),,,,,,0.0007,0.0002,0.0007,0.0156,0.0012,,,,,,,-0.0005,0.0005,0.0149,-0.0144,,
1068665343,스바루코리아주식회사,,,,0.9671,,,,,,,,,,,,,,,,,,
1068665682,대흥정보기술(주),,,,,,,,,0.0011,0.0141,0.0411,,,,,,,,,0.013,0.027,
1068669446,(주)오가닉팜코리아,,,,,,0.0009,0.0002,,,0.0001,0.0002,,,,,,-0.0007,,,,0.0001,
1068674269,아이스토어주식회사,,,,,,,,0.0034,0.0687,0.8417,,,,,,,,,0.0653,0.773,,
1068680984,주식회사성근물산,0.0005,0.0008,0.001,0.0003,0.0773,,,,,,,0.0003,0.0002,-0.0007,0.077,,,,,,,
1068681644,(주)수지스퀴진,,,0.0019,0.067,0.6211,0.9742,,,,,,,,0.0651,0.5541,0.3531,,,,,,
1068690124,큐씨티코리아주식회사,,,,0.0004,0.0002,,0.0008,,0.0004,0.0002,0.0041,,,,-0.0002,,,,,-0.0002,0.0039,
1068693650,주식회사베스트토요타,0.0737,0.8706,,,,,,,,,,0.7969,,,,,,,,,,
1068700065,주식회사골드플레이트,,,,,,,,0.0032,0.0544,0.9004,,,,,,,,,0.0512,0.846,,
1068704232,주식회사아다스트리아코리아,0.009,0.3128,0.9921,,,,,,,,,0.3038,0.6793,,,,,,,,,
1068709921,주식회사우솔컴퍼니,,,,,,,,,0.0019,0.0073,0.0207,,,,,,,,,0.0054,0.0134,
1078112015,대왕철강(주),0.4596,0.5066,0.9573,,,,,,,,,0.047,0.4507,,,,,,,,,
1078114328,(주)티씨씨통상,,,0.0027,0.1506,0.806,0.764,,,,,,,,0.1479,0.6554,-0.042,,,,,,
1078117174,주식회사부영흥산,,,,,,,,,0.0009,0.0003,0.0008,,,,,,,,,-0.0006,0.0005,
1078118305,풍림철강(주),0.907,,,,,,,,,,,,,,,,,,,,,
1078125709,대산강업(주),0.0415,0.0404,0.0314,0.0079,0.0274,0.0487,0.0313,0.0067,,,,-0.0011,-0.009,-0.0235,0.0195,0.0213,-0.0174,-0.0246,,,,
1078134358,성창약품주식회사,0.8909,,,,,,,,,,,,,,,,,,,,,
1078135527,영일유화(주),,,,,,,0.0014,0.024,0.3524,,,,,,,,,0.0226,0.3284,,,
1078135774,닥터하우스,0.0278,0.716,,,,,,,,,,0.6882,,,,,,,,,,
1078139052,(주)대흥유통,0.0014,0.1067,0.7459,0.9314,,,,,,,,0.1053,0.6392,0.1855,,,,,,,,
1078141728,주식회사바이더웨이,0.1565,0.3405,0.0584,0.0014,0.0031,0.1411,,,,,,0.184,-0.2821,-0.057,0.0017,0.138,,,,,,
1078150950,(주)동보스틸,0.0005,0.0027,0.0893,0.0002,0.0137,0.0557,,,0.0003,0.0004,,0.0022,0.0866,-0.0891,0.0135,0.042,,,,0.0001,,
1078151376,인홍상사주식회사,0.4383,0.8075,0.3342,0.8174,0.7933,0.9646,,,,,,0.3692,-0.4733,0.4832,-0.0241,0.1713,,,,,,
1078161840,(주)세경오토,0.0011,0.0004,0.0034,0.2253,0.0044,0.494,0.5864,0.9777,,,,-0.0007,0.003,0.2219,-0.2209,0.4896,0.0924,0.3913,,,,
1078164153,삼진타이어판매(주),,,,,,,,,0.0013,0.0057,0.0573,,,,,,,,,0.0044,0.0516,
1078164624,(주)비티에스시,0.0031,0.0027,0.009,0.0094,0.0186,0.0071,0.4161,0.9588,,,,-0.0004,0.0063,0.0004,0.0092,-0.0115,0.409,0.5427,,,,
1078166976,미산우드(주),0.0165,0.0398,0.8802,0.5781,0.6582,,,,,,,0.0233,0.8404,-0.3021,0.0801,,,,,,,
1078168315,(주)하늘빛식품,,,,0.0025,0.0024,0.4768,0.7413,,,,,,,,-0.0001,0.4744,0.2645,,,,,
1078172779,한국카나레(주),0.0001,0.0001,0.0002,,,,,,,,,0.0,0.0001,,,,,,,,,
1078174457,(주)에스티엠넷,0.0001,0.0375,0.0101,0.0904,0.1521,0.7175,,,,,,0.0374,-0.0274,0.0803,0.0617,0.5654,,,,,,
1078174933,명진밸브텍(주),0.0337,0.0008,0.2382,,,,,,,,,-0.0329,0.2374,,,,,,,,,
1078178074,주식회사앤텍컴,,,0.0004,0.0041,0.0075,0.0128,,,,0.0017,0.0088,,,0.0037,0.0034,0.0053,,,,,0.0071,
1078178943,(주)네오센,,,,,,,,,,0.0027,0.0008,,,,,,,,,,-0.0019,
1078183728,주성폴리머(주),0.04,0.1165,,,,,,,,,,0.0765,,,,,,,,,,
1078194128,(주)원일상공,0.0233,,,,,,,,,,,,,,,,,,,,,
1078194400,주식회사번영스텐레스,,,0.0028,0.0023,0.0735,,,,,,,,,-0.0005,0.0712,,,,,,,
1078197386,(주)아리네트웍스,,,,,,0.0008,0.0009,0.001,0.0002,0.0005,,,,,,,0.0001,0.0001,-0.0008,0.0003,,
1078604086,(주)스캔코,,,,,,,,,0.0004,0.0261,0.5988,,,,,,,,,0.0257,0.5727,
1078612645,씨크코리아(주),,,,,0.0006,,,,0.0001,0.0001,0.0002,,,,,,,,,0.0,0.0001,
1078614570,주식회사숀인터내셔날,0.004,0.0017,0.0005,0.0163,0.6858,0.7137,0.612,,,,,-0.0023,-0.0012,0.0158,0.6695,0.0279,-0.1017,,,,,
1078617408,주식회사비씨에프,0.0013,0.0098,,,0.0019,0.0047,0.418,0.0083,0.0032,,,0.0085,,,,0.0028,0.4133,-0.4097,-0.0051,,,
1078622798,(주)벤트코리아,0.872,,,,,,,,,,,,,,,,,,,,,
1078646198,(주)드림플,0.0009,0.0023,0.2139,0.0167,0.5931,0.5835,0.8442,,,,,0.0014,0.2116,-0.1972,0.5764,-0.0096,0.2607,,,,,
1078646373,(주)엔앤비랩,,,,0.0004,0.001,0.0039,0.0122,,,,,,,,0.0006,0.0029,0.0083,,,,,
1078650090,(주)리더스테크놀로지,,,,,,,,,0.0012,0.0005,0.0261,,,,,,,,,-0.0007,0.0256,
1078654266,주식회사제이더블유엠티,0.0001,,,,,,,,0.1136,0.7673,0.8761,,,,,,,,,0.6537,0.1088,
1078657899,주식회사왓슨스코리아,0.9806,,,,,,,,,,,,,,,,,,,,,
1078660550,주식회사더디씨에이치,0.003,0.088,0.0292,,,,,,,,,0.085,-0.0588,,,,,,,,,
1078672226,(주)중헌메디텍,,0.0024,0.0003,0.246,,,,,,,,,-0.0021,0.2457,,,,,,,,
1078682777,(주)지아이엠시스템,,,,,,,,,0.0004,0.0001,0.0034,,,,,,,,,-0.0003,0.0033,
1078682781,주식회사제이코스,,,,,,0.0009,0.0043,0.4714,0.7123,0.8504,,,,,,,0.0034,0.4671,0.2409,0.1381,,
1078687281,(주)세일에스티에스,,,,,0.0029,0.0584,0.0022,0.0581,0.0014,0.3604,,,,,,0.0555,-0.0562,0.0559,-0.0567,0.359,,
1078689047,(주)에스엔제이코리아,,0.0876,0.0236,0.0505,,,,,,,,,-0.064,0.0269,,,,,,,,
1078690262,지엘라파(주),0.0378,0.8538,0.9398,,,,,,,,,0.816,0.086,,,,,,,,,
1078705078,(주)반추정보통신,0.0002,0.0003,0.0001,0.0001,0.0074,0.0846,0.5203,0.0316,0.0001,,,0.0001,-0.0002,0.0,0.0073,0.0772,0.4357,-0.4887,-0.0315,,,
1078708487,(주)지에스머시너리,0.0861,0.4384,0.4779,,,,,,,,,0.3523,0.0395,,,,,,,,,
1078725190,(주)지성글로벌,0.0008,0.001,0.0454,0.0308,0.0969,0.8291,0.5207,0.0843,,,,0.0002,0.0444,-0.0146,0.0661,0.7322,-0.3084,-0.4364,,,,
1078725415,(주)제네스코,,,,,,,,,,0.0002,0.0004,,,,,,,,,,0.0002,
1078730392,주식회사바오밥테크놀로지,,,,,,,,,0.0005,0.0002,0.0003,,,,,,,,,-0.0003,0.0001,
1078733759,주식회사대경하이켐,0.0,0.0001,0.0001,0.0001,0.0013,0.0032,0.0004,0.0003,0.004,0.3302,,0.0001,0.0,0.0,0.0012,0.0019,-0.0028,-0.0001,0.0037,0.3262,,
1078747383,이디지씨헬스케어주식회사,,0.0021,0.0001,0.0001,0.0002,0.0014,,,,,,,-0.002,0.0,0.0001,0.0012,,,,,,
1078751965,주식회사이투피,0.0059,0.2218,0.8204,0.7814,0.4002,0.853,0.7956,,,,,0.2159,0.5986,-0.039,-0.3812,0.4528,-0.0574,,,,,
1078770171,(주)강남약품,,,,,,,,,0.0005,0.0012,0.0016,,,,,,,,,0.0007,0.0004,
1078776194,주식회사삼라네트웍스,0.4646,,,,,,,,,,,,,,,,,,,,,
1078776331,주식회사주본,,,,,,,,0.0012,0.0015,0.0102,,,,,,,,,0.0003,0.0087,,
1078776476,주식회사디에이치아이두산,,,,,,,0.001,0.0022,0.0186,,,,,,,,,0.0012,0.0164,,,
1078778168,(주)오다스톤파트너스,,,0.0041,0.09,0.9683,,,,,,,,,0.0859,0.8783,,,,,,,
1078781455,주식회사천지양,0.9493,,,,,,,,,,,,,,,,,,,,,
1078783297,주식회사백패커,,,,,0.0002,0.0091,0.6461,0.702,0.7869,,,,,,,0.0089,0.637,0.0559,0.0849,,,
1078785091,(주)원월드산업,0.1202,0.8608,,,,,,,0.4176,0.9051,0.0419,0.7406,,,,,,,,0.4875,-0.8632,
1078791593,주식회사티엔제이,,,0.0032,0.0449,0.835,,,,,,,,,0.0417,0.7901,,,,,,,
1078793081,(주)케이에이치아이,0.1139,0.4352,,,,,0.8592,0.9313,0.8974,,,0.3213,,,,,,0.0721,-0.0339,,,
1078797904,그린엘이디주식회사,0.0026,0.1195,0.9709,,,,,,,,,0.1169,0.8514,,,,,,,,,
1078801119,아시아마스터트레이드주식회사,,,,,,,,,0.0006,0.0006,0.0007,,,,,,,,,0.0,0.0001,
1078810578,(주)스타로닉,,,,,,,,,0.0011,0.1194,0.0421,,,,,,,,,0.1183,-0.0773,
1078827900,(주)에스엠면세점,,0.0136,0.0964,0.935,,,,,,,,,0.0828,0.8386,,,,,,,,
1088107999,경유산업주식회사,0.1527,0.0008,0.0003,0.0001,0.0001,0.0003,0.0004,,,,,-0.1519,-0.0005,-0.0002,0.0,0.0002,0.0001,,,,,
1088117110,(주)한국엔비에스,,,,,,,,0.0007,0.0003,0.0135,,,,,,,,,-0.0004,0.0132,,
1088120764,주식회사건융프로엔,0.0004,0.0105,0.0404,0.0014,0.361,0.5689,0.8972,,,,,0.0101,0.0299,-0.039,0.3596,0.2079,0.3283,,,,,
1088121711,(주)안트로젠,0.0068,0.0702,0.0067,0.167,0.5867,0.8963,0.9105,,,,,0.0634,-0.0635,0.1603,0.4197,0.3096,0.0142,,,,,
1088125658,주식회사한강인터트레이드,0.0003,0.0,0.0,,,,,,,,,-0.0003,0.0,,,,,,,,,
1088140187,주식회사유진수산,0.1105,0.0118,0.0788,0.7037,0.7512,0.4911,0.8089,,,,,-0.0987,0.067,0.6249,0.0475,-0.2601,0.3178,,,,,
1088147934,주식회사성대유통,0.1674,,0.2496,0.192,0.9029,,,,,,,,,-0.0576,0.7109,,,,,,,
1088162352,주식회사에쎄르,,,,,,,,,0.0003,0.0003,0.0005,,,,,,,,,0.0,0.0002,
1088164762,동양루브실(주),,,,,,,,,0.0003,0.0002,0.0002,,,,,,,,,-0.0001,0.0,
1088171297,(주)아스펜코리아,0.0001,0.0001,0.0001,0.0,0.0001,0.0004,,,,,,0.0,0.0,-0.0001,0.0001,0.0003,,,,,,
1088171905,(주)그랑에스피오,,,,,,,,,0.0003,0.0001,0.0001,,,,,,,,,-0.0002,0.0,
1088183551,주식회사신화어드밴스,0.0007,0.0003,0.0006,0.0131,0.0103,0.0008,0.0064,0.1042,0.062,0.3164,,-0.0004,0.0003,0.0125,-0.0028,-0.0095,0.0056,0.0978,-0.0422,0.2544,,
1088183809,(주)골드스미스,0.0107,0.6395,,,,,,,,,,0.6288,,,,,,,,,,
1088184128,(주)네오미오,0.0021,0.7652,0.1409,0.817,0.9165,0.9462,,,,,,0.7631,-0.6243,0.6761,0.0995,0.0297,,,,,,
1088192609,(주)지케이라이프,,,0.0016,0.0783,0.9074,0.9501,,,,,,,,0.0767,0.8291,0.0427,,,,,,
1088604944,주식회사키즈스콜레(KIDSSCHOLE),,,,,,,,,0.0035,0.1857,0.9608,,,,,,,,,0.1822,0.7751,
1088606170,주식회사해피소닉글로벌,,,,,,0.0014,0.0025,0.0016,0.0237,,,,,,,,0.0011,-0.0009,0.0221,,,
1088611504,주식회사하프,,,,,0.0013,0.0055,0.0057,0.6264,0.8247,,,,,,,0.0042,0.0002,0.6207,0.1983,,,
1088612124,한국전자판매주식회사,,,,,0.0007,0.0602,0.4071,0.0031,0.0008,,,,,,,0.0595,0.3469,-0.404,-0.0023,,,
1098120092,주식회사제이에스물산,0.0049,0.0131,0.0116,0.2951,0.8566,0.7608,0.8373,,,,,0.0082,-0.0015,0.2835,0.5615,-0.0958,0.0765,,,,,
1098124026,서영주류판매(주),0.0011,0.0006,0.0186,0.0187,0.0009,0.0011,0.539,0.6841,,,,-0.0005,0.018,0.0001,-0.0178,0.0002,0.5379,0.1451,,,,
1098138781,더휴앤컴퍼니주식회사,0.0094,0.1543,0.6571,,,,,,,,,0.1449,0.5028,,,,,,,,,
1098151197,(주)우진패션비즈,0.0535,0.0062,0.8254,0.9202,,,,,,,,-0.0473,0.8192,0.0948,,,,,,,,
1098180178,한국시멘트산업(주),0.8877,0.1564,0.4515,,,,,,,,,-0.7313,0.2951,,,,,,,,,
1098182365,세미글로벌컴퍼니(주),0.0012,0.0006,0.0001,0.0002,0.0014,0.1109,,,,,,-0.0006,-0.0005,0.0001,0.0012,0.1095,,,,,,
1098184010,(주)동서파이프,,,0.0008,0.0003,0.2409,,,,,,,,,-0.0005,0.2406,,,,,,,
1098197121,(주)커미스,0.0016,0.002,0.3391,,,,,,,,,0.0004,0.3371,,,,,,,,,
1098199963,주식회사정남쇼핑,,0.01,0.0065,0.7617,0.848,0.8876,,,,,,,-0.0035,0.7552,0.0863,0.0396,,,,,,
1098604587,(주)와이제이인터와이드,0.019,0.0663,0.0005,,,,,,,,,0.0473,-0.0658,,,,,,,,,
1098616894,(주)라운드어바웃,0.8483,,,,,,,,,,,,,,,,,,,,,
1098627125,제이에스스탠더드(주),,,,,0.0005,0.0015,0.0007,0.0006,,,0.0,,,,,0.001,-0.0008,-0.0001,,,,
1098629860,주식회사선광,,,,,,,,,0.0007,0.0015,0.6893,,,,,,,,,0.0008,0.6878,
1098631158,(주)하임바이오,,,,0.002,0.0014,0.5003,0.9062,,,,,,,,-0.0006,0.4989,0.4059,,,,,
1098633651,주식회사지피아이,0.0269,0.6472,0.3471,0.9523,,,,,,,,0.6203,-0.3001,0.6052,,,,,,,,
1098635168,주식회사대경고신인터내셔날,0.0009,0.0195,0.1315,,,,,,,0.4276,0.0175,0.0186,0.112,,,,,,,,-0.4101,
1098635509,(주)제이엔씨상사,,,,,,,0.0021,0.0223,0.0782,,,,,,,,,0.0202,0.0559,,,
1098643824,주식회사이지플러스,,,,,,0.0022,0.2377,0.9826,,,,,,,,,0.2355,0.7449,,,,
1098651061,주식회사한성이비지니스,,0.0015,0.0332,0.0021,0.148,0.3726,0.8889,,,,,,0.0317,-0.0311,0.1459,0.2246,0.5163,,,,,
1098652978,주식회사사우인터내셔날,,,,,,,,,0.0015,0.1313,0.8435,,,,,,,,,0.1298,0.7122,
1098655918,로하스주식회사,,,,,,,,0.0052,0.0938,0.9437,,,,,,,,,0.0886,0.8499,,
1098700477,(주)에프엠코스메틱,,,,0.0003,0.0001,0.1604,0.5881,,,,,,,,-0.0002,0.1603,0.4277,,,,,
1108114116,(주)남북양행,0.017,,,,,,,,,,,,,,,,,,,,,
1108123615,주식회사와이엠에스에이,0.0001,0.0065,0.4335,0.5722,0.8072,,,,,,,0.0064,0.427,0.1387,0.235,,,,,,,
1108124818,보임테크놀러지주식회사,0.7474,0.117,0.0011,0.4239,0.0004,0.0018,0.0315,0.4843,0.8495,0.9046,,-0.6304,-0.1159,0.4228,-0.4235,0.0014,0.0297,0.4528,0.3652,0.0551,,
1108129322,(주)독도사랑,0.4157,0.0614,0.0004,0.0004,0.0012,0.5843,,,,,,-0.3543,-0.061,0.0,0.0008,0.5831,,,,,,
1108133656,한국제이에프이쇼지주식회사,0.0003,0.0001,0.0009,,,,,,,,,-0.0002,0.0008,,,,,,,,,
1108139344,(주)엔터,0.1985,0.1394,0.3799,0.2081,0.0439,0.0685,0.2011,0.0916,0.3567,,,-0.0591,0.2405,-0.1718,-0.1642,0.0246,0.1326,-0.1095,0.2651,,,
1108150956,주식회사팜흥농,0.2179,0.7742,,,,,,,,,,0.5563,,,,,,,,,,
1108154592,(주)덕화스포츠,0.0127,0.1416,0.0123,0.0406,0.0734,0.1083,,,,,,0.1289,-0.1293,0.0283,0.0328,0.0349,,,,,,
1108164673,(주)나이스팜,,,,,,,,0.0039,0.022,0.6622,,,,,,,,,0.0181,0.6402,,
1108173740,주식회사다우하이텍실리콘,0.0197,0.1022,0.0005,0.0275,0.0001,0.1707,0.3437,,,,,0.0825,-0.1017,0.027,-0.0274,0.1706,0.173,,,,,
1108180372,주식회사금상첨화,0.8738,,,,,,,,,,,,,,,,,,,,,
1108183234,주식회사몬츄라코리아,0.0001,0.0002,0.0001,0.002,,,,,,,,0.0001,-0.0001,0.0019,,,,,,,,
1108184005,린나이플러스(주),0.1771,0.7301,0.2322,0.099,0.3184,0.2607,0.0616,0.0802,0.0122,,,0.553,-0.4979,-0.1332,0.2194,-0.0577,-0.1991,0.0186,-0.068,,,
1108194371,주식회사알래스카스톤앤타일,,,,,,,,,0.0014,0.0083,0.0469,,,,,,,,,0.0069,0.0386,
1108195574,주식회사스타일쉐어,,,,,0.0003,0.0322,0.6927,,,,,,,,,0.0319,0.6605,,,,,
1108603609,(주)위캔케어,,,,,,0.0013,0.0005,0.0009,0.0006,,0.2228,,,,,,-0.0008,0.0004,-0.0003,,,
1108605252,(주)지아이엘,,,,,,,,0.0032,0.0927,0.8972,,,,,,,,,0.0895,0.8045,,
1108610416,(주)푸르네마트,,,,,,,,,0.0008,0.0014,0.643,,,,,,,,,0.0006,0.6416,
1108612506,주식회사참바른,,,,,,,,,0.0016,0.2228,0.7739,,,,,,,,,0.2212,0.5511,
1118100750,신흥에너지산업(주),0.4756,0.7015,0.8602,,,,,,,,,0.2259,0.1587,,,,,,,,,
1118103271,기호물산(주),,,,,0.0027,0.0012,0.0019,0.0023,0.0007,,,,,,,-0.0015,0.0007,0.0004,-0.0016,,,
1118119813,주식회사아시안상사,,,,,0.0002,0.0001,0.0002,0.0002,0.0142,,,,,,,-0.0001,0.0001,0.0,0.014,,,
1118124316,효우케이블(주),0.0421,0.0032,0.1265,,,,,,,,,-0.0389,0.1233,,,,,,,,,
1118131200,주식회사현대쇼핑,0.0118,0.0092,0.0037,0.0033,0.0155,0.0069,0.002,0.0065,0.0058,0.0052,,-0.0026,-0.0055,-0.0004,0.0122,-0.0086,-0.0049,0.0045,-0.0007,-0.0006,,
1128104083,명화가스(주),,,0.0,0.0001,0.0002,0.0004,0.0002,0.0001,0.0002,0.0001,,,,0.0001,0.0001,0.0002,-0.0002,-0.0001,0.0001,-0.0001,,
1128142506,(주)희성앤에이치,0.0007,0.0012,0.0041,0.0011,0.0008,0.0014,0.0008,0.5953,0.5077,0.9242,,0.0005,0.0029,-0.003,-0.0003,0.0006,-0.0006,0.5945,-0.0876,0.4165,,
1128143131,주식회사패션아일랜드,0.9247,0.9281,,,,,,,,,,0.0034,,,,,,,,,,
1128153793,(주)비브,,,,,,,,0.006,0.0097,0.7659,,,,,,,,,0.0037,0.7562,,
1138110410,인아텍앤코포(주),0.0005,0.0009,0.0009,0.05,0.0118,0.6979,,,0.0015,0.8328,0.8158,0.0004,0.0,0.0491,-0.0382,0.6861,,,,0.8313,-0.017,
1138111739,한일가스산업주식회사,,,,,,,0.0015,0.1433,0.9089,,,,,,,,,0.1418,0.7656,,,
1138119615,(주)다보금속,0.2404,,,,,,,,0.0006,0.3936,0.0007,,,,,,,,,0.393,-0.3929,
1138122221,주식회사동남,,0.0023,0.0032,0.0032,0.3787,0.8134,0.699,,,,,,0.0009,0.0,0.3755,0.4347,-0.1144,,,,,
1138130978,(주)비와이씨마트,0.038,0.061,0.0115,0.2963,0.1945,0.4163,0.1297,0.0955,0.0512,0.0375,,0.023,-0.0495,0.2848,-0.1018,0.2218,-0.2866,-0.0342,-0.0443,-0.0137,,
1138133368,주식회사다일,0.0817,,,,,,,,,,,,,,,,,,,,,
1138136201,(주)해피랜드에프앤씨,0.5742,0.8643,0.2515,,,,,,,,,0.2901,-0.6128,,,,,,,,,
1138140461,국도코퍼레이션주식회사,0.9001,0.9075,,,,,,,,,,0.0074,,,,,,,,,,
1138141892,(주)한국가스산업,,,,0.0016,0.0134,0.0019,0.0007,,,0.0005,0.0002,,,,0.0118,-0.0115,-0.0012,,,,-0.0003,
1138146112,상우금속(주),0.3045,,,,,,,,,,,,,,,,,,,,,
1138148783,(주)래전드산업,,0.006,0.0005,0.0011,0.0012,0.0007,0.0009,0.0007,0.1018,0.1024,,,-0.0055,0.0006,0.0001,-0.0005,0.0002,-0.0002,0.1011,0.0006,,
1138155149,(주)유니온앤이씨,0.9683,,,,,,,,,,,,,,,,,,,,,
1138158302,주식회사한림네트웍스,0.9082,0.3203,0.6413,0.6622,0.4541,0.4606,,,,,,-0.5879,0.321,0.0209,-0.2081,0.0065,,,,,,
1138158807,(주)인테크시스템,,,,,,,,,0.0002,0.0004,0.0001,,,,,,,,,0.0002,-0.0003,
1138160939,(주)한솔금속,,,0.0011,0.0176,0.0007,,,,,,,,,0.0165,-0.0169,,,,,,,
1138163616,(주)인콘,0.0002,0.0003,0.1091,0.0084,0.7387,0.9185,0.8647,,,,,0.0001,0.1088,-0.1007,0.7303,0.1798,-0.0538,,,,,
1138164099,엔터비주식회사,0.0092,,,,,,,,,,,,,,,,,,,,,
1138165195,(주)씨디에이,0.0002,0.0003,0.0005,0.0152,0.5473,0.8398,0.9012,,,,,0.0001,0.0002,0.0147,0.5321,0.2925,0.0614,,,,,
1138183757,(주)오스코,0.0005,0.0009,0.0005,0.3763,0.5546,0.8761,,,,,,0.0004,-0.0004,0.3758,0.1783,0.3215,,,,,,
1138186297,해피랜드코퍼레이션(주),0.0021,0.0013,0.0008,0.0802,0.7922,0.7761,0.9249,,,,,-0.0008,-0.0005,0.0794,0.712,-0.0161,0.1488,,,,,
1138187618,"대상네트웍스주식회사(DAESANGNetworksCo.,Ltd.)",,,,,,,0.0042,0.0755,0.6606,,,,,,,,,0.0713,0.5851,,,
1138192576,미래코리아(주),,,,,,,,,0.0005,0.0012,0.0015,,,,,,,,,0.0007,0.0003,
1138195549,(주)현준에프에이,0.002,0.0026,0.0095,0.0049,0.1747,0.8749,0.786,,,,,0.0006,0.0069,-0.0046,0.1698,0.7002,-0.0889,,,,,
1138602123,피암코리아(주),,,,,,,,,0.0006,0.0047,0.0012,,,,,,,,,0.0041,-0.0035,
1138639805,(주)텔러스테크,,,,,,,,,0.0007,0.001,0.0605,,,,,,,,,0.0003,0.0595,
1138641766,(주)잔티아시아,0.1069,0.1205,,,,,,,,,,0.0136,,,,,,,,,,
1138642921,(주)다이나칩,0.0005,,,,,,,,0.0003,0.0011,0.0015,,,,,,,,,0.0008,0.0004,
1138645520,사토시홀딩스(주),0.0008,0.0002,0.1996,0.4389,0.9641,,,,,,,-0.0006,0.1994,0.2393,0.5252,,,,,,,
1138674670,(주)티원세미콘,,,,,,,,,0.001,0.0012,0.4209,,,,,,,,,0.0002,0.4197,
1138674743,주식회사하이푸헬스케어,,,0.0008,0.0002,0.7177,0.8065,,,,,,,,-0.0006,0.7175,0.0888,,,,,,
1148101855,(주)이랜드리테일,0.0019,0.0038,0.004,0.0045,0.001,0.007,0.6558,0.9107,0.4956,,,0.0019,0.0002,0.0005,-0.0035,0.006,0.6488,0.2549,-0.4151,,,
1148122734,주식회사롯데아사히주류,0.0001,0.0001,0.0008,0.0002,0.0002,0.4383,0.548,0.9488,,,,0.0,0.0007,-0.0006,0.0,0.4381,0.1097,0.4008,,,,
1148133871,(주)소비코,0.5302,0.746,0.7718,,,,,,,,,0.2158,0.0258,,,,,,,,,
1148142711,(주)대신EDI,0.3354,0.5602,0.7199,0.2954,0.5151,0.3673,0.9478,,,,,0.2248,0.1597,-0.4245,0.2197,-0.1478,0.5805,,,,,
1148145800,주식회사태경화성,0.0002,0.0002,0.0002,0.0011,,,,,,,,0.0,0.0,0.0009,,,,,,,,
1148152806,대홍테크뉴(주),0.6232,0.0101,0.5207,0.0038,0.5156,0.9401,,,,,,-0.6131,0.5106,-0.5169,0.5118,0.4245,,,,,,
1148153159,(주)건화코포레이션,,,,0.0017,0.0076,0.1069,0.3341,0.821,,,,,,,0.0059,0.0993,0.2272,0.4869,,,,
1148153542,(주)수인교역,0.0006,0.0002,,,,,,,,,,-0.0004,,,,,,,,,,
1148160422,(주)한교통상,,,,,,,,,0.0006,0.0009,0.0008,,,,,,,,,0.0003,-0.0001,
1148172608,주식회사대화씨앤에프,0.8187,0.8111,,,,,,,,,,-0.0076,,,,,,,,,,
1148173271,(주)한국인트라코상사,0.5911,0.9018,,,,,,,,,,0.3107,,,,,,,,,,
1148173887,지에프머시닝솔루션즈주식회사,,,0.0041,0.0859,0.8462,,,,,,,,,0.0818,0.7603,,,,,,,
1148175304,(주)디케이텍엔지니어링,0.0,0.0005,0.0012,0.0014,0.001,0.0026,0.1218,0.8121,,,,0.0005,0.0007,0.0002,-0.0004,0.0016,0.1192,0.6903,,,,
1148186456,갈더마코리아(주),0.0211,0.2712,0.6926,0.9433,,,,,,,,0.2501,0.4214,0.2507,,,,,,,,
1148606670,두루약품(주),0.0009,0.001,0.0027,0.2761,0.0667,0.0634,0.0576,0.5955,0.7311,,,0.0001,0.0017,0.2734,-0.2094,-0.0033,-0.0058,0.5379,0.1356,,,
1148611339,주식회사이수엑사켐,0.8008,0.8204,,,,,,,,,,0.0196,,,,,,,,,,
1148625833,이카드밴주식회사,,,,0.0003,0.0002,0.0013,,,,,,,,,-0.0001,0.0011,,,,,,
1148637187,(주)네오디안테크놀로지,0.0002,,,,,,,,,,,,,,,,,,,,,
1148637829,주식회사사이트플레너스,0.1292,0.956,,,,,,,,,,0.8268,,,,,,,,,,
1148646503,(주)브랜드랩,0.9318,,,,,,,,,,,,,,,,,,,,,
1148648404,(주)도체오,0.0006,0.0018,0.0009,0.0001,0.0005,0.0016,,,,0.0022,0.0792,0.0012,-0.0009,-0.0008,0.0004,0.0011,,,,,0.077,
1148651234,주식회사듀콘,0.8987,0.2619,0.4477,0.6576,0.9425,,,,,,,-0.6368,0.1858,0.2099,0.2849,,,,,,,
1148651331,도요잉크코리아(주),,,,0.0004,0.0001,,,,,,0.0001,,,,-0.0003,,,,,,,
1148653023,(주)대농석유,0.3183,,0.0038,0.0146,0.0191,,,,,,,,,0.0108,0.0045,,,,,,,
1148656302,마이스터모터스주식회사,0.0966,0.0026,0.0017,0.0004,0.0004,0.0006,0.3834,0.7116,0.5635,,,-0.094,-0.0009,-0.0013,0.0,0.0002,0.3828,0.3282,-0.1481,,,
1148659541,텔콤씨앤에스(주),,,,,,,,,0.0005,0.0002,0.0006,,,,,,,,,-0.0003,0.0004,
1148660830,우신에너지주식회사,0.0001,0.0001,0.0,0.0001,0.0004,0.0003,0.0006,0.0503,0.111,0.0611,,0.0,-0.0001,0.0001,0.0003,-0.0001,0.0003,0.0497,0.0607,-0.0499,,
1148663894,주식회사애스큠케어,0.1908,0.0023,,,,,,,,,,-0.1885,,,,,,,,,,
1148667134,데이즈온(주),,,,,,0.0006,0.0012,0.5817,,,,,,,,,0.0006,0.5805,,,,
1148668754,카파코리아주식회사,0.9511,0.9743,,,,,,,,,,0.0232,,,,,,,,,,
1148674197,휴젤파마(주),0.0001,0.0003,0.0001,0.0001,,,,,,,,0.0002,-0.0002,0.0,,,,,,,,
1148674561,보성글로벌(주),,,0.0022,0.0037,0.0297,0.0467,0.0084,0.6359,,,,,,0.0015,0.026,0.017,-0.0383,0.6275,,,,
1148687289,에스앤에스케어텍(주),,,0.0009,0.0028,0.0273,0.6629,,,,,,,,0.0019,0.0245,0.6356,,,,,,
1148705358,(주)위컴플러스,,,,,,,,,0.0007,0.0001,0.037,,,,,,,,,-0.0006,0.0369,
1148705566,대신석유주식회사,0.4747,0.2775,0.7924,,,,,,,,,-0.1972,0.5149,,,,,,,,,
1148707491,(주)혜인자동차,0.112,0.9572,,,,,,,,,,0.8452,,,,,,,,,,
1148709261,주식회사플라워마트,,,,0.0022,0.0012,,,,0.0007,0.0039,0.0013,,,,-0.001,,,,,0.0032,-0.0026,
1148716404,(주)이젠위드,,,,,,0.004,0.2701,0.93,,,,,,,,,0.2661,0.6599,,,,
1148720397,주식회사바이오타이드,,,,,,,,,0.0002,0.0001,0.0001,,,,,,,,,-0.0001,0.0,
1148720572,주식회사라비오뜨,,,0.0017,0.0623,0.8472,0.9684,,,,,,,,0.0606,0.7849,0.1212,,,,,,
1158700282,대한제강판매주식회사,,,,,,,,,0.0009,0.0039,0.0089,,,,,,,,,0.003,0.005,
1158800805,주식회사뱅베,,,,,,,,,0.0014,0.037,0.8474,,,,,,,,,0.0356,0.8104,
1168100551,한국통상(주),0.0025,0.0017,0.1567,0.2079,0.2743,0.0146,,,,,,-0.0008,0.155,0.0512,0.0664,-0.2597,,,,,,
1168101749,남덕물산(주),0.0097,,,,,,,,,,,,,,,,,,,,,
1168104391,신송홀딩스(주),0.0063,0.0583,0.6844,0.7834,0.8339,,,,,,,0.052,0.6261,0.099,0.0505,,,,,,,
1168122574,(주)디티엘,0.0004,0.0003,0.0009,0.1216,0.6218,0.9755,,,,,,-0.0001,0.0006,0.1207,0.5002,0.3537,,,,,,
1168130899,리치우드인터내셔날(주),,,,0.0005,0.0003,0.0005,,,,,,,,,-0.0002,0.0002,,,,,,
1168131807,넬레스코리아주식회사,0.4761,0.9034,0.9336,,,,,,,,,0.4273,0.0302,,,,,,,,,
1168132413,한국정보통신서비스주식회사,0.8618,0.9676,0.2659,0.7725,0.0355,0.706,0.8788,0.9512,,,,0.1058,-0.7017,0.5066,-0.737,0.6705,0.1728,0.0724,,,,
1168133066,(주)유비에폴,0.9723,,,,,,,,,,,,,,,,,,,,,
1168133542,코린인터내셔널주식회사,0.91,0.9511,,,,,,,,,,0.0411,,,,,,,,,,
1168135439,한국알카텔루슨트주식회사,0.0,0.0002,0.0002,0.0724,0.0026,,,,,,,0.0002,0.0,0.0722,-0.0698,,,,,,,
1168137698,주식회사한국프로페이스,0.0016,,,,,,,,,,,,,,,,,,,,,
1168139527,(주)이스트레이드,0.0007,0.0003,0.0004,0.0539,0.0004,,,0.0003,0.0005,,,-0.0004,0.0001,0.0535,-0.0535,,,,0.0002,,,
1168142134,(주)제본,0.6912,0.4987,,0.9397,,,,,,,,-0.1925,,,,,,,,,,
1168148875,(주)상훈유통,0.0021,,,,,,,,,,,,,,,,,,,,,
1168150745,대촌물산주식회사,,,,,,,,0.0035,0.0002,0.0014,,,,,,,,,-0.0033,0.0012,,
1168151399,씨그마알드리치홀딩주식회사,0.0001,0.0002,0.0008,,,,,,,,,0.0001,0.0006,,,,,,,,,
1168161413,동화에이브이(주),0.0001,,,,,,,,,,,,,,,,,,,,,
1168162993,(주)한스코퍼레이션,0.0002,0.0036,0.0065,0.0376,0.1076,0.1019,,,,,,0.0034,0.0029,0.0311,0.07,-0.0057,,,,,,
1168163309,롯데씨브이에스711주식회사,0.0026,0.0017,0.2208,0.166,0.1433,0.0764,0.0494,0.8085,0.7067,,,-0.0009,0.2191,-0.0548,-0.0227,-0.0669,-0.027,0.7591,-0.1018,,,
1168164972,제신주식회사,,,0.0001,0.0001,0.0001,0.0004,0.0001,0.0001,0.0001,0.0002,,,,0.0,0.0,0.0003,-0.0003,0.0,0.0,0.0001,,
1168167396,(주)선경스틸,0.0603,,,,,,,,,,,,,,,,,,,,,
1168167756,(주)선이루핀,0.3881,0.0348,0.0041,0.0033,,,,,,0.0035,0.0539,-0.3533,-0.0307,-0.0008,,,,,,,0.0504,
1168169040,주식회사효성마케팅,,,,,,,,,0.0019,0.0053,0.0112,,,,,,,,,0.0034,0.0059,
1168173340,(주)맥진정보통신,0.0011,0.0033,0.0169,,,,,,,,,0.0022,0.0136,,,,,,,,,
1168600992,주식회사더파이러츠,,,,,,,0.0018,0.111,0.86,,,,,,,,,0.1092,0.749,,,
1178105428,태양3C(주),0.0005,0.0007,0.0006,0.0002,0.0004,0.002,0.0028,0.0012,,,,0.0002,-0.0001,-0.0004,0.0002,0.0016,0.0008,-0.0016,,,,
1178108920,나라셀라(주),0.1223,0.9857,,,,,,,,,,0.8634,,,,,,,,,,
1178112690,(주)부국스틸,0.1478,0.7523,0.3772,0.0197,0.0906,0.1141,0.2535,,,,,0.6045,-0.3751,-0.3575,0.0709,0.0235,0.1394,,,,,
1178117716,주식회사비바스포츠,0.0181,0.0243,0.5964,,,,,,,,,0.0062,0.5721,,,,,,,,,
1178121700,(주)한국프라켐,,,,,,,,,0.0006,0.0003,0.0002,,,,,,,,,-0.0003,-0.0001,
1178129473,삼화철강주식회사,0.0016,0.0016,,,,,,,,,,0.0,,,,,,,,,,
1178133002,(주)맨에어코리아,,,,0.0002,0.0001,0.0003,0.0002,,,,,,,,-0.0001,0.0002,-0.0001,,,,,
1178133642,(주)엔에스쇼핑,0.0001,,,,,,,,0.0003,0.0002,0.0002,,,,,,,,,-0.0001,0.0,
1178143460,(주)라페스포츠,0.8317,,,,,,,,,,,,,,,,,,,,,
1178151164,노블워치,0.0032,0.0017,0.0045,0.0044,0.5449,0.0255,,0.0426,0.6207,0.6675,,-0.0015,0.0028,-0.0001,0.5405,-0.5194,,,0.5781,0.0468,,
1178153390,(주)엘비아브노바,,,,,,,,,0.0005,0.0008,0.0005,,,,,,,,,0.0003,-0.0003,
1178154026,주식회사진우케미칼,,,0.0018,0.1523,0.9341,,,,,,,,,0.1505,0.7818,,,,,,,
1178154064,(주)에이프로에스앤씨,0.391,0.0029,0.2651,0.8406,0.8504,,,,,,,-0.3881,0.2622,0.5755,0.0098,,,,,,,
1178154803,주식회사쇼핑엔티,0.1397,0.1147,0.0317,0.0384,,,,,,,,-0.025,-0.083,0.0067,,,,,,,,
1178167249,주식회사홈에이스,,0.0028,0.0001,0.0963,0.0029,0.0174,0.1831,,,,0.0116,,-0.0027,0.0962,-0.0934,0.0145,0.1657,,,,,
1178172887,한국파워젠주식회사,,0.0053,0.091,0.7762,0.9758,,,,,,,,0.0857,0.6852,0.1996,,,,,,,
1178173358,(주)알볼로에프앤씨,,,,0.0017,0.1108,0.9317,,,,,,,,,0.1091,0.8209,,,,,,
1178187041,주식회사아카데미코스메틱,0.0009,0.0013,0.0026,,,,,,,,,0.0004,0.0013,,,,,,,,,
1188115730,이니스트팜주식회사,0.3129,0.0091,0.0194,0.8189,0.549,0.9408,,,,,,-0.3038,0.0103,0.7995,-0.2699,0.3918,,,,,,
1188117946,은성물산(주),,,,,,,0.0011,0.0992,0.8383,,,,,,,,,0.0981,0.7391,,,
1188121514,(주)제이케이씨앤피,,,,,,,0.0013,0.0032,0.0081,,,,,,,,,0.0019,0.0049,,,
1188132383,(주)영우인터내셔널,,,,,,,,,0.0009,0.0015,0.0017,,,,,,,,,0.0006,0.0002,
1198100851,주식회사메가마트,0.0006,0.0012,0.0082,0.7208,0.7449,0.8682,,,,,,0.0006,0.007,0.7126,0.0241,0.1233,,,,,,
1198101073,(주)에스지세계물산,0.8901,,,,,,,,,,,,,,,,,,,,,
1198101879,디에이치엑스컴퍼니(주),0.9238,0.9107,,,,,,,,,,-0.0131,,,,,,,,,,
1198102636,한국라이톤주식회사,0.0093,0.0461,0.0176,0.0139,0.0142,0.009,,,,,,0.0368,-0.0285,-0.0037,0.0003,-0.0052,,,,,,
1198106137,한이철강(주),0.7341,,,,,,,,,,,,,,,,,,,,,
1198107096,우리엔터프라이즈(주),0.6923,0.0056,0.6089,0.8216,0.7723,,,,,,,-0.6867,0.6033,0.2127,-0.0493,,,,,,,
1198107359,삼천리자전거(주),0.0003,0.0008,0.0011,0.3221,0.6872,0.9628,,,,,,0.0005,0.0003,0.321,0.3651,0.2756,,,,,,
1198117992,구광석유주식회사,,,,,,,,,0.0005,0.0002,0.0004,,,,,,,,,-0.0003,0.0002,
1198118860,(주)대호종합상사,0.0014,0.2102,0.3879,0.8777,,,,,,,,0.2088,0.1777,0.4898,,,,,,,,
1198121730,(주)선진금속,,,,0.0023,0.0475,0.9652,,,,,,,,,0.0452,0.9177,,,,,,
1198126002,주식회사모던인더스트리,0.0031,0.0005,0.0009,0.0008,0.0015,0.0035,0.0004,0.0021,0.0027,,,-0.0026,0.0004,-0.0001,0.0007,0.002,-0.0031,0.0017,0.0006,,,
1198127205,성하철강(주),0.7773,0.9224,,,,,,,,,,0.1451,,,,,,,,,,
1198128164,태산무역주식회사,0.0097,0.0284,,0.1349,0.6485,,,,,,,0.0187,,,0.5136,,,,,,,
1198128543,대호CMC(주),,,,,0.0006,0.0004,0.0003,,,0.0001,0.0001,,,,,-0.0002,-0.0001,,,,0.0,
1198135345,(주)동호스포츠,0.4604,0.8859,0.9354,,,,,,,,,0.4255,0.0495,,,,,,,,,
1198144581,브랜디드라이프스타일코리아,0.0,0.0002,0.0001,0.0,0.0001,0.0006,0.2026,0.4231,0.3356,,,0.0002,-0.0001,-0.0001,0.0001,0.0005,0.202,0.2205,-0.0875,,,
1198144882,(주)세양강업,0.0124,0.0021,0.0029,0.003,0.0185,,,,,,,-0.0103,0.0008,0.0001,0.0155,,,,,,,
1198153455,(주)씨에이치테크,0.9015,,,,,,,,,,,,,,,,,,,,,
1198154357,대호에스텍(주),0.0091,0.0107,0.697,0.5306,0.8425,,,,,,,0.0016,0.6863,-0.1664,0.3119,,,,,,,
1198159255,주식회사에코베스틸,0.3622,0.6539,,,,,,,,,,0.2917,,,,,,,,,,
1198160335,피앤에스반도체주식회사,0.3836,0.0008,0.0237,,,,,,,,,-0.3828,0.0229,,,,,,,,,
1198162503,(주)프론스틸,,,0.0007,0.0014,,,,,,,,,,0.0007,,,,,,,,
1198168583,주식회사성파,0.1274,0.0324,0.2571,0.8584,0.9182,0.8863,,,,,,-0.095,0.2247,0.6013,0.0598,-0.0319,,,,,,
1198168884,리퓨어헬스케어,,,0.0008,0.0003,0.0005,0.0038,0.0016,0.5927,0.7366,0.0413,,,,-0.0005,0.0002,0.0033,-0.0022,0.5911,0.1439,-0.6953,,
1198176671,(주)아이원홈테크,,,,0.0002,0.0001,0.0009,0.0002,0.0029,0.0025,0.0119,,,,,-0.0001,0.0008,-0.0007,0.0027,-0.0004,0.0094,,
1198176841,(주)플라터너스,0.0009,0.8231,0.0779,0.7627,0.9484,0.9443,,,,,,0.8222,-0.7452,0.6848,0.1857,-0.0041,,,,,,
1198179493,(주)이도홀딩스,0.0038,0.0036,0.0101,0.0033,0.0027,0.0355,0.0116,,0.0984,0.024,,-0.0002,0.0065,-0.0068,-0.0006,0.0328,-0.0239,,,-0.0744,,
1198182042,미트패밀리(주),0.0044,0.014,,,,,,,,,,0.0096,,,,,,,,,,
1198186427,(주)유원컴즈,,,,,,0.0018,0.0755,0.0129,,,,,,,,,0.0737,-0.0626,,,,
1198191589,코암퍼시픽,,,0.0009,0.112,0.9456,,,,,,,,,0.1111,0.8336,,,,,,,
1198199766,디에이치호림(주),0.5167,0.1343,0.2051,0.4585,0.9589,,,,,,,-0.3824,0.0708,0.2534,0.5004,,,,,,,
1198600569,주식회사씨엔디상사,0.0132,0.0038,0.0098,0.0058,0.0024,0.0047,0.0006,0.0017,,0.5789,0.1908,-0.0094,0.006,-0.004,-0.0034,0.0023,-0.0041,0.0011,,,-0.3881,
1198605093,(주)새암푸드먼트,0.0024,0.0318,0.0712,0.3134,0.13,0.1051,0.8301,,,,,0.0294,0.0394,0.2422,-0.1834,-0.0249,0.725,,,,,
1198609987,포도몰(주),0.7617,0.9117,,,,,,,,,,0.15,,,,,,,,,,
1198612764,(주)디오스파마,,,,0.0041,0.2443,0.9652,,,,,,,,,0.2402,0.7209,,,,,,
1198615704,(주)일성티디에스,0.0032,0.0021,0.0197,,,,,,,,,-0.0011,0.0176,,,,,,,,,
1198616552,나노와이에스(주),0.5453,0.6525,0.7172,0.0055,,,,,,,,0.1072,0.0647,-0.7117,,,,,,,,
1198618434,주식회사신성씨앤에스,,,,,,,,,0.0006,0.0002,0.0002,,,,,,,,,-0.0004,0.0,
1198619976,주식회사무한티에스,,,,,0.0007,0.076,0.3933,,,,,,,,,0.0753,0.3173,,,,,
1198624580,회명정보통신주식회사,0.4521,0.012,0.4998,0.8311,0.8772,,,,,,,-0.4401,0.4878,0.3313,0.0461,,,,,,,
1198624810,주식회사엔티씨글로벌,,,,0.001,0.0003,0.0006,0.128,0.0006,0.0153,0.4578,,,,,-0.0007,0.0003,0.1274,-0.1274,0.0147,0.4425,,
1198636295,(주)와이앤에이치,,,,,0.0008,0.0382,0.2912,0.9565,,,,,,,,0.0374,0.253,0.6653,,,,
1198638070,(주)파링,,,,,,,,,0.0005,0.0013,0.0021,,,,,,,,,0.0008,0.0008,
1198643103,주식회사와인컨시어지,0.0012,0.022,0.1107,0.326,0.1191,0.3192,0.033,0.2439,,,,0.0208,0.0887,0.2153,-0.2069,0.2001,-0.2862,0.2109,,,,
1198646662,주식회사뉴테라넥스,,,,,0.0013,0.1101,0.3872,0.9782,,,,,,,,0.1088,0.2771,0.591,,,,
1198647905,주식회사리안시스템,,,,,,,,,0.0005,0.0004,0.0013,,,,,,,,,-0.0001,0.0009,
1198648942,주식회사영일,,,,,0.0002,0.0002,0.0001,,,,,,,,,0.0,-0.0001,,,,,
1198649859,(주)포유키즈,,,,,,0.0027,0.1024,0.9524,,,,,,,,,0.0997,0.85,,,,
1198650851,(주)한유넥스텔,0.0015,0.0041,,,,0.0005,0.0002,,,0.3833,0.5679,0.0026,,,,,-0.0003,,,,0.1846,
1198651864,주식회사토박스코리아,0.0013,0.0001,0.0001,,,,,,,,,-0.0012,0.0,,,,,,,,,
1198653498,주식회사에쓰티케이,,,,0.0035,0.0253,0.0132,0.0008,0.0006,0.006,0.5758,,,,,0.0218,-0.0121,-0.0124,-0.0002,0.0054,0.5698,,
1198657664,시크릿다이렉트코리아주식회사,0.0007,0.0001,0.0002,0.0008,0.7864,0.0223,0.5382,0.9101,0.8335,,,-0.0006,0.0001,0.0006,0.7856,-0.7641,0.5159,0.3719,-0.0766,,,
1198662245,주식회사모닝푸드,,,,,,,,,0.0006,0.0067,0.0068,,,,,,,,,0.0061,0.0001,
1198664340,주식회사아이알에스씨,,,,,0.0016,0.1646,0.9699,,,,,,,,,0.163,0.8053,,,,,
1198668007,(주)위브플래닝,0.0665,0.3131,0.8364,0.9362,0.9275,,,,,,,0.2466,0.5233,0.0998,-0.0087,,,,,,,
1198673534,주식회사케어팜,,,,,,,,0.0033,0.0411,0.6979,,,,,,,,,0.0378,0.6568,,
1198691245,주식회사버킷플레이스,,,,,0.0005,0.0039,0.0206,0.149,0.4869,0.938,,,,,,0.0034,0.0167,0.1284,0.3379,0.4511,,
1198701304,주식회사생활공작소,,,,,,,,0.0041,0.0581,0.5064,,,,,,,,,0.054,0.4483,,
1208102543,주식회사서울문고,0.3938,0.839,0.097,0.8204,0.6264,0.1681,,0.8668,0.6616,,,0.4452,-0.742,0.7234,-0.194,-0.4583,,,-0.2052,,,
1208111794,(주)신세계까사,0.0002,0.0005,0.0004,0.0001,0.254,0.6941,0.941,,,,,0.0003,-0.0001,-0.0003,0.2539,0.4401,0.2469,,,,,
1208112584,주식회사대한물류센타,,,0.0016,0.0102,0.4524,,,,,,,,,0.0086,0.4422,,,,,,,
1208112978,주식회사렙테크,0.0066,0.018,0.0229,0.3584,,,,,,,,0.0114,0.0049,0.3355,,,,,,,,
1208114506,남서울까스(주),,,,0.0017,0.0012,,,,0.0583,0.7998,0.9435,,,,-0.0005,,,,,0.7415,0.1437,
1208114772,(주)윌비스,0.1852,0.0031,0.0062,0.4385,0.6932,0.8467,0.9281,,,,,-0.1821,0.0031,0.4323,0.2547,0.1535,0.0814,,,,,
1208116504,(주)신환상사,,,,,,,,,0.0009,0.0645,0.7326,,,,,,,,,0.0636,0.6681,
1208118540,(주)한동디벨로퍼,0.0023,0.0018,0.0021,0.0005,0.0006,0.0012,0.0003,0.0003,0.0002,,,-0.0005,0.0003,-0.0016,0.0001,0.0006,-0.0009,0.0,-0.0001,,,
1208121313,(주)한사인터내셔널,0.9799,,,,,,,,,,,,,,,,,,,,,
1208130262,두고테크주식회사,0.9365,,,,,,,,,,,,,,,,,,,,,
1208135189,(주)지현통상,0.8835,,,,,,,,,,,,,,,,,,,,,
1208135345,제동물산(주),0.3978,0.1022,0.0032,0.04,0.045,0.455,0.6922,0.9676,,,,-0.2956,-0.099,0.0368,0.005,0.41,0.2372,0.2754,,,,
1208138395,주식회사시호비전,0.0009,0.088,0.7962,0.1811,0.0088,,,,,,,0.0871,0.7082,-0.6151,-0.1723,,,,,,,
1208139297,(주)월드쥬스,,,0.0005,0.0001,0.0002,0.0007,0.0006,0.0003,0.0143,0.001,,,,-0.0004,0.0001,0.0005,-0.0001,-0.0003,0.014,-0.0133,,
1208141056,(주)미건코아,0.0335,,,,,,,,,,,,,,,,,,,,,
1208145479,주식회사베리모나코,0.0023,0.0957,0.7968,0.8219,0.9502,,,,,,,0.0934,0.7011,0.0251,0.1283,,,,,,,
1208145616,주식회사엔터식스패션쇼핑몰,0.006,0.0053,0.0014,0.0021,0.0024,0.3285,0.5129,0.8726,,,,-0.0007,-0.0039,0.0007,0.0003,0.3261,0.1844,0.3597,,,,
1208145805,양우케미칼(주),0.0055,0.0024,,,,,,,,,,-0.0031,,,,,,,,,,
1208148345,매니토웍크레인그룹코리아(주),0.0421,0.6824,0.8844,,,,,,,,,0.6403,0.202,,,,,,,,,
1208148364,주식회사인터불고,0.3961,0.5163,0.969,,,,,,,,,0.1202,0.4527,,,,,,,,,
1208149062,주식회사씨엔비코퍼레이션,,0.0013,0.0007,0.0004,,,,,,,,,-0.0006,-0.0003,,,,,,,,
1208149330,서창실업(주),0.0001,0.0002,0.0055,0.0002,0.0028,0.2197,,,0.1944,0.1593,,0.0001,0.0053,-0.0053,0.0026,0.2169,,,,-0.0351,,
1208149437,(주)삼오파마켐,0.0001,0.0001,0.0001,0.0,0.0001,0.0002,,,,,0.013,0.0,0.0,-0.0001,0.0001,0.0001,,,,,,
1208150536,콘티넨탈오토모티브코포레이션코리아(주),0.046,0.0882,0.0106,0.0005,,,,,,,,0.0422,-0.0776,-0.0101,,,,,,,,
1208153474,기가산업(주),0.0022,0.0032,0.0052,0.0092,0.0088,,,,,,,0.001,0.002,0.004,-0.0004,,,,,,,
1208157112,한국한와흥업주식회사,,,,,,,,,0.0001,0.0012,0.0004,,,,,,,,,0.0011,-0.0008,
1208159027,모토로라코리아(주),0.0038,,,,,,,,,,,,,,,,,,,,,
1208171114,인애철강(주),,,,,,0.0012,0.0071,0.0002,,0.0308,0.6003,,,,,,0.0059,-0.0069,,,0.5695,
1208180398,백상정보통신주식회사,0.0001,0.0001,0.0003,0.0001,0.0003,0.3356,0.2213,,,,,0.0,0.0002,-0.0002,0.0002,0.3353,-0.1143,,,,,
1208187708,제너럴밀스코리아주식회사,,,0.0038,0.1169,0.933,,,,,,,,,0.1131,0.8161,,,,,,,
1208188783,인피니움코리아주식회사,,,,,,,,,0.0003,0.0003,0.0001,,,,,,,,,0.0,-0.0002,
1208191648,(주)대현유통,0.0664,0.1053,0.8125,0.9728,,,,,,,,0.0389,0.7072,0.1603,,,,,,,,
1208192477,(주)맥플러스,,,,,,,,,0.0006,0.0004,0.0006,,,,,,,,,-0.0002,0.0002,
1208197088,(주)옴니넷,0.417,0.9085,,,,,,,,,,0.4915,,,,,,,,,,
1208197851,텔코인주식회사,0.8368,0.6778,0.085,,0.3537,0.2279,,,,,,-0.159,-0.5928,,,-0.1258,,,,,,
1208197958,(주)에스에이치케이글로벌,0.9248,0.9661,,,,,,,,,,0.0413,,,,,,,,,,
1208198883,(주)케이브랜즈,0.3896,0.001,0.0007,0.0003,0.0004,,,,,,,-0.3886,-0.0003,-0.0004,0.0001,,,,,,,
1208600929,바우맨코리아주식회사,,,,,0.0021,0.1622,0.7673,,,,,,,,,0.1601,0.6051,,,,,
1208605526,(주)우윤,0.0025,0.0028,0.3127,0.7103,0.3189,0.0972,0.703,0.9143,,,,0.0003,0.3099,0.3976,-0.3914,-0.2217,0.6058,0.2113,,,,
1208606035,(주)다우아이콘스,,,,0.0028,0.0744,0.8538,,0.8904,0.8308,0.8763,,,,,0.0716,0.7794,,,-0.0596,0.0455,,
1208607029,(주)커피빈코리아,0.0017,0.005,0.0039,0.0014,0.0008,0.2896,0.7656,0.9606,,,,0.0033,-0.0011,-0.0025,-0.0006,0.2888,0.476,0.195,,,,
1208621754,(주)메인스틸,,,0.0004,0.0006,0.0003,,,,,,,,,0.0002,-0.0003,,,,,,,
1208623204,(주)중아트그룹,0.0682,0.1864,0.5433,0.9525,,,,,,,,0.1182,0.3569,0.4092,,,,,,,,
1208624028,(주)스타럭스,0.0009,0.0007,0.0014,0.0003,0.0005,0.08,0.5556,0.8437,,,,-0.0002,0.0007,-0.0011,0.0002,0.0795,0.4756,0.2881,,,,
1208630670,댄포스코리아주식회사,0.0001,0.0005,0.0001,0.0006,0.0002,0.0004,0.0002,0.0005,0.0001,0.0003,,0.0004,-0.0004,0.0005,-0.0004,0.0002,-0.0002,0.0003,-0.0004,0.0002,,
1208631062,주식회사킴스통상,,,,,,,,0.0018,0.0006,0.4393,,,,,,,,,-0.0012,0.4387,,
1208631285,디엔홀딩스,0.0008,0.0007,0.0006,0.0013,0.0006,0.094,0.0015,0.0011,0.0003,0.006,,-0.0001,-0.0001,0.0007,-0.0007,0.0934,-0.0925,-0.0004,-0.0008,0.0057,,
1208637654,(주)웰빙테크,0.0172,,,,,,,,,,,,,,,,,,,,,
1208638968,(주)신이유통,,0.0111,0.112,0.4482,0.1083,,,,,,,,0.1009,0.3362,-0.3399,,,,,,,
1208639759,지스코리아주식회사,,0.0019,0.0004,0.0004,0.0004,0.1333,,,,,,,-0.0015,0.0,0.0,0.1329,,,,,,
1208647448,(주)아우토스트라세,0.0,0.0001,0.0001,0.2013,0.8924,0.973,,,,,,0.0001,0.0,0.2012,0.6911,0.0806,,,,,,
1208655953,(주)GC케어,,,,,,,0.0044,0.2672,0.8349,,,,,,,,,0.2628,0.5677,,,
1208659376,주식회사유나이브,0.0597,0.0098,0.6261,,,,,,,,,-0.0499,0.6163,,,,,,,,,
1208669646,폭스바겐그룹코리아주식회사,0.0002,0.0001,0.1808,0.5454,0.9377,,,,,,,-0.0001,0.1807,0.3646,0.3923,,,,,,,
1208672914,(주)동양고속산업,0.9429,,,,,,,,,,,,,,,,,,,,,
1208673039,토요코인코리아주식회사,0.0753,0.4785,0.6323,0.8367,,,,,,,,0.4032,0.1538,0.2044,,,,,,,,
1208677559,(주)피와이언홀딩스,0.0654,0.1745,0.2613,0.2383,0.349,0.665,,,,,,0.1091,0.0868,-0.023,0.1107,0.316,,,,,,
1208692415,(주)에스에이치케이홀딩스,0.5967,0.3643,0.5066,0.4756,0.93,,,,,,,-0.2324,0.1423,-0.031,0.4544,,,,,,,
1208693603,더라이프갤러리(주),0.244,0.9532,,,,,,,,,,0.7092,,,,,,,,,,
1208700697,에이치케이티주식회사,0.1156,0.9327,,,,,,,,,,0.8171,,,,,,,,,,
1208703317,주식회사젠자임코리아,0.0002,0.0001,0.0001,0.0,0.0,,,,,,,-0.0001,0.0,-0.0001,0.0,,,,,,,
1208714420,(주)우앤휘,,,,,,,,0.0017,0.0005,0.0002,,,,,,,,,-0.0012,-0.0003,,
1208714605,레시피주식회사,,0.0028,0.0004,0.0007,0.0004,0.7555,0.1968,0.8527,0.976,0.9403,,,-0.0024,0.0003,-0.0003,0.7551,-0.5587,0.6559,0.1233,-0.0357,,
1208718635,(주)세원아이씨케이,0.0721,,,,,,,,,,,,,,,,,,,,,
1208722444,(주)가주헬스케어,,,,,,,,,0.0007,0.001,0.0051,,,,,,,,,0.0003,0.0041,
1208722691,동방에스메딕(주),0.4723,,,,,,,,,,,,,,,,,,,,,
1208723666,페이토디앤아이(주),,0.0087,0.0417,0.8986,,,,,,,,,0.033,0.8569,,,,,,,,
1208723730,(주)카옥션,,,,,,,,0.0037,0.098,0.9397,,,,,,,,,0.0943,0.8417,,
1208726571,(주)커뮤닉스,0.2378,0.1846,0.268,0.4557,0.081,0.0055,,,,,,-0.0532,0.0834,0.1877,-0.3747,-0.0755,,,,,,
1208729369,(주)석교스포츠,0.8963,,,,,,,,,,,,,,,,,,,,,
1208729980,(주)에이치엘엠씨,0.5866,0.1947,0.8951,,,,,,,,,-0.3919,0.7004,,,,,,,,,
1208731851,주식회사차후,0.001,0.5633,0.8877,0.9105,,,,,,,,0.5623,0.3244,0.0228,,,,,,,,
1208737710,(주)삼안,0.0008,0.0015,0.0067,0.0027,0.0052,0.7244,0.373,0.9358,,,,0.0007,0.0052,-0.004,0.0025,0.7192,-0.3514,0.5628,,,,
1208737933,(주)엔에이치프라임미트,0.0031,0.0042,,,,,,,,,,0.0011,,,,,,,,,,
1208739187,대경지에스금속주식회사,0.3328,,,,,,,,,,,,,,,,,,,,,
1208742756,(주)산바다스포츠,,,,,,,,,0.001,0.0225,0.5479,,,,,,,,,0.0215,0.5254,
1208742964,주식회사엠제이그룹,,,,,0.0014,0.0997,0.0336,0.7372,0.8758,0.8871,,,,,,0.0983,-0.0661,0.7036,0.1386,0.0113,,
1208748667,(주)엠아이인터내셔널,,,,,,,,,0.0004,0.0037,0.065,,,,,,,,,0.0033,0.0613,
1208754117,주식회사우전브이티,,,,,,,,,0.0005,0.0001,0.0002,,,,,,,,,-0.0004,0.0001,
1208758369,코토인베스트먼트주식회사,,0.0073,0.0093,0.0017,0.0035,0.0015,0.0017,0.0054,0.1517,,,,0.002,-0.0076,0.0018,-0.002,0.0002,0.0037,0.1463,,,
1208760282,미즈온(주),0.1415,0.952,,,,,,,,,,0.8105,,,,,,,,,,
1208764328,주식회사카스코철강,0.0002,,,,,,,,0.0004,0.0432,,,,,,,,,,0.0428,,
1208769814,빅토리오토모티브그룹(주),0.9718,,,,,,,,,,,,,,,,,,,,,
1208774258,주식회사하이티넘홀딩스,0.9607,,,,,,,,,,,,,,,,,,,,,
1208776673,한국코와주식회사,,0.0106,0.1229,0.2999,0.0012,0.1173,,,0.0004,0.029,,,0.1123,0.177,-0.2987,0.1161,,,,0.0286,,
1208777288,주식회사이오비스,,,,0.0004,0.0002,0.0005,0.0004,0.0011,,,,,,,-0.0002,0.0003,-0.0001,0.0007,,,,
1208780560,도남스틸(주),0.9127,,,,,,,,,,,,,,,,,,,,,
1208784192,(주)지에스엘,0.0003,,,,,,,,,,,,,,,,,,,,,
1208784663,주식회사에스비스포츠,,,,,,,,,0.0003,0.0001,0.0136,,,,,,,,,-0.0002,0.0135,
1208790035,주식회사어바웃펫,,,,,,,,0.0076,0.1635,0.9133,,,,,,,,,0.1559,0.7498,,
1208792805,주식회사위더스플래닛,,,0.0016,0.0528,0.5861,,,,,,,,,0.0512,0.5333,,,,,,,
1208793027,이미징솔루션코리아주식회사,0.2238,0.9418,,,,,,,,,,0.718,,,,,,,,,,
1208800767,쿠팡주식회사,0.002,0.0305,0.9523,,,,,,,,,0.0285,0.9218,,,,,,,,,
1208800923,(주)골프프렌드,,,,,,,,,0.0004,0.0002,0.0001,,,,,,,,,-0.0002,-0.0001,
1208805840,(주)팬텀트레이딩,,,0.0022,0.0275,0.143,0.1936,,,,,,,,0.0253,0.1155,0.0506,,,,,,
1208806683,주식회사에스투에이,,,,,,,,0.0076,0.1204,0.9813,,,,,,,,,0.1128,0.8609,,
1208813049,주식회사아쿠아리어스,,0.0024,0.0001,0.1148,0.0016,0.8491,0.9031,0.953,,,,,-0.0023,0.1147,-0.1132,0.8475,0.054,0.0499,,,,
1208818520,선행기업(주),,,,0.0004,0.0001,0.0003,0.0014,,,,,,,,-0.0003,0.0002,0.0011,,,,,
1208819456,이노비스코리아주식회사,,,,0.0018,0.1246,0.9395,,,,,,,,,0.1228,0.8149,,,,,,
1208820268,베네카코리아주식회사,,,,,,,,,0.0023,0.0705,0.9815,,,,,,,,,0.0682,0.911,
1208825680,(주)씨에이치엘코리아,,,,,0.001,0.0051,0.0007,,,,,,,,,0.0041,-0.0044,,,,,
1208825735,주식회사신화홀딩스,,0.0158,0.1212,0.9613,,,,,,,,,0.1054,0.8401,,,,,,,,
1218112710,동인천역사(주),,,0.2453,0.1952,,,,,,,,,,-0.0501,,,,,,,,
1218113586,신영약업(주),0.0058,0.0021,0.0029,0.0045,0.0015,0.0039,0.2582,0.0129,0.0062,0.0081,,-0.0037,0.0008,0.0016,-0.003,0.0024,0.2543,-0.2453,-0.0067,0.0019,,
1218115376,디케이코리아주식회사,0.8656,,,,,,,,,,,,,,,,,,,,,
1218126363,주식회사성지스텐,,,,,,,,,0.002,0.0941,0.9138,,,,,,,,,0.0921,0.8197,
1218128487,(주)계명,,,0.0014,0.0024,0.2578,0.8413,,,,,,,,0.001,0.2554,0.5835,,,,,,
1218130853,(주)삼원이앤지,,,,,,,,,0.0024,0.2089,0.9741,,,,,,,,,0.2065,0.7652,
1218139534,주원철강(주),,,0.0008,0.0016,0.4823,0.9371,0.967,,,,,,,0.0008,0.4807,0.4548,0.0299,,,,,
1218140026,(주)한국도매물류,,0.0019,0.0111,0.0495,,,,,0.0055,0.0189,0.0045,,0.0092,0.0384,,,,,,0.0134,-0.0144,
1218142418,(주)대민목재,,0.0026,0.0096,0.1547,0.3006,0.8827,0.9492,,,,,,0.007,0.1451,0.1459,0.5821,0.0665,,,,,
1218145486,성주철강(주),0.0027,0.0017,,,,,,,,,,-0.001,,,,,,,,,,
1218146239,태현철강(주),0.0469,0.075,0.0113,0.6101,,,,,,,,0.0281,-0.0637,0.5988,,,,,,,,
1218148111,(주)용봉,0.6013,0.8799,,,,,,,,,,0.2786,,,,,,,,,,
1218164237,청하코리아(주),,,0.0019,0.0576,0.9367,,,,,,,,,0.0557,0.8791,,,,,,,
1218171096,(주)미래네트웍스,0.014,0.0133,0.4895,0.6315,,,,,,,,-0.0007,0.4762,0.142,,,,,,,,
1218172343,하이코주식회사,,,,,,,,,0.0005,0.0002,0.0002,,,,,,,,,-0.0003,0.0,
1218174297,한신기연(주),0.0009,0.002,0.0042,0.0019,0.516,,,,,,,0.0011,0.0022,-0.0023,0.5141,,,,,,,
1218174434,주식회사태안모터스,0.0033,0.0103,0.0269,0.119,0.0751,0.5618,0.0092,0.1826,0.587,0.6954,,0.007,0.0166,0.0921,-0.0439,0.4867,-0.5526,0.1734,0.4044,0.1084,,
1218180969,주식회사봉림실업,,0.0056,0.0013,0.0008,0.0309,0.012,0.0018,0.0018,0.0009,0.2379,,,-0.0043,-0.0005,0.0301,-0.0189,-0.0102,0.0,-0.0009,0.237,,
1218181459,(주)진우상사,,0.0018,0.0008,0.0004,0.0471,,,,,,,,-0.001,-0.0004,0.0467,,,,,,,
1218187448,주식회사오니커스,,,,,0.0015,0.0037,0.0092,0.6573,0.888,0.9493,,,,,,0.0022,0.0055,0.6481,0.2307,0.0613,,
1218199380,(주)그린통상,0.0033,0.1702,0.1151,0.0319,0.1536,,,,,,,0.1669,-0.0551,-0.0832,0.1217,,,,,,,
1218620914,(주)신화유통,,,,,,0.0005,0.03,0.9206,0.5281,,,,,,,,0.0295,0.8906,-0.3925,,,
1218622829,(주)케이원임산,,0.0091,0.001,0.002,0.0003,0.0123,0.0037,0.0022,,,,,-0.0081,0.001,-0.0017,0.012,-0.0086,-0.0015,,,,
1218623226,(주)육대장,,0.0014,0.0003,0.0005,0.3532,0.505,0.0008,,,,,,-0.0011,0.0002,0.3527,0.1518,-0.5042,,,,,
1218636395,주식회사사운드웨이브,,,,,,,,,0.0004,0.0001,0.0001,,,,,,,,,-0.0003,0.0,
1218636584,태림스텐주식회사,,,,0.0029,0.0074,0.0293,,,0.2203,0.1928,0.0328,,,,0.0045,0.0219,,,,-0.0275,-0.16,
1228107831,삼경무역(주),0.0001,0.0049,0.003,0.0438,0.0043,0.0552,,,,,,0.0048,-0.0019,0.0408,-0.0395,0.0509,,,,,,
1228116631,(주)오리엔탈무역,0.5126,,,,,,,,,,,,,,,,,,,,,
1228155333,일신강산주식회사,,,,,,,,,,0.0,0.0001,,,,,,,,,,0.0001,
1228165369,정현종합주류주식회사,,,0.0007,0.0005,,,,,0.216,0.0007,0.0003,,,-0.0002,,,,,,-0.2153,-0.0004,
1228189662,(주)디엘팜,0.0017,0.0007,0.0025,0.0025,0.0019,0.0046,0.0006,0.0017,,,,-0.001,0.0018,0.0,-0.0006,0.0027,-0.004,0.0011,,,,
1228192115,(주)레스모아,0.2815,,,,,,,,,,,,,,,,,,,,,
1228199971,주식회사심우,,,,,,0.0018,0.1188,0.006,0.0013,,,,,,,,0.117,-0.1128,-0.0047,,,
1228620805,자일자동차(주),0.4721,0.0335,0.1078,0.2106,0.1625,0.045,0.6969,0.7724,0.9329,,,-0.4386,0.0743,0.1028,-0.0481,-0.1175,0.6519,0.0755,0.1605,,,
1228628525,주식회사프레시원미트,,0.0034,0.0303,,0.3319,0.8487,0.6028,,,,,,0.0269,,,0.5168,-0.2459,,,,,
1228630448,주식회사명성모바일,,,,,,0.0003,0.0003,,,0.0001,0.1472,,,,,,0.0,,,,0.1471,
1228633334,주식회사미래패션,,,,,0.0003,0.0007,0.0006,0.5184,0.7164,0.8079,,,,,,0.0004,-0.0001,0.5178,0.198,0.0915,,
1228633843,주식회사뮬라,,,,,,0.0006,0.1551,0.9575,0.6772,,,,,,,,0.1545,0.8024,-0.2803,,,
1228640311,주식회사상진테크,,,,,,,0.0012,0.0008,0.0006,0.001,,,,,,,,-0.0004,-0.0002,0.0004,,
1228701106,주식회사미니에너지,,,,,,,,,0.001,0.0054,0.6382,,,,,,,,,0.0044,0.6328,
1238125318,주식회사유한메디카,0.7571,0.8444,0.4005,0.4669,0.0592,0.0049,,,0.0271,,,0.0873,-0.4439,0.0664,-0.4077,-0.0543,,,,,,
1238132691,부성자원(주),0.4237,0.0502,0.9026,,,,,,,,,-0.3735,0.8524,,,,,,,,,
1238147476,평창철강(주),0.5748,0.3345,,0.8705,,,,,,,,-0.2403,,,,,,,,,,
1238150461,신이철강주식회사,0.9003,,,,,,,,,,,,,,,,,,,,,
1238153473,(주)셀트리온헬스케어,0.0147,0.0299,0.0082,,,,,,,,,0.0152,-0.0217,,,,,,,,,
1238177174,농업회사법인금천(주),0.0003,,,,,,,,,,,,,,,,,,,,,
1238181886,한국트렐레보그실링솔루션주식회사,0.0,0.0001,0.0,0.0,0.0001,0.0003,0.0002,,0.0001,0.0001,0.0001,0.0001,-0.0001,0.0,0.0001,0.0002,-0.0001,,,0.0,0.0,
1238188308,주식회사티엔스,0.8836,,,,,,,,,,,,,,,,,,,,,
1238606766,(주)일월지엠엘,0.0009,0.0005,0.5416,0.7604,0.9565,,,,,,,-0.0004,0.5411,0.2188,0.1961,,,,,,,
1238615945,주식회사더코어,,,,,,,,,0.001,0.0251,0.8534,,,,,,,,,0.0241,0.8283,
1238619539,(주)브로드텍인터내셔널,,,,,,,,,0.0009,0.0479,0.4204,,,,,,,,,0.047,0.3725,
1238622785,(주)토이토이,,,,,0.0006,0.0892,0.0008,,,,,,,,,0.0886,-0.0884,,,,,
1238622844,아이비티주식회사,,,,,,,,,0.0004,0.0002,0.0007,,,,,,,,,-0.0002,0.0005,
1238623542,주식회사윤텔,,,,,,0.0009,0.0003,0.0002,0.0001,,,,,,,,-0.0006,-0.0001,-0.0001,,,
1238625180,씨에프테크놀리지주식회사,0.0216,0.7216,0.9757,,,,,,,,,0.7,0.2541,,,,,,,,,
1238628590,(주)프레시원남서울,0.0028,0.0005,0.0003,0.0003,0.0001,0.0002,0.0013,0.0013,0.0004,0.0006,,-0.0023,-0.0002,0.0,-0.0002,0.0001,0.0011,0.0,-0.0009,0.0002,,
1238629852,(주)대양충전소,0.2139,,,,,,,,,,,,,,,,,,,,,
1248106008,(주)서한,0.0038,0.0865,0.059,0.0219,0.0337,0.0142,,,,,,0.0827,-0.0275,-0.0371,0.0118,-0.0195,,,,,,
1248118445,(주)소망약품,0.0901,0.0113,0.0026,0.0097,0.0032,0.2029,0.3821,,,,,-0.0788,-0.0087,0.0071,-0.0065,0.1997,0.1792,,,,,
1248123948,(주)채과원,0.1445,0.3594,0.1579,0.0018,0.0304,0.0053,0.0059,0.6419,0.7627,0.9031,,0.2149,-0.2015,-0.1561,0.0286,-0.0251,0.0006,0.636,0.1208,0.1404,,
1248128579,수원애경역사(주),0.0019,0.2157,0.0656,0.0065,0.0041,0.0046,0.3224,0.0243,0.0017,,,0.2138,-0.1501,-0.0591,-0.0024,0.0005,0.3178,-0.2981,-0.0226,,,
1248138266,주식회사중부유통,,,,,,0.0014,0.1178,0.9463,,,,,,,,,0.1164,0.8285,,,,
1248183704,주식회사남양뉴월드마트,,,,,0.1803,0.0253,0.0039,0.4287,,,,,,,,-0.155,-0.0214,0.4248,,,,
1248192668,배양에너지주식회사,0.0026,0.0022,0.0017,0.001,0.0361,0.4782,0.8917,,,,,-0.0004,-0.0005,-0.0007,0.0351,0.4421,0.4135,,,,,
1248193731,(주)이앤엘,,,,,,,,,0.0007,0.0003,0.0004,,,,,,,,,-0.0004,0.0001,
1248199695,에스엔제이(주),0.8362,,,,,,,,,,,,,,,,,,,,,
1248601463,(주)티비비씨,0.0528,0.9083,0.9757,,,,,,,,,0.8555,0.0674,,,,,,,,,
1248601634,발안산업개발(주),0.0016,0.0004,0.0001,0.0107,0.2255,0.0734,0.8043,,,,,-0.0012,-0.0003,0.0106,0.2148,-0.1521,0.7309,,,,,
1248604927,에스아이글로벌주식회사,,,,0.0002,0.0002,0.0012,0.001,,,0.0023,0.0019,,,,0.0,0.001,-0.0002,,,,-0.0004,
1248615180,케미콘일렉트로닉스코리아(주),,,,,,,0.0005,0.0002,0.0005,0.0003,,,,,,,,-0.0003,0.0003,-0.0002,,
1248615521,주식회사지엔에스트레이딩,0.0005,,,,,,,,,,,,,,,,,,,,,
1248642713,주식회사더블유앤홀딩스,,0.0109,0.1936,0.8399,,,,,,,,,0.1827,0.6463,,,,,,,,
1248645781,(주)넥스트에프엘,0.0039,0.0081,0.2872,,,,,,,,,0.0042,0.2791,,,,,,,,,
1248661030,신일에이비엠주식회사,,,,,,,,,0.0007,0.0009,0.0006,,,,,,,,,0.0002,-0.0003,
1248690364,주식회사퍼스트유,,0.013,0.0169,0.347,,,,,,,,,0.0039,0.3301,,,,,,,,
1248704943,한화컨버전스(주),0.0001,0.0002,0.0003,0.0001,0.0001,0.0006,0.0003,0.0008,0.0007,0.0015,,0.0001,0.0001,-0.0002,0.0,0.0005,-0.0003,0.0005,-0.0001,0.0008,,
1248709351,주식회사뉴라이저,0.0041,0.2287,0.9517,,,,,,,,,0.2246,0.723,,,,,,,,,
1248722451,(주)성지티앤엠,0.0013,0.0032,0.0048,0.0028,0.1373,,,,,,,0.0019,0.0016,-0.002,0.1345,,,,,,,
1248732508,(주)유주컴퍼니,,,,,,0.0008,0.0574,0.0078,0.0506,,,,,,,,0.0566,-0.0496,0.0428,,,
1248746846,주식회사드림엔아이,,,,,,,,,0.0011,0.0008,0.4739,,,,,,,,,-0.0003,0.4731,
1258122199,(주)삼보텔레콤,,,,,,0.0021,0.0006,,,,0.0324,,,,,,-0.0015,,,,,
1258133696,(주)우산산업,,0.0634,0.7861,0.954,,,,,,,,,0.7227,0.1679,,,,,,,,
1258134507,주식회사알엔씨,0.0061,0.0621,0.6728,0.9199,,,,,,,,0.056,0.6107,0.2471,,,,,,,,
1258137033,주식회사수현이십일,0.3353,0.1519,,,,,,,,,,-0.1834,,,,,,,,,,
1258148864,(주)삼일,0.0678,0.0591,,,,,,,,,,-0.0087,,,,,,,,,,
1258153635,주식회사에이티엔씨,0.0022,0.0014,0.0022,0.0018,0.2693,0.0065,0.2428,0.8942,0.1641,,,-0.0008,0.0008,-0.0004,0.2675,-0.2628,0.2363,0.6514,-0.7301,,,
1258154503,(주)스킨푸드,0.0884,0.3152,0.3031,0.8079,0.8428,,,,,,,0.2268,-0.0121,0.5048,0.0349,,,,,,,
1258154876,주식회사제이엠,,,,,,,,,0.0005,0.0001,0.0001,,,,,,,,,-0.0004,0.0,
1258156665,대덕스크랩공업주식회사,0.0022,0.5859,,0.0004,0.0003,0.0018,,,,,,0.5837,,,-0.0001,0.0015,,,,,,
1258162207,주식회사케이엘페트로,,,,,,0.0022,0.0973,0.9528,,,,,,,,,0.0951,0.8555,,,,
1258163512,오앤션(주),0.4225,,,,,,,,,,,,,,,,,,,,,
1258173285,(주)인바이오젠,0.9498,,,,,,,,,,,,,,,,,,,,,
1258179130,주식회사미르철강,0.0021,0.001,0.0009,0.0004,0.0004,0.7123,,,,,,-0.0011,-0.0001,-0.0005,0.0,0.7119,,,,,,
1258190789,(주)호수,,,,,,,,,0.0013,0.0046,0.0076,,,,,,,,,0.0033,0.003,
1258197123,(주)에스에이치씨,,,,,,,0.0039,0.25,0.791,0.1351,,,,,,,,0.2461,0.541,-0.6559,,
1258197900,가디언(주),0.0008,0.0017,0.0955,0.6374,0.8363,,,,,,,0.0009,0.0938,0.5419,0.1989,,,,,,,
1258604070,제이에스홀딩스(주),0.011,0.0109,,,,,,,,,,-0.0001,,,,,,,,,,
1258604653,주식회사도드람에프씨,,,,,0.0063,0.1691,0.9873,,,,,,,,,0.1628,0.8182,,,,,
1258605803,주식회사계동에너지,,,,,,,,,0.0012,0.0001,0.0004,,,,,,,,,-0.0011,0.0003,
1258609978,엠즈푸드시스템주식회사,,,0.0025,,0.0051,0.8534,,,,,,,,,,0.8483,,,,,,
1258621860,(주)엘앤에스,,,,,0.0031,0.0673,0.964,,,,,,,,,0.0642,0.8967,,,,,
1258623868,평택개발(주),,0.0186,0.0023,0.0024,0.0684,0.6009,0.0049,0.5261,,,,,-0.0163,0.0001,0.066,0.5325,-0.596,0.5212,,,,
1258626303,주식회사다온어패럴,,,,,,,0.0024,0.0029,0.0802,0.5739,,,,,,,,0.0005,0.0773,0.4937,,
1258627904,주식회사참조은에프엔에스,,,,,,,,,0.0005,0.0009,0.002,,,,,,,,,0.0004,0.0011,
1258631674,리앤피비파트너스주식회사,,,,,,,,,0.0003,0.0006,0.892,,,,,,,,,0.0003,0.8914,
1258802120,안산개발주식회사,,,,,,,,,0.0011,0.1425,0.936,,,,,,,,,0.1414,0.7935,
1268108225,오승프라임산업(주),0.0053,0.0166,,,,,,,,0.0011,0.001,0.0113,,,,,,,,,-0.0001,
1268132161,주식회사라인물류시스템,0.0096,0.0059,0.0102,0.0037,0.0049,0.0065,0.0058,0.6223,0.9243,0.9374,,-0.0037,0.0043,-0.0065,0.0012,0.0016,-0.0007,0.6165,0.302,0.0131,,
1268143732,주식회사주일,,,,,,,,,0.0011,0.0009,0.0032,,,,,,,,,-0.0002,0.0023,
1268150776,주식회사바이맥스,0.9363,,,,,,,,,,,,,,,,,,,,,
1268154302,흥아타이어판매주식회사,,,,,0.0006,0.0139,0.077,0.1682,0.6031,0.8707,,,,,,0.0133,0.0631,0.0912,0.4349,0.2676,,
1268159743,(주)세미원푸드,,,,,,0.0025,0.1183,0.9815,,,,,,,,,0.1158,0.8632,,,,
1268173158,메이슨인터내셔날(주),0.0009,0.0001,0.0003,0.0056,0.0024,0.0018,0.0042,0.866,0.5777,0.8841,,-0.0008,0.0002,0.0053,-0.0032,-0.0006,0.0024,0.8618,-0.2883,0.3064,,
1268175710,(주)트랜덱스,0.0,0.0002,0.0011,0.0034,0.4473,0.6862,0.9296,,,,,0.0002,0.0009,0.0023,0.4439,0.2389,0.2434,,,,,
1268180227,피앤에이,0.0004,0.0697,0.9188,0.0312,0.0014,0.0016,0.125,0.5785,0.9524,,,0.0693,0.8491,-0.8876,-0.0298,0.0002,0.1234,0.4535,0.3739,,,
1268183369,(주)삼양팀버,,,,,,,,,0.001,0.0066,0.7322,,,,,,,,,0.0056,0.7256,
1268185746,농업회사법인(주)도드람양돈서비스,0.8166,,,,,,,,,,,,,,,,,,,,,
1268191419,(주)우창석유,0.0646,0.8264,,,,,,,,,,0.7618,,,,,,,,,,
1268193101,스타코퍼레이션(주),,,,,,0.0006,0.0004,,0.0004,0.02,,,,,,,-0.0002,,,0.0196,,
1268196374,스파이더,0.2105,0.014,0.4131,0.8565,0.9393,,,,,,,-0.1965,0.3991,0.4434,0.0828,,,,,,,
1268602361,(주)월드쇼핑플러스마트,0.0019,0.0025,0.0048,0.0009,,,,,,,,0.0006,0.0023,-0.0039,,,,,,,,
1268607459,주식회사산시아코리아,,,,0.002,0.1787,0.7036,,,,,,,,,0.1767,0.5249,,,,,,
1268617618,성보철강(주),0.5013,,,,,,,,,,,,,,,,,,,,,
1268622241,스타팅주식회사,,,0.0026,0.0612,0.9257,,,,,,,,,0.0586,0.8645,,,,,,,
1268626951,(주)이푸른,,0.0028,0.0022,0.0031,0.0014,0.0017,,,,,,,-0.0006,0.0009,-0.0017,0.0003,,,,,,
1268632865,에이스유통주식회사,,,,,,,,,0.0007,0.0011,0.0015,,,,,,,,,0.0004,0.0004,
1268634941,(주)거산,,0.007,0.0954,,,,,,0.0011,0.0003,0.0575,,0.0884,,,,,,,-0.0008,0.0572,
1268637671,주식회사진영전자월드,,,,,0.0009,0.0014,0.0006,,,,,,,,,0.0005,-0.0008,,,,,
1268638229,주식회사푸르내,,,,,,,,,0.0013,0.0009,0.0057,,,,,,,,,-0.0004,0.0048,
1268638840,주)경기사료,,,,,,,,,0.001,0.0198,0.6368,,,,,,,,,0.0188,0.617,
1268639776,주식회사퍼스트빌리지,0.767,0.1877,0.9155,,,,,,,,,-0.5793,0.7278,,,,,,,,,
1268642475,(주)하스피케어,,,,,,0.0002,0.0004,0.0002,,,0.0001,,,,,,0.0002,-0.0002,,,,
1268644643,주식회사지오락,,,0.0016,0.0014,0.7616,0.9853,,,,,,,,-0.0002,0.7602,0.2237,,,,,,
1268648805,아리아퍼니쳐(주),,,,0.0016,0.0047,0.0062,0.0012,0.0007,,,,,,,0.0031,0.0015,-0.005,-0.0005,,,,
1268650941,(주)합전물산,0.4721,0.9313,0.9035,,,,,,,,,0.4592,-0.0278,,,,,,,,,
1268652463,(주)사조에프에스,,0.0122,0.0174,0.0078,0.535,0.1007,0.8442,0.6663,,,,,0.0052,-0.0096,0.5272,-0.4343,0.7435,-0.1779,,,,
1268654758,주식회사에스코무역,,,,,,,0.0015,0.1044,0.7921,0.8738,,,,,,,,0.1029,0.6877,0.0817,,
1268665667,주식회사비젼,,,,,,,,0.0021,0.0134,0.1476,,,,,,,,,0.0113,0.1342,,
1268674171,주식회사모드니,,,,,,,,,0.0009,0.0012,0.0014,,,,,,,,,0.0003,0.0002,
1268680071,네이처브리지(주),,0.0016,0.0202,0.4801,0.3579,0.8537,0.9009,0.9843,,,,,0.0186,0.4599,-0.1222,0.4958,0.0472,0.0834,,,,
1278107059,창림에너지(주),0.3669,0.0022,0.0054,0.2053,0.7157,0.9125,,,,,,-0.3647,0.0032,0.1999,0.5104,0.1968,,,,,,
1278108271,(주)카스,0.3896,0.8923,0.6965,,,,,,,,,0.5027,-0.1958,,,,,,,,,
1278128414,농업회사법인주식회사청원식품,0.099,0.9328,,,,,,,,,,0.8338,,,,,,,,,,
1278133620,(주)미트원,,,,,,0.0005,0.0002,0.1144,,,,,,,,,-0.0003,0.1142,,,,
1278176629,진영부품판매(주),,,,,,,,,0.0012,0.0007,0.0005,,,,,,,,,-0.0005,-0.0002,
1278178990,(주)우신,,,,,,,0.0006,0.0003,0.0005,0.4744,,,,,,,,-0.0003,0.0002,0.4739,,
1278191334,주식회사제이에이치패널,0.0488,0.5214,0.003,0.0005,0.0728,,,,,,,0.4726,-0.5184,-0.0025,0.0723,,,,,,,
1278192032,(주)윈플러스,0.0026,0.0017,0.0011,0.0031,0.8104,0.0089,0.078,,,,,-0.0009,-0.0006,0.002,0.8073,-0.8015,0.0691,,,,,
1278628006,(주)뷰티리더,,,,0.0012,0.0001,0.0004,0.0024,0.5,,,,,,,-0.0011,0.0003,0.002,0.4976,,,,
1278632494,주식회사펀엔씨,,,,,,,,0.004,0.1514,0.9848,,,,,,,,,0.1474,0.8334,,
1278640408,(주)이조,,,0.001,0.0175,0.0452,0.0665,,0.004,0.1147,,,,,0.0165,0.0277,0.0213,,,0.1107,,,
1278649414,라텍스신우주식회사,0.1177,0.5734,0.0768,,,,,,,,,0.4557,-0.4966,,,,,,,,,
1278650041,주식회사일우개발산업,,,,0.0032,0.1056,0.9244,,,,,,,,,0.1024,0.8188,,,,,,
1278657331,주식회사본에너지,,,,,,,0.0009,0.0007,0.0006,,,,,,,,,-0.0002,-0.0001,,,
1288114403,(주)원일유통,,,,,,0.0007,0.1553,0.8794,,,,,,,,,0.1546,0.7241,,,,
1288119621,한국로투스(주),0.0002,0.0077,0.2713,0.6373,0.9452,,,,,,,0.0075,0.2636,0.366,0.3079,,,,,,,
1288124764,신우에너지주식회사,0.1763,0.0127,0.4481,0.1618,0.0115,0.0139,0.2913,0.732,0.6634,,,-0.1636,0.4354,-0.2863,-0.1503,0.0024,0.2774,0.4407,-0.0686,,,
1288133865,주식회사세이브존,0.0923,0.0068,0.0027,0.0217,0.0287,0.0322,0.0381,0.6774,0.5566,0.5281,,-0.0855,-0.0041,0.019,0.007,0.0035,0.0059,0.6393,-0.1208,-0.0285,,
1288164785,(주)도광무역,,0.0016,0.0004,0.0006,0.284,0.4101,0.888,,,,,,-0.0012,0.0002,0.2834,0.1261,0.4779,,,,,
1288169607,주식회사토이포커스,0.0012,0.0009,,,,0.0125,0.001,0.2537,,,,-0.0003,,,,,-0.0115,0.2527,,,,
1288184350,(주)수정유통,0.9213,,,,,,,,,,,,,,,,,,,,,
1288194289,(주)우신엠티,0.0003,,,,,,,,,,,,,,,,,,,,,
1288194523,(주)밀알오토캠프,,,,0.0028,0.1007,,,0.0278,0.0053,0.0029,,,,,0.0979,,,,-0.0225,-0.0024,,
1288197097,(주)원흥주유소,,,,,,,,,0.0014,0.0008,0.0009,,,,,,,,,-0.0006,0.0001,
1288601830,게이트글로벌주식회사,,,,0.0003,0.0044,0.0382,,,,,,,,,0.0041,0.0338,,,,,,
1288603158,(주)꼬끼오,0.9835,,,,,,,,,,,,,,,,,,,,,
1288603880,주식회사성진리테일,,,,,,0.0003,0.0001,0.0001,0.0001,0.017,,,,,,,-0.0002,0.0,0.0,0.0169,,
1288611172,주식회사체리쉬,0.4568,0.8833,0.0322,0.0051,0.6412,0.924,,,,,,0.4265,-0.8511,-0.0271,0.6361,0.2828,,,,,,
1288614446,주식회사유비코리아,0.0082,,,,,,,,,0.0002,0.0001,,,,,,,,,,-0.0001,
1288623533,피지랜드(주),,,,,,0.0006,0.0003,,,,0.2226,,,,,,-0.0003,,,,,
1288627709,(주)라빈리커스토어,,,,,,,,,0.0008,0.0016,0.0014,,,,,,,,,0.0008,-0.0002,
1288627897,주식회사제이앤에이,,,,,,,,,0.0008,0.0019,0.7348,,,,,,,,,0.0011,0.7329,
1288632691,(주)맘스맘,0.8137,0.5132,0.9658,,,,,,,,,-0.3005,0.4526,,,,,,,,,
1288639243,주식회사쁘레베베,,,0.0027,0.0563,0.8329,,,,,,,,,0.0536,0.7766,,,,,,,
1288642355,솜인터내셔널주식회사,,,,,,,,,0.0006,0.0006,0.0002,,,,,,,,,0.0,-0.0004,
1288646195,주식회사클레어스코리아,,0.0021,0.0097,0.0007,0.4475,0.5162,0.8964,,,,,,0.0076,-0.009,0.4468,0.0687,0.3802,,,,,
1288649571,주식회사샤브향,0.0009,0.001,0.0031,0.0295,,,,,,,,0.0001,0.0021,0.0264,,,,,,,,
1288652227,(주)가이아코퍼레이션,,,,0.0011,0.1282,0.7318,0.0221,0.0216,0.0002,,,,,,0.1271,0.6036,-0.7097,-0.0005,-0.0214,,,
1288653809,(주)대현써지오,,,,,,,,0.0018,0.0057,0.3711,,,,,,,,,0.0039,0.3654,,
1288657222,주식회사배냇베이비,,,,0.0018,0.0011,0.3757,,0.0064,0.0163,,,,,,-0.0007,0.3746,,,0.0099,,,
1288663646,주식회사지티엘,,0.0046,0.0026,0.0005,0.0028,0.5144,0.6664,0.9611,,,,,-0.002,-0.0021,0.0023,0.5116,0.152,0.2947,,,,
1288664645,인선모터스(주),0.1509,0.9437,,,,,,,,,,0.7928,,,,,,,,,,
1288667297,케이씨씨모빌리티주식회사,0.1444,0.9561,,,,,,,,,,0.8117,,,,,,,,,,
1288678469,(주)해성마트,,,,,,,,,0.0026,0.0058,0.0048,,,,,,,,,0.0032,-0.001,
1288680475,주식회사팜스,0.0019,0.0033,0.0051,0.0016,,,,,0.0017,0.291,,0.0014,0.0018,-0.0035,,,,,,0.2893,,
1288681775,주식회사보다나,,,,,,,,,0.001,0.0376,0.0368,,,,,,,,,0.0366,-0.0008,
1288681983,(주)엠케이트레이딩,,,,,,,,,0.0006,0.0002,0.0001,,,,,,,,,-0.0004,-0.0001,
1288685562,(주)나우이엔지,,,0.0004,0.0,0.0098,,,,,,,,,-0.0004,0.0098,,,,,,,
1288707374,(주)원흥,,,,,,0.0011,0.001,,0.0075,0.0023,0.0018,,,,,,-0.0001,,,-0.0052,-0.0005,
1288709028,주식회사씨메이트,,0.0033,0.0001,0.2678,0.6434,,,0.8696,,,,,-0.0032,0.2677,0.3756,,,,,,,
1288709504,주식회사선향,,,0.0008,0.0002,0.0157,0.0052,0.0807,,,,,,,-0.0006,0.0155,-0.0105,0.0755,,,,,
1288718828,주식회사미나클,,0.0027,0.0027,0.4458,,,,,,,,,0.0,0.4431,,,,,,,,
1298114560,미성유통(주),,,,,,,0.0009,0.0776,0.7394,,,,,,,,,0.0767,0.6618,,,
1298122380,주식회사하이프라자,0.8045,,,,,,,,,,,,,,,,,,,,,
1298124466,국제인터트레이드(주),0.7806,,,,,,,,,,,,,,,,,,,,,
1298135250,모란합판주식회사,,,,,,,,0.0031,0.0003,0.0004,,,,,,,,,-0.0028,0.0001,,
1298135570,(주)제모피아쥬얼리홀딩스,0.1127,0.1598,0.1048,0.0688,0.8557,,,,,,,0.0471,-0.055,-0.036,0.7869,,,,,,,
1298145097,주식회사테라컨트리클럽,,,,,,,,,0.0006,0.0115,0.174,,,,,,,,,0.0109,0.1625,
1298145476,(주)웰트라,0.2744,,,,,,,,,,,,,,,,,,,,,
1298157195,한국유타카전자주식회사,,,,,,,,0.0012,0.0003,0.0005,,,,,,,,,-0.0009,0.0002,,
1298158379,(주)삼한모터렌,0.0011,0.0017,0.4668,0.5895,0.0018,0.089,0.7413,0.4954,0.8299,,,0.0006,0.4651,0.1227,-0.5877,0.0872,0.6523,-0.2459,0.3345,,,
1298161331,후지인스트루먼트코리아주식회사,,,0.0001,0.0,0.0003,,,,,,,,,-0.0001,0.0003,,,,,,,
1298163678,주식회사커먼웰스,0.1686,0.6669,0.8631,,,,,,,,,0.4983,0.1962,,,,,,,,,
1298168479,주식회사동남테크,,0.0008,0.0,0.0,0.0006,0.0008,,,,,,,-0.0008,0.0,0.0006,0.0002,,,,,,
1298174253,(주)아이세이브존,0.0109,0.0064,0.0094,0.0051,0.0036,,,,,,,-0.0045,0.003,-0.0043,-0.0015,,,,,,,
1298178190,(주)스카이뷰,,,,,,,,,0.001,0.019,0.0001,,,,,,,,,0.018,-0.0189,
1298183733,주식회사애플메모리얼아트,0.0001,0.5856,,,,,,,,,,0.5855,,,,,,,,,,
1298192265,(주)에이치케이아이스틸,0.0003,0.0001,0.5211,0.7754,0.9413,,,,,,,-0.0002,0.521,0.2543,0.1659,,,,,,,
1298192682,반포산업주식회사,,0.885,,,,,,,,,,,,,,,,,,,,
1298199138,월코상사주식회사,,,0.0009,0.0117,0.041,0.7061,,,,,,,,0.0108,0.0293,0.6651,,,,,,
1298600585,(주)디에스앤엘,,,,,,,,,,0.3053,,,,,,,,,,,,
1298601565,주식회사피드윌,,,,,,,,,0.0027,0.1072,0.0117,,,,,,,,,0.1045,-0.0955,
1298603748,(주)디벨로바이오,0.0011,0.0009,0.0006,0.0257,,0.0139,0.0003,0.4537,0.836,0.7741,,-0.0002,-0.0003,0.0251,,,-0.0136,0.4534,0.3823,-0.0619,,
1298603980,(주)성남에너지,0.0127,0.0011,0.0025,0.007,0.0055,0.0092,0.0095,0.5537,0.8099,0.8765,,-0.0116,0.0014,0.0045,-0.0015,0.0037,0.0003,0.5442,0.2562,0.0666,,
1298605921,(주)성운파마코피아,0.0039,0.0928,0.6971,0.9655,0.9835,,,,,,,0.0889,0.6043,0.2684,0.018,,,,,,,
1298607477,테스트코주식회사,0.0002,0.1688,0.0788,,0.0001,,,,,,,0.1686,-0.09,,,,,,,,,
1298607730,(주)와이케이인터내셔널,0.0001,0.0001,0.0001,0.0,0.0,0.0003,0.0113,,,,,0.0,0.0,-0.0001,0.0,0.0003,0.011,,,,,
1298620539,지엠피코리아(주),0.0001,0.0002,0.0003,0.0229,0.1363,,,,,,,0.0001,0.0001,0.0226,0.1134,,,,,,,
1298622158,(주)한스인터내셔널,0.0004,,,,,,,,,,,,,,,,,,,,,
1298622920,미라지퍼니쳐(주),,,0.0008,0.0001,0.0003,0.0011,0.0004,0.6745,0.3289,0.5071,,,,-0.0007,0.0002,0.0008,-0.0007,0.6741,-0.3456,0.1782,,
1298625515,주식회사글로벌티앤에스,0.3415,0.0063,0.0034,0.0428,0.8114,0.6893,,,0.015,0.8999,0.9599,-0.3352,-0.0029,0.0394,0.7686,-0.1221,,,,0.8849,0.06,
1298630513,아시안스타인터내셔널주식회사,0.9332,,,,,,,,,,,,,,,,,,,,,
1298647523,(주)서울푸드시스템,,,,,0.0019,0.0011,0.1648,0.4482,0.4864,,,,,,,-0.0008,0.1637,0.2834,0.0382,,,
1298653404,하이테크에너지주식회사,,,,,,0.0006,0.0011,,0.0012,0.0004,0.0046,,,,,,0.0005,,,-0.0008,0.0042,
1298653836,에스엠글로벌코리아(주),,,,,,,,,0.0004,0.0002,0.0007,,,,,,,,,-0.0002,0.0005,
1298667854,주식회사아이넥,,,0.0002,0.0001,0.0001,0.0291,,,,,,,,-0.0001,0.0,0.029,,,,,,
1298674092,(주)라프리마,0.0069,0.6367,0.0597,0.0045,,,,,,,,0.6298,-0.577,-0.0552,,,,,,,,
1298676125,코아시아코리아주식회사,,,,,,,,0.003,0.0655,0.5413,,,,,,,,,0.0625,0.4758,,
1298676673,유진하이텍(주),,,,,0.0005,0.0003,,,0.2319,0.7719,0.9412,,,,,-0.0002,,,,0.54,0.1693,
1298677916,(주)제이에스엠,0.0006,0.0037,0.0027,0.0007,0.0008,0.3961,0.7007,0.8941,,,,0.0031,-0.001,-0.002,0.0001,0.3953,0.3046,0.1934,,,,
1308133290,여명약품주식회사,0.0193,0.0029,0.0038,,,,,,,,,-0.0164,0.0009,,,,,,,,,
1308135264,(주)한일화학공사,0.1454,0.9694,,,,,,,,,,0.824,,,,,,,,,,
1308156712,(주)신한커머스,,,,,,,0.0011,0.0004,0.0004,0.0005,,,,,,,,-0.0007,0.0,0.0001,,
1308159378,유성전자(주),0.4056,,,,,,,,,,,,,,,,,,,,,
1308160782,(주)한화포리,0.8986,0.9039,,,,,,,,,,0.0053,,,,,,,,,,
1308165152,주식회사길진인터내셔날,0.029,0.1306,,,,,,,,,,0.1016,,,,,,,,,,
1308169522,(주)협성펄프,0.1273,0.0466,0.0086,0.0014,0.0002,,,,,,,-0.0807,-0.038,-0.0072,-0.0012,,,,,,,
1308187608,우양강업(주),0.0003,0.0006,0.0005,0.028,,,,,,,,0.0003,-0.0001,0.0275,,,,,,,,
1308189080,(주)비전코퍼레이션,0.3363,0.222,0.4744,0.469,0.3518,0.6696,,,,,,-0.1143,0.2524,-0.0054,-0.1172,0.3178,,,,,,
1308601245,주식회사대광금속,0.0385,0.6306,0.6534,,,,,,,,,0.5921,0.0228,,,,,,,,,
1308604354,(주)한울비앤씨,0.0001,,,,,,,,,,,,,,,,,,,,,
1308616791,주식회사웰팜,,,,,,,,0.0017,0.0386,0.038,,,,,,,,,0.0369,-0.0006,,
1308617811,(주)도루코리빙,0.0259,0.0008,0.0005,0.0008,0.0005,0.0003,0.0002,0.0004,0.0002,0.0041,,-0.0251,-0.0003,0.0003,-0.0003,-0.0002,-0.0001,0.0002,-0.0002,0.0039,,
1308623161,주식회사대영트레이딩,,,0.0029,0.0643,,,,,0.0011,0.0006,0.4734,,,0.0614,,,,,,-0.0005,0.4728,
1308624632,(주)난다,0.0001,0.0,0.0002,0.0,0.0,0.0003,0.0002,0.0003,0.0003,0.0001,,-0.0001,0.0002,-0.0002,0.0,0.0003,-0.0001,0.0001,0.0,-0.0002,,
1308630696,예주철강(주),,,,,,0.0007,0.0001,0.0002,0.0039,0.0051,,,,,,,-0.0006,0.0001,0.0037,0.0012,,
1308639362,승원철강(주),,,,,,,0.0017,0.0007,0.002,,,,,,,,,-0.001,0.0013,,,
1308639377,(주)한국에프에이산업,,,,0.0003,0.0001,0.0005,,,,,,,,,-0.0002,0.0004,,,,,,
1308656658,(주)조군,,,,0.0018,0.0548,0.0129,0.0082,0.7709,0.6518,0.9388,,,,,0.053,-0.0419,-0.0047,0.7627,-0.1191,0.287,,
1308657263,주식회사코지,0.1642,0.0056,0.0035,0.0195,0.5659,,,,,,,-0.1586,-0.0021,0.016,0.5464,,,,,,,
1308671377,(주)한국화공,,0.0031,0.0025,0.0039,0.0035,0.0041,,,,,,,-0.0006,0.0014,-0.0004,0.0006,,,,,,
1308692561,(주)루트락,,,,0.0037,0.1118,0.9446,,,,,,,,,0.1081,0.8328,,,,,,
1308694007,주식회사지디엑스,,,,,,,,,0.003,0.0078,0.0057,,,,,,,,,0.0048,-0.0021,
1308701067,주식회사싸파에프앤씨,,,,,,,,0.0017,0.0046,0.1605,,,,,,,,,0.0029,0.1559,,
1308704588,(주)프리모,,,,,,,,,0.0005,0.0001,0.0002,,,,,,,,,-0.0004,0.0001,
1308800916,주식회사웰메이드네이처,,,,,,,,0.0009,0.0006,0.0002,,,,,,,,,-0.0003,-0.0004,,
1318104430,(주)국제철강,0.7572,,,,,,,,,,,,,,,,,,,,,
1318114689,대흥철강(주),0.0017,0.0003,0.0002,0.0002,0.0001,0.0003,0.0002,0.0223,,,,-0.0014,-0.0001,0.0,-0.0001,0.0002,-0.0001,0.0221,,,,
1318155619,(주)세진배관,,,,0.0011,0.0039,0.0127,,,,,,,,,0.0028,0.0088,,,,,,
1318163934,(주)대선인터내셔날,,0.0058,0.0002,0.0573,0.3701,0.8896,,,,,,,-0.0056,0.0571,0.3128,0.5195,,,,,,
1318170809,금송목재합판주식회사,,,,,,,0.0043,0.3529,0.4141,,,,,,,,,0.3486,0.0612,,,
1318190353,(주)힘찬닥터스,0.1846,0.005,0.0033,0.0154,0.0084,0.4629,0.3963,0.9331,,,,-0.1796,-0.0017,0.0121,-0.007,0.4545,-0.0666,0.5368,,,,
1318601122,(주)엔스비,0.0034,0.092,,0.0145,0.1749,0.0883,,,,,,0.0886,,,0.1604,-0.0866,,,,,,
1318604793,주식회사이지현대,,0.0126,0.0104,0.1426,0.5418,0.917,,,,,,,-0.0022,0.1322,0.3992,0.3752,,,,,,
1318610882,주식회사백두보드,,,,,,,,0.0027,0.0372,,0.6766,,,,,,,,0.0345,,,
1318611538,(주)논현현대식자재,,,0.002,0.0578,0.9812,,,,,,,,,0.0558,0.9234,,,,,,,
1318618337,(주)제이앤지,0.0127,0.0628,0.2208,,,,,,,,,0.0501,0.158,,,,,,,,,
1318622224,주식회사판촉사랑,,,,,,,,,0.0003,0.0001,0.0002,,,,,,,,,-0.0002,0.0001,
1318646129,(주)제이케이인터내셔날,,,0.0011,0.0733,0.8914,,,,,,,,,0.0722,0.8181,,,,,,,
1318648831,주식회사선데이브런치,,,,,,,,,0.0005,0.0931,0.7338,,,,,,,,,0.0926,0.6407,
1318653727,주식회사본량,,,,,0.0006,0.0002,0.0003,,0.0005,0.0003,0.0001,,,,,-0.0004,0.0001,,,-0.0002,-0.0002,
1318654482,(주)경복궁면세점,,0.0205,0.0021,0.0035,0.6251,0.8471,0.9568,,,,,,-0.0184,0.0014,0.6216,0.222,0.1097,,,,,
1318657359,(주)와이앤제이메디컴퍼니,,0.0098,0.0151,0.0117,0.0086,0.0279,,,,,,,0.0053,-0.0034,-0.0031,0.0193,,,,,,
1318667518,(주)대성물산,,,0.0016,0.0141,0.0351,0.0281,,,,,,,,0.0125,0.021,-0.007,,,,,,
1328128395,주식회사우드메탈,0.0001,0.0004,0.0006,0.3118,,,,,0.4159,0.9623,,0.0003,0.0002,0.3112,,,,,,0.5464,,
1328149973,(주)부명,,,,,0.0017,0.0319,0.0028,0.0149,0.4396,,,,,,,0.0302,-0.0291,0.0121,0.4247,,,
1328151993,주식회사푸름,,0.0043,0.0234,0.0139,0.003,0.0063,,,0.0031,0.0089,0.0022,,0.0191,-0.0095,-0.0109,0.0033,,,,0.0058,-0.0067,
1328164770,성부상사(주),,,,,,0.001,0.0762,0.7203,,,,,,,,,0.0752,0.6441,,,,
1328601902,주식회사서일코퍼레이션,,,,,,,,0.0036,0.0987,0.5373,,,,,,,,,0.0951,0.4386,,
1328606834,아이배냇주식회사,,,,0.0003,0.0006,0.0017,0.5404,0.9445,0.8888,,,,,,0.0003,0.0011,0.5387,0.4041,-0.0557,,,
1328607546,(주)렌즈미,,,,,0.0003,0.0005,0.0001,,,,,,,,,0.0002,-0.0004,,,,,
1328607828,(주)윈플러스마트,0.0012,0.0008,0.0038,0.0064,0.0145,0.5048,0.4942,0.9868,,,,-0.0004,0.003,0.0026,0.0081,0.4903,-0.0106,0.4926,,,,
1328607959,(주)프레시원동서울,0.0682,0.8863,,,,,,,,,,0.8181,,,,,,,,,,
1328609807,디에이치통상주식회사,,,0.0008,0.0005,0.0006,0.0027,0.4036,,,,,,,-0.0003,0.0001,0.0021,0.4009,,,,,
1328621868,주식회사농수산물마켓,0.0012,0.0151,0.0078,,0.0009,0.0036,0.0014,0.0047,,,,0.0139,-0.0073,,,0.0027,-0.0022,0.0033,,,,
1328630431,주식회사옐로유통,,,0.0011,0.1409,0.8672,0.9505,,,,,,,,0.1398,0.7263,0.0833,,,,,,
1328634572,주식회사리샘,,,,,,,,,0.0006,0.0008,0.0014,,,,,,,,,0.0002,0.0006,
1338102670,경일시멘트(주),0.0008,,,,,,,,,,,,,,,,,,,,,
1338122190,기영산업주식회사,0.1067,0.024,0.013,0.0007,0.0062,0.0043,,,,,0.2016,-0.0827,-0.011,-0.0123,0.0055,-0.0019,,,,,,
1338122394,주식회사케이박스,0.0569,0.0533,0.1393,,0.011,0.0997,,,,,,-0.0036,0.086,,,0.0887,,,,,,
1338601074,주식회사한들,,,,,0.0012,0.023,0.0008,,,,,,,,,0.0218,-0.0222,,,,,
1348104332,라성유통(주),0.0001,0.0002,0.0002,0.0,,,,,,,,0.0001,0.0,-0.0002,,,,,,,,
1348114975,주식회사삼원기업,,,,,,,0.0039,0.0188,0.1724,,,,,,,,,0.0149,0.1536,,,
1348115391,주식회사대지석유,0.2996,,,,,,,,,,,,,,,,,,,,,
1348118549,안산대동서적주식회사,0.214,0.2793,0.55,0.7301,,,,,,,,0.0653,0.2707,0.1801,,,,,,,,
1348124978,경남기전(주),,,,,,0.0033,0.0065,0.2261,,,,,,,,,0.0032,0.2196,,,,
1348144751,선일배관주식회사,0.0041,0.0041,0.0933,,,,,,,,,0.0,0.0892,,,,,,,,,
1348151873,(주)정해철강,0.0041,0.0033,,,,,,,,,,-0.0008,,,,,,,,,,
1348155942,만해유업주식회사,0.0044,0.0055,0.0025,0.0008,,,,,,,,0.0011,-0.003,-0.0017,,,,,,,,
1348171374,(주)남대문안경,0.8689,,,,,,,,,,,,,,,,,,,,,
1348174954,주식회사미트라인,0.0739,0.9104,,,,,,,,,,0.8365,,,,,,,,,,
1348182847,(주)네츄럴라이프,,,,,,,,,0.0004,0.1671,0.6951,,,,,,,,,0.1667,0.528,
1348184262,(주)정한산업,0.9008,,,,,,,,,,,,,,,,,,,,,
1348187503,(주)영동철강,0.0021,0.0013,0.0008,0.0005,,,,,,,,-0.0008,-0.0005,-0.0003,,,,,,,,
1348189796,현대주류주식회사,,,,,,,,,0.0016,0.0004,0.0012,,,,,,,,,-0.0012,0.0008,
1348194926,제이에스전자(주),0.2901,0.0324,0.0239,0.021,0.1047,0.1495,,,,,,-0.2577,-0.0085,-0.0029,0.0837,0.0448,,,,,,
1348198669,(주)밀레펫,,,,,,0.0017,0.0087,0.0239,,,,,,,,,0.007,0.0152,,,,
1348605409,(주)네오지텍,0.2795,0.4846,0.8373,0.8793,,,,,,,,0.2051,0.3527,0.042,,,,,,,,
1348613549,(주)대일,,,0.0008,0.0545,,,,,0.0022,0.7761,0.9781,,,0.0537,,,,,,0.7739,0.202,
1348625690,주식회사코넥스솔루션,0.0001,0.3358,0.7781,0.8894,,,,,,,,0.3357,0.4423,0.1113,,,,,,,,
1348646720,주식회사성한,0.2845,0.0018,0.0011,0.3979,0.7989,0.9188,,,,,,-0.2827,-0.0007,0.3968,0.401,0.1199,,,,,,
1348650146,(주)엠엘키즈,0.7868,0.8835,,,,,,,,,,0.0967,,,,,,,,,,
1348655739,주식회사에스지엠,,,,,,,,0.0024,0.0017,0.0064,,,,,,,,,-0.0007,0.0047,,
1348657926,주식회사문고리닷컴,,,,0.0019,0.093,0.8552,,,,,,,,,0.0911,0.7622,,,,,,
1348668952,케이티와이브로인프라주식회사,0.0041,0.0038,,,,,,,,,,-0.0003,,,,,,,,,,
1348680107,(주)선우마트,,,,0.0014,0.0011,0.1413,0.7586,,,,,,,,-0.0003,0.1402,0.6173,,,,,
1348801178,주식회사해성유앤아이,,,,,0.0074,0.0211,0.044,0.8146,0.5058,0.7398,,,,,,0.0137,0.0229,0.7706,-0.3088,0.234,,
1358100514,(주)녹산,0.6202,0.2663,0.8913,,,,,,,,,-0.3539,0.625,,,,,,,,,
1358105033,(주)에뛰드,0.0,0.0101,0.0002,0.0001,0.1688,0.4234,0.8033,0.9791,,,,0.0101,-0.0099,-0.0001,0.1687,0.2546,0.3799,0.1758,,,,
1358108665,보성통상(주),0.8808,,,,,,,,,,,,,,,,,,,,,
1358123195,(주)나진코퍼레이션,0.0081,0.0054,0.3481,0.0086,0.0018,0.0015,0.0009,,,,,-0.0027,0.3427,-0.3395,-0.0068,-0.0003,-0.0006,,,,,
1358135333,주식회사동형티이엠,0.634,0.0915,0.6013,0.7579,0.9312,,,,,,,-0.5425,0.5098,0.1566,0.1733,,,,,,,
1358139080,(주)동광사,,,0.0014,0.0399,0.4456,0.3944,,,,,,,,0.0385,0.4057,-0.0512,,,,,,
1358142912,주식회사엑시트론,0.0002,,,,,,,,,,,,,,,,,,,,,
1358144472,(주)희망가스충전소,,0.0075,0.0927,0.8725,,,,,,,,,0.0852,0.7798,,,,,,,,
1358148236,주식회사다브인터네셔널,,,,,,,,0.0022,0.0479,0.8582,,,,,,,,,0.0457,0.8103,,
1358149292,(주)수도상사,0.0291,,,,,,,,,,,,,,,,,,,,,
1358151027,주식회사덕신,,,,,,,,,0.0015,0.1558,0.3562,,,,,,,,,0.1543,0.2004,
1358152536,유성물산주식회사,,0.0041,0.0022,0.1532,,,,,,,,,-0.0019,0.151,,,,,,,,
1358158108,(주)팍스하임인터내셔날,0.006,0.0046,,,,,,,,,,-0.0014,,,,,,,,,,
1358161471,(주)네츄럴라이프아시아,0.0003,0.0001,0.0001,0.0001,0.0,0.0002,0.0002,0.0002,0.0001,,,-0.0002,0.0,0.0,-0.0001,0.0002,0.0,0.0,-0.0001,,,
1358163988,(주)아로마엘에스티,0.7192,,,,,,,,,,,,,,,,,,,,,
1358169319,다모아정보통신(주),,0.0029,0.001,0.0028,,0.0096,0.6115,,,,,,-0.0019,0.0018,,,0.6019,,,,,
1358169740,니키소씨이앤드아이지코리아주식회사,,,,,,,,,0.001,0.0005,0.0012,,,,,,,,,-0.0005,0.0007,
1358170475,주식회사엔에스티,0.8438,,,,,,,,,,,,,,,,,,,,,
1358174506,(주)에어텍,0.0012,0.0545,0.2477,0.0192,0.6616,0.0299,,,,,,0.0533,0.1932,-0.2285,0.6424,-0.6317,,,,,,
1358184120,(주)조아실버케어,,,,0.0011,0.025,,,0.5513,0.5993,,,,,,0.0239,,,,0.048,,,
1358185769,하이덴하인홀딩코리아주식회사,0.0114,0.0314,0.0078,0.0057,0.002,0.0014,,,,,,0.02,-0.0236,-0.0021,-0.0037,-0.0006,,,,,,
1358189673,세종큐비즈주식회사,,,,,,,,,0.0007,0.097,0.8519,,,,,,,,,0.0963,0.7549,
1358600348,(주)드림에너지베트맨주유소,,,,0.0026,0.0137,0.0316,0.0016,,,,,,,,0.0111,0.0179,-0.03,,,,,
1358610429,(주)드림홀딩스,,0.0018,0.0067,0.4818,,,,,,,,,0.0049,0.4751,,,,,,,,
1358611938,(주)상해메탈,0.0021,0.0053,0.06,,,,,,,,,0.0032,0.0547,,,,,,,,,
1358614518,(주)미림약품,,,,,,,,,0.0012,0.0003,0.0192,,,,,,,,,-0.0009,0.0189,
1358616985,비유에스주식회사,,,,,,,,,0.0013,0.0143,0.0265,,,,,,,,,0.013,0.0122,
1358622696,주식회사에이치이비,,,,,,,,,0.0013,0.0955,0.0179,,,,,,,,,0.0942,-0.0776,
1358624296,(주)메트로앤리소서비스,,,,,,0.0003,0.0002,0.0003,,,,,,,,,-0.0001,0.0001,,,,
1358626256,신일약품(주),,,,,,,,,0.0006,0.0002,0.6069,,,,,,,,,-0.0004,0.6067,
1358627158,주식회사인투,,,,,,,,,0.0005,0.0004,0.0002,,,,,,,,,-0.0001,-0.0002,
1358632137,(주)모닝마트,0.0642,0.9722,,,,,,,,,,0.908,,,,,,,,,,
1358637734,주식회사와이에스생명과학,,0.0036,0.0005,0.0005,0.0003,0.0904,0.0003,0.0008,0.0004,,,,-0.0031,0.0,-0.0002,0.0901,-0.0901,0.0005,-0.0004,,,
1358639877,주식회사에이씨티,0.001,0.0025,0.0589,0.0191,0.0452,0.1643,,,,,,0.0015,0.0564,-0.0398,0.0261,0.1191,,,,,,
1358652002,(주)케이에스팜,,,,,,,0.001,0.0459,0.7445,,,,,,,,,0.0449,0.6986,,,
1368106132,다원에프엔씨(주),0.3891,0.0441,0.6348,,,,,,,,,-0.345,0.5907,,,,,,,,,
1368132310,(주)나무친구들,,0.0042,0.0525,0.0123,0.0056,0.8139,0.0507,,,,,,0.0483,-0.0402,-0.0067,0.8083,-0.7632,,,,,
1368701293,신돈축산유통,,,,,,,,,0.0005,0.0008,0.0007,,,,,,,,,0.0003,-0.0001,
1378102032,일레덱스홀딩스(주),0.9412,,,,,,,,,,,,,,,,,,,,,
1378104928,산화목재주식회사,0.1783,0.0404,0.5827,0.791,,,,0.9412,,,,-0.1379,0.5423,0.2083,,,,,,,,
1378114348,화신공업주식회사,0.4717,0.0408,0.0048,0.5266,0.4833,0.8519,,,,,,-0.4309,-0.036,0.5218,-0.0433,0.3686,,,,,,
1378121096,아주철강(주),0.6537,,,,,,,,,,,,,,,,,,,,,
1378125388,(주)그린에너지,0.067,0.6922,,,,,,,,,,0.6252,,,,,,,,,,
1378136717,에스엠개발주식회사,,,,,,,,0.0018,0.0401,0.8153,,,,,,,,,0.0383,0.7752,,
1378148192,진흥철강(주),,,,,,,,0.001,0.0002,0.0004,,,,,,,,,-0.0008,0.0002,,
1378149226,(주)정인티엔씨,0.0036,0.0077,,,0.0023,0.0029,0.0035,,,,,0.0041,,,,0.0006,0.0006,,,,,
1378149323,(주)케이제이스틸,0.9218,,,,,,,,,,,,,,,,,,,,,
1378150043,(주)디에스리싸이클링,0.867,,,,0.1073,0.9297,0.8325,0.967,,,,,,,,0.8224,-0.0972,0.1345,,,,
1378166899,(주)경동세라믹스,0.7972,0.8878,,,,,,,,,,0.0906,,,,,,,,,,
1378177168,주식회사강산우드컴,0.0035,0.1452,0.8233,0.8536,,,,,,,,0.1417,0.6781,0.0303,,,,,,,,
1378190123,(주)엘앤케이,0.006,0.0146,0.0735,0.7479,0.56,0.0368,0.3674,0.6778,0.4895,,,0.0086,0.0589,0.6744,-0.1879,-0.5232,0.3306,0.3104,-0.1883,,,
1378197150,주식회사비에스씨앤씨,,,,,,,,,0.0016,0.0833,0.2785,,,,,,,,,0.0817,0.1952,
1378603792,(주)비퀘스트,,,,0.0033,0.1421,0.9685,,,,,,,,,0.1388,0.8264,,,,,,
1378620020,주식회사예림,,,,,,0.0006,0.0386,0.0016,0.0003,0.0009,,,,,,,0.038,-0.037,-0.0013,0.0006,,
1378628605,주식회사세진코스텍,,,,0.0016,0.0035,0.0105,,,,,,,,,0.0019,0.007,,,,,,
1378653346,(주)한국블록체인거래소,,,,0.0018,0.0406,0.2819,,,,,,,,,0.0388,0.2413,,,,,,
1378653948,(주)아비드이앤에프,,,,,,,0.0011,0.0235,0.7524,0.658,,,,,,,,0.0224,0.7289,-0.0944,,
1388103242,주식회사오성자원,0.9198,,,,,,,,,,,,,,,,,,,,,
1388111607,(주)제이엔테크놀러지,,,,,,,,,0.0007,0.0009,0.041,,,,,,,,,0.0002,0.0401,
1388116373,대림물산주식회사,0.0195,0.0119,0.0215,0.2656,0.4503,0.0141,,,,,,-0.0076,0.0096,0.2441,0.1847,-0.4362,,,,,,
1388125552,(주)명인스틸,,,,,,,,,0.0009,0.0006,0.0073,,,,,,,,,-0.0003,0.0067,
1388128092,장수에스엔피주식회사,0.0025,0.0004,0.3824,0.422,0.089,0.4135,,,,,,-0.0021,0.382,0.0396,-0.333,0.3245,,,,,,
1388131340,베스트로주식회사,,,,,,,,,0.0008,0.1573,0.2022,,,,,,,,,0.1565,0.0449,
1388133426,(주)캐리어중앙공조,,,,,,0.0015,0.0007,,,0.0045,0.021,,,,,,-0.0008,,,,0.0165,
1388136966,(주)디엔이솔라,0.0002,0.0002,,,0.0003,0.0004,0.1997,0.3534,,,,0.0,,,,0.0001,0.1993,0.1537,,,,
1388138246,(주)경일하이텍,0.0055,0.0035,0.0017,0.0008,0.0005,0.0014,,,,0.0007,0.0003,-0.002,-0.0018,-0.0009,-0.0003,0.0009,,,,,-0.0004,
1388141154,주식회사네이쳐에프피,0.0009,0.0003,0.0012,0.0003,0.0152,0.4985,0.7531,0.9099,,,,-0.0006,0.0009,-0.0009,0.0149,0.4833,0.2546,0.1568,,,,
1388150274,(주)켐솔코리아,,,,,,,,,0.0007,0.035,0.0786,,,,,,,,,0.0343,0.0436,
1388152587,(주)씨엔씨글로벌솔루션,0.0011,0.0006,0.0024,,,,,,,,,-0.0005,0.0018,,,,,,,,,
1388158067,주식회사지오이앤씨,,,0.9631,,,,,,,,,,,,,,,,,,,
1388159391,영인에스엔주식회사,,,0.001,0.0004,,,,,,,0.6696,,,-0.0006,,,,,,,,
1388169486,주식회사제이더스화학,,,,,,,,,0.0006,0.0001,0.0001,,,,,,,,,-0.0005,0.0,
1388179422,써니옵텍코리아주식회사,,,,,,,,,0.0004,0.0106,0.0406,,,,,,,,,0.0102,0.03,
1388189575,주식회사비스타컴,,,,,,0.0007,0.0011,0.8319,,,,,,,,,0.0004,0.8308,,,,
1388195228,(주)한창인터내셔날,,,,,,,,,0.0004,0.0009,0.0042,,,,,,,,,0.0005,0.0033,
1398109157,(주)더테크놀로지,0.8159,0.8836,0.9659,,,,,,,,,0.0677,0.0823,,,,,,,,,
1398112555,(주)코스리거글로벌,0.6814,0.9489,,,,,,,,,,0.2675,,,,,,,,,,
1398131076,(주)손오공,0.9589,,,,,,,,,,,,,,,,,,,,,
1398136111,(주)하나하이메탈,0.5107,,0.0003,0.0033,0.0253,0.1523,0.5969,0.5176,0.5182,,,,,0.003,0.022,0.127,0.4446,-0.0793,0.0006,,,
1398600578,(주)모우,,,,0.0043,0.0464,0.9019,,,,,,,,,0.0421,0.8555,,,,,,
1408115853,티지코포레이션주식회사,,,,,,,,,0.0007,0.0143,0.7777,,,,,,,,,0.0136,0.7634,
1408117832,(주)피시원,,,,,,,,,0.0005,0.0004,0.0004,,,,,,,,,-0.0001,0.0,
1408118618,(주)평화자원,0.8185,,,,,,,,,,,,,,,,,,,,,
1408120400,하림산업개발주식회사,,,,0.0006,0.0176,0.0007,,,,,,,,,0.017,-0.0169,,,,,,
1408125929,(주)이앤비,0.0001,0.0001,0.0002,0.0283,0.0832,0.2991,0.0114,0.0777,0.3292,,,0.0,0.0001,0.0281,0.0549,0.2159,-0.2877,0.0663,0.2515,,,
1408125967,주식회사유현테크,,,,0.0012,0.0016,0.5051,,,,,,,,,0.0004,0.5035,,,,,,
1408127529,에코텍서비스(주),,0.013,0.1501,0.586,0.6856,0.4556,,,,,,,0.1371,0.4359,0.0996,-0.23,,,,,,
1408153575,대일케미칼주식회사,,,,,,,,,0.0004,0.0014,0.0009,,,,,,,,,0.001,-0.0005,
1408165085,동산금속주식회사,,,,,,,,,0.0008,0.0007,0.0009,,,,,,,,,-0.0001,0.0002,
1408169005,(주)성한큐앤씨,0.0024,0.057,0.0253,,,,,,,,,0.0546,-0.0317,,,,,,,,,
1408170647,주식회사성규푸드시스템,,,,,,,,,0.0004,0.0008,0.0014,,,,,,,,,0.0004,0.0006,
1408174508,주식회사한국기계거래소,,0.0018,0.009,0.6552,,,,,,,,,0.0072,0.6462,,,,,,,,
1408600277,주식회사메타센테라퓨틱스,,,,0.0024,0.078,0.9268,,,,,,,,,0.0756,0.8488,,,,,,
1418107768,주식회사정안스틸,0.6881,0.9477,,,,,,,,,,0.2596,,,,,,,,,,
1418112000,주식회사케어맥스코리아,,,,,0.0008,0.0003,,,,,0.5716,,,,,-0.0005,,,,,,
1418112621,주식회사성지케이알,,0.0027,0.1231,0.4181,0.0011,0.0012,,,,,,,0.1204,0.295,-0.417,0.0001,,,,,,
1418116423,대하마트,,,,,,,0.0015,0.1027,0.9091,,,,,,,,,0.1012,0.8064,,,
1418130707,주식회사장보고,0.036,0.0738,0.0492,0.7564,0.6094,0.9389,,,,,,0.0378,-0.0246,0.7072,-0.147,0.3295,,,,,,
1418145554,주식회사비에스침대,,,,,,,,0.0042,0.1467,0.7071,,,,,,,,,0.1425,0.5604,,
1418148963,위드원바이오주식회사,,,,,,,,,0.0018,0.1681,0.8711,,,,,,,,,0.1663,0.703,
1418801521,티앤에이주식회사,,,,,,,,,0.0031,0.0223,0.0019,,,,,,,,,0.0192,-0.0204,
1428100133,주식회사퓨엠,,,,,,,0.0013,0.1094,0.9475,,,,,,,,,0.1081,0.8381,,,
1428100870,(주)자스펠,0.0003,,,,,,,,,,,,,,,,,,,,,
1428103241,주식회사프라브컴퍼니,0.0014,0.002,0.4528,0.4936,,,,,,,,0.0006,0.4508,0.0408,,,,,,,,
1428111023,주식회사중부트레이딩,0.5887,0.0097,,,,,,,,,,-0.579,,,,,,,,,,
1428116902,(주)유성,0.1116,,,,,,,,,,,,,,,,,,,,,
1428121012,(주)블랙쎄븐,,,,,,,,,0.0017,0.0027,0.0146,,,,,,,,,0.001,0.0119,
1428122888,(주)휴맥스,0.001,0.0005,0.014,0.3336,0.7295,0.0314,0.0495,0.9383,0.7521,,,-0.0005,0.0135,0.3196,0.3959,-0.6981,0.0181,0.8888,-0.1862,,,
1428135404,주식회사아이티가설,,0.0118,0.0117,0.0162,0.006,0.0731,,,,,,,-0.0001,0.0045,-0.0102,0.0671,,,,,,
1428137270,엠즈베버리지주식회사,,,,,0.0008,0.0374,,,,,0.0018,,,,,0.0366,,,,,,
1428143073,(주)힐텍코퍼레이션,,,,,,,,0.0005,0.0001,0.0012,,,,,,,,,-0.0004,0.0011,,
1428143544,주식회사씨엔에프앤비,,,,,,0.0009,0.0002,0.0002,,,,,,,,,-0.0007,0.0,,,,
1428164952,주식회사에스씨씨,,,,,,,,,0.0003,0.0001,0.0001,,,,,,,,,-0.0002,0.0,
1428166402,주식회사비츠,,,,,,0.0018,0.0012,0.5359,,,,,,,,,-0.0006,0.5347,,,,
1428168185,주식회사자연에너지,0.0031,0.0481,0.919,,,,,,,,,0.045,0.8709,,,,,,,,,
1428171749,주식회사미도리코리아,,0.0017,0.0006,0.004,,,,,,,,,-0.0011,0.0034,,,,,,,,
1428178005,(주)삼보유통,,,,0.0014,0.0742,0.9574,,,,,,,,,0.0728,0.8832,,,,,,
1438108458,거상주식회사,,,,,,,,,0.0013,0.0145,0.7402,,,,,,,,,0.0132,0.7257,
1448102632,화코스텍주식회사,,,,,0.0006,0.0004,0.0005,0.0004,,,,,,,,-0.0002,0.0001,-0.0001,,,,
1448109353,주식회사다날에프엔비,,,,,0.0037,0.0661,0.9586,,,,,,,,,0.0624,0.8925,,,,,
1448115156,주식회사에이앤이,0.0029,0.1441,0.9676,,,,,,,,,0.1412,0.8235,,,,,,,,,
1448115705,주식회사테크랩스,,0.0021,0.0001,,,,,,,0.0058,0.003,,-0.002,,,,,,,,-0.0028,
1448121610,로이스약품(주),,0.0066,0.1559,0.9137,,,,,,,,,0.1493,0.7578,,,,,,,,
1448124709,주식회사케이투비,,0.017,0.1474,0.9689,,,,,,,,,0.1304,0.8215,,,,,,,,
1448124785,주식회사아성코퍼레이션,,0.0094,0.1715,0.8234,0.9336,,,,,,,,0.1621,0.6519,0.1102,,,,,,,
1448124830,주식회사어슈어런트코리아,,,,,0.0007,0.0002,0.078,,,0.4196,0.1896,,,,,-0.0005,0.0778,,,,-0.23,
1478800821,농업회사법인(주)웰피그,,,,,,0.005,0.0666,0.9102,,,,,,,,,0.0616,0.8436,,,,
1488800329,주식회사쿱스토어경기,,,0.0017,0.1243,0.9324,,,,,,,,,0.1226,0.8081,,,,,,,
1498700271,주식회사유맥에프앤에스,,,0.0024,0.0021,0.0035,0.0067,0.5786,,,,,,,-0.0003,0.0014,0.0032,0.5719,,,,,
1508100677,라이프앤바이오주식회사,,,,,,,,,0.0016,0.3898,0.7736,,,,,,,,,0.3882,0.3838,
1518101010,주식회사꿈꾸는도시,,,,,,,,0.0011,0.0012,0.6698,,,,,,,,,0.0001,0.6686,,
1548701419,도나코주식회사,,,,,,,,,0.0005,0.0007,0.0022,,,,,,,,,0.0002,0.0015,
1548702553,주식회사심팩글로벌,,,,,,,,,0.0023,0.1027,0.8876,,,,,,,,,0.1004,0.7849,
1578600955,주식회사군파크레저,,,,,,0.0044,0.1022,0.965,,,,,,,,,0.0978,0.8628,,,,
1578801036,(주)알지인터내셔널,,,,,0.0013,0.0877,0.8731,,,,,,,,,0.0864,0.7854,,,,,
1588602562,세영모빌리티주식회사,,,,,,,,,0.0034,0.0064,0.7616,,,,,,,,,0.003,0.7552,
1588800189,주식회사에스디제이,,,,0.0021,0.0541,0.5825,0.2153,0.6735,0.6165,,,,,,0.052,0.5284,-0.3672,0.4582,-0.057,,,
1598602565,주식회사더케이커넥트,,,,,,,,,0.0032,0.0932,0.9597,,,,,,,,,0.09,0.8665,
1648700149,(주)에이블리코퍼레이션,,,,,,0.0012,0.0729,0.9717,,,,,,,,,0.0717,0.8988,,,,
1658700424,(주)신촌뷰티,,,,,,,0.0006,0.0002,0.0001,,,,,,,,,-0.0004,-0.0001,,,
1658801925,주식회사에이탑메드,,,,,,,,,0.0032,0.0051,0.0066,,,,,,,,,0.0019,0.0015,
1678601188,주식회사윈플러스마트동부,,,,,,0.0017,0.0329,0.8877,0.9701,,,,,,,,0.0312,0.8548,0.0824,,,
1728600556,에이치에스효성프리미어모터스(주),,,,0.0025,0.1156,0.9508,,,,,,,,,0.1131,0.8352,,,,,,
1748800600,에스디유통주식회사,,,,,,,,,0.0008,0.164,0.1693,,,,,,,,,0.1632,0.0053,
1758100190,주식회사펫프렌즈,,,,,,,0.0032,0.0304,0.5014,,,,,,,,,0.0272,0.471,,,
1768101270,농업회사법인주식회사나린,,,,,,0.0028,0.0003,0.0613,0.3657,,,,,,,,-0.0025,0.061,0.3044,,,
1768101552,(주)재우통상,,,,,,,,,0.0013,0.0003,0.0007,,,,,,,,,-0.001,0.0004,
1778100798,농업회사법인팜팜(주),,,,,,,,,0.0005,0.0001,0.0003,,,,,,,,,-0.0004,0.0002,
1788802352,주식회사큐앤씨육가공,,,,,,,,,0.0009,0.1531,0.0516,,,,,,,,,0.1522,-0.1015,
1798700011,(주)경신모터스,,,,,,,,0.0026,0.0087,0.6191,,,,,,,,,0.0061,0.6104,,
1808601274,주식회사루피움,,,,,,,,,0.0005,0.0001,0.0001,,,,,,,,,-0.0004,0.0,
1818701347,주식회사글루업,,,,,,,,0.0038,0.0411,0.5914,,,,,,,,,0.0373,0.5503,,
1828600679,유한건강생활,,,,,,,0.0044,0.1988,0.9591,,,,,,,,,0.1944,0.7603,,,
1828801269,주식회사부스터스,,,,,,,,,0.0017,0.0026,0.0001,,,,,,,,,0.0009,-0.0025,
1828801798,신성에너지(주),,,,,,,,,0.0011,0.0005,0.0011,,,,,,,,,-0.0006,0.0006,
1838701076,주식회사에이유팜,,,,,,0.001,0.0632,0.8977,0.1678,,,,,,,,0.0622,0.8345,-0.7299,,,
1848100632,주식회사에이치씨씨앤엘,,,,,,,,,0.0014,0.0016,0.0172,,,,,,,,,0.0002,0.0156,
1858101880,주식회사캐비아,,,,,,,,,0.002,0.1588,0.807,,,,,,,,,0.1568,0.6482,
1878800377,한국권건화장품주식회사,,,0.0025,0.0532,0.4859,0.2349,,,,,,,,0.0507,0.4327,-0.251,,,,,,
1888101953,(주)워즈코퍼레이션,,,,,,,,,0.0007,0.0001,0.6084,,,,,,,,,-0.0006,0.6083,
1898802013,주식회사위더스메디,,,,,,,,,0.0011,0.0008,0.0014,,,,,,,,,-0.0003,0.0006,
1928601734,주식회사왕카,,,,,,,,,0.0022,0.002,0.0089,,,,,,,,,-0.0002,0.0069,
1938601912,주식회사명진오일,,,,,,,,,0.0023,0.0021,0.0038,,,,,,,,,-0.0002,0.0017,
1958100331,성일글로벌주식회사,,,,0.001,0.0015,0.0026,0.0006,0.0035,0.0006,0.0006,,,,,0.0005,0.0011,-0.002,0.0029,-0.0029,0.0,,
1958100495,청풍상사주식회사,,,,,0.0004,0.0002,0.0032,,,,,,,,,-0.0002,0.003,,,,,
1958601368,주식회사에이치비글로벌,,,,,,,,0.0025,0.1212,0.6981,,,,,,,,,0.1187,0.5769,,
1968800634,주식회사세명산업,,,,,,,,,0.0008,0.0002,0.0004,,,,,,,,,-0.0006,0.0002,
2018127784,주식회사세영씨앤씨그래픽스,,,,,,,,,0.0013,0.0059,0.0024,,,,,,,,,0.0046,-0.0035,
2018127988,백운지업주식회사,,,,,,,,,0.001,0.0027,0.0701,,,,,,,,,0.0017,0.0674,
2018129045,예인스틸주식회사,,,,,,,,,0.003,0.1962,0.9806,,,,,,,,,0.1932,0.7844,
2018135227,농업회사법인대한기업진흥(주),,,,,,,,,0.0054,0.0387,0.0093,,,,,,,,,0.0333,-0.0294,
2018140910,주식회사금화,0.321,0.3718,0.2374,0.5811,0.1938,0.6898,0.7849,0.8441,0.6453,,,0.0508,-0.1344,0.3437,-0.3873,0.496,0.0951,0.0592,-0.1988,,,
2018145313,(주)드레써코리아,0.0754,,,,,,,,,,,,,,,,,,,,,
2018147494,주식회사한국필름,0.7446,0.2956,0.7565,0.5879,0.6472,0.7871,0.927,0.9025,,,,-0.449,0.4609,-0.1686,0.0593,0.1399,0.1399,-0.0245,,,,
2018153792,동우페이퍼,,,,,,,,,0.0008,0.1389,0.9114,,,,,,,,,0.1381,0.7725,
2018154675,(주)페이퍼플라자,0.8531,,,,,,,,,,,,,,,,,,,,,
2018158083,(주)예스프라임,,,,0.0012,0.0027,0.0119,,,,,,,,,0.0015,0.0092,,,,,,
2018158822,(주)씨코헬스케어,0.021,0.7208,0.9299,0.9313,,,,,,,,0.6998,0.2091,0.0014,,,,,,,,
2018159592,인피콘(주),,,,0.0001,0.0,,,,0.0,0.0001,0.0001,,,,-0.0001,,,,,0.0001,0.0,
2018169713,주식회사무진무역,,,,,,,,,0.002,0.0847,0.8916,,,,,,,,,0.0827,0.8069,
2018178736,신세계의정부역사주식회사,0.9346,,,,,,,,,,,,,,,,,,,,,
2018181435,주식회사행복을파는사람들,,,,,,,,,0.0003,0.0001,0.0001,,,,,,,,,-0.0002,0.0,
2018181740,주식회사노아종합상사,0.4725,0.922,,,,,,,,,,0.4495,,,,,,,,,,
2018186973,리레코코리아주식회사,,,,,,0.001,0.0205,0.3653,,,,,,,,,0.0195,0.3448,,,,
2018193440,(주)아큐젠,0.1635,0.1983,0.0012,0.0003,,,,,,,,0.0348,-0.1971,-0.0009,,,,,,,,
2018601756,광명지류판매주식회사,,,,,,,,,0.0019,0.0021,0.0045,,,,,,,,,0.0002,0.0024,
2018601907,(주)삼양페이퍼피더블유,,,,,,,,,0.0005,0.0006,0.0003,,,,,,,,,0.0001,-0.0003,
2018608900,(주)플리어시스템코리아,,,,0.0003,0.0001,,0.0001,0.0182,0.0426,,,,,,-0.0002,,,0.0181,0.0244,,,
2018612874,(주)안국루브텍,0.0386,0.0137,0.6117,,,,,,,,,-0.0249,0.598,,,,,,,,,
2018613311,(주)핫시즈너,0.0008,0.0001,0.0001,0.0001,0.0002,0.0006,0.0477,0.1651,0.6418,,,-0.0007,0.0,0.0,0.0001,0.0004,0.0471,0.1174,0.4767,,,
2018619858,주식회사혜인건강,,,,,,,0.0008,0.0037,0.002,,,,,,,,,0.0029,-0.0017,,,
2018624249,주식회사새로피엔엘,,,,,,,,,0.0006,0.0008,0.0003,,,,,,,,,0.0002,-0.0005,
2018625419,유엔에이치인터내셔날주식회사,,,,0.0017,0.0011,0.0288,0.607,0.6277,0.8244,,,,,,-0.0006,0.0277,0.5782,0.0207,0.1967,,,
2018627722,주식회사플라이모델,,,,,,,,,0.0011,0.0549,0.8865,,,,,,,,,0.0538,0.8316,
2018630270,(주)고고마,,,,,,,,,0.0012,0.0026,0.0166,,,,,,,,,0.0014,0.014,
2018631395,주식회사케이엔코리아,,0.0027,0.0005,0.0004,0.0001,0.5012,0.6405,0.9672,,,,,-0.0022,-0.0001,-0.0003,0.5011,0.1393,0.3267,,,,
2018633675,주식회사넥스트플레이어,,,,,,,,,0.0021,0.0834,0.7913,,,,,,,,,0.0813,0.7079,
2018634223,주식회사유스토리원,,,,,,,,,0.0003,0.0021,0.0023,,,,,,,,,0.0018,0.0002,
2018634714,(주)글로리데이즈코리아,,0.0018,0.0011,0.2225,0.093,0.0023,0.001,,0.8561,0.7293,0.9323,,-0.0007,0.2214,-0.1295,-0.0907,-0.0013,,,-0.1268,0.203,
2018637458,(주)정은텍스타일,,,,,,,,,0.0004,0.0011,0.002,,,,,,,,,0.0007,0.0009,
2018638200,동우종합금속주식회사,,,,,,,,,0.0018,0.0004,0.3032,,,,,,,,,-0.0014,0.3028,
2018640593,(주)렉스걸앤스쿠터,,,,,0.0027,0.0227,,,,0.8248,0.9395,,,,,0.02,,,,,0.1147,
2018646020,주식회사안성농축산식자재마트,,,,,,,,,0.0014,0.0009,0.0015,,,,,,,,,-0.0005,0.0006,
2018800066,주식회사동행물산,,,,0.0009,0.0003,0.0088,0.5979,0.8707,,,,,,,-0.0006,0.0085,0.5891,0.2728,,,,
2028140062,(주)아진에프비에스,,,,,0.0031,0.0929,0.9557,,,,,,,,,0.0898,0.8628,,,,,
2028141168,삼광씨앤비(주),0.2233,0.467,0.0218,,,,,,,,,0.2437,-0.4452,,,,,,,,,
2028142885,신흥세진주식회사,0.0006,0.0009,0.0013,0.0023,0.0008,0.1384,0.0251,0.1111,0.6209,0.668,,0.0003,0.0004,0.001,-0.0015,0.1376,-0.1133,0.086,0.5098,0.0471,,
2028144675,코오롱글로텍(주),0.0023,0.0008,0.0112,0.5416,0.6742,0.8743,,,,,,-0.0015,0.0104,0.5304,0.1326,0.2001,,,,,,
2028149568,(주)무창상사,,0.0018,0.0942,,,,,,0.7916,0.5761,,,0.0924,,,,,,,-0.2155,,
2028151007,코카디앤아이(주),0.0087,0.3895,0.4578,0.5129,0.5338,0.4387,0.0915,0.7324,0.4832,0.8775,,0.3808,0.0683,0.0551,0.0209,-0.0951,-0.3472,0.6409,-0.2492,0.3943,,
2028155570,롯데상사(주),0.5475,0.2349,0.3329,0.4948,0.1189,0.7251,,,,,,-0.3126,0.098,0.1619,-0.3759,0.6062,,,,,,
2028166228,엔티엔지주식회사,,,,,,0.0006,0.0006,0.5209,0.8704,0.6443,,,,,,,0.0,0.5203,0.3495,-0.2261,,
2038146598,서울석유(주),0.5995,0.5146,0.9021,,,,,,,,,-0.0849,0.3875,,,,,,,,,
2038154273,라이볼트코리아주식회사,0.0992,,,,,,,,0.0001,0.0001,0.0002,,,,,,,,,0.0,0.0001,
2038157509,한세엠케이(주),0.0104,0.0007,0.0006,0.0004,0.0408,0.7342,0.8925,0.7696,,,,-0.0097,-0.0001,-0.0002,0.0404,0.6934,0.1583,-0.1229,,,,
2038159657,한국일리스엔지니어링(주),,,,,,,,,0.0014,0.01,0.003,,,,,,,,,0.0086,-0.007,
2048116665,주식회사삼광기전,0.0066,0.0093,0.688,0.9716,,,,,,,,0.0027,0.6787,0.2836,,,,,,,,
2048130390,(주)티알엠코리아,,,,,,,,,0.0002,0.0001,0.0013,,,,,,,,,-0.0001,0.0012,
2048143726,(주)참존글로벌워크,0.0015,0.0033,0.795,0.7893,0.9807,,,,,,,0.0018,0.7917,-0.0057,0.1914,,,,,,,
2048156653,주식회사한진팜,0.0213,0.001,,,,,,,,,,-0.0203,,,,,,,,,,
2048162698,주식회사엠엔,,,,,,0.0018,0.0407,0.8486,0.7873,,,,,,,,0.0389,0.8079,-0.0613,,,
2048167524,주식회사아셈테크,,,,0.0005,0.0014,0.1045,,,,,,,,,0.0009,0.1031,,,,,,
2048174855,더팜,,,,,,,,,0.0003,0.0006,0.0008,,,,,,,,,0.0003,0.0002,
2048175529,(주)마당쇠유통,,,,,,,,,0.0008,0.0002,0.0008,,,,,,,,,-0.0006,0.0006,
2048178619,주식회사아우토플라츠,0.9653,,,,,,,,,,,,,,,,,,,,,
2048178768,(주)상도코포레이션,0.0007,0.0032,,,,,,,,,,0.0025,,,,,,,,,,
2048186540,팰주식회사,0.9641,,,,,,,,,,,,,,,,,,,,,
2048189983,(주)제이비피코리아,,,,,,,,,0.0002,0.0001,0.0001,,,,,,,,,-0.0001,0.0,
2048190307,(주)쉘라인,0.0003,0.0002,0.0005,0.0001,0.2128,0.8446,0.9236,,,,,-0.0001,0.0003,-0.0004,0.2127,0.6318,0.079,,,,,
2048191290,주식회사한국술유통,,,,,,,,,0.0003,0.0004,0.0003,,,,,,,,,0.0001,-0.0001,
2048199628,씨지뷰티,,,,,0.0025,0.0663,0.0028,0.4356,0.8191,0.5839,,,,,,0.0638,-0.0635,0.4328,0.3835,-0.2352,,
2048602507,(주)대한녹용수출입법인,,,,,,,,,0.0006,0.0006,0.303,,,,,,,,,0.0,0.3024,
2048604825,주식회사조이파트너스,0.0051,0.1006,0.176,0.0594,0.0601,0.5386,0.8176,0.2444,,,,0.0955,0.0754,-0.1166,0.0007,0.4785,0.279,-0.5732,,,,
2048607026,(주)새미홀딩스,0.0003,,0.3071,0.0009,0.0,,,,,,,,,-0.3062,-0.0009,,,,,,,
2048607569,주식회사에이제이스틸,0.9125,,,,,,,,,,,,,,,,,,,,,
2048616753,주식회사에스티아이그룹,,,0.0008,0.0001,0.0007,0.0046,0.4544,0.0832,0.3116,,0.0146,,,-0.0007,0.0006,0.0039,0.4498,-0.3712,0.2284,,,
2048616980,(주)한수산,,,,,0.0006,0.0004,,,0.0694,0.2737,,,,,,-0.0002,,,,0.2043,,
2048628002,드림프리덤주식회사,0.0008,0.0006,0.0016,0.0014,0.0006,0.0023,0.0018,0.6928,0.4089,0.7125,,-0.0002,0.001,-0.0002,-0.0008,0.0017,-0.0005,0.691,-0.2839,0.3036,,
2048628550,주식회사지엔아이컴퍼니,,,,,,,,,0.0004,0.0006,0.0006,,,,,,,,,0.0002,0.0,
2048629199,주식회사한국유니메디칼,,,,0.0031,0.249,0.9676,,,,,,,,,0.2459,0.7186,,,,,,
2048631924,평안세븐스마일주식회사,,0.0091,0.1591,0.96,,,,,,,,,0.15,0.8009,,,,,,,,
2048639120,주식회사피앤씨홀딩스,,,,,,,,,0.0008,0.0015,0.0019,,,,,,,,,0.0007,0.0004,
2048639872,(주)아이보리인더스트리,0.0029,,,0.1038,0.603,,,,,,,,,,0.4992,,,,,,,
2048802011,주식회사케이엘여주,,,,,,,,0.0049,0.057,0.852,,,,,,,,,0.0521,0.795,,
2058112435,제신약품(주),0.3557,0.7656,0.7633,0.988,,,,,,,,0.4099,-0.0023,0.2247,,,,,,,,
2058113768,대성주류판매(주),0.0509,0.8625,0.0886,0.5116,0.7145,0.7983,,,,,,0.8116,-0.7739,0.423,0.2029,0.0838,,,,,,
2058118894,(주)백합상사,,,,,,,,0.004,0.0605,0.3757,,,,,,,,,0.0565,0.3152,,
2058121555,아세아약품(주),0.7174,0.7846,0.0276,,,,,,,,,0.0672,-0.757,,,,,,,,,
2058139244,주식회사나노팜,0.0001,0.1061,,0.0138,0.0018,0.0003,,,,,,0.106,,,-0.012,-0.0015,,,,,,
2068112777,(주)와이즈아이티,0.0005,0.0033,0.0123,0.0196,0.7577,0.1802,0.0069,0.816,0.3026,0.7918,,0.0028,0.009,0.0073,0.7381,-0.5775,-0.1733,0.8091,-0.5134,0.4892,,
2068116244,(주)청송축산유통,,,0.0023,0.0003,,,,,0.0001,0.0001,0.0005,,,-0.002,,,,,,0.0,0.0004,
2068127213,마이스터인터내셔날주식회사,0.005,0.0016,0.4651,0.9486,0.9059,,,,,,,-0.0034,0.4635,0.4835,-0.0427,,,,,,,
2068146258,(주)코모스앤,0.0024,0.0367,0.0445,,,,,,,0.0013,0.6276,0.0343,0.0078,,,,,,,,0.6263,
2068146302,주식회사우성물류,0.0024,,,,,,,,,,,,,,,,,,,,,
2068152726,(주)삼성미트통상,,0.0044,0.0885,0.3829,0.0013,,,,,,,,0.0841,0.2944,-0.3816,,,,,,,
2068153138,(주)피씨일오삼,0.9432,,,,,,,,,,,,,,,,,,,,,
2068153574,조일철강(주),,0.0086,0.1448,0.0184,0.5332,0.6795,0.9246,,,,,,0.1362,-0.1264,0.5148,0.1463,0.2451,,,,,
2068156682,(주)헤아텍,,,0.0008,0.1144,0.7768,,,,,,,,,0.1136,0.6624,,,,,,,
2068158545,(주)팀벨,,,,,,,0.0006,0.0707,0.2038,,,,,,,,,0.0701,0.1331,,,
2068165575,(주)월비통상,0.5961,0.6974,0.9509,,,,,,,,,0.1013,0.2535,,,,,,,,,
2068165615,(주)아이커머,,,,0.0008,0.0027,0.0018,0.0866,,,,0.3978,,,,0.0019,-0.0009,0.0848,,,,,
2068166138,(주)워너기업,0.0042,0.0238,,,,,,,,,,0.0196,,,,,,,,,,
2068167156,(주)동양유화,0.9274,,,,,,,,,,,,,,,,,,,,,
2068174924,주식회사지수어패럴,,,,,,,0.0007,0.0003,0.0001,0.0905,,,,,,,,-0.0004,-0.0002,0.0904,,
2068179157,(주)한국오티스양행,0.0584,0.0356,0.0699,,,,,,,,,-0.0228,0.0343,,,,,,,,,
2068187924,잇츠유어스(주),0.0003,0.0001,0.0062,0.1998,0.4883,,,,,,,-0.0002,0.0061,0.1936,0.2885,,,,,,,
2068191146,(주)미트리치,0.0042,0.0012,,,,,,,,,,-0.003,,,,,,,,,,
2068195443,한국타지마(주),0.0049,0.4155,0.4249,0.148,0.6168,,,,,,,0.4106,0.0094,-0.2769,0.4688,,,,,,,
2068195477,(주)정성과친절,,,,,,0.0031,0.022,0.0111,0.0034,,0.0017,,,,,,0.0189,-0.0109,-0.0077,,,
2068600387,주식회사제이에스글로벌,0.001,0.0001,0.0001,0.0009,0.0019,0.011,0.004,,,,,-0.0009,0.0,0.0008,0.001,0.0091,-0.007,,,,,
2068600937,(주)가토코,,,,,,,,,0.0013,0.0012,0.001,,,,,,,,,-0.0001,-0.0002,
2068602745,디에스아이티위너스,0.501,,,,,,,,,,,,,,,,,,,,,
2068603860,주식회사엘씨프라임,0.0239,0.0099,,,,,,,,,,-0.014,,,,,,,,,,
2068605024,(주)가림아이앤씨,,,,,,0.0029,0.0709,0.9682,,,,,,,,,0.068,0.8973,,,,
2068607492,주식회사더블유에스미트글로벌,0.0054,0.0047,,,,,,,,,,-0.0007,,,,,,,,,,
2068609466,(주)멘토미트,0.0256,0.0025,,,,,,,,,,-0.0231,,,,,,,,,,
2068609734,주식회사트리플크라운미트,0.0806,0.7867,,,,,,,,,,0.7061,,,,,,,,,,
2068610245,주식회사현대웰슨,,,,,,0.0009,0.0152,0.6966,0.7743,,,,,,,,0.0143,0.6814,0.0777,,,
2068611211,에스앤제이이노베이션주식회사,0.0501,0.0204,0.0123,0.5803,0.9095,0.979,,,,,,-0.0297,-0.0081,0.568,0.3292,0.0695,,,,,,
2068618892,주식회사에티버스이피에이,,,,,,,,,0.0008,0.0004,0.5713,,,,,,,,,-0.0004,0.5709,
2068619848,주식회사다그린,0.0033,0.0062,,,,,,,,,,0.0029,,,,,,,,,,
2068622455,(주)다커머스에프앤씨,0.0056,0.0041,,,,,,,,,,-0.0015,,,,,,,,,,
2068623338,(주)우신오토파트너스,0.4531,0.5624,0.9358,,,,,,,,,0.1093,0.3734,,,,,,,,,
2068625919,(주)엘에스티에너지,0.2162,0.6258,,,,,,,,,,0.4096,,,,,,,,,,
2068626674,주식회사미트카운티,,0.0054,0.0035,0.003,,,,,,0.001,0.4107,,-0.0019,-0.0005,,,,,,,0.4097,
2068633699,(주)미트웰,0.0101,0.0031,0.2518,0.6705,,,,,,,,-0.007,0.2487,0.4187,,,,,,,,
2068635299,(주)베스트씨앤에프,,,,,,,,,0.0014,0.0004,0.6039,,,,,,,,,-0.001,0.6035,
2068636075,(주)벨로크,,,,,,,0.0009,0.0002,0.0001,,,,,,,,,-0.0007,-0.0001,,,
2068637735,(주)제니스엠앤씨,,,,0.0053,0.0503,0.9449,,,,,,,,,0.045,0.8946,,,,,,
2068650285,(주)딜리셔스,,,,,,0.0008,0.0069,0.519,0.4627,0.5529,,,,,,,0.0061,0.5121,-0.0563,0.0902,,
2068654277,콘에어코리아트레이딩주식회사,0.0001,0.0001,0.0001,0.0001,0.0001,0.0006,0.0002,0.0001,0.0001,0.0328,,0.0,0.0,0.0,0.0,0.0005,-0.0004,-0.0001,0.0,0.0327,,
2068654879,(주)미트올,,,,,,,,,0.0016,0.0004,0.0023,,,,,,,,,-0.0012,0.0019,
2068658803,(주)씨아이인터내셔널,0.0013,0.0311,,,,,,,,,,0.0298,,,,,,,,,,
2068661216,(주)스마트푸릇,,,,,,,,,0.0016,0.0025,0.0045,,,,,,,,,0.0009,0.002,
2068662122,주식회사부림,,,,,,,,0.0014,0.0002,0.0003,,,,,,,,,-0.0012,0.0001,,
2068666021,(주)케이티미트,0.0008,0.0057,,,,,,,,,,0.0049,,,,,,,,,,
2068667262,(주)메가엠,0.0004,0.0005,0.0039,0.0005,0.0003,0.3546,0.8252,0.8499,,,,0.0001,0.0034,-0.0034,-0.0002,0.3543,0.4706,0.0247,,,,
2068669993,(주)어반패션,,,,,,,,0.0021,0.059,0.8303,,,,,,,,,0.0569,0.7713,,
2068670942,(주)한쇼핑,,,,,,,0.0006,0.0002,0.3091,,,,,,,,,-0.0004,0.3089,,,
2068688855,(주)피에스미트,,,,,,,,0.0027,0.0001,0.0008,,,,,,,,,-0.0026,0.0007,,
2068693227,주식회사태진트레이드,,,,0.0007,0.0002,0.0006,0.4032,,0.9071,0.9033,,,,,-0.0005,0.0004,0.4026,,,-0.0038,,
2068694788,주식회사선진모터스,0.0028,0.0018,0.601,0.164,0.3781,0.7426,0.9624,,,,,-0.001,0.5992,-0.437,0.2141,0.3645,0.2198,,,,,
2068702121,(주)회승,,,,,,,,,0.0019,0.0003,0.0003,,,,,,,,,-0.0016,0.0,
2068705943,농업회사법인농협양곡주식회사,,0.0044,0.1312,0.2954,0.9268,,,,,,,,0.1268,0.1642,0.6314,,,,,,,
2068801395,주식회사넥스트스테이지,,,,,,0.0042,0.2101,0.9564,0.8443,,,,,,,,0.2059,0.7463,-0.1121,,,
2078129698,(주)마주코통상,0.7482,0.9324,,,,,,,,,,0.1842,,,,,,,,,,
2078141182,에스디엔(주),0.9468,,,,,,,,,,,,,,,,,,,,,
2078141877,경성철강주식회사,0.8081,,,,,,,,,,,,,,,,,,,,,
2078152243,주식회사인터파크송인서적,,,,0.0018,0.11,0.9391,,,,,,,,,0.1082,0.8291,,,,,,
2078154620,(주)훠링,0.0108,0.0213,0.052,0.0077,,,,,,,,0.0105,0.0307,-0.0443,,,,,,,,
2088120953,대경모방,0.0001,0.0003,0.0002,0.2854,0.3616,,,,,,,0.0002,-0.0001,0.2852,0.0762,,,,,,,
2088122567,(주)한중유니온,0.1086,,,,,,,,,,,,,,,,,,,,,
2088126277,(주)북플러스,0.414,0.0884,0.1856,0.8032,0.9002,0.8226,,,,,,-0.3256,0.0972,0.6176,0.097,-0.0776,,,,,,
2088127413,(주)코리아세븐,0.0187,0.0053,0.0024,0.0007,0.0015,0.0044,0.4262,0.3696,0.8283,,,-0.0134,-0.0029,-0.0017,0.0008,0.0029,0.4218,-0.0566,0.4587,,,
2088130602,아람상사주식회사,,,,,,,0.0005,0.0016,0.0543,,,,,,,,,0.0011,0.0527,,,
2098137194,주식회사감성,0.0001,0.0,0.0167,0.2822,0.8386,0.0199,0.0006,0.0509,,,,-0.0001,0.0167,0.2655,0.5564,-0.8187,-0.0193,0.0503,,,,
2098142154,주식회사유니실테크놀러지,0.0265,0.0927,0.0644,0.0631,0.0051,0.102,,,,,,0.0662,-0.0283,-0.0013,-0.058,0.0969,,,,,,
2098154096,주식회사선승연,0.0002,0.0004,0.43,0.0222,0.0043,0.0654,0.0702,0.7192,0.755,0.9071,,0.0002,0.4296,-0.4078,-0.0179,0.0611,0.0048,0.649,0.0358,0.1521,,
2098158087,주식회사세인트벨코리아,0.0005,0.0003,,0.0004,0.2995,0.013,0.093,0.7627,0.8816,,,-0.0002,,,0.2991,-0.2865,0.08,0.6697,0.1189,,,
2098158281,(주)제온트레이딩,,,0.0012,0.1164,0.8384,0.0141,,,,,,,,0.1152,0.722,-0.8243,,,,,,
2098600367,주식회사쿱스토어경기동남부,,,,,,0.0025,0.0012,0.6035,0.7859,0.9507,,,,,,,-0.0013,0.6023,0.1824,0.1648,,
2098600843,주식회사진광스틸,,,,,,,,0.0019,0.0006,0.2518,,,,,,,,,-0.0013,0.2512,,
2098700103,주식회사태린건설,,,,,,0.0023,0.0518,0.1202,0.0464,0.7515,,,,,,,0.0495,0.0684,-0.0738,0.7051,,
2098701553,주식회사월드와이드브랜즈,,,,,,,,,0.0032,0.277,0.9481,,,,,,,,,0.2738,0.6711,
2108101702,국제가스공업(주),0.9278,,,,,,,,,,,,,,,,,,,,,
2108119221,주식회사윤성,0.0007,0.0003,0.0006,0.0004,0.0006,0.0006,0.0163,,,,,-0.0004,0.0003,-0.0002,0.0002,0.0,0.0157,,,,,
2108128230,성산약품주식회사,0.0009,0.0008,0.0013,0.0013,,,,,,,,-0.0001,0.0005,0.0,,,,,,,,
2108152690,주식회사씨엔케이코스메틱,0.8379,0.0034,0.4946,0.7761,0.8091,,,,,,,-0.8345,0.4912,0.2815,0.033,,,,,,,
2108156774,강북씨앤지(주),,,,,,,,,0.0016,0.0066,0.003,,,,,,,,,0.005,-0.0036,
2108160754,주식화사이상메디컬,,,,,,,,0.0015,0.0056,0.0003,,,,,,,,,0.0041,-0.0053,,
2108166030,자안그룹주식회사,0.0005,0.0008,0.0023,0.0018,0.0002,0.0188,0.0064,,,,,0.0003,0.0015,-0.0005,-0.0016,0.0186,-0.0124,,,,,
2108166082,(주)신영로파마,,,,,,,,,0.0005,0.0002,0.0002,,,,,,,,,-0.0003,0.0,
2108166836,(주)에스엔모바일,,,,,,,,,0.001,0.0102,0.7968,,,,,,,,,0.0092,0.7866,
2108175451,주식회사더사칠공,,,,,,,,0.0044,0.1053,0.8246,,,,,,,,,0.1009,0.7193,,
2118107830,주식회사기린건축,,,0.6767,0.9674,,,,,,,,,,0.2907,,,,,,,,
2118123354,영인과학(주),0.0002,0.0002,0.2069,0.0004,0.0328,0.0418,0.3628,0.8864,,,,0.0,0.2067,-0.2065,0.0324,0.009,0.321,0.5236,,,,
2118134526,(주)씨엔드에치,0.1139,0.0858,0.0006,0.0006,0.0006,0.0328,0.0019,,,0.003,0.0002,-0.0281,-0.0852,0.0,0.0,0.0322,-0.0309,,,,-0.0028,
2118136145,대산앤컴퍼니주식회사,0.3144,0.5732,0.0553,0.8281,,,,,,,,0.2588,-0.5179,0.7728,,,,,,,,
2118136257,유로통상주식회사,0.1677,0.1101,0.0417,0.0112,0.0054,0.0145,,,,,,-0.0576,-0.0684,-0.0305,-0.0058,0.0091,,,,,,
2118137014,화광교역(주),0.8989,,,,,,,,,,,,,,,,,,,,,
2118154987,디케이에스에이치코리아주식회사,0.0005,0.0007,0.0006,0.0005,0.0946,0.863,0.7808,,,,,0.0002,-0.0001,-0.0001,0.0941,0.7684,-0.0822,,,,,
2118156078,주식회사소끼아코리아,0.0002,0.0008,0.0003,0.0003,0.0135,0.2379,0.8441,0.928,0.2147,,,0.0006,-0.0005,0.0,0.0132,0.2244,0.6062,0.0839,-0.7133,,,
2118168614,삼전화학주식회사,0.0022,0.0014,0.0022,0.0003,0.0004,0.0011,,,,,,-0.0008,0.0008,-0.0019,0.0001,0.0007,,,,,,
2118175357,(주)천조,0.8162,,,,,,,,,,,,,,,,,,,,,
2118187436,(주)듀오,0.0016,0.6886,0.4842,0.0375,0.0068,0.0007,0.0745,0.0555,,,,0.687,-0.2044,-0.4467,-0.0307,-0.0061,0.0738,-0.019,,,,
2118188906,엠씨엠(주),,,,,,,,,0.0004,0.0003,0.0006,,,,,,,,,-0.0001,0.0003,
2118612172,베링거인겔하임동물약품(주),0.0118,0.6791,0.0083,0.0012,0.0004,,,,,,,0.6673,-0.6708,-0.0071,-0.0008,,,,,,,
2118612361,리앤풍(한국)주식회사,0.0001,0.0001,0.0001,0.0001,0.0003,0.0008,0.0016,0.0002,0.0001,,0.0007,0.0,0.0,0.0,0.0002,0.0005,0.0008,-0.0014,-0.0001,,,
2118623887,나라셀라주식회사,0.0295,0.0091,,,,,,,,,,-0.0204,,,,,,,,,,
2118628335,(주)서중인터내셔날코리아,,,,0.0004,0.0001,0.0116,0.0002,0.0003,0.0497,0.4558,,,,,-0.0003,0.0115,-0.0114,0.0001,0.0494,0.4061,,
2118644373,무림오피스웨이(주),0.0395,0.0115,0.007,0.0073,0.0033,,,,,,,-0.028,-0.0045,0.0003,-0.004,,,,,,,
2118651990,주식회사싸코인터내셔날,0.0008,0.0685,0.404,0.6513,0.7052,0.706,0.9036,,,,,0.0677,0.3355,0.2473,0.0539,0.0008,0.1976,,,,,
2118662240,(주)모노링크,,0.0028,0.0002,0.0003,0.0001,0.0003,,,,,,,-0.0026,0.0001,-0.0002,0.0002,,,,,,
2118663332,주식회사상현상사,0.001,0.0005,0.0005,0.0004,0.0387,0.4313,0.8411,0.9047,,,,-0.0005,0.0,-0.0001,0.0383,0.3926,0.4098,0.0636,,,,
2118668230,주식회사브랜드웍스코리아,,,,,,,,,0.0028,0.1258,0.887,,,,,,,,,0.123,0.7612,
2118679299,(주)보그인터내셔날,0.0002,0.0005,0.0005,0.008,0.0006,0.0256,0.7889,0.2166,0.8104,,,0.0003,0.0,0.0075,-0.0074,0.025,0.7633,-0.5723,0.5938,,,
2118681252,(주)다리인터내셔날,0.7587,0.8527,,,,,,,,,,0.094,,,,,,,,,,
2118690300,주식회사아티잰,0.001,0.022,0.726,0.3234,0.187,0.7826,0.0395,0.7908,0.8063,0.8956,,0.021,0.704,-0.4026,-0.1364,0.5956,-0.7431,0.7513,0.0155,0.0893,,
2118692439,동일시마즈(주),0.0118,0.0052,0.4318,0.0004,0.0002,0.0002,,,,,,-0.0066,0.4266,-0.4314,-0.0002,0.0,,,,,,
2118700620,(주)텐바이텐,0.0102,0.1582,0.0004,0.0999,0.271,0.0022,0.026,0.8894,0.9195,,,0.148,-0.1578,0.0995,0.1711,-0.2688,0.0238,0.8634,0.0301,,,
2118705789,린텍어드벤스테크놀로지코리아(주),0.0001,0.0002,0.0003,0.0001,0.0001,0.0002,,,,,0.0003,0.0001,0.0001,-0.0002,0.0,0.0001,,,,,,
2118708578,프뢰벨교육원주식회사,,,,,0.0011,0.1525,0.6667,0.8637,,,,,,,,0.1514,0.5142,0.197,,,,
2118708637,다린앤컴퍼니(주),0.0016,0.0709,0.0164,0.0012,0.0023,0.0229,0.5568,0.5292,0.7127,,,0.0693,-0.0545,-0.0152,0.0011,0.0206,0.5339,-0.0276,0.1835,,,
2118709048,주식회사엠케이팜,0.7662,0.7962,0.9827,,,,,,,,,0.03,0.1865,,,,,,,,,
2118711506,보테가베네타코리아(주),0.0004,0.0002,0.0002,0.0001,0.0001,0.0002,0.0002,0.0002,,,,-0.0002,0.0,-0.0001,0.0,0.0001,0.0,0.0,,,,
2118715370,엔에이치엔위투주식회사,0.0007,0.3624,0.153,0.0771,0.3025,0.7626,0.9471,,,,,0.3617,-0.2094,-0.0759,0.2254,0.4601,0.1845,,,,,
2118719473,(주)빅투,,0.001,0.0001,0.0,0.0001,,,,,,,,-0.0009,-0.0001,0.0001,,,,,,,
2118731894,주식회사타키언,,,,,0.0009,0.0013,,,0.0011,0.0007,,,,,,0.0004,,,,-0.0004,,
2118740485,(주)미애부,0.167,,,,,,,,,,,,,,,,,,,,,
2118747042,델타일렉트로닉스코리아주식회사,,,,,,,,,0.0004,0.0002,0.0005,,,,,,,,,-0.0002,0.0003,
2118750891,주식회사하네자,,0.0007,0.0002,0.0001,0.2979,0.6317,0.909,,,,,,-0.0005,-0.0001,0.2978,0.3338,0.2773,,,,,
2118753753,(주)브라이언앤데이비드,0.0005,0.0003,0.0006,0.001,0.0006,0.6383,0.7311,0.8861,,,,-0.0002,0.0003,0.0004,-0.0004,0.6377,0.0928,0.155,,,,
2118754427,(주)오성스틸,,,,,,,,0.0022,0.1317,0.021,,,,,,,,,0.1295,-0.1107,,
2118755765,프뢰벨행복나누기(주),0.0011,0.6084,0.9543,0.9232,,,,,,,,0.6073,0.3459,-0.0311,,,,,,,,
2118756013,(주)동양에이치씨,,0.0079,0.1967,0.2463,0.2786,,,,,,,,0.1888,0.0496,0.0323,,,,,,,
2118757588,(주)텐마인즈,,,,,0.0007,0.0006,0.0006,0.0007,0.0015,0.6291,,,,,,-0.0001,0.0,0.0001,0.0008,0.6276,,
2118757889,다비모드(주),,,0.0009,0.0004,0.4009,0.0208,0.3323,0.7374,0.6958,,,,,-0.0005,0.4005,-0.3801,0.3115,0.4051,-0.0416,,,
2118779447,와가무역주식회사,,,,,0.0016,0.0792,0.9302,,,,,,,,,0.0776,0.851,,,,,
2118779490,주식회사맥스퀘어시스템,0.0003,0.0022,,,,,,,,,,0.0019,,,,,,,,,,
2118781870,(주)프로웰리소시스,,,,,,0.002,0.0003,,,,0.3149,,,,,,-0.0017,,,,,
2118785046,(주)넥솔브,0.0006,0.0003,0.0008,0.1684,,,,,,,,-0.0003,0.0005,0.1676,,,,,,,,
2118788999,주식회사케이앤제이플러스인터내쇼널,,,,,,0.0037,0.1462,0.9801,,,,,,,,,0.1425,0.8339,,,,
2118792998,오쏘익스체인지주식회사,0.9696,,,,,,,,,,,,,,,,,,,,,
2118794318,주식회사에스에프씨인터내셔널,0.0007,0.0005,0.3648,0.018,0.0023,0.6624,0.6477,0.9727,,,,-0.0002,0.3643,-0.3468,-0.0157,0.6601,-0.0147,0.325,,,,
2118795277,(주)프로마코스,,,,0.0007,0.0002,0.0323,,,,,,,,,-0.0005,0.0321,,,,,,
2118799462,(주)에스에프이노베이션,0.0009,0.0372,0.001,0.001,0.0003,0.0028,0.447,0.9236,0.8604,,,0.0363,-0.0362,0.0,-0.0007,0.0025,0.4442,0.4766,-0.0632,,,
2118801155,주식회사라페트컴퍼니,,,,0.002,0.0041,0.6701,,0.7535,0.9016,,,,,,0.0021,0.666,,,0.1481,,,
2118806131,(주)엘에프푸드,0.0057,0.884,,,,,,,,,,0.8783,,,,,,,,,,
2118813762,주식회사코지드,0.9426,,,,,,,,,,,,,,,,,,,,,
2118814776,인덜지(주),,,0.0022,0.1259,0.9418,,,,,,,,,0.1237,0.8159,,,,,,,
2118816357,엠제이에이와인(주),,0.0108,0.0005,0.2831,,,,,,,,,-0.0103,0.2826,,,,,,,,
2118822766,주)세토리,,,0.0011,0.0022,0.1553,0.8006,,,,,,,,0.0011,0.1531,0.6453,,,,,,
2118822941,(주)세연아이엠,0.9195,0.9415,,,,,,,,,,0.022,,,,,,,,,,
2118824070,주식회사피씨아이앤에스,,,,,0.0009,0.0009,0.0007,0.3586,0.0129,0.0042,,,,,,0.0,-0.0002,0.3579,-0.3457,-0.0087,,
2118826307,(주)비엔에프피에스씨,0.8828,,,,,,,,,,,,,,,,,,,,,
2118830121,에스케이월드,0.5542,,,,,,,,,,,,,,,,,,,,,
2118830489,(주)새서울글로벌,0.0031,0.1633,0.2586,0.8086,,,,,,,,0.1602,0.0953,0.55,,,,,,,,
2118831678,(주)한국금거래소,,,,,,,0.0003,0.0003,0.0061,,,,,,,,,0.0,0.0058,,,
2118833870,주식회사유토인터내셔날,0.0051,0.4962,,,,,,,,,,0.4911,,,,,,,,,,
2118837589,(주)명화네트,0.0003,0.0003,0.0016,0.0018,0.6611,0.6352,0.0012,0.0005,0.0001,0.1752,,0.0,0.0013,0.0002,0.6593,-0.0259,-0.634,-0.0007,-0.0004,0.1751,,
2118838138,(주)장나라미트,0.0056,0.6586,0.113,0.0666,0.0184,0.0151,0.1449,,,,,0.653,-0.5456,-0.0464,-0.0482,-0.0033,0.1298,,,,,
2118838900,피에쓰지주식회사,,,0.0002,0.002,,,,,,,,,,0.0018,,,,,,,,
2118847165,주식회사다도글로벌,0.0022,0.5819,0.8709,0.9119,,,,,,,,0.5797,0.289,0.041,,,,,,,,
2118847525,(주)미미박스,,,0.0024,0.1695,0.9777,,,,,,,,,0.1671,0.8082,,,,,,,
2118850603,리안갤러리주식회사,,,,,,,,0.0024,0.0003,0.0004,,,,,,,,,-0.0021,0.0001,,
2118850923,주식회사케이에이치컴퍼니,0.0097,0.8392,0.9,,,,,,,,,0.8295,0.0608,,,,,,,,,
2118853691,주식회사바이오숲,0.0039,0.1553,0.9472,,,,,,,,,0.1514,0.7919,,,,,,,,,
2118853973,커피스미스에프씨(주),,,0.0012,0.0016,0.0038,0.2382,0.6919,0.965,,,,,,0.0004,0.0022,0.2344,0.4537,0.2731,,,,
2118858570,주식회사썬무역상사,,,0.0003,0.0001,0.0002,,,,,,,,,-0.0002,0.0001,,,,,,,
2118863919,에스이코스탑주식회사,0.9756,,,,,,,,,,,,,,,,,,,,,
2118865412,(주)휴먼스틸,,,,,0.002,0.0747,0.5132,,,,,,,,,0.0727,0.4385,,,,,
2118867647,주식회사디홀릭커머스,,,,,,0.0023,0.0006,0.6082,0.7644,0.8723,,,,,,,-0.0017,0.6076,0.1562,0.1079,,
2118867778,(주)참존산업기술,,,,,,,,,0.002,0.0632,0.0176,,,,,,,,,0.0612,-0.0456,
2118869330,제일패션리테일주식회사,0.8745,0.9637,,,,,,,,,,0.0892,,,,,,,,,,
2118870822,갤럭시아코퍼레이션(주),,,0.0008,0.1138,0.8791,0.9423,,,,,,,,0.113,0.7653,0.0632,,,,,,
2118871006,(주)유니페어,,,,,,,,,0.0007,0.0011,0.0613,,,,,,,,,0.0004,0.0602,
2118871383,주식회사이데아코즈,,,,,,0.0001,0.0002,0.0001,0.0,0.0028,,,,,,,0.0001,-0.0001,-0.0001,0.0028,,
2118881881,우리들에이치엠주식회사,0.0002,0.0003,0.0002,0.0,0.0003,0.0034,,,,,,0.0001,-0.0001,-0.0002,0.0003,0.0031,,,,,,
2118883220,발렌시아가코리아,0.1472,0.9623,,,,,,,,,,0.8151,,,,,,,,,,
2118887468,입생로랑코리아주식회사,0.1205,0.012,0.0059,0.0005,0.0001,0.0001,0.0,0.0002,,,,-0.1085,-0.0061,-0.0054,-0.0004,0.0,-0.0001,0.0002,,,,
2118887473,케어링와치앤주얼리코리아주식회사,,,,,0.0011,0.0005,0.0004,0.0004,,,,,,,,-0.0006,-0.0001,0.0,,,,
2118892170,주식회사사람과생활,,0.0015,0.0186,,0.0155,0.0011,0.5463,,,,,,0.0171,,,-0.0144,0.5452,,,,,
2118898174,주식회사지앤건강생활,,,,,,,0.0016,0.1664,0.9685,,,,,,,,,0.1648,0.8021,,,
2128104137,(주)경기에너지,,,0.0021,0.0041,,,,,0.129,0.0975,,,,0.002,,,,,,-0.0315,,
2128118117,두리주류판매주식회사,0.0032,0.0115,,,,,0.485,0.9181,0.1494,,,0.0083,,,,,,0.4331,-0.7687,,,
2128125807,탑스리빙월드(주),0.9597,,,,,,,,,,,,,,,,,,,,,
2128128105,(주)페코,0.6691,0.939,,,,,,,,,,0.2699,,,,,,,,,,
2128129685,(주)화인멀티기획,0.1847,,,,,,,,,,,,,,,,,,,,,
2128132555,(주)이이씨엘리트,0.3601,0.4377,0.4014,0.733,0.8111,0.9177,,,,,,0.0776,-0.0363,0.3316,0.0781,0.1066,,,,,,
2128137512,베스트프랜드주식회사,,0.0009,0.035,0.6814,0.9279,0.9616,,,,,,,0.0341,0.6464,0.2465,0.0337,,,,,,
2128138767,주식회사스타메딕스,0.0033,0.0712,0.9747,,,,,,,,,0.0679,0.9035,,,,,,,,,
2128157008,주식회사큐어바이오,,,,0.0022,0.0838,0.9427,0.8276,,,,,,,,0.0816,0.8589,-0.1151,,,,,
2128163209,리플래시기술주식회사,0.2123,0.0001,0.0004,0.3923,0.5625,0.6294,,,,,,-0.2122,0.0003,0.3919,0.1702,0.0669,,,,,,
2128164135,(주)도서출판한국헤르만헤세,0.0008,0.0007,0.0013,0.0056,0.0028,0.0091,0.0142,0.8449,0.1665,0.9094,,-0.0001,0.0006,0.0043,-0.0028,0.0063,0.0051,0.8307,-0.6784,0.7429,,
2128168446,주식회사경동디엠씨,0.9608,,,,,,,,,,,,,,,,,,,,,
2128168790,구일종합식품(주),,,,,,,,,0.001,0.0127,0.4558,,,,,,,,,0.0117,0.4431,
2128171427,주식회사동인커머스,,0.0122,0.0025,0.0026,,,,,,,,,-0.0097,0.0001,,,,,,,,
2128172237,(주)삼양오일,,,,,,,,,0.0003,0.0001,0.0013,,,,,,,,,-0.0002,0.0012,
2128177284,더스마일주식회사,,,0.0004,0.0002,0.0784,0.396,0.5109,,,,,,,-0.0002,0.0782,0.3176,0.1149,,,,,
2128177339,(주)준코,0.5343,0.4703,0.8186,,,,,,,,,-0.064,0.3483,,,,,,,,,
2128186027,(주)현대에이치앤에스,0.0001,0.0001,0.0003,,,,,,,,,0.0,0.0002,,,,,,,,,
2128187249,주식회사이루에프씨,,,,,,,,0.0023,0.1157,0.6288,,,,,,,,,0.1134,0.5131,,
2128194342,이안옵틱주식회사,,0.0005,0.0001,0.0,0.0001,,,,,,,,-0.0004,-0.0001,0.0001,,,,,,,
2128602610,(주)아웃도어파크,0.9628,,,,,,,,,,,,,,,,,,,,,
2128800178,대성큐(주),,0.0046,0.1903,0.8491,,,,,,,,,0.1857,0.6588,,,,,,,,
2138112168,(주)삼화기연,0.0262,0.1545,0.5626,0.5802,0.915,,,,,,,0.1283,0.4081,0.0176,0.3348,,,,,,,
2138142717,주식회사삼경프라자,,,,,,,0.0012,0.0004,,,0.0002,,,,,,,-0.0008,,,,
2138156002,(주)대일사이언스,,,,,,,,,0.0011,0.0011,0.3019,,,,,,,,,0.0,0.3008,
2138172773,(주)엠슨,0.001,0.4455,0.3971,0.9447,,,,,,,,0.4445,-0.0484,0.5476,,,,,,,,
2138197435,(주)넵스,0.0401,0.0037,0.0197,0.0004,0.0003,0.0229,0.6081,0.8524,0.6992,,,-0.0364,0.016,-0.0193,-0.0001,0.0226,0.5852,0.2443,-0.1532,,,
2138634094,(주)제이에프엠테크,,,,,,,,,0.0051,0.1752,0.9755,,,,,,,,,0.1701,0.8003,
2138635448,(주)메이슨인터네쇼날,0.2959,0.6377,,,,,,,,,,0.3418,,,,,,,,,,
2148107412,아디다스코리아(주),0.0001,0.0001,0.0001,,,,,,,,,0.0,0.0,,,,,,,,,
2148110033,주식회사한국톱콘,0.0005,,,,,,,,,,,,,,,,,,,,,
2148116323,(주)세이브존리베라,0.8153,,,,,,,,,,,,,,,,,,,,,
2148119072,한국초저온용기(주),,0.0084,0.003,,,,,0.0048,0.001,0.0027,,,-0.0054,,,,,,-0.0038,0.0017,,
2148132681,주식회사디케이씨에스,0.2638,0.0346,0.0079,0.0026,0.0023,0.0032,0.0014,,,,,-0.2292,-0.0267,-0.0053,-0.0003,0.0009,-0.0018,,,,,
2148158793,(주)오엠씨해외통상,,,,0.0002,0.0001,0.0007,,,,,,,,,-0.0001,0.0006,,,,,,
2148161231,주식회사유엔터스,,,,,,0.0004,0.0002,0.5562,0.0025,,,,,,,,-0.0002,0.556,-0.5537,,,
2148162190,(주)선국교역,0.2001,0.1532,0.0102,,,,,,,,,-0.0469,-0.143,,,,,,,,,
2148164053,(주)석진컴텍,0.0024,,,,,,,,,,,,,,,,,,,,,
2148165315,두루무역(주),0.0,0.0172,0.0137,0.0005,0.3504,0.1975,0.8751,,,,,0.0172,-0.0035,-0.0132,0.3499,-0.1529,0.6776,,,,,
2148179589,(주)대양에프엠에스,0.5863,0.535,0.8052,,,,,,,,,-0.0513,0.2702,,,,,,,,,
2148183098,(주)디알테크아이앤씨,,,,,,,,,0.0008,0.0076,0.0245,,,,,,,,,0.0068,0.0169,
2148193179,(주)대산에프앤비,0.0106,0.489,0.6876,0.9168,,,,,,,,0.4784,0.1986,0.2292,,,,,,,,
2148194289,(주)일신석재,0.8622,0.8743,0.9593,,,,,,,,,0.0121,0.085,,,,,,,,,
2148195987,(주)창성정보기술,,,,,0.0021,0.0019,0.0021,0.012,,,,,,,,-0.0002,0.0002,0.0099,,,,
2148197724,(주)파코인터내셔날,0.0646,0.1775,0.5998,0.8372,,,,,,,,0.1129,0.4223,0.2374,,,,,,,,
2148611060,(주)나라에이스홀딩스,0.0095,0.0029,0.0042,0.3807,0.0059,0.1336,,,,,,-0.0066,0.0013,0.3765,-0.3748,0.1277,,,,,,
2148611755,(주)이스트프로,0.8376,,,,,,,,,,,,,,,,,,,,,
2148621549,투아이시스(주),0.8477,0.9232,,,,,,,,,,0.0755,,,,,,,,,,
2148624056,(주)웅진코퍼레이션,,,,0.0054,0.2684,0.9782,,,,,,,,,0.263,0.7098,,,,,,
2148634869,(주)토탈석재산업,0.8427,0.0565,0.5732,,,0.7866,0.8999,,,,,-0.7862,0.5167,,,,0.1133,,,,,
2148643301,(주)아마텍,0.1468,,,,,,,,,,,,,,,,,,,,,
2148645686,다이아텍코리아(주),0.6122,0.8297,,,,,,,,,,0.2175,,,,,,,,,,
2148646026,베스컴글로벌(주),,,,,,,,,0.0003,0.0,0.0003,,,,,,,,,-0.0003,0.0003,
2148646652,(주)웰컴엠에스,0.0012,0.0003,0.0002,0.0,0.0018,0.0764,0.1384,,,,,-0.0009,-0.0001,-0.0002,0.0018,0.0746,0.062,,,,,
2148656048,(주)대도티앤에스,0.4379,0.6519,,,,,,,,,,0.214,,,,,,,,,,
2148656688,팜스넷주식회사,0.94,0.9513,,,,,,,,,,0.0113,,,,,,,,,,
2148659797,(주)소리자비,0.9422,,,,,,,,,,,,,,,,,,,,,
2148660260,대연화학(주),,,,,,,,,0.0005,0.0007,0.0002,,,,,,,,,0.0002,-0.0005,
2148666250,(주)아벤트코리아,0.572,0.0036,0.4417,0.8462,0.0597,0.2338,0.0043,,,,,-0.5684,0.4381,0.4045,-0.7865,0.1741,-0.2295,,,,,
2148670225,(주)이앤알로지스틱,0.0592,0.3165,0.0443,0.8158,,,,,,,,0.2573,-0.2722,0.7715,,,,,,,,
2148671049,주식회사제모피아인베스트,0.0083,0.8455,0.8996,0.938,,,,,,,,0.8372,0.0541,0.0384,,,,,,,,
2148673071,주식회사팩토리얼홀딩스,,,,,,0.0038,0.1525,0.9568,,,,,,,,,0.1487,0.8043,,,,
2148678080,(주)브라이트유니온,0.516,0.7544,0.0247,0.0098,0.0384,0.0412,0.694,,,,,0.2384,-0.7297,-0.0149,0.0286,0.0028,0.6528,,,,,
2148693780,케이씨씨네트웍스주식회사,0.3937,0.2091,0.8985,0.0154,0.002,0.0146,0.0008,,,,,-0.1846,0.6894,-0.8831,-0.0134,0.0126,-0.0138,,,,,
2148701477,(주)인포큐브,,,,,,,,,0.0012,0.021,0.7697,,,,,,,,,0.0198,0.7487,
2148704377,리치푸드(주),0.0001,0.0002,0.0006,0.0002,0.0183,0.0487,0.0127,,,,,0.0001,0.0004,-0.0004,0.0181,0.0304,-0.036,,,,,
2148705487,씨티코리아주식회사,0.0008,0.0007,0.0014,0.0009,0.0011,0.0024,0.1524,0.62,0.5229,,,-0.0001,0.0007,-0.0005,0.0002,0.0013,0.15,0.4676,-0.0971,,,
2148705658,(주)제이엠월드,,,,0.0007,0.019,0.8043,,,,,,,,,0.0183,0.7853,,,,,,
2148710127,워너비엠주식회사,,,,,0.0006,0.0016,0.0015,0.0014,0.6264,,,,,,,0.001,-0.0001,-0.0001,0.625,,,
2148716534,베이커휴즈코리아주식회사,0.0003,0.0002,0.0005,0.0002,0.0003,0.0009,0.0175,0.1444,0.0875,0.1005,,-0.0001,0.0003,-0.0003,0.0001,0.0006,0.0166,0.1269,-0.0569,0.013,,
2148720945,리젠시아시아(주),,,,0.0004,0.0001,0.001,0.2291,,,,,,,,-0.0003,0.0009,0.2281,,,,,
2148728229,윈윈수산식품주식회사,,,,,,,,,0.0008,0.1248,0.9041,,,,,,,,,0.124,0.7793,
2148732586,주식회사세한아프릭,0.0001,0.0002,0.0007,0.0001,0.0002,0.0511,,,,,,0.0001,0.0005,-0.0006,0.0001,0.0509,,,,,,
2148740072,주식회사에스에스오토,0.0019,0.001,0.0623,0.0487,0.0249,0.0487,0.5828,0.766,0.7757,,,-0.0009,0.0613,-0.0136,-0.0238,0.0238,0.5341,0.1832,0.0097,,,
2148753413,(주)아이아이씨컴퍼니,0.0037,0.2184,0.808,0.9692,,,,,,,,0.2147,0.5896,0.1612,,,,,,,,
2148756986,(주)더씨에이치디,,,,,,,,,0.0008,0.0003,0.0003,,,,,,,,,-0.0005,0.0,
2148762566,(주)세코글로벌,,,0.0008,0.0112,0.1713,,,,,,,,,0.0104,0.1601,,,,,,,
2148765826,(주)보스트,0.1322,0.0047,0.6176,,,,,,,,,-0.1275,0.6129,,,,,,,,,
2148771968,(주)창도엔터프라이즈,0.0039,0.3238,0.0809,0.0012,0.3696,0.6476,,,0.0261,0.0026,0.0419,0.3199,-0.2429,-0.0797,0.3684,0.278,,,,-0.0235,0.0393,
2148780297,(주)씽크빅페인트볼,0.0028,0.1304,0.0615,0.4378,0.7707,0.0343,0.7169,0.8617,0.9041,,,0.1276,-0.0689,0.3763,0.3329,-0.7364,0.6826,0.1448,0.0424,,,
2148782091,(주)브랜디포,,,,0.0001,0.0,0.0001,,,,,,,,,-0.0001,0.0001,,,,,,
2148782427,(주)밸런스인더스트리,,,0.0016,0.0007,0.0021,0.0007,0.4037,,,,,,,-0.0009,0.0014,-0.0014,0.403,,,,,
2148783765,주식회사우제,0.0054,0.134,0.8952,0.9567,,,,,,,,0.1286,0.7612,0.0615,,,,,,,,
2148786587,주식회사윈컴솔루션스,,,,,,0.0005,0.0006,0.0028,,,,,,,,,0.0001,0.0022,,,,
2148787626,동한철강(주),0.0008,0.005,0.0127,0.0005,0.0013,0.047,0.0071,0.0015,0.2505,,,0.0042,0.0077,-0.0122,0.0008,0.0457,-0.0399,-0.0056,0.249,,,
2148787816,(주)한빛드론,,,,,,,,,0.0007,0.0214,0.628,,,,,,,,,0.0207,0.6066,
2148788116,(주)티와이머티리얼,0.5769,,,,,,,,,,,,,,,,,,,,,
2148795674,(주)시앤엠인터내쇼날,,,,,0.0003,0.0002,,,0.0001,0.0001,,,,,,-0.0001,,,,0.0,,
2148798889,(주)인터파크,0.0007,,,,,,,,,,,,,,,,,,,,,
2148799608,(주)에이풀,,0.0015,0.0003,0.3666,0.8005,0.9388,,,,,,,-0.0012,0.3663,0.4339,0.1383,,,,,,
2148800780,인수약품주식회사,0.1039,0.4946,0.7913,,,,,,,,,0.3907,0.2967,,,,,,,,,
2148800795,아주네트웍스주식회사,0.0023,0.001,0.0053,0.0045,0.0205,0.5044,0.6096,0.9818,,,,-0.0013,0.0043,-0.0008,0.016,0.4839,0.1052,0.3722,,,,
2148801488,일동생활건강(주),0.0053,0.1465,0.9479,,,,,,,,,0.1412,0.8014,,,,,,,,,
2148802153,(주)에스앤씨네트웍스,,,0.0037,0.0637,0.9485,,,,,,,,,0.06,0.8848,,,,,,,
2148811462,(주)서울약업,0.0097,0.0402,0.7296,0.6769,0.4406,0.088,0.4363,0.8987,0.3306,,,0.0305,0.6894,-0.0527,-0.2363,-0.3526,0.3483,0.4624,-0.5681,,,
2148835988,주식회사실버텍스호지어리인터내셔날,0.0001,0.0001,0.0001,0.0003,0.0001,0.0196,0.1598,0.0393,0.0524,,,0.0,0.0,0.0002,-0.0002,0.0195,0.1402,-0.1205,0.0131,,,
2148837574,(주)호원스틸,,,,,0.0023,0.1303,0.9729,,,,,,,,,0.128,0.8426,,,,,
2148839043,주식회사비지에프휴먼넷,,,0.0021,0.0194,0.4414,0.7779,0.91,,,,,,,0.0173,0.422,0.3365,0.1321,,,,,
2148839868,(주)에이시스,0.0003,,,,,,,,,,0.037,,,,,,,,,,,
2148843722,주식회사나린인터내셔날,0.0003,0.0009,0.0002,,,,,,,,,0.0006,-0.0007,,,,,,,,,
2148844925,(주)메디비젼,0.0007,0.616,0.0101,,,,,,,,,0.6153,-0.6059,,,,,,,,,
2148849838,주식회사티에스디,0.4843,0.0023,0.4986,0.3653,0.0106,0.0591,0.276,0.9361,,,,-0.482,0.4963,-0.1333,-0.3547,0.0485,0.2169,0.6601,,,,
2148853050,(주)케이엔제이코리아,0.0013,0.0001,0.0002,0.1545,0.3917,0.2419,,,,,,-0.0012,0.0001,0.1543,0.2372,-0.1498,,,,,,
2148853287,주식회사이스턴밸리,,,,,,,,0.0021,0.0001,0.0001,,,,,,,,,-0.002,0.0,,
2148862239,지엘비에이치코리아(주),0.1056,0.9619,,,,,,,,,,0.8563,,,,,,,,,,
2148863413,모토로라솔루션코리아주식회사,0.0005,0.0003,0.0003,,0.0004,0.0004,0.0002,,0.0001,0.0001,,-0.0002,0.0,,,0.0,-0.0002,,,0.0,,
2148872950,맥테크코리아(주),,,,0.0009,0.0765,0.8423,0.9478,,,,,,,,0.0756,0.7658,0.1055,,,,,
2148877799,주식회사선우바이오텍,,,,,,,0.0005,0.0001,0.0021,,,,,,,,,-0.0004,0.002,,,
2148880576,(주)비즈마켓,0.0003,0.0004,0.0444,0.0015,0.001,0.0129,0.4458,0.4391,0.562,,,0.0001,0.044,-0.0429,-0.0005,0.0119,0.4329,-0.0067,0.1229,,,
2148882725,주식회사C&K모터스,,,0.0028,0.0535,0.6598,0.9826,,,,,,,,0.0507,0.6063,0.3228,,,,,,
2148887735,주식회사피피비스튜디오스,,,0.0022,0.0661,0.9378,,,,,,,,,0.0639,0.8717,,,,,,,
2158103495,서울건해산물(주),0.0192,0.2593,0.0549,0.0044,0.0026,0.0066,,,,,,0.2401,-0.2044,-0.0505,-0.0018,0.004,,,,,,
2158114162,(주)웨어펀인터내셔날,0.8834,,,,,,,,,,,,,,,,,,,,,
2158120285,(주)동화휘셔리컴패니,0.6673,0.0735,0.8285,0.6934,,,,,,,,-0.5938,0.755,-0.1351,,,,,,,,
2158126294,대은주류(주),0.0034,0.0104,0.0807,0.2225,0.5866,,,,,,,0.007,0.0703,0.1418,0.3641,,,,,,,
2158126620,주식회사아또인터내셔날,0.8084,,,,,,,,,,,,,,,,,,,,,
2158133631,라이거통상주식회사,0.0017,0.0896,0.4811,,,,,,,,,0.0879,0.3915,,,,,,,,,
2158146252,(주)라인상사,,,,,,0.0026,0.0405,0.8497,,,,,,,,,0.0379,0.8092,,,,
2158148755,주식회사세원아이티씨,0.001,0.0007,0.0013,0.0011,0.2498,0.347,,,,,,-0.0003,0.0006,-0.0002,0.2487,0.0972,,,,,,
2158151959,주식회사아이피시통상,0.9639,,,,,,,,,,,,,,,,,,,,,
2158169411,코아종합무역주식회사,0.005,0.003,,,0.0034,0.0052,,,,,,-0.002,,,,0.0018,,,,,,
2158171348,효성푸드주식회사,0.0536,0.5205,,,,,,,,,,0.4669,,,,,,,,,,
2158176305,(주)디엔제이머첸다이즈,0.0001,0.0001,0.0002,0.0175,0.0875,0.3525,,,,,,0.0,0.0001,0.0173,0.07,0.265,,,,,,
2158178263,에스지스틸(주),0.1095,,,,,,,,,,,,,,,,,,,,,
2158178415,(주)동인바이오텍,,,,,,,0.0007,0.0003,0.0001,0.0001,,,,,,,,-0.0004,-0.0002,0.0,,
2158189718,주식회사스포컴,,0.0006,0.7691,0.0023,0.0024,0.8313,0.8905,0.9427,,,,,0.7685,-0.7668,0.0001,0.8289,0.0592,0.0522,,,,
2158191010,(주)홈캐스트,0.0043,0.0003,0.0007,0.2095,0.6034,0.9608,,,,,,-0.004,0.0004,0.2088,0.3939,0.3574,,,,,,
2158192853,(주)대양씨앤씨,0.5186,0.0304,0.4957,0.7464,0.7615,0.172,0.871,,,,,-0.4882,0.4653,0.2507,0.0151,-0.5895,0.699,,,,,
2158195525,(주)티와이인베스트먼트,0.7414,0.9645,,,,,,,,,,0.2231,,,,,,,,,,
2158199142,한미헬스케어(주),0.0014,0.2408,0.2211,0.325,0.799,0.2474,0.0058,0.2971,,,,0.2394,-0.0197,0.1039,0.474,-0.5516,-0.2416,0.2913,,,,
2158602109,(주)명세아이앤씨,0.0001,0.0003,,,,,,,0.0,0.0001,0.0039,0.0002,,,,,,,,0.0001,0.0038,
2158605936,케이씨알테크(주),0.8002,0.0066,0.0029,0.0025,0.0065,0.2953,0.1014,0.8409,,,,-0.7936,-0.0037,-0.0004,0.004,0.2888,-0.1939,0.7395,,,,
2158618654,주식회사세원메디,,,0.0015,0.0001,0.0003,0.0009,0.0003,,,,0.0453,,,-0.0014,0.0002,0.0006,-0.0006,,,,,
2158623837,(주)비케이바이오,,0.0062,0.0674,0.8361,,,,,,,,,0.0612,0.7687,,,,,,,,
2158629618,주식회사앞썬아이앤씨,,,,,0.0004,0.0008,0.0002,0.0002,0.0001,,,,,,,0.0004,-0.0006,0.0,-0.0001,,,
2158629700,(주)스티븐스,0.004,0.7638,0.9475,,,,,,,,,0.7598,0.1837,,,,,,,,,
2158639270,(주)트리플크라운,0.0017,0.0005,0.4975,0.8442,0.9658,,,,,,,-0.0012,0.497,0.3467,0.1216,,,,,,,
2158656153,(주)푸드누리,,,,0.0015,0.0005,0.0017,0.003,0.7331,0.92,,,,,,-0.001,0.0012,0.0013,0.7301,0.1869,,,
2158658466,(주)신성아이넷,0.0005,0.0008,0.0014,0.6003,0.0258,0.0014,0.001,0.3041,0.5232,,,0.0003,0.0006,0.5989,-0.5745,-0.0244,-0.0004,0.3031,0.2191,,,
2158659510,(주)유니드트레이딩,0.0003,0.0001,0.0014,,,,,,,,,-0.0002,0.0013,,,,,,,,,
2158659897,(주)참존모터스,0.7276,0.9564,,,,,,,,,,0.2288,,,,,,,,,,
2158666078,프랜드팜주식회사,0.1041,0.0022,0.0012,0.012,0.0012,0.0067,0.0068,0.5571,0.8162,,,-0.1019,-0.001,0.0108,-0.0108,0.0055,0.0001,0.5503,0.2591,,,
2158666670,(주)알레스,,,,,,,,,0.0005,0.0823,0.7525,,,,,,,,,0.0818,0.6702,
2158670378,주식회사미성유화,0.0007,0.0019,0.0038,0.0767,,,,,,,,0.0012,0.0019,0.0729,,,,,,,,
2158676130,(주)휴시드,,,,,,,,,0.0007,0.0065,0.0007,,,,,,,,,0.0058,-0.0058,
2158687597,(주)농협목우촌,0.4865,0.0267,0.1181,0.642,0.6685,0.9289,,,,,,-0.4598,0.0914,0.5239,0.0265,0.2604,,,,,,
2158700485,주식회사엠디레몬트리,0.0009,0.0013,0.0652,0.799,0.0333,,,,,,,0.0004,0.0639,0.7338,-0.7657,,,,,,,
2158706529,(주)커핀그루나루,0.8875,0.9858,,,,,,,,,,0.0983,,,,,,,,,,
2158711681,(주)엠엔제이스포츠,,,,,0.0007,0.0553,0.6389,,,,,,,,,0.0546,0.5836,,,,,
2158715969,주식회사모임,,,,0.0014,0.1556,0.9623,,,,,,,,,0.1542,0.8067,,,,,,
2158724643,주식회사풀잎채,,,0.0006,0.094,0.6387,0.9639,,,,,,,,0.0934,0.5447,0.3252,,,,,,
2158728746,주식회사마더스바이오메드,,,,,,0.0007,0.0004,0.0379,,,,,,,,,-0.0003,0.0375,,,,
2158730295,티에스아이주식회사,,0.3797,0.1073,,,,,,,,,,-0.2724,,,,,,,,,
2158732221,(주)엘제이농산,,,,,,,,,0.0008,0.1143,0.0025,,,,,,,,,0.1135,-0.1118,
2158740890,주식회사듀이트리,,,,,0.0009,0.1372,0.366,0.4586,,,,,,,,0.1363,0.2288,0.0926,,,,
2158745065,주식회사씨티씨그린,0.077,0.0039,,0.0005,0.1961,0.6359,0.9394,,,,,-0.0731,,,0.1956,0.4398,0.3035,,,,,
2158748820,주식회사아이디에스글로벌,,,,,0.0015,0.0045,0.005,0.0027,,,,,,,,0.003,0.0005,-0.0023,,,,
2158753755,이스트하모니(주),0.528,0.1556,0.1151,0.105,0.0676,,,,,,,-0.3724,-0.0405,-0.0101,-0.0374,,,,,,,
2158760805,주식회사텐센,0.0201,0.0076,0.0581,,,,,,,,,-0.0125,0.0505,,,,,,,,,
2158771165,(주)코리아지티,,,,,,,,,0.0005,0.0001,0.0002,,,,,,,,,-0.0004,0.0001,
2158772387,(주)네추럴피드,0.7438,,,,,,,,,,,,,,,,,,,,,
2158784447,산호상사주식회사,,,,,,,,,0.0009,0.004,0.0022,,,,,,,,,0.0031,-0.0018,
2158785261,(주)코리아런드리,,,,,,0.0008,0.0005,0.678,0.7956,,,,,,,,-0.0003,0.6775,0.1176,,,
2158792011,주식회사제너시스비비큐글로벌,0.0047,,,,,,,,0.1364,0.8228,,,,,,,,,,0.6864,,
2168116858,삼경리테일(주),,,,,,0.0008,0.01,,,0.0001,0.0,,,,,,0.0092,,,,-0.0001,
2168118986,주식회사세라젬씨앤에스,,,,,,,,,0.0007,0.0002,0.0003,,,,,,,,,-0.0005,0.0001,
2168148909,(주)에스와이바이오,,,,,,,,,0.0005,0.0006,0.0002,,,,,,,,,0.0001,-0.0004,
2168702434,엠큐리테일주식회사,,,,,,,,,0.0021,0.0002,0.0004,,,,,,,,,-0.0019,0.0002,
2178124157,다인에프씨주식회사,,,,,,,,0.0021,0.0602,0.9464,,,,,,,,,0.0581,0.8862,,
2178146428,주식회사선광메딕스,,,,,,,,,0.0003,0.0001,0.0001,,,,,,,,,-0.0002,0.0,
2178147941,주식회사미누스토리,,,,0.0033,0.1334,0.9737,,,,,,,,,0.1301,0.8403,,,,,,
2178600349,주식회사앰비언트,,,,,,,,,0.0014,0.0025,0.4513,,,,,,,,,0.0011,0.4488,
2188100255,스미스앤드네퓨,0.1051,0.1401,0.1671,0.7996,,,,,,,,0.035,0.027,0.6325,,,,,,,,
2188101287,(주)일심,0.3264,0.273,0.0905,0.0199,0.0296,0.0525,,,,,,-0.0534,-0.1825,-0.0706,0.0097,0.0229,,,,,,
2188106434,한미기술산업(주),0.8209,,,,,,,,,,,,,,,,,,,,,
2188107428,(주)장안에너지,0.0035,0.0029,0.0078,0.001,0.0026,0.0048,0.0006,,,,,-0.0006,0.0049,-0.0068,0.0016,0.0022,-0.0042,,,,,
2188108709,삼부개발주식회사,0.714,,,,,,,,,,,,,,,,,,,,,
2188117417,(주)신도에이스,0.0001,,0.0002,0.0001,0.0001,0.097,0.0775,,,,,,,-0.0001,0.0,0.0969,-0.0195,,,,,
2198100317,(주)한화갤러리아,0.107,0.4684,0.8257,0.735,0.4606,0.2298,0.5956,,,,,0.3614,0.3573,-0.0907,-0.2744,-0.2308,0.3658,,,,,
2198100582,(주)길무역,0.5665,0.0339,0.6113,0.225,0.1451,0.3086,0.947,,,,,-0.5326,0.5774,-0.3863,-0.0799,0.1635,0.6384,,,,,
2198101674,향우실업주식회사,0.0001,,,,,,,,,,,,,,,,,,,,,
2198101859,홍익에너지주식회사,0.0034,0.0003,0.0002,0.0001,0.0019,0.0004,0.0002,,,,,-0.0031,-0.0001,-0.0001,0.0018,-0.0015,-0.0002,,,,,
2198103202,(주)던롭타이어코리아,,,,,,,,,0.0005,0.0024,0.0045,,,,,,,,,0.0019,0.0021,
2198104517,한국갬브로(주),0.0026,,,,,,,,,,,,,,,,,,,,,
2198109434,(주)케이디알,0.0001,,,,,,,,,,,,,,,,,,,,,
2198117332,(주)TS푸드앤시스템,0.7464,0.7501,0.9408,,,,,,,,,0.0037,0.1907,,,,,,,,,
2198117730,(주)케이지네트웍스,0.0724,0.0003,,,,,,,,,,-0.0721,,,,,,,,,,
2198121253,주식회사쎄븐정보기술,0.0074,0.0026,0.0023,0.0042,0.0635,0.002,,,,,,-0.0048,-0.0003,0.0019,0.0593,-0.0615,,,,,,
2198124721,주식회사한국토이즈,0.0007,0.0012,0.0015,0.0008,0.001,0.0026,0.0012,0.5527,0.0034,0.73,,0.0005,0.0003,-0.0007,0.0002,0.0016,-0.0014,0.5515,-0.5493,0.7266,,
2198127000,(주)오션스퀘어,0.0007,0.0044,0.0014,0.0029,0.0042,0.2163,0.5372,0.895,0.7041,,,0.0037,-0.003,0.0015,0.0013,0.2121,0.3209,0.3578,-0.1909,,,
2208101335,신승상사(주),0.0011,0.0403,0.0006,0.0003,0.0004,0.0019,0.6701,,,,,0.0392,-0.0397,-0.0003,0.0001,0.0015,0.6682,,,,,
2208101688,(주)신도디엑스,0.8733,,,,,,,,,,,,,,,,,,,,,
2208101830,(주)아가방앤컴퍼니,0.3214,0.2776,0.0676,0.453,0.6827,0.9289,,,,,,-0.0438,-0.21,0.3854,0.2297,0.2462,,,,,,
2208102523,주식회사티티경인,0.0005,0.0797,0.0035,0.0114,0.0057,0.0711,,,,,,0.0792,-0.0762,0.0079,-0.0057,0.0654,,,,,,
2208102770,주식회사광우메딕스,0.1401,0.0013,0.0002,0.0001,0.0001,,,,,,,-0.1388,-0.0011,-0.0001,0.0,,,,,,,
2208102843,인테그리스코리아(주),0.1381,,,,,,,,,,,,,,,,,,,,,
2208103084,(주)니드필,,,,,,,,0.0014,0.0003,0.0007,,,,,,,,,-0.0011,0.0004,,
2208103600,주식회사한국플루크,0.0001,0.0002,0.0003,0.0002,0.0,0.0003,0.0001,0.0001,0.0001,0.0002,,0.0001,0.0001,-0.0001,-0.0002,0.0003,-0.0002,0.0,0.0,0.0001,,
2208104614,한국스냅언툴즈(주),0.006,,,,,,,,,,,,,,,,,,,,,
2208104666,(주)포스코피앤에스,0.034,0.0287,0.0019,0.0004,0.0005,,,,,,,-0.0053,-0.0268,-0.0015,0.0001,,,,,,,
2208107101,나라통상주식회사,0.0046,0.004,0.0045,0.005,0.6288,0.5543,,,,,,-0.0006,0.0005,0.0005,0.6238,-0.0745,,,,,,
2208109507,머크주식회사,0.3831,0.6594,0.8952,,,,,,,,,0.2763,0.2358,,,,,,,,,
2208109749,(주)롬엔드하스코리아,0.0594,0.1644,0.0446,0.0001,0.0099,0.2359,0.0002,,,,,0.105,-0.1198,-0.0445,0.0098,0.226,-0.2357,,,,,
2208111264,주식회사데카트론코리아,,,,,,,0.041,0.9839,0.9422,,,,,,,,,0.9429,-0.0417,,,
2208113210,슐저코리아주식회사,0.0005,0.1629,0.6645,,,,,,,,,0.1624,0.5016,,,,,,,,,
2208114655,천지산업(주),0.9161,,,,,,,,,,,,,,,,,,,,,
2208118383,한국에이브이엘(주),0.0634,0.0012,0.0008,0.006,0.1991,0.4105,0.8966,,,,,-0.0622,-0.0004,0.0052,0.1931,0.2114,0.4861,,,,,
2208119039,금웅건설(주),,,,,,,,,0.0008,0.0002,0.0008,,,,,,,,,-0.0006,0.0006,
2208124871,코람바이오텍(주),0.3191,0.0188,0.023,0.0003,0.0001,0.0004,,,,,,-0.3003,0.0042,-0.0227,-0.0002,0.0003,,,,,,
2208127859,주식회사오르다코리아,0.0106,0.689,0.0236,0.0168,0.4887,0.0155,,,,,,0.6784,-0.6654,-0.0068,0.4719,-0.4732,,,,,,
2208129158,(주)세바토이,0.869,,,,,,,,,,,,,,,,,,,,,
2208129541,마스터스통상(주),0.4735,0.0094,0.0094,0.0073,0.6332,0.8266,0.868,,,,,-0.4641,0.0,-0.0021,0.6259,0.1934,0.0414,,,,,
2208130349,(주)코레곤,0.0143,0.2357,0.0714,0.0793,0.4753,0.7044,0.6066,,,,,0.2214,-0.1643,0.0079,0.396,0.2291,-0.0978,,,,,
2208136305,(주)영우메디텍,,,,,,,,,0.0005,0.0005,0.0004,,,,,,,,,0.0,-0.0001,
2208141768,(주)미림씨스콘,,,,,,,,,0.0006,0.0003,0.0006,,,,,,,,,-0.0003,0.0003,
2208145629,(주)케이바이오랩스,0.9162,0.9662,,,,,,,,,,0.05,,,,,,,,,,
2208146351,에쏘석유코리아주식회사,0.0002,0.0017,0.0151,0.0016,0.0004,0.0011,0.0011,0.0007,,0.0002,0.0004,0.0015,0.0134,-0.0135,-0.0012,0.0007,0.0,-0.0004,,,0.0002,
2208147554,(주)대상어드밴테스,,,,,0.0011,0.0037,0.0763,0.1023,,,,,,,,0.0026,0.0726,0.026,,,,
2208161497,코리아게임테크놀러지,,,0.0002,0.0001,0.0001,0.0181,0.0306,,,,,,,-0.0001,0.0,0.018,0.0125,,,,,
2208166852,세진에너지(주),0.0344,0.2338,0.3042,,,,,,,,,0.1994,0.0704,,,,,,,,,
2208170341,(주)제이피앤씨,0.2048,0.0031,0.0015,0.0407,0.6944,0.8346,0.8975,,,,,-0.2017,-0.0016,0.0392,0.6537,0.1402,0.0629,,,,,
2208172145,(주)앤알커뮤니케이션,0.9404,,,,,,,,,,,,,,,,,,,,,
2208176684,(주)제로투세븐,0.1009,0.2564,0.8616,,,,,,,,,0.1555,0.6052,,,,,,,,,
2208180664,주식회사씨앤피코스메틱스,0.0001,0.0001,0.0001,0.0002,0.0,0.0002,,,,,,0.0,0.0,0.0001,-0.0002,0.0002,,,,,,
2208182492,스미스앤어소시에이트코리아,,,,,,,,0.0007,0.0,0.0072,,,,,,,,,-0.0007,0.0072,,
2208182527,디지시스주식회사,,,,,,,,,0.0007,0.0946,0.4903,,,,,,,,,0.0939,0.3957,
2208183676,주식회사지마켓,0.0002,0.0002,0.0002,0.0001,0.0003,,,,,0.735,0.6946,0.0,0.0,-0.0001,0.0002,,,,,,-0.0404,
2208195997,주식회사비바,0.0086,0.004,0.0014,0.329,0.4871,,0.8375,,,,,-0.0046,-0.0026,0.3276,0.1581,,,,,,,
2208196400,캐이엔아이주식회사,,0.0006,,,,,,,,,,,,,,,,,,,,
2208196434,주식회사파이진글로벌,,,,,,0.0004,0.1124,0.9709,0.9198,,,,,,,,0.112,0.8585,-0.0511,,,
2208197641,(주)다판다,0.4101,0.7897,0.9212,,,,,,,,,0.3796,0.1315,,,,,,,,,
2208605108,유운종합철강(주),,,,,,,,0.0018,0.0003,0.0054,,,,,,,,,-0.0015,0.0051,,
2208611406,(주)민스텍스타일,,,,,0.0011,0.2359,0.2904,0.7181,,,,,,,,0.2348,0.0545,0.4277,,,,
2208614534,(주)이지엠인터내셔널,,,,,,,0.001,0.0834,0.4837,0.809,,,,,,,,0.0824,0.4003,0.3253,,
2208627999,주식회사와이앤에스인터내셔날,0.1882,0.4982,0.931,,,,,,,,,0.31,0.4328,,,,,,,,,
2208628474,(주)자형매니지먼트,0.2858,0.821,0.7741,0.9752,,,,,,,,0.5352,-0.0469,0.2011,,,,,,,,
2208640895,일렉트로룩스코리아,0.0006,0.0005,0.0001,0.0002,0.0001,0.0004,0.2385,0.795,0.8612,,,-0.0001,-0.0004,0.0001,-0.0001,0.0003,0.2381,0.5565,0.0662,,,
2208642627,훠리스트주식회사,0.0001,0.0003,0.2487,0.8735,0.8959,,,,,,,0.0002,0.2484,0.6248,0.0224,,,,,,,
2208644625,(주)대백아울렛,0.0233,0.1051,0.2819,0.8233,0.9677,,,,,,,0.0818,0.1768,0.5414,0.1444,,,,,,,
2208647146,플라스텍서비스주식회사,,,,,,,,,0.0006,0.0002,0.0001,,,,,,,,,-0.0004,-0.0001,
2208647976,(주)에이치투,,0.006,0.0042,0.007,,,,,0.0051,0.0019,0.0079,,-0.0018,0.0028,,,,,,-0.0032,0.006,
2208651131,클라쎄오토주식회사,0.8917,0.7784,,,,,,,,,,-0.1133,,,,,,,,,,
2208655476,(주)마무트코리아,0.9266,,,,,,,,,,,,,,,,,,,,,
2208660095,에스제이씨오(주),,,,0.0011,0.0004,0.0217,0.0049,0.0049,0.5611,0.7262,,,,,-0.0007,0.0213,-0.0168,0.0,0.5562,0.1651,,
2208676656,주식회사에어로젤코리아,0.0001,,,,0.0001,0.0002,0.0003,,,,,,,,,0.0001,0.0001,,,,,
2208685927,(주)에이치엔에스통상,0.0023,0.0026,0.5721,0.4113,0.4814,0.0841,,,,,,0.0003,0.5695,-0.1608,0.0701,-0.3973,,,,,,
2208690207,(주)시티해양건설,0.9775,,,,,,,,,,,,,,,,,,,,,
2208692753,(주)하이테크아이앤드이,,0.0001,0.0005,,,0.0515,0.0056,,,0.3369,0.0007,,0.0004,,,,-0.0459,,,,-0.3362,
2208701604,한국제이엔씨주식회사,0.0074,0.0002,0.0001,0.0002,0.0002,0.0008,0.0282,,,,,-0.0072,-0.0001,0.0001,0.0,0.0006,0.0274,,,,,
2208701996,주식회사제이슨그룹,,,,0.0003,0.0001,0.0005,0.0003,0.6173,0.6612,0.8544,,,,,-0.0002,0.0004,-0.0002,0.617,0.0439,0.1932,,
2208704751,(주)엘솔루,0.0034,0.0132,0.7547,0.8249,0.976,,,,,,,0.0098,0.7415,0.0702,0.1511,,,,,,,
2208710933,더휴컴퍼니,0.1875,0.7916,0.867,0.9588,,,,,,,,0.6041,0.0754,0.0918,,,,,,,,
2208715296,에스앤와이상사(주),0.003,0.0002,,,,,,,,,,-0.0028,,,,,,,,,,
2208715734,캐논코리아컨슈머이미징주식회사,0.0002,0.0002,0.0003,0.0002,0.0002,0.0005,0.0001,,,,,0.0,0.0001,-0.0001,0.0,0.0003,-0.0004,,,,,
2208720523,(주)우영메디텍,0.0001,0.0001,0.0014,0.0005,0.0003,0.001,0.0003,,,,,0.0,0.0013,-0.0009,-0.0002,0.0007,-0.0007,,,,,
2208722972,(주)제이테크놀로지,0.0002,0.0003,0.0004,0.0,0.0001,,,,,,,0.0001,0.0001,-0.0004,0.0001,,,,,,,
2208730225,(주)토성에프시,0.6515,0.956,0.9411,,,,,,,,,0.3045,-0.0149,,,,,,,,,
2208730749,(주)예일이큅먼트,,,,,,,,,0.0014,0.0004,0.0043,,,,,,,,,-0.001,0.0039,
2208735803,윈앤피주식회사,0.4361,0.0898,0.896,,,,,,,,,-0.3463,0.8062,,,,,,,,,
2208753306,케이제이모터라드,0.9532,,,,,,,,,,,,,,,,,,,,,
2208759504,(주)시원아이웨어,,,,,,0.0005,0.0001,,,,0.0001,,,,,,-0.0004,,,,,
2208765840,(주)네오코너스톤,0.0259,0.0437,0.818,0.3276,0.7194,0.3489,,,,,,0.0178,0.7743,-0.4904,0.3918,-0.3705,,,,,,
2208767396,우신커뮤니케이션(주),0.0005,,,,,0.0009,0.5418,0.14,,,,,,,,,0.5409,-0.4018,,,,
2208774183,스리본드코리아주식회사,,,0.0004,0.0001,0.0001,0.0004,0.0001,0.0002,,,,,,-0.0003,0.0,0.0003,-0.0003,0.0001,,,,
2208789949,주식회사코이,0.0012,0.0015,,,,0.0003,0.0003,,,,,0.0003,,,,,0.0,,,,,
2208791197,베키오바이오젠,,,,,0.0003,0.0035,0.0025,,,,,,,,,0.0032,-0.001,,,,,
2208794307,주식회사세라젬헬스앤뷰티,,,,,0.0007,0.005,0.1699,,,,,,,,,0.0043,0.1649,,,,,
2208796800,주식회사스마트인피니,0.0018,0.0014,0.0013,0.3662,0.4945,0.9013,,,,,,-0.0004,-0.0001,0.3649,0.1283,0.4068,,,,,,
2208798453,랑시코리아주식회사,0.0024,0.0056,0.053,0.3468,0.61,0.9452,,,,,,0.0032,0.0474,0.2938,0.2632,0.3352,,,,,,
2208800941,(주)블루플러스인터내셔널,0.0001,0.0003,0.1387,0.6494,0.8409,,,,,,,0.0002,0.1384,0.5107,0.1915,,,,,,,
2208802390,프리미어모터스(주),0.9331,,,,,,,,,,,,,,,,,,,,,
2208812898,(주)제이제이통상,,,,,,,,,0.0031,0.2372,0.9829,,,,,,,,,0.2341,0.7457,
2208815920,(주)바텍글로벌,0.0018,0.004,,,,,,,,,,0.0022,,,,,,,,,,
2208821892,(주)봄코리아,,0.0009,0.0002,0.0002,0.012,0.3645,,,,,,,-0.0007,0.0,0.0118,0.3525,,,,,,
2208825317,주식회사알펜인터내셔널,,,,,,,,,0.0007,0.0002,0.0379,,,,,,,,,-0.0005,0.0377,
2208826825,주식회사블루존와이드,,,,,,0.0016,0.117,0.8866,,,,,,,,,0.1154,0.7696,,,,
2208829098,주식회사호야토야컴퍼니,,,,,,,,,0.0003,0.0007,0.0005,,,,,,,,,0.0004,-0.0002,
2208834534,루안코리아(주),0.0005,0.082,0.9603,0.0245,0.003,0.0017,,,,,,0.0815,0.8783,-0.9358,-0.0215,-0.0013,,,,,,
2208834645,엘브스오토모티브(주),,0.0051,0.0686,0.8716,0.9715,,,,,,,,0.0635,0.803,0.0999,,,,,,,
2208838660,(주)에버그린글로벌,,,,,,,,,0.0005,0.001,0.0011,,,,,,,,,0.0005,0.0001,
2208840676,주식회사미젤,,,0.0002,0.0,0.0001,0.0001,0.0001,,,,,,,-0.0002,0.0001,0.0,0.0,,,,,
2208847325,(주)제아에이치앤비,,,0.0044,0.0002,0.0001,0.0001,0.3053,,,,,,,-0.0042,-0.0001,0.0,0.3052,,,,,
2208848076,주식회사아이비티코리아,,,0.0015,,,,,,0.1457,0.8376,,,,,,,,,,0.6919,,
2208853171,(주)지에이치홀딩스,0.0022,0.0005,,,,,,,,0.0205,0.0068,-0.0017,,,,,,,,,-0.0137,
2208856654,주식회사형지쇼핑,0.1244,0.9572,0.9393,,,,,,,,,0.8328,-0.0179,,,,,,,,,
2208860804,(주)벨포트,0.0054,0.1819,0.9525,,,,,,,,,0.1765,0.7706,,,,,,,,,
2208864829,네오패션형지(주),,,0.0031,0.0948,0.961,,,,,,,,,0.0917,0.8662,,,,,,,
2208866958,(주)유니앤코,,,,,,,,0.0015,0.001,0.0034,,,,,,,,,-0.0005,0.0024,,
2208869260,(주)미나글로벌,,,,,,,,,0.0007,0.0521,0.7235,,,,,,,,,0.0514,0.6714,
2208871392,(주)스타콜라보,,0.0059,0.0889,0.9233,0.9803,,,,,,,,0.083,0.8344,0.057,,,,,,,
2208893187,주식회사뉴넥스,,,,,,0.0008,0.0189,0.6092,0.8932,,,,,,,,0.0181,0.5903,0.284,,,
2208894599,(주)에스엠씨아이엔씨,,,,0.0002,0.0,0.0377,,,,,0.0001,,,,-0.0002,0.0377,,,,,,
2208895619,데상트글로벌리테일주식회사,,,0.0011,0.1055,0.9643,0.9729,0.9415,,,,,,,0.1044,0.8588,0.0086,-0.0314,,,,,
2218133427,주식회사엠에스홀딩스,,,0.0005,0.0116,0.6669,0.6113,0.9542,,,,,,,0.0111,0.6553,-0.0556,0.3429,,,,,
2218146960,비케이주식회사,,,,,,,,,0.0005,0.001,0.0023,,,,,,,,,0.0005,0.0013,
2218701096,주식회사투게더아트,,,,,,,,,0.0019,0.0084,0.9472,,,,,,,,,0.0065,0.9388,
2228116149,주식회사덕수인터내셔널,0.0031,0.0012,0.1877,0.0043,0.3375,0.0411,,,,,,-0.0019,0.1865,-0.1834,0.3332,-0.2964,,,,,,
2228134375,(주)바츠,,,,,0.0015,0.0641,0.9571,,,,,,,,,0.0626,0.893,,,,,
2248143074,(주)한서모터스,0.0695,0.0063,0.0066,0.2231,0.2759,0.7994,,,,,,-0.0632,0.0003,0.2165,0.0528,0.5235,,,,,,
2248148860,(주)뉴젠모터스,0.0879,0.972,,,,,,,,,,0.8841,,,,,,,,,,
2248167829,주식회사코스온인터내셔널,,,,,0.0012,0.0975,0.9841,,,,,,,,,0.0963,0.8866,,,,,
2258601510,주식회사유나팩,,,,,,,,,0.0004,0.0009,0.0007,,,,,,,,,0.0005,-0.0002,
2268121789,동방도시가스산업(주),0.0002,0.0003,,,,,,,,,,0.0001,,,,,,,,,,
2268134848,(주)금강에이앤디,0.0671,0.0914,0.134,0.0176,0.0747,,,,,,,0.0243,0.0426,-0.1164,0.0571,,,,,,,
2268601376,주식회사남부지오영,,,,,,0.0009,0.0036,0.2785,0.1179,,,,,,,,0.0027,0.2749,-0.1606,,,
2268700506,주식회사홍천철원물류센터,,,,,,0.0017,0.0028,0.0013,0.0003,,,,,,,,0.0011,-0.0015,-0.001,,,
2278121666,주식회사얌테이블,,,,,,0.0035,0.0546,0.9497,,,,,,,,,0.0511,0.8951,,,,
2278601059,주식회사굿앤굿트레이드,,,,,0.0011,0.0012,0.0013,0.6782,,,,,,,,0.0001,0.0001,0.6769,,,,
2298101458,(주)카렉스,0.0001,0.0002,0.0002,0.0444,0.2383,0.4778,0.8054,,,,,0.0001,0.0,0.0442,0.1939,0.2395,0.3276,,,,,
2298102781,(주)경우,,,,0.0012,0.0273,0.0553,,,,,,,,,0.0261,0.028,,,,,,
2298105357,(주)원중철강,0.0009,0.0006,0.3621,0.5752,0.864,,,,,,,-0.0003,0.3615,0.2131,0.2888,,,,,,,
2298106021,헤펠레코리아(주),0.0012,0.0007,0.0016,0.0045,0.7652,0.6646,0.8814,,,,,-0.0005,0.0009,0.0029,0.7607,-0.1006,0.2168,,,,,
2298109178,(주)켐리치교역,0.001,0.0038,0.1324,0.2377,0.0248,0.4501,0.9152,0.9149,,,,0.0028,0.1286,0.1053,-0.2129,0.4253,0.4651,-0.0003,,,,
2298110243,귀우물산주식회사,0.0717,0.3533,0.1899,,,,,,,,,0.2816,-0.1634,,,,,,,,,
2298118298,한국정보공학(주),0.5611,0.0811,0.5929,0.7079,0.8657,,,,,,,-0.48,0.5118,0.115,0.1578,,,,,,,
2298124034,지이그리드솔루션코리아주식회사,,,,0.0003,0.0002,,,,,0.001,0.0019,,,,-0.0001,,,,,,0.0009,
2298125353,쥴릭파마코리아주식회사,0.0635,0.0082,0.0272,0.2188,0.5557,0.7385,,,,,,-0.0553,0.019,0.1916,0.3369,0.1828,,,,,,
2298132908,한미오앤에프주식회사,0.0411,0.0216,0.5134,,,,,,,0.7003,0.8739,-0.0195,0.4918,,,,,,,,0.1736,
2298135415,주식회사서현케미칼,0.0032,0.0808,0.8702,0.9659,,,,,,,,0.0776,0.7894,0.0957,,,,,,,,
2298137015,(주)메디탑,,,0.0016,0.0032,,,0.0033,0.0026,,0.001,0.0014,,,0.0016,,,,-0.0007,,,0.0004,
2298141367,(주)명보시계,,,,,,0.001,0.0003,,,0.0,0.0001,,,,,,-0.0007,,,,0.0001,
2308108543,주식회사케이디앤지,,,,,,,,,0.0017,0.0774,0.0327,,,,,,,,,0.0757,-0.0447,
2308600186,(주)에프티에스패션,,,,,,,0.0008,0.0077,0.0539,0.7998,,,,,,,,0.0069,0.0462,0.7459,,
2308602772,주식회사지지골프아카데미,,,,,,,,,0.0059,0.0706,0.9282,,,,,,,,,0.0647,0.8576,
2328103525,(주)성한아이엔티,,,,,,,,,0.0007,0.0004,0.4749,,,,,,,,,-0.0003,0.4745,
2328600367,주식회사잠실세계로마트,,,,,0.0006,0.0021,0.0007,0.198,0.7987,0.7431,,,,,,0.0015,-0.0014,0.1973,0.6007,-0.0556,,
2338103514,(주)슈퍼홀릭,,0.0051,0.007,0.5912,0.8691,0.9666,,,,,,,0.0019,0.5842,0.2779,0.0975,,,,,,
2338106694,정원프로비전스주식회사,,,,,,,,,0.0027,0.0002,0.0011,,,,,,,,,-0.0025,0.0009,
2338600583,우신메디랩주식회사,,,,,0.0004,0.0005,0.0004,,0.0001,0.0002,0.0002,,,,,0.0001,-0.0001,,,0.0001,0.0,
2348100830,주식회사서우리테일,,0.007,0.0975,0.9356,,,,,,,,,0.0905,0.8381,,,,,,,,
2358702788,(주)현선,,,,,,,,,0.0037,0.0854,0.8169,,,,,,,,,0.0817,0.7315,
2388101447,스티물글로벌주식회사,,,,,,,,,0.0019,0.0609,0.5989,,,,,,,,,0.059,0.538,
2398701063,주식회사그립컴퍼니,,,,,,,,,0.0012,0.0226,0.5279,,,,,,,,,0.0214,0.5053,
2398702489,슈퍼트레인주식회사,,,,,,,,,0.0012,0.0001,0.0005,,,,,,,,,-0.0011,0.0004,
2408601561,주식회사극동,,,,,,,,,0.0015,0.0005,0.0004,,,,,,,,,-0.001,-0.0001,
2438601274,세웅글로벌(주),,,,,,,,,0.0006,0.0001,0.0001,,,,,,,,,-0.0005,0.0,
2458100562,주식회사리아컴퍼니,,,,,,,,0.0025,0.0416,0.773,,,,,,,,,0.0391,0.7314,,
2478602163,주식회사케이팝머치,,,,,,,,,0.0005,0.0018,0.0036,,,,,,,,,0.0013,0.0018,
2478801377,한불모터스(주),,,,,,0.0013,0.0019,0.0019,0.5537,0.6569,,,,,,,0.0006,0.0,0.5518,0.1032,,
2488600926,한국후지필름(주),,,,,0.0011,0.084,0.8965,,,,,,,,,0.0829,0.8125,,,,,
2488800333,(주)서울옥션블루,,,,,0.0024,0.1324,0.8237,0.9886,,,,,,,,0.13,0.6913,0.1649,,,,
2508600083,라프리마천일주식회사,,,0.0025,0.2122,0.9881,,,,,,,,,0.2097,0.7759,,,,,,,
2548702080,주식회사인큐텐,,,,,,,,,0.0003,0.1211,0.8576,,,,,,,,,0.1208,0.7365,
2558602499,(주)리더스에프앤비,,,,,,,,,0.0028,0.0312,0.9521,,,,,,,,,0.0284,0.9209,
2568100392,주식회사더원테크,,,,,,,,0.0083,0.0745,0.9368,,,,,,,,,0.0662,0.8623,,
2568100825,(주)에스더블유솔루션,,,,,,,,,0.0022,0.0204,0.2063,,,,,,,,,0.0182,0.1859,
2568102712,주식회사한샘타운,,,,,,,,,0.0036,0.0851,0.1442,,,,,,,,,0.0815,0.0591,
2578102281,주식회사웨스트푸드,,,,,,,,0.0041,0.1422,0.953,,,,,,,,,0.1381,0.8108,,
2578701436,주식회사우신홀딩스,,,,,,,0.0031,0.0432,0.1569,0.6613,,,,,,,,0.0401,0.1137,0.5044,,
2588700065,주식회사위드유컴퍼니,,,,,,,,,0.0013,0.0045,0.5285,,,,,,,,,0.0032,0.524,
2588700314,현대중장비주식회사,,,,0.0007,0.0002,0.0008,0.0005,0.0003,0.0006,0.0045,,,,,-0.0005,0.0006,-0.0003,-0.0002,0.0003,0.0039,,
2588701370,와디즈주식회사,,,,,,0.0037,0.026,0.9488,,,,,,,,,0.0223,0.9228,,,,
2608600101,주식회사엔코드,,,,,,,0.0014,0.027,0.6461,,,,,,,,,0.0256,0.6191,,,
2618102131,(주)유스트코리아,,,,,,,,,0.0015,0.0019,0.0037,,,,,,,,,0.0004,0.0018,
2618103294,베어홀딩스코리아주식회사,0.0045,0.1216,0.9814,,,,,,,,,0.1171,0.8598,,,,,,,,,
2618103810,주식회사넥서스일렉트로닉스,,,,,0.0014,0.0059,0.7179,,,,,,,,,0.0045,0.712,,,,,
2618114845,주식회사크레이버코퍼레이션,,,0.002,0.0023,0.0002,0.5446,0.8066,0.9372,,,,,,0.0003,-0.0021,0.5444,0.262,0.1306,,,,
2618117522,(주)스칸컬렉션,,,,,,,,,0.0015,0.0304,0.346,,,,,,,,,0.0289,0.3156,
2618123567,주식회사컬리,,0.0281,0.1422,0.9708,,,,,,,,,0.1141,0.8286,,,,,,,,
2648105739,(주)씨엘모터스,,,,,0.003,0.0222,0.0022,0.0089,0.213,,,,,,,0.0192,-0.02,0.0067,0.2041,,,
2648107192,(주)오이컴,0.1912,0.6483,,,,,,,,,,0.4571,,,,,,,,,,
2648113092,(주)뉴메코,,0.0019,0.0001,0.0001,0.0001,0.0001,0.2913,0.8677,0.8824,,,,-0.0018,0.0,0.0,0.0,0.2912,0.5764,0.0147,,,
2648114669,(주)블루스톤익스체인지,,,,0.0018,0.0074,0.5028,0.2214,0.5414,0.6871,,,,,,0.0056,0.4954,-0.2814,0.32,0.1457,,,
2648117803,(주)애플디아이,,,0.0011,0.0064,0.519,,,,,,,,,0.0053,0.5126,,,,,,,
2648129823,주식회사늘솜,,,,,,0.0011,0.0208,0.7285,0.4471,,,,,,,,0.0197,0.7077,-0.2814,,,
2648145181,주식회사서예,0.002,0.2104,0.9291,,,,,,,,,0.2084,0.7187,,,,,,,,,
2648151892,주식회사글로벌서울메디컬그룹,,,,,,,,0.0013,0.0002,0.0021,,,,,,,,,-0.0011,0.0019,,
2648800145,주식회사경진플러스,,,0.0009,0.0022,0.0052,0.0041,0.0019,0.0019,,,,,,0.0013,0.003,-0.0011,-0.0022,0.0,,,,
2668101651,주식회사신우글로비즈,,,,,,,,0.0011,0.0002,0.0061,,,,,,,,,-0.0009,0.0059,,
2678702543,주식회사아티피오,,,,,,,,,0.004,0.0171,0.4534,,,,,,,,,0.0131,0.4363,
2678802477,(주)비프트,,,,,,,,,0.002,0.0262,0.7242,,,,,,,,,0.0242,0.698,
2688600293,(주)흥진개발,,,,0.0063,0.0436,0.647,0.4939,,,,,,,,0.0373,0.6034,-0.1531,,,,,
2698700648,주식회사아트몰링,,,,,0.003,0.2037,0.9731,,,,,,,,,0.2007,0.7694,,,,,
2698800117,쌍용자동차대구광장판매주식회사,,0.0011,0.012,,,,,,,0.4718,0.8117,,0.0109,,,,,,,,0.3399,
2698800311,(주)봉산,,,,,0.0054,0.1541,0.9524,,,,,,,,,0.1487,0.7983,,,,,
2718601338,주식회사티앤티온,,,,,,,,,0.0019,0.0067,0.0153,,,,,,,,,0.0048,0.0086,
2718702047,주식회사농수산유통,,,,,,,,,0.0008,0.0038,0.0033,,,,,,,,,0.003,-0.0005,
2768600538,(주)교원크리에이티브,,,0.003,0.0623,0.8036,,,,,,,,,0.0593,0.7413,,,,,,,
2768700457,(주)대원물산,,,,,,,0.0028,0.0371,0.4728,,,,,,,,,0.0343,0.4357,,,
2768701908,주식회사디엠메탈,,,,,,,,0.0042,0.1015,0.7904,,,,,,,,,0.0973,0.6889,,
2778701750,주식회사스와니푸드,,,,,,,,,0.0009,0.0002,0.0166,,,,,,,,,-0.0007,0.0164,
2788101085,주식회사미트이노베이션,,,,,,,,,0.003,0.0002,0.0002,,,,,,,,,-0.0028,0.0,
2788601417,주식회사지평개발,,,,,,,0.0056,0.0227,0.9138,,,,,,,,,0.0171,0.8911,,,
2828102477,에이치케이개발주식회사,,,,,,,,,0.0034,0.2233,0.8992,,,,,,,,,0.2199,0.6759,
2828701636,주식회사에이치엠지기술투자,,,,,,,,0.005,0.031,0.9339,,,,,,,,,0.026,0.9029,,
2838800146,주식회사투게더앱스,,,,,,,0.0063,0.0982,0.5673,,,,,,,,,0.0919,0.4691,,,
2848100849,주식회사비바스튜디오,,,,,,,,,0.0004,0.0499,0.7629,,,,,,,,,0.0495,0.713,
2848800343,(주)더에이치팜,,,,,,,,,0.0011,0.0036,0.0053,,,,,,,,,0.0025,0.0017,
2858100634,주식회사시퀀스엔,,,,,,,,,0.001,0.0032,0.0072,,,,,,,,,0.0022,0.004,
2868600097,주식회사투에스에이치스포츠,,,,,,0.0006,0.1073,0.9776,0.9131,,,,,,,,0.1067,0.8703,-0.0645,,,
2908601213,주식회사삼봉,,,,,,,,,0.0016,0.0066,0.0043,,,,,,,,,0.005,-0.0023,
2908702596,(주)춘천제일식자재마트,,,,,,,,,0.0034,0.1548,0.0139,,,,,,,,,0.1514,-0.1409,
2908800799,(주)정공이산,,,,,0.0017,0.0009,0.3453,0.9701,0.8631,,,,,,,-0.0008,0.3444,0.6248,-0.107,,,
2918100681,주식회사에이치제이통상,,,,,,0.0002,0.0006,,0.1311,0.9596,0.8485,,,,,,0.0004,,,0.8285,-0.1111,
2958101853,베르수니코리아주식회사,,,,,,,,,0.0017,0.0014,0.3763,,,,,,,,,-0.0003,0.3749,
2988700118,농업회사법인주식회사산골에프에스,,0.004,0.0055,0.7801,,,,,,,,,0.0015,0.7746,,,,,,,,
2988700189,(주)부민인터내셔널그룹,,,,,,,0.001,0.0172,0.9156,,,,,,,,,0.0162,0.8984,,,
2998102397,주식회사에너지드림,,,,,,,,,0.0007,0.0004,0.0021,,,,,,,,,-0.0003,0.0017,
2998600259,주식회사코리안스탠다드핀테크,,,0.0004,0.0125,0.7417,0.7946,,,,,,,,0.0121,0.7292,0.0529,,,,,,
3018100256,충북석유(주),0.0139,0.9046,0.8188,0.9573,,,,,,,,0.8907,-0.0858,0.1385,,,,,,,,
3018107278,삼영가스(주),0.0617,0.6971,,,,,,,,,,0.6354,,,,,,,,,,
3018131365,주식회사대청산업개발,,,,,,0.0008,0.1352,0.9793,,,,,,,,,0.1344,0.8441,,,,
3018133849,(주)농협충북유통,0.0003,0.0006,0.0028,0.0016,0.3935,0.0284,0.0005,,,,,0.0003,0.0022,-0.0012,0.3919,-0.3651,-0.0279,,,,,
3018142450,(주)한음,,,,,,0.0019,0.0005,,,,0.005,,,,,,-0.0014,,,,,
3018144690,주식회사삼천리모터스,0.3816,0.4321,0.9278,,,,,,,,,0.0505,0.4957,,,,,,,,,
3018156105,엔에프미트주식회사,0.0109,0.0077,0.7186,,,,,,,,,-0.0032,0.7109,,,,,,,,,
3018194851,(주)씨엔케이골프,0.377,0.8941,,,,,,,,,,0.5171,,,,,,,,,,
3018602716,(주)젬마코리아,,,,,,,,0.001,0.0026,0.1025,,,,,,,,,0.0016,0.0999,,
3018619615,주식회사삼학도수산,,,,,,,,,0.0004,0.0003,0.0003,,,,,,,,,-0.0001,0.0,
3018625820,(주)유공에너지,,,,,,,0.0016,0.0017,0.002,,,,,,,,,0.0001,0.0003,,,
3018630658,(주)세움케이앤이,,0.0126,0.0042,0.1722,0.615,,,,,,,,-0.0084,0.168,0.4428,,,,,,,
3018631619,주식회사데일리룩,,,,,,,0.0003,0.0001,0.0003,,,,,,,,,-0.0002,0.0002,,,
3018633164,주식회사남한강마트진천점,,,,,,,,,0.0007,0.0009,0.0012,,,,,,,,,0.0002,0.0003,
3028112599,주식회사금강휴게소,0.1924,0.062,0.0199,0.7426,0.0114,,0.842,0.9369,0.9838,,,-0.1304,-0.0421,0.7227,-0.7312,,,0.0949,0.0469,,,
3028600273,메가코리아홀딩스주식회사,,,,,0.0009,0.122,0.2725,,,,,,,,,0.1211,0.1505,,,,,
3038101528,(주)사조인터내셔널,0.0063,,,,,,,,,,,,,,,,,,,,,
3038113820,(주)비엘팜텍,0.6566,0.8325,0.2758,0.2224,0.0512,0.7271,0.886,0.9361,,,,0.1759,-0.5567,-0.0534,-0.1712,0.6759,0.1589,0.0501,,,,
3038142271,대한산업주식회사,0.0109,0.0039,0.0039,,,,,,,,,-0.007,0.0,,,,,,,,,
3038145910,해피라이프방송(주),,,,,0.002,0.0786,0.9166,,,,,,,,,0.0766,0.838,,,,,
3038158185,농업회사법인대성웰그로주식회사,,,,,,0.0021,0.097,0.0023,0.0073,,,,,,,,0.0949,-0.0947,0.005,,,
3038163034,중부축산주식회사농업회사법인,,,,0.0023,0.001,0.1261,,,,,,,,,-0.0013,0.1251,,,,,,
3038170398,(주)에이치엠리테일,0.155,0.9825,,,,,,,,,,0.8275,,,,,,,,,,
3038178615,(주)토탈맘모스조명,,,,,,,,,0.0012,0.1089,0.8748,,,,,,,,,0.1077,0.7659,
3038179405,주식회사남유에프엔씨,,,,,,,,,0.0002,0.0001,0.0001,,,,,,,,,-0.0001,0.0,
3038800829,주식회사삼성팜,,,,,,0.0024,0.0318,0.9151,0.6863,,,,,,,,0.0294,0.8833,-0.2288,,,
3038801172,주식회사대한푸드,,,,,,,,,0.0006,0.0775,0.2137,,,,,,,,,0.0769,0.1362,
3048107374,(주)세운가스충전소,,,,,,,,,0.0011,0.2692,0.9464,,,,,,,,,0.2681,0.6772,
3048800797,오리온에너지주식회사,,,,,,,,,0.0016,0.0008,0.0012,,,,,,,,,-0.0008,0.0004,
3058108416,(주)에스엔지,0.0007,0.0003,0.1806,0.6295,0.9525,,,,,,,-0.0004,0.1803,0.4489,0.323,,,,,,,
3058130785,(주)농협대전유통,0.0129,0.0102,0.0643,0.1045,0.0589,0.1961,0.002,,,,,-0.0027,0.0541,0.0402,-0.0456,0.1372,-0.1941,,,,,
3058133216,씨에라팜(주),0.0164,0.0171,0.018,,,,,,,,,0.0007,0.0009,,,,,,,,,
3058150796,주식회사동그랑,0.1945,0.594,,,,,,,,,,0.3995,,,,,,,,,,
3058158158,주식회사세이디에스,0.2214,0.102,0.0691,0.6491,0.2889,0.2785,0.4024,0.9238,,,,-0.1194,-0.0329,0.58,-0.3602,-0.0104,0.1239,0.5214,,,,
3058184637,신도디에스판매(주),0.5493,0.8088,,,,,,,,,,0.2595,,,,,,,,,,
3058190556,(주)바로물류,,,0.0013,0.002,0.2574,0.5302,,0.8716,,,,,,0.0007,0.2554,0.2728,,,,,,
3058195809,(주)우신팜,,,,,,0.0008,0.0005,0.0033,0.0074,,,,,,,,-0.0003,0.0028,0.0041,,,
3058603565,주식회사동신철강,,,,,,,,,0.0021,0.0153,0.6172,,,,,,,,,0.0132,0.6019,
3058607334,청정식품(주),0.0038,,,,,,,,,,,,,,,,,,,,,
3058611857,삼화모터스주식회사,,,,,,,0.0023,0.0052,0.3167,0.7311,,,,,,,,0.0029,0.3115,0.4144,,
3058612119,(주)한중에너지네트웍스,,,,,,0.0013,0.081,0.9636,,,,,,,,,0.0797,0.8826,,,,
3058614155,주식회사조은,0.1988,0.96,,,,,,,,,,0.7612,,,,,,,,,,
3058637634,한국쏠라주식회사,,,0.0007,0.0609,0.4706,0.9059,,,,,,,,0.0602,0.4097,0.4353,,,,,,
3068118450,대전중앙청과(주),,,,,,,,,0.0004,0.0001,0.0004,,,,,,,,,-0.0003,0.0003,
3068130089,(주)건설자재산업,,,,,0.0008,0.0065,0.002,,,,,,,,,0.0057,-0.0045,,,,,
3068135556,주식회사명일전기,0.001,0.0007,0.0005,,,,,,,,,-0.0003,-0.0002,,,,,,,,,
3068800191,더제이마트주식회사,,,,0.0014,0.0611,0.9131,,,,,,,,,0.0597,0.852,,,,,,
3078125143,(주)대전지오영,0.875,,,,,,,,,,,,,,,,,,,,,
3078147278,농업회사법인영식품주식회사,,,,,,,0.0013,0.0648,0.4431,,,,,,,,,0.0635,0.3783,,,
3088702392,(주)레드푸드,,,,,,,,,0.0034,0.1034,0.9816,,,,,,,,,0.1,0.8782,
3108108999,가스코주식회사,0.036,0.0673,0.3203,0.5589,,,,,,,,0.0313,0.253,0.2386,,,,,,,,
3108117542,농업회사법인주식회사쿱농산,0.0567,0.002,0.4711,0.2185,0.0865,0.2206,0.0027,0.3353,0.6674,0.8275,,-0.0547,0.4691,-0.2526,-0.132,0.1341,-0.2179,0.3326,0.3321,0.1601,,
3108126890,농업회사법인한돈산업주식회사,0.0276,0.0314,,,,,,,,,,0.0038,,,,,,,,,,
3118120486,주식회사선인상사,,,,,,0.0016,0.001,,0.0044,0.0028,0.0029,,,,,,-0.0006,,,-0.0016,0.0001,
3118124202,주식회사오일네트워크,0.0278,0.0122,0.246,0.1915,0.0435,0.0599,0.2764,0.8216,0.7496,,,-0.0156,0.2338,-0.0545,-0.148,0.0164,0.2165,0.5452,-0.072,,,
3118136159,(주)명륜철강,,,0.0023,0.1532,0.9764,,,,,,,,,0.1509,0.8232,,,,,,,
3128117664,경신철강(주),0.7795,0.8443,0.7662,,,,,,,,,0.0648,-0.0781,,,,,,,,,
3128126066,(주)중부농축산물류센터,0.114,0.1326,,,,,,,,,,0.0186,,,,,,,,,,
3128128841,대일종합건설(주),,,,,,0.0028,0.0278,0.9096,0.8645,0.6426,,,,,,,0.025,0.8818,-0.0451,-0.2219,,
3128144633,주식회사아이언,0.0045,0.3566,,,,,,,,,,0.3521,,,,,,,,,,
3128151231,(주)지문사,,,0.0006,0.0739,0.0955,0.0872,0.1221,,,,,,,0.0733,0.0216,-0.0083,0.0349,,,,,
3128172430,(주)아산약품,0.0255,0.7588,,,,,,,,,,0.7333,,,,,,,,,,
3128191820,주식회사애니모드,0.5219,,,,,,,,,,,,,,,,,,,,,
3128196242,(주)오상,0.8261,0.8089,0.75,0.6469,0.3232,0.8578,0.8122,0.8815,,,,-0.0172,-0.0589,-0.1031,-0.3237,0.5346,-0.0456,0.0693,,,,
3128600756,커피몰,,,,,,,,,0.0014,0.2122,0.8021,,,,,,,,,0.2108,0.5899,
3128605727,(주)리버,,,,,,,,,0.0008,0.001,0.4768,,,,,,,,,0.0002,0.4758,
3128608063,(주)굿모닝월드,0.0011,0.0002,0.0002,0.0001,0.0258,0.3067,0.6273,0.6914,0.8432,,,-0.0009,0.0,-0.0001,0.0257,0.2809,0.3206,0.0641,0.1518,,,
3128613116,주식회사백옥생,0.8146,0.9277,,,,,,,,,,0.1131,,,,,,,,,,
3128617878,주식회사혜은,,,,,,,,,0.0009,0.0001,0.0002,,,,,,,,,-0.0008,0.0001,
3128622162,주식회사푸드라이브,0.0009,0.5953,0.4915,0.4415,0.5179,0.5159,,,,,,0.5944,-0.1038,-0.05,0.0764,-0.002,,,,,,
3128634483,알앤비,0.0004,0.0006,0.0009,0.0012,0.0006,0.262,0.4402,0.9662,,,,0.0002,0.0003,0.0003,-0.0006,0.2614,0.1782,0.526,,,,
3128651726,주식회사제너럴브랜즈,,,,,,0.0024,0.1488,0.9751,,,,,,,,,0.1464,0.8263,,,,
3128657394,주식회사이데아에너지,,,,,,,,,0.0012,0.0016,0.0024,,,,,,,,,0.0004,0.0008,
3128658340,주식회사소우메탈,,,,,,0.0011,0.0006,0.0006,0.0162,0.3915,,,,,,,-0.0005,0.0,0.0156,0.3753,,
3128661466,주식회사에이치티씨코프레이션,,,,,,,,,0.0005,0.0171,0.1571,,,,,,,,,0.0166,0.14,
3148109947,(주)한국케트,,,,,,,0.0007,0.0002,0.0004,,,,,,,,,-0.0005,0.0002,,,
3148111803,홈플러스스토어즈(주),0.3637,0.8455,0.9015,,,,,,,,,0.4818,0.056,,,,,,,,,
3148121048,주식회사와이엠지,,,0.0008,0.0022,0.0035,0.0077,0.0035,0.661,0.7951,0.3137,,,,0.0014,0.0013,0.0042,-0.0042,0.6575,0.1341,-0.4814,,
3148160435,(주)솔리드이엔지,0.0005,0.002,0.0005,0.0011,0.5853,0.9691,0.9825,,,,,0.0015,-0.0015,0.0006,0.5842,0.3838,0.0134,,,,,
3148179045,주식회사티원모바일,,,,,,0.001,0.0003,,,,0.1592,,,,,,-0.0007,,,,,
3148619853,정인스틸주식회사,0.0015,0.0003,0.0005,0.0006,0.3757,0.2752,,,,,,-0.0012,0.0002,0.0001,0.3751,-0.1005,,,,,,
3148626349,주)프레시원중부,0.8783,,,,,,,,,,,,,,,,,,,,,
3148626446,(주)제이엘모터스,,,,,0.0024,0.0793,0.9463,,,,,,,,,0.0769,0.867,,,,,
3148639387,주식회사이지텍,,,,,,,0.0009,0.0553,0.7543,,,,,,,,,0.0544,0.699,,,
3148662141,주식회사두드림에스엔씨,,,,,,,,0.0012,0.0001,0.0,,,,,,,,,-0.0011,-0.0001,,
3148700176,주식회사세나트레이딩,,,,,,,,,0.0004,0.0002,0.0049,,,,,,,,,-0.0002,0.0047,
3158132820,주식회사이도,,,,,,0.0009,0.1219,0.9176,,,,,,,,,0.121,0.7957,,,,
3158133886,주식회사대송메디칼,,,,,0.0009,0.002,0.0008,,,,,,,,,0.0011,-0.0012,,,,,
3158600885,주식회사잇다,,,,,,,,,0.0013,0.0054,0.0034,,,,,,,,,0.0041,-0.002,
3168128668,주식회사서현공영,,,,,,,,0.0076,0.0619,0.736,,,,,,,,,0.0543,0.6741,,
3168801071,주식회사분당제일에너지,,,,,0.0019,0.0088,0.0037,0.0244,0.0165,0.0776,,,,,,0.0069,-0.0051,0.0207,-0.0079,0.0611,,
3178100659,(주)유너스,,,,,,,,,0.001,0.1934,0.8255,,,,,,,,,0.1924,0.6321,
3178109209,(주)케이아이,0.4949,0.2257,0.2597,0.1125,0.4499,,,,,,,-0.2692,0.034,-0.1472,0.3374,,,,,,,
3178124739,농업회사법인주식회사힐링식품,0.06,0.0107,0.4412,0.0032,0.0033,0.3717,0.0048,0.68,,,,-0.0493,0.4305,-0.438,0.0001,0.3684,-0.3669,0.6752,,,,
3178131564,주식회사피에이치클럽,,,,,,,,0.0013,0.0853,0.0046,,,,,,,,,0.084,-0.0807,,
3178147367,주식회사은선컴퍼니,,,,,0.0025,0.149,0.9085,,,,,,,,,0.1465,0.7595,,,,,
3178802485,(주)이랜드글로벌,,,,,,,,,0.0008,0.1039,0.6434,,,,,,,,,0.1031,0.5395,
3188108106,대보산업주식회사,,,0.0024,0.0765,0.8712,,,,,,,,,0.0741,0.7947,,,,,,,
3208701321,주식회사달구벌에프앤디(F&D),,,,,,,,,0.0007,0.0017,0.0041,,,,,,,,,0.001,0.0024,
3228600812,(주)퍼플랩스헬스케어,,,,,,,0.0023,0.1637,0.8803,,,,,,,,,0.1614,0.7166,,,
3238600794,주식회사마크티,,,,,,,,0.0031,,0.0915,0.8278,,,,,,,,,,0.7363,
3248601613,주식회사더위너테크,,,,,,,,0.0045,0.0763,0.8393,,,,,,,,,0.0718,0.763,,
3248701148,본에프디(주),,,,,0.0006,0.0002,0.0003,,,,,,,,,-0.0004,0.0001,,,,,
3248800243,주식회사에이플네이처,,,,,,0.0041,0.1457,0.969,,,,,,,,,0.1416,0.8233,,,,
3268701085,주식회사스프리스,,,,,0.0038,0.1433,0.9668,,,,,,,,,0.1395,0.8235,,,,,
3278800728,주식회사제이윤코스메틱,,,,,,,,,0.0004,0.0003,0.0007,,,,,,,,,-0.0001,0.0004,
3308100837,오앤비(주),,,,,,,,0.0016,0.0231,0.751,,,,,,,,,0.0215,0.7279,,
3328701436,디에스글로벌주식회사,,,,,,,,,0.0005,0.0001,0.0002,,,,,,,,,-0.0004,0.0001,
3368800154,유키플러스주식회사,,,,,,0.0004,0.0001,0.0004,0.0012,,,,,,,,-0.0003,0.0003,0.0008,,,
3378100110,주식회사씨앤씨앤,,,,0.0019,0.0864,0.9185,0.9148,,,,,,,,0.0845,0.8321,-0.0037,,,,,
3378801684,주식회사팜스로컬푸드,,,,,,,,,0.0017,0.0016,0.0058,,,,,,,,,-0.0001,0.0042,
3418601471,전일티엠에스주식회사,,,,,,,,,0.0003,0.0,0.0001,,,,,,,,,-0.0003,0.0001,
3428102707,(주)대성팜,,,,,,,,,0.0007,0.0048,0.0046,,,,,,,,,0.0041,-0.0002,
3498100092,주식회사캔두코리아,,,,0.003,0.1856,0.978,,,,,,,,,0.1826,0.7924,,,,,,
3498700717,(주)가리온,,,,,,0.0007,0.0072,,0.0208,0.2541,,,,,,,0.0065,,,0.2333,,
3508600554,농업회사법인농협식품주식회사,,,,0.001,0.0214,0.9624,,,,,,,,,0.0204,0.941,,,,,,
3558100480,주원개발주식회사,,,,,0.002,0.0006,0.5446,,,,,,,,,-0.0014,0.544,,,,,
3558101887,주식회사유리존,,,,,,,0.0032,0.1262,0.7237,,,,,,,,,0.123,0.5975,,,
3558702011,주식회사삼영,,,,,,,,,0.0025,0.1646,0.8847,,,,,,,,,0.1621,0.7201,
3568100391,주식회사프리스틴,,,0.0014,0.0929,0.9276,,,,,,,,,0.0915,0.8347,,,,,,,
3598600885,(주)갤러리케이,,,,,,,0.0013,0.0009,0.0003,0.0006,,,,,,,,-0.0004,-0.0006,0.0003,,
3608601259,동진마린주식회사,,,,,,0.0009,0.0301,0.7902,0.035,0.0359,,,,,,,0.0292,0.7601,-0.7552,0.0009,,
3628100659,(주)비엔아이엔씨,,,,,,,,0.0016,,0.0003,0.0121,,,,,,,,,,0.0118,
3638100216,주식회사알비케이메디케어,,,,0.0012,0.0019,0.9405,,,,,,,,,0.0007,0.9386,,,,,,
3648701321,(주)에쓰프레시,,,,,,0.0011,0.0131,0.4027,0.333,,,,,,,,0.012,0.3896,-0.0697,,,
3668700916,(주)엔에스아리아,,,,,0.0034,0.1388,0.9874,,,,,,,,,0.1354,0.8486,,,,,
3738800148,미르스텐주식회사,,,,,,,,,0.0005,0.0023,0.0017,,,,,,,,,0.0018,-0.0006,
3758700813,(주)유영글로벌,,,,,0.0008,0.0006,0.5191,0.9242,,,,,,,,-0.0002,0.5185,0.4051,,,,
3758801478,주식회사디홀딩스,,,,,,,0.0064,0.2083,0.6609,,,,,,,,,0.2019,0.4526,,,
3768100186,주식회사제이엔비,,,,,,,,,0.0003,0.0003,0.0002,,,,,,,,,0.0,-0.0001,
3768702245,주식회사태양스포츠,,,,,,,,,0.0022,0.1321,0.0597,,,,,,,,,0.1299,-0.0724,
3828103058,디에스완주,,,,,,,,,0.0079,0.1681,0.9396,,,,,,,,,0.1602,0.7715,
3858100540,주식회사홀딩핸즈,,,,,,,0.0011,0.1324,0.014,,,,,,,,,0.1313,-0.1184,,,
3868100693,주식회사아이셀,,,,,,,,,0.0006,0.0008,0.0009,,,,,,,,,0.0002,0.0001,
3898101084,주식회사토이스타,,,,,,,,,0.0018,0.0167,0.0101,,,,,,,,,0.0149,-0.0066,
3908800099,주식회사유진디랩,,,,,,0.0052,0.0739,0.9863,,,,,,,,,0.0687,0.9124,,,,
3908800779,철산금속주식회사,,,,,,,,,0.0007,0.0005,0.0007,,,,,,,,,-0.0002,0.0002,
3948700696,주식회사더맘마,,,,,,,0.0012,0.0813,0.9573,,,,,,,,,0.0801,0.876,,,
3988801409,주식회사푀르스트,,,,,,,,,0.0037,0.0687,0.0503,,,,,,,,,0.065,-0.0184,
3998602542,디앤디프라퍼티솔루션(주),,,,,,,,,0.0009,0.0004,0.0008,,,,,,,,,-0.0005,0.0004,
3998700861,삼봉해운주식회사,,,,0.0008,0.0556,0.0035,0.0005,0.001,0.0009,0.0009,,,,,0.0548,-0.0521,-0.003,0.0005,-0.0001,0.0,,
4018114458,하이덱스스토리지(주),,,,,,,0.0009,0.1515,0.9582,0.2603,,,,,,,,0.1506,0.8067,-0.6979,,
4028157799,대승음료주식회사,,,,,0.0008,0.0011,0.0228,0.506,0.7683,0.7823,,,,,,0.0003,0.0217,0.4832,0.2623,0.014,,
4028180397,(주)유앤오일넷,,0.0051,0.012,0.6391,0.941,,,,,,,,0.0069,0.6271,0.3019,,,,,,,
4028602474,(주)우리에너지,,,0.002,0.0034,0.0041,0.005,0.0014,0.0005,0.0009,,,,,0.0014,0.0007,0.0009,-0.0036,-0.0009,0.0004,,,
4028602718,주식회사한영,,,,,,0.0013,0.0006,,0.0017,0.0025,0.0032,,,,,,-0.0007,,,0.0008,0.0007,
4028602848,주식회사셀원,,,,,,,,,0.0009,0.0722,0.2168,,,,,,,,,0.0713,0.1446,
4028700319,경기대형트럭주식회사,,,0.0021,0.0624,0.7442,,,0.885,0.5835,,,,,0.0603,0.6818,,,,-0.3015,,,
4038100187,동일유업주식회사,0.588,0.6632,,,,,,,,,,0.0752,,,,,,,,,,
4038109742,새한철강(주),0.0028,0.0021,0.0036,0.0012,,0.0039,0.0047,0.0026,,,,-0.0007,0.0015,-0.0024,,,0.0008,-0.0021,,,,
4038110064,주식회사에이유에스,0.0002,0.0027,,,,,,,,,,0.0025,,,,,,,,,,
4038144303,(주)총체보리한우유통사업단,0.009,,,,,,,,,,,,,,,,,,,,,
4038150770,(주)성화엠앤알,,,,,,,,0.0008,0.0002,0.0001,,,,,,,,,-0.0006,-0.0001,,
4058111128,농업회사법인주식회사원미트푸드,,,,,,,,,0.0017,0.1358,0.0945,,,,,,,,,0.1341,-0.0413,
4068164837,주식회사브리크,,,,,,,,,0.0013,0.0004,0.0011,,,,,,,,,-0.0009,0.0007,
4088123147,(주)에너지와공조,0.7462,0.0923,0.339,0.5866,0.2302,0.4809,0.8106,0.9691,,,,-0.6539,0.2467,0.2476,-0.3564,0.2507,0.3297,0.1585,,,,
4088144690,(주)천하레포츠,,,,,0.4986,0.943,,,,,,,,,,0.4444,,,,,,
4088168218,건진건설(주),0.4544,0.9208,0.9672,,,,,,,,,0.4664,0.0464,,,,,,,,,
4088168708,주식회사삼일티엔씨,,,,,,,,,0.0004,0.0001,0.0002,,,,,,,,,-0.0003,0.0001,
4088174345,(주)신진,,,,,,,,,0.0015,0.0176,0.0548,,,,,,,,,0.0161,0.0372,
4088188233,농업회사법인주식회사메가바이오,0.002,0.003,0.386,0.8752,0.8906,,,,,,,0.001,0.383,0.4892,0.0154,,,,,,,
4098109963,금하철강스텐주식회사,,0.0953,0.0127,0.0244,0.3379,0.0952,,,,,,,-0.0826,0.0117,0.3135,-0.2427,,,,,,
4098111533,광암철강(주),,0.0026,0.0017,0.098,0.0003,0.0227,,0.0001,0.0001,,,,-0.0009,0.0963,-0.0977,0.0224,,,0.0,,,
4098122331,(주)송원,0.9211,0.9761,,,,,,,,,,0.055,,,,,,,,,,
4098168434,은복프라임미트(주),,,,,0.0006,0.0008,0.0006,0.0816,0.8454,0.7235,,,,,,0.0002,-0.0002,0.081,0.7638,-0.1219,,
4098178169,(주)삼성메디칼,0.0006,0.0005,0.0011,0.0003,0.0012,0.0014,,,,,,-0.0001,0.0006,-0.0008,0.0009,0.0002,,,,,,
4098190635,드림디엔씨(주),,,,0.0019,0.0005,0.0049,0.4257,0.9604,0.9009,,,,,,-0.0014,0.0044,0.4208,0.5347,-0.0595,,,
4098199636,주식회사한두레유통,,,,,,,,,0.001,0.0449,0.8052,,,,,,,,,0.0439,0.7603,
4098619923,농업회사법인자연마을주식회사,,,,,,,,0.0007,0.002,0.2328,,,,,,,,,0.0013,0.2308,,
4098624431,영우의약품물류(주),,,,,,,0.0009,0.0008,0.0008,0.0011,,,,,,,,-0.0001,0.0,0.0003,,
4098639647,송원제이주식회사,0.0012,0.0316,0.0112,,,,,,,,,0.0304,-0.0204,,,,,,,,,
4098650128,알파고이엘티(주),,,,0.0008,0.0042,0.0088,,,,,0.0524,,,,0.0034,0.0046,,,,,,
4108114428,(주)청산유통,0.7405,,,,,,,,,,,,,,,,,,,,,
4108142190,(주)반도메딕스,,0.0022,0.0001,0.0001,0.0007,,,,,,,,-0.0021,0.0,0.0006,,,,,,,
4108163273,남경메디칼주식회사,0.4549,0.0472,0.0006,0.0028,0.0007,0.0013,0.0008,0.0013,0.0011,,,-0.4077,-0.0466,0.0022,-0.0021,0.0006,-0.0005,0.0005,-0.0002,,,
4108191099,아트보드방음(주),,,,,,,,,0.002,0.0223,0.2269,,,,,,,,,0.0203,0.2046,
4108196527,주식회사유성가축약품,,,,,,,,,0.0004,0.0001,0.0002,,,,,,,,,-0.0003,0.0001,
4108198336,(주)남상,0.0027,0.0094,0.3315,0.001,0.1479,0.4652,0.9673,,,,,0.0067,0.3221,-0.3305,0.1469,0.3173,0.5021,,,,,
4108199989,(주)제이케이,0.0422,0.0898,0.0895,0.0681,0.0112,0.3741,0.6394,0.9361,,,,0.0476,-0.0003,-0.0214,-0.0569,0.3629,0.2653,0.2967,,,,
4108607446,(주)팬케미칼,,,,,,,,,0.0023,0.0824,0.6776,,,,,,,,,0.0801,0.5952,
4108641158,주식회사프레시원광주,0.6444,0.6149,0.2725,0.0797,0.0031,0.0088,0.4016,0.8087,0.0077,0.6339,,-0.0295,-0.3424,-0.1928,-0.0766,0.0057,0.3928,0.4071,-0.801,0.6262,,
4108649655,주식회사알이써밋,,0.0152,0.1092,0.9154,,,,,,,,,0.094,0.8062,,,,,,,,
4108663415,농업회사법인스마트팜주식회사,,,,0.0035,0.159,0.936,,,,,,,,,0.1555,0.777,,,,,,
4108673169,(주)세움케이앤디,,0.0089,0.0132,0.9637,,,,,,,,,0.0043,0.9505,,,,,,,,
4108682751,주식회사메탈코리아,,0.0046,0.0431,0.0012,0.0139,0.0093,0.6318,0.1416,0.0058,,,,0.0385,-0.0419,0.0127,-0.0046,0.6225,-0.4902,-0.1358,,,
4108686247,주식회사대원,,,,,,,,,0.001,0.0003,0.0411,,,,,,,,,-0.0007,0.0408,
4108708383,주식회사아이티,,,,,,0.0006,0.0003,0.0028,,,,,,,,,-0.0003,0.0025,,,,
4118193047,농업회사법인주식회사이동식,,,,,,,,,0.0015,0.1497,0.9663,,,,,,,,,0.1482,0.8166,
4128127841,아이에스오일(주),,,,,,0.0011,0.1108,0.8996,,,,,,,,,0.1097,0.7888,,,,
4128600376,(주)형지글로벌,,,0.002,0.0002,0.0001,0.0003,0.0004,0.6963,0.8142,0.9522,,,,-0.0018,-0.0001,0.0002,0.0001,0.6959,0.1179,0.138,,
4128700446,주식회사더블유에스아이,,,,0.0019,0.0001,0.0001,,,,,,,,,-0.0018,0.0,,,,,,
4158143141,장자도어업그룹한국주식회사,0.0101,0.0281,0.0766,0.0171,0.1759,0.1789,,,,,,0.018,0.0485,-0.0595,0.1588,0.003,,,,,,
4168117118,(주)봉화,,,,,0.0024,0.0112,0.7837,0.6606,0.1837,,,,,,,0.0088,0.7725,-0.1231,-0.4769,,,
4168189567,주식회사한국원자재유통공사,,,0.0008,0.1593,0.9094,0.9604,,,,,,,,0.1585,0.7501,0.051,,,,,,
4168190953,농업회사법인(주)항암식품,,0.0068,0.042,0.183,0.1676,0.061,0.0527,0.5346,0.8765,0.53,,,0.0352,0.141,-0.0154,-0.1066,-0.0083,0.4819,0.3419,-0.3465,,
4168191059,(주)강동유통,0.0041,0.0187,0.0043,0.0808,,,,,,0.2844,0.7557,0.0146,-0.0144,0.0765,,,,,,,0.4713,
4178144597,(주)율촌,,,,,,,,,0.0007,0.1256,0.002,,,,,,,,,0.1249,-0.1236,
4188109986,국일철강주식회사,0.2672,0.5673,0.7965,,,,,,,,,0.3001,0.2292,,,,,,,,,
4188153712,에이치케이특수지상사주식회사,,,0.002,,,,0.0027,0.0305,0.0441,,,,,,,,,0.0278,0.0136,,,
4198700995,플러스옵틱주식회사,,,,,,,,,0.0004,0.0002,0.0002,,,,,,,,,-0.0002,0.0,
4208600678,(주)뉴카카,,,,,0.0008,0.0074,0.5871,0.8768,,,,,,,,0.0066,0.5797,0.2897,,,,
4218800807,(주)모드니분당,,,,,,,,,0.0005,0.0017,0.013,,,,,,,,,0.0012,0.0113,
4228702908,주식회사와할인몰,,,,,,,,,0.0033,0.0934,0.8817,,,,,,,,,0.0901,0.7883,
4268702593,디에스전주주식회사,,,,,,,,,0.0043,0.0205,0.9321,,,,,,,,,0.0162,0.9116,
4288700761,주식회사피비지,,,,,,,,,0.0007,0.1842,0.7153,,,,,,,,,0.1835,0.5311,
4288701057,(주)신세계디에프글로벌,,,,,,0.004,0.0305,0.9386,,,,,,,,,0.0265,0.9081,,,,
4298101742,주식회사수석네트웍스,,,,,,,,,0.0007,0.0012,0.0038,,,,,,,,,0.0005,0.0026,
4308602315,주식회사온누리스토어,,,,,,,,,0.0008,0.0001,0.0715,,,,,,,,,-0.0007,0.0714,
4318102614,주식회사호야인베스트먼트,,,,,,,,,0.0036,0.1746,0.9777,,,,,,,,,0.171,0.8031,
4328600569,주식회사펫닥,,,,,,,,,0.0016,0.1984,0.9441,,,,,,,,,0.1968,0.7457,
4328802810,주식회사인핸스테크,,,,,,,,,0.0081,0.1577,0.7543,,,,,,,,,0.1496,0.5966,
4358700788,용산스포츠오토모빌주식회사,,,,0.0026,0.1253,0.9134,,,,,,,,,0.1227,0.7881,,,,,,
4358800558,(주)보담인터내셔널,,,,,,,,,0.002,0.002,0.006,,,,,,,,,0.0,0.004,
4388101450,엘앤케이에너지(주),,,,,,,,,0.0006,0.0005,0.0004,,,,,,,,,-0.0001,-0.0001,
4388600077,동백철강주식회사,,,,,,,,0.0018,0.0006,0.0012,,,,,,,,,-0.0012,0.0006,,
4458602165,주식회사파비오,,,,,,,,,0.0018,0.0031,0.0173,,,,,,,,,0.0013,0.0142,
4468601698,동북아엘엔지허브터미널주식회사,,,,,,,,0.0074,0.0307,0.209,,,,,,,,,0.0233,0.1783,,
4468601913,피스피스스튜디오주식회사,,,,,,,,,0.0004,0.0001,0.0002,,,,,,,,,-0.0003,0.0001,
4478600407,주식회사금성씨엠,,,,0.0028,0.1569,0.9689,0.9694,,,,,,,,0.1541,0.812,0.0005,,,,,
4488800461,해와달주식회사,,,,,,,,,0.001,0.0001,0.0005,,,,,,,,,-0.0009,0.0004,
4518101583,(주)메디케어랩스,,,,,,,,,0.0019,0.2635,0.1231,,,,,,,,,0.2616,-0.1404,
4518801049,(주)글로우서울,,,,,,,,,0.0009,0.135,0.0008,,,,,,,,,0.1341,-0.1342,
4558801357,수소에너지네트워크(주),,,,,,,0.0027,0.0749,0.8761,,,,,,,,,0.0722,0.8012,,,
4568802081,주식회사주일하우징,,,,,,,,,0.0035,0.0869,0.0033,,,,,,,,,0.0834,-0.0836,
4578701531,주식회사보고플레이,,,,,,,,0.0017,0.0383,0.7484,,,,,,,,,0.0366,0.7101,,
4608802417,주식회사씨앤엔메디컬,,,,,,,,,0.0008,0.0001,0.0003,,,,,,,,,-0.0007,0.0002,
4618101412,주식회사필마트,,,,,,,,0.0023,0.0282,0.3405,,,,,,,,,0.0259,0.3123,,
4628601012,알파앤에너지(주),,,,,0.0034,0.0845,0.9496,,,,,,,,,0.0811,0.8651,,,,,
4628800531,(주)슬립앤슬립이노베이션,,,,,0.0008,0.208,0.9459,0.9497,,,,,,,,0.2072,0.7379,0.0038,,,,
4648700734,시엔에스주식회사,,,,,,,,,0.0015,0.0002,0.0004,,,,,,,,,-0.0013,0.0002,
4668101251,주식회사티피에이리테일,,,,,,0.0061,0.0569,0.9753,,,,,,,,,0.0508,0.9184,,,,
4668600295,주식회사미륭개발,,0.0126,0.0051,0.0339,0.9274,,,,,,,,-0.0075,0.0288,0.8935,,,,,,,
4698100800,삼일네트웍스,,,,,0.0022,0.2615,0.0433,,,,,,,,,0.2593,-0.2182,,,,,
4698701437,주식회사성인석유,,,,,,,,0.0018,0.0003,0.0003,,,,,,,,,-0.0015,0.0,,
4718700241,（주）신미코스메틱,,,,0.0002,0.0,0.0105,,,,,,,,,-0.0002,0.0105,,,,,,
4718800025,(주)엘브이위본,,0.0083,0.0574,0.946,,,,,,,,,0.0491,0.8886,,,,,,,,
4728600024,(주)한국다원호간보,,,,,0.0003,0.0078,0.4278,0.8932,,,,,,,,0.0075,0.42,0.4654,,,,
4728600271,태성글로벌주식회사,,,,,0.0038,0.1357,,0.966,,,,,,,,0.1319,,,,,,
4738101278,주식회사아즈텍코리아,,,,,,,,,0.0005,0.0001,0.0004,,,,,,,,,-0.0004,0.0003,
4758100969,주식회사준성약품,,,,,,,,,0.0012,0.0016,0.0008,,,,,,,,,0.0004,-0.0008,
4758700239,제이더블유엠주식회사,,,0.0032,0.0033,0.0311,0.4372,0.9202,,,,,,,0.0001,0.0278,0.4061,0.483,,,,,
4768600818,주식회사피드네이처,,,,,,,0.0009,0.0001,0.0005,,,,,,,,,-0.0008,0.0004,,,
4788602753,신두비치개발주식회사,,,,,,,,,0.0038,0.0088,0.7449,,,,,,,,,0.005,0.7361,
4798101975,(주)편안세상텔레콤,,,,,,,,,0.0011,0.138,0.9151,,,,,,,,,0.1369,0.7771,
4798600516,주식회사클래스유,,,,,,,,,0.0007,0.0057,0.0006,,,,,,,,,0.005,-0.0051,
4808800669,푸드팡주식회사,,,,,,,,0.0049,0.0459,0.9416,,,,,,,,,0.041,0.8957,,
4818601008,주식회사슈펙스빌리지,,,,,0.0042,0.0347,0.0654,0.0457,0.0814,,,,,,,0.0305,0.0307,-0.0197,0.0357,,,
4838100994,주식회사유진홈센터,,,,,,0.0047,0.1382,0.985,,,,,,,,,0.1335,0.8468,,,,
4858800607,주식회사슈퍼메이커즈,,,,,,,,0.0056,0.063,0.9173,,,,,,,,,0.0574,0.8543,,
4898801781,주식회사에쓰핀테크놀로지,,,,,,,,,0.0016,0.1408,0.585,,,,,,,,,0.1392,0.4442,
4908600115,에스케이씨인프라서비스주식회사,,,,0.0016,0.0001,0.0017,0.0014,0.0012,0.0017,0.0009,,,,,-0.0015,0.0016,-0.0003,-0.0002,0.0005,-0.0008,,
4908600546,주식회사엠비케이코퍼레이션,,,0.0003,0.0289,0.4186,0.782,,,,,,,,0.0286,0.3897,0.3634,,,,,,
4928800342,주식회사제노피코리아,,,,,,,,0.0025,0.1459,0.8684,,,,,,,,,0.1434,0.7225,,
4948600096,주식회사에스에이홀딩스,,0.0174,0.0626,0.9356,,,,,,,,,0.0452,0.873,,,,,,,,
4988600540,주식회사이지겟인터내셔널,,,,,,,,,0.0009,0.0056,0.06,,,,,,,,,0.0047,0.0544,
5018100026,(주)대구백화점,0.0262,0.1023,0.2905,0.8335,,,,,,,,0.0761,0.1882,0.543,,,,,,,,
5018114909,(주)대영모스,,,,,,,,,0.0017,0.0606,0.4196,,,,,,,,,0.0589,0.359,
5018116703,주식회사대구스텐레스,0.0003,,0.0005,0.0007,0.0002,,,,0.0002,0.0002,0.0041,,,0.0002,-0.0005,,,,,0.0,0.0039,
5028110395,주식회사경북가스,0.0024,0.0031,0.0093,0.0022,0.0004,0.0029,0.0627,0.3429,0.4912,,,0.0007,0.0062,-0.0071,-0.0018,0.0025,0.0598,0.2802,0.1483,,,
5028110508,우일화학주식회사,,,,,,,,,0.0003,0.0001,0.0001,,,,,,,,,-0.0002,0.0,
5028130805,한국카스코(주),0.9282,,,,,,,,,,,,,,,,,,,,,
5028155621,주식회사태산이앤엘,0.0009,0.033,0.0031,0.0218,0.005,0.0594,0.3146,0.9411,,,,0.0321,-0.0299,0.0187,-0.0168,0.0544,0.2552,0.6265,,,,
5028164756,주식회사동명,,0.0013,0.0001,0.0,0.0002,0.001,0.0004,0.0309,0.001,0.4322,,,-0.0012,-0.0001,0.0002,0.0008,-0.0006,0.0305,-0.0299,0.4312,,
5028182910,주식회사한스씨앤티,0.0042,0.0067,0.0111,0.0235,0.2409,0.0399,0.0858,0.3505,0.0951,0.8784,,0.0025,0.0044,0.0124,0.2174,-0.201,0.0459,0.2647,-0.2554,0.7833,,
5028198085,(주)신우폴리켐,,,,0.0007,0.0692,0.0012,0.3462,0.001,0.0003,0.0123,,,,,0.0685,-0.068,0.345,-0.3452,-0.0007,0.012,,
5028198824,(주)인터불고유통,0.4386,0.0586,0.0674,0.642,,,,,,,,-0.38,0.0088,0.5746,,,,,,,,
5028199876,주식회사신창모터스,0.0021,0.0854,0.9469,,,,,,,,,0.0833,0.8615,,,,,,,,,
5028609985,한영모터스(주),0.002,0.0002,0.001,0.242,0.9064,0.9364,,,,,,-0.0018,0.0008,0.241,0.6644,0.03,,,,,,
5028612836,주식회사고은타워,0.0014,0.0643,0.4677,0.9021,,,,,,,,0.0629,0.4034,0.4344,,,,,,,,
5028617879,와이엠토요타주식회사(YMTOYOTA),,,,0.0023,0.0003,0.0146,,,,0.0632,0.5123,,,,-0.002,0.0143,,,,,0.4491,
5028627794,빅팜주식회사,,,,,,,,,0.0006,0.0012,0.004,,,,,,,,,0.0006,0.0028,
5028628395,주식회사신세계라이브쇼핑,,,0.0012,0.0733,0.9142,,,,,,,,,0.0721,0.8409,,,,,,,
5028631809,(주)웰리치아이앤디,,,,0.0028,0.1106,0.9643,,,,,,,,,0.1078,0.8537,,,,,,
5028632545,주식회사무한컴퍼니,,,,,,0.0038,0.0124,0.1008,0.0666,0.0794,,,,,,,0.0086,0.0884,-0.0342,0.0128,,
5038143225,그린에너지,,,,,,0.0021,0.0257,0.002,0.0014,0.0007,,,,,,,0.0236,-0.0237,-0.0006,-0.0007,,
5038153631,(주)모다아울렛,0.0017,0.003,,,,,,,,,,0.0013,,,,,,,,,,
5038169526,한국광유(주),0.7886,,,,,,,,,,,,,,,,,,,,,
5038173281,주식회사라이브론,0.0779,0.6159,0.0083,0.0614,0.7876,0.9385,,,,,,0.538,-0.6076,0.0531,0.7262,0.1509,,,,,,
5038179742,주식회사에스엠티케미칼,0.7073,0.292,0.9236,,,,,,,,,-0.4153,0.6316,,,,,,,,,
5038182999,주식회사케이지자원개발,0.1735,0.9671,,,,,,,,,,0.7936,,,,,,,,,,
5038188668,주식회사떡보의하루,,,,0.0028,0.1497,0.1196,,,,,,,,,0.1469,-0.0301,,,,,,
5038189779,주식회사우리식자재,,,,,,,,,0.0005,0.0003,0.0002,,,,,,,,,-0.0002,-0.0001,
5038602030,주식회사프레시원대구경북,0.0356,0.8259,0.4046,0.004,0.0023,0.0031,0.0103,0.0327,0.0088,0.4891,,0.7903,-0.4213,-0.4006,-0.0017,0.0008,0.0072,0.0224,-0.0239,0.4803,,
5038607243,(주)다인필,0.0044,0.1374,0.9895,,,,,,,,,0.133,0.8521,,,,,,,,,
5038612881,주식회사일등모터스,,,,,,,,,0.0017,0.0741,0.0202,,,,,,,,,0.0724,-0.0539,
5048103959,(주)대천,,,,,,,,,0.0014,0.0544,0.0449,,,,,,,,,0.053,-0.0095,
5048108288,동성철강(주),0.7915,,,,,,,,,,,,,,,,,,,,,
5048108973,(주)동양특수강,0.0001,0.0011,0.4815,0.5621,,,,,,,,0.001,0.4804,0.0806,,,,,,,,
5048109045,(주)한신가스,,,0.0176,0.0007,0.377,0.0049,0.4245,0.7159,0.8026,,,,,-0.0169,0.3763,-0.3721,0.4196,0.2914,0.0867,,,
5048117069,(주)에이치씨홈센타,0.2384,0.0329,0.3448,0.6226,0.9502,,,,,,,-0.2055,0.3119,0.2778,0.3276,,,,,,,
5048122257,국성인터내셔널주식회사,0.001,0.0001,0.0527,0.3223,0.2317,0.9154,,,,,,-0.0009,0.0526,0.2696,-0.0906,0.6837,,,,,,
5048139699,삼우철강주식회사,,,,,,,,,0.001,0.0129,0.7512,,,,,,,,,0.0119,0.7383,
5048144703,(주)기은씨앤피,,,,,0.0024,0.0817,0.0091,0.3041,,,,,,,,0.0793,-0.0726,0.295,,,,
5048155122,한미철강(주,0.0006,,0.0017,0.466,0.0135,,,0.0007,0.0058,,,,,0.4643,-0.4525,,,,0.0051,,,
5048167652,주식회사보하라,,,,0.0021,0.1071,0.9685,,,,,,,,,0.105,0.8614,,,,,,
5048172500,주식회사윙스풋,0.1377,0.4507,0.0048,0.0042,0.001,0.0039,0.0013,0.002,,,,0.313,-0.4459,-0.0006,-0.0032,0.0029,-0.0026,0.0007,,,,
5048183477,씨지리테일,,0.0014,0.0002,0.0,0.0003,0.001,0.3559,0.7274,0.5093,,,,-0.0012,-0.0002,0.0003,0.0007,0.3549,0.3715,-0.2181,,,
5048185572,대성하이스코(주),,,,,,0.0027,0.1353,0.9266,,,,,,,,,0.1326,0.7913,,,,
5048198043,(주)씨지인터내셔널,,,,,0.0032,0.0032,0.0011,0.0068,0.4992,,,,,,,0.0,-0.0021,0.0057,0.4924,,,
5048610775,주식회사바다푸드,,,,,,,,,0.0006,0.0009,0.0016,,,,,,,,,0.0003,0.0007,
5048614581,주식회사세종마트,,,,,,,,,0.0007,0.0002,0.0001,,,,,,,,,-0.0005,-0.0001,
5048700110,주식회사렌쥴리에듀테인먼트,,,,0.0046,0.1239,0.1544,0.6552,0.8172,0.0277,0.0012,,,,,0.1193,0.0305,0.5008,0.162,-0.7895,-0.0265,,
5058120719,강동건설주식회사,0.0015,,0.3043,0.2258,,,,,,,,,,-0.0785,,,,,,,,
5058140603,월드오토트레이딩,0.0116,0.0457,0.0042,0.0251,0.0178,0.0132,,,,,,0.0341,-0.0415,0.0209,-0.0073,-0.0046,,,,,,
5058149905,월드건축자재(주),,,0.0016,0.0739,0.0696,0.0362,0.0325,0.6837,0.7198,,,,,0.0723,-0.0043,-0.0334,-0.0037,0.6512,0.0361,,,
5058151769,(주)고려로지텍,0.0192,0.7639,0.9274,0.9364,,,,,,,,0.7447,0.1635,0.009,,,,,,,,
5058159932,(주)인터내셔널오토트레이딩,0.0097,0.0169,0.0026,0.0052,0.0017,0.0043,,,,,,0.0072,-0.0143,0.0026,-0.0035,0.0026,,,,,,
5058163493,(주)오케이에너지,,,,0.0022,0.0378,0.0904,,,,,,,,,0.0356,0.0526,,,,,,
5058180793,주식회사와우코리아,,,,,,,0.0014,0.2236,0.5652,,,,,,,,,0.2222,0.3416,,,
5058700603,주식회사달구벌유통,,,,,,0.0014,0.0791,,,0.0416,0.0046,,,,,,0.0777,,,,-0.037,
5068114637,클라리언트플라스틱앤코팅(주),0.0001,0.0005,0.0001,,,,,,,,,0.0004,-0.0004,,,,,,,,,
5068125231,주식회사참마트포항농수산물유통센타,,,,,,,0.0005,0.0702,0.874,0.7636,,,,,,,,0.0697,0.8038,-0.1104,,
5068136285,남경자원(주),0.0015,0.0705,0.0247,0.0041,0.0042,0.0034,0.1691,,,,,0.069,-0.0458,-0.0206,0.0001,-0.0008,0.1657,,,,,
5068140886,(주)대신철강,0.5792,,,,,,,,,,,,,,,,,,,,,
5068178704,본아이온주식회사,0.0396,0.957,0.5962,0.625,0.6529,0.9399,,,,,,0.9174,-0.3608,0.0288,0.0279,0.287,,,,,,
5068181645,천지인,,,0.0032,0.0715,0.7326,0.8488,0.9003,0.8971,0.7287,,,,,0.0683,0.6611,0.1162,0.0515,-0.0032,-0.1684,,,
5068182284,주식회사원플러스에프앤씨,,,0.0021,0.0888,0.6325,0.9088,,,,,,,,0.0867,0.5437,0.2763,,,,,,
5078109893,농업회사법인주식회사한농,,,0.0017,0.0333,0.9272,,,,,,,,,0.0316,0.8939,,,,,,,
5088131253,청송사과유통공사,0.011,0.0135,,,,,,,,,,0.0025,,,,,,,,,,
5088131476,세화철강(주),,,,,,,,,0.0018,0.0412,0.0218,,,,,,,,,0.0394,-0.0194,
5088700150,주식회사골든블루인터내셔널,,,,,,,,,0.0028,0.1115,0.7743,,,,,,,,,0.1087,0.6628,
5098100904,(주)동산에스엔알,,,,,,0.0016,0.0125,0.0007,0.3023,0.5988,,,,,,,0.0109,-0.0118,0.3016,0.2965,,
5098105383,지에스길산스틸주식회사,,,,0.001,0.0058,0.7602,0.8819,0.9676,,,,,,,0.0048,0.7544,0.1217,0.0857,,,,
5108118684,(주)유진윈시스,0.0028,0.0027,0.0046,0.104,0.0087,0.0076,0.0209,0.6925,0.5435,,,-0.0001,0.0019,0.0994,-0.0953,-0.0011,0.0133,0.6716,-0.149,,,
5108129051,케이피에스(주),,,,,,0.0022,0.014,0.0174,0.0434,0.6988,,,,,,,0.0118,0.0034,0.026,0.6554,,
5108800131,합동기업(주),,,,0.0041,0.018,0.0996,,,,,,,,,0.0139,0.0816,,,,,,
5118110346,돌나라통상(주),0.9846,,,,,,,,,,,,,,,,,,,,,
5118117510,주식회사심팩로지스틱스,0.0184,,,,,,,,,,,,,,,,,,,,,
5118124312,주식회사와이엠케이에프앤비,,,,,,,,0.0031,0.0436,0.2428,,,,,,,,,0.0405,0.1992,,
5128125987,주식회사온힐,,,,,,,,,0.0021,0.065,0.8816,,,,,,,,,0.0629,0.8166,
5138110546,(주)제일엠아이,0.0007,0.0004,0.0034,0.0006,0.1029,0.0426,,,0.0051,0.001,0.0004,-0.0003,0.003,-0.0028,0.1023,-0.0603,,,,-0.0041,-0.0006,
5138112641,(주)지이엠,,,,,,,,,0.0009,0.0003,0.018,,,,,,,,,-0.0006,0.0177,
5138148377,주식회사동우글로벌,0.0008,0.0004,0.04,0.1507,,,,,,,,-0.0004,0.0396,0.1107,,,,,,,,
5138160411,주식회사티앤에스,,,0.0008,0.0001,,,,,,0.0001,0.0008,,,-0.0007,,,,,,,0.0007,
5138163626,이글스에너지주식회사,0.0048,0.0068,0.0093,0.0034,0.0021,0.0052,0.0036,,,,,0.002,0.0025,-0.0059,-0.0013,0.0031,-0.0016,,,,,
5138180737,(주)핫토리,,,,,,,,,0.0008,0.0861,0.8831,,,,,,,,,0.0853,0.797,
5148115108,(주)영진상사,0.0003,0.0003,0.0003,0.0001,0.0001,0.0002,,,,,,0.0,0.0,-0.0002,0.0,0.0001,,,,,,
5148125815,주식회사창안필마트,0.6339,0.0959,0.0291,0.1192,0.3442,,,,,,,-0.538,-0.0668,0.0901,0.225,,,,,,,
5148147707,(주)인타이어모터스,0.0024,0.0017,0.3898,0.8012,0.6161,,,,,,,-0.0007,0.3881,0.4114,-0.1851,,,,,,,
5148188066,(주)도호,0.0013,0.0166,0.7387,0.7661,0.9498,,,,,,,0.0153,0.7221,0.0274,0.1837,,,,,,,
5148199826,주식회사윈플러스마트서부,,,,,,,,,0.0029,0.1558,0.0336,,,,,,,,,0.1529,-0.1222,
5158102381,(주)한국마그넷트알로이,0.0163,0.3283,0.3368,0.7865,,,,,,,,0.312,0.0085,0.4497,,,,,,,,
5158136601,(주)금산인터내셔널,0.0001,0.0001,0.0,0.0441,0.6882,0.9076,,,,,,0.0,-0.0001,0.0441,0.6441,0.2194,,,,,,
5158139627,남성주식회사,,,0.0014,0.0296,0.943,,,,,,,,,0.0282,0.9134,,,,,,,
5158139817,(주)스와니코코,,,,,0.0002,0.0004,0.0007,0.1479,,,,,,,,0.0002,0.0003,0.1472,,,,
5188601687,주식회사피케이서울,,,,,,,,,0.0023,0.186,0.878,,,,,,,,,0.1837,0.692,
5188800789,주식회사케이엠에스패밀리,,,,,,0.0011,0.0002,0.0002,0.5171,0.0005,,,,,,,-0.0009,0.0,0.5169,-0.5166,,
5198602452,(주)에스엠에이치스포츠,,,,,,,,,0.0003,0.011,0.4294,,,,,,,,,0.0107,0.4184,
5218701832,농업회사법인주식회사그린,,,,,,,,,0.0006,0.0009,0.0019,,,,,,,,,0.0003,0.001,
5228601503,주식회사세종반곡주유소,,,,,,,,,0.0018,0.1414,0.5492,,,,,,,,,0.1396,0.4078,
5238801553,주식회사에이치엔케어,,,,,,,0.0004,0.0003,0.2657,,,,,,,,,-0.0001,0.2654,,,
5258700136,주식회사인터림스코리아,,,0.0019,0.0109,0.4875,0.6954,,,,,,,,0.009,0.4766,0.2079,,,,,,
5258700359,플라잉타이거코리아주식회사,,,,,,0.0027,0.0306,0.7629,,,,,,,,,0.0279,0.7323,,,,
5268100516,이엘물산(주),,,,,,,0.0013,0.1823,0.9388,,,,,,,,,0.181,0.7565,,,
5268600582,(주)근화이앤씨,,,,,0.0013,0.0602,0.846,0.9421,,,,,,,,0.0589,0.7858,0.0961,,,,
5278701198,(주)창신이앤이,,,,,,0.0041,0.1226,0.975,,,,,,,,,0.1185,0.8524,,,,
5288701416,(주)리테일앤인사이트,,,,,,,0.0017,0.179,0.7755,,,,,,,,,0.1773,0.5965,,,
5308101528,엠케이코리아,,,,,,0.0003,0.0001,0.0001,0.5197,0.7644,,,,,,,-0.0002,0.0,0.5196,0.2447,,
5338801303,주식회사메탈게이트,,,,,,,,,0.0014,0.0002,0.0023,,,,,,,,,-0.0012,0.0021,
5378802115,(주)이지바이봉담,,,,,,,,,0.0034,0.1248,0.9336,,,,,,,,,0.1214,0.8088,
5388602434,주식회사리더스산업,,,,,,,,,0.0036,0.0202,0.8915,,,,,,,,,0.0166,0.8713,
5388800202,(주)에프앤코스메딕스,,,0.0003,0.0001,0.353,0.9209,,,,,,,,-0.0002,0.3529,0.5679,,,,,,
5438700395,현진에스앤티주식회사,,,,,,,,,0.0007,0.0812,0.7592,,,,,,,,,0.0805,0.678,
5448600144,(주)이엠케이네트웍스,,,,0.0009,0.0013,0.0055,,,,,,,,,0.0004,0.0042,,,,,,
5448702004,주식회사에스제이유통,,,,,,,,,0.002,0.1938,0.6962,,,,,,,,,0.1918,0.5024,
5478100487,주식회사홍장성,,,,0.0031,0.0567,0.6478,0.9116,,,,,,,,0.0536,0.5911,0.2638,,,,,
5478601346,(주)헨지스에너지,,,,,,0.0007,0.0004,0.0006,0.0023,0.0005,,,,,,,-0.0003,0.0002,0.0017,-0.0018,,
5488100651,주식회사케이엠네트웍스,,,,,,,,,0.0011,0.0002,0.0018,,,,,,,,,-0.0009,0.0016,
5508102443,주식회사빅스테이,,,,,,,,,0.0003,0.0007,0.0061,,,,,,,,,0.0004,0.0054,
5518101715,주식회사뷰티셀렉션,,,,,,,,,0.0008,0.183,0.0005,,,,,,,,,0.1822,-0.1825,
5518800073,주식회사지니웍스,,,,,,,,,0.0011,0.068,0.8747,,,,,,,,,0.0669,0.8067,
5528801207,이엔제이(주),,,,,,,,,0.0031,0.0818,0.28,,,,,,,,,0.0787,0.1982,
5558601314,주식회사케이원식자재마트,,,,,,,0.0008,0.0052,0.7248,0.9274,,,,,,,,0.0044,0.7196,0.2026,,
5588801428,농업회사법인오앤유엔지니어링주식회사,,,,,,0.0059,0.0658,0.9743,,,,,,,,,0.0599,0.9085,,,,
5618601717,스타퓨얼코리아주식회사,,,,,,,,,0.0009,0.0005,0.0054,,,,,,,,,-0.0004,0.0049,
5648801272,주식회사스피젠,,,,,,,,0.0042,0.0749,,0.2805,,,,,,,,0.0707,,,
5658600990,주식회사디에스알인터내셔널,,,,,0.0007,0.0002,0.0004,,,,,,,,,-0.0005,0.0002,,,,,
5658701114,(주)라포르엘,,,,,,,,,0.0006,0.1065,0.8413,,,,,,,,,0.1059,0.7348,
5658801620,(주)젠테,,,,,,,,,0.0015,0.1268,0.9412,,,,,,,,,0.1253,0.8144,
5668700966,주식회사양지리치빌,,,,,0.0024,0.188,0.9099,0.9513,,,,,,,,0.1856,0.7219,0.0414,,,,
5668701096,주식회사위메프,,,,,0.0011,0.0233,0.8562,,,,,,,,,0.0222,0.8329,,,,,
5668801036,주식회사네이처모빌리티,,,,,,,,,0.0028,0.1561,0.5421,,,,,,,,,0.1533,0.386,
5688800620,주식회사대유그린에너지,,,,0.003,0.1462,0.9262,,,,,,,,,0.1432,0.78,,,,,,
5698601138,(주)메디컬노바,,,,,,,,,0.0003,0.0001,0.0001,,,,,,,,,-0.0002,0.0,
5698601308,주식회사바바더닷컴,,,,,,,0.0007,0.1058,0.8441,0.9754,,,,,,,,0.1051,0.7383,0.1313,,
5698700010,주식회사에너지세븐,,,0.0013,0.0695,0.9386,,,,,,,,,0.0682,0.8691,,,,,,,
5698701095,리소스뱅크주식회사,,,,,,,,,0.0011,0.0075,0.0019,,,,,,,,,0.0064,-0.0056,
5698702736,주식회사한국존슨앤드존슨비전,,,,,,,,,0.0005,0.0001,0.0009,,,,,,,,,-0.0004,0.0008,
5698800910,(주)제이앤에이치바이오,,,,,,,,0.0012,0.0002,0.5027,,,,,,,,,-0.001,0.5025,,
5708801618,크림주식회사,,,,,,,,0.008,0.0668,0.8953,,,,,,,,,0.0588,0.8285,,
5718700783,주식회사고피자,,,,,,,,0.0081,0.0717,0.9414,,,,,,,,,0.0636,0.8697,,
5728700184,(주)사일,,,,0.0013,0.0002,0.5333,0.7049,,,,,,,,-0.0011,0.5331,0.1716,,,,,
5748600048,주식회사제이에스디컴퍼니,,,,0.0042,0.109,0.6622,,,,,,,,,0.1048,0.5532,,,,,,
5758802228,주식회사재하정,,,,,,,,,0.0019,0.0041,0.0179,,,,,,,,,0.0022,0.0138,
5778600159,주식회사피앤에프인터내셔널,,,,,,,0.0011,0.0004,0.0011,,0.0005,,,,,,,-0.0007,0.0007,,,
5778800207,(주)베니스에프앤비,,,,,,,,,0.0005,0.0172,0.005,,,,,,,,,0.0167,-0.0122,
5788101103,주식회사중원,,,,,,,,,0.0012,0.0345,0.2404,,,,,,,,,0.0333,0.2059,
5798600591,(주)무한씨앤에스,,,,0.0011,0.0896,,,0.2198,0.8462,,,,,,0.0885,,,,0.6264,,,
5808800033,주식회사에스알비씨앤에스,,,0.0012,0.0067,0.0047,0.0028,,,,,,,,0.0055,-0.002,-0.0019,,,,,,
5818800526,주식회사올인원홀딩스,,,,,,,,,0.0004,0.0001,0.0002,,,,,,,,,-0.0003,0.0001,
5828100855,주식회사와이즈벨류,,,,,,0.0006,0.055,0.8796,0.5135,,,,,,,,0.0544,0.8246,-0.3661,,,
5838700073,주식회사제주원,,,,,,0.0009,0.001,0.5704,,,,,,,,,0.0001,0.5694,,,,
5838702256,(주)허닭프렌즈,,,,,,,,,0.0007,0.0117,0.7403,,,,,,,,,0.011,0.7286,
5858801527,아카라라이프주식회사,,,,,,,,,0.0004,0.0182,0.2642,,,,,,,,,0.0178,0.246,
5868801613,주식회사신세계화성,,,,,,,,,0.001,0.0131,0.5234,,,,,,,,,0.0121,0.5103,
5888800129,롯데면세점제주(주),,0.0006,0.0001,0.0001,0.0001,0.0003,0.1691,0.8945,0.7523,,,,-0.0005,0.0,0.0,0.0002,0.1688,0.7254,-0.1422,,,
5898700988,(주)씨엘팜,,,,,0.0032,0.2048,0.9384,,,,,,,,,0.2016,0.7336,,,,,
5898800495,주식회사히프나틱,,,,,,,,,0.0003,0.0783,0.8487,,,,,,,,,0.078,0.7704,
5918600892,주식회사골든플랫폼,,,,,,0.0017,0.0004,,0.0005,0.0009,0.0015,,,,,,-0.0013,,,0.0004,0.0006,
5918602298,케이피엑스헌츠만폴리우레탄오토모티브주식회사,,,,,,,,,0.0008,0.0003,0.0005,,,,,,,,,-0.0005,0.0002,
5938702082,주식회사에스엘통상,,,,,,,,,0.0008,0.0003,0.0013,,,,,,,,,-0.0005,0.001,
5948802457,(주)이랜드킴스클럽,,,,,,,,,0.0011,0.0872,0.0007,,,,,,,,,0.0861,-0.0865,
5968701175,(주)신대한,,,,,,,0.0039,0.1036,0.9492,,,,,,,,,0.0997,0.8456,,,
5968800270,주식회사필웨이,,,0.0003,0.0,0.0001,0.0011,0.109,0.596,0.7504,0.9146,,,,-0.0003,0.0001,0.001,0.1079,0.487,0.1544,0.1642,,
5978702027,주식회사팍스실린더스,,,,,,,,,0.0004,0.0072,0.0008,,,,,,,,,0.0068,-0.0064,
6018110367,코리코엔터프라이스(주),,,,0.0016,0.0002,0.0213,,,,,,,,,-0.0014,0.0211,,,,,,
6018111750,필진통상(주),0.0001,0.0001,0.0001,0.0001,0.0001,0.003,,,,,,0.0,0.0,0.0,0.0,0.0029,,,,,,
6018117545,금강석유(주),0.5354,0.0521,0.0096,0.0019,0.0064,0.0031,0.033,0.1358,0.1417,,,-0.4833,-0.0425,-0.0077,0.0045,-0.0033,0.0299,0.1028,0.0059,,,
6018119373,한국선용품공급(주),,,,,,,,,0.0012,0.0057,0.3204,,,,,,,,,0.0045,0.3147,
6018121199,(주)대양전장,,,,,,,,,0.0002,0.0,0.0001,,,,,,,,,-0.0002,0.0001,
6018121563,주식회사유신하우징,0.4794,0.3779,0.0058,0.0026,0.0028,0.0032,0.0078,0.3664,,,,-0.1015,-0.3721,-0.0032,0.0002,0.0004,0.0046,0.3586,,,,
6018122223,(주)오리엔트마린,0.2545,,,,,,,,,,,,,,,,,,,,,
6018126888,(주)매일마린,0.7872,,,,,,,,,,,,,,,,,,,,,
6018129148,주식회사로드인터내셔날,0.7679,,,,,,,,,,,,,,,,,,,,,
6018136090,(주)동진해상교역,0.0015,,,,,0.0059,0.0016,,0.0008,0.0008,0.0035,,,,,,-0.0043,,,0.0,0.0027,
6028100218,주식회사인희,0.9136,0.6988,0.9594,,,,,,,,,-0.2148,0.2606,,,,,,,,,
6028111239,대해수산주식회사,0.81,0.918,,,,,,,,,,0.108,,,,,,,,,,
6028111296,주식회사대신,0.0089,0.0458,0.0434,0.0089,0.01,0.0019,,,,,,0.0369,-0.0024,-0.0345,0.0011,-0.0081,,,,,,
6028111660,주식회사성수,0.9718,,,,,,,,,,,,,,,,,,,,,
6028116078,해창석유(주),0.002,0.0017,0.006,0.0014,0.0017,0.0043,0.0058,,,,,-0.0003,0.0043,-0.0046,0.0003,0.0026,0.0015,,,,,
6028117290,(주)신우특수강,0.78,,,,,,,,,,,,,,,,,,,,,
6028130880,(주)중림전기물류,0.0154,0.0217,0.0438,0.131,0.4148,0.278,,,,,,0.0063,0.0221,0.0872,0.2838,-0.1368,,,,,,
6028134149,(주)동인테크,,,,,,,,,0.0006,0.0002,0.0005,,,,,,,,,-0.0004,0.0003,
6028137879,주식회사한컴금거래소,,,,,,0.0013,0.0018,0.0267,0.4983,,,,,,,,0.0005,0.0249,0.4716,,,
6028139649,(주)에스엠유통,0.004,0.1291,0.9153,,,,,,,,,0.1251,0.7862,,,,,,,,,
6028145326,주식회사알케이글로벌,,0.0039,0.0003,0.0008,,,,,,,,,-0.0036,0.0005,,,,,,,,
6028149870,골든너트주식회사,,0.007,0.0007,0.0671,0.6409,0.967,,,,,,,-0.0063,0.0664,0.5738,0.3261,,,,,,
6028154183,케이지씨에스에너지주식회사,,,0.0015,0.0591,0.7175,,,,,,,,,0.0576,0.6584,,,,,,,
6028158743,(주)오리엔탈퍼시픽,,,,,,0.0004,0.0002,,0.0001,0.0021,,,,,,,-0.0002,,,0.002,,
6028166675,(주)더한인터내셔날,,,,,,,,,0.0012,0.0007,0.0419,,,,,,,,,-0.0005,0.0412,
6028600421,주)시흥에너지배곧주유소,,,,0.0038,0.0018,0.0028,,,,,,,,,-0.002,0.001,,,,,,
6028601319,(주)비즈마켓렌탈,,,,,,,,0.0062,0.132,0.7908,,,,,,,,,0.1258,0.6588,,
6038112793,(주)한성철강,0.1864,0.0313,0.6308,0.6419,0.8021,,,,,,,-0.1551,0.5995,0.0111,0.1602,,,,,,,
6038113206,(주)대한금속,0.0004,0.0003,0.0001,0.024,0.8653,0.7426,,,,,,-0.0001,-0.0002,0.0239,0.8413,-0.1227,,,,,,
6038114772,(주)동남유지,0.8667,,,,,,,,,,,,,,,,,,,,,
6038121458,주식회사한아스틸,0.9747,,,,,,,,,,,,,,,,,,,,,
6038123873,영진스틸주식회사,,0.0061,0.0473,0.0267,,,,,,,0.6912,,0.0412,-0.0206,,,,,,,,
6038124023,(주)승림특수금속,0.0196,0.0362,0.4443,0.4203,0.0472,0.8548,0.9296,0.8082,,,,0.0166,0.4081,-0.024,-0.3731,0.8076,0.0748,-0.1214,,,,
6038125551,(주)무진,0.0306,0.0015,0.0002,0.0745,,,,,,,,-0.0291,-0.0013,0.0743,,,,,,,,
6038134079,주식회사아이온에프앤지,0.931,,,,,,,,,,,,,,,,,,,,,
6038136382,주식회사케이원목재,0.0003,0.0006,0.0004,0.0003,0.0002,0.0118,0.0007,0.0007,,,,0.0003,-0.0002,-0.0001,-0.0001,0.0116,-0.0111,0.0,,,,
6038139768,무진유통(주),,0.0085,0.0055,0.0185,0.1466,0.0834,,,,,,,-0.003,0.013,0.1281,-0.0632,,,,,,
6038143772,오션드림(주),0.0022,0.1743,0.9543,,,,,,,,,0.1721,0.78,,,,,,,,,
6038151495,동신수산주식회사,0.9049,0.9352,,,,,,,,,,0.0303,,,,,,,,,,
6038151724,금호마린테크(주),,,,,,,,,0.0015,0.0031,0.852,,,,,,,,,0.0016,0.8489,
6038154681,(주)대진,,,,,0.0011,0.0012,0.0026,,,,,,,,,0.0001,0.0014,,,,,
6038155507,(주)오글랜드시스템코리아,0.0001,0.0001,0.0001,0.0001,0.0033,,,,,,,0.0,0.0,0.0,0.0032,,,,,,,
6038156388,(주)한려엔쵸비,0.0036,0.0049,0.0039,0.8032,0.9652,0.2728,0.7326,,,,,0.0013,-0.001,0.7993,0.162,-0.6924,0.4598,,,,,
6038157446,광진물산주식회사,0.0021,0.0089,0.0146,0.0008,0.0019,0.002,0.162,0.3804,0.6017,,,0.0068,0.0057,-0.0138,0.0011,0.0001,0.16,0.2184,0.2213,,,
6038158391,주식회사삼일산업,,,0.0007,0.0001,0.0587,0.4151,0.8344,,0.738,,,,,-0.0006,0.0586,0.3564,0.4193,,,,,
6038163268,(주)부산메탈상사,,0.0002,0.0017,0.0006,0.0019,0.107,0.4094,0.0035,,,,,0.0015,-0.0011,0.0013,0.1051,0.3024,-0.4059,,,,
6038164307,넥스틸주식회사,0.0111,0.6132,0.7058,0.9434,,,,,,,,0.6021,0.0926,0.2376,,,,,,,,
6038166284,부산감천항수산물시장(주),0.5773,,,,,,,,,,,,,,,,,,,,,
6038170473,(주)글로벌에스제이교역,,,,,,0.0016,0.0517,0.9588,,,,,,,,,0.0501,0.9071,,,,
6038176477,(주)세현,,,,,,,,,0.0003,0.0001,0.0002,,,,,,,,,-0.0002,0.0001,
6038177665,주식회사대학동,,,,,,,,,0.0009,0.0286,0.7914,,,,,,,,,0.0277,0.7628,
6038179659,(주)퍼시픽하베스트,,,,,,0.0013,0.0006,,0.0002,0.0004,0.0003,,,,,,-0.0007,,,0.0002,-0.0001,
6038180592,해양실업(주),0.1712,0.8288,,,,,,,,,,0.6576,,,,,,,,,,
6038181612,마라톤가스주식회사,0.8848,0.7665,0.8785,,,,,,,,,-0.1183,0.112,,,,,,,,,
6038184939,지씨글로벌주식회사,,,,,0.0047,0.1282,0.8952,,,,,,,,,0.1235,0.767,,,,,
6038601457,(주)원신더블유몰,,,,,,0.0014,0.1034,0.9015,0.4929,,,,,,,,0.102,0.7981,-0.4086,,,
6048108332,(주)동창,0.0007,0.2165,0.0006,0.1794,0.4183,0.8036,,,,,,0.2158,-0.2159,0.1788,0.2389,0.3853,,,,,,
6048116360,주식회사한미해상,,,,0.0016,0.0012,0.0069,0.505,,,,,,,,-0.0004,0.0057,0.4981,,,,,
6048120224,위너스마린주식회사,0.0009,0.0026,0.0033,0.7075,0.6085,0.7629,,,,,,0.0017,0.0007,0.7042,-0.099,0.1544,,,,,,
6048130867,(주)삼진전화,0.002,0.0022,0.0005,,,0.0012,0.0004,,0.0004,0.164,0.501,0.0002,-0.0017,,,,-0.0008,,,0.1636,0.337,
6048133369,주식회사동경,0.6693,0.8301,0.9307,,,,,,,,,0.1608,0.1006,,,,,,,,,
6048135896,주식회사세정이십일,0.9384,,,,,,,,,,,,,,,,,,,,,
6048137351,(주)농협부산경남유통,0.0097,0.0007,0.0241,0.0159,0.0201,0.3214,0.0013,,,,,-0.009,0.0234,-0.0082,0.0042,0.3013,-0.3201,,,,,
6048138326,(주)에코온씨푸드,,0.0063,0.0079,0.0118,,,,,,,0.5347,,0.0016,0.0039,,,,,,,,
6058108112,주식회사국제타일,0.317,0.0321,0.2937,0.8643,,,,,,,,-0.2849,0.2616,0.5706,,,,,,,,
6058108465,(주)부산상공사,0.0006,,,,,,,,,,,,,,,,,,,,,
6058114967,주식회사호경상사,0.4291,0.747,0.3369,0.8563,,,,,,,,0.3179,-0.4101,0.5194,,,,,,,,
6058123466,유성특수강주식회사,,,,0.0008,0.0023,0.0031,0.0014,0.0027,0.0046,0.5211,,,,,0.0015,0.0008,-0.0017,0.0013,0.0019,0.5165,,
6058132062,광인상사(주),,,,,,,,,0.0007,0.0744,0.8712,,,,,,,,,0.0737,0.7968,
6058133120,(주)우성메디칼,,,,,,0.0007,0.0002,,,0.0002,0.0717,,,,,,-0.0005,,,,0.0715,
6058171274,주식회사금성,0.9124,0.9269,,,,,,,,,,0.0145,,,,,,,,,,
6058179183,주식회사아쿠아트랜스,,,0.0001,0.0004,0.0001,,,,,,,,,0.0003,-0.0003,,,,,,,
6058192041,(주)바로,0.9803,,,,,,,,,,,,,,,,,,,,,
6058617071,(주)프레시원부산,,,,,,,0.0011,0.0025,0.0077,0.0746,,,,,,,,0.0014,0.0052,0.0669,,
6058617877,스티물주식회사,,,,,,,,,0.0004,0.0863,0.4278,,,,,,,,,0.0859,0.3415,
6058627680,양산오토타운주식회사,,,,,,,,0.0026,0.0314,0.0091,,,,,,,,,0.0288,-0.0223,,
6058629994,동양자동차부품판매주식회사,,,,0.0016,0.0021,,,,,,0.001,,,,0.0005,,,,,,,
6058800860,주식회사프랑코레안,,,,,,,,,0.0014,0.0187,0.0525,,,,,,,,,0.0173,0.0338,
6068117026,화진철강(주),0.1199,0.0037,,,,,,,,,,-0.1162,,,,,,,,,,
6068118267,경성목재주식회사,0.0006,0.3556,0.388,0.6888,,,,,,,,0.355,0.0324,0.3008,,,,,,,,
6068127581,대경기계주식회사,0.9621,,,,,,,,,,,,,,,,,,,,,
6068134762,대양스텐레스(주),0.8152,,,,,,,,,,,,,,,,,,,,,
6068136800,(주)신한스틸,0.1245,0.1934,0.044,0.3547,0.2337,,,,,,,0.0689,-0.1494,0.3107,-0.121,,,,,,,
6068138128,대경철강(주),0.341,,,,,,,,,,,,,,,,,,,,,
6068150501,광신가스(주),0.0026,0.0024,0.0059,0.2031,0.6361,0.7567,0.9108,,,,,-0.0002,0.0035,0.1972,0.433,0.1206,0.1541,,,,,
6068150724,부산청과(주),0.0017,0.1956,0.0057,0.0106,0.0143,0.0243,,,,,,0.1939,-0.1899,0.0049,0.0037,0.01,,,,,,
6068151567,주식회사대륙철강,0.3607,0.5339,0.0401,0.4427,,,,,,,,0.1732,-0.4938,0.4026,,,,,,,,
6068154230,대한강재주식회사,0.0859,0.0099,0.8053,0.2325,0.0256,,,,,,,-0.076,0.7954,-0.5728,-0.2069,,,,,,,
6068157805,주식회사영신금속,,,,,,,,,0.0004,0.0001,0.0037,,,,,,,,,-0.0003,0.0036,
6068158347,주식회사경부철강,0.0065,0.0069,0.002,0.0016,0.6116,0.9237,,,,,,0.0004,-0.0049,-0.0004,0.61,0.3121,,,,,,
6068159161,주식회사나라교역,0.0003,0.0009,0.0019,0.1642,0.3567,0.9162,0.9068,,,,,0.0006,0.001,0.1623,0.1925,0.5595,-0.0094,,,,,
6068164214,주식회사신진스틸,0.0018,0.0066,0.0073,0.0024,0.0069,0.0224,,,,,,0.0048,0.0007,-0.0049,0.0045,0.0155,,,,,,
6068169733,(주)대흥리사이클링,0.005,0.2396,,,,,,,,,,0.2346,,,,,,,,,,
6068170899,신우스틸주식회사,0.6979,,,,,,,,,,,,,,,,,,,,,
6068171942,(주)선영축산농업회사법인,,,,0.0026,0.0014,0.0053,0.1386,0.7593,0.1502,,,,,,-0.0012,0.0039,0.1333,0.6207,-0.6091,,,
6068171980,(주)가야특수강,0.0656,0.0317,0.1365,0.2402,0.0001,0.0006,,,,,,-0.0339,0.1048,0.1037,-0.2401,0.0005,,,,,,
6068175346,주식회사진우,,,,,0.0008,0.1181,,,0.0111,0.0294,0.1046,,,,,0.1173,,,,0.0183,0.0752,
6068176758,신원화성주식회사,,,,,,,,,0.0008,0.006,0.5114,,,,,,,,,0.0052,0.5054,
6068180174,(주)베이지그,,,,,,,,,0.0011,0.0053,0.0046,,,,,,,,,0.0042,-0.0007,
6068182449,에쓰앤제이(주),0.4924,,,,,,,,,,,,,,,,,,,,,
6068188313,(주)하하물산,0.0008,0.002,0.0006,0.1145,,,,,,,,0.0012,-0.0014,0.1139,,,,,,,,
6068188569,주식회사디모아,0.0004,0.0262,0.0004,0.0009,0.0002,0.0005,0.0006,0.0012,,,,0.0258,-0.0258,0.0005,-0.0007,0.0003,0.0001,0.0006,,,,
6068189383,(주)제이에스티,,0.0008,0.0004,0.0004,0.0052,0.0037,0.1312,0.8576,,,,,-0.0004,0.0,0.0048,-0.0015,0.1275,0.7264,,,,
6068191889,(주)디제이에스,,,,,,,,0.0019,0.0692,0.7436,,,,,,,,,0.0673,0.6744,,
6068192627,킴스쿡(주),0.9078,,,,,,,,,,,,,,,,,,,,,
6068193247,(주)루스이노베이션,0.0643,,,,,,,,,,,,,,,,,,,,,
6068193801,메타푸드(주),0.0017,0.0043,,,,,,,,,,0.0026,,,,,,,,,,
6068603037,주식회사보조기전,,,,,,,,,0.0003,0.0002,0.0003,,,,,,,,,-0.0001,0.0001,
6068603357,한일인터내셔널주식회사,,,,0.0613,0.3166,0.3872,,,,,,,,,0.2553,0.0706,,,,,,
6068604263,(주)오케이폴리머,0.0021,0.0096,0.5454,,,,,,,,,0.0075,0.5358,,,,,,,,,
6068610033,케이티네트워크주식회사,,0.0064,0.054,0.9496,,,,,,,,,0.0476,0.8956,,,,,,,,
6068610649,주식회사비에스비스틸,,0.0629,0.1983,0.1069,,,,0.7691,0.7954,,,,0.1354,-0.0914,,,,,0.0263,,,
6068615455,주식회사천일석유,0.6107,,,,,,,,,,,,,,,,,,,,,
6068620152,(주)에스디이앤씨,,,0.0004,0.0005,,,,,0.0,0.0001,0.0001,,,0.0001,,,,,,0.0001,0.0,
6068623498,(주)에스엠솔루션,0.0015,0.0012,0.0005,0.0016,0.0153,0.1551,,,0.0003,0.0051,0.0129,-0.0003,-0.0007,0.0011,0.0137,0.1398,,,,0.0048,0.0078,
6068626535,(주)천일에너지,0.0044,0.0104,0.0055,0.2862,0.1002,0.0096,0.3422,,,,,0.006,-0.0049,0.2807,-0.186,-0.0906,0.3326,,,,,
6068626888,(주)대양엠에스티,0.7268,0.89,0.8625,,,,,,,,,0.1632,-0.0275,,,,,,,,,
6068627475,한림철강(주),0.0016,0.0554,0.7558,0.7785,0.8342,,,,,,,0.0538,0.7004,0.0227,0.0557,,,,,,,
6068631945,주식회사두림,,,,,,0.0007,0.0003,0.0185,,,,,,,,,-0.0004,0.0182,,,,
6068637051,온누리유통(주),0.0052,,,,,,,,,,,,,,,,,,,,,
6068640027,주식회사지에스엠이,,,,,0.001,0.089,0.488,,,,,,,,,0.088,0.399,,,,,
6068642345,삼영철강주식회사,,,,0.0018,0.0284,0.5694,0.9605,,,,,,,,0.0266,0.541,0.3911,,,,,
6068643704,주식회사윈터그린,,,,,,,0.0005,0.0852,0.3724,,,,,,,,,0.0847,0.2872,,,
6068647729,(주)다요,,,,,,,,,0.0008,0.007,0.0087,,,,,,,,,0.0062,0.0017,
6068648752,주식회사오런,,0.0068,,,,0.0012,0.0019,0.0023,0.0002,,0.1331,,,,,,0.0007,0.0004,-0.0021,,,
6068652450,케이제이인터내셔날주식회사,,,,,,,0.0008,0.1872,0.4494,,,,,,,,,0.1864,0.2622,,,
6068653672,(주)창창아이씨티,,,,,,,,,0.0014,0.0047,0.0207,,,,,,,,,0.0033,0.016,
6068661736,연우철강주식회사,,,,,,,,,0.0004,0.0009,0.0006,,,,,,,,,0.0005,-0.0003,
6068800354,주식회사그린아이에스,,,,,,,,,0.0011,0.0002,0.0002,,,,,,,,,-0.0009,0.0,
6078100168,(주)삼성에너지,0.0005,0.0016,0.0011,0.0006,0.0006,0.001,0.0004,,,,,0.0011,-0.0005,-0.0005,0.0,0.0004,-0.0006,,,,,
6078103184,주식회사승진에프앤씨,0.0038,0.1572,0.8935,,,,,,,,,0.1534,0.7363,,,,,,,,,
6078107050,(주)생필체인,0.1071,0.9751,,,,,,,,,,0.868,,,,,,,,,,
6078126552,(주)르까프,0.0039,0.575,0.8481,0.9507,,,,,,,,0.5711,0.2731,0.1026,,,,,,,,
6078127605,(주)극동글라스텍,0.0151,0.0067,0.0087,0.4903,0.2072,0.1242,0.0829,0.6517,,,,-0.0084,0.002,0.4816,-0.2831,-0.083,-0.0413,0.5688,,,,
6078131225,바이드뮬러코리아(주),,,,,,,,,0.0004,0.0001,0.0002,,,,,,,,,-0.0003,0.0001,
6078136064,아라산업주식회사,0.0002,0.0003,0.5417,0.0289,0.9402,,,,,,,0.0001,0.5414,-0.5128,0.9113,,,,,,,
6078136948,바르질라마린시스템즈코리아(주),0.0001,0.0002,0.0002,0.0001,,,,,,,,0.0001,0.0,-0.0001,,,,,,,,
6078140267,세동유통(주),0.0014,0.001,0.0013,0.0012,0.0203,0.0406,0.4869,0.8458,0.8772,,,-0.0004,0.0003,-0.0001,0.0191,0.0203,0.4463,0.3589,0.0314,,,
6078146558,(주)삼정폴리머,0.0007,0.0001,0.0003,,,,,,,,,-0.0006,0.0002,,,,,,,,,
6078146688,광흥건설주식회사,,0.0059,0.0006,0.3521,0.2092,,,,,,,,-0.0053,0.3515,-0.1429,,,,,,,
6078147810,(주)대흥소재,,0.0015,0.0109,0.0004,0.0003,0.0237,0.5165,,,,,,0.0094,-0.0105,-0.0001,0.0234,0.4928,,,,,
6078155440,지지스틸(주),0.0043,,0.0012,0.0006,0.1058,0.5667,0.8669,,,,,,,-0.0006,0.1052,0.4609,0.3002,,,,,
6078155760,해금종합건설,,,0.0013,0.0039,0.0687,0.0155,0.0094,0.076,0.0003,0.2042,,,,0.0026,0.0648,-0.0532,-0.0061,0.0666,-0.0757,0.2039,,
6078171474,주식회사송월,0.0002,0.0003,0.0007,0.0005,0.0001,0.0011,0.0003,0.0012,0.0005,0.0005,,0.0001,0.0004,-0.0002,-0.0004,0.001,-0.0008,0.0009,-0.0007,0.0,,
6078172250,주식회사대한모터스,0.0048,0.0008,,,,,,,,,,-0.004,,,,,,,,,,
6078176824,주식회사통진피팅,0.819,0.1733,0.7021,0.7577,0.9425,,,,,,,-0.6457,0.5288,0.0556,0.1848,,,,,,,
6078187864,율원약품주식회사,0.0008,0.0013,0.003,0.0057,,,,,,,,0.0005,0.0017,0.0027,,,,,,,,
6078196005,주식회사대일이엔지,0.0021,0.0017,0.4955,,,,,,,,,-0.0004,0.4938,,,,,,,,,
6078606449,파워넷주식회사,0.0043,0.0031,0.1379,,,,,,,,,-0.0012,0.1348,,,,,,,,,
6078612510,(주)서주모터스,,,,0.0034,0.1444,0.9398,,,,,,,,,0.141,0.7954,,,,,,
6078617330,주식회사스토리에프씨,,,,,,,,,0.0005,0.0005,0.0012,,,,,,,,,0.0,0.0007,
6088138842,주식회사월드테크,0.1164,0.1438,,,,,,,,,,0.0274,,,,,,,,,,
6088154032,대경모터스주식회사,,,,,0.0018,0.003,0.0007,0.0017,0.2059,0.6262,,,,,,0.0012,-0.0023,0.001,0.2042,0.4203,,
6088156331,주식회사유패스트코리아,0.0051,0.5703,,,,,,,,,,0.5652,,,,,,,,,,
6088159681,복산팜주식회사,0.1443,0.0006,,,,,,,,,,-0.1437,,,,,,,,,,
6088173330,삼도산업(주),,,,,,,,,0.0013,0.0002,0.0741,,,,,,,,,-0.0011,0.0739,
6088184142,(주)경상석유,,,,,,0.0016,0.0037,,0.0018,0.0029,0.0035,,,,,,0.0021,,,0.0011,0.0006,
6088186266,농업회사법인(주)해드림축산물공판장,,,,,0.0037,0.0715,0.9302,,,,,,,,,0.0678,0.8587,,,,,
6088189787,동서씨엠씨(주),,,,,,,,,0.0005,0.0005,0.0008,,,,,,,,,0.0,0.0003,
6088604634,주식회사마산철강,,,,,,0.0007,0.0006,0.155,,,,,,,,,-0.0001,0.1544,,,,
6088700431,주식회사스위트컵,,,,,,,,,0.0008,0.0004,0.0008,,,,,,,,,-0.0004,0.0004,
6098101557,(주)우리유통,0.5588,0.8732,,,,,,,,,,0.3144,,,,,,,,,,
6098101917,(주)STX,0.8862,,,,,,,,,,,,,,,,,,,,,
6098103778,광신개발(주),0.3207,0.2352,0.1115,0.051,0.0268,0.7302,0.0284,0.7514,,,,-0.0855,-0.1237,-0.0605,-0.0242,0.7034,-0.7018,0.723,,,,
6098108943,주식회사범우케미칼,0.0004,0.0004,0.0004,0.0001,0.0002,,,,,,,0.0,0.0,-0.0003,0.0001,,,,,,,
6098118704,주식회사경남무역,0.0898,0.0409,0.0009,0.0428,0.0431,0.7413,0.791,,,,,-0.0489,-0.04,0.0419,0.0003,0.6982,0.0497,,,,,
6098138369,(주)한울맘,,,,,,,,,0.0007,0.0011,0.0008,,,,,,,,,0.0004,-0.0003,
6098143881,한우철강산업주식회사,0.0077,,,,,,,,,,,,,,,,,,,,,
6098154296,주식회사엠에스지엠,0.0027,0.3787,0.0708,0.449,0.5906,0.9539,,,,,,0.376,-0.3079,0.3782,0.1416,0.3633,,,,,,
6098156940,주식회사에버컴,0.0001,0.0004,0.4637,,,,,,,,,0.0003,0.4633,,,,,,,,,
6098157143,현대철강(주),,,,,,,,,0.0011,0.0315,0.5655,,,,,,,,,0.0304,0.534,
6098171335,(주)네옴,0.0001,0.0003,0.0002,0.0005,0.0001,0.0014,0.0006,0.0014,0.0001,0.0038,,0.0002,-0.0001,0.0003,-0.0004,0.0013,-0.0008,0.0008,-0.0013,0.0037,,
6098179303,(주)대동백화점,0.8477,,,,,,,,,,,,,,,,,,,,,
6098181148,주식회사조은지에스,0.0002,0.0001,0.0002,0.0002,,,,,,,,-0.0001,0.0001,0.0,,,,,,,,
6098601945,주식회사효성산전,,,,,,,,,0.0004,0.0001,0.0001,,,,,,,,,-0.0003,0.0,
6098604689,(주)성민수산,,0.0016,0.0006,0.0038,0.0156,0.5923,,,,,,,-0.001,0.0032,0.0118,0.5767,,,,,,
6098609141,(주)지스코,0.9124,,,,,,,,,,,,,,,,,,,,,
6098622479,(주)신화마트,,,0.0019,0.009,0.7658,,,,,,,,,0.0071,0.7568,,,,,,,
6098701049,한오토모빌레(주),,,,,,,0.0017,0.1518,0.9806,,,,,,,,,0.1501,0.8288,,,
6108144221,고려냉동(주),0.003,0.0286,0.0233,0.4682,,,,,,,,0.0256,-0.0053,0.4449,,,,,,,,
6108167184,(주)종하이앤씨,0.0004,0.0006,0.0005,0.0003,0.169,,,,,,,0.0002,-0.0001,-0.0002,0.1687,,,,,,,
6108173240,엠에스판매주식회사,0.0028,0.0085,0.6339,,,,,,,,,0.0057,0.6254,,,,,,,,,
6108179055,대광쉽핑(주),0.0003,0.0014,0.0005,0.0003,0.0254,,,0.1084,0.0151,,,0.0011,-0.0009,-0.0002,0.0251,,,,-0.0933,,,
6108600174,태인텔레콤주식회사,0.0002,,,,,,,,,,,,,,,,,,,,,
6108602115,(주)부록,,,,,0.0004,0.0989,0.5431,0.8246,,,,,,,,0.0985,0.4442,0.2815,,,,
6108603827,유영이앤엘주식회사,0.9364,,,,,,,,,,,,,,,,,,,,,
6108606182,주식회사케이엘메탈,0.1506,0.5781,0.3762,0.0303,0.0132,0.0813,0.0419,,,,,0.4275,-0.2019,-0.3459,-0.0171,0.0681,-0.0394,,,,,
6108610385,(주)좋은기름나라,,,,,,0.0007,0.0003,,0.0008,0.0003,0.4191,,,,,,-0.0004,,,-0.0005,0.4188,
6108611439,대원엠티주식회사,,,0.0021,0.0635,0.0107,0.0506,,,,,,,,0.0614,-0.0528,0.0399,,,,,,
6108618432,주식회사티앤에이,,0.0077,0.1027,0.5406,0.9318,,,,,,,,0.095,0.4379,0.3912,,,,,,,
6108627800,주식회사디엘에스,,,0.0005,0.0894,0.001,,,,,,,,,0.0889,-0.0884,,,,,,,
6108630789,주식회사가우정푸드,,,0.0025,0.1058,0.9755,,,,,,,,,0.1033,0.8697,,,,,,,
6118700679,(주)시엔드에치크리에이티브,,,,0.0011,0.0001,0.0005,0.0136,,,,,,,,-0.001,0.0004,0.0131,,,,,
6128113699,삼삼물산주식회사,0.0009,0.002,,,,,,,,,,0.0011,,,,,,,,,,
6128123921,(주)성주에너지,0.0013,0.0008,0.0562,0.2132,0.3936,0.7938,,,,,,-0.0005,0.0554,0.157,0.1804,0.4002,,,,,,
6128145264,주식회사슈퍼홈마트,,0.0075,0.2184,0.8205,0.9488,0.9075,,,,,,,0.2109,0.6021,0.1283,-0.0413,,,,,,
6138138112,주식회사굿링크,,,,,,,,,0.0005,0.0001,0.0001,,,,,,,,,-0.0004,0.0,
6138138145,주식회사에이제이팜,,,,,,,0.0003,0.0001,0.0038,,,,,,,,,-0.0002,0.0037,,,
6138173569,어업회사법인주식회사조혜정의멸치연구소,,,,,,0.0018,0.0026,0.0027,,,,,,,,,0.0008,0.0001,,,,
6138600232,주식회사엠코중앙,,,,,,,,,0.0009,0.0024,0.0021,,,,,,,,,0.0015,-0.0003,
6138700919,주식회사엘플러스,,,,,,,0.0011,0.001,0.0001,,,,,,,,,-0.0001,-0.0009,,,
6138701316,한일전기엔지니어주식회사,,,,,,,,,0.0008,0.0001,0.1259,,,,,,,,,-0.0007,0.1258,
6158113645,주식회사이십일세기에너지,,,,,0.0016,0.1452,0.8636,,,,,,,,,0.1436,0.7184,,,,,
6158134709,부경시멘트주식회사,0.7312,,,,,,,,,,,,,,,,,,,,,
6158135009,(주)대한금속,0.5994,0.0116,0.0664,0.2989,0.837,,,,,,,-0.5878,0.0548,0.2325,0.5381,,,,,,,
6158148601,(주)유덕철강산업,,,,,,,,,0.0005,0.0005,0.0008,,,,,,,,,0.0,0.0003,
6158161109,(주)마린수산,,,,,,,,0.0011,0.0002,0.4164,,,,,,,,,-0.0009,0.4162,,
6158166860,익스트림제이제이(주),0.0013,0.0029,0.0506,0.2686,0.0304,0.0104,0.7276,0.8295,,,,0.0016,0.0477,0.218,-0.2382,-0.02,0.7172,0.1019,,,,
6158171553,(주)선진코리아,,,,,,,,,0.0021,0.0023,0.0002,,,,,,,,,0.0002,-0.0021,
6158194333,(주)홀마트,0.0027,0.0571,0.0491,0.6005,,,,,,,,0.0544,-0.008,0.5514,,,,,,,,
6158196175,주식회사핫독,,,0.0011,0.0507,0.769,0.8257,,,,,,,,0.0496,0.7183,0.0567,,,,,,
6158197650,(주)신창앤오렌지,,0.005,0.004,0.5228,0.8013,0.9594,,,,,,,-0.001,0.5188,0.2785,0.1581,,,,,,
6158600392,(주)형제목공기계,,,,,,,,0.004,0.1247,0.8441,,,,,,,,,0.1207,0.7194,,
6158600524,(주)에스엠네트웍스,,,,,,,,,0.0007,0.0001,0.0003,,,,,,,,,-0.0006,0.0002,
6158602594,(주)일만,0.0025,0.1363,0.8807,,,,,,,,,0.1338,0.7444,,,,,,,,,
6158615328,주식회사다나,,,,,,,,,0.0008,0.0329,0.6954,,,,,,,,,0.0321,0.6625,
6168114763,주식회사제주동원약품,,,,,,,,,,,0.0003,,,,,,,,,,,
6168162912,(주)플러스마트,,,,,,,,0.0012,0.1526,0.9721,,,,,,,,,0.1514,0.8195,,
6168180206,주식회사신양,,,0.0024,0.1224,0.9526,,,,,,,,,0.12,0.8302,,,,,,,
6168185647,(주)에이치케이이노베이션,,0.0154,0.0655,0.9612,,,,,,,,,0.0501,0.8957,,,,,,,,
6168609381,주식회사우리에너지,0.0061,0.1933,0.981,,,,,,,,,0.1872,0.7877,,,,,,,,,
6168610175,주식회사이담,,,,,,0.001,0.0126,0.8056,0.9436,0.9194,,,,,,,0.0116,0.793,0.138,-0.0242,,
6168614910,농업회사법인입다축산주식회사,,,,,,,0.0009,0.0004,0.0002,0.0005,,,,,,,,-0.0005,-0.0002,0.0003,,
6168624631,농업회사법인주식회사한백,,,,,,,,,0.0006,0.0028,0.1733,,,,,,,,,0.0022,0.1705,
6178101015,주식회사부산근대화체인,,,,,0.0042,0.1585,0.9469,,,,,,,,,0.1543,0.7884,,,,,
6178105573,(주)기흥,0.0051,0.0556,0.5162,0.8391,0.9591,,,,,,,0.0505,0.4606,0.3229,0.12,,,,,,,
6178121059,은마석유주식회사,0.3549,0.01,0.1737,0.5717,0.2055,0.9125,,,,,,-0.3449,0.1637,0.398,-0.3662,0.707,,,,,,
6178126199,(주)스타리온,0.0021,0.0004,0.0298,0.0363,0.0075,0.1793,0.0257,0.0842,,,,-0.0017,0.0294,0.0065,-0.0288,0.1718,-0.1536,0.0585,,,,
6178129328,(주)스웨디쉬모터스,0.0049,0.1088,0.9409,,,,,,,,,0.1039,0.8321,,,,,,,,,
6178134442,유카로오토모빌(주),0.1635,0.0045,0.2809,0.0055,0.0556,0.381,0.0033,0.0226,0.7276,0.6397,,-0.159,0.2764,-0.2754,0.0501,0.3254,-0.3777,0.0193,0.705,-0.0879,,
6178149208,한영모터스(주),0.0013,0.0009,0.0029,0.2457,0.9204,0.7058,,,,,,-0.0004,0.002,0.2428,0.6747,-0.2146,,,,,,
6178150777,위너스무역(주),0.0027,0.1816,0.0218,0.6265,0.0021,0.003,0.7073,0.9232,0.4455,,,0.1789,-0.1598,0.6047,-0.6244,0.0009,0.7043,0.2159,-0.4777,,,
6178154865,(주)칸투칸,0.0001,0.4858,0.8579,0.8708,,,,,,,,0.4857,0.3721,0.0129,,,,,,,,
6178154962,주식회사딘소,,,,,,,,,0.0007,0.0001,0.0001,,,,,,,,,-0.0006,0.0,
6178156903,주식회사코멧네트워크,0.014,0.0003,0.0726,0.5998,0.9008,,,,,,,-0.0137,0.0723,0.5272,0.301,,,,,,,
6178160294,주식회사스틸월드,0.0004,0.0232,0.4705,0.5461,0.9142,,,,,,,0.0228,0.4473,0.0756,0.3681,,,,,,,
6178162138,(주)천영스틸,0.0002,0.183,0.0007,0.3799,0.438,0.9098,,,,,,0.1828,-0.1823,0.3792,0.0581,0.4718,,,,,,
6178170680,주식회사푸드엔,0.0024,0.0016,0.0022,0.0015,0.0011,0.0106,0.0027,0.5969,0.1776,0.8273,,-0.0008,0.0006,-0.0007,-0.0004,0.0095,-0.0079,0.5942,-0.4193,0.6497,,
6178171393,주식회사현대메디팜,,,0.0022,0.1843,0.8036,,,,,,,,,0.1821,0.6193,,,,,,,
6178174181,성림엔에스티주식회사,,,,,,,,0.0019,0.1238,0.003,,,,,,,,,0.1219,-0.1208,,
6178178101,주식회사우진모터스,,,,,0.0019,0.0045,0.005,0.009,0.2959,0.7646,,,,,,0.0026,0.0005,0.004,0.2869,0.4687,,
6178178469,(주)KM철강,,,,,,,,0.0011,0.0018,0.0333,,,,,,,,,0.0007,0.0315,,
6178188308,주식회사미진유통,0.1068,0.8375,0.952,0.7664,0.6672,0.6586,,,,,,0.7307,0.1145,-0.1856,-0.0992,-0.0086,,,,,,
6178189379,(주)에쓰비,0.9401,,,,,,,,,,,,,,,,,,,,,
6178602080,제이케이산업개발주식회사,,,,,0.0046,0.104,0.9564,,,,,,,,,0.0994,0.8524,,,,,
6178605559,주식회사대교마트,0.0026,0.0126,0.569,0.8873,0.9604,,,,,,,0.01,0.5564,0.3183,0.0731,,,,,,,
6178615853,주식회사코원에스티,,,,,,,,,0.0013,0.0003,0.0003,,,,,,,,,-0.001,0.0,
6178800034,주식회사명상,,0.0094,0.0043,0.0027,0.0055,0.0105,0.0029,0.37,0.7781,0.8247,,,-0.0051,-0.0016,0.0028,0.005,-0.0076,0.3671,0.4081,0.0466,,
6188105519,주식회사케이엠씨인터내셔널,0.1498,0.0205,,,,,,,,,,-0.1293,,,,,,,,,,
6188124480,해운약품(주),0.0002,0.0002,0.0001,0.0001,0.0001,0.0003,0.0002,0.0002,0.0004,0.0002,,0.0,-0.0001,0.0,0.0,0.0002,-0.0001,0.0,0.0002,-0.0002,,
6188700059,지쿱주식회사,,,,,0.0005,0.0008,0.0004,0.3398,0.7553,0.8098,,,,,,0.0003,-0.0004,0.3394,0.4155,0.0545,,
6198100012,남척석유(주),0.0032,0.0418,0.0234,0.0217,0.2778,0.7988,,,,,,0.0386,-0.0184,-0.0017,0.2561,0.521,,,,,,
6208101272,삼호철강(주),0.0413,0.0034,,,,,,,,,,-0.0379,,,,,,,,,,
6208114933,현대산전주식회사,0.002,0.001,0.0008,0.0006,0.0003,0.2945,0.414,0.9596,,,,-0.001,-0.0002,-0.0002,-0.0003,0.2942,0.1195,0.5456,,,,
6208116815,주식회사리뉴테크,,0.0023,0.003,0.0585,0.7678,0.8172,,0.7199,,,,,0.0007,0.0555,0.7093,0.0494,,,,,,
6208120925,비아이씨(주),0.0007,0.0008,0.0043,0.0052,0.0452,0.3763,0.2955,0.8944,,,,0.0001,0.0035,0.0009,0.04,0.3311,-0.0808,0.5989,,,,
6208125390,주식회사대흥웰텍,0.0008,0.0011,0.0186,0.0134,0.2687,0.0055,,,0.0044,0.0065,0.0083,0.0003,0.0175,-0.0052,0.2553,-0.2632,,,,0.0021,0.0018,
6208148919,주식회사동울산마트,0.0031,0.0028,0.0185,0.0118,0.0692,,,,,,,-0.0003,0.0157,-0.0067,0.0574,,,,,,,
6208148961,주식회사성남,,,,,,,0.0018,0.1049,0.8838,,,,,,,,,0.1031,0.7789,,,
6208157801,오성로지스틱스주식회사,,,,,0.0012,0.0027,0.2793,,,0.4231,0.8365,,,,,0.0015,0.2766,,,,0.4134,
6208801102,주식회사브이씨에스,,,,,,0.0008,0.0017,0.0095,0.002,0.0655,,,,,,,0.0009,0.0078,-0.0075,0.0635,,
6218103574,신한가스주식회사,0.0001,0.0002,0.0003,0.0525,0.1291,0.0394,,,,,,0.0001,0.0001,0.0522,0.0766,-0.0897,,,,,,
6218118650,주식회사매직,0.0752,,,,,,,,,,,,,,,,,,,,,
6218121456,(주)영남약품,0.0067,0.4942,,,,,,,,,,0.4875,,,,,,,,,,
6218128648,우드코리아(주),0.0003,0.0009,0.0003,0.0001,0.0001,0.0038,0.0037,0.4887,,,,0.0006,-0.0006,-0.0002,0.0,0.0037,-0.0001,0.485,,,,
6218128842,주식회사우양네트웍스,0.0246,0.0066,0.4847,0.2842,0.0203,0.0803,0.1141,0.7865,0.297,,,-0.018,0.4781,-0.2005,-0.2639,0.06,0.0338,0.6724,-0.4895,,,
6218140021,(주)대동기업,,,,,,,,0.0039,0.0475,0.9171,,,,,,,,,0.0436,0.8696,,
6218142562,스테코(주),0.1061,0.5684,0.3274,,,,,,,,,0.4623,-0.241,,,,,,,,,
6218144973,(주)매직엘시디,0.0002,0.003,0.1854,,,,,,,,,0.0028,0.1824,,,,,,,,,
6218148192,(주)대산약품,0.0006,,,,,,,,,,,,,,,,,,,,,
6218161083,케이프라인주식회사,,0.002,0.0189,,,,0.0006,0.7776,,,0.5762,,0.0169,,,,,0.777,,,,
6218162705,성림종합건설주식회사,0.4443,0.0009,0.3468,,,,,,,,,-0.4434,0.3459,,,,,,,,,
6218167660,주식회사이앤아이,0.0003,,,,,,,,,,,,,,,,,,,,,
6218173425,(주)진명코퍼레이션,,,,0.0029,0.0308,0.5072,,,,,,,,,0.0279,0.4764,,,,,,
6218176233,(주)조아물산,,0.0029,0.0086,0.0204,0.078,0.1016,0.2387,0.9472,,,,,0.0057,0.0118,0.0576,0.0236,0.1371,0.7085,,,,
6218189572,동해스틸(주),,,,,,,,0.0016,0.0001,0.0286,,,,,,,,,-0.0015,0.0285,,
6218194532,(주)인터불고몰,0.9811,,,,,,,,,,,,,,,,,,,,,
6218197320,주식회사포항에비뉴,,,,0.0009,0.0439,0.5743,0.8899,,,,,,,,0.043,0.5304,0.3156,,,,,
6218603303,(주)텐퍼센트커피,,,,,,,,,0.0003,0.0001,0.0001,,,,,,,,,-0.0002,0.0,
6218607221,주식회사이호,,,,,,,,,0.001,0.0006,0.0008,,,,,,,,,-0.0004,0.0002,
6218612651,주식회사제이엠커피컴퍼니,,,,,,,0.0063,0.0186,0.8918,0.7677,,,,,,,,0.0123,0.8732,-0.1241,,
6218612777,(주)기센에너지,,,,,,0.002,0.0446,0.7069,,,,,,,,,0.0426,0.6623,,,,
6218615681,주식회사비알디,,,,,,,,,0.0014,0.0007,0.0008,,,,,,,,,-0.0007,0.0001,
6218700400,주식회사경일푸드,,,,,,,,,0.0014,0.0005,0.0031,,,,,,,,,-0.0009,0.0026,
6228119934,(주)원진,0.2101,0.0492,0.0067,0.2045,0.4607,0.1649,0.6718,0.7564,0.7927,,,-0.1609,-0.0425,0.1978,0.2562,-0.2958,0.5069,0.0846,0.0363,,,
6228120824,보람상사(주),0.1111,0.9773,,,,,,,,,,0.8662,,,,,,,,,,
6228121556,주식회사심우식품,,,,,,0.0025,0.0356,0.0149,0.4317,,,,,,,,0.0331,-0.0207,0.4168,,,
6228123821,태금정(주),0.979,,,,,,,,,,,,,,,,,,,,,
6238701481,주식회사코넬,,,,,,,,,0.0007,0.0027,0.0015,,,,,,,,,0.002,-0.0012,
6248600488,주식회사아트웨이,,,,,,,,,0.0004,0.0014,0.0008,,,,,,,,,0.001,-0.0006,
6248801797,농업회사법인주식회사굿프랜드,,,,,,,0.0027,0.0688,0.5708,,,,,,,,,0.0661,0.502,,,
6258101433,주식회사대종컴퍼니,,,,,,,,0.0007,0.0002,,0.0003,,,,,,,,-0.0005,,,
6258700038,주식회사차이난다,,,,,,0.0005,0.0003,0.0001,,,,,,,,,-0.0002,-0.0002,,,,
6288700060,주식회사코스모앤컴퍼니,,0.004,0.0105,0.1785,0.22,0.5322,0.8375,0.9561,,,,,0.0065,0.168,0.0415,0.3122,0.3053,0.1186,,,,
6298800911,주식회사씨앤에스인터내셔널,,,,,,,,,0.0008,0.0012,0.0007,,,,,,,,,0.0004,-0.0005,
6318600832,주식회사소펙스코리아,,,,,,,,,0.0005,0.1052,0.0355,,,,,,,,,0.1047,-0.0697,
6328701224,(주)창조디앤씨,,,,,,,,,0.0038,0.1443,0.9458,,,,,,,,,0.1405,0.8015,
6328800936,주식회사비바웨이브,,,,,,,,0.0005,0.01,,0.009,,,,,,,,0.0095,,,
6388100371,"주식회사에이에스브이(ASVCo.,Ltd.)",,,,0.0035,0.1324,0.2599,,,,,,,,,0.1289,0.1275,,,,,,
6398102445,주식회사보문세본,,,,,,,,0.0062,0.0715,0.5991,,,,,,,,,0.0653,0.5276,,
6448102603,달성농수산물유통센타주식회사,,,,,,,,,0.0031,0.0501,0.4442,,,,,,,,,0.047,0.3941,
6478801714,(주)서현에너지,,,,,,,,,0.0008,0.0318,0.8154,,,,,,,,,0.031,0.7836,
6538600128,에스제이에너지산업(주),,,,,,,,0.0065,0.3136,0.9876,,,,,,,,,0.3071,0.674,,
6558700892,주식회사제이디스포츠패션코리아,,,,0.0015,0.1236,0.8683,0.9736,,,,,,,,0.1221,0.7447,0.1053,,,,,
6578600528,케이케이인더(주),,,,,,,,,0.0002,0.0,0.0,,,,,,,,,-0.0002,0.0,
6578600775,(주)은산글로벌,,,,,0.0006,0.0007,0.213,0.7685,0.8249,,,,,,,0.0001,0.2123,0.5555,0.0564,,,
6578601129,(주)그라운더,,,,,0.0053,0.0549,0.8933,,,,,,,,,0.0496,0.8384,,,,,
6628101505,주식회사휴디앤씨,,,,,,,,,0.003,0.0575,0.972,,,,,,,,,0.0545,0.9145,
6658700318,주)예스유통,,,,,0.0013,0.0257,0.891,0.92,,,,,,,,0.0244,0.8653,0.029,,,,
6698100910,화창토산(주),,,,0.0002,0.0001,0.0002,0.177,0.5284,0.9095,,,,,,-0.0001,0.0001,0.1768,0.3514,0.3811,,,
6698801150,주식회사나팔꽃에프앤비,,,,,,,0.0015,0.1663,0.0033,0.5643,,,,,,,,0.1648,-0.163,0.561,,
6708702171,주식회사케이에이치오에스,,,,,,,,,0.0012,0.0008,0.0013,,,,,,,,,-0.0004,0.0005,
6718801298,주식회사에이피오토모티브,,,,,,0.003,0.0322,0.9814,,,,,,,,,0.0292,0.9492,,,,
6728801248,주식회사엠케이홀딩스,,,,,,0.0027,0.0424,0.9729,,,,,,,,,0.0397,0.9305,,,,
6768600102,주식회사맘스터치앤컴퍼니,,,,,,,,,0.0006,0.0002,0.0006,,,,,,,,,-0.0004,0.0004,
6788100063,주식회사신창오토모빌,,,0.0009,0.0708,0.7268,0.8263,,,,,,,,0.0699,0.656,0.0995,,,,,,
6788700667,(주)델리캡,,,,0.0032,0.1001,0.9746,,,,,,,,,0.0969,0.8745,,,,,,
6798801142,주식회사슈피겐뷰티,,,,,,,0.0008,0.0053,0.207,0.2201,,,,,,,,0.0045,0.2017,0.0131,,
6808601982,대도하이젠(주),,,,,,,,,0.0015,0.0849,0.9397,,,,,,,,,0.0834,0.8548,
6838100537,주식회사에머이,,,,,0.0004,0.0005,0.0003,,0.001,0.0034,0.0495,,,,,0.0001,-0.0002,,,0.0024,0.0461,
6848700513,주식회사대광금속,,,,,,,0.0016,0.0006,0.6167,0.9418,,,,,,,,-0.001,0.6161,0.3251,,
6888602122,(주)플러스인스케어,,,,,,,,,0.0011,0.0014,0.0006,,,,,,,,,0.0003,-0.0008,
6888800185,주식회사에스앤더블유,,,,,,,,,0.0008,0.0001,0.0002,,,,,,,,,-0.0007,0.0001,
6908700634,주식회사서현메탈,,,,,,,,,0.0054,0.0023,0.0022,,,,,,,,,-0.0031,-0.0001,
6918800162,주식회사오션스글로벌,,,,,,,,,0.0017,0.0036,0.0187,,,,,,,,,0.0019,0.0151,
6928100531,주식회사엑스씨엠지크레인코리아,,,,,,,,,0.0009,0.0786,0.6356,,,,,,,,,0.0777,0.557,
6928700606,주식회사한창마린,,,,0.002,0.1142,0.9815,,,,,,,,,0.1122,0.8673,,,,,,
6938800585,큐로모터스주식회사,,,,0.0047,0.0694,0.9883,,,,,,,,,0.0647,0.9189,,,,,,
6958101204,(주)이터니티글로벌,,,,,,0.0004,0.0006,0.0021,,,,,,,,,0.0002,0.0015,,,,
6958800242,(주)벤드라인,,,,,,,,,0.0024,0.0017,0.0061,,,,,,,,,-0.0007,0.0044,
6958802482,주식회사세계로장우유통,,,,,,,,,0.0036,0.1237,0.9722,,,,,,,,,0.1201,0.8485,
7028100105,주식회사여인닷컴,,,,,0.0007,0.002,0.001,,0.0012,0.0028,0.022,,,,,0.0013,-0.001,,,0.0016,0.0192,
7028701483,주식회사조이웍스,,,,,,,,,0.0003,0.0001,0.0001,,,,,,,,,-0.0002,0.0,
7038700454,주식회사스틸서쳐코리아,,,0.0005,0.0274,0.0539,0.2307,,,,,,,,0.0269,0.0265,0.1768,,,,,,
7038801843,동원디어푸드주식회사,,,,,,,,0.0028,0.1097,0.124,,,,,,,,,0.1069,0.0143,,
7048100042,주식회사뷰티넷코리아,,,,,,,0.0008,0.1077,,0.145,0.8914,,,,,,,0.1069,,,0.7464,
7048100101,코드코스메인터내셔널주식회사,,,0.0024,0.0984,,0.9778,,,,,,,,0.096,,,,,,,,
7058100628,주식회사오늘식탁,,,,,,,,0.0046,0.0359,0.9283,,,,,,,,,0.0313,0.8924,,
7058700066,아이파크신라면세점(주),,,0.0017,0.0138,0.0088,0.0081,0.5421,0.94,0.9603,,,,,0.0121,-0.005,-0.0007,0.534,0.3979,0.0203,,,
7118101336,(주)엔에스에프서울,,,,,,0.0004,0.0001,0.0001,0.279,0.0007,,,,,,,-0.0003,0.0,0.2789,-0.2783,,
7138800915,삼원,,,,,,,,,0.0031,0.0972,0.0047,,,,,,,,,0.0941,-0.0925,
7198701744,스마트푸드네트웍스주식회사,,,,,,,,,0.0008,0.0167,0.4,,,,,,,,,0.0159,0.3833,
7198800010,주식회사마밴,,,,0.0033,0.1586,0.9515,,,,,,,,,0.1553,0.7929,,,,,,
7208100137,쥬씨주식회사,,,0.0002,0.0095,0.3577,0.8575,0.4964,0.8906,,,,,,0.0093,0.3482,0.4998,-0.3611,0.3942,,,,
7228100754,(주)원일,,,,0.0005,0.0001,,,0.0002,0.0003,,,,,,-0.0004,,,,0.0001,,,
7268700030,아이피엑스주식회사,,,0.0004,0.0149,0.0002,0.4489,0.5548,0.8215,,,,,,0.0145,-0.0147,0.4487,0.1059,0.2667,,,,
7268800060,(주)다농식자재마트,,,,,,,0.0018,0.0923,0.7938,,,,,,,,,0.0905,0.7015,,,
7308800036,(주)온리스타일,,,,,,0.0006,0.0011,0.4526,0.8519,0.8502,,,,,,,0.0005,0.4515,0.3993,-0.0017,,
7318700371,(주)엔케이파트너스,,,0.0035,0.0212,0.95,,,,,,,,,0.0177,0.9288,,,,,,,
7328101876,주식회사커머스라이프,,,,,,,,,0.0003,0.0776,0.9716,,,,,,,,,0.0773,0.894,
7378101833,주식회사네오스틸,,,,,,,,,0.0004,0.0001,0.0001,,,,,,,,,-0.0003,0.0,
7388600021,주식회사다른,,,,,,,,,0.001,0.0,0.0001,,,,,,,,,-0.001,0.0001,
7388800705,주식회사비아이이엔,,,,0.0016,0.0003,0.0029,0.0004,0.0188,0.0909,0.6057,,,,,-0.0013,0.0026,-0.0025,0.0184,0.0721,0.5148,,
7428802283,매일헬스뉴트리션주식회사,,,,,,,,0.0013,0.0169,0.5298,,,,,,,,,0.0156,0.5129,,
7458700991,(주)제이에이치코팜,,,,,,,,,0.0022,0.0014,0.0008,,,,,,,,,-0.0008,-0.0006,
7498600341,주식회사김포에프디,,,,,,,,,0.001,0.0039,0.0241,,,,,,,,,0.0029,0.0202,
7508101608,(주)엔에스헬스케어,,,,,,,,,0.0007,0.0006,0.0062,,,,,,,,,-0.0001,0.0056,
7518802351,(주)신경기라이스플러스,,,,,,,,,0.0016,0.0667,0.0235,,,,,,,,,0.0651,-0.0432,
7568100534,투데이주식회사,,,,,0.0011,0.0004,0.1986,0.9361,0.8339,,,,,,,-0.0007,0.1982,0.7375,-0.1022,,,
7578700844,(주)텔레게이트,,,,,,,,,0.0016,0.1238,0.788,,,,,,,,,0.1222,0.6642,
7588800387,케이알글로벌네트웍스주식회사,,,0.0003,0.011,0.0986,0.3733,,,,,,,,0.0107,0.0876,0.2747,,,,,,
7608102598,(주)샤인유통,,,,,,,,,0.0036,0.024,0.0019,,,,,,,,,0.0204,-0.0221,
7618700289,알파에쿼티파트너스주식회사,,,0.0025,0.0895,0.9465,,,,,,,,,0.087,0.857,,,,,,,
7648101460,주식회사한국금거래소디지털에셋,,,,,,,,,0.0006,0.1226,0.8437,,,,,,,,,0.122,0.7211,
7648700478,주식회사넥스트바이오글로벌,,,,0.0019,0.0237,0.2564,,,,,,,,,0.0218,0.2327,,,,,,
7668800258,(주)에스에이치팜,,,,,0.0012,0.0007,0.0005,0.3174,0.2205,,,,,,,-0.0005,-0.0002,0.3169,-0.0969,,,
7728602316,위본오토모티브(주),,,,,,,,,0.0013,0.0018,0.663,,,,,,,,,0.0005,0.6612,
7738600024,주식회사제이엔제이글로벌,,0.0053,0.1656,0.8266,0.111,0.3757,,,,,,,0.1603,0.661,-0.7156,0.2647,,,,,,
7748100610,(주)필식자재마트,,,0.0025,0.1045,0.7274,0.9732,,,,,,,,0.102,0.6229,0.2458,,,,,,
7778100389,주식회사미니소코리아,,,,0.0034,0.2531,0.9187,,,,,,,,,0.2497,0.6656,,,,,,
7788601237,정해석유산업주식회사,,,,,,,,,0.0009,0.0015,0.5445,,,,,,,,,0.0006,0.543,
7828100251,주식회사에스알아이앤디,,,0.0025,0.1363,0.9493,,,,,,,,,0.1338,0.813,,,,,,,
7858701493,주식회사바잉스퀘어,,,,,,,,,0.0014,0.0291,0.4492,,,,,,,,,0.0277,0.4201,
7868601257,엠케이빌딩주식회사,,,,,,,0.0024,0.1125,0.8725,,,,,,,,,0.1101,0.76,,,
7898801755,디케이에스에이치퍼포먼스머터리얼코리아주식회사,,,,,,,,,0.0016,0.0917,0.2867,,,,,,,,,0.0901,0.195,
7918801952,주식회사피엠플레이스,,,,,,,0.0012,0.0007,0.8685,,,,,,,,,-0.0005,0.8678,,,
7958601232,주식회사남선,,,,,0.0009,0.1812,0.2707,0.8215,,,,,,,,0.1803,0.0895,0.5508,,,,
7958702219,주식회사굿루브컴퍼니,,,,,,,,,0.0009,0.0006,0.0005,,,,,,,,,-0.0003,-0.0001,
7968700500,주식회사아이오토스,,,,,,,0.0011,0.0014,,,0.0025,,,,,,,0.0003,,,,
7978600850,(주)그로벌베스트코리아해운건설,,,,,,,,,0.0019,0.0183,0.8509,,,,,,,,,0.0164,0.8326,
7988701922,(주)하이테크화학,,,,,,,,,0.0007,0.0002,0.0008,,,,,,,,,-0.0005,0.0006,
8018100644,주식회사아이젠코리아,,,,0.0009,0.0035,0.0868,0.2774,,,,,,,,0.0026,0.0833,0.1906,,,,,
8018800982,주식회사올리브인터내셔널,,,,,,,,,0.0004,0.0005,0.0001,,,,,,,,,0.0001,-0.0004,
8058602386,(주)명심릿츠,,,,,,,,,0.0035,0.1404,0.9176,,,,,,,,,0.1369,0.7772,
8058701953,(주)미래안전,,,,,,,,,0.0005,0.0002,0.0003,,,,,,,,,-0.0003,0.0001,
8058800965,주식회사화의,,,,,0.0034,0.1105,0.0383,0.7649,,,,,,,,0.1071,-0.0722,0.7266,,,,
8138601447,주식회사이노바인코리아,,,,,,,,,0.0009,0.0001,0.7812,,,,,,,,,-0.0008,0.7811,
8158100148,주식회사비전모터스,,,,0.0024,0.0082,0.1455,0.6415,0.9532,,,,,,,0.0058,0.1373,0.496,0.3117,,,,
8158101244,십일번가주식회사,,,,,0.0006,0.0185,0.1709,0.5724,0.4447,,,,,,,0.0179,0.1524,0.4015,-0.1277,,,
8158800093,주식회사발란,,,,,,,0.0032,0.0156,0.5454,,,,,,,,,0.0124,0.5298,,,
8168100933,케이원홀딩스주식회사,,,,0.0012,0.0989,0.9764,,,,,,,,,0.0977,0.8775,,,,,,
8168600262,주식회사산비타,,,,,,,,,0.0008,0.0003,0.0003,,,,,,,,,-0.0005,0.0,
8168700444,주식회사프릭사모터스,,,,,0.0033,0.2236,0.9841,,,,,,,,,0.2203,0.7605,,,,,
8178800269,주식회사티에스팜,,,0.0011,0.0003,0.0004,0.0009,,,,,,,,-0.0008,0.0001,0.0005,,,,,,
8208101436,주식회사루트31,,,,,,,0.0035,0.1155,0.9521,,,,,,,,,0.112,0.8366,,,
8218700617,주식회사엠에이치앤코,,,,0.0032,0.1991,0.9346,,,,,,,,,0.1959,0.7355,,,,,,
8248100900,주식회사푸드힐,,,,,,,,0.0024,0.0039,0.0021,,,,,,,,,0.0015,-0.0018,,
8258600024,두산밥캣코리아주식회사,,,0.0013,0.0006,0.0004,0.0013,0.0004,0.0006,0.0002,0.0004,,,,-0.0007,-0.0002,0.0009,-0.0009,0.0002,-0.0004,0.0002,,
8268800017,(주)도로오토모티브,,,0.0015,0.093,0.008,0.6292,0.8198,0.9698,,,,,,0.0915,-0.085,0.6212,0.1906,0.15,,,,
8278701045,인피니티벤처스주식회사,,,,,,0.0013,0.0002,0.3711,0.7457,0.8918,,,,,,,-0.0011,0.3709,0.3746,0.1461,,
8278800892,케이피엘팜주식회사,,,,0.0013,0.0121,0.4638,0.0662,,,,,,,,0.0108,0.4517,-0.3976,,,,,
8288102502,주식회사지씨티코퍼레이션,,,,,,,,,0.0006,0.0002,0.0027,,,,,,,,,-0.0004,0.0025,
8288800648,주식회사에이피알패션,,,,,0.0008,0.0286,0.0005,,,,,,,,,0.0278,-0.0281,,,,,
8288801119,솔라엣지테크놀로지스코리아주식회사,,,,,,0.003,0.1064,0.9576,,,,,,,,,0.1034,0.8512,,,,
8318600524,(주)비앤씨코리아,,,,,,,,,0.0004,0.0007,0.0012,,,,,,,,,0.0003,0.0005,
8338102620,하우스틸코리아주식회사,,,,,,,,,0.0035,0.1944,0.9193,,,,,,,,,0.1909,0.7249,
8338602246,주식회사케이원김천,,,,,,,,,0.0016,0.0021,0.6643,,,,,,,,,0.0005,0.6622,
8378100847,주식회사유성,,,,0.0014,0.0101,0.184,0.0146,,,,0.0003,,,,0.0087,0.1739,-0.1694,,,,,
8388100379,(주)우현기업,,,0.004,0.0806,0.9675,,,,,,,,,0.0766,0.8869,,,,,,,
8408100765,주식회사원마트,,,,,,,,0.0026,0.0866,0.6633,,,,,,,,,0.084,0.5767,,
8438700790,주식회사티디엠그룹,,,,,,,,,0.0006,0.0007,0.5803,,,,,,,,,0.0001,0.5796,
8448100428,아시아나티앤아이(주),,,,0.0041,0.0464,0.1389,0.1525,0.8384,0.4536,,,,,,0.0423,0.0925,0.0136,0.6859,-0.3848,,,
8448600705,주식회사트리즈커머스,,,,,,,,,0.0013,0.126,0.2595,,,,,,,,,0.1247,0.1335,
8458800978,주식회사인에너지,,,,,,,,,0.0014,0.0927,0.0069,,,,,,,,,0.0913,-0.0858,
8488800564,(주)알파바이오랩스,,,,0.0034,0.1944,0.9827,,,,,,,,,0.191,0.7883,,,,,,
8508601131,주식회사청담엘앤에이치,,,,,,0.0032,0.1008,0.859,,,,,,,,,0.0976,0.7582,,,,
8508800325,주식회사현대디에프,,,,,0.0008,0.1404,0.9076,0.9578,,,,,,,,0.1396,0.7672,0.0502,,,,
8538100010,(주)이노와이즈인베스트먼트,,,,,0.0033,0.162,0.9044,,,,,,,,,0.1587,0.7424,,,,,
8548701784,주식회사제이에이씨글로벌,,,,,,,,0.0008,0.0022,,0.1152,,,,,,,,0.0014,,,
8558100729,주식회사트렌비,,,,,,,0.0033,0.0793,0.9218,,,,,,,,,0.076,0.8425,,,
8568600329,원스토어주식회사,,,0.0011,0.0169,0.2213,0.2211,0.0828,0.8193,,,,,,0.0158,0.2044,-0.0002,-0.1383,0.7365,,,,
8578602320,씨엠제이글로벌주식회사,,,,,,,,,0.0017,0.0092,0.0864,,,,,,,,,0.0075,0.0772,
8598602535,무원메탈주식회사,,,,,,,,,0.0008,0.0006,0.0005,,,,,,,,,-0.0002,-0.0001,
8598801812,주식회사다온유화,,,,,,,,,0.0005,0.0,0.0,,,,,,,,,-0.0005,0.0,
8618100888,(주)스타오토모빌,,,,,,,,,0.0008,0.0003,0.0006,,,,,,,,,-0.0005,0.0003,
8638100657,주식회사베디베로,,,,0.0011,0.0001,0.0005,0.5536,0.9792,,0.943,,,,,-0.001,0.0004,0.5531,0.4256,,,,
8638101831,주식회사아이리스브라이트,,,,,,,,,0.0002,0.0,0.0,,,,,,,,,-0.0002,0.0,
8668600914,주식회사대광헬스케어,,,,,,0.0048,0.1267,0.9713,,,,,,,,,0.1219,0.8446,,,,
8678101338,티케이파이핑(주),,,,,,,,,0.0003,0.0001,0.0209,,,,,,,,,-0.0002,0.0208,
8678700025,주식회사제이에스케이엠,,,0.0003,0.0001,0.0137,0.2997,0.5017,,,,,,,-0.0002,0.0136,0.286,0.202,,,,,
8708801143,(주)에스에스지닷컴,,,,,0.0011,0.0997,0.6629,0.9101,,,,,,,,0.0986,0.5632,0.2472,,,,
8718601803,농업회사법인주식회사좋은사람들,,,,,,,0.0039,0.1393,0.8053,0.7309,,,,,,,,0.1354,0.666,-0.0744,,
8738800992,(주)아이언오토,,,,,0.0031,0.0956,0.9812,,,,,,,,,0.0925,0.8856,,,,,
8748600934,주식회사공업사스토어,,,,,,,,0.0063,0.0546,0.716,,,,,,,,,0.0483,0.6614,,
8748800622,주식회사한맥코퍼레이션,,,,,0.0009,0.0007,0.0002,0.004,0.2227,,,,,,,-0.0002,-0.0005,0.0038,0.2187,,,
8758100984,(주)지이앤,,,,,,0.0035,0.1358,0.9843,,,,,,,,,0.1323,0.8485,,,,
8798801679,주식회사앤씨인터내셔널,,,,,,,,,0.0006,0.0016,0.0017,,,,,,,,,0.001,0.0001,
8808701221,(주)루튼인터내셔널,,,,,0.0038,0.0483,,0.9047,,,,,,,,0.0445,,,,,,
8808800646,주식회사메이사인터내셔널,,,,,,0.0003,0.0002,0.0001,,,,,,,,,-0.0001,-0.0001,,,,
8818602599,후성코퍼레이션주식회사,,,,,,,,,0.0017,0.0008,0.0017,,,,,,,,,-0.0009,0.0009,
8818701049,(주)성지인프라,,,,,,,,,0.0013,0.0014,0.0033,,,,,,,,,0.0001,0.0019,
8828700553,(주)바이포엠에프앤티,,,,,,,,,0.003,0.2043,0.9548,,,,,,,,,0.2013,0.7505,
8838100777,(주)송광모터스,,,,,,0.0025,0.1837,0.9746,,,,,,,,,0.1812,0.7909,,,,
8848800518,주식회사제우전산,,,,,,,0.001,0.0009,0.0997,,,,,,,,,-0.0001,0.0988,,,
8868602181,주식회사팜스지티엑스,,,,,,,,,0.0022,0.2145,0.3859,,,,,,,,,0.2123,0.1714,
8888101766,몬스주식회사,,,,,,,,,0.0004,0.0001,0.0001,,,,,,,,,-0.0003,0.0,
8898700568,(주)부산면세점,,,,0.0013,0.0092,0.5926,0.2529,,,,,,,,0.0079,0.5834,-0.3397,,,,,
8918800985,주식회사카카오커머스,,,,,0.0003,0.0001,0.0002,,,,,,,,,-0.0002,0.0001,,,,,
8928700360,지에스금은(주),,,,,,,,,0.0012,0.0254,0.0008,,,,,,,,,0.0242,-0.0246,
8938101375,주식회사자람푸드시스템,,,,,,,,,0.0005,0.0003,0.0138,,,,,,,,,-0.0002,0.0135,
8978700555,주식회사이스턴펙,,,,,,0.0014,0.0003,0.0024,0.3474,,,,,,,,-0.0011,0.0021,0.345,,,
8978700841,레텐마이어코리아주식회사,,,,,,,,,0.0006,0.0001,0.0002,,,,,,,,,-0.0005,0.0001,
8978801207,킴리코리아주식회사,,,,,,0.0004,0.0001,0.0433,,,,,,,,,-0.0003,0.0432,,,,
8998702224,(주)피엠케이쓰리,,,,,,,,0.0082,0.0649,0.7804,,,,,,,,,0.0567,0.7155,,
