부실확률_w,Porter5F_w,생애주기점수_w,산업충격민감도_w,기업충격민감도_w,부실확률변화_w,spearman_rho,p_value
0.35,0.05,0.3,0.05,0.2,0.05,-0.22634633406297996,2.1200362702776588e-06
0.25,0.1,0.2,0.05,0.35,0.05,-0.22444281748085168,2.5926810520020473e-06
0.35,0.05,0.25,0.05,0.25,0.05,-0.22324100074351624,2.941323741957917e-06
0.3,0.1,0.15,0.05,0.35,0.05,-0.22177666530968568,3.4268653484902252e-06
0.3,0.05,0.35,0.05,0.2,0.05,-0.22011791583469265,4.069304926240128e-06
0.2,0.1,0.2,0.05,0.4,0.05,-0.2197149206185516,4.241929942252524e-06
0.3,0.1,0.2,0.05,0.3,0.05,-0.2189492126390477,4.58937328053525e-06
0.25,0.1,0.25,0.05,0.3,0.05,-0.21879593449245954,4.662113263322783e-06
0.2,0.1,0.25,0.05,0.35,0.05,-0.21861227381792853,4.750721263113782e-06
0.5,0.05,0.05,0.05,0.3,0.05,-0.21842622350636828,4.842119761428012e-06
0.35,0.05,0.15,0.05,0.35,0.05,-0.21755246979547205,5.294270999299426e-06
0.4,0.05,0.15,0.05,0.3,0.05,-0.2174741238385857,5.336725187419071e-06
0.25,0.1,0.15,0.05,0.4,0.05,-0.21656640314420278,5.8528898090984634e-06
0.4,0.05,0.2,0.05,0.25,0.05,-0.21583056562756409,6.305918222654888e-06
0.45,0.05,0.1,0.05,0.3,0.05,-0.2156586824498199,6.416457597189311e-06
0.25,0.1,0.3,0.05,0.25,0.05,-0.21482794220544954,6.9772644682429845e-06
0.45,0.05,0.15,0.05,0.25,0.05,-0.21451763076837016,7.1984925722644584e-06
0.45,0.05,0.25,0.05,0.15,0.05,-0.21400078641662298,7.581873252949942e-06
0.25,0.05,0.4,0.05,0.2,0.05,-0.212968804596721,8.406347715763027e-06
0.4,0.05,0.25,0.05,0.2,0.05,-0.21205323223781353,9.208687215417322e-06
0.5,0.05,0.1,0.05,0.25,0.05,-0.21154970157808628,9.680494206655832e-06
0.3,0.1,0.1,0.05,0.4,0.05,-0.21152443970092027,9.704760592408707e-06
0.25,0.05,0.25,0.05,0.35,0.05,-0.21108764818965178,1.0133607192379515e-05
0.35,0.1,0.15,0.05,0.3,0.05,-0.21108047927856416,1.0140793906899085e-05
0.3,0.05,0.15,0.05,0.4,0.05,-0.21100657121901775,1.0215168842747644e-05
0.4,0.1,0.15,0.05,0.25,0.05,-0.2108311035857297,1.0393829691623767e-05
0.3,0.05,0.25,0.05,0.3,0.05,-0.21081744851699138,1.0407857262149695e-05
0.3,0.1,0.3,0.05,0.2,0.05,-0.21062730168480961,1.0605072951491616e-05
0.4,0.05,0.1,0.05,0.35,0.05,-0.21042025670506417,1.0823857200328873e-05
0.25,0.05,0.2,0.05,0.4,0.05,-0.21036273472800376,1.0885398771658979e-05
0.2,0.1,0.3,0.05,0.3,0.05,-0.21019426531744417,1.1067561802278622e-05
0.2,0.1,0.15,0.1,0.4,0.05,-0.20998858584457253,1.1293892289976576e-05
0.35,0.1,0.2,0.05,0.25,0.05,-0.2097789805394386,1.1529068596429244e-05
0.2,0.1,0.15,0.05,0.45,0.05,-0.20968629676037695,1.1634538073945382e-05
0.4,0.05,0.3,0.05,0.15,0.05,-0.2095804699776546,1.1756085723117138e-05
0.3,0.05,0.2,0.05,0.35,0.05,-0.20922765713912705,1.2170094391223047e-05
0.2,0.05,0.35,0.05,0.3,0.05,-0.2091643317578529,1.2245856319671302e-05
0.25,0.05,0.35,0.05,0.25,0.05,-0.20844027173800103,1.3144614353425974e-05
0.25,0.05,0.15,0.05,0.45,0.05,-0.2082192303127987,1.3431253199603749e-05
0.3,0.05,0.3,0.05,0.25,0.05,-0.20818765296634123,1.3472683445212708e-05
0.3,0.1,0.25,0.05,0.25,0.05,-0.20762199174385446,1.4235744791619668e-05
0.2,0.05,0.4,0.05,0.25,0.05,-0.20755371640016262,1.4330576376500067e-05
0.2,0.05,0.3,0.05,0.35,0.05,-0.2066978849669855,1.55713856091991e-05
0.4,0.1,0.1,0.05,0.3,0.05,-0.2061747251459468,1.6379439349515404e-05
0.35,0.1,0.1,0.05,0.35,0.05,-0.20592688564834546,1.6775999249948287e-05
0.5,0.05,0.2,0.05,0.15,0.05,-0.20492272603099787,1.847798750172433e-05
0.4,0.1,0.2,0.05,0.2,0.05,-0.20468000718417337,1.8913318296041552e-05
0.2,0.05,0.2,0.05,0.45,0.05,-0.20448064318059325,1.9278153513483945e-05
0.35,0.05,0.2,0.05,0.3,0.05,-0.20418910746302915,1.982370746585968e-05
0.45,0.05,0.05,0.05,0.35,0.05,-0.20359716023322097,2.0976822656770078e-05
0.2,0.05,0.15,0.05,0.45,0.1,-0.20324793185023723,2.1686670946881996e-05
0.2,0.05,0.15,0.05,0.5,0.05,-0.20313135170088345,2.1928664387565767e-05
0.25,0.05,0.3,0.05,0.3,0.05,-0.20313032757072805,2.1930801550215465e-05
0.2,0.1,0.2,0.1,0.35,0.05,-0.2030606867201624,2.207659298556592e-05
0.35,0.1,0.15,0.1,0.25,0.05,-0.2024166795407892,2.3469064250516256e-05
0.2,0.1,0.1,0.1,0.45,0.05,-0.20199098277287061,2.4434792655498916e-05
0.25,0.1,0.15,0.1,0.35,0.05,-0.20152944144951387,2.5524354649892097e-05
0.35,0.05,0.1,0.05,0.4,0.05,-0.20142600430382074,2.5774777521783005e-05
0.2,0.05,0.45,0.05,0.2,0.05,-0.20138461046042602,2.5875643559864395e-05
0.2,0.05,0.25,0.05,0.4,0.05,-0.20119779396753076,2.6335539002213608e-05
0.25,0.05,0.2,0.1,0.35,0.05,-0.2007386422812032,2.74989926210918e-05
0.25,0.1,0.1,0.05,0.45,0.05,-0.2006618325195499,2.7698315534080934e-05
0.25,0.1,0.35,0.05,0.2,0.05,-0.20057375732618743,2.7928557053925903e-05
0.2,0.1,0.1,0.05,0.5,0.05,-0.1998691557792877,2.9836872859100204e-05
0.45,0.05,0.2,0.05,0.2,0.05,-0.1993046893753155,3.1454078103524815e-05
0.2,0.05,0.5,0.05,0.15,0.05,-0.19928864466954796,3.150123770039989e-05
0.3,0.1,0.1,0.05,0.35,0.1,-0.19927737923783878,3.1534389754385247e-05
0.2,0.1,0.15,0.05,0.4,0.1,-0.19887131163123165,3.275166774013009e-05
0.35,0.15,0.15,0.05,0.25,0.05,-0.1985826776157744,3.364381507213788e-05
0.2,0.1,0.3,0.1,0.25,0.05,-0.19851832810434486,3.384582671382688e-05
0.3,0.05,0.1,0.05,0.45,0.05,-0.19828051886619022,3.460238404036316e-05
0.35,0.05,0.1,0.05,0.35,0.1,-0.1981902650779056,3.489368170624439e-05
0.2,0.1,0.35,0.05,0.25,0.05,-0.19743479839995548,3.742463782556958e-05
0.25,0.05,0.15,0.05,0.4,0.1,-0.197413633043411,3.749798692381067e-05
0.2,0.05,0.2,0.1,0.4,0.05,-0.19721597592342316,3.818956908000753e-05
0.45,0.1,0.15,0.05,0.2,0.05,-0.19721409835147166,3.819619599435457e-05
0.2,0.1,0.2,0.05,0.35,0.1,-0.19678259817933924,3.9748372567081664e-05
0.2,0.05,0.2,0.05,0.4,0.1,-0.1967776482169216,3.976651968712344e-05
0.25,0.1,0.3,0.1,0.2,0.05,-0.19666670078342238,4.0175327303660785e-05
0.35,0.05,0.35,0.05,0.15,0.05,-0.1966576543003832,4.020883550109613e-05
0.25,0.1,0.2,0.1,0.3,0.05,-0.1964265422619864,4.107389105819048e-05
0.4,0.05,0.1,0.05,0.3,0.1,-0.19608584829696413,4.2381262980632875e-05
0.25,0.05,0.1,0.05,0.5,0.05,-0.19608414141337183,4.238791090194905e-05
0.6,0.05,0.15,0.05,0.1,0.05,-0.19588289983784016,4.317864819092719e-05
0.55,0.05,0.15,0.05,0.15,0.05,-0.19581684344281833,4.344122866278803e-05
0.35,0.1,0.25,0.05,0.2,0.05,-0.195412141343085,4.5083203409594786e-05
0.25,0.1,0.25,0.1,0.25,0.05,-0.19534619440457976,4.53562614648111e-05
0.55,0.05,0.05,0.05,0.25,0.05,-0.19520424292154337,4.594933390757463e-05
0.35,0.05,0.15,0.05,0.3,0.1,-0.19509909889225793,4.6393341241307544e-05
0.25,0.05,0.1,0.05,0.45,0.1,-0.19498849283547717,4.686478772218271e-05
0.25,0.05,0.45,0.05,0.15,0.05,-0.1949115123854646,4.719557636800805e-05
0.35,0.15,0.2,0.05,0.2,0.05,-0.19480022357524696,4.7677691636976455e-05
0.45,0.1,0.1,0.05,0.25,0.05,-0.19446823471654542,4.914369702363794e-05
0.55,0.05,0.1,0.05,0.2,0.05,-0.19429123088802433,4.994261667295842e-05
0.25,0.05,0.3,0.05,0.25,0.1,-0.19428337922349975,4.997833834562234e-05
0.2,0.1,0.25,0.1,0.3,0.05,-0.1942603362950038,5.0083313081800416e-05
0.65,0.05,0.05,0.05,0.15,0.05,-0.19360745332095064,5.3145609704811595e-05
0.25,0.1,0.1,0.05,0.4,0.1,-0.19342362195806037,5.403924748442491e-05
0.3,0.15,0.2,0.05,0.25,0.05,-0.19321111495081955,5.508995882668381e-05
0.2,0.05,0.1,0.05,0.55,0.05,-0.19285727798213664,5.688236285398825e-05
0.25,0.1,0.15,0.05,0.35,0.1,-0.19283304023512607,5.700713518690076e-05
0.2,0.15,0.2,0.05,0.35,0.05,-0.192365354130837,5.946589135921942e-05
0.2,0.05,0.3,0.1,0.3,0.05,-0.19225099293015321,6.008216717678166e-05
0.25,0.15,0.25,0.05,0.25,0.05,-0.19203029288166934,6.12885627555329e-05
0.5,0.05,0.15,0.05,0.2,0.05,-0.19198011050405586,6.156604181139443e-05
0.3,0.05,0.4,0.05,0.15,0.05,-0.19188162332078038,6.211406715795964e-05
0.2,0.05,0.25,0.05,0.35,0.1,-0.19166348359768498,6.334431966327577e-05
0.25,0.05,0.25,0.05,0.3,0.1,-0.19148750389931926,6.435351352377767e-05
0.25,0.1,0.1,0.1,0.4,0.05,-0.19133542057124572,6.523786563991795e-05
0.35,0.1,0.15,0.05,0.25,0.1,-0.1913214241257889,6.531982723554188e-05
0.3,0.1,0.15,0.1,0.3,0.05,-0.19065215506924973,6.935430866628544e-05
0.25,0.15,0.15,0.05,0.35,0.05,-0.19038536916377388,7.102711372032749e-05
0.3,0.05,0.15,0.05,0.35,0.1,-0.1903693244580063,7.112892032823706e-05
0.25,0.05,0.3,0.1,0.25,0.05,-0.19034525739935493,7.128188818757568e-05
0.3,0.1,0.05,0.05,0.45,0.05,-0.19025564601075942,7.185418055913685e-05
0.3,0.05,0.25,0.05,0.25,0.1,-0.1902035860611944,7.218864117698819e-05
0.4,0.15,0.15,0.05,0.2,0.05,-0.19018924823901912,7.228101231660764e-05
0.2,0.05,0.25,0.1,0.35,0.05,-0.18986255071945368,7.441619004126362e-05
0.5,0.1,0.1,0.05,0.2,0.05,-0.18954472899456823,7.655028783342019e-05
0.25,0.1,0.35,0.1,0.15,0.05,-0.18946962611650722,7.706294220180327e-05
0.6,0.05,0.1,0.05,0.15,0.05,-0.18946467615408955,7.70968441597828e-05
0.35,0.1,0.05,0.05,0.4,0.05,-0.18945426416417652,7.71682010459367e-05
0.25,0.05,0.15,0.1,0.4,0.05,-0.18944077978379742,7.726070654242616e-05
0.35,0.05,0.2,0.1,0.25,0.05,-0.18940869037226224,7.748126653876889e-05
0.2,0.05,0.3,0.05,0.3,0.1,-0.18932215137413283,7.807903542567843e-05
0.3,0.1,0.35,0.05,0.15,0.05,-0.18900876754658735,8.02802920256069e-05
0.25,0.05,0.2,0.05,0.35,0.1,-0.18889372359246662,8.110294808135841e-05
0.2,0.05,0.35,0.05,0.25,0.1,-0.18867746144132272,8.267093120296617e-05
0.3,0.05,0.3,0.05,0.2,0.1,-0.1885764139326588,8.34133103116831e-05
0.2,0.15,0.3,0.05,0.25,0.05,-0.1880394283545226,8.746492732206953e-05
0.3,0.1,0.2,0.05,0.25,0.1,-0.1880332835735903,8.751234494428411e-05
0.2,0.1,0.05,0.1,0.5,0.05,-0.18732799927325366,9.311856918888968e-05
0.3,0.15,0.25,0.05,0.2,0.05,-0.1871515075098103,9.45734401505943e-05
0.2,0.1,0.45,0.05,0.15,0.05,-0.18693934187928793,9.635069256162637e-05
0.25,0.15,0.1,0.05,0.4,0.05,-0.18687448030278067,9.690026125722616e-05
0.3,0.05,0.1,0.05,0.4,0.1,-0.18687448030278067,9.690026125722616e-05
0.5,0.05,0.25,0.05,0.1,0.05,-0.1868417081378086,9.717905831460373e-05
0.25,0.1,0.4,0.05,0.15,0.05,-0.1867329796529794,9.81094406785139e-05
0.2,0.05,0.35,0.1,0.25,0.05,-0.1861838752013378,0.00010293749789034329
0.2,0.1,0.15,0.1,0.35,0.1,-0.1861591253892495,0.00010316029067055023
0.25,0.05,0.25,0.1,0.3,0.05,-0.18602786604100197,0.0001043494606217566
0.2,0.1,0.05,0.05,0.55,0.05,-0.18601608854421514,0.00010445678907125825
0.3,0.05,0.25,0.1,0.25,0.05,-0.18594252186138718,0.00010512955607281283
0.35,0.1,0.1,0.1,0.3,0.05,-0.1859297272657778,0.00010524697774827608
0.4,0.1,0.05,0.05,0.35,0.05,-0.18573342862133096,0.0001070640299848056
0.2,0.1,0.4,0.05,0.2,0.05,-0.18551580096331324,0.00010911297742010096
0.25,0.15,0.2,0.05,0.3,0.05,-0.18549890281574952,0.00010927360491778353
0.25,0.1,0.05,0.1,0.45,0.05,-0.18544342909899988,0.00010980248160640974
0.2,0.15,0.25,0.05,0.3,0.05,-0.18522665488277834,0.000111892331862508
0.2,0.15,0.15,0.05,0.4,0.05,-0.1851933706527286,0.0001122165063900722
0.6,0.05,0.2,0.05,0.05,0.05,-0.18497885735742273,0.00011432704991911606
0.3,0.05,0.15,0.1,0.35,0.05,-0.18474787403513937,0.00011664132245396794
0.3,0.1,0.2,0.1,0.25,0.05,-0.18468983999300131,0.00011722965958677802
0.3,0.1,0.1,0.1,0.35,0.05,-0.1846685039480976,0.00011744666022222918
0.45,0.15,0.05,0.05,0.25,0.05,-0.1846679918830199,0.00011745187287276907
0.2,0.1,0.1,0.05,0.45,0.1,-0.18463300076937786,0.00011780858610808856
0.3,0.05,0.2,0.05,0.3,0.1,-0.18452324815439325,0.00011893406317602943
0.6,0.05,0.05,0.05,0.2,0.05,-0.1843233720857354,0.00012100972400140982
0.25,0.1,0.05,0.05,0.5,0.05,-0.18425082953306285,0.00012177144121431761
0.5,0.05,0.2,0.05,0.1,0.1,-0.18398319018579087,0.0001246208737763183
0.25,0.15,0.3,0.05,0.2,0.05,-0.18396748685674175,0.0001247899900212214
0.2,0.05,0.15,0.1,0.45,0.05,-0.18391098900983674,0.00012540022555678032
0.2,0.05,0.1,0.05,0.5,0.1,-0.18384988257723253,0.00012606339326765698
0.3,0.1,0.25,0.1,0.2,0.05,-0.18380533291547366,0.0001265489505335113
0.45,0.15,0.1,0.05,0.2,0.05,-0.1835829259833975,0.00012899940205812844
0.35,0.05,0.3,0.1,0.15,0.05,-0.18351072480744338,0.00012980443924918896
0.45,0.1,0.05,0.05,0.3,0.05,-0.18345644590920837,0.0001304127484803194
0.4,0.05,0.1,0.1,0.3,0.05,-0.18335096050320449,0.0001316025983698006
0.4,0.15,0.1,0.05,0.25,0.05,-0.18332109004033934,0.0001319413773816498
0.55,0.05,0.2,0.05,0.1,0.05,-0.18328507479654188,0.00013235093695885037
0.2,0.1,0.4,0.1,0.15,0.05,-0.18319290308255792,0.00013340454219338733
0.35,0.1,0.3,0.05,0.15,0.05,-0.18279861297273758,0.00013800115973061628
0.35,0.05,0.05,0.05,0.4,0.1,-0.1827607201569886,0.0001384506571771572
0.35,0.05,0.15,0.1,0.3,0.05,-0.18243692433953013,0.00014234806872570708
0.3,0.05,0.2,0.1,0.3,0.05,-0.18186750797314022,0.00014945277445553245
0.45,0.05,0.3,0.05,0.1,0.05,-0.18170501265515368,0.00015154046930752402
0.2,0.05,0.4,0.1,0.2,0.05,-0.18170245232976523,0.00015157358152330426
0.5,0.1,0.05,0.05,0.25,0.05,-0.18167360599705543,0.0001519471151239642
0.2,0.15,0.1,0.05,0.45,0.05,-0.18129518990464344,0.00015692790481249125
0.25,0.05,0.35,0.1,0.2,0.05,-0.1812572970888945,0.00015743500406294197
0.2,0.1,0.35,0.1,0.2,0.05,-0.18093674435026133,0.00016178669531027623
0.2,0.05,0.1,0.1,0.5,0.05,-0.18090328943185235,0.00016224730817809393
0.3,0.1,0.15,0.05,0.3,0.1,-0.18076827493970174,0.00016411873340580014
0.2,0.2,0.25,0.05,0.25,0.05,-0.18076434910743946,0.00016417345064740206
0.4,0.05,0.05,0.05,0.4,0.05,-0.18073969147459124,0.00016451751366237764
0.3,0.15,0.15,0.05,0.3,0.05,-0.18068975829445613,0.0001652163334697917
0.45,0.05,0.05,0.05,0.3,0.1,-0.18066637398924168,0.00016554455504936923
0.2,0.1,0.25,0.05,0.3,0.1,-0.18053699221294567,0.00016737162981758798
0.2,0.15,0.15,0.1,0.35,0.05,-0.18045915832113696,0.00016847985573238707
0.25,0.05,0.35,0.05,0.2,0.1,-0.18006333201608357,0.00017422299539458064
0.3,0.1,0.05,0.05,0.4,0.1,-0.17986448007758113,0.00017717694086401617
0.25,0.05,0.1,0.1,0.4,0.1,-0.1795307843352873,0.00018223968431365286
0.2,0.2,0.2,0.05,0.3,0.05,-0.17917097327403134,0.00018785032040593728
0.2,0.05,0.1,0.05,0.45,0.15,-0.17909040836847498,0.0001891285672969942
0.45,0.05,0.1,0.05,0.25,0.1,-0.17890196841988554,0.00019215024603732152
0.3,0.1,0.3,0.1,0.15,0.05,-0.17887448759404959,0.00019259466629941623
0.25,0.1,0.1,0.1,0.35,0.1,-0.17881047945933848,0.0001936335415153893
0.2,0.05,0.15,0.1,0.4,0.1,-0.1787742935271818,0.00019422317181324808
0.35,0.15,0.25,0.05,0.15,0.05,-0.17874937302673427,0.0001946302151424314
0.25,0.15,0.1,0.1,0.35,0.05,-0.17868604764546012,0.00019566814804795313
0.3,0.15,0.2,0.1,0.2,0.05,-0.17829653680969823,0.00020216726602460155
0.2,0.15,0.1,0.05,0.4,0.1,-0.17819753756134507,0.00020385101529236672
0.2,0.15,0.35,0.05,0.2,0.05,-0.1778307282773607,0.00021020470077222516
0.35,0.05,0.1,0.1,0.35,0.05,-0.1777926647732525,0.00021087452620594123
0.45,0.05,0.1,0.1,0.25,0.05,-0.17754267346857594,0.00021532365143269263
0.4,0.1,0.1,0.05,0.25,0.1,-0.17751700307309673,0.00021578544963850278
0.35,0.05,0.2,0.05,0.25,0.1,-0.17723963448934868,0.00022083463056416807
0.3,0.05,0.35,0.1,0.15,0.05,-0.17716333679277305,0.00022224280438730553
0.25,0.15,0.25,0.1,0.2,0.05,-0.1770899407983043,0.0002236053464164817
0.2,0.15,0.25,0.1,0.25,0.05,-0.1770645082327791,0.00022407930320945222
0.25,0.05,0.35,0.1,0.15,0.1,-0.1770426601227977,0.0002244872109348611
0.4,0.1,0.25,0.05,0.15,0.05,-0.1768774337910635,0.00022759457585209194
0.35,0.05,0.3,0.05,0.15,0.1,-0.17668575076364867,0.00023124989847658867
0.5,0.1,0.15,0.05,0.15,0.05,-0.17663812871142362,0.0002321665090468089
0.25,0.1,0.25,0.05,0.25,0.1,-0.176584873943344,0.00023319555955903664
0.4,0.05,0.05,0.05,0.35,0.1,-0.17654425011384736,0.00023398340644849514
0.5,0.15,0.05,0.05,0.2,0.05,-0.17649696943834076,0.0002349034882656484
0.25,0.05,0.4,0.05,0.15,0.1,-0.17633822926425727,0.0002380173775195454
0.25,0.1,0.2,0.05,0.3,0.1,-0.17612401537342412,0.00024228066281206962
0.55,0.1,0.15,0.05,0.1,0.05,-0.1760330384779548,0.00024411279372170676
0.2,0.05,0.1,0.1,0.45,0.1,-0.17591577557516408,0.0002464933904228262
0.35,0.05,0.35,0.1,0.1,0.05,-0.1757956109702664,0.00024895539497035246
0.4,0.15,0.2,0.05,0.15,0.05,-0.17567152053310653,0.00025152194299893376
0.65,0.05,0.1,0.05,0.1,0.05,-0.17561553475127922,0.0002526879668153683
0.25,0.1,0.05,0.05,0.45,0.1,-0.1756112675422985,0.00025277704745561353
0.3,0.15,0.05,0.05,0.4,0.05,-0.17556705925725802,0.0002537016514485107
0.3,0.05,0.05,0.05,0.45,0.1,-0.175529849194946,0.00025448233819062925
0.2,0.1,0.15,0.05,0.35,0.15,-0.17536820731875558,0.00025789979934240283
0.25,0.2,0.25,0.05,0.2,0.05,-0.1752606736524409,0.00026019699667873485
0.2,0.1,0.2,0.05,0.3,0.15,-0.17516269853424313,0.0002623066295496127
0.25,0.2,0.2,0.05,0.25,0.05,-0.17508810772125982,0.0002639234462597204
0.35,0.1,0.05,0.1,0.35,0.05,-0.17482456489460937,0.00026971081418069996
0.2,0.15,0.05,0.05,0.5,0.05,-0.17482285801101707,0.00026974868054432255
0.4,0.05,0.05,0.1,0.35,0.05,-0.17477847903761737,0.00027073495068910926
0.3,0.05,0.4,0.1,0.1,0.05,-0.17472710184148926,0.0002718809544321724
0.35,0.1,0.2,0.1,0.2,0.05,-0.17462417676087383,0.00027419041190986744
0.3,0.15,0.1,0.05,0.35,0.05,-0.17461376477096083,0.0002744250562649758
0.2,0.15,0.2,0.1,0.3,0.05,-0.1745523169616382,0.00027581366620234483
0.3,0.05,0.3,0.1,0.2,0.05,-0.17451294119776115,0.0002767069343445288
0.3,0.15,0.1,0.1,0.3,0.05,-0.1743838475510786,0.00027965450275588684
0.2,0.05,0.25,0.05,0.3,0.15,-0.17432752039253283,0.0002809497741799651
0.25,0.05,0.05,0.05,0.5,0.1,-0.1742170850241113,0.0002835055649474552
0.35,0.05,0.25,0.1,0.2,0.05,-0.17401242968139502,0.00028829935773263355
0.2,0.05,0.15,0.05,0.4,0.15,-0.17391872177217796,0.00029051950991915317
0.35,0.15,0.1,0.05,0.3,0.05,-0.1739014822478958,0.00029092968738306
0.4,0.2,0.05,0.05,0.25,0.05,-0.17378933999588195,0.000293611095409451
0.25,0.05,0.3,0.05,0.2,0.15,-0.17366473749364436,0.0002966174840660929
0.55,0.1,0.05,0.05,0.2,0.05,-0.1735408177448437,0.0002996358749979047
0.3,0.2,0.2,0.05,0.2,0.05,-0.17327215426741635,0.0003062785897946213
0.65,0.05,0.15,0.05,0.05,0.05,-0.17322419083847282,0.0003074788471057534
0.25,0.05,0.4,0.1,0.15,0.05,-0.17313338463136266,0.0003097632491214861
0.2,0.1,0.05,0.05,0.5,0.1,-0.17308542120241918,0.0003109762412016817
0.35,0.2,0.1,0.05,0.25,0.05,-0.1730434318660487,0.00031204178534971423
0.45,0.1,0.2,0.05,0.15,0.05,-0.17298829952601752,0.00031344602619951087
0.4,0.05,0.35,0.05,0.1,0.05,-0.17298556851226987,0.0003135157391325261
0.25,0.15,0.05,0.05,0.45,0.05,-0.17281590428319565,0.00031787512739090285
0.35,0.1,0.25,0.1,0.15,0.05,-0.17273960658662005,0.0003198539102126803
0.3,0.05,0.35,0.1,0.1,0.1,-0.1727351686892801,0.00031996936004843944
0.4,0.05,0.15,0.1,0.25,0.05,-0.1724876705683972,0.0003264697846006314
0.2,0.2,0.35,0.05,0.15,0.05,-0.17246684658857117,0.00032702229682471254
0.25,0.2,0.15,0.05,0.3,0.05,-0.17225570508820418,0.00033267386636968597
0.35,0.05,0.25,0.05,0.2,0.1,-0.17194778328815405,0.00034107936165826306
0.4,0.1,0.1,0.1,0.25,0.05,-0.17192354554114345,0.0003417493277975457
0.25,0.1,0.3,0.1,0.15,0.1,-0.17188189758149142,0.00034290340313158273
0.2,0.2,0.15,0.05,0.35,0.05,-0.17174415207559315,0.0003467462955751448
0.3,0.1,0.05,0.1,0.35,0.1,-0.17168116807103745,0.00034851679570433846
0.25,0.05,0.45,0.1,0.1,0.05,-0.17165829583090067,0.0003491618244607695
0.25,0.1,0.15,0.1,0.3,0.1,-0.171467466245282,0.00035458701502928154
0.2,0.1,0.5,0.05,0.1,0.05,-0.17131231052674228,0.00035905580889435514
0.45,0.05,0.2,0.05,0.15,0.1,-0.17121911468260298,0.0003617652062069208
0.2,0.2,0.3,0.05,0.2,0.05,-0.17120016827472848,0.00036231834265625855
0.2,0.05,0.45,0.1,0.15,0.05,-0.17119794367948257,0.00036238334092373773
0.4,0.05,0.3,0.1,0.1,0.05,-0.17116944437006715,0.0003632169960433101
0.5,0.05,0.15,0.05,0.15,0.1,-0.17105337628579104,0.0003666306849141937
0.3,0.05,0.1,0.1,0.4,0.05,-0.17105047458368416,0.000366716408879754
0.25,0.15,0.35,0.05,0.15,0.05,-0.1710380143334604,0.0003670847299805738
0.35,0.05,0.05,0.05,0.45,0.05,-0.17094362367080643,0.0003698861033197618
0.4,0.1,0.05,0.1,0.3,0.05,-0.17088149310804687,0.00037174090075505357
0.3,0.05,0.05,0.05,0.5,0.05,-0.1707410165884009,0.0003759665654200648
0.3,0.1,0.05,0.1,0.4,0.05,-0.17070517203296273,0.00037705194522291187
0.3,0.1,0.1,0.1,0.3,0.1,-0.17068639631344742,0.0003776216416054426
0.55,0.05,0.15,0.05,0.1,0.1,-0.1706305812199794,0.00037931993138029464
0.25,0.05,0.15,0.1,0.35,0.1,-0.17058671431165737,0.00038065966254967267
0.2,0.25,0.1,0.05,0.35,0.05,-0.17053192334834466,0.00038233921330864433
0.45,0.15,0.15,0.05,0.15,0.05,-0.1704846426728381,0.00038379409013896516
0.25,0.15,0.15,0.1,0.3,0.05,-0.17047064622738128,0.0003842257637305385
0.2,0.15,0.2,0.05,0.3,0.1,-0.17042097591484545,0.00038576133084479284
0.25,0.05,0.05,0.1,0.45,0.1,-0.17041978109633085,0.00038579833917997054
0.2,0.15,0.25,0.05,0.25,0.1,-0.17039383646572798,0.00038660276459460903
0.2,0.05,0.2,0.05,0.35,0.15,-0.17038410722925185,0.0003869048266168815
0.3,0.05,0.1,0.1,0.35,0.1,-0.1703726711091835,0.0003872601629721382
0.2,0.05,0.4,0.1,0.15,0.1,-0.17032846282414302,0.0003886366366652797
0.25,0.1,0.35,0.1,0.1,0.1,-0.17025079962069356,0.0003910658039667455
0.3,0.05,0.45,0.05,0.1,0.05,-0.1702400462540621,0.00039140326234871585
0.25,0.05,0.1,0.1,0.45,0.05,-0.17022058778110993,0.00039201459067008754
0.2,0.1,0.3,0.05,0.25,0.1,-0.17018918112301168,0.000393003171901894
0.5,0.05,0.05,0.05,0.25,0.1,-0.17010417832011537,0.0003956904439500539
0.3,0.15,0.3,0.05,0.15,0.05,-0.16984916991142637,0.000403855260080782
0.2,0.05,0.05,0.05,0.6,0.05,-0.16979250137616214,0.00040569083555310224
0.25,0.1,0.4,0.1,0.1,0.05,-0.1695688996255714,0.0004130096602794812
0.45,0.1,0.1,0.1,0.2,0.05,-0.16954141879973542,0.0004139175805384524
0.4,0.15,0.05,0.05,0.3,0.05,-0.16952622753576402,0.000414420271239487
0.2,0.15,0.15,0.05,0.35,0.1,-0.16938506826268115,0.00041911858586806615
0.55,0.1,0.1,0.05,0.15,0.05,-0.16932669284382462,0.0004210759897382803
0.45,0.05,0.25,0.05,0.1,0.1,-0.1692581688593541,0.00042338454082385105
0.2,0.1,0.1,0.1,0.4,0.1,-0.16921591609868464,0.0004248138868700237
0.45,0.05,0.05,0.1,0.3,0.05,-0.169129206412196,0.0004277612149402297
0.25,0.2,0.3,0.05,0.15,0.05,-0.1689204545488582,0.000434935064872451
0.25,0.15,0.1,0.05,0.35,0.1,-0.1689127735726929,0.00043520114766065987
0.4,0.05,0.25,0.05,0.15,0.1,-0.1686941217845198,0.000442839450883492
0.2,0.05,0.3,0.05,0.25,0.15,-0.16859751217319588,0.0004462539376259003
0.25,0.1,0.05,0.1,0.4,0.1,-0.16854732979558237,0.0004480371876631583
0.35,0.1,0.2,0.05,0.15,0.15,-0.1685451108469124,0.0004481161916484351
0.2,0.05,0.35,0.05,0.2,0.15,-0.16853691780566937,0.00044840801092098473
0.2,0.15,0.1,0.1,0.4,0.05,-0.16845328050964686,0.00045139712711350644
0.35,0.1,0.05,0.05,0.35,0.1,-0.16823275114952227,0.0004593677104323822
0.35,0.1,0.1,0.05,0.3,0.1,-0.16802092689571838,0.00046714670594150755
0.35,0.1,0.2,0.05,0.2,0.1,-0.16777757319359876,0.00047623467714121525
0.2,0.05,0.45,0.1,0.1,0.1,-0.1676691381873462,0.0004803368448485177
0.3,0.2,0.25,0.05,0.15,0.05,-0.16766213996461776,0.0004806027171475232
0.2,0.05,0.2,0.15,0.35,0.05,-0.1676247592139465,0.00048202518231714095
0.25,0.1,0.1,0.05,0.35,0.15,-0.1675074963111558,0.0004865128666048111
0.2,0.3,0.1,0.05,0.3,0.05,-0.1673985971379673,0.0004907152117464231
0.2,0.05,0.4,0.05,0.2,0.1,-0.16718028672651267,0.0004992414376589539
0.3,0.1,0.35,0.1,0.1,0.05,-0.1671306164139769,0.0005012004621872836
0.25,0.2,0.4,0.05,0.05,0.05,-0.1671014287045486,0.0005023549705950983
0.45,0.1,0.15,0.05,0.15,0.1,-0.16709989250931556,0.000502415802582777
0.3,0.1,0.25,0.05,0.2,0.1,-0.16677916908232318,0.0005152671070487223
0.25,0.1,0.15,0.05,0.3,0.15,-0.16676534332522558,0.0005158279070460477
0.4,0.1,0.15,0.1,0.2,0.05,-0.16673291253697195,0.000517145589104078
0.25,0.15,0.2,0.05,0.25,0.1,-0.16671106442699057,0.0005180350524970513
0.2,0.1,0.35,0.1,0.15,0.1,-0.1666726595461639,0.000519602007222018
0.3,0.2,0.05,0.05,0.3,0.1,-0.16649616778272053,0.0005268597953344514
0.45,0.2,0.05,0.05,0.2,0.05,-0.16644939917229162,0.0005287987565030333
0.2,0.05,0.1,0.05,0.4,0.2,-0.16642550280199947,0.000529792022437155
0.4,0.05,0.3,0.05,0.1,0.1,-0.1663823186471144,0.0005315913914623717
0.5,0.1,0.2,0.05,0.1,0.05,-0.16634156867357427,0.000533294536983045
0.3,0.15,0.15,0.1,0.25,0.05,-0.1663304293859086,0.0005337609846334992
0.25,0.25,0.1,0.05,0.3,0.05,-0.16627683324111053,0.0005360105757918986
0.7,0.05,0.05,0.05,0.1,0.05,-0.16625361962425528,0.0005369876504404203
0.2,0.1,0.2,0.1,0.3,0.1,-0.16624884035019688,0.0005371890180353372
0.25,0.05,0.05,0.05,0.55,0.05,-0.16617954087634967,0.0005401167378250282
0.2,0.15,0.05,0.05,0.45,0.1,-0.1660351385244414,0.0005462650122314624
0.6,0.1,0.15,0.05,0.05,0.05,-0.16597966480769183,0.0005486441635515275
0.2,0.05,0.5,0.1,0.1,0.05,-0.16590200160424237,0.0005519911377640462
0.55,0.05,0.1,0.05,0.15,0.1,-0.16588629827519324,0.0005526701879324516
0.3,0.05,0.35,0.05,0.15,0.1,-0.1658791293641056,0.000552980446815371
0.25,0.05,0.3,0.1,0.2,0.1,-0.16576698711209176,0.0005578548748540953
0.35,0.05,0.1,0.05,0.3,0.15,-0.16574752863913958,0.0005587047153139325
0.45,0.05,0.2,0.1,0.15,0.05,-0.16574087179312963,0.000558995725948988
0.35,0.05,0.05,0.1,0.4,0.05,-0.1656961514430115,0.0005609543704654935
0.4,0.1,0.15,0.05,0.2,0.1,-0.16561166070519284,0.0005646722581171574
0.3,0.15,0.2,0.05,0.2,0.1,-0.16559476255762912,0.0005654185743725075
0.3,0.2,0.3,0.05,0.1,0.05,-0.16549798225794596,0.0005697105948237128
0.3,0.05,0.1,0.05,0.35,0.15,-0.16549234954209135,0.0005699613235631334
0.4,0.1,0.2,0.05,0.15,0.1,-0.1654740858876538,0.0005707749969285885
0.2,0.15,0.4,0.05,0.15,0.05,-0.16546282045594465,0.0005712774262494439
0.2,0.1,0.1,0.05,0.4,0.15,-0.16526482195923833,0.0005801752664895331
0.2,0.1,0.4,0.1,0.1,0.1,-0.16516257963205982,0.000584820104454343
0.35,0.05,0.4,0.05,0.1,0.05,-0.1650688717228428,0.0005891075017916752
0.2,0.1,0.3,0.1,0.2,0.1,-0.1646459059686719,0.0006088246206593408
0.4,0.05,0.15,0.05,0.25,0.1,-0.1646049407624568,0.0006107664247197307
0.45,0.1,0.1,0.05,0.2,0.1,-0.16457233928584394,0.0006123158793700803
0.25,0.15,0.05,0.1,0.4,0.05,-0.16452147415479357,0.0006147406345954264
0.4,0.15,0.25,0.05,0.1,0.05,-0.16419545938866503,0.0006304944794786615
0.25,0.05,0.15,0.05,0.35,0.15,-0.1641693440697029,0.0006317724914104058
0.45,0.15,0.2,0.05,0.1,0.05,-0.16395888532277286,0.0006421597608249957
0.3,0.2,0.35,0.05,0.05,0.05,-0.16391809080491698,0.0006441914145552042
0.35,0.05,0.35,0.05,0.1,0.1,-0.16386210502308968,0.0006469893245412618
0.25,0.05,0.1,0.05,0.4,0.15,-0.16385101027973975,0.0006475451237635212
0.3,0.1,0.15,0.1,0.25,0.1,-0.16382182257031147,0.0006490094172711669
0.55,0.05,0.05,0.05,0.2,0.1,-0.16369158735221934,0.0006555805477597974
0.2,0.1,0.05,0.1,0.45,0.1,-0.16365488935498498,0.0006574432799622285
0.35,0.15,0.15,0.1,0.2,0.05,-0.16349888019464912,0.0006654169300495952
0.5,0.2,0.05,0.05,0.15,0.05,-0.16343453068321956,0.000668731868464345
0.3,0.2,0.1,0.05,0.3,0.05,-0.16336796222312003,0.0006721772104469018
0.25,0.15,0.2,0.1,0.25,0.05,-0.1633164143386327,0.0006748564313586809
0.3,0.1,0.25,0.1,0.15,0.1,-0.16331485454493375,0.000674937656223097
0.3,0.1,0.4,0.05,0.1,0.05,-0.1632355080563579,0.0006790815221335155
0.35,0.2,0.05,0.05,0.3,0.05,-0.1631989807474828,0.0006809970698081172
0.4,0.1,0.15,0.05,0.15,0.15,-0.16319659111045354,0.0006811225602769726
0.2,0.15,0.15,0.1,0.3,0.1,-0.16315989311321918,0.0006830524277024347
0.3,0.1,0.15,0.05,0.25,0.15,-0.1631068090334988,0.000685852966787377
0.3,0.05,0.05,0.1,0.4,0.1,-0.16305748009768145,0.0006884649268036394
0.35,0.1,0.25,0.05,0.15,0.1,-0.16304024057339925,0.0006893799275469289
0.25,0.05,0.1,0.15,0.4,0.05,-0.16297725656884354,0.0006927324340276282
0.6,0.05,0.1,0.05,0.1,0.1,-0.16282978182646918,0.0007006413603797487
0.2,0.25,0.15,0.05,0.3,0.05,-0.1628246611756923,0.0007009174721012471
0.3,0.05,0.05,0.1,0.45,0.05,-0.1626993759200178,0.0007077044781553501
0.2,0.2,0.05,0.05,0.45,0.05,-0.1626867449814348,0.000708392092821982
0.2,0.25,0.35,0.05,0.1,0.05,-0.16266609168996804,0.0007095177685959532
0.3,0.2,0.15,0.05,0.25,0.05,-0.16258279577066398,0.00071407451465916
0.3,0.15,0.15,0.05,0.25,0.1,-0.16253858748562353,0.0007165039434044418
0.25,0.15,0.4,0.05,0.1,0.05,-0.1624605829054556,0.0007208092912623112
0.2,0.2,0.4,0.05,0.1,0.05,-0.16243395552141576,0.0007222844250417429
0.45,0.05,0.35,0.05,0.05,0.05,-0.16218611602381444,0.0007361491997407169
0.4,0.1,0.25,0.1,0.1,0.05,-0.16218372638678522,0.0007362840731338509
0.2,0.2,0.15,0.05,0.3,0.1,-0.16200911219529335,0.0007462015894068079
0.55,0.1,0.2,0.05,0.05,0.05,-0.1617807311706442,0.0007593595009211168
0.2,0.3,0.35,0.05,0.05,0.05,-0.16172099024491385,0.0007628366545141897
0.2,0.1,0.45,0.1,0.1,0.05,-0.1616207961780461,0.0007687014271184319
0.5,0.05,0.1,0.05,0.2,0.1,-0.16160833592782228,0.000769433686267208
0.2,0.05,0.15,0.15,0.4,0.05,-0.16159553430088008,0.0007701866793579701
0.25,0.2,0.35,0.05,0.1,0.05,-0.16157453963269486,0.0007714230639950247
0.35,0.15,0.3,0.05,0.1,0.05,-0.16154057264920815,0.0007734272826750545
0.2,0.25,0.4,0.05,0.05,0.05,-0.16149721780596385,0.0007759924292565828
0.35,0.15,0.05,0.05,0.35,0.05,-0.16140436333854294,0.0007815127856011556
0.3,0.15,0.35,0.05,0.1,0.05,-0.16130195032300523,0.0007876435273982215
0.5,0.15,0.15,0.05,0.1,0.05,-0.1612613264935086,0.0007900876867914516
0.45,0.1,0.05,0.05,0.25,0.1,-0.16124259445998912,0.0007912170732971616
0.35,0.1,0.3,0.1,0.1,0.05,-0.16124016113696413,0.0007913638920522366
0.3,0.05,0.2,0.1,0.25,0.1,-0.16117052028639844,0.0007955764882175233
0.2,0.1,0.05,0.05,0.45,0.15,-0.16109149157607516,0.0008003820743507354
0.3,0.15,0.25,0.1,0.15,0.05,-0.16095647708392455,0.0008086542000132324
0.2,0.05,0.3,0.1,0.25,0.1,-0.16092233941207865,0.0008107582458774447
0.2,0.05,0.45,0.05,0.15,0.1,-0.16080302824897716,0.0008181517121102456
0.3,0.15,0.05,0.1,0.35,0.05,-0.16055143360747276,0.0008339472650805517
0.65,0.1,0.1,0.05,0.05,0.05,-0.16038228144347627,0.0008447248939698747
0.25,0.15,0.05,0.05,0.4,0.1,-0.1603513868504557,0.0008467072099333739
0.25,0.15,0.15,0.05,0.3,0.1,-0.15997210533833353,0.0008713962845198659
0.2,0.05,0.2,0.1,0.35,0.1,-0.15995385366181,0.0008726009742633322
0.25,0.1,0.25,0.1,0.2,0.1,-0.15986629053352522,0.000878401948284725
0.45,0.1,0.25,0.05,0.1,0.05,-0.15978128773062888,0.0008840673639212244
0.4,0.05,0.2,0.1,0.2,0.05,-0.15966829203681893,0.0008916507631556214
0.2,0.25,0.3,0.05,0.15,0.05,-0.15962203549146772,0.0008947724428513421
0.25,0.25,0.35,0.05,0.05,0.05,-0.15960769766929245,0.0008957420958513863
0.2,0.2,0.2,0.05,0.25,0.1,-0.15959523741906864,0.0008965855586232036
0.3,0.05,0.25,0.05,0.2,0.15,-0.1595907995217287,0.0008968861471446075
0.3,0.05,0.25,0.1,0.2,0.1,-0.15934654447967114,0.0009135743403193518
0.4,0.05,0.25,0.1,0.15,0.05,-0.15934125314053504,0.0009139390122558953
0.4,0.15,0.1,0.05,0.2,0.1,-0.15917090615802393,0.0009257511659097103
0.5,0.05,0.3,0.05,0.05,0.05,-0.15899560921309516,0.0009380535887464029
0.2,0.15,0.25,0.05,0.15,0.2,-0.15897717487029836,0.0009393560523114947
0.4,0.3,0.05,0.05,0.15,0.05,-0.15885069479610925,0.0009483375191618601
0.25,0.1,0.15,0.05,0.25,0.2,-0.15884489139189545,0.0009487515200466155
0.7,0.05,0.1,0.05,0.05,0.05,-0.15883584490885627,0.0009493972070953215
0.25,0.25,0.05,0.05,0.35,0.05,-0.15872387334520166,0.0009574227581752293
0.25,0.1,0.45,0.05,0.1,0.05,-0.15862470340848928,0.0009645829928990721
0.2,0.05,0.05,0.05,0.5,0.15,-0.15857878823985652,0.0009679148537283097
0.2,0.05,0.25,0.15,0.3,0.05,-0.15853970060559294,0.0009707596365719368
0.25,0.2,0.1,0.05,0.3,0.1,-0.15845077197043433,0.0009772605974583705
0.35,0.25,0.05,0.05,0.25,0.05,-0.1583529675405958,0.0009844567780965
0.35,0.15,0.15,0.05,0.2,0.1,-0.1582669406075441,0.0009908267857004428
0.2,0.2,0.45,0.05,0.05,0.05,-0.1582070289934545,0.0009952854813177776
0.2,0.1,0.25,0.1,0.25,0.1,-0.1581851808834731,0.0009969160450400332
0.25,0.1,0.3,0.05,0.15,0.15,-0.15812578133446123,0.0010013616064265484
0.2,0.2,0.1,0.05,0.35,0.1,-0.15809096090917837,0.0010039761202785809
0.2,0.2,0.3,0.1,0.15,0.05,-0.15796413945827079,0.0010135519155587958
0.25,0.1,0.3,0.05,0.2,0.1,-0.15792675870759956,0.0010163904238789023
0.2,0.25,0.1,0.05,0.3,0.1,-0.1579086657415212,0.0010177669454094521
0.25,0.05,0.4,0.1,0.1,0.1,-0.15789108484052056,0.001019106155743553
0.25,0.1,0.2,0.05,0.2,0.2,-0.15783049047299405,0.001023734344816164
0.3,0.1,0.25,0.05,0.15,0.15,-0.15776289788273914,0.00102891992462289
0.35,0.05,0.2,0.05,0.2,0.15,-0.15768574674436736,0.0010348684171959507
0.2,0.05,0.35,0.1,0.2,0.1,-0.15767175029891053,0.0010359509610033824
0.25,0.15,0.3,0.1,0.15,0.05,-0.15760705941076253,0.0010409680059460646
0.45,0.05,0.15,0.05,0.2,0.1,-0.15755346326596442,0.00104514156769254
0.35,0.1,0.1,0.1,0.25,0.1,-0.15744592959964981,0.0010535618442244047
0.35,0.1,0.35,0.05,0.1,0.05,-0.15740069718445399,0.0010571223582201152
0.2,0.05,0.05,0.05,0.55,0.1,-0.15734402864918975,0.0010615987322736128
0.3,0.15,0.05,0.05,0.35,0.1,-0.15733873731005363,0.0010620175977215324
0.2,0.1,0.15,0.15,0.35,0.05,-0.15720372281790304,0.0010727571012364556
0.25,0.05,0.05,0.1,0.5,0.05,-0.1571827281497178,0.001074436052501677
0.35,0.2,0.25,0.05,0.1,0.05,-0.15715883177942566,0.001076350001136219
0.25,0.15,0.25,0.05,0.2,0.1,-0.15714927323130878,0.0010771164601339422
0.4,0.1,0.3,0.05,0.1,0.05,-0.15710967353196753,0.001080297152543572
0.3,0.05,0.5,0.05,0.05,0.05,-0.15700862602330362,0.001088452672509563
0.25,0.05,0.1,0.05,0.35,0.2,-0.1569982140333906,0.0010892962384119423
0.2,0.25,0.2,0.05,0.25,0.05,-0.15685876164390006,0.0011006527182647484
0.2,0.1,0.25,0.05,0.25,0.15,-0.15680721375941276,0.0011048781307343096
0.4,0.1,0.2,0.1,0.15,0.05,-0.1566221875780079,0.0011201682609849892
0.2,0.2,0.2,0.1,0.25,0.05,-0.15661245834153176,0.0011209776319660888
0.25,0.2,0.1,0.05,0.35,0.05,-0.15659163436170578,0.0011227117808785799
0.25,0.05,0.2,0.1,0.3,0.1,-0.15648119899328422,0.0011319498368616693
0.6,0.1,0.05,0.05,0.15,0.05,-0.15641940980724314,0.0011371490787039171
0.35,0.1,0.15,0.05,0.2,0.15,-0.15637281188517346,0.0011410845944678954
0.45,0.1,0.2,0.05,0.1,0.1,-0.15634396555246366,0.0011435271492762527
0.2,0.05,0.25,0.1,0.3,0.1,-0.15627364194846105,0.0011495019747832132
0.2,0.05,0.55,0.05,0.1,0.05,-0.1562502576432466,0.0011514951106730861
0.3,0.25,0.3,0.05,0.05,0.05,-0.15622465438936217,0.0011536810262597263
0.35,0.15,0.2,0.1,0.15,0.05,-0.15620502522805077,0.0011553594823500081
0.2,0.25,0.05,0.05,0.4,0.05,-0.15619512530321544,0.001156206860928333
0.3,0.2,0.05,0.05,0.35,0.05,-0.15615689111074804,0.0011594848722304382
0.35,0.05,0.25,0.05,0.15,0.15,-0.15614033433990276,0.0011609070220598365
0.25,0.1,0.45,0.1,0.05,0.05,-0.15599576129963533,0.001173393603364779
0.2,0.2,0.25,0.05,0.2,0.1,-0.15595564953521635,0.0011768798536005412
0.35,0.15,0.05,0.1,0.3,0.05,-0.15593977551780805,0.0011782621506940657
0.35,0.15,0.1,0.1,0.25,0.05,-0.15593892207601184,0.001178336510072044
0.5,0.1,0.15,0.05,0.1,0.1,-0.15590256545549594,0.0011815082352536635
0.25,0.25,0.3,0.05,0.1,0.05,-0.15583053496790109,0.0011878153489743905
0.35,0.05,0.05,0.1,0.35,0.1,-0.15574911662054855,0.0011949817925669516
0.25,0.05,0.05,0.05,0.45,0.15,-0.15568374297896362,0.0012007647693765369
0.2,0.05,0.05,0.1,0.55,0.05,-0.15561393144003877,0.001206968761542534
0.4,0.05,0.2,0.05,0.2,0.1,-0.15554804573337613,0.0012128509244920904
0.45,0.1,0.2,0.1,0.1,0.05,-0.15551902871230708,0.0012154498743430246
0.55,0.05,0.25,0.05,0.05,0.05,-0.15545536195431447,0.0012211702479094835
0.4,0.1,0.05,0.05,0.3,0.1,-0.1554451206527607,0.0012220927253545168
0.3,0.1,0.3,0.1,0.1,0.1,-0.15543692761151767,0.0012228311690380075
0.2,0.15,0.3,0.1,0.2,0.05,-0.1553880687831444,0.0012272433777002123
0.4,0.2,0.2,0.05,0.1,0.05,-0.15528518566016258,0.0012365822120041778
0.2,0.15,0.2,0.05,0.2,0.2,-0.15527699261891956,0.0012373287091257323
0.35,0.25,0.1,0.05,0.2,0.05,-0.1551530728701189,0.0012486701652614466
0.3,0.05,0.15,0.1,0.3,0.1,-0.15499364994259848,0.0012634016501718132
0.25,0.15,0.2,0.1,0.2,0.1,-0.1549489295924803,0.001267562660112439
0.5,0.15,0.1,0.05,0.15,0.05,-0.15490506268415832,0.0012716565068859953
0.2,0.05,0.05,0.15,0.5,0.05,-0.15488867660167224,0.0012731888436819348
0.3,0.2,0.2,0.1,0.15,0.05,-0.15487808893772065,0.0012741798472364334
0.2,0.2,0.35,0.1,0.1,0.05,-0.1548593182038848,0.0012759385290839564
0.35,0.25,0.05,0.05,0.2,0.1,-0.15482142538813579,0.001279495617197606
0.2,0.2,0.1,0.05,0.4,0.05,-0.15481698749079584,0.0012799128092856671
0.2,0.1,0.1,0.15,0.4,0.05,-0.15481118408658204,0.0012804585569727584
0.2,0.05,0.05,0.1,0.5,0.1,-0.15468675227270368,0.0012922116491754824
0.5,0.05,0.05,0.1,0.25,0.05,-0.1546765109711499,0.001293183387695915
0.2,0.15,0.45,0.05,0.1,0.05,-0.15467565752935375,0.0012932643962360398
0.45,0.1,0.15,0.1,0.15,0.05,-0.1545904840380982,0.001301372564783103
0.2,0.15,0.05,0.1,0.45,0.05,-0.1545783651645929,0.0013025300237390048
0.25,0.2,0.05,0.05,0.35,0.1,-0.15456829455139834,0.001303492576003398
0.2,0.1,0.05,0.1,0.4,0.15,-0.15454815332500924,0.0013054196433018445
0.3,0.1,0.1,0.05,0.3,0.15,-0.15452784141026096,0.0013073656947759137
0.25,0.2,0.05,0.1,0.35,0.05,-0.1544619557035983,0.0013136964738561202
0.25,0.15,0.1,0.1,0.3,0.1,-0.15441962499050937,0.0013177787788498786
0.25,0.2,0.25,0.1,0.15,0.05,-0.15433001360191384,0.001326459267015278
0.25,0.1,0.2,0.1,0.25,0.1,-0.15428409843328109,0.0013309273255554083
0.4,0.05,0.15,0.05,0.2,0.15,-0.1540017798871154,0.001358705560335809
0.3,0.15,0.1,0.05,0.3,0.1,-0.15399700061305696,0.0013591803624092161
0.25,0.05,0.25,0.1,0.25,0.1,-0.15396798359198793,0.0013620663647225437
0.3,0.05,0.05,0.05,0.4,0.15,-0.15391063230328678,0.0013677870379737655
0.3,0.1,0.2,0.1,0.15,0.15,-0.15386266887434324,0.0013725882394614575
0.3,0.2,0.1,0.05,0.25,0.1,-0.1537923452703407,0.0013796557320421658
0.45,0.2,0.15,0.05,0.1,0.05,-0.15378790737300074,0.0013801028587544517
0.25,0.05,0.05,0.15,0.45,0.05,-0.15378295741058307,0.0013806017341145853
0.35,0.05,0.05,0.05,0.35,0.15,-0.15368481160402603,0.0013905275106551435
0.4,0.2,0.25,0.05,0.05,0.05,-0.15366518244271465,0.0013925205180134138
0.25,0.1,0.1,0.1,0.3,0.15,-0.1536233637947034,0.0013967752460137162
0.25,0.1,0.2,0.05,0.25,0.15,-0.15360475876354737,0.0013986720024919425
0.3,0.05,0.05,0.15,0.4,0.05,-0.15353426447118554,0.0014058802878726764
0.2,0.15,0.1,0.1,0.35,0.1,-0.15352009733736952,0.0014073330390238319
0.4,0.05,0.1,0.05,0.25,0.15,-0.15345557713758073,0.0014139666433517684
0.2,0.2,0.25,0.1,0.2,0.05,-0.1533936230640904,0.0014203634372344166
0.2,0.25,0.25,0.05,0.2,0.05,-0.15326730787735046,0.0014334879891179523
0.25,0.25,0.15,0.05,0.25,0.05,-0.15325809070595212,0.0014344500301944527
0.35,0.1,0.15,0.1,0.2,0.1,-0.153175477540085,0.0014430992859889315
0.3,0.1,0.3,0.05,0.15,0.1,-0.1531456070772198,0.0014462383723992495
0.6,0.1,0.1,0.05,0.1,0.05,-0.15312171070692768,0.0014487541557241864
0.25,0.2,0.3,0.1,0.1,0.05,-0.15305091784323996,0.0014562307603042414
0.3,0.25,0.1,0.05,0.25,0.05,-0.1530264666024776,0.001458821336843177
0.3,0.25,0.05,0.05,0.25,0.1,-0.15299932715336004,0.0014617016809386173
0.25,0.2,0.05,0.05,0.4,0.05,-0.15295443611488269,0.00146647748997973
0.35,0.05,0.05,0.15,0.35,0.05,-0.1529061313092207,0.0014716324805186735
0.2,0.1,0.2,0.15,0.3,0.05,-0.15285714375012183,0.001476877322856719
0.2,0.05,0.1,0.1,0.4,0.15,-0.15281703198570287,0.001481184655101185
0.35,0.15,0.2,0.05,0.15,0.1,-0.15280781481430447,0.0014821760534705355
0.25,0.05,0.2,0.15,0.3,0.05,-0.15278869771807074,0.0014842342297545965
0.5,0.15,0.2,0.05,0.05,0.05,-0.1527170086071943,0.0014919757840728242
0.2,0.1,0.3,0.1,0.15,0.15,-0.15265726768146398,0.001498455379648373
0.3,0.1,0.05,0.05,0.35,0.15,-0.152621593814385,0.001502336933221834
0.4,0.05,0.2,0.05,0.15,0.15,-0.15256185288865468,0.0015088578200711234
0.45,0.25,0.05,0.05,0.15,0.05,-0.15255041676858624,0.0015101090631769317
0.35,0.1,0.1,0.05,0.25,0.15,-0.1524674622260007,0.0015192137963849295
0.25,0.15,0.05,0.1,0.35,0.1,-0.15243776245149476,0.001522485746004875
0.4,0.25,0.05,0.05,0.2,0.05,-0.1523689750427252,0.0015300887359199198
0.25,0.05,0.2,0.05,0.3,0.15,-0.15227748608217817,0.0015402548994898208
0.5,0.05,0.15,0.1,0.15,0.05,-0.15227031717109055,0.0015410541150453767
0.25,0.2,0.2,0.1,0.2,0.05,-0.15223805707119614,0.0015446552969344343
0.45,0.05,0.1,0.05,0.2,0.15,-0.15219777461841794,0.0015491628528199472
0.45,0.1,0.05,0.1,0.25,0.05,-0.15219657979990336,0.0015492967356512198
0.4,0.2,0.1,0.05,0.2,0.05,-0.15206361356806353,0.001564262495081196
0.45,0.05,0.15,0.05,0.15,0.15,-0.15206276012626735,0.0015643589795540664
0.25,0.15,0.3,0.05,0.15,0.1,-0.15200746669928658,0.0015706217379230674
0.2,0.1,0.2,0.05,0.25,0.2,-0.15200557952592544,0.0015708358922539476
0.35,0.2,0.2,0.05,0.15,0.05,-0.15189599759930006,0.0015833171691537937
0.55,0.15,0.05,0.05,0.15,0.05,-0.15185793409519188,0.0015876738118113852
0.3,0.1,0.2,0.05,0.2,0.15,-0.1518195292143652,0.0015920806707358291
0.2,0.2,0.05,0.1,0.4,0.05,-0.15167239584870934,0.0016090678788184213
0.35,0.15,0.1,0.1,0.2,0.1,-0.15166044766356324,0.001610454622903963
0.3,0.05,0.3,0.1,0.15,0.1,-0.15163347890280496,0.0016135887328495818
0.2,0.1,0.25,0.1,0.2,0.15,-0.15161094803938668,0.001616211391226131
0.3,0.05,0.4,0.05,0.1,0.1,-0.15159814641244443,0.001617703279247134
0.25,0.1,0.35,0.05,0.15,0.1,-0.15153908824015105,0.0016246022237060417
0.2,0.15,0.3,0.05,0.2,0.1,-0.1515269693666457,0.0016260212353587798
0.25,0.25,0.25,0.05,0.15,0.05,-0.1515252624830534,0.001626221187452385
0.2,0.05,0.4,0.05,0.15,0.15,-0.15151809357196577,0.0016270612325123977
0.3,0.35,0.2,0.05,0.05,0.05,-0.1515134849862666,0.0016276014716064833
0.35,0.2,0.3,0.05,0.05,0.05,-0.15144162518703091,0.0016360465078313895
0.3,0.1,0.1,0.05,0.25,0.2,-0.15140373237128196,0.0016405158730633245
0.25,0.2,0.15,0.05,0.25,0.1,-0.15134586901750313,0.0016473623198990047
0.2,0.35,0.3,0.05,0.05,0.05,-0.15130200210918113,0.001652570143107342
0.5,0.1,0.05,0.1,0.2,0.05,-0.15118030130905044,0.0016670974405625359
0.35,0.1,0.25,0.1,0.1,0.1,-0.15084933658050428,0.001707198509927352
0.2,0.2,0.15,0.1,0.3,0.05,-0.1508109316996776,0.0017119086092102433
0.3,0.15,0.25,0.05,0.1,0.15,-0.1506001315760291,0.0017379745820875845
0.4,0.15,0.2,0.05,0.1,0.1,-0.15057845415440696,0.001740675569603013
0.4,0.1,0.25,0.05,0.1,0.1,-0.15055933705817323,0.0017430607338599076
0.25,0.05,0.55,0.05,0.05,0.05,-0.15050574091337518,0.0017497636877086705
0.25,0.3,0.1,0.05,0.25,0.05,-0.1504864531287822,0.0017521816702264887
0.2,0.2,0.05,0.05,0.4,0.1,-0.15047587045050995,0.0017535096511724802
0.2,0.3,0.3,0.05,0.1,0.05,-0.1504605084981793,0.0017554390063208652
0.25,0.05,0.35,0.05,0.15,0.15,-0.1503819918529337,0.001765330563420911
0.2,0.25,0.05,0.05,0.35,0.1,-0.1503382956329709,0.0017708575199794178
0.35,0.05,0.05,0.05,0.3,0.2,-0.15032173886212563,0.0017729558561265738
0.25,0.1,0.05,0.05,0.4,0.15,-0.15030654759815423,0.0017748831369950363
0.55,0.2,0.05,0.05,0.1,0.05,-0.15023400504548165,0.0017841129353078687
0.3,0.4,0.05,0.05,0.15,0.05,-0.1501602676742945,0.0017935397915001495
0.25,0.05,0.25,0.05,0.25,0.15,-0.14995117443423822,0.0018205196841979666
0.25,0.15,0.05,0.05,0.35,0.15,-0.14994007969088832,0.0018219616005818846
0.2,0.15,0.35,0.05,0.15,0.1,-0.14993717798878142,0.0018223388896607385
0.2,0.05,0.1,0.15,0.45,0.05,-0.1498487614187005,0.001833869468824291
0.25,0.4,0.1,0.05,0.15,0.05,-0.14981684269552456,0.0018380484367490624
0.25,0.25,0.05,0.05,0.3,0.1,-0.14980916171935924,0.0018390553714467295
0.35,0.2,0.05,0.05,0.25,0.1,-0.14977365854063948,0.0018437162133103577
0.2,0.25,0.3,0.05,0.1,0.1,-0.14976034484861958,0.0018454668154489885
0.3,0.05,0.1,0.05,0.3,0.2,-0.14972398822810368,0.0018502550608764563
0.25,0.15,0.15,0.1,0.25,0.1,-0.14970930902920992,0.0018521915642856063
0.35,0.3,0.1,0.05,0.15,0.05,-0.14967551273408247,0.0018566570814739372
0.25,0.2,0.2,0.05,0.2,0.1,-0.14965400600081954,0.0018595039036884411
0.45,0.05,0.15,0.1,0.2,0.05,-0.14961850282209982,0.0018642121641493882
0.25,0.05,0.15,0.15,0.35,0.05,-0.14950892089547438,0.0018788133007419923
0.45,0.2,0.1,0.05,0.15,0.05,-0.14939712002017902,0.0018938179119587768
0.35,0.3,0.05,0.05,0.2,0.05,-0.1493247481558657,0.0019035892119549113
0.5,0.1,0.1,0.1,0.15,0.05,-0.14929026910730134,0.0019082606145988373
0.2,0.3,0.05,0.05,0.35,0.05,-0.14924913321272698,0.0019138476451736994
0.3,0.15,0.25,0.05,0.15,0.1,-0.14915149947124767,0.0019271681263364657
0.3,0.1,0.4,0.1,0.05,0.05,-0.1490803224254489,0.001936932443020366
0.35,0.05,0.2,0.1,0.2,0.1,-0.14902604352721394,0.0019444090107504928
0.25,0.3,0.3,0.05,0.05,0.05,-0.1490132419002717,0.0019461761958656128
0.25,0.35,0.1,0.05,0.2,0.05,-0.14901255914683478,0.0019462704870001394
0.2,0.25,0.05,0.1,0.35,0.05,-0.14900248853364026,0.0019476617668024998
0.3,0.25,0.25,0.05,0.1,0.05,-0.14898422487920268,0.0019501872568862745
0.2,0.15,0.2,0.1,0.25,0.1,-0.14897722665647425,0.0019511557617146703
0.3,0.05,0.1,0.15,0.35,0.05,-0.1488780567197619,0.0019649275650478575
0.25,0.15,0.2,0.05,0.2,0.15,-0.14887310675734425,0.0019656172943680337
0.35,0.35,0.05,0.05,0.15,0.05,-0.1488666658772738,0.001966515100203792
0.3,0.1,0.2,0.1,0.2,0.1,-0.1488094399993516,0.0019745084060693186
0.2,0.15,0.25,0.1,0.2,0.1,-0.14880892793427392,0.001974580065240307
0.25,0.25,0.05,0.1,0.3,0.05,-0.1487793988481272,0.0019787164369824656
0.2,0.1,0.35,0.05,0.15,0.15,-0.1487575507381458,0.001981781973627866
0.3,0.05,0.45,0.1,0.05,0.05,-0.14874304222761128,0.0019838200810634475
0.25,0.1,0.5,0.05,0.05,0.05,-0.1487281923403583,0.001985908129146129
0.5,0.1,0.25,0.05,0.05,0.05,-0.14861673284178137,0.00200164476985138
0.3,0.25,0.05,0.05,0.3,0.05,-0.1485825951699355,0.0020064873319877523
0.3,0.3,0.25,0.05,0.05,0.05,-0.14857935209111012,0.002006947932206281
0.45,0.05,0.25,0.1,0.1,0.05,-0.14856740390596404,0.0020086457148554525
0.2,0.1,0.5,0.1,0.05,0.05,-0.14856552633401254,0.0020089126286556703
0.5,0.25,0.05,0.05,0.1,0.05,-0.14854931093988571,0.002011219143339694
0.2,0.05,0.15,0.05,0.35,0.2,-0.14853104728544816,0.0020138199069781467
0.2,0.1,0.35,0.05,0.2,0.1,-0.1485295110902151,0.002014038802958097
0.2,0.15,0.2,0.05,0.25,0.15,-0.1485127836310106,0.0020164237457253008
0.25,0.05,0.5,0.05,0.1,0.05,-0.14845031169153255,0.0020253536276689603
0.25,0.1,0.25,0.05,0.2,0.15,-0.14841583264296818,0.0020302976138920474
0.35,0.15,0.05,0.05,0.3,0.1,-0.1483663330187916,0.0020374147104785306
0.2,0.1,0.45,0.15,0.05,0.05,-0.1483535313918494,0.002039259047705204
0.3,0.15,0.15,0.05,0.2,0.15,-0.14831597995281887,0.002044677913170024
0.35,0.2,0.15,0.05,0.2,0.05,-0.14823046508484486,0.002057067308284027
0.4,0.1,0.3,0.1,0.05,0.05,-0.14820093599869816,0.0020613613981700298
0.2,0.2,0.1,0.1,0.35,0.05,-0.14818130683738673,0.0020642203833641116
0.25,0.15,0.15,0.05,0.2,0.2,-0.1481349066487318,0.002070992982937275
0.3,0.15,0.15,0.1,0.2,0.1,-0.1481275400042294,0.0020720700892790053
0.25,0.25,0.2,0.05,0.2,0.05,-0.1481256624322779,0.0020723446984062255
0.2,0.15,0.15,0.05,0.3,0.15,-0.1481191762746272,0.002073293604104021
0.2,0.3,0.25,0.05,0.15,0.05,-0.14811149529846185,0.0020744178218610417
0.2,0.2,0.3,0.05,0.15,0.1,-0.14802103046807016,0.0020877006024122243
0.5,0.1,0.05,0.05,0.2,0.1,-0.14800908228292411,0.0020894607316041475
0.3,0.2,0.25,0.1,0.1,0.05,-0.1479746032343597,0.0020945475685489484
0.4,0.15,0.15,0.1,0.15,0.05,-0.1479474637852422,0.0020985595220448113
0.2,0.15,0.3,0.05,0.15,0.15,-0.14781313204652854,0.0021185210393333412
0.45,0.05,0.05,0.05,0.25,0.15,-0.14779299082013944,0.0021215289119001835
0.2,0.1,0.05,0.15,0.45,0.05,-0.14775424456259434,0.002127326220107687
0.3,0.3,0.05,0.05,0.2,0.1,-0.14775066010705054,0.002127863265818596
0.3,0.35,0.1,0.05,0.15,0.05,-0.14770645182201006,0.0021344970233707224
0.2,0.45,0.15,0.05,0.1,0.05,-0.14767094864329028,0.0021398381954476835
0.3,0.1,0.05,0.15,0.35,0.05,-0.14763476271113363,0.0021452946459637376
0.3,0.15,0.2,0.05,0.15,0.15,-0.14762793517676445,0.0021463255893541143
0.2,0.4,0.15,0.05,0.15,0.05,-0.14753269107231434,0.0021607545277286815
0.3,0.05,0.3,0.05,0.15,0.15,-0.14749599307508,0.00216633767466629
0.25,0.15,0.25,0.05,0.15,0.15,-0.14741286784413518,0.002179032917896688
0.2,0.1,0.1,0.1,0.35,0.15,-0.1474065523748437,0.00218000021579195
0.25,0.3,0.05,0.05,0.3,0.05,-0.1473420321750549,0.002189904836411302
0.4,0.05,0.05,0.05,0.3,0.15,-0.1472218675701573,0.0022084611718606382
0.4,0.15,0.05,0.05,0.25,0.1,-0.1472145279707104,0.0022095992244411263
0.25,0.1,0.25,0.1,0.15,0.15,-0.14702933110094632,0.0022384930520938386
0.3,0.3,0.1,0.05,0.2,0.05,-0.14695627648319606,0.0022499853790687555
0.25,0.05,0.05,0.15,0.4,0.1,-0.1469207733044763,0.002255589863882183
0.2,0.1,0.15,0.1,0.3,0.15,-0.1468924390368442,0.0022600718156451823
0.3,0.1,0.15,0.05,0.2,0.2,-0.14686222719726055,0.002264859719755351
0.6,0.05,0.05,0.05,0.15,0.1,-0.14682006717253085,0.002271556623308711
0.35,0.1,0.2,0.1,0.15,0.1,-0.1467845639938111,0.002277210136756577
0.35,0.15,0.25,0.1,0.1,0.05,-0.14675349871243135,0.002282167494474913
0.35,0.1,0.3,0.05,0.1,0.1,-0.14670809560887627,0.0022894305855348115
0.35,0.2,0.15,0.05,0.15,0.1,-0.1466195083504361,0.0023036625828989133
0.2,0.15,0.25,0.05,0.2,0.15,-0.14660670672349388,0.00230572589437824
0.2,0.1,0.25,0.05,0.2,0.2,-0.1465715449214926,0.0023114018050807246
0.4,0.25,0.1,0.05,0.15,0.05,-0.146513852256073,0.0023207423396655
0.45,0.1,0.25,0.1,0.05,0.05,-0.1464751369791163,0.002327029705445649
0.4,0.1,0.1,0.1,0.2,0.1,-0.14641553576115673,0.0023367393411522154
0.4,0.2,0.15,0.05,0.15,0.05,-0.14638805493532078,0.002341228683820964
0.2,0.15,0.35,0.1,0.15,0.05,-0.14635596552378563,0.0023464808575271064
0.2,0.05,0.1,0.05,0.35,0.25,-0.14634828454762033,0.0023477396204093044
0.2,0.1,0.4,0.05,0.15,0.1,-0.14627796094361772,0.0023592929711998
0.45,0.3,0.05,0.05,0.1,0.05,-0.14621514762742122,0.0023696563039191285
0.2,0.45,0.1,0.05,0.15,0.05,-0.14620319944227514,0.002371632285050032
0.35,0.2,0.1,0.05,0.2,0.1,-0.1461866426714299,0.0023743729151806327
0.35,0.15,0.1,0.05,0.25,0.1,-0.14612229316000033,0.0023850521019991525
0.25,0.4,0.2,0.05,0.05,0.05,-0.14601475949368567,0.00240299579031496
0.4,0.1,0.2,0.1,0.1,0.1,-0.14588367083379739,0.002425036517083416
0.2,0.15,0.1,0.05,0.35,0.15,-0.14587342953224364,0.0024267661899220316
0.25,0.05,0.45,0.05,0.1,0.1,-0.14580532487691103,0.0024382971634911484
0.3,0.15,0.1,0.1,0.25,0.1,-0.14572458928299542,0.0024520314281318953
0.2,0.15,0.4,0.1,0.1,0.05,-0.14566809143609044,0.0024616844258658226
0.2,0.1,0.1,0.05,0.35,0.2,-0.14562166420237999,0.0024696427212447607
0.4,0.2,0.1,0.05,0.15,0.1,-0.1455796748660095,0.0024768604918941925
0.2,0.35,0.15,0.05,0.2,0.05,-0.14553836828307595,0.002483979661713228
0.25,0.2,0.15,0.1,0.25,0.05,-0.14549902180749594,0.0024907783517549393
0.2,0.15,0.05,0.1,0.4,0.1,-0.14544210004847047,0.0025006439065973275
0.2,0.3,0.15,0.05,0.25,0.05,-0.14542827429137287,0.0025030455272910344
0.2,0.35,0.1,0.05,0.25,0.05,-0.14538014017407014,0.0025114231372002217
0.2,0.4,0.1,0.05,0.2,0.05,-0.14530759762139756,0.002524097263062045
0.35,0.05,0.1,0.1,0.3,0.1,-0.14528677364157155,0.002527746237277482
0.25,0.35,0.05,0.05,0.2,0.1,-0.14520433116406364,0.0025422398330400145
0.2,0.05,0.5,0.05,0.1,0.1,-0.1451336661833426,0.002554723153824703
0.3,0.2,0.3,0.1,0.05,0.05,-0.1450556616031747,0.002568567898474678
0.45,0.2,0.2,0.05,0.05,0.05,-0.14503517900006715,0.002572214595742449
0.35,0.05,0.4,0.1,0.05,0.05,-0.14497577945105528,0.0025828167127767273
0.25,0.15,0.35,0.1,0.1,0.05,-0.14495307789927772,0.0025868791771462177
0.4,0.15,0.2,0.1,0.1,0.05,-0.14483871669859388,0.002607432900912121
0.25,0.2,0.25,0.05,0.15,0.1,-0.14480543246854413,0.0026134428450753627
0.3,0.05,0.2,0.05,0.25,0.15,-0.14477095341997975,0.0026196818358143435
0.65,0.05,0.05,0.05,0.1,0.1,-0.1447596879882706,0.0026217232568703877
0.2,0.25,0.15,0.1,0.25,0.05,-0.1447422777756292,0.0026248810308825803
0.3,0.05,0.15,0.05,0.3,0.15,-0.14474108295711458,0.00262509786785886
0.35,0.05,0.45,0.05,0.05,0.05,-0.14473288991587155,0.0026265851896069958
0.35,0.1,0.35,0.1,0.05,0.05,-0.14473203647407543,0.0026267401630931998
0.25,0.35,0.25,0.05,0.05,0.05,-0.14471360213127862,0.0026300896240880668
0.25,0.05,0.05,0.05,0.4,0.2,-0.1445690290910112,0.002656493287221636
0.2,0.1,0.4,0.15,0.1,0.05,-0.1445553740222728,0.0026589995762906064
0.5,0.05,0.2,0.1,0.1,0.05,-0.14444886448611358,0.0026786226635817406
0.5,0.2,0.1,0.05,0.1,0.05,-0.14441523887934532,0.00268484510755086
0.2,0.25,0.1,0.1,0.3,0.05,-0.14438246671437324,0.0026909222847852935
0.25,0.3,0.1,0.1,0.2,0.05,-0.14437598055672252,0.002692126543312199
0.2,0.3,0.2,0.1,0.15,0.05,-0.14436983577579027,0.0026932678724825303
0.2,0.05,0.3,0.05,0.2,0.2,-0.1443631789297803,0.0026945048096154427
0.25,0.15,0.15,0.05,0.25,0.15,-0.14434491527534274,0.0026979011146400288
0.25,0.05,0.2,0.05,0.25,0.2,-0.1442448918968342,0.002716570668699142
0.2,0.1,0.3,0.05,0.2,0.15,-0.14422679893075585,0.002719960291532438
0.25,0.1,0.4,0.05,0.1,0.1,-0.1442010249885122,0.00272479555520485
0.3,0.25,0.15,0.05,0.2,0.05,-0.1442005129234345,0.0027248916992799353
0.3,0.1,0.35,0.05,0.1,0.1,-0.14418276133407462,0.0027282266039120413
0.25,0.15,0.3,0.1,0.1,0.1,-0.1441428202580149,0.0027357437294505487
0.2,0.15,0.35,0.1,0.1,0.1,-0.14409827059625602,0.0027441504567977644
0.25,0.1,0.1,0.15,0.35,0.05,-0.1440931499454791,0.002745118252675646
0.35,0.05,0.15,0.1,0.25,0.1,-0.14406822944503156,0.002749832629678212
0.4,0.15,0.1,0.1,0.2,0.05,-0.14400763507750508,0.0027613264323030177
0.5,0.2,0.15,0.05,0.05,0.05,-0.14395933027184313,0.0027705204042856144
0.25,0.45,0.05,0.05,0.15,0.05,-0.14393560458991023,0.0027750463672635986
0.3,0.25,0.1,0.05,0.2,0.1,-0.14390248733379601,0.0027813751402814193
0.2,0.1,0.15,0.05,0.3,0.2,-0.14384974834521772,0.002791480786504142
0.2,0.05,0.6,0.05,0.05,0.05,-0.14382994849554712,0.002795283378678137
0.25,0.3,0.25,0.05,0.1,0.05,-0.1438096365807988,0.002799189211778712
0.2,0.05,0.05,0.15,0.45,0.1,-0.1437746454671567,0.0028059293972714245
0.55,0.2,0.1,0.05,0.05,0.05,-0.14376525760739908,0.0028077402508064416
0.25,0.3,0.2,0.05,0.15,0.05,-0.14370910113721255,0.0028185946732044967
0.2,0.05,0.3,0.1,0.2,0.15,-0.14370756494197948,0.0028188921385215522
0.3,0.3,0.1,0.05,0.15,0.1,-0.14367223245161895,0.0028257417300542468
0.2,0.25,0.25,0.1,0.15,0.05,-0.14366182046170597,0.0028277630957657027
0.35,0.1,0.05,0.05,0.3,0.15,-0.14363877753320997,0.0028322412887877018
0.35,0.2,0.2,0.1,0.1,0.05,-0.1436367292728992,0.0028326396625097724
0.3,0.2,0.15,0.05,0.2,0.1,-0.14358193830958652,0.002843315100931609
0.3,0.15,0.05,0.1,0.3,0.1,-0.1435551402371875,0.0028485497398594347
0.5,0.1,0.1,0.05,0.15,0.1,-0.14349966652043786,0.0028594136470629413
0.45,0.15,0.05,0.05,0.2,0.1,-0.14342353951222148,0.0028743836297012736
0.45,0.15,0.25,0.05,0.05,0.05,-0.14331139726020764,0.0028965657142909222
0.4,0.1,0.1,0.05,0.2,0.15,-0.14325063220432188,0.0029086501658686418
0.4,0.25,0.15,0.05,0.1,0.05,-0.14322912547105898,0.002912938221644864
0.25,0.2,0.35,0.1,0.05,0.05,-0.1431535105279203,0.0029280601632079807
0.4,0.05,0.4,0.05,0.05,0.05,-0.14314531748667725,0.0029297029374755475
0.25,0.2,0.1,0.1,0.3,0.05,-0.14313934339410425,0.0029309013220698743
0.35,0.1,0.05,0.1,0.3,0.1,-0.14312261593489972,0.0029342591708832375
0.2,0.05,0.25,0.1,0.25,0.15,-0.1430077426691382,0.0029574133492492436
0.55,0.15,0.1,0.05,0.1,0.05,-0.14285258695059852,0.0029889507110577277
0.35,0.15,0.2,0.05,0.1,0.15,-0.14285105075536547,0.002989264484974873
0.2,0.25,0.25,0.05,0.15,0.1,-0.14283193365913177,0.0029931717329277916
0.25,0.45,0.1,0.05,0.1,0.05,-0.1425996268022203,0.003041024186144062
0.3,0.35,0.05,0.1,0.15,0.05,-0.14256122192139364,0.0030490017774011382
0.3,0.3,0.05,0.1,0.2,0.05,-0.14252025671517854,0.0030575321681634523
0.25,0.1,0.2,0.15,0.25,0.05,-0.14248287596450726,0.0030653350692401633
0.35,0.3,0.05,0.05,0.15,0.1,-0.1424823638994296,0.003065442083827041
0.2,0.05,0.05,0.05,0.45,0.2,-0.14247417085818656,0.0030671547790159584
0.3,0.3,0.2,0.05,0.1,0.05,-0.14244430039532138,0.0030734063472059934
0.45,0.15,0.2,0.05,0.05,0.1,-0.14243422978212686,0.0030755166272932346
0.25,0.05,0.25,0.05,0.2,0.2,-0.14240077486371783,0.003082536505201583
0.2,0.1,0.35,0.15,0.15,0.05,-0.1423289150644822,0.0030976641642804724
0.3,0.1,0.15,0.15,0.25,0.05,-0.14230450662911237,0.003102817864903219
0.3,0.15,0.25,0.1,0.1,0.1,-0.14219594883264236,0.003125833724369724
0.45,0.1,0.1,0.05,0.15,0.15,-0.14217922137343783,0.003129393951651357
0.3,0.15,0.1,0.05,0.25,0.15,-0.14215225261267955,0.0031351416677987353
0.3,0.45,0.05,0.05,0.1,0.05,-0.142098315091163,0.003146665879474611
0.5,0.05,0.05,0.05,0.2,0.15,-0.1420780031764147,0.003151015657746413
0.2,0.35,0.2,0.05,0.1,0.1,-0.1419527179207402,0.003177966339894219
0.3,0.35,0.05,0.05,0.2,0.05,-0.14190355967328208,0.003188598058800458
0.25,0.05,0.25,0.1,0.2,0.15,-0.14190202347804898,0.0031889308198985397
0.5,0.05,0.1,0.1,0.2,0.05,-0.1418870029024368,0.0031921861461466144
0.25,0.1,0.05,0.15,0.4,0.05,-0.14188666152571835,0.003192260165895417
0.55,0.05,0.05,0.1,0.2,0.05,-0.14187215301518383,0.0031954074464360487
0.3,0.1,0.3,0.05,0.1,0.15,-0.14179943977415205,0.003211223368300426
0.35,0.25,0.2,0.05,0.1,0.05,-0.1417750313387822,0.0032165483838177255
0.4,0.15,0.15,0.05,0.15,0.1,-0.14176905724620917,0.003217852930126958
0.2,0.35,0.25,0.05,0.05,0.1,-0.14174123504365474,0.0032239347197423277
0.5,0.1,0.15,0.1,0.1,0.05,-0.14173474888600401,0.0032253540596811833
0.4,0.05,0.05,0.1,0.3,0.1,-0.14163967546991313,0.0032462238076326096
0.25,0.05,0.5,0.1,0.05,0.05,-0.14159336068405684,0.003256434800192086
0.2,0.45,0.05,0.1,0.15,0.05,-0.14158249486957125,0.0032588345987614197
0.4,0.05,0.05,0.15,0.3,0.05,-0.1415585984992791,0.003264117944783475
0.25,0.1,0.1,0.05,0.3,0.2,-0.14155330716014297,0.00326528887959483
0.25,0.35,0.1,0.05,0.15,0.1,-0.14147069399427586,0.0032836200931186848
0.3,0.25,0.2,0.05,0.15,0.05,-0.14143245980180844,0.0032921355405757346
0.3,0.05,0.15,0.05,0.25,0.2,-0.14137783952685498,0.0033043352395587264
0.2,0.05,0.1,0.15,0.4,0.1,-0.14137766883849573,0.0033043734278483533
0.35,0.05,0.1,0.05,0.25,0.2,-0.1412977866863763,0.003322289573293976
0.25,0.05,0.05,0.1,0.4,0.15,-0.14124521467173357,0.00333412859600084
0.2,0.35,0.25,0.05,0.1,0.05,-0.14123958195587902,0.003335399330893012
0.25,0.2,0.3,0.05,0.1,0.1,-0.1411829134206148,0.0033482081698765747
0.3,0.15,0.4,0.05,0.05,0.05,-0.14112658626206903,0.00336098406587911
0.6,0.15,0.05,0.05,0.1,0.05,-0.14105523852791108,0.0033772303643859938
0.3,0.2,0.2,0.05,0.15,0.1,-0.14098047702656852,0.0033943304171537205
0.3,0.3,0.15,0.05,0.15,0.05,-0.1409722839853255,0.0033962091635519505
0.35,0.3,0.15,0.05,0.1,0.05,-0.1409174930220128,0.00340879754987391
0.3,0.1,0.2,0.15,0.2,0.05,-0.14089701041890526,0.003413514348074068
0.25,0.4,0.05,0.05,0.2,0.05,-0.1408898415078176,0.00341516662571897
0.2,0.35,0.2,0.05,0.15,0.05,-0.14084904698996173,0.0034245826909818297
0.25,0.35,0.15,0.05,0.15,0.05,-0.14084580391113638,0.0034253322580362834
0.2,0.25,0.35,0.05,0.05,0.1,-0.14081576275991198,0.0034322826936055324
0.2,0.15,0.05,0.05,0.4,0.15,-0.14077121309815305,0.0034426134277310556
0.5,0.25,0.1,0.05,0.05,0.05,-0.14076899414948305,0.003443128721978082
0.45,0.15,0.1,0.1,0.15,0.05,-0.14069997710235924,0.003459191141042222
0.25,0.3,0.15,0.1,0.15,0.05,-0.14061196085899186,0.003479773855145539
0.25,0.35,0.1,0.1,0.15,0.05,-0.14060957122196263,0.003480334220318098
0.2,0.4,0.25,0.05,0.05,0.05,-0.1406030850643119,0.0034818556240392116
0.25,0.3,0.05,0.05,0.25,0.1,-0.14056997152262138,0.0034896321939958713
0.25,0.25,0.1,0.1,0.25,0.05,-0.1405558043888053,0.0034929640913744352
0.35,0.15,0.25,0.05,0.1,0.1,-0.14054436826873695,0.0034956557992757284
0.5,0.3,0.05,0.05,0.05,0.05,-0.14048240839433662,0.0035102719607230525
0.3,0.15,0.3,0.05,0.1,0.1,-0.14045680514045214,0.0035163278603989366
0.3,0.1,0.1,0.1,0.25,0.15,-0.1404173761294701,0.003525672474852872
0.35,0.15,0.1,0.05,0.2,0.15,-0.14035814726881748,0.0035397519420218037
0.35,0.1,0.25,0.05,0.1,0.15,-0.14034312669320528,0.0035433306207839715
0.2,0.3,0.15,0.1,0.2,0.05,-0.14030898902135935,0.0035514761834021277
0.25,0.1,0.25,0.05,0.15,0.2,-0.14022398621846302,0.0035718324462465493
0.2,0.3,0.1,0.1,0.25,0.05,-0.14019070198841327,0.003579832045443727
0.3,0.1,0.45,0.05,0.05,0.05,-0.14018711753286942,0.0035806945086631
0.45,0.1,0.15,0.1,0.1,0.1,-0.14017585210116026,0.003583406333670046
0.2,0.05,0.25,0.05,0.25,0.2,-0.14017431590592722,0.0035837762721908644
0.4,0.3,0.1,0.05,0.1,0.05,-0.14010928364106076,0.0035994687905981813
0.55,0.25,0.05,0.05,0.05,0.05,-0.14007104944859333,0.0036087238840215685
0.3,0.3,0.1,0.1,0.15,0.05,-0.14006780636976793,0.003609509905703278
0.25,0.35,0.2,0.05,0.05,0.1,-0.14004288586932045,0.0036155550408949982
0.25,0.05,0.1,0.1,0.35,0.15,-0.1400154050434845,0.003622231888472261
0.45,0.25,0.05,0.05,0.1,0.1,-0.13996546705172772,0.003634393625302124
0.45,0.25,0.1,0.05,0.1,0.05,-0.13996129683360872,0.0036354108989091237
0.4,0.1,0.25,0.1,0.05,0.1,-0.1399537865458026,0.0036372435924010966
0.2,0.05,0.55,0.1,0.05,0.05,-0.13992989017551044,0.0036430804613220313
0.2,0.05,0.05,0.2,0.45,0.05,-0.13982850129012808,0.003667939983878176
0.55,0.1,0.05,0.05,0.15,0.1,-0.13982355132771043,0.0036691575901801753
0.25,0.1,0.15,0.1,0.25,0.15,-0.13981518759810818,0.0036712157571704984
0.25,0.15,0.45,0.05,0.05,0.05,-0.13978258612149533,0.003679248397464287
0.35,0.2,0.05,0.1,0.25,0.05,-0.13972613951628088,0.0036931938732458693
0.5,0.05,0.1,0.05,0.15,0.15,-0.13963869583466482,0.003714891935741269
0.3,0.4,0.15,0.05,0.05,0.05,-0.1396311855468587,0.003716760894761848
0.25,0.25,0.25,0.1,0.1,0.05,-0.1396287959098295,0.0037173557421403495
0.2,0.2,0.3,0.1,0.1,0.1,-0.1396117270739065,0.003721607160614168
0.35,0.1,0.3,0.1,0.05,0.1,-0.1395880013919736,0.00372752394834326
0.25,0.3,0.2,0.05,0.1,0.1,-0.1395625688264484,0.003733875865598433
0.3,0.15,0.3,0.1,0.1,0.05,-0.13953969658631163,0.0037395966999179764
0.2,0.2,0.1,0.05,0.3,0.15,-0.13953474662389398,0.0037408358354655497
0.3,0.35,0.15,0.05,0.1,0.05,-0.13950572960282495,0.0037481072165455862
0.5,0.1,0.2,0.1,0.05,0.05,-0.13943745425913312,0.003765266872535589
0.4,0.1,0.15,0.1,0.15,0.1,-0.139432162919997,0.00376659971201222
0.3,0.3,0.05,0.05,0.25,0.05,-0.1394074131079087,0.003772839636478922
0.2,0.15,0.05,0.15,0.4,0.05,-0.13938078572386892,0.0037795633873856107
0.5,0.1,0.2,0.05,0.05,0.1,-0.13936781340856746,0.003782842990431031
0.4,0.2,0.05,0.05,0.2,0.1,-0.1393546704049068,0.003786168374153071
0.25,0.3,0.15,0.05,0.15,0.1,-0.1392532815195244,0.0038119104456396198
0.2,0.25,0.2,0.1,0.2,0.05,-0.1392261420704069,0.0038188278352938054
0.25,0.35,0.2,0.05,0.1,0.05,-0.13920446464878475,0.00382436120861434
0.75,0.05,0.05,0.05,0.05,0.05,-0.13908161228179727,0.003855857851174607
0.2,0.4,0.05,0.05,0.2,0.1,-0.13905750197148808,0.003862066700533509
0.35,0.05,0.3,0.1,0.1,0.1,-0.13899383521349545,0.0038785055930787194
0.25,0.15,0.25,0.1,0.15,0.1,-0.1389837646003009,0.003881111640814679
0.45,0.15,0.1,0.05,0.15,0.1,-0.1389561130861057,0.0038882753826180853
0.25,0.3,0.15,0.05,0.2,0.05,-0.13893597185971662,0.003893500948571492
0.4,0.1,0.05,0.1,0.25,0.1,-0.13893307015760972,0.0038942543079804066
0.25,0.15,0.4,0.1,0.05,0.05,-0.13891600132168674,0.0038986885053196984
0.4,0.1,0.05,0.05,0.25,0.15,-0.13890473588997762,0.0039016175784714812
0.25,0.2,0.3,0.05,0.05,0.15,-0.13890302900638532,0.0039020615511484694
0.35,0.15,0.15,0.05,0.15,0.15,-0.13889056875616154,0.0039053039372278584
0.4,0.05,0.1,0.1,0.25,0.1,-0.1388897153143654,0.003905526107672746
0.3,0.1,0.35,0.1,0.05,0.1,-0.13885335869384952,0.003915001198993816
0.2,0.1,0.2,0.1,0.25,0.15,-0.13880966247388674,0.00392641662823287
0.35,0.4,0.05,0.05,0.1,0.05,-0.1387956660284299,0.003930079497653076
0.65,0.05,0.1,0.05,0.05,0.1,-0.1387379733630103,0.0039452103329026605
0.2,0.15,0.2,0.15,0.25,0.05,-0.13870110467741673,0.003954907330741215
0.5,0.05,0.15,0.05,0.1,0.15,-0.13869052199914447,0.003957694709353578
0.4,0.35,0.05,0.05,0.1,0.05,-0.13866372392674545,0.00396476102331085
0.4,0.15,0.25,0.05,0.05,0.1,-0.13866013947120162,0.003965707064198279
0.3,0.2,0.25,0.05,0.1,0.1,-0.13859101068571364,0.003983992139288218
0.35,0.35,0.05,0.05,0.1,0.1,-0.13853758522927478,0.0039981757875732805
0.2,0.1,0.25,0.15,0.25,0.05,-0.13852888012295408,0.0040004911847971135
0.2,0.35,0.15,0.05,0.15,0.1,-0.13851607849601189,0.004003898384509382
0.4,0.15,0.05,0.1,0.25,0.05,-0.1385072027013319,0.004006262250556026
0.2,0.2,0.4,0.1,0.05,0.05,-0.13848706147494283,0.004011631092164666
0.25,0.15,0.35,0.05,0.1,0.1,-0.1384805753172921,0.004013361426217256
0.2,0.15,0.1,0.15,0.35,0.05,-0.13844404800841698,0.004023118553132565
0.2,0.3,0.25,0.05,0.1,0.1,-0.13838516052448277,0.004038893691435268
0.2,0.2,0.35,0.05,0.05,0.15,-0.1383776502366767,0.004040909611079995
0.25,0.2,0.25,0.1,0.1,0.1,-0.13836484860973444,0.004044347935784492
0.35,0.1,0.15,0.1,0.15,0.15,-0.13831586105063556,0.004057529710808889
0.25,0.15,0.3,0.05,0.1,0.15,-0.138289404354955,0.004064664937379479
0.3,0.05,0.2,0.05,0.2,0.2,-0.13828701471792576,0.0040653099679412285
0.3,0.35,0.1,0.05,0.1,0.1,-0.13827472515606123,0.004068628730622272
0.35,0.3,0.05,0.1,0.15,0.05,-0.13808526107731642,0.0041201040191563175
0.2,0.35,0.05,0.05,0.3,0.05,-0.13807297151545186,0.004123463207444802
0.2,0.1,0.45,0.05,0.1,0.1,-0.1380627302138981,0.004126264422591404
0.3,0.15,0.3,0.15,0.05,0.05,-0.13802057018916838,0.0041378142227181695
0.2,0.25,0.05,0.05,0.3,0.15,-0.1379918945448178,0.00414568665126579
0.3,0.1,0.15,0.1,0.2,0.15,-0.13785005251829804,0.004184826575902355
0.25,0.2,0.1,0.05,0.25,0.15,-0.13783230092893817,0.004189748401106905
0.2,0.25,0.3,0.1,0.1,0.05,-0.1378317888638605,0.004189890454451989
0.55,0.1,0.1,0.1,0.1,0.05,-0.13782513201785054,0.004191737544179546
0.25,0.25,0.2,0.05,0.15,0.1,-0.13782018205543287,0.004193111498295465
0.3,0.15,0.35,0.1,0.05,0.05,-0.13780669767505374,0.0041968564040978755
0.35,0.35,0.1,0.05,0.1,0.05,-0.13779901669888842,0.004198990929614671
0.25,0.4,0.15,0.05,0.1,0.05,-0.13775753942759564,0.004210534334164167
0.25,0.3,0.05,0.1,0.25,0.05,-0.13774968776307106,0.004212722731566524
0.3,0.35,0.05,0.05,0.15,0.1,-0.13771213632404053,0.004223203203087608
0.25,0.25,0.1,0.05,0.25,0.1,-0.13768755720031148,0.004230075903145609
0.3,0.2,0.05,0.1,0.3,0.05,-0.1376622953231455,0.00423715004386494
0.25,0.4,0.1,0.1,0.1,0.05,-0.13762832833965882,0.00424667874896963
0.3,0.15,0.2,0.1,0.15,0.1,-0.13762747489786267,0.004246918412882156
0.2,0.1,0.3,0.15,0.2,0.05,-0.13756688053033617,0.0042639658272953344
0.35,0.2,0.15,0.1,0.15,0.05,-0.13751482058077114,0.004278661559181917
0.2,0.4,0.2,0.05,0.05,0.1,-0.13742759882920486,0.004303385537701864
0.3,0.5,0.05,0.05,0.05,0.05,-0.13740080075680577,0.004311007631576941
0.35,0.3,0.2,0.05,0.05,0.05,-0.13739311978064045,0.004313194556141426
0.2,0.2,0.15,0.05,0.25,0.15,-0.13737331993096982,0.004318836584655106
0.25,0.1,0.4,0.1,0.05,0.1,-0.13732859958085167,0.004331604332651704
0.25,0.1,0.15,0.15,0.3,0.05,-0.13729514466244266,0.004341178064218063
0.25,0.1,0.2,0.1,0.2,0.15,-0.13719580403737108,0.004369718946988714
0.3,0.05,0.05,0.05,0.35,0.2,-0.13719273164690493,0.004370604350611739
0.35,0.2,0.2,0.05,0.1,0.1,-0.13714801129678678,0.004383510251197834
0.4,0.25,0.05,0.05,0.15,0.1,-0.13714033032062142,0.004385730374158179
0.45,0.3,0.1,0.05,0.05,0.05,-0.13713555104656303,0.0043871122965278815
0.25,0.1,0.35,0.05,0.1,0.15,-0.13709083069644487,0.004400062212229356
0.25,0.2,0.15,0.05,0.2,0.15,-0.13697134884498416,0.004434830739787802
0.35,0.25,0.1,0.05,0.15,0.1,-0.1369356749779052,0.0044452596186767175
0.35,0.3,0.1,0.05,0.1,0.1,-0.13691314411448688,0.004451857684218728
0.25,0.3,0.1,0.05,0.2,0.1,-0.1369128027377684,0.004451957722883662
0.2,0.2,0.3,0.05,0.1,0.15,-0.13682558098620212,0.004477584217782862
0.3,0.15,0.15,0.15,0.2,0.05,-0.13681448624285217,0.004480853478571887
0.55,0.05,0.15,0.1,0.1,0.05,-0.13680424494129842,0.004483873170502094
0.4,0.3,0.05,0.05,0.1,0.1,-0.13675781770758796,0.004497585497966039
0.2,0.15,0.15,0.05,0.25,0.2,-0.13675559875891796,0.004498241813520356
0.2,0.45,0.2,0.05,0.05,0.05,-0.13665079610635103,0.004529338759642675
0.2,0.3,0.2,0.05,0.15,0.1,-0.1366103429652136,0.004541393795897311
0.2,0.5,0.15,0.05,0.05,0.05,-0.13659907753350445,0.0045447560463874655
0.35,0.05,0.15,0.05,0.2,0.2,-0.13649564038781134,0.004575732809100798
0.25,0.15,0.2,0.05,0.15,0.2,-0.13649222662062677,0.0045767583850675276
0.2,0.15,0.15,0.15,0.3,0.05,-0.13647635260321841,0.0045815300391193105
0.2,0.4,0.1,0.05,0.15,0.1,-0.13638759465641903,0.004608293088687571
0.4,0.15,0.3,0.05,0.05,0.05,-0.13635823625863153,0.004617176483114982
0.3,0.2,0.1,0.1,0.25,0.05,-0.13632307445663022,0.004627836232466933
0.35,0.1,0.05,0.05,0.25,0.2,-0.1363217089497564,0.004628250650908035
0.5,0.1,0.05,0.05,0.15,0.15,-0.13629678844930887,0.004635819671981292
0.25,0.25,0.25,0.05,0.1,0.1,-0.13628552301759972,0.004639244948603839
0.45,0.1,0.2,0.1,0.05,0.1,-0.1362437043695885,0.004651979972037569
0.25,0.2,0.25,0.05,0.1,0.15,-0.1362150287252379,0.00466073078041156
0.3,0.05,0.05,0.1,0.35,0.15,-0.13619864264275186,0.0046657379078429186
0.3,0.25,0.15,0.05,0.15,0.1,-0.13618601170416889,0.004669600880405208
0.45,0.1,0.05,0.05,0.2,0.15,-0.1361360000149146,0.004684924510897221
0.2,0.05,0.15,0.15,0.35,0.1,-0.1360579954347467,0.004708915764384149
0.2,0.15,0.3,0.1,0.15,0.1,-0.13592912572352836,0.004748794083162952
0.25,0.1,0.35,0.15,0.1,0.05,-0.13592212750079996,0.004750968354881755
0.3,0.4,0.1,0.05,0.05,0.1,-0.1359069362368285,0.004755691205638726
0.25,0.35,0.15,0.05,0.1,0.1,-0.13590062076753703,0.00475765588374323
0.3,0.2,0.05,0.05,0.25,0.15,-0.13585521766398198,0.004771801888198617
0.45,0.15,0.15,0.05,0.1,0.1,-0.1357179842231614,0.004814789875092331
0.35,0.15,0.15,0.1,0.15,0.1,-0.13571474114433602,0.004815809970529765
0.35,0.1,0.1,0.05,0.2,0.2,-0.1356799207190532,0.004826774859372596
0.2,0.15,0.4,0.05,0.1,0.1,-0.13566814322226636,0.004830488663074939
0.2,0.1,0.05,0.05,0.4,0.2,-0.13565027409913688,0.004836128262235754
0.25,0.3,0.2,0.1,0.1,0.05,-0.13563997964299346,0.004839379946930693
0.2,0.1,0.15,0.15,0.3,0.1,-0.13563690725252733,0.004840350797270364
0.2,0.2,0.05,0.05,0.35,0.15,-0.13557403454621597,0.004860256663247784
0.2,0.35,0.1,0.05,0.2,0.1,-0.13554302865495105,0.0048701004557346935
0.25,0.25,0.3,0.1,0.05,0.05,-0.13548328772922072,0.004889117778120684
0.25,0.2,0.3,0.1,0.05,0.1,-0.13545751378697704,0.004897343044460811
0.4,0.25,0.2,0.05,0.05,0.05,-0.13544710179706404,0.004900669369939423
0.2,0.05,0.3,0.15,0.25,0.05,-0.13527794963306752,0.004954994566732979
0.25,0.5,0.1,0.05,0.05,0.05,-0.13527402380080525,0.0049562618125971875
0.3,0.2,0.15,0.1,0.2,0.05,-0.13526924452674682,0.004957804940910635
0.2,0.15,0.5,0.05,0.05,0.05,-0.13523715511521164,0.004968177163447002
0.35,0.3,0.1,0.1,0.1,0.05,-0.13514447133614998,0.004998245128203791
0.4,0.05,0.2,0.1,0.15,0.1,-0.13510162855798338,0.0050121992827761135
0.3,0.4,0.05,0.1,0.1,0.05,-0.13507534255066203,0.00502077816087356
0.2,0.45,0.05,0.05,0.2,0.05,-0.13507090465332205,0.00502222784751502
0.45,0.25,0.15,0.05,0.05,0.05,-0.1350707339649628,0.005022283612224174
0.3,0.3,0.15,0.1,0.1,0.05,-0.13506049266340903,0.005025630515849413
0.25,0.35,0.05,0.1,0.2,0.05,-0.13500843271384402,0.0050426750333068555
0.25,0.1,0.05,0.1,0.35,0.15,-0.13499307076151337,0.005047714504498816
0.35,0.15,0.2,0.1,0.1,0.1,-0.13488604916027644,0.0050829489109347524
0.25,0.25,0.15,0.05,0.2,0.1,-0.13487085789630496,0.005087968200796052
0.4,0.3,0.15,0.05,0.05,0.05,-0.13484713221437206,0.0050958162480787255
0.2,0.3,0.05,0.1,0.3,0.05,-0.1348122481632924,0.005107375094084463
0.25,0.15,0.35,0.05,0.05,0.15,-0.13480326530605008,0.0051103553887747516
0.3,0.25,0.05,0.1,0.25,0.05,-0.13476929832256337,0.005121638976698785
0.25,0.15,0.2,0.15,0.2,0.05,-0.13475393637023272,0.005126749471767354
0.35,0.35,0.05,0.1,0.1,0.05,-0.13472184695869757,0.005137439547332834
0.35,0.2,0.25,0.05,0.05,0.1,-0.13468668515669627,0.005149176186619006
0.2,0.15,0.2,0.1,0.2,0.15,-0.13464793889915116,0.00516213723842829
0.25,0.05,0.05,0.2,0.4,0.05,-0.13464691476899576,0.005162480219462593
0.4,0.05,0.35,0.1,0.05,0.05,-0.1345772739184301,0.005185851127019622
0.45,0.15,0.15,0.1,0.1,0.05,-0.13457027569570168,0.005188204933812043
0.25,0.15,0.25,0.15,0.15,0.05,-0.13455798613383715,0.005192340776243012
0.3,0.35,0.15,0.05,0.05,0.1,-0.13455285858370286,0.005194067243271899
0.25,0.1,0.25,0.15,0.2,0.05,-0.134505072742476,0.005210181802072055
0.35,0.25,0.15,0.05,0.1,0.1,-0.13450200035200985,0.005211219426008599
0.3,0.45,0.1,0.05,0.05,0.05,-0.13447895742351387,0.0052190075377757895
0.25,0.05,0.15,0.05,0.3,0.2,-0.13443048192949267,0.005235425636790255
0.2,0.25,0.35,0.1,0.05,0.05,-0.13443031124113344,0.005235483529054135
0.2,0.5,0.1,0.05,0.1,0.05,-0.1343828598772676,0.0052515999459913885
0.35,0.25,0.15,0.05,0.15,0.05,-0.13436749792493694,0.005256827052446425
0.2,0.35,0.2,0.1,0.1,0.05,-0.13431492591029423,0.005274750829969094
0.2,0.5,0.05,0.05,0.15,0.05,-0.13429034678656518,0.0052831496341085955
0.2,0.15,0.35,0.05,0.1,0.15,-0.13425603842636002,0.005294893092120333
0.2,0.15,0.45,0.1,0.05,0.05,-0.1342219007545141,0.005306601439343299
0.2,0.3,0.05,0.05,0.3,0.1,-0.13421814561061107,0.005307890779057935
0.25,0.1,0.05,0.05,0.35,0.2,-0.13421729216881492,0.005308183850129527
0.2,0.2,0.35,0.05,0.1,0.1,-0.13421046463444572,0.005310528943046829
0.3,0.05,0.15,0.15,0.3,0.05,-0.13417632696259982,0.005322268400000566
0.2,0.45,0.15,0.05,0.05,0.1,-0.13417086493510447,0.005324148878957617
0.3,0.25,0.2,0.05,0.1,0.1,-0.1341570391780069,0.005328911513974274
0.35,0.15,0.3,0.05,0.05,0.1,-0.13414474961614234,0.0053331481856805025
0.2,0.1,0.45,0.1,0.05,0.1,-0.1341397996537247,0.005334855479059148
0.2,0.3,0.15,0.05,0.2,0.1,-0.13412358425959786,0.005340451781979162
0.2,0.35,0.1,0.1,0.2,0.05,-0.13410463785172339,0.005346997312267664
0.25,0.25,0.05,0.05,0.25,0.15,-0.13409149484806274,0.0053515421454513115
0.25,0.4,0.1,0.05,0.1,0.1,-0.13406913467300363,0.0053592822526446855
0.25,0.25,0.2,0.1,0.15,0.05,-0.133940777026863,0.005403909222229131
0.2,0.1,0.3,0.05,0.15,0.2,-0.13391278413594937,0.00541368599567293
0.25,0.45,0.15,0.05,0.05,0.05,-0.133796545363314,0.00545445390886318
0.25,0.25,0.3,0.05,0.05,0.1,-0.13377538000676956,0.005461906791920521
0.2,0.4,0.2,0.1,0.05,0.05,-0.13374380266031208,0.0054730430411542245
0.3,0.4,0.1,0.05,0.1,0.05,-0.13371154256041767,0.005484441160403422
0.4,0.25,0.1,0.05,0.1,0.1,-0.13370027712870852,0.005488426482869669
0.35,0.05,0.15,0.1,0.2,0.15,-0.1336550447135127,0.005504454394469933
0.3,0.25,0.2,0.1,0.1,0.05,-0.13363405004532744,0.0055119080589058995
0.4,0.15,0.25,0.1,0.05,0.05,-0.1336203949765891,0.005516760841396733
0.25,0.2,0.05,0.05,0.3,0.15,-0.13359018313700544,0.00552751128042853
0.25,0.45,0.1,0.05,0.05,0.1,-0.1335620195577326,0.005537549839301068
0.2,0.45,0.1,0.1,0.1,0.05,-0.13349203733044845,0.005562565157160517
0.25,0.4,0.15,0.05,0.05,0.1,-0.133474627117807,0.0055688042431236715
0.3,0.25,0.1,0.1,0.2,0.05,-0.13346933577867093,0.005570701682307037
0.2,0.2,0.35,0.1,0.05,0.1,-0.13342342061003815,0.005587190981550863
0.25,0.05,0.25,0.15,0.25,0.05,-0.13328311477875143,0.00563785064276227
0.45,0.35,0.05,0.05,0.05,0.05,-0.13318275002352445,0.005674341871662491
0.3,0.1,0.35,0.15,0.05,0.05,-0.13314076068715397,0.005689671496117754
0.3,0.05,0.15,0.1,0.25,0.15,-0.13313307971098864,0.005692479719568422
0.2,0.3,0.3,0.1,0.05,0.05,-0.13309911272750197,0.00570491324888708
0.2,0.1,0.55,0.05,0.05,0.05,-0.1330666819392483,0.005716807228703624
0.2,0.1,0.35,0.1,0.1,0.15,-0.1330584888980053,0.005719815547594824
0.2,0.05,0.15,0.1,0.35,0.15,-0.13305456306574304,0.005721257537839373
0.6,0.2,0.05,0.05,0.05,0.05,-0.13296648787238055,0.005753694276007454
0.3,0.3,0.15,0.05,0.1,0.1,-0.13291630549476707,0.00577224948448214
0.2,0.2,0.2,0.05,0.2,0.15,-0.13289599358001875,0.0057797751992420725
0.6,0.05,0.15,0.05,0.05,0.1,-0.13281064940040396,0.005811492281042612
0.2,0.25,0.1,0.05,0.25,0.15,-0.13280279773587939,0.0058144180927747376
0.2,0.15,0.3,0.15,0.15,0.05,-0.13273657065249833,0.00583914938317354
0.3,0.3,0.2,0.1,0.05,0.05,-0.132726670727663,0.0058428544362781765
0.3,0.15,0.1,0.05,0.2,0.2,-0.13268348657277793,0.0058590408433668775
0.25,0.25,0.15,0.1,0.2,0.05,-0.13267749203641957,0.0058612909132730465
0.25,0.35,0.05,0.05,0.25,0.05,-0.1326394489760967,0.005875588609586567
0.35,0.25,0.05,0.1,0.2,0.05,-0.13261913706134837,0.005883235243242484
0.2,0.05,0.2,0.1,0.3,0.15,-0.13260753025292077,0.005887608760187938
0.3,0.1,0.4,0.05,0.05,0.1,-0.13259882514660004,0.0058908908140037795
0.2,0.55,0.1,0.05,0.05,0.05,-0.13256519953983184,0.005903583989911812
0.3,0.2,0.1,0.05,0.2,0.15,-0.13252082056643216,0.005920374006190678
0.2,0.25,0.15,0.05,0.25,0.1,-0.13249402249403308,0.005930533347013876
0.2,0.05,0.35,0.1,0.15,0.15,-0.1324692726819448,0.0059399300814570915
0.25,0.3,0.25,0.1,0.05,0.05,-0.13241567653714673,0.0059603247129669116
0.55,0.15,0.15,0.05,0.05,0.05,-0.13240150940333067,0.005965726147114108
0.25,0.4,0.05,0.1,0.15,0.05,-0.13239160947849535,0.00596950325170787
0.2,0.2,0.4,0.05,0.05,0.1,-0.13228595338413224,0.006009948025518635
0.2,0.4,0.15,0.05,0.1,0.1,-0.13228322237038456,0.00601099670170866
0.35,0.35,0.1,0.05,0.05,0.1,-0.13222604177004266,0.006032991121265394
0.2,0.4,0.2,0.05,0.1,0.05,-0.13222211593778038,0.006034503832986618
0.35,0.25,0.25,0.05,0.05,0.05,-0.1321697146114969,0.006054727876504797
0.35,0.05,0.15,0.05,0.25,0.15,-0.1320611568150269,0.0060968189401978574
0.55,0.1,0.05,0.1,0.15,0.05,-0.13205859648963844,0.006097814816211989
0.45,0.1,0.3,0.05,0.05,0.05,-0.13205381721558002,0.006099674175413818
0.2,0.05,0.4,0.15,0.15,0.05,-0.1320311156638025,0.006108513082586023
0.4,0.1,0.2,0.05,0.1,0.15,-0.13202889671513252,0.00610937765233778
0.3,0.2,0.3,0.05,0.05,0.1,-0.1320145588929572,0.0061149667510030665
0.3,0.05,0.25,0.15,0.2,0.05,-0.1320131933860834,0.006115499285372137
0.3,0.1,0.05,0.05,0.3,0.2,-0.13197615401213056,0.006129960165900531
0.2,0.05,0.05,0.1,0.45,0.15,-0.13192921471334243,0.006148330249849579
0.2,0.3,0.25,0.1,0.1,0.05,-0.13189797874360343,0.006160582065704825
0.2,0.05,0.2,0.05,0.3,0.2,-0.13188927363728267,0.006164000407458592
0.2,0.35,0.15,0.1,0.15,0.05,-0.13188517711666117,0.00616560962772513
0.4,0.05,0.15,0.1,0.2,0.1,-0.13182236380046472,0.006190331589183421
0.3,0.35,0.15,0.1,0.05,0.05,-0.1317945415979103,0.006201310200214314
0.25,0.2,0.35,0.05,0.05,0.1,-0.13175016262451061,0.006218858255051269
0.4,0.25,0.05,0.1,0.15,0.05,-0.1317387784875207,0.006223366872778602
0.2,0.2,0.3,0.15,0.1,0.05,-0.13170834397649936,0.0062354346774689574
0.25,0.15,0.1,0.05,0.3,0.15,-0.13167744938347878,0.006247706380196784
0.2,0.2,0.15,0.1,0.25,0.1,-0.13165764953380815,0.00625558250555046
0.2,0.3,0.1,0.05,0.25,0.1,-0.13163443591695292,0.006264827925492077
0.7,0.1,0.05,0.05,0.05,0.05,-0.131604736142447,0.006276674496686475
0.35,0.05,0.1,0.15,0.3,0.05,-0.1315972258546409,0.006279673362661673
0.3,0.4,0.05,0.05,0.1,0.1,-0.13156223474099882,0.006293662301621118
0.4,0.2,0.15,0.1,0.1,0.05,-0.13153407116172594,0.0063049419869788854
0.6,0.05,0.1,0.1,0.1,0.05,-0.13149890935972466,0.006319049951268341
0.25,0.15,0.1,0.05,0.25,0.2,-0.13145453038632499,0.006336896534401971
0.25,0.05,0.05,0.05,0.35,0.25,-0.13140827384097375,0.0063555462644474285
0.2,0.25,0.2,0.05,0.2,0.1,-0.1313565552681272,0.006376456445971972
0.35,0.1,0.25,0.15,0.1,0.05,-0.13128196445514387,0.006406722683238951
0.2,0.2,0.2,0.15,0.2,0.05,-0.13124833884837564,0.0064204088035987915
0.2,0.5,0.05,0.1,0.1,0.05,-0.13118279451843146,0.006447161685430569
0.45,0.1,0.25,0.05,0.05,0.1,-0.13110530200334125,0.0064789202886654665
0.25,0.4,0.05,0.05,0.15,0.1,-0.1310872090372629,0.00648635545656321
0.3,0.05,0.2,0.1,0.2,0.15,-0.13107765048914607,0.006490286556690295
0.35,0.4,0.05,0.05,0.05,0.1,-0.13104248868714477,0.0065047657729881405
0.3,0.25,0.15,0.1,0.15,0.05,-0.13099452525820124,0.0065245632312875106
0.3,0.45,0.05,0.1,0.05,0.05,-0.1309600462096369,0.0065388282026907765
0.3,0.05,0.25,0.05,0.15,0.2,-0.13094622045253929,0.006544556162014374
0.2,0.3,0.2,0.05,0.2,0.05,-0.13083015236826315,0.006592820353364091
0.2,0.15,0.35,0.15,0.1,0.05,-0.13079584400805802,0.006607147624244301
0.2,0.2,0.25,0.05,0.1,0.2,-0.1306889930951803,0.00665194779364297
0.25,0.15,0.15,0.15,0.25,0.05,-0.130685067262918,0.00665359897720394
0.2,0.35,0.05,0.1,0.25,0.05,-0.13065639161856746,0.006665670937245859
0.6,0.15,0.1,0.05,0.05,0.05,-0.1306111592033716,0.006684752907047758
0.4,0.15,0.15,0.05,0.1,0.15,-0.1305852145727687,0.006695720107464923
0.25,0.1,0.3,0.1,0.1,0.15,-0.1305777042849626,0.006698897830123545
0.35,0.05,0.25,0.1,0.15,0.1,-0.1305637078395058,0.006704823554638487
0.2,0.05,0.1,0.2,0.4,0.05,-0.1305614888908358,0.006705763429847795
0.2,0.35,0.25,0.1,0.05,0.05,-0.1305336666882814,0.00671755803976187
0.25,0.1,0.3,0.15,0.15,0.05,-0.13050174796510547,0.006731112164101008
0.35,0.1,0.15,0.15,0.2,0.05,-0.13040189527495613,0.00677367242300374
0.4,0.35,0.05,0.05,0.05,0.1,-0.1303641731475664,0.006789813358282243
0.25,0.2,0.15,0.15,0.2,0.05,-0.13029180128325304,0.006820877044124546
0.4,0.2,0.05,0.1,0.2,0.05,-0.1302452033611834,0.006840945241161938
0.5,0.15,0.1,0.05,0.1,0.1,-0.13019655717880296,0.006861951944673703
0.35,0.2,0.25,0.1,0.05,0.05,-0.13019024170951146,0.006864683362079143
0.25,0.05,0.2,0.1,0.25,0.15,-0.13017965903123924,0.006869262514046405
0.2,0.3,0.15,0.05,0.15,0.15,-0.1301782935243654,0.006869853571521931
0.45,0.05,0.05,0.1,0.25,0.1,-0.13009721655373135,0.006905029324060024
0.2,0.1,0.4,0.05,0.1,0.15,-0.13007161329984693,0.006916170905946165
0.45,0.05,0.2,0.05,0.1,0.15,-0.12998285535304754,0.006954919756485263
0.55,0.1,0.15,0.05,0.05,0.1,-0.12997005372610532,0.006960524538065099
0.55,0.1,0.1,0.05,0.1,0.1,-0.12994769355104624,0.006970323921289887
0.3,0.1,0.3,0.15,0.1,0.05,-0.1299256747527056,0.006979985760126891
0.35,0.15,0.05,0.05,0.25,0.15,-0.12981489800756563,0.007028776624070264
0.25,0.05,0.3,0.05,0.15,0.2,-0.12977734656853512,0.007045385029998065
0.45,0.2,0.05,0.05,0.15,0.1,-0.12976949490401057,0.007048862132317919
0.25,0.1,0.4,0.15,0.05,0.05,-0.12973757618083462,0.0070630131235561635
0.25,0.15,0.35,0.15,0.05,0.05,-0.1297333089718539,0.007064906892341706
0.25,0.5,0.05,0.05,0.1,0.05,-0.1296797128270558,0.007088731346885463
0.2,0.45,0.1,0.05,0.1,0.1,-0.12964540446685066,0.0071040197410671335
0.3,0.15,0.05,0.05,0.3,0.15,-0.12964045450443298,0.007106227962649082
0.45,0.15,0.2,0.1,0.05,0.05,-0.1296358459187338,0.007108284445088065
0.3,0.35,0.1,0.1,0.1,0.05,-0.1296314080213938,0.00711026526470383
0.2,0.2,0.25,0.1,0.15,0.1,-0.12958754111307183,0.007129871485924094
0.3,0.4,0.1,0.1,0.05,0.05,-0.12953445703335142,0.00715366196744217
0.3,0.15,0.1,0.1,0.2,0.15,-0.12951397443024387,0.0071628605432151535
0.2,0.1,0.1,0.05,0.3,0.25,-0.12949827110119475,0.0071699199481540824
0.2,0.15,0.05,0.1,0.35,0.15,-0.12949195563190327,0.007172760810905697
0.25,0.15,0.3,0.15,0.1,0.05,-0.12944467495639667,0.0071940608945022435
0.2,0.3,0.1,0.05,0.2,0.15,-0.1294378474220275,0.007197141388895626
0.2,0.4,0.05,0.05,0.25,0.05,-0.12942948369242524,0.0072009166022941945
0.2,0.55,0.05,0.05,0.1,0.05,-0.1294011494247931,0.007213719267736535
0.3,0.1,0.2,0.05,0.15,0.2,-0.129331167197509,0.007245427583693271
0.35,0.15,0.05,0.1,0.25,0.1,-0.12932689998852825,0.007247365043144919
0.2,0.4,0.15,0.1,0.1,0.05,-0.12926391598397255,0.007276015879944718
0.4,0.2,0.2,0.1,0.05,0.05,-0.12922824211689354,0.0072922884786939925
0.2,0.1,0.2,0.15,0.25,0.1,-0.12922295077775747,0.007294704886985941
0.3,0.2,0.15,0.05,0.15,0.15,-0.12921834219205824,0.007296810083965634
0.2,0.3,0.05,0.05,0.25,0.15,-0.12912804805002578,0.007338166082183889
0.25,0.4,0.15,0.1,0.05,0.05,-0.12911558779980206,0.007343889477072802
0.45,0.05,0.15,0.1,0.15,0.1,-0.12907650016553845,0.007361869592784948
0.3,0.1,0.05,0.1,0.3,0.15,-0.12903024362018725,0.007383198204908391
0.5,0.15,0.05,0.1,0.15,0.05,-0.12902256264402193,0.007386745198976068
0.3,0.2,0.25,0.1,0.05,0.1,-0.12901078514723507,0.007392186881655842
0.4,0.05,0.25,0.05,0.1,0.15,-0.12899166805100135,0.007401027386987615
0.4,0.1,0.3,0.05,0.05,0.1,-0.1289872301536614,0.0074030809982115735
0.55,0.05,0.05,0.05,0.15,0.15,-0.12891229796395962,0.007437832421585458
0.2,0.15,0.4,0.15,0.05,0.05,-0.1288493139594039,0.00746715531669905
0.2,0.2,0.15,0.05,0.2,0.2,-0.12880578842780036,0.0074874794272727155
0.2,0.25,0.25,0.15,0.1,0.05,-0.12872078562490402,0.007527313811561464
0.25,0.05,0.3,0.15,0.2,0.05,-0.12869125653875732,0.007541196112592623
0.5,0.15,0.15,0.05,0.05,0.1,-0.12867572389806742,0.007548507540551735
0.55,0.05,0.1,0.05,0.1,0.15,-0.12861461746546324,0.007577332687154812
0.25,0.55,0.05,0.05,0.05,0.05,-0.12858355218408343,0.007592024482646836
0.2,0.1,0.2,0.1,0.2,0.2,-0.1284644117093412,0.007648606169894573
0.4,0.15,0.15,0.1,0.1,0.1,-0.12842873784226222,0.007665621370299289
0.25,0.15,0.25,0.05,0.1,0.2,-0.1283449298578805,0.007705727955969035
0.25,0.35,0.2,0.1,0.05,0.05,-0.12829082164800473,0.007731721063323307
0.4,0.2,0.2,0.05,0.05,0.1,-0.12827068042161563,0.007741416710143525
0.35,0.1,0.35,0.05,0.05,0.1,-0.1282544650274888,0.007749230414827512
0.45,0.05,0.3,0.1,0.05,0.05,-0.1282445651026535,0.007754004348659827
0.3,0.25,0.25,0.05,0.05,0.1,-0.1282266428249344,0.007762653495818323
0.2,0.15,0.3,0.05,0.1,0.2,-0.12818431211184547,0.007783116167921379
0.45,0.2,0.05,0.1,0.15,0.05,-0.12818380004676777,0.007783363994783866
0.4,0.2,0.15,0.05,0.1,0.1,-0.12813276422735811,0.007808099444956602
0.2,0.25,0.3,0.1,0.05,0.1,-0.12807336467834624,0.007836976887146439
0.2,0.4,0.1,0.1,0.15,0.05,-0.12805919754453018,0.00784387838888761
0.25,0.05,0.15,0.15,0.3,0.1,-0.12805254069852023,0.007847123136400963
0.5,0.2,0.05,0.05,0.1,0.1,-0.12799672560505215,0.007874376271619422
0.25,0.25,0.1,0.05,0.2,0.15,-0.12798085724173822,0.007882139811245623
0.25,0.45,0.05,0.05,0.1,0.1,-0.12796617238875008,0.007889330408733327
0.2,0.55,0.05,0.1,0.05,0.05,-0.12790660215137895,0.007918559708390855
0.25,0.05,0.15,0.1,0.3,0.15,-0.1279040418259905,0.00791981814549054
0.55,0.1,0.15,0.1,0.05,0.05,-0.12790387113763127,0.007919902047643273
0.3,0.45,0.05,0.05,0.05,0.1,-0.12771772854855895,0.008011874298855384
0.45,0.15,0.05,0.1,0.2,0.05,-0.1277026295620996,0.008019376264336351
0.2,0.25,0.15,0.05,0.2,0.15,-0.12768846242828355,0.008026420935349101
0.2,0.35,0.05,0.05,0.25,0.1,-0.1276391334924662,0.00805099307363828
0.35,0.2,0.1,0.1,0.2,0.05,-0.1275773443064251,0.008081866685167242
0.35,0.05,0.15,0.15,0.25,0.05,-0.1275440600763753,0.008098541229994878
0.4,0.35,0.1,0.05,0.05,0.05,-0.12738378370705875,0.008179266034705833
0.3,0.25,0.25,0.1,0.05,0.05,-0.1273228479628138,0.008210144719708856
0.5,0.2,0.05,0.1,0.1,0.05,-0.12729263612323016,0.008225492833379124
0.2,0.2,0.1,0.1,0.3,0.1,-0.12723460208109208,0.008255046878891632
0.55,0.05,0.1,0.1,0.15,0.05,-0.12718424901511935,0.00828076603438882
0.35,0.15,0.35,0.05,0.05,0.05,-0.1271659853606818,0.00829011231842213
0.65,0.15,0.05,0.05,0.05,0.05,-0.12709395487308692,0.008327065121471319
0.4,0.15,0.05,0.05,0.2,0.15,-0.1270562327456972,0.008346475707562782
0.55,0.05,0.2,0.05,0.05,0.1,-0.1270408707933665,0.008354392021496293
0.25,0.15,0.4,0.05,0.05,0.1,-0.12698181262107308,0.008384888212120864
0.35,0.25,0.1,0.1,0.15,0.05,-0.12696337827827628,0.008394427552761303
0.3,0.1,0.25,0.15,0.15,0.05,-0.1269524542232856,0.008400085058798025
0.25,0.15,0.35,0.1,0.05,0.1,-0.12694306636352798,0.008404949692960599
0.35,0.2,0.2,0.1,0.05,0.1,-0.12693094749002268,0.008411233206168198
0.4,0.05,0.1,0.15,0.25,0.05,-0.1268121483919989,0.008473051370830646
0.2,0.45,0.05,0.05,0.15,0.1,-0.1267488230107247,0.008506168442072456
0.2,0.15,0.25,0.15,0.2,0.05,-0.1266737201326637,0.00854559422061671
0.3,0.15,0.3,0.1,0.05,0.1,-0.1266218308714579,0.008572928867688312
0.2,0.2,0.25,0.05,0.15,0.15,-0.12660186033342805,0.008583469850756609
0.25,0.15,0.05,0.1,0.3,0.15,-0.126585474250942,0.008592127484354681
0.35,0.2,0.15,0.05,0.1,0.15,-0.12657625707954362,0.008597000821020231
0.25,0.05,0.1,0.15,0.35,0.1,-0.12657403813087362,0.008598174399373382
0.5,0.05,0.05,0.1,0.2,0.1,-0.12654109527754231,0.008615614318746004
0.25,0.15,0.1,0.15,0.3,0.05,-0.1264960335507057,0.008639520987527608
0.25,0.45,0.1,0.1,0.05,0.05,-0.1264550683444906,0.008661305577174488
0.2,0.45,0.15,0.1,0.05,0.05,-0.12645080113550985,0.00866357761641362
0.45,0.3,0.05,0.1,0.05,0.05,-0.1264480701217622,0.008665032000090986
0.3,0.2,0.05,0.1,0.25,0.1,-0.12640727560390633,0.0086867827552143
0.25,0.1,0.1,0.1,0.25,0.2,-0.1263874757542357,0.008697357123970852
0.4,0.05,0.25,0.1,0.1,0.1,-0.12637285627760989,0.008705172202090798
0.65,0.1,0.05,0.05,0.1,0.05,-0.12637160173682735,0.008705843128454996
0.45,0.2,0.1,0.05,0.1,0.1,-0.12636921209979815,0.008707121229839068
0.5,0.1,0.1,0.05,0.1,0.15,-0.12636204318871047,0.00871095653664576
0.35,0.15,0.3,0.1,0.05,0.05,-0.1263569225379336,0.008713696962522348
0.35,0.25,0.15,0.1,0.1,0.05,-0.12630691084867934,0.008740502181263422
0.2,0.25,0.2,0.05,0.15,0.15,-0.1263055453418055,0.008741235093023323
0.2,0.15,0.4,0.1,0.05,0.1,-0.12627652832073646,0.008756822410568936
0.25,0.45,0.05,0.1,0.1,0.05,-0.12621695808336533,0.008788899837078234
0.35,0.35,0.15,0.05,0.05,0.05,-0.12621610464156918,0.008789360158225044
0.2,0.3,0.3,0.05,0.05,0.1,-0.12614151382858588,0.008829675244644288
0.35,0.1,0.05,0.15,0.3,0.05,-0.12607801775895247,0.00886412343481436
0.25,0.2,0.2,0.05,0.1,0.2,-0.12604029563156272,0.008884645225044325
0.4,0.1,0.1,0.05,0.15,0.2,-0.12603585773422277,0.008887062331511895
0.2,0.2,0.2,0.05,0.15,0.2,-0.1260148630660375,0.008898505040556311
0.2,0.15,0.45,0.05,0.05,0.1,-0.12600769415494986,0.008902415309469223
0.3,0.15,0.35,0.05,0.05,0.1,-0.12599109081698576,0.008911477442045387
0.25,0.3,0.05,0.05,0.2,0.15,-0.12598038401747316,0.00891732558658366
0.3,0.15,0.15,0.05,0.15,0.2,-0.12596963065084169,0.008923202604379305
0.4,0.3,0.05,0.1,0.1,0.05,-0.12596212036303558,0.008927309232583749
0.4,0.2,0.1,0.1,0.15,0.05,-0.1259288361329858,0.008945529315457177
0.25,0.15,0.05,0.15,0.35,0.05,-0.12582215590846732,0.00900415024404317
0.25,0.05,0.35,0.15,0.15,0.05,-0.1258195955830789,0.009005561336957974
0.3,0.1,0.25,0.1,0.1,0.15,-0.1257410789378333,0.009048930509997432
0.5,0.05,0.25,0.05,0.05,0.1,-0.12565880714868463,0.009094573137648632
0.4,0.15,0.2,0.1,0.05,0.1,-0.1255478597151854,0.009156448690730857
0.4,0.15,0.05,0.1,0.2,0.1,-0.12552089095442712,0.009171545666479987
0.2,0.15,0.4,0.05,0.05,0.15,-0.12548811878945504,0.009189921154366612
0.3,0.1,0.1,0.05,0.2,0.25,-0.1254394726070746,0.00921725764638539
0.4,0.25,0.1,0.1,0.1,0.05,-0.12542462271982163,0.00922561686534067
0.35,0.3,0.15,0.05,0.05,0.1,-0.1254024332331218,0.00923812021623487
0.25,0.2,0.2,0.15,0.15,0.05,-0.12539594707547108,0.009241777887037277
0.4,0.15,0.1,0.1,0.15,0.1,-0.1253338165127115,0.009276879828079728
0.2,0.35,0.1,0.05,0.15,0.15,-0.12532442865295387,0.009282193989900015
0.25,0.1,0.05,0.2,0.35,0.05,-0.12522338114428996,0.009339565293900702
0.45,0.2,0.15,0.05,0.05,0.1,-0.1252023864761047,0.009351524824928853
0.45,0.1,0.1,0.1,0.15,0.1,-0.12520033821579396,0.009352692337066896
0.5,0.2,0.1,0.05,0.05,0.1,-0.1251902676025994,0.009358434490110097
0.2,0.6,0.05,0.05,0.05,0.05,-0.12514554725248125,0.009383971421084976
0.2,0.05,0.5,0.15,0.05,0.05,-0.12513462319749058,0.009390218856365573
0.3,0.2,0.2,0.05,0.1,0.15,-0.12511038545047998,0.009404093557518475
0.45,0.25,0.1,0.05,0.05,0.1,-0.12509075628916858,0.009415343463354348
0.6,0.1,0.1,0.1,0.05,0.05,-0.12504825488772042,0.00943974295595292
0.3,0.1,0.1,0.15,0.3,0.05,-0.12503869633960357,0.0094452381269609
0.4,0.4,0.05,0.05,0.05,0.05,-0.12502760159625365,0.009451620015670141
0.5,0.25,0.05,0.05,0.05,0.1,-0.12502657746609824,0.009452209306259972
0.35,0.1,0.1,0.15,0.25,0.05,-0.12497588302340708,0.009481420036247818
0.25,0.2,0.2,0.05,0.15,0.15,-0.12495386422506646,0.009494132496085763
0.35,0.4,0.1,0.05,0.05,0.05,-0.12494259879335731,0.009500642400929333
0.35,0.1,0.15,0.05,0.15,0.2,-0.1248536701581987,0.009552170601104727
0.25,0.15,0.15,0.1,0.2,0.15,-0.12468434730584296,0.00965096885448574
0.2,0.5,0.1,0.05,0.05,0.1,-0.12461317026004423,0.00969277025869242
0.2,0.1,0.1,0.2,0.35,0.05,-0.1244694506615729,0.009777665525139655
0.6,0.1,0.05,0.1,0.1,0.05,-0.12442234067442555,0.009805636775686499
0.45,0.2,0.1,0.1,0.1,0.05,-0.1243955426020265,0.009821579643881414
0.4,0.05,0.05,0.1,0.25,0.15,-0.12422485424279692,0.009923667856937551
0.25,0.3,0.25,0.05,0.05,0.1,-0.12411373612093847,0.00999063246886792
0.2,0.15,0.1,0.1,0.3,0.15,-0.12404938660950894,0.01002959540127653
0.4,0.35,0.05,0.1,0.05,0.05,-0.12404375389365435,0.010033012360143234
0.45,0.05,0.1,0.1,0.2,0.1,-0.12400005767369157,0.010059554790738902
0.2,0.25,0.25,0.05,0.1,0.15,-0.1239788923171471,0.010072433667883258
0.25,0.35,0.15,0.1,0.1,0.05,-0.12396062866270954,0.010083558650641826
0.35,0.25,0.2,0.05,0.05,0.1,-0.12394338913842735,0.010094069804867186
0.35,0.05,0.4,0.05,0.05,0.1,-0.12393758573421355,0.010097610399963167
0.25,0.1,0.15,0.1,0.2,0.2,-0.12384763296889956,0.01015263071504896
0.45,0.3,0.05,0.05,0.05,0.1,-0.12377253009083855,0.010198771555408461
0.3,0.05,0.25,0.1,0.15,0.15,-0.12374999922742023,0.010212650035522273
0.5,0.15,0.15,0.1,0.05,0.05,-0.12371688568572971,0.01023307760100415
0.3,0.15,0.3,0.05,0.05,0.15,-0.12370365989256084,0.010241246645382757
0.2,0.25,0.3,0.15,0.05,0.05,-0.12365373099281476,0.010272137895991719
0.25,0.1,0.45,0.05,0.05,0.1,-0.1236395638589987,0.010280918208964011
0.35,0.05,0.3,0.05,0.1,0.15,-0.12358289532373448,0.01031610606352625
0.35,0.05,0.1,0.1,0.25,0.15,-0.12356838681319997,0.010325132158275335
0.2,0.05,0.2,0.15,0.3,0.1,-0.1232995526474134,0.010493652342877241
0.5,0.15,0.05,0.05,0.15,0.1,-0.12323929965660534,0.010531755081458644
0.3,0.05,0.2,0.15,0.25,0.05,-0.12318945865571031,0.01056336612018345
0.3,0.25,0.05,0.05,0.2,0.15,-0.123146103812466,0.010590931755657774
0.4,0.15,0.1,0.05,0.15,0.15,-0.12313791077122296,0.010596148166030378
0.25,0.05,0.15,0.05,0.25,0.25,-0.12302628058428683,0.010667448965236729
0.45,0.25,0.05,0.1,0.1,0.05,-0.12301177207375232,0.010676747037699212
0.35,0.15,0.2,0.15,0.1,0.05,-0.12300255490235391,0.010682657778089176
0.2,0.1,0.05,0.15,0.4,0.1,-0.12297661027175104,0.010699310987846213
0.3,0.05,0.1,0.1,0.3,0.15,-0.12292489169890447,0.010732576490277099
0.4,0.05,0.05,0.05,0.25,0.2,-0.12291908829469066,0.010736314965022701
0.6,0.1,0.1,0.05,0.05,0.1,-0.12291516246242838,0.010738844587398657
0.2,0.05,0.45,0.05,0.1,0.15,-0.12285490947162032,0.010777735089827175
0.2,0.15,0.05,0.05,0.35,0.2,-0.1228547387832611,0.010777845438216353
0.3,0.2,0.2,0.1,0.1,0.1,-0.1228079701728322,0.01080811863090268
0.4,0.05,0.1,0.05,0.2,0.2,-0.12274771718202417,0.010847231242138497
0.35,0.15,0.25,0.05,0.05,0.15,-0.12274669305186878,0.010847897127883754
0.2,0.15,0.35,0.15,0.05,0.1,-0.12267739357802157,0.010893039596591185
0.25,0.15,0.1,0.1,0.25,0.15,-0.122638305943758,0.010918575045078672
0.25,0.1,0.2,0.1,0.15,0.2,-0.12262960083743728,0.010924269191444555
0.4,0.1,0.35,0.05,0.05,0.05,-0.12258385635716376,0.010954234612069723
0.25,0.3,0.1,0.05,0.15,0.15,-0.12246710551945074,0.011031043705776187
0.4,0.25,0.15,0.05,0.05,0.1,-0.12239985430591428,0.01107550364364293
0.2,0.1,0.05,0.2,0.4,0.05,-0.12236639938750528,0.011097679797828561
0.55,0.15,0.05,0.05,0.1,0.1,-0.12219127313093572,0.011214407781243415
0.25,0.25,0.1,0.05,0.15,0.2,-0.12218717661031422,0.011217151217094965
0.2,0.15,0.15,0.1,0.25,0.15,-0.12214552865066221,0.011245076546642804
0.35,0.15,0.25,0.1,0.05,0.1,-0.12214143213004071,0.011247826620691449
0.45,0.1,0.15,0.05,0.1,0.15,-0.12210883065342784,0.011269733849794874
0.25,0.2,0.15,0.05,0.15,0.2,-0.12209568764976717,0.011278576232879877
0.2,0.1,0.1,0.1,0.3,0.2,-0.12209398076617486,0.011279725044598666
0.2,0.2,0.25,0.15,0.15,0.05,-0.12206735338213506,0.011297659918426926
0.4,0.1,0.2,0.15,0.1,0.05,-0.12199276256915173,0.01134803496685047
0.35,0.1,0.4,0.05,0.05,0.05,-0.12197979025385028,0.01135681610083349
0.2,0.5,0.1,0.1,0.05,0.05,-0.12194821290739281,0.011378216359985859
0.2,0.2,0.05,0.1,0.35,0.1,-0.12191475798898381,0.011400927977588534
0.2,0.25,0.05,0.1,0.3,0.1,-0.12187328071769103,0.01142914142086193
0.5,0.15,0.1,0.1,0.1,0.05,-0.12186986695050644,0.011431466263215862
0.2,0.15,0.15,0.15,0.25,0.1,-0.12180637088087302,0.011474784643369245
0.35,0.25,0.1,0.05,0.1,0.15,-0.12180346917876611,0.011476767711031179
0.6,0.05,0.05,0.1,0.15,0.05,-0.12180125023009614,0.011478284379048371
0.3,0.2,0.15,0.05,0.1,0.2,-0.12179920196978539,0.011479684537627793
0.2,0.05,0.2,0.05,0.25,0.25,-0.12174919028053112,0.011513918647262512
0.5,0.05,0.1,0.1,0.15,0.1,-0.12169934927963609,0.011548125708616862
0.25,0.25,0.1,0.1,0.2,0.1,-0.1216740874024701,0.011565497827736157
0.2,0.2,0.15,0.15,0.25,0.05,-0.12162680672696351,0.011598073969613005
0.25,0.5,0.05,0.1,0.05,0.05,-0.12156177446209704,0.011643013393702792
0.2,0.1,0.1,0.15,0.35,0.1,-0.12154965558859174,0.011651404928176172
0.2,0.05,0.15,0.05,0.3,0.25,-0.12150203353636668,0.011684431923905787
0.25,0.1,0.05,0.05,0.3,0.25,-0.12147301651529768,0.011704596451678451
0.35,0.2,0.05,0.05,0.2,0.15,-0.12145116840531628,0.011719799449052585
0.4,0.3,0.1,0.05,0.05,0.1,-0.12145116840531628,0.011719799449052585
0.25,0.2,0.1,0.05,0.2,0.2,-0.12144724257305399,0.011722533086902744
0.25,0.05,0.3,0.1,0.15,0.15,-0.12143427025775255,0.01173156998575425
0.2,0.35,0.05,0.05,0.2,0.15,-0.12137572415053681,0.011772431590132823
0.25,0.15,0.25,0.1,0.1,0.15,-0.12134039166017628,0.011797152327169977
0.2,0.1,0.2,0.05,0.2,0.25,-0.1213272486565156,0.011806359663822255
0.2,0.1,0.3,0.15,0.15,0.1,-0.12124258723033773,0.011865821619546264
0.35,0.4,0.05,0.1,0.05,0.05,-0.1211910393458504,0.011902155754493214
0.5,0.1,0.1,0.1,0.1,0.1,-0.12117874978398586,0.011910832695956887
0.4,0.1,0.15,0.15,0.15,0.05,-0.12101898547974699,0.012024142596941297
0.25,0.15,0.2,0.1,0.15,0.15,-0.12098757882164875,0.01204652884661401
0.2,0.2,0.1,0.05,0.25,0.2,-0.12093261716997682,0.012085793377585015
0.3,0.15,0.2,0.15,0.15,0.05,-0.12087577794635336,0.012126518091317122
0.3,0.05,0.35,0.05,0.1,0.15,-0.12085102813426508,0.012144288916120271
0.35,0.15,0.1,0.15,0.2,0.05,-0.12083395929834213,0.012156558052937992
0.4,0.2,0.1,0.05,0.1,0.15,-0.12077558387948562,0.012198601271777932
0.25,0.2,0.2,0.1,0.15,0.1,-0.12077541319112638,0.012198724393185421
0.3,0.15,0.05,0.05,0.25,0.2,-0.12071123436805604,0.012245095884254823
0.25,0.05,0.1,0.05,0.3,0.25,-0.12069501897392924,0.012256836685608428
0.5,0.1,0.15,0.1,0.05,0.1,-0.12069331209033696,0.01225807313739988
0.2,0.15,0.3,0.1,0.1,0.15,-0.12066344162747177,0.012279728876725795
0.3,0.25,0.1,0.05,0.15,0.15,-0.12063766768522811,0.012298441823652428
0.3,0.1,0.1,0.15,0.25,0.1,-0.12062008678422746,0.01231122072222726
0.2,0.2,0.2,0.1,0.2,0.1,-0.12061291787313982,0.012316434898611301
0.4,0.05,0.1,0.1,0.2,0.15,-0.12057400092723547,0.012344774457263447
0.35,0.1,0.1,0.1,0.2,0.15,-0.12051886858720431,0.012385020691740696
0.35,0.3,0.05,0.05,0.1,0.15,-0.12048780330582454,0.012407749110745419
0.25,0.25,0.25,0.15,0.05,0.05,-0.12048080508309614,0.012412874326754753
0.25,0.1,0.15,0.15,0.25,0.1,-0.12046211926329481,0.012426568223256468
0.25,0.2,0.05,0.1,0.3,0.1,-0.1204459846578133,0.012438403187831843
0.25,0.25,0.15,0.05,0.15,0.15,-0.12044359502078408,0.012440156866337048
0.2,0.1,0.15,0.1,0.25,0.2,-0.12037549036545149,0.012490228515735268
0.3,0.05,0.4,0.15,0.05,0.05,-0.12035910428296545,0.012502302339284906
0.2,0.3,0.15,0.1,0.15,0.1,-0.1202942427064582,0.012550195681491788
0.25,0.25,0.25,0.05,0.05,0.15,-0.12027290666155449,0.012565985413944618
0.2,0.4,0.05,0.1,0.2,0.05,-0.12017527292007518,0.012638463047002179
0.2,0.25,0.3,0.05,0.05,0.15,-0.12014147662494773,0.012663637237405129
0.35,0.45,0.05,0.05,0.05,0.05,-0.12000202423545714,0.012767980955053295
0.3,0.3,0.05,0.05,0.15,0.15,-0.11995627975518362,0.012802373524171198
0.2,0.1,0.25,0.15,0.2,0.1,-0.11990797494952166,0.012838779704889098
0.35,0.2,0.1,0.05,0.15,0.15,-0.11982706866724684,0.012899961359677924
0.35,0.05,0.25,0.15,0.15,0.05,-0.11980112403664395,0.01291963514914742
0.3,0.05,0.05,0.05,0.3,0.25,-0.11972841079561215,0.012974914555407224
0.3,0.1,0.05,0.1,0.25,0.2,-0.11967686291112481,0.01301422943346857
0.4,0.1,0.1,0.15,0.2,0.05,-0.119648016578415,0.013036275931596427
0.25,0.05,0.45,0.15,0.05,0.05,-0.11963650643746443,0.013045082014931311
0.2,0.1,0.35,0.05,0.1,0.2,-0.11960534448860762,0.013068949457162055
0.35,0.05,0.2,0.05,0.15,0.2,-0.11959937039603458,0.013073529505282195
0.35,0.1,0.2,0.15,0.15,0.05,-0.11927659870873145,0.013323095296642906
0.3,0.05,0.1,0.15,0.3,0.1,-0.11903797638252848,0.013510285686372544
0.35,0.05,0.05,0.1,0.3,0.15,-0.1189468287986999,0.013582396491710181
0.3,0.3,0.2,0.05,0.05,0.1,-0.11887257936243503,0.013641388652865532
0.2,0.35,0.15,0.05,0.1,0.15,-0.11880874191608318,0.013692288541812024
0.2,0.15,0.3,0.15,0.1,0.1,-0.11878791793625718,0.013708928368133259
0.2,0.25,0.15,0.1,0.2,0.1,-0.11877033703525652,0.013722990599236866
0.25,0.15,0.05,0.05,0.3,0.2,-0.11869096694821477,0.013786633574652374
0.2,0.2,0.05,0.05,0.3,0.2,-0.11860442795008537,0.01385632079195214
0.2,0.25,0.1,0.1,0.25,0.1,-0.11857797125440478,0.01387768733067366
0.5,0.05,0.25,0.1,0.05,0.05,-0.11856397480894797,0.013889002638684662
0.3,0.3,0.05,0.1,0.15,0.1,-0.1185359819180343,0.013911657608019755
0.35,0.2,0.15,0.1,0.1,0.1,-0.11851959583554826,0.013924934132855182
0.25,0.35,0.05,0.1,0.15,0.1,-0.11850372181813991,0.013937806394359528
0.65,0.05,0.1,0.1,0.05,0.05,-0.11846019628653638,0.013973155019944597
0.25,0.3,0.15,0.05,0.1,0.15,-0.11842469310781663,0.014002046780661448
0.6,0.05,0.15,0.1,0.05,0.05,-0.11839413989151454,0.014026952416332335
0.3,0.2,0.15,0.1,0.15,0.1,-0.11838304514816461,0.014036006000800696
0.5,0.1,0.05,0.1,0.15,0.1,-0.11835317468529942,0.014060406586304612
0.2,0.2,0.3,0.05,0.05,0.2,-0.11834139718851258,0.014070037638295226
0.3,0.2,0.1,0.15,0.2,0.05,-0.11833439896578418,0.014075763184868816
0.2,0.15,0.1,0.15,0.3,0.1,-0.11827482872841305,0.014124583166840418
0.25,0.2,0.15,0.1,0.2,0.1,-0.11825366337186857,0.014141964764172343
0.3,0.1,0.15,0.1,0.15,0.2,-0.11823847210789716,0.014154451857256545
0.25,0.15,0.3,0.15,0.05,0.1,-0.11815159173304929,0.014226053252398157
0.45,0.1,0.05,0.1,0.2,0.1,-0.11813247463681559,0.014241851049304326
0.25,0.2,0.25,0.15,0.1,0.05,-0.11811847819135875,0.014253427071034197
0.3,0.15,0.05,0.15,0.3,0.05,-0.11810345761574656,0.014265859319886331
0.35,0.3,0.15,0.1,0.05,0.05,-0.11808707153326052,0.01427943264437653
0.4,0.1,0.05,0.05,0.2,0.2,-0.11806590617671606,0.0142969816569334
0.2,0.15,0.25,0.1,0.15,0.15,-0.11803671846728779,0.014321213409684161
0.2,0.05,0.25,0.15,0.25,0.1,-0.11802767198424861,0.014328731160957757
0.2,0.2,0.35,0.15,0.05,0.05,-0.11793174512636159,0.014408661349441562
0.3,0.15,0.15,0.1,0.15,0.15,-0.11792679516394393,0.014412796472079655
0.2,0.1,0.5,0.05,0.05,0.1,-0.11776976187345273,0.01454452218204401
0.35,0.15,0.15,0.15,0.15,0.05,-0.11774603619151983,0.014564515924675687
0.2,0.25,0.1,0.05,0.2,0.2,-0.11772248119794614,0.014584389710616612
0.2,0.2,0.05,0.15,0.35,0.05,-0.11767759015946876,0.014622331091721128
0.25,0.1,0.15,0.05,0.2,0.25,-0.11763833183684595,0.014655582811115933
0.2,0.05,0.1,0.1,0.35,0.2,-0.11760538898351465,0.014683536575447093
0.25,0.05,0.4,0.15,0.1,0.05,-0.11755486522918268,0.014726499664116866
0.2,0.25,0.2,0.1,0.15,0.1,-0.1175220930642106,0.014754426612098198
0.25,0.35,0.05,0.05,0.15,0.15,-0.11749563636853003,0.014777005723972676
0.25,0.3,0.05,0.1,0.2,0.1,-0.11747054517972329,0.014798447492471849
0.2,0.15,0.25,0.2,0.15,0.05,-0.11746047456652872,0.014807061052940633
0.2,0.1,0.4,0.15,0.05,0.1,-0.11742360588093514,0.014838633018889729
0.25,0.2,0.1,0.15,0.25,0.05,-0.11739254059955535,0.014865281194927754
0.65,0.05,0.05,0.1,0.1,0.05,-0.11735652535575791,0.01489622809778515
0.25,0.25,0.25,0.1,0.05,0.1,-0.11735345296529179,0.01489887073462754
0.3,0.15,0.2,0.05,0.1,0.2,-0.11732938590664042,0.014919585634302839
0.25,0.05,0.5,0.05,0.05,0.1,-0.11723772625773413,0.01499871026461165
0.2,0.15,0.1,0.05,0.3,0.2,-0.11717918015051838,0.015049442400470906
0.25,0.15,0.1,0.1,0.2,0.2,-0.11711227031370039,0.015107606356424207
0.4,0.05,0.15,0.05,0.15,0.2,-0.1171001514401951,0.015118162230857034
0.2,0.1,0.35,0.15,0.1,0.1,-0.11707796195349524,0.015137506664977114
0.35,0.15,0.05,0.15,0.25,0.05,-0.11705850348054307,0.015154488118250016
0.25,0.25,0.2,0.05,0.1,0.15,-0.11698271784904514,0.015220785858349543
0.2,0.05,0.55,0.05,0.05,0.1,-0.11695848010203454,0.01524204283242393
0.35,0.2,0.05,0.1,0.2,0.1,-0.1169408992010339,0.015257477917906796
0.25,0.3,0.1,0.1,0.15,0.1,-0.11693970438251929,0.015258527401791127
0.2,0.15,0.25,0.15,0.15,0.1,-0.11693321822486856,0.015264225705229185
0.2,0.3,0.1,0.1,0.2,0.1,-0.11688559617264352,0.01530612045542987
0.3,0.05,0.35,0.15,0.1,0.05,-0.11683336553471925,0.015352185494498134
0.4,0.3,0.1,0.1,0.05,0.05,-0.11681373637340786,0.01536952893311135
0.2,0.5,0.05,0.05,0.1,0.1,-0.11681339499668938,0.015369830710114179
0.3,0.2,0.25,0.15,0.05,0.05,-0.11669647347061714,0.015473495567479524
0.45,0.15,0.1,0.05,0.1,0.15,-0.11666557887759657,0.015500989513932239
0.25,0.4,0.05,0.1,0.1,0.1,-0.11655224180706815,0.015602218478406184
0.2,0.5,0.05,0.05,0.05,0.15,-0.11654780390972817,0.015606194028039486
0.3,0.05,0.3,0.15,0.15,0.05,-0.11645972871636572,0.01568527732712665
0.25,0.1,0.3,0.15,0.1,0.1,-0.11621871675313356,0.015903482218013746
0.3,0.05,0.05,0.15,0.35,0.1,-0.11620728063306517,0.015913901912233745
0.35,0.35,0.1,0.1,0.05,0.05,-0.1160891642884783,0.016021870685834508
0.2,0.4,0.1,0.05,0.1,0.15,-0.1160886522234006,0.016022340152186596
0.25,0.5,0.05,0.05,0.05,0.1,-0.11608267813082757,0.01602781815013775
0.3,0.15,0.1,0.1,0.15,0.2,-0.11606134208592386,0.0160473958247943
0.35,0.05,0.3,0.15,0.1,0.05,-0.11592462071018098,0.016173347504128143
0.25,0.1,0.25,0.15,0.15,0.1,-0.11591437940862721,0.016182816847873413
0.3,0.25,0.05,0.1,0.2,0.1,-0.11572713427855236,0.016356805984101726
0.25,0.2,0.3,0.15,0.05,0.05,-0.11568599838397803,0.016395248356826195
0.2,0.1,0.25,0.15,0.15,0.15,-0.11567882947289039,0.01640195594449423
0.45,0.05,0.05,0.15,0.25,0.05,-0.11560987137576163,0.016466599340701233
0.35,0.1,0.05,0.1,0.25,0.15,-0.11558034228961493,0.016494348919023856
0.3,0.15,0.1,0.15,0.25,0.05,-0.11556924754626499,0.016504785634682977
0.2,0.05,0.35,0.15,0.2,0.05,-0.11555354421721586,0.016519567481326363
0.55,0.05,0.2,0.1,0.05,0.05,-0.11548765851055325,0.016581713333948905
0.2,0.05,0.35,0.05,0.15,0.2,-0.11538831788548165,0.016675801910991262
0.25,0.1,0.3,0.05,0.1,0.2,-0.11536339738503414,0.01669947805155107
0.25,0.2,0.1,0.1,0.25,0.1,-0.11534428028880041,0.016717660500057296
0.4,0.05,0.35,0.05,0.05,0.1,-0.11533625793591662,0.016725295792524568
0.45,0.2,0.15,0.1,0.05,0.05,-0.11524050176638884,0.016816667754937894
0.2,0.25,0.25,0.1,0.1,0.1,-0.11517051953910469,0.01688372172442897
0.2,0.3,0.2,0.05,0.1,0.15,-0.11514867142912333,0.016904703490681256
0.2,0.55,0.05,0.05,0.05,0.1,-0.11510838897634514,0.016943448412348513
0.3,0.05,0.45,0.05,0.05,0.1,-0.11493633511024172,0.017109810744084977
0.4,0.2,0.05,0.05,0.15,0.15,-0.11493172652454252,0.017114286447579036
0.2,0.1,0.25,0.1,0.15,0.2,-0.11490373363362887,0.017141494198987216
0.2,0.4,0.05,0.05,0.15,0.15,-0.11486942527342373,0.017174891850884857
0.2,0.4,0.15,0.05,0.05,0.15,-0.11480763608738262,0.017235184346798996
0.2,0.45,0.05,0.15,0.1,0.05,-0.11477896044303205,0.017263228189881547
0.2,0.2,0.25,0.1,0.1,0.15,-0.1147676950113229,0.017274256320804714
0.2,0.15,0.3,0.2,0.1,0.05,-0.11460468762825864,0.017434520530302988
0.2,0.05,0.45,0.15,0.1,0.05,-0.1145824981415588,0.0174564367525949
0.3,0.1,0.15,0.15,0.2,0.1,-0.11457737749078192,0.01746149775934135
0.3,0.1,0.1,0.1,0.2,0.2,-0.11455740695275206,0.01748124793696078
0.35,0.1,0.2,0.1,0.1,0.15,-0.11454392257237292,0.017494594562389776
0.2,0.25,0.2,0.15,0.15,0.05,-0.11452036757879924,0.017517930279608164
0.3,0.2,0.25,0.05,0.05,0.15,-0.11445264701542136,0.017585171961543824
0.55,0.15,0.1,0.05,0.05,0.1,-0.11444355781714594,0.017594214024759233
0.2,0.1,0.05,0.05,0.35,0.25,-0.11442239246060146,0.017615285361976485
0.6,0.1,0.05,0.05,0.1,0.1,-0.11438603584008555,0.01765153193493078
0.35,0.2,0.2,0.05,0.05,0.15,-0.11415458242497024,0.017883815773956768
0.2,0.45,0.05,0.1,0.1,0.1,-0.11415116865778567,0.01788726166520301
0.35,0.15,0.05,0.05,0.2,0.2,-0.11414348768162033,0.017895017039936532
0.4,0.1,0.1,0.1,0.15,0.15,-0.1141260774689789,0.017912606758013
0.35,0.2,0.05,0.15,0.2,0.05,-0.11410030352673524,0.01793867414976585
0.2,0.45,0.1,0.05,0.05,0.15,-0.11399601293924597,0.018044490524247003
0.25,0.1,0.1,0.05,0.25,0.25,-0.11397416482926459,0.018066727165079777
0.4,0.1,0.05,0.15,0.25,0.05,-0.11395231671928321,0.018088987717640514
0.2,0.1,0.15,0.05,0.25,0.25,-0.11389786713268897,0.018144569379458412
0.35,0.25,0.05,0.1,0.15,0.1,-0.11383146936094866,0.018212549269203585
0.2,0.5,0.05,0.1,0.05,0.1,-0.11380620748378267,0.018238471380320358
0.2,0.25,0.15,0.05,0.15,0.2,-0.11379306448012201,0.018251970610082605
0.25,0.1,0.1,0.15,0.3,0.1,-0.11377087499342217,0.01827478130011521
0.45,0.15,0.05,0.05,0.15,0.15,-0.11373503043798396,0.018311681876867627
0.25,0.15,0.15,0.1,0.15,0.2,-0.11366538958741827,0.01838356028042931
0.3,0.2,0.2,0.15,0.1,0.05,-0.11347012210445966,0.018586415656898402
0.25,0.35,0.1,0.05,0.1,0.15,-0.11344998087807055,0.018607450177038878
0.3,0.15,0.25,0.15,0.1,0.05,-0.11341003980201084,0.018649224097668195
0.3,0.3,0.05,0.15,0.15,0.05,-0.11340491915123393,0.018654585637259725
0.25,0.45,0.05,0.1,0.05,0.1,-0.11339860368194245,0.018661200053485906
0.25,0.2,0.05,0.05,0.25,0.2,-0.11337624350688338,0.018684635100032924
0.4,0.1,0.15,0.1,0.1,0.15,-0.11335455930096706,0.018707386183770845
0.45,0.05,0.2,0.1,0.1,0.1,-0.11333579036574597,0.018727098057409557
0.2,0.35,0.05,0.1,0.2,0.1,-0.11330131131718159,0.01876335649405585
0.45,0.15,0.1,0.1,0.1,0.1,-0.1133007992521039,0.018763895446510585
0.4,0.05,0.25,0.15,0.1,0.05,-0.11323986350785895,0.01882812721181229
0.3,0.25,0.15,0.1,0.1,0.1,-0.11320077587359538,0.01886942991507879
0.2,0.05,0.4,0.15,0.1,0.1,-0.11318729149321623,0.018883696753106027
0.3,0.3,0.1,0.05,0.1,0.15,-0.11317158816416711,0.018900323146011873
0.35,0.05,0.2,0.15,0.2,0.05,-0.11312584368389357,0.01894882928020083
0.35,0.15,0.15,0.1,0.1,0.15,-0.11310433695063066,0.018971671866906754
0.4,0.15,0.2,0.05,0.05,0.15,-0.11307378373432857,0.019004164096868895
0.5,0.2,0.1,0.1,0.05,0.05,-0.11299868085626753,0.019084239415692678
0.4,0.05,0.3,0.15,0.05,0.05,-0.11297597930449,0.01910850178161528
0.2,0.4,0.05,0.1,0.15,0.1,-0.11277934631465754,0.019319780746821613
0.2,0.3,0.25,0.05,0.05,0.15,-0.11277081189669606,0.019328996723678573
0.3,0.35,0.05,0.1,0.1,0.1,-0.11276500849248226,0.019335265774407553
0.3,0.25,0.15,0.05,0.1,0.15,-0.11272233640267486,0.019381416131958457
0.3,0.2,0.1,0.1,0.2,0.1,-0.11242568003433386,0.01970491263125238
0.2,0.25,0.2,0.05,0.1,0.2,-0.1124022957291194,0.01973061128949487
0.25,0.25,0.15,0.1,0.15,0.1,-0.11239324924608023,0.019740560927227712
0.2,0.05,0.25,0.05,0.2,0.25,-0.1123659391086035,0.01977062405902332
0.2,0.05,0.05,0.1,0.4,0.2,-0.11233521520394217,0.019804492693499758
0.2,0.35,0.1,0.1,0.15,0.1,-0.1122915189839794,0.019852748366899695
0.45,0.1,0.05,0.15,0.2,0.05,-0.1122776932268818,0.01986803805252377
0.45,0.15,0.15,0.05,0.05,0.15,-0.11212560989880824,0.020036901887035646
0.3,0.2,0.05,0.15,0.25,0.05,-0.11209591012430231,0.020070023955298635
0.25,0.1,0.05,0.15,0.35,0.1,-0.11208123092540856,0.020086412209183772
0.2,0.35,0.1,0.05,0.1,0.2,-0.11199400917384224,0.02018402914307657
0.3,0.2,0.15,0.15,0.15,0.05,-0.11198325580721079,0.02019609262415994
0.2,0.15,0.2,0.15,0.2,0.1,-0.11196840591995781,0.02021276202321983
0.25,0.1,0.2,0.15,0.2,0.1,-0.11186889460652696,0.020324775142418143
0.25,0.4,0.05,0.05,0.1,0.15,-0.11183697588335104,0.02036081799703154
0.2,0.15,0.15,0.1,0.2,0.2,-0.11183305005108876,0.020365254910145816
0.35,0.2,0.1,0.1,0.15,0.1,-0.11180693473212662,0.02039479142434842
0.2,0.4,0.1,0.1,0.1,0.1,-0.11169325628487972,0.02052379635361354
0.2,0.05,0.15,0.1,0.3,0.2,-0.11168420980184056,0.020534092906348566
0.3,0.15,0.05,0.1,0.25,0.15,-0.11168250291824827,0.02053603615545835
0.2,0.15,0.05,0.2,0.35,0.05,-0.11163146709883862,0.0205942131748704
0.2,0.45,0.05,0.05,0.1,0.15,-0.1115314437203301,0.020708647827531224
0.25,0.4,0.1,0.05,0.05,0.15,-0.1115188127817471,0.020723137830595418
0.2,0.15,0.05,0.05,0.3,0.25,-0.11147136141788128,0.020777651973644753
0.2,0.35,0.2,0.05,0.05,0.15,-0.11135000199446904,0.020917641882958873
0.25,0.1,0.35,0.15,0.05,0.1,-0.11134675891564369,0.020921394032660107
0.35,0.15,0.1,0.1,0.15,0.15,-0.11122949601285297,0.021057457092212743
0.45,0.1,0.1,0.15,0.15,0.05,-0.1112274477525422,0.021059840550794275
0.2,0.15,0.3,0.15,0.05,0.15,-0.11115336900463658,0.021146199874575475
0.55,0.15,0.05,0.1,0.1,0.05,-0.11109448152070238,0.021215068730587698
0.4,0.25,0.15,0.1,0.05,0.05,-0.11099326332367923,0.021333898282839072
0.2,0.2,0.1,0.15,0.3,0.05,-0.11094598264817264,0.021389603154169993
0.25,0.05,0.4,0.05,0.1,0.15,-0.11094444645293956,0.02139141517483966
0.4,0.15,0.1,0.15,0.15,0.05,-0.11090638294883136,0.02143635558030537
0.2,0.15,0.35,0.1,0.05,0.15,-0.11089443476368531,0.021450479317533622
0.3,0.35,0.05,0.05,0.1,0.15,-0.1108937520102484,0.021451286632053684
0.3,0.25,0.05,0.15,0.2,0.05,-0.11088897273618996,0.021456938571912856
0.2,0.05,0.05,0.05,0.4,0.25,-0.11086251604050937,0.021488249475794995
0.2,0.4,0.1,0.15,0.1,0.05,-0.1108350352146734,0.021520814380543346
0.25,0.15,0.2,0.15,0.15,0.1,-0.11082786630358576,0.021529316611419377
0.25,0.3,0.05,0.15,0.2,0.05,-0.11075071516521398,0.021621001402787263
0.2,0.35,0.1,0.15,0.15,0.05,-0.11073193944569874,0.021643365247628197
0.2,0.45,0.1,0.1,0.05,0.1,-0.11062508853282102,0.021771018245143357
0.35,0.15,0.1,0.05,0.15,0.2,-0.11060170422760658,0.02179904200511249
0.25,0.35,0.15,0.05,0.05,0.15,-0.11054981496640078,0.02186133785505387
0.4,0.05,0.15,0.15,0.2,0.05,-0.11043647789587234,0.02199794212548999
0.4,0.15,0.15,0.15,0.1,0.05,-0.11042743141283319,0.022008877600301447
0.2,0.1,0.15,0.2,0.3,0.05,-0.11042384695728936,0.02201321182764502
0.25,0.15,0.2,0.2,0.15,0.05,-0.1103357717639269,0.022119942685498113
0.55,0.15,0.1,0.1,0.05,0.05,-0.11005993937541189,0.02245710753142121
0.4,0.15,0.05,0.15,0.2,0.05,-0.11002085174114833,0.022505244782430663
0.35,0.2,0.1,0.05,0.1,0.2,-0.10989505442039611,0.02266077403503054
0.55,0.05,0.05,0.1,0.15,0.1,-0.10988157004001699,0.022677500523390744
0.2,0.3,0.05,0.1,0.25,0.1,-0.10985835642316176,0.022706320536287964
0.3,0.15,0.1,0.15,0.2,0.1,-0.1098349721179473,0.022735384521386584
0.2,0.05,0.2,0.2,0.3,0.05,-0.10977625532237234,0.02280850472912697
0.2,0.15,0.15,0.05,0.2,0.25,-0.1096970559236898,0.022907454450627206
0.45,0.15,0.15,0.1,0.05,0.1,-0.1095850843600352,0.02304798282497365
0.3,0.1,0.15,0.15,0.15,0.15,-0.10957073912479863,0.023066040419795264
0.25,0.05,0.35,0.15,0.1,0.1,-0.10949974018042043,0.023155593330471378
0.2,0.1,0.05,0.1,0.35,0.2,-0.10949120576245894,0.02316637825400205
0.25,0.2,0.2,0.1,0.1,0.15,-0.10943521998063163,0.023237235187653815
0.35,0.25,0.05,0.05,0.15,0.15,-0.10942668556267016,0.023248053002951578
0.25,0.15,0.15,0.15,0.2,0.1,-0.10925121792938215,0.023471434942187005
0.2,0.05,0.5,0.05,0.05,0.15,-0.1092001821099725,0.02353675441207022
0.35,0.05,0.2,0.1,0.15,0.15,-0.10919813384966176,0.023539379207070027
0.2,0.15,0.2,0.1,0.15,0.2,-0.10919506145919562,0.02354331687418626
0.3,0.1,0.25,0.15,0.1,0.1,-0.10915375487626205,0.023596311954866906
0.25,0.25,0.05,0.1,0.25,0.1,-0.10911176553989158,0.023650288676024138
0.2,0.15,0.1,0.05,0.25,0.25,-0.1091032311219301,0.023661272599071522
0.2,0.05,0.15,0.2,0.35,0.05,-0.10907813993312336,0.02369359088161423
0.4,0.05,0.2,0.15,0.15,0.05,-0.10906090040884116,0.023715818072548654
0.2,0.25,0.05,0.05,0.25,0.2,-0.10905885214853042,0.023718460124664737
0.25,0.05,0.2,0.05,0.2,0.25,-0.10903512646659749,0.023749082444487764
0.2,0.2,0.2,0.2,0.15,0.05,-0.10903376095972366,0.02375084591983001
0.25,0.25,0.2,0.1,0.1,0.1,-0.10901618005872302,0.02377356077786878
0.35,0.1,0.1,0.1,0.15,0.2,-0.1088695587581448,0.023963730753152807
0.55,0.2,0.05,0.1,0.05,0.05,-0.10886273122377564,0.023972618107954154
0.2,0.2,0.2,0.1,0.15,0.15,-0.10880913507897753,0.024042482837271166
0.2,0.25,0.05,0.15,0.3,0.05,-0.10880520924671527,0.024047607225942985
0.2,0.5,0.05,0.15,0.05,0.05,-0.10874478556754799,0.024126597378749896
0.25,0.15,0.05,0.05,0.25,0.25,-0.10873881147497494,0.024134419303311828
0.3,0.1,0.25,0.05,0.1,0.2,-0.10868402051166226,0.024206259774942278
0.45,0.2,0.05,0.05,0.1,0.15,-0.10867224301487542,0.024221726219026875
0.5,0.25,0.05,0.1,0.05,0.05,-0.10855856456762852,0.02437145040322569
0.25,0.15,0.25,0.2,0.1,0.05,-0.10850001846041278,0.024448871961470647
0.3,0.1,0.05,0.05,0.25,0.25,-0.10847748759699448,0.024478723391516265
0.25,0.2,0.05,0.15,0.3,0.05,-0.10847066006262528,0.024487775490780583
0.4,0.2,0.15,0.05,0.05,0.15,-0.10846707560708146,0.02449252899987525
0.5,0.15,0.05,0.05,0.1,0.15,-0.10846383252825612,0.0244968304803558
0.35,0.15,0.25,0.15,0.05,0.05,-0.10842389145219637,0.024549860118985366
0.3,0.15,0.2,0.1,0.1,0.15,-0.10839709337979735,0.02458549536764986
0.45,0.1,0.05,0.05,0.15,0.2,-0.108391631352302,0.02459276407929265
0.25,0.05,0.1,0.2,0.35,0.05,-0.10837166081427212,0.02461935610143912
0.25,0.3,0.2,0.05,0.05,0.15,-0.10834383861171772,0.024656444486229258
0.25,0.1,0.05,0.1,0.3,0.2,-0.10833820589586314,0.02466395904574342
0.25,0.05,0.15,0.1,0.25,0.2,-0.10822299125338317,0.02481810032242044
0.3,0.1,0.2,0.1,0.1,0.2,-0.10819636386934334,0.02485384212994498
0.2,0.2,0.25,0.2,0.1,0.05,-0.10818236742388654,0.024872647295828935
0.4,0.15,0.05,0.05,0.15,0.2,-0.10806459245601811,0.025031372834776525
0.45,0.1,0.2,0.05,0.05,0.15,-0.10806271488406659,0.025033910302580963
0.4,0.1,0.25,0.05,0.05,0.15,-0.10806032524703738,0.025037140128024868
0.35,0.35,0.05,0.1,0.05,0.1,-0.10805776492164892,0.025040601054234182
0.2,0.4,0.05,0.15,0.15,0.05,-0.10800928942762772,0.025106205853582485
0.2,0.3,0.15,0.15,0.15,0.05,-0.1079761758859372,0.025151105590948304
0.45,0.05,0.05,0.05,0.2,0.2,-0.10795347433415967,0.025181927375631304
0.25,0.15,0.3,0.2,0.05,0.05,-0.10788741793913782,0.025271797209844658
0.25,0.15,0.15,0.2,0.2,0.05,-0.10788485761374937,0.025275286098176617
0.35,0.3,0.05,0.1,0.1,0.1,-0.1078419595222315,0.02533380402105213
0.25,0.15,0.25,0.15,0.05,0.15,-0.10780770647537762,0.02538061296489881
0.2,0.35,0.15,0.15,0.1,0.05,-0.10779251521140616,0.02540139664407917
0.2,0.2,0.1,0.15,0.25,0.1,-0.1077349932343458,0.025480227440883893
0.4,0.2,0.15,0.1,0.05,0.1,-0.10772236229576282,0.025497565683133574
0.2,0.3,0.05,0.05,0.2,0.2,-0.10772219160740357,0.025497800053343754
0.2,0.3,0.25,0.1,0.05,0.1,-0.10751073316143646,0.025789581355350397
0.4,0.15,0.1,0.1,0.1,0.15,-0.1074671831987146,0.02585002987762618
0.4,0.15,0.2,0.15,0.05,0.05,-0.10741034397509114,0.02592910788168885
0.2,0.3,0.15,0.05,0.1,0.2,-0.10734940823084618,0.026014116616190658
0.5,0.05,0.15,0.1,0.1,0.1,-0.10734565308694313,0.026019363094497046
0.2,0.15,0.35,0.2,0.05,0.05,-0.10734189794304008,0.0260246104843098
0.35,0.1,0.05,0.05,0.2,0.25,-0.10733080319969017,0.026040119462209927
0.35,0.2,0.15,0.15,0.1,0.05,-0.10732773080922405,0.026044415663527623
0.3,0.25,0.2,0.1,0.05,0.1,-0.10731186591229369,0.026066609668464982
0.25,0.4,0.05,0.15,0.1,0.05,-0.1072865949146497,0.026101995867876114
0.2,0.05,0.1,0.15,0.35,0.15,-0.10723470565344391,0.026174784528790802
0.2,0.15,0.2,0.05,0.15,0.25,-0.10706999138678737,0.02640700006002973
0.3,0.3,0.1,0.1,0.1,0.1,-0.10705138635563134,0.02643334074157755
0.25,0.35,0.1,0.15,0.1,0.05,-0.10687028600648876,0.026690923426859327
0.65,0.1,0.05,0.1,0.05,0.05,-0.10683375869761363,0.026743137933037075
0.4,0.25,0.05,0.05,0.1,0.15,-0.10680644856013688,0.02678223422289325
0.25,0.25,0.15,0.05,0.1,0.2,-0.10680576580669998,0.026783212259958344
0.45,0.1,0.15,0.15,0.1,0.05,-0.10676872643274715,0.026836316850145512
0.2,0.05,0.05,0.15,0.4,0.15,-0.10672264057575517,0.026902518156471166
0.35,0.3,0.1,0.1,0.05,0.1,-0.1067094975720945,0.026921423517373286
0.4,0.15,0.1,0.05,0.1,0.2,-0.10667075131454937,0.026977224033797032
0.2,0.05,0.35,0.2,0.15,0.05,-0.10665658418073334,0.02699765169188367
0.35,0.25,0.2,0.1,0.05,0.05,-0.10662381201576124,0.02704495703153762
0.25,0.35,0.05,0.15,0.15,0.05,-0.10662312926232433,0.027045943317128077
0.3,0.4,0.05,0.1,0.05,0.1,-0.10662125169037281,0.027048655762031113
0.2,0.25,0.25,0.05,0.05,0.2,-0.10661510690944054,0.02705753449051322
0.45,0.1,0.05,0.1,0.15,0.15,-0.10654666087738948,0.027156603262263195
0.25,0.05,0.25,0.15,0.2,0.1,-0.10654256435676797,0.0271625424467088
0.35,0.3,0.1,0.05,0.05,0.15,-0.10648930958868832,0.027239853556764122
0.3,0.25,0.1,0.05,0.1,0.2,-0.10646148738613391,0.027280318854248448
0.25,0.45,0.05,0.05,0.05,0.15,-0.10645517191684241,0.0272895114233045
0.2,0.3,0.05,0.1,0.2,0.15,-0.10643468931373487,0.02731934349040315
0.3,0.1,0.2,0.15,0.15,0.1,-0.10639867406993743,0.027371866208974145
0.55,0.2,0.05,0.05,0.05,0.1,-0.10638416555940292,0.02739304916812427
0.4,0.2,0.05,0.1,0.15,0.1,-0.1063725587509753,0.027410005681586372
0.25,0.25,0.05,0.05,0.2,0.2,-0.1063667553467615,0.027418487321668406
0.3,0.15,0.2,0.2,0.1,0.05,-0.10635224683622697,0.027439701293783463
0.25,0.3,0.2,0.1,0.05,0.1,-0.10633876245584784,0.02745943045883578
0.2,0.15,0.2,0.2,0.2,0.05,-0.10632971597280869,0.02747267331466688
0.3,0.15,0.2,0.15,0.1,0.1,-0.10629250591049662,0.02752720167834224
0.45,0.05,0.15,0.15,0.15,0.05,-0.10626656127989374,0.027565276477707252
0.35,0.15,0.1,0.2,0.15,0.05,-0.10626553714973834,0.027566780358515196
0.2,0.05,0.2,0.1,0.25,0.2,-0.10624659074186388,0.027594614876271892
0.25,0.1,0.2,0.2,0.2,0.05,-0.10613650076394103,0.027756828513792204
0.35,0.15,0.1,0.1,0.1,0.2,-0.10611379519838325,0.02779038608274324
0.4,0.1,0.05,0.1,0.2,0.15,-0.10610510212984146,0.027803243181756174
0.25,0.1,0.2,0.15,0.15,0.15,-0.1060630555215466,0.02786550252792433
0.55,0.1,0.05,0.1,0.1,0.1,-0.10605951630014826,0.02787074859275878
0.25,0.35,0.15,0.1,0.05,0.1,-0.10603988713883684,0.02789985962195782
0.35,0.1,0.05,0.1,0.2,0.2,-0.10602435449814696,0.027922913815894977
0.25,0.15,0.3,0.05,0.05,0.2,-0.10601343044315628,0.027939137555005978
0.2,0.2,0.3,0.1,0.05,0.15,-0.10600916323417553,0.027945477152108326
0.6,0.05,0.05,0.05,0.1,0.15,-0.10584359552572285,0.028192409469415147
0.25,0.05,0.2,0.15,0.25,0.1,-0.10579682691529393,0.02826249996981512
0.3,0.25,0.1,0.1,0.15,0.1,-0.10579273039467242,0.02826864640440303
0.25,0.15,0.25,0.15,0.1,0.1,-0.10572633262293213,0.02836843004325148
0.4,0.2,0.05,0.05,0.1,0.2,-0.10572496711605829,0.028370485318193812
0.25,0.25,0.15,0.15,0.15,0.05,-0.10566351930673565,0.028463105093846256
0.35,0.15,0.15,0.05,0.1,0.2,-0.10553942886957574,0.028650937142683935
0.2,0.2,0.25,0.15,0.1,0.1,-0.10553140651669195,0.028663116865063492
0.2,0.3,0.2,0.1,0.1,0.1,-0.10543172451490188,0.028814827386302387
0.2,0.3,0.2,0.15,0.1,0.05,-0.10542779868263959,0.028820816360938827
0.2,0.15,0.1,0.2,0.3,0.05,-0.10538034731877376,0.028893289343957344
0.2,0.05,0.25,0.1,0.2,0.2,-0.10536771638019078,0.028912607039637283
0.45,0.25,0.1,0.1,0.05,0.05,-0.10534160106122865,0.028952582818523295
0.25,0.1,0.4,0.05,0.05,0.15,-0.105292784190489,0.029027435941298623
0.3,0.15,0.15,0.2,0.15,0.05,-0.10525676894669156,0.029082766094709552
0.2,0.2,0.3,0.2,0.05,0.05,-0.10525250173771082,0.029089327789640254
0.2,0.3,0.1,0.05,0.15,0.2,-0.10515264904756151,0.029243234320649823
0.3,0.05,0.2,0.15,0.2,0.1,-0.10503299650774157,0.029428578199974513
0.45,0.15,0.05,0.15,0.15,0.05,-0.10501729317869246,0.029452977523138534
0.3,0.05,0.1,0.05,0.25,0.25,-0.1049870813391088,0.02949996847508579
0.2,0.1,0.1,0.05,0.25,0.3,-0.1048542857956282,0.02970727902221086
0.55,0.05,0.1,0.1,0.1,0.1,-0.10484506862422979,0.02972171440280597
0.2,0.15,0.35,0.05,0.05,0.2,-0.10483004804861759,0.029745251605009817
0.25,0.2,0.25,0.2,0.05,0.05,-0.10480342066457779,0.02978701589727032
0.25,0.2,0.05,0.1,0.25,0.15,-0.10477730534561566,0.029828025821588448
0.2,0.35,0.05,0.1,0.15,0.15,-0.10477355020171261,0.029833926649434832
0.45,0.05,0.05,0.1,0.2,0.15,-0.10477081918796495,0.02983821878873287
0.2,0.15,0.15,0.2,0.25,0.05,-0.104718076484963,0.02992121455248933
0.3,0.4,0.05,0.15,0.05,0.05,-0.1045973998149877,0.03011185517288011
0.45,0.05,0.3,0.05,0.05,0.1,-0.10457777065367628,0.030142962763947692
0.45,0.25,0.05,0.05,0.05,0.15,-0.10450027813858605,0.030266039043294057
0.2,0.2,0.15,0.1,0.2,0.15,-0.10448747651164383,0.030286412383198767
0.3,0.15,0.1,0.2,0.2,0.05,-0.10447535763813853,0.03030570996302769
0.2,0.1,0.15,0.1,0.2,0.25,-0.1044388303292634,0.030363938195065384
0.3,0.35,0.05,0.15,0.1,0.05,-0.10427838327158759,0.030620842729966107
0.25,0.15,0.3,0.1,0.05,0.15,-0.10423076121936255,0.03069745126543294
0.25,0.2,0.15,0.2,0.15,0.05,-0.1041841632972929,0.030772570998291688
0.2,0.35,0.05,0.05,0.15,0.2,-0.10404795398662768,0.030993054194496977
0.4,0.2,0.1,0.15,0.1,0.05,-0.10397438730379972,0.031112698212994998
0.3,0.25,0.2,0.15,0.05,0.05,-0.10391567050822476,0.03120847458420276
0.35,0.1,0.15,0.15,0.15,0.1,-0.10378065601607414,0.03142966132607757
0.2,0.15,0.05,0.15,0.35,0.1,-0.10374600627915054,0.031486641676599286
0.2,0.25,0.25,0.15,0.05,0.1,-0.10359306950928084,0.03173919729606497
0.25,0.2,0.2,0.2,0.1,0.05,-0.10357890237546478,0.03176267987136262
0.3,0.25,0.2,0.05,0.05,0.15,-0.10350080665544484,0.03189239319648921
0.25,0.05,0.35,0.2,0.1,0.05,-0.10345020335260569,0.031976684303157844
0.35,0.35,0.05,0.05,0.05,0.15,-0.10337202808407854,0.03210727672706593
0.35,0.1,0.3,0.15,0.05,0.05,-0.10334915584394178,0.032145571012858414
0.2,0.2,0.2,0.1,0.1,0.2,-0.10333635421699956,0.0321670214018444
0.3,0.15,0.25,0.2,0.05,0.05,-0.1033163836789697,0.032200508415964224
0.5,0.1,0.05,0.15,0.15,0.05,-0.10324759627020016,0.03231608053107275
0.2,0.2,0.3,0.15,0.05,0.1,-0.10313903847373017,0.032499192702765405
0.2,0.1,0.4,0.1,0.05,0.15,-0.10311309384312727,0.03254308625281434
0.25,0.25,0.05,0.15,0.25,0.05,-0.10308544232893208,0.03258992322934717
0.2,0.2,0.2,0.15,0.15,0.1,-0.1030815164966698,0.03259657758522264
0.3,0.1,0.2,0.2,0.15,0.05,-0.10304328230420237,0.03266144588973748
0.4,0.2,0.05,0.15,0.15,0.05,-0.10303201687249322,0.032680579871358514
0.2,0.35,0.15,0.1,0.1,0.1,-0.1030105101392303,0.03271713494511235
0.3,0.3,0.15,0.1,0.05,0.1,-0.10299206646153987,0.03274851151815185
0.2,0.1,0.15,0.15,0.25,0.15,-0.10298558963878278,0.03275953604512929
0.3,0.4,0.05,0.05,0.05,0.15,-0.10290757414486983,0.032892579157036805
0.2,0.1,0.3,0.2,0.15,0.05,-0.10285723199264213,0.03297867422402423
0.45,0.15,0.1,0.15,0.1,0.05,-0.10282258225571854,0.03303804377338764
0.2,0.15,0.1,0.1,0.2,0.25,-0.10268722638684948,0.03327083963887043
0.45,0.05,0.1,0.05,0.15,0.2,-0.10258959264537015,0.03343962502390698
0.25,0.2,0.1,0.2,0.2,0.05,-0.10253531374713513,0.03353377558125052
0.2,0.25,0.15,0.15,0.2,0.05,-0.10250715016786227,0.03358271625992593
0.2,0.15,0.1,0.15,0.2,0.2,-0.10237367187094473,0.03381549423328449
0.25,0.25,0.1,0.15,0.2,0.05,-0.10234721517526416,0.033861795983078244
0.25,0.2,0.15,0.15,0.15,0.1,-0.10230778616428211,0.0339309007602812
0.3,0.15,0.05,0.2,0.25,0.05,-0.10229242421195146,0.033957857205480536
0.3,0.1,0.05,0.15,0.3,0.1,-0.10228047602680539,0.03397883594092948
0.3,0.3,0.15,0.05,0.05,0.15,-0.10227268732276092,0.03399251736414902
0.2,0.1,0.2,0.15,0.2,0.15,-0.10222739194708498,0.034072175010402876
0.2,0.1,0.15,0.15,0.2,0.2,-0.10221578513865738,0.03409261262442526
0.2,0.1,0.1,0.1,0.25,0.25,-0.1020976687940705,0.034301189885064566
0.3,0.2,0.1,0.05,0.15,0.2,-0.10208537923220598,0.03432295384469826
0.2,0.35,0.15,0.1,0.05,0.15,-0.10208503785548752,0.034323558566944336
0.25,0.1,0.15,0.2,0.25,0.05,-0.10201369012132956,0.03445014476665871
0.25,0.2,0.25,0.15,0.05,0.1,-0.1019459268427154,0.034570739168033604
0.45,0.05,0.1,0.15,0.2,0.05,-0.10189984098572344,0.034652960654380074
0.5,0.1,0.1,0.15,0.1,0.05,-0.1018984754788496,0.03465539938325176
0.25,0.25,0.2,0.15,0.1,0.05,-0.10177062989778664,0.034884373363438824
0.35,0.15,0.1,0.15,0.15,0.1,-0.10169501495464793,0.03502040611647452
0.25,0.2,0.25,0.05,0.05,0.2,-0.10166753412881198,0.03506995633879298
0.3,0.2,0.1,0.1,0.1,0.2,-0.10162537410408228,0.03514609030959119
0.25,0.1,0.1,0.2,0.3,0.05,-0.10162417928556766,0.035148249999442736
0.25,0.05,0.45,0.1,0.05,0.1,-0.10158696922325562,0.035215565432778095
0.3,0.05,0.1,0.1,0.25,0.2,-0.10157280208943956,0.035241223508435296
0.25,0.2,0.15,0.1,0.1,0.2,-0.10155112466781739,0.03528051423101433
0.55,0.05,0.1,0.15,0.1,0.05,-0.10151954732135993,0.035337815403788254
0.2,0.4,0.05,0.05,0.1,0.2,-0.10150367330395157,0.03536665073782656
0.35,0.3,0.05,0.15,0.1,0.05,-0.1014633908511734,0.035439914095600725
0.2,0.2,0.05,0.1,0.3,0.15,-0.10145792882367806,0.03544985803815549
0.25,0.45,0.05,0.15,0.05,0.05,-0.10144239618298816,0.035478149091186253
0.2,0.15,0.2,0.2,0.15,0.1,-0.10143744622057049,0.0354871689538071
0.25,0.3,0.15,0.1,0.1,0.1,-0.10139545688420001,0.03556376071715109
0.25,0.35,0.1,0.1,0.1,0.1,-0.10139084829850083,0.03557217568243781
0.2,0.25,0.25,0.1,0.05,0.15,-0.10135244341767417,0.035642366242210816
0.25,0.15,0.1,0.1,0.15,0.25,-0.10134664001346036,0.035652983048201164
0.4,0.2,0.1,0.1,0.1,0.1,-0.10134083660924656,0.03566360254222328
0.25,0.3,0.1,0.15,0.15,0.05,-0.10129714038928378,0.03574364745349574
0.35,0.2,0.05,0.05,0.15,0.2,-0.10115632249291939,0.03600264441227261
0.2,0.15,0.3,0.2,0.05,0.1,-0.10101499253147729,0.03626418465798283
0.45,0.1,0.1,0.1,0.1,0.15,-0.10098921858923363,0.036312054574247146
0.3,0.25,0.1,0.15,0.15,0.05,-0.10098000141783522,0.03632918664003449
0.2,0.15,0.1,0.1,0.25,0.2,-0.10092589320795946,0.03642989670287119
0.4,0.25,0.05,0.1,0.1,0.1,-0.10091599328312414,0.03644834878287885
0.4,0.1,0.25,0.15,0.05,0.05,-0.10091479846460953,0.036450576294675026
0.5,0.15,0.05,0.1,0.1,0.1,-0.1009134329577357,0.03645312216398861
0.2,0.05,0.4,0.05,0.1,0.2,-0.10090523991649267,0.03646840055089021
0.5,0.15,0.1,0.15,0.05,0.05,-0.10087007811449138,0.03653403205169857
0.25,0.4,0.1,0.15,0.05,0.05,-0.10081119063055717,0.036644173505881984
0.25,0.4,0.1,0.1,0.05,0.1,-0.10080214414751801,0.03666111874089223
0.25,0.15,0.15,0.05,0.15,0.25,-0.10074479285881688,0.036768699970716474
0.25,0.25,0.05,0.2,0.2,0.05,-0.10071219138220402,0.03682997414790812
0.25,0.1,0.25,0.1,0.1,0.2,-0.10067924852887272,0.036891977949967125
0.2,0.45,0.1,0.15,0.05,0.05,-0.10066525208341588,0.036918348336715125
0.3,0.2,0.05,0.05,0.2,0.2,-0.10063521093219148,0.03697500220817105
0.2,0.3,0.1,0.1,0.15,0.15,-0.1006116559386178,0.03701947557967077
0.45,0.2,0.1,0.05,0.05,0.15,-0.10060312152065631,0.037035600318279925
0.25,0.1,0.35,0.1,0.05,0.15,-0.10057052004404347,0.03709725169566977
0.2,0.05,0.5,0.1,0.05,0.1,-0.10055601153350895,0.037124716157579174
0.25,0.25,0.15,0.1,0.1,0.15,-0.10050975498815773,0.03721239452777957
0.6,0.15,0.05,0.05,0.05,0.1,-0.10047800695334105,0.037272673907996705
0.2,0.1,0.05,0.1,0.3,0.25,-0.10044762442539817,0.037330438167478226
0.7,0.05,0.05,0.1,0.05,0.05,-0.10043089696619367,0.037362273360273125
0.6,0.15,0.05,0.1,0.05,0.05,-0.10040409889379465,0.03741332263175568
0.35,0.15,0.05,0.1,0.2,0.15,-0.10040187994512466,0.03741755229213963
0.2,0.15,0.2,0.15,0.15,0.15,-0.10027539987093553,0.03765931419644062
0.4,0.25,0.1,0.05,0.05,0.15,-0.10025047937048802,0.03770710464800977
0.25,0.35,0.15,0.15,0.05,0.05,-0.10018203333843693,0.0378386293410036
0.4,0.1,0.05,0.1,0.15,0.2,-0.10012997338887193,0.037938927011925604
0.2,0.3,0.05,0.15,0.25,0.05,-0.10000195711944973,0.038186519317352084
0.4,0.3,0.05,0.1,0.05,0.1,-0.09998659516711908,0.03821632218823491
0.2,0.35,0.2,0.1,0.05,0.1,-0.09994562996090399,0.0382958928701624
0.65,0.1,0.05,0.05,0.05,0.1,-0.09988128044947443,0.0384211685297881
0.25,0.05,0.45,0.05,0.05,0.15,-0.0998505565448131,0.038481104167332164
0.35,0.25,0.15,0.1,0.05,0.1,-0.09984492382895853,0.03849210095292928
0.25,0.1,0.1,0.15,0.2,0.2,-0.09983348770889015,0.03851443594785377
0.3,0.1,0.15,0.2,0.2,0.05,-0.09983297564381245,0.0385154362789353
0.45,0.2,0.1,0.1,0.05,0.1,-0.09981112753383108,0.038558137574742496
0.2,0.1,0.35,0.2,0.1,0.05,-0.09980293449258806,0.03857416089386869
0.2,0.05,0.25,0.2,0.25,0.05,-0.09978637772174279,0.03860655856366654
0.35,0.1,0.1,0.15,0.2,0.1,-0.09977289334136366,0.03863296131720481
0.3,0.05,0.15,0.1,0.2,0.2,-0.0997645296117614,0.03864934539057473
0.25,0.2,0.15,0.1,0.15,0.15,-0.09969591289135112,0.03878398394343826
0.25,0.35,0.05,0.05,0.1,0.2,-0.09965972695919445,0.038855147143078465
0.25,0.15,0.1,0.15,0.25,0.1,-0.09964675464389297,0.038880685381205086
0.2,0.2,0.15,0.15,0.2,0.1,-0.09963736678413536,0.038899175862166444
0.7,0.05,0.05,0.05,0.05,0.1,-0.09963207544499925,0.038909601049456226
0.25,0.3,0.05,0.05,0.15,0.2,-0.09959913259166793,0.03897455946134464
0.2,0.05,0.05,0.05,0.35,0.3,-0.0995451950701514,0.03908111441826642
0.2,0.2,0.15,0.2,0.2,0.05,-0.09953341757336455,0.03910441393153245
0.2,0.25,0.2,0.1,0.1,0.15,-0.09952248537958204,0.03912605169469361
0.2,0.2,0.1,0.05,0.2,0.25,-0.09948511276770258,0.03920009872597254
0.3,0.15,0.05,0.05,0.2,0.25,-0.09938491870083482,0.03939920038417242
0.2,0.3,0.25,0.15,0.05,0.05,-0.09935453617289194,0.03945974411883473
0.35,0.1,0.1,0.2,0.2,0.05,-0.09929957452122003,0.039569467018782424
0.2,0.4,0.15,0.1,0.05,0.1,-0.09924870939016961,0.039671241627346615
0.2,0.1,0.25,0.05,0.15,0.25,-0.09922378888972208,0.03972118510017245
0.25,0.2,0.2,0.15,0.1,0.1,-0.09915841524813716,0.03985245395035259
0.3,0.1,0.25,0.2,0.1,0.05,-0.09915739111798179,0.039854513295979804
0.55,0.1,0.05,0.05,0.1,0.15,-0.09914185847729189,0.03988575773701951
0.25,0.1,0.1,0.1,0.2,0.25,-0.09911779141864052,0.03993421035612693
0.35,0.05,0.35,0.15,0.05,0.05,-0.09910857424724212,0.03995277985188446
0.2,0.15,0.1,0.2,0.15,0.2,-0.09903142310887036,0.04010849987982183
0.5,0.05,0.1,0.15,0.15,0.05,-0.09900803880365591,0.04015579939766339
0.2,0.1,0.45,0.05,0.05,0.15,-0.0989619529466639,0.040249155447724276
0.25,0.2,0.05,0.15,0.25,0.1,-0.09888087597602986,0.04041383813191692
0.2,0.05,0.05,0.2,0.4,0.1,-0.09884912794121316,0.040478479339401956
0.45,0.2,0.05,0.1,0.1,0.1,-0.09880765066992038,0.04056306153812795
0.45,0.05,0.2,0.15,0.1,0.05,-0.09877573194674444,0.04062825315748246
0.2,0.2,0.05,0.15,0.3,0.1,-0.09874244771669467,0.0406963279643316
0.25,0.05,0.25,0.2,0.2,0.05,-0.09867092929417749,0.040842927481767426
0.35,0.05,0.05,0.2,0.3,0.05,-0.09862996408796239,0.04092709926884737
0.2,0.15,0.25,0.15,0.1,0.15,-0.09858575580292193,0.041018098936218716
0.2,0.25,0.1,0.05,0.15,0.25,-0.09858063515214505,0.04102865046946475
0.3,0.1,0.1,0.2,0.25,0.05,-0.09855281294959063,0.041086020526502
0.2,0.1,0.3,0.15,0.1,0.15,-0.09854649748029913,0.04109905260456273
0.2,0.25,0.1,0.15,0.25,0.05,-0.09852362524016238,0.04114627906884152
0.2,0.1,0.4,0.2,0.05,0.05,-0.09852362524016238,0.04114627906884152
0.3,0.1,0.35,0.05,0.05,0.15,-0.09852192142640309,0.041149798925924755
0.25,0.1,0.25,0.15,0.1,0.15,-0.09848453760589879,0.04122709302140027
0.25,0.3,0.2,0.15,0.05,0.05,-0.09847890489004422,0.04123874973725556
0.2,0.2,0.05,0.2,0.3,0.05,-0.09846610326310201,0.041265252619742
0.45,0.1,0.2,0.15,0.05,0.05,-0.09845637402662591,0.04128540442402368
0.2,0.1,0.25,0.2,0.2,0.05,-0.0982203120258114,0.04177690247127961
0.4,0.3,0.05,0.05,0.05,0.15,-0.09819795185075231,0.04182371280448181
0.4,0.25,0.1,0.1,0.05,0.1,-0.09817030033655715,0.041881661567484484
0.35,0.1,0.05,0.15,0.25,0.1,-0.09811516799652598,0.041997403511488854
0.25,0.3,0.15,0.15,0.1,0.05,-0.09809929397911762,0.042030778561378025
0.3,0.15,0.05,0.1,0.2,0.2,-0.09809178369131152,0.04204657669990793
0.25,0.15,0.1,0.15,0.2,0.15,-0.0980777872458547,0.042076032046734546
0.45,0.15,0.05,0.1,0.15,0.1,-0.09806788732101938,0.04209687682075428
0.35,0.05,0.05,0.05,0.25,0.25,-0.09801975320371666,0.0421983496780013
0.4,0.05,0.15,0.1,0.15,0.15,-0.09794891753463636,0.04234805528867769
0.5,0.05,0.15,0.15,0.1,0.05,-0.09793423833574263,0.042379134555373295
0.3,0.15,0.25,0.15,0.05,0.1,-0.09792109533208196,0.042406977651700796
0.25,0.15,0.1,0.05,0.2,0.25,-0.09790607475646976,0.04243881721166915
0.45,0.2,0.05,0.15,0.1,0.05,-0.097901807547489,0.04244786621544158
0.35,0.25,0.05,0.15,0.15,0.05,-0.09783114256676795,0.042597954324155585
0.25,0.3,0.1,0.05,0.1,0.2,-0.09778591015157212,0.042694259760992434
0.35,0.25,0.1,0.1,0.1,0.1,-0.0977321433184148,0.04280897461178639
0.25,0.25,0.05,0.1,0.2,0.15,-0.09770688144124882,0.042862961981554364
0.35,0.1,0.1,0.05,0.15,0.25,-0.09766779380698526,0.042946609518189266
0.45,0.1,0.05,0.15,0.15,0.1,-0.09761283215531333,0.04306446002077345
0.2,0.35,0.2,0.15,0.05,0.05,-0.09760719943945875,0.043076553239722946
0.35,0.05,0.1,0.15,0.25,0.1,-0.09756623423324365,0.04316458999012072
0.2,0.05,0.3,0.15,0.2,0.1,-0.09755735843856371,0.043183684576720234
0.2,0.05,0.1,0.05,0.3,0.3,-0.09754865333224301,0.043202418868348295
0.3,0.05,0.15,0.15,0.25,0.1,-0.09754797057880608,0.04320388851394859
0.25,0.1,0.15,0.15,0.2,0.15,-0.0975400557022269,0.04322092857703126
0.3,0.25,0.15,0.15,0.1,0.05,-0.09752731728733931,0.04324836519547972
0.2,0.2,0.25,0.2,0.05,0.1,-0.09751144326993097,0.04328257595049801
0.35,0.1,0.25,0.15,0.05,0.1,-0.09742097843953929,0.043477975696012375
0.3,0.05,0.4,0.1,0.05,0.1,-0.09735177820460596,0.04362794572026013
0.2,0.1,0.2,0.2,0.25,0.05,-0.09728869496113636,0.04376503818496231
0.35,0.2,0.1,0.1,0.1,0.15,-0.09728016054317488,0.043783612986040776
0.3,0.35,0.1,0.15,0.05,0.05,-0.09725797105647505,0.043831938517788216
0.55,0.1,0.1,0.1,0.05,0.1,-0.09719635255879316,0.0439663702196216
0.5,0.15,0.1,0.1,0.05,0.1,-0.09717874876674273,0.04400483966380913
0.25,0.15,0.05,0.2,0.3,0.05,-0.09710349809137227,0.044169603826534266
0.2,0.1,0.2,0.1,0.15,0.25,-0.09709496367341079,0.04418832297241128
0.2,0.2,0.15,0.15,0.1,0.2,-0.09708147929303165,0.04421791282250924
0.25,0.2,0.05,0.05,0.2,0.25,-0.09699937819224223,0.044398433652249165
0.35,0.1,0.1,0.15,0.15,0.15,-0.0969906730859215,0.04441761040003141
0.35,0.05,0.1,0.2,0.25,0.05,-0.09690669441318056,0.044602967551153484
0.25,0.1,0.05,0.1,0.25,0.25,-0.09687818945718922,0.04466603113024072
0.2,0.3,0.1,0.15,0.2,0.05,-0.0968619740630624,0.04470193905579744
0.3,0.05,0.15,0.05,0.2,0.25,-0.09681878990817734,0.04479768590770598
0.2,0.25,0.15,0.05,0.1,0.25,-0.09672252167357184,0.04501175002026836
0.25,0.05,0.2,0.1,0.2,0.2,-0.09671791308787266,0.04502201929153739
0.25,0.25,0.15,0.2,0.1,0.05,-0.09665885491557923,0.04515379245006134
0.4,0.25,0.05,0.15,0.1,0.05,-0.0966096966681211,0.04526372342437093
0.35,0.1,0.2,0.2,0.1,0.05,-0.09657419348940134,0.045343257760400046
0.3,0.2,0.15,0.15,0.1,0.1,-0.09654568853341,0.04540719958144017
0.25,0.15,0.1,0.15,0.15,0.2,-0.09654125063607003,0.04541716140525345
0.35,0.1,0.15,0.2,0.15,0.05,-0.09653800755724468,0.04542444236030365
0.3,0.2,0.1,0.1,0.15,0.15,-0.09651325774515639,0.04548003983748001
0.3,0.05,0.05,0.2,0.35,0.05,-0.09648150971033968,0.045551441640496515
0.2,0.25,0.05,0.1,0.25,0.15,-0.09645880815856214,0.04560255546812866
0.5,0.1,0.15,0.15,0.05,0.05,-0.09643849624381383,0.045648329707228534
0.25,0.1,0.25,0.2,0.15,0.05,-0.09635366412927672,0.045839921699796976
0.25,0.25,0.2,0.05,0.05,0.2,-0.09633164533093612,0.04588976100563944
0.35,0.15,0.2,0.15,0.05,0.1,-0.09623759604500062,0.0461031528679834
0.3,0.15,0.25,0.05,0.05,0.2,-0.09623708397992292,0.04610431698653768
0.2,0.2,0.05,0.05,0.25,0.25,-0.0962224047810292,0.046137698875663116
0.25,0.15,0.05,0.15,0.3,0.1,-0.09618348783512484,0.046226297876482275
0.25,0.15,0.1,0.2,0.25,0.05,-0.0961491794749197,0.046304523248143936
0.35,0.2,0.05,0.1,0.1,0.2,-0.0961457657077351,0.046312312938868484
0.25,0.05,0.1,0.1,0.3,0.2,-0.09614166918711359,0.04632166201896297
0.3,0.2,0.1,0.2,0.15,0.05,-0.09607510072701406,0.04647380662801352
0.35,0.05,0.05,0.15,0.3,0.1,-0.0960459130175858,0.046540648257194346
0.45,0.15,0.15,0.15,0.05,0.05,-0.09594401206712573,0.04677464012635601
0.3,0.2,0.15,0.1,0.1,0.15,-0.09593411214229043,0.0467974254877065
0.35,0.15,0.05,0.1,0.15,0.2,-0.09591277609738673,0.04684656351458885
0.3,0.15,0.15,0.1,0.1,0.2,-0.09590099860059989,0.04687370623139386
0.2,0.25,0.1,0.1,0.2,0.15,-0.09588751422022077,0.046904798864471534
0.4,0.1,0.15,0.15,0.1,0.1,-0.095862423031414,0.04696270080076957
0.25,0.1,0.05,0.15,0.25,0.2,-0.09581821474637355,0.047064864296250244
0.5,0.05,0.05,0.15,0.2,0.05,-0.09580848550989746,0.04708737314846536
0.3,0.05,0.1,0.2,0.3,0.05,-0.09580524243107211,0.04709487810412076
0.25,0.3,0.1,0.1,0.1,0.15,-0.09580319417076134,0.04709961859269497
0.35,0.2,0.1,0.15,0.15,0.05,-0.09580046315701367,0.04710593986629732
0.2,0.4,0.1,0.1,0.05,0.15,-0.09571477760068042,0.04730463128933707
0.5,0.1,0.05,0.1,0.1,0.15,-0.09568883297007752,0.04736493117904873
0.25,0.1,0.1,0.15,0.25,0.15,-0.0956663021066592,0.04741734911495692
0.2,0.35,0.05,0.15,0.2,0.05,-0.09566237627439694,0.047426487513912687
0.2,0.3,0.15,0.1,0.1,0.15,-0.09565059877761009,0.04745391156532456
0.2,0.1,0.1,0.15,0.3,0.15,-0.09563148168137638,0.04749845425413766
0.25,0.1,0.3,0.2,0.1,0.05,-0.0956033181021035,0.047564138992326394
0.45,0.25,0.05,0.1,0.05,0.1,-0.09559085785187973,0.0475932237849203
0.2,0.45,0.05,0.1,0.05,0.15,-0.09552036355951793,0.047758052721242
0.3,0.15,0.15,0.15,0.15,0.1,-0.09544184691427232,0.047942202004068006
0.3,0.2,0.1,0.15,0.15,0.1,-0.09537630258432815,0.0480963816370627
0.2,0.15,0.05,0.1,0.25,0.25,-0.09530717379884018,0.04825944256209927
0.3,0.1,0.3,0.15,0.05,0.1,-0.09529556699041258,0.048286866013753135
0.2,0.2,0.15,0.2,0.15,0.1,-0.09524111740381833,0.04841568845523522
0.25,0.2,0.1,0.15,0.2,0.1,-0.09523138816734225,0.04843873714858079
0.35,0.05,0.15,0.15,0.2,0.1,-0.0952201227356331,0.048465436581159295
0.2,0.25,0.05,0.1,0.15,0.25,-0.09515765079615508,0.04861372069321855
0.3,0.25,0.05,0.05,0.15,0.2,-0.09515457840568894,0.04862102313787372
0.2,0.05,0.15,0.1,0.25,0.25,-0.09513665612796983,0.048663639027258586
0.2,0.25,0.2,0.2,0.1,0.05,-0.09507264799325875,0.04881609384089318
0.25,0.05,0.15,0.2,0.3,0.05,-0.09494377828204041,0.04912424838443048
0.5,0.15,0.05,0.15,0.1,0.05,-0.09483146534166734,0.04939413729310641
0.2,0.25,0.15,0.1,0.15,0.15,-0.09483078258823043,0.04939578173824248
0.2,0.25,0.25,0.2,0.05,0.05,-0.09481405512902594,0.049436084943466053
0.3,0.3,0.15,0.15,0.05,0.05,-0.09473570917213955,0.04962521807587218
0.3,0.2,0.2,0.2,0.05,0.05,-0.09472546787058578,0.04964998599695422
0.2,0.2,0.2,0.05,0.1,0.25,-0.09469645084951675,0.049720217884845576
0.35,0.1,0.3,0.05,0.05,0.15,-0.09462937032433953,0.04988289534546606
0.2,0.05,0.2,0.05,0.2,0.3,-0.09455836396690002,0.05005557765628252
0.2,0.1,0.3,0.1,0.1,0.2,-0.09449145413008203,0.0502187542408764
0.2,0.2,0.25,0.25,0.05,0.05,-0.0944873576094605,0.05022875906072576
0.2,0.15,0.25,0.1,0.1,0.2,-0.09441020647108875,0.0504174943015698
0.2,0.15,0.25,0.2,0.05,0.15,-0.09435439137762068,0.05055440393643549
0.2,0.1,0.05,0.25,0.35,0.05,-0.09434756384325148,0.05057117257975688
0.2,0.1,0.2,0.15,0.15,0.2,-0.09432673986342548,0.050622345625283456
0.35,0.25,0.1,0.15,0.1,0.05,-0.09428901773603575,0.050715154422780635
0.35,0.15,0.05,0.2,0.2,0.05,-0.09427621610909352,0.050746682883488145
0.5,0.2,0.05,0.1,0.05,0.1,-0.09418216682315804,0.0509788139619304
0.3,0.1,0.05,0.2,0.3,0.05,-0.09416902381949735,0.05101132379065831
0.25,0.15,0.1,0.2,0.2,0.1,-0.0941628790385651,0.051026529125140906
0.45,0.2,0.1,0.15,0.05,0.05,-0.09415058947670055,0.05105695114058909
0.2,0.4,0.15,0.15,0.05,0.05,-0.09413181375718531,0.051103458443018314
0.35,0.15,0.05,0.15,0.2,0.1,-0.09411440354454388,0.05114661497594363
0.55,0.05,0.05,0.15,0.15,0.05,-0.09410535706150472,0.051169051451511315
0.2,0.2,0.2,0.25,0.1,0.05,-0.09408828822558177,0.05121140678805399
0.3,0.05,0.05,0.1,0.3,0.2,-0.09405193160506586,0.051301721164071085
0.25,0.25,0.1,0.1,0.15,0.15,-0.09404834714952205,0.05131063258952202
0.25,0.15,0.05,0.15,0.2,0.2,-0.09403691102945365,0.05133907291288614
0.25,0.1,0.15,0.2,0.2,0.1,-0.09403008349508449,0.05135605847833773
0.3,0.35,0.1,0.1,0.05,0.1,-0.0940277655937291,0.05136182602772911
0.2,0.05,0.05,0.25,0.4,0.05,-0.09397409771325717,0.051495517011621625
0.3,0.15,0.05,0.15,0.25,0.1,-0.09391862399650756,0.05163401139668959
0.45,0.05,0.1,0.1,0.15,0.15,-0.09388448632466165,0.05171939299290176
0.25,0.25,0.2,0.2,0.05,0.05,-0.09380340935402759,0.05192264618786317
0.2,0.3,0.2,0.1,0.05,0.15,-0.09379863007996916,0.05193464818248022
0.35,0.05,0.1,0.15,0.2,0.15,-0.09376824755202631,0.0520110006711395
0.25,0.15,0.2,0.15,0.1,0.15,-0.09361752973082658,0.05239114511533662
0.35,0.1,0.05,0.2,0.25,0.05,-0.09352228562637649,0.05263256389662542
0.35,0.15,0.15,0.2,0.1,0.05,-0.09351033744123041,0.05266291471779832
0.35,0.25,0.15,0.05,0.05,0.15,-0.09345850867890532,0.052794739141222596
0.25,0.25,0.2,0.15,0.05,0.1,-0.09336456958244835,0.05303436998928754
0.2,0.2,0.1,0.1,0.25,0.15,-0.09333794219840853,0.05310245873237216
0.3,0.05,0.3,0.2,0.1,0.05,-0.09331797166037867,0.05315357303655273
0.2,0.1,0.1,0.15,0.2,0.25,-0.09324218602888075,0.05334791805375988
0.3,0.35,0.1,0.05,0.05,0.15,-0.0932343845774708,0.053367957663026655
0.3,0.25,0.05,0.05,0.1,0.25,-0.09315069706833369,0.05358332034043411
0.3,0.1,0.1,0.15,0.2,0.15,-0.09314728330114909,0.05359212070833755
0.25,0.25,0.05,0.05,0.15,0.25,-0.09306091499137893,0.05381517044433105
0.3,0.2,0.15,0.2,0.1,0.05,-0.09299519997307554,0.053985399069798955
0.5,0.05,0.1,0.15,0.1,0.1,-0.09297847251387105,0.05402880143005657
0.4,0.15,0.15,0.15,0.05,0.1,-0.09287162160099333,0.054306730346235024
0.3,0.2,0.2,0.05,0.05,0.2,-0.09286667163857566,0.05431963440330764
0.25,0.05,0.35,0.1,0.1,0.15,-0.09283424085032206,0.05440424130513686
0.25,0.1,0.2,0.05,0.15,0.25,-0.09280761346628222,0.05447378990122254
0.5,0.05,0.2,0.15,0.05,0.05,-0.09279737216472846,0.05450055903353855
0.35,0.1,0.2,0.05,0.1,0.2,-0.09270895559464754,0.05473212089714569
0.35,0.1,0.05,0.15,0.2,0.15,-0.09265416463133483,0.05487602763222939
0.35,0.15,0.15,0.15,0.1,0.1,-0.09260927359285746,0.05499416671819237
0.3,0.3,0.05,0.05,0.1,0.2,-0.09257667211624461,0.055080095931017564
0.25,0.15,0.25,0.2,0.05,0.1,-0.09249883822443593,0.055285697399988995
0.3,0.05,0.15,0.15,0.2,0.15,-0.09249115724827059,0.05530602152848119
0.2,0.15,0.15,0.1,0.15,0.25,-0.09245497131611392,0.05540185425253292
0.3,0.15,0.1,0.2,0.15,0.1,-0.09243483008972483,0.055455254820344566
0.3,0.15,0.15,0.15,0.1,0.15,-0.09237969774969368,0.05560164622133854
0.2,0.25,0.05,0.2,0.25,0.05,-0.09236348235556688,0.05564476352683584
0.55,0.1,0.05,0.15,0.1,0.05,-0.09234043942707088,0.05570608323606869
0.25,0.05,0.25,0.05,0.15,0.25,-0.0923192740705264,0.0557624559411596
0.25,0.2,0.25,0.1,0.05,0.15,-0.09231756718693412,0.055767004189804806
0.2,0.3,0.05,0.15,0.2,0.1,-0.09224280568559157,0.05596651982278983
0.35,0.2,0.05,0.1,0.15,0.15,-0.09222183747824442,0.056022583824928314
0.2,0.05,0.4,0.2,0.1,0.05,-0.09219467156828882,0.05609528830991161
0.2,0.2,0.2,0.2,0.05,0.15,-0.09216428904034595,0.0561766942051992
0.4,0.15,0.1,0.15,0.1,0.1,-0.0921552425573068,0.05620095196906155
0.2,0.25,0.05,0.15,0.25,0.1,-0.09213373582404386,0.05625865626270425
0.4,0.1,0.1,0.15,0.15,0.1,-0.09210096365907178,0.05634668113016292
0.2,0.1,0.2,0.2,0.15,0.15,-0.0920936240596249,0.05636641068457393
0.3,0.1,0.05,0.15,0.2,0.2,-0.0920548778020798,0.05647065938310108
0.25,0.35,0.1,0.1,0.05,0.15,-0.09195144065638666,0.05674974566510602
0.2,0.15,0.15,0.15,0.2,0.15,-0.09194939239607591,0.05675528365363242
0.2,0.05,0.1,0.25,0.35,0.05,-0.09194273555006596,0.05677328521135234
0.25,0.4,0.05,0.1,0.05,0.15,-0.0919060375528316,0.05687260958119295
0.2,0.2,0.15,0.05,0.15,0.25,-0.09186370683974268,0.05698735798235093
0.2,0.25,0.15,0.15,0.15,0.1,-0.09169745637785306,0.057439881756580845
0.2,0.05,0.15,0.05,0.25,0.3,-0.09167782721654165,0.05749350714656475
0.2,0.2,0.1,0.2,0.25,0.05,-0.09164300679125882,0.05758873598095429
0.25,0.05,0.35,0.05,0.1,0.2,-0.09157797452639235,0.057766939767415974
0.25,0.05,0.05,0.15,0.35,0.15,-0.0915165267170697,0.05793574075329556
0.35,0.15,0.1,0.15,0.1,0.15,-0.09148221835686456,0.0580301655450322
0.2,0.15,0.25,0.2,0.1,0.1,-0.09143971695541639,0.05814731622515029
0.2,0.15,0.05,0.1,0.3,0.2,-0.09141803953379424,0.058207143143567786
0.4,0.1,0.05,0.15,0.2,0.1,-0.0913693933514138,0.05834158592108768
0.2,0.1,0.15,0.2,0.25,0.1,-0.0913204057923149,0.0584772318206705
0.25,0.05,0.3,0.2,0.15,0.05,-0.09128148884641059,0.058585178291388526
0.3,0.25,0.15,0.2,0.05,0.05,-0.09120160669429113,0.05880726931193864
0.4,0.05,0.2,0.05,0.1,0.2,-0.09110926429194792,0.05906487033069577
0.35,0.05,0.05,0.1,0.25,0.2,-0.09107888176400508,0.059149830101246956
0.2,0.05,0.15,0.15,0.3,0.15,-0.09102579768428468,0.0592985136155232
0.3,0.3,0.1,0.15,0.1,0.05,-0.09098022389237037,0.05942640796694755
0.5,0.1,0.05,0.15,0.1,0.1,-0.09092970013803842,0.05956845995906366
0.4,0.1,0.15,0.2,0.1,0.05,-0.09091672782273696,0.059604978024682516
0.4,0.1,0.2,0.15,0.05,0.1,-0.09079792872471316,0.05994026819375665
0.35,0.15,0.1,0.2,0.1,0.1,-0.09077676336816871,0.06000016707180646
0.4,0.1,0.05,0.2,0.2,0.05,-0.09077625130309101,0.060001616850800805
0.3,0.2,0.2,0.1,0.05,0.15,-0.09072812659538397,0.06013799869147362
0.25,0.35,0.1,0.05,0.05,0.2,-0.09072094827470063,0.06015836345196366
0.4,0.2,0.05,0.1,0.1,0.15,-0.09066940039021332,0.060304771251548435
0.25,0.15,0.15,0.2,0.15,0.1,-0.09066684006482485,0.06031205082825693
0.3,0.2,0.05,0.15,0.2,0.1,-0.09066410905107719,0.06031981651016353
0.25,0.35,0.05,0.1,0.1,0.15,-0.09057483903920012,0.06057411235551057
0.3,0.15,0.1,0.05,0.15,0.25,-0.0905671580630348,0.06059603379936905
0.35,0.25,0.05,0.05,0.1,0.2,-0.0905499185387526,0.060645259116473116
0.25,0.3,0.05,0.1,0.15,0.15,-0.09054428582289803,0.060661349791293916
0.35,0.2,0.05,0.2,0.15,0.05,-0.09052721698697508,0.0607101309410205
0.2,0.35,0.05,0.2,0.15,0.05,-0.09052363253143124,0.06072037909664311
0.2,0.05,0.3,0.1,0.15,0.2,-0.09051219641136288,0.060753085142300066
0.2,0.2,0.05,0.1,0.2,0.25,-0.09051219641136288,0.060753085142300066
0.25,0.15,0.2,0.1,0.1,0.2,-0.09051117228120747,0.06075601475139982
0.2,0.25,0.15,0.2,0.15,0.05,-0.09035704069282317,0.06119825256879351
0.25,0.05,0.05,0.05,0.3,0.3,-0.09033877703838562,0.06125083066115393
0.25,0.1,0.35,0.2,0.05,0.05,-0.0903254633463657,0.06128918210390314
0.4,0.15,0.1,0.2,0.1,0.05,-0.09026247934180999,0.06147088263850742
0.4,0.15,0.05,0.1,0.15,0.15,-0.0900760876535313,0.06201120340237443
0.3,0.05,0.1,0.15,0.25,0.15,-0.09005219128323914,0.06208075766610302
0.25,0.05,0.1,0.15,0.3,0.15,-0.09004160860496692,0.06211158081335376
0.2,0.05,0.15,0.2,0.3,0.1,-0.09000149684054796,0.06222852505616621
0.2,0.25,0.2,0.15,0.1,0.1,-0.08998681764165423,0.0622713670162727
0.25,0.05,0.1,0.1,0.25,0.25,-0.089963604024799,0.06233916671917174
0.4,0.15,0.15,0.1,0.05,0.15,-0.08988252705416495,0.06257644471111205
0.2,0.35,0.15,0.05,0.05,0.2,-0.0898603375674651,0.06264151351703884
0.35,0.2,0.2,0.15,0.05,0.05,-0.08982483438874536,0.06274573956986418
0.2,0.2,0.15,0.15,0.15,0.15,-0.08981476377555081,0.06277532969050745
0.3,0.15,0.1,0.15,0.15,0.15,-0.08970688873251771,0.06309301683717523
0.2,0.45,0.05,0.05,0.05,0.2,-0.08969476985901242,0.06312878896660251
0.35,0.05,0.25,0.2,0.1,0.05,-0.08957358112395941,0.0634874298315459
0.2,0.15,0.15,0.2,0.15,0.15,-0.08955019681874496,0.06355682507083896
0.2,0.1,0.05,0.2,0.35,0.1,-0.08952664182517128,0.06362678996423936
0.2,0.25,0.1,0.2,0.2,0.05,-0.0895076954172968,0.06368311207148644
0.35,0.05,0.25,0.1,0.1,0.15,-0.08948840763270384,0.06374049113968941
0.2,0.3,0.1,0.15,0.15,0.1,-0.08947697151263546,0.06377453244780394
0.3,0.2,0.05,0.1,0.2,0.15,-0.0894638285089748,0.06381367302692303
0.2,0.3,0.2,0.05,0.05,0.2,-0.08945921992327559,0.0638274023264908
0.35,0.2,0.1,0.15,0.1,0.1,-0.08944334590586724,0.0638747107453951
0.25,0.2,0.2,0.25,0.05,0.05,-0.08942986152548811,0.06391492013173942
0.25,0.2,0.2,0.2,0.05,0.1,-0.08938514117536996,0.06404842190295149
0.25,0.25,0.1,0.05,0.1,0.25,-0.08938479979865149,0.06404944188220393
0.4,0.1,0.05,0.15,0.15,0.15,-0.08938309291505919,0.06405454197895075
0.2,0.15,0.15,0.15,0.15,0.2,-0.08937387574366079,0.06408208827593566
0.45,0.05,0.15,0.05,0.1,0.2,-0.08936329306538855,0.06411372752508401
0.6,0.05,0.1,0.15,0.05,0.05,-0.08934554147602869,0.06416682867534534
0.3,0.1,0.3,0.1,0.05,0.15,-0.08934246908556255,0.06417602293128033
0.2,0.4,0.05,0.1,0.1,0.15,-0.08930099181426979,0.06430025150425549
0.45,0.15,0.05,0.05,0.1,0.2,-0.08923527679596638,0.06449747949382204
0.3,0.25,0.05,0.1,0.15,0.15,-0.08921923209019882,0.06454570935481484
0.35,0.05,0.35,0.05,0.05,0.15,-0.08918338753476059,0.06465356406965485
0.4,0.15,0.05,0.2,0.15,0.05,-0.08909718991334965,0.06491353578110812
0.5,0.05,0.05,0.05,0.15,0.2,-0.08903744898761931,0.06509421791711363
0.2,0.2,0.2,0.2,0.1,0.1,-0.08899511827453037,0.06522249417466806
0.35,0.05,0.1,0.1,0.2,0.2,-0.08895159274292683,0.0653546076848133
0.2,0.1,0.25,0.2,0.15,0.1,-0.08894647209214994,0.06537016489754129
0.2,0.35,0.1,0.1,0.1,0.15,-0.08891523612241091,0.065465129804483
0.25,0.25,0.1,0.2,0.15,0.05,-0.0889000448584395,0.06551135587511385
0.25,0.2,0.15,0.15,0.1,0.15,-0.08889424145422568,0.06552902235074384
0.35,0.15,0.15,0.15,0.05,0.15,-0.08887495366963276,0.06558776552562547
0.3,0.15,0.25,0.1,0.05,0.15,-0.08883780613794598,0.0657010245178835
0.2,0.45,0.05,0.15,0.05,0.1,-0.08883091607295152,0.06572204926752812
0.45,0.05,0.15,0.15,0.1,0.1,-0.08882664886397078,0.06573507325106533
0.2,0.15,0.1,0.15,0.25,0.15,-0.08871109284477234,0.06608856951815158
0.25,0.1,0.2,0.2,0.15,0.1,-0.08858478345894245,0.06647674527322328
0.3,0.25,0.1,0.1,0.1,0.15,-0.08853494245804742,0.06663043133903647
0.25,0.05,0.3,0.15,0.15,0.1,-0.08844593261598577,0.06690562086336574
0.55,0.05,0.05,0.15,0.1,0.1,-0.08842672603829586,0.06696512350776655
0.25,0.3,0.15,0.1,0.05,0.15,-0.0884113640859652,0.0670127466106811
0.2,0.3,0.15,0.15,0.1,0.1,-0.08837210576334241,0.06713457632830117
0.25,0.2,0.15,0.2,0.05,0.15,-0.08836544891733246,0.06715525241384324
0.2,0.1,0.15,0.05,0.2,0.3,-0.08830707349847594,0.06733678958863878
0.35,0.1,0.15,0.1,0.1,0.2,-0.08828078749115457,0.06741866570258204
0.2,0.1,0.1,0.15,0.25,0.2,-0.08827686165889229,0.06743090095688191
0.35,0.05,0.25,0.05,0.1,0.2,-0.08825569630234785,0.06749689630917666
0.25,0.1,0.1,0.05,0.2,0.3,-0.08824699119602712,0.06752405492448169
0.2,0.15,0.05,0.05,0.25,0.3,-0.08821200008238507,0.06763331231039478
0.2,0.2,0.1,0.15,0.2,0.15,-0.08817240038304379,0.06775713446695385
0.2,0.25,0.2,0.25,0.05,0.05,-0.08815447810532469,0.06781323571606926
0.25,0.1,0.15,0.15,0.15,0.2,-0.08809815094677893,0.0679898018387722
0.2,0.25,0.1,0.1,0.15,0.2,-0.08808859239866207,0.06801980193307994
0.25,0.2,0.1,0.1,0.2,0.15,-0.08798396043445433,0.06834890564165329
0.3,0.25,0.15,0.15,0.05,0.1,-0.08794231247480233,0.06848026530635393
0.3,0.05,0.2,0.05,0.15,0.25,-0.08785833380206137,0.06874576695664948
0.3,0.25,0.1,0.2,0.1,0.05,-0.0878330719248954,0.06882579802476141
0.25,0.1,0.15,0.2,0.15,0.15,-0.08783221848309924,0.06882850310867478
0.3,0.2,0.05,0.1,0.15,0.2,-0.087813442763584,0.06888803698285623
0.35,0.05,0.05,0.15,0.25,0.15,-0.0877096642411724,0.06921785793578336
0.25,0.05,0.15,0.05,0.2,0.3,-0.08768030584338492,0.06931139672769711
0.45,0.1,0.1,0.05,0.1,0.2,-0.08766818696987963,0.06935003882453625
0.45,0.1,0.1,0.2,0.1,0.05,-0.08766716283972424,0.06935330516159828
0.4,0.15,0.05,0.1,0.1,0.2,-0.08757226011199261,0.069656532561821
0.4,0.05,0.1,0.15,0.2,0.1,-0.08756850496808954,0.06966855304082037
0.2,0.05,0.35,0.15,0.15,0.1,-0.08755280163904043,0.06971883888676879
0.25,0.05,0.05,0.1,0.35,0.2,-0.08750927610743689,0.06985837335662173
0.5,0.05,0.1,0.05,0.1,0.2,-0.0875087640423592,0.06986001629709558
0.45,0.15,0.05,0.1,0.1,0.15,-0.08750057100111618,0.06988630764319397
0.2,0.25,0.2,0.15,0.05,0.15,-0.08749869342916465,0.06989233388304451
0.2,0.3,0.1,0.1,0.1,0.2,-0.08749220727151394,0.06991315507283774
0.45,0.05,0.25,0.1,0.05,0.1,-0.0874787228911348,0.0699564574675077
0.2,0.4,0.1,0.05,0.05,0.2,-0.08745243688381345,0.07004093278875151
0.2,0.2,0.2,0.15,0.1,0.15,-0.08745209550709497,0.07004203041933753
0.4,0.05,0.3,0.1,0.05,0.1,-0.08742256642094826,0.07013702871392545
0.4,0.05,0.2,0.15,0.1,0.1,-0.08737255473169399,0.07029816209368471
0.25,0.15,0.1,0.2,0.15,0.15,-0.08731998271705127,0.07046787079457809
0.2,0.1,0.05,0.15,0.35,0.15,-0.08731588619642978,0.07048110890223729
0.25,0.15,0.2,0.2,0.1,0.1,-0.08731042416893443,0.0704987628746666
0.2,0.15,0.1,0.15,0.15,0.25,-0.08730257250440987,0.07052414679247633
0.25,0.25,0.05,0.15,0.2,0.1,-0.08724368502047566,0.07071476439966005
0.3,0.2,0.05,0.2,0.2,0.05,-0.08722405585916425,0.07077839709257094
0.3,0.1,0.3,0.2,0.05,0.05,-0.08720391463277517,0.07084373840036269
0.2,0.2,0.15,0.1,0.15,0.2,-0.08710116024051898,0.07117785742980445
0.3,0.1,0.15,0.05,0.15,0.25,-0.08699533345779664,0.07152331112843058
0.35,0.1,0.2,0.15,0.1,0.1,-0.08697672842664059,0.0715841853922569
0.25,0.25,0.15,0.15,0.1,0.1,-0.0869646095531353,0.07162386018398512
0.2,0.15,0.25,0.05,0.1,0.25,-0.08695689255973425,0.07164913344723173
0.35,0.2,0.1,0.2,0.1,0.05,-0.08694242006643545,0.07169655070112636
0.25,0.3,0.15,0.2,0.05,0.05,-0.08687977743859819,0.07190208670791666
0.2,0.35,0.05,0.15,0.15,0.1,-0.08687841193172435,0.07190657240760435
0.2,0.05,0.3,0.2,0.2,0.05,-0.0868388122323831,0.07203675709662943
0.25,0.2,0.2,0.15,0.05,0.15,-0.0868121848483433,0.07212440319207687
0.55,0.1,0.1,0.05,0.05,0.15,-0.08680604006741102,0.07214464156791373
0.3,0.1,0.05,0.15,0.25,0.15,-0.08675893008026365,0.07229995646202275
0.2,0.25,0.15,0.1,0.1,0.2,-0.08675773526174904,0.07230389915258169
0.2,0.2,0.15,0.1,0.1,0.25,-0.08673674059356382,0.07237320648664011
0.3,0.2,0.2,0.15,0.05,0.1,-0.08673443362506389,0.07238082552614375
0.2,0.1,0.25,0.25,0.15,0.05,-0.08673400957981614,0.07238222605750838
0.4,0.2,0.05,0.15,0.1,0.1,-0.08670226154499944,0.07248714588385573
0.2,0.15,0.2,0.15,0.1,0.2,-0.08666385666417277,0.0726142308120482
0.3,0.1,0.2,0.2,0.1,0.1,-0.08665463949277437,0.07264475822242648
0.3,0.3,0.05,0.1,0.1,0.15,-0.0866483240234829,0.07266568119474905
0.25,0.3,0.05,0.15,0.15,0.1,-0.08663739996849219,0.07270188388600736
0.45,0.05,0.15,0.2,0.1,0.05,-0.08656554016925655,0.07294039653917134
0.3,0.25,0.05,0.2,0.15,0.05,-0.08655666437457661,0.07296990075619064
0.3,0.15,0.2,0.15,0.05,0.15,-0.0865399904279202,0.07302535328695885
0.3,0.05,0.3,0.15,0.1,0.1,-0.08652696460007067,0.0730686971734127
0.25,0.15,0.05,0.1,0.25,0.2,-0.08652269739108992,0.07308290101726746
0.3,0.25,0.15,0.05,0.05,0.2,-0.08645425135903886,0.07331103847171949
0.4,0.2,0.15,0.15,0.05,0.05,-0.08641926024539678,0.07342789139007372
0.2,0.2,0.05,0.15,0.15,0.25,-0.08637573471379326,0.07357345683025587
0.25,0.4,0.05,0.05,0.05,0.2,-0.08635747105935569,0.07363460723028843
0.3,0.05,0.25,0.2,0.15,0.05,-0.08628851296222693,0.07386586634790708
0.45,0.15,0.05,0.15,0.1,0.1,-0.0862801492326247,0.07389395529309144
0.25,0.1,0.25,0.2,0.1,0.1,-0.08626649416388632,0.07393983349558592
0.25,0.2,0.15,0.05,0.1,0.25,-0.08625898387608022,0.07396507639585366
0.2,0.2,0.1,0.2,0.15,0.15,-0.08611594703104584,0.07444718039153234
0.3,0.05,0.4,0.05,0.05,0.15,-0.08610399884589977,0.07448756712659499
0.2,0.25,0.1,0.1,0.1,0.25,-0.08608436968458835,0.07455395548610641
0.45,0.1,0.15,0.15,0.05,0.1,-0.08608198004755915,0.07456204083536168
0.25,0.1,0.05,0.05,0.25,0.3,-0.08604511136196555,0.07468687671853304
0.25,0.15,0.15,0.15,0.15,0.15,-0.08602770114932415,0.07474588610859698
0.3,0.15,0.1,0.1,0.1,0.25,-0.08600192720708047,0.07483331281530575
0.25,0.2,0.1,0.15,0.1,0.2,-0.08597700670663296,0.07491792371968047
0.2,0.05,0.4,0.1,0.1,0.15,-0.08593057947292251,0.07507576262092933
0.25,0.2,0.1,0.15,0.15,0.15,-0.08591351063699956,0.07513385961221443
0.25,0.2,0.05,0.2,0.25,0.05,-0.08587203336570677,0.07527518775604126
0.35,0.05,0.2,0.2,0.15,0.05,-0.08578515299085891,0.07557192175909298
0.25,0.1,0.15,0.1,0.15,0.25,-0.08577388755914976,0.07561046765405313
0.45,0.05,0.25,0.15,0.05,0.05,-0.0855847648571234,0.07625996214080719
0.25,0.25,0.1,0.1,0.1,0.2,-0.08557059772330734,0.07630879761086083
0.2,0.2,0.15,0.25,0.15,0.05,-0.08553884968849063,0.07641832843344842
0.5,0.05,0.1,0.2,0.1,0.05,-0.08551136886265466,0.07651324049362077
0.25,0.25,0.15,0.25,0.05,0.05,-0.08547501224213877,0.07663895454153472
0.35,0.2,0.15,0.15,0.05,0.1,-0.08546681920089574,0.07666730762479121
0.2,0.15,0.1,0.05,0.2,0.3,-0.08542226953913684,0.07682162669783257
0.3,0.05,0.2,0.2,0.2,0.05,-0.08541783164179687,0.07683701328863071
0.2,0.2,0.1,0.15,0.15,0.2,-0.0854174902650784,0.07683819697621705
0.2,0.35,0.15,0.15,0.05,0.1,-0.08538796117893169,0.07694064201968798
0.25,0.15,0.15,0.2,0.1,0.15,-0.08538523016518401,0.07695012230754004
0.2,0.1,0.1,0.05,0.2,0.35,-0.08537328198003794,0.07699160972259557
0.4,0.05,0.05,0.15,0.25,0.1,-0.08536696651074645,0.07701354612255996
0.4,0.1,0.15,0.05,0.1,0.2,-0.08535757865098881,0.07704616366515377
0.2,0.3,0.05,0.2,0.2,0.05,-0.08533743742459973,0.07711618097587068
0.25,0.2,0.1,0.1,0.1,0.25,-0.08525175186826647,0.07741462894143243
0.4,0.15,0.05,0.15,0.15,0.1,-0.08521915039165362,0.07752842781987619
0.35,0.2,0.15,0.1,0.05,0.15,-0.08517460072989472,0.0776841526121489
0.35,0.25,0.05,0.15,0.1,0.1,-0.08510905639995053,0.07791372636598017
0.5,0.1,0.15,0.05,0.05,0.15,-0.0850539240599194,0.07810725737507168
0.2,0.05,0.1,0.15,0.3,0.2,-0.08503924486102565,0.07815885144439023
0.25,0.25,0.05,0.1,0.1,0.25,-0.08503002768962725,0.07819126184828942
0.35,0.25,0.05,0.1,0.1,0.15,-0.08500237617543205,0.07828855847918723
0.45,0.05,0.1,0.15,0.15,0.1,-0.08497489534959611,0.07838535178686734
0.25,0.4,0.05,0.15,0.05,0.1,-0.08489330631388436,0.07867329768453257
0.45,0.15,0.1,0.1,0.05,0.15,-0.08474668501330615,0.07919291211433759
0.2,0.3,0.15,0.2,0.1,0.05,-0.08470520774201337,0.07934040793743682
0.45,0.25,0.05,0.15,0.05,0.05,-0.0846852372039835,0.07941150379252887
0.6,0.05,0.05,0.15,0.1,0.05,-0.08457565527735812,0.079802538743395
0.35,0.35,0.05,0.15,0.05,0.05,-0.08456780361283356,0.07983061659340901
0.3,0.35,0.05,0.15,0.05,0.1,-0.08454943863730707,0.07989632168639861
0.4,0.1,0.1,0.2,0.15,0.05,-0.08452735047169616,0.07997540539006749
0.55,0.05,0.15,0.15,0.05,0.05,-0.08450635580351092,0.08005063272256806
0.45,0.1,0.1,0.15,0.1,0.1,-0.08450550236171475,0.08005369195573439
0.5,0.2,0.05,0.05,0.05,0.15,-0.0844583923745674,0.08022270852187209
0.4,0.15,0.05,0.15,0.1,0.15,-0.08437833953408874,0.08051057668567034
0.5,0.2,0.05,0.15,0.05,0.05,-0.08433652088607749,0.08066128769962577
0.2,0.1,0.1,0.2,0.3,0.1,-0.08431842791999913,0.08072656400027294
0.5,0.15,0.1,0.05,0.05,0.15,-0.08431399002265917,0.08074258169509209
0.2,0.15,0.1,0.2,0.2,0.15,-0.0842904350290855,0.08082764174658218
0.25,0.15,0.15,0.15,0.1,0.2,-0.08428446093651244,0.08084922647044032
0.2,0.05,0.1,0.1,0.3,0.25,-0.08424503192553041,0.08099180264175047
0.2,0.1,0.15,0.2,0.2,0.15,-0.08423137685679206,0.08104122706505872
0.2,0.1,0.05,0.05,0.3,0.3,-0.084217209722976,0.08109253068976399
0.25,0.1,0.1,0.2,0.25,0.1,-0.08412793971109893,0.08141640997138035
0.35,0.05,0.35,0.1,0.05,0.1,-0.08402006466806584,0.08180918483958818
0.25,0.05,0.2,0.2,0.25,0.05,-0.0840123836919005,0.0818372097178715
0.3,0.1,0.05,0.1,0.2,0.25,-0.08401067680830822,0.08184343852234786
0.35,0.05,0.15,0.2,0.2,0.05,-0.08398831663324914,0.08192507125861566
0.2,0.15,0.15,0.2,0.2,0.1,-0.08376130111547381,0.08275759289738858
0.25,0.05,0.2,0.15,0.2,0.15,-0.08373808749861857,0.08284310661009442
0.3,0.15,0.05,0.15,0.2,0.15,-0.08367049490836367,0.08309250886423034
0.2,0.1,0.05,0.15,0.3,0.2,-0.08366417943907216,0.0831158425327852
0.6,0.1,0.05,0.1,0.05,0.1,-0.0836291883254301,0.08324521953702564
0.3,0.05,0.25,0.15,0.15,0.1,-0.08362594524660474,0.08325721880375066
0.4,0.2,0.1,0.1,0.05,0.15,-0.08358839380757423,0.08339625938543702
0.2,0.05,0.3,0.05,0.15,0.25,-0.08355749921455369,0.08351079233477254
0.25,0.05,0.4,0.2,0.05,0.05,-0.08353667523472767,0.08358806293253492
0.25,0.3,0.15,0.05,0.05,0.2,-0.08346703438416202,0.08384689527980259
0.2,0.15,0.05,0.15,0.2,0.25,-0.08346327924025895,0.08386087027868172
0.3,0.1,0.05,0.2,0.25,0.1,-0.08346020684979281,0.08387230576633956
0.3,0.2,0.1,0.2,0.1,0.1,-0.08344655178105445,0.08392314537741516
0.3,0.15,0.15,0.2,0.1,0.1,-0.08342419160599537,0.08400644892253369
0.2,0.1,0.3,0.2,0.1,0.1,-0.08342180196896616,0.08401535553516307
0.3,0.15,0.05,0.15,0.15,0.2,-0.08341685200654851,0.08403380737015467
0.45,0.15,0.1,0.15,0.05,0.1,-0.08332536304600144,0.08437543710610011
0.2,0.3,0.1,0.05,0.1,0.25,-0.08330590457304927,0.0844482413933277
0.35,0.05,0.2,0.15,0.15,0.1,-0.08327262034299951,0.08457289245848475
0.45,0.1,0.05,0.2,0.15,0.05,-0.08311114915516833,0.08517971681848371
0.4,0.25,0.05,0.05,0.05,0.2,-0.08306318572622483,0.0853606423094294
0.2,0.25,0.05,0.15,0.1,0.25,-0.08304953065748645,0.08541220792356566
0.2,0.3,0.2,0.15,0.05,0.1,-0.0829995189682322,0.08560128127539332
0.2,0.05,0.45,0.1,0.05,0.15,-0.08298262082066846,0.08566524226926575
0.3,0.25,0.1,0.2,0.05,0.1,-0.08297920705348388,0.08567816835428442
0.3,0.05,0.3,0.05,0.1,0.2,-0.08292663503884116,0.08587742849376921
0.2,0.3,0.15,0.05,0.05,0.25,-0.08290444555214131,0.08596164370839642
0.2,0.15,0.2,0.2,0.1,0.15,-0.08288259744215994,0.08604462825800556
0.3,0.2,0.15,0.2,0.05,0.1,-0.08283405124007273,0.08622924966644947
0.2,0.15,0.05,0.15,0.3,0.15,-0.08282200307463342,0.08627511824233688
0.25,0.1,0.1,0.2,0.2,0.15,-0.08279281536520518,0.08638632020431859
0.2,0.2,0.15,0.2,0.1,0.15,-0.08278991366309826,0.08639738167132571
0.25,0.35,0.05,0.15,0.1,0.1,-0.08278513438903984,0.08641560304307269
0.25,0.25,0.05,0.1,0.15,0.2,-0.08277608790600068,0.08645010196428415
0.2,0.25,0.05,0.05,0.15,0.3,-0.08277318620389378,0.08646117000346348
0.25,0.1,0.25,0.05,0.1,0.25,-0.08272914860721255,0.08662928379578873
0.3,0.3,0.1,0.05,0.05,0.2,-0.08272573484002795,0.08664232684976658
0.2,0.15,0.2,0.25,0.15,0.05,-0.08269688850731814,0.08675260375395248
0.35,0.05,0.1,0.05,0.2,0.25,-0.08268801271263822,0.0867865578182681
0.2,0.25,0.15,0.25,0.1,0.05,-0.0826868178941236,0.08679112937406461
0.2,0.25,0.15,0.2,0.1,0.1,-0.08267367489046293,0.0868414292752959
0.3,0.1,0.15,0.2,0.15,0.1,-0.08266019051008379,0.08689306003770617
0.2,0.1,0.3,0.05,0.1,0.25,-0.08263697689322856,0.0869820012187908
0.2,0.25,0.05,0.1,0.2,0.2,-0.08261376327637333,0.08707101561221992
0.2,0.05,0.3,0.3,0.1,0.05,-0.08259328067326581,0.08714961855467673
0.2,0.05,0.1,0.2,0.35,0.1,-0.08257245669343977,0.08722959003763309
0.2,0.15,0.05,0.2,0.2,0.2,-0.08255828955962372,0.08728403058989191
0.3,0.2,0.1,0.05,0.1,0.25,-0.08255436372736145,0.0872991213596208
0.35,0.25,0.1,0.05,0.05,0.2,-0.08253473456605004,0.08737460668116413
0.4,0.25,0.1,0.15,0.05,0.05,-0.082530979422147,0.08738905332990313
0.25,0.15,0.2,0.05,0.1,0.25,-0.0824778953424266,0.08759348195708258
0.2,0.25,0.15,0.2,0.05,0.15,-0.08247704190063045,0.08759677172826791
0.2,0.1,0.2,0.2,0.2,0.1,-0.08245980237634827,0.08766324637609788
0.2,0.15,0.25,0.25,0.1,0.05,-0.08243727151292995,0.08775018525649762
0.55,0.15,0.05,0.15,0.05,0.05,-0.08238179779618034,0.08796453470499947
0.35,0.15,0.05,0.2,0.15,0.1,-0.08230584147632318,0.08825871083475517
0.35,0.15,0.2,0.05,0.05,0.2,-0.082299013941954,0.08828519230234558
0.25,0.2,0.1,0.1,0.15,0.2,-0.08228450543141948,0.08834148661525032
0.3,0.25,0.1,0.15,0.1,0.1,-0.08228382267798257,0.08834413646963964
0.25,0.3,0.1,0.15,0.1,0.1,-0.08226470558174885,0.0884183583195836
0.25,0.1,0.05,0.15,0.2,0.25,-0.08216297531964803,0.08881416746207506
0.2,0.35,0.1,0.1,0.05,0.2,-0.08214744267895814,0.08887472641458538
0.3,0.15,0.05,0.2,0.2,0.1,-0.08212747214092826,0.08895263663717329
0.25,0.3,0.05,0.2,0.15,0.05,-0.08211586533250066,0.08899794298202333
0.2,0.25,0.2,0.2,0.05,0.1,-0.08211535326742296,0.08899994221796473
0.35,0.2,0.05,0.15,0.15,0.1,-0.08211518257906375,0.08900060863795718
0.2,0.35,0.05,0.05,0.1,0.25,-0.08211159812351992,0.08901460438324167
0.2,0.2,0.05,0.15,0.25,0.15,-0.08209572410611157,0.0890766067811355
0.6,0.05,0.05,0.1,0.1,0.1,-0.08209452928759696,0.0890812750309
0.25,0.15,0.05,0.1,0.2,0.25,-0.08209196896220851,0.08909127908458277
0.2,0.15,0.05,0.25,0.3,0.05,-0.08203939694756582,0.08929689510805383
0.25,0.15,0.05,0.05,0.2,0.3,-0.08203000908780818,0.08933365230241173
0.2,0.1,0.15,0.25,0.25,0.05,-0.08201294025188523,0.08940051467466077
0.25,0.25,0.15,0.15,0.05,0.15,-0.08195575965154331,0.08962479628990674
0.3,0.15,0.2,0.25,0.05,0.05,-0.081945859726708,0.08966367294456183
0.35,0.2,0.1,0.2,0.05,0.1,-0.0819274253839112,0.08973610000899081
0.25,0.25,0.2,0.1,0.05,0.15,-0.08187553612270541,0.08994022080380071
0.5,0.1,0.1,0.15,0.05,0.1,-0.0817813161484107,0.0903118131578395
0.25,0.3,0.15,0.15,0.05,0.1,-0.08177721962778918,0.09032799722986022
0.3,0.05,0.05,0.15,0.3,0.15,-0.0817456422813317,0.0904528275148115
0.25,0.2,0.15,0.25,0.1,0.05,-0.08172294072955416,0.09054265579592367
0.2,0.15,0.05,0.2,0.3,0.1,-0.08170740808886429,0.09060415844578999
0.2,0.05,0.2,0.15,0.25,0.15,-0.0816705394032707,0.09075027684457605
0.35,0.1,0.25,0.1,0.05,0.15,-0.08163964481025014,0.09087286404162596
0.25,0.2,0.1,0.2,0.15,0.1,-0.08162752593674483,0.09092098695546216
0.35,0.15,0.05,0.15,0.15,0.15,-0.08162257597432718,0.09094064866682958
0.2,0.35,0.1,0.15,0.05,0.15,-0.0815643712438299,0.09117209894775971
0.25,0.25,0.1,0.2,0.05,0.15,-0.0815437179523631,0.09125433981981602
0.2,0.15,0.3,0.25,0.05,0.05,-0.08152186984238174,0.09134140310437407
0.4,0.1,0.05,0.05,0.15,0.25,-0.0814744184785159,0.09153072286716873
0.3,0.1,0.2,0.15,0.1,0.15,-0.08146451855368059,0.09157026083113509
0.2,0.4,0.05,0.15,0.1,0.1,-0.0814114344739602,0.09178249948398282
0.2,0.3,0.05,0.1,0.15,0.2,-0.08140290005599872,0.09181665817838373
0.35,0.1,0.05,0.2,0.2,0.1,-0.08131158178381089,0.0921827937161985
0.2,0.05,0.45,0.2,0.05,0.05,-0.08130663182139324,0.09220267365756926
0.25,0.15,0.05,0.2,0.15,0.2,-0.08130441287272325,0.0922115864692795
0.3,0.15,0.2,0.2,0.05,0.1,-0.08129046884933322,0.09226761096394713
0.5,0.15,0.05,0.15,0.05,0.1,-0.081275225163295,0.09232888842812616
0.2,0.15,0.1,0.2,0.25,0.1,-0.08124369172569176,0.092455751763386
0.3,0.05,0.15,0.2,0.25,0.05,-0.08115250023300892,0.0928234127264184
0.3,0.05,0.05,0.1,0.25,0.25,-0.08114908646582433,0.09283719884732756
0.25,0.15,0.2,0.25,0.1,0.05,-0.08114584338699898,0.09285029717921375
0.25,0.05,0.25,0.1,0.15,0.2,-0.08113150556482367,0.0929082233095623
0.25,0.3,0.1,0.1,0.05,0.2,-0.08102209432655753,0.09335120731363428
0.25,0.05,0.05,0.15,0.3,0.2,-0.08101441335039218,0.09338236936501781
0.2,0.3,0.05,0.2,0.15,0.1,-0.0809964910726731,0.09345511316201295
0.55,0.1,0.1,0.15,0.05,0.05,-0.08095501380138029,0.09362363683682984
0.3,0.05,0.3,0.1,0.1,0.15,-0.08095279485271031,0.09363265934748267
0.4,0.05,0.15,0.15,0.15,0.1,-0.0809504052156811,0.09364237667467235
0.2,0.2,0.15,0.2,0.05,0.2,-0.08094238286279731,0.09367500502600608
0.4,0.2,0.1,0.05,0.05,0.2,-0.08090534348884448,0.09382576866812359
0.3,0.15,0.1,0.2,0.1,0.15,-0.08088264193706694,0.09391826799885088
0.25,0.2,0.1,0.05,0.15,0.25,-0.08084338361444415,0.09407840121039703
0.25,0.05,0.3,0.25,0.1,0.05,-0.08083519057320113,0.09411184781406047
0.4,0.2,0.1,0.15,0.05,0.1,-0.08079644431565602,0.09427015110135142
0.35,0.25,0.05,0.2,0.1,0.05,-0.08072458451642037,0.09456430746210977
0.4,0.1,0.1,0.15,0.1,0.15,-0.0807162207868181,0.09459859176069059
0.2,0.35,0.15,0.2,0.05,0.05,-0.08070034676940976,0.09466368925863794
0.2,0.25,0.05,0.05,0.2,0.25,-0.08063889896008714,0.09491601689420416
0.25,0.15,0.2,0.2,0.05,0.15,-0.08062899903525181,0.09495671985928734
0.2,0.3,0.05,0.05,0.15,0.25,-0.08062746284001873,0.09496303708536324
0.35,0.25,0.15,0.15,0.05,0.05,-0.0806214887474457,0.09498760726520707
0.35,0.2,0.05,0.05,0.1,0.25,-0.08056072369155998,0.09523780953265429
0.35,0.2,0.15,0.05,0.05,0.2,-0.08051924642026718,0.09540889552317766
0.4,0.1,0.05,0.2,0.15,0.1,-0.08039276634607806,0.09593211682906917
0.35,0.1,0.15,0.2,0.1,0.1,-0.08038884051381578,0.09594839371448786
0.25,0.15,0.25,0.25,0.05,0.05,-0.0803480459959599,0.0961176621865375
0.2,0.1,0.4,0.05,0.05,0.2,-0.08032807545793005,0.09620061261292193
0.4,0.1,0.1,0.2,0.1,0.1,-0.08032090654684242,0.09623040360941643
0.25,0.25,0.1,0.2,0.1,0.1,-0.08023385548363533,0.09659273874282844
0.25,0.35,0.1,0.15,0.05,0.1,-0.08020637465779937,0.09670734854942302
0.45,0.2,0.05,0.15,0.05,0.1,-0.08015397333151587,0.09692619060208175
0.2,0.35,0.1,0.15,0.1,0.1,-0.08013093040301988,0.09702254891833664
0.3,0.25,0.05,0.1,0.1,0.2,-0.08012666319403916,0.0970404014245258
0.2,0.35,0.05,0.1,0.1,0.2,-0.08012580975224301,0.09704397223983574
0.2,0.3,0.15,0.25,0.05,0.05,-0.08009662204281476,0.09716615715451453
0.2,0.3,0.15,0.15,0.05,0.15,-0.0800935496523486,0.09717902585111235
0.2,0.05,0.05,0.15,0.35,0.2,-0.0800848445460279,0.09721549453205121
0.4,0.25,0.05,0.15,0.05,0.1,-0.08000701065421922,0.09754205221064527
0.3,0.2,0.05,0.1,0.1,0.25,-0.07993634567349817,0.09783928829649383
0.35,0.1,0.1,0.2,0.15,0.1,-0.07990732865242915,0.09796155043668485
0.25,0.3,0.05,0.1,0.1,0.2,-0.07989299083025385,0.098022007200334
0.25,0.25,0.1,0.15,0.15,0.1,-0.0798788236964378,0.0980817734108064
0.25,0.2,0.05,0.2,0.2,0.1,-0.07986738757636941,0.09813003958018059
0.25,0.05,0.15,0.15,0.25,0.15,-0.0798458808431065,0.09822086000301428
0.3,0.2,0.15,0.25,0.05,0.05,-0.07981259661305673,0.09836154729443392
0.2,0.1,0.1,0.2,0.2,0.2,-0.07980918284587213,0.09837598582324615
0.25,0.1,0.15,0.25,0.2,0.05,-0.07976634006770551,0.09855733280821337
0.5,0.05,0.05,0.1,0.15,0.15,-0.07976599869098705,0.09855877887156125
0.2,0.25,0.15,0.15,0.05,0.2,-0.07972315591282042,0.09874039386954381
0.25,0.35,0.05,0.2,0.1,0.05,-0.07972076627579121,0.09875053162370706
0.45,0.1,0.05,0.15,0.1,0.15,-0.07969669921713984,0.09885267946208917
0.4,0.2,0.05,0.2,0.1,0.05,-0.07968867686425606,0.09888674741332391
0.3,0.1,0.1,0.2,0.2,0.1,-0.07962210840415651,0.09916979932152206
0.4,0.05,0.2,0.2,0.1,0.05,-0.07951423336112343,0.09962985620250012
0.2,0.15,0.05,0.1,0.2,0.3,-0.07938792397529354,0.10017068476099815
0.4,0.3,0.05,0.15,0.05,0.05,-0.07938041368748744,0.10020291545903241
0.25,0.1,0.05,0.15,0.3,0.15,-0.07935617594047684,0.10030698891580883
0.5,0.05,0.2,0.1,0.05,0.1,-0.07935207941985534,0.10032458727582723
0.25,0.1,0.2,0.25,0.15,0.05,-0.0793230623987863,0.10044931255288275
0.4,0.05,0.1,0.2,0.2,0.05,-0.0792682714354736,0.10068515904562915
0.2,0.25,0.1,0.15,0.2,0.1,-0.0792319148149577,0.10084189787326085
0.2,0.2,0.1,0.1,0.2,0.2,-0.07921928387637472,0.1008963970618828
0.2,0.25,0.15,0.3,0.05,0.05,-0.07917575834477118,0.10108437747572109
0.3,0.2,0.05,0.05,0.15,0.25,-0.07915220335119749,0.10118622393316593
0.2,0.4,0.05,0.2,0.1,0.05,-0.07910987263810855,0.1013694570470637
0.3,0.3,0.1,0.1,0.05,0.15,-0.07904836006991339,0.10163619015834616
0.2,0.3,0.2,0.2,0.05,0.05,-0.07900387516702699,0.10182943401716552
0.3,0.15,0.1,0.15,0.1,0.2,-0.0789209206244414,0.10219056968298824
0.45,0.05,0.1,0.05,0.1,0.25,-0.07888234505525553,0.10235885080827031
0.25,0.05,0.05,0.25,0.35,0.05,-0.0788608383219926,0.10245276661414322
0.2,0.1,0.2,0.25,0.2,0.05,-0.07881765416710752,0.10264154989252822
0.3,0.1,0.1,0.1,0.15,0.25,-0.0787990491359515,0.10272296834402118
0.3,0.3,0.05,0.15,0.1,0.1,-0.07878215098838776,0.10279696156710694
0.2,0.05,0.25,0.15,0.2,0.15,-0.07872906690866735,0.10302967974535332
0.35,0.05,0.15,0.05,0.15,0.25,-0.0786894672093261,0.10320355473861476
0.35,0.15,0.05,0.05,0.15,0.25,-0.0786848586236269,0.10322380528408018
0.45,0.05,0.1,0.2,0.1,0.1,-0.07864047965022722,0.1034189716954735
0.2,0.15,0.1,0.1,0.15,0.3,-0.07863399349257648,0.10344752048330721
0.2,0.2,0.25,0.15,0.05,0.15,-0.0785745939435646,0.10370925772299806
0.2,0.3,0.1,0.2,0.15,0.05,-0.07855854923779701,0.10378004674918696
0.4,0.05,0.05,0.1,0.2,0.2,-0.0785256063844657,0.10392551010063485
0.2,0.25,0.2,0.05,0.05,0.25,-0.07849522385652284,0.10405981106569336
0.25,0.1,0.05,0.2,0.3,0.1,-0.0784846411782506,0.1041066223039517
0.25,0.2,0.05,0.1,0.15,0.25,-0.07836362313155683,0.10464311755885562
0.5,0.1,0.05,0.05,0.1,0.2,-0.07831446488409871,0.1048616689135208
0.25,0.05,0.1,0.05,0.25,0.3,-0.07828339960271893,0.10499996732169149
0.4,0.25,0.05,0.1,0.05,0.15,-0.07825862659636106,0.10511035674350248
0.35,0.25,0.1,0.1,0.05,0.15,-0.07821922077964862,0.10528613960884425
0.25,0.3,0.05,0.05,0.1,0.25,-0.07819703129294878,0.10538522551823473
0.2,0.05,0.05,0.1,0.35,0.25,-0.07815589539837445,0.1055691105863351
0.25,0.25,0.15,0.2,0.05,0.1,-0.07814172826455838,0.10563249899042862
0.3,0.2,0.1,0.15,0.1,0.15,-0.0781014458117802,0.10581290031351086
0.4,0.05,0.05,0.2,0.25,0.05,-0.07806355299603124,0.10598282205687684
0.2,0.25,0.1,0.2,0.15,0.1,-0.07805792028017666,0.10600809909433467
0.3,0.2,0.1,0.25,0.1,0.05,-0.07805621339658436,0.10601575974316806
0.3,0.25,0.15,0.1,0.05,0.15,-0.0780508758801897,0.10603971782527812
0.25,0.2,0.05,0.15,0.15,0.2,-0.07804511865323444,0.10606556462471804
0.2,0.05,0.35,0.25,0.1,0.05,-0.078009103409437,0.10622736636707311
0.35,0.05,0.25,0.15,0.1,0.1,-0.07800551895389318,0.10624348052282977
0.25,0.2,0.05,0.15,0.2,0.15,-0.07790788521241386,0.10668314262724708
0.25,0.35,0.05,0.1,0.05,0.2,-0.07788637847915093,0.10678018413213496
0.25,0.35,0.05,0.15,0.05,0.15,-0.0778839888421217,0.10679097082316795
0.25,0.2,0.15,0.2,0.1,0.1,-0.07788245264688864,0.10679790557892659
0.2,0.2,0.1,0.1,0.15,0.25,-0.07787767337283023,0.10681948264885079
0.2,0.4,0.1,0.15,0.05,0.1,-0.07786726138291722,0.10686650175601511
0.55,0.15,0.05,0.05,0.05,0.15,-0.0778527528723827,0.10693204743510018
0.3,0.1,0.1,0.05,0.15,0.3,-0.07783261164599362,0.10702309287677186
0.3,0.25,0.05,0.15,0.15,0.1,-0.07781212904288605,0.10711574421898025
0.3,0.3,0.1,0.15,0.05,0.1,-0.0777684328229233,0.1073136120486445
0.25,0.1,0.3,0.1,0.05,0.2,-0.07760696163509212,0.1080472993993543
0.3,0.1,0.1,0.2,0.15,0.15,-0.07754329487709948,0.10833767160109326
0.35,0.3,0.1,0.15,0.05,0.05,-0.07750335380103976,0.10852014929277888
0.3,0.15,0.15,0.05,0.1,0.25,-0.0774349077689887,0.1088334201732092
0.2,0.35,0.1,0.2,0.1,0.05,-0.07743029918328949,0.10885453881220764
0.4,0.05,0.15,0.05,0.1,0.25,-0.0773864322749675,0.10905571870478224
0.2,0.05,0.3,0.2,0.15,0.1,-0.07735263597984005,0.1092109130732376
0.2,0.1,0.3,0.25,0.1,0.05,-0.07732566721908177,0.10933487984164719
0.2,0.2,0.1,0.05,0.15,0.3,-0.07725756256374916,0.10964842867812395
0.2,0.1,0.05,0.2,0.3,0.15,-0.07724202992305927,0.10972003890666941
0.25,0.15,0.05,0.15,0.25,0.15,-0.07724015235110776,0.10972869758293606
0.25,0.2,0.05,0.05,0.15,0.3,-0.07722120594323327,0.10981610161625617
0.25,0.2,0.05,0.25,0.2,0.05,-0.07709831032458797,0.11038437867309323
0.2,0.15,0.25,0.3,0.05,0.05,-0.07704727450517834,0.1106210506555997
0.25,0.15,0.15,0.25,0.15,0.05,-0.07698804564452566,0.11089621724449238
0.3,0.1,0.05,0.2,0.2,0.15,-0.07698685082601106,0.11090177369173188
0.25,0.1,0.25,0.25,0.1,0.05,-0.0769651734043889,0.11100262156165076
0.3,0.1,0.05,0.05,0.2,0.3,-0.07692864609551377,0.11117271738041837
0.2,0.25,0.15,0.15,0.1,0.15,-0.07691345483154233,0.11124351849886839
0.3,0.15,0.05,0.2,0.15,0.15,-0.07689143603320171,0.1113462032934774
0.2,0.15,0.25,0.25,0.05,0.1,-0.07686634484439497,0.11146330705336362
0.2,0.1,0.2,0.05,0.15,0.3,-0.07679346091500396,0.11180401488547034
0.2,0.25,0.1,0.2,0.1,0.15,-0.07679226609648934,0.11180960707270617
0.25,0.2,0.1,0.25,0.1,0.1,-0.07676990592143026,0.11191430142938273
0.25,0.2,0.2,0.1,0.05,0.2,-0.07676393182885723,0.11194228624422152
0.2,0.1,0.05,0.1,0.25,0.3,-0.07671665115335062,0.1121639601337717
0.2,0.35,0.1,0.05,0.05,0.25,-0.07669138927618466,0.11228254093047885
0.45,0.05,0.05,0.15,0.2,0.1,-0.076673808375184,0.11236512487365963
0.35,0.1,0.05,0.2,0.15,0.15,-0.07666407913870792,0.11241084717660375
0.3,0.15,0.05,0.1,0.15,0.25,-0.0766490585630957,0.11248146469795683
0.45,0.2,0.05,0.1,0.05,0.15,-0.07663284316896891,0.11255773863904134
0.3,0.3,0.05,0.2,0.1,0.05,-0.07661918810023054,0.11262200083605027
0.4,0.05,0.05,0.05,0.2,0.25,-0.07661116574734675,0.1126597683145445
0.3,0.05,0.25,0.25,0.1,0.05,-0.0765364042460042,0.11301220760772143
0.2,0.2,0.1,0.25,0.15,0.1,-0.07653264910210114,0.11302993284795511
0.2,0.3,0.1,0.15,0.1,0.15,-0.0765237733074212,0.1130718375484776
0.35,0.15,0.15,0.2,0.05,0.1,-0.07646181343302087,0.1133647044980098
0.2,0.25,0.1,0.05,0.1,0.3,-0.0764037793908828,0.11363955490148285
0.3,0.2,0.05,0.15,0.1,0.2,-0.07639558634963979,0.1136783994037478
0.35,0.2,0.1,0.15,0.05,0.15,-0.07633755230750174,0.11395384635654528
0.25,0.2,0.05,0.1,0.2,0.2,-0.07627764069341215,0.11423875389078852
0.35,0.2,0.05,0.2,0.1,0.1,-0.07624981849085774,0.11437125122248716
0.45,0.1,0.05,0.2,0.1,0.1,-0.07622472730205099,0.11449084601507184
0.3,0.05,0.2,0.1,0.15,0.2,-0.0762184118327595,0.11452096354936794
0.35,0.05,0.15,0.15,0.15,0.15,-0.07602229090800472,0.1154593308873634
0.3,0.05,0.35,0.2,0.05,0.05,-0.07599207906842106,0.11560441755146696
0.45,0.05,0.25,0.05,0.05,0.15,-0.07598013088327499,0.11566183585661304
0.6,0.05,0.1,0.05,0.05,0.15,-0.07595555175954595,0.11578002376289638
0.25,0.1,0.2,0.2,0.1,0.15,-0.07593575190987531,0.11587529946676116
0.2,0.2,0.15,0.25,0.1,0.1,-0.07586303866884352,0.11622571821603557
0.2,0.25,0.1,0.25,0.1,0.1,-0.07585194392549358,0.11627925875007951
0.25,0.3,0.1,0.15,0.05,0.15,-0.07580193223623932,0.11652084275561736
0.2,0.3,0.1,0.15,0.05,0.2,-0.07575960152315038,0.11672563028059493
0.2,0.35,0.05,0.15,0.1,0.15,-0.07574799471472278,0.11678183087801852
0.25,0.3,0.1,0.2,0.1,0.05,-0.07573451033434364,0.11684714933848152
0.35,0.3,0.05,0.15,0.05,0.1,-0.07572307421427525,0.11690256841023253
0.3,0.05,0.1,0.2,0.2,0.15,-0.0757210259539645,0.1169124963856118
0.2,0.4,0.1,0.2,0.05,0.05,-0.07568671759375936,0.11707888807025767
0.2,0.05,0.25,0.25,0.2,0.05,-0.07568415726837091,0.11709131278577666
0.4,0.05,0.3,0.05,0.05,0.15,-0.07567545216205021,0.11713356453516956
0.25,0.25,0.05,0.2,0.15,0.1,-0.07554248593021036,0.11778042292914834
0.4,0.05,0.05,0.15,0.2,0.15,-0.07550254485415064,0.11797527410656117
0.4,0.2,0.1,0.2,0.05,0.05,-0.07544485218873104,0.1182571705994033
0.25,0.15,0.15,0.1,0.1,0.25,-0.0754047404243121,0.11845347378218164
0.2,0.25,0.05,0.2,0.2,0.1,-0.07535933732075702,0.11867597941622274
0.2,0.1,0.1,0.25,0.3,0.05,-0.07535865456732009,0.11867932785603075
0.25,0.1,0.05,0.25,0.3,0.05,-0.07526341046287,0.1191471589881025
0.25,0.4,0.05,0.2,0.05,0.05,-0.07525368122639392,0.11919502915031135
0.3,0.35,0.05,0.1,0.05,0.15,-0.07524398985461439,0.11924272793974693
0.35,0.25,0.1,0.15,0.05,0.1,-0.07522978485610177,0.1193126687356265
0.4,0.15,0.1,0.2,0.05,0.1,-0.0752236400751695,0.1193429335633639
0.45,0.05,0.1,0.2,0.15,0.05,-0.0752011092117512,0.11945395588557843
0.2,0.25,0.1,0.15,0.15,0.15,-0.0751790904134106,0.11956253286532721
0.2,0.2,0.1,0.2,0.2,0.1,-0.07517772490653675,0.11956926885772423
0.25,0.35,0.1,0.2,0.05,0.05,-0.07505926718523143,0.12015474461495393
0.3,0.05,0.05,0.2,0.3,0.1,-0.07504868450695919,0.12020715801811853
0.5,0.05,0.05,0.15,0.15,0.1,-0.07502154505784168,0.12034165456982648
0.4,0.05,0.2,0.1,0.1,0.15,-0.07497050923843206,0.12059489368375886
0.4,0.2,0.05,0.2,0.05,0.1,-0.07494866112845065,0.12070343070787595
0.65,0.05,0.05,0.15,0.05,0.05,-0.07493671294330459,0.12076281910738472
0.2,0.25,0.15,0.25,0.05,0.1,-0.0749182786005078,0.1208544916201042
0.25,0.1,0.1,0.25,0.25,0.05,-0.07491793722378934,0.12085618977083218
0.35,0.25,0.05,0.1,0.05,0.2,-0.07487714270593346,0.12105925277708746
0.4,0.15,0.15,0.05,0.05,0.2,-0.07480801392044549,0.1214039625285894
0.3,0.1,0.15,0.25,0.15,0.05,-0.0748057949717755,0.12141503994473081
0.35,0.15,0.2,0.1,0.05,0.15,-0.07477490037875495,0.12156935351270608
0.2,0.3,0.05,0.15,0.15,0.15,-0.07476073324493888,0.12164016717997775
0.2,0.25,0.1,0.2,0.05,0.2,-0.07475919704970582,0.12164784770159576
0.3,0.25,0.05,0.2,0.1,0.1,-0.07471020949060694,0.1218929692194608
0.2,0.2,0.1,0.15,0.1,0.25,-0.07470235782608238,0.12193229274301876
0.35,0.05,0.15,0.1,0.15,0.2,-0.07468341141820789,0.12202722281088363
0.25,0.25,0.1,0.15,0.05,0.2,-0.07456768471065024,0.12260831622817556
0.3,0.2,0.05,0.15,0.15,0.15,-0.07451733164467753,0.12286182349818725
0.25,0.25,0.1,0.25,0.1,0.05,-0.07448865600032693,0.12300637596561856
0.35,0.2,0.15,0.2,0.05,0.05,-0.0744802922707247,0.12304856202532975
0.2,0.15,0.05,0.15,0.25,0.2,-0.07442891507459659,0.12330795203367252
0.25,0.15,0.05,0.2,0.25,0.1,-0.07442772025608199,0.12331398941764783
0.2,0.2,0.05,0.05,0.2,0.3,-0.07440177562547909,0.12344514362606027
0.3,0.25,0.05,0.15,0.1,0.15,-0.07438214646416767,0.12354444423118546
0.4,0.1,0.2,0.1,0.05,0.15,-0.0743804395805754,0.12355308200213072
0.45,0.2,0.05,0.05,0.05,0.2,-0.07434715535052562,0.12372161245102332
0.2,0.3,0.05,0.15,0.1,0.2,-0.07430294706548515,0.12394573184188867
0.2,0.2,0.2,0.25,0.05,0.1,-0.07428843855495064,0.12401935330442632
0.25,0.25,0.05,0.05,0.1,0.3,-0.07426573700317311,0.1241346174618018
0.2,0.1,0.05,0.2,0.25,0.2,-0.07426420080794005,0.12414242029979675
0.35,0.15,0.2,0.2,0.05,0.05,-0.0742449130233471,0.12424042171991137
0.3,0.2,0.05,0.2,0.15,0.1,-0.07423723204718177,0.12427946557494574
0.25,0.1,0.05,0.05,0.2,0.35,-0.07409300038363277,0.12501439498223135
0.25,0.2,0.1,0.2,0.1,0.15,-0.07408702629105973,0.12504490850985428
0.3,0.05,0.1,0.05,0.2,0.3,-0.07408088151012748,0.12507629988846372
0.3,0.15,0.1,0.25,0.15,0.05,-0.07405169380069922,0.1252254925465486
0.2,0.4,0.05,0.1,0.05,0.2,-0.07397624954591975,0.12561176544787156
0.35,0.1,0.05,0.15,0.15,0.2,-0.07390404836996563,0.1259822996191956
0.2,0.2,0.1,0.2,0.1,0.2,-0.07383867472838071,0.12631852645709082
0.2,0.25,0.05,0.2,0.15,0.15,-0.07382297139933158,0.12639939475625064
0.25,0.15,0.05,0.2,0.2,0.15,-0.07381904556706931,0.12641961810644559
0.25,0.1,0.05,0.2,0.25,0.15,-0.07365740369087889,0.12725447433242573
0.3,0.35,0.05,0.05,0.05,0.2,-0.07359459037468241,0.12758004669278372
0.2,0.2,0.05,0.2,0.2,0.15,-0.07356420784673955,0.1277377561257308
0.4,0.05,0.1,0.1,0.15,0.2,-0.07355942857268112,0.1277625780982562
0.35,0.1,0.15,0.15,0.1,0.15,-0.07349832214007693,0.1280802742840479
0.2,0.1,0.05,0.15,0.25,0.25,-0.07349763938664,0.1280838274165086
0.2,0.1,0.1,0.25,0.25,0.1,-0.07342612096412282,0.12845644119865995
0.2,0.25,0.1,0.25,0.15,0.05,-0.07337389032619857,0.12872909492800133
0.3,0.35,0.05,0.2,0.05,0.05,-0.07336467315480016,0.12877725677587437
0.2,0.25,0.05,0.15,0.2,0.15,-0.07336265263816026,0.12878781630588304
0.2,0.15,0.2,0.3,0.1,0.05,-0.07333155961310962,0.12895039778060782
0.2,0.05,0.3,0.25,0.15,0.05,-0.07332439070202199,0.1289879056367793
0.3,0.05,0.1,0.15,0.2,0.2,-0.07328240136565152,0.12920776414207855
0.3,0.05,0.15,0.2,0.2,0.1,-0.07325218952606788,0.12936613436717773
0.35,0.2,0.1,0.1,0.05,0.2,-0.07319705718603672,0.12965552481243434
0.2,0.35,0.05,0.2,0.1,0.1,-0.07316018850044313,0.12984932836818278
0.2,0.2,0.05,0.1,0.25,0.2,-0.0731057389138489,0.1301359572753827
0.2,0.2,0.1,0.25,0.1,0.15,-0.0730994234445574,0.13016923427854526
0.2,0.1,0.1,0.2,0.25,0.15,-0.07299308459675738,0.13073053583013308
0.25,0.25,0.1,0.15,0.1,0.15,-0.07295092457202766,0.1309535915399751
0.3,0.15,0.15,0.25,0.1,0.05,-0.07293778156836699,0.1310231872287296
0.2,0.2,0.05,0.25,0.25,0.05,-0.07293249022923086,0.13105121434087122
0.25,0.05,0.05,0.1,0.3,0.25,-0.07292378512291017,0.13109733354097175
0.3,0.25,0.1,0.25,0.05,0.05,-0.07288401473520968,0.13130819453257758
0.25,0.2,0.15,0.15,0.05,0.2,-0.07288162509818046,0.13132087263180484
0.25,0.05,0.1,0.15,0.25,0.2,-0.07278859994240033,0.13181514827063756
0.5,0.1,0.05,0.2,0.1,0.05,-0.07272902970502923,0.13213241982943577
0.25,0.25,0.15,0.1,0.05,0.2,-0.07272629869128154,0.13214697935169384
0.2,0.15,0.2,0.25,0.1,0.1,-0.07270103681411556,0.1322817136525119
0.25,0.1,0.15,0.05,0.15,0.3,-0.07269096620092103,0.13233545485217194
0.2,0.3,0.05,0.1,0.1,0.25,-0.07267560424859036,0.1324174654119817
0.3,0.2,0.1,0.3,0.05,0.05,-0.07266809396078426,0.13245757373729228
0.2,0.2,0.1,0.3,0.05,0.15,-0.07266758189570657,0.13246030873723416
0.3,0.3,0.05,0.1,0.05,0.2,-0.07265170787829822,0.13254511535542912
0.4,0.05,0.15,0.2,0.15,0.05,-0.0726151805694231,0.13274042090938665
0.2,0.2,0.2,0.3,0.05,0.05,-0.07260101343560703,0.1328162299953797
0.4,0.05,0.1,0.15,0.15,0.15,-0.07251652269778838,0.1332690382776404
0.35,0.3,0.05,0.1,0.05,0.15,-0.072375704801424,0.1340263633274799
0.2,0.35,0.05,0.05,0.05,0.3,-0.07234805328722879,0.13417546328209823
0.2,0.3,0.15,0.1,0.05,0.2,-0.07225895396371095,0.13465676606198687
0.4,0.05,0.1,0.05,0.15,0.25,-0.07219306825704834,0.13501352644786344
0.35,0.3,0.05,0.05,0.05,0.2,-0.07214066693076486,0.13529779040745513
0.25,0.05,0.1,0.2,0.3,0.1,-0.07212411015991958,0.1353877024334503
0.2,0.45,0.05,0.2,0.05,0.05,-0.07212035501601655,0.13540810124942596
0.2,0.25,0.1,0.15,0.1,0.2,-0.0721056758171228,0.1354878647774304
0.25,0.05,0.15,0.2,0.2,0.15,-0.07207478122410224,0.13565585733398036
0.2,0.3,0.15,0.2,0.05,0.1,-0.07206897781988844,0.13568743182417742
0.3,0.05,0.15,0.25,0.2,0.05,-0.07204098492897477,0.13583981174880297
0.3,0.1,0.1,0.15,0.15,0.2,-0.07203944873374173,0.13584817787168343
0.25,0.1,0.2,0.3,0.1,0.05,-0.07200787138728425,0.13602023602745547
0.3,0.1,0.2,0.25,0.1,0.05,-0.07199489907198281,0.13609096794535414
0.35,0.1,0.15,0.25,0.1,0.05,-0.07194591151288392,0.1363583292191455
0.2,0.2,0.05,0.15,0.2,0.2,-0.07193481676953399,0.13641893749676082
0.2,0.3,0.05,0.05,0.1,0.3,-0.07190801869713495,0.13656541525737234
0.3,0.2,0.05,0.2,0.1,0.15,-0.07189692395378502,0.1366260943071392
0.3,0.1,0.2,0.05,0.1,0.25,-0.07187968442950284,0.13672042134806078
0.35,0.1,0.05,0.1,0.15,0.25,-0.07184844845976382,0.13689145828676347
0.35,0.1,0.1,0.25,0.15,0.05,-0.07179826608215033,0.13716658329837278
0.25,0.3,0.1,0.25,0.05,0.05,-0.07178973166418885,0.13721341552226968
0.2,0.2,0.2,0.15,0.05,0.2,-0.07175695949921677,0.13739336547007558
0.2,0.25,0.2,0.1,0.05,0.2,-0.07166666535718433,0.13789010325012865
0.25,0.2,0.15,0.25,0.05,0.1,-0.0716000968970848,0.13825720078666656
0.25,0.2,0.1,0.25,0.15,0.05,-0.07159412280451176,0.13829018209811322
0.2,0.1,0.15,0.25,0.2,0.1,-0.07157329882468576,0.13840519275760835
0.45,0.15,0.1,0.05,0.05,0.2,-0.07155093864962667,0.13852876955806231
0.2,0.05,0.05,0.1,0.3,0.3,-0.0715372835808883,0.13860427795441455
0.45,0.15,0.1,0.2,0.05,0.05,-0.07147020305571107,0.13897567185523252
0.35,0.1,0.25,0.05,0.05,0.2,-0.07143504125370978,0.1391706513373439
0.25,0.3,0.05,0.15,0.1,0.15,-0.07140124495858233,0.13935825655015036
0.3,0.3,0.1,0.2,0.05,0.05,-0.07136386420791105,0.13956598517803004
0.25,0.1,0.05,0.2,0.2,0.2,-0.07128381136743238,0.1400116457501987
0.3,0.05,0.1,0.2,0.25,0.1,-0.07120324646187601,0.14046125776178903
0.3,0.1,0.1,0.25,0.2,0.05,-0.07119010345821533,0.14053471034742657
0.4,0.05,0.15,0.2,0.1,0.1,-0.0710992972511052,0.14104300543726994
0.6,0.1,0.05,0.15,0.05,0.05,-0.0710934938468914,0.1410755382752375
0.2,0.1,0.1,0.1,0.2,0.3,-0.07108045231577363,0.14114866771938553
0.25,0.2,0.15,0.3,0.05,0.05,-0.07106055099356008,0.14126031890180496
0.2,0.15,0.15,0.25,0.2,0.05,-0.07096069830341079,0.1418215377088901
0.2,0.2,0.25,0.05,0.05,0.25,-0.07093850881671095,0.14194648447043318
0.25,0.05,0.05,0.05,0.05,0.55,0.07092417099453566,0.14202726409903726
0.4,0.15,0.15,0.2,0.05,0.05,-0.070896178103622,0.1421850781012975
0.3,0.3,0.05,0.2,0.05,0.1,-0.0707912047626958,0.1427780758985345
0.3,0.05,0.2,0.25,0.15,0.05,-0.07076252911834524,0.14294039401956923
0.25,0.05,0.25,0.25,0.15,0.05,-0.07073709655282004,0.14308447278008163
0.35,0.1,0.1,0.2,0.1,0.15,-0.07064099900657378,0.1436298803946628
0.25,0.1,0.35,0.05,0.05,0.2,-0.07063144045845691,0.14368421729363307
0.2,0.05,0.2,0.15,0.2,0.2,-0.07061061647863091,0.1438026485004933
0.2,0.4,0.05,0.15,0.05,0.15,-0.07059440108450411,0.14389492116862185
0.35,0.05,0.2,0.25,0.1,0.05,-0.07058040463904727,0.1439746034221026
0.3,0.05,0.05,0.05,0.25,0.3,-0.07057528398827038,0.14400376388766595
0.25,0.05,0.4,0.15,0.05,0.1,-0.0705706754025712,0.14403001216455497
0.2,0.15,0.15,0.05,0.15,0.3,-0.07046228829446041,0.14464838717087744
0.35,0.25,0.1,0.2,0.05,0.05,-0.07044265913314901,0.14476059283917947
0.2,0.3,0.05,0.25,0.15,0.05,-0.07043770917073136,0.14478889867105416
0.3,0.2,0.15,0.15,0.05,0.15,-0.07043581901710501,0.1447997084276887
0.4,0.05,0.1,0.2,0.15,0.1,-0.0704293454411291,0.1448367353682018
0.2,0.05,0.2,0.2,0.2,0.15,-0.0704189334512161,0.14489630403432138
0.2,0.2,0.05,0.2,0.15,0.2,-0.07040305943380776,0.1449871578286237
0.25,0.15,0.25,0.1,0.05,0.2,-0.07037438378945718,0.14515139103585903
0.4,0.15,0.05,0.2,0.1,0.1,-0.07036789763180645,0.14518855870632155
0.2,0.15,0.2,0.1,0.1,0.25,-0.07029108787015315,0.1456292546705436
0.25,0.25,0.1,0.3,0.05,0.05,-0.07023817447879198,0.14593343840060607
0.3,0.05,0.15,0.05,0.15,0.3,-0.07021069365295601,0.14609160877185715
0.25,0.05,0.2,0.25,0.2,0.05,-0.0701937955053923,0.1461889337065441
0.45,0.2,0.05,0.2,0.05,0.05,-0.07012432534318584,0.1465895668329906
0.25,0.25,0.1,0.25,0.05,0.1,-0.07003812772177492,0.1470878297504592
0.25,0.2,0.05,0.2,0.1,0.2,-0.07003642083818261,0.14709770935652655
0.35,0.15,0.1,0.25,0.1,0.05,-0.07002976399217266,0.14713624465150638
0.2,0.15,0.1,0.25,0.15,0.15,-0.06999665045048212,0.14732804734446434
0.3,0.1,0.15,0.1,0.1,0.25,-0.06996695067597616,0.14750023854029157
0.4,0.1,0.05,0.25,0.15,0.05,-0.06990755112696427,0.14784508074258565
0.25,0.15,0.1,0.25,0.15,0.1,-0.06977304869989137,0.14862819880783448
0.25,0.25,0.05,0.15,0.15,0.15,-0.06973669207937547,0.1488404201508668
0.2,0.05,0.45,0.15,0.05,0.1,-0.06970033545885958,0.14905287195434935
0.35,0.05,0.15,0.2,0.15,0.1,-0.06969675100331574,0.1490738303924821
0.35,0.2,0.05,0.15,0.1,0.15,-0.06968412006473276,0.14914770180327294
0.2,0.1,0.25,0.1,0.1,0.25,-0.06966329608490676,0.1492695505892188
0.2,0.3,0.1,0.25,0.1,0.05,-0.069661247824596,0.14928153980398748
0.2,0.3,0.1,0.25,0.05,0.1,-0.06961055338190482,0.14957850628676433
0.25,0.2,0.1,0.3,0.05,0.1,-0.06960389653589485,0.1496175352245871
0.2,0.05,0.05,0.05,0.05,0.6,0.06958153636083579,0.1497486891081476
0.55,0.15,0.05,0.1,0.05,0.1,-0.0695054093526194,0.15019586836098078
0.25,0.3,0.05,0.25,0.1,0.05,-0.06947400269452116,0.1503806502642676
0.25,0.35,0.05,0.2,0.05,0.1,-0.06944515636181135,0.15055052055278628
0.35,0.2,0.05,0.25,0.1,0.05,-0.06936937073031342,0.15099750151722305
0.35,0.15,0.1,0.05,0.1,0.25,-0.0693231141849622,0.15127081580464355
0.2,0.15,0.05,0.2,0.25,0.15,-0.06931031255801998,0.15134652260466566
0.55,0.05,0.05,0.2,0.1,0.05,-0.0693022902051362,0.15139398019072417
0.2,0.2,0.25,0.1,0.05,0.2,-0.06929887643795161,0.1514141783341075
0.2,0.2,0.05,0.2,0.25,0.1,-0.06929785230779623,0.15142023817598504
0.25,0.3,0.05,0.1,0.05,0.25,-0.06927771108140714,0.151539452482122
0.35,0.05,0.1,0.2,0.2,0.1,-0.06923230797785208,0.15180845109888133
0.3,0.3,0.05,0.25,0.05,0.05,-0.06915140169557725,0.15228869239646137
0.2,0.4,0.05,0.2,0.05,0.1,-0.06909644004390532,0.1526155889849908
0.2,0.05,0.15,0.05,0.2,0.35,-0.06906571613924399,0.15279855792055533
0.25,0.3,0.05,0.15,0.05,0.2,-0.06903362672770884,0.15298983632309762
0.25,0.3,0.1,0.2,0.05,0.1,-0.06898207884322151,0.1532974826006444
0.2,0.05,0.45,0.05,0.05,0.2,-0.0689658634490947,0.15339435562094408
0.35,0.05,0.2,0.2,0.1,0.1,-0.06894640497614253,0.15351066447040992
0.25,0.25,0.05,0.2,0.1,0.15,-0.06891312074609277,0.15370976870696346
0.25,0.05,0.4,0.1,0.05,0.15,-0.06890100187258746,0.15378231163311454
0.3,0.25,0.1,0.05,0.05,0.25,-0.06881975421359417,0.15426932569279528
0.35,0.05,0.2,0.05,0.1,0.25,-0.06881753526492419,0.15428264286117888
0.25,0.15,0.05,0.15,0.15,0.25,-0.06872348597898868,0.1548478865921033
0.5,0.05,0.05,0.2,0.15,0.05,-0.06871187917056108,0.15491775294501617
0.2,0.15,0.15,0.3,0.15,0.05,-0.06870197924572577,0.15497736368372167
0.4,0.05,0.15,0.25,0.1,0.05,-0.06868773493629574,0.15506316385891677
0.2,0.1,0.35,0.25,0.05,0.05,-0.06867876562887056,0.155117208655204
0.25,0.05,0.15,0.1,0.2,0.25,-0.06866050197443298,0.15522730083880154
0.2,0.1,0.2,0.3,0.15,0.05,-0.06853402190024387,0.1559913377730827
0.2,0.25,0.05,0.15,0.15,0.2,-0.06852463404048623,0.15604816081952938
0.25,0.25,0.15,0.05,0.05,0.25,-0.06850329799558254,0.15617736230432333
0.2,0.05,0.1,0.05,0.25,0.35,-0.06847632923482426,0.15634078866863177
0.25,0.2,0.05,0.2,0.15,0.15,-0.06845926039890131,0.15644428984938927
0.2,0.1,0.25,0.25,0.1,0.1,-0.06827679454288489,0.15755395527102145
0.25,0.2,0.2,0.05,0.05,0.25,-0.06825067922392276,0.15771326043227737
0.45,0.15,0.05,0.2,0.1,0.05,-0.06820681231560076,0.15798112509272225
0.2,0.35,0.05,0.1,0.05,0.25,-0.06816857812313333,0.158214874628516
0.3,0.1,0.05,0.05,0.15,0.35,-0.06815441098931727,0.15830155341692562
0.25,0.2,0.05,0.15,0.1,0.25,-0.06815014378033654,0.15832766850620905
0.3,0.3,0.05,0.05,0.05,0.25,-0.06809091491968389,0.15869048171179953
0.3,0.15,0.1,0.25,0.1,0.1,-0.06806838405626557,0.15882866164277445
0.35,0.25,0.05,0.2,0.05,0.1,-0.06806479960072175,0.15885065317793645
0.45,0.1,0.15,0.2,0.05,0.05,-0.06800010871257374,0.15924794285424607
0.3,0.05,0.15,0.2,0.15,0.15,-0.06796921411955319,0.15943794160863478
0.2,0.25,0.05,0.1,0.1,0.3,-0.06794463499582412,0.15958922285187738
0.4,0.2,0.05,0.1,0.05,0.2,-0.06788933196743376,0.1599300011798013
0.25,0.25,0.05,0.15,0.1,0.2,-0.06788472338173455,0.15995842410435393
0.3,0.2,0.1,0.2,0.05,0.15,-0.06780552398305202,0.16044747223203845
0.2,0.15,0.3,0.05,0.05,0.25,-0.06776524153027384,0.16069664385938992
0.4,0.1,0.1,0.05,0.1,0.25,-0.06775158646153547,0.16078117491034488
0.2,0.2,0.15,0.05,0.1,0.3,-0.06774441755044783,0.16082556711223317
0.2,0.15,0.1,0.25,0.25,0.05,-0.0676720456861345,0.16127423390204046
0.2,0.3,0.1,0.1,0.05,0.25,-0.06764866138092004,0.16141940524689286
0.35,0.15,0.05,0.1,0.1,0.25,-0.06763244598679323,0.16152012922962367
0.2,0.1,0.35,0.15,0.05,0.15,-0.06762408225719098,0.16157210008313422
0.3,0.25,0.1,0.1,0.05,0.2,-0.06754829662569305,0.16204359331878485
0.25,0.05,0.15,0.15,0.2,0.2,-0.06750818486127409,0.16229356334387127
0.2,0.05,0.2,0.2,0.25,0.1,-0.06750733141947796,0.1622988850034976
0.6,0.05,0.1,0.1,0.05,0.1,-0.06746636621326285,0.16255447899858405
0.4,0.2,0.05,0.15,0.05,0.15,-0.06743444749008691,0.16275383897205056
0.2,0.1,0.2,0.3,0.1,0.1,-0.06732332936822846,0.16344930113367273
0.25,0.05,0.2,0.05,0.15,0.3,-0.06730950361113086,0.16353598921534804
0.25,0.05,0.4,0.05,0.05,0.2,-0.06730882085769395,0.16354027100290439
0.25,0.15,0.2,0.25,0.05,0.1,-0.06725829710336198,0.16385735700939705
0.45,0.15,0.05,0.2,0.05,0.1,-0.06716356506398957,0.16445313724248062
0.35,0.05,0.15,0.25,0.15,0.05,-0.06711782058371604,0.16474141075573526
0.3,0.15,0.15,0.2,0.05,0.15,-0.06707940336518696,0.16498380196867918
0.25,0.15,0.15,0.25,0.1,0.1,-0.06707327092195713,0.16502251901349987
0.3,0.25,0.05,0.25,0.05,0.1,-0.0670379384315966,0.16524572268283189
0.35,0.2,0.05,0.2,0.05,0.15,-0.06689558433999913,0.16614730127316876
0.2,0.05,0.25,0.3,0.15,0.05,-0.06686383630518244,0.16634887457677508
0.3,0.05,0.25,0.2,0.1,0.1,-0.06684659678090026,0.16645840778652998
0.2,0.05,0.2,0.1,0.2,0.25,-0.06683550203755033,0.16652892802870686
0.2,0.3,0.1,0.2,0.05,0.15,-0.06683430721903573,0.16653652385112389
0.2,0.1,0.2,0.25,0.15,0.1,-0.06682372454076349,0.16660381246644987
0.2,0.05,0.15,0.15,0.25,0.2,-0.0667781507488492,0.16689382036060796
0.3,0.2,0.05,0.3,0.05,0.1,-0.0667579219063866,0.16702266727346118
0.45,0.05,0.05,0.15,0.15,0.15,-0.0667487923510617,0.16708084205049697
0.2,0.1,0.2,0.35,0.1,0.05,-0.06666720331534996,0.1676014124267956
0.4,0.15,0.1,0.15,0.05,0.15,-0.06664450176357244,0.16774647298046375
0.4,0.25,0.05,0.2,0.05,0.05,-0.06661104684516343,0.1679604176628016
0.45,0.05,0.05,0.2,0.2,0.05,-0.06655710932364688,0.16830577872863015
0.2,0.4,0.05,0.05,0.05,0.25,-0.06654089392952008,0.1684097094125186
0.25,0.05,0.2,0.2,0.15,0.15,-0.06652314234016019,0.16852354119241642
0.25,0.1,0.2,0.25,0.1,0.1,-0.06651716824758716,0.1685618629029548
0.2,0.1,0.2,0.1,0.1,0.3,-0.0665064148809557,0.16863085840417416
0.35,0.05,0.05,0.2,0.25,0.1,-0.06649651495612038,0.16869439674137512
0.3,0.1,0.25,0.1,0.05,0.2,-0.06639205368027189,0.16936592714745796
0.3,0.1,0.15,0.2,0.1,0.15,-0.06638710371785422,0.16939779753696207
0.25,0.1,0.2,0.1,0.1,0.25,-0.06635381948780446,0.16961221482901448
0.25,0.25,0.05,0.25,0.15,0.05,-0.06635006434390141,0.16963641822181927
0.35,0.1,0.25,0.2,0.05,0.05,-0.06634289543281376,0.169682631864607
0.25,0.05,0.2,0.3,0.15,0.05,-0.06630841638424939,0.16990502889706552
0.2,0.1,0.15,0.25,0.15,0.15,-0.06630670950065709,0.16991604430480328
0.4,0.1,0.1,0.1,0.1,0.2,-0.06629868714777332,0.16996782386696388
0.25,0.2,0.05,0.3,0.05,0.15,-0.06625140647226671,0.17027323222375532
0.2,0.05,0.1,0.2,0.3,0.15,-0.06623655658501375,0.17036923922030509
0.2,0.1,0.25,0.2,0.1,0.15,-0.06615718649797199,0.1708830655209365
0.25,0.05,0.25,0.3,0.1,0.05,-0.06614848139165126,0.1709394909713104
0.3,0.2,0.1,0.15,0.05,0.2,-0.06614779863821435,0.17094391708482498
0.3,0.2,0.05,0.25,0.15,0.05,-0.06614592106626282,0.17095608933800832
0.25,0.2,0.05,0.25,0.15,0.1,-0.0660141496529376,0.1718119768062116
0.25,0.3,0.05,0.25,0.05,0.1,-0.06600083596091769,0.17189862990853813
0.5,0.05,0.1,0.1,0.1,0.15,-0.06599178947787852,0.17195752817319335
0.2,0.15,0.15,0.25,0.15,0.1,-0.06595884662454721,0.17217213393059827
0.25,0.25,0.05,0.2,0.05,0.2,-0.06595116564838188,0.17222220023557935
0.25,0.35,0.05,0.05,0.05,0.25,-0.06573166041841264,0.17365757482733443
0.2,0.25,0.05,0.2,0.1,0.2,-0.06571527433592661,0.17376508186277817
0.55,0.05,0.15,0.1,0.05,0.1,-0.06569410897938213,0.1739040184412538
0.2,0.35,0.1,0.2,0.05,0.1,-0.06562566294733108,0.174353887521932
0.2,0.2,0.15,0.3,0.05,0.1,-0.06555789966871693,0.1748001216078552
0.2,0.2,0.15,0.3,0.1,0.05,-0.06553690500053169,0.17493854771468031
0.35,0.15,0.05,0.2,0.1,0.15,-0.06551898272281259,0.1750567808332968
0.25,0.15,0.25,0.05,0.05,0.25,-0.06546333831770375,0.17542424516916272
0.2,0.1,0.25,0.3,0.1,0.05,-0.06544592810506232,0.17553933636775154
0.2,0.35,0.05,0.25,0.1,0.05,-0.06542988339929476,0.17564545049458286
0.25,0.05,0.2,0.2,0.2,0.1,-0.06541059561470179,0.17577307632022596
0.25,0.3,0.05,0.2,0.1,0.1,-0.0654030853268957,0.17582278997009548
0.25,0.3,0.1,0.05,0.05,0.25,-0.06539455090893423,0.1758792954367396
0.25,0.05,0.15,0.3,0.2,0.05,-0.06538516304917659,0.1759414670352398
0.2,0.35,0.05,0.15,0.05,0.2,-0.06538516304917659,0.1759414670352398
0.2,0.2,0.1,0.3,0.1,0.1,-0.06530545158541638,0.1764700185759827
0.2,0.15,0.05,0.05,0.2,0.35,-0.06525100199882214,0.17683174076479005
0.2,0.15,0.05,0.25,0.15,0.2,-0.06523820037187993,0.1769168650433419
0.5,0.1,0.1,0.05,0.05,0.2,-0.06517299741865423,0.17735090352040134
0.2,0.1,0.25,0.05,0.1,0.3,-0.06504754147462048,0.17818825223682055
0.25,0.25,0.05,0.25,0.05,0.15,-0.06504429839579512,0.1782099367956119
0.25,0.05,0.1,0.25,0.3,0.05,-0.06501613481652224,0.17839833236875707
0.25,0.1,0.15,0.25,0.15,0.1,-0.06498711779545323,0.17859259131614055
0.55,0.05,0.1,0.2,0.05,0.05,-0.06493369233901436,0.17895066642039628
0.3,0.05,0.2,0.2,0.15,0.1,-0.06489818916029462,0.1791889145934121
0.3,0.2,0.1,0.25,0.05,0.1,-0.06488755663676682,0.17926031108227888
0.35,0.15,0.05,0.15,0.1,0.2,-0.06487941344077935,0.17931500620062252
0.25,0.2,0.1,0.2,0.05,0.2,-0.06487855999898322,0.1793207391988973
0.25,0.1,0.3,0.25,0.05,0.05,-0.0648744634783617,0.17934825948099387
0.25,0.15,0.1,0.3,0.15,0.05,-0.06482086733356361,0.1797086048345767
0.2,0.3,0.05,0.15,0.05,0.25,-0.0647913382474169,0.1799073680243937
0.2,0.15,0.15,0.25,0.1,0.15,-0.06474064380472572,0.1802489768809085
0.45,0.1,0.15,0.1,0.05,0.15,-0.06468192700915072,0.18064524497054743
0.35,0.25,0.05,0.05,0.05,0.25,-0.06463635321723643,0.18095325763673337
0.3,0.25,0.05,0.25,0.1,0.05,-0.06456073827409774,0.18146516175718208
0.2,0.35,0.05,0.2,0.05,0.15,-0.06452096788639723,0.18173483190767595
0.35,0.15,0.15,0.1,0.05,0.2,-0.06448341644736674,0.1819897279335567
0.3,0.1,0.15,0.25,0.1,0.1,-0.0644405736692001,0.18228086376080324
0.4,0.15,0.05,0.25,0.05,0.1,-0.06442657722374329,0.18237605041186752
0.2,0.25,0.1,0.3,0.05,0.1,-0.06440848425766495,0.18249915099221153
0.55,0.1,0.05,0.15,0.05,0.1,-0.06437332245566366,0.18273855976364453
0.2,0.15,0.15,0.2,0.1,0.2,-0.06432894348226396,0.18304105726798747
0.2,0.3,0.1,0.3,0.05,0.05,-0.06424820788834837,0.18359231808688878
0.3,0.15,0.15,0.25,0.05,0.1,-0.06417225156849121,0.18411206405658498
0.35,0.05,0.15,0.3,0.1,0.05,-0.06416337577381127,0.18417286918763406
0.2,0.05,0.2,0.25,0.25,0.05,-0.06413145705063535,0.1843916562356249
0.25,0.1,0.1,0.25,0.2,0.1,-0.0641104623824501,0.18453566878108565
0.5,0.15,0.05,0.2,0.05,0.05,-0.06410329347136247,0.1845848627912536
0.35,0.05,0.1,0.25,0.15,0.1,-0.06400190458598008,0.18528164265133124
0.35,0.1,0.05,0.05,0.15,0.3,-0.06399795875552537,0.18530879891639043
0.45,0.05,0.1,0.25,0.1,0.05,-0.06399524773997015,0.18532745855376215
0.2,0.1,0.15,0.1,0.15,0.3,-0.06399405292145553,0.18533568280465987
0.25,0.15,0.2,0.3,0.05,0.05,-0.06395820836601732,0.1855825354289112
0.25,0.1,0.15,0.3,0.1,0.1,-0.06391400008097686,0.18588732056193558
0.2,0.1,0.05,0.15,0.2,0.3,-0.06388498305990782,0.1860875729321185
0.2,0.05,0.15,0.25,0.2,0.15,-0.06386535389859643,0.18622312784205258
0.4,0.1,0.15,0.05,0.05,0.25,-0.06356460100963392,0.18830916593895228
0.2,0.1,0.35,0.1,0.05,0.2,-0.06352329442670035,0.1885970070038591
0.35,0.15,0.05,0.25,0.15,0.05,-0.06351151692991351,0.18867913660282576
0.35,0.15,0.1,0.2,0.05,0.15,-0.06350673765585509,0.1887124720520329
0.2,0.05,0.25,0.2,0.2,0.1,-0.06346321212425154,0.1890162619664282
0.25,0.3,0.05,0.2,0.05,0.15,-0.06342036934608491,0.1893156372773621
0.35,0.05,0.05,0.05,0.2,0.3,-0.063386231674239,0.18955443254274598
0.6,0.1,0.05,0.05,0.05,0.15,-0.06337172316370449,0.18965598748129242
0.2,0.3,0.05,0.25,0.1,0.1,-0.06333895099873241,0.18988552919560348
0.3,0.2,0.15,0.1,0.05,0.2,-0.06332427179983866,0.189988410865168
0.25,0.05,0.05,0.2,0.35,0.1,-0.06322766218851472,0.1906665367953024
0.2,0.1,0.05,0.05,0.25,0.35,-0.06318208839660043,0.1909870458180439
0.25,0.15,0.1,0.2,0.1,0.2,-0.06315187655701679,0.19119973578366217
0.2,0.25,0.15,0.1,0.05,0.25,-0.06310186486776252,0.19155219742275068
0.25,0.1,0.1,0.25,0.15,0.15,-0.06309572008683026,0.19159553612370195
0.3,0.25,0.05,0.15,0.05,0.2,-0.0630941838915972,0.19160637192192204
0.25,0.2,0.05,0.25,0.1,0.15,-0.06308291845988803,0.1916858481684955
0.3,0.15,0.05,0.25,0.15,0.1,-0.0630492928531198,0.1919232164184278
0.2,0.3,0.05,0.25,0.05,0.15,-0.06303222401719685,0.19204379030633242
0.3,0.25,0.1,0.15,0.05,0.15,-0.06301401084523495,0.19217250896064184
0.25,0.25,0.05,0.25,0.1,0.1,-0.06299433120144789,0.19231166270480307
0.2,0.25,0.1,0.3,0.1,0.05,-0.06297367790998111,0.1924577804304691
0.2,0.2,0.05,0.1,0.15,0.3,-0.06295029360476666,0.192623317649448
0.2,0.1,0.05,0.25,0.2,0.2,-0.06294619708414514,0.19265232760089435
0.3,0.05,0.2,0.15,0.15,0.15,-0.06281527911261606,0.19358112310926143
0.25,0.2,0.1,0.3,0.1,0.05,-0.06280264817403307,0.19367090612630983
0.25,0.05,0.3,0.05,0.1,0.25,-0.06269443175428152,0.19444137725848404
0.4,0.15,0.05,0.25,0.1,0.05,-0.06266865781203786,0.19462521065407357
0.25,0.15,0.1,0.25,0.2,0.05,-0.06264680970205647,0.19478114241932779
0.2,0.15,0.15,0.3,0.1,0.1,-0.06257358439594699,0.19530442341464715
0.2,0.25,0.05,0.3,0.15,0.05,-0.06254661563518871,0.19549740553760517
0.3,0.2,0.05,0.25,0.1,0.1,-0.06241296664991194,0.1964558223043755
0.2,0.2,0.1,0.25,0.2,0.05,-0.06232198975444258,0.19711019018250597
0.2,0.1,0.05,0.3,0.3,0.05,-0.062319600117413367,0.1971273994868367
0.35,0.15,0.1,0.25,0.05,0.1,-0.06229485030532508,0.19730570317857102
0.25,0.05,0.1,0.4,0.15,0.05,-0.062261566075275304,0.19754567633460088
0.4,0.1,0.2,0.2,0.05,0.05,-0.06225303165731382,0.19760724218271017
0.3,0.1,0.3,0.05,0.05,0.2,-0.06222964735209938,0.1977760042924989
0.25,0.1,0.25,0.1,0.05,0.25,-0.06221633366007947,0.19787213476191912
0.2,0.05,0.35,0.2,0.1,0.1,-0.06218646319721429,0.198087936033641
0.2,0.3,0.1,0.2,0.1,0.1,-0.06214447386084382,0.19839158095614404
0.2,0.1,0.15,0.05,0.15,0.35,-0.061989830207381816,0.19951280773913002
0.2,0.05,0.35,0.05,0.1,0.25,-0.061986075063478766,0.19954009124689684
0.2,0.05,0.15,0.25,0.3,0.05,-0.06195432702866207,0.19977086946263115
0.2,0.2,0.05,0.25,0.2,0.1,-0.06192292037056383,0.19999935726938212
0.25,0.25,0.05,0.3,0.05,0.1,-0.0618863930616887,0.20026533765264368
0.2,0.05,0.2,0.35,0.15,0.05,-0.06180838848152078,0.20083420386173106
0.25,0.05,0.05,0.05,0.25,0.35,-0.06175086650446041,0.2012544480763234
0.25,0.1,0.1,0.2,0.15,0.2,-0.061639236317524264,0.2020718193264132
0.35,0.2,0.05,0.15,0.05,0.2,-0.06163513979690276,0.20210186040101913
0.25,0.1,0.05,0.1,0.2,0.3,-0.06160373313880452,0.20233228308014325
0.5,0.05,0.15,0.2,0.05,0.05,-0.061545016343229536,0.2027635849418599
0.2,0.1,0.15,0.35,0.15,0.05,-0.061533750911520385,0.20284641096811162
0.2,0.05,0.15,0.4,0.15,0.05,-0.06150029599311139,0.20309252391807872
0.3,0.05,0.2,0.3,0.1,0.05,-0.06149961323967447,0.20309754888671883
0.55,0.05,0.15,0.05,0.05,0.15,-0.06138764167601987,0.20392286494163545
0.25,0.3,0.05,0.05,0.05,0.3,-0.06135913672002853,0.20413335610990951
0.45,0.05,0.15,0.1,0.1,0.15,-0.06135691777135854,0.20414974825626922
0.2,0.25,0.05,0.25,0.15,0.1,-0.06132448698310492,0.20438943469375048
0.3,0.1,0.05,0.25,0.2,0.1,-0.06132278009951263,0.20440205541766784
0.2,0.35,0.05,0.3,0.05,0.05,-0.06130229749640508,0.20455354816896595
0.35,0.2,0.05,0.25,0.05,0.1,-0.061286935544074425,0.20466722112455799
0.2,0.15,0.1,0.25,0.2,0.1,-0.06125945471823845,0.20487068359559146
0.25,0.05,0.1,0.05,0.2,0.35,-0.06125399269074311,0.20491114079480335
0.3,0.15,0.15,0.3,0.05,0.05,-0.06122804806014021,0.205103391543934
0.25,0.1,0.2,0.05,0.1,0.3,-0.06122241534428564,0.20514514745156168
0.2,0.35,0.1,0.25,0.05,0.05,-0.06121166197765417,0.20522488037457337
0.3,0.1,0.25,0.15,0.05,0.15,-0.06117206227831291,0.20551869356134708
0.2,0.05,0.1,0.3,0.3,0.05,-0.06117172090159445,0.20552122775726842
0.4,0.05,0.05,0.2,0.2,0.1,-0.06114167975037005,0.20574432562182599
0.45,0.15,0.05,0.25,0.05,0.05,-0.06113536428107855,0.20579124917456784
0.2,0.05,0.2,0.3,0.2,0.05,-0.0610998611023588,0.20605517984392055
0.2,0.2,0.15,0.25,0.05,0.15,-0.06105479937552218,0.20639052149460674
0.35,0.05,0.3,0.2,0.05,0.05,-0.06099847221697643,0.20681025366957329
0.25,0.15,0.05,0.25,0.25,0.05,-0.06097013794934431,0.2070216249378324
0.3,0.1,0.25,0.2,0.05,0.1,-0.06094606399848812,0.20720133732867507
0.2,0.1,0.15,0.3,0.15,0.1,-0.06093361064046919,0.20729434608462388
0.4,0.05,0.05,0.25,0.2,0.05,-0.060902203982370944,0.20752904291125165
0.2,0.05,0.15,0.2,0.25,0.15,-0.06089537644800176,0.20758008936858072
0.25,0.2,0.1,0.25,0.05,0.15,-0.06084399925187366,0.20796450510379152
0.2,0.3,0.05,0.2,0.1,0.15,-0.06083580621063064,0.20802585480827632
0.35,0.05,0.1,0.25,0.2,0.05,-0.060761727462725,0.2085811521278222
0.2,0.25,0.05,0.25,0.1,0.15,-0.06075387579820044,0.20864007121349773
0.2,0.25,0.1,0.25,0.05,0.15,-0.060690379728567036,0.2091169889705354
0.4,0.1,0.1,0.25,0.1,0.05,-0.06066853161858565,0.209281271543506
0.3,0.05,0.1,0.35,0.15,0.05,-0.06066750748843028,0.20928897457408616
0.3,0.1,0.2,0.1,0.05,0.25,-0.060650950717585,0.2094135352997598
0.25,0.2,0.05,0.3,0.1,0.1,-0.06055963244539717,0.21010150686948043
0.2,0.2,0.1,0.3,0.15,0.05,-0.06055758418508643,0.2101169566773701
0.25,0.3,0.05,0.3,0.05,0.05,-0.060555365236416435,0.210133694893916
0.35,0.3,0.05,0.2,0.05,0.05,-0.060554341106261074,0.21014142054897894
0.2,0.15,0.1,0.3,0.15,0.1,-0.06053522401002735,0.21028567038118787
0.2,0.1,0.15,0.2,0.15,0.2,-0.060523446513240514,0.21037457412066976
0.25,0.1,0.3,0.15,0.05,0.15,-0.06050774318419139,0.21049315459574713
0.35,0.15,0.05,0.25,0.1,0.1,-0.060501598403259124,0.21053956876719074
0.25,0.1,0.1,0.05,0.15,0.35,-0.06049903807787068,0.21055891018291295
0.3,0.05,0.15,0.25,0.15,0.1,-0.06049289329693842,0.21060533480717478
0.25,0.05,0.1,0.25,0.2,0.15,-0.060482993372103104,0.21068014555620937
0.3,0.05,0.1,0.25,0.2,0.1,-0.06044373504948029,0.21097699747905993
0.3,0.25,0.05,0.2,0.05,0.15,-0.06040703137214404,0.2112548049973298
0.35,0.05,0.05,0.15,0.2,0.2,-0.060387066514216076,0.21140602821637045
0.3,0.05,0.05,0.2,0.25,0.15,-0.06031503602662119,0.21195226921385987
0.3,0.05,0.05,0.15,0.25,0.2,-0.06028192248493066,0.2122037254640809
0.25,0.15,0.1,0.05,0.15,0.3,-0.06024317622738554,0.21249822779211655
0.2,0.25,0.1,0.15,0.05,0.25,-0.06019640761695664,0.21285409806874506
0.3,0.05,0.1,0.25,0.25,0.05,-0.06019401797992742,0.21287229272945934
0.25,0.1,0.3,0.2,0.05,0.1,-0.060109356553749556,0.21351762583933745
0.25,0.1,0.15,0.1,0.1,0.3,-0.06008784982048662,0.21368178511355443
0.4,0.05,0.1,0.25,0.15,0.05,-0.060011210747192546,0.21426750318876994
0.4,0.05,0.1,0.05,0.1,0.3,-0.06001086937047408,0.21427011475642996
0.25,0.05,0.2,0.25,0.15,0.1,-0.05988797375182879,0.2152117660087012
0.2,0.05,0.15,0.35,0.2,0.05,-0.05986390669317742,0.21539652010519975
0.25,0.15,0.15,0.3,0.1,0.05,-0.05986151705614821,0.21541487069582196
0.2,0.15,0.05,0.25,0.2,0.15,-0.059816284640952365,0.21576243286560945
0.4,0.1,0.15,0.2,0.05,0.1,-0.059805872651039364,0.2158424946933607
0.3,0.1,0.25,0.25,0.05,0.05,-0.05976149367763967,0.21618398091628038
0.25,0.2,0.05,0.3,0.15,0.05,-0.059751252376085896,0.21626284044197794
0.3,0.25,0.05,0.3,0.05,0.05,-0.05966915127529646,0.21689577686528988
0.2,0.1,0.05,0.25,0.25,0.15,-0.059537038485252776,0.21791705111357185
0.3,0.1,0.15,0.3,0.1,0.05,-0.05952321272815518,0.21802412742052613
0.35,0.25,0.05,0.15,0.05,0.15,-0.05946978727171632,0.21843824557002406
0.2,0.15,0.3,0.1,0.05,0.2,-0.05943069963745275,0.21874158312227326
0.25,0.05,0.15,0.25,0.2,0.1,-0.0594269444935497,0.21877074058802
0.2,0.1,0.35,0.2,0.05,0.1,-0.0594211410893359,0.21881580759767125
0.35,0.1,0.15,0.05,0.1,0.25,-0.05936498461914936,0.21925224046162878
0.3,0.3,0.05,0.15,0.05,0.15,-0.05936088809852785,0.21928410186515757
0.35,0.05,0.1,0.3,0.15,0.05,-0.05934996404353715,0.21936908180227344
0.45,0.1,0.05,0.05,0.1,0.25,-0.059291417936321415,0.21982492264711595
0.4,0.15,0.05,0.05,0.1,0.25,-0.05920778064029891,0.22047729825807477
0.45,0.1,0.15,0.05,0.05,0.2,-0.059191735934531337,0.22060260588366754
0.3,0.2,0.05,0.3,0.1,0.05,-0.05915708619760773,0.22087339064525227
0.2,0.3,0.1,0.05,0.05,0.3,-0.059094272881411246,0.22136487666487795
0.25,0.15,0.1,0.25,0.1,0.15,-0.05906696274393451,0.22157880966506704
0.2,0.2,0.05,0.3,0.1,0.15,-0.059047162894263885,0.2217340033710798
0.25,0.05,0.25,0.2,0.15,0.1,-0.05902906992818555,0.22187588614855253
0.2,0.2,0.15,0.35,0.05,0.05,-0.05896813418394059,0.22235421327239552
0.5,0.1,0.1,0.2,0.05,0.05,-0.05895345498504685,0.2224695504230945
0.3,0.05,0.05,0.25,0.3,0.05,-0.058903784672511034,0.22286013569593596
0.3,0.05,0.1,0.1,0.2,0.25,-0.05885889363403366,0.22321355940444826
0.2,0.05,0.15,0.3,0.25,0.05,-0.05881980599977009,0.22352161865426193
0.2,0.3,0.05,0.2,0.05,0.2,-0.05878157180730266,0.22382324478844
0.25,0.05,0.1,0.2,0.25,0.15,-0.05867608640129879,0.22465691335971671
0.45,0.15,0.05,0.15,0.05,0.15,-0.05866038307224966,0.22478120818806904
0.2,0.1,0.15,0.4,0.1,0.05,-0.058617028229005344,0.22512462416286175
0.2,0.05,0.25,0.2,0.15,0.15,-0.05860337316026698,0.2252328639653251
0.5,0.15,0.05,0.1,0.05,0.15,-0.05857862334817869,0.22542914299917258
0.2,0.05,0.1,0.1,0.25,0.3,-0.05855899418686729,0.2255848990987044
0.25,0.05,0.1,0.3,0.25,0.05,-0.05854192535094433,0.2257204014093236
0.3,0.05,0.15,0.3,0.15,0.05,-0.058504203223554596,0.22602006686904946
0.2,0.1,0.3,0.1,0.05,0.25,-0.058458458743281067,0.22638384154329969
0.2,0.3,0.05,0.3,0.05,0.1,-0.058415786653473675,0.22672355867522942
0.25,0.15,0.05,0.25,0.15,0.15,-0.058415786653473675,0.22672355867522942
0.25,0.1,0.15,0.35,0.1,0.05,-0.058415615965114444,0.2267249182709226
0.35,0.15,0.15,0.25,0.05,0.05,-0.058411348756133706,0.22675891004657697
0.2,0.15,0.25,0.15,0.05,0.2,-0.05839581611544382,0.22688267069675574
0.2,0.3,0.05,0.1,0.05,0.3,-0.058380966228190834,0.22700103619419848
0.35,0.1,0.2,0.2,0.05,0.1,-0.05830415646653753,0.22761397197994493
0.3,0.1,0.1,0.25,0.15,0.1,-0.05830125476443063,0.22763715034965526
0.2,0.2,0.05,0.25,0.15,0.15,-0.05825533959579787,0.22800413709331235
0.25,0.2,0.1,0.35,0.05,0.05,-0.05824014833182644,0.2281256489224339
0.25,0.25,0.1,0.1,0.05,0.25,-0.05823741731807877,0.22814749861967235
0.3,0.15,0.05,0.25,0.2,0.05,-0.05820464515310668,0.22840981086397275
0.2,0.25,0.1,0.35,0.05,0.05,-0.05816385063525082,0.22873663390612017
0.2,0.05,0.05,0.15,0.05,0.5,0.058113156192559634,0.22914323179504562
0.2,0.15,0.2,0.05,0.1,0.3,-0.058069801349315324,0.22949136840690348
0.55,0.05,0.05,0.05,0.1,0.2,-0.05803617574254709,0.22976163797042495
0.35,0.1,0.2,0.1,0.05,0.2,-0.05798701749508897,0.23015715875739917
0.55,0.1,0.05,0.2,0.05,0.05,-0.05794383334020389,0.23050501064164508
0.3,0.15,0.05,0.25,0.1,0.15,-0.05792556968576633,0.23065223786515895
0.2,0.2,0.05,0.3,0.2,0.05,-0.057807111964461,0.2316087679025667
0.3,0.25,0.05,0.1,0.05,0.25,-0.05776802433019742,0.23192501035040405
0.2,0.05,0.1,0.45,0.15,0.05,-0.05774259176467221,0.2321309390633675
0.3,0.05,0.2,0.05,0.1,0.3,-0.05773235046311844,0.23221389989293992
0.25,0.05,0.15,0.25,0.25,0.05,-0.057697359349476375,0.23249750761166915
0.2,0.1,0.1,0.3,0.25,0.05,-0.05767448710933961,0.23268302253974382
0.4,0.05,0.1,0.3,0.1,0.05,-0.057639495995697544,0.23296703516848263
0.35,0.05,0.1,0.2,0.15,0.15,-0.057637618423746026,0.2329822817941126
0.2,0.15,0.05,0.2,0.15,0.25,-0.05760262731010397,0.23326655250647763
0.2,0.05,0.25,0.35,0.1,0.05,-0.05757429304247185,0.23349692196785574
0.2,0.05,0.1,0.05,0.05,0.55,0.057539131240470553,0.23378302557181257
0.45,0.05,0.05,0.2,0.15,0.1,-0.0575099435310423,0.23402070734204525
0.2,0.3,0.05,0.3,0.1,0.05,-0.05744849572171965,0.23452164765219569
0.45,0.1,0.05,0.1,0.1,0.2,-0.05742784243025287,0.23469018907997888
0.25,0.35,0.05,0.25,0.05,0.05,-0.05741555286838834,0.2347905187498669
0.2,0.05,0.05,0.25,0.35,0.1,-0.05735956708656104,0.2352479591250317
0.2,0.25,0.05,0.25,0.2,0.05,-0.05727097982812089,0.23597305853861064
0.2,0.1,0.1,0.25,0.2,0.15,-0.05725971439641174,0.23606538050205192
0.45,0.05,0.05,0.3,0.1,0.05,-0.057252374796964864,0.2361255433553321
0.4,0.1,0.05,0.2,0.1,0.15,-0.05725186273188718,0.23612974116695026
0.35,0.2,0.05,0.3,0.05,0.05,-0.057224381906051225,0.23635510088517322
0.25,0.05,0.15,0.3,0.15,0.1,-0.05710797244505664,0.23731141093261537
0.2,0.05,0.05,0.15,0.3,0.25,-0.05703577126910253,0.23790591458238286
0.25,0.05,0.25,0.05,0.1,0.3,-0.05700794906654811,0.23813528177878354
0.4,0.15,0.1,0.25,0.05,0.05,-0.05698405269625597,0.23833240844124276
0.25,0.15,0.15,0.05,0.1,0.3,-0.05693847890434167,0.23870867528855952
0.35,0.2,0.1,0.25,0.05,0.05,-0.05691748423615643,0.2388821521673569
0.35,0.1,0.05,0.25,0.2,0.05,-0.05688266381087359,0.23917006529616733
0.2,0.1,0.35,0.05,0.05,0.25,-0.056857913998785314,0.23937485767335231
0.2,0.05,0.05,0.2,0.35,0.15,-0.05679390586407422,0.239905064516972
0.2,0.1,0.05,0.05,0.2,0.4,-0.05677410601440359,0.24006924209839461
0.3,0.1,0.05,0.25,0.25,0.05,-0.05675413547637372,0.24023491492059085
0.45,0.1,0.05,0.25,0.1,0.05,-0.05675038033247067,0.24026607604070033
0.3,0.05,0.35,0.15,0.05,0.1,-0.05669625813668501,0.24071551078491848
0.2,0.15,0.15,0.05,0.1,0.35,-0.05666418271105974,0.24098214583491226
0.2,0.05,0.1,0.35,0.25,0.05,-0.05665240521427291,0.2410801012450603
0.2,0.2,0.1,0.35,0.05,0.1,-0.05664626043334063,0.24113121950542488
0.2,0.2,0.05,0.05,0.15,0.35,-0.056614341710164696,0.2413968728254462
0.35,0.1,0.05,0.3,0.1,0.1,-0.05653309405117142,0.24207400749126945
0.2,0.25,0.05,0.25,0.05,0.2,-0.05653138716757912,0.24208824727649841
0.2,0.1,0.15,0.15,0.15,0.25,-0.056427096580089854,0.2429594124552238
0.3,0.05,0.1,0.3,0.15,0.1,-0.0564095156790892,0.2431064861197105
0.25,0.05,0.15,0.35,0.15,0.05,-0.05633953345180508,0.24369254307786303
0.25,0.15,0.1,0.3,0.1,0.1,-0.0563263904481444,0.24380271765530953
0.35,0.05,0.1,0.05,0.15,0.3,-0.056321611174085975,0.2438427897812197
0.25,0.1,0.15,0.3,0.15,0.05,-0.05629788549215306,0.24404178751237038
0.2,0.2,0.1,0.35,0.1,0.05,-0.05615126419157486,0.24527408627564434
0.3,0.05,0.05,0.05,0.05,0.5,0.056130440211748844,0.2454494564040343
0.45,0.1,0.1,0.05,0.05,0.25,-0.056039121939561023,0.24621953229570356
0.3,0.2,0.05,0.35,0.05,0.05,-0.056032977158628754,0.24627141101507868
0.35,0.1,0.1,0.25,0.1,0.1,-0.056018127271375784,0.2463968161038024
0.25,0.1,0.1,0.1,0.15,0.3,-0.056002423942326664,0.2465294768871198
0.2,0.2,0.05,0.25,0.1,0.2,-0.055917591827789555,0.2472469959365159
0.45,0.05,0.05,0.25,0.15,0.05,-0.05591503150240112,0.24726867407183892
0.35,0.05,0.05,0.2,0.2,0.15,-0.05589796266647816,0.24741322886825656
0.2,0.35,0.05,0.25,0.05,0.1,-0.05586041122744765,0.2477314569354885
0.2,0.1,0.25,0.35,0.05,0.05,-0.05585153543276771,0.24780671617550756
0.4,0.1,0.05,0.3,0.1,0.05,-0.055818933956154865,0.2480832860010249
0.35,0.1,0.1,0.3,0.1,0.05,-0.05575612063995838,0.2486167601786665
0.4,0.1,0.05,0.25,0.1,0.1,-0.05573034669771472,0.24883588972083526
0.5,0.05,0.05,0.2,0.1,0.1,-0.055680164320101214,0.24926292531419253
0.35,0.1,0.05,0.25,0.15,0.1,-0.05566787475823669,0.24936758322568223
0.25,0.05,0.15,0.2,0.25,0.1,-0.05564193012763379,0.24958862819993038
0.35,0.25,0.05,0.25,0.05,0.05,-0.055508281142357035,0.25072946221520365
0.2,0.05,0.4,0.2,0.05,0.1,-0.05533878760164206,0.2521814772049834
0.25,0.15,0.1,0.1,0.1,0.3,-0.05530703956682536,0.2524541041122532
0.35,0.1,0.2,0.05,0.05,0.25,-0.05530328442292231,0.25248636383805595
0.2,0.1,0.25,0.15,0.1,0.2,-0.05524354349719195,0.25299997185161366
0.2,0.05,0.05,0.05,0.3,0.35,-0.055199676588869956,0.2533775683788736
0.2,0.05,0.1,0.3,0.2,0.15,-0.055138058091188075,0.2539086268118341
0.3,0.15,0.05,0.05,0.15,0.3,-0.05507592752842851,0.25444487964616785
0.2,0.2,0.05,0.35,0.1,0.1,-0.05505698112055402,0.254608563407407
0.25,0.05,0.1,0.35,0.2,0.05,-0.05501447971910586,0.25497601136764236
0.35,0.05,0.15,0.05,0.1,0.3,-0.055004921170989006,0.2550587008550111
0.25,0.15,0.05,0.3,0.2,0.05,-0.05494808194736556,0.25555079172918593
0.35,0.05,0.3,0.15,0.05,0.1,-0.05492572177230648,0.2557445571238539
0.3,0.05,0.3,0.25,0.05,0.05,-0.05490899431310198,0.2558895778925549
0.3,0.05,0.25,0.05,0.1,0.25,-0.05485778780533311,0.2563338729025627
0.2,0.15,0.15,0.15,0.1,0.25,-0.05478490387594208,0.25696717307970557
0.2,0.1,0.05,0.25,0.3,0.1,-0.0547671522865822,0.25712158324602064
0.2,0.1,0.15,0.3,0.2,0.05,-0.05476476264955298,0.2571423741293138
0.35,0.05,0.05,0.25,0.25,0.05,-0.054759300622057645,0.25718990051399304
0.25,0.25,0.05,0.3,0.1,0.05,-0.05473967146074624,0.2573607485988563
0.25,0.05,0.3,0.1,0.1,0.2,-0.05471250104454314,0.2575973636379787
0.5,0.05,0.2,0.05,0.05,0.15,-0.05466712890807367,0.25799282449880767
0.2,0.05,0.2,0.25,0.2,0.1,-0.05466286169909293,0.2580300388121801
0.35,0.1,0.1,0.1,0.1,0.25,-0.054643573914499984,0.25819829378245174
0.25,0.2,0.05,0.35,0.05,0.1,-0.05462223786959629,0.2583845048242236
0.4,0.05,0.05,0.3,0.15,0.05,-0.05458417436548809,0.2587169356526032
0.5,0.05,0.05,0.25,0.1,0.05,-0.054566593464487445,0.2588705796091319
0.25,0.15,0.05,0.05,0.15,0.35,-0.05455959524175904,0.2589317563811232
0.2,0.2,0.05,0.3,0.15,0.1,-0.05449644054884409,0.2594842909587442
0.25,0.1,0.05,0.25,0.25,0.1,-0.054487223377445694,0.25956499912992087
0.3,0.1,0.15,0.05,0.1,0.3,-0.05448466305205725,0.2595874211401579
0.35,0.05,0.2,0.1,0.1,0.2,-0.054473909685425786,0.2596816081775471
0.2,0.4,0.05,0.25,0.05,0.05,-0.05440153782111244,0.2603161152350504
0.35,0.05,0.05,0.1,0.2,0.25,-0.054399660249160924,0.26033259071819337
0.25,0.05,0.35,0.25,0.05,0.05,-0.05435613471755738,0.2607147239179412
0.2,0.05,0.05,0.25,0.05,0.4,0.054274545681845636,0.26143207763081167
0.2,0.25,0.05,0.35,0.05,0.1,-0.054267376770758,0.26149517363035557
0.2,0.1,0.05,0.2,0.2,0.25,-0.05421002548205686,0.2620003192481126
0.3,0.15,0.05,0.3,0.15,0.05,-0.054157624155773375,0.2624624530083727
0.2,0.15,0.05,0.3,0.15,0.15,-0.05415301557007418,0.26250312351605914
0.25,0.15,0.1,0.05,0.1,0.35,-0.05413253296696663,0.2626839338002449
0.2,0.05,0.25,0.05,0.15,0.3,-0.05413167952517048,0.2626914694212949
0.3,0.1,0.05,0.4,0.1,0.05,-0.05411546413104368,0.2628346744828291
0.45,0.1,0.1,0.2,0.05,0.1,-0.05411358655909214,0.26285125959037037
0.2,0.15,0.15,0.1,0.1,0.3,-0.05407774200365393,0.26316802245117676
0.3,0.15,0.1,0.3,0.1,0.05,-0.05405435769843949,0.26337481396050716
0.25,0.05,0.05,0.3,0.3,0.05,-0.05401168560863209,0.26375245865338715
0.2,0.05,0.05,0.2,0.3,0.2,-0.053995982279582966,0.26389152554735074
0.2,0.1,0.15,0.1,0.1,0.35,-0.05396201529609628,0.2641925056647944
0.3,0.05,0.25,0.1,0.1,0.2,-0.05395621189188248,0.2642439529870339
0.3,0.15,0.2,0.05,0.05,0.25,-0.053899372668259025,0.26474819798419036
0.3,0.2,0.05,0.05,0.1,0.3,-0.05389868991482211,0.26475425899505467
0.2,0.05,0.05,0.35,0.2,0.15,-0.05388878998998679,0.2648421543613468
0.35,0.1,0.15,0.1,0.05,0.25,-0.05379149762522593,0.2657070198094652
0.25,0.25,0.05,0.35,0.05,0.05,-0.05373960836402014,0.2661690729196639
0.25,0.05,0.3,0.2,0.1,0.1,-0.05369249837687278,0.26658904553599133
0.25,0.1,0.2,0.1,0.05,0.3,-0.05359640083062652,0.26744713679115256
0.2,0.3,0.05,0.35,0.05,0.05,-0.05354690120644994,0.2678898751637133
0.45,0.05,0.05,0.05,0.15,0.25,-0.0535154945483517,0.26817104513069495
0.2,0.05,0.1,0.15,0.25,0.25,-0.053480503434709635,0.26848454300814345
0.35,0.15,0.15,0.05,0.05,0.25,-0.053441586488805294,0.26883350832971564
0.25,0.1,0.1,0.3,0.2,0.05,-0.05340949707727013,0.26912148500684896
0.25,0.15,0.05,0.3,0.15,0.1,-0.05339959715243482,0.2692103714500047
0.45,0.05,0.2,0.2,0.05,0.05,-0.05336187502504508,0.269549243454385
0.3,0.05,0.05,0.25,0.25,0.1,-0.05332517702781072,0.2698791950879534
0.2,0.05,0.05,0.3,0.35,0.05,-0.05328165149620718,0.2702708908286588
0.25,0.25,0.05,0.15,0.05,0.25,-0.0532563896190412,0.2704984060284568
0.2,0.15,0.2,0.35,0.05,0.05,-0.053203476227680034,0.2709753820765953
0.2,0.1,0.25,0.1,0.05,0.3,-0.05317241094630024,0.271255680584198
0.3,0.1,0.1,0.3,0.1,0.1,-0.053168314425678743,0.27129265779085815
0.35,0.15,0.05,0.3,0.1,0.05,-0.053044736053596525,0.27240975461942624
0.2,0.05,0.25,0.1,0.15,0.25,-0.05298277617919619,0.2729710249830004
0.25,0.05,0.25,0.15,0.15,0.15,-0.052963829771321705,0.2731428103596192
0.2,0.15,0.05,0.15,0.15,0.3,-0.05292969209947579,0.2734525194856268
0.3,0.05,0.35,0.1,0.05,0.15,-0.05289115957053964,0.27380238764510145
0.3,0.15,0.05,0.2,0.1,0.2,-0.05284776168704559,0.27419679720403206
0.3,0.05,0.1,0.3,0.2,0.05,-0.05275354171275086,0.275054420092143
0.2,0.15,0.05,0.25,0.25,0.1,-0.052719916105982645,0.2753609333768593
0.2,0.2,0.1,0.1,0.1,0.3,-0.052673659560631414,0.2757829630651823
0.25,0.1,0.05,0.25,0.2,0.15,-0.052524136557946306,0.2771501691313064
0.2,0.25,0.05,0.3,0.1,0.1,-0.05247924551946893,0.27756153976354003
0.45,0.1,0.1,0.1,0.05,0.2,-0.05246559045073056,0.27768675366983864
0.25,0.2,0.1,0.05,0.1,0.3,-0.052454495707380644,0.27778851818918426
0.2,0.15,0.1,0.05,0.15,0.35,-0.05244766817301146,0.2778511550849145
0.2,0.05,0.4,0.25,0.05,0.05,-0.05244698541957454,0.2778574193014981
0.2,0.05,0.25,0.25,0.15,0.1,-0.05244169408043843,0.2779059702289643
0.4,0.1,0.2,0.05,0.05,0.2,-0.052399875432427176,0.27828988166483604
0.25,0.05,0.05,0.2,0.3,0.15,-0.052356349900823634,0.27868984480018505
0.25,0.05,0.05,0.15,0.25,0.25,-0.052283636659791834,0.27935888748137333
0.25,0.15,0.05,0.25,0.2,0.1,-0.052183101216205605,0.2802857165033678
0.35,0.05,0.05,0.35,0.15,0.05,-0.05216057035278731,0.28049371210850094
0.2,0.05,0.35,0.1,0.1,0.2,-0.052097074283153896,0.28108044348057154
0.3,0.05,0.05,0.4,0.15,0.05,-0.051934578965167344,0.28258574981918866
0.3,0.15,0.05,0.3,0.1,0.1,-0.0519262152355651,0.28266337590095164
0.3,0.1,0.05,0.1,0.15,0.3,-0.05192297215673974,0.28269347968505815
0.25,0.2,0.05,0.35,0.1,0.05,-0.051909487776360605,0.2828186712702174
0.35,0.05,0.05,0.25,0.2,0.1,-0.05186186572413554,0.28326110315956005
0.2,0.05,0.1,0.05,0.2,0.4,-0.051835238340095735,0.2835086879842824
0.4,0.05,0.25,0.2,0.05,0.05,-0.05170278417333358,0.28474243359957047
0.25,0.05,0.2,0.05,0.1,0.35,-0.05168400845381832,0.28491761266377813
0.2,0.25,0.05,0.35,0.1,0.05,-0.051668817189846894,0.28505940160445675
0.2,0.15,0.15,0.4,0.05,0.05,-0.05164218980580708,0.2853080452420385
0.5,0.15,0.05,0.05,0.05,0.2,-0.05164065361057401,0.28532239452431063
0.35,0.05,0.1,0.35,0.1,0.05,-0.05157818167109599,0.2859063439728687
0.3,0.05,0.1,0.05,0.15,0.35,-0.05154097160878394,0.28625454303010267
0.2,0.15,0.05,0.3,0.25,0.05,-0.05149829951897654,0.2866542051351075
0.2,0.05,0.05,0.2,0.05,0.45,0.05145357916885839,0.2870734537924044
0.2,0.05,0.3,0.15,0.15,0.15,-0.05142865866841088,0.2873072597779025
0.35,0.05,0.05,0.3,0.15,0.1,-0.051378817667515835,0.2877752558328706
0.2,0.2,0.2,0.1,0.05,0.25,-0.05111698172445766,0.2902422519915406
0.2,0.15,0.1,0.3,0.2,0.05,-0.05110503353931159,0.29035516414325135
0.3,0.1,0.1,0.3,0.15,0.05,-0.05107465101136873,0.29064241628074167
0.4,0.15,0.1,0.05,0.05,0.25,-0.051053997719901954,0.29083779191686315
0.3,0.2,0.15,0.05,0.05,0.25,-0.05103146685648365,0.29105102934922544
0.2,0.05,0.1,0.25,0.25,0.15,-0.051030784103046734,0.29105749272469295
0.2,0.2,0.05,0.35,0.15,0.05,-0.05102037211313372,0.29115607111839675
0.25,0.2,0.15,0.1,0.05,0.25,-0.050945269235072706,0.29186779101293964
0.4,0.1,0.15,0.25,0.05,0.05,-0.05094458648163579,0.29187426653265697
0.25,0.05,0.15,0.05,0.15,0.35,-0.050927176268994366,0.29203942478961453
0.35,0.1,0.2,0.25,0.05,0.05,-0.0508575354184287,0.29270068340593375
0.25,0.1,0.1,0.15,0.15,0.25,-0.05076587576952242,0.2935725423004533
0.25,0.1,0.15,0.05,0.1,0.35,-0.05073839494368646,0.2938342755544023
0.2,0.05,0.2,0.3,0.15,0.1,-0.05066499894921774,0.2945340789911047
0.25,0.15,0.15,0.35,0.05,0.05,-0.050658342103207785,0.294597604550262
0.4,0.1,0.05,0.05,0.1,0.3,-0.05063410435619719,0.294828980050262
0.4,0.1,0.1,0.1,0.05,0.25,-0.05059501672193362,0.2952023693418833
0.3,0.15,0.2,0.1,0.05,0.2,-0.05055149119033007,0.2956185234569196
0.25,0.1,0.25,0.3,0.05,0.05,-0.050482703781560556,0.29627700793776846
0.2,0.25,0.05,0.3,0.05,0.15,-0.0503121861106902,0.29791354489373995
0.5,0.05,0.15,0.05,0.05,0.2,-0.050289313870553444,0.2981335172555593
0.55,0.05,0.1,0.05,0.05,0.2,-0.05020823689991939,0.2989141406980288
0.25,0.2,0.05,0.4,0.05,0.05,-0.05018024400900573,0.29918397665082613
0.25,0.05,0.1,0.25,0.25,0.1,-0.050126647864207646,0.29970106559446064
0.25,0.05,0.05,0.4,0.2,0.05,-0.05000819014290232,0.3008460369845157
0.3,0.1,0.15,0.35,0.05,0.05,-0.04999180406041629,0.30100464753108364
0.25,0.1,0.2,0.35,0.05,0.05,-0.04994810784045351,0.3014278803158223
0.2,0.05,0.2,0.05,0.15,0.35,-0.04993120969288978,0.30159165819422173
0.3,0.05,0.05,0.25,0.2,0.15,-0.04974567144640723,0.3033937884356721
0.4,0.1,0.15,0.1,0.05,0.2,-0.04968575983231765,0.30397722916434505
0.35,0.1,0.1,0.05,0.1,0.3,-0.04967978573974462,0.30403544770613783
0.3,0.1,0.1,0.35,0.1,0.05,-0.04967551853076388,0.304077036896868
0.4,0.1,0.05,0.1,0.1,0.25,-0.04958693127232373,0.3049412789235248
0.35,0.2,0.1,0.05,0.05,0.25,-0.049521386942379564,0.305581762617579
0.4,0.05,0.25,0.15,0.05,0.1,-0.04951831455191343,0.30561180708846997
0.2,0.05,0.05,0.1,0.05,0.55,0.04946096326321229,0.3061729955316389
0.35,0.1,0.05,0.35,0.1,0.05,-0.049398149947015815,0.30678841097611786
0.25,0.05,0.05,0.1,0.25,0.3,-0.04939251723116123,0.30684363755436067
0.4,0.2,0.05,0.25,0.05,0.05,-0.04932116949700326,0.3075437421819257
0.25,0.05,0.05,0.45,0.15,0.05,-0.04927849740719588,0.3079629681996279
0.25,0.05,0.05,0.2,0.25,0.2,-0.04920493072436793,0.30868659821050687
0.3,0.2,0.05,0.25,0.05,0.15,-0.04911734723132493,0.309549562632906
0.3,0.1,0.05,0.2,0.15,0.2,-0.04909176434219872,0.30980193151546936
0.2,0.05,0.35,0.3,0.05,0.05,-0.04903492511857526,0.31036312096154417
0.3,0.05,0.15,0.05,0.1,0.35,-0.04900129951180703,0.31069543054817184
0.25,0.05,0.05,0.3,0.2,0.15,-0.048932170726319064,0.3113793397928101
0.2,0.05,0.1,0.2,0.25,0.2,-0.04880330101510073,0.31265692098903464
0.5,0.1,0.1,0.1,0.05,0.15,-0.04875192381897263,0.3131672192080521
0.3,0.05,0.05,0.35,0.2,0.05,-0.04875107037717647,0.31317570053358257
0.25,0.05,0.25,0.1,0.1,0.25,-0.0487379273735158,0.3133063319752066
0.45,0.05,0.05,0.1,0.15,0.2,-0.04870464314346603,0.3136373117066088
0.25,0.2,0.05,0.1,0.1,0.3,-0.04864695047804643,0.31421155284148133
0.2,0.15,0.1,0.35,0.15,0.05,-0.04863056439556039,0.31437477647959655
0.2,0.05,0.15,0.25,0.25,0.1,-0.04862955198394774,0.3143848630493175
0.25,0.1,0.05,0.05,0.15,0.4,-0.048613836936355896,0.3145414579075348
0.35,0.05,0.05,0.3,0.2,0.05,-0.0483680456990653,0.31699732903641015
0.45,0.1,0.1,0.25,0.05,0.05,-0.048292942821004284,0.31775022707928124
0.25,0.1,0.1,0.4,0.1,0.05,-0.04827502054328518,0.3179300683903944
0.2,0.1,0.1,0.05,0.15,0.4,-0.04821135378529255,0.31856947056088014
0.2,0.05,0.15,0.3,0.2,0.1,-0.048144102571756095,0.3192457819647178
0.2,0.1,0.1,0.1,0.15,0.35,-0.048131471633173106,0.31937290928619666
0.25,0.1,0.1,0.3,0.15,0.1,-0.048125838917318524,0.3194296118408062
0.2,0.05,0.3,0.05,0.1,0.3,-0.04812327859193009,0.31945538789904304
0.25,0.15,0.2,0.05,0.05,0.3,-0.04811320797873554,0.3195567868853754
0.45,0.05,0.2,0.05,0.05,0.2,-0.04805602737839364,0.32013292465104465
0.2,0.15,0.2,0.3,0.05,0.1,-0.04795958845542892,0.32110615204730614
0.3,0.1,0.05,0.25,0.15,0.15,-0.04786895293667802,0.3220225672627513
0.4,0.05,0.05,0.25,0.15,0.1,-0.04780323791837463,0.32268807409380845
0.25,0.1,0.2,0.15,0.1,0.2,-0.04778446219885937,0.32287838296899357
0.25,0.05,0.05,0.1,0.05,0.5,0.047721136817585205,0.32352078058696176
0.2,0.15,0.1,0.3,0.1,0.15,-0.04769945939596305,0.3237408754528521
0.3,0.1,0.2,0.3,0.05,0.05,-0.04764040122366961,0.3243409970699988
0.2,0.05,0.15,0.2,0.2,0.2,-0.04750180227597519,0.32575220783096254
0.35,0.1,0.05,0.3,0.15,0.05,-0.04743694069946795,0.32641399121168363
0.5,0.1,0.05,0.25,0.05,0.05,-0.04741287364081658,0.3266597689648884
0.25,0.1,0.1,0.35,0.15,0.05,-0.047407240924962006,0.3267173087140231
0.3,0.15,0.1,0.05,0.1,0.3,-0.047228188836130176,0.32854979399366463
0.2,0.25,0.05,0.4,0.05,0.05,-0.04722392162714944,0.3285935470559176
0.2,0.05,0.05,0.05,0.25,0.4,-0.0472179475345764,0.32865480766750044
0.25,0.05,0.2,0.1,0.15,0.25,-0.047212485507081056,0.3287108238264221
0.3,0.05,0.05,0.1,0.05,0.45,0.04718637018811893,0.3289787363288406
0.4,0.2,0.05,0.05,0.05,0.25,-0.04708993126515422,0.3299693080643795
0.25,0.15,0.15,0.05,0.05,0.35,-0.04708225028898888,0.3300482858177543
0.2,0.15,0.2,0.05,0.05,0.35,-0.04707200898743511,0.3301536084590541
0.4,0.15,0.05,0.3,0.05,0.05,-0.04705886598377444,0.33028880427941604
0.3,0.05,0.05,0.05,0.2,0.35,-0.04704606435683222,0.33042052284598006
0.2,0.1,0.2,0.05,0.1,0.35,-0.04701585251724858,0.3307315129646999
0.3,0.05,0.35,0.05,0.05,0.2,-0.04699246821203413,0.33097235235315253
0.3,0.1,0.1,0.05,0.1,0.35,-0.0469236808032646,0.33168146209990174
0.3,0.15,0.15,0.05,0.05,0.3,-0.04689944305625401,0.3319315550982781
0.2,0.15,0.15,0.35,0.1,0.05,-0.04686445194261195,0.33229281899410334
0.2,0.1,0.1,0.4,0.15,0.05,-0.04681187992796924,0.33283607159911416
0.2,0.05,0.1,0.35,0.2,0.1,-0.046727901255228285,0.33370504945274915
0.2,0.15,0.05,0.3,0.2,0.1,-0.04644012068156721,0.33669393875910414
0.25,0.05,0.1,0.3,0.2,0.1,-0.04643909655141183,0.33670460592023627
0.25,0.15,0.15,0.3,0.05,0.1,-0.046428684561498824,0.33681306768619634
0.35,0.15,0.1,0.3,0.05,0.05,-0.046428343184780375,0.3368166241886989
0.2,0.05,0.1,0.25,0.3,0.1,-0.04642800180806191,0.33682018071526676
0.2,0.05,0.1,0.4,0.2,0.05,-0.046424929417595774,0.3368521905373059
0.25,0.15,0.1,0.35,0.1,0.05,-0.04635631269718549,0.33756758443424983
0.25,0.2,0.05,0.05,0.1,0.35,-0.04632610085760185,0.33788287954923124
0.25,0.25,0.1,0.05,0.05,0.3,-0.04629605970637745,0.3381965801903251
0.5,0.1,0.05,0.05,0.05,0.25,-0.04626721337366765,0.3384979794479017
0.2,0.05,0.15,0.05,0.15,0.4,-0.04619791389982044,0.3392227530564177
0.2,0.05,0.25,0.05,0.1,0.35,-0.04616889687875141,0.3395265241259349
0.2,0.25,0.15,0.05,0.05,0.3,-0.046156948693605336,0.33965165684316595
0.2,0.1,0.15,0.35,0.1,0.1,-0.04594153998425761,0.3419126742436176
0.25,0.15,0.05,0.35,0.15,0.05,-0.04592942111075231,0.34204016332867304
0.55,0.05,0.05,0.1,0.1,0.15,-0.04590364716850865,0.34231140282270395
0.25,0.1,0.05,0.1,0.15,0.35,-0.04585158721894362,0.3428596885903045
0.3,0.05,0.2,0.1,0.1,0.25,-0.0458312753041953,0.34307376152419083
0.2,0.05,0.05,0.35,0.3,0.05,-0.045585825443623176,0.3456673516211924
0.3,0.15,0.05,0.05,0.1,0.35,-0.0455634652685641,0.34590424169977446
0.35,0.1,0.15,0.3,0.05,0.05,-0.04555663773419492,0.34597659508508916
0.5,0.05,0.05,0.05,0.1,0.25,-0.045512770825872906,0.3464416947467587
0.3,0.15,0.1,0.3,0.05,0.1,-0.04549996919893069,0.34657749897263884
0.3,0.1,0.25,0.05,0.05,0.25,-0.04547214699637627,0.3468727632789024
0.25,0.15,0.05,0.3,0.1,0.15,-0.04524461941352324,0.34929339424137656
0.4,0.15,0.1,0.1,0.05,0.2,-0.04497766281968818,0.3521470956904485
0.25,0.1,0.3,0.05,0.05,0.25,-0.044963666374231354,0.35229711897971105
0.3,0.1,0.05,0.3,0.15,0.1,-0.04490750990404482,0.35289944696032205
0.3,0.05,0.05,0.3,0.2,0.1,-0.0447844435970403,0.35422171084657694
0.2,0.1,0.2,0.25,0.1,0.15,-0.04476413168229198,0.3544402480442192
0.35,0.15,0.05,0.3,0.05,0.1,-0.04475218349714591,0.35456883896578856
0.45,0.05,0.1,0.1,0.1,0.2,-0.04468595641376483,0.3552821323060924
0.25,0.05,0.2,0.1,0.1,0.3,-0.04462536204623833,0.3559355488105628
0.25,0.1,0.05,0.3,0.25,0.05,-0.04461495005632532,0.3560479019913911
0.3,0.05,0.15,0.35,0.1,0.05,-0.04460982940554844,0.3561031658273122
0.2,0.05,0.15,0.35,0.15,0.1,-0.04455435568879883,0.3567022027705383
0.2,0.1,0.3,0.3,0.05,0.05,-0.044519023198438305,0.3570840728547282
0.2,0.2,0.05,0.2,0.1,0.25,-0.0444930785678354,0.35736464318754574
0.4,0.05,0.05,0.2,0.15,0.15,-0.04442275496383282,0.3581258317944853
0.2,0.15,0.1,0.2,0.1,0.25,-0.044371548456063954,0.35868073440493375
0.2,0.05,0.05,0.3,0.05,0.35,0.04428398532777917,0.3596308653628336
0.2,0.2,0.1,0.4,0.05,0.05,-0.04423312019672876,0.36018351599985926
0.3,0.1,0.05,0.3,0.2,0.05,-0.04422322027189344,0.36029114060963335
0.2,0.05,0.25,0.1,0.1,0.3,-0.04409042472841283,0.3617367389888393
0.2,0.15,0.1,0.4,0.1,0.05,-0.044049288833838504,0.3621852739128075
0.25,0.15,0.05,0.1,0.15,0.3,-0.043966163602893696,0.36309270859398807
0.25,0.05,0.2,0.35,0.1,0.05,-0.04383609907316076,0.3645153972718788
0.2,0.1,0.2,0.15,0.1,0.25,-0.04383080773402464,0.36457334907394845
0.35,0.05,0.15,0.25,0.1,0.1,-0.04378472187703266,0.3650783331420482
0.4,0.15,0.05,0.2,0.05,0.15,-0.0437814787982073,0.36511388544565654
0.55,0.1,0.05,0.05,0.05,0.2,-0.043729589537001505,0.3656830153121799
0.25,0.15,0.2,0.15,0.05,0.2,-0.04369767081382557,0.3660333790171702
0.25,0.05,0.05,0.2,0.05,0.4,0.04367206755994114,0.36631457022307845
0.2,0.1,0.1,0.3,0.2,0.1,-0.04365960730971737,0.3664514651685871
0.3,0.15,0.1,0.35,0.05,0.05,-0.04365209702191127,0.3665339925454943
0.25,0.1,0.05,0.3,0.2,0.1,-0.04362615239130838,0.36681917597502517
0.2,0.1,0.1,0.3,0.15,0.15,-0.04357033729784031,0.3674331626874316
0.2,0.25,0.05,0.05,0.1,0.35,-0.043532444482091336,0.36785036109331276
0.3,0.1,0.15,0.15,0.1,0.2,-0.04352886002654752,0.3678898410202373
0.2,0.05,0.05,0.25,0.25,0.2,-0.043462291566447986,0.3686235174358854
0.25,0.1,0.05,0.3,0.15,0.15,-0.04337575256831858,0.3695786520047401
0.25,0.05,0.05,0.35,0.2,0.1,-0.04336636470856096,0.3696823582965701
0.2,0.05,0.2,0.1,0.15,0.3,-0.043193116023942935,0.37159944501893516
0.3,0.15,0.05,0.35,0.1,0.05,-0.04306714801483151,0.37299719728364916
0.25,0.1,0.05,0.35,0.15,0.1,-0.04304222751438399,0.3732741013425853
0.2,0.15,0.1,0.35,0.1,0.1,-0.04299136238333358,0.3738396825750707
0.25,0.05,0.3,0.15,0.1,0.15,-0.04292513529995249,0.37457686832809517
0.4,0.05,0.25,0.1,0.05,0.15,-0.0428611271652414,0.37529020503473076
0.2,0.1,0.1,0.35,0.15,0.1,-0.04281538268496788,0.37580051506304246
0.4,0.05,0.15,0.1,0.1,0.2,-0.04281009134583176,0.37585957099931716
0.2,0.15,0.25,0.1,0.05,0.25,-0.04279541214693802,0.3760234334867621
0.25,0.05,0.1,0.35,0.15,0.1,-0.042787048417335764,0.37611681664651614
0.2,0.1,0.2,0.1,0.05,0.35,-0.042740109118547635,0.37664117044256384
0.25,0.05,0.05,0.25,0.25,0.15,-0.0426158479930285,0.3780314459704372
0.2,0.1,0.05,0.4,0.15,0.1,-0.04257095695455112,0.37853447566444637
0.2,0.05,0.4,0.05,0.05,0.25,-0.0425188970049861,0.3791183510719138
0.4,0.05,0.2,0.05,0.05,0.25,-0.04247673698025639,0.37959159884354965
0.25,0.05,0.05,0.15,0.05,0.45,0.042381492875806295,0.3806620491683226
0.25,0.1,0.05,0.4,0.15,0.05,-0.042374323964718644,0.3807426953978196
0.25,0.05,0.3,0.3,0.05,0.05,-0.04237347052292251,0.3807522968358968
0.2,0.05,0.1,0.3,0.25,0.1,-0.042313900285551376,0.38142284332117943
0.2,0.15,0.05,0.05,0.15,0.4,-0.04218400644417767,0.3828874827547242
0.35,0.15,0.1,0.15,0.05,0.2,-0.04215806181357478,0.38318043663912693
0.3,0.1,0.05,0.35,0.15,0.05,-0.04215123427920559,0.38325755250034943
0.25,0.05,0.1,0.05,0.05,0.5,0.04213416544328263,0.38345038359113026
0.35,0.15,0.1,0.05,0.05,0.3,-0.04210241740846593,0.38380920685445963
0.4,0.05,0.1,0.1,0.1,0.25,-0.042057184993270096,0.38432078718856494
0.25,0.05,0.35,0.2,0.05,0.1,-0.04183546081463087,0.3868345040759777
0.25,0.05,0.1,0.2,0.2,0.2,-0.041788862892561195,0.38736405930888623
0.2,0.05,0.1,0.2,0.05,0.4,0.041699763569043355,0.3883778410202574
0.3,0.15,0.05,0.1,0.1,0.3,-0.041678086147421196,0.38862473239400713
0.25,0.15,0.1,0.4,0.05,0.05,-0.04167228274320739,0.388690845453872
0.35,0.1,0.05,0.05,0.1,0.35,-0.04163643818776918,0.38909934203974633
0.2,0.15,0.15,0.15,0.05,0.3,-0.041560993932989704,0.38995998035142837
0.3,0.05,0.05,0.3,0.25,0.05,-0.041517468401386155,0.39045702667212784
0.2,0.2,0.2,0.05,0.05,0.3,-0.041511152932094675,0.3905291789758213
0.2,0.1,0.2,0.2,0.1,0.2,-0.04144987581113125,0.39122967041875406
0.45,0.05,0.2,0.15,0.05,0.1,-0.041436220742392886,0.3913858723038753
0.2,0.1,0.05,0.3,0.2,0.15,-0.04141215368374151,0.3916612699512447
0.2,0.15,0.1,0.05,0.1,0.4,-0.04129676835290232,0.3929832430601323
0.4,0.1,0.05,0.15,0.1,0.2,-0.04104056512569872,0.3959281883751532
0.3,0.2,0.1,0.1,0.05,0.25,-0.04103885824210643,0.3959478526983699
0.25,0.05,0.05,0.3,0.25,0.1,-0.04101052397447431,0.39627436632365287
0.2,0.2,0.05,0.4,0.1,0.05,-0.04095880540162776,0.3968707695816053
0.4,0.05,0.15,0.15,0.1,0.15,-0.04091784019541265,0.39734355100503177
0.2,0.1,0.05,0.45,0.15,0.05,-0.04090247824308199,0.3975209312578041
0.2,0.15,0.25,0.05,0.05,0.3,-0.04085775789296384,0.3980375756491644
0.5,0.1,0.05,0.2,0.05,0.1,-0.04074578632930923,0.39933292589333214
0.2,0.15,0.05,0.35,0.15,0.1,-0.040661466279849824,0.4003100540938006
0.25,0.2,0.15,0.05,0.05,0.3,-0.04058482720655575,0.40119941370270473
0.2,0.15,0.1,0.15,0.1,0.3,-0.04058192550444884,0.40123310977207427
0.3,0.15,0.05,0.4,0.05,0.05,-0.040490948608979484,0.40229043920841695
0.4,0.05,0.05,0.05,0.15,0.3,-0.040455616118618955,0.4027015203191257
0.2,0.1,0.05,0.3,0.25,0.1,-0.04034125491793514,0.4040337920043871
0.2,0.05,0.1,0.25,0.05,0.35,0.040224333391862876,0.40539860468498307
0.25,0.05,0.1,0.25,0.05,0.3,0.0401459874349765,0.4063146629811316
0.3,0.05,0.05,0.25,0.05,0.3,0.0401050222287614,0.4067941375564592
0.55,0.1,0.05,0.1,0.05,0.15,-0.03994133209226024,0.40871339298545983
0.2,0.05,0.05,0.1,0.25,0.35,-0.03988295667340372,0.40939913801452277
0.3,0.1,0.05,0.15,0.15,0.25,-0.039874592943801475,0.40949744386055287
0.4,0.05,0.25,0.05,0.05,0.2,-0.039755281780699994,0.4109013296113289
0.2,0.05,0.3,0.35,0.05,0.05,-0.0397535748971077,0.4109214344555083
0.3,0.05,0.05,0.2,0.05,0.35,0.03967539962858055,0.4118428600151373
0.25,0.1,0.05,0.15,0.15,0.3,-0.039527420816366704,0.4135903767099494
0.2,0.05,0.3,0.1,0.1,0.25,-0.039487301056709556,0.4140649130719006
0.25,0.1,0.15,0.4,0.05,0.05,-0.039434046288629926,0.4146953058763466
0.25,0.15,0.15,0.25,0.05,0.15,-0.03937976739039493,0.41533840311744463
0.2,0.05,0.15,0.15,0.2,0.25,-0.03937567086977341,0.4153869625748153
0.35,0.15,0.1,0.1,0.05,0.25,-0.0392746233611095,0.4165858201761849
0.2,0.05,0.05,0.45,0.2,0.05,-0.03923655985700131,0.41703794376655234
0.25,0.1,0.15,0.15,0.1,0.25,-0.03909010924478233,0.418780191118088
0.25,0.05,0.15,0.05,0.1,0.4,-0.03905921465176178,0.4191482725387327
0.25,0.15,0.1,0.15,0.1,0.25,-0.03900186336306063,0.4198320643131526
0.3,0.05,0.05,0.15,0.05,0.4,0.03899947372603142,0.41986056980774716
0.2,0.05,0.15,0.1,0.2,0.3,-0.03897813768112773,0.4201151333880311
0.2,0.2,0.1,0.05,0.1,0.35,-0.03893768453999032,0.420598033940949
0.25,0.05,0.05,0.25,0.3,0.1,-0.03890849683056206,0.42094665748140464
0.2,0.1,0.1,0.15,0.15,0.3,-0.0388717988333277,0.42138522507957266
0.3,0.05,0.05,0.2,0.2,0.2,-0.03875624281412927,0.42276794667625905
0.35,0.15,0.05,0.05,0.1,0.3,-0.038699574278865057,0.4234469983157376
0.2,0.15,0.05,0.4,0.1,0.1,-0.03869342949793279,0.42352066862687304
0.25,0.05,0.1,0.05,0.15,0.4,-0.038681139936068254,0.42366803166892375
0.2,0.05,0.1,0.3,0.05,0.3,0.0386744830900583,0.42374786579709983
0.45,0.05,0.15,0.05,0.05,0.25,-0.03864410056211544,0.4241123482867266
0.45,0.05,0.15,0.25,0.05,0.05,-0.038586407896695846,0.4248049580717968
0.25,0.05,0.05,0.35,0.25,0.05,-0.03853281175189776,0.42544897815687394
0.35,0.05,0.3,0.1,0.05,0.15,-0.03853264106353852,0.42545103008324925
0.6,0.05,0.05,0.2,0.05,0.05,-0.03852239976198475,0.4255741562020273
0.2,0.1,0.1,0.35,0.2,0.05,-0.03850891538160562,0.42573630386770345
0.65,0.05,0.05,0.05,0.05,0.15,-0.03847528977483738,0.42614080326424136
0.2,0.2,0.15,0.1,0.05,0.3,-0.03844183485642839,0.42654347099465584
0.2,0.1,0.05,0.1,0.2,0.35,-0.0384362507960536,0.42661070299230086
0.25,0.05,0.1,0.15,0.2,0.25,-0.03843569007549613,0.4266174543989975
0.2,0.2,0.05,0.15,0.1,0.3,-0.03843347112682613,0.42664417246048425
0.2,0.05,0.05,0.4,0.25,0.05,-0.038394383492562564,0.42711498075866455
0.25,0.1,0.05,0.35,0.2,0.05,-0.038260393130567345,0.42873117470600325
0.25,0.1,0.25,0.2,0.05,0.15,-0.038245543243314375,0.4289105121984173
0.2,0.05,0.05,0.3,0.25,0.15,-0.038235472630119824,0.42903215660673205
0.3,0.05,0.15,0.15,0.15,0.2,-0.03818272992711789,0.42966956979005827
0.35,0.1,0.1,0.15,0.1,0.2,-0.038166002467913386,0.4298718411693339
0.25,0.05,0.05,0.25,0.05,0.35,0.0381320354844267,0.43028274543839534
0.25,0.15,0.05,0.35,0.1,0.1,-0.038130840665912095,0.43029720349288686
0.3,0.1,0.15,0.1,0.05,0.3,-0.03805795673652107,0.4311796760939684
0.2,0.15,0.05,0.1,0.15,0.35,-0.03802398975303437,0.43159130253039796
0.35,0.1,0.2,0.15,0.05,0.15,-0.03798302454681928,0.43208803821357794
0.25,0.05,0.15,0.05,0.05,0.45,0.037944278289274165,0.43255817091247467
0.2,0.05,0.05,0.35,0.25,0.1,-0.037894778665097585,0.433159210068711
0.2,0.2,0.15,0.05,0.05,0.35,-0.03785756860278554,0.43361134252405675
0.3,0.1,0.1,0.1,0.1,0.3,-0.037831282595464186,0.43393090267020173
0.35,0.2,0.05,0.1,0.05,0.25,-0.0376974629218282,0.4355598558625386
0.3,0.05,0.1,0.2,0.05,0.3,0.03766144767803076,0.43599885990981113
0.2,0.05,0.05,0.15,0.25,0.3,-0.037621677290330266,0.43648393210822034
0.45,0.15,0.05,0.1,0.05,0.2,-0.03755220712812382,0.4373319900056179
0.2,0.15,0.2,0.25,0.05,0.15,-0.037474031859596676,0.4382874448048245
0.25,0.15,0.05,0.4,0.1,0.05,-0.037434261471896185,0.4387739753879205
0.55,0.05,0.1,0.1,0.05,0.15,-0.03739056525193341,0.43930888896135906
0.2,0.05,0.1,0.25,0.2,0.2,-0.03716918245001265,0.44202470610868577
0.2,0.05,0.05,0.4,0.2,0.1,-0.03714818778182741,0.4422827546856529
0.3,0.05,0.1,0.05,0.05,0.45,0.03713350858293367,0.4424632299026563
0.2,0.05,0.05,0.3,0.3,0.1,-0.03712941206231216,0.44251360257048755
0.3,0.05,0.25,0.3,0.05,0.05,-0.037120536267632225,0.4426227545634245
0.25,0.05,0.35,0.05,0.05,0.25,-0.03708213138680556,0.44309522363552034
0.25,0.15,0.15,0.15,0.05,0.25,-0.0370592591466688,0.44337674164095286
0.2,0.05,0.2,0.05,0.1,0.4,-0.037037411036687416,0.443645749438346
0.45,0.15,0.05,0.05,0.05,0.25,-0.03695109303281469,0.4447094595805598
0.3,0.15,0.1,0.05,0.05,0.35,-0.03693431526771275,0.44491638273463574
0.2,0.2,0.05,0.4,0.05,0.1,-0.03690444480484758,0.4452849158445942
0.5,0.05,0.15,0.15,0.05,0.1,-0.0369034206746922,0.4452975543392829
0.35,0.05,0.05,0.05,0.05,0.45,0.03685631068754483,0.4458791453224022
0.2,0.05,0.15,0.2,0.05,0.35,0.036849995218253336,0.44595714499145245
0.3,0.05,0.3,0.2,0.05,0.1,-0.036840271963859465,0.44607724790043274
0.2,0.25,0.05,0.2,0.05,0.25,-0.03680629899829057,0.446497030491156
0.2,0.15,0.05,0.45,0.1,0.05,-0.03673068405515186,0.44743216072779013
0.4,0.05,0.1,0.25,0.1,0.1,-0.03671907724672425,0.44757580032987104
0.2,0.1,0.05,0.05,0.15,0.45,-0.03665541048873162,0.44836417022983255
0.2,0.1,0.3,0.2,0.05,0.15,-0.03660864187830271,0.44894379479476204
0.25,0.05,0.25,0.35,0.05,0.05,-0.03660437466932197,0.44899670133346414
0.3,0.25,0.05,0.05,0.05,0.3,-0.03660317985080737,0.4490115157960371
0.5,0.05,0.1,0.25,0.05,0.05,-0.0365139098389303,0.4501191492396319
0.25,0.05,0.05,0.3,0.05,0.3,0.03649735306808503,0.4503247497741098
0.4,0.1,0.1,0.3,0.05,0.05,-0.03645894818725837,0.4508018622786579
0.2,0.1,0.25,0.15,0.05,0.25,-0.03644051384446158,0.4510309775403515
0.45,0.1,0.05,0.3,0.05,0.05,-0.0364002313916834,0.4515318653074413
0.35,0.05,0.1,0.05,0.1,0.35,-0.03614180921580982,0.4547526351655915
0.25,0.15,0.15,0.1,0.05,0.3,-0.03612576451004224,0.45495302803542553
0.25,0.1,0.25,0.25,0.05,0.1,-0.0360303497172329,0.45614574925481083
0.4,0.05,0.05,0.35,0.1,0.05,-0.03601140330935842,0.4563827949149683
0.2,0.05,0.15,0.15,0.05,0.4,0.03595780716456033,0.45705373011937744
0.2,0.2,0.05,0.35,0.05,0.15,-0.035951833071987294,0.45712855007654374
0.3,0.15,0.05,0.15,0.1,0.25,-0.03580947898038983,0.4589134293922365
0.2,0.15,0.05,0.35,0.2,0.05,-0.03580401695289447,0.4589819914117456
0.2,0.2,0.05,0.45,0.05,0.05,-0.03572293998226043,0.46000038122436154
0.2,0.05,0.1,0.05,0.15,0.45,-0.03564169232326715,0.4610221778925224
0.2,0.05,0.1,0.15,0.05,0.45,0.035633840658742595,0.4611209898886135
0.2,0.05,0.35,0.25,0.05,0.1,-0.03557546523988607,0.461856005289617
0.25,0.15,0.05,0.2,0.1,0.25,-0.03533359983485776,0.46490831093670865
0.35,0.05,0.3,0.05,0.05,0.2,-0.03520199910989175,0.46657377727991645
0.3,0.05,0.2,0.25,0.1,0.1,-0.035113753228170064,0.4676924139901222
0.2,0.1,0.05,0.35,0.15,0.15,-0.03510829120067472,0.46776170126297667
0.25,0.15,0.1,0.05,0.05,0.4,-0.03507142251508112,0.46822953857028343
0.2,0.1,0.05,0.35,0.2,0.1,-0.03502362977449685,0.4688363784443911
0.25,0.05,0.25,0.25,0.1,0.1,-0.035012022966069235,0.4689838192621042
0.3,0.05,0.15,0.1,0.15,0.25,-0.03495330617049426,0.46973008793932286
0.3,0.05,0.2,0.35,0.05,0.05,-0.03493538389277515,0.46995800364737433
0.25,0.1,0.25,0.15,0.05,0.2,-0.03492053400552218,0.4701468942069051
0.35,0.1,0.05,0.1,0.1,0.3,-0.034909439262172264,0.47028804660838325
0.2,0.15,0.1,0.1,0.1,0.35,-0.03485737931260724,0.4709506884844127
0.25,0.05,0.05,0.05,0.2,0.4,-0.0348121468974114,0.47152684307765874
0.45,0.05,0.1,0.15,0.1,0.15,-0.03478842121547849,0.47182920724974736
0.2,0.05,0.4,0.15,0.05,0.15,-0.03468720301845535,0.4731203448519324
0.35,0.05,0.05,0.2,0.05,0.3,0.034638215459356456,0.4737459243318706
0.3,0.05,0.25,0.15,0.1,0.15,-0.03463258274350188,0.47381788411175024
0.4,0.05,0.05,0.1,0.15,0.25,-0.03459008134205371,0.4743610463594843
0.2,0.1,0.15,0.2,0.1,0.25,-0.03456242982785852,0.4747146119667474
0.55,0.05,0.1,0.15,0.05,0.1,-0.034506956111108905,0.47542436030050905
0.45,0.1,0.1,0.15,0.05,0.15,-0.03447384256941838,0.47584830178549686
0.2,0.05,0.35,0.05,0.05,0.3,-0.03442161193149412,0.47651741260892266
0.2,0.15,0.15,0.1,0.05,0.35,-0.03440915168127036,0.4766771129298266
0.2,0.05,0.05,0.25,0.3,0.15,-0.0343983983146389,0.47681495997333667
0.25,0.05,0.1,0.2,0.05,0.35,0.03437740364645366,0.4770841525946608
0.25,0.15,0.15,0.2,0.05,0.2,-0.034320735111189445,0.47781116750123276
0.25,0.15,0.2,0.1,0.05,0.25,-0.034319028227597144,0.4778330749028168
0.3,0.05,0.05,0.3,0.05,0.25,0.03429888700120806,0.4780916235728647
0.35,0.05,0.05,0.1,0.05,0.4,0.03414100026892069,0.48012101996184564
0.2,0.1,0.1,0.45,0.1,0.05,-0.03413058827900769,0.4802550147171077
0.2,0.15,0.2,0.1,0.05,0.3,-0.0341000350627056,0.48064832967336246
0.2,0.05,0.05,0.05,0.2,0.45,-0.034031589030654535,0.48153007740148857
0.25,0.1,0.1,0.35,0.1,0.1,-0.03388565048351325,0.483413038394254
0.2,0.1,0.3,0.15,0.05,0.2,-0.033885309106794784,0.4834174476453957
0.35,0.05,0.15,0.1,0.1,0.25,-0.033836662924414354,0.4840459882900161
0.35,0.05,0.1,0.1,0.15,0.25,-0.033650100547776424,0.486460586337285
0.2,0.05,0.3,0.25,0.1,0.1,-0.03356083053589935,0.48761826141522
0.2,0.05,0.1,0.35,0.05,0.25,0.03352327909686885,0.4881056799279371
0.3,0.1,0.1,0.15,0.1,0.25,-0.03343861767069098,0.4892055471891022
0.25,0.15,0.05,0.05,0.1,0.4,-0.03336761131325147,0.490129041112693
0.35,0.05,0.05,0.05,0.15,0.35,-0.03330394455525885,0.4909578716122158
0.2,0.1,0.15,0.15,0.1,0.3,-0.03329950665791887,0.491015673283799
0.25,0.05,0.1,0.3,0.05,0.25,0.03327168445536445,0.491378128302059
0.3,0.05,0.1,0.4,0.1,0.05,-0.033232938197819334,0.4918831353748751
0.25,0.05,0.15,0.1,0.15,0.3,-0.033168759374749016,0.49272023305694834
0.2,0.1,0.3,0.25,0.05,0.1,-0.03313393894946618,0.4931747212777719
0.35,0.05,0.2,0.3,0.05,0.05,-0.032895999376700145,0.4962863707213799
0.3,0.05,0.05,0.05,0.15,0.4,-0.03289343905131171,0.49631990997083636
0.3,0.15,0.15,0.15,0.05,0.2,-0.03288797702381636,0.4963914643956768
0.2,0.05,0.05,0.4,0.05,0.25,0.032824310265823727,0.497225924881269
0.5,0.1,0.05,0.1,0.05,0.2,-0.03272445757567442,0.49853616138513884
0.2,0.05,0.25,0.3,0.1,0.1,-0.03272138518520829,0.4985765053439999
0.2,0.1,0.1,0.2,0.15,0.25,-0.032720873120130604,0.49858322950531114
0.4,0.15,0.05,0.05,0.05,0.3,-0.03266062012932256,0.4993747744829081
0.4,0.1,0.1,0.05,0.05,0.3,-0.03262597039239896,0.49983026991800755
0.2,0.15,0.2,0.15,0.05,0.25,-0.03259080859039766,0.5002927213515522
0.4,0.05,0.05,0.1,0.1,0.3,-0.032553769216444844,0.5007801112722057
0.2,0.05,0.05,0.5,0.15,0.05,-0.03252202118162814,0.5011980735897136
0.4,0.1,0.15,0.15,0.05,0.15,-0.03246996123206312,0.5018838402625243
0.2,0.05,0.05,0.35,0.05,0.3,0.032393322158769035,0.5028942784741953
0.25,0.15,0.05,0.1,0.1,0.35,-0.03230507627704735,0.5040590708345327
0.25,0.15,0.05,0.15,0.1,0.3,-0.032147701609837674,0.5061398366128591
0.25,0.05,0.1,0.15,0.05,0.4,0.03212346386282708,0.5064607013015756
0.25,0.05,0.15,0.4,0.1,0.05,-0.032087960684107325,0.5069308926191993
0.2,0.2,0.05,0.3,0.05,0.2,-0.03203060939540618,0.5076909150233997
0.3,0.15,0.15,0.1,0.05,0.25,-0.03201268711768708,0.5079285441991075
0.4,0.05,0.15,0.05,0.05,0.3,-0.03199544759340489,0.5081571757009857
0.5,0.05,0.05,0.3,0.05,0.05,-0.03194902035969445,0.508773163595993
0.3,0.15,0.1,0.2,0.05,0.2,-0.03188381740646875,0.509638922230736
0.45,0.05,0.05,0.05,0.1,0.3,-0.03162693142582823,0.5130572932741434
0.2,0.3,0.05,0.05,0.05,0.35,-0.03152605460552355,0.5144029040486993
0.2,0.15,0.15,0.35,0.05,0.1,-0.03146136371737554,0.515266786550977
0.2,0.25,0.1,0.05,0.05,0.35,-0.031388309099625276,0.5162432601056803
0.3,0.2,0.05,0.2,0.05,0.2,-0.031367314431440044,0.5165240589471671
0.25,0.1,0.15,0.25,0.1,0.15,-0.031334371578108734,0.5169648209541887
0.35,0.15,0.05,0.35,0.05,0.05,-0.03123264131600791,0.5183271549372812
0.3,0.05,0.15,0.1,0.1,0.3,-0.03120225878806504,0.518734384841754
0.5,0.05,0.1,0.05,0.05,0.25,-0.03116897455801527,0.5191806964784814
0.2,0.05,0.4,0.1,0.05,0.2,-0.031138592030072406,0.5195882713064299
0.25,0.1,0.15,0.2,0.1,0.2,-0.03110957500900338,0.519977681700725
0.3,0.05,0.05,0.35,0.15,0.1,-0.03101125851408714,0.5212982098094766
0.3,0.15,0.05,0.35,0.05,0.1,-0.03094571418414298,0.5221795164814661
0.2,0.05,0.35,0.15,0.1,0.15,-0.03091447821440397,0.5225997825494736
0.2,0.15,0.2,0.2,0.05,0.2,-0.030872147501315034,0.5231695996489145
0.25,0.05,0.05,0.35,0.05,0.25,0.030867709603975065,0.5232293569375732
0.2,0.15,0.15,0.05,0.05,0.4,-0.030860540692887423,0.5233258953159825
0.25,0.1,0.1,0.15,0.1,0.3,-0.03077707408522416,0.5244505478446501
0.2,0.05,0.15,0.15,0.15,0.3,-0.030769393109058827,0.5245541054397155
0.4,0.15,0.05,0.15,0.05,0.2,-0.030719552108163795,0.525226332680049
0.2,0.1,0.05,0.2,0.15,0.3,-0.030674831758045643,0.5258298691657034
0.2,0.05,0.15,0.25,0.05,0.3,0.030674490381327184,0.525834477672961
0.3,0.05,0.05,0.15,0.2,0.25,-0.030658104298841145,0.5260557102178295
0.2,0.15,0.15,0.2,0.05,0.25,-0.030645985425335844,0.5262193606101734
0.2,0.05,0.15,0.05,0.05,0.5,0.03063198897987902,0.5264083975407705
0.4,0.05,0.2,0.25,0.05,0.05,-0.030608775363023796,0.5267219983979242
0.25,0.1,0.1,0.1,0.1,0.35,-0.030589316890071626,0.5269849429190075
0.25,0.15,0.1,0.2,0.05,0.25,-0.030584537616013197,0.5270495359946988
0.25,0.1,0.15,0.15,0.05,0.3,-0.030568492910245618,0.5272664136208377
0.35,0.05,0.2,0.15,0.1,0.15,-0.03051540883052522,0.5279842787794086
0.45,0.05,0.15,0.15,0.05,0.15,-0.030495096915776898,0.528259091537963
0.25,0.05,0.1,0.1,0.2,0.3,-0.03043603874348346,0.5290585392242874
0.25,0.1,0.05,0.45,0.1,0.05,-0.030393537342035298,0.5296342436245783
0.25,0.15,0.1,0.15,0.05,0.3,-0.030369299595024695,0.5299626990151477
0.5,0.05,0.05,0.1,0.1,0.2,-0.030294538093682138,0.5309764712582477
0.25,0.05,0.35,0.1,0.05,0.2,-0.030268934839797704,0.5313238787675928
0.2,0.15,0.05,0.4,0.15,0.05,-0.03022063003413573,0.5319796335477297
0.25,0.05,0.2,0.15,0.15,0.2,-0.03014586853279318,0.5329953521392032
0.3,0.1,0.1,0.2,0.1,0.2,-0.030115656693209543,0.5334060908983949
0.25,0.05,0.3,0.05,0.05,0.3,-0.029942237320232292,0.5357668578252996
0.2,0.1,0.05,0.35,0.25,0.05,-0.029924485730872412,0.536008806671634
0.2,0.2,0.15,0.15,0.05,0.25,-0.02980995384182937,0.5375711586720054
0.25,0.25,0.05,0.05,0.05,0.35,-0.029782643704352636,0.5379440378928836
0.5,0.05,0.1,0.1,0.05,0.2,-0.029674427284601082,0.5394228427301158
0.35,0.05,0.05,0.4,0.1,0.05,-0.02957406252937409,0.5407961636681068
0.2,0.2,0.05,0.1,0.1,0.35,-0.029499983781468453,0.5418109210592713
0.2,0.1,0.2,0.4,0.05,0.05,-0.029491620051866202,0.5419255498993812
0.3,0.15,0.1,0.15,0.05,0.25,-0.029366334796191697,0.54364408483951
0.35,0.05,0.1,0.1,0.1,0.3,-0.029358483131667137,0.5437518758538654
0.45,0.1,0.05,0.05,0.05,0.3,-0.02932895404552041,0.5441573586322856
0.25,0.05,0.1,0.1,0.05,0.45,0.02927791822611077,0.5448585171534015
0.2,0.15,0.05,0.05,0.1,0.45,-0.029230808238963405,0.5455061370183165
0.2,0.25,0.1,0.1,0.05,0.3,-0.029170896624873825,0.546330289916461
0.25,0.2,0.1,0.1,0.05,0.3,-0.02907770078073448,0.5476135263367302
0.2,0.05,0.1,0.1,0.2,0.35,-0.02904765962951007,0.5480274866314626
0.2,0.05,0.25,0.4,0.05,0.05,-0.029029566663431733,0.5482768779600844
0.2,0.05,0.15,0.1,0.05,0.45,0.029014204711101076,0.5484886691597327
0.25,0.1,0.2,0.2,0.05,0.2,-0.029009425437042644,0.54855456796513
0.25,0.05,0.2,0.3,0.1,0.1,-0.028924422634146314,0.5497272756858689
0.25,0.2,0.1,0.05,0.05,0.35,-0.028728472397750757,0.5524353078071254
0.2,0.1,0.15,0.45,0.05,0.05,-0.028651475400824716,0.553501188714774
0.3,0.1,0.05,0.35,0.1,0.1,-0.02864739542711671,0.5535576963964514
0.3,0.1,0.05,0.05,0.05,0.45,0.02860199232356164,0.554186719862037
0.5,0.05,0.05,0.15,0.1,0.15,-0.028563758131094217,0.5547166940474206
0.35,0.1,0.15,0.25,0.05,0.1,-0.028548054802045097,0.5549344335336489
0.35,0.05,0.25,0.25,0.05,0.05,-0.028455541711342663,0.5562180474964056
0.25,0.25,0.05,0.1,0.05,0.3,-0.028449908995488087,0.5562962476997777
0.35,0.05,0.25,0.05,0.05,0.25,-0.02844436807792374,0.556373178660849
0.2,0.1,0.05,0.4,0.2,0.05,-0.028393069771864638,0.557085657710559
0.45,0.05,0.15,0.1,0.05,0.2,-0.02837258716875709,0.5573702630021795
0.2,0.1,0.15,0.05,0.1,0.4,-0.028360980360329476,0.557531570641303
0.3,0.1,0.05,0.15,0.1,0.3,-0.02831131004779367,0.5582221281259685
0.65,0.05,0.05,0.1,0.05,0.1,-0.028256177707762516,0.5589891081358114
0.45,0.05,0.2,0.1,0.05,0.15,-0.028150692301758637,0.5604580003595889
0.3,0.05,0.05,0.1,0.2,0.3,-0.028068932577687666,0.5615977909888693
0.4,0.05,0.2,0.15,0.05,0.15,-0.028034624217482523,0.562076407185707
0.2,0.2,0.05,0.05,0.1,0.4,-0.02788134607089436,0.5642170977541867
0.3,0.1,0.1,0.4,0.05,0.05,-0.027713388725412454,0.5665672807735053
0.3,0.05,0.1,0.1,0.05,0.4,0.027658768450458986,0.5673325747979735
0.35,0.05,0.25,0.2,0.05,0.1,-0.027631287624623028,0.5677177998346878
0.25,0.2,0.1,0.15,0.05,0.25,-0.027625996285486912,0.5677919879219526
0.3,0.05,0.05,0.35,0.05,0.2,0.027613023970185464,0.5679738879548735
0.45,0.05,0.05,0.1,0.1,0.25,-0.027603806798787066,0.5681031495974034
0.2,0.15,0.05,0.2,0.1,0.3,-0.02758127593536876,0.5684191815245452
0.3,0.05,0.1,0.15,0.05,0.35,0.027472718138898747,0.5699430536936525
0.35,0.05,0.1,0.15,0.15,0.2,-0.02746742679976263,0.5700173800767458
0.25,0.1,0.05,0.05,0.05,0.5,0.027393860116934683,0.5710512334324537
0.2,0.1,0.25,0.3,0.05,0.1,-0.027352724222360354,0.5716297152346898
0.2,0.05,0.1,0.4,0.15,0.1,-0.027337532958388925,0.5718434156351677
0.3,0.1,0.2,0.25,0.05,0.1,-0.02731039350927142,0.5722252891754139
0.2,0.1,0.05,0.5,0.1,0.05,-0.027281888553280082,0.5726265064225257
0.2,0.1,0.05,0.05,0.05,0.55,0.027065797090495433,0.5756723897971525
0.2,0.05,0.2,0.4,0.1,0.05,-0.02682137136007868,0.5791268170986266
0.2,0.1,0.3,0.05,0.05,0.3,-0.02676111836927064,0.5799798500908048
0.4,0.05,0.2,0.1,0.05,0.2,-0.026683967230898865,0.5810729752329381
0.25,0.1,0.15,0.1,0.05,0.35,-0.02661500913377012,0.5820508286544865
0.2,0.1,0.25,0.05,0.05,0.35,-0.026569093965137357,0.5827023486819245
0.35,0.1,0.05,0.15,0.1,0.25,-0.026535126981650673,0.5831845463039782
0.3,0.05,0.25,0.05,0.05,0.3,-0.026517887457368484,0.5834293506747543
0.2,0.2,0.1,0.15,0.05,0.3,-0.026386116044043253,0.5853021032005254
0.25,0.1,0.05,0.2,0.15,0.25,-0.02635778177641114,0.5857051567197136
0.25,0.15,0.1,0.1,0.05,0.35,-0.026287799549127015,0.5867012000983743
0.25,0.05,0.05,0.1,0.2,0.35,-0.02624888260322267,0.5872554355961277
0.3,0.05,0.1,0.45,0.05,0.05,-0.026227717246678203,0.5875569632829057
0.45,0.05,0.1,0.3,0.05,0.05,-0.026215769061532133,0.5877272120417646
0.2,0.05,0.05,0.2,0.25,0.25,-0.02621320873614369,0.5877636968767196
0.25,0.05,0.25,0.2,0.1,0.15,-0.026211160475832933,0.587792885496266
0.25,0.15,0.1,0.35,0.05,0.1,-0.026096116521712197,0.5894333843483398
0.25,0.05,0.15,0.15,0.15,0.25,-0.026085363155080737,0.5895868322107983
0.35,0.05,0.05,0.1,0.1,0.35,-0.026072561528138513,0.5897695321626771
0.35,0.05,0.05,0.1,0.15,0.3,-0.025870295822451463,0.5926596357635302
0.25,0.1,0.2,0.05,0.05,0.35,-0.02586005452089769,0.5928061420896126
0.2,0.05,0.25,0.15,0.15,0.2,-0.025835816773887087,0.59315293961758
0.2,0.1,0.05,0.1,0.15,0.4,-0.025819601379760276,0.5933850037428972
0.25,0.05,0.05,0.05,0.15,0.45,-0.0257672000534768,0.5941352204008583
0.45,0.1,0.05,0.1,0.05,0.25,-0.025694316124085768,0.5951793994034029
0.25,0.05,0.05,0.4,0.05,0.2,0.025583880755664232,0.5967631513912396
0.25,0.1,0.1,0.05,0.1,0.4,-0.02546030238358202,0.5985376495640219
0.3,0.05,0.1,0.25,0.15,0.15,-0.025434187064619893,0.5989129522111188
0.2,0.1,0.05,0.1,0.05,0.5,0.02541797167049308,0.599146036753753
0.35,0.05,0.25,0.1,0.05,0.2,-0.02540960794089083,0.599266275318531
0.35,0.05,0.2,0.1,0.05,0.25,-0.025389466714501742,0.5995558741103761
0.3,0.05,0.15,0.3,0.1,0.1,-0.025368301357957274,0.5998602662963259
0.3,0.1,0.05,0.1,0.1,0.35,-0.025071474301257037,0.6041364423871296
0.25,0.1,0.1,0.2,0.1,0.25,-0.025064817455247083,0.6042324990365794
0.2,0.05,0.2,0.35,0.1,0.1,-0.02498630081000148,0.6053659900746269
0.4,0.05,0.15,0.3,0.05,0.05,-0.024966159583612382,0.6056569080843995
0.2,0.1,0.1,0.25,0.15,0.2,-0.024951821761437103,0.6058640402619844
0.25,0.1,0.25,0.05,0.05,0.3,-0.02491973234990194,0.6063277362503893
0.3,0.1,0.2,0.05,0.05,0.3,-0.024910856555222002,0.6064560205040492
0.2,0.15,0.05,0.15,0.1,0.35,-0.024866648270181542,0.6070951547958692
0.3,0.05,0.1,0.1,0.15,0.3,-0.024766795580032242,0.6085398611275223
0.25,0.1,0.2,0.15,0.05,0.25,-0.024760138734022285,0.6086362291110549
0.35,0.15,0.05,0.05,0.05,0.35,-0.024654311951299947,0.6101691414703366
0.4,0.05,0.1,0.1,0.05,0.3,-0.024613517433444077,0.6107605102684103
0.2,0.2,0.1,0.2,0.05,0.25,-0.024592864141977297,0.6110600027365254
0.3,0.1,0.05,0.2,0.1,0.25,-0.024523223291411628,0.6120703393911018
0.25,0.05,0.1,0.45,0.1,0.05,-0.02444777903663216,0.6131657010036065
0.2,0.05,0.05,0.05,0.1,0.55,0.024413641364786243,0.6136616229702277
0.35,0.05,0.05,0.15,0.05,0.35,0.02432385928783148,0.6149667383843493
0.35,0.05,0.15,0.15,0.1,0.2,-0.024304912879956998,0.615242307897016
0.4,0.05,0.1,0.15,0.1,0.2,-0.0242489270981297,0.6160569193726926
0.3,0.2,0.05,0.15,0.05,0.25,-0.02424773227961509,0.6160743095155796
0.2,0.2,0.1,0.1,0.05,0.35,-0.02423390652251749,0.6162755539299661
0.2,0.15,0.1,0.45,0.05,0.05,-0.0242108635940215,0.616611025154504
0.35,0.1,0.05,0.2,0.1,0.2,-0.02412688492128055,0.6178343062029457
0.25,0.05,0.3,0.25,0.05,0.1,-0.024125860791125168,0.6178492307934342
0.2,0.05,0.2,0.25,0.15,0.15,-0.02411459535941602,0.6180134116617684
0.2,0.15,0.1,0.15,0.05,0.35,-0.024075337036793217,0.6185857056415373
0.2,0.05,0.05,0.1,0.2,0.4,-0.023937762219254175,0.6205930409762125
0.25,0.1,0.2,0.3,0.05,0.1,-0.023871364447513872,0.6215628513754927
0.2,0.15,0.1,0.05,0.05,0.45,-0.02383637333387181,0.622074197777953
0.3,0.05,0.05,0.5,0.05,0.05,-0.023691458916885892,0.6241938537204954
0.35,0.05,0.15,0.2,0.1,0.15,-0.0236897520332936,0.6242188387463915
0.25,0.05,0.3,0.1,0.05,0.25,-0.023682071057128266,0.6243312766915927
0.3,0.05,0.3,0.1,0.05,0.2,-0.023574366702454403,0.6259088237652627
0.2,0.05,0.15,0.3,0.05,0.25,0.023524867078277823,0.6266344187019491
0.2,0.1,0.15,0.3,0.1,0.15,-0.02351445508836482,0.6267870897188043
0.35,0.1,0.15,0.15,0.05,0.2,-0.02341187138446784,0.6282921256083166
0.4,0.05,0.2,0.2,0.05,0.1,-0.02336066487669897,0.6290439685315299
0.2,0.05,0.15,0.05,0.1,0.45,-0.02330416702979398,0.6298739467819996
0.35,0.05,0.1,0.3,0.1,0.1,-0.0232108004972954,0.6312465630083298
0.4,0.15,0.05,0.1,0.05,0.25,-0.02309848755692234,0.6328993977635948
0.25,0.05,0.15,0.25,0.15,0.15,-0.023058034415784925,0.633495167997472
0.25,0.05,0.25,0.15,0.1,0.2,-0.02302884670635667,0.6339251746847678
0.25,0.05,0.35,0.15,0.05,0.15,-0.02300716928473451,0.6342446161179205
0.35,0.1,0.15,0.05,0.05,0.3,-0.02293240778339196,0.6353468324525333
0.3,0.05,0.3,0.05,0.05,0.25,-0.02293121296487735,0.6353644543289207
0.25,0.2,0.05,0.05,0.05,0.4,-0.02291277862208056,0.6356363607829699
0.5,0.05,0.15,0.1,0.05,0.15,-0.02280200187694056,0.637271347096453
0.35,0.05,0.15,0.35,0.05,0.05,-0.022788346808202194,0.6374730083042034
0.5,0.05,0.1,0.2,0.05,0.1,-0.022776569311415355,0.6376469625805119
0.2,0.1,0.25,0.2,0.05,0.2,-0.02271426806029656,0.6385674861958054
0.4,0.05,0.1,0.2,0.1,0.15,-0.02266459774776075,0.6393017810652407
0.2,0.05,0.15,0.1,0.15,0.35,-0.02264053068910938,0.6396577002094306
0.2,0.05,0.3,0.2,0.1,0.15,-0.022536922855057023,0.6411908626244591
0.3,0.2,0.1,0.05,0.05,0.3,-0.02245806483309296,0.6423588070371596
0.35,0.2,0.05,0.05,0.05,0.3,-0.02239695840048877,0.643264444160859
0.3,0.05,0.1,0.25,0.05,0.25,0.022235145835939128,0.6456651610716334
0.35,0.15,0.05,0.25,0.05,0.15,-0.022225928664540734,0.6458020218781407
0.45,0.05,0.1,0.1,0.05,0.25,-0.02220971327041392,0.6460428245217662
0.3,0.15,0.1,0.1,0.05,0.3,-0.02219810646198631,0.6462152112196287
0.3,0.1,0.2,0.2,0.05,0.15,-0.022099916913019536,0.647674299238728
0.2,0.1,0.1,0.2,0.1,0.3,-0.021919543059723642,0.6503581533029725
0.2,0.05,0.3,0.15,0.1,0.2,-0.021917324111053654,0.6503911981645574
0.25,0.05,0.25,0.1,0.05,0.3,-0.02178879577655378,0.6523064253105788
0.3,0.05,0.2,0.2,0.1,0.15,-0.02177804240992232,0.652466767277802
0.3,0.05,0.25,0.1,0.05,0.25,-0.021662486390723892,0.6541908159353764
0.2,0.05,0.15,0.45,0.1,0.05,-0.02161964361255727,0.6548304807621327
0.25,0.15,0.05,0.45,0.05,0.05,-0.021580897355012153,0.6554091999262237
0.2,0.05,0.05,0.45,0.05,0.2,0.02157526463915758,0.6554933480866993
0.2,0.15,0.1,0.2,0.05,0.3,-0.021559731998467686,0.6557254155924911
0.25,0.2,0.05,0.15,0.05,0.3,-0.02151006168593188,0.656467743803698
0.25,0.05,0.1,0.1,0.15,0.35,-0.021436836379822393,0.6575627203893247
0.4,0.05,0.05,0.15,0.15,0.2,-0.021364805892227508,0.6586405451896133
0.25,0.05,0.05,0.25,0.2,0.2,-0.021276047945428127,0.6599696428836332
0.3,0.2,0.05,0.05,0.05,0.35,-0.021246348170922177,0.6604146185489443
0.4,0.1,0.05,0.35,0.05,0.05,-0.021231156906950745,0.6606422673181988
0.25,0.05,0.15,0.1,0.05,0.4,0.021069344342401108,0.6630690487503257
0.2,0.05,0.2,0.15,0.1,0.3,-0.02106610126357575,0.6631177229181585
0.2,0.05,0.1,0.4,0.05,0.2,0.020884488849355475,0.6658457330709288
0.4,0.05,0.05,0.2,0.05,0.25,0.020818261765974396,0.666841633535451
0.25,0.15,0.05,0.15,0.05,0.35,-0.020734453781592676,0.6681027485161505
0.3,0.1,0.15,0.05,0.05,0.35,-0.020730698637689626,0.668159276578775
0.6,0.05,0.05,0.1,0.05,0.15,-0.020728479689019638,0.6681926804064342
0.3,0.1,0.05,0.05,0.1,0.4,-0.020724041791679672,0.6682594900261066
0.2,0.15,0.05,0.35,0.1,0.15,-0.0206272614919965,0.6697171041265195
0.2,0.1,0.05,0.2,0.05,0.4,0.020535601843090216,0.6710987397899453
0.25,0.05,0.1,0.5,0.05,0.05,-0.020514436486545745,0.6714179344271844
0.4,0.05,0.15,0.1,0.05,0.25,-0.020442405998950867,0.6725046681468027
0.2,0.2,0.1,0.05,0.05,0.4,-0.020419533758814102,0.6728498875247331
0.2,0.1,0.2,0.05,0.05,0.4,-0.020405195936638816,0.6730663287472297
0.2,0.2,0.05,0.15,0.05,0.35,-0.020373618590181348,0.6735431099245839
0.2,0.05,0.1,0.1,0.05,0.5,0.020339480918335425,0.6740586961020272
0.4,0.1,0.1,0.15,0.05,0.2,-0.02029066404759577,0.6747962494021856
0.3,0.05,0.15,0.4,0.05,0.05,-0.020276326225420485,0.675012932640198
0.35,0.1,0.1,0.35,0.05,0.05,-0.020202418165874075,0.6761303086915622
0.2,0.05,0.1,0.5,0.1,0.05,-0.02019832164525257,0.6761922625987833
0.35,0.15,0.05,0.15,0.05,0.25,-0.020103930982598613,0.6776203882522708
0.3,0.05,0.05,0.45,0.1,0.05,-0.020046238317179017,0.6784938443867088
0.2,0.15,0.1,0.25,0.1,0.2,-0.01996516134654496,0.6797220620722486
0.25,0.1,0.1,0.45,0.05,0.05,-0.019926244400640617,0.6803119077960805
0.35,0.15,0.05,0.2,0.05,0.2,-0.019875379269590203,0.6810831403964804
0.2,0.1,0.05,0.25,0.05,0.35,0.019871282748968697,0.6811452675596376
0.35,0.05,0.1,0.15,0.1,0.25,-0.019861894889211067,0.6812876504371516
0.2,0.1,0.1,0.05,0.1,0.45,-0.019834243375015877,0.6817070984591218
0.25,0.05,0.3,0.2,0.05,0.15,-0.019813248706830638,0.6820256337434858
0.2,0.25,0.05,0.15,0.05,0.3,-0.01968011178663157,0.6840469260942469
0.3,0.05,0.1,0.05,0.1,0.4,-0.01967874627975773,0.6840676690193007
0.3,0.1,0.15,0.15,0.05,0.25,-0.019670723926873943,0.6841895385007887
0.55,0.05,0.05,0.1,0.05,0.2,-0.019554485154238598,0.6859562678213253
0.2,0.1,0.2,0.15,0.05,0.3,-0.01955397308916091,0.6859640545641033
0.25,0.05,0.15,0.1,0.1,0.35,-0.01949201321476057,0.6869064954742597
0.4,0.05,0.05,0.05,0.1,0.35,-0.01943176022395253,0.6878234391568027
0.2,0.1,0.2,0.35,0.05,0.1,-0.019329176520055554,0.6893856334226107
0.25,0.1,0.05,0.5,0.05,0.05,-0.019293844029695032,0.6899239997385953
0.25,0.15,0.05,0.25,0.1,0.2,-0.019234956545760826,0.6908216244231141
0.4,0.05,0.1,0.35,0.05,0.05,-0.01918545692158425,0.6915764848307786
0.35,0.05,0.15,0.3,0.05,0.1,-0.019105062704387117,0.6928031331012271
0.2,0.05,0.15,0.35,0.05,0.2,0.0190634147447351,0.6934389101927213
0.25,0.05,0.1,0.35,0.05,0.2,0.019028765007811498,0.6939680198632369
0.2,0.05,0.25,0.1,0.05,0.35,-0.019009135846500092,0.6942678277856622
0.3,0.1,0.05,0.3,0.1,0.15,-0.019008623781422405,0.6942756495001762
0.2,0.2,0.1,0.25,0.05,0.2,-0.01896663444505193,0.6949171404320065
0.55,0.05,0.05,0.25,0.05,0.05,-0.018932326084846785,0.6954414471253285
0.45,0.05,0.05,0.35,0.05,0.05,-0.01888948330668016,0.6960963821435289
0.3,0.05,0.2,0.15,0.1,0.2,-0.01885671114170808,0.6965975208134695
0.2,0.15,0.1,0.1,0.05,0.4,-0.018814892493696833,0.6972371862859732
0.45,0.05,0.05,0.25,0.1,0.1,-0.018786728914423952,0.6976681023082996
0.2,0.1,0.25,0.25,0.05,0.15,-0.018784509965753968,0.6977020573988603
0.3,0.05,0.1,0.15,0.15,0.25,-0.018720331142683646,0.6986844038503481
0.4,0.05,0.05,0.05,0.05,0.4,0.01869899509777995,0.6990110932909673
0.2,0.25,0.05,0.05,0.05,0.4,-0.01860562856528137,0.7004413389577708
0.2,0.05,0.2,0.05,0.05,0.45,0.018603580304970616,0.7004727273517732
0.45,0.05,0.1,0.05,0.05,0.3,-0.018583609766940755,0.7007787908974178
0.3,0.05,0.1,0.35,0.1,0.1,-0.018550837601968677,0.701281153904947
0.2,0.1,0.1,0.15,0.1,0.35,-0.018531208440657275,0.7015821107584246
0.2,0.05,0.05,0.25,0.1,0.35,0.018432379880663347,0.7030980710120209
0.3,0.1,0.2,0.15,0.05,0.2,-0.018377930294069113,0.7039337925159613
0.2,0.05,0.35,0.1,0.05,0.25,-0.01816764223549827,0.707164745153739
0.25,0.05,0.1,0.4,0.1,0.1,-0.01807854291198043,0.7085352948296556
0.25,0.1,0.05,0.1,0.05,0.45,0.018012827893677044,0.7095467440968484
0.3,0.05,0.1,0.3,0.05,0.2,0.01800344003391942,0.7096912785463031
0.2,0.05,0.05,0.5,0.05,0.15,0.017980909170501113,0.7100382036897348
0.25,0.05,0.15,0.45,0.05,0.05,-0.0179162182823531,0.7110346320277346
0.25,0.05,0.2,0.15,0.1,0.25,-0.017830191349301396,0.7123604599797049
0.25,0.05,0.15,0.2,0.15,0.2,-0.0178192672943107,0.7125288811904427
0.2,0.05,0.2,0.15,0.15,0.25,-0.017805441537213106,0.7127420593151794
0.2,0.05,0.05,0.2,0.1,0.4,0.017793322663707804,0.712928937546578
0.25,0.05,0.15,0.15,0.05,0.35,0.017684252802160107,0.7146116131963333
0.2,0.05,0.2,0.2,0.15,0.2,-0.017630315280643558,0.7154442462472713
0.5,0.05,0.1,0.15,0.05,0.15,-0.017550091751805653,0.7166832801380971
0.2,0.1,0.2,0.2,0.05,0.25,-0.01753165740900886,0.7169680994823494
0.4,0.1,0.1,0.25,0.05,0.1,-0.01743197540721879,0.718508912371296
0.3,0.1,0.1,0.05,0.05,0.4,-0.017409273855441255,0.7188599764435355
0.2,0.05,0.05,0.3,0.1,0.3,0.017409103167082027,0.718862616247071
0.2,0.15,0.05,0.5,0.05,0.05,-0.017230733831687113,0.7216230323895303
0.2,0.2,0.05,0.05,0.05,0.45,-0.017217932204744896,0.7218212879056038
0.35,0.1,0.1,0.15,0.05,0.25,-0.017213664995764155,0.7218873772164855
0.2,0.05,0.1,0.45,0.1,0.1,-0.01717031015251984,0.7225589618167413
0.25,0.05,0.2,0.4,0.05,0.05,-0.01715460682347072,0.7228022655206174
0.25,0.05,0.2,0.2,0.1,0.2,-0.01712371223045017,0.723281020621191
0.25,0.05,0.05,0.5,0.1,0.05,-0.0169328826448315,0.7262405789343851
0.2,0.05,0.3,0.05,0.05,0.35,-0.016865972808013507,0.7272792450207028
0.25,0.1,0.05,0.25,0.15,0.2,-0.016781823446913324,0.7285862356469395
0.25,0.1,0.05,0.4,0.1,0.1,-0.016765266676068053,0.7288434847514121
0.2,0.05,0.2,0.1,0.1,0.35,-0.0166495399685104,0.7306424246332401
0.3,0.1,0.05,0.45,0.05,0.05,-0.01655241829210877,0.7321532951719851
0.45,0.05,0.1,0.15,0.05,0.2,-0.016477486102406985,0.7333196834274096
0.3,0.05,0.05,0.1,0.15,0.35,-0.016476291283892375,0.7333382868518089
0.25,0.05,0.15,0.2,0.05,0.3,0.01645137078344486,0.7337263366885003
0.55,0.05,0.05,0.05,0.05,0.25,-0.016411429707385138,0.7343484209477309
0.2,0.05,0.1,0.15,0.2,0.3,-0.01640921075871515,0.7343829862832472
0.2,0.05,0.1,0.35,0.15,0.15,-0.016384290258267636,0.7347712184079218
0.25,0.05,0.15,0.15,0.1,0.3,-0.01629621506490517,0.7361438671157392
0.3,0.15,0.05,0.15,0.05,0.3,-0.016267880797273062,0.7365856343809561
0.2,0.05,0.15,0.3,0.15,0.15,-0.01625610330048622,0.7367692860724463
0.3,0.1,0.1,0.25,0.1,0.15,-0.016115797469199507,0.7389582864241971
0.2,0.1,0.05,0.15,0.15,0.35,-0.01611528540412182,0.7389662793511346
0.5,0.05,0.05,0.15,0.05,0.2,-0.016097533814761943,0.7392433848549324
0.45,0.1,0.05,0.25,0.05,0.1,-0.01609343729414043,0.7393073370720704
0.2,0.1,0.1,0.1,0.1,0.4,-0.016087292513208167,0.739403268766247
0.25,0.1,0.2,0.25,0.05,0.15,-0.016074661574625178,0.7396004743819512
0.2,0.05,0.35,0.2,0.05,0.15,-0.015963677696787682,0.7413339871522888
0.2,0.05,0.05,0.05,0.15,0.5,-0.015942548784581487,0.7416641588081005
0.3,0.1,0.15,0.3,0.05,0.1,-0.015902437020162533,0.7422910969877258
0.3,0.05,0.15,0.15,0.1,0.25,-0.01589100090009415,0.7424698723027874
0.25,0.05,0.15,0.35,0.1,0.1,-0.015873419999093506,0.7427447329940022
0.45,0.1,0.05,0.15,0.05,0.2,-0.01583552718334454,0.7433372622883194
0.25,0.1,0.1,0.15,0.05,0.35,-0.01578312585706106,0.7441569104887588
0.35,0.05,0.1,0.2,0.1,0.2,-0.01575905879840969,0.7445334581588071
0.25,0.1,0.05,0.05,0.1,0.45,-0.015721165982660722,0.7451264437593031
0.2,0.1,0.15,0.4,0.05,0.1,-0.0156962454822132,0.7455165073588655
0.3,0.05,0.1,0.1,0.1,0.35,-0.015679688711367934,0.745775695156818
0.35,0.05,0.1,0.25,0.1,0.15,-0.015658181978105007,0.7461124148986441
0.35,0.05,0.05,0.4,0.05,0.1,-0.01563633386812362,0.7464545288750517
0.35,0.15,0.05,0.1,0.05,0.3,-0.015536139801255858,0.7480240791459478
0.25,0.05,0.1,0.3,0.15,0.15,-0.015512072742604488,0.7484012474187592
0.4,0.05,0.1,0.3,0.05,0.1,-0.015363232493356296,0.7507351356161939
0.35,0.1,0.05,0.35,0.05,0.1,-0.015269183207420796,0.7522110488640534
0.25,0.1,0.05,0.25,0.05,0.3,0.015269012519061567,0.7522137282952671
0.3,0.05,0.1,0.35,0.05,0.15,0.015241873069944064,0.7526397956872932
0.5,0.1,0.05,0.15,0.05,0.15,-0.015235045535574882,0.7527469942810685
0.25,0.2,0.05,0.1,0.05,0.35,-0.015232826586904898,0.7527818348471628
0.25,0.1,0.15,0.05,0.05,0.4,-0.01520278543568049,0.7532535718678679
0.35,0.1,0.15,0.2,0.05,0.15,-0.0151387773009694,0.7542589993651487
0.2,0.05,0.25,0.15,0.1,0.25,-0.015124951543871803,0.7544762262886224
0.35,0.05,0.1,0.4,0.05,0.05,-0.015086034597967458,0.7550877837236439
0.2,0.1,0.15,0.2,0.05,0.3,-0.015054798628228446,0.7555787497399726
0.45,0.05,0.05,0.15,0.1,0.2,-0.015004445562255721,0.7563704047441712
0.25,0.1,0.05,0.35,0.1,0.15,-0.014984987089303549,0.7566764007662019
0.45,0.05,0.15,0.2,0.05,0.1,-0.014952385612690699,0.7571891635028645
0.35,0.1,0.05,0.25,0.1,0.15,-0.014909030769446385,0.7578712223792039
0.2,0.1,0.1,0.4,0.1,0.1,-0.014892815375319578,0.7581263714420333
0.4,0.05,0.05,0.3,0.1,0.1,-0.01481873662741394,0.7592923333604824
0.5,0.05,0.05,0.1,0.05,0.25,-0.01481429873007397,0.7593622009570484
0.35,0.05,0.05,0.15,0.15,0.25,-0.014764799105897392,0.7601416259224022
0.35,0.05,0.05,0.35,0.1,0.1,-0.014621079507426088,0.7624060189872942
0.2,0.1,0.1,0.35,0.1,0.15,-0.014615958856649201,0.7624867356046796
0.3,0.05,0.1,0.2,0.15,0.2,-0.014598036578930095,0.7627692640311511
0.4,0.05,0.05,0.15,0.05,0.3,0.01457516433879333,0.7631298698613687
0.3,0.2,0.05,0.1,0.05,0.3,-0.014560143763181127,0.7633667135016
0.45,0.05,0.05,0.2,0.1,0.15,-0.014542733550539711,0.7636412644286252
0.2,0.1,0.15,0.1,0.05,0.4,-0.01443434644242893,0.765351143474233
0.45,0.05,0.05,0.05,0.05,0.35,0.014430761986885107,0.7654077101756225
0.2,0.05,0.2,0.25,0.05,0.25,0.014427348219700516,0.7654615843836758
0.25,0.05,0.15,0.25,0.05,0.25,0.014418643113379807,0.7655989687309829
0.2,0.1,0.05,0.35,0.05,0.25,0.014404305291204523,0.7658252648478515
0.3,0.05,0.1,0.4,0.05,0.1,-0.014375914948160545,0.7662734128655234
0.2,0.1,0.15,0.15,0.05,0.35,-0.014371533126232443,0.766342587867209
0.2,0.15,0.05,0.25,0.1,0.25,-0.014344226243502756,0.7667737183139198
0.3,0.05,0.05,0.45,0.05,0.1,-0.014319578644858744,0.7671629248630496
0.3,0.15,0.1,0.25,0.05,0.15,-0.014286018258258424,0.7676929660102098
0.2,0.05,0.1,0.45,0.05,0.15,0.014269973552490843,0.7679464088238931
0.3,0.1,0.05,0.4,0.05,0.1,-0.014246930623994852,0.7683104390922191
0.25,0.15,0.1,0.25,0.05,0.2,-0.014227130774324219,0.768623276151674
0.25,0.05,0.05,0.25,0.15,0.25,0.014149467570874761,0.7698507146113396
0.4,0.05,0.05,0.15,0.1,0.25,-0.01412591257730108,0.7702231063968272
0.25,0.1,0.15,0.2,0.05,0.25,-0.014057807921968478,0.7713001011193626
0.2,0.1,0.05,0.3,0.05,0.3,0.01405712516853156,0.771310900286945
0.3,0.15,0.05,0.05,0.05,0.4,-0.014027084017307154,0.7717861073528993
0.25,0.1,0.1,0.3,0.1,0.15,-0.014022304743248726,0.7718617163488034
0.25,0.05,0.25,0.05,0.05,0.35,-0.013957955231819176,0.7728799474348845
0.2,0.15,0.15,0.25,0.05,0.2,-0.013938838135585462,0.7731825209630305
0.2,0.05,0.1,0.15,0.15,0.35,-0.013930645094342444,0.7733122058517901
0.3,0.15,0.05,0.2,0.05,0.25,-0.013916136583807926,0.7735418716462672
0.25,0.15,0.05,0.1,0.05,0.4,-0.013765760139326668,0.7759234502636134
0.2,0.05,0.25,0.2,0.1,0.2,-0.013759273981675946,0.7760262218544419
0.35,0.05,0.1,0.05,0.05,0.4,0.013734353481228426,0.7764211174616484
0.25,0.1,0.15,0.35,0.05,0.1,-0.013682634908381865,0.7772408447656085
0.35,0.05,0.05,0.3,0.05,0.2,0.013641840390525996,0.7778876027822881
0.25,0.05,0.1,0.15,0.15,0.3,-0.013638426623341403,0.7779417317523475
0.25,0.05,0.05,0.4,0.15,0.1,-0.013503582819550037,0.7800806824309975
0.35,0.1,0.1,0.05,0.05,0.35,-0.0134733709799664,0.7805601438693816
0.35,0.05,0.15,0.1,0.05,0.3,-0.01340475425955611,0.7816493988469179
0.35,0.05,0.1,0.35,0.05,0.1,-0.013402364622526896,0.7816873408051842
0.3,0.05,0.15,0.2,0.1,0.2,-0.013401340492371518,0.7817036018029426
0.3,0.05,0.15,0.2,0.05,0.25,0.01338939230722545,0.7818933204678601
0.2,0.15,0.05,0.1,0.1,0.4,-0.013379151005671674,0.7820559467598052
0.2,0.1,0.1,0.5,0.05,0.05,-0.013360545974515648,0.7823514088103757
0.3,0.05,0.15,0.25,0.05,0.2,0.013324189353999748,0.7829288698967396
0.25,0.15,0.1,0.3,0.05,0.15,-0.013305755011202954,0.7832217126288056
0.25,0.1,0.05,0.3,0.05,0.25,0.013304389504329116,0.7832434059010488
0.35,0.05,0.05,0.15,0.1,0.3,-0.013282370705988502,0.78359323308962
0.2,0.05,0.25,0.25,0.05,0.2,0.013204366125820585,0.7848328936907112
0.3,0.05,0.15,0.1,0.05,0.35,0.01314121143290564,0.7858369563993192
0.35,0.05,0.1,0.2,0.05,0.25,0.013125678792215748,0.7860839560220583
0.3,0.05,0.05,0.4,0.1,0.1,-0.01306901025695153,0.7869852792683232
0.2,0.05,0.3,0.1,0.05,0.3,-0.013058768955397756,0.7871481993942601
0.2,0.05,0.15,0.5,0.05,0.05,-0.012965061046180715,0.7886393488013994
0.25,0.2,0.05,0.2,0.05,0.25,-0.012854625677759178,0.7903976686112588
0.4,0.05,0.15,0.2,0.05,0.15,-0.012831412060903956,0.7907674046636984
0.3,0.05,0.15,0.05,0.05,0.4,0.012814001848262539,0.7910447375028318
0.3,0.05,0.1,0.2,0.1,0.25,-0.012798298519213417,0.7912949034614887
0.45,0.05,0.1,0.25,0.05,0.1,-0.01276979356322208,0.7917490637805091
0.3,0.1,0.1,0.35,0.05,0.1,-0.012715685353346301,0.7926113461714881
0.35,0.1,0.05,0.4,0.05,0.05,-0.012708004377180969,0.7927337727036151
0.45,0.05,0.1,0.2,0.05,0.15,-0.012638534214974533,0.7938412836015345
0.4,0.1,0.1,0.2,0.05,0.15,-0.012588863902438727,0.7946333944694075
0.2,0.05,0.2,0.45,0.05,0.05,-0.012520417870387665,0.795725274341051
0.2,0.15,0.1,0.4,0.05,0.1,-0.012414932464383783,0.7974088019601704
0.4,0.05,0.15,0.25,0.05,0.1,-0.012309222831537146,0.7990968508160655
0.3,0.1,0.15,0.2,0.05,0.2,-0.012309105681661445,0.7990987220717723
0.2,0.1,0.15,0.25,0.1,0.2,-0.012295962678000769,0.7993086648936402
0.5,0.05,0.05,0.2,0.05,0.15,0.012196963429647613,0.8008905159184297
0.2,0.05,0.15,0.4,0.1,0.1,-0.01205221970102093,0.8032047546122925
0.25,0.1,0.05,0.2,0.1,0.3,-0.01204812318039942,0.8032702770640896
0.2,0.05,0.05,0.1,0.1,0.5,0.011964485884376926,0.8046083277365128
0.2,0.05,0.15,0.25,0.15,0.2,-0.011878971016402907,0.805977006208772
0.4,0.05,0.05,0.35,0.05,0.1,-0.011855586711188455,0.8063513789031964
0.35,0.1,0.1,0.2,0.05,0.2,-0.011795504408739643,0.8073134733743098
0.2,0.1,0.2,0.3,0.05,0.15,-0.011754880579243005,0.8079641451546531
0.2,0.05,0.05,0.5,0.1,0.1,-0.011748394421592279,0.808068046194458
0.25,0.05,0.05,0.2,0.1,0.35,0.01174429790097077,0.8081336696419932
0.25,0.05,0.1,0.05,0.1,0.45,-0.011729618702077027,0.8083688313720953
0.3,0.05,0.05,0.4,0.05,0.15,0.011684386286881189,0.8090935660283897
0.2,0.05,0.15,0.2,0.15,0.25,-0.011628229816694657,0.8099935579724847
0.3,0.05,0.1,0.3,0.1,0.15,-0.011589654247508773,0.8106119346872926
0.4,0.1,0.05,0.1,0.05,0.3,-0.011562002733313582,0.8110552683782135
0.2,0.1,0.05,0.15,0.05,0.45,0.011552956250274414,0.8112003227650523
0.2,0.05,0.05,0.4,0.15,0.15,-0.011490996375874073,0.8121939818408064
0.2,0.05,0.1,0.1,0.15,0.4,-0.011390290243928623,0.8138096625164398
0.3,0.1,0.05,0.25,0.05,0.25,0.011382438579404063,0.8139356641149068
0.25,0.05,0.05,0.45,0.05,0.15,0.011340278554674357,0.8146123198851052
0.25,0.1,0.05,0.15,0.1,0.35,-0.011336523410771307,0.8146725955130341
0.2,0.2,0.05,0.25,0.05,0.25,-0.011319966639926037,0.8149383692680318
0.2,0.1,0.05,0.4,0.1,0.15,-0.011309554650013034,0.8151055162126066
0.55,0.05,0.05,0.15,0.05,0.15,-0.011251349919515747,0.8160400492982101
0.2,0.05,0.2,0.2,0.05,0.3,0.011247765463971925,0.8160976097267235
0.2,0.05,0.15,0.2,0.1,0.3,-0.011185293524493899,0.8171009642876716
0.25,0.1,0.05,0.45,0.05,0.1,-0.011181879757309308,0.8171558010288613
0.25,0.2,0.05,0.25,0.05,0.2,-0.011029967117594984,0.819596935103039
0.2,0.05,0.05,0.6,0.05,0.05,0.011015629295419698,0.8198274246628195
0.2,0.15,0.05,0.3,0.05,0.25,0.010973639959049222,0.8205025189552407
0.2,0.05,0.05,0.55,0.1,0.05,-0.010936259208377944,0.8211036290681637
0.25,0.05,0.3,0.15,0.05,0.2,-0.010911850773008115,0.8214961912858095
0.3,0.05,0.25,0.2,0.05,0.15,-0.01081176920172422,0.8231062735288112
0.2,0.1,0.05,0.55,0.05,0.05,-0.010801756781305037,0.8232673913004569
0.2,0.15,0.05,0.05,0.05,0.5,0.010801586092945807,0.8232701380461518
0.4,0.05,0.05,0.25,0.05,0.2,0.010776836280857518,0.8236684389935983
0.3,0.05,0.1,0.15,0.1,0.3,-0.01077205700679909,0.8237453574973806
0.35,0.05,0.1,0.15,0.05,0.3,0.010768643239614498,0.8238003003187927
0.35,0.05,0.05,0.25,0.05,0.25,0.010763693277196841,0.8238799689382988
0.25,0.05,0.2,0.35,0.05,0.1,-0.010754646794157672,0.8240255748806874
0.2,0.05,0.15,0.1,0.1,0.4,0.01062628914801703,0.8260921789683711
0.25,0.05,0.05,0.45,0.1,0.1,-0.010612975455997122,0.8263066031784672
0.2,0.05,0.1,0.5,0.05,0.1,0.01039227540751328,0.8298629657478039
0.3,0.1,0.05,0.1,0.05,0.4,0.010354382591764312,0.8304739226032587
0.2,0.2,0.05,0.1,0.05,0.4,-0.010233535233429769,0.8324230601444705
0.35,0.05,0.05,0.05,0.1,0.4,-0.01018420629761242,0.8332189785664392
0.2,0.25,0.05,0.1,0.05,0.35,-0.01018079253042783,0.8332740657383515
0.2,0.1,0.05,0.45,0.1,0.1,-0.010092290997829,0.8347024784379261
0.2,0.1,0.1,0.25,0.05,0.3,0.010056872781627155,0.8352742802112142
0.3,0.05,0.3,0.15,0.05,0.15,-0.009992510836760345,0.8363135797145987
0.25,0.05,0.15,0.4,0.05,0.1,-0.00990973941597126,0.8376505689329787
0.6,0.05,0.05,0.05,0.05,0.2,-0.009891591405576508,0.8379437724903125
0.3,0.05,0.25,0.25,0.05,0.1,-0.009837086778812142,0.8388244968129249
0.25,0.05,0.05,0.15,0.2,0.3,-0.009834295161191785,0.8388696111712699
0.35,0.1,0.1,0.1,0.05,0.3,-0.009712594361061096,0.8408368862917487
0.2,0.05,0.25,0.35,0.05,0.1,-0.009633224274019341,0.8421204264286734
0.25,0.05,0.1,0.2,0.15,0.25,-0.009617862321688679,0.8423689019559456
0.2,0.05,0.05,0.25,0.15,0.3,0.0096018176159211,0.842628437539076
0.35,0.05,0.15,0.2,0.05,0.2,-0.009559486902832162,0.8433132514036191
0.25,0.05,0.15,0.3,0.05,0.2,0.009552659368462982,0.8434237163236931
0.2,0.05,0.1,0.25,0.1,0.3,0.009525861296063936,0.8438573207827974
0.35,0.05,0.2,0.25,0.05,0.1,-0.009524325100830872,0.8438821785197929
0.3,0.05,0.15,0.25,0.1,0.15,-0.009495137391402612,0.8443545049358805
0.2,0.05,0.3,0.25,0.05,0.15,-0.009428056866225389,0.8454402381612179
0.35,0.05,0.05,0.2,0.15,0.2,-0.009232106629829833,0.8486134630360929
0.35,0.05,0.2,0.15,0.05,0.2,-0.009186532837915535,0.8493518391100088
0.5,0.05,0.05,0.25,0.05,0.1,-0.009169634690351806,0.8496256525090518
0.35,0.05,0.05,0.35,0.05,0.15,0.009105285178922255,0.8506685212669256
0.25,0.15,0.05,0.2,0.05,0.3,-0.009098116267834612,0.8507847190830989
0.25,0.05,0.05,0.05,0.1,0.5,0.0090836077573001,0.8510198912073565
0.35,0.05,0.05,0.3,0.1,0.15,-0.009076609534571685,0.8511333318951829
0.2,0.15,0.1,0.35,0.05,0.15,-0.009074049209183241,0.8511748353530032
0.6,0.05,0.05,0.15,0.05,0.1,-0.009052030410842626,0.8515317820362892
0.2,0.05,0.2,0.3,0.1,0.15,-0.009020965129462844,0.8520354327663188
0.3,0.15,0.05,0.1,0.05,0.35,-0.009016697920482104,0.8521046202608901
0.4,0.05,0.05,0.4,0.05,0.05,-0.009002530786666048,0.8523343308731527
0.25,0.1,0.05,0.1,0.1,0.4,-0.008845391033487648,0.854883079782272
0.2,0.1,0.1,0.3,0.05,0.25,0.008830647608921861,0.8551222905691022
0.4,0.05,0.1,0.25,0.05,0.15,0.008755886107579307,0.8563354932394652
0.4,0.1,0.05,0.05,0.05,0.35,-0.00869443829825666,0.8573328996057954
0.3,0.05,0.15,0.35,0.05,0.1,-0.008692947673573755,0.8573570979014709
0.4,0.1,0.05,0.3,0.05,0.1,-0.008651766208449265,0.8580256765904558
0.3,0.05,0.2,0.05,0.05,0.35,-0.008620530238710252,0.8585328584519082
0.4,0.1,0.05,0.15,0.05,0.25,-0.008611995820748774,0.8586714428603599
0.2,0.05,0.15,0.15,0.1,0.35,-0.008602607960991146,0.8588238907216303
0.2,0.05,0.05,0.35,0.1,0.25,0.008594926984825814,0.8589486246916279
0.35,0.05,0.2,0.05,0.05,0.3,-0.008590318399126617,0.8590234667577831
0.25,0.1,0.1,0.25,0.1,0.2,-0.008590147710767387,0.8590262387104053
0.2,0.1,0.2,0.25,0.05,0.2,-0.008538770514639284,0.8598606749983205
0.25,0.05,0.05,0.35,0.15,0.15,-0.008531260226833183,0.8599826654837802
0.25,0.05,0.15,0.3,0.1,0.15,-0.008489100202103477,0.8606675374433693
0.2,0.1,0.1,0.25,0.1,0.25,-0.00846742278048132,0.8610197187716983
0.2,0.05,0.05,0.45,0.15,0.1,-0.008460424557752907,0.8611334209901657
0.3,0.1,0.1,0.3,0.05,0.15,0.008453179168312909,0.8612511420219567
0.3,0.05,0.15,0.3,0.05,0.15,0.008444721228703787,0.8613885681105036
0.2,0.15,0.1,0.25,0.05,0.25,-0.008417581779586283,0.8618295628645688
0.35,0.1,0.05,0.25,0.05,0.2,0.008385492368051122,0.8623510459927229
0.35,0.05,0.25,0.15,0.05,0.15,-0.008340259952855283,0.8630862167741423
0.45,0.1,0.05,0.2,0.05,0.15,-0.008339406511059137,0.863100089058723
0.25,0.05,0.2,0.25,0.1,0.15,-0.008256622656832791,0.8644458999516826
0.3,0.1,0.05,0.3,0.05,0.2,0.008256451968473561,0.8644486752257236
0.2,0.1,0.1,0.4,0.05,0.15,-0.00815574583652811,0.86608637626842
0.2,0.1,0.1,0.15,0.05,0.4,-0.008133044284750576,0.8664556323528296
0.2,0.05,0.05,0.1,0.15,0.45,-0.008121096099604505,0.8666499893322328
0.2,0.1,0.1,0.45,0.05,0.1,-0.008094127338846232,0.8670887103168403
0.2,0.2,0.05,0.2,0.05,0.3,-0.008079448139952488,0.8673275249715571
0.3,0.05,0.2,0.3,0.05,0.1,-0.008031252183883513,0.8681117056708877
0.2,0.1,0.15,0.05,0.05,0.45,-0.008023633046484416,0.8682356860309539
0.4,0.05,0.1,0.05,0.05,0.35,-0.008004686638609933,0.8685440003392215
0.2,0.05,0.15,0.4,0.05,0.15,-0.008000590117988423,0.8686106655132373
0.2,0.05,0.2,0.25,0.1,0.2,-0.007886058228945374,0.8704748878007061
0.2,0.15,0.05,0.35,0.05,0.2,0.007759919531474717,0.8725288625862425
0.25,0.05,0.05,0.1,0.1,0.45,0.007734999031027198,0.872934756402573
0.25,0.05,0.2,0.2,0.05,0.25,0.007617736128236479,0.8748451271336044
0.5,0.05,0.05,0.05,0.05,0.3,-0.007593669069585107,0.8752373022486127
0.35,0.05,0.05,0.25,0.15,0.15,-0.007566017555389916,0.8756879241135523
0.45,0.05,0.05,0.1,0.05,0.3,-0.007532050571903229,0.8762415207456229
0.35,0.05,0.2,0.2,0.05,0.15,-0.007476235478435157,0.8771513305543485
0.3,0.05,0.05,0.15,0.1,0.35,-0.007453704615016853,0.8775186391225506
0.35,0.1,0.05,0.3,0.05,0.15,0.007418884189734019,0.8780863494829515
0.2,0.05,0.1,0.55,0.05,0.05,-0.0073721155793051146,0.878848960687151
0.2,0.05,0.2,0.1,0.05,0.4,0.007362215654469799,0.8790104037260743
0.4,0.05,0.05,0.2,0.1,0.2,-0.007350950222760647,0.8791941208678836
0.2,0.1,0.1,0.1,0.05,0.45,0.007339002037614576,0.8793889794644417
0.3,0.05,0.05,0.3,0.15,0.15,-0.007285064516098029,0.8802687172784375
0.25,0.1,0.05,0.2,0.05,0.35,0.007269190498689679,0.8805276555566527
0.25,0.05,0.05,0.15,0.15,0.35,-0.007192039360317909,0.8817863320570087
0.25,0.1,0.1,0.4,0.05,0.1,-0.0071852118259487265,0.8818977337357219
0.25,0.05,0.05,0.15,0.1,0.4,0.007153122414413565,0.8824213527769847
0.25,0.05,0.2,0.1,0.05,0.35,-0.007150050023947432,0.8824714892046173
0.2,0.05,0.05,0.15,0.1,0.45,0.0071271777838106684,0.8828447417898916
0.25,0.05,0.1,0.45,0.05,0.1,-0.007075800587682566,0.8836832617630306
0.4,0.05,0.05,0.25,0.1,0.15,-0.0070558300496527055,0.8840092332017302
0.35,0.1,0.05,0.15,0.05,0.3,-0.007053099035905031,0.8840538120147136
0.4,0.05,0.15,0.15,0.05,0.2,-0.00702152168944756,0.8845692810726373
0.2,0.05,0.05,0.3,0.15,0.25,0.0069996735794661735,0.8849259584470265
0.2,0.05,0.25,0.05,0.05,0.4,0.006966730726134865,0.8854638049642826
0.2,0.05,0.05,0.25,0.2,0.25,0.006893505420025375,0.8866595170989433
0.45,0.05,0.05,0.3,0.05,0.1,-0.006798090627216041,0.8882179516976564
0.2,0.15,0.15,0.3,0.05,0.15,-0.006716330903145073,0.8895536973935327
0.35,0.05,0.15,0.05,0.05,0.35,-0.0066879966355129624,0.8900166802842723
0.2,0.1,0.05,0.5,0.05,0.1,-0.006649933131404768,0.89063869803379
0.25,0.05,0.25,0.3,0.05,0.1,-0.006646348675860946,0.8906972771579758
0.2,0.1,0.05,0.2,0.1,0.35,-0.006607431729956602,0.8913333172800422
0.2,0.05,0.25,0.2,0.05,0.25,0.006565271705226895,0.8920224393649543
0.3,0.1,0.1,0.15,0.05,0.3,-0.006531134033380981,0.89258049252094
0.4,0.05,0.05,0.3,0.05,0.15,0.00646550949390946,0.8936534144369037
0.25,0.15,0.05,0.05,0.05,0.45,-0.006431793408309366,0.8942047277881406
0.2,0.05,0.15,0.3,0.1,0.2,-0.006415748702541785,0.8944671029708127
0.35,0.1,0.1,0.3,0.05,0.1,-0.0063747834963266865,0.8951370491806587
0.25,0.05,0.1,0.25,0.15,0.2,-0.00631692014254786,0.8960834750900066
0.25,0.05,0.05,0.25,0.1,0.3,0.006294901344207243,0.8964436582480827
0.25,0.05,0.05,0.3,0.1,0.25,0.006285001419371927,0.8966056079988721
0.3,0.05,0.2,0.25,0.05,0.15,0.006261206381037197,0.8969948810794681
0.4,0.1,0.05,0.2,0.05,0.2,-0.006230722521136922,0.8974936155065616
0.2,0.05,0.2,0.2,0.1,0.25,-0.006203753760378649,0.8979348744322486
0.3,0.05,0.15,0.15,0.05,0.3,0.006149133485425184,0.8988286596121038
0.2,0.05,0.25,0.15,0.05,0.3,-0.006112435488190825,0.8994292434308782
0.35,0.05,0.1,0.1,0.05,0.35,0.006083759843840255,0.8998985767970857
0.35,0.1,0.05,0.1,0.05,0.35,0.006020434462566081,0.9009351446558964
0.3,0.1,0.15,0.25,0.05,0.15,0.00600848627742001,0.9011307424309684
0.35,0.05,0.05,0.45,0.05,0.05,-0.005920240395698319,0.9025755561933785
0.25,0.05,0.05,0.1,0.15,0.4,-0.005904195689930738,0.902838284295382
0.25,0.1,0.05,0.3,0.1,0.2,-0.0058931009465808155,0.903019964185582
0.25,0.1,0.05,0.4,0.05,0.15,-0.005885419970415485,0.9031457455361399
0.35,0.05,0.1,0.25,0.05,0.2,0.0058767148640947765,0.9032883006616377
0.3,0.1,0.1,0.25,0.05,0.2,0.005820387705549015,0.9042107910709453
0.25,0.05,0.15,0.25,0.1,0.2,-0.0057853965919069505,0.9047839182568133
0.25,0.05,0.1,0.35,0.1,0.15,-0.005657380322484767,0.9068811440308432
0.3,0.1,0.05,0.2,0.05,0.3,0.005524926155722615,0.9090517546639129
0.3,0.1,0.05,0.15,0.05,0.35,-0.005369941125542157,0.9115924510137622
0.25,0.05,0.05,0.4,0.1,0.15,-0.005343655118220802,0.912023452136198
0.2,0.05,0.1,0.1,0.1,0.45,0.005339387909240063,0.9120934222874943
0.2,0.05,0.15,0.35,0.1,0.15,-0.005284084880849679,0.9130002966922777
0.2,0.05,0.15,0.25,0.1,0.25,-0.005103667285144015,0.9159596133524079
0.2,0.05,0.1,0.25,0.15,0.25,0.00497565101572183,0.9180601188938481
0.25,0.05,0.25,0.25,0.05,0.15,-0.004969847611508025,0.9181553554282011
0.2,0.1,0.05,0.3,0.1,0.25,0.004843196848959677,0.9202340418261914
0.2,0.1,0.15,0.35,0.05,0.15,-0.0048336383008428215,0.9203909460418527
0.2,0.05,0.1,0.3,0.15,0.2,-0.004788064508928524,0.921139085287935
0.25,0.15,0.05,0.4,0.05,0.1,-0.004780895597840881,0.9212567764606353
0.4,0.05,0.1,0.15,0.05,0.25,0.004776628388860142,0.9213268315461224
0.2,0.05,0.05,0.45,0.1,0.15,-0.004756999227548741,0.9216490927661045
0.3,0.1,0.05,0.35,0.05,0.15,0.004734166148780091,0.9220239703387951
0.2,0.05,0.1,0.05,0.1,0.5,0.004724909816013579,0.9221759473887986
0.45,0.05,0.05,0.2,0.05,0.2,0.004593479779406804,0.924334162073572
0.25,0.1,0.1,0.1,0.05,0.4,-0.004573338553017714,0.9246649509150979
0.2,0.05,0.2,0.15,0.05,0.35,0.004488165061762154,0.9260639380913854
0.3,0.05,0.05,0.35,0.1,0.15,-0.004426205187361817,0.9270817815868478
0.25,0.05,0.1,0.25,0.1,0.25,0.0044205724715072415,0.9271743187355322
0.3,0.05,0.05,0.15,0.15,0.3,-0.004393262334030508,0.9276229975935026
0.3,0.15,0.05,0.3,0.05,0.15,-0.004348180909525389,0.9283636914300366
0.2,0.05,0.1,0.3,0.1,0.25,0.004329424887678647,0.9286718736359644
0.25,0.05,0.2,0.25,0.05,0.2,0.0043101371030857035,0.9289888044109548
0.2,0.15,0.05,0.15,0.05,0.4,-0.004278047691550543,0.9295161123172243
0.25,0.1,0.1,0.25,0.05,0.25,0.004268659831792916,0.9296703837690948
0.2,0.05,0.1,0.35,0.1,0.2,-0.004248177228685366,0.9300069851616016
0.3,0.05,0.1,0.25,0.1,0.2,-0.004241008317597724,0.930124798599855
0.25,0.05,0.15,0.2,0.1,0.25,-0.004128524688865432,0.9319735457138497
0.2,0.15,0.05,0.3,0.1,0.2,-0.004124598856603151,0.9320380761763676
0.2,0.1,0.05,0.25,0.15,0.25,-0.004105993825447128,0.9323439005016952
0.4,0.05,0.05,0.1,0.05,0.35,0.004050690797056744,0.9332530148823228
0.2,0.05,0.2,0.3,0.05,0.2,0.004045058081202168,0.9333456147538062
0.25,0.1,0.1,0.2,0.05,0.3,0.003964151798927348,0.9346757841986928
0.25,0.05,0.05,0.2,0.15,0.3,-0.003928136555129907,0.9352679647211636
0.2,0.05,0.35,0.15,0.05,0.2,-0.0038305028136505883,0.9368734857701946
0.3,0.05,0.05,0.25,0.15,0.2,-0.0038190666935822063,0.937061561915602
0.25,0.1,0.05,0.25,0.1,0.25,-0.0037958530767269833,0.9374433391695297
0.2,0.05,0.1,0.2,0.1,0.35,0.0037376483462296974,0.9384006523136299
0.2,0.05,0.2,0.4,0.05,0.1,-0.0037325276954528097,0.9384848776775586
0.25,0.05,0.1,0.15,0.1,0.35,-0.003729113928268218,0.9385410283012278
0.2,0.05,0.1,0.2,0.15,0.3,-0.003626700912730471,0.9402256873656978
0.2,0.05,0.25,0.3,0.05,0.15,0.0035360653939795652,0.9417168332352883
0.25,0.05,0.2,0.05,0.05,0.4,0.003528043041095774,0.9418488277821409
0.35,0.1,0.1,0.25,0.05,0.15,0.003469667622239259,0.9428093464379621
0.25,0.15,0.05,0.35,0.05,0.15,-0.003463010776229305,0.9429188845577494
0.2,0.05,0.05,0.15,0.15,0.4,-0.0034624987111516164,0.9429273106115472
0.35,0.05,0.15,0.15,0.05,0.25,-0.003363499462798461,0.9445564661089908
0.25,0.05,0.05,0.55,0.05,0.05,-0.0033100740063596026,0.9454357447468256
0.35,0.05,0.05,0.2,0.1,0.25,-0.0032607450705422546,0.9462476615017479
0.2,0.05,0.3,0.15,0.05,0.25,-0.0032255832685409614,0.9468264320241321
0.3,0.1,0.05,0.25,0.1,0.2,-0.003217560915657171,0.9469584855382752
0.25,0.1,0.05,0.15,0.05,0.4,0.003194688675520408,0.9473349864955659
0.25,0.05,0.05,0.35,0.1,0.2,-0.003182057736937419,0.947542909963201
0.3,0.05,0.2,0.1,0.05,0.3,-0.0031704509285098077,0.9477339779104701
0.2,0.1,0.05,0.4,0.05,0.2,0.0030373140083107364,0.9499258511632451
0.25,0.05,0.05,0.5,0.05,0.1,0.0029745006921142515,0.9509600978381801
0.2,0.05,0.05,0.2,0.15,0.35,0.0029461664244821413,0.9514266600696827
0.25,0.1,0.05,0.35,0.05,0.2,0.002923464872704607,0.9518004839579296
0.2,0.05,0.05,0.15,0.2,0.35,-0.0028671377141588467,0.9527280623852277
0.3,0.05,0.05,0.2,0.15,0.25,0.0028620170633819587,0.9528123908801168
0.3,0.05,0.2,0.15,0.05,0.25,-0.002735707677552071,0.9548926580714278
0.35,0.05,0.15,0.25,0.05,0.15,-0.002719150906706802,0.9551653647488916
0.45,0.05,0.05,0.15,0.05,0.25,-0.0026536065767626435,0.9562449968515205
0.35,0.1,0.05,0.2,0.05,0.25,-0.0025667262019147884,0.9576761946635204
0.25,0.1,0.1,0.35,0.05,0.15,-0.002520128279845113,0.9584438678762058
0.2,0.05,0.1,0.2,0.2,0.25,-0.00251330074547593,0.9585563507105341
0.2,0.15,0.05,0.1,0.05,0.45,-0.0024381978674149155,0.9597937156670967
0.3,0.05,0.05,0.1,0.1,0.4,-0.002366338068179263,0.9609777393604675
0.2,0.05,0.3,0.3,0.05,0.1,-0.0022214236511933503,0.9633657318196187
0.2,0.05,0.15,0.45,0.05,0.1,-0.0020968211489557583,0.9654192742159221
0.2,0.1,0.1,0.05,0.05,0.5,0.0020305940655746817,0.9665108399571077
0.2,0.1,0.1,0.3,0.1,0.2,-0.0019464447044744994,0.9678978935902357
0.25,0.1,0.15,0.25,0.05,0.2,-0.0019010416009194314,0.9686463240479718
0.25,0.05,0.1,0.1,0.1,0.4,-0.0018969450802979217,0.9687138529713735
0.25,0.05,0.2,0.15,0.05,0.3,-0.0018460799492475072,0.9695523555713094
0.2,0.1,0.05,0.1,0.1,0.45,0.001832424880509141,0.9697774626897606
0.2,0.1,0.05,0.05,0.1,0.5,-0.0017822425028956451,0.9706047518258435
0.55,0.05,0.05,0.2,0.05,0.1,0.001758858197681193,0.9709902681278445
0.2,0.05,0.05,0.2,0.2,0.3,0.001577245783460921,0.9739845739996779
0.35,0.1,0.05,0.05,0.05,0.4,0.0015562511152756827,0.9743307446226084
0.4,0.05,0.1,0.2,0.05,0.2,-0.0015458391253626786,0.974502424527777
0.25,0.05,0.25,0.2,0.05,0.2,0.0015065808027398756,0.9751497527239217
0.3,0.15,0.05,0.25,0.05,0.2,-0.0014995825800114629,0.9752651477361756
0.2,0.1,0.1,0.2,0.05,0.35,-0.0013778817798807733,0.9772719755365115
0.2,0.1,0.05,0.25,0.1,0.3,0.0013683232317639167,0.9774296007870908
0.25,0.1,0.1,0.3,0.05,0.2,0.0013522785259963365,0.9776941880003993
0.25,0.15,0.05,0.3,0.05,0.2,-0.001350059577326352,0.9777307800421993
0.25,0.05,0.25,0.15,0.05,0.25,0.001299365134635167,0.9785667800269228
0.2,0.05,0.05,0.55,0.05,0.1,-0.0012653981511484811,0.9791269413463229
0.2,0.1,0.05,0.35,0.1,0.2,-0.001121507864317946,0.9814999964942064
0.25,0.05,0.15,0.35,0.05,0.15,-0.0011117786278418602,0.9816604583034576
0.2,0.05,0.1,0.4,0.1,0.15,0.00108754088083126,0.9820602084683244
0.3,0.05,0.05,0.05,0.1,0.45,-0.0010738858120928937,0.982285421812079
0.2,0.15,0.05,0.2,0.05,0.35,0.0010027087662941594,0.9834593687391523
0.25,0.1,0.1,0.05,0.05,0.45,-0.000978983084361248,0.9838506924382939
0.3,0.1,0.1,0.2,0.05,0.25,-0.0009496246865737605,0.9843349256748078
0.2,0.05,0.1,0.15,0.1,0.4,0.0009477471146222351,0.9843658942770183
0.25,0.1,0.15,0.3,0.05,0.15,0.0008688890926581698,0.9856665961947725
0.2,0.1,0.05,0.3,0.15,0.2,0.0008596719212597726,0.9858186288334276
0.25,0.05,0.05,0.3,0.15,0.2,0.0008525030101721304,0.9859368767963498
0.3,0.05,0.25,0.15,0.05,0.2,-0.0008202429102777399,0.9864689964019018
0.45,0.05,0.05,0.25,0.05,0.15,0.0008023206325586341,0.9867646210119516
0.2,0.15,0.05,0.4,0.05,0.15,0.0007982241119371243,0.9868321926071159
0.25,0.05,0.1,0.4,0.05,0.15,-0.0007898603823348749,0.9869701515723232
0.2,0.1,0.15,0.3,0.05,0.2,0.0007613554263435354,0.9874403411413581
0.2,0.05,0.05,0.4,0.1,0.2,0.0007603312961881578,0.9874572342616357
0.2,0.05,0.3,0.2,0.05,0.2,-0.0007487244877605465,0.9876486900146031
0.2,0.1,0.05,0.45,0.05,0.15,0.0007381418094883125,0.9878232532309122
0.25,0.05,0.05,0.2,0.2,0.25,-0.000712879932322335,0.9882399548542615
0.4,0.1,0.05,0.25,0.05,0.15,-0.0006781453897753975,0.9888129158993038
0.2,0.1,0.1,0.35,0.05,0.2,0.0005444105217627409,0.9910189804689318
0.2,0.1,0.05,0.15,0.1,0.4,-0.0005179538260821562,0.9914554136537532
0.2,0.15,0.05,0.45,0.05,0.1,0.0005078832128876111,0.9916215405103058
0.2,0.15,0.05,0.25,0.05,0.3,0.000462138732614084,0.9923761550880694
0.35,0.05,0.05,0.25,0.1,0.2,0.00045053192418647274,0.9925676255660872
0.3,0.05,0.05,0.25,0.1,0.25,-0.00043209758138967826,0.9928717266093043
0.2,0.05,0.05,0.3,0.2,0.2,0.000420832149680526,0.9930575666465121
0.3,0.05,0.05,0.2,0.1,0.3,0.00039130306353380893,0.9935446945601609
0.2,0.05,0.2,0.35,0.05,0.15,0.00038788929634921734,0.9936010100839662
0.2,0.1,0.15,0.25,0.05,0.25,-0.0003510206107556284,0.9942092197070804
0.25,0.15,0.05,0.25,0.05,0.25,-0.0003322448912403747,0.9945189573999881
0.3,0.1,0.1,0.1,0.05,0.35,0.0003080071442297746,0.9949188018140082
0.3,0.05,0.05,0.3,0.1,0.2,-0.00030356924688980554,0.9949920129037358
0.25,0.05,0.1,0.3,0.1,0.2,-0.0002008148546335992,0.9966871416927119
0.35,0.05,0.1,0.3,0.05,0.15,-0.00018698909753600334,0.9969152251107459
0.25,0.05,0.2,0.3,0.05,0.15,-0.00016240997380694404,0.9973207073511486
0.25,0.05,0.1,0.2,0.1,0.3,-0.00011393447978574371,0.9981204103582753
0.2,0.05,0.25,0.25,0.1,0.15,8.389332856133788e-05,0.9986160019494923
0.2,0.05,0.05,0.35,0.15,0.2,3.814884828781081e-05,0.9993706537397827
0.2,0.15,0.1,0.3,0.05,0.2,2.7736858374806523e-05,0.9995424216005976
0.3,0.05,0.2,0.2,0.05,0.2,-5.5473716749613044e-06,0.9999084843153206
