사업자등록번호,회사명,연도,생애주기_최종,부실라벨_ICR3년,생애주기점수,Porter5F,산업충격민감도,기업충격민감도,부실확률,부실확률변화,최종합산스코어,등급_5단계
1018194173,에코에너지,2015,성숙기,0,8.0,89.44,0.0,54.58,0.11,18.7,9.8,매우 안정
1018194173,에코에너지,2016,조정기,0,25.4,67.33,54.88,46.01,0.16,23.91,17.5,매우 안정
1018194173,에코에너지,2017,조정기,0,32.0,69.01,53.96,60.66,0.89,26.59,20.1,매우 안정
1018194173,에코에너지,2018,조정기,0,28.3,45.71,59.52,59.2,0.62,21.07,18.3,매우 안정
1018194173,에코에너지,2019,조정기,1,34.0,70.0,64.49,64.73,82.6,84.98,69.7,매우 위험
1018608726,디에이치리사이클링주식회사,2015,도입기,0,30.9,89.44,0.0,49.85,6.26,24.14,17.8,매우 안정
1018608726,디에이치리사이클링주식회사,2016,도입기,1,27.2,67.33,54.88,45.74,98.09,97.18,75.4,매우 위험
1018646259,씨지앤대산전력주식회사,2015,성숙기,0,8.0,89.44,0.0,28.51,0.11,18.76,8.5,매우 안정
1018646259,씨지앤대산전력주식회사,2016,조정기,0,25.4,67.33,54.88,42.34,0.13,23.89,17.3,매우 안정
1018646259,씨지앤대산전력주식회사,2017,조정기,0,32.0,69.01,53.96,58.37,0.12,26.02,19.5,매우 안정
1018646259,씨지앤대산전력주식회사,2018,조정기,0,28.3,45.71,59.52,59.35,0.07,21.24,18.0,매우 안정
1018646259,씨지앤대산전력주식회사,2019,성장기,0,16.9,70.0,64.49,65.23,0.65,12.53,17.6,매우 안정
1018646259,씨지앤대산전력주식회사,2020,성장기,0,11.2,100.0,87.2,82.33,1.05,11.48,21.2,매우 안정
1018646259,씨지앤대산전력주식회사,2021,성장기,0,22.2,60.1,93.3,37.32,2.05,15.46,20.5,매우 안정
1018646259,씨지앤대산전력주식회사,2022,성숙기,0,0.0,0.0,97.61,93.33,0.21,22.56,15.7,매우 안정
1018646259,씨지앤대산전력주식회사,2023,성숙기,0,0.0,55.11,98.86,69.94,0.06,56.64,19.0,매우 안정
1018646259,씨지앤대산전력주식회사,2024,성숙기,0,0.0,68.67,100.0,86.33,0.43,38.67,19.9,매우 안정
1018659676,푸른안성환경주식회사,2015,도입기,0,30.9,89.44,0.0,49.85,4.77,17.07,16.6,매우 안정
1018659676,푸른안성환경주식회사,2016,성숙기,0,3.7,67.33,54.88,47.44,13.82,31.18,21.1,매우 안정
1018659676,푸른안성환경주식회사,2017,성숙기,0,9.9,69.01,53.96,61.55,2.41,17.19,16.1,매우 안정
1018659676,푸른안성환경주식회사,2018,성숙기,1,3.3,45.71,59.52,61.31,95.08,95.92,69.1,매우 위험
1018664320,파주에너지서비스주식회사,2015,도입기,0,30.9,89.44,0.0,49.85,2.95,21.26,15.8,매우 안정
1018664320,파주에너지서비스주식회사,2016,도입기,0,27.2,67.33,54.88,45.74,4.11,24.85,20.1,매우 안정
1018664320,파주에너지서비스주식회사,2017,도입기,0,43.7,69.01,53.96,61.71,0.05,22.88,21.8,매우 안정
1018664320,파주에너지서비스주식회사,2018,조정기,0,28.3,45.71,59.52,61.23,0.04,21.28,18.0,매우 안정
1018664320,파주에너지서비스주식회사,2019,성숙기,0,0.0,70.0,64.49,58.32,0.05,12.03,13.5,매우 안정
1018664320,파주에너지서비스주식회사,2020,성숙기,0,0.0,100.0,87.2,80.83,0.06,11.12,18.4,매우 안정
1018664320,파주에너지서비스주식회사,2021,성숙기,0,0.0,60.1,93.3,40.91,0.09,14.57,15.2,매우 안정
1018664320,파주에너지서비스주식회사,2022,성숙기,0,0.0,0.0,97.61,52.3,0.09,24.36,13.6,매우 안정
1018664320,파주에너지서비스주식회사,2023,성숙기,0,0.0,55.11,98.86,38.75,0.06,56.71,17.4,매우 안정
1018664320,파주에너지서비스주식회사,2024,성숙기,0,0.0,68.67,100.0,47.13,0.12,38.46,17.8,매우 안정
1018667540,삼척블루파워주식회사,2015,도입기,1,30.9,89.44,0.0,49.85,45.98,57.61,41.3,중립
1018673756,나래에너지서비스주식회사,2015,도입기,0,30.9,89.44,0.0,49.85,6.91,20.72,18.0,매우 안정
1018673756,나래에너지서비스주식회사,2016,도입기,1,27.2,67.33,54.88,45.74,63.88,69.41,55.2,위험
1018687357,시흥에코피아주식회사,2015,도입기,0,30.9,89.44,0.0,49.85,0.04,18.8,14.1,매우 안정
1018687357,시흥에코피아주식회사,2016,도입기,0,27.2,67.33,54.88,45.74,0.43,24.18,18.0,매우 안정
1018687357,시흥에코피아주식회사,2017,도입기,0,43.7,69.01,53.96,60.77,0.03,25.72,21.9,매우 안정
1018687357,시흥에코피아주식회사,2018,성숙기,0,3.3,45.71,59.52,61.23,0.06,21.31,13.1,매우 안정
1018687357,시흥에코피아주식회사,2019,쇠퇴기,0,100.0,70.0,64.49,52.63,0.43,12.35,33.4,안정
1018687357,시흥에코피아주식회사,2020,성숙기,0,0.0,100.0,87.2,80.11,0.28,10.98,18.4,매우 안정
1018687357,시흥에코피아주식회사,2021,조정기,0,30.2,60.1,93.3,38.71,0.22,14.47,21.2,매우 안정
1018687357,시흥에코피아주식회사,2022,성숙기,0,0.0,0.0,97.61,45.19,4.38,27.97,15.8,매우 안정
1018687357,시흥에코피아주식회사,2023,성숙기,0,0.0,55.11,98.86,33.14,0.25,54.35,17.2,매우 안정
1018687357,시흥에코피아주식회사,2024,성숙기,0,0.0,68.67,100.0,41.19,0.35,38.5,17.6,매우 안정
1028800376,이레에너지(주),2017,성장기,0,0.0,69.01,53.96,60.77,0.06,26.03,13.2,매우 안정
1028800376,이레에너지(주),2018,성숙기,0,3.3,45.71,59.52,60.57,0.05,21.28,13.0,매우 안정
1028800376,이레에너지(주),2019,성숙기,0,0.0,70.0,64.49,64.56,0.68,12.57,14.2,매우 안정
1038601151,씨더블유엔알이주식회사,2022,쇠퇴기,0,100.0,0.0,97.61,47.02,0.31,24.35,33.5,안정
1038601151,씨더블유엔알이주식회사,2023,쇠퇴기,0,100.0,55.11,98.86,34.73,0.25,56.69,37.4,안정
1038601151,씨더블유엔알이주식회사,2024,쇠퇴기,1,68.3,68.67,100.0,42.62,5.18,41.92,34.2,안정
1048140318,(주)우주엔비텍,2019,성숙기,0,0.0,70.0,64.49,64.56,0.02,12.02,13.8,매우 안정
1048140318,(주)우주엔비텍,2020,성숙기,0,0.0,100.0,87.2,81.25,0.04,11.13,18.4,매우 안정
1048140318,(주)우주엔비텍,2021,성숙기,0,0.0,60.1,93.3,37.74,0.03,14.54,15.0,매우 안정
1048140318,(주)우주엔비텍,2022,성숙기,0,0.0,0.0,97.61,48.21,0.09,24.41,13.4,매우 안정
1048140318,(주)우주엔비텍,2023,성숙기,0,0.0,55.11,98.86,35.38,0.01,56.69,17.3,매우 안정
1048140318,(주)우주엔비텍,2024,조정기,0,19.7,68.67,100.0,43.61,0.58,38.81,21.8,매우 안정
1048142392,한맥테코산업주식회사,2015,성숙기,0,8.0,89.44,0.0,50.93,0.04,17.48,9.5,매우 안정
1048142392,한맥테코산업주식회사,2016,성숙기,0,3.7,67.33,54.88,48.06,0.02,23.85,13.2,매우 안정
1048142392,한맥테코산업주식회사,2017,성숙기,0,9.9,69.01,53.96,63.94,0.05,26.05,15.4,매우 안정
1048142392,한맥테코산업주식회사,2018,성숙기,0,3.3,45.71,59.52,63.18,0.03,21.27,13.1,매우 안정
1048142392,한맥테코산업주식회사,2019,성숙기,0,0.0,70.0,64.49,64.56,0.03,12.02,13.8,매우 안정
1048142392,한맥테코산업주식회사,2020,성숙기,0,0.0,100.0,87.2,80.41,0.05,11.13,18.3,매우 안정
1048142392,한맥테코산업주식회사,2021,성숙기,0,0.0,60.1,93.3,38.33,0.01,14.5,15.0,매우 안정
1048142392,한맥테코산업주식회사,2022,성숙기,0,0.0,0.0,97.61,43.21,0.01,24.36,13.1,매우 안정
1048142392,한맥테코산업주식회사,2023,성숙기,0,0.0,55.11,98.86,31.79,0.0,56.73,17.1,매우 안정
1048142392,한맥테코산업주식회사,2024,성숙기,0,0.0,68.67,100.0,40.36,0.01,38.41,17.4,매우 안정
1048148528,포스코에너지(주),2015,성장기,0,0.0,89.44,0.0,42.16,4.45,20.03,10.0,매우 안정
1048148528,포스코에너지(주),2016,성장기,0,0.0,67.33,54.88,40.16,14.0,31.57,20.1,매우 안정
1048148528,포스코에너지(주),2017,성숙기,0,9.9,69.01,53.96,55.4,1.32,16.2,15.1,매우 안정
1048148528,포스코에너지(주),2018,성숙기,0,3.3,45.71,59.52,55.84,2.62,22.33,14.2,매우 안정
1048148528,포스코에너지(주),2019,조정기,0,34.0,70.0,64.49,58.88,1.77,11.22,21.2,매우 안정
1048148528,포스코에너지(주),2020,조정기,0,16.3,100.0,87.2,80.92,0.11,9.59,21.6,매우 안정
1048148528,포스코에너지(주),2021,조정기,0,30.2,60.1,93.3,37.38,0.06,14.49,21.0,매우 안정
1048148528,포스코에너지(주),2022,조정기,0,27.0,0.0,97.61,50.96,0.09,24.38,19.0,매우 안정
1048193251,검단에코텍주식회사,2015,조정기,0,30.6,89.44,0.0,49.94,23.2,19.55,26.8,매우 안정
1048193251,검단에코텍주식회사,2016,조정기,1,25.4,67.33,54.88,46.84,91.48,78.76,70.5,매우 위험
1048611837,한화에너지(주),2015,성숙기,0,8.0,89.44,0.0,48.71,0.11,18.87,9.5,매우 안정
1048611837,한화에너지(주),2016,성장기,0,0.0,67.33,54.88,41.68,0.6,24.26,12.5,매우 안정
1048611837,한화에너지(주),2017,성장기,0,0.0,69.01,53.96,57.22,1.0,26.34,13.6,매우 안정
1048611837,한화에너지(주),2018,성장기,0,0.0,45.71,59.52,57.5,0.23,20.67,12.3,매우 안정
1048611837,한화에너지(주),2019,도입기,0,50.2,70.0,64.49,55.67,3.25,14.7,25.3,매우 안정
1048611837,한화에너지(주),2020,도입기,0,71.5,100.0,87.2,85.29,0.42,8.53,32.9,안정
1048611837,한화에너지(주),2021,성장기,0,22.2,60.1,93.3,35.28,8.55,22.38,24.4,매우 안정
1048611837,한화에너지(주),2022,성장기,0,15.4,0.0,97.61,50.25,19.49,33.12,27.7,매우 안정
1048611837,한화에너지(주),2023,성장기,1,27.2,55.11,98.86,37.48,3.64,47.33,24.3,매우 안정
1048612777,대전아랫물길주식회사,2015,성숙기,1,8.0,89.44,0.0,49.85,88.88,63.9,60.6,매우 위험
1048615129,포항맑은물(주),2015,조정기,0,30.6,89.44,0.0,50.13,0.96,11.14,14.2,매우 안정
1048615129,포항맑은물(주),2016,성숙기,0,3.7,67.33,54.88,54.31,0.42,23.46,13.7,매우 안정
1048615129,포항맑은물(주),2017,성숙기,0,9.9,69.01,53.96,67.2,0.32,25.95,15.7,매우 안정
1048615129,포항맑은물(주),2018,성숙기,0,3.3,45.71,59.52,65.19,0.22,21.2,13.3,매우 안정
1048615129,포항맑은물(주),2019,성숙기,0,0.0,70.0,64.49,68.46,0.19,11.99,14.1,매우 안정
1048615129,포항맑은물(주),2020,성숙기,0,0.0,100.0,87.2,86.9,0.64,11.52,19.0,매우 안정
1048615129,포항맑은물(주),2021,성숙기,0,0.0,60.1,93.3,41.16,0.28,14.17,15.3,매우 안정
1048615129,포항맑은물(주),2022,성숙기,0,0.0,0.0,97.61,49.29,0.58,24.59,13.8,매우 안정
1048615129,포항맑은물(주),2023,성숙기,0,0.0,55.11,98.86,36.3,0.1,56.46,17.3,매우 안정
1048615129,포항맑은물(주),2024,성숙기,0,0.0,68.67,100.0,44.5,0.48,38.69,17.9,매우 안정
1048624593,경주엔바이로(주),2015,도입기,0,30.9,89.44,0.0,,2.69,20.97,,매우 안정
1048624593,경주엔바이로(주),2016,성숙기,0,3.7,67.33,54.88,47.65,0.17,21.91,13.2,매우 안정
1048624593,경주엔바이로(주),2017,성숙기,0,9.9,69.01,53.96,65.07,0.08,25.96,15.4,매우 안정
1048624593,경주엔바이로(주),2018,성숙기,0,3.3,45.71,59.52,62.23,0.05,21.26,13.1,매우 안정
1048624593,경주엔바이로(주),2019,성숙기,0,0.0,70.0,64.49,62.62,0.4,12.33,13.9,매우 안정
1048624593,경주엔바이로(주),2020,성숙기,0,0.0,100.0,87.2,84.0,0.14,10.87,18.5,매우 안정
1048624593,경주엔바이로(주),2021,성숙기,0,0.0,60.1,93.3,38.47,0.21,14.61,15.1,매우 안정
1048624593,경주엔바이로(주),2022,성숙기,0,0.0,0.0,97.61,46.52,0.25,24.37,13.4,매우 안정
1048624593,경주엔바이로(주),2023,성숙기,0,0.0,55.11,98.86,34.21,0.03,56.61,17.2,매우 안정
1048625985,대전맑은물(주),2015,쇠퇴기,0,100.0,89.44,0.0,67.59,0.91,19.08,29.3,매우 안정
1048625985,대전맑은물(주),2016,쇠퇴기,0,100.0,67.33,54.88,25.01,0.61,23.64,31.6,안정
1048625985,대전맑은물(주),2017,쇠퇴기,0,100.0,69.01,53.96,39.58,0.34,25.83,32.3,안정
1048625985,대전맑은물(주),2018,쇠퇴기,0,100.0,45.71,59.52,38.85,0.48,21.4,31.5,안정
1048625985,대전맑은물(주),2019,쇠퇴기,0,100.0,70.0,64.49,57.25,0.6,12.12,33.7,안정
1048625985,대전맑은물(주),2020,쇠퇴기,0,100.0,100.0,87.2,85.28,0.96,11.44,39.1,안정
1048625985,대전맑은물(주),2021,쇠퇴기,0,100.0,60.1,93.3,41.65,0.65,14.2,35.5,안정
1048625985,대전맑은물(주),2022,쇠퇴기,0,100.0,0.0,97.61,47.11,1.56,25.09,34.2,안정
1048625985,대전맑은물(주),2023,쇠퇴기,0,100.0,55.11,98.86,34.6,0.17,55.93,37.3,안정
1048625985,대전맑은물(주),2024,쇠퇴기,0,68.3,68.67,100.0,42.79,1.28,39.21,31.9,안정
1048626868,광주맑은물(주),2015,쇠퇴기,0,100.0,89.44,0.0,53.17,0.78,18.69,28.5,매우 안정
1048626868,광주맑은물(주),2016,쇠퇴기,0,100.0,67.33,54.88,42.82,0.57,23.72,32.5,안정
1048626868,광주맑은물(주),2017,쇠퇴기,0,100.0,69.01,53.96,57.53,0.38,25.89,33.2,안정
1048626868,광주맑은물(주),2018,쇠퇴기,0,100.0,45.71,59.52,56.97,0.54,21.41,32.5,안정
1048626868,광주맑은물(주),2019,쇠퇴기,0,100.0,70.0,64.49,64.35,0.46,11.94,34.0,안정
1048626868,광주맑은물(주),2020,조정기,0,16.3,100.0,87.2,80.88,0.76,11.39,22.0,매우 안정
1048626868,광주맑은물(주),2021,조정기,0,30.2,60.1,93.3,37.84,0.32,14.08,21.1,매우 안정
1048626868,광주맑은물(주),2022,조정기,0,27.0,0.0,97.61,45.97,2.32,26.07,20.0,매우 안정
1048626868,광주맑은물(주),2023,조정기,0,32.9,55.11,98.86,33.77,0.08,55.46,23.7,매우 안정
1048626868,광주맑은물(주),2024,조정기,0,19.7,68.67,100.0,41.46,0.93,39.01,21.9,매우 안정
1048631041,제주에코텍주식회사,2015,성숙기,1,8.0,89.44,0.0,49.85,93.93,83.65,64.4,매우 위험
1048632093,제천맑은물사랑(주),2015,조정기,0,30.6,89.44,0.0,50.13,28.92,32.62,30.6,안정
1048632093,제천맑은물사랑(주),2016,성숙기,1,3.7,67.33,54.88,60.12,94.7,76.87,68.5,매우 위험
1048632166,양주에코텍주식회사,2019,쇠퇴기,0,100.0,70.0,64.49,64.56,0.08,12.02,33.8,안정
1048632166,양주에코텍주식회사,2020,성장기,0,11.2,100.0,87.2,,3.53,14.28,,매우 안정
1048632166,양주에코텍주식회사,2024,도입기,0,100.0,68.67,100.0,42.62,5.91,38.38,40.7,중립
1048635858,원주그린주식회사,2015,성장기,0,0.0,89.44,0.0,49.85,6.44,24.0,11.7,매우 안정
1048635858,원주그린주식회사,2016,성숙기,1,3.7,67.33,54.88,71.62,88.39,89.32,66.3,매우 위험
1048642193,주식회사페트로코너지,2015,성숙기,0,8.0,89.44,0.0,49.85,6.33,20.78,13.1,매우 안정
1048642193,주식회사페트로코너지,2016,성숙기,0,3.7,67.33,54.88,0.0,5.99,23.72,14.1,매우 안정
1048642193,주식회사페트로코너지,2017,도입기,0,43.7,69.01,53.96,31.82,1.23,22.34,21.0,매우 안정
1048642193,주식회사페트로코너지,2018,성장기,0,0.0,45.71,59.52,22.87,3.28,22.94,12.3,매우 안정
1048642193,주식회사페트로코너지,2019,성숙기,0,0.0,70.0,64.49,68.07,27.66,33.66,30.2,안정
1048642193,주식회사페트로코너지,2020,성숙기,1,0.0,100.0,87.2,19.56,99.2,77.16,73.1,매우 위험
1048644231,석천솔라파워주식회사,2015,성숙기,0,8.0,89.44,0.0,50.92,0.09,18.82,9.6,매우 안정
1048644231,석천솔라파워주식회사,2016,성숙기,0,3.7,67.33,54.88,45.14,0.06,23.84,13.1,매우 안정
1048644231,석천솔라파워주식회사,2017,성숙기,0,9.9,69.01,53.96,60.5,0.01,25.99,15.2,매우 안정
1048644231,석천솔라파워주식회사,2018,성숙기,0,3.3,45.71,59.52,61.94,0.0,21.28,13.1,매우 안정
1048644231,석천솔라파워주식회사,2019,성숙기,0,0.0,70.0,64.49,67.16,0.03,12.04,13.9,매우 안정
1048644473,하이패스태양광(주),2015,조정기,0,30.6,89.44,0.0,49.85,1.79,20.39,15.1,매우 안정
1048644473,하이패스태양광(주),2016,조정기,0,25.4,67.33,54.88,47.86,4.32,25.92,20.0,매우 안정
1048644473,하이패스태양광(주),2017,조정기,0,32.0,69.01,53.96,61.59,0.21,22.84,19.6,매우 안정
1048644473,하이패스태양광(주),2018,조정기,0,28.3,45.71,59.52,62.06,0.05,21.15,18.1,매우 안정
1048644473,하이패스태양광(주),2019,조정기,0,34.0,70.0,64.49,64.91,0.16,12.12,20.7,매우 안정
1048644532,오씨아이파워주식회사,2019,도입기,0,50.2,70.0,64.49,64.56,0.02,12.02,23.8,매우 안정
1048644532,오씨아이파워주식회사,2020,성장기,0,11.2,100.0,87.2,81.25,0.07,11.15,20.6,매우 안정
1048644532,오씨아이파워주식회사,2021,쇠퇴기,0,100.0,60.1,93.3,37.74,2.61,17.0,36.5,안정
1048644532,오씨아이파워주식회사,2022,성장기,0,15.4,0.0,97.61,39.98,1.13,22.82,16.6,매우 안정
1048644532,오씨아이파워주식회사,2023,성숙기,0,0.0,55.11,98.86,30.02,1.89,57.0,18.0,매우 안정
1048644532,오씨아이파워주식회사,2024,성숙기,0,0.0,68.67,100.0,34.75,1.95,38.72,18.2,매우 안정
1048655233,고덕그린에너지(주),2015,성숙기,0,8.0,89.44,0.0,49.85,3.91,22.22,11.8,매우 안정
1048655233,고덕그린에너지(주),2016,조정기,0,25.4,67.33,54.88,45.74,14.68,32.53,25.9,매우 안정
1048655233,고덕그린에너지(주),2017,성숙기,1,9.9,69.01,53.96,93.95,97.05,89.98,73.4,매우 위험
1048655913,해사랑태양광주식회사,2016,성장기,0,0.0,67.33,54.88,45.74,0.04,23.87,12.4,매우 안정
1048655913,해사랑태양광주식회사,2017,성숙기,0,9.9,69.01,53.96,60.77,0.13,26.1,15.2,매우 안정
1048655913,해사랑태양광주식회사,2018,조정기,0,28.3,45.71,59.52,60.57,0.12,21.28,18.1,매우 안정
1048658166,세종그린파워주식회사,2015,도입기,0,30.9,89.44,0.0,49.85,0.08,18.8,14.1,매우 안정
1048658166,세종그린파워주식회사,2016,성장기,0,0.0,67.33,54.88,45.74,12.73,33.95,19.8,매우 안정
1048658166,세종그린파워주식회사,2017,조정기,0,32.0,69.01,53.96,,16.2,28.74,,매우 안정
1048658166,세종그린파워주식회사,2018,성숙기,1,3.3,45.71,59.52,60.57,93.63,83.67,67.6,매우 위험
1058137529,(주)지에스이,2015,성숙기,0,8.0,89.44,0.0,49.72,0.09,18.79,9.5,매우 안정
1058137529,(주)지에스이,2016,성숙기,0,3.7,67.33,54.88,42.74,0.01,23.8,12.9,매우 안정
1058137529,(주)지에스이,2017,성숙기,0,9.9,69.01,53.96,57.28,0.13,26.12,15.1,매우 안정
1058137529,(주)지에스이,2018,성숙기,0,3.3,45.71,59.52,57.78,0.04,21.21,12.9,매우 안정
1058137529,(주)지에스이,2019,성숙기,0,0.0,70.0,64.49,59.76,0.05,12.03,13.6,매우 안정
1058137529,(주)지에스이,2020,성숙기,0,0.0,100.0,87.2,79.33,0.06,11.12,18.3,매우 안정
1058137529,(주)지에스이,2021,성장기,0,22.2,60.1,93.3,38.09,0.19,14.67,19.5,매우 안정
1058137529,(주)지에스이,2022,성장기,0,15.4,0.0,97.61,47.61,0.18,24.33,16.5,매우 안정
1058137529,(주)지에스이,2023,성장기,0,27.2,55.11,98.86,35.24,0.15,56.71,22.8,매우 안정
1058137529,(주)지에스이,2024,성장기,0,27.8,68.67,100.0,43.63,0.71,38.81,23.5,매우 안정
1058167533,(주)드림바이오스,2020,도입기,0,71.5,100.0,87.2,81.25,0.07,11.11,32.7,안정
1058167533,(주)드림바이오스,2021,성장기,0,22.2,60.1,93.3,37.74,0.8,15.25,19.9,매우 안정
1058167533,(주)드림바이오스,2022,성숙기,0,0.0,0.0,97.61,47.02,0.13,23.7,13.4,매우 안정
1058167533,(주)드림바이오스,2023,성숙기,0,0.0,55.11,98.86,39.95,0.07,56.7,17.5,매우 안정
1058167533,(주)드림바이오스,2024,성숙기,0,0.0,68.67,100.0,50.26,0.01,38.37,17.9,매우 안정
1058709665,주식회사디엔스틸앤테크,2022,성숙기,0,0.0,0.0,97.61,47.02,0.05,24.35,13.4,매우 안정
1058709665,주식회사디엔스틸앤테크,2023,쇠퇴기,0,100.0,55.11,98.86,34.73,0.89,57.14,37.7,안정
1058709665,주식회사디엔스틸앤테크,2024,도입기,1,100.0,68.67,100.0,42.62,2.67,39.79,39.0,안정
1058779517,주식회사에버온,2022,성장기,0,15.4,0.0,97.61,47.02,0.14,24.35,16.5,매우 안정
1058779517,주식회사에버온,2023,도입기,0,89.8,55.11,98.86,34.73,12.51,62.66,42.4,중립
1058779517,주식회사에버온,2024,도입기,1,100.0,68.67,100.0,42.62,35.47,56.41,57.9,위험
1058788753,서남바이오에너지주식회사,2015,성장기,0,0.0,89.44,0.0,,0.11,18.84,,매우 안정
1058788753,서남바이오에너지주식회사,2016,성숙기,0,3.7,67.33,54.88,45.74,0.13,23.89,13.1,매우 안정
1058788753,서남바이오에너지주식회사,2017,성숙기,0,9.9,69.01,53.96,60.77,0.19,26.08,15.3,매우 안정
1058788753,서남바이오에너지주식회사,2018,성숙기,0,3.3,45.71,59.52,62.72,0.04,21.16,13.1,매우 안정
1058788753,서남바이오에너지주식회사,2019,성숙기,0,0.0,70.0,64.49,63.31,0.08,12.05,13.8,매우 안정
1058788753,서남바이오에너지주식회사,2020,성숙기,0,0.0,100.0,87.2,83.96,0.21,11.23,18.6,매우 안정
1058788753,서남바이오에너지주식회사,2021,성숙기,0,0.0,60.1,93.3,42.74,0.04,14.37,15.2,매우 안정
1058788753,서남바이오에너지주식회사,2022,성숙기,0,0.0,0.0,97.61,53.59,0.18,24.47,13.8,매우 안정
1058788753,서남바이오에너지주식회사,2023,성숙기,0,0.0,55.11,98.86,40.01,0.03,56.65,17.5,매우 안정
1058788753,서남바이오에너지주식회사,2024,성숙기,0,0.0,68.67,100.0,50.01,0.03,38.41,17.9,매우 안정
1058799449,부산신호태양광발전2호주식회사,2015,성숙기,0,8.0,89.44,0.0,49.85,2.26,20.35,10.8,매우 안정
1058799449,부산신호태양광발전2호주식회사,2016,성숙기,0,3.7,67.33,54.88,45.74,3.43,24.85,15.0,매우 안정
1058799449,부산신호태양광발전2호주식회사,2017,성숙기,0,9.9,69.01,53.96,71.9,0.18,23.51,15.7,매우 안정
1058799449,부산신호태양광발전2호주식회사,2018,성숙기,0,3.3,45.71,59.52,70.23,0.06,21.19,13.5,매우 안정
1058799449,부산신호태양광발전2호주식회사,2019,성숙기,0,0.0,70.0,64.49,72.82,0.23,12.16,14.3,매우 안정
1058805195,케이에스솔라2호(주),2015,성장기,0,0.0,89.44,0.0,49.85,0.15,18.8,8.0,매우 안정
1058805195,케이에스솔라2호(주),2016,성숙기,0,3.7,67.33,54.88,45.74,9.71,31.49,18.8,매우 안정
1058805195,케이에스솔라2호(주),2017,성숙기,1,9.9,69.01,53.96,60.77,96.23,93.19,71.5,매우 위험
1058806651,그린에코사이클주식회사,2018,도입기,0,47.7,45.71,59.52,60.57,0.0,21.28,21.9,매우 안정
1058806651,그린에코사이클주식회사,2019,성장기,0,16.9,70.0,64.49,64.56,0.09,12.1,17.2,매우 안정
1058806651,그린에코사이클주식회사,2020,성숙기,0,0.0,100.0,87.2,81.25,1.35,12.27,19.1,매우 안정
1058806651,그린에코사이클주식회사,2021,성장기,0,22.2,60.1,93.3,31.4,6.79,19.73,23.1,매우 안정
1058806651,그린에코사이클주식회사,2022,도입기,1,56.5,0.0,97.61,45.12,45.95,57.96,51.5,위험
1058807174,노을그린에너지주식회사,2017,성장기,0,0.0,69.01,53.96,60.77,0.03,26.03,13.2,매우 안정
1058807174,노을그린에너지주식회사,2018,성숙기,0,3.3,45.71,59.52,60.57,0.09,21.33,13.0,매우 안정
1058807174,노을그린에너지주식회사,2019,성숙기,0,0.0,70.0,64.49,64.56,3.98,15.48,16.1,매우 안정
1058807174,노을그린에너지주식회사,2020,성숙기,0,0.0,100.0,87.2,86.97,13.06,19.5,26.2,매우 안정
1058807174,노을그린에너지주식회사,2021,조정기,1,30.2,60.1,93.3,42.17,76.53,75.19,66.3,매우 위험
1068146657,참빛도시가스공업주식회사,2015,성숙기,0,8.0,89.44,0.0,47.52,5.75,23.87,12.8,매우 안정
1068146657,참빛도시가스공업주식회사,2016,성숙기,0,3.7,67.33,54.88,46.84,0.15,19.52,13.0,매우 안정
1068146657,참빛도시가스공업주식회사,2017,성숙기,0,9.9,69.01,53.96,61.03,0.09,25.98,15.2,매우 안정
1068146657,참빛도시가스공업주식회사,2018,성숙기,0,3.3,45.71,59.52,61.01,0.17,21.35,13.1,매우 안정
1068146657,참빛도시가스공업주식회사,2019,조정기,0,34.0,70.0,64.49,62.33,0.12,11.97,20.5,매우 안정
1068146657,참빛도시가스공업주식회사,2020,조정기,0,16.3,100.0,87.2,80.16,0.09,11.08,21.6,매우 안정
1068146657,참빛도시가스공업주식회사,2021,성숙기,0,0.0,60.1,93.3,36.72,0.13,14.58,15.0,매우 안정
1068146657,참빛도시가스공업주식회사,2022,성장기,0,15.4,0.0,97.61,46.19,0.09,24.32,16.4,매우 안정
1068146657,참빛도시가스공업주식회사,2023,조정기,0,32.9,55.11,98.86,34.12,0.1,56.73,23.8,매우 안정
1068146657,참빛도시가스공업주식회사,2024,성장기,0,27.8,68.67,100.0,41.66,0.36,38.6,23.2,매우 안정
1078113673,선진기업(주),2019,도입기,0,50.2,70.0,64.49,64.56,0.03,12.02,23.8,매우 안정
1078113673,선진기업(주),2020,성장기,0,11.2,100.0,87.2,81.25,7.07,17.58,24.8,매우 안정
1078113673,선진기업(주),2021,성장기,0,22.2,60.1,93.3,37.74,1.16,8.5,19.7,매우 안정
1078113673,선진기업(주),2022,성장기,0,15.4,0.0,97.61,51.03,3.43,26.23,18.6,매우 안정
1078113673,선진기업(주),2023,성장기,0,27.2,55.11,98.86,37.35,79.46,92.88,68.3,매우 위험
1078113673,선진기업(주),2024,성숙기,0,0.0,68.67,100.0,48.22,8.97,0.0,20.8,매우 안정
1078166113,주식회사미래유지,2022,도입기,0,56.5,0.0,97.61,47.02,0.12,24.35,24.7,매우 안정
1078166113,주식회사미래유지,2023,도입기,0,89.8,55.11,98.86,34.73,7.92,60.47,39.7,안정
1078166113,주식회사미래유지,2024,도입기,0,100.0,68.67,100.0,42.62,3.48,36.4,39.3,안정
1078600246,(주)솔라플레이,2019,성장기,0,16.9,70.0,64.49,64.56,0.02,12.02,17.2,매우 안정
1078600246,(주)솔라플레이,2020,성장기,0,11.2,100.0,87.2,81.25,0.11,11.19,20.6,매우 안정
1078600246,(주)솔라플레이,2021,성장기,0,22.2,60.1,93.3,37.74,0.31,14.73,19.6,매우 안정
1078600246,(주)솔라플레이,2022,성장기,0,15.4,0.0,97.61,40.36,0.15,24.19,16.2,매우 안정
1078600246,(주)솔라플레이,2023,성숙기,0,0.0,55.11,98.86,29.77,0.24,56.77,17.1,매우 안정
1078600246,(주)솔라플레이,2024,쇠퇴기,0,68.3,68.67,100.0,34.8,2.48,40.02,32.2,안정
1078678327,진천물자원주식회사,2015,쇠퇴기,0,100.0,89.44,0.0,48.43,4.83,14.13,30.3,안정
1078678327,진천물자원주식회사,2016,쇠퇴기,0,100.0,67.33,54.88,49.25,3.61,22.99,34.5,안정
1078678327,진천물자원주식회사,2017,쇠퇴기,0,100.0,69.01,53.96,63.8,0.83,23.88,33.7,안정
1078678327,진천물자원주식회사,2018,쇠퇴기,0,100.0,45.71,59.52,63.17,0.5,21.02,32.7,안정
1078678327,진천물자원주식회사,2019,쇠퇴기,0,100.0,70.0,64.49,66.08,1.21,12.64,34.6,안정
1078678327,진천물자원주식회사,2020,조정기,0,16.3,100.0,87.2,84.01,2.97,12.73,23.5,매우 안정
1078700578,디쏠라에너지주식회사,2015,성숙기,0,8.0,89.44,0.0,49.85,0.25,18.85,9.6,매우 안정
1078700578,디쏠라에너지주식회사,2016,성숙기,0,3.7,67.33,54.88,45.74,0.71,24.24,13.5,매우 안정
1078700578,디쏠라에너지주식회사,2017,성숙기,0,9.9,69.01,53.96,61.26,0.16,25.61,15.3,매우 안정
1078700578,디쏠라에너지주식회사,2018,성숙기,0,3.3,45.71,59.52,61.05,0.06,21.2,13.0,매우 안정
1078700578,디쏠라에너지주식회사,2019,성숙기,0,0.0,70.0,64.49,64.01,0.38,12.3,14.0,매우 안정
1078700578,디쏠라에너지주식회사,2020,성숙기,0,0.0,100.0,87.2,81.22,0.13,10.88,18.4,매우 안정
1078700578,디쏠라에너지주식회사,2021,성숙기,0,0.0,60.1,93.3,38.52,0.26,14.66,15.1,매우 안정
1078700578,디쏠라에너지주식회사,2022,성숙기,0,0.0,0.0,97.61,48.67,0.5,24.54,13.7,매우 안정
1078700980,푸른군산지키미주식회사,2015,조정기,0,30.6,89.44,0.0,31.87,4.88,11.64,15.5,매우 안정
1078700980,푸른군산지키미주식회사,2016,조정기,0,25.4,67.33,54.88,38.83,6.0,24.86,20.4,매우 안정
1078700980,푸른군산지키미주식회사,2017,조정기,0,32.0,69.01,53.96,53.11,0.74,21.95,19.4,매우 안정
1078700980,푸른군산지키미주식회사,2018,조정기,0,28.3,45.71,59.52,52.05,0.62,21.2,17.9,매우 안정
1078700980,푸른군산지키미주식회사,2019,조정기,0,34.0,70.0,64.49,59.3,1.89,13.13,21.4,매우 안정
1078700980,푸른군산지키미주식회사,2020,조정기,0,16.3,100.0,87.2,79.16,4.33,13.37,24.0,매우 안정
1078700980,푸른군산지키미주식회사,2021,조정기,0,30.2,60.1,93.3,36.74,2.1,12.19,22.0,매우 안정
1078700980,푸른군산지키미주식회사,2022,쇠퇴기,0,100.0,0.0,97.61,47.11,6.82,28.28,37.3,안정
1078700980,푸른군산지키미주식회사,2023,쇠퇴기,0,100.0,55.11,98.86,34.68,1.17,53.4,37.7,안정
1078700980,푸른군산지키미주식회사,2024,쇠퇴기,0,68.3,68.67,100.0,42.7,7.49,43.03,35.5,안정
1078711401,송도파워주식회사,2015,조정기,0,30.6,89.44,0.0,52.83,0.29,18.76,14.3,매우 안정
1078711401,송도파워주식회사,2016,조정기,0,25.4,67.33,54.88,43.86,0.25,23.84,17.5,매우 안정
1078711401,송도파워주식회사,2017,조정기,0,32.0,69.01,53.96,58.43,0.24,26.02,19.6,매우 안정
1078711401,송도파워주식회사,2018,조정기,0,28.3,45.71,59.52,58.83,0.05,21.13,17.9,매우 안정
1078711401,송도파워주식회사,2019,조정기,0,34.0,70.0,64.49,66.59,0.24,12.18,20.8,매우 안정
1078797864,주식회사에이티에너지,2015,성장기,0,0.0,89.44,0.0,,0.98,19.45,,매우 안정
1078797864,주식회사에이티에너지,2016,성장기,0,0.0,67.33,54.88,45.74,0.18,23.25,12.4,매우 안정
1078797864,주식회사에이티에너지,2017,성장기,0,0.0,69.01,53.96,60.77,1.35,26.94,14.0,매우 안정
1078797864,주식회사에이티에너지,2018,성장기,0,0.0,45.71,59.52,64.76,0.59,20.68,12.8,매우 안정
1078797864,주식회사에이티에너지,2019,성장기,0,16.9,70.0,64.49,67.48,1.39,12.72,18.1,매우 안정
1078797864,주식회사에이티에너지,2020,성숙기,0,0.0,100.0,87.2,84.92,3.03,12.62,20.3,매우 안정
1078797864,주식회사에이티에너지,2021,성숙기,0,0.0,60.1,93.3,42.27,1.95,13.36,16.2,매우 안정
1078797864,주식회사에이티에너지,2022,성숙기,0,0.0,0.0,97.61,49.44,1.44,23.73,14.2,매우 안정
1078797864,주식회사에이티에너지,2023,성숙기,0,0.0,55.11,98.86,36.54,0.77,56.29,17.7,매우 안정
1078797864,주식회사에이티에너지,2024,성숙기,0,0.0,68.67,100.0,45.0,1.81,39.24,18.6,매우 안정
1078807919,춘천에너지주식회사,2015,도입기,0,30.9,89.44,0.0,49.85,4.83,22.66,16.9,매우 안정
1078807919,춘천에너지주식회사,2016,도입기,0,27.2,67.33,54.88,45.74,1.18,21.06,18.3,매우 안정
1078807919,춘천에너지주식회사,2017,도입기,0,43.7,69.01,53.96,61.71,7.51,30.95,26.4,매우 안정
1078807919,춘천에너지주식회사,2018,조정기,0,28.3,45.71,59.52,61.23,9.18,22.64,23.1,매우 안정
1078807919,춘천에너지주식회사,2019,조정기,1,34.0,70.0,64.49,50.27,91.28,84.94,73.7,매우 위험
1098100586,한영강재공업(주),2015,조정기,0,30.6,89.44,0.0,49.07,2.03,20.15,15.2,매우 안정
1098100586,한영강재공업(주),2016,쇠퇴기,0,100.0,67.33,54.88,94.21,1.07,23.14,35.3,안정
1098100586,한영강재공업(주),2017,쇠퇴기,0,100.0,69.01,53.96,,0.17,25.33,,매우 안정
1098100586,한영강재공업(주),2018,성숙기,0,3.3,45.71,59.52,100.0,0.88,21.85,15.5,매우 안정
1098100586,한영강재공업(주),2019,성숙기,0,0.0,70.0,64.49,95.1,0.49,11.66,15.6,매우 안정
1098118000,(주)세화엔스텍,2015,성숙기,0,8.0,89.44,0.0,45.03,0.03,18.73,9.3,매우 안정
1098118000,(주)세화엔스텍,2016,성숙기,0,3.7,67.33,54.88,37.89,0.13,23.95,12.8,매우 안정
1098118000,(주)세화엔스텍,2017,성숙기,0,9.9,69.01,53.96,53.76,5.37,30.09,18.0,매우 안정
1098118000,(주)세화엔스텍,2018,성숙기,0,3.3,45.71,59.52,50.51,0.1,17.05,12.3,매우 안정
1098118000,(주)세화엔스텍,2019,성숙기,0,0.0,70.0,64.49,60.28,0.05,11.97,13.6,매우 안정
1098118000,(주)세화엔스텍,2020,성숙기,0,0.0,100.0,87.2,65.99,0.07,11.13,17.6,매우 안정
1098118000,(주)세화엔스텍,2021,조정기,0,30.2,60.1,93.3,24.49,0.09,14.56,20.4,매우 안정
1098118000,(주)세화엔스텍,2022,조정기,0,27.0,0.0,97.61,31.4,7.8,31.09,22.6,매우 안정
1098118000,(주)세화엔스텍,2023,조정기,0,32.9,55.11,98.86,22.63,0.17,52.36,23.1,매우 안정
1098118000,(주)세화엔스텍,2024,조정기,0,19.7,68.67,100.0,29.43,1.04,39.04,21.4,매우 안정
1098131605,서울도시가스(주),2015,성숙기,0,8.0,89.44,0.0,48.91,1.79,18.94,10.4,매우 안정
1098131605,서울도시가스(주),2016,성숙기,0,3.7,67.33,54.88,42.08,0.37,22.77,13.0,매우 안정
1098131605,서울도시가스(주),2017,성숙기,0,9.9,69.01,53.96,56.95,1.77,27.11,16.0,매우 안정
1098131605,서울도시가스(주),2018,성숙기,0,3.3,45.71,59.52,57.94,3.28,22.51,14.7,매우 안정
1098131605,서울도시가스(주),2019,성숙기,0,0.0,70.0,64.49,61.95,0.41,9.41,13.7,매우 안정
1098131605,서울도시가스(주),2020,조정기,0,16.3,100.0,87.2,79.69,0.8,11.47,22.0,매우 안정
1098131605,서울도시가스(주),2021,조정기,0,30.2,60.1,93.3,37.0,1.91,15.58,22.1,매우 안정
1098131605,서울도시가스(주),2022,조정기,0,27.0,0.0,97.61,46.45,1.55,23.86,19.5,매우 안정
1098131605,서울도시가스(주),2023,성숙기,0,0.0,55.11,98.86,34.4,5.45,58.47,20.3,매우 안정
1098131605,서울도시가스(주),2024,성숙기,0,0.0,68.67,100.0,42.49,3.29,37.65,19.2,매우 안정
1098137588,주식회사상원이엔씨,2015,성숙기,0,8.0,89.44,0.0,47.19,0.15,18.92,9.5,매우 안정
1098137588,주식회사상원이엔씨,2016,성숙기,0,3.7,67.33,54.88,47.37,0.18,23.9,13.3,매우 안정
1098137588,주식회사상원이엔씨,2017,성숙기,0,9.9,69.01,53.96,61.43,3.11,28.3,17.0,매우 안정
1098137588,주식회사상원이엔씨,2018,성숙기,0,3.3,45.71,59.52,61.54,0.07,18.84,13.0,매우 안정
1098137588,주식회사상원이엔씨,2019,도입기,0,50.2,70.0,64.49,60.56,0.34,12.25,23.8,매우 안정
1098137588,주식회사상원이엔씨,2020,성장기,0,11.2,100.0,87.2,82.54,0.13,10.92,20.7,매우 안정
1098137588,주식회사상원이엔씨,2021,성장기,0,22.2,60.1,93.3,31.58,0.14,14.55,19.2,매우 안정
1098137588,주식회사상원이엔씨,2022,성장기,0,15.4,0.0,97.61,37.26,0.58,24.73,16.3,매우 안정
1098137588,주식회사상원이엔씨,2023,조정기,0,32.9,55.11,98.86,27.28,0.48,56.64,23.7,매우 안정
1098144279,서울엔이티(주),2015,성숙기,0,8.0,89.44,0.0,53.26,0.03,18.77,9.7,매우 안정
1098144279,서울엔이티(주),2016,성숙기,0,3.7,67.33,54.88,48.48,0.01,23.85,13.2,매우 안정
1098144279,서울엔이티(주),2017,성숙기,0,9.9,69.01,53.96,63.42,0.0,26.02,15.3,매우 안정
1098144279,서울엔이티(주),2018,성장기,0,0.0,45.71,59.52,62.37,0.1,21.37,12.5,매우 안정
1098144279,서울엔이티(주),2019,성장기,0,16.9,70.0,64.49,68.11,0.01,11.94,17.3,매우 안정
1098144279,서울엔이티(주),2020,성장기,0,11.2,100.0,87.2,83.45,0.02,11.12,20.7,매우 안정
1098144279,서울엔이티(주),2021,성숙기,0,0.0,60.1,93.3,36.89,0.02,14.55,14.9,매우 안정
1098144279,서울엔이티(주),2022,성숙기,0,0.0,0.0,97.61,45.9,0.06,24.39,13.3,매우 안정
1098144279,서울엔이티(주),2023,성숙기,0,0.0,55.11,98.86,33.67,0.07,56.74,17.2,매우 안정
1098144279,서울엔이티(주),2024,성숙기,0,0.0,68.67,100.0,41.69,0.38,38.63,17.7,매우 안정
1098150510,인천공항에너지(주),2015,성숙기,0,8.0,89.44,0.0,38.65,2.87,0.0,9.6,매우 안정
1098150510,인천공항에너지(주),2016,성숙기,0,3.7,67.33,54.88,41.16,1.27,22.65,13.5,매우 안정
1098150510,인천공항에너지(주),2017,성숙기,0,9.9,69.01,53.96,56.09,1.88,26.5,16.0,매우 안정
1098150510,인천공항에너지(주),2018,성숙기,0,3.3,45.71,59.52,57.94,1.61,21.07,13.7,매우 안정
1098150510,인천공항에너지(주),2019,성숙기,0,0.0,70.0,64.49,62.28,2.3,12.6,15.0,매우 안정
1098150510,인천공항에너지(주),2020,성숙기,0,0.0,100.0,87.2,82.91,0.26,9.26,18.5,매우 안정
1098150510,인천공항에너지(주),2021,성숙기,0,0.0,60.1,93.3,39.39,0.37,14.64,15.2,매우 안정
1098150510,인천공항에너지(주),2022,성숙기,0,0.0,0.0,97.61,49.41,8.3,31.25,18.4,매우 안정
1098150510,인천공항에너지(주),2023,조정기,0,32.9,55.11,98.86,36.79,48.78,75.38,51.7,위험
1098150510,인천공항에너지(주),2024,성숙기,0,0.0,68.67,100.0,45.76,18.71,24.15,27.2,매우 안정
1098172474,주식회사서남환경,2019,성숙기,0,0.0,70.0,64.49,64.56,0.02,12.02,13.8,매우 안정
1098172474,주식회사서남환경,2020,쇠퇴기,0,100.0,100.0,87.2,81.25,0.44,11.49,38.6,안정
1098172474,주식회사서남환경,2021,쇠퇴기,0,100.0,60.1,93.3,37.74,3.37,17.36,36.9,안정
1098184970,(주)럭키환경건설,2017,성장기,0,0.0,69.01,53.96,60.77,0.03,26.03,13.2,매우 안정
1098184970,(주)럭키환경건설,2018,성장기,0,0.0,45.71,59.52,60.57,0.04,21.29,12.4,매우 안정
1098184970,(주)럭키환경건설,2019,성장기,0,16.9,70.0,64.49,64.56,1.01,12.88,17.8,매우 안정
1098701762,파주에코에너지(주),2019,도입기,0,50.2,70.0,64.49,64.56,0.06,12.02,23.9,매우 안정
1098701762,파주에코에너지(주),2020,조정기,0,16.3,100.0,87.2,81.25,2.14,13.02,22.9,매우 안정
1098701762,파주에코에너지(주),2021,성숙기,0,0.0,60.1,93.3,37.74,0.03,12.4,14.9,매우 안정
1098701762,파주에코에너지(주),2022,성숙기,0,0.0,0.0,97.61,79.7,0.11,24.42,15.0,매우 안정
1098701762,파주에코에너지(주),2023,성숙기,0,0.0,55.11,98.86,58.04,0.75,57.04,18.8,매우 안정
1098701762,파주에코에너지(주),2024,성숙기,0,0.0,68.67,100.0,86.57,0.55,38.37,20.0,매우 안정
1108154587,삼성베올리아인천환경주식회사,2015,성숙기,0,8.0,89.44,0.0,50.2,0.03,18.7,9.5,매우 안정
1108154587,삼성베올리아인천환경주식회사,2016,성숙기,0,3.7,67.33,54.88,46.61,0.03,23.87,13.1,매우 안정
1108154587,삼성베올리아인천환경주식회사,2017,성숙기,0,9.9,69.01,53.96,61.3,0.03,26.03,15.2,매우 안정
1108154587,삼성베올리아인천환경주식회사,2018,조정기,0,28.3,45.71,59.52,60.58,0.02,21.28,18.0,매우 안정
1108154587,삼성베올리아인천환경주식회사,2019,성숙기,0,0.0,70.0,64.49,64.31,0.03,12.03,13.8,매우 안정
1108154587,삼성베올리아인천환경주식회사,2020,조정기,0,16.3,100.0,87.2,80.01,0.12,11.19,21.6,매우 안정
1108154587,삼성베올리아인천환경주식회사,2021,성숙기,0,0.0,60.1,93.3,36.72,0.02,14.44,14.9,매우 안정
1108154587,삼성베올리아인천환경주식회사,2022,성숙기,0,0.0,0.0,97.61,45.05,0.07,24.4,13.3,매우 안정
1108154587,삼성베올리아인천환경주식회사,2023,성숙기,0,0.0,55.11,98.86,33.1,0.0,56.7,17.1,매우 안정
1108154587,삼성베올리아인천환경주식회사,2024,성숙기,0,0.0,68.67,100.0,40.63,0.06,38.44,17.4,매우 안정
1108158870,베올리아워터자원개발주식회사,2015,성숙기,0,8.0,89.44,0.0,55.74,0.59,19.18,10.1,매우 안정
1108158870,베올리아워터자원개발주식회사,2016,성숙기,0,3.7,67.33,54.88,37.31,0.85,24.09,13.1,매우 안정
1108158870,베올리아워터자원개발주식회사,2017,성숙기,0,9.9,69.01,53.96,53.65,0.22,25.54,14.9,매우 안정
1108158870,베올리아워터자원개발주식회사,2018,성숙기,0,3.3,45.71,59.52,55.21,0.22,21.28,12.8,매우 안정
1108158870,베올리아워터자원개발주식회사,2019,성숙기,0,0.0,70.0,64.49,59.48,0.09,11.9,13.6,매우 안정
1108158870,베올리아워터자원개발주식회사,2020,성숙기,0,0.0,100.0,87.2,76.77,0.08,11.1,18.2,매우 안정
1108158870,베올리아워터자원개발주식회사,2021,성숙기,0,0.0,60.1,93.3,34.42,0.07,14.54,14.8,매우 안정
1108158870,베올리아워터자원개발주식회사,2022,성숙기,0,0.0,0.0,97.61,44.92,0.06,24.34,13.3,매우 안정
1108158870,베올리아워터자원개발주식회사,2023,성숙기,0,0.0,55.11,98.86,33.04,0.07,56.74,17.2,매우 안정
1108158870,베올리아워터자원개발주식회사,2024,성숙기,0,0.0,68.67,100.0,40.34,0.11,38.44,17.4,매우 안정
1108180009,보은물길관리주식회사,2015,성숙기,0,8.0,89.44,0.0,50.04,0.38,18.82,9.7,매우 안정
1108180009,보은물길관리주식회사,2016,성숙기,0,3.7,67.33,54.88,44.06,0.38,23.88,13.2,매우 안정
1108180009,보은물길관리주식회사,2017,성숙기,0,9.9,69.01,53.96,58.85,0.23,25.91,15.2,매우 안정
1108180009,보은물길관리주식회사,2018,성숙기,0,3.3,45.71,59.52,59.19,0.35,21.38,13.1,매우 안정
1108180009,보은물길관리주식회사,2019,성숙기,0,0.0,70.0,64.49,62.94,0.29,11.95,13.9,매우 안정
1108180009,보은물길관리주식회사,2020,성숙기,0,0.0,100.0,87.2,79.65,0.44,11.25,18.5,매우 안정
1108180009,보은물길관리주식회사,2021,성숙기,0,0.0,60.1,93.3,37.31,0.28,14.37,15.1,매우 안정
1128134194,태성기초산업(주),2022,성장기,0,15.4,0.0,97.61,47.02,0.45,24.35,16.7,매우 안정
1128134194,태성기초산업(주),2023,조정기,0,32.9,55.11,98.86,34.73,1.21,57.06,24.5,매우 안정
1128134194,태성기초산업(주),2024,성장기,0,27.8,68.67,100.0,42.62,5.39,41.53,26.2,매우 안정
1138104145,(주)귀뚜라미에너지,2015,조정기,0,30.6,89.44,0.0,48.8,0.22,18.85,14.1,매우 안정
1138104145,(주)귀뚜라미에너지,2016,조정기,0,25.4,67.33,54.88,44.12,0.07,23.76,17.4,매우 안정
1138104145,(주)귀뚜라미에너지,2017,성숙기,0,9.9,69.01,53.96,58.71,0.14,26.08,15.1,매우 안정
1138104145,(주)귀뚜라미에너지,2018,성숙기,0,3.3,45.71,59.52,59.27,0.16,21.3,13.0,매우 안정
1138104145,(주)귀뚜라미에너지,2019,성장기,0,16.9,70.0,64.49,62.97,0.12,11.98,17.1,매우 안정
1138104145,(주)귀뚜라미에너지,2020,성장기,0,11.2,100.0,87.2,79.88,0.07,11.06,20.5,매우 안정
1138104145,(주)귀뚜라미에너지,2021,성장기,0,22.2,60.1,93.3,36.81,0.05,14.53,19.4,매우 안정
1138104145,(주)귀뚜라미에너지,2022,성장기,0,15.4,0.0,97.61,45.84,0.05,24.35,16.4,매우 안정
1138104145,(주)귀뚜라미에너지,2023,성숙기,0,0.0,55.11,98.86,33.9,0.13,56.77,17.2,매우 안정
1138104145,(주)귀뚜라미에너지,2024,성숙기,0,0.0,68.67,100.0,41.77,0.38,38.6,17.7,매우 안정
1138652114,주식회사케이앤에이치솔라,2015,성숙기,0,8.0,89.44,0.0,75.92,0.26,18.41,10.9,매우 안정
1138652114,주식회사케이앤에이치솔라,2016,성숙기,0,3.7,67.33,54.88,34.4,0.32,23.93,12.7,매우 안정
1138652114,주식회사케이앤에이치솔라,2017,성숙기,0,9.9,69.01,53.96,48.5,0.06,25.83,14.6,매우 안정
1138652114,주식회사케이앤에이치솔라,2018,성숙기,0,3.3,45.71,59.52,47.95,0.05,21.28,12.4,매우 안정
1138652114,주식회사케이앤에이치솔라,2019,성숙기,0,0.0,70.0,64.49,60.87,0.36,12.29,13.8,매우 안정
1138652114,주식회사케이앤에이치솔라,2020,성숙기,0,0.0,100.0,87.2,82.82,5.7,16.02,21.8,매우 안정
1138652114,주식회사케이앤에이치솔라,2021,성숙기,0,0.0,60.1,93.3,38.7,0.14,8.9,14.8,매우 안정
1138659723,큐원솔라주식회사,2015,성숙기,0,8.0,89.44,0.0,49.85,0.57,15.69,9.7,매우 안정
1138659723,큐원솔라주식회사,2016,성숙기,0,3.7,67.33,54.88,35.48,5.49,27.81,15.8,매우 안정
1138659723,큐원솔라주식회사,2017,성숙기,0,9.9,69.01,53.96,54.1,0.13,21.87,14.7,매우 안정
1138659723,큐원솔라주식회사,2018,성숙기,0,3.3,45.71,59.52,51.21,0.1,21.26,12.6,매우 안정
1138659723,큐원솔라주식회사,2019,성숙기,0,0.0,70.0,64.49,61.26,0.19,12.1,13.7,매우 안정
1138659723,큐원솔라주식회사,2020,성숙기,0,0.0,100.0,87.2,81.16,0.26,11.17,18.5,매우 안정
1138659723,큐원솔라주식회사,2021,성숙기,0,0.0,60.1,93.3,38.51,0.18,14.45,15.1,매우 안정
1138659723,큐원솔라주식회사,2022,성숙기,0,0.0,0.0,97.61,47.47,0.48,24.61,13.6,매우 안정
1138659723,큐원솔라주식회사,2023,성숙기,0,0.0,55.11,98.86,35.12,0.08,56.5,17.3,매우 안정
1138670562,베스트솔라에너지주식회사,2015,성숙기,0,8.0,89.44,0.0,49.85,0.13,18.88,9.6,매우 안정
1138670562,베스트솔라에너지주식회사,2016,조정기,0,25.4,67.33,54.88,45.74,0.12,23.86,17.5,매우 안정
1138670562,베스트솔라에너지주식회사,2017,성숙기,0,9.9,69.01,53.96,60.05,0.07,25.99,15.2,매우 안정
1138670562,베스트솔라에너지주식회사,2018,성장기,0,0.0,45.71,59.52,60.0,5.41,25.58,15.5,매우 안정
1138670562,베스트솔라에너지주식회사,2019,성숙기,0,0.0,70.0,64.49,68.09,0.23,7.32,13.8,매우 안정
1138670562,베스트솔라에너지주식회사,2020,성숙기,0,0.0,100.0,87.2,52.49,0.13,11.02,17.0,매우 안정
1138670562,베스트솔라에너지주식회사,2021,성숙기,0,0.0,60.1,93.3,29.35,0.04,14.45,14.5,매우 안정
1138670562,베스트솔라에너지주식회사,2022,성숙기,0,0.0,0.0,97.61,34.96,0.22,24.51,12.9,매우 안정
1138670562,베스트솔라에너지주식회사,2023,성숙기,0,0.0,55.11,98.86,25.64,0.04,56.63,16.8,매우 안정
1138670562,베스트솔라에너지주식회사,2024,성숙기,0,0.0,68.67,100.0,33.1,0.13,38.47,17.1,매우 안정
1138675494,주식회사카이로스에너지,2015,성장기,0,0.0,89.44,0.0,49.85,0.08,18.8,7.9,매우 안정
1138675494,주식회사카이로스에너지,2016,성숙기,0,3.7,67.33,54.88,45.74,13.66,34.69,21.1,매우 안정
1138675494,주식회사카이로스에너지,2017,도입기,1,43.7,69.01,53.96,60.77,94.97,89.15,77.3,매우 위험
1148662750,푸른안성지키미(주),2015,도입기,0,30.9,89.44,0.0,50.13,15.51,27.61,23.1,매우 안정
1148711321,주식회사에팩,2015,도입기,0,30.9,89.44,0.0,49.85,0.24,18.8,14.2,매우 안정
1148711321,주식회사에팩,2016,성장기,0,0.0,67.33,54.88,,9.95,31.61,,매우 안정
1148711321,주식회사에팩,2017,성숙기,1,9.9,69.01,53.96,60.77,90.59,88.63,68.1,매우 위험
1148719420,주식회사그린나래에너지,2015,성장기,0,0.0,89.44,0.0,49.85,0.08,18.8,7.9,매우 안정
1148719420,주식회사그린나래에너지,2016,도입기,0,27.2,67.33,54.88,,5.0,27.79,,매우 안정
1148719420,주식회사그린나래에너지,2017,성장기,1,0.0,69.01,53.96,60.77,97.06,97.49,70.1,매우 위험
1168100755,(주)삼천리,2015,도입기,0,30.9,89.44,0.0,48.51,0.41,18.32,14.2,매우 안정
1168100755,(주)삼천리,2016,성숙기,0,3.7,67.33,54.88,45.68,0.41,23.88,13.3,매우 안정
1168100755,(주)삼천리,2017,성숙기,0,9.9,69.01,53.96,59.69,0.94,26.44,15.7,매우 안정
1168100755,(주)삼천리,2018,성숙기,0,3.3,45.71,59.52,59.99,0.37,20.83,13.1,매우 안정
1168100755,(주)삼천리,2019,성숙기,0,0.0,70.0,64.49,63.61,0.15,11.82,13.8,매우 안정
1168100755,(주)삼천리,2020,성숙기,0,0.0,100.0,87.2,80.79,0.23,11.18,18.4,매우 안정
1168100755,(주)삼천리,2021,성숙기,0,0.0,60.1,93.3,38.05,0.16,14.46,15.0,매우 안정
1168100755,(주)삼천리,2022,성장기,0,15.4,0.0,97.61,49.22,0.06,24.25,16.5,매우 안정
1168100755,(주)삼천리,2023,성숙기,0,0.0,55.11,98.86,36.57,0.14,56.77,17.4,매우 안정
1168100755,(주)삼천리,2024,성숙기,0,0.0,68.67,100.0,45.34,0.27,38.51,17.8,매우 안정
1168171167,에스케이이엔에스(주),2015,성장기,0,0.0,89.44,0.0,46.08,0.06,18.82,7.8,매우 안정
1168171167,에스케이이엔에스(주),2016,성장기,0,0.0,67.33,54.88,42.66,0.21,23.99,12.3,매우 안정
1168171167,에스케이이엔에스(주),2017,성장기,0,0.0,69.01,53.96,57.5,0.08,25.93,13.1,매우 안정
1168171167,에스케이이엔에스(주),2018,성장기,0,0.0,45.71,59.52,59.94,0.03,21.24,12.3,매우 안정
1168171167,에스케이이엔에스(주),2019,성숙기,0,0.0,70.0,64.49,62.8,0.04,12.03,13.7,매우 안정
1168171167,에스케이이엔에스(주),2020,성숙기,0,0.0,100.0,87.2,81.39,0.04,11.11,18.4,매우 안정
1168171167,에스케이이엔에스(주),2021,성장기,0,22.2,60.1,93.3,39.46,0.07,14.58,19.5,매우 안정
1168171167,에스케이이엔에스(주),2022,성장기,0,15.4,0.0,97.61,52.46,0.11,24.38,16.7,매우 안정
1168171167,에스케이이엔에스(주),2023,성장기,0,27.2,55.11,98.86,38.89,0.1,56.73,22.9,매우 안정
1178600525,(주)넥스포쏠라,2021,성숙기,0,0.0,60.1,93.3,37.74,0.21,14.55,15.1,매우 안정
1178600525,(주)넥스포쏠라,2022,성숙기,0,0.0,0.0,97.61,47.02,0.5,24.58,13.6,매우 안정
1178600525,(주)넥스포쏠라,2023,성숙기,0,0.0,55.11,98.86,34.73,0.14,56.52,17.3,매우 안정
1178600525,(주)넥스포쏠라,2024,성숙기,0,0.0,68.67,100.0,42.38,1.01,39.04,18.1,매우 안정
1198181214,엔텍월드(주),2016,도입기,0,27.2,67.33,54.88,45.74,0.05,23.87,17.8,매우 안정
1198181214,엔텍월드(주),2017,성장기,0,0.0,69.01,53.96,60.77,0.1,26.07,13.2,매우 안정
1198181214,엔텍월드(주),2018,쇠퇴기,0,100.0,45.71,59.52,60.57,1.09,22.08,33.0,안정
1198181214,엔텍월드(주),2019,도입기,0,50.2,70.0,64.49,74.56,0.23,11.23,24.4,매우 안정
1198181214,엔텍월드(주),2020,성숙기,0,0.0,100.0,87.2,77.84,0.04,10.94,18.2,매우 안정
1198181214,엔텍월드(주),2021,성숙기,0,0.0,60.1,93.3,33.54,0.06,14.57,14.8,매우 안정
1198181214,엔텍월드(주),2022,성숙기,0,0.0,0.0,97.61,49.52,0.05,24.34,13.5,매우 안정
1198181214,엔텍월드(주),2023,성장기,0,27.2,55.11,98.86,36.02,0.14,56.78,22.8,매우 안정
1198181214,엔텍월드(주),2024,성장기,0,27.8,68.67,100.0,45.17,0.34,38.56,23.4,매우 안정
1198693904,제1호서울시민햇빛발전소주식회사,2015,도입기,0,30.9,89.44,0.0,49.85,0.21,18.8,14.2,매우 안정
1198693904,제1호서울시민햇빛발전소주식회사,2016,성숙기,0,3.7,67.33,54.88,45.74,17.66,37.78,23.5,매우 안정
1198693904,제1호서울시민햇빛발전소주식회사,2017,성숙기,1,9.9,69.01,53.96,60.77,99.98,89.94,73.4,매우 위험
1208114525,코원에너지서비스(주),2015,성장기,0,0.0,89.44,0.0,50.11,1.12,18.9,8.5,매우 안정
1208114525,코원에너지서비스(주),2016,성숙기,0,3.7,67.33,54.88,44.45,0.14,23.11,13.0,매우 안정
1208114525,코원에너지서비스(주),2017,성숙기,0,9.9,69.01,53.96,59.02,0.4,26.23,15.3,매우 안정
1208114525,코원에너지서비스(주),2018,성숙기,0,3.3,45.71,59.52,59.65,0.34,21.24,13.1,매우 안정
1208114525,코원에너지서비스(주),2019,성숙기,0,0.0,70.0,64.49,62.85,0.05,11.75,13.7,매우 안정
1208114525,코원에너지서비스(주),2020,성숙기,0,0.0,100.0,87.2,79.76,0.21,11.26,18.4,매우 안정
1208114525,코원에너지서비스(주),2021,성숙기,0,0.0,60.1,93.3,37.08,0.11,14.43,15.0,매우 안정
1208114525,코원에너지서비스(주),2022,성숙기,0,0.0,0.0,97.61,47.15,0.11,24.35,13.4,매우 안정
1208114525,코원에너지서비스(주),2023,성숙기,0,0.0,55.11,98.86,34.96,0.21,56.78,17.3,매우 안정
1208114525,코원에너지서비스(주),2024,조정기,0,19.7,68.67,100.0,43.17,0.07,38.33,21.5,매우 안정
1208150521,덕은인터라인정유(주),2015,쇠퇴기,1,100.0,89.44,0.0,48.26,89.15,89.63,80.4,매우 위험
1208200557,한국가스공사(주),2015,성장기,0,0.0,89.44,0.0,47.34,0.79,17.1,8.1,매우 안정
1208200557,한국가스공사(주),2016,성숙기,0,3.7,67.33,54.88,40.2,4.9,27.16,15.7,매우 안정
1208200557,한국가스공사(주),2017,성숙기,0,9.9,69.01,53.96,55.29,8.09,28.51,19.5,매우 안정
1208200557,한국가스공사(주),2018,성숙기,0,3.3,45.71,59.52,56.5,0.88,15.49,13.0,매우 안정
1208200557,한국가스공사(주),2019,성숙기,0,0.0,70.0,64.49,59.04,0.68,11.83,13.9,매우 안정
1208200557,한국가스공사(주),2020,성숙기,0,0.0,100.0,87.2,79.34,1.32,11.7,19.0,매우 안정
1208200557,한국가스공사(주),2021,성숙기,0,0.0,60.1,93.3,38.11,0.41,13.6,15.1,매우 안정
1208200557,한국가스공사(주),2022,도입기,0,56.5,0.0,97.61,51.8,0.44,24.35,25.1,매우 안정
1208200557,한국가스공사(주),2023,도입기,0,89.8,55.11,98.86,38.72,2.93,57.89,37.0,안정
1208200557,한국가스공사(주),2024,성숙기,0,0.0,68.67,100.0,48.46,0.79,37.31,18.2,매우 안정
1208618943,한국수력원자력주식회사,2015,성숙기,0,8.0,89.44,0.0,52.01,0.06,18.52,9.6,매우 안정
1208618943,한국수력원자력주식회사,2016,성숙기,0,3.7,67.33,54.88,46.91,0.1,23.9,13.2,매우 안정
1208618943,한국수력원자력주식회사,2017,성숙기,0,9.9,69.01,53.96,61.08,0.53,26.37,15.5,매우 안정
1208618943,한국수력원자력주식회사,2018,성숙기,0,3.3,45.71,59.52,58.99,2.07,22.52,14.1,매우 안정
1208618943,한국수력원자력주식회사,2019,성장기,0,16.9,70.0,64.49,64.98,0.68,10.74,17.5,매우 안정
1208618943,한국수력원자력주식회사,2020,성장기,0,11.2,100.0,87.2,81.54,0.66,11.1,21.0,매우 안정
1208618943,한국수력원자력주식회사,2021,성장기,0,22.2,60.1,93.3,36.62,0.93,14.77,19.9,매우 안정
1208618943,한국수력원자력주식회사,2022,성장기,0,15.4,0.0,97.61,44.46,2.7,25.82,17.8,매우 안정
1208618943,한국수력원자력주식회사,2023,성장기,0,27.2,55.11,98.86,32.73,4.64,57.42,25.1,매우 안정
1208618943,한국수력원자력주식회사,2024,성장기,0,27.8,68.67,100.0,40.38,0.74,36.31,23.2,매우 안정
1208619151,한국남동발전주식회사,2015,성장기,0,0.0,89.44,0.0,48.44,0.16,18.74,7.9,매우 안정
1208619151,한국남동발전주식회사,2016,성숙기,0,3.7,67.33,54.88,49.18,0.1,23.83,13.3,매우 안정
1208619151,한국남동발전주식회사,2017,성숙기,0,9.9,69.01,53.96,63.4,0.66,26.46,15.7,매우 안정
1208619151,한국남동발전주식회사,2018,성장기,0,0.0,45.71,59.52,62.69,0.55,21.2,12.7,매우 안정
1208619151,한국남동발전주식회사,2019,성장기,0,16.9,70.0,64.49,66.09,0.71,12.15,17.6,매우 안정
1208619151,한국남동발전주식회사,2020,성장기,0,11.2,100.0,87.2,82.68,5.37,15.4,23.8,매우 안정
1208619151,한국남동발전주식회사,2021,성장기,0,22.2,60.1,93.3,40.37,7.31,16.15,23.6,매우 안정
1208619151,한국남동발전주식회사,2022,성장기,0,15.4,0.0,97.61,51.97,3.54,20.38,18.4,매우 안정
1208619151,한국남동발전주식회사,2023,성숙기,0,0.0,55.11,98.86,38.75,1.18,55.28,18.0,매우 안정
1208619151,한국남동발전주식회사,2024,성숙기,0,0.0,68.67,100.0,48.36,0.44,38.04,18.0,매우 안정
1208619165,한국남부발전주식회사,2015,성장기,0,0.0,89.44,0.0,46.94,0.3,18.25,7.9,매우 안정
1208619165,한국남부발전주식회사,2016,성장기,0,0.0,67.33,54.88,41.46,0.11,23.72,12.2,매우 안정
1208619165,한국남부발전주식회사,2017,성장기,0,0.0,69.01,53.96,57.24,1.1,26.8,13.7,매우 안정
1208619165,한국남부발전주식회사,2018,성숙기,0,3.3,45.71,59.52,58.17,0.12,20.5,12.9,매우 안정
1208619165,한국남부발전주식회사,2019,성숙기,0,0.0,70.0,64.49,58.38,1.12,12.9,14.1,매우 안정
1208619165,한국남부발전주식회사,2020,성장기,0,11.2,100.0,87.2,80.51,3.66,13.45,22.7,매우 안정
1208619165,한국남부발전주식회사,2021,성장기,1,22.2,60.1,93.3,39.36,79.11,87.23,66.6,매우 위험
1208619170,한국중부발전주식회사,2015,성장기,0,0.0,89.44,0.0,48.79,0.24,18.85,8.0,매우 안정
1208619170,한국중부발전주식회사,2016,성장기,0,0.0,67.33,54.88,43.7,0.3,23.93,12.4,매우 안정
1208619170,한국중부발전주식회사,2017,성장기,0,0.0,69.01,53.96,58.92,0.8,26.41,13.6,매우 안정
1208619170,한국중부발전주식회사,2018,성장기,0,0.0,45.71,59.52,59.83,1.48,21.84,13.1,매우 안정
1208619170,한국중부발전주식회사,2019,성장기,0,16.9,70.0,64.49,63.25,7.09,16.99,21.2,매우 안정
1208619170,한국중부발전주식회사,2020,성장기,1,11.2,100.0,87.2,80.02,70.22,69.24,62.0,매우 위험
1208619199,한국동서발전주식회사,2015,성장기,0,0.0,89.44,0.0,44.73,0.07,18.61,7.7,매우 안정
1208619199,한국동서발전주식회사,2016,성숙기,0,3.7,67.33,54.88,45.58,0.17,23.95,13.2,매우 안정
1208619199,한국동서발전주식회사,2017,성숙기,0,9.9,69.01,53.96,60.78,0.66,26.41,15.5,매우 안정
1208619199,한국동서발전주식회사,2018,성숙기,0,3.3,45.71,59.52,61.09,1.53,21.99,13.9,매우 안정
1208619199,한국동서발전주식회사,2019,성숙기,0,0.0,70.0,64.49,64.11,0.41,11.0,13.9,매우 안정
1208619199,한국동서발전주식회사,2020,성장기,0,11.2,100.0,87.2,81.35,4.36,14.74,23.2,매우 안정
1208619199,한국동서발전주식회사,2021,성장기,0,22.2,60.1,93.3,39.05,5.46,15.4,22.5,매우 안정
1208619199,한국동서발전주식회사,2022,성장기,1,15.4,0.0,97.61,49.84,5.85,24.18,19.8,매우 안정
1208619205,한국서부발전주식회사,2015,성장기,0,0.0,89.44,0.0,46.67,0.18,18.53,7.8,매우 안정
1208619205,한국서부발전주식회사,2016,성장기,0,0.0,67.33,54.88,45.46,0.15,23.85,12.4,매우 안정
1208619205,한국서부발전주식회사,2017,성숙기,0,9.9,69.01,53.96,60.55,0.72,26.47,15.6,매우 안정
1208619205,한국서부발전주식회사,2018,성숙기,0,3.3,45.71,59.52,60.51,3.16,23.25,14.8,매우 안정
1208619205,한국서부발전주식회사,2019,성숙기,0,0.0,70.0,64.49,62.13,3.79,12.53,15.8,매우 안정
1208619205,한국서부발전주식회사,2020,성장기,0,11.2,100.0,87.2,81.43,3.14,10.54,22.3,매우 안정
1208619205,한국서부발전주식회사,2021,성장기,1,22.2,60.1,93.3,39.31,87.26,95.62,71.5,매우 위험
1208641347,(주)수서에너지,2015,성숙기,0,8.0,89.44,0.0,49.0,8.48,26.44,14.5,매우 안정
1208641347,(주)수서에너지,2016,쇠퇴기,0,100.0,67.33,54.88,39.65,5.16,21.4,34.7,안정
1208641347,(주)수서에너지,2017,성장기,1,0.0,69.01,53.96,56.88,62.76,70.74,49.7,중립
1208709441,한신에너지,2015,성숙기,0,8.0,89.44,0.0,48.42,4.57,22.35,12.1,매우 안정
1208709441,한신에너지,2016,성장기,0,0.0,67.33,54.88,41.49,16.4,33.39,21.6,매우 안정
1208709441,한신에너지,2017,성숙기,1,9.9,69.01,53.96,57.36,97.11,88.68,71.5,매우 위험
1208721130,용인맑은물사랑(주),2015,성숙기,0,8.0,89.44,0.0,34.06,0.18,18.07,8.8,매우 안정
1208721130,용인맑은물사랑(주),2016,성숙기,0,3.7,67.33,54.88,40.15,0.41,24.06,13.0,매우 안정
1208721130,용인맑은물사랑(주),2017,성숙기,0,9.9,69.01,53.96,54.36,0.19,25.86,14.9,매우 안정
1208721130,용인맑은물사랑(주),2018,성숙기,0,3.3,45.71,59.52,54.08,0.03,21.15,12.7,매우 안정
1208721130,용인맑은물사랑(주),2019,조정기,0,34.0,70.0,64.49,58.66,0.15,12.13,20.4,매우 안정
1208721130,용인맑은물사랑(주),2020,조정기,0,16.3,100.0,87.2,78.88,0.31,11.26,21.7,매우 안정
1208721130,용인맑은물사랑(주),2021,조정기,0,30.2,60.1,93.3,36.59,0.12,14.34,21.0,매우 안정
1208721130,용인맑은물사랑(주),2022,성숙기,0,0.0,0.0,97.61,45.94,0.18,24.4,13.4,매우 안정
1208721130,용인맑은물사랑(주),2023,성숙기,0,0.0,55.11,98.86,33.77,0.1,56.69,17.2,매우 안정
1208721130,용인맑은물사랑(주),2024,조정기,0,19.7,68.67,100.0,41.57,0.65,38.81,21.8,매우 안정
1208723235,주식회사수망풍력,2018,도입기,0,47.7,45.71,59.52,60.57,0.02,21.28,21.9,매우 안정
1208723235,주식회사수망풍력,2019,도입기,0,50.2,70.0,64.49,64.56,2.19,13.95,25.1,매우 안정
1208723235,주식회사수망풍력,2020,도입기,1,71.5,100.0,87.2,81.25,98.8,100.0,91.4,매우 위험
1208732210,(주)유진에코씨엘,2015,성숙기,0,8.0,89.44,0.0,49.85,0.28,18.86,9.7,매우 안정
1208732210,(주)유진에코씨엘,2016,성숙기,0,3.7,67.33,54.88,29.94,0.44,24.01,12.5,매우 안정
1208732210,(주)유진에코씨엘,2017,성숙기,0,9.9,69.01,53.96,50.64,0.37,25.97,14.9,매우 안정
1208732210,(주)유진에코씨엘,2018,도입기,0,47.7,45.71,59.52,44.63,6.39,26.13,24.8,매우 안정
1208732210,(주)유진에코씨엘,2019,조정기,0,34.0,70.0,64.49,68.55,8.97,14.21,25.8,매우 안정
1208749574,(주)찌레본파워홀딩스,2015,쇠퇴기,0,100.0,89.44,0.0,50.13,1.72,18.74,28.9,매우 안정
1208749574,(주)찌레본파워홀딩스,2016,조정기,0,25.4,67.33,54.88,47.65,0.32,22.79,17.6,매우 안정
1208749574,(주)찌레본파워홀딩스,2017,쇠퇴기,0,100.0,69.01,53.96,62.18,0.45,26.13,33.5,안정
1208749574,(주)찌레본파워홀딩스,2018,성숙기,0,3.3,45.71,59.52,61.55,0.0,20.92,13.0,매우 안정
1208749574,(주)찌레본파워홀딩스,2019,조정기,0,34.0,70.0,64.49,65.16,0.03,12.04,20.6,매우 안정
1208749574,(주)찌레본파워홀딩스,2020,성숙기,0,0.0,100.0,87.2,77.49,0.05,11.13,18.2,매우 안정
1208749574,(주)찌레본파워홀딩스,2021,조정기,0,30.2,60.1,93.3,36.26,0.01,14.5,20.9,매우 안정
1208749574,(주)찌레본파워홀딩스,2022,조정기,0,27.0,0.0,97.61,45.11,0.05,24.39,18.7,매우 안정
1208749574,(주)찌레본파워홀딩스,2023,조정기,0,32.9,55.11,98.86,33.34,0.01,56.72,23.7,매우 안정
1208749574,(주)찌레본파워홀딩스,2024,조정기,0,19.7,68.67,100.0,42.85,0.33,38.62,21.6,매우 안정
1208781730,주식회사포레스트앤리에너지,2015,성장기,0,0.0,89.44,0.0,49.85,1.56,13.62,8.5,매우 안정
1208781730,주식회사포레스트앤리에너지,2016,성장기,0,0.0,67.33,54.88,45.74,2.47,24.63,13.7,매우 안정
1208781730,주식회사포레스트앤리에너지,2017,성숙기,0,9.9,69.01,53.96,61.14,0.35,24.39,15.3,매우 안정
1208781730,주식회사포레스트앤리에너지,2018,성숙기,0,3.3,45.71,59.52,60.91,0.62,21.5,13.4,매우 안정
1208781730,주식회사포레스트앤리에너지,2019,성숙기,0,0.0,70.0,64.49,64.74,0.95,12.3,14.3,매우 안정
1208781730,주식회사포레스트앤리에너지,2020,조정기,0,16.3,100.0,87.2,81.2,0.71,10.89,22.0,매우 안정
1208781730,주식회사포레스트앤리에너지,2021,성숙기,0,0.0,60.1,93.3,38.23,0.45,14.26,15.2,매우 안정
1208781730,주식회사포레스트앤리에너지,2022,성숙기,0,0.0,0.0,97.61,48.96,0.69,24.52,13.8,매우 안정
1208781730,주식회사포레스트앤리에너지,2023,성숙기,0,0.0,55.11,98.86,36.23,0.07,56.38,17.3,매우 안정
1208781730,주식회사포레스트앤리에너지,2024,성숙기,0,0.0,68.67,100.0,44.97,0.54,38.74,17.9,매우 안정
1208791451,한국해상풍력주식회사,2017,도입기,0,43.7,69.01,53.96,60.77,0.16,26.03,22.0,매우 안정
1208791451,한국해상풍력주식회사,2018,도입기,0,47.7,45.71,59.52,60.57,0.74,21.75,22.3,매우 안정
1208791451,한국해상풍력주식회사,2019,도입기,0,50.2,70.0,64.49,64.56,3.58,14.53,25.9,매우 안정
1208791451,한국해상풍력주식회사,2020,도입기,1,71.5,100.0,87.2,81.25,69.51,71.79,73.9,매우 위험
1218113500,대신철강주식회사,2015,쇠퇴기,1,100.0,89.44,0.0,43.27,91.26,91.44,81.4,매우 위험
1218119940,(주)고려환경,2021,도입기,0,72.6,60.1,93.3,37.74,0.11,14.55,29.5,매우 안정
1218119940,(주)고려환경,2022,성장기,0,15.4,0.0,97.61,47.02,31.5,51.79,35.1,안정
1218119940,(주)고려환경,2023,도입기,0,89.8,55.11,98.86,34.73,0.37,38.9,34.5,안정
1218119940,(주)고려환경,2024,조정기,0,19.7,68.67,100.0,43.79,1.61,39.33,22.4,매우 안정
1218132017,(주)한강건설환경,2020,성장기,0,11.2,100.0,87.2,81.25,0.06,11.11,20.6,매우 안정
1218132017,(주)한강건설환경,2021,성숙기,0,0.0,60.1,93.3,37.74,0.06,14.55,15.0,매우 안정
1218132017,(주)한강건설환경,2022,조정기,0,27.0,0.0,97.61,47.02,0.65,24.86,19.1,매우 안정
1218132017,(주)한강건설환경,2023,성숙기,0,0.0,55.11,98.86,34.06,5.31,58.91,20.2,매우 안정
1218132017,(주)한강건설환경,2024,조정기,0,19.7,68.67,100.0,41.98,1.86,36.73,22.3,매우 안정
1218168849,한신에스앤드(주),2015,성장기,1,0.0,89.44,0.0,45.1,60.68,70.73,43.6,중립
1218182555,(주)한강이앰피,2016,성숙기,0,3.7,67.33,54.88,45.74,0.03,23.87,13.1,매우 안정
1218182555,(주)한강이앰피,2017,성숙기,0,9.9,69.01,53.96,60.77,0.06,26.05,15.2,매우 안정
1218182555,(주)한강이앰피,2018,성장기,0,0.0,45.71,59.52,62.9,0.1,21.32,12.5,매우 안정
1218182555,(주)한강이앰피,2019,성장기,0,16.9,70.0,64.49,70.41,0.01,11.94,17.5,매우 안정
1218182555,(주)한강이앰피,2020,성장기,0,11.2,100.0,87.2,91.01,0.11,11.2,21.1,매우 안정
1218182555,(주)한강이앰피,2021,성장기,0,22.2,60.1,93.3,45.74,0.06,14.49,19.8,매우 안정
1218182555,(주)한강이앰피,2022,성장기,0,15.4,0.0,97.61,49.82,0.15,24.43,16.6,매우 안정
1218182555,(주)한강이앰피,2023,성장기,0,27.2,55.11,98.86,36.39,0.32,56.81,22.9,매우 안정
1218182555,(주)한강이앰피,2024,성장기,0,27.8,68.67,100.0,44.91,4.1,41.11,25.5,매우 안정
1218192238,영종이피주식회사,2015,쇠퇴기,0,100.0,89.44,0.0,50.13,1.47,18.65,28.7,매우 안정
1218194935,한국기초소재(주),2015,성숙기,0,8.0,89.44,0.0,45.36,0.02,18.71,9.3,매우 안정
1218194935,한국기초소재(주),2016,성숙기,0,3.7,67.33,54.88,49.92,0.09,23.93,13.3,매우 안정
1218194935,한국기초소재(주),2017,성숙기,0,9.9,69.01,53.96,65.04,0.13,26.06,15.5,매우 안정
1218194935,한국기초소재(주),2018,성숙기,0,3.3,45.71,59.52,63.37,0.03,21.2,13.1,매우 안정
1218194935,한국기초소재(주),2019,성숙기,0,0.0,70.0,64.49,67.65,0.02,12.01,13.9,매우 안정
1218194935,한국기초소재(주),2020,성숙기,0,0.0,100.0,87.2,84.7,0.02,11.11,18.5,매우 안정
1218194935,한국기초소재(주),2021,성숙기,0,0.0,60.1,93.3,38.49,0.04,14.57,15.0,매우 안정
1218194935,한국기초소재(주),2022,성숙기,0,0.0,0.0,97.61,48.68,0.13,24.43,13.5,매우 안정
1218194935,한국기초소재(주),2023,성숙기,0,0.0,55.11,98.86,35.91,0.06,56.69,17.3,매우 안정
1218194935,한국기초소재(주),2024,성숙기,0,0.0,68.67,100.0,43.86,0.07,38.42,17.6,매우 안정
1218600257,이건에너지(주),2015,조정기,0,30.6,89.44,0.0,47.55,0.13,18.6,14.0,매우 안정
1218600257,이건에너지(주),2016,성장기,0,0.0,67.33,54.88,50.24,0.04,23.8,12.6,매우 안정
1218600257,이건에너지(주),2017,성숙기,0,9.9,69.01,53.96,63.88,0.16,26.12,15.4,매우 안정
1218600257,이건에너지(주),2018,성숙기,0,3.3,45.71,59.52,62.23,0.22,21.33,13.2,매우 안정
1218600257,이건에너지(주),2019,성숙기,0,0.0,70.0,64.49,64.64,0.05,11.86,13.8,매우 안정
1218600257,이건에너지(주),2020,성숙기,0,0.0,100.0,87.2,83.31,0.02,11.08,18.5,매우 안정
1218600257,이건에너지(주),2021,성숙기,0,0.0,60.1,93.3,40.62,0.09,14.61,15.1,매우 안정
1218600257,이건에너지(주),2022,성숙기,0,0.0,0.0,97.61,49.23,0.04,24.31,13.5,매우 안정
1218600257,이건에너지(주),2023,성숙기,0,0.0,55.11,98.86,36.63,0.04,56.74,17.3,매우 안정
1218600257,이건에너지(주),2024,성숙기,0,0.0,68.67,100.0,45.83,0.06,38.42,17.7,매우 안정
1218616327,고속도로태양광발전(주),2015,성숙기,0,8.0,89.44,0.0,50.34,0.2,13.12,9.4,매우 안정
1218616327,고속도로태양광발전(주),2016,성숙기,0,3.7,67.33,54.88,45.3,0.13,23.82,13.1,매우 안정
1218616327,고속도로태양광발전(주),2017,성숙기,0,9.9,69.01,53.96,60.84,0.04,25.96,15.2,매우 안정
1218616327,고속도로태양광발전(주),2018,성숙기,0,3.3,45.71,59.52,60.02,0.06,21.3,13.0,매우 안정
1218616327,고속도로태양광발전(주),2019,성숙기,0,0.0,70.0,64.49,64.47,0.09,12.04,13.8,매우 안정
1218616327,고속도로태양광발전(주),2020,성숙기,0,0.0,100.0,87.2,80.9,0.06,11.08,18.4,매우 안정
1218801866,(주)덕양에너젠,2020,도입기,0,71.5,100.0,87.2,81.25,0.12,11.11,32.7,안정
1218801866,(주)덕양에너젠,2021,성숙기,0,0.0,60.1,93.3,,0.27,14.68,,매우 안정
1218801866,(주)덕양에너젠,2022,성장기,0,15.4,0.0,97.61,47.02,0.02,24.12,16.4,매우 안정
1218801866,(주)덕양에너젠,2023,성숙기,0,0.0,55.11,98.86,34.73,0.03,56.74,17.2,매우 안정
1218801866,(주)덕양에너젠,2024,성장기,0,27.8,68.67,100.0,51.56,0.19,38.52,23.6,매우 안정
1228122924,대영자원(주),2017,성장기,0,0.0,69.01,53.96,60.77,0.07,26.03,13.2,매우 안정
1228122924,대영자원(주),2018,성장기,0,0.0,45.71,59.52,60.57,1.77,22.65,13.4,매우 안정
1228122924,대영자원(주),2019,성장기,0,16.9,70.0,64.49,64.56,2.36,12.51,18.5,매우 안정
1228122924,대영자원(주),2020,성장기,0,11.2,100.0,87.2,82.3,0.14,9.09,20.6,매우 안정
1228122924,대영자원(주),2021,성장기,0,22.2,60.1,93.3,36.81,0.28,14.67,19.5,매우 안정
1228122924,대영자원(주),2022,성숙기,0,0.0,0.0,97.61,59.35,0.19,24.25,14.0,매우 안정
1228122924,대영자원(주),2023,성숙기,0,0.0,55.11,98.86,43.52,0.3,56.77,17.8,매우 안정
1238152227,(주)에스엠테크,2015,성장기,0,0.0,89.44,0.0,49.64,0.25,18.93,8.0,매우 안정
1238152227,(주)에스엠테크,2016,성장기,0,0.0,67.33,54.88,47.75,0.15,23.8,12.5,매우 안정
1238152227,(주)에스엠테크,2017,성장기,0,0.0,69.01,53.96,62.39,0.23,26.09,13.4,매우 안정
1238152227,(주)에스엠테크,2018,도입기,0,47.7,45.71,59.52,62.0,0.19,21.25,22.0,매우 안정
1238152227,(주)에스엠테크,2019,성숙기,0,0.0,70.0,64.49,65.79,0.19,12.02,13.9,매우 안정
1238152227,(주)에스엠테크,2020,조정기,0,16.3,100.0,87.2,80.6,0.21,11.13,21.7,매우 안정
1238152227,(주)에스엠테크,2021,도입기,0,72.6,60.1,93.3,39.72,0.27,14.59,29.7,매우 안정
1238152227,(주)에스엠테크,2022,도입기,0,56.5,0.0,97.61,50.39,0.99,24.97,25.4,매우 안정
1238152227,(주)에스엠테크,2023,도입기,0,89.8,55.11,98.86,37.36,12.39,62.11,42.4,중립
1238152227,(주)에스엠테크,2024,도입기,0,100.0,68.67,100.0,46.49,57.56,72.09,71.0,매우 위험
1238157770,GS파워(주),2015,성숙기,0,8.0,89.44,0.0,43.97,0.0,18.8,9.2,매우 안정
1238157770,GS파워(주),2016,성장기,0,0.0,67.33,54.88,42.94,0.01,23.88,12.2,매우 안정
1238157770,GS파워(주),2017,성장기,0,0.0,69.01,53.96,58.43,0.03,26.05,13.1,매우 안정
1238157770,GS파워(주),2018,성장기,0,0.0,45.71,59.52,58.72,0.1,21.34,12.3,매우 안정
1238157770,GS파워(주),2019,성장기,0,16.9,70.0,64.49,57.11,0.06,11.98,16.8,매우 안정
1238157770,GS파워(주),2020,성장기,0,11.2,100.0,87.2,80.21,0.02,11.07,20.5,매우 안정
1238157770,GS파워(주),2021,성숙기,0,0.0,60.1,93.3,38.13,0.05,14.58,15.0,매우 안정
1238157770,GS파워(주),2022,성숙기,0,0.0,0.0,97.61,50.17,0.05,24.35,13.5,매우 안정
1238157770,GS파워(주),2023,성장기,0,27.2,55.11,98.86,37.69,0.07,56.75,22.8,매우 안정
1238157770,GS파워(주),2024,성장기,0,27.8,68.67,100.0,47.66,0.0,38.36,23.3,매우 안정
1238175138,환경에너지솔루션주식회사,2015,성숙기,0,8.0,89.44,0.0,45.07,0.05,18.69,9.3,매우 안정
1238175138,환경에너지솔루션주식회사,2016,성숙기,0,3.7,67.33,54.88,45.18,0.06,23.88,13.1,매우 안정
1238175138,환경에너지솔루션주식회사,2017,조정기,0,32.0,69.01,53.96,58.9,7.0,31.42,23.6,매우 안정
1238175138,환경에너지솔루션주식회사,2018,조정기,0,28.3,45.71,59.52,58.12,0.52,16.08,17.9,매우 안정
1238175138,환경에너지솔루션주식회사,2019,조정기,0,34.0,70.0,64.49,60.98,1.79,13.14,21.4,매우 안정
1238175138,환경에너지솔루션주식회사,2020,조정기,0,16.3,100.0,87.2,84.63,0.09,9.56,21.7,매우 안정
1238175138,환경에너지솔루션주식회사,2021,쇠퇴기,0,100.0,60.1,93.3,36.95,0.05,14.5,34.9,안정
1238175138,환경에너지솔루션주식회사,2022,성숙기,0,0.0,0.0,97.61,51.19,0.05,24.35,13.6,매우 안정
1238175138,환경에너지솔루션주식회사,2023,조정기,0,32.9,55.11,98.86,37.7,0.01,56.72,23.9,매우 안정
1238175138,환경에너지솔루션주식회사,2024,조정기,0,19.7,68.67,100.0,45.74,0.13,38.49,21.7,매우 안정
1238182089,(주)이피에스솔루션,2015,성장기,0,0.0,89.44,0.0,51.02,0.26,18.94,8.1,매우 안정
1238182089,(주)이피에스솔루션,2016,성장기,0,0.0,67.33,54.88,47.37,0.65,24.18,12.8,매우 안정
1238182089,(주)이피에스솔루션,2017,성장기,0,0.0,69.01,53.96,62.28,0.13,25.63,13.3,매우 안정
1238182089,(주)이피에스솔루션,2018,성장기,0,0.0,45.71,59.52,62.27,0.16,21.31,12.5,매우 안정
1238182089,(주)이피에스솔루션,2019,쇠퇴기,0,100.0,70.0,64.49,62.91,1.21,12.95,34.4,안정
1238182089,(주)이피에스솔루션,2020,쇠퇴기,0,100.0,100.0,87.2,86.09,0.59,10.55,38.9,안정
1238182089,(주)이피에스솔루션,2021,쇠퇴기,0,100.0,60.1,93.3,39.92,0.5,14.43,35.3,안정
1238182089,(주)이피에스솔루션,2022,쇠퇴기,0,100.0,0.0,97.61,48.04,0.43,24.24,33.6,안정
1238182089,(주)이피에스솔루션,2023,성숙기,0,0.0,55.11,98.86,35.36,0.07,56.53,17.3,매우 안정
1238182089,(주)이피에스솔루션,2024,성장기,0,27.8,68.67,100.0,42.79,0.11,38.44,23.1,매우 안정
1238198242,명민산업(주),2021,성장기,0,22.2,60.1,93.3,37.74,0.02,14.55,19.4,매우 안정
1238198242,명민산업(주),2022,성숙기,0,0.0,0.0,97.61,47.02,0.05,24.38,13.4,매우 안정
1238198242,명민산업(주),2023,성장기,0,27.2,55.11,98.86,34.73,0.0,56.71,22.7,매우 안정
1238198242,명민산업(주),2024,성숙기,0,0.0,68.67,100.0,38.0,0.01,38.41,17.3,매우 안정
1238638424,(주)군포종합폐차장,2015,성장기,0,0.0,89.44,0.0,49.85,0.05,18.8,7.9,매우 안정
1238638424,(주)군포종합폐차장,2016,도입기,0,27.2,67.33,54.88,45.74,0.29,24.06,17.9,매우 안정
1238638424,(주)군포종합폐차장,2017,성장기,0,0.0,69.01,53.96,60.77,0.26,26.01,13.3,매우 안정
1238638424,(주)군포종합폐차장,2018,성숙기,0,3.3,45.71,59.52,45.18,0.14,21.19,12.3,매우 안정
1238638424,(주)군포종합폐차장,2019,성장기,0,16.9,70.0,64.49,60.02,0.21,12.07,17.0,매우 안정
1238638424,(주)군포종합폐차장,2020,성장기,0,11.2,100.0,87.2,86.43,0.08,10.99,20.9,매우 안정
1238638424,(주)군포종합폐차장,2021,성장기,0,22.2,60.1,93.3,44.32,0.12,14.58,19.8,매우 안정
1238638424,(주)군포종합폐차장,2022,성숙기,0,0.0,0.0,97.61,52.32,0.34,24.54,13.8,매우 안정
1238638424,(주)군포종합폐차장,2023,성장기,0,27.2,55.11,98.86,38.62,0.82,56.94,23.3,매우 안정
1238638424,(주)군포종합폐차장,2024,쇠퇴기,0,68.3,68.67,100.0,48.68,22.7,53.97,44.7,중립
1238648728,(주)무안햇빛발전소,2019,도입기,0,50.2,70.0,64.49,64.56,0.09,12.02,23.9,매우 안정
1238648728,(주)무안햇빛발전소,2020,도입기,0,71.5,100.0,87.2,81.25,14.16,24.04,41.1,중립
1238648728,(주)무안햇빛발전소,2021,도입기,1,72.6,60.1,93.3,37.74,60.95,59.04,65.2,매우 위험
1248125854,(주)오성개발,2017,성장기,0,0.0,69.01,53.96,60.77,0.01,26.03,13.2,매우 안정
1248125854,(주)오성개발,2018,성장기,0,0.0,45.71,59.52,60.57,0.01,21.28,12.3,매우 안정
1248125854,(주)오성개발,2019,성장기,0,16.9,70.0,64.49,64.56,0.03,12.04,17.2,매우 안정
1248125854,(주)오성개발,2020,성장기,0,11.2,100.0,87.2,79.76,0.09,11.16,20.6,매우 안정
1248125854,(주)오성개발,2021,성장기,0,22.2,60.1,93.3,37.99,0.03,14.48,19.4,매우 안정
1248125854,(주)오성개발,2022,성장기,0,15.4,0.0,97.61,44.81,0.06,24.38,16.3,매우 안정
1248125854,(주)오성개발,2023,성장기,0,27.2,55.11,98.86,32.85,0.0,56.71,22.6,매우 안정
1248125854,(주)오성개발,2024,성숙기,0,0.0,68.67,100.0,40.79,0.17,38.52,17.5,매우 안정
1248128278,삼환환경(주),2015,성장기,0,0.0,89.44,0.0,49.85,0.02,18.65,7.9,매우 안정
1248128278,삼환환경(주),2016,성장기,0,0.0,67.33,54.88,61.77,0.02,23.87,13.1,매우 안정
1248128278,삼환환경(주),2017,성장기,0,0.0,69.01,53.96,69.53,0.02,26.03,13.6,매우 안정
1248128278,삼환환경(주),2018,성장기,0,0.0,45.71,59.52,70.91,0.01,21.28,12.9,매우 안정
1248128278,삼환환경(주),2019,성숙기,0,0.0,70.0,64.49,69.67,0.03,12.04,14.1,매우 안정
1248128278,삼환환경(주),2020,성숙기,0,0.0,100.0,87.2,79.11,0.06,11.13,18.3,매우 안정
1248128278,삼환환경(주),2021,성숙기,0,0.0,60.1,93.3,39.1,0.04,14.53,15.0,매우 안정
1248128278,삼환환경(주),2022,성숙기,0,0.0,0.0,97.61,47.53,0.08,24.39,13.4,매우 안정
1248128278,삼환환경(주),2024,성숙기,0,0.0,68.67,100.0,42.89,0.06,38.38,17.5,매우 안정
1248139514,성림산업(주),2015,성장기,0,0.0,89.44,0.0,49.61,0.05,18.81,7.9,매우 안정
1248139514,성림산업(주),2016,성숙기,0,3.7,67.33,54.88,42.44,0.11,23.92,13.0,매우 안정
1248139514,성림산업(주),2017,성숙기,0,9.9,69.01,53.96,57.67,0.23,26.12,15.1,매우 안정
1248139514,성림산업(주),2018,성숙기,0,3.3,45.71,59.52,58.02,0.12,21.2,12.9,매우 안정
1248139514,성림산업(주),2019,성숙기,0,0.0,70.0,64.49,62.92,0.02,11.93,13.7,매우 안정
1248139514,성림산업(주),2020,성숙기,0,0.0,100.0,87.2,82.51,2.07,12.99,19.6,매우 안정
1248139514,성림산업(주),2021,성숙기,0,0.0,60.1,93.3,38.67,0.04,12.49,14.9,매우 안정
1248139514,성림산업(주),2022,성숙기,0,0.0,0.0,97.61,52.17,0.14,24.44,13.7,매우 안정
1248139514,성림산업(주),2023,성숙기,0,0.0,55.11,98.86,38.45,0.08,56.7,17.4,매우 안정
1248139514,성림산업(주),2024,성숙기,0,0.0,68.67,100.0,47.48,0.08,38.41,17.8,매우 안정
1248146470,(주)이엠알,2021,성장기,0,22.2,60.1,93.3,37.74,0.05,14.55,19.4,매우 안정
1248146470,(주)이엠알,2022,성장기,0,15.4,0.0,97.61,47.02,0.18,24.46,16.5,매우 안정
1248146470,(주)이엠알,2023,성장기,0,27.2,55.11,98.86,34.73,1.34,57.28,23.4,매우 안정
1248146470,(주)이엠알,2024,쇠퇴기,0,68.3,68.67,100.0,45.78,1.11,38.43,31.9,안정
1248148177,안성슈레더공업주식회사,2015,성숙기,0,8.0,89.44,0.0,48.87,0.13,18.02,9.5,매우 안정
1248148177,안성슈레더공업주식회사,2016,성숙기,0,3.7,67.33,54.88,43.82,0.12,23.86,13.0,매우 안정
1248148177,안성슈레더공업주식회사,2017,성숙기,0,9.9,69.01,53.96,60.0,0.33,26.19,15.3,매우 안정
1248148177,안성슈레더공업주식회사,2018,조정기,0,28.3,45.71,59.52,62.69,0.91,21.75,18.6,매우 안정
1248148177,안성슈레더공업주식회사,2019,도입기,0,50.2,70.0,64.49,63.6,0.17,11.35,23.8,매우 안정
1248148177,안성슈레더공업주식회사,2020,성숙기,0,0.0,100.0,87.2,85.13,0.19,11.13,18.6,매우 안정
1248148177,안성슈레더공업주식회사,2021,성숙기,0,0.0,60.1,93.3,39.21,1.28,15.59,15.8,매우 안정
1248169018,(주)진흥중공업,2015,성숙기,0,8.0,89.44,0.0,14.27,0.01,18.8,7.7,매우 안정
1248169018,(주)진흥중공업,2016,성숙기,0,3.7,67.33,54.88,43.03,0.04,23.89,13.0,매우 안정
1248169018,(주)진흥중공업,2017,성숙기,0,9.9,69.01,53.96,56.44,0.02,26.01,15.0,매우 안정
1248169018,(주)진흥중공업,2018,성숙기,0,3.3,45.71,59.52,60.24,0.0,21.27,13.0,매우 안정
1248169018,(주)진흥중공업,2019,성숙기,0,0.0,70.0,64.49,66.68,0.02,12.04,13.9,매우 안정
1248169018,(주)진흥중공업,2020,조정기,0,16.3,100.0,87.2,84.16,0.07,11.15,21.8,매우 안정
1248169018,(주)진흥중공업,2021,도입기,0,72.6,60.1,93.3,43.79,0.06,14.54,29.8,매우 안정
1248169018,(주)진흥중공업,2022,성숙기,0,0.0,0.0,97.61,43.42,0.28,24.54,13.3,매우 안정
1248169018,(주)진흥중공업,2023,성숙기,0,0.0,55.11,98.86,31.74,0.0,56.58,17.1,매우 안정
1248169018,(주)진흥중공업,2024,성숙기,0,0.0,68.67,100.0,37.84,0.04,38.43,17.3,매우 안정
1248183418,(주)새롬이엔지,2015,도입기,0,30.9,89.44,0.0,49.85,0.47,8.15,13.8,매우 안정
1248183418,(주)새롬이엔지,2016,성숙기,0,3.7,67.33,54.88,42.97,3.64,26.4,15.1,매우 안정
1248183418,(주)새롬이엔지,2017,성장기,0,0.0,69.01,53.96,58.7,24.45,42.19,27.3,매우 안정
1248183418,(주)새롬이엔지,2018,성숙기,0,3.3,45.71,59.52,57.01,0.07,1.69,11.9,매우 안정
1248183418,(주)새롬이엔지,2019,성장기,0,16.9,70.0,64.49,57.58,0.15,12.09,16.9,매우 안정
1248183418,(주)새롬이엔지,2020,성숙기,0,0.0,100.0,87.2,84.48,2.06,12.86,19.7,매우 안정
1248183418,(주)새롬이엔지,2021,성숙기,0,0.0,60.1,93.3,40.99,1.76,14.15,16.1,매우 안정
1248183418,(주)새롬이엔지,2022,성숙기,0,0.0,0.0,97.61,52.57,0.35,22.96,13.7,매우 안정
1248183418,(주)새롬이엔지,2023,성숙기,0,0.0,55.11,98.86,38.84,0.34,56.7,17.6,매우 안정
1248183418,(주)새롬이엔지,2024,성숙기,0,0.0,68.67,100.0,48.25,13.8,47.96,25.8,매우 안정
1248190239,삼흥산업개발주식회사,2015,조정기,0,30.6,89.44,0.0,48.22,0.06,18.73,14.0,매우 안정
1248190239,삼흥산업개발주식회사,2016,성장기,0,0.0,67.33,54.88,50.71,0.04,23.85,12.6,매우 안정
1248190239,삼흥산업개발주식회사,2017,성숙기,0,9.9,69.01,53.96,66.46,0.04,26.03,15.5,매우 안정
1248190239,삼흥산업개발주식회사,2018,성장기,0,0.0,45.71,59.52,66.36,0.01,21.26,12.6,매우 안정
1248190239,삼흥산업개발주식회사,2019,성장기,0,16.9,70.0,64.49,69.98,0.02,12.03,17.4,매우 안정
1248190239,삼흥산업개발주식회사,2020,성장기,0,11.2,100.0,87.2,86.11,0.07,11.15,20.9,매우 안정
1248190239,삼흥산업개발주식회사,2021,성장기,0,22.2,60.1,93.3,40.57,0.01,14.48,19.5,매우 안정
1248190239,삼흥산업개발주식회사,2022,성장기,0,15.4,0.0,97.61,47.37,0.07,24.41,16.5,매우 안정
1248190239,삼흥산업개발주식회사,2023,성장기,0,27.2,55.11,98.86,34.83,0.0,56.7,22.7,매우 안정
1248190239,삼흥산업개발주식회사,2024,성장기,0,27.8,68.67,100.0,42.63,0.16,38.51,23.1,매우 안정
1248198207,화성엔바이로(주),2015,성숙기,0,8.0,89.44,0.0,53.05,7.12,22.95,13.8,매우 안정
1248198207,화성엔바이로(주),2016,조정기,1,25.4,67.33,54.88,48.97,94.28,93.48,72.9,매우 위험
1248608224,케이씨환경개발(주),2015,성숙기,0,8.0,89.44,0.0,43.36,0.01,18.81,9.2,매우 안정
1248608224,케이씨환경개발(주),2016,성숙기,0,3.7,67.33,54.88,44.15,0.02,23.88,13.0,매우 안정
1248608224,케이씨환경개발(주),2017,성숙기,0,9.9,69.01,53.96,59.73,1.44,27.13,16.0,매우 안정
1248608224,케이씨환경개발(주),2018,도입기,0,47.7,45.71,59.52,56.38,4.01,23.35,24.0,매우 안정
1248608224,케이씨환경개발(주),2019,쇠퇴기,0,100.0,70.0,64.49,72.55,9.87,17.17,39.9,안정
1248608224,케이씨환경개발(주),2020,도입기,1,71.5,100.0,87.2,74.4,93.72,88.33,87.7,매우 위험
1248636021,(주)만해금속,2015,쇠퇴기,0,100.0,89.44,0.0,51.81,0.1,18.83,28.1,매우 안정
1248636021,(주)만해금속,2016,성숙기,0,3.7,67.33,54.88,41.52,0.84,24.46,13.4,매우 안정
1248636021,(주)만해금속,2017,성숙기,0,9.9,69.01,53.96,56.58,0.11,25.47,15.0,매우 안정
1248636021,(주)만해금속,2018,성숙기,0,3.3,45.71,59.52,60.27,0.06,21.24,13.0,매우 안정
1248636021,(주)만해금속,2019,도입기,0,50.2,70.0,64.49,65.17,0.08,12.04,23.9,매우 안정
1248636021,(주)만해금속,2020,성숙기,0,0.0,100.0,87.2,85.25,0.02,11.05,18.5,매우 안정
1248636021,(주)만해금속,2021,성장기,0,22.2,60.1,93.3,39.2,0.05,14.58,19.5,매우 안정
1248636021,(주)만해금속,2022,성장기,0,15.4,0.0,97.61,57.36,0.24,24.51,17.1,매우 안정
1248636021,(주)만해금속,2023,성장기,0,27.2,55.11,98.86,42.13,0.25,56.73,23.2,매우 안정
1248636021,(주)만해금속,2024,조정기,0,19.7,68.67,100.0,51.45,0.36,38.51,22.1,매우 안정
1248653923,주식회사케이알씨,2015,도입기,0,30.9,89.44,0.0,42.85,0.42,19.07,14.0,매우 안정
1248653923,주식회사케이알씨,2016,조정기,0,25.4,67.33,54.88,46.73,0.11,23.63,17.5,매우 안정
1248653923,주식회사케이알씨,2017,성숙기,0,9.9,69.01,53.96,61.4,0.33,26.2,15.4,매우 안정
1248653923,주식회사케이알씨,2018,성숙기,0,3.3,45.71,59.52,61.49,0.03,21.04,13.0,매우 안정
1248653923,주식회사케이알씨,2019,성숙기,0,0.0,70.0,64.49,65.78,0.06,12.04,13.9,매우 안정
1248653923,주식회사케이알씨,2020,성숙기,0,0.0,100.0,87.2,82.3,0.0,11.05,18.4,매우 안정
1248653923,주식회사케이알씨,2021,성숙기,0,0.0,60.1,93.3,39.63,0.02,14.57,15.1,매우 안정
1248653923,주식회사케이알씨,2022,성숙기,0,0.0,0.0,97.61,55.71,0.02,24.36,13.8,매우 안정
1248653923,주식회사케이알씨,2023,성숙기,0,0.0,55.11,98.86,40.98,0.06,56.75,17.6,매우 안정
1248653923,주식회사케이알씨,2024,성숙기,0,0.0,68.67,100.0,50.57,0.03,38.39,17.9,매우 안정
1248694958,신안풍력복합발전주식회사,2015,성숙기,1,8.0,89.44,0.0,49.85,96.97,81.92,66.0,매우 위험
1248722844,경기그린에너지주식회사,2015,성숙기,1,8.0,89.44,0.0,75.72,81.64,63.39,57.9,위험
1258141328,동부이엔티(주),2021,성숙기,0,0.0,60.1,93.3,37.74,0.02,14.55,15.0,매우 안정
1258141328,동부이엔티(주),2022,성장기,0,15.4,0.0,97.61,47.02,0.01,24.35,16.4,매우 안정
1258141328,동부이엔티(주),2023,성숙기,0,0.0,55.11,98.86,34.73,0.0,56.73,17.2,매우 안정
1258141328,동부이엔티(주),2024,성숙기,0,0.0,68.67,100.0,41.68,0.01,38.41,17.4,매우 안정
1258158192,(주)거단산업,2022,성숙기,0,0.0,0.0,97.61,47.02,0.04,24.35,13.4,매우 안정
1258158192,(주)거단산업,2023,조정기,0,32.9,55.11,98.86,34.73,0.0,56.72,23.8,매우 안정
1258158192,(주)거단산업,2024,성숙기,0,0.0,68.67,100.0,42.62,0.02,38.42,17.5,매우 안정
1258161135,한국에코산업주식회사,2021,성숙기,0,0.0,60.1,93.3,37.74,0.04,14.55,15.0,매우 안정
1258161135,한국에코산업주식회사,2022,성장기,0,15.4,0.0,97.61,47.02,5.93,29.5,19.9,매우 안정
1258161135,한국에코산업주식회사,2023,성장기,0,27.2,55.11,98.86,34.73,19.3,62.6,33.6,안정
1258161135,한국에코산업주식회사,2024,성장기,1,27.8,68.67,100.0,40.07,22.32,43.3,35.4,안정
1258165499,(주)알엠,2015,성장기,0,0.0,89.44,0.0,50.3,0.09,18.81,8.0,매우 안정
1258165499,(주)알엠,2016,성장기,0,0.0,67.33,54.88,54.25,0.02,23.81,12.8,매우 안정
1258165499,(주)알엠,2017,성장기,0,0.0,69.01,53.96,66.97,0.07,26.07,13.5,매우 안정
1258165499,(주)알엠,2018,성장기,0,0.0,45.71,59.52,66.08,0.07,21.28,12.6,매우 안정
1258165499,(주)알엠,2019,성장기,0,16.9,70.0,64.49,69.18,0.03,11.98,17.4,매우 안정
1258165499,(주)알엠,2020,성장기,0,11.2,100.0,87.2,83.8,0.51,11.55,21.0,매우 안정
1258165499,(주)알엠,2021,성숙기,0,0.0,60.1,93.3,40.92,0.69,14.7,15.5,매우 안정
1258165499,(주)알엠,2022,성숙기,0,0.0,0.0,97.61,49.41,0.08,23.76,13.5,매우 안정
1258165499,(주)알엠,2023,성숙기,0,0.0,55.11,98.86,36.74,5.13,59.15,20.3,매우 안정
1258165499,(주)알엠,2024,성숙기,0,0.0,68.67,100.0,45.76,0.89,36.14,18.0,매우 안정
1258167099,주식회사평택해성환경,2019,성숙기,0,0.0,70.0,64.49,64.56,0.05,12.02,13.8,매우 안정
1258167099,주식회사평택해성환경,2020,도입기,0,71.5,100.0,87.2,81.25,0.04,11.1,32.7,안정
1258167099,주식회사평택해성환경,2021,도입기,0,72.6,60.1,93.3,37.74,0.05,14.56,29.5,매우 안정
1258167099,주식회사평택해성환경,2022,도입기,0,56.5,0.0,97.61,47.24,0.07,24.37,24.7,매우 안정
1258167099,주식회사평택해성환경,2023,성장기,0,27.2,55.11,98.86,34.85,0.0,56.7,22.7,매우 안정
1258167099,주식회사평택해성환경,2024,성숙기,0,0.0,68.67,100.0,42.67,0.03,38.42,17.5,매우 안정
1258171778,덕산실업(주),2015,성장기,0,0.0,89.44,0.0,61.49,0.04,18.64,8.5,매우 안정
1258171778,덕산실업(주),2016,성숙기,0,3.7,67.33,54.88,36.79,12.78,34.02,20.2,매우 안정
1258171778,덕산실업(주),2017,성숙기,0,9.9,69.01,53.96,51.4,0.29,16.35,14.4,매우 안정
1258171778,덕산실업(주),2019,성숙기,0,0.0,70.0,64.49,53.81,0.09,12.02,13.3,매우 안정
1258171778,덕산실업(주),2020,성숙기,0,0.0,100.0,87.2,75.52,0.05,11.07,18.1,매우 안정
1258171778,덕산실업(주),2021,성숙기,0,0.0,60.1,93.3,33.84,0.04,14.54,14.8,매우 안정
1258171778,덕산실업(주),2022,성숙기,0,0.0,0.0,97.61,52.61,0.04,24.35,13.6,매우 안정
1258171778,덕산실업(주),2023,성숙기,0,0.0,55.11,98.86,38.6,0.04,56.74,17.4,매우 안정
1258171778,덕산실업(주),2024,성장기,0,27.8,68.67,100.0,48.45,0.06,38.42,23.4,매우 안정
1258184443,(주)그린플러스,2022,성장기,0,15.4,0.0,97.61,47.02,0.05,24.35,16.4,매우 안정
1258184443,(주)그린플러스,2023,성장기,0,27.2,55.11,98.86,34.73,0.0,56.71,22.7,매우 안정
1258184443,(주)그린플러스,2024,성장기,0,27.8,68.67,100.0,42.62,0.01,38.41,23.1,매우 안정
1258603144,(주)주원,2021,성장기,0,22.2,60.1,93.3,37.74,0.02,14.55,19.4,매우 안정
1258603144,(주)주원,2022,성장기,0,15.4,0.0,97.61,47.02,0.04,24.37,16.4,매우 안정
1258603144,(주)주원,2023,성장기,0,27.2,55.11,98.86,34.73,0.0,56.72,22.7,매우 안정
1258603144,(주)주원,2024,성장기,0,27.8,68.67,100.0,41.39,0.01,38.41,23.0,매우 안정
1258611912,베스틸주식회사,2021,성장기,0,22.2,60.1,93.3,37.74,0.04,14.55,19.4,매우 안정
1258611912,베스틸주식회사,2022,조정기,0,27.0,0.0,97.61,47.02,3.6,27.47,20.9,매우 안정
1258611912,베스틸주식회사,2023,조정기,0,32.9,55.11,98.86,34.73,12.79,60.81,31.0,안정
1258623965,신평택발전주식회사,2016,도입기,0,27.2,67.33,54.88,45.74,0.13,23.87,17.8,매우 안정
1258623965,신평택발전주식회사,2017,도입기,0,43.7,69.01,53.96,60.77,1.14,26.81,22.6,매우 안정
1258623965,신평택발전주식회사,2018,도입기,0,47.7,45.71,59.52,60.57,0.17,20.51,21.9,매우 안정
1258623965,신평택발전주식회사,2019,도입기,0,50.2,70.0,64.49,64.96,0.58,12.38,24.2,매우 안정
1258623965,신평택발전주식회사,2020,도입기,0,71.5,100.0,87.2,81.25,0.11,10.68,32.7,안정
1258623965,신평택발전주식회사,2021,성숙기,0,0.0,60.1,93.3,0.02,0.14,14.57,13.1,매우 안정
1258623965,신평택발전주식회사,2022,성숙기,0,0.0,0.0,97.61,14.42,0.06,24.27,11.7,매우 안정
1258623965,신평택발전주식회사,2023,성숙기,0,0.0,55.11,98.86,9.81,0.07,56.74,16.0,매우 안정
1258623965,신평택발전주식회사,2024,조정기,0,19.7,68.67,100.0,15.2,0.3,38.58,20.2,매우 안정
1258626943,베올리아코리아에너지,2015,도입기,0,30.9,89.44,0.0,49.85,41.09,55.9,38.5,안정
1258626943,베올리아코리아에너지,2016,도입기,1,27.2,67.33,54.88,45.74,91.57,64.93,70.2,매우 위험
1258628276,포승그린파워(주),2016,도입기,0,27.2,67.33,54.88,45.74,0.09,23.87,17.8,매우 안정
1258628276,포승그린파워(주),2017,도입기,0,43.7,69.01,53.96,60.77,1.1,26.81,22.6,매우 안정
1258628276,포승그린파워(주),2018,도입기,0,47.7,45.71,59.52,60.57,0.38,20.71,22.1,매우 안정
1258628276,포승그린파워(주),2019,성숙기,0,0.0,70.0,64.49,64.96,0.56,12.17,14.1,매우 안정
1258628276,포승그린파워(주),2020,성숙기,0,0.0,100.0,87.2,77.71,6.94,16.97,22.3,매우 안정
1258628276,포승그린파워(주),2021,성숙기,0,0.0,60.1,93.3,38.39,0.69,8.18,15.0,매우 안정
1258628276,포승그린파워(주),2022,성숙기,0,0.0,0.0,97.61,52.23,0.64,24.24,13.9,매우 안정
1258628276,포승그린파워(주),2023,조정기,0,32.9,55.11,98.86,38.42,21.84,66.85,36.5,안정
1258628276,포승그린파워(주),2024,성숙기,0,0.0,68.67,100.0,47.49,0.84,26.7,17.6,매우 안정
1258700412,주식회사알코타스코리아,2017,도입기,0,43.7,69.01,53.96,60.77,0.07,26.03,22.0,매우 안정
1258700412,주식회사알코타스코리아,2018,성장기,0,0.0,45.71,59.52,60.57,0.57,21.69,12.7,매우 안정
1258700412,주식회사알코타스코리아,2019,성장기,1,16.9,70.0,64.49,64.56,99.27,99.86,76.1,매우 위험
1268128804,현대환경(주),2022,성장기,0,15.4,0.0,97.61,47.02,3.0,24.35,18.1,매우 안정
1268128804,현대환경(주),2023,성장기,0,27.2,55.11,98.86,100.0,0.34,55.19,26.0,매우 안정
1268128804,현대환경(주),2024,성숙기,0,0.0,68.67,100.0,66.51,0.66,38.68,19.1,매우 안정
1268141511,하나환경산업(주),2015,성숙기,0,8.0,89.44,0.0,49.41,0.13,18.83,9.6,매우 안정
1268141511,하나환경산업(주),2016,성숙기,0,3.7,67.33,54.88,45.29,0.09,23.84,13.1,매우 안정
1268141511,하나환경산업(주),2017,성숙기,0,9.9,69.01,53.96,59.86,0.16,26.08,15.2,매우 안정
1268141511,하나환경산업(주),2018,성숙기,0,3.3,45.71,59.52,59.36,0.04,21.19,12.9,매우 안정
1268141511,하나환경산업(주),2019,성숙기,0,0.0,70.0,64.49,58.84,0.01,11.99,13.5,매우 안정
1268141511,하나환경산업(주),2020,성숙기,0,0.0,100.0,87.2,77.94,0.02,11.12,18.2,매우 안정
1268141511,하나환경산업(주),2021,성숙기,0,0.0,60.1,93.3,35.9,0.01,14.54,14.9,매우 안정
1268141511,하나환경산업(주),2022,성장기,0,15.4,0.0,97.61,45.36,0.18,24.5,16.4,매우 안정
1268141511,하나환경산업(주),2023,성장기,0,27.2,55.11,98.86,33.12,0.31,56.79,22.7,매우 안정
1268141511,하나환경산업(주),2024,성숙기,0,0.0,68.67,100.0,40.36,0.07,38.27,17.4,매우 안정
1268145759,(주)창원기전,2015,성숙기,0,8.0,89.44,0.0,42.37,0.02,18.73,9.1,매우 안정
1268145759,(주)창원기전,2016,성숙기,0,3.7,67.33,54.88,47.59,0.02,23.87,13.2,매우 안정
1268145759,(주)창원기전,2017,성숙기,0,9.9,69.01,53.96,60.01,0.02,26.03,15.1,매우 안정
1268145759,(주)창원기전,2018,성장기,0,0.0,45.71,59.52,62.46,0.02,21.28,12.4,매우 안정
1268145759,(주)창원기전,2019,성장기,0,16.9,70.0,64.49,70.04,0.03,12.03,17.4,매우 안정
1268145759,(주)창원기전,2020,성장기,0,11.2,100.0,87.2,92.09,0.09,11.16,21.2,매우 안정
1268145759,(주)창원기전,2021,성숙기,0,0.0,60.1,93.3,42.31,0.01,14.46,15.2,매우 안정
1268145759,(주)창원기전,2022,성숙기,0,0.0,0.0,97.61,49.59,0.05,24.39,13.5,매우 안정
1268145759,(주)창원기전,2023,성숙기,0,0.0,55.11,98.86,36.69,0.0,56.71,17.3,매우 안정
1268145759,(주)창원기전,2024,성숙기,0,0.0,68.67,100.0,46.71,0.07,38.45,17.7,매우 안정
1268149658,베올리아산업개발코리아주식회사,2015,성숙기,0,8.0,89.44,0.0,50.91,0.74,19.42,10.0,매우 안정
1268149658,베올리아산업개발코리아주식회사,2016,성숙기,0,3.7,67.33,54.88,47.02,0.05,23.34,13.1,매우 안정
1268149658,베올리아산업개발코리아주식회사,2017,성장기,0,0.0,69.01,53.96,61.7,0.07,26.05,13.3,매우 안정
1268149658,베올리아산업개발코리아주식회사,2018,도입기,0,47.7,45.71,59.52,61.34,0.17,21.37,22.0,매우 안정
1268149658,베올리아산업개발코리아주식회사,2019,성장기,0,16.9,70.0,64.49,66.63,0.08,11.94,17.3,매우 안정
1268149658,베올리아산업개발코리아주식회사,2020,성숙기,0,0.0,100.0,87.2,80.3,0.94,11.9,18.8,매우 안정
1268149658,베올리아산업개발코리아주식회사,2021,성숙기,0,0.0,60.1,93.3,35.49,0.29,13.87,15.0,매우 안정
1268149658,베올리아산업개발코리아주식회사,2022,성숙기,0,0.0,0.0,97.61,43.42,1.0,24.96,13.7,매우 안정
1268149658,베올리아산업개발코리아주식회사,2023,성숙기,0,0.0,55.11,98.86,31.89,7.09,59.56,21.1,매우 안정
1268149658,베올리아산업개발코리아주식회사,2024,성장기,0,27.8,68.67,100.0,39.8,33.2,57.86,42.1,중립
1268149833,비벤디워터코리아이천(주),2015,조정기,0,30.6,89.44,0.0,49.41,8.47,18.99,18.7,매우 안정
1268149833,비벤디워터코리아이천(주),2016,조정기,1,25.4,67.33,54.88,47.75,79.08,80.32,63.8,매우 위험
1268150683,(주)유성엔텍,2022,성장기,0,15.4,0.0,97.61,47.02,0.17,24.35,16.5,매우 안정
1268150683,(주)유성엔텍,2023,성장기,0,27.2,55.11,98.86,34.73,9.69,61.29,28.2,매우 안정
1268150683,(주)유성엔텍,2024,성장기,0,27.8,68.67,100.0,42.62,0.49,33.29,23.1,매우 안정
1268196355,주식회사대일이앤씨,2015,성숙기,0,8.0,89.44,0.0,50.15,0.02,18.75,9.5,매우 안정
1268196355,주식회사대일이앤씨,2016,성숙기,0,3.7,67.33,54.88,45.56,0.05,23.89,13.1,매우 안정
1268196355,주식회사대일이앤씨,2017,성장기,0,0.0,69.01,53.96,60.36,0.02,26.01,13.2,매우 안정
1268196355,주식회사대일이앤씨,2018,성숙기,0,3.3,45.71,59.52,63.38,0.01,21.28,13.1,매우 안정
1268196355,주식회사대일이앤씨,2019,성숙기,0,0.0,70.0,64.49,63.79,0.04,12.04,13.8,매우 안정
1268196355,주식회사대일이앤씨,2020,성숙기,0,0.0,100.0,87.2,86.01,0.02,11.09,18.6,매우 안정
1268196355,주식회사대일이앤씨,2021,성숙기,0,0.0,60.1,93.3,42.07,0.38,14.9,15.4,매우 안정
1268196355,주식회사대일이앤씨,2022,성숙기,0,0.0,0.0,97.61,52.86,0.06,24.04,13.6,매우 안정
1268196355,주식회사대일이앤씨,2023,성숙기,0,0.0,55.11,98.86,39.04,0.0,56.71,17.4,매우 안정
1268196355,주식회사대일이앤씨,2024,성숙기,0,0.0,68.67,100.0,48.4,0.24,38.57,17.9,매우 안정
1268659258,주식회사코리아오토,2022,성장기,0,15.4,0.0,97.61,47.02,0.08,24.35,16.5,매우 안정
1268659258,주식회사코리아오토,2023,성숙기,0,0.0,55.11,98.86,34.73,0.1,56.74,17.3,매우 안정
1268659258,주식회사코리아오토,2024,성숙기,0,0.0,68.67,100.0,42.62,0.1,38.42,17.5,매우 안정
1268659637,나래에너지서비스주식회사,2015,도입기,1,30.9,89.44,0.0,,58.96,71.32,,매우 안정
1278121842,(주)신명,2015,조정기,0,30.6,89.44,0.0,57.95,0.38,18.04,14.6,매우 안정
1278121842,(주)신명,2021,성장기,0,22.2,60.1,93.3,43.35,0.02,14.55,19.7,매우 안정
1278121842,(주)신명,2022,성숙기,0,0.0,0.0,97.61,88.76,0.04,24.37,15.4,매우 안정
1278121842,(주)신명,2024,성장기,0,27.8,68.67,100.0,78.75,0.02,38.38,24.9,매우 안정
1278123476,주식회사베르원,2019,성장기,0,16.9,70.0,64.49,64.56,0.01,12.02,17.2,매우 안정
1278123476,주식회사베르원,2020,성장기,0,11.2,100.0,87.2,81.25,0.04,11.13,20.6,매우 안정
1278123476,주식회사베르원,2021,성장기,0,22.2,60.1,93.3,37.74,0.05,14.56,19.4,매우 안정
1278123476,주식회사베르원,2022,성장기,0,15.4,0.0,97.61,36.21,0.17,24.45,16.0,매우 안정
1278123476,주식회사베르원,2023,성장기,0,27.2,55.11,98.86,26.5,0.06,56.67,22.3,매우 안정
1278123476,주식회사베르원,2024,성장기,0,27.8,68.67,100.0,27.26,0.91,39.01,22.8,매우 안정
1278124908,청송산업개발,2021,도입기,0,72.6,60.1,93.3,37.74,0.18,14.55,29.6,매우 안정
1278124908,청송산업개발,2022,성장기,0,15.4,0.0,97.61,,20.35,41.97,,매우 안정
1278124908,청송산업개발,2023,성숙기,1,0.0,55.11,98.86,34.73,43.89,66.14,41.8,중립
1278126298,주식회사케이지이서비스,2021,도입기,0,72.6,60.1,93.3,37.74,0.15,14.55,29.6,매우 안정
1278126298,주식회사케이지이서비스,2022,성장기,0,15.4,0.0,97.61,47.02,46.43,64.8,44.0,중립
1278126298,주식회사케이지이서비스,2023,도입기,1,89.8,55.11,98.86,34.73,33.45,46.22,53.0,위험
1278146412,금강도시환경주식회사,2021,성숙기,0,0.0,60.1,93.3,37.74,0.02,14.55,15.0,매우 안정
1278146412,금강도시환경주식회사,2022,성장기,0,15.4,0.0,97.61,47.02,0.08,24.41,16.5,매우 안정
1278146412,금강도시환경주식회사,2023,쇠퇴기,0,100.0,55.11,98.86,34.73,0.07,56.73,37.3,안정
1278146412,금강도시환경주식회사,2024,성숙기,0,0.0,68.67,100.0,46.15,0.15,38.46,17.7,매우 안정
1278149267,주식회사대아산업개발,2018,성장기,0,0.0,45.71,59.52,60.57,0.02,21.28,12.3,매우 안정
1278149267,주식회사대아산업개발,2019,성장기,0,16.9,70.0,64.49,64.56,0.01,12.01,17.2,매우 안정
1278149267,주식회사대아산업개발,2020,성장기,0,11.2,100.0,87.2,81.25,0.14,11.23,20.7,매우 안정
1278149267,주식회사대아산업개발,2021,성장기,0,22.2,60.1,93.3,33.65,0.18,14.58,19.3,매우 안정
1278149267,주식회사대아산업개발,2022,성숙기,0,0.0,0.0,97.61,48.55,0.09,24.26,13.5,매우 안정
1278149267,주식회사대아산업개발,2023,성숙기,0,0.0,55.11,98.86,35.43,0.0,56.69,17.2,매우 안정
1278149267,주식회사대아산업개발,2024,성숙기,0,0.0,68.67,100.0,44.33,0.15,38.5,17.7,매우 안정
1278149495,(주)애니테크,2015,성장기,0,0.0,89.44,0.0,49.85,0.03,18.8,7.9,매우 안정
1278149495,(주)애니테크,2016,성숙기,0,3.7,67.33,54.88,45.74,0.01,23.85,13.1,매우 안정
1278149495,(주)애니테크,2017,성숙기,0,9.9,69.01,53.96,60.77,0.08,26.08,15.2,매우 안정
1278149495,(주)애니테크,2018,성숙기,0,3.3,45.71,59.52,56.98,0.17,21.36,12.9,매우 안정
1278149495,(주)애니테크,2019,성숙기,0,0.0,70.0,64.49,66.98,0.01,11.87,13.9,매우 안정
1278149495,(주)애니테크,2020,성숙기,0,0.0,100.0,87.2,81.63,0.03,11.13,18.4,매우 안정
1278149495,(주)애니테크,2021,성숙기,0,0.0,60.1,93.3,34.93,0.02,14.54,14.8,매우 안정
1278149495,(주)애니테크,2022,성숙기,0,0.0,0.0,97.61,43.37,0.22,24.53,13.3,매우 안정
1278149495,(주)애니테크,2023,성숙기,0,0.0,55.11,98.86,31.66,0.03,56.62,17.1,매우 안정
1278149495,(주)애니테크,2024,성숙기,0,0.0,68.67,100.0,39.03,2.93,40.46,19.0,매우 안정
1278167436,(주)참마루이엔티,2019,성장기,0,16.9,70.0,64.49,64.56,0.02,12.02,17.2,매우 안정
1278167436,(주)참마루이엔티,2020,도입기,0,71.5,100.0,87.2,81.25,0.11,11.19,32.7,안정
1278167436,(주)참마루이엔티,2021,조정기,0,30.2,60.1,93.3,37.74,0.01,14.44,21.0,매우 안정
1278167436,(주)참마루이엔티,2022,쇠퇴기,0,100.0,0.0,97.61,53.81,0.61,24.88,34.0,안정
1278167436,(주)참마루이엔티,2024,쇠퇴기,0,68.3,68.67,100.0,48.02,5.23,38.38,34.3,안정
1278178632,도시환경주식회사,2020,성숙기,0,0.0,100.0,87.2,81.25,0.06,11.11,18.4,매우 안정
1278178632,도시환경주식회사,2021,성숙기,0,0.0,60.1,93.3,25.84,0.01,14.49,14.4,매우 안정
1278178632,도시환경주식회사,2022,성숙기,0,0.0,0.0,97.61,38.53,0.05,24.39,12.9,매우 안정
1278606564,그린스톤산업(주),2021,성장기,0,22.2,60.1,93.3,37.74,0.04,14.55,19.4,매우 안정
1278606564,그린스톤산업(주),2022,성장기,0,15.4,0.0,97.61,47.02,0.08,24.39,16.5,매우 안정
1278606564,그린스톤산업(주),2023,성장기,0,27.2,55.11,98.86,34.73,0.01,56.7,22.7,매우 안정
1278606564,그린스톤산업(주),2024,성장기,0,27.8,68.67,100.0,43.65,0.17,38.51,23.2,매우 안정
1278606661,(주)엔비텍코리아,2015,성장기,0,0.0,89.44,0.0,49.85,0.06,18.8,7.9,매우 안정
1278606661,(주)엔비텍코리아,2016,성장기,0,0.0,67.33,54.88,45.74,0.2,23.98,12.5,매우 안정
1278606661,(주)엔비텍코리아,2017,성장기,0,0.0,69.01,53.96,60.77,0.08,25.94,13.2,매우 안정
1278606661,(주)엔비텍코리아,2018,성장기,0,0.0,45.71,59.52,25.74,0.01,21.23,10.6,매우 안정
1278606661,(주)엔비텍코리아,2019,성숙기,0,0.0,70.0,64.49,66.53,0.31,12.28,14.1,매우 안정
1278606661,(주)엔비텍코리아,2020,성숙기,0,0.0,100.0,87.2,89.0,0.03,10.85,18.7,매우 안정
1278606661,(주)엔비텍코리아,2021,성숙기,0,0.0,60.1,93.3,49.83,0.03,14.55,15.6,매우 안정
1278606661,(주)엔비텍코리아,2022,성숙기,0,0.0,0.0,97.61,52.24,0.07,24.39,13.6,매우 안정
1278606661,(주)엔비텍코리아,2023,성숙기,0,0.0,55.11,98.86,38.31,0.21,56.8,17.5,매우 안정
1278606661,(주)엔비텍코리아,2024,성숙기,0,0.0,68.67,100.0,47.78,1.5,39.34,18.6,매우 안정
1278617625,(주)이엔테크,2017,성장기,0,0.0,69.01,53.96,60.77,0.05,26.03,13.2,매우 안정
1278617625,(주)이엔테크,2018,성장기,0,0.0,45.71,59.52,60.57,0.38,21.55,12.6,매우 안정
1278617625,(주)이엔테크,2019,성장기,1,16.9,70.0,64.49,64.56,82.39,85.01,66.1,매우 위험
1278623087,포천바이오에너지주식회사,2015,성장기,1,0.0,89.44,0.0,48.61,88.17,95.68,60.2,매우 위험
1278625218,(주)천일에너지,2015,성장기,0,0.0,89.44,0.0,60.83,0.83,18.44,8.9,매우 안정
1278625218,(주)천일에너지,2016,성숙기,0,3.7,67.33,54.88,34.1,0.4,23.55,12.7,매우 안정
1278625218,(주)천일에너지,2017,성숙기,0,9.9,69.01,53.96,49.35,1.31,26.73,15.4,매우 안정
1278625218,(주)천일에너지,2018,성숙기,0,3.3,45.71,59.52,49.31,0.47,20.61,12.7,매우 안정
1278625218,(주)천일에너지,2019,성숙기,0,0.0,70.0,64.49,62.23,10.4,20.85,19.8,매우 안정
1278625218,(주)천일에너지,2020,성숙기,0,0.0,100.0,87.2,84.47,0.73,2.3,18.5,매우 안정
1278625218,(주)천일에너지,2021,성숙기,0,0.0,60.1,93.3,41.7,0.62,14.4,15.5,매우 안정
1278625218,(주)천일에너지,2022,성숙기,0,0.0,0.0,97.61,48.0,0.96,24.59,13.9,매우 안정
1278625218,(주)천일에너지,2023,성숙기,0,0.0,55.11,98.86,35.37,0.75,56.55,17.7,매우 안정
1278625218,(주)천일에너지,2024,성장기,0,27.8,68.67,100.0,43.33,3.57,40.5,25.1,매우 안정
1278631796,동두천드림파워(주),2015,도입기,0,30.9,89.44,0.0,50.13,0.99,18.56,14.6,매우 안정
1278631796,동두천드림파워(주),2016,성숙기,0,3.7,67.33,54.88,47.65,13.46,33.83,21.1,매우 안정
1278631796,동두천드림파워(주),2017,성숙기,1,9.9,69.01,53.96,61.95,91.47,86.58,68.6,매우 위험
1278635661,대재에너지주식회사,2015,성장기,0,0.0,89.44,0.0,51.97,0.39,19.05,8.2,매우 안정
1278635661,대재에너지주식회사,2016,성숙기,0,3.7,67.33,54.88,45.27,0.58,24.02,13.4,매우 안정
1278635661,대재에너지주식회사,2017,성장기,0,0.0,69.01,53.96,60.5,0.23,25.76,13.3,매우 안정
1278635661,대재에너지주식회사,2018,조정기,0,28.3,45.71,59.52,59.65,0.3,21.34,18.1,매우 안정
1278635661,대재에너지주식회사,2019,성숙기,0,0.0,70.0,64.49,61.08,0.12,11.85,13.7,매우 안정
1278635661,대재에너지주식회사,2020,성숙기,0,0.0,100.0,87.2,81.49,0.09,11.08,18.4,매우 안정
1278635661,대재에너지주식회사,2021,성숙기,0,0.0,60.1,93.3,38.91,0.2,14.65,15.1,매우 안정
1278635661,대재에너지주식회사,2022,성숙기,0,0.0,0.0,97.61,47.45,0.59,24.68,13.7,매우 안정
1278635661,대재에너지주식회사,2023,성숙기,0,0.0,55.11,98.86,34.98,0.63,56.71,17.6,매우 안정
1278635661,대재에너지주식회사,2024,성숙기,0,0.0,68.67,100.0,43.37,0.56,38.44,17.8,매우 안정
1278657651,주식회사장원폐차산업,2021,성숙기,0,0.0,60.1,93.3,37.74,0.07,14.55,15.0,매우 안정
1278657651,주식회사장원폐차산업,2022,성숙기,0,0.0,0.0,97.61,47.02,0.07,24.35,13.4,매우 안정
1278657651,주식회사장원폐차산업,2023,성숙기,0,0.0,55.11,98.86,34.73,0.13,56.76,17.3,매우 안정
1278657651,주식회사장원폐차산업,2024,성숙기,0,0.0,68.67,100.0,41.34,0.52,38.69,17.7,매우 안정
1288110746,(주)중산기업,2022,도입기,0,56.5,0.0,97.61,47.02,0.41,24.35,24.9,매우 안정
1288110746,(주)중산기업,2023,도입기,0,89.8,55.11,98.86,34.73,7.5,60.1,39.5,안정
1288110746,(주)중산기업,2024,도입기,1,100.0,68.67,100.0,42.62,63.16,78.8,74.2,매우 위험
1288127761,(주)대길이에스,2015,성숙기,0,8.0,89.44,0.0,52.02,1.33,17.21,10.3,매우 안정
1288127761,(주)대길이에스,2016,도입기,0,27.2,67.33,54.88,51.39,0.25,23.04,18.2,매우 안정
1288127761,(주)대길이에스,2017,쇠퇴기,0,100.0,69.01,53.96,65.74,0.52,26.24,33.7,안정
1288127761,(주)대길이에스,2018,쇠퇴기,0,100.0,45.71,59.52,65.62,6.52,26.12,36.4,안정
1288127761,(주)대길이에스,2019,쇠퇴기,0,100.0,70.0,64.49,78.26,0.39,6.45,34.4,안정
1288127761,(주)대길이에스,2023,쇠퇴기,1,100.0,55.11,98.86,57.36,33.31,56.75,56.7,위험
1288129075,문화기업주식회사,2018,성숙기,0,3.3,45.71,59.52,60.57,0.02,21.28,13.0,매우 안정
1288129075,문화기업주식회사,2019,성숙기,0,0.0,70.0,64.49,64.56,0.02,12.02,13.8,매우 안정
1288129075,문화기업주식회사,2020,성숙기,0,0.0,100.0,87.2,81.25,0.02,11.11,18.3,매우 안정
1288129075,문화기업주식회사,2021,성숙기,0,0.0,60.1,93.3,34.81,0.04,14.57,14.8,매우 안정
1288129075,문화기업주식회사,2022,성장기,0,15.4,0.0,97.61,44.59,2.02,26.08,17.5,매우 안정
1288129075,문화기업주식회사,2023,성장기,0,27.2,55.11,98.86,31.48,0.11,55.64,22.5,매우 안정
1288129075,문화기업주식회사,2024,성숙기,0,0.0,68.67,100.0,39.36,0.49,38.69,17.6,매우 안정
1288198738,(주)에코비트,2015,성장기,0,0.0,89.44,0.0,49.35,0.06,18.79,7.9,매우 안정
1288198738,(주)에코비트,2016,성숙기,0,3.7,67.33,54.88,45.41,0.01,23.83,13.1,매우 안정
1288198738,(주)에코비트,2017,성숙기,0,9.9,69.01,53.96,59.7,0.06,26.07,15.1,매우 안정
1288198738,(주)에코비트,2018,성숙기,0,3.3,45.71,59.52,58.71,0.11,21.32,13.0,매우 안정
1288198738,(주)에코비트,2019,성숙기,0,0.0,70.0,64.49,63.58,0.04,11.95,13.7,매우 안정
1288198738,(주)에코비트,2020,성장기,0,11.2,100.0,87.2,79.08,0.04,11.11,20.5,매우 안정
1288198738,(주)에코비트,2021,성장기,0,22.2,60.1,93.3,37.97,0.02,14.53,19.4,매우 안정
1288198738,(주)에코비트,2022,성장기,0,15.4,0.0,97.61,44.76,0.35,24.65,16.5,매우 안정
1288198738,(주)에코비트,2023,성숙기,0,0.0,55.11,98.86,32.71,0.62,56.83,17.5,매우 안정
1288198738,(주)에코비트,2024,성숙기,0,0.0,68.67,100.0,40.48,3.26,40.35,19.3,매우 안정
1288606795,(주)삼성리사이클링,2015,쇠퇴기,0,100.0,89.44,0.0,56.55,10.31,27.3,34.3,안정
1288606795,(주)삼성리사이클링,2016,쇠퇴기,0,100.0,67.33,54.88,49.54,18.46,30.57,43.0,중립
1288606795,(주)삼성리사이클링,2017,쇠퇴기,0,100.0,69.01,53.96,64.36,0.51,12.12,33.0,안정
1288606795,(주)삼성리사이클링,2018,성장기,0,0.0,45.71,59.52,65.08,3.52,23.71,14.6,매우 안정
1288606795,(주)삼성리사이클링,2019,성장기,0,16.9,70.0,64.49,71.5,19.54,26.22,29.0,매우 안정
1288606795,(주)삼성리사이클링,2020,성장기,1,11.2,100.0,87.2,82.77,56.75,45.51,53.6,위험
1288649057,(주)가나엔텍,2021,성장기,0,22.2,60.1,93.3,37.74,0.02,14.55,19.4,매우 안정
1288649057,(주)가나엔텍,2022,성장기,0,15.4,0.0,97.61,47.02,0.01,24.35,16.4,매우 안정
1288649057,(주)가나엔텍,2023,성장기,0,27.2,55.11,98.86,34.73,0.07,56.77,22.7,매우 안정
1288649057,(주)가나엔텍,2024,성장기,0,27.8,68.67,100.0,40.93,0.01,38.37,23.0,매우 안정
1288662860,주식회사원창에코,2018,성장기,0,0.0,45.71,59.52,60.57,0.02,21.28,12.3,매우 안정
1288662860,주식회사원창에코,2019,도입기,0,50.2,70.0,64.49,64.56,7.71,18.86,28.4,매우 안정
1288662860,주식회사원창에코,2021,성숙기,0,0.0,60.1,93.3,37.74,1.55,14.55,15.8,매우 안정
1288662860,주식회사원창에코,2022,조정기,0,27.0,0.0,97.61,49.98,13.36,34.54,26.7,매우 안정
1288662860,주식회사원창에코,2023,조정기,0,32.9,55.11,98.86,36.65,10.0,53.9,29.2,매우 안정
1288662860,주식회사원창에코,2024,조정기,0,19.7,68.67,100.0,45.13,3.63,35.33,23.4,매우 안정
1298202760,한국지역난방공사,2015,성숙기,0,8.0,89.44,0.0,44.53,0.51,17.84,9.5,매우 안정
1298202760,한국지역난방공사,2016,성장기,0,0.0,67.33,54.88,43.57,0.51,23.88,12.5,매우 안정
1298202760,한국지역난방공사,2017,성장기,0,0.0,69.01,53.96,58.32,0.72,26.19,13.5,매우 안정
1298202760,한국지역난방공사,2018,성장기,0,0.0,45.71,59.52,59.04,0.84,21.38,12.7,매우 안정
1298202760,한국지역난방공사,2019,성장기,0,16.9,70.0,64.49,58.67,5.34,16.01,20.0,매우 안정
1298202760,한국지역난방공사,2020,성장기,0,11.2,100.0,87.2,80.16,0.14,6.37,20.4,매우 안정
1298202760,한국지역난방공사,2021,성장기,0,22.2,60.1,93.3,38.43,2.33,16.65,20.8,매우 안정
1298202760,한국지역난방공사,2022,성장기,0,15.4,0.0,97.61,49.87,8.63,29.65,21.6,매우 안정
1298202760,한국지역난방공사,2023,성장기,0,27.2,55.11,98.86,37.11,0.39,51.99,22.8,매우 안정
1298202760,한국지역난방공사,2024,성장기,0,27.8,68.67,100.0,46.19,0.37,38.44,23.4,매우 안정
1298691280,주식회사주명개발,2019,성장기,0,16.9,70.0,64.49,64.56,0.05,12.02,17.2,매우 안정
1298691280,주식회사주명개발,2020,도입기,0,71.5,100.0,87.2,81.25,1.5,12.44,33.5,안정
1298691280,주식회사주명개발,2021,조정기,0,30.2,60.1,93.3,37.74,1.14,14.12,21.6,매우 안정
1298691280,주식회사주명개발,2022,성장기,0,15.4,0.0,97.61,43.2,0.08,23.32,16.2,매우 안정
1298691280,주식회사주명개발,2023,성숙기,0,0.0,55.11,98.86,31.93,0.0,56.69,17.1,매우 안정
1298691280,주식회사주명개발,2024,성숙기,0,0.0,68.67,100.0,37.73,0.13,38.5,17.3,매우 안정
1298693217,주식회사티에스에너지7호,2017,도입기,0,43.7,69.01,53.96,60.77,0.07,26.03,22.0,매우 안정
1298693217,주식회사티에스에너지7호,2018,성장기,0,0.0,45.71,59.52,,6.11,26.15,,매우 안정
1298693217,주식회사티에스에너지7호,2019,성숙기,0,0.0,70.0,64.49,64.56,0.48,6.91,13.8,매우 안정
1298693217,주식회사티에스에너지7호,2020,성숙기,0,0.0,100.0,87.2,81.25,0.36,10.99,18.5,매우 안정
1298693217,주식회사티에스에너지7호,2021,성숙기,0,0.0,60.1,93.3,36.92,0.94,15.09,15.5,매우 안정
1298693217,주식회사티에스에너지7호,2022,성숙기,0,0.0,0.0,97.61,43.85,0.83,24.17,13.6,매우 안정
1298693217,주식회사티에스에너지7호,2023,성숙기,0,0.0,55.11,98.86,31.32,3.59,57.99,19.1,매우 안정
1298693217,주식회사티에스에너지7호,2024,성숙기,0,0.0,68.67,100.0,39.51,1.12,37.17,17.9,매우 안정
1308176931,우광개발주식회사,2015,성숙기,0,8.0,89.44,0.0,49.85,0.02,18.8,9.5,매우 안정
1308176931,우광개발주식회사,2016,성숙기,0,3.7,67.33,54.88,52.4,0.01,23.86,13.4,매우 안정
1308176931,우광개발주식회사,2017,성장기,0,0.0,69.01,53.96,64.88,0.05,26.06,13.4,매우 안정
1308176931,우광개발주식회사,2018,성장기,0,0.0,45.71,59.52,64.79,0.02,21.26,12.6,매우 안정
1308176931,우광개발주식회사,2019,성숙기,0,0.0,70.0,64.49,69.63,0.04,12.04,14.1,매우 안정
1308176931,우광개발주식회사,2020,성숙기,0,0.0,100.0,87.2,82.93,0.06,11.13,18.5,매우 안정
1308176931,우광개발주식회사,2021,성숙기,0,0.0,60.1,93.3,39.6,0.02,14.5,15.1,매우 안정
1308176931,우광개발주식회사,2022,조정기,0,27.0,0.0,97.61,48.44,0.12,24.44,18.9,매우 안정
1308176931,우광개발주식회사,2023,도입기,0,89.8,55.11,98.86,35.69,0.18,56.76,35.3,안정
1308176931,우광개발주식회사,2024,성장기,0,27.8,68.67,100.0,45.05,0.18,38.42,23.3,매우 안정
1308636633,아경물산주식회사,2017,도입기,0,43.7,69.01,53.96,60.77,0.03,26.03,21.9,매우 안정
1308636633,아경물산주식회사,2018,도입기,0,47.7,45.71,59.52,60.57,0.05,21.3,21.9,매우 안정
1308636633,아경물산주식회사,2019,도입기,0,50.2,70.0,64.49,64.56,0.98,12.85,24.4,매우 안정
1308636633,아경물산주식회사,2020,도입기,0,71.5,100.0,87.2,79.04,0.25,10.44,32.6,안정
1308636633,아경물산주식회사,2021,쇠퇴기,0,100.0,60.1,93.3,36.69,0.12,14.4,35.0,안정
1308636633,아경물산주식회사,2022,성장기,0,15.4,0.0,97.61,53.42,4.55,28.22,19.4,매우 안정
1308636633,아경물산주식회사,2023,성장기,0,27.2,55.11,98.86,39.13,24.64,65.96,36.9,안정
1308636633,아경물산주식회사,2024,성장기,0,27.8,68.67,100.0,48.2,0.89,25.15,23.2,매우 안정
1308801671,합천수상태양광주식회사,2022,성장기,0,15.4,0.0,97.61,47.02,0.25,24.35,16.5,매우 안정
1308801671,합천수상태양광주식회사,2023,성숙기,0,0.0,55.11,98.86,34.73,0.06,56.62,17.2,매우 안정
1308801671,합천수상태양광주식회사,2024,성숙기,0,0.0,68.67,100.0,42.62,0.4,38.65,17.7,매우 안정
1318156656,(주)세명테크,2015,성숙기,0,8.0,89.44,0.0,48.17,1.06,19.11,10.0,매우 안정
1318156656,(주)세명테크,2016,성숙기,0,3.7,67.33,54.88,46.42,3.78,26.06,15.3,매우 안정
1318156656,(주)세명테크,2017,도입기,0,43.7,69.01,53.96,58.6,2.05,24.69,22.9,매우 안정
1318156656,(주)세명테크,2018,도입기,0,47.7,45.71,59.52,59.42,2.69,21.8,23.3,매우 안정
1318156656,(주)세명테크,2019,성장기,0,16.9,70.0,64.49,65.12,50.85,54.84,47.3,중립
1318156656,(주)세명테크,2020,성장기,1,11.2,100.0,87.2,84.92,93.57,50.85,74.2,매우 위험
1318163744,주식회사만성스텐,2015,성숙기,0,8.0,89.44,0.0,52.14,2.0,20.31,10.8,매우 안정
1318163744,주식회사만성스텐,2016,성숙기,0,3.7,67.33,54.88,44.08,14.44,33.83,21.4,매우 안정
1318163744,주식회사만성스텐,2017,성숙기,0,9.9,69.01,53.96,58.04,15.56,26.91,23.6,매우 안정
1318163744,주식회사만성스텐,2018,쇠퇴기,1,100.0,45.71,59.52,58.67,94.11,84.57,87.2,매우 위험
1318178121,디에스그린(주),2020,성장기,0,11.2,100.0,87.2,81.25,0.13,11.11,20.6,매우 안정
1318178121,디에스그린(주),2021,조정기,0,30.2,60.1,93.3,37.74,10.1,24.17,27.0,매우 안정
1318178121,디에스그린(주),2022,도입기,1,56.5,0.0,97.61,47.02,81.14,85.5,72.3,매우 위험
1318601665,에스지개발(주),2016,성숙기,0,3.7,67.33,54.88,45.74,0.04,23.87,13.1,매우 안정
1318601665,에스지개발(주),2017,성장기,0,0.0,69.01,53.96,60.77,0.79,26.61,13.7,매우 안정
1318601665,에스지개발(주),2018,성장기,1,0.0,45.71,59.52,60.57,90.76,93.75,65.9,매우 위험
1318611732,삼덕금속(주),2015,성장기,0,0.0,89.44,0.0,49.85,0.08,18.8,7.9,매우 안정
1318611732,삼덕금속(주),2016,성장기,0,0.0,67.33,54.88,45.74,0.27,24.02,12.5,매우 안정
1318611732,삼덕금속(주),2017,성장기,0,0.0,69.01,53.96,60.77,11.96,35.1,20.2,매우 안정
1318611732,삼덕금속(주),2018,성장기,0,0.0,45.71,59.52,75.61,12.13,21.44,19.8,매우 안정
1318611732,삼덕금속(주),2019,도입기,1,50.2,70.0,64.49,67.03,61.34,55.63,59.9,위험
1318635898,청정포항주식회사,2015,도입기,0,30.9,89.44,0.0,49.85,0.54,18.41,14.4,매우 안정
1318635898,청정포항주식회사,2016,도입기,0,27.2,67.33,54.88,47.65,4.68,27.18,20.6,매우 안정
1318635898,청정포항주식회사,2017,조정기,0,32.0,69.01,53.96,61.71,10.07,30.22,25.4,매우 안정
1318635898,청정포항주식회사,2018,조정기,1,28.3,45.71,59.52,63.11,98.84,92.8,76.1,매우 위험
1318646885,현대아산태양광발전주식회사,2015,성숙기,0,8.0,89.44,0.0,49.85,0.11,18.65,9.6,매우 안정
1318646885,현대아산태양광발전주식회사,2016,성숙기,0,3.7,67.33,54.88,45.74,0.34,24.05,13.3,매우 안정
1318646885,현대아산태양광발전주식회사,2017,성숙기,0,9.9,69.01,53.96,61.64,0.08,25.83,15.2,매우 안정
1318646885,현대아산태양광발전주식회사,2018,성숙기,0,3.3,45.71,59.52,61.41,0.05,21.26,13.1,매우 안정
1318646885,현대아산태양광발전주식회사,2019,성숙기,0,0.0,70.0,64.49,64.45,0.08,12.04,13.8,매우 안정
1318646885,현대아산태양광발전주식회사,2020,성숙기,0,0.0,100.0,87.2,81.51,0.13,11.15,18.4,매우 안정
1318646885,현대아산태양광발전주식회사,2021,성숙기,0,0.0,60.1,93.3,38.47,0.07,14.48,15.0,매우 안정
1318646885,현대아산태양광발전주식회사,2022,성숙기,0,0.0,0.0,97.61,48.17,0.33,24.57,13.6,매우 안정
1318648700,대산에너지(주),2015,성숙기,0,8.0,89.44,0.0,49.85,1.12,19.64,10.2,매우 안정
1318648700,대산에너지(주),2016,성숙기,0,3.7,67.33,54.88,45.74,0.95,23.76,13.6,매우 안정
1318648700,대산에너지(주),2017,성숙기,0,9.9,69.01,53.96,72.61,1.01,26.08,16.3,매우 안정
1318648700,대산에너지(주),2018,성숙기,0,3.3,45.71,59.52,70.78,0.05,20.51,13.5,매우 안정
1318648700,대산에너지(주),2019,성숙기,0,0.0,70.0,64.49,72.78,0.22,12.16,14.3,매우 안정
1318648700,대산에너지(주),2020,성숙기,0,0.0,100.0,87.2,86.89,0.12,11.02,18.7,매우 안정
1318648700,대산에너지(주),2021,성숙기,0,0.0,60.1,93.3,42.55,0.23,14.65,15.3,매우 안정
1318648700,대산에너지(주),2022,성숙기,0,0.0,0.0,97.61,50.22,0.66,24.71,13.9,매우 안정
1318648700,대산에너지(주),2023,성숙기,0,0.0,55.11,98.86,37.3,0.06,56.39,17.4,매우 안정
1318655327,청정빛고을주식회사,2016,도입기,0,27.2,67.33,54.88,45.74,0.08,23.87,17.8,매우 안정
1318655327,청정빛고을주식회사,2017,성장기,0,0.0,69.01,53.96,60.77,2.22,27.69,14.5,매우 안정
1318655327,청정빛고을주식회사,2018,조정기,0,28.3,45.71,59.52,60.57,0.32,19.76,18.1,매우 안정
1318655327,청정빛고을주식회사,2019,조정기,1,34.0,70.0,64.49,78.85,75.51,78.94,66.2,매우 위험
1318659022,경산맑은물길(주),2016,도입기,0,27.2,67.33,54.88,45.74,0.08,23.87,17.8,매우 안정
1318659022,경산맑은물길(주),2017,성숙기,0,9.9,69.01,53.96,60.77,1.51,27.14,16.1,매우 안정
1318659022,경산맑은물길(주),2018,성숙기,1,3.3,45.71,59.52,60.57,99.24,100.0,71.5,매우 위험
1328112869,한진산업,2015,성장기,0,0.0,89.44,0.0,47.31,0.04,18.78,7.8,매우 안정
1328112869,한진산업,2016,성숙기,0,3.7,67.33,54.88,46.13,0.15,23.96,13.2,매우 안정
1328112869,한진산업,2017,성장기,0,0.0,69.01,53.96,61.62,0.05,25.95,13.3,매우 안정
1328112869,한진산업,2018,성장기,0,0.0,45.71,59.52,60.14,0.0,21.24,12.3,매우 안정
1328112869,한진산업,2019,성장기,0,16.9,70.0,64.49,62.48,0.01,12.03,17.1,매우 안정
1328112869,한진산업,2020,조정기,0,16.3,100.0,87.2,79.86,0.06,11.15,21.6,매우 안정
1328112869,한진산업,2021,성장기,0,22.2,60.1,93.3,35.91,0.02,14.5,19.3,매우 안정
1328112869,한진산업,2022,성숙기,0,0.0,0.0,97.61,50.67,0.14,24.46,13.6,매우 안정
1328112869,한진산업,2023,성장기,0,27.2,55.11,98.86,37.16,0.17,56.74,22.9,매우 안정
1328112869,한진산업,2024,조정기,0,19.7,68.67,100.0,46.64,6.54,42.92,25.4,매우 안정
1328112947,(주)동보TNC,2015,쇠퇴기,1,100.0,89.44,0.0,42.75,100.0,100.0,86.6,매우 위험
1328113382,주식회사원보,2015,성장기,0,0.0,89.44,0.0,54.15,0.21,18.84,8.2,매우 안정
1328113382,주식회사원보,2016,성숙기,0,3.7,67.33,54.88,43.65,0.03,23.73,13.0,매우 안정
1328113382,주식회사원보,2017,성숙기,0,9.9,69.01,53.96,59.61,0.08,26.07,15.2,매우 안정
1328113382,주식회사원보,2018,성장기,0,0.0,45.71,59.52,57.52,0.02,21.24,12.2,매우 안정
1328113382,주식회사원보,2019,성장기,0,16.9,70.0,64.49,64.48,0.05,12.04,17.2,매우 안정
1328113382,주식회사원보,2020,성장기,0,11.2,100.0,87.2,80.01,0.03,11.09,20.5,매우 안정
1328113382,주식회사원보,2021,성장기,0,22.2,60.1,93.3,36.46,0.03,14.55,19.3,매우 안정
1328113382,주식회사원보,2022,성장기,0,15.4,0.0,97.61,45.48,0.06,24.38,16.4,매우 안정
1328113382,주식회사원보,2023,성숙기,0,0.0,55.11,98.86,33.39,0.0,56.71,17.1,매우 안정
1328113382,주식회사원보,2024,성숙기,0,0.0,68.67,100.0,42.07,0.18,38.53,17.6,매우 안정
1328130703,(주)그린환경기술,2018,성장기,1,0.0,45.71,59.52,60.57,97.0,21.28,65.7,매우 위험
1328139043,(주)송림리사이클링,2021,성숙기,0,0.0,60.1,93.3,37.74,0.14,14.55,15.0,매우 안정
1328139043,(주)송림리사이클링,2022,도입기,0,56.5,0.0,97.61,47.02,0.89,25.0,25.2,매우 안정
1328139043,(주)송림리사이클링,2023,성숙기,0,0.0,55.11,98.86,34.73,0.42,56.44,17.4,매우 안정
1328148917,(주)대승메탈,2015,쇠퇴기,0,100.0,89.44,0.0,46.8,3.69,21.56,29.9,매우 안정
1328148917,(주)대승메탈,2016,쇠퇴기,0,100.0,67.33,54.88,46.45,1.65,22.32,33.2,안정
1328148917,(주)대승메탈,2017,성장기,0,0.0,69.01,53.96,60.41,0.79,25.36,13.6,매우 안정
1328148917,(주)대승메탈,2019,성숙기,0,0.0,70.0,64.49,63.91,0.53,12.02,14.0,매우 안정
1328148917,(주)대승메탈,2020,성숙기,0,0.0,100.0,87.2,79.62,0.16,10.77,18.3,매우 안정
1328148917,(주)대승메탈,2021,성숙기,0,0.0,60.1,93.3,33.59,0.27,14.64,14.9,매우 안정
1328148917,(주)대승메탈,2022,성숙기,0,0.0,0.0,97.61,49.33,0.37,24.42,13.7,매우 안정
1328148917,(주)대승메탈,2023,성숙기,0,0.0,55.11,98.86,36.21,0.21,56.63,17.4,매우 안정
1328148917,(주)대승메탈,2024,도입기,0,100.0,68.67,100.0,44.42,0.33,38.51,37.8,안정
1328163107,(주)대신환경기술,2019,성숙기,0,0.0,70.0,64.49,64.56,0.01,12.02,13.8,매우 안정
1328163107,(주)대신환경기술,2020,성장기,0,11.2,100.0,87.2,81.25,0.04,11.13,20.6,매우 안정
1328163107,(주)대신환경기술,2021,조정기,0,30.2,60.1,93.3,37.74,2.06,16.49,22.2,매우 안정
1328163107,(주)대신환경기술,2022,성숙기,0,0.0,0.0,97.61,47.16,2.54,24.58,14.7,매우 안정
1328163107,(주)대신환경기술,2023,성숙기,0,0.0,55.11,98.86,34.53,0.14,55.35,17.2,매우 안정
1328163107,(주)대신환경기술,2024,성숙기,0,0.0,68.67,100.0,42.11,1.28,39.23,18.2,매우 안정
1328169213,주식회사알씨,2016,성장기,0,0.0,67.33,54.88,45.74,0.07,23.87,12.4,매우 안정
1328169213,주식회사알씨,2017,성숙기,0,9.9,69.01,53.96,60.77,0.14,26.08,15.2,매우 안정
1328169213,주식회사알씨,2018,성장기,0,0.0,45.71,59.52,60.57,0.08,21.24,12.4,매우 안정
1328169213,주식회사알씨,2019,성숙기,0,0.0,70.0,64.49,67.23,0.25,12.16,14.1,매우 안정
1328169213,주식회사알씨,2020,성장기,0,11.2,100.0,87.2,83.3,0.09,10.97,20.7,매우 안정
1328169213,주식회사알씨,2021,성장기,0,22.2,60.1,93.3,39.88,0.41,14.84,19.7,매우 안정
1328169213,주식회사알씨,2022,성장기,0,15.4,0.0,97.61,56.31,1.09,24.91,17.5,매우 안정
1328169213,주식회사알씨,2023,성장기,0,27.2,55.11,98.86,41.4,2.11,57.13,24.2,매우 안정
1328169213,주식회사알씨,2024,성장기,0,27.8,68.67,100.0,51.61,1.77,38.46,24.5,매우 안정
1338112275,태서리사이클링(주),2015,성숙기,0,8.0,89.44,0.0,52.73,1.23,19.3,10.4,매우 안정
1338112275,태서리사이클링(주),2016,성숙기,0,3.7,67.33,54.88,48.82,1.11,23.8,13.8,매우 안정
1338112275,태서리사이클링(주),2017,성숙기,0,9.9,69.01,53.96,63.48,0.81,25.79,15.7,매우 안정
1338112275,태서리사이클링(주),2018,성장기,0,0.0,45.71,59.52,63.89,0.27,20.85,12.6,매우 안정
1338112275,태서리사이클링(주),2019,성장기,0,16.9,70.0,64.49,67.4,8.47,19.31,22.3,매우 안정
1338112275,태서리사이클링(주),2020,조정기,0,16.3,100.0,87.2,87.35,12.6,14.98,29.0,매우 안정
1338112275,태서리사이클링(주),2021,성숙기,1,0.0,60.1,93.3,45.28,85.77,84.58,66.0,매우 위험
1338122550,동화산업(주),2015,쇠퇴기,0,100.0,89.44,0.0,41.58,0.26,18.87,27.6,매우 안정
1338122550,동화산업(주),2016,조정기,0,25.4,67.33,54.88,44.65,0.82,24.32,17.8,매우 안정
1338122550,동화산업(주),2017,도입기,0,43.7,69.01,53.96,60.23,0.21,25.56,22.0,매우 안정
1338122550,동화산업(주),2018,도입기,0,47.7,45.71,59.52,63.66,1.91,22.65,23.1,매우 안정
1338122550,동화산업(주),2019,도입기,0,50.2,70.0,64.49,66.3,3.91,13.76,26.1,매우 안정
1338122550,동화산업(주),2020,도입기,0,71.5,100.0,87.2,87.11,5.09,12.23,35.8,안정
1338122550,동화산업(주),2021,도입기,0,72.6,60.1,93.3,42.53,3.23,12.51,31.4,안정
1338122550,동화산업(주),2022,도입기,0,56.5,0.0,97.61,59.69,7.24,27.56,29.4,매우 안정
1338122550,동화산업(주),2023,쇠퇴기,0,100.0,55.11,98.86,44.04,32.41,68.14,56.1,위험
1338122550,동화산업(주),2024,도입기,1,100.0,68.67,100.0,54.5,30.24,41.52,54.9,위험
1338127763,성진종합전기(주),2018,성장기,0,0.0,45.71,59.52,60.57,0.02,21.28,12.3,매우 안정
1338127763,성진종합전기(주),2019,성장기,0,16.9,70.0,64.49,64.56,0.09,12.08,17.2,매우 안정
1338127763,성진종합전기(주),2020,성장기,0,11.2,100.0,87.2,81.25,0.03,11.05,20.6,매우 안정
1338127763,성진종합전기(주),2021,성장기,0,22.2,60.1,93.3,38.68,0.18,14.69,19.5,매우 안정
1338127763,성진종합전기(주),2022,도입기,0,56.5,0.0,97.61,48.86,0.32,24.46,24.9,매우 안정
1338127763,성진종합전기(주),2023,성장기,0,27.2,55.11,98.86,36.95,0.07,56.59,22.8,매우 안정
1338127763,성진종합전기(주),2024,성숙기,0,0.0,68.67,100.0,43.33,0.16,38.47,17.6,매우 안정
1348102799,한국환경개발주식회사,2015,성장기,0,0.0,89.44,0.0,48.94,0.08,18.86,7.9,매우 안정
1348102799,한국환경개발주식회사,2016,성장기,0,0.0,67.33,54.88,45.44,0.07,23.86,12.4,매우 안정
1348102799,한국환경개발주식회사,2017,성숙기,0,9.9,69.01,53.96,60.11,0.1,26.05,15.2,매우 안정
1348102799,한국환경개발주식회사,2018,성숙기,0,3.3,45.71,59.52,58.98,0.0,21.2,12.9,매우 안정
1348102799,한국환경개발주식회사,2019,성숙기,0,0.0,70.0,64.49,64.08,0.02,12.04,13.8,매우 안정
1348102799,한국환경개발주식회사,2020,성숙기,0,0.0,100.0,87.2,80.05,0.1,11.18,18.3,매우 안정
1348102799,한국환경개발주식회사,2021,성숙기,0,0.0,60.1,93.3,36.9,0.02,14.46,14.9,매우 안정
1348102799,한국환경개발주식회사,2022,조정기,0,27.0,0.0,97.61,43.78,0.24,24.54,18.7,매우 안정
1348102799,한국환경개발주식회사,2023,조정기,0,32.9,55.11,98.86,32.26,0.01,56.61,23.7,매우 안정
1348102799,한국환경개발주식회사,2024,조정기,0,19.7,68.67,100.0,39.62,0.07,38.44,21.3,매우 안정
1348108890,대일개발(주),2015,성장기,0,0.0,89.44,0.0,48.63,1.4,19.62,8.7,매우 안정
1348108890,대일개발(주),2016,성장기,0,0.0,67.33,54.88,46.55,0.07,22.84,12.4,매우 안정
1348108890,대일개발(주),2017,성장기,0,0.0,69.01,53.96,61.79,0.68,26.5,13.6,매우 안정
1348108890,대일개발(주),2018,성장기,0,0.0,45.71,59.52,60.66,0.08,20.81,12.4,매우 안정
1348108890,대일개발(주),2019,성숙기,0,0.0,70.0,64.49,63.25,0.04,11.98,13.7,매우 안정
1348108890,대일개발(주),2020,성숙기,0,0.0,100.0,87.2,81.85,0.05,11.12,18.4,매우 안정
1348108890,대일개발(주),2021,성숙기,0,0.0,60.1,93.3,37.82,0.05,14.55,15.0,매우 안정
1348108890,대일개발(주),2022,성장기,0,15.4,0.0,97.61,44.65,0.37,24.63,16.5,매우 안정
1348108890,대일개발(주),2023,성장기,0,27.2,55.11,98.86,32.71,0.32,56.69,22.7,매우 안정
1348108890,대일개발(주),2024,성장기,0,27.8,68.67,100.0,40.05,3.67,40.81,25.1,매우 안정
1348122290,성림유화(주),2015,성숙기,0,8.0,89.44,0.0,51.57,0.36,19.08,9.8,매우 안정
1348122290,성림유화(주),2016,성장기,0,0.0,67.33,54.88,48.38,0.09,23.66,12.5,매우 안정
1348122290,성림유화(주),2017,성장기,0,0.0,69.01,53.96,62.54,0.01,25.97,13.3,매우 안정
1348122290,성림유화(주),2018,성장기,0,0.0,45.71,59.52,63.03,0.01,21.28,12.5,매우 안정
1348122290,성림유화(주),2019,성장기,0,16.9,70.0,64.49,65.74,0.03,12.04,17.2,매우 안정
1348122290,성림유화(주),2020,성숙기,0,0.0,100.0,87.2,81.27,0.04,11.12,18.4,매우 안정
1348122290,성림유화(주),2021,성숙기,0,0.0,60.1,93.3,37.49,0.02,14.53,14.9,매우 안정
1348122290,성림유화(주),2022,성숙기,0,0.0,0.0,97.61,45.55,0.05,24.38,13.3,매우 안정
1348122290,성림유화(주),2023,성숙기,0,0.0,55.11,98.86,33.47,0.0,56.71,17.2,매우 안정
1348122290,성림유화(주),2024,성숙기,0,0.0,68.67,100.0,41.69,0.04,38.43,17.5,매우 안정
1348127219,안산도시개발주식회사,2015,성장기,0,0.0,89.44,0.0,44.07,0.79,19.37,8.1,매우 안정
1348127219,안산도시개발주식회사,2016,성장기,0,0.0,67.33,54.88,51.5,0.38,23.56,12.8,매우 안정
1348127219,안산도시개발주식회사,2017,성숙기,0,9.9,69.01,53.96,64.96,0.31,25.97,15.5,매우 안정
1348127219,안산도시개발주식회사,2018,성숙기,0,3.3,45.71,59.52,64.41,0.16,21.16,13.3,매우 안정
1348127219,안산도시개발주식회사,2019,성숙기,0,0.0,70.0,64.49,65.25,0.21,12.05,13.9,매우 안정
1348127219,안산도시개발주식회사,2020,성숙기,0,0.0,100.0,87.2,81.32,0.03,10.95,18.3,매우 안정
1348127219,안산도시개발주식회사,2021,성숙기,0,0.0,60.1,93.3,37.75,0.1,14.61,15.0,매우 안정
1348127219,안산도시개발주식회사,2022,성숙기,0,0.0,0.0,97.61,46.03,1.5,25.58,14.2,매우 안정
1348127219,안산도시개발주식회사,2023,성숙기,0,0.0,55.11,98.86,34.05,0.17,55.96,17.2,매우 안정
1348127219,안산도시개발주식회사,2024,성숙기,0,0.0,68.67,100.0,42.38,0.03,38.33,17.5,매우 안정
1348136310,현대드럼산업(주),2017,성장기,0,0.0,69.01,53.96,60.77,0.03,26.03,13.2,매우 안정
1348136310,현대드럼산업(주),2018,성장기,0,0.0,45.71,59.52,60.57,0.1,21.34,12.4,매우 안정
1348136310,현대드럼산업(주),2019,성장기,0,16.9,70.0,64.49,64.56,0.42,12.3,17.4,매우 안정
1348140584,부경산업주식회사,2015,성숙기,0,8.0,89.44,0.0,47.72,2.42,20.85,10.8,매우 안정
1348140584,부경산업주식회사,2016,성숙기,0,3.7,67.33,54.88,46.18,0.08,22.05,13.0,매우 안정
1348140584,부경산업주식회사,2017,성장기,0,0.0,69.01,53.96,61.64,0.65,26.47,13.6,매우 안정
1348140584,부경산업주식회사,2018,성숙기,0,3.3,45.71,59.52,60.67,0.01,20.77,13.0,매우 안정
1348140584,부경산업주식회사,2019,성장기,0,16.9,70.0,64.49,61.78,0.0,12.01,17.0,매우 안정
1348140584,부경산업주식회사,2020,성숙기,0,0.0,100.0,87.2,80.28,0.03,11.13,18.3,매우 안정
1348140584,부경산업주식회사,2021,성장기,0,22.2,60.1,93.3,37.45,0.14,14.65,19.5,매우 안정
1348140584,부경산업주식회사,2022,성숙기,0,0.0,0.0,97.61,44.39,0.04,24.25,13.2,매우 안정
1348140584,부경산업주식회사,2023,성숙기,0,0.0,55.11,98.86,32.66,0.0,56.72,17.1,매우 안정
1348140584,부경산업주식회사,2024,성숙기,0,0.0,68.67,100.0,40.26,0.0,38.4,17.4,매우 안정
1348178057,비노텍주식회사,2015,성장기,0,0.0,89.44,0.0,51.27,0.01,18.76,8.0,매우 안정
1348178057,비노텍주식회사,2016,성장기,0,0.0,67.33,54.88,47.69,0.1,23.94,12.5,매우 안정
1348178057,비노텍주식회사,2017,성장기,0,0.0,69.01,53.96,61.03,1.62,27.21,14.1,매우 안정
1348178057,비노텍주식회사,2018,성장기,0,0.0,45.71,59.52,60.61,0.9,20.7,12.8,매우 안정
1348178057,비노텍주식회사,2019,성장기,0,16.9,70.0,64.49,63.97,3.95,14.72,19.4,매우 안정
1348178057,비노텍주식회사,2020,성숙기,0,0.0,100.0,87.2,81.21,0.11,7.61,18.2,매우 안정
1348178057,비노텍주식회사,2021,성숙기,0,0.0,60.1,93.3,36.16,0.12,14.55,14.9,매우 안정
1348178057,비노텍주식회사,2022,성숙기,0,0.0,0.0,97.61,45.72,0.21,24.43,13.4,매우 안정
1348178057,비노텍주식회사,2023,성숙기,0,0.0,55.11,98.86,33.61,0.06,56.64,17.2,매우 안정
1348178057,비노텍주식회사,2024,성숙기,0,0.0,68.67,100.0,41.54,0.47,38.7,17.7,매우 안정
1348178493,(주)지에스이앤알,2015,성장기,0,0.0,89.44,0.0,45.31,8.65,24.61,12.7,매우 안정
1348178493,(주)지에스이앤알,2016,성장기,0,0.0,67.33,54.88,42.32,1.77,18.56,12.9,매우 안정
1348178493,(주)지에스이앤알,2017,성장기,0,0.0,69.01,53.96,57.66,1.98,26.19,14.1,매우 안정
1348178493,(주)지에스이앤알,2018,성장기,0,0.0,45.71,59.52,62.54,0.14,19.81,12.4,매우 안정
1348178493,(주)지에스이앤알,2019,성숙기,0,0.0,70.0,64.49,60.7,0.57,12.4,13.9,매우 안정
1348178493,(주)지에스이앤알,2020,성숙기,0,0.0,100.0,87.2,84.1,2.91,13.26,20.2,매우 안정
1348178493,(주)지에스이앤알,2021,성숙기,0,0.0,60.1,93.3,41.54,1.16,12.71,15.7,매우 안정
1348178493,(주)지에스이앤알,2022,성숙기,0,0.0,0.0,97.61,50.61,0.33,23.52,13.6,매우 안정
1348178493,(주)지에스이앤알,2023,성숙기,0,0.0,55.11,98.86,37.59,0.39,56.74,17.6,매우 안정
1348178493,(주)지에스이앤알,2024,성숙기,0,0.0,68.67,100.0,47.46,0.71,38.68,18.1,매우 안정
1348630761,(주)디와이홀딩스,2015,성숙기,0,8.0,89.44,0.0,46.31,1.08,19.18,9.9,매우 안정
1348630761,(주)디와이홀딩스,2016,성숙기,0,3.7,67.33,54.88,41.17,0.63,23.53,13.2,매우 안정
1348630761,(주)디와이홀딩스,2017,성숙기,0,9.9,69.01,53.96,60.43,0.24,25.73,15.3,매우 안정
1348630761,(주)디와이홀딩스,2018,성숙기,0,3.3,45.71,59.52,59.46,0.17,21.23,13.0,매우 안정
1348630761,(주)디와이홀딩스,2019,성숙기,0,0.0,70.0,64.49,67.74,0.64,12.43,14.3,매우 안정
1348630761,(주)디와이홀딩스,2020,성숙기,0,0.0,100.0,87.2,74.93,2.44,12.77,19.4,매우 안정
1348630761,(주)디와이홀딩스,2021,쇠퇴기,0,100.0,60.1,93.3,44.54,3.94,15.88,37.5,안정
1348630761,(주)디와이홀딩스,2022,쇠퇴기,1,100.0,0.0,97.61,54.63,8.01,27.55,38.3,안정
1348683249,(주)안산이에스,2015,도입기,1,30.9,89.44,0.0,49.85,91.45,86.2,67.8,매우 위험
1348684627,(주)에스파워,2015,도입기,0,30.9,89.44,0.0,,0.49,16.17,,매우 안정
1348684627,(주)에스파워,2016,도입기,0,27.2,67.33,54.88,45.74,1.63,24.79,18.7,매우 안정
1348684627,(주)에스파워,2017,성숙기,0,9.9,69.01,53.96,55.01,3.17,27.23,16.7,매우 안정
1348684627,(주)에스파워,2018,성숙기,1,3.3,45.71,59.52,60.69,90.61,91.71,66.4,매우 위험
1348714434,이지에코텍(주),2015,성숙기,0,8.0,89.44,0.0,49.85,2.82,21.3,11.2,매우 안정
1348714434,이지에코텍(주),2016,성숙기,0,3.7,67.33,54.88,45.74,3.54,24.5,15.1,매우 안정
1358113381,정일산업(주),2015,성숙기,0,8.0,89.44,0.0,49.85,0.27,18.86,9.7,매우 안정
1358113381,정일산업(주),2017,성장기,0,0.0,69.01,53.96,62.69,0.01,26.03,13.3,매우 안정
1358113381,정일산업(주),2018,성숙기,0,3.3,45.71,59.52,63.31,0.02,21.29,13.1,매우 안정
1358113381,정일산업(주),2019,성숙기,0,0.0,70.0,64.49,67.1,0.02,12.02,13.9,매우 안정
1358113381,정일산업(주),2020,성숙기,0,0.0,100.0,87.2,87.42,0.04,11.13,18.7,매우 안정
1358113381,정일산업(주),2021,성숙기,0,0.0,60.1,93.3,39.78,0.02,14.53,15.1,매우 안정
1358113381,정일산업(주),2022,성숙기,0,0.0,0.0,97.61,47.15,0.06,24.39,13.4,매우 안정
1358113381,정일산업(주),2023,성숙기,0,0.0,55.11,98.86,34.73,0.01,56.71,17.2,매우 안정
1358113381,정일산업(주),2024,성숙기,0,0.0,68.67,100.0,43.24,0.19,38.53,17.6,매우 안정
1358130283,(주)대흥엠앤티,2015,도입기,0,30.9,89.44,0.0,49.12,4.89,23.07,17.0,매우 안정
1358130283,(주)대흥엠앤티,2016,성숙기,0,3.7,67.33,54.88,44.89,0.15,20.19,12.9,매우 안정
1358130283,(주)대흥엠앤티,2017,조정기,0,32.0,69.01,53.96,59.11,0.16,26.04,19.6,매우 안정
1358130283,(주)대흥엠앤티,2019,도입기,0,50.2,70.0,64.49,64.05,0.08,12.02,23.8,매우 안정
1358130283,(주)대흥엠앤티,2020,성장기,0,11.2,100.0,87.2,77.23,0.11,11.13,20.4,매우 안정
1358130283,(주)대흥엠앤티,2021,쇠퇴기,0,100.0,60.1,93.3,28.81,0.11,14.54,34.6,안정
1358130283,(주)대흥엠앤티,2022,성숙기,0,0.0,0.0,97.61,41.09,0.11,24.35,13.1,매우 안정
1358130283,(주)대흥엠앤티,2023,도입기,0,89.8,55.11,98.86,30.2,0.14,56.75,35.0,안정
1358130283,(주)대흥엠앤티,2024,성장기,0,27.8,68.67,100.0,38.06,0.07,38.37,22.9,매우 안정
1358131002,"주식회사한국의료환경(HangukmedicalEcoCo.,Ltd.)",2015,성숙기,0,8.0,89.44,0.0,48.93,0.47,18.75,9.7,매우 안정
1358131002,"주식회사한국의료환경(HangukmedicalEcoCo.,Ltd.)",2016,성숙기,0,3.7,67.33,54.88,48.38,0.09,23.58,13.2,매우 안정
1358131002,"주식회사한국의료환경(HangukmedicalEcoCo.,Ltd.)",2017,성숙기,0,9.9,69.01,53.96,63.22,0.03,25.98,15.3,매우 안정
1358131002,"주식회사한국의료환경(HangukmedicalEcoCo.,Ltd.)",2018,성숙기,0,3.3,45.71,59.52,62.24,0.01,21.27,13.1,매우 안정
1358131002,"주식회사한국의료환경(HangukmedicalEcoCo.,Ltd.)",2019,성숙기,0,0.0,70.0,64.49,66.79,0.05,12.05,13.9,매우 안정
1358131002,"주식회사한국의료환경(HangukmedicalEcoCo.,Ltd.)",2020,조정기,0,16.3,100.0,87.2,82.75,0.02,11.08,21.7,매우 안정
1358131002,"주식회사한국의료환경(HangukmedicalEcoCo.,Ltd.)",2021,성숙기,0,0.0,60.1,93.3,37.19,0.01,14.54,14.9,매우 안정
1358131002,"주식회사한국의료환경(HangukmedicalEcoCo.,Ltd.)",2022,성숙기,0,0.0,0.0,97.61,46.25,0.01,24.36,13.3,매우 안정
1358131002,"주식회사한국의료환경(HangukmedicalEcoCo.,Ltd.)",2023,성숙기,0,0.0,55.11,98.86,33.91,0.07,56.77,17.2,매우 안정
1358131002,"주식회사한국의료환경(HangukmedicalEcoCo.,Ltd.)",2024,성숙기,0,0.0,68.67,100.0,43.74,0.06,38.4,17.6,매우 안정
1358137118,(주)에코필,2015,조정기,0,30.6,89.44,0.0,35.03,9.16,26.54,18.7,매우 안정
1358137118,(주)에코필,2016,도입기,0,27.2,67.33,54.88,31.74,7.92,23.06,21.4,매우 안정
1358137118,(주)에코필,2017,쇠퇴기,0,100.0,69.01,53.96,50.38,2.0,21.44,33.5,안정
1358137118,(주)에코필,2018,성장기,0,0.0,45.71,59.52,50.04,0.12,19.78,11.8,매우 안정
1358137118,(주)에코필,2019,성장기,0,16.9,70.0,64.49,58.23,0.11,12.01,16.9,매우 안정
1358137118,(주)에코필,2020,성장기,0,11.2,100.0,87.2,83.77,0.39,11.36,20.9,매우 안정
1358137118,(주)에코필,2021,성장기,0,22.2,60.1,93.3,40.3,0.07,14.23,19.5,매우 안정
1358137118,(주)에코필,2022,성숙기,0,0.0,0.0,97.61,52.41,0.11,24.38,13.7,매우 안정
1358137118,(주)에코필,2023,성숙기,0,0.0,55.11,98.86,39.34,0.04,56.7,17.5,매우 안정
1358137118,(주)에코필,2024,성장기,0,27.8,68.67,100.0,50.34,0.09,38.44,23.5,매우 안정
1358169717,주식회사지솔알이에이치,2015,성숙기,0,8.0,89.44,0.0,49.85,0.22,18.91,9.6,매우 안정
1358169717,주식회사지솔알이에이치,2016,성숙기,0,3.7,67.33,54.88,41.77,0.02,23.72,12.9,매우 안정
1358169717,주식회사지솔알이에이치,2017,성숙기,0,9.9,69.01,53.96,58.62,0.01,26.02,15.1,매우 안정
1358169717,주식회사지솔알이에이치,2018,성숙기,0,3.3,45.71,59.52,57.68,0.01,21.28,12.9,매우 안정
1358169717,주식회사지솔알이에이치,2019,성숙기,0,0.0,70.0,64.49,63.07,0.03,12.04,13.7,매우 안정
1358169717,주식회사지솔알이에이치,2020,성숙기,0,0.0,100.0,87.2,84.7,0.03,11.11,18.5,매우 안정
1358169717,주식회사지솔알이에이치,2021,성숙기,0,0.0,60.1,93.3,40.12,0.02,14.54,15.1,매우 안정
1358169717,주식회사지솔알이에이치,2022,성숙기,0,0.0,0.0,97.61,48.89,0.02,24.36,13.4,매우 안정
1358169717,주식회사지솔알이에이치,2023,성숙기,0,0.0,55.11,98.86,35.94,0.0,56.73,17.3,매우 안정
1358169717,주식회사지솔알이에이치,2024,성숙기,0,0.0,68.67,100.0,44.14,0.0,38.4,17.6,매우 안정
1358623318,주식회사가이아에너지,2019,도입기,0,50.2,70.0,64.49,64.56,0.02,12.02,23.8,매우 안정
1358623318,주식회사가이아에너지,2020,성숙기,0,0.0,100.0,87.2,81.25,0.12,11.2,18.4,매우 안정
1358623318,주식회사가이아에너지,2021,도입기,0,72.6,60.1,93.3,37.74,0.59,14.99,29.8,매우 안정
1358632549,주식회사신승에너지,2017,도입기,0,43.7,69.01,53.96,60.77,0.08,26.03,22.0,매우 안정
1358632549,주식회사신승에너지,2018,성장기,0,0.0,45.71,59.52,,1.64,22.54,,매우 안정
1358632549,주식회사신승에너지,2019,성장기,0,16.9,70.0,64.49,64.56,3.83,13.94,19.4,매우 안정
1358632549,주식회사신승에너지,2020,성장기,0,11.2,100.0,87.2,81.25,0.39,7.97,20.6,매우 안정
1358632549,주식회사신승에너지,2021,조정기,0,30.2,60.1,93.3,25.51,0.1,14.25,20.4,매우 안정
1358632549,주식회사신승에너지,2022,성숙기,0,0.0,0.0,97.61,24.44,0.22,24.46,12.3,매우 안정
1358632549,주식회사신승에너지,2023,성숙기,0,0.0,55.11,98.86,8.38,0.06,56.64,15.9,매우 안정
1358632549,주식회사신승에너지,2024,성숙기,0,0.0,68.67,100.0,14.28,0.97,39.05,16.6,매우 안정
1358646723,(주)비앤엠,2022,도입기,0,56.5,0.0,97.61,47.02,0.4,24.35,24.8,매우 안정
1358646723,(주)비앤엠,2023,도입기,0,89.8,55.11,98.86,34.73,89.33,99.34,86.4,매우 위험
1358646723,(주)비앤엠,2024,도입기,1,100.0,68.67,100.0,42.62,57.08,28.42,68.4,매우 위험
1368111921,(주)수도권서부자원순환센터,2015,성숙기,0,8.0,89.44,0.0,52.7,3.36,9.17,11.0,매우 안정
1368111921,(주)수도권서부자원순환센터,2016,성숙기,0,3.7,67.33,54.88,47.12,0.13,21.37,13.1,매우 안정
1368111921,(주)수도권서부자원순환센터,2017,성숙기,0,9.9,69.01,53.96,62.68,0.29,26.15,15.4,매우 안정
1368111921,(주)수도권서부자원순환센터,2018,성숙기,0,3.3,45.71,59.52,62.4,0.03,21.07,13.1,매우 안정
1368111921,(주)수도권서부자원순환센터,2019,조정기,0,34.0,70.0,64.49,65.42,0.04,12.03,20.6,매우 안정
1368111921,(주)수도권서부자원순환센터,2020,조정기,0,16.3,100.0,87.2,89.38,0.06,11.13,22.0,매우 안정
1368111921,(주)수도권서부자원순환센터,2021,조정기,0,30.2,60.1,93.3,41.08,0.04,14.53,21.2,매우 안정
1368111921,(주)수도권서부자원순환센터,2022,성숙기,0,0.0,0.0,97.61,57.74,0.02,24.34,13.9,매우 안정
1368111921,(주)수도권서부자원순환센터,2023,성숙기,0,0.0,55.11,98.86,42.49,0.04,56.75,17.6,매우 안정
1368111921,(주)수도권서부자원순환센터,2024,성숙기,0,0.0,68.67,100.0,52.3,0.01,38.38,18.0,매우 안정
1368113652,(주)장형기업,2015,조정기,0,30.6,89.44,0.0,53.23,0.92,15.19,14.5,매우 안정
1368113652,(주)장형기업,2016,성숙기,0,3.7,67.33,54.88,51.42,0.38,23.46,13.5,매우 안정
1368113652,(주)장형기업,2017,성숙기,0,9.9,69.01,53.96,64.48,0.34,26.0,15.5,매우 안정
1368113652,(주)장형기업,2018,성숙기,0,3.3,45.71,59.52,64.44,0.25,21.21,13.3,매우 안정
1368113652,(주)장형기업,2019,쇠퇴기,0,100.0,70.0,64.49,66.46,0.31,12.06,34.0,안정
1368113652,(주)장형기업,2020,조정기,0,16.3,100.0,87.2,83.4,0.08,10.9,21.7,매우 안정
1368113652,(주)장형기업,2021,성장기,0,22.2,60.1,93.3,40.87,0.39,14.84,19.8,매우 안정
1368113652,(주)장형기업,2022,성장기,0,15.4,0.0,97.61,50.88,0.22,24.17,16.7,매우 안정
1368113652,(주)장형기업,2023,성장기,0,27.2,55.11,98.86,37.63,0.18,56.7,22.9,매우 안정
1368113652,(주)장형기업,2024,성장기,0,27.8,68.67,100.0,46.41,3.13,40.51,25.1,매우 안정
1368122490,신대한정유산업주식회사,2015,성장기,0,0.0,89.44,0.0,48.99,0.05,18.81,7.9,매우 안정
1368122490,신대한정유산업주식회사,2016,성장기,0,0.0,67.33,54.88,42.25,0.11,23.92,12.2,매우 안정
1368122490,신대한정유산업주식회사,2017,성장기,0,0.0,69.01,53.96,58.19,0.09,26.01,13.1,매우 안정
1368122490,신대한정유산업주식회사,2018,성장기,0,0.0,45.71,59.52,59.9,0.04,21.24,12.3,매우 안정
1368122490,신대한정유산업주식회사,2019,성장기,0,16.9,70.0,64.49,63.07,0.06,12.04,17.1,매우 안정
1368122490,신대한정유산업주식회사,2020,성장기,0,11.2,100.0,87.2,80.8,0.04,11.09,20.6,매우 안정
1368122490,신대한정유산업주식회사,2021,성장기,0,22.2,60.1,93.3,36.95,2.28,16.71,20.7,매우 안정
1368122490,신대한정유산업주식회사,2022,성장기,0,15.4,0.0,97.61,45.12,21.89,41.28,29.2,매우 안정
1368122490,신대한정유산업주식회사,2023,성장기,1,27.2,55.11,98.86,32.96,17.87,52.79,32.2,안정
1368123067,세방정유주식회사,2015,쇠퇴기,0,100.0,89.44,0.0,49.85,0.17,18.85,28.0,매우 안정
1368123067,세방정유주식회사,2016,성장기,0,0.0,67.33,54.88,45.74,0.99,24.53,12.9,매우 안정
1368123067,세방정유주식회사,2022,성숙기,0,0.0,0.0,97.61,37.4,0.05,24.35,12.9,매우 안정
1368123067,세방정유주식회사,2023,성숙기,0,0.0,55.11,98.86,7.7,0.14,56.78,15.9,매우 안정
1368123067,세방정유주식회사,2024,성숙기,0,0.0,68.67,100.0,44.0,1.28,39.23,18.3,매우 안정
1368131567,아이케이,2015,성장기,0,0.0,89.44,0.0,48.93,0.03,17.93,7.8,매우 안정
1368131567,아이케이,2016,성숙기,0,3.7,67.33,54.88,54.71,0.01,23.85,13.5,매우 안정
1368131567,아이케이,2017,성숙기,0,9.9,69.01,53.96,68.67,0.13,26.12,15.6,매우 안정
1368131567,아이케이,2018,성숙기,0,3.3,45.71,59.52,67.73,0.06,21.23,13.4,매우 안정
1368131567,아이케이,2019,성숙기,0,0.0,70.0,64.49,69.4,0.02,11.98,14.0,매우 안정
1368131567,아이케이,2020,성숙기,0,0.0,100.0,87.2,87.16,0.01,11.1,18.6,매우 안정
1368131567,아이케이,2021,성장기,0,22.2,60.1,93.3,42.14,0.05,14.59,19.6,매우 안정
1368131567,아이케이,2022,성장기,0,15.4,0.0,97.61,50.1,0.04,24.34,16.6,매우 안정
1368131567,아이케이,2023,성숙기,0,0.0,55.11,98.86,37.02,2.97,58.14,19.0,매우 안정
1368131567,아이케이,2024,성숙기,0,0.0,68.67,100.0,46.91,0.0,36.73,17.6,매우 안정
1368701217,(주)장호원환경,2018,도입기,0,47.7,45.71,59.52,60.57,0.02,21.28,21.9,매우 안정
1368701217,(주)장호원환경,2019,도입기,0,50.2,70.0,64.49,,7.69,18.84,,매우 안정
1368701217,(주)장호원환경,2020,도입기,1,71.5,100.0,87.2,81.25,100.0,96.1,91.9,매우 위험
1378102459,인천도시가스(주),2015,성숙기,0,8.0,89.44,0.0,48.67,0.96,19.45,10.0,매우 안정
1378102459,인천도시가스(주),2016,성숙기,0,3.7,67.33,54.88,41.7,0.07,23.18,12.9,매우 안정
1378102459,인천도시가스(주),2017,성숙기,0,9.9,69.01,53.96,56.61,0.09,26.05,15.0,매우 안정
1378102459,인천도시가스(주),2018,성숙기,0,3.3,45.71,59.52,57.45,0.54,21.65,13.1,매우 안정
1378102459,인천도시가스(주),2019,성숙기,0,0.0,70.0,64.49,61.02,0.03,11.55,13.6,매우 안정
1378102459,인천도시가스(주),2020,성숙기,0,0.0,100.0,87.2,79.6,0.14,11.21,18.3,매우 안정
1378102459,인천도시가스(주),2021,성숙기,0,0.0,60.1,93.3,37.74,0.41,14.79,15.2,매우 안정
1378102459,인천도시가스(주),2022,성숙기,0,0.0,0.0,97.61,47.04,0.21,24.15,13.4,매우 안정
1378102459,인천도시가스(주),2023,성숙기,0,0.0,55.11,98.86,34.9,0.07,56.65,17.3,매우 안정
1378102459,인천도시가스(주),2024,성숙기,0,0.0,68.67,100.0,42.91,0.08,38.42,17.5,매우 안정
1378104025,삼정가스공업(주),2015,성장기,0,0.0,89.44,0.0,49.15,0.58,18.17,8.2,매우 안정
1378104025,삼정가스공업(주),2016,성장기,0,0.0,67.33,54.88,45.75,0.15,23.54,12.4,매우 안정
1378104025,삼정가스공업(주),2017,성장기,0,0.0,69.01,53.96,60.56,0.33,26.17,13.4,매우 안정
1378104025,삼정가스공업(주),2018,성장기,0,0.0,45.71,59.52,60.04,0.14,21.13,12.4,매우 안정
1378104025,삼정가스공업(주),2019,성장기,0,16.9,70.0,64.49,64.13,0.08,11.96,17.2,매우 안정
1378104025,삼정가스공업(주),2020,성장기,0,11.2,100.0,87.2,81.38,0.04,11.07,20.6,매우 안정
1378104025,삼정가스공업(주),2021,성장기,0,22.2,60.1,93.3,37.98,0.03,14.54,19.4,매우 안정
1378104025,삼정가스공업(주),2022,성장기,0,15.4,0.0,97.61,48.67,0.15,24.46,16.6,매우 안정
1378104025,삼정가스공업(주),2023,성숙기,0,0.0,55.11,98.86,35.9,0.1,56.7,17.3,매우 안정
1378104025,삼정가스공업(주),2024,성숙기,0,0.0,68.67,100.0,43.98,0.31,38.57,17.7,매우 안정
1378109582,(주)케이비아이텍,2015,성장기,0,0.0,89.44,0.0,49.2,0.02,18.79,7.9,매우 안정
1378109582,(주)케이비아이텍,2016,성숙기,0,3.7,67.33,54.88,44.91,0.02,23.87,13.0,매우 안정
1378109582,(주)케이비아이텍,2017,성장기,0,0.0,69.01,53.96,59.92,0.01,26.02,13.1,매우 안정
1378109582,(주)케이비아이텍,2018,성장기,0,0.0,45.71,59.52,59.02,0.01,21.28,12.3,매우 안정
1378109582,(주)케이비아이텍,2019,성장기,0,16.9,70.0,64.49,65.51,0.01,12.02,17.2,매우 안정
1378109582,(주)케이비아이텍,2020,성장기,0,11.2,100.0,87.2,78.39,0.16,11.25,20.5,매우 안정
1378109582,(주)케이비아이텍,2021,성숙기,0,0.0,60.1,93.3,38.09,0.05,14.43,15.0,매우 안정
1378109582,(주)케이비아이텍,2022,성숙기,0,0.0,0.0,97.61,51.09,0.18,24.46,13.6,매우 안정
1378109582,(주)케이비아이텍,2023,성숙기,0,0.0,55.11,98.86,37.68,0.0,56.64,17.4,매우 안정
1378109582,(주)케이비아이텍,2024,성숙기,0,0.0,68.67,100.0,46.66,0.0,38.4,17.7,매우 안정
1378116313,대한강업주식회사,2015,성장기,0,0.0,89.44,0.0,50.64,0.19,18.77,8.0,매우 안정
1378116313,대한강업주식회사,2016,성장기,0,0.0,67.33,54.88,42.99,0.08,23.79,12.2,매우 안정
1378116313,대한강업주식회사,2017,성장기,0,0.0,69.01,53.96,59.33,0.16,26.09,13.2,매우 안정
1378116313,대한강업주식회사,2018,성장기,0,0.0,45.71,59.52,60.55,0.18,21.3,12.4,매우 안정
1378116313,대한강업주식회사,2019,도입기,0,50.2,70.0,64.49,65.21,0.86,12.62,24.4,매우 안정
1378116313,대한강업주식회사,2020,조정기,0,16.3,100.0,87.2,87.53,7.59,17.3,26.4,매우 안정
1378116313,대한강업주식회사,2021,도입기,0,72.6,60.1,93.3,41.03,0.27,7.11,29.4,매우 안정
1378116313,대한강업주식회사,2022,성장기,0,15.4,0.0,97.61,70.17,0.63,24.65,17.9,매우 안정
1378116313,대한강업주식회사,2023,조정기,0,32.9,55.11,98.86,51.9,2.51,57.58,26.1,매우 안정
1378116313,대한강업주식회사,2024,성숙기,0,0.0,68.67,100.0,63.8,3.34,39.34,20.4,매우 안정
1378119760,(주)그린엔텍,2017,성숙기,0,9.9,69.01,53.96,60.77,0.02,26.03,15.2,매우 안정
1378119760,(주)그린엔텍,2018,성숙기,0,3.3,45.71,59.52,60.57,0.19,21.42,13.1,매우 안정
1378119760,(주)그린엔텍,2019,성숙기,0,0.0,70.0,64.49,64.56,0.03,11.87,13.8,매우 안정
1378119760,(주)그린엔텍,2020,성숙기,0,0.0,100.0,87.2,78.83,0.05,11.13,18.2,매우 안정
1378119760,(주)그린엔텍,2021,성숙기,0,0.0,60.1,93.3,37.05,0.01,14.5,14.9,매우 안정
1378119760,(주)그린엔텍,2022,성숙기,0,0.0,0.0,97.61,44.16,0.01,24.36,13.2,매우 안정
1378119760,(주)그린엔텍,2023,성숙기,0,0.0,55.11,98.86,32.44,0.0,56.73,17.1,매우 안정
1378119760,(주)그린엔텍,2024,성숙기,0,0.0,68.67,100.0,40.27,0.01,38.41,17.4,매우 안정
1378124244,동아공사주식회사,2016,성숙기,0,3.7,67.33,54.88,54.29,0.0,23.87,13.5,매우 안정
1378124244,동아공사주식회사,2017,성숙기,0,9.9,69.01,53.96,73.13,0.0,26.03,15.8,매우 안정
1378124244,동아공사주식회사,2018,성숙기,0,3.3,45.71,59.52,65.41,0.01,21.29,13.2,매우 안정
1378124244,동아공사주식회사,2019,도입기,0,50.2,70.0,64.49,66.64,0.02,12.03,23.9,매우 안정
1378124244,동아공사주식회사,2020,성숙기,0,0.0,100.0,87.2,89.78,0.26,11.33,18.9,매우 안정
1378124244,동아공사주식회사,2021,조정기,0,30.2,60.1,93.3,43.12,0.02,14.3,21.3,매우 안정
1378124244,동아공사주식회사,2022,성숙기,0,0.0,0.0,97.61,55.68,0.01,24.35,13.8,매우 안정
1378124244,동아공사주식회사,2023,성숙기,0,0.0,55.11,98.86,41.04,0.0,56.73,17.5,매우 안정
1378124244,동아공사주식회사,2024,성숙기,0,0.0,68.67,100.0,51.27,0.04,38.43,17.9,매우 안정
1378131987,주식회사케이제이아이,2018,성장기,0,0.0,45.71,59.52,60.57,0.04,21.28,12.4,매우 안정
1378131987,주식회사케이제이아이,2019,성숙기,0,0.0,70.0,64.49,64.56,10.53,21.35,20.0,매우 안정
1378131987,주식회사케이제이아이,2020,조정기,0,16.3,100.0,87.2,81.25,0.27,1.77,21.3,매우 안정
1378131987,주식회사케이제이아이,2021,성장기,0,22.2,60.1,93.3,31.88,0.22,14.48,19.2,매우 안정
1378131987,주식회사케이제이아이,2022,조정기,0,27.0,0.0,97.61,44.89,30.38,50.7,36.6,안정
1378136129,(주)제이엠테크,2023,도입기,0,89.8,55.11,98.86,34.73,11.34,56.75,41.4,중립
1378136129,(주)제이엠테크,2024,성장기,0,27.8,68.67,100.0,82.0,0.13,32.11,24.8,매우 안정
1378142354,우주자원주식회사,2022,성장기,0,15.4,0.0,97.61,47.02,0.06,24.35,16.4,매우 안정
1378142354,우주자원주식회사,2023,도입기,0,89.8,55.11,98.86,34.73,0.15,56.78,35.3,안정
1378142354,우주자원주식회사,2024,도입기,0,100.0,68.67,100.0,42.62,0.15,38.42,37.6,안정
1378158327,(주)유성엔텍,2022,성장기,0,15.4,0.0,97.61,47.02,0.24,24.35,16.5,매우 안정
1378158327,(주)유성엔텍,2023,성숙기,0,0.0,55.11,98.86,34.73,0.01,56.61,17.2,매우 안정
1378158327,(주)유성엔텍,2024,조정기,0,19.7,68.67,100.0,42.62,0.11,38.47,21.5,매우 안정
1378173629,제이아이금속(주),2015,성장기,0,0.0,89.44,0.0,49.85,0.08,18.8,7.9,매우 안정
1378173629,제이아이금속(주),2016,성장기,0,0.0,67.33,54.88,45.74,0.13,23.91,12.4,매우 안정
1378173629,제이아이금속(주),2017,성장기,0,0.0,69.01,53.96,60.77,0.08,25.99,13.2,매우 안정
1378173629,제이아이금속(주),2018,성숙기,0,3.3,45.71,59.52,52.38,0.02,21.24,12.6,매우 안정
1378173629,제이아이금속(주),2019,도입기,0,50.2,70.0,64.49,65.21,2.8,14.49,25.5,매우 안정
1378173629,제이아이금속(주),2020,성장기,0,11.2,100.0,87.2,88.7,6.83,14.84,24.9,매우 안정
1378173629,제이아이금속(주),2021,조정기,0,30.2,60.1,93.3,45.61,3.51,11.0,23.1,매우 안정
1378173629,제이아이금속(주),2022,성숙기,0,0.0,0.0,97.61,58.94,0.15,21.09,13.8,매우 안정
1378173629,제이아이금속(주),2023,성숙기,0,0.0,55.11,98.86,43.57,0.07,56.69,17.7,매우 안정
1378173629,제이아이금속(주),2024,성숙기,0,0.0,68.67,100.0,53.39,16.62,50.1,27.7,매우 안정
1378175821,주식회사순환,2015,조정기,0,30.6,89.44,0.0,52.07,2.68,20.41,15.7,매우 안정
1378175821,주식회사순환,2016,조정기,0,25.4,67.33,54.88,45.43,0.38,22.09,17.5,매우 안정
1378175821,주식회사순환,2017,조정기,0,32.0,69.01,53.96,60.77,0.22,25.9,19.7,매우 안정
1378175821,주식회사순환,2018,성장기,0,0.0,45.71,59.52,61.77,0.12,21.2,12.5,매우 안정
1378175821,주식회사순환,2019,쇠퇴기,0,100.0,70.0,64.49,67.97,0.26,12.14,34.1,안정
1378175821,주식회사순환,2020,조정기,0,16.3,100.0,87.2,90.96,0.12,10.99,22.1,매우 안정
1378175821,주식회사순환,2021,성장기,0,22.2,60.1,93.3,44.14,0.06,14.48,19.7,매우 안정
1378175821,주식회사순환,2022,성장기,0,15.4,0.0,97.61,52.91,0.43,24.67,17.0,매우 안정
1378175821,주식회사순환,2023,성장기,0,27.2,55.11,98.86,38.98,15.22,63.79,31.6,안정
1378175821,주식회사순환,2024,성장기,0,27.8,68.67,100.0,49.0,3.64,32.4,25.1,매우 안정
1378183689,광진수지주식회사,2022,성장기,0,15.4,0.0,97.61,47.02,0.41,24.35,16.6,매우 안정
1378183689,광진수지주식회사,2023,도입기,0,89.8,55.11,98.86,34.73,90.71,100.0,87.2,매우 위험
1378183689,광진수지주식회사,2024,도입기,1,100.0,68.67,100.0,42.62,68.23,35.52,74.9,매우 위험
1378189418,측천산업(주),2016,성장기,0,0.0,67.33,54.88,45.74,0.03,23.87,12.4,매우 안정
1378189418,측천산업(주),2017,성장기,0,0.0,69.01,53.96,60.77,0.15,26.12,13.3,매우 안정
1378189418,측천산업(주),2018,성장기,0,0.0,45.71,59.52,60.57,0.05,21.2,12.4,매우 안정
1378189418,측천산업(주),2019,도입기,0,50.2,70.0,64.49,67.28,1.25,13.09,24.7,매우 안정
1378189418,측천산업(주),2020,도입기,0,71.5,100.0,87.2,86.56,2.16,11.96,34.1,안정
1378189418,측천산업(주),2021,도입기,0,72.6,60.1,93.3,45.66,0.3,12.64,29.9,매우 안정
1378189418,측천산업(주),2022,성장기,0,15.4,0.0,97.61,75.07,1.39,25.29,18.6,매우 안정
1378189418,측천산업(주),2023,성장기,0,27.2,55.11,98.86,55.28,7.54,59.56,28.0,매우 안정
1378189418,측천산업(주),2024,성장기,0,27.8,68.67,100.0,68.24,93.21,100.0,78.7,매우 위험
1378606256,경인그린텍주식회사,2022,도입기,0,56.5,0.0,97.61,47.02,0.21,24.35,24.7,매우 안정
1378606256,경인그린텍주식회사,2023,도입기,0,89.8,55.11,98.86,34.73,2.4,57.77,36.5,안정
1378606256,경인그린텍주식회사,2024,도입기,0,100.0,68.67,100.0,42.62,2.9,39.1,39.1,안정
1378624064,티에스금속(주),2015,도입기,0,30.9,89.44,0.0,49.85,1.44,20.01,14.9,매우 안정
1378624064,티에스금속(주),2016,도입기,1,27.2,67.33,54.88,45.74,83.56,89.34,67.0,매우 위험
1378627057,주식회사인천뉴파워,2015,성숙기,0,8.0,89.44,0.0,49.85,0.3,18.8,9.7,매우 안정
1378627057,주식회사인천뉴파워,2016,조정기,0,25.4,67.33,54.88,45.74,0.77,24.25,17.9,매우 안정
1378634581,주식회사제이씨에너지,2020,도입기,0,71.5,100.0,87.2,81.25,0.07,11.11,32.7,안정
1378634581,주식회사제이씨에너지,2021,도입기,0,72.6,60.1,93.3,37.74,0.35,14.81,29.7,매우 안정
1378634581,주식회사제이씨에너지,2022,도입기,0,56.5,0.0,97.61,47.02,8.24,31.22,29.5,매우 안정
1378642742,미래인더스주식회사,2021,성장기,0,22.2,60.1,93.3,37.74,0.06,14.55,19.4,매우 안정
1378642742,미래인더스주식회사,2022,도입기,0,56.5,0.0,97.61,47.02,30.85,51.26,42.9,중립
1378642742,미래인더스주식회사,2023,도입기,0,89.8,55.11,98.86,34.73,0.9,39.52,34.8,안정
1378642742,미래인더스주식회사,2024,도입기,0,100.0,68.67,100.0,41.73,37.49,64.38,59.4,위험
1378649314,주식회사그린워터텍,2015,성장기,0,0.0,89.44,0.0,49.85,4.56,22.7,10.6,매우 안정
1378649314,주식회사그린워터텍,2016,성장기,1,0.0,67.33,54.88,45.74,96.47,97.21,69.1,매우 위험
1388115904,(주)대광반도체,2015,성숙기,0,8.0,89.44,0.0,50.2,4.05,22.46,11.9,매우 안정
1388115904,(주)대광반도체,2016,성숙기,0,3.7,67.33,54.88,43.08,7.78,26.92,17.4,매우 안정
1388115904,(주)대광반도체,2017,성숙기,1,9.9,69.01,53.96,56.24,65.41,70.77,53.2,위험
1388136025,(주)미래에너지,2015,조정기,0,30.6,89.44,0.0,52.93,0.27,16.26,14.2,매우 안정
1388136025,(주)미래에너지,2016,조정기,0,25.4,67.33,54.88,51.59,1.18,24.6,18.4,매우 안정
1388136025,(주)미래에너지,2017,성숙기,0,9.9,69.01,53.96,64.96,0.38,25.41,15.6,매우 안정
1388136025,(주)미래에너지,2018,성숙기,0,3.3,45.71,59.52,66.27,0.03,21.0,13.3,매우 안정
1388136025,(주)미래에너지,2019,성숙기,0,0.0,70.0,64.49,67.31,0.07,12.05,14.0,매우 안정
1388136025,(주)미래에너지,2020,조정기,0,16.3,100.0,87.2,16.18,1.03,11.99,19.0,매우 안정
1388142911,양산에코라인(주),2015,성숙기,0,8.0,89.44,0.0,46.61,0.37,18.38,9.5,매우 안정
1388142911,양산에코라인(주),2016,성숙기,0,3.7,67.33,54.88,45.91,0.15,23.7,13.2,매우 안정
1388142911,양산에코라인(주),2017,성숙기,0,9.9,69.01,53.96,59.23,0.16,26.04,15.2,매우 안정
1388142911,양산에코라인(주),2018,성숙기,0,3.3,45.71,59.52,58.82,0.06,21.2,12.9,매우 안정
1388142911,양산에코라인(주),2019,성숙기,0,0.0,70.0,64.49,62.5,0.1,12.05,13.7,매우 안정
1388142911,양산에코라인(주),2020,성숙기,0,0.0,100.0,87.2,79.24,0.54,11.51,18.6,매우 안정
1388142911,양산에코라인(주),2021,성숙기,0,0.0,60.1,93.3,36.07,0.13,14.12,14.9,매우 안정
1388142911,양산에코라인(주),2022,성숙기,0,0.0,0.0,97.61,45.34,0.21,24.42,13.4,매우 안정
1388142911,양산에코라인(주),2023,성숙기,0,0.0,55.11,98.86,33.35,0.07,56.65,17.2,매우 안정
1388142911,양산에코라인(주),2024,성숙기,0,0.0,68.67,100.0,40.99,0.52,38.73,17.7,매우 안정
1388157485,진주에코라인주식회사,2015,조정기,0,30.6,89.44,0.0,50.13,20.63,21.78,25.5,매우 안정
1388157485,진주에코라인주식회사,2016,성숙기,1,3.7,67.33,54.88,53.23,93.48,82.35,67.8,매우 위험
1388157530,제이양산에코라인(주),2015,성숙기,0,8.0,89.44,0.0,63.75,0.23,18.7,10.3,매우 안정
1388157530,제이양산에코라인(주),2016,성숙기,0,3.7,67.33,54.88,41.28,0.41,24.02,13.1,매우 안정
1388157530,제이양산에코라인(주),2017,조정기,0,32.0,69.01,53.96,55.54,0.24,25.9,19.5,매우 안정
1388157530,제이양산에코라인(주),2018,조정기,0,28.3,45.71,59.52,54.34,0.12,21.19,17.7,매우 안정
1388157530,제이양산에코라인(주),2019,성숙기,0,0.0,70.0,64.49,63.67,0.27,12.15,13.9,매우 안정
1388157530,제이양산에코라인(주),2020,성숙기,0,0.0,100.0,87.2,81.97,0.42,11.25,18.6,매우 안정
1388157530,제이양산에코라인(주),2021,성숙기,0,0.0,60.1,93.3,38.45,0.15,14.27,15.1,매우 안정
1388157530,제이양산에코라인(주),2022,성숙기,0,0.0,0.0,97.61,46.35,0.4,24.56,13.5,매우 안정
1388157530,제이양산에코라인(주),2023,조정기,0,32.9,55.11,98.86,34.12,0.08,56.55,23.8,매우 안정
1388157530,제이양산에코라인(주),2024,조정기,0,19.7,68.67,100.0,41.81,0.6,38.77,21.7,매우 안정
1388178229,에코이앤오(주),2019,조정기,0,34.0,70.0,64.49,64.56,0.02,12.02,20.6,매우 안정
1388178229,에코이앤오(주),2020,성숙기,0,0.0,100.0,87.2,81.25,0.53,11.57,18.7,매우 안정
1388178229,에코이앤오(주),2021,성숙기,0,0.0,60.1,93.3,37.74,0.06,14.07,15.0,매우 안정
1388178229,에코이앤오(주),2022,성숙기,0,0.0,0.0,97.61,46.48,0.04,24.33,13.3,매우 안정
1388178229,에코이앤오(주),2023,성숙기,0,0.0,55.11,98.86,34.29,0.01,56.73,17.2,매우 안정
1388178229,에코이앤오(주),2024,쇠퇴기,0,68.3,68.67,100.0,41.73,0.1,38.46,31.2,안정
1388199087,함양에코라인주식회사,2016,도입기,0,27.2,67.33,54.88,45.74,0.05,23.87,17.8,매우 안정
1388199087,함양에코라인주식회사,2017,성장기,0,0.0,69.01,53.96,60.77,1.3,27.0,14.0,매우 안정
1388199087,함양에코라인주식회사,2018,조정기,0,28.3,45.71,59.52,60.57,1.27,21.26,18.7,매우 안정
1388199087,함양에코라인주식회사,2019,성숙기,1,0.0,70.0,64.49,27.45,99.01,99.0,70.7,매우 위험
1398110071,기전산업주식회사,2015,조정기,0,30.6,89.44,0.0,48.42,5.7,23.17,17.3,매우 안정
1398110071,기전산업주식회사,2016,쇠퇴기,0,100.0,67.33,54.88,45.29,2.56,21.48,33.6,안정
1398110071,기전산업주식회사,2017,조정기,0,32.0,69.01,53.96,60.5,5.02,27.95,22.4,매우 안정
1398110071,기전산업주식회사,2018,쇠퇴기,0,100.0,45.71,59.52,61.14,2.09,18.93,33.4,안정
1398110071,기전산업주식회사,2019,쇠퇴기,0,100.0,70.0,64.49,62.38,2.09,11.98,34.8,안정
1398110071,기전산업주식회사,2020,쇠퇴기,1,100.0,100.0,87.2,83.65,61.63,65.89,75.1,매우 위험
1398130403,(주)일성,2015,조정기,0,30.6,89.44,0.0,63.27,0.04,18.8,14.7,매우 안정
1398130403,(주)일성,2016,성숙기,0,3.7,67.33,54.88,34.34,0.11,23.93,12.6,매우 안정
1398130403,(주)일성,2017,성장기,0,0.0,69.01,53.96,50.33,0.08,26.01,12.7,매우 안정
1398130403,(주)일성,2018,조정기,0,28.3,45.71,59.52,50.39,0.02,21.24,17.5,매우 안정
1398136746,(주)이알지서비스,2015,성숙기,0,8.0,89.44,0.0,49.6,0.12,18.73,9.6,매우 안정
1398136746,(주)이알지서비스,2016,성숙기,0,3.7,67.33,54.88,45.93,0.03,23.8,13.1,매우 안정
1398136746,(주)이알지서비스,2017,성숙기,0,9.9,69.01,53.96,60.65,0.09,26.08,15.2,매우 안정
1398136746,(주)이알지서비스,2018,성숙기,0,3.3,45.71,59.52,60.27,0.06,21.26,13.0,매우 안정
1398136746,(주)이알지서비스,2019,성숙기,0,0.0,70.0,64.49,65.59,0.02,11.98,13.8,매우 안정
1398136746,(주)이알지서비스,2020,성숙기,0,0.0,100.0,87.2,81.58,0.04,11.13,18.4,매우 안정
1398136746,(주)이알지서비스,2021,성숙기,0,0.0,60.1,93.3,37.94,0.03,14.54,15.0,매우 안정
1398136746,(주)이알지서비스,2022,성숙기,0,0.0,0.0,97.61,46.57,0.01,24.34,13.3,매우 안정
1398136746,(주)이알지서비스,2023,성숙기,0,0.0,55.11,98.86,34.2,0.0,56.73,17.2,매우 안정
1398136746,(주)이알지서비스,2024,성숙기,0,0.0,68.67,100.0,42.04,0.0,38.4,17.5,매우 안정
1408110367,(주)제이메탈,2015,도입기,1,30.9,89.44,0.0,49.85,77.73,83.91,60.1,매우 위험
1408125647,(주)오일텍,2015,성장기,0,0.0,89.44,0.0,49.85,1.83,20.33,9.0,매우 안정
1408125647,(주)오일텍,2016,성장기,0,0.0,67.33,54.88,45.74,0.36,22.73,12.5,매우 안정
1408125647,(주)오일텍,2017,성장기,0,0.0,69.01,53.96,59.14,14.76,37.2,21.8,매우 안정
1408125647,(주)오일텍,2018,성장기,0,0.0,45.71,59.52,57.75,15.82,22.16,20.9,매우 안정
1408125647,(주)오일텍,2019,도입기,1,50.2,70.0,64.49,64.2,87.6,75.65,75.2,매우 위험
1418118095,번영환경개발(주),2021,성장기,0,22.2,60.1,93.3,37.74,0.03,14.55,19.4,매우 안정
1418118095,번영환경개발(주),2022,성장기,0,15.4,0.0,97.61,47.02,9.2,32.37,21.9,매우 안정
1418118095,번영환경개발(주),2023,성장기,0,27.2,55.11,98.86,34.73,0.14,51.54,22.5,매우 안정
1418118095,번영환경개발(주),2024,성장기,0,27.8,68.67,100.0,44.25,2.41,40.03,24.5,매우 안정
1428108149,주식회사재운산업,2020,조정기,0,16.3,100.0,87.2,81.25,0.05,11.11,21.6,매우 안정
1428108149,주식회사재운산업,2021,성숙기,0,0.0,60.1,93.3,37.74,0.02,14.52,15.0,매우 안정
1428108149,주식회사재운산업,2022,성숙기,0,0.0,0.0,97.61,47.02,0.05,24.38,13.4,매우 안정
1428108149,주식회사재운산업,2023,성숙기,0,0.0,55.11,98.86,35.58,0.0,56.71,17.3,매우 안정
1428108149,주식회사재운산업,2024,성숙기,0,0.0,68.67,100.0,43.7,0.03,38.42,17.6,매우 안정
1428158881,세현에너지주식회사,2017,성숙기,0,9.9,69.01,53.96,60.77,0.05,26.03,15.2,매우 안정
1428158881,세현에너지주식회사,2018,도입기,0,47.7,45.71,59.52,60.57,12.75,31.51,29.4,매우 안정
1428158881,세현에너지주식회사,2019,성장기,1,16.9,70.0,64.49,64.56,98.23,87.9,75.0,매우 위험
1438107895,주식회사에스이그린에너지,2019,도입기,0,50.2,70.0,64.49,64.56,0.07,12.02,23.9,매우 안정
1438107895,주식회사에스이그린에너지,2020,성장기,0,11.2,100.0,87.2,81.25,0.6,11.59,20.9,매우 안정
1438107895,주식회사에스이그린에너지,2021,성숙기,0,0.0,60.1,93.3,37.74,0.1,14.03,15.0,매우 안정
1438107895,주식회사에스이그린에너지,2022,성숙기,0,0.0,0.0,97.61,57.13,5.23,28.84,16.9,매우 안정
1438107895,주식회사에스이그린에너지,2023,성숙기,0,0.0,55.11,98.86,42.01,2.31,54.85,18.8,매우 안정
1438107895,주식회사에스이그린에너지,2024,성숙기,0,0.0,68.67,100.0,56.7,11.67,45.34,25.0,매우 안정
1438115565,리뉴에너지경인(주),2015,성숙기,0,8.0,89.44,0.0,49.85,0.02,18.78,9.5,매우 안정
1438115565,리뉴에너지경인(주),2016,성숙기,0,3.7,67.33,54.88,45.74,0.01,23.86,13.1,매우 안정
1438115565,리뉴에너지경인(주),2017,성숙기,0,9.9,69.01,53.96,62.98,0.03,26.05,15.3,매우 안정
1438115565,리뉴에너지경인(주),2018,성숙기,0,3.3,45.71,59.52,62.07,0.02,21.28,13.1,매우 안정
1438115565,리뉴에너지경인(주),2019,성숙기,0,0.0,70.0,64.49,66.58,0.01,12.01,13.9,매우 안정
1438115565,리뉴에너지경인(주),2020,성숙기,0,0.0,100.0,87.2,81.81,0.04,11.13,18.4,매우 안정
1438115565,리뉴에너지경인(주),2021,성숙기,0,0.0,60.1,93.3,37.28,0.02,14.53,14.9,매우 안정
1438115565,리뉴에너지경인(주),2022,성숙기,0,0.0,0.0,97.61,44.96,0.02,24.36,13.2,매우 안정
1438115565,리뉴에너지경인(주),2023,성숙기,0,0.0,55.11,98.86,33.05,0.0,56.73,17.1,매우 안정
1438115565,리뉴에너지경인(주),2024,성숙기,0,0.0,68.67,100.0,40.7,0.08,38.46,17.4,매우 안정
1438120578,주식회사한얼,2017,도입기,0,43.7,69.01,53.96,60.77,0.15,26.03,22.0,매우 안정
1438120578,주식회사한얼,2018,도입기,0,47.7,45.71,59.52,60.57,0.27,21.38,22.0,매우 안정
1438120578,주식회사한얼,2019,도입기,1,50.2,70.0,64.49,64.56,93.38,94.89,79.3,매우 위험
1438126456,동신에이알씨주식회사,2022,도입기,0,56.5,0.0,97.61,47.02,0.28,24.35,24.8,매우 안정
1438126456,동신에이알씨주식회사,2023,도입기,0,89.8,55.11,98.86,34.73,21.92,67.09,47.7,중립
1438126456,동신에이알씨주식회사,2024,도입기,1,100.0,68.67,100.0,42.62,57.42,66.62,70.5,매우 위험
1438130251,(주)부일철강,2022,성장기,0,15.4,0.0,97.61,47.02,0.06,24.35,16.4,매우 안정
1438130251,(주)부일철강,2023,도입기,0,89.8,55.11,98.86,34.73,3.04,58.16,36.9,안정
1438130251,(주)부일철강,2024,성장기,0,27.8,68.67,100.0,42.62,0.99,37.38,23.5,매우 안정
1438132491,(주)경동도시가스,2017,성숙기,0,9.9,69.01,53.96,60.77,0.02,26.03,15.2,매우 안정
1438132491,(주)경동도시가스,2018,성숙기,0,3.3,45.71,59.52,60.57,0.05,21.31,13.0,매우 안정
1438132491,(주)경동도시가스,2019,성숙기,0,0.0,70.0,64.49,64.56,0.07,12.04,13.8,매우 안정
1438132491,(주)경동도시가스,2020,성숙기,0,0.0,100.0,87.2,84.72,0.06,11.1,18.5,매우 안정
1438132491,(주)경동도시가스,2021,성숙기,0,0.0,60.1,93.3,43.08,0.06,14.55,15.2,매우 안정
1438132491,(주)경동도시가스,2022,성숙기,0,0.0,0.0,97.61,54.04,0.09,24.38,13.7,매우 안정
1438132491,(주)경동도시가스,2023,성숙기,0,0.0,55.11,98.86,40.36,0.27,56.81,17.6,매우 안정
1438132491,(주)경동도시가스,2024,성숙기,0,0.0,68.67,100.0,50.54,0.49,38.6,18.2,매우 안정
1448110428,주식회사석문에너지,2015,도입기,0,30.9,89.44,0.0,49.85,1.12,19.68,14.7,매우 안정
1448110428,주식회사석문에너지,2016,도입기,0,27.2,67.33,54.88,45.74,0.7,23.55,18.1,매우 안정
1448110428,주식회사석문에너지,2017,도입기,1,43.7,69.01,53.96,61.71,73.61,82.62,65.3,매우 위험
1448117741,주식회사에코비트엔워터테크,2015,성숙기,0,8.0,89.44,0.0,49.85,0.05,18.8,9.5,매우 안정
1448117741,주식회사에코비트엔워터테크,2016,성숙기,0,3.7,67.33,54.88,45.74,0.23,24.01,13.2,매우 안정
1448117741,주식회사에코비트엔워터테크,2017,성숙기,0,9.9,69.01,53.96,60.77,0.08,25.91,15.2,매우 안정
1448117741,주식회사에코비트엔워터테크,2018,성숙기,0,3.3,45.71,59.52,59.47,0.02,21.24,12.9,매우 안정
1448117741,주식회사에코비트엔워터테크,2019,조정기,0,34.0,70.0,64.49,65.05,0.08,12.07,20.6,매우 안정
1448121925,주식회사지셀태양광발전소,2015,도입기,0,30.9,89.44,0.0,49.85,0.12,18.8,14.2,매우 안정
1448121925,주식회사지셀태양광발전소,2016,도입기,0,27.2,67.33,54.88,45.74,0.77,24.38,18.2,매우 안정
1448121925,주식회사지셀태양광발전소,2017,도입기,0,43.7,69.01,53.96,60.77,0.16,25.56,22.0,매우 안정
1448121925,주식회사지셀태양광발전소,2018,성숙기,0,3.3,45.71,59.52,62.26,0.05,21.2,13.1,매우 안정
1448123210,아일랜드발전인프라주식회사,2018,도입기,0,47.7,45.71,59.52,60.57,0.01,21.28,21.9,매우 안정
1448123210,아일랜드발전인프라주식회사,2019,도입기,0,50.2,70.0,64.49,64.56,12.13,22.8,31.0,안정
1448123210,아일랜드발전인프라주식회사,2020,도입기,0,71.5,100.0,87.2,81.25,13.39,12.38,40.1,중립
1448123210,아일랜드발전인프라주식회사,2021,도입기,0,72.6,60.1,93.3,0.0,2.28,3.16,28.3,매우 안정
1448123210,아일랜드발전인프라주식회사,2022,성숙기,0,0.0,0.0,97.61,28.26,2.1,23.99,13.5,매우 안정
1448123210,아일랜드발전인프라주식회사,2023,성숙기,0,0.0,55.11,98.86,12.39,0.7,55.87,16.4,매우 안정
1448123210,아일랜드발전인프라주식회사,2024,성숙기,0,0.0,68.67,100.0,17.76,4.04,40.86,18.6,매우 안정
1448131234,씨엔피브이파워코리아주식회사,2015,도입기,0,30.9,89.44,0.0,49.85,0.07,18.8,14.1,매우 안정
1448131234,씨엔피브이파워코리아주식회사,2016,도입기,0,27.2,67.33,54.88,45.74,1.23,24.79,18.5,매우 안정
1448131234,씨엔피브이파워코리아주식회사,2017,도입기,0,43.7,69.01,53.96,60.77,0.75,25.65,22.3,매우 안정
1448131234,씨엔피브이파워코리아주식회사,2018,성장기,0,0.0,45.71,59.52,60.31,0.61,21.18,12.6,매우 안정
1448131234,씨엔피브이파워코리아주식회사,2019,성장기,1,16.9,70.0,64.49,60.16,44.03,50.65,43.1,중립
1448131705,고흥솔라파크주식회사,2015,성장기,0,0.0,89.44,0.0,49.85,0.07,18.8,7.9,매우 안정
1448131705,고흥솔라파크주식회사,2016,성숙기,0,3.7,67.33,54.88,45.74,0.73,24.39,13.5,매우 안정
1448131705,고흥솔라파크주식회사,2017,조정기,0,32.0,69.01,53.96,60.77,4.23,28.75,22.0,매우 안정
1448131705,고흥솔라파크주식회사,2018,성숙기,0,3.3,45.71,59.52,38.2,0.44,18.24,12.0,매우 안정
1448131705,고흥솔라파크주식회사,2019,성숙기,0,0.0,70.0,64.49,68.47,6.4,17.31,17.8,매우 안정
1448131705,고흥솔라파크주식회사,2020,성숙기,0,0.0,100.0,87.2,89.37,10.3,14.75,24.6,매우 안정
1448131705,고흥솔라파크주식회사,2021,성숙기,0,0.0,60.1,93.3,44.61,2.6,6.61,16.3,매우 안정
1448131705,고흥솔라파크주식회사,2022,성숙기,0,0.0,0.0,97.61,51.36,2.33,23.87,14.8,매우 안정
1448131705,고흥솔라파크주식회사,2023,성숙기,0,0.0,55.11,98.86,38.04,0.41,55.6,17.5,매우 안정
1448131705,고흥솔라파크주식회사,2024,성숙기,0,0.0,68.67,100.0,47.67,4.12,41.08,20.1,매우 안정
1448600191,진건바이오텍주식회사,2016,도입기,0,27.2,67.33,54.88,45.74,0.03,23.87,17.8,매우 안정
1448600191,진건바이오텍주식회사,2017,도입기,0,43.7,69.01,53.96,60.77,0.39,26.31,22.2,매우 안정
1448600191,진건바이오텍주식회사,2018,도입기,0,47.7,45.71,59.52,60.57,1.64,22.29,22.8,매우 안정
1448600191,진건바이오텍주식회사,2019,성숙기,0,0.0,70.0,64.49,64.96,10.74,20.09,20.1,매우 안정
1448600191,진건바이오텍주식회사,2020,성숙기,1,0.0,100.0,87.2,74.04,52.08,49.23,48.5,중립
1498100885,제주한림해상풍력주식회사,2019,조정기,0,34.0,70.0,64.49,64.56,0.08,12.02,20.6,매우 안정
1498100885,제주한림해상풍력주식회사,2021,도입기,0,72.6,60.1,93.3,37.74,5.92,14.55,32.7,안정
1498100885,제주한림해상풍력주식회사,2023,도입기,1,89.8,55.11,98.86,34.73,5.06,56.75,38.0,안정
1518601408,오미산풍력발전주식회사,2021,도입기,0,72.6,60.1,93.3,37.74,0.12,14.55,29.5,매우 안정
1518601408,오미산풍력발전주식회사,2022,도입기,0,56.5,0.0,97.61,47.02,5.87,29.38,28.1,매우 안정
1518601408,오미산풍력발전주식회사,2023,도입기,0,89.8,55.11,98.86,34.73,0.7,53.72,35.4,안정
1518601408,오미산풍력발전주식회사,2024,도입기,0,100.0,68.67,100.0,42.16,3.0,40.12,39.2,안정
1518800650,현대에코에너지주식회사,2019,성장기,0,16.9,70.0,64.49,64.56,0.14,12.02,17.2,매우 안정
1518800650,현대에코에너지주식회사,2020,조정기,0,16.3,100.0,87.2,81.25,0.17,11.13,21.7,매우 안정
1518800650,현대에코에너지주식회사,2021,성숙기,0,0.0,60.1,93.3,37.74,0.14,14.5,15.0,매우 안정
1518800650,현대에코에너지주식회사,2022,성숙기,0,0.0,0.0,97.61,38.21,0.51,24.67,13.2,매우 안정
1518800650,현대에코에너지주식회사,2023,성숙기,0,0.0,55.11,98.86,27.73,0.41,56.64,17.1,매우 안정
1518800650,현대에코에너지주식회사,2024,조정기,0,19.7,68.67,100.0,31.26,0.64,38.62,21.2,매우 안정
1538800184,원동풍력주식회사,2020,도입기,0,71.5,100.0,87.2,81.25,0.1,11.11,32.7,안정
1538800184,원동풍력주식회사,2021,도입기,0,72.6,60.1,93.3,37.74,2.56,16.92,31.0,안정
1538800184,원동풍력주식회사,2022,도입기,0,56.5,0.0,97.61,47.02,0.31,22.15,24.7,매우 안정
1538800184,원동풍력주식회사,2023,성장기,0,27.2,55.11,98.86,34.29,1.24,57.16,23.3,매우 안정
1538800184,원동풍력주식회사,2024,성장기,0,27.8,68.67,100.0,41.83,1.27,38.6,23.7,매우 안정
1538801219,비그림파워코리아주식회사,2020,도입기,0,71.5,100.0,87.2,81.25,0.22,11.11,32.8,안정
1538801219,비그림파워코리아주식회사,2021,도입기,0,72.6,60.1,93.3,37.74,5.85,19.96,33.0,안정
1538801219,비그림파워코리아주식회사,2022,도입기,0,56.5,0.0,97.61,47.02,16.5,33.12,34.1,안정
1538801219,비그림파워코리아주식회사,2023,성장기,0,27.2,55.11,98.86,34.29,1.54,48.04,23.0,매우 안정
1538801219,비그림파워코리아주식회사,2024,성장기,0,27.8,68.67,100.0,43.65,27.34,56.85,39.1,안정
1608100126,도음산풍력발전(주),2017,도입기,0,43.7,69.01,53.96,60.77,0.07,26.03,22.0,매우 안정
1608100126,도음산풍력발전(주),2018,성장기,0,0.0,45.71,59.52,60.57,0.11,21.32,12.4,매우 안정
1608100126,도음산풍력발전(주),2019,성숙기,0,0.0,70.0,64.49,64.56,0.27,12.15,13.9,매우 안정
1608100126,도음산풍력발전(주),2020,조정기,0,16.3,100.0,87.2,81.76,0.29,11.13,21.8,매우 안정
1608100126,도음산풍력발전(주),2021,성숙기,0,0.0,60.1,93.3,36.97,0.09,14.33,14.9,매우 안정
1608100126,도음산풍력발전(주),2022,조정기,0,27.0,0.0,97.61,45.61,0.47,24.69,18.9,매우 안정
1608100126,도음산풍력발전(주),2023,성숙기,0,0.0,55.11,98.86,33.65,0.06,56.5,17.2,매우 안정
1608100126,도음산풍력발전(주),2024,조정기,0,19.7,68.67,100.0,41.86,0.55,38.76,21.7,매우 안정
1618600783,코리아로드태양광발전소주식회사,2017,도입기,0,43.7,69.01,53.96,60.77,0.06,26.03,22.0,매우 안정
1618600783,코리아로드태양광발전소주식회사,2018,도입기,0,47.7,45.71,59.52,60.57,0.3,21.48,22.0,매우 안정
1618600783,코리아로드태양광발전소주식회사,2019,도입기,0,50.2,70.0,64.49,64.56,4.76,15.98,26.6,매우 안정
1618601399,유당솔라주식회사,2020,도입기,0,71.5,100.0,87.2,81.25,0.04,11.11,32.7,안정
1618601399,유당솔라주식회사,2021,성장기,0,22.2,60.1,93.3,37.74,0.19,14.69,19.5,매우 안정
1618601399,유당솔라주식회사,2022,성숙기,0,0.0,0.0,97.61,47.02,0.43,24.54,13.6,매우 안정
1618601399,유당솔라주식회사,2023,성숙기,0,0.0,55.11,98.86,43.46,0.18,56.58,17.7,매우 안정
1618601399,유당솔라주식회사,2024,성숙기,0,0.0,68.67,100.0,54.36,0.89,38.92,18.6,매우 안정
1698601302,삼양태양광주식회사,2020,성장기,0,11.2,100.0,87.2,81.25,0.34,11.11,20.8,매우 안정
1698601302,삼양태양광주식회사,2021,성숙기,0,0.0,60.1,93.3,37.74,0.71,14.9,15.4,매우 안정
1698601302,삼양태양광주식회사,2022,성숙기,0,0.0,0.0,97.61,47.02,5.84,28.77,16.8,매우 안정
1698601302,삼양태양광주식회사,2023,성숙기,0,0.0,55.11,98.86,47.67,0.18,53.49,17.8,매우 안정
1698601302,삼양태양광주식회사,2024,성숙기,0,0.0,68.67,100.0,59.62,4.46,41.45,20.9,매우 안정
1718601488,이도그린전주주식회사,2022,도입기,0,56.5,0.0,97.61,47.02,0.4,24.35,24.8,매우 안정
1718601488,이도그린전주주식회사,2023,성숙기,0,0.0,55.11,98.86,34.73,3.13,58.01,19.0,매우 안정
1718601488,이도그린전주주식회사,2024,성숙기,0,0.0,68.67,100.0,42.62,0.89,37.27,17.9,매우 안정
1758802125,효성솔텍주식회사,2022,도입기,0,56.5,0.0,97.61,47.02,0.18,24.35,24.7,매우 안정
1758802125,효성솔텍주식회사,2023,성장기,0,27.2,55.11,98.86,34.73,1.68,57.44,23.6,매우 안정
1758802125,효성솔텍주식회사,2024,도입기,1,100.0,68.67,100.0,,16.92,49.41,,매우 안정
1828600475,(주)가나에너지,2018,도입기,0,47.7,45.71,59.52,60.57,0.02,21.28,21.9,매우 안정
1828600475,(주)가나에너지,2019,도입기,0,50.2,70.0,64.49,64.56,3.65,15.25,26.0,매우 안정
1828600475,(주)가나에너지,2020,도입기,1,71.5,100.0,87.2,81.25,98.05,97.98,90.9,매우 위험
1858600794,그린에너지발전주식회사,2019,도입기,0,50.2,70.0,64.49,64.56,0.15,12.02,23.9,매우 안정
1858600794,그린에너지발전주식회사,2020,도입기,0,71.5,100.0,87.2,81.25,0.83,11.73,33.1,안정
1858600794,그린에너지발전주식회사,2021,도입기,0,72.6,60.1,93.3,37.74,18.71,31.77,40.6,중립
1858600794,그린에너지발전주식회사,2022,성숙기,0,0.0,0.0,97.61,46.57,28.01,30.73,29.0,매우 안정
1858600794,그린에너지발전주식회사,2023,성숙기,1,0.0,55.11,98.86,33.79,59.81,69.4,50.7,위험
1878800872,(주)서부하이웨이솔라,2018,성장기,0,0.0,45.71,59.52,60.57,0.01,21.28,12.3,매우 안정
1878800872,(주)서부하이웨이솔라,2019,도입기,0,50.2,70.0,64.49,,4.65,16.15,,매우 안정
1878800872,(주)서부하이웨이솔라,2020,성장기,0,11.2,100.0,87.2,81.25,2.85,9.49,22.1,매우 안정
1878800872,(주)서부하이웨이솔라,2021,조정기,0,30.2,60.1,93.3,37.74,0.36,12.0,21.1,매우 안정
1878800872,(주)서부하이웨이솔라,2022,성숙기,0,0.0,0.0,97.61,40.05,0.93,24.82,13.5,매우 안정
1878800872,(주)서부하이웨이솔라,2023,성숙기,0,0.0,55.11,98.86,29.37,0.07,56.24,17.0,매우 안정
1878800872,(주)서부하이웨이솔라,2024,성숙기,0,0.0,68.67,100.0,35.58,0.65,38.82,17.5,매우 안정
1938700486,양양풍력발전(주),2022,도입기,0,56.5,0.0,97.61,47.02,0.4,24.35,24.8,매우 안정
1938700486,양양풍력발전(주),2023,도입기,0,89.8,55.11,98.86,34.73,0.75,56.87,35.6,안정
1938700486,양양풍력발전(주),2024,도입기,0,100.0,68.67,100.0,42.62,1.82,39.27,38.5,안정
1968601319,주식회사남정수상태양광운영,2019,도입기,0,50.2,70.0,64.49,64.56,0.08,12.02,23.9,매우 안정
1968601319,주식회사남정수상태양광운영,2020,성장기,0,11.2,100.0,87.2,81.25,17.11,26.77,30.8,안정
1968601319,주식회사남정수상태양광운영,2021,성숙기,0,0.0,60.1,93.3,37.74,22.12,18.54,27.3,매우 안정
1968601319,주식회사남정수상태양광운영,2022,성숙기,1,0.0,0.0,97.61,56.14,40.66,38.49,36.9,안정
1978701401,당진에코파워주식회사,2019,도입기,0,50.2,70.0,64.49,64.56,0.07,12.02,23.9,매우 안정
1978701401,당진에코파워주식회사,2020,성숙기,0,0.0,100.0,87.2,,2.11,12.98,,매우 안정
1978701401,당진에코파워주식회사,2021,성숙기,0,0.0,60.1,93.3,37.74,1.0,13.37,15.4,매우 안정
1978701401,당진에코파워주식회사,2022,성숙기,0,0.0,0.0,97.61,47.02,1.96,25.1,14.4,매우 안정
1978701401,당진에코파워주식회사,2023,성숙기,0,0.0,55.11,98.86,34.73,3.42,57.26,19.1,매우 안정
1978701401,당진에코파워주식회사,2024,조정기,0,19.7,68.67,100.0,43.25,7.72,41.92,25.9,매우 안정
1988100121,하장풍력발전주식회사,2015,도입기,0,30.9,89.44,0.0,49.85,0.06,18.8,14.1,매우 안정
1988100121,하장풍력발전주식회사,2016,성숙기,0,3.7,67.33,54.88,,0.14,23.93,,매우 안정
1988100121,하장풍력발전주식회사,2017,성숙기,0,9.9,69.01,53.96,60.77,0.1,26.0,15.2,매우 안정
1988100121,하장풍력발전주식회사,2018,성숙기,0,3.3,45.71,59.52,60.57,0.0,21.2,13.0,매우 안정
1988800358,주식회사신세계태양광발전소,2021,도입기,0,72.6,60.1,93.3,37.74,0.29,14.55,29.6,매우 안정
1988800358,주식회사신세계태양광발전소,2022,성숙기,0,0.0,0.0,97.61,47.02,5.22,28.64,16.4,매우 안정
1988800358,주식회사신세계태양광발전소,2023,성숙기,0,0.0,55.11,98.86,34.73,5.16,56.23,20.0,매우 안정
1988800358,주식회사신세계태양광발전소,2024,성숙기,0,0.0,68.67,100.0,38.26,11.67,43.74,24.0,매우 안정
1988801963,한국산업태양광주식회사,2022,도입기,0,56.5,0.0,97.61,47.02,0.74,24.35,25.0,매우 안정
1988801963,한국산업태양광주식회사,2023,조정기,0,32.9,55.11,98.86,,3.99,58.23,,매우 안정
1988801963,한국산업태양광주식회사,2024,성숙기,1,0.0,68.67,100.0,42.62,51.64,72.64,47.6,중립
2018113956,주식회사제이비씨,2015,조정기,0,30.6,89.44,0.0,51.84,0.37,19.12,14.3,매우 안정
2018113956,주식회사제이비씨,2016,조정기,0,25.4,67.33,54.88,52.98,0.06,23.63,17.8,매우 안정
2018113956,주식회사제이비씨,2017,조정기,0,32.0,69.01,53.96,68.26,0.01,25.99,20.0,매우 안정
2018113956,주식회사제이비씨,2018,성숙기,0,3.3,45.71,59.52,66.2,0.0,21.28,13.3,매우 안정
2018113956,주식회사제이비씨,2019,성숙기,0,0.0,70.0,64.49,69.32,0.03,12.04,14.0,매우 안정
2018113956,주식회사제이비씨,2020,성숙기,0,0.0,100.0,87.2,89.58,0.04,11.12,18.8,매우 안정
2018113956,주식회사제이비씨,2021,성숙기,0,0.0,60.1,93.3,44.59,0.03,14.54,15.3,매우 안정
2018113956,주식회사제이비씨,2022,성숙기,0,0.0,0.0,97.61,53.08,0.39,24.67,13.9,매우 안정
2018113956,주식회사제이비씨,2023,성숙기,0,0.0,55.11,98.86,39.16,0.06,56.54,17.5,매우 안정
2018113956,주식회사제이비씨,2024,성숙기,0,0.0,68.67,100.0,47.89,8.5,44.37,22.7,매우 안정
2018193703,(주)전주솔라에너지,2015,성숙기,0,8.0,89.44,0.0,50.38,0.08,18.71,9.6,매우 안정
2018193703,(주)전주솔라에너지,2016,성숙기,0,3.7,67.33,54.88,47.91,0.12,23.9,13.3,매우 안정
2048606236,별내에너지주식회사,2015,쇠퇴기,1,100.0,89.44,0.0,49.85,88.53,78.26,79.6,매우 위험
2068125312,주식회사테크로스홀딩스,2015,성장기,0,0.0,89.44,0.0,23.17,0.05,18.81,6.6,매우 안정
2068125312,주식회사테크로스홀딩스,2016,성숙기,0,3.7,67.33,54.88,38.13,0.31,24.08,12.9,매우 안정
2068125312,주식회사테크로스홀딩스,2017,성숙기,0,9.9,69.01,53.96,51.8,2.27,27.55,16.0,매우 안정
2068125312,주식회사테크로스홀딩스,2018,성숙기,0,3.3,45.71,59.52,50.28,0.27,19.68,12.5,매우 안정
2068125312,주식회사테크로스홀딩스,2019,성장기,0,16.9,70.0,64.49,54.65,0.06,11.83,16.7,매우 안정
2068125312,주식회사테크로스홀딩스,2020,성장기,0,11.2,100.0,87.2,57.08,0.05,11.1,19.4,매우 안정
2068125312,주식회사테크로스홀딩스,2021,성장기,0,22.2,60.1,93.3,26.97,3.13,17.51,20.7,매우 안정
2068125312,주식회사테크로스홀딩스,2022,성장기,0,15.4,0.0,97.61,25.63,2.21,23.26,16.5,매우 안정
2068125312,주식회사테크로스홀딩스,2023,쇠퇴기,0,100.0,55.11,98.86,18.01,3.31,57.06,38.2,안정
2068125312,주식회사테크로스홀딩스,2024,쇠퇴기,0,68.3,68.67,100.0,25.35,10.89,44.23,36.6,안정
2068149895,고려철재(주),2017,성숙기,0,9.9,69.01,53.96,60.77,0.06,26.03,15.2,매우 안정
2068149895,고려철재(주),2018,성숙기,0,3.3,45.71,59.52,60.57,0.09,21.31,13.0,매우 안정
2068149895,고려철재(주),2019,성숙기,0,0.0,70.0,64.49,64.56,0.07,12.0,13.8,매우 안정
2068149895,고려철재(주),2020,성숙기,0,0.0,100.0,87.2,81.75,0.09,11.13,18.4,매우 안정
2068149895,고려철재(주),2021,성숙기,0,0.0,60.1,93.3,39.14,0.1,14.55,15.1,매우 안정
2068149895,고려철재(주),2022,성숙기,0,0.0,0.0,97.61,59.1,0.14,24.39,14.0,매우 안정
2068149895,고려철재(주),2023,성숙기,0,0.0,55.11,98.86,43.54,0.04,56.68,17.7,매우 안정
2068149895,고려철재(주),2024,성숙기,0,0.0,68.67,100.0,53.41,0.04,38.41,18.0,매우 안정
2068639053,주식회사대륜발전,2015,도입기,0,30.9,89.44,0.0,50.13,18.26,30.69,24.7,매우 안정
2068639053,주식회사대륜발전,2016,쇠퇴기,1,100.0,67.33,54.88,44.48,71.66,66.79,73.8,매우 위험
2068668733,주식회사한국태양광발전5호,2015,성숙기,0,8.0,89.44,0.0,49.85,0.72,19.28,9.9,매우 안정
2068668733,주식회사한국태양광발전5호,2016,성숙기,0,3.7,67.33,54.88,45.74,4.46,26.87,15.7,매우 안정
2068668733,주식회사한국태양광발전5호,2017,성숙기,0,9.9,69.01,53.96,64.1,0.29,22.8,15.3,매우 안정
2068668733,주식회사한국태양광발전5호,2018,성숙기,0,3.3,45.71,59.52,63.5,0.1,21.13,13.2,매우 안정
2098159219,포천맑은물(주),2015,도입기,0,30.9,89.44,0.0,49.85,0.12,18.8,14.2,매우 안정
2098159219,포천맑은물(주),2016,도입기,0,27.2,67.33,54.88,45.74,8.87,30.84,23.0,매우 안정
2098159219,포천맑은물(주),2017,도입기,0,43.7,69.01,53.96,60.77,5.44,23.38,24.8,매우 안정
2098159219,포천맑은물(주),2018,도입기,1,47.7,45.71,59.52,49.38,100.0,97.45,80.1,매우 위험
2108800186,주식회사문안환경,2017,성장기,0,0.0,69.01,53.96,60.77,0.05,26.03,13.2,매우 안정
2108800186,주식회사문안환경,2018,성장기,0,0.0,45.71,59.52,60.57,0.09,21.32,12.4,매우 안정
2108800186,주식회사문안환경,2019,성장기,0,16.9,70.0,64.49,64.56,0.1,12.03,17.2,매우 안정
2108800186,주식회사문안환경,2020,성숙기,0,0.0,100.0,87.2,85.71,0.62,11.58,18.9,매우 안정
2108800186,주식회사문안환경,2021,성숙기,0,0.0,60.1,93.3,45.82,0.1,14.01,15.4,매우 안정
2108800186,주식회사문안환경,2022,성숙기,0,0.0,0.0,97.61,54.72,18.39,40.34,24.6,매우 안정
2108800186,주식회사문안환경,2023,쇠퇴기,0,100.0,55.11,98.86,39.45,11.3,51.64,43.4,중립
2108800186,주식회사문안환경,2024,성장기,1,27.8,68.67,100.0,49.47,11.34,40.05,29.7,매우 안정
2118624208,환경관리주식회사,2015,성장기,0,0.0,89.44,0.0,47.54,0.27,18.98,7.9,매우 안정
2118624208,환경관리주식회사,2016,성장기,0,0.0,67.33,54.88,41.29,0.1,23.74,12.2,매우 안정
2118624208,환경관리주식회사,2017,성장기,0,0.0,69.01,53.96,56.5,4.0,29.06,15.3,매우 안정
2118624208,환경관리주식회사,2018,도입기,0,47.7,45.71,59.52,,0.27,18.28,,매우 안정
2118624208,환경관리주식회사,2019,성장기,0,16.9,70.0,64.49,53.16,0.44,12.16,16.8,매우 안정
2118878936,코리아에너지발전소(주),2015,성장기,0,0.0,89.44,0.0,49.85,0.4,19.07,8.1,매우 안정
2118878936,코리아에너지발전소(주),2016,성장기,0,0.0,67.33,54.88,38.26,0.32,23.81,12.1,매우 안정
2118878936,코리아에너지발전소(주),2017,성장기,0,0.0,69.01,53.96,56.01,0.1,25.86,13.0,매우 안정
2118878936,코리아에너지발전소(주),2018,성숙기,0,3.3,45.71,59.52,53.31,0.07,21.26,12.7,매우 안정
2118878936,코리아에너지발전소(주),2019,성숙기,0,0.0,70.0,64.49,64.23,0.16,12.1,13.9,매우 안정
2118878936,코리아에너지발전소(주),2020,성숙기,0,0.0,100.0,87.2,81.7,0.07,11.02,18.4,매우 안정
2118878936,코리아에너지발전소(주),2021,성숙기,0,0.0,60.1,93.3,39.26,0.05,14.53,15.1,매우 안정
2128130445,(주)신풍자원,2017,성장기,0,0.0,69.01,53.96,60.77,0.02,26.03,13.2,매우 안정
2128130445,(주)신풍자원,2018,성숙기,0,3.3,45.71,59.52,60.57,0.16,21.4,13.1,매우 안정
2128130445,(주)신풍자원,2020,성장기,0,11.2,100.0,87.2,81.25,0.06,11.11,20.6,매우 안정
2128130445,(주)신풍자원,2021,성숙기,0,0.0,60.1,93.3,36.33,0.02,14.5,14.9,매우 안정
2128130445,(주)신풍자원,2022,성숙기,0,0.0,0.0,97.61,52.99,0.02,24.36,13.6,매우 안정
2128130445,(주)신풍자원,2023,성숙기,0,0.0,55.11,98.86,41.36,0.03,56.74,17.6,매우 안정
2128130445,(주)신풍자원,2024,성숙기,0,0.0,68.67,100.0,51.01,3.52,40.87,20.0,매우 안정
2128193659,주식회사알엠앤에스,2020,성장기,0,11.2,100.0,87.2,81.25,0.04,11.11,20.6,매우 안정
2128193659,주식회사알엠앤에스,2021,도입기,0,72.6,60.1,93.3,37.74,9.0,23.2,34.9,안정
2128193659,주식회사알엠앤에스,2022,쇠퇴기,1,100.0,0.0,97.61,47.02,38.14,48.98,55.5,위험
2138614351,주식회사뉴그린,2015,성숙기,0,8.0,89.44,0.0,49.88,0.03,18.81,9.5,매우 안정
2138614351,주식회사뉴그린,2016,성장기,0,0.0,67.33,54.88,46.42,0.0,23.84,12.4,매우 안정
2138614351,주식회사뉴그린,2017,성숙기,0,9.9,69.01,53.96,60.92,0.04,26.06,15.2,매우 안정
2138614351,주식회사뉴그린,2018,성숙기,0,3.3,45.71,59.52,60.57,0.02,21.27,13.0,매우 안정
2138614351,주식회사뉴그린,2019,성숙기,0,0.0,70.0,64.49,63.4,0.03,12.03,13.7,매우 안정
2138614351,주식회사뉴그린,2020,성숙기,0,0.0,100.0,87.2,81.16,0.03,11.11,18.3,매우 안정
2138614351,주식회사뉴그린,2021,성숙기,0,0.0,60.1,93.3,37.63,0.04,14.56,15.0,매우 안정
2138614351,주식회사뉴그린,2022,성숙기,0,0.0,0.0,97.61,45.99,0.02,24.34,13.3,매우 안정
2138614351,주식회사뉴그린,2023,성숙기,0,0.0,55.11,98.86,33.75,0.03,56.74,17.2,매우 안정
2138614351,주식회사뉴그린,2024,성장기,0,27.8,68.67,100.0,41.72,0.02,38.4,23.0,매우 안정
2138641620,푸른서부환경주식회사,2018,도입기,0,47.7,45.71,59.52,60.57,0.01,21.28,21.9,매우 안정
2138641620,푸른서부환경주식회사,2019,성장기,0,16.9,70.0,64.49,64.56,0.07,12.07,17.2,매우 안정
2138641620,푸른서부환경주식회사,2020,성숙기,0,0.0,100.0,87.2,81.25,6.8,17.3,22.4,매우 안정
2138641620,푸른서부환경주식회사,2021,성숙기,0,0.0,60.1,93.3,36.24,9.82,17.12,20.4,매우 안정
2138641620,푸른서부환경주식회사,2022,성숙기,1,0.0,0.0,97.61,46.18,61.12,68.28,49.1,중립
2148189700,에스지씨에너지(주),2015,성장기,0,0.0,89.44,0.0,50.19,3.06,15.8,9.5,매우 안정
2148189700,에스지씨에너지(주),2016,성장기,0,0.0,67.33,54.88,48.06,7.34,27.35,16.7,매우 안정
2148189700,에스지씨에너지(주),2017,성장기,0,0.0,69.01,53.96,62.24,16.3,32.99,22.6,매우 안정
2148189700,에스지씨에너지(주),2018,조정기,1,28.3,45.71,59.52,61.99,76.41,69.72,62.5,매우 위험
2148767708,(주)씨그마이티엔,2015,조정기,1,30.6,89.44,0.0,29.89,97.11,94.95,70.2,매우 위험
2158144633,(주)에스피리사이클링,2015,성숙기,0,8.0,89.44,0.0,49.85,0.2,18.88,9.6,매우 안정
2158144633,(주)에스피리사이클링,2016,성숙기,0,3.7,67.33,54.88,50.41,0.02,23.73,13.3,매우 안정
2158144633,(주)에스피리사이클링,2017,성숙기,0,9.9,69.01,53.96,63.07,0.27,26.23,15.4,매우 안정
2158144633,(주)에스피리사이클링,2018,성숙기,0,3.3,45.71,59.52,64.08,0.09,21.14,13.2,매우 안정
2158144633,(주)에스피리사이클링,2019,성숙기,0,0.0,70.0,64.49,71.56,1.56,13.32,15.1,매우 안정
2158144633,(주)에스피리사이클링,2020,성숙기,0,0.0,100.0,87.2,86.28,0.14,9.82,18.6,매우 안정
2158144633,(주)에스피리사이클링,2021,성장기,0,22.2,60.1,93.3,40.18,0.15,14.55,19.6,매우 안정
2158144633,(주)에스피리사이클링,2022,성장기,0,15.4,0.0,97.61,57.34,5.47,28.99,20.2,매우 안정
2158144633,(주)에스피리사이클링,2023,성장기,0,27.2,55.11,98.86,42.22,7.74,57.32,27.3,매우 안정
2158144633,(주)에스피리사이클링,2024,성장기,0,27.8,68.67,100.0,52.15,77.2,88.58,68.5,매우 위험
2158753982,주식회사윈텍글로비스,2021,도입기,0,72.6,60.1,93.3,37.74,0.16,14.55,29.6,매우 안정
2158753982,주식회사윈텍글로비스,2022,도입기,0,56.5,0.0,97.61,47.02,6.85,30.19,28.7,매우 안정
2158753982,주식회사윈텍글로비스,2023,도입기,1,89.8,55.11,98.86,34.73,23.15,63.92,48.3,중립
2158755980,경산에코에너지주식회사,2015,성장기,0,0.0,89.44,0.0,49.85,0.08,18.8,7.9,매우 안정
2158755980,경산에코에너지주식회사,2016,성장기,0,0.0,67.33,54.88,45.74,2.15,25.52,13.6,매우 안정
2158755980,경산에코에너지주식회사,2017,성장기,1,0.0,69.01,53.96,60.77,79.26,85.88,59.8,위험
2158779828,케이에스솔라주식회사,2015,성숙기,0,8.0,89.44,0.0,49.85,0.32,18.96,9.7,매우 안정
2158779828,케이에스솔라주식회사,2016,조정기,0,25.4,67.33,54.88,45.74,2.11,25.3,18.6,매우 안정
2158779828,케이에스솔라주식회사,2017,성숙기,0,9.9,69.01,53.96,61.6,3.56,27.16,17.2,매우 안정
2158779828,케이에스솔라주식회사,2018,성숙기,0,3.3,45.71,59.52,61.45,0.06,18.47,12.9,매우 안정
2158779828,케이에스솔라주식회사,2019,성숙기,0,0.0,70.0,64.49,65.09,0.29,12.22,14.0,매우 안정
2158779828,케이에스솔라주식회사,2020,성숙기,0,0.0,100.0,87.2,81.55,0.14,10.98,18.4,매우 안정
2158779828,케이에스솔라주식회사,2021,성숙기,0,0.0,60.1,93.3,38.53,0.23,14.63,15.1,매우 안정
2158779828,케이에스솔라주식회사,2022,성숙기,0,0.0,0.0,97.61,48.73,0.38,24.46,13.6,매우 안정
2158779828,케이에스솔라주식회사,2023,성숙기,0,0.0,55.11,98.86,36.05,0.04,56.54,17.3,매우 안정
2178116055,주식회사대륜E&S,2015,성숙기,0,8.0,89.44,0.0,51.3,0.63,16.99,9.8,매우 안정
2178116055,주식회사대륜E&S,2016,성장기,0,0.0,67.33,54.88,35.85,0.37,23.68,12.0,매우 안정
2178116055,주식회사대륜E&S,2017,성장기,0,0.0,69.01,53.96,51.5,4.17,28.97,15.2,매우 안정
2178116055,주식회사대륜E&S,2018,성장기,0,0.0,45.71,59.52,53.08,1.26,18.95,12.5,매우 안정
2178116055,주식회사대륜E&S,2019,성장기,0,16.9,70.0,64.49,59.01,1.44,12.15,17.7,매우 안정
2178116055,주식회사대륜E&S,2020,성숙기,0,0.0,100.0,87.2,78.37,0.66,10.41,18.5,매우 안정
2178116055,주식회사대륜E&S,2021,성숙기,0,0.0,60.1,93.3,36.4,4.27,18.0,17.4,매우 안정
2178116055,주식회사대륜E&S,2022,성숙기,0,0.0,0.0,97.61,46.06,3.17,22.99,15.0,매우 안정
2178116055,주식회사대륜E&S,2023,성숙기,0,0.0,55.11,98.86,34.1,5.24,57.44,20.1,매우 안정
2178116055,주식회사대륜E&S,2024,성숙기,0,0.0,68.67,100.0,42.29,10.2,42.65,23.3,매우 안정
2188601695,포운,2020,성장기,0,11.2,100.0,87.2,81.25,0.07,11.11,20.6,매우 안정
2188601695,포운,2021,성장기,0,22.2,60.1,93.3,37.74,0.22,14.69,19.5,매우 안정
2188601695,포운,2022,성장기,0,15.4,0.0,97.61,47.02,0.35,24.45,16.6,매우 안정
2188601695,포운,2023,성장기,0,27.2,55.11,98.86,46.17,2.56,57.77,24.7,매우 안정
2188601695,포운,2024,성숙기,0,0.0,68.67,100.0,57.45,0.45,37.27,18.4,매우 안정
2198108231,남원산업(주),2015,조정기,0,30.6,89.44,0.0,49.85,5.93,23.93,17.5,매우 안정
2198108231,남원산업(주),2016,성장기,0,0.0,67.33,54.88,45.74,2.42,21.2,13.5,매우 안정
2198108231,남원산업(주),2017,성숙기,0,9.9,69.01,53.96,61.17,1.37,25.22,15.9,매우 안정
2198132823,주식회사보은리사이클링,2022,성장기,0,15.4,0.0,97.61,47.02,0.07,24.35,16.4,매우 안정
2198132823,주식회사보은리사이클링,2023,성숙기,0,0.0,55.11,98.86,34.73,7.1,60.1,21.3,매우 안정
2198132823,주식회사보은리사이클링,2024,성장기,1,27.8,68.67,100.0,42.62,19.95,48.49,34.5,안정
2198701036,부산동천지킴이주식회사,2018,도입기,0,47.7,45.71,59.52,60.57,0.01,21.28,21.9,매우 안정
2198701036,부산동천지킴이주식회사,2019,도입기,0,50.2,70.0,64.49,64.56,1.42,13.28,24.7,매우 안정
2198701036,부산동천지킴이주식회사,2020,도입기,0,71.5,100.0,87.2,81.25,1.59,11.28,33.5,안정
2198701036,부산동천지킴이주식회사,2021,도입기,0,72.6,60.1,93.3,37.53,4.56,17.33,32.1,안정
2198701036,부산동천지킴이주식회사,2022,조정기,0,27.0,0.0,97.61,46.57,40.2,55.09,42.4,중립
2198701036,부산동천지킴이주식회사,2023,성숙기,1,0.0,55.11,98.86,34.74,45.15,55.39,42.0,중립
2208104138,(주)동명엔터프라이즈,2015,도입기,1,30.9,89.44,0.0,46.93,65.83,76.94,53.1,위험
2208104327,(주)파이닉스알엔디,2019,성숙기,0,0.0,70.0,64.49,64.56,0.01,12.02,13.8,매우 안정
2208104327,(주)파이닉스알엔디,2020,조정기,0,16.3,100.0,87.2,81.25,0.03,11.13,21.6,매우 안정
2208104327,(주)파이닉스알엔디,2021,성숙기,0,0.0,60.1,93.3,37.74,0.05,14.57,15.0,매우 안정
2208104327,(주)파이닉스알엔디,2022,조정기,0,27.0,0.0,97.61,47.48,0.12,24.41,18.8,매우 안정
2208104327,(주)파이닉스알엔디,2023,성숙기,0,0.0,55.11,98.86,35.11,2.87,58.05,18.9,매우 안정
2208104327,(주)파이닉스알엔디,2024,성숙기,0,0.0,68.67,100.0,43.77,0.39,37.06,17.7,매우 안정
2208188671,아름다운환경건설(주),2015,성숙기,0,8.0,89.44,0.0,48.05,0.17,18.77,9.5,매우 안정
2208188671,아름다운환경건설(주),2016,성숙기,0,3.7,67.33,54.88,48.65,0.09,23.81,13.3,매우 안정
2208188671,아름다운환경건설(주),2017,성숙기,0,9.9,69.01,53.96,62.92,0.04,25.99,15.3,매우 안정
2208188671,아름다운환경건설(주),2018,성숙기,0,3.3,45.71,59.52,64.71,0.02,21.27,13.2,매우 안정
2208188671,아름다운환경건설(주),2019,성숙기,0,0.0,70.0,64.49,65.6,0.09,12.08,13.9,매우 안정
2208188671,아름다운환경건설(주),2020,성숙기,0,0.0,100.0,87.2,59.62,0.02,11.04,17.3,매우 안정
2208188671,아름다운환경건설(주),2021,성숙기,0,0.0,60.1,93.3,33.4,0.04,14.57,14.8,매우 안정
2208188671,아름다운환경건설(주),2022,성숙기,0,0.0,0.0,97.61,40.53,0.06,24.37,13.0,매우 안정
2208188671,아름다운환경건설(주),2023,성숙기,0,0.0,55.11,98.86,29.61,0.01,56.71,17.0,매우 안정
2208188671,아름다운환경건설(주),2024,성장기,0,27.8,68.67,100.0,35.97,0.01,38.4,22.7,매우 안정
2208198145,삼호환경기술(주),2015,성장기,0,0.0,89.44,0.0,49.85,3.92,22.34,10.2,매우 안정
2208198145,삼호환경기술(주),2016,성장기,0,0.0,67.33,54.88,48.74,4.9,24.73,15.2,매우 안정
2208198145,삼호환경기술(주),2017,성장기,0,0.0,69.01,53.96,62.39,23.1,40.16,26.7,매우 안정
2208198145,삼호환경기술(주),2018,성숙기,1,3.3,45.71,59.52,63.06,85.4,71.5,62.6,매우 위험
2208608046,금화씨앤이주식회사,2015,쇠퇴기,0,100.0,89.44,0.0,49.12,0.11,18.84,27.9,매우 안정
2208608046,금화씨앤이주식회사,2016,성숙기,0,3.7,67.33,54.88,47.45,0.1,23.86,13.2,매우 안정
2208608046,금화씨앤이주식회사,2017,조정기,0,32.0,69.01,53.96,61.51,2.78,28.11,21.3,매우 안정
2208608046,금화씨앤이주식회사,2018,성숙기,0,3.3,45.71,59.52,59.13,0.02,19.06,12.8,매우 안정
2208608046,금화씨앤이주식회사,2019,성숙기,0,0.0,70.0,64.49,62.29,0.04,12.04,13.7,매우 안정
2208608046,금화씨앤이주식회사,2020,성숙기,0,0.0,100.0,87.2,64.97,0.14,11.2,17.6,매우 안정
2208608046,금화씨앤이주식회사,2021,성숙기,0,0.0,60.1,93.3,25.51,0.04,14.44,14.4,매우 안정
2208608046,금화씨앤이주식회사,2022,성숙기,0,0.0,0.0,97.61,37.23,0.05,24.36,12.9,매우 안정
2208608046,금화씨앤이주식회사,2023,성숙기,0,0.0,55.11,98.86,27.12,0.21,56.81,17.0,매우 안정
2208608046,금화씨앤이주식회사,2024,도입기,0,100.0,68.67,100.0,34.87,0.58,38.69,37.4,안정
2208721798,담양하수관거(주),2015,조정기,0,30.6,89.44,0.0,49.81,0.49,18.57,14.3,매우 안정
2208721798,담양하수관거(주),2016,조정기,0,25.4,67.33,54.88,42.82,0.28,23.72,17.4,매우 안정
2208721798,담양하수관거(주),2017,성숙기,0,9.9,69.01,53.96,58.48,0.23,25.99,15.2,매우 안정
2208721798,담양하수관거(주),2018,성숙기,0,3.3,45.71,59.52,58.8,0.13,21.2,13.0,매우 안정
2208721798,담양하수관거(주),2019,성숙기,0,0.0,70.0,64.49,62.83,0.25,12.12,13.8,매우 안정
2208721798,담양하수관거(주),2020,성숙기,0,0.0,100.0,87.2,79.96,0.23,11.1,18.4,매우 안정
2208721798,담양하수관거(주),2021,성숙기,0,0.0,60.1,93.3,37.87,0.1,14.4,15.0,매우 안정
2208721798,담양하수관거(주),2022,성숙기,0,0.0,0.0,97.61,47.58,0.28,24.51,13.5,매우 안정
2208721798,담양하수관거(주),2023,성숙기,0,0.0,55.11,98.86,35.04,0.07,56.61,17.3,매우 안정
2208721798,담양하수관거(주),2024,성숙기,0,0.0,68.67,100.0,42.96,0.53,38.73,17.8,매우 안정
2208757049,푸른장량주식회사,2015,성숙기,0,8.0,89.44,0.0,44.02,0.42,19.04,9.5,매우 안정
2208757049,푸른장량주식회사,2016,성숙기,0,3.7,67.33,54.88,40.72,1.09,24.41,13.5,매우 안정
2208757049,푸른장량주식회사,2017,성숙기,0,9.9,69.01,53.96,56.08,0.72,25.74,15.3,매우 안정
2208757049,푸른장량주식회사,2018,성숙기,0,3.3,45.71,59.52,56.87,1.32,21.77,13.6,매우 안정
2208757049,푸른장량주식회사,2019,성숙기,0,0.0,70.0,64.49,65.37,16.69,25.68,23.7,매우 안정
2208757049,푸른장량주식회사,2020,성숙기,1,0.0,100.0,87.2,80.6,84.63,73.75,68.0,매우 위험
2208803399,(주)한국태양광발전연구소,2015,도입기,0,30.9,89.44,0.0,49.85,0.17,18.8,14.2,매우 안정
2208803399,(주)한국태양광발전연구소,2016,성숙기,0,3.7,67.33,54.88,45.74,9.93,31.65,18.9,매우 안정
2208803399,(주)한국태양광발전연구소,2017,성숙기,0,9.9,69.01,53.96,60.77,0.04,18.37,14.8,매우 안정
2208803399,(주)한국태양광발전연구소,2018,성숙기,0,3.3,45.71,59.52,0.0,1.44,22.41,10.8,매우 안정
2208803399,(주)한국태양광발전연구소,2019,성숙기,0,0.0,70.0,64.49,96.5,12.26,21.63,22.6,매우 안정
2208803399,(주)한국태양광발전연구소,2020,성숙기,0,0.0,100.0,87.2,,0.07,0.0,,매우 안정
2208803399,(주)한국태양광발전연구소,2021,성숙기,0,0.0,60.1,93.3,74.09,0.07,14.55,16.8,매우 안정
2208803399,(주)한국태양광발전연구소,2022,성숙기,0,0.0,0.0,97.61,49.85,0.74,24.94,13.9,매우 안정
2208803399,(주)한국태양광발전연구소,2023,성장기,0,27.2,55.11,98.86,39.13,0.69,56.64,23.2,매우 안정
2208803399,(주)한국태양광발전연구소,2024,조정기,0,19.7,68.67,100.0,52.81,0.83,38.6,22.4,매우 안정
2208822552,인진,2018,도입기,0,47.7,45.71,59.52,60.57,0.01,21.28,21.9,매우 안정
2208822552,인진,2019,도입기,0,50.2,70.0,64.49,64.56,3.77,15.37,26.1,매우 안정
2208822552,인진,2020,도입기,1,71.5,100.0,87.2,81.25,86.03,86.81,83.7,매우 위험
2208829521,(주)내추럴오투피아,2015,성숙기,0,8.0,89.44,0.0,49.85,3.82,21.48,11.7,매우 안정
2208829521,(주)내추럴오투피아,2016,성숙기,0,3.7,67.33,54.88,24.82,5.3,25.12,15.0,매우 안정
2208829521,(주)내추럴오투피아,2017,성숙기,1,9.9,69.01,53.96,47.7,99.81,99.38,73.1,매우 위험
2218102394,강원도시가스(주),2015,성숙기,0,8.0,89.44,0.0,49.2,0.08,18.82,9.5,매우 안정
2218102394,강원도시가스(주),2016,성숙기,0,3.7,67.33,54.88,43.94,0.02,23.82,13.0,매우 안정
2218102394,강원도시가스(주),2017,성숙기,0,9.9,69.01,53.96,58.57,0.12,26.11,15.1,매우 안정
2218102394,강원도시가스(주),2018,성숙기,0,3.3,45.71,59.52,59.31,0.11,21.28,13.0,매우 안정
2218102394,강원도시가스(주),2019,성숙기,0,0.0,70.0,64.49,62.75,0.05,11.96,13.7,매우 안정
2218102394,강원도시가스(주),2020,성숙기,0,0.0,100.0,87.2,80.01,0.05,11.11,18.3,매우 안정
2218102394,강원도시가스(주),2021,성숙기,0,0.0,60.1,93.3,37.72,0.09,14.58,15.0,매우 안정
2218102394,강원도시가스(주),2022,성숙기,0,0.0,0.0,97.61,46.9,0.02,24.3,13.3,매우 안정
2218102394,강원도시가스(주),2023,성숙기,0,0.0,55.11,98.86,34.69,0.13,56.79,17.3,매우 안정
2218102394,강원도시가스(주),2024,성숙기,0,0.0,68.67,100.0,42.14,0.2,38.47,17.6,매우 안정
2218125650,지더블유이엔지주식회사,2020,성장기,0,11.2,100.0,87.2,81.25,0.37,11.11,20.8,매우 안정
2218125650,지더블유이엔지주식회사,2021,쇠퇴기,0,100.0,60.1,93.3,37.74,12.96,26.69,42.7,중립
2218125650,지더블유이엔지주식회사,2022,조정기,0,27.0,0.0,97.61,47.02,7.45,18.33,22.5,매우 안정
2218125650,지더블유이엔지주식회사,2023,성숙기,0,0.0,55.11,98.86,28.14,1.72,53.3,17.7,매우 안정
2218125650,지더블유이엔지주식회사,2024,쇠퇴기,0,68.3,68.67,100.0,33.89,22.14,53.07,43.6,중립
2218139116,춘천태양광발전소(주),2015,성숙기,0,8.0,89.44,0.0,56.5,5.4,13.14,12.5,매우 안정
2218139116,춘천태양광발전소(주),2016,성숙기,0,3.7,67.33,54.88,42.61,8.78,26.67,17.9,매우 안정
2218139116,춘천태양광발전소(주),2017,조정기,0,32.0,69.01,53.96,57.06,4.75,22.91,21.9,매우 안정
2218139116,춘천태양광발전소(주),2018,성숙기,0,3.3,45.71,59.52,57.22,2.81,19.73,14.3,매우 안정
2218139116,춘천태양광발전소(주),2019,성숙기,0,0.0,70.0,64.49,62.3,3.56,12.64,15.7,매우 안정
2218146034,주식회사강원학교태양광,2015,성장기,0,0.0,89.44,0.0,,0.17,18.87,,매우 안정
2218146034,주식회사강원학교태양광,2016,성장기,0,0.0,67.33,54.88,45.74,2.04,25.37,13.5,매우 안정
2218146034,주식회사강원학교태양광,2017,성장기,0,0.0,69.01,53.96,60.77,0.05,24.49,13.1,매우 안정
2218146034,주식회사강원학교태양광,2018,성장기,0,0.0,45.71,59.52,82.46,0.02,21.26,13.4,매우 안정
2218146034,주식회사강원학교태양광,2019,성숙기,0,0.0,70.0,64.49,75.59,0.09,12.08,14.4,매우 안정
2218146034,주식회사강원학교태양광,2020,성숙기,0,0.0,100.0,87.2,97.55,0.04,11.06,19.2,매우 안정
2218146034,주식회사강원학교태양광,2021,성숙기,0,0.0,60.1,93.3,50.72,0.12,14.62,15.7,매우 안정
2218146034,주식회사강원학교태양광,2022,성숙기,0,0.0,0.0,97.61,51.96,0.28,24.49,13.7,매우 안정
2218146034,주식회사강원학교태양광,2023,성숙기,0,0.0,55.11,98.86,38.49,0.01,56.58,17.4,매우 안정
2218146034,주식회사강원학교태양광,2024,조정기,0,19.7,68.67,100.0,48.1,0.04,38.42,21.7,매우 안정
2218700118,영암이에스에스(주),2015,도입기,0,30.9,89.44,0.0,49.85,0.05,18.8,14.1,매우 안정
2218700118,영암이에스에스(주),2016,성숙기,0,3.7,67.33,54.88,,1.44,24.98,,매우 안정
2218700118,영암이에스에스(주),2017,성숙기,0,9.9,69.01,53.96,60.77,0.31,25.15,15.3,매우 안정
2218700118,영암이에스에스(주),2018,성숙기,0,3.3,45.71,59.52,60.57,1.69,22.4,14.0,매우 안정
2228124329,태백풍력발전주식회사,2015,성숙기,0,8.0,89.44,0.0,69.8,0.91,19.38,11.0,매우 안정
2228124329,태백풍력발전주식회사,2016,성숙기,0,3.7,67.33,54.88,32.82,2.84,25.42,14.1,매우 안정
2228124329,태백풍력발전주식회사,2017,성숙기,0,9.9,69.01,53.96,47.92,0.05,23.87,14.4,매우 안정
2228124329,태백풍력발전주식회사,2018,조정기,0,28.3,45.71,59.52,49.83,0.03,21.27,17.5,매우 안정
2228124329,태백풍력발전주식회사,2019,조정기,0,34.0,70.0,64.49,57.98,0.03,12.02,20.3,매우 안정
2228124329,태백풍력발전주식회사,2020,조정기,0,16.3,100.0,87.2,84.92,0.65,11.68,22.2,매우 안정
2228125954,창죽풍력발전주식회사,2015,성숙기,0,8.0,89.44,0.0,49.85,0.09,18.73,9.6,매우 안정
2228125954,창죽풍력발전주식회사,2016,조정기,0,25.4,67.33,54.88,41.84,0.12,23.89,17.3,매우 안정
2228125954,창죽풍력발전주식회사,2017,성숙기,0,9.9,69.01,53.96,58.51,0.05,25.97,15.1,매우 안정
2228125954,창죽풍력발전주식회사,2018,성숙기,0,3.3,45.71,59.52,59.14,0.02,21.26,12.9,매우 안정
2228125954,창죽풍력발전주식회사,2019,성숙기,0,0.0,70.0,64.49,61.27,0.02,12.02,13.6,매우 안정
2228127078,(주)지에스동해전력,2015,도입기,0,30.9,89.44,0.0,50.13,1.41,18.33,14.9,매우 안정
2228127078,(주)지에스동해전력,2016,도입기,0,27.2,67.33,54.88,47.65,0.53,23.19,18.1,매우 안정
2228127078,(주)지에스동해전력,2017,성장기,0,0.0,69.01,53.96,,0.27,25.83,,매우 안정
2228127078,(주)지에스동해전력,2018,성장기,0,0.0,45.71,59.52,61.55,0.09,21.14,12.4,매우 안정
2228127078,(주)지에스동해전력,2019,성숙기,0,0.0,70.0,64.49,49.66,0.46,12.35,13.3,매우 안정
2228127078,(주)지에스동해전력,2020,성숙기,0,0.0,100.0,87.2,83.22,0.21,10.88,18.5,매우 안정
2228127078,(주)지에스동해전력,2021,성숙기,0,0.0,60.1,93.3,41.1,0.3,14.62,15.3,매우 안정
2228127078,(주)지에스동해전력,2022,성숙기,0,0.0,0.0,97.61,47.57,0.5,24.5,13.6,매우 안정
2228127078,(주)지에스동해전력,2023,성숙기,0,0.0,55.11,98.86,35.22,0.41,56.65,17.5,매우 안정
2228127078,(주)지에스동해전력,2024,성숙기,0,0.0,68.67,100.0,44.31,0.47,38.5,17.8,매우 안정
2228129964,(주)고원풍력발전,2015,도입기,0,30.9,89.44,0.0,49.85,1.47,20.03,15.0,매우 안정
2228129964,(주)고원풍력발전,2016,도입기,1,27.2,67.33,54.88,45.74,52.95,64.93,49.0,중립
2228132101,(주)그린사이언스파워,2019,도입기,0,50.2,70.0,64.49,64.56,0.15,12.02,23.9,매우 안정
2228132101,(주)그린사이언스파워,2020,도입기,0,71.5,100.0,87.2,81.25,3.21,13.92,34.5,안정
2228132101,(주)그린사이언스파워,2021,도입기,0,72.6,60.1,93.3,37.74,4.11,15.26,31.8,안정
2228132101,(주)그린사이언스파워,2022,도입기,0,56.5,0.0,97.61,46.57,4.64,24.44,27.2,매우 안정
2238119585,케이솔라이호주식회사,2021,성장기,0,22.2,60.1,93.3,37.74,0.31,14.55,19.6,매우 안정
2238119585,케이솔라이호주식회사,2022,성숙기,0,0.0,0.0,97.61,47.02,8.86,31.8,18.6,매우 안정
2238119585,케이솔라이호주식회사,2023,성숙기,0,0.0,55.11,98.86,34.73,10.55,56.73,23.0,매우 안정
2238119585,케이솔라이호주식회사,2024,성숙기,0,0.0,68.67,100.0,43.43,75.39,85.72,61.4,매우 위험
2248106327,참빛원주도시가스(주),2015,성숙기,0,8.0,89.44,0.0,49.21,0.5,19.18,9.8,매우 안정
2248106327,참빛원주도시가스(주),2016,성숙기,0,3.7,67.33,54.88,44.59,0.14,23.6,13.1,매우 안정
2248106327,참빛원주도시가스(주),2017,성숙기,0,9.9,69.01,53.96,59.07,0.11,26.01,15.1,매우 안정
2248106327,참빛원주도시가스(주),2018,성장기,0,0.0,45.71,59.52,59.34,0.09,21.27,12.3,매우 안정
2248106327,참빛원주도시가스(주),2019,성숙기,0,0.0,70.0,64.49,63.17,0.12,12.04,13.8,매우 안정
2248106327,참빛원주도시가스(주),2020,성장기,0,11.2,100.0,87.2,79.77,0.13,11.12,20.6,매우 안정
2248106327,참빛원주도시가스(주),2021,성숙기,0,0.0,60.1,93.3,37.02,0.18,14.59,15.0,매우 안정
2248106327,참빛원주도시가스(주),2022,성숙기,0,0.0,0.0,97.61,46.22,0.09,24.26,13.3,매우 안정
2248106327,참빛원주도시가스(주),2023,성숙기,0,0.0,55.11,98.86,34.21,0.65,57.0,17.6,매우 안정
2248106327,참빛원주도시가스(주),2024,성숙기,0,0.0,68.67,100.0,41.95,0.44,38.34,17.7,매우 안정
2248136914,주식회사성창환경,2022,성장기,0,15.4,0.0,97.61,47.02,0.05,24.35,16.4,매우 안정
2248136914,주식회사성창환경,2023,성숙기,0,0.0,55.11,98.86,34.73,0.0,56.71,17.2,매우 안정
2248136914,주식회사성창환경,2024,성장기,0,27.8,68.67,100.0,42.62,0.03,38.42,23.1,매우 안정
2248151972,강원바이오에너지(주),2015,성숙기,0,8.0,89.44,0.0,,1.11,19.62,,매우 안정
2248151972,강원바이오에너지(주),2016,조정기,0,25.4,67.33,54.88,45.74,2.19,24.75,18.7,매우 안정
2248151972,강원바이오에너지(주),2017,조정기,0,32.0,69.01,53.96,60.77,0.28,24.55,19.7,매우 안정
2248151972,강원바이오에너지(주),2018,조정기,0,28.3,45.71,59.52,63.73,0.05,21.1,18.2,매우 안정
2248151972,강원바이오에너지(주),2019,조정기,0,34.0,70.0,64.49,65.07,0.64,12.54,21.0,매우 안정
2258121355,평창풍력발전주식회사,2015,도입기,0,30.9,89.44,0.0,49.85,4.1,22.4,16.5,매우 안정
2258121355,평창풍력발전주식회사,2016,도입기,0,27.2,67.33,54.88,45.74,4.21,24.04,20.1,매우 안정
2258121355,평창풍력발전주식회사,2017,성숙기,0,9.9,69.01,53.96,61.71,0.04,22.8,15.1,매우 안정
2258121355,평창풍력발전주식회사,2018,성숙기,0,3.3,45.71,59.52,65.64,0.08,21.32,13.3,매우 안정
2258121355,평창풍력발전주식회사,2019,성숙기,0,0.0,70.0,64.49,77.16,0.13,12.06,14.5,매우 안정
2258121355,평창풍력발전주식회사,2020,성숙기,0,0.0,100.0,87.2,96.46,1.52,12.39,20.0,매우 안정
2258121355,평창풍력발전주식회사,2021,성숙기,0,0.0,60.1,93.3,50.27,0.23,13.23,15.6,매우 안정
2258121355,평창풍력발전주식회사,2022,성숙기,0,0.0,0.0,97.61,55.86,0.24,24.34,13.9,매우 안정
2258121355,평창풍력발전주식회사,2023,성숙기,0,0.0,55.11,98.86,41.39,2.79,57.94,19.1,매우 안정
2258121355,평창풍력발전주식회사,2024,성숙기,0,0.0,68.67,100.0,52.36,13.97,46.7,26.1,매우 안정
2258124217,정암풍력발전주식회사,2016,도입기,0,27.2,67.33,54.88,45.74,0.06,23.87,17.8,매우 안정
2258124217,정암풍력발전주식회사,2017,도입기,0,43.7,69.01,53.96,60.77,0.92,26.69,22.5,매우 안정
2258124217,정암풍력발전주식회사,2018,도입기,0,47.7,45.71,59.52,60.57,0.38,20.85,22.1,매우 안정
2258124217,정암풍력발전주식회사,2019,성장기,0,16.9,70.0,64.49,,0.54,12.15,,매우 안정
2258124217,정암풍력발전주식회사,2020,성장기,0,11.2,100.0,87.2,81.25,1.45,11.95,21.4,매우 안정
2258124217,정암풍력발전주식회사,2021,성숙기,0,0.0,60.1,93.3,39.16,0.82,13.87,15.4,매우 안정
2258124217,정암풍력발전주식회사,2022,성숙기,0,0.0,0.0,97.61,49.89,2.26,25.53,14.8,매우 안정
2258124217,정암풍력발전주식회사,2023,성숙기,0,0.0,55.11,98.86,36.72,2.8,56.79,18.9,매우 안정
2258124217,정암풍력발전주식회사,2024,조정기,0,19.7,68.67,100.0,46.08,67.22,84.31,60.9,매우 위험
2258700328,주식회사충주그린,2017,성장기,0,0.0,69.01,53.96,60.77,0.03,26.03,13.2,매우 안정
2258700328,주식회사충주그린,2018,성숙기,0,3.3,45.71,59.52,60.57,0.04,21.29,13.0,매우 안정
2258700328,주식회사충주그린,2019,성숙기,0,0.0,70.0,64.49,64.56,0.05,12.03,13.8,매우 안정
2258700328,주식회사충주그린,2020,성숙기,0,0.0,100.0,87.2,85.42,0.05,11.11,18.6,매우 안정
2258700328,주식회사충주그린,2021,성숙기,0,0.0,60.1,93.3,48.62,0.02,14.52,15.5,매우 안정
2258700328,주식회사충주그린,2022,조정기,0,27.0,0.0,97.61,41.51,0.11,24.43,18.5,매우 안정
2258700328,주식회사충주그린,2023,성숙기,0,0.0,55.11,98.86,29.68,0.0,56.68,17.0,매우 안정
2258700328,주식회사충주그린,2024,성숙기,0,0.0,68.67,100.0,37.62,0.06,38.44,17.3,매우 안정
2268106624,참빛영동도시가스공업주식회사,2015,성장기,0,0.0,89.44,0.0,49.13,0.32,14.18,7.8,매우 안정
2268106624,참빛영동도시가스공업주식회사,2016,성숙기,0,3.7,67.33,54.88,50.63,1.23,24.6,14.0,매우 안정
2268106624,참빛영동도시가스공업주식회사,2017,성장기,0,0.0,69.01,53.96,63.21,0.69,25.61,13.7,매우 안정
2268106624,참빛영동도시가스공업주식회사,2018,조정기,0,28.3,45.71,59.52,62.66,0.17,20.87,18.2,매우 안정
2268106624,참빛영동도시가스공업주식회사,2019,성장기,0,16.9,70.0,64.49,63.58,0.17,12.02,17.2,매우 안정
2268106624,참빛영동도시가스공업주식회사,2020,성숙기,0,0.0,100.0,87.2,81.15,0.08,11.02,18.4,매우 안정
2268106624,참빛영동도시가스공업주식회사,2021,성숙기,0,0.0,60.1,93.3,36.76,0.13,14.59,15.0,매우 안정
2268106624,참빛영동도시가스공업주식회사,2022,성숙기,0,0.0,0.0,97.61,48.23,0.08,24.31,13.4,매우 안정
2268106624,참빛영동도시가스공업주식회사,2023,성숙기,0,0.0,55.11,98.86,35.72,0.14,56.76,17.3,매우 안정
2268106624,참빛영동도시가스공업주식회사,2024,성숙기,0,0.0,68.67,100.0,43.75,0.16,38.43,17.6,매우 안정
2268127518,강원풍력발전주식회사,2015,성숙기,0,8.0,89.44,0.0,47.36,0.09,18.8,9.4,매우 안정
2268127518,강원풍력발전주식회사,2016,조정기,0,25.4,67.33,54.88,43.12,0.02,23.81,17.3,매우 안정
2268127518,강원풍력발전주식회사,2017,조정기,0,32.0,69.01,53.96,58.86,0.13,26.12,19.6,매우 안정
2268127518,강원풍력발전주식회사,2018,조정기,0,28.3,45.71,59.52,59.81,0.0,21.18,17.9,매우 안정
2268127518,강원풍력발전주식회사,2019,성숙기,0,0.0,70.0,64.49,64.33,0.01,12.03,13.8,매우 안정
2268127518,강원풍력발전주식회사,2020,성숙기,0,0.0,100.0,87.2,81.6,0.05,11.14,18.4,매우 안정
2268127518,강원풍력발전주식회사,2021,성숙기,0,0.0,60.1,93.3,37.74,0.01,14.5,15.0,매우 안정
2268127518,강원풍력발전주식회사,2022,성숙기,0,0.0,0.0,97.61,44.68,0.07,24.41,13.3,매우 안정
2268127518,강원풍력발전주식회사,2023,조정기,0,32.9,55.11,98.86,33.53,0.01,56.71,23.7,매우 안정
2268127518,강원풍력발전주식회사,2024,성장기,0,27.8,68.67,100.0,42.45,0.07,38.44,23.1,매우 안정
2268135148,효성윈드파워홀딩스(주),2015,도입기,0,30.9,89.44,0.0,49.85,0.06,18.8,14.1,매우 안정
2268135148,효성윈드파워홀딩스(주),2016,도입기,0,27.2,67.33,54.88,45.74,0.75,24.42,18.2,매우 안정
2268135148,효성윈드파워홀딩스(주),2017,도입기,0,43.7,69.01,53.96,60.77,0.63,25.94,22.3,매우 안정
2268135148,효성윈드파워홀딩스(주),2018,성숙기,0,3.3,45.71,59.52,61.23,0.23,20.97,13.1,매우 안정
2268135148,효성윈드파워홀딩스(주),2019,성숙기,0,0.0,70.0,64.49,57.89,0.25,12.03,13.6,매우 안정
2268135148,효성윈드파워홀딩스(주),2020,성숙기,0,0.0,100.0,87.2,83.9,1.55,12.31,19.4,매우 안정
2268135148,효성윈드파워홀딩스(주),2021,성숙기,0,0.0,60.1,93.3,42.17,0.23,13.2,15.2,매우 안정
2268135148,효성윈드파워홀딩스(주),2022,성숙기,0,0.0,0.0,97.61,52.56,0.59,24.65,13.9,매우 안정
2268135148,효성윈드파워홀딩스(주),2023,성숙기,0,0.0,55.11,98.86,39.11,0.1,56.45,17.5,매우 안정
2268135148,효성윈드파워홀딩스(주),2024,성숙기,0,0.0,68.67,100.0,48.86,0.69,38.83,18.2,매우 안정
2268145817,주식회사그린월드,2015,도입기,0,30.9,89.44,0.0,49.85,0.05,18.8,14.1,매우 안정
2268145817,주식회사그린월드,2016,쇠퇴기,0,100.0,67.33,54.88,45.74,3.92,26.95,34.6,안정
2268145817,주식회사그린월드,2017,조정기,1,32.0,69.01,53.96,,99.22,100.0,,매우 안정
2268148532,주식회사명일환경,2016,성숙기,0,3.7,67.33,54.88,45.74,0.16,23.87,13.2,매우 안정
2268148532,주식회사명일환경,2017,성숙기,0,9.9,69.01,53.96,0.0,0.08,25.97,12.2,매우 안정
2268150381,강릉에코파워주식회사,2015,도입기,0,30.9,89.44,0.0,49.85,0.13,18.8,14.2,매우 안정
2268150381,강릉에코파워주식회사,2016,도입기,0,27.2,67.33,54.88,45.74,1.51,24.96,18.7,매우 안정
2268150381,강릉에코파워주식회사,2017,도입기,1,43.7,69.01,53.96,60.77,76.5,84.23,66.9,매우 위험
2268150983,청산풍력발전(주),2019,도입기,0,50.2,70.0,64.49,64.56,0.06,12.02,23.9,매우 안정
2268150983,청산풍력발전(주),2020,도입기,0,71.5,100.0,87.2,81.25,1.75,12.66,33.7,안정
2268150983,청산풍력발전(주),2021,도입기,0,72.6,60.1,93.3,37.74,0.1,12.87,29.4,매우 안정
2268150983,청산풍력발전(주),2022,성숙기,0,0.0,0.0,97.61,46.57,0.5,24.7,13.6,매우 안정
2268150983,청산풍력발전(주),2023,성숙기,0,0.0,55.11,98.86,34.51,0.23,56.56,17.3,매우 안정
2268150983,청산풍력발전(주),2024,성숙기,0,0.0,68.67,100.0,42.93,0.77,38.82,17.9,매우 안정
2288702174,주식회사디에이치바이오,2021,도입기,0,72.6,60.1,93.3,37.74,0.07,14.55,29.5,매우 안정
2288702174,주식회사디에이치바이오,2022,도입기,0,56.5,0.0,97.61,47.02,7.95,31.23,29.3,매우 안정
2288702174,주식회사디에이치바이오,2023,도입기,0,89.8,55.11,98.86,34.73,33.15,68.09,54.0,위험
2288702174,주식회사디에이치바이오,2024,도입기,1,100.0,68.67,100.0,37.15,21.18,34.7,48.7,중립
2308104800,광명태양광주식회사,2017,도입기,0,43.7,69.01,53.96,60.77,0.1,26.03,22.0,매우 안정
2308104800,광명태양광주식회사,2018,도입기,0,47.7,45.71,59.52,,0.72,21.79,,매우 안정
2308104800,광명태양광주식회사,2019,도입기,1,50.2,70.0,64.49,64.56,97.04,97.74,81.5,매우 위험
2318100355,포천민자발전주식회사,2015,도입기,0,30.9,89.44,0.0,49.85,2.76,19.95,15.7,매우 안정
2318100355,포천민자발전주식회사,2016,도입기,0,27.2,67.33,54.88,47.65,0.75,22.32,18.2,매우 안정
2318100355,포천민자발전주식회사,2017,도입기,0,43.7,69.01,53.96,61.71,4.1,28.63,24.4,매우 안정
2318100355,포천민자발전주식회사,2018,성숙기,0,3.3,45.71,59.52,61.55,19.81,33.95,24.6,매우 안정
2318100355,포천민자발전주식회사,2019,성숙기,1,0.0,70.0,64.49,56.59,93.93,77.67,68.3,매우 위험
2318107775,주식회사지에스포천그린에너지,2015,도입기,0,30.9,89.44,0.0,49.85,0.26,18.8,14.2,매우 안정
2318107775,주식회사지에스포천그린에너지,2016,도입기,0,27.2,67.33,54.88,45.74,0.91,24.39,18.3,매우 안정
2318107775,주식회사지에스포천그린에너지,2017,도입기,0,43.7,69.01,53.96,60.77,0.74,25.9,22.3,매우 안정
2318107775,주식회사지에스포천그린에너지,2018,도입기,0,47.7,45.71,59.52,61.23,0.08,20.76,21.9,매우 안정
2318107775,주식회사지에스포천그린에너지,2019,도입기,0,50.2,70.0,64.49,64.96,3.81,15.34,26.1,매우 안정
2318107775,주식회사지에스포천그린에너지,2020,성숙기,0,0.0,100.0,87.2,81.25,2.5,9.93,19.7,매우 안정
2318107775,주식회사지에스포천그린에너지,2021,성장기,1,22.2,60.1,93.3,28.44,71.17,80.74,61.4,매우 위험
2328701043,티엠솔라원주식회사,2021,도입기,0,72.6,60.1,93.3,37.74,0.07,14.55,29.5,매우 안정
2328701043,티엠솔라원주식회사,2022,성장기,0,15.4,0.0,97.61,,0.47,24.7,,매우 안정
2328701043,티엠솔라원주식회사,2023,성숙기,0,0.0,55.11,98.86,34.73,0.04,56.49,17.2,매우 안정
2328701043,티엠솔라원주식회사,2024,성숙기,0,0.0,68.67,100.0,42.62,0.56,38.77,17.8,매우 안정
2328800681,주식회사삼수풍력발전,2020,도입기,0,71.5,100.0,87.2,81.25,0.14,11.11,32.7,안정
2328800681,주식회사삼수풍력발전,2021,성장기,0,22.2,60.1,93.3,37.74,2.37,16.69,20.8,매우 안정
2328800681,주식회사삼수풍력발전,2022,성숙기,0,0.0,0.0,97.61,47.02,0.48,22.49,13.5,매우 안정
2328800681,주식회사삼수풍력발전,2023,성숙기,0,0.0,55.11,98.86,33.66,0.11,56.52,17.2,매우 안정
2328800681,주식회사삼수풍력발전,2024,성숙기,0,0.0,68.67,100.0,43.88,2.46,40.07,19.0,매우 안정
2388100467,하장2풍력발전(주),2016,도입기,0,27.2,67.33,54.88,45.74,0.02,23.87,17.8,매우 안정
2388100467,하장2풍력발전(주),2017,성숙기,0,9.9,69.01,53.96,,0.06,26.06,,매우 안정
2388100467,하장2풍력발전(주),2018,성숙기,0,3.3,45.71,59.52,60.57,0.02,21.25,13.0,매우 안정
2388100467,하장2풍력발전(주),2019,성숙기,0,0.0,70.0,64.49,64.56,0.3,12.26,14.0,매우 안정
2388700402,주식회사엠에이,2021,성장기,0,22.2,60.1,93.3,37.74,0.04,14.55,19.4,매우 안정
2388700402,주식회사엠에이,2022,도입기,0,56.5,0.0,97.61,47.02,7.0,30.44,28.8,매우 안정
2388700402,주식회사엠에이,2023,도입기,0,89.8,55.11,98.86,34.73,0.63,53.04,35.3,안정
2388700402,주식회사엠에이,2024,도입기,0,100.0,68.67,100.0,45.7,9.09,44.46,42.9,중립
2478800534,주식회사태안안면클린에너지,2018,도입기,0,47.7,45.71,59.52,60.57,0.01,21.28,21.9,매우 안정
2478800534,주식회사태안안면클린에너지,2019,쇠퇴기,0,100.0,70.0,64.49,64.56,13.86,24.35,42.0,중립
2478800534,주식회사태안안면클린에너지,2022,도입기,1,56.5,0.0,97.61,47.02,13.17,24.35,31.9,안정
2488800084,울진풍력주식회사,2016,도입기,0,27.2,67.33,54.88,45.74,0.08,23.87,17.8,매우 안정
2488800084,울진풍력주식회사,2017,도입기,0,43.7,69.01,53.96,60.77,1.32,26.99,22.7,매우 안정
2488800084,울진풍력주식회사,2018,도입기,0,47.7,45.71,59.52,60.57,0.33,20.49,22.0,매우 안정
2488800084,울진풍력주식회사,2019,도입기,0,50.2,70.0,64.49,64.96,7.67,18.54,28.4,매우 안정
2488800084,울진풍력주식회사,2020,성숙기,0,0.0,100.0,87.2,81.25,11.9,15.07,25.1,매우 안정
2488800084,울진풍력주식회사,2021,성숙기,1,0.0,60.1,93.3,34.2,75.96,75.82,59.6,위험
2488800615,(주)한성기업,2018,도입기,0,47.7,45.71,59.52,60.57,0.01,21.28,21.9,매우 안정
2488800615,(주)한성기업,2019,성장기,0,16.9,70.0,64.49,64.56,0.12,12.12,17.2,매우 안정
2488800615,(주)한성기업,2020,성숙기,0,0.0,100.0,87.2,81.25,0.06,11.05,18.4,매우 안정
2488800615,(주)한성기업,2021,성숙기,0,0.0,60.1,93.3,27.02,0.09,14.57,14.5,매우 안정
2488800615,(주)한성기업,2022,성숙기,0,0.0,0.0,97.61,33.31,0.19,24.44,12.8,매우 안정
2488800615,(주)한성기업,2023,성숙기,0,0.0,55.11,98.86,18.46,0.17,56.71,16.5,매우 안정
2488800615,(주)한성기업,2024,성장기,0,27.8,68.67,100.0,25.12,6.53,42.91,26.0,매우 안정
2518601111,주식회사이에스에스에스코,2018,도입기,0,47.7,45.71,59.52,60.57,0.08,21.28,21.9,매우 안정
2518601111,주식회사이에스에스에스코,2019,조정기,0,34.0,70.0,64.49,64.56,0.13,12.06,20.7,매우 안정
2518601111,주식회사이에스에스에스코,2020,성숙기,0,0.0,100.0,87.2,81.25,0.24,11.21,18.5,매우 안정
2518601111,주식회사이에스에스에스코,2021,성숙기,0,0.0,60.1,93.3,28.22,2.69,16.9,16.1,매우 안정
2518601111,주식회사이에스에스에스코,2022,성숙기,0,0.0,0.0,97.61,24.12,37.67,54.68,34.4,안정
2518601111,주식회사이에스에스에스코,2023,성숙기,1,0.0,55.11,98.86,7.83,8.89,39.46,19.9,매우 안정
2578801452,주식회사새만금희망태양광,2021,도입기,0,72.6,60.1,93.3,37.74,0.07,14.55,29.5,매우 안정
2578801452,주식회사새만금희망태양광,2022,성숙기,0,0.0,0.0,97.61,,0.19,24.45,,매우 안정
2578801452,주식회사새만금희망태양광,2023,성숙기,0,0.0,55.11,98.86,34.73,0.15,56.71,17.3,매우 안정
2578801452,주식회사새만금희망태양광,2024,성숙기,0,0.0,68.67,100.0,42.62,0.38,38.58,17.7,매우 안정
2598600038,대기풍력발전주식회사,2017,성장기,0,0.0,69.01,53.96,60.77,0.02,26.03,13.2,매우 안정
2598600038,대기풍력발전주식회사,2018,조정기,0,28.3,45.71,59.52,60.57,0.08,21.33,18.0,매우 안정
2598600038,대기풍력발전주식회사,2019,성숙기,0,0.0,70.0,64.49,64.56,0.52,12.41,14.1,매우 안정
2598600038,대기풍력발전주식회사,2020,성숙기,0,0.0,100.0,87.2,93.36,0.37,10.97,19.1,매우 안정
2598801443,해모둠태양광(주),2021,성장기,0,22.2,60.1,93.3,37.74,0.11,14.55,19.5,매우 안정
2598801443,해모둠태양광(주),2022,성숙기,0,0.0,0.0,97.61,47.02,0.83,24.98,13.8,매우 안정
2598801443,해모둠태양광(주),2023,성숙기,0,0.0,55.11,98.86,34.73,1.23,56.85,17.9,매우 안정
2598801443,해모둠태양광(주),2024,성숙기,0,0.0,68.67,100.0,42.36,1.63,38.86,18.4,매우 안정
2628801809,한국엘엔지벙커링주식회사,2022,쇠퇴기,0,100.0,0.0,97.61,47.02,0.11,24.35,33.4,안정
2628801809,한국엘엔지벙커링주식회사,2023,성장기,0,27.2,55.11,98.86,34.73,3.95,58.57,24.9,매우 안정
2628801809,한국엘엔지벙커링주식회사,2024,성숙기,0,0.0,68.67,100.0,42.62,0.25,36.35,17.5,매우 안정
2638100745,주식회사케이비스프랏태양광발전제1호,2021,성숙기,0,0.0,60.1,93.3,37.74,0.11,14.55,15.0,매우 안정
2638100745,주식회사케이비스프랏태양광발전제1호,2022,성장기,0,15.4,0.0,97.61,47.02,34.18,54.14,36.7,안정
2638100745,주식회사케이비스프랏태양광발전제1호,2023,쇠퇴기,1,100.0,55.11,98.86,34.73,42.96,57.79,60.9,매우 위험
2668100098,(주)오창환경,2018,도입기,0,47.7,45.71,59.52,60.57,0.02,21.28,21.9,매우 안정
2668100098,(주)오창환경,2019,도입기,0,50.2,70.0,64.49,64.56,2.54,14.26,25.3,매우 안정
2668100098,(주)오창환경,2020,도입기,0,71.5,100.0,87.2,81.25,0.04,8.83,32.5,안정
2668100098,(주)오창환경,2021,조정기,0,30.2,60.1,93.3,37.53,0.01,14.52,21.0,매우 안정
2668100098,(주)오창환경,2022,조정기,0,27.0,0.0,97.61,45.65,0.14,24.47,18.7,매우 안정
2668100098,(주)오창환경,2023,조정기,0,32.9,55.11,98.86,32.75,0.08,56.7,23.7,매우 안정
2668100098,(주)오창환경,2024,조정기,0,19.7,68.67,100.0,40.33,0.04,38.38,21.3,매우 안정
2698101311,주식회사태안풍력발전,2022,도입기,0,56.5,0.0,97.61,47.02,0.51,24.35,24.9,매우 안정
2698101311,주식회사태안풍력발전,2023,도입기,0,89.8,55.11,98.86,34.73,1.41,57.12,36.0,안정
2698101311,주식회사태안풍력발전,2024,도입기,1,100.0,68.67,100.0,42.62,20.14,51.83,49.2,중립
2698600734,(주)울산스틸이엔지,2021,쇠퇴기,0,100.0,60.1,93.3,37.74,0.12,14.55,35.0,안정
2698600734,(주)울산스틸이엔지,2022,성숙기,0,0.0,0.0,97.61,47.02,41.39,60.42,37.9,안정
2698600734,(주)울산스틸이엔지,2023,성숙기,1,0.0,55.11,98.86,34.73,62.15,62.87,51.7,위험
2708100272,(주)이맥스이에스에스,2016,조정기,0,25.4,67.33,54.88,45.74,0.07,23.87,17.5,매우 안정
2708100272,(주)이맥스이에스에스,2017,도입기,0,43.7,69.01,53.96,60.77,0.51,26.37,22.2,매우 안정
2708100272,(주)이맥스이에스에스,2018,조정기,0,28.3,45.71,59.52,60.57,0.06,20.92,18.0,매우 안정
2708100272,(주)이맥스이에스에스,2019,성숙기,0,0.0,70.0,64.49,55.32,0.29,12.22,13.5,매우 안정
2708100272,(주)이맥스이에스에스,2020,조정기,0,16.3,100.0,87.2,84.94,4.99,15.43,24.7,매우 안정
2728700339,여수바이오에너지주식회사,2016,도입기,0,27.2,67.33,54.88,45.74,0.06,23.87,17.8,매우 안정
2728700339,여수바이오에너지주식회사,2017,도입기,0,43.7,69.01,53.96,60.77,1.22,26.93,22.6,매우 안정
2728700339,여수바이오에너지주식회사,2018,도입기,1,47.7,45.71,59.52,60.57,94.53,96.44,77.6,매우 위험
2768802559,주식회사석문그린에너지,2022,도입기,0,56.5,0.0,97.61,47.02,0.54,24.35,24.9,매우 안정
2768802559,주식회사석문그린에너지,2023,도입기,0,89.8,55.11,98.86,34.73,0.2,56.52,35.3,안정
2768802559,주식회사석문그린에너지,2024,도입기,0,100.0,68.67,100.0,42.62,0.62,38.73,37.8,안정
2848600131,주식회사찌레본에너지홀딩스,2021,성숙기,0,0.0,60.1,93.3,37.74,0.04,14.55,15.0,매우 안정
2848600131,주식회사찌레본에너지홀딩스,2022,성장기,0,15.4,0.0,97.61,47.02,0.11,24.41,16.5,매우 안정
2848600131,주식회사찌레본에너지홀딩스,2023,조정기,0,32.9,55.11,98.86,34.73,0.01,56.69,23.8,매우 안정
2848600131,주식회사찌레본에너지홀딩스,2024,조정기,0,19.7,68.67,100.0,41.88,0.06,38.43,21.4,매우 안정
2868701604,(주)티에스에너지8호,2021,도입기,0,72.6,60.1,93.3,37.74,0.16,14.55,29.6,매우 안정
2868701604,(주)티에스에너지8호,2022,조정기,0,27.0,0.0,97.61,47.02,3.14,26.95,20.6,매우 안정
2868701604,(주)티에스에너지8호,2023,도입기,0,89.8,55.11,98.86,34.73,4.82,57.25,37.9,안정
2868701604,(주)티에스에너지8호,2024,쇠퇴기,0,68.3,68.67,100.0,42.16,4.23,38.68,33.5,안정
2908601377,주식회사블루골드,2020,성장기,0,11.2,100.0,87.2,81.25,0.2,11.11,20.7,매우 안정
2908601377,주식회사블루골드,2021,성숙기,0,0.0,60.1,93.3,37.74,25.4,38.87,30.1,안정
2908601377,주식회사블루골드,2022,성숙기,0,0.0,0.0,97.61,47.02,0.3,0.03,12.3,매우 안정
2908601377,주식회사블루골드,2023,성숙기,0,0.0,55.11,98.86,60.7,0.1,56.62,18.6,매우 안정
2938601338,(주)황림,2019,도입기,0,50.2,70.0,64.49,64.56,0.14,12.02,23.9,매우 안정
2938601338,(주)황림,2020,도입기,0,71.5,100.0,87.2,81.25,3.09,13.82,34.5,안정
2938601338,(주)황림,2021,도입기,1,72.6,60.1,93.3,37.74,85.61,94.08,80.5,매우 위험
2958800590,주식회사함구미태양광,2020,도입기,0,71.5,100.0,87.2,81.25,0.27,11.11,32.8,안정
2958800590,주식회사함구미태양광,2021,성숙기,0,0.0,60.1,93.3,37.74,1.09,15.32,15.6,매우 안정
2958800590,주식회사함구미태양광,2022,도입기,0,56.5,0.0,97.61,47.02,14.33,35.83,33.1,안정
2958800590,주식회사함구미태양광,2023,성숙기,0,0.0,55.11,98.86,34.69,0.21,48.65,16.9,매우 안정
2958800590,주식회사함구미태양광,2024,성장기,0,27.8,68.67,100.0,41.34,3.22,40.56,24.9,매우 안정
3018121737,주식회사에코비트에너지,2015,성숙기,0,8.0,89.44,0.0,49.8,0.03,18.82,9.5,매우 안정
3018121737,주식회사에코비트에너지,2016,성숙기,0,3.7,67.33,54.88,46.06,0.02,23.86,13.1,매우 안정
3018121737,주식회사에코비트에너지,2017,성숙기,0,9.9,69.01,53.96,61.83,0.03,26.04,15.2,매우 안정
3018121737,주식회사에코비트에너지,2018,성장기,0,0.0,45.71,59.52,61.58,0.02,21.28,12.4,매우 안정
3018121737,주식회사에코비트에너지,2019,성장기,0,16.9,70.0,64.49,62.76,0.7,12.62,17.5,매우 안정
3018121737,주식회사에코비트에너지,2020,성장기,0,11.2,100.0,87.2,76.41,2.42,12.7,21.7,매우 안정
3018121737,주식회사에코비트에너지,2021,성장기,0,22.2,60.1,93.3,36.54,7.23,19.08,23.5,매우 안정
3018121737,주식회사에코비트에너지,2022,조정기,0,27.0,0.0,97.61,44.63,17.75,32.88,28.8,매우 안정
3018128744,두제산업개발(주),2015,성장기,0,0.0,89.44,0.0,49.85,0.04,18.8,7.9,매우 안정
3018128744,두제산업개발(주),2016,성숙기,0,3.7,67.33,54.88,45.74,0.03,23.86,13.1,매우 안정
3018128744,두제산업개발(주),2017,성장기,0,0.0,69.01,53.96,60.77,0.01,26.01,13.2,매우 안정
3018128744,두제산업개발(주),2018,성장기,0,0.0,45.71,59.52,51.53,0.02,21.29,11.9,매우 안정
3018128744,두제산업개발(주),2019,성장기,0,16.9,70.0,64.49,62.83,0.15,12.14,17.2,매우 안정
3018128744,두제산업개발(주),2020,성장기,0,11.2,100.0,87.2,93.92,1.01,11.89,21.8,매우 안정
3018128744,두제산업개발(주),2021,쇠퇴기,0,100.0,60.1,93.3,42.2,0.39,13.91,35.4,안정
3018128744,두제산업개발(주),2022,성숙기,0,0.0,0.0,97.61,46.49,0.25,24.19,13.4,매우 안정
3018128744,두제산업개발(주),2023,성장기,0,27.2,55.11,98.86,34.73,0.23,56.71,22.8,매우 안정
3018128744,두제산업개발(주),2024,성장기,0,27.8,68.67,100.0,44.33,7.5,43.57,27.5,매우 안정
3018133965,리뉴에너지충북(주),2015,성장기,0,0.0,89.44,0.0,57.51,5.16,23.35,11.4,매우 안정
3018133965,리뉴에너지충북(주),2016,성장기,0,0.0,67.33,54.88,42.98,0.45,20.22,12.3,매우 안정
3018133965,리뉴에너지충북(주),2017,성장기,0,0.0,69.01,53.96,57.44,0.45,26.03,13.3,매우 안정
3018133965,리뉴에너지충북(주),2018,성숙기,0,3.3,45.71,59.52,59.36,0.08,20.98,13.0,매우 안정
3018133965,리뉴에너지충북(주),2019,성숙기,0,0.0,70.0,64.49,66.43,1.64,13.4,14.8,매우 안정
3018133965,리뉴에너지충북(주),2020,성숙기,0,0.0,100.0,87.2,82.89,20.85,28.79,30.8,안정
3018133965,리뉴에너지충북(주),2021,성숙기,1,0.0,60.1,93.3,39.29,50.82,42.46,44.4,중립
3018166428,아세아테크주식회사,2015,조정기,0,30.6,89.44,0.0,0.0,0.09,15.39,11.4,매우 안정
3018166428,아세아테크주식회사,2016,도입기,0,27.2,67.33,54.88,15.56,4.54,27.41,18.9,매우 안정
3018166428,아세아테크주식회사,2017,조정기,0,32.0,69.01,53.96,30.03,4.12,25.71,20.3,매우 안정
3018166428,아세아테크주식회사,2018,조정기,0,28.3,45.71,59.52,30.72,0.32,18.24,16.5,매우 안정
3018166428,아세아테크주식회사,2019,조정기,0,34.0,70.0,64.49,25.62,2.25,13.72,20.0,매우 안정
3018166428,아세아테크주식회사,2020,성숙기,0,0.0,100.0,87.2,0.0,0.05,9.11,14.2,매우 안정
3018166428,아세아테크주식회사,2021,성숙기,0,0.0,60.1,93.3,9.55,7.93,22.15,18.3,매우 안정
3018166428,아세아테크주식회사,2022,쇠퇴기,0,100.0,0.0,97.61,0.0,36.64,48.71,52.3,위험
3018166428,아세아테크주식회사,2023,쇠퇴기,1,100.0,55.11,98.86,0.0,44.71,57.22,60.1,매우 위험
3018173268,주식회사에코코코리아,2018,성숙기,0,3.3,45.71,59.52,60.57,0.01,21.28,13.0,매우 안정
3018173268,주식회사에코코코리아,2019,성숙기,0,0.0,70.0,64.49,64.56,0.02,12.03,13.8,매우 안정
3018173268,주식회사에코코코리아,2020,성숙기,0,0.0,100.0,87.2,81.25,0.06,11.14,18.4,매우 안정
3018173268,주식회사에코코코리아,2021,성숙기,0,0.0,60.1,93.3,35.03,0.03,14.52,14.8,매우 안정
3018173268,주식회사에코코코리아,2022,조정기,0,27.0,0.0,97.61,51.69,0.02,24.35,19.0,매우 안정
3018173268,주식회사에코코코리아,2023,조정기,0,32.9,55.11,98.86,40.19,0.06,56.75,24.1,매우 안정
3018173268,주식회사에코코코리아,2024,조정기,0,19.7,68.67,100.0,49.46,0.06,38.41,21.8,매우 안정
3018602851,주식회사제이에이그린,2015,도입기,0,30.9,89.44,0.0,49.85,1.31,19.4,14.8,매우 안정
3018602851,주식회사제이에이그린,2016,도입기,0,27.2,67.33,54.88,45.74,0.82,23.51,18.2,매우 안정
3018602851,주식회사제이에이그린,2017,도입기,0,43.7,69.01,53.96,61.71,2.04,26.98,23.1,매우 안정
3018602851,주식회사제이에이그린,2018,도입기,0,47.7,45.71,59.52,,0.1,19.73,,매우 안정
3018602851,주식회사제이에이그린,2019,성숙기,0,0.0,70.0,64.49,64.96,0.15,12.06,13.9,매우 안정
3018602851,주식회사제이에이그린,2020,성숙기,0,0.0,100.0,87.2,68.99,0.05,11.01,17.7,매우 안정
3018602851,주식회사제이에이그린,2021,성숙기,0,0.0,60.1,93.3,34.49,0.21,14.7,14.9,매우 안정
3018602851,주식회사제이에이그린,2022,조정기,0,27.0,0.0,97.61,41.15,0.09,24.23,18.5,매우 안정
3018611928,주식회사엔이티,2015,도입기,0,30.9,89.44,0.0,,1.73,20.17,,매우 안정
3018611928,주식회사엔이티,2016,도입기,0,27.2,67.33,54.88,45.74,9.25,29.9,23.2,매우 안정
3018611928,주식회사엔이티,2017,도입기,0,43.7,69.01,53.96,60.77,16.99,32.04,31.6,안정
3018611928,주식회사엔이티,2018,도입기,0,47.7,45.71,59.52,60.18,0.22,7.81,21.3,매우 안정
3018611928,주식회사엔이티,2019,성장기,0,16.9,70.0,64.49,59.47,6.76,17.83,20.9,매우 안정
3018611928,주식회사엔이티,2020,성장기,0,11.2,100.0,87.2,80.87,0.27,5.2,20.4,매우 안정
3018611928,주식회사엔이티,2021,성장기,0,22.2,60.1,93.3,35.62,1.23,15.45,20.0,매우 안정
3018611928,주식회사엔이티,2022,성장기,0,15.4,0.0,97.61,43.19,0.38,23.5,16.4,매우 안정
3018611928,주식회사엔이티,2023,조정기,0,32.9,55.11,98.86,31.79,0.11,56.58,23.7,매우 안정
3018611928,주식회사엔이티,2024,도입기,0,100.0,68.67,100.0,40.32,4.35,41.41,39.9,안정
3018613566,이에스에너지주식회사,2015,조정기,0,30.6,89.44,0.0,57.67,6.93,24.71,18.5,매우 안정
3018613566,이에스에너지주식회사,2016,성숙기,0,3.7,67.33,54.88,34.24,11.36,27.54,18.9,매우 안정
3018613566,이에스에너지주식회사,2017,성숙기,1,9.9,69.01,53.96,49.06,91.67,88.37,68.1,매우 위험
3018621125,주식회사이에스비오비,2015,도입기,0,30.9,89.44,0.0,49.85,19.7,32.26,25.6,매우 안정
3018621125,주식회사이에스비오비,2016,도입기,1,27.2,67.33,54.88,46.24,99.89,88.17,76.0,매우 위험
3018626514,주식회사테크윈에너지,2017,도입기,0,43.7,69.01,53.96,60.77,0.05,26.03,22.0,매우 안정
3018626514,주식회사테크윈에너지,2018,성장기,0,0.0,45.71,59.52,60.57,15.38,33.63,21.4,매우 안정
3018626514,주식회사테크윈에너지,2019,도입기,0,50.2,70.0,64.49,,2.16,0.0,,매우 안정
3018626514,주식회사테크윈에너지,2020,도입기,0,71.5,100.0,87.2,81.25,6.09,14.74,36.2,안정
3018632210,주식회사청주그린에너지,2015,도입기,0,30.9,89.44,0.0,49.85,0.09,18.8,14.1,매우 안정
3018632210,주식회사청주그린에너지,2016,도입기,0,27.2,67.33,54.88,45.74,8.57,30.62,22.8,매우 안정
3018632210,주식회사청주그린에너지,2017,도입기,1,43.7,69.01,53.96,60.77,84.5,84.97,71.3,매우 위험
3028111227,용진환경(주),2020,성숙기,0,0.0,100.0,87.2,81.25,0.04,11.11,18.4,매우 안정
3028111227,용진환경(주),2021,성숙기,0,0.0,60.1,93.3,37.74,0.01,14.52,15.0,매우 안정
3028111227,용진환경(주),2022,성숙기,0,0.0,0.0,97.61,47.02,0.04,24.38,13.4,매우 안정
3028111227,용진환경(주),2023,성숙기,0,0.0,55.11,98.86,34.55,0.0,56.72,17.2,매우 안정
3028111227,용진환경(주),2024,성숙기,0,0.0,68.67,100.0,42.38,0.0,38.4,17.5,매우 안정
3038110411,참빛충북도시가스공업주식회사,2015,성숙기,0,8.0,89.44,0.0,48.61,1.13,19.77,10.1,매우 안정
3038110411,참빛충북도시가스공업주식회사,2016,성숙기,0,3.7,67.33,54.88,43.71,0.39,23.31,13.2,매우 안정
3038110411,참빛충북도시가스공업주식회사,2017,성숙기,0,9.9,69.01,53.96,57.84,0.12,25.82,15.1,매우 안정
3038110411,참빛충북도시가스공업주식회사,2018,성숙기,0,3.3,45.71,59.52,58.25,0.09,21.26,12.9,매우 안정
3038110411,참빛충북도시가스공업주식회사,2019,성숙기,0,0.0,70.0,64.49,62.4,0.15,12.07,13.8,매우 안정
3038110411,참빛충북도시가스공업주식회사,2020,성숙기,0,0.0,100.0,87.2,79.54,0.13,11.09,18.3,매우 안정
3038110411,참빛충북도시가스공업주식회사,2021,성숙기,0,0.0,60.1,93.3,37.08,0.09,14.49,15.0,매우 안정
3038110411,참빛충북도시가스공업주식회사,2022,성숙기,0,0.0,0.0,97.61,47.2,0.07,24.34,13.4,매우 안정
3038110411,참빛충북도시가스공업주식회사,2023,성숙기,0,0.0,55.11,98.86,35.02,0.2,56.79,17.3,매우 안정
3038110411,참빛충북도시가스공업주식회사,2024,성숙기,0,0.0,68.67,100.0,43.36,0.19,38.42,17.6,매우 안정
3038129341,탄용환경개발(주),2016,조정기,0,25.4,67.33,54.88,45.74,0.04,23.87,17.4,매우 안정
3038129341,탄용환경개발(주),2017,성숙기,0,9.9,69.01,53.96,60.77,0.01,26.01,15.2,매우 안정
3038129341,탄용환경개발(주),2018,성장기,0,0.0,45.71,59.52,60.57,0.01,21.28,12.3,매우 안정
3038129341,탄용환경개발(주),2019,성장기,0,16.9,70.0,64.49,67.63,0.02,12.03,17.3,매우 안정
3038129341,탄용환경개발(주),2020,성장기,0,11.2,100.0,87.2,78.64,0.02,11.11,20.5,매우 안정
3038129341,탄용환경개발(주),2021,성숙기,0,0.0,60.1,93.3,34.59,0.0,14.53,14.8,매우 안정
3038129341,탄용환경개발(주),2022,성숙기,0,0.0,0.0,97.61,44.68,0.02,24.38,13.2,매우 안정
3038129341,탄용환경개발(주),2023,성숙기,0,0.0,55.11,98.86,32.68,0.0,56.73,17.1,매우 안정
3038129341,탄용환경개발(주),2024,성숙기,0,0.0,68.67,100.0,40.31,0.01,38.41,17.4,매우 안정
3038136503,흥진환경(주),2016,조정기,0,25.4,67.33,54.88,45.74,0.04,23.87,17.4,매우 안정
3038136503,흥진환경(주),2017,성숙기,0,9.9,69.01,53.96,60.77,0.04,26.03,15.2,매우 안정
3038136503,흥진환경(주),2018,성숙기,0,3.3,45.71,59.52,60.57,0.05,21.29,13.0,매우 안정
3038136503,흥진환경(주),2019,성숙기,0,0.0,70.0,64.49,70.45,0.02,11.99,14.1,매우 안정
3038149949,(주)에스제이코퍼레이션,2018,성장기,0,0.0,45.71,59.52,60.57,0.02,21.28,12.3,매우 안정
3038149949,(주)에스제이코퍼레이션,2019,성장기,0,16.9,70.0,64.49,64.56,0.04,12.04,17.2,매우 안정
3038149949,(주)에스제이코퍼레이션,2020,성장기,0,11.2,100.0,87.2,81.25,0.06,11.13,20.6,매우 안정
3038149949,(주)에스제이코퍼레이션,2021,성장기,0,22.2,60.1,93.3,36.75,2.19,16.6,20.6,매우 안정
3038149949,(주)에스제이코퍼레이션,2022,성장기,0,15.4,0.0,97.61,46.21,21.19,40.76,28.8,매우 안정
3038149949,(주)에스제이코퍼레이션,2023,도입기,0,89.8,55.11,98.86,33.4,64.87,75.72,71.7,매우 위험
3038149949,(주)에스제이코퍼레이션,2024,도입기,1,100.0,68.67,100.0,,77.67,56.74,,매우 안정
3038155757,주식회사광메탈,2015,도입기,0,30.9,89.44,0.0,49.85,0.08,18.78,14.1,매우 안정
3038155757,주식회사광메탈,2016,도입기,0,27.2,67.33,54.88,45.74,0.15,23.93,17.9,매우 안정
3038155757,주식회사광메탈,2017,도입기,0,43.7,69.01,53.96,64.42,0.07,25.97,22.1,매우 안정
3038155757,주식회사광메탈,2018,성장기,0,0.0,45.71,59.52,64.4,0.02,21.24,12.5,매우 안정
3038155757,주식회사광메탈,2019,도입기,0,50.2,70.0,64.49,65.37,0.1,12.09,23.9,매우 안정
3038155757,주식회사광메탈,2020,도입기,0,71.5,100.0,87.2,71.44,0.07,11.08,32.2,안정
3038155757,주식회사광메탈,2021,도입기,0,72.6,60.1,93.3,32.44,0.04,14.52,29.2,매우 안정
3038155757,주식회사광메탈,2022,도입기,0,56.5,0.0,97.61,41.13,0.14,24.44,24.4,매우 안정
3038155757,주식회사광메탈,2023,성장기,0,27.2,55.11,98.86,29.98,0.15,56.73,22.5,매우 안정
3038155757,주식회사광메탈,2024,도입기,0,100.0,68.67,100.0,38.33,0.64,38.77,37.6,안정
3048701955,아이지이(주),2021,도입기,0,72.6,60.1,93.3,37.74,0.22,14.55,29.6,매우 안정
3048701955,아이지이(주),2022,도입기,0,56.5,0.0,97.61,47.02,9.73,32.65,30.4,안정
3048701955,아이지이(주),2023,도입기,1,89.8,55.11,98.86,34.73,7.65,54.84,39.3,안정
3058107023,씨엔씨티에너지주식회사,2015,성숙기,0,8.0,89.44,0.0,46.61,0.11,18.82,9.4,매우 안정
3058107023,씨엔씨티에너지주식회사,2016,성숙기,0,3.7,67.33,54.88,43.09,0.03,23.8,13.0,매우 안정
3058107023,씨엔씨티에너지주식회사,2017,성숙기,0,9.9,69.01,53.96,57.93,0.13,26.11,15.1,매우 안정
3058107023,씨엔씨티에너지주식회사,2018,성숙기,0,3.3,45.71,59.52,58.65,0.1,21.26,12.9,매우 안정
3058107023,씨엔씨티에너지주식회사,2019,성숙기,0,0.0,70.0,64.49,62.33,0.07,11.99,13.7,매우 안정
3058107023,씨엔씨티에너지주식회사,2020,성숙기,0,0.0,100.0,87.2,79.25,0.05,11.09,18.3,매우 안정
3058107023,씨엔씨티에너지주식회사,2021,성숙기,0,0.0,60.1,93.3,36.86,0.45,14.93,15.2,매우 안정
3058107023,씨엔씨티에너지주식회사,2022,성장기,0,15.4,0.0,97.61,46.46,0.79,24.62,16.8,매우 안정
3058107023,씨엔씨티에너지주식회사,2023,성장기,0,27.2,55.11,98.86,34.44,0.34,56.45,22.8,매우 안정
3058107023,씨엔씨티에너지주식회사,2024,성장기,0,27.8,68.67,100.0,42.66,0.57,38.61,23.4,매우 안정
3058127257,인선기업(주),2015,성숙기,0,8.0,89.44,0.0,61.72,0.01,18.78,10.1,매우 안정
3058127257,인선기업(주),2016,성숙기,0,3.7,67.33,54.88,52.84,0.03,23.89,13.4,매우 안정
3058127257,인선기업(주),2017,성숙기,0,9.9,69.01,53.96,65.99,0.18,26.15,15.5,매우 안정
3058127257,인선기업(주),2018,성숙기,0,3.3,45.71,59.52,66.37,0.1,21.22,13.3,매우 안정
3058127257,인선기업(주),2019,성숙기,0,0.0,70.0,64.49,71.52,0.02,11.94,14.1,매우 안정
3058127257,인선기업(주),2020,성숙기,0,0.0,100.0,87.2,78.25,0.03,11.12,18.2,매우 안정
3058127257,인선기업(주),2021,성숙기,0,0.0,60.1,93.3,38.41,0.03,14.55,15.0,매우 안정
3058127257,인선기업(주),2022,성숙기,0,0.0,0.0,97.61,51.18,0.11,24.42,13.6,매우 안정
3058193780,(주)재향사업소,2022,도입기,0,56.5,0.0,97.61,47.02,0.07,24.35,24.7,매우 안정
3058193780,(주)재향사업소,2023,성숙기,0,0.0,55.11,98.86,34.73,2.61,57.95,18.7,매우 안정
3058193780,(주)재향사업소,2024,성숙기,0,0.0,68.67,100.0,42.62,4.41,40.05,20.0,매우 안정
3068115434,(주)동양환경,2015,성장기,0,0.0,89.44,0.0,51.94,0.04,18.82,8.0,매우 안정
3068115434,(주)동양환경,2016,성장기,0,0.0,67.33,54.88,46.5,0.03,23.86,12.4,매우 안정
3068115434,(주)동양환경,2017,성장기,0,0.0,69.01,53.96,60.8,0.12,26.1,13.3,매우 안정
3068115434,(주)동양환경,2018,성숙기,0,3.3,45.71,59.52,60.66,0.15,21.31,13.1,매우 안정
3068115434,(주)동양환경,2019,성숙기,0,0.0,70.0,64.49,65.04,0.03,11.91,13.8,매우 안정
3068115434,(주)동양환경,2020,성장기,0,11.2,100.0,87.2,80.03,0.03,11.11,20.5,매우 안정
3068115434,(주)동양환경,2021,성장기,0,22.2,60.1,93.3,36.95,0.99,15.47,19.9,매우 안정
3068115434,(주)동양환경,2022,성숙기,0,0.0,0.0,97.61,44.7,0.12,23.5,13.2,매우 안정
3068115434,(주)동양환경,2023,성숙기,0,0.0,55.11,98.86,32.92,0.04,56.69,17.1,매우 안정
3068115434,(주)동양환경,2024,성장기,0,27.8,68.67,100.0,41.25,0.08,38.43,23.0,매우 안정
3068134412,세종자원(주),2021,쇠퇴기,0,100.0,60.1,93.3,100.0,0.12,14.55,38.1,안정
3068134412,세종자원(주),2022,쇠퇴기,0,100.0,0.0,97.61,35.22,0.74,24.89,33.2,안정
3068134412,세종자원(주),2023,쇠퇴기,0,100.0,55.11,98.86,20.22,11.53,61.84,43.1,중립
3078116606,대길환경주식회사,2015,성숙기,0,8.0,89.44,0.0,54.26,0.06,18.85,9.8,매우 안정
3078116606,대길환경주식회사,2016,성숙기,0,3.7,67.33,54.88,42.85,0.45,24.18,13.2,매우 안정
3078116606,대길환경주식회사,2017,성숙기,0,9.9,69.01,53.96,58.78,0.03,25.7,15.1,매우 안정
3078116606,대길환경주식회사,2018,성숙기,0,3.3,45.71,59.52,59.75,0.06,21.31,13.0,매우 안정
3078116606,대길환경주식회사,2019,성숙기,0,0.0,70.0,64.49,64.67,0.01,11.97,13.8,매우 안정
3078116606,대길환경주식회사,2020,성숙기,0,0.0,100.0,87.2,82.44,0.03,11.13,18.4,매우 안정
3078116606,대길환경주식회사,2021,성숙기,0,0.0,60.1,93.3,38.3,0.02,14.54,15.0,매우 안정
3078116606,대길환경주식회사,2022,성숙기,0,0.0,0.0,97.61,52.39,0.02,24.36,13.6,매우 안정
3078116606,대길환경주식회사,2023,성숙기,0,0.0,55.11,98.86,38.45,0.01,56.73,17.4,매우 안정
3078116606,대길환경주식회사,2024,성숙기,0,0.0,68.67,100.0,46.55,0.01,38.4,17.7,매우 안정
3078118754,주식회사한빛,2019,도입기,0,50.2,70.0,64.49,64.56,0.02,12.02,23.8,매우 안정
3078118754,주식회사한빛,2020,조정기,0,16.3,100.0,87.2,81.25,0.1,11.18,21.7,매우 안정
3078118754,주식회사한빛,2021,성장기,0,22.2,60.1,93.3,37.74,0.02,14.46,19.4,매우 안정
3078118754,주식회사한빛,2022,조정기,0,27.0,0.0,97.61,47.65,0.12,24.44,18.8,매우 안정
3078118754,주식회사한빛,2023,도입기,0,89.8,55.11,98.86,34.71,1.45,57.37,36.0,안정
3078118754,주식회사한빛,2024,조정기,0,19.7,68.67,100.0,42.58,0.36,37.84,21.6,매우 안정
3078118910,(주)성인,2018,성숙기,0,3.3,45.71,59.52,60.57,0.02,21.28,13.0,매우 안정
3078118910,(주)성인,2019,성숙기,0,0.0,70.0,64.49,64.56,0.03,12.03,13.8,매우 안정
3078118910,(주)성인,2020,성숙기,0,0.0,100.0,87.2,81.25,0.07,11.14,18.4,매우 안정
3078118910,(주)성인,2021,성장기,0,22.2,60.1,93.3,36.95,0.03,14.5,19.4,매우 안정
3078118910,(주)성인,2022,성장기,0,15.4,0.0,97.61,46.54,0.05,24.37,16.4,매우 안정
3078118910,(주)성인,2023,성장기,0,27.2,55.11,98.86,34.5,0.17,56.79,22.7,매우 안정
3078118910,(주)성인,2024,성장기,0,27.8,68.67,100.0,42.12,0.16,38.42,23.1,매우 안정
3078131062,대산열병합발전주식회사,2015,쇠퇴기,0,100.0,89.44,0.0,49.85,2.91,21.23,29.6,매우 안정
3078131062,대산열병합발전주식회사,2016,쇠퇴기,1,100.0,67.33,54.88,45.74,90.28,93.56,85.5,매우 위험
3078136771,주식회사에너지세종,2015,조정기,1,30.6,89.44,0.0,55.17,62.76,64.86,51.1,위험
3088105970,놀뫼환경(주),2022,성숙기,0,0.0,0.0,97.61,47.02,0.09,24.35,13.4,매우 안정
3088105970,놀뫼환경(주),2023,성장기,0,27.2,55.11,98.86,34.73,0.24,56.8,22.8,매우 안정
3088105970,놀뫼환경(주),2024,성장기,0,27.8,68.67,100.0,42.62,0.62,38.7,23.4,매우 안정
3088116254,(주)동양알디,2019,성숙기,0,0.0,70.0,64.49,64.56,0.02,12.02,13.8,매우 안정
3088116254,(주)동양알디,2020,조정기,0,16.3,100.0,87.2,81.25,0.12,11.2,21.7,매우 안정
3088116254,(주)동양알디,2022,성숙기,0,0.0,0.0,97.61,47.02,0.09,24.35,13.4,매우 안정
3088116254,(주)동양알디,2023,성숙기,0,0.0,55.11,98.86,32.79,0.0,56.69,17.1,매우 안정
3088116254,(주)동양알디,2024,성숙기,0,0.0,68.67,100.0,40.72,0.04,38.43,17.4,매우 안정
3088135251,와이티썬주식회사,2015,성숙기,0,8.0,89.44,0.0,51.76,0.25,18.73,9.7,매우 안정
3088135251,와이티썬주식회사,2016,성숙기,0,3.7,67.33,54.88,46.79,1.06,24.52,13.7,매우 안정
3088135251,와이티썬주식회사,2017,성숙기,0,9.9,69.01,53.96,61.1,0.16,25.33,15.2,매우 안정
3088137303,인지솔라주식회사,2017,성장기,0,0.0,69.01,53.96,60.77,0.09,26.03,13.2,매우 안정
3088137303,인지솔라주식회사,2018,성장기,0,0.0,45.71,59.52,60.57,0.13,21.32,12.4,매우 안정
3088137303,인지솔라주식회사,2019,성장기,0,16.9,70.0,64.49,64.56,1.86,13.55,18.3,매우 안정
3088140356,한반도태양광주식회사,2015,성숙기,0,8.0,89.44,0.0,,0.33,18.99,,매우 안정
3088140356,한반도태양광주식회사,2016,성숙기,0,3.7,67.33,54.88,45.74,0.85,24.29,13.6,매우 안정
3088140512,해미솔라에너지(주),2015,성숙기,0,8.0,89.44,0.0,49.85,0.64,19.11,9.9,매우 안정
3088140512,해미솔라에너지(주),2016,성숙기,0,3.7,67.33,54.88,45.74,1.11,24.26,13.7,매우 안정
3088140512,해미솔라에너지(주),2017,성숙기,0,9.9,69.01,53.96,80.95,0.46,25.53,16.4,매우 안정
3088140512,해미솔라에너지(주),2018,성숙기,0,3.3,45.71,59.52,77.95,0.07,20.97,13.9,매우 안정
3088140512,해미솔라에너지(주),2019,성숙기,0,0.0,70.0,64.49,79.35,0.13,12.07,14.6,매우 안정
3088140512,해미솔라에너지(주),2020,성숙기,0,0.0,100.0,87.2,91.18,0.22,11.19,19.0,매우 안정
3088601571,주식회사에스피티,2019,도입기,0,50.2,70.0,64.49,64.56,0.05,12.02,23.8,매우 안정
3088601571,주식회사에스피티,2020,성숙기,0,0.0,100.0,87.2,81.25,0.22,11.27,18.5,매우 안정
3088601571,주식회사에스피티,2021,성숙기,0,0.0,60.1,93.3,37.74,0.23,14.55,15.1,매우 안정
3088601571,주식회사에스피티,2022,성숙기,0,0.0,0.0,97.61,16.02,0.09,24.21,11.8,매우 안정
3088601571,주식회사에스피티,2023,성숙기,0,0.0,55.11,98.86,11.14,0.03,56.7,16.0,매우 안정
3088801158,태백가덕산풍력발전주식회사,2019,도입기,0,50.2,70.0,64.49,64.56,0.07,12.02,23.9,매우 안정
3088801158,태백가덕산풍력발전주식회사,2020,도입기,0,71.5,100.0,87.2,81.25,5.43,16.04,35.9,안정
3088801158,태백가덕산풍력발전주식회사,2021,도입기,0,72.6,60.1,93.3,,0.19,9.22,,매우 안정
3088801158,태백가덕산풍력발전주식회사,2022,도입기,0,56.5,0.0,97.61,47.02,0.26,24.4,24.8,매우 안정
3088801158,태백가덕산풍력발전주식회사,2023,성숙기,0,0.0,55.11,98.86,41.62,0.04,56.61,17.6,매우 안정
3088801158,태백가덕산풍력발전주식회사,2024,성숙기,0,0.0,68.67,100.0,49.49,0.26,38.56,18.0,매우 안정
3108101943,주식회사씨텍,2015,성숙기,0,8.0,89.44,0.0,50.32,0.06,18.77,9.6,매우 안정
3108101943,주식회사씨텍,2016,조정기,0,25.4,67.33,54.88,43.67,0.11,23.91,17.4,매우 안정
3108101943,주식회사씨텍,2017,성숙기,0,9.9,69.01,53.96,58.42,0.1,26.02,15.1,매우 안정
3108101943,주식회사씨텍,2018,성숙기,0,3.3,45.71,59.52,58.75,0.02,21.22,12.9,매우 안정
3108101943,주식회사씨텍,2019,성숙기,0,0.0,70.0,64.49,62.6,0.01,12.01,13.7,매우 안정
3108101943,주식회사씨텍,2020,성숙기,0,0.0,100.0,87.2,78.42,0.02,11.12,18.2,매우 안정
3108101943,주식회사씨텍,2021,성숙기,0,0.0,60.1,93.3,38.33,0.07,14.6,15.0,매우 안정
3108101943,주식회사씨텍,2022,성숙기,0,0.0,0.0,97.61,49.23,0.09,24.37,13.5,매우 안정
3108101943,주식회사씨텍,2023,성숙기,0,0.0,55.11,98.86,36.39,0.04,56.71,17.3,매우 안정
3108101943,주식회사씨텍,2024,성숙기,0,0.0,68.67,100.0,44.4,0.0,38.38,17.6,매우 안정
3108111437,더블유아이케이중부주식회사,2015,성숙기,0,8.0,89.44,0.0,52.33,0.32,18.93,9.8,매우 안정
3108111437,더블유아이케이중부주식회사,2016,성숙기,0,3.7,67.33,54.88,44.83,0.1,23.7,13.1,매우 안정
3108111437,더블유아이케이중부주식회사,2017,성숙기,0,9.9,69.01,53.96,60.35,0.37,26.24,15.4,매우 안정
3108111437,더블유아이케이중부주식회사,2018,성숙기,0,3.3,45.71,59.52,57.56,0.06,21.03,12.9,매우 안정
3108111437,더블유아이케이중부주식회사,2019,쇠퇴기,0,100.0,70.0,64.49,66.05,0.33,12.25,34.0,안정
3108111437,더블유아이케이중부주식회사,2020,성장기,0,11.2,100.0,87.2,82.76,0.15,10.95,20.7,매우 안정
3108111437,더블유아이케이중부주식회사,2021,성숙기,0,0.0,60.1,93.3,37.07,0.03,14.42,14.9,매우 안정
3108111437,더블유아이케이중부주식회사,2022,성숙기,0,0.0,0.0,97.61,57.84,0.07,24.39,13.9,매우 안정
3108111437,더블유아이케이중부주식회사,2023,성숙기,0,0.0,55.11,98.86,42.56,0.08,56.74,17.7,매우 안정
3108111437,더블유아이케이중부주식회사,2024,조정기,0,19.7,68.67,100.0,52.05,0.13,38.45,22.0,매우 안정
3108113342,베올리아워터코리아대산,2015,성숙기,0,8.0,89.44,0.0,48.9,0.07,18.81,9.5,매우 안정
3108113342,베올리아워터코리아대산,2016,성숙기,0,3.7,67.33,54.88,46.82,0.03,23.84,13.1,매우 안정
3108113342,베올리아워터코리아대산,2017,성숙기,0,9.9,69.01,53.96,61.56,0.09,26.08,15.3,매우 안정
3108113342,베올리아워터코리아대산,2018,성숙기,0,3.3,45.71,59.52,61.22,0.05,21.25,13.0,매우 안정
3108113342,베올리아워터코리아대산,2019,조정기,0,34.0,70.0,64.49,64.89,0.07,12.04,20.6,매우 안정
3108113342,베올리아워터코리아대산,2020,조정기,0,16.3,100.0,87.2,81.04,0.09,11.13,21.6,매우 안정
3108113342,베올리아워터코리아대산,2021,조정기,0,30.2,60.1,93.3,40.91,0.04,14.49,21.2,매우 안정
3108113342,베올리아워터코리아대산,2022,성숙기,0,0.0,0.0,97.61,48.27,0.04,24.35,13.4,매우 안정
3108113342,베올리아워터코리아대산,2023,성숙기,0,0.0,55.11,98.86,35.66,0.06,56.75,17.3,매우 안정
3108113342,베올리아워터코리아대산,2024,성숙기,0,0.0,68.67,100.0,42.11,0.08,38.42,17.5,매우 안정
3108126755,주식회사진에너텍,2017,도입기,0,43.7,69.01,53.96,60.77,0.04,26.03,21.9,매우 안정
3108126755,주식회사진에너텍,2018,성장기,0,0.0,45.71,59.52,60.57,0.3,21.5,12.5,매우 안정
3108126755,주식회사진에너텍,2019,도입기,0,50.2,70.0,64.49,64.56,0.07,11.81,23.8,매우 안정
3108126755,주식회사진에너텍,2020,도입기,0,71.5,100.0,87.2,77.61,2.25,13.12,33.8,안정
3108126755,주식회사진에너텍,2021,도입기,0,72.6,60.1,93.3,44.5,18.68,30.3,40.9,중립
3108126755,주식회사진에너텍,2022,도입기,1,56.5,0.0,97.61,39.98,38.26,39.72,46.1,중립
3118108518,지에스이피에스(주),2015,성장기,0,0.0,89.44,0.0,45.35,1.74,20.32,8.7,매우 안정
3118108518,지에스이피에스(주),2016,성장기,0,0.0,67.33,54.88,35.59,1.11,23.4,12.4,매우 안정
3118108518,지에스이피에스(주),2017,성장기,0,0.0,69.01,53.96,52.17,0.17,25.3,12.8,매우 안정
3118108518,지에스이피에스(주),2018,성장기,0,0.0,45.71,59.52,56.09,0.07,21.2,12.1,매우 안정
3118108518,지에스이피에스(주),2019,성장기,0,16.9,70.0,64.49,60.71,0.18,12.12,17.1,매우 안정
3118108518,지에스이피에스(주),2020,성장기,0,11.2,100.0,87.2,82.32,0.16,11.09,20.7,매우 안정
3118108518,지에스이피에스(주),2021,성장기,0,22.2,60.1,93.3,40.41,0.06,14.44,19.6,매우 안정
3118108518,지에스이피에스(주),2022,조정기,0,27.0,0.0,97.61,57.13,0.06,24.35,19.3,매우 안정
3118108518,지에스이피에스(주),2023,조정기,0,32.9,55.11,98.86,42.65,0.06,56.73,24.2,매우 안정
3118108518,지에스이피에스(주),2024,성숙기,0,0.0,68.67,100.0,53.26,0.03,38.39,18.0,매우 안정
3118118961,(주)신암정유,2015,성숙기,0,8.0,89.44,0.0,38.31,0.92,19.57,9.5,매우 안정
3118118961,(주)신암정유,2016,성숙기,0,3.7,67.33,54.88,34.45,0.32,23.41,12.7,매우 안정
3118118961,(주)신암정유,2017,성숙기,0,9.9,69.01,53.96,50.12,0.13,25.88,14.7,매우 안정
3118118961,(주)신암정유,2018,성숙기,0,3.3,45.71,59.52,51.58,0.08,21.24,12.6,매우 안정
3118118961,(주)신암정유,2019,성숙기,0,0.0,70.0,64.49,61.85,0.02,11.96,13.7,매우 안정
3118118961,(주)신암정유,2020,성숙기,0,0.0,100.0,87.2,80.77,0.06,11.14,18.3,매우 안정
3118118961,(주)신암정유,2021,성숙기,0,0.0,60.1,93.3,36.76,0.02,14.5,14.9,매우 안정
3118118961,(주)신암정유,2022,성숙기,0,0.0,0.0,97.61,49.06,0.05,24.38,13.5,매우 안정
3118118961,(주)신암정유,2023,성숙기,0,0.0,55.11,98.86,36.19,0.3,56.85,17.5,매우 안정
3118118961,(주)신암정유,2024,성숙기,0,0.0,68.67,100.0,44.82,0.02,38.25,17.6,매우 안정
3118119747,미래엔서해에너지,2015,성숙기,0,8.0,89.44,0.0,53.37,0.1,18.83,9.7,매우 안정
3118119747,미래엔서해에너지,2016,성장기,0,0.0,67.33,54.88,36.55,0.1,23.87,11.9,매우 안정
3118119747,미래엔서해에너지,2017,성숙기,0,9.9,69.01,53.96,52.19,0.77,26.55,15.2,매우 안정
3118119747,미래엔서해에너지,2018,성숙기,0,3.3,45.71,59.52,53.95,0.09,20.74,12.7,매우 안정
3118119747,미래엔서해에너지,2019,성숙기,0,0.0,70.0,64.49,58.8,0.3,12.2,13.7,매우 안정
3118119747,미래엔서해에너지,2020,성숙기,0,0.0,100.0,87.2,77.28,0.05,10.88,18.2,매우 안정
3118119747,미래엔서해에너지,2021,성숙기,0,0.0,60.1,93.3,36.65,0.1,14.59,15.0,매우 안정
3118119747,미래엔서해에너지,2022,성숙기,0,0.0,0.0,97.61,50.26,0.34,24.56,13.7,매우 안정
3118119747,미래엔서해에너지,2023,쇠퇴기,0,100.0,55.11,98.86,37.35,0.28,56.68,37.5,안정
3118119747,미래엔서해에너지,2024,성숙기,0,0.0,68.67,100.0,46.69,0.08,38.3,17.7,매우 안정
3118121637,주식회사에타폴,2015,성장기,0,0.0,89.44,0.0,49.85,33.52,43.63,27.6,매우 안정
3118121637,주식회사에타폴,2016,쇠퇴기,1,100.0,67.33,54.88,47.06,94.78,73.36,87.0,매우 위험
3118125929,현대그린파워주식회사,2015,성숙기,0,8.0,89.44,0.0,54.45,0.16,18.52,9.8,매우 안정
3118125929,현대그린파워주식회사,2016,성숙기,0,3.7,67.33,54.88,42.82,0.14,23.86,13.0,매우 안정
3118125929,현대그린파워주식회사,2017,성숙기,0,9.9,69.01,53.96,57.28,0.24,26.11,15.1,매우 안정
3118125929,현대그린파워주식회사,2018,성숙기,0,3.3,45.71,59.52,56.89,0.18,21.24,12.9,매우 안정
3118125929,현대그린파워주식회사,2019,성숙기,0,0.0,70.0,64.49,62.62,0.12,11.96,13.7,매우 안정
3118125929,현대그린파워주식회사,2020,조정기,0,16.3,100.0,87.2,81.12,0.1,11.09,21.6,매우 안정
3118125929,현대그린파워주식회사,2021,조정기,0,30.2,60.1,93.3,40.29,0.52,14.95,21.4,매우 안정
3118125929,현대그린파워주식회사,2022,조정기,0,27.0,0.0,97.61,38.49,2.75,26.26,19.9,매우 안정
3118125929,현대그린파워주식회사,2023,성숙기,0,0.0,55.11,98.86,28.3,0.46,55.39,17.1,매우 안정
3118125929,현대그린파워주식회사,2024,성숙기,0,0.0,68.67,100.0,34.74,1.12,38.93,17.7,매우 안정
3118128440,주식회사에코프라임,2020,성장기,0,11.2,100.0,87.2,81.25,0.07,11.11,20.6,매우 안정
3118128440,주식회사에코프라임,2021,성숙기,0,0.0,60.1,93.3,37.74,0.01,14.48,15.0,매우 안정
3118128440,주식회사에코프라임,2022,성장기,0,15.4,0.0,97.61,47.02,0.01,24.36,16.4,매우 안정
3118128440,주식회사에코프라임,2023,성숙기,0,0.0,55.11,98.86,37.34,0.0,56.73,17.3,매우 안정
3118128440,주식회사에코프라임,2024,성장기,0,27.8,68.67,100.0,45.4,0.01,38.41,23.2,매우 안정
3118129702,그린에어(주),2015,성숙기,0,8.0,89.44,0.0,50.72,0.92,18.82,10.1,매우 안정
3118129702,그린에어(주),2016,성숙기,0,3.7,67.33,54.88,45.79,1.14,24.06,13.7,매우 안정
3118129702,그린에어(주),2017,조정기,0,32.0,69.01,53.96,60.16,0.36,25.43,19.7,매우 안정
3118129702,그린에어(주),2018,조정기,0,28.3,45.71,59.52,59.39,0.37,21.29,18.1,매우 안정
3118129702,그린에어(주),2019,조정기,0,34.0,70.0,64.49,64.45,0.18,11.84,20.7,매우 안정
3118129702,그린에어(주),2020,조정기,0,16.3,100.0,87.2,80.89,0.11,11.04,21.6,매우 안정
3118129702,그린에어(주),2021,성숙기,0,0.0,60.1,93.3,38.1,0.1,14.53,15.0,매우 안정
3118129702,그린에어(주),2022,성숙기,0,0.0,0.0,97.61,45.98,0.21,24.45,13.4,매우 안정
3118129702,그린에어(주),2023,성숙기,0,0.0,55.11,98.86,33.82,0.72,56.96,17.6,매우 안정
3118129702,그린에어(주),2024,성숙기,0,0.0,68.67,100.0,40.74,0.39,38.27,17.6,매우 안정
3118139175,울산지피에스(주),2015,도입기,0,30.9,89.44,0.0,50.13,5.31,22.97,17.2,매우 안정
3118139175,울산지피에스(주),2016,도입기,0,27.2,67.33,54.88,47.65,0.82,20.4,18.1,매우 안정
3118139175,울산지피에스(주),2017,도입기,0,43.7,69.01,53.96,62.18,2.14,27.05,23.2,매우 안정
3118139175,울산지피에스(주),2018,도입기,0,47.7,45.71,59.52,61.55,0.45,19.93,22.1,매우 안정
3118139175,울산지피에스(주),2019,도입기,0,50.2,70.0,64.49,65.16,1.67,13.09,24.8,매우 안정
3118139175,울산지피에스(주),2020,도입기,0,71.5,100.0,87.2,81.25,4.89,14.09,35.5,안정
3118139175,울산지피에스(주),2021,도입기,1,72.6,60.1,93.3,37.42,74.67,81.68,73.9,매우 위험
3118140764,동부당진솔라주식회사,2015,조정기,0,30.6,89.44,0.0,49.7,19.95,34.11,25.8,매우 안정
3118148427,내포그린에너지주식회사,2015,조정기,0,30.6,89.44,0.0,49.85,2.79,21.3,15.7,매우 안정
3118148427,내포그린에너지주식회사,2016,쇠퇴기,0,100.0,67.33,54.88,45.74,6.2,26.65,35.9,안정
3118148427,내포그린에너지주식회사,2017,조정기,0,32.0,69.01,53.96,78.67,1.56,22.44,21.2,매우 안정
3118148427,내포그린에너지주식회사,2018,쇠퇴기,0,100.0,45.71,59.52,75.5,0.4,20.35,33.2,안정
3118148427,내포그린에너지주식회사,2019,쇠퇴기,0,100.0,70.0,64.49,79.18,1.36,12.87,35.3,안정
3118148427,내포그린에너지주식회사,2020,쇠퇴기,0,100.0,100.0,87.2,93.2,8.68,17.85,44.0,중립
3118148427,내포그린에너지주식회사,2021,도입기,0,72.6,60.1,93.3,45.6,22.67,27.63,43.0,중립
3118148427,내포그린에너지주식회사,2022,도입기,1,56.5,0.0,97.61,48.89,86.76,78.26,75.1,매우 위험
3128112621,제이비주식회사,2015,성숙기,0,8.0,89.44,0.0,45.99,0.08,18.81,9.4,매우 안정
3128112621,제이비주식회사,2016,성숙기,0,3.7,67.33,54.88,42.18,0.03,23.83,12.9,매우 안정
3128112621,제이비주식회사,2017,성숙기,0,9.9,69.01,53.96,56.88,0.14,26.12,15.1,매우 안정
3128112621,제이비주식회사,2018,성숙기,0,3.3,45.71,59.52,57.91,0.05,21.21,12.9,매우 안정
3128112621,제이비주식회사,2019,성숙기,0,0.0,70.0,64.49,62.22,0.09,12.05,13.7,매우 안정
3128112621,제이비주식회사,2020,성숙기,0,0.0,100.0,87.2,79.04,0.03,11.05,18.2,매우 안정
3128112621,제이비주식회사,2021,성숙기,0,0.0,60.1,93.3,37.12,0.03,14.55,14.9,매우 안정
3128112621,제이비주식회사,2022,조정기,0,27.0,0.0,97.61,46.71,0.13,24.44,18.8,매우 안정
3128112621,제이비주식회사,2023,성숙기,0,0.0,55.11,98.86,34.7,0.03,56.68,17.2,매우 안정
3128112621,제이비주식회사,2024,성숙기,0,0.0,68.67,100.0,43.19,0.06,38.42,17.5,매우 안정
3128126159,창광실업(주),2015,도입기,0,30.9,89.44,0.0,49.85,3.19,21.48,16.0,매우 안정
3128126159,창광실업(주),2016,도입기,0,27.2,67.33,54.88,45.74,0.11,21.48,17.7,매우 안정
3128126159,창광실업(주),2017,성숙기,0,9.9,69.01,53.96,60.99,0.08,26.01,15.2,매우 안정
3128126159,창광실업(주),2018,성숙기,0,3.3,45.71,59.52,60.61,0.02,21.24,13.0,매우 안정
3128126159,창광실업(주),2019,성숙기,0,0.0,70.0,64.49,65.11,0.03,12.03,13.8,매우 안정
3128126159,창광실업(주),2020,성숙기,0,0.0,100.0,87.2,84.12,0.02,11.1,18.5,매우 안정
3128126159,창광실업(주),2021,성숙기,0,0.0,60.1,93.3,43.3,0.01,14.54,15.2,매우 안정
3128126159,창광실업(주),2022,성숙기,0,0.0,0.0,97.61,45.99,0.0,24.35,13.3,매우 안정
3128126159,창광실업(주),2023,성숙기,0,0.0,55.11,98.86,33.71,0.06,56.77,17.2,매우 안정
3128126159,창광실업(주),2024,성숙기,0,0.0,68.67,100.0,41.88,0.0,38.37,17.4,매우 안정
3128126289,주식회사영흥산업환경,2015,성장기,0,0.0,89.44,0.0,52.14,0.06,18.54,8.0,매우 안정
3128126289,주식회사영흥산업환경,2016,성장기,0,0.0,67.33,54.88,48.53,0.13,23.93,12.5,매우 안정
3128126289,주식회사영흥산업환경,2017,성숙기,0,9.9,69.01,53.96,61.77,0.1,26.01,15.3,매우 안정
3128126289,주식회사영흥산업환경,2018,성숙기,0,3.3,45.71,59.52,61.0,0.17,21.34,13.1,매우 안정
3128126289,주식회사영흥산업환경,2019,성숙기,0,0.0,70.0,64.49,67.18,0.02,11.88,13.9,매우 안정
3128126289,주식회사영흥산업환경,2020,성숙기,0,0.0,100.0,87.2,79.62,0.02,11.11,18.3,매우 안정
3128126289,주식회사영흥산업환경,2021,도입기,0,72.6,60.1,93.3,38.9,2.14,16.6,30.8,안정
3128126289,주식회사영흥산업환경,2022,도입기,0,56.5,0.0,97.61,42.78,3.59,25.42,26.4,매우 안정
3128126289,주식회사영흥산업환경,2023,도입기,1,89.8,55.11,98.86,31.41,33.61,70.8,54.2,위험
3128150227,(주)한솔건설산업,2015,성숙기,0,8.0,89.44,0.0,53.11,0.07,18.25,9.7,매우 안정
3128150227,(주)한솔건설산업,2016,성숙기,0,3.7,67.33,54.88,47.27,0.04,23.84,13.2,매우 안정
3128150227,(주)한솔건설산업,2017,성숙기,0,9.9,69.01,53.96,62.16,0.03,26.02,15.3,매우 안정
3128150227,(주)한솔건설산업,2018,성숙기,0,3.3,45.71,59.52,60.87,0.06,21.31,13.0,매우 안정
3128150227,(주)한솔건설산업,2019,성숙기,0,0.0,70.0,64.49,65.83,0.04,12.0,13.9,매우 안정
3128150227,(주)한솔건설산업,2020,조정기,0,16.3,100.0,87.2,81.19,0.52,11.55,21.9,매우 안정
3128150227,(주)한솔건설산업,2021,성숙기,0,0.0,60.1,93.3,39.9,0.03,14.05,15.0,매우 안정
3128150227,(주)한솔건설산업,2022,성장기,0,15.4,0.0,97.61,51.97,0.33,24.62,16.9,매우 안정
3128150227,(주)한솔건설산업,2023,성숙기,0,0.0,55.11,98.86,38.24,0.07,56.58,17.4,매우 안정
3128150227,(주)한솔건설산업,2024,성숙기,0,0.0,68.67,100.0,46.34,0.58,38.77,18.0,매우 안정
3128156935,(주)세창이엔텍,2015,성숙기,0,8.0,89.44,0.0,58.89,0.13,18.59,10.0,매우 안정
3128156935,(주)세창이엔텍,2016,성숙기,0,3.7,67.33,54.88,47.37,0.14,23.88,13.2,매우 안정
3128156935,(주)세창이엔텍,2017,성숙기,0,9.9,69.01,53.96,60.03,0.12,26.01,15.2,매우 안정
3128156935,(주)세창이엔텍,2018,성숙기,0,3.3,45.71,59.52,58.89,0.05,21.23,12.9,매우 안정
3128156935,(주)세창이엔텍,2019,성숙기,0,0.0,70.0,64.49,67.04,0.06,12.03,13.9,매우 안정
3128156935,(주)세창이엔텍,2020,성장기,0,11.2,100.0,87.2,70.46,0.05,11.1,20.1,매우 안정
3128156935,(주)세창이엔텍,2021,성장기,0,22.2,60.1,93.3,33.03,0.03,14.53,19.2,매우 안정
3128156935,(주)세창이엔텍,2022,성숙기,0,0.0,0.0,97.61,44.6,0.09,24.41,13.3,매우 안정
3128156935,(주)세창이엔텍,2023,성숙기,0,0.0,55.11,98.86,32.67,0.24,56.8,17.2,매우 안정
3128156935,(주)세창이엔텍,2024,성숙기,0,0.0,68.67,100.0,40.62,0.19,38.4,17.5,매우 안정
3128177357,새한환경(주),2015,성숙기,0,8.0,89.44,0.0,49.85,0.18,18.53,9.6,매우 안정
3128177357,새한환경(주),2016,성장기,0,0.0,67.33,54.88,45.74,1.34,24.8,13.1,매우 안정
3128177357,새한환경(주),2017,성장기,0,0.0,69.01,53.96,68.6,0.03,25.01,13.5,매우 안정
3128177357,새한환경(주),2018,성장기,0,0.0,45.71,59.52,68.53,0.0,21.26,12.7,매우 안정
3128177357,새한환경(주),2019,성숙기,0,0.0,70.0,64.49,70.8,0.02,12.04,14.1,매우 안정
3128177357,새한환경(주),2020,성숙기,0,0.0,100.0,87.2,87.39,2.07,12.99,19.9,매우 안정
3128177357,새한환경(주),2021,성숙기,0,0.0,60.1,93.3,44.37,0.09,12.53,15.2,매우 안정
3128177357,새한환경(주),2022,성숙기,0,0.0,0.0,97.61,51.47,0.04,24.31,13.6,매우 안정
3128178230,주영테크(주),2019,성장기,0,16.9,70.0,64.49,64.56,0.05,12.02,17.2,매우 안정
3128178230,주영테크(주),2020,성숙기,0,0.0,100.0,87.2,81.25,0.34,11.37,18.5,매우 안정
3128178230,주영테크(주),2021,쇠퇴기,0,100.0,60.1,93.3,37.74,9.56,23.44,40.7,중립
3128601532,(주)거금솔라파크,2015,조정기,0,30.6,89.44,0.0,49.85,0.28,18.91,14.2,매우 안정
3128601532,(주)거금솔라파크,2016,성숙기,0,3.7,67.33,54.88,33.65,2.85,25.92,14.1,매우 안정
3128601532,(주)거금솔라파크,2017,성숙기,0,9.9,69.01,53.96,52.58,0.17,23.95,14.7,매우 안정
3128601532,(주)거금솔라파크,2018,성숙기,0,3.3,45.71,59.52,49.26,0.02,21.16,12.4,매우 안정
3128601532,(주)거금솔라파크,2019,성숙기,0,0.0,70.0,64.49,62.52,0.1,12.09,13.7,매우 안정
3128601532,(주)거금솔라파크,2020,조정기,0,16.3,100.0,87.2,71.47,0.12,11.13,21.2,매우 안정
3128601532,(주)거금솔라파크,2021,성숙기,0,0.0,60.1,93.3,36.97,0.14,14.56,15.0,매우 안정
3128601532,(주)거금솔라파크,2022,성숙기,0,0.0,0.0,97.61,46.04,0.24,24.43,13.4,매우 안정
3128601532,(주)거금솔라파크,2023,성숙기,0,0.0,55.11,98.86,33.96,0.01,56.61,17.2,매우 안정
3128601532,(주)거금솔라파크,2024,성숙기,0,0.0,68.67,100.0,42.76,0.0,38.39,17.5,매우 안정
3128641077,천안환경에너지(주),2015,성장기,0,0.0,89.44,0.0,49.85,2.3,20.77,9.3,매우 안정
3128641077,천안환경에너지(주),2016,성숙기,0,3.7,67.33,54.88,45.74,0.42,22.42,13.2,매우 안정
3128641077,천안환경에너지(주),2017,성숙기,0,9.9,69.01,53.96,59.32,0.13,25.8,15.2,매우 안정
3128641077,천안환경에너지(주),2018,성숙기,0,3.3,45.71,59.52,56.54,0.06,21.23,12.8,매우 안정
3128641077,천안환경에너지(주),2019,성숙기,0,0.0,70.0,64.49,75.7,0.13,12.08,14.4,매우 안정
3128641077,천안환경에너지(주),2020,성숙기,0,0.0,100.0,87.2,94.86,2.01,12.84,20.2,매우 안정
3128641077,천안환경에너지(주),2021,성숙기,0,0.0,60.1,93.3,48.33,2.92,15.33,17.1,매우 안정
3128641077,천안환경에너지(주),2022,조정기,1,27.0,0.0,97.61,49.12,12.12,32.12,25.9,매우 안정
3128657720,아산스마트워터(주),2015,쇠퇴기,0,100.0,89.44,0.0,49.85,1.04,19.53,28.5,매우 안정
3128657720,아산스마트워터(주),2016,성장기,0,0.0,67.33,54.88,45.74,2.72,25.23,13.9,매우 안정
3128657720,아산스마트워터(주),2017,성숙기,0,9.9,69.01,53.96,61.71,3.84,26.91,17.4,매우 안정
3128657720,아산스마트워터(주),2018,성장기,1,0.0,45.71,59.52,68.0,95.0,94.71,68.6,매우 위험
3128671095,(주)아산그린에너지,2018,도입기,0,47.7,45.71,59.52,60.57,0.0,21.28,21.9,매우 안정
3128671095,(주)아산그린에너지,2019,성장기,0,16.9,70.0,64.49,,5.03,16.5,,매우 안정
3128671095,(주)아산그린에너지,2020,성장기,0,11.2,100.0,87.2,81.25,27.36,31.69,36.7,안정
3128671095,(주)아산그린에너지,2021,성장기,1,22.2,60.1,93.3,37.74,98.77,82.17,77.1,매우 위험
3128679082,미추홀맑은물주식회사,2021,도입기,0,72.6,60.1,93.3,37.74,0.14,14.55,29.5,매우 안정
3128679082,미추홀맑은물주식회사,2022,성장기,0,15.4,0.0,97.61,47.02,0.18,24.38,16.5,매우 안정
3128679082,미추홀맑은물주식회사,2023,성숙기,0,0.0,55.11,98.86,34.73,0.06,56.67,17.2,매우 안정
3128679082,미추홀맑은물주식회사,2024,성숙기,0,0.0,68.67,100.0,38.42,0.26,38.55,17.4,매우 안정
3138116858,주식회사보림씨에스,2015,성장기,0,0.0,89.44,0.0,47.62,0.07,18.76,7.8,매우 안정
3138116858,주식회사보림씨에스,2016,성숙기,0,3.7,67.33,54.88,55.72,0.1,23.89,13.6,매우 안정
3138116858,주식회사보림씨에스,2017,성숙기,0,9.9,69.01,53.96,69.54,0.03,25.97,15.6,매우 안정
3138116858,주식회사보림씨에스,2018,성숙기,0,3.3,45.71,59.52,72.18,0.03,21.28,13.6,매우 안정
3138116858,주식회사보림씨에스,2019,성숙기,0,0.0,70.0,64.49,79.1,0.01,12.0,14.5,매우 안정
3138116858,주식회사보림씨에스,2020,성숙기,0,0.0,100.0,87.2,98.58,2.4,13.3,20.6,매우 안정
3138116858,주식회사보림씨에스,2021,성장기,0,22.2,60.1,93.3,53.19,0.02,12.14,20.1,매우 안정
3138116858,주식회사보림씨에스,2022,성숙기,0,0.0,0.0,97.61,86.16,0.26,24.56,15.4,매우 안정
3138116858,주식회사보림씨에스,2023,성숙기,0,0.0,55.11,98.86,63.78,0.06,56.62,18.7,매우 안정
3138116858,주식회사보림씨에스,2024,성숙기,0,0.0,68.67,100.0,77.55,1.18,39.2,19.9,매우 안정
3138127748,보령엘엔지터미널주식회사,2015,도입기,0,30.9,89.44,0.0,49.85,1.41,18.61,14.9,매우 안정
3138127748,보령엘엔지터미널주식회사,2016,도입기,0,27.2,67.33,54.88,47.65,2.37,24.67,19.2,매우 안정
3138127748,보령엘엔지터미널주식회사,2017,도입기,0,43.7,69.01,53.96,61.71,0.73,24.75,22.3,매우 안정
3138127748,보령엘엔지터미널주식회사,2018,성장기,0,0.0,45.71,59.52,61.55,0.45,21.07,12.6,매우 안정
3138127748,보령엘엔지터미널주식회사,2019,성장기,0,16.9,70.0,64.49,66.92,2.22,13.59,18.6,매우 안정
3138127748,보령엘엔지터미널주식회사,2020,성장기,0,11.2,100.0,87.2,78.77,0.59,9.62,20.7,매우 안정
3138127748,보령엘엔지터미널주식회사,2021,성장기,0,22.2,60.1,93.3,36.41,0.68,14.61,19.7,매우 안정
3138127748,보령엘엔지터미널주식회사,2022,성장기,0,15.4,0.0,97.61,49.95,0.99,24.56,17.1,매우 안정
3138127748,보령엘엔지터미널주식회사,2023,성숙기,0,0.0,55.11,98.86,37.21,0.34,56.33,17.5,매우 안정
3138127748,보령엘엔지터미널주식회사,2024,성숙기,0,0.0,68.67,100.0,47.28,0.65,38.67,18.1,매우 안정
3148192994,서해에너지(주),2018,성장기,0,0.0,45.71,59.52,60.57,0.01,21.28,12.3,매우 안정
3148192994,서해에너지(주),2019,조정기,0,34.0,70.0,64.49,64.56,0.03,12.04,20.6,매우 안정
3148199930,서해그린에너지(주),2016,조정기,0,25.4,67.33,54.88,45.74,0.1,23.87,17.5,매우 안정
3148199930,서해그린에너지(주),2017,도입기,0,43.7,69.01,53.96,60.77,0.36,26.23,22.1,매우 안정
3148199930,서해그린에너지(주),2018,도입기,0,47.7,45.71,59.52,60.57,0.36,21.28,22.1,매우 안정
3148199930,서해그린에너지(주),2019,도입기,0,50.2,70.0,64.49,55.48,5.02,16.16,26.3,매우 안정
3148199930,서해그린에너지(주),2020,도입기,0,71.5,100.0,87.2,74.29,5.49,11.58,35.3,안정
3148199930,서해그린에너지(주),2021,도입기,0,72.6,60.1,93.3,29.8,19.24,27.55,40.3,중립
3148199930,서해그린에너지(주),2022,도입기,0,56.5,0.0,97.61,,0.14,5.86,,매우 안정
3148199930,서해그린에너지(주),2023,성장기,0,27.2,55.11,98.86,32.52,0.04,56.68,22.6,매우 안정
3148199930,서해그린에너지(주),2024,성장기,0,27.8,68.67,100.0,39.97,4.09,41.26,25.3,매우 안정
3148607319,주식회사태림알앤티,2021,도입기,0,72.6,60.1,93.3,37.74,0.09,14.55,29.5,매우 안정
3148607319,주식회사태림알앤티,2022,성장기,0,15.4,0.0,97.61,,8.22,31.46,,매우 안정
3148607319,주식회사태림알앤티,2023,쇠퇴기,1,100.0,55.11,98.86,34.73,52.18,77.06,66.9,매우 위험
3148640467,(주)연안솔라,2015,성숙기,0,8.0,89.44,0.0,49.85,0.1,18.8,9.6,매우 안정
3148640467,(주)연안솔라,2016,성숙기,0,3.7,67.33,54.88,45.74,19.84,39.6,24.8,매우 안정
3148640467,(주)연안솔라,2017,성숙기,0,9.9,69.01,53.96,60.77,0.08,10.72,14.4,매우 안정
3148649003,이도에코진천주식회사,2015,도입기,0,30.9,89.44,0.0,49.85,0.12,18.8,14.2,매우 안정
3148649003,이도에코진천주식회사,2016,도입기,0,27.2,67.33,54.88,45.74,1.17,24.71,18.5,매우 안정
3148649003,이도에코진천주식회사,2017,도입기,1,43.7,69.01,53.96,60.77,92.63,97.01,76.4,매우 위험
3148802114,리뉴랜드신경주(주),2021,도입기,0,72.6,60.1,93.3,37.74,0.28,14.55,29.6,매우 안정
3148802114,리뉴랜드신경주(주),2022,조정기,0,27.0,0.0,97.61,47.02,15.04,37.23,27.6,매우 안정
3148802114,리뉴랜드신경주(주),2023,도입기,0,89.8,55.11,98.86,34.73,2.2,49.19,36.0,안정
3148802114,리뉴랜드신경주(주),2024,조정기,0,19.7,68.67,100.0,42.16,13.4,46.63,29.2,매우 안정
3158101647,충청에너지서비스(주),2015,성숙기,0,8.0,89.44,0.0,48.05,0.04,18.81,9.4,매우 안정
3158101647,충청에너지서비스(주),2016,성숙기,0,3.7,67.33,54.88,42.75,0.01,23.84,12.9,매우 안정
3158101647,충청에너지서비스(주),2017,성숙기,0,9.9,69.01,53.96,57.36,0.11,26.11,15.1,매우 안정
3158101647,충청에너지서비스(주),2018,성숙기,0,3.3,45.71,59.52,58.23,0.05,21.24,12.9,매우 안정
3158101647,충청에너지서비스(주),2019,성숙기,0,0.0,70.0,64.49,62.12,0.07,12.04,13.7,매우 안정
3158101647,충청에너지서비스(주),2020,성숙기,0,0.0,100.0,87.2,78.77,0.04,11.08,18.2,매우 안정
3158101647,충청에너지서비스(주),2021,성숙기,0,0.0,60.1,93.3,36.86,0.21,14.71,15.0,매우 안정
3158101647,충청에너지서비스(주),2022,성숙기,0,0.0,0.0,97.61,47.39,0.09,24.23,13.4,매우 안정
3158101647,충청에너지서비스(주),2023,성숙기,0,0.0,55.11,98.86,35.25,0.17,56.77,17.3,매우 안정
3158101647,충청에너지서비스(주),2024,성숙기,0,0.0,68.67,100.0,43.92,0.11,38.38,17.6,매우 안정
3158700091,(주)씨에스에코,2021,도입기,0,72.6,60.1,93.3,37.74,0.11,14.55,29.5,매우 안정
3158700091,(주)씨에스에코,2022,성장기,0,15.4,0.0,97.61,47.02,51.75,69.49,47.1,중립
3158700091,(주)씨에스에코,2023,성장기,1,27.2,55.11,98.86,34.73,95.38,72.87,75.9,매우 위험
3168104026,(주)에스피지케미칼,2015,성숙기,0,8.0,89.44,0.0,46.05,0.02,18.77,9.3,매우 안정
3168104026,(주)에스피지케미칼,2016,성숙기,0,3.7,67.33,54.88,38.64,0.0,23.85,12.7,매우 안정
3168104026,(주)에스피지케미칼,2017,성숙기,0,9.9,69.01,53.96,54.11,0.06,26.08,14.9,매우 안정
3168104026,(주)에스피지케미칼,2018,성숙기,0,3.3,45.71,59.52,55.55,0.03,21.26,12.8,매우 안정
3168104026,(주)에스피지케미칼,2019,성숙기,0,0.0,70.0,64.49,61.03,0.04,12.03,13.6,매우 안정
3168104026,(주)에스피지케미칼,2020,성숙기,0,0.0,100.0,87.2,78.7,0.05,11.12,18.2,매우 안정
3168104026,(주)에스피지케미칼,2021,성숙기,0,0.0,60.1,93.3,37.56,0.02,14.52,15.0,매우 안정
3168104026,(주)에스피지케미칼,2022,성숙기,0,0.0,0.0,97.61,48.01,0.06,24.39,13.4,매우 안정
3168104026,(주)에스피지케미칼,2023,성숙기,0,0.0,55.11,98.86,35.48,0.1,56.75,17.3,매우 안정
3168104026,(주)에스피지케미칼,2024,성숙기,0,0.0,68.67,100.0,43.56,0.03,38.37,17.5,매우 안정
3168110057,(주)일산태양광,2015,성장기,0,0.0,89.44,0.0,50.57,0.9,18.56,8.4,매우 안정
3168110057,(주)일산태양광,2016,성숙기,0,3.7,67.33,54.88,45.09,0.68,23.71,13.4,매우 안정
3168110057,(주)일산태양광,2017,성숙기,0,9.9,69.01,53.96,59.35,0.43,25.84,15.3,매우 안정
3168113317,서해그린환경(주),2015,성장기,0,0.0,89.44,0.0,56.06,3.19,21.61,10.1,매우 안정
3168113317,서해그린환경(주),2016,성장기,0,0.0,67.33,54.88,43.93,6.34,26.45,15.9,매우 안정
3168113317,서해그린환경(주),2017,쇠퇴기,1,100.0,69.01,53.96,57.91,68.57,74.33,73.2,매우 위험
3178104510,태영환경개발주식회사,2022,성장기,0,15.4,0.0,97.61,47.02,0.11,24.35,16.5,매우 안정
3178104510,태영환경개발주식회사,2023,조정기,0,32.9,55.11,98.86,34.73,0.49,56.92,24.1,매우 안정
3178104510,태영환경개발주식회사,2024,성숙기,0,0.0,68.67,100.0,42.62,17.69,50.62,27.8,매우 안정
3178132904,엘비리텍주식회사,2022,쇠퇴기,0,100.0,0.0,97.61,47.02,0.06,24.35,33.4,안정
3178132904,엘비리텍주식회사,2023,도입기,0,89.8,55.11,98.86,34.73,69.35,89.96,75.0,매우 위험
3178132904,엘비리텍주식회사,2024,도입기,1,100.0,68.67,100.0,42.62,26.45,18.03,51.0,위험
3178141330,주식회사제스코파워,2015,도입기,0,30.9,89.44,0.0,49.85,2.57,20.73,15.6,매우 안정
3178141330,주식회사제스코파워,2016,도입기,1,27.2,67.33,54.88,45.74,98.03,100.0,75.5,매우 위험
3188108936,안좌쏠라시티주식회사,2019,도입기,0,50.2,70.0,64.49,64.56,0.11,12.02,23.9,매우 안정
3188108936,안좌쏠라시티주식회사,2020,성장기,0,11.2,100.0,87.2,81.25,5.34,15.92,23.8,매우 안정
3188108936,안좌쏠라시티주식회사,2021,성장기,0,22.2,60.1,93.3,,0.66,9.77,,매우 안정
3188108936,안좌쏠라시티주식회사,2022,성장기,0,15.4,0.0,97.61,47.02,0.65,24.28,16.8,매우 안정
3188108936,안좌쏠라시티주식회사,2023,성숙기,0,0.0,55.11,98.86,36.33,0.42,56.57,17.5,매우 안정
3188108936,안좌쏠라시티주식회사,2024,성숙기,0,0.0,68.67,100.0,43.25,1.19,39.0,18.2,매우 안정
3208100053,주식회사에프알에너지,2021,성숙기,0,0.0,60.1,93.3,37.74,0.02,14.55,15.0,매우 안정
3208100053,주식회사에프알에너지,2022,성숙기,0,0.0,0.0,97.61,47.02,0.05,24.38,13.4,매우 안정
3208100053,주식회사에프알에너지,2023,성숙기,0,0.0,55.11,98.86,34.73,0.03,56.73,17.2,매우 안정
3228600506,한화솔라파워주식회사,2018,도입기,0,47.7,45.71,59.52,60.57,0.0,21.28,21.9,매우 안정
3228600506,한화솔라파워주식회사,2019,쇠퇴기,0,100.0,70.0,64.49,64.56,0.94,12.86,34.3,안정
3228600506,한화솔라파워주식회사,2020,쇠퇴기,0,100.0,100.0,87.2,81.25,2.13,12.21,39.6,안정
3228600506,한화솔라파워주식회사,2021,쇠퇴기,0,100.0,60.1,93.3,37.53,4.59,16.81,37.6,안정
3238801633,동부엔텍주식회사,2021,조정기,0,30.2,60.1,93.3,37.74,0.03,14.55,21.0,매우 안정
3238801633,동부엔텍주식회사,2022,조정기,0,27.0,0.0,97.61,47.02,0.13,24.44,18.8,매우 안정
3238801633,동부엔텍주식회사,2023,조정기,0,32.9,55.11,98.86,34.73,0.03,56.68,23.8,매우 안정
3238801633,동부엔텍주식회사,2024,성숙기,0,0.0,68.67,100.0,31.29,0.06,38.42,17.0,매우 안정
3248601331,(주)경주농원,2022,성장기,0,15.4,0.0,97.61,47.02,0.47,24.35,16.7,매우 안정
3248601331,(주)경주농원,2023,성장기,0,27.2,55.11,98.86,34.73,0.38,56.65,22.9,매우 안정
3248601331,(주)경주농원,2024,성장기,0,27.8,68.67,100.0,42.62,1.62,39.33,24.0,매우 안정
3298600676,솔라시도태양광발전주식회사,2020,성장기,0,11.2,100.0,87.2,81.25,0.26,11.11,20.7,매우 안정
3298600676,솔라시도태양광발전주식회사,2021,성숙기,0,0.0,60.1,93.3,37.74,0.95,15.2,15.5,매우 안정
3298600676,솔라시도태양광발전주식회사,2022,성숙기,0,0.0,0.0,97.61,47.02,0.76,24.1,13.7,매우 안정
3298600676,솔라시도태양광발전주식회사,2023,성숙기,0,0.0,55.11,98.86,34.99,0.31,56.46,17.4,매우 안정
3298600676,솔라시도태양광발전주식회사,2024,성숙기,0,0.0,68.67,100.0,44.02,0.56,38.62,17.9,매우 안정
3308602392,(주)에버온인프라,2022,성장기,0,15.4,0.0,97.61,47.02,0.31,24.35,16.6,매우 안정
3308602392,(주)에버온인프라,2023,성숙기,0,0.0,55.11,98.86,34.73,4.51,58.73,19.8,매우 안정
3308602392,(주)에버온인프라,2024,성숙기,1,0.0,68.67,100.0,42.62,11.98,44.33,24.4,매우 안정
3328801409,청주에코파크주식회사,2021,성장기,0,22.2,60.1,93.3,37.74,0.06,14.55,19.4,매우 안정
3328801409,청주에코파크주식회사,2022,성숙기,0,0.0,0.0,97.61,,0.32,24.57,,매우 안정
3328801409,청주에코파크주식회사,2023,조정기,0,32.9,55.11,98.86,34.73,1.75,57.39,24.8,매우 안정
3328801409,청주에코파크주식회사,2024,성숙기,0,0.0,68.67,100.0,42.62,5.85,41.55,20.9,매우 안정
3358702114,주식회사그린솔라에너지,2022,도입기,0,56.5,0.0,97.61,47.02,0.35,24.35,24.8,매우 안정
3358702114,주식회사그린솔라에너지,2023,성장기,0,27.2,55.11,98.86,34.73,11.34,61.98,29.2,매우 안정
3358702114,주식회사그린솔라에너지,2024,조정기,1,19.7,68.67,100.0,42.62,61.65,75.56,57.2,위험
3378601924,주식회사해든,2022,성장기,0,15.4,0.0,97.61,47.02,0.34,24.35,16.6,매우 안정
3378601924,주식회사해든,2023,성장기,0,27.2,55.11,98.86,,0.08,56.58,,매우 안정
3378601924,주식회사해든,2024,성장기,0,27.8,68.67,100.0,42.62,0.16,38.46,23.1,매우 안정
3398101041,리뉴어스주식회사,2018,성장기,0,0.0,45.71,59.52,60.57,0.01,21.28,12.3,매우 안정
3398101041,리뉴어스주식회사,2019,성숙기,0,0.0,70.0,64.49,64.56,0.05,12.05,13.8,매우 안정
3398101041,리뉴어스주식회사,2020,성숙기,0,0.0,100.0,87.2,81.25,0.24,11.28,18.5,매우 안정
3398101041,리뉴어스주식회사,2021,성숙기,0,0.0,60.1,93.3,33.43,6.35,20.43,18.5,매우 안정
3398101041,리뉴어스주식회사,2022,성숙기,0,0.0,0.0,97.61,45.9,4.04,21.74,15.4,매우 안정
3398101041,리뉴어스주식회사,2023,성장기,0,27.2,55.11,98.86,32.69,5.35,57.0,25.5,매우 안정
3398101041,리뉴어스주식회사,2024,성숙기,1,0.0,68.67,100.0,40.3,55.24,74.41,49.6,중립
3428100301,코스포영남파워주식회사,2016,도입기,0,27.2,67.33,54.88,45.74,0.05,23.87,17.8,매우 안정
3428100301,코스포영남파워주식회사,2017,성장기,0,0.0,69.01,53.96,60.77,0.84,26.64,13.7,매우 안정
3428100301,코스포영남파워주식회사,2018,성숙기,0,3.3,45.71,59.52,60.57,0.02,20.63,13.0,매우 안정
3428100301,코스포영남파워주식회사,2019,성숙기,0,0.0,70.0,64.49,0.0,0.25,12.22,10.7,매우 안정
3428100301,코스포영남파워주식회사,2020,성숙기,0,0.0,100.0,87.2,84.14,0.29,11.15,18.6,매우 안정
3428100301,코스포영남파워주식회사,2021,성숙기,0,0.0,60.1,93.3,54.39,0.11,14.35,15.8,매우 안정
3428100301,코스포영남파워주식회사,2022,성숙기,0,0.0,0.0,97.61,48.79,0.07,24.32,13.5,매우 안정
3428100301,코스포영남파워주식회사,2023,성숙기,0,0.0,55.11,98.86,36.08,4.04,58.64,19.6,매우 안정
3428100301,코스포영남파워주식회사,2024,성숙기,0,0.0,68.67,100.0,46.85,0.06,36.16,17.6,매우 안정
3438701552,(주)에이디피그린,2020,도입기,0,71.5,100.0,87.2,81.25,0.14,11.11,32.7,안정
3438701552,(주)에이디피그린,2021,도입기,0,72.6,60.1,93.3,37.74,6.81,20.97,33.5,안정
3438701552,(주)에이디피그린,2022,도입기,1,56.5,0.0,97.61,47.02,59.15,69.48,59.4,위험
3468601383,주식회사케이솔라신안,2021,성장기,0,22.2,60.1,93.3,37.74,0.2,14.55,19.5,매우 안정
3468601383,주식회사케이솔라신안,2022,성숙기,0,0.0,0.0,97.61,,19.66,41.34,,매우 안정
3468601383,주식회사케이솔라신안,2023,성숙기,1,0.0,55.11,98.86,34.73,42.91,66.07,41.3,중립
3528700130,신흥풍력주식회사,2021,도입기,0,72.6,60.1,93.3,37.74,0.11,14.55,29.5,매우 안정
3528700130,신흥풍력주식회사,2022,도입기,0,56.5,0.0,97.61,47.02,28.2,48.9,41.4,중립
3528700130,신흥풍력주식회사,2023,도입기,1,89.8,55.11,98.86,,31.69,55.81,,매우 안정
3558600321,한맥테코주식회사,2015,쇠퇴기,0,100.0,89.44,0.0,49.85,0.21,18.8,28.0,매우 안정
3558600321,한맥테코주식회사,2016,도입기,0,27.2,67.33,54.88,45.74,3.21,26.27,19.7,매우 안정
3558600321,한맥테코주식회사,2017,쇠퇴기,1,100.0,69.01,53.96,60.77,94.04,96.52,88.4,매우 위험
3628801322,빛솔라에너지주식회사,2021,성장기,0,22.2,60.1,93.3,37.74,0.32,14.55,19.6,매우 안정
3628801322,빛솔라에너지주식회사,2022,성숙기,0,0.0,0.0,97.61,47.02,38.78,57.95,36.3,안정
3628801322,빛솔라에너지주식회사,2023,성숙기,0,0.0,55.11,98.86,34.73,15.03,41.77,24.7,매우 안정
3628801322,빛솔라에너지주식회사,2024,성숙기,0,0.0,68.67,100.0,43.5,68.64,78.43,57.3,위험
3638102311,주식회사이엔워터솔루션,2022,성숙기,0,0.0,0.0,97.61,47.02,0.19,24.35,13.4,매우 안정
3638102311,주식회사이엔워터솔루션,2023,성숙기,0,0.0,55.11,98.86,34.73,2.27,57.72,18.5,매우 안정
3638102311,주식회사이엔워터솔루션,2024,성숙기,0,0.0,68.67,100.0,42.62,0.03,37.15,17.4,매우 안정
3658801471,천안엔바이로주식회사,2021,도입기,0,72.6,60.1,93.3,37.74,0.03,14.55,29.5,매우 안정
3658801471,천안엔바이로주식회사,2022,성장기,0,15.4,0.0,97.61,47.02,3.63,27.5,18.6,매우 안정
3658801471,천안엔바이로주식회사,2023,성장기,0,27.2,55.11,98.86,34.73,0.46,54.89,22.8,매우 안정
3658801471,천안엔바이로주식회사,2024,성장기,0,27.8,68.67,100.0,40.53,1.91,39.49,24.0,매우 안정
3708700822,(주)티퓨얼,2018,도입기,0,47.7,45.71,59.52,60.57,0.01,21.28,21.9,매우 안정
3708700822,(주)티퓨얼,2019,쇠퇴기,0,100.0,70.0,64.49,64.56,2.26,14.02,35.1,안정
3708700822,(주)티퓨얼,2022,성장기,0,15.4,0.0,97.61,,8.69,24.35,,매우 안정
3708700822,(주)티퓨얼,2023,도입기,1,89.8,55.11,98.86,34.73,42.33,72.06,59.2,위험
3768800152,(주)우실태양광,2016,성장기,0,0.0,67.33,54.88,45.74,0.07,23.87,12.4,매우 안정
3768800152,(주)우실태양광,2017,도입기,0,43.7,69.01,53.96,,2.39,27.83,,매우 안정
3768800152,(주)우실태양광,2018,성장기,1,0.0,45.71,59.52,60.57,95.29,96.11,68.5,매우 위험
3788602680,에스케이일렉링크,2022,도입기,0,56.5,0.0,97.61,47.02,0.14,24.35,24.7,매우 안정
3788602680,에스케이일렉링크,2023,도입기,0,89.8,55.11,98.86,34.73,22.0,67.2,47.8,중립
3788602680,에스케이일렉링크,2024,도입기,1,100.0,68.67,100.0,42.62,18.14,38.83,47.5,중립
3788701164,주식회사2018동부하이웨이솔라,2021,성장기,0,22.2,60.1,93.3,37.74,0.23,14.55,19.5,매우 안정
3788701164,주식회사2018동부하이웨이솔라,2022,조정기,0,27.0,0.0,97.61,47.02,2.17,26.03,20.0,매우 안정
3788701164,주식회사2018동부하이웨이솔라,2023,성숙기,0,0.0,55.11,98.86,34.73,0.18,55.58,17.3,매우 안정
3788701164,주식회사2018동부하이웨이솔라,2024,조정기,0,19.7,68.67,100.0,34.31,13.2,47.62,28.7,매우 안정
3808100055,주식회사티에스에너지9호,2019,도입기,0,50.2,70.0,64.49,64.56,0.24,12.02,24.0,매우 안정
3808100055,주식회사티에스에너지9호,2020,성숙기,0,0.0,100.0,87.2,81.25,4.88,15.39,21.2,매우 안정
3808100055,주식회사티에스에너지9호,2021,성숙기,1,0.0,60.1,93.3,37.74,61.98,69.43,51.8,위험
3828601036,주식회사대성에코에너지센터,2017,도입기,0,43.7,69.01,53.96,60.77,0.08,26.03,22.0,매우 안정
3828601036,주식회사대성에코에너지센터,2018,도입기,0,47.7,45.71,59.52,60.57,0.16,21.35,22.0,매우 안정
3828601036,주식회사대성에코에너지센터,2019,도입기,0,50.2,70.0,64.49,64.56,1.72,13.4,24.8,매우 안정
3828601036,주식회사대성에코에너지센터,2020,도입기,0,71.5,100.0,87.2,81.25,0.69,10.17,33.0,안정
3828601036,주식회사대성에코에너지센터,2021,도입기,0,72.6,60.1,93.3,,16.34,29.63,,매우 안정
3828601036,주식회사대성에코에너지센터,2022,성장기,0,15.4,0.0,97.61,46.57,54.62,56.28,48.0,중립
3828601036,주식회사대성에코에너지센터,2023,성장기,1,27.2,55.11,98.86,35.35,56.59,52.63,53.6,위험
3828601939,주식회사새만금세빛발전소,2021,도입기,0,72.6,60.1,93.3,37.74,0.15,14.55,29.6,매우 안정
3828601939,주식회사새만금세빛발전소,2022,성장기,0,15.4,0.0,97.61,47.02,0.6,24.74,16.8,매우 안정
3828601939,주식회사새만금세빛발전소,2023,성장기,0,27.2,55.11,98.86,34.73,0.34,56.56,22.8,매우 안정
3828601939,주식회사새만금세빛발전소,2024,성장기,0,27.8,68.67,100.0,42.97,5.68,42.22,26.4,매우 안정
3858600550,주원전주주식회사,2017,성장기,0,0.0,69.01,53.96,60.77,0.05,26.03,13.2,매우 안정
3858600550,주원전주주식회사,2018,조정기,0,28.3,45.71,59.52,60.57,1.92,22.79,19.1,매우 안정
3858600550,주원전주주식회사,2019,조정기,0,34.0,70.0,64.49,64.56,19.28,27.44,32.0,안정
3858600550,주원전주주식회사,2020,조정기,1,16.3,100.0,87.2,81.51,98.53,84.18,79.5,매우 위험
3898701349,골든에코주식회사,2022,도입기,0,56.5,0.0,97.61,47.02,0.3,24.35,24.8,매우 안정
3898701349,골든에코주식회사,2023,도입기,0,89.8,55.11,98.86,34.73,0.58,56.85,35.5,안정
3898701349,골든에코주식회사,2024,도입기,1,100.0,68.67,100.0,42.62,3.92,40.84,39.8,안정
3918702486,화성그린에너지밸류(주),2022,도입기,0,56.5,0.0,97.61,47.02,0.35,24.35,24.8,매우 안정
3918702486,화성그린에너지밸류(주),2023,도입기,0,89.8,55.11,98.86,34.73,8.65,60.69,40.1,중립
3918702486,화성그린에너지밸류(주),2024,도입기,1,100.0,68.67,100.0,42.62,80.09,90.11,84.1,매우 위험
3948600331,주식회사삼성펄프,2022,조정기,0,27.0,0.0,97.61,47.02,0.12,24.35,18.8,매우 안정
3948600331,주식회사삼성펄프,2023,성장기,0,27.2,55.11,98.86,34.73,0.83,57.07,23.1,매우 안정
3948600331,주식회사삼성펄프,2024,성숙기,0,0.0,68.67,100.0,42.62,0.71,38.43,17.9,매우 안정
3988800735,제이엔텍,2017,도입기,0,43.7,69.01,53.96,60.77,0.11,26.03,22.0,매우 안정
3988800735,제이엔텍,2018,조정기,0,28.3,45.71,59.52,60.57,0.47,21.58,18.3,매우 안정
3988800735,제이엔텍,2019,도입기,0,50.2,70.0,64.49,64.56,5.4,16.4,27.0,매우 안정
3988800735,제이엔텍,2020,도입기,1,71.5,100.0,87.2,81.25,82.03,81.64,81.3,매우 위험
4018102404,(주)서해환경,2019,조정기,0,34.0,70.0,64.49,64.56,0.02,12.02,20.6,매우 안정
4018102404,(주)서해환경,2020,성장기,0,11.2,100.0,87.2,81.25,0.02,11.11,20.6,매우 안정
4018102404,(주)서해환경,2021,성숙기,0,0.0,60.1,93.3,37.74,0.03,14.56,15.0,매우 안정
4018102404,(주)서해환경,2022,성숙기,0,0.0,0.0,97.61,45.34,0.09,24.41,13.3,매우 안정
4018102404,(주)서해환경,2023,성숙기,0,0.0,55.11,98.86,33.42,0.01,56.69,17.2,매우 안정
4018102404,(주)서해환경,2024,성숙기,0,0.0,68.67,100.0,40.31,0.09,38.46,17.4,매우 안정
4018103946,군산도시가스(주),2015,도입기,0,30.9,89.44,0.0,47.98,0.12,18.75,14.1,매우 안정
4018103946,군산도시가스(주),2016,성장기,0,0.0,67.33,54.88,42.11,0.04,23.8,12.2,매우 안정
4018103946,군산도시가스(주),2017,성장기,0,0.0,69.01,53.96,56.56,0.05,26.04,13.0,매우 안정
4018103946,군산도시가스(주),2018,성장기,0,0.0,45.71,59.52,57.55,0.48,21.63,12.5,매우 안정
4018103946,군산도시가스(주),2019,성숙기,0,0.0,70.0,64.49,61.88,0.19,11.75,13.7,매우 안정
4018103946,군산도시가스(주),2020,성숙기,0,0.0,100.0,87.2,79.42,0.18,11.1,18.3,매우 안정
4018103946,군산도시가스(주),2021,성숙기,0,0.0,60.1,93.3,38.04,0.05,14.41,15.0,매우 안정
4018103946,군산도시가스(주),2022,성숙기,0,0.0,0.0,97.61,50.57,0.07,24.37,13.5,매우 안정
4018103946,군산도시가스(주),2023,성숙기,0,0.0,55.11,98.86,37.6,0.17,56.78,17.5,매우 안정
4018103946,군산도시가스(주),2024,성숙기,0,0.0,68.67,100.0,46.66,0.71,38.81,18.1,매우 안정
4018106507,홍보산업(주),2015,도입기,0,30.9,89.44,0.0,50.45,28.03,41.79,30.7,안정
4018106507,홍보산업(주),2016,쇠퇴기,1,100.0,67.33,54.88,48.3,46.63,39.25,58.9,위험
4018115568,대한이앤이주식회사,2019,성장기,0,16.9,70.0,64.49,64.56,0.03,12.02,17.2,매우 안정
4018115568,대한이앤이주식회사,2020,성장기,0,11.2,100.0,87.2,81.25,0.04,11.12,20.6,매우 안정
4018115568,대한이앤이주식회사,2021,성장기,0,22.2,60.1,93.3,37.74,0.31,14.8,19.6,매우 안정
4018115568,대한이앤이주식회사,2022,쇠퇴기,0,100.0,0.0,97.61,41.78,0.44,24.44,33.3,안정
4018115568,대한이앤이주식회사,2023,성장기,0,27.2,55.11,98.86,31.12,0.92,56.93,23.0,매우 안정
4018115568,대한이앤이주식회사,2024,조정기,0,19.7,68.67,100.0,37.48,33.78,61.75,40.9,중립
4018120998,군장에너지주식회사,2015,성장기,0,0.0,89.44,0.0,51.5,0.4,19.08,8.2,매우 안정
4018120998,군장에너지주식회사,2016,성장기,0,0.0,67.33,54.88,50.76,0.7,24.11,13.0,매우 안정
4018120998,군장에너지주식회사,2017,성장기,0,0.0,69.01,53.96,65.31,0.31,25.73,13.6,매우 안정
4018120998,군장에너지주식회사,2018,성숙기,0,3.3,45.71,59.52,67.28,0.09,21.11,13.4,매우 안정
4018120998,군장에너지주식회사,2019,성숙기,0,0.0,70.0,64.49,71.5,0.6,12.47,14.5,매우 안정
4018122185,(주)엔아이티,2015,성숙기,0,8.0,89.44,0.0,46.07,0.05,18.81,9.3,매우 안정
4018122185,(주)엔아이티,2016,성숙기,0,3.7,67.33,54.88,42.97,0.02,23.84,12.9,매우 안정
4018122185,(주)엔아이티,2017,성숙기,0,9.9,69.01,53.96,57.87,0.02,26.03,15.0,매우 안정
4018122185,(주)엔아이티,2018,성숙기,0,3.3,45.71,59.52,59.33,0.01,21.28,12.9,매우 안정
4018122185,(주)엔아이티,2019,성장기,0,16.9,70.0,64.49,62.16,0.01,12.02,17.0,매우 안정
4018122185,(주)엔아이티,2020,성장기,0,11.2,100.0,87.2,79.62,0.02,11.12,20.5,매우 안정
4018122185,(주)엔아이티,2021,성장기,0,22.2,60.1,93.3,36.7,0.03,14.56,19.4,매우 안정
4018122185,(주)엔아이티,2022,성숙기,0,0.0,0.0,97.61,41.37,0.01,24.34,13.1,매우 안정
4018122185,(주)엔아이티,2023,성숙기,0,0.0,55.11,98.86,30.31,0.0,56.73,17.0,매우 안정
4018122185,(주)엔아이티,2024,성숙기,0,0.0,68.67,100.0,37.81,0.02,38.42,17.3,매우 안정
4018145418,(주)홍보에너지,2015,도입기,0,30.9,89.44,0.0,,9.26,27.19,,매우 안정
4018145418,(주)홍보에너지,2016,도입기,0,27.2,67.33,54.88,45.74,19.92,32.55,29.2,매우 안정
4018145418,(주)홍보에너지,2017,도입기,1,43.7,69.01,53.96,60.77,93.54,83.19,76.2,매우 위험
4018147852,OCISE주식회사,2015,도입기,0,30.9,89.44,0.0,49.85,0.98,15.76,14.5,매우 안정
4018147852,OCISE주식회사,2016,도입기,0,27.2,67.33,54.88,47.65,10.1,31.15,23.8,매우 안정
4018147852,OCISE주식회사,2017,성숙기,0,9.9,69.01,53.96,61.71,0.39,18.51,15.1,매우 안정
4018147852,OCISE주식회사,2018,성숙기,0,3.3,45.71,59.52,66.28,0.28,21.2,13.4,매우 안정
4018147852,OCISE주식회사,2019,성숙기,0,0.0,70.0,64.49,65.43,0.29,12.02,14.0,매우 안정
4018147852,OCISE주식회사,2020,성숙기,0,0.0,100.0,87.2,89.37,1.53,12.26,19.6,매우 안정
4018147852,OCISE주식회사,2021,성숙기,0,0.0,60.1,93.3,44.91,19.61,31.93,27.0,매우 안정
4018147852,OCISE주식회사,2022,성숙기,0,0.0,0.0,97.61,54.58,0.11,5.47,12.8,매우 안정
4018147852,OCISE주식회사,2023,성숙기,0,0.0,55.11,98.86,40.71,0.07,56.71,17.6,매우 안정
4018147852,OCISE주식회사,2024,성숙기,0,0.0,68.67,100.0,51.12,0.01,38.37,17.9,매우 안정
4018150736,오씨아이남부태양광발전주식회사,2015,성숙기,0,8.0,89.44,0.0,49.85,10.38,28.09,15.7,매우 안정
4018150736,오씨아이남부태양광발전주식회사,2016,성숙기,1,3.7,67.33,54.88,45.74,88.44,86.29,64.8,매우 위험
4018152409,오대양태양광발전주식회사,2015,성숙기,0,8.0,89.44,0.0,49.85,14.44,26.19,17.8,매우 안정
4018152409,오대양태양광발전주식회사,2016,성숙기,1,3.7,67.33,54.88,57.24,99.42,91.89,71.7,매우 위험
4018153617,주식회사와이즈솔라군산,2016,성장기,0,0.0,67.33,54.88,45.74,0.21,23.87,12.5,매우 안정
4018153617,주식회사와이즈솔라군산,2017,조정기,0,32.0,69.01,53.96,60.77,3.5,28.58,21.6,매우 안정
4018153617,주식회사와이즈솔라군산,2018,성숙기,0,3.3,45.71,59.52,60.57,0.89,19.18,13.4,매우 안정
4018153617,주식회사와이즈솔라군산,2019,조정기,0,34.0,70.0,64.49,86.37,9.22,19.42,27.1,매우 안정
4018153617,주식회사와이즈솔라군산,2020,성숙기,0,0.0,100.0,87.2,80.74,0.98,3.62,18.5,매우 안정
4018156346,에스지씨그린파워주식회사,2016,도입기,0,27.2,67.33,54.88,45.74,0.05,23.87,17.8,매우 안정
4018156346,에스지씨그린파워주식회사,2017,도입기,0,43.7,69.01,53.96,60.77,1.96,27.51,23.1,매우 안정
4018156346,에스지씨그린파워주식회사,2018,도입기,1,47.7,45.71,59.52,60.57,93.68,95.16,77.1,매우 위험
4028121821,(주)삼우,2022,성숙기,0,0.0,0.0,97.61,47.02,0.08,24.35,13.4,매우 안정
4028121821,(주)삼우,2023,조정기,0,32.9,55.11,98.86,34.73,0.54,56.95,24.1,매우 안정
4028121821,(주)삼우,2024,성숙기,0,0.0,68.67,100.0,42.62,0.06,38.14,17.5,매우 안정
4028176200,에너원주식회사,2015,성장기,0,0.0,89.44,0.0,54.89,0.04,18.53,8.2,매우 안정
4028176200,에너원주식회사,2016,성장기,0,0.0,67.33,54.88,100.0,1.27,24.85,15.8,매우 안정
4028176200,에너원주식회사,2017,성장기,0,0.0,69.01,53.96,100.0,27.1,46.08,31.1,안정
4028176200,에너원주식회사,2018,조정기,1,28.3,45.71,59.52,90.75,58.44,46.57,52.9,위험
4028187105,태백귀네미풍력발전주식회사,2016,조정기,0,25.4,67.33,54.88,47.65,1.12,23.87,18.1,매우 안정
4028187105,태백귀네미풍력발전주식회사,2017,쇠퇴기,0,100.0,69.01,53.96,61.71,2.13,26.81,34.4,안정
4028187105,태백귀네미풍력발전주식회사,2018,조정기,0,28.3,45.71,59.52,61.55,0.42,19.91,18.2,매우 안정
4028187105,태백귀네미풍력발전주식회사,2019,도입기,0,50.2,70.0,64.49,65.16,1.36,12.85,24.6,매우 안정
4028187105,태백귀네미풍력발전주식회사,2020,성장기,0,11.2,100.0,87.2,,0.42,10.25,,매우 안정
4028187105,태백귀네미풍력발전주식회사,2021,성숙기,0,0.0,60.1,93.3,37.42,0.13,14.25,15.0,매우 안정
4028187105,태백귀네미풍력발전주식회사,2022,조정기,0,27.0,0.0,97.61,49.69,0.37,24.55,19.1,매우 안정
4028187105,태백귀네미풍력발전주식회사,2023,성숙기,0,0.0,55.11,98.86,36.38,0.17,56.61,17.4,매우 안정
4028187105,태백귀네미풍력발전주식회사,2024,성숙기,0,0.0,68.67,100.0,46.45,4.1,41.2,20.1,매우 안정
4028607668,전주리싸이클링에너지(주),2016,성장기,0,0.0,67.33,54.88,45.74,0.03,23.87,12.4,매우 안정
4028607668,전주리싸이클링에너지(주),2017,성장기,0,0.0,69.01,53.96,60.77,3.56,28.77,15.3,매우 안정
4028607668,전주리싸이클링에너지(주),2018,성장기,1,0.0,45.71,59.52,60.57,98.58,97.82,70.4,매우 위험
4038105334,전북에너지서비스(주),2015,성숙기,0,8.0,89.44,0.0,48.92,0.06,18.58,9.5,매우 안정
4038105334,전북에너지서비스(주),2016,성숙기,0,3.7,67.33,54.88,45.07,0.01,23.83,13.0,매우 안정
4038105334,전북에너지서비스(주),2017,성숙기,0,9.9,69.01,53.96,59.66,0.43,26.36,15.4,매우 안정
4038105334,전북에너지서비스(주),2018,성숙기,0,3.3,45.71,59.52,60.3,0.12,21.03,13.0,매우 안정
4038105334,전북에너지서비스(주),2019,성숙기,0,0.0,70.0,64.49,62.56,0.11,12.01,13.7,매우 안정
4038105334,전북에너지서비스(주),2020,성숙기,0,0.0,100.0,87.2,78.83,0.03,11.03,18.2,매우 안정
4038105334,전북에너지서비스(주),2021,성숙기,0,0.0,60.1,93.3,36.41,0.12,14.63,15.0,매우 안정
4038105334,전북에너지서비스(주),2022,성숙기,0,0.0,0.0,97.61,47.01,0.05,24.28,13.4,매우 안정
4038105334,전북에너지서비스(주),2023,성숙기,0,0.0,55.11,98.86,35.02,0.44,56.92,17.5,매우 안정
4038105334,전북에너지서비스(주),2024,성숙기,0,0.0,68.67,100.0,43.81,0.38,38.42,17.8,매우 안정
4038145205,주식회사엔프로텍,2018,도입기,0,47.7,45.71,59.52,60.57,0.0,21.28,21.9,매우 안정
4038145205,주식회사엔프로텍,2019,성장기,0,16.9,70.0,64.49,64.56,0.21,12.2,17.3,매우 안정
4038145205,주식회사엔프로텍,2020,성장기,0,11.2,100.0,87.2,81.25,0.27,11.17,20.7,매우 안정
4038145205,주식회사엔프로텍,2021,성장기,0,22.2,60.1,93.3,15.27,14.13,27.91,26.7,매우 안정
4038145205,주식회사엔프로텍,2022,성숙기,0,0.0,0.0,97.61,27.14,4.95,15.01,14.6,매우 안정
4038145205,주식회사엔프로텍,2023,성숙기,0,0.0,55.11,98.86,11.34,45.4,75.68,42.0,중립
4038145205,주식회사엔프로텍,2024,성숙기,0,0.0,68.67,100.0,16.35,100.0,83.48,73.4,매우 위험
4038148385,(주)에스쓰리알,2019,성장기,0,16.9,70.0,64.49,64.56,0.02,12.02,17.2,매우 안정
4038148385,(주)에스쓰리알,2020,성장기,0,11.2,100.0,87.2,81.25,0.09,11.17,20.6,매우 안정
4038148385,(주)에스쓰리알,2021,성장기,0,22.2,60.1,93.3,37.74,0.05,14.5,19.4,매우 안정
4038148385,(주)에스쓰리알,2022,도입기,0,56.5,0.0,97.61,47.68,0.13,24.42,24.7,매우 안정
4038148385,(주)에스쓰리알,2023,도입기,0,89.8,55.11,98.86,35.29,0.07,56.7,35.2,안정
4038148385,(주)에스쓰리알,2024,도입기,0,100.0,68.67,100.0,43.81,0.11,38.44,37.6,안정
4038159989,김제에스엠씨주식회사,2015,성숙기,0,8.0,89.44,0.0,50.13,0.85,19.03,10.0,매우 안정
4038159989,김제에스엠씨주식회사,2016,성숙기,0,3.7,67.33,54.88,54.86,0.3,23.45,13.7,매우 안정
4038159989,김제에스엠씨주식회사,2017,성숙기,0,9.9,69.01,53.96,67.7,0.49,26.18,15.8,매우 안정
4038159989,김제에스엠씨주식회사,2018,성숙기,0,3.3,45.71,59.52,65.63,0.23,21.07,13.4,매우 안정
4038159989,김제에스엠씨주식회사,2019,성숙기,0,0.0,70.0,64.49,68.77,0.26,12.04,14.1,매우 안정
4038159989,김제에스엠씨주식회사,2020,성숙기,0,0.0,100.0,87.2,86.35,0.6,11.42,18.9,매우 안정
4038159989,김제에스엠씨주식회사,2021,성숙기,0,0.0,60.1,93.3,41.21,0.19,14.12,15.2,매우 안정
4038159989,김제에스엠씨주식회사,2022,성숙기,0,0.0,0.0,97.61,50.18,0.58,24.68,13.8,매우 안정
4038159989,김제에스엠씨주식회사,2023,성숙기,0,0.0,55.11,98.86,36.94,0.08,56.45,17.4,매우 안정
4038159989,김제에스엠씨주식회사,2024,성숙기,0,0.0,68.67,100.0,45.11,0.34,38.59,17.8,매우 안정
4038166821,비이에프주식회사,2016,도입기,0,27.2,67.33,54.88,45.74,0.09,23.87,17.8,매우 안정
4038166821,비이에프주식회사,2017,성장기,0,0.0,69.01,53.96,60.77,0.33,26.22,13.4,매우 안정
4038166821,비이에프주식회사,2018,도입기,0,47.7,45.71,59.52,60.57,0.29,21.25,22.0,매우 안정
4038166821,비이에프주식회사,2019,도입기,0,50.2,70.0,64.49,77.3,12.71,23.07,32.0,안정
4038166821,비이에프주식회사,2020,도입기,1,71.5,100.0,87.2,79.67,86.71,79.29,83.7,매우 위험
4038170081,(주)솔키스아일랜드멱덕우,2017,도입기,0,43.7,69.01,53.96,60.77,0.08,26.03,22.0,매우 안정
4038170081,(주)솔키스아일랜드멱덕우,2018,성장기,0,0.0,45.71,59.52,60.57,0.44,21.58,12.6,매우 안정
4038170081,(주)솔키스아일랜드멱덕우,2019,성숙기,0,0.0,70.0,64.49,64.56,1.19,12.67,14.5,매우 안정
4038170081,(주)솔키스아일랜드멱덕우,2020,성숙기,0,0.0,100.0,87.2,81.02,1.15,11.08,19.0,매우 안정
4038170081,(주)솔키스아일랜드멱덕우,2021,성숙기,0,0.0,60.1,93.3,37.45,19.31,32.03,26.4,매우 안정
4038180629,전북집단에너지주식회사,2015,성숙기,0,8.0,89.44,0.0,,0.04,18.82,,매우 안정
4038180629,전북집단에너지주식회사,2016,성숙기,0,3.7,67.33,54.88,45.74,0.01,23.84,13.1,매우 안정
4038180629,전북집단에너지주식회사,2017,성숙기,0,9.9,69.01,53.96,60.77,0.34,26.29,15.4,매우 안정
4038180629,전북집단에너지주식회사,2018,성숙기,0,3.3,45.71,59.52,59.01,0.45,21.37,13.2,매우 안정
4038180629,전북집단에너지주식회사,2019,성숙기,0,0.0,70.0,64.49,62.14,0.22,11.8,13.8,매우 안정
4038180629,전북집단에너지주식회사,2020,성장기,0,11.2,100.0,87.2,80.24,0.63,11.49,20.9,매우 안정
4038180629,전북집단에너지주식회사,2021,성숙기,0,0.0,60.1,93.3,37.44,0.15,14.05,15.0,매우 안정
4038180629,전북집단에너지주식회사,2022,성숙기,0,0.0,0.0,97.61,49.8,1.56,25.58,14.4,매우 안정
4038180629,전북집단에너지주식회사,2023,성숙기,0,0.0,55.11,98.86,37.29,9.72,60.51,22.9,매우 안정
4038180629,전북집단에너지주식회사,2024,성숙기,1,0.0,68.67,100.0,46.74,7.64,38.32,21.9,매우 안정
4048121657,정읍하수관거주식회사,2015,조정기,0,30.6,89.44,0.0,50.13,0.35,17.87,14.2,매우 안정
4048121657,정읍하수관거주식회사,2016,조정기,0,25.4,67.33,54.88,42.42,0.36,23.89,17.4,매우 안정
4048121657,정읍하수관거주식회사,2017,조정기,0,32.0,69.01,53.96,57.59,0.24,25.94,19.6,매우 안정
4048121657,정읍하수관거주식회사,2018,성숙기,0,3.3,45.71,59.52,58.2,0.06,21.14,12.9,매우 안정
4048121657,정읍하수관거주식회사,2019,성숙기,0,0.0,70.0,64.49,62.21,0.09,12.04,13.7,매우 안정
4048121657,정읍하수관거주식회사,2020,성숙기,0,0.0,100.0,87.2,79.18,0.43,11.42,18.5,매우 안정
4048121657,정읍하수관거주식회사,2021,성숙기,0,0.0,60.1,93.3,37.24,0.16,14.27,15.0,매우 안정
4048121657,정읍하수관거주식회사,2022,성숙기,0,0.0,0.0,97.61,46.38,0.43,24.57,13.5,매우 안정
4048121657,정읍하수관거주식회사,2023,성숙기,0,0.0,55.11,98.86,34.14,0.08,56.54,17.2,매우 안정
4048121657,정읍하수관거주식회사,2024,성숙기,0,0.0,68.67,100.0,41.89,0.38,38.62,17.7,매우 안정
4048130501,(주)이앤에프,2018,도입기,0,47.7,45.71,59.52,60.57,0.01,21.28,21.9,매우 안정
4048130501,(주)이앤에프,2019,도입기,0,50.2,70.0,64.49,64.56,24.61,33.92,38.4,안정
4048130501,(주)이앤에프,2021,도입기,0,72.6,60.1,93.3,37.74,0.03,14.55,29.5,매우 안정
4048130501,(주)이앤에프,2022,도입기,0,56.5,0.0,97.61,85.29,0.22,24.52,26.7,매우 안정
4048130501,(주)이앤에프,2023,도입기,0,89.8,55.11,98.86,64.84,0.11,56.67,36.7,안정
4048130501,(주)이앤에프,2024,도입기,0,100.0,68.67,100.0,100.0,0.15,38.44,40.4,중립
4048136863,(주)현대에너지,2018,성숙기,0,3.3,45.71,59.52,60.57,0.02,21.28,13.0,매우 안정
4048136863,(주)현대에너지,2019,성장기,0,16.9,70.0,64.49,64.56,0.05,12.04,17.2,매우 안정
4048136863,(주)현대에너지,2020,성장기,0,11.2,100.0,87.2,81.25,0.02,11.08,20.6,매우 안정
4048136863,(주)현대에너지,2021,성장기,0,22.2,60.1,93.3,41.85,0.2,14.72,19.7,매우 안정
4048136863,(주)현대에너지,2022,성숙기,0,0.0,0.0,97.61,46.47,2.52,26.36,14.8,매우 안정
4058108701,그린이엔티(주),2019,성숙기,0,0.0,70.0,64.49,64.56,0.02,12.02,13.8,매우 안정
4058108701,그린이엔티(주),2020,조정기,0,16.3,100.0,87.2,81.25,0.08,11.16,21.6,매우 안정
4058108701,그린이엔티(주),2021,성숙기,0,0.0,60.1,93.3,37.74,0.04,14.5,15.0,매우 안정
4058108701,그린이엔티(주),2022,성숙기,0,0.0,0.0,97.61,47.19,0.07,24.38,13.4,매우 안정
4088167408,남해에너지개발(주),2015,조정기,0,30.6,89.44,0.0,51.95,0.04,18.77,14.2,매우 안정
4088167408,남해에너지개발(주),2016,조정기,0,25.4,67.33,54.88,47.93,0.06,23.89,17.6,매우 안정
4088167408,남해에너지개발(주),2017,성숙기,0,9.9,69.01,53.96,62.35,0.02,26.0,15.3,매우 안정
4088167408,남해에너지개발(주),2018,성숙기,0,3.3,45.71,59.52,62.2,0.0,21.27,13.1,매우 안정
4088167408,남해에너지개발(주),2019,성숙기,0,0.0,70.0,64.49,65.62,0.02,12.04,13.8,매우 안정
4088176794,주식회사이메디원,2018,도입기,0,47.7,45.71,59.52,60.57,0.01,21.28,21.9,매우 안정
4088176794,주식회사이메디원,2019,도입기,0,50.2,70.0,64.49,64.56,12.97,23.55,31.5,안정
4088176794,주식회사이메디원,2020,도입기,1,71.5,100.0,87.2,81.25,98.52,89.92,90.8,매우 위험
4088190097,주식회사에너지광주,2015,도입기,0,30.9,89.44,0.0,50.13,9.16,22.31,19.3,매우 안정
4088190097,주식회사에너지광주,2016,성숙기,1,3.7,67.33,54.88,47.65,99.54,96.08,71.5,매우 위험
4088602147,영광백수풍력발전주식회사,2015,성장기,0,0.0,89.44,0.0,49.85,2.86,21.28,9.6,매우 안정
4088602147,영광백수풍력발전주식회사,2016,성숙기,0,3.7,67.33,54.88,45.74,1.59,22.91,13.9,매우 안정
4088602147,영광백수풍력발전주식회사,2017,조정기,0,32.0,69.01,53.96,60.63,0.45,25.15,19.8,매우 안정
4088602147,영광백수풍력발전주식회사,2018,성장기,0,0.0,45.71,59.52,58.99,0.05,20.96,12.3,매우 안정
4088602147,영광백수풍력발전주식회사,2019,성숙기,0,0.0,70.0,64.49,69.24,0.4,12.33,14.2,매우 안정
4088602147,영광백수풍력발전주식회사,2020,성숙기,0,0.0,100.0,87.2,86.61,0.65,11.34,19.0,매우 안정
4088602147,영광백수풍력발전주식회사,2021,성숙기,0,0.0,60.1,93.3,42.76,4.27,18.01,17.7,매우 안정
4088602147,영광백수풍력발전주식회사,2022,성숙기,0,0.0,0.0,97.61,45.27,0.47,20.64,13.3,매우 안정
4088602147,영광백수풍력발전주식회사,2023,조정기,0,32.9,55.11,98.86,33.64,0.06,56.5,23.8,매우 안정
4088602147,영광백수풍력발전주식회사,2024,성숙기,0,0.0,68.67,100.0,42.24,0.57,38.77,17.8,매우 안정
4088602754,전남솔라주식회사,2015,성숙기,0,8.0,89.44,0.0,49.85,3.11,21.47,11.3,매우 안정
4088602754,전남솔라주식회사,2016,성숙기,0,3.7,67.33,54.88,45.74,4.58,25.1,15.7,매우 안정
4088602754,전남솔라주식회사,2017,성숙기,0,9.9,69.01,53.96,64.66,0.15,22.6,15.3,매우 안정
4088602754,전남솔라주식회사,2018,성숙기,0,3.3,45.71,59.52,64.07,0.04,21.2,13.2,매우 안정
4088602754,전남솔라주식회사,2019,성숙기,0,0.0,70.0,64.49,67.34,0.12,12.09,14.0,매우 안정
4088602754,전남솔라주식회사,2020,성숙기,0,0.0,100.0,87.2,83.03,1.38,12.27,19.2,매우 안정
4088602754,전남솔라주식회사,2021,성숙기,0,0.0,60.1,93.3,40.55,0.19,13.33,15.1,매우 안정
4088602754,전남솔라주식회사,2022,성숙기,0,0.0,0.0,97.61,51.79,0.61,24.71,13.9,매우 안정
4088602754,전남솔라주식회사,2023,성숙기,0,0.0,55.11,98.86,38.39,0.04,56.41,17.4,매우 안정
4088602773,영광풍력발전(주),2017,도입기,0,43.7,69.01,53.96,60.77,0.06,26.03,22.0,매우 안정
4088602773,영광풍력발전(주),2018,도입기,0,47.7,45.71,59.52,60.57,0.08,21.3,21.9,매우 안정
4088602773,영광풍력발전(주),2019,도입기,0,50.2,70.0,64.49,64.56,2.71,14.35,25.4,매우 안정
4088602773,영광풍력발전(주),2020,성숙기,0,0.0,100.0,87.2,81.25,1.78,10.28,19.3,매우 안정
4088602773,영광풍력발전(주),2021,성숙기,0,0.0,60.1,93.3,35.72,0.91,13.62,15.3,매우 안정
4088602773,영광풍력발전(주),2022,성숙기,0,0.0,0.0,97.61,43.64,0.67,24.07,13.5,매우 안정
4088602773,영광풍력발전(주),2023,성숙기,0,0.0,55.11,98.86,32.25,0.04,56.37,17.1,매우 안정
4088602773,영광풍력발전(주),2024,성숙기,0,0.0,68.67,100.0,39.59,0.42,38.67,17.6,매우 안정
4088602787,영광약수풍력발전주식회사,2015,도입기,0,30.9,89.44,0.0,49.85,0.1,18.8,14.1,매우 안정
4088602787,영광약수풍력발전주식회사,2016,도입기,0,27.2,67.33,54.88,45.74,0.2,23.95,17.9,매우 안정
4088602787,영광약수풍력발전주식회사,2017,도입기,0,43.7,69.01,53.96,,1.5,27.04,,매우 안정
4088602787,영광약수풍력발전주식회사,2018,성숙기,0,3.3,45.71,59.52,60.57,2.83,22.35,14.6,매우 안정
4088602787,영광약수풍력발전주식회사,2019,성장기,1,16.9,70.0,64.49,63.94,98.05,96.73,75.3,매우 위험
4098100282,(주)금광공사,2019,성숙기,0,0.0,70.0,64.49,64.56,0.02,12.02,13.8,매우 안정
4098100282,(주)금광공사,2020,조정기,0,16.3,100.0,87.2,81.25,0.24,11.31,21.7,매우 안정
4098100282,(주)금광공사,2021,조정기,0,30.2,60.1,93.3,37.74,1.05,15.31,21.6,매우 안정
4098100282,(주)금광공사,2022,조정기,0,27.0,0.0,97.61,47.16,0.54,23.82,19.0,매우 안정
4098100282,(주)금광공사,2023,쇠퇴기,0,100.0,55.11,98.86,34.79,3.47,58.09,39.2,안정
4098100282,(주)금광공사,2024,쇠퇴기,0,68.3,68.67,100.0,42.76,7.27,41.58,35.3,안정
4098111718,(주)진평,2015,성숙기,0,8.0,89.44,0.0,46.54,0.26,18.78,9.5,매우 안정
4098111718,(주)진평,2016,성숙기,0,3.7,67.33,54.88,46.4,4.37,27.15,15.7,매우 안정
4098111718,(주)진평,2017,조정기,0,32.0,69.01,53.96,60.44,1.28,23.63,20.2,매우 안정
4098111718,(주)진평,2018,조정기,0,28.3,45.71,59.52,60.49,0.95,21.02,18.5,매우 안정
4098118351,주식회사창대글로리솔라,2015,조정기,0,30.6,89.44,0.0,49.85,11.12,28.59,20.6,매우 안정
4098118351,주식회사창대글로리솔라,2017,성장기,0,0.0,69.01,53.96,60.77,3.72,26.03,15.2,매우 안정
4098118351,주식회사창대글로리솔라,2018,성숙기,0,3.3,45.71,59.52,62.35,0.06,18.34,13.0,매우 안정
4098118351,주식회사창대글로리솔라,2019,조정기,0,34.0,70.0,64.49,54.25,0.71,12.59,20.5,매우 안정
4098196769,에이치알씨주식회사,2016,성숙기,0,3.7,67.33,54.88,45.74,0.03,23.87,13.1,매우 안정
4098196769,에이치알씨주식회사,2017,성장기,0,0.0,69.01,53.96,60.77,0.22,26.18,13.3,매우 안정
4098196769,에이치알씨주식회사,2021,성숙기,0,0.0,60.1,93.3,37.74,0.01,14.55,15.0,매우 안정
4098196769,에이치알씨주식회사,2022,성숙기,0,0.0,0.0,97.61,68.33,0.06,24.4,14.4,매우 안정
4098196769,에이치알씨주식회사,2023,성숙기,0,0.0,55.11,98.86,50.37,0.04,56.73,18.0,매우 안정
4098196769,에이치알씨주식회사,2024,성숙기,0,0.0,68.67,100.0,70.07,0.0,38.38,18.9,매우 안정
4098608106,남양나주씨앤지주식회사,2015,조정기,0,30.6,89.44,0.0,50.05,0.61,18.69,14.4,매우 안정
4098608106,남양나주씨앤지주식회사,2016,조정기,0,25.4,67.33,54.88,47.26,0.19,23.55,17.6,매우 안정
4098608106,남양나주씨앤지주식회사,2017,성숙기,0,9.9,69.01,53.96,61.79,0.27,26.09,15.4,매우 안정
4098608106,남양나주씨앤지주식회사,2018,성숙기,0,3.3,45.71,59.52,61.16,0.15,21.19,13.1,매우 안정
4098608106,남양나주씨앤지주식회사,2019,조정기,0,34.0,70.0,64.49,65.97,0.22,12.07,20.8,매우 안정
4098608106,남양나주씨앤지주식회사,2020,조정기,0,16.3,100.0,87.2,81.57,0.27,11.16,21.8,매우 안정
4098608106,남양나주씨앤지주식회사,2021,성숙기,0,0.0,60.1,93.3,37.55,0.14,14.4,15.0,매우 안정
4098608106,남양나주씨앤지주식회사,2022,성숙기,0,0.0,0.0,97.61,46.5,0.27,24.46,13.5,매우 안정
4098608106,남양나주씨앤지주식회사,2023,성숙기,0,0.0,55.11,98.86,34.17,0.04,56.6,17.2,매우 안정
4098608106,남양나주씨앤지주식회사,2024,성숙기,0,0.0,68.67,100.0,41.51,0.25,38.55,17.6,매우 안정
4098609779,주식회사디에이치홀딩스,2019,성장기,0,16.9,70.0,64.49,64.56,0.13,12.02,17.2,매우 안정
4098609779,주식회사디에이치홀딩스,2020,조정기,0,16.3,100.0,87.2,81.25,8.51,18.81,26.7,매우 안정
4098609779,주식회사디에이치홀딩스,2021,성장기,0,22.2,60.1,93.3,37.74,12.85,18.32,26.6,매우 안정
4098609779,주식회사디에이치홀딩스,2022,성숙기,0,0.0,0.0,97.61,45.42,8.48,19.34,17.7,매우 안정
4098609779,주식회사디에이치홀딩스,2023,성숙기,0,0.0,55.11,98.86,34.61,0.49,52.12,17.2,매우 안정
4098609779,주식회사디에이치홀딩스,2024,성숙기,0,0.0,68.67,100.0,42.76,3.91,40.88,19.8,매우 안정
4098622530,(주)비오앤,2015,성숙기,0,8.0,89.44,0.0,61.53,2.07,13.27,11.0,매우 안정
4098622530,(주)비오앤,2016,성숙기,0,3.7,67.33,54.88,41.31,2.29,24.09,14.1,매우 안정
4098628311,주식회사탑선태양광1호,2015,성숙기,0,8.0,89.44,0.0,49.85,15.32,32.65,18.6,매우 안정
4098628311,주식회사탑선태양광1호,2016,성숙기,1,3.7,67.33,54.88,45.74,98.76,90.68,70.7,매우 위험
4098631757,코스콘태양광주식회사,2015,성장기,0,0.0,89.44,0.0,49.85,0.16,18.35,8.0,매우 안정
4098631757,코스콘태양광주식회사,2016,성숙기,0,3.7,67.33,54.88,32.76,0.8,24.38,12.9,매우 안정
4098631757,코스콘태양광주식회사,2017,성숙기,0,9.9,69.01,53.96,51.66,0.14,25.52,14.8,매우 안정
4098631757,코스콘태양광주식회사,2018,성숙기,0,3.3,45.71,59.52,46.54,0.09,21.24,12.3,매우 안정
4098631757,코스콘태양광주식회사,2019,성숙기,0,0.0,70.0,64.49,62.07,0.15,12.07,13.7,매우 안정
4098631757,코스콘태양광주식회사,2020,성숙기,0,0.0,100.0,87.2,84.3,0.16,11.12,18.6,매우 안정
4098631757,코스콘태양광주식회사,2021,성숙기,0,0.0,60.1,93.3,41.51,0.1,14.47,15.2,매우 안정
4098631757,코스콘태양광주식회사,2022,성숙기,0,0.0,0.0,97.61,49.16,0.3,24.52,13.6,매우 안정
4098631757,코스콘태양광주식회사,2023,성숙기,0,0.0,55.11,98.86,36.35,0.04,56.59,17.3,매우 안정
4098635374,주식회사탑선태양광2호,2018,도입기,0,47.7,45.71,59.52,60.57,0.17,21.28,22.0,매우 안정
4098635374,주식회사탑선태양광2호,2019,성숙기,0,0.0,70.0,64.49,64.56,0.31,12.14,14.0,매우 안정
4098635374,주식회사탑선태양광2호,2020,성숙기,0,0.0,100.0,87.2,81.25,7.6,17.81,22.9,매우 안정
4098640009,빛고을햇빛발전소(주),2015,성숙기,0,8.0,89.44,0.0,49.85,2.67,21.09,11.1,매우 안정
4098640009,빛고을햇빛발전소(주),2016,성숙기,1,3.7,67.33,54.88,45.74,90.98,94.3,66.6,매우 위험
4098640839,빛고을신재생주식회사,2015,성장기,0,0.0,89.44,0.0,49.85,0.22,18.8,8.0,매우 안정
4098640839,빛고을신재생주식회사,2016,성숙기,0,3.7,67.33,54.88,45.74,1.61,24.98,14.0,매우 안정
4098640839,빛고을신재생주식회사,2017,조정기,0,32.0,69.01,53.96,60.77,1.08,25.62,20.2,매우 안정
4098640839,빛고을신재생주식회사,2018,조정기,0,28.3,45.71,59.52,60.35,0.05,20.46,18.0,매우 안정
4098640839,빛고을신재생주식회사,2019,조정기,0,34.0,70.0,64.49,65.18,0.23,12.17,20.7,매우 안정
4098641731,주식회사포에버,2015,성숙기,0,8.0,89.44,0.0,49.85,0.4,19.0,9.7,매우 안정
4098641731,주식회사포에버,2016,성숙기,0,3.7,67.33,54.88,45.74,0.32,23.81,13.2,매우 안정
4098641731,주식회사포에버,2017,성숙기,0,9.9,69.01,53.96,82.6,0.74,26.35,16.7,매우 안정
4098641731,주식회사포에버,2018,성숙기,0,3.3,45.71,59.52,79.16,0.1,20.77,13.9,매우 안정
4098641731,주식회사포에버,2019,성숙기,0,0.0,70.0,64.49,80.96,0.76,12.6,15.0,매우 안정
4098647996,주식회사그린영암에너지,2018,도입기,0,47.7,45.71,59.52,60.57,0.04,21.28,21.9,매우 안정
4098647996,주식회사그린영암에너지,2019,성숙기,0,0.0,70.0,64.49,64.56,0.55,12.47,14.1,매우 안정
4098647996,주식회사그린영암에너지,2020,성숙기,0,0.0,100.0,87.2,81.25,9.04,18.92,23.7,매우 안정
4098700606,구미맑은물(주),2021,도입기,0,72.6,60.1,93.3,37.74,0.18,14.55,29.6,매우 안정
4098700606,구미맑은물(주),2022,성장기,0,15.4,0.0,97.61,47.02,16.71,38.79,26.3,매우 안정
4098700606,구미맑은물(주),2023,성숙기,0,0.0,55.11,98.86,34.73,13.29,53.55,24.4,매우 안정
4098700606,구미맑은물(주),2024,성숙기,1,0.0,68.67,100.0,37.17,46.72,63.92,44.2,중립
4108118569,(주)해양에너지,2015,성숙기,0,8.0,89.44,0.0,48.93,0.09,18.8,9.5,매우 안정
4108118569,(주)해양에너지,2016,성숙기,0,3.7,67.33,54.88,42.82,0.02,23.81,12.9,매우 안정
4108118569,(주)해양에너지,2017,성숙기,0,9.9,69.01,53.96,57.53,0.03,26.04,15.0,매우 안정
4108118569,(주)해양에너지,2018,성숙기,0,3.3,45.71,59.52,58.2,0.26,21.47,13.0,매우 안정
4108118569,(주)해양에너지,2019,성숙기,0,0.0,70.0,64.49,62.97,0.07,11.84,13.7,매우 안정
4108118569,(주)해양에너지,2020,성숙기,0,0.0,100.0,87.2,79.48,0.11,11.14,18.3,매우 안정
4108118569,(주)해양에너지,2021,성숙기,0,0.0,60.1,93.3,36.73,0.07,14.5,14.9,매우 안정
4108118569,(주)해양에너지,2022,성숙기,0,0.0,0.0,97.61,46.24,0.33,24.57,13.5,매우 안정
4108118569,(주)해양에너지,2023,성숙기,0,0.0,55.11,98.86,34.24,0.13,56.61,17.3,매우 안정
4108118569,(주)해양에너지,2024,성숙기,0,0.0,68.67,100.0,42.48,0.57,38.73,17.8,매우 안정
4108120202,세운철강주식회사,2015,성숙기,0,8.0,89.44,0.0,49.85,1.34,19.93,10.3,매우 안정
4108120202,세운철강주식회사,2016,조정기,0,25.4,67.33,54.88,45.74,16.38,35.89,27.0,매우 안정
4108120202,세운철강주식회사,2017,성숙기,0,9.9,69.01,53.96,59.38,8.03,19.56,19.2,매우 안정
4108120202,세운철강주식회사,2018,쇠퇴기,0,100.0,45.71,59.52,59.78,0.11,14.92,32.0,안정
4108120202,세운철강주식회사,2019,쇠퇴기,0,100.0,70.0,64.49,68.17,6.46,17.67,37.8,안정
4108135758,주식회사명성환경,2015,성숙기,0,8.0,89.44,0.0,49.13,0.25,18.85,9.6,매우 안정
4108135758,주식회사명성환경,2016,성숙기,0,3.7,67.33,54.88,45.81,0.15,23.8,13.2,매우 안정
4108135758,주식회사명성환경,2017,성장기,0,0.0,69.01,53.96,59.61,11.11,34.53,19.7,매우 안정
4108135758,주식회사명성환경,2018,성장기,0,0.0,45.71,59.52,56.66,3.01,14.78,13.5,매우 안정
4108135758,주식회사명성환경,2019,성장기,1,16.9,70.0,64.49,53.23,71.59,73.02,59.0,위험
4108149946,(주)부창자원,2022,성장기,0,15.4,0.0,97.61,47.02,0.13,24.35,16.5,매우 안정
4108149946,(주)부창자원,2023,성숙기,0,0.0,55.11,98.86,34.73,0.18,56.75,17.3,매우 안정
4108149946,(주)부창자원,2024,성숙기,0,0.0,68.67,100.0,42.62,0.37,38.56,17.7,매우 안정
4108151312,주식회사광신스크렙,2015,성장기,0,0.0,89.44,0.0,48.46,3.59,20.2,9.9,매우 안정
4108151312,주식회사광신스크렙,2016,성장기,0,0.0,67.33,54.88,43.29,2.96,23.44,13.8,매우 안정
4108151312,주식회사광신스크렙,2017,성장기,0,0.0,69.01,53.96,59.21,1.32,24.76,13.8,매우 안정
4108151312,주식회사광신스크렙,2018,성장기,0,0.0,45.71,59.52,62.18,0.05,20.26,12.4,매우 안정
4108151312,주식회사광신스크렙,2019,쇠퇴기,0,100.0,70.0,64.49,62.67,0.5,12.42,34.0,안정
4108151312,주식회사광신스크렙,2020,조정기,0,16.3,100.0,87.2,84.11,0.09,10.73,21.8,매우 안정
4108151312,주식회사광신스크렙,2021,성숙기,0,0.0,60.1,93.3,42.19,0.04,14.49,15.2,매우 안정
4108151312,주식회사광신스크렙,2022,쇠퇴기,0,100.0,0.0,97.61,63.45,0.5,24.75,34.4,안정
4108151312,주식회사광신스크렙,2023,도입기,0,89.8,55.11,98.86,46.83,1.61,57.23,36.7,안정
4108151312,주식회사광신스크렙,2024,성장기,0,27.8,68.67,100.0,58.0,0.18,37.62,23.9,매우 안정
4108602757,디와이뱅크(주),2015,성숙기,0,8.0,89.44,0.0,49.85,1.78,20.13,10.6,매우 안정
4108602757,디와이뱅크(주),2016,성장기,0,0.0,67.33,54.88,45.74,2.0,24.08,13.4,매우 안정
4108602757,디와이뱅크(주),2017,성숙기,0,9.9,69.01,53.96,84.34,1.97,26.01,17.4,매우 안정
4108602757,디와이뱅크(주),2018,성숙기,0,3.3,45.71,59.52,81.15,0.44,20.06,14.2,매우 안정
4108602757,디와이뱅크(주),2019,성숙기,0,0.0,70.0,64.49,82.37,1.24,12.72,15.4,매우 안정
4108610790,(주)에스피솔라,2015,조정기,0,30.6,89.44,0.0,50.78,0.78,15.81,14.4,매우 안정
4108610790,(주)에스피솔라,2016,성숙기,0,3.7,67.33,54.88,48.28,0.44,23.62,13.4,매우 안정
4108620584,대경스틸주식회사,2021,성숙기,0,0.0,60.1,93.3,37.74,0.02,14.55,15.0,매우 안정
4108620584,대경스틸주식회사,2022,성장기,0,15.4,0.0,97.61,47.02,0.01,24.35,16.4,매우 안정
4108620584,대경스틸주식회사,2023,성장기,0,27.2,55.11,98.86,34.73,0.01,56.74,22.7,매우 안정
4108620584,대경스틸주식회사,2024,성장기,0,27.8,68.67,100.0,43.89,0.53,38.77,23.4,매우 안정
4108659532,(주)다남솔라,2015,조정기,0,30.6,89.44,0.0,49.85,7.04,24.91,18.2,매우 안정
4108659532,(주)다남솔라,2016,조정기,0,25.4,67.33,54.88,45.74,9.39,25.89,22.7,매우 안정
4108662599,블랙우드(주),2018,성장기,0,0.0,45.71,59.52,60.57,0.02,21.28,12.3,매우 안정
4108662599,블랙우드(주),2019,성숙기,0,0.0,70.0,64.49,,0.24,12.21,,매우 안정
4108662599,블랙우드(주),2020,도입기,0,71.5,100.0,87.2,81.25,0.29,11.16,32.8,안정
4108662599,블랙우드(주),2021,도입기,0,72.6,60.1,93.3,37.74,3.28,17.41,31.4,안정
4108662599,블랙우드(주),2022,도입기,0,56.5,0.0,97.61,42.3,5.0,25.55,27.2,매우 안정
4108662599,블랙우드(주),2023,성장기,0,27.2,55.11,98.86,31.06,0.32,54.04,22.5,매우 안정
4108662599,블랙우드(주),2024,도입기,0,100.0,68.67,100.0,28.65,51.81,74.82,67.1,매우 위험
4118101998,엠씨에너지(주)(MCENERGY),2015,성숙기,0,8.0,89.44,0.0,49.81,0.04,18.76,9.5,매우 안정
4118101998,엠씨에너지(주)(MCENERGY),2016,조정기,0,25.4,67.33,54.88,43.94,0.03,23.86,17.3,매우 안정
4118101998,엠씨에너지(주)(MCENERGY),2017,성숙기,0,9.9,69.01,53.96,58.41,0.08,26.07,15.1,매우 안정
4118101998,엠씨에너지(주)(MCENERGY),2018,성장기,0,0.0,45.71,59.52,59.13,0.04,21.25,12.3,매우 안정
4118101998,엠씨에너지(주)(MCENERGY),2019,성숙기,0,0.0,70.0,64.49,58.61,0.03,12.01,13.5,매우 안정
4118101998,엠씨에너지(주)(MCENERGY),2020,성숙기,0,0.0,100.0,87.2,80.66,0.04,11.12,18.3,매우 안정
4118101998,엠씨에너지(주)(MCENERGY),2021,성숙기,0,0.0,60.1,93.3,37.0,0.02,14.53,14.9,매우 안정
4118101998,엠씨에너지(주)(MCENERGY),2022,성숙기,0,0.0,0.0,97.61,46.45,0.0,24.34,13.3,매우 안정
4118101998,엠씨에너지(주)(MCENERGY),2023,성장기,0,27.2,55.11,98.86,34.29,0.04,56.76,22.7,매우 안정
4118101998,엠씨에너지(주)(MCENERGY),2024,성장기,0,27.8,68.67,100.0,42.57,0.04,38.41,23.1,매우 안정
4118123745,(주)동양환경,2017,성숙기,0,9.9,69.01,53.96,60.77,0.01,26.03,15.2,매우 안정
4118123745,(주)동양환경,2018,조정기,0,28.3,45.71,59.52,63.83,0.01,21.28,18.2,매우 안정
4118123745,(주)동양환경,2019,조정기,0,34.0,70.0,64.49,61.12,0.06,12.06,20.4,매우 안정
4118123745,(주)동양환경,2020,조정기,0,16.3,100.0,87.2,84.47,0.03,11.08,21.8,매우 안정
4118123745,(주)동양환경,2021,성장기,0,22.2,60.1,93.3,39.49,0.02,14.54,19.5,매우 안정
4118123745,(주)동양환경,2022,조정기,0,27.0,0.0,97.61,48.8,3.72,27.59,21.0,매우 안정
4118123745,(주)동양환경,2023,성숙기,0,0.0,55.11,98.86,35.45,0.34,54.77,17.3,매우 안정
4118123745,(주)동양환경,2024,성장기,0,27.8,68.67,100.0,43.54,0.04,38.24,23.1,매우 안정
4118143509,무안환경비젼(주),2015,성숙기,0,8.0,89.44,0.0,47.17,0.05,18.66,9.4,매우 안정
4118143509,무안환경비젼(주),2016,조정기,0,25.4,67.33,54.88,51.02,0.11,23.92,17.7,매우 안정
4118143509,무안환경비젼(주),2017,조정기,0,32.0,69.01,53.96,63.58,0.04,25.97,19.7,매우 안정
4118169227,주식회사대척태양광발전소,2015,성숙기,0,8.0,89.44,0.0,49.85,12.23,29.73,16.8,매우 안정
4118169227,주식회사대척태양광발전소,2016,성숙기,0,3.7,67.33,54.88,45.74,4.4,17.88,15.2,매우 안정
4118169227,주식회사대척태양광발전소,2017,성숙기,0,9.9,69.01,53.96,70.83,0.49,23.0,15.8,매우 안정
4118169227,주식회사대척태양광발전소,2018,성숙기,0,3.3,45.71,59.52,69.63,0.33,21.15,13.6,매우 안정
4118169227,주식회사대척태양광발전소,2019,성장기,0,16.9,70.0,64.49,73.69,0.84,12.46,18.1,매우 안정
4118169227,주식회사대척태양광발전소,2020,성장기,0,11.2,100.0,87.2,75.73,6.44,16.26,24.1,매우 안정
4118169227,주식회사대척태양광발전소,2021,성숙기,0,0.0,60.1,93.3,38.52,0.26,8.26,14.8,매우 안정
4118169227,주식회사대척태양광발전소,2022,성숙기,0,0.0,0.0,97.61,46.02,0.76,24.77,13.7,매우 안정
4118169227,주식회사대척태양광발전소,2023,성숙기,0,0.0,55.11,98.86,33.95,0.11,56.36,17.2,매우 안정
4118169227,주식회사대척태양광발전소,2024,성숙기,0,0.0,68.67,100.0,42.88,0.55,38.73,17.8,매우 안정
4118170160,호남풍력발전주식회사,2015,조정기,0,30.6,89.44,0.0,49.85,0.29,18.89,14.2,매우 안정
4118170160,호남풍력발전주식회사,2016,성숙기,0,3.7,67.33,54.88,45.74,0.08,23.71,13.1,매우 안정
4118170160,호남풍력발전주식회사,2017,성숙기,0,9.9,69.01,53.96,64.11,0.05,26.01,15.4,매우 안정
4118170160,호남풍력발전주식회사,2018,성숙기,0,3.3,45.71,59.52,62.87,0.01,21.25,13.1,매우 안정
4118170160,호남풍력발전주식회사,2019,성숙기,0,0.0,70.0,64.49,62.18,0.1,12.1,13.7,매우 안정
4118170160,호남풍력발전주식회사,2020,성숙기,0,0.0,100.0,87.2,86.68,3.49,14.23,20.7,매우 안정
4118170160,호남풍력발전주식회사,2021,성숙기,0,0.0,60.1,93.3,42.0,0.18,11.18,15.1,매우 안정
4118170160,호남풍력발전주식회사,2022,성숙기,0,0.0,0.0,97.61,53.16,0.27,24.42,13.8,매우 안정
4118170160,호남풍력발전주식회사,2023,성숙기,0,0.0,55.11,98.86,39.56,0.07,56.62,17.5,매우 안정
4118170160,호남풍력발전주식회사,2024,성숙기,0,0.0,68.67,100.0,49.6,0.15,38.46,17.9,매우 안정
4118170286,주식회사금산태양광발전소,2015,성숙기,0,8.0,89.44,0.0,49.85,13.82,30.78,17.7,매우 안정
4118170286,주식회사금산태양광발전소,2016,성숙기,1,3.7,67.33,54.88,45.74,100.0,92.83,71.5,매우 위험
4118181672,주식회사신안그린에너지,2015,도입기,0,30.9,89.44,0.0,49.85,0.11,18.8,14.1,매우 안정
4118181672,주식회사신안그린에너지,2016,도입기,0,27.2,67.33,54.88,45.74,0.8,24.42,18.2,매우 안정
4118181672,주식회사신안그린에너지,2017,도입기,0,43.7,69.01,53.96,60.77,1.86,26.85,23.0,매우 안정
4118181672,주식회사신안그린에너지,2018,도입기,0,47.7,45.71,59.52,61.23,5.33,24.08,25.0,매우 안정
4118181672,주식회사신안그린에너지,2019,도입기,1,50.2,70.0,64.49,40.47,97.1,93.62,80.1,매우 위험
4118182201,자은주민바람발전소(주),2019,도입기,0,50.2,70.0,64.49,64.56,0.08,12.02,23.9,매우 안정
4118182201,자은주민바람발전소(주),2020,도입기,0,71.5,100.0,87.2,81.25,1.24,12.17,33.4,안정
4118182201,자은주민바람발전소(주),2021,도입기,0,72.6,60.1,93.3,37.74,2.02,15.24,30.6,안정
4118182201,자은주민바람발전소(주),2022,도입기,0,56.5,0.0,97.61,46.57,3.5,25.46,26.6,매우 안정
4118182201,자은주민바람발전소(주),2023,도입기,0,89.8,55.11,98.86,34.29,0.8,55.12,35.5,안정
4118182201,자은주민바람발전소(주),2024,도입기,0,100.0,68.67,100.0,41.93,48.16,71.97,65.6,매우 위험
4118188281,(주)원호태양광발전소,2015,도입기,0,30.9,89.44,0.0,49.85,0.21,18.8,14.2,매우 안정
4118188281,(주)원호태양광발전소,2016,도입기,0,27.2,67.33,54.88,45.74,5.93,28.43,21.3,매우 안정
4118188281,(주)원호태양광발전소,2017,도입기,1,43.7,69.01,53.96,60.77,100.0,99.04,80.6,매우 위험
4118192510,군산육상태양광주식회사,2022,성장기,0,15.4,0.0,97.61,47.02,0.24,24.35,16.5,매우 안정
4118192510,군산육상태양광주식회사,2023,성숙기,0,0.0,55.11,98.86,34.73,0.66,56.92,17.6,매우 안정
4118192510,군산육상태양광주식회사,2024,성숙기,0,0.0,68.67,100.0,42.62,0.33,38.26,17.7,매우 안정
4128144461,영암풍력발전(주),2015,조정기,0,30.6,89.44,0.0,50.13,2.95,20.99,15.8,매우 안정
4128144461,영암풍력발전(주),2016,성숙기,0,3.7,67.33,54.88,46.42,1.06,22.42,13.6,매우 안정
4128144461,영암풍력발전(주),2017,성숙기,0,9.9,69.01,53.96,61.33,0.86,25.87,15.7,매우 안정
4128144461,영암풍력발전(주),2018,성숙기,0,3.3,45.71,59.52,60.33,0.08,20.66,13.0,매우 안정
4128144461,영암풍력발전(주),2019,성숙기,0,0.0,70.0,64.49,59.06,0.26,12.17,13.7,매우 안정
4128144461,영암풍력발전(주),2020,조정기,0,16.3,100.0,87.2,82.54,1.04,11.83,22.3,매우 안정
4128144461,영암풍력발전(주),2021,조정기,0,30.2,60.1,93.3,38.63,0.1,13.59,21.0,매우 안정
4128144461,영암풍력발전(주),2022,조정기,0,27.0,0.0,97.61,47.63,0.54,24.74,19.1,매우 안정
4128144461,영암풍력발전(주),2023,성숙기,0,0.0,55.11,98.86,35.13,0.46,56.65,17.5,매우 안정
4128144461,영암풍력발전(주),2024,성숙기,0,0.0,68.67,100.0,43.98,1.15,38.95,18.2,매우 안정
4128147584,(주)강진항촌태양광,2016,도입기,0,27.2,67.33,54.88,45.74,0.04,23.87,17.8,매우 안정
4128147584,(주)강진항촌태양광,2017,성장기,0,0.0,69.01,53.96,,0.05,26.04,,매우 안정
4128147584,(주)강진항촌태양광,2018,성숙기,0,3.3,45.71,59.52,60.57,0.06,21.29,13.0,매우 안정
4128147584,(주)강진항촌태양광,2019,조정기,0,34.0,70.0,64.49,64.56,0.37,12.29,20.8,매우 안정
4128147584,(주)강진항촌태양광,2020,조정기,0,16.3,100.0,87.2,79.83,0.22,10.98,21.6,매우 안정
4128147584,(주)강진항촌태양광,2021,조정기,0,30.2,60.1,93.3,43.3,0.6,14.9,21.6,매우 안정
4128147584,(주)강진항촌태양광,2022,성숙기,0,0.0,0.0,97.61,50.78,0.44,24.16,13.8,매우 안정
4128147584,(주)강진항촌태양광,2023,성숙기,0,0.0,55.11,98.86,36.92,0.32,56.64,17.5,매우 안정
4138801412,창원에너파크주식회사,2019,도입기,0,50.2,70.0,64.49,64.56,0.05,12.02,23.8,매우 안정
4138801412,창원에너파크주식회사,2020,조정기,0,16.3,100.0,87.2,81.25,4.14,14.87,24.1,매우 안정
4138801412,창원에너파크주식회사,2021,성숙기,1,0.0,60.1,93.3,37.74,88.88,96.17,67.9,매우 위험
4148601269,이앤티스소재(주),2018,도입기,0,47.7,45.71,59.52,60.57,0.02,21.28,21.9,매우 안정
4148601269,이앤티스소재(주),2019,성숙기,0,0.0,70.0,64.49,64.56,0.22,12.19,13.9,매우 안정
4148601269,이앤티스소재(주),2020,성숙기,0,0.0,100.0,87.2,81.25,0.65,11.51,18.7,매우 안정
4148601269,이앤티스소재(주),2021,성숙기,0,0.0,60.1,93.3,28.81,0.09,13.97,14.5,매우 안정
4148601269,이앤티스소재(주),2022,성장기,0,15.4,0.0,97.61,33.7,0.2,24.45,15.9,매우 안정
4148601269,이앤티스소재(주),2023,성장기,0,27.2,55.11,98.86,19.16,60.65,85.7,56.7,위험
4148601269,이앤티스소재(주),2024,성숙기,0,0.0,68.67,100.0,26.29,0.47,4.59,15.2,매우 안정
4158123602,(주)혜인산업,2015,성장기,1,0.0,89.44,0.0,49.85,98.22,79.47,65.0,매우 위험
4158131422,아라연환경(주),2015,성숙기,0,8.0,89.44,0.0,41.1,8.9,25.86,14.3,매우 안정
4158131422,아라연환경(주),2016,성숙기,0,3.7,67.33,54.88,43.46,8.81,23.97,17.8,매우 안정
4158131422,아라연환경(주),2017,성숙기,1,9.9,69.01,53.96,58.57,97.06,94.54,71.9,매우 위험
4158132964,농업회사법인미래농산주식회사,2020,도입기,0,71.5,100.0,87.2,81.25,0.38,11.11,32.8,안정
4158132964,농업회사법인미래농산주식회사,2021,성숙기,0,0.0,60.1,93.3,37.74,18.11,31.65,25.8,매우 안정
4158132964,농업회사법인미래농산주식회사,2022,도입기,1,56.5,0.0,97.61,47.02,40.95,42.63,48.1,중립
4158147939,주식회사해남그린에너지,2017,도입기,0,43.7,69.01,53.96,60.77,0.06,26.03,22.0,매우 안정
4158147939,주식회사해남그린에너지,2018,성숙기,0,3.3,45.71,59.52,60.57,1.09,22.11,13.6,매우 안정
4158147939,주식회사해남그린에너지,2019,조정기,0,34.0,70.0,64.49,64.56,0.96,11.89,21.1,매우 안정
4158147939,주식회사해남그린에너지,2020,조정기,0,16.3,100.0,87.2,72.77,0.25,10.46,21.3,매우 안정
4158147939,주식회사해남그린에너지,2021,조정기,0,30.2,60.1,93.3,36.14,0.16,14.44,21.0,매우 안정
4158147939,주식회사해남그린에너지,2022,성숙기,0,0.0,0.0,97.61,43.62,0.82,24.91,13.6,매우 안정
4158147939,주식회사해남그린에너지,2023,성숙기,0,0.0,55.11,98.86,32.01,0.3,56.42,17.2,매우 안정
4158147939,주식회사해남그린에너지,2024,성숙기,0,0.0,68.67,100.0,40.15,0.48,38.58,17.6,매우 안정
4168101275,전남도시가스(주),2015,성숙기,0,8.0,89.44,0.0,48.27,0.04,18.78,9.4,매우 안정
4168101275,전남도시가스(주),2016,성숙기,0,3.7,67.33,54.88,41.59,0.01,23.84,12.9,매우 안정
4168101275,전남도시가스(주),2017,성숙기,0,9.9,69.01,53.96,56.49,0.11,26.11,15.0,매우 안정
4168101275,전남도시가스(주),2018,성숙기,0,3.3,45.71,59.52,57.57,0.05,21.24,12.9,매우 안정
4168101275,전남도시가스(주),2019,성숙기,0,0.0,70.0,64.49,61.23,0.08,12.04,13.7,매우 안정
4168101275,전남도시가스(주),2020,성숙기,0,0.0,100.0,87.2,78.83,0.04,11.07,18.2,매우 안정
4168101275,전남도시가스(주),2021,성숙기,0,0.0,60.1,93.3,37.41,0.13,14.63,15.0,매우 안정
4168101275,전남도시가스(주),2022,성숙기,0,0.0,0.0,97.61,46.98,0.07,24.3,13.4,매우 안정
4168101275,전남도시가스(주),2023,조정기,0,32.9,55.11,98.86,34.86,0.11,56.75,23.9,매우 안정
4168101275,전남도시가스(주),2024,조정기,0,19.7,68.67,100.0,43.31,0.07,38.38,21.5,매우 안정
4168101601,삼진기업주식회사,2015,성장기,0,0.0,89.44,0.0,49.13,0.13,18.8,7.9,매우 안정
4168101601,삼진기업주식회사,2016,성장기,0,0.0,67.33,54.88,48.64,0.58,24.22,12.8,매우 안정
4168101601,삼진기업주식회사,2017,성숙기,0,9.9,69.01,53.96,62.6,0.31,25.83,15.4,매우 안정
4168101601,삼진기업주식회사,2018,성숙기,0,3.3,45.71,59.52,64.36,0.08,21.1,13.2,매우 안정
4168101601,삼진기업주식회사,2019,성숙기,0,0.0,70.0,64.49,66.38,0.1,12.04,13.9,매우 안정
4168101601,삼진기업주식회사,2020,성숙기,0,0.0,100.0,87.2,82.08,0.11,11.12,18.4,매우 안정
4168101601,삼진기업주식회사,2021,성숙기,0,0.0,60.1,93.3,39.02,0.45,14.87,15.3,매우 안정
4168101601,삼진기업주식회사,2022,성장기,0,15.4,0.0,97.61,47.92,0.66,24.5,16.8,매우 안정
4168101601,삼진기업주식회사,2023,성숙기,0,0.0,55.11,98.86,35.22,2.13,57.38,18.4,매우 안정
4168101601,삼진기업주식회사,2024,성장기,0,27.8,68.67,100.0,43.36,53.47,74.98,54.3,위험
4168101732,부국산업주식회사,2015,성숙기,0,8.0,89.44,0.0,48.05,0.49,19.11,9.7,매우 안정
4168101732,부국산업주식회사,2016,조정기,0,25.4,67.33,54.88,45.2,0.31,23.74,17.6,매우 안정
4168101732,부국산업주식회사,2017,조정기,0,32.0,69.01,53.96,59.98,1.23,26.74,20.3,매우 안정
4168101732,부국산업주식회사,2018,성숙기,0,3.3,45.71,59.52,59.78,0.19,20.45,13.0,매우 안정
4168101732,부국산업주식회사,2019,성숙기,0,0.0,70.0,64.49,61.63,0.04,11.88,13.6,매우 안정
4168101732,부국산업주식회사,2020,성숙기,0,0.0,100.0,87.2,78.9,0.06,11.13,18.3,매우 안정
4168101732,부국산업주식회사,2021,성숙기,0,0.0,60.1,93.3,36.36,0.1,14.58,14.9,매우 안정
4168101732,부국산업주식회사,2022,성숙기,0,0.0,0.0,97.61,46.21,0.04,24.3,13.3,매우 안정
4168101732,부국산업주식회사,2023,성숙기,0,0.0,55.11,98.86,34.04,0.03,56.73,17.2,매우 안정
4168101732,부국산업주식회사,2024,성숙기,0,0.0,68.67,100.0,41.97,0.07,38.43,17.5,매우 안정
4168142771,(주)효석,2015,성숙기,0,8.0,89.44,0.0,45.08,0.22,18.26,9.4,매우 안정
4168142771,(주)효석,2016,성숙기,0,3.7,67.33,54.88,49.68,0.45,24.06,13.5,매우 안정
4168142771,(주)효석,2017,성숙기,0,9.9,69.01,53.96,63.43,0.28,25.9,15.4,매우 안정
4168142771,(주)효석,2018,성숙기,0,3.3,45.71,59.52,62.4,0.12,21.15,13.1,매우 안정
4168142771,(주)효석,2019,성숙기,0,0.0,70.0,64.49,61.64,0.08,11.98,13.7,매우 안정
4168142771,(주)효석,2020,성숙기,0,0.0,100.0,87.2,81.4,0.06,11.09,18.4,매우 안정
4168142771,(주)효석,2021,성숙기,0,0.0,60.1,93.3,37.64,0.21,14.69,15.1,매우 안정
4168142771,(주)효석,2022,성숙기,0,0.0,0.0,97.61,45.1,0.47,24.56,13.5,매우 안정
4168142771,(주)효석,2023,성숙기,0,0.0,55.11,98.86,33.1,8.68,60.63,22.1,매우 안정
4168142771,(주)효석,2024,성숙기,0,0.0,68.67,100.0,40.9,3.03,35.66,18.9,매우 안정
4168150887,(주)드림피아,2019,조정기,0,34.0,70.0,64.49,64.56,0.06,12.02,20.6,매우 안정
4168150887,(주)드림피아,2020,성숙기,0,0.0,100.0,87.2,81.25,0.43,11.44,18.6,매우 안정
4168150887,(주)드림피아,2021,조정기,0,30.2,60.1,93.3,37.74,0.27,14.37,21.1,매우 안정
4168150887,(주)드림피아,2022,성숙기,0,0.0,0.0,97.61,46.27,0.15,24.23,13.4,매우 안정
4168150887,(주)드림피아,2023,성숙기,0,0.0,55.11,98.86,34.07,0.44,56.86,17.4,매우 안정
4168150887,(주)드림피아,2024,성숙기,0,0.0,68.67,100.0,41.39,0.12,38.24,17.5,매우 안정
4168167786,씨지앤율촌전력주식회사,2015,성장기,0,0.0,89.44,0.0,52.33,0.58,19.22,8.4,매우 안정
4168167786,씨지앤율촌전력주식회사,2016,성숙기,0,3.7,67.33,54.88,37.23,0.72,23.99,13.1,매우 안정
4168167786,씨지앤율촌전력주식회사,2017,성숙기,0,9.9,69.01,53.96,51.8,0.23,25.65,14.8,매우 안정
4168167786,씨지앤율촌전력주식회사,2018,성숙기,0,3.3,45.71,59.52,52.05,0.06,21.15,12.6,매우 안정
4168167786,씨지앤율촌전력주식회사,2019,성숙기,0,0.0,70.0,64.49,56.03,0.04,12.0,13.4,매우 안정
4168167786,씨지앤율촌전력주식회사,2020,성숙기,0,0.0,100.0,87.2,80.56,0.06,11.13,18.3,매우 안정
4168167786,씨지앤율촌전력주식회사,2021,성숙기,0,0.0,60.1,93.3,39.9,0.07,14.56,15.1,매우 안정
4168167786,씨지앤율촌전력주식회사,2022,성숙기,0,0.0,0.0,97.61,51.77,0.08,24.36,13.6,매우 안정
4168167786,씨지앤율촌전력주식회사,2023,성숙기,0,0.0,55.11,98.86,38.61,0.04,56.71,17.4,매우 안정
4168167786,씨지앤율촌전력주식회사,2024,성숙기,0,0.0,68.67,100.0,48.48,0.0,38.38,17.8,매우 안정
4168174502,주식회사한국태양광발전1호,2015,성숙기,0,8.0,89.44,0.0,47.79,0.17,18.5,9.5,매우 안정
4168174502,주식회사한국태양광발전1호,2016,성숙기,0,3.7,67.33,54.88,46.31,0.12,23.84,13.2,매우 안정
4168177756,순천에코그린,2015,도입기,0,30.9,89.44,0.0,50.13,13.05,26.35,21.7,매우 안정
4168177756,순천에코그린,2016,조정기,1,25.4,67.33,54.88,60.18,94.03,88.67,73.1,매우 위험
4168189849,주식회사아이오,2016,성장기,0,0.0,67.33,54.88,45.74,0.11,23.87,12.4,매우 안정
4168189849,주식회사아이오,2017,성숙기,0,9.9,69.01,53.96,60.77,3.39,28.57,17.2,매우 안정
4168189849,주식회사아이오,2018,쇠퇴기,1,100.0,45.71,59.52,60.57,99.41,98.62,90.9,매우 위험
4168190967,주식회사나라산업,2021,성장기,0,22.2,60.1,93.3,37.74,0.04,14.55,19.4,매우 안정
4168190967,주식회사나라산업,2022,성장기,0,15.4,0.0,97.61,47.02,0.08,24.39,16.5,매우 안정
4168190967,주식회사나라산업,2023,성장기,0,27.2,55.11,98.86,34.73,0.03,56.71,22.7,매우 안정
4168190967,주식회사나라산업,2024,성장기,0,27.8,68.67,100.0,41.54,0.8,38.95,23.5,매우 안정
4168196786,(주)진슬태양광,2015,성숙기,0,8.0,89.44,0.0,49.85,0.25,18.75,9.6,매우 안정
4168196786,(주)진슬태양광,2016,성숙기,0,3.7,67.33,54.88,45.74,0.13,23.78,13.1,매우 안정
4168196786,(주)진슬태양광,2017,성숙기,0,9.9,69.01,53.96,68.01,0.18,26.07,15.6,매우 안정
4168196786,(주)진슬태양광,2018,성숙기,0,3.3,45.71,59.52,67.01,0.02,21.15,13.3,매우 안정
4168196786,(주)진슬태양광,2019,성숙기,0,0.0,70.0,64.49,71.11,0.11,12.1,14.2,매우 안정
4168196786,(주)진슬태양광,2020,성숙기,0,0.0,100.0,87.2,85.45,0.1,11.1,18.6,매우 안정
4168196786,(주)진슬태양광,2021,성숙기,0,0.0,60.1,93.3,40.31,0.97,15.38,15.7,매우 안정
4168196786,(주)진슬태양광,2022,성숙기,0,0.0,0.0,97.61,47.83,2.15,25.3,14.6,매우 안정
4168196786,(주)진슬태양광,2023,성숙기,0,0.0,55.11,98.86,35.16,2.56,56.74,18.6,매우 안정
4168196786,(주)진슬태양광,2024,쇠퇴기,0,68.3,68.67,100.0,43.58,52.7,74.18,62.0,매우 위험
4178105459,(주)와이엔텍,2015,성숙기,0,8.0,89.44,0.0,48.44,0.02,18.77,9.4,매우 안정
4178105459,(주)와이엔텍,2016,성숙기,0,3.7,67.33,54.88,46.56,0.04,23.89,13.1,매우 안정
4178105459,(주)와이엔텍,2017,성장기,0,0.0,69.01,53.96,61.9,0.08,26.06,13.3,매우 안정
4178105459,(주)와이엔텍,2018,성장기,0,0.0,45.71,59.52,62.52,0.04,21.25,12.4,매우 안정
4178105459,(주)와이엔텍,2019,성장기,0,16.9,70.0,64.49,67.37,0.06,12.04,17.3,매우 안정
4178105459,(주)와이엔텍,2020,성장기,0,11.2,100.0,87.2,79.16,0.02,11.07,20.5,매우 안정
4178105459,(주)와이엔텍,2021,성숙기,0,0.0,60.1,93.3,37.17,0.1,14.62,15.0,매우 안정
4178105459,(주)와이엔텍,2022,성숙기,0,0.0,0.0,97.61,45.07,0.19,24.43,13.3,매우 안정
4178105459,(주)와이엔텍,2023,성숙기,0,0.0,55.11,98.86,33.12,0.06,56.66,17.2,매우 안정
4178105459,(주)와이엔텍,2024,성장기,0,27.8,68.67,100.0,41.22,0.1,38.44,23.0,매우 안정
4178113721,씨지앤코리아홀딩스주식회사,2015,성장기,0,0.0,89.44,0.0,53.67,1.11,19.27,8.7,매우 안정
4178113721,씨지앤코리아홀딩스주식회사,2016,조정기,0,25.4,67.33,54.88,37.63,0.34,23.28,17.2,매우 안정
4178113721,씨지앤코리아홀딩스주식회사,2017,성숙기,0,9.9,69.01,53.96,52.73,0.15,25.88,14.8,매우 안정
4178113721,씨지앤코리아홀딩스주식회사,2018,성숙기,0,3.3,45.71,59.52,53.49,0.03,21.19,12.6,매우 안정
4178113721,씨지앤코리아홀딩스주식회사,2019,성숙기,0,0.0,70.0,64.49,51.5,0.06,12.04,13.2,매우 안정
4178113721,씨지앤코리아홀딩스주식회사,2020,성숙기,0,0.0,100.0,87.2,80.34,0.19,11.23,18.4,매우 안정
4178113721,씨지앤코리아홀딩스주식회사,2021,성숙기,0,0.0,60.1,93.3,39.99,0.14,14.48,15.1,매우 안정
4178113721,씨지앤코리아홀딩스주식회사,2022,성숙기,0,0.0,0.0,97.61,45.43,0.34,24.52,13.4,매우 안정
4178113721,씨지앤코리아홀딩스주식회사,2023,성숙기,0,0.0,55.11,98.86,34.57,0.01,56.55,17.2,매우 안정
4178113721,씨지앤코리아홀딩스주식회사,2024,성숙기,0,0.0,68.67,100.0,43.35,0.36,38.65,17.7,매우 안정
4178121269,씨이케이주식회사,2015,성숙기,0,8.0,89.44,0.0,48.76,0.06,18.73,9.5,매우 안정
4178121269,씨이케이주식회사,2016,성장기,0,0.0,67.33,54.88,51.72,0.08,23.89,12.7,매우 안정
4178121269,씨이케이주식회사,2017,성장기,0,0.0,69.01,53.96,68.0,0.06,26.01,13.6,매우 안정
4178121269,씨이케이주식회사,2018,성장기,0,0.0,45.71,59.52,74.58,0.05,21.28,13.1,매우 안정
4178121269,씨이케이주식회사,2019,조정기,0,34.0,70.0,64.49,77.84,0.03,12.0,21.3,매우 안정
4178121269,씨이케이주식회사,2020,성숙기,0,0.0,100.0,87.2,94.82,0.05,11.13,19.0,매우 안정
4178121269,씨이케이주식회사,2021,성숙기,0,0.0,60.1,93.3,48.39,0.1,14.59,15.5,매우 안정
4178121269,씨이케이주식회사,2022,성숙기,0,0.0,0.0,97.61,50.78,3.06,26.94,15.3,매우 안정
4178121269,씨이케이주식회사,2023,성숙기,0,0.0,55.11,98.86,37.39,2.94,56.4,18.9,매우 안정
4178121269,씨이케이주식회사,2024,성장기,0,27.8,68.67,100.0,47.63,56.06,76.35,56.0,위험
4178131976,(주)제일이앤씨,2022,성장기,0,15.4,0.0,97.61,47.02,0.05,24.35,16.4,매우 안정
4178131976,(주)제일이앤씨,2023,성장기,0,27.2,55.11,98.86,34.73,0.0,56.71,22.7,매우 안정
4178131976,(주)제일이앤씨,2024,성장기,0,27.8,68.67,100.0,42.62,1.73,39.62,24.1,매우 안정
4178138800,보임열병합발전주식회사,2015,성숙기,1,8.0,89.44,0.0,59.09,92.66,91.48,64.6,매우 위험
4188103911,전북도시가스(주),2015,성장기,0,0.0,89.44,0.0,48.92,0.23,18.77,8.0,매우 안정
4188103911,전북도시가스(주),2016,성장기,0,0.0,67.33,54.88,42.83,0.11,23.78,12.2,매우 안정
4188103911,전북도시가스(주),2017,조정기,0,32.0,69.01,53.96,57.4,0.79,26.55,19.9,매우 안정
4188103911,전북도시가스(주),2018,성숙기,0,3.3,45.71,59.52,58.08,0.14,20.77,12.9,매우 안정
4188103911,전북도시가스(주),2019,성숙기,0,0.0,70.0,64.49,61.97,0.13,12.01,13.7,매우 안정
4188103911,전북도시가스(주),2020,성숙기,0,0.0,100.0,87.2,79.02,0.06,11.04,18.3,매우 안정
4188103911,전북도시가스(주),2021,성숙기,0,0.0,60.1,93.3,36.61,0.13,14.61,15.0,매우 안정
4188103911,전북도시가스(주),2022,성숙기,0,0.0,0.0,97.61,46.12,0.18,24.39,13.4,매우 안정
4188103911,전북도시가스(주),2023,조정기,0,32.9,55.11,98.86,34.24,0.83,57.04,24.2,매우 안정
4188103911,전북도시가스(주),2024,성숙기,0,0.0,68.67,100.0,42.6,0.46,38.26,17.7,매우 안정
4188111949,(주)개암이엔티,2022,성장기,0,15.4,0.0,97.61,47.02,0.24,24.35,16.5,매우 안정
4188111949,(주)개암이엔티,2023,성장기,0,27.2,55.11,98.86,34.73,1.56,57.35,23.5,매우 안정
4188111949,(주)개암이엔티,2024,성장기,0,27.8,68.67,100.0,42.62,6.58,42.17,26.9,매우 안정
4188117792,주식회사전주원파워,2015,성숙기,0,8.0,89.44,0.0,50.15,11.62,22.87,16.1,매우 안정
4188117792,주식회사전주원파워,2016,성숙기,1,3.7,67.33,54.88,46.81,52.25,56.49,43.5,중립
4188150715,주식회사전주파워,2015,도입기,0,30.9,89.44,0.0,49.85,1.13,19.59,14.7,매우 안정
4188150715,주식회사전주파워,2016,도입기,0,27.2,67.33,54.88,45.74,1.83,24.45,18.8,매우 안정
4188150715,주식회사전주파워,2017,도입기,0,43.7,69.01,53.96,61.71,0.03,24.64,21.9,매우 안정
4188150715,주식회사전주파워,2018,성숙기,0,3.3,45.71,59.52,61.23,0.11,21.35,13.1,매우 안정
4188150715,주식회사전주파워,2019,성숙기,0,0.0,70.0,64.49,64.38,0.04,11.95,13.8,매우 안정
4188150715,주식회사전주파워,2020,성숙기,0,0.0,100.0,87.2,85.12,0.54,11.56,18.9,매우 안정
4188150715,주식회사전주파워,2021,조정기,0,30.2,60.1,93.3,41.5,0.19,14.19,21.3,매우 안정
4188150715,주식회사전주파워,2022,성숙기,0,0.0,0.0,97.61,54.97,0.12,24.27,13.8,매우 안정
4188150715,주식회사전주파워,2023,조정기,0,32.9,55.11,98.86,41.15,0.07,56.71,24.2,매우 안정
4188150715,주식회사전주파워,2024,성숙기,0,0.0,68.67,100.0,51.7,0.07,38.41,18.0,매우 안정
4358101859,춘천그린에너지주식회사,2022,도입기,0,56.5,0.0,97.61,47.02,0.24,24.35,24.8,매우 안정
4358101859,춘천그린에너지주식회사,2023,성장기,0,27.2,55.11,98.86,34.73,3.87,58.46,24.9,매우 안정
4358101859,춘천그린에너지주식회사,2024,성숙기,0,0.0,68.67,100.0,,0.89,36.85,,매우 안정
4388102084,주식회사김해이앤아이,2021,도입기,0,72.6,60.1,93.3,37.74,0.15,14.55,29.6,매우 안정
4388102084,주식회사김해이앤아이,2022,도입기,0,56.5,0.0,97.61,47.02,5.98,29.44,28.2,매우 안정
4388102084,주식회사김해이앤아이,2023,도입기,0,89.8,55.11,98.86,34.73,0.87,53.74,35.5,안정
4388102084,주식회사김해이앤아이,2024,도입기,0,100.0,68.67,100.0,42.16,8.47,43.89,42.4,중립
4418600942,(주)넥스포에너지,2021,성숙기,0,0.0,60.1,93.3,37.74,0.13,14.55,15.0,매우 안정
4418600942,(주)넥스포에너지,2022,성숙기,0,0.0,0.0,97.61,47.02,0.51,24.68,13.6,매우 안정
4418600942,(주)넥스포에너지,2023,성숙기,0,0.0,55.11,98.86,34.73,0.13,56.51,17.3,매우 안정
4418600942,(주)넥스포에너지,2024,성숙기,0,0.0,68.67,100.0,42.28,0.73,38.84,17.9,매우 안정
4418800515,주식회사이에스알씨,2017,성장기,0,0.0,69.01,53.96,60.77,0.1,26.03,13.2,매우 안정
4418800515,주식회사이에스알씨,2018,성숙기,0,3.3,45.71,59.52,,0.65,21.73,,매우 안정
4418800515,주식회사이에스알씨,2019,성숙기,0,0.0,70.0,64.49,64.56,0.43,11.81,14.0,매우 안정
4418800515,주식회사이에스알씨,2020,성숙기,0,0.0,100.0,87.2,81.25,0.06,10.77,18.4,매우 안정
4418800515,주식회사이에스알씨,2021,성숙기,0,0.0,60.1,93.3,34.65,0.01,14.49,14.8,매우 안정
4418800515,주식회사이에스알씨,2022,성숙기,0,0.0,0.0,97.61,46.37,0.04,24.38,13.3,매우 안정
4418800515,주식회사이에스알씨,2023,성숙기,0,0.0,55.11,98.86,33.48,0.01,56.73,17.2,매우 안정
4418800515,주식회사이에스알씨,2024,성장기,0,27.8,68.67,100.0,41.71,0.02,38.41,23.0,매우 안정
4428700791,경기이엔티주식회사,2017,쇠퇴기,0,100.0,69.01,53.96,60.77,0.04,26.03,33.2,안정
4428700791,경기이엔티주식회사,2018,조정기,0,28.3,45.71,59.52,60.57,0.01,21.26,18.0,매우 안정
4428700791,경기이엔티주식회사,2019,조정기,0,34.0,70.0,64.49,64.56,0.02,12.03,20.6,매우 안정
4428700791,경기이엔티주식회사,2020,조정기,0,16.3,100.0,87.2,83.55,0.09,11.17,21.8,매우 안정
4428700791,경기이엔티주식회사,2021,성숙기,0,0.0,60.1,93.3,40.73,0.02,14.47,15.1,매우 안정
4428700791,경기이엔티주식회사,2022,성숙기,0,0.0,0.0,97.61,47.74,0.04,24.37,13.4,매우 안정
4428700791,경기이엔티주식회사,2023,성숙기,0,0.0,55.11,98.86,34.89,0.01,56.73,17.2,매우 안정
4428700791,경기이엔티주식회사,2024,성숙기,0,0.0,68.67,100.0,43.5,0.18,38.52,17.6,매우 안정
4468101257,인천연료전지(주),2019,조정기,0,34.0,70.0,64.49,64.56,0.07,12.02,20.6,매우 안정
4468101257,인천연료전지(주),2020,도입기,0,71.5,100.0,87.2,81.25,1.68,12.58,33.6,안정
4468101257,인천연료전지(주),2021,도입기,0,72.6,60.1,93.3,37.74,1.12,13.93,30.1,안정
4468101257,인천연료전지(주),2022,도입기,0,56.5,0.0,97.61,46.57,6.82,29.23,28.6,매우 안정
4468101257,인천연료전지(주),2023,성숙기,0,0.0,55.11,98.86,35.65,8.48,56.91,21.9,매우 안정
4468101257,인천연료전지(주),2024,성숙기,1,0.0,68.67,100.0,45.49,72.02,84.5,59.5,위험
4518600954,시흥맑은물사랑주식회사,2017,도입기,0,43.7,69.01,53.96,60.77,0.06,26.03,22.0,매우 안정
4518600954,시흥맑은물사랑주식회사,2018,성장기,0,0.0,45.71,59.52,60.57,0.03,21.26,12.3,매우 안정
4518600954,시흥맑은물사랑주식회사,2019,성장기,0,16.9,70.0,64.49,64.56,0.22,12.18,17.3,매우 안정
4518600954,시흥맑은물사랑주식회사,2020,성장기,0,11.2,100.0,87.2,55.84,0.6,11.46,19.7,매우 안정
4518600954,시흥맑은물사랑주식회사,2021,조정기,0,30.2,60.1,93.3,17.72,0.53,14.45,20.3,매우 안정
4518600954,시흥맑은물사랑주식회사,2022,성숙기,0,0.0,0.0,97.61,38.34,1.23,24.91,13.6,매우 안정
4518600954,시흥맑은물사랑주식회사,2023,성숙기,0,0.0,55.11,98.86,26.11,0.17,56.12,16.8,매우 안정
4518600954,시흥맑은물사랑주식회사,2024,성숙기,0,0.0,68.67,100.0,34.54,1.1,39.08,17.7,매우 안정
4598800573,영광열병합발전주식회사,2020,도입기,0,71.5,100.0,87.2,81.25,0.09,11.11,32.7,안정
4598800573,영광열병합발전주식회사,2021,도입기,0,72.6,60.1,93.3,37.74,1.43,15.83,30.3,안정
4598800573,영광열병합발전주식회사,2022,도입기,0,56.5,0.0,97.61,47.02,4.35,26.77,27.1,매우 안정
4598800573,영광열병합발전주식회사,2023,도입기,0,89.8,55.11,98.86,34.29,0.46,54.48,35.3,안정
4598800573,영광열병합발전주식회사,2024,도입기,0,100.0,68.67,100.0,42.16,4.62,41.4,40.2,중립
4628801165,태형산업(주),2022,도입기,0,56.5,0.0,97.61,47.02,0.2,24.35,24.7,매우 안정
4628801165,태형산업(주),2023,도입기,0,89.8,55.11,98.86,34.73,19.36,65.91,46.3,중립
4628801165,태형산업(주),2024,도입기,1,100.0,68.67,100.0,42.62,43.96,58.55,62.7,매우 위험
4668800848,주식회사효진알이씨,2018,도입기,0,47.7,45.71,59.52,60.57,0.01,21.28,21.9,매우 안정
4668800848,주식회사효진알이씨,2019,성숙기,0,0.0,70.0,64.49,64.56,0.09,12.09,13.8,매우 안정
4668800848,주식회사효진알이씨,2020,성장기,0,11.2,100.0,87.2,81.25,0.1,11.12,20.6,매우 안정
4668800848,주식회사효진알이씨,2021,성장기,0,22.2,60.1,93.3,27.51,0.13,14.57,19.0,매우 안정
4668800848,주식회사효진알이씨,2022,성장기,0,15.4,0.0,97.61,34.02,0.39,24.57,16.0,매우 안정
4668800848,주식회사효진알이씨,2023,성장기,0,27.2,55.11,98.86,17.8,0.08,56.56,21.8,매우 안정
4668800848,주식회사효진알이씨,2024,성장기,0,27.8,68.67,100.0,23.63,0.02,38.37,22.1,매우 안정
4678101443,지에스차지비주식회사,2021,성장기,0,22.2,60.1,93.3,37.74,0.02,14.55,19.4,매우 안정
4678101443,지에스차지비주식회사,2022,성숙기,0,0.0,0.0,97.61,47.02,3.51,27.4,15.4,매우 안정
4678101443,지에스차지비주식회사,2023,성장기,0,27.2,55.11,98.86,34.73,0.8,55.12,23.0,매우 안정
4678101443,지에스차지비주식회사,2024,도입기,0,100.0,68.67,100.0,37.09,7.92,43.54,41.8,중립
4678601297,여주에너지서비스,2019,도입기,0,50.2,70.0,64.49,64.56,0.07,12.02,23.9,매우 안정
4678601297,여주에너지서비스,2020,도입기,0,71.5,100.0,87.2,81.25,3.8,14.54,34.9,안정
4678601297,여주에너지서비스,2021,도입기,1,72.6,60.1,93.3,37.74,81.62,89.5,78.1,매우 위험
4678601375,에이치이에스에스주식회사,2019,성장기,0,16.9,70.0,64.49,64.56,0.17,12.02,17.3,매우 안정
4678601375,에이치이에스에스주식회사,2020,성장기,0,11.2,100.0,87.2,81.25,7.77,18.09,25.2,매우 안정
4678601375,에이치이에스에스주식회사,2021,성장기,1,22.2,60.1,93.3,37.74,88.26,91.89,71.8,매우 위험
4688801407,고덕청정에너지주식회사,2022,도입기,0,56.5,0.0,97.61,47.02,0.31,24.35,24.8,매우 안정
4688801407,고덕청정에너지주식회사,2023,성장기,0,27.2,55.11,98.86,34.73,0.13,56.62,22.7,매우 안정
4688801407,고덕청정에너지주식회사,2024,성숙기,0,0.0,68.67,100.0,42.62,2.02,39.76,18.7,매우 안정
4698100270,광양그린에너지주식회사,2017,도입기,0,43.7,69.01,53.96,60.77,0.09,26.03,22.0,매우 안정
4698100270,광양그린에너지주식회사,2018,조정기,0,28.3,45.71,59.52,60.57,0.07,21.27,18.0,매우 안정
4698100270,광양그린에너지주식회사,2019,조정기,0,34.0,70.0,64.49,64.56,2.14,13.86,21.8,매우 안정
4698100270,광양그린에너지주식회사,2020,조정기,0,16.3,100.0,87.2,81.25,1.59,10.62,22.4,매우 안정
4698100270,광양그린에너지주식회사,2021,조정기,0,30.2,60.1,93.3,37.53,7.78,20.44,25.6,매우 안정
4698100270,광양그린에너지주식회사,2022,도입기,0,56.5,0.0,97.61,46.34,7.74,23.59,28.8,매우 안정
4698100270,광양그린에너지주식회사,2023,도입기,0,89.8,55.11,98.86,34.07,1.25,52.92,35.6,안정
4698100270,광양그린에너지주식회사,2024,도입기,0,100.0,68.67,100.0,41.93,7.06,42.68,41.5,중립
4778601260,주식회사명송,2018,도입기,0,47.7,45.71,59.52,60.57,0.01,21.28,21.9,매우 안정
4778601260,주식회사명송,2019,도입기,0,50.2,70.0,64.49,64.56,6.04,17.38,27.4,매우 안정
4778601260,주식회사명송,2020,도입기,0,71.5,100.0,87.2,,0.48,6.04,,매우 안정
4778601260,주식회사명송,2021,쇠퇴기,0,100.0,60.1,93.3,37.74,15.1,28.64,44.0,중립
4778601260,주식회사명송,2022,도입기,0,56.5,0.0,97.61,48.42,22.96,29.82,37.6,안정
4778601260,주식회사명송,2023,성숙기,0,0.0,55.11,98.86,35.34,0.32,43.76,16.8,매우 안정
4778601260,주식회사명송,2024,성숙기,0,0.0,68.67,100.0,40.29,0.21,38.37,17.5,매우 안정
4798601500,비금주민태양광발전(주),2021,도입기,0,72.6,60.1,93.3,37.74,0.42,14.55,29.7,매우 안정
4798601500,비금주민태양광발전(주),2022,도입기,0,56.5,0.0,97.61,47.02,13.37,35.64,32.5,안정
4798601500,비금주민태양광발전(주),2023,도입기,0,89.8,55.11,98.86,34.73,1.32,49.73,35.6,안정
4798601500,비금주민태양광발전(주),2024,도입기,0,100.0,68.67,100.0,42.16,28.71,57.93,54.2,위험
4808600345,주식회사준규솔라,2017,성장기,0,0.0,69.01,53.96,60.77,0.09,26.03,13.2,매우 안정
4808600345,주식회사준규솔라,2018,성장기,0,0.0,45.71,59.52,60.57,0.42,21.55,12.6,매우 안정
4808600345,주식회사준규솔라,2019,성장기,0,16.9,70.0,64.49,64.56,11.42,21.8,23.9,매우 안정
4878101622,케이솔라일호주식회사,2021,성숙기,0,0.0,60.1,93.3,37.74,0.27,14.55,15.1,매우 안정
4878101622,케이솔라일호주식회사,2022,성숙기,0,0.0,0.0,97.61,47.02,9.72,32.6,19.1,매우 안정
4878101622,케이솔라일호주식회사,2023,성숙기,0,0.0,55.11,98.86,34.73,8.06,55.04,21.6,매우 안정
4878101622,케이솔라일호주식회사,2024,조정기,0,19.7,68.67,100.0,44.35,69.15,82.71,61.8,매우 위험
4878801131,주식회사검바위솔라,2021,도입기,0,72.6,60.1,93.3,37.74,0.13,14.55,29.5,매우 안정
4878801131,주식회사검바위솔라,2022,도입기,0,56.5,0.0,97.61,47.02,2.26,26.21,26.0,매우 안정
4878801131,주식회사검바위솔라,2023,도입기,0,89.8,55.11,98.86,34.73,3.4,57.08,37.1,안정
4878801131,주식회사검바위솔라,2024,도입기,0,100.0,68.67,100.0,42.16,6.84,41.32,41.4,중립
4908800308,삼영이앤이(주),2019,도입기,0,50.2,70.0,64.49,64.56,0.13,12.02,23.9,매우 안정
4908800308,삼영이앤이(주),2020,성장기,0,11.2,100.0,87.2,81.25,0.38,11.33,20.8,매우 안정
4908800308,삼영이앤이(주),2021,성숙기,0,0.0,60.1,93.3,37.74,15.22,28.87,24.0,매우 안정
4908800308,삼영이앤이(주),2022,성장기,0,15.4,0.0,97.61,49.35,3.91,13.04,18.1,매우 안정
4908800308,삼영이앤이(주),2023,성숙기,0,0.0,55.11,98.86,37.25,0.11,54.56,17.3,매우 안정
4908800308,삼영이앤이(주),2024,성숙기,0,0.0,68.67,100.0,48.1,0.92,38.99,18.3,매우 안정
4938701731,한남환경(주),2022,도입기,0,56.5,0.0,97.61,47.02,0.21,24.35,24.7,매우 안정
4938701731,한남환경(주),2023,성장기,0,27.2,55.11,98.86,34.73,35.48,73.63,43.0,중립
4938701731,한남환경(주),2024,조정기,0,19.7,68.67,100.0,42.62,47.78,52.17,48.4,중립
4948700623,영암태양광발전주식회사,2019,도입기,0,50.2,70.0,64.49,64.56,0.13,12.02,23.9,매우 안정
4948700623,영암태양광발전주식회사,2020,도입기,0,71.5,100.0,87.2,81.25,12.87,22.82,40.3,중립
4948700623,영암태양광발전주식회사,2021,도입기,0,72.6,60.1,93.3,37.74,0.29,1.77,29.0,매우 안정
4948700623,영암태양광발전주식회사,2022,조정기,0,27.0,0.0,97.61,59.57,0.6,24.61,19.7,매우 안정
4948700623,영암태양광발전주식회사,2023,성숙기,0,0.0,55.11,98.86,43.68,0.15,56.47,17.7,매우 안정
4948700623,영암태양광발전주식회사,2024,성숙기,0,0.0,68.67,100.0,59.85,0.7,38.81,18.8,매우 안정
4948701127,부산산업태양광주식회사,2020,성장기,0,11.2,100.0,87.2,81.25,0.1,11.11,20.6,매우 안정
4948701127,부산산업태양광주식회사,2021,도입기,0,72.6,60.1,93.3,,0.42,14.84,,매우 안정
4948701127,부산산업태양광주식회사,2022,성장기,0,15.4,0.0,97.61,47.02,0.53,24.42,16.7,매우 안정
4948701127,부산산업태양광주식회사,2023,조정기,0,32.9,55.11,98.86,34.73,0.27,56.56,23.9,매우 안정
4948701127,부산산업태양광주식회사,2024,성숙기,0,0.0,68.67,100.0,51.08,1.04,38.99,18.5,매우 안정
4948800917,주식회사이원신재생에너지복지마을,2022,도입기,0,56.5,0.0,97.61,47.02,0.54,24.35,24.9,매우 안정
4948800917,주식회사이원신재생에너지복지마을,2023,도입기,0,89.8,55.11,98.86,34.73,5.75,59.19,38.5,안정
4948800917,주식회사이원신재생에너지복지마을,2024,도입기,0,100.0,68.67,100.0,42.62,19.04,48.61,48.5,중립
4988700998,(주)성원에너지,2019,성장기,0,16.9,70.0,64.49,64.56,0.14,12.02,17.2,매우 안정
4988700998,(주)성원에너지,2020,도입기,0,71.5,100.0,87.2,81.25,0.64,11.56,33.0,안정
4988700998,(주)성원에너지,2021,조정기,0,30.2,60.1,93.3,37.74,2.65,16.45,22.5,매우 안정
4988700998,(주)성원에너지,2022,성숙기,0,0.0,0.0,97.61,32.22,1.52,23.13,13.4,매우 안정
4988700998,(주)성원에너지,2023,조정기,0,32.9,55.11,98.86,22.97,0.51,56.11,23.5,매우 안정
4988700998,(주)성원에너지,2024,조정기,0,19.7,68.67,100.0,22.91,7.21,43.21,24.6,매우 안정
5028102065,동신주식회사,2016,도입기,0,27.2,67.33,54.88,45.74,0.07,23.87,17.8,매우 안정
5028102065,동신주식회사,2017,성숙기,0,9.9,69.01,53.96,60.77,29.66,48.99,32.6,안정
5028102065,동신주식회사,2018,조정기,1,28.3,45.71,59.52,60.57,86.5,67.11,67.9,매우 위험
5028605368,대구그린파워주식회사,2015,성숙기,0,8.0,89.44,0.0,,0.78,17.34,,매우 안정
5028605368,대구그린파워주식회사,2016,성숙기,0,3.7,67.33,54.88,45.74,23.96,42.36,27.2,매우 안정
5028605368,대구그린파워주식회사,2017,성숙기,0,9.9,69.01,53.96,60.77,27.83,29.06,30.6,안정
5028605368,대구그린파워주식회사,2018,성숙기,0,3.3,45.71,59.52,60.37,1.35,0.0,12.7,매우 안정
5028605368,대구그린파워주식회사,2019,성숙기,0,0.0,70.0,64.49,61.96,0.8,11.51,14.1,매우 안정
5028605368,대구그린파워주식회사,2020,성숙기,0,0.0,100.0,87.2,79.03,2.72,12.88,19.8,매우 안정
5028605368,대구그린파워주식회사,2021,성숙기,0,0.0,60.1,93.3,39.44,0.44,12.21,15.2,매우 안정
5028605368,대구그린파워주식회사,2022,성숙기,0,0.0,0.0,97.61,53.38,0.21,24.12,13.8,매우 안정
5028605368,대구그린파워주식회사,2023,성숙기,0,0.0,55.11,98.86,40.06,2.4,57.77,18.9,매우 안정
5028605368,대구그린파워주식회사,2024,성숙기,0,0.0,68.67,100.0,50.25,0.25,37.23,17.9,매우 안정
5028617767,주식회사제이더블유에너지,2016,도입기,0,27.2,67.33,54.88,45.74,0.08,23.87,17.8,매우 안정
5028617767,주식회사제이더블유에너지,2017,성장기,0,0.0,69.01,53.96,,4.25,29.26,,매우 안정
5028617767,주식회사제이더블유에너지,2018,성장기,1,0.0,45.71,59.52,60.57,99.24,97.8,70.7,매우 위험
5028619182,대구태양광발전(주),2015,성숙기,0,8.0,89.44,0.0,49.85,0.11,18.85,9.6,매우 안정
5028619182,대구태양광발전(주),2016,조정기,0,25.4,67.33,54.88,41.12,0.19,23.93,17.3,매우 안정
5028619182,대구태양광발전(주),2017,성숙기,0,9.9,69.01,53.96,57.21,0.05,25.92,15.0,매우 안정
5028619182,대구태양광발전(주),2018,성숙기,0,3.3,45.71,59.52,55.6,0.05,21.28,12.8,매우 안정
5028619182,대구태양광발전(주),2019,성숙기,0,0.0,70.0,64.49,64.14,0.08,12.04,13.8,매우 안정
5028619182,대구태양광발전(주),2020,성숙기,0,0.0,100.0,87.2,82.5,0.09,11.12,18.5,매우 안정
5028634844,용성솔라에너지주식회사,2015,성장기,0,0.0,89.44,0.0,49.85,0.11,18.8,8.0,매우 안정
5028634844,용성솔라에너지주식회사,2016,성숙기,0,3.7,67.33,54.88,45.74,5.11,27.85,16.1,매우 안정
5028634844,용성솔라에너지주식회사,2017,성숙기,0,9.9,69.01,53.96,60.77,0.51,22.47,15.3,매우 안정
5028634844,용성솔라에너지주식회사,2018,성숙기,0,3.3,45.71,59.52,39.67,0.05,20.91,12.0,매우 안정
5028634844,용성솔라에너지주식회사,2019,성숙기,0,0.0,70.0,64.49,67.29,0.3,12.24,14.1,매우 안정
5038122706,주식회사럭키엔프라,2015,성장기,0,0.0,89.44,0.0,53.12,0.5,15.92,8.2,매우 안정
5038122706,주식회사럭키엔프라,2016,도입기,0,27.2,67.33,54.88,46.72,1.29,24.51,18.6,매우 안정
5038122706,주식회사럭키엔프라,2017,성숙기,0,9.9,69.01,53.96,61.62,0.41,25.35,15.4,매우 안정
5038122706,주식회사럭키엔프라,2018,성장기,0,0.0,45.71,59.52,61.64,1.15,21.88,13.0,매우 안정
5038122706,주식회사럭키엔프라,2019,성장기,0,16.9,70.0,64.49,65.45,6.99,17.2,21.3,매우 안정
5038122706,주식회사럭키엔프라,2020,성장기,0,11.2,100.0,87.2,84.63,12.32,16.07,27.8,매우 안정
5038122706,주식회사럭키엔프라,2021,도입기,1,72.6,60.1,93.3,40.14,55.06,55.22,61.9,매우 위험
5038147478,녹색자원(주),2016,성장기,0,0.0,67.33,54.88,45.74,0.05,23.87,12.4,매우 안정
5038147478,녹색자원(주),2017,성장기,0,0.0,69.01,53.96,60.77,0.08,26.05,13.2,매우 안정
5038147478,녹색자원(주),2018,성장기,0,0.0,45.71,59.52,60.57,0.02,21.24,12.3,매우 안정
5038147478,녹색자원(주),2019,성장기,0,16.9,70.0,64.49,62.86,0.06,12.05,17.1,매우 안정
5038147478,녹색자원(주),2020,성장기,0,11.2,100.0,87.2,81.3,0.36,11.38,20.8,매우 안정
5038147478,녹색자원(주),2021,성장기,0,22.2,60.1,93.3,40.95,12.15,25.92,26.8,매우 안정
5038147478,녹색자원(주),2022,성장기,1,15.4,0.0,97.61,46.6,49.87,56.19,45.4,중립
5038163013,(주)유창알앤씨,2015,성장기,0,0.0,89.44,0.0,49.85,0.16,18.29,8.0,매우 안정
5038163013,(주)유창알앤씨,2016,성장기,0,0.0,67.33,54.88,49.2,0.2,23.91,12.6,매우 안정
5038163013,(주)유창알앤씨,2017,성장기,0,0.0,69.01,53.96,62.68,0.03,25.9,13.3,매우 안정
5038163013,(주)유창알앤씨,2018,성장기,0,0.0,45.71,59.52,64.51,0.01,21.27,12.5,매우 안정
5038163013,(주)유창알앤씨,2019,성장기,0,16.9,70.0,64.49,68.76,0.13,12.13,17.4,매우 안정
5038163013,(주)유창알앤씨,2020,성장기,0,11.2,100.0,87.2,83.48,0.35,11.3,20.9,매우 안정
5038163013,(주)유창알앤씨,2021,성장기,0,22.2,60.1,93.3,38.85,0.02,14.22,19.4,매우 안정
5038163013,(주)유창알앤씨,2022,성장기,0,15.4,0.0,97.61,50.34,0.2,24.51,16.7,매우 안정
5038163013,(주)유창알앤씨,2023,성장기,0,27.2,55.11,98.86,37.04,0.01,56.63,22.8,매우 안정
5038163013,(주)유창알앤씨,2024,도입기,0,100.0,68.67,100.0,45.79,6.14,42.73,41.2,중립
5038188294,리뉴랜드경주주식회사,2015,성숙기,0,8.0,89.44,0.0,56.65,0.08,18.79,9.9,매우 안정
5038188294,리뉴랜드경주주식회사,2016,성숙기,0,3.7,67.33,54.88,31.4,1.08,24.67,13.0,매우 안정
5038188294,리뉴랜드경주주식회사,2017,조정기,0,32.0,69.01,53.96,46.5,0.01,25.2,18.8,매우 안정
5038188294,리뉴랜드경주주식회사,2018,성숙기,0,3.3,45.71,59.52,68.42,0.02,21.29,13.4,매우 안정
5038188294,리뉴랜드경주주식회사,2019,성숙기,0,0.0,70.0,64.49,81.9,0.02,12.02,14.7,매우 안정
5038188294,리뉴랜드경주주식회사,2020,성숙기,0,0.0,100.0,87.2,100.0,0.07,11.15,19.3,매우 안정
5038188294,리뉴랜드경주주식회사,2021,조정기,0,30.2,60.1,93.3,54.18,0.01,14.48,21.8,매우 안정
5038188294,리뉴랜드경주주식회사,2022,조정기,0,27.0,0.0,97.61,52.6,0.17,24.49,19.1,매우 안정
5038188294,리뉴랜드경주주식회사,2023,성숙기,0,0.0,55.11,98.86,38.52,0.0,56.64,17.4,매우 안정
5038188294,리뉴랜드경주주식회사,2024,성숙기,0,0.0,68.67,100.0,49.69,0.06,38.44,17.9,매우 안정
5038198813,(주)성진철재,2019,성장기,0,16.9,70.0,64.49,64.56,0.02,12.02,17.2,매우 안정
5038198813,(주)성진철재,2020,조정기,0,16.3,100.0,87.2,81.25,0.05,11.13,21.6,매우 안정
5038198813,(주)성진철재,2023,성장기,0,27.2,55.11,98.86,34.73,0.65,56.75,23.0,매우 안정
5038198813,(주)성진철재,2024,조정기,0,19.7,68.67,100.0,68.41,2.19,39.58,24.0,매우 안정
5048130209,(주)동조철강,2021,성숙기,0,0.0,60.1,93.3,33.5,0.03,14.55,14.8,매우 안정
5048130209,(주)동조철강,2022,성숙기,0,0.0,0.0,97.61,59.05,3.25,27.17,15.9,매우 안정
5048156913,대성환경에너지(주),2015,성숙기,0,8.0,89.44,0.0,50.3,0.1,18.85,9.6,매우 안정
5048156913,대성환경에너지(주),2016,성숙기,0,3.7,67.33,54.88,45.95,0.13,23.89,13.2,매우 안정
5048156913,대성환경에너지(주),2017,성숙기,0,9.9,69.01,53.96,60.07,0.07,25.98,15.2,매우 안정
5048156913,대성환경에너지(주),2018,성숙기,0,3.3,45.71,59.52,59.59,0.3,21.47,13.1,매우 안정
5048156913,대성환경에너지(주),2019,성숙기,0,0.0,70.0,64.49,66.08,0.01,11.75,13.8,매우 안정
5048183652,대성에너지(주),2015,성숙기,0,8.0,89.44,0.0,48.99,0.15,18.69,9.5,매우 안정
5048183652,대성에너지(주),2016,성숙기,0,3.7,67.33,54.88,43.02,0.05,23.8,13.0,매우 안정
5048183652,대성에너지(주),2017,성숙기,0,9.9,69.01,53.96,57.7,0.19,26.14,15.1,매우 안정
5048183652,대성에너지(주),2018,성숙기,0,3.3,45.71,59.52,58.29,0.1,21.21,12.9,매우 안정
5048183652,대성에너지(주),2019,성숙기,0,0.0,70.0,64.49,62.61,0.07,11.99,13.7,매우 안정
5048183652,대성에너지(주),2020,성숙기,0,0.0,100.0,87.2,79.64,0.03,11.07,18.3,매우 안정
5048183652,대성에너지(주),2021,성숙기,0,0.0,60.1,93.3,36.88,0.22,14.73,15.0,매우 안정
5048183652,대성에너지(주),2022,성숙기,0,0.0,0.0,97.61,46.75,1.56,25.5,14.2,매우 안정
5048183652,대성에너지(주),2023,성숙기,0,0.0,55.11,98.86,34.59,0.54,56.1,17.5,매우 안정
5048183652,대성에너지(주),2024,성숙기,0,0.0,68.67,100.0,42.8,0.67,38.58,17.9,매우 안정
5048190468,삼정자동차해체재활용산업(주),2015,도입기,0,30.9,89.44,0.0,49.85,1.87,20.09,15.2,매우 안정
5048190468,삼정자동차해체재활용산업(주),2016,도입기,0,27.2,67.33,54.88,45.74,4.31,25.86,20.2,매우 안정
5048190468,삼정자동차해체재활용산업(주),2017,도입기,0,43.7,69.01,53.96,60.62,1.46,23.82,22.6,매우 안정
5048190468,삼정자동차해체재활용산업(주),2018,도입기,0,47.7,45.71,59.52,60.55,2.44,22.07,23.3,매우 안정
5048190468,삼정자동차해체재활용산업(주),2019,쇠퇴기,0,100.0,70.0,64.49,65.59,17.96,25.8,44.4,중립
5048190468,삼정자동차해체재활용산업(주),2020,쇠퇴기,1,100.0,100.0,87.2,80.12,70.1,59.22,79.2,매우 위험
5048602940,(주)대진이앤티,2015,조정기,0,30.6,89.44,0.0,49.85,0.08,18.8,14.1,매우 안정
5048602940,(주)대진이앤티,2016,쇠퇴기,0,100.0,67.33,54.88,45.74,19.2,39.11,43.7,중립
5048602940,(주)대진이앤티,2017,쇠퇴기,0,100.0,69.01,53.96,,0.29,11.37,,매우 안정
5048602940,(주)대진이앤티,2018,쇠퇴기,0,100.0,45.71,59.52,60.57,0.31,21.3,32.5,안정
5048608527,(주)JW솔라파크,2016,도입기,0,27.2,67.33,54.88,45.74,0.07,23.87,17.8,매우 안정
5048608527,(주)JW솔라파크,2017,성장기,0,0.0,69.01,53.96,,2.17,27.66,,매우 안정
5048608527,(주)JW솔라파크,2018,도입기,1,47.7,45.71,59.52,60.57,99.36,99.56,80.4,매우 위험
5048612638,하이웨이솔라(주),2015,성숙기,0,8.0,89.44,0.0,49.85,0.13,18.8,9.6,매우 안정
5048612638,하이웨이솔라(주),2016,성숙기,0,3.7,67.33,54.88,45.74,0.91,24.49,13.6,매우 안정
5048612638,하이웨이솔라(주),2017,성숙기,0,9.9,69.01,53.96,60.77,0.42,25.65,15.4,매우 안정
5048612638,하이웨이솔라(주),2018,성숙기,0,3.3,45.71,59.52,65.39,0.16,21.07,13.3,매우 안정
5048612638,하이웨이솔라(주),2019,성장기,0,16.9,70.0,64.49,64.23,0.23,12.07,17.3,매우 안정
5048612638,하이웨이솔라(주),2020,성장기,0,11.2,100.0,87.2,72.56,1.11,11.92,20.8,매우 안정
5048612638,하이웨이솔라(주),2021,성숙기,0,0.0,60.1,93.3,34.79,0.13,13.55,14.8,매우 안정
5048612638,하이웨이솔라(주),2022,성숙기,0,0.0,0.0,97.61,45.01,0.65,24.8,13.6,매우 안정
5048612638,하이웨이솔라(주),2023,성숙기,0,0.0,55.11,98.86,33.19,0.06,56.39,17.2,매우 안정
5048612638,하이웨이솔라(주),2024,성숙기,0,0.0,68.67,100.0,41.49,0.46,38.69,17.7,매우 안정
5058117873,(주)램코,2015,성장기,0,0.0,89.44,0.0,49.85,6.04,24.0,11.5,매우 안정
5058117873,(주)램코,2016,도입기,0,27.2,67.33,54.88,41.74,0.2,19.34,17.5,매우 안정
5058117873,(주)램코,2017,조정기,0,32.0,69.01,53.96,58.04,0.56,26.31,19.8,매우 안정
5058117873,(주)램코,2018,쇠퇴기,0,100.0,45.71,59.52,56.79,0.23,21.02,32.3,안정
5058117873,(주)램코,2019,성숙기,0,0.0,70.0,64.49,61.25,0.14,11.94,13.7,매우 안정
5058117873,(주)램코,2020,성장기,0,11.2,100.0,87.2,76.42,0.11,11.08,20.4,매우 안정
5058117873,(주)램코,2021,성숙기,0,0.0,60.1,93.3,39.39,0.18,14.61,15.1,매우 안정
5058117873,(주)램코,2022,조정기,0,27.0,0.0,97.61,49.1,0.27,24.42,19.0,매우 안정
5058117873,(주)램코,2023,성숙기,0,0.0,55.11,98.86,36.17,0.06,56.61,17.3,매우 안정
5058117873,(주)램코,2024,성숙기,0,0.0,68.67,100.0,44.3,0.07,38.42,17.6,매우 안정
5058126936,서라벌도시가스(주),2015,성숙기,0,8.0,89.44,0.0,47.48,0.04,18.79,9.4,매우 안정
5058126936,서라벌도시가스(주),2016,성숙기,0,3.7,67.33,54.88,41.25,0.01,23.84,12.9,매우 안정
5058126936,서라벌도시가스(주),2017,성숙기,0,9.9,69.01,53.96,55.92,0.06,26.07,15.0,매우 안정
5058126936,서라벌도시가스(주),2018,성숙기,0,3.3,45.71,59.52,56.51,0.06,21.28,12.8,매우 안정
5058126936,서라벌도시가스(주),2019,성숙기,0,0.0,70.0,64.49,61.64,0.06,12.02,13.7,매우 안정
5058126936,서라벌도시가스(주),2020,성숙기,0,0.0,100.0,87.2,78.31,0.03,11.08,18.2,매우 안정
5058126936,서라벌도시가스(주),2021,성숙기,0,0.0,60.1,93.3,36.77,0.02,14.54,14.9,매우 안정
5058126936,서라벌도시가스(주),2022,성숙기,0,0.0,0.0,97.61,47.3,0.04,24.37,13.4,매우 안정
5058126936,서라벌도시가스(주),2023,성숙기,0,0.0,55.11,98.86,35.13,0.08,56.76,17.3,매우 안정
5058126936,서라벌도시가스(주),2024,성숙기,0,0.0,68.67,100.0,43.7,0.13,38.45,17.6,매우 안정
5058130726,(주)신성에너텍,2015,조정기,0,30.6,89.44,0.0,49.85,0.03,18.8,14.0,매우 안정
5058130726,(주)신성에너텍,2016,성숙기,0,3.7,67.33,54.88,45.74,3.78,26.86,15.3,매우 안정
5058130726,(주)신성에너텍,2017,쇠퇴기,0,100.0,69.01,53.96,60.77,19.48,38.22,44.5,중립
5058130726,(주)신성에너텍,2023,성장기,0,27.2,55.11,98.86,48.83,0.65,56.75,23.7,매우 안정
5058130726,(주)신성에너텍,2024,성숙기,0,0.0,68.67,100.0,0.0,0.38,38.31,15.6,매우 안정
5058134547,(주)성호기업,2015,성숙기,0,8.0,89.44,0.0,46.7,0.7,19.31,9.8,매우 안정
5058134547,(주)성호기업,2016,성숙기,0,3.7,67.33,54.88,42.65,0.6,23.8,13.2,매우 안정
5058134547,(주)성호기업,2017,성숙기,0,9.9,69.01,53.96,59.25,1.1,26.42,15.7,매우 안정
5058134547,(주)성호기업,2018,도입기,0,47.7,45.71,59.52,60.51,0.17,20.54,21.9,매우 안정
5058134547,(주)성호기업,2019,도입기,0,50.2,70.0,64.49,65.33,0.33,12.15,24.0,매우 안정
5058134547,(주)성호기업,2020,쇠퇴기,0,100.0,100.0,87.2,85.21,0.27,11.06,38.7,안정
5058134547,(주)성호기업,2021,도입기,0,72.6,60.1,93.3,39.52,0.07,14.34,29.6,매우 안정
5058134547,(주)성호기업,2022,도입기,0,56.5,0.0,97.61,59.96,0.09,24.37,25.3,매우 안정
5058134547,(주)성호기업,2023,도입기,0,89.8,55.11,98.86,44.25,0.17,56.77,35.7,안정
5058134547,(주)성호기업,2024,성장기,0,27.8,68.67,100.0,54.9,0.82,38.88,24.1,매우 안정
5058145705,경주에스엠씨주식회사,2015,성숙기,0,8.0,89.44,0.0,50.04,0.37,18.03,9.7,매우 안정
5058145705,경주에스엠씨주식회사,2016,성숙기,0,3.7,67.33,54.88,44.08,0.29,23.81,13.1,매우 안정
5058145705,경주에스엠씨주식회사,2017,성숙기,0,9.9,69.01,53.96,58.72,0.31,26.05,15.2,매우 안정
5058145705,경주에스엠씨주식회사,2018,성숙기,0,3.3,45.71,59.52,59.1,0.04,21.07,12.9,매우 안정
5058145705,경주에스엠씨주식회사,2019,성숙기,0,0.0,70.0,64.49,62.85,0.14,12.11,13.8,매우 안정
5058145705,경주에스엠씨주식회사,2020,성숙기,0,0.0,100.0,87.2,79.59,0.56,11.49,18.6,매우 안정
5058145705,경주에스엠씨주식회사,2021,성숙기,0,0.0,60.1,93.3,37.38,0.11,14.08,15.0,매우 안정
5058145705,경주에스엠씨주식회사,2022,성숙기,0,0.0,0.0,97.61,45.86,0.32,24.53,13.5,매우 안정
5058145705,경주에스엠씨주식회사,2023,성숙기,0,0.0,55.11,98.86,33.76,0.06,56.58,17.2,매우 안정
5058145705,경주에스엠씨주식회사,2024,성숙기,0,0.0,68.67,100.0,41.37,0.52,38.73,17.7,매우 안정
5058159403,제이경주에스엠씨주식회사,2015,성장기,0,0.0,89.44,0.0,66.28,1.11,19.52,9.4,매우 안정
5058159403,제이경주에스엠씨주식회사,2016,성숙기,0,3.7,67.33,54.88,25.47,0.35,23.29,12.2,매우 안정
5058159403,제이경주에스엠씨주식회사,2017,성숙기,0,9.9,69.01,53.96,39.47,0.35,26.03,14.3,매우 안정
5058159403,제이경주에스엠씨주식회사,2018,성숙기,0,3.3,45.71,59.52,39.5,0.27,21.22,12.1,매우 안정
5058159403,제이경주에스엠씨주식회사,2019,성숙기,0,0.0,70.0,64.49,55.6,0.34,12.07,13.5,매우 안정
5058159403,제이경주에스엠씨주식회사,2020,성숙기,0,0.0,100.0,87.2,82.38,0.71,11.45,18.8,매우 안정
5058159403,제이경주에스엠씨주식회사,2021,성숙기,0,0.0,60.1,93.3,41.32,0.34,14.15,15.3,매우 안정
5058159403,제이경주에스엠씨주식회사,2022,성숙기,0,0.0,0.0,97.61,47.68,0.33,24.32,13.5,매우 안정
5058159403,제이경주에스엠씨주식회사,2023,성숙기,0,0.0,55.11,98.86,35.07,0.11,56.6,17.3,매우 안정
5058159403,제이경주에스엠씨주식회사,2024,성숙기,0,0.0,68.67,100.0,43.17,0.64,38.79,17.9,매우 안정
5058164250,경주풍력발전(주),2015,성숙기,0,8.0,89.44,0.0,49.85,0.89,19.5,10.0,매우 안정
5058164250,경주풍력발전(주),2016,성장기,0,0.0,67.33,54.88,42.15,0.55,23.61,12.4,매우 안정
5058164250,경주풍력발전(주),2017,성장기,0,0.0,69.01,53.96,58.71,0.04,25.64,13.1,매우 안정
5058164250,경주풍력발전(주),2018,성장기,0,0.0,45.71,59.52,58.39,0.01,21.26,12.2,매우 안정
5058164250,경주풍력발전(주),2019,성장기,0,16.9,70.0,64.49,34.21,0.07,12.07,15.7,매우 안정
5058164250,경주풍력발전(주),2020,성숙기,0,0.0,100.0,87.2,82.31,0.1,11.13,18.4,매우 안정
5058164250,경주풍력발전(주),2021,성숙기,0,0.0,60.1,93.3,42.48,0.13,14.57,15.3,매우 안정
5058164250,경주풍력발전(주),2022,성숙기,0,0.0,0.0,97.61,48.1,0.27,24.47,13.5,매우 안정
5058164250,경주풍력발전(주),2023,성숙기,0,0.0,55.11,98.86,35.65,0.11,56.64,17.3,매우 안정
5058164250,경주풍력발전(주),2024,성숙기,0,0.0,68.67,100.0,45.34,0.13,38.43,17.7,매우 안정
5058165282,주식회사네이처이앤티경주,2015,도입기,0,30.9,89.44,0.0,49.85,0.42,17.41,14.2,매우 안정
5058165282,주식회사네이처이앤티경주,2016,성숙기,0,3.7,67.33,54.88,47.65,0.04,23.57,13.2,매우 안정
5058165282,주식회사네이처이앤티경주,2017,성숙기,0,9.9,69.01,53.96,64.34,0.06,26.05,15.4,매우 안정
5058165282,주식회사네이처이앤티경주,2018,성숙기,0,3.3,45.71,59.52,61.69,0.02,21.25,13.1,매우 안정
5058165282,주식회사네이처이앤티경주,2019,성숙기,0,0.0,70.0,64.49,69.16,0.02,12.02,14.0,매우 안정
5058165282,주식회사네이처이앤티경주,2020,성숙기,0,0.0,100.0,87.2,90.7,0.08,11.16,18.9,매우 안정
5058165282,주식회사네이처이앤티경주,2021,성숙기,0,0.0,60.1,93.3,43.85,0.01,14.47,15.3,매우 안정
5058165282,주식회사네이처이앤티경주,2022,성숙기,0,0.0,0.0,97.61,49.09,0.02,24.37,13.4,매우 안정
5058165282,주식회사네이처이앤티경주,2023,성숙기,0,0.0,55.11,98.86,35.99,0.0,56.73,17.3,매우 안정
5058165282,주식회사네이처이앤티경주,2024,성숙기,0,0.0,68.67,100.0,45.29,0.01,38.41,17.6,매우 안정
5058182199,영천바이오에너지(주),2017,성장기,0,0.0,69.01,53.96,60.77,0.03,26.03,13.2,매우 안정
5058182199,영천바이오에너지(주),2018,조정기,0,28.3,45.71,59.52,60.57,0.11,21.35,18.1,매우 안정
5058182199,영천바이오에너지(주),2019,성숙기,0,0.0,70.0,64.49,64.56,0.69,12.53,14.2,매우 안정
5058182199,영천바이오에너지(주),2020,성숙기,0,0.0,100.0,87.2,80.03,0.43,10.87,18.5,매우 안정
5058182199,영천바이오에너지(주),2021,성숙기,0,0.0,60.1,93.3,36.91,0.15,14.26,15.0,매우 안정
5058182199,영천바이오에너지(주),2022,성숙기,0,0.0,0.0,97.61,47.51,0.54,24.69,13.7,매우 안정
5058182199,영천바이오에너지(주),2023,성숙기,0,0.0,55.11,98.86,35.04,0.18,56.52,17.3,매우 안정
5058182199,영천바이오에너지(주),2024,성숙기,0,0.0,68.67,100.0,43.47,20.6,52.85,29.6,매우 안정
5058182864,대화산업(주),2021,성장기,0,22.2,60.1,93.3,37.74,0.04,14.55,19.4,매우 안정
5058182864,대화산업(주),2022,성장기,0,15.4,0.0,97.61,47.02,0.08,24.39,16.5,매우 안정
5058182864,대화산업(주),2023,성장기,0,27.2,55.11,98.86,34.73,0.25,56.81,22.8,매우 안정
5058182864,대화산업(주),2024,도입기,0,100.0,68.67,100.0,42.56,20.37,52.65,49.4,중립
5068104518,네이처이앤티주식회사,2015,성숙기,0,8.0,89.44,0.0,45.57,0.69,19.4,9.7,매우 안정
5068104518,네이처이앤티주식회사,2016,성숙기,0,3.7,67.33,54.88,42.15,0.58,23.79,13.2,매우 안정
5068104518,네이처이앤티주식회사,2017,성숙기,0,9.9,69.01,53.96,57.3,0.25,25.78,15.1,매우 안정
5068104518,네이처이앤티주식회사,2018,성숙기,0,3.3,45.71,59.52,57.53,0.06,21.13,12.9,매우 안정
5068104518,네이처이앤티주식회사,2019,성숙기,0,0.0,70.0,64.49,63.19,0.04,12.0,13.7,매우 안정
5068104518,네이처이앤티주식회사,2020,성숙기,0,0.0,100.0,87.2,77.56,0.38,11.42,18.4,매우 안정
5068104518,네이처이앤티주식회사,2021,성숙기,0,0.0,60.1,93.3,35.71,2.83,16.9,16.5,매우 안정
5068104518,네이처이앤티주식회사,2022,조정기,0,27.0,0.0,97.61,43.18,6.05,26.91,22.0,매우 안정
5068104518,네이처이앤티주식회사,2023,조정기,1,32.9,55.11,98.86,31.82,4.92,55.64,26.3,매우 안정
5068110252,주식회사경한,2015,성장기,0,0.0,89.44,0.0,51.5,0.66,19.05,8.4,매우 안정
5068110252,주식회사경한,2016,조정기,0,25.4,67.33,54.88,47.59,0.49,23.75,17.8,매우 안정
5068110252,주식회사경한,2017,조정기,0,32.0,69.01,53.96,62.39,0.17,25.78,19.7,매우 안정
5068110252,주식회사경한,2018,조정기,0,28.3,45.71,59.52,64.05,0.02,21.16,18.2,매우 안정
5068126303,(주)티에스케이에스앤더블유,2015,성숙기,0,8.0,89.44,0.0,33.88,0.05,18.81,8.7,매우 안정
5068128112,주식회사삼정기업,2019,성숙기,0,0.0,70.0,64.49,64.56,0.02,12.02,13.8,매우 안정
5068128112,주식회사삼정기업,2020,성장기,0,11.2,100.0,87.2,81.25,0.02,11.11,20.6,매우 안정
5068128112,주식회사삼정기업,2023,성숙기,0,0.0,55.11,98.86,34.73,0.35,56.75,17.4,매우 안정
5068128112,주식회사삼정기업,2024,쇠퇴기,0,68.3,68.67,100.0,49.27,3.16,40.43,33.3,안정
5068154298,주식회사황조,2015,도입기,0,30.9,89.44,0.0,44.04,13.78,8.65,20.9,매우 안정
5068154298,주식회사황조,2016,도입기,0,27.2,67.33,54.88,69.62,1.55,14.39,19.3,매우 안정
5068154298,주식회사황조,2017,성숙기,0,9.9,69.01,53.96,83.4,0.08,24.89,16.3,매우 안정
5068154298,주식회사황조,2018,성장기,0,0.0,45.71,59.52,82.32,0.03,21.24,13.4,매우 안정
5068154298,주식회사황조,2019,성장기,0,16.9,70.0,64.49,81.86,0.1,12.08,18.1,매우 안정
5068154298,주식회사황조,2020,성장기,0,11.2,100.0,87.2,92.62,0.14,11.14,21.2,매우 안정
5068154298,주식회사황조,2021,성장기,0,22.2,60.1,93.3,47.2,0.14,14.54,19.9,매우 안정
5068154298,주식회사황조,2022,성숙기,0,0.0,0.0,97.61,58.22,0.05,24.26,13.9,매우 안정
5068154298,주식회사황조,2023,성장기,0,27.2,55.11,98.86,42.91,0.11,56.77,23.1,매우 안정
5068154298,주식회사황조,2024,성숙기,0,0.0,68.67,100.0,53.77,0.06,38.38,18.1,매우 안정
5068154788,경민철강(주),2022,도입기,0,56.5,0.0,97.61,47.02,0.08,24.35,24.7,매우 안정
5068154788,경민철강(주),2023,성숙기,0,0.0,55.11,98.86,34.73,1.58,57.45,18.1,매우 안정
5068154788,경민철강(주),2024,성숙기,0,0.0,68.67,100.0,42.62,11.0,45.28,23.9,매우 안정
5068163180,(주)피엔알,2015,성숙기,0,8.0,89.44,0.0,48.99,0.86,18.93,9.9,매우 안정
5068163180,(주)피엔알,2016,성숙기,0,3.7,67.33,54.88,44.35,5.08,27.25,16.0,매우 안정
5068163180,(주)피엔알,2017,성숙기,0,9.9,69.01,53.96,58.77,28.91,44.53,31.9,안정
5068163180,(주)피엔알,2018,성숙기,1,3.3,45.71,59.52,58.36,83.84,65.57,61.2,매우 위험
5068187519,(주)그린바이로,2015,성숙기,0,8.0,89.44,0.0,49.85,0.02,18.62,9.5,매우 안정
5068187519,(주)그린바이로,2016,성숙기,0,3.7,67.33,54.88,45.74,0.02,23.87,13.1,매우 안정
5068187519,(주)그린바이로,2017,조정기,0,32.0,69.01,53.96,66.04,0.03,26.04,19.9,매우 안정
5068192119,한국북부발전주식회사,2019,조정기,0,34.0,70.0,64.49,64.56,0.04,12.02,20.6,매우 안정
5068192119,한국북부발전주식회사,2020,조정기,0,16.3,100.0,87.2,81.25,2.41,13.28,23.0,매우 안정
5068192119,한국북부발전주식회사,2021,조정기,0,30.2,60.1,93.3,37.74,0.07,12.18,20.9,매우 안정
5068192119,한국북부발전주식회사,2022,성숙기,0,0.0,0.0,97.61,35.02,0.28,24.53,12.9,매우 안정
5068192119,한국북부발전주식회사,2023,성숙기,0,0.0,55.11,98.86,27.12,0.06,56.6,16.9,매우 안정
5078105577,영덕풍력발전(주),2015,성숙기,0,8.0,89.44,0.0,46.68,22.13,37.3,22.4,매우 안정
5078105577,영덕풍력발전(주),2016,조정기,1,25.4,67.33,54.88,44.54,93.23,80.98,71.5,매우 위험
5078800187,군산그린에너지센터(주),2018,도입기,0,47.7,45.71,59.52,60.57,0.02,21.28,21.9,매우 안정
5078800187,군산그린에너지센터(주),2019,도입기,0,50.2,70.0,64.49,64.56,4.14,15.69,26.3,매우 안정
5078800187,군산그린에너지센터(주),2020,도입기,0,71.5,100.0,87.2,81.25,2.49,9.62,33.9,안정
5078800187,군산그린에너지센터(주),2021,도입기,0,72.6,60.1,93.3,37.53,6.87,18.66,33.4,안정
5078800187,군산그린에너지센터(주),2022,성숙기,0,0.0,0.0,97.61,46.57,0.72,18.34,13.4,매우 안정
5078800187,군산그린에너지센터(주),2023,성숙기,0,0.0,55.11,98.86,35.02,1.61,57.1,18.1,매우 안정
5078800187,군산그린에너지센터(주),2024,성숙기,0,0.0,68.67,100.0,43.49,3.45,39.93,19.5,매우 안정
5088105677,(주)케이비아이국인산업,2015,성장기,0,0.0,89.44,0.0,51.4,0.06,18.82,8.0,매우 안정
5088105677,(주)케이비아이국인산업,2016,성숙기,0,3.7,67.33,54.88,52.14,0.01,23.83,13.4,매우 안정
5088105677,(주)케이비아이국인산업,2017,성장기,0,0.0,69.01,53.96,64.5,0.02,26.04,13.4,매우 안정
5088105677,(주)케이비아이국인산업,2018,성장기,0,0.0,45.71,59.52,63.56,0.01,21.28,12.5,매우 안정
5088105677,(주)케이비아이국인산업,2019,성장기,0,16.9,70.0,64.49,60.83,0.0,12.01,17.0,매우 안정
5088105677,(주)케이비아이국인산업,2020,성장기,0,11.2,100.0,87.2,83.22,0.03,11.13,20.7,매우 안정
5088105677,(주)케이비아이국인산업,2021,성장기,0,22.2,60.1,93.3,39.69,0.0,14.52,19.5,매우 안정
5088105677,(주)케이비아이국인산업,2022,성장기,0,15.4,0.0,97.61,44.6,0.01,24.37,16.3,매우 안정
5088105677,(주)케이비아이국인산업,2023,성숙기,0,0.0,55.11,98.86,32.7,0.0,56.73,17.1,매우 안정
5088105677,(주)케이비아이국인산업,2024,성숙기,0,0.0,68.67,100.0,40.76,0.02,38.42,17.4,매우 안정
5088105702,대성청정에너지(주),2015,성숙기,0,8.0,89.44,0.0,51.34,0.17,18.88,9.7,매우 안정
5088105702,대성청정에너지(주),2016,성숙기,0,3.7,67.33,54.88,41.42,0.01,23.75,12.9,매우 안정
5088105702,대성청정에너지(주),2017,성숙기,0,9.9,69.01,53.96,56.01,0.07,26.08,15.0,매우 안정
5088105702,대성청정에너지(주),2018,성숙기,0,3.3,45.71,59.52,56.81,0.09,21.3,12.9,매우 안정
5088105702,대성청정에너지(주),2019,성숙기,0,0.0,70.0,64.49,62.04,0.04,11.97,13.7,매우 안정
5088105702,대성청정에너지(주),2020,성숙기,0,0.0,100.0,87.2,79.03,0.21,11.27,18.4,매우 안정
5088105702,대성청정에너지(주),2021,성숙기,0,0.0,60.1,93.3,36.9,0.07,14.4,14.9,매우 안정
5088105702,대성청정에너지(주),2022,성숙기,0,0.0,0.0,97.61,47.56,0.04,24.32,13.4,매우 안정
5088105702,대성청정에너지(주),2023,성숙기,0,0.0,55.11,98.86,35.28,0.31,56.87,17.4,매우 안정
5088105702,대성청정에너지(주),2024,성숙기,0,0.0,68.67,100.0,43.98,0.15,38.33,17.6,매우 안정
5088118740,(주)영양풍력발전공사,2015,성숙기,0,8.0,89.44,0.0,47.52,1.05,19.61,10.0,매우 안정
5088118740,(주)영양풍력발전공사,2016,성숙기,0,3.7,67.33,54.88,44.13,0.49,23.45,13.2,매우 안정
5088118740,(주)영양풍력발전공사,2017,성숙기,0,9.9,69.01,53.96,59.41,0.29,25.87,15.2,매우 안정
5088118740,(주)영양풍력발전공사,2018,성숙기,0,3.3,45.71,59.52,60.55,0.07,21.11,13.0,매우 안정
5088118740,(주)영양풍력발전공사,2019,성숙기,0,0.0,70.0,64.49,64.94,14.62,24.97,22.5,매우 안정
5088118740,(주)영양풍력발전공사,2020,성숙기,0,0.0,100.0,87.2,81.72,10.45,7.4,23.9,매우 안정
5088118740,(주)영양풍력발전공사,2021,성숙기,0,0.0,60.1,93.3,37.07,1.3,5.2,15.2,매우 안정
5088118740,(주)영양풍력발전공사,2022,성숙기,0,0.0,0.0,97.61,46.59,2.6,25.37,14.8,매우 안정
5088118740,(주)영양풍력발전공사,2023,성숙기,0,0.0,55.11,98.86,34.68,0.42,55.46,17.4,매우 안정
5088118740,(주)영양풍력발전공사,2024,성숙기,0,0.0,68.67,100.0,43.81,2.03,39.6,18.7,매우 안정
5088126954,(주)영양제2풍력발전,2022,도입기,0,56.5,0.0,97.61,47.02,0.24,24.35,24.8,매우 안정
5088126954,(주)영양제2풍력발전,2023,성장기,0,27.2,55.11,98.86,34.73,0.04,56.62,22.7,매우 안정
5088126954,(주)영양제2풍력발전,2024,성숙기,0,0.0,68.67,100.0,42.62,0.43,38.68,17.7,매우 안정
5088132553,주식회사성원금속,2022,성숙기,0,0.0,0.0,97.61,47.02,0.14,24.35,13.4,매우 안정
5088132553,주식회사성원금속,2023,성숙기,0,0.0,55.11,98.86,34.73,0.2,56.75,17.3,매우 안정
5088132553,주식회사성원금속,2024,성숙기,0,0.0,68.67,100.0,42.62,0.08,38.34,17.5,매우 안정
5088133931,주식회사지에스풍력발전,2015,도입기,1,30.9,89.44,0.0,49.85,72.86,83.1,57.4,위험
5088136904,하늘농장주식회사,2017,도입기,0,43.7,69.01,53.96,60.77,0.04,26.03,21.9,매우 안정
5088136904,하늘농장주식회사,2018,성장기,0,0.0,45.71,59.52,60.57,5.34,25.55,15.5,매우 안정
5088136904,하늘농장주식회사,2019,성숙기,0,0.0,70.0,64.49,64.56,0.68,7.78,13.9,매우 안정
5088136904,하늘농장주식회사,2020,성숙기,0,0.0,100.0,87.2,84.19,6.97,16.9,22.6,매우 안정
5088136904,하늘농장주식회사,2021,성숙기,0,0.0,60.1,93.3,46.48,17.37,24.25,25.4,매우 안정
5088140446,주식회사영양에코파워,2016,도입기,0,27.2,67.33,54.88,45.74,0.06,23.87,17.8,매우 안정
5088140446,주식회사영양에코파워,2017,도입기,0,43.7,69.01,53.96,60.77,1.39,27.06,22.7,매우 안정
5088140446,주식회사영양에코파워,2018,도입기,1,47.7,45.71,59.52,60.57,82.59,86.69,70.6,매우 위험
5088142629,주식회사에코에너지,2022,성장기,0,15.4,0.0,97.61,47.02,0.39,24.35,16.6,매우 안정
5088142629,주식회사에코에너지,2023,성장기,0,27.2,55.11,98.86,34.73,12.55,62.54,29.8,매우 안정
5088142629,주식회사에코에너지,2024,성장기,1,27.8,68.67,100.0,42.62,64.84,77.13,60.6,매우 위험
5098106359,(주)두성기업,2022,성숙기,0,0.0,0.0,97.61,47.02,0.07,24.35,13.4,매우 안정
5098106359,(주)두성기업,2023,성장기,0,27.2,55.11,98.86,34.73,0.0,56.7,22.7,매우 안정
5098106359,(주)두성기업,2024,성숙기,0,0.0,68.67,100.0,42.62,0.08,38.46,17.5,매우 안정
5108123455,김천에너지서비스주식회사,2015,성숙기,0,8.0,89.44,0.0,56.67,1.71,20.17,10.9,매우 안정
5108123455,김천에너지서비스주식회사,2016,성숙기,0,3.7,67.33,54.88,36.78,0.71,23.1,13.0,매우 안정
5108123455,김천에너지서비스주식회사,2017,성숙기,0,9.9,69.01,53.96,51.19,0.78,26.08,15.1,매우 안정
5108123455,김천에너지서비스주식회사,2018,성숙기,0,3.3,45.71,59.52,51.54,0.09,20.73,12.6,매우 안정
5108123455,김천에너지서비스주식회사,2019,성숙기,0,0.0,70.0,64.49,57.53,0.05,11.98,13.5,매우 안정
5108123455,김천에너지서비스주식회사,2020,성숙기,0,0.0,100.0,87.2,80.57,0.02,11.08,18.3,매우 안정
5108123455,김천에너지서비스주식회사,2021,성숙기,0,0.0,60.1,93.3,39.62,0.03,14.56,15.1,매우 안정
5108123455,김천에너지서비스주식회사,2022,성숙기,0,0.0,0.0,97.61,50.59,0.12,24.43,13.6,매우 안정
5108123455,김천에너지서비스주식회사,2023,성숙기,0,0.0,55.11,98.86,37.57,0.24,56.79,17.5,매우 안정
5108123455,김천에너지서비스주식회사,2024,성숙기,0,0.0,68.67,100.0,47.08,0.15,38.37,17.8,매우 안정
5108126850,(주)대방,2018,성장기,0,0.0,45.71,59.52,60.57,0.01,21.28,12.3,매우 안정
5108126850,(주)대방,2019,성숙기,0,0.0,70.0,64.49,64.56,0.21,12.19,13.9,매우 안정
5108126850,(주)대방,2020,도입기,0,71.5,100.0,87.2,81.25,3.65,14.27,34.8,안정
5108126850,(주)대방,2021,성숙기,0,0.0,60.1,93.3,38.69,0.07,10.92,14.9,매우 안정
5108126850,(주)대방,2022,성장기,0,15.4,0.0,97.61,49.35,0.12,24.39,16.6,매우 안정
5108126850,(주)대방,2023,성장기,0,27.2,55.11,98.86,37.59,10.36,61.64,28.7,매우 안정
5108126850,(주)대방,2024,성장기,0,27.8,68.67,100.0,46.19,14.34,42.7,31.3,안정
5108134364,주식회사핼리오그린솔라,2017,성장기,0,0.0,69.01,53.96,60.77,0.08,26.03,13.2,매우 안정
5108134364,주식회사핼리오그린솔라,2018,조정기,0,28.3,45.71,59.52,60.57,0.05,21.26,18.0,매우 안정
5108134364,주식회사핼리오그린솔라,2019,성숙기,0,0.0,70.0,64.49,64.56,3.76,15.32,16.0,매우 안정
5108700769,대양산업(주),2019,성장기,0,16.9,70.0,64.49,64.56,0.04,12.02,17.2,매우 안정
5108700769,대양산업(주),2020,성장기,0,11.2,100.0,87.2,81.25,2.41,13.28,22.0,매우 안정
5108700769,대양산업(주),2021,성장기,0,22.2,60.1,93.3,37.74,0.16,12.26,19.4,매우 안정
5108700769,대양산업(주),2022,조정기,0,27.0,0.0,97.61,47.9,2.27,26.18,20.1,매우 안정
5108700769,대양산업(주),2023,성장기,0,27.2,55.11,98.86,35.49,0.06,55.47,22.7,매우 안정
5108700769,대양산업(주),2024,성장기,0,27.8,68.67,100.0,43.91,0.06,38.41,23.1,매우 안정
5118111364,(주)한국자원환경,2022,도입기,0,56.5,0.0,97.61,47.02,0.5,24.35,24.9,매우 안정
5118111364,(주)한국자원환경,2023,도입기,0,89.8,55.11,98.86,34.73,71.49,90.74,76.2,매우 위험
5118111364,(주)한국자원환경,2024,도입기,1,100.0,68.67,100.0,42.62,81.57,55.77,83.2,매우 위험
5118112742,(주)에스피에너지,2015,성숙기,0,8.0,89.44,0.0,49.74,1.31,19.46,10.3,매우 안정
5118112742,(주)에스피에너지,2016,성숙기,0,3.7,67.33,54.88,47.81,0.19,23.01,13.2,매우 안정
5118112742,(주)에스피에너지,2017,성숙기,0,9.9,69.01,53.96,62.06,0.53,26.3,15.5,매우 안정
5118112742,(주)에스피에너지,2018,조정기,0,28.3,45.71,59.52,62.0,0.18,21.0,18.1,매우 안정
5118115002,상주태양광발전소,2015,성숙기,0,8.0,89.44,0.0,55.32,0.45,18.91,10.0,매우 안정
5128117852,영주에스엠씨주식회사,2015,성숙기,0,8.0,89.44,0.0,50.13,0.63,17.88,9.8,매우 안정
5128117852,영주에스엠씨주식회사,2016,성숙기,0,3.7,67.33,54.88,53.26,0.55,23.81,13.8,매우 안정
5128117852,영주에스엠씨주식회사,2017,성숙기,0,9.9,69.01,53.96,66.41,0.32,25.86,15.6,매우 안정
5128117852,영주에스엠씨주식회사,2018,성숙기,0,3.3,45.71,59.52,64.63,0.27,21.24,13.3,매우 안정
5128117852,영주에스엠씨주식회사,2019,성숙기,0,0.0,70.0,64.49,67.96,0.39,12.12,14.2,매우 안정
5128117852,영주에스엠씨주식회사,2020,성숙기,0,0.0,100.0,87.2,86.28,0.43,11.14,18.8,매우 안정
5128117852,영주에스엠씨주식회사,2021,성숙기,0,0.0,60.1,93.3,40.64,0.34,14.44,15.3,매우 안정
5128117852,영주에스엠씨주식회사,2022,성숙기,0,0.0,0.0,97.61,48.91,0.85,24.77,13.9,매우 안정
5128117852,영주에스엠씨주식회사,2023,성숙기,0,0.0,55.11,98.86,36.02,0.13,56.31,17.3,매우 안정
5128117852,영주에스엠씨주식회사,2024,성숙기,0,0.0,68.67,100.0,44.16,0.95,39.0,18.1,매우 안정
5128119409,제이영주에스엠씨주식회사,2015,도입기,0,30.9,89.44,0.0,49.85,1.09,19.16,14.7,매우 안정
5128119409,제이영주에스엠씨주식회사,2016,성숙기,0,3.7,67.33,54.88,47.65,0.48,23.41,13.4,매우 안정
5128119409,제이영주에스엠씨주식회사,2017,성숙기,0,9.9,69.01,53.96,62.77,0.23,25.83,15.4,매우 안정
5128119409,제이영주에스엠씨주식회사,2018,성숙기,0,3.3,45.71,59.52,61.63,0.22,21.28,13.2,매우 안정
5128119409,제이영주에스엠씨주식회사,2019,성숙기,0,0.0,70.0,64.49,67.85,0.3,12.08,14.1,매우 안정
5128119409,제이영주에스엠씨주식회사,2020,성숙기,0,0.0,100.0,87.2,84.61,0.54,11.33,18.8,매우 안정
5128119409,제이영주에스엠씨주식회사,2021,성숙기,0,0.0,60.1,93.3,41.17,0.26,14.25,15.2,매우 안정
5128119409,제이영주에스엠씨주식회사,2022,성숙기,0,0.0,0.0,97.61,47.24,0.54,24.58,13.6,매우 안정
5128119409,제이영주에스엠씨주식회사,2023,성숙기,0,0.0,55.11,98.86,34.74,0.14,56.5,17.3,매우 안정
5128119409,제이영주에스엠씨주식회사,2024,성숙기,0,0.0,68.67,100.0,42.74,0.75,38.85,17.9,매우 안정
5138102333,영남에너지서비스(주),2015,성숙기,0,8.0,89.44,0.0,47.7,0.04,18.82,9.4,매우 안정
5138102333,영남에너지서비스(주),2016,성숙기,0,3.7,67.33,54.88,42.24,0.01,23.84,12.9,매우 안정
5138102333,영남에너지서비스(주),2017,성숙기,0,9.9,69.01,53.96,57.01,0.1,26.1,15.0,매우 안정
5138102333,영남에너지서비스(주),2018,성숙기,0,3.3,45.71,59.52,58.12,0.06,21.25,12.9,매우 안정
5138102333,영남에너지서비스(주),2019,성숙기,0,0.0,70.0,64.49,62.34,0.07,12.03,13.7,매우 안정
5138102333,영남에너지서비스(주),2020,성숙기,0,0.0,100.0,87.2,79.13,0.04,11.08,18.3,매우 안정
5138102333,영남에너지서비스(주),2021,성숙기,0,0.0,60.1,93.3,36.91,0.09,14.59,15.0,매우 안정
5138102333,영남에너지서비스(주),2022,성숙기,0,0.0,0.0,97.61,47.92,0.11,24.37,13.4,매우 안정
5138102333,영남에너지서비스(주),2023,성숙기,0,0.0,55.11,98.86,35.57,0.2,56.77,17.4,매우 안정
5138102333,영남에너지서비스(주),2024,성숙기,0,0.0,68.67,100.0,44.19,0.15,38.39,17.6,매우 안정
5138124695,주식회사청산철강,2015,성장기,0,0.0,89.44,0.0,49.85,0.09,18.8,8.0,매우 안정
5138124695,주식회사청산철강,2016,쇠퇴기,0,100.0,67.33,54.88,45.74,34.54,51.32,52.7,위험
5138124695,주식회사청산철강,2017,쇠퇴기,0,100.0,69.01,53.96,60.77,0.95,0.0,32.4,안정
5138126752,칠곡엔바이로주식회사,2015,조정기,0,30.6,89.44,0.0,56.75,13.67,22.17,22.1,매우 안정
5138149513,리뉴에너지경북주식회사,2020,성숙기,0,0.0,100.0,87.2,81.25,0.06,11.11,18.4,매우 안정
5138149513,리뉴에너지경북주식회사,2021,성숙기,0,0.0,60.1,93.3,37.74,0.03,14.52,15.0,매우 안정
5138149513,리뉴에너지경북주식회사,2022,성숙기,0,0.0,0.0,97.61,47.02,0.06,24.38,13.4,매우 안정
5138149513,리뉴에너지경북주식회사,2023,성숙기,0,0.0,55.11,98.86,34.09,0.0,56.71,17.2,매우 안정
5138149513,리뉴에너지경북주식회사,2024,성숙기,0,0.0,68.67,100.0,41.49,0.03,38.42,17.4,매우 안정
5138155484,주식회사제일에너지,2015,성숙기,0,8.0,89.44,0.0,43.97,0.09,18.78,9.3,매우 안정
5138155484,주식회사제일에너지,2016,성숙기,0,3.7,67.33,54.88,41.77,0.01,23.8,12.9,매우 안정
5138155484,주식회사제일에너지,2017,성숙기,0,9.9,69.01,53.96,56.63,0.03,26.05,15.0,매우 안정
5138155859,주식회사티에스케이이엔이,2015,성숙기,0,8.0,89.44,0.0,49.85,0.08,18.76,9.5,매우 안정
5138155859,주식회사티에스케이이엔이,2016,성숙기,0,3.7,67.33,54.88,38.04,0.14,23.92,12.8,매우 안정
5138155859,주식회사티에스케이이엔이,2017,성숙기,0,9.9,69.01,53.96,56.45,0.04,25.95,15.0,매우 안정
5148126380,화신자원주식회사,2015,조정기,0,30.6,89.44,0.0,49.85,10.06,27.92,20.0,매우 안정
5148126380,화신자원주식회사,2021,성장기,0,22.2,60.1,93.3,37.74,0.01,14.55,19.4,매우 안정
5148126380,화신자원주식회사,2022,성장기,0,15.4,0.0,97.61,93.35,0.28,24.59,18.9,매우 안정
5148126380,화신자원주식회사,2023,성장기,0,27.2,55.11,98.86,64.2,9.93,61.34,29.8,매우 안정
5148126380,화신자원주식회사,2024,성숙기,0,0.0,68.67,100.0,85.32,0.6,33.23,19.7,매우 안정
5148138284,(주)대한실업,2019,조정기,0,34.0,70.0,64.49,64.56,0.02,12.02,20.6,매우 안정
5148138284,(주)대한실업,2020,도입기,0,71.5,100.0,87.2,81.25,1.08,12.08,33.3,안정
5148138284,(주)대한실업,2021,성장기,0,22.2,60.1,93.3,37.74,0.04,13.5,19.4,매우 안정
5148138284,(주)대한실업,2022,성장기,0,15.4,0.0,97.61,51.23,0.04,24.35,16.6,매우 안정
5148138284,(주)대한실업,2023,성장기,0,27.2,55.11,98.86,38.06,0.04,56.74,22.8,매우 안정
5148138284,(주)대한실업,2024,성숙기,0,0.0,68.67,100.0,48.59,0.27,38.57,17.9,매우 안정
5148143792,(주)에니스,2022,성장기,0,15.4,0.0,97.61,47.02,0.06,24.35,16.4,매우 안정
5148143792,(주)에니스,2023,성숙기,0,0.0,55.11,98.86,34.73,0.0,56.71,17.2,매우 안정
5148143792,(주)에니스,2024,도입기,0,100.0,68.67,100.0,42.62,2.63,40.26,39.0,안정
5148146523,(주)아림환경,2016,성숙기,0,3.7,67.33,54.88,45.74,0.05,23.87,13.1,매우 안정
5148146523,(주)아림환경,2017,성숙기,0,9.9,69.01,53.96,60.77,0.04,26.02,15.2,매우 안정
5148146523,(주)아림환경,2018,성숙기,0,3.3,45.71,59.52,60.57,0.03,21.28,13.0,매우 안정
5148146523,(주)아림환경,2019,성숙기,0,0.0,70.0,64.49,62.71,0.03,12.02,13.7,매우 안정
5148146523,(주)아림환경,2020,성숙기,0,0.0,100.0,87.2,82.14,0.01,11.09,18.4,매우 안정
5148146523,(주)아림환경,2021,성숙기,0,0.0,60.1,93.3,41.15,0.01,14.55,15.1,매우 안정
5148146523,(주)아림환경,2022,성숙기,0,0.0,0.0,97.61,46.85,0.0,24.35,13.3,매우 안정
5148146523,(주)아림환경,2023,조정기,0,32.9,55.11,98.86,34.41,0.07,56.77,23.8,매우 안정
5148146523,(주)아림환경,2024,성장기,0,27.8,68.67,100.0,42.62,20.35,52.74,35.0,안정
5148176309,(주)지엠이앤씨,2015,성숙기,0,8.0,89.44,0.0,49.85,0.03,18.76,9.5,매우 안정
5148176309,(주)지엠이앤씨,2016,성숙기,0,3.7,67.33,54.88,19.28,0.05,23.89,11.8,매우 안정
5148176309,(주)지엠이앤씨,2017,성숙기,0,9.9,69.01,53.96,43.13,2.31,27.78,15.6,매우 안정
5148190183,(주)드림메탈,2021,조정기,0,30.2,60.1,93.3,37.74,0.05,14.55,21.0,매우 안정
5148190183,(주)드림메탈,2022,도입기,0,56.5,0.0,97.61,47.02,0.19,24.47,24.7,매우 안정
5148190183,(주)드림메탈,2023,성장기,0,27.2,55.11,98.86,34.73,1.01,57.12,23.2,매우 안정
5148190183,(주)드림메탈,2024,성숙기,0,0.0,68.67,100.0,41.46,4.29,40.86,19.9,매우 안정
5158110580,(주)에너지경산,2024,성숙기,0,0.0,68.67,100.0,42.62,0.1,38.38,17.5,매우 안정
5158143188,주식회사디에스엔프라,2015,도입기,0,30.9,89.44,0.0,49.85,0.29,18.97,14.3,매우 안정
5158143188,주식회사디에스엔프라,2016,성장기,0,0.0,67.33,54.88,45.74,0.49,24.04,12.6,매우 안정
5158143188,주식회사디에스엔프라,2017,성숙기,0,9.9,69.01,53.96,76.75,0.55,26.08,16.3,매우 안정
5158143188,주식회사디에스엔프라,2018,조정기,0,28.3,45.71,59.52,74.86,0.13,20.94,18.8,매우 안정
5168102569,주식회사에스제이테크,2022,성장기,0,15.4,0.0,97.61,47.02,0.28,24.35,16.6,매우 안정
5168102569,주식회사에스제이테크,2023,성장기,0,27.2,55.11,98.86,34.73,35.06,73.39,42.8,중립
5168102569,주식회사에스제이테크,2024,성장기,1,27.8,68.67,100.0,42.62,25.26,36.5,36.8,안정
5188600766,브라이트에너지파트너스(주),2022,도입기,0,56.5,0.0,97.61,47.02,0.39,24.35,24.8,매우 안정
5188600766,브라이트에너지파트너스(주),2023,도입기,0,89.8,55.11,98.86,34.73,7.47,60.1,39.5,안정
5188600766,브라이트에너지파트너스(주),2024,도입기,0,100.0,68.67,100.0,42.62,9.37,40.81,42.8,중립
5198701955,주식회사에스에스에너지,2020,도입기,0,71.5,100.0,87.2,81.25,0.49,11.11,32.9,안정
5198701955,주식회사에스에스에너지,2021,도입기,0,72.6,60.1,93.3,,12.43,26.05,,매우 안정
5198701955,주식회사에스에스에너지,2022,도입기,1,56.5,0.0,97.61,47.02,61.0,65.65,60.2,매우 위험
5208101818,솔라원일호주식회사,2022,성장기,0,15.4,0.0,97.61,47.02,0.89,24.35,16.9,매우 안정
5208101818,솔라원일호주식회사,2023,성장기,0,27.2,55.11,98.86,34.73,23.62,67.56,36.2,안정
5208101818,솔라원일호주식회사,2024,성장기,0,27.8,68.67,100.0,42.62,72.51,76.32,64.8,매우 위험
5278100315,부산푸른물주식회사,2016,도입기,0,27.2,67.33,54.88,45.74,0.04,23.87,17.8,매우 안정
5278100315,부산푸른물주식회사,2017,도입기,0,43.7,69.01,53.96,60.77,0.5,26.39,22.2,매우 안정
5278100315,부산푸른물주식회사,2018,도입기,0,47.7,45.71,59.52,60.57,0.02,20.9,21.9,매우 안정
5278100315,부산푸른물주식회사,2019,도입기,0,50.2,70.0,64.49,,0.89,12.79,,매우 안정
5278100315,부산푸른물주식회사,2020,조정기,0,16.3,100.0,87.2,81.25,0.4,10.66,21.8,매우 안정
5278100315,부산푸른물주식회사,2021,조정기,0,30.2,60.1,93.3,37.84,0.64,14.76,21.4,매우 안정
5278100315,부산푸른물주식회사,2022,성숙기,0,0.0,0.0,97.61,46.33,0.48,24.16,13.5,매우 안정
5278100315,부산푸른물주식회사,2023,성숙기,0,0.0,55.11,98.86,34.07,0.24,56.58,17.3,매우 안정
5278100315,부산푸른물주식회사,2024,성숙기,0,0.0,68.67,100.0,41.78,1.39,39.25,18.2,매우 안정
5288102072,부산워터케어주식회사,2022,도입기,0,56.5,0.0,97.61,47.02,0.27,24.35,24.8,매우 안정
5288102072,부산워터케어주식회사,2023,도입기,0,89.8,55.11,98.86,34.73,0.87,57.0,35.7,안정
5288102072,부산워터케어주식회사,2024,도입기,0,100.0,68.67,100.0,42.62,1.34,38.85,38.2,안정
5468702126,소버린이피에스주식회사,2022,조정기,0,27.0,0.0,97.61,47.02,0.25,24.35,18.9,매우 안정
5468702126,소버린이피에스주식회사,2023,조정기,0,32.9,55.11,98.86,,5.72,59.34,,매우 안정
5468702126,소버린이피에스주식회사,2024,조정기,1,19.7,68.67,100.0,42.62,65.43,81.4,59.6,위험
5478701469,케이씨유리자원주식회사,2021,성숙기,0,0.0,60.1,93.3,37.74,0.11,14.55,15.0,매우 안정
5478701469,케이씨유리자원주식회사,2022,도입기,0,56.5,0.0,97.61,47.02,86.65,100.0,76.1,매우 위험
5478701469,케이씨유리자원주식회사,2023,도입기,1,89.8,55.11,98.86,34.73,70.88,41.16,73.4,매우 위험
5498800522,피브이에너지주식회사,2022,도입기,0,56.5,0.0,97.61,47.02,0.09,24.35,24.7,매우 안정
5498800522,피브이에너지주식회사,2023,성장기,0,27.2,55.11,98.86,34.73,0.28,56.82,22.8,매우 안정
5498800522,피브이에너지주식회사,2024,성장기,0,27.8,68.67,100.0,42.62,1.62,39.38,24.0,매우 안정
5598100665,화성에코텍(주),2018,도입기,0,47.7,45.71,59.52,60.57,0.01,21.28,21.9,매우 안정
5598100665,화성에코텍(주),2019,도입기,0,50.2,70.0,64.49,64.56,0.36,12.33,24.0,매우 안정
5598100665,화성에코텍(주),2020,도입기,0,71.5,100.0,87.2,,2.06,12.68,,매우 안정
5598100665,화성에코텍(주),2021,성숙기,0,0.0,60.1,93.3,37.74,15.02,26.96,23.8,매우 안정
5598100665,화성에코텍(주),2022,쇠퇴기,1,100.0,0.0,97.61,54.32,37.67,42.75,55.3,위험
5668800395,(주)엠제이에너지,2020,도입기,0,71.5,100.0,87.2,81.25,0.21,11.11,32.8,안정
5668800395,(주)엠제이에너지,2021,성숙기,0,0.0,60.1,93.3,37.74,0.45,14.76,15.2,매우 안정
5668800395,(주)엠제이에너지,2022,성숙기,1,0.0,0.0,97.61,47.02,10.65,33.24,19.6,매우 안정
5668801943,주식회사이클린워터,2022,도입기,0,56.5,0.0,97.61,47.02,0.34,24.35,24.8,매우 안정
5668801943,주식회사이클린워터,2023,쇠퇴기,0,100.0,55.11,98.86,34.73,10.19,61.43,43.1,중립
5668801943,주식회사이클린워터,2024,성장기,0,27.8,68.67,100.0,42.62,1.12,33.46,23.4,매우 안정
5738700251,주식회사피앤디솔라,2018,도입기,0,47.7,45.71,59.52,60.57,0.02,21.28,21.9,매우 안정
5738700251,주식회사피앤디솔라,2019,성숙기,0,0.0,70.0,64.49,64.56,0.56,12.5,14.1,매우 안정
5738700251,주식회사피앤디솔라,2020,조정기,0,16.3,100.0,87.2,81.25,0.53,11.08,21.9,매우 안정
5738700251,주식회사피앤디솔라,2021,성숙기,0,0.0,60.1,93.3,35.26,0.18,14.19,14.9,매우 안정
5738700251,주식회사피앤디솔라,2022,성숙기,0,0.0,0.0,97.61,41.68,0.79,24.87,13.5,매우 안정
5738700251,주식회사피앤디솔라,2023,성숙기,0,0.0,55.11,98.86,28.35,0.2,56.38,17.0,매우 안정
5738700251,주식회사피앤디솔라,2024,성숙기,0,0.0,68.67,100.0,35.74,1.2,39.14,17.8,매우 안정
5758101569,음성에코파크주식회사,2022,도입기,0,56.5,0.0,97.61,47.02,0.15,24.35,24.7,매우 안정
5758101569,음성에코파크주식회사,2023,성장기,0,27.2,55.11,98.86,34.73,0.01,56.66,22.7,매우 안정
5758101569,음성에코파크주식회사,2024,조정기,0,19.7,68.67,100.0,42.62,0.74,38.92,21.9,매우 안정
5888800717,동부권푸른물(주),2018,성장기,0,0.0,45.71,59.52,60.57,0.03,21.28,12.3,매우 안정
5888800717,동부권푸른물(주),2019,성장기,0,16.9,70.0,64.49,64.56,1.79,13.59,18.2,매우 안정
5888800717,동부권푸른물(주),2020,성장기,0,11.2,100.0,87.2,81.25,17.2,25.3,30.7,안정
5888800717,동부권푸른물(주),2021,성숙기,1,0.0,60.1,93.3,34.36,91.02,84.98,68.4,매우 위험
5968600219,(주)아림에너지,2021,성장기,0,22.2,60.1,93.3,37.74,0.19,14.55,19.5,매우 안정
5968600219,(주)아림에너지,2022,성장기,0,15.4,0.0,97.61,47.02,1.18,25.2,17.1,매우 안정
5968600219,(주)아림에너지,2023,성장기,0,27.2,55.11,98.86,34.73,0.07,56.1,22.7,매우 안정
5968600219,(주)아림에너지,2024,성숙기,0,0.0,68.67,100.0,36.42,5.77,42.44,20.6,매우 안정
5988101655,해오름태양광발전소주식회사,2021,성장기,0,22.2,60.1,93.3,37.74,0.14,14.55,19.5,매우 안정
5988101655,해오름태양광발전소주식회사,2022,성장기,0,15.4,0.0,97.61,47.02,1.02,25.11,17.0,매우 안정
5988101655,해오름태양광발전소주식회사,2023,성장기,0,27.2,55.11,98.86,34.73,0.01,56.17,22.6,매우 안정
5988101655,해오름태양광발전소주식회사,2024,조정기,0,19.7,68.67,100.0,24.8,3.5,40.87,22.6,매우 안정
5988700167,(주)금오에너지,2016,도입기,0,27.2,67.33,54.88,45.74,0.08,23.87,17.8,매우 안정
5988700167,(주)금오에너지,2017,도입기,0,43.7,69.01,53.96,60.77,5.75,30.43,25.3,매우 안정
5988700167,(주)금오에너지,2018,도입기,1,47.7,45.71,59.52,60.57,99.87,97.1,80.6,매우 위험
5998101212,주식회사아산신재생복합발전,2019,도입기,0,50.2,70.0,64.49,64.56,0.1,12.02,23.9,매우 안정
5998101212,주식회사아산신재생복합발전,2020,성숙기,0,0.0,100.0,87.2,81.25,4.46,15.11,21.0,매우 안정
5998101212,주식회사아산신재생복합발전,2021,성숙기,1,0.0,60.1,93.3,37.74,89.0,95.96,68.0,매우 위험
5998600014,군산바이오에너지주식회사,2016,도입기,0,27.2,67.33,54.88,45.74,0.15,23.87,17.9,매우 안정
5998600014,군산바이오에너지주식회사,2017,조정기,0,32.0,69.01,53.96,60.77,3.8,28.86,21.8,매우 안정
5998600014,군산바이오에너지주식회사,2018,조정기,0,28.3,45.71,59.52,60.57,0.84,18.9,18.3,매우 안정
5998600014,군산바이오에너지주식회사,2019,조정기,1,34.0,70.0,64.49,64.96,88.14,89.72,73.0,매우 위험
5998600294,(주)노원뉴파워,2021,성장기,0,22.2,60.1,93.3,37.74,0.06,14.55,19.4,매우 안정
5998600294,(주)노원뉴파워,2022,성숙기,0,0.0,0.0,97.61,47.02,0.76,24.96,13.8,매우 안정
5998600294,(주)노원뉴파워,2023,성장기,0,27.2,55.11,98.86,34.73,4.66,58.54,25.3,매우 안정
5998600294,(주)노원뉴파워,2024,성숙기,0,0.0,68.67,100.0,38.37,44.19,66.99,43.0,중립
5998701631,주식회사케이피이그린에너지,2021,도입기,0,72.6,60.1,93.3,37.74,0.13,14.55,29.5,매우 안정
5998701631,주식회사케이피이그린에너지,2022,성장기,0,15.4,0.0,97.61,47.02,0.45,24.63,16.7,매우 안정
5998701631,주식회사케이피이그린에너지,2023,성숙기,0,0.0,55.11,98.86,34.73,0.01,56.49,17.2,매우 안정
5998701631,주식회사케이피이그린에너지,2024,성숙기,0,0.0,68.67,100.0,38.4,1.31,39.32,18.0,매우 안정
6028123322,동부환경주식회사,2015,조정기,0,30.6,89.44,0.0,50.25,0.07,18.82,14.1,매우 안정
6028123322,동부환경주식회사,2016,조정기,0,25.4,67.33,54.88,48.56,0.06,23.86,17.6,매우 안정
6028123322,동부환경주식회사,2017,조정기,0,32.0,69.01,53.96,62.95,0.02,26.0,19.7,매우 안정
6028123322,동부환경주식회사,2018,조정기,0,28.3,45.71,59.52,61.95,0.0,21.27,18.1,매우 안정
6028123322,동부환경주식회사,2019,조정기,0,34.0,70.0,64.49,64.1,0.02,12.04,20.6,매우 안정
6028123322,동부환경주식회사,2020,성숙기,0,0.0,100.0,87.2,79.65,0.13,11.21,18.3,매우 안정
6028123322,동부환경주식회사,2021,성숙기,0,0.0,60.1,93.3,33.22,0.05,14.46,14.7,매우 안정
6028123322,동부환경주식회사,2022,조정기,0,27.0,0.0,97.61,40.65,7.57,30.92,22.9,매우 안정
6038162667,NC부산(주),2015,조정기,0,30.6,89.44,0.0,40.47,17.34,33.93,23.8,매우 안정
6038162667,NC부산(주),2016,조정기,0,25.4,67.33,54.88,49.49,0.98,11.18,17.5,매우 안정
6038162667,NC부산(주),2017,조정기,0,32.0,69.01,53.96,64.03,4.19,28.52,22.2,매우 안정
6038162667,NC부산(주),2018,쇠퇴기,0,100.0,45.71,59.52,61.99,0.71,18.5,32.7,안정
6038162667,NC부산(주),2019,쇠퇴기,1,100.0,70.0,64.49,73.97,95.83,96.67,91.2,매우 위험
6038163195,선봉스틸(주),2015,성장기,0,0.0,89.44,0.0,49.85,0.04,18.8,7.9,매우 안정
6038163195,선봉스틸(주),2016,성장기,0,0.0,67.33,54.88,45.74,0.09,23.91,12.4,매우 안정
6038163195,선봉스틸(주),2017,성장기,0,0.0,69.01,53.96,60.77,0.19,26.11,13.3,매우 안정
6038163195,선봉스틸(주),2018,성숙기,0,3.3,45.71,59.52,50.08,0.23,21.32,12.6,매우 안정
6038163195,선봉스틸(주),2019,도입기,0,50.2,70.0,64.49,64.84,3.35,14.79,25.8,매우 안정
6038163195,선봉스틸(주),2020,성장기,0,11.2,100.0,87.2,87.62,0.12,8.16,20.8,매우 안정
6038163195,선봉스틸(주),2021,성숙기,0,0.0,60.1,93.3,42.02,0.19,14.61,15.3,매우 안정
6038163195,선봉스틸(주),2022,도입기,0,56.5,0.0,97.61,71.32,0.33,24.46,26.0,매우 안정
6038163195,선봉스틸(주),2023,도입기,0,89.8,55.11,98.86,52.63,4.85,58.87,38.8,안정
6038163195,선봉스틸(주),2024,도입기,0,100.0,68.67,100.0,65.21,0.13,35.77,38.6,안정
6038165077,(주)에너지네트웍,2015,성숙기,0,8.0,89.44,0.0,46.0,1.02,19.04,9.9,매우 안정
6038165077,(주)에너지네트웍,2016,성숙기,0,3.7,67.33,54.88,33.59,0.17,23.22,12.5,매우 안정
6038165077,(주)에너지네트웍,2017,성숙기,0,9.9,69.01,53.96,48.22,0.17,26.03,14.6,매우 안정
6038165077,(주)에너지네트웍,2018,성숙기,0,3.3,45.71,59.52,49.59,0.04,21.18,12.5,매우 안정
6038165077,(주)에너지네트웍,2019,성숙기,0,0.0,70.0,64.49,57.52,0.09,12.06,13.5,매우 안정
6038165077,(주)에너지네트웍,2020,성숙기,0,0.0,100.0,87.2,77.58,0.02,11.04,18.2,매우 안정
6038165077,(주)에너지네트웍,2021,성숙기,0,0.0,60.1,93.3,35.4,0.13,14.65,14.9,매우 안정
6038165077,(주)에너지네트웍,2022,성숙기,0,0.0,0.0,97.61,44.46,0.25,24.45,13.3,매우 안정
6038165077,(주)에너지네트웍,2023,성숙기,0,0.0,55.11,98.86,32.69,0.17,56.68,17.2,매우 안정
6038165077,(주)에너지네트웍,2024,성숙기,0,0.0,68.67,100.0,40.37,0.28,38.5,17.5,매우 안정
6038600138,금성산풍력발전주식회사,2022,성장기,0,15.4,0.0,97.61,47.02,0.32,24.35,16.6,매우 안정
6038600138,금성산풍력발전주식회사,2023,성장기,0,27.2,55.11,98.86,,0.27,56.69,,매우 안정
6038600138,금성산풍력발전주식회사,2024,성장기,0,27.8,68.67,100.0,42.62,0.29,38.46,23.2,매우 안정
6058173312,화성리사이클링(주),2016,성장기,0,0.0,67.33,54.88,45.74,0.06,23.87,12.4,매우 안정
6058173312,화성리사이클링(주),2017,성숙기,0,9.9,69.01,53.96,60.77,0.13,26.08,15.2,매우 안정
6058173312,화성리사이클링(주),2018,성장기,0,0.0,45.71,59.52,60.57,0.06,21.23,12.4,매우 안정
6058173312,화성리사이클링(주),2019,도입기,0,50.2,70.0,64.49,69.82,0.91,12.77,24.6,매우 안정
6058173312,화성리사이클링(주),2020,조정기,0,16.3,100.0,87.2,85.05,0.12,10.39,21.8,매우 안정
6058173312,화성리사이클링(주),2021,성숙기,0,0.0,60.1,93.3,38.77,0.03,14.45,15.0,매우 안정
6058173312,화성리사이클링(주),2022,성숙기,0,0.0,0.0,97.61,65.96,0.11,24.42,14.3,매우 안정
6058173312,화성리사이클링(주),2023,성숙기,0,0.0,55.11,98.86,48.58,0.13,56.74,18.0,매우 안정
6058173312,화성리사이클링(주),2024,성장기,0,27.8,68.67,100.0,60.31,0.12,38.42,24.0,매우 안정
6058195301,부산그린파워주식회사,2015,성숙기,0,8.0,89.44,0.0,59.32,0.15,18.79,10.1,매우 안정
6058195301,부산그린파워주식회사,2016,성숙기,0,3.7,67.33,54.88,46.7,0.02,23.77,13.1,매우 안정
6058195301,부산그린파워주식회사,2017,성숙기,0,9.9,69.01,53.96,62.87,0.02,26.03,15.3,매우 안정
6058195301,부산그린파워주식회사,2018,성숙기,0,3.3,45.71,59.52,59.81,0.03,21.29,13.0,매우 안정
6058195301,부산그린파워주식회사,2019,성숙기,0,0.0,70.0,64.49,49.07,0.05,12.04,13.0,매우 안정
6058195301,부산그린파워주식회사,2020,성숙기,0,0.0,100.0,87.2,75.84,0.1,11.15,18.1,매우 안정
6058195301,부산그린파워주식회사,2021,성숙기,0,0.0,60.1,93.3,45.32,0.71,15.13,15.7,매우 안정
6058195301,부산그린파워주식회사,2022,성숙기,0,0.0,0.0,97.61,43.34,1.22,24.73,13.8,매우 안정
6058195301,부산그린파워주식회사,2023,조정기,0,32.9,55.11,98.86,31.84,0.15,56.12,23.7,매우 안정
6058195301,부산그린파워주식회사,2024,성숙기,0,0.0,68.67,100.0,39.72,0.09,38.38,17.4,매우 안정
6058629242,기베스(주),2018,도입기,0,47.7,45.71,59.52,60.57,0.01,21.28,21.9,매우 안정
6058629242,기베스(주),2019,도입기,0,50.2,70.0,64.49,64.56,0.07,12.07,23.9,매우 안정
6058629242,기베스(주),2020,도입기,0,71.5,100.0,87.2,81.25,0.03,11.07,32.7,안정
6058629242,기베스(주),2021,도입기,0,72.6,60.1,93.3,37.79,0.34,14.84,29.7,매우 안정
6058629242,기베스(주),2022,도입기,0,56.5,0.0,97.61,53.3,1.23,25.1,25.7,매우 안정
6058629242,기베스(주),2023,쇠퇴기,0,100.0,55.11,98.86,41.28,1.86,56.93,38.6,안정
6058629242,기베스(주),2024,쇠퇴기,0,68.3,68.67,100.0,51.33,24.76,54.85,46.0,중립
6068128222,(주)부영개발,2017,성숙기,0,9.9,69.01,53.96,60.77,0.01,26.03,15.2,매우 안정
6068128222,(주)부영개발,2018,성숙기,0,3.3,45.71,59.52,60.57,0.0,21.28,13.0,매우 안정
6068128222,(주)부영개발,2019,성숙기,0,0.0,70.0,64.49,64.56,0.04,12.05,13.8,매우 안정
6068128222,(주)부영개발,2020,성숙기,0,0.0,100.0,87.2,80.99,0.04,11.11,18.3,매우 안정
6068128222,(주)부영개발,2021,성숙기,0,0.0,60.1,93.3,33.45,0.01,14.52,14.7,매우 안정
6068128222,(주)부영개발,2022,성숙기,0,0.0,0.0,97.61,42.72,0.08,24.42,13.2,매우 안정
6068128222,(주)부영개발,2023,성숙기,0,0.0,55.11,98.86,31.46,0.04,56.71,17.1,매우 안정
6068128222,(주)부영개발,2024,성숙기,0,0.0,68.67,100.0,38.74,0.98,39.07,17.9,매우 안정
6068140930,(주)가이아환경,2021,도입기,0,72.6,60.1,93.3,37.74,0.36,14.55,29.7,매우 안정
6068140930,(주)가이아환경,2022,도입기,0,56.5,0.0,97.61,47.02,82.26,95.91,73.5,매우 위험
6068140930,(주)가이아환경,2023,도입기,1,89.8,55.11,98.86,34.73,100.0,57.64,90.2,매우 위험
6068187819,(주)용진,2015,성장기,0,0.0,89.44,0.0,49.85,0.06,18.8,7.9,매우 안정
6068187819,(주)용진,2016,성장기,0,0.0,67.33,54.88,45.74,6.96,29.37,16.4,매우 안정
6068187819,(주)용진,2017,성장기,0,0.0,69.01,53.96,60.77,0.21,20.8,13.0,매우 안정
6068187819,(주)용진,2018,쇠퇴기,0,100.0,45.71,59.52,56.77,0.38,21.42,32.4,안정
6068187819,(주)용진,2019,도입기,0,50.2,70.0,64.49,68.34,0.23,11.87,24.1,매우 안정
6068187819,(주)용진,2020,성숙기,0,0.0,100.0,87.2,89.97,0.24,11.13,18.9,매우 안정
6068187819,(주)용진,2021,도입기,0,72.6,60.1,93.3,43.74,0.14,14.43,29.8,매우 안정
6068187819,(주)용진,2022,조정기,0,27.0,0.0,97.61,56.25,0.51,24.67,19.5,매우 안정
6068187819,(주)용진,2023,도입기,0,89.8,55.11,98.86,41.26,13.72,63.03,43.4,중립
6068187819,(주)용진,2024,쇠퇴기,0,68.3,68.67,100.0,52.04,73.03,82.27,74.0,매우 위험
6068198223,삼득산업(주),2015,성숙기,0,8.0,89.44,0.0,52.26,0.18,18.84,9.7,매우 안정
6068198223,삼득산업(주),2016,성숙기,0,3.7,67.33,54.88,39.45,0.17,23.87,12.9,매우 안정
6068198223,삼득산업(주),2017,성숙기,0,9.9,69.01,53.96,55.31,0.92,26.61,15.4,매우 안정
6068198223,삼득산업(주),2018,성숙기,0,3.3,45.71,59.52,54.63,0.4,20.87,12.9,매우 안정
6068198223,삼득산업(주),2019,성숙기,0,0.0,70.0,64.49,60.48,0.54,12.14,13.9,매우 안정
6068198223,삼득산업(주),2020,성숙기,0,0.0,100.0,87.2,79.37,0.41,10.99,18.5,매우 안정
6068198223,삼득산업(주),2021,성숙기,0,0.0,60.1,93.3,38.78,0.96,15.06,15.6,매우 안정
6068198223,삼득산업(주),2022,성숙기,0,0.0,0.0,97.61,48.09,2.93,25.99,15.1,매우 안정
6068198223,삼득산업(주),2023,성숙기,0,0.0,55.11,98.86,35.36,0.17,55.14,17.3,매우 안정
6068198223,삼득산업(주),2024,성장기,0,27.8,68.67,100.0,43.35,0.25,38.48,23.2,매우 안정
6068617114,(주)지앤에스메탈,2015,성장기,0,0.0,89.44,0.0,49.85,0.05,18.8,7.9,매우 안정
6068617114,(주)지앤에스메탈,2016,조정기,0,25.4,67.33,54.88,45.74,0.11,23.92,17.5,매우 안정
6068617114,(주)지앤에스메탈,2021,성장기,0,22.2,60.1,93.3,37.74,0.01,14.55,19.4,매우 안정
6068617114,(주)지앤에스메탈,2022,도입기,0,56.5,0.0,97.61,83.97,0.4,24.7,26.7,매우 안정
6068617114,(주)지앤에스메탈,2023,쇠퇴기,0,100.0,55.11,98.86,57.44,28.73,70.29,54.8,위험
6068617114,(주)지앤에스메탈,2024,쇠퇴기,0,68.3,68.67,100.0,78.83,0.55,22.61,32.5,안정
6068628718,부산연료전지발전(주),2015,조정기,0,30.6,89.44,0.0,0.0,31.71,39.52,30.0,안정
6068628718,부산연료전지발전(주),2016,성숙기,0,3.7,67.33,54.88,10.26,0.96,0.0,10.6,매우 안정
6068632736,부산솔라주식회사,2015,성장기,0,0.0,89.44,0.0,100.0,0.34,18.61,10.6,매우 안정
6068632736,부산솔라주식회사,2016,조정기,0,25.4,67.33,54.88,21.79,1.08,24.46,16.8,매우 안정
6068632736,부산솔라주식회사,2017,성숙기,0,9.9,69.01,53.96,35.44,0.13,25.29,13.9,매우 안정
6068632736,부산솔라주식회사,2018,성숙기,0,3.3,45.71,59.52,34.81,0.02,21.2,11.7,매우 안정
6068632736,부산솔라주식회사,2019,성숙기,0,0.0,70.0,64.49,56.16,0.09,12.08,13.4,매우 안정
6068632736,부산솔라주식회사,2020,성숙기,0,0.0,100.0,87.2,84.65,0.12,11.13,18.6,매우 안정
6068632736,부산솔라주식회사,2021,성숙기,0,0.0,60.1,93.3,42.85,0.13,14.55,15.3,매우 안정
6068632736,부산솔라주식회사,2022,성숙기,0,0.0,0.0,97.61,47.7,0.43,24.61,13.6,매우 안정
6068634506,(주)성강스틸,2015,성숙기,0,8.0,89.44,0.0,50.98,0.04,18.76,9.6,매우 안정
6068635316,렘코주식회사,2022,쇠퇴기,0,100.0,0.0,97.61,47.02,0.52,24.35,33.6,안정
6068635316,렘코주식회사,2023,성장기,0,27.2,55.11,98.86,,0.13,56.5,,매우 안정
6068635316,렘코주식회사,2024,성숙기,0,0.0,68.67,100.0,42.62,0.27,38.52,17.6,매우 안정
6068638555,부산신호태양광발전(주),2015,성숙기,0,8.0,89.44,0.0,49.85,0.22,18.56,9.6,매우 안정
6068638555,부산신호태양광발전(주),2016,성숙기,0,3.7,67.33,54.88,47.3,0.21,23.87,13.3,매우 안정
6068638555,부산신호태양광발전(주),2017,성숙기,0,9.9,69.01,53.96,61.41,0.12,25.96,15.3,매우 안정
6068638555,부산신호태양광발전(주),2018,성숙기,0,3.3,45.71,59.52,62.37,0.08,21.25,13.1,매우 안정
6068638555,부산신호태양광발전(주),2019,성숙기,0,0.0,70.0,64.49,65.78,0.13,12.06,13.9,매우 안정
6068638555,부산신호태양광발전(주),2020,성숙기,0,0.0,100.0,87.2,81.62,0.06,11.04,18.4,매우 안정
6068638555,부산신호태양광발전(주),2021,성숙기,0,0.0,60.1,93.3,38.28,0.13,14.61,15.1,매우 안정
6068638555,부산신호태양광발전(주),2022,성숙기,0,0.0,0.0,97.61,48.38,0.11,24.33,13.5,매우 안정
6068638555,부산신호태양광발전(주),2023,성숙기,0,0.0,55.11,98.86,35.82,0.01,56.69,17.3,매우 안정
6068663170,주식회사코포스,2020,성숙기,0,0.0,100.0,87.2,81.25,0.04,11.11,18.4,매우 안정
6068663170,주식회사코포스,2021,도입기,0,72.6,60.1,93.3,37.74,0.57,15.05,29.8,매우 안정
6068663170,주식회사코포스,2022,도입기,0,56.5,0.0,97.61,47.02,5.88,28.95,28.1,매우 안정
6068663170,주식회사코포스,2023,도입기,0,89.8,55.11,98.86,47.15,4.76,55.66,38.4,안정
6068663170,주식회사코포스,2024,쇠퇴기,0,68.3,68.67,100.0,57.07,33.75,59.56,51.5,위험
6078153914,(주)성우무역,2015,도입기,0,30.9,89.44,0.0,49.85,0.05,18.8,14.1,매우 안정
6078153914,(주)성우무역,2016,성숙기,0,3.7,67.33,54.88,45.74,0.24,24.02,13.2,매우 안정
6078153914,(주)성우무역,2021,성숙기,0,0.0,60.1,93.3,37.74,0.1,14.55,15.0,매우 안정
6078153914,(주)성우무역,2022,성숙기,0,0.0,0.0,97.61,100.0,0.24,24.47,16.1,매우 안정
6078194763,주식회사부산이앤이,2015,도입기,0,30.9,89.44,0.0,55.89,0.44,18.67,14.6,매우 안정
6078194763,주식회사부산이앤이,2016,성숙기,0,3.7,67.33,54.88,50.51,2.57,25.58,14.8,매우 안정
6078194763,주식회사부산이앤이,2017,성숙기,0,9.9,69.01,53.96,64.1,0.16,24.17,15.3,매우 안정
6078194763,주식회사부산이앤이,2018,성숙기,0,3.3,45.71,59.52,64.48,0.02,21.17,13.2,매우 안정
6078194763,주식회사부산이앤이,2019,성숙기,0,0.0,70.0,64.49,67.32,0.07,12.06,14.0,매우 안정
6078194763,주식회사부산이앤이,2020,성숙기,0,0.0,100.0,87.2,84.69,0.44,11.44,18.8,매우 안정
6078194763,주식회사부산이앤이,2021,성숙기,0,0.0,60.1,93.3,40.26,0.38,14.47,15.3,매우 안정
6078194763,주식회사부산이앤이,2022,성숙기,0,0.0,0.0,97.61,48.68,0.01,24.0,13.4,매우 안정
6078194763,주식회사부산이앤이,2023,성숙기,0,0.0,55.11,98.86,36.34,0.01,56.74,17.3,매우 안정
6078194763,주식회사부산이앤이,2024,성숙기,0,0.0,68.67,100.0,45.34,0.12,38.48,17.7,매우 안정
6088115136,케이씨한미산업주식회사,2015,성숙기,0,8.0,89.44,0.0,49.85,0.01,18.79,9.5,매우 안정
6088118074,수성산업주식회사,2017,성장기,0,0.0,69.01,53.96,60.77,0.02,26.03,13.2,매우 안정
6088118074,수성산업주식회사,2018,성숙기,0,3.3,45.71,59.52,60.57,0.0,21.27,13.0,매우 안정
6088118074,수성산업주식회사,2019,성장기,0,16.9,70.0,64.49,64.56,0.02,12.04,17.2,매우 안정
6088139327,(주)서진인바이러테크,2021,성장기,0,22.2,60.1,93.3,37.74,0.03,14.55,19.4,매우 안정
6088139327,(주)서진인바이러테크,2022,성숙기,0,0.0,0.0,97.61,47.02,1.42,25.57,14.2,매우 안정
6088139327,(주)서진인바이러테크,2023,성숙기,0,0.0,55.11,98.86,34.73,0.01,55.94,17.2,매우 안정
6088139327,(주)서진인바이러테크,2024,성숙기,0,0.0,68.67,100.0,42.49,0.48,38.73,17.8,매우 안정
6088170804,정우이앤알,2019,도입기,0,50.2,70.0,64.49,64.56,0.02,12.02,23.8,매우 안정
6088170804,정우이앤알,2020,쇠퇴기,0,100.0,100.0,87.2,81.25,0.12,11.2,38.4,안정
6088170804,정우이앤알,2021,성숙기,0,0.0,60.1,93.3,37.74,0.03,14.45,15.0,매우 안정
6088170804,정우이앤알,2022,도입기,0,56.5,0.0,97.61,59.83,0.02,24.35,25.3,매우 안정
6088170804,정우이앤알,2023,쇠퇴기,0,100.0,55.11,98.86,43.68,0.31,56.87,37.8,안정
6088170804,정우이앤알,2024,조정기,0,19.7,68.67,100.0,59.71,0.72,38.73,22.7,매우 안정
6088175264,NC함안(주),2019,성장기,0,16.9,70.0,64.49,64.56,0.1,12.02,17.2,매우 안정
6088175264,NC함안(주),2020,도입기,0,71.5,100.0,87.2,81.25,4.72,15.36,35.4,안정
6088175264,NC함안(주),2021,성숙기,0,0.0,60.1,93.3,37.74,1.23,10.94,15.4,매우 안정
6088175264,NC함안(주),2022,성숙기,0,0.0,0.0,97.61,49.69,5.63,28.09,16.7,매우 안정
6088175264,NC함안(주),2023,성숙기,0,0.0,55.11,98.86,36.64,2.47,54.7,18.6,매우 안정
6088175264,NC함안(주),2024,성숙기,0,0.0,68.67,100.0,46.7,5.53,40.92,20.9,매우 안정
6088181276,(주)엔알미광텍,2015,성장기,0,0.0,89.44,0.0,40.06,0.57,19.25,7.8,매우 안정
6088184045,주식회사태성,2015,성장기,0,0.0,89.44,0.0,49.85,1.85,20.43,9.0,매우 안정
6088184045,주식회사태성,2016,성장기,0,0.0,67.33,54.88,15.86,4.67,26.15,13.5,매우 안정
6088184045,주식회사태성,2017,쇠퇴기,1,100.0,69.01,53.96,41.93,90.54,92.68,85.4,매우 위험
6088602126,의령풍력발전주식회사,2015,도입기,0,30.9,89.44,0.0,49.85,0.08,18.8,14.1,매우 안정
6088602126,의령풍력발전주식회사,2016,도입기,0,27.2,67.33,54.88,45.74,3.41,26.53,19.8,매우 안정
6088602126,의령풍력발전주식회사,2017,도입기,0,43.7,69.01,53.96,60.77,7.21,28.98,26.0,매우 안정
6088602126,의령풍력발전주식회사,2018,성장기,1,0.0,45.71,59.52,41.8,99.15,95.35,69.6,매우 위험
6088607024,(주)바이텍,2022,성장기,0,15.4,0.0,97.61,47.02,0.17,24.35,16.5,매우 안정
6088607024,(주)바이텍,2023,성장기,0,27.2,55.11,98.86,34.73,1.79,57.5,23.7,매우 안정
6088607024,(주)바이텍,2024,성장기,0,27.8,68.67,100.0,42.62,18.77,50.65,34.0,안정
6098111676,경남에너지(주),2016,성숙기,0,3.7,67.33,54.88,45.74,0.03,23.87,13.1,매우 안정
6098111676,경남에너지(주),2017,성숙기,0,9.9,69.01,53.96,60.77,0.07,26.06,15.2,매우 안정
6098111676,경남에너지(주),2018,성숙기,0,3.3,45.71,59.52,60.57,0.04,21.26,13.0,매우 안정
6098111676,경남에너지(주),2019,성숙기,0,0.0,70.0,64.49,65.25,0.05,12.03,13.8,매우 안정
6098111676,경남에너지(주),2020,성숙기,0,0.0,100.0,87.2,81.22,0.03,11.09,18.4,매우 안정
6098111676,경남에너지(주),2021,성숙기,0,0.0,60.1,93.3,38.11,0.14,14.65,15.0,매우 안정
6098111676,경남에너지(주),2022,성숙기,0,0.0,0.0,97.61,47.57,0.18,24.38,13.5,매우 안정
6098111676,경남에너지(주),2023,성숙기,0,0.0,55.11,98.86,35.41,0.23,56.75,17.4,매우 안정
6098111676,경남에너지(주),2024,성숙기,0,0.0,68.67,100.0,43.87,0.21,38.42,17.7,매우 안정
6098146573,주식회사에코비트그린,2015,성숙기,0,8.0,89.44,0.0,51.02,0.01,18.76,9.6,매우 안정
6098146573,주식회사에코비트그린,2016,성숙기,0,3.7,67.33,54.88,50.54,0.03,23.89,13.3,매우 안정
6098146573,주식회사에코비트그린,2017,성숙기,0,9.9,69.01,53.96,66.3,0.01,26.01,15.4,매우 안정
6098146573,주식회사에코비트그린,2018,성숙기,0,3.3,45.71,59.52,63.69,0.03,21.3,13.2,매우 안정
6098146573,주식회사에코비트그린,2019,조정기,0,34.0,70.0,64.49,34.17,0.06,12.04,19.1,매우 안정
6098146573,주식회사에코비트그린,2020,성숙기,0,0.0,100.0,87.2,69.2,0.02,11.07,17.7,매우 안정
6098146573,주식회사에코비트그린,2021,조정기,0,30.2,60.1,93.3,37.76,0.01,14.54,21.0,매우 안정
6098146573,주식회사에코비트그린,2022,성숙기,0,0.0,0.0,97.61,39.1,0.15,24.48,13.0,매우 안정
6098146573,주식회사에코비트그린,2023,성숙기,0,0.0,55.11,98.86,28.28,0.04,56.67,16.9,매우 안정
6098146573,주식회사에코비트그린,2024,성숙기,0,0.0,68.67,100.0,38.29,0.11,38.46,17.3,매우 안정
6098186653,(주)기선,2015,도입기,0,30.9,89.44,0.0,49.85,10.13,27.98,20.1,매우 안정
6098186653,(주)기선,2016,성장기,0,0.0,67.33,54.88,45.74,34.49,43.49,32.3,안정
6098186653,(주)기선,2017,쇠퇴기,0,100.0,69.01,53.96,55.39,2.94,1.57,33.3,안정
6098604700,뉴에너지파워주식회사,2015,성숙기,0,8.0,89.44,0.0,49.85,0.93,19.22,10.0,매우 안정
6098604700,뉴에너지파워주식회사,2016,성숙기,0,3.7,67.33,54.88,46.62,0.8,23.78,13.6,매우 안정
6098604700,뉴에너지파워주식회사,2018,성숙기,0,3.3,45.71,59.52,60.62,0.23,21.28,13.1,매우 안정
6098604700,뉴에너지파워주식회사,2019,성숙기,0,0.0,70.0,64.49,62.71,0.22,12.0,13.8,매우 안정
6098612758,동남태양광발전주식회사,2015,도입기,0,30.9,89.44,0.0,49.85,9.42,25.82,19.6,매우 안정
6098612758,동남태양광발전주식회사,2016,성숙기,1,3.7,67.33,54.88,75.22,87.82,86.54,66.0,매우 위험
6098618728,주식회사창원에너텍,2015,성숙기,0,8.0,89.44,0.0,49.85,15.15,32.31,18.5,매우 안정
6098618728,주식회사창원에너텍,2016,도입기,0,27.2,67.33,54.88,45.74,1.9,13.61,18.3,매우 안정
6098618728,주식회사창원에너텍,2017,성장기,0,0.0,69.01,53.96,67.54,2.23,26.29,14.8,매우 안정
6098618728,주식회사창원에너텍,2018,성장기,0,0.0,45.71,59.52,69.49,0.14,19.61,12.8,매우 안정
6098618728,주식회사창원에너텍,2019,성장기,0,16.9,70.0,64.49,74.97,2.3,13.93,19.0,매우 안정
6098618728,주식회사창원에너텍,2020,성숙기,0,0.0,100.0,87.2,91.11,0.52,9.49,19.0,매우 안정
6098618728,주식회사창원에너텍,2021,성장기,0,22.2,60.1,93.3,45.41,0.39,14.4,20.0,매우 안정
6098618728,주식회사창원에너텍,2022,성장기,0,15.4,0.0,97.61,49.23,0.93,24.79,17.1,매우 안정
6098618728,주식회사창원에너텍,2023,성장기,0,27.2,55.11,98.86,36.18,5.19,58.69,25.7,매우 안정
6098618728,주식회사창원에너텍,2024,성숙기,0,0.0,68.67,100.0,45.15,48.62,69.83,45.9,중립
6098624410,상주수상태양광(주),2015,성장기,0,0.0,89.44,0.0,49.85,0.09,18.8,8.0,매우 안정
6098624410,상주수상태양광(주),2016,성숙기,0,3.7,67.33,54.88,45.74,5.29,28.01,16.2,매우 안정
6098624410,상주수상태양광(주),2017,성숙기,1,9.9,69.01,53.96,60.77,97.65,97.71,72.5,매우 위험
6108104501,(주)한주,2015,성장기,0,0.0,89.44,0.0,49.6,0.01,18.8,7.9,매우 안정
6108104501,(주)한주,2016,성숙기,0,3.7,67.33,54.88,46.05,0.14,23.97,13.2,매우 안정
6108104501,(주)한주,2017,성숙기,0,9.9,69.01,53.96,60.55,0.14,26.03,15.2,매우 안정
6108104501,(주)한주,2018,성숙기,0,3.3,45.71,59.52,59.73,0.06,21.22,13.0,매우 안정
6108104501,(주)한주,2019,성숙기,0,0.0,70.0,64.49,62.42,0.03,11.99,13.7,매우 안정
6108104501,(주)한주,2020,성숙기,0,0.0,100.0,87.2,79.84,0.03,11.11,18.3,매우 안정
6108104501,(주)한주,2021,성숙기,0,0.0,60.1,93.3,37.43,0.07,14.59,15.0,매우 안정
6108104501,(주)한주,2022,성숙기,0,0.0,0.0,97.61,47.16,0.2,24.46,13.5,매우 안정
6108104501,(주)한주,2023,성장기,0,27.2,55.11,98.86,34.77,0.11,56.68,22.7,매우 안정
6108104501,(주)한주,2024,성장기,0,27.8,68.67,100.0,42.53,0.07,38.38,23.1,매우 안정
6108116287,NC울산(주),2015,조정기,0,30.6,89.44,0.0,54.19,0.22,18.73,14.4,매우 안정
6108116287,NC울산(주),2016,조정기,0,25.4,67.33,54.88,43.63,1.56,24.94,18.2,매우 안정
6108116287,NC울산(주),2017,조정기,0,32.0,69.01,53.96,58.27,0.08,24.89,19.4,매우 안정
6108116287,NC울산(주),2018,성숙기,0,3.3,45.71,59.52,59.29,0.09,21.29,13.0,매우 안정
6108116287,NC울산(주),2019,성숙기,0,0.0,70.0,64.49,62.42,0.04,11.97,13.7,매우 안정
6108116287,NC울산(주),2020,성숙기,0,0.0,100.0,87.2,78.24,0.05,11.12,18.2,매우 안정
6108116287,NC울산(주),2021,조정기,0,30.2,60.1,93.3,37.73,0.05,14.55,21.0,매우 안정
6108116287,NC울산(주),2022,성숙기,0,0.0,0.0,97.61,47.39,0.08,24.38,13.4,매우 안정
6108116287,NC울산(주),2023,성숙기,0,0.0,55.11,98.86,34.93,0.03,56.71,17.2,매우 안정
6108116287,NC울산(주),2024,성숙기,0,0.0,68.67,100.0,43.61,1.55,39.48,18.4,매우 안정
6108121188,(주)유니큰,2015,성숙기,0,8.0,89.44,0.0,31.15,0.48,19.15,8.9,매우 안정
6108121188,(주)유니큰,2016,성숙기,0,3.7,67.33,54.88,40.76,3.72,26.46,15.0,매우 안정
6108121188,(주)유니큰,2017,성숙기,0,9.9,69.01,53.96,54.01,0.06,23.2,14.7,매우 안정
6108121188,(주)유니큰,2018,성숙기,0,3.3,45.71,59.52,52.97,0.06,21.28,12.6,매우 안정
6108121188,(주)유니큰,2019,성숙기,0,0.0,70.0,64.49,60.36,4.44,15.91,16.2,매우 안정
6108121188,(주)유니큰,2020,성숙기,0,0.0,100.0,87.2,89.96,22.27,27.55,31.8,안정
6108121188,(주)유니큰,2021,성장기,1,22.2,60.1,93.3,43.7,89.9,78.76,72.3,매우 위험
6108139392,(주)동신화학,2016,도입기,0,27.2,67.33,54.88,45.74,0.05,23.87,17.8,매우 안정
6108139392,(주)동신화학,2017,성장기,0,0.0,69.01,53.96,60.77,0.11,26.08,13.2,매우 안정
6108139392,(주)동신화학,2018,성숙기,0,3.3,45.71,59.52,60.57,1.13,22.1,13.7,매우 안정
6108139392,(주)동신화학,2019,조정기,0,34.0,70.0,64.49,67.57,3.21,13.85,22.6,매우 안정
6108139392,(주)동신화학,2022,성장기,0,15.4,0.0,97.61,43.97,0.12,24.35,16.3,매우 안정
6108139392,(주)동신화학,2023,쇠퇴기,0,100.0,55.11,98.86,34.33,3.2,58.21,39.0,안정
6108139392,(주)동신화학,2024,조정기,0,19.7,68.67,100.0,44.12,0.07,36.65,21.5,매우 안정
6108151023,(주)흥진,2015,쇠퇴기,0,100.0,89.44,0.0,54.83,1.69,18.01,29.0,매우 안정
6108151023,(주)흥진,2016,쇠퇴기,0,100.0,67.33,54.88,45.06,10.3,30.77,38.3,안정
6108167336,주식회사이에스티,2015,성숙기,0,8.0,89.44,0.0,48.11,0.01,18.78,9.4,매우 안정
6108167336,주식회사이에스티,2016,성숙기,0,3.7,67.33,54.88,43.29,0.02,23.88,13.0,매우 안정
6108167336,주식회사이에스티,2017,성숙기,0,9.9,69.01,53.96,60.26,2.51,27.96,16.6,매우 안정
6108167336,주식회사이에스티,2018,성숙기,0,3.3,45.71,59.52,55.57,0.09,19.34,12.7,매우 안정
6108167336,주식회사이에스티,2019,성숙기,0,0.0,70.0,64.49,38.06,1.1,12.91,13.1,매우 안정
6108167336,주식회사이에스티,2020,성숙기,0,0.0,100.0,87.2,77.16,0.04,10.14,18.1,매우 안정
6108167336,주식회사이에스티,2021,성숙기,0,0.0,60.1,93.3,30.05,0.0,14.5,14.6,매우 안정
6108167336,주식회사이에스티,2022,성장기,0,15.4,0.0,97.61,38.99,0.0,24.36,16.0,매우 안정
6108167336,주식회사이에스티,2023,성장기,0,27.2,55.11,98.86,28.21,0.03,56.75,22.3,매우 안정
6108167336,주식회사이에스티,2024,성숙기,0,0.0,68.67,100.0,34.59,0.08,38.44,17.1,매우 안정
6108169843,용신환경개발(주),2015,성숙기,0,8.0,89.44,0.0,51.47,0.01,18.81,9.6,매우 안정
6108169843,용신환경개발(주),2016,성숙기,0,3.7,67.33,54.88,52.31,0.08,23.93,13.5,매우 안정
6108169843,용신환경개발(주),2017,성숙기,0,9.9,69.01,53.96,64.43,0.05,26.01,15.4,매우 안정
6108169843,용신환경개발(주),2018,성숙기,0,3.3,45.71,59.52,64.62,0.01,21.25,13.2,매우 안정
6108169843,용신환경개발(주),2023,성숙기,0,0.0,55.11,98.86,38.33,0.01,56.75,17.4,매우 안정
6108169843,용신환경개발(주),2024,성숙기,0,0.0,68.67,100.0,4.66,0.28,38.59,15.8,매우 안정
6108176849,그린에코주식회사,2015,성숙기,0,8.0,89.44,0.0,47.15,0.42,12.47,9.3,매우 안정
6108194186,울산에스코주식회사,2015,성숙기,0,8.0,89.44,0.0,50.15,0.27,18.85,9.7,매우 안정
6108194186,울산에스코주식회사,2016,성숙기,0,3.7,67.33,54.88,46.69,0.22,23.84,13.2,매우 안정
6108194186,울산에스코주식회사,2018,성숙기,0,3.3,45.71,59.52,60.67,0.05,21.28,13.0,매우 안정
6108606106,케이에이치리텍주식회사,2015,성장기,1,0.0,89.44,0.0,49.85,85.39,91.11,58.5,위험
6108606988,주식회사동부에너지,2015,성숙기,0,8.0,89.44,0.0,61.39,0.19,18.86,10.2,매우 안정
6108606988,주식회사동부에너지,2016,성숙기,0,3.7,67.33,54.88,37.05,0.12,23.82,12.7,매우 안정
6108606988,주식회사동부에너지,2017,성숙기,0,9.9,69.01,53.96,52.02,0.11,26.02,14.8,매우 안정
6108606988,주식회사동부에너지,2018,성숙기,0,3.3,45.71,59.52,53.38,0.04,21.23,12.7,매우 안정
6108606988,주식회사동부에너지,2019,성숙기,0,0.0,70.0,64.49,61.2,0.07,12.04,13.6,매우 안정
6108606988,주식회사동부에너지,2020,성숙기,0,0.0,100.0,87.2,82.03,0.1,11.13,18.4,매우 안정
6108606988,주식회사동부에너지,2021,성숙기,0,0.0,60.1,93.3,38.54,0.02,14.46,15.0,매우 안정
6108606988,주식회사동부에너지,2022,성숙기,0,0.0,0.0,97.61,48.37,0.14,24.46,13.5,매우 안정
6108606988,주식회사동부에너지,2023,성숙기,0,0.0,55.11,98.86,35.78,0.0,56.66,17.3,매우 안정
6108606988,주식회사동부에너지,2024,성숙기,0,0.0,68.67,100.0,44.81,0.01,38.41,17.6,매우 안정
6108607522,대양이앤이(주),2020,성장기,0,11.2,100.0,87.2,81.25,0.11,11.11,20.6,매우 안정
6108607522,대양이앤이(주),2021,성숙기,0,0.0,60.1,93.3,37.74,29.18,42.61,32.4,안정
6108607522,대양이앤이(주),2022,쇠퇴기,0,100.0,0.0,97.61,47.02,100.0,83.53,91.3,매우 위험
6108607522,대양이앤이(주),2023,도입기,0,89.8,55.11,98.86,36.61,0.96,0.0,33.0,안정
6108607522,대양이앤이(주),2024,도입기,0,100.0,68.67,100.0,47.7,8.85,44.11,42.9,중립
6108617108,주식회사아신네트웍스,2021,도입기,0,72.6,60.1,93.3,37.74,0.29,14.55,29.6,매우 안정
6108617108,주식회사아신네트웍스,2022,도입기,0,56.5,0.0,97.61,47.02,6.72,29.95,28.6,매우 안정
6108617108,주식회사아신네트웍스,2023,도입기,0,89.8,55.11,98.86,34.73,1.2,53.47,35.7,안정
6108617108,주식회사아신네트웍스,2024,성숙기,0,0.0,68.67,100.0,42.16,10.05,44.83,23.3,매우 안정
6108620388,주식회사에너지울산,2016,성장기,0,0.0,67.33,54.88,45.74,0.1,23.87,12.4,매우 안정
6108620388,주식회사에너지울산,2017,성장기,0,0.0,69.01,53.96,60.77,32.16,50.91,32.1,안정
6108620388,주식회사에너지울산,2018,성장기,1,0.0,45.71,59.52,60.57,87.27,65.73,62.6,매우 위험
6108622955,주식회사토탈,2015,성장기,0,0.0,89.44,0.0,49.85,3.05,21.2,9.7,매우 안정
6108622955,주식회사토탈,2016,성숙기,0,3.7,67.33,54.88,22.19,2.04,23.13,13.0,매우 안정
6108622955,주식회사토탈,2017,성숙기,0,9.9,69.01,53.96,45.65,0.19,24.6,14.4,매우 안정
6108622955,주식회사토탈,2018,성숙기,0,3.3,45.71,59.52,40.47,0.12,21.23,12.0,매우 안정
6108622955,주식회사토탈,2019,성장기,0,16.9,70.0,64.49,58.72,0.11,12.01,16.9,매우 안정
6108622955,주식회사토탈,2020,성장기,0,11.2,100.0,87.2,78.37,0.12,11.12,20.5,매우 안정
6108622955,주식회사토탈,2021,성장기,0,22.2,60.1,93.3,38.68,0.38,14.79,19.7,매우 안정
6108622955,주식회사토탈,2022,성장기,0,15.4,0.0,97.61,45.33,8.03,31.01,21.1,매우 안정
6108622955,주식회사토탈,2023,성장기,0,27.2,55.11,98.86,33.23,16.99,60.29,32.1,안정
6108622955,주식회사토탈,2024,성장기,0,27.8,68.67,100.0,41.49,12.94,37.97,30.1,안정
6108627533,주식회사유성,2015,성숙기,0,8.0,89.44,0.0,49.85,12.6,29.71,17.0,매우 안정
6108627533,주식회사유성,2016,쇠퇴기,1,100.0,67.33,54.88,45.74,87.87,84.11,83.7,매우 위험
6108631089,케이알에너지(주),2015,도입기,0,30.9,89.44,0.0,49.85,0.08,18.8,14.1,매우 안정
6108631089,케이알에너지(주),2016,도입기,0,27.2,67.33,54.88,45.74,0.95,24.56,18.3,매우 안정
6108631089,케이알에너지(주),2017,도입기,0,43.7,69.01,53.96,60.77,16.51,38.11,31.6,안정
6108631089,케이알에너지(주),2018,도입기,0,47.7,45.71,59.52,61.23,3.02,10.44,23.0,매우 안정
6108631089,케이알에너지(주),2019,성숙기,0,0.0,70.0,64.49,58.19,0.83,10.02,13.8,매우 안정
6108631089,케이알에너지(주),2020,성장기,0,11.2,100.0,87.2,80.21,1.53,11.76,21.4,매우 안정
6108631089,케이알에너지(주),2021,성숙기,0,0.0,60.1,93.3,37.73,0.32,13.3,15.1,매우 안정
6108631089,케이알에너지(주),2022,성숙기,0,0.0,0.0,97.61,47.55,0.32,24.33,13.5,매우 안정
6108631089,케이알에너지(주),2023,성숙기,0,0.0,55.11,98.86,35.19,0.2,56.65,17.3,매우 안정
6108631089,케이알에너지(주),2024,성숙기,0,0.0,68.67,100.0,43.82,0.11,38.37,17.6,매우 안정
6118115355,주식회사디케이,2015,성숙기,0,8.0,89.44,0.0,49.85,0.06,18.8,9.5,매우 안정
6118115355,주식회사디케이,2016,성숙기,0,3.7,67.33,54.88,45.74,0.04,23.85,13.1,매우 안정
6118115355,주식회사디케이,2017,성숙기,0,9.9,69.01,53.96,60.77,0.03,26.02,15.2,매우 안정
6118115355,주식회사디케이,2018,성숙기,0,3.3,45.71,59.52,62.77,0.09,21.33,13.2,매우 안정
6118115355,주식회사디케이,2019,성숙기,0,0.0,70.0,64.49,58.1,0.02,11.95,13.5,매우 안정
6118115355,주식회사디케이,2020,성숙기,0,0.0,100.0,87.2,78.88,0.06,11.14,18.3,매우 안정
6118115355,주식회사디케이,2021,성숙기,0,0.0,60.1,93.3,38.56,0.02,14.5,15.0,매우 안정
6118115355,주식회사디케이,2022,성숙기,0,0.0,0.0,97.61,54.0,0.02,24.36,13.7,매우 안정
6118115355,주식회사디케이,2023,성숙기,0,0.0,55.11,98.86,40.27,0.04,56.75,17.5,매우 안정
6118115355,주식회사디케이,2024,쇠퇴기,0,68.3,68.67,100.0,50.47,16.63,50.13,41.3,중립
6118115388,백운세일에너지주식회사,2015,성숙기,0,8.0,89.44,0.0,51.04,0.36,18.62,9.8,매우 안정
6118116844,(주)대경산업,2015,성숙기,0,8.0,89.44,0.0,49.85,0.03,18.82,9.5,매우 안정
6118116844,(주)대경산업,2016,성숙기,0,3.7,67.33,54.88,49.81,0.02,23.86,13.3,매우 안정
6118116844,(주)대경산업,2017,성숙기,0,9.9,69.01,53.96,62.87,0.07,26.07,15.3,매우 안정
6118116844,(주)대경산업,2018,성숙기,0,3.3,45.71,59.52,68.37,0.04,21.26,13.4,매우 안정
6118116844,(주)대경산업,2019,성숙기,0,0.0,70.0,64.49,74.2,0.02,12.0,14.3,매우 안정
6118116844,(주)대경산업,2020,성숙기,0,0.0,100.0,87.2,85.09,0.1,11.18,18.6,매우 안정
6118116844,(주)대경산업,2021,성숙기,0,0.0,60.1,93.3,38.63,0.01,14.45,15.0,매우 안정
6118116844,(주)대경산업,2022,성숙기,0,0.0,0.0,97.61,52.45,0.02,24.37,13.6,매우 안정
6118116844,(주)대경산업,2023,성숙기,0,0.0,55.11,98.86,38.33,0.28,56.86,17.6,매우 안정
6118116844,(주)대경산업,2024,도입기,0,100.0,68.67,100.0,47.93,6.67,42.95,41.6,중립
6118123933,경원파워주식회사,2018,쇠퇴기,0,100.0,45.71,59.52,60.57,0.0,21.28,32.3,안정
6118123933,경원파워주식회사,2019,도입기,0,50.2,70.0,64.49,64.56,11.23,22.01,30.5,안정
6118123933,경원파워주식회사,2020,쇠퇴기,0,100.0,100.0,87.2,81.25,11.95,11.87,44.9,중립
6118123933,경원파워주식회사,2021,쇠퇴기,1,100.0,60.1,93.3,50.87,87.03,86.45,87.1,매우 위험
6118125488,거창풍력발전(주),2015,도입기,0,30.9,89.44,0.0,49.85,0.07,18.8,14.1,매우 안정
6118125488,거창풍력발전(주),2016,도입기,0,27.2,67.33,54.88,45.74,1.87,25.3,18.9,매우 안정
6118125488,거창풍력발전(주),2017,도입기,0,43.7,69.01,53.96,60.77,0.09,24.65,21.9,매우 안정
6118125488,거창풍력발전(주),2018,성숙기,0,3.3,45.71,59.52,57.68,0.02,21.23,12.9,매우 안정
6118125488,거창풍력발전(주),2019,성숙기,0,0.0,70.0,64.49,67.86,0.17,12.15,14.0,매우 안정
6118125488,거창풍력발전(주),2020,성숙기,0,0.0,100.0,87.2,85.02,0.31,11.24,18.7,매우 안정
6118125488,거창풍력발전(주),2021,조정기,0,30.2,60.1,93.3,38.67,0.13,14.35,21.1,매우 안정
6118125488,거창풍력발전(주),2022,조정기,0,27.0,0.0,97.61,44.47,0.25,24.45,18.7,매우 안정
6118125488,거창풍력발전(주),2023,조정기,0,32.9,55.11,98.86,32.66,0.08,56.64,23.7,매우 안정
6118125488,거창풍력발전(주),2024,성숙기,0,0.0,68.67,100.0,40.74,0.25,38.53,17.5,매우 안정
6118701120,와이케이메탈주식회사,2021,성장기,0,22.2,60.1,93.3,37.74,0.06,14.55,19.4,매우 안정
6118701120,와이케이메탈주식회사,2022,조정기,0,27.0,0.0,97.61,47.02,16.17,38.43,28.3,매우 안정
6118701120,와이케이메탈주식회사,2023,성숙기,0,0.0,55.11,98.86,34.73,5.07,49.92,19.7,매우 안정
6118701120,와이케이메탈주식회사,2024,도입기,0,100.0,68.67,100.0,32.88,0.4,35.83,37.1,안정
6128104093,(주)PSG,2015,조정기,0,30.6,89.44,0.0,48.99,0.12,18.87,14.1,매우 안정
6128104093,(주)PSG,2016,조정기,0,25.4,67.33,54.88,47.07,0.06,23.82,17.5,매우 안정
6128104093,(주)PSG,2017,성숙기,0,9.9,69.01,53.96,61.76,0.35,26.26,15.4,매우 안정
6128104093,(주)PSG,2018,성숙기,0,3.3,45.71,59.52,61.39,0.2,21.16,13.1,매우 안정
6128104093,(주)PSG,2019,성숙기,0,0.0,70.0,64.49,64.48,0.07,11.9,13.8,매우 안정
6128104093,(주)PSG,2020,성숙기,0,0.0,100.0,87.2,80.81,0.06,11.1,18.3,매우 안정
6128104093,(주)PSG,2021,쇠퇴기,0,100.0,60.1,93.3,33.43,0.33,14.8,34.9,안정
6128104093,(주)PSG,2022,조정기,0,27.0,0.0,97.61,46.1,0.15,24.17,18.8,매우 안정
6128104093,(주)PSG,2023,성숙기,0,0.0,55.11,98.86,33.98,0.03,56.67,17.2,매우 안정
6128104093,(주)PSG,2024,성숙기,0,0.0,68.67,100.0,42.38,0.03,38.41,17.5,매우 안정
6128144421,통영에코파워주식회사,2020,도입기,0,71.5,100.0,87.2,81.25,0.15,11.11,32.7,안정
6128144421,통영에코파워주식회사,2021,도입기,0,72.6,60.1,93.3,37.74,5.83,20.02,32.9,안정
6128144421,통영에코파워주식회사,2022,도입기,1,56.5,0.0,97.61,47.02,6.85,24.71,28.4,매우 안정
6128149071,고성그린파워주식회사,2015,도입기,0,30.9,89.44,0.0,49.85,0.18,18.8,14.2,매우 안정
6128149071,고성그린파워주식회사,2016,도입기,0,27.2,67.33,54.88,45.74,1.07,24.59,18.4,매우 안정
6128149071,고성그린파워주식회사,2017,도입기,0,43.7,69.01,53.96,60.77,0.95,25.94,22.4,매우 안정
6128149071,고성그린파워주식회사,2018,도입기,0,47.7,45.71,59.52,61.23,0.55,20.97,22.2,매우 안정
6128149071,고성그린파워주식회사,2019,도입기,0,50.2,70.0,64.49,64.96,2.9,14.1,25.5,매우 안정
6128149071,고성그린파워주식회사,2020,도입기,0,71.5,100.0,87.2,81.25,2.5,10.76,34.0,안정
6128149071,고성그린파워주식회사,2021,도입기,0,72.6,60.1,93.3,37.42,2.91,14.82,31.1,안정
6128149071,고성그린파워주식회사,2022,성숙기,0,0.0,0.0,97.61,46.34,1.57,22.91,14.1,매우 안정
6128149071,고성그린파워주식회사,2023,성숙기,0,0.0,55.11,98.86,35.06,5.68,58.56,20.4,매우 안정
6128149071,고성그린파워주식회사,2024,성숙기,0,0.0,68.67,100.0,44.98,11.33,43.21,24.1,매우 안정
6138131410,주식회사성광,2015,성장기,0,0.0,89.44,0.0,47.3,0.12,18.84,7.8,매우 안정
6138131410,주식회사성광,2016,성숙기,0,3.7,67.33,54.88,43.25,0.81,24.42,13.4,매우 안정
6138131410,주식회사성광,2017,조정기,0,32.0,69.01,53.96,56.98,14.19,36.42,27.7,매우 안정
6138131410,주식회사성광,2018,조정기,0,28.3,45.71,59.52,53.47,12.65,20.07,24.5,매우 안정
6138131410,주식회사성광,2019,조정기,1,34.0,70.0,64.49,62.72,84.3,75.58,70.0,매우 위험
6158108235,주식회사덕산금속,2015,도입기,1,30.9,89.44,0.0,54.13,79.56,91.11,61.7,매우 위험
6158136560,주식회사중앙환경,2015,성숙기,0,8.0,89.44,0.0,49.85,0.02,18.8,9.5,매우 안정
6158136560,주식회사중앙환경,2016,성숙기,0,3.7,67.33,54.88,48.47,0.02,23.87,13.2,매우 안정
6158136560,주식회사중앙환경,2017,성숙기,0,9.9,69.01,53.96,61.75,0.02,26.03,15.2,매우 안정
6158136560,주식회사중앙환경,2018,성숙기,0,3.3,45.71,59.52,61.97,0.0,21.27,13.1,매우 안정
6158136560,주식회사중앙환경,2019,성숙기,0,0.0,70.0,64.49,64.57,0.0,12.02,13.8,매우 안정
6158146054,주식회사베니온,2015,조정기,1,30.6,89.44,0.0,49.85,81.82,89.22,62.5,매우 위험
6158166797,주식회사이알,2021,성장기,0,22.2,60.1,93.3,37.74,0.07,14.55,19.4,매우 안정
6158166797,주식회사이알,2022,성숙기,0,0.0,0.0,97.61,47.02,0.3,24.54,13.5,매우 안정
6158166797,주식회사이알,2023,도입기,0,89.8,55.11,98.86,34.73,1.18,57.14,35.8,안정
6158166797,주식회사이알,2024,도입기,0,100.0,68.67,100.0,40.91,37.06,63.92,59.1,위험
6158169931,주식회사우리환경산업,2015,성장기,0,0.0,89.44,0.0,49.85,0.06,18.8,7.9,매우 안정
6158169931,주식회사우리환경산업,2016,성장기,0,0.0,67.33,54.88,45.74,1.6,25.09,13.3,매우 안정
6158169931,주식회사우리환경산업,2017,성장기,0,0.0,69.01,53.96,60.77,1.03,25.59,13.7,매우 안정
6158169931,주식회사우리환경산업,2018,성장기,0,0.0,45.71,59.52,55.74,0.54,20.9,12.4,매우 안정
6158169931,주식회사우리환경산업,2019,성장기,0,16.9,70.0,64.49,64.86,3.51,14.65,19.2,매우 안정
6158182889,주식회사동부스틸,2015,성장기,0,0.0,89.44,0.0,53.48,0.17,18.92,8.2,매우 안정
6158182889,주식회사동부스틸,2016,도입기,0,27.2,67.33,54.88,41.49,0.21,23.91,17.7,매우 안정
6158182889,주식회사동부스틸,2017,성숙기,0,9.9,69.01,53.96,56.84,0.35,26.14,15.2,매우 안정
6158182889,주식회사동부스틸,2018,성장기,0,0.0,45.71,59.52,59.75,0.04,21.03,12.3,매우 안정
6158182889,주식회사동부스틸,2019,조정기,0,34.0,70.0,64.49,63.78,0.18,12.15,20.6,매우 안정
6158182889,주식회사동부스틸,2020,쇠퇴기,0,100.0,100.0,87.2,89.47,0.1,11.03,38.8,안정
6158182889,주식회사동부스틸,2021,성숙기,0,0.0,60.1,93.3,42.86,0.18,14.62,15.3,매우 안정
6158182889,주식회사동부스틸,2022,도입기,0,56.5,0.0,97.61,58.56,0.15,24.32,25.3,매우 안정
6158182889,주식회사동부스틸,2023,성숙기,0,0.0,55.11,98.86,43.05,0.14,56.72,17.7,매우 안정
6158182889,주식회사동부스틸,2024,조정기,0,19.7,68.67,100.0,53.52,2.61,40.16,23.5,매우 안정
6158603249,주식회사승지,2015,성장기,0,0.0,89.44,0.0,49.85,0.08,18.8,7.9,매우 안정
6158603249,주식회사승지,2016,조정기,0,25.4,67.33,54.88,45.74,0.41,24.13,17.7,매우 안정
6158603249,주식회사승지,2017,조정기,0,32.0,69.01,53.96,60.77,0.37,26.0,19.8,매우 안정
6158603249,주식회사승지,2018,조정기,0,28.3,45.71,59.52,69.64,0.1,21.07,18.5,매우 안정
6158603249,주식회사승지,2019,조정기,0,34.0,70.0,64.49,63.44,0.16,12.07,20.6,매우 안정
6158603249,주식회사승지,2020,쇠퇴기,0,100.0,100.0,87.2,84.36,0.09,11.04,38.5,안정
6158603249,주식회사승지,2021,쇠퇴기,0,100.0,60.1,93.3,37.74,0.55,14.99,35.3,안정
6158603249,주식회사승지,2022,쇠퇴기,0,100.0,0.0,97.61,66.96,7.84,30.68,39.0,안정
6158603249,주식회사승지,2023,성숙기,0,0.0,55.11,98.86,49.63,0.25,52.37,17.9,매우 안정
6158603249,주식회사승지,2024,성숙기,0,0.0,68.67,100.0,61.62,0.43,38.56,18.7,매우 안정
6168114235,제주산업주식회사,2017,조정기,0,32.0,69.01,53.96,47.12,0.02,26.03,18.9,매우 안정
6168114235,제주산업주식회사,2018,조정기,0,28.3,45.71,59.52,59.07,0.04,21.3,17.9,매우 안정
6168114235,제주산업주식회사,2019,조정기,0,34.0,70.0,64.49,64.69,0.09,12.06,20.6,매우 안정
6168130725,(주)제주도시가스,2015,성장기,0,0.0,89.44,0.0,49.07,7.89,21.31,12.3,매우 안정
6168130725,(주)제주도시가스,2016,성장기,0,0.0,67.33,54.88,42.81,15.1,29.78,20.8,매우 안정
6168130725,(주)제주도시가스,2017,성장기,0,0.0,69.01,53.96,58.3,17.0,27.52,22.5,매우 안정
6168130725,(주)제주도시가스,2018,성장기,1,0.0,45.71,59.52,59.57,86.69,77.44,62.8,매우 위험
6168172763,제주김녕풍력발전주식회사,2015,도입기,0,30.9,89.44,0.0,49.85,0.15,18.8,14.2,매우 안정
6168172763,제주김녕풍력발전주식회사,2016,성숙기,0,3.7,67.33,54.88,45.74,0.4,24.08,13.3,매우 안정
6168172763,제주김녕풍력발전주식회사,2017,성숙기,0,9.9,69.01,53.96,60.77,0.18,25.86,15.3,매우 안정
6168172763,제주김녕풍력발전주식회사,2018,성숙기,0,3.3,45.71,59.52,11.55,0.07,21.2,10.6,매우 안정
6168172763,제주김녕풍력발전주식회사,2019,성숙기,0,0.0,70.0,64.49,70.0,0.73,12.6,14.5,매우 안정
6168172763,제주김녕풍력발전주식회사,2020,성숙기,0,0.0,100.0,87.2,94.77,3.24,13.42,20.9,매우 안정
6168172763,제주김녕풍력발전주식회사,2021,성숙기,0,0.0,60.1,93.3,50.71,26.29,36.64,31.2,안정
6168172763,제주김녕풍력발전주식회사,2022,성숙기,0,0.0,0.0,97.61,49.22,1.24,0.0,12.9,매우 안정
6168172763,제주김녕풍력발전주식회사,2023,성숙기,0,0.0,55.11,98.86,36.61,12.85,62.19,24.6,매우 안정
6168172763,제주김녕풍력발전주식회사,2024,성숙기,0,0.0,68.67,100.0,46.51,58.78,72.69,51.7,위험
6168187062,탐라해상풍력발전주식회사,2015,쇠퇴기,0,100.0,89.44,0.0,49.85,1.19,19.0,28.6,매우 안정
6168187062,탐라해상풍력발전주식회사,2016,도입기,0,27.2,67.33,54.88,47.65,0.52,23.35,18.1,매우 안정
6168187062,탐라해상풍력발전주식회사,2017,도입기,0,43.7,69.01,53.96,61.71,0.26,25.83,22.1,매우 안정
6168187062,탐라해상풍력발전주식회사,2018,도입기,0,47.7,45.71,59.52,61.55,0.02,21.09,21.9,매우 안정
6168187062,탐라해상풍력발전주식회사,2019,성숙기,0,0.0,70.0,64.49,37.48,0.17,12.15,12.5,매우 안정
6168187062,탐라해상풍력발전주식회사,2020,성숙기,0,0.0,100.0,87.2,79.51,0.76,11.65,18.7,매우 안정
6168187062,탐라해상풍력발전주식회사,2021,성숙기,0,0.0,60.1,93.3,40.81,0.16,13.93,15.2,매우 안정
6168187062,탐라해상풍력발전주식회사,2022,성숙기,0,0.0,0.0,97.61,44.98,0.35,24.51,13.4,매우 안정
6168187062,탐라해상풍력발전주식회사,2023,성숙기,0,0.0,55.11,98.86,32.92,0.99,57.01,17.7,매우 안정
6168187062,탐라해상풍력발전주식회사,2024,성숙기,0,0.0,68.67,100.0,41.46,0.51,38.2,17.7,매우 안정
6168198050,주식회사행원풍력에너지특성화마을법인,2015,성숙기,0,8.0,89.44,0.0,49.85,0.69,18.27,9.9,매우 안정
6168198050,주식회사행원풍력에너지특성화마을법인,2016,성숙기,0,3.7,67.33,54.88,46.95,1.16,24.26,13.8,매우 안정
6168198050,주식회사행원풍력에너지특성화마을법인,2017,성숙기,0,9.9,69.01,53.96,61.61,1.31,26.15,15.9,매우 안정
6168198050,주식회사행원풍력에너지특성화마을법인,2018,성숙기,0,3.3,45.71,59.52,61.53,0.41,20.56,13.2,매우 안정
6178101562,(주)부산도시가스,2021,성숙기,0,0.0,60.1,93.3,37.74,0.05,14.55,15.0,매우 안정
6178101562,(주)부산도시가스,2022,조정기,0,27.0,0.0,97.61,47.02,0.2,24.48,18.8,매우 안정
6178101562,(주)부산도시가스,2023,쇠퇴기,0,100.0,55.11,98.86,34.73,0.25,56.75,37.4,안정
6178101562,(주)부산도시가스,2024,쇠퇴기,0,68.3,68.67,100.0,41.34,0.42,38.55,31.3,안정
6178172602,(주)신선에너지,2015,쇠퇴기,0,100.0,89.44,0.0,50.73,8.1,17.77,32.4,안정
6178197016,주식회사해봄,2022,도입기,0,56.5,0.0,97.61,47.02,0.08,24.35,24.7,매우 안정
6178197016,주식회사해봄,2023,쇠퇴기,0,100.0,55.11,98.86,34.73,21.6,67.05,49.6,중립
6178197016,주식회사해봄,2024,도입기,1,100.0,68.67,100.0,42.62,18.9,39.59,47.9,중립
6178198581,경주산업단지풍력발전(주),2016,도입기,0,27.2,67.33,54.88,45.74,0.03,23.87,17.8,매우 안정
6178198581,경주산업단지풍력발전(주),2017,성장기,0,0.0,69.01,53.96,60.77,1.93,27.5,14.3,매우 안정
6178198581,경주산업단지풍력발전(주),2018,성장기,0,0.0,45.71,59.52,60.57,17.13,33.54,22.4,매우 안정
6178198581,경주산업단지풍력발전(주),2019,성장기,1,16.9,70.0,64.49,100.0,84.09,71.34,68.1,매우 위험
6178624560,주식회사광호,2017,성장기,0,0.0,69.01,53.96,60.77,0.1,26.03,13.2,매우 안정
6178624560,주식회사광호,2018,성숙기,0,3.3,45.71,59.52,60.57,2.0,22.82,14.2,매우 안정
6178624560,주식회사광호,2019,쇠퇴기,1,100.0,70.0,64.49,64.56,97.13,96.66,91.4,매우 위험
6178625249,주식회사케이디환경,2020,도입기,0,71.5,100.0,87.2,81.25,0.17,11.11,32.7,안정
6178625249,주식회사케이디환경,2021,도입기,0,72.6,60.1,93.3,37.74,4.44,18.66,32.1,안정
6178625249,주식회사케이디환경,2022,도입기,0,56.5,0.0,97.61,47.02,1.1,21.02,25.1,매우 안정
6178625249,주식회사케이디환경,2023,성숙기,0,0.0,55.11,98.86,34.29,0.01,56.12,17.2,매우 안정
6178625249,주식회사케이디환경,2024,성숙기,0,0.0,68.67,100.0,37.39,0.09,38.46,17.3,매우 안정
6178625346,부산그린에너지(주),2016,도입기,0,27.2,67.33,54.88,45.74,0.06,23.87,17.8,매우 안정
6178625346,부산그린에너지(주),2017,성장기,0,0.0,69.01,53.96,60.77,0.88,26.66,13.7,매우 안정
6178625346,부산그린에너지(주),2018,조정기,0,28.3,45.71,59.52,60.57,0.3,20.82,18.1,매우 안정
6178625346,부산그린에너지(주),2019,성숙기,0,0.0,70.0,64.49,46.38,2.93,14.35,14.6,매우 안정
6178625346,부산그린에너지(주),2020,성숙기,0,0.0,100.0,87.2,85.49,1.75,10.04,19.5,매우 안정
6178625346,부산그린에너지(주),2021,성숙기,1,0.0,60.1,93.3,45.69,77.12,87.24,61.4,매우 위험
6208136387,울주청천주식회사,2015,성숙기,0,8.0,89.44,0.0,50.13,0.96,18.47,10.0,매우 안정
6208136387,울주청천주식회사,2016,성숙기,0,3.7,67.33,54.88,50.87,0.66,23.64,13.7,매우 안정
6208136387,울주청천주식회사,2017,성숙기,0,9.9,69.01,53.96,64.56,0.62,26.0,15.7,매우 안정
6208136387,울주청천주식회사,2018,성숙기,0,3.3,45.71,59.52,63.23,0.53,21.22,13.4,매우 안정
6208136387,울주청천주식회사,2019,성숙기,0,0.0,70.0,64.49,66.8,0.86,12.3,14.4,매우 안정
6208136387,울주청천주식회사,2020,성숙기,0,0.0,100.0,87.2,85.42,18.68,27.51,29.6,매우 안정
6208136387,울주청천주식회사,2021,성숙기,0,0.0,60.1,93.3,39.72,4.57,0.0,16.8,매우 안정
6208136387,울주청천주식회사,2022,성숙기,1,0.0,0.0,97.61,48.24,13.75,31.96,21.3,매우 안정
6208152048,(주)케이디파워텍,2015,도입기,0,30.9,89.44,0.0,49.85,0.04,18.8,14.1,매우 안정
6208152048,(주)케이디파워텍,2016,성장기,0,0.0,67.33,54.88,45.74,1.1,24.71,13.0,매우 안정
6208152048,(주)케이디파워텍,2017,성장기,0,0.0,69.01,53.96,60.77,0.35,25.45,13.4,매우 안정
6208152048,(주)케이디파워텍,2018,성장기,0,0.0,45.71,59.52,51.03,1.68,22.35,12.8,매우 안정
6208152048,(주)케이디파워텍,2019,조정기,0,34.0,70.0,64.49,68.38,3.52,13.62,22.8,매우 안정
6208152048,(주)케이디파워텍,2020,조정기,0,16.3,100.0,87.2,93.68,0.26,8.15,22.2,매우 안정
6208152048,(주)케이디파워텍,2021,조정기,0,30.2,60.1,93.3,46.71,0.67,14.93,21.8,매우 안정
6208152048,(주)케이디파워텍,2022,성숙기,0,0.0,0.0,97.61,53.93,0.18,23.86,13.7,매우 안정
6208152048,(주)케이디파워텍,2023,성숙기,0,0.0,55.11,98.86,40.3,0.18,56.73,17.6,매우 안정
6208152048,(주)케이디파워텍,2024,성숙기,0,0.0,68.67,100.0,51.42,0.09,38.36,18.0,매우 안정
6218122305,MS종합가스주식회사,2018,성숙기,0,3.3,45.71,59.52,54.77,0.29,21.28,12.9,매우 안정
6218122305,MS종합가스주식회사,2019,성숙기,0,0.0,70.0,64.49,63.39,0.1,11.84,13.8,매우 안정
6218122305,MS종합가스주식회사,2020,성숙기,0,0.0,100.0,87.2,87.38,0.03,11.04,18.7,매우 안정
6218122305,MS종합가스주식회사,2021,성숙기,0,0.0,60.1,93.3,38.79,0.49,14.99,15.3,매우 안정
6218122305,MS종합가스주식회사,2022,도입기,0,56.5,0.0,97.61,49.42,1.64,25.32,25.7,매우 안정
6218122305,MS종합가스주식회사,2023,성장기,0,27.2,55.11,98.86,36.85,0.18,55.89,22.8,매우 안정
6218122305,MS종합가스주식회사,2024,성장기,0,27.8,68.67,100.0,45.01,0.51,38.65,23.5,매우 안정
6218129797,유승건기산업(주),2015,성숙기,0,8.0,89.44,0.0,61.03,0.18,17.63,10.1,매우 안정
6218129797,유승건기산업(주),2016,성숙기,0,3.7,67.33,54.88,52.23,6.06,28.56,17.0,매우 안정
6218129797,유승건기산업(주),2017,성숙기,0,9.9,69.01,53.96,65.67,0.08,21.4,15.2,매우 안정
6218129797,유승건기산업(주),2018,성숙기,0,3.3,45.71,59.52,65.33,0.46,21.59,13.5,매우 안정
6218129797,유승건기산업(주),2019,성숙기,0,0.0,70.0,64.49,72.55,2.07,13.44,15.4,매우 안정
6218129797,유승건기산업(주),2020,성장기,0,11.2,100.0,87.2,83.22,0.81,9.97,21.1,매우 안정
6218129797,유승건기산업(주),2021,성숙기,0,0.0,60.1,93.3,40.18,11.32,24.65,21.8,매우 안정
6218129797,유승건기산업(주),2022,쇠퇴기,0,100.0,0.0,97.61,45.77,31.25,40.72,51.3,위험
6218129797,유승건기산업(주),2023,도입기,1,89.8,55.11,98.86,33.66,2.85,40.23,35.9,안정
6218165056,(주)유일,2018,성장기,0,0.0,45.71,59.52,60.57,0.01,21.28,12.3,매우 안정
6218165056,(주)유일,2019,성장기,0,16.9,70.0,64.49,64.56,1.98,13.77,18.3,매우 안정
6218165056,(주)유일,2020,성장기,0,11.2,100.0,87.2,81.25,0.57,9.83,20.8,매우 안정
6218165056,(주)유일,2021,조정기,0,30.2,60.1,93.3,30.13,0.66,14.61,21.0,매우 안정
6218165056,(주)유일,2022,성숙기,0,0.0,0.0,97.61,39.62,1.91,25.39,14.1,매우 안정
6218165056,(주)유일,2023,성숙기,0,0.0,55.11,98.86,25.55,3.45,57.3,18.7,매우 안정
6218167767,유일산업주식회사,2015,성장기,0,0.0,89.44,0.0,51.06,0.35,18.32,8.1,매우 안정
6218167767,유일산업주식회사,2016,성장기,0,0.0,67.33,54.88,46.7,1.26,24.6,13.1,매우 안정
6218167767,유일산업주식회사,2017,성숙기,0,9.9,69.01,53.96,61.39,0.11,25.14,15.2,매우 안정
6218167767,유일산업주식회사,2018,성장기,0,0.0,45.71,59.52,64.73,0.1,21.28,12.6,매우 안정
6218167767,유일산업주식회사,2019,성장기,0,16.9,70.0,64.49,66.92,0.06,11.98,17.3,매우 안정
6218167767,유일산업주식회사,2020,성장기,0,11.2,100.0,87.2,83.67,1.26,12.21,21.4,매우 안정
6218167767,유일산업주식회사,2021,조정기,0,30.2,60.1,93.3,41.94,0.3,13.56,21.3,매우 안정
6218167767,유일산업주식회사,2022,성숙기,0,0.0,0.0,97.61,57.74,0.15,24.2,13.9,매우 안정
6218167767,유일산업주식회사,2023,도입기,0,89.8,55.11,98.86,42.65,0.48,56.88,35.8,안정
6218167767,유일산업주식회사,2024,성숙기,0,0.0,68.67,100.0,53.32,1.62,39.27,19.0,매우 안정
6218184989,대명지이씨풍력발전주식회사,2015,성숙기,0,8.0,89.44,0.0,7.14,0.21,18.95,7.5,매우 안정
6218188535,윈드밀파워(주),2015,도입기,0,30.9,89.44,0.0,49.85,11.06,27.37,20.6,매우 안정
6218188535,윈드밀파워(주),2016,성숙기,0,3.7,67.33,54.88,49.38,17.79,29.46,23.3,매우 안정
6218188535,윈드밀파워(주),2017,조정기,1,32.0,69.01,53.96,62.48,99.55,89.5,77.6,매우 위험
6218610032,주식회사양산햇빛발전소,2016,성장기,0,0.0,67.33,54.88,45.74,0.13,23.87,12.4,매우 안정
6218610032,주식회사양산햇빛발전소,2017,도입기,0,43.7,69.01,53.96,60.77,0.96,26.67,22.5,매우 안정
6218610032,주식회사양산햇빛발전소,2018,성장기,0,0.0,45.71,59.52,60.57,0.08,20.58,12.3,매우 안정
6218610032,주식회사양산햇빛발전소,2019,성숙기,0,0.0,70.0,64.49,68.37,1.75,13.5,15.0,매우 안정
6228113885,주식회사고려산기,2023,성숙기,0,0.0,55.11,98.86,34.73,0.03,56.75,17.2,매우 안정
6228113885,주식회사고려산기,2024,성숙기,0,0.0,68.67,100.0,42.62,0.01,38.39,17.5,매우 안정
6238100156,광진쏠라주식회사,2018,성장기,0,0.0,45.71,59.52,60.57,0.06,21.28,12.4,매우 안정
6238100156,광진쏠라주식회사,2019,성장기,0,16.9,70.0,64.49,64.56,9.3,20.24,22.7,매우 안정
6238100156,광진쏠라주식회사,2020,성장기,1,11.2,100.0,87.2,81.25,97.98,92.77,78.6,매우 위험
6238600582,하장3풍력발전(주),2017,도입기,0,43.7,69.01,53.96,60.77,0.09,26.03,22.0,매우 안정
6238600582,하장3풍력발전(주),2018,성숙기,0,3.3,45.71,59.52,,0.01,21.22,,매우 안정
6238600582,하장3풍력발전(주),2019,성숙기,0,0.0,70.0,64.49,64.56,0.1,12.1,13.8,매우 안정
6238600582,하장3풍력발전(주),2020,성숙기,0,0.0,100.0,87.2,81.25,0.25,11.25,18.5,매우 안정
6238600582,하장3풍력발전(주),2021,성숙기,0,0.0,60.1,93.3,38.04,0.04,14.33,15.0,매우 안정
6238600582,하장3풍력발전(주),2023,성숙기,0,0.0,55.11,98.86,35.02,0.04,56.75,17.3,매우 안정
6238600582,하장3풍력발전(주),2024,성숙기,0,0.0,68.67,100.0,43.35,1.28,39.28,18.3,매우 안정
6268801380,주식회사이래에이치티,2021,성장기,0,22.2,60.1,93.3,37.74,0.14,14.55,19.5,매우 안정
6268801380,주식회사이래에이치티,2022,성숙기,0,0.0,0.0,97.61,47.02,4.38,28.05,15.9,매우 안정
6268801380,주식회사이래에이치티,2023,성숙기,0,0.0,55.11,98.86,34.73,0.32,54.39,17.3,매우 안정
6268801380,주식회사이래에이치티,2024,성숙기,0,0.0,68.67,100.0,41.32,1.84,39.52,18.5,매우 안정
6308700952,대구에코주식회사,2019,도입기,0,50.2,70.0,64.49,64.56,0.05,12.02,23.8,매우 안정
6308700952,대구에코주식회사,2020,도입기,0,71.5,100.0,87.2,81.25,1.51,12.45,33.5,안정
6308700952,대구에코주식회사,2021,도입기,0,72.6,60.1,93.3,37.74,15.79,28.26,38.8,안정
6308700952,대구에코주식회사,2022,성숙기,1,0.0,0.0,97.61,46.57,52.74,55.18,43.9,중립
6328101412,주식회사팜양주,2021,성장기,0,22.2,60.1,93.3,37.74,0.09,14.55,19.4,매우 안정
6328101412,주식회사팜양주,2022,성숙기,0,0.0,0.0,97.61,47.02,0.4,24.63,13.6,매우 안정
6328101412,주식회사팜양주,2023,성장기,0,27.2,55.11,98.86,34.73,0.01,56.52,22.6,매우 안정
6328101412,주식회사팜양주,2024,성장기,0,27.8,68.67,100.0,39.7,0.26,38.58,23.1,매우 안정
6438101445,아산서해물길,2019,도입기,0,50.2,70.0,64.49,64.56,0.06,12.02,23.9,매우 안정
6438101445,아산서해물길,2020,도입기,0,71.5,100.0,87.2,81.25,0.55,11.56,33.0,안정
6438101445,아산서해물길,2022,도입기,0,56.5,0.0,97.61,47.02,1.42,24.35,25.4,매우 안정
6438101445,아산서해물길,2023,도입기,0,89.8,55.11,98.86,34.29,0.25,56.05,35.3,안정
6438101445,아산서해물길,2024,도입기,0,100.0,68.67,100.0,42.16,34.16,62.39,57.4,위험
6488801264,(주)성우모터스,2021,성숙기,0,0.0,60.1,93.3,37.74,0.06,14.55,15.0,매우 안정
6488801264,(주)성우모터스,2022,도입기,0,56.5,0.0,97.61,47.02,0.66,24.87,25.0,매우 안정
6488801264,(주)성우모터스,2023,도입기,0,89.8,55.11,98.86,34.73,0.51,56.6,35.4,안정
6488801264,(주)성우모터스,2024,도입기,0,100.0,68.67,100.0,37.05,0.47,38.45,37.5,안정
6498100177,주식회사제주그린파워,2016,도입기,0,27.2,67.33,54.88,45.74,0.05,23.87,17.8,매우 안정
6498100177,주식회사제주그린파워,2017,조정기,0,32.0,69.01,53.96,60.77,1.07,26.82,20.2,매우 안정
6498100177,주식회사제주그린파워,2018,쇠퇴기,0,100.0,45.71,59.52,60.57,0.19,20.58,32.4,안정
6498100177,주식회사제주그린파워,2019,쇠퇴기,1,100.0,70.0,64.49,64.96,90.76,92.64,87.7,매우 위험
6508801928,빛고을에코에너지주식회사,2021,도입기,0,72.6,60.1,93.3,37.74,0.07,14.55,29.5,매우 안정
6508801928,빛고을에코에너지주식회사,2022,성장기,0,15.4,0.0,97.61,47.02,0.52,24.74,16.7,매우 안정
6508801928,빛고을에코에너지주식회사,2023,성숙기,0,0.0,55.11,98.86,34.73,0.01,56.45,17.2,매우 안정
6508801928,빛고을에코에너지주식회사,2024,조정기,0,19.7,68.67,100.0,17.1,0.13,38.49,20.2,매우 안정
6568800951,주식회사서해열병합발전,2022,성장기,0,15.4,0.0,97.61,47.02,0.14,24.35,16.5,매우 안정
6568800951,주식회사서해열병합발전,2023,성숙기,0,0.0,55.11,98.86,34.73,0.13,56.72,17.3,매우 안정
6568800951,주식회사서해열병합발전,2024,성숙기,0,0.0,68.67,100.0,42.62,0.99,39.03,18.1,매우 안정
6668101133,이엠케이울산주식회사,2018,도입기,0,47.7,45.71,59.52,60.57,0.02,21.28,21.9,매우 안정
6668101133,이엠케이울산주식회사,2019,도입기,0,50.2,70.0,64.49,64.56,8.25,19.34,28.7,매우 안정
6668101133,이엠케이울산주식회사,2020,도입기,1,71.5,100.0,87.2,81.25,72.76,70.52,75.6,매우 위험
6668601759,주식회사센트로음성,2020,도입기,0,71.5,100.0,87.2,81.25,0.19,11.11,32.7,안정
6668601759,주식회사센트로음성,2021,도입기,0,72.6,60.1,93.3,37.74,6.37,20.5,33.3,안정
6668601759,주식회사센트로음성,2022,도입기,0,56.5,0.0,97.61,47.02,0.86,18.95,24.8,매우 안정
6668601759,주식회사센트로음성,2023,성숙기,0,0.0,55.11,98.86,34.29,0.04,56.27,17.2,매우 안정
6668601759,주식회사센트로음성,2024,성숙기,0,0.0,68.67,100.0,41.35,0.48,38.72,17.7,매우 안정
6668801689,주식회사지이케미칼,2021,도입기,0,72.6,60.1,93.3,37.74,0.13,14.55,29.5,매우 안정
6668801689,주식회사지이케미칼,2022,도입기,0,56.5,0.0,97.61,47.02,7.62,30.89,29.1,매우 안정
6668801689,주식회사지이케미칼,2023,도입기,0,89.8,55.11,98.86,34.73,1.21,52.96,35.7,안정
6668801689,주식회사지이케미칼,2024,도입기,1,100.0,68.67,100.0,42.16,42.37,67.65,62.2,매우 위험
6678102232,(주)에코랜드,2022,도입기,0,56.5,0.0,97.61,47.02,0.35,24.35,24.8,매우 안정
6678102232,(주)에코랜드,2023,도입기,0,89.8,55.11,98.86,34.73,1.92,57.46,36.3,안정
6678102232,(주)에코랜드,2024,도입기,1,100.0,68.67,100.0,42.62,13.27,46.7,45.2,중립
6778601176,(주)넥스트워터,2018,조정기,0,28.3,45.71,59.52,60.57,0.03,21.28,18.0,매우 안정
6778601176,(주)넥스트워터,2019,조정기,0,34.0,70.0,64.49,64.56,0.02,12.01,20.6,매우 안정
6778601176,(주)넥스트워터,2020,조정기,0,16.3,100.0,87.2,81.25,0.09,11.17,21.7,매우 안정
6778601176,(주)넥스트워터,2021,성숙기,0,0.0,60.1,93.3,29.9,0.05,14.5,14.6,매우 안정
6778601176,(주)넥스트워터,2022,성숙기,0,0.0,0.0,97.61,34.77,0.14,24.43,12.8,매우 안정
6778601176,(주)넥스트워터,2023,성숙기,0,0.0,55.11,98.86,19.66,0.01,56.67,16.5,매우 안정
6778601176,(주)넥스트워터,2024,성숙기,0,0.0,68.67,100.0,25.52,0.15,38.5,16.7,매우 안정
6808801045,주식회사파주비앤알,2018,성장기,0,0.0,45.71,59.52,60.57,0.02,21.28,12.3,매우 안정
6808801045,주식회사파주비앤알,2019,성숙기,0,0.0,70.0,64.49,64.56,0.02,12.02,13.8,매우 안정
6808801045,주식회사파주비앤알,2020,성숙기,0,0.0,100.0,87.2,81.25,0.02,11.11,18.3,매우 안정
6808801045,주식회사파주비앤알,2021,성숙기,0,0.0,60.1,93.3,32.9,0.02,14.55,14.7,매우 안정
6808801045,주식회사파주비앤알,2022,성숙기,0,0.0,0.0,97.61,43.24,0.05,24.38,13.2,매우 안정
6808801045,주식회사파주비앤알,2023,성숙기,0,0.0,55.11,98.86,30.17,0.0,56.71,17.0,매우 안정
6808801045,주식회사파주비앤알,2024,성숙기,0,0.0,68.67,100.0,37.68,0.02,38.42,17.2,매우 안정
6818100851,고흥신에너지주식회사,2021,도입기,0,72.6,60.1,93.3,37.74,0.15,14.55,29.6,매우 안정
6818100851,고흥신에너지주식회사,2022,도입기,0,56.5,0.0,97.61,47.02,8.28,31.45,29.5,매우 안정
6818100851,고흥신에너지주식회사,2023,도입기,0,89.8,55.11,98.86,34.73,0.06,52.03,35.0,안정
6818100851,고흥신에너지주식회사,2024,성숙기,0,0.0,68.67,100.0,42.16,0.75,38.9,17.9,매우 안정
6848801479,주식회사지파크개발,2020,도입기,0,71.5,100.0,87.2,81.25,0.2,11.11,32.7,안정
6848801479,주식회사지파크개발,2021,쇠퇴기,0,100.0,60.1,93.3,37.74,9.83,23.83,40.8,중립
6848801479,주식회사지파크개발,2022,성장기,0,15.4,0.0,97.61,47.02,12.39,25.68,23.3,매우 안정
6848801479,주식회사지파크개발,2023,성숙기,0,0.0,55.11,98.86,,0.17,49.73,,매우 안정
6848801479,주식회사지파크개발,2024,조정기,0,19.7,68.67,100.0,42.16,39.07,65.91,44.3,중립
6858700480,켑코솔라주식회사,2017,성숙기,0,9.9,69.01,53.96,60.77,0.06,26.03,15.2,매우 안정
6858700480,켑코솔라주식회사,2018,성숙기,0,3.3,45.71,59.52,,0.3,21.48,,매우 안정
6858700480,켑코솔라주식회사,2019,성숙기,0,0.0,70.0,64.49,64.56,0.98,12.62,14.3,매우 안정
6858700480,켑코솔라주식회사,2020,성숙기,0,0.0,100.0,87.2,81.25,4.94,14.75,21.2,매우 안정
6858700480,켑코솔라주식회사,2021,조정기,0,30.2,60.1,93.3,28.43,4.36,13.75,22.9,매우 안정
6858700480,켑코솔라주식회사,2022,성숙기,0,0.0,0.0,97.61,55.08,0.45,20.53,13.8,매우 안정
6858700480,켑코솔라주식회사,2023,성숙기,0,0.0,55.11,98.86,43.74,0.3,56.62,17.8,매우 안정
6858700480,켑코솔라주식회사,2024,성숙기,0,0.0,68.67,100.0,56.42,0.38,38.5,18.4,매우 안정
6918800158,(주)초포솔라,2016,도입기,0,27.2,67.33,54.88,45.74,0.08,23.87,17.8,매우 안정
6918800158,(주)초포솔라,2017,성장기,0,0.0,69.01,53.96,,4.73,29.64,,매우 안정
6918800158,(주)초포솔라,2018,성장기,1,0.0,45.71,59.52,60.57,99.47,97.59,70.9,매우 위험
6928101151,주식회사무안솔라파크,2020,도입기,0,71.5,100.0,87.2,81.25,0.22,11.11,32.8,안정
6928101151,주식회사무안솔라파크,2021,성숙기,0,0.0,60.1,93.3,37.74,0.11,14.42,15.0,매우 안정
6928101151,주식회사무안솔라파크,2022,성숙기,0,0.0,0.0,97.61,47.02,0.56,24.74,13.7,매우 안정
6928101151,주식회사무안솔라파크,2023,성숙기,0,0.0,55.11,98.86,43.58,0.1,56.47,17.7,매우 안정
6928101151,주식회사무안솔라파크,2024,성숙기,0,0.0,68.67,100.0,54.5,0.46,38.67,18.3,매우 안정
6968102259,그린에코솔루션주식회사,2021,도입기,0,72.6,60.1,93.3,37.74,0.06,14.55,29.5,매우 안정
6968102259,그린에코솔루션주식회사,2022,도입기,0,56.5,0.0,97.61,47.02,6.35,29.85,28.4,매우 안정
6968102259,그린에코솔루션주식회사,2023,도입기,1,89.8,55.11,98.86,34.73,7.05,56.48,39.0,안정
6978700300,풍백풍력발전주식회사,2022,도입기,0,56.5,0.0,97.61,47.02,0.32,24.35,24.8,매우 안정
6978700300,풍백풍력발전주식회사,2023,도입기,0,89.8,55.11,98.86,34.73,0.69,56.89,35.6,안정
6978700300,풍백풍력발전주식회사,2024,도입기,0,100.0,68.67,100.0,42.62,3.71,40.63,39.6,안정
6988700259,주식회사노랑에너지,2017,도입기,0,43.7,69.01,53.96,60.77,0.05,26.03,22.0,매우 안정
6988700259,주식회사노랑에너지,2018,성장기,0,0.0,45.71,59.52,60.57,1.14,22.16,13.0,매우 안정
6988700259,주식회사노랑에너지,2019,성장기,1,16.9,70.0,64.49,64.56,100.0,100.0,76.6,매우 위험
7048102429,솔라원이호주식회사,2022,도입기,0,56.5,0.0,97.61,47.02,0.58,24.35,24.9,매우 안정
7048102429,솔라원이호주식회사,2023,도입기,0,89.8,55.11,98.86,34.73,10.64,61.51,41.3,중립
7048102429,솔라원이호주식회사,2024,도입기,1,100.0,68.67,100.0,42.62,66.43,79.34,76.1,매우 위험
7068100640,씨에스에너지주식회사,2019,도입기,0,50.2,70.0,64.49,64.56,0.1,12.02,23.9,매우 안정
7068100640,씨에스에너지주식회사,2020,도입기,0,71.5,100.0,87.2,81.25,3.23,13.98,34.6,안정
7068100640,씨에스에너지주식회사,2021,도입기,1,72.6,60.1,93.3,37.74,70.44,79.28,71.4,매우 위험
7078600196,서남그린에너지(주),2016,도입기,0,27.2,67.33,54.88,45.74,0.03,23.87,17.8,매우 안정
7078600196,서남그린에너지(주),2017,성장기,0,0.0,69.01,53.96,60.77,0.44,26.35,13.4,매우 안정
7078600196,서남그린에너지(주),2018,성숙기,0,3.3,45.71,59.52,60.57,1.34,22.01,13.8,매우 안정
7078600196,서남그린에너지(주),2019,도입기,1,50.2,70.0,64.49,12.3,91.8,92.52,75.7,매우 위험
7158700781,(주)동부하이웨이솔라,2019,도입기,0,50.2,70.0,64.49,64.56,0.09,12.02,23.9,매우 안정
7158700781,(주)동부하이웨이솔라,2020,성장기,0,11.2,100.0,87.2,81.25,1.99,12.85,21.8,매우 안정
7158700781,(주)동부하이웨이솔라,2021,성숙기,0,0.0,60.1,93.3,37.74,0.23,12.75,15.0,매우 안정
7158700781,(주)동부하이웨이솔라,2022,성숙기,0,0.0,0.0,97.61,37.32,1.32,25.29,13.6,매우 안정
7158700781,(주)동부하이웨이솔라,2023,성숙기,0,0.0,55.11,98.86,26.54,0.13,56.04,16.8,매우 안정
7158700781,(주)동부하이웨이솔라,2024,성숙기,0,0.0,68.67,100.0,29.85,0.74,38.85,17.3,매우 안정
7188600497,주식회사한자태양광,2017,도입기,0,43.7,69.01,53.96,60.77,0.08,26.03,22.0,매우 안정
7188600497,주식회사한자태양광,2018,성장기,0,0.0,45.71,59.52,,0.09,21.29,,매우 안정
7188600497,주식회사한자태양광,2019,성장기,0,16.9,70.0,64.49,64.56,0.57,12.45,17.5,매우 안정
7188600497,주식회사한자태양광,2020,성장기,0,11.2,100.0,87.2,81.25,0.51,11.05,20.9,매우 안정
7188600497,주식회사한자태양광,2021,성숙기,0,0.0,60.1,93.3,36.84,0.25,14.27,15.0,매우 안정
7188800604,주식회사태모,2018,성장기,0,0.0,45.71,59.52,60.57,0.05,21.28,12.4,매우 안정
7188800604,주식회사태모,2019,조정기,0,34.0,70.0,64.49,,7.65,18.78,,매우 안정
7188800604,주식회사태모,2020,도입기,1,71.5,100.0,87.2,81.25,95.37,91.87,89.1,매우 위험
7268701266,(주)깨끗한환경,2019,도입기,0,50.2,70.0,64.49,64.56,0.11,12.02,23.9,매우 안정
7268701266,(주)깨끗한환경,2020,쇠퇴기,0,100.0,100.0,87.2,,10.95,21.07,,매우 안정
7268701266,(주)깨끗한환경,2021,쇠퇴기,1,100.0,60.1,93.3,37.74,100.0,100.0,94.2,매우 위험
7328100071,주식회사에코비트에너지정세,2016,조정기,0,25.4,67.33,54.88,45.74,0.05,23.87,17.4,매우 안정
7328100071,주식회사에코비트에너지정세,2017,도입기,0,43.7,69.01,53.96,60.77,0.65,26.49,22.3,매우 안정
7328100071,주식회사에코비트에너지정세,2018,도입기,0,47.7,45.71,59.52,60.57,0.21,20.94,22.0,매우 안정
7328100071,주식회사에코비트에너지정세,2019,도입기,0,50.2,70.0,64.49,,25.76,34.76,,매우 안정
7328100071,주식회사에코비트에너지정세,2020,도입기,1,71.5,100.0,87.2,81.25,91.74,72.03,86.1,매우 위험
7328101804,주식회사에스피환경,2020,성숙기,0,0.0,100.0,87.2,81.25,0.21,11.11,18.5,매우 안정
7328101804,주식회사에스피환경,2021,성숙기,0,0.0,60.1,93.3,37.74,0.02,14.35,15.0,매우 안정
7328101804,주식회사에스피환경,2022,성숙기,0,0.0,0.0,97.61,47.02,0.02,24.36,13.3,매우 안정
7328101804,주식회사에스피환경,2023,성숙기,0,0.0,55.11,98.86,38.31,0.04,56.75,17.4,매우 안정
7328101804,주식회사에스피환경,2024,성숙기,0,0.0,68.67,100.0,46.61,0.06,38.42,17.7,매우 안정
7328801079,(주)예스코,2018,도입기,0,47.7,45.71,59.52,60.57,0.02,21.28,21.9,매우 안정
7328801079,(주)예스코,2019,성숙기,0,0.0,70.0,64.49,64.56,0.47,12.42,14.1,매우 안정
7328801079,(주)예스코,2020,쇠퇴기,0,100.0,100.0,87.2,81.25,0.09,10.76,38.4,안정
7328801079,(주)예스코,2021,성숙기,0,0.0,60.1,93.3,36.39,0.75,15.17,15.3,매우 안정
7328801079,(주)예스코,2022,성숙기,0,0.0,0.0,97.61,43.55,2.75,26.04,14.8,매우 안정
7328801079,(주)예스코,2023,성숙기,0,0.0,55.11,98.86,30.86,1.14,55.71,17.6,매우 안정
7328801079,(주)예스코,2024,성숙기,0,0.0,68.67,100.0,38.41,0.53,38.13,17.6,매우 안정
7358100973,애플에너지주식회사,2020,성장기,0,11.2,100.0,87.2,81.25,0.13,11.11,20.6,매우 안정
7358100973,애플에너지주식회사,2021,성장기,0,22.2,60.1,93.3,37.74,27.06,40.54,35.6,안정
7358100973,애플에너지주식회사,2022,성장기,1,15.4,0.0,97.61,47.02,21.57,17.03,27.9,매우 안정
7398602584,코어엔텍주식회사,2022,성숙기,0,0.0,0.0,97.61,47.02,0.17,24.35,13.4,매우 안정
7398602584,코어엔텍주식회사,2023,성숙기,0,0.0,55.11,98.86,34.73,0.1,56.69,17.3,매우 안정
7398602584,코어엔텍주식회사,2024,성숙기,0,0.0,68.67,100.0,42.62,0.17,38.46,17.6,매우 안정
7418601685,(주)에너지파크,2021,도입기,0,72.6,60.1,93.3,37.74,0.2,14.55,29.6,매우 안정
7418601685,(주)에너지파크,2022,도입기,0,56.5,0.0,97.61,47.02,49.31,67.27,53.9,위험
7418601685,(주)에너지파크,2023,도입기,1,89.8,55.11,98.86,34.73,79.23,66.52,79.2,매우 위험
7488700063,주식회사남호,2018,도입기,0,47.7,45.71,59.52,60.57,0.02,21.28,21.9,매우 안정
7488700063,주식회사남호,2019,성장기,0,16.9,70.0,64.49,64.56,1.17,13.04,17.9,매우 안정
7488700063,주식회사남호,2020,성숙기,0,0.0,100.0,87.2,81.25,0.11,10.14,18.4,매우 안정
7488700063,주식회사남호,2021,성숙기,0,0.0,60.1,93.3,32.33,0.18,14.61,14.8,매우 안정
7488700063,주식회사남호,2022,성숙기,0,0.0,0.0,97.61,58.52,0.17,24.33,14.0,매우 안정
7488700063,주식회사남호,2023,성숙기,0,0.0,55.11,98.86,46.47,0.24,56.76,17.9,매우 안정
7488700063,주식회사남호,2024,성숙기,0,0.0,68.67,100.0,58.24,9.73,45.14,24.0,매우 안정
7508601020,대산그린에너지(주),2019,도입기,0,50.2,70.0,64.49,64.56,0.08,12.02,23.9,매우 안정
7508601020,대산그린에너지(주),2020,성장기,0,11.2,100.0,87.2,81.25,0.12,11.14,20.6,매우 안정
7508601020,대산그린에너지(주),2021,성숙기,0,0.0,60.1,93.3,37.74,4.74,19.0,17.8,매우 안정
7508601020,대산그린에너지(주),2022,조정기,0,27.0,0.0,97.61,51.09,56.17,68.87,52.1,위험
7508601020,대산그린에너지(주),2023,조정기,0,32.9,55.11,98.86,37.62,0.35,24.78,22.5,매우 안정
7508601020,대산그린에너지(주),2024,조정기,0,19.7,68.67,100.0,47.93,1.66,39.38,22.7,매우 안정
7548700035,에스앤이에너지(주),2015,도입기,0,30.9,89.44,0.0,49.85,0.08,18.8,14.1,매우 안정
7548700035,에스앤이에너지(주),2016,성숙기,0,3.7,67.33,54.88,,0.05,23.84,,매우 안정
7548700035,에스앤이에너지(주),2017,성숙기,0,9.9,69.01,53.96,60.77,0.05,26.03,15.2,매우 안정
7548700035,에스앤이에너지(주),2018,성숙기,0,3.3,45.71,59.52,60.57,0.01,21.25,13.0,매우 안정
7548700035,에스앤이에너지(주),2019,성숙기,0,0.0,70.0,64.49,64.33,0.04,12.04,13.8,매우 안정
7548700035,에스앤이에너지(주),2020,성숙기,0,0.0,100.0,87.2,83.27,0.73,11.74,18.9,매우 안정
7548700035,에스앤이에너지(주),2021,성숙기,0,0.0,60.1,93.3,40.43,2.82,16.52,16.7,매우 안정
7548700035,에스앤이에너지(주),2022,도입기,0,56.5,0.0,97.61,48.23,22.23,41.06,37.8,안정
7548700035,에스앤이에너지(주),2023,성숙기,0,0.0,55.11,98.86,35.23,3.13,45.52,18.4,매우 안정
7548700035,에스앤이에너지(주),2024,도입기,1,100.0,68.67,100.0,42.04,42.13,66.4,62.0,매우 위험
7578600231,(주)에스알비태양광,2016,도입기,0,27.2,67.33,54.88,45.74,0.06,23.87,17.8,매우 안정
7578600231,(주)에스알비태양광,2017,도입기,0,43.7,69.01,53.96,60.77,4.72,29.65,24.7,매우 안정
7578600231,(주)에스알비태양광,2018,도입기,1,47.7,45.71,59.52,60.57,99.28,97.45,80.3,매우 위험
7668702638,삼양에코테크,2022,조정기,0,27.0,0.0,97.61,47.02,0.45,24.35,19.0,매우 안정
7668702638,삼양에코테크,2023,조정기,0,32.9,55.11,98.86,34.73,2.52,57.69,25.2,매우 안정
7668702638,삼양에코테크,2024,조정기,0,19.7,68.67,100.0,42.62,4.69,40.3,24.1,매우 안정
7688700179,은성쏠라(주),2017,성장기,0,0.0,69.01,53.96,60.77,0.1,26.03,13.2,매우 안정
7688700179,은성쏠라(주),2018,성장기,0,0.0,45.71,59.52,,2.49,23.21,,매우 안정
7688700179,은성쏠라(주),2019,성장기,1,16.9,70.0,64.49,64.56,99.08,97.96,75.9,매우 위험
7698701453,진코솔라코리아주식회사,2020,성숙기,0,0.0,100.0,87.2,81.25,0.09,11.11,18.4,매우 안정
7698701453,진코솔라코리아주식회사,2021,성숙기,0,0.0,60.1,93.3,37.74,1.57,15.97,15.9,매우 안정
7698701453,진코솔라코리아주식회사,2022,성숙기,0,0.0,0.0,97.61,47.02,21.43,41.57,26.0,매우 안정
7698701453,진코솔라코리아주식회사,2023,성숙기,0,0.0,55.11,98.86,39.74,3.06,45.95,18.6,매우 안정
7698701453,진코솔라코리아주식회사,2024,쇠퇴기,0,68.3,68.67,100.0,45.7,49.65,71.75,60.3,매우 위험
7708800596,(주)동복에너지,2020,도입기,0,71.5,100.0,87.2,81.25,0.17,11.11,32.7,안정
7708800596,(주)동복에너지,2021,도입기,0,72.6,60.1,93.3,37.74,10.98,24.97,36.0,안정
7708800596,(주)동복에너지,2022,도입기,0,56.5,0.0,97.61,47.02,21.0,32.09,36.6,안정
7718101814,(주)에이치투,2021,도입기,0,72.6,60.1,93.3,37.74,0.1,14.55,29.5,매우 안정
7718101814,(주)에이치투,2022,도입기,0,56.5,0.0,97.61,,76.32,90.98,,매우 안정
7718101814,(주)에이치투,2023,도입기,1,89.8,55.11,98.86,34.73,88.64,55.59,83.9,매우 위험
7738800668,주식회사에너지코,2021,도입기,0,72.6,60.1,93.3,37.74,0.1,14.55,29.5,매우 안정
7738800668,주식회사에너지코,2022,성숙기,0,0.0,0.0,97.61,,2.92,26.81,,매우 안정
7738800668,주식회사에너지코,2023,성숙기,0,0.0,55.11,98.86,34.73,0.31,55.22,17.3,매우 안정
7738800668,주식회사에너지코,2024,성숙기,0,0.0,68.67,100.0,42.62,4.14,41.15,19.9,매우 안정
7808701843,주식회사건도개발,2022,성장기,0,15.4,0.0,97.61,47.02,0.33,24.35,16.6,매우 안정
7808701843,주식회사건도개발,2023,성숙기,0,0.0,55.11,98.86,34.73,0.08,56.59,17.3,매우 안정
7808701843,주식회사건도개발,2024,성숙기,0,0.0,68.67,100.0,42.62,0.35,38.6,17.7,매우 안정
7808801063,거금이에스에스주식회사,2018,도입기,0,47.7,45.71,59.52,60.57,0.02,21.28,21.9,매우 안정
7808801063,거금이에스에스주식회사,2019,성숙기,0,0.0,70.0,64.49,64.56,0.4,12.36,14.0,매우 안정
7808801063,거금이에스에스주식회사,2020,성숙기,0,0.0,100.0,87.2,81.25,0.65,11.34,18.7,매우 안정
7808801063,거금이에스에스주식회사,2021,성숙기,0,0.0,60.1,93.3,41.88,0.23,14.11,15.3,매우 안정
7808801063,거금이에스에스주식회사,2022,성숙기,0,0.0,0.0,97.61,50.52,0.54,24.61,13.8,매우 안정
7808801063,거금이에스에스주식회사,2023,성숙기,0,0.0,55.11,98.86,38.69,0.1,56.48,17.5,매우 안정
7808801063,거금이에스에스주식회사,2024,성숙기,0,0.0,68.67,100.0,47.64,0.45,38.66,18.0,매우 안정
7928801218,주식회사양원이엔지,2018,도입기,0,47.7,45.71,59.52,60.57,0.02,21.28,21.9,매우 안정
7928801218,주식회사양원이엔지,2019,성숙기,0,0.0,70.0,64.49,64.56,0.04,12.04,13.8,매우 안정
7928801218,주식회사양원이엔지,2020,성숙기,0,0.0,100.0,87.2,81.25,0.04,11.11,18.4,매우 안정
7928801218,주식회사양원이엔지,2021,성숙기,0,0.0,60.1,93.3,27.2,0.02,14.53,14.4,매우 안정
7928801218,주식회사양원이엔지,2022,성숙기,0,0.0,0.0,97.61,36.09,0.04,24.37,12.8,매우 안정
7928801218,주식회사양원이엔지,2023,성숙기,0,0.0,55.11,98.86,22.47,0.0,56.72,16.6,매우 안정
7928801218,주식회사양원이엔지,2024,성숙기,0,0.0,68.67,100.0,29.2,0.1,38.47,16.9,매우 안정
7948802402,에스케이멀티유틸리티주식회사,2021,조정기,0,30.2,60.1,93.3,37.74,0.07,14.55,21.0,매우 안정
7948802402,에스케이멀티유틸리티주식회사,2022,성장기,0,15.4,0.0,97.61,,4.63,28.33,,매우 안정
7948802402,에스케이멀티유틸리티주식회사,2023,성장기,0,27.2,55.11,98.86,34.73,0.79,54.47,23.0,매우 안정
7948802402,에스케이멀티유틸리티주식회사,2024,성장기,0,27.8,68.67,100.0,42.62,7.73,43.41,27.5,매우 안정
8028100123,청송노래산풍력발전주식회사,2019,성장기,0,16.9,70.0,64.49,64.56,0.08,12.02,17.2,매우 안정
8028100123,청송노래산풍력발전주식회사,2020,성장기,0,11.2,100.0,87.2,,0.42,11.42,,매우 안정
8028100123,청송노래산풍력발전주식회사,2021,성장기,0,22.2,60.1,93.3,37.74,0.05,14.18,19.4,매우 안정
8028100123,청송노래산풍력발전주식회사,2022,성숙기,0,0.0,0.0,97.61,47.02,0.63,24.85,13.7,매우 안정
8028100123,청송노래산풍력발전주식회사,2023,성숙기,0,0.0,55.11,98.86,34.71,0.37,56.56,17.4,매우 안정
8028100123,청송노래산풍력발전주식회사,2024,성숙기,0,0.0,68.67,100.0,43.51,0.44,38.5,17.8,매우 안정
8048101088,주식회사장감솔라,2021,성장기,0,22.2,60.1,93.3,37.74,0.13,14.55,19.5,매우 안정
8048101088,주식회사장감솔라,2022,성숙기,0,0.0,0.0,97.61,47.02,14.49,36.9,21.9,매우 안정
8048101088,주식회사장감솔라,2023,조정기,1,32.9,55.11,98.86,34.73,11.89,54.15,30.2,안정
8108100497,영월에코윈드(주),2022,도입기,0,56.5,0.0,97.61,47.02,0.33,24.35,24.8,매우 안정
8108100497,영월에코윈드(주),2023,도입기,0,89.8,55.11,98.86,34.73,4.27,58.6,37.6,안정
8108100497,영월에코윈드(주),2024,도입기,1,100.0,68.67,100.0,42.62,42.7,66.16,62.4,매우 위험
8118600059,형진쏠라주식회사,2016,도입기,0,27.2,67.33,54.88,45.74,0.36,23.87,18.0,매우 안정
8118600059,형진쏠라주식회사,2017,성숙기,0,9.9,69.01,53.96,60.77,1.33,26.78,15.9,매우 안정
8118600059,형진쏠라주식회사,2018,성숙기,1,3.3,45.71,59.52,60.57,97.95,99.1,70.8,매우 위험
8118700342,한일신재생주식회사,2017,도입기,0,43.7,69.01,53.96,60.77,0.17,26.03,22.0,매우 안정
8118700342,한일신재생주식회사,2018,도입기,0,47.7,45.71,59.52,60.57,2.08,22.82,23.1,매우 안정
8118700342,한일신재생주식회사,2019,도입기,1,50.2,70.0,64.49,64.56,99.31,98.53,82.8,매우 위험
8178600718,아이에프컴퍼니주식회사,2017,도입기,0,43.7,69.01,53.96,60.77,0.05,26.03,22.0,매우 안정
8178600718,아이에프컴퍼니주식회사,2018,도입기,0,47.7,45.71,59.52,60.57,0.17,21.38,22.0,매우 안정
8178600718,아이에프컴퍼니주식회사,2019,도입기,0,50.2,70.0,64.49,64.56,1.48,13.18,24.7,매우 안정
8178600718,아이에프컴퍼니주식회사,2020,조정기,0,16.3,100.0,87.2,81.25,0.62,10.33,21.9,매우 안정
8178600718,아이에프컴퍼니주식회사,2021,조정기,0,30.2,60.1,93.3,37.53,3.68,17.47,23.1,매우 안정
8178600718,아이에프컴퍼니주식회사,2022,쇠퇴기,1,100.0,0.0,97.61,31.57,3.13,23.53,34.2,안정
8178601639,고흥에너지주식회사,2021,도입기,0,72.6,60.1,93.3,37.74,0.27,14.55,29.6,매우 안정
8178601639,고흥에너지주식회사,2022,쇠퇴기,0,100.0,0.0,97.61,47.02,20.49,42.01,45.5,중립
8178601639,고흥에너지주식회사,2023,도입기,1,89.8,55.11,98.86,34.73,4.66,47.25,37.3,안정
8278601131,해솔라에너지주식회사,2021,도입기,0,72.6,60.1,93.3,37.74,0.11,14.55,29.5,매우 안정
8278601131,해솔라에너지주식회사,2022,도입기,0,56.5,0.0,97.61,47.02,2.89,26.78,26.3,매우 안정
8278601131,해솔라에너지주식회사,2023,도입기,0,89.8,55.11,98.86,34.73,0.35,55.25,35.3,안정
8278601131,해솔라에너지주식회사,2024,성장기,0,27.8,68.67,100.0,14.23,15.46,49.13,30.7,안정
8448702321,주식회사에너지명성,2022,성숙기,0,0.0,0.0,97.61,47.02,0.31,24.35,13.5,매우 안정
8448702321,주식회사에너지명성,2023,도입기,0,89.8,55.11,98.86,34.73,12.03,62.33,42.1,중립
8448702321,주식회사에너지명성,2024,성장기,0,27.8,68.67,100.0,42.62,80.84,88.73,70.0,매우 위험
8458700796,(주)모하솔라,2022,성숙기,0,0.0,0.0,97.61,47.02,0.34,24.35,13.5,매우 안정
8458700796,(주)모하솔라,2023,도입기,0,89.8,55.11,98.86,34.73,0.97,57.01,35.7,안정
8458700796,(주)모하솔라,2024,도입기,1,100.0,68.67,100.0,42.62,9.04,44.24,42.7,중립
8478701388,부경에너지주식회사,2019,성장기,0,16.9,70.0,64.49,64.56,0.11,12.02,17.2,매우 안정
8478701388,부경에너지주식회사,2020,도입기,0,71.5,100.0,87.2,81.25,9.89,20.1,38.5,안정
8478701388,부경에너지주식회사,2021,도입기,0,72.6,60.1,93.3,,4.2,8.57,,매우 안정
8478701388,부경에너지주식회사,2022,도입기,0,56.5,0.0,97.61,47.02,7.81,27.11,29.1,매우 안정
8478701388,부경에너지주식회사,2023,도입기,0,89.8,55.11,98.86,53.76,51.63,77.03,65.5,매우 위험
8478701388,부경에너지주식회사,2024,도입기,0,100.0,68.67,100.0,59.13,41.76,38.83,61.3,매우 위험
8508602523,주식회사그린에너지영광,2022,도입기,0,56.5,0.0,97.61,47.02,0.28,24.35,24.8,매우 안정
8508602523,주식회사그린에너지영광,2023,성숙기,0,0.0,55.11,98.86,34.73,0.39,56.77,17.4,매우 안정
8508602523,주식회사그린에너지영광,2024,조정기,0,19.7,68.67,100.0,42.62,23.89,55.05,35.4,안정
8538100999,주식회사카비,2020,성숙기,0,0.0,100.0,87.2,81.25,0.06,11.11,18.4,매우 안정
8538100999,주식회사카비,2021,성장기,0,22.2,60.1,93.3,37.74,0.19,14.67,19.5,매우 안정
8538100999,주식회사카비,2022,도입기,0,56.5,0.0,97.61,47.02,0.7,24.78,25.0,매우 안정
8538100999,주식회사카비,2023,성장기,0,27.2,55.11,98.86,56.47,0.93,56.79,24.3,매우 안정
8538100999,주식회사카비,2024,쇠퇴기,0,68.3,68.67,100.0,68.5,44.28,69.16,58.3,위험
8608601860,이도그린오산주식회사,2020,도입기,0,71.5,100.0,87.2,81.25,0.11,11.11,32.7,안정
8608601860,이도그린오산주식회사,2021,쇠퇴기,0,100.0,60.1,93.3,37.74,2.58,16.93,36.5,안정
8608601860,이도그린오산주식회사,2022,쇠퇴기,1,100.0,0.0,97.61,47.02,2.47,24.02,34.7,안정
8628801180,주식회사넥스워터,2021,도입기,0,72.6,60.1,93.3,37.74,0.22,14.55,29.6,매우 안정
8628801180,주식회사넥스워터,2022,도입기,0,56.5,0.0,97.61,47.02,55.46,72.62,57.5,위험
8628801180,주식회사넥스워터,2023,도입기,1,89.8,55.11,98.86,34.73,64.89,56.13,70.8,매우 위험
8658800370,주식회사행복에너지,2018,성장기,0,0.0,45.71,59.52,60.57,0.01,21.28,12.3,매우 안정
8658800370,주식회사행복에너지,2019,조정기,0,34.0,70.0,64.49,64.56,3.35,14.99,22.6,매우 안정
8658800370,주식회사행복에너지,2020,성숙기,0,0.0,100.0,87.2,81.25,2.64,10.48,19.8,매우 안정
8658800370,주식회사행복에너지,2021,조정기,0,30.2,60.1,93.3,33.19,7.73,19.34,25.3,매우 안정
8658800370,주식회사행복에너지,2022,도입기,0,56.5,0.0,97.61,50.45,1.46,18.15,25.3,매우 안정
8658800370,주식회사행복에너지,2023,성장기,0,27.2,55.11,98.86,38.36,1.86,56.79,23.9,매우 안정
8658800370,주식회사행복에너지,2024,성숙기,0,0.0,68.67,100.0,47.96,27.43,56.73,33.8,안정
8668800131,진양쏠라주식회사,2015,도입기,0,30.9,89.44,0.0,49.85,0.07,18.8,14.1,매우 안정
8668800131,진양쏠라주식회사,2016,도입기,0,27.2,67.33,54.88,45.74,1.23,24.79,18.5,매우 안정
8668800131,진양쏠라주식회사,2017,도입기,0,43.7,69.01,53.96,,3.68,27.93,,매우 안정
8668800131,진양쏠라주식회사,2018,성숙기,1,3.3,45.71,59.52,60.57,98.82,97.92,71.2,매우 위험
8698100655,(주)동북권자원순환센터,2018,도입기,0,47.7,45.71,59.52,60.57,0.03,21.28,21.9,매우 안정
8698100655,(주)동북권자원순환센터,2019,성숙기,0,0.0,70.0,64.49,,0.98,12.87,,매우 안정
8698100655,(주)동북권자원순환센터,2020,조정기,0,16.3,100.0,87.2,81.25,0.22,10.42,21.7,매우 안정
8698100655,(주)동북권자원순환센터,2021,성숙기,0,0.0,60.1,93.3,37.74,0.15,14.46,15.0,매우 안정
8698100655,(주)동북권자원순환센터,2022,성숙기,0,0.0,0.0,97.61,50.72,0.04,24.24,13.5,매우 안정
8698100655,(주)동북권자원순환센터,2023,성숙기,0,0.0,55.11,98.86,37.41,0.01,56.73,17.4,매우 안정
8698100655,(주)동북권자원순환센터,2024,성숙기,0,0.0,68.67,100.0,48.9,0.03,38.42,17.8,매우 안정
8718602215,낙월블루하트주식회사,2021,도입기,0,72.6,60.1,93.3,37.74,0.23,14.55,29.6,매우 안정
8718602215,낙월블루하트주식회사,2022,도입기,0,56.5,0.0,97.61,47.02,2.6,26.4,26.2,매우 안정
8718602215,낙월블루하트주식회사,2023,도입기,0,89.8,55.11,98.86,34.73,1.01,55.74,35.7,안정
8718602215,낙월블루하트주식회사,2024,도입기,0,100.0,68.67,100.0,42.16,14.45,48.04,45.9,중립
8718700290,한국산업(주),2020,성장기,0,11.2,100.0,87.2,81.25,0.06,11.11,20.6,매우 안정
8718700290,한국산업(주),2021,성장기,0,22.2,60.1,93.3,37.74,0.17,14.65,19.5,매우 안정
8718700290,한국산업(주),2022,성장기,0,15.4,0.0,97.61,47.02,0.34,24.49,16.6,매우 안정
8878101614,(주)비가코리아태안,2022,도입기,0,56.5,0.0,97.61,47.02,0.5,24.35,24.9,매우 안정
8878101614,(주)비가코리아태안,2023,도입기,0,89.8,55.11,98.86,34.73,1.06,56.96,35.8,안정
8878101614,(주)비가코리아태안,2024,도입기,1,100.0,68.67,100.0,42.62,3.16,40.03,39.3,안정
8928800386,주식회사현대가스텍,2022,도입기,0,56.5,0.0,97.61,47.02,0.11,24.35,24.7,매우 안정
8928800386,주식회사현대가스텍,2023,성숙기,0,0.0,55.11,98.86,34.73,0.38,56.86,17.4,매우 안정
8928800386,주식회사현대가스텍,2024,성숙기,0,0.0,68.67,100.0,42.62,14.24,48.25,25.8,매우 안정
8958701301,케이씨그린에너지주식회사,2019,도입기,0,50.2,70.0,64.49,64.56,0.13,12.02,23.9,매우 안정
8958701301,케이씨그린에너지주식회사,2020,도입기,0,71.5,100.0,87.2,81.25,7.66,18.03,37.2,안정
8958701301,케이씨그린에너지주식회사,2021,도입기,1,72.6,60.1,93.3,,94.39,97.92,,매우 안정
8958802549,주식회사루시드에너지,2022,성장기,0,15.4,0.0,97.61,47.02,0.33,24.35,16.6,매우 안정
8958802549,주식회사루시드에너지,2023,성숙기,0,0.0,55.11,98.86,34.73,0.17,56.63,17.3,매우 안정
8958802549,주식회사루시드에너지,2024,성숙기,0,0.0,68.67,100.0,42.62,0.06,38.34,17.5,매우 안정
