사업자등록번호,회사명,prob_2014,prob_2015,prob_2016,prob_2017,prob_2018,prob_2019,prob_2020,prob_2021,prob_2022,prob_2023,prob_2024,diff_2014_2015,diff_2015_2016,diff_2016_2017,diff_2017_2018,diff_2018_2019,diff_2019_2020,diff_2020_2021,diff_2021_2022,diff_2022_2023,diff_2023_2024,risk_score
5058140281,파이토지노믹스주식회사,,,,,,,,0.0021,0.1754,0.442,0.6873,0.0,0.0,0.0,0.0,0.0,0.0,0.0,0.1733,0.2666,0.2453,98.39
4398102355,주식회사파인,,,,,,,,0.0023,0.0392,0.5318,0.8897,0.0,0.0,0.0,0.0,0.0,0.0,0.0,0.0369,0.4926,0.3579,98.35
7718701344,주식회사경은일오삼,,,,,,,0.0008,0.0111,0.0961,0.5571,0.7312,0.0,0.0,0.0,0.0,0.0,0.0,0.0103,0.085,0.461,0.1741,98.15
1308147339,(주)신광엠앤피,0.0023,0.0042,0.0013,0.0011,0.0035,0.0041,0.0004,0.0162,0.0641,0.3592,0.7027,0.0019,-0.0029,-0.0002,0.0024,0.0006,-0.0037,0.0158,0.0479,0.2951,0.3435,98.1
1228152786,(주)샤바스,0.0161,0.0274,0.0063,0.0035,0.0159,0.0014,0.0008,0.0215,0.3192,0.3438,0.892,0.0113,-0.0211,-0.0028,0.0124,-0.0145,-0.0006,0.0207,0.2977,0.0246,0.5482,97.97
3128620771,제일폴리캠주식회사,0.0008,0.0007,0.0004,0.0008,0.0004,0.0005,0.001,0.0082,0.0495,0.1236,0.6885,-0.0001,-0.0003,0.0004,-0.0004,0.0001,0.0005,0.0072,0.0413,0.0741,0.5649,97.77
1288647888,주식회사투두피엘씨,,,,,0.0005,0.0101,0.0053,0.1839,0.2302,0.3475,0.6582,0.0,0.0,0.0,0.0,0.0096,-0.0048,0.1786,0.0463,0.1173,0.3107,97.42
1358105014,(주)하나윈,0.0003,0.0005,0.0003,0.0006,0.0005,0.0195,0.0034,0.0076,0.1225,0.164,0.6545,0.0002,-0.0002,0.0003,-0.0001,0.019,-0.0161,0.0042,0.1149,0.0415,0.4905,97.36
3058108153,(주)이지,0.0003,0.0145,0.0987,0.0142,0.1114,0.0319,0.0378,0.0034,0.0689,0.1219,0.6333,0.0142,0.0842,-0.0845,0.0972,-0.0795,0.0059,-0.0344,0.0655,0.053,0.5114,97.28
1758801164,효성화학(주),,,,,0.0004,0.0024,0.0043,0.0039,0.0562,0.5526,0.6541,0.0,0.0,0.0,0.0,0.002,0.0019,-0.0004,0.0523,0.4964,0.1015,97.22
1238170813,(주)하나,0.0004,0.0007,0.0004,0.0008,0.0006,0.0002,0.0134,0.0136,0.0964,0.3074,0.5186,0.0003,-0.0003,0.0004,-0.0002,-0.0004,0.0132,0.0002,0.0828,0.211,0.2112,97.0
2158198804,(주)휴비스,0.0005,0.0011,0.0052,0.0024,0.0068,0.06,0.0005,0.0143,0.0335,0.3752,0.5876,0.0006,0.0041,-0.0028,0.0044,0.0532,-0.0595,0.0138,0.0192,0.3417,0.2124,96.91
1318668972,(주)레인보우,,,,0.0014,0.0211,0.3218,0.0048,0.0067,0.0714,0.4171,0.5324,0.0,0.0,0.0,0.0197,0.3007,-0.317,0.0019,0.0647,0.3457,0.1153,96.82
6318800743,주식회사제이브이코리아,,,,,,,0.0013,0.0138,0.0537,0.1358,0.5247,0.0,0.0,0.0,0.0,0.0,0.0,0.0125,0.0399,0.0821,0.3889,96.67
2228133769,디케이엘(주),,,,,,0.0009,0.0007,0.0017,0.0415,0.1638,0.4756,0.0,0.0,0.0,0.0,0.0,-0.0002,0.001,0.0398,0.1223,0.3118,96.4
6068104711,(주)금양,0.0136,0.0014,0.0285,0.0033,0.0097,0.0109,0.0329,0.0091,0.0209,0.2189,0.5044,-0.0122,0.0271,-0.0252,0.0064,0.0012,0.022,-0.0238,0.0118,0.198,0.2855,96.31
5038108816,(주)에스아이리소스,0.0183,0.0098,0.0223,0.005,0.1049,0.0499,0.0009,0.0004,0.02,0.23,0.4846,-0.0085,0.0125,-0.0173,0.0999,-0.055,-0.049,-0.0005,0.0196,0.21,0.2546,96.26
1338137276,주식회사우진고분자,0.001,0.0014,0.0005,0.0004,0.0018,0.0004,0.0002,0.0002,0.001,0.0657,0.5994,0.0004,-0.0009,-0.0001,0.0014,-0.0014,-0.0002,0.0,0.0008,0.0647,0.5337,95.98
6158127213,(주)성곡,0.0008,0.1181,0.0105,0.0084,0.0513,0.0004,0.0006,0.0011,0.0109,0.0454,0.5449,0.1173,-0.1076,-0.0021,0.0429,-0.0509,0.0002,0.0005,0.0098,0.0345,0.4995,95.85
2208175569,리엔리하이테크(주),,,0.0009,0.0001,0.0005,0.0001,0.0002,0.0004,0.0094,0.0986,0.4465,0.0,0.0,-0.0008,0.0004,-0.0004,0.0001,0.0002,0.009,0.0892,0.3479,95.58
1268185182,주식회사그린케미칼,,,0.0028,0.0027,0.0034,0.0022,0.0011,0.0031,0.0043,0.0441,0.5677,0.0,0.0,-0.0001,0.0007,-0.0012,-0.0011,0.002,0.0012,0.0398,0.5236,95.54
1978800980,나라바이오주식회사,,,,,,,0.0007,0.0011,0.024,0.0264,0.6878,0.0,0.0,0.0,0.0,0.0,0.0,0.0004,0.0229,0.0024,0.6614,95.5
2048159591,(주)무진상사,,,,,,,0.0009,0.003,0.0223,0.0637,0.4678,0.0,0.0,0.0,0.0,0.0,0.0,0.0021,0.0193,0.0414,0.4041,95.46
1358616587,(주)셀레스트라,,,,,,0.0064,0.3031,0.0017,0.0612,0.1585,0.3112,0.0,0.0,0.0,0.0,0.0,0.2967,-0.3014,0.0595,0.0973,0.1527,95.27
1388102340,(주)대성미생물연구소,0.0003,0.0003,0.0002,0.0001,0.0006,0.0001,0.0001,0.0089,0.0164,0.0955,0.3874,0.0,-0.0001,-0.0001,0.0005,-0.0005,0.0,0.0088,0.0075,0.0791,0.2919,95.1
2208199275,(주)아로마무역,0.0006,0.0003,0.0002,0.0002,0.0021,0.0005,0.0002,0.0005,0.0488,0.0771,0.3115,-0.0003,-0.0001,0.0,0.0019,-0.0016,-0.0003,0.0003,0.0483,0.0283,0.2344,94.62
3178601099,주식회사뷰티맥스,,,,,,,,,0.0864,0.5666,0.8697,0.0,0.0,0.0,0.0,0.0,0.0,0.0,0.0,0.4802,0.3031,94.49
8758100271,(주)라이프스타일프로젝트,,,,,,,,,0.0071,0.3454,0.7648,0.0,0.0,0.0,0.0,0.0,0.0,0.0,0.0,0.3383,0.4194,94.44
1308145383,(주)아폴로산업,0.099,0.0128,0.0054,0.0028,0.0014,0.0023,0.0004,0.0064,0.0735,0.4389,0.4476,-0.0862,-0.0074,-0.0026,-0.0014,0.0009,-0.0019,0.006,0.0671,0.3654,0.0087,94.11
4558800339,(주)대경제약,,,,,,,,,0.0273,0.4104,0.6784,0.0,0.0,0.0,0.0,0.0,0.0,0.0,0.0,0.3831,0.268,94.09
1358153985,(주)바이오세상,,,,,,,,,0.0047,0.0609,0.908,0.0,0.0,0.0,0.0,0.0,0.0,0.0,0.0,0.0562,0.8471,94.08
3128166715,주식회사에스아이티,,,,,,,,,0.002,0.1412,0.6704,0.0,0.0,0.0,0.0,0.0,0.0,0.0,0.0,0.1392,0.5292,93.96
6738701905,신비오케미컬주식회사,,,,,,,,,0.0433,0.3887,0.6575,0.0,0.0,0.0,0.0,0.0,0.0,0.0,0.0,0.3454,0.2688,93.88
1438107992,케이에스팩주식회사,,,,,0.0056,0.0397,0.1097,0.0069,0.2978,0.2996,0.4076,0.0,0.0,0.0,0.0,0.0341,0.07,-0.1028,0.2909,0.0018,0.108,93.76
1398134923,이영화학주식회사,0.0067,0.0382,0.0048,0.0096,0.0234,0.0204,0.0921,0.0092,0.0311,0.1316,0.241,0.0315,-0.0334,0.0048,0.0138,-0.003,0.0717,-0.0829,0.0219,0.1005,0.1094,93.75
3138133819,(주)쿼드메디슨,,,,,,,,,0.0196,0.1857,0.6302,0.0,0.0,0.0,0.0,0.0,0.0,0.0,0.0,0.1661,0.4445,93.7
1358101250,에스케이씨(주),0.0031,0.0023,0.0038,0.0038,0.0013,0.0019,0.0022,0.0043,0.005,0.1712,0.2832,-0.0008,0.0015,0.0,-0.0025,0.0006,0.0003,0.0021,0.0007,0.1662,0.112,93.65
1238158686,성신화학(주),,,,0.0015,0.0062,0.003,0.0009,0.0017,0.0806,0.1302,0.2178,0.0,0.0,0.0,0.0047,-0.0032,-0.0021,0.0008,0.0789,0.0496,0.0876,93.53
1248654301,(주)엘투와이,,,,,,,,,0.0028,0.0467,0.6742,0.0,0.0,0.0,0.0,0.0,0.0,0.0,0.0,0.0439,0.6275,93.44
6068124041,주식회사한국팬트라,,0.004,0.0025,0.0029,0.029,0.012,0.0259,0.009,0.0224,0.2003,0.2513,0.0,-0.0015,0.0004,0.0261,-0.017,0.0139,-0.0169,0.0134,0.1779,0.051,93.37
3148145832,(주)켐포트,0.0035,0.0136,0.0281,0.0118,0.0051,0.0028,0.001,0.0019,0.0103,0.0552,0.2421,0.0101,0.0145,-0.0163,-0.0067,-0.0023,-0.0018,0.0009,0.0084,0.0449,0.1869,93.33
2128116481,주식회사팜클,0.025,0.0054,0.0017,0.0039,0.0016,0.0016,0.0005,0.0022,0.0434,0.0606,0.2504,-0.0196,-0.0037,0.0022,-0.0023,0.0,-0.0011,0.0017,0.0412,0.0172,0.1898,93.29
6868101952,주식회사피앤오케미칼,,,,,,,,,0.0078,0.3024,0.5379,0.0,0.0,0.0,0.0,0.0,0.0,0.0,0.0,0.2946,0.2355,93.19
2148629575,바스프퍼포먼스폴리아마이드코리아주식회사,0.0004,0.0012,0.0004,0.0011,0.0007,0.0002,0.0003,0.0002,0.0003,0.0278,0.3422,0.0008,-0.0008,0.0007,-0.0004,-0.0005,0.0001,-0.0001,0.0001,0.0275,0.3144,93.17
4108138828,(주)영진리빙,0.0009,0.0003,0.0001,0.0001,0.0004,0.0001,0.0002,0.0018,0.0407,0.1624,0.2092,-0.0006,-0.0002,0.0,0.0003,-0.0003,0.0001,0.0016,0.0389,0.1217,0.0468,92.95
1258101966,(주)삼화수지,,,,,,,,,0.013,0.0338,0.6835,0.0,0.0,0.0,0.0,0.0,0.0,0.0,0.0,0.0208,0.6497,92.93
7628702219,포스코필바라리튬솔루션(주),,,,,,,,,0.0056,0.1104,0.5172,0.0,0.0,0.0,0.0,0.0,0.0,0.0,0.0,0.1048,0.4068,92.93
4348601206,주식회사코모텍,,,,,,,,,0.0182,0.08,0.5345,0.0,0.0,0.0,0.0,0.0,0.0,0.0,0.0,0.0618,0.4545,92.86
5138107018,(주)동윤산업,0.0013,0.004,0.0015,0.0023,0.0078,0.005,0.0013,0.0019,0.002,0.0438,0.2813,0.0027,-0.0025,0.0008,0.0055,-0.0028,-0.0037,0.0006,0.0001,0.0418,0.2375,92.77
3238801685,(주)지앤피파렛트,,,,,,,,,0.0015,0.0111,0.8377,0.0,0.0,0.0,0.0,0.0,0.0,0.0,0.0,0.0096,0.8266,92.77
4368102360,(주)코반산업,,,,,,,,,0.0038,0.0557,0.5298,0.0,0.0,0.0,0.0,0.0,0.0,0.0,0.0,0.0519,0.4741,92.68
2038143626,태광산업(주),0.0004,0.0014,0.0006,0.0005,0.0013,0.0002,0.0018,0.0003,0.0352,0.1512,0.1945,0.001,-0.0008,-0.0001,0.0008,-0.0011,0.0016,-0.0015,0.0349,0.116,0.0433,92.48
3128667567,(주)케이오에스,,,,,,,,,0.0222,0.209,0.4287,0.0,0.0,0.0,0.0,0.0,0.0,0.0,0.0,0.1868,0.2197,92.26
1398139933,와이엠티(주),0.0016,0.0027,0.0011,0.0004,0.0008,0.0002,0.0004,0.0006,0.0032,0.0461,0.1968,0.0011,-0.0016,-0.0007,0.0004,-0.0006,0.0002,0.0002,0.0026,0.0429,0.1507,92.18
3058179610,(주)에니켐텍,,,,,0.0019,0.019,0.0051,0.0098,0.0187,0.0518,0.1921,0.0,0.0,0.0,0.0,0.0171,-0.0139,0.0047,0.0089,0.0331,0.1403,92.1
1248687364,청일공업(주),,,,,,0.0013,0.013,0.0109,0.0286,0.0763,0.1641,0.0,0.0,0.0,0.0,0.0,0.0117,-0.0021,0.0177,0.0477,0.0878,92.03
3628102657,인프라에어홀딩스(주),,,,,,,,,0.0113,0.4282,0.4913,0.0,0.0,0.0,0.0,0.0,0.0,0.0,0.0,0.4169,0.0631,92.02
1308158398,성일특수고무공업(주),,,,,,,,0.0043,0.0805,0.1376,0.1701,0.0,0.0,0.0,0.0,0.0,0.0,0.0,0.0762,0.0571,0.0325,91.93
2618118574,제이케이첨단소재(주),,,,,,,,,0.0061,0.0853,0.3406,0.0,0.0,0.0,0.0,0.0,0.0,0.0,0.0,0.0792,0.2553,91.71
3558800723,(주)에이치디에너지,,,,,,,,,0.0081,0.0474,0.4263,0.0,0.0,0.0,0.0,0.0,0.0,0.0,0.0,0.0393,0.3789,91.61
1188101288,율촌화학(주),0.0005,0.0008,0.0003,0.0003,0.0013,0.0009,0.0003,0.0027,0.0221,0.0644,0.1516,0.0003,-0.0005,0.0,0.001,-0.0004,-0.0006,0.0024,0.0194,0.0423,0.0872,91.59
2158682253,(주)제놀루션,0.0798,0.0247,0.0006,0.0006,0.0015,0.008,0.0002,0.0001,0.0002,0.0639,0.1981,-0.0551,-0.0241,0.0,0.0009,0.0065,-0.0078,-0.0001,0.0001,0.0637,0.1342,91.59
1248692246,(주)에버켐텍,,,,,0.0016,0.0008,0.0002,0.0003,0.0004,0.0272,0.2164,0.0,0.0,0.0,0.0,-0.0008,-0.0006,0.0001,0.0001,0.0268,0.1892,91.56
1268683383,주식회사케이에스엠메탈스,,,,,,,,,0.0148,0.1015,0.3133,0.0,0.0,0.0,0.0,0.0,0.0,0.0,0.0,0.0867,0.2118,91.5
1028144680,주식회사모노글로트홀딩스,,,,,,0.0019,0.0006,0.0012,0.0103,0.034,0.159,0.0,0.0,0.0,0.0,0.0,-0.0013,0.0006,0.0091,0.0237,0.125,91.5
3458601755,토소남해실리카주식회사,,,,,,,,,0.0147,0.0674,0.3179,0.0,0.0,0.0,0.0,0.0,0.0,0.0,0.0,0.0527,0.2505,91.36
1408169043,(주)원천씨엠씨,,,,,,,,,0.0021,0.0276,0.4277,0.0,0.0,0.0,0.0,0.0,0.0,0.0,0.0,0.0255,0.4001,91.35
1378140827,영림화학(주),0.0005,0.0009,0.0003,0.0004,0.0013,0.0021,0.0006,0.0106,0.0139,0.0453,0.1584,0.0004,-0.0006,0.0001,0.0009,0.0008,-0.0015,0.01,0.0033,0.0314,0.1131,91.34
5408700853,주식회사오이스텍,,,,,,,,,0.0133,0.3977,0.4376,0.0,0.0,0.0,0.0,0.0,0.0,0.0,0.0,0.3844,0.0399,91.23
1048106794,대한유화(주),0.0003,0.0004,0.0003,0.0002,0.0005,0.0002,0.0002,0.0003,0.0231,0.1954,0.2021,0.0001,-0.0001,-0.0001,0.0003,-0.0003,0.0,0.0001,0.0228,0.1723,0.0067,91.21
1348149722,주식회사선구,0.0002,0.0002,0.0002,0.0002,0.0008,0.0001,0.0002,0.0005,0.0094,0.0749,0.14,0.0,0.0,0.0,0.0006,-0.0007,0.0001,0.0003,0.0089,0.0655,0.0651,91.2
2148631028,(주)유알지,,,0.0019,0.0005,0.0007,0.0001,0.0001,0.0003,0.0016,0.0175,0.1771,0.0,0.0,-0.0014,0.0002,-0.0006,0.0,0.0002,0.0013,0.0159,0.1596,91.15
1938600437,(주)재영텍,,,,,,,,,0.0016,0.0549,0.2852,0.0,0.0,0.0,0.0,0.0,0.0,0.0,0.0,0.0533,0.2303,90.93
1338138765,미광인더스트리주식회사,0.0907,0.1827,0.0014,0.0018,0.0079,0.0017,0.0014,0.0031,0.0048,0.0447,0.1429,0.092,-0.1813,0.0004,0.0061,-0.0062,-0.0003,0.0017,0.0017,0.0399,0.0982,90.76
1208776348,라니홀딩스(주),,,,,,,,,0.0098,0.0555,0.2524,0.0,0.0,0.0,0.0,0.0,0.0,0.0,0.0,0.0457,0.1969,90.29
1048197825,다산팩주식회사,,,,,,,,,0.0019,0.0888,0.2277,0.0,0.0,0.0,0.0,0.0,0.0,0.0,0.0,0.0869,0.1389,90.25
1238178566,(주)케미코스,0.0004,0.0005,0.0002,0.0001,0.0008,0.0001,0.0001,0.0009,0.0004,0.0513,0.6699,0.0001,-0.0003,-0.0001,0.0007,-0.0007,0.0,0.0008,-0.0005,0.0509,0.6186,90.24
2688700567,주식회사천보신소재,,,,0.0009,0.0051,0.0012,0.0003,0.0005,0.0005,0.0612,0.2061,0.0,0.0,0.0,0.0042,-0.0039,-0.0009,0.0002,0.0,0.0607,0.1449,89.69
6988602551,주식회사루트54,,,,,,,,,0.0634,0.288,0.3034,0.0,0.0,0.0,0.0,0.0,0.0,0.0,0.0,0.2246,0.0154,89.59
1348631061,주식회사에이치에스켐트론,0.0001,0.0002,0.002,0.0035,0.0071,0.0162,0.0115,,0.0699,0.0928,0.2505,0.0001,0.0018,0.0015,0.0036,0.0091,-0.0047,0.0,0.0,0.0229,0.1577,89.56
1408175088,(주)경인이피에스,,0.0056,0.008,0.011,0.003,0.0071,0.0012,0.0023,0.0123,0.0723,0.1038,0.0,0.0024,0.003,-0.008,0.0041,-0.0059,0.0011,0.01,0.06,0.0315,89.53
3078101438,(주)화인,0.002,0.0007,0.0002,0.0004,0.0006,0.0002,0.011,0.0017,0.004,0.039,0.1048,-0.0013,-0.0005,0.0002,0.0002,-0.0004,0.0108,-0.0093,0.0023,0.035,0.0658,89.51
6138100391,(주)신흥,0.0003,0.0002,0.0001,0.0002,0.0007,0.0003,0.0002,0.0007,0.0018,0.0161,0.1163,-0.0001,-0.0001,0.0001,0.0005,-0.0004,-0.0001,0.0005,0.0011,0.0143,0.1002,89.38
1368104828,대하실업(주),0.0018,0.001,0.009,0.0029,0.0014,0.036,0.1368,0.0057,0.0166,0.0421,0.0986,-0.0008,0.008,-0.0061,-0.0015,0.0346,0.1008,-0.1311,0.0109,0.0255,0.0565,89.31
1348123533,삼성포리머주식회사,0.0004,0.0002,0.0003,0.0002,0.001,0.0002,0.0002,0.0006,0.0034,0.0372,0.0983,-0.0002,0.0001,-0.0001,0.0008,-0.0008,0.0,0.0004,0.0028,0.0338,0.0611,89.24
2098161748,주식회사코리아락,,,,,,,,,0.0094,0.0451,0.1995,0.0,0.0,0.0,0.0,0.0,0.0,0.0,0.0,0.0357,0.1544,89.15
3038149444,(주)천보,0.0002,0.0003,0.0002,0.0004,0.0008,0.0001,0.0002,0.0004,0.0007,0.011,0.1211,0.0001,-0.0001,0.0002,0.0004,-0.0007,0.0001,0.0002,0.0003,0.0103,0.1101,89.01
1408133055,(주)오알켐,0.0009,0.0102,0.0005,0.0007,0.0019,0.0008,0.0004,0.0004,0.0004,0.0233,0.206,0.0093,-0.0097,0.0002,0.0012,-0.0011,-0.0004,0.0,0.0,0.0229,0.1827,89.01
3368801570,에스케이피아이씨글로벌(주),,,,,,,0.0005,0.0003,0.0001,0.0207,0.475,0.0,0.0,0.0,0.0,0.0,0.0,-0.0002,-0.0002,0.0206,0.4543,88.98
3128644225,주식회사젠바디,,,,0.0007,0.0003,0.1029,0.0001,0.0006,0.0002,0.0411,0.4682,0.0,0.0,0.0,-0.0004,0.1026,-0.1028,0.0005,-0.0004,0.0409,0.4271,88.93
1188100450,부광약품(주),0.0002,0.0002,0.0002,0.0005,0.0022,0.0011,0.006,0.059,0.0284,0.1017,0.6037,0.0,0.0,0.0003,0.0017,-0.0011,0.0049,0.053,-0.0306,0.0733,0.502,88.61
5038136044,(주)반도,0.0381,0.0083,0.0053,0.0086,0.0082,0.0079,0.0015,0.005,0.0188,0.0678,0.0874,-0.0298,-0.003,0.0033,-0.0004,-0.0003,-0.0064,0.0035,0.0138,0.049,0.0196,88.56
4038166796,(주)우리비앤비,,,,,,0.0024,0.0007,0.0488,0.0009,0.0464,0.6637,0.0,0.0,0.0,0.0,0.0,-0.0017,0.0481,-0.0479,0.0455,0.6173,88.55
1278133130,신창핫멜트주식회사,0.0005,0.0062,0.0017,0.0382,0.0158,0.0012,0.0055,0.0012,0.0004,0.027,0.5089,0.0057,-0.0045,0.0365,-0.0224,-0.0146,0.0043,-0.0043,-0.0008,0.0266,0.4819,88.53
3168104477,한화토탈에너지스주식회사,0.0008,0.0005,0.0003,0.0002,0.0004,0.0002,0.0037,0.0003,0.0008,0.0325,0.0908,-0.0003,-0.0002,-0.0001,0.0002,-0.0002,0.0035,-0.0034,0.0005,0.0317,0.0583,88.48
5178601025,명문바이오주식회사,,,,,,0.01,0.2221,0.0084,0.0371,0.0798,0.0915,0.0,0.0,0.0,0.0,0.0,0.2121,-0.2137,0.0287,0.0427,0.0117,88.42
4108124154,평화전자주식회사,0.0028,0.0024,0.0022,0.0014,0.0024,0.0006,0.0005,0.0032,0.0251,0.0545,0.0828,-0.0004,-0.0002,-0.0008,0.001,-0.0018,-0.0001,0.0027,0.0219,0.0294,0.0283,88.38
3158100819,(주)에스피씨팩,0.0004,0.0008,0.0003,0.0009,0.0024,0.0005,0.0003,0.0055,0.0599,0.0705,0.0923,0.0004,-0.0005,0.0006,0.0015,-0.0019,-0.0002,0.0052,0.0544,0.0106,0.0218,88.28
6068157504,(주)반석인더스트리즈,,,,,,,,,0.0015,0.0123,0.1674,0.0,0.0,0.0,0.0,0.0,0.0,0.0,0.0,0.0108,0.1551,88.01
5048141405,와이씨켐(주),0.015,0.075,0.0043,0.0118,0.0016,0.001,0.0005,0.032,0.001,0.0403,0.5482,0.06,-0.0707,0.0075,-0.0102,-0.0006,-0.0005,0.0315,-0.031,0.0393,0.5079,87.96
1308113498,삼성화학(주),0.0007,0.0043,0.0092,0.0174,0.0074,0.0762,0.0037,0.0056,0.0619,0.092,0.096,0.0036,0.0049,0.0082,-0.01,0.0688,-0.0725,0.0019,0.0563,0.0301,0.004,87.95
6208124727,(주)덕산테코피아,0.0007,0.0003,0.0006,0.0006,0.0011,0.0001,0.0001,0.0002,0.0001,0.0389,0.2485,-0.0004,0.0003,0.0,0.0005,-0.001,0.0,0.0001,-0.0001,0.0388,0.2096,87.82
1378615890,(주)뷰티스킨,,0.0033,0.0007,0.015,0.0151,0.0037,0.0004,0.0015,0.0012,0.0477,0.2764,0.0,-0.0026,0.0143,0.0001,-0.0114,-0.0033,0.0011,-0.0003,0.0465,0.2287,87.79
4728102459,일성정공글로벌(주),,,,,,,,,0.0064,0.062,0.1305,0.0,0.0,0.0,0.0,0.0,0.0,0.0,0.0,0.0556,0.0685,87.69
1608601455,주식회사서해테크,,,,,,,,,0.0239,0.0512,0.1446,0.0,0.0,0.0,0.0,0.0,0.0,0.0,0.0,0.0273,0.0934,87.62
1228199253,(주)에코매스,,,,,,,,0.0023,0.0008,0.032,0.3986,0.0,0.0,0.0,0.0,0.0,0.0,0.0,-0.0015,0.0312,0.3666,87.48
1338126110,한일화학공업(주),0.0022,0.003,0.0008,0.0013,0.0044,0.0015,0.0205,0.0222,0.0011,0.0317,0.5054,0.0008,-0.0022,0.0005,0.0031,-0.0029,0.019,0.0017,-0.0211,0.0306,0.4737,87.47
1328142169,우진프라콤주식회사,,,0.0006,0.0002,0.0006,0.0001,0.0001,0.0002,0.0005,0.0079,0.0845,0.0,0.0,-0.0004,0.0004,-0.0005,0.0,0.0001,0.0003,0.0074,0.0766,87.45
8458600810,주식회사탑서브,,,,,,,,,0.0232,0.0555,0.1357,0.0,0.0,0.0,0.0,0.0,0.0,0.0,0.0,0.0323,0.0802,87.42
5148111984,(주)광성,0.0105,0.0027,0.018,0.0282,0.0032,0.0573,0.0165,0.0103,0.0117,0.0203,0.0774,-0.0078,0.0153,0.0102,-0.025,0.0541,-0.0408,-0.0062,0.0014,0.0086,0.0571,87.38
6218114784,(주)제일화성,0.0031,0.0035,0.0032,0.002,0.0118,0.0037,0.0771,0.0142,0.0036,0.081,0.3724,0.0004,-0.0003,-0.0012,0.0098,-0.0081,0.0734,-0.0629,-0.0106,0.0774,0.2914,87.37
6068112206,부광화학공업(주),0.0007,0.0004,0.0002,0.0003,0.0008,0.0026,0.0011,0.0008,0.0345,0.0485,0.0717,-0.0003,-0.0002,0.0001,0.0005,0.0018,-0.0015,-0.0003,0.0337,0.014,0.0232,87.25
1108147859,(주)씨젠,0.0012,0.001,0.0007,0.0018,0.0004,0.0001,0.0001,0.0001,0.0001,0.0169,0.131,-0.0002,-0.0003,0.0011,-0.0014,-0.0003,0.0,0.0,0.0,0.0168,0.1141,87.23
2198104195,서경통상주식회사,0.0005,0.0009,0.0006,0.0012,0.0035,0.0011,0.0021,0.0037,0.0034,0.0551,0.2195,0.0004,-0.0003,0.0006,0.0023,-0.0024,0.001,0.0016,-0.0003,0.0517,0.1644,87.09
1338124790,주식회사태원,0.0013,0.0063,0.0019,0.0016,0.0029,0.0002,0.0002,0.0002,0.0002,0.0075,0.1418,0.005,-0.0044,-0.0003,0.0013,-0.0027,0.0,0.0,0.0,0.0073,0.1343,87.07
2158654548,(주)성호폴리텍,0.001,0.0013,0.001,0.0031,0.0018,0.011,0.0016,0.0005,0.0002,0.0156,0.2701,0.0003,-0.0003,0.0021,-0.0013,0.0092,-0.0094,-0.0011,-0.0003,0.0154,0.2545,87.02
3018605203,(주)에프엔지리서치,,0.0046,0.0028,0.0033,0.0065,0.0008,0.0004,0.0017,0.0008,0.0386,0.2816,0.0,-0.0018,0.0005,0.0032,-0.0057,-0.0004,0.0013,-0.0009,0.0378,0.243,86.99
3048106206,대림바토스(주),0.0015,0.0018,0.0006,0.001,0.0035,0.0017,0.001,0.0028,0.0028,0.0042,0.1589,0.0003,-0.0012,0.0004,0.0025,-0.0018,-0.0007,0.0018,0.0,0.0014,0.1547,86.85
6738802390,서해그린화학주식회사,,,,,,,,,0.0107,0.0699,0.112,0.0,0.0,0.0,0.0,0.0,0.0,0.0,0.0,0.0592,0.0421,86.84
3038105562,코스파주식회사,0.0591,0.0264,0.0449,0.0314,0.0697,0.1359,0.1126,0.0692,0.0423,0.3073,0.3888,-0.0327,0.0185,-0.0135,0.0383,0.0662,-0.0233,-0.0434,-0.0269,0.265,0.0815,86.8
1378171806,수광티티아이(주),,,,0.001,0.001,0.0002,0.0001,0.0004,0.0002,0.0198,0.2234,0.0,0.0,0.0,0.0,-0.0008,-0.0001,0.0003,-0.0002,0.0196,0.2036,86.79
6868101103,(주)위즈바이오솔루션,,,,,,0.0096,0.0002,0.0235,,0.0826,0.8255,0.0,0.0,0.0,0.0,0.0,-0.0094,0.0233,0.0,0.0,0.7429,86.77
3128166001,(주)청암홈,0.0033,0.0028,0.0013,0.0042,0.0016,0.0088,0.0051,0.028,0.0465,0.0705,0.0757,-0.0005,-0.0015,0.0029,-0.0026,0.0072,-0.0037,0.0229,0.0185,0.024,0.0052,86.74
1388112251,주식회사천경,,,0.0025,0.0615,0.064,0.0375,0.0223,0.0064,0.0095,0.0174,0.065,0.0,0.0,0.059,0.0025,-0.0265,-0.0152,-0.0159,0.0031,0.0079,0.0476,86.63
5108110800,(주)새빗켐,,,,,,0.0006,0.0002,0.0004,0.0002,0.016,0.2138,0.0,0.0,0.0,0.0,0.0,-0.0004,0.0002,-0.0002,0.0158,0.1978,86.48
6228113551,금호정공(주),0.0191,0.018,0.0138,0.0297,0.0156,0.1103,0.1131,0.2985,0.1113,0.2602,0.3504,-0.0011,-0.0042,0.0159,-0.0141,0.0947,0.0028,0.1854,-0.1872,0.1489,0.0902,86.31
2048640122,동아에스티(주),0.0005,0.0018,0.0035,0.0087,0.0045,0.0009,0.0004,0.0028,0.0063,0.0207,0.0592,0.0013,0.0017,0.0052,-0.0042,-0.0036,-0.0005,0.0024,0.0035,0.0144,0.0385,86.28
2068652610,(주)케이디랩,,,,,,,0.0003,0.0003,0.0004,0.0019,0.0814,0.0,0.0,0.0,0.0,0.0,0.0,0.0,0.0001,0.0015,0.0795,86.25
1248135518,경동제약(주),0.0001,0.0002,0.0001,0.0004,0.0004,0.0003,0.0001,0.0004,0.0004,0.0394,0.0964,0.0001,-0.0001,0.0003,0.0,-0.0001,-0.0002,0.0003,0.0,0.039,0.057,86.21
1268637929,제이와이커스텀(주),0.001,0.0014,0.0009,0.0009,0.0076,0.0046,0.001,0.0202,0.0036,0.0394,0.2857,0.0004,-0.0005,0.0,0.0067,-0.003,-0.0036,0.0192,-0.0166,0.0358,0.2463,86.13
5148142890,(주)오토크로바,,,0.0031,0.0017,0.0013,0.0042,0.0027,0.0088,0.0072,0.034,0.2575,0.0,0.0,-0.0014,-0.0004,0.0029,-0.0015,0.0061,-0.0016,0.0268,0.2235,86.11
4838602323,티엘케미칼주식회사,,,,,,,,,0.0157,0.0773,0.1042,0.0,0.0,0.0,0.0,0.0,0.0,0.0,0.0,0.0616,0.0269,86.08
1208762811,티케이지엠켐주식회사,,,,,,,0.0083,0.0121,0.0025,0.0213,0.3073,0.0,0.0,0.0,0.0,0.0,0.0,0.0038,-0.0096,0.0188,0.286,86.06
3128149318,(주)나라켐,0.0001,0.0002,0.0001,0.0034,0.021,0.0186,,,,0.0546,0.5909,0.0001,-0.0001,0.0033,0.0176,-0.0024,0.0,0.0,0.0,0.0,0.5363,86.03
6108111996,(주)제이엠씨,0.0014,0.0003,0.0001,0.0003,0.0019,0.0002,0.0002,0.0006,0.0002,0.0124,0.2149,-0.0011,-0.0002,0.0002,0.0016,-0.0017,0.0,0.0004,-0.0004,0.0122,0.2025,85.91
3128113159,주식회사크라운,0.0004,0.0004,0.0003,0.0003,0.001,0.0002,0.0003,0.0002,0.0008,0.0031,0.065,0.0,-0.0001,0.0,0.0007,-0.0008,0.0001,-0.0001,0.0006,0.0023,0.0619,85.87
1368118924,(주)진영,0.0134,0.0102,0.0412,0.0066,0.0212,0.0024,0.0007,0.0009,0.0005,0.074,0.1617,-0.0032,0.031,-0.0346,0.0146,-0.0188,-0.0017,0.0002,-0.0004,0.0735,0.0877,85.75
1338129984,디아이텍주식회사,0.0023,0.0085,0.0329,0.0395,0.0111,0.0343,0.0038,0.0074,0.0128,0.0189,0.0566,0.0062,0.0244,0.0066,-0.0284,0.0232,-0.0305,0.0036,0.0054,0.0061,0.0377,85.69
6228118876,(주)일해,0.0028,0.0435,0.003,0.0013,0.0013,0.001,0.0003,0.0013,0.0045,0.0472,0.0549,0.0407,-0.0405,-0.0017,0.0,-0.0003,-0.0007,0.001,0.0032,0.0427,0.0077,85.5
8988601996,DL케미칼주식회사,,,,,,,,0.0009,0.0055,0.051,0.0559,0.0,0.0,0.0,0.0,0.0,0.0,0.0,0.0046,0.0455,0.0049,85.44
1128122382,한국휴텍스제약,0.0022,0.0004,0.0002,0.0002,0.0004,0.0001,0.0001,0.0001,0.0005,0.0012,0.0689,-0.0018,-0.0002,0.0,0.0002,-0.0003,0.0,0.0,0.0004,0.0007,0.0677,85.31
6088190101,(주)동진이엔씨,,,,,,,,,0.0013,0.0307,0.0781,0.0,0.0,0.0,0.0,0.0,0.0,0.0,0.0,0.0294,0.0474,85.17
3058170394,(주)지엘켐,,,,,,,,,0.0023,0.0085,0.0816,0.0,0.0,0.0,0.0,0.0,0.0,0.0,0.0,0.0062,0.0731,84.82
3148126005,에이비씨나노텍(주),0.0064,0.0686,0.0331,0.0144,0.0101,0.0022,,,0.0004,0.0009,0.1106,0.0622,-0.0355,-0.0187,-0.0043,-0.0079,0.0,0.0,0.0,0.0005,0.1097,84.8
1308645618,주식회사마이미,,,,,,,,,0.002,0.0409,0.0721,0.0,0.0,0.0,0.0,0.0,0.0,0.0,0.0,0.0389,0.0312,84.57
1348115033,알리코제약(주),0.0045,0.0035,0.0009,0.0004,0.0027,0.0004,0.0003,0.0004,0.0005,0.0018,0.0593,-0.001,-0.0026,-0.0005,0.0023,-0.0023,-0.0001,0.0001,0.0001,0.0013,0.0575,84.56
1298179700,(주)피앤아이,0.0022,0.0063,0.0029,0.0375,0.0968,0.0137,0.0032,0.0019,0.0017,0.0379,0.115,0.0041,-0.0034,0.0346,0.0593,-0.0831,-0.0105,-0.0013,-0.0002,0.0362,0.0771,84.44
6228119666,주식회사성일신소재,0.002,0.0033,0.0019,0.002,0.0014,0.0027,0.0375,0.0379,0.0107,0.0673,0.1706,0.0013,-0.0014,0.0001,-0.0006,0.0013,0.0348,0.0004,-0.0272,0.0566,0.1033,84.24
1178123504,(주)인터워크코리아,,,0.0007,0.0004,0.0279,0.0011,0.0588,0.2265,0.001,0.0648,0.1811,0.0,0.0,-0.0003,0.0275,-0.0268,0.0577,0.1677,-0.2255,0.0638,0.1163,84.24
6058186253,(주)진양홀딩스,0.0004,0.0011,0.0003,0.0004,0.003,0.0008,0.0008,0.0049,0.0074,0.0199,0.0408,0.0007,-0.0008,0.0001,0.0026,-0.0022,0.0,0.0041,0.0025,0.0125,0.0209,84.2
1288140013,(주)웅빈,0.0023,0.0026,0.0041,0.0033,0.0038,0.0324,0.024,0.0228,0.0211,0.0553,0.1547,0.0003,0.0015,-0.0008,0.0005,0.0286,-0.0084,-0.0012,-0.0017,0.0342,0.0994,84.19
1298661753,와이앤에스주식회사,,,,,,,,,0.002,0.0721,0.0773,0.0,0.0,0.0,0.0,0.0,0.0,0.0,0.0,0.0701,0.0052,84.1
6068632319,주식회사아리야,,,,,,,,,0.0015,0.0322,0.0656,0.0,0.0,0.0,0.0,0.0,0.0,0.0,0.0,0.0307,0.0334,84.04
1208181096,(주)씨엠에스켐,,,0.0027,0.0471,0.0025,0.0464,0.0015,0.0016,0.0014,0.0088,0.123,0.0,0.0,0.0444,-0.0446,0.0439,-0.0449,0.0001,-0.0002,0.0074,0.1142,84.04
1338130012,성도케미칼(주),,,,,0.0007,0.0001,0.0002,0.0002,0.0005,0.0019,0.0465,0.0,0.0,0.0,0.0,-0.0006,0.0001,0.0,0.0003,0.0014,0.0446,83.83
2208100530,(주)한독,0.0042,0.011,0.0433,0.0306,0.0091,0.0008,0.0005,0.0022,0.0008,0.0262,0.1398,0.0068,0.0323,-0.0127,-0.0215,-0.0083,-0.0003,0.0017,-0.0014,0.0254,0.1136,83.81
1248129132,주식회사케이엠엑스,0.0003,0.0002,0.0003,0.0003,0.0006,0.0002,0.0001,0.0003,0.3455,0.1901,0.546,-0.0001,0.0001,0.0,0.0003,-0.0004,-0.0001,0.0002,0.3452,-0.1554,0.3559,83.81
1298100047,광성씨알티(주),,,,,,,,,0.0104,0.0153,0.0702,0.0,0.0,0.0,0.0,0.0,0.0,0.0,0.0,0.0049,0.0549,83.81
1348125356,부옥물산(주),,,,,,,,0.0081,0.2856,0.0134,0.5413,0.0,0.0,0.0,0.0,0.0,0.0,0.0,0.2775,-0.2722,0.5279,83.78
2178109608,(주)유니크홀딩스,,0.0014,0.0003,0.0002,0.0003,0.0001,0.0001,0.0002,0.0045,0.0385,0.0409,0.0,-0.0011,-0.0001,0.0001,-0.0002,0.0,0.0001,0.0043,0.034,0.0024,83.55
1228643415,주식회사어큐진,,,,,,,0.0002,0.0002,0.1142,0.0763,0.4914,0.0,0.0,0.0,0.0,0.0,0.0,0.0,0.114,-0.0379,0.4151,83.5
1048156367,폴리미래주식회사,0.0002,0.0003,0.0001,0.0002,0.0005,0.0002,0.0002,0.0007,0.0068,0.0083,0.0395,0.0001,-0.0002,0.0001,0.0003,-0.0003,0.0,0.0005,0.0061,0.0015,0.0312,83.5
1358115211,(주)케이피텍,0.0003,0.0007,0.0003,0.0028,0.0021,0.0058,0.0003,0.0133,0.0514,0.0479,0.4337,0.0004,-0.0004,0.0025,-0.0007,0.0037,-0.0055,0.013,0.0381,-0.0035,0.3858,83.45
1138115303,초당약품공업주식회사,0.0073,0.0018,0.0078,0.0016,0.0027,0.0065,0.0075,0.0155,0.5171,0.0273,0.4965,-0.0055,0.006,-0.0062,0.0011,0.0038,0.001,0.008,0.5016,-0.4898,0.4692,83.35
6178144412,(주)인터오션,,,,,0.0204,0.0106,0.0034,0.0611,0.0627,0.0469,0.6158,0.0,0.0,0.0,0.0,-0.0098,-0.0072,0.0577,0.0016,-0.0158,0.5689,83.3
1398105073,주식회사정석케미칼,0.0087,0.0202,0.0007,0.0015,0.0288,0.0007,0.0006,0.012,0.0072,0.0553,0.1285,0.0115,-0.0195,0.0008,0.0273,-0.0281,-0.0001,0.0114,-0.0048,0.0481,0.0732,83.26
1308677973,주식회사에스지코코스메틱,,,,,,,,0.0022,0.0006,0.0189,0.1287,0.0,0.0,0.0,0.0,0.0,0.0,0.0,-0.0016,0.0183,0.1098,83.24
6228121390,주원테크주식회사,0.003,0.0007,0.0002,0.0003,0.0006,0.0007,0.0003,0.0011,0.0013,0.0045,0.0403,-0.0023,-0.0005,0.0001,0.0003,0.0001,-0.0004,0.0008,0.0002,0.0032,0.0358,83.22
8288701276,(주)성암,,,,,0.0017,0.0007,0.0005,0.0004,0.0005,0.0005,0.1328,0.0,0.0,0.0,0.0,-0.001,-0.0002,-0.0001,0.0001,0.0,0.1323,83.19
1248130401,아산제약주식회사,0.0005,0.0006,0.0002,0.0004,0.0014,0.0003,0.0001,0.0002,0.0001,0.0056,0.0955,0.0001,-0.0004,0.0002,0.001,-0.0011,-0.0002,0.0001,-0.0001,0.0055,0.0899,83.18
1348112531,(주)유래코,0.0145,,,,,,0.0004,0.0006,0.003,0.0036,0.0404,0.0,0.0,0.0,0.0,0.0,0.0,0.0002,0.0024,0.0006,0.0368,83.02
1078195530,(주)신오케미칼,0.0007,0.0015,0.0016,0.0009,0.0321,0.0088,0.3223,0.0035,0.0008,0.0301,0.1213,0.0008,0.0001,-0.0007,0.0312,-0.0233,0.3135,-0.3188,-0.0027,0.0293,0.0912,83.01
2038128381,(주)한서마이크론,,,,,,,,,,0.0594,0.2299,0.0,0.0,0.0,0.0,0.0,0.0,0.0,0.0,0.0,0.1705,83.01
6108126918,주식회사선경화성,0.0008,0.0009,0.001,0.0016,0.0058,0.002,0.0014,0.0385,0.0086,0.0168,0.1583,0.0001,0.0001,0.0006,0.0042,-0.0038,-0.0006,0.0371,-0.0299,0.0082,0.1415,82.91
1248627459,(주)엠아이팜,,,,,,0.0039,0.0258,0.0095,0.009,0.0824,0.106,0.0,0.0,0.0,0.0,0.0,0.0219,-0.0163,-0.0005,0.0734,0.0236,82.9
1298148702,에이치엠제이코리아(주),,,,,0.0006,0.0032,0.0413,0.2408,0.0008,0.0456,0.1395,0.0,0.0,0.0,0.0,0.0026,0.0381,0.1995,-0.24,0.0448,0.0939,82.89
3088128838,(주)켐베이스,,,,,,,,0.0032,0.0015,0.0554,0.1075,0.0,0.0,0.0,0.0,0.0,0.0,0.0,-0.0017,0.0539,0.0521,82.87
4678601166,주식회사허브바이오텍,,,,,,,,0.0046,0.4051,0.1811,0.4183,0.0,0.0,0.0,0.0,0.0,0.0,0.0,0.4005,-0.224,0.2372,82.61
3148138516,(주)디엔에프,0.0035,0.0003,0.0002,0.0002,0.0016,0.0002,0.0001,0.0006,0.0004,0.0048,0.0887,-0.0032,-0.0001,0.0,0.0014,-0.0014,-0.0001,0.0005,-0.0002,0.0044,0.0839,82.48
1268671437,(주)대성기업,,0.0029,0.0022,0.0024,0.0018,0.168,0.0086,0.0074,0.0528,0.0333,0.3157,0.0,-0.0007,0.0002,-0.0006,0.1662,-0.1594,-0.0012,0.0454,-0.0195,0.2824,82.43
1148182315,주식회사알포메,0.0008,0.0015,0.0009,0.0157,0.0032,0.0029,0.0004,0.0017,0.0009,0.0081,0.1007,0.0007,-0.0006,0.0148,-0.0125,-0.0003,-0.0025,0.0013,-0.0008,0.0072,0.0926,82.24
8188600991,에스케이바이오사이언스(주),,,,,0.0028,0.0008,0.0003,0.0002,0.0003,0.0043,0.0325,0.0,0.0,0.0,0.0,-0.002,-0.0005,-0.0001,0.0001,0.004,0.0282,82.13
2358702191,주식회사이강시스템,,,,,,,,0.0037,0.0131,0.0143,0.0314,0.0,0.0,0.0,0.0,0.0,0.0,0.0,0.0094,0.0012,0.0171,82.04
4078801455,에이치케이피주식회사,,,,,,,,0.0012,0.0021,0.0084,0.0275,0.0,0.0,0.0,0.0,0.0,0.0,0.0,0.0009,0.0063,0.0191,81.91
1048606940,주식회사토미헤코,,,,,,0.002,0.004,0.0121,0.0575,0.0274,0.2769,0.0,0.0,0.0,0.0,0.0,0.002,0.0081,0.0454,-0.0301,0.2495,81.69
1348103288,(주)위스컴,0.0003,0.0046,0.0039,0.009,0.0602,0.0393,0.0217,0.0622,0.1779,0.0499,0.2631,0.0043,-0.0007,0.0051,0.0512,-0.0209,-0.0176,0.0405,0.1157,-0.128,0.2132,81.35
7768600815,주식회사광명산업,,,,,,,,,0.0009,0.0014,0.0511,0.0,0.0,0.0,0.0,0.0,0.0,0.0,0.0,0.0005,0.0497,81.3
2358100492,승화피앤피(주),,,0.0004,0.0004,0.0052,0.0577,0.0009,0.0019,0.0018,0.0436,0.0607,0.0,0.0,0.0,0.0048,0.0525,-0.0568,0.001,-0.0001,0.0418,0.0171,81.25
2778600598,(주)성진기술,,,,,,,,0.0008,0.0003,0.0108,0.0714,0.0,0.0,0.0,0.0,0.0,0.0,0.0,-0.0005,0.0105,0.0606,81.11
1348153513,(주)남양에너지,0.0013,0.0018,0.0017,0.0017,0.0127,0.0021,0.0023,0.0028,0.0029,0.003,0.0406,0.0005,-0.0001,0.0,0.011,-0.0106,0.0002,0.0005,0.0001,0.0001,0.0376,81.04
1358606809,주식회사일레븐전자,,,,,,,,0.005,0.0009,0.0446,0.0801,0.0,0.0,0.0,0.0,0.0,0.0,0.0,-0.0041,0.0437,0.0355,81.0
6038107005,(주)바이넥스,0.006,0.0095,0.0303,0.1886,0.0086,0.0006,0.0005,0.0006,0.0005,0.0133,0.0554,0.0035,0.0208,0.1583,-0.18,-0.008,-0.0001,0.0001,-0.0001,0.0128,0.0421,80.87
1408100141,제일화학주식회사,,,,,0.0009,0.0004,0.0007,0.0014,0.0008,0.0122,0.0693,0.0,0.0,0.0,0.0,-0.0005,0.0003,0.0007,-0.0006,0.0114,0.0571,80.86
7118700829,주식회사코스모어플러스,,,,,,,,,0.0037,0.0141,0.0383,0.0,0.0,0.0,0.0,0.0,0.0,0.0,0.0,0.0104,0.0242,80.81
2608700281,(주)와이엠피라이팅,,0.0042,0.0045,0.0056,0.002,0.0758,0.1054,0.0159,0.2849,0.0275,0.2111,0.0,0.0003,0.0011,-0.0036,0.0738,0.0296,-0.0895,0.269,-0.2574,0.1836,80.68
6218115065,(주)우진,0.002,0.0155,0.1227,0.0244,0.0163,0.0028,0.0005,0.0026,0.0012,0.0262,0.069,0.0135,0.1072,-0.0983,-0.0081,-0.0135,-0.0023,0.0021,-0.0014,0.025,0.0428,80.56
6108177800,주식회사우정티.알.비,0.0009,0.0024,0.0537,0.0126,0.0152,0.0033,0.0269,0.061,0.1127,0.0509,0.2148,0.0015,0.0513,-0.0411,0.0026,-0.0119,0.0236,0.0341,0.0517,-0.0618,0.1639,80.51
5088701576,주식회사예림화학,,,,,,0.0023,0.1242,0.0081,0.0018,0.0243,0.0733,0.0,0.0,0.0,0.0,0.0,0.1219,-0.1161,-0.0063,0.0225,0.049,80.47
2148626563,주식회사바이오닉스,,,,,,,,,0.0035,0.0275,0.036,0.0,0.0,0.0,0.0,0.0,0.0,0.0,0.0,0.024,0.0085,80.43
4568101953,주식회사더케이에스,,,,,,,,,0.0011,0.0231,0.0343,0.0,0.0,0.0,0.0,0.0,0.0,0.0,0.0,0.022,0.0112,80.39
1248167892,(주)대현에스티,0.0001,0.0002,0.0002,0.0003,0.0012,0.0007,0.0048,0.002,0.2124,0.1253,0.207,0.0001,0.0,0.0001,0.0009,-0.0005,0.0041,-0.0028,0.2104,-0.0871,0.0817,80.32
1358116957,(주)코멕,0.0106,0.0155,0.027,0.0155,0.0055,0.0227,0.0005,0.0022,0.0017,0.023,0.0604,0.0049,0.0115,-0.0115,-0.01,0.0172,-0.0222,0.0017,-0.0005,0.0213,0.0374,80.31
3038117108,(주)녹십자,0.0002,0.0004,0.0003,0.0003,0.0016,0.002,0.0005,0.0007,0.0004,0.0099,0.0574,0.0002,-0.0001,0.0,0.0013,0.0004,-0.0015,0.0002,-0.0003,0.0095,0.0475,80.29
8758800794,주식회사에스알펜스터,,,,,,,,0.0006,0.0003,0.0123,0.0568,0.0,0.0,0.0,0.0,0.0,0.0,0.0,-0.0003,0.012,0.0445,80.29
1298664008,(주)엘앤씨바이오,,,0.0027,0.0008,0.0004,0.0001,0.0001,0.0006,0.0007,0.0055,0.0225,0.0,0.0,-0.0019,-0.0004,-0.0003,0.0,0.0005,0.0001,0.0048,0.017,80.25
3018154280,코스모아이앤디주식회사,0.0033,0.005,0.0023,0.0024,0.0018,0.0003,0.0002,0.0008,0.0006,0.0017,0.063,0.0017,-0.0027,0.0001,-0.0006,-0.0015,-0.0001,0.0006,-0.0002,0.0011,0.0613,80.21
1378109618,인천화학주식회사,0.0003,0.0004,0.0003,0.0005,0.0034,0.0097,0.0168,0.0173,0.0029,0.0155,0.0747,0.0001,-0.0001,0.0002,0.0029,0.0063,0.0071,0.0005,-0.0144,0.0126,0.0592,80.16
3128115176,동원테크놀러지(주),0.0045,0.0157,0.0497,0.0052,0.0089,0.0468,0.0173,0.0688,0.1679,0.0166,0.1976,0.0112,0.034,-0.0445,0.0037,0.0379,-0.0295,0.0515,0.0991,-0.1513,0.181,80.08
1268184451,주식회사와이제이,,,,,0.0014,0.2587,0.0099,0.0119,0.0025,0.0034,0.0956,0.0,0.0,0.0,0.0,0.2573,-0.2488,0.002,-0.0094,0.0009,0.0922,80.03
1078176528,(주)유창하이텍,0.0049,0.0068,0.0036,0.0028,0.0028,0.0467,0.0309,0.028,0.0087,0.02,0.0722,0.0019,-0.0032,-0.0008,0.0,0.0439,-0.0158,-0.0029,-0.0193,0.0113,0.0522,79.78
1358160429,동인산업,,,,,,0.0064,0.0004,0.0065,0.125,0.1238,0.1544,0.0,0.0,0.0,0.0,0.0,-0.006,0.0061,0.1185,-0.0012,0.0306,79.76
1348188652,악조노벨분체도료,0.0002,0.0003,0.0002,0.0002,0.0006,0.0001,0.0001,0.0191,0.4042,0.1236,0.1944,0.0001,-0.0001,0.0,0.0004,-0.0005,0.0,0.019,0.3851,-0.2806,0.0708,79.72
1198104497,국도화학(주),0.0003,0.0005,0.0005,0.0006,0.0019,0.0003,0.0003,0.0005,0.0003,0.007,0.0486,0.0002,0.0,0.0001,0.0013,-0.0016,0.0,0.0002,-0.0002,0.0067,0.0416,79.72
1268679540,(주)평안매직,,0.0037,0.0044,0.005,0.0037,0.0107,0.0012,0.0366,0.0158,0.0312,0.0722,0.0,0.0007,0.0006,-0.0013,0.007,-0.0095,0.0354,-0.0208,0.0154,0.041,79.65
1368119957,주식회사사이몬,0.0223,0.0035,0.002,0.0014,0.0085,0.0307,0.0672,0.0754,0.3957,0.0808,0.1694,-0.0188,-0.0015,-0.0006,0.0071,0.0222,0.0365,0.0082,0.3203,-0.3149,0.0886,79.56
1078132423,대일소재(주),0.0049,0.0044,0.0079,0.0032,0.0535,0.0118,0.0033,0.0004,0.0011,0.0063,0.0172,-0.0005,0.0035,-0.0047,0.0503,-0.0417,-0.0085,-0.0029,0.0007,0.0052,0.0109,79.43
1438109821,주식회사비엔씨코리아,,,,,,,,,0.0057,0.0362,0.0375,0.0,0.0,0.0,0.0,0.0,0.0,0.0,0.0,0.0305,0.0013,79.43
1048125904,서울화인테크주식회사,0.0009,0.0159,0.0063,0.0619,0.0515,0.2326,0.0266,0.2127,0.3647,0.0231,0.1577,0.015,-0.0096,0.0556,-0.0104,0.1811,-0.206,0.1861,0.152,-0.3416,0.1346,79.38
1258117037,주식회사유니테크,0.0005,0.0026,0.0018,0.0013,0.001,0.071,0.0004,0.0011,0.0011,0.0053,0.0274,0.0021,-0.0008,-0.0005,-0.0003,0.07,-0.0706,0.0007,0.0,0.0042,0.0221,79.11
1378166851,정희화학주식회사,,,,,,0.0008,0.0001,0.0003,0.0004,0.0053,0.0174,0.0,0.0,0.0,0.0,0.0,-0.0007,0.0002,0.0001,0.0049,0.0121,79.04
6058131200,주식회사박스코,,0.0035,0.0304,0.0106,0.0026,0.0016,0.0012,0.003,0.0036,0.0118,0.0166,0.0,0.0269,-0.0198,-0.008,-0.001,-0.0004,0.0018,0.0006,0.0082,0.0048,78.98
1998102331,주식회사네오켄바이오,,,,,,,,0.0035,0.6215,0.1094,0.1571,0.0,0.0,0.0,0.0,0.0,0.0,0.0,0.618,-0.5121,0.0477,78.89
1268177154,(주)야야폴리텍,,,,,,,,,0.0049,0.0067,0.0288,0.0,0.0,0.0,0.0,0.0,0.0,0.0,0.0,0.0018,0.0221,78.87
3058189665,우조하이텍,0.0003,0.0004,0.0003,0.0058,0.003,0.0003,0.0003,0.0008,0.0005,0.0008,0.0596,0.0001,-0.0001,0.0055,-0.0028,-0.0027,0.0,0.0005,-0.0003,0.0003,0.0588,78.76
6218600378,주식회사비케이메디케어,,,,,,,0.0014,0.0113,0.0625,0.0129,0.1265,0.0,0.0,0.0,0.0,0.0,0.0,0.0099,0.0512,-0.0496,0.1136,78.67
2208750221,(주)와이즈스톤,,,,,0.007,0.002,,,,0.0129,0.0723,0.0,0.0,0.0,0.0,-0.005,0.0,0.0,0.0,0.0,0.0594,78.51
1248680885,(주)피앤지머터리얼즈,0.0402,0.0152,0.0054,0.0086,0.0497,0.0056,0.0036,0.0078,0.0054,0.0258,0.0504,-0.025,-0.0098,0.0032,0.0411,-0.0441,-0.002,0.0042,-0.0024,0.0204,0.0246,78.39
3148136819,한소주식회사,,,,,,,,0.001,0.0002,0.0007,0.0586,0.0,0.0,0.0,0.0,0.0,0.0,0.0,-0.0008,0.0005,0.0579,78.31
5798801255,(주)모베이스오토,,,,,,0.0023,0.0363,0.0137,0.0038,0.0137,0.0526,0.0,0.0,0.0,0.0,0.0,0.034,-0.0226,-0.0099,0.0099,0.0389,78.19
3308701823,에이치비티주식회사,,,,,,,,,0.0193,0.0115,0.2683,0.0,0.0,0.0,0.0,0.0,0.0,0.0,0.0,-0.0078,0.2568,78.19
1348712396,주식회사에이티에스,,,,,,,,,0.001,0.0093,0.0214,0.0,0.0,0.0,0.0,0.0,0.0,0.0,0.0,0.0083,0.0121,78.12
1308141126,(주)예진화장품,,,0.0022,0.0041,0.0023,0.018,0.0041,0.0874,0.1341,0.0589,0.1249,0.0,0.0,0.0019,-0.0018,0.0157,-0.0139,0.0833,0.0467,-0.0752,0.066,77.97
3018165448,주식회사대원농산,0.0031,0.0023,0.0023,0.0007,0.011,0.0031,0.0008,0.0012,0.0046,0.0092,0.0131,-0.0008,0.0,-0.0016,0.0103,-0.0079,-0.0023,0.0004,0.0034,0.0046,0.0039,77.97
1278107762,주식회사무궁화,0.0307,0.174,0.0256,0.0439,0.0115,0.0107,0.0078,0.0764,0.5192,0.0408,0.109,0.1433,-0.1484,0.0183,-0.0324,-0.0008,-0.0029,0.0686,0.4428,-0.4784,0.0682,77.96
1378631492,주식회사진영케미칼,,0.0016,0.0044,0.0155,0.0024,0.0071,0.004,0.0103,0.0036,0.0113,0.0491,0.0,0.0028,0.0111,-0.0131,0.0047,-0.0031,0.0063,-0.0067,0.0077,0.0378,77.94
7878600149,(주)진양,,,0.0027,0.0055,0.0011,0.0091,0.0068,0.0069,0.0017,0.0183,0.0466,0.0,0.0,0.0028,-0.0044,0.008,-0.0023,0.0001,-0.0052,0.0166,0.0283,77.91
1318616644,해광씨앤아이(주),,,,,0.0008,0.0002,0.0002,0.0002,0.0003,0.0006,0.018,0.0,0.0,0.0,0.0,-0.0006,0.0,0.0,0.0001,0.0003,0.0174,77.78
4018114778,정우화인주식회사,0.0005,0.0007,0.0007,0.0009,0.0022,0.001,0.0009,0.0038,0.0052,0.0085,0.0132,0.0002,0.0,0.0002,0.0013,-0.0012,-0.0001,0.0029,0.0014,0.0033,0.0047,77.76
1368801932,주식회사지디씨(GDC),,,,,,,,0.0012,0.0113,0.0023,0.0986,0.0,0.0,0.0,0.0,0.0,0.0,0.0,0.0101,-0.009,0.0963,77.72
1378109054,영화염업(주),0.0071,0.0208,0.0029,0.0258,0.0062,0.0072,0.0012,0.0046,0.0009,0.0053,0.0462,0.0137,-0.0179,0.0229,-0.0196,0.001,-0.006,0.0034,-0.0037,0.0044,0.0409,77.67
1338127249,(주)원익홀딩스,0.0001,0.0002,0.0003,0.0003,0.0011,0.0008,0.0003,0.0008,0.0007,0.0023,0.0336,0.0001,0.0001,0.0,0.0008,-0.0003,-0.0005,0.0005,-0.0001,0.0016,0.0313,77.62
1398118603,(주)제성,0.0007,0.0014,0.0006,0.0004,0.0033,0.0004,0.0003,0.0013,0.0011,0.0246,0.0331,0.0007,-0.0008,-0.0002,0.0029,-0.0029,-0.0001,0.001,-0.0002,0.0235,0.0085,77.62
1348604040,(주)에이치에스켐텍,0.0049,0.0446,0.2224,0.019,0.0075,0.0433,0.0145,0.0279,0.0106,0.0216,0.0487,0.0397,0.1778,-0.2034,-0.0115,0.0358,-0.0288,0.0134,-0.0173,0.011,0.0271,77.54
3118122859,(주)코브인터내셔날,0.0008,0.0015,0.0012,0.0011,0.0058,0.0014,0.0009,0.0248,0.0318,0.0217,0.1024,0.0007,-0.0003,-0.0001,0.0047,-0.0044,-0.0005,0.0239,0.007,-0.0101,0.0807,77.47
1358100964,현대화학공업(주),,,0.0008,0.0004,0.0012,0.0002,0.0007,0.0094,0.0004,0.0141,0.0448,0.0,0.0,-0.0004,0.0008,-0.001,0.0005,0.0087,-0.009,0.0137,0.0307,77.44
5108123019,주식회사미래인더스트리,,,,0.0012,0.0017,0.0262,0.0308,0.0504,0.0167,0.0492,0.055,0.0,0.0,0.0,0.0005,0.0245,0.0046,0.0196,-0.0337,0.0325,0.0058,77.36
8878100503,오름테라퓨틱(주),,,,,,,,0.0067,0.374,0.0048,0.086,0.0,0.0,0.0,0.0,0.0,0.0,0.0,0.3673,-0.3692,0.0812,77.32
1408164392,주식회사삼주,,,,,0.0018,0.0041,0.002,0.0025,0.0022,0.0037,0.0367,0.0,0.0,0.0,0.0,0.0023,-0.0021,0.0005,-0.0003,0.0015,0.033,77.22
6218127256,세미플론(주),,,0.0016,0.0008,0.0037,0.0017,0.024,0.0047,0.014,0.0012,0.0902,0.0,0.0,-0.0008,0.0029,-0.002,0.0223,-0.0193,0.0093,-0.0128,0.089,77.17
5208800609,성일하이텍(주),,,,0.001,0.0024,0.0496,0.1876,0.0494,0.0003,0.0052,0.046,0.0,0.0,0.0,0.0014,0.0472,0.138,-0.1382,-0.0491,0.0049,0.0408,77.02
1418133816,(주)세종헬스케어,,,,,,,0.001,0.0011,0.0036,0.0053,0.0105,0.0,0.0,0.0,0.0,0.0,0.0,0.0001,0.0025,0.0017,0.0052,76.95
3178106110,단일가스켐(주),,,,,,0.0004,0.0002,0.0015,0.0182,0.0087,0.0799,0.0,0.0,0.0,0.0,0.0,-0.0002,0.0013,0.0167,-0.0095,0.0712,76.89
3128169333,(주)신한이엔지,,,,,,,0.0028,0.0129,0.1693,0.0518,0.0912,0.0,0.0,0.0,0.0,0.0,0.0,0.0101,0.1564,-0.1175,0.0394,76.84
5038158596,주식회사피제이용전,,,,,,,,,0.0026,0.0066,0.0174,0.0,0.0,0.0,0.0,0.0,0.0,0.0,0.0,0.004,0.0108,76.72
6238601223,코스맥스이스트주식회사,,,,,,,0.0085,0.0004,0.0002,0.0004,0.0396,0.0,0.0,0.0,0.0,0.0,0.0,-0.0081,-0.0002,0.0002,0.0392,76.72
1138644332,주식회사아토세이프,,,,,,,,0.0007,0.0009,0.0012,0.0139,0.0,0.0,0.0,0.0,0.0,0.0,0.0,0.0002,0.0003,0.0127,76.71
1248674516,퓨어앤텍주식회사,,,,,,0.0016,0.0016,0.0454,0.2477,0.009,0.0755,0.0,0.0,0.0,0.0,0.0,0.0,0.0438,0.2023,-0.2387,0.0665,76.65
1398111032,주식회사서한안타민,0.0107,0.0041,0.0025,0.0027,0.0007,0.0016,0.0008,0.004,0.1884,0.0399,0.082,-0.0066,-0.0016,0.0002,-0.002,0.0009,-0.0008,0.0032,0.1844,-0.1485,0.0421,76.63
4098184749,주식회사한맥캐미칼,0.0756,0.0042,0.013,0.0045,0.0019,0.0012,,0.0017,0.0013,0.0054,0.0299,-0.0714,0.0088,-0.0085,-0.0026,-0.0007,0.0,0.0,-0.0004,0.0041,0.0245,76.6
4508801425,우창정기(주),,,,,,0.0184,0.0019,0.0077,0.0065,0.0236,0.0349,0.0,0.0,0.0,0.0,0.0,-0.0165,0.0058,-0.0012,0.0171,0.0113,76.57
6088142176,세우산업주식회사,,,,,,0.0008,0.0002,0.0003,0.0023,0.0015,0.066,0.0,0.0,0.0,0.0,0.0,-0.0006,0.0001,0.002,-0.0008,0.0645,76.45
5528800421,(주)경원합성,,,,,,,,0.0019,0.0018,0.0044,0.0261,0.0,0.0,0.0,0.0,0.0,0.0,0.0,-0.0001,0.0026,0.0217,76.45
4118127760,케이씨주식회사,0.1122,0.0468,0.0051,0.0031,0.0015,0.0018,0.027,0.1029,0.0058,0.015,0.0412,-0.0654,-0.0417,-0.002,-0.0016,0.0003,0.0252,0.0759,-0.0971,0.0092,0.0262,76.42
1318160223,대림케미칼(주),0.0403,0.0054,0.0038,0.0056,0.0094,0.0108,0.0007,0.0025,0.0025,0.0069,0.0159,-0.0349,-0.0016,0.0018,0.0038,0.0014,-0.0101,0.0018,0.0,0.0044,0.009,76.41
1058137077,용산케미칼주식회사,0.0009,0.0011,0.0008,0.0007,0.0004,0.0002,0.0006,0.0007,0.0002,0.0021,0.0315,0.0002,-0.0003,-0.0001,-0.0003,-0.0002,0.0004,0.0001,-0.0005,0.0019,0.0294,76.38
4168187536,(주)포스코엠씨머티리얼즈,0.0774,0.0377,0.1092,0.007,0.005,0.0006,0.0213,0.0048,0.0004,0.0083,0.0348,-0.0397,0.0715,-0.1022,-0.002,-0.0044,0.0207,-0.0165,-0.0044,0.0079,0.0265,76.27
3018112878,(주)그린제약,,,,,,0.0012,0.0002,0.0008,0.0005,0.0031,0.0279,0.0,0.0,0.0,0.0,0.0,-0.001,0.0006,-0.0003,0.0026,0.0248,76.24
6088606175,주식회사삼성화이바,,,,,,,,0.0009,0.0024,0.0033,0.0093,0.0,0.0,0.0,0.0,0.0,0.0,0.0,0.0015,0.0009,0.006,76.05
6108125388,주식회사남부,0.1644,0.0124,0.0082,0.006,0.0056,0.0851,0.0251,0.0803,0.1978,0.032,0.0731,-0.152,-0.0042,-0.0022,-0.0004,0.0795,-0.06,0.0552,0.1175,-0.1658,0.0411,75.96
1278636826,(주)새롬코스메틱,,,,,,,,0.001,0.0029,0.0091,0.01,0.0,0.0,0.0,0.0,0.0,0.0,0.0,0.0019,0.0062,0.0009,75.94
1378110376,(주)연우,0.0005,,,,,,,,,0.0108,0.0446,0.0,0.0,0.0,0.0,0.0,0.0,0.0,0.0,0.0,0.0338,75.83
2138600444,(주)데코피아,,,,,0.0011,0.0002,0.0004,0.001,0.0007,0.0177,0.0251,0.0,0.0,0.0,0.0,-0.0009,0.0002,0.0006,-0.0003,0.017,0.0074,75.81
1128124639,(주)우성엠에프,0.0026,0.0315,0.006,0.0068,0.022,0.0012,0.001,0.0011,0.001,0.0117,0.0211,0.0289,-0.0255,0.0008,0.0152,-0.0208,-0.0002,0.0001,-0.0001,0.0107,0.0094,75.79
1358635380,주식회사에프알디,,,,,,,,0.002,0.0005,0.0062,0.0294,0.0,0.0,0.0,0.0,0.0,0.0,0.0,-0.0015,0.0057,0.0232,75.76
2338100900,주식회사한탑,,,,,,,,,0.0024,0.0037,0.0154,0.0,0.0,0.0,0.0,0.0,0.0,0.0,0.0,0.0013,0.0117,75.69
1338138862,(주)한남코퍼레이션,0.0891,0.0063,0.0008,0.0004,0.0017,0.0002,0.0004,0.0004,0.0003,0.0209,0.0235,-0.0828,-0.0055,-0.0004,0.0013,-0.0015,0.0002,0.0,-0.0001,0.0206,0.0026,75.62
4108148888,(주)성진글로벌,0.0262,0.2166,0.0546,0.0058,0.0072,0.0002,0.0001,0.0184,0.1152,0.0132,0.0626,0.1904,-0.162,-0.0488,0.0014,-0.007,-0.0001,0.0183,0.0968,-0.102,0.0494,75.53
1198188177,(주)신영화학,0.0004,0.0001,0.0002,0.0002,0.0005,0.0225,,,,0.003,0.0386,-0.0003,0.0001,0.0,0.0003,0.022,0.0,0.0,0.0,0.0,0.0356,75.29
1378625836,주식회사상진,,,,,0.0011,0.0036,0.0004,0.0028,0.0578,0.0031,0.0585,0.0,0.0,0.0,0.0,0.0025,-0.0032,0.0024,0.055,-0.0547,0.0554,75.23
1068100516,이연제약(주),0.0002,0.0005,0.0002,0.0001,0.0049,0.0011,0.0015,0.0084,0.0013,0.0038,0.0314,0.0003,-0.0003,-0.0001,0.0048,-0.0038,0.0004,0.0069,-0.0071,0.0025,0.0276,75.22
6218182564,주식회사미성,,,,,0.0006,0.0004,0.0003,0.0008,0.0178,0.0008,0.0577,0.0,0.0,0.0,0.0,-0.0002,-0.0001,0.0005,0.017,-0.017,0.0569,75.12
1348171976,(주)CMG제약,0.0072,0.0114,0.0009,0.0025,0.0017,0.0032,0.006,0.0073,0.0123,0.0021,0.0601,0.0042,-0.0105,0.0016,-0.0008,0.0015,0.0028,0.0013,0.005,-0.0102,0.058,75.12
5138102008,(주)TSR,0.0002,0.0003,0.0002,0.0005,0.0011,0.0001,0.0002,0.0026,0.0034,0.0056,0.0078,0.0001,-0.0001,0.0003,0.0006,-0.001,0.0001,0.0024,0.0008,0.0022,0.0022,75.02
1208774317,주식회사우리플라,0.0107,0.0087,0.0364,0.1049,0.0044,0.0058,0.0135,0.0315,0.0017,0.0073,0.0297,-0.002,0.0277,0.0685,-0.1005,0.0014,0.0077,0.018,-0.0298,0.0056,0.0224,74.95
1058638896,주식회사펜믹스,0.0001,0.0004,0.0001,0.0032,0.0411,0.0054,0.004,0.0006,0.0011,0.0004,0.0494,0.0003,-0.0003,0.0031,0.0379,-0.0357,-0.0014,-0.0034,0.0005,-0.0007,0.049,74.93
6088183575,코리아크롤러트랙주식회사,0.0885,0.0043,0.0285,0.0149,0.0735,0.0029,0.0037,0.01,0.0011,0.0077,0.0271,-0.0842,0.0242,-0.0136,0.0586,-0.0706,0.0008,0.0063,-0.0089,0.0066,0.0194,74.72
4058101275,엔에스씨주식회사,,,,,,,0.0016,0.037,0.0121,0.0143,0.0326,0.0,0.0,0.0,0.0,0.0,0.0,0.0354,-0.0249,0.0022,0.0183,74.71
1298680503,주식회사태영산업,,0.002,0.0013,0.0044,0.0009,0.0059,0.0052,0.0051,0.0008,0.0051,0.0268,0.0,-0.0007,0.0031,-0.0035,0.005,-0.0007,-0.0001,-0.0043,0.0043,0.0217,74.68
1318637479,(주)엔에프씨,,,,0.0009,0.0005,0.0006,0.0006,0.0006,0.0002,0.0007,0.0258,0.0,0.0,0.0,-0.0004,0.0001,0.0,0.0,-0.0004,0.0005,0.0251,74.68
3128109048,유니메드제약주식회사,0.0001,0.0012,0.0002,0.0003,0.0008,0.0001,0.0003,0.0007,0.0003,0.0028,0.0211,0.0011,-0.001,0.0001,0.0005,-0.0007,0.0002,0.0004,-0.0004,0.0025,0.0183,74.6
1338122787,(주)아이피씨,0.0002,0.0004,0.0003,0.0003,0.006,0.0025,0.0138,0.0467,0.2099,0.0136,0.0531,0.0002,-0.0001,0.0,0.0057,-0.0035,0.0113,0.0329,0.1632,-0.1963,0.0395,74.58
1358109475,(주)에이치제이씨,0.0006,0.0085,0.0011,0.0007,0.0023,0.0003,0.0001,0.0002,0.0002,0.0009,0.013,0.0079,-0.0074,-0.0004,0.0016,-0.002,-0.0002,0.0001,0.0,0.0007,0.0121,74.57
6068104967,(주)흥아,0.0003,0.0005,0.0006,0.0019,0.002,0.0011,0.0009,0.023,0.1999,0.0098,0.0507,0.0002,0.0001,0.0013,0.0001,-0.0009,-0.0002,0.0221,0.1769,-0.1901,0.0409,74.57
4178117523,오리온엔지니어드카본즈코리아주식회사,0.0002,0.0004,0.0002,0.0001,0.002,0.0002,0.0001,0.0004,0.0002,0.0003,0.0278,0.0002,-0.0002,-0.0001,0.0019,-0.0018,-0.0001,0.0003,-0.0002,0.0001,0.0275,74.51
1058195679,아이에스티엠씨주식회사,0.0086,0.002,0.2158,0.0004,0.0009,0.0041,0.0019,0.0008,0.0002,0.0002,0.0615,-0.0066,0.2138,-0.2154,0.0005,0.0032,-0.0022,-0.0011,-0.0006,0.0,0.0613,74.49
3118141991,제이케이머티리얼즈(주),0.0006,0.001,0.0003,0.0002,0.0009,0.0002,0.0002,0.003,0.0709,0.2142,0.2137,0.0004,-0.0007,-0.0001,0.0007,-0.0007,0.0,0.0028,0.0679,0.1433,-0.0005,74.42
6218801013,주식회사케이에스제약,,,,,,,,0.0106,0.3056,0.0068,0.0469,0.0,0.0,0.0,0.0,0.0,0.0,0.0,0.295,-0.2988,0.0401,74.37
6208600448,(주)알피바이오,,,0.0009,0.0002,0.0006,0.0005,0.0007,0.0018,0.0005,0.0008,0.0292,0.0,0.0,-0.0007,0.0004,-0.0001,0.0002,0.0011,-0.0013,0.0003,0.0284,74.31
1178175206,주식회사피플앤코,,,0.0006,0.0002,0.0011,0.022,0.0428,0.1608,0.2875,0.0139,0.0521,0.0,0.0,-0.0004,0.0009,0.0209,0.0208,0.118,0.1267,-0.2736,0.0382,74.3
3488602864,엠더블유에스더블유주식회사,,,,,,,,,0.0179,0.0049,0.0987,0.0,0.0,0.0,0.0,0.0,0.0,0.0,0.0,-0.013,0.0938,74.29
1368101592,한국피엘에이주식회사,,,,,,,0.0022,0.0017,0.0017,0.0031,0.0106,0.0,0.0,0.0,0.0,0.0,0.0,-0.0005,0.0,0.0014,0.0075,74.09
3058136339,(주)나노신소재,0.0003,0.0002,0.0002,0.0002,0.0005,0.0001,0.0004,0.0003,0.0001,0.0009,0.0194,-0.0001,0.0,0.0,0.0003,-0.0004,0.0003,-0.0001,-0.0002,0.0008,0.0185,74.07
5818602364,주식회사지엠텍,,,,,,,,,0.0009,0.0001,0.0717,0.0,0.0,0.0,0.0,0.0,0.0,0.0,0.0,-0.0008,0.0716,74.02
7938102486,(주)옵트바이오,,,,,,,,0.0198,0.6291,0.7924,0.6043,0.0,0.0,0.0,0.0,0.0,0.0,0.0,0.6093,0.1633,-0.1881,74.01
1258101840,주식회사하원제약,0.0024,0.002,0.0011,0.0014,0.009,0.0106,0.0349,0.0707,0.0114,0.0253,0.0292,-0.0004,-0.0009,0.0003,0.0076,0.0016,0.0243,0.0358,-0.0593,0.0139,0.0039,73.95
4168198576,청광신소재,,,,,,,,0.0023,0.0041,0.0021,0.0441,0.0,0.0,0.0,0.0,0.0,0.0,0.0,0.0018,-0.002,0.042,73.94
1238153186,세양전자(주),,0.0035,0.0056,0.0026,0.0039,0.0202,0.0024,0.0065,0.0014,0.0013,0.1494,0.0,0.0021,-0.003,0.0013,0.0163,-0.0178,0.0041,-0.0051,-0.0001,0.1481,73.9
5158127835,(주)토이론,,,,0.0015,0.0048,0.0012,0.0008,0.0071,0.0473,0.0054,0.045,0.0,0.0,0.0,0.0033,-0.0036,-0.0004,0.0063,0.0402,-0.0419,0.0396,73.86
4178121425,금호피앤비화학(주),0.0525,0.0034,0.0021,0.002,0.0021,0.0002,0.0001,0.0005,0.0001,0.0029,0.0175,-0.0491,-0.0013,-0.0001,0.0001,-0.0019,-0.0001,0.0004,-0.0004,0.0028,0.0146,73.82
1248134203,(주)보락,0.0028,0.0032,0.0003,0.0008,0.0027,0.0045,0.0319,0.0011,0.0003,0.0039,0.0193,0.0004,-0.0029,0.0005,0.0019,0.0018,0.0274,-0.0308,-0.0008,0.0036,0.0154,73.8
1288141384,(주)켐스필드코리아,,0.0025,0.0091,0.008,0.0185,0.0031,0.0065,0.006,0.1676,0.8225,0.57,0.0,0.0066,-0.0011,0.0105,-0.0154,0.0034,-0.0005,0.1616,0.6549,-0.2525,73.79
1228112580,삼민화학공업주식회사,0.0009,0.0006,0.0003,0.0004,0.0016,0.0003,0.0002,0.0065,0.0425,0.0115,0.0455,-0.0003,-0.0003,0.0001,0.0012,-0.0013,-0.0001,0.0063,0.036,-0.031,0.034,73.76
1398102682,대덕가스(주),0.0008,0.0035,0.0013,0.0008,0.0025,0.0004,0.0002,0.0005,0.0002,0.0003,0.0252,0.0027,-0.0022,-0.0005,0.0017,-0.0021,-0.0002,0.0003,-0.0003,0.0001,0.0249,73.73
3038120321,(주)에스아이씨이노베이션,0.0024,0.0219,0.0575,0.029,0.0046,0.0107,0.0009,0.0238,0.0024,0.005,0.0244,0.0195,0.0356,-0.0285,-0.0244,0.0061,-0.0098,0.0229,-0.0214,0.0026,0.0194,73.67
2208102256,풍천실업주식회사,,,,,,,,,,0.0152,0.029,0.0,0.0,0.0,0.0,0.0,0.0,0.0,0.0,0.0,0.0138,73.44
6468801399,케이에이에프주식회사,,,,,,0.0006,0.0004,0.0205,0.0203,0.0132,0.1473,0.0,0.0,0.0,0.0,0.0,-0.0002,0.0201,-0.0002,-0.0071,0.1341,73.36
1318197147,디케이코스메틱,,,,,0.0054,0.009,,0.0191,0.0123,0.0198,0.024,0.0,0.0,0.0,0.0,0.0036,0.0,0.0,-0.0068,0.0075,0.0042,73.35
5158145037,주식회사필드글로벌,,,,,,,0.0003,0.0008,0.0012,0.001,0.0316,0.0,0.0,0.0,0.0,0.0,0.0,0.0005,0.0004,-0.0002,0.0306,73.25
1138136157,금성이엔씨(주),,0.0046,0.0005,0.0006,0.001,0.0004,0.0002,0.0009,0.0028,0.003,0.0065,0.0,-0.0041,0.0001,0.0004,-0.0006,-0.0002,0.0007,0.0019,0.0002,0.0035,73.21
6068141583,(주)건안산업,,0.0032,0.0006,0.0557,0.0215,0.0067,0.0683,0.0058,0.063,0.011,0.0401,0.0,-0.0026,0.0551,-0.0342,-0.0148,0.0616,-0.0625,0.0572,-0.052,0.0291,73.19
5088134231,주식회사명진에코화이바,,,,,,,,,0.0016,0.004,0.008,0.0,0.0,0.0,0.0,0.0,0.0,0.0,0.0,0.0024,0.004,73.11
1358177196,유티스주식회사,0.0002,,0.0002,0.0002,0.0006,0.0001,0.0001,0.0514,0.3961,0.5683,0.4491,0.0,0.0,0.0,0.0004,-0.0005,0.0,0.0513,0.3447,0.1722,-0.1192,73.11
1048149115,여천NCC(주),0.0004,0.0004,0.0002,0.0002,0.0003,0.0001,0.0002,0.0008,0.0428,0.5804,0.4974,0.0,-0.0002,0.0,0.0001,-0.0002,0.0001,0.0006,0.042,0.5376,-0.083,73.11
5958100735,주식회사올덴,,,,,,,,0.0006,0.0001,0.0006,0.019,0.0,0.0,0.0,0.0,0.0,0.0,0.0,-0.0005,0.0005,0.0184,73.01
3148140292,테고사이언스(주),0.0008,0.0002,0.0013,0.0296,0.0021,0.002,0.0002,0.0064,0.0956,0.0301,0.0435,-0.0006,0.0011,0.0283,-0.0275,-0.0001,-0.0018,0.0062,0.0892,-0.0655,0.0134,72.96
1068186848,(주)제이컴정보통신,,,,,,,,0.0008,0.0009,0.0034,0.0056,0.0,0.0,0.0,0.0,0.0,0.0,0.0,0.0001,0.0025,0.0022,72.92
8468100915,에스케이케미칼(주),,,,0.0145,0.0738,0.0063,0.0008,0.0004,0.0002,0.0012,0.0149,0.0,0.0,0.0,0.0593,-0.0675,-0.0055,-0.0004,-0.0002,0.001,0.0137,72.87
3128163756,주식회사일석,0.0005,0.001,0.0002,0.0001,0.0007,0.0002,0.0001,0.0004,0.0006,0.0013,0.0055,0.0005,-0.0008,-0.0001,0.0006,-0.0005,-0.0001,0.0003,0.0002,0.0007,0.0042,72.82
1278115127,천일페인트(주),0.0006,0.0013,0.0003,0.0046,0.025,0.0775,0.0005,0.0158,0.1912,0.0149,0.0385,0.0007,-0.001,0.0043,0.0204,0.0525,-0.077,0.0153,0.1754,-0.1763,0.0236,72.8
1228116892,(주)파커스,0.0057,0.0006,0.0003,0.0042,0.0068,0.0222,0.2037,0.0311,0.0858,0.5793,0.4542,-0.0051,-0.0003,0.0039,0.0026,0.0154,0.1815,-0.1726,0.0547,0.4935,-0.1251,72.77
5138122358,주식회사장진플라테크,0.0009,0.0024,0.0007,0.003,0.0355,0.0842,0.023,0.0114,0.0026,0.004,0.0201,0.0015,-0.0017,0.0023,0.0325,0.0487,-0.0612,-0.0116,-0.0088,0.0014,0.0161,72.69
1048167850,오씨아이페로(주),0.0003,0.0003,0.0002,0.0003,0.0009,0.008,0.0277,0.0026,0.0023,0.0023,0.0397,0.0,-0.0001,0.0001,0.0006,0.0071,0.0197,-0.0251,-0.0003,0.0,0.0374,72.63
5118111457,현대파이프(주),0.0026,0.0062,0.0194,0.0084,0.0047,0.0174,0.0019,0.015,0.0039,0.0132,0.0189,0.0036,0.0132,-0.011,-0.0037,0.0127,-0.0155,0.0131,-0.0111,0.0093,0.0057,72.6
1438117210,(주)프레오,,,,,,,,,0.0022,0.0067,0.0079,0.0,0.0,0.0,0.0,0.0,0.0,0.0,0.0,0.0045,0.0012,72.43
5138116410,도레이첨단소재주식회사,0.0003,0.0117,0.0023,0.0011,0.0036,0.0006,0.0003,0.0006,0.0003,0.0019,0.0133,0.0114,-0.0094,-0.0012,0.0025,-0.003,-0.0003,0.0003,-0.0003,0.0016,0.0114,72.37
2208644305,(주)더마펌,,,,0.0005,0.001,0.0001,0.0001,0.0002,0.0089,0.0007,0.0316,0.0,0.0,0.0,0.0005,-0.0009,0.0,0.0001,0.0087,-0.0082,0.0309,72.27
1378115328,주식회사도일에코텍,0.0009,0.0007,,,,0.0002,0.0017,0.0056,0.0003,0.0008,0.02,-0.0002,0.0,0.0,0.0,0.0,0.0015,0.0039,-0.0053,0.0005,0.0192,72.23
2148117939,삼양화학실업(주),0.0014,0.0006,0.0002,0.0004,0.0008,0.009,0.0172,0.0028,0.0687,0.0387,0.0424,-0.0008,-0.0004,0.0002,0.0004,0.0082,0.0082,-0.0144,0.0659,-0.03,0.0037,72.22
1198139434,(주)아트사인,,0.0013,0.001,0.0014,0.0017,0.0266,0.0638,0.0023,0.0015,0.0118,0.015,0.0,-0.0003,0.0004,0.0003,0.0249,0.0372,-0.0615,-0.0008,0.0103,0.0032,72.22
1438128361,주식회사정우테크닉스,,,,,,,0.0006,0.0015,0.0008,0.0053,0.0136,0.0,0.0,0.0,0.0,0.0,0.0,0.0009,-0.0007,0.0045,0.0083,72.21
1378638160,(주)대하체어스,,,,,,,,,0.0017,0.003,0.0071,0.0,0.0,0.0,0.0,0.0,0.0,0.0,0.0,0.0013,0.0041,72.19
2138632005,(주)페트로산업,0.0002,0.0003,0.0001,0.0001,0.0004,0.0052,0.0058,0.01,0.0706,0.0006,0.0314,0.0001,-0.0002,0.0,0.0003,0.0048,0.0006,0.0042,0.0606,-0.07,0.0308,72.16
4038107079,(주)동양실업,,,,0.0064,0.004,0.0242,0.019,0.018,0.0005,0.0091,0.0166,0.0,0.0,0.0,-0.0024,0.0202,-0.0052,-0.001,-0.0175,0.0086,0.0075,72.08
1348100563,풍림유화공업(주),0.0006,0.0007,0.0003,0.001,0.0019,0.0283,0.0527,0.0397,0.1452,0.2851,0.2603,0.0001,-0.0004,0.0007,0.0009,0.0264,0.0244,-0.013,0.1055,0.1399,-0.0248,72.06
1208155486,자경케미칼(주),,0.0043,0.0029,0.0635,0.0492,0.0084,0.05,0.1148,0.3173,0.3829,0.3064,0.0,-0.0014,0.0606,-0.0143,-0.0408,0.0416,0.0648,0.2025,0.0656,-0.0765,72.05
1318654838,(주)신진수지,,,,,,,,0.0009,0.361,0.4753,0.2951,0.0,0.0,0.0,0.0,0.0,0.0,0.0,0.3601,0.1143,-0.1802,72.05
6108630246,에스케이어드밴스드주식회사,0.0042,0.0357,0.0008,0.0012,0.0008,0.0011,0.0004,0.0017,0.1121,0.4194,0.2876,0.0315,-0.0349,0.0004,-0.0004,0.0003,-0.0007,0.0013,0.1104,0.3073,-0.1318,72.02
3118127529,에이치피엠(주),,,,0.0048,0.0174,,,0.0107,0.0049,0.0158,0.0181,0.0,0.0,0.0,0.0126,0.0,0.0,0.0,-0.0058,0.0109,0.0023,72.01
1058103956,주식회사풍농,0.0019,0.0028,0.0233,0.0254,0.209,0.2694,0.0004,0.01,0.1372,0.2443,0.228,0.0009,0.0205,0.0021,0.1836,0.0604,-0.269,0.0096,0.1272,0.1071,-0.0163,72.01
1288612939,주식회사이수씨엔피,0.1051,,,,,,,0.0185,0.1467,0.4669,0.2834,0.0,0.0,0.0,0.0,0.0,0.0,0.0,0.1282,0.3202,-0.1835,71.91
8818700088,(주)천지인바이오텍,,,,,,,,0.0021,0.0007,0.0013,0.0158,0.0,0.0,0.0,0.0,0.0,0.0,0.0,-0.0014,0.0006,0.0145,71.77
1188115012,롯데케미칼(주),0.0017,0.0004,0.0001,0.0002,0.0005,0.0003,0.0012,0.0003,0.0209,0.359,0.2899,-0.0013,-0.0003,0.0001,0.0003,-0.0002,0.0009,-0.0009,0.0206,0.3381,-0.0691,71.68
1428103159,(주)에이치비글로벌,,,,,,,0.0016,0.0446,0.1425,0.0026,0.0279,0.0,0.0,0.0,0.0,0.0,0.0,0.043,0.0979,-0.1399,0.0253,71.51
3038136653,이니스트에스티주식회사,0.0029,0.0049,0.0212,0.0045,0.0023,0.001,0.0183,0.0066,0.0011,0.0028,0.015,0.002,0.0163,-0.0167,-0.0022,-0.0013,0.0173,-0.0117,-0.0055,0.0017,0.0122,71.43
6548700211,주식회사라비오,,,,,,,,,0.001,0.0017,0.0065,0.0,0.0,0.0,0.0,0.0,0.0,0.0,0.0,0.0007,0.0048,71.41
1248136609,삼일이노팩(주),0.0005,0.0003,0.0002,0.0001,0.0031,0.0094,0.0005,0.0033,0.0309,0.6595,0.2917,-0.0002,-0.0001,-0.0001,0.003,0.0063,-0.0089,0.0028,0.0276,0.6286,-0.3678,71.37
6228106730,주식회사영신오토모티브,0.011,0.0047,0.0018,0.0024,0.0303,0.0202,0.0054,0.0456,0.0259,0.0195,0.1451,-0.0063,-0.0029,0.0006,0.0279,-0.0101,-0.0148,0.0402,-0.0197,-0.0064,0.1256,71.3
1348163156,(주)우성패키징,0.0014,0.0013,0.0006,0.0006,0.0002,0.0009,0.0003,0.0005,0.0361,0.4173,0.2723,-0.0001,-0.0007,0.0,-0.0004,0.0007,-0.0006,0.0002,0.0356,0.3812,-0.145,71.3
1148176190,(주)영우켐텍,0.0022,0.0122,0.0027,0.001,0.0116,0.0006,0.0003,0.0006,0.0005,0.0004,0.0487,0.01,-0.0095,-0.0017,0.0106,-0.011,-0.0003,0.0003,-0.0001,-0.0001,0.0483,71.24
2078144573,주식회사현대시트,0.01,0.0009,0.0004,0.0005,0.0061,0.0111,0.0026,0.0007,0.0011,0.0025,0.004,-0.0091,-0.0005,0.0001,0.0056,0.005,-0.0085,-0.0019,0.0004,0.0014,0.0015,71.22
1308160405,주식회사우성엠엔피,0.0005,0.0007,0.0066,0.0348,0.0487,0.0011,0.0282,0.0153,0.0656,0.6887,0.2605,0.0002,0.0059,0.0282,0.0139,-0.0476,0.0271,-0.0129,0.0503,0.6231,-0.4282,71.18
1378140190,(주)제너럴네트,,,,0.0012,0.0107,0.0014,0.0012,0.0036,0.017,0.0161,0.0242,0.0,0.0,0.0,0.0095,-0.0093,-0.0002,0.0024,0.0134,-0.0009,0.0081,71.16
1018660116,에스케이지오센트릭주식회사,0.0004,0.0012,0.0003,0.0003,0.0005,0.0003,0.0145,0.001,0.0088,0.0063,0.0249,0.0008,-0.0009,0.0,0.0002,-0.0002,0.0142,-0.0135,0.0078,-0.0025,0.0186,71.12
1288100011,에스비성보(주),0.0003,0.001,0.0052,0.0093,0.0375,0.0096,0.305,0.0722,0.0145,0.0123,0.1303,0.0007,0.0042,0.0041,0.0282,-0.0279,0.2954,-0.2328,-0.0577,-0.0022,0.118,71.12
2148681682,(주)씨티케이,,,0.0007,0.0002,0.0007,0.0006,0.0065,0.0239,0.0983,0.0046,0.0263,0.0,0.0,-0.0005,0.0005,-0.0001,0.0059,0.0174,0.0744,-0.0937,0.0217,71.11
6288800669,제일약품(주),,,,0.0013,0.0082,0.0126,0.0012,0.0171,0.0343,0.0054,0.0273,0.0,0.0,0.0,0.0069,0.0044,-0.0114,0.0159,0.0172,-0.0289,0.0219,71.08
6218173221,금양케미칼(주),,,,,,,,0.0022,0.0006,0.0076,0.0115,0.0,0.0,0.0,0.0,0.0,0.0,0.0,-0.0016,0.007,0.0039,70.95
1078198139,(주)엘지화학,0.0001,0.0002,0.0002,0.0003,0.0005,0.0004,0.0003,0.0004,0.0002,0.0004,0.0114,0.0001,0.0,0.0001,0.0002,-0.0001,-0.0001,0.0001,-0.0002,0.0002,0.011,70.78
1338122642,(주)디에스단석,0.0101,0.0066,0.0014,0.0015,0.0015,0.0054,0.0008,0.002,0.0012,0.0013,0.0156,-0.0035,-0.0052,0.0001,0.0,0.0039,-0.0046,0.0012,-0.0008,0.0001,0.0143,70.77
1228173587,주식회사정우디스플레이,,,,,0.0004,0.0109,0.0064,0.0295,0.0072,0.0083,0.0156,0.0,0.0,0.0,0.0,0.0105,-0.0045,0.0231,-0.0223,0.0011,0.0073,70.74
1368104551,주식회사남일엔프라,,,,,,,,0.002,0.0003,0.0005,0.0153,0.0,0.0,0.0,0.0,0.0,0.0,0.0,-0.0017,0.0002,0.0148,70.72
1248168907,대원케미칼주식회사,0.0516,0.0179,,,,,,,0.0031,0.0048,0.0061,-0.0337,0.0,0.0,0.0,0.0,0.0,0.0,0.0,0.0017,0.0013,70.72
1398121020,대신메라민산업(주),,,,,,,,0.0022,0.0005,0.0005,0.0324,0.0,0.0,0.0,0.0,0.0,0.0,0.0,-0.0017,0.0,0.0319,70.7
3178115981,주식회사드림켐테크놀로지,0.0038,0.0137,0.0676,0.2294,0.0108,0.0065,0.0008,0.0031,0.0197,0.0045,0.0237,0.0099,0.0539,0.1618,-0.2186,-0.0043,-0.0057,0.0023,0.0166,-0.0152,0.0192,70.58
3598700301,(주)블랭크코퍼레이션,,,,0.0004,0.0003,0.038,0.0038,0.2338,0.6698,0.0179,0.026,0.0,0.0,0.0,-0.0001,0.0377,-0.0342,0.23,0.436,-0.6519,0.0081,70.52
2118138347,(주)엔피케이,0.0233,0.0089,0.0397,0.0011,0.0194,0.044,0.1294,0.0009,0.0015,0.0006,0.0211,-0.0144,0.0308,-0.0386,0.0183,0.0246,0.0854,-0.1285,0.0006,-0.0009,0.0205,70.5
1238153153,(주)씨앤씨테크,,,,,,,,0.0026,0.0012,0.0029,0.0105,0.0,0.0,0.0,0.0,0.0,0.0,0.0,-0.0014,0.0017,0.0076,70.38
6158149537,(주)미화,0.0005,0.0008,0.0003,0.0001,0.0009,0.0002,0.0001,0.0002,0.0002,0.0011,0.0051,0.0003,-0.0005,-0.0002,0.0008,-0.0007,-0.0001,0.0001,0.0,0.0009,0.004,70.37
3038158467,(주)뷰티화장품,,0.0028,0.0309,0.0022,0.0021,0.0012,0.0173,0.0101,0.1036,0.5904,0.1943,0.0,0.0281,-0.0287,-0.0001,-0.0009,0.0161,-0.0072,0.0935,0.4868,-0.3961,70.31
2148836352,코스탈코리아,,,,,,,,0.0022,0.0005,0.0009,0.0128,0.0,0.0,0.0,0.0,0.0,0.0,0.0,-0.0017,0.0004,0.0119,70.23
2298138692,(주)에스폴리텍,0.0472,0.1948,0.0018,0.0255,0.0164,0.0003,0.0002,0.0004,0.0126,0.1621,0.1532,0.1476,-0.193,0.0237,-0.0091,-0.0161,-0.0001,0.0002,0.0122,0.1495,-0.0089,70.21
6108194885,한국이네오스스티롤루션주식회사,0.0011,0.0006,0.0007,0.0007,0.0014,0.0004,0.0002,0.0002,0.0009,0.1546,0.1506,-0.0005,0.0001,0.0,0.0007,-0.001,-0.0002,0.0,0.0007,0.1537,-0.004,70.04
2138175178,(주)화진바이오코스메틱,0.0072,0.2168,0.007,0.0023,0.0036,0.0035,0.0108,0.0051,0.0261,0.468,0.202,0.2096,-0.2098,-0.0047,0.0013,-0.0001,0.0073,-0.0057,0.021,0.4419,-0.266,69.96
1308601717,(주)리치코스,0.0009,0.0003,0.0002,0.0001,0.0008,0.0002,0.0059,0.0024,0.2014,0.3332,0.1553,-0.0006,-0.0001,-0.0001,0.0007,-0.0006,0.0057,-0.0035,0.199,0.1318,-0.1779,69.91
4018109407,(주)SH에너지화학,0.0005,0.0004,0.0002,0.0001,0.0015,0.0259,0.0614,0.1467,0.0399,0.0208,0.1205,-0.0001,-0.0002,-0.0001,0.0014,0.0244,0.0355,0.0853,-0.1068,-0.0191,0.0997,69.88
5138170530,(주)대우하이원샤시,,,,0.0008,0.0034,0.0629,0.0466,0.0358,0.0713,0.0091,0.0213,0.0,0.0,0.0,0.0026,0.0595,-0.0163,-0.0108,0.0355,-0.0622,0.0122,69.76
4038110725,태성포리텍(주),,,,,,,,0.0071,0.0039,0.0071,0.0102,0.0,0.0,0.0,0.0,0.0,0.0,0.0,-0.0032,0.0032,0.0031,69.59
6218103399,신광화학공업(주),0.0004,0.0003,0.0014,0.0015,0.0153,0.0038,0.0009,0.0035,0.0451,0.0117,0.0198,-0.0001,0.0011,0.0001,0.0138,-0.0115,-0.0029,0.0026,0.0416,-0.0334,0.0081,69.48
1248131400,주식회사동방,0.0004,0.0146,0.0587,0.0012,0.0012,0.0001,0.0001,0.0002,0.0001,0.0006,0.0068,0.0142,0.0441,-0.0575,0.0,-0.0011,0.0,0.0001,-0.0001,0.0005,0.0062,69.48
7608802239,(주)티앤케이,,,,,,,,,0.1731,0.5482,0.501,0.0,0.0,0.0,0.0,0.0,0.0,0.0,0.0,0.3751,-0.0472,69.46
1068169418,(주)바이오세움,,,0.0007,0.0001,0.0006,0.0002,0.0001,0.0002,0.0005,0.0009,0.0031,0.0,0.0,-0.0006,0.0005,-0.0004,-0.0001,0.0001,0.0003,0.0004,0.0022,69.24
3078115970,하이테크필라(주),,,0.0007,0.0001,0.0003,0.0,0.0001,0.0019,0.0005,0.0023,0.0078,0.0,0.0,-0.0006,0.0002,-0.0003,0.0001,0.0018,-0.0014,0.0018,0.0055,69.19
1138128337,(주)일웅플라텍,,,,,0.0079,0.0013,0.001,0.0024,0.0008,0.0042,0.0079,0.0,0.0,0.0,0.0,-0.0066,-0.0003,0.0014,-0.0016,0.0034,0.0037,69.18
1078740449,주식회사실리만,0.0002,0.0003,0.0001,0.0025,0.0008,0.0015,0.0107,,,,0.1191,0.0001,-0.0002,0.0024,-0.0017,0.0007,0.0092,0.0,0.0,0.0,0.0,69.03
3038140972,일진다이아몬드(주),0.0003,0.0008,0.0003,0.0004,0.0014,0.0001,0.0002,0.0006,0.013,0.0082,0.0167,0.0005,-0.0005,0.0001,0.001,-0.0013,0.0001,0.0004,0.0124,-0.0048,0.0085,68.94
1248174582,주식회사위매스,,,,,,,0.0021,0.0004,0.0168,0.5807,0.1448,0.0,0.0,0.0,0.0,0.0,0.0,-0.0017,0.0164,0.5639,-0.4359,68.84
1248127624,화일약품(주),0.0007,0.0062,0.0029,0.0008,0.0034,0.0005,0.0008,0.0006,0.0045,0.0039,0.0135,0.0055,-0.0033,-0.0021,0.0026,-0.0029,0.0003,-0.0002,0.0039,-0.0006,0.0096,68.84
1288615877,(주)에스빌드,,,,,,,,,0.0036,0.0044,0.005,0.0,0.0,0.0,0.0,0.0,0.0,0.0,0.0,0.0008,0.0006,68.82
1138663305,애경케미칼(주),0.0006,0.0005,0.0002,0.0003,0.0005,0.0003,0.0001,0.0008,0.0002,0.0005,0.0079,-0.0001,-0.0003,0.0001,0.0002,-0.0002,-0.0002,0.0007,-0.0006,0.0003,0.0074,68.74
1348109133,일신하이폴리(주),0.0374,0.006,0.0021,0.003,0.0014,0.0011,0.0092,0.0029,0.0161,0.0018,0.0156,-0.0314,-0.0039,0.0009,-0.0016,-0.0003,0.0081,-0.0063,0.0132,-0.0143,0.0138,68.72
4108677388,주식회사지-플라텍,0.0014,0.001,0.0003,0.0009,0.0006,0.0022,0.0053,0.0165,0.0226,0.0626,0.0621,-0.0004,-0.0007,0.0006,-0.0003,0.0016,0.0031,0.0112,0.0061,0.04,-0.0005,68.7
2048638650,(주)브이티피엘,,,,,,,,0.0014,0.0694,0.2493,0.1093,0.0,0.0,0.0,0.0,0.0,0.0,0.0,0.068,0.1799,-0.14,68.61
1228172986,주식회사이맥솔루션,,,,0.0109,0.0056,0.0017,0.0114,0.0585,0.0038,0.0024,0.0682,0.0,0.0,0.0,-0.0053,-0.0039,0.0097,0.0471,-0.0547,-0.0014,0.0658,68.51
2128183559,(주)리빙아이콘,,,,,,,,,0.0015,0.0031,0.004,0.0,0.0,0.0,0.0,0.0,0.0,0.0,0.0,0.0016,0.0009,68.44
1248104295,삼천당제약(주),0.0001,0.0002,0.0002,0.0001,0.0003,0.0002,0.0006,0.036,0.0009,0.0015,0.0094,0.0001,0.0,-0.0001,0.0002,-0.0001,0.0004,0.0354,-0.0351,0.0006,0.0079,68.42
5138139086,미래피엔티,0.0121,0.0129,0.0073,0.0165,0.0574,0.0167,0.0548,0.0127,0.0033,0.0057,0.0083,0.0008,-0.0056,0.0092,0.0409,-0.0407,0.0381,-0.0421,-0.0094,0.0024,0.0026,68.38
6158612020,주식회사구보,,,,,,,0.0031,0.0066,0.0042,0.0033,0.054,0.0,0.0,0.0,0.0,0.0,0.0,0.0035,-0.0024,-0.0009,0.0507,68.37
4408600274,주식회사피에프네이처,,,,,,,,,0.001,0.0007,0.0201,0.0,0.0,0.0,0.0,0.0,0.0,0.0,0.0,-0.0003,0.0194,68.36
4108688323,주식회사금경테크,,,,0.0015,0.0022,0.0098,,,,0.0035,0.0084,0.0,0.0,0.0,0.0007,0.0076,0.0,0.0,0.0,0.0,0.0049,68.08
1318160276,재영아이텍,,,,,0.0027,0.0111,0.0171,0.0823,0.1209,0.1947,0.1073,0.0,0.0,0.0,0.0,0.0084,0.006,0.0652,0.0386,0.0738,-0.0874,68.05
1228193211,(주)동부약품,0.0012,0.0017,0.0014,0.0014,0.002,0.0006,0.0011,0.0031,0.0025,0.0032,0.0067,0.0005,-0.0003,0.0,0.0006,-0.0014,0.0005,0.002,-0.0006,0.0007,0.0035,68.02
1208131581,에이치설퍼(주),0.0068,0.0007,0.0015,0.0004,0.0005,0.0004,0.0002,0.0008,0.0003,0.0005,0.007,-0.0061,0.0008,-0.0011,0.0001,-0.0001,-0.0002,0.0006,-0.0005,0.0002,0.0065,67.97
3018169099,새한프라텍(주),0.0014,0.0019,0.001,0.0159,0.0032,0.0009,0.0008,0.0022,0.0583,0.001,0.0132,0.0005,-0.0009,0.0149,-0.0127,-0.0023,-0.0001,0.0014,0.0561,-0.0573,0.0122,67.97
4108119480,대호산업,0.002,0.0046,0.0028,0.0043,0.0044,0.0107,0.0157,0.0154,0.1695,0.0194,0.0201,0.0026,-0.0018,0.0015,0.0001,0.0063,0.005,-0.0003,0.1541,-0.1501,0.0007,67.9
1248135594,(주)아성화학,0.0002,0.0008,0.0003,0.0004,0.0019,0.043,0.0072,0.0005,0.0033,0.0014,0.0126,0.0006,-0.0005,0.0001,0.0015,0.0411,-0.0358,-0.0067,0.0028,-0.0019,0.0112,67.89
4028176985,제너럴바이오(주),,,0.002,0.0002,0.0005,0.0002,0.0002,0.0006,0.0144,0.2623,0.1061,0.0,0.0,-0.0018,0.0003,-0.0003,0.0,0.0004,0.0138,0.2479,-0.1562,67.89
4108119457,(주)한국스치로폴,,,,,0.003,0.0095,0.0004,0.0017,0.0204,0.1441,0.0861,0.0,0.0,0.0,0.0,0.0065,-0.0091,0.0013,0.0187,0.1237,-0.058,67.5
1248608753,(주)동국프라텍,0.0052,0.0035,0.0019,0.0021,0.0081,0.0019,0.0011,0.0021,0.0022,0.1544,0.1191,-0.0017,-0.0016,0.0002,0.006,-0.0062,-0.0008,0.001,0.0001,0.1522,-0.0353,67.38
1248603952,(주)바우텍,,,,0.001,0.0013,0.0005,0.0022,0.0052,0.0028,0.0017,0.0447,0.0,0.0,0.0,0.0003,-0.0008,0.0017,0.003,-0.0024,-0.0011,0.043,67.35
1378650034,(주)우석엔프라,,,,,0.0025,0.4901,,0.0074,0.0052,0.0015,0.0473,0.0,0.0,0.0,0.0,0.4876,0.0,0.0,-0.0022,-0.0037,0.0458,67.3
1058608219,(주)모던씨앤비,,,,0.0035,0.0407,0.0206,0.3095,0.0124,0.0049,0.0026,0.0491,0.0,0.0,0.0,0.0372,-0.0201,0.2889,-0.2971,-0.0075,-0.0023,0.0465,67.29
2018168257,(주)프린웍스,,,,,,,,,0.0013,0.0003,0.019,0.0,0.0,0.0,0.0,0.0,0.0,0.0,0.0,-0.001,0.0187,67.28
1318668220,(주)알맥스,0.0074,0.0026,0.0058,0.0047,0.0012,0.0021,0.0037,0.0016,0.0004,0.0048,0.006,-0.0048,0.0032,-0.0011,-0.0035,0.0009,0.0016,-0.0021,-0.0012,0.0044,0.0012,67.28
1398130683,(주)동림유화,0.0066,0.024,0.0063,0.0106,0.0179,0.0029,0.0053,0.0035,0.0318,0.0025,0.0114,0.0174,-0.0177,0.0043,0.0073,-0.015,0.0024,-0.0018,0.0283,-0.0293,0.0089,67.25
1248744381,주식회사라오가닉,,,,,0.0005,0.0001,0.0002,0.0002,0.0026,0.0028,0.003,0.0,0.0,0.0,0.0,-0.0004,0.0001,0.0,0.0024,0.0002,0.0002,67.24
2648801988,주식회사스페바이오,,,,,,,,,0.0601,0.5758,0.2561,0.0,0.0,0.0,0.0,0.0,0.0,0.0,0.0,0.5157,-0.3197,67.21
1378601421,(주)신일베스텍,,0.0015,0.0158,0.0669,0.0145,0.0005,0.0002,0.0012,0.0349,0.0974,0.0728,0.0,0.0143,0.0511,-0.0524,-0.014,-0.0003,0.001,0.0337,0.0625,-0.0246,67.2
1348649595,(주)케이팩,0.0017,0.0012,0.0018,0.0028,0.0064,0.0014,0.0024,0.0367,0.0013,0.0007,0.0456,-0.0005,0.0006,0.001,0.0036,-0.005,0.001,0.0343,-0.0354,-0.0006,0.0449,67.16
1318188672,(주)넥스팩,0.0023,0.0035,0.0048,0.0029,0.002,0.0497,0.0011,0.0028,0.0385,0.0789,0.0693,0.0012,0.0013,-0.0019,-0.0009,0.0477,-0.0486,0.0017,0.0357,0.0404,-0.0096,67.12
6068101956,주식회사아이리,,,,,,0.0013,0.0003,0.0034,0.0075,0.1761,0.0842,0.0,0.0,0.0,0.0,0.0,-0.001,0.0031,0.0041,0.1686,-0.0919,66.89
2838701793,주식회사케이로체,,,,,,,,,0.0103,0.3163,0.2127,0.0,0.0,0.0,0.0,0.0,0.0,0.0,0.0,0.306,-0.1036,66.87
1398105748,(주)메라톤,0.0002,0.0006,0.0004,0.0003,0.0012,0.0003,0.0012,0.0118,0.0416,0.0087,0.0123,0.0004,-0.0002,-0.0001,0.0009,-0.0009,0.0009,0.0106,0.0298,-0.0329,0.0036,66.78
1268674846,주식회사현대화학,,,,,,0.0016,0.0024,,,0.0036,0.0067,0.0,0.0,0.0,0.0,0.0,0.0008,0.0,0.0,0.0,0.0031,66.74
1178180242,주식회사플러벤스,,,,0.0011,0.0032,,,,0.0027,0.0022,0.0152,0.0,0.0,0.0,0.0021,0.0,0.0,0.0,0.0,-0.0005,0.013,66.48
3148189280,(주)목우연구소,,,,,,,,0.0041,0.0017,0.0041,0.0055,0.0,0.0,0.0,0.0,0.0,0.0,0.0,-0.0024,0.0024,0.0014,66.41
3258100738,디에프피주식회사,,,,,,,,,0.0021,0.0015,0.0152,0.0,0.0,0.0,0.0,0.0,0.0,0.0,0.0,-0.0006,0.0137,66.41
1388112756,동양프론테크,0.014,0.0044,0.0164,0.0691,,,,,,,0.0574,-0.0096,0.012,0.0527,0.0,0.0,0.0,0.0,0.0,0.0,0.0,66.38
1318653538,제이앤씨코퍼레이션주식회사,,,,,,,,0.0217,0.4016,0.004,0.0091,0.0,0.0,0.0,0.0,0.0,0.0,0.0,0.3799,-0.3976,0.0051,66.3
1378105043,주식회사창우,0.0025,0.004,0.0444,0.0028,0.0007,0.0021,0.0009,0.0018,0.0013,0.002,0.0047,0.0015,0.0404,-0.0416,-0.0021,0.0014,-0.0012,0.0009,-0.0005,0.0007,0.0027,66.29
4108170075,씨피코리아,0.0003,0.0004,0.0002,0.0001,0.0026,0.0009,0.0003,0.0084,0.048,0.0698,0.0605,0.0001,-0.0002,-0.0001,0.0025,-0.0017,-0.0006,0.0081,0.0396,0.0218,-0.0093,66.23
6058129403,컴테크케미칼,0.0006,0.0003,0.0001,0.0007,0.0013,0.0001,0.0002,0.0003,0.0002,0.0007,0.0038,-0.0003,-0.0002,0.0006,0.0006,-0.0012,0.0001,0.0001,-0.0001,0.0005,0.0031,66.22
4108169637,주식회사한일카본,,,,,0.0011,0.0032,,0.0177,0.0818,0.0063,0.0101,0.0,0.0,0.0,0.0,0.0021,0.0,0.0,0.0641,-0.0755,0.0038,66.18
1348137527,화인폴리머주식회사,0.0004,0.0009,0.0007,0.001,0.0023,0.0017,0.0013,0.0093,0.048,0.2018,0.0612,0.0005,-0.0002,0.0003,0.0013,-0.0006,-0.0004,0.008,0.0387,0.1538,-0.1406,66.16
1398115931,(주)테이팩스,0.0002,0.0002,0.0029,0.0072,0.0006,0.0007,0.0001,0.0003,0.0001,0.0001,0.009,0.0,0.0027,0.0043,-0.0066,0.0001,-0.0006,0.0002,-0.0002,0.0,0.0089,66.05
1418142329,주식회사브리드비인터내셔널,,,,,,,,0.0003,0.0003,0.0003,0.0054,0.0,0.0,0.0,0.0,0.0,0.0,0.0,0.0,0.0,0.0051,66.01
1308132122,유니온화성(주),0.001,0.0213,0.0011,0.0005,0.0035,0.0005,0.003,0.0012,0.0342,0.0008,0.0083,0.0203,-0.0202,-0.0006,0.003,-0.003,0.0025,-0.0018,0.033,-0.0334,0.0075,66.0
6108106950,신일피엔에스(주),0.0003,0.0003,0.0101,0.1898,0.0528,0.0004,0.0002,0.0003,0.0002,0.0003,0.0043,0.0,0.0098,0.1797,-0.137,-0.0524,-0.0002,0.0001,-0.0001,0.0001,0.004,65.85
1248198662,(주)부천수지,0.0003,0.0002,0.0002,0.0003,0.0016,0.0177,0.0072,0.0134,0.001,0.0007,0.0298,-0.0001,0.0,0.0001,0.0013,0.0161,-0.0105,0.0062,-0.0124,-0.0003,0.0291,65.79
2208113321,주식회사유니온케미칼,,,,0.0008,0.0002,0.0001,0.0002,0.0002,0.0005,0.0012,0.002,0.0,0.0,0.0,-0.0006,-0.0001,0.0001,0.0,0.0003,0.0007,0.0008,65.77
1068157886,에어리퀴드코리아주식회사,0.0002,0.0004,0.0002,0.0003,0.0009,0.0001,0.0001,0.0003,0.0007,0.0004,0.0065,0.0002,-0.0002,0.0001,0.0006,-0.0008,0.0,0.0002,0.0004,-0.0003,0.0061,65.55
1248700836,(주)마가켐,,,,,,,,0.0018,0.0012,0.0006,0.025,0.0,0.0,0.0,0.0,0.0,0.0,0.0,-0.0006,-0.0006,0.0244,65.51
1288102417,(주)오영,0.0009,0.0017,0.0004,0.0012,0.0055,0.0007,0.0007,0.0299,0.4602,0.0005,0.007,0.0008,-0.0013,0.0008,0.0043,-0.0048,0.0,0.0292,0.4303,-0.4597,0.0065,65.44
1408134336,화성코아텍주식회사,,,,,,,,,0.0041,0.1682,0.1259,0.0,0.0,0.0,0.0,0.0,0.0,0.0,0.0,0.1641,-0.0423,65.44
1358125382,(주)일렉스,,,0.0019,0.0032,0.004,0.0037,0.0016,0.0096,0.1279,0.0063,0.0085,0.0,0.0,0.0013,0.0008,-0.0003,-0.0021,0.008,0.1183,-0.1216,0.0022,65.36
1348683268,(주)엠티아이,,,,0.002,0.0231,0.0011,0.0003,0.0026,0.0004,0.001,0.0045,0.0,0.0,0.0,0.0211,-0.022,-0.0008,0.0023,-0.0022,0.0006,0.0035,65.29
5138164552,주식회사에스비디메디칼,,,,0.0032,0.0012,0.0035,,,0.0013,0.001,0.0105,0.0,0.0,0.0,-0.002,0.0023,0.0,0.0,0.0,-0.0003,0.0095,65.28
1258136752,주식회사유한훌로텍,,,,0.0012,0.0008,0.0001,0.0001,0.0004,0.0002,0.0003,0.0041,0.0,0.0,0.0,-0.0004,-0.0007,0.0,0.0003,-0.0002,0.0001,0.0038,65.22
3158100973,(주)국보싸이언스,,,,0.0011,0.0021,0.0008,0.0001,0.0029,0.0617,0.1612,0.046,0.0,0.0,0.0,0.001,-0.0013,-0.0007,0.0028,0.0588,0.0995,-0.1152,65.13
1298680099,(주)비엔,,,,,,,0.0003,0.0003,0.0278,0.001,0.0069,0.0,0.0,0.0,0.0,0.0,0.0,0.0,0.0275,-0.0268,0.0059,65.12
1288717547,주식회사크린자원산업,,,,,,,0.0045,0.0997,0.0029,0.0014,0.0339,0.0,0.0,0.0,0.0,0.0,0.0,0.0952,-0.0968,-0.0015,0.0325,65.04
1248687608,(주)유엠에스,,0.0017,0.0016,0.0024,0.0012,0.0027,0.001,0.0031,0.0011,0.0021,0.0043,0.0,-0.0001,0.0008,-0.0012,0.0015,-0.0017,0.0021,-0.002,0.001,0.0022,65.02
1278615438,주식회사두성코리아,0.0009,0.0011,0.0009,0.0016,0.0037,0.0008,0.0004,0.0006,0.0239,0.0047,0.0074,0.0002,-0.0002,0.0007,0.0021,-0.0029,-0.0004,0.0002,0.0233,-0.0192,0.0027,64.96
6068169941,(주)석산,,,,,0.0295,0.0053,0.0087,0.0133,,,0.039,0.0,0.0,0.0,0.0,-0.0242,0.0034,0.0046,0.0,0.0,0.0,64.86
3018608914,주식회사엔피씨케미칼,,,,,0.0005,0.0253,0.0009,0.0006,0.001,0.0013,0.0019,0.0,0.0,0.0,0.0,0.0248,-0.0244,-0.0003,0.0004,0.0003,0.0006,64.79
1098104258,(주)원풍,0.0003,0.0002,0.0002,0.0003,0.0028,0.0006,0.0003,0.0005,0.0011,0.0015,0.0019,-0.0001,0.0,0.0001,0.0025,-0.0022,-0.0003,0.0002,0.0006,0.0004,0.0004,64.74
1278115151,주식회사진웅산업,0.0057,0.001,0.002,0.0311,0.0424,0.0366,0.0429,0.029,0.0044,0.0035,0.0292,-0.0047,0.001,0.0291,0.0113,-0.0058,0.0063,-0.0139,-0.0246,-0.0009,0.0257,64.7
5038178398,(주)와이엠프로폴,0.0003,0.0004,0.0008,0.0783,0.0052,0.0048,0.053,0.2106,0.0029,0.001,0.032,0.0001,0.0004,0.0775,-0.0731,-0.0004,0.0482,0.1576,-0.2077,-0.0019,0.031,64.63
1248726573,(주)씨앤와이테크,0.0004,0.0005,0.0007,0.003,0.0255,0.0315,0.0006,0.0013,0.0266,0.0003,0.0064,0.0001,0.0002,0.0023,0.0225,0.006,-0.0309,0.0007,0.0253,-0.0263,0.0061,64.63
1288122107,대진이화(주),0.0042,0.0013,0.0009,0.0005,0.0014,0.0004,0.0085,0.0088,0.0195,0.299,0.0464,-0.0029,-0.0004,-0.0004,0.0009,-0.001,0.0081,0.0003,0.0107,0.2795,-0.2526,64.62
1378124773,카이스전자주식회사,0.0026,0.0031,0.0019,0.0055,0.0034,0.0085,0.0412,0.0816,0.0378,0.0033,0.0387,0.0005,-0.0012,0.0036,-0.0021,0.0051,0.0327,0.0404,-0.0438,-0.0345,0.0354,64.51
2028143564,베스트롱산업(주),0.0002,0.0002,0.0001,0.0003,0.0009,0.0005,0.0009,0.0009,0.0065,0.0617,0.0433,0.0,-0.0001,0.0002,0.0006,-0.0004,0.0004,0.0,0.0056,0.0552,-0.0184,64.5
2128111400,준일산업(주),,,,,,,,0.0019,0.0014,0.0009,0.0195,0.0,0.0,0.0,0.0,0.0,0.0,0.0,-0.0005,-0.0005,0.0186,64.5
1138168697,(주)대유코아,0.0002,0.0003,0.0043,0.0017,0.0011,0.0003,0.0026,0.0011,0.0157,0.0058,0.0071,0.0001,0.004,-0.0026,-0.0006,-0.0008,0.0023,-0.0015,0.0146,-0.0099,0.0013,64.33
1308656319,주식회사미금테크,,,,,,,0.0007,0.0036,0.0458,0.1426,0.0393,0.0,0.0,0.0,0.0,0.0,0.0,0.0029,0.0422,0.0968,-0.1033,64.31
3128131424,주식회사에스에프시,0.0007,0.0006,0.0003,0.0004,0.0014,0.0003,0.0002,0.0006,0.0011,0.0005,0.0054,-0.0001,-0.0003,0.0001,0.001,-0.0011,-0.0001,0.0004,0.0005,-0.0006,0.0049,64.17
1268142373,(주)네오폼,0.0196,0.0075,0.0063,0.0045,0.0051,0.0116,0.003,0.0044,0.0025,0.0045,0.0047,-0.0121,-0.0012,-0.0018,0.0006,0.0065,-0.0086,0.0014,-0.0019,0.002,0.0002,64.07
6228107710,(주)동원플라트,,,,,0.0013,0.0097,0.0008,0.0004,0.0068,0.0006,0.0057,0.0,0.0,0.0,0.0,0.0084,-0.0089,-0.0004,0.0064,-0.0062,0.0051,63.96
2118712335,동진첨단소재,0.0004,0.0011,0.0004,0.0009,0.0013,0.0895,0.0005,0.0004,0.0001,0.0018,0.0028,0.0007,-0.0007,0.0005,0.0004,0.0882,-0.089,-0.0001,-0.0003,0.0017,0.001,63.81
1388156604,코오롱인더스트리(주),0.0012,0.0051,0.0007,0.0015,0.0008,0.0052,0.0005,0.0018,0.001,0.002,0.0032,0.0039,-0.0044,0.0008,-0.0007,0.0044,-0.0047,0.0013,-0.0008,0.001,0.0012,63.81
3128101411,주식회사세프라,0.0021,0.0012,0.0369,0.0238,0.0159,0.0235,0.0591,0.139,0.1183,0.0161,0.0384,-0.0009,0.0357,-0.0131,-0.0079,0.0076,0.0356,0.0799,-0.0207,-0.1022,0.0223,63.81
1408144120,한국고무(주),0.0022,0.0054,0.0068,0.0056,0.0041,0.0087,0.0102,0.027,0.0055,0.006,0.0062,0.0032,0.0014,-0.0012,-0.0015,0.0046,0.0015,0.0168,-0.0215,0.0005,0.0002,63.8
1048113766,주식회사남흥,,,,,,,,,0.0124,0.2096,0.0831,0.0,0.0,0.0,0.0,0.0,0.0,0.0,0.0,0.1972,-0.1265,63.72
1238147345,(주)폴라리스에이아이파마,0.012,0.3165,0.0005,0.0005,0.0016,0.0001,0.0001,0.0003,0.0011,0.0004,0.0048,0.3045,-0.316,0.0,0.0011,-0.0015,0.0,0.0002,0.0008,-0.0007,0.0044,63.68
1428148267,(주)이화산업,,,,,,,,0.0011,0.0003,0.001,0.0031,0.0,0.0,0.0,0.0,0.0,0.0,0.0,-0.0008,0.0007,0.0021,63.65
1228116548,(주)상아프론테크,0.0006,0.0008,0.0006,0.0007,0.0042,0.0005,0.0018,0.0051,0.0021,0.0013,0.0206,0.0002,-0.0002,0.0001,0.0035,-0.0037,0.0013,0.0033,-0.003,-0.0008,0.0193,63.65
1308640160,아진레이어주식회사,,,,,,,,,0.0061,0.0043,0.0095,0.0,0.0,0.0,0.0,0.0,0.0,0.0,0.0,-0.0018,0.0052,63.63
5028167791,(주)이.오.에스,,0.0075,0.0084,0.0029,0.0039,0.1012,0.0339,0.0173,0.0155,0.0122,0.0248,0.0,0.0009,-0.0055,0.001,0.0973,-0.0673,-0.0166,-0.0018,-0.0033,0.0126,63.58
1228155518,동양인더스트리(주),0.0003,0.0004,0.011,0.087,0.0082,0.0015,0.0002,0.0003,0.0018,0.0688,0.0384,0.0001,0.0106,0.076,-0.0788,-0.0067,-0.0013,0.0001,0.0015,0.067,-0.0304,63.51
1218622057,주식회사디엔텍,,,,0.0022,0.0085,0.0108,0.016,0.0122,0.0651,0.1033,0.034,0.0,0.0,0.0,0.0063,0.0023,0.0052,-0.0038,0.0529,0.0382,-0.0693,63.43
3128602389,(주)기륭산업,,,0.001,0.0004,0.0025,0.0027,0.0028,0.0024,0.0744,0.004,0.0059,0.0,0.0,-0.0006,0.0021,0.0002,0.0001,-0.0004,0.072,-0.0704,0.0019,63.42
8078700116,주식회사디앤씨컴퍼니,,,,,,,,0.0026,0.0012,0.0021,0.0032,0.0,0.0,0.0,0.0,0.0,0.0,0.0,-0.0014,0.0009,0.0011,63.4
2698702312,주식회사우찬아이엔씨,,,,,,,,,0.0039,0.0907,0.0666,0.0,0.0,0.0,0.0,0.0,0.0,0.0,0.0,0.0868,-0.0241,63.22
1228628748,(주)대은,,,,,,,,,0.0007,0.002,0.0022,0.0,0.0,0.0,0.0,0.0,0.0,0.0,0.0,0.0013,0.0002,63.21
1798100474,주식회사퓨림(FURIM),,,,,,,,,0.0056,0.0051,0.0079,0.0,0.0,0.0,0.0,0.0,0.0,0.0,0.0,-0.0005,0.0028,63.16
3038127585,주식회사파마코스텍,0.0001,0.0052,0.0003,0.0002,0.0009,0.0004,0.0002,0.0003,0.0001,0.0001,0.0049,0.0051,-0.0049,-0.0001,0.0007,-0.0005,-0.0002,0.0001,-0.0002,0.0,0.0048,63.0
1938101450,(주)에이씨씨,,,,,,0.0051,0.001,0.001,0.0159,0.0021,0.0049,0.0,0.0,0.0,0.0,0.0,-0.0041,0.0,0.0149,-0.0138,0.0028,62.93
1338132403,(주)아이피엔,0.0009,0.001,0.0008,0.0013,0.0031,0.0013,0.0008,0.001,0.0078,0.0794,0.0297,0.0001,-0.0002,0.0005,0.0018,-0.0018,-0.0005,0.0002,0.0068,0.0716,-0.0497,62.83
3018154242,(주)신성미네랄,0.0036,0.0017,0.002,0.001,0.008,0.0011,0.0007,0.0019,0.005,0.0024,0.0047,-0.0019,0.0003,-0.001,0.007,-0.0069,-0.0004,0.0012,0.0031,-0.0026,0.0023,62.78
6208158440,주식회사케이알오토,,,,,,,,,0.002,0.2254,0.0685,0.0,0.0,0.0,0.0,0.0,0.0,0.0,0.0,0.2234,-0.1569,62.78
1308100576,(주)서흥,0.0008,0.0008,0.0006,0.0018,0.0045,0.0006,0.0006,0.0008,0.0004,0.0014,0.0026,0.0,-0.0002,0.0012,0.0027,-0.0039,0.0,0.0002,-0.0004,0.001,0.0012,62.68
5158148091,(주)삼현이피에스,,,,,,,,,0.0064,0.004,0.0079,0.0,0.0,0.0,0.0,0.0,0.0,0.0,0.0,-0.0024,0.0039,62.64
5068100114,동서화학공업주식회사,0.0011,0.0069,0.0013,0.0019,0.0019,0.0214,0.0073,0.0032,0.043,0.0983,0.0271,0.0058,-0.0056,0.0006,0.0,0.0195,-0.0141,-0.0041,0.0398,0.0553,-0.0712,62.63
1248139493,(주)상지정밀,0.0016,0.026,0.0009,0.001,0.0041,0.0006,0.0004,0.001,0.0002,0.0003,0.0031,0.0244,-0.0251,0.0001,0.0031,-0.0035,-0.0002,0.0006,-0.0008,0.0001,0.0028,62.62
1358621590,(주)이지티엠,,,,,,,0.0003,0.0005,0.0005,0.0009,0.0018,0.0,0.0,0.0,0.0,0.0,0.0,0.0002,0.0,0.0004,0.0009,62.46
1058614410,(주)에스이엠,0.0033,0.004,0.0036,0.0545,0.0036,0.0033,0.0009,0.0045,0.0156,0.0054,0.0059,0.0007,-0.0004,0.0509,-0.0509,-0.0003,-0.0024,0.0036,0.0111,-0.0102,0.0005,62.41
1618700951,(주)정성코스메틱,,,,,,,,,0.0718,0.1,0.069,0.0,0.0,0.0,0.0,0.0,0.0,0.0,0.0,0.0282,-0.031,62.38
3038158943,(주)앤디포스,0.0004,0.0004,0.0002,0.0002,0.0072,0.004,0.001,0.0028,0.0741,0.1198,0.0256,0.0,-0.0002,0.0,0.007,-0.0032,-0.003,0.0018,0.0713,0.0457,-0.0942,62.38
7108801012,(주)리진,,,,,,,,,0.001,0.0014,0.0019,0.0,0.0,0.0,0.0,0.0,0.0,0.0,0.0,0.0004,0.0005,62.35
1288177766,윈테크코리아,,,,,0.0007,0.0027,,,0.0335,0.4355,0.0605,0.0,0.0,0.0,0.0,0.002,0.0,0.0,0.0,0.402,-0.375,62.35
1248707483,주식회사지엘텍,,,,,,,,0.0013,0.0116,0.0023,0.0045,0.0,0.0,0.0,0.0,0.0,0.0,0.0,0.0103,-0.0093,0.0022,62.3
1378646388,(주)신도피앤지,,,,,,,,0.0014,0.0832,0.1808,0.0226,0.0,0.0,0.0,0.0,0.0,0.0,0.0,0.0818,0.0976,-0.1582,62.24
5148126551,(주)한국라티스,,,,,,,,0.0009,0.0001,0.0002,0.0029,0.0,0.0,0.0,0.0,0.0,0.0,0.0,-0.0008,0.0001,0.0027,62.21
5708800661,에스케이레조낙주식회사,,,,,0.0003,0.0007,0.0002,0.0005,0.0003,0.0024,0.0026,0.0,0.0,0.0,0.0,0.0004,-0.0005,0.0003,-0.0002,0.0021,0.0002,62.12
1448129209,(주)미가,,,,,,,0.001,0.0015,0.0779,0.3601,0.0209,0.0,0.0,0.0,0.0,0.0,0.0,0.0005,0.0764,0.2822,-0.3392,62.08
4388800445,(주)동일판매,,,,,,,,0.007,0.0128,0.0007,0.0042,0.0,0.0,0.0,0.0,0.0,0.0,0.0,0.0058,-0.0121,0.0035,62.02
1058723084,주식회사스몰랩,,,,,,0.002,0.0003,0.0029,0.1076,,0.0065,0.0,0.0,0.0,0.0,0.0,-0.0017,0.0026,0.1047,0.0,0.0,62.01
1318603154,(주)광덕에이앤티,0.0003,0.0006,0.0006,0.0012,0.0009,0.0003,0.0004,0.0007,0.0003,0.0004,0.0027,0.0003,0.0,0.0006,-0.0003,-0.0006,0.0001,0.0003,-0.0004,0.0001,0.0023,62.0
1358628496,(주)프로스코,0.0044,0.0451,0.0084,0.0068,0.0016,0.0024,0.012,,,0.0044,0.0045,0.0407,-0.0367,-0.0016,-0.0052,0.0008,0.0096,0.0,0.0,0.0,0.0001,61.96
5038129000,주식회사상아뉴매틱,0.0012,0.0098,0.0029,0.002,0.0007,0.0017,0.0006,0.0031,0.0007,0.0017,0.0027,0.0086,-0.0069,-0.0009,-0.0013,0.001,-0.0011,0.0025,-0.0024,0.001,0.001,61.91
3128116651,(주)동서산업롤,0.0072,0.0104,0.0029,0.0024,0.0051,0.0009,0.0004,0.0016,0.0302,0.0018,0.0041,0.0032,-0.0075,-0.0005,0.0027,-0.0042,-0.0005,0.0012,0.0286,-0.0284,0.0023,61.88
3068118969,(주)옥봉,0.003,0.0013,0.0005,0.001,0.001,0.001,0.0004,0.0005,0.0102,0.2632,0.0242,-0.0017,-0.0008,0.0005,0.0,0.0,-0.0006,0.0001,0.0097,0.253,-0.239,61.88
1258126098,세원플러스주식회사,,,,,,0.0005,0.0001,0.0002,0.0003,0.0007,0.0013,0.0,0.0,0.0,0.0,0.0,-0.0004,0.0001,0.0001,0.0004,0.0006,61.86
1398100699,주식회사대한솔루션,0.0003,0.0004,0.0023,0.0012,0.0014,0.0004,0.028,0.045,0.0008,0.0004,0.014,0.0001,0.0019,-0.0011,0.0002,-0.001,0.0276,0.017,-0.0442,-0.0004,0.0136,61.59
5028158327,삼화플라스틱주식회사,,,,0.0032,0.0169,0.0042,0.0009,0.0023,0.0009,0.0013,0.0026,0.0,0.0,0.0,0.0137,-0.0127,-0.0033,0.0014,-0.0014,0.0004,0.0013,61.47
6108187875,HFC(주),,,,,,,,,,0.0014,0.0027,0.0,0.0,0.0,0.0,0.0,0.0,0.0,0.0,0.0,0.0013,61.46
1258108426,(주)내쇼날플러스,0.0045,0.0405,0.0036,0.0087,0.004,0.0227,0.0141,0.0381,0.0575,0.1014,0.0228,0.036,-0.0369,0.0051,-0.0047,0.0187,-0.0086,0.024,0.0194,0.0439,-0.0786,61.46
6108131143,(주)오성기업,0.0592,0.0439,0.0076,0.0211,0.0086,0.0034,0.0053,0.0014,0.0036,0.0017,0.0035,-0.0153,-0.0363,0.0135,-0.0125,-0.0052,0.0019,-0.0039,0.0022,-0.0019,0.0018,61.32
1248135935,신화인터텍(주),0.0119,0.0285,0.0013,0.034,0.0179,0.0012,0.0004,0.0158,0.1186,0.1398,0.0216,0.0166,-0.0272,0.0327,-0.0161,-0.0167,-0.0008,0.0154,0.1028,0.0212,-0.1182,61.29
3128661485,주식회사코모토모,,,0.0003,0.0001,0.0003,0.0001,0.0001,0.0019,0.0433,0.149,0.0181,0.0,0.0,-0.0002,0.0002,-0.0002,0.0,0.0018,0.0414,0.1057,-0.1309,61.18
8778100563,콜마스크주식회사,,,,,0.0007,0.0067,0.0074,0.0045,0.1417,0.506,0.0155,0.0,0.0,0.0,0.0,0.006,0.0007,-0.0029,0.1372,0.3643,-0.4905,61.18
1248650396,(주)엘루오,,,,0.0009,0.0006,0.0016,0.0013,0.0029,0.0207,0.0214,0.0201,0.0,0.0,0.0,-0.0003,0.001,-0.0003,0.0016,0.0178,0.0007,-0.0013,61.17
6108633452,피유코어주식회사,,,0.0013,0.0009,0.0022,0.0099,0.0721,0.0157,0.0018,0.0011,0.0132,0.0,0.0,-0.0004,0.0013,0.0077,0.0622,-0.0564,-0.0139,-0.0007,0.0121,61.11
3018184770,(주)에스켐,0.0023,0.001,0.0007,0.0008,0.0008,0.0013,0.0311,0.0029,0.0005,0.0417,0.0415,-0.0013,-0.0003,0.0001,0.0,0.0005,0.0298,-0.0282,-0.0024,0.0412,-0.0002,61.08
2118129514,단일시스켐(주),,,,,,0.0013,0.0003,0.0015,0.0012,0.0018,0.0023,0.0,0.0,0.0,0.0,0.0,-0.001,0.0012,-0.0003,0.0006,0.0005,61.06
1348104012,태경에코주식회사,0.0002,0.001,0.0008,0.0007,0.0007,0.0007,0.0003,0.0012,0.0003,0.0006,0.0024,0.0008,-0.0002,-0.0001,0.0,0.0,-0.0004,0.0009,-0.0009,0.0003,0.0018,61.05
6218101635,(주)디알비동일,0.0003,0.0004,0.0003,0.0006,0.0032,0.0007,0.0007,0.0316,0.0489,0.002,0.0038,0.0001,-0.0001,0.0003,0.0026,-0.0025,0.0,0.0309,0.0173,-0.0469,0.0018,61.03
5138130144,주식회사필맥스,0.0172,0.0097,0.0045,0.018,0.093,0.0077,0.0016,0.0046,0.0159,0.028,0.0196,-0.0075,-0.0052,0.0135,0.075,-0.0853,-0.0061,0.003,0.0113,0.0121,-0.0084,61.01
1308109276,동선합섬(주),,,,,,,0.0023,0.0322,0.0337,0.107,0.022,0.0,0.0,0.0,0.0,0.0,0.0,0.0299,0.0015,0.0733,-0.085,61.01
1328103069,주식회사화남인더스트리,0.0149,0.0186,0.0112,0.1564,0.0432,0.0593,0.0042,0.025,0.1872,0.2121,0.0196,0.0037,-0.0074,0.1452,-0.1132,0.0161,-0.0551,0.0208,0.1622,0.0249,-0.1925,60.95
3038154286,주식회사윈체,0.0001,0.0004,0.0001,0.0002,0.0006,0.0002,0.0002,0.0146,0.2228,0.0009,0.0032,0.0003,-0.0003,0.0001,0.0004,-0.0004,0.0,0.0144,0.2082,-0.2219,0.0023,60.9
1228188232,이화산업가스주식회사,,,,,,,,,0.0019,0.0018,0.0041,0.0,0.0,0.0,0.0,0.0,0.0,0.0,0.0,-0.0001,0.0023,60.85
6158165691,유니스주식회사,,,,,0.0014,0.0005,,0.001,0.0036,0.0239,0.0177,0.0,0.0,0.0,0.0,-0.0009,0.0,0.0,0.0026,0.0203,-0.0062,60.75
1358130129,(주)한국애보트진단,0.0001,0.0003,0.0001,0.0001,0.0004,0.0001,0.0001,0.0005,0.0009,0.0009,0.0018,0.0002,-0.0002,0.0,0.0003,-0.0003,0.0,0.0004,0.0004,0.0,0.0009,60.72
1198707889,주식회사제나셀,,,,,,,,0.0008,0.0267,0.0953,0.0168,0.0,0.0,0.0,0.0,0.0,0.0,0.0,0.0259,0.0686,-0.0785,60.64
5038196630,(주)엠알이노베이션,,,,,,,,,0.0013,0.0017,0.0018,0.0,0.0,0.0,0.0,0.0,0.0,0.0,0.0,0.0004,0.0001,60.5
3018142367,이노폴리텍(주),0.0002,,,,,,0.0125,0.1467,0.0005,0.0024,0.0027,0.0,0.0,0.0,0.0,0.0,0.0,0.1342,-0.1462,0.0019,0.0003,60.48
6218145142,주식회사동인,0.0244,0.0033,0.0005,0.001,0.0017,0.1199,0.0011,0.0388,0.0014,0.0003,0.0126,-0.0211,-0.0028,0.0005,0.0007,0.1182,-0.1188,0.0377,-0.0374,-0.0011,0.0123,60.47
1348149829,(주)풍원,0.0001,0.0002,0.0001,0.0005,0.0017,0.0001,0.0003,0.0003,0.0006,0.0007,0.0012,0.0001,-0.0001,0.0004,0.0012,-0.0016,0.0002,0.0,0.0003,0.0001,0.0005,60.37
1248606342,(주)화승켐텍,,,,,0.0024,0.0418,,0.0134,0.0315,0.0485,0.0188,0.0,0.0,0.0,0.0,0.0394,0.0,0.0,0.0181,0.017,-0.0297,60.36
1198180817,(주)제이앤씨머트리얼즈,,,,,,,,,0.006,0.1543,0.0378,0.0,0.0,0.0,0.0,0.0,0.0,0.0,0.0,0.1483,-0.1165,60.34
2158639135,(주)우신윈시스템,,,,,,0.0033,0.0018,0.0012,0.0036,0.0289,0.0173,0.0,0.0,0.0,0.0,0.0,-0.0015,-0.0006,0.0024,0.0253,-0.0116,60.32
2048123491,씨케이주식회사,0.0011,0.0257,0.2284,0.0121,0.0266,0.0025,0.0014,0.0021,0.0005,0.0011,0.0022,0.0246,0.2027,-0.2163,0.0145,-0.0241,-0.0011,0.0007,-0.0016,0.0006,0.0011,60.32
2158712017,(주)아이팩피앤디,,0.0012,0.0005,0.0008,0.0028,0.0003,0.0002,0.0002,0.0007,0.0003,0.0027,0.0,-0.0007,0.0003,0.002,-0.0025,-0.0001,0.0,0.0005,-0.0004,0.0024,60.29
7198700783,(주)흥산화성,,,,,0.0015,0.0007,0.0005,0.0034,0.048,0.003,0.0035,0.0,0.0,0.0,0.0,-0.0008,-0.0002,0.0029,0.0446,-0.045,0.0005,60.25
6158149411,삼이오산업(주),,,,,,0.0008,0.0003,0.0004,0.0017,0.0008,0.0028,0.0,0.0,0.0,0.0,0.0,-0.0005,0.0001,0.0013,-0.0009,0.002,60.2
3128120494,주식회사국보화학,0.0018,0.0013,0.0004,0.0022,0.0029,0.018,0.0008,0.0127,0.0622,0.1636,0.0139,-0.0005,-0.0009,0.0018,0.0007,0.0151,-0.0172,0.0119,0.0495,0.1014,-0.1497,60.09
6158137934,주식회사바이저,0.0087,0.051,,,0.0056,0.0008,0.0152,0.0481,0.0029,0.0023,0.011,0.0423,0.0,0.0,0.0,-0.0048,0.0144,0.0329,-0.0452,-0.0006,0.0087,60.08
1348103099,주식회사대호산업,0.0003,0.0005,0.0006,0.0069,0.0061,0.0037,0.0053,0.0007,0.0015,0.0015,0.0018,0.0002,0.0001,0.0063,-0.0008,-0.0024,0.0016,-0.0046,0.0008,0.0,0.0003,60.0
1358182909,주식회사유림,,,0.0014,0.0029,0.0088,0.001,0.0027,0.0041,0.0026,0.0026,0.004,0.0,0.0,0.0015,0.0059,-0.0078,0.0017,0.0014,-0.0015,0.0,0.0014,59.86
1348170114,(주)왕성프라몰드,,,,,,,,,0.0041,0.0454,0.0297,0.0,0.0,0.0,0.0,0.0,0.0,0.0,0.0,0.0413,-0.0157,59.84
6108178605,주식회사건양,,,0.0034,0.0018,0.0022,0.01,0.0085,0.0086,0.0443,0.068,0.0153,0.0,0.0,-0.0016,0.0004,0.0078,-0.0015,0.0001,0.0357,0.0237,-0.0527,59.72
6058103330,강남제비스코(주),0.0003,0.0003,0.0002,0.0003,0.0083,0.0209,0.0176,0.0188,0.064,0.0011,0.0028,0.0,-0.0001,0.0001,0.008,0.0126,-0.0033,0.0012,0.0452,-0.0629,0.0017,59.58
1378133777,진원산업(주),,0.0063,0.0277,0.01,0.0036,0.0078,0.0008,0.0039,0.0955,0.4557,0.0108,0.0,0.0214,-0.0177,-0.0064,0.0042,-0.007,0.0031,0.0916,0.3602,-0.4449,59.57
1178114460,동광화학,0.0085,0.0376,0.0041,0.0101,0.0049,0.0013,0.0003,0.0005,0.0004,0.0014,0.0017,0.0291,-0.0335,0.006,-0.0052,-0.0036,-0.001,0.0002,-0.0001,0.001,0.0003,59.57
6178156392,(주)아이티켐,0.0052,0.141,0.0558,0.0151,0.0034,0.1977,0.0033,0.0918,0.0056,0.0025,0.0114,0.1358,-0.0852,-0.0407,-0.0117,0.1943,-0.1944,0.0885,-0.0862,-0.0031,0.0089,59.5
3178111404,새한건업(주),,,0.0029,0.015,0.0021,0.0193,0.0018,0.004,0.0351,0.0582,0.014,0.0,0.0,0.0121,-0.0129,0.0172,-0.0175,0.0022,0.0311,0.0231,-0.0442,59.48
4088168921,메딕스제약주식회사,,,,,,,,,0.0425,0.1173,0.0296,0.0,0.0,0.0,0.0,0.0,0.0,0.0,0.0,0.0748,-0.0877,59.36
5088115200,실리콘밸리(주),0.0002,0.0301,0.116,0.0027,0.0053,0.0037,0.001,0.0046,0.0003,0.0003,0.0034,0.0299,0.0859,-0.1133,0.0026,-0.0016,-0.0027,0.0036,-0.0043,0.0,0.0031,59.31
5758600129,타이탄주식회사,,,,,,,,0.0024,0.0407,0.085,0.0126,0.0,0.0,0.0,0.0,0.0,0.0,0.0,0.0383,0.0443,-0.0724,59.3
3088136376,(주)팔도테크팩,0.0009,0.0008,0.0004,0.0007,0.0022,0.0003,0.0004,0.0015,0.0003,0.0007,0.0019,-0.0001,-0.0004,0.0003,0.0015,-0.0019,0.0001,0.0011,-0.0012,0.0004,0.0012,59.28
1248721485,(주)무창,,,,,,,,,0.0012,0.0012,0.0021,0.0,0.0,0.0,0.0,0.0,0.0,0.0,0.0,0.0,0.0009,59.24
1258140085,청암산업,,,,0.0027,0.0061,,,0.0012,0.0039,0.0029,0.0031,0.0,0.0,0.0,0.0034,0.0,0.0,0.0,0.0027,-0.001,0.0002,59.11
1318666969,(주)디엠티,,0.0016,0.0047,0.0262,0.0172,0.0278,0.0041,0.0111,0.0055,0.0037,0.009,0.0,0.0031,0.0215,-0.009,0.0106,-0.0237,0.007,-0.0056,-0.0018,0.0053,59.07
2208607635,(주)불스원,0.0037,0.0015,0.0014,0.0024,0.0091,0.001,0.0009,0.0022,0.001,0.0013,0.002,-0.0022,-0.0001,0.001,0.0067,-0.0081,-0.0001,0.0013,-0.0012,0.0003,0.0007,59.02
6158126927,(주)삼오,,,,,,,0.0017,0.0057,0.0012,0.1139,0.0696,0.0,0.0,0.0,0.0,0.0,0.0,0.004,-0.0045,0.1127,-0.0443,58.98
1278660646,주식회사에이치케이,,,,0.0014,0.0009,0.0006,0.001,0.001,0.0033,0.0425,0.0132,0.0,0.0,0.0,-0.0005,-0.0003,0.0004,0.0,0.0023,0.0392,-0.0293,58.96
5138168242,(주)윌닉스,0.0152,0.0113,0.0031,0.0021,0.0079,0.0011,0.0007,0.0011,0.0016,0.0872,0.0137,-0.0039,-0.0082,-0.001,0.0058,-0.0068,-0.0004,0.0004,0.0005,0.0856,-0.0735,58.91
2018626612,주식회사동방플라스틱,0.0004,0.0003,0.0002,0.0002,0.0003,0.0001,0.0001,0.0001,0.0008,0.001,0.0011,-0.0001,-0.0001,0.0,0.0001,-0.0002,0.0,0.0,0.0007,0.0002,0.0001,58.88
1208117731,동국헬스케어홀딩스주식회사,0.0011,0.0006,0.0004,0.0017,0.0004,0.0001,0.0001,0.0002,0.0002,0.0004,0.0012,-0.0005,-0.0002,0.0013,-0.0013,-0.0003,0.0,0.0001,0.0,0.0002,0.0008,58.8
4628101074,(주)성광실리콘,,,,,,,,,0.0034,0.0285,0.022,0.0,0.0,0.0,0.0,0.0,0.0,0.0,0.0,0.0251,-0.0065,58.8
6098108773,칠성산업(주),,,,,,0.0046,0.0003,0.0002,0.0009,0.0004,0.0023,0.0,0.0,0.0,0.0,0.0,-0.0043,-0.0001,0.0007,-0.0005,0.0019,58.76
1068121414,디디피스페셜티프로덕츠코리아주식회사,0.0001,0.0002,0.0002,0.0002,0.0003,0.0003,0.0001,0.0002,0.0032,0.0105,0.0091,0.0001,0.0,0.0,0.0001,0.0,-0.0002,0.0001,0.003,0.0073,-0.0014,58.7
3128102517,미래화학주식회사,0.4143,0.0061,0.0025,0.0019,0.0106,0.0011,0.0006,0.0293,0.0278,0.0017,0.0088,-0.4082,-0.0036,-0.0006,0.0087,-0.0095,-0.0005,0.0287,-0.0015,-0.0261,0.0071,58.69
3128122089,(주)남방에프.씨,,,,,,,,,0.0007,0.0002,0.0031,0.0,0.0,0.0,0.0,0.0,0.0,0.0,0.0,-0.0005,0.0029,58.64
2148783256,씨팩코리아(주),,,,,,,,,0.0022,0.0391,0.0229,0.0,0.0,0.0,0.0,0.0,0.0,0.0,0.0,0.0369,-0.0162,58.64
1238139525,케이엔케이코팅스주식회사,0.0003,0.0003,0.0002,0.0095,0.0024,0.0003,0.0003,0.0008,0.0001,0.0003,0.0017,0.0,-0.0001,0.0093,-0.0071,-0.0021,0.0,0.0005,-0.0007,0.0002,0.0014,58.57
1248193027,한보일렉트(주),0.008,0.0059,0.0016,0.003,0.0024,0.0037,0.0275,0.0098,0.0009,0.0009,0.0032,-0.0021,-0.0043,0.0014,-0.0006,0.0013,0.0238,-0.0177,-0.0089,0.0,0.0023,58.54
1048655679,주식회사현대엘앤씨,0.001,0.0007,0.0005,0.001,0.0018,0.0031,0.0006,0.0043,0.1045,0.0019,0.0026,-0.0003,-0.0002,0.0005,0.0008,0.0013,-0.0025,0.0037,0.1002,-0.1026,0.0007,58.38
2068801153,대진첨단소재(주),,,,,,,,0.0024,0.0109,0.0123,0.0104,0.0,0.0,0.0,0.0,0.0,0.0,0.0,0.0085,0.0014,-0.0019,58.33
3048107641,인바이오(주),0.0043,0.0034,0.0047,0.0042,0.0388,0.0072,0.0047,0.0028,0.11,0.7183,0.0072,-0.0009,0.0013,-0.0005,0.0346,-0.0316,-0.0025,-0.0019,0.1072,0.6083,-0.7111,58.31
6408102921,한화첨단소재주식회사,,,,,,,,,0.021,0.0001,0.0037,0.0,0.0,0.0,0.0,0.0,0.0,0.0,0.0,-0.0209,0.0036,58.26
1388161131,주식회사신우,,,0.0004,0.0002,0.0004,0.0001,0.0021,0.0085,0.2996,0.6162,0.0068,0.0,0.0,-0.0002,0.0002,-0.0003,0.002,0.0064,0.2911,0.3166,-0.6094,58.25
1258176716,(주)플로우텍,0.0012,0.0006,0.0004,0.0005,0.0133,0.1195,0.0013,0.002,0.0005,0.0004,0.0047,-0.0006,-0.0002,0.0001,0.0128,0.1062,-0.1182,0.0007,-0.0015,-0.0001,0.0043,58.2
1748601191,주식회사수산머티리얼즈,,,,,,,,,0.0075,0.0525,0.0212,0.0,0.0,0.0,0.0,0.0,0.0,0.0,0.0,0.045,-0.0313,58.17
1148724466,주식회사동방코스메틱,,,,0.0033,0.0074,0.0032,0.0006,0.0005,0.0005,0.0003,0.0027,0.0,0.0,0.0,0.0041,-0.0042,-0.0026,-0.0001,0.0,-0.0002,0.0024,58.15
1258146599,새롬제약,,,0.0069,0.0116,0.0011,0.0054,0.0011,0.005,0.0128,0.0139,0.0111,0.0,0.0,0.0047,-0.0105,0.0043,-0.0043,0.0039,0.0078,0.0011,-0.0028,58.13
2068643523,(주)유한그린,,,,,,,,0.0011,0.0002,0.0005,0.0016,0.0,0.0,0.0,0.0,0.0,0.0,0.0,-0.0009,0.0003,0.0011,58.03
1258116829,주식회사임덕화학,0.0001,0.0003,0.0002,0.0001,0.0004,0.0004,0.0001,0.0034,0.0802,0.0011,0.0023,0.0002,-0.0001,-0.0001,0.0003,0.0,-0.0003,0.0033,0.0768,-0.0791,0.0012,57.93
1138103336,(주)동구바이오제약,0.0033,0.0092,0.004,0.0002,0.001,0.0002,0.0003,0.0004,0.0002,0.0006,0.0014,0.0059,-0.0052,-0.0038,0.0008,-0.0008,0.0001,0.0001,-0.0002,0.0004,0.0008,57.86
1298114920,우창산업주식회사,0.0002,0.0009,0.0004,0.0022,0.0065,0.0012,0.0003,0.0004,0.0002,0.0003,0.0015,0.0007,-0.0005,0.0018,0.0043,-0.0053,-0.0009,0.0001,-0.0002,0.0001,0.0012,57.77
3128108068,동일화학공업(주),0.0015,0.0017,0.0035,0.0292,0.0794,0.0128,0.0031,0.0042,0.0028,0.0021,0.0058,0.0002,0.0018,0.0257,0.0502,-0.0666,-0.0097,0.0011,-0.0014,-0.0007,0.0037,57.73
6958700250,주식회사건하인스텍,,,,,0.0004,0.0355,,,,0.3023,0.1498,0.0,0.0,0.0,0.0,0.0351,0.0,0.0,0.0,0.0,-0.1525,57.72
1338122943,(주)테라젠이텍스,0.0107,0.0084,0.0116,0.0333,0.0641,0.0175,0.1215,0.15,0.0007,0.0006,0.0054,-0.0023,0.0032,0.0217,0.0308,-0.0466,0.104,0.0285,-0.1493,-0.0001,0.0048,57.72
1288115251,(주)피유시스,0.0003,0.0008,0.0005,0.0009,0.0018,0.0003,0.0003,0.0008,0.0006,0.0005,0.0034,0.0005,-0.0003,0.0004,0.0009,-0.0015,0.0,0.0005,-0.0002,-0.0001,0.0029,57.68
2028116825,(주)한화,0.0746,0.0985,0.0162,0.0043,0.0018,0.0168,0.0244,0.0042,0.0043,0.0329,0.0112,0.0239,-0.0823,-0.0119,-0.0025,0.015,0.0076,-0.0202,0.0001,0.0286,-0.0217,57.57
1378115269,태정산업(주),,,,,0.0018,0.0006,0.0018,0.001,0.0059,0.0014,0.0022,0.0,0.0,0.0,0.0,-0.0012,0.0012,-0.0008,0.0049,-0.0045,0.0008,57.29
1228112542,(주)에스피지산업,0.0001,0.0014,0.0104,0.0025,0.0016,0.0002,0.0003,0.0004,0.0006,0.0006,0.0012,0.0013,0.009,-0.0079,-0.0009,-0.0014,0.0001,0.0001,0.0002,0.0,0.0006,57.13
1378613738,주식회사리샘,0.0008,0.0319,0.0071,0.0033,0.0004,0.0033,0.0003,0.0008,0.0304,0.2093,0.0066,0.0311,-0.0248,-0.0038,-0.0029,0.0029,-0.003,0.0005,0.0296,0.1789,-0.2027,57.12
1268629870,주식회사제이월드산업,,,,,,,0.0007,0.0099,0.0081,0.0011,0.0061,0.0,0.0,0.0,0.0,0.0,0.0,0.0092,-0.0018,-0.007,0.005,57.11
6158171757,(주)승진그린텍,0.006,0.0377,0.0196,0.0072,0.0033,0.0071,0.0004,0.0016,0.0034,0.0075,0.0064,0.0317,-0.0181,-0.0124,-0.0039,0.0038,-0.0067,0.0012,0.0018,0.0041,-0.0011,57.03
6218159651,(주)케이에스씨엔티,,,,,,,,0.0018,0.0048,0.0591,0.0073,0.0,0.0,0.0,0.0,0.0,0.0,0.0,0.003,0.0543,-0.0518,56.98
3478100591,현진엠아이(주),,,,,0.0054,0.2051,,,0.0033,0.0009,0.0028,0.0,0.0,0.0,0.0,0.1997,0.0,0.0,0.0,-0.0024,0.0019,56.93
1248116715,(주)대일양행,0.0009,0.0024,0.0016,0.0008,0.0085,0.0063,0.0122,0.0108,0.0093,0.0041,0.0064,0.0015,-0.0008,-0.0008,0.0077,-0.0022,0.0059,-0.0014,-0.0015,-0.0052,0.0023,56.93
3148602027,주식회사퓨어스피어,,,,,,,,,0.0014,0.0259,0.0153,0.0,0.0,0.0,0.0,0.0,0.0,0.0,0.0,0.0245,-0.0106,56.89
1228111086,주식회사피죤,0.001,0.0153,0.0004,0.0005,0.0254,0.0007,0.0003,0.0005,0.0027,0.0012,0.002,0.0143,-0.0149,0.0001,0.0249,-0.0247,-0.0004,0.0002,0.0022,-0.0015,0.0008,56.88
5978701862,주식회사레이크테크놀로지,,,,,,,,,0.0048,0.0221,0.015,0.0,0.0,0.0,0.0,0.0,0.0,0.0,0.0,0.0173,-0.0071,56.83
1348617166,아성크린후로텍주식회사,0.0001,0.0001,0.0001,0.0002,0.0006,0.0027,0.0156,0.1472,0.6008,0.4542,0.2023,0.0,0.0,0.0001,0.0004,0.0021,0.0129,0.1316,0.4536,-0.1466,-0.2519,56.79
1428118588,(주)하나프로테크,,,,,,,,0.0005,0.0001,0.0009,0.0013,0.0,0.0,0.0,0.0,0.0,0.0,0.0,-0.0004,0.0008,0.0004,56.76
3108123461,주식회사대한철강,,,,,,,0.0006,0.001,0.0006,0.0004,0.0034,0.0,0.0,0.0,0.0,0.0,0.0,0.0004,-0.0004,-0.0002,0.003,56.76
6068171511,(주)해양패밀리,,,,0.008,0.0135,,,,,,0.0051,0.0,0.0,0.0,0.0055,0.0,0.0,0.0,0.0,0.0,0.0,56.7
3078117847,머티리얼즈파크주식회사,0.014,0.0039,0.0035,0.0084,0.0118,0.003,0.0007,0.0003,0.0005,0.019,0.008,-0.0101,-0.0004,0.0049,0.0034,-0.0088,-0.0023,-0.0004,0.0002,0.0185,-0.011,56.65
1428167740,주식회사올리빙,,,,,,,0.0003,0.0005,,0.0015,0.0017,0.0,0.0,0.0,0.0,0.0,0.0,0.0002,0.0,0.0,0.0002,56.6
1258163472,주식회사미래화학,0.0025,0.071,,,,,,,0.0016,0.0005,0.0026,0.0685,0.0,0.0,0.0,0.0,0.0,0.0,0.0,-0.0011,0.0021,56.59
3068132656,(주)리가스,,,,0.003,0.0043,0.0005,0.0005,0.0004,0.0002,0.0006,0.0012,0.0,0.0,0.0,0.0013,-0.0038,0.0,-0.0001,-0.0002,0.0004,0.0006,56.53
3038166929,(주)서울아이씨,,,0.0005,0.0007,0.0109,0.0018,0.0004,0.0007,0.0007,0.001,0.0011,0.0,0.0,0.0002,0.0102,-0.0091,-0.0014,0.0003,0.0,0.0003,0.0001,56.52
1138101094,피케이씨(주),0.5421,0.5237,0.0169,0.0076,0.0012,0.0006,0.0003,0.0017,0.0007,0.0015,0.0016,-0.0184,-0.5068,-0.0093,-0.0064,-0.0006,-0.0003,0.0014,-0.001,0.0008,0.0001,56.52
1348101975,주식회사아성프라텍,0.0013,0.0031,0.0033,0.0038,0.0018,0.0213,0.0259,0.1816,0.0025,0.0012,0.0059,0.0018,0.0002,0.0005,-0.002,0.0195,0.0046,0.1557,-0.1791,-0.0013,0.0047,56.51
6038100303,주식회사경기색소,0.0751,0.0287,0.0141,0.0291,0.0527,0.0126,0.0177,0.061,0.0129,0.0081,0.0087,-0.0464,-0.0146,0.015,0.0236,-0.0401,0.0051,0.0433,-0.0481,-0.0048,0.0006,56.49
1368104871,한국가쯔라(주),,,,,,,,,0.0025,0.0314,0.014,0.0,0.0,0.0,0.0,0.0,0.0,0.0,0.0,0.0289,-0.0174,56.42
6218105607,콘티테크파워트랜스미션코리아주식회사,0.0071,0.0005,0.0045,0.0346,0.0561,0.001,0.0223,0.027,0.6059,0.3378,0.1757,-0.0066,0.004,0.0301,0.0215,-0.0551,0.0213,0.0047,0.5789,-0.2681,-0.1621,56.42
1428116241,대원케미칼,0.0016,0.0015,0.0022,0.0026,0.0031,0.0023,0.0024,0.0043,0.0023,0.0019,0.0044,-0.0001,0.0007,0.0004,0.0005,-0.0008,0.0001,0.0019,-0.002,-0.0004,0.0025,56.38
1258104323,동성화학공업(주),0.0023,0.0036,0.0024,0.0016,0.0061,0.0016,0.0008,0.0012,0.0029,0.0087,0.0062,0.0013,-0.0012,-0.0008,0.0045,-0.0045,-0.0008,0.0004,0.0017,0.0058,-0.0025,56.37
1538102091,(주)한국파비스제약,,,,,,,0.0006,0.0336,0.0549,0.0006,0.0019,0.0,0.0,0.0,0.0,0.0,0.0,0.033,0.0213,-0.0543,0.0013,56.31
3118101567,(주)우신피그먼트,0.0003,0.0002,0.0002,0.0003,0.0006,0.0001,0.0002,0.0003,0.0014,0.0005,0.0017,-0.0001,0.0,0.0001,0.0003,-0.0005,0.0001,0.0001,0.0011,-0.0009,0.0012,56.3
1248187563,(주)대림프라스틱,,,,,,,,0.0024,0.0024,0.0337,0.0134,0.0,0.0,0.0,0.0,0.0,0.0,0.0,0.0,0.0313,-0.0203,56.21
1188100601,(주)유한양행,0.0002,0.0003,0.0003,0.0003,0.0011,0.0086,0.0003,0.0004,0.002,0.0004,0.0017,0.0001,0.0,0.0,0.0008,0.0075,-0.0083,0.0001,0.0016,-0.0016,0.0013,56.17
7728801378,한국다우케미칼실리콘주식회사,,,,,,0.0008,0.0001,0.0004,0.0008,0.0005,0.0016,0.0,0.0,0.0,0.0,0.0,-0.0007,0.0003,0.0004,-0.0003,0.0011,56.14
5038143434,주식회사에어텍,,,,,0.0006,0.0002,0.0002,0.0002,0.0002,0.0005,0.0009,0.0,0.0,0.0,0.0,-0.0004,0.0,0.0,0.0,0.0003,0.0004,56.12
2098128754,주식회사한일피앤피,,,,,,0.0011,0.0015,0.005,0.0028,0.0014,0.0046,0.0,0.0,0.0,0.0,0.0,0.0004,0.0035,-0.0022,-0.0014,0.0032,56.08
4118800251,주식회사제이에이치씨,,,,,0.0011,0.1087,0.0513,0.0898,0.0027,0.0023,0.0049,0.0,0.0,0.0,0.0,0.1076,-0.0574,0.0385,-0.0871,-0.0004,0.0026,56.07
6178124930,(주)휴온스메디텍,0.0028,,0.0008,0.0079,0.0032,0.0002,0.0002,0.0002,0.0002,0.0004,0.0009,0.0,0.0,0.0071,-0.0047,-0.003,0.0,0.0,0.0,0.0002,0.0005,56.05
1398139345,신영금속주식회사,0.0182,0.0427,0.0383,0.0457,0.0099,0.0004,0.0007,0.0008,0.0244,0.0016,0.002,0.0245,-0.0044,0.0074,-0.0358,-0.0095,0.0003,0.0001,0.0236,-0.0228,0.0004,56.03
1358192580,주식회사엘파니,,,,,,,0.0053,0.2447,0.0094,0.0024,0.0062,0.0,0.0,0.0,0.0,0.0,0.0,0.2394,-0.2353,-0.007,0.0038,55.97
4058111069,(주)리엔젠,,,,,,,,,0.0047,0.0012,0.0026,0.0,0.0,0.0,0.0,0.0,0.0,0.0,0.0,-0.0035,0.0014,55.93
1308118192,남방씨엔에이주식회사,0.0001,0.0004,0.0001,0.0001,0.0004,0.0001,0.0001,0.0002,0.0011,0.0011,0.0012,0.0003,-0.0003,0.0,0.0003,-0.0003,0.0,0.0001,0.0009,0.0,0.0001,55.91
4018115331,(주)풍림파마텍,,0.0032,0.0004,0.0003,0.0012,0.0001,0.0002,0.0004,0.0011,0.0005,0.0016,0.0,-0.0028,-0.0001,0.0009,-0.0011,0.0001,0.0002,0.0007,-0.0006,0.0011,55.88
4038184950,주식회사에이텍세종,,,,,,,,0.0062,0.0375,0.0004,0.0017,0.0,0.0,0.0,0.0,0.0,0.0,0.0,0.0313,-0.0371,0.0013,55.88
8438800934,서린컴퍼니(주),,,,,,,0.0002,0.0001,0.0001,0.0002,0.0009,0.0,0.0,0.0,0.0,0.0,0.0,-0.0001,0.0,0.0001,0.0007,55.82
4188155419,주식회사에이치에스머티리얼즈,,,,,,,,,0.0047,0.0385,0.0119,0.0,0.0,0.0,0.0,0.0,0.0,0.0,0.0,0.0338,-0.0266,55.7
1348673173,(주)밀성산업가스,0.0034,0.0411,0.0374,0.0123,0.0059,0.0092,0.0042,0.0093,0.0064,0.0029,0.005,0.0377,-0.0037,-0.0251,-0.0064,0.0033,-0.005,0.0051,-0.0029,-0.0035,0.0021,55.64
1268181342,주식회사에스이아이엘,0.0003,0.0004,0.0002,0.0003,0.0005,0.0003,0.0002,0.0003,0.0003,0.0004,0.0009,0.0001,-0.0002,0.0001,0.0002,-0.0002,-0.0001,0.0001,0.0,0.0001,0.0005,55.58
4178105347,재원산업주식회사,0.0001,0.0003,0.0002,0.0005,0.0011,0.0009,0.0002,0.0005,0.0002,0.0003,0.0012,0.0002,-0.0001,0.0003,0.0006,-0.0002,-0.0007,0.0003,-0.0003,0.0001,0.0009,55.57
3128112219,유앤팩주식회사,,,,,0.0024,0.0003,0.0002,0.0002,0.0001,0.0002,0.0011,0.0,0.0,0.0,0.0,-0.0021,-0.0001,0.0,-0.0001,0.0001,0.0009,55.53
6058109450,주식회사보광,0.0002,0.0002,0.0002,0.0001,0.0014,0.0006,0.0058,0.0161,0.1248,0.1027,0.0849,0.0,0.0,-0.0001,0.0013,-0.0008,0.0052,0.0103,0.1087,-0.0221,-0.0178,55.45
4088616938,린데수소에너지주식회사,,,,,,,,0.0305,0.6329,0.1589,0.1097,0.0,0.0,0.0,0.0,0.0,0.0,0.0,0.6024,-0.474,-0.0492,55.41
1148693909,(주)이에이치엘바이오,,,,,,,,,0.0014,0.0003,0.0022,0.0,0.0,0.0,0.0,0.0,0.0,0.0,0.0,-0.0011,0.0019,55.39
1338122322,대화제약(주),0.0055,0.001,0.0008,0.004,0.0009,0.0057,0.0145,0.0071,0.0041,0.0693,0.0289,-0.0045,-0.0002,0.0032,-0.0031,0.0048,0.0088,-0.0074,-0.003,0.0652,-0.0404,55.32
5148150240,한국프라스틱주식회사,0.0021,0.0024,0.0021,0.0074,0.0216,0.0009,0.0013,0.001,0.001,0.0161,0.0098,0.0003,-0.0003,0.0053,0.0142,-0.0207,0.0004,-0.0003,0.0,0.0151,-0.0063,55.24
1258132038,주식회사탑씰,0.0007,0.0016,0.0006,0.0015,0.005,0.0007,0.0003,0.0005,0.0002,0.0004,0.0011,0.0009,-0.001,0.0009,0.0035,-0.0043,-0.0004,0.0002,-0.0003,0.0002,0.0007,55.13
6158124555,(주)대흥알앤티,0.0006,0.0012,0.0016,0.011,0.0245,0.206,0.0515,0.0342,0.0328,0.1175,0.027,0.0006,0.0004,0.0094,0.0135,0.1815,-0.1545,-0.0173,-0.0014,0.0847,-0.0905,55.13
6198400027,엔에이치케미칼주식회사,0.0018,0.0091,0.006,0.0045,0.0027,0.0017,0.0024,0.0047,0.005,0.0926,0.0058,0.0073,-0.0031,-0.0015,-0.0018,-0.001,0.0007,0.0023,0.0003,0.0876,-0.0868,55.11
1318631121,(주)비지에프에코솔루션,,,,,,,,,0.0158,0.3417,0.01,0.0,0.0,0.0,0.0,0.0,0.0,0.0,0.0,0.3259,-0.3317,55.1
1348107149,주식회사티에스씨,0.0002,0.0005,0.0005,0.0009,0.0121,0.0136,0.0037,0.0436,0.0005,0.0003,0.0034,0.0003,0.0,0.0004,0.0112,0.0015,-0.0099,0.0399,-0.0431,-0.0002,0.0031,55.06
3858101836,에스케이에코프라임주식회사,,,,,,,0.0146,0.1413,0.0015,0.0012,0.0038,0.0,0.0,0.0,0.0,0.0,0.0,0.1267,-0.1398,-0.0003,0.0026,55.02
1068185742,용산미쓰이화학주식회사,0.0004,0.0003,0.0002,0.0086,0.0841,0.2166,0.1195,0.0023,0.0563,0.1203,0.0042,-0.0001,-0.0001,0.0084,0.0755,0.1325,-0.0971,-0.1172,0.054,0.064,-0.1161,54.99
3038117772,(주)대한위재상사,0.0002,0.0005,0.0006,0.0006,0.0017,0.0033,0.0062,0.076,0.2024,0.002,0.0021,0.0003,0.0001,0.0,0.0011,0.0016,0.0029,0.0698,0.1264,-0.2004,0.0001,54.98
1318196172,주식회사아로마뱅크,,,,,,,0.0007,0.0042,0.0063,0.0156,0.0053,0.0,0.0,0.0,0.0,0.0,0.0,0.0035,0.0021,0.0093,-0.0103,54.94
6208155201,주식회사세연,,,,,,,,,0.0023,0.0164,0.0092,0.0,0.0,0.0,0.0,0.0,0.0,0.0,0.0,0.0141,-0.0072,54.93
5038167324,(주)썬폴리폼,,,0.0018,0.0017,0.0021,0.003,0.0003,0.0322,0.0018,0.0011,0.0039,0.0,0.0,-0.0001,0.0004,0.0009,-0.0027,0.0319,-0.0304,-0.0007,0.0028,54.88
5028124768,주식회사대림프라콘,0.0001,0.0005,0.0002,0.0005,0.0015,0.0003,0.0001,0.0002,0.0025,0.0006,0.0015,0.0004,-0.0003,0.0003,0.001,-0.0012,-0.0002,0.0001,0.0023,-0.0019,0.0009,54.83
3018130328,주식회사농경,0.001,0.0017,0.0135,0.0197,0.0515,0.0039,0.0436,0.0012,0.0054,0.0077,0.0047,0.0007,0.0118,0.0062,0.0318,-0.0476,0.0397,-0.0424,0.0042,0.0023,-0.003,54.81
8688800817,(주)에스시코리아,,,,,,,,,0.0044,0.0007,0.0022,0.0,0.0,0.0,0.0,0.0,0.0,0.0,0.0,-0.0037,0.0015,54.79
1408114325,(주)피코스텍,,0.0007,0.0004,0.0002,0.001,0.0001,0.0002,0.0002,0.0002,0.0005,0.0008,0.0,-0.0003,-0.0002,0.0008,-0.0009,0.0001,0.0,0.0,0.0003,0.0003,54.71
4188119261,(주)폴라리스우노,0.0004,0.0004,0.0008,0.0006,0.0135,0.0471,0.0002,0.0007,0.0003,0.0003,0.0016,0.0,0.0004,-0.0002,0.0129,0.0336,-0.0469,0.0005,-0.0004,0.0,0.0013,54.69
1318194548,주식회사엠에스씨,0.007,0.0031,0.0049,0.0049,0.0194,0.0035,0.0047,0.0022,0.0048,0.0627,0.0046,-0.0039,0.0018,0.0,0.0145,-0.0159,0.0012,-0.0025,0.0026,0.0579,-0.0581,54.69
1168141794,(주)한두화이어코트,,,,,,0.0007,0.0004,,0.0002,0.0004,0.0008,0.0,0.0,0.0,0.0,0.0,-0.0003,0.0,0.0,0.0002,0.0004,54.68
3128156745,부원화학(주),0.001,0.0016,0.0013,0.0064,0.0081,0.0753,0.0079,0.0317,0.0003,0.0002,0.003,0.0006,-0.0003,0.0051,0.0017,0.0672,-0.0674,0.0238,-0.0314,-0.0001,0.0028,54.64
1208124912,한국다우케미칼주식회사,0.0216,0.0203,0.0035,0.0006,0.0013,0.0007,0.0005,0.0006,0.014,0.0005,0.0015,-0.0013,-0.0168,-0.0029,0.0007,-0.0006,-0.0002,0.0001,0.0134,-0.0135,0.001,54.64
1018121307,다무라케미컬코리아(주),0.0003,0.0002,0.0002,0.0002,0.0004,0.0001,0.0001,0.0002,0.0004,0.0005,0.0007,-0.0001,0.0,0.0,0.0002,-0.0003,0.0,0.0001,0.0002,0.0001,0.0002,54.6
6218152702,국성폴리텍(주),0.0161,0.009,0.0014,0.0021,0.0242,0.0022,0.0027,0.0027,0.0096,0.0132,0.0048,-0.0071,-0.0076,0.0007,0.0221,-0.022,0.0005,0.0,0.0069,0.0036,-0.0084,54.52
1318172433,(주)제일하이텍,,,0.0005,0.0002,0.0005,0.0002,0.0001,0.0002,0.0005,0.0005,0.0009,0.0,0.0,-0.0003,0.0003,-0.0003,-0.0001,0.0001,0.0003,0.0,0.0004,54.46
3128103364,한화컴파운드(주),0.008,0.126,0.0294,0.0247,0.0145,0.0168,0.0572,0.0024,0.0008,0.0008,0.0018,0.118,-0.0966,-0.0047,-0.0102,0.0023,0.0404,-0.0548,-0.0016,0.0,0.001,54.42
1378143182,(주)진성테크,0.0003,0.0002,0.0002,0.0002,0.0005,0.0001,0.0001,0.0003,0.0004,0.0004,0.0009,-0.0001,0.0,0.0,0.0003,-0.0004,0.0,0.0002,0.0001,0.0,0.0005,54.41
1248181104,(주)세이프코리아,,,,,0.0011,0.0002,0.0006,0.049,0.0055,0.0016,0.0043,0.0,0.0,0.0,0.0,-0.0009,0.0004,0.0484,-0.0435,-0.0039,0.0027,54.4
1378129254,(주)에스엠,0.0003,0.0003,0.0003,0.0004,0.0009,0.0001,0.0001,0.0002,0.0009,0.0009,0.001,0.0,0.0,0.0001,0.0005,-0.0008,0.0,0.0001,0.0007,0.0,0.0001,54.37
1248137632,하나제약(주),0.0013,0.0012,0.0004,0.0006,0.0005,0.0001,0.0001,0.0005,0.0001,0.0006,0.001,-0.0001,-0.0008,0.0002,-0.0001,-0.0004,0.0,0.0004,-0.0004,0.0005,0.0004,54.32
1248677584,대웅바이오(주),0.0002,0.0004,0.0021,0.0002,0.0009,0.0001,0.0001,0.0002,0.0006,0.0006,0.0009,0.0002,0.0017,-0.0019,0.0007,-0.0008,0.0,0.0001,0.0004,0.0,0.0003,54.31
5148125848,선도화학(주),0.3916,0.0024,0.0035,0.0553,0.0029,0.0018,0.0003,0.0013,0.0002,0.0004,0.0011,-0.3892,0.0011,0.0518,-0.0524,-0.0011,-0.0015,0.001,-0.0011,0.0002,0.0007,54.31
1018660644,울산아로마틱스주식회사,0.0041,0.0054,0.006,0.0065,0.0024,0.0029,0.0008,0.0008,0.0003,0.0024,0.0024,0.0013,0.0006,0.0005,-0.0041,0.0005,-0.0021,0.0,-0.0005,0.0021,0.0,54.3
5138141210,주식회사성우플라텍,0.0009,0.0013,0.0016,0.0052,0.0161,0.0026,0.0004,0.0044,0.0011,0.0011,0.0019,0.0004,0.0003,0.0036,0.0109,-0.0135,-0.0022,0.004,-0.0033,0.0,0.0008,54.27
1098110032,주식회사삼우메디안,,,0.0018,0.0051,0.1848,0.0015,,0.0005,0.0007,0.0005,0.0013,0.0,0.0,0.0033,0.1797,-0.1833,0.0,0.0,0.0002,-0.0002,0.0008,54.27
1148165048,한국프라임제약주식회사,0.0003,0.0005,0.0002,0.0003,0.0003,0.0001,0.0001,0.0012,0.0012,0.0008,0.0018,0.0002,-0.0003,0.0001,0.0,-0.0002,0.0,0.0011,0.0,-0.0004,0.001,54.19
2148118883,엔씨에이취코리아(주),,,,0.0014,0.0012,0.0004,0.0004,0.0008,0.0009,0.0027,0.0026,0.0,0.0,0.0,-0.0002,-0.0008,0.0,0.0004,0.0001,0.0018,-0.0001,54.14
1298193513,주식회사시지바이오,0.0563,0.2099,0.0013,0.0006,0.0012,0.0002,0.0002,0.0002,0.0001,0.0005,0.0009,0.1536,-0.2086,-0.0007,0.0006,-0.001,0.0,0.0,-0.0001,0.0004,0.0004,54.11
6158120995,피에스켐(주),0.0002,,,,,0.0001,0.0001,0.0002,0.0005,0.0006,0.0007,0.0,0.0,0.0,0.0,0.0,0.0,0.0001,0.0003,0.0001,0.0001,54.07
6898100855,(주)제이에스벤처스,,,,,,,,0.0004,0.0007,0.0006,0.0012,0.0,0.0,0.0,0.0,0.0,0.0,0.0,0.0003,-0.0001,0.0006,53.98
1398120962,(주)보원케미칼,0.001,0.0036,0.001,0.0016,0.0009,0.005,0.0026,0.0226,0.0042,0.057,0.023,0.0026,-0.0026,0.0006,-0.0007,0.0041,-0.0024,0.02,-0.0184,0.0528,-0.034,53.94
6218109942,신기화학공업(주),0.015,0.0124,0.0098,0.0108,0.0119,0.0012,0.0006,0.0009,0.0089,0.0014,0.0016,-0.0026,-0.0026,0.001,0.0011,-0.0107,-0.0006,0.0003,0.008,-0.0075,0.0002,53.91
3128106060,건일제약(주),0.0002,0.0046,0.0005,0.0007,0.002,0.0004,0.0005,0.0003,0.0003,0.0007,0.0008,0.0044,-0.0041,0.0002,0.0013,-0.0016,0.0001,-0.0002,0.0,0.0004,0.0001,53.85
4178133498,주식회사무일화성,0.0029,0.0016,0.0004,0.0005,0.0012,0.0014,0.0013,0.0024,0.0004,0.0011,0.0012,-0.0013,-0.0012,0.0001,0.0007,0.0002,-0.0001,0.0011,-0.002,0.0007,0.0001,53.75
2208116731,셀라니즈머티리얼즈코리아주식회사,0.0005,0.0007,0.0001,0.0003,0.0007,0.0001,0.0003,0.0006,0.0016,0.0005,0.0013,0.0002,-0.0006,0.0002,0.0004,-0.0006,0.0002,0.0003,0.001,-0.0011,0.0008,53.75
4018115670,한국케미라화학(주),0.0003,0.0087,0.0007,0.0005,0.0051,0.0483,0.0004,0.0104,0.0041,0.0003,0.0033,0.0084,-0.008,-0.0002,0.0046,0.0432,-0.0479,0.01,-0.0063,-0.0038,0.003,53.73
5028623686,주식회사엔도비전,,,,,0.0018,0.0365,0.0263,0.4642,0.0222,0.0539,0.0261,0.0,0.0,0.0,0.0,0.0347,-0.0102,0.4379,-0.442,0.0317,-0.0278,53.66
6158155209,보국전자주식회사,,0.0049,0.0067,0.0059,0.0037,0.0136,0.0021,0.0068,0.0026,0.0029,0.0029,0.0,0.0018,-0.0008,-0.0022,0.0099,-0.0115,0.0047,-0.0042,0.0003,0.0,53.65
7678601159,주식회사주노생활건강,,,,,,,,,0.0025,0.022,0.007,0.0,0.0,0.0,0.0,0.0,0.0,0.0,0.0,0.0195,-0.015,53.61
3058159064,(주)대양이앤씨,,,,,0.0005,0.0002,0.0069,,0.0016,0.0138,0.0066,0.0,0.0,0.0,0.0,-0.0003,0.0067,0.0,0.0,0.0122,-0.0072,53.53
1058661077,주식회사수달코리아,0.0003,0.0004,0.0002,0.0003,0.0013,0.0001,0.0002,0.001,0.0053,0.0005,0.0013,0.0001,-0.0002,0.0001,0.001,-0.0012,0.0001,0.0008,0.0043,-0.0048,0.0008,53.49
6108128371,서진화학(주),0.0006,0.0003,0.0018,0.0007,0.0077,0.0296,0.0355,0.3901,0.6156,0.3059,0.0792,-0.0003,0.0015,-0.0011,0.007,0.0219,0.0059,0.3546,0.2255,-0.3097,-0.2267,53.43
6108198300,이리도스주식회사,0.0005,0.0003,0.0068,0.0346,0.103,0.0693,0.0451,0.0008,0.0791,0.0013,0.0015,-0.0002,0.0065,0.0278,0.0684,-0.0337,-0.0242,-0.0443,0.0783,-0.0778,0.0002,53.37
6218151926,(주)무진,,,,0.003,0.0109,0.004,0.0261,0.0032,0.0007,0.0024,0.0024,0.0,0.0,0.0,0.0079,-0.0069,0.0221,-0.0229,-0.0025,0.0017,0.0,53.32
1578601221,유림인더스트리얼즈(주),,,,,,,,,0.006,0.0534,0.0065,0.0,0.0,0.0,0.0,0.0,0.0,0.0,0.0,0.0474,-0.0469,53.29
1318644908,(주)엠엘에스,,0.0007,0.0006,0.0294,0.0105,0.0543,0.0131,0.045,0.1201,0.2194,0.0029,0.0,-0.0001,0.0288,-0.0189,0.0438,-0.0412,0.0319,0.0751,0.0993,-0.2165,53.23
1398135320,(주)티피,,,,,,,,0.0018,0.0104,0.0039,0.0039,0.0,0.0,0.0,0.0,0.0,0.0,0.0,0.0086,-0.0065,0.0,53.22
2148711029,벡스인터코퍼레이션(주),0.0028,0.0027,0.0104,0.001,0.0035,0.001,0.0012,0.0002,0.0002,0.0004,0.0007,-0.0001,0.0077,-0.0094,0.0025,-0.0025,0.0002,-0.001,0.0,0.0002,0.0003,53.21
1398118938,주식회사삼중,0.0029,0.007,0.0114,0.0139,0.0024,0.0107,0.0069,0.0165,0.0155,0.0307,0.0169,0.0041,0.0044,0.0025,-0.0115,0.0083,-0.0038,0.0096,-0.001,0.0152,-0.0138,53.21
1938100937,주식회사거성인더스,,,,,0.0021,0.0355,0.0204,0.0036,0.0096,0.0151,0.0036,0.0,0.0,0.0,0.0,0.0334,-0.0151,-0.0168,0.006,0.0055,-0.0115,53.17
2718602225,옥봉아이앤피주식회사,,,,,,,,,0.0021,0.0089,0.0059,0.0,0.0,0.0,0.0,0.0,0.0,0.0,0.0,0.0068,-0.003,53.16
1378651412,주식회사엠디에스,,,,,,,,,0.0022,0.0194,0.0064,0.0,0.0,0.0,0.0,0.0,0.0,0.0,0.0,0.0172,-0.013,53.1
1398130500,(주)멜텍,,0.0009,0.0002,0.0006,0.0012,0.0003,0.0004,0.0017,0.063,0.1204,0.0029,0.0,-0.0007,0.0004,0.0006,-0.0009,0.0001,0.0013,0.0613,0.0574,-0.1175,53.1
3128137883,정화제기주식회사,0.0058,0.0315,0.0041,0.0094,0.0055,0.0986,0.0239,0.0047,0.0023,0.0626,0.0165,0.0257,-0.0274,0.0053,-0.0039,0.0931,-0.0747,-0.0192,-0.0024,0.0603,-0.0461,53.01
1238187177,(주)바이오노트,0.0009,0.0001,0.0002,0.0005,0.0005,0.0003,0.0001,0.0001,0.0001,0.0577,0.006,-0.0008,0.0001,0.0003,0.0,-0.0002,-0.0002,0.0,0.0,0.0576,-0.0517,52.96
2138160675,(주)유케이케미팜,0.0054,0.0011,0.0034,0.0036,0.0055,0.0057,0.0048,0.0032,0.0014,0.0009,0.0026,-0.0043,0.0023,0.0002,0.0019,0.0002,-0.0009,-0.0016,-0.0018,-0.0005,0.0017,52.94
6228105648,주식회사유영,,,,0.0007,0.0006,0.0002,0.0003,0.0102,0.0518,0.0009,0.0013,0.0,0.0,0.0,-0.0001,-0.0004,0.0001,0.0099,0.0416,-0.0509,0.0004,52.92
1378152245,주식회사자연,,,,,,,0.0013,0.0197,0.0579,0.0479,0.0404,0.0,0.0,0.0,0.0,0.0,0.0,0.0184,0.0382,-0.01,-0.0075,52.77
2998601087,한국신에츠첨단재료주식회사,,,,,,,0.0003,0.001,0.0018,0.0013,0.0014,0.0,0.0,0.0,0.0,0.0,0.0,0.0007,0.0008,-0.0005,0.0001,52.76
3018182772,승현기업(주),,,,,0.0006,0.0001,0.0001,0.0003,0.0003,0.0004,0.0007,0.0,0.0,0.0,0.0,-0.0005,0.0,0.0002,0.0,0.0001,0.0003,52.74
1338123603,(주)셀트리온,0.0038,0.0029,0.0009,0.0005,0.0006,0.0002,0.0001,0.0002,0.0001,0.0003,0.0008,-0.0009,-0.002,-0.0004,0.0001,-0.0004,-0.0001,0.0001,-0.0001,0.0002,0.0005,52.7
1138106667,(주)종근당홀딩스,0.0002,0.0003,0.0002,0.0004,0.0009,0.0001,0.0003,0.0006,0.0367,0.0515,0.0031,0.0001,-0.0001,0.0002,0.0005,-0.0008,0.0002,0.0003,0.0361,0.0148,-0.0484,52.58
3868701336,피엘케이인더스트리(주),,,,,,,,,0.0006,0.0013,0.0013,0.0,0.0,0.0,0.0,0.0,0.0,0.0,0.0,0.0007,0.0,52.56
3128119129,(주)삼동산업,0.0412,0.0105,0.0033,0.0779,0.0029,0.0058,0.002,0.0113,0.0058,0.012,0.0111,-0.0307,-0.0072,0.0746,-0.075,0.0029,-0.0038,0.0093,-0.0055,0.0062,-0.0009,52.53
1648701376,자연드림솔트로드주식회사,,,,,,,,0.0057,0.0045,0.0117,0.0104,0.0,0.0,0.0,0.0,0.0,0.0,0.0,-0.0012,0.0072,-0.0013,52.5
1378643552,주식회사오에스텍,,,,,,,,0.0007,0.0018,0.0031,0.0026,0.0,0.0,0.0,0.0,0.0,0.0,0.0,0.0011,0.0013,-0.0005,52.47
6168104299,주식회사두모,,,,,,,0.0006,0.0003,0.0012,0.0531,0.0031,0.0,0.0,0.0,0.0,0.0,0.0,-0.0003,0.0009,0.0519,-0.05,52.43
1248636808,(주)이지코스텍,0.0016,0.0828,0.0032,0.0017,0.001,0.0028,0.0012,0.0018,0.0044,0.0244,0.0031,0.0812,-0.0796,-0.0015,-0.0007,0.0018,-0.0016,0.0006,0.0026,0.02,-0.0213,52.41
6178188496,에이비지노쓰아시아(주),0.0004,0.0005,0.0004,0.0005,0.0009,0.0003,0.0003,0.0005,0.0009,0.0021,0.002,0.0001,-0.0001,0.0001,0.0004,-0.0006,0.0,0.0002,0.0004,0.0012,-0.0001,52.39
1108100102,동화약품(주),0.0014,0.0048,0.0005,0.0004,0.0016,0.0005,0.0001,0.0003,0.0002,0.0001,0.0016,0.0034,-0.0043,-0.0001,0.0012,-0.0011,-0.0004,0.0002,-0.0001,-0.0001,0.0015,52.38
1298676178,(주)에스와이테크,,,,0.0005,0.0003,0.0003,0.0001,0.0009,0.0003,0.0007,0.0009,0.0,0.0,0.0,-0.0002,0.0,-0.0002,0.0008,-0.0006,0.0004,0.0002,52.31
5158113613,주식회사건백,,,0.0011,0.0394,0.0126,0.0097,0.0763,0.1415,0.0063,0.1274,0.0172,0.0,0.0,0.0383,-0.0268,-0.0029,0.0666,0.0652,-0.1352,0.1211,-0.1102,52.31
4038140947,주식회사건아,,,,,,,,,0.0015,0.0114,0.0051,0.0,0.0,0.0,0.0,0.0,0.0,0.0,0.0,0.0099,-0.0063,52.31
1248135667,대양화성주식회사,0.0006,0.003,0.0003,0.0003,0.0009,0.0006,0.0001,0.0004,0.0261,0.0011,0.0013,0.0024,-0.0027,0.0,0.0006,-0.0003,-0.0005,0.0003,0.0257,-0.025,0.0002,52.3
2038125972,(주)한국오도텍,,,,,0.0021,0.1601,0.0645,0.0214,0.1361,0.1078,0.046,0.0,0.0,0.0,0.0,0.158,-0.0956,-0.0431,0.1147,-0.0283,-0.0618,52.3
1478600491,에스케이트리켐주식회사,,,,0.0145,0.0025,0.0001,0.0001,0.0002,0.0002,0.0012,0.0012,0.0,0.0,0.0,-0.012,-0.0024,0.0,0.0001,0.0,0.001,0.0,52.09
1398115789,주식회사신진화학,0.008,0.0009,0.0034,0.0041,0.0107,0.006,0.0158,0.0226,0.002,0.0016,0.0026,-0.0071,0.0025,0.0007,0.0066,-0.0047,0.0098,0.0068,-0.0206,-0.0004,0.001,52.09
7928101505,주식회사비앤케이,,,,,,,,,0.0018,0.0014,0.0016,0.0,0.0,0.0,0.0,0.0,0.0,0.0,0.0,-0.0004,0.0002,52.03
2118695455,바이오스펙트럼(주),0.0006,0.0002,0.0015,0.0007,0.001,0.0001,0.0003,0.0004,0.0007,0.0007,0.0008,-0.0004,0.0013,-0.0008,0.0003,-0.0009,0.0002,0.0001,0.0003,0.0,0.0001,52.01
3078133513,에어리퀴드어드밴스드머티어리얼즈코리아주식회사,,0.0023,0.0003,0.0004,0.0004,0.0002,0.0002,0.0001,0.0003,0.0003,0.0007,0.0,-0.002,0.0001,0.0,-0.0002,0.0,-0.0001,0.0002,0.0,0.0004,51.98
1258618818,주식회사동인산업,,0.0013,0.0004,0.0005,0.0005,0.0068,0.03,0.194,0.002,0.0008,0.0027,0.0,-0.0009,0.0001,0.0,0.0063,0.0232,0.164,-0.192,-0.0012,0.0019,51.91
3078121360,주식회사에치엔지,0.0015,0.0013,0.0013,0.0009,0.0017,0.0003,0.0002,0.0004,0.0002,0.0003,0.0008,-0.0002,0.0,-0.0004,0.0008,-0.0014,-0.0001,0.0002,-0.0002,0.0001,0.0005,51.87
1358101186,엔티스주식회사,0.0002,0.0004,0.0002,0.0002,0.0006,0.0002,0.0002,0.0007,0.0006,0.0004,0.0016,0.0002,-0.0002,0.0,0.0004,-0.0004,0.0,0.0005,-0.0001,-0.0002,0.0012,51.78
3058191690,세원화성(주),0.0003,0.0004,0.0002,0.0002,0.0006,0.0001,0.0001,0.0003,0.0013,0.0009,0.0011,0.0001,-0.0002,0.0,0.0004,-0.0005,0.0,0.0002,0.001,-0.0004,0.0002,51.77
1318193442,(주)나투젠,0.0367,0.0866,0.0104,0.0445,0.0223,0.004,0.0007,0.0263,0.0057,0.0369,0.0145,0.0499,-0.0762,0.0341,-0.0222,-0.0183,-0.0033,0.0256,-0.0206,0.0312,-0.0224,51.76
1368117134,현대피에프산업(주),,,,,,,,,0.0013,0.0006,0.0014,0.0,0.0,0.0,0.0,0.0,0.0,0.0,0.0,-0.0007,0.0008,51.75
1358144297,(주)넥스필,0.0022,0.0064,0.0015,0.0024,0.0621,0.0029,0.0048,0.0676,0.0438,0.0041,0.0043,0.0042,-0.0049,0.0009,0.0597,-0.0592,0.0019,0.0628,-0.0238,-0.0397,0.0002,51.69
3058629022,(주)스마트코리아,,,,,,,,,0.0014,0.0044,0.0034,0.0,0.0,0.0,0.0,0.0,0.0,0.0,0.0,0.003,-0.001,51.32
1398134942,(주)양일엔프라,0.0171,0.1174,0.0135,0.0067,0.0009,0.0006,0.0003,0.0002,0.0001,0.0014,0.0014,0.1003,-0.1039,-0.0068,-0.0058,-0.0003,-0.0003,-0.0001,-0.0001,0.0013,0.0,51.18
5108136417,대아에너지주식회사,,,,,,,,0.016,0.0142,0.0029,0.0031,0.0,0.0,0.0,0.0,0.0,0.0,0.0,-0.0018,-0.0113,0.0002,51.16
4098636960,주식회사피알테크,,,,,,,,,0.0023,0.0184,0.0043,0.0,0.0,0.0,0.0,0.0,0.0,0.0,0.0,0.0161,-0.0141,51.15
1028132239,(주)아케마,0.0006,0.0007,0.0002,0.0005,0.001,0.0003,0.0005,0.0117,0.1511,0.0912,0.035,0.0001,-0.0005,0.0003,0.0005,-0.0007,0.0002,0.0112,0.1394,-0.0599,-0.0562,51.1
1148620008,코코도르(주),,,,,0.0003,0.0006,0.0006,0.003,0.0404,0.2196,0.0022,0.0,0.0,0.0,0.0,0.0003,0.0,0.0024,0.0374,0.1792,-0.2174,51.05
6218165319,주식회사세창아이.엔.디,,,0.006,0.106,,,,0.0135,0.0111,0.0278,0.0111,0.0,0.0,0.1,0.0,0.0,0.0,0.0,-0.0024,0.0167,-0.0167,51.05
3878602398,주식회사한국씨앤비,,,,,,,,,0.0021,0.0029,0.0027,0.0,0.0,0.0,0.0,0.0,0.0,0.0,0.0,0.0008,-0.0002,51.04
1368123922,와토스코리아(주),0.0003,0.0004,0.0001,0.0002,0.0004,0.002,0.0103,0.0202,0.0151,0.0247,0.0116,0.0001,-0.0003,0.0001,0.0002,0.0016,0.0083,0.0099,-0.0051,0.0096,-0.0131,50.99
1928600453,(주)바이오프랜즈,,,,,,,,0.0167,0.2866,0.0939,0.0364,0.0,0.0,0.0,0.0,0.0,0.0,0.0,0.2699,-0.1927,-0.0575,50.97
1058191197,우양비티씨(주),,,,,,,,,0.0031,0.0012,0.0015,0.0,0.0,0.0,0.0,0.0,0.0,0.0,0.0,-0.0019,0.0003,50.97
1258619796,주식회사남양씨피엠,,,,,,,,,0.0018,0.0283,0.0041,0.0,0.0,0.0,0.0,0.0,0.0,0.0,0.0,0.0265,-0.0242,50.97
1348740418,주식회사비엘씨,,,,,,,,,0.0074,0.0087,0.0045,0.0,0.0,0.0,0.0,0.0,0.0,0.0,0.0,0.0013,-0.0042,50.88
1248651056,우리정공(주),,,,,,,,,0.002,0.0048,0.0034,0.0,0.0,0.0,0.0,0.0,0.0,0.0,0.0,0.0028,-0.0014,50.86
6068103745,삼보정밀화학공업주식회사,0.0001,0.0002,0.0001,0.0001,0.0005,0.0002,0.0002,0.0003,0.0007,0.0004,0.0009,0.0001,-0.0001,0.0,0.0004,-0.0003,0.0,0.0001,0.0004,-0.0003,0.0005,50.85
6108105801,동해가스산업주식회사,0.0003,0.0002,0.0003,0.0116,0.1002,0.0324,0.0032,0.0008,0.0046,0.0006,0.001,-0.0001,0.0001,0.0113,0.0886,-0.0678,-0.0292,-0.0024,0.0038,-0.004,0.0004,50.82
3018147682,주식회사모젤디앤에스,,,,,0.0011,0.0004,0.0001,0.0002,0.0014,0.0008,0.001,0.0,0.0,0.0,0.0,-0.0007,-0.0003,0.0001,0.0012,-0.0006,0.0002,50.8
5048125064,삼보프라텍주식회사,0.1286,0.0478,0.0047,0.0108,0.0109,0.0029,0.0007,0.0018,0.0006,0.0008,0.0009,-0.0808,-0.0431,0.0061,0.0001,-0.008,-0.0022,0.0011,-0.0012,0.0002,0.0001,50.8
6218102672,주식회사디비켐,,,,0.0035,0.03,0.0035,0.0007,0.023,0.0011,0.0019,0.0019,0.0,0.0,0.0,0.0265,-0.0265,-0.0028,0.0223,-0.0219,0.0008,0.0,50.74
1358185115,제이씨케미칼(주),0.0253,0.0032,0.0009,0.0034,0.0028,0.0016,0.0009,0.0011,0.0007,0.0004,0.0016,-0.0221,-0.0023,0.0025,-0.0006,-0.0012,-0.0007,0.0002,-0.0004,-0.0003,0.0012,50.67
1408166385,(주)한신체인,0.0005,0.0007,0.0006,0.0004,0.0008,0.0001,0.0002,0.0003,0.0001,0.0002,0.0007,0.0002,-0.0001,-0.0002,0.0004,-0.0007,0.0001,0.0001,-0.0002,0.0001,0.0005,50.65
1248174845,고광산업(주),,,0.0039,0.0033,0.0011,0.0357,0.0062,0.0024,0.0037,0.0025,0.0025,0.0,0.0,-0.0006,-0.0022,0.0346,-0.0295,-0.0038,0.0013,-0.0012,0.0,50.62
5138105475,이코넥스주식회사,0.0001,0.0003,0.0002,0.0004,0.0008,0.0002,0.0002,0.0003,0.0013,0.0003,0.0009,0.0002,-0.0001,0.0002,0.0004,-0.0006,0.0,0.0001,0.001,-0.001,0.0006,50.55
1138152458,다우실란트산업(주),0.0003,0.0014,0.0004,0.0006,0.0038,0.0007,0.0002,0.0007,0.0295,0.0007,0.001,0.0011,-0.001,0.0002,0.0032,-0.0031,-0.0005,0.0005,0.0288,-0.0288,0.0003,50.53
1378177265,주식회사탑크린,,0.0019,0.0184,0.0236,0.002,0.0054,0.001,0.0332,0.0021,0.0005,0.0022,0.0,0.0165,0.0052,-0.0216,0.0034,-0.0044,0.0322,-0.0311,-0.0016,0.0017,50.41
1318617963,엘에스화장품,,0.001,0.0007,0.0023,0.0017,0.0048,0.001,0.0009,0.0026,0.0192,0.0024,0.0,-0.0003,0.0016,-0.0006,0.0031,-0.0038,-0.0001,0.0017,0.0166,-0.0168,50.39
1348106193,(주)피.와이.씨,0.0037,0.0458,0.0108,0.0052,0.0025,0.0413,0.0023,0.005,0.0046,0.0079,0.0061,0.0421,-0.035,-0.0056,-0.0027,0.0388,-0.039,0.0027,-0.0004,0.0033,-0.0018,50.29
6848801858,건일바이오팜주식회사,,,,,,,,,0.0025,0.0001,0.0012,0.0,0.0,0.0,0.0,0.0,0.0,0.0,0.0,-0.0024,0.0011,50.27
5158143252,(주)영동테크,,,,,,,,,0.0016,0.0045,0.0031,0.0,0.0,0.0,0.0,0.0,0.0,0.0,0.0,0.0029,-0.0014,50.27
1338123466,태광정밀화학(주),0.0003,0.0004,0.0004,0.001,0.0044,0.0259,0.0003,0.0004,0.0003,0.0003,0.0009,0.0001,0.0,0.0006,0.0034,0.0215,-0.0256,0.0001,-0.0001,0.0,0.0006,50.26
5028146888,선경화학주식회사,0.0004,0.0003,0.002,0.0701,0.0014,0.0007,0.0004,0.0007,0.0192,0.1315,0.002,-0.0001,0.0017,0.0681,-0.0687,-0.0007,-0.0003,0.0003,0.0185,0.1123,-0.1295,50.07
1428110233,(주)에스비신소재,,,,,,,,,0.0048,0.0816,0.0032,0.0,0.0,0.0,0.0,0.0,0.0,0.0,0.0,0.0768,-0.0784,50.07
1078187457,주식회사엠엔비그린어스,0.0125,0.0092,0.0013,0.0024,0.008,0.0014,0.0018,0.0177,0.0031,0.167,0.0084,-0.0033,-0.0079,0.0011,0.0056,-0.0066,0.0004,0.0159,-0.0146,0.1639,-0.1586,50.02
1718100621,주식회사씨엠디엘,,,,,,0.0006,0.0001,0.0003,0.0004,0.0003,0.0008,0.0,0.0,0.0,0.0,0.0,-0.0005,0.0002,0.0001,-0.0001,0.0005,49.99
7198800378,피앤씨(주),,,,,,,,,0.0021,0.0413,0.0032,0.0,0.0,0.0,0.0,0.0,0.0,0.0,0.0,0.0392,-0.0381,49.9
5108112282,(주)모아,0.0227,,,,,,,0.0007,0.0002,0.0005,0.0007,0.0,0.0,0.0,0.0,0.0,0.0,0.0,-0.0005,0.0003,0.0002,49.87
1168135007,디엘(주),0.1579,0.0019,0.0011,0.0006,0.0034,0.0005,0.0076,0.0049,0.002,0.0219,0.0077,-0.156,-0.0008,-0.0005,0.0028,-0.0029,0.0071,-0.0027,-0.0029,0.0199,-0.0142,49.84
1368100763,주식회사서일,0.0004,0.0005,0.0001,0.0001,0.0009,0.0005,0.0005,0.0016,0.0001,0.0001,0.001,0.0001,-0.0004,0.0,0.0008,-0.0004,0.0,0.0011,-0.0015,0.0,0.0009,49.84
1338134551,(주)비지에프에코머티리얼즈,0.0001,0.0002,0.0002,0.0004,0.003,0.0003,0.0002,0.001,0.0024,0.0033,0.0021,0.0001,0.0,0.0002,0.0026,-0.0027,-0.0001,0.0008,0.0014,0.0009,-0.0012,49.8
1358111291,(주)영일폴리에스터,0.0014,0.0027,0.0021,0.0028,0.0056,0.0007,0.0009,0.0247,0.0224,0.0005,0.0021,0.0013,-0.0006,0.0007,0.0028,-0.0049,0.0002,0.0238,-0.0023,-0.0219,0.0016,49.78
6108171766,수성에스피시티주식회사,0.0095,,,,,,,,0.0003,0.0003,0.0007,0.0,0.0,0.0,0.0,0.0,0.0,0.0,0.0,0.0,0.0004,49.72
1378188665,(주)인천화학,,,,,,,0.0003,0.0002,0.0011,0.0029,0.0019,0.0,0.0,0.0,0.0,0.0,0.0,-0.0001,0.0009,0.0018,-0.001,49.69
3018149638,(주)이지켐,0.0014,0.0014,0.0018,0.0013,0.0011,0.0008,0.0003,0.0029,0.0104,0.0326,0.0021,0.0,0.0004,-0.0005,-0.0002,-0.0003,-0.0005,0.0026,0.0075,0.0222,-0.0305,49.68
2068652740,데이셀코스메틱주식회사,,,,,,,,,0.0014,0.0052,0.0029,0.0,0.0,0.0,0.0,0.0,0.0,0.0,0.0,0.0038,-0.0023,49.67
1308128972,동인화학(주),,,,,0.0026,0.0029,,,,,0.0016,0.0,0.0,0.0,0.0,0.0003,0.0,0.0,0.0,0.0,0.0,49.61
4038107268,원광제약(주),,,,,,,0.0005,0.0013,0.0238,0.0704,0.0019,0.0,0.0,0.0,0.0,0.0,0.0,0.0008,0.0225,0.0466,-0.0685,49.6
3148183059,주식회사엠엘텍,0.0002,0.0004,0.0001,0.0002,0.0006,0.0001,0.0002,0.0002,0.0007,0.0008,0.0008,0.0002,-0.0003,0.0001,0.0004,-0.0005,0.0001,0.0,0.0005,0.0001,0.0,49.58
1248132675,주식회사코모스,0.0016,0.016,0.0038,0.0113,0.0016,0.0047,0.0094,0.0037,0.0019,0.001,0.0018,0.0144,-0.0122,0.0075,-0.0097,0.0031,0.0047,-0.0057,-0.0018,-0.0009,0.0008,49.57
6068165775,(주)화진,0.0002,0.0007,0.0008,0.0008,0.0008,0.0004,0.0004,0.0006,0.0001,0.0006,0.0007,0.0005,0.0001,0.0,0.0,-0.0004,0.0,0.0002,-0.0005,0.0005,0.0001,49.55
2248103242,대한화인세라믹(주),0.0001,0.0002,0.0002,0.0053,0.0021,0.0005,0.0002,0.0002,0.0007,0.0005,0.0008,0.0001,0.0,0.0051,-0.0032,-0.0016,-0.0003,0.0,0.0005,-0.0002,0.0003,49.53
1178137309,(주)삼진플랜텍,0.0013,0.0006,0.0003,0.0002,0.062,0.0015,0.0479,0.0015,0.0004,0.0003,0.0014,-0.0007,-0.0003,-0.0001,0.0618,-0.0605,0.0464,-0.0464,-0.0011,-0.0001,0.0011,49.49
2118688181,(주)유연에이에프,,,,,,0.0012,0.0008,,0.0009,0.001,0.001,0.0,0.0,0.0,0.0,0.0,-0.0004,0.0,0.0,0.0001,0.0,49.11
1308150208,주식회사제이피씨오토모티브,0.0005,0.0008,0.0006,0.0013,0.0029,0.0044,0.0015,0.0318,0.0504,0.026,0.0187,0.0003,-0.0002,0.0007,0.0016,0.0015,-0.0029,0.0303,0.0186,-0.0244,-0.0073,49.1
1268130203,(주)서원케미칼,,,,,0.0007,0.0029,0.0005,0.0008,0.0004,0.0006,0.0007,0.0,0.0,0.0,0.0,0.0022,-0.0024,0.0003,-0.0004,0.0002,0.0001,49.09
1658802787,디알비오토모티브주식회사,,,,,,,,,0.0013,0.0009,0.0011,0.0,0.0,0.0,0.0,0.0,0.0,0.0,0.0,-0.0004,0.0002,49.03
1098604229,(주)네오스엠,,,,,,,,,0.0012,0.0002,0.001,0.0,0.0,0.0,0.0,0.0,0.0,0.0,0.0,-0.001,0.0008,48.94
1248177594,(주)다림바이오텍,0.0004,0.0003,0.0002,0.0005,0.0023,0.0003,0.0007,0.0016,0.0003,0.0002,0.0013,-0.0001,-0.0001,0.0003,0.0018,-0.002,0.0004,0.0009,-0.0013,-0.0001,0.0011,48.93
1348707893,주식회사경기산업,,,,,,,0.0005,0.0035,0.0012,0.0011,0.0015,0.0,0.0,0.0,0.0,0.0,0.0,0.003,-0.0023,-0.0001,0.0004,48.82
1248686685,(주)모드온,,,0.0008,0.0009,0.0004,0.0004,0.0003,0.0004,0.0001,0.0002,0.0006,0.0,0.0,0.0001,-0.0005,0.0,-0.0001,0.0001,-0.0003,0.0001,0.0004,48.77
1358105692,(주)새한수지,,0.0012,0.0002,0.0011,0.0052,0.0007,0.0003,0.0022,0.0026,0.0002,0.0008,0.0,-0.001,0.0009,0.0041,-0.0045,-0.0004,0.0019,0.0004,-0.0024,0.0006,48.75
1308160652,영광정공주식회사,0.0082,0.0059,0.0024,0.1666,0.0096,0.013,0.0024,0.0296,0.0117,0.0118,0.0101,-0.0023,-0.0035,0.1642,-0.157,0.0034,-0.0106,0.0272,-0.0179,0.0001,-0.0017,48.75
5108129478,(주)신원플라텍,,,,,,0.0013,0.0005,0.0006,0.0006,0.0158,0.0027,0.0,0.0,0.0,0.0,0.0,-0.0008,0.0001,0.0,0.0152,-0.0131,48.65
1228117945,(주)동남합성,0.0003,0.0014,0.0003,0.003,0.0052,0.0003,0.0014,0.0004,0.0003,0.0005,0.0006,0.0011,-0.0011,0.0027,0.0022,-0.0049,0.0011,-0.001,-0.0001,0.0002,0.0001,48.61
1248105237,유진화학(주),0.0273,0.0013,0.0009,0.0009,0.0007,0.0007,0.0003,0.0002,0.0004,0.0002,0.0007,-0.026,-0.0004,0.0,-0.0002,0.0,-0.0004,-0.0001,0.0002,-0.0002,0.0005,48.49
3208700322,(주)뉴겐코스메틱,,,,,,,0.0006,0.0029,0.0015,0.0007,0.0015,0.0,0.0,0.0,0.0,0.0,0.0,0.0023,-0.0014,-0.0008,0.0008,48.41
4168160804,(주)지본,0.0636,0.03,0.0016,0.0031,0.0015,0.0255,0.0589,0.0426,0.21,0.0546,0.0184,-0.0336,-0.0284,0.0015,-0.0016,0.024,0.0334,-0.0163,0.1674,-0.1554,-0.0362,48.41
6208102650,(주)세림,,,,,,,,0.0073,0.0318,0.0233,0.0148,0.0,0.0,0.0,0.0,0.0,0.0,0.0,0.0245,-0.0085,-0.0085,48.37
2608700340,(주)메디라인액티브코리아,,,,,,0.0005,0.0004,0.0004,0.0015,0.0055,0.0017,0.0,0.0,0.0,0.0,0.0,-0.0001,0.0,0.0011,0.004,-0.0038,48.33
1138108888,광동제약(주),0.0002,0.0004,0.0003,0.0005,0.002,0.0005,0.0004,0.0006,0.0003,0.0003,0.0008,0.0002,-0.0001,0.0002,0.0015,-0.0015,-0.0001,0.0002,-0.0003,0.0,0.0005,48.29
1778602660,주식회사김제이피에스,,,,,,,,,0.0086,0.3319,0.0025,0.0,0.0,0.0,0.0,0.0,0.0,0.0,0.0,0.3233,-0.3294,48.21
2158121950,알보젠코리아(주),,,,,,0.0015,0.0007,0.0013,0.0005,0.0006,0.0007,0.0,0.0,0.0,0.0,0.0,-0.0008,0.0006,-0.0008,0.0001,0.0001,48.16
1858102481,주식회사엘지에이치와이비씨엠,,,,,,,,,0.0223,0.2899,0.0025,0.0,0.0,0.0,0.0,0.0,0.0,0.0,0.0,0.2676,-0.2874,48.16
3018187651,(주)썬화인글로벌,,,0.0012,0.0019,0.005,0.0012,0.0073,0.0342,0.0062,0.0064,0.0059,0.0,0.0,0.0007,0.0031,-0.0038,0.0061,0.0269,-0.028,0.0002,-0.0005,48.15
4178104620,창신화학(주),0.0414,0.0235,0.0124,0.1511,0.0936,0.0028,0.0006,0.0005,0.0004,0.0005,0.0006,-0.0179,-0.0111,0.1387,-0.0575,-0.0908,-0.0022,-0.0001,-0.0001,0.0001,0.0001,48.14
2208160561,(주)리뉴시스템,0.0022,0.0006,0.0003,0.0003,0.0013,0.0002,0.0005,0.0047,0.0085,0.0223,0.0017,-0.0016,-0.0003,0.0,0.001,-0.0011,0.0003,0.0042,0.0038,0.0138,-0.0206,48.13
1308185819,(주)아이엔피,,,0.0005,0.0002,0.0003,0.0001,0.0002,0.0064,0.1171,0.0693,0.0168,0.0,0.0,-0.0003,0.0001,-0.0002,0.0001,0.0062,0.1107,-0.0478,-0.0525,48.11
6158615482,영우산업(주),,,,,,,,0.0013,0.0013,0.0049,0.0024,0.0,0.0,0.0,0.0,0.0,0.0,0.0,0.0,0.0036,-0.0025,48.06
1308662316,주식회사청진,,0.0013,0.0009,0.0039,0.0028,0.0016,0.0003,0.0005,0.0007,0.002,0.0015,0.0,-0.0004,0.003,-0.0011,-0.0012,-0.0013,0.0002,0.0002,0.0013,-0.0005,48.05
1388190539,(주)엠뷰티코스메틱,,,,,,,,0.0004,0.0007,0.0004,0.0007,0.0,0.0,0.0,0.0,0.0,0.0,0.0,0.0003,-0.0003,0.0003,47.91
5238701240,주식회사한성이에스,,,,,,,,,0.0012,0.0065,0.0024,0.0,0.0,0.0,0.0,0.0,0.0,0.0,0.0,0.0053,-0.0041,47.89
1288124750,(주)지원,,,,0.0006,0.0007,0.0001,0.0001,0.0002,0.0001,0.0001,0.0007,0.0,0.0,0.0,0.0001,-0.0006,0.0,0.0001,-0.0001,0.0,0.0006,47.89
5028131522,(주)엔티지코리아,,0.0059,0.0171,0.023,0.005,0.0256,0.0033,0.0078,0.0059,0.018,0.005,0.0,0.0112,0.0059,-0.018,0.0206,-0.0223,0.0045,-0.0019,0.0121,-0.013,47.83
1198118313,주식회사삼미,,,,0.0042,0.0564,0.051,0.0101,0.0135,0.0036,0.0106,0.0051,0.0,0.0,0.0,0.0522,-0.0054,-0.0409,0.0034,-0.0099,0.007,-0.0055,47.75
2208109943,상경물산주식회사,0.0005,0.0041,0.0009,0.001,0.008,0.0143,0.0446,0.0017,0.0423,0.0265,0.0132,0.0036,-0.0032,0.0001,0.007,0.0063,0.0303,-0.0429,0.0406,-0.0158,-0.0133,47.75
1358104771,한화제약주식회사,0.0166,0.0075,0.0019,0.0025,0.0015,0.0032,0.0026,0.0099,0.0035,0.0185,0.0052,-0.0091,-0.0056,0.0006,-0.001,0.0017,-0.0006,0.0073,-0.0064,0.015,-0.0133,47.71
2018614950,(주)투쿨포스쿨,0.0054,,0.0009,0.0021,0.0073,0.0014,0.0003,0.0003,0.0254,0.0596,0.0015,0.0,0.0,0.0012,0.0052,-0.0059,-0.0011,0.0,0.0251,0.0342,-0.0581,47.67
1248670596,주식회사이원그린텍,,,0.0005,0.0002,0.0005,0.0005,0.0001,0.0001,0.0001,0.0078,0.0023,0.0,0.0,-0.0003,0.0003,0.0,-0.0004,0.0,0.0,0.0077,-0.0055,47.61
1348126904,엔피씨(주),0.0014,0.0009,0.0004,0.0006,0.0009,0.0002,0.0001,0.0004,0.0004,0.0002,0.0008,-0.0005,-0.0005,0.0002,0.0003,-0.0007,-0.0001,0.0003,0.0,-0.0002,0.0006,47.6
4788700387,주식회사제이오알알앤디,,,,,0.0004,0.0001,0.0018,0.0006,0.0007,0.0023,0.0015,0.0,0.0,0.0,0.0,-0.0003,0.0017,-0.0012,0.0001,0.0016,-0.0008,47.54
1298147173,아로마라인(주),,,,,,,,0.0018,0.0006,0.0003,0.0012,0.0,0.0,0.0,0.0,0.0,0.0,0.0,-0.0012,-0.0003,0.0009,47.5
1348169747,청우화학(주),,,,,,0.0008,0.0002,0.0003,0.0013,0.0029,0.0015,0.0,0.0,0.0,0.0,0.0,-0.0006,0.0001,0.001,0.0016,-0.0014,47.46
3128117816,주식회사디와이엠솔루션,0.001,0.0005,0.0003,0.0216,0.0061,0.0004,0.0004,0.0005,0.0005,0.0003,0.0008,-0.0005,-0.0002,0.0213,-0.0155,-0.0057,0.0,0.0001,0.0,-0.0002,0.0005,47.45
1348141638,인성피앤씨(주),0.005,0.0036,0.0011,0.014,0.0246,0.0623,0.001,0.0034,0.002,0.0079,0.004,-0.0014,-0.0025,0.0129,0.0106,0.0377,-0.0613,0.0024,-0.0014,0.0059,-0.0039,47.38
6218109170,(주)영케미칼,0.0001,0.0003,0.0002,0.0004,0.0007,0.0001,0.0001,0.0004,0.0002,0.0002,0.0007,0.0002,-0.0001,0.0002,0.0003,-0.0006,0.0,0.0003,-0.0002,0.0,0.0005,47.38
1338142594,주식회사에스엔,0.0013,0.0349,0.034,0.0021,0.0014,0.0012,0.0008,0.0015,0.0008,0.0008,0.0009,0.0336,-0.0009,-0.0319,-0.0007,-0.0002,-0.0004,0.0007,-0.0007,0.0,0.0001,47.34
1338117964,(주)밴드골드,,,,0.0028,0.0045,0.0095,0.0016,0.0036,0.0018,0.0044,0.0034,0.0,0.0,0.0,0.0017,0.005,-0.0079,0.002,-0.0018,0.0026,-0.001,47.28
1348159138,(주)드림켐,0.001,0.0009,0.0008,0.0013,0.0006,0.004,0.0008,0.0026,0.0312,0.0206,0.0111,-0.0001,-0.0001,0.0005,-0.0007,0.0034,-0.0032,0.0018,0.0286,-0.0106,-0.0095,47.28
6158122275,(주)세계산업,,,0.0017,0.0076,0.0012,0.0027,0.0273,0.01,0.0048,0.0105,0.0046,0.0,0.0,0.0059,-0.0064,0.0015,0.0246,-0.0173,-0.0052,0.0057,-0.0059,47.26
1348147141,주식회사미유테크,,,,,,0.0041,0.0058,0.005,0.0349,0.0129,0.0093,0.0,0.0,0.0,0.0,0.0,0.0017,-0.0008,0.0299,-0.022,-0.0036,47.22
3148162205,(주)미라이후손관거,0.0013,0.0022,0.0029,0.0815,0.1201,0.0189,0.0842,0.1068,0.0068,0.013,0.0054,0.0009,0.0007,0.0786,0.0386,-0.1012,0.0653,0.0226,-0.1,0.0062,-0.0076,47.18
2298132970,주식회사한석시스템,,0.0003,0.0002,0.0007,0.0006,0.0001,0.0001,0.0002,0.0009,0.0006,0.0007,0.0,-0.0001,0.0005,-0.0001,-0.0005,0.0,0.0001,0.0007,-0.0003,0.0001,47.14
4108103348,주식회사무등,0.1176,0.006,0.0008,0.0003,0.0014,0.0002,0.0001,0.0002,0.0009,0.0006,0.0007,-0.1116,-0.0052,-0.0005,0.0011,-0.0012,-0.0001,0.0001,0.0007,-0.0003,0.0001,47.14
7198100253,주식회사대진글로벌,,,,,,,,0.0005,0.0002,0.0002,0.0007,0.0,0.0,0.0,0.0,0.0,0.0,0.0,-0.0003,0.0,0.0005,47.07
2268132030,(주)삐아,,,,0.0005,0.0003,0.0005,0.0056,0.0002,0.0001,0.0002,0.0005,0.0,0.0,0.0,-0.0002,0.0002,0.0051,-0.0054,-0.0001,0.0001,0.0003,47.06
6108604700,미원화학(주),0.0002,0.0002,0.0001,0.0002,0.0005,0.0001,0.0001,0.0003,0.0004,0.0004,0.0005,0.0,-0.0001,0.0001,0.0003,-0.0004,0.0,0.0002,0.0001,0.0,0.0001,47.05
1438119635,코스맥스(주),0.0021,0.0016,0.0009,0.0018,0.0014,0.0019,0.0092,0.004,0.0036,0.0009,0.0013,-0.0005,-0.0007,0.0009,-0.0004,0.0005,0.0073,-0.0052,-0.0004,-0.0027,0.0004,47.02
1348168414,(주)파인켐텍,,0.0018,0.0013,0.0039,0.0108,0.0048,0.0012,0.0133,0.0263,0.0135,0.0094,0.0,-0.0005,0.0026,0.0069,-0.006,-0.0036,0.0121,0.013,-0.0128,-0.0041,47.0
1358157185,진영공업(주),0.0005,0.0048,0.0005,0.0003,0.0014,0.0002,0.0002,0.0006,0.0446,0.0087,0.0073,0.0043,-0.0043,-0.0002,0.0011,-0.0012,0.0,0.0004,0.044,-0.0359,-0.0014,46.94
4108184735,지피에스코리아주식회사,0.0005,0.0018,0.0007,0.0008,0.0039,0.0008,0.0003,0.0022,0.0033,0.0088,0.0015,0.0013,-0.0011,0.0001,0.0031,-0.0031,-0.0005,0.0019,0.0011,0.0055,-0.0073,46.94
3038113946,(주)오성프라스틱,0.0035,0.0034,0.0048,0.0049,0.0087,0.0015,0.0013,0.0774,0.003,0.0082,0.0045,-0.0001,0.0014,0.0001,0.0038,-0.0072,-0.0002,0.0761,-0.0744,0.0052,-0.0037,46.87
6218104063,욱성화학주식회사,0.0251,0.2397,0.0307,0.0078,0.0132,0.1277,0.0359,0.0208,0.0603,0.0475,0.0115,0.2146,-0.209,-0.0229,0.0054,0.1145,-0.0918,-0.0151,0.0395,-0.0128,-0.036,46.87
4598802246,에스케이스페셜티주식회사,,,,,,,,0.0026,0.0025,0.001,0.0012,0.0,0.0,0.0,0.0,0.0,0.0,0.0,-0.0001,-0.0015,0.0002,46.82
1248640559,이노레스주식회사,,,,0.0004,0.0006,0.0001,0.0001,0.0002,0.0005,0.0004,0.0006,0.0,0.0,0.0,0.0002,-0.0005,0.0,0.0001,0.0003,-0.0001,0.0002,46.82
3078119772,케이넷(주),0.0207,0.0048,0.0022,0.0636,0.1013,0.0034,0.0005,0.0003,0.0004,0.0002,0.0006,-0.0159,-0.0026,0.0614,0.0377,-0.0979,-0.0029,-0.0002,0.0001,-0.0002,0.0004,46.77
6158111180,중일유화(주),,,,,0.0022,0.0013,0.0025,0.0022,0.01,0.0083,0.0066,0.0,0.0,0.0,0.0,-0.0009,0.0012,-0.0003,0.0078,-0.0017,-0.0017,46.76
6108112786,고도화학(주),,,,,0.0018,0.0006,0.0004,0.0011,0.0008,0.001,0.001,0.0,0.0,0.0,0.0,-0.0012,-0.0002,0.0007,-0.0003,0.0002,0.0,46.72
3118125841,주식회사농생우창,,,,,0.0014,0.001,0.0003,0.0006,0.0003,0.004,0.0027,0.0,0.0,0.0,0.0,-0.0004,-0.0007,0.0003,-0.0003,0.0037,-0.0013,46.72
6228106443,에스와이동아(주),0.0001,0.0004,0.0004,0.0011,0.0027,0.0007,0.0013,0.0007,0.0004,0.0004,0.0007,0.0003,0.0,0.0007,0.0016,-0.002,0.0006,-0.0006,-0.0003,0.0,0.0003,46.6
1248693740,(주)에스와이폴리텍,,,,,,,,0.0096,0.0101,0.0088,0.0071,0.0,0.0,0.0,0.0,0.0,0.0,0.0,0.0005,-0.0013,-0.0017,46.59
1348658546,(주)케이아이비,0.0066,0.0047,0.001,0.0014,0.0006,0.0014,0.0008,0.0042,0.0558,0.0546,0.0082,-0.0019,-0.0037,0.0004,-0.0008,0.0008,-0.0006,0.0034,0.0516,-0.0012,-0.0464,46.57
4128122303,디에스주식회사,0.0007,0.0035,0.0016,0.004,0.0067,0.0103,0.0031,0.0209,0.0282,0.0206,0.0101,0.0028,-0.0019,0.0024,0.0027,0.0036,-0.0072,0.0178,0.0073,-0.0076,-0.0105,46.54
6108187803,에스케이머티리얼즈에어플러스주식회사,0.0048,0.0039,0.002,0.0116,0.0109,0.0123,0.0081,0.0195,0.0077,0.0128,0.0044,-0.0009,-0.0019,0.0096,-0.0007,0.0014,-0.0042,0.0114,-0.0118,0.0051,-0.0084,46.49
1248707538,에리슨제약(주),,,,,,,0.0004,0.0001,0.0001,0.0002,0.0004,0.0,0.0,0.0,0.0,0.0,0.0,-0.0003,0.0,0.0001,0.0002,46.49
1388117713,(주)한일하이테크,0.0082,0.0003,0.0002,0.0004,0.0017,0.0005,0.003,0.0004,0.0009,0.0013,0.0011,-0.0079,-0.0001,0.0002,0.0013,-0.0012,0.0025,-0.0026,0.0005,0.0004,-0.0002,46.45
1248179480,주식회사알킨스,0.0001,0.0004,0.0002,0.0002,0.0008,0.0001,0.0001,0.0002,0.0001,0.0043,0.0025,0.0003,-0.0002,0.0,0.0006,-0.0007,0.0,0.0001,-0.0001,0.0042,-0.0018,46.42
5138143391,(주)금성지앤씨,,0.0032,0.0034,0.0027,0.0016,0.0025,0.0008,0.0044,0.0128,0.009,0.0068,0.0,0.0002,-0.0007,-0.0011,0.0009,-0.0017,0.0036,0.0084,-0.0038,-0.0022,46.41
1248141820,영진공업(주),0.0048,0.0022,0.0006,0.0004,0.002,0.0008,0.0018,0.0004,0.0002,0.0003,0.0005,-0.0026,-0.0016,-0.0002,0.0016,-0.0012,0.001,-0.0014,-0.0002,0.0001,0.0002,46.31
1368116076,(주)트러스,0.0001,0.0003,0.0001,0.0002,0.0007,0.0001,0.0001,0.0002,0.0011,0.0003,0.0006,0.0002,-0.0002,0.0001,0.0005,-0.0006,0.0,0.0001,0.0009,-0.0008,0.0003,46.3
5148116956,일신프라스틱(주),,0.0039,0.0014,0.0498,0.0023,0.0041,0.003,0.0171,0.0048,0.0091,0.004,0.0,-0.0025,0.0484,-0.0475,0.0018,-0.0011,0.0141,-0.0123,0.0043,-0.0051,46.29
1318639894,(주)신한씨엠,,,,,,,0.0002,0.0003,0.0007,0.0004,0.0006,0.0,0.0,0.0,0.0,0.0,0.0,0.0001,0.0004,-0.0003,0.0002,46.27
1348116221,한국유씨비제약주식회사,0.0009,0.0003,0.0003,0.0009,0.0017,0.0004,0.0004,0.0004,0.0021,0.0023,0.0014,-0.0006,0.0,0.0006,0.0008,-0.0013,0.0,0.0,0.0017,0.0002,-0.0009,46.27
2308800915,주식회사화승케미칼,,,,,0.0007,0.0001,0.0004,0.0009,0.004,0.0296,0.0013,0.0,0.0,0.0,0.0,-0.0006,0.0003,0.0005,0.0031,0.0256,-0.0283,46.26
3078117018,주식회사코스모텍,0.0002,0.0004,0.0001,0.0002,0.0004,0.0001,0.0001,0.0002,0.0008,0.0004,0.0006,0.0002,-0.0003,0.0001,0.0002,-0.0003,0.0,0.0001,0.0006,-0.0004,0.0002,46.21
1248177935,(주)대흥엔지니어링,,,,,,,,0.0058,0.0425,0.0119,0.0075,0.0,0.0,0.0,0.0,0.0,0.0,0.0,0.0367,-0.0306,-0.0044,46.19
1258618593,(주)블루켐,,,,,,,,,0.0004,0.0001,0.0007,0.0,0.0,0.0,0.0,0.0,0.0,0.0,0.0,-0.0003,0.0006,46.16
1188104188,안국약품(주),0.0023,0.0005,0.0006,0.0015,0.0021,0.0022,0.0682,0.0281,0.0006,0.0023,0.0022,-0.0018,0.0001,0.0009,0.0006,0.0001,0.066,-0.0401,-0.0275,0.0017,-0.0001,46.13
1378102634,신우화학공업(주),0.0011,0.0047,0.0015,0.0035,0.0006,0.0007,0.0002,0.0006,0.0001,0.0003,0.0005,0.0036,-0.0032,0.002,-0.0029,0.0001,-0.0005,0.0004,-0.0005,0.0002,0.0002,46.1
1308617956,주식회사신성실리콘,,,,,,,,,0.0014,0.0017,0.0015,0.0,0.0,0.0,0.0,0.0,0.0,0.0,0.0,0.0003,-0.0002,46.08
1348120822,주식회사선영,0.036,0.0096,0.0032,0.0095,0.0076,0.0031,0.0034,0.0076,0.1019,0.0145,0.0077,-0.0264,-0.0064,0.0063,-0.0019,-0.0045,0.0003,0.0042,0.0943,-0.0874,-0.0068,46.02
1438104296,(주)이노스팩,,,,,,,0.0004,0.0019,0.0011,0.0034,0.0026,0.0,0.0,0.0,0.0,0.0,0.0,0.0015,-0.0008,0.0023,-0.0008,46.01
3188107183,주식회사켐이,,,,,,,0.0048,0.3401,0.0009,0.0024,0.0023,0.0,0.0,0.0,0.0,0.0,0.0,0.3353,-0.3392,0.0015,-0.0001,46.01
6228115919,화인케미칼(주),0.0025,0.0021,0.001,0.0016,0.0031,0.0028,0.0006,0.0005,0.0002,0.0003,0.0005,-0.0004,-0.0011,0.0006,0.0015,-0.0003,-0.0022,-0.0001,-0.0003,0.0001,0.0002,46.0
6218129837,경성화학공업(주),,,,,,,,0.002,0.0004,0.0002,0.001,0.0,0.0,0.0,0.0,0.0,0.0,0.0,-0.0016,-0.0002,0.0008,45.99
6088151092,(주)포에스텍,0.0002,0.0004,0.0002,0.0007,0.0015,0.0004,0.0003,0.0002,0.0002,0.0002,0.0005,0.0002,-0.0002,0.0005,0.0008,-0.0011,-0.0001,-0.0001,0.0,0.0,0.0003,45.98
1308101861,(주)포나후렉스,0.0026,0.0015,0.0009,0.0004,0.0121,0.0624,0.0391,0.0272,0.0015,0.0013,0.0014,-0.0011,-0.0006,-0.0005,0.0117,0.0503,-0.0233,-0.0119,-0.0257,-0.0002,0.0001,45.95
6218111356,츄고쿠삼화페인트주식회사,0.0007,0.0005,0.0005,0.0095,0.0229,0.0243,0.0004,0.0348,0.1821,0.0003,0.0006,-0.0002,0.0,0.009,0.0134,0.0014,-0.0239,0.0344,0.1473,-0.1818,0.0003,45.93
1128143179,(주)다미화학,0.0042,0.0029,0.0098,0.0045,0.0007,0.0023,0.0005,0.0014,0.0207,0.0184,0.0069,-0.0013,0.0069,-0.0053,-0.0038,0.0016,-0.0018,0.0009,0.0193,-0.0023,-0.0115,45.86
6038135549,한국레드스팟(주),,0.0005,0.0002,0.0001,0.0005,0.0001,,,,,0.001,0.0,-0.0003,-0.0001,0.0004,-0.0004,0.0,0.0,0.0,0.0,0.0,45.84
1238644552,(주)다우ENG,,,,,,,,0.0005,0.0002,0.0004,0.0005,0.0,0.0,0.0,0.0,0.0,0.0,0.0,-0.0003,0.0002,0.0001,45.82
1058184395,(주)다산제약,0.0002,0.0114,0.0006,0.0005,0.0246,0.0037,0.0008,0.0004,0.0002,0.0002,0.0006,0.0112,-0.0108,-0.0001,0.0241,-0.0209,-0.0029,-0.0004,-0.0002,0.0,0.0004,45.81
3138122156,(주)한국글로벌제약,,0.0015,0.0003,0.0016,0.0045,0.0004,0.0003,0.0005,0.0003,0.0004,0.0005,0.0,-0.0012,0.0013,0.0029,-0.0041,-0.0001,0.0002,-0.0002,0.0001,0.0001,45.65
1248640001,주식회사코앤코,,,,0.0093,0.0058,0.0012,0.0007,0.0016,0.0003,0.0009,0.0009,0.0,0.0,0.0,-0.0035,-0.0046,-0.0005,0.0009,-0.0013,0.0006,0.0,45.62
1308174836,(주)이손,,,0.0016,0.0016,0.0027,0.0222,0.0089,0.0078,0.0454,0.0289,0.0078,0.0,0.0,0.0,0.0011,0.0195,-0.0133,-0.0011,0.0376,-0.0165,-0.0211,45.58
1248694977,(주)지엘피코리아,,0.0008,0.0013,0.0033,0.0006,0.0006,0.0006,0.0018,0.0011,0.0035,0.0025,0.0,0.0005,0.002,-0.0027,0.0,0.0,0.0012,-0.0007,0.0024,-0.001,45.53
1288108629,신원화학(주),0.0001,0.0003,0.0001,0.0001,0.0012,0.0001,0.0001,0.0006,0.002,0.0032,0.0012,0.0002,-0.0002,0.0,0.0011,-0.0011,0.0,0.0005,0.0014,0.0012,-0.002,45.42
2608801098,주식회사씨엠원,,,,,,,,0.0006,0.0009,0.0005,0.0006,0.0,0.0,0.0,0.0,0.0,0.0,0.0,0.0003,-0.0004,0.0001,45.32
3178142585,(주)중헌제약,,0.0078,0.024,0.0163,0.0148,0.0035,0.0028,0.0099,0.0016,0.0037,0.0027,0.0,0.0162,-0.0077,-0.0015,-0.0113,-0.0007,0.0071,-0.0083,0.0021,-0.001,45.2
4878100564,(주)한국기능성화장품연구센터,,,,,,,0.0003,0.0001,0.0002,0.0005,0.0005,0.0,0.0,0.0,0.0,0.0,0.0,-0.0002,0.0001,0.0003,0.0,45.19
5038194476,(주)제이씨티,,,,,,,,0.0006,0.001,0.0351,0.0012,0.0,0.0,0.0,0.0,0.0,0.0,0.0,0.0004,0.0341,-0.0339,45.16
2088120633,(주)보령바이오파마,0.0002,0.0002,0.0002,0.0003,0.0011,0.0001,0.0002,0.0008,0.0001,0.0001,0.0006,0.0,0.0,0.0001,0.0008,-0.001,0.0001,0.0006,-0.0007,0.0,0.0005,45.13
6158184266,주식회사타누스,,,,,,,,0.0012,0.0009,0.0005,0.0009,0.0,0.0,0.0,0.0,0.0,0.0,0.0,-0.0003,-0.0004,0.0004,45.11
2078136336,대원제약(주),0.0002,0.0002,0.0002,0.0003,0.0007,0.0001,0.0001,0.0006,0.0002,0.0001,0.0008,0.0,0.0,0.0001,0.0004,-0.0006,0.0,0.0005,-0.0004,-0.0001,0.0007,45.05
1378642247,(주)에이엔에스,,,,0.0009,0.0007,0.0016,0.0011,0.0715,0.1201,0.0137,0.0066,0.0,0.0,0.0,-0.0002,0.0009,-0.0005,0.0704,0.0486,-0.1064,-0.0071,44.98
1058127512,대한파카라이징(주),0.0001,0.0002,0.0001,0.0002,0.0004,0.0002,0.0002,0.0004,0.0004,0.0004,0.0005,0.0001,-0.0001,0.0001,0.0002,-0.0002,0.0,0.0002,0.0,0.0,0.0001,44.94
6038108343,두리화학주식회사,0.0147,0.0061,0.0031,0.0012,0.0003,0.0008,0.001,0.0022,0.0006,0.0005,0.0009,-0.0086,-0.003,-0.0019,-0.0009,0.0005,0.0002,0.0012,-0.0016,-0.0001,0.0004,44.93
6078620228,주식회사안성기업,,,,,,,,,0.0022,0.0026,0.0016,0.0,0.0,0.0,0.0,0.0,0.0,0.0,0.0,0.0004,-0.001,44.92
6218109748,카이엠주식회사,0.0028,0.0145,0.0664,0.0916,0.0029,0.0014,0.0004,0.0017,0.0005,0.0057,0.0026,0.0117,0.0519,0.0252,-0.0887,-0.0015,-0.001,0.0013,-0.0012,0.0052,-0.0031,44.92
6038158974,(주)아셈스,0.001,0.0009,0.001,0.0029,0.0069,0.0013,0.0009,0.0008,0.0006,0.0005,0.0008,-0.0001,0.0001,0.0019,0.004,-0.0056,-0.0004,-0.0001,-0.0002,-0.0001,0.0003,44.85
1298603127,주식회사수안향장,0.0015,0.0036,0.0023,0.0005,0.0007,0.0002,0.0001,0.0002,0.0158,0.1186,0.001,0.0021,-0.0013,-0.0018,0.0002,-0.0005,-0.0001,0.0001,0.0156,0.1028,-0.1176,44.82
2088124056,에스씨티주식회사,,,,,,,,0.0015,0.0012,0.0005,0.0009,0.0,0.0,0.0,0.0,0.0,0.0,0.0,-0.0003,-0.0007,0.0004,44.78
1018672475,에네오스코리아주식회사,0.0007,0.0007,0.0025,0.0013,0.0037,0.0053,0.0022,0.0016,0.0577,0.0164,0.0062,0.0,0.0018,-0.0012,0.0024,0.0016,-0.0031,-0.0006,0.0561,-0.0413,-0.0102,44.78
1288650781,주식회사토빅스,,,0.0007,0.0006,0.0007,0.0003,0.0002,0.0004,0.0031,0.0086,0.0011,0.0,0.0,-0.0001,0.0001,-0.0004,-0.0001,0.0002,0.0027,0.0055,-0.0075,44.76
3128674068,(주)케이티이,,0.0097,0.0189,0.005,0.0006,0.0049,0.0003,0.0009,0.0003,0.0003,0.0006,0.0,0.0092,-0.0139,-0.0044,0.0043,-0.0046,0.0006,-0.0006,0.0,0.0003,44.75
1248105294,주식회사한동,0.521,0.0322,0.0137,0.0027,0.0019,0.0089,0.0092,0.0036,0.0019,0.0339,0.0027,-0.4888,-0.0185,-0.011,-0.0008,0.007,0.0003,-0.0056,-0.0017,0.032,-0.0312,44.71
1208166979,한국엘랑코동물약품(주),,,,,,,0.0091,0.0007,0.0006,0.0017,0.0015,0.0,0.0,0.0,0.0,0.0,0.0,-0.0084,-0.0001,0.0011,-0.0002,44.69
5058136526,(주)선일플라스틱,,,,,,0.0022,0.0125,0.0013,0.0018,0.0031,0.0011,0.0,0.0,0.0,0.0,0.0,0.0103,-0.0112,0.0005,0.0013,-0.002,44.51
3128612761,주식회사케이디에프,0.0011,0.0002,0.0003,0.0015,0.007,0.2306,0.003,0.086,0.0045,0.0574,0.0029,-0.0009,0.0001,0.0012,0.0055,0.2236,-0.2276,0.083,-0.0815,0.0529,-0.0545,44.43
1228603960,주식회사두현인텍,,,,,,,,,0.0016,0.0019,0.0014,0.0,0.0,0.0,0.0,0.0,0.0,0.0,0.0,0.0003,-0.0005,44.36
4308600321,효성산업주식회사,,,,,,,0.0004,0.0002,0.0001,0.0002,0.0004,0.0,0.0,0.0,0.0,0.0,0.0,-0.0002,-0.0001,0.0001,0.0002,44.29
3128113805,성풍양행(주),0.0077,0.0167,0.0068,0.002,0.0034,0.048,0.0053,0.0057,0.0049,0.0644,0.0024,0.009,-0.0099,-0.0048,0.0014,0.0446,-0.0427,0.0004,-0.0008,0.0595,-0.062,44.28
2118647953,(주)디에스엠뉴트리션코리아,0.0009,0.0007,0.0003,0.0005,0.0016,0.0005,0.0003,0.0007,0.0003,0.0019,0.0016,-0.0002,-0.0004,0.0002,0.0011,-0.0011,-0.0002,0.0004,-0.0004,0.0016,-0.0003,44.18
1198193059,(주)신아티앤씨,0.0729,0.0038,0.0034,0.0026,0.005,0.0015,0.0006,0.001,0.0006,0.0448,0.0022,-0.0691,-0.0004,-0.0008,0.0024,-0.0035,-0.0009,0.0004,-0.0004,0.0442,-0.0426,44.17
7918102307,정산바이오텍주식회사,,,,,,,,,0.2149,0.1734,0.0196,0.0,0.0,0.0,0.0,0.0,0.0,0.0,0.0,-0.0415,-0.1538,44.08
1988700929,에이치에스효성첨단소재(주),,,,,0.0006,0.0265,0.0059,0.0017,0.0005,0.0016,0.0015,0.0,0.0,0.0,0.0,0.0259,-0.0206,-0.0042,-0.0012,0.0011,-0.0001,44.05
3058162161,피엔비우창(주),,0.002,0.0023,0.0014,0.0054,0.0005,0.0007,0.0029,0.0207,0.0089,0.0047,0.0,0.0003,-0.0009,0.004,-0.0049,0.0002,0.0022,0.0178,-0.0118,-0.0042,44.05
1238115163,동원시스템즈(주),0.022,0.0023,0.0012,0.0015,0.0045,0.0004,0.0002,0.0009,0.0005,0.0005,0.0006,-0.0197,-0.0011,0.0003,0.003,-0.0041,-0.0002,0.0007,-0.0004,0.0,0.0001,43.99
1278187903,(주)이지필림,,,,,0.0004,0.0042,0.001,0.0025,0.0026,0.0057,0.0011,0.0,0.0,0.0,0.0,0.0038,-0.0032,0.0015,0.0001,0.0031,-0.0046,43.95
1338122958,아이세로미림(주),0.0038,0.0015,0.0006,0.0005,0.0008,0.0004,0.0006,0.002,0.0004,0.0016,0.0015,-0.0023,-0.0009,-0.0001,0.0003,-0.0004,0.0002,0.0014,-0.0016,0.0012,-0.0001,43.94
1028131147,금호석유화학(주),0.0009,0.0023,0.0017,0.0016,0.0007,0.0004,0.0003,0.0003,0.0001,0.0002,0.0004,0.0014,-0.0006,-0.0001,-0.0009,-0.0003,-0.0001,0.0,-0.0002,0.0001,0.0002,43.93
1108175919,케이피엑스홀딩스(주),0.0006,0.0006,0.0002,0.0003,0.0017,0.0004,0.0003,0.0003,0.0005,0.0004,0.0005,0.0,-0.0004,0.0001,0.0014,-0.0013,-0.0001,0.0,0.0002,-0.0001,0.0001,43.92
1178117171,주식회사두코,0.0016,0.001,0.0009,0.0021,0.0022,0.0058,0.0015,0.0373,0.001,0.0008,0.001,-0.0006,-0.0001,0.0012,0.0001,0.0036,-0.0043,0.0358,-0.0363,-0.0002,0.0002,43.9
2208843940,주식회사화이트생명과학,,,0.0014,0.0632,0.0268,0.0034,0.0128,0.0284,0.0016,0.0204,0.0027,0.0,0.0,0.0618,-0.0364,-0.0234,0.0094,0.0156,-0.0268,0.0188,-0.0177,43.89
3078111426,동인화학주식회사,,,,,,,,0.0014,0.0006,0.0005,0.0008,0.0,0.0,0.0,0.0,0.0,0.0,0.0,-0.0008,-0.0001,0.0003,43.87
5048136289,(주)진양오일씰,0.0005,0.0007,0.0004,0.0008,0.005,0.0017,0.0006,0.0009,0.0013,0.0024,0.001,0.0002,-0.0003,0.0004,0.0042,-0.0033,-0.0011,0.0003,0.0004,0.0011,-0.0014,43.81
1208165228,(주)메디카코리아,0.0001,0.0003,0.0003,0.0045,0.0186,0.0059,0.0005,0.0004,0.001,0.0003,0.0005,0.0002,0.0,0.0042,0.0141,-0.0127,-0.0054,-0.0001,0.0006,-0.0007,0.0002,43.76
1248710483,에스엠에스주식회사,,,,,0.0002,0.0001,,0.0003,0.0008,,0.0006,0.0,0.0,0.0,0.0,-0.0001,0.0,0.0,0.0005,0.0,0.0,43.73
1078134737,대한약품공업(주),0.0002,0.0002,0.0002,0.0003,0.001,0.0002,0.0002,0.0003,0.0001,0.0001,0.0005,0.0,0.0,0.0001,0.0007,-0.0008,0.0,0.0001,-0.0002,0.0,0.0004,43.68
1348144329,주식회사하이큐,,,0.0006,0.0001,0.0003,0.0001,0.0002,0.0003,0.0002,0.0003,0.0004,0.0,0.0,-0.0005,0.0002,-0.0002,0.0001,0.0001,-0.0001,0.0001,0.0001,43.63
1078163213,(주)성원피앤에스,0.0002,0.0075,0.0009,0.0006,0.0023,0.0262,0.0009,0.0011,0.0238,0.0045,0.0034,0.0073,-0.0066,-0.0003,0.0017,0.0239,-0.0253,0.0002,0.0227,-0.0193,-0.0011,43.62
1348607144,주식회사크레아에이엔,0.0005,0.0006,0.0003,0.0002,0.0013,0.0011,0.0006,0.012,0.0007,0.0028,0.0021,0.0001,-0.0003,-0.0001,0.0011,-0.0002,-0.0005,0.0114,-0.0113,0.0021,-0.0007,43.61
2148688555,(주)케어젠,0.0002,0.0002,0.0002,0.0002,0.0003,0.0002,0.0002,0.0002,0.0018,0.0003,0.0005,0.0,0.0,0.0,0.0001,-0.0001,0.0,0.0,0.0016,-0.0015,0.0002,43.59
1018643209,(주)자연인,,,,,0.0007,0.0002,0.0002,0.0004,0.0104,0.0101,0.0033,0.0,0.0,0.0,0.0,-0.0005,0.0,0.0002,0.01,-0.0003,-0.0068,43.59
1228625149,(주)손텍,,,,,,,,0.0213,0.7233,0.0344,0.0053,0.0,0.0,0.0,0.0,0.0,0.0,0.0,0.702,-0.6889,-0.0291,43.57
1228156308,주식회사피앤비,0.0029,0.0016,0.0006,0.0012,0.0015,0.0013,0.0002,0.0084,0.0017,0.011,0.0025,-0.0013,-0.001,0.0006,0.0003,-0.0002,-0.0011,0.0082,-0.0067,0.0093,-0.0085,43.53
3068104257,(주)라이온켐텍,0.0002,0.0002,0.0001,0.0003,0.0013,0.0006,0.0002,0.0004,0.0001,0.0003,0.0004,0.0,-0.0001,0.0002,0.001,-0.0007,-0.0004,0.0002,-0.0003,0.0002,0.0001,43.43
1318609217,주식회사가나안,,,,,,,,0.0021,0.0015,0.0103,0.0021,0.0,0.0,0.0,0.0,0.0,0.0,0.0,-0.0006,0.0088,-0.0082,43.39
2138635564,(주)디제이씨,0.0006,0.0027,0.0046,0.0162,0.0363,0.0022,0.0077,0.0042,0.0022,0.0038,0.0022,0.0021,0.0019,0.0116,0.0201,-0.0341,0.0055,-0.0035,-0.002,0.0016,-0.0016,43.37
6928601646,(주)아주팩,,,,,,,,,0.0009,0.0015,0.0011,0.0,0.0,0.0,0.0,0.0,0.0,0.0,0.0,0.0006,-0.0004,43.28
6038139598,한미케이블주식회사,0.0002,0.0002,0.0002,0.0002,0.0008,0.0002,0.0003,0.0004,0.0002,0.0003,0.0004,0.0,0.0,0.0,0.0006,-0.0006,0.0001,0.0001,-0.0002,0.0001,0.0001,43.27
6108170471,주식회사일렘테크놀러지,0.0239,0.1053,0.0307,0.0196,0.0166,0.1398,0.0014,0.0034,0.0016,0.0006,0.0009,0.0814,-0.0746,-0.0111,-0.003,0.1232,-0.1384,0.002,-0.0018,-0.001,0.0003,43.21
1288128722,주식회사대진,,,,,0.0012,0.0059,0.0021,0.0024,0.0672,0.0038,0.003,0.0,0.0,0.0,0.0,0.0047,-0.0038,0.0003,0.0648,-0.0634,-0.0008,43.18
1248115899,(주)한국파마,0.0003,0.0004,0.0028,0.0008,0.0031,0.0002,0.0003,0.0012,0.0158,0.0146,0.0037,0.0001,0.0024,-0.002,0.0023,-0.0029,0.0001,0.0009,0.0146,-0.0012,-0.0109,43.13
6218117122,삼양화학산업주식회사,0.0004,0.0002,0.0001,0.0007,0.0035,0.0011,0.0002,0.0037,0.0014,0.004,0.0021,-0.0002,-0.0001,0.0006,0.0028,-0.0024,-0.0009,0.0035,-0.0023,0.0026,-0.0019,43.1
6498800410,(주)페렌벨,,,,,,0.0004,0.0001,0.0001,0.0004,0.0008,0.0007,0.0,0.0,0.0,0.0,0.0,-0.0003,0.0,0.0003,0.0004,-0.0001,43.09
3088101921,(주)우성양행,0.0005,0.0007,0.0007,0.0004,0.0022,0.0004,0.0011,0.0005,0.0003,0.0003,0.0005,0.0002,0.0,-0.0003,0.0018,-0.0018,0.0007,-0.0006,-0.0002,0.0,0.0002,43.04
1208187125,애드윈코리아(주),,,0.0012,0.0014,0.0058,0.0005,0.0004,0.0005,0.0003,0.0003,0.0005,0.0,0.0,0.0002,0.0044,-0.0053,-0.0001,0.0001,-0.0002,0.0,0.0002,43.04
6208701600,주식회사솔머티리얼즈,,,,,,,,0.003,0.0006,0.0047,0.0021,0.0,0.0,0.0,0.0,0.0,0.0,0.0,-0.0024,0.0041,-0.0026,43.04
3108103989,(주)실크로드시앤티,0.0006,0.0006,0.0005,0.0009,0.0032,0.0008,0.0006,0.0018,0.0009,0.0029,0.0018,0.0,-0.0001,0.0004,0.0023,-0.0024,-0.0002,0.0012,-0.0009,0.002,-0.0011,42.97
5138103517,한국닛다무아주식회사,0.0001,0.0002,0.0001,0.0002,0.0006,0.0007,0.0043,0.0015,0.0003,0.0002,0.0007,0.0001,-0.0001,0.0001,0.0004,0.0001,0.0036,-0.0028,-0.0012,-0.0001,0.0005,42.93
1338127782,금호화성주식회사,0.0017,0.0008,0.0005,0.0038,0.0077,0.0002,0.0003,0.0114,0.1508,0.0214,0.0044,-0.0009,-0.0003,0.0033,0.0039,-0.0075,0.0001,0.0111,0.1394,-0.1294,-0.017,42.88
2048603428,주식회사케이앤씨디어트레이드,,,,,,,,0.0024,0.0083,0.0069,0.0032,0.0,0.0,0.0,0.0,0.0,0.0,0.0,0.0059,-0.0014,-0.0037,42.84
5108101956,주식회사대동,0.0021,0.0032,0.0038,0.0422,0.0255,0.1026,0.145,0.0645,0.7988,0.2796,0.0055,0.0011,0.0006,0.0384,-0.0167,0.0771,0.0424,-0.0805,0.7343,-0.5192,-0.2741,42.84
6228124683,협성화학섬유(주),,,,,,,,0.0018,0.0052,0.0041,0.0028,0.0,0.0,0.0,0.0,0.0,0.0,0.0,0.0034,-0.0011,-0.0013,42.74
1358631803,세원이노셀주식회사,0.0002,0.0002,0.0001,0.0005,0.0012,0.0001,0.0001,0.0003,0.0009,0.001,0.0008,0.0,-0.0001,0.0004,0.0007,-0.0011,0.0,0.0002,0.0006,0.0001,-0.0002,42.69
4038170757,(주)피오씨,,,0.0013,0.0036,0.0038,0.0015,0.0007,0.0012,0.0022,0.0018,0.0017,0.0,0.0,0.0023,0.0002,-0.0023,-0.0008,0.0005,0.001,-0.0004,-0.0001,42.64
3038110371,(주)지코,0.007,0.0028,0.0011,,,,,0.0005,0.0116,0.16,0.0008,-0.0042,-0.0017,0.0,0.0,0.0,0.0,0.0,0.0111,0.1484,-0.1592,42.61
1318625425,주식회사에스테르,,,,,,0.002,0.0008,0.032,0.0063,0.0099,0.0024,0.0,0.0,0.0,0.0,0.0,-0.0012,0.0312,-0.0257,0.0036,-0.0075,42.59
1078646499,(주)두잇시스템,,,,,,0.0033,0.0025,0.0044,0.0032,0.0109,0.002,0.0,0.0,0.0,0.0,0.0,-0.0008,0.0019,-0.0012,0.0077,-0.0089,42.56
3128113810,가스켐테크놀로지(주),0.0004,0.0014,0.0007,0.0007,0.0022,0.0005,0.0003,0.0003,0.0003,0.0003,0.0004,0.001,-0.0007,0.0,0.0015,-0.0017,-0.0002,0.0,0.0,0.0,0.0001,42.55
3018147023,씨큐브(주),0.0007,0.0004,0.0005,0.0005,0.0014,0.0002,0.0003,0.0007,0.0003,0.0003,0.0005,-0.0003,0.0001,0.0,0.0009,-0.0012,0.0001,0.0004,-0.0004,0.0,0.0002,42.52
1228619031,(주)다산씨엔텍,,0.0006,0.0002,0.0003,0.0004,0.0012,0.0007,0.0009,0.0174,0.0089,0.0034,0.0,-0.0004,0.0001,0.0001,0.0008,-0.0005,0.0002,0.0165,-0.0085,-0.0055,42.48
1288625642,수경화학주식회사,,,,0.0009,0.0018,0.0177,,0.0338,0.0006,0.0003,0.0008,0.0,0.0,0.0,0.0009,0.0159,0.0,0.0,-0.0332,-0.0003,0.0005,42.46
1398102509,영풍제약주식회사,0.0003,0.0002,0.0001,0.0001,0.0005,0.0001,0.0002,0.0001,0.0005,0.0016,0.0008,-0.0001,-0.0001,0.0,0.0004,-0.0004,0.0001,-0.0001,0.0004,0.0011,-0.0008,42.42
6068169960,부강테크주식회사,0.0012,0.0007,0.0006,0.0006,0.0035,0.0005,0.0036,0.0216,0.0021,0.0143,0.0022,-0.0005,-0.0001,0.0,0.0029,-0.003,0.0031,0.018,-0.0195,0.0122,-0.0121,42.4
6108178037,(주)코리아에어텍,0.1578,0.0026,0.0004,0.0005,0.0008,0.0004,0.0003,0.033,0.1387,0.0322,0.0043,-0.1552,-0.0022,0.0001,0.0003,-0.0004,-0.0001,0.0327,0.1057,-0.1065,-0.0279,42.4
5188600373,(주)동신이앤피,,,0.0044,0.0076,0.003,0.0038,,0.0026,0.0029,0.0026,0.0022,0.0,0.0,0.0032,-0.0046,0.0008,0.0,0.0,0.0003,-0.0003,-0.0004,42.39
1268626761,(주)한서씨앤에프,0.0097,,,,,,,0.0441,0.0033,0.0047,0.0022,0.0,0.0,0.0,0.0,0.0,0.0,0.0,-0.0408,0.0014,-0.0025,42.21
4108664530,주식회사창윤산업,,,,,,,,0.0039,0.0137,0.0061,0.0031,0.0,0.0,0.0,0.0,0.0,0.0,0.0,0.0098,-0.0076,-0.003,42.17
1308109693,케이지케미칼(주),0.0004,0.0011,0.0015,0.0014,0.0009,0.0018,0.001,0.0016,0.0006,0.0005,0.0007,0.0007,0.0004,-0.0001,-0.0005,0.0009,-0.0008,0.0006,-0.001,-0.0001,0.0002,42.16
1288673241,(주)케이이씨,,,,0.0009,0.0026,0.0035,0.0009,0.0012,0.0491,0.0119,0.0034,0.0,0.0,0.0,0.0017,0.0009,-0.0026,0.0003,0.0479,-0.0372,-0.0085,42.08
1068156683,주식회사글락소스미스클라인,0.0377,0.0605,0.0522,0.0163,0.0966,0.0196,0.0135,0.0015,0.0904,0.2309,0.0007,0.0228,-0.0083,-0.0359,0.0803,-0.077,-0.0061,-0.012,0.0889,0.1405,-0.2302,42.07
1388194893,주식회사에스에스제이첨단소재,,,,,0.0003,0.0287,0.2,0.003,0.0005,0.0004,0.0007,0.0,0.0,0.0,0.0,0.0284,0.1713,-0.197,-0.0025,-0.0001,0.0003,42.07
1268187536,주식회사경진,,,,,,,,,0.0006,0.0001,0.0005,0.0,0.0,0.0,0.0,0.0,0.0,0.0,0.0,-0.0005,0.0004,41.97
6068170074,삼부고무공업(주),,,,,,0.0012,0.0012,0.0014,0.0004,0.0066,0.0017,0.0,0.0,0.0,0.0,0.0,0.0,0.0002,-0.001,0.0062,-0.0049,41.93
3038119329,(주)엘시시,0.0003,0.0004,0.0002,0.0002,0.0006,0.0002,0.0002,0.0004,0.0013,0.0019,0.0008,0.0001,-0.0002,0.0,0.0004,-0.0004,0.0,0.0002,0.0009,0.0006,-0.0011,41.91
4108628801,주식회사광원,,,,,,,0.0009,0.0226,0.1044,0.0022,0.002,0.0,0.0,0.0,0.0,0.0,0.0,0.0217,0.0818,-0.1022,-0.0002,41.9
1208671671,케미스타주식회사,0.0003,0.0004,0.0001,0.0002,0.0007,0.0001,0.0001,0.0002,0.0007,0.0009,0.0007,0.0001,-0.0003,0.0001,0.0005,-0.0006,0.0,0.0001,0.0005,0.0002,-0.0002,41.9
4018101273,(주)한농화성,0.0003,0.0006,0.0005,0.0008,0.0029,0.0002,0.0002,0.0006,0.0006,0.0153,0.0011,0.0003,-0.0001,0.0003,0.0021,-0.0027,0.0,0.0004,0.0,0.0147,-0.0142,41.84
2118697360,(주)이엔에프테크놀로지,0.0003,0.0002,0.0001,0.0003,0.0004,0.0001,0.0001,0.0003,0.0003,0.0023,0.001,-0.0001,-0.0001,0.0002,0.0001,-0.0003,0.0,0.0002,0.0,0.002,-0.0013,41.82
1318177928,(주)피엘코스메틱,0.0031,0.0241,0.0008,0.0021,0.0022,0.0007,0.0002,0.0006,0.0092,0.0077,0.0028,0.021,-0.0233,0.0013,0.0001,-0.0015,-0.0005,0.0004,0.0086,-0.0015,-0.0049,41.81
6218111899,(주)대한고분자,0.0004,,0.0002,0.0006,0.0023,0.0002,0.0002,0.0005,0.002,0.0008,0.0008,0.0,0.0,0.0004,0.0017,-0.0021,0.0,0.0003,0.0015,-0.0012,0.0,41.81
1298130309,주식회사제이피에스코스메틱,,,,,,0.0015,0.0048,0.005,0.0007,0.0259,0.0019,0.0,0.0,0.0,0.0,0.0,0.0033,0.0002,-0.0043,0.0252,-0.024,41.8
6738101960,셀론텍(주),,,,,,,,0.0023,0.0002,0.0003,0.0004,0.0,0.0,0.0,0.0,0.0,0.0,0.0,-0.0021,0.0001,0.0001,41.78
5048177048,주식회사케이엠피,,,,,,,0.0012,0.0013,0.0009,0.0031,0.0015,0.0,0.0,0.0,0.0,0.0,0.0,0.0001,-0.0004,0.0022,-0.0016,41.73
2208892475,우보케미칼주식회사,,,,,,,,0.0013,0.0077,0.0038,0.0026,0.0,0.0,0.0,0.0,0.0,0.0,0.0,0.0064,-0.0039,-0.0012,41.71
6228112547,삼부정밀화학(주),0.0001,0.0004,0.0002,0.0001,0.005,0.0002,0.0002,0.013,0.0001,0.0001,0.0005,0.0003,-0.0002,-0.0001,0.0049,-0.0048,0.0,0.0128,-0.0129,0.0,0.0004,41.7
1358194481,주식회사리온,,,,0.0011,0.0016,,,,0.0006,0.0013,0.0009,0.0,0.0,0.0,0.0005,0.0,0.0,0.0,0.0,0.0007,-0.0004,41.68
1388102369,자강산업주식회사,0.0073,0.009,0.0013,0.0054,0.0014,0.0004,0.0065,0.001,0.0003,0.0002,0.0006,0.0017,-0.0077,0.0041,-0.004,-0.001,0.0061,-0.0055,-0.0007,-0.0001,0.0004,41.65
6218168709,주식회사진광이엔지,,,,,0.0071,0.0057,,,,0.0031,0.0019,0.0,0.0,0.0,0.0,-0.0014,0.0,0.0,0.0,0.0,-0.0012,41.61
1318180632,(주)경남캐미칼,,,,0.0016,0.0238,0.0031,0.0008,0.0028,0.0105,0.0081,0.0028,0.0,0.0,0.0,0.0222,-0.0207,-0.0023,0.002,0.0077,-0.0024,-0.0053,41.54
6058142497,주식회사진양기술,,,,,,,,,0.0041,0.0031,0.0028,0.0,0.0,0.0,0.0,0.0,0.0,0.0,0.0,-0.001,-0.0003,41.53
1448120381,(주)코스알엑스,,,,,0.0005,0.0001,0.0001,0.0001,0.0005,0.0005,0.0005,0.0,0.0,0.0,0.0,-0.0004,0.0,0.0,0.0004,0.0,0.0,41.53
1228147866,선도산업주식회사,0.0002,0.0009,0.004,0.0246,0.003,0.0003,0.0003,0.0003,0.001,0.001,0.0009,0.0007,0.0031,0.0206,-0.0216,-0.0027,0.0,0.0,0.0007,0.0,-0.0001,41.51
5048143849,(주)엠텍,0.0006,0.0023,0.0011,0.0017,0.0088,0.0006,0.0006,0.001,0.0004,0.0018,0.0013,0.0017,-0.0012,0.0006,0.0071,-0.0082,0.0,0.0004,-0.0006,0.0014,-0.0005,41.49
1258140784,머크퍼포먼스머티리얼즈,0.0002,0.0003,0.0003,0.0005,0.0015,0.0005,0.0006,0.0007,0.0007,0.0003,0.0005,0.0001,0.0,0.0002,0.001,-0.001,0.0001,0.0001,0.0,-0.0004,0.0002,41.48
2148170045,(주)케이씨씨,0.0002,0.001,0.0008,0.002,0.016,0.0191,0.0241,0.0389,0.0063,0.0066,0.0024,0.0008,-0.0002,0.0012,0.014,0.0031,0.005,0.0148,-0.0326,0.0003,-0.0042,41.47
3068101018,바이엘크롭사이언스(주),0.0004,0.0007,0.0003,0.0008,0.0019,0.0016,0.0011,0.0008,0.0006,0.0004,0.0006,0.0003,-0.0004,0.0005,0.0011,-0.0003,-0.0005,-0.0003,-0.0002,-0.0002,0.0002,41.46
3128103326,아일수지공업(주),0.0003,0.0004,0.0002,0.0004,0.0007,0.0001,0.0001,0.0002,0.0008,0.0002,0.0004,0.0001,-0.0002,0.0002,0.0003,-0.0006,0.0,0.0001,0.0006,-0.0006,0.0002,41.45
5138167199,엔디케이주식회사,0.0008,0.0067,0.001,0.0009,0.0005,0.0014,0.0004,0.0011,0.0013,0.0021,0.0008,0.0059,-0.0057,-0.0001,-0.0004,0.0009,-0.001,0.0007,0.0002,0.0008,-0.0013,41.44
1358130546,주식회사얀센백신,0.0072,0.002,0.1562,0.1687,0.0477,0.0988,0.0403,0.3068,0.0004,0.0003,0.0007,-0.0052,0.1542,0.0125,-0.121,0.0511,-0.0585,0.2665,-0.3064,-0.0001,0.0004,41.43
6218174405,(주)경림에이치티시,,0.0028,0.0079,0.0135,0.0352,0.0046,0.0015,0.0057,0.0051,0.0257,0.0016,0.0,0.0051,0.0056,0.0217,-0.0306,-0.0031,0.0042,-0.0006,0.0206,-0.0241,41.42
1248633970,주식회사씨엔텍코리아,0.0186,0.0024,0.0009,0.0005,0.0062,0.0003,0.0003,0.0002,0.0001,0.0001,0.0004,-0.0162,-0.0015,-0.0004,0.0057,-0.0059,0.0,-0.0001,-0.0001,0.0,0.0003,41.4
1248676213,주식회사비앤비,,,,0.0017,0.0022,0.0013,0.0005,0.0011,0.0014,0.0017,0.0008,0.0,0.0,0.0,0.0005,-0.0009,-0.0008,0.0006,0.0003,0.0003,-0.0009,41.37
1338129058,주식회사에스디비,0.0178,0.01,0.0031,0.0473,0.0154,0.1085,0.0161,0.0604,0.0024,0.003,0.0019,-0.0078,-0.0069,0.0442,-0.0319,0.0931,-0.0924,0.0443,-0.058,0.0006,-0.0011,41.33
1388148176,주식회사티엔티리써치,,,,,,,,,0.0019,0.0001,0.0005,0.0,0.0,0.0,0.0,0.0,0.0,0.0,0.0,-0.0018,0.0004,41.33
1438100723,(주)에스제이파우더,,,,,,,,0.0021,0.0061,0.0035,0.0024,0.0,0.0,0.0,0.0,0.0,0.0,0.0,0.004,-0.0026,-0.0011,41.3
2218119973,주식회사에프엠지,,,0.0015,0.0007,0.0006,0.0004,0.0166,0.003,0.0013,0.0022,0.0015,0.0,0.0,-0.0008,-0.0001,-0.0002,0.0162,-0.0136,-0.0017,0.0009,-0.0007,41.28
1058691815,에코로지스주식회사,,,,,0.0015,0.0009,,0.0002,0.0003,0.0072,0.0008,0.0,0.0,0.0,0.0,-0.0006,0.0,0.0,0.0001,0.0069,-0.0064,41.26
2188100352,영진약품(주),0.0015,0.0012,0.0012,0.004,0.0319,0.001,0.0235,0.0968,0.6831,0.0614,0.0034,-0.0003,0.0,0.0028,0.0279,-0.0309,0.0225,0.0733,0.5863,-0.6217,-0.058,41.21
1208600633,(주)아이패밀리에스씨,0.0018,0.0024,0.0057,0.0259,0.0036,0.0004,0.0001,0.0002,0.0001,0.0002,0.0003,0.0006,0.0033,0.0202,-0.0223,-0.0032,-0.0003,0.0001,-0.0001,0.0001,0.0001,41.2
6218189553,동광산업주식회사,,,,,0.0004,0.0002,0.0001,,,,0.0006,0.0,0.0,0.0,0.0,-0.0002,-0.0001,0.0,0.0,0.0,0.0,41.18
5038196469,(주)진영,,,,,0.0022,0.029,0.0008,0.0013,0.0011,0.0129,0.0014,0.0,0.0,0.0,0.0,0.0268,-0.0282,0.0005,-0.0002,0.0118,-0.0115,41.16
1378100562,(주)경인양행,0.0004,0.0021,0.0007,0.0015,0.0044,0.0005,0.0164,0.0018,0.0005,0.0235,0.0016,0.0017,-0.0014,0.0008,0.0029,-0.0039,0.0159,-0.0146,-0.0013,0.023,-0.0219,41.15
5108109074,영진산업주식회사,,,0.0015,0.1768,,,,,,0.004,0.0019,0.0,0.0,0.1753,0.0,0.0,0.0,0.0,0.0,0.0,-0.0021,41.1
2018603564,주식회사시크릿키,,,,,,0.0018,0.001,0.0072,0.0032,0.005,0.0017,0.0,0.0,0.0,0.0,0.0,-0.0008,0.0062,-0.004,0.0018,-0.0033,41.09
1318129334,주식회사립멘,0.0007,0.0009,0.0003,0.0004,0.0005,0.0002,0.0003,0.0011,0.0005,0.0003,0.0006,0.0002,-0.0006,0.0001,0.0001,-0.0003,0.0001,0.0008,-0.0006,-0.0002,0.0003,41.05
6088195805,(주)이노폴,0.0522,0.0086,0.0022,0.0008,0.0003,0.0007,0.0005,0.0012,0.0005,0.0006,0.0006,-0.0436,-0.0064,-0.0014,-0.0005,0.0004,-0.0002,0.0007,-0.0007,0.0001,0.0,41.0
1368101078,주식회사일신웰스,0.0002,0.0002,0.0002,0.0002,0.0012,0.0001,0.0001,0.0004,0.0005,0.0007,0.0006,0.0,0.0,0.0,0.001,-0.0011,0.0,0.0003,0.0001,0.0002,-0.0001,40.99
1208630632,도요보코리아주식회사,,,,,,,,0.0004,0.0005,0.0007,0.0006,0.0,0.0,0.0,0.0,0.0,0.0,0.0,0.0001,0.0002,-0.0001,40.99
3018138878,주식회사화인케미칼,0.0113,0.0073,0.0037,0.0301,0.0041,0.0078,0.0039,0.0069,0.0012,0.0172,0.0017,-0.004,-0.0036,0.0264,-0.026,0.0037,-0.0039,0.003,-0.0057,0.016,-0.0155,40.98
2368601830,(주)이수카본,,,,,,,,,0.0573,0.0109,0.0059,0.0,0.0,0.0,0.0,0.0,0.0,0.0,0.0,-0.0464,-0.005,40.95
6078617534,주식회사에코인슈텍,,,,,0.0022,0.0013,0.0014,0.0028,0.0006,0.0017,0.0013,0.0,0.0,0.0,0.0,-0.0009,0.0001,0.0014,-0.0022,0.0011,-0.0004,40.94
1348627359,(주)비케이씨,,,,0.008,0.0044,0.0032,0.0004,0.0008,0.0005,0.0032,0.0013,0.0,0.0,0.0,-0.0036,-0.0012,-0.0028,0.0004,-0.0003,0.0027,-0.0019,40.93
3128184009,(주)새롬테크,0.0011,0.0014,0.0008,0.0007,0.0041,0.0586,0.0053,0.0043,0.0014,0.0023,0.0015,0.0003,-0.0006,-0.0001,0.0034,0.0545,-0.0533,-0.001,-0.0029,0.0009,-0.0008,40.92
1338124408,(주)한서켐,0.0003,0.0004,0.0002,0.0002,0.0011,0.0004,0.0001,0.0006,0.0003,0.0035,0.0013,0.0001,-0.0002,0.0,0.0009,-0.0007,-0.0003,0.0005,-0.0003,0.0032,-0.0022,40.88
1388143899,엘티씨(주),0.0001,0.0003,0.0156,0.0364,0.0082,0.0046,0.0086,0.2427,0.0032,0.0502,0.0018,0.0002,0.0153,0.0208,-0.0282,-0.0036,0.004,0.2341,-0.2395,0.047,-0.0484,40.87
1068638550,(주)이노진,,,,,,0.0067,0.0002,0.0003,0.0001,0.0002,0.0003,0.0,0.0,0.0,0.0,0.0,-0.0065,0.0001,-0.0002,0.0001,0.0001,40.84
5048134544,주식회사진영케미칼,0.0004,0.0045,0.0008,0.0017,0.0041,0.0008,0.0007,0.0035,0.0914,0.0136,0.0028,0.0041,-0.0037,0.0009,0.0024,-0.0033,-0.0001,0.0028,0.0879,-0.0778,-0.0108,40.75
1248136268,구주제약(주),0.0015,0.0004,0.0002,0.0002,0.0005,0.0004,0.0093,0.0231,0.151,0.004,0.0024,-0.0011,-0.0002,0.0,0.0003,-0.0001,0.0089,0.0138,0.1279,-0.147,-0.0016,40.73
6208133420,주식회사에스피씨아이,,,,,,,0.0016,0.0032,0.0023,0.0057,0.0015,0.0,0.0,0.0,0.0,0.0,0.0,0.0016,-0.0009,0.0034,-0.0042,40.72
5058133607,(주)우성케미칼,0.0051,0.0034,0.0017,0.002,0.0099,0.0026,0.0022,0.0017,0.0049,0.002,0.0017,-0.0017,-0.0017,0.0003,0.0079,-0.0073,-0.0004,-0.0005,0.0032,-0.0029,-0.0003,40.56
1378109961,동진홀딩스주식회사,0.0051,0.003,0.0016,0.0018,0.0007,0.0007,0.0003,0.0004,0.0002,0.0005,0.0005,-0.0021,-0.0014,0.0002,-0.0011,0.0,-0.0004,0.0001,-0.0002,0.0003,0.0,40.53
1338123388,(주)알파어셈블리솔루션즈코리아,0.0002,0.0003,0.0002,0.0002,0.0035,0.0005,0.0002,0.0042,0.0004,0.0002,0.0006,0.0001,-0.0001,0.0,0.0033,-0.003,-0.0003,0.004,-0.0038,-0.0002,0.0004,40.44
6158601824,(주)도어코코리아,,0.0024,0.0017,0.0025,0.0009,0.059,0.0031,0.0027,0.0278,0.0083,0.0026,0.0,-0.0007,0.0008,-0.0016,0.0581,-0.0559,-0.0004,0.0251,-0.0195,-0.0057,40.43
2328800610,주식회사포컴퍼니,,,,,,,0.0003,0.0136,0.0012,0.0004,0.0007,0.0,0.0,0.0,0.0,0.0,0.0,0.0133,-0.0124,-0.0008,0.0003,40.41
3058138206,(주)벤플러스,,,,,,,0.001,0.0016,0.0007,0.0003,0.0006,0.0,0.0,0.0,0.0,0.0,0.0,0.0006,-0.0009,-0.0004,0.0003,40.39
1318199617,주식회사화인프라텍,0.6148,0.0609,0.0074,0.0157,0.0209,0.0148,0.0029,0.006,0.1102,0.0094,0.0026,-0.5539,-0.0535,0.0083,0.0052,-0.0061,-0.0119,0.0031,0.1042,-0.1008,-0.0068,40.37
1198187974,(주)삼화피앤티,,0.0011,0.0002,0.0005,0.0006,0.0001,0.0003,0.0005,0.0002,0.0002,0.0004,0.0,-0.0009,0.0003,0.0001,-0.0005,0.0002,0.0002,-0.0003,0.0,0.0002,40.35
1438106014,주식회사인커스,,,,,,,0.0004,0.0066,0.0381,0.0064,0.0025,0.0,0.0,0.0,0.0,0.0,0.0,0.0062,0.0315,-0.0317,-0.0039,40.29
3158135211,(주)메타바이오메드,0.0451,0.0098,0.004,0.0161,0.0192,0.0017,0.0055,0.0018,0.0009,0.0013,0.0011,-0.0353,-0.0058,0.0121,0.0031,-0.0175,0.0038,-0.0037,-0.0009,0.0004,-0.0002,40.29
1078718122,(주)엘엑스하우시스,0.0003,0.0006,0.0005,0.0007,0.0104,0.0011,0.0037,0.0019,0.0286,0.0007,0.0007,0.0003,-0.0001,0.0002,0.0097,-0.0093,0.0026,-0.0018,0.0267,-0.0279,0.0,40.28
5068106229,(주)유니코정밀화학,0.0006,0.0011,0.0007,0.0021,0.0008,0.0054,0.0005,0.0011,0.0009,0.0018,0.0011,0.0005,-0.0004,0.0014,-0.0013,0.0046,-0.0049,0.0006,-0.0002,0.0009,-0.0007,40.27
1248102661,미정화학(주),0.003,0.0062,0.002,0.0017,0.0052,0.0002,0.0002,0.0003,0.0003,0.0268,0.0009,0.0032,-0.0042,-0.0003,0.0035,-0.005,0.0,0.0001,0.0,0.0265,-0.0259,40.21
1278142906,주식회사퍼맥스,0.0009,0.0019,0.0026,0.0021,0.0063,0.0013,0.0004,0.0013,0.0008,0.0059,0.0013,0.001,0.0007,-0.0005,0.0042,-0.005,-0.0009,0.0009,-0.0005,0.0051,-0.0046,40.19
8828100643,칸토덴카화인프로덕츠한국(주),,,,,0.0016,0.0759,0.0043,0.0053,0.0008,0.0019,0.0013,0.0,0.0,0.0,0.0,0.0743,-0.0716,0.001,-0.0045,0.0011,-0.0006,40.18
5458100235,대원바이오텍주식회사,,,,,,,,0.0006,0.0001,0.0002,0.0003,0.0,0.0,0.0,0.0,0.0,0.0,0.0,-0.0005,0.0001,0.0001,40.17
1298654567,링커코리아주식회사,,,,,,,,,0.0017,0.0004,0.0005,0.0,0.0,0.0,0.0,0.0,0.0,0.0,0.0,-0.0013,0.0001,40.15
1338122356,정화폴리테크공업(주),0.0001,0.0008,0.0002,0.0003,0.0006,0.0006,0.0002,0.0006,0.0002,0.0002,0.0004,0.0007,-0.0006,0.0001,0.0003,0.0,-0.0004,0.0004,-0.0004,0.0,0.0002,40.14
6108105494,한국알콜산업(주),0.0003,0.0002,0.0001,0.0004,0.0011,0.0002,0.0001,0.0002,0.0002,0.0002,0.0003,-0.0001,-0.0001,0.0003,0.0007,-0.0009,-0.0001,0.0001,0.0,0.0,0.0001,40.13
5148180841,대봉산업(주),,,,,,,,0.0009,0.0007,0.0021,0.0011,0.0,0.0,0.0,0.0,0.0,0.0,0.0,-0.0002,0.0014,-0.001,40.13
5048159695,주식회사에스알,0.0009,0.0005,0.0004,0.0013,0.0009,0.001,0.0003,0.0006,0.003,0.002,0.0016,-0.0004,-0.0001,0.0009,-0.0004,0.0001,-0.0007,0.0003,0.0024,-0.001,-0.0004,40.12
6658600626,(주)제이투케이바이오,,,,,,,0.0005,0.0003,0.0003,0.0002,0.0004,0.0,0.0,0.0,0.0,0.0,0.0,-0.0002,0.0,-0.0001,0.0002,39.94
2118174402,한성신약(주),,,,0.0014,0.0005,0.0009,,,0.0003,0.0002,0.0004,0.0,0.0,0.0,-0.0009,0.0004,0.0,0.0,0.0,-0.0001,0.0002,39.94
1258194432,(주)동주,,0.002,0.001,0.0006,0.0013,0.0028,0.0013,0.0071,0.0093,0.0025,0.0019,0.0,-0.001,-0.0004,0.0007,0.0015,-0.0015,0.0058,0.0022,-0.0068,-0.0006,39.85
8728601034,제네톡스(주),,,,,,,,0.0087,0.239,0.009,0.0024,0.0,0.0,0.0,0.0,0.0,0.0,0.0,0.2303,-0.23,-0.0066,39.85
2118124182,신양화학약품(주),,,,,,,,,,0.0011,0.001,0.0,0.0,0.0,0.0,0.0,0.0,0.0,0.0,0.0,-0.0001,39.8
1048131916,니카코리아주식회사,0.0002,0.0004,0.0042,0.0004,0.0012,0.0003,0.0097,0.0004,0.0007,0.001,0.0006,0.0002,0.0038,-0.0038,0.0008,-0.0009,0.0094,-0.0093,0.0003,0.0003,-0.0004,39.78
1438117637,(주)효진엔지니어링,,,,,0.0005,0.0007,0.0001,0.0009,0.0002,0.0002,0.0004,0.0,0.0,0.0,0.0,0.0002,-0.0006,0.0008,-0.0007,0.0,0.0002,39.77
1358182914,(주)보라테크,,0.0038,0.0018,0.0012,0.0006,0.0014,0.0004,0.0006,0.0004,0.0005,0.0005,0.0,-0.002,-0.0006,-0.0006,0.0008,-0.001,0.0002,-0.0002,0.0001,0.0,39.77
2208124395,회명산업(주),0.0017,0.0195,0.0029,0.0081,0.0186,0.0007,0.0002,0.0005,0.0003,0.0017,0.001,0.0178,-0.0166,0.0052,0.0105,-0.0179,-0.0005,0.0003,-0.0002,0.0014,-0.0007,39.77
8758600859,주식회사일레븐코퍼레이션,,,,,,,,,0.0056,0.0082,0.0009,0.0,0.0,0.0,0.0,0.0,0.0,0.0,0.0,0.0026,-0.0073,39.76
2118144306,주식회사니프코코리아,0.0007,0.0008,0.0003,0.0002,0.0008,0.0002,0.0001,0.0002,0.0008,0.001,0.0006,0.0001,-0.0005,-0.0001,0.0006,-0.0006,-0.0001,0.0001,0.0006,0.0002,-0.0004,39.73
2478602649,크로다코리아주식회사,,,,,,,,0.0144,0.0026,0.0236,0.0015,0.0,0.0,0.0,0.0,0.0,0.0,0.0,-0.0118,0.021,-0.0221,39.7
1268627019,주식회사팩플러스,,,,,,,,,0.001,0.0013,0.0008,0.0,0.0,0.0,0.0,0.0,0.0,0.0,0.0,0.0003,-0.0005,39.66
6158193163,주식회사중일옥사이드,0.0002,0.0003,0.0002,0.0003,0.0005,0.0002,0.0003,0.0003,0.0005,0.0012,0.0006,0.0001,-0.0001,0.0001,0.0002,-0.0003,0.0001,0.0,0.0002,0.0007,-0.0006,39.65
1208734028,주식회사엠비머티리얼즈,,,,,,,,,0.0125,0.0096,0.0035,0.0,0.0,0.0,0.0,0.0,0.0,0.0,0.0,-0.0029,-0.0061,39.61
5068130016,루브리졸코리아주식회사,0.0002,0.0004,0.0001,0.0002,0.0006,0.0001,0.0002,0.0001,0.0005,0.0019,0.0006,0.0002,-0.0003,0.0001,0.0004,-0.0005,0.0001,-0.0001,0.0004,0.0014,-0.0013,39.42
3118113651,에이치디씨현대이피(주),0.0013,0.0009,0.0005,0.0009,0.0058,0.0007,0.0007,0.0008,0.0008,0.0007,0.0007,-0.0004,-0.0004,0.0004,0.0049,-0.0051,0.0,0.0001,0.0,-0.0001,0.0,39.26
1068108804,한국베링거인겔하임주식회사,0.0012,0.0024,0.0005,0.0406,0.0069,0.0004,0.0015,0.002,0.0009,0.0005,0.0006,0.0012,-0.0019,0.0401,-0.0337,-0.0065,0.0011,0.0005,-0.0011,-0.0004,0.0001,39.26
5738600647,(주)한결,,,,,,,,,0.0237,0.0081,0.0036,0.0,0.0,0.0,0.0,0.0,0.0,0.0,0.0,-0.0156,-0.0045,39.25
1208628403,주식회사함소아,0.001,0.0014,0.0011,0.0013,0.0026,0.0075,0.0147,0.1396,0.0421,0.0079,0.0073,0.0004,-0.0003,0.0002,0.0013,0.0049,0.0072,0.1249,-0.0975,-0.0342,-0.0006,39.18
2208193290,강남케미컬(주),0.0001,0.0003,0.0,0.0001,0.0054,0.0008,0.0028,0.0005,0.0016,0.0235,0.0006,0.0002,-0.0003,0.0001,0.0053,-0.0046,0.002,-0.0023,0.0011,0.0219,-0.0229,39.18
1838602229,주식회사경동폴리움,,,,,,,,0.0011,0.0003,0.0002,0.0005,0.0,0.0,0.0,0.0,0.0,0.0,0.0,-0.0008,-0.0001,0.0003,39.18
1378609480,(주)에코리사이클링,,,,,,,,,0.0012,0.0014,0.0008,0.0,0.0,0.0,0.0,0.0,0.0,0.0,0.0,0.0002,-0.0006,39.13
3128194768,(주)엘케이켐,,,,,,,,,0.0006,0.0002,0.0004,0.0,0.0,0.0,0.0,0.0,0.0,0.0,0.0,-0.0004,0.0002,39.09
1318188764,(주)바이오코스텍,,0.0007,0.0001,,,,,,,,0.0005,0.0,-0.0006,0.0,0.0,0.0,0.0,0.0,0.0,0.0,0.0,39.05
6228124515,(주)제너럴켐,,0.0006,0.0002,0.0002,0.0004,0.0003,0.0001,0.0002,0.0004,0.0006,0.0005,0.0,-0.0004,0.0,0.0002,-0.0001,-0.0002,0.0001,0.0002,0.0002,-0.0001,39.01
2728601699,롯데지에스화학주식회사,,,,,,,,0.013,0.0829,0.0006,0.0006,0.0,0.0,0.0,0.0,0.0,0.0,0.0,0.0699,-0.0823,0.0,38.94
3118105660,영진코어켐(주),,,,,,0.0073,0.0072,0.009,0.1517,0.0208,0.0023,0.0,0.0,0.0,0.0,0.0,-0.0001,0.0018,0.1427,-0.1309,-0.0185,38.91
4188102926,(주)홈에디션명진,,0.0015,0.0004,0.001,0.0022,0.0007,0.0011,0.0011,0.0004,0.0005,0.0005,0.0,-0.0011,0.0006,0.0012,-0.0015,0.0004,0.0,-0.0007,0.0001,0.0,38.88
4178119763,이일산업(주),0.0007,0.0026,0.0015,0.001,0.004,0.001,0.0008,0.002,0.0006,0.0114,0.0012,0.0019,-0.0011,-0.0005,0.003,-0.003,-0.0002,0.0012,-0.0014,0.0108,-0.0102,38.83
1338135507,(주)헵스켐,0.0036,0.002,0.002,0.0062,0.0049,0.0028,0.0013,0.022,0.1174,0.0217,0.0023,-0.0016,0.0,0.0042,-0.0013,-0.0021,-0.0015,0.0207,0.0954,-0.0957,-0.0194,38.81
3128104567,(주)경보제약,0.0002,0.0003,0.0002,0.0003,0.0006,0.0003,0.0004,0.0268,0.1975,0.0097,0.0021,0.0001,-0.0001,0.0001,0.0003,-0.0003,0.0001,0.0264,0.1707,-0.1878,-0.0076,38.73
1418107924,(주)비.엘.아이,0.0086,0.0007,0.0001,0.0001,0.0006,0.0006,0.0358,0.0002,0.0005,0.0006,0.0005,-0.0079,-0.0006,0.0,0.0005,0.0,0.0352,-0.0356,0.0003,0.0001,-0.0001,38.66
2788700623,주식회사진성울트라,,,,0.0017,0.0012,0.0012,0.0003,0.0014,0.0004,0.0002,0.0005,0.0,0.0,0.0,-0.0005,0.0,-0.0009,0.0011,-0.001,-0.0002,0.0003,38.64
1028131282,금호미쓰이화학주식회사,0.0009,0.0008,0.0002,0.0003,0.0007,0.0001,0.0001,0.0002,0.0001,0.0001,0.0003,-0.0001,-0.0006,0.0001,0.0004,-0.0006,0.0,0.0001,-0.0001,0.0,0.0002,38.59
2618120935,주식회사정샘물뷰티,,,,,,,0.0003,0.0002,0.0001,0.0001,0.0003,0.0,0.0,0.0,0.0,0.0,0.0,-0.0001,-0.0001,0.0,0.0002,38.59
1288166842,주식회사지에스티지,,,,,,,,0.0033,0.0012,0.0018,0.0011,0.0,0.0,0.0,0.0,0.0,0.0,0.0,-0.0021,0.0006,-0.0007,38.54
2208607450,(주)파마리서치,0.0005,0.0005,0.0001,0.0003,0.0011,0.001,0.0003,0.0003,0.0004,0.0002,0.0003,0.0,-0.0004,0.0002,0.0008,-0.0001,-0.0007,0.0,0.0001,-0.0002,0.0001,38.53
1348148081,(주)아름다운화장품,0.0009,0.0006,0.0003,0.0004,0.0012,0.0025,0.0134,0.0018,0.0163,0.012,0.002,-0.0003,-0.0003,0.0001,0.0008,0.0013,0.0109,-0.0116,0.0145,-0.0043,-0.01,38.52
1308618197,주식회사에스디원,,,,,,,,0.0008,0.0004,0.0014,0.0009,0.0,0.0,0.0,0.0,0.0,0.0,0.0,-0.0004,0.001,-0.0005,38.49
6038108120,주식회사명진TSR,0.0005,0.0008,0.0006,0.0021,0.0078,0.0003,0.0006,0.001,0.0045,0.0012,0.0011,0.0003,-0.0002,0.0015,0.0057,-0.0075,0.0003,0.0004,0.0035,-0.0033,-0.0001,38.47
1338123020,(주)다원케미칼,0.0034,0.0017,0.0005,0.0007,0.0015,0.0012,0.0004,0.0133,0.0009,0.0005,0.0006,-0.0017,-0.0012,0.0002,0.0008,-0.0003,-0.0008,0.0129,-0.0124,-0.0004,0.0001,38.41
6218109068,미진화학공업주식회사,,,0.0023,0.0007,0.0012,0.0004,0.0002,0.0012,0.0009,0.0003,0.0005,0.0,0.0,-0.0016,0.0005,-0.0008,-0.0002,0.001,-0.0003,-0.0006,0.0002,38.36
6108610731,한진케미칼주식회사,,,,,0.0358,0.0023,0.001,0.0015,0.0011,0.0025,0.001,0.0,0.0,0.0,0.0,-0.0335,-0.0013,0.0005,-0.0004,0.0014,-0.0015,38.35
3148602240,(주)나노헬릭스,,,,,,,0.0004,0.0001,0.0005,0.0007,0.0005,0.0,0.0,0.0,0.0,0.0,0.0,-0.0003,0.0004,0.0002,-0.0002,38.34
1318100507,한국특수잉크공업(주),0.0005,0.0003,0.0001,0.0002,0.0012,0.0003,0.0004,0.0006,0.0139,0.0012,0.0011,-0.0002,-0.0002,0.0001,0.001,-0.0009,0.0001,0.0002,0.0133,-0.0127,-0.0001,38.31
5158140712,(주)조일시스템,,,,,,,,0.0012,0.0004,0.0013,0.0009,0.0,0.0,0.0,0.0,0.0,0.0,0.0,-0.0008,0.0009,-0.0004,38.29
6228121099,(주)젤텍,0.0008,0.0008,0.0006,0.0012,0.0004,0.0009,0.0003,0.0005,0.0005,0.0008,0.0006,0.0,-0.0002,0.0006,-0.0008,0.0005,-0.0006,0.0002,0.0,0.0003,-0.0002,38.27
1078180508,(주)엠케이켐앤텍,0.0003,0.0011,0.0006,0.0004,0.0044,0.0016,0.0003,0.0007,0.0002,0.001,0.0008,0.0008,-0.0005,-0.0002,0.004,-0.0028,-0.0013,0.0004,-0.0005,0.0008,-0.0002,38.24
5108123381,(주)한주,,,0.0083,0.0275,0.0047,0.0097,0.0014,0.0034,0.0053,0.0051,0.0015,0.0,0.0,0.0192,-0.0228,0.005,-0.0083,0.002,0.0019,-0.0002,-0.0036,38.21
2018145104,남해화학(주),0.0005,0.0007,0.0008,0.0006,0.0031,0.0004,0.0005,0.0019,0.0008,0.0215,0.0011,0.0002,0.0001,-0.0002,0.0025,-0.0027,0.0001,0.0014,-0.0011,0.0207,-0.0204,38.21
1188104136,신신제약(주),0.0007,0.0008,0.0005,0.0003,0.0023,0.0018,0.2193,0.422,0.001,0.0015,0.0011,0.0001,-0.0003,-0.0002,0.002,-0.0005,0.2175,0.2027,-0.421,0.0005,-0.0004,38.12
1428128922,주식회사니코메디칼,,,,,,0.0008,0.0001,0.0013,0.0005,0.0026,0.001,0.0,0.0,0.0,0.0,0.0,-0.0007,0.0012,-0.0008,0.0021,-0.0016,38.09
4858101325,용산케미라화학주식회사,,,,,,,0.0072,0.0956,0.0164,0.0133,0.0073,0.0,0.0,0.0,0.0,0.0,0.0,0.0884,-0.0792,-0.0031,-0.006,38.09
2208107829,삼영순화(주),0.0001,0.0002,0.0002,0.0002,0.0006,0.0001,0.0001,0.0002,0.0004,0.0008,0.0005,0.0001,0.0,0.0,0.0004,-0.0005,0.0,0.0001,0.0002,0.0004,-0.0003,38.08
2138126978,한국엔오에프메탈코팅스(주),0.0001,0.0002,0.0001,0.0002,0.0003,0.0001,0.0001,0.0002,0.0004,0.0008,0.0005,0.0001,-0.0001,0.0001,0.0001,-0.0002,0.0,0.0001,0.0002,0.0004,-0.0003,38.08
1248757737,(주)두경,,,,,0.0012,0.0574,0.0005,0.0141,0.0032,0.0205,0.0012,0.0,0.0,0.0,0.0,0.0562,-0.0569,0.0136,-0.0109,0.0173,-0.0193,38.04
8938101981,(주)덕양가스,,,,,,,0.001,0.0009,0.0004,0.0017,0.0009,0.0,0.0,0.0,0.0,0.0,0.0,-0.0001,-0.0005,0.0013,-0.0008,37.95
3168108546,롯데엠시시주식회사,0.0013,0.0014,0.0005,0.0004,0.0014,0.0001,0.0002,0.0003,0.0002,0.0002,0.0003,0.0001,-0.0009,-0.0001,0.001,-0.0013,0.0001,0.0001,-0.0001,0.0,0.0001,37.93
3058194469,(주)시드물,0.0006,0.0003,0.0001,0.0001,0.0005,0.0002,0.0002,0.0002,0.0004,0.0009,0.0005,-0.0003,-0.0002,0.0,0.0004,-0.0003,0.0,0.0,0.0002,0.0005,-0.0004,37.87
1368101495,(주)성보잉크,0.0001,0.0003,0.0003,0.0002,0.0007,0.0001,0.0001,0.0004,0.0012,0.001,0.0009,0.0002,0.0,-0.0001,0.0005,-0.0006,0.0,0.0003,0.0008,-0.0002,-0.0001,37.85
1348128732,아성프라스틱공업(주),0.0002,0.0003,0.0001,0.0002,0.0007,0.0001,0.0001,0.0002,0.0005,0.0009,0.0005,0.0001,-0.0002,0.0001,0.0005,-0.0006,0.0,0.0001,0.0003,0.0004,-0.0004,37.85
1278108456,부림케미칼(주),0.0001,0.0003,0.0002,0.0001,0.0002,0.0001,0.0001,0.0002,0.0006,0.0008,0.0005,0.0002,-0.0001,-0.0001,0.0001,-0.0001,0.0,0.0001,0.0004,0.0002,-0.0003,37.83
1388161091,한국우에무라주식회사,0.0003,0.0003,0.0003,0.0003,0.0004,0.0001,0.0002,0.0003,0.0006,0.0007,0.0005,0.0,0.0,0.0,0.0001,-0.0003,0.0001,0.0001,0.0003,0.0001,-0.0002,37.77
6088124066,세기아케마주식회사,0.0002,0.0002,0.0002,0.0003,0.0008,0.0002,0.0001,0.0003,0.0006,0.0008,0.0005,0.0,0.0,0.0001,0.0005,-0.0006,-0.0001,0.0002,0.0003,0.0002,-0.0003,37.72
8148600820,주식회사더파운더즈,,,,,,,,0.0005,0.0001,0.0001,0.0003,0.0,0.0,0.0,0.0,0.0,0.0,0.0,-0.0004,0.0,0.0002,37.71
1278164161,호명화학공업주식회사,0.0037,0.0023,0.0012,0.0371,0.0323,0.0017,0.0015,0.0029,0.1212,0.0022,0.0014,-0.0014,-0.0011,0.0359,-0.0048,-0.0306,-0.0002,0.0014,0.1183,-0.119,-0.0008,37.69
3018174011,주식회사에이티에스,,0.0008,0.0002,0.0004,0.001,0.0004,0.0007,0.0011,0.0013,0.0002,0.0003,0.0,-0.0006,0.0002,0.0006,-0.0006,0.0003,0.0004,0.0002,-0.0011,0.0001,37.68
6218197752,동일고무벨트(주),0.0002,0.0003,0.0002,0.0013,0.0031,0.0004,0.0006,0.0077,0.002,0.0011,0.0011,0.0001,-0.0001,0.0011,0.0018,-0.0027,0.0002,0.0071,-0.0057,-0.0009,0.0,37.68
1398108309,삼신화성산업주식회사,,,,,,,0.0007,0.0003,0.0006,0.0009,0.0005,0.0,0.0,0.0,0.0,0.0,0.0,-0.0004,0.0003,0.0003,-0.0004,37.66
6218144779,(주)거승,,,0.0077,0.0248,0.0095,0.0038,0.0008,0.0028,0.0012,0.0022,0.001,0.0,0.0,0.0171,-0.0153,-0.0057,-0.003,0.002,-0.0016,0.001,-0.0012,37.62
1348173649,한국탄산화학(주),,,,0.0022,0.0032,0.0209,0.0236,0.0317,0.0074,0.0041,0.0037,0.0,0.0,0.0,0.001,0.0177,0.0027,0.0081,-0.0243,-0.0033,-0.0004,37.59
1298188892,(주)바이오앤텍,,,0.0005,0.0003,0.0008,0.0001,0.0001,0.0002,0.0009,0.0005,0.0005,0.0,0.0,-0.0002,0.0005,-0.0007,0.0,0.0001,0.0007,-0.0004,0.0,37.58
1248118896,남양화학공업주식회사,0.0034,0.0112,0.0025,0.0043,0.003,0.0035,0.0007,0.0021,0.0123,0.0015,0.0012,0.0078,-0.0087,0.0018,-0.0013,0.0005,-0.0028,0.0014,0.0102,-0.0108,-0.0003,37.58
2118697583,주식회사콧데,0.0003,0.0003,0.0002,0.0009,0.0014,0.0001,0.0002,0.0004,0.0002,0.0002,0.0003,0.0,-0.0001,0.0007,0.0005,-0.0013,0.0001,0.0002,-0.0002,0.0,0.0001,37.57
3018147299,주식회사유니언스,0.0002,0.0003,0.0002,0.0002,0.0007,0.0002,0.0001,0.0005,0.0002,0.0004,0.0004,0.0001,-0.0001,0.0,0.0005,-0.0005,-0.0001,0.0004,-0.0003,0.0002,0.0,37.55
5148135690,엑스켐코리아(주),,,0.0012,0.0043,0.0014,0.0001,0.0001,0.0003,0.0009,0.0005,0.0005,0.0,0.0,0.0031,-0.0029,-0.0013,0.0,0.0002,0.0006,-0.0004,0.0,37.54
6158136051,(주)차세대케미칼,0.001,0.0007,0.0002,0.0004,0.0011,0.0002,0.0001,0.0002,0.0002,0.0001,0.0003,-0.0003,-0.0005,0.0002,0.0007,-0.0009,-0.0001,0.0001,0.0,-0.0001,0.0002,37.51
1358135444,주식회사와이에스생명과학,0.0001,0.0001,0.0002,0.0001,0.001,0.0001,0.0001,0.0002,0.0002,0.0001,0.0003,0.0,0.0001,-0.0001,0.0009,-0.0009,0.0,0.0001,0.0,-0.0001,0.0002,37.51
1268642970,대륭포장산업(주),,,,,,,,0.0005,0.0006,0.0007,0.0005,0.0,0.0,0.0,0.0,0.0,0.0,0.0,0.0001,0.0001,-0.0002,37.5
1358625179,(주)이지켐,,,0.0006,0.0052,0.0008,0.0017,0.0113,0.2231,0.1217,0.0578,0.0113,0.0,0.0,0.0046,-0.0044,0.0009,0.0096,0.2118,-0.1014,-0.0639,-0.0465,37.37
1228191358,콜마유엑스(주),0.0077,0.1874,0.0385,0.0141,0.0034,0.0049,0.011,0.0111,0.0011,0.0016,0.001,0.1797,-0.1489,-0.0244,-0.0107,0.0015,0.0061,0.0001,-0.01,0.0005,-0.0006,37.37
1358102638,한림제약주식회사,0.0002,0.0002,0.0001,0.0003,0.0003,0.0002,0.0003,0.0008,0.0001,0.0001,0.0003,0.0,-0.0001,0.0002,0.0,-0.0001,0.0001,0.0005,-0.0007,0.0,0.0002,37.34
8718700965,주식회사태성산업,,,,,,,0.0007,0.0009,0.0068,0.0016,0.0012,0.0,0.0,0.0,0.0,0.0,0.0,0.0002,0.0059,-0.0052,-0.0004,37.3
2148608075,(주)계성인더스트리,,,,,,,,0.0004,0.0001,0.0016,0.0008,0.0,0.0,0.0,0.0,0.0,0.0,0.0,-0.0003,0.0015,-0.0008,37.29
3018171479,주식회사와이즈메디,0.0004,0.0004,0.0002,0.0006,0.001,0.0208,0.0685,0.0005,0.0002,0.0002,0.0003,0.0,-0.0002,0.0004,0.0004,0.0198,0.0477,-0.068,-0.0003,0.0,0.0001,37.26
3018109728,주식회사유영제약,0.0021,0.0012,0.0074,0.003,0.003,0.0003,0.0004,0.0005,0.0002,0.0002,0.0003,-0.0009,0.0062,-0.0044,0.0,-0.0027,0.0001,0.0001,-0.0003,0.0,0.0001,37.26
6068119780,(주)오리엔탈코머스,0.0009,0.0022,0.0008,0.0009,0.0071,0.0024,0.0007,0.0011,0.0007,0.0012,0.0008,0.0013,-0.0014,0.0001,0.0062,-0.0047,-0.0017,0.0004,-0.0004,0.0005,-0.0004,37.24
3178130003,주식회사에코프로에이피,,,,,,,,0.0059,0.0052,0.0002,0.0005,0.0,0.0,0.0,0.0,0.0,0.0,0.0,-0.0007,-0.005,0.0003,37.19
3018197858,피아이첨단소재(주),0.0003,0.0002,0.0002,0.0003,0.001,0.0001,0.0003,0.0003,0.0002,0.0038,0.0008,-0.0001,0.0,0.0001,0.0007,-0.0009,0.0002,0.0,-0.0001,0.0036,-0.003,37.16
1368102271,삼지화성(주),0.0011,,,,0.0027,0.0006,0.0002,0.0002,0.001,0.0013,0.0005,0.0,0.0,0.0,0.0,-0.0021,-0.0004,0.0,0.0008,0.0003,-0.0008,37.13
4108181214,(주)하이코리아,0.0002,0.0004,0.0005,0.0008,0.0035,0.0012,0.0208,0.071,0.4428,0.0022,0.0013,0.0002,0.0001,0.0003,0.0027,-0.0023,0.0196,0.0502,0.3718,-0.4406,-0.0009,37.13
1098128100,주식회사태광뉴텍,0.0007,0.0023,0.0008,0.0015,0.0018,0.0002,0.0004,0.0005,0.0004,0.0003,0.0004,0.0016,-0.0015,0.0007,0.0003,-0.0016,0.0002,0.0001,-0.0001,-0.0001,0.0001,37.09
2148842500,(주)리템엘앤씨,,,,,0.0005,0.0002,0.0002,0.0006,0.0003,0.0002,0.0004,0.0,0.0,0.0,0.0,-0.0003,0.0,0.0004,-0.0003,-0.0001,0.0002,37.08
1348169499,주식회사해천케미칼,,,,,,0.0046,0.0571,0.0062,0.0014,0.0037,0.001,0.0,0.0,0.0,0.0,0.0,0.0525,-0.0509,-0.0048,0.0023,-0.0027,37.02
1308158423,동양에폭시주식회사,,,,,,,,0.0011,0.0006,0.0008,0.0007,0.0,0.0,0.0,0.0,0.0,0.0,0.0,-0.0005,0.0002,-0.0001,37.0
3148631901,(주)에스엠테크,,,0.0048,0.0062,0.0015,0.0606,,,0.3718,0.0439,0.0036,0.0,0.0,0.0014,-0.0047,0.0591,0.0,0.0,0.0,-0.3279,-0.0403,36.98
1018110436,디아이지에어가스주식회사,0.0198,0.0167,0.0201,0.0385,0.02,0.0024,0.0019,0.005,0.0006,0.0004,0.0005,-0.0031,0.0034,0.0184,-0.0185,-0.0176,-0.0005,0.0031,-0.0044,-0.0002,0.0001,36.97
6458600864,서우소재주식회사,,,,0.0066,0.0033,0.0047,0.011,0.0102,0.0099,0.0061,0.0034,0.0,0.0,0.0,-0.0033,0.0014,0.0063,-0.0008,-0.0003,-0.0038,-0.0027,36.93
7408100505,주식회사메디플라머터리얼스,,,,,,0.0029,0.0029,0.0098,0.0373,0.004,0.0015,0.0,0.0,0.0,0.0,0.0,0.0,0.0069,0.0275,-0.0333,-0.0025,36.93
1268104796,고려제약(주),0.0008,0.0007,0.0002,0.0004,0.0008,0.0002,0.0001,0.0002,0.0007,0.0088,0.0005,-0.0001,-0.0005,0.0002,0.0004,-0.0006,-0.0001,0.0001,0.0005,0.0081,-0.0083,36.92
1348129804,덕산약품공업주식회사,0.0002,0.0007,0.0003,0.0013,0.0036,0.0003,0.0002,0.001,0.0002,0.0004,0.0004,0.0005,-0.0004,0.001,0.0023,-0.0033,-0.0001,0.0008,-0.0008,0.0002,0.0,36.88
1018693655,(주)삼양패키징,0.0015,0.0105,0.0027,0.0018,0.0026,0.0007,0.0008,0.0025,0.0008,0.0004,0.0005,0.009,-0.0078,-0.0009,0.0008,-0.0019,0.0001,0.0017,-0.0017,-0.0004,0.0001,36.88
5158139030,(주)벽진산업,,,,,,,,0.0013,0.0032,0.0012,0.001,0.0,0.0,0.0,0.0,0.0,0.0,0.0,0.0019,-0.002,-0.0002,36.81
1238609138,스탠드팩,,,,,,0.0025,0.0004,0.0051,0.0052,0.0018,0.0013,0.0,0.0,0.0,0.0,0.0,-0.0021,0.0047,0.0001,-0.0034,-0.0005,36.79
2148803787,켐마트코리아주식회사,0.004,0.0024,0.002,0.0019,0.0055,0.0006,0.0003,0.0016,0.0157,0.0056,0.0015,-0.0016,-0.0004,-0.0001,0.0036,-0.0049,-0.0003,0.0013,0.0141,-0.0101,-0.0041,36.74
3178103980,(주)엠씨에스,,,,,,,0.0005,0.0006,0.0004,0.0003,0.0004,0.0,0.0,0.0,0.0,0.0,0.0,0.0001,-0.0002,-0.0001,0.0001,36.73
5138154317,(주)제이에스테크,,0.004,0.0022,0.002,0.0238,0.003,0.072,0.0261,0.0077,0.0048,0.0038,0.0,-0.0018,-0.0002,0.0218,-0.0208,0.069,-0.0459,-0.0184,-0.0029,-0.001,36.72
2148104598,(주)농협케미컬,0.0004,0.0013,0.0004,0.001,0.0078,0.0022,0.0024,0.0016,0.0042,0.001,0.0009,0.0009,-0.0009,0.0006,0.0068,-0.0056,0.0002,-0.0008,0.0026,-0.0032,-0.0001,36.71
6028144536,(주)더몰론코리아,0.0096,0.1041,,,,,,,,,0.0004,0.0945,0.0,0.0,0.0,0.0,0.0,0.0,0.0,0.0,0.0,36.67
1438115890,주식회사엘케이에스,,,,,,,,0.001,0.0002,0.0002,0.0003,0.0,0.0,0.0,0.0,0.0,0.0,0.0,-0.0008,0.0,0.0001,36.59
1348101219,대화페인트공업(주),0.0002,0.0001,0.0002,0.0002,0.004,0.0107,0.0003,0.0075,0.0944,0.0151,0.0016,-0.0001,0.0001,0.0,0.0038,0.0067,-0.0104,0.0072,0.0869,-0.0793,-0.0135,36.59
4108163822,안성테크주식회사,,,,,,0.0013,0.0005,0.0227,0.0017,,0.0006,0.0,0.0,0.0,0.0,0.0,-0.0008,0.0222,-0.021,0.0,0.0,36.54
3108120412,우창실업주식회사,0.002,0.0067,0.0033,0.0031,0.0051,0.0013,0.0005,0.001,0.0011,0.0018,0.0005,0.0047,-0.0034,-0.0002,0.002,-0.0038,-0.0008,0.0005,0.0001,0.0007,-0.0013,36.52
1258132305,(주)피앤씨,0.0013,0.0061,0.0022,0.0044,0.0017,0.004,0.0009,0.0043,0.0011,0.0018,0.0009,0.0048,-0.0039,0.0022,-0.0027,0.0023,-0.0031,0.0034,-0.0032,0.0007,-0.0009,36.51
1398108522,태양합성주식회사,0.0001,0.0002,0.0001,0.0003,0.0004,0.0003,0.0002,0.0015,0.001,0.0012,0.0008,0.0001,-0.0001,0.0002,0.0001,-0.0001,-0.0001,0.0013,-0.0005,0.0002,-0.0004,36.45
1248136031,(주)홍일산업,0.0005,0.0005,0.0006,0.0216,0.0732,0.0009,0.0005,0.0013,0.0002,0.0002,0.0003,0.0,0.0001,0.021,0.0516,-0.0723,-0.0004,0.0008,-0.0011,0.0,0.0001,36.44
1348101179,선진뷰티사이언스(주),0.0011,0.0005,0.0001,0.0002,0.001,0.0007,0.0005,0.0017,0.0009,0.0012,0.0008,-0.0006,-0.0004,0.0001,0.0008,-0.0003,-0.0002,0.0012,-0.0008,0.0003,-0.0004,36.44
3148187356,(주)엔지노믹스,,,,0.0008,0.0043,,0.0001,0.0001,0.0001,0.0001,0.0002,0.0,0.0,0.0,0.0035,0.0,0.0,0.0,0.0,0.0,0.0001,36.42
3088104078,부영산업주식회사,0.0041,0.1145,0.0073,0.0048,0.002,0.0027,0.0008,0.0011,0.0003,0.0004,0.0004,0.1104,-0.1072,-0.0025,-0.0028,0.0007,-0.0019,0.0003,-0.0008,0.0001,0.0,36.41
4018153863,(주)제이아이테크,,,,,,0.0011,0.0004,0.0021,0.0002,0.0001,0.0004,0.0,0.0,0.0,0.0,0.0,-0.0007,0.0017,-0.0019,-0.0001,0.0003,36.32
1248601143,(주)대웅제약,0.0002,0.0004,0.0006,0.0007,0.0075,0.001,0.0051,0.0013,0.0003,0.0004,0.0004,0.0002,0.0002,0.0001,0.0068,-0.0065,0.0041,-0.0038,-0.001,0.0001,0.0,36.3
1258103343,상진기업주식회사,0.0004,0.0006,0.0007,0.0006,0.0061,0.0014,0.0003,0.0005,0.0005,0.0006,0.0005,0.0002,0.0001,-0.0001,0.0055,-0.0047,-0.0011,0.0002,0.0,0.0001,-0.0001,36.29
1348127048,아성플라스틱밸브(주),0.0001,0.0003,0.0002,0.0001,0.0002,0.0001,0.0002,0.0002,0.0004,0.0005,0.0004,0.0002,-0.0001,-0.0001,0.0001,-0.0001,0.0001,0.0,0.0002,0.0001,-0.0001,36.16
1208748901,주식회사뷰티팩토리(beautyfactory),,,,,,,0.0008,0.0237,0.0708,0.0016,0.0011,0.0,0.0,0.0,0.0,0.0,0.0,0.0229,0.0471,-0.0692,-0.0005,36.14
6088600341,주식회사진성이앤지,,,,,,,,0.002,0.0042,0.0026,0.0012,0.0,0.0,0.0,0.0,0.0,0.0,0.0,0.0022,-0.0016,-0.0014,36.01
2158194429,(주)케이엠헬스케어,0.0006,0.0014,0.0015,0.0012,0.0093,0.0011,0.0004,0.0004,0.0002,0.0009,0.0006,0.0008,0.0001,-0.0003,0.0081,-0.0082,-0.0007,0.0,-0.0002,0.0007,-0.0003,35.75
3358601141,신우케미칼주식회사,,,,,,,,,0.014,0.0069,0.0021,0.0,0.0,0.0,0.0,0.0,0.0,0.0,0.0,-0.0071,-0.0048,35.73
1288133093,(주)베리콤,,0.0006,0.0002,0.0001,0.0004,0.0,0.0001,0.0002,0.0001,0.0,0.0003,0.0,-0.0004,-0.0001,0.0003,-0.0004,0.0001,0.0001,-0.0001,-0.0001,0.0003,35.71
6218110769,넥센타이어(주),0.0006,0.0009,0.0004,0.0004,0.0013,0.0003,0.0038,0.0301,0.1079,0.0011,0.0009,0.0003,-0.0005,0.0,0.0009,-0.001,0.0035,0.0263,0.0778,-0.1068,-0.0002,35.67
1348113108,한국프리팩주),0.0004,0.0014,0.0008,0.02,0.0539,0.001,0.0004,0.0006,0.0005,0.0103,0.0007,0.001,-0.0006,0.0192,0.0339,-0.0529,-0.0006,0.0002,-0.0001,0.0098,-0.0096,35.63
1228109066,유한크로락스,0.0001,0.0002,0.0002,0.0001,0.0006,0.0001,0.0001,0.0001,0.0005,0.0006,0.0004,0.0001,0.0,-0.0001,0.0005,-0.0005,0.0,0.0,0.0004,0.0001,-0.0002,35.49
1278112076,영진산업(주),,,,,,,,0.0173,0.4045,0.004,0.0012,0.0,0.0,0.0,0.0,0.0,0.0,0.0,0.3872,-0.4005,-0.0028,35.46
3318100733,동국생명과학(주),,,,0.0008,0.0012,0.0002,0.0005,0.0031,0.0049,0.0048,0.001,0.0,0.0,0.0,0.0004,-0.001,0.0003,0.0026,0.0018,-0.0001,-0.0038,35.43
3038168252,새한비엔피(주),0.0067,0.0078,0.003,0.0035,0.0008,0.0039,0.0004,0.0034,0.0121,0.0034,0.0012,0.0011,-0.0048,0.0005,-0.0027,0.0031,-0.0035,0.003,0.0087,-0.0087,-0.0022,35.38
1108133923,케이피엑스케미칼(주),0.0002,0.0004,0.0002,0.0005,0.0023,0.0003,0.0001,0.0003,0.0002,0.0001,0.0003,0.0002,-0.0002,0.0003,0.0018,-0.002,-0.0002,0.0002,-0.0001,-0.0001,0.0002,35.32
3018177492,린텍코리아주식회사,0.0001,0.0004,0.0001,0.0003,0.0009,0.0002,0.0001,0.0001,0.0002,0.0001,0.0002,0.0003,-0.0003,0.0002,0.0006,-0.0007,-0.0001,0.0,0.0001,-0.0001,0.0001,35.25
1348108982,(주)노루케미칼,0.0465,0.0421,0.0176,0.0065,0.0055,0.0264,0.0057,0.0025,0.0088,0.0051,0.0012,-0.0044,-0.0245,-0.0111,-0.001,0.0209,-0.0207,-0.0032,0.0063,-0.0037,-0.0039,35.24
1428154740,키맥스주식회사,0.0001,0.0002,0.0001,0.0001,0.0005,0.0001,0.0001,0.0004,0.0006,0.0004,0.0004,0.0001,-0.0001,0.0,0.0004,-0.0004,0.0,0.0003,0.0002,-0.0002,0.0,35.22
6188115827,(주)넥센,0.0002,0.0006,0.0003,0.0002,0.0006,0.0003,0.0035,0.0171,0.0571,0.0016,0.001,0.0004,-0.0003,-0.0001,0.0004,-0.0003,0.0032,0.0136,0.04,-0.0555,-0.0006,35.18
1248130662,태경산업(주),0.0005,0.0217,0.0023,0.0025,0.0062,0.0019,0.0011,0.0004,0.0002,0.0003,0.0003,0.0212,-0.0194,0.0002,0.0037,-0.0043,-0.0008,-0.0007,-0.0002,0.0001,0.0,34.96
6718701781,주식회사한국화학,,,,,,,,,0.0022,0.0017,0.0012,0.0,0.0,0.0,0.0,0.0,0.0,0.0,0.0,-0.0005,-0.0005,34.93
1348102843,미원상사(주),0.0002,0.0004,0.0002,0.0005,0.0018,0.0002,0.0001,0.0003,0.0001,0.0006,0.0005,0.0002,-0.0002,0.0003,0.0013,-0.0016,-0.0001,0.0002,-0.0002,0.0005,-0.0001,34.82
1258116741,인테그리스코리아주식회사,,,,,,0.0001,0.0001,0.0002,0.0004,0.0001,0.0002,0.0,0.0,0.0,0.0,0.0,0.0,0.0001,0.0002,-0.0003,0.0001,34.74
1088164516,주식회사고그린라이프,,,,,,,0.0003,0.0002,0.0005,0.0001,0.0002,0.0,0.0,0.0,0.0,0.0,0.0,-0.0001,0.0003,-0.0004,0.0001,34.67
3888100836,한국썸벧(주),,,,0.0012,0.0011,0.0002,0.0002,0.0005,0.0002,0.0001,0.0003,0.0,0.0,0.0,-0.0001,-0.0009,0.0,0.0003,-0.0003,-0.0001,0.0002,34.65
8468102214,한국폴리아세탈주식회사,,,,,,,,,0.0009,0.0015,0.0005,0.0,0.0,0.0,0.0,0.0,0.0,0.0,0.0,0.0006,-0.001,34.62
5048125026,(주)천보정밀,,0.0007,0.0002,0.0002,0.0015,0.0014,0.0059,0.0023,0.0003,0.0018,0.0007,0.0,-0.0005,0.0,0.0013,-0.0001,0.0045,-0.0036,-0.002,0.0015,-0.0011,34.53
1358615900,주식회사코코,,,0.0008,0.0002,0.0005,0.0685,0.0423,0.0571,0.0003,0.0007,0.0006,0.0,0.0,-0.0006,0.0003,0.068,-0.0262,0.0148,-0.0568,0.0004,-0.0001,34.52
3078141110,태성에컴스주식회사,,,0.0006,0.0003,0.0013,0.0002,0.0004,0.0011,0.0017,0.0004,0.0004,0.0,0.0,-0.0003,0.001,-0.0011,0.0002,0.0007,0.0006,-0.0013,0.0,34.49
8198701383,주식회사논픽션,,,,,,,,0.0006,0.0002,0.0001,0.0003,0.0,0.0,0.0,0.0,0.0,0.0,0.0,-0.0004,-0.0001,0.0002,34.44
3498800257,(주)아이팩인더스트리,,,,,,,,0.0005,0.0007,0.0008,0.0004,0.0,0.0,0.0,0.0,0.0,0.0,0.0,0.0002,0.0001,-0.0004,34.4
1258612492,주식회사신아메드,,,,,,,,0.0011,0.0007,0.0009,0.0006,0.0,0.0,0.0,0.0,0.0,0.0,0.0,-0.0004,0.0002,-0.0003,34.4
6218103405,(주)신기,0.0009,0.001,0.0014,0.0112,0.0004,0.0014,0.0026,0.0012,0.0363,0.0023,0.001,0.0001,0.0004,0.0098,-0.0108,0.001,0.0012,-0.0014,0.0351,-0.034,-0.0013,34.35
3928700249,(주)제이켐,,,,,,,,0.0028,0.0017,0.0014,0.0013,0.0,0.0,0.0,0.0,0.0,0.0,0.0,-0.0011,-0.0003,-0.0001,34.33
1248101721,한국삼공주식회사,0.0005,0.001,0.0004,0.0003,0.0015,0.0004,0.0005,0.0005,0.0003,0.0002,0.0003,0.0005,-0.0006,-0.0001,0.0012,-0.0011,0.0001,0.0,-0.0002,-0.0001,0.0001,34.3
1348133502,(주)에스켐텍,0.0004,0.0004,0.0001,0.0004,0.0009,0.0004,0.0004,0.0005,0.003,0.0001,0.0002,0.0,-0.0003,0.0003,0.0005,-0.0005,0.0,0.0001,0.0025,-0.0029,0.0001,34.29
5758101477,(주)한영,,,,,,0.0035,0.023,0.0196,0.0157,0.008,0.0031,0.0,0.0,0.0,0.0,0.0,0.0195,-0.0034,-0.0039,-0.0077,-0.0049,34.28
1228105376,범우화학공업주식회사,0.0003,0.0003,0.0003,0.0003,0.0008,0.0002,0.0004,0.0006,0.0021,0.0001,0.0002,0.0,0.0,0.0,0.0005,-0.0006,0.0002,0.0002,0.0015,-0.002,0.0001,34.26
6168113726,농업회사법인제주비료주식회사,,,,,,,,,0.0022,0.0087,0.0005,0.0,0.0,0.0,0.0,0.0,0.0,0.0,0.0,0.0065,-0.0082,34.26
1338126013,한일화학(주),,,,,0.0017,0.0002,0.0001,0.0026,,,0.0003,0.0,0.0,0.0,0.0,-0.0015,-0.0001,0.0025,0.0,0.0,0.0,34.24
2088128353,에스케이바이오텍주식회사,,0.0004,0.0001,0.0001,0.0071,0.0267,0.0007,0.0003,0.0003,0.0003,0.0003,0.0,-0.0003,0.0,0.007,0.0196,-0.026,-0.0004,0.0,0.0,0.0,34.24
1048136755,한덕화학주식회사,0.0004,0.0002,0.0002,0.0003,0.0004,0.0002,0.0001,0.0002,0.0001,0.0001,0.0002,-0.0002,0.0,0.0001,0.0001,-0.0002,-0.0001,0.0001,-0.0001,0.0,0.0001,34.22
1338125334,(주)광진화학,0.001,0.0024,0.0009,0.0003,0.0011,0.0002,0.0001,0.0002,0.0001,0.0001,0.0002,0.0014,-0.0015,-0.0006,0.0008,-0.0009,-0.0001,0.0001,-0.0001,0.0,0.0001,34.22
5248601789,솔브레인(주),,,,,,,0.0003,0.0002,0.0001,0.0001,0.0002,0.0,0.0,0.0,0.0,0.0,0.0,-0.0001,-0.0001,0.0,0.0001,34.22
6158117068,(주)성진화학,,,0.001,0.0004,0.0005,0.0002,0.0002,0.0002,0.0001,0.0001,0.0002,0.0,0.0,-0.0006,0.0001,-0.0003,0.0,0.0,-0.0001,0.0,0.0001,34.22
6108109108,롯데이네오스화학주식회사,0.0004,0.0003,0.0002,0.0004,0.0011,0.0001,0.0001,0.0002,0.0001,0.0001,0.0002,-0.0001,-0.0001,0.0002,0.0007,-0.001,0.0,0.0001,-0.0001,0.0,0.0001,34.22
3018106847,영일제약(주),0.0051,0.0003,0.0002,0.0001,0.001,0.0001,0.0001,0.0001,0.0059,0.0001,0.0002,-0.0048,-0.0001,-0.0001,0.0009,-0.0009,0.0,0.0,0.0058,-0.0058,0.0001,34.16
5228800283,코오롱바스프이노폼(주),,,,0.0091,0.0054,0.0631,0.0021,0.0151,0.0044,0.0025,0.0021,0.0,0.0,0.0,-0.0037,0.0577,-0.061,0.013,-0.0107,-0.0019,-0.0004,34.15
1318628077,(주)더가든오브내추럴솔루션,0.0006,0.0003,0.0006,0.0004,0.0016,0.0005,0.0005,0.0009,0.0035,0.0019,0.0009,-0.0003,0.0003,-0.0002,0.0012,-0.0011,0.0,0.0004,0.0026,-0.0016,-0.001,34.1
1438122464,(주)서광,,,,,,,,0.0009,0.0002,0.0003,0.0003,0.0,0.0,0.0,0.0,0.0,0.0,0.0,-0.0007,0.0001,0.0,34.07
1248192047,(주)시안,0.0006,0.0004,0.0009,0.0021,0.0016,0.0048,0.0016,0.028,0.0008,0.0011,0.0007,-0.0002,0.0005,0.0012,-0.0005,0.0032,-0.0032,0.0264,-0.0272,0.0003,-0.0004,34.06
1238146822,(주)디어스아이,0.0009,0.0006,0.0007,0.0006,0.0037,0.0057,0.01,0.0152,0.0174,0.021,0.0004,-0.0003,0.0001,-0.0001,0.0031,0.002,0.0043,0.0052,0.0022,0.0036,-0.0206,33.96
1268172974,(주)석암이앤씨,,,,,,,,,0.0019,0.0018,0.001,0.0,0.0,0.0,0.0,0.0,0.0,0.0,0.0,-0.0001,-0.0008,33.93
2208657488,(주)금성케이엔티,0.0502,0.0081,0.0036,0.0038,0.003,0.003,0.002,0.0527,0.0101,0.0063,0.0029,-0.0421,-0.0045,0.0002,-0.0008,0.0,-0.001,0.0507,-0.0426,-0.0038,-0.0034,33.92
1018118476,대정화금(주),0.0002,0.0006,0.0002,0.0002,0.0006,0.0001,0.0001,0.0003,0.0001,0.0001,0.0002,0.0004,-0.0004,0.0,0.0004,-0.0005,0.0,0.0002,-0.0002,0.0,0.0001,33.86
3018633558,주식회사에이치에스바이오,,,0.0183,0.0125,0.006,0.0037,0.0008,0.0003,0.0001,0.0001,0.0002,0.0,0.0,-0.0058,-0.0065,-0.0023,-0.0029,-0.0005,-0.0002,0.0,0.0001,33.86
1078646956,발카코리아주식회사,0.0002,0.0003,0.0001,0.0002,0.0005,0.0001,0.0001,0.0003,0.0001,0.0001,0.0002,0.0001,-0.0002,0.0001,0.0003,-0.0004,0.0,0.0002,-0.0002,0.0,0.0001,33.86
1098146447,티케이지우당주식회사,,,,0.0015,0.0013,0.0002,0.0002,0.0003,0.0001,0.0001,0.0002,0.0,0.0,0.0,-0.0002,-0.0011,0.0,0.0001,-0.0002,0.0,0.0001,33.86
1348101771,(주)동광,,,,,,,,0.0014,0.0002,0.0003,0.0003,0.0,0.0,0.0,0.0,0.0,0.0,0.0,-0.0012,0.0001,0.0,33.78
1048107677,주식회사지에스켐,0.0003,0.0004,0.0003,0.0094,0.0031,0.0031,0.0008,0.0024,0.0119,0.0019,0.0009,0.0001,-0.0001,0.0091,-0.0063,0.0,-0.0023,0.0016,0.0095,-0.01,-0.001,33.71
6098152997,(주)네오플라테크창원,0.0288,0.0983,0.0025,0.0013,0.0005,0.0004,0.001,0.0312,0.1957,0.005,0.001,0.0695,-0.0958,-0.0012,-0.0008,-0.0001,0.0006,0.0302,0.1645,-0.1907,-0.004,33.63
1318179509,(주)서울화장품,0.0005,0.0003,0.0004,0.0011,0.0525,0.3124,0.0006,0.0019,0.0741,0.0021,0.0009,-0.0002,0.0001,0.0007,0.0514,0.2599,-0.3118,0.0013,0.0722,-0.072,-0.0012,33.61
1028134955,(주)한솔케미칼,0.0008,0.0011,0.001,0.0006,0.0004,0.0005,0.0003,0.0004,0.0001,0.0001,0.0002,0.0003,-0.0001,-0.0004,-0.0002,0.0001,-0.0002,0.0001,-0.0003,0.0,0.0001,33.55
1518700589,주식회사구다이글로벌,,,,,,,,,0.0005,0.0004,0.0004,0.0,0.0,0.0,0.0,0.0,0.0,0.0,0.0,-0.0001,0.0,33.4
1288116513,대광고분자(주),,0.0028,0.0036,0.0074,0.0554,0.0035,0.0007,0.0008,0.0009,0.0009,0.0005,0.0,0.0008,0.0038,0.048,-0.0519,-0.0028,0.0001,0.0001,0.0,-0.0004,33.36
3128108961,(주)대진,0.0001,0.0002,0.0002,0.0004,0.023,0.0014,0.0007,0.0055,0.0004,0.0011,0.0006,0.0001,0.0,0.0002,0.0226,-0.0216,-0.0007,0.0048,-0.0051,0.0007,-0.0005,33.33
1348117477,에스피삼화(주),0.0002,0.0007,0.0007,0.0076,0.0054,0.0061,0.0011,0.0263,0.0016,0.0007,0.0007,0.0005,0.0,0.0069,-0.0022,0.0007,-0.005,0.0252,-0.0247,-0.0009,0.0,33.28
1348110440,(주)현대포리텍,0.0008,0.0012,0.0017,0.0097,0.0034,0.0158,0.0017,0.004,0.0007,0.001,0.0006,0.0004,0.0005,0.008,-0.0063,0.0124,-0.0141,0.0023,-0.0033,0.0003,-0.0004,33.21
1298100178,(주)대웅,0.0001,0.0004,0.0003,0.0004,0.0027,0.0003,0.0003,0.0006,0.0001,0.0001,0.0002,0.0003,-0.0001,0.0001,0.0023,-0.0024,0.0,0.0003,-0.0005,0.0,0.0001,33.18
1418130838,주식회사칠성,,,,,0.0004,0.0002,0.0001,0.0002,0.0002,0.0001,0.0002,0.0,0.0,0.0,0.0,-0.0002,-0.0001,0.0001,0.0,-0.0001,0.0001,33.14
2648120986,주식회사이든파마,,,0.006,0.0072,0.0101,0.0017,0.0005,0.0002,0.0002,0.0001,0.0002,0.0,0.0,0.0012,0.0029,-0.0084,-0.0012,-0.0003,0.0,-0.0001,0.0001,33.14
2158136171,환인제약(주),0.0001,0.0001,0.0002,0.0003,0.0005,0.0001,0.0001,0.0002,0.0002,0.0001,0.0002,0.0,0.0001,0.0001,0.0002,-0.0004,0.0,0.0001,0.0,-0.0001,0.0001,33.14
1318633323,(주)케이에스펄,0.0006,0.0004,0.0008,0.0006,0.0009,0.0003,0.0002,0.0002,0.0002,0.0001,0.0002,-0.0002,0.0004,-0.0002,0.0003,-0.0006,-0.0001,0.0,0.0,-0.0001,0.0001,33.14
1358153118,(주)대일제약,,,,,,,0.0006,0.0015,0.0004,0.0006,0.0005,0.0,0.0,0.0,0.0,0.0,0.0,0.0009,-0.0011,0.0002,-0.0001,33.08
1348105821,(주)센텍,0.0005,0.0009,0.0002,0.0023,0.006,0.0015,0.001,0.001,0.0004,0.0002,0.0003,0.0004,-0.0007,0.0021,0.0037,-0.0045,-0.0005,0.0,-0.0006,-0.0002,0.0001,33.07
1368123975,에치에스켐(주),,0.0008,0.0001,0.0003,0.0193,0.0005,0.0002,0.0007,0.0001,0.0001,0.0002,0.0,-0.0007,0.0002,0.019,-0.0188,-0.0003,0.0005,-0.0006,0.0,0.0001,33.06
6098101921,(주)DH케미칼,0.0003,0.0002,0.0001,0.0002,0.0018,0.0013,0.0007,0.0011,0.0009,0.0009,0.0007,-0.0001,-0.0001,0.0001,0.0016,-0.0005,-0.0006,0.0004,-0.0002,0.0,-0.0002,33.04
2148108779,(주)경농,0.0008,0.0017,0.0019,0.0017,0.0071,0.0018,0.0008,0.0009,0.0002,0.0007,0.0005,0.0009,0.0002,-0.0002,0.0054,-0.0053,-0.001,0.0001,-0.0007,0.0005,-0.0002,33.04
1178118277,(주)코리아아그로,,,,,,,0.0003,0.0001,0.0999,0.0007,0.0006,0.0,0.0,0.0,0.0,0.0,0.0,-0.0002,0.0998,-0.0992,-0.0001,32.99
2108600784,(주)하영에스엠씨,,,,,,0.0018,0.0019,0.0051,0.0074,0.003,0.0009,0.0,0.0,0.0,0.0,0.0,0.0001,0.0032,0.0023,-0.0044,-0.0021,32.92
3038122839,(주)플라스틱과사람들,0.0002,0.0006,0.0004,0.0005,0.0014,0.0004,0.0003,0.0009,0.0301,0.0007,0.0006,0.0004,-0.0002,0.0001,0.0009,-0.001,-0.0001,0.0006,0.0292,-0.0294,-0.0001,32.89
1248711838,(주)신양산업,,,0.0005,0.0002,0.0003,0.0001,0.0001,0.0012,0.0002,0.0007,0.0005,0.0,0.0,-0.0003,0.0001,-0.0002,0.0,0.0011,-0.001,0.0005,-0.0002,32.84
1428117861,(주)엑티브온,,,,,,0.0034,0.0034,0.0023,0.0009,0.0283,0.0006,0.0,0.0,0.0,0.0,0.0,0.0,-0.0011,-0.0014,0.0274,-0.0277,32.7
1238114261,삼영잉크페인트제조주식회사,0.0002,0.0003,0.0002,0.0005,0.0011,0.0003,0.0002,0.0005,0.0013,0.0008,0.0006,0.0001,-0.0001,0.0003,0.0006,-0.0008,-0.0001,0.0003,0.0008,-0.0005,-0.0002,32.66
8608800147,주식회사고혼진리퍼블릭,,,,,,,0.0003,0.0001,0.0002,0.0002,0.0002,0.0,0.0,0.0,0.0,0.0,0.0,-0.0002,0.0001,0.0,0.0,32.64
1068643373,(주)아모레퍼시픽,0.0004,0.0002,0.0002,0.0002,0.0005,0.0002,0.0005,0.0005,0.0003,0.0014,0.0005,-0.0002,0.0,0.0,0.0003,-0.0003,0.0003,0.0,-0.0002,0.0011,-0.0009,32.55
4188101820,(주)한풍제약,,,,,,0.0017,0.0003,0.0005,0.0003,0.0014,0.0005,0.0,0.0,0.0,0.0,0.0,-0.0014,0.0002,-0.0002,0.0011,-0.0009,32.55
3148100849,한전원자력연료(주),0.0002,0.0003,0.0003,0.0009,0.0107,0.0002,0.0002,0.0007,0.0011,0.0009,0.0006,0.0001,0.0,0.0006,0.0098,-0.0105,0.0,0.0005,0.0004,-0.0002,-0.0003,32.5
2208844949,주식회사알보젠코리아홀딩스,0.1523,0.0026,0.0011,0.002,0.0038,0.001,0.0017,0.0598,0.0005,0.0013,0.0006,-0.1497,-0.0015,0.0009,0.0018,-0.0028,0.0007,0.0581,-0.0593,0.0008,-0.0007,32.49
6218101504,(주)동명,0.0007,0.0009,0.0007,0.001,0.0027,0.0016,0.0096,0.0381,0.0075,0.002,0.0017,0.0002,-0.0002,0.0003,0.0017,-0.0011,0.008,0.0285,-0.0306,-0.0055,-0.0003,32.49
5158126442,(주)휴먼허브,,,,,,,,,0.0004,0.0001,0.0002,0.0,0.0,0.0,0.0,0.0,0.0,0.0,0.0,-0.0003,0.0001,32.48
3088144366,주식회사씨엔에프,,,0.0006,0.0001,0.0003,0.0001,0.0001,0.0003,0.0019,0.0296,0.0003,0.0,0.0,-0.0005,0.0002,-0.0002,0.0,0.0002,0.0016,0.0277,-0.0293,32.37
1048124846,(주)유니드,0.0002,0.0006,0.0004,0.0008,0.0042,0.0005,0.0003,0.0003,0.0004,0.0009,0.0003,0.0004,-0.0002,0.0004,0.0034,-0.0037,-0.0002,0.0,0.0001,0.0005,-0.0006,32.36
1438117239,신성오토텍주식회사,,,0.0017,0.0025,0.0095,0.002,0.0007,0.0018,0.0002,0.0008,0.0005,0.0,0.0,0.0008,0.007,-0.0075,-0.0013,0.0011,-0.0016,0.0006,-0.0003,32.19
3128619880,(주)엘라스켐,0.0002,0.0002,0.0001,0.001,0.0045,0.029,0.0544,0.058,0.4279,0.0003,0.0003,0.0,-0.0001,0.0009,0.0035,0.0245,0.0254,0.0036,0.3699,-0.4276,0.0,32.18
1308703541,주식회사엠케이산업,,,,,0.0002,0.0008,0.003,0.001,0.0317,0.0022,0.0008,0.0,0.0,0.0,0.0,0.0006,0.0022,-0.002,0.0307,-0.0295,-0.0014,32.16
1398105146,(주)스노젠,0.0001,0.0003,0.0003,0.0006,0.0356,0.0012,0.0008,0.0018,0.0239,0.0026,0.0008,0.0002,0.0,0.0003,0.035,-0.0344,-0.0004,0.001,0.0221,-0.0213,-0.0018,32.0
1368120250,(주)티피지,0.0003,,0.0002,0.0003,0.0011,0.0601,0.0019,0.0007,0.0342,0.0003,0.0003,0.0,0.0,0.0001,0.0008,0.059,-0.0582,-0.0012,0.0335,-0.0339,0.0,31.97
2188104794,대성씨앤에스주식회사,0.0003,0.0005,0.0005,0.0008,0.0022,0.0004,0.0022,0.0032,0.0588,0.0029,0.0008,0.0002,0.0,0.0003,0.0014,-0.0018,0.0018,0.001,0.0556,-0.0559,-0.0021,31.96
6258100278,주식회사정코스,,,,,0.0005,0.0001,0.0002,0.0002,0.0002,0.0004,0.0003,0.0,0.0,0.0,0.0,-0.0004,0.0001,0.0,0.0,0.0002,-0.0001,31.95
2228135336,주식회사화승티엔드씨,,,,,,,0.0008,0.0055,0.0643,0.0029,0.0008,0.0,0.0,0.0,0.0,0.0,0.0,0.0047,0.0588,-0.0614,-0.0021,31.94
1078647159,케이엠텍(주),,,,,,,,0.0017,0.0088,0.0029,0.0008,0.0,0.0,0.0,0.0,0.0,0.0,0.0,0.0071,-0.0059,-0.0021,31.91
1258115515,삼전순약공업(주),0.0003,0.0002,0.0002,0.0002,0.0007,0.0001,0.0001,0.0002,0.0001,0.0006,0.0004,-0.0001,0.0,0.0,0.0005,-0.0006,0.0,0.0001,-0.0001,0.0005,-0.0002,31.9
1348676092,대림플라텍주식회사,,0.001,0.0031,0.0027,0.001,0.001,0.0002,0.001,0.0005,0.0013,0.0005,0.0,0.0021,-0.0004,-0.0017,0.0,-0.0008,0.0008,-0.0005,0.0008,-0.0008,31.84
1258152989,(주)제일케미칼,,,,,,,,,0.001,0.0001,0.0002,0.0,0.0,0.0,0.0,0.0,0.0,0.0,0.0,-0.0009,0.0001,31.83
1338126522,세화공업주식회사,0.0003,0.0007,0.0003,0.0009,0.0041,0.0704,0.0003,0.0017,0.0286,0.0034,0.0008,0.0004,-0.0004,0.0006,0.0032,0.0663,-0.0701,0.0014,0.0269,-0.0252,-0.0026,31.76
6108172260,피피지에스에스씨주식회사,0.0005,0.0004,0.0007,0.0051,0.0432,0.0629,0.0445,0.0472,0.5524,0.0016,0.0007,-0.0001,0.0003,0.0044,0.0381,0.0197,-0.0184,0.0027,0.5052,-0.5508,-0.0009,31.75
8808701070,효성티앤씨(주),,,,,0.0004,0.0009,0.0007,0.0008,0.0011,0.0015,0.0003,0.0,0.0,0.0,0.0,0.0005,-0.0002,0.0001,0.0003,0.0004,-0.0012,31.73
1338130424,(주)케이디코퍼레이션,0.0007,0.0006,0.0007,0.0212,0.0036,0.0713,0.0002,0.0007,0.0017,0.0021,0.0003,-0.0001,0.0001,0.0205,-0.0176,0.0677,-0.0711,0.0005,0.001,0.0004,-0.0018,31.68
8248702502,주식회사엘케이셀텍,,,,,,,,,0.0026,0.0004,0.0004,0.0,0.0,0.0,0.0,0.0,0.0,0.0,0.0,-0.0022,0.0,31.67
2148671641,(주)셀트리온제약,0.0064,0.0234,0.124,0.0101,0.0327,0.0037,0.0006,0.0005,0.0007,0.0008,0.0003,0.017,0.1006,-0.1139,0.0226,-0.029,-0.0031,-0.0001,0.0002,0.0001,-0.0005,31.65
1278110082,일광잉크페인트(주),0.0003,0.0003,0.0001,0.0002,0.0006,0.0003,0.0001,0.002,0.0023,0.0003,0.0003,0.0,-0.0002,0.0001,0.0004,-0.0003,-0.0002,0.0019,0.0003,-0.002,0.0,31.64
4168147228,에스엘피주식회사,0.0016,0.0011,0.0005,0.0002,0.0005,0.0001,0.0002,0.0003,0.0042,0.0009,0.0006,-0.0005,-0.0006,-0.0003,0.0003,-0.0004,0.0001,0.0001,0.0039,-0.0033,-0.0003,31.64
2298110729,대한뉴팜(주),0.0034,0.0011,0.0029,0.0333,0.0039,0.0003,0.0017,0.0002,0.0001,0.0002,0.0002,-0.0023,0.0018,0.0304,-0.0294,-0.0036,0.0014,-0.0015,-0.0001,0.0001,0.0,31.61
4178104858,한국바스프주식회사,0.0003,0.0005,0.0002,0.0002,0.0004,0.0001,0.0001,0.0002,0.0001,0.0002,0.0002,0.0002,-0.0003,0.0,0.0002,-0.0003,0.0,0.0001,-0.0001,0.0001,0.0,31.61
1208168899,신젠타코리아,0.0006,0.0009,0.0006,0.0007,0.0028,0.0005,0.0031,0.0008,0.0004,0.0026,0.0005,0.0003,-0.0003,0.0001,0.0021,-0.0023,0.0026,-0.0023,-0.0004,0.0022,-0.0021,31.61
5218800989,(주)한퓨어,,,,,,,,0.002,0.0006,0.0008,0.0005,0.0,0.0,0.0,0.0,0.0,0.0,0.0,-0.0014,0.0002,-0.0003,31.54
1248160899,(주)소야그린텍,0.0197,0.0187,,,0.0123,0.0026,0.0006,0.0014,0.0007,0.001,0.0005,-0.001,0.0,0.0,0.0,-0.0097,-0.002,0.0008,-0.0007,0.0003,-0.0005,31.52
2048188820,(주)이엔에스코리아,,,,,0.0003,0.0005,0.0004,0.0014,0.0008,0.0013,0.0005,0.0,0.0,0.0,0.0,0.0002,-0.0001,0.001,-0.0006,0.0005,-0.0008,31.42
6218128444,금정산업(주),,,,,,,0.0006,0.0006,0.0004,0.0005,0.0004,0.0,0.0,0.0,0.0,0.0,0.0,0.0,-0.0002,0.0001,-0.0001,31.35
5138117006,세일기업주식회사,,,,,,,,0.0007,0.0009,0.0006,0.0005,0.0,0.0,0.0,0.0,0.0,0.0,0.0,0.0002,-0.0003,-0.0001,31.34
1258188677,(주)켐코스,,,,,0.0007,0.0005,0.0007,0.0008,0.0273,0.0064,0.0008,0.0,0.0,0.0,0.0,-0.0002,0.0002,0.0001,0.0265,-0.0209,-0.0056,31.29
1358113663,(주)삼영유니텍,0.0218,0.0012,0.0004,0.0002,0.0005,0.0002,0.0001,0.0005,0.0004,0.0006,0.0004,-0.0206,-0.0008,-0.0002,0.0003,-0.0003,-0.0001,0.0004,-0.0001,0.0002,-0.0002,31.28
3038143402,대상에스티(주),0.0001,0.0012,0.0003,0.0001,0.0002,0.0001,0.0001,0.0003,0.0001,0.0002,0.0002,0.0011,-0.0009,-0.0002,0.0001,-0.0001,0.0,0.0002,-0.0002,0.0001,0.0,31.25
1348609142,컴앤텍(주),,,,,,0.0019,0.0003,0.0003,0.0001,0.0002,0.0002,0.0,0.0,0.0,0.0,0.0,-0.0016,0.0,-0.0002,0.0001,0.0,31.25
1308623370,(주)다이넥스,0.0018,0.0005,0.0002,0.0002,0.0019,0.0003,0.0001,0.0003,0.0001,0.0002,0.0002,-0.0013,-0.0003,0.0,0.0017,-0.0016,-0.0002,0.0002,-0.0002,0.0001,0.0,31.25
3168103672,그린케미칼(주),0.0003,0.0075,0.0036,0.0036,0.009,0.0012,0.0004,0.0005,0.0003,0.0006,0.0004,0.0072,-0.0039,0.0,0.0054,-0.0078,-0.0008,0.0001,-0.0002,0.0003,-0.0002,31.21
1248650998,(주)광명,,,,,,,0.0008,0.0007,0.0003,0.0003,0.0003,0.0,0.0,0.0,0.0,0.0,0.0,-0.0001,-0.0004,0.0,0.0,31.17
1298641169,(주)목양산업,,,,,0.0002,0.0028,0.0006,0.0007,0.0003,0.0003,0.0003,0.0,0.0,0.0,0.0,0.0026,-0.0022,0.0001,-0.0004,0.0,0.0,31.17
3288600687,주식회사버디네트웍스,,,,,,0.0004,0.0001,0.0006,0.0017,0.0006,0.0005,0.0,0.0,0.0,0.0,0.0,-0.0003,0.0005,0.0011,-0.0011,-0.0001,31.07
1348639383,(주)창강화학,0.0587,0.0322,0.0119,0.0005,,,,,0.0003,0.0005,0.0003,-0.0265,-0.0203,-0.0114,0.0,0.0,0.0,0.0,0.0,0.0002,-0.0002,31.05
1058100769,삼진제약(주),0.0001,0.0003,0.0002,0.0001,0.0006,0.0001,0.0001,0.0003,0.0003,0.0005,0.0003,0.0002,-0.0001,-0.0001,0.0005,-0.0005,0.0,0.0002,0.0,0.0002,-0.0002,31.05
2208161288,(주)프라임텍인터내쇼날,,,,,,0.0016,0.0004,0.0008,0.0003,0.0003,0.0003,0.0,0.0,0.0,0.0,0.0,-0.0012,0.0004,-0.0005,0.0,0.0,31.01
6178101859,해인기업주식회사,0.0007,0.0016,0.0004,0.0004,0.001,0.0215,0.0005,0.0008,0.0003,0.0003,0.0003,0.0009,-0.0012,0.0,0.0006,0.0205,-0.021,0.0003,-0.0005,0.0,0.0,31.01
1128130484,(주)동방아그로,0.0003,0.0004,0.0004,0.0005,0.0015,0.0003,0.0003,0.0008,0.0003,0.0003,0.0003,0.0001,0.0,0.0001,0.001,-0.0012,0.0,0.0005,-0.0005,0.0,0.0,31.01
1268124735,두성산업주식회사,0.0002,0.0002,0.0001,0.0001,0.0004,0.0003,0.0002,0.0109,0.0022,0.0015,0.0012,0.0,-0.0001,0.0,0.0003,-0.0001,-0.0001,0.0107,-0.0087,-0.0007,-0.0003,30.98
1238142525,세창프라스틱주식회사,,,,,,,0.0006,0.0003,0.0002,0.0001,0.0002,0.0,0.0,0.0,0.0,0.0,0.0,-0.0003,-0.0001,-0.0001,0.0001,30.95
2018176228,티케이지휴켐스(주),0.0004,0.001,0.0005,0.0005,0.0006,0.0001,0.0002,0.0003,0.0002,0.0001,0.0002,0.0006,-0.0005,0.0,0.0001,-0.0005,0.0001,0.0001,-0.0001,-0.0001,0.0001,30.95
1378638758,주식회사에이엔피,,,,,0.0008,0.0002,0.0002,0.0003,0.0002,0.0001,0.0002,0.0,0.0,0.0,0.0,-0.0006,0.0,0.0001,-0.0001,-0.0001,0.0001,30.95
1188101162,미주엔비켐(주),0.0123,0.0232,0.0036,0.0267,0.0053,0.0008,0.0019,0.0299,0.2848,0.0006,0.0005,0.0109,-0.0196,0.0231,-0.0214,-0.0045,0.0011,0.028,0.2549,-0.2842,-0.0001,30.94
2028142279,새한실리켐(주),,0.0006,0.0001,0.0002,0.0011,0.0002,0.0001,0.0004,0.0001,0.0002,0.0002,0.0,-0.0005,0.0001,0.0009,-0.0009,-0.0001,0.0003,-0.0003,0.0001,0.0,30.94
4108175667,주식회사하이본,0.007,0.0194,0.0041,0.0044,0.0273,0.0137,0.0026,0.0046,0.0029,0.0021,0.0013,0.0124,-0.0153,0.0003,0.0229,-0.0136,-0.0111,0.002,-0.0017,-0.0008,-0.0008,30.88
1358177876,한국천주금속(주),0.0026,0.0008,0.0005,0.0208,0.0039,0.0003,0.0033,0.0011,0.002,0.0015,0.0006,-0.0018,-0.0003,0.0203,-0.0169,-0.0036,0.003,-0.0022,0.0009,-0.0005,-0.0009,30.84
1258185229,(주)중앙플라텍,0.0351,0.0056,0.0102,0.0019,0.0004,0.0002,0.0002,0.0006,0.0005,0.0006,0.0004,-0.0295,0.0046,-0.0083,-0.0015,-0.0002,0.0,0.0004,-0.0001,0.0001,-0.0002,30.81
1348133671,(주)아이피케이,0.0001,0.0002,0.0001,0.0003,0.0007,0.0002,0.0009,0.0297,0.6548,0.2719,0.0009,0.0001,-0.0001,0.0002,0.0004,-0.0005,0.0007,0.0288,0.6251,-0.3829,-0.271,30.79
1428153829,주식회사솔루트,,0.0066,0.0173,0.0037,0.0034,0.0081,0.0028,0.0047,0.0064,0.0021,0.0007,0.0,0.0107,-0.0136,-0.0003,0.0047,-0.0053,0.0019,0.0017,-0.0043,-0.0014,30.75
6108107100,송원산업(주),0.0388,0.0031,0.0008,0.0007,0.0056,0.0004,0.0003,0.0005,0.0001,0.0002,0.0002,-0.0357,-0.0023,-0.0001,0.0049,-0.0052,-0.0001,0.0002,-0.0004,0.0001,0.0,30.73
1138179587,주식회사한국엠텍,,,,,,,,0.0005,0.0003,0.0008,0.0004,0.0,0.0,0.0,0.0,0.0,0.0,0.0,-0.0002,0.0005,-0.0004,30.67
3118114043,주식회사폴리피아,0.0002,0.0002,0.0002,,,,,,,0.0005,0.0004,0.0,0.0,0.0,0.0,0.0,0.0,0.0,0.0,0.0,-0.0001,30.63
1378101902,주식회사삼원프라스틱,0.0032,0.0051,0.0004,0.0004,0.0018,0.0004,0.0005,0.0006,0.0001,0.0002,0.0002,0.0019,-0.0047,0.0,0.0014,-0.0014,0.0001,0.0001,-0.0005,0.0001,0.0,30.57
1228105809,오성화학공업(주),0.0002,0.0003,0.0001,0.0002,0.001,0.0001,0.0001,0.0006,0.0001,0.0002,0.0002,0.0001,-0.0002,0.0001,0.0008,-0.0009,0.0,0.0005,-0.0005,0.0001,0.0,30.57
1248640210,주식회사덕산,,0.0006,0.0002,0.0001,0.0004,0.0002,0.0001,0.0052,0.1789,0.0042,0.0007,0.0,-0.0004,-0.0001,0.0003,-0.0002,-0.0001,0.0051,0.1737,-0.1747,-0.0035,30.53
1138111573,애경산업(주),0.002,0.0007,0.0002,0.0006,0.0006,0.0001,0.0003,0.0004,0.0003,0.0001,0.0002,-0.0013,-0.0005,0.0004,0.0,-0.0005,0.0002,0.0001,-0.0001,-0.0002,0.0001,30.52
1308103122,(주)영진,0.106,0.0017,0.001,0.0012,0.0018,0.0016,0.1057,0.0031,0.001,0.0014,0.0005,-0.1043,-0.0007,0.0002,0.0006,-0.0002,0.1041,-0.1026,-0.0021,0.0004,-0.0009,30.44
1058629683,(주)에프티씨코리아,,,,,,0.0007,0.0008,0.0021,0.0003,0.0005,0.0004,0.0,0.0,0.0,0.0,0.0,0.0001,0.0013,-0.0018,0.0002,-0.0001,30.4
1368120319,(주)삼화기업,0.0021,0.0014,0.0008,0.015,0.0515,0.0011,0.0005,0.0273,0.061,0.0012,0.0006,-0.0007,-0.0006,0.0142,0.0365,-0.0504,-0.0006,0.0268,0.0337,-0.0598,-0.0006,30.37
3178146543,티이엠씨(주),,,,0.0018,0.0025,0.0005,0.0003,0.0008,0.0001,0.0002,0.0002,0.0,0.0,0.0,0.0007,-0.002,-0.0002,0.0005,-0.0007,0.0001,0.0,30.36
1288149426,(주)씨.앤.씨,,0.0017,0.0017,0.015,0.0376,0.0048,0.0473,0.2074,0.0019,0.0013,0.0011,0.0,0.0,0.0133,0.0226,-0.0328,0.0425,0.1601,-0.2055,-0.0006,-0.0002,30.32
1308171431,주식회사영진테크,0.0001,0.0006,0.015,0.0015,0.0026,0.0004,0.0001,0.0003,0.0004,0.0004,0.0003,0.0005,0.0144,-0.0135,0.0011,-0.0022,-0.0003,0.0002,0.0001,0.0,-0.0001,30.31
5148130297,주식회사루브캠코리아,,0.0038,0.0023,0.0101,0.0744,0.1822,0.0021,0.0055,0.1528,0.005,0.0007,0.0,-0.0015,0.0078,0.0643,0.1078,-0.1801,0.0034,0.1473,-0.1478,-0.0043,30.29
1018194737,바이오플러스(주),0.0107,0.0012,0.0002,0.0004,0.0009,0.0001,0.0001,0.0005,0.0002,0.0001,0.0002,-0.0095,-0.001,0.0002,0.0005,-0.0008,0.0,0.0004,-0.0003,-0.0001,0.0001,30.28
1418137957,주식회사부원,,,,,,,0.0022,0.0072,0.0006,0.0022,0.0005,0.0,0.0,0.0,0.0,0.0,0.0,0.005,-0.0066,0.0016,-0.0017,30.28
5068104444,스톨베르그앤드삼일주식회사,0.0006,0.0004,0.0012,0.0004,0.0011,0.0003,0.0003,0.0005,0.0728,0.0718,0.0007,-0.0002,0.0008,-0.0008,0.0007,-0.0008,0.0,0.0002,0.0723,-0.001,-0.0711,30.24
1248749805,(주)에스켐,,,,,0.001,0.0205,0.0022,0.0272,0.0634,0.0339,0.0008,0.0,0.0,0.0,0.0,0.0195,-0.0183,0.025,0.0362,-0.0295,-0.0331,30.21
1248636434,(주)한국비엠아이,0.001,0.0013,0.0002,0.0006,0.0008,0.0002,0.0002,0.0005,0.0004,0.0017,0.0004,0.0003,-0.0011,0.0004,0.0002,-0.0006,0.0,0.0003,-0.0001,0.0013,-0.0013,30.17
6218118117,에버레이드주식회사,,,,,,,0.0004,0.0006,0.0003,0.0009,0.0004,0.0,0.0,0.0,0.0,0.0,0.0,0.0002,-0.0003,0.0006,-0.0005,30.16
1208111440,(주)한국얀센,0.0007,0.0008,0.0008,0.0005,0.0015,0.0003,0.0003,0.0003,0.0025,0.0007,0.0005,0.0001,0.0,-0.0003,0.001,-0.0012,0.0,0.0,0.0022,-0.0018,-0.0002,30.12
3128629302,주식회사마더스제약,,0.0023,0.0004,0.0005,0.0012,0.0005,0.0187,0.0078,0.1156,0.0016,0.0006,0.0,-0.0019,0.0001,0.0007,-0.0007,0.0182,-0.0109,0.1078,-0.114,-0.001,30.1
1248171867,주식회사나노코,0.0012,0.0007,0.0006,0.0011,0.0021,0.0002,0.0005,0.0006,0.0002,0.0001,0.0002,-0.0005,-0.0001,0.0005,0.001,-0.0019,0.0003,0.0001,-0.0004,-0.0001,0.0001,30.07
1258117662,주식회사태진,0.0012,0.0049,0.0082,0.0123,0.0056,0.0171,,0.0006,0.0026,0.0007,0.0005,0.0037,0.0033,0.0041,-0.0067,0.0115,0.0,0.0,0.002,-0.0019,-0.0002,30.06
3038152269,에스티팜(주),0.0013,0.0027,0.0002,0.0001,0.0108,0.0378,0.1928,0.0739,0.0007,0.0013,0.0005,0.0014,-0.0025,-0.0001,0.0107,0.027,0.155,-0.1189,-0.0732,0.0006,-0.0008,30.02
5238100079,주식회사세광이피에스,,,,,,,0.001,0.001,0.0003,0.0007,0.0004,0.0,0.0,0.0,0.0,0.0,0.0,0.0,-0.0007,0.0004,-0.0003,30.0
3128105571,주식회사티티티(TTT),,0.0009,0.0002,0.0001,0.0036,0.0319,0.0002,0.0002,0.0006,0.0005,0.0004,0.0,-0.0007,-0.0001,0.0035,0.0283,-0.0317,0.0,0.0004,-0.0001,-0.0001,29.84
1818602034,(주)휴온스바이오파마,,,,,,,,0.0008,0.0002,0.0001,0.0002,0.0,0.0,0.0,0.0,0.0,0.0,0.0,-0.0006,-0.0001,0.0001,29.79
5148121333,주식회사용전,,,,,,0.0068,0.0913,0.0057,0.0014,0.0017,0.0005,0.0,0.0,0.0,0.0,0.0,0.0845,-0.0856,-0.0043,0.0003,-0.0012,29.72
6708801714,주식회사제뉴원사이언스,,,,,,,0.0082,0.0617,0.0443,0.0174,0.002,0.0,0.0,0.0,0.0,0.0,0.0,0.0535,-0.0174,-0.0269,-0.0154,29.69
4098137362,경향산업주식회사,,,,,,0.001,0.0002,0.0366,0.0017,0.0005,0.0005,0.0,0.0,0.0,0.0,0.0,-0.0008,0.0364,-0.0349,-0.0012,0.0,29.53
6358100917,주식회사다비드화장품,,,,,,0.0026,0.0072,0.011,0.007,0.003,0.0014,0.0,0.0,0.0,0.0,0.0,0.0046,0.0038,-0.004,-0.004,-0.0016,29.52
1258171405,주식회사이레머티리얼스,0.0003,0.0025,0.0013,0.0005,0.0008,0.0007,0.0002,0.0004,0.0002,0.0004,0.0003,0.0022,-0.0012,-0.0008,0.0003,-0.0001,-0.0005,0.0002,-0.0002,0.0002,-0.0001,29.39
5138120063,(주)네오플라테크,0.0163,0.0067,0.0011,0.0016,0.0007,0.0026,0.0086,0.0021,0.013,0.0027,0.0006,-0.0096,-0.0056,0.0005,-0.0009,0.0019,0.006,-0.0065,0.0109,-0.0103,-0.0021,29.29
6118119443,아그리젠토(주),0.0012,0.0251,0.0009,0.0008,0.0017,0.0005,0.0003,0.001,0.0007,0.0008,0.0004,0.0239,-0.0242,-0.0001,0.0009,-0.0012,-0.0002,0.0007,-0.0003,0.0001,-0.0004,29.28
1358172584,(주)녹십자웰빙,,,0.0014,0.0002,0.0004,0.0002,0.0004,0.0011,0.0005,0.0012,0.0004,0.0,0.0,-0.0012,0.0002,-0.0002,0.0002,0.0007,-0.0006,0.0007,-0.0008,29.25
3448700672,주식회사유니솔엔지니어링,,,,,,,,,0.0017,0.0009,0.0006,0.0,0.0,0.0,0.0,0.0,0.0,0.0,0.0,-0.0008,-0.0003,29.21
3128166340,(주)한미이엔지,0.0008,0.001,0.001,0.0008,0.0051,0.0013,0.0012,0.0019,0.0006,0.0004,0.0004,0.0002,0.0,-0.0002,0.0043,-0.0038,-0.0001,0.0007,-0.0013,-0.0002,0.0,29.2
3028103955,케이디켐(주),0.0003,0.0003,0.0001,0.0001,0.0007,0.0001,0.0001,0.0003,0.0002,0.0005,0.0003,0.0,-0.0002,0.0,0.0006,-0.0006,0.0,0.0002,-0.0001,0.0003,-0.0002,29.14
1378107814,(주)동진쎄미켐,0.0074,0.003,0.0013,0.0016,0.0025,0.0004,0.0002,0.0005,0.0002,0.0004,0.0003,-0.0044,-0.0017,0.0003,0.0009,-0.0021,-0.0002,0.0003,-0.0003,0.0002,-0.0001,29.09
1248700613,한미약품(주),0.0009,0.0004,0.001,0.0027,0.0047,0.0008,0.0016,0.001,0.0009,0.0009,0.0005,-0.0005,0.0006,0.0017,0.002,-0.0039,0.0008,-0.0006,-0.0001,0.0,-0.0004,29.05
3078138444,한국콜마(주),0.0002,0.0002,0.0001,0.0003,0.0043,0.003,0.0009,0.0047,0.0036,0.0023,0.0011,0.0,-0.0001,0.0002,0.004,-0.0013,-0.0021,0.0038,-0.0011,-0.0013,-0.0012,29.02
1048170262,콘티테크플루이드코리아,,,,,,,0.0021,0.1241,0.0095,0.0169,0.0005,0.0,0.0,0.0,0.0,0.0,0.0,0.122,-0.1146,0.0074,-0.0164,28.96
2088100281,(주)보령,0.0002,0.0003,0.0003,0.0151,0.0008,0.0002,0.0003,0.0005,0.0003,0.0004,0.0003,0.0001,0.0,0.0148,-0.0143,-0.0006,0.0001,0.0002,-0.0002,0.0001,-0.0001,28.92
6038128922,주식회사정원화학,0.0002,0.0002,0.0001,0.0002,0.0017,0.0056,,,0.0062,0.0008,0.0006,0.0,-0.0001,0.0001,0.0015,0.0039,0.0,0.0,0.0,-0.0054,-0.0002,28.86
1858700127,(주)360퍼스펙티브,,,,,,,0.0002,0.0123,0.0068,0.0038,0.0013,0.0,0.0,0.0,0.0,0.0,0.0,0.0121,-0.0055,-0.003,-0.0025,28.81
4168124147,(주)죽암엠앤씨,0.0054,0.0015,0.0056,0.0007,0.0015,0.0003,0.0001,0.0003,0.0006,0.0002,0.0002,-0.0039,0.0041,-0.0049,0.0008,-0.0012,-0.0002,0.0002,0.0003,-0.0004,0.0,28.79
2148654453,현대첨단소재주식회사,0.0629,0.0039,0.0018,0.0018,0.0239,0.0024,0.0009,0.0012,0.0009,0.001,0.0004,-0.059,-0.0021,0.0,0.0221,-0.0215,-0.0015,0.0003,-0.0003,0.0001,-0.0006,28.72
1348107377,(주)유엔아이,0.0005,0.0006,0.0002,0.0002,0.0012,0.0002,0.0002,0.0004,0.001,0.0002,0.0002,0.0001,-0.0004,0.0,0.001,-0.001,0.0,0.0002,0.0006,-0.0008,0.0,28.62
2148133583,미쉐린코리아(주),0.0005,0.0008,0.0006,0.0015,0.0045,0.0006,0.0004,0.0018,0.0007,0.0009,0.0004,0.0003,-0.0002,0.0009,0.003,-0.0039,-0.0002,0.0014,-0.0011,0.0002,-0.0005,28.61
5158133943,(주)하스,,,,,,,,,0.0013,0.0006,0.0005,0.0,0.0,0.0,0.0,0.0,0.0,0.0,0.0,-0.0007,-0.0001,28.57
6038108983,광명잉크제조(주),0.0003,0.0003,0.0002,0.0003,0.0008,0.0001,0.0003,0.0031,0.0003,0.0001,0.0002,0.0,-0.0001,0.0001,0.0005,-0.0007,0.0002,0.0028,-0.0028,-0.0002,0.0001,28.57
2148744457,(주)푸르고바이오로직스,,,,,,,,0.001,0.0033,0.0109,0.0002,0.0,0.0,0.0,0.0,0.0,0.0,0.0,0.0023,0.0076,-0.0107,28.57
2728102126,주식회사리만코리아,,,,,,,0.0008,0.0005,0.0017,0.0044,0.0002,0.0,0.0,0.0,0.0,0.0,0.0,-0.0003,0.0012,0.0027,-0.0042,28.56
1288189831,(주)지에프테크,,,,,,,,0.0022,0.0005,0.0014,0.0004,0.0,0.0,0.0,0.0,0.0,0.0,0.0,-0.0017,0.0009,-0.001,28.55
3078801058,신승정밀주식회사,,,,,,,,,0.0009,0.0009,0.0004,0.0,0.0,0.0,0.0,0.0,0.0,0.0,0.0,0.0,-0.0005,28.55
1198144558,(주)형근,,,,,,0.0012,0.0024,0.0034,0.0004,0.0012,0.0004,0.0,0.0,0.0,0.0,0.0,0.0012,0.001,-0.003,0.0008,-0.0008,28.52
6108150892,주식회사삼광,0.0111,0.0107,0.0669,0.0213,0.0087,0.0084,0.0132,0.2944,0.0109,0.0057,0.0015,-0.0004,0.0562,-0.0456,-0.0126,-0.0003,0.0048,0.2812,-0.2835,-0.0052,-0.0042,28.48
3128140035,삼박엘에프티(주),0.031,0.0008,0.0003,0.0002,0.0013,0.0003,0.0002,0.0006,0.0008,0.0002,0.0002,-0.0302,-0.0005,-0.0001,0.0011,-0.001,-0.0001,0.0004,0.0002,-0.0006,0.0,28.42
8698800504,주식회사미코,,,,,,,,0.0006,0.0004,0.0003,0.0003,0.0,0.0,0.0,0.0,0.0,0.0,0.0,-0.0002,-0.0001,0.0,28.41
1268676617,주식회사창,,,,,,0.0006,0.0002,0.0025,0.0018,0.0011,0.0008,0.0,0.0,0.0,0.0,0.0,-0.0004,0.0023,-0.0007,-0.0007,-0.0003,28.4
4038176111,(주)정우산업,0.003,,0.0017,0.0013,0.0011,0.0478,0.0054,0.0939,0.0126,0.0086,0.0015,0.0,0.0,-0.0004,-0.0002,0.0467,-0.0424,0.0885,-0.0813,-0.004,-0.0071,28.38
6218104573,조광요턴(주),0.0002,0.0003,0.0002,0.0354,0.1954,0.0004,0.0005,0.0318,0.1755,0.0002,0.0002,0.0001,-0.0001,0.0352,0.16,-0.195,0.0001,0.0313,0.1437,-0.1753,0.0,28.36
6228122050,국도화인켐주식회사,0.0003,0.0008,0.0003,0.0006,0.0037,0.0002,0.0003,0.0003,0.0002,0.0002,0.0002,0.0005,-0.0005,0.0003,0.0031,-0.0035,0.0001,0.0,-0.0001,0.0,0.0,28.33
5158139501,주식회사에이스나노켐,,0.0015,0.0005,0.0011,0.0039,0.0005,0.0003,0.0003,0.0002,0.0002,0.0002,0.0,-0.001,0.0006,0.0028,-0.0034,-0.0002,0.0,-0.0001,0.0,0.0,28.33
5138138563,(주)대도화학,,,,,,,,,0.0009,0.0008,0.0005,0.0,0.0,0.0,0.0,0.0,0.0,0.0,0.0,-0.0001,-0.0003,28.33
1028134256,진양산업(주),0.0001,0.0002,0.0001,0.0003,0.0014,0.0002,0.0001,0.0003,0.0002,0.0002,0.0002,0.0001,-0.0001,0.0002,0.0011,-0.0012,-0.0001,0.0002,-0.0001,0.0,0.0,28.33
1388178699,제이씨앤엠(주),,,0.0016,0.0005,0.0004,0.0005,0.0001,0.0006,0.0003,0.0005,0.0003,0.0,0.0,-0.0011,-0.0001,0.0001,-0.0004,0.0005,-0.0003,0.0002,-0.0002,28.19
1348627965,(주)한국피엠지제약,0.002,0.002,0.0013,0.0007,0.0192,0.048,0.0066,0.0026,0.0009,0.0017,0.0004,0.0,-0.0007,-0.0006,0.0185,0.0288,-0.0414,-0.004,-0.0017,0.0008,-0.0013,28.17
1068100011,(주)아모레퍼시픽홀딩스,0.0004,0.0002,0.0002,0.0002,0.0004,0.0003,0.0008,0.0005,0.0004,0.0009,0.0003,-0.0002,0.0,0.0,0.0002,-0.0001,0.0005,-0.0003,-0.0001,0.0005,-0.0006,28.05
3018183053,(주)케이피티,,,0.0004,0.0003,0.0005,0.0002,0.0007,0.0004,0.0002,0.0008,0.0003,0.0,0.0,-0.0001,0.0002,-0.0003,0.0005,-0.0003,-0.0002,0.0006,-0.0005,28.04
3148191641,(주)이오나노켐,,,,,,,,0.0003,0.0004,0.0059,0.0002,0.0,0.0,0.0,0.0,0.0,0.0,0.0,0.0001,0.0055,-0.0057,28.01
1198109075,정도이앤피(주),0.0002,0.0006,0.0005,0.0011,0.0041,0.0006,0.0004,0.0007,0.0005,0.0003,0.0003,0.0004,-0.0001,0.0006,0.003,-0.0035,-0.0002,0.0003,-0.0002,-0.0002,0.0,27.98
3188105676,(주)데시칸,,,,,,0.0012,0.0003,0.0004,0.0002,0.0002,0.0002,0.0,0.0,0.0,0.0,0.0,-0.0009,0.0001,-0.0002,0.0,0.0,27.97
1348136187,(주)대한프라스틱,,,,,0.0011,0.0002,0.0002,0.0004,0.0002,0.0002,0.0002,0.0,0.0,0.0,0.0,-0.0009,0.0,0.0002,-0.0002,0.0,0.0,27.97
2158171732,주식회사두레,0.0015,0.0015,0.0006,0.0009,0.0022,0.0003,0.0002,0.0004,0.0002,0.0002,0.0002,0.0,-0.0009,0.0003,0.0013,-0.0019,-0.0001,0.0002,-0.0002,0.0,0.0,27.97
2208843431,한국타이어앤테크놀로지(주),0.0002,0.0005,0.0002,0.0004,0.001,0.0002,0.0002,0.0004,0.0002,0.0002,0.0002,0.0003,-0.0003,0.0002,0.0006,-0.0008,0.0,0.0002,-0.0002,0.0,0.0,27.97
1408190319,주식회사성창,0.0029,0.0047,0.0037,0.0058,0.0035,0.0408,0.0031,0.0076,0.0008,0.0011,0.0004,0.0018,-0.001,0.0021,-0.0023,0.0373,-0.0377,0.0045,-0.0068,0.0003,-0.0007,27.81
1078198143,(주)엘지생활건강,0.0002,0.0003,0.0002,0.0002,0.0009,0.0002,0.0002,0.0002,0.0002,0.0003,0.0002,0.0001,-0.0001,0.0,0.0007,-0.0007,0.0,0.0,0.0,0.0001,-0.0001,27.77
1368118579,주식회사금성인슈텍,0.0007,0.0003,0.0001,0.0006,0.0038,0.0725,0.0006,0.0026,0.1724,0.0018,0.0005,-0.0004,-0.0002,0.0005,0.0032,0.0687,-0.0719,0.002,0.1698,-0.1706,-0.0013,27.75
3038106431,(주)신성산업,0.001,0.0006,0.0003,0.0004,0.0018,0.0002,0.0001,0.0005,0.0007,0.0008,0.0002,-0.0004,-0.0003,0.0001,0.0014,-0.0016,-0.0001,0.0004,0.0002,0.0001,-0.0006,27.7
5158100592,(주)세흥,0.0002,0.0003,0.0002,0.0002,0.0013,0.0003,0.0006,0.0135,0.0011,0.0004,0.0004,0.0001,-0.0001,0.0,0.0011,-0.001,0.0003,0.0129,-0.0124,-0.0007,0.0,27.69
2098136536,(주)케미탑,,,,,,,,0.0005,0.0002,0.0002,0.0002,0.0,0.0,0.0,0.0,0.0,0.0,0.0,-0.0003,0.0,0.0,27.67
1258609231,주식회사나래산업,,0.0016,0.0016,0.0044,0.0016,0.0402,0.0048,0.0147,0.0032,0.0013,0.0009,0.0,0.0,0.0028,-0.0028,0.0386,-0.0354,0.0099,-0.0115,-0.0019,-0.0004,27.64
3078130710,한국바이오켐제약주식회사,0.0451,0.0015,0.0004,0.0004,0.0011,0.0006,0.0002,0.0011,0.0004,0.0003,0.0003,-0.0436,-0.0011,0.0,0.0007,-0.0005,-0.0004,0.0009,-0.0007,-0.0001,0.0,27.53
5068100604,주식회사에어퍼스트,0.0003,0.0006,0.0004,0.0003,0.0014,0.0032,0.0022,0.0011,0.0004,0.0003,0.0003,0.0003,-0.0002,-0.0001,0.0011,0.0018,-0.001,-0.0011,-0.0007,-0.0001,0.0,27.53
3018126367,(주)티에스씨고려,0.0013,0.0007,0.0002,0.0005,0.0026,0.0002,0.0002,0.0006,0.0002,0.0002,0.0002,-0.0006,-0.0005,0.0003,0.0021,-0.0024,0.0,0.0004,-0.0004,0.0,0.0,27.46
6448800550,주식회사피에스인터네셔널,,,,,,,0.0002,0.0006,0.0002,0.0002,0.0002,0.0,0.0,0.0,0.0,0.0,0.0,0.0004,-0.0004,0.0,0.0,27.46
8708701049,(주)바이오비쥬,,,,,,,,,0.0012,0.0011,0.0005,0.0,0.0,0.0,0.0,0.0,0.0,0.0,0.0,-0.0001,-0.0006,27.43
1278135332,(주)아이팩,0.0001,0.0002,0.0001,0.0002,0.0009,0.0002,0.0002,0.0002,0.0013,0.0008,0.0004,0.0001,-0.0001,0.0001,0.0007,-0.0007,0.0,0.0,0.0011,-0.0005,-0.0004,27.36
3078117022,(주)씨엔에이,0.0166,0.0043,0.0285,0.0071,0.0029,0.0003,0.0004,0.0007,0.0002,0.0002,0.0002,-0.0123,0.0242,-0.0214,-0.0042,-0.0026,0.0001,0.0003,-0.0005,0.0,0.0,27.3
1218170248,라이온코리아주식회사,0.0022,0.0006,0.0004,0.0008,0.0016,0.0005,0.0003,0.0007,0.0002,0.0002,0.0002,-0.0016,-0.0002,0.0004,0.0008,-0.0011,-0.0002,0.0004,-0.0005,0.0,0.0,27.3
5068134496,(주)노루코일코팅,0.0002,0.0003,0.0002,0.0007,0.002,0.0002,0.0003,0.0007,0.0002,0.0002,0.0002,0.0001,-0.0001,0.0005,0.0013,-0.0018,0.0001,0.0004,-0.0005,0.0,0.0,27.3
2068636250,(주)에이치디앤텍,0.0003,0.0007,0.0007,0.0002,0.0012,0.0006,0.0004,0.0007,0.0002,0.0002,0.0002,0.0004,0.0,-0.0005,0.001,-0.0006,-0.0002,0.0003,-0.0005,0.0,0.0,27.3
1298105834,고려은단주식회사,0.0002,0.0004,0.0003,0.0005,0.0008,0.0025,0.0005,0.0002,0.0001,0.0137,0.0003,0.0002,-0.0001,0.0002,0.0003,0.0017,-0.002,-0.0003,-0.0001,0.0136,-0.0134,27.28
3018125602,신림산업(주),0.0004,0.0007,0.0005,0.0002,0.0014,0.0001,0.0004,0.0004,0.0002,0.0029,0.0003,0.0003,-0.0002,-0.0003,0.0012,-0.0013,0.0003,0.0,-0.0002,0.0027,-0.0026,27.28
1208158519,주식회사바커케미칼코리아,0.002,0.0005,0.0002,0.0005,0.0042,0.0006,0.0002,0.0003,0.0003,0.0002,0.0002,-0.0015,-0.0003,0.0003,0.0037,-0.0036,-0.0004,0.0001,0.0,-0.0001,0.0,27.26
3178102448,(주)원익머트리얼즈,0.0001,0.0002,0.0002,0.0002,0.0008,0.0002,0.0001,0.0003,0.0003,0.0002,0.0002,0.0001,0.0,0.0,0.0006,-0.0006,-0.0001,0.0002,0.0,-0.0001,0.0,27.26
1248711162,(주)에이디켐테크,,,0.0006,0.0005,0.003,0.0004,0.0003,0.0003,0.0003,0.0002,0.0002,0.0,0.0,-0.0001,0.0025,-0.0026,-0.0001,0.0,0.0,-0.0001,0.0,27.26
1238606034,(주)노루페인트,0.0008,0.0014,0.001,0.0013,0.0041,0.0003,0.0007,0.0011,0.0005,0.0003,0.0003,0.0006,-0.0004,0.0003,0.0028,-0.0038,0.0004,0.0004,-0.0006,-0.0002,0.0,27.19
4018138751,주식회사필텍,,,,,,,,0.0011,0.0004,0.0006,0.0003,0.0,0.0,0.0,0.0,0.0,0.0,0.0,-0.0007,0.0002,-0.0003,27.09
1208117541,린데코리아주식회사,0.0002,0.0003,0.0002,0.0002,0.0012,0.0004,0.0002,0.0009,0.0002,0.0002,0.0002,0.0001,-0.0001,0.0,0.001,-0.0008,-0.0002,0.0007,-0.0007,0.0,0.0,27.09
2248126809,(주)하나코스,,,,,,,0.0025,0.0974,0.597,0.0042,0.0005,0.0,0.0,0.0,0.0,0.0,0.0,0.0949,0.4996,-0.5928,-0.0037,27.05
5038155338,제이아그로주식회사,0.0004,0.001,0.0012,0.0013,0.0015,0.0003,0.0004,0.0003,0.0056,0.0007,0.0004,0.0006,0.0002,0.0001,0.0002,-0.0012,0.0001,-0.0001,0.0053,-0.0049,-0.0003,27.0
1378190652,(주)본코스메틱,,,,0.0008,0.0003,0.0033,0.0004,0.0032,0.0004,0.0003,0.0003,0.0,0.0,0.0,-0.0005,0.003,-0.0029,0.0028,-0.0028,-0.0001,0.0,26.82
2208795999,지에스바이오주식회사,0.0005,0.0028,0.0005,0.0004,0.0005,0.0004,0.0003,0.0014,0.0002,0.0002,0.0002,0.0023,-0.0023,-0.0001,0.0001,-0.0001,-0.0001,0.0011,-0.0012,0.0,0.0,26.8
2088109680,삼양화성주식회사,0.0033,0.0011,0.0006,0.001,0.0033,0.0007,0.0007,0.0024,0.001,0.0008,0.0006,-0.0022,-0.0005,0.0004,0.0023,-0.0026,0.0,0.0017,-0.0014,-0.0002,-0.0002,26.73
1238100243,(주)덕성,0.0048,0.0761,0.0007,0.0124,0.0439,0.2499,0.0008,0.001,0.0006,0.0006,0.0004,0.0713,-0.0754,0.0117,0.0315,0.206,-0.2491,0.0002,-0.0004,0.0,-0.0002,26.66
1368123596,주식회사익성,0.0013,0.0022,0.002,0.0037,0.0021,0.0013,0.0003,0.0021,0.0248,0.0008,0.0004,0.0009,-0.0002,0.0017,-0.0016,-0.0008,-0.001,0.0018,0.0227,-0.024,-0.0004,26.62
3128614323,(주)에이치케이머티리얼즈,,,,,,,,,0.0005,0.0002,0.0002,0.0,0.0,0.0,0.0,0.0,0.0,0.0,0.0,-0.0003,0.0,26.6
1348147326,(주)한켐,0.0011,0.0315,0.3348,0.002,,0.0002,0.0002,0.0002,0.0003,0.0003,0.0002,0.0304,0.3033,-0.3328,0.0,0.0,0.0,0.0,0.0001,0.0,-0.0001,26.6
6158144283,대우패키지(주),,,,,,,,0.0012,0.0006,0.0009,0.0003,0.0,0.0,0.0,0.0,0.0,0.0,0.0,-0.0006,0.0003,-0.0006,26.56
1408184044,주식회사참하이테크,,,,,,0.0005,0.0003,0.0014,0.0005,0.0006,0.0003,0.0,0.0,0.0,0.0,0.0,-0.0002,0.0011,-0.0009,0.0001,-0.0003,26.47
2388600536,(주)엘제이이앤에스,,,,,,,,,0.0006,0.0002,0.0002,0.0,0.0,0.0,0.0,0.0,0.0,0.0,0.0,-0.0004,0.0,26.41
1198601175,이아이씨티코리아(주),,,0.0005,0.0002,0.0005,0.0005,0.0001,0.0001,0.0001,0.0013,0.0002,0.0,0.0,-0.0003,0.0003,0.0,-0.0004,0.0,0.0,0.0012,-0.0011,26.39
1338125692,제이더블유생명과학(주),0.0038,0.0027,0.0015,0.0014,0.0004,0.0004,0.0004,0.0006,0.0007,0.0004,0.0003,-0.0011,-0.0012,-0.0001,-0.001,0.0,0.0,0.0002,0.0001,-0.0003,-0.0001,26.38
1248153461,상우기업(주),,,,0.0006,0.0007,0.0002,0.0003,0.0036,0.0004,0.0006,0.0003,0.0,0.0,0.0,0.0001,-0.0005,0.0001,0.0033,-0.0032,0.0002,-0.0003,26.35
1368101710,(주)에이치알에스,0.0001,0.0004,0.0005,0.0006,0.0153,0.005,0.0001,0.0003,0.0001,0.0,0.0001,0.0003,0.0001,0.0001,0.0147,-0.0103,-0.0049,0.0002,-0.0002,-0.0001,0.0001,26.34
5078800644,하이네이처주식회사,,,,,,,0.0003,0.0001,0.0001,0.0001,0.0001,0.0,0.0,0.0,0.0,0.0,0.0,-0.0002,0.0,0.0,0.0,26.29
2018644250,동광제약주식회사,0.0133,0.0007,0.0003,0.0002,0.0005,0.0001,0.0002,0.0001,0.0001,0.0001,0.0001,-0.0126,-0.0004,-0.0001,0.0003,-0.0004,0.0001,-0.0001,0.0,0.0,0.0,26.29
6218131371,(주)화인테크놀리지,0.0001,0.0002,0.0001,0.0002,0.0003,0.0001,0.0001,0.0001,0.0001,0.0001,0.0001,0.0001,-0.0001,0.0001,0.0001,-0.0002,0.0,0.0,0.0,0.0,0.0,26.29
2098123948,고운세상코스메틱,,0.0019,0.0169,0.0005,0.0006,0.0001,0.0001,0.0001,0.0001,0.0001,0.0001,0.0,0.015,-0.0164,0.0001,-0.0005,0.0,0.0,0.0,0.0,0.0,26.29
1328630770,주식회사스킨이데아,,,,,,0.0004,0.0002,0.0001,0.0001,0.0001,0.0001,0.0,0.0,0.0,0.0,0.0,-0.0002,-0.0001,0.0,0.0,0.0,26.29
4018126842,신진에스티에이주식회사,,,,,,,,,0.0021,0.001,0.0005,0.0,0.0,0.0,0.0,0.0,0.0,0.0,0.0,-0.0011,-0.0005,26.23
1348111605,삼구화학공업(주),0.0001,0.0004,0.0002,0.0001,0.0016,0.0005,0.0003,0.0024,0.0094,0.0009,0.0004,0.0003,-0.0002,-0.0001,0.0015,-0.0011,-0.0002,0.0021,0.007,-0.0085,-0.0005,26.23
8588800052,희성폴리머주식회사,,0.0012,0.0134,0.0306,0.0113,0.0011,0.0005,0.0017,0.0006,0.0013,0.0003,0.0,0.0122,0.0172,-0.0193,-0.0102,-0.0006,0.0012,-0.0011,0.0007,-0.001,26.23
1358638179,(주)씨앤씨인터내셔널,,,0.0004,0.0006,0.0013,0.0002,0.0001,0.0076,0.0002,0.0002,0.0002,0.0,0.0,0.0002,0.0007,-0.0011,-0.0001,0.0075,-0.0074,0.0,0.0,26.12
3128124525,(주)현대바이오랜드,0.0005,0.0002,0.0002,0.0003,0.001,0.0001,0.0338,0.0094,0.0004,0.0006,0.0003,-0.0003,0.0,0.0001,0.0007,-0.0009,0.0337,-0.0244,-0.009,0.0002,-0.0003,26.09
1248669027,삼정특수가스(주),,,,,,,,,0.0011,0.0002,0.0002,0.0,0.0,0.0,0.0,0.0,0.0,0.0,0.0,-0.0009,0.0,25.95
1308167465,주식회사대경특수공업,0.0001,0.0043,0.0003,0.0001,0.0007,0.0003,,,0.0172,0.0745,0.0002,0.0042,-0.004,-0.0002,0.0006,-0.0004,0.0,0.0,0.0,0.0573,-0.0743,25.93
8608102767,주식회사전진산업,,,,,,,,,0.002,0.0014,0.0005,0.0,0.0,0.0,0.0,0.0,0.0,0.0,0.0,-0.0006,-0.0009,25.9
1438118427,폴리스타주식회사,,,,,,,,,0.0013,0.0002,0.0002,0.0,0.0,0.0,0.0,0.0,0.0,0.0,0.0,-0.0011,0.0,25.83
3578700998,(주)지수앤화인테크,,,,,,,0.0012,0.0079,0.003,0.0019,0.0008,0.0,0.0,0.0,0.0,0.0,0.0,0.0067,-0.0049,-0.0011,-0.0011,25.73
6618101007,(주)이피에스테크놀로지,,,,,0.0006,0.0005,,0.0005,0.001,0.0005,0.0003,0.0,0.0,0.0,0.0,-0.0001,0.0,0.0,0.0005,-0.0005,-0.0002,25.6
1378641194,(주)오성알에프,0.0001,,,0.0003,0.0004,0.0001,0.0002,0.0003,0.0002,0.0003,0.0002,0.0,0.0,0.0,0.0001,-0.0003,0.0001,0.0001,-0.0001,0.0001,-0.0001,25.57
1208122608,동국제약(주),0.0001,0.0002,0.0001,0.0002,0.0006,0.0001,0.0001,0.0003,0.0002,0.0003,0.0002,0.0001,-0.0001,0.0001,0.0004,-0.0005,0.0,0.0002,-0.0001,0.0001,-0.0001,25.57
1248614541,씨앤텍주식회사,0.0002,0.0005,0.0005,0.0004,0.0009,0.0002,0.0002,0.0003,0.0002,0.0003,0.0002,0.0003,0.0,-0.0001,0.0005,-0.0007,0.0,0.0001,-0.0001,0.0001,-0.0001,25.57
2938800876,주식회사에스크컴퍼니,,,,,,0.0004,0.0001,0.0001,0.0005,0.0005,0.0002,0.0,0.0,0.0,0.0,0.0,-0.0003,0.0,0.0004,0.0,-0.0003,25.56
3128142130,(주)메디톡스,0.0002,0.0002,0.0003,0.0006,0.0007,0.0003,0.099,0.0049,0.0007,0.0006,0.0005,0.0,0.0001,0.0003,0.0001,-0.0004,0.0987,-0.0941,-0.0042,-0.0001,-0.0001,25.5
1248632990,(주)대교에이스,,,0.0008,0.0004,0.0012,0.0173,0.0374,0.012,0.0008,0.0003,0.0003,0.0,0.0,-0.0004,0.0008,0.0161,0.0201,-0.0254,-0.0112,-0.0005,0.0,25.47
1248179710,정의산업(주),,,0.0021,0.026,0.0029,0.0471,0.0007,0.0247,0.0142,0.0023,0.0009,0.0,0.0,0.0239,-0.0231,0.0442,-0.0464,0.024,-0.0105,-0.0119,-0.0014,25.44
1128132084,(주)뉴젠팜,0.0005,,0.0005,0.0004,0.0007,0.0003,0.0002,0.0002,0.0001,0.0004,0.0002,0.0,0.0,-0.0001,0.0003,-0.0004,-0.0001,0.0,-0.0001,0.0003,-0.0002,25.43
1058159649,한국엔지니어링플라스틱(주),0.0002,0.0007,0.0002,0.0003,0.0016,0.0003,0.0002,0.0002,0.0001,0.0004,0.0002,0.0005,-0.0005,0.0001,0.0013,-0.0013,-0.0001,0.0,-0.0001,0.0003,-0.0002,25.43
6158158356,(주)세림인더스트리,0.0006,0.001,0.0007,0.0009,0.0019,0.0008,0.0003,0.0004,0.0001,0.0003,0.0002,0.0004,-0.0003,0.0002,0.001,-0.0011,-0.0005,0.0001,-0.0003,0.0002,-0.0001,25.37
2148191787,케이엠비주식회사,,,,,,,0.0012,0.0008,0.0009,0.0005,0.0003,0.0,0.0,0.0,0.0,0.0,0.0,-0.0004,0.0001,-0.0004,-0.0002,25.3
6458802599,주식회사라이온첨단소재,,,,,,,,,0.0041,0.0002,0.0002,0.0,0.0,0.0,0.0,0.0,0.0,0.0,0.0,-0.0039,0.0,25.28
2118719565,(주)트랜드아이,,,,,0.0005,0.0002,0.0001,0.0118,0.0004,0.0034,0.0003,0.0,0.0,0.0,0.0,-0.0003,-0.0001,0.0117,-0.0114,0.003,-0.0031,25.24
3038134897,(주)티디에스팜,,,0.0012,0.0008,0.0026,0.0011,0.0003,0.0004,0.0002,0.0003,0.0002,0.0,0.0,-0.0004,0.0018,-0.0015,-0.0008,0.0001,-0.0002,0.0001,-0.0001,25.21
1318160863,한국이구스주식회사,,,,,0.0012,0.0116,0.0014,0.0031,0.001,0.0012,0.0003,0.0,0.0,0.0,0.0,0.0104,-0.0102,0.0017,-0.0021,0.0002,-0.0009,25.15
3058138977,(주)네오팜,0.0002,0.0002,0.0001,0.0001,0.0003,0.0001,0.0001,0.0001,0.0002,0.0001,0.0001,0.0,-0.0001,0.0,0.0002,-0.0002,0.0,0.0,0.0001,-0.0001,0.0,25.12
1318155851,(주)동일수지,,0.0006,0.0001,0.0002,0.0005,0.0001,0.0,0.0001,0.0002,0.0001,0.0001,0.0,-0.0005,0.0001,0.0003,-0.0004,-0.0001,0.0001,0.0001,-0.0001,0.0,25.12
1308146868,주식회사웰코스,0.0256,0.0409,0.0015,0.0441,0.3874,0.0044,0.0659,0.0048,0.009,0.0017,0.0004,0.0153,-0.0394,0.0426,0.3433,-0.383,0.0615,-0.0611,0.0042,-0.0073,-0.0013,25.06
1348156524,주식회사아팩,0.0002,0.0004,0.0002,0.0013,0.0011,0.0002,0.0001,0.0004,0.0003,0.0002,0.0002,0.0002,-0.0002,0.0011,-0.0002,-0.0009,-0.0001,0.0003,-0.0001,-0.0001,0.0,25.06
1298107002,(주)휴온스글로벌,0.0002,0.0002,0.0002,0.0002,0.001,0.0002,0.0001,0.0007,0.0065,0.0005,0.0003,0.0,0.0,0.0,0.0008,-0.0008,-0.0001,0.0006,0.0058,-0.006,-0.0002,25.04
2148189374,에스엔에프코리아(주),0.0001,0.0002,0.0002,0.0002,0.0004,0.0001,0.0002,0.0002,0.0007,0.0007,0.0002,0.0001,0.0,0.0,0.0002,-0.0003,0.0001,0.0,0.0005,0.0,-0.0005,24.97
4048137085,(주)웅지하이텍,,,,,,,0.0006,0.0018,0.0009,0.0009,0.0004,0.0,0.0,0.0,0.0,0.0,0.0,0.0012,-0.0009,0.0,-0.0005,24.95
1348106403,삼원산업(주),0.0007,0.0005,0.0003,0.0003,0.0021,0.0004,0.0003,0.0005,0.0002,0.0003,0.0002,-0.0002,-0.0002,0.0,0.0018,-0.0017,-0.0001,0.0002,-0.0003,0.0001,-0.0001,24.9
1358199337,(주)셀인바이오,0.0024,0.0019,0.1154,0.001,0.0035,0.0002,0.0291,0.0724,0.0005,0.0039,0.0003,-0.0005,0.1135,-0.1144,0.0025,-0.0033,0.0289,0.0433,-0.0719,0.0034,-0.0036,24.88
5148134202,현대코퍼레이션(주),0.0003,0.0003,0.0005,0.0102,0.0125,0.0027,0.0004,0.001,0.0004,0.0004,0.0003,0.0,0.0002,0.0097,0.0023,-0.0098,-0.0023,0.0006,-0.0006,0.0,-0.0001,24.85
3028127146,바임,,,,,,,,0.0031,0.0015,0.0017,0.0003,0.0,0.0,0.0,0.0,0.0,0.0,0.0,-0.0016,0.0002,-0.0014,24.75
1398117356,주식회사상진,0.0052,0.0016,0.0007,0.0015,0.0014,0.0009,0.0002,0.0005,0.0003,0.0002,0.0002,-0.0036,-0.0009,0.0008,-0.0001,-0.0005,-0.0007,0.0003,-0.0002,-0.0001,0.0,24.7
1258118884,진양폴리우레탄(주),0.0004,0.0116,0.0176,0.0293,0.0021,0.0006,0.0003,0.0005,0.0003,0.0002,0.0002,0.0112,0.006,0.0117,-0.0272,-0.0015,-0.0003,0.0002,-0.0002,-0.0001,0.0,24.7
1348103293,유신메라민공업(주),,,,,0.001,0.0001,0.0002,0.0006,0.0002,0.0003,0.0002,0.0,0.0,0.0,0.0,-0.0009,0.0001,0.0004,-0.0004,0.0001,-0.0001,24.7
6228101230,흥일산업(주),0.0006,0.0011,0.0002,0.0002,0.0008,0.0005,0.0004,0.0005,0.0003,0.0002,0.0002,0.0005,-0.0009,0.0,0.0006,-0.0003,-0.0001,0.0001,-0.0002,-0.0001,0.0,24.7
2098125140,(주)리젠바이오텍,,,,,,,,,0.0051,0.0018,0.0005,0.0,0.0,0.0,0.0,0.0,0.0,0.0,0.0,-0.0033,-0.0013,24.67
1358622532,주식회사창신,0.0004,0.0003,0.0001,0.0005,0.0014,0.0004,0.0001,0.0002,0.0004,0.0001,0.0001,-0.0001,-0.0002,0.0004,0.0009,-0.001,-0.0003,0.0001,0.0002,-0.0003,0.0,24.61
1148681913,(주)차이그래픽스,,,,,,,0.0002,0.0002,0.0004,0.0001,0.0001,0.0,0.0,0.0,0.0,0.0,0.0,0.0,0.0002,-0.0003,0.0,24.61
6218125729,(주)흥일폴리켐,0.0003,0.0003,0.0004,0.0004,0.0082,0.0003,0.0003,0.0218,0.0028,0.0003,0.0003,0.0,0.0001,0.0,0.0078,-0.0079,0.0,0.0215,-0.019,-0.0025,0.0,24.59
1288132153,한보프로텍(주),,,,,,0.0007,0.0002,0.0003,0.0003,0.0003,0.0002,0.0,0.0,0.0,0.0,0.0,-0.0005,0.0001,0.0,0.0,-0.0001,24.49
7938600635,주식회사서연씨엔에프,,,0.003,0.0227,0.0009,0.0015,0.0006,0.0026,0.0009,0.0007,0.0005,0.0,0.0,0.0197,-0.0218,0.0006,-0.0009,0.002,-0.0017,-0.0002,-0.0002,24.48
5138173819,삼성레진(주),,,,,,,,0.0005,0.0002,0.0004,0.0002,0.0,0.0,0.0,0.0,0.0,0.0,0.0,-0.0003,0.0002,-0.0002,24.48
1338125673,(주)에이치에이코리아,0.0002,0.0003,0.0002,0.0004,0.0007,0.0002,0.0001,0.0003,0.0005,0.0001,0.0001,0.0001,-0.0001,0.0002,0.0003,-0.0005,-0.0001,0.0002,0.0002,-0.0004,0.0,24.42
4108105666,신일가스(주),0.0001,0.0002,0.0002,0.0005,0.0023,0.0002,0.0002,0.0003,0.0005,0.0001,0.0001,0.0001,0.0,0.0003,0.0018,-0.0021,0.0,0.0001,0.0002,-0.0004,0.0,24.42
1348100374,(주)한국큐빅,0.0012,0.0023,0.0011,0.0016,0.0077,0.0019,0.0002,0.0006,0.0003,0.0002,0.0002,0.0011,-0.0012,0.0005,0.0061,-0.0058,-0.0017,0.0004,-0.0003,-0.0001,0.0,24.4
3128194680,에스케이마이크로웍스솔루션즈주식회사,,,,,0.0017,0.0005,0.0013,0.0006,0.0004,0.0002,0.0002,0.0,0.0,0.0,0.0,-0.0012,0.0008,-0.0007,-0.0002,-0.0002,0.0,24.27
1238621729,코코스팩주식회사,,,,,0.0003,0.0017,0.0003,0.0021,0.0015,0.0007,0.0005,0.0,0.0,0.0,0.0,0.0014,-0.0014,0.0018,-0.0006,-0.0008,-0.0002,24.24
2118622189,(주)클리오,0.0025,0.0004,0.0004,0.0029,0.0507,0.0004,0.0006,0.0007,0.0003,0.0002,0.0002,-0.0021,0.0,0.0025,0.0478,-0.0503,0.0002,0.0001,-0.0004,-0.0001,0.0,24.19
1368102330,신우산업주식회사,0.0308,0.0024,0.0008,0.0011,0.0206,0.0006,0.0004,0.0011,0.0002,0.0003,0.0002,-0.0284,-0.0016,0.0003,0.0195,-0.02,-0.0002,0.0007,-0.0009,0.0001,-0.0001,24.16
2208110227,태경케미컬(주),0.0001,0.0005,0.0005,0.0014,0.0015,0.0039,0.0001,0.0002,0.0001,0.0001,0.0001,0.0004,0.0,0.0009,0.0001,0.0024,-0.0038,0.0001,-0.0001,0.0,0.0,24.09
1308180997,펌텍코리아(주),0.0019,0.0005,0.0003,0.0003,0.0009,0.0001,0.0002,0.0002,0.0001,0.0001,0.0001,-0.0014,-0.0002,0.0,0.0006,-0.0008,0.0001,0.0,-0.0001,0.0,0.0,24.09
2148649402,(주)에프앤코,0.0002,0.0002,0.0001,0.0001,0.0056,0.0001,0.0026,0.0002,0.0001,0.0001,0.0001,0.0,-0.0001,0.0,0.0055,-0.0055,0.0025,-0.0024,-0.0001,0.0,0.0,24.09
2098155853,주식회사메디안스,,,,0.0003,0.0015,0.0001,0.0069,0.0002,0.0001,0.0001,0.0001,0.0,0.0,0.0,0.0012,-0.0014,0.0068,-0.0067,-0.0001,0.0,0.0,24.09
1338126385,(주)삼양케이씨아이,0.0005,0.0005,0.0002,0.0001,0.0008,0.0001,0.0001,0.0002,0.0001,0.0001,0.0001,0.0,-0.0003,-0.0001,0.0007,-0.0007,0.0,0.0001,-0.0001,0.0,0.0,24.09
1088600365,(주)마녀공장,,0.0007,0.0005,0.0002,,0.0002,0.0001,0.0002,0.0001,0.0001,0.0001,0.0,-0.0002,-0.0003,0.0,0.0,-0.0001,0.0001,-0.0001,0.0,0.0,24.09
1248157598,(주)유피케미칼,0.0001,0.0002,0.0001,0.0001,0.0002,0.0001,0.0002,0.0002,0.0001,0.0001,0.0001,0.0001,-0.0001,0.0,0.0001,-0.0001,0.0001,0.0,-0.0001,0.0,0.0,24.09
2048111321,(주)세운메디칼,0.0001,0.0003,0.0002,0.0001,0.0004,0.0001,0.0001,0.0002,0.0001,0.0001,0.0001,0.0002,-0.0001,-0.0001,0.0003,-0.0003,0.0,0.0001,-0.0001,0.0,0.0,24.09
1238601591,(주)에이에스텍,,,,,,,,0.0084,0.0352,0.0007,0.0003,0.0,0.0,0.0,0.0,0.0,0.0,0.0,0.0268,-0.0345,-0.0004,24.07
6218109700,(주)진안,,,,0.0006,0.0009,0.0002,0.0001,0.0003,0.0005,0.0008,0.0001,0.0,0.0,0.0,0.0003,-0.0007,-0.0001,0.0002,0.0002,0.0003,-0.0007,24.07
6228107103,(주)신금하,0.0003,0.0005,0.0002,0.0003,0.0003,0.0003,0.0002,0.0003,0.0004,0.0013,0.0001,0.0002,-0.0003,0.0001,0.0,0.0,-0.0001,0.0001,0.0001,0.0009,-0.0012,24.01
4038109892,한국특수가스(주),0.0001,0.0003,0.0002,0.0003,0.0012,0.0002,0.0001,0.0002,0.0004,0.0005,0.0001,0.0002,-0.0001,0.0001,0.0009,-0.001,-0.0001,0.0001,0.0002,0.0001,-0.0004,24.01
1308101293,(주)오공,0.0007,0.0012,0.0006,0.0011,0.003,0.0003,0.0002,0.0007,0.0004,0.0002,0.0002,0.0005,-0.0006,0.0005,0.0019,-0.0027,-0.0001,0.0005,-0.0003,-0.0002,0.0,23.97
1408147772,(주)와이즈켐,,,,,,,,,0.0009,0.0004,0.0003,0.0,0.0,0.0,0.0,0.0,0.0,0.0,0.0,-0.0005,-0.0001,23.94
3058115765,(주)프럼파스트,0.0002,0.0009,0.0003,0.0002,0.0005,0.0004,0.0002,0.0006,0.0004,0.0006,0.0002,0.0007,-0.0006,-0.0001,0.0003,-0.0001,-0.0002,0.0004,-0.0002,0.0002,-0.0004,23.92
1248141209,레조낙코리아주식회사,0.0004,0.0003,0.0006,0.0003,0.0014,0.0002,0.0002,0.001,0.0003,0.0002,0.0002,-0.0001,0.0003,-0.0003,0.0011,-0.0012,0.0,0.0008,-0.0007,-0.0001,0.0,23.81
7788700797,미원스페셜티케미칼(주),,,,0.0004,0.0004,0.0001,0.0001,0.0003,0.0001,0.0001,0.0001,0.0,0.0,0.0,0.0,-0.0003,0.0,0.0002,-0.0002,0.0,0.0,23.73
6058614792,(주)뉴델,,,,,,,,0.0003,0.0001,0.0001,0.0001,0.0,0.0,0.0,0.0,0.0,0.0,0.0,-0.0002,0.0,0.0,23.73
2068128319,주식회사제네웰,0.0001,0.0002,0.0002,0.0002,0.0011,0.0001,0.0003,0.0003,0.0001,0.0001,0.0001,0.0001,0.0,0.0,0.0009,-0.001,0.0002,0.0,-0.0002,0.0,0.0,23.73
1248118673,명인제약(주),0.0002,0.0002,0.0001,0.0002,0.0007,0.0001,0.0001,0.0003,0.0001,0.0001,0.0001,0.0,-0.0001,0.0001,0.0005,-0.0006,0.0,0.0002,-0.0002,0.0,0.0,23.73
6228124873,(주)함일셀레나,,,,0.0006,0.0005,0.0001,0.0001,0.0003,0.0001,0.0001,0.0001,0.0,0.0,0.0,-0.0001,-0.0004,0.0,0.0002,-0.0002,0.0,0.0,23.73
1348163122,(주)석경에이티,0.0075,0.0064,0.0025,0.0018,0.0029,0.0031,0.0014,0.0003,0.0001,0.0001,0.0001,-0.0011,-0.0039,-0.0007,0.0011,0.0002,-0.0017,-0.0011,-0.0002,0.0,0.0,23.73
1208153998,생고뱅코리아(주),0.0001,0.0002,0.0002,0.0002,0.0004,0.0002,0.0002,0.0003,0.0001,0.0001,0.0001,0.0001,0.0,0.0,0.0002,-0.0002,0.0,0.0001,-0.0002,0.0,0.0,23.73
1328607435,주식회사우진프라스틱,0.0015,0.002,0.0008,0.0123,0.0023,0.0018,0.0003,0.0008,0.0003,0.0004,0.0002,0.0005,-0.0012,0.0115,-0.01,-0.0005,-0.0015,0.0005,-0.0005,0.0001,-0.0002,23.63
2018638914,에이치케이이노엔(주),0.0006,0.0003,0.0002,0.0002,0.0005,0.0001,0.0012,0.0032,0.0011,0.001,0.0005,-0.0003,-0.0001,0.0,0.0003,-0.0004,0.0011,0.002,-0.0021,-0.0001,-0.0005,23.61
6218123828,(주)디엔씨,0.0012,0.0008,0.0003,0.0007,0.0015,0.0004,0.0003,0.0009,0.0004,0.0002,0.0002,-0.0004,-0.0005,0.0004,0.0008,-0.0011,-0.0001,0.0006,-0.0005,-0.0002,0.0,23.59
5588801641,에스케이머티리얼즈퍼포먼스(주),,,,,,,,0.001,0.0002,0.0005,0.0002,0.0,0.0,0.0,0.0,0.0,0.0,0.0,-0.0008,0.0003,-0.0003,23.58
3078105244,한국유나이티드제약(주),0.0001,0.0002,0.0001,0.0003,0.0006,0.0001,0.0001,0.0001,0.0001,0.0002,0.0001,0.0001,-0.0001,0.0002,0.0003,-0.0005,0.0,0.0,0.0,0.0001,-0.0001,23.52
1248155867,(주)한남하이텍,,,,0.0012,0.0011,0.0004,0.0002,0.0001,0.0001,0.0002,0.0001,0.0,0.0,0.0,-0.0001,-0.0007,-0.0002,-0.0001,0.0,0.0001,-0.0001,23.52
8748602043,(주)믹스앤매치,,,,,,,,0.0009,0.0003,0.0004,0.0002,0.0,0.0,0.0,0.0,0.0,0.0,0.0,-0.0006,0.0001,-0.0002,23.51
7538801926,주식회사케이씨씨실리콘,,,,,,,0.0006,0.0004,0.0001,0.0001,0.0001,0.0,0.0,0.0,0.0,0.0,0.0,-0.0002,-0.0003,0.0,0.0,23.42
2108119217,(주)에프에스코리아,0.0011,0.0006,0.0116,0.0179,0.045,0.0002,0.0001,0.0004,0.0001,0.0001,0.0001,-0.0005,0.011,0.0063,0.0271,-0.0448,-0.0001,0.0003,-0.0003,0.0,0.0,23.42
6158129939,(주)광동,,0.0016,0.0004,0.0285,0.0013,0.001,0.0004,0.001,0.0003,0.0004,0.0002,0.0,-0.0012,0.0281,-0.0272,-0.0003,-0.0006,0.0006,-0.0007,0.0001,-0.0002,23.42
5158103546,한영산업주식회사,0.0002,0.0003,0.0002,0.0006,0.0013,0.0005,0.0021,0.0005,0.0002,0.0015,0.0002,0.0001,-0.0001,0.0004,0.0007,-0.0008,0.0016,-0.0016,-0.0003,0.0013,-0.0013,23.36
4108186131,(주)승보산업,,,0.0021,0.0007,0.0012,0.0014,0.0006,0.0008,0.0003,0.0008,0.0002,0.0,0.0,-0.0014,0.0005,0.0002,-0.0008,0.0002,-0.0005,0.0005,-0.0006,23.3
6068117496,송우산업(주),0.0017,0.0013,0.0013,0.0043,0.016,0.0005,0.0149,0.0018,0.0007,0.0005,0.0004,-0.0004,0.0,0.003,0.0117,-0.0155,0.0144,-0.0131,-0.0011,-0.0002,-0.0001,23.25
1258157932,(주)바라,0.0003,0.0004,0.0002,0.0004,0.0012,0.0002,0.0001,0.0031,0.0006,0.0005,0.0004,0.0001,-0.0002,0.0002,0.0008,-0.001,-0.0001,0.003,-0.0025,-0.0001,-0.0001,23.23
6428700289,솔브레인라사주식회사,,,,0.001,0.0004,0.0009,0.0007,0.0004,0.0001,0.0031,0.0002,0.0,0.0,0.0,-0.0006,0.0005,-0.0002,-0.0003,-0.0003,0.003,-0.0029,23.23
6698601817,DL에프엔씨,,,,,,,0.0004,0.0005,0.0002,0.003,0.0002,0.0,0.0,0.0,0.0,0.0,0.0,0.0001,-0.0003,0.0028,-0.0028,23.22
2208813709,주식회사에코화인,,,,,,0.0007,0.0003,0.0005,0.0001,0.0001,0.0001,0.0,0.0,0.0,0.0,0.0,-0.0004,0.0002,-0.0004,0.0,0.0,23.21
1278111209,주식회사동원,0.0309,0.0016,0.0005,0.0004,0.003,0.1859,0.0052,0.0292,0.0012,0.0007,0.0005,-0.0293,-0.0011,-0.0001,0.0026,0.1829,-0.1807,0.024,-0.028,-0.0005,-0.0002,23.13
1098655320,피티프라스주식회사,,,,,,,,,0.0035,0.0004,0.0003,0.0,0.0,0.0,0.0,0.0,0.0,0.0,0.0,-0.0031,-0.0001,23.09
1308168218,(주)퍼슨,0.0002,0.0002,0.0002,0.0002,0.0005,0.0001,0.0001,0.0001,0.0001,0.0003,0.0001,0.0,0.0,0.0,0.0003,-0.0004,0.0,0.0,0.0,0.0002,-0.0002,23.09
3148193372,주식회사한나노텍,,,0.0007,0.0006,0.0074,0.0424,,0.0006,0.0001,0.0001,0.0001,0.0,0.0,-0.0001,0.0068,0.035,0.0,0.0,-0.0005,0.0,0.0,23.05
1308143987,화성코스메틱주식회사,,0.0009,0.0002,0.0002,0.002,0.0002,0.0006,0.0006,0.0001,0.0001,0.0001,0.0,-0.0007,0.0,0.0018,-0.0018,0.0004,0.0,-0.0005,0.0,0.0,23.05
2068170030,(주)마크로케어,,,,,,,,0.0018,0.0003,0.0004,0.0002,0.0,0.0,0.0,0.0,0.0,0.0,0.0,-0.0015,0.0001,-0.0002,23.02
1138684386,주식회사스텍,,,,,0.0005,0.0002,0.0002,0.0002,0.0002,0.0001,0.0001,0.0,0.0,0.0,0.0,-0.0003,0.0,0.0,0.0,-0.0001,0.0,23.01
1208102086,머크일렉트로닉스머티리얼즈주식회사,0.0002,0.0005,0.0002,0.0002,0.0005,0.0002,0.0002,0.0002,0.0002,0.0001,0.0001,0.0003,-0.0003,0.0,0.0003,-0.0003,0.0,0.0,0.0,-0.0001,0.0,23.01
1358602142,(주)엠에스시,,,,,,0.0004,0.0001,0.0002,0.0002,0.0001,0.0001,0.0,0.0,0.0,0.0,0.0,-0.0003,0.0001,0.0,-0.0001,0.0,23.01
1258119281,동진기업(주),0.0002,0.0004,0.0002,0.0003,0.0012,0.0003,0.0002,0.0002,0.0002,0.0001,0.0001,0.0002,-0.0002,0.0001,0.0009,-0.0009,-0.0001,0.0,0.0,-0.0001,0.0,23.01
7658600057,주식회사리어스,,,,,0.0007,0.0003,0.0002,0.0002,0.0002,0.0001,0.0001,0.0,0.0,0.0,0.0,-0.0004,-0.0001,0.0,0.0,-0.0001,0.0,23.01
2298105610,주식회사범우,0.0002,0.0002,0.0003,0.0003,0.0009,0.0002,0.0005,0.0107,0.052,0.0014,0.0003,0.0,0.0001,0.0,0.0006,-0.0007,0.0003,0.0102,0.0413,-0.0506,-0.0011,22.97
1278107404,서안켐텍(주),0.0208,0.0073,0.0017,0.0013,0.0042,0.0005,0.0005,0.0011,0.0004,0.001,0.0002,-0.0135,-0.0056,-0.0004,0.0029,-0.0037,0.0,0.0006,-0.0007,0.0006,-0.0008,22.93
3378100411,에이치디현대오씨아이주식회사,,,,0.0009,0.0113,0.0022,0.002,0.0023,0.0004,0.0002,0.0002,0.0,0.0,0.0,0.0104,-0.0091,-0.0002,0.0003,-0.0019,-0.0002,0.0,22.83
3038117374,(주)삼정향료,,,,,,,0.0004,0.0002,0.0005,0.0004,0.0002,0.0,0.0,0.0,0.0,0.0,0.0,-0.0002,0.0003,-0.0001,-0.0002,22.7
3018600192,(주)조선아이디,,,,,,,,,0.0003,0.0001,0.0001,0.0,0.0,0.0,0.0,0.0,0.0,0.0,0.0,-0.0002,0.0,22.58
3148198760,비비씨(주),,0.0017,0.0007,0.0005,0.0017,0.001,0.0002,0.0004,0.0005,0.0004,0.0002,0.0,-0.001,-0.0002,0.0012,-0.0007,-0.0008,0.0002,0.0001,-0.0001,-0.0002,22.43
1098629157,아그니코리아주식회사,,,,,,,0.0007,0.0008,,0.0007,0.0002,0.0,0.0,0.0,0.0,0.0,0.0,0.0001,0.0,0.0,-0.0005,22.41
7048100800,(주)와이엔케이바이오코스,,,,,,,,,0.0004,0.0001,0.0001,0.0,0.0,0.0,0.0,0.0,0.0,0.0,0.0,-0.0003,0.0,22.35
8728601714,에스케이케미칼대정,,,,,,,,,0.0004,0.0001,0.0001,0.0,0.0,0.0,0.0,0.0,0.0,0.0,0.0,-0.0003,0.0,22.35
8338701017,(주)비나우,,,,,,,,,0.0004,0.0001,0.0001,0.0,0.0,0.0,0.0,0.0,0.0,0.0,0.0,-0.0003,0.0,22.35
1168114884,(주)세진에스엠씨,0.0007,0.004,0.0013,0.001,0.0053,0.0023,0.0033,0.0018,0.0572,0.0003,0.0002,0.0033,-0.0027,-0.0003,0.0043,-0.003,0.001,-0.0015,0.0554,-0.0569,-0.0001,22.32
2148763871,위더스제약(주),0.0002,0.0006,0.0003,0.0002,0.0004,0.0001,0.0002,0.0003,0.0006,0.0004,0.0002,0.0004,-0.0003,-0.0001,0.0002,-0.0003,0.0001,0.0001,0.0003,-0.0002,-0.0002,22.27
1348638889,(주)이에스피켐,0.0003,0.0005,0.0004,0.0006,0.0011,0.0002,0.0002,0.0001,0.0101,0.0003,0.0002,0.0002,-0.0001,0.0002,0.0005,-0.0009,0.0,-0.0001,0.01,-0.0098,-0.0001,22.25
1258139496,신원산업(주),0.0002,0.0005,0.0002,0.0001,0.0003,0.0001,0.0001,0.0003,0.0006,0.0005,0.0002,0.0003,-0.0003,-0.0001,0.0002,-0.0002,0.0,0.0002,0.0003,-0.0001,-0.0003,22.19
6038117954,주식회사한국유화,,,,,,,,,0.0005,0.0001,0.0001,0.0,0.0,0.0,0.0,0.0,0.0,0.0,0.0,-0.0004,0.0,22.17
5058116495,피엠씨바이오제닉스코리아주식회사,0.0003,0.0002,0.0001,0.0003,0.0005,0.0002,0.0001,0.0004,0.0004,0.0008,0.0001,-0.0001,-0.0001,0.0002,0.0002,-0.0003,-0.0001,0.0003,0.0,0.0004,-0.0007,22.01
4108665446,무등스크린주식회사,0.0011,0.0022,0.0006,0.0006,0.0004,0.0002,0.0002,0.0005,0.0003,0.0003,0.0002,0.0011,-0.0016,0.0,-0.0002,-0.0002,0.0,0.0003,-0.0002,0.0,-0.0001,21.94
1228115383,주식회사일진코스메틱,0.0002,0.0115,0.0419,0.0524,0.0174,0.056,0.0005,0.0044,0.0142,0.0042,0.0003,0.0113,0.0304,0.0105,-0.035,0.0386,-0.0555,0.0039,0.0098,-0.01,-0.0039,21.94
2208723971,(주)잇츠한불,0.0002,0.0002,0.0001,0.0003,0.0004,0.0006,0.0218,0.0184,0.0312,0.003,0.0003,0.0,-0.0001,0.0002,0.0001,0.0002,0.0212,-0.0034,0.0128,-0.0282,-0.0027,21.94
1338122166,(주)제이씨,0.0007,0.0071,0.0012,0.0091,0.0171,0.0912,,,0.0013,0.0008,0.0003,0.0064,-0.0059,0.0079,0.008,0.0741,0.0,0.0,0.0,-0.0005,-0.0005,21.85
3068113101,(주)세원산업,,,,,,,,,0.0011,0.0001,0.0001,0.0,0.0,0.0,0.0,0.0,0.0,0.0,0.0,-0.001,0.0,21.64
1208109454,(주)에이치피엠글로벌,0.0016,0.0043,0.004,0.0173,0.0037,0.0041,0.0007,0.0044,0.0008,0.0011,0.0002,0.0027,-0.0003,0.0133,-0.0136,0.0004,-0.0034,0.0037,-0.0036,0.0003,-0.0009,21.57
2148658707,(주)디케이앤디,0.0007,0.0007,0.0029,0.0008,0.0014,0.0002,0.0003,0.0082,0.0006,0.0008,0.0002,0.0,0.0022,-0.0021,0.0006,-0.0012,0.0001,0.0079,-0.0076,0.0002,-0.0006,21.51
8418800020,(주)한솔바이오텍,,,,,0.0005,0.0001,0.0001,0.0002,0.0048,0.0004,0.0002,0.0,0.0,0.0,0.0,-0.0004,0.0,0.0001,0.0046,-0.0044,-0.0002,21.4
1258145722,(주)한국팜비오,0.0002,0.0001,0.0002,0.0004,0.0017,0.0002,0.0001,0.0002,0.0001,0.0002,0.0001,-0.0001,0.0001,0.0002,0.0013,-0.0015,-0.0001,0.0001,-0.0001,0.0001,-0.0001,21.32
1348103406,입시화학주식회사,0.0002,0.0006,0.0002,0.0002,0.0007,0.0001,0.0001,0.0002,0.0001,0.0002,0.0001,0.0004,-0.0004,0.0,0.0005,-0.0006,0.0,0.0001,-0.0001,0.0001,-0.0001,21.32
1358127264,(주)티앤엘,0.0004,0.0003,0.0001,0.0003,0.0004,0.0001,0.0001,0.0002,0.0001,0.0002,0.0001,-0.0001,-0.0002,0.0002,0.0001,-0.0003,0.0,0.0001,-0.0001,0.0001,-0.0001,21.32
1068118826,주식회사태준제약,0.0004,0.0005,0.0001,0.0002,0.0006,0.0001,0.0001,0.0002,0.0001,0.0002,0.0001,0.0001,-0.0004,0.0001,0.0004,-0.0005,0.0,0.0001,-0.0001,0.0001,-0.0001,21.32
1308164018,에이코스팩주식회사,,0.0012,0.0004,0.0011,0.0006,0.0006,0.0004,0.0008,0.0003,0.0003,0.0002,0.0,-0.0008,0.0007,-0.0005,0.0,-0.0002,0.0004,-0.0005,0.0,-0.0001,21.26
1148100050,주식회사한불화농,0.0003,0.0003,0.0003,0.0036,0.0354,0.0078,0.0004,0.0004,0.0004,0.0003,0.0002,0.0,0.0,0.0033,0.0318,-0.0276,-0.0074,0.0,0.0,-0.0001,-0.0001,21.22
1358132466,성진특수잉크(주),,,0.0009,0.0006,0.0022,0.0018,0.0004,0.0033,0.0032,0.0011,0.0004,0.0,0.0,-0.0003,0.0016,-0.0004,-0.0014,0.0029,-0.0001,-0.0021,-0.0007,20.98
1248704604,주식회사글리쉬,,,,,,,0.0004,0.0003,0.0001,0.0002,0.0001,0.0,0.0,0.0,0.0,0.0,0.0,-0.0001,-0.0002,0.0001,-0.0001,20.96
1058762694,(주)카버코리아,0.0004,0.0002,0.0002,0.0001,0.0001,0.0001,0.0002,0.0003,0.0001,0.0002,0.0001,-0.0002,0.0,-0.0001,0.0,0.0,0.0001,0.0001,-0.0002,0.0001,-0.0001,20.96
1138144792,주식회사삼화,0.0004,0.0003,0.0003,0.0004,0.0015,0.0002,0.0002,0.0003,0.0001,0.0002,0.0001,-0.0001,0.0,0.0001,0.0011,-0.0013,0.0,0.0001,-0.0002,0.0001,-0.0001,20.96
1098159637,(주)스톰테크,,,0.0008,0.0005,0.0002,0.0002,0.0001,0.0003,0.0001,0.0002,0.0001,0.0,0.0,-0.0003,-0.0003,0.0,-0.0001,0.0002,-0.0002,0.0001,-0.0001,20.96
1348663694,다본주식회사,,,,,,0.0004,0.0002,0.0003,0.0001,0.0002,0.0001,0.0,0.0,0.0,0.0,0.0,-0.0002,0.0001,-0.0002,0.0001,-0.0001,20.96
3128630487,에스유머티리얼스(주),0.0006,0.0003,0.0002,0.0003,0.0004,0.0002,0.0001,0.0003,0.0001,0.0002,0.0001,-0.0003,-0.0001,0.0001,0.0001,-0.0002,-0.0001,0.0002,-0.0002,0.0001,-0.0001,20.96
6168181184,(주)웅진산업,,,0.0009,0.0009,0.0023,0.0024,0.0011,0.0011,0.0003,0.0003,0.0002,0.0,0.0,0.0,0.0014,0.0001,-0.0013,0.0,-0.0008,0.0,-0.0001,20.96
1198108208,(주)한국프리시전웍스,0.0007,0.0003,0.0002,0.0001,0.0001,0.0001,0.0002,0.0002,0.0001,0.0003,0.0001,-0.0004,-0.0001,-0.0001,0.0,0.0,0.0001,0.0,-0.0001,0.0002,-0.0002,20.9
8638700270,(주)휴온스,,,0.0005,0.0001,0.0005,0.0001,0.0001,0.0003,0.0002,0.0001,0.0001,0.0,0.0,-0.0004,0.0004,-0.0004,0.0,0.0002,-0.0001,-0.0001,0.0,20.82
1108608069,(주)종근당,0.0001,0.0018,0.0002,0.0003,0.001,0.0001,0.0001,0.0003,0.0002,0.0001,0.0001,0.0017,-0.0016,0.0001,0.0007,-0.0009,0.0,0.0002,-0.0001,-0.0001,0.0,20.82
8168600729,디비하우징(주),,,,,0.0048,0.0023,0.0006,0.0003,0.0002,0.0001,0.0001,0.0,0.0,0.0,0.0,-0.0025,-0.0017,-0.0003,-0.0001,-0.0001,0.0,20.82
1298675617,한솔생명과학(주),,,,,0.0005,0.0001,0.0001,0.0003,0.0002,0.0001,0.0001,0.0,0.0,0.0,0.0,-0.0004,0.0,0.0002,-0.0001,-0.0001,0.0,20.82
2208146327,회명워터젠(주),,,,,,0.0112,0.1589,0.0635,0.0019,0.0002,0.0002,0.0,0.0,0.0,0.0,0.0,0.1477,-0.0954,-0.0616,-0.0017,0.0,20.77
1318166396,(주)송현테크,0.0073,0.5368,0.0262,0.0167,0.0035,0.0083,0.0012,0.0034,0.0005,0.0004,0.0003,0.5295,-0.5106,-0.0095,-0.0132,0.0048,-0.0071,0.0022,-0.0029,-0.0001,-0.0001,20.77
4178134726,(주)신비오켐,0.0008,,,,0.0037,0.0002,,0.0024,0.0013,0.001,0.0004,0.0,0.0,0.0,0.0,-0.0035,0.0,0.0,-0.0011,-0.0003,-0.0006,20.7
6268801186,주식회사코스탯신소재,,,,,,,,0.0004,0.0001,0.0002,0.0001,0.0,0.0,0.0,0.0,0.0,0.0,0.0,-0.0003,0.0001,-0.0001,20.66
4108672175,(주)지아이엠텍,,,,,,,0.0004,0.0004,0.0001,0.0002,0.0001,0.0,0.0,0.0,0.0,0.0,0.0,0.0,-0.0003,0.0001,-0.0001,20.66
1228182903,(주)이노디스,,,,,,0.0013,0.0002,0.0003,0.0001,0.0003,0.0001,0.0,0.0,0.0,0.0,0.0,-0.0011,0.0001,-0.0002,0.0002,-0.0002,20.54
5068602233,주식회사태양산업사,,,,,,,,0.0017,0.0008,0.0004,0.0003,0.0,0.0,0.0,0.0,0.0,0.0,0.0,-0.0009,-0.0004,-0.0001,20.48
3118104924,주식회사녹수,0.0002,0.0005,0.0002,0.0001,0.0001,0.0001,0.0001,0.0004,0.0002,0.0001,0.0001,0.0003,-0.0003,-0.0001,0.0,0.0,0.0,0.0003,-0.0002,-0.0001,0.0,20.46
3128147440,(주)케이비지,0.0008,0.0009,0.0005,0.0002,0.0011,0.0017,0.0001,0.0004,0.0002,0.0001,0.0001,0.0001,-0.0004,-0.0003,0.0009,0.0006,-0.0016,0.0003,-0.0002,-0.0001,0.0,20.46
2208889441,(주)에이피알,,0.0006,0.0001,0.0009,0.0205,0.028,0.0006,0.0005,0.0001,0.0002,0.0001,0.0,-0.0005,0.0008,0.0196,0.0075,-0.0274,-0.0001,-0.0004,0.0001,-0.0001,20.45
1388105823,삼아제약(주),0.0002,0.0003,0.0001,0.0001,0.0009,0.0002,0.0008,0.0005,0.0001,0.0002,0.0001,0.0001,-0.0002,0.0,0.0008,-0.0007,0.0006,-0.0003,-0.0004,0.0001,-0.0001,20.45
1388106889,(주)한국티알,,,,,,,,0.0005,0.0001,0.0002,0.0001,0.0,0.0,0.0,0.0,0.0,0.0,0.0,-0.0004,0.0001,-0.0001,20.45
1348144047,(주)유니테크,0.0003,0.0005,0.0003,0.0009,0.0014,0.0001,0.0002,0.0057,0.0208,0.0006,0.0002,0.0002,-0.0002,0.0006,0.0005,-0.0013,0.0001,0.0055,0.0151,-0.0202,-0.0004,20.4
2098163431,주식회사온누리바이오생약,,,,,,,,,0.0067,0.001,0.0003,0.0,0.0,0.0,0.0,0.0,0.0,0.0,0.0,-0.0057,-0.0007,20.36
1378624399,주식회사이더멜라민,,,,,,,,0.0017,0.0006,0.0005,0.0003,0.0,0.0,0.0,0.0,0.0,0.0,0.0,-0.0011,-0.0001,-0.0002,20.35
1298673865,(주)켐코정밀,,,0.0005,0.0003,0.001,0.0005,0.0008,0.0093,0.0198,0.0006,0.0002,0.0,0.0,-0.0002,0.0007,-0.0005,0.0003,0.0085,0.0105,-0.0192,-0.0004,20.32
3148616860,주식회사애니원,0.0036,0.0011,0.0004,0.0007,0.0003,0.0003,0.0088,0.1051,0.0032,0.0028,0.0005,-0.0025,-0.0007,0.0003,-0.0004,0.0,0.0085,0.0963,-0.1019,-0.0004,-0.0023,20.31
1398119806,대봉엘에스(주),0.0002,0.0001,0.0001,0.0001,0.0003,0.0001,0.0001,0.0003,0.0001,0.0004,0.0001,-0.0001,0.0,0.0,0.0002,-0.0002,0.0,0.0002,-0.0002,0.0003,-0.0003,20.31
1368113410,(주)쎌바이오텍,0.0001,0.0002,0.0002,0.0001,0.0003,0.0001,0.0001,0.0003,0.0001,0.0004,0.0001,0.0001,0.0,-0.0001,0.0002,-0.0002,0.0,0.0002,-0.0002,0.0003,-0.0003,20.31
7108800406,그린코스주식회사,,,0.0097,0.3157,0.0014,0.0006,0.0005,0.0202,0.0058,0.0015,0.0005,0.0,0.0,0.306,-0.3143,-0.0008,-0.0001,0.0197,-0.0144,-0.0043,-0.001,20.3
1348101602,주식회사크로바케미칼(구:크로바프라스틱주식회사),0.0003,0.0004,0.0003,0.0007,0.0048,0.0004,0.0003,0.0006,0.0001,0.0002,0.0001,0.0001,-0.0001,0.0004,0.0041,-0.0044,-0.0001,0.0003,-0.0005,0.0001,-0.0001,20.28
2208114465,한국오츠카제약주식회사,0.0002,0.0007,0.0006,0.0002,0.0005,0.0001,0.0,0.0002,0.0002,0.0002,0.0001,0.0005,-0.0001,-0.0004,0.0003,-0.0004,-0.0001,0.0002,0.0,0.0,-0.0001,20.25
2048640118,동아제약주식회사,0.0001,0.0002,0.0001,0.0002,0.0005,0.0001,0.0001,0.0002,0.0002,0.0002,0.0001,0.0001,-0.0001,0.0001,0.0003,-0.0004,0.0,0.0001,0.0,0.0,-0.0001,20.25
3078132061,리봄화장품(주),,,,,0.0003,0.0002,0.0002,0.0002,0.0002,0.0002,0.0001,0.0,0.0,0.0,0.0,-0.0001,0.0,0.0,0.0,0.0,-0.0001,20.25
1098161657,주식회사코바스,0.0002,0.0002,0.0001,0.0001,0.0005,0.0002,0.0001,0.0002,0.0002,0.0002,0.0001,0.0,-0.0001,0.0,0.0004,-0.0003,-0.0001,0.0001,0.0,0.0,-0.0001,20.25
6208114025,(주)산양화학,0.0001,0.0002,0.0002,0.0002,0.0007,0.0002,0.0001,0.0002,0.0002,0.0002,0.0001,0.0001,0.0,0.0,0.0005,-0.0005,-0.0001,0.0001,0.0,0.0,-0.0001,20.25
1258130175,코아텍(주),0.0004,0.0005,0.0003,0.0001,0.0001,0.0003,0.0002,0.0002,0.0002,0.0002,0.0001,0.0001,-0.0002,-0.0002,0.0,0.0002,-0.0001,0.0,0.0,0.0,-0.0001,20.25
6038141740,(주)화승가스테크,,,,,,,,,0.0008,0.0003,0.0002,0.0,0.0,0.0,0.0,0.0,0.0,0.0,0.0,-0.0005,-0.0001,20.23
2078137164,주식회사덕성하이텍,0.0003,0.0004,0.0003,0.0005,0.0021,0.0006,0.0002,0.0005,0.0093,0.0007,0.0002,0.0001,-0.0001,0.0002,0.0016,-0.0015,-0.0004,0.0003,0.0088,-0.0086,-0.0005,20.15
8120019,잉글우드랩(주),,0.0008,0.0048,0.0347,0.176,0.0008,0.0006,0.0005,0.0002,0.0001,0.0001,0.0,0.004,0.0299,0.1413,-0.1752,-0.0002,-0.0001,-0.0003,-0.0001,0.0,20.15
1248702509,(주)에코아이디,0.0071,0.0068,0.0026,0.0249,0.0231,0.007,0.0014,0.003,0.0029,0.0005,0.0003,-0.0003,-0.0042,0.0223,-0.0018,-0.0161,-0.0056,0.0016,-0.0001,-0.0024,-0.0002,20.08
3148101120,영보화학(주),0.0009,0.0004,0.0002,0.0003,0.0009,0.0003,0.0005,0.0004,0.0002,0.0003,0.0001,-0.0005,-0.0002,0.0001,0.0006,-0.0006,0.0002,-0.0001,-0.0002,0.0001,-0.0002,20.07
1058688474,주식회사다림티센,,,,,,,,,0.0035,0.0023,0.0003,0.0,0.0,0.0,0.0,0.0,0.0,0.0,0.0,-0.0012,-0.002,19.91
2118800122,주식회사이폴리움,,,,,,,,,0.0006,0.0004,0.0002,0.0,0.0,0.0,0.0,0.0,0.0,0.0,0.0,-0.0002,-0.0002,19.89
5148142003,(주)대정하이테크,0.0024,0.0016,0.0016,0.0033,0.0019,0.0027,0.0005,0.0036,0.0009,0.0004,0.0003,-0.0008,0.0,0.0017,-0.0014,0.0008,-0.0022,0.0031,-0.0027,-0.0005,-0.0001,19.8
2788800256,주식회사태성케미칼,,,0.0057,0.0054,0.0004,0.0006,0.0004,0.0013,0.0009,0.0006,0.0003,0.0,0.0,-0.0003,-0.005,0.0002,-0.0002,0.0009,-0.0004,-0.0003,-0.0003,19.79
2838702389,(주)에코프로에이치엔,,,,,,,,0.0005,0.0002,0.0003,0.0001,0.0,0.0,0.0,0.0,0.0,0.0,0.0,-0.0003,0.0001,-0.0002,19.76
3038143270,켐가스코리아(주),,,,,,,,0.0005,0.0002,0.0003,0.0001,0.0,0.0,0.0,0.0,0.0,0.0,0.0,-0.0003,0.0001,-0.0002,19.76
1348189985,(주)롤팩,0.0002,0.0003,0.0002,0.0002,0.0003,0.0002,0.0001,0.0002,0.0001,0.0015,0.0001,0.0001,-0.0001,0.0,0.0001,-0.0001,-0.0001,0.0001,-0.0001,0.0014,-0.0014,19.73
6218115935,동아화학주식회사,0.0002,0.0002,0.0002,0.0001,0.0012,0.0006,0.0002,0.0044,0.0023,0.0009,0.0004,0.0,0.0,-0.0001,0.0011,-0.0006,-0.0004,0.0042,-0.0021,-0.0014,-0.0005,19.68
1288101626,주식회사일삼,0.0001,0.0002,0.0002,0.0002,0.0004,0.0001,0.0002,0.0005,0.0003,0.0005,0.0001,0.0001,0.0,0.0,0.0002,-0.0003,0.0001,0.0003,-0.0002,0.0002,-0.0004,19.67
3018125427,(주)넥스팜코리아,0.0006,0.001,0.0205,0.0057,0.0108,0.0004,0.0004,0.0005,0.0001,0.0005,0.0001,0.0004,0.0195,-0.0148,0.0051,-0.0104,0.0,0.0001,-0.0004,0.0004,-0.0004,19.63
5038141834,(주)데스코,0.0005,0.0014,0.0006,0.0014,0.0329,0.0009,0.0008,0.0009,0.0002,0.0001,0.0001,0.0009,-0.0008,0.0008,0.0315,-0.032,-0.0001,0.0001,-0.0007,-0.0001,0.0,19.57
4178105600,(주)엘엑스엠엠에이,0.0005,0.0003,0.0002,0.0001,0.0004,0.0001,0.0001,0.0002,0.0001,0.005,0.0001,-0.0002,-0.0001,-0.0001,0.0003,-0.0003,0.0,0.0001,-0.0001,0.0049,-0.0049,19.49
1318194024,(주)바이오에프디엔씨,,,0.0021,,,0.0002,0.0002,0.0003,0.0003,0.0003,0.0001,0.0,0.0,0.0,0.0,0.0,0.0,0.0001,0.0,0.0,-0.0002,19.35
1148193525,(주)주항테크,,,,,,0.0014,0.0005,0.0308,0.0039,0.0008,0.0004,0.0,0.0,0.0,0.0,0.0,-0.0009,0.0303,-0.0269,-0.0031,-0.0004,19.05
2208117972,신진메딕스(주),0.0278,0.0296,0.0242,0.0136,0.0275,0.0527,0.0077,0.0709,0.0097,0.003,0.0005,0.0018,-0.0054,-0.0106,0.0139,0.0252,-0.045,0.0632,-0.0612,-0.0067,-0.0025,19.03
2148110843,강남화성주식회사,0.0002,0.0003,0.0001,0.0002,0.0007,0.0002,0.0002,0.0007,0.0002,0.0008,0.0001,0.0001,-0.0002,0.0001,0.0005,-0.0005,0.0,0.0005,-0.0005,0.0006,-0.0007,19.03
1378150193,(주)삼성케미칼,,,,,,0.0009,0.0002,0.0011,0.0002,0.0003,0.0001,0.0,0.0,0.0,0.0,0.0,-0.0007,0.0009,-0.0009,0.0001,-0.0002,19.02
1398134447,(주)스피덴트,,,,,,0.0023,0.0006,0.0009,0.0003,0.0006,0.0001,0.0,0.0,0.0,0.0,0.0,-0.0017,0.0003,-0.0006,0.0003,-0.0005,18.84
1308128045,(주)윌비에스엔티,0.0001,0.0002,0.0003,0.0002,0.0005,0.0001,0.0001,0.0002,0.0004,0.0002,0.0001,0.0001,0.0001,-0.0001,0.0003,-0.0004,0.0,0.0001,0.0002,-0.0002,-0.0001,18.8
6698800530,주식회사더스킨팩토리,,,,,,0.0004,0.0001,0.0001,0.0005,0.0002,0.0001,0.0,0.0,0.0,0.0,0.0,-0.0003,0.0,0.0004,-0.0003,-0.0001,18.8
1258159401,씨티아이주식회사,,,,,,,,,0.0019,0.0004,0.0002,0.0,0.0,0.0,0.0,0.0,0.0,0.0,0.0,-0.0015,-0.0002,18.75
1188123128,애경스페셜티주식회사,,,,,,,0.0004,0.0008,0.0004,0.0005,0.0001,0.0,0.0,0.0,0.0,0.0,0.0,0.0004,-0.0004,0.0001,-0.0004,18.69
1218133923,천일엔지니어링(주),0.0002,0.0002,0.0001,0.0002,0.0016,0.0002,0.0001,0.0061,0.0002,0.0001,0.0001,0.0,-0.0001,0.0001,0.0014,-0.0014,-0.0001,0.006,-0.0059,-0.0001,0.0,18.66
3038113742,신일제약(주),0.0002,0.0002,0.0002,0.0002,0.0003,0.0001,0.0001,0.0003,0.0004,0.0002,0.0001,0.0,0.0,0.0,0.0001,-0.0002,0.0,0.0002,0.0001,-0.0002,-0.0001,18.65
1308689993,(주)다커,,,,,,,0.0002,0.0002,0.0006,0.0002,0.0001,0.0,0.0,0.0,0.0,0.0,0.0,0.0,0.0004,-0.0004,-0.0001,18.61
1338123001,(주)백산,0.0011,0.0007,0.0002,0.0002,0.0015,0.0005,0.0088,0.0022,0.0002,0.0003,0.0001,-0.0004,-0.0005,0.0,0.0013,-0.001,0.0083,-0.0066,-0.002,0.0001,-0.0002,18.6
1228113217,삼익제약(주),0.0002,0.0002,0.0001,0.0002,0.0008,0.0004,0.0021,0.03,0.1533,0.0038,0.0002,0.0,-0.0001,0.0001,0.0006,-0.0004,0.0017,0.0279,0.1233,-0.1495,-0.0036,18.4
1288178649,아다마코리아(주),0.0002,0.0003,0.0001,0.0005,0.001,0.0001,0.0002,0.0002,0.0004,0.0003,0.0001,0.0001,-0.0002,0.0004,0.0005,-0.0009,0.0001,0.0,0.0002,-0.0001,-0.0002,18.33
1188102477,제이더블유중외제약(주),0.0082,0.012,0.0322,0.0115,0.0076,0.0438,0.2634,0.036,0.0005,0.0005,0.0002,0.0038,0.0202,-0.0207,-0.0039,0.0362,0.2196,-0.2274,-0.0355,0.0,-0.0003,18.31
7068100505,피엠씨오르가노메탈릭스아시아(주),,,,0.0046,0.1423,0.004,0.0196,0.0049,0.0002,0.0004,0.0001,0.0,0.0,0.0,0.1377,-0.1383,0.0156,-0.0147,-0.0047,0.0002,-0.0003,18.3
1318612347,신진에스피이,,,,,0.0017,0.0025,0.0015,0.0291,0.0062,0.001,0.0004,0.0,0.0,0.0,0.0,0.0008,-0.001,0.0276,-0.0229,-0.0052,-0.0006,18.29
1248138330,동방에프티엘주식회사,0.0002,0.0005,0.0106,0.0636,0.0403,0.0005,0.0001,0.0003,0.0002,0.0002,0.0001,0.0003,0.0101,0.053,-0.0233,-0.0398,-0.0004,0.0002,-0.0001,0.0,-0.0001,18.05
6048131624,(주)고려노벨화약,0.0031,0.004,0.0016,0.0015,0.0003,0.0405,0.0001,0.0003,0.0002,0.0002,0.0001,0.0009,-0.0024,-0.0001,-0.0012,0.0402,-0.0404,0.0002,-0.0001,0.0,-0.0001,18.05
1398131187,주식회사효산LPL,,,0.0008,0.0003,0.0033,0.0004,0.0003,0.0003,0.0002,0.0002,0.0001,0.0,0.0,-0.0005,0.003,-0.0029,-0.0001,0.0,-0.0001,0.0,-0.0001,18.05
3158101875,(주)다이아덴트,,,,0.0011,0.0007,0.0003,0.0004,0.0003,0.0002,0.0002,0.0001,0.0,0.0,0.0,-0.0004,-0.0004,0.0001,-0.0001,-0.0001,0.0,-0.0001,18.05
5178800277,주식회사선인,,,,,0.0004,0.0007,0.0005,0.0009,0.0004,0.0003,0.0002,0.0,0.0,0.0,0.0,0.0003,-0.0002,0.0004,-0.0005,-0.0001,-0.0001,17.99
1198647318,주식회사진한,0.001,0.001,0.0006,0.0002,0.0011,0.0002,0.0001,0.0002,0.0362,0.0002,0.0001,0.0,-0.0004,-0.0004,0.0009,-0.0009,-0.0001,0.0001,0.036,-0.036,-0.0001,17.98
3148650515,주식회사차메디텍,0.1852,0.0019,0.0009,0.0054,0.0076,0.0001,0.0037,0.0016,0.0116,0.0002,0.0001,-0.1833,-0.001,0.0045,0.0022,-0.0075,0.0036,-0.0021,0.01,-0.0114,-0.0001,17.94
2048176343,(주)휴메딕스,0.0002,0.0002,0.0001,0.0003,0.0003,0.0001,0.0001,0.0008,0.0009,0.0002,0.0001,0.0,-0.0001,0.0002,0.0,-0.0002,0.0,0.0007,0.0001,-0.0007,-0.0001,17.91
1448124408,주식회사웨트러스트,,,,,,,0.0002,0.0001,0.0006,0.0004,0.0001,0.0,0.0,0.0,0.0,0.0,0.0,-0.0001,0.0005,-0.0002,-0.0003,17.69
1138179345,형제프라콘주식회사,,,,,,0.0024,0.0018,0.0099,0.0065,0.0027,0.0004,0.0,0.0,0.0,0.0,0.0,-0.0006,0.0081,-0.0034,-0.0038,-0.0023,17.55
1208100467,바이엘코리아(주),0.0007,0.0011,0.0007,0.0008,0.0018,0.0007,0.0005,0.0011,0.0005,0.0003,0.0002,0.0004,-0.0004,0.0001,0.001,-0.0011,-0.0002,0.0006,-0.0006,-0.0002,-0.0001,17.44
1168105478,한국노바티스주식회사,0.0008,0.0005,0.0009,0.0386,0.0036,0.0005,0.0015,0.0075,0.0054,0.0006,0.0003,-0.0003,0.0004,0.0377,-0.035,-0.0031,0.001,0.006,-0.0021,-0.0048,-0.0003,17.42
1258149223,(주)동천,0.0028,0.0019,0.0009,0.0361,0.0038,0.0017,0.0008,0.0018,0.0004,0.0003,0.0002,-0.0009,-0.001,0.0352,-0.0323,-0.0021,-0.0009,0.001,-0.0014,-0.0001,-0.0001,17.42
6038152572,한신실리텍주식회사,0.0047,0.0067,0.003,0.0034,0.0006,0.0005,0.0003,0.0005,0.0002,0.0002,0.0001,0.002,-0.0037,0.0004,-0.0028,-0.0001,-0.0002,0.0002,-0.0003,0.0,-0.0001,17.38
1248722223,주식회사명지피앤피,0.0032,0.0067,0.0015,0.0016,0.0033,0.0002,0.0004,0.0005,0.0006,0.0005,0.0001,0.0035,-0.0052,0.0001,0.0017,-0.0031,0.0002,0.0001,0.0001,-0.0001,-0.0004,17.32
1458701448,주식회사동광엔비텍,,,,,,,,,0.0021,0.001,0.0002,0.0,0.0,0.0,0.0,0.0,0.0,0.0,0.0,-0.0011,-0.0008,17.19
5048125609,동호칼슘(주),,,,,,,0.0003,0.0002,0.0053,0.0003,0.0001,0.0,0.0,0.0,0.0,0.0,0.0,-0.0001,0.0051,-0.005,-0.0002,17.12
3058119849,(주)중앙백신연구소,0.0002,0.0001,0.0002,0.0004,0.0011,0.0003,0.0001,0.0003,0.0003,0.0002,0.0001,-0.0001,0.0001,0.0002,0.0007,-0.0008,-0.0002,0.0002,0.0,-0.0001,-0.0001,16.98
3078126249,엠씨솔루션주식회사,0.0002,0.0003,0.0001,0.0003,0.0004,0.0001,0.0003,0.0057,0.0004,0.0003,0.0002,0.0001,-0.0002,0.0002,0.0001,-0.0003,0.0002,0.0054,-0.0053,-0.0001,-0.0001,16.9
1338137198,(주)도일인텍,,,,,,,,,,0.0016,0.0001,0.0,0.0,0.0,0.0,0.0,0.0,0.0,0.0,0.0,-0.0015,16.87
1258159186,옥시젠디벨롭먼트(주),,,,0.0082,0.0031,0.0744,0.0048,0.0023,0.0005,0.0003,0.0002,0.0,0.0,0.0,-0.0051,0.0713,-0.0696,-0.0025,-0.0018,-0.0002,-0.0001,16.81
1238144595,(주)한웅메디칼,,,,,,0.001,0.0001,0.01,0.0004,0.0003,0.0002,0.0,0.0,0.0,0.0,0.0,-0.0009,0.0099,-0.0096,-0.0001,-0.0001,16.76
2118704515,휴젤(주),0.0005,0.0001,0.0002,0.0002,0.0012,0.0003,0.0003,0.0012,0.0002,0.0002,0.0001,-0.0004,0.0001,0.0,0.001,-0.0009,0.0,0.0009,-0.001,0.0,-0.0001,16.6
2298105793,(주)티아이오토모티브,0.0005,0.0005,0.0004,0.0006,0.0009,0.0006,0.0034,0.0021,0.0007,0.0003,0.0002,0.0,-0.0001,0.0002,0.0003,-0.0003,0.0028,-0.0013,-0.0014,-0.0004,-0.0001,16.57
3018617242,(주)일신케미칼,,,,0.0011,0.0036,0.0005,0.0004,0.0004,0.0004,0.0002,0.0001,0.0,0.0,0.0,0.0025,-0.0031,-0.0001,0.0,0.0,-0.0002,-0.0001,16.55
1778700179,(주)이앤아이비,,,,,,,,,0.0005,0.0002,0.0001,0.0,0.0,0.0,0.0,0.0,0.0,0.0,0.0,-0.0003,-0.0001,16.32
2148702684,(주)에스아이판,,,,,,0.0021,0.0047,0.0672,0.0038,0.0008,0.0003,0.0,0.0,0.0,0.0,0.0,0.0026,0.0625,-0.0634,-0.003,-0.0005,16.15
1348646467,(주)삼양엔씨켐,0.0005,0.0008,0.0008,0.0017,0.002,0.0244,0.0024,0.0996,0.0019,0.0015,0.0003,0.0003,0.0,0.0009,0.0003,0.0224,-0.022,0.0972,-0.0977,-0.0004,-0.0012,16.09
4618100164,주식회사에스엘씨,,,,0.0004,0.0003,0.0328,0.1748,0.0009,0.0003,0.0003,0.0001,0.0,0.0,0.0,-0.0001,0.0325,0.142,-0.1739,-0.0006,0.0,-0.0002,15.99
6218191122,제니스주식회사,,,0.0016,0.0015,0.0191,0.0031,0.0008,0.0023,0.0006,0.0004,0.0002,0.0,0.0,-0.0001,0.0176,-0.016,-0.0023,0.0015,-0.0017,-0.0002,-0.0002,15.96
1178144722,씨에이치디(주),,,,,,,,,0.0008,0.0002,0.0001,0.0,0.0,0.0,0.0,0.0,0.0,0.0,0.0,-0.0006,-0.0001,15.88
1248128341,에스디코리아(주),,,,,,,,,0.001,0.0002,0.0001,0.0,0.0,0.0,0.0,0.0,0.0,0.0,0.0,-0.0008,-0.0001,15.73
6218100107,아이씨이아이우방주식회사,0.0015,0.0009,0.001,0.0009,0.0051,0.0008,0.0014,0.0015,0.001,0.0005,0.0002,-0.0006,0.0001,-0.0001,0.0042,-0.0043,0.0006,0.0001,-0.0005,-0.0005,-0.0003,15.58
2098110711,영보직물주식회사,0.0003,0.0447,0.0006,0.0028,0.0013,0.0006,0.011,0.0049,0.0006,0.0005,0.0002,0.0444,-0.0441,0.0022,-0.0015,-0.0007,0.0104,-0.0061,-0.0043,-0.0001,-0.0003,15.56
1138649827,(주)우신라보타치,,,0.0035,0.0028,0.0033,0.0057,0.0005,0.0022,0.0007,0.0005,0.0002,0.0,0.0,-0.0007,0.0005,0.0024,-0.0052,0.0017,-0.0015,-0.0002,-0.0003,15.53
6108119265,한국에이에스케이케미칼즈(주),,,,,,,0.001,0.0093,0.0012,0.0003,0.0002,0.0,0.0,0.0,0.0,0.0,0.0,0.0083,-0.0081,-0.0009,-0.0001,15.49
1318158955,라이쏠,0.0003,0.0007,0.0014,0.0018,0.0071,0.003,0.0019,0.0023,0.0012,0.0004,0.0002,0.0004,0.0007,0.0004,0.0053,-0.0041,-0.0011,0.0004,-0.0011,-0.0008,-0.0002,15.39
8408800333,(주)달바글로벌,,,,,,,,0.0014,0.0011,0.0008,0.0002,0.0,0.0,0.0,0.0,0.0,0.0,0.0,-0.0003,-0.0003,-0.0006,15.38
6058145214,(주)청우씨에프씨,,,,,,,,,0.0006,0.0004,0.0001,0.0,0.0,0.0,0.0,0.0,0.0,0.0,0.0,-0.0002,-0.0003,15.13
2148675782,(주)아로마티카,,,,,0.0028,0.0114,0.0098,0.081,0.0629,0.0009,0.0003,0.0,0.0,0.0,0.0,0.0086,-0.0016,0.0712,-0.0181,-0.062,-0.0006,15.12
1198134685,(주)에이블씨엔씨,0.0016,0.0004,0.0004,0.0006,0.0293,0.1042,0.0768,0.1636,0.001,0.0003,0.0002,-0.0012,0.0,0.0002,0.0287,0.0749,-0.0274,0.0868,-0.1626,-0.0007,-0.0001,15.09
2158647751,피피아이파이프주식회사,0.0008,0.0015,0.0008,0.001,0.001,0.0024,0.0077,0.0047,0.0003,0.0003,0.0001,0.0007,-0.0007,0.0002,0.0,0.0014,0.0053,-0.003,-0.0044,0.0,-0.0002,15.08
6808701539,금성실업(주),,,,,,0.0004,0.0003,0.0009,0.0009,0.0003,0.0001,0.0,0.0,0.0,0.0,0.0,-0.0001,0.0006,0.0,-0.0006,-0.0002,14.98
3148124759,주식회사유성화연테크,,,,,0.0009,0.0002,0.0002,0.0004,0.0003,0.0002,0.0001,0.0,0.0,0.0,0.0,-0.0007,0.0,0.0002,-0.0001,-0.0001,-0.0001,14.78
1018800636,세영글로벌주식회사,,,,,,0.0006,0.0009,0.0021,0.0012,0.0007,0.0002,0.0,0.0,0.0,0.0,0.0,0.0003,0.0012,-0.0009,-0.0005,-0.0005,14.54
6108167961,에스디지주식회사,0.0004,0.0097,0.0013,0.0009,0.0007,0.0011,0.0005,0.0042,0.001,0.0007,0.0002,0.0093,-0.0084,-0.0004,-0.0002,0.0004,-0.0006,0.0037,-0.0032,-0.0003,-0.0005,14.29
1238139506,(주)노루오토코팅,0.0003,0.0004,0.0002,0.0004,0.001,0.0003,0.0002,0.0007,0.0005,0.0002,0.0001,0.0001,-0.0002,0.0002,0.0006,-0.0007,-0.0001,0.0005,-0.0002,-0.0003,-0.0001,13.76
2148108385,(주)동성화인텍,0.0007,0.0012,0.0009,0.0678,0.1749,0.0015,0.0004,0.0012,0.0003,0.0002,0.0001,0.0005,-0.0003,0.0669,0.1071,-0.1734,-0.0011,0.0008,-0.0009,-0.0001,-0.0001,13.37
6458100874,일신케미칼주식회사,,,,,0.0004,0.001,0.0006,0.0173,0.0022,0.0006,0.0002,0.0,0.0,0.0,0.0,0.0006,-0.0004,0.0167,-0.0151,-0.0016,-0.0004,13.3
6038168642,(주)동성케미컬,0.0005,0.0007,0.0004,0.0107,0.1988,0.001,0.0007,0.0022,0.0003,0.0002,0.0001,0.0002,-0.0003,0.0103,0.1881,-0.1978,-0.0003,0.0015,-0.0019,-0.0001,-0.0001,12.97
5148127088,(주)삼주기업,,0.0013,0.0025,0.0335,0.0261,0.0008,0.0003,0.0223,0.0016,0.001,0.0002,0.0,0.0012,0.031,-0.0074,-0.0253,-0.0005,0.022,-0.0207,-0.0006,-0.0008,12.9
1238148849,주식회사두래,,,,,,0.0012,0.0001,0.0011,0.0004,0.0003,0.0001,0.0,0.0,0.0,0.0,0.0,-0.0011,0.001,-0.0007,-0.0001,-0.0002,12.63
3158700581,주식회사어댑트,,,,,,0.0007,0.026,0.0434,0.0003,0.0002,0.0001,0.0,0.0,0.0,0.0,0.0,0.0253,0.0174,-0.0431,-0.0001,-0.0001,12.18
3038124119,(주)코스메카코리아,0.0006,0.0007,0.0004,0.0005,0.0016,0.0013,0.001,0.0012,0.0007,0.0003,0.0001,0.0001,-0.0003,0.0001,0.0011,-0.0003,-0.0003,0.0002,-0.0005,-0.0004,-0.0002,12.0
1358103729,영동제약(주),0.0019,0.002,0.0032,0.007,0.0013,0.0017,0.0006,0.0021,0.0005,0.0003,0.0001,0.0001,0.0012,0.0038,-0.0057,0.0004,-0.0011,0.0015,-0.0016,-0.0002,-0.0002,11.76
8120015,(주)엑세스바이오인코퍼레이션,0.0003,0.0052,0.0195,0.3824,,,,,,,,0.0049,0.0143,0.3629,0.0,0.0,0.0,0.0,0.0,0.0,0.0,
1018124186,(주)카프로,0.3357,,,,,,,,,,,0.0,0.0,0.0,0.0,0.0,0.0,0.0,0.0,0.0,0.0,
1018192272,(주)협화화학,0.0567,0.1056,0.069,0.0833,,,,,,,,0.0489,-0.0366,0.0143,0.0,0.0,0.0,0.0,0.0,0.0,0.0,
1018195610,금호타이어(주),0.0017,0.0069,0.0233,0.0938,0.5918,0.341,,,,,,0.0052,0.0164,0.0705,0.498,-0.2508,0.0,0.0,0.0,0.0,0.0,
1018642705,(주)샤페론,,,,,0.0019,0.1447,0.1153,0.042,0.6856,,,0.0,0.0,0.0,0.0,0.1428,-0.0294,-0.0733,0.6436,0.0,0.0,
1018666371,(주)세포바이오,,,,,0.012,0.1893,0.9442,,,,,0.0,0.0,0.0,0.0,0.1773,0.7549,0.0,0.0,0.0,0.0,
1018666823,(주)삼양바이오팜,0.0134,0.0068,0.0002,0.0002,0.0007,0.0001,0.0068,,,,,-0.0066,-0.0066,0.0,0.0005,-0.0006,0.0067,0.0,0.0,0.0,0.0,
1028119589,(주)협화,0.0862,0.0077,0.0536,0.3998,0.9049,,,,,,,-0.0785,0.0459,0.3462,0.5051,0.0,0.0,0.0,0.0,0.0,0.0,
1028130395,주식회사알앤엘재생의학연구소,0.9682,,,,,,,,,,,0.0,0.0,0.0,0.0,0.0,0.0,0.0,0.0,0.0,0.0,
1028139417,(주)세종소재,0.9192,,,,,,,,,,,0.0,0.0,0.0,0.0,0.0,0.0,0.0,0.0,0.0,0.0,
1048128099,상신화학공업주식회사,0.0003,0.0003,0.0002,0.0002,0.001,0.0077,,,,,,0.0,-0.0001,0.0,0.0008,0.0067,0.0,0.0,0.0,0.0,0.0,
1048128347,(주)화진화장품,0.0972,0.5241,,,,,,,,,,0.4269,0.0,0.0,0.0,0.0,0.0,0.0,0.0,0.0,0.0,
1048134515,금호폴리켐주식회사,0.0042,0.0007,0.0113,0.0625,0.493,,,,,,,-0.0035,0.0106,0.0512,0.4305,0.0,0.0,0.0,0.0,0.0,0.0,
1048152769,코오롱생명과학(주),0.0004,0.007,0.0003,0.0206,0.1564,0.6343,,,,,,0.0066,-0.0067,0.0203,0.1358,0.4779,0.0,0.0,0.0,0.0,0.0,
1048158517,정우신약주식회사,0.2806,0.4436,,,,,,,,,,0.163,0.0,0.0,0.0,0.0,0.0,0.0,0.0,0.0,0.0,
1058133052,코스모화학(주),0.3505,,,,,,,,,,,0.0,0.0,0.0,0.0,0.0,0.0,0.0,0.0,0.0,0.0,
1058173485,(주)현일코프레이션,0.0017,0.0005,0.0005,0.0003,0.0009,0.0031,0.0277,0.0694,0.1699,,,-0.0012,0.0,-0.0002,0.0006,0.0022,0.0246,0.0417,0.1005,0.0,0.0,
1058650172,(주)듀켐바이오,0.0366,0.343,,,,,,,,,,0.3064,0.0,0.0,0.0,0.0,0.0,0.0,0.0,0.0,0.0,
1058690704,(주)라파스,0.0011,0.0006,0.0228,0.0557,0.6419,,,,,,,-0.0005,0.0222,0.0329,0.5862,0.0,0.0,0.0,0.0,0.0,0.0,
1068100710,일성아이에스(주),0.0366,0.0244,0.0248,0.0233,0.0108,0.006,0.0773,0.2805,,,,-0.0122,0.0004,-0.0015,-0.0125,-0.0048,0.0713,0.2032,0.0,0.0,0.0,
1068173509,(주)휴브글로벌,0.1527,,,,,,,,,,,0.0,0.0,0.0,0.0,0.0,0.0,0.0,0.0,0.0,0.0,
1068622664,(주)퓨쳐켐헬스케어,,,,,0.0446,0.347,0.569,,,,,0.0,0.0,0.0,0.0,0.3024,0.222,0.0,0.0,0.0,0.0,
1068676646,주식회사아미코스메틱,,0.0013,0.0009,0.0025,0.0023,0.0035,0.0394,0.1567,0.6297,,,0.0,-0.0004,0.0016,-0.0002,0.0012,0.0359,0.1173,0.473,0.0,0.0,
1078114046,주식회사유상,0.0204,0.4907,,,,,,,,,,0.4703,0.0,0.0,0.0,0.0,0.0,0.0,0.0,0.0,0.0,
1078135890,한양잉크주식회사,0.0003,0.0004,0.0002,0.0004,0.0108,0.0092,0.0061,0.0161,0.2594,0.1585,,0.0001,-0.0002,0.0002,0.0104,-0.0016,-0.0031,0.01,0.2433,-0.1009,0.0,
1078156099,(주)세풍폴리머,0.0061,0.0125,0.0097,0.0087,0.0032,0.0989,0.0708,0.5973,,,,0.0064,-0.0028,-0.001,-0.0055,0.0957,-0.0281,0.5265,0.0,0.0,0.0,
1078158461,(주)한신기전,0.0319,0.3505,,,,,,,,,,0.3186,0.0,0.0,0.0,0.0,0.0,0.0,0.0,0.0,0.0,
1078701960,(주)티케이케미칼,0.3674,,,,,,,,,,,0.0,0.0,0.0,0.0,0.0,0.0,0.0,0.0,0.0,0.0,
1078734817,(주)에스씨엘사이언스,,0.0159,0.317,0.6528,,,,,,,,0.0,0.3011,0.3358,0.0,0.0,0.0,0.0,0.0,0.0,0.0,
1078760028,주식회사동우에너지소재,0.0038,0.0026,0.0051,0.007,0.0031,0.0753,0.0694,0.3183,0.5812,,,-0.0012,0.0025,0.0019,-0.0039,0.0722,-0.0059,0.2489,0.2629,0.0,0.0,
1088614103,(주)폰트리,,,,,,,,0.0004,0.0001,0.0019,,0.0,0.0,0.0,0.0,0.0,0.0,0.0,-0.0003,0.0018,0.0,
1098133530,(주)선앤엘,0.0564,0.0035,0.0013,0.0393,0.1105,0.6404,,,,,,-0.0529,-0.0022,0.038,0.0712,0.5299,0.0,0.0,0.0,0.0,0.0,
1098180936,블리스팩,0.012,0.0248,0.0611,0.1559,0.0037,0.0087,0.0368,0.1417,0.8946,,,0.0128,0.0363,0.0948,-0.1522,0.005,0.0281,0.1049,0.7529,0.0,0.0,
1098605868,(주)기도스포츠,0.6913,,,,,,,,,,,0.0,0.0,0.0,0.0,0.0,0.0,0.0,0.0,0.0,0.0,
1098609243,주식회사약침,0.0146,0.1575,0.1078,0.1226,0.887,,,,,,,0.1429,-0.0497,0.0148,0.7644,0.0,0.0,0.0,0.0,0.0,0.0,
1098618820,주식회사뉴가닉코스메틱,,0.0044,0.0028,0.0302,,,,,,,,0.0,-0.0016,0.0274,0.0,0.0,0.0,0.0,0.0,0.0,0.0,
1098642941,웰스바이오주식회사,,0.0033,0.3484,0.3279,0.685,,,,,,,0.0,0.3451,-0.0205,0.3571,0.0,0.0,0.0,0.0,0.0,0.0,
1108123008,(주)대흥인텍스,0.001,0.0023,0.002,0.0036,0.006,0.0012,0.0016,0.0007,0.0626,,,0.0013,-0.0003,0.0016,0.0024,-0.0048,0.0004,-0.0009,0.0619,0.0,0.0,
1108149202,진양화학(주),0.0005,0.0006,0.0008,0.0172,0.0469,0.2345,,,,,,0.0001,0.0002,0.0164,0.0297,0.1876,0.0,0.0,0.0,0.0,0.0,
1108153652,(주)종근당바이오,0.0222,0.0004,0.0002,0.0001,0.0008,0.0002,0.0003,0.0142,0.5195,0.1986,,-0.0218,-0.0002,-0.0001,0.0007,-0.0006,0.0001,0.0139,0.5053,-0.3209,0.0,
1108175321,주식회사아텍스,0.0005,0.0001,0.0003,0.0003,0.0008,0.0004,0.0002,0.0528,0.4254,0.4295,,-0.0004,0.0002,0.0,0.0005,-0.0004,-0.0002,0.0526,0.3726,0.0041,0.0,
1118132887,주식회사크록스,0.0045,0.0444,0.0047,0.0018,,,,,,,,0.0399,-0.0397,-0.0029,0.0,0.0,0.0,0.0,0.0,0.0,0.0,
1138106556,(주)삼영,0.2746,0.2667,,,,,,,,,,-0.0079,0.0,0.0,0.0,0.0,0.0,0.0,0.0,0.0,0.0,
1138108840,애경화학,0.0003,0.0003,0.0002,0.0002,0.0006,0.0001,0.0003,,,,,0.0,-0.0001,0.0,0.0004,-0.0005,0.0002,0.0,0.0,0.0,0.0,
1138117562,(주)더페이스샵,0.0001,0.0002,0.0003,0.0014,0.0027,0.0013,,,,,,0.0001,0.0001,0.0011,0.0013,-0.0014,0.0,0.0,0.0,0.0,0.0,
1138120806,태광공업(주),0.0116,0.0386,0.0065,0.0308,0.0158,,,,,,,0.027,-0.0321,0.0243,-0.015,0.0,0.0,0.0,0.0,0.0,0.0,
1138137651,에스피씨(주),0.0113,0.0024,0.0005,0.0059,0.1505,0.047,0.0678,0.2668,0.7203,,,-0.0089,-0.0019,0.0054,0.1446,-0.1035,0.0208,0.199,0.4535,0.0,0.0,
1138143532,(주)라임,,,,,,0.0178,0.3011,0.7996,,,,0.0,0.0,0.0,0.0,0.0,0.2833,0.4985,0.0,0.0,0.0,
1138150858,테크노에스(주),,0.0012,0.0081,0.1037,0.0074,0.006,0.0067,,,,,0.0,0.0069,0.0956,-0.0963,-0.0014,0.0007,0.0,0.0,0.0,0.0,
1138609261,올리패스(주),,0.0107,0.1819,0.6458,,,,,,,,0.0,0.1712,0.4639,0.0,0.0,0.0,0.0,0.0,0.0,0.0,
1138640428,앱클론(주),0.1821,0.4726,,,,,,,,,,0.2905,0.0,0.0,0.0,0.0,0.0,0.0,0.0,0.0,0.0,
1138667989,주식회사와우벤처스,,,,0.0007,0.0016,0.0002,0.0004,0.0097,0.5482,,,0.0,0.0,0.0,0.0009,-0.0014,0.0002,0.0093,0.5385,0.0,0.0,
1148154648,(주)이수화학,0.3283,0.7407,,,,,,,,,,0.4124,0.0,0.0,0.0,0.0,0.0,0.0,0.0,0.0,0.0,
1148199306,아이큐어(주),0.0202,0.1198,0.1463,0.2759,,,,,,,,0.0996,0.0265,0.1296,0.0,0.0,0.0,0.0,0.0,0.0,0.0,
1148615164,(주)코나드,0.0869,0.04,0.043,0.2006,0.9147,,,,,,,-0.0469,0.003,0.1576,0.7141,0.0,0.0,0.0,0.0,0.0,0.0,
1148636102,주식회사웰메이드생활건강,,,,,,0.0011,0.0276,0.1356,0.0572,,,0.0,0.0,0.0,0.0,0.0,0.0265,0.108,-0.0784,0.0,0.0,
1148641435,주식회사함소아제약,0.0016,0.0005,0.0003,0.0014,0.0161,0.0799,0.0551,0.3048,,,,-0.0011,-0.0002,0.0011,0.0147,0.0638,-0.0248,0.2497,0.0,0.0,0.0,
1148643336,주식회사넥스코,,0.002,0.0265,0.0828,0.0232,,,,,,,0.0,0.0245,0.0563,-0.0596,0.0,0.0,0.0,0.0,0.0,0.0,
1148653270,(주)토니모리,0.0001,0.0006,0.0004,0.0122,0.2005,0.4252,,,,,,0.0005,-0.0002,0.0118,0.1883,0.2247,0.0,0.0,0.0,0.0,0.0,
1168146877,(주)세광그린텍,,,0.0117,0.5756,0.9232,,,,,,,0.0,0.0,0.5639,0.3476,0.0,0.0,0.0,0.0,0.0,0.0,
1168151763,한독화장품(주),,,,0.0023,0.0002,0.0855,0.0022,0.1487,,,,0.0,0.0,0.0,-0.0021,0.0853,-0.0833,0.1465,0.0,0.0,0.0,
1168154983,(주)익스톨,0.0262,0.1355,0.6801,,,,,,,,,0.1093,0.5446,0.0,0.0,0.0,0.0,0.0,0.0,0.0,0.0,
1168163236,(주)진켐,0.0183,0.0251,,,0.3939,,,,,,,0.0068,0.0,0.0,0.0,0.0,0.0,0.0,0.0,0.0,0.0,
1188101371,제이더블유생활건강주식회사,,,0.015,0.0682,0.7742,,,,,,,0.0,0.0,0.0532,0.706,0.0,0.0,0.0,0.0,0.0,0.0,
1198108362,오일기업(주),0.0004,,,,,,,,,,,0.0,0.0,0.0,0.0,0.0,0.0,0.0,0.0,0.0,0.0,
1198109833,동해케미칼공업(주),0.2393,0.6126,,,,,,,,,,0.3733,0.0,0.0,0.0,0.0,0.0,0.0,0.0,0.0,0.0,
1198120648,(주)중앙정공,0.7425,,,,,,,,,,,0.0,0.0,0.0,0.0,0.0,0.0,0.0,0.0,0.0,0.0,
1198133672,금호덴탈제약주식회사,,0.0017,0.0018,0.0008,,,,,,,,0.0,0.0001,-0.001,0.0,0.0,0.0,0.0,0.0,0.0,0.0,
1198143923,주식회사진생사이언스,0.0098,,,,,,,,,,,0.0,0.0,0.0,0.0,0.0,0.0,0.0,0.0,0.0,0.0,
1198144543,주식회사씨앤팜,0.6604,0.6634,,,,,,,,,,0.003,0.0,0.0,0.0,0.0,0.0,0.0,0.0,0.0,0.0,
1198151442,(주)동진텍스컴,0.204,0.112,0.1136,0.1655,0.1146,0.1026,,,,,,-0.092,0.0016,0.0519,-0.0509,-0.012,0.0,0.0,0.0,0.0,0.0,
1198160183,(주)한국케미테크,0.0002,0.0002,0.0001,0.0001,0.0006,0.0165,,,,,,0.0,-0.0001,0.0,0.0005,0.0159,0.0,0.0,0.0,0.0,0.0,
1198188916,(주)씨앗,0.0145,,,,,,,,,,,0.0,0.0,0.0,0.0,0.0,0.0,0.0,0.0,0.0,0.0,
1198617376,셀티스팜주식회사,0.0115,0.015,0.0773,,,,,,,,,0.0035,0.0623,0.0,0.0,0.0,0.0,0.0,0.0,0.0,0.0,
1198624275,(주)이루팩,,,0.0006,0.0021,0.0006,0.0012,0.0151,0.3345,0.1689,,,0.0,0.0,0.0015,-0.0015,0.0006,0.0139,0.3194,-0.1656,0.0,0.0,
1198634832,(주)강스템바이오텍,0.2863,0.8558,,,,,,,,,,0.5695,0.0,0.0,0.0,0.0,0.0,0.0,0.0,0.0,0.0,
1198635850,(주)셀레믹스,0.0029,0.1311,0.2297,,,0.248,0.7209,,,,,0.1282,0.0986,0.0,0.0,0.0,0.4729,0.0,0.0,0.0,0.0,
1198651995,(주)로킷헬스케어,,,,,0.0016,0.0781,0.8185,,,,,0.0,0.0,0.0,0.0,0.0765,0.7404,0.0,0.0,0.0,0.0,
1198653620,주식회사에어붐,0.0175,0.0537,0.6939,,,,,,,,,0.0362,0.6402,0.0,0.0,0.0,0.0,0.0,0.0,0.0,0.0,
1198662167,주식회사정광피에스아이,,0.0025,0.0034,0.0018,0.0013,0.0012,,,,,,0.0,0.0009,-0.0016,-0.0005,-0.0001,0.0,0.0,0.0,0.0,0.0,
1198682197,머티어리얼사이언스주식회사,,,0.0018,0.0378,0.0701,0.2618,,,,,,0.0,0.0,0.036,0.0323,0.1917,0.0,0.0,0.0,0.0,0.0,
1208107761,주식회사참존,0.1519,0.572,0.7624,,,,,,,,,0.4201,0.1904,0.0,0.0,0.0,0.0,0.0,0.0,0.0,0.0,
1208117537,한국후지필름(주),0.0781,0.0219,0.0491,0.4261,,,,,,,,-0.0562,0.0272,0.377,0.0,0.0,0.0,0.0,0.0,0.0,0.0,
1208142943,대일화학공업(주),0.5061,0.6344,,,,,,,,,,0.1283,0.0,0.0,0.0,0.0,0.0,0.0,0.0,0.0,0.0,
1208616095,선문그린사이언스주식회사,0.4716,,,,,,,,,,,0.0,0.0,0.0,0.0,0.0,0.0,0.0,0.0,0.0,0.0,
1208657534,(주)티엠에스,0.0001,0.0102,0.0841,0.0008,0.053,0.0008,0.0001,0.0091,0.2245,0.378,,0.0101,0.0739,-0.0833,0.0522,-0.0522,-0.0007,0.009,0.2154,0.1535,0.0,
1208664767,(주)제노스,0.0364,0.0502,0.4743,,,,,,,,,0.0138,0.4241,0.0,0.0,0.0,0.0,0.0,0.0,0.0,0.0,
1208700168,(주)카오리온코스메틱스,,0.0023,0.0031,0.005,0.1345,0.0865,0.9283,,,,,0.0,0.0008,0.0019,0.1295,-0.048,0.8418,0.0,0.0,0.0,0.0,
1208710860,주식회사애니트림,0.0008,0.0006,0.0016,0.0028,0.006,0.0051,0.0159,0.1078,,,,-0.0002,0.001,0.0012,0.0032,-0.0009,0.0108,0.0919,0.0,0.0,0.0,
1208749365,(주)퓨릿,0.003,0.0602,0.4141,0.82,,,,,,,,0.0572,0.3539,0.4059,0.0,0.0,0.0,0.0,0.0,0.0,0.0,
1208755101,(주)팜한농,0.396,0.3037,,,,,,,,,,-0.0923,0.0,0.0,0.0,0.0,0.0,0.0,0.0,0.0,0.0,
1208762790,로터코리아주식회사,0.0075,,,,,,,0.0599,0.1136,,,0.0,0.0,0.0,0.0,0.0,0.0,0.0,0.0537,0.0,0.0,
1208766229,주식회사에스엔머티리얼즈,,0.0012,0.0033,0.0063,0.0046,0.1078,0.953,,,,,0.0,0.0021,0.003,-0.0017,0.1032,0.8452,0.0,0.0,0.0,0.0,
1208798911,블루큐브케미칼코리아유한책임회사,,,,,,0.0046,0.0368,0.0035,0.0026,,,0.0,0.0,0.0,0.0,0.0,0.0322,-0.0333,-0.0009,0.0,0.0,
1208804031,(주)유원컴텍,,,0.0026,0.0098,0.007,,,,,,,0.0,0.0,0.0072,-0.0028,0.0,0.0,0.0,0.0,0.0,0.0,
1218146715,(주)퓨쳐켐,0.0593,0.7251,,,,,,,,,,0.6658,0.0,0.0,0.0,0.0,0.0,0.0,0.0,0.0,0.0,
1218617670,주식회사명성,0.0044,0.0034,0.0008,0.0013,0.0007,0.006,0.0285,0.0517,0.1877,,,-0.001,-0.0026,0.0005,-0.0006,0.0053,0.0225,0.0232,0.136,0.0,0.0,
1218634816,풍전약품(주),,0.0105,0.0514,0.7984,,,,,,,,0.0,0.0409,0.747,0.0,0.0,0.0,0.0,0.0,0.0,0.0,
1228108543,대영산업(주),0.0007,0.0005,0.0207,0.0609,,,,,,,,-0.0002,0.0202,0.0402,0.0,0.0,0.0,0.0,0.0,0.0,0.0,
1228115326,인성공업(주),0.0425,0.0006,,,,,,,,,,-0.0419,0.0,0.0,0.0,0.0,0.0,0.0,0.0,0.0,0.0,
1228117440,(주)리베코스,0.6188,,,,,,,,,,,0.0,0.0,0.0,0.0,0.0,0.0,0.0,0.0,0.0,0.0,
1228130268,주식회사캉가루,0.0267,0.2147,,,,,,,,,,0.188,0.0,0.0,0.0,0.0,0.0,0.0,0.0,0.0,0.0,
1228164282,진웅엠피아,0.0003,0.002,0.0063,0.1245,0.1509,0.1425,,,,,,0.0017,0.0043,0.1182,0.0264,-0.0084,0.0,0.0,0.0,0.0,0.0,
1228183106,주식회사디피엠테크,0.1734,0.7294,,,,,,,,,,0.556,0.0,0.0,0.0,0.0,0.0,0.0,0.0,0.0,0.0,
1228606502,(주)신영,0.0623,,,,,,,,,,,0.0,0.0,0.0,0.0,0.0,0.0,0.0,0.0,0.0,0.0,
1228625853,주식회사대동정밀,,,,,,,,0.0022,0.0051,0.0056,,0.0,0.0,0.0,0.0,0.0,0.0,0.0,0.0029,0.0005,0.0,
1228629179,주식회사현대포장,,,,0.0023,0.0032,0.0139,0.0038,0.0191,0.0394,0.1235,,0.0,0.0,0.0,0.0009,0.0107,-0.0101,0.0153,0.0203,0.0841,0.0,
1238101387,한신화성(주),0.008,0.0029,0.0013,0.0061,0.0065,0.0437,0.0031,0.0296,0.097,0.0297,,-0.0051,-0.0016,0.0048,0.0004,0.0372,-0.0406,0.0265,0.0674,-0.0673,0.0,
1238101790,(주)유유제약,0.0046,0.0179,0.0241,0.0013,0.0043,0.0005,0.0023,0.0357,0.1861,0.3364,,0.0133,0.0062,-0.0228,0.003,-0.0038,0.0018,0.0334,0.1504,0.1503,0.0,
1238108508,(주)유한화학,0.0006,0.0022,0.0073,0.004,0.0248,0.1811,0.5862,,,,,0.0016,0.0051,-0.0033,0.0208,0.1563,0.4051,0.0,0.0,0.0,0.0,
1238114470,지엘파마주식회사,0.1609,0.4726,0.811,,,,,,,,,0.3117,0.3384,0.0,0.0,0.0,0.0,0.0,0.0,0.0,0.0,
1238115412,벽산페인트주식회사,0.0009,0.0007,0.0021,0.0141,0.0365,0.2804,,,,,,-0.0002,0.0014,0.012,0.0224,0.2439,0.0,0.0,0.0,0.0,0.0,
1238122999,(주)노루비케미칼,0.0001,0.0002,0.0001,0.0003,0.0011,0.0002,0.0001,0.0003,,,,0.0001,-0.0001,0.0002,0.0008,-0.0009,-0.0001,0.0002,0.0,0.0,0.0,
1238129764,(주)잉크테크,0.0445,0.516,,,,,,,,,,0.4715,0.0,0.0,0.0,0.0,0.0,0.0,0.0,0.0,0.0,
1238138002,(주)선우정공,0.0209,0.0076,0.0005,0.0005,0.001,0.0002,,,,,,-0.0133,-0.0071,0.0,0.0005,-0.0008,0.0,0.0,0.0,0.0,0.0,
1238146521,유림특수화학주식회사,,,,,,0.0012,0.0003,0.0299,0.169,0.0175,,0.0,0.0,0.0,0.0,0.0,-0.0009,0.0296,0.1391,-0.1515,0.0,
1238151359,(주)메디안디노스틱,0.0029,,0.0223,,,,,,,,,0.0,0.0,0.0,0.0,0.0,0.0,0.0,0.0,0.0,0.0,
1238151534,주식회사태성산업,0.0003,0.0004,0.0003,0.0162,0.0341,0.0018,0.0164,0.273,0.5958,,,0.0001,-0.0001,0.0159,0.0179,-0.0323,0.0146,0.2566,0.3228,0.0,0.0,
1238174371,대양프라텍주식회사,0.0037,0.0069,0.0074,0.0059,0.0012,0.0013,0.0008,0.0305,0.0902,0.5435,,0.0032,0.0005,-0.0015,-0.0047,0.0001,-0.0005,0.0297,0.0597,0.4533,0.0,
1238175292,(주)후론티어,0.0122,,,,,,,,,,,0.0,0.0,0.0,0.0,0.0,0.0,0.0,0.0,0.0,0.0,
1238184656,(주)네오메디컬,,,,,0.0034,0.0018,0.0133,0.1769,,,,0.0,0.0,0.0,0.0,-0.0016,0.0115,0.1636,0.0,0.0,0.0,
1238600646,(주)예선테크,0.0032,0.0006,0.0222,0.0051,0.0021,,,,,,,-0.0026,0.0216,-0.0171,-0.003,0.0,0.0,0.0,0.0,0.0,0.0,
1238604230,주식회사디어스엠,0.0001,0.0004,0.0003,0.001,0.0013,0.0052,0.0009,0.0346,0.191,0.2769,,0.0003,-0.0001,0.0007,0.0003,0.0039,-0.0043,0.0337,0.1564,0.0859,0.0,
1238622709,(주)솔레오,,,0.0004,0.0001,0.0011,0.0016,,,,,,0.0,0.0,-0.0003,0.001,0.0005,0.0,0.0,0.0,0.0,0.0,
1238624070,(주)한국화학,,,0.0018,0.0038,0.0008,0.0005,,,,,,0.0,0.0,0.002,-0.003,-0.0003,0.0,0.0,0.0,0.0,0.0,
1238634210,(주)캘리브텍,,0.0016,0.0096,0.0992,,,,,,,,0.0,0.008,0.0896,0.0,0.0,0.0,0.0,0.0,0.0,0.0,
1238701278,녹십자수의약품주식회사,,,,,0.0016,0.2383,0.7781,,,,,0.0,0.0,0.0,0.0,0.2367,0.5398,0.0,0.0,0.0,0.0,
1248114283,우진비앤지(주),0.0008,0.0141,0.1315,0.0925,,,,,,,,0.0133,0.1174,-0.039,0.0,0.0,0.0,0.0,0.0,0.0,0.0,
1248114546,(주)샤인시스템,0.0893,,,,,,,,,,,0.0,0.0,0.0,0.0,0.0,0.0,0.0,0.0,0.0,0.0,
1248117301,오스틴제약(주),0.1807,0.2436,0.7929,,,,,,,,,0.0629,0.5493,0.0,0.0,0.0,0.0,0.0,0.0,0.0,0.0,
1248119819,주식회사위트,0.3002,,,,,,,,,,,0.0,0.0,0.0,0.0,0.0,0.0,0.0,0.0,0.0,0.0,
1248122065,윤지양행주식회사,0.0011,0.0004,0.0002,0.0006,0.0015,0.0005,0.0005,0.0117,0.2262,0.0581,,-0.0007,-0.0002,0.0004,0.0009,-0.001,0.0,0.0112,0.2145,-0.1681,0.0,
1248129020,주식회사영우,0.0002,0.0003,0.0002,0.0002,0.0125,0.0729,0.0012,0.0155,0.2973,0.2342,,0.0001,-0.0001,0.0,0.0123,0.0604,-0.0717,0.0143,0.2818,-0.0631,0.0,
1248134163,태극제약(주),0.0148,0.0166,0.0106,0.2011,0.523,,,,,,,0.0018,-0.006,0.1905,0.3219,0.0,0.0,0.0,0.0,0.0,0.0,
1248135615,명문제약(주),0.1344,,,,,,,,,,,0.0,0.0,0.0,0.0,0.0,0.0,0.0,0.0,0.0,0.0,
1248135838,주식회사태강,0.0178,0.0148,0.0044,0.0383,0.0232,0.002,0.0088,0.0493,0.08,0.2497,,-0.003,-0.0104,0.0339,-0.0151,-0.0212,0.0068,0.0405,0.0307,0.1697,0.0,
1248136462,주식회사한빛화학,0.0617,0.0104,0.0622,,,,,,,,,-0.0513,0.0518,0.0,0.0,0.0,0.0,0.0,0.0,0.0,0.0,
1248138077,주식회사광산,0.0016,0.0093,0.0004,0.0007,0.0034,0.0003,0.0002,0.0006,,,,0.0077,-0.0089,0.0003,0.0027,-0.0031,-0.0001,0.0004,0.0,0.0,0.0,
1248138096,금강기업(주),0.0003,0.0007,0.0003,0.0004,0.0021,0.0449,0.0441,0.1129,,,,0.0004,-0.0004,0.0001,0.0017,0.0428,-0.0008,0.0688,0.0,0.0,0.0,
1248139343,한일프라콘(주),0.0005,0.0004,0.0002,0.0007,0.0078,0.0007,0.0003,0.0127,0.3068,0.1604,,-0.0001,-0.0002,0.0005,0.0071,-0.0071,-0.0004,0.0124,0.2941,-0.1464,0.0,
1248139867,평화의료정공(주),,,,0.0024,0.007,0.0086,0.0499,0.1953,0.4261,,,0.0,0.0,0.0,0.0046,0.0016,0.0413,0.1454,0.2308,0.0,0.0,
1248154193,(주)라톤코리아,0.0001,0.0231,0.006,0.0133,0.0859,0.1951,,,,,,0.023,-0.0171,0.0073,0.0726,0.1092,0.0,0.0,0.0,0.0,0.0,
1248160808,(주)코디,0.0327,,,,,,,,,,,0.0,0.0,0.0,0.0,0.0,0.0,0.0,0.0,0.0,0.0,
1248161544,대진아이엠주식회사,0.0004,0.0219,0.0011,0.0012,0.01,0.1359,0.0421,0.4428,,,,0.0215,-0.0208,0.0001,0.0088,0.1259,-0.0938,0.4007,0.0,0.0,0.0,
1248166122,(주)아이엠디,0.3695,,,,,,,,,,,0.0,0.0,0.0,0.0,0.0,0.0,0.0,0.0,0.0,0.0,
1248168168,(주)네고팩,0.0077,0.0081,0.0048,0.0058,0.0064,0.6097,,,,,,0.0004,-0.0033,0.001,0.0006,0.6033,0.0,0.0,0.0,0.0,0.0,
1248169186,(주)바이오솔루션,0.15,0.3222,0.1797,0.3255,0.0009,0.0175,0.0933,0.7931,,,,0.1722,-0.1425,0.1458,-0.3246,0.0166,0.0758,0.6998,0.0,0.0,0.0,
1248173680,휴마시스(주),0.0006,0.034,0.1078,,,,,,,,,0.0334,0.0738,0.0,0.0,0.0,0.0,0.0,0.0,0.0,0.0,
1248175413,(주)옵티팜,0.2816,0.8747,,,,,,,,,,0.5931,0.0,0.0,0.0,0.0,0.0,0.0,0.0,0.0,0.0,
1248189654,(주)에이피테크놀로지,,,,,0.0284,0.2403,0.4435,,,,,0.0,0.0,0.0,0.0,0.2119,0.2032,0.0,0.0,0.0,0.0,
1248190544,영진디엔티주식회사,,,,,0.0015,0.0001,0.0003,,,,,0.0,0.0,0.0,0.0,-0.0014,0.0002,0.0,0.0,0.0,0.0,
1248199564,(주)비보존제약,0.0383,0.1201,0.4323,,,,,,,,,0.0818,0.3122,0.0,0.0,0.0,0.0,0.0,0.0,0.0,0.0,
1248602803,나투라미디어(주),0.0024,0.0189,0.0051,0.0791,0.0365,0.257,,,,,,0.0165,-0.0138,0.074,-0.0426,0.2205,0.0,0.0,0.0,0.0,0.0,
1248604117,(주)레오켐,,,0.0038,0.1385,0.1642,,,,,,,0.0,0.0,0.1347,0.0257,0.0,0.0,0.0,0.0,0.0,0.0,
1248605246,(주)더마랩,,,,0.0006,0.0006,0.0001,0.0003,0.0002,,,,0.0,0.0,0.0,0.0,-0.0005,0.0002,-0.0001,0.0,0.0,0.0,
1248617548,(주)엠피티,,,0.0005,0.0001,0.0002,0.0003,,,,,,0.0,0.0,-0.0004,0.0001,0.0001,0.0,0.0,0.0,0.0,0.0,
1248621867,(주)베셀,0.0018,0.0007,0.0005,0.0004,0.0023,0.0419,0.2498,0.3451,,,,-0.0011,-0.0002,-0.0001,0.0019,0.0396,0.2079,0.0953,0.0,0.0,0.0,
1248623787,(주)에스케이씨에스,0.0034,0.0048,,,,,,,,,,0.0014,0.0,0.0,0.0,0.0,0.0,0.0,0.0,0.0,0.0,
1248646999,(주)이미인,0.0001,0.0001,0.0083,0.0648,0.5135,,,,,,,0.0,0.0082,0.0565,0.4487,0.0,0.0,0.0,0.0,0.0,0.0,
1248651319,주식회사국제화학산업,0.0046,,,,,,,,,,,0.0,0.0,0.0,0.0,0.0,0.0,0.0,0.0,0.0,0.0,
1248652448,(주)바이오포아,,,0.001,0.006,0.1266,0.1762,,0.4686,,,,0.0,0.0,0.005,0.1206,0.0496,0.0,0.0,0.0,0.0,0.0,
1248653388,(주)다인디앤씨,,,,,,0.018,0.1789,0.0069,0.0189,0.0151,,0.0,0.0,0.0,0.0,0.0,0.1609,-0.172,0.012,-0.0038,0.0,
1248654335,주식회사파인웰,0.0238,0.1799,0.3641,,,,,,,,,0.1561,0.1842,0.0,0.0,0.0,0.0,0.0,0.0,0.0,0.0,
1248657176,동해산업(주),0.0009,0.0267,0.0025,0.0119,0.0081,0.1173,,,,,,0.0258,-0.0242,0.0094,-0.0038,0.1092,0.0,0.0,0.0,0.0,0.0,
1248662489,주식회사에이치제이엔지니어링,,,,0.0005,0.0003,0.0002,0.0128,0.0484,0.0256,,,0.0,0.0,0.0,-0.0002,-0.0001,0.0126,0.0356,-0.0228,0.0,0.0,
1248663227,주식회사다보씨앤엠,0.0002,0.0012,0.0005,0.0012,0.0359,0.0225,0.0193,0.0929,0.5868,,,0.001,-0.0007,0.0007,0.0347,-0.0134,-0.0032,0.0736,0.4939,0.0,0.0,
1248680624,(주)현대피닉스,0.0028,0.0911,0.0783,,,,,,,,,0.0883,-0.0128,0.0,0.0,0.0,0.0,0.0,0.0,0.0,0.0,
1248681550,주식회사휴먼스,0.0027,0.0174,0.0049,0.0042,,,,,,,,0.0147,-0.0125,-0.0007,0.0,0.0,0.0,0.0,0.0,0.0,0.0,
1248703115,(주)엔에스엠,0.001,0.0028,0.0387,0.3508,0.4026,,,,,,,0.0018,0.0359,0.3121,0.0518,0.0,0.0,0.0,0.0,0.0,0.0,
1248709308,주식회사홍일이피에스,,,0.0108,0.0028,0.0087,0.2994,,,,,,0.0,0.0,-0.008,0.0059,0.2907,0.0,0.0,0.0,0.0,0.0,
1248716212,주식회사신광산업,0.1986,0.0112,0.0566,0.0276,0.0151,,,,,,,-0.1874,0.0454,-0.029,-0.0125,0.0,0.0,0.0,0.0,0.0,0.0,
1248720827,(주)금진,,0.0025,0.0106,0.0049,0.0231,0.0404,,,,,,0.0,0.0081,-0.0057,0.0182,0.0173,0.0,0.0,0.0,0.0,0.0,
1248740600,주식회사오션하네스,,,,,,0.001,0.0017,0.0034,0.0015,,,0.0,0.0,0.0,0.0,0.0,0.0007,0.0017,-0.0019,0.0,0.0,
1248745245,범진아이엔디(주),0.0932,0.1354,0.0009,0.0144,0.0038,0.0125,0.0003,0.0066,0.1027,0.0494,,0.0422,-0.1345,0.0135,-0.0106,0.0087,-0.0122,0.0063,0.0961,-0.0533,0.0,
1258103547,(주)새한제약,,,,,0.0036,0.6303,0.6784,,,,,0.0,0.0,0.0,0.0,0.6267,0.0481,0.0,0.0,0.0,0.0,
1258103566,동국물산(주),0.1009,0.0039,0.0032,0.0394,0.1457,0.4276,,,,,,-0.097,-0.0007,0.0362,0.1063,0.2819,0.0,0.0,0.0,0.0,0.0,
1258104075,(주)동양잉크,0.1289,0.0014,0.0004,0.0099,0.123,0.0845,,,,,,-0.1275,-0.001,0.0095,0.1131,-0.0385,0.0,0.0,0.0,0.0,0.0,
1258112390,(주)켐텍,0.0024,,,,,,,,,,,0.0,0.0,0.0,0.0,0.0,0.0,0.0,0.0,0.0,0.0,
1258116358,삼흥산업(주),0.0004,0.0003,0.0006,0.0026,0.004,0.0067,0.0011,0.0138,,,,-0.0001,0.0003,0.002,0.0014,0.0027,-0.0056,0.0127,0.0,0.0,0.0,
1258116421,주식회사바스칸바이오제약,,,,,,,,0.0022,,,,0.0,0.0,0.0,0.0,0.0,0.0,0.0,0.0,0.0,0.0,
1258118211,씨카코리아주식회사,0.0288,0.2546,0.27,,,,,,,,,0.2258,0.0154,0.0,0.0,0.0,0.0,0.0,0.0,0.0,0.0,
1258119485,주식회사신한기연,0.4626,,,,,,,,,,,0.0,0.0,0.0,0.0,0.0,0.0,0.0,0.0,0.0,0.0,
1258126574,제일화학(주),0.0061,0.002,0.003,0.0336,0.0459,0.8812,,,,,,-0.0041,0.001,0.0306,0.0123,0.8353,0.0,0.0,0.0,0.0,0.0,
1258131344,(주)누리켐,0.0027,0.0535,0.0071,0.0052,0.0186,0.109,0.7725,,,,,0.0508,-0.0464,-0.0019,0.0134,0.0904,0.6635,0.0,0.0,0.0,0.0,
1258135433,(주)진한,0.2308,0.1246,0.2334,,,,,,,,,-0.1062,0.1088,0.0,0.0,0.0,0.0,0.0,0.0,0.0,0.0,
1258135812,주식회사영일인더스트리,0.001,0.0031,0.0103,0.0334,0.0336,0.0464,0.0023,,,,,0.0021,0.0072,0.0231,0.0002,0.0128,-0.0441,0.0,0.0,0.0,0.0,
1258139744,미래제약(주),,0.0023,0.0035,0.0691,0.0205,0.8923,,,,,,0.0,0.0012,0.0656,-0.0486,0.8718,0.0,0.0,0.0,0.0,0.0,
1258141013,(주)메디파마플랜,0.0035,0.0036,0.0063,0.1391,,,0.1624,0.9284,,,,0.0001,0.0027,0.1328,0.0,0.0,0.0,0.766,0.0,0.0,0.0,
1258157081,(주)피앤에스에스,0.0111,0.0345,0.0444,0.048,0.0331,0.4388,,,,,,0.0234,0.0099,0.0036,-0.0149,0.4057,0.0,0.0,0.0,0.0,0.0,
1258184521,(주)엔코스,,,0.0017,0.0104,0.0156,0.0686,0.2798,0.4937,,,,0.0,0.0,0.0087,0.0052,0.053,0.2112,0.2139,0.0,0.0,0.0,
1258186285,엘티씨에이엠주식회사,0.6362,,,,,,,,,,,0.0,0.0,0.0,0.0,0.0,0.0,0.0,0.0,0.0,0.0,
1258186927,주식회사유니젠,,,0.0015,0.0386,0.0418,0.2749,,,,,,0.0,0.0,0.0371,0.0032,0.2331,0.0,0.0,0.0,0.0,0.0,
1258187227,주식회사카스켐,,,,,0.0018,0.0042,0.0418,0.2965,,,,0.0,0.0,0.0,0.0,0.0024,0.0376,0.2547,0.0,0.0,0.0,
1258192069,넥스테크(주),,,,,,0.0049,0.0117,0.4402,,,,0.0,0.0,0.0,0.0,0.0,0.0068,0.4285,0.0,0.0,0.0,
1258603557,태창이노베이션,,,,,,,0.0004,0.0085,0.014,,,0.0,0.0,0.0,0.0,0.0,0.0,0.0081,0.0055,0.0,0.0,
1258603616,주식회사삼일프론테크,,,,,,,0.0007,0.0167,0.4312,,,0.0,0.0,0.0,0.0,0.0,0.0,0.016,0.4145,0.0,0.0,
1258629732,코리아오토텍주식회사,,0.0009,0.0076,0.0076,0.0164,0.0602,0.0708,,,,,0.0,0.0067,0.0,0.0088,0.0438,0.0106,0.0,0.0,0.0,0.0,
1268105892,주식회사세화피앤씨,0.0031,0.0006,0.0003,0.0004,0.0014,0.0114,0.0214,0.0286,0.1628,0.6821,,-0.0025,-0.0003,0.0001,0.001,0.01,0.01,0.0072,0.1342,0.5193,0.0,
1268108244,에스엠케미칼주식회사,0.0002,0.0043,0.001,0.0008,0.0034,,,,,,,0.0041,-0.0033,-0.0002,0.0026,0.0,0.0,0.0,0.0,0.0,0.0,
1268108962,주식회사동양이화,0.0042,0.0169,0.1052,0.4454,,,,,,,,0.0127,0.0883,0.3402,0.0,0.0,0.0,0.0,0.0,0.0,0.0,
1268138224,(주)포스텍글로벌,,0.0025,0.0061,0.0326,,,,,,,,0.0,0.0036,0.0265,0.0,0.0,0.0,0.0,0.0,0.0,0.0,
1268146947,도부라이프텍(주),,,,,,,0.0006,0.0452,0.0177,0.0374,,0.0,0.0,0.0,0.0,0.0,0.0,0.0446,-0.0275,0.0197,0.0,
1268173051,대흥씨엔에스주식회사,,,,,,,,0.0012,0.0007,0.0024,,0.0,0.0,0.0,0.0,0.0,0.0,0.0,-0.0005,0.0017,0.0,
1268181605,이다우산업주식회사,0.03,0.0139,,,,,,,,,,-0.0161,0.0,0.0,0.0,0.0,0.0,0.0,0.0,0.0,0.0,
1268186143,주식회사티아이씨,,,,,,0.0036,0.0163,0.0809,,,,0.0,0.0,0.0,0.0,0.0,0.0127,0.0646,0.0,0.0,0.0,
1268608220,(주)대원산업,0.0533,0.0424,0.0499,0.1085,,,,,,,,-0.0109,0.0075,0.0586,0.0,0.0,0.0,0.0,0.0,0.0,0.0,
1268608744,(주)티엔에프,0.0062,0.013,0.0343,,,,,,,,,0.0068,0.0213,0.0,0.0,0.0,0.0,0.0,0.0,0.0,0.0,
1268610366,씨에스씨인터내셔날(주),0.1133,0.138,0.2503,,,,,,,,,0.0247,0.1123,0.0,0.0,0.0,0.0,0.0,0.0,0.0,0.0,
1278105221,주식회사지앤오코퍼레이션,0.0062,0.024,0.0067,0.0111,0.0107,0.0744,0.0086,0.0793,,,,0.0178,-0.0173,0.0044,-0.0004,0.0637,-0.0658,0.0707,0.0,0.0,0.0,
1278109829,주식회사제이케이인베스트먼트홀딩스,0.0757,0.0016,0.0007,0.0148,0.034,,,,,,,-0.0741,-0.0009,0.0141,0.0192,0.0,0.0,0.0,0.0,0.0,0.0,
1278116183,(주)비앤비,,,,,0.0063,0.458,,,,,,0.0,0.0,0.0,0.0,0.4517,0.0,0.0,0.0,0.0,0.0,
1278122012,(주)포천수지,0.0002,0.0002,0.0003,0.0177,0.1098,0.0009,,0.007,0.1393,,,0.0,0.0001,0.0174,0.0921,-0.1089,0.0,0.0,0.1323,0.0,0.0,
1278130768,(주)중앙리빙샤시,0.0027,0.0013,0.0014,,,,,,,,,-0.0014,0.0001,0.0,0.0,0.0,0.0,0.0,0.0,0.0,0.0,
1278136573,주식회사대양물산,0.0009,0.0003,0.0002,0.0114,0.0504,0.1905,,,,,,-0.0006,-0.0001,0.0112,0.039,0.1401,0.0,0.0,0.0,0.0,0.0,
1278136670,(주)동성,0.0014,0.0038,0.0075,0.0109,0.0103,0.3866,0.9725,,,,,0.0024,0.0037,0.0034,-0.0006,0.3763,0.5859,0.0,0.0,0.0,0.0,
1278140010,(주)신흥문구공업,,0.0012,0.0002,0.0002,0.0002,0.0002,,,,,,0.0,-0.001,0.0,0.0,0.0,0.0,0.0,0.0,0.0,0.0,
1278145790,(주)제이케이케이인베스트먼트,0.002,0.0013,0.0003,0.0025,0.0011,0.0009,0.0007,0.1742,,,,-0.0007,-0.001,0.0022,-0.0014,-0.0002,-0.0002,0.1735,0.0,0.0,0.0,
1278165665,삼진프라스틱공업주식회사,0.0027,,,,,,,,,,,0.0,0.0,0.0,0.0,0.0,0.0,0.0,0.0,0.0,0.0,
1278171513,(주)빠라베에사,0.0105,0.0089,0.0069,0.007,0.0157,0.4262,0.0691,0.01,,,,-0.0016,-0.002,0.0001,0.0087,0.4105,-0.3571,-0.0591,0.0,0.0,0.0,
1278171565,(주)금오하이텍,,,0.0063,0.029,0.1209,0.7895,,,,,,0.0,0.0,0.0227,0.0919,0.6686,0.0,0.0,0.0,0.0,0.0,
1278178781,신우팜앤라텍스(주),0.0015,0.0008,0.0006,0.0002,0.0005,0.0049,,,,,,-0.0007,-0.0002,-0.0004,0.0003,0.0044,0.0,0.0,0.0,0.0,0.0,
1278190335,주식회사허친슨코리아,0.0915,,,,,,,,,,,0.0,0.0,0.0,0.0,0.0,0.0,0.0,0.0,0.0,0.0,
1278191620,(주)덕유,0.0057,0.021,0.0081,0.0376,0.0825,0.9482,,,,,,0.0153,-0.0129,0.0295,0.0449,0.8657,0.0,0.0,0.0,0.0,0.0,
1278197643,(주)코이즈,0.0963,0.223,,,,,,,,,,0.1267,0.0,0.0,0.0,0.0,0.0,0.0,0.0,0.0,0.0,
1278614439,(주)삼진프라코,0.002,0.0037,0.0012,0.0016,0.0011,0.0449,,,,,,0.0017,-0.0025,0.0004,-0.0005,0.0438,0.0,0.0,0.0,0.0,0.0,
1278617362,(주)원광도어,0.004,0.0085,0.0063,0.0918,0.0504,0.0853,,,,,,0.0045,-0.0022,0.0855,-0.0414,0.0349,0.0,0.0,0.0,0.0,0.0,
1278618788,주식회사신창,0.0542,0.0529,0.3052,0.5571,,,,,,,,-0.0013,0.2523,0.2519,0.0,0.0,0.0,0.0,0.0,0.0,0.0,
1278647551,(주)씨밀렉스코리아,,,,0.001,0.0008,0.0048,0.0224,0.009,0.1816,,,0.0,0.0,0.0,-0.0002,0.004,0.0176,-0.0134,0.1726,0.0,0.0,
1278653179,주식회사하성,,,,,0.0009,0.0177,0.4276,,,,,0.0,0.0,0.0,0.0,0.0168,0.4099,0.0,0.0,0.0,0.0,
1278655973,(주)글로제닉,,,,,,,0.0003,0.0771,0.1298,0.054,,0.0,0.0,0.0,0.0,0.0,0.0,0.0768,0.0527,-0.0758,0.0,
1288132639,건일산업(주),0.3419,,,,,,,,,,,0.0,0.0,0.0,0.0,0.0,0.0,0.0,0.0,0.0,0.0,
1288148640,(주)그린폴리머,0.1104,,,,,,,,,,,0.0,0.0,0.0,0.0,0.0,0.0,0.0,0.0,0.0,0.0,
1288152542,주식회사유익,,,,,,,,0.0005,0.0001,0.0001,,0.0,0.0,0.0,0.0,0.0,0.0,0.0,-0.0004,0.0,0.0,
1298101686,(주)광성텍,0.3677,0.0061,0.0483,0.1058,0.6832,,,,,,,-0.3616,0.0422,0.0575,0.5774,0.0,0.0,0.0,0.0,0.0,0.0,
1298107322,(주)파마킹,0.0003,0.0318,0.1581,0.813,,,,,,,,0.0315,0.1263,0.6549,0.0,0.0,0.0,0.0,0.0,0.0,0.0,
1298121998,(주)켐트로닉스,0.0107,0.0863,0.6238,,,,,,,,,0.0756,0.5375,0.0,0.0,0.0,0.0,0.0,0.0,0.0,0.0,
1298144517,(주)메덱스,0.0001,0.0003,0.0002,0.0003,0.0007,0.0002,0.0002,0.0002,0.0042,0.0175,,0.0002,-0.0001,0.0001,0.0004,-0.0005,0.0,0.0,0.004,0.0133,0.0,
1298172556,(주)케이비아이에이스텍,0.2131,0.0111,0.0241,0.0645,0.7593,,,,,,,-0.202,0.013,0.0404,0.6948,0.0,0.0,0.0,0.0,0.0,0.0,
1298177774,(주)쎄코,0.0011,0.0009,0.095,0.5457,0.9792,,,,,,,-0.0002,0.0941,0.4507,0.4335,0.0,0.0,0.0,0.0,0.0,0.0,
1298193717,(주)아스타,,0.0114,0.1343,0.809,,,,,,,,0.0,0.1229,0.6747,0.0,0.0,0.0,0.0,0.0,0.0,0.0,
1298195054,주식회사켐트로스,0.0005,0.0006,0.0005,,,,,,,,,0.0001,-0.0001,0.0,0.0,0.0,0.0,0.0,0.0,0.0,0.0,
1298198293,(주)에코글로우,0.2478,0.7692,,,,,,,,,,0.5214,0.0,0.0,0.0,0.0,0.0,0.0,0.0,0.0,0.0,
1298199759,(주)유아이,0.0002,0.0002,0.0051,0.0182,0.172,,,,,,,0.0,0.0049,0.0131,0.1538,0.0,0.0,0.0,0.0,0.0,0.0,
1298617714,한국실리콘주식회사,0.6551,,,,,,,,,,,0.0,0.0,0.0,0.0,0.0,0.0,0.0,0.0,0.0,0.0,
1298634824,주식회사화인화장품,,,,,,,0.0008,0.0301,0.0444,,,0.0,0.0,0.0,0.0,0.0,0.0,0.0293,0.0143,0.0,0.0,
1298636614,(주)피엔에이치테크,,0.0109,0.2791,0.478,,,,,,,,0.0,0.2682,0.1989,0.0,0.0,0.0,0.0,0.0,0.0,0.0,
1298642227,(주)팬젠,0.681,,,,,,,,,,,0.0,0.0,0.0,0.0,0.0,0.0,0.0,0.0,0.0,0.0,
1298645374,(주)케어사이드,,,,,,0.0004,0.0001,0.0001,0.0001,0.0189,,0.0,0.0,0.0,0.0,0.0,-0.0003,0.0,0.0,0.0188,0.0,
1298647052,(주)미네랄바이오,,,,,,,0.0014,0.14,0.2066,,,0.0,0.0,0.0,0.0,0.0,0.0,0.1386,0.0666,0.0,0.0,
1298656546,(주)랩토,,,,,0.0044,0.0949,0.7238,,,,,0.0,0.0,0.0,0.0,0.0905,0.6289,0.0,0.0,0.0,0.0,
1298656978,주식회사태영,,,0.0007,0.0003,0.0009,0.0002,0.0003,0.0005,0.0008,0.0361,,0.0,0.0,-0.0004,0.0006,-0.0007,0.0001,0.0002,0.0003,0.0353,0.0,
1298664992,주식회사비엠솔루션,0.0102,0.0004,0.0154,0.0535,,,,,,,,-0.0098,0.015,0.0381,0.0,0.0,0.0,0.0,0.0,0.0,0.0,
1298671270,주식회사오리엔트제니아,,,,,0.0003,0.0641,0.0058,0.0064,,,,0.0,0.0,0.0,0.0,0.0638,-0.0583,0.0006,0.0,0.0,0.0,
1298677202,(주)더말코리아,,,0.0014,0.0009,0.0005,0.0704,0.0013,0.0078,0.0882,0.0738,,0.0,0.0,-0.0005,-0.0004,0.0699,-0.0691,0.0065,0.0804,-0.0144,0.0,
1298678860,(주)보레다바이오텍,,,,,,,,0.0003,0.0001,0.0718,,0.0,0.0,0.0,0.0,0.0,0.0,0.0,-0.0002,0.0717,0.0,
1308101099,한국호세코주식회사,0.0002,,,,,,,,,,,0.0,0.0,0.0,0.0,0.0,0.0,0.0,0.0,0.0,0.0,
1308102370,주식회사퍼스트칼라,0.0389,0.3329,0.2209,,,,,,,,,0.294,-0.112,0.0,0.0,0.0,0.0,0.0,0.0,0.0,0.0,
1308105606,(주)네이처셀,0.0451,0.5952,0.2792,,,,,,,,,0.5501,-0.316,0.0,0.0,0.0,0.0,0.0,0.0,0.0,0.0,
1308110754,(주)경희,0.0023,0.084,0.0031,0.0018,0.0024,0.0004,0.0067,0.0377,0.0873,,,0.0817,-0.0809,-0.0013,0.0006,-0.002,0.0063,0.031,0.0496,0.0,0.0,
1308114084,주식회사더봄,0.6793,,,,,,,,,,,0.0,0.0,0.0,0.0,0.0,0.0,0.0,0.0,0.0,0.0,
1308120664,유니온기업(주),,,0.0149,0.3058,0.7739,,,,,,,0.0,0.0,0.2909,0.4681,0.0,0.0,0.0,0.0,0.0,0.0,
1308120776,우신공업(주),0.0007,0.0455,0.4867,0.1883,,,,,,,,0.0448,0.4412,-0.2984,0.0,0.0,0.0,0.0,0.0,0.0,0.0,
1308120946,(주)에스앤지컴퍼니,0.052,0.0351,0.0347,0.0376,0.1129,0.655,,,,,,-0.0169,-0.0004,0.0029,0.0753,0.5421,0.0,0.0,0.0,0.0,0.0,
1308133984,(주)동일앤프라스,0.0084,0.0108,0.005,0.0067,,,,,,,,0.0024,-0.0058,0.0017,0.0,0.0,0.0,0.0,0.0,0.0,0.0,
1308161520,신한금속(주),0.0064,0.0035,0.0112,0.0545,0.1309,0.6781,,,,,,-0.0029,0.0077,0.0433,0.0764,0.5472,0.0,0.0,0.0,0.0,0.0,
1308165943,주식회사진원전자,0.0406,0.0185,0.2898,,,,,,,,,-0.0221,0.2713,0.0,0.0,0.0,0.0,0.0,0.0,0.0,0.0,
1308167373,(주)갑을프라스틱,0.0228,0.2511,,,,,,,,,,0.2283,0.0,0.0,0.0,0.0,0.0,0.0,0.0,0.0,0.0,
1308169444,주식회사나우코스,0.0021,0.0006,0.0159,0.2595,0.7905,,,,,,,-0.0015,0.0153,0.2436,0.531,0.0,0.0,0.0,0.0,0.0,0.0,
1308183975,(주)동영화학,,,0.0022,0.0036,0.0016,0.0022,,,,,,0.0,0.0,0.0014,-0.002,0.0006,0.0,0.0,0.0,0.0,0.0,
1308187189,(주)한국코스모,,0.0057,0.2813,0.2549,,,,,,,,0.0,0.2756,-0.0264,0.0,0.0,0.0,0.0,0.0,0.0,0.0,
1308193338,주식회사태익,,,0.0006,0.0005,0.0012,0.0001,,,,,,0.0,0.0,-0.0001,0.0007,-0.0011,0.0,0.0,0.0,0.0,0.0,
1308194429,대원케미칼주식회사,0.397,0.0074,0.0038,0.0122,0.0061,0.1803,0.3812,,,,,-0.3896,-0.0036,0.0084,-0.0061,0.1742,0.2009,0.0,0.0,0.0,0.0,
1308614207,(주)헌트피앤아이,0.0022,0.1318,0.1495,0.7659,,,,,,,,0.1296,0.0177,0.6164,0.0,0.0,0.0,0.0,0.0,0.0,0.0,
1308619935,(주)두리원텍,,0.0016,0.0146,0.1432,0.7762,,,,,,,0.0,0.013,0.1286,0.633,0.0,0.0,0.0,0.0,0.0,0.0,
1308622556,주식회사자누스코리아,0.1458,,,,,,,,,,,0.0,0.0,0.0,0.0,0.0,0.0,0.0,0.0,0.0,0.0,
1308642547,주식회사에이치에스케미칼,,,0.0004,0.0051,0.001,0.0015,,,,,,0.0,0.0,0.0047,-0.0041,0.0005,0.0,0.0,0.0,0.0,0.0,
1308660341,주식회사비앤비코리아,,0.0007,0.2945,0.3098,0.4342,,,,,,,0.0,0.2938,0.0153,0.1244,0.0,0.0,0.0,0.0,0.0,0.0,
1308685473,주식회사앤비츠,,0.001,0.0005,0.0133,0.0097,0.2038,0.6478,,,,,0.0,-0.0005,0.0128,-0.0036,0.1941,0.444,0.0,0.0,0.0,0.0,
1308691878,(주)대건아이티에스,,,,,0.0074,0.0379,0.9704,,,,,0.0,0.0,0.0,0.0,0.0305,0.9325,0.0,0.0,0.0,0.0,
1318152946,(주)화백엔지니어링,0.0426,0.0914,0.4769,,,,,,,,,0.0488,0.3855,0.0,0.0,0.0,0.0,0.0,0.0,0.0,0.0,
1318154207,(주)원영씰,0.0042,0.0077,0.0092,0.006,0.0111,0.0258,0.0418,0.0097,,,,0.0035,0.0015,-0.0032,0.0051,0.0147,0.016,-0.0321,0.0,0.0,0.0,
1318158751,(주)녹십초제약,0.0012,0.0008,0.0011,0.0014,0.0009,0.0012,0.0007,0.0018,,,,-0.0004,0.0003,0.0003,-0.0005,0.0003,-0.0005,0.0011,0.0,0.0,0.0,
1318166455,주식회사제이에스아이,0.9464,,,,,,,,,,,0.0,0.0,0.0,0.0,0.0,0.0,0.0,0.0,0.0,0.0,
1318183847,주식회사잉글우드랩코리아,0.0004,0.0018,0.0428,0.0518,0.9696,,,,,,,0.0014,0.041,0.009,0.9178,0.0,0.0,0.0,0.0,0.0,0.0,
1318188411,(주)다쏘앤컴퍼니,0.1713,0.0615,,,,,,,,,,-0.1098,0.0,0.0,0.0,0.0,0.0,0.0,0.0,0.0,0.0,
1318191196,삼포화학공업(주),,0.0013,0.0008,0.0031,0.0039,0.0446,,,,,,0.0,-0.0005,0.0023,0.0008,0.0407,0.0,0.0,0.0,0.0,0.0,
1318194306,대영씨엔이(주),0.0164,0.1405,0.6271,,,,,,,,,0.1241,0.4866,0.0,0.0,0.0,0.0,0.0,0.0,0.0,0.0,
1318199577,(주)아이월드제약,0.082,0.5135,0.7294,,,,,,,,,0.4315,0.2159,0.0,0.0,0.0,0.0,0.0,0.0,0.0,0.0,
1318603101,길동상사(주),,0.0025,0.0059,0.0085,0.0014,0.0018,0.0153,0.2119,,,,0.0,0.0034,0.0026,-0.0071,0.0004,0.0135,0.1966,0.0,0.0,0.0,
1318608810,주식회사화인플라테크,,,,,0.0006,0.0709,0.1493,0.1791,,,,0.0,0.0,0.0,0.0,0.0703,0.0784,0.0298,0.0,0.0,0.0,
1318609459,(주)제이에이테크,0.0068,0.0057,0.0258,0.0422,0.9215,,,,,,,-0.0011,0.0201,0.0164,0.8793,0.0,0.0,0.0,0.0,0.0,0.0,
1318610806,(주)세원엔프라,0.0024,,,,,,,,,,,0.0,0.0,0.0,0.0,0.0,0.0,0.0,0.0,0.0,0.0,
1318611936,(주)코리아코스팩,,0.0009,0.0001,0.0003,0.0022,0.305,0.7993,,,,,0.0,-0.0008,0.0002,0.0019,0.3028,0.4943,0.0,0.0,0.0,0.0,
1318612430,영일카디오넷주식회사,0.0059,0.1251,0.0113,0.0537,0.0915,0.008,,,,,,0.1192,-0.1138,0.0424,0.0378,-0.0835,0.0,0.0,0.0,0.0,0.0,
1318614613,(주)지제이테크,,,0.0005,0.0003,0.0012,0.0039,,,,,,0.0,0.0,-0.0002,0.0009,0.0027,0.0,0.0,0.0,0.0,0.0,
1318621910,(주)비씨엘,,,0.0019,0.0048,0.0417,0.037,0.2184,,,,,0.0,0.0,0.0029,0.0369,-0.0047,0.1814,0.0,0.0,0.0,0.0,
1318625110,주식회사베네스킨코스메틱,,,,0.0023,0.0034,0.0161,,,,,,0.0,0.0,0.0,0.0011,0.0127,0.0,0.0,0.0,0.0,0.0,
1318626967,주식회사티엔,0.11,0.3113,0.3755,,,,,,,,,0.2013,0.0642,0.0,0.0,0.0,0.0,0.0,0.0,0.0,0.0,
1318627632,삼성바이오로직스(주),0.2648,0.1238,0.8628,,,,,,,,,-0.141,0.739,0.0,0.0,0.0,0.0,0.0,0.0,0.0,0.0,
1318629566,주식회사미영,,0.0008,0.0012,0.0015,0.0035,0.0496,0.1942,0.621,,,,0.0,0.0004,0.0003,0.002,0.0461,0.1446,0.4268,0.0,0.0,0.0,
1318630461,지디케이화장품(주),0.0015,0.0003,0.0001,0.0049,0.1301,0.063,0.2087,,,,,-0.0012,-0.0002,0.0048,0.1252,-0.0671,0.1457,0.0,0.0,0.0,0.0,
1318640315,티오케이첨단재료(주),0.5302,,,,,,,,,,,0.0,0.0,0.0,0.0,0.0,0.0,0.0,0.0,0.0,0.0,
1318643520,주식회사아주화장품,,,,,,,0.002,0.0735,0.1588,,,0.0,0.0,0.0,0.0,0.0,0.0,0.0715,0.0853,0.0,0.0,
1318644494,(주)트리샤,,,,,0.001,0.1376,0.6041,,,,,0.0,0.0,0.0,0.0,0.1366,0.4665,0.0,0.0,0.0,0.0,
1318653315,유강산업주식회사,,,0.0021,0.027,0.0116,,,,,0.4066,,0.0,0.0,0.0249,-0.0154,0.0,0.0,0.0,0.0,0.0,0.0,
1318661678,지오네이션주식회사,,0.0032,0.0006,0.0002,0.0008,0.0485,0.1641,0.5861,,,,0.0,-0.0026,-0.0004,0.0006,0.0477,0.1156,0.422,0.0,0.0,0.0,
1318662696,(주)예그리나,,,,,0.006,0.0287,0.1541,,,,,0.0,0.0,0.0,0.0,0.0227,0.1254,0.0,0.0,0.0,0.0,
1318665790,(주)인터코스,0.0004,0.0012,,,,,,0.0447,0.2017,,,0.0008,0.0,0.0,0.0,0.0,0.0,0.0,0.157,0.0,0.0,
1318666746,(주)디엠코스메틱스,,,0.0109,0.1195,0.9873,,,,,,,0.0,0.0,0.1086,0.8678,0.0,0.0,0.0,0.0,0.0,0.0,
1318668351,이에스코스메틱주식회사,,,,0.0069,0.063,0.7495,,,,,,0.0,0.0,0.0,0.0561,0.6865,0.0,0.0,0.0,0.0,0.0,
1328100475,대흥화학공업(주),0.0663,,,,,0.0598,0.2122,,,,,0.0,0.0,0.0,0.0,0.0,0.1524,0.0,0.0,0.0,0.0,
1328135294,(주)정동산업,,,,0.0051,0.002,0.0077,0.0154,0.1985,0.2655,,,0.0,0.0,0.0,-0.0031,0.0057,0.0077,0.1831,0.067,0.0,0.0,
1328163316,주식회사크린손,0.0065,0.0034,0.0011,0.0395,0.0648,0.3444,,,,,,-0.0031,-0.0023,0.0384,0.0253,0.2796,0.0,0.0,0.0,0.0,0.0,
1328170229,(주)코빅스,,,,,,,0.0016,0.0308,0.5848,0.6325,,0.0,0.0,0.0,0.0,0.0,0.0,0.0292,0.554,0.0477,0.0,
1328613655,(주)즐거운쇼핑,,,,,0.0012,0.0074,0.0343,0.3413,,,,0.0,0.0,0.0,0.0,0.0062,0.0269,0.307,0.0,0.0,0.0,
1338116136,(주)동성,0.0202,0.0117,0.0081,0.0331,0.0065,0.0186,0.1125,0.1794,0.6824,,,-0.0085,-0.0036,0.025,-0.0266,0.0121,0.0939,0.0669,0.503,0.0,0.0,
1338122128,주식회사조양,0.0438,0.5966,,,,,,,,,,0.5528,0.0,0.0,0.0,0.0,0.0,0.0,0.0,0.0,0.0,
1338122206,한미정밀화학주식회사,0.0005,0.0083,0.0092,0.0036,0.0497,0.0008,0.0353,0.1383,0.4906,,,0.0078,0.0009,-0.0056,0.0461,-0.0489,0.0345,0.103,0.3523,0.0,0.0,
1338122884,주식회사디에스캠솔,0.0004,0.0004,0.0001,0.0003,0.0017,0.0022,0.0081,0.0425,0.6671,0.0196,,0.0,-0.0003,0.0002,0.0014,0.0005,0.0059,0.0344,0.6246,-0.6475,0.0,
1338122962,아이세로미림화학(주),0.0316,0.0004,0.0002,0.0003,0.0005,0.0004,0.0007,,,,,-0.0312,-0.0002,0.0001,0.0002,-0.0001,0.0003,0.0,0.0,0.0,0.0,
1338123995,주식회사대원케미코,0.002,0.0021,0.0006,0.0006,0.0025,,,,,,,0.0001,-0.0015,0.0,0.0019,0.0,0.0,0.0,0.0,0.0,0.0,
1338126032,주식회사명진산업,0.0045,0.0541,0.0634,0.305,,,,,,,,0.0496,0.0093,0.2416,0.0,0.0,0.0,0.0,0.0,0.0,0.0,
1338126051,남동화학주식회사,,,,0.0007,0.0004,0.0003,0.0032,,,,,0.0,0.0,0.0,-0.0003,-0.0001,0.0029,0.0,0.0,0.0,0.0,
1338126691,국도정밀주식회사,0.0017,0.0037,0.002,0.0004,0.002,0.0082,0.027,0.0866,,,,0.002,-0.0017,-0.0016,0.0016,0.0062,0.0188,0.0596,0.0,0.0,0.0,
1338127195,주식회사교우산업,0.0001,0.0002,0.0002,0.0002,0.0006,0.0002,,,,,,0.0001,0.0,0.0,0.0004,-0.0004,0.0,0.0,0.0,0.0,0.0,
1338130405,(주)서울제약,0.0194,0.0626,0.1614,0.7465,,,,,,,,0.0432,0.0988,0.5851,0.0,0.0,0.0,0.0,0.0,0.0,0.0,
1338131189,대은산업(주),0.0636,0.0215,0.0126,0.0211,0.0224,0.4936,0.8406,,,,,-0.0421,-0.0089,0.0085,0.0013,0.4712,0.347,0.0,0.0,0.0,0.0,
1338138538,세창화학(주),0.0011,0.0027,0.0004,0.0126,0.0372,0.0006,0.0147,0.0654,0.0598,,,0.0016,-0.0023,0.0122,0.0246,-0.0366,0.0141,0.0507,-0.0056,0.0,0.0,
1338140674,주식회사삼호화성,0.0019,0.0021,0.0018,0.0063,0.0121,0.0013,,,,,,0.0002,-0.0003,0.0045,0.0058,-0.0108,0.0,0.0,0.0,0.0,0.0,
1348100414,한국신문잉크(주),0.0054,0.0012,0.0003,0.0061,0.0275,0.1634,0.2059,,,,,-0.0042,-0.0009,0.0058,0.0214,0.1359,0.0425,0.0,0.0,0.0,0.0,
1348101387,아이아주식회사,0.0073,0.0073,0.048,0.0387,0.9217,,,,,,,0.0,0.0407,-0.0093,0.883,0.0,0.0,0.0,0.0,0.0,0.0,
1348101408,(주)셀루메드,0.5551,0.6815,,,,,,,,,,0.1264,0.0,0.0,0.0,0.0,0.0,0.0,0.0,0.0,0.0,
1348102033,신신화학공업(주),0.0398,0.0167,0.0068,0.0063,0.0039,0.0031,0.0057,0.0678,0.3366,0.7435,,-0.0231,-0.0099,-0.0005,-0.0024,-0.0008,0.0026,0.0621,0.2688,0.4069,0.0,
1348102673,EPSKOREA(주),0.0068,0.0127,0.0049,0.0029,0.004,0.1904,0.0191,0.0685,0.7931,0.1231,,0.0059,-0.0078,-0.002,0.0011,0.1864,-0.1713,0.0494,0.7246,-0.67,0.0,
1348102770,태경에스비씨주식회사,0.0023,0.0523,0.1,0.2201,,,,,,,,0.05,0.0477,0.1201,0.0,0.0,0.0,0.0,0.0,0.0,0.0,
1348103124,(주)원앤씨,0.0003,0.0013,0.0006,0.0011,0.0043,0.0005,0.0006,0.0209,0.0284,0.025,,0.001,-0.0007,0.0005,0.0032,-0.0038,0.0001,0.0203,0.0075,-0.0034,0.0,
1348103560,현대합성공업(주),0.0009,0.0018,0.0404,0.0513,0.7508,,,,,,,0.0009,0.0386,0.0109,0.6995,0.0,0.0,0.0,0.0,0.0,0.0,
1348103819,신풍제약(주),0.0023,0.0555,0.0406,0.0108,0.0108,0.0115,0.0099,0.0111,0.0934,0.0746,,0.0532,-0.0149,-0.0298,0.0,0.0007,-0.0016,0.0012,0.0823,-0.0188,0.0,
1348103880,바이켐주식회사,0.0003,0.0007,0.0079,0.0514,0.1615,0.2383,,,,,,0.0004,0.0072,0.0435,0.1101,0.0768,0.0,0.0,0.0,0.0,0.0,
1348104588,삼성에프.씨주식회사,0.0019,0.0011,0.0062,0.0323,0.0227,0.5191,,,,,,-0.0008,0.0051,0.0261,-0.0096,0.4964,0.0,0.0,0.0,0.0,0.0,
1348105248,오리콘주식회사,0.0191,0.2604,,,,,,,,,,0.2413,0.0,0.0,0.0,0.0,0.0,0.0,0.0,0.0,0.0,
1348106742,두루케미칼주식회사,0.0426,0.0816,0.0337,0.0222,0.0102,0.0424,,,,,,0.039,-0.0479,-0.0115,-0.012,0.0322,0.0,0.0,0.0,0.0,0.0,
1348107760,(주)청화사,0.0035,0.0083,0.0188,0.0348,0.0317,0.0082,0.0446,0.452,0.1734,,,0.0048,0.0105,0.016,-0.0031,-0.0235,0.0364,0.4074,-0.2786,0.0,0.0,
1348107907,(주)삼성잉크,0.0004,0.0004,0.0001,0.0116,0.0023,0.0169,0.4243,0.2215,,,,0.0,-0.0003,0.0115,-0.0093,0.0146,0.4074,-0.2028,0.0,0.0,0.0,
1348109341,(주)동영화성,0.0001,0.0002,0.0001,0.0001,0.0006,0.0001,,,,,,0.0001,-0.0001,0.0,0.0005,-0.0005,0.0,0.0,0.0,0.0,0.0,
1348110630,신일화학공업주식회사,0.048,0.0194,0.1792,,,,,,,,,-0.0286,0.1598,0.0,0.0,0.0,0.0,0.0,0.0,0.0,0.0,
1348116594,주식회사연우,0.0001,0.0001,0.0002,0.0001,0.0003,0.0002,,,,,,0.0,0.0001,-0.0001,0.0002,-0.0001,0.0,0.0,0.0,0.0,0.0,
1348129162,아그파코리아주식회사,0.2487,0.8066,,,,,,,,,,0.5579,0.0,0.0,0.0,0.0,0.0,0.0,0.0,0.0,0.0,
1348130150,에스에스팜주식회사,0.1676,0.4467,,,,,,,,,,0.2791,0.0,0.0,0.0,0.0,0.0,0.0,0.0,0.0,0.0,
1348132798,(주)위노바,,,,0.0152,0.5695,0.3775,,,,,,0.0,0.0,0.0,0.5543,-0.192,0.0,0.0,0.0,0.0,0.0,
1348142258,경남제약(주),0.014,0.0052,0.0034,0.0101,0.067,0.2013,0.0229,0.0671,0.6418,0.1671,,-0.0088,-0.0018,0.0067,0.0569,0.1343,-0.1784,0.0442,0.5747,-0.4747,0.0,
1348144111,주식회사유한팩,0.0024,0.0019,0.0034,0.0019,0.0014,0.0008,0.0005,0.0262,0.1071,0.0027,,-0.0005,0.0015,-0.0015,-0.0005,-0.0006,-0.0003,0.0257,0.0809,-0.1044,0.0,
1348146818,(주)이엠앤아이,0.0002,0.0006,0.0156,0.2043,0.935,,,,,,,0.0004,0.015,0.1887,0.7307,0.0,0.0,0.0,0.0,0.0,0.0,
1348147573,회명세미크린(주),0.0003,0.0009,0.0003,0.001,0.0013,,,,,,,0.0006,-0.0006,0.0007,0.0003,0.0,0.0,0.0,0.0,0.0,0.0,
1348149800,하나로샤시,,0.0049,0.0193,0.248,0.8041,,,,,,,0.0,0.0144,0.2287,0.5561,0.0,0.0,0.0,0.0,0.0,0.0,
1348154716,휴먼텍(주),0.0231,0.0252,0.0443,0.0466,0.7347,,,,,,,0.0021,0.0191,0.0023,0.6881,0.0,0.0,0.0,0.0,0.0,0.0,
1348158406,(주)화성산업,,,,,0.0012,0.0459,0.1883,0.1198,,,,0.0,0.0,0.0,0.0,0.0447,0.1424,-0.0685,0.0,0.0,0.0,
1348166207,(주)전영,0.0079,0.0058,0.0188,0.0071,0.0087,0.2703,0.9512,,,,,-0.0021,0.013,-0.0117,0.0016,0.2616,0.6809,0.0,0.0,0.0,0.0,
1348170899,(주)한미글로벌,0.6355,,,,,,,,,,,0.0,0.0,0.0,0.0,0.0,0.0,0.0,0.0,0.0,0.0,
1348173974,주식회사삼양수지,,,,0.0118,0.0054,0.1277,,,,,,0.0,0.0,0.0,-0.0064,0.1223,0.0,0.0,0.0,0.0,0.0,
1348601683,(주)디앤에프,0.0205,,,,,,,,,,,0.0,0.0,0.0,0.0,0.0,0.0,0.0,0.0,0.0,0.0,
1348615149,(주)선진씨엔에스,,,,,,,,0.0123,0.2674,0.9528,,0.0,0.0,0.0,0.0,0.0,0.0,0.0,0.2551,0.6854,0.0,
1348633448,서광케미칼주식회사,,,,,0.0004,0.0009,0.0008,,,,,0.0,0.0,0.0,0.0,0.0005,-0.0001,0.0,0.0,0.0,0.0,
1348634433,(주)두림테크,0.0005,,,,,,,,,,,0.0,0.0,0.0,0.0,0.0,0.0,0.0,0.0,0.0,0.0,
1348634812,(주)후성,0.8884,,,,,,,,,,,0.0,0.0,0.0,0.0,0.0,0.0,0.0,0.0,0.0,0.0,
1348640992,(주)폴리원테크놀로지,0.0023,0.0038,0.0276,0.0692,0.0172,0.0072,0.0024,0.0556,0.269,0.8428,,0.0015,0.0238,0.0416,-0.052,-0.01,-0.0048,0.0532,0.2134,0.5738,0.0,
1348646389,엠에프씨(주),,,0.0013,0.0028,0.0884,0.0174,0.0007,0.2135,0.0229,0.0171,,0.0,0.0,0.0015,0.0856,-0.071,-0.0167,0.2128,-0.1906,-0.0058,0.0,
1348660547,코스맥스파마(주),0.0027,0.0832,0.1849,0.3717,,,,,,,,0.0805,0.1017,0.1868,0.0,0.0,0.0,0.0,0.0,0.0,0.0,
1348664091,에스엘(주),,,,,0.0118,0.3372,,,,0.0739,,0.0,0.0,0.0,0.0,0.3254,0.0,0.0,0.0,0.0,0.0,
1348668063,(주)진코스텍,,0.0014,0.0208,0.0009,0.0016,,,,,,,0.0,0.0194,-0.0199,0.0007,0.0,0.0,0.0,0.0,0.0,0.0,
1348682110,(주)씨엔티솔루션,,,,,,,0.0063,0.6168,0.1075,,,0.0,0.0,0.0,0.0,0.0,0.0,0.6105,-0.5093,0.0,0.0,
1348691341,이엔케미칼(주),,,,,0.0003,0.0016,0.0034,0.0564,0.0925,0.0244,,0.0,0.0,0.0,0.0,0.0013,0.0018,0.053,0.0361,-0.0681,0.0,
1358101508,(주)삼화바이오팜,0.0004,0.0007,0.0004,0.0601,0.2933,,0.0132,0.0802,0.7934,0.2341,,0.0003,-0.0003,0.0597,0.2332,0.0,0.0,0.067,0.7132,-0.5593,0.0,
1358122459,(주)선경홀로그램,0.0001,0.0002,0.0001,0.0002,0.0004,0.0002,,,0.0003,0.0085,,0.0001,-0.0001,0.0001,0.0002,-0.0002,0.0,0.0,0.0,0.0082,0.0,
1358127153,주식회사제이텍,0.0003,0.0004,0.0003,0.0007,0.0506,0.0003,0.035,0.0136,,,,0.0001,-0.0001,0.0004,0.0499,-0.0503,0.0347,-0.0214,0.0,0.0,0.0,
1358129641,(주)텔콘알에프제약,0.0001,0.0077,0.0391,0.6664,,,,,,,,0.0076,0.0314,0.6273,0.0,0.0,0.0,0.0,0.0,0.0,0.0,
1358130018,주식회사우영,,,0.0008,0.0078,0.1063,0.0078,0.0004,0.0154,0.0894,0.2258,,0.0,0.0,0.007,0.0985,-0.0985,-0.0074,0.015,0.074,0.1364,0.0,
1358133747,다인바이오주식회사,,0.0029,0.0446,0.1986,0.3244,,,,,,,0.0,0.0417,0.154,0.1258,0.0,0.0,0.0,0.0,0.0,0.0,
1358135202,(주)씨아이티,0.0815,0.5178,,,,,,,,,,0.4363,0.0,0.0,0.0,0.0,0.0,0.0,0.0,0.0,0.0,
1358135463,나노캠텍(주),0.0006,0.0877,0.5287,0.2986,,,,,,,,0.0871,0.441,-0.2301,0.0,0.0,0.0,0.0,0.0,0.0,0.0,
1358149079,(주)제닉,0.0003,0.0005,0.0005,0.0553,0.2073,0.7741,,,,,,0.0002,0.0,0.0548,0.152,0.5668,0.0,0.0,0.0,0.0,0.0,
1358149574,램테크놀러지(주),0.0284,0.3833,0.3859,,,,,,,,,0.3549,0.0026,0.0,0.0,0.0,0.0,0.0,0.0,0.0,0.0,
1358150289,(주)노블젠,,,,,,0.0203,0.1359,0.1917,0.7844,0.1346,,0.0,0.0,0.0,0.0,0.0,0.1156,0.0558,0.5927,-0.6498,0.0,
1358152521,주식회사케이에이치,,,,,0.0005,0.0003,0.0732,0.1212,,,,0.0,0.0,0.0,0.0,-0.0002,0.0729,0.048,0.0,0.0,0.0,
1358158340,(주)차바이오텍,0.002,0.0022,0.0002,0.0214,0.0129,0.0181,0.0393,0.4015,,,,0.0002,-0.002,0.0212,-0.0085,0.0052,0.0212,0.3622,0.0,0.0,0.0,
1358167475,(주)녹십자엠에스,0.0008,0.0016,0.0456,0.1092,0.1707,,,,,,,0.0008,0.044,0.0636,0.0615,0.0,0.0,0.0,0.0,0.0,0.0,
1358182267,SK유화,0.4996,,,,,,,,,,,0.0,0.0,0.0,0.0,0.0,0.0,0.0,0.0,0.0,0.0,
1358191640,(주)나노실리칸첨단소재,,0.0096,0.286,0.778,,,,,,,,0.0,0.2764,0.492,0.0,0.0,0.0,0.0,0.0,0.0,0.0,
1358603665,(주)제테마,,,,0.0135,0.1127,0.1128,0.6253,0.0074,0.0074,,,0.0,0.0,0.0,0.0992,0.0001,0.5125,-0.6179,0.0,0.0,0.0,
1358626047,주식회사엘피엔,,,,,,0.0008,0.0183,0.0392,0.7064,,,0.0,0.0,0.0,0.0,0.0,0.0175,0.0209,0.6672,0.0,0.0,
1358628540,유비머트리얼즈(주),,,,0.0051,0.0171,0.6587,,,,,,0.0,0.0,0.0,0.012,0.6416,0.0,0.0,0.0,0.0,0.0,
1368100327,상원상공(주),0.0006,0.0005,0.0006,0.0056,0.003,0.0024,,,,,,-0.0001,0.0001,0.005,-0.0026,-0.0006,0.0,0.0,0.0,0.0,0.0,
1368102854,(주)상보,0.0619,0.0772,0.5197,,,,,,,,,0.0153,0.4425,0.0,0.0,0.0,0.0,0.0,0.0,0.0,0.0,
1368103867,코스틱폼텍주식회사,0.0004,0.0004,0.0002,0.0004,0.0065,0.0332,0.2524,0.3297,,,,0.0,-0.0002,0.0002,0.0061,0.0267,0.2192,0.0773,0.0,0.0,0.0,
1368104643,주식회사우진페인트,0.6254,,,,,,,,,,,0.0,0.0,0.0,0.0,0.0,0.0,0.0,0.0,0.0,0.0,
1368105910,이화팜텍주식회사,0.0059,0.0281,0.3309,0.0707,,,,,,,,0.0222,0.3028,-0.2602,0.0,0.0,0.0,0.0,0.0,0.0,0.0,
1368111727,주식회사코멕스산업,0.0034,0.0055,0.0021,0.0057,0.0325,0.0054,0.004,0.0158,0.0047,0.015,,0.0021,-0.0034,0.0036,0.0268,-0.0271,-0.0014,0.0118,-0.0111,0.0103,0.0,
1368119262,(주)스타플렉스,0.0146,0.0274,0.0021,0.0092,0.0042,0.3815,0.7621,,,,,0.0128,-0.0253,0.0071,-0.005,0.3773,0.3806,0.0,0.0,0.0,0.0,
1378101917,코스모신소재(주),0.3909,0.6766,0.1748,,,,,,,,,0.2857,-0.5018,0.0,0.0,0.0,0.0,0.0,0.0,0.0,0.0,
1378107342,이성전자주식회사,0.0642,,,0.1472,0.0172,0.0441,,,,,,0.0,0.0,0.0,-0.13,0.0269,0.0,0.0,0.0,0.0,0.0,
1378109087,일흥합성공업,0.0102,0.0006,0.0083,0.001,0.011,,,,,,,-0.0096,0.0077,-0.0073,0.01,0.0,0.0,0.0,0.0,0.0,0.0,
1378109597,(주)세안,0.0003,0.0005,0.0004,0.0154,0.005,0.0231,0.062,0.2766,,,,0.0002,-0.0001,0.015,-0.0104,0.0181,0.0389,0.2146,0.0,0.0,0.0,
1378121494,주식회사화진인더스,0.0303,0.0503,0.0166,0.0032,,,,,,,,0.02,-0.0337,-0.0134,0.0,0.0,0.0,0.0,0.0,0.0,0.0,
1378121849,(주)세륭화학,0.089,0.333,,,,,,,,,,0.244,0.0,0.0,0.0,0.0,0.0,0.0,0.0,0.0,0.0,
1378122547,인성엔프라(주),0.0005,0.0005,0.0008,0.0016,0.0009,0.0509,0.1422,0.3731,0.5805,,,0.0,0.0003,0.0008,-0.0007,0.05,0.0913,0.2309,0.2074,0.0,0.0,
1378130353,자안바이오주식회사,0.0005,,,,,,,,,,,0.0,0.0,0.0,0.0,0.0,0.0,0.0,0.0,0.0,0.0,
1378131629,주식회사케이제이지엘에스,0.0274,0.0424,,,,,,,,,,0.015,0.0,0.0,0.0,0.0,0.0,0.0,0.0,0.0,0.0,
1378131634,(주)티아이씨,0.0397,0.017,0.002,0.0019,0.0954,0.0061,0.0701,,,,,-0.0227,-0.015,-0.0001,0.0935,-0.0893,0.064,0.0,0.0,0.0,0.0,
1378141700,(주)삼우화학,,,,,0.0024,0.0138,0.0443,,,,,0.0,0.0,0.0,0.0,0.0114,0.0305,0.0,0.0,0.0,0.0,
1378146817,(주)월드벨,,0.0022,0.0119,0.1077,,,,,,,,0.0,0.0097,0.0958,0.0,0.0,0.0,0.0,0.0,0.0,0.0,
1378146966,대한폴리텍(주),0.0136,0.1024,,,,,,,,,,0.0888,0.0,0.0,0.0,0.0,0.0,0.0,0.0,0.0,0.0,
1378165022,주식회사넥스모,0.1635,0.8603,,,,,,,,,,0.6968,0.0,0.0,0.0,0.0,0.0,0.0,0.0,0.0,0.0,
1378166695,다이토키스코(주),,,,,0.0011,0.0446,0.0373,0.3939,0.8123,,,0.0,0.0,0.0,0.0,0.0435,-0.0073,0.3566,0.4184,0.0,0.0,
1378167578,주식회사에이유,,,0.0045,0.0101,0.0219,0.0869,0.0844,0.91,,,,0.0,0.0,0.0056,0.0118,0.065,-0.0025,0.8256,0.0,0.0,0.0,
1378173686,주식회사레이노코리아,,,,0.0011,0.0012,0.0005,0.0002,,,,,0.0,0.0,0.0,0.0001,-0.0007,-0.0003,0.0,0.0,0.0,0.0,
1378176999,(주)대상테크론,0.7588,,,,,,,,,,,0.0,0.0,0.0,0.0,0.0,0.0,0.0,0.0,0.0,0.0,
1378186444,주식회사이노하나,,,,,,0.001,0.0072,0.0717,0.2405,,,0.0,0.0,0.0,0.0,0.0,0.0062,0.0645,0.1688,0.0,0.0,
1378193324,(주)프라피아,0.0054,0.0083,0.2438,0.1166,,,,,,,,0.0029,0.2355,-0.1272,0.0,0.0,0.0,0.0,0.0,0.0,0.0,
1378196321,(주)락스타,,0.0057,0.0052,0.0082,,,,,,,,0.0,-0.0005,0.003,0.0,0.0,0.0,0.0,0.0,0.0,0.0,
1378199686,주식회사엠네오머티리얼즈,0.0391,,,,,,,,,,,0.0,0.0,0.0,0.0,0.0,0.0,0.0,0.0,0.0,0.0,
1378600626,주식회사케이디에프,0.0251,0.3258,0.0226,0.1213,,,,,,,,0.3007,-0.3032,0.0987,0.0,0.0,0.0,0.0,0.0,0.0,0.0,
1378652648,주식회사대주이엔지,,,,0.0008,0.0026,0.0345,0.0162,0.5485,,,,0.0,0.0,0.0,0.0018,0.0319,-0.0183,0.5323,0.0,0.0,0.0,
1388102850,한진화학주식회사,0.0011,0.001,0.002,0.0766,0.5073,0.5691,,,,,,-0.0001,0.001,0.0746,0.4307,0.0618,0.0,0.0,0.0,0.0,0.0,
1388107869,(주)모던테크,,,0.001,0.0001,0.0003,,,,,,,0.0,0.0,-0.0009,0.0002,0.0,0.0,0.0,0.0,0.0,0.0,
1388108742,남웅전자주식회사,0.0145,0.0062,,,,,,,,,,-0.0083,0.0,0.0,0.0,0.0,0.0,0.0,0.0,0.0,0.0,
1388113134,(주)코렉스,0.0004,0.0008,0.0003,0.0005,0.0015,0.0009,0.0003,0.0006,0.0005,,,0.0004,-0.0005,0.0002,0.001,-0.0006,-0.0006,0.0003,-0.0001,0.0,0.0,
1388120260,(주)서광산업,0.0023,0.0017,0.0006,0.0021,0.0013,0.0587,0.1737,0.0951,,,,-0.0006,-0.0011,0.0015,-0.0008,0.0574,0.115,-0.0786,0.0,0.0,0.0,
1388137441,주식회사몬디케이에스피,0.0011,0.0016,0.0008,0.1522,0.013,0.0152,0.1759,0.2651,0.2852,,,0.0005,-0.0008,0.1514,-0.1392,0.0022,0.1607,0.0892,0.0201,0.0,0.0,
1388144919,코오롱머티리얼(주),,,,,,,,0.1123,0.2306,,,0.0,0.0,0.0,0.0,0.0,0.0,0.0,0.1183,0.0,0.0,
1388145543,피씨엘(주),0.2116,0.3813,,,,,,,,,,0.1697,0.0,0.0,0.0,0.0,0.0,0.0,0.0,0.0,0.0,
1388167789,주식회사율산,,,,,0.0003,0.0081,0.0248,0.0213,0.0176,0.0547,,0.0,0.0,0.0,0.0,0.0078,0.0167,-0.0035,-0.0037,0.0371,0.0,
1388601725,(주)나무와사람들,,,0.0014,0.0005,0.0043,,,,,,,0.0,0.0,-0.0009,0.0038,0.0,0.0,0.0,0.0,0.0,0.0,
1398106408,(주)성림,0.1832,0.0028,0.0178,0.1144,0.8164,,,,,,,-0.1804,0.015,0.0966,0.702,0.0,0.0,0.0,0.0,0.0,0.0,
1398110367,영화물산(주),0.0037,0.0062,0.0037,0.004,0.0141,0.0365,,,,,,0.0025,-0.0025,0.0003,0.0101,0.0224,0.0,0.0,0.0,0.0,0.0,
1398111269,(주)비씨월드제약,0.0007,0.0002,0.0003,0.0006,0.0008,0.019,0.0944,0.5099,,,,-0.0005,0.0001,0.0003,0.0002,0.0182,0.0754,0.4155,0.0,0.0,0.0,
1398111288,(주)코스모코스,0.9684,,,,,,,,,,,0.0,0.0,0.0,0.0,0.0,0.0,0.0,0.0,0.0,0.0,
1398111920,(주)고려비엔피,0.0003,0.0016,0.001,0.0008,0.0073,0.0016,0.0291,0.0168,0.142,0.3487,,0.0013,-0.0006,-0.0002,0.0065,-0.0057,0.0275,-0.0123,0.1252,0.2067,0.0,
1398116338,진흥건업(주),,,,0.0023,0.0044,0.003,0.0028,0.0119,0.1412,0.2338,,0.0,0.0,0.0,0.0021,-0.0014,-0.0002,0.0091,0.1293,0.0926,0.0,
1398117981,호스록코리아(주),0.598,,,,,,,,,,,0.0,0.0,0.0,0.0,0.0,0.0,0.0,0.0,0.0,0.0,
1398119204,대주정공(주),0.0547,0.0128,0.0078,0.0061,0.0035,0.0089,0.0192,0.0418,0.0505,,,-0.0419,-0.005,-0.0017,-0.0026,0.0054,0.0103,0.0226,0.0087,0.0,0.0,
1398120787,(주)화인인더스트리,0.2335,0.467,,,,,,,,,,0.2335,0.0,0.0,0.0,0.0,0.0,0.0,0.0,0.0,0.0,
1398126326,주식회사마임,0.0002,0.0008,0.0273,0.1518,0.8096,,,,,,,0.0006,0.0265,0.1245,0.6578,0.0,0.0,0.0,0.0,0.0,0.0,
1398134490,(주)에스제이테크,0.0972,0.355,,,,,,,,,,0.2578,0.0,0.0,0.0,0.0,0.0,0.0,0.0,0.0,0.0,
1398135636,한국바이켐,,,,0.0006,0.0006,0.0002,0.0005,,0.0057,0.001,,0.0,0.0,0.0,0.0,-0.0004,0.0003,0.0,0.0,-0.0047,0.0,
1398135655,(주)두양산업,0.0002,0.0004,0.0002,0.0003,0.0014,0.0003,,,,,,0.0002,-0.0002,0.0001,0.0011,-0.0011,0.0,0.0,0.0,0.0,0.0,
1398136106,주식회사동신프라텍,0.0021,0.0034,0.0042,0.0049,0.0023,0.001,0.0008,0.0008,0.0007,0.0277,,0.0013,0.0008,0.0007,-0.0026,-0.0013,-0.0002,0.0,-0.0001,0.027,0.0,
1398143081,(주)정방엔지니어링,,0.003,0.0057,0.1575,,,,,,,,0.0,0.0027,0.1518,0.0,0.0,0.0,0.0,0.0,0.0,0.0,
1398164811,주식회사씨앤에이치테크,,,,,,0.0002,0.0001,0.0002,,,,0.0,0.0,0.0,0.0,0.0,-0.0001,0.0001,0.0,0.0,0.0,
1408114683,(주)제이티,,,,,,0.0014,0.0026,0.0361,0.1708,0.482,,0.0,0.0,0.0,0.0,0.0,0.0012,0.0335,0.1347,0.3112,0.0,
1408118049,(주)파낙스이엠,0.0001,,,,,,,,,,,0.0,0.0,0.0,0.0,0.0,0.0,0.0,0.0,0.0,0.0,
1408133787,주식회사최신EPPEPS,0.0071,0.0739,0.0415,0.1486,,,,,,,,0.0668,-0.0324,0.1071,0.0,0.0,0.0,0.0,0.0,0.0,0.0,
1408139535,주식회사길산업,0.0043,0.0017,0.0016,0.0043,0.0021,0.0227,0.0436,0.5153,,,,-0.0026,-0.0001,0.0027,-0.0022,0.0206,0.0209,0.4717,0.0,0.0,0.0,
1408173187,(주)티앤알바이오팹,,0.0074,0.365,0.466,,,,,,,,0.0,0.3576,0.101,0.0,0.0,0.0,0.0,0.0,0.0,0.0,
1408184651,주식회사한영,,,0.0011,0.0015,0.0014,0.0075,0.021,0.0095,0.0466,0.0026,,0.0,0.0,0.0004,-0.0001,0.0061,0.0135,-0.0115,0.0371,-0.044,0.0,
1418102652,엘엔케이인더스트리(주),0.7607,,,,,,,,,,,0.0,0.0,0.0,0.0,0.0,0.0,0.0,0.0,0.0,0.0,
1418104174,주식회사엠티어,0.0003,0.0004,0.0003,0.0005,0.0008,0.0117,0.209,0.144,,,,0.0001,-0.0001,0.0002,0.0003,0.0109,0.1973,-0.065,0.0,0.0,0.0,
1418110981,(주)재영,0.0005,0.0013,0.0011,0.0023,0.0042,0.6031,0.5666,,,,,0.0008,-0.0002,0.0012,0.0019,0.5989,-0.0365,0.0,0.0,0.0,0.0,
1418113372,대한티앤피,0.0032,0.0077,0.0268,0.1193,,,,,,,,0.0045,0.0191,0.0925,0.0,0.0,0.0,0.0,0.0,0.0,0.0,
1418119828,(주)아이엠씨티,0.0028,0.0022,,,,0.0005,0.0089,0.195,0.157,,,-0.0006,0.0,0.0,0.0,0.0,0.0084,0.1861,-0.038,0.0,0.0,
1418131496,테크노포러스코리아(주),,0.0015,0.0006,0.0024,0.0021,0.0043,,,,,,0.0,-0.0009,0.0018,-0.0003,0.0022,0.0,0.0,0.0,0.0,0.0,
1418132501,주식회사유성에스티,,0.0015,0.0163,0.0349,0.0067,0.0207,,,,,,0.0,0.0148,0.0186,-0.0282,0.014,0.0,0.0,0.0,0.0,0.0,
1428105332,주식회사우순켐,,,,,0.0007,0.0009,0.0125,,,,,0.0,0.0,0.0,0.0,0.0002,0.0116,0.0,0.0,0.0,0.0,
1428107500,주식회사누보,,,,0.0006,0.0065,0.0243,0.0065,0.0566,,,,0.0,0.0,0.0,0.0059,0.0178,-0.0178,0.0501,0.0,0.0,0.0,
1428111377,(주)코스비전,0.0011,0.0006,0.0009,0.0348,0.0203,0.5081,,,,,,-0.0005,0.0003,0.0339,-0.0145,0.4878,0.0,0.0,0.0,0.0,0.0,
1438101135,(주)동광엔비화성,,,,0.0009,0.0007,0.0017,0.0037,0.0702,0.4152,0.0105,,0.0,0.0,0.0,-0.0002,0.001,0.002,0.0665,0.345,-0.4047,0.0,
1438104791,주식회사이비아이,,,0.0015,0.0044,0.0075,0.0404,,,,,,0.0,0.0,0.0029,0.0031,0.0329,0.0,0.0,0.0,0.0,0.0,
1438106917,(주)아쿠아,,,,,,,0.0053,0.3816,0.0397,,,0.0,0.0,0.0,0.0,0.0,0.0,0.3763,-0.3419,0.0,0.0,
1438112796,주식회사제이에이폼,0.1086,0.0997,0.0579,0.0015,0.0158,0.0957,,,,,,-0.0089,-0.0418,-0.0564,0.0143,0.0799,0.0,0.0,0.0,0.0,0.0,
1438120113,주식회사다함씨에스,,,,,,,,0.0077,0.1507,0.2169,,0.0,0.0,0.0,0.0,0.0,0.0,0.0,0.143,0.0662,0.0,
1438127251,제이투에이치바이오텍(주),,,,,0.0087,0.1234,0.7936,,,,,0.0,0.0,0.0,0.0,0.1147,0.6702,0.0,0.0,0.0,0.0,
1468600504,주식회사에이에스피티,,,,0.0046,0.0122,0.8746,,,,,,0.0,0.0,0.0,0.0076,0.8624,0.0,0.0,0.0,0.0,0.0,
1498600589,(주)아이코맥스,,,,,,0.0007,0.013,0.1007,0.5265,,,0.0,0.0,0.0,0.0,0.0,0.0123,0.0877,0.4258,0.0,0.0,
1518100118,(주)대홍산업,,,,0.0007,0.0006,0.0009,0.0016,0.0251,0.5744,0.1605,,0.0,0.0,0.0,-0.0001,0.0003,0.0007,0.0235,0.5493,-0.4139,0.0,
1558100842,(주)그린켐,,,,,,,0.0006,0.0189,0.0926,0.099,,0.0,0.0,0.0,0.0,0.0,0.0,0.0183,0.0737,0.0064,0.0,
1568100239,주식회사에스겔코스메틱,,,,,,0.0008,0.0118,0.0069,0.0008,,,0.0,0.0,0.0,0.0,0.0,0.011,-0.0049,-0.0061,0.0,0.0,
1688800473,주식회사로우카본,,,,,,,0.0084,0.0725,0.532,,,0.0,0.0,0.0,0.0,0.0,0.0,0.0641,0.4595,0.0,0.0,
1748100412,(주)보광팩,,,,0.0014,0.0122,0.0013,,,,,,0.0,0.0,0.0,0.0108,-0.0109,0.0,0.0,0.0,0.0,0.0,
1788701297,울산피피주식회사,,,,,0.0015,0.032,0.0447,0.4513,,,,0.0,0.0,0.0,0.0,0.0305,0.0127,0.4066,0.0,0.0,0.0,
1808600635,주식회사비씨월드헬스케어,,,,,,0.0145,0.0606,0.9002,,,,0.0,0.0,0.0,0.0,0.0,0.0461,0.8396,0.0,0.0,0.0,
1888700392,썬케미칼코리아(주),,,,0.0036,0.0034,0.0191,0.0557,0.262,,,,0.0,0.0,0.0,-0.0002,0.0157,0.0366,0.2063,0.0,0.0,0.0,
1958800664,(주)지투지바이오,,,,,,,,0.0208,0.4201,0.6165,,0.0,0.0,0.0,0.0,0.0,0.0,0.0,0.3993,0.1964,0.0,
1988100081,(주)그린피앤엘,,,,0.0009,0.0022,0.0019,,,,,,0.0,0.0,0.0,0.0013,-0.0003,0.0,0.0,0.0,0.0,0.0,
2017406326,코오롱티슈진(주),,,0.0028,0.1221,0.1821,0.4921,,,,,,0.0,0.0,0.1193,0.06,0.31,0.0,0.0,0.0,0.0,0.0,
2018614775,(주)신안합성,,0.0114,0.1103,0.2849,0.8599,,,,,,,0.0,0.0989,0.1746,0.575,0.0,0.0,0.0,0.0,0.0,0.0,
2028116577,한화솔루션(주),0.4771,,,,,,,,,,,0.0,0.0,0.0,0.0,0.0,0.0,0.0,0.0,0.0,0.0,
2038143612,대한화섬(주),0.2272,,,,,,,,,,,0.0,0.0,0.0,0.0,0.0,0.0,0.0,0.0,0.0,0.0,
2048125844,장일산업주식회사,,,,,,,0.0024,0.1172,0.2287,0.0411,,0.0,0.0,0.0,0.0,0.0,0.0,0.1148,0.1115,-0.1876,0.0,
2048639682,바이오제닉스코리아(주),,,0.0044,,,0.157,0.8799,,,,,0.0,0.0,0.0,0.0,0.0,0.7229,0.0,0.0,0.0,0.0,
2058125736,동인텍스켐(주),0.0001,0.0003,0.0002,0.0002,0.0042,,,,,,,0.0002,-0.0001,0.0,0.004,0.0,0.0,0.0,0.0,0.0,0.0,
2058140116,한국코러스주식회사,0.1468,0.0133,0.007,0.0587,0.0208,0.5811,,,,,,-0.1335,-0.0063,0.0517,-0.0379,0.5603,0.0,0.0,0.0,0.0,0.0,
2068129701,(주)우성테크,0.0494,,,,,,,,,,,0.0,0.0,0.0,0.0,0.0,0.0,0.0,0.0,0.0,0.0,
2068166254,(주)엔케이젠바이오텍코리아,0.1867,0.7878,,,,,,,,,,0.6011,0.0,0.0,0.0,0.0,0.0,0.0,0.0,0.0,0.0,
2068632439,(주)씨엠에스랩,0.5282,0.4443,,,,,,,,,,-0.0839,0.0,0.0,0.0,0.0,0.0,0.0,0.0,0.0,0.0,
2068657589,(주)젠큐릭스,0.134,0.3138,0.5722,,,,,,,,,0.1798,0.2584,0.0,0.0,0.0,0.0,0.0,0.0,0.0,0.0,
2068665605,(주)엠에스코,,,,0.0031,0.0574,0.9151,,,,,,0.0,0.0,0.0,0.0543,0.8577,0.0,0.0,0.0,0.0,0.0,
2078100309,국제약품(주),0.2116,,,,,,,,,,,0.0,0.0,0.0,0.0,0.0,0.0,0.0,0.0,0.0,0.0,
2078157379,코스모에코켐주식회사,,,,0.0049,0.0234,0.7339,,,,,,0.0,0.0,0.0,0.0185,0.7105,0.0,0.0,0.0,0.0,0.0,
2088108959,삼남석유화학주식회사,0.5812,,,,,,,,,,,0.0,0.0,0.0,0.0,0.0,0.0,0.0,0.0,0.0,0.0,
2088113883,경동흥업주식회사,0.1516,0.1216,0.04,0.0656,0.982,,,,,,,-0.03,-0.0816,0.0256,0.9164,0.0,0.0,0.0,0.0,0.0,0.0,
2088125074,(주)국전약품,0.0045,0.0034,0.0024,0.0009,0.0024,0.0005,,,,,,-0.0011,-0.001,-0.0015,0.0015,-0.0019,0.0,0.0,0.0,0.0,0.0,
2098126571,(주)킵스바이오파마,0.0122,0.0725,0.0083,0.0002,0.0009,0.0101,0.2626,0.6065,,,,0.0603,-0.0642,-0.0081,0.0007,0.0092,0.2525,0.3439,0.0,0.0,0.0,
2108168396,(주)지엠홀딩스,,0.0025,0.0002,0.0305,0.1284,,,,,,,0.0,-0.0023,0.0303,0.0979,0.0,0.0,0.0,0.0,0.0,0.0,
2118125288,동성제약(주),0.4207,0.5876,,,,,,,,,,0.1669,0.0,0.0,0.0,0.0,0.0,0.0,0.0,0.0,0.0,
2118170236,한국로드(주),,,,0.0007,0.0005,0.0004,,,,,,0.0,0.0,0.0,-0.0002,-0.0001,0.0,0.0,0.0,0.0,0.0,
2118616047,(주)새턴바스,0.005,0.0031,0.0011,0.0021,0.0011,0.0071,0.0752,0.3463,0.1126,,,-0.0019,-0.002,0.001,-0.001,0.006,0.0681,0.2711,-0.2337,0.0,0.0,
2118627452,코스맥스네오(주),0.0068,0.1489,0.1489,0.6413,,,,,,,,0.1421,0.0,0.4924,0.0,0.0,0.0,0.0,0.0,0.0,0.0,
2118661218,메디포스트(주),0.2735,,,,,,,,,,,0.0,0.0,0.0,0.0,0.0,0.0,0.0,0.0,0.0,0.0,
2118704683,(주)코스엠앤엠,0.0592,0.9187,,,,,,,,,,0.8595,0.0,0.0,0.0,0.0,0.0,0.0,0.0,0.0,0.0,
2118716248,(주)지에프씨생명과학,,,0.0015,0.0271,0.3219,0.4878,,,,,,0.0,0.0,0.0256,0.2948,0.1659,0.0,0.0,0.0,0.0,0.0,
2118756314,(주)에스바이오메딕스,,,0.0103,0.3476,0.8006,,,,,,,0.0,0.0,0.3373,0.453,0.0,0.0,0.0,0.0,0.0,0.0,
2118818506,(주)에스디생명공학,,0.0006,0.0001,0.0002,0.0011,0.0206,0.1022,0.2789,,,,0.0,-0.0005,0.0001,0.0009,0.0195,0.0816,0.1767,0.0,0.0,0.0,
2118837008,제이씨코리아(주),0.0383,0.2665,0.5377,,,,,,,,,0.2282,0.2712,0.0,0.0,0.0,0.0,0.0,0.0,0.0,0.0,
2118840314,(주)유바이오로직스,0.8083,,,,,,,,,,,0.0,0.0,0.0,0.0,0.0,0.0,0.0,0.0,0.0,0.0,
2118866798,(주)초초스팩토리,,0.0103,0.4563,0.7136,,,,,,,,0.0,0.446,0.2573,0.0,0.0,0.0,0.0,0.0,0.0,0.0,
2138632344,선바이오(주),0.0013,0.1129,0.0488,0.6257,,,,,,,,0.1116,-0.0641,0.5769,0.0,0.0,0.0,0.0,0.0,0.0,0.0,
2148110673,진양제약(주),0.0003,0.0062,0.1271,0.8618,,,,,,,,0.0059,0.1209,0.7347,0.0,0.0,0.0,0.0,0.0,0.0,0.0,
2148117720,삼양화학공업(주),0.016,0.0764,0.0093,0.0415,0.2117,0.3989,,,,,,0.0604,-0.0671,0.0322,0.1702,0.1872,0.0,0.0,0.0,0.0,0.0,
2148126646,한일도요(주),0.0774,0.0155,0.0007,0.0012,0.0162,0.0349,0.0042,0.0309,0.132,0.1874,,-0.0619,-0.0148,0.0005,0.015,0.0187,-0.0307,0.0267,0.1011,0.0554,0.0,
2148163210,(주)대주씨에스,,,0.003,0.0024,0.01,0.0283,0.0585,0.7161,,,,0.0,0.0,-0.0006,0.0076,0.0183,0.0302,0.6576,0.0,0.0,0.0,
2148602130,솔베이실리카코리아주식회사,0.0004,0.0066,0.0365,0.101,0.9797,,,,,,,0.0062,0.0299,0.0645,0.8787,0.0,0.0,0.0,0.0,0.0,0.0,
2148670133,(주)씨앤에이인더스트리,0.0961,0.5229,,,,,,,,,,0.4268,0.0,0.0,0.0,0.0,0.0,0.0,0.0,0.0,0.0,
2148701875,주식회사비보존제약,0.0751,0.0072,0.0054,0.0082,0.0046,0.0053,0.0377,0.1395,,,,-0.0679,-0.0018,0.0028,-0.0036,0.0007,0.0324,0.1018,0.0,0.0,0.0,
2148709111,(주)투에이취켐,,0.0037,0.0009,0.0014,0.0041,0.0005,0.0007,0.0071,0.1902,0.0115,,0.0,-0.0028,0.0005,0.0027,-0.0036,0.0002,0.0064,0.1831,-0.1787,0.0,
2148714991,에스케이머티리얼즈리뉴텍주식회사,0.0005,0.0002,0.0002,0.003,0.0038,0.0003,0.0001,0.0006,0.0002,,,-0.0003,0.0,0.0028,0.0008,-0.0035,-0.0002,0.0005,-0.0004,0.0,0.0,
2148717187,미래나노텍(주),0.332,0.5869,,,,,,,,,,0.2549,0.0,0.0,0.0,0.0,0.0,0.0,0.0,0.0,0.0,
2148718925,(주)피플바이오,0.0052,0.0693,,0.1351,0.0231,0.2985,0.3236,0.616,,,,0.0641,0.0,0.0,-0.112,0.2754,0.0251,0.2924,0.0,0.0,0.0,
2148742804,애강(주),,0.0251,0.0077,0.0113,0.0043,0.0239,,,,,,0.0,-0.0174,0.0036,-0.007,0.0196,0.0,0.0,0.0,0.0,0.0,
2148835294,(주)고려창호,,,0.0018,0.0013,0.0079,0.0078,,,,,,0.0,0.0,-0.0005,0.0066,-0.0001,0.0,0.0,0.0,0.0,0.0,
2148847878,(주)비앤에이치코스메틱,,,,,,0.0005,0.0002,0.0041,0.1167,0.0629,,0.0,0.0,0.0,0.0,0.0,-0.0003,0.0039,0.1126,-0.0538,0.0,
2148863223,(주)셀비온,,,,0.0056,0.0878,0.6874,,,,,,0.0,0.0,0.0,0.0822,0.5996,0.0,0.0,0.0,0.0,0.0,
2148864601,(주)리독스바이오,0.0146,0.0631,0.0032,0.004,0.0032,0.0061,0.1792,0.4557,,,,0.0485,-0.0599,0.0008,-0.0008,0.0029,0.1731,0.2765,0.0,0.0,0.0,
2158151094,(주)씨티씨바이오,0.0374,0.0134,0.0572,0.1635,0.6396,,,,,,,-0.024,0.0438,0.1063,0.4761,0.0,0.0,0.0,0.0,0.0,0.0,
2158173690,(주)카노,0.0395,0.0051,0.0007,0.0001,0.0054,0.016,0.0046,0.0239,,,,-0.0344,-0.0044,-0.0006,0.0053,0.0106,-0.0114,0.0193,0.0,0.0,0.0,
2158174461,이넬화장품주식회사,0.0467,0.1417,0.0004,0.0282,0.325,0.513,,,,,,0.095,-0.1413,0.0278,0.2968,0.188,0.0,0.0,0.0,0.0,0.0,
2158185309,(주)에버텍엔터프라이즈,0.0007,0.0003,0.0003,0.0007,0.0023,0.0005,0.0007,0.0004,0.0113,,,-0.0004,0.0,0.0004,0.0016,-0.0018,0.0002,-0.0003,0.0109,0.0,0.0,
2158190549,(주)에스앤지바이오텍,,,0.0041,0.0484,0.3293,0.4279,,,,,,0.0,0.0,0.0443,0.2809,0.0986,0.0,0.0,0.0,0.0,0.0,
2158193416,(주)애드바이오텍,0.4328,,,0.0213,0.0114,0.0563,0.2529,,,,,0.0,0.0,0.0,-0.0099,0.0449,0.1966,0.0,0.0,0.0,0.0,
2158640307,엔비케이제약주식회사,,,,0.5528,,,,,,,,0.0,0.0,0.0,0.0,0.0,0.0,0.0,0.0,0.0,0.0,
2158644206,(주)수양켐텍,0.3598,,,,,,,,,,,0.0,0.0,0.0,0.0,0.0,0.0,0.0,0.0,0.0,0.0,
2158653267,에스엠생명과학주식회사,,0.0053,0.0006,0.0012,0.0326,,,,,,,0.0,-0.0047,0.0006,0.0314,0.0,0.0,0.0,0.0,0.0,0.0,
2158685075,(주)코스메랩,,,0.0058,0.0222,0.0022,0.0224,0.0307,,,,,0.0,0.0,0.0164,-0.02,0.0202,0.0083,0.0,0.0,0.0,0.0,
2158718705,(주)에이텍정밀화학,0.0389,0.0129,0.0587,0.1345,0.0081,0.0088,,,,,,-0.026,0.0458,0.0758,-0.1264,0.0007,0.0,0.0,0.0,0.0,0.0,
2158726393,(주)유비라이트,,,,,,,,0.0207,0.1976,0.0402,,0.0,0.0,0.0,0.0,0.0,0.0,0.0,0.1769,-0.1574,0.0,
2158763670,주식회사피치,0.0051,0.2401,,,,,,,,,,0.235,0.0,0.0,0.0,0.0,0.0,0.0,0.0,0.0,0.0,
2198100146,(주)에이프로젠,0.0077,0.0178,0.0035,0.0141,0.2715,0.1567,0.3105,,,,,0.0101,-0.0143,0.0106,0.2574,-0.1148,0.1538,0.0,0.0,0.0,0.0,
2198120991,주식회사금비비앤피,0.0016,0.0008,0.0009,0.0036,0.0075,0.007,0.0005,0.0187,,,,-0.0008,0.0001,0.0027,0.0039,-0.0005,-0.0065,0.0182,0.0,0.0,0.0,
2198127183,에스제이월드주식회사,,0.0008,0.0002,0.0002,0.0006,0.0004,0.1043,,,,,0.0,-0.0006,0.0,0.0004,-0.0002,0.1039,0.0,0.0,0.0,0.0,
2208105379,(주)한송인더스트리,,,,,,,0.0057,0.0758,0.0705,,,0.0,0.0,0.0,0.0,0.0,0.0,0.0701,-0.0053,0.0,0.0,
2208117915,오비트,0.0002,0.0006,0.0011,0.0048,0.0057,0.0004,,,,,,0.0004,0.0005,0.0037,0.0009,-0.0053,0.0,0.0,0.0,0.0,0.0,
2208122359,(주)알피스페이스,0.0037,0.0004,0.0013,0.0099,0.2101,0.0309,0.1203,0.3695,0.0261,0.3769,,-0.0033,0.0009,0.0086,0.2002,-0.1792,0.0894,0.2492,-0.3434,0.3508,0.0,
2208132430,(주)휴먼텍,0.0005,0.0009,0.0009,0.0018,0.0434,0.0918,0.377,,,,,0.0004,0.0,0.0009,0.0416,0.0484,0.2852,0.0,0.0,0.0,0.0,
2208140376,(주)하원정밀화학,0.0133,0.081,0.2513,0.0383,0.0046,0.0842,,,,,,0.0677,0.1703,-0.213,-0.0337,0.0796,0.0,0.0,0.0,0.0,0.0,
2208142582,코캣,0.0111,0.0511,0.6183,,,,,,,,,0.04,0.5672,0.0,0.0,0.0,0.0,0.0,0.0,0.0,0.0,
2208169427,(주)모두화학,,,,0.0023,0.0058,0.0133,,,,,,0.0,0.0,0.0,0.0035,0.0075,0.0,0.0,0.0,0.0,0.0,
2208191399,(주)엑시아머티리얼스,0.0448,0.0074,0.0049,0.0102,0.0099,0.1795,,,,,,-0.0374,-0.0025,0.0053,-0.0003,0.1696,0.0,0.0,0.0,0.0,0.0,
2208602474,(주)아우딘퓨쳐스,,0.0017,0.0002,0.0071,0.0015,0.0143,0.2856,0.4017,,,,0.0,-0.0015,0.0069,-0.0056,0.0128,0.2713,0.1161,0.0,0.0,0.0,
2208641593,(주)천경비스타,0.0057,0.0094,0.0073,0.0035,0.0021,0.0092,0.0219,0.0168,,,,0.0037,-0.0021,-0.0038,-0.0014,0.0071,0.0127,-0.0051,0.0,0.0,0.0,
2208643932,(주)아이피어리스,0.0495,0.0478,0.0645,0.2551,,,,,,,,-0.0017,0.0167,0.1906,0.0,0.0,0.0,0.0,0.0,0.0,0.0,
2208734406,한국소화화학품주식회사,0.0004,0.0005,0.0005,0.0008,0.002,0.0013,0.0006,0.0014,0.0011,,,0.0001,0.0,0.0003,0.0012,-0.0007,-0.0007,0.0008,-0.0003,0.0,0.0,
2208777410,(주)네이처리퍼블릭,0.0007,0.0003,0.0169,0.0515,0.2615,,,,,,,-0.0004,0.0166,0.0346,0.21,0.0,0.0,0.0,0.0,0.0,0.0,
2208784755,삼성메디코스주식회사,,0.0052,0.0657,0.7127,,,,,,,,0.0,0.0605,0.647,0.0,0.0,0.0,0.0,0.0,0.0,0.0,
2208872353,주식회사프로톡스,,,,0.0062,0.0764,0.6212,,,,,,0.0,0.0,0.0,0.0702,0.5448,0.0,0.0,0.0,0.0,0.0,
2208898130,(주)퓨젠바이오,,,,0.009,0.0813,0.6869,,,,,,0.0,0.0,0.0,0.0723,0.6056,0.0,0.0,0.0,0.0,0.0,
2218100310,한국라텍스공업(주),0.5546,0.1959,0.3731,,,,,,,,,-0.3587,0.1772,0.0,0.0,0.0,0.0,0.0,0.0,0.0,0.0,
2218113703,바디텍메드(주),0.0001,,,,,,,,,,,0.0,0.0,0.0,0.0,0.0,0.0,0.0,0.0,0.0,0.0,
2218116466,(주)이뮨메드,0.0065,0.4151,0.4781,,,,,,,,,0.4086,0.063,0.0,0.0,0.0,0.0,0.0,0.0,0.0,0.0,
2248100911,우진기업(주),,,,,,,,0.0019,0.0211,0.3502,,0.0,0.0,0.0,0.0,0.0,0.0,0.0,0.0192,0.3291,0.0,
2248101297,유성씨앤에프(주),0.0002,0.0003,0.0002,0.0003,0.0012,0.0001,0.0001,0.0311,0.2082,0.4256,,0.0001,-0.0001,0.0001,0.0009,-0.0011,0.0,0.031,0.1771,0.2174,0.0,
2248104616,(주)뉴보텍,0.0582,0.001,0.0006,0.0339,0.1924,0.0005,0.0291,0.7353,0.3713,,,-0.0572,-0.0004,0.0333,0.1585,-0.1919,0.0286,0.7062,-0.364,0.0,0.0,
2248132091,주식회사퓨어라인,0.0001,0.0001,0.0001,0.0002,0.0003,0.0001,,,,,,0.0,0.0,0.0001,0.0001,-0.0002,0.0,0.0,0.0,0.0,0.0,
2248149670,에스엔폴주식회사,0.3048,,,,,,,,,,,0.0,0.0,0.0,0.0,0.0,0.0,0.0,0.0,0.0,0.0,
2248154571,주식회사오스코리아제약,0.0516,0.2808,,,,,,,,,,0.2292,0.0,0.0,0.0,0.0,0.0,0.0,0.0,0.0,0.0,
2268148658,농업회사법인(주)오농바이오,,,,,0.0032,0.0067,,0.0198,0.3913,0.3362,,0.0,0.0,0.0,0.0,0.0035,0.0,0.0,0.3715,-0.0551,0.0,
2268152356,(주)카리스,,,,,,0.0048,0.0396,0.6929,,,,0.0,0.0,0.0,0.0,0.0,0.0348,0.6533,0.0,0.0,0.0,
2268152467,주식회사코스아티끄,,,,0.0135,0.0121,0.1619,0.0641,,,,,0.0,0.0,0.0,-0.0014,0.1498,-0.0978,0.0,0.0,0.0,0.0,
2278107553,(주)스피어테크,0.6535,0.3481,,,,,,,,,,-0.3054,0.0,0.0,0.0,0.0,0.0,0.0,0.0,0.0,0.0,
2298114647,(주)우정비에스씨,0.0011,0.0004,0.001,,,,,,,,,-0.0007,0.0006,0.0,0.0,0.0,0.0,0.0,0.0,0.0,0.0,
2298114690,일동홀딩스(주),0.0019,0.0011,0.0869,0.5031,0.7192,,,,,,,-0.0008,0.0858,0.4162,0.2161,0.0,0.0,0.0,0.0,0.0,0.0,
2298129359,(주)솔레오코스메틱,,,0.0012,0.0062,0.0011,0.0008,0.0004,0.2007,0.7453,0.5745,,0.0,0.0,0.005,-0.0051,-0.0003,-0.0004,0.2003,0.5446,-0.1708,0.0,
2298138858,위더스케미칼(주),0.0021,0.0025,0.0014,0.0159,0.0008,0.0013,0.0008,0.0962,0.3639,0.15,,0.0004,-0.0011,0.0145,-0.0151,0.0005,-0.0005,0.0954,0.2677,-0.2139,0.0,
2318800413,(주)조앤선즈,,,,0.0104,0.2356,0.0929,0.0398,0.2121,0.1361,0.3587,,0.0,0.0,0.0,0.2252,-0.1427,-0.0531,0.1723,-0.076,0.2226,0.0,
2348100766,주식회사바람인터내셔날,,,,,,,0.0021,0.0524,0.1503,,,0.0,0.0,0.0,0.0,0.0,0.0,0.0503,0.0979,0.0,0.0,
2388700697,(주)한국이엔이,,,,,,,,0.0099,0.0055,0.1186,,0.0,0.0,0.0,0.0,0.0,0.0,0.0,-0.0044,0.1131,0.0,
2408100500,제이디에스주식회사,,,,,,,,0.01,0.5173,0.168,,0.0,0.0,0.0,0.0,0.0,0.0,0.0,0.5073,-0.3493,0.0,
2508600216,코스모폴주식회사,,,,0.0092,0.0685,0.2998,,,,,,0.0,0.0,0.0,0.0593,0.2313,0.0,0.0,0.0,0.0,0.0,
2538700041,주식회사팍스젠바이오,,,,0.0153,0.1555,0.4128,,,,,,0.0,0.0,0.0,0.1402,0.2573,0.0,0.0,0.0,0.0,0.0,
2548800959,(주)동양종합물류시스템,,,,,,0.0034,0.027,0.063,0.2887,,,0.0,0.0,0.0,0.0,0.0,0.0236,0.036,0.2257,0.0,0.0,
2618119006,(주)휴메이저,,,,0.0052,0.0182,0.6842,,,,,,0.0,0.0,0.0,0.013,0.666,0.0,0.0,0.0,0.0,0.0,
2618125018,주식회사알에프스탠다드,,,,0.0013,0.0025,0.1951,0.1809,0.5824,,,,0.0,0.0,0.0,0.0012,0.1926,-0.0142,0.4015,0.0,0.0,0.0,
2648144052,제일에스에프주식회사,0.0004,0.0003,0.0002,0.0001,0.0009,0.0004,0.1017,,,,,-0.0001,-0.0001,-0.0001,0.0008,-0.0005,0.1013,0.0,0.0,0.0,0.0,
2728100977,(주)한백재생산업,,,,,,0.0039,0.0008,,0.0064,0.04,,0.0,0.0,0.0,0.0,0.0,-0.0031,0.0,0.0,0.0336,0.0,
2748100240,주식회사주빅,,,,,0.0016,0.1544,0.5196,,,,,0.0,0.0,0.0,0.0,0.1528,0.3652,0.0,0.0,0.0,0.0,
2818801493,주식회사씨티씨백,,,,,,0.0136,,0.4246,0.6991,,,0.0,0.0,0.0,0.0,0.0,0.0,0.0,0.2745,0.0,0.0,
2978100049,에프알코리아주식회사,,,0.0022,0.003,0.0136,0.0044,,,,,,0.0,0.0,0.0008,0.0106,-0.0092,0.0,0.0,0.0,0.0,0.0,
3018118789,주식회사디아이디,0.5699,,,,,,,,,,,0.0,0.0,0.0,0.0,0.0,0.0,0.0,0.0,0.0,0.0,
3018140485,(주)행성화학,0.0002,0.0004,0.0002,0.0003,0.0244,0.1996,0.4192,,,,,0.0002,-0.0002,0.0001,0.0241,0.1752,0.2196,0.0,0.0,0.0,0.0,
3018154640,주식회사파이온텍,0.0386,0.1316,0.001,0.0032,0.0038,0.0327,0.1059,0.7118,,,,0.093,-0.1306,0.0022,0.0006,0.0289,0.0732,0.6059,0.0,0.0,0.0,
3018160351,제니코스주식회사,0.0009,0.0021,0.0213,0.002,0.0091,0.0008,0.042,0.2394,0.3458,,,0.0012,0.0192,-0.0193,0.0071,-0.0083,0.0412,0.1974,0.1064,0.0,0.0,
3018169478,(주)아이앤에스,0.0062,0.0044,0.0051,0.0163,0.0021,0.0942,0.2665,0.3127,,,,-0.0018,0.0007,0.0112,-0.0142,0.0921,0.1723,0.0462,0.0,0.0,0.0,
3018173201,코아스템켐온(주),0.5638,0.0029,0.0158,0.1135,0.1574,0.1198,,,,,,-0.5609,0.0129,0.0977,0.0439,-0.0376,0.0,0.0,0.0,0.0,0.0,
3018186161,더블유스코프코리아(주),0.0003,0.0005,0.0003,0.0005,0.0043,0.2255,0.9061,,,,,0.0002,-0.0002,0.0002,0.0038,0.2212,0.6806,0.0,0.0,0.0,0.0,
3018624103,주식회사새솔,0.0027,0.0103,0.0179,0.021,0.0048,0.3086,,,,,,0.0076,0.0076,0.0031,-0.0162,0.3038,0.0,0.0,0.0,0.0,0.0,
3018625951,애트폴리주식회사,0.0065,0.3025,0.7355,,,,,,,,,0.296,0.433,0.0,0.0,0.0,0.0,0.0,0.0,0.0,0.0,
3018630319,페스웰주식회사,,0.0103,0.0567,0.6777,,,,,,,,0.0,0.0464,0.621,0.0,0.0,0.0,0.0,0.0,0.0,0.0,
3018700296,(주)메디쿼터스,,,,,,,0.0019,0.0932,0.2174,,,0.0,0.0,0.0,0.0,0.0,0.0,0.0913,0.1242,0.0,0.0,
3028103881,(주)자강,0.0156,0.0038,0.0069,0.0138,0.0495,,,,,,,-0.0118,0.0031,0.0069,0.0357,0.0,0.0,0.0,0.0,0.0,0.0,
3028124794,퓨어만주식회사,,,,,0.0016,0.0284,0.2356,0.5867,,,,0.0,0.0,0.0,0.0,0.0268,0.2072,0.3511,0.0,0.0,0.0,
3038103069,주식회사풍림피앤피지주,0.0002,0.0004,0.0003,0.0003,,,,,,,,0.0002,-0.0001,0.0,0.0,0.0,0.0,0.0,0.0,0.0,0.0,
3038103211,주식회사대촌,0.0181,0.0146,0.0339,0.0059,0.0264,,,,,,,-0.0035,0.0193,-0.028,0.0205,0.0,0.0,0.0,0.0,0.0,0.0,
3038104258,플라맥스(주),0.0009,,,,,,,,,0.041,,0.0,0.0,0.0,0.0,0.0,0.0,0.0,0.0,0.0,0.0,
3038106936,송강산업주식회사,0.0011,0.0008,0.0003,0.0006,0.0035,0.3992,0.9155,,,,,-0.0003,-0.0005,0.0003,0.0029,0.3957,0.5163,0.0,0.0,0.0,0.0,
3038120127,(주)하이텍팜,0.0001,0.0002,0.0002,0.0006,0.0035,0.0263,0.3076,0.3358,,,,0.0001,0.0,0.0004,0.0029,0.0228,0.2813,0.0282,0.0,0.0,0.0,
3038123672,가미소재(주),,,,0.0109,0.0086,0.1638,,,,,,0.0,0.0,0.0,-0.0023,0.1552,0.0,0.0,0.0,0.0,0.0,
3038123842,(주)카본텍,,,0.0037,0.0157,0.0561,0.0404,0.1653,0.167,,,,0.0,0.0,0.012,0.0404,-0.0157,0.1249,0.0017,0.0,0.0,0.0,
3038132055,(주)윈텍,0.0013,0.0086,0.0021,,,,,,,,,0.0073,-0.0065,0.0,0.0,0.0,0.0,0.0,0.0,0.0,0.0,
3038135203,한국특수소재주식회사,0.0002,0.0002,0.0002,0.0002,0.0002,,,,,,,0.0,0.0,0.0,0.0,0.0,0.0,0.0,0.0,0.0,0.0,
3038137725,(주)세림비앤지,,0.0016,0.0012,0.0007,0.0009,0.0006,0.0004,,,,,0.0,-0.0004,-0.0005,0.0002,-0.0003,-0.0002,0.0,0.0,0.0,0.0,
3038138234,(주)파운텍,0.0394,0.0511,0.0255,0.0234,,,,,,,,0.0117,-0.0256,-0.0021,0.0,0.0,0.0,0.0,0.0,0.0,0.0,
3038140875,(주)플라벡스,0.0373,0.0028,0.0008,0.0021,0.0007,0.0014,0.0003,0.037,0.2848,0.4357,,-0.0345,-0.002,0.0013,-0.0014,0.0007,-0.0011,0.0367,0.2478,0.1509,0.0,
3038149084,신진에스티피주식회사,0.361,0.5602,,,,,,,,,,0.1992,0.0,0.0,0.0,0.0,0.0,0.0,0.0,0.0,0.0,
3038149503,(주)지엠씨,0.0048,0.0082,0.0064,0.0349,0.0677,0.8816,,,,,,0.0034,-0.0018,0.0285,0.0328,0.8139,0.0,0.0,0.0,0.0,0.0,
3038149667,이피캠텍(주),,,,0.0031,0.0238,0.0071,0.0676,0.0913,0.7177,,,0.0,0.0,0.0,0.0207,-0.0167,0.0605,0.0237,0.6264,0.0,0.0,
3038152667,승진주식회사,,,0.0039,0.0019,0.0266,0.0012,0.0003,0.0148,0.0176,0.2795,,0.0,0.0,-0.002,0.0247,-0.0254,-0.0009,0.0145,0.0028,0.2619,0.0,
3038159898,주식회사연정,,,,,0.0005,0.0448,0.0243,0.4428,,,,0.0,0.0,0.0,0.0,0.0443,-0.0205,0.4185,0.0,0.0,0.0,
3038162715,주식회사에이엠피,0.6828,,,,,,,,,,,0.0,0.0,0.0,0.0,0.0,0.0,0.0,0.0,0.0,0.0,
3038170710,주식회사새롬,,,,,,,,0.0124,0.0044,0.3195,,0.0,0.0,0.0,0.0,0.0,0.0,0.0,-0.008,0.3151,0.0,
3038172377,선일케미칼(주),0.0019,0.0009,0.0014,0.0015,0.049,0.155,0.7241,,,,,-0.001,0.0005,0.0001,0.0475,0.106,0.5691,0.0,0.0,0.0,0.0,
3038177538,태남메디코스주식회사,,0.0038,0.0024,0.0196,0.5957,0.673,,,,,,0.0,-0.0014,0.0172,0.5761,0.0773,0.0,0.0,0.0,0.0,0.0,
3048125799,(주)엔켐,0.1467,0.0078,0.0011,0.0015,0.0063,0.0198,0.0034,0.0207,0.0139,0.0467,,-0.1389,-0.0067,0.0004,0.0048,0.0135,-0.0164,0.0173,-0.0068,0.0328,0.0,
3058166639,두리화장품(주),0.0073,0.0213,0.0453,0.0918,0.9664,,,,,,,0.014,0.024,0.0465,0.8746,0.0,0.0,0.0,0.0,0.0,0.0,
3068103641,(주)에이텍,0.0013,0.0026,0.0031,0.0015,0.0022,0.0486,0.1167,0.0555,0.5559,0.3057,,0.0013,0.0005,-0.0016,0.0007,0.0464,0.0681,-0.0612,0.5004,-0.2502,0.0,
3068103812,에이케이켐텍(주),0.0009,0.0224,0.0016,0.001,0.0048,0.0006,0.0008,,,,,0.0215,-0.0208,-0.0006,0.0038,-0.0042,0.0002,0.0,0.0,0.0,0.0,
3068107633,한중제약(주),0.0222,,,,,,,,,,,0.0,0.0,0.0,0.0,0.0,0.0,0.0,0.0,0.0,0.0,
3068129447,유피씨(주),0.0077,0.0023,0.0017,0.0561,0.0293,0.8689,,,,,,-0.0054,-0.0006,0.0544,-0.0268,0.8396,0.0,0.0,0.0,0.0,0.0,
3078105002,(주)에스에프씨,,,,,,,0.1708,0.2385,0.0491,,,0.0,0.0,0.0,0.0,0.0,0.0,0.0677,-0.1894,0.0,0.0,
3078106772,훽트주식회사,0.0005,0.0302,0.1285,0.0717,0.0715,0.011,0.0366,0.1328,,,,0.0297,0.0983,-0.0568,-0.0002,-0.0605,0.0256,0.0962,0.0,0.0,0.0,
3078111464,유피시스템주식회사,0.004,0.0023,0.0014,0.003,0.0085,0.0231,,,,,,-0.0017,-0.0009,0.0016,0.0055,0.0146,0.0,0.0,0.0,0.0,0.0,
3078115854,(주)케이엠에프,0.0115,0.03,0.0365,0.0376,,,,,,,,0.0185,0.0065,0.0011,0.0,0.0,0.0,0.0,0.0,0.0,0.0,
3078120911,(주)에스제이켐,,0.0078,0.2513,0.0064,,,,,,,,0.0,0.2435,-0.2449,0.0,0.0,0.0,0.0,0.0,0.0,0.0,
3078127914,(주)에프에이,,,0.0022,0.0306,0.0018,0.0065,0.0002,0.0002,,,,0.0,0.0,0.0284,-0.0288,0.0047,-0.0063,0.0,0.0,0.0,0.0,
3078134598,주식회사한밭비료,,,0.0022,0.0046,0.0016,0.0186,,,,,,0.0,0.0,0.0024,-0.003,0.017,0.0,0.0,0.0,0.0,0.0,
3078602219,케이셀바이오사이언스,,,,,,,,0.0082,0.1258,0.5261,,0.0,0.0,0.0,0.0,0.0,0.0,0.0,0.1176,0.4003,0.0,
3088104777,(주)에스엠테크텍스,0.0022,0.0014,0.0027,0.019,0.0526,,,,,,,-0.0008,0.0013,0.0163,0.0336,0.0,0.0,0.0,0.0,0.0,0.0,
3088111545,태성화학(주),0.0022,,,0.0023,0.0118,,,,,,,0.0,0.0,0.0,0.0095,0.0,0.0,0.0,0.0,0.0,0.0,
3118105466,에스비신일주식회사,,,,0.0023,0.0709,0.6705,,,,,,0.0,0.0,0.0,0.0686,0.5996,0.0,0.0,0.0,0.0,0.0,
3118110969,주식회사대하,0.0015,0.0015,0.0143,0.0887,0.6326,,,,,,,0.0,0.0128,0.0744,0.5439,0.0,0.0,0.0,0.0,0.0,0.0,
3128102332,제이더블유신약(주),0.4869,,,,,,,,,,,0.0,0.0,0.0,0.0,0.0,0.0,0.0,0.0,0.0,0.0,
3128105528,(주)제오빌더,0.0445,0.017,0.0095,0.0161,0.019,0.0516,0.2317,,,,,-0.0275,-0.0075,0.0066,0.0029,0.0326,0.1801,0.0,0.0,0.0,0.0,
3128106565,주식회사엠지에스,0.0035,,,,,,,,,,,0.0,0.0,0.0,0.0,0.0,0.0,0.0,0.0,0.0,0.0,
3128108016,오마샤리프화장품주식회사,0.0026,0.0359,0.0488,0.1025,0.0047,0.0473,0.1604,0.1554,,,,0.0333,0.0129,0.0537,-0.0978,0.0426,0.1131,-0.005,0.0,0.0,0.0,
3128112408,에스알테크노팩주식회사,0.0004,0.0009,0.0004,0.0003,0.0032,0.1015,0.667,,,,,0.0005,-0.0005,-0.0001,0.0029,0.0983,0.5655,0.0,0.0,0.0,0.0,
3128114667,세우실업(주),0.0002,0.0002,0.0002,0.0009,0.0011,0.0099,0.0325,0.0024,0.011,,,0.0,0.0,0.0007,0.0002,0.0088,0.0226,-0.0301,0.0086,0.0,0.0,
3128117820,한양소재주식회사,0.0009,0.0013,0.0005,0.0007,0.0069,0.0186,0.0515,0.3111,,,,0.0004,-0.0008,0.0002,0.0062,0.0117,0.0329,0.2596,0.0,0.0,0.0,
3128119153,(주)골든포우,0.0017,0.0015,0.021,0.0008,0.0025,0.0033,0.0127,0.0212,0.1234,0.0433,,-0.0002,0.0195,-0.0202,0.0017,0.0008,0.0094,0.0085,0.1022,-0.0801,0.0,
3128120024,주식회사일신,0.004,,,,,,,,,,,0.0,0.0,0.0,0.0,0.0,0.0,0.0,0.0,0.0,0.0,
3128137485,(주)무진오토,0.1397,,,,,,,,,,,0.0,0.0,0.0,0.0,0.0,0.0,0.0,0.0,0.0,0.0,
3128147611,(주)부원,0.6538,,,,,,,,,,,0.0,0.0,0.0,0.0,0.0,0.0,0.0,0.0,0.0,0.0,
3128150718,중부에스켐(주),0.003,0.0022,0.0005,0.0008,0.0155,0.0463,0.0218,0.0444,0.1094,0.0837,,-0.0008,-0.0017,0.0003,0.0147,0.0308,-0.0245,0.0226,0.065,-0.0257,0.0,
3128188344,(주)이솔루션,0.0026,0.0051,0.0082,0.0166,0.0042,0.0112,0.0567,0.0329,0.1411,,,0.0025,0.0031,0.0084,-0.0124,0.007,0.0455,-0.0238,0.1082,0.0,0.0,
3128198032,(주)엠에스머트리얼즈,,0.0047,0.0484,0.1288,0.7761,,,,,,,0.0,0.0437,0.0804,0.6473,0.0,0.0,0.0,0.0,0.0,0.0,
3128604994,주식회사한국에프아이,,0.0246,0.3076,0.9278,,,,,,,,0.0,0.283,0.6202,0.0,0.0,0.0,0.0,0.0,0.0,0.0,
3128607064,주식회사피스코팩,0.001,0.0028,0.002,0.002,0.005,0.0684,0.1712,,,,,0.0018,-0.0008,0.0,0.003,0.0634,0.1028,0.0,0.0,0.0,0.0,
3128614304,주식회사뉴앤뉴,0.0004,0.0006,0.0153,0.3025,0.5078,,,,,,,0.0002,0.0147,0.2872,0.2053,0.0,0.0,0.0,0.0,0.0,0.0,
3128615735,주식회사지팜,0.0038,0.0272,0.0099,0.0029,0.0083,0.004,0.0005,,,,,0.0234,-0.0173,-0.007,0.0054,-0.0043,-0.0035,0.0,0.0,0.0,0.0,
3128616689,주식회사팸테크놀로지,0.6458,,,,,,,,,,,0.0,0.0,0.0,0.0,0.0,0.0,0.0,0.0,0.0,0.0,
3128617465,주식회사켐코,0.3477,0.3957,0.5366,,,,,,,,,0.048,0.1409,0.0,0.0,0.0,0.0,0.0,0.0,0.0,0.0,
3128619497,(주)일웅테크론,,,,0.0036,0.0066,0.0256,,,,,,0.0,0.0,0.0,0.003,0.019,0.0,0.0,0.0,0.0,0.0,
3128620882,코스모필름스코리아,,,,,,,,,0.0006,0.0174,,0.0,0.0,0.0,0.0,0.0,0.0,0.0,0.0,0.0168,0.0,
3128634294,세림테크(주),0.0011,0.0479,0.007,0.0435,0.0412,0.0295,,,,,,0.0468,-0.0409,0.0365,-0.0023,-0.0117,0.0,0.0,0.0,0.0,0.0,
3128637156,(주)피엔에스윈도우,0.0115,0.0024,0.0238,0.0219,0.6656,,,,,,,-0.0091,0.0214,-0.0019,0.6437,0.0,0.0,0.0,0.0,0.0,0.0,
3128642004,유펙스(주),,,,,,0.0128,,,0.1515,0.092,,0.0,0.0,0.0,0.0,0.0,0.0,0.0,0.0,-0.0595,0.0,
3128645772,마그나오토모티브코리아주식회사,,,0.0005,0.0002,0.0005,0.0002,0.0033,0.0082,,,,0.0,0.0,-0.0003,0.0003,-0.0003,0.0031,0.0049,0.0,0.0,0.0,
3128651099,대운테크(주),0.0048,0.0151,0.0381,0.0714,,,,,,,,0.0103,0.023,0.0333,0.0,0.0,0.0,0.0,0.0,0.0,0.0,
3128652652,캠코아주식회사,,,0.0009,0.0005,0.0005,0.0003,0.0001,0.0003,0.0002,,,0.0,0.0,-0.0004,0.0,-0.0002,-0.0002,0.0002,-0.0001,0.0,0.0,
3128655514,주식회사한국프라텍,0.0118,0.004,,,,,,,,,,-0.0078,0.0,0.0,0.0,0.0,0.0,0.0,0.0,0.0,0.0,
3128655848,(주)에코빌,,,,,,0.0156,0.0803,0.1452,,,,0.0,0.0,0.0,0.0,0.0,0.0647,0.0649,0.0,0.0,0.0,
3128676917,주식회사호만테크,,,0.0106,0.0688,0.9003,,,,,,,0.0,0.0,0.0582,0.8315,0.0,0.0,0.0,0.0,0.0,0.0,
3148119334,(주)제노텍,0.0057,0.0434,,,,,,,,,,0.0377,0.0,0.0,0.0,0.0,0.0,0.0,0.0,0.0,0.0,
3148127038,(주)엔지켐생명과학,0.0858,0.4171,,,,,,,,,,0.3313,0.0,0.0,0.0,0.0,0.0,0.0,0.0,0.0,0.0,
3148130095,(주)대덕바이오,0.0061,0.0636,0.5434,,0.9128,,,,,,,0.0575,0.4798,0.0,0.0,0.0,0.0,0.0,0.0,0.0,0.0,
3148132185,에이치엘비제넥스(주),0.0014,0.0003,0.0002,0.0009,0.0179,0.212,0.4107,,,,,-0.0011,-0.0001,0.0007,0.017,0.1941,0.1987,0.0,0.0,0.0,0.0,
3148132604,(주)지에프퍼멘텍,0.0491,0.0157,0.0713,0.2874,0.7803,,,,,,,-0.0334,0.0556,0.2161,0.4929,0.0,0.0,0.0,0.0,0.0,0.0,
3148133001,(주)이앤지텍,0.0059,0.0438,0.2048,0.7625,,,,,,,,0.0379,0.161,0.5577,0.0,0.0,0.0,0.0,0.0,0.0,0.0,
3148159466,씨비에스바이오사이언스(주),,,0.0134,0.1554,0.792,,,,,,,0.0,0.0,0.142,0.6366,0.0,0.0,0.0,0.0,0.0,0.0,
3148170869,(주)에스지텍,,,,,0.0037,0.0943,0.165,0.4566,,,,0.0,0.0,0.0,0.0,0.0906,0.0707,0.2916,0.0,0.0,0.0,
3148178691,(주)유셀,,0.0033,0.1464,0.4129,,,,,,,,0.0,0.1431,0.2665,0.0,0.0,0.0,0.0,0.0,0.0,0.0,
3148186100,(주)화인테크,0.074,0.18,0.2621,,,,,,,,,0.106,0.0821,0.0,0.0,0.0,0.0,0.0,0.0,0.0,0.0,
3148190263,주식회사태경코엠,,,,,,0.0005,0.0001,0.0004,,,,0.0,0.0,0.0,0.0,0.0,-0.0004,0.0003,0.0,0.0,0.0,
3148196665,농업회사법인비센바이오,,,,0.0159,0.0445,0.5895,,,,,,0.0,0.0,0.0,0.0286,0.545,0.0,0.0,0.0,0.0,0.0,
3148600316,(주)파멥신,0.6969,,,,,,,,,,,0.0,0.0,0.0,0.0,0.0,0.0,0.0,0.0,0.0,0.0,
3148618382,(주)비씨앤티,,,,0.001,0.0289,0.163,,,,,,0.0,0.0,0.0,0.0279,0.1341,0.0,0.0,0.0,0.0,0.0,
3148622358,(주)씨엔티드림,0.005,0.0027,0.0022,0.0497,0.2847,0.5791,,,,,,-0.0023,-0.0005,0.0475,0.235,0.2944,0.0,0.0,0.0,0.0,0.0,
3148624792,이맥바이오(주),0.001,0.0005,0.0006,,,,,,,,,-0.0005,0.0001,0.0,0.0,0.0,0.0,0.0,0.0,0.0,0.0,
3148630542,(주)수젠텍,0.0072,0.2154,0.8897,,,,,,,,,0.2082,0.6743,0.0,0.0,0.0,0.0,0.0,0.0,0.0,0.0,
3148634567,주식회사시선바이오머티리얼스,,,,,,,0.001,0.0636,0.6449,0.7023,,0.0,0.0,0.0,0.0,0.0,0.0,0.0626,0.5813,0.0574,0.0,
3148639674,주식회사애드컴텍,0.2096,0.528,,,,,,,,,,0.3184,0.0,0.0,0.0,0.0,0.0,0.0,0.0,0.0,0.0,
3158106190,뉴그린창신,,,0.006,0.0015,0.0065,0.053,0.0097,0.0096,0.014,0.0045,,0.0,0.0,-0.0045,0.005,0.0465,-0.0433,-0.0001,0.0044,-0.0095,0.0,
3158132500,(주)삼성테이프,,0.6575,,,,,,,,,,0.0,0.0,0.0,0.0,0.0,0.0,0.0,0.0,0.0,0.0,
3168102386,(주)세이크,,,0.0018,0.0185,0.0202,,,,,,,0.0,0.0,0.0167,0.0017,0.0,0.0,0.0,0.0,0.0,0.0,
3168113957,에이치디현대아로마틱스주식회사,0.1505,0.5288,,,,,,,,,,0.3783,0.0,0.0,0.0,0.0,0.0,0.0,0.0,0.0,0.0,
3168115237,미원이오디주식회사,0.0007,0.0012,,,,,,,,,,0.0005,0.0,0.0,0.0,0.0,0.0,0.0,0.0,0.0,0.0,
3168115810,주식회사이엠테크,0.6382,,,,,,,,,,,0.0,0.0,0.0,0.0,0.0,0.0,0.0,0.0,0.0,0.0,
3178108253,주식회사로드제약기술,,,,,,0.0015,0.0303,0.0413,0.2544,,,0.0,0.0,0.0,0.0,0.0,0.0288,0.011,0.2131,0.0,0.0,
3178120688,캐스텍주식회사,0.0026,,,,,,,,,,,0.0,0.0,0.0,0.0,0.0,0.0,0.0,0.0,0.0,0.0,
3178129035,미래솔레어주식회사,0.1935,0.0018,0.0004,0.0044,0.0393,0.0959,0.0003,0.0003,0.0001,0.0001,,-0.1917,-0.0014,0.004,0.0349,0.0566,-0.0956,0.0,-0.0002,0.0,0.0,
3178141174,영보하우징(주),0.0007,0.0002,0.0001,,,,,,,,,-0.0005,-0.0001,0.0,0.0,0.0,0.0,0.0,0.0,0.0,0.0,
3178146354,(주)주목씨지알,,,,,,,0.0009,0.0027,0.0246,0.0019,,0.0,0.0,0.0,0.0,0.0,0.0,0.0018,0.0219,-0.0227,0.0,
3188100991,(주)휴비스트제약,,,0.001,0.0007,0.0018,0.0007,0.0014,0.022,0.0058,0.0207,,0.0,0.0,-0.0003,0.0011,-0.0011,0.0007,0.0206,-0.0162,0.0149,0.0,
3228601674,(주)화인글로벌랩,,,,,,,,0.0142,0.2516,0.4328,,0.0,0.0,0.0,0.0,0.0,0.0,0.0,0.2374,0.1812,0.0,
3358600050,(주)아이피아이테크,,,,,,,0.0093,0.2505,0.6978,,,0.0,0.0,0.0,0.0,0.0,0.0,0.2412,0.4473,0.0,0.0,
3428601756,(주)디앤케이켐텍,,,,,,,,0.0148,0.1168,0.1819,,0.0,0.0,0.0,0.0,0.0,0.0,0.0,0.102,0.0651,0.0,
3498801372,(주)노바엠헬스케어,,,,,,,0.0062,0.1366,0.6025,,,0.0,0.0,0.0,0.0,0.0,0.0,0.1304,0.4659,0.0,0.0,
3518801415,(주)젠트로그룹,,,,,,0.0009,0.0244,0.0351,0.1748,,,0.0,0.0,0.0,0.0,0.0,0.0235,0.0107,0.1397,0.0,0.0,
3608601147,이엔셀(주),,,,,,,,0.021,0.2799,0.4877,,0.0,0.0,0.0,0.0,0.0,0.0,0.0,0.2589,0.2078,0.0,
3678800099,주식회사메디포럼,,,,0.0023,0.0769,0.7183,,,,,,0.0,0.0,0.0,0.0746,0.6414,0.0,0.0,0.0,0.0,0.0,
3698601765,주식회사아이엘모빌리티,,,,,,,,0.0114,0.4903,0.1792,,0.0,0.0,0.0,0.0,0.0,0.0,0.0,0.4789,-0.3111,0.0,
3718701692,주식회사디더블유바이오,,,,,,,0.0074,0.0061,0.0035,,,0.0,0.0,0.0,0.0,0.0,0.0,-0.0013,-0.0026,0.0,0.0,
3748100439,(주)이뮤니스바이오,,,,,,0.0069,0.1944,0.6675,,,,0.0,0.0,0.0,0.0,0.0,0.1875,0.4731,0.0,0.0,0.0,
3858100405,주식회사티스템,,,,,,0.0109,0.2254,0.5735,,,,0.0,0.0,0.0,0.0,0.0,0.2145,0.3481,0.0,0.0,0.0,
3978700211,(주)현대포리텍김해,,,0.0069,0.2006,0.9104,,,,,,,0.0,0.0,0.1937,0.7098,0.0,0.0,0.0,0.0,0.0,0.0,
4018131501,주식회사제이티오토모티브,,,,,,,,0.0358,0.8653,0.3512,,0.0,0.0,0.0,0.0,0.0,0.0,0.0,0.8295,-0.5141,0.0,
4018138237,삼양이노켐주식회사,0.9403,,,,,,,,,,,0.0,0.0,0.0,0.0,0.0,0.0,0.0,0.0,0.0,0.0,
4018138881,존스미디어(주),0.0019,0.0039,0.0033,0.003,0.0142,0.007,0.0144,0.1584,0.9473,,,0.002,-0.0006,-0.0003,0.0112,-0.0072,0.0074,0.144,0.7889,0.0,0.0,
4018152995,삼양화인테크놀로지주식회사,,0.0078,0.1625,0.4381,,,,,,,,0.0,0.1547,0.2756,0.0,0.0,0.0,0.0,0.0,0.0,0.0,
4028119140,주식회사대광기업,0.008,0.0828,0.0091,0.0237,0.0772,0.8575,,,,,,0.0748,-0.0737,0.0146,0.0535,0.7803,0.0,0.0,0.0,0.0,0.0,
4028164330,주식회사운화,0.131,0.1351,0.3964,,,,,,,,,0.0041,0.2613,0.0,0.0,0.0,0.0,0.0,0.0,0.0,0.0,
4028196832,주식회사이앤코리아,,,0.0024,0.0042,0.0057,0.1307,0.935,,,,,0.0,0.0,0.0018,0.0015,0.125,0.8043,0.0,0.0,0.0,0.0,
4038104413,(주)동원프라스틱,0.0071,0.0032,0.0026,0.0038,0.0049,0.0068,0.0081,0.0441,0.2635,0.1822,,-0.0039,-0.0006,0.0012,0.0011,0.0019,0.0013,0.036,0.2194,-0.0813,0.0,
4038121843,(주)두원메디텍,0.0637,0.0068,0.0395,0.0082,0.0026,0.0034,0.0047,0.0024,0.0154,,,-0.0569,0.0327,-0.0313,-0.0056,0.0008,0.0013,-0.0023,0.013,0.0,0.0,
4038137082,(주)에스에이치글로벌,0.0207,0.0502,0.1825,,,,,,,,,0.0295,0.1323,0.0,0.0,0.0,0.0,0.0,0.0,0.0,0.0,
4038141344,(주)코스켐,,,,,,,,0.0017,0.0505,0.1771,,0.0,0.0,0.0,0.0,0.0,0.0,0.0,0.0488,0.1266,0.0,
4038141553,주식회사희성산업,0.0515,,,,,,0.0123,0.1452,,,,0.0,0.0,0.0,0.0,0.0,0.0,0.1329,0.0,0.0,0.0,
4038151139,(주)유쎌,0.0015,0.1537,,,0.0559,0.4269,,,,,,0.1522,0.0,0.0,0.0,0.371,0.0,0.0,0.0,0.0,0.0,
4038177328,주식회사익산구원,,,0.0101,0.006,0.0013,0.0491,,,,,,0.0,0.0,-0.0041,-0.0047,0.0478,0.0,0.0,0.0,0.0,0.0,
4048107242,주식회사대창,0.2609,0.0824,0.0014,0.0012,0.0017,0.0004,0.0004,0.0177,0.1724,0.0669,,-0.1785,-0.081,-0.0002,0.0005,-0.0013,0.0,0.0173,0.1547,-0.1055,0.0,
4058110060,(주)삼정디씨피,0.0008,,,,,,,,,,,0.0,0.0,0.0,0.0,0.0,0.0,0.0,0.0,0.0,0.0,
4058700128,부광메디카주식회사,,,0.0023,0.064,0.204,0.0744,,,,,,0.0,0.0,0.0617,0.14,-0.1296,0.0,0.0,0.0,0.0,0.0,
4078120341,(주)하이코리아,,,0.0016,0.003,0.016,0.0447,0.1188,0.8067,,,,0.0,0.0,0.0014,0.013,0.0287,0.0741,0.6879,0.0,0.0,0.0,
4088108321,호남석회공업주식회사,0.0003,0.0025,0.013,0.0139,0.0006,0.065,,,,,,0.0022,0.0105,0.0009,-0.0133,0.0644,0.0,0.0,0.0,0.0,0.0,
4088132286,영해산업개발(주),,0.0015,0.0008,0.0185,,,,,,,,0.0,-0.0007,0.0177,0.0,0.0,0.0,0.0,0.0,0.0,0.0,
4088154543,한국인스팜(주),0.183,0.4172,0.33,,,,,,,,,0.2342,-0.0872,0.0,0.0,0.0,0.0,0.0,0.0,0.0,0.0,
4088183640,(주)코스,0.004,0.0058,0.0035,0.0294,,,,,,,,0.0018,-0.0023,0.0259,0.0,0.0,0.0,0.0,0.0,0.0,0.0,
4098130302,주식회사신성화학,0.0017,0.0479,0.0387,0.0406,0.0072,0.055,0.0174,0.0188,0.463,,,0.0462,-0.0092,0.0019,-0.0334,0.0478,-0.0376,0.0014,0.4442,0.0,0.0,
4098141416,(주)서광,,0.001,0.0006,0.001,0.001,0.0005,0.0009,0.0328,0.1529,0.1266,,0.0,-0.0004,0.0004,0.0,-0.0005,0.0004,0.0319,0.1201,-0.0263,0.0,
4098607446,주식회사유림테크,,,,,0.0385,0.1945,,,,,,0.0,0.0,0.0,0.0,0.156,0.0,0.0,0.0,0.0,0.0,
4108110024,(주)고리,0.0005,0.0003,0.0003,0.0003,0.0018,0.0205,0.0006,0.0176,0.1834,0.041,,-0.0002,0.0,0.0,0.0015,0.0187,-0.0199,0.017,0.1658,-0.1424,0.0,
4108110169,주식회사럭키산업,0.0009,0.002,0.0009,0.0109,0.0069,0.0842,0.0156,0.3301,0.0843,,,0.0011,-0.0011,0.01,-0.004,0.0773,-0.0686,0.3145,-0.2458,0.0,0.0,
4108128484,한진실업(주),0.0029,0.0074,0.0069,0.0106,0.0087,0.2807,,,,,,0.0045,-0.0005,0.0037,-0.0019,0.272,0.0,0.0,0.0,0.0,0.0,
4108143511,(주)은성하이텍,0.0253,0.0068,0.0994,,0.0629,0.0315,,,,,,-0.0185,0.0926,0.0,0.0,-0.0314,0.0,0.0,0.0,0.0,0.0,
4108162560,주식회사피엔케이인더스트리,0.0023,0.0025,0.0036,0.0151,0.0098,0.5409,,,,,,0.0002,0.0011,0.0115,-0.0053,0.5311,0.0,0.0,0.0,0.0,0.0,
4108182436,주식회사대정,,,,,,,0.001,0.0215,0.1336,0.1998,,0.0,0.0,0.0,0.0,0.0,0.0,0.0205,0.1121,0.0662,0.0,
4108185689,(주)티디엘,,,,,0.0016,0.0328,0.1151,0.9192,,,,0.0,0.0,0.0,0.0,0.0312,0.0823,0.8041,0.0,0.0,0.0,
4108628043,(주)메디셀,,0.0061,0.2991,0.6626,,,,,,,,0.0,0.293,0.3635,0.0,0.0,0.0,0.0,0.0,0.0,0.0,
4108689206,지성이노베이션(주),,,0.001,0.0076,0.0051,0.003,0.214,,,,,0.0,0.0,0.0066,-0.0025,-0.0021,0.211,0.0,0.0,0.0,0.0,
4128134207,(주)제로하우스,,,,,,,,0.0371,0.2232,0.1651,,0.0,0.0,0.0,0.0,0.0,0.0,0.0,0.1861,-0.0581,0.0,
4168125321,(주)미주산업,0.0023,0.006,,,,,,,,,,0.0037,0.0,0.0,0.0,0.0,0.0,0.0,0.0,0.0,0.0,
4168131861,(주)케이엠에스,,,,,,,,0.001,0.039,0.2454,,0.0,0.0,0.0,0.0,0.0,0.0,0.0,0.038,0.2064,0.0,
4178130958,그린생명과학(주),0.5482,0.0007,0.0002,0.0002,0.0098,0.0206,0.01,0.0603,0.766,,,-0.5475,-0.0005,0.0,0.0096,0.0108,-0.0106,0.0503,0.7057,0.0,0.0,
4178135574,한화컴파운드주식회사,0.0222,,,,,,,,,,,0.0,0.0,0.0,0.0,0.0,0.0,0.0,0.0,0.0,0.0,
4178141493,롯데미쓰이화학주식회사,0.3881,,,,,,,,,,,0.0,0.0,0.0,0.0,0.0,0.0,0.0,0.0,0.0,0.0,
4178147390,롯데베르살리스엘라스토머스주식회사,0.0073,0.0728,0.0374,0.0604,0.1066,0.6212,0.9626,,,,,0.0655,-0.0354,0.023,0.0462,0.5146,0.3414,0.0,0.0,0.0,0.0,
4238600298,(주)이시스코스메틱,,,0.0006,0.0007,0.0014,0.051,0.0934,0.3643,,,,0.0,0.0,0.0001,0.0007,0.0496,0.0424,0.2709,0.0,0.0,0.0,
4398600255,주식회사폴루스,,,0.0082,0.163,0.7653,,,,,,,0.0,0.0,0.1548,0.6023,0.0,0.0,0.0,0.0,0.0,0.0,
4438700737,주식회사덕양케미칼,,,,0.0073,0.0233,0.1447,0.0132,0.0174,0.0115,,,0.0,0.0,0.0,0.016,0.1214,-0.1315,0.0042,-0.0059,0.0,0.0,
4528800266,에이비엘바이오(주),,,,0.0059,0.0867,0.804,,,,,,0.0,0.0,0.0,0.0808,0.7173,0.0,0.0,0.0,0.0,0.0,
4758800070,에스티젠바이오(주),,0.0089,0.2144,0.2438,,,,,,,,0.0,0.2055,0.0294,0.0,0.0,0.0,0.0,0.0,0.0,0.0,
4768702093,수창티피에스(주),,,,,,,,0.0372,0.2799,0.2988,,0.0,0.0,0.0,0.0,0.0,0.0,0.0,0.2427,0.0189,0.0,
4938601210,(주)자이언트케미칼,,,,,0.0044,0.0187,0.0408,0.1045,0.5691,,,0.0,0.0,0.0,0.0,0.0143,0.0221,0.0637,0.4646,0.0,0.0,
5028154689,주식회사바이오메트릭스테크놀로지,,,,,,0.0158,0.1448,0.5486,,,,0.0,0.0,0.0,0.0,0.0,0.129,0.4038,0.0,0.0,0.0,
5028163816,동우당제약주식회사,,,,,,0.0058,0.0879,0.1797,,,,0.0,0.0,0.0,0.0,0.0,0.0821,0.0918,0.0,0.0,0.0,
5038127846,태경산업(주),0.0006,0.0016,0.0059,0.0515,0.9501,,,,,,,0.001,0.0043,0.0456,0.8986,0.0,0.0,0.0,0.0,0.0,0.0,
5038160729,주식회사진광화학,,0.0007,0.0003,0.0004,0.0023,0.0094,0.0235,0.0109,0.507,0.159,,0.0,-0.0004,0.0001,0.0019,0.0071,0.0141,-0.0126,0.4961,-0.348,0.0,
5038166500,(주)진영R&S,0.3761,0.2877,,,,,,,,,,-0.0884,0.0,0.0,0.0,0.0,0.0,0.0,0.0,0.0,0.0,
5038171513,(주)케이아이씨,,,0.0058,0.0704,0.9554,,,,,,,0.0,0.0,0.0646,0.885,0.0,0.0,0.0,0.0,0.0,0.0,
5038176143,다올엠주식회사,,,,,,0.0004,0.0001,0.0001,0.112,,,0.0,0.0,0.0,0.0,0.0,-0.0003,0.0,0.1119,0.0,0.0,
5038183116,(주)에스케이티엔지니어링,,0.0031,0.0222,0.2036,,,,,,,,0.0,0.0191,0.1814,0.0,0.0,0.0,0.0,0.0,0.0,0.0,
5038195816,(주)엔씨아이,0.0019,0.0416,0.0154,0.072,0.0742,0.7277,,,,,,0.0397,-0.0262,0.0566,0.0022,0.6535,0.0,0.0,0.0,0.0,0.0,
5038615331,성산프로폴주식회사,,,0.0023,0.0092,0.0125,,,,,,,0.0,0.0,0.0069,0.0033,0.0,0.0,0.0,0.0,0.0,0.0,
5048121108,(주)대구프라스틱,0.0005,,0.0004,0.0005,0.0012,0.0019,0.0003,,,,,0.0,0.0,0.0001,0.0007,0.0007,-0.0016,0.0,0.0,0.0,0.0,
5048122238,태백전자(주),0.0015,0.0139,0.0425,0.0303,0.0016,0.0218,0.0959,0.1425,0.1171,,,0.0124,0.0286,-0.0122,-0.0287,0.0202,0.0741,0.0466,-0.0254,0.0,0.0,
5048123237,(주)동진금속,0.0005,0.001,0.005,0.029,0.0125,0.4855,,,,,,0.0005,0.004,0.024,-0.0165,0.473,0.0,0.0,0.0,0.0,0.0,
5048127403,주식회사보림엘텍,,,0.0012,0.0002,0.0026,0.0006,,,,,,0.0,0.0,-0.001,0.0024,-0.002,0.0,0.0,0.0,0.0,0.0,
5048137629,동국정밀주식회사,0.151,,,,,,,,,,,0.0,0.0,0.0,0.0,0.0,0.0,0.0,0.0,0.0,0.0,
5048165940,명일폼주식회사,0.0003,0.0005,0.0001,0.0003,0.0022,0.0348,0.0225,0.7213,,,,0.0002,-0.0004,0.0002,0.0019,0.0326,-0.0123,0.6988,0.0,0.0,0.0,
5048614674,(주)지케이삼성,,,,0.0017,0.0024,0.0231,,,,,,0.0,0.0,0.0,0.0007,0.0207,0.0,0.0,0.0,0.0,0.0,
5058104266,디와이홀딩스(주),0.0362,0.1411,0.0836,0.0684,0.5091,,,,,,,0.1049,-0.0575,-0.0152,0.4407,0.0,0.0,0.0,0.0,0.0,0.0,
5058122565,주식회사디에스첨단소재,0.2866,,,,0.8892,,,,,,,0.0,0.0,0.0,0.0,0.0,0.0,0.0,0.0,0.0,0.0,
5058122702,(주)한스케미칼,0.0013,0.0019,0.0017,0.0038,0.0064,0.2171,0.016,0.0687,0.3064,0.5937,,0.0006,-0.0002,0.0021,0.0026,0.2107,-0.2011,0.0527,0.2377,0.2873,0.0,
5058123564,(주)은창,,,,0.0042,0.018,0.0041,0.001,0.0032,0.186,0.1952,,0.0,0.0,0.0,0.0138,-0.0139,-0.0031,0.0022,0.1828,0.0092,0.0,
5058134095,(주)에이치티엘,0.7818,,,,,,,,,,,0.0,0.0,0.0,0.0,0.0,0.0,0.0,0.0,0.0,0.0,
5058139862,전진바이오팜(주),0.0843,0.4854,,,,,,,,,,0.4011,0.0,0.0,0.0,0.0,0.0,0.0,0.0,0.0,0.0,
5058143575,주식회사경은,0.0206,0.0035,0.0016,0.0074,0.1591,,,,,,,-0.0171,-0.0019,0.0058,0.1517,0.0,0.0,0.0,0.0,0.0,0.0,
5058148702,(주)동주피앤지,,,0.0012,0.0039,0.0166,0.001,,,,,,0.0,0.0,0.0027,0.0127,-0.0156,0.0,0.0,0.0,0.0,0.0,
5058148890,주식회사부농,0.0145,0.0061,0.0045,0.0081,0.0284,0.0403,0.0063,0.0329,0.3695,0.257,,-0.0084,-0.0016,0.0036,0.0203,0.0119,-0.034,0.0266,0.3366,-0.1125,0.0,
5058152749,(주)동은,0.6184,,,,,,,,,,,0.0,0.0,0.0,0.0,0.0,0.0,0.0,0.0,0.0,0.0,
5058157744,실스타인더스트리(주),0.9146,,,,,,,,,,,0.0,0.0,0.0,0.0,0.0,0.0,0.0,0.0,0.0,0.0,
5058169518,(주)교보케미칼,0.0654,0.0305,0.0157,0.0268,0.0196,0.3668,,,,,,-0.0349,-0.0148,0.0111,-0.0072,0.3472,0.0,0.0,0.0,0.0,0.0,
5058171799,(주)한백테크,,,,,0.0013,0.0034,0.0178,0.2241,,,,0.0,0.0,0.0,0.0,0.0021,0.0144,0.2063,0.0,0.0,0.0,
5068175987,"(주)피지티(PGTCo.,LTD)",0.0068,0.0062,0.0025,0.0082,0.0534,0.312,,,,,,-0.0006,-0.0037,0.0057,0.0452,0.2586,0.0,0.0,0.0,0.0,0.0,
5068176875,(주)바이오앱,,,,,,0.0141,0.3482,0.7881,,,,0.0,0.0,0.0,0.0,0.0,0.3341,0.4399,0.0,0.0,0.0,
5088130502,주식회사디더블유,,,0.0011,0.0049,0.0146,0.0841,,,,,,0.0,0.0,0.0038,0.0097,0.0695,0.0,0.0,0.0,0.0,0.0,
5098800320,태경그린가스주식회사,,,,0.0112,0.0114,0.2945,,,,,,0.0,0.0,0.0,0.0002,0.2831,0.0,0.0,0.0,0.0,0.0,
5108102367,아쉬랜드코리아주식회사,0.1482,,,,,,,,,,,0.0,0.0,0.0,0.0,0.0,0.0,0.0,0.0,0.0,0.0,
5108106626,(주)성도,,0.0038,0.0065,0.008,0.0183,0.8766,,,,,,0.0,0.0027,0.0015,0.0103,0.8583,0.0,0.0,0.0,0.0,0.0,
5108112088,주식회사미래,0.0804,0.4951,,,,,,,,,,0.4147,0.0,0.0,0.0,0.0,0.0,0.0,0.0,0.0,0.0,
5108130198,(주)일성산업,,,,0.0009,0.0071,0.0036,0.0251,0.1101,0.1246,,,0.0,0.0,0.0,0.0062,-0.0035,0.0215,0.085,0.0145,0.0,0.0,
5118117733,(주)대명엔앤씨,0.0024,0.0044,0.0412,,,,,,,,,0.002,0.0368,0.0,0.0,0.0,0.0,0.0,0.0,0.0,0.0,
5138100714,주식회사대영오앤이,0.1246,0.4348,,,,,,,,,,0.3102,0.0,0.0,0.0,0.0,0.0,0.0,0.0,0.0,0.0,
5138103083,대아수지공업(주),,,0.0189,0.2463,0.7547,,,,,,,0.0,0.0,0.2274,0.5084,0.0,0.0,0.0,0.0,0.0,0.0,
5138103759,(주)성림,0.0026,0.0745,0.0022,0.0477,0.0051,0.0009,0.0306,0.0474,0.031,,,0.0719,-0.0723,0.0455,-0.0426,-0.0042,0.0297,0.0168,-0.0164,0.0,0.0,
5138103856,동양산업(주),0.0066,0.537,,,,,,,,,,0.5304,0.0,0.0,0.0,0.0,0.0,0.0,0.0,0.0,0.0,
5138106149,(주)우성지앤티,0.0746,0.1864,0.0043,0.0004,,,,,,,,0.1118,-0.1821,-0.0039,0.0,0.0,0.0,0.0,0.0,0.0,0.0,
5138108545,주식회사케이엠씨,0.0007,0.003,0.0017,0.0006,0.0033,0.0002,,0.0004,0.0025,,,0.0023,-0.0013,-0.0011,0.0027,-0.0031,0.0,0.0,0.0021,0.0,0.0,
5138108939,성안합섬주식회사,0.3562,,,,,,,,,,,0.0,0.0,0.0,0.0,0.0,0.0,0.0,0.0,0.0,0.0,
5138109850,주식회사효림,0.0004,,,,,,,,,,,0.0,0.0,0.0,0.0,0.0,0.0,0.0,0.0,0.0,0.0,
5138111322,(주)진양,0.0005,0.0017,0.0014,0.0093,0.0936,0.4196,0.5972,,,,,0.0012,-0.0003,0.0079,0.0843,0.326,0.1776,0.0,0.0,0.0,0.0,
5138115196,주식회사내외산업,0.0605,0.3149,,,,,,,,,,0.2544,0.0,0.0,0.0,0.0,0.0,0.0,0.0,0.0,0.0,
5138122697,(주)코스나인,0.0007,0.008,0.0569,0.5696,0.687,,,,,,,0.0073,0.0489,0.5127,0.1174,0.0,0.0,0.0,0.0,0.0,0.0,
5138123624,주식회사포맥스이피피,0.0819,,,,,,,,,,,0.0,0.0,0.0,0.0,0.0,0.0,0.0,0.0,0.0,0.0,
5138136283,(주)코닉스,0.0096,0.0007,0.0003,0.0003,0.0008,0.0004,,,,,,-0.0089,-0.0004,0.0,0.0005,-0.0004,0.0,0.0,0.0,0.0,0.0,
5138141995,주식회사원바이오젠,,0.0033,0.0156,0.0053,0.0019,,0.1,,,,,0.0,0.0123,-0.0103,-0.0034,0.0,0.0,0.0,0.0,0.0,0.0,
5138142280,제일씨앤피주식회사,0.0011,0.0373,0.1843,0.733,,,,,,,,0.0362,0.147,0.5487,0.0,0.0,0.0,0.0,0.0,0.0,0.0,
5138158268,(주)서일,0.0018,0.002,0.0003,0.0011,0.0015,0.0011,0.001,0.0126,0.0371,0.2629,,0.0002,-0.0017,0.0008,0.0004,-0.0004,-0.0001,0.0116,0.0245,0.2258,0.0,
5138158666,태양전자주식회사,0.0973,,,,,,,,,,,0.0,0.0,0.0,0.0,0.0,0.0,0.0,0.0,0.0,0.0,
5138162627,서림,0.0113,0.1959,0.5671,,,,,,,,,0.1846,0.3712,0.0,0.0,0.0,0.0,0.0,0.0,0.0,0.0,
5138163136,(주)에스비디,0.0028,,,,,,,,,,,0.0,0.0,0.0,0.0,0.0,0.0,0.0,0.0,0.0,0.0,
5138170199,(주)디에이치텍,0.2174,0.7342,,,,,,,,,,0.5168,0.0,0.0,0.0,0.0,0.0,0.0,0.0,0.0,0.0,
5138172334,(주)레몬,0.0118,0.6142,0.9033,,,,,,,,,0.6024,0.2891,0.0,0.0,0.0,0.0,0.0,0.0,0.0,0.0,
5148107762,한국게이츠(주),0.0001,0.0002,0.0002,0.0003,0.0009,0.0002,,,,,,0.0001,0.0,0.0001,0.0006,-0.0007,0.0,0.0,0.0,0.0,0.0,
5148116091,평화씨엠비주식회사,0.0047,0.0055,0.0029,0.0043,0.0085,0.1082,0.4189,,,,,0.0008,-0.0026,0.0014,0.0042,0.0997,0.3107,0.0,0.0,0.0,0.0,
5148118537,주식회사팩슨,,,,0.004,0.0015,0.0383,0.0575,0.2747,,,,0.0,0.0,0.0,-0.0025,0.0368,0.0192,0.2172,0.0,0.0,0.0,
5148118895,일동케미칼(주),0.3603,0.146,,,,,,,,,,-0.2143,0.0,0.0,0.0,0.0,0.0,0.0,0.0,0.0,0.0,
5148131563,(주)한국고분자,0.0072,0.0058,0.0054,0.0467,0.0373,0.1882,,,,,,-0.0014,-0.0004,0.0413,-0.0094,0.1509,0.0,0.0,0.0,0.0,0.0,
5148134371,(주)부성리싸이클링,0.0073,0.0941,0.6621,,,,,,,,,0.0868,0.568,0.0,0.0,0.0,0.0,0.0,0.0,0.0,0.0,
5148135083,(주)코멕스라텍스,0.0038,0.0098,,,,,,,,,,0.006,0.0,0.0,0.0,0.0,0.0,0.0,0.0,0.0,0.0,
5148140378,주식회사해성합섬,0.0006,0.0009,0.0008,0.0214,0.024,0.2776,,,,,,0.0003,-0.0001,0.0206,0.0026,0.2536,0.0,0.0,0.0,0.0,0.0,
5148140489,서일주식회사,,,,,,,0.0061,0.193,0.9571,,,0.0,0.0,0.0,0.0,0.0,0.0,0.1869,0.7641,0.0,0.0,
5148143147,(주)천우이.피.에스,,,0.0044,0.0205,0.0106,0.0243,,,,,,0.0,0.0,0.0161,-0.0099,0.0137,0.0,0.0,0.0,0.0,0.0,
5148143716,주식회사태원프라콘,0.0046,0.0061,0.0076,0.0032,0.0065,0.6555,,,,,,0.0015,0.0015,-0.0044,0.0033,0.649,0.0,0.0,0.0,0.0,0.0,
5148163406,(주)새한전자,0.0001,0.0079,0.1,,,,,0.0005,0.0008,0.0225,,0.0078,0.0921,0.0,0.0,0.0,0.0,0.0,0.0003,0.0217,0.0,
5148177007,(주)대웅에프엔티,,,,0.0029,0.0076,0.2319,,,,,,0.0,0.0,0.0,0.0047,0.2243,0.0,0.0,0.0,0.0,0.0,
5148182908,용흥산업(주),0.0049,0.0151,0.0439,,,,,,,,,0.0102,0.0288,0.0,0.0,0.0,0.0,0.0,0.0,0.0,0.0,
5148185303,주식회사디에이치씨,0.006,0.4089,0.7272,,,,,,,,,0.4029,0.3183,0.0,0.0,0.0,0.0,0.0,0.0,0.0,0.0,
5148185429,에스알코퍼레이션주식회사,,0.0135,0.1945,0.5829,,,,,,,,0.0,0.181,0.3884,0.0,0.0,0.0,0.0,0.0,0.0,0.0,
5148199020,부건코스메틱주식회사,,,,,,0.0004,0.0189,0.1309,0.0868,,,0.0,0.0,0.0,0.0,0.0,0.0185,0.112,-0.0441,0.0,0.0,
5158100326,(주)대유,0.0001,0.0003,0.0002,0.0001,,,,,,,,0.0002,-0.0001,-0.0001,0.0,0.0,0.0,0.0,0.0,0.0,0.0,
5158109410,화경산업(주),,0.0275,0.1607,0.028,0.0245,0.0843,,,,,,0.0,0.1332,-0.1327,-0.0035,0.0598,0.0,0.0,0.0,0.0,0.0,
5158109860,에스피엘(주),0.0007,0.0009,0.0007,0.0005,0.0009,0.0011,0.0006,0.0128,0.1467,0.0239,,0.0002,-0.0002,-0.0002,0.0004,0.0002,-0.0005,0.0122,0.1339,-0.1228,0.0,
5158125803,주식회사튜링겐코리아,,,0.0005,0.0492,0.0348,0.4785,,,,,,0.0,0.0,0.0487,-0.0144,0.4437,0.0,0.0,0.0,0.0,0.0,
5158127043,아이에스피(주),,0.001,0.0006,0.0011,0.0029,0.1528,,,,,,0.0,-0.0004,0.0005,0.0018,0.1499,0.0,0.0,0.0,0.0,0.0,
5158137783,(주)비온디,,,,0.0005,0.0009,,0.0004,0.0009,,,,0.0,0.0,0.0,0.0004,0.0,0.0,0.0005,0.0,0.0,0.0,
5208601375,(주)대원이피에스,,,,,,,0.0008,0.0008,0.0006,,,0.0,0.0,0.0,0.0,0.0,0.0,0.0,-0.0002,0.0,0.0,
5228600479,일동히알테크(주),,,0.0094,0.1898,0.9443,,,,,,,0.0,0.0,0.1804,0.7545,0.0,0.0,0.0,0.0,0.0,0.0,
5228700331,피피아이평화파이프주식회사,,0.0075,0.0002,0.0003,,,,,,,,0.0,-0.0073,0.0001,0.0,0.0,0.0,0.0,0.0,0.0,0.0,
5348600230,(주)엑셀세라퓨틱스,,,,,,,0.0132,0.283,0.2803,,,0.0,0.0,0.0,0.0,0.0,0.0,0.2698,-0.0027,0.0,0.0,
5358600058,(주)에이필드,,0.0009,0.0002,,0.0002,0.0001,,,,,,0.0,-0.0007,0.0,0.0,-0.0001,0.0,0.0,0.0,0.0,0.0,
5398800597,(주)순양전자,,,,0.0044,0.0042,0.0055,,,,,,0.0,0.0,0.0,-0.0002,0.0013,0.0,0.0,0.0,0.0,0.0,
5538700470,제일헬스사이언스주식회사,,,0.0072,0.0006,0.0013,0.0005,0.0108,0.0697,0.4513,0.0824,,0.0,0.0,-0.0066,0.0007,-0.0008,0.0103,0.0589,0.3816,-0.3689,0.0,
5558800094,(주)씨제이엠인터내셔널,,,0.001,0.0402,0.0414,0.8489,,,,,,0.0,0.0,0.0392,0.0012,0.8075,0.0,0.0,0.0,0.0,0.0,
5768100700,(주)시어스제약,,,,,,,,0.0101,0.4643,0.1301,,0.0,0.0,0.0,0.0,0.0,0.0,0.0,0.4542,-0.3342,0.0,
5908601073,휴먼셀바이오,,,,,0.0023,,,,0.1754,0.081,,0.0,0.0,0.0,0.0,0.0,0.0,0.0,0.0,-0.0944,0.0,
5988700172,(주)청보산업,,,,,,,0.0077,0.0837,0.0799,,,0.0,0.0,0.0,0.0,0.0,0.0,0.076,-0.0038,0.0,0.0,
5988801519,하이창원주식회사,,,,,,,,0.0172,0.0709,0.1522,,0.0,0.0,0.0,0.0,0.0,0.0,0.0,0.0537,0.0813,0.0,
6028108049,대륭기업주식회사,0.0025,0.0033,0.0138,0.0132,0.0065,0.4819,0.9243,,,,,0.0008,0.0105,-0.0006,-0.0067,0.4754,0.4424,0.0,0.0,0.0,0.0,
6028138989,골드해상주식회사,0.0002,0.0002,0.0036,0.0318,0.0029,0.0271,,,,,,0.0,0.0034,0.0282,-0.0289,0.0242,0.0,0.0,0.0,0.0,0.0,
6038103163,(주)장영,0.0042,0.0005,0.0186,0.0577,0.019,0.0512,0.7417,,,,,-0.0037,0.0181,0.0391,-0.0387,0.0322,0.6905,0.0,0.0,0.0,0.0,
6038106520,(주)영성,0.8282,,,,,,,,,,,0.0,0.0,0.0,0.0,0.0,0.0,0.0,0.0,0.0,0.0,
6038109769,대우제약주식회사,0.0023,0.0316,0.0188,0.0421,0.2444,,,,,,,0.0293,-0.0128,0.0233,0.2023,0.0,0.0,0.0,0.0,0.0,0.0,
6038109814,일동금속공업주식회사,0.0047,,,,,,,,,,,0.0,0.0,0.0,0.0,0.0,0.0,0.0,0.0,0.0,0.0,
6038111120,명광화학공업주식회사,,,,0.0006,0.0003,0.0111,,,,,,0.0,0.0,0.0,-0.0003,0.0108,0.0,0.0,0.0,0.0,0.0,
6038114597,제일화학(주),,0.0036,0.0023,0.0069,,,,,,,,0.0,-0.0013,0.0046,0.0,0.0,0.0,0.0,0.0,0.0,0.0,
6038120819,주식회사화승티엔드씨아이,0.0166,0.0031,0.0103,0.0296,0.0219,0.0034,0.1261,0.2054,,,,-0.0135,0.0072,0.0193,-0.0077,-0.0185,0.1227,0.0793,0.0,0.0,0.0,
6038163254,주식회사대륙피앤아이,,0.0027,0.0263,0.0529,0.9335,,,,,,,0.0,0.0236,0.0266,0.8806,0.0,0.0,0.0,0.0,0.0,0.0,
6038182848,주식회사네오메드,,,,,,,0.0007,0.197,0.5584,,,0.0,0.0,0.0,0.0,0.0,0.0,0.1963,0.3614,0.0,0.0,
6058127588,삼주물산(주),0.0001,0.0008,0.0072,0.0017,0.0036,0.0189,0.0473,0.0277,0.355,0.257,,0.0007,0.0064,-0.0055,0.0019,0.0153,0.0284,-0.0196,0.3273,-0.098,0.0,
6058134487,(주)교산,0.0029,0.0056,0.0025,0.0028,0.0048,0.1464,,,,,,0.0027,-0.0031,0.0003,0.002,0.1416,0.0,0.0,0.0,0.0,0.0,
6058624849,주식회사유진케미칼,,,0.0004,0.0002,0.0608,,,,,,,0.0,0.0,-0.0002,0.0606,0.0,0.0,0.0,0.0,0.0,0.0,
6068100205,조광페인트(주),0.0004,0.0006,0.0004,0.0007,0.0484,0.1059,0.3648,,,,,0.0002,-0.0002,0.0003,0.0477,0.0575,0.2589,0.0,0.0,0.0,0.0,
6068102014,동양화학(주),0.0894,0.0199,0.0089,0.0197,0.0339,0.105,,,,,,-0.0695,-0.011,0.0108,0.0142,0.0711,0.0,0.0,0.0,0.0,0.0,
6068107931,주식회사동림,0.1262,0.0597,0.0252,0.1008,0.0143,0.0883,0.056,,,,,-0.0665,-0.0345,0.0756,-0.0865,0.074,-0.0323,0.0,0.0,0.0,0.0,
6068124978,부산프라스틱공업(주),0.0059,0.1096,0.0011,0.0027,0.001,0.0013,,,,,,0.1037,-0.1085,0.0016,-0.0017,0.0003,0.0,0.0,0.0,0.0,0.0,
6068132861,(주)보생,0.0692,0.0007,0.0004,0.0061,0.0226,0.3454,,,,,,-0.0685,-0.0003,0.0057,0.0165,0.3228,0.0,0.0,0.0,0.0,0.0,
6068133273,신동페인트공업(주),0.0003,0.0002,0.0002,0.0003,0.0006,0.0003,0.0006,0.0279,,,,-0.0001,0.0,0.0001,0.0003,-0.0003,0.0003,0.0273,0.0,0.0,0.0,
6068137885,(주)대성테크,,,,,,,0.0004,0.0005,0.0008,0.1256,,0.0,0.0,0.0,0.0,0.0,0.0,0.0001,0.0003,0.1248,0.0,
6068141453,(주)피엔에스홈즈,0.0023,0.0018,0.0043,0.0606,0.0272,0.6727,,,,,,-0.0005,0.0025,0.0563,-0.0334,0.6455,0.0,0.0,0.0,0.0,0.0,
6068160765,금문산업(주),0.0035,0.0061,0.0067,0.1005,0.027,0.0098,0.0148,0.0651,0.0042,,,0.0026,0.0006,0.0938,-0.0735,-0.0172,0.005,0.0503,-0.0609,0.0,0.0,
6068165213,(주)동일케미칼,0.0017,0.0049,0.0042,0.0292,0.0534,,,,,,,0.0032,-0.0007,0.025,0.0242,0.0,0.0,0.0,0.0,0.0,0.0,
6068170604,(주)웹스,0.0007,0.0007,0.0006,0.0271,0.095,0.1518,0.2459,,,,,0.0,-0.0001,0.0265,0.0679,0.0568,0.0941,0.0,0.0,0.0,0.0,
6068171976,국림피엔텍(주),0.0003,0.0009,0.0008,0.0024,0.0165,0.0368,0.1299,,,,,0.0006,-0.0001,0.0016,0.0141,0.0203,0.0931,0.0,0.0,0.0,0.0,
6068184073,주식회사씨아이씨테크,0.0027,0.0141,0.0065,0.0841,,,,,,,,0.0114,-0.0076,0.0776,0.0,0.0,0.0,0.0,0.0,0.0,0.0,
6068627039,유니온베스텍(주),,,0.0015,0.0045,0.0016,0.0071,,,,,,0.0,0.0,0.003,-0.0029,0.0055,0.0,0.0,0.0,0.0,0.0,
6068633924,(주)아마란스,0.2421,,,,,,,,,,,0.0,0.0,0.0,0.0,0.0,0.0,0.0,0.0,0.0,0.0,
6068636052,(주)한국바이톤,0.0014,0.001,0.0007,,,,,,,,,-0.0004,-0.0003,0.0,0.0,0.0,0.0,0.0,0.0,0.0,0.0,
6068651368,티케이지에코머티리얼주식회사,0.0257,0.0022,0.0014,0.0179,0.0238,0.4334,,,,,,-0.0235,-0.0008,0.0165,0.0059,0.4096,0.0,0.0,0.0,0.0,0.0,
6078106217,주식회사제이제이케이,0.0015,0.0016,0.0155,0.042,0.7123,,,,,,,0.0001,0.0139,0.0265,0.6703,0.0,0.0,0.0,0.0,0.0,0.0,
6078113983,(주)마프로,0.2797,,,,,,,,,,,0.0,0.0,0.0,0.0,0.0,0.0,0.0,0.0,0.0,0.0,
6078117636,평화유지공업주식회사,0.413,,,,,,,,,,,0.0,0.0,0.0,0.0,0.0,0.0,0.0,0.0,0.0,0.0,
6078121765,한국유니온제약(주),0.0004,0.015,0.001,0.0011,0.0035,0.0054,0.058,0.329,0.4771,,,0.0146,-0.014,0.0001,0.0024,0.0019,0.0526,0.271,0.1481,0.0,0.0,
6078142270,(주)유니온랜드,0.0026,0.0037,0.0989,,,,,,,,,0.0011,0.0952,0.0,0.0,0.0,0.0,0.0,0.0,0.0,0.0,
6078159392,(주)송학,0.0008,0.0117,0.0211,0.1729,0.7993,,,,,,,0.0109,0.0094,0.1518,0.6264,0.0,0.0,0.0,0.0,0.0,0.0,
6078180503,(주)화승엑스윌,0.0017,0.0016,0.0753,0.0537,0.0115,0.0037,,,,,,-0.0001,0.0737,-0.0216,-0.0422,-0.0078,0.0,0.0,0.0,0.0,0.0,
6088113991,화성산업(주),,,,,0.0011,0.0005,0.0005,0.0072,0.0003,0.0018,,0.0,0.0,0.0,0.0,-0.0006,0.0,0.0067,-0.0069,0.0015,0.0,
6088124071,조아제약(주),0.0243,0.1425,0.0589,,,,,,,,,0.1182,-0.0836,0.0,0.0,0.0,0.0,0.0,0.0,0.0,0.0,
6088126953,(주)다린,,,0.0001,0.0003,0.0006,0.0001,0.0002,,,,,0.0,0.0,0.0002,0.0003,-0.0005,0.0001,0.0,0.0,0.0,0.0,
6088149392,(주)캡스톤엔지니어링,0.0833,0.2294,,,,,,,,,,0.1461,0.0,0.0,0.0,0.0,0.0,0.0,0.0,0.0,0.0,
6088175250,한경티이씨주식회사,0.0149,0.2204,0.0152,0.0196,0.0835,0.0146,0.0038,0.0578,0.2514,,,0.2055,-0.2052,0.0044,0.0639,-0.0689,-0.0108,0.054,0.1936,0.0,0.0,
6088184967,주식회사동아,,0.011,0.1279,0.4729,,,,,,,,0.0,0.1169,0.345,0.0,0.0,0.0,0.0,0.0,0.0,0.0,
6088189128,케이지에너켐(주),0.2526,,,,,,,,,,,0.0,0.0,0.0,0.0,0.0,0.0,0.0,0.0,0.0,0.0,
6088194198,대달산업주식회사,0.2632,0.7344,,,,,,,,,,0.4712,0.0,0.0,0.0,0.0,0.0,0.0,0.0,0.0,0.0,
6088601170,케이원산업(주),,0.002,0.0048,0.041,0.0094,0.1932,,,,,,0.0,0.0028,0.0362,-0.0316,0.1838,0.0,0.0,0.0,0.0,0.0,
6098104520,(주)프라스테크,0.7908,,,,,,,,,,,0.0,0.0,0.0,0.0,0.0,0.0,0.0,0.0,0.0,0.0,
6098111583,신대양주식회사,0.0018,0.0115,0.0689,0.1296,,,,,,,,0.0097,0.0574,0.0607,0.0,0.0,0.0,0.0,0.0,0.0,0.0,
6098135154,나무플라텍(주),,,,,0.0196,0.0005,0.0016,0.0041,0.0104,,,0.0,0.0,0.0,0.0,-0.0191,0.0011,0.0025,0.0063,0.0,0.0,
6098151950,(주)오코,0.1216,0.7664,,,,,,,,,,0.6448,0.0,0.0,0.0,0.0,0.0,0.0,0.0,0.0,0.0,
6098152245,신우플라테크(주),,,0.0011,0.008,0.0121,,,,,,,0.0,0.0,0.0069,0.0041,0.0,0.0,0.0,0.0,0.0,0.0,
6098615018,독립바이오제약주식회사,,,,,,,0.005,0.032,0.2099,,,0.0,0.0,0.0,0.0,0.0,0.0,0.027,0.1779,0.0,0.0,
6108100029,롯데정밀화학(주),0.0762,0.3055,,,,,,,,,,0.2293,0.0,0.0,0.0,0.0,0.0,0.0,0.0,0.0,0.0,
6108102987,어프로티움(주),0.0214,0.0924,0.258,,,,,,,,,0.071,0.1656,0.0,0.0,0.0,0.0,0.0,0.0,0.0,0.0,
6108107250,플루오린코리아정밀화학주식회사,0.0043,0.001,0.0011,0.0018,0.0125,0.0184,,,,,,-0.0033,0.0001,0.0007,0.0107,0.0059,0.0,0.0,0.0,0.0,0.0,
6108110473,케이오씨(주),0.0219,0.0415,0.6123,,,,,,,,,0.0196,0.5708,0.0,0.0,0.0,0.0,0.0,0.0,0.0,0.0,
6108114275,(주)용진유화,0.0017,0.0009,0.0029,0.0042,0.0088,0.1991,0.838,,,,,-0.0008,0.002,0.0013,0.0046,0.1903,0.6389,0.0,0.0,0.0,0.0,
6108121927,아세아아세틸스주식회사,0.0004,0.0003,0.0004,,,,,,,,,-0.0001,0.0001,0.0,0.0,0.0,0.0,0.0,0.0,0.0,0.0,
6108138108,코리아피티지(주),0.0064,0.0162,0.0229,0.1717,0.552,,,,,,,0.0098,0.0067,0.1488,0.3803,0.0,0.0,0.0,0.0,0.0,0.0,
6108139989,(주)에이앤티시스템,,,,,,0.0019,0.0804,0.3312,0.0574,,,0.0,0.0,0.0,0.0,0.0,0.0785,0.2508,-0.2738,0.0,0.0,
6108165769,(주)유성인젝션,0.0053,0.0038,0.0064,0.0681,0.0457,0.6449,,,,,,-0.0015,0.0026,0.0617,-0.0224,0.5992,0.0,0.0,0.0,0.0,0.0,
6108166526,(주)씨앤투스,0.0007,0.0012,0.0013,0.0624,0.0329,0.2066,,,,,,0.0005,0.0001,0.0611,-0.0295,0.1737,0.0,0.0,0.0,0.0,0.0,
6108170127,(주)케이피켐텍,0.0841,0.0372,0.1489,0.0116,0.0078,0.0012,0.0307,0.0802,0.0857,,,-0.0469,0.1117,-0.1373,-0.0038,-0.0066,0.0295,0.0495,0.0055,0.0,0.0,
6108171811,주식회사위즈켐,0.0031,0.0072,0.018,0.1969,0.9102,,,,,,,0.0041,0.0108,0.1789,0.7133,0.0,0.0,0.0,0.0,0.0,0.0,
6108196374,이스트만화이버코리아주식회사,0.0005,0.0122,0.0006,0.0047,0.1531,0.6713,,,,,,0.0117,-0.0116,0.0041,0.1484,0.5182,0.0,0.0,0.0,0.0,0.0,
6108603583,주식회사네오플러스,,0.0023,0.0025,0.0049,,,,,,,,0.0,0.0002,0.0024,0.0,0.0,0.0,0.0,0.0,0.0,0.0,
6108606917,에스엠피주식회사,0.2186,0.0858,0.6692,,,,,,,,,-0.1328,0.5834,0.0,0.0,0.0,0.0,0.0,0.0,0.0,0.0,
6108611948,주식회사엘바텍,0.3765,0.3746,0.8196,,,,,,,,,-0.0019,0.445,0.0,0.0,0.0,0.0,0.0,0.0,0.0,0.0,
6108623411,이니츠주식회사,0.0094,0.0633,0.1036,0.0496,0.0907,,,,,,,0.0539,0.0403,-0.054,0.0411,0.0,0.0,0.0,0.0,0.0,0.0,
6138100770,신흥화학주식회사,0.3897,0.185,0.0643,0.5081,0.8954,,,,,,,-0.2047,-0.1207,0.4438,0.3873,0.0,0.0,0.0,0.0,0.0,0.0,
6138100810,주식회사삼화대림화학,0.0095,0.0884,0.013,0.0425,0.0902,,,,,,,0.0789,-0.0754,0.0295,0.0477,0.0,0.0,0.0,0.0,0.0,0.0,
6138111942,구니카주식회사,0.0045,0.0078,0.0007,0.0009,0.0246,0.1956,0.7679,,,,,0.0033,-0.0071,0.0002,0.0237,0.171,0.5723,0.0,0.0,0.0,0.0,
6138117742,주식회사나노,0.0291,,,,,,,,,,,0.0,0.0,0.0,0.0,0.0,0.0,0.0,0.0,0.0,0.0,
6138124578,주식회사에이스바이오메드,,0.0202,0.2905,0.5101,,,,,,,,0.0,0.2703,0.2196,0.0,0.0,0.0,0.0,0.0,0.0,0.0,
6138163381,한국신텍스제약(주),,,0.0092,0.1335,0.0411,0.1154,0.0055,0.0292,,,,0.0,0.0,0.1243,-0.0924,0.0743,-0.1099,0.0237,0.0,0.0,0.0,
6138169503,(주)호림철강,0.0039,0.07,0.016,0.006,,,,,,,,0.0661,-0.054,-0.01,0.0,0.0,0.0,0.0,0.0,0.0,0.0,
6138800653,신원하이테크주식회사,,,,,,0.025,0.0745,0.653,,,,0.0,0.0,0.0,0.0,0.0,0.0495,0.5785,0.0,0.0,0.0,
6158111652,(주)신승오앤에프,0.0174,,,,,,,,,,,0.0,0.0,0.0,0.0,0.0,0.0,0.0,0.0,0.0,0.0,
6158116735,대광화공주식회사,,0.0005,0.0354,0.4897,0.0007,0.0765,,,,,,0.0,0.0349,0.4543,-0.489,0.0758,0.0,0.0,0.0,0.0,0.0,
6158123105,성림공업주식회사,0.0988,0.0693,0.5719,,,,,,,,,-0.0295,0.5026,0.0,0.0,0.0,0.0,0.0,0.0,0.0,0.0,
6158124142,신효산업주식회사,0.7076,,,,,,,,,,,0.0,0.0,0.0,0.0,0.0,0.0,0.0,0.0,0.0,0.0,
6158132531,(주)하이코,0.1891,0.7102,,,,,,,,,,0.5211,0.0,0.0,0.0,0.0,0.0,0.0,0.0,0.0,0.0,
6158152027,진양폼테크(주),0.0007,0.0007,0.0007,0.0218,,,,,,,,0.0,0.0,0.0211,0.0,0.0,0.0,0.0,0.0,0.0,0.0,
6158178158,(주)대원플라텍,0.0002,0.0012,0.0178,0.1109,0.551,,,,,,,0.001,0.0166,0.0931,0.4401,0.0,0.0,0.0,0.0,0.0,0.0,
6158180197,(주)나후사이언텍,0.1237,0.7284,,,,,,,,,,0.6047,0.0,0.0,0.0,0.0,0.0,0.0,0.0,0.0,0.0,
6158184188,주식회사삼진,,0.0016,0.002,0.0009,0.0003,0.0386,0.0304,0.1697,,,,0.0,0.0004,-0.0011,-0.0006,0.0383,-0.0082,0.1393,0.0,0.0,0.0,
6158187448,필드마스터주식회사,,,,,,0.0003,0.0001,0.0131,,,,0.0,0.0,0.0,0.0,0.0,-0.0002,0.013,0.0,0.0,0.0,
6158602269,주식회사레미타이트,,,0.001,0.0015,0.0325,0.3447,,,,0.485,,0.0,0.0,0.0005,0.031,0.3122,0.0,0.0,0.0,0.0,0.0,
6158607702,(주)화동,0.0105,0.1039,0.1488,,,,,,,,,0.0934,0.0449,0.0,0.0,0.0,0.0,0.0,0.0,0.0,0.0,
6168151720,(주)비티오제약,0.0008,,,,,,,,,,,0.0,0.0,0.0,0.0,0.0,0.0,0.0,0.0,0.0,0.0,
6178198937,(주)제이엠신소재,0.2189,0.6356,,,,,,,,,,0.4167,0.0,0.0,0.0,0.0,0.0,0.0,0.0,0.0,0.0,
6208110989,한미실업주식회사,0.029,,,,,,,,,,,0.0,0.0,0.0,0.0,0.0,0.0,0.0,0.0,0.0,0.0,
6208111052,명신비료,0.0042,0.0068,0.0039,0.0017,0.0046,0.0011,,,,,,0.0026,-0.0029,-0.0022,0.0029,-0.0035,0.0,0.0,0.0,0.0,0.0,
6208112750,광성인비스(주),,,,,0.0013,0.0593,0.0473,0.3442,0.5055,,,0.0,0.0,0.0,0.0,0.058,-0.012,0.2969,0.1613,0.0,0.0,
6208115553,(주)서연씨엔에프투자,0.0407,0.0166,,,,,,,,,,-0.0241,0.0,0.0,0.0,0.0,0.0,0.0,0.0,0.0,0.0,
6208117959,동덕산업가스(주),0.0102,0.0128,0.0089,0.0674,0.0207,,,,,,,0.0026,-0.0039,0.0585,-0.0467,0.0,0.0,0.0,0.0,0.0,0.0,
6208121813,주식회사대하,,,,0.003,0.1041,0.095,,,,,,0.0,0.0,0.0,0.1011,-0.0091,0.0,0.0,0.0,0.0,0.0,
6218103157,주식회사폼웍스,0.0029,0.0024,0.0029,0.0652,0.0049,0.0139,0.0174,0.053,0.3046,0.2015,,-0.0005,0.0005,0.0623,-0.0603,0.009,0.0035,0.0356,0.2516,-0.1031,0.0,
6218105174,(주)바이오빌,,,,,,,0.0149,0.1428,0.2456,,,0.0,0.0,0.0,0.0,0.0,0.0,0.1279,0.1028,0.0,0.0,
6218109281,(주)성우정공,0.015,0.0078,0.0426,,,,,,,,,-0.0072,0.0348,0.0,0.0,0.0,0.0,0.0,0.0,0.0,0.0,
6218109622,부성폴리콤주식회사,0.0699,0.1522,,,,,,,,,,0.0823,0.0,0.0,0.0,0.0,0.0,0.0,0.0,0.0,0.0,
6218119964,(주)에버코스,0.0081,0.0035,0.002,0.0026,0.0092,0.1373,0.0008,0.0465,0.1137,0.5319,,-0.0046,-0.0015,0.0006,0.0066,0.1281,-0.1365,0.0457,0.0672,0.4182,0.0,
6218120840,주식회사화승소재,0.0038,0.0026,0.0037,0.0024,0.0114,0.0019,0.001,0.0126,0.0014,,,-0.0012,0.0011,-0.0013,0.009,-0.0095,-0.0009,0.0116,-0.0112,0.0,0.0,
6218124638,도림통산(주),0.5235,,,,,,,,,,,0.0,0.0,0.0,0.0,0.0,0.0,0.0,0.0,0.0,0.0,
6218126131,(주)제씨콤,0.0417,0.0688,,,,,,,,,,0.0271,0.0,0.0,0.0,0.0,0.0,0.0,0.0,0.0,0.0,
6218132220,주식회사동양기업,0.0006,0.0011,0.0038,0.0259,0.0236,0.0815,0.0394,0.0421,0.0504,0.0905,,0.0005,0.0027,0.0221,-0.0023,0.0579,-0.0421,0.0027,0.0083,0.0401,0.0,
6218132424,(주)한미프렉시블,0.003,0.161,0.2506,0.8426,,,,,,,,0.158,0.0896,0.592,0.0,0.0,0.0,0.0,0.0,0.0,0.0,
6218135455,(주)한울에이치앤피이,0.2448,,,,,,,,,,,0.0,0.0,0.0,0.0,0.0,0.0,0.0,0.0,0.0,0.0,
6218136599,주식회사솔텍,0.0002,0.0002,0.0002,0.0002,0.0033,0.0215,,,,,,0.0,0.0,0.0,0.0031,0.0182,0.0,0.0,0.0,0.0,0.0,
6218139053,주영산업(주),0.0202,0.0386,0.0245,0.0253,0.0418,0.3006,,,,,,0.0184,-0.0141,0.0008,0.0165,0.2588,0.0,0.0,0.0,0.0,0.0,
6218139636,씨피시스템,,,,,0.0015,0.0002,0.0001,0.0004,0.0004,0.0006,,0.0,0.0,0.0,0.0,-0.0013,-0.0001,0.0003,0.0,0.0002,0.0,
6218156498,(주)리오엘리,,0.0152,0.0258,0.071,0.0539,0.9612,,,,,,0.0,0.0106,0.0452,-0.0171,0.9073,0.0,0.0,0.0,0.0,0.0,
6218159194,세계화학공업(주),0.5847,,,,,,,,,,,0.0,0.0,0.0,0.0,0.0,0.0,0.0,0.0,0.0,0.0,
6218161477,주식회사무진트레이딩,,,0.7024,,,,,,,,,0.0,0.0,0.0,0.0,0.0,0.0,0.0,0.0,0.0,0.0,
6218163062,남양매직(주),0.0489,0.0556,0.0057,0.0046,0.0068,0.0157,0.0087,0.0359,0.1087,0.3978,,0.0067,-0.0499,-0.0011,0.0022,0.0089,-0.007,0.0272,0.0728,0.2891,0.0,
6218164381,주식회사비아이티에코루브,0.0008,0.0011,0.0011,0.0008,0.0012,0.0079,0.0283,,,,,0.0003,0.0,-0.0003,0.0004,0.0067,0.0204,0.0,0.0,0.0,0.0,
6218176704,(주)대진지피아이,0.0158,0.0075,0.008,0.1007,0.0339,0.6671,,,,,,-0.0083,0.0005,0.0927,-0.0668,0.6332,0.0,0.0,0.0,0.0,0.0,
6218181148,동화일렉트로라이트(주),0.0288,0.0492,0.6418,,,,,,,,,0.0204,0.5926,0.0,0.0,0.0,0.0,0.0,0.0,0.0,0.0,
6218188082,비엔케미칼(주),0.6406,,,,,,,,,,,0.0,0.0,0.0,0.0,0.0,0.0,0.0,0.0,0.0,0.0,
6218604544,(주)유성화학,0.0022,0.0184,0.0466,0.084,,,,,,,,0.0162,0.0282,0.0374,0.0,0.0,0.0,0.0,0.0,0.0,0.0,
6228101754,(주)이클립스폴리머,0.0465,0.0478,0.0414,0.0418,,,,,,,,0.0013,-0.0064,0.0004,0.0,0.0,0.0,0.0,0.0,0.0,0.0,
6228101943,대영화학(주),0.003,0.0064,,,,,,,,,,0.0034,0.0,0.0,0.0,0.0,0.0,0.0,0.0,0.0,0.0,
6228102938,주식회사창민,0.8348,,,,,,,,,,,0.0,0.0,0.0,0.0,0.0,0.0,0.0,0.0,0.0,0.0,
6228103960,신일산업(주),0.6479,,,,,,,,,,,0.0,0.0,0.0,0.0,0.0,0.0,0.0,0.0,0.0,0.0,
6228104673,(주)카보라인코리아,0.0007,0.001,0.0009,0.0014,0.0522,0.4179,0.2042,,,,,0.0003,-0.0001,0.0005,0.0508,0.3657,-0.2137,0.0,0.0,0.0,0.0,
6228105139,대한산업주식회사,,,,0.0055,0.0166,0.8142,,,,,,0.0,0.0,0.0,0.0111,0.7976,0.0,0.0,0.0,0.0,0.0,
6228106894,주식회사이에스디코리아,0.0002,0.0004,0.0007,0.0016,0.0034,0.002,0.0005,0.0174,0.0527,0.1232,,0.0002,0.0003,0.0009,0.0018,-0.0014,-0.0015,0.0169,0.0353,0.0705,0.0,
6228110215,(주)하나에스디,0.0018,0.0035,0.0005,0.0001,0.0013,0.0002,0.0004,,,,,0.0017,-0.003,-0.0004,0.0012,-0.0011,0.0002,0.0,0.0,0.0,0.0,
6228114282,적수물산(주),,0.0008,0.0002,0.0006,0.0031,0.0006,,,,,,0.0,-0.0006,0.0004,0.0025,-0.0025,0.0,0.0,0.0,0.0,0.0,
6228114754,리뉴리퀴드서남주식회사,0.0004,0.0438,0.0014,0.0028,0.0155,0.0005,,,,,,0.0434,-0.0424,0.0014,0.0127,-0.015,0.0,0.0,0.0,0.0,0.0,
6228123758,주식회사동성티씨에스,0.0042,0.0015,0.0006,0.0016,0.0016,0.0337,0.241,0.6491,,,,-0.0027,-0.0009,0.001,0.0,0.0321,0.2073,0.4081,0.0,0.0,0.0,
6228124591,주식회사세호,0.0012,0.0032,0.0148,0.2732,0.432,,,,,,,0.002,0.0116,0.2584,0.1588,0.0,0.0,0.0,0.0,0.0,0.0,
6228126148,(주)와이씨텍,0.0103,0.0005,0.0002,0.0003,0.0047,0.025,0.0413,0.2373,,,,-0.0098,-0.0003,0.0001,0.0044,0.0203,0.0163,0.196,0.0,0.0,0.0,
6278700238,주식회사다미인,,,,,,0.0003,0.0001,0.0069,0.4709,,,0.0,0.0,0.0,0.0,0.0,-0.0002,0.0068,0.464,0.0,0.0,
6278700257,(주)지놈앤컴퍼니,,,0.0101,0.2122,0.016,0.1359,0.4771,0.7128,,,,0.0,0.0,0.2021,-0.1962,0.1199,0.3412,0.2357,0.0,0.0,0.0,
6298600071,이코리아인더스트리(주),,0.0314,0.1038,0.7392,,,,,,,,0.0,0.0724,0.6354,0.0,0.0,0.0,0.0,0.0,0.0,0.0,
6298700836,주식회사뷰케이코리아,,,,,,0.0084,0.1356,0.6926,,,,0.0,0.0,0.0,0.0,0.0,0.1272,0.557,0.0,0.0,0.0,
6438700507,주식회사코스네이처,,,,,,,0.0043,0.2356,0.6357,,,0.0,0.0,0.0,0.0,0.0,0.0,0.2313,0.4001,0.0,0.0,
6458601131,주식회사이니바이오,,,,,,0.0072,0.0396,0.5355,,,,0.0,0.0,0.0,0.0,0.0,0.0324,0.4959,0.0,0.0,0.0,
6678100520,주식회사진캐스트,,,,,,,0.0089,0.1685,0.8585,,,0.0,0.0,0.0,0.0,0.0,0.0,0.1596,0.69,0.0,0.0,
7098100090,부현아이비주식회사,,,,0.0039,0.0156,0.0045,,,,,,0.0,0.0,0.0,0.0117,-0.0111,0.0,0.0,0.0,0.0,0.0,
7158800250,주식회사다인폼,,,,0.0006,0.0111,0.0025,0.0043,0.0109,0.0027,0.001,,0.0,0.0,0.0,0.0105,-0.0086,0.0018,0.0066,-0.0082,-0.0017,0.0,
7228700061,주식회사글루가,,,,,,,,0.0037,0.059,0.2073,,0.0,0.0,0.0,0.0,0.0,0.0,0.0,0.0553,0.1483,0.0,
7248801651,주식회사트로이와이,,,,,,,0.0063,0.0883,0.3243,,,0.0,0.0,0.0,0.0,0.0,0.0,0.082,0.236,0.0,0.0,
7328100014,에스엠티바이오,,,,,,,0.0067,0.2824,0.8147,,,0.0,0.0,0.0,0.0,0.0,0.0,0.2757,0.5323,0.0,0.0,
7368700997,주식회사씨티케미칼,,,,,,0.0088,0.2421,0.0624,,,,0.0,0.0,0.0,0.0,0.0,0.2333,-0.1797,0.0,0.0,0.0,
7478101747,앨엔에이치테크(L&H테크)주식회사,,,,,,0.0041,0.0009,0.0015,,,,0.0,0.0,0.0,0.0,0.0,-0.0032,0.0006,0.0,0.0,0.0,
7548800920,(주)은학,,,,,0.0012,0.3233,0.8618,,,,,0.0,0.0,0.0,0.0,0.3221,0.5385,0.0,0.0,0.0,0.0,
7578600599,주식회사와이파인텍,,,,,,,,0.0025,0.0345,0.3006,,0.0,0.0,0.0,0.0,0.0,0.0,0.0,0.032,0.2661,0.0,
7638601555,(주)사이언스,,,,,,,,0.0071,0.18,0.1729,,0.0,0.0,0.0,0.0,0.0,0.0,0.0,0.1729,-0.0071,0.0,
7738601945,코오롱바이오텍주식회사,,,,,,,0.0071,0.5796,0.251,,,0.0,0.0,0.0,0.0,0.0,0.0,0.5725,-0.3286,0.0,0.0,
7748601045,주식회사한국키스미,,,,,0.0008,0.0041,,,0.0039,0.0006,,0.0,0.0,0.0,0.0,0.0033,0.0,0.0,0.0,-0.0033,0.0,
7778600083,프레스티지바이오로직스(주),,,,0.0076,0.0085,0.3762,,,,,,0.0,0.0,0.0,0.0009,0.3677,0.0,0.0,0.0,0.0,0.0,
7788600034,에스케이플라즈마주식회사,,,0.0021,0.0248,0.046,0.0775,0.1292,0.2052,,,,0.0,0.0,0.0227,0.0212,0.0315,0.0517,0.076,0.0,0.0,0.0,
7818700532,지에스에프씨(주),,,,0.0013,0.0132,0.0245,0.6851,,,,,0.0,0.0,0.0,0.0119,0.0113,0.6606,0.0,0.0,0.0,0.0,
7818800960,씨에스아이엠주식회사,,,,,,,,0.006,0.008,0.0622,,0.0,0.0,0.0,0.0,0.0,0.0,0.0,0.002,0.0542,0.0,
7838100157,주식회사리더스이엔지,,,,0.0012,0.0012,0.0046,0.0197,0.1806,0.0345,,,0.0,0.0,0.0,0.0,0.0034,0.0151,0.1609,-0.1461,0.0,0.0,
7888101715,(주)비제이텍,,,,,,,,0.0018,0.0023,0.0013,,0.0,0.0,0.0,0.0,0.0,0.0,0.0,0.0005,-0.001,0.0,
7938100339,주식회사신미글로벌,,,,,0.0013,0.1025,0.0004,0.0247,,,,0.0,0.0,0.0,0.0,0.1012,-0.1021,0.0243,0.0,0.0,0.0,
7998101016,코스본주식회사,,,,,,0.0014,0.0073,0.0821,0.1305,0.1589,,0.0,0.0,0.0,0.0,0.0,0.0059,0.0748,0.0484,0.0284,0.0,
8038800431,일동제약(주),,,0.0009,0.0007,0.0014,0.0149,0.1138,0.1539,0.1739,0.4026,,0.0,0.0,-0.0002,0.0007,0.0135,0.0989,0.0401,0.02,0.2287,0.0,
8188800879,주식회사비엘코스메틱,,,,,,0.0023,0.0041,0.0536,0.0063,0.0478,,0.0,0.0,0.0,0.0,0.0,0.0018,0.0495,-0.0473,0.0415,0.0,
8238800226,롯데첨단소재주식회사,,,0.0004,0.0001,0.0005,0.0001,,,,,,0.0,0.0,-0.0003,0.0004,-0.0004,0.0,0.0,0.0,0.0,0.0,
8338600063,오스템파마주식회사,,,,,,,0.0074,0.2808,0.557,,,0.0,0.0,0.0,0.0,0.0,0.0,0.2734,0.2762,0.0,0.0,
8468600036,지유앤시스템즈주식회사,,0.0275,0.1243,0.5093,,,,,,,,0.0,0.0968,0.385,0.0,0.0,0.0,0.0,0.0,0.0,0.0,
8488100323,주식회사휴온스생명과학,,,0.0142,0.0724,0.9474,,,,,,,0.0,0.0,0.0582,0.875,0.0,0.0,0.0,0.0,0.0,0.0,
8488100662,주식회사두인,,,,0.0023,0.0041,0.0045,0.024,0.5205,0.1653,,,0.0,0.0,0.0,0.0018,0.0004,0.0195,0.4965,-0.3552,0.0,0.0,
8488800661,(주)그래피,,,,,,,0.0056,0.3842,0.591,,,0.0,0.0,0.0,0.0,0.0,0.0,0.3786,0.2068,0.0,0.0,
8498700314,주식회사유앤생명과학,,,,,,,0.0061,0.2162,0.5124,,,0.0,0.0,0.0,0.0,0.0,0.0,0.2101,0.2962,0.0,0.0,
8538600844,(주)메드파크,,,,0.0049,0.0019,0.0694,0.0614,0.6224,,,,0.0,0.0,0.0,-0.003,0.0675,-0.008,0.561,0.0,0.0,0.0,
8588700415,주식회사송윤화학,,,0.0126,0.0117,0.0482,0.0265,0.1048,0.0141,,,,0.0,0.0,-0.0009,0.0365,-0.0217,0.0783,-0.0907,0.0,0.0,0.0,
8638600031,(주)유틸렉스,,0.0073,0.0299,0.3049,0.3745,,,,,,,0.0,0.0226,0.275,0.0696,0.0,0.0,0.0,0.0,0.0,0.0,
8648701141,대원하이텍주식회사,,,,,,0.0054,0.0057,0.0027,0.16,,,0.0,0.0,0.0,0.0,0.0,0.0003,-0.003,0.1573,0.0,0.0,
8748700682,주식회사메가코스,,,,0.01,0.3308,0.6244,,,,,,0.0,0.0,0.0,0.3208,0.2936,0.0,0.0,0.0,0.0,0.0,
8838600582,주식회사아이엠씨,,,,,,,0.0021,0.0227,0.2648,,,0.0,0.0,0.0,0.0,0.0,0.0,0.0206,0.2421,0.0,0.0,
8938700553,주식회사씨와이,,,,0.017,0.2253,0.5371,,,,,,0.0,0.0,0.0,0.2083,0.3118,0.0,0.0,0.0,0.0,0.0,
8978100010,주식회사미세테크,,,,0.0034,0.0045,0.0424,,,,,,0.0,0.0,0.0,0.0011,0.0379,0.0,0.0,0.0,0.0,0.0,
