사업자등록번호,회사명,연도,생애주기_최종,부실라벨_ICR3년,Porter5F,생애주기점수,산업충격민감도,기업충격민감도,부실확률,부실확률변화
1018137944,(주)대신티앤에스,2015,성숙기,0,38.29,5.6,0.0,56.41,19.43,52.0
1018137944,(주)대신티앤에스,2016,성숙기,0,35.48,0.0,19.68,42.21,26.95,54.96
1018172432,한국파이프콘베어(주),2015,성숙기,0,38.29,5.6,0.0,50.41,5.46,53.0
1018172432,한국파이프콘베어(주),2016,성숙기,0,35.48,0.0,19.68,61.8,0.53,48.15
1018172432,한국파이프콘베어(주),2017,쇠퇴기,0,0.0,100.0,24.1,61.21,62.24,83.99
1018172432,한국파이프콘베어(주),2018,성숙기,0,56.96,0.0,92.35,52.91,30.44,28.43
1018172432,한국파이프콘베어(주),2019,성숙기,0,44.21,0.0,100.0,46.27,27.42,47.91
1018172432,한국파이프콘베어(주),2020,성숙기,0,100.0,0.0,62.42,,8.71,40.35
1018172432,한국파이프콘베어(주),2021,조정기,0,25.99,24.6,38.9,25.35,34.83,63.6
1018172432,한국파이프콘베어(주),2022,조정기,0,44.25,26.1,54.23,16.23,64.22,64.15
1018665289,현대무벡스주식회사,2015,조정기,0,38.29,28.5,0.0,22.23,21.03,61.94
1018665289,현대무벡스주식회사,2016,성장기,0,35.48,2.2,19.68,36.25,16.58,48.38
1018665289,현대무벡스주식회사,2017,성장기,0,0.0,1.7,24.1,36.65,0.93,39.43
1018665289,현대무벡스주식회사,2018,성장기,0,56.96,1.0,92.35,37.47,1.02,46.3
1018665289,현대무벡스주식회사,2019,성숙기,0,44.21,0.0,100.0,27.79,0.11,49.18
1018665289,현대무벡스주식회사,2020,성숙기,0,100.0,0.0,62.42,56.22,0.08,50.65
1028141868,스미토모싸이크로코리아(주),2015,성숙기,0,38.29,5.6,0.0,53.58,0.46,50.26
1028141868,스미토모싸이크로코리아(주),2016,성숙기,0,35.48,0.0,19.68,53.85,0.02,50.64
1028141868,스미토모싸이크로코리아(주),2017,성숙기,0,0.0,0.0,24.1,55.49,0.49,48.68
1028141868,스미토모싸이크로코리아(주),2018,성숙기,0,56.96,0.0,92.35,53.77,0.37,46.19
1028141868,스미토모싸이크로코리아(주),2019,성숙기,0,44.21,0.0,100.0,52.46,0.49,49.76
1028141868,스미토모싸이크로코리아(주),2020,성숙기,0,100.0,0.0,62.42,62.28,0.47,50.65
1028141868,스미토모싸이크로코리아(주),2021,성숙기,0,25.99,0.0,38.9,55.29,0.51,48.89
1028141868,스미토모싸이크로코리아(주),2022,성숙기,0,44.25,0.0,54.23,38.13,0.8,47.55
1028141868,스미토모싸이크로코리아(주),2023,성숙기,0,24.44,0.0,55.25,51.52,0.65,48.77
1028141868,스미토모싸이크로코리아(주),2024,조정기,0,53.17,27.2,58.94,40.87,1.02,50.47
1028800167,영일엔지니어링(주),2016,조정기,0,35.48,33.5,19.68,46.84,3.42,51.01
1028800167,영일엔지니어링(주),2017,성장기,0,0.0,1.7,24.1,48.92,3.63,48.54
1028800167,영일엔지니어링(주),2018,도입기,0,56.96,75.8,92.35,49.91,6.51,47.89
1028800167,영일엔지니어링(주),2019,쇠퇴기,0,44.21,100.0,100.0,44.57,7.1,50.0
1028800167,영일엔지니어링(주),2020,성장기,0,100.0,0.8,62.42,65.16,6.12,50.12
1028800167,영일엔지니어링(주),2021,쇠퇴기,0,25.99,100.0,38.9,63.18,14.92,53.84
1028800167,영일엔지니어링(주),2022,쇠퇴기,0,44.25,100.0,54.23,39.52,19.37,49.8
1028800167,영일엔지니어링(주),2023,쇠퇴기,0,24.44,100.0,55.25,52.47,8.54,42.79
1028800167,영일엔지니어링(주),2024,도입기,0,53.17,92.8,58.94,41.76,32.08,63.22
1048134422,계양전기(주),2015,성숙기,0,38.29,5.6,0.0,50.41,0.42,47.24
1048134422,계양전기(주),2016,성숙기,0,35.48,0.0,19.68,46.44,0.13,50.71
1048134422,계양전기(주),2017,성숙기,0,0.0,0.0,24.1,49.01,2.81,49.96
1048134422,계양전기(주),2018,성숙기,0,56.96,0.0,92.35,49.04,9.89,50.26
1048134422,계양전기(주),2019,도입기,0,44.21,58.1,100.0,50.28,45.35,69.39
1048134422,계양전기(주),2020,도입기,0,100.0,68.6,62.42,60.38,22.65,38.14
1048134422,계양전기(주),2021,도입기,0,25.99,71.8,38.9,54.1,48.16,63.28
1048134422,계양전기(주),2022,도입기,0,44.25,70.4,54.23,36.26,64.49,56.35
1048134422,계양전기(주),2023,도입기,0,24.44,81.1,55.25,49.83,54.11,43.61
1048134422,계양전기(주),2024,도입기,1,53.17,92.8,58.94,39.9,68.75,58.15
1048171655,(주)고영테크놀러지,2015,성숙기,0,38.29,5.6,0.0,46.51,0.47,50.18
1048171655,(주)고영테크놀러지,2016,성숙기,0,35.48,0.0,19.68,42.9,0.25,50.75
1048171655,(주)고영테크놀러지,2017,성숙기,0,0.0,0.0,24.1,45.32,0.26,48.42
1048171655,(주)고영테크놀러지,2018,성장기,0,56.96,1.0,92.35,47.16,0.29,46.27
1048171655,(주)고영테크놀러지,2019,성숙기,0,44.21,0.0,100.0,49.32,1.16,50.17
1048171655,(주)고영테크놀러지,2020,성숙기,0,100.0,0.0,62.42,62.68,1.62,50.92
1048171655,(주)고영테크놀러지,2021,성숙기,0,25.99,0.0,38.9,58.66,1.04,48.53
1048171655,(주)고영테크놀러지,2022,성숙기,0,44.25,0.0,54.23,42.16,1.06,47.38
1048171655,(주)고영테크놀러지,2023,성숙기,0,24.44,0.0,55.25,54.79,1.54,49.14
1048171655,(주)고영테크놀러지,2024,성숙기,0,53.17,0.0,58.94,44.37,17.25,58.93
1048642437,에프이아이코리아주식회사,2015,성숙기,0,38.29,5.6,0.0,78.27,1.89,17.23
1048642437,에프이아이코리아주식회사,2016,성숙기,0,35.48,0.0,19.68,33.83,7.88,54.16
1048642437,에프이아이코리아주식회사,2017,성숙기,0,0.0,0.0,24.1,33.32,0.95,44.43
1048642437,에프이아이코리아주식회사,2018,성숙기,0,56.96,0.0,92.35,39.14,1.62,46.64
1048642437,에프이아이코리아주식회사,2019,성숙기,0,44.21,0.0,100.0,48.78,0.92,49.3
1048642437,에프이아이코리아주식회사,2020,조정기,0,100.0,22.0,62.42,62.35,6.24,53.59
1048642437,에프이아이코리아주식회사,2021,조정기,0,25.99,24.6,38.9,55.65,0.4,45.58
1048642437,에프이아이코리아주식회사,2022,성숙기,0,44.25,0.0,54.23,38.56,1.29,47.9
1048642437,에프이아이코리아주식회사,2023,성숙기,0,24.44,0.0,55.25,51.75,1.24,48.83
1048642437,에프이아이코리아주식회사,2024,성숙기,0,53.17,0.0,58.94,41.43,1.41,50.35
1058125362,주식회사림스코,2015,성숙기,0,38.29,5.6,0.0,53.77,0.6,50.4
1058125362,주식회사림스코,2016,성숙기,0,35.48,0.0,19.68,48.8,0.1,50.6
1058125362,주식회사림스코,2017,조정기,0,0.0,35.9,24.1,51.04,0.26,48.5
1058125362,주식회사림스코,2018,조정기,0,56.96,38.0,92.35,51.61,0.25,46.24
1058125362,주식회사림스코,2019,성숙기,0,44.21,0.0,100.0,52.14,0.23,49.68
1058125362,주식회사림스코,2020,성숙기,0,100.0,0.0,62.42,62.62,0.27,50.69
1058125362,주식회사림스코,2021,성숙기,0,25.99,0.0,38.9,54.54,0.24,48.84
1058125362,주식회사림스코,2022,조정기,0,44.25,26.1,54.23,39.8,0.44,47.5
1058125362,주식회사림스코,2023,조정기,0,24.44,24.8,55.25,52.85,0.42,48.84
1058125362,주식회사림스코,2024,성숙기,0,53.17,0.0,58.94,42.48,0.32,50.21
1058140174,주식회사아시안룩스,2015,쇠퇴기,0,38.29,100.0,0.0,60.61,18.28,59.32
1058140174,주식회사아시안룩스,2016,성장기,0,35.48,2.2,19.68,39.56,54.52,70.75
1058140174,주식회사아시안룩스,2017,조정기,0,0.0,35.9,24.1,40.99,23.74,30.79
1058140174,주식회사아시안룩스,2018,도입기,0,56.96,75.8,92.35,44.71,87.96,82.63
1058140174,주식회사아시안룩스,2019,성숙기,0,44.21,0.0,100.0,54.01,89.48,50.24
1058140174,주식회사아시안룩스,2020,쇠퇴기,1,100.0,100.0,62.42,58.69,94.11,53.12
1058153311,주식회사앱스,2015,성숙기,0,38.29,5.6,0.0,50.15,7.71,40.06
1058153311,주식회사앱스,2016,성장기,0,35.48,2.2,19.68,38.2,9.87,52.04
1058153311,주식회사앱스,2017,도입기,0,0.0,70.3,24.1,39.03,94.75,97.36
1058153311,주식회사앱스,2018,도입기,0,56.96,75.8,92.35,41.63,95.75,47.07
1058153311,주식회사앱스,2019,도입기,1,44.21,58.1,100.0,49.08,99.06,51.21
1058161015,효성굿스프링스(주),2015,성장기,0,38.29,0.0,0.0,26.93,7.28,53.04
1058161015,효성굿스프링스(주),2016,성숙기,0,35.48,0.0,19.68,39.4,23.96,60.02
1058161015,효성굿스프링스(주),2017,도입기,0,0.0,70.3,24.1,40.73,61.5,70.11
1058161015,효성굿스프링스(주),2018,성숙기,0,56.96,0.0,92.35,42.41,7.17,15.69
1058161015,효성굿스프링스(주),2019,도입기,0,44.21,58.1,100.0,49.57,12.76,52.78
1058161015,효성굿스프링스(주),2020,성숙기,0,100.0,0.0,62.42,57.35,69.03,81.58
1058161015,효성굿스프링스(주),2021,성숙기,0,25.99,0.0,38.9,51.15,20.03,21.35
1058161015,효성굿스프링스(주),2022,성숙기,0,44.25,0.0,54.23,32.72,7.67,39.91
1058161015,효성굿스프링스(주),2023,성숙기,0,24.44,0.0,55.25,46.94,1.37,45.28
1058161015,효성굿스프링스(주),2024,성숙기,0,53.17,0.0,58.94,37.44,0.61,49.84
1058167246,주식회사유진케임텍,2015,도입기,0,38.29,65.4,0.0,49.87,4.76,50.22
1058167246,주식회사유진케임텍,2016,성장기,0,35.48,2.2,19.68,46.84,5.46,51.24
1058167246,주식회사유진케임텍,2017,쇠퇴기,0,0.0,100.0,24.1,48.92,11.24,51.75
1058167246,주식회사유진케임텍,2023,도입기,0,24.44,81.1,55.25,47.91,91.99,48.85
1058167246,주식회사유진케임텍,2024,성장기,0,53.17,16.0,58.94,30.63,19.54,9.95
1058174771,(주)인텍플러스,2015,쇠퇴기,1,38.29,100.0,0.0,42.79,31.61,19.79
1058175009,신한에어텍주식회사,2018,성숙기,0,56.96,0.0,92.35,49.91,3.43,46.26
1058175009,신한에어텍주식회사,2019,조정기,0,44.21,25.7,100.0,51.55,4.66,50.37
1058175009,신한에어텍주식회사,2020,성숙기,0,100.0,0.0,62.42,60.99,26.49,62.66
1058175009,신한에어텍주식회사,2021,성숙기,0,25.99,0.0,38.9,60.85,0.11,34.03
1058175009,신한에어텍주식회사,2022,성숙기,0,44.25,0.0,54.23,46.4,0.26,47.46
1058175009,신한에어텍주식회사,2023,성숙기,0,24.44,0.0,55.25,62.26,0.06,48.73
1058175009,신한에어텍주식회사,2024,성숙기,0,53.17,0.0,58.94,50.15,0.11,50.3
1058185147,(주)위지트,2015,성장기,0,38.29,0.0,0.0,45.67,2.35,48.23
1058185147,(주)위지트,2016,성장기,0,35.48,2.2,19.68,48.63,1.82,50.58
1058185147,(주)위지트,2017,성장기,0,0.0,1.7,24.1,49.87,2.02,48.53
1058185147,(주)위지트,2018,성장기,0,56.96,1.0,92.35,51.44,3.86,47.3
1058185147,(주)위지트,2019,성장기,0,44.21,2.1,100.0,51.17,90.79,98.06
1058185147,(주)위지트,2020,조정기,0,100.0,22.0,62.42,65.94,62.97,35.28
1058185147,(주)위지트,2021,조정기,1,25.99,24.6,38.9,58.12,63.89,49.49
1058194928,(주)씨제이케이,2019,성장기,0,44.21,2.1,100.0,51.55,3.77,49.68
1058194928,(주)씨제이케이,2020,성장기,0,100.0,0.8,62.42,60.99,0.15,48.67
1058194928,(주)씨제이케이,2021,성장기,0,25.99,1.9,38.9,54.41,1.3,49.51
1058194928,(주)씨제이케이,2022,성장기,0,44.25,3.1,54.23,36.9,17.27,56.71
1058194928,(주)씨제이케이,2023,성장기,0,24.44,13.2,55.25,50.72,1.4,39.83
1058194928,(주)씨제이케이,2024,성장기,0,53.17,16.0,58.94,40.77,4.7,52.08
1058632664,주식회사에어텍,2016,성장기,0,35.48,2.2,19.68,46.84,8.07,51.01
1058632664,주식회사에어텍,2017,성장기,0,0.0,1.7,24.1,48.92,51.05,73.21
1058632664,주식회사에어텍,2018,성장기,0,56.96,1.0,92.35,49.91,26.37,32.43
1058632664,주식회사에어텍,2019,도입기,0,44.21,58.1,100.0,49.66,25.28,48.99
1058632664,주식회사에어텍,2020,성장기,0,100.0,0.8,62.42,61.67,18.11,46.7
1058632664,주식회사에어텍,2021,도입기,0,25.99,71.8,38.9,56.99,61.71,73.48
1058632664,주식회사에어텍,2022,조정기,0,44.25,26.1,54.23,36.38,63.04,47.4
1058632664,주식회사에어텍,2023,성장기,1,24.44,13.2,55.25,49.91,66.78,51.81
1058671842,케이투레이저시스템(주),2022,성장기,0,44.25,3.1,54.23,36.93,37.52,47.42
1058671842,케이투레이저시스템(주),2023,도입기,0,24.44,81.1,55.25,50.57,39.63,50.54
1058671842,케이투레이저시스템(주),2024,도입기,0,53.17,92.8,58.94,40.55,70.49,67.15
1058708273,주식회사쓰리에이씨,2017,성장기,0,0.0,1.7,24.1,48.92,4.89,48.42
1058708273,주식회사쓰리에이씨,2018,성숙기,0,56.96,0.0,92.35,49.91,0.03,43.52
1058708273,주식회사쓰리에이씨,2019,성장기,0,44.21,2.1,100.0,51.55,0.68,50.05
1058708273,주식회사쓰리에이씨,2020,성장기,0,100.0,0.8,62.42,50.58,26.29,64.74
1058708273,주식회사쓰리에이씨,2021,성장기,0,25.99,1.9,38.9,52.51,78.54,78.37
1058708273,주식회사쓰리에이씨,2022,성장기,0,44.25,3.1,54.23,35.69,72.47,42.87
1058708273,주식회사쓰리에이씨,2023,성숙기,1,24.44,0.0,55.25,49.6,81.97,55.27
1058738796,케이씨코트렐(주),2015,조정기,1,38.29,28.5,0.0,30.07,65.79,52.07
1058765478,(주)티에이테크인터내셔널,2021,성장기,0,25.99,1.9,38.9,54.41,13.49,48.84
1058765478,(주)티에이테크인터내셔널,2022,도입기,0,44.25,70.4,54.23,36.93,45.36,65.86
1058765478,(주)티에이테크인터내셔널,2023,성장기,0,24.44,13.2,55.25,50.57,91.64,76.33
1058765478,(주)티에이테크인터내셔널,2024,쇠퇴기,0,53.17,100.0,58.94,44.85,91.23,49.7
1058800360,동양기전(주),2019,성숙기,0,44.21,0.0,100.0,51.55,4.37,49.68
1058800360,동양기전(주),2020,성숙기,0,100.0,0.0,62.42,60.99,3.41,50.13
1058800360,동양기전(주),2021,성숙기,0,25.99,0.0,38.9,54.41,26.23,61.74
1058800360,동양기전(주),2022,성숙기,0,44.25,0.0,54.23,36.87,7.7,36.22
1058800360,동양기전(주),2023,성숙기,0,24.44,0.0,55.25,50.7,1.34,45.24
1058800360,동양기전(주),2024,성숙기,0,53.17,0.0,58.94,40.51,0.69,49.9
1068128552,티와이엠(주),2015,성장기,0,38.29,0.0,0.0,47.42,31.73,38.64
1068128552,티와이엠(주),2016,성장기,0,35.48,2.2,19.68,48.35,41.33,56.08
1068128552,티와이엠(주),2017,성숙기,0,0.0,0.0,24.1,50.44,79.2,70.34
1068128552,티와이엠(주),2018,성숙기,1,56.96,0.0,92.35,53.71,82.6,48.38
1068141079,한국알파라발(주),2015,성숙기,0,38.29,5.6,0.0,48.75,1.63,50.46
1068141079,한국알파라발(주),2016,성숙기,0,35.48,0.0,19.68,53.29,1.26,50.67
1068141079,한국알파라발(주),2017,성숙기,0,0.0,0.0,24.1,54.17,4.52,50.3
1068141079,한국알파라발(주),2018,성숙기,0,56.96,0.0,92.35,53.31,1.38,44.49
1068141079,한국알파라발(주),2019,성숙기,0,44.21,0.0,100.0,53.56,0.09,48.97
1068141079,한국알파라발(주),2020,성숙기,0,100.0,0.0,62.42,58.12,0.19,50.72
1068141079,한국알파라발(주),2021,성숙기,0,25.99,0.0,38.9,54.82,4.67,51.39
1068141079,한국알파라발(주),2022,성숙기,0,44.25,0.0,54.23,38.15,1.09,45.23
1068141079,한국알파라발(주),2023,성숙기,0,24.44,0.0,55.25,51.48,1.58,49.15
1068141079,한국알파라발(주),2024,성숙기,0,53.17,0.0,58.94,40.83,2.74,50.9
1068147224,(주)보부하이테크,2015,성장기,0,38.29,0.0,0.0,51.23,5.24,51.37
1068147224,(주)보부하이테크,2016,성장기,0,35.48,2.2,19.68,52.16,2.73,49.48
1068147224,(주)보부하이테크,2017,성장기,0,0.0,1.7,24.1,55.3,0.99,47.41
1068147224,(주)보부하이테크,2018,성장기,0,56.96,1.0,92.35,57.47,0.69,46.08
1068147224,(주)보부하이테크,2019,성숙기,0,44.21,0.0,100.0,53.6,7.78,53.64
1068147224,(주)보부하이테크,2020,성숙기,0,100.0,0.0,62.42,68.78,3.66,48.39
1068147224,(주)보부하이테크,2021,성장기,0,25.99,1.9,38.9,62.79,8.87,51.81
1068147224,(주)보부하이테크,2022,성장기,0,44.25,3.1,54.23,41.82,3.72,44.26
1068147224,(주)보부하이테크,2023,성숙기,0,24.44,0.0,55.25,54.62,12.69,54.11
1068147224,(주)보부하이테크,2024,성숙기,0,53.17,0.0,58.94,44.28,1.04,43.79
1068175604,(주)득인기공,2015,성장기,0,38.29,0.0,0.0,51.38,7.58,53.3
1068175604,(주)득인기공,2016,성장기,0,35.48,2.2,19.68,45.78,11.18,52.84
1068175604,(주)득인기공,2017,성장기,0,0.0,1.7,24.1,47.57,8.0,46.6
1068175604,(주)득인기공,2018,조정기,0,56.96,38.0,92.35,48.7,16.49,51.07
1068175604,(주)득인기공,2019,성장기,0,44.21,2.1,100.0,50.36,13.17,47.79
1068175604,(주)득인기공,2020,성장기,0,100.0,0.8,62.42,60.74,9.59,48.69
1068175604,(주)득인기공,2021,성장기,0,25.99,1.9,38.9,53.37,5.92,46.81
1068175604,(주)득인기공,2022,성장기,0,44.25,3.1,54.23,38.48,12.59,51.22
1068175604,(주)득인기공,2023,쇠퇴기,0,24.44,100.0,55.25,51.74,14.69,50.23
1068175604,(주)득인기공,2024,도입기,0,53.17,92.8,58.94,41.7,16.47,51.19
1068199741,(주)GIMCO,2015,성장기,0,38.29,0.0,0.0,49.87,4.76,47.05
1068199741,(주)GIMCO,2016,성장기,0,35.48,2.2,19.68,46.84,5.81,51.44
1068199741,(주)GIMCO,2017,성장기,0,0.0,1.7,24.1,60.06,80.16,91.28
1068623061,(주)포스뱅크,2015,성장기,0,38.29,0.0,0.0,50.17,2.03,46.21
1068623061,(주)포스뱅크,2016,성장기,0,35.48,2.2,19.68,47.36,4.94,52.47
1068623061,(주)포스뱅크,2017,성장기,0,0.0,1.7,24.1,50.16,71.58,86.84
1068623061,(주)포스뱅크,2018,도입기,0,56.96,75.8,92.35,51.54,37.93,27.41
1068623061,(주)포스뱅크,2019,도입기,0,44.21,58.1,100.0,51.8,7.11,32.41
1068623061,(주)포스뱅크,2020,성숙기,0,100.0,0.0,62.42,61.47,41.79,69.72
1068623061,(주)포스뱅크,2021,성숙기,0,25.99,0.0,38.9,56.07,5.64,28.55
1068623061,(주)포스뱅크,2022,성장기,0,44.25,3.1,54.23,42.34,0.31,44.2
1068623061,(주)포스뱅크,2023,조정기,0,24.44,24.8,55.25,54.84,0.13,48.74
1068623061,(주)포스뱅크,2024,도입기,0,53.17,92.8,58.94,44.36,4.84,52.87
1068640809,하이엠솔루텍주식회사,2015,성숙기,0,38.29,5.6,0.0,49.7,0.36,50.09
1068640809,하이엠솔루텍주식회사,2016,성숙기,0,35.48,0.0,19.68,47.69,0.54,50.97
1068640809,하이엠솔루텍주식회사,2017,성숙기,0,0.0,0.0,24.1,49.46,4.23,50.54
1068640809,하이엠솔루텍주식회사,2018,성숙기,0,56.96,0.0,92.35,51.01,9.1,49.02
1068640809,하이엠솔루텍주식회사,2019,성숙기,0,44.21,0.0,100.0,49.45,4.15,46.91
1068640809,하이엠솔루텍주식회사,2020,성숙기,0,100.0,0.0,62.42,59.59,7.76,52.65
1068640809,하이엠솔루텍주식회사,2021,성숙기,0,25.99,0.0,38.9,62.57,61.86,79.38
1068640809,하이엠솔루텍주식회사,2022,조정기,0,44.25,26.1,54.23,40.64,59.38,45.18
1068640809,하이엠솔루텍주식회사,2023,조정기,0,24.44,24.8,55.25,53.6,45.37,41.43
1068640809,하이엠솔루텍주식회사,2024,성숙기,0,53.17,0.0,58.94,42.97,1.28,25.78
1078118678,주식회사와이디피,2015,성숙기,0,38.29,5.6,0.0,50.11,0.36,50.2
1078118678,주식회사와이디피,2016,성숙기,0,35.48,0.0,19.68,45.34,4.61,53.21
1078118678,주식회사와이디피,2017,도입기,0,0.0,70.3,24.1,47.62,6.88,49.73
1078118678,주식회사와이디피,2018,성숙기,0,56.96,0.0,92.35,48.91,4.24,44.78
1078118678,주식회사와이디피,2019,성숙기,0,44.21,0.0,100.0,50.56,0.7,47.7
1078118678,주식회사와이디피,2020,성숙기,0,100.0,0.0,62.42,57.49,0.31,50.45
1078118678,주식회사와이디피,2021,성숙기,0,25.99,0.0,38.9,54.98,0.83,49.16
1078118678,주식회사와이디피,2022,쇠퇴기,0,44.25,100.0,54.23,37.63,31.95,65.57
1078118678,주식회사와이디피,2023,성숙기,0,24.44,0.0,55.25,51.1,0.43,30.91
1078118678,주식회사와이디피,2024,성숙기,0,53.17,0.0,58.94,41.06,0.42,50.26
1078122376,(주)엘케이,2015,성숙기,0,38.29,5.6,0.0,54.53,1.09,50.28
1078122376,(주)엘케이,2016,조정기,0,35.48,33.5,19.68,45.86,1.11,50.88
1078122376,(주)엘케이,2017,성숙기,0,0.0,0.0,24.1,46.4,1.19,48.46
1078122376,(주)엘케이,2018,성숙기,0,56.96,0.0,92.35,47.72,0.61,45.93
1078122376,(주)엘케이,2019,성숙기,0,44.21,0.0,100.0,51.31,32.0,67.16
1078122376,(주)엘케이,2020,성장기,0,100.0,0.8,62.42,69.22,48.55,59.73
1078122376,(주)엘케이,2021,조정기,0,25.99,24.6,38.9,57.05,78.13,65.62
1078122376,(주)엘케이,2022,성장기,1,44.25,3.1,54.23,39.21,45.45,27.31
1078132520,디아이케이(주),2015,성숙기,0,38.29,5.6,0.0,49.87,5.1,18.44
1078132520,디아이케이(주),2016,성숙기,0,35.48,0.0,19.68,44.78,9.66,53.36
1078132520,디아이케이(주),2017,성숙기,0,0.0,0.0,24.1,46.97,4.71,45.58
1078132520,디아이케이(주),2018,성숙기,0,56.96,0.0,92.35,47.89,20.13,54.99
1078132520,디아이케이(주),2019,조정기,0,44.21,25.7,100.0,45.83,8.96,43.4
1078132520,디아이케이(주),2020,조정기,0,100.0,22.0,62.42,59.93,77.84,88.51
1078132520,디아이케이(주),2021,쇠퇴기,0,25.99,100.0,38.9,54.83,84.23,52.59
1078132520,디아이케이(주),2022,도입기,1,44.25,70.4,54.23,35.06,98.92,54.95
1078135721,한국특수공구(주),2015,쇠퇴기,0,38.29,100.0,0.0,42.23,84.83,73.03
1078135721,한국특수공구(주),2016,쇠퇴기,0,35.48,100.0,19.68,46.86,73.23,44.3
1078135721,한국특수공구(주),2017,쇠퇴기,1,0.0,100.0,24.1,47.71,65.38,44.06
1078136263,(주)우신시스템,2015,성장기,0,38.29,0.0,0.0,62.23,5.39,51.04
1078136263,(주)우신시스템,2016,성숙기,0,35.48,0.0,19.68,42.75,0.31,48.07
1078136263,(주)우신시스템,2017,성장기,0,0.0,1.7,24.1,43.79,24.87,62.57
1078136263,(주)우신시스템,2018,도입기,0,56.96,75.8,92.35,44.1,75.99,75.22
1078136263,(주)우신시스템,2019,성숙기,0,44.21,0.0,100.0,46.46,47.5,33.57
1078136263,(주)우신시스템,2020,성장기,1,100.0,0.8,62.42,61.27,86.6,72.11
1078137317,청우하이드로(주),2015,성숙기,0,38.29,5.6,0.0,40.17,0.43,50.12
1078137317,청우하이드로(주),2016,성숙기,0,35.48,0.0,19.68,49.06,1.66,51.55
1078137317,청우하이드로(주),2017,성숙기,0,0.0,0.0,24.1,48.61,0.76,47.9
1078137317,청우하이드로(주),2018,성숙기,0,56.96,0.0,92.35,49.99,3.19,47.62
1078137317,청우하이드로(주),2019,성숙기,0,44.21,0.0,100.0,51.32,33.05,66.3
1078137317,청우하이드로(주),2020,성숙기,0,100.0,0.0,62.42,65.08,1.04,33.04
1078137317,청우하이드로(주),2021,성숙기,0,25.99,0.0,38.9,49.14,5.08,51.14
1078137317,청우하이드로(주),2022,성숙기,0,44.25,0.0,54.23,34.34,8.15,49.11
1078137317,청우하이드로(주),2023,조정기,0,24.44,24.8,55.25,48.19,1.07,44.83
1078137317,청우하이드로(주),2024,성숙기,0,53.17,0.0,58.94,38.38,0.73,50.08
1078141131,(주)대정워터스,2021,성장기,0,25.99,1.9,38.9,54.41,9.99,48.84
1078141131,(주)대정워터스,2022,성장기,0,44.25,3.1,54.23,36.93,17.5,51.66
1078141131,(주)대정워터스,2023,성장기,0,24.44,13.2,55.25,50.57,13.1,46.5
1078141131,(주)대정워터스,2024,성장기,0,53.17,16.0,58.94,39.45,7.81,47.3
1078141621,(주)신성엔지니어링,2015,쇠퇴기,0,38.29,100.0,0.0,50.52,63.65,82.08
1078141621,(주)신성엔지니어링,2016,쇠퇴기,0,35.48,100.0,19.68,39.03,4.23,18.07
1078141621,(주)신성엔지니어링,2017,성숙기,0,0.0,0.0,24.1,42.83,1.71,46.97
1078141621,(주)신성엔지니어링,2018,성숙기,0,56.96,0.0,92.35,46.53,6.73,49.09
1078141621,(주)신성엔지니어링,2019,쇠퇴기,0,44.21,100.0,100.0,49.28,5.6,49.04
1078141621,(주)신성엔지니어링,2020,쇠퇴기,0,100.0,100.0,62.42,54.04,1.89,48.62
1078141621,(주)신성엔지니어링,2021,성숙기,0,25.99,0.0,38.9,53.88,8.59,52.64
1078141621,(주)신성엔지니어링,2022,성숙기,0,44.25,0.0,54.23,36.4,0.99,42.83
1078141621,(주)신성엔지니어링,2023,성숙기,0,24.44,0.0,55.25,50.26,4.48,50.89
1078141621,(주)신성엔지니어링,2024,성숙기,0,53.17,0.0,58.94,40.88,0.21,47.89
1078145758,(주)현대에버다임,2015,도입기,0,38.29,65.4,0.0,49.7,0.84,47.77
1078145758,(주)현대에버다임,2016,성숙기,0,35.48,0.0,19.68,43.91,0.8,50.85
1078145758,(주)현대에버다임,2017,성숙기,0,0.0,0.0,24.1,45.37,4.49,50.54
1078145758,(주)현대에버다임,2018,성숙기,0,56.96,0.0,92.35,46.21,0.57,44.04
1078145758,(주)현대에버다임,2019,도입기,0,44.21,58.1,100.0,51.21,38.14,70.6
1078145758,(주)현대에버다임,2020,성숙기,0,100.0,0.0,62.42,63.5,33.36,48.0
1078145758,(주)현대에버다임,2021,도입기,0,25.99,71.8,38.9,54.68,59.05,63.4
1078145758,(주)현대에버다임,2022,도입기,0,44.25,70.4,54.23,38.87,5.28,15.21
1078145758,(주)현대에버다임,2023,도입기,0,24.44,81.1,55.25,52.13,0.87,46.34
1078145758,(주)현대에버다임,2024,성장기,0,53.17,16.0,58.94,41.97,3.51,51.72
1078171881,(주)티에이밸브,2015,성장기,0,38.29,0.0,0.0,51.04,2.8,51.66
1078171881,(주)티에이밸브,2016,조정기,0,35.48,33.5,19.68,37.71,67.77,86.58
1078171881,(주)티에이밸브,2017,조정기,0,0.0,35.9,24.1,39.69,6.8,13.42
1078171881,(주)티에이밸브,2018,조정기,0,56.96,38.0,92.35,44.2,1.02,43.0
1078171881,(주)티에이밸브,2019,성장기,0,44.21,2.1,100.0,44.53,0.13,49.19
1078171881,(주)티에이밸브,2020,성장기,0,100.0,0.8,62.42,60.29,0.23,50.72
1078171881,(주)티에이밸브,2021,성장기,0,25.99,1.9,38.9,54.99,2.28,50.02
1078171881,(주)티에이밸브,2022,성장기,0,44.25,3.1,54.23,36.55,1.15,46.69
1078171881,(주)티에이밸브,2023,성장기,0,24.44,13.2,55.25,50.32,0.47,48.46
1078171881,(주)티에이밸브,2024,성장기,0,53.17,16.0,58.94,39.99,0.33,50.19
1078182845,(주)세영티엠에스,2015,쇠퇴기,0,38.29,100.0,0.0,49.87,78.08,73.88
1078182845,(주)세영티엠에스,2016,성숙기,0,35.48,0.0,19.68,,24.35,21.16
1078182845,(주)세영티엠에스,2017,성숙기,0,0.0,0.0,24.1,48.92,14.73,42.93
1078182845,(주)세영티엠에스,2018,성숙기,0,56.96,0.0,92.35,57.7,10.34,43.81
1078182845,(주)세영티엠에스,2019,성숙기,0,44.21,0.0,100.0,54.59,9.43,49.15
1078182845,(주)세영티엠에스,2020,성숙기,0,100.0,0.0,62.42,65.56,8.08,49.92
1078182845,(주)세영티엠에스,2021,성숙기,0,25.99,0.0,38.9,57.54,7.07,48.3
1078182845,(주)세영티엠에스,2022,성숙기,0,44.25,0.0,54.23,37.28,7.27,47.42
1078182845,(주)세영티엠에스,2023,성숙기,0,24.44,0.0,55.25,50.87,56.48,77.55
1078182845,(주)세영티엠에스,2024,성숙기,0,53.17,0.0,58.94,41.34,6.24,22.34
1078191169,(주)티피티퍼시픽,2015,성장기,0,38.29,0.0,0.0,45.73,66.86,86.2
1078191169,(주)티피티퍼시픽,2016,도입기,0,35.48,82.9,19.68,45.49,61.08,47.54
1078191169,(주)티피티퍼시픽,2017,쇠퇴기,1,0.0,100.0,24.1,47.62,79.57,59.21
1078192381,(주)디오브이,2015,도입기,0,38.29,65.4,0.0,49.87,93.16,93.1
1078195087,유경이앤피(주),2016,성장기,0,35.48,2.2,19.68,46.84,28.91,51.01
1078195087,유경이앤피(주),2017,도입기,0,0.0,70.3,24.1,48.92,35.49,52.27
1078195087,유경이앤피(주),2018,성숙기,0,56.96,0.0,92.35,49.91,87.31,75.65
1078195087,유경이앤피(주),2019,성장기,0,44.21,2.1,100.0,55.32,11.93,7.44
1078610860,주식회사효광,2015,성숙기,0,38.29,5.6,0.0,62.17,8.99,11.46
1078610860,주식회사효광,2016,성숙기,0,35.48,0.0,19.68,74.14,3.66,47.93
1078610860,주식회사효광,2017,성숙기,0,0.0,0.0,24.1,72.96,0.28,46.47
1078610860,주식회사효광,2018,성숙기,0,56.96,0.0,92.35,67.34,0.93,46.62
1078610860,주식회사효광,2019,성숙기,0,44.21,0.0,100.0,60.78,49.16,76.53
1078610860,주식회사효광,2020,조정기,0,100.0,22.0,62.42,66.17,4.26,25.94
1078610860,주식회사효광,2021,조정기,0,25.99,24.6,38.9,48.19,33.34,65.26
1078610860,주식회사효광,2022,조정기,0,44.25,26.1,54.23,27.97,0.94,28.02
1078610860,주식회사효광,2023,도입기,0,24.44,81.1,55.25,42.98,85.65,98.13
1078610860,주식회사효광,2024,성숙기,0,53.17,0.0,58.94,35.45,61.7,36.74
1078613663,대성아이디에스(주),2022,성장기,0,44.25,3.1,54.23,36.93,17.32,47.42
1078613663,대성아이디에스(주),2023,성숙기,0,24.44,0.0,55.25,50.57,5.9,42.42
1078613663,대성아이디에스(주),2024,성숙기,0,53.17,0.0,58.94,40.55,5.68,50.12
1078621858,(주)산엔지니어링,2017,성장기,0,0.0,1.7,24.1,39.34,0.68,48.42
1078621858,(주)산엔지니어링,2018,도입기,0,56.96,75.8,92.35,53.27,7.47,50.09
1078621858,(주)산엔지니어링,2019,도입기,0,44.21,58.1,100.0,49.31,5.84,48.76
1078621858,(주)산엔지니어링,2020,도입기,0,100.0,68.6,62.42,55.63,25.73,61.59
1078621858,(주)산엔지니어링,2021,성장기,0,25.99,1.9,38.9,51.22,0.29,34.56
1078621858,(주)산엔지니어링,2022,조정기,0,44.25,26.1,54.23,40.14,0.22,47.34
1078621858,(주)산엔지니어링,2023,쇠퇴기,0,24.44,100.0,55.25,53.15,26.56,64.17
1078621858,(주)산엔지니어링,2024,도입기,0,53.17,92.8,58.94,43.09,59.4,68.28
1078650391,(주)현성정밀기계,2015,성장기,0,38.29,0.0,0.0,42.2,0.49,50.31
1078650391,(주)현성정밀기계,2016,성장기,0,35.48,2.2,19.68,41.01,5.87,53.83
1078650391,(주)현성정밀기계,2017,성장기,0,0.0,1.7,24.1,42.46,2.27,46.35
1078650391,(주)현성정밀기계,2018,성장기,0,56.96,1.0,92.35,46.18,8.94,50.03
1078650391,(주)현성정밀기계,2019,성장기,0,44.21,2.1,100.0,47.65,3.09,46.41
1078650391,(주)현성정밀기계,2020,성장기,0,100.0,0.8,62.42,62.24,39.25,70.54
1078650391,(주)현성정밀기계,2021,조정기,0,25.99,24.6,38.9,55.8,1.11,27.42
1078650391,(주)현성정밀기계,2022,성숙기,0,44.25,0.0,54.23,41.15,55.6,79.25
1078650391,(주)현성정밀기계,2023,쇠퇴기,0,24.44,100.0,55.25,53.84,88.02,68.39
1078650391,(주)현성정밀기계,2024,조정기,0,53.17,27.2,58.94,43.5,90.0,51.04
1088121647,주식회사우진자동화,2018,성장기,0,56.96,1.0,92.35,49.91,6.85,46.26
1088121647,주식회사우진자동화,2019,조정기,0,44.21,25.7,100.0,51.55,8.91,50.82
1088121647,주식회사우진자동화,2024,성장기,0,53.17,16.0,58.94,40.55,4.63,50.27
1088173844,(주)에이씨알텍,2018,성숙기,0,56.96,0.0,92.35,49.91,3.86,46.26
1088173844,(주)에이씨알텍,2019,성숙기,0,44.21,0.0,100.0,51.55,49.0,74.8
1088173844,(주)에이씨알텍,2020,성숙기,0,100.0,0.0,62.42,60.99,4.29,26.04
1088173844,(주)에이씨알텍,2021,성장기,0,25.99,1.9,38.9,52.98,0.29,46.61
1088173844,(주)에이씨알텍,2022,성숙기,0,44.25,0.0,54.23,45.04,0.88,47.73
1088173844,(주)에이씨알텍,2023,조정기,0,24.44,24.8,55.25,60.28,0.9,48.87
1088173844,(주)에이씨알텍,2024,성숙기,0,53.17,0.0,58.94,48.52,23.63,62.81
1088184924,(주)이노필텍,2018,성장기,0,56.96,1.0,92.35,49.91,3.96,46.26
1088184924,(주)이노필텍,2019,성장기,0,44.21,2.1,100.0,51.55,0.5,47.75
1088184924,(주)이노필텍,2020,성장기,0,100.0,0.8,62.42,60.99,7.26,54.38
1088184924,(주)이노필텍,2021,성장기,0,25.99,1.9,38.9,50.47,7.86,49.21
1088184924,(주)이노필텍,2022,성장기,0,44.25,3.1,54.23,33.1,87.22,93.72
1088184924,(주)이노필텍,2023,성장기,0,24.44,13.2,55.25,45.6,92.95,53.26
1088184924,(주)이노필텍,2024,조정기,1,53.17,27.2,58.94,36.84,82.27,44.03
1088192685,주식회사오디오프로브,2018,성장기,0,56.96,1.0,92.35,49.91,12.34,46.26
1088192685,주식회사오디오프로브,2019,성숙기,0,44.21,0.0,100.0,51.55,13.21,50.14
1088192685,주식회사오디오프로브,2022,성숙기,0,44.25,0.0,54.23,36.93,5.91,47.42
1088192685,주식회사오디오프로브,2023,성숙기,0,24.44,0.0,55.25,85.33,7.32,49.74
1088192685,주식회사오디오프로브,2024,성숙기,0,53.17,0.0,58.94,68.2,1.81,47.2
1088193646,(주)아임유,2020,성장기,0,100.0,0.8,62.42,60.99,13.5,50.67
1088193646,(주)아임유,2021,성장기,0,25.99,1.9,38.9,54.41,4.05,43.55
1088193646,(주)아임유,2022,성장기,0,44.25,3.1,54.23,36.93,6.03,48.49
1088193646,(주)아임유,2023,조정기,0,24.44,24.8,55.25,53.44,0.24,45.55
1088193646,(주)아임유,2024,조정기,0,53.17,27.2,58.94,43.23,5.05,52.92
1088701769,주식회사윌솔루션,2021,도입기,0,25.99,71.8,38.9,54.41,18.61,48.84
1088701769,주식회사윌솔루션,2022,성숙기,0,44.25,0.0,54.23,36.93,40.12,59.74
1088701769,주식회사윌솔루션,2023,조정기,0,24.44,24.8,55.25,50.57,42.94,50.99
1088701769,주식회사윌솔루션,2024,성숙기,0,53.17,0.0,58.94,39.45,42.14,49.66
1088800753,주식회사에이텍에이피,2017,성숙기,0,0.0,0.0,24.1,48.92,26.98,48.42
1088800753,주식회사에이텍에이피,2018,성숙기,0,56.96,0.0,92.35,,0.15,31.15
1088800753,주식회사에이텍에이피,2019,성숙기,0,44.21,0.0,100.0,51.55,0.1,49.67
1088800753,주식회사에이텍에이피,2020,쇠퇴기,0,100.0,100.0,62.42,60.99,9.01,55.56
1088800753,주식회사에이텍에이피,2021,성숙기,0,25.99,0.0,38.9,54.94,0.96,44.34
1088800753,주식회사에이텍에이피,2022,성숙기,0,44.25,0.0,54.23,38.16,0.41,47.05
1088800753,주식회사에이텍에이피,2023,성숙기,0,24.44,0.0,55.25,52.06,0.07,48.66
1088800753,주식회사에이텍에이피,2024,성숙기,0,53.17,0.0,58.94,41.3,7.83,54.55
1098114912,(주)티피씨로보틱스,2015,쇠퇴기,0,38.29,100.0,0.0,55.34,24.91,47.5
1098114912,(주)티피씨로보틱스,2016,쇠퇴기,0,35.48,100.0,19.68,45.97,74.2,77.9
1098114912,(주)티피씨로보틱스,2017,성숙기,0,0.0,0.0,24.1,47.34,6.71,9.68
1098114912,(주)티피씨로보틱스,2018,성장기,0,56.96,1.0,92.35,48.19,19.33,53.4
1098114912,(주)티피씨로보틱스,2019,성숙기,0,44.21,0.0,100.0,51.33,77.68,82.1
1098114912,(주)티피씨로보틱스,2020,성숙기,0,100.0,0.0,62.42,62.12,48.22,34.39
1098114912,(주)티피씨로보틱스,2021,성숙기,0,25.99,0.0,38.9,57.03,42.55,45.74
1098114912,(주)티피씨로보틱스,2022,쇠퇴기,0,44.25,100.0,54.23,37.36,72.36,64.3
1098114912,(주)티피씨로보틱스,2023,조정기,0,24.44,24.8,55.25,50.84,82.26,55.51
1098114912,(주)티피씨로보틱스,2024,도입기,1,53.17,92.8,58.94,40.95,78.63,47.96
1098135222,주식회사단해,2015,성장기,0,38.29,0.0,0.0,55.84,5.1,52.33
1098135222,주식회사단해,2016,성숙기,0,35.48,0.0,19.68,47.1,14.31,55.92
1098135222,주식회사단해,2017,성숙기,0,0.0,0.0,24.1,48.47,1.19,40.88
1098135222,주식회사단해,2018,성숙기,0,56.96,0.0,92.35,49.21,0.26,45.73
1098135222,주식회사단해,2019,성숙기,0,44.21,0.0,100.0,47.4,2.12,50.73
1098135222,주식회사단해,2020,성숙기,0,100.0,0.0,62.42,61.79,4.57,52.01
1098135222,주식회사단해,2021,성숙기,0,25.99,0.0,38.9,56.46,0.24,46.43
1098135222,주식회사단해,2022,조정기,0,44.25,26.1,54.23,37.24,4.2,49.7
1098135222,주식회사단해,2023,조정기,0,24.44,24.8,55.25,50.71,0.19,46.57
1098135222,주식회사단해,2024,조정기,0,53.17,27.2,58.94,40.59,0.81,50.61
1098145190,하베코리아주식회사,2015,성숙기,0,38.29,5.6,0.0,49.87,0.19,50.22
1098145190,하베코리아주식회사,2016,성숙기,0,35.48,0.0,19.68,46.84,0.46,51.02
1098145190,하베코리아주식회사,2017,성숙기,0,0.0,0.0,24.1,48.92,0.1,48.21
1098145190,하베코리아주식회사,2018,성숙기,0,56.96,0.0,92.35,76.54,0.12,46.26
1098145190,하베코리아주식회사,2019,성숙기,0,44.21,0.0,100.0,57.29,0.62,49.97
1098145190,하베코리아주식회사,2020,성숙기,0,100.0,0.0,62.42,71.2,0.11,50.39
1098145190,하베코리아주식회사,2021,성숙기,0,25.99,0.0,38.9,59.76,0.07,48.84
1098145190,하베코리아주식회사,2022,성숙기,0,44.25,0.0,54.23,42.21,0.29,47.51
1098145190,하베코리아주식회사,2023,성숙기,0,24.44,0.0,55.25,54.8,0.31,48.86
1098145190,하베코리아주식회사,2024,성숙기,0,53.17,0.0,58.94,44.08,0.65,50.46
1098154215,(주)한국이엔이,2015,쇠퇴기,0,38.29,100.0,0.0,48.16,61.16,79.84
1098154215,(주)한국이엔이,2016,조정기,0,35.48,33.5,19.68,51.01,0.13,17.18
1098154215,(주)한국이엔이,2017,성숙기,0,0.0,0.0,24.1,56.31,0.07,48.38
1098154215,(주)한국이엔이,2018,성숙기,0,56.96,0.0,92.35,54.41,0.03,46.23
1098154215,(주)한국이엔이,2019,성숙기,0,44.21,0.0,100.0,52.59,0.03,49.69
1098154215,(주)한국이엔이,2020,성숙기,0,100.0,0.0,62.42,59.83,0.08,50.69
1098154215,(주)한국이엔이,2021,조정기,0,25.99,24.6,38.9,54.77,0.0,48.82
1098154215,(주)한국이엔이,2022,성숙기,0,44.25,0.0,54.23,37.14,0.22,47.51
1098154215,(주)한국이엔이,2023,조정기,0,24.44,24.8,55.25,50.61,0.27,48.88
1098154215,(주)한국이엔이,2024,성숙기,0,53.17,0.0,58.94,41.0,0.28,50.27
1098154914,(주)아사아블로이엔트런스시스템,2017,성숙기,1,0.0,0.0,24.1,48.92,52.05,48.42
1098161813,디앤에이중공업(주),2015,성숙기,0,38.29,5.6,0.0,47.45,3.73,51.18
1098161813,디앤에이중공업(주),2016,성숙기,0,35.48,0.0,19.68,50.55,0.06,48.85
1098161813,디앤에이중공업(주),2017,성숙기,0,0.0,0.0,24.1,51.58,4.11,50.75
1098161813,디앤에이중공업(주),2018,성숙기,0,56.96,0.0,92.35,51.61,0.14,44.01
1098161813,디앤에이중공업(주),2019,성숙기,0,44.21,0.0,100.0,49.26,0.13,49.69
1098161813,디앤에이중공업(주),2020,성숙기,0,100.0,0.0,62.42,63.91,0.25,50.74
1098161813,디앤에이중공업(주),2021,성숙기,0,25.99,0.0,38.9,59.82,0.13,48.79
1098161813,디앤에이중공업(주),2022,성숙기,0,44.25,0.0,54.23,46.65,0.31,47.49
1098161813,디앤에이중공업(주),2023,성숙기,0,24.44,0.0,55.25,58.5,0.67,49.06
1098161813,디앤에이중공업(주),2024,성숙기,0,53.17,0.0,58.94,47.61,0.44,50.13
1098169421,(주)에이치아이티오토모티브,2015,성장기,0,38.29,0.0,0.0,38.13,0.99,49.53
1098169421,(주)에이치아이티오토모티브,2016,성숙기,0,35.48,0.0,19.68,41.96,9.79,55.71
1098169421,(주)에이치아이티오토모티브,2017,성숙기,0,0.0,0.0,24.1,42.91,0.56,43.11
1098169421,(주)에이치아이티오토모티브,2018,성숙기,0,56.96,0.0,92.35,45.95,0.16,46.03
1098169421,(주)에이치아이티오토모티브,2019,조정기,0,44.21,25.7,100.0,46.36,4.76,52.25
1098169421,(주)에이치아이티오토모티브,2020,쇠퇴기,0,100.0,100.0,62.42,59.7,42.57,71.44
1098169421,(주)에이치아이티오토모티브,2021,조정기,0,25.99,24.6,38.9,56.41,10.09,30.62
1098169421,(주)에이치아이티오토모티브,2022,성숙기,0,44.25,0.0,54.23,41.19,34.35,61.45
1098169421,(주)에이치아이티오토모티브,2023,성숙기,0,24.44,0.0,55.25,53.98,45.96,56.03
1098169421,(주)에이치아이티오토모티브,2024,성숙기,1,53.17,0.0,58.94,43.79,69.29,62.97
1098183914,(주)나프이엔지,2015,성장기,0,38.29,0.0,0.0,49.87,2.31,48.37
1098183914,(주)나프이엔지,2016,도입기,0,35.48,82.9,19.68,47.22,6.8,53.33
1098183914,(주)나프이엔지,2017,도입기,0,0.0,70.3,24.1,48.81,7.58,48.88
1098183914,(주)나프이엔지,2018,도입기,0,56.96,75.8,92.35,50.12,12.8,49.23
1098183914,(주)나프이엔지,2019,조정기,0,44.21,25.7,100.0,54.94,59.75,75.78
1098183914,(주)나프이엔지,2020,성숙기,0,100.0,0.0,62.42,69.24,11.17,23.9
1098183914,(주)나프이엔지,2021,쇠퇴기,0,25.99,100.0,38.9,55.09,81.06,88.29
1098183914,(주)나프이엔지,2022,조정기,0,44.25,26.1,54.23,34.22,41.81,23.43
1098183914,(주)나프이엔지,2023,도입기,0,24.44,81.1,55.25,48.21,20.39,36.91
1098183914,(주)나프이엔지,2024,조정기,0,53.17,27.2,58.94,38.75,15.01,47.22
1098187206,(주)브이에프케이헤드,2016,성숙기,0,35.48,0.0,19.68,46.84,10.61,51.01
1098187206,(주)브이에프케이헤드,2017,조정기,0,0.0,35.9,24.1,48.92,24.27,56.31
1098187206,(주)브이에프케이헤드,2018,쇠퇴기,0,56.96,100.0,92.35,49.91,33.64,51.61
1098605820,주식회사퍼스컴프,2015,성숙기,0,38.29,5.6,0.0,49.87,0.62,47.16
1098605820,주식회사퍼스컴프,2016,쇠퇴기,0,35.48,100.0,19.68,46.84,6.83,54.29
1098605820,주식회사퍼스컴프,2017,성숙기,0,0.0,0.0,24.1,47.12,54.18,75.72
1098605820,주식회사퍼스컴프,2018,성숙기,0,56.96,0.0,92.35,49.72,43.11,40.13
1098605820,주식회사퍼스컴프,2022,성숙기,0,44.25,0.0,54.23,55.94,9.56,47.42
1098605820,주식회사퍼스컴프,2023,성숙기,0,24.44,0.0,55.25,61.84,8.27,48.22
1098605820,주식회사퍼스컴프,2024,성숙기,0,53.17,0.0,58.94,38.45,7.97,50.07
1098632332,(주)티엠티에스,2015,성장기,0,38.29,0.0,0.0,49.87,17.56,56.18
1098632332,(주)티엠티에스,2016,성장기,0,35.48,2.2,19.68,46.84,20.79,52.61
1098632332,(주)티엠티에스,2017,성장기,0,0.0,1.7,24.1,52.15,9.43,41.91
1098632332,(주)티엠티에스,2018,성숙기,0,56.96,0.0,92.35,53.43,7.69,45.29
1098632332,(주)티엠티에스,2019,조정기,0,44.21,25.7,100.0,53.67,15.74,54.14
1098632332,(주)티엠티에스,2020,성장기,0,100.0,0.8,62.42,64.61,7.5,46.12
1098632332,(주)티엠티에스,2021,성장기,0,25.99,1.9,38.9,56.77,7.39,48.81
1098632332,(주)티엠티에스,2022,성장기,0,44.25,3.1,54.23,39.11,14.9,51.69
1098632332,(주)티엠티에스,2023,성장기,0,24.44,13.2,55.25,52.21,28.37,56.87
1098632332,(주)티엠티에스,2024,성장기,0,53.17,16.0,58.94,42.14,15.45,43.03
1108117530,(주)디젠,2015,쇠퇴기,0,38.29,100.0,0.0,53.65,89.52,68.91
1108117530,(주)디젠,2016,쇠퇴기,0,35.48,100.0,19.68,51.24,84.41,47.86
1108117530,(주)디젠,2017,쇠퇴기,1,0.0,100.0,24.1,52.24,88.94,51.22
1108137628,케이웨더(주),2016,성숙기,0,35.48,0.0,19.68,42.48,87.0,51.01
1108137628,케이웨더(주),2017,쇠퇴기,1,0.0,100.0,24.1,40.03,90.09,50.39
1108144662,주식회사블루플래닛,2015,도입기,0,38.29,65.4,0.0,49.67,17.32,58.47
1108144662,주식회사블루플래닛,2016,조정기,0,35.48,33.5,19.68,48.27,10.25,46.95
1108144662,주식회사블루플래닛,2017,성숙기,0,0.0,0.0,24.1,49.21,10.61,48.64
1108144662,주식회사블루플래닛,2018,성숙기,0,56.96,0.0,92.35,49.5,80.03,85.54
1108144662,주식회사블루플래닛,2019,성숙기,0,44.21,0.0,100.0,48.12,44.52,29.65
1108144662,주식회사블루플래닛,2020,성숙기,0,100.0,0.0,62.42,58.24,50.22,53.75
1108144662,주식회사블루플래닛,2021,도입기,0,25.99,71.8,38.9,54.95,85.65,68.92
1108144662,주식회사블루플래닛,2022,조정기,0,44.25,26.1,54.23,40.68,85.88,46.48
1108144662,주식회사블루플래닛,2023,쇠퇴기,1,24.44,100.0,55.25,53.6,64.52,37.49
1108156305,(주)야스,2015,쇠퇴기,0,38.29,100.0,0.0,56.98,7.92,45.02
1108156305,(주)야스,2016,성숙기,0,35.48,0.0,19.68,46.26,0.65,46.86
1108156305,(주)야스,2017,성장기,0,0.0,1.7,24.1,57.14,0.03,48.06
1108156305,(주)야스,2018,성숙기,0,56.96,0.0,92.35,51.96,0.08,46.28
1108156305,(주)야스,2019,성숙기,0,44.21,0.0,100.0,42.41,2.56,51.07
1108156305,(주)야스,2020,성숙기,0,100.0,0.0,62.42,72.74,13.27,56.55
1108156305,(주)야스,2021,성숙기,0,25.99,0.0,38.9,70.13,17.42,51.22
1108156305,(주)야스,2022,도입기,0,44.25,70.4,54.23,41.28,63.19,73.94
1108156305,(주)야스,2023,쇠퇴기,0,24.44,100.0,55.25,54.05,65.44,50.94
1108156305,(주)야스,2024,쇠퇴기,1,53.17,100.0,58.94,43.87,74.17,54.84
1108617947,주식회사삼원정밀,2019,성장기,0,44.21,2.1,100.0,51.55,3.83,49.68
1108617947,주식회사삼원정밀,2020,성숙기,0,100.0,0.0,62.42,60.99,0.37,48.76
1108617947,주식회사삼원정밀,2021,성숙기,0,25.99,0.0,38.9,54.41,0.31,48.83
1108617947,주식회사삼원정밀,2022,성숙기,0,44.25,0.0,54.23,38.97,0.64,47.57
1108617947,주식회사삼원정밀,2023,성숙기,0,24.44,0.0,55.25,52.23,46.32,75.42
1108617947,주식회사삼원정밀,2024,성숙기,0,53.17,0.0,58.94,43.14,32.16,42.29
1118123506,(주)어썸리드,2017,성장기,0,0.0,1.7,24.1,48.92,11.68,48.42
1118123506,(주)어썸리드,2018,성장기,0,56.96,1.0,92.35,49.91,22.01,52.13
1118123506,(주)어썸리드,2019,성장기,0,44.21,2.1,100.0,51.55,92.63,88.92
1118123506,(주)어썸리드,2020,성장기,0,100.0,0.8,62.42,66.02,18.49,9.82
1118123506,(주)어썸리드,2021,도입기,0,25.99,71.8,38.9,43.56,92.84,90.81
1118123506,(주)어썸리드,2022,도입기,0,44.25,70.4,54.23,25.12,96.05,48.13
1118123506,(주)어썸리드,2023,도입기,1,24.44,81.1,55.25,40.8,87.13,44.85
1128134651,(주)근하기공,2022,조정기,0,44.25,26.1,54.23,36.93,9.57,47.42
1128134651,(주)근하기공,2023,성장기,0,24.44,13.2,55.25,50.57,6.64,47.26
1128134651,(주)근하기공,2024,성장기,0,53.17,16.0,58.94,40.55,50.45,74.41
1128141787,(주)정민실업,2015,도입기,0,38.29,65.4,0.0,49.87,12.83,50.22
1128141787,(주)정민실업,2016,조정기,0,35.48,33.5,19.68,46.84,36.36,63.78
1128141787,(주)정민실업,2017,도입기,0,0.0,70.3,24.1,48.92,23.13,40.87
1128141787,(주)정민실업,2018,성숙기,0,56.96,0.0,92.35,54.76,18.54,43.72
1128141787,(주)정민실업,2019,쇠퇴기,0,44.21,100.0,100.0,51.07,17.55,49.08
1128151761,(주)로봇앤드디자인,2015,성숙기,0,38.29,5.6,0.0,49.87,4.31,50.22
1128151761,(주)로봇앤드디자인,2016,도입기,0,35.48,82.9,19.68,46.84,5.17,51.34
1128151761,(주)로봇앤드디자인,2017,성장기,0,0.0,1.7,24.1,48.92,0.5,45.73
1128151761,(주)로봇앤드디자인,2018,성숙기,0,56.96,0.0,92.35,44.5,0.2,46.08
1128151761,(주)로봇앤드디자인,2019,조정기,0,44.21,25.7,100.0,50.11,4.86,52.28
1128151761,(주)로봇앤드디자인,2020,성숙기,0,100.0,0.0,62.42,66.98,0.11,48.05
1128151761,(주)로봇앤드디자인,2021,성장기,0,25.99,1.9,38.9,56.22,0.75,49.22
1128151761,(주)로봇앤드디자인,2022,성숙기,0,44.25,0.0,54.23,40.07,2.39,48.33
1128151761,(주)로봇앤드디자인,2023,성숙기,0,24.44,0.0,55.25,53.07,0.4,47.72
1128151761,(주)로봇앤드디자인,2024,성숙기,0,53.17,0.0,58.94,43.37,0.09,50.09
1128152912,지코아시아주식회사,2019,성장기,0,44.21,2.1,100.0,51.55,3.63,49.68
1128152912,지코아시아주식회사,2020,성숙기,0,100.0,0.0,62.42,60.99,2.2,49.87
1128152912,지코아시아주식회사,2021,조정기,0,25.99,24.6,38.9,54.41,4.24,50.02
1128152912,지코아시아주식회사,2022,성숙기,0,44.25,0.0,54.23,30.72,1.36,45.65
1128152912,지코아시아주식회사,2023,성숙기,0,24.44,0.0,55.25,45.91,4.02,50.41
1128152912,지코아시아주식회사,2024,성숙기,0,53.17,0.0,58.94,34.96,0.7,48.42
1138100800,한국콘베어공업주식회사,2015,성숙기,0,38.29,5.6,0.0,43.77,4.39,52.53
1138100800,한국콘베어공업주식회사,2016,성장기,0,35.48,2.2,19.68,44.22,0.86,48.92
1138100800,한국콘베어공업주식회사,2017,도입기,0,0.0,70.3,24.1,46.4,6.63,51.74
1138100800,한국콘베어공업주식회사,2018,성숙기,0,56.96,0.0,92.35,46.58,4.87,45.27
1138100800,한국콘베어공업주식회사,2019,도입기,0,44.21,58.1,100.0,48.92,40.67,69.6
1138100800,한국콘베어공업주식회사,2020,조정기,0,100.0,22.0,62.42,61.7,60.8,61.69
1138100800,한국콘베어공업주식회사,2021,도입기,0,25.99,71.8,38.9,52.42,48.68,42.13
1138100800,한국콘베어공업주식회사,2022,도입기,0,44.25,70.4,54.23,37.46,50.23,47.7
1138100800,한국콘베어공업주식회사,2023,도입기,0,24.44,81.1,55.25,50.87,26.24,35.52
1138100800,한국콘베어공업주식회사,2024,성장기,0,53.17,16.0,58.94,40.91,18.0,45.62
1138102583,대가파우더시스템(주),2015,조정기,0,38.29,28.5,0.0,36.29,17.32,48.46
1138102583,대가파우더시스템(주),2016,쇠퇴기,0,35.48,100.0,19.68,44.76,22.78,53.84
1138102583,대가파우더시스템(주),2017,성숙기,0,0.0,0.0,24.1,44.57,12.68,42.64
1138102583,대가파우더시스템(주),2018,성장기,0,56.96,1.0,92.35,49.43,6.36,42.71
1138102583,대가파우더시스템(주),2019,도입기,0,44.21,58.1,100.0,46.96,9.97,51.68
1138102583,대가파우더시스템(주),2020,도입기,0,100.0,68.6,62.42,57.57,13.69,52.7
1138102583,대가파우더시스템(주),2021,도입기,0,25.99,71.8,38.9,53.1,13.35,48.7
1138102583,대가파우더시스템(주),2022,도입기,0,44.25,70.4,54.23,34.0,13.36,47.23
1138102583,대가파우더시스템(주),2023,도입기,0,24.44,81.1,55.25,48.17,14.73,49.81
1138102583,대가파우더시스템(주),2024,쇠퇴기,0,53.17,100.0,58.94,38.66,91.48,92.56
1138105178,주식회사유도,2015,성숙기,0,38.29,5.6,0.0,50.47,16.5,59.07
1138105178,주식회사유도,2016,성숙기,0,35.48,0.0,19.68,39.46,0.92,42.27
1138105178,주식회사유도,2017,성숙기,0,0.0,0.0,24.1,43.19,40.43,71.19
1138105178,주식회사유도,2018,성숙기,0,56.96,0.0,92.35,45.32,1.75,24.48
1138105178,주식회사유도,2019,조정기,0,44.21,25.7,100.0,46.66,1.26,49.41
1138105178,주식회사유도,2020,조정기,0,100.0,22.0,62.42,56.2,0.72,50.37
1138105178,주식회사유도,2021,조정기,0,25.99,24.6,38.9,50.23,1.04,49.04
1138105178,주식회사유도,2022,조정기,0,44.25,26.1,54.23,34.08,1.09,47.4
1138105178,주식회사유도,2023,조정기,0,24.44,24.8,55.25,47.99,0.28,48.39
1138105178,주식회사유도,2024,조정기,0,53.17,27.2,58.94,38.5,0.31,50.28
1138105993,대림정밀공업주식회사,2015,성장기,0,38.29,0.0,0.0,47.64,3.69,30.39
1138105993,대림정밀공업주식회사,2016,성장기,0,35.48,2.2,19.68,45.8,8.15,53.31
1138105993,대림정밀공업주식회사,2017,성장기,0,0.0,1.7,24.1,46.64,50.57,72.88
1138105993,대림정밀공업주식회사,2018,쇠퇴기,0,56.96,100.0,92.35,47.62,53.44,48.01
1138105993,대림정밀공업주식회사,2019,성장기,0,44.21,2.1,100.0,53.07,46.02,45.38
1138105993,대림정밀공업주식회사,2020,쇠퇴기,1,100.0,100.0,62.42,62.17,81.15,69.92
1138106390,국제다이아몬드공업(주),2015,쇠퇴기,0,38.29,100.0,0.0,52.58,5.26,22.34
1138106390,국제다이아몬드공업(주),2016,쇠퇴기,0,35.48,100.0,19.68,52.48,0.29,48.13
1138107410,한성정밀공업주식회사,2017,조정기,0,0.0,35.9,24.1,48.92,3.43,48.42
1138107410,한성정밀공업주식회사,2018,쇠퇴기,0,56.96,100.0,92.35,49.91,48.18,71.57
1138107410,한성정밀공업주식회사,2019,성숙기,0,44.21,0.0,100.0,51.55,32.41,40.75
1138107410,한성정밀공업주식회사,2020,성숙기,1,100.0,0.0,62.42,61.05,63.57,67.76
1138116826,대모엔지니어링(주),2015,성숙기,0,38.29,5.6,0.0,47.38,0.57,50.28
1138116826,대모엔지니어링(주),2016,조정기,0,35.48,33.5,19.68,45.41,1.02,51.12
1138116826,대모엔지니어링(주),2017,성장기,0,0.0,1.7,24.1,46.99,4.01,50.14
1138116826,대모엔지니어링(주),2018,성숙기,0,56.96,0.0,92.35,50.09,2.46,45.39
1138116826,대모엔지니어링(주),2019,도입기,0,44.21,58.1,100.0,49.63,26.65,63.14
1138116826,대모엔지니어링(주),2020,성장기,0,100.0,0.8,62.42,61.27,45.88,61.21
1138116826,대모엔지니어링(주),2021,조정기,0,25.99,24.6,38.9,54.83,34.81,42.69
1138116826,대모엔지니어링(주),2022,쇠퇴기,0,44.25,100.0,54.23,39.3,6.9,30.63
1138116826,대모엔지니어링(주),2023,조정기,0,24.44,24.8,55.25,52.46,56.42,77.73
1138116826,대모엔지니어링(주),2024,쇠퇴기,0,53.17,100.0,58.94,42.42,51.11,47.13
1138117000,디알비오토메이션주식회사,2015,조정기,0,38.29,28.5,0.0,66.19,24.76,57.56
1138117000,디알비오토메이션주식회사,2016,성숙기,0,35.48,0.0,19.68,46.38,2.43,38.54
1138117000,디알비오토메이션주식회사,2017,도입기,0,0.0,70.3,24.1,46.76,17.04,56.84
1138117000,디알비오토메이션주식회사,2018,성장기,0,56.96,1.0,92.35,48.29,14.13,44.65
1138117000,디알비오토메이션주식회사,2019,도입기,0,44.21,58.1,100.0,50.33,18.53,52.09
1138117000,디알비오토메이션주식회사,2020,조정기,0,100.0,22.0,62.42,58.79,18.68,50.73
1138117000,디알비오토메이션주식회사,2021,도입기,0,25.99,71.8,38.9,52.32,7.03,42.32
1138117000,디알비오토메이션주식회사,2022,조정기,0,44.25,26.1,54.23,37.21,12.99,50.78
1138117000,디알비오토메이션주식회사,2023,성장기,0,24.44,13.2,55.25,50.68,4.68,44.18
1138117000,디알비오토메이션주식회사,2024,성숙기,0,53.17,0.0,58.94,39.27,1.15,48.3
1138117320,(주)엠엑스로보틱스,2015,성숙기,0,38.29,5.6,0.0,47.05,0.69,47.3
1138117320,(주)엠엑스로보틱스,2016,성숙기,0,35.48,0.0,19.68,39.18,68.26,88.01
1138117320,(주)엠엑스로보틱스,2017,도입기,0,0.0,70.3,24.1,39.58,48.22,37.01
1138117320,(주)엠엑스로보틱스,2018,쇠퇴기,0,56.96,100.0,92.35,46.48,49.0,46.82
1138117320,(주)엠엑스로보틱스,2019,도입기,0,44.21,58.1,100.0,46.07,5.75,25.46
1138117320,(주)엠엑스로보틱스,2020,성장기,0,100.0,0.8,62.42,54.71,27.9,62.83
1138117320,(주)엠엑스로보틱스,2021,조정기,0,25.99,24.6,38.9,54.16,61.18,67.67
1138117320,(주)엠엑스로보틱스,2022,성숙기,0,44.25,0.0,54.23,32.66,15.44,19.88
1138117320,(주)엠엑스로보틱스,2023,조정기,0,24.44,24.8,55.25,47.17,50.35,69.34
1138117320,(주)엠엑스로보틱스,2024,조정기,0,53.17,27.2,58.94,37.17,5.05,25.09
1138117882,(주)백천정밀,2015,쇠퇴기,0,38.29,100.0,0.0,28.09,58.83,79.97
1138117882,(주)백천정밀,2016,성숙기,0,35.48,0.0,19.68,37.41,26.13,32.77
1138117882,(주)백천정밀,2017,조정기,1,0.0,35.9,24.1,39.53,83.66,81.63
1138118616,코모토(주),2015,도입기,0,38.29,65.4,0.0,49.87,7.68,51.45
1138118616,코모토(주),2016,성장기,0,35.48,2.2,19.68,46.84,4.99,49.38
1138118616,코모토(주),2017,쇠퇴기,0,0.0,100.0,24.1,53.31,14.31,53.8
1138118616,코모토(주),2018,조정기,0,56.96,38.0,92.35,52.66,20.87,50.0
1138118616,코모토(주),2019,성숙기,0,44.21,0.0,100.0,39.51,5.8,41.23
1138118616,코모토(주),2020,조정기,0,100.0,22.0,62.42,63.06,15.8,56.16
1138118616,코모토(주),2021,도입기,0,25.99,71.8,38.9,55.64,9.0,45.05
1138118616,코모토(주),2022,조정기,0,44.25,26.1,54.23,40.66,12.37,49.25
1138118616,코모토(주),2023,성장기,0,24.44,13.2,55.25,53.51,11.17,48.3
1138118616,코모토(주),2024,성숙기,0,53.17,0.0,58.94,42.47,0.21,44.17
1138125140,주식회사동원에이에이취이,2017,성숙기,0,0.0,0.0,24.1,48.92,3.45,48.42
1138125140,주식회사동원에이에이취이,2018,조정기,0,56.96,38.0,92.35,49.91,0.58,44.63
1138125140,주식회사동원에이에이취이,2019,조정기,0,44.21,25.7,100.0,51.55,0.72,49.77
1138125140,주식회사동원에이에이취이,2020,조정기,0,100.0,22.0,62.42,57.64,0.42,50.5
1138127584,대진기계공업주식회사,2017,도입기,0,0.0,70.3,24.1,48.92,21.66,48.42
1138127584,대진기계공업주식회사,2018,조정기,0,56.96,38.0,92.35,49.91,0.78,34.5
1138127584,대진기계공업주식회사,2019,성숙기,0,44.21,0.0,100.0,51.55,0.1,49.31
1138127584,대진기계공업주식회사,2020,도입기,0,100.0,68.6,62.42,59.05,14.77,58.73
1138127584,대진기계공업주식회사,2021,조정기,0,25.99,24.6,38.9,55.15,0.18,40.66
1138127584,대진기계공업주식회사,2022,조정기,0,44.25,26.1,54.23,60.99,7.09,51.42
1138127584,대진기계공업주식회사,2023,조정기,0,24.44,24.8,55.25,69.4,3.17,46.65
1138127584,대진기계공업주식회사,2024,조정기,0,53.17,27.2,58.94,56.6,1.28,49.22
1138127717,주식회사트라코월드,2015,성숙기,0,38.29,5.6,0.0,64.9,0.77,48.0
1138127717,주식회사트라코월드,2016,성장기,0,35.48,2.2,19.68,51.56,3.09,52.14
1138127717,주식회사트라코월드,2017,성숙기,0,0.0,0.0,24.1,53.1,0.08,46.68
1138127717,주식회사트라코월드,2018,성장기,0,56.96,1.0,92.35,56.44,4.2,48.58
1138127717,주식회사트라코월드,2019,성숙기,0,44.21,0.0,100.0,58.55,60.77,81.16
1138127717,주식회사트라코월드,2020,조정기,0,100.0,22.0,62.42,67.75,10.4,22.92
1138127717,주식회사트라코월드,2021,성숙기,0,25.99,0.0,38.9,54.02,0.31,43.19
1138127717,주식회사트라코월드,2022,도입기,0,44.25,70.4,54.23,36.99,4.89,50.06
1138127717,주식회사트라코월드,2023,성숙기,0,24.44,0.0,55.25,50.52,17.18,56.06
1138127717,주식회사트라코월드,2024,조정기,0,53.17,27.2,58.94,40.95,0.64,41.08
1138128787,(주)한양인더스트리,2015,쇠퇴기,0,38.29,100.0,0.0,47.18,5.18,42.48
1138128787,(주)한양인더스트리,2016,조정기,0,35.48,33.5,19.68,58.94,0.32,48.19
1138128787,(주)한양인더스트리,2017,성숙기,0,0.0,0.0,24.1,59.67,0.52,48.53
1138128787,(주)한양인더스트리,2018,성숙기,0,56.96,0.0,92.35,58.53,0.77,46.39
1138128787,(주)한양인더스트리,2019,성숙기,0,44.21,0.0,100.0,56.22,13.48,56.76
1138128787,(주)한양인더스트리,2020,성숙기,0,100.0,0.0,62.42,58.57,2.34,44.53
1138128787,(주)한양인더스트리,2021,쇠퇴기,0,25.99,100.0,38.9,51.38,44.94,72.89
1138128787,(주)한양인더스트리,2022,조정기,0,44.25,26.1,54.23,30.58,0.63,20.91
1138128787,(주)한양인더스트리,2023,성숙기,0,24.44,0.0,55.25,45.79,0.03,48.51
1138128787,(주)한양인더스트리,2024,성숙기,0,53.17,0.0,58.94,36.82,0.28,50.4
1138132675,세계정밀(주),2015,도입기,0,38.29,65.4,0.0,39.88,12.13,19.19
1138132675,세계정밀(주),2016,성장기,0,35.48,2.2,19.68,70.75,93.95,95.81
1138132675,세계정밀(주),2017,성장기,0,0.0,1.7,24.1,67.23,97.8,50.85
1138132675,세계정밀(주),2018,도입기,1,56.96,75.8,92.35,65.69,88.84,41.44
1138132942,(주)늘푸른동방,2022,성장기,0,44.25,3.1,54.23,36.93,14.2,47.42
1138132942,(주)늘푸른동방,2023,도입기,0,24.44,81.1,55.25,50.57,22.31,53.74
1138132942,(주)늘푸른동방,2024,도입기,0,53.17,92.8,58.94,40.55,67.79,75.28
1138134353,케이시시정공(주),2019,성숙기,0,44.21,0.0,100.0,51.55,3.89,49.68
1138134353,케이시시정공(주),2020,성숙기,0,100.0,0.0,62.42,60.99,0.18,48.62
1138134353,케이시시정공(주),2021,성숙기,0,25.99,0.0,38.9,54.41,1.54,49.63
1138134353,케이시시정공(주),2022,성장기,0,44.25,3.1,54.23,37.74,0.22,46.59
1138134353,케이시시정공(주),2023,성장기,0,24.44,13.2,55.25,51.12,15.13,57.52
1138134353,케이시시정공(주),2024,성장기,0,53.17,16.0,58.94,41.43,0.17,41.96
1138135954,주식회사한일루브텍,2015,조정기,0,38.29,28.5,0.0,29.83,78.07,59.97
1138138285,(주)신이콘텍,2016,성장기,0,35.48,2.2,19.68,46.84,3.33,51.01
1138138285,(주)신이콘텍,2017,성숙기,0,0.0,0.0,24.1,48.92,0.41,46.74
1138138285,(주)신이콘텍,2018,성장기,0,56.96,1.0,92.35,49.91,0.0,46.02
1138138285,(주)신이콘텍,2019,성숙기,0,44.21,0.0,100.0,40.6,0.73,50.1
1138138285,(주)신이콘텍,2020,성숙기,0,100.0,0.0,62.42,65.31,0.27,50.41
1138138285,(주)신이콘텍,2021,성숙기,0,25.99,0.0,38.9,55.33,0.72,49.11
1138138285,(주)신이콘텍,2022,성숙기,0,44.25,0.0,54.23,31.92,1.33,47.73
1138138285,(주)신이콘텍,2023,쇠퇴기,0,24.44,100.0,55.25,47.31,59.1,82.46
1138138285,(주)신이콘텍,2024,성장기,0,53.17,16.0,58.94,39.67,4.8,20.09
1138138965,주식회사카스모아이티,2015,쇠퇴기,0,38.29,100.0,0.0,42.31,77.33,56.01
1138138965,주식회사카스모아이티,2016,쇠퇴기,1,35.48,100.0,19.68,41.47,56.49,39.24
1138140078,유라통상(주),2015,성숙기,0,38.29,5.6,0.0,48.07,3.25,51.51
1138140078,유라통상(주),2016,성숙기,0,35.48,0.0,19.68,48.64,0.71,49.47
1138140078,유라통상(주),2017,조정기,0,0.0,35.9,24.1,50.87,0.73,48.42
1138140078,유라통상(주),2018,조정기,0,56.96,38.0,92.35,51.02,4.94,48.64
1138140078,유라통상(주),2019,조정기,0,44.21,25.7,100.0,51.83,4.25,49.29
1138140078,유라통상(주),2020,성숙기,0,100.0,0.0,62.42,61.28,0.25,48.47
1138140078,유라통상(주),2021,도입기,0,25.99,71.8,38.9,52.38,5.01,51.54
1138140078,유라통상(주),2022,도입기,0,44.25,70.4,54.23,35.85,5.02,47.33
1138140078,유라통상(주),2023,도입기,0,24.44,81.1,55.25,49.47,3.93,48.28
1138140078,유라통상(주),2024,성장기,0,53.17,16.0,58.94,39.49,0.76,48.5
1138141698,(주)에이치케이씨,2015,성장기,0,38.29,0.0,0.0,59.88,3.06,51.11
1138141698,(주)에이치케이씨,2016,성장기,0,35.48,2.2,19.68,49.52,4.63,51.73
1138141698,(주)에이치케이씨,2017,성장기,0,0.0,1.7,24.1,50.66,5.2,48.75
1138141698,(주)에이치케이씨,2018,성장기,0,56.96,1.0,92.35,51.72,10.25,49.12
1138141698,(주)에이치케이씨,2019,성장기,0,44.21,2.1,100.0,48.0,7.85,48.32
1138141698,(주)에이치케이씨,2020,성장기,0,100.0,0.8,62.42,51.96,11.93,52.9
1138141698,(주)에이치케이씨,2021,성장기,0,25.99,1.9,38.9,51.07,8.09,46.72
1138141698,(주)에이치케이씨,2022,성장기,0,44.25,3.1,54.23,35.73,9.94,48.36
1138141698,(주)에이치케이씨,2023,쇠퇴기,0,24.44,100.0,55.25,49.52,65.33,81.18
1138141698,(주)에이치케이씨,2024,쇠퇴기,0,53.17,100.0,58.94,40.56,45.74,39.22
1138142362,우성알앤디(주),2015,성장기,0,38.29,0.0,0.0,42.92,7.85,47.96
1138142362,우성알앤디(주),2016,성숙기,0,35.48,0.0,19.68,60.0,3.26,48.33
1138142362,우성알앤디(주),2017,성숙기,0,0.0,0.0,24.1,68.47,41.37,70.39
1138142362,우성알앤디(주),2018,성숙기,0,56.96,0.0,92.35,61.77,78.29,67.24
1138142362,우성알앤디(주),2019,조정기,0,44.21,25.7,100.0,61.35,8.23,10.43
1138142362,우성알앤디(주),2020,성장기,0,100.0,0.8,62.42,58.59,5.93,49.4
1138142362,우성알앤디(주),2021,성장기,0,25.99,1.9,38.9,50.1,15.64,54.35
1138142362,우성알앤디(주),2022,성장기,0,44.25,3.1,54.23,34.54,54.26,69.78
1138142362,우성알앤디(주),2023,성장기,0,24.44,13.2,55.25,48.36,13.69,25.92
1138142362,우성알앤디(주),2024,조정기,0,53.17,27.2,58.94,39.24,8.2,47.18
1138142737,주식회사풍천엔지니어링,2024,성장기,0,53.17,16.0,58.94,50.71,0.48,50.27
1138145767,경도유니온(주),2015,조정기,0,38.29,28.5,0.0,63.49,10.89,55.77
1138145767,경도유니온(주),2016,조정기,0,35.48,33.5,19.68,52.1,0.26,45.01
1138145767,경도유니온(주),2017,조정기,0,0.0,35.9,24.1,59.99,4.9,51.08
1138145767,경도유니온(주),2018,조정기,0,56.96,38.0,92.35,55.47,0.15,43.58
1138145767,경도유니온(주),2019,조정기,0,44.21,25.7,100.0,57.42,0.21,49.72
1138145767,경도유니온(주),2020,조정기,0,100.0,22.0,62.42,62.52,0.66,50.92
1138145767,경도유니온(주),2021,쇠퇴기,0,25.99,100.0,38.9,54.86,4.62,51.09
1138145767,경도유니온(주),2022,성숙기,0,44.25,0.0,54.23,36.21,0.19,44.73
1138145767,경도유니온(주),2023,도입기,0,24.44,81.1,55.25,49.91,5.49,51.93
1138145767,경도유니온(주),2024,조정기,0,53.17,27.2,58.94,40.6,0.41,47.44
1138146257,(주)피티카플링,2015,쇠퇴기,0,38.29,100.0,0.0,49.87,27.33,55.71
1138146257,(주)피티카플링,2016,성장기,0,35.48,2.2,19.68,46.84,27.83,51.09
1138146257,(주)피티카플링,2017,성숙기,0,0.0,0.0,24.1,50.46,26.03,47.43
1138146257,(주)피티카플링,2018,조정기,0,56.96,38.0,92.35,50.88,23.56,44.92
1138146257,(주)피티카플링,2019,성숙기,0,44.21,0.0,100.0,47.75,18.16,46.61
1138146257,(주)피티카플링,2020,성숙기,0,100.0,0.0,62.42,58.82,13.48,48.08
1138146257,(주)피티카플링,2021,성숙기,0,25.99,0.0,38.9,56.65,78.17,85.36
1138146733,(주)티엔아이,2015,조정기,0,38.29,28.5,0.0,49.87,36.43,50.22
1138146733,(주)티엔아이,2016,성숙기,0,35.48,0.0,19.68,46.84,78.79,74.07
1138146733,(주)티엔아이,2017,조정기,1,0.0,35.9,24.1,48.92,93.43,57.03
1138149161,주식회사삼우코리아,2015,성장기,0,38.29,0.0,0.0,40.47,20.11,11.58
1138149161,주식회사삼우코리아,2016,성장기,0,35.48,2.2,19.68,58.01,19.49,50.49
1138149161,주식회사삼우코리아,2017,조정기,0,0.0,35.9,24.1,57.65,75.72,80.87
1138149161,주식회사삼우코리아,2018,도입기,0,56.96,75.8,92.35,57.8,53.15,33.69
1138149161,주식회사삼우코리아,2019,쇠퇴기,0,44.21,100.0,100.0,56.45,20.67,31.43
1138149161,주식회사삼우코리아,2020,도입기,0,100.0,68.6,62.42,62.57,91.93,89.81
1138149161,주식회사삼우코리아,2021,쇠퇴기,0,25.99,100.0,38.9,57.1,90.05,47.95
1138149161,주식회사삼우코리아,2022,성숙기,1,44.25,0.0,54.23,37.11,75.48,37.76
1138151406,(주)한산리니어시스템,2015,성장기,0,38.29,0.0,0.0,57.55,5.55,50.76
1138151406,(주)한산리니어시스템,2016,성장기,0,35.48,2.2,19.68,52.26,3.31,49.63
1138151406,(주)한산리니어시스템,2017,성장기,0,0.0,1.7,24.1,55.37,2.65,48.04
1138151406,(주)한산리니어시스템,2018,조정기,0,56.96,38.0,92.35,58.26,2.97,46.44
1138151406,(주)한산리니어시스템,2019,성숙기,0,44.21,0.0,100.0,60.17,2.36,49.34
1138151406,(주)한산리니어시스템,2020,성장기,0,100.0,0.8,62.42,67.48,2.3,50.63
1138151406,(주)한산리니어시스템,2021,성장기,0,25.99,1.9,38.9,60.04,1.81,48.59
1138151406,(주)한산리니어시스템,2022,성장기,0,44.25,3.1,54.23,42.81,4.95,49.19
1138151406,(주)한산리니어시스템,2023,성숙기,0,24.44,0.0,55.25,55.3,10.99,52.42
1138151406,(주)한산리니어시스템,2024,성숙기,0,53.17,0.0,58.94,45.04,16.92,53.5
1138151686,(주)로보스타,2015,성장기,0,38.29,0.0,0.0,64.03,0.6,49.22
1138151686,(주)로보스타,2016,성숙기,0,35.48,0.0,19.68,57.99,2.95,52.16
1138151686,(주)로보스타,2017,성숙기,0,0.0,0.0,24.1,58.98,4.5,49.31
1138151686,(주)로보스타,2018,성숙기,0,56.96,0.0,92.35,58.87,37.97,65.19
1138151686,(주)로보스타,2019,조정기,0,44.21,25.7,100.0,58.84,58.95,61.24
1138151686,(주)로보스타,2020,조정기,0,100.0,22.0,62.42,66.14,64.12,53.44
1138151686,(주)로보스타,2021,조정기,0,25.99,24.6,38.9,61.38,49.06,40.47
1138151686,(주)로보스타,2022,성숙기,0,44.25,0.0,54.23,40.45,30.04,35.66
1138151686,(주)로보스타,2023,성숙기,0,24.44,0.0,55.25,53.36,27.36,47.66
1138151686,(주)로보스타,2024,성숙기,0,53.17,0.0,58.94,43.26,25.75,49.28
1138151954,자일럼워터솔루션코리아(주),2015,조정기,0,38.29,28.5,0.0,49.42,2.97,15.56
1138151954,자일럼워터솔루션코리아(주),2016,성숙기,0,35.48,0.0,19.68,47.2,52.8,78.25
1138151954,자일럼워터솔루션코리아(주),2017,성숙기,0,0.0,0.0,24.1,48.43,47.87,45.69
1138151954,자일럼워터솔루션코리아(주),2018,성숙기,0,56.96,0.0,92.35,52.71,67.79,57.64
1138151954,자일럼워터솔루션코리아(주),2019,성숙기,0,44.21,0.0,100.0,51.85,59.01,44.57
1138151954,자일럼워터솔루션코리아(주),2020,성숙기,0,100.0,0.0,62.42,64.81,1.97,19.25
1138151954,자일럼워터솔루션코리아(주),2021,성숙기,0,25.99,0.0,38.9,53.39,9.53,53.13
1138151954,자일럼워터솔루션코리아(주),2022,성숙기,0,44.25,0.0,54.23,38.31,2.78,43.32
1138151954,자일럼워터솔루션코리아(주),2023,조정기,0,24.44,24.8,55.25,51.57,11.0,53.66
1138151954,자일럼워터솔루션코리아(주),2024,성숙기,0,53.17,0.0,58.94,41.05,4.0,46.36
1138154363,디와이피엔에프(주),2015,성숙기,0,38.29,5.6,0.0,54.49,0.32,46.99
1138154363,디와이피엔에프(주),2016,조정기,0,35.48,33.5,19.68,46.0,34.38,69.59
1138154363,디와이피엔에프(주),2017,조정기,0,0.0,35.9,24.1,48.27,21.99,41.35
1138154363,디와이피엔에프(주),2018,조정기,0,56.96,38.0,92.35,48.49,0.56,34.19
1138154363,디와이피엔에프(주),2019,성숙기,0,44.21,0.0,100.0,49.1,0.06,49.41
1138154363,디와이피엔에프(주),2020,성장기,0,100.0,0.8,62.42,54.32,0.14,50.71
1138154363,디와이피엔에프(주),2021,도입기,0,25.99,71.8,38.9,48.58,6.74,52.58
1138154363,디와이피엔에프(주),2022,성장기,0,44.25,3.1,54.23,25.86,61.62,79.4
1138154363,디와이피엔에프(주),2023,성장기,0,24.44,13.2,55.25,41.31,1.66,14.74
1138154363,디와이피엔에프(주),2024,성장기,0,53.17,16.0,58.94,32.89,4.54,51.85
1138157749,주식회사커머셜엔진,2015,성숙기,0,38.29,5.6,0.0,52.46,0.47,47.41
1138157749,주식회사커머셜엔진,2016,성숙기,0,35.48,0.0,19.68,44.72,0.25,50.75
1138157749,주식회사커머셜엔진,2017,성숙기,0,0.0,0.0,24.1,46.92,0.73,48.69
1138157749,주식회사커머셜엔진,2018,쇠퇴기,0,56.96,100.0,92.35,46.96,5.12,48.73
1138157749,주식회사커머셜엔진,2019,성숙기,0,44.21,0.0,100.0,49.77,0.9,47.33
1138157749,주식회사커머셜엔진,2020,조정기,0,100.0,22.0,62.42,60.6,4.68,52.74
1138157749,주식회사커머셜엔진,2021,성숙기,0,25.99,0.0,38.9,55.23,0.46,46.49
1138157749,주식회사커머셜엔진,2022,조정기,0,44.25,26.1,54.23,37.59,1.96,48.25
1138157749,주식회사커머셜엔진,2023,쇠퇴기,0,24.44,100.0,55.25,51.12,4.77,50.51
1138157749,주식회사커머셜엔진,2024,성숙기,0,53.17,0.0,58.94,40.55,0.77,48.04
1138158132,디에이치,2015,성장기,0,38.29,0.0,0.0,51.13,43.34,69.93
1138158132,디에이치,2016,성숙기,0,35.48,0.0,19.68,51.81,2.14,28.13
1138158132,디에이치,2017,도입기,0,0.0,70.3,24.1,58.73,6.78,51.09
1138158132,디에이치,2018,성숙기,0,56.96,0.0,92.35,58.78,1.41,43.23
1138158132,디에이치,2019,조정기,0,44.21,25.7,100.0,59.5,65.79,85.52
1138158132,디에이치,2020,도입기,0,100.0,68.6,62.42,73.25,40.29,36.58
1138158132,디에이치,2021,성숙기,0,25.99,0.0,38.9,55.36,9.78,31.72
1138158132,디에이치,2022,성숙기,0,44.25,0.0,54.23,33.97,0.98,42.11
1138158132,디에이치,2023,성숙기,0,24.44,0.0,55.25,48.09,57.85,81.94
1138158132,디에이치,2024,성장기,0,53.17,16.0,58.94,39.18,5.06,20.92
1138158748,(주)힘쎈프레스,2015,성숙기,0,38.29,5.6,0.0,49.87,21.47,54.01
1138158748,(주)힘쎈프레스,2016,쇠퇴기,0,35.48,100.0,19.68,46.84,29.91,55.46
1138158748,(주)힘쎈프레스,2017,쇠퇴기,0,0.0,100.0,24.1,44.35,78.62,76.56
1138159015,(주)유로하우징,2021,도입기,0,25.99,71.8,38.9,54.41,20.68,48.84
1138159015,(주)유로하우징,2022,도입기,0,44.25,70.4,54.23,36.93,27.43,51.08
1138159015,(주)유로하우징,2023,도입기,0,24.44,81.1,55.25,50.57,8.62,38.25
1138159015,(주)유로하우징,2024,성장기,0,53.17,16.0,58.94,40.88,13.28,52.8
1138159048,(주)정우에프앤비,2015,쇠퇴기,0,38.29,100.0,0.0,49.87,22.61,52.08
1138162499,한양스틸프라자주식회사,2015,도입기,0,38.29,65.4,0.0,49.87,13.04,50.22
1138162499,한양스틸프라자주식회사,2016,성장기,0,35.48,2.2,19.68,46.84,12.5,50.55
1138162499,한양스틸프라자주식회사,2017,쇠퇴기,0,0.0,100.0,24.1,48.92,66.27,79.43
1138162499,한양스틸프라자주식회사,2018,성숙기,0,56.96,0.0,92.35,52.33,54.36,39.69
1138162499,한양스틸프라자주식회사,2019,조정기,1,44.21,25.7,100.0,54.24,67.39,56.75
1138164051,주식회사대양기술,2015,조정기,0,38.29,28.5,0.0,49.87,7.83,44.81
1138164051,주식회사대양기술,2016,쇠퇴기,0,35.48,100.0,19.68,45.56,46.36,72.03
1138164051,주식회사대양기술,2017,쇠퇴기,0,0.0,100.0,24.1,47.2,78.25,66.9
1138164051,주식회사대양기술,2018,쇠퇴기,0,56.96,100.0,92.35,47.41,14.73,10.54
1138164051,주식회사대양기술,2019,성장기,0,44.21,2.1,100.0,43.85,28.22,57.15
1138164051,주식회사대양기술,2020,도입기,0,100.0,68.6,62.42,44.56,90.54,84.89
1138164051,주식회사대양기술,2021,쇠퇴기,1,25.99,100.0,38.9,53.72,95.19,51.63
1138165119,주식회사포스벨,2015,도입기,0,38.29,65.4,0.0,5.88,38.61,34.39
1138165119,주식회사포스벨,2016,쇠퇴기,1,35.48,100.0,19.68,55.71,61.69,63.47
1138184469,(주)정우브레카,2015,성장기,0,38.29,0.0,0.0,51.23,14.35,55.82
1138184469,(주)정우브레카,2016,성장기,0,35.48,2.2,19.68,51.49,10.33,48.63
1138184469,(주)정우브레카,2017,조정기,0,0.0,35.9,24.1,52.2,9.83,48.15
1138184469,(주)정우브레카,2018,성숙기,0,56.96,0.0,92.35,53.83,2.47,42.11
1138184469,(주)정우브레카,2019,성숙기,0,44.21,0.0,100.0,51.99,2.68,49.8
1138184760,주식회사계암,2015,성숙기,0,38.29,5.6,0.0,57.57,1.15,41.65
1138184760,주식회사계암,2016,성장기,0,35.48,2.2,19.68,100.0,3.17,51.98
1138184760,주식회사계암,2017,성장기,0,0.0,1.7,24.1,95.3,28.29,62.9
1138184760,주식회사계암,2018,성장기,0,56.96,1.0,92.35,76.84,40.43,53.19
1138184760,주식회사계암,2019,쇠퇴기,0,44.21,100.0,100.0,68.49,15.92,35.91
1138184760,주식회사계암,2020,성숙기,0,100.0,0.0,62.42,57.93,23.15,54.62
1138184760,주식회사계암,2021,쇠퇴기,0,25.99,100.0,38.9,56.97,15.79,44.75
1138184760,주식회사계암,2022,성장기,0,44.25,3.1,54.23,35.58,9.56,43.54
1138184760,주식회사계암,2023,도입기,0,24.44,81.1,55.25,49.62,46.62,70.52
1138184760,주식회사계암,2024,도입기,0,53.17,92.8,58.94,40.04,89.19,73.58
1138185449,(주)지오엠티,2015,조정기,0,38.29,28.5,0.0,49.87,93.51,49.52
1138185449,(주)지오엠티,2016,조정기,1,35.48,33.5,19.68,51.36,76.33,41.22
1138186074,(주)이노비즈,2015,쇠퇴기,1,38.29,100.0,0.0,26.02,56.11,35.42
1138188335,(주)엔티렉스,2015,성숙기,0,38.29,5.6,0.0,50.64,5.3,48.25
1138188335,(주)엔티렉스,2016,도입기,0,35.48,82.9,19.68,50.83,10.72,53.84
1138188335,(주)엔티렉스,2017,성장기,0,0.0,1.7,24.1,52.96,8.9,47.39
1138188335,(주)엔티렉스,2018,도입기,0,56.96,75.8,92.35,53.66,11.24,47.6
1138188335,(주)엔티렉스,2019,도입기,0,44.21,58.1,100.0,53.19,9.4,48.63
1138188335,(주)엔티렉스,2020,도입기,0,100.0,68.6,62.42,60.68,9.73,50.84
1138188335,(주)엔티렉스,2021,조정기,0,25.99,24.6,38.9,51.15,8.15,47.99
1138188335,(주)엔티렉스,2022,조정기,0,44.25,26.1,54.23,36.19,7.24,46.75
1138188335,(주)엔티렉스,2023,조정기,0,24.44,24.8,55.25,49.73,10.22,50.67
1138188335,(주)엔티렉스,2024,조정기,0,53.17,27.2,58.94,40.12,6.34,48.09
1138189256,(주)새한엘리베이터,2019,성장기,0,44.21,2.1,100.0,51.55,8.92,49.68
1138189256,(주)새한엘리베이터,2020,성장기,0,100.0,0.8,62.42,60.99,9.24,50.83
1138189256,(주)새한엘리베이터,2021,성장기,0,25.99,1.9,38.9,54.41,39.36,65.86
1138189256,(주)새한엘리베이터,2022,성장기,0,44.25,3.1,54.23,32.26,17.88,34.34
1138189256,(주)새한엘리베이터,2023,성숙기,0,24.44,0.0,55.25,46.57,6.42,42.41
1138189256,(주)새한엘리베이터,2024,성숙기,0,53.17,0.0,58.94,35.44,12.56,53.63
1138196403,모델솔루션(주),2015,조정기,0,38.29,28.5,0.0,66.02,5.14,51.19
1138196403,모델솔루션(주),2016,성숙기,0,35.48,0.0,19.68,47.39,3.98,50.23
1138196403,모델솔루션(주),2017,성숙기,0,0.0,0.0,24.1,48.87,3.18,47.96
1138196403,모델솔루션(주),2018,성숙기,0,56.96,0.0,92.35,48.6,0.87,44.96
1138196403,모델솔루션(주),2019,성숙기,0,44.21,0.0,100.0,50.26,0.4,49.43
1138196403,모델솔루션(주),2020,성숙기,0,100.0,0.0,62.42,60.04,0.33,50.63
1138196403,모델솔루션(주),2021,성숙기,0,25.99,0.0,38.9,55.69,0.16,48.77
1138196403,모델솔루션(주),2022,성숙기,0,44.25,0.0,54.23,37.6,5.41,50.45
1138196403,모델솔루션(주),2023,성숙기,0,24.44,0.0,55.25,51.02,1.44,46.6
1138196403,모델솔루션(주),2024,성숙기,0,53.17,0.0,58.94,41.09,0.67,49.84
1138610787,(주)아지텍,2015,조정기,0,38.29,28.5,0.0,49.87,11.4,50.22
1138610787,(주)아지텍,2016,성숙기,0,35.48,0.0,19.68,46.84,12.4,51.4
1138610787,(주)아지텍,2021,조정기,0,25.99,24.6,38.9,54.41,4.49,48.84
1138610787,(주)아지텍,2022,성숙기,0,44.25,0.0,54.23,81.63,4.32,47.23
1138610787,(주)아지텍,2023,성숙기,0,24.44,0.0,55.25,81.48,0.03,46.41
1138610787,(주)아지텍,2024,성숙기,0,53.17,0.0,58.94,66.64,4.4,52.68
1138677395,(주)엔클로니,2018,도입기,0,56.96,75.8,92.35,49.91,18.66,46.26
1138677395,(주)엔클로니,2019,성장기,0,44.21,2.1,100.0,51.55,74.16,80.52
1138677395,(주)엔클로니,2020,도입기,0,100.0,68.6,62.42,60.99,19.01,20.28
1138677395,(주)엔클로니,2021,도입기,0,25.99,71.8,38.9,49.54,61.68,72.95
1138677395,(주)엔클로니,2022,도입기,0,44.25,70.4,54.23,38.76,89.69,63.01
1138677395,(주)엔클로니,2023,도입기,0,24.44,81.1,55.25,52.22,74.01,40.84
1138677395,(주)엔클로니,2024,조정기,0,53.17,27.2,58.94,40.83,29.88,25.65
1138688757,(주)파이로엔지니어링,2022,도입기,0,44.25,70.4,54.23,36.93,8.97,47.42
1138688757,(주)파이로엔지니어링,2023,성숙기,0,24.44,0.0,55.25,50.57,11.61,50.49
1138688757,(주)파이로엔지니어링,2024,쇠퇴기,0,53.17,100.0,58.94,40.55,20.1,54.91
1148145488,화천기계(주),2015,성숙기,0,38.29,5.6,0.0,53.95,4.6,49.95
1148145488,화천기계(주),2016,성숙기,0,35.48,0.0,19.68,44.35,39.55,70.07
1148145488,화천기계(주),2017,성숙기,0,0.0,0.0,24.1,45.82,56.07,58.03
1148145488,화천기계(주),2018,성숙기,0,56.96,0.0,92.35,48.43,45.05,40.16
1148145488,화천기계(주),2019,성장기,0,44.21,2.1,100.0,51.28,62.39,59.19
1148145488,화천기계(주),2020,성숙기,0,100.0,0.0,62.42,60.89,66.97,53.12
1148145488,화천기계(주),2021,성숙기,0,25.99,0.0,38.9,54.67,20.75,22.91
1148145488,화천기계(주),2022,성숙기,0,44.25,0.0,54.23,40.67,35.29,55.63
1148145488,화천기계(주),2023,성숙기,0,24.44,0.0,55.25,53.6,59.06,63.11
1148145488,화천기계(주),2024,성숙기,0,53.17,0.0,58.94,43.19,16.81,26.74
1148172331,크린팩토메이션주식회사,2015,조정기,0,38.29,28.5,0.0,50.79,0.51,50.29
1148172331,크린팩토메이션주식회사,2016,조정기,0,35.48,33.5,19.68,63.12,4.59,53.11
1148172331,크린팩토메이션주식회사,2017,성숙기,0,0.0,0.0,24.1,61.01,0.58,46.11
1148172331,크린팩토메이션주식회사,2018,성숙기,0,56.96,0.0,92.35,63.4,0.32,46.1
1148172331,크린팩토메이션주식회사,2019,성숙기,0,44.21,0.0,100.0,53.96,0.48,49.78
1148172331,크린팩토메이션주식회사,2020,성숙기,0,100.0,0.0,62.42,66.25,0.27,50.55
1148172331,크린팩토메이션주식회사,2021,성숙기,0,25.99,0.0,38.9,61.78,5.68,51.91
1148172331,크린팩토메이션주식회사,2022,성숙기,0,44.25,0.0,54.23,36.46,0.21,44.11
1148172331,크린팩토메이션주식회사,2023,도입기,0,24.44,81.1,55.25,50.21,6.83,52.7
1148172331,크린팩토메이션주식회사,2024,성숙기,0,53.17,0.0,58.94,41.13,2.59,47.9
1148192507,전진건설로봇(주),2015,성장기,0,38.29,0.0,0.0,57.59,0.44,50.26
1148192507,전진건설로봇(주),2016,조정기,0,35.48,33.5,19.68,62.28,0.48,50.89
1148192507,전진건설로봇(주),2017,조정기,0,0.0,35.9,24.1,59.1,0.3,48.31
1148192507,전진건설로봇(주),2018,조정기,0,56.96,38.0,92.35,55.57,4.63,48.7
1148192507,전진건설로봇(주),2019,조정기,0,44.21,25.7,100.0,62.79,0.24,47.23
1148192507,전진건설로봇(주),2020,성숙기,0,100.0,0.0,62.42,66.52,0.15,50.62
1148192507,전진건설로봇(주),2021,성숙기,0,25.99,0.0,38.9,58.72,0.42,49.02
1148192507,전진건설로봇(주),2022,조정기,0,44.25,26.1,54.23,42.6,0.24,47.27
1148192507,전진건설로봇(주),2023,조정기,0,24.44,24.8,55.25,55.18,0.13,48.78
1148192507,전진건설로봇(주),2024,성장기,0,53.17,16.0,58.94,44.1,0.14,50.27
1148614369,(주)에스앤에이치이엔지,2021,도입기,0,25.99,71.8,38.9,54.41,30.7,48.84
1148614369,(주)에스앤에이치이엔지,2022,성장기,0,44.25,3.1,54.23,36.93,15.37,38.04
1148614369,(주)에스앤에이치이엔지,2023,성장기,0,24.44,13.2,55.25,50.57,15.13,48.89
1148614369,(주)에스앤에이치이엔지,2024,성장기,0,53.17,16.0,58.94,34.52,19.52,52.63
1148638599,(주)플로원,2015,도입기,0,38.29,65.4,0.0,45.6,5.51,36.75
1148638599,(주)플로원,2016,도입기,0,35.48,82.9,19.68,60.43,26.61,62.46
1148638599,(주)플로원,2017,도입기,0,0.0,70.3,24.1,59.99,52.95,63.66
1148638599,(주)플로원,2018,성장기,0,56.96,1.0,92.35,59.15,7.7,20.8
1148638599,(주)플로원,2019,성숙기,0,44.21,0.0,100.0,50.98,17.71,55.24
1148638599,(주)플로원,2020,도입기,0,100.0,68.6,62.42,63.37,20.2,52.02
1148638599,(주)플로원,2021,성숙기,0,25.99,0.0,38.9,57.78,15.82,46.43
1148638599,(주)플로원,2022,성장기,0,44.25,3.1,54.23,43.45,23.7,51.79
1148638599,(주)플로원,2023,조정기,0,24.44,24.8,55.25,55.98,5.11,38.33
1148638599,(주)플로원,2024,성장기,0,53.17,16.0,58.94,42.17,0.47,47.68
1168104862,(주)마스테코,2015,성장기,0,38.29,0.0,0.0,48.61,12.83,53.85
1168104862,(주)마스테코,2016,도입기,0,35.48,82.9,19.68,48.37,14.82,51.94
1168104862,(주)마스테코,2017,도입기,0,0.0,70.3,24.1,51.19,45.66,66.22
1168104862,(주)마스테코,2018,조정기,0,56.96,38.0,92.35,51.59,17.81,30.62
1168104862,(주)마스테코,2019,조정기,0,44.21,25.7,100.0,54.22,17.49,49.46
1168104862,(주)마스테코,2020,조정기,0,100.0,22.0,62.42,66.05,7.4,45.1
1168104862,(주)마스테코,2021,조정기,0,25.99,24.6,38.9,55.98,5.53,47.82
1168104862,(주)마스테코,2022,성장기,0,44.25,3.1,54.23,36.21,5.61,47.36
1168104862,(주)마스테코,2023,조정기,0,24.44,24.8,55.25,49.78,0.21,45.77
1168104862,(주)마스테코,2024,성장기,0,53.17,16.0,58.94,39.72,0.26,50.3
1168111102,주식회사신기그룹,2021,성장기,0,25.99,1.9,38.9,54.41,3.87,48.84
1168111102,주식회사신기그룹,2022,쇠퇴기,0,44.25,100.0,54.23,36.93,10.63,51.29
1168111102,주식회사신기그룹,2023,도입기,0,24.44,81.1,55.25,50.57,62.09,78.91
1168111102,주식회사신기그룹,2024,쇠퇴기,0,53.17,100.0,58.94,40.5,94.51,67.92
1168127133,(주)에스비씨리니어,2015,성숙기,0,38.29,5.6,0.0,58.92,7.42,15.39
1168127133,(주)에스비씨리니어,2016,성장기,0,35.48,2.2,19.68,55.51,86.81,94.49
1168127133,(주)에스비씨리니어,2017,조정기,0,0.0,35.9,24.1,56.45,69.1,38.4
1168127133,(주)에스비씨리니어,2018,쇠퇴기,0,56.96,100.0,92.35,58.09,16.09,16.46
1168127133,(주)에스비씨리니어,2019,도입기,0,44.21,58.1,100.0,54.12,84.73,87.84
1168127133,(주)에스비씨리니어,2020,성숙기,0,100.0,0.0,62.42,64.72,66.21,40.4
1168127133,(주)에스비씨리니어,2021,성숙기,0,25.99,0.0,38.9,57.98,75.05,53.95
1168127133,(주)에스비씨리니어,2022,성숙기,0,44.25,0.0,54.23,41.71,51.73,32.82
1168127133,(주)에스비씨리니어,2023,성숙기,0,24.44,0.0,55.25,54.52,90.52,72.05
1168127133,(주)에스비씨리니어,2024,도입기,0,53.17,92.8,58.94,44.03,85.53,47.18
1168133386,(주)송화엔지니어링,2015,도입기,0,38.29,65.4,0.0,61.43,26.21,64.98
1168133386,(주)송화엔지니어링,2016,도입기,0,35.48,82.9,19.68,60.31,7.63,40.6
1168154120,(주)한국대기사,2015,성숙기,0,38.29,5.6,0.0,49.87,8.51,54.71
1168154120,(주)한국대기사,2016,조정기,0,35.48,33.5,19.68,77.47,6.03,49.49
1168154120,(주)한국대기사,2017,조정기,0,0.0,35.9,24.1,67.5,1.45,45.78
1168154120,(주)한국대기사,2018,조정기,0,56.96,38.0,92.35,69.15,15.97,54.47
1168154120,(주)한국대기사,2019,성숙기,0,44.21,0.0,100.0,59.82,5.63,43.88
1168154120,(주)한국대기사,2020,성숙기,0,100.0,0.0,62.42,57.87,10.04,53.09
1168154120,(주)한국대기사,2021,조정기,0,25.99,24.6,38.9,47.26,46.29,69.32
1168154120,(주)한국대기사,2022,성장기,0,44.25,3.1,54.23,30.16,75.0,63.61
1168154120,(주)한국대기사,2023,쇠퇴기,0,24.44,100.0,55.25,44.82,18.13,16.7
1168154120,(주)한국대기사,2024,조정기,0,53.17,27.2,58.94,29.76,62.4,74.62
1168161034,우암신소재(주),2022,성장기,0,44.25,3.1,54.23,36.93,6.89,47.42
1168161034,우암신소재(주),2023,성숙기,0,24.44,0.0,55.25,50.57,17.53,55.12
1168161034,우암신소재(주),2024,성장기,0,53.17,16.0,58.94,40.55,5.97,43.83
1168162862,규델리니어텍(주),2015,성숙기,0,38.29,5.6,0.0,45.66,8.92,53.62
1168162862,규델리니어텍(주),2016,조정기,0,35.48,33.5,19.68,59.45,3.09,47.65
1168162862,규델리니어텍(주),2017,도입기,0,0.0,70.3,24.1,58.46,6.42,50.33
1168162862,규델리니어텍(주),2018,성숙기,0,56.96,0.0,92.35,59.34,0.59,42.97
1168162862,규델리니어텍(주),2019,성숙기,0,44.21,0.0,100.0,53.93,0.45,49.61
1168162862,규델리니어텍(주),2020,성숙기,0,100.0,0.0,62.42,61.3,2.65,51.88
1168162862,규델리니어텍(주),2021,성숙기,0,25.99,0.0,38.9,59.65,0.06,47.4
1168162862,규델리니어텍(주),2022,쇠퇴기,0,44.25,100.0,54.23,42.53,7.1,51.5
1168162862,규델리니어텍(주),2023,조정기,0,24.44,24.8,55.25,54.84,67.31,83.95
1168162862,규델리니어텍(주),2024,성장기,0,53.17,16.0,58.94,43.31,72.71,53.0
1168169870,제이엔케이글로벌(주),2015,성숙기,0,38.29,5.6,0.0,41.7,0.5,26.34
1168169870,제이엔케이글로벌(주),2016,도입기,0,35.48,82.9,19.68,48.81,40.26,72.72
1168169870,제이엔케이글로벌(주),2017,조정기,0,0.0,35.9,24.1,48.72,64.11,62.25
1168169870,제이엔케이글로벌(주),2018,성장기,0,56.96,1.0,92.35,47.75,39.68,32.61
1168169870,제이엔케이글로벌(주),2019,성숙기,0,44.21,0.0,100.0,46.31,2.88,29.07
1168169870,제이엔케이글로벌(주),2020,성장기,0,100.0,0.8,62.42,52.27,6.61,52.71
1168169870,제이엔케이글로벌(주),2021,성장기,0,25.99,1.9,38.9,51.97,24.15,58.76
1168169870,제이엔케이글로벌(주),2022,성장기,0,44.25,3.1,54.23,31.06,5.25,36.03
1168169870,제이엔케이글로벌(주),2023,성장기,0,24.44,13.2,55.25,45.85,18.15,56.41
1168169870,제이엔케이글로벌(주),2024,성숙기,0,53.17,0.0,58.94,37.29,32.34,58.03
1168173001,한국아즈빌(주),2015,성숙기,0,38.29,5.6,0.0,45.0,1.17,50.61
1168173001,한국아즈빌(주),2016,성숙기,0,35.48,0.0,19.68,44.53,4.45,52.67
1168173001,한국아즈빌(주),2017,조정기,0,0.0,35.9,24.1,46.72,4.87,48.66
1168173001,한국아즈빌(주),2018,조정기,0,56.96,38.0,92.35,49.02,0.24,43.65
1168173001,한국아즈빌(주),2019,조정기,0,44.21,25.7,100.0,52.7,11.61,56.02
1168173001,한국아즈빌(주),2020,성숙기,0,100.0,0.0,62.42,65.0,0.23,44.4
1168173001,한국아즈빌(주),2021,성숙기,0,25.99,0.0,38.9,53.71,0.21,48.85
1168173001,한국아즈빌(주),2022,성숙기,0,44.25,0.0,54.23,36.1,0.93,47.8
1168173001,한국아즈빌(주),2023,성숙기,0,24.44,0.0,55.25,49.85,3.36,50.27
1168173001,한국아즈빌(주),2024,성숙기,0,53.17,0.0,58.94,41.39,0.93,48.91
1168174878,(주)파일란트,2015,도입기,0,38.29,65.4,0.0,49.87,19.42,50.22
1168174878,(주)파일란트,2016,조정기,0,35.48,33.5,19.68,46.84,47.09,66.03
1168174878,(주)파일란트,2018,쇠퇴기,0,56.96,100.0,92.35,49.91,14.78,46.26
1168174878,(주)파일란트,2019,성장기,0,44.21,2.1,100.0,44.57,4.68,44.02
1168174878,(주)파일란트,2020,조정기,0,100.0,22.0,62.42,62.45,0.49,48.36
1168174878,(주)파일란트,2021,성숙기,0,25.99,0.0,38.9,50.96,0.78,49.02
1168174878,(주)파일란트,2022,조정기,0,44.25,26.1,54.23,40.87,6.4,50.66
1168174878,(주)파일란트,2023,성숙기,0,24.44,0.0,55.25,53.77,4.24,47.67
1168174878,(주)파일란트,2024,성숙기,0,53.17,0.0,58.94,41.37,9.44,53.12
1178115867,(주)대일시스템,2022,성숙기,0,44.25,0.0,54.23,36.93,3.64,47.42
1178115867,(주)대일시스템,2023,조정기,0,24.44,24.8,55.25,50.57,0.48,47.05
1178115867,(주)대일시스템,2024,성숙기,0,53.17,0.0,58.94,40.55,0.22,50.12
1178118582,베스텍주식회사,2015,쇠퇴기,0,38.29,100.0,0.0,33.46,25.07,55.36
1178118582,베스텍주식회사,2016,성장기,0,35.48,2.2,19.68,43.96,19.22,47.6
1178118582,베스텍주식회사,2017,조정기,0,0.0,35.9,24.1,47.94,17.04,47.2
1178118582,베스텍주식회사,2018,성숙기,0,56.96,0.0,92.35,50.96,12.06,43.48
1178118582,베스텍주식회사,2019,조정기,0,44.21,25.7,100.0,47.54,74.53,84.42
1178118582,베스텍주식회사,2020,성장기,0,100.0,0.8,62.42,67.7,90.44,59.33
1178118582,베스텍주식회사,2021,성장기,0,25.99,1.9,38.9,60.49,54.84,28.93
1178118582,베스텍주식회사,2022,성장기,0,44.25,3.1,54.23,43.47,53.33,45.83
1178118582,베스텍주식회사,2023,성장기,0,24.44,13.2,55.25,55.82,28.6,35.13
1178118582,베스텍주식회사,2024,성장기,0,53.17,16.0,58.94,44.55,47.96,60.84
1178125220,현대전기기계공업(주),2022,성장기,0,44.25,3.1,54.23,36.93,3.72,47.42
1178125220,현대전기기계공업(주),2023,조정기,0,24.44,24.8,55.25,50.57,8.54,51.7
1178125220,현대전기기계공업(주),2024,성장기,0,53.17,16.0,58.94,40.55,1.03,46.09
1178130460,광성지엠(주),2015,도입기,0,38.29,65.4,0.0,55.04,9.63,50.21
1178130460,광성지엠(주),2016,조정기,0,35.48,33.5,19.68,49.5,66.86,82.31
1178130460,광성지엠(주),2017,성장기,0,0.0,1.7,24.1,50.11,6.39,13.71
1178130460,광성지엠(주),2018,도입기,0,56.96,75.8,92.35,51.71,18.57,53.15
1178130460,광성지엠(주),2019,성숙기,0,44.21,0.0,100.0,54.08,36.13,59.4
1178130460,광성지엠(주),2020,성장기,0,100.0,0.8,62.42,59.95,69.15,68.78
1178130460,광성지엠(주),2021,성숙기,0,25.99,0.0,38.9,57.32,64.02,46.08
1178130460,광성지엠(주),2022,조정기,0,44.25,26.1,54.23,39.16,6.97,13.23
1178130460,광성지엠(주),2023,쇠퇴기,0,24.44,100.0,55.25,52.42,32.97,64.05
1178130460,광성지엠(주),2024,성숙기,0,53.17,0.0,58.94,42.18,14.16,39.77
1178164048,주식회사성일기공,2016,성장기,0,35.48,2.2,19.68,46.84,3.82,51.01
1178164048,주식회사성일기공,2017,성숙기,0,0.0,0.0,24.1,48.92,0.77,46.66
1178164048,주식회사성일기공,2018,성장기,0,56.96,1.0,92.35,49.91,2.06,46.98
1178164048,주식회사성일기공,2019,성장기,0,44.21,2.1,100.0,57.88,4.6,51.1
1178164048,주식회사성일기공,2020,성장기,0,100.0,0.8,62.42,63.34,3.09,49.83
1178164048,주식회사성일기공,2021,성숙기,0,25.99,0.0,38.9,56.44,0.82,47.59
1178164048,주식회사성일기공,2022,성숙기,0,44.25,0.0,54.23,40.35,3.4,48.88
1178164048,주식회사성일기공,2023,조정기,0,24.44,24.8,55.25,53.24,0.99,47.49
1178164048,주식회사성일기공,2024,조정기,0,53.17,27.2,58.94,42.83,1.04,50.29
1188100334,(주)남북,2015,도입기,0,38.29,65.4,0.0,54.73,66.18,47.75
1188100334,(주)남북,2016,조정기,0,35.48,33.5,19.68,48.79,24.84,28.0
1188100334,(주)남북,2017,쇠퇴기,0,0.0,100.0,24.1,51.29,81.11,80.91
1188100334,(주)남북,2018,성장기,0,56.96,1.0,92.35,52.04,88.68,50.75
1188100334,(주)남북,2019,쇠퇴기,1,44.21,100.0,100.0,53.89,95.44,53.15
1188102308,주식회사에이치케이밸브,2015,도입기,1,38.29,65.4,0.0,49.87,100.0,56.69
1188103836,조인트유창써멀시스템주식회사,2015,성숙기,0,38.29,5.6,0.0,44.81,12.51,56.93
1188103836,조인트유창써멀시스템주식회사,2016,성숙기,0,35.48,0.0,19.68,60.44,0.77,44.39
1188103836,조인트유창써멀시스템주식회사,2017,성숙기,0,0.0,0.0,24.1,60.89,1.77,48.99
1188103836,조인트유창써멀시스템주식회사,2018,성숙기,0,56.96,0.0,92.35,56.18,0.85,45.74
1188103836,조인트유창써멀시스템주식회사,2019,성숙기,0,44.21,0.0,100.0,53.18,7.35,53.31
1188103836,조인트유창써멀시스템주식회사,2020,성숙기,0,100.0,0.0,62.42,63.96,17.84,56.42
1188103836,조인트유창써멀시스템주식회사,2021,조정기,0,25.99,24.6,38.9,57.1,69.0,77.74
1188103836,조인트유창써멀시스템주식회사,2022,조정기,0,44.25,26.1,54.23,37.19,51.87,36.52
1188103836,조인트유창써멀시스템주식회사,2023,성숙기,0,24.44,0.0,55.25,51.06,4.0,21.64
1188103836,조인트유창써멀시스템주식회사,2024,성숙기,0,53.17,0.0,58.94,41.09,64.12,83.42
1188107040,인곡산업(주),2015,성숙기,0,38.29,5.6,0.0,37.39,75.24,46.73
1188107040,인곡산업(주),2016,성숙기,1,35.48,0.0,19.68,50.23,97.63,63.0
1188111340,태랑엔지니어링(주),2017,성장기,0,0.0,1.7,24.1,48.92,3.61,48.42
1188111340,태랑엔지니어링(주),2018,도입기,0,56.96,75.8,92.35,49.91,6.66,47.98
1188111340,태랑엔지니어링(주),2022,성장기,0,44.25,3.1,54.23,36.93,49.67,47.42
1188111340,태랑엔지니어링(주),2023,쇠퇴기,0,24.44,100.0,55.25,43.45,4.73,23.32
1188111340,태랑엔지니어링(주),2024,조정기,0,53.17,27.2,58.94,26.86,69.06,85.75
1188113858,(주)메카트로,2015,성숙기,0,38.29,5.6,0.0,49.03,0.85,50.43
1188113858,(주)메카트로,2016,성숙기,0,35.48,0.0,19.68,35.91,1.12,51.02
1188113858,(주)메카트로,2017,성숙기,0,0.0,0.0,24.1,36.09,1.5,48.63
1188113858,(주)메카트로,2018,성숙기,0,56.96,0.0,92.35,40.27,8.12,50.0
1188113858,(주)메카트로,2019,성숙기,0,44.21,0.0,100.0,46.09,1.06,45.74
1188113858,(주)메카트로,2020,성숙기,0,100.0,0.0,62.42,47.43,0.46,50.33
1188113858,(주)메카트로,2021,성숙기,0,25.99,0.0,38.9,47.65,1.38,49.38
1188113858,(주)메카트로,2022,성숙기,0,44.25,0.0,54.23,36.37,0.36,46.77
1188113858,(주)메카트로,2023,성숙기,0,24.44,0.0,55.25,50.17,0.14,48.72
1188113858,(주)메카트로,2024,성숙기,0,53.17,0.0,58.94,39.99,0.13,50.26
1188116253,파워제넥스(주),2016,성장기,0,35.48,2.2,19.68,46.84,3.35,51.01
1188116253,파워제넥스(주),2017,조정기,0,0.0,35.9,24.1,48.92,0.57,46.81
1188116253,파워제넥스(주),2018,성숙기,0,56.96,0.0,92.35,49.91,0.48,46.2
1188116253,파워제넥스(주),2019,조정기,0,44.21,25.7,100.0,51.3,0.1,49.48
1188116253,파워제넥스(주),2020,조정기,0,100.0,22.0,62.42,58.96,0.27,50.76
1188116253,파워제넥스(주),2021,조정기,0,25.99,24.6,38.9,54.5,0.09,48.76
1188116253,파워제넥스(주),2022,성숙기,0,44.25,0.0,54.23,39.23,0.13,47.4
1188116253,파워제넥스(주),2023,성숙기,0,24.44,0.0,55.25,52.5,0.31,48.95
1188116253,파워제넥스(주),2024,성숙기,0,53.17,0.0,58.94,42.46,0.1,50.15
1188117043,장오기계(주),2019,성숙기,0,44.21,0.0,100.0,51.55,3.65,49.68
1188117043,장오기계(주),2020,성장기,0,100.0,0.8,62.42,60.99,3.9,50.8
1188117043,장오기계(주),2021,조정기,0,25.99,24.6,38.9,54.41,0.09,46.72
1188117043,장오기계(주),2022,성숙기,0,44.25,0.0,54.23,37.74,0.27,47.48
1188117043,장오기계(주),2023,성장기,0,24.44,13.2,55.25,51.38,0.08,48.74
1188117043,장오기계(주),2024,조정기,0,53.17,27.2,58.94,41.48,5.05,53.01
1198102937,서울냉열주식회사,2015,조정기,0,38.29,28.5,0.0,59.46,4.36,49.86
1198103329,(주)청우지엔티,2019,성숙기,0,44.21,0.0,100.0,51.55,3.65,49.68
1198103329,(주)청우지엔티,2020,성장기,0,100.0,0.8,62.42,60.99,0.03,48.67
1198103329,(주)청우지엔티,2021,성숙기,0,25.99,0.0,38.9,54.41,0.46,49.1
1198103329,(주)청우지엔티,2022,조정기,0,44.25,26.1,54.23,33.99,7.62,51.57
1198103483,서울디엔에스주식회사,2018,쇠퇴기,0,56.96,100.0,92.35,49.91,3.95,46.26
1198103483,서울디엔에스주식회사,2019,성숙기,0,44.21,0.0,100.0,51.55,5.57,50.58
1198103483,서울디엔에스주식회사,2021,성숙기,0,25.99,0.0,38.9,54.41,0.83,48.84
1198103483,서울디엔에스주식회사,2022,성숙기,0,44.25,0.0,54.23,39.78,0.47,47.16
1198103483,서울디엔에스주식회사,2023,성숙기,0,24.44,0.0,55.25,52.73,7.72,53.07
1198103483,서울디엔에스주식회사,2024,성숙기,0,53.17,0.0,58.94,43.2,28.86,61.9
1198104411,우영산업주식회사,2015,성장기,0,38.29,0.0,0.0,54.3,3.88,50.17
1198104411,우영산업주식회사,2016,성장기,0,35.48,2.2,19.68,48.04,4.84,51.39
1198104411,우영산업주식회사,2017,성장기,0,0.0,1.7,24.1,49.34,2.72,47.2
1198104411,우영산업주식회사,2018,도입기,0,56.96,75.8,92.35,51.29,7.29,48.84
1198104411,우영산업주식회사,2019,도입기,0,44.21,58.1,100.0,48.23,9.06,50.65
1198104411,우영산업주식회사,2020,도입기,0,100.0,68.6,62.42,57.21,17.6,55.35
1198104411,우영산업주식회사,2021,성장기,0,25.99,1.9,38.9,55.74,16.03,48.01
1198104411,우영산업주식회사,2022,성숙기,0,44.25,0.0,54.23,37.16,43.21,63.09
1198104411,우영산업주식회사,2023,성장기,0,24.44,13.2,55.25,50.61,45.6,50.77
1198104411,우영산업주식회사,2024,성장기,0,53.17,16.0,58.94,40.31,17.43,34.56
1198109513,(주)우신이엠시,2015,성숙기,0,38.29,5.6,0.0,50.69,6.07,53.41
1198109513,(주)우신이엠시,2016,성숙기,0,35.48,0.0,19.68,47.3,0.34,47.71
1198109513,(주)우신이엠시,2017,성숙기,0,0.0,0.0,24.1,47.5,0.17,48.31
1198109513,(주)우신이엠시,2018,성숙기,0,56.96,0.0,92.35,51.15,0.27,46.31
1198109513,(주)우신이엠시,2019,성숙기,0,44.21,0.0,100.0,51.85,6.34,53.07
1198109513,(주)우신이엠시,2020,도입기,0,100.0,68.6,62.42,66.46,7.61,51.36
1198109513,(주)우신이엠시,2021,도입기,0,25.99,71.8,38.9,60.92,53.08,74.51
1198109513,(주)우신이엠시,2022,조정기,0,44.25,26.1,54.23,42.46,57.05,49.06
1198109513,(주)우신이엠시,2023,도입기,1,24.44,81.1,55.25,55.13,60.35,51.47
1198110096,유도스타자동화주식회사,2015,성장기,0,38.29,0.0,0.0,49.78,57.37,55.09
1198113512,(주)동우밸브콘트롤,2015,성숙기,0,38.29,5.6,0.0,33.05,1.06,50.26
1198113512,(주)동우밸브콘트롤,2016,성숙기,0,35.48,0.0,19.68,37.49,0.71,50.68
1198113512,(주)동우밸브콘트롤,2017,성숙기,0,0.0,0.0,24.1,40.25,1.05,48.61
1198113512,(주)동우밸브콘트롤,2018,성숙기,0,56.96,0.0,92.35,45.35,35.2,65.57
1198113512,(주)동우밸브콘트롤,2019,조정기,0,44.21,25.7,100.0,53.37,1.2,30.64
1198113512,(주)동우밸브콘트롤,2020,성숙기,0,100.0,0.0,62.42,59.05,56.96,81.31
1198113512,(주)동우밸브콘트롤,2023,성장기,0,24.44,13.2,55.25,51.85,0.21,48.85
1198113512,(주)동우밸브콘트롤,2024,성장기,0,53.17,16.0,58.94,42.34,0.52,50.44
1198115960,(주)광산기공,2015,성숙기,0,38.29,5.6,0.0,31.21,5.59,51.95
1198115960,(주)광산기공,2016,성숙기,0,35.48,0.0,19.68,56.6,5.19,50.64
1198115960,(주)광산기공,2017,성숙기,0,0.0,0.0,24.1,57.23,9.91,51.14
1198115960,(주)광산기공,2018,성장기,0,56.96,1.0,92.35,57.4,28.3,56.67
1198115960,(주)광산기공,2019,성장기,0,44.21,2.1,100.0,58.33,10.4,39.63
1198115960,(주)광산기공,2020,성장기,0,100.0,0.8,62.42,65.69,4.84,47.6
1198115960,(주)광산기공,2021,쇠퇴기,0,25.99,100.0,38.9,57.36,71.86,86.66
1198115960,(주)광산기공,2022,조정기,0,44.25,26.1,54.23,35.97,33.39,24.0
1198115960,(주)광산기공,2023,성숙기,0,24.44,0.0,55.25,49.6,48.96,58.31
1198115960,(주)광산기공,2024,성숙기,0,53.17,0.0,58.94,40.04,19.49,33.83
1198117139,세창인터내쇼날(주),2018,성장기,0,56.96,1.0,92.35,49.91,3.44,46.26
1198117139,세창인터내쇼날(주),2019,성숙기,0,44.21,0.0,100.0,51.55,55.83,78.84
1198117139,세창인터내쇼날(주),2020,성숙기,0,100.0,0.0,62.42,60.99,0.39,20.14
1198117139,세창인터내쇼날(주),2021,성숙기,0,25.99,0.0,38.9,43.41,52.13,78.03
1198117139,세창인터내쇼날(주),2022,조정기,0,44.25,26.1,54.23,29.9,50.72,45.92
1198117139,세창인터내쇼날(주),2023,성장기,0,24.44,13.2,55.25,43.78,1.75,21.0
1198117139,세창인터내쇼날(주),2024,성장기,0,53.17,16.0,58.94,35.55,4.19,51.6
1198117217,삼원금형정공주식회사,2015,쇠퇴기,0,38.29,100.0,0.0,52.34,76.49,73.59
1198117217,삼원금형정공주식회사,2016,성장기,0,35.48,2.2,19.68,41.98,89.26,57.72
1198117217,삼원금형정공주식회사,2017,성장기,1,0.0,1.7,24.1,46.07,88.82,48.36
1198120352,(주)은현산업,2015,성장기,0,38.29,0.0,0.0,49.87,1.07,46.69
1198120352,(주)은현산업,2016,조정기,0,35.48,33.5,19.68,46.84,0.69,50.66
1198120352,(주)은현산업,2017,성장기,0,0.0,1.7,24.1,82.9,0.73,48.44
1198120352,(주)은현산업,2018,성숙기,0,56.96,0.0,92.35,77.08,8.25,50.5
1198120352,(주)은현산업,2019,성장기,0,44.21,2.1,100.0,69.47,1.71,46.03
1198120352,(주)은현산업,2020,조정기,0,100.0,22.0,62.42,66.69,4.87,52.4
1198120352,(주)은현산업,2021,조정기,0,25.99,24.6,38.9,60.81,7.32,50.25
1198120352,(주)은현산업,2022,조정기,0,44.25,26.1,54.23,44.42,5.02,45.95
1198120352,(주)은현산업,2023,성장기,0,24.44,13.2,55.25,56.54,4.26,48.47
1198120352,(주)은현산업,2024,성장기,0,53.17,16.0,58.94,45.48,1.89,48.94
1198121201,(주)우창기업,2015,성숙기,0,38.29,5.6,0.0,44.02,4.2,34.54
1198121201,(주)우창기업,2016,성장기,0,35.48,2.2,19.68,46.46,1.6,49.43
1198121201,(주)우창기업,2017,성숙기,0,0.0,0.0,24.1,48.68,6.67,51.33
1198121201,(주)우창기업,2018,성숙기,0,56.96,0.0,92.35,48.9,3.75,44.62
1198121201,(주)우창기업,2019,성숙기,0,44.21,0.0,100.0,50.51,0.4,47.81
1198121201,(주)우창기업,2020,성숙기,0,100.0,0.0,62.42,58.33,0.26,50.59
1198121201,(주)우창기업,2021,조정기,0,25.99,24.6,38.9,51.81,0.25,48.86
1198121201,(주)우창기업,2022,성숙기,0,44.25,0.0,54.23,35.82,0.37,47.45
1198121201,(주)우창기업,2023,성숙기,0,24.44,0.0,55.25,49.45,0.05,48.66
1198121201,(주)우창기업,2024,성숙기,0,53.17,0.0,58.94,39.8,0.09,50.29
1198128922,(주)진텍엔지니어링,2015,성장기,0,38.29,0.0,0.0,45.23,34.86,63.74
1198128922,(주)진텍엔지니어링,2016,쇠퇴기,0,35.48,100.0,19.68,44.29,61.65,65.52
1198128922,(주)진텍엔지니어링,2017,성장기,0,0.0,1.7,24.1,44.6,9.1,18.26
1198128922,(주)진텍엔지니어링,2018,도입기,0,56.96,75.8,92.35,43.45,89.18,91.56
1198128922,(주)진텍엔지니어링,2019,쇠퇴기,0,44.21,100.0,100.0,47.43,91.9,50.9
1198128922,(주)진텍엔지니어링,2020,조정기,0,100.0,22.0,62.42,62.58,26.79,14.79
1198128922,(주)진텍엔지니어링,2021,성장기,0,25.99,1.9,38.9,53.69,7.67,38.13
1198128922,(주)진텍엔지니어링,2022,성장기,0,44.25,3.1,54.23,45.39,97.78,100.0
1198128922,(주)진텍엔지니어링,2023,성장기,0,24.44,13.2,55.25,57.2,43.52,18.5
1198128922,(주)진텍엔지니어링,2024,성숙기,0,53.17,0.0,58.94,46.04,4.62,28.64
1198129483,신한에이엠(주),2015,성장기,0,38.29,0.0,0.0,44.83,61.87,73.03
1198129483,신한에이엠(주),2016,성장기,0,35.48,2.2,19.68,44.79,54.98,46.94
1198129483,신한에이엠(주),2017,조정기,0,0.0,35.9,24.1,47.6,24.61,31.03
1198129483,신한에이엠(주),2018,쇠퇴기,0,56.96,100.0,92.35,47.84,45.38,58.06
1198129483,신한에이엠(주),2019,쇠퇴기,0,44.21,100.0,100.0,51.86,63.61,59.68
1198129483,신한에이엠(주),2020,쇠퇴기,0,100.0,100.0,62.42,61.25,49.34,42.75
1198129483,신한에이엠(주),2021,성숙기,0,25.99,0.0,38.9,54.93,53.63,51.36
1198129483,신한에이엠(주),2022,성숙기,0,44.25,0.0,54.23,36.61,49.5,44.31
1198129483,신한에이엠(주),2023,쇠퇴기,0,24.44,100.0,55.25,50.19,71.27,62.12
1198129483,신한에이엠(주),2024,도입기,1,53.17,92.8,58.94,40.02,79.92,54.78
1198130563,주식회사신영프레시젼,2015,성숙기,0,38.29,5.6,0.0,49.96,5.78,51.37
1198130563,주식회사신영프레시젼,2016,성숙기,0,35.48,0.0,19.68,43.15,47.11,73.58
1198130563,주식회사신영프레시젼,2017,조정기,0,0.0,35.9,24.1,43.58,58.75,55.23
1198130563,주식회사신영프레시젼,2018,조정기,0,56.96,38.0,92.35,42.38,78.36,57.49
1198130563,주식회사신영프레시젼,2019,쇠퇴기,1,44.21,100.0,100.0,56.86,79.64,50.14
1198131655,(주)더블유티엠,2018,쇠퇴기,0,56.96,100.0,92.35,49.91,31.35,46.26
1198131655,(주)더블유티엠,2019,성숙기,0,44.21,0.0,100.0,51.55,15.19,40.59
1198131655,(주)더블유티엠,2021,성숙기,0,25.99,0.0,38.9,54.41,27.73,48.84
1198131655,(주)더블유티엠,2022,성숙기,0,44.25,0.0,54.23,44.45,10.3,36.85
1198131655,(주)더블유티엠,2023,도입기,0,24.44,81.1,55.25,57.55,12.87,50.47
1198131655,(주)더블유티엠,2024,성장기,0,53.17,16.0,58.94,47.63,8.59,47.86
1198138212,(주)디에이테크놀로지,2015,성장기,0,38.29,0.0,0.0,64.62,0.51,50.41
1198138212,(주)디에이테크놀로지,2016,성장기,0,35.48,2.2,19.68,54.97,5.4,53.56
1198138212,(주)디에이테크놀로지,2017,도입기,0,0.0,70.3,24.1,55.77,8.57,50.25
1198138212,(주)디에이테크놀로지,2018,도입기,0,56.96,75.8,92.35,55.12,64.72,78.03
1198138212,(주)디에이테크놀로지,2019,성숙기,0,44.21,0.0,100.0,58.92,63.72,48.92
1198138212,(주)디에이테크놀로지,2020,도입기,0,100.0,68.6,62.42,63.61,88.41,64.16
1198138212,(주)디에이테크놀로지,2021,도입기,1,25.99,71.8,38.9,63.98,91.11,50.53
1198139036,(주)천일,2015,성장기,0,38.29,0.0,0.0,49.87,34.77,50.22
1198139036,(주)천일,2016,성숙기,0,35.48,0.0,19.68,46.84,46.92,57.47
1198139036,(주)천일,2017,성장기,0,0.0,1.7,24.1,48.92,36.13,42.3
1198139036,(주)천일,2018,쇠퇴기,0,56.96,100.0,92.35,50.14,99.46,82.16
1198139036,(주)천일,2019,조정기,0,44.21,25.7,100.0,56.04,98.95,49.07
1198139472,아메스산업(주),2017,성숙기,0,0.0,0.0,24.1,48.92,3.73,48.42
1198139472,아메스산업(주),2018,성숙기,0,56.96,0.0,92.35,49.91,0.61,44.5
1198139472,아메스산업(주),2019,성숙기,0,44.21,0.0,100.0,51.55,0.56,49.66
1198139472,아메스산업(주),2020,성숙기,0,100.0,0.0,62.42,60.82,0.17,50.45
1198139472,아메스산업(주),2021,성숙기,0,25.99,0.0,38.9,42.02,0.0,48.77
1198139472,아메스산업(주),2022,성장기,0,44.25,3.1,54.23,30.21,2.64,48.93
1198139472,아메스산업(주),2023,조정기,0,24.44,24.8,55.25,44.36,11.29,53.91
1198139472,아메스산업(주),2024,도입기,0,53.17,92.8,58.94,36.45,66.37,80.61
1198140192,상구정공(주),2015,성숙기,0,38.29,5.6,0.0,49.87,60.82,83.86
1198140192,상구정공(주),2017,성장기,0,0.0,1.7,24.1,41.31,11.91,48.42
1198140192,상구정공(주),2018,성장기,0,56.96,1.0,92.35,48.36,88.01,89.32
1198140192,상구정공(주),2019,성장기,0,44.21,2.1,100.0,50.63,25.65,14.68
1198140192,상구정공(주),2020,성장기,0,100.0,0.8,62.42,58.89,11.02,42.6
1198140192,상구정공(주),2021,성숙기,0,25.99,0.0,38.9,58.2,23.9,56.14
1198140192,상구정공(주),2022,조정기,0,44.25,26.1,54.23,35.62,87.28,84.17
1198140192,상구정공(주),2023,도입기,0,24.44,81.1,55.25,49.22,20.13,10.87
1198140192,상구정공(주),2024,조정기,0,53.17,27.2,58.94,39.6,30.88,56.12
1198140227,주식회사지티씨,2015,성숙기,0,38.29,5.6,0.0,36.38,3.17,51.85
1198140227,주식회사지티씨,2016,조정기,0,35.48,33.5,19.68,41.96,2.94,50.74
1198140227,주식회사지티씨,2017,조정기,0,0.0,35.9,24.1,43.27,27.7,62.69
1198140227,주식회사지티씨,2018,조정기,0,56.96,38.0,92.35,45.32,36.02,51.03
1198140227,주식회사지티씨,2019,쇠퇴기,0,44.21,100.0,100.0,48.45,4.8,32.19
1198140227,주식회사지티씨,2020,도입기,0,100.0,68.6,62.42,55.99,33.12,66.22
1198140227,주식회사지티씨,2021,성장기,0,25.99,1.9,38.9,50.19,20.43,41.76
1198140227,주식회사지티씨,2022,쇠퇴기,0,44.25,100.0,54.23,38.13,8.99,40.44
1198140227,주식회사지티씨,2023,성장기,0,24.44,13.2,55.25,51.63,0.89,44.25
1198140227,주식회사지티씨,2024,조정기,0,53.17,27.2,58.94,41.73,4.99,52.52
1198141283,유도썬스주식회사,2015,성숙기,0,38.29,5.6,0.0,48.69,0.82,49.96
1198141283,유도썬스주식회사,2016,성숙기,0,35.48,0.0,19.68,44.41,0.57,50.74
1198141283,유도썬스주식회사,2017,성숙기,0,0.0,0.0,24.1,46.65,52.39,78.28
1198141283,유도썬스주식회사,2018,도입기,0,56.96,75.8,92.35,46.68,73.57,58.37
1198144091,주식회사흥진에이티,2018,성숙기,0,56.96,0.0,92.35,49.91,3.29,46.26
1198144091,주식회사흥진에이티,2019,조정기,0,44.21,25.7,100.0,51.55,0.29,48.01
1198144091,주식회사흥진에이티,2020,성장기,0,100.0,0.8,62.42,60.99,1.64,51.41
1198144091,주식회사흥진에이티,2021,성장기,0,25.99,1.9,38.9,55.0,0.79,48.39
1198144091,주식회사흥진에이티,2022,성장기,0,44.25,3.1,54.23,37.91,1.91,48.03
1198144091,주식회사흥진에이티,2023,조정기,0,24.44,24.8,55.25,52.05,2.06,48.96
1198144091,주식회사흥진에이티,2024,성숙기,0,53.17,0.0,58.94,41.78,0.13,49.19
1198145498,주식회사대원에프엔씨,2015,성숙기,0,38.29,5.6,0.0,70.28,5.96,53.48
1198145498,주식회사대원에프엔씨,2016,성장기,0,35.48,2.2,19.68,29.63,0.08,47.63
1198145498,주식회사대원에프엔씨,2017,조정기,0,0.0,35.9,24.1,34.23,34.34,68.16
1198145498,주식회사대원에프엔씨,2018,쇠퇴기,0,56.96,100.0,92.35,39.09,5.23,29.88
1198145498,주식회사대원에프엔씨,2019,도입기,0,44.21,58.1,100.0,48.53,68.85,85.08
1198145498,주식회사대원에프엔씨,2020,조정기,0,100.0,22.0,62.42,67.4,83.8,58.81
1198145498,주식회사대원에프엔씨,2021,쇠퇴기,1,25.99,100.0,38.9,62.67,84.45,49.36
1198151777,주식회사나산기업,2015,성장기,0,38.29,0.0,0.0,49.87,5.65,50.22
1198151777,주식회사나산기업,2016,성장기,0,35.48,2.2,19.68,46.84,14.66,55.81
1198151777,주식회사나산기업,2017,성장기,0,0.0,1.7,24.1,48.92,73.48,82.36
1198151777,주식회사나산기업,2018,쇠퇴기,0,56.96,100.0,92.35,49.53,61.32,39.57
1198151777,주식회사나산기업,2019,쇠퇴기,0,44.21,100.0,100.0,52.33,84.62,62.45
1198151777,주식회사나산기업,2020,쇠퇴기,0,100.0,100.0,62.42,59.94,21.06,15.65
1198151777,주식회사나산기업,2021,성숙기,0,25.99,0.0,38.9,52.66,13.81,44.81
1198151777,주식회사나산기업,2022,성숙기,0,44.25,0.0,54.23,36.46,74.53,82.74
1198151777,주식회사나산기업,2023,성장기,0,24.44,13.2,55.25,50.01,31.29,24.62
1198151777,주식회사나산기업,2024,성숙기,0,53.17,0.0,58.94,39.72,16.87,42.19
1198152946,(주)비아트론,2015,조정기,0,38.29,28.5,0.0,39.91,1.58,38.2
1198152946,(주)비아트론,2016,조정기,0,35.48,33.5,19.68,57.93,0.11,50.06
1198152946,(주)비아트론,2017,성숙기,0,0.0,0.0,24.1,63.04,0.08,48.39
1198152946,(주)비아트론,2018,성숙기,0,56.96,0.0,92.35,60.9,0.06,46.24
1198152946,(주)비아트론,2019,성숙기,0,44.21,0.0,100.0,56.04,7.28,53.71
1198152946,(주)비아트론,2020,쇠퇴기,0,100.0,100.0,62.42,74.4,5.88,49.89
1198152946,(주)비아트론,2021,쇠퇴기,0,25.99,100.0,38.9,53.4,0.58,45.89
1198152946,(주)비아트론,2022,성숙기,0,44.25,0.0,54.23,32.06,0.7,47.44
1198152946,(주)비아트론,2023,성숙기,0,24.44,0.0,55.25,46.26,52.57,79.02
1198152946,(주)비아트론,2024,성숙기,0,53.17,0.0,58.94,38.39,1.33,21.8
1198154508,에이디반도체(주),2015,성숙기,0,38.29,5.6,0.0,52.57,45.49,67.33
1198154508,에이디반도체(주),2016,조정기,0,35.48,33.5,19.68,52.92,0.42,26.0
1198154508,에이디반도체(주),2017,성숙기,0,0.0,0.0,24.1,55.96,0.14,48.25
1198154508,에이디반도체(주),2018,성숙기,0,56.96,0.0,92.35,57.65,0.12,46.24
1198154508,에이디반도체(주),2019,성숙기,0,44.21,0.0,100.0,56.47,0.41,49.85
1198154508,에이디반도체(주),2020,성숙기,0,100.0,0.0,62.42,61.24,0.17,50.53
1198154508,에이디반도체(주),2021,성숙기,0,25.99,0.0,38.9,53.63,0.08,48.81
1198154508,에이디반도체(주),2022,성숙기,0,44.25,0.0,54.23,37.03,1.0,47.92
1198154508,에이디반도체(주),2023,성숙기,0,24.44,0.0,55.25,50.38,47.57,75.94
1198154508,에이디반도체(주),2024,성숙기,0,53.17,0.0,58.94,40.81,29.31,40.02
1198156845,다이헨한국(주),2015,성숙기,0,38.29,5.6,0.0,62.37,1.06,50.69
1198156845,다이헨한국(주),2016,성숙기,0,35.48,0.0,19.68,44.35,0.26,50.43
1198156845,다이헨한국(주),2017,성숙기,0,0.0,0.0,24.1,50.05,4.65,50.94
1198156845,다이헨한국(주),2018,쇠퇴기,0,56.96,100.0,92.35,49.53,8.84,48.63
1198156845,다이헨한국(주),2019,성숙기,0,44.21,0.0,100.0,54.3,0.13,44.81
1198156845,다이헨한국(주),2020,성숙기,0,100.0,0.0,62.42,59.46,0.29,50.75
1198156845,다이헨한국(주),2021,성숙기,0,25.99,0.0,38.9,53.43,0.22,48.82
1198156845,다이헨한국(주),2022,성숙기,0,44.25,0.0,54.23,35.34,0.26,47.4
1198156845,다이헨한국(주),2023,성숙기,0,24.44,0.0,55.25,49.12,5.41,51.85
1198156845,다이헨한국(주),2024,성숙기,0,53.17,0.0,58.94,39.62,0.11,47.32
1198158237,(주)기광정밀,2015,도입기,0,38.29,65.4,0.0,56.58,39.19,52.38
1198158237,(주)기광정밀,2016,성장기,0,35.48,2.2,19.68,46.22,69.8,67.61
1198158237,(주)기광정밀,2017,성장기,1,0.0,1.7,24.1,50.57,68.19,47.64
1198158770,(주)쏠백,2017,조정기,0,0.0,35.9,24.1,48.92,4.3,48.42
1198158770,(주)쏠백,2018,성숙기,0,56.96,0.0,92.35,49.91,0.76,44.26
1198158770,(주)쏠백,2019,성숙기,0,44.21,0.0,100.0,51.55,44.49,74.03
1198164331,주식회사일우정밀,2015,성장기,0,38.29,0.0,0.0,44.44,12.58,42.7
1198164331,주식회사일우정밀,2016,성장기,0,35.48,2.2,19.68,46.68,16.37,52.93
1198164331,주식회사일우정밀,2017,성장기,0,0.0,1.7,24.1,48.07,85.03,88.03
1198164331,주식회사일우정밀,2018,성숙기,0,56.96,0.0,92.35,47.61,68.61,37.19
1198164331,주식회사일우정밀,2019,성숙기,0,44.21,0.0,100.0,48.03,4.95,14.03
1198164331,주식회사일우정밀,2020,성숙기,0,100.0,0.0,62.42,53.29,4.72,50.53
1198164331,주식회사일우정밀,2021,성숙기,0,25.99,0.0,38.9,52.07,49.6,74.17
1198164331,주식회사일우정밀,2022,성장기,0,44.25,3.1,54.23,35.68,6.03,21.29
1198164331,주식회사일우정밀,2023,성숙기,0,24.44,0.0,55.25,49.5,2.21,46.7
1198164331,주식회사일우정밀,2024,성숙기,0,53.17,0.0,58.94,39.78,5.05,51.82
1198165233,아비만엔지니어링(주),2015,성숙기,0,38.29,5.6,0.0,41.3,3.2,51.49
1198165233,아비만엔지니어링(주),2016,성숙기,0,35.48,0.0,19.68,33.36,48.86,75.96
1198165233,아비만엔지니어링(주),2017,성숙기,0,0.0,0.0,24.1,35.67,39.18,42.94
1198165233,아비만엔지니어링(주),2018,조정기,1,56.96,38.0,92.35,32.06,64.41,60.62
1198165946,(주)동우에스티,2015,쇠퇴기,0,38.29,100.0,0.0,49.87,23.08,14.43
1198165946,(주)동우에스티,2016,쇠퇴기,0,35.48,100.0,19.68,53.49,82.05,83.23
1198169530,주식회사케이오비에이,2017,성장기,0,0.0,1.7,24.1,48.92,7.05,48.42
1198169530,주식회사케이오비에이,2018,성숙기,0,56.96,0.0,92.35,49.91,53.68,72.64
1198169530,주식회사케이오비에이,2019,성숙기,0,44.21,0.0,100.0,51.55,17.73,29.5
1198169530,주식회사케이오비에이,2020,성숙기,0,100.0,0.0,62.42,59.91,38.51,62.06
1198169530,주식회사케이오비에이,2021,성숙기,0,25.99,0.0,38.9,53.49,9.25,32.42
1198169530,주식회사케이오비에이,2022,쇠퇴기,0,44.25,100.0,54.23,40.71,74.0,85.15
1198169530,주식회사케이오비에이,2023,쇠퇴기,0,24.44,100.0,55.25,53.52,88.96,58.47
1198169530,주식회사케이오비에이,2024,쇠퇴기,1,53.17,100.0,58.94,42.86,87.02,48.87
1198169544,(주)세일에프에이,2020,성숙기,0,100.0,0.0,62.42,60.99,3.33,50.67
1198169544,(주)세일에프에이,2021,조정기,0,25.99,24.6,38.9,54.41,0.27,47.15
1198169544,(주)세일에프에이,2022,도입기,0,44.25,70.4,54.23,36.93,4.96,50.12
1198169544,(주)세일에프에이,2023,성숙기,0,24.44,0.0,55.25,52.57,0.02,46.04
1198169544,(주)세일에프에이,2024,조정기,0,53.17,27.2,58.94,41.06,0.08,50.3
1198178039,(주)영일랩스,2015,성장기,0,38.29,0.0,0.0,49.87,15.63,51.6
1198178039,(주)영일랩스,2016,도입기,0,35.48,82.9,19.68,50.58,20.25,53.38
1198178039,(주)영일랩스,2017,도입기,0,0.0,70.3,24.1,51.83,91.5,89.53
1198178039,(주)영일랩스,2018,도입기,0,56.96,75.8,92.35,49.93,23.3,7.92
1198178039,(주)영일랩스,2019,쇠퇴기,0,44.21,100.0,100.0,40.98,25.84,51.03
1198178039,(주)영일랩스,2020,쇠퇴기,0,100.0,100.0,62.42,59.46,73.31,76.73
1198178548,(주)아트에프엠,2015,성숙기,0,38.29,5.6,0.0,49.87,1.45,47.21
1198178548,(주)아트에프엠,2016,성장기,0,35.48,2.2,19.68,46.84,6.75,53.79
1198178548,(주)아트에프엠,2017,성숙기,0,0.0,0.0,24.1,54.32,10.94,50.84
1198178548,(주)아트에프엠,2018,성장기,0,56.96,1.0,92.35,52.83,3.08,41.84
1198178548,(주)아트에프엠,2019,조정기,0,44.21,25.7,100.0,31.66,13.88,55.69
1198178548,(주)아트에프엠,2020,조정기,0,100.0,22.0,62.42,66.06,6.4,46.54
1198178548,(주)아트에프엠,2023,조정기,0,24.44,24.8,55.25,57.85,6.52,48.85
1198178548,(주)아트에프엠,2024,성숙기,0,53.17,0.0,58.94,47.55,1.25,47.34
1198181382,주식회사프로텍이노션,2015,성숙기,0,38.29,5.6,0.0,49.87,0.16,47.04
1198181382,주식회사프로텍이노션,2016,성숙기,0,35.48,0.0,19.68,46.84,66.91,87.56
1198181382,주식회사프로텍이노션,2017,쇠퇴기,0,0.0,100.0,24.1,71.66,69.93,50.3
1198181382,주식회사프로텍이노션,2018,성장기,1,56.96,1.0,92.35,68.92,69.14,45.99
1198192045,주식회사한메가,2015,성숙기,0,38.29,5.6,0.0,42.46,0.46,46.37
1198192045,주식회사한메가,2016,성숙기,0,35.48,0.0,19.68,48.8,0.01,50.63
1198192045,주식회사한메가,2017,성숙기,0,0.0,0.0,24.1,53.2,4.36,50.92
1198192045,주식회사한메가,2018,성숙기,0,56.96,0.0,92.35,50.4,0.41,44.03
1198192045,주식회사한메가,2019,성숙기,0,44.21,0.0,100.0,54.1,0.39,49.68
1198192045,주식회사한메가,2020,성숙기,0,100.0,0.0,62.42,60.33,5.24,53.33
1198192045,주식회사한메가,2021,성장기,0,25.99,1.9,38.9,50.48,0.11,45.98
1198192045,주식회사한메가,2022,성숙기,0,44.25,0.0,54.23,44.09,0.62,47.67
1198192045,주식회사한메가,2023,성장기,0,24.44,13.2,55.25,56.11,0.58,48.83
1198192045,주식회사한메가,2024,성숙기,0,53.17,0.0,58.94,45.64,0.67,50.31
1198197017,(주)인벤티홀딩스,2015,성장기,0,38.29,0.0,0.0,49.87,26.54,50.22
1198197017,(주)인벤티홀딩스,2016,성숙기,0,35.48,0.0,19.68,46.84,9.15,41.25
1198197017,(주)인벤티홀딩스,2017,성장기,0,0.0,1.7,24.1,48.92,7.33,47.38
1198197017,(주)인벤티홀딩스,2018,도입기,0,56.96,75.8,92.35,9.92,29.77,58.96
1198197017,(주)인벤티홀딩스,2019,성장기,0,44.21,2.1,100.0,58.06,100.0,88.68
1198600477,주식회사토오텍,2021,도입기,0,25.99,71.8,38.9,54.41,27.76,48.84
1198600477,주식회사토오텍,2022,도입기,0,44.25,70.4,54.23,36.93,33.62,50.47
1198600477,주식회사토오텍,2023,도입기,0,24.44,81.1,55.25,50.57,12.44,36.94
1198600477,주식회사토오텍,2024,성장기,0,53.17,16.0,58.94,40.33,12.46,50.23
1198600929,(주)알파브레이징,2021,성숙기,0,25.99,0.0,38.9,54.41,3.29,48.84
1198600929,(주)알파브레이징,2022,성숙기,0,44.25,0.0,54.23,36.93,0.0,45.41
1198600929,(주)알파브레이징,2023,성숙기,0,24.44,0.0,55.25,50.57,0.1,48.91
1198600929,(주)알파브레이징,2024,성숙기,0,53.17,0.0,58.94,41.21,0.47,50.47
1198601893,애니모션텍주식회사,2017,성숙기,0,0.0,0.0,24.1,48.92,3.78,48.42
1198601893,애니모션텍주식회사,2018,쇠퇴기,0,56.96,100.0,92.35,49.91,65.85,81.36
1198601893,애니모션텍주식회사,2020,성숙기,0,100.0,0.0,62.42,60.99,0.47,50.67
1198601893,애니모션텍주식회사,2021,성숙기,0,25.99,0.0,38.9,4.26,1.38,49.38
1198601893,애니모션텍주식회사,2022,성숙기,0,44.25,0.0,54.23,5.79,1.29,47.31
1198601893,애니모션텍주식회사,2023,성숙기,0,24.44,0.0,55.25,11.63,31.5,66.43
1198601893,애니모션텍주식회사,2024,성장기,0,53.17,16.0,58.94,13.63,6.98,36.63
1198606317,(주)두구코리아,2022,도입기,0,44.25,70.4,54.23,36.93,32.8,47.42
1198606317,(주)두구코리아,2023,성숙기,0,24.44,0.0,55.25,50.57,6.17,33.77
1198606317,(주)두구코리아,2024,성숙기,0,53.17,0.0,58.94,40.55,16.84,56.13
1198623150,(주)다원넥스뷰,2017,성숙기,0,0.0,0.0,24.1,48.92,11.36,48.42
1198623150,(주)다원넥스뷰,2018,성장기,0,56.96,1.0,92.35,49.91,10.4,45.74
1198623150,(주)다원넥스뷰,2019,도입기,0,44.21,58.1,100.0,51.55,44.43,68.59
1198623150,(주)다원넥스뷰,2020,성장기,0,100.0,0.8,62.42,60.64,67.24,63.16
1198623150,(주)다원넥스뷰,2021,성숙기,0,25.99,0.0,38.9,48.44,4.06,13.35
1198623150,(주)다원넥스뷰,2022,도입기,0,44.25,70.4,54.23,57.35,71.04,86.52
1198623150,(주)다원넥스뷰,2023,성숙기,0,24.44,0.0,55.25,66.44,54.11,39.88
1198623150,(주)다원넥스뷰,2024,조정기,0,53.17,27.2,58.94,53.86,21.86,32.27
1198623941,에이그라스주식회사,2016,쇠퇴기,0,35.48,100.0,19.68,46.84,34.62,51.01
1198623941,에이그라스주식회사,2017,성장기,0,0.0,1.7,24.1,48.92,72.5,70.33
1198623941,에이그라스주식회사,2018,도입기,1,56.96,75.8,92.35,49.91,97.05,60.32
1198625013,몰드마스터즈코리아주식회사,2016,성숙기,0,35.48,0.0,19.68,46.84,21.5,51.01
1198625013,몰드마스터즈코리아주식회사,2017,성숙기,0,0.0,0.0,24.1,48.92,53.41,66.85
1198625013,몰드마스터즈코리아주식회사,2018,성숙기,0,56.96,0.0,92.35,49.91,4.0,18.45
1198625013,몰드마스터즈코리아주식회사,2019,성숙기,0,44.21,0.0,100.0,44.64,8.33,52.09
1198625013,몰드마스터즈코리아주식회사,2020,조정기,0,100.0,22.0,62.42,58.22,59.55,78.8
1198627364,제이제이툴스(주),2015,성장기,0,38.29,0.0,0.0,49.87,1.53,47.12
1198627364,제이제이툴스(주),2016,성숙기,0,35.48,0.0,19.68,46.84,1.09,50.63
1198627364,제이제이툴스(주),2017,성숙기,0,0.0,0.0,24.1,54.47,1.36,48.57
1198627364,제이제이툴스(주),2018,성숙기,0,56.96,0.0,92.35,53.82,1.08,46.1
1198627364,제이제이툴스(주),2019,성숙기,0,44.21,0.0,100.0,55.66,0.97,49.63
1198627364,제이제이툴스(주),2020,성숙기,0,100.0,0.0,62.42,62.04,0.82,50.58
1198627364,제이제이툴스(주),2021,성숙기,0,25.99,0.0,38.9,56.72,0.36,48.61
1198627364,제이제이툴스(주),2022,성숙기,0,44.25,0.0,54.23,38.22,0.42,47.41
1198627364,제이제이툴스(주),2023,성숙기,0,24.44,0.0,55.25,51.52,0.23,48.74
1198627364,제이제이툴스(주),2024,성숙기,0,53.17,0.0,58.94,41.37,0.3,50.3
1198631359,주식회사국민렌탈,2017,조정기,0,0.0,35.9,24.1,48.92,10.96,48.42
1198631359,주식회사국민렌탈,2018,성장기,0,56.96,1.0,92.35,49.91,11.06,46.33
1198631359,주식회사국민렌탈,2019,성장기,0,44.21,2.1,100.0,51.55,12.04,50.2
1198631359,주식회사국민렌탈,2020,성장기,0,100.0,0.8,62.42,57.71,18.88,54.41
1198631359,주식회사국민렌탈,2021,성숙기,0,25.99,0.0,38.9,52.12,11.12,44.52
1198631359,주식회사국민렌탈,2022,성숙기,0,44.25,0.0,54.23,33.38,9.65,46.39
1198631359,주식회사국민렌탈,2023,성숙기,0,24.44,0.0,55.25,47.56,7.65,47.81
1198631359,주식회사국민렌탈,2024,성숙기,0,53.17,0.0,58.94,38.11,6.72,49.72
1198646380,주식회사세현파크,2021,성장기,0,25.99,1.9,38.9,54.41,13.52,48.84
1198646380,주식회사세현파크,2022,성장기,0,44.25,3.1,54.23,36.93,25.83,54.42
1198646380,주식회사세현파크,2023,성장기,0,24.44,13.2,55.25,50.57,14.72,42.71
1198646380,주식회사세현파크,2024,성장기,0,53.17,16.0,58.94,39.07,76.41,84.25
1198653348,티이엠씨씨엔에스(주),2015,성장기,0,38.29,0.0,0.0,49.87,4.42,50.22
1198653348,티이엠씨씨엔에스(주),2016,성장기,0,35.48,2.2,19.68,46.84,0.01,48.44
1198653348,티이엠씨씨엔에스(주),2017,성장기,0,0.0,1.7,24.1,48.92,0.77,48.85
1198653348,티이엠씨씨엔에스(주),2018,성장기,0,56.96,1.0,92.35,35.44,0.05,45.84
1198653348,티이엠씨씨엔에스(주),2019,성숙기,0,44.21,0.0,100.0,45.84,4.67,52.26
1198653348,티이엠씨씨엔에스(주),2020,성숙기,0,100.0,0.0,62.42,66.89,0.18,48.2
1198653348,티이엠씨씨엔에스(주),2021,성숙기,0,25.99,0.0,38.9,58.85,0.19,48.87
1198653348,티이엠씨씨엔에스(주),2022,성장기,0,44.25,3.1,54.23,36.13,0.05,47.29
1198653348,티이엠씨씨엔에스(주),2023,쇠퇴기,0,24.44,100.0,55.25,50.06,6.63,52.68
1198653348,티이엠씨씨엔에스(주),2024,성장기,0,53.17,16.0,58.94,40.98,1.09,47.18
1198669175,주식회사한틀에스엔에이,2018,성숙기,0,56.96,0.0,92.35,49.91,9.37,46.26
1198669175,주식회사한틀에스엔에이,2019,쇠퇴기,0,44.21,100.0,100.0,51.55,92.99,96.2
1198669175,주식회사한틀에스엔에이,2023,도입기,0,24.44,81.1,55.25,50.57,13.16,48.85
1198669175,주식회사한틀에스엔에이,2024,성숙기,0,53.17,0.0,58.94,80.18,58.3,75.12
1198677791,주식회사테크니컬코리아,2022,성장기,0,44.25,3.1,54.23,36.93,13.18,47.42
1198677791,주식회사테크니컬코리아,2023,도입기,0,24.44,81.1,55.25,50.57,12.55,48.65
1198677791,주식회사테크니컬코리아,2024,성숙기,0,53.17,0.0,58.94,40.55,33.15,61.58
1198691089,디와이피엔주식회사,2021,조정기,0,25.99,24.6,38.9,54.41,12.24,48.84
1198691089,디와이피엔주식회사,2022,도입기,0,44.25,70.4,54.23,36.93,28.55,56.77
1198691089,디와이피엔주식회사,2023,성장기,0,24.44,13.2,55.25,50.57,79.33,78.73
1198691089,디와이피엔주식회사,2024,조정기,0,53.17,27.2,58.94,35.9,9.84,11.63
1198691186,피버트주식회사,2022,성장기,0,44.25,3.1,54.23,36.93,5.37,47.42
1198691186,피버트주식회사,2023,성숙기,0,24.44,0.0,55.25,50.57,6.79,49.74
1198691186,피버트주식회사,2024,성장기,0,53.17,16.0,58.94,40.55,30.97,63.58
1198703675,(주)브러쉬뱅크,2017,성장기,0,0.0,1.7,24.1,48.92,4.18,48.42
1198703675,(주)브러쉬뱅크,2018,쇠퇴기,0,56.96,100.0,92.35,49.91,11.53,50.42
1198703675,(주)브러쉬뱅크,2019,성숙기,0,44.21,0.0,100.0,51.55,2.07,44.38
1208107193,와이아이케이주식회사,2015,성숙기,0,38.29,5.6,0.0,49.87,1.39,46.45
1208107193,와이아이케이주식회사,2016,도입기,0,35.48,82.9,19.68,55.8,6.02,53.41
1208109468,보우시스템,2015,성장기,0,38.29,0.0,0.0,49.87,4.48,50.22
1208109468,보우시스템,2016,성장기,0,35.48,2.2,19.68,46.84,1.9,49.45
1208109468,보우시스템,2017,성장기,0,0.0,1.7,24.1,48.92,7.17,51.45
1208109468,보우시스템,2018,성숙기,0,56.96,0.0,92.35,30.72,3.91,44.43
1208109468,보우시스템,2019,성숙기,0,44.21,0.0,100.0,50.68,0.17,47.6
1208109468,보우시스템,2020,성숙기,0,100.0,0.0,62.42,58.38,0.23,50.7
1208109468,보우시스템,2021,성숙기,0,25.99,0.0,38.9,48.96,1.63,49.65
1208109468,보우시스템,2022,성숙기,0,44.25,0.0,54.23,30.23,1.47,47.27
1208109468,보우시스템,2023,쇠퇴기,0,24.44,100.0,55.25,45.06,71.71,89.72
1208109468,보우시스템,2024,도입기,0,53.17,92.8,58.94,36.9,16.33,19.45
1208115636,캐논코리아주식회사,2015,성숙기,0,38.29,5.6,0.0,50.29,7.86,54.36
1208115636,캐논코리아주식회사,2016,성숙기,0,35.48,0.0,19.68,44.0,2.84,48.09
1208115636,캐논코리아주식회사,2017,성장기,0,0.0,1.7,24.1,47.33,5.44,49.91
1208115636,캐논코리아주식회사,2018,성숙기,0,56.96,0.0,92.35,48.17,6.58,46.91
1208115636,캐논코리아주식회사,2019,성숙기,0,44.21,0.0,100.0,50.63,24.43,59.61
1208115636,캐논코리아주식회사,2020,성숙기,0,100.0,0.0,62.42,60.37,2.72,38.71
1208115636,캐논코리아주식회사,2021,성숙기,0,25.99,0.0,38.9,52.79,2.68,48.84
1208115636,캐논코리아주식회사,2022,성숙기,0,44.25,0.0,54.23,37.07,5.45,48.97
1208115636,캐논코리아주식회사,2023,성숙기,0,24.44,0.0,55.25,50.65,2.24,47.05
1208115636,캐논코리아주식회사,2024,성숙기,0,53.17,0.0,58.94,40.76,2.66,50.49
1208138911,한국캠브리지필터주식회사,2015,조정기,0,38.29,28.5,0.0,66.08,1.59,46.01
1208138911,한국캠브리지필터주식회사,2016,조정기,0,35.48,33.5,19.68,49.36,0.49,50.26
1208138911,한국캠브리지필터주식회사,2017,조정기,0,0.0,35.9,24.1,54.36,0.47,48.4
1208138911,한국캠브리지필터주식회사,2018,성숙기,0,56.96,0.0,92.35,54.59,0.74,46.4
1208138911,한국캠브리지필터주식회사,2019,성숙기,0,44.21,0.0,100.0,60.03,20.43,60.65
1208138911,한국캠브리지필터주식회사,2020,성숙기,0,100.0,0.0,62.42,64.7,0.65,39.78
1208138911,한국캠브리지필터주식회사,2021,성숙기,0,25.99,0.0,38.9,54.89,0.76,48.93
1208138911,한국캠브리지필터주식회사,2022,성숙기,0,44.25,0.0,54.23,36.14,0.35,47.13
1208138911,한국캠브리지필터주식회사,2023,성숙기,0,24.44,0.0,55.25,49.99,0.55,48.97
1208138911,한국캠브리지필터주식회사,2024,성숙기,0,53.17,0.0,58.94,40.61,0.4,50.18
1208150894,(주)아임삭,2015,성숙기,0,38.29,5.6,0.0,42.26,0.97,50.35
1208150894,(주)아임삭,2016,성숙기,0,35.48,0.0,19.68,48.4,0.64,50.69
1208150894,(주)아임삭,2017,성숙기,0,0.0,0.0,24.1,50.76,0.85,48.54
1208150894,(주)아임삭,2018,성숙기,0,56.96,0.0,92.35,50.43,1.24,46.47
1208150894,(주)아임삭,2019,성숙기,0,44.21,0.0,100.0,52.57,0.88,49.49
1208150894,(주)아임삭,2020,성숙기,0,100.0,0.0,62.42,61.62,0.56,50.49
1208150894,(주)아임삭,2021,성장기,0,25.99,1.9,38.9,53.47,0.68,48.93
1208150894,(주)아임삭,2022,도입기,0,44.25,70.4,54.23,37.5,6.67,50.87
1208150894,(주)아임삭,2023,성장기,0,24.44,13.2,55.25,50.9,0.8,45.51
1208150894,(주)아임삭,2024,성숙기,0,53.17,0.0,58.94,41.2,7.03,53.7
1208195299,양전자시스템(주),2016,도입기,0,35.48,82.9,19.68,46.84,5.49,51.01
1208195299,양전자시스템(주),2017,성숙기,0,0.0,0.0,24.1,48.92,0.14,45.34
1208195299,양전자시스템(주),2018,성숙기,0,56.96,0.0,92.35,61.65,0.03,46.19
1208195299,양전자시스템(주),2019,성숙기,0,44.21,0.0,100.0,53.55,5.91,52.96
1208195299,양전자시스템(주),2020,성숙기,0,100.0,0.0,62.42,75.89,0.24,47.54
1208195299,양전자시스템(주),2021,성장기,0,25.99,1.9,38.9,53.57,26.75,63.81
1208195299,양전자시스템(주),2022,성숙기,0,44.25,0.0,54.23,29.04,2.41,32.82
1208195299,양전자시스템(주),2023,성숙기,0,24.44,0.0,55.25,44.28,3.17,49.32
1208195299,양전자시스템(주),2024,성숙기,0,53.17,0.0,58.94,36.58,7.03,52.39
1208198355,서영이앤티(주),2015,조정기,0,38.29,28.5,0.0,35.97,18.12,35.1
1208198355,서영이앤티(주),2016,조정기,0,35.48,33.5,19.68,62.74,19.32,51.49
1208198355,서영이앤티(주),2017,조정기,0,0.0,35.9,24.1,63.36,44.96,63.24
1208198355,서영이앤티(주),2018,쇠퇴기,0,56.96,100.0,92.35,61.51,44.88,46.32
1208198355,서영이앤티(주),2019,쇠퇴기,0,44.21,100.0,100.0,58.91,46.38,50.37
1208198355,서영이앤티(주),2020,쇠퇴기,0,100.0,100.0,62.42,60.19,75.13,66.42
1208198355,서영이앤티(주),2021,성숙기,0,25.99,0.0,38.9,52.35,20.2,18.01
1208198355,서영이앤티(주),2022,성장기,0,44.25,3.1,54.23,32.44,19.66,46.82
1208198355,서영이앤티(주),2023,성장기,0,24.44,13.2,55.25,46.81,43.34,62.87
1208198355,서영이앤티(주),2024,성장기,0,53.17,16.0,58.94,37.92,45.03,51.04
1208634394,(주)플랙트우즈코리아,2015,성숙기,0,38.29,5.6,0.0,48.17,5.24,50.83
1208634394,(주)플랙트우즈코리아,2016,조정기,0,35.48,33.5,19.68,49.27,40.33,70.15
1208634394,(주)플랙트우즈코리아,2017,조정기,0,0.0,35.9,24.1,50.99,89.45,76.82
1208634394,(주)플랙트우즈코리아,2018,조정기,0,56.96,38.0,92.35,47.46,91.8,47.82
1208707666,성신디펜스솔루션주식회사,2015,도입기,0,38.29,65.4,0.0,40.26,97.6,97.24
1208707666,성신디펜스솔루션주식회사,2016,도입기,0,35.48,82.9,19.68,32.29,75.31,38.4
1208707666,성신디펜스솔루션주식회사,2017,성숙기,0,0.0,0.0,24.1,40.91,32.22,23.75
1208707666,성신디펜스솔루션주식회사,2018,쇠퇴기,0,56.96,100.0,92.35,43.42,40.67,51.11
1208707666,성신디펜스솔루션주식회사,2019,성장기,0,44.21,2.1,100.0,51.42,21.84,39.07
1208707666,성신디펜스솔루션주식회사,2020,성장기,0,100.0,0.8,62.42,39.88,17.67,48.35
1208707666,성신디펜스솔루션주식회사,2021,성장기,0,25.99,1.9,38.9,42.89,14.25,46.97
1208707666,성신디펜스솔루션주식회사,2022,성장기,0,44.25,3.1,54.23,31.46,16.81,48.7
1208707666,성신디펜스솔루션주식회사,2023,쇠퇴기,0,24.44,100.0,55.25,45.83,18.11,49.81
1208707666,성신디펜스솔루션주식회사,2024,성장기,0,53.17,16.0,58.94,37.17,9.16,45.26
1208799303,주식회사에스제이코리아산업,2021,성숙기,0,25.99,0.0,38.9,54.41,3.29,48.84
1208799303,주식회사에스제이코리아산업,2022,성장기,0,44.25,3.1,54.23,36.93,0.57,45.75
1208799303,주식회사에스제이코리아산업,2023,도입기,0,24.44,81.1,55.25,50.57,6.49,52.3
1208799303,주식회사에스제이코리아산업,2024,성장기,0,53.17,16.0,58.94,39.71,0.54,46.96
1218110444,주식회사경인에셋,2015,쇠퇴기,0,38.29,100.0,0.0,48.78,85.71,80.13
1218110444,주식회사경인에셋,2016,조정기,0,35.48,33.5,19.68,47.06,43.98,27.74
1218110444,주식회사경인에셋,2017,쇠퇴기,0,0.0,100.0,24.1,48.89,71.01,64.1
1218110444,주식회사경인에셋,2018,성숙기,0,56.96,0.0,92.35,48.81,25.94,20.95
1218110444,주식회사경인에셋,2019,쇠퇴기,1,44.21,100.0,100.0,48.93,70.68,74.51
1218112777,한국닛켄(주),2015,성숙기,0,38.29,5.6,0.0,55.74,2.04,50.42
1218112777,한국닛켄(주),2016,성숙기,0,35.48,0.0,19.68,47.22,1.2,50.41
1218112777,한국닛켄(주),2017,성숙기,0,0.0,0.0,24.1,49.02,1.29,48.46
1218112777,한국닛켄(주),2018,성숙기,0,56.96,0.0,92.35,50.45,4.6,48.13
1218112777,한국닛켄(주),2019,성숙기,0,44.21,0.0,100.0,52.22,31.01,64.37
1218112777,한국닛켄(주),2020,성숙기,0,100.0,0.0,62.42,62.39,32.76,51.6
1218112777,한국닛켄(주),2021,성숙기,0,25.99,0.0,38.9,54.59,37.77,51.74
1218112777,한국닛켄(주),2022,성숙기,0,44.25,0.0,54.23,38.27,38.01,47.06
1218121510,아하엠텍(주),2015,쇠퇴기,1,38.29,100.0,0.0,37.24,97.93,53.2
1218131740,대한도장플랜트(주),2015,조정기,0,38.29,28.5,0.0,42.28,32.24,68.05
1218131740,대한도장플랜트(주),2016,조정기,0,35.48,33.5,19.68,40.21,66.91,69.86
1218131740,대한도장플랜트(주),2017,조정기,1,0.0,35.9,24.1,42.42,56.8,42.74
1218140894,제너셈(주),2015,성숙기,0,38.29,5.6,0.0,49.72,0.59,50.35
1218140894,제너셈(주),2016,도입기,0,35.48,82.9,19.68,41.65,63.1,85.23
1218140894,제너셈(주),2017,쇠퇴기,0,0.0,100.0,24.1,39.73,86.58,62.09
1218140894,제너셈(주),2018,쇠퇴기,1,56.96,100.0,92.35,46.78,90.73,48.83
1218140915,주식회사일해이엔지,2015,성숙기,0,38.29,5.6,0.0,58.59,16.91,41.56
1218140915,주식회사일해이엔지,2016,쇠퇴기,0,35.48,100.0,19.68,45.79,94.95,93.73
1218140915,주식회사일해이엔지,2017,성숙기,0,0.0,0.0,24.1,47.14,80.45,40.27
1218140915,주식회사일해이엔지,2018,성숙기,0,56.96,0.0,92.35,48.0,28.33,16.99
1218140915,주식회사일해이엔지,2019,성숙기,0,44.21,0.0,100.0,46.94,21.55,45.82
1218140915,주식회사일해이엔지,2020,성숙기,0,100.0,0.0,62.42,60.42,17.72,48.54
1218140915,주식회사일해이엔지,2021,성장기,0,25.99,1.9,38.9,49.01,66.48,76.38
1218140915,주식회사일해이엔지,2022,쇠퇴기,0,44.25,100.0,54.23,35.61,90.91,60.86
1218140915,주식회사일해이엔지,2023,성숙기,0,24.44,0.0,55.25,49.36,4.99,0.0
1218140915,주식회사일해이엔지,2024,도입기,0,53.17,92.8,58.94,39.72,9.13,52.53
1218141364,(주)미래기계,2015,조정기,0,38.29,28.5,0.0,58.95,16.1,58.17
1218141364,(주)미래기계,2016,조정기,0,35.48,33.5,19.68,27.54,93.0,93.1
1218141364,(주)미래기계,2017,도입기,0,0.0,70.3,24.1,27.86,92.16,48.14
1218141364,(주)미래기계,2018,쇠퇴기,0,56.96,100.0,92.35,31.97,36.79,15.18
1218141364,(주)미래기계,2019,조정기,0,44.21,25.7,100.0,33.68,93.24,80.98
1218141364,(주)미래기계,2024,성숙기,0,53.17,0.0,58.94,37.85,55.3,50.27
1218146277,키친아트플러스(주),2015,조정기,0,38.29,28.5,0.0,49.75,20.24,16.83
1218146277,키친아트플러스(주),2016,조정기,0,35.48,33.5,19.68,36.04,60.98,73.21
1218152691,(주)명진테크,2017,쇠퇴기,0,0.0,100.0,24.1,48.92,19.77,48.42
1218152691,(주)명진테크,2018,조정기,0,56.96,38.0,92.35,49.91,15.46,43.87
1218152691,(주)명진테크,2019,성숙기,0,44.21,0.0,100.0,51.55,8.57,45.81
1218152691,(주)명진테크,2020,조정기,0,100.0,22.0,62.42,59.47,3.14,47.68
1218152691,(주)명진테크,2021,조정기,0,25.99,24.6,38.9,51.24,15.27,55.7
1218152691,(주)명진테크,2022,조정기,0,44.25,26.1,54.23,34.81,40.11,61.73
1218152691,(주)명진테크,2023,성장기,0,24.44,13.2,55.25,48.64,9.7,31.66
1218152691,(주)명진테크,2024,성숙기,0,53.17,0.0,58.94,39.38,14.2,52.71
1218157643,(주)광일,2022,조정기,0,44.25,26.1,54.23,36.93,3.82,47.42
1218157643,(주)광일,2023,성장기,0,24.44,13.2,55.25,50.57,0.48,46.95
1218157643,(주)광일,2024,성장기,0,53.17,16.0,58.94,40.55,2.92,51.61
1218157736,주식회사경인기계,2015,조정기,0,38.29,28.5,0.0,56.87,0.26,50.22
1218157736,주식회사경인기계,2016,조정기,0,35.48,33.5,19.68,53.23,20.83,62.18
1218157736,주식회사경인기계,2017,조정기,0,0.0,35.9,24.1,56.19,6.65,40.29
1218157736,주식회사경인기계,2018,성장기,0,56.96,1.0,92.35,55.08,3.37,44.41
1218157736,주식회사경인기계,2019,조정기,0,44.21,25.7,100.0,56.26,9.45,53.06
1218157736,주식회사경인기계,2020,쇠퇴기,0,100.0,100.0,62.42,58.53,45.52,70.48
1218157736,주식회사경인기계,2021,성숙기,0,25.99,0.0,38.9,51.33,1.56,24.15
1218157736,주식회사경인기계,2022,쇠퇴기,0,44.25,100.0,54.23,34.64,42.54,71.34
1218157736,주식회사경인기계,2023,쇠퇴기,0,24.44,100.0,55.25,48.82,76.93,69.38
1218157736,주식회사경인기계,2024,쇠퇴기,0,53.17,100.0,58.94,39.55,0.03,7.55
1218160094,우진중공업주식회사,2015,성장기,0,38.29,0.0,0.0,49.87,32.49,50.22
1218160094,우진중공업주식회사,2016,성숙기,0,35.48,0.0,19.68,46.84,19.16,43.47
1218160094,우진중공업주식회사,2017,조정기,0,0.0,35.9,24.1,48.92,16.56,46.95
1218169381,창흥산업주식회사,2020,성장기,0,100.0,0.8,62.42,60.99,21.04,50.67
1218169381,창흥산업주식회사,2021,성장기,0,25.99,1.9,38.9,54.41,9.85,42.59
1218169381,창흥산업주식회사,2022,성장기,0,44.25,3.1,54.23,36.93,17.73,51.87
1218169381,창흥산업주식회사,2023,성숙기,0,24.44,0.0,55.25,49.96,7.76,43.27
1218169381,창흥산업주식회사,2024,성장기,0,53.17,16.0,58.94,40.25,10.53,51.77
1218174400,(주)나우이엔씨,2015,성숙기,0,38.29,5.6,0.0,45.18,5.5,50.06
1218174400,(주)나우이엔씨,2016,성숙기,0,35.48,0.0,19.68,60.67,4.63,50.38
1218176558,(주)혜인정밀,2021,도입기,0,25.99,71.8,38.9,54.41,29.81,48.84
1218176558,(주)혜인정밀,2022,도입기,0,44.25,70.4,54.23,36.93,74.72,73.29
1218176558,(주)혜인정밀,2023,도입기,1,24.44,81.1,55.25,50.57,75.75,50.37
1218178653,주식회사베이스캐리어,2018,도입기,0,56.96,75.8,92.35,49.91,7.2,46.26
1218178653,주식회사베이스캐리어,2019,쇠퇴기,0,44.21,100.0,100.0,51.55,7.75,49.97
1218178653,주식회사베이스캐리어,2020,조정기,0,100.0,22.0,62.42,60.99,4.96,49.13
1218178653,주식회사베이스캐리어,2021,쇠퇴기,0,25.99,100.0,38.9,51.78,34.0,65.24
1218178653,주식회사베이스캐리어,2022,성장기,0,44.25,3.1,54.23,41.82,0.31,27.26
1218178653,주식회사베이스캐리어,2023,성장기,0,24.44,13.2,55.25,55.33,4.16,51.09
1218178653,주식회사베이스캐리어,2024,성장기,0,53.17,16.0,58.94,43.04,22.14,60.17
1218178895,주식회사코펙스,2015,성숙기,0,38.29,5.6,0.0,49.87,10.75,11.35
1218178895,주식회사코펙스,2016,쇠퇴기,0,35.48,100.0,19.68,54.89,18.77,55.26
1218178895,주식회사코펙스,2017,조정기,0,0.0,35.9,24.1,51.95,90.51,89.81
1218178895,주식회사코펙스,2018,쇠퇴기,0,56.96,100.0,92.35,50.14,96.43,49.84
1218178895,주식회사코펙스,2019,조정기,0,44.21,25.7,100.0,58.67,49.04,22.99
1218179496,남양테크주식회사,2015,성장기,0,38.29,0.0,0.0,49.87,20.18,50.22
1218179496,남양테크주식회사,2016,쇠퇴기,0,35.48,100.0,19.68,46.84,62.48,74.08
1218179496,남양테크주식회사,2017,조정기,0,0.0,35.9,24.1,48.92,60.87,47.63
1218179496,남양테크주식회사,2018,성숙기,0,56.96,0.0,92.35,50.99,22.99,24.99
1218179496,남양테크주식회사,2019,성숙기,0,44.21,0.0,100.0,53.28,10.48,42.65
1218182744,에스앤에스이앤지주식회사,2015,도입기,0,38.29,65.4,0.0,46.73,5.19,44.73
1218182744,에스앤에스이앤지주식회사,2016,성숙기,0,35.48,0.0,19.68,52.29,43.04,71.66
1218182744,에스앤에스이앤지주식회사,2017,조정기,0,0.0,35.9,24.1,50.6,1.09,24.33
1218182744,에스앤에스이앤지주식회사,2018,조정기,0,56.96,38.0,92.35,49.65,60.17,79.66
1218182744,에스앤에스이앤지주식회사,2019,조정기,0,44.21,25.7,100.0,51.15,0.54,16.3
1218184005,(주)파랑,2015,조정기,0,38.29,28.5,0.0,27.63,97.02,52.65
1218191511,(주)청우에이티에스,2021,성장기,0,25.99,1.9,38.9,54.41,12.86,48.84
1218191511,(주)청우에이티에스,2022,성숙기,0,44.25,0.0,54.23,36.93,12.37,46.94
1218191511,(주)청우에이티에스,2023,성장기,0,24.44,13.2,55.25,50.57,9.61,47.4
1218191511,(주)청우에이티에스,2024,조정기,0,53.17,27.2,58.94,40.16,86.79,92.81
1218602221,주식회사디케이텍인더스트리,2016,성장기,0,35.48,2.2,19.68,46.84,3.32,51.01
1218602221,주식회사디케이텍인더스트리,2017,성숙기,0,0.0,0.0,24.1,48.92,0.82,46.98
1218602221,주식회사디케이텍인더스트리,2018,성숙기,0,56.96,0.0,92.35,49.91,0.14,45.87
1218602221,주식회사디케이텍인더스트리,2019,성숙기,0,44.21,0.0,100.0,46.13,0.38,49.83
1218602221,주식회사디케이텍인더스트리,2020,조정기,0,100.0,22.0,62.42,60.13,0.83,50.92
1218602221,주식회사디케이텍인더스트리,2021,조정기,0,25.99,24.6,38.9,57.25,0.4,48.62
1218602221,주식회사디케이텍인더스트리,2022,성숙기,0,44.25,0.0,54.23,52.06,0.08,47.19
1218602221,주식회사디케이텍인더스트리,2023,성숙기,0,24.44,0.0,55.25,63.18,0.18,48.91
1218602221,주식회사디케이텍인더스트리,2024,성숙기,0,53.17,0.0,58.94,51.05,4.76,52.79
1218608356,주식회사샤프테크닉스케이,2016,도입기,0,35.48,82.9,19.68,46.84,34.38,51.01
1218608356,주식회사샤프테크닉스케이,2017,도입기,0,0.0,70.3,24.1,48.92,91.37,81.35
1218608356,주식회사샤프테크닉스케이,2018,도입기,1,56.96,75.8,92.35,49.91,95.19,48.65
1218613562,(주)유일로보틱스,2015,성장기,0,38.29,0.0,0.0,49.87,5.47,50.22
1218613562,(주)유일로보틱스,2016,성숙기,0,35.48,0.0,19.68,46.84,3.32,49.68
1218613562,(주)유일로보틱스,2017,쇠퇴기,0,0.0,100.0,24.1,48.92,12.4,53.65
1218613562,(주)유일로보틱스,2018,성장기,0,56.96,1.0,92.35,45.61,49.0,66.98
1218613562,(주)유일로보틱스,2019,도입기,0,44.21,58.1,100.0,49.77,5.77,25.47
1218613562,(주)유일로보틱스,2020,쇠퇴기,0,100.0,100.0,62.42,59.6,6.39,51.0
1218613562,(주)유일로보틱스,2021,성장기,0,25.99,1.9,38.9,50.75,1.03,45.85
1218613562,(주)유일로보틱스,2022,도입기,0,44.25,70.4,54.23,36.03,61.06,82.49
1218613562,(주)유일로보틱스,2023,도입기,0,24.44,81.1,55.25,49.69,82.73,62.21
1218613562,(주)유일로보틱스,2024,도입기,0,53.17,92.8,58.94,40.47,47.63,30.6
1218617331,주식회사정민,2019,쇠퇴기,0,44.21,100.0,100.0,51.55,6.23,49.68
1218617331,주식회사정민,2020,성장기,0,100.0,0.8,62.42,60.99,17.06,56.61
1218617331,주식회사정민,2021,쇠퇴기,0,25.99,100.0,38.9,54.41,69.36,78.38
1218617331,주식회사정민,2022,성장기,0,44.25,3.1,54.23,38.09,88.05,57.47
1218617331,주식회사정민,2023,조정기,0,24.44,24.8,55.25,51.35,12.99,6.28
1218617331,주식회사정민,2024,성숙기,0,53.17,0.0,58.94,41.11,31.26,60.3
1218637375,웰킵스일렉트리온(주),2018,조정기,0,56.96,38.0,92.35,49.91,4.49,46.26
1218637375,웰킵스일렉트리온(주),2019,성장기,0,44.21,2.1,100.0,51.55,3.42,49.08
1218637375,웰킵스일렉트리온(주),2020,성숙기,0,100.0,0.0,62.42,60.99,2.55,50.18
1218637375,웰킵스일렉트리온(주),2021,성장기,0,25.99,1.9,38.9,47.09,2.93,49.08
1218637375,웰킵스일렉트리온(주),2022,성숙기,0,44.25,0.0,54.23,34.12,9.75,51.34
1218637375,웰킵스일렉트리온(주),2023,도입기,0,24.44,81.1,55.25,46.32,90.12,95.71
1218637375,웰킵스일렉트리온(주),2024,도입기,0,53.17,92.8,58.94,37.73,86.31,47.83
1218640832,주식회사제이스에이티에스,2016,도입기,0,35.48,82.9,19.68,46.84,5.26,51.01
1218640832,주식회사제이스에이티에스,2017,성장기,0,0.0,1.7,24.1,,1.24,46.1
1218640832,주식회사제이스에이티에스,2018,성숙기,0,56.96,0.0,92.35,49.91,0.03,45.57
1218640832,주식회사제이스에이티에스,2019,도입기,0,44.21,58.1,100.0,51.55,4.77,52.33
1218640832,주식회사제이스에이티에스,2020,조정기,0,100.0,22.0,62.42,59.23,1.27,48.74
1218640832,주식회사제이스에이티에스,2021,성장기,0,25.99,1.9,38.9,58.44,0.33,48.34
1218640832,주식회사제이스에이티에스,2022,성숙기,0,44.25,0.0,54.23,41.19,2.09,48.41
1218640832,주식회사제이스에이티에스,2023,조정기,0,24.44,24.8,55.25,53.52,7.27,51.88
1218640832,주식회사제이스에이티에스,2024,성장기,0,53.17,16.0,58.94,43.4,55.1,76.63
1228116723,(주)동양마그닉스,2015,성숙기,0,38.29,5.6,0.0,49.87,1.17,47.64
1228116723,(주)동양마그닉스,2016,성숙기,0,35.48,0.0,19.68,46.84,0.21,50.34
1228116723,(주)동양마그닉스,2017,성숙기,0,0.0,0.0,24.1,61.24,0.07,48.33
1228116723,(주)동양마그닉스,2018,성숙기,0,56.96,0.0,92.35,59.28,0.81,46.67
1228116723,(주)동양마그닉스,2019,성숙기,0,44.21,0.0,100.0,58.98,4.45,51.72
1228116723,(주)동양마그닉스,2020,조정기,0,100.0,22.0,62.42,62.06,0.21,48.33
1228116723,(주)동양마그닉스,2021,조정기,0,25.99,24.6,38.9,50.75,0.21,48.86
1228116723,(주)동양마그닉스,2022,성숙기,0,44.25,0.0,54.23,33.85,3.0,49.02
1228116723,(주)동양마그닉스,2023,성숙기,0,24.44,0.0,55.25,47.69,1.18,47.83
1228116723,(주)동양마그닉스,2024,성숙기,0,53.17,0.0,58.94,38.18,0.75,50.02
1228118599,(주)대진코스탈,2015,성숙기,0,38.29,5.6,0.0,53.16,0.54,50.15
1228118599,(주)대진코스탈,2016,성숙기,0,35.48,0.0,19.68,50.26,0.95,51.1
1228118599,(주)대진코스탈,2017,조정기,0,0.0,35.9,24.1,51.29,1.13,48.52
1228118599,(주)대진코스탈,2018,조정기,0,56.96,38.0,92.35,51.17,0.84,46.09
1228118599,(주)대진코스탈,2019,조정기,0,44.21,25.7,100.0,51.02,0.32,49.4
1228118599,(주)대진코스탈,2020,조정기,0,100.0,22.0,62.42,58.21,0.37,50.69
1228118599,(주)대진코스탈,2021,성장기,0,25.99,1.9,38.9,53.32,0.48,48.93
1228118599,(주)대진코스탈,2022,성숙기,0,44.25,0.0,54.23,35.72,0.48,47.38
1228118599,(주)대진코스탈,2023,조정기,0,24.44,24.8,55.25,49.44,0.52,48.88
1228118599,(주)대진코스탈,2024,성숙기,0,53.17,0.0,58.94,39.7,0.47,50.23
1228120815,(주)세우엔지니어링,2015,도입기,0,38.29,65.4,0.0,33.89,54.29,72.16
1228120815,(주)세우엔지니어링,2016,도입기,0,35.48,82.9,19.68,59.03,95.55,73.42
1228120815,(주)세우엔지니어링,2017,도입기,0,0.0,70.3,24.1,57.65,15.52,2.5
1228120815,(주)세우엔지니어링,2018,쇠퇴기,0,56.96,100.0,92.35,62.23,18.66,48.07
1228126347,강운공업(주),2020,성장기,0,100.0,0.8,62.42,60.99,19.28,50.67
1228126347,강운공업(주),2021,성숙기,0,25.99,0.0,38.9,54.41,11.91,44.74
1228126347,강운공업(주),2022,조정기,0,44.25,26.1,54.23,36.93,37.57,62.25
1228126347,강운공업(주),2023,성장기,0,24.44,13.2,55.25,53.81,28.52,44.05
1228126347,강운공업(주),2024,성장기,0,53.17,16.0,58.94,42.87,9.32,39.57
1228133004,한국고벨(주),2015,쇠퇴기,0,38.29,100.0,0.0,37.53,98.05,100.0
1228133004,한국고벨(주),2016,쇠퇴기,0,35.48,100.0,19.68,38.17,96.74,49.92
1228133004,한국고벨(주),2017,쇠퇴기,1,0.0,100.0,24.1,37.29,99.59,50.28
1228136689,서울기계공업,2015,도입기,0,38.29,65.4,0.0,44.68,85.1,90.87
1228136689,서울기계공업,2016,조정기,0,35.48,33.5,19.68,48.37,83.41,49.75
1228136689,서울기계공업,2017,조정기,1,0.0,35.9,24.1,49.57,93.47,54.4
1228150833,(주)대진정공,2015,조정기,0,38.29,28.5,0.0,49.87,3.91,48.57
1228150833,(주)대진정공,2016,조정기,0,35.48,33.5,19.68,54.99,5.34,51.65
1228150833,(주)대진정공,2017,도입기,0,0.0,70.3,24.1,53.74,48.52,73.31
1228150833,(주)대진정공,2018,쇠퇴기,0,56.96,100.0,92.35,54.56,58.33,51.93
1228150833,(주)대진정공,2019,성숙기,1,44.21,0.0,100.0,46.18,66.13,53.83
1228151114,참존글로벌(주),2022,쇠퇴기,0,44.25,100.0,54.23,36.93,50.45,47.42
1228151114,참존글로벌(주),2023,성장기,0,24.44,13.2,55.25,50.57,66.01,58.52
1228151695,헵시바(주),2015,조정기,0,38.29,28.5,0.0,54.85,53.37,72.16
1228151695,헵시바(주),2016,성숙기,0,35.48,0.0,19.68,48.69,0.63,21.76
1228151695,헵시바(주),2017,조정기,0,0.0,35.9,24.1,52.48,0.23,48.18
1228151695,헵시바(주),2018,성숙기,0,56.96,0.0,92.35,52.88,0.26,46.27
1228151695,헵시바(주),2019,조정기,0,44.21,25.7,100.0,51.19,0.35,49.74
1228151695,헵시바(주),2020,성숙기,0,100.0,0.0,62.42,62.05,0.09,50.52
1228151695,헵시바(주),2021,조정기,0,25.99,24.6,38.9,56.57,0.13,48.88
1228151695,헵시바(주),2022,조정기,0,44.25,26.1,54.23,36.45,4.86,50.15
1228151695,헵시바(주),2023,조정기,0,24.44,24.8,55.25,50.16,0.19,46.19
1228151695,헵시바(주),2024,성숙기,0,53.17,0.0,58.94,40.37,0.1,50.22
1228153072,화빈기계(주),2021,성숙기,0,25.99,0.0,38.9,54.41,3.27,48.84
1228153072,화빈기계(주),2022,쇠퇴기,0,44.25,100.0,54.23,36.93,8.72,50.53
1228153072,화빈기계(주),2023,성장기,0,24.44,13.2,55.25,50.57,3.63,46.0
1228153072,화빈기계(주),2024,성숙기,0,53.17,0.0,58.94,34.26,1.25,48.94
1228158515,시스템벤트(주),2022,도입기,0,44.25,70.4,54.23,36.93,12.81,47.42
1228158515,시스템벤트(주),2023,도입기,0,24.44,81.1,55.25,50.57,7.01,45.63
1228158515,시스템벤트(주),2024,도입기,0,53.17,92.8,58.94,40.55,59.12,79.0
1228163828,하임테크주식회사,2015,성숙기,0,38.29,5.6,0.0,36.37,29.44,62.69
1228163828,하임테크주식회사,2016,도입기,0,35.48,82.9,19.68,55.87,45.67,59.73
1228163828,하임테크주식회사,2017,성숙기,0,0.0,0.0,24.1,55.09,0.89,22.7
1228163828,하임테크주식회사,2018,도입기,0,56.96,75.8,92.35,72.0,15.83,54.7
1228163828,하임테크주식회사,2019,성숙기,0,44.21,0.0,100.0,73.9,0.51,41.11
1228163828,하임테크주식회사,2020,도입기,0,100.0,68.6,62.42,45.83,9.62,55.67
1228163828,하임테크주식회사,2021,성숙기,0,25.99,0.0,38.9,55.19,11.49,49.94
1228163828,하임테크주식회사,2022,성장기,0,44.25,3.1,54.23,33.34,22.15,53.48
1228163828,하임테크주식회사,2023,성숙기,0,24.44,0.0,55.25,47.6,0.63,36.6
1228163828,하임테크주식회사,2024,쇠퇴기,0,53.17,100.0,58.94,38.18,4.86,52.6
1228164434,우트론(주),2022,도입기,0,44.25,70.4,54.23,36.93,7.73,47.42
1228164434,우트론(주),2023,성장기,0,24.44,13.2,55.25,50.57,9.32,49.87
1228164434,우트론(주),2024,성숙기,0,53.17,0.0,58.94,40.55,92.93,96.36
1228165073,(주)문앤썬,2015,도입기,0,38.29,65.4,0.0,52.7,14.25,49.52
1228165073,(주)문앤썬,2016,조정기,0,35.48,33.5,19.68,49.86,7.75,47.26
1228165073,(주)문앤썬,2017,도입기,0,0.0,70.3,24.1,51.51,17.9,54.28
1228165073,(주)문앤썬,2018,쇠퇴기,0,56.96,100.0,92.35,48.73,90.02,87.08
1228165073,(주)문앤썬,2019,조정기,0,44.21,25.7,100.0,57.39,89.97,49.36
1228165073,(주)문앤썬,2020,도입기,1,100.0,68.6,62.42,61.45,81.65,46.0
1228165087,초양기전(주),2015,성숙기,0,38.29,5.6,0.0,58.41,3.1,50.81
1228165087,초양기전(주),2016,성숙기,0,35.48,0.0,19.68,42.16,0.16,49.25
1228166806,주식회사듀크린,2018,성장기,0,56.96,1.0,92.35,49.91,3.32,46.26
1228166806,주식회사듀크린,2019,성장기,0,44.21,2.1,100.0,51.55,1.0,48.39
1228166806,주식회사듀크린,2020,성장기,0,100.0,0.8,62.42,60.99,0.14,50.19
1228166806,주식회사듀크린,2021,조정기,0,25.99,24.6,38.9,55.18,0.1,48.84
1228166806,주식회사듀크린,2022,쇠퇴기,0,44.25,100.0,54.23,39.73,5.16,50.34
1228166806,주식회사듀크린,2023,성장기,0,24.44,13.2,55.25,54.23,0.11,45.98
1228166806,주식회사듀크린,2024,성숙기,0,53.17,0.0,58.94,43.31,0.19,50.31
1228175509,지비테크(주),2016,성장기,0,35.48,2.2,19.68,46.84,18.19,51.01
1228175509,지비테크(주),2017,도입기,0,0.0,70.3,24.1,48.92,46.03,64.5
1228175509,지비테크(주),2018,성장기,0,56.96,1.0,92.35,49.91,30.99,37.86
1228175509,지비테크(주),2019,조정기,0,44.21,25.7,100.0,46.53,86.92,80.72
1228175509,지비테크(주),2020,도입기,0,100.0,68.6,62.42,69.57,97.82,56.56
1228175509,지비테크(주),2021,쇠퇴기,1,25.99,100.0,38.9,53.35,100.0,50.25
1228178471,주식회사진영알엔에치,2016,도입기,0,35.48,82.9,19.68,46.84,6.77,51.01
1228178471,주식회사진영알엔에치,2017,성숙기,0,0.0,0.0,24.1,48.92,14.45,52.85
1228178471,주식회사진영알엔에치,2018,성숙기,0,56.96,0.0,92.35,49.91,42.76,62.3
1228178471,주식회사진영알엔에치,2019,성숙기,0,44.21,0.0,100.0,49.89,10.4,31.53
1228178471,주식회사진영알엔에치,2020,조정기,0,100.0,22.0,62.42,61.05,11.11,51.05
1228178471,주식회사진영알엔에치,2021,도입기,0,25.99,71.8,38.9,56.9,10.23,48.38
1228178471,주식회사진영알엔에치,2022,도입기,0,44.25,70.4,54.23,41.01,7.09,45.42
1228178471,주식회사진영알엔에치,2023,도입기,0,24.44,81.1,55.25,53.87,10.07,50.67
1228178471,주식회사진영알엔에치,2024,성숙기,0,53.17,0.0,58.94,43.47,19.65,55.52
1228179029,(주)씨디티,2016,도입기,0,35.48,82.9,19.68,46.84,34.31,51.01
1228179029,(주)씨디티,2017,성숙기,0,0.0,0.0,24.1,48.92,58.02,62.16
1228179029,(주)씨디티,2018,성숙기,0,56.96,0.0,92.35,49.91,36.84,34.42
1228179029,(주)씨디티,2019,성숙기,0,44.21,0.0,100.0,55.99,76.16,71.45
1228179844,엠디아이코리아주식회사,2015,성숙기,0,38.29,5.6,0.0,68.98,24.74,21.23
1228179844,엠디아이코리아주식회사,2016,쇠퇴기,0,35.48,100.0,19.68,85.11,61.43,70.98
1228179844,엠디아이코리아주식회사,2017,성숙기,0,0.0,0.0,24.1,81.24,18.44,23.77
1228179844,엠디아이코리아주식회사,2018,조정기,0,56.96,38.0,92.35,76.68,60.38,70.02
1228179844,엠디아이코리아주식회사,2019,성숙기,0,44.21,0.0,100.0,70.26,6.31,19.39
1228179844,엠디아이코리아주식회사,2020,쇠퇴기,0,100.0,100.0,62.42,66.64,78.25,90.2
1228179844,엠디아이코리아주식회사,2021,쇠퇴기,0,25.99,100.0,38.9,60.82,54.85,35.79
1228179844,엠디아이코리아주식회사,2022,쇠퇴기,1,44.25,100.0,54.23,35.4,79.2,60.96
1228181336,클라이젠주식회사,2015,성숙기,0,38.29,5.6,0.0,58.44,29.28,51.05
1228181336,클라이젠주식회사,2016,도입기,0,35.48,82.9,19.68,35.34,96.19,87.58
1228181336,클라이젠주식회사,2017,도입기,0,0.0,70.3,24.1,38.02,99.69,50.65
1228181336,클라이젠주식회사,2018,도입기,1,56.96,75.8,92.35,45.77,99.32,46.3
1228191552,(주)우영실업,2015,성장기,0,38.29,0.0,0.0,49.87,13.58,50.22
1228191552,(주)우영실업,2016,성숙기,0,35.48,0.0,19.68,46.84,19.13,53.89
1228191552,(주)우영실업,2017,성장기,0,0.0,1.7,24.1,48.92,43.22,62.34
1228191552,(주)우영실업,2018,성숙기,0,56.96,0.0,92.35,52.06,75.9,64.85
1228191552,(주)우영실업,2019,성숙기,0,44.21,0.0,100.0,51.14,87.97,56.15
1228196668,(주)이피아이티,2020,성장기,0,100.0,0.8,62.42,60.99,5.43,50.67
1228196668,(주)이피아이티,2021,조정기,0,25.99,24.6,38.9,54.41,6.89,49.69
1228196668,(주)이피아이티,2023,성숙기,0,24.44,0.0,55.25,50.57,0.64,48.85
1228196668,(주)이피아이티,2024,조정기,0,53.17,27.2,58.94,40.51,1.36,50.66
1228602850,에스에스오트론(주),2015,도입기,0,38.29,65.4,0.0,49.87,90.95,78.02
1228602850,에스에스오트론(주),2016,성장기,1,35.48,2.2,19.68,28.29,71.79,40.13
1228616693,(주)이엠씨씨,2021,성장기,0,25.99,1.9,38.9,54.41,3.28,48.84
1228616693,(주)이엠씨씨,2022,성장기,0,44.25,3.1,54.23,36.93,0.05,45.45
1228616693,(주)이엠씨씨,2023,성장기,0,24.44,13.2,55.25,50.57,6.74,52.74
1228619123,(주)에스브이엠테크,2017,성장기,0,0.0,1.7,24.1,48.92,7.91,48.42
1228619123,(주)에스브이엠테크,2018,성장기,0,56.96,1.0,92.35,49.91,7.74,46.17
1228619123,(주)에스브이엠테크,2019,성장기,0,44.21,2.1,100.0,51.55,30.45,62.31
1228619123,(주)에스브이엠테크,2020,성장기,0,100.0,0.8,62.42,60.75,84.87,80.55
1228619123,(주)에스브이엠테크,2021,조정기,0,25.99,24.6,38.9,55.72,67.39,39.14
1228619123,(주)에스브이엠테크,2023,성숙기,0,24.44,0.0,55.25,50.68,6.47,48.85
1228619123,(주)에스브이엠테크,2024,성숙기,0,53.17,0.0,58.94,40.49,5.3,49.6
1228629882,주식회사상상그램,2021,성장기,0,25.99,1.9,38.9,54.41,14.24,48.84
1228629882,주식회사상상그램,2022,쇠퇴기,0,44.25,100.0,54.23,36.93,33.29,58.35
1228629882,주식회사상상그램,2023,쇠퇴기,0,24.44,100.0,55.25,50.57,53.41,60.96
1228629882,주식회사상상그램,2024,쇠퇴기,0,53.17,100.0,58.94,38.59,64.5,56.19
1228640397,주식회사휴앤텍,2017,성장기,0,0.0,1.7,24.1,48.92,4.12,48.42
1228640397,주식회사휴앤텍,2018,성장기,0,56.96,1.0,92.35,49.91,1.15,44.58
1228640397,주식회사휴앤텍,2019,성장기,0,44.21,2.1,100.0,51.55,0.78,49.48
1228640397,주식회사휴앤텍,2020,성숙기,0,100.0,0.0,62.42,57.17,0.75,50.65
1228640397,주식회사휴앤텍,2021,성숙기,0,25.99,0.0,38.9,54.53,2.83,50.03
1228640397,주식회사휴앤텍,2022,성숙기,0,44.25,0.0,54.23,36.81,0.26,45.84
1228640397,주식회사휴앤텍,2023,성숙기,0,24.44,0.0,55.25,51.05,0.07,48.74
1228640397,주식회사휴앤텍,2024,성숙기,0,53.17,0.0,58.94,41.29,0.68,50.6
1238100466,(주)귀뚜라미범양냉방,2015,성숙기,0,38.29,5.6,0.0,47.2,5.35,53.0
1238100466,(주)귀뚜라미범양냉방,2016,성숙기,0,35.48,0.0,19.68,43.83,0.15,48.0
1238100466,(주)귀뚜라미범양냉방,2017,성숙기,0,0.0,0.0,24.1,47.28,0.49,48.61
1238100466,(주)귀뚜라미범양냉방,2018,성숙기,0,56.96,0.0,92.35,49.12,0.14,46.05
1238100466,(주)귀뚜라미범양냉방,2019,성숙기,0,44.21,0.0,100.0,51.97,0.13,49.69
1238100466,(주)귀뚜라미범양냉방,2020,조정기,0,100.0,22.0,62.42,59.65,0.33,50.78
1238100466,(주)귀뚜라미범양냉방,2021,조정기,0,25.99,24.6,38.9,53.24,0.9,49.18
1238100466,(주)귀뚜라미범양냉방,2022,쇠퇴기,0,44.25,100.0,54.23,36.12,5.8,50.23
1238100466,(주)귀뚜라미범양냉방,2023,성숙기,0,24.44,0.0,55.25,49.88,0.03,45.57
1238100466,(주)귀뚜라미범양냉방,2024,성숙기,0,53.17,0.0,58.94,39.89,0.03,50.27
1238116819,유남전기주식회사,2015,성숙기,0,38.29,5.6,0.0,49.38,4.23,50.06
1238116819,유남전기주식회사,2016,성숙기,0,35.48,0.0,19.68,46.21,8.35,53.13
1238116819,유남전기주식회사,2017,성숙기,0,0.0,0.0,24.1,48.36,74.11,86.34
1238116819,유남전기주식회사,2018,도입기,0,56.96,75.8,92.35,49.25,53.83,34.98
1238116819,유남전기주식회사,2019,도입기,1,44.21,58.1,100.0,49.09,64.17,55.26
1238130790,(주)주강로보테크,2015,성숙기,0,38.29,5.6,0.0,52.68,16.53,48.52
1238130790,(주)주강로보테크,2016,성숙기,0,35.48,0.0,19.68,50.16,17.24,51.23
1238130790,(주)주강로보테크,2017,성숙기,0,0.0,0.0,24.1,51.7,11.99,45.42
1238130790,(주)주강로보테크,2018,성장기,0,56.96,1.0,92.35,52.17,10.93,45.69
1238130790,(주)주강로보테크,2019,성장기,0,44.21,2.1,100.0,52.11,86.74,91.85
1238130790,(주)주강로보테크,2020,성장기,0,100.0,0.8,62.42,63.12,13.41,10.27
1238130790,(주)주강로보테크,2021,조정기,0,25.99,24.6,38.9,55.31,10.83,47.43
1238130790,(주)주강로보테크,2022,성숙기,0,44.25,0.0,54.23,37.61,6.54,44.74
1238130790,(주)주강로보테크,2023,조정기,0,24.44,24.8,55.25,50.95,10.09,50.99
1238130790,(주)주강로보테크,2024,성장기,0,53.17,16.0,58.94,40.93,51.78,73.23
1238133900,주식회사와이티에스,2015,조정기,0,38.29,28.5,0.0,89.76,0.15,47.34
1238133900,주식회사와이티에스,2016,조정기,0,35.48,33.5,19.68,58.18,4.15,53.07
1238133900,주식회사와이티에스,2017,조정기,0,0.0,35.9,24.1,55.24,0.08,46.07
1238133900,주식회사와이티에스,2018,성숙기,0,56.96,0.0,92.35,58.43,0.05,46.23
1238133900,주식회사와이티에스,2019,성숙기,0,44.21,0.0,100.0,61.26,11.04,55.81
1238133900,주식회사와이티에스,2020,성숙기,0,100.0,0.0,62.42,70.52,36.38,64.58
1238133900,주식회사와이티에스,2021,조정기,0,25.99,24.6,38.9,64.56,8.3,33.09
1238133900,주식회사와이티에스,2022,성숙기,0,44.25,0.0,54.23,44.16,0.62,42.79
1238133900,주식회사와이티에스,2023,도입기,0,24.44,81.1,55.25,56.96,48.93,76.96
1238133900,주식회사와이티에스,2024,도입기,0,53.17,92.8,58.94,46.46,53.97,52.87
1238136095,(주)신명,2018,성숙기,0,56.96,0.0,92.35,49.91,20.56,46.26
1238136095,(주)신명,2019,조정기,0,44.21,25.7,100.0,51.55,4.52,40.69
1238136095,(주)신명,2020,조정기,0,100.0,22.0,62.42,60.99,5.09,50.97
1238136095,(주)신명,2021,조정기,0,25.99,24.6,38.9,58.48,17.66,55.96
1238136095,(주)신명,2022,성숙기,0,44.25,0.0,54.23,34.74,2.69,38.41
1238136095,(주)신명,2023,성숙기,0,24.44,0.0,55.25,48.38,16.19,56.73
1238136095,(주)신명,2024,성숙기,0,53.17,0.0,58.94,38.65,4.52,43.77
1238137492,주식회사동양공조,2015,쇠퇴기,0,38.29,100.0,0.0,60.82,7.05,53.51
1238137492,주식회사동양공조,2016,성장기,0,35.48,2.2,19.68,55.08,6.34,50.47
1238137492,주식회사동양공조,2017,성숙기,0,0.0,0.0,24.1,56.76,1.06,45.38
1238137492,주식회사동양공조,2018,성장기,0,56.96,1.0,92.35,57.45,2.89,47.29
1238137492,주식회사동양공조,2019,도입기,0,44.21,58.1,100.0,55.77,80.1,92.65
1238137492,주식회사동양공조,2020,성숙기,0,100.0,0.0,62.42,68.55,6.56,10.17
1238137492,주식회사동양공조,2021,쇠퇴기,0,25.99,100.0,38.9,52.68,6.98,49.11
1238137492,주식회사동양공조,2022,성장기,0,44.25,3.1,54.23,30.64,0.93,43.76
1238137492,주식회사동양공조,2023,쇠퇴기,0,24.44,100.0,55.25,45.6,8.63,53.34
1238137492,주식회사동양공조,2024,도입기,0,53.17,92.8,58.94,37.64,13.48,52.91
1238138472,정일금형정공(주),2015,성장기,0,38.29,0.0,0.0,49.87,8.74,50.22
1238138472,정일금형정공(주),2016,성숙기,0,35.48,0.0,19.68,46.84,0.61,46.38
1238138472,정일금형정공(주),2017,성숙기,0,0.0,0.0,24.1,48.92,1.55,48.96
1238138472,정일금형정공(주),2018,성숙기,0,56.96,0.0,92.35,41.33,1.02,45.96
1238138472,정일금형정공(주),2019,성숙기,0,44.21,0.0,100.0,52.46,0.14,49.2
1238138472,정일금형정공(주),2020,성숙기,0,100.0,0.0,62.42,61.29,0.1,50.65
1238138472,정일금형정공(주),2021,성장기,0,25.99,1.9,38.9,55.71,0.03,48.82
1238138472,정일금형정공(주),2022,성숙기,0,44.25,0.0,54.23,38.82,51.97,77.76
1238138472,정일금형정공(주),2023,조정기,0,24.44,24.8,55.25,51.94,1.69,20.25
1238138472,정일금형정공(주),2024,조정기,0,53.17,27.2,58.94,41.56,0.1,49.39
1238140115,거성정밀주식회사,2015,성숙기,0,38.29,5.6,0.0,9.48,1.09,49.43
1238140115,거성정밀주식회사,2016,성숙기,0,35.48,0.0,19.68,49.46,0.61,50.6
1238140115,거성정밀주식회사,2017,성숙기,0,0.0,0.0,24.1,48.86,0.59,48.4
1238140115,거성정밀주식회사,2018,성숙기,0,56.96,0.0,92.35,51.95,0.58,46.24
1238140115,거성정밀주식회사,2019,성숙기,0,44.21,0.0,100.0,56.65,0.37,49.57
1238140115,거성정밀주식회사,2020,성장기,0,100.0,0.8,62.42,65.58,0.35,50.66
1238140115,거성정밀주식회사,2021,성숙기,0,25.99,0.0,38.9,64.52,0.3,48.83
1238140115,거성정밀주식회사,2022,성숙기,0,44.25,0.0,54.23,42.43,1.05,47.82
1238140115,거성정밀주식회사,2023,성숙기,0,24.44,0.0,55.25,54.96,1.44,49.09
1238140115,거성정밀주식회사,2024,성숙기,0,53.17,0.0,58.94,44.27,1.66,50.39
1238140852,(주)동명기계,2015,성숙기,0,38.29,5.6,0.0,49.87,13.01,43.8
1238140852,(주)동명기계,2016,성장기,0,35.48,2.2,19.68,46.84,26.84,58.44
1238140852,(주)동명기계,2017,성숙기,0,0.0,0.0,24.1,50.83,78.29,78.13
1238140852,(주)동명기계,2018,성장기,0,56.96,1.0,92.35,49.98,92.51,54.5
1238140852,(주)동명기계,2019,조정기,0,44.21,25.7,100.0,51.19,5.06,0.7
1238142618,하나산업(주),2015,성장기,0,38.29,0.0,0.0,59.18,1.86,50.52
1238142618,하나산업(주),2016,성장기,0,35.48,2.2,19.68,54.68,2.41,51.18
1238142618,하나산업(주),2017,성장기,0,0.0,1.7,24.1,56.97,2.73,48.6
1238142618,하나산업(주),2018,성장기,0,56.96,1.0,92.35,57.22,6.29,48.27
1238142618,하나산업(주),2019,성숙기,0,44.21,0.0,100.0,59.3,6.93,50.02
1238142618,하나산업(주),2020,성숙기,0,100.0,0.0,62.42,64.43,2.9,48.45
1238142618,하나산업(주),2021,성숙기,0,25.99,0.0,38.9,54.58,2.28,48.52
1238142618,하나산업(주),2022,성장기,0,44.25,3.1,54.23,37.08,6.06,49.57
1238142618,하나산업(주),2023,성장기,0,24.44,13.2,55.25,50.48,5.55,48.62
1238142618,하나산업(주),2024,성장기,0,53.17,16.0,58.94,40.68,5.41,50.17
1238143280,써멀마스터(주),2015,성장기,0,38.29,0.0,0.0,49.87,4.48,50.22
1238143280,써멀마스터(주),2016,성숙기,0,35.48,0.0,19.68,46.84,0.07,48.44
1238143280,써멀마스터(주),2017,성장기,0,0.0,1.7,24.1,48.92,0.16,48.46
1238143280,써멀마스터(주),2018,성숙기,0,56.96,0.0,92.35,48.91,15.94,55.17
1238143280,써멀마스터(주),2019,성숙기,0,44.21,0.0,100.0,51.51,26.27,55.39
1238143280,써멀마스터(주),2020,성숙기,0,100.0,0.0,62.42,61.43,2.73,37.7
1238143280,써멀마스터(주),2021,성숙기,0,25.99,0.0,38.9,54.31,41.33,70.63
1238143280,써멀마스터(주),2022,성장기,0,44.25,3.1,54.23,34.97,25.42,37.57
1238143280,써멀마스터(주),2023,성숙기,0,24.44,0.0,55.25,48.9,28.84,51.15
1238143280,써멀마스터(주),2024,도입기,0,53.17,92.8,58.94,39.31,60.84,67.82
1238143465,(주)제일기연,2015,도입기,0,38.29,65.4,0.0,49.87,12.11,53.99
1238143465,(주)제일기연,2016,성숙기,0,35.48,0.0,19.68,46.84,3.48,46.1
1238143465,(주)제일기연,2017,성숙기,0,0.0,0.0,24.1,56.8,81.62,93.46
1238144708,(주)나인벨,2020,성숙기,0,100.0,0.0,62.42,60.99,3.58,50.67
1238144708,(주)나인벨,2021,성장기,0,25.99,1.9,38.9,54.41,0.0,46.85
1238144708,(주)나인벨,2022,성장기,0,44.25,3.1,54.23,36.93,0.29,47.55
1238144708,(주)나인벨,2023,성장기,0,24.44,13.2,55.25,57.44,0.15,48.77
1238144708,(주)나인벨,2024,성숙기,0,53.17,0.0,58.94,46.7,0.11,50.25
1238145236,(주)청수테크노필,2019,성숙기,0,44.21,0.0,100.0,51.55,5.51,49.68
1238145236,(주)청수테크노필,2020,성숙기,0,100.0,0.0,62.42,60.99,0.96,48.16
1238145236,(주)청수테크노필,2021,성숙기,0,25.99,0.0,38.9,54.41,1.46,49.15
1238145236,(주)청수테크노필,2022,성숙기,0,44.25,0.0,54.23,37.03,2.48,47.96
1238145236,(주)청수테크노필,2023,성숙기,0,24.44,0.0,55.25,50.22,1.63,48.38
1238145236,(주)청수테크노필,2024,성숙기,0,53.17,0.0,58.94,40.13,1.12,49.98
1238146201,삼영플랜트주식회사,2015,쇠퇴기,0,38.29,100.0,0.0,51.27,13.44,55.86
1238146201,삼영플랜트주식회사,2016,성숙기,0,35.48,0.0,19.68,44.03,2.95,45.08
1238146201,삼영플랜트주식회사,2017,도입기,0,0.0,70.3,24.1,47.03,7.69,51.15
1238146201,삼영플랜트주식회사,2018,도입기,0,56.96,75.8,92.35,50.66,15.92,50.93
1238146201,삼영플랜트주식회사,2019,도입기,0,44.21,58.1,100.0,51.46,10.45,46.59
1238146201,삼영플랜트주식회사,2020,성장기,0,100.0,0.8,62.42,61.57,6.81,48.66
1238146201,삼영플랜트주식회사,2021,쇠퇴기,0,25.99,100.0,38.9,54.79,16.1,54.11
1238146201,삼영플랜트주식회사,2022,도입기,0,44.25,70.4,54.23,36.82,14.85,46.46
1238146201,삼영플랜트주식회사,2023,성숙기,0,24.44,0.0,55.25,50.67,16.08,49.75
1238146201,삼영플랜트주식회사,2024,성장기,0,53.17,16.0,58.94,41.17,14.67,49.42
1238146502,(주)공진,2018,성숙기,0,56.96,0.0,92.35,34.78,0.05,46.26
1238146502,(주)공진,2019,성숙기,0,44.21,0.0,100.0,46.56,0.8,50.11
1238146782,(주)코윈테크,2016,도입기,0,35.48,82.9,19.68,46.84,3.63,51.01
1238146782,(주)코윈테크,2017,성장기,0,0.0,1.7,24.1,48.92,0.65,46.7
1238146782,(주)코윈테크,2018,도입기,0,56.96,75.8,92.35,49.91,5.23,48.84
1238146782,(주)코윈테크,2019,성장기,0,44.21,2.1,100.0,41.45,0.67,47.14
1238146782,(주)코윈테크,2020,성장기,0,100.0,0.8,62.42,61.97,19.8,61.18
1238146782,(주)코윈테크,2021,성장기,0,25.99,1.9,38.9,67.41,5.13,40.62
1238146782,(주)코윈테크,2022,성장기,0,44.25,3.1,54.23,54.52,5.44,47.5
1238146782,(주)코윈테크,2023,성장기,0,24.44,13.2,55.25,65.34,0.26,45.91
1238146782,(주)코윈테크,2024,성장기,0,53.17,16.0,58.94,52.07,31.41,67.45
1238146967,에이스냉동공조(주),2015,성숙기,0,38.29,5.6,0.0,55.56,10.48,55.76
1238146967,에이스냉동공조(주),2016,성장기,0,35.48,2.2,19.68,52.06,60.82,78.51
1238146967,에이스냉동공조(주),2017,조정기,0,0.0,35.9,24.1,52.99,7.25,17.67
1238146967,에이스냉동공조(주),2018,성숙기,0,56.96,0.0,92.35,54.22,0.48,42.44
1238146967,에이스냉동공조(주),2019,성숙기,0,44.21,0.0,100.0,54.31,5.35,52.4
1238146967,에이스냉동공조(주),2020,성숙기,0,100.0,0.0,62.42,62.84,59.23,80.27
1238146967,에이스냉동공조(주),2021,도입기,0,25.99,71.8,38.9,58.52,68.04,53.93
1238146967,에이스냉동공조(주),2022,도입기,0,44.25,70.4,54.23,35.4,25.97,21.94
1238146967,에이스냉동공조(주),2023,도입기,0,24.44,81.1,55.25,49.21,12.62,41.41
1238146967,에이스냉동공조(주),2024,도입기,0,53.17,92.8,58.94,38.58,5.93,46.53
1238147495,(주)케이에이씨티씨,2016,성장기,0,35.48,2.2,19.68,46.84,22.07,51.01
1238147495,(주)케이에이씨티씨,2017,성장기,0,0.0,1.7,24.1,48.92,16.48,45.24
1238147495,(주)케이에이씨티씨,2018,성장기,0,56.96,1.0,92.35,49.91,91.27,88.59
1238147495,(주)케이에이씨티씨,2019,성장기,0,44.21,2.1,100.0,53.68,91.21,49.35
1238147705,금성제지기계(주),2015,성숙기,0,38.29,5.6,0.0,16.86,0.75,36.78
1238147705,금성제지기계(주),2016,성숙기,0,35.48,0.0,19.68,99.04,0.87,50.94
1238147705,금성제지기계(주),2017,성숙기,0,0.0,0.0,24.1,90.96,3.45,49.9
1238147705,금성제지기계(주),2018,조정기,0,56.96,38.0,92.35,77.01,22.97,57.3
1238147705,금성제지기계(주),2019,조정기,0,44.21,25.7,100.0,70.86,33.46,55.45
1238147705,금성제지기계(주),2023,조정기,0,24.44,24.8,55.25,62.69,21.1,48.85
1238147705,금성제지기계(주),2024,조정기,0,53.17,27.2,58.94,46.69,26.18,52.99
1238147971,동성에이앤티(주),2016,성장기,0,35.48,2.2,19.68,46.84,24.57,51.01
1238147971,동성에이앤티(주),2017,성장기,0,0.0,1.7,24.1,48.92,58.88,68.24
1238147971,동성에이앤티(주),2018,성장기,0,56.96,1.0,92.35,100.0,71.55,53.58
1238147971,동성에이앤티(주),2019,성장기,0,44.21,2.1,100.0,91.07,27.66,25.02
1238147971,동성에이앤티(주),2020,쇠퇴기,0,100.0,100.0,62.42,25.57,9.52,40.67
1238147971,동성에이앤티(주),2021,도입기,0,25.99,71.8,38.9,60.22,66.7,81.11
1238148043,그린웍스주식회사,2018,성장기,0,56.96,1.0,92.35,49.96,35.99,46.26
1238148043,그린웍스주식회사,2019,성장기,0,44.21,2.1,100.0,53.15,17.46,39.26
1238148043,그린웍스주식회사,2020,도입기,0,100.0,68.6,62.42,30.2,24.05,54.27
1238148043,그린웍스주식회사,2021,도입기,0,25.99,71.8,38.9,43.81,28.33,51.32
1238148043,그린웍스주식회사,2022,도입기,0,44.25,70.4,54.23,30.77,18.99,41.57
1238148043,그린웍스주식회사,2023,도입기,0,24.44,81.1,55.25,44.92,9.44,43.53
1238148043,그린웍스주식회사,2024,성장기,0,53.17,16.0,58.94,36.0,17.86,54.88
1238148233,주식회사히타치터미널솔루션즈코리아,2015,성숙기,0,38.29,5.6,0.0,51.04,6.38,18.83
1238148233,주식회사히타치터미널솔루션즈코리아,2016,성숙기,0,35.48,0.0,19.68,48.18,4.91,50.05
1238148233,주식회사히타치터미널솔루션즈코리아,2017,성숙기,0,0.0,0.0,24.1,50.11,52.39,75.79
1238148233,주식회사히타치터미널솔루션즈코리아,2018,쇠퇴기,0,56.96,100.0,92.35,50.35,8.38,21.5
1238148233,주식회사히타치터미널솔루션즈코리아,2019,성숙기,0,44.21,0.0,100.0,59.66,63.13,80.13
1238148233,주식회사히타치터미널솔루션즈코리아,2020,성숙기,0,100.0,0.0,62.42,39.41,14.69,23.98
1238148233,주식회사히타치터미널솔루션즈코리아,2021,성숙기,0,25.99,0.0,38.9,44.9,44.7,65.81
1238148233,주식회사히타치터미널솔루션즈코리아,2022,성숙기,0,44.25,0.0,54.23,30.21,9.61,26.31
1238148233,주식회사히타치터미널솔루션즈코리아,2023,성숙기,0,24.44,0.0,55.25,44.74,0.67,43.77
1238148233,주식회사히타치터미널솔루션즈코리아,2024,성숙기,0,53.17,0.0,58.94,35.26,0.39,50.11
1238148271,(주)월드이엔씨,2015,조정기,0,38.29,28.5,0.0,41.57,8.75,52.55
1238148271,(주)월드이엔씨,2016,조정기,0,35.48,33.5,19.68,43.91,78.24,89.05
1238148271,(주)월드이엔씨,2017,조정기,0,0.0,35.9,24.1,44.97,45.66,29.81
1238148271,(주)월드이엔씨,2018,성숙기,0,56.96,0.0,92.35,48.29,9.18,25.74
1238148271,(주)월드이엔씨,2019,성숙기,0,44.21,0.0,100.0,47.9,0.59,44.88
1238148271,(주)월드이엔씨,2020,성숙기,0,100.0,0.0,62.42,61.52,0.96,50.87
1238148271,(주)월드이엔씨,2021,성숙기,0,25.99,0.0,38.9,53.32,44.98,73.68
1238148271,(주)월드이엔씨,2022,성장기,0,44.25,3.1,54.23,32.73,24.88,35.08
1238148271,(주)월드이엔씨,2023,조정기,0,24.44,24.8,55.25,47.07,5.03,37.61
1238148271,(주)월드이엔씨,2024,성장기,0,53.17,16.0,58.94,37.61,0.33,47.65
1238150137,대창금형주식회사,2015,성장기,0,38.29,0.0,0.0,49.87,0.25,50.0
1238150137,대창금형주식회사,2016,성숙기,0,35.48,0.0,19.68,57.35,0.23,50.86
1238150137,대창금형주식회사,2017,성숙기,0,0.0,0.0,24.1,55.91,3.42,50.25
1238150137,대창금형주식회사,2018,성숙기,0,56.96,0.0,92.35,56.54,4.98,47.14
1238150137,대창금형주식회사,2019,도입기,0,44.21,58.1,100.0,56.29,4.95,49.66
1238150137,대창금형주식회사,2020,도입기,0,100.0,68.6,62.42,61.73,0.09,47.99
1238150137,대창금형주식회사,2021,성장기,0,25.99,1.9,38.9,52.98,0.54,49.11
1238150137,대창금형주식회사,2022,쇠퇴기,0,44.25,100.0,54.23,36.54,13.26,54.82
1238150137,대창금형주식회사,2023,쇠퇴기,0,24.44,100.0,55.25,50.06,64.07,78.57
1238150137,대창금형주식회사,2024,쇠퇴기,0,53.17,100.0,58.94,40.58,63.94,49.96
1238152339,레이저앤피직스,2017,성장기,0,0.0,1.7,24.1,48.92,3.98,48.42
1238152339,레이저앤피직스,2018,도입기,0,56.96,75.8,92.35,49.91,42.7,68.16
1238152339,레이저앤피직스,2019,성숙기,0,44.21,0.0,100.0,51.55,3.98,28.0
1238152339,레이저앤피직스,2020,조정기,0,100.0,22.0,62.42,60.73,0.08,48.52
1238152339,레이저앤피직스,2021,성숙기,0,25.99,0.0,38.9,39.07,52.18,78.24
1238153245,(주)유진테크,2015,성숙기,0,38.29,5.6,0.0,33.57,1.21,50.46
1238153245,(주)유진테크,2016,성숙기,0,35.48,0.0,19.68,54.51,0.61,50.54
1238153245,(주)유진테크,2017,성숙기,0,0.0,0.0,24.1,59.17,6.6,51.87
1238153245,(주)유진테크,2018,성숙기,0,56.96,0.0,92.35,55.92,0.81,42.99
1238153245,(주)유진테크,2019,성숙기,0,44.21,0.0,100.0,45.51,1.04,49.82
1238153245,(주)유진테크,2020,성숙기,0,100.0,0.0,62.42,62.18,1.14,50.72
1238153245,(주)유진테크,2021,성숙기,0,25.99,0.0,38.9,56.81,0.42,48.46
1238153245,(주)유진테크,2022,성숙기,0,44.25,0.0,54.23,42.8,1.12,47.78
1238153245,(주)유진테크,2023,성숙기,0,24.44,0.0,55.25,55.17,1.39,49.02
1238153245,(주)유진테크,2024,성숙기,0,53.17,0.0,58.94,44.64,1.0,50.04
1238158255,나이스몰드주식회사,2019,성장기,0,44.21,2.1,100.0,51.55,13.0,49.68
1238158255,나이스몰드주식회사,2020,성장기,0,100.0,0.8,62.42,60.99,8.16,48.0
1238158255,나이스몰드주식회사,2021,성장기,0,25.99,1.9,38.9,54.41,16.19,53.4
1238158255,나이스몰드주식회사,2022,성숙기,0,44.25,0.0,54.23,36.01,2.93,39.43
1238160561,(주)이에스,2018,성장기,0,56.96,1.0,92.35,49.91,24.33,46.26
1238160561,(주)이에스,2019,쇠퇴기,0,44.21,100.0,100.0,51.55,70.84,75.5
1238160561,(주)이에스,2020,조정기,1,100.0,22.0,62.42,60.99,81.49,56.44
1238161629,(주)네온테크,2015,성장기,0,38.29,0.0,0.0,34.24,86.48,58.81
1238161629,(주)네온테크,2016,조정기,0,35.48,33.5,19.68,52.68,7.53,7.28
1238161629,(주)네온테크,2017,조정기,0,0.0,35.9,24.1,56.34,32.02,62.55
1238161629,(주)네온테크,2018,성숙기,0,56.96,0.0,92.35,53.9,10.87,34.37
1238161629,(주)네온테크,2019,조정기,0,44.21,25.7,100.0,50.77,7.57,47.82
1238165019,진일프라스틱주식회사,2017,성장기,0,0.0,1.7,24.1,48.92,23.79,48.42
1238165019,진일프라스틱주식회사,2018,성장기,0,56.96,1.0,92.35,49.91,27.31,48.3
1238165019,진일프라스틱주식회사,2019,성장기,0,44.21,2.1,100.0,51.55,87.45,83.07
1238167507,에이앤피산업주식회사,2015,성장기,0,38.29,0.0,0.0,49.87,0.16,50.0
1238167507,에이앤피산업주식회사,2016,성장기,0,35.48,2.2,19.68,47.61,0.88,51.27
1238167507,에이앤피산업주식회사,2017,성장기,0,0.0,1.7,24.1,49.69,2.35,49.26
1238167507,에이앤피산업주식회사,2018,쇠퇴기,0,56.96,100.0,92.35,49.27,77.36,88.68
1238167507,에이앤피산업주식회사,2019,성장기,0,44.21,2.1,100.0,55.91,35.72,26.25
1238167507,에이앤피산업주식회사,2020,도입기,0,100.0,68.6,62.42,57.16,74.66,72.03
1238167507,에이앤피산업주식회사,2021,조정기,0,25.99,24.6,38.9,52.65,52.04,36.22
1238167507,에이앤피산업주식회사,2022,성숙기,0,44.25,0.0,54.23,35.9,5.25,19.38
1238167507,에이앤피산업주식회사,2023,성숙기,0,24.44,0.0,55.25,49.69,0.83,46.34
1238167507,에이앤피산업주식회사,2024,성숙기,0,53.17,0.0,58.94,39.33,4.51,52.29
1238170036,주식회사앤로보틱스,2019,성장기,0,44.21,2.1,100.0,51.55,7.12,49.68
1238170036,주식회사앤로보틱스,2020,도입기,0,100.0,68.6,62.42,60.99,7.96,51.12
1238170036,주식회사앤로보틱스,2021,조정기,0,25.99,24.6,38.9,54.41,0.33,44.57
1238170036,주식회사앤로보틱스,2022,성숙기,0,44.25,0.0,54.23,34.87,11.43,53.87
1238170036,주식회사앤로보틱스,2023,조정기,0,24.44,24.8,55.25,48.66,72.63,84.58
1238170036,주식회사앤로보틱스,2024,쇠퇴기,0,53.17,100.0,58.94,38.3,83.77,56.15
1238179338,신춘주식회사,2018,성장기,0,56.96,1.0,92.35,49.91,13.63,46.26
1238179338,신춘주식회사,2019,성장기,0,44.21,2.1,100.0,51.55,20.62,53.53
1238179338,신춘주식회사,2022,성장기,0,44.25,3.1,54.23,36.93,14.87,47.42
1238179338,신춘주식회사,2023,성장기,0,24.44,13.2,55.25,52.12,27.03,56.1
1238179338,신춘주식회사,2024,성장기,0,53.17,16.0,58.94,41.8,94.22,87.24
1238182677,주식회사제이에스케이,2015,성장기,0,38.29,0.0,0.0,49.87,8.41,51.83
1238182677,주식회사제이에스케이,2016,성장기,0,35.48,2.2,19.68,46.84,5.7,49.36
1238182677,주식회사제이에스케이,2017,성장기,0,0.0,1.7,24.1,55.23,5.24,48.16
1238182677,주식회사제이에스케이,2018,성숙기,0,56.96,0.0,92.35,55.18,4.77,46.0
1238182677,주식회사제이에스케이,2019,성숙기,0,44.21,0.0,100.0,54.91,39.43,68.96
1238182677,주식회사제이에스케이,2020,성장기,0,100.0,0.8,62.42,66.16,10.77,34.87
1238182677,주식회사제이에스케이,2021,성장기,0,25.99,1.9,38.9,57.73,8.87,47.81
1238182677,주식회사제이에스케이,2022,성장기,0,44.25,3.1,54.23,38.99,11.55,48.84
1238182677,주식회사제이에스케이,2023,쇠퇴기,0,24.44,100.0,55.25,52.28,86.56,92.62
1238182677,주식회사제이에스케이,2024,쇠퇴기,0,53.17,100.0,58.94,42.6,84.21,48.65
1238184957,(주)마이키,2015,성숙기,0,38.29,5.6,0.0,56.85,25.21,61.1
1238184957,(주)마이키,2016,도입기,0,35.48,82.9,19.68,47.56,35.61,56.53
1238184957,(주)마이키,2017,성장기,0,0.0,1.7,24.1,52.51,8.56,32.9
1238184957,(주)마이키,2018,쇠퇴기,0,56.96,100.0,92.35,49.77,18.32,51.79
1238184957,(주)마이키,2019,성숙기,0,44.21,0.0,100.0,49.33,4.78,42.1
1238184957,(주)마이키,2020,성숙기,0,100.0,0.0,62.42,58.86,14.73,56.13
1238184957,(주)마이키,2021,성숙기,0,25.99,0.0,38.9,52.01,5.36,43.6
1238184957,(주)마이키,2022,성숙기,0,44.25,0.0,54.23,36.29,28.11,60.63
1238184957,(주)마이키,2023,성숙기,0,24.44,0.0,55.25,49.92,0.35,33.05
1238184957,(주)마이키,2024,성숙기,0,53.17,0.0,58.94,39.85,6.9,53.88
1238198150,(주)디팜스테크,2015,성장기,0,38.29,0.0,0.0,49.87,8.17,50.22
1238198150,(주)디팜스테크,2016,성숙기,0,35.48,0.0,19.68,46.84,2.27,47.61
1238198150,(주)디팜스테크,2017,성장기,0,0.0,1.7,24.1,48.92,5.32,50.18
1238198150,(주)디팜스테크,2018,성장기,0,56.96,1.0,92.35,51.66,5.52,46.38
1238198150,(주)디팜스테크,2019,성장기,0,44.21,2.1,100.0,49.99,61.21,80.67
1238198150,(주)디팜스테크,2020,성장기,0,100.0,0.8,62.42,60.6,7.91,21.31
1238198150,(주)디팜스테크,2021,성장기,0,25.99,1.9,38.9,47.26,2.38,45.76
1238198150,(주)디팜스테크,2022,성장기,0,44.25,3.1,54.23,37.23,6.18,49.57
1238198150,(주)디팜스테크,2023,성장기,0,24.44,13.2,55.25,50.61,4.6,48.01
1238198150,(주)디팜스테크,2024,성장기,0,53.17,16.0,58.94,38.27,4.75,50.33
1238198276,(주)ATS엔지니어링,2015,쇠퇴기,0,38.29,100.0,0.0,58.91,92.52,97.51
1238198276,(주)ATS엔지니어링,2016,성숙기,0,35.48,0.0,19.68,39.61,78.78,43.11
1238198276,(주)ATS엔지니어링,2017,쇠퇴기,1,0.0,100.0,24.1,49.12,99.2,60.37
1238600461,앱스필,2018,성장기,0,56.96,1.0,92.35,49.91,8.68,46.26
1238600461,앱스필,2019,성장기,0,44.21,2.1,100.0,51.55,0.39,45.05
1238600461,앱스필,2020,성장기,0,100.0,0.8,62.42,60.99,2.9,52.05
1238600461,앱스필,2021,성장기,0,25.99,1.9,38.9,50.8,2.67,48.73
1238600461,앱스필,2022,성장기,0,44.25,3.1,54.23,34.62,6.28,49.47
1238600461,앱스필,2023,도입기,0,24.44,81.1,55.25,47.54,10.39,51.31
1238600461,앱스필,2024,조정기,0,53.17,27.2,58.94,38.01,1.51,45.33
1238605447,(주)제이이엠티,2015,성장기,0,38.29,0.0,0.0,49.87,38.63,65.84
1238605447,(주)제이이엠티,2016,성장기,0,35.48,2.2,19.68,46.84,15.18,37.9
1238605447,(주)제이이엠티,2017,성장기,0,0.0,1.7,24.1,46.05,18.69,50.47
1238605447,(주)제이이엠티,2018,성숙기,0,56.96,0.0,92.35,47.53,18.03,45.93
1238605447,(주)제이이엠티,2019,도입기,0,44.21,58.1,100.0,50.4,81.21,84.79
1238607260,주식회사두오텍,2018,도입기,0,56.96,75.8,92.35,49.91,23.57,46.26
1238607260,주식회사두오텍,2019,도입기,0,44.21,58.1,100.0,51.55,20.62,47.97
1238607260,주식회사두오텍,2023,도입기,0,24.44,81.1,55.25,50.57,30.81,48.85
1238607260,주식회사두오텍,2024,도입기,0,53.17,92.8,58.94,0.07,12.52,40.06
1238608712,주식회사에스에스텍,2018,조정기,0,56.96,38.0,92.35,49.91,10.04,46.26
1238608712,주식회사에스에스텍,2019,조정기,0,44.21,25.7,100.0,51.55,67.51,81.64
1238608712,주식회사에스에스텍,2020,조정기,0,100.0,22.0,62.42,60.99,98.32,67.53
1238609725,주식회사에이엘티,2015,성장기,0,38.29,0.0,0.0,46.98,42.53,52.47
1238609725,주식회사에이엘티,2016,조정기,0,35.48,33.5,19.68,34.05,35.44,46.88
1238609725,주식회사에이엘티,2017,조정기,0,0.0,35.9,24.1,40.78,32.53,46.81
1238609725,주식회사에이엘티,2018,조정기,0,56.96,38.0,92.35,47.11,29.44,44.59
1238609725,주식회사에이엘티,2019,성장기,0,44.21,2.1,100.0,47.59,19.97,44.32
1238609725,주식회사에이엘티,2020,성장기,0,100.0,0.8,62.42,60.54,21.79,51.65
1238609725,주식회사에이엘티,2021,성장기,0,25.99,1.9,38.9,60.82,20.86,48.37
1238609725,주식회사에이엘티,2022,성장기,0,44.25,3.1,54.23,40.4,23.15,48.46
1238609725,주식회사에이엘티,2023,성숙기,0,24.44,0.0,55.25,53.22,21.11,47.95
1238609725,주식회사에이엘티,2024,성숙기,0,53.17,0.0,58.94,42.97,21.06,50.16
1238610620,금오송풍기계,2022,도입기,0,44.25,70.4,54.23,36.93,21.71,47.42
1238610620,금오송풍기계,2023,성숙기,0,24.44,0.0,55.25,50.57,24.44,50.71
1238610620,금오송풍기계,2024,성숙기,0,53.17,0.0,58.94,40.55,19.68,47.55
1238613175,(주)필옵틱스,2015,도입기,0,38.29,65.4,0.0,73.22,82.88,54.16
1238613175,(주)필옵틱스,2016,도입기,0,35.48,82.9,19.68,70.29,0.15,5.21
1238613175,(주)필옵틱스,2017,성장기,0,0.0,1.7,24.1,79.82,0.26,48.48
1238613175,(주)필옵틱스,2018,성장기,0,56.96,1.0,92.35,70.05,89.52,96.73
1238613175,(주)필옵틱스,2019,도입기,0,44.21,58.1,100.0,82.74,81.27,44.8
1238613175,(주)필옵틱스,2020,도입기,1,100.0,68.6,62.42,56.64,42.52,29.28
1238620133,(주)신동아,2022,성장기,0,44.25,3.1,54.23,36.93,29.32,47.42
1238620133,(주)신동아,2023,도입기,0,24.44,81.1,55.25,50.57,31.93,50.73
1238620133,(주)신동아,2024,성숙기,0,53.17,0.0,58.94,40.55,56.93,63.94
1238621641,(주)shl,2018,도입기,0,56.96,75.8,92.35,49.91,5.86,46.26
1238621641,(주)shl,2019,성장기,0,44.21,2.1,100.0,51.55,0.17,46.5
1238621641,(주)shl,2020,성장기,0,100.0,0.8,62.42,60.99,3.29,52.38
1238621641,(주)shl,2021,성장기,0,25.99,1.9,38.9,57.65,86.87,95.99
1238621641,(주)shl,2022,쇠퇴기,0,44.25,100.0,54.23,29.83,18.66,6.42
1238621641,(주)shl,2023,성장기,0,24.44,13.2,55.25,43.42,9.66,43.85
1238621641,(주)shl,2024,쇠퇴기,0,53.17,100.0,58.94,34.09,5.91,48.16
1238621957,레이몰드(주),2015,조정기,0,38.29,28.5,0.0,41.65,92.96,90.66
1238621957,레이몰드(주),2016,성장기,0,35.48,2.2,19.68,51.88,90.18,49.13
1238621957,레이몰드(주),2017,성장기,1,0.0,1.7,24.1,54.74,93.29,50.41
1238628116,주)에스이테크,2022,성장기,0,44.25,3.1,54.23,36.93,5.25,47.42
1238628116,주)에스이테크,2023,성장기,0,24.44,13.2,55.25,50.57,14.66,54.39
1238628116,주)에스이테크,2024,성장기,0,53.17,16.0,58.94,40.55,98.78,96.63
1238629134,주식회사한울엔지니어링,2022,성숙기,0,44.25,0.0,54.23,36.93,3.74,47.42
1238629134,주식회사한울엔지니어링,2023,성숙기,0,24.44,0.0,55.25,50.57,12.88,54.21
1238629134,주식회사한울엔지니어링,2024,성숙기,0,53.17,0.0,58.94,40.55,19.72,53.99
1238630586,주식회사대한엔지니어링,2019,성장기,0,44.21,2.1,100.0,51.55,9.86,49.68
1238630586,주식회사대한엔지니어링,2020,성장기,0,100.0,0.8,62.42,60.99,25.1,59.03
1238630586,주식회사대한엔지니어링,2021,성장기,0,25.99,1.9,38.9,54.41,13.03,42.1
1238630586,주식회사대한엔지니어링,2022,성장기,0,44.25,3.1,54.23,38.31,10.42,45.69
1238630586,주식회사대한엔지니어링,2023,성장기,0,24.44,13.2,55.25,51.22,18.56,53.71
1238630586,주식회사대한엔지니어링,2024,성장기,0,53.17,16.0,58.94,40.91,20.41,51.22
1238631493,(주)리텍,2017,성숙기,0,0.0,0.0,24.1,48.92,6.27,48.42
1238631493,(주)리텍,2018,조정기,0,56.96,38.0,92.35,49.91,73.62,84.36
1238631493,(주)리텍,2023,도입기,0,24.44,81.1,55.25,50.57,91.0,48.85
1238631493,(주)리텍,2024,성숙기,0,53.17,0.0,58.94,30.6,4.39,2.14
1238633808,한인특수강주식회사,2017,성장기,0,0.0,1.7,24.1,48.92,11.87,48.42
1238633808,한인특수강주식회사,2018,도입기,0,56.96,75.8,92.35,49.91,87.43,89.01
1238633808,한인특수강주식회사,2019,조정기,0,44.21,25.7,100.0,51.55,16.23,9.76
1238633939,(주)샤인엔프라,2020,성장기,0,100.0,0.8,62.42,60.99,5.44,50.67
1238633939,(주)샤인엔프라,2021,성숙기,0,25.99,0.0,38.9,54.41,8.84,50.78
1238633939,(주)샤인엔프라,2022,성숙기,0,44.25,0.0,54.23,36.93,15.44,51.14
1238633939,(주)샤인엔프라,2023,성숙기,0,24.44,0.0,55.25,49.35,21.94,52.82
1238633939,(주)샤인엔프라,2024,성숙기,0,53.17,0.0,58.94,39.97,24.63,51.67
1238635621,(주)한성GT,2015,성장기,0,38.29,0.0,0.0,49.87,5.55,51.18
1238635621,(주)한성GT,2016,성장기,0,35.48,2.2,19.68,46.66,19.46,58.51
1238635621,(주)한성GT,2017,성장기,0,0.0,1.7,24.1,48.42,10.78,43.45
1238635621,(주)한성GT,2018,성장기,0,56.96,1.0,92.35,50.86,1.37,40.96
1238635621,(주)한성GT,2019,성장기,0,44.21,2.1,100.0,51.89,30.86,66.1
1238635621,(주)한성GT,2020,성장기,0,100.0,0.8,62.42,62.4,89.2,82.69
1238635621,(주)한성GT,2021,성장기,0,25.99,1.9,38.9,57.01,83.65,45.88
1238635621,(주)한성GT,2022,성장기,1,44.25,3.1,54.23,41.83,90.13,50.15
1238640162,엠에스테크놀러지(주),2019,성장기,0,44.21,2.1,100.0,51.55,4.21,49.68
1238640162,엠에스테크놀러지(주),2020,성장기,0,100.0,0.8,62.42,60.99,6.49,51.92
1238640162,엠에스테크놀러지(주),2021,성장기,0,25.99,1.9,38.9,54.41,20.42,56.72
1238640162,엠에스테크놀러지(주),2022,성장기,0,44.25,3.1,54.23,39.79,43.67,60.73
1238640162,엠에스테크놀러지(주),2023,성장기,0,24.44,13.2,55.25,52.94,22.58,37.12
1238640162,엠에스테크놀러지(주),2024,성장기,0,53.17,16.0,58.94,43.0,17.58,47.43
1238643062,(주)조은테크,2015,도입기,0,38.29,65.4,0.0,,26.76,57.03
1238643062,(주)조은테크,2016,성숙기,0,35.48,0.0,19.68,46.84,19.59,46.87
1238643062,(주)조은테크,2017,성숙기,0,0.0,0.0,24.1,48.92,7.84,41.68
1238643062,(주)조은테크,2018,성숙기,0,56.96,0.0,92.35,61.25,16.28,51.04
1238643062,(주)조은테크,2019,성숙기,0,44.21,0.0,100.0,60.75,7.62,44.82
1238643062,(주)조은테크,2020,성숙기,0,100.0,0.0,62.42,66.36,16.38,55.47
1238643062,(주)조은테크,2021,성숙기,0,25.99,0.0,38.9,59.6,6.2,43.15
1238643062,(주)조은테크,2022,성숙기,0,44.25,0.0,54.23,39.11,22.61,56.91
1238643062,(주)조은테크,2024,성장기,0,53.17,16.0,58.94,41.48,1.05,50.27
1238643820,주식회사크레셈,2020,성장기,0,100.0,0.8,62.42,60.99,3.35,50.67
1238643820,주식회사크레셈,2021,성장기,0,25.99,1.9,38.9,54.41,2.01,48.11
1238643820,주식회사크레셈,2022,성장기,0,44.25,3.1,54.23,36.93,10.03,52.05
1238643820,주식회사크레셈,2023,성숙기,0,24.44,0.0,55.25,54.01,10.79,49.41
1238643820,주식회사크레셈,2024,성숙기,0,53.17,0.0,58.94,43.9,91.08,94.53
1248106497,(주)스페코,2015,조정기,0,38.29,28.5,0.0,46.56,4.47,48.39
1248106497,(주)스페코,2016,성숙기,0,35.48,0.0,19.68,44.08,3.76,50.48
1248106497,(주)스페코,2017,성장기,0,0.0,1.7,24.1,44.32,46.64,73.13
1248106497,(주)스페코,2018,조정기,0,56.96,38.0,92.35,44.38,89.01,70.34
1248106497,(주)스페코,2019,조정기,0,44.21,25.7,100.0,50.62,0.27,0.0
1248106497,(주)스페코,2020,조정기,0,100.0,22.0,62.42,54.02,2.09,51.67
1248106497,(주)스페코,2021,조정기,0,25.99,24.6,38.9,49.14,1.31,48.43
1248106497,(주)스페코,2022,성숙기,0,44.25,0.0,54.23,30.33,52.25,77.16
1248106497,(주)스페코,2023,성숙기,0,24.44,0.0,55.25,44.75,78.74,64.91
1248106497,(주)스페코,2024,성숙기,1,53.17,0.0,58.94,36.2,84.6,53.21
1248114298,(주)제일엠앤에스,2015,조정기,0,38.29,28.5,0.0,57.92,10.72,50.69
1248114298,(주)제일엠앤에스,2016,성장기,0,35.48,2.2,19.68,66.36,52.56,73.84
1248114298,(주)제일엠앤에스,2017,도입기,0,0.0,70.3,24.1,67.06,60.35,53.02
1248114298,(주)제일엠앤에스,2018,성숙기,0,56.96,0.0,92.35,61.77,3.9,14.49
1248114298,(주)제일엠앤에스,2019,도입기,0,44.21,58.1,100.0,26.82,85.45,95.07
1248114298,(주)제일엠앤에스,2020,성장기,0,100.0,0.8,62.42,62.56,79.84,47.49
1248114298,(주)제일엠앤에스,2021,도입기,1,25.99,71.8,38.9,61.14,75.33,46.45
1248121921,주식회사프리마테크,2015,조정기,0,38.29,28.5,0.0,46.65,52.27,58.6
1248121921,주식회사프리마테크,2016,조정기,0,35.48,33.5,19.68,81.26,67.44,59.09
1248121921,주식회사프리마테크,2017,쇠퇴기,0,0.0,100.0,24.1,76.81,53.71,40.65
1248121921,주식회사프리마테크,2018,도입기,0,56.96,75.8,92.35,68.75,53.19,46.1
1248121921,주식회사프리마테크,2019,조정기,0,44.21,25.7,100.0,5.41,45.43,45.19
1248121921,주식회사프리마테크,2022,조정기,1,44.25,26.1,54.23,28.45,72.25,47.42
1248122556,(주)메타텍,2016,성장기,0,35.48,2.2,19.68,46.84,8.17,51.01
1248122556,(주)메타텍,2017,성숙기,0,0.0,0.0,24.1,48.92,43.16,68.6
1248122556,(주)메타텍,2018,쇠퇴기,0,56.96,100.0,92.35,49.91,11.04,28.2
1248122556,(주)메타텍,2019,성숙기,0,44.21,0.0,100.0,40.89,1.1,44.12
1248122556,(주)메타텍,2020,조정기,0,100.0,22.0,62.42,58.68,6.37,53.56
1248122556,(주)메타텍,2021,조정기,0,25.99,24.6,38.9,54.2,41.09,68.45
1248122556,(주)메타텍,2022,조정기,0,44.25,26.1,54.23,33.28,2.0,24.01
1248122556,(주)메타텍,2023,성숙기,0,24.44,0.0,55.25,47.38,16.15,57.1
1248122556,(주)메타텍,2024,성숙기,0,53.17,0.0,58.94,38.14,1.72,42.24
1248124568,(주)원천산업,2015,쇠퇴기,0,38.29,100.0,0.0,49.87,10.77,48.47
1248124568,(주)원천산업,2016,도입기,0,35.48,82.9,19.68,46.84,17.14,54.35
1248124568,(주)원천산업,2017,도입기,0,0.0,70.3,24.1,46.97,39.47,61.32
1248124568,(주)원천산업,2018,도입기,0,56.96,75.8,92.35,47.64,19.13,34.85
1248124568,(주)원천산업,2019,도입기,0,44.21,58.1,100.0,54.82,19.8,50.0
1248124568,(주)원천산업,2020,쇠퇴기,0,100.0,100.0,62.42,61.59,34.19,58.55
1248124568,(주)원천산업,2021,성장기,0,25.99,1.9,38.9,53.52,27.93,45.39
1248124568,(주)원천산업,2022,쇠퇴기,0,44.25,100.0,54.23,36.68,66.62,69.67
1248124568,(주)원천산업,2023,쇠퇴기,0,24.44,100.0,55.25,49.98,33.47,30.39
1248124568,(주)원천산업,2024,쇠퇴기,1,53.17,100.0,58.94,40.52,70.38,70.51
1248126514,(주)박원,2015,성숙기,0,38.29,5.6,0.0,53.7,1.09,49.7
1248126514,(주)박원,2016,성숙기,0,35.48,0.0,19.68,49.09,0.62,50.61
1248126514,(주)박원,2017,성숙기,0,0.0,0.0,24.1,50.99,0.62,48.41
1248126514,(주)박원,2018,성숙기,0,56.96,0.0,92.35,50.87,0.67,46.28
1248126514,(주)박원,2019,성숙기,0,44.21,0.0,100.0,51.51,7.57,53.53
1248126514,(주)박원,2020,성장기,0,100.0,0.8,62.42,63.01,0.9,47.0
1248126514,(주)박원,2021,조정기,0,25.99,24.6,38.9,55.92,0.75,48.78
1248126514,(주)박원,2022,성숙기,0,44.25,0.0,54.23,37.39,24.26,61.12
1248126514,(주)박원,2023,성숙기,0,24.44,0.0,55.25,51.03,40.19,58.41
1248126514,(주)박원,2024,성숙기,0,53.17,0.0,58.94,41.2,5.52,30.99
1248128884,(주)대성엔지니어링,2015,성숙기,0,38.29,5.6,0.0,56.12,1.07,44.55
1248128884,(주)대성엔지니어링,2016,성숙기,0,35.48,0.0,19.68,56.59,66.13,86.63
1248128884,(주)대성엔지니어링,2017,성숙기,0,0.0,0.0,24.1,57.83,3.24,12.31
1248128884,(주)대성엔지니어링,2018,도입기,0,56.96,75.8,92.35,57.4,62.84,79.97
1248128884,(주)대성엔지니어링,2019,성숙기,0,44.21,0.0,100.0,56.45,53.28,44.15
1248128884,(주)대성엔지니어링,2020,성숙기,0,100.0,0.0,62.42,65.02,0.49,21.6
1248128884,(주)대성엔지니어링,2021,성숙기,0,25.99,0.0,38.9,52.62,0.63,48.94
1248128884,(주)대성엔지니어링,2022,성숙기,0,44.25,0.0,54.23,38.17,73.16,89.81
1248128884,(주)대성엔지니어링,2023,조정기,0,24.44,24.8,55.25,51.4,0.56,7.53
1248128884,(주)대성엔지니어링,2024,성숙기,0,53.17,0.0,58.94,41.38,0.1,50.01
1248129068,한독기술주식회사,2015,성장기,0,38.29,0.0,0.0,47.52,27.69,18.72
1248129068,한독기술주식회사,2016,성장기,0,35.48,2.2,19.68,52.89,11.19,41.74
1248129068,한독기술주식회사,2017,성장기,0,0.0,1.7,24.1,55.89,75.44,85.48
1248129068,한독기술주식회사,2018,조정기,0,56.96,38.0,92.35,52.97,91.7,55.64
1248129068,한독기술주식회사,2019,성장기,0,44.21,2.1,100.0,56.85,14.31,6.31
1248129068,한독기술주식회사,2020,성숙기,0,100.0,0.0,62.42,53.3,54.15,72.55
1248129068,한독기술주식회사,2021,도입기,0,25.99,71.8,38.9,53.2,91.3,69.9
1248129068,한독기술주식회사,2022,조정기,0,44.25,26.1,54.23,34.66,16.41,2.46
1248129068,한독기술주식회사,2023,조정기,0,24.44,24.8,55.25,48.61,74.3,82.72
1248129068,한독기술주식회사,2024,조정기,0,53.17,27.2,58.94,39.8,41.05,31.65
1248129108,대형정밀(주),2015,성숙기,0,38.29,5.6,0.0,54.57,1.7,39.7
1248129108,대형정밀(주),2016,조정기,0,35.48,33.5,19.68,63.19,8.68,54.71
1248129108,대형정밀(주),2017,성장기,0,0.0,1.7,24.1,62.42,1.07,44.04
1248129108,대형정밀(주),2018,조정기,0,56.96,38.0,92.35,61.52,1.07,46.25
1248129108,대형정밀(주),2019,성숙기,0,44.21,0.0,100.0,55.67,0.62,49.44
1248129108,대형정밀(주),2020,성숙기,0,100.0,0.0,62.42,64.56,1.21,50.99
1248129108,대형정밀(주),2021,성숙기,0,25.99,0.0,38.9,59.68,8.15,52.78
1248129108,대형정밀(주),2022,조정기,0,44.25,26.1,54.23,37.74,12.15,49.62
1248129108,대형정밀(주),2023,조정기,0,24.44,24.8,55.25,51.06,59.15,76.33
1248129108,대형정밀(주),2024,조정기,0,53.17,27.2,58.94,41.06,41.82,40.48
1248130717,(주)진성티이씨,2015,성숙기,0,38.29,5.6,0.0,53.04,0.75,47.05
1248130717,(주)진성티이씨,2016,조정기,0,35.48,33.5,19.68,46.86,4.48,52.92
1248130717,(주)진성티이씨,2017,성장기,0,0.0,1.7,24.1,48.92,4.2,48.26
1248130717,(주)진성티이씨,2018,도입기,0,56.96,75.8,92.35,52.57,4.64,46.51
1248130717,(주)진성티이씨,2019,성장기,0,44.21,2.1,100.0,47.37,0.21,47.21
1248130717,(주)진성티이씨,2020,성숙기,0,100.0,0.0,62.42,61.29,0.37,50.75
1248130717,(주)진성티이씨,2021,도입기,0,25.99,71.8,38.9,57.34,4.65,51.28
1248130717,(주)진성티이씨,2022,성장기,0,44.25,3.1,54.23,41.42,0.2,44.72
1248130717,(주)진성티이씨,2023,성숙기,0,24.44,0.0,55.25,54.22,0.3,48.91
1248130717,(주)진성티이씨,2024,성장기,0,53.17,16.0,58.94,43.89,0.26,50.25
1248131531,주식회사일진,2017,도입기,0,0.0,70.3,24.1,48.92,7.1,48.42
1248131531,주식회사일진,2018,성숙기,0,56.96,0.0,92.35,49.91,8.3,46.95
1248131531,주식회사일진,2019,성장기,0,44.21,2.1,100.0,51.55,10.18,50.71
1248131531,주식회사일진,2020,성장기,0,100.0,0.8,62.42,58.92,87.97,93.41
1248131531,주식회사일진,2021,성장기,0,25.99,1.9,38.9,53.86,92.02,51.29
1248131531,주식회사일진,2022,성장기,0,44.25,3.1,54.23,38.39,13.9,0.56
1248131531,주식회사일진,2023,성숙기,0,24.44,0.0,55.25,51.99,9.61,46.53
1248131531,주식회사일진,2024,조정기,0,53.17,27.2,58.94,42.06,11.76,51.42
1248131958,(주)수산세보틱스,2015,성숙기,0,38.29,5.6,0.0,45.64,2.4,49.34
1248131958,(주)수산세보틱스,2016,성숙기,0,35.48,0.0,19.68,45.26,1.93,50.61
1248131958,(주)수산세보틱스,2017,성숙기,0,0.0,0.0,24.1,46.91,4.08,49.65
1248131958,(주)수산세보틱스,2018,성장기,0,56.96,1.0,92.35,49.87,43.67,68.65
1248131958,(주)수산세보틱스,2019,조정기,0,44.21,25.7,100.0,52.79,20.95,36.9
1248131958,(주)수산세보틱스,2020,성장기,0,100.0,0.8,62.42,47.82,2.07,40.27
1248131958,(주)수산세보틱스,2021,쇠퇴기,0,25.99,100.0,38.9,48.67,5.89,51.02
1248131958,(주)수산세보틱스,2022,성장기,0,44.25,3.1,54.23,41.59,5.0,46.79
1248131958,(주)수산세보틱스,2023,성장기,0,24.44,13.2,55.25,54.24,0.26,46.15
1248131958,(주)수산세보틱스,2024,성장기,0,53.17,16.0,58.94,44.2,0.47,50.38
1248135202,한국후지공업(주),2015,성숙기,0,38.29,5.6,0.0,50.31,0.28,50.22
1248135202,한국후지공업(주),2016,성숙기,0,35.48,0.0,19.68,44.26,0.09,50.77
1248135202,한국후지공업(주),2017,성숙기,0,0.0,0.0,24.1,47.26,0.11,48.42
1248135202,한국후지공업(주),2018,성숙기,0,56.96,0.0,92.35,49.29,4.81,48.91
1248135202,한국후지공업(주),2019,성숙기,0,44.21,0.0,100.0,53.19,0.32,47.18
1248135202,한국후지공업(주),2020,성숙기,0,100.0,0.0,62.42,61.31,1.13,51.11
1248135202,한국후지공업(주),2021,성숙기,0,25.99,0.0,38.9,55.75,1.07,48.83
1248135202,한국후지공업(주),2022,성숙기,0,44.25,0.0,54.23,39.15,57.3,80.26
1248135202,한국후지공업(주),2023,쇠퇴기,0,24.44,100.0,55.25,52.24,35.6,36.94
1248135202,한국후지공업(주),2024,성장기,0,53.17,16.0,58.94,41.97,67.55,67.77
1248135352,(주)쓰리젯,2015,성숙기,0,38.29,5.6,0.0,41.21,2.03,50.35
1248135352,(주)쓰리젯,2016,조정기,0,35.48,33.5,19.68,46.74,74.51,90.71
1248135352,(주)쓰리젯,2017,조정기,0,0.0,35.9,24.1,46.3,25.05,20.07
1248135352,(주)쓰리젯,2018,조정기,0,56.96,38.0,92.35,51.02,1.46,32.98
1248135352,(주)쓰리젯,2019,조정기,0,44.21,25.7,100.0,48.65,1.61,49.77
1248135352,(주)쓰리젯,2020,조정기,0,100.0,22.0,62.42,58.92,0.7,50.16
1248135352,(주)쓰리젯,2021,조정기,0,25.99,24.6,38.9,49.51,0.57,48.79
1248135352,(주)쓰리젯,2022,성숙기,0,44.25,0.0,54.23,35.06,0.73,47.47
1248135352,(주)쓰리젯,2023,성숙기,0,24.44,0.0,55.25,48.82,7.36,52.71
1248135352,(주)쓰리젯,2024,성숙기,0,53.17,0.0,58.94,39.37,0.77,46.6
1248135798,(주)대성후드텍,2015,성장기,0,38.29,0.0,0.0,46.85,1.78,46.61
1248135798,(주)대성후드텍,2016,성장기,0,35.48,2.2,19.68,43.17,1.04,50.47
1248135798,(주)대성후드텍,2017,성장기,0,0.0,1.7,24.1,50.88,26.6,63.14
1248135798,(주)대성후드텍,2018,성숙기,0,56.96,0.0,92.35,46.66,5.07,34.15
1248135798,(주)대성후드텍,2019,도입기,0,44.21,58.1,100.0,51.47,9.3,52.03
1248135798,(주)대성후드텍,2020,성숙기,0,100.0,0.0,62.42,52.05,9.18,50.59
1248135798,(주)대성후드텍,2021,성숙기,0,25.99,0.0,38.9,49.18,7.27,47.8
1248135798,(주)대성후드텍,2022,성숙기,0,44.25,0.0,54.23,30.4,8.97,48.29
1248135798,(주)대성후드텍,2023,성숙기,0,24.44,0.0,55.25,44.99,5.03,46.67
1248135798,(주)대성후드텍,2024,성숙기,0,53.17,0.0,58.94,35.78,5.81,50.68
1248136588,(주)워터웍스유진,2015,도입기,0,38.29,65.4,0.0,61.22,45.8,65.31
1248136588,(주)워터웍스유진,2016,성장기,0,35.48,2.2,19.68,45.27,53.5,55.0
1248136588,(주)워터웍스유진,2017,성숙기,0,0.0,0.0,24.1,46.02,35.1,37.93
1248136588,(주)워터웍스유진,2018,성숙기,0,56.96,0.0,92.35,50.38,35.73,46.7
1248136588,(주)워터웍스유진,2019,성숙기,0,44.21,0.0,100.0,50.73,45.65,55.09
1248136588,(주)워터웍스유진,2020,성장기,0,100.0,0.8,62.42,62.62,51.66,53.92
1248136588,(주)워터웍스유진,2021,성장기,0,25.99,1.9,38.9,56.99,61.11,54.27
1248136588,(주)워터웍스유진,2022,성장기,0,44.25,3.1,54.23,35.33,90.58,63.88
1248136588,(주)워터웍스유진,2023,성장기,0,24.44,13.2,55.25,49.09,37.77,19.25
1248136588,(주)워터웍스유진,2024,성장기,0,53.17,16.0,58.94,39.41,72.58,69.33
1248137613,주식회사신라정밀,2015,성숙기,0,38.29,5.6,0.0,50.06,1.53,36.81
1248137613,주식회사신라정밀,2016,성숙기,0,35.48,0.0,19.68,56.36,0.51,50.31
1248137613,주식회사신라정밀,2017,성장기,0,0.0,1.7,24.1,56.21,2.79,49.72
1248137613,주식회사신라정밀,2018,성숙기,0,56.96,0.0,92.35,54.35,25.85,59.3
1248137613,주식회사신라정밀,2019,성장기,0,44.21,2.1,100.0,49.77,15.63,43.92
1248137613,주식회사신라정밀,2020,도입기,0,100.0,68.6,62.42,57.99,6.19,45.46
1248137613,주식회사신라정밀,2021,쇠퇴기,0,25.99,100.0,38.9,54.43,49.09,73.07
1248137613,주식회사신라정밀,2022,성장기,0,44.25,3.1,54.23,33.21,57.32,51.6
1248137613,주식회사신라정밀,2023,성장기,1,24.44,13.2,55.25,47.2,43.84,41.72
1248141679,(주)유진기공,2015,성장기,0,38.29,0.0,0.0,45.53,35.65,58.31
1248141679,(주)유진기공,2016,성장기,0,35.48,2.2,19.68,44.8,43.03,54.85
1248141679,(주)유진기공,2017,쇠퇴기,0,0.0,100.0,24.1,47.25,53.81,54.72
1248141679,(주)유진기공,2018,쇠퇴기,0,56.96,100.0,92.35,48.36,87.03,65.18
1248141679,(주)유진기공,2019,쇠퇴기,0,44.21,100.0,100.0,53.39,20.42,12.32
1248141679,(주)유진기공,2020,쇠퇴기,0,100.0,100.0,62.42,58.82,31.82,56.91
1248141679,(주)유진기공,2021,성장기,0,25.99,1.9,38.9,54.3,34.03,50.16
1248141679,(주)유진기공,2022,성장기,0,44.25,3.1,54.23,37.82,28.72,43.86
1248141679,(주)유진기공,2023,성장기,0,24.44,13.2,55.25,51.33,23.11,45.94
1248141679,(주)유진기공,2024,성장기,0,53.17,16.0,58.94,41.49,24.81,51.12
1248142101,유니셈(주),2015,성장기,0,38.29,0.0,0.0,53.14,0.48,50.15
1248142101,유니셈(주),2016,조정기,0,35.48,33.5,19.68,48.96,6.01,53.91
1248142101,유니셈(주),2017,성장기,0,0.0,1.7,24.1,50.43,0.14,45.04
1248142101,유니셈(주),2018,성숙기,0,56.96,0.0,92.35,56.25,0.08,46.22
1248142101,유니셈(주),2019,성숙기,0,44.21,0.0,100.0,57.43,0.13,49.72
1248142101,유니셈(주),2020,성숙기,0,100.0,0.0,62.42,67.9,0.05,50.62
1248142101,유니셈(주),2021,성숙기,0,25.99,0.0,38.9,57.7,0.0,48.84
1248142101,유니셈(주),2022,성숙기,0,44.25,0.0,54.23,40.55,0.03,47.4
1248142101,유니셈(주),2023,성숙기,0,24.44,0.0,55.25,53.27,4.89,51.67
1248142101,유니셈(주),2024,성숙기,0,53.17,0.0,58.94,43.02,0.37,47.75
1248144133,금능정밀주식회사,2015,성숙기,0,38.29,5.6,0.0,43.62,32.57,68.03
1248144133,금능정밀주식회사,2016,성숙기,0,35.48,0.0,19.68,41.01,33.67,51.4
1248144133,금능정밀주식회사,2017,성숙기,0,0.0,0.0,24.1,45.07,0.44,29.34
1248144133,금능정밀주식회사,2018,성숙기,0,56.96,0.0,92.35,46.69,50.92,74.8
1248144133,금능정밀주식회사,2019,성숙기,0,44.21,0.0,100.0,53.5,54.18,51.33
1248144133,금능정밀주식회사,2020,성숙기,0,100.0,0.0,62.42,59.32,21.77,32.8
1248144133,금능정밀주식회사,2021,성숙기,0,25.99,0.0,38.9,47.22,31.17,54.2
1248144133,금능정밀주식회사,2022,성장기,0,44.25,3.1,54.23,36.24,61.5,64.74
1248144133,금능정밀주식회사,2023,성장기,0,24.44,13.2,55.25,49.64,79.36,60.0
1248144133,금능정밀주식회사,2024,쇠퇴기,1,53.17,100.0,58.94,40.5,84.68,52.91
1248144939,(주)동구,2015,성숙기,0,38.29,5.6,0.0,46.91,60.09,84.23
1248144939,(주)동구,2016,성장기,0,35.48,2.2,19.68,47.7,0.38,17.91
1248144939,(주)동구,2017,성숙기,0,0.0,0.0,24.1,49.53,0.06,48.23
1248144939,(주)동구,2018,조정기,0,56.96,38.0,92.35,49.34,0.64,46.58
1248144939,(주)동구,2019,조정기,0,44.21,25.7,100.0,50.73,1.03,49.91
1248144939,(주)동구,2020,조정기,0,100.0,22.0,62.42,59.73,0.82,50.55
1248144939,(주)동구,2021,성숙기,0,25.99,0.0,38.9,55.24,0.29,48.56
1248144939,(주)동구,2022,성숙기,0,44.25,0.0,54.23,39.33,0.92,47.75
1248144939,(주)동구,2023,성숙기,0,24.44,0.0,55.25,52.46,0.56,48.65
1248144939,(주)동구,2024,성숙기,0,53.17,0.0,58.94,41.89,0.62,50.3
1248145020,(주)부성엘티에스,2017,성장기,0,0.0,1.7,24.1,48.92,4.96,48.42
1248145020,(주)부성엘티에스,2018,성장기,0,56.96,1.0,92.35,49.91,60.12,77.46
1248145020,(주)부성엘티에스,2019,성장기,0,44.21,2.1,100.0,51.55,85.67,63.7
1248145020,(주)부성엘티에스,2020,조정기,0,100.0,22.0,62.42,62.75,9.06,8.47
1248148385,(주)이화에코시스템,2016,성숙기,0,35.48,0.0,19.68,46.84,20.33,51.01
1248148385,(주)이화에코시스템,2017,성숙기,0,0.0,0.0,24.1,48.92,11.92,43.61
1248148385,(주)이화에코시스템,2018,성숙기,0,56.96,0.0,92.35,49.91,89.09,89.92
1248148385,(주)이화에코시스템,2019,성숙기,0,44.21,0.0,100.0,52.28,12.86,6.96
1248148385,(주)이화에코시스템,2020,성숙기,0,100.0,0.0,62.42,57.35,1.83,44.59
1248148385,(주)이화에코시스템,2021,성숙기,0,25.99,0.0,38.9,46.67,7.05,51.81
1248148385,(주)이화에코시스템,2022,조정기,0,44.25,26.1,54.23,30.35,70.05,84.16
1248148819,(주)신태양,2015,성장기,0,38.29,0.0,0.0,48.37,28.97,63.24
1248148819,(주)신태양,2016,성장기,0,35.48,2.2,19.68,47.27,7.78,39.16
1248148819,(주)신태양,2017,성장기,0,0.0,1.7,24.1,50.96,8.66,48.94
1248148819,(주)신태양,2018,성숙기,0,56.96,0.0,92.35,50.32,40.76,64.43
1248148819,(주)신태양,2019,성숙기,0,44.21,0.0,100.0,53.01,6.13,30.28
1248148819,(주)신태양,2020,성숙기,0,100.0,0.0,62.42,61.26,7.4,51.36
1248148819,(주)신태양,2021,성숙기,0,25.99,0.0,38.9,57.33,58.49,77.68
1248148819,(주)신태양,2022,성숙기,0,44.25,0.0,54.23,39.92,53.67,43.85
1248148819,(주)신태양,2023,성숙기,0,24.44,0.0,55.25,53.01,5.87,21.71
1248148819,(주)신태양,2024,성숙기,0,53.17,0.0,58.94,42.45,5.81,50.22
1248150858,(주)디에이티신소재,2015,쇠퇴기,0,38.29,100.0,0.0,59.08,23.13,51.81
1248150858,(주)디에이티신소재,2016,조정기,0,35.48,33.5,19.68,51.71,21.46,49.91
1248150858,(주)디에이티신소재,2017,성장기,0,0.0,1.7,24.1,54.65,81.92,83.31
1248150858,(주)디에이티신소재,2018,조정기,0,56.96,38.0,92.35,54.81,21.36,12.22
1248150858,(주)디에이티신소재,2019,성장기,0,44.21,2.1,100.0,53.45,17.51,47.48
1248150858,(주)디에이티신소재,2020,성장기,0,100.0,0.8,62.42,59.21,9.04,46.0
1248150858,(주)디에이티신소재,2021,성장기,0,25.99,1.9,38.9,53.04,17.57,53.68
1248151293,(주)삼진테크,2015,성장기,0,38.29,0.0,0.0,49.87,0.27,50.26
1248151293,(주)삼진테크,2016,성장기,0,35.48,2.2,19.68,47.06,0.23,50.85
1248151293,(주)삼진테크,2017,성장기,0,0.0,1.7,24.1,48.3,0.68,48.67
1248151293,(주)삼진테크,2018,성장기,0,56.96,1.0,92.35,48.03,0.77,46.3
1248151293,(주)삼진테크,2019,성숙기,0,44.21,0.0,100.0,51.71,1.02,49.83
1248151293,(주)삼진테크,2020,성숙기,0,100.0,0.0,62.42,59.04,29.98,66.58
1248151293,(주)삼진테크,2021,조정기,0,25.99,24.6,38.9,50.8,6.3,35.56
1248151293,(주)삼진테크,2022,성숙기,0,44.25,0.0,54.23,35.24,1.0,44.2
1248151293,(주)삼진테크,2023,성숙기,0,24.44,0.0,55.25,49.05,0.98,48.85
1248151293,(주)삼진테크,2024,성숙기,0,53.17,0.0,58.94,39.46,26.93,64.58
1248152574,로체시스템즈(주),2015,조정기,0,38.29,28.5,0.0,63.83,2.1,21.32
1248152574,로체시스템즈(주),2016,도입기,0,35.48,82.9,19.68,79.05,4.55,52.22
1248152574,로체시스템즈(주),2017,성장기,0,0.0,1.7,24.1,79.07,11.82,52.61
1248152574,로체시스템즈(주),2018,도입기,0,56.96,75.8,92.35,88.39,55.94,71.23
1248152574,로체시스템즈(주),2019,도입기,0,44.21,58.1,100.0,91.75,5.58,21.47
1248152574,로체시스템즈(주),2020,도입기,0,100.0,68.6,62.42,80.74,0.5,47.87
1248152574,로체시스템즈(주),2021,조정기,0,25.99,24.6,38.9,56.56,0.1,48.64
1248152574,로체시스템즈(주),2022,성숙기,0,44.25,0.0,54.23,27.39,0.21,47.44
1248152574,로체시스템즈(주),2023,성숙기,0,24.44,0.0,55.25,42.5,0.16,48.82
1248152574,로체시스템즈(주),2024,성숙기,0,53.17,0.0,58.94,35.29,0.09,50.23
1248154932,한국운반기계공업(주),2015,성숙기,0,38.29,5.6,0.0,44.42,0.54,50.41
1248154932,한국운반기계공업(주),2016,성숙기,0,35.48,0.0,19.68,39.83,0.77,51.0
1248154932,한국운반기계공업(주),2017,성숙기,0,0.0,0.0,24.1,42.2,0.63,48.33
1248154932,한국운반기계공업(주),2018,조정기,0,56.96,38.0,92.35,43.36,1.57,46.78
1248154932,한국운반기계공업(주),2019,성숙기,0,44.21,0.0,100.0,51.49,0.31,48.99
1248154932,한국운반기계공업(주),2020,성숙기,0,100.0,0.0,62.42,50.49,2.96,52.12
1248154932,한국운반기계공업(주),2021,성숙기,0,25.99,0.0,38.9,51.53,0.31,47.37
1248154932,한국운반기계공업(주),2022,성숙기,0,44.25,0.0,54.23,34.0,2.26,48.52
1248154932,한국운반기계공업(주),2023,성숙기,0,24.44,0.0,55.25,47.85,1.95,48.69
1248154932,한국운반기계공업(주),2024,성숙기,0,53.17,0.0,58.94,38.57,2.29,50.45
1248156226,플러스이엔지(주),2015,성장기,0,38.29,0.0,0.0,42.1,0.31,47.47
1248156226,플러스이엔지(주),2016,성숙기,0,35.48,0.0,19.68,61.14,0.43,50.94
1248156226,플러스이엔지(주),2017,성숙기,0,0.0,0.0,24.1,64.43,5.01,51.05
1248156226,플러스이엔지(주),2018,성장기,0,56.96,1.0,92.35,65.26,0.16,43.52
1248156226,플러스이엔지(주),2019,성숙기,0,44.21,0.0,100.0,60.81,0.88,50.09
1248156226,플러스이엔지(주),2020,성숙기,0,100.0,0.0,62.42,66.32,1.9,51.23
1248156226,플러스이엔지(주),2021,성숙기,0,25.99,0.0,38.9,56.09,6.1,51.23
1248156226,플러스이엔지(주),2022,성숙기,0,44.25,0.0,54.23,30.0,0.26,43.89
1248156226,플러스이엔지(주),2023,쇠퇴기,0,24.44,100.0,55.25,45.09,5.19,51.72
1248156226,플러스이엔지(주),2024,성숙기,0,53.17,0.0,58.94,36.82,0.34,47.57
1248157109,(주)에스에이씨,2015,성숙기,0,38.29,5.6,0.0,61.08,54.44,75.51
1248157109,(주)에스에이씨,2016,쇠퇴기,0,35.48,100.0,19.68,42.33,87.51,68.92
1248157109,(주)에스에이씨,2017,성숙기,0,0.0,0.0,24.1,43.36,12.48,5.36
1248157109,(주)에스에이씨,2018,도입기,0,56.96,75.8,92.35,50.25,20.4,50.77
1248157109,(주)에스에이씨,2019,성숙기,0,44.21,0.0,100.0,51.1,91.25,89.05
1248157109,(주)에스에이씨,2020,쇠퇴기,0,100.0,100.0,62.42,65.03,91.44,50.67
1248157109,(주)에스에이씨,2021,쇠퇴기,1,25.99,100.0,38.9,64.77,64.05,33.57
1248158020,디에스플랜트(주),2015,쇠퇴기,0,38.29,100.0,0.0,83.14,98.68,72.26
1248164371,씨알케이주식회사,2020,성장기,0,100.0,0.8,62.42,60.99,11.87,50.67
1248164371,씨알케이주식회사,2021,도입기,0,25.99,71.8,38.9,54.41,19.04,52.92
1248164371,씨알케이주식회사,2022,성숙기,0,44.25,0.0,54.23,36.93,9.09,41.33
1248164371,씨알케이주식회사,2023,도입기,0,24.44,81.1,55.25,51.7,66.57,82.39
1248164371,씨알케이주식회사,2024,성장기,0,53.17,16.0,58.94,41.87,86.27,60.89
1248164712,주식회사21세기,2017,성장기,0,0.0,1.7,24.1,48.92,5.87,48.42
1248164712,주식회사21세기,2018,도입기,0,56.96,75.8,92.35,49.91,12.4,49.96
1248164712,주식회사21세기,2019,성숙기,0,44.21,0.0,100.0,51.55,6.08,46.14
1248164712,주식회사21세기,2020,성장기,0,100.0,0.8,62.42,63.12,5.64,50.41
1248164712,주식회사21세기,2021,조정기,0,25.99,24.6,38.9,55.14,29.96,62.59
1248164712,주식회사21세기,2022,성장기,0,44.25,3.1,54.23,31.92,61.36,65.38
1248164712,주식회사21세기,2023,조정기,0,24.44,24.8,55.25,46.68,76.17,58.22
1248164712,주식회사21세기,2024,성장기,1,53.17,16.0,58.94,37.6,86.56,55.72
1248165026,프리시스(주),2015,성장기,0,38.29,0.0,0.0,61.36,12.67,47.9
1248165026,프리시스(주),2016,성장기,0,35.48,2.2,19.68,47.4,10.98,49.92
1248165026,프리시스(주),2017,성숙기,0,0.0,0.0,24.1,49.17,13.29,49.76
1248165026,프리시스(주),2018,성장기,0,56.96,1.0,92.35,53.45,8.95,43.83
1248165026,프리시스(주),2019,성장기,0,44.21,2.1,100.0,54.53,86.89,93.04
1248165026,프리시스(주),2020,성장기,0,100.0,0.8,62.42,66.76,6.65,6.48
1248165026,프리시스(주),2021,조정기,0,25.99,24.6,38.9,48.43,5.99,48.5
1248165026,프리시스(주),2022,조정기,0,44.25,26.1,54.23,34.49,16.12,53.24
1248165026,프리시스(주),2023,조정기,0,24.44,24.8,55.25,48.34,39.48,62.63
1248165026,프리시스(주),2024,조정기,0,53.17,27.2,58.94,39.3,65.77,64.63
1248166103,주식회사세스텍,2015,쇠퇴기,0,38.29,100.0,0.0,49.87,5.95,28.34
1248166103,주식회사세스텍,2016,성숙기,0,35.48,0.0,19.68,48.44,10.59,53.41
1248166103,주식회사세스텍,2017,성숙기,0,0.0,0.0,24.1,48.63,5.56,45.53
1248166103,주식회사세스텍,2018,성숙기,0,56.96,0.0,92.35,49.91,3.27,44.97
1248166103,주식회사세스텍,2019,성숙기,0,44.21,0.0,100.0,49.24,7.66,52.12
1248166103,주식회사세스텍,2020,성숙기,0,100.0,0.0,62.42,67.76,46.83,72.19
1248166103,주식회사세스텍,2021,쇠퇴기,0,25.99,100.0,38.9,49.85,5.23,25.48
1248166103,주식회사세스텍,2022,성숙기,0,44.25,0.0,54.23,27.53,1.69,45.24
1248166103,주식회사세스텍,2023,쇠퇴기,0,24.44,100.0,55.25,42.71,4.68,50.61
1248166103,주식회사세스텍,2024,성숙기,0,53.17,0.0,58.94,34.41,0.64,48.02
1248166272,(주)이엔씨테크놀로지,2015,쇠퇴기,1,38.29,100.0,0.0,49.87,97.46,53.87
1248166495,대한고열공업(주),2016,조정기,0,35.48,33.5,19.68,11.21,61.03,51.01
1248166495,대한고열공업(주),2017,성숙기,0,0.0,0.0,24.1,69.18,11.53,20.01
1248166495,대한고열공업(주),2018,성숙기,0,56.96,0.0,92.35,75.38,0.26,39.91
1248166495,대한고열공업(주),2019,성숙기,0,44.21,0.0,100.0,48.82,4.8,52.22
1248166495,대한고열공업(주),2020,성숙기,0,100.0,0.0,62.42,66.28,0.31,48.19
1248166495,대한고열공업(주),2021,성숙기,0,25.99,0.0,38.9,67.61,0.31,48.86
1248166495,대한고열공업(주),2022,성숙기,0,44.25,0.0,54.23,41.49,0.16,47.29
1248166495,대한고열공업(주),2023,성숙기,0,24.44,0.0,55.25,54.57,10.1,54.63
1248166495,대한고열공업(주),2024,성숙기,0,53.17,0.0,58.94,44.75,0.83,45.11
1248167704,(주)원익피앤이,2015,성장기,0,38.29,0.0,0.0,49.87,5.1,52.9
1248167704,(주)원익피앤이,2016,도입기,0,35.48,82.9,19.68,50.34,5.61,51.14
1248167704,(주)원익피앤이,2017,도입기,0,0.0,70.3,24.1,50.11,5.48,48.35
1248167704,(주)원익피앤이,2018,도입기,0,56.96,75.8,92.35,52.23,1.34,43.92
1248167704,(주)원익피앤이,2019,성장기,0,44.21,2.1,100.0,53.28,4.95,51.7
1248167704,(주)원익피앤이,2020,성장기,0,100.0,0.8,62.42,60.75,11.91,54.49
1248167704,(주)원익피앤이,2021,성장기,0,25.99,1.9,38.9,56.83,12.63,49.29
1248167704,(주)원익피앤이,2022,도입기,0,44.25,70.4,54.23,,58.1,73.83
1248167704,(주)원익피앤이,2023,도입기,0,24.44,81.1,55.25,46.54,63.23,52.55
1248167704,(주)원익피앤이,2024,도입기,0,53.17,92.8,58.94,37.4,87.96,63.68
1248169570,(주)에이앤아이,2015,도입기,0,38.29,65.4,0.0,74.5,75.23,69.12
1248169570,(주)에이앤아이,2016,도입기,0,35.48,82.9,19.68,34.53,6.83,13.1
1248169570,(주)에이앤아이,2017,도입기,0,0.0,70.3,24.1,55.27,0.68,44.88
1248169570,(주)에이앤아이,2018,성장기,0,56.96,1.0,92.35,60.73,9.35,51.15
1248169570,(주)에이앤아이,2019,성장기,0,44.21,2.1,100.0,81.95,4.67,47.06
1248169570,(주)에이앤아이,2020,성장기,0,100.0,0.8,62.42,79.61,4.16,50.38
1248169570,(주)에이앤아이,2021,성숙기,0,25.99,0.0,38.9,66.29,0.23,46.65
1248169570,(주)에이앤아이,2022,성장기,0,44.25,3.1,54.23,35.86,10.82,53.58
1248169570,(주)에이앤아이,2023,조정기,0,24.44,24.8,55.25,49.3,81.64,90.17
1248169570,(주)에이앤아이,2024,성장기,0,53.17,16.0,58.94,40.77,5.05,7.71
1248169866,나노윈주식회사,2015,성숙기,0,38.29,5.6,0.0,35.69,43.08,71.45
1248169866,나노윈주식회사,2016,성숙기,0,35.48,0.0,19.68,44.05,5.35,30.04
1248169866,나노윈주식회사,2017,성장기,0,0.0,1.7,24.1,46.01,5.57,48.55
1248169866,나노윈주식회사,2018,성장기,0,56.96,1.0,92.35,48.62,3.04,44.83
1248169866,나노윈주식회사,2019,성장기,0,44.21,2.1,100.0,46.97,12.32,54.85
1248169866,나노윈주식회사,2020,성장기,0,100.0,0.8,62.42,60.41,9.82,49.28
1248170233,(주)아이씨디,2015,성숙기,0,38.29,5.6,0.0,53.06,16.86,30.57
1248170233,(주)아이씨디,2016,성숙기,0,35.48,0.0,19.68,,5.54,44.61
1248170233,(주)아이씨디,2017,쇠퇴기,0,0.0,100.0,24.1,80.22,5.06,48.15
1248170233,(주)아이씨디,2018,성숙기,0,56.96,0.0,92.35,85.86,1.04,43.99
1248170233,(주)아이씨디,2019,성숙기,0,44.21,0.0,100.0,75.21,1.19,49.77
1248170233,(주)아이씨디,2020,성숙기,0,100.0,0.0,62.42,77.35,0.09,50.06
1248170233,(주)아이씨디,2021,성숙기,0,25.99,0.0,38.9,45.16,29.04,65.18
1248170233,(주)아이씨디,2022,조정기,0,44.25,26.1,54.23,22.09,66.6,69.0
1248170233,(주)아이씨디,2023,쇠퇴기,0,24.44,100.0,55.25,38.29,86.38,61.18
1248170233,(주)아이씨디,2024,도입기,1,53.17,92.8,58.94,32.05,74.9,43.62
1248170534,(주)예스티,2015,성장기,0,38.29,0.0,0.0,64.31,0.14,41.58
1248170534,(주)예스티,2016,성장기,0,35.48,2.2,19.68,61.72,5.42,53.78
1248170534,(주)예스티,2017,도입기,0,0.0,70.3,24.1,58.75,4.91,48.13
1248170534,(주)예스티,2018,도입기,0,56.96,75.8,92.35,69.56,76.17,86.56
1248170534,(주)예스티,2019,도입기,0,44.21,58.1,100.0,74.29,87.9,55.96
1248170534,(주)예스티,2020,성숙기,1,100.0,0.0,62.42,80.19,68.91,40.13
1248171120,(주)쎄크,2015,도입기,0,38.29,65.4,0.0,46.59,63.67,83.12
1248171120,(주)쎄크,2016,도입기,0,35.48,82.9,19.68,41.66,57.36,47.26
1248171120,(주)쎄크,2017,도입기,0,0.0,70.3,24.1,43.96,14.04,23.57
1248171120,(주)쎄크,2018,성장기,0,56.96,1.0,92.35,47.07,88.74,88.53
1248171120,(주)쎄크,2019,성장기,0,44.21,2.1,100.0,52.5,12.48,6.95
1248171120,(주)쎄크,2020,성장기,0,100.0,0.8,62.42,55.8,87.69,91.98
1248171120,(주)쎄크,2021,도입기,0,25.99,71.8,38.9,53.76,89.7,50.14
1248171120,(주)쎄크,2022,도입기,1,44.25,70.4,54.23,36.04,84.94,43.5
1248172532,(주)한양세미텍,2015,성숙기,0,38.29,5.6,0.0,56.33,0.22,49.98
1248172532,(주)한양세미텍,2016,성숙기,0,35.48,0.0,19.68,49.06,0.18,50.86
1248172532,(주)한양세미텍,2017,성숙기,0,0.0,0.0,24.1,48.57,4.9,51.13
1248172532,(주)한양세미텍,2018,성숙기,0,56.96,0.0,92.35,52.86,0.06,43.53
1248172532,(주)한양세미텍,2019,성숙기,0,44.21,0.0,100.0,58.21,4.36,52.09
1248172532,(주)한양세미텍,2020,성숙기,0,100.0,0.0,62.42,64.35,55.56,78.8
1248172532,(주)한양세미텍,2021,조정기,0,25.99,24.6,38.9,47.83,31.17,35.2
1248172532,(주)한양세미텍,2022,성숙기,0,44.25,0.0,54.23,32.89,1.2,29.47
1248172532,(주)한양세미텍,2023,성숙기,0,24.44,0.0,55.25,47.11,10.62,54.34
1248172532,(주)한양세미텍,2024,성숙기,0,53.17,0.0,58.94,38.99,0.64,44.72
1248173453,(주)필엔지니어링,2015,성숙기,0,38.29,5.6,0.0,54.13,23.25,51.0
1248173453,(주)필엔지니어링,2016,조정기,0,35.48,33.5,19.68,52.33,71.14,77.14
1248173453,(주)필엔지니어링,2023,조정기,0,24.44,24.8,55.25,57.01,54.6,48.85
1248173453,(주)필엔지니어링,2024,성장기,0,53.17,16.0,58.94,43.32,33.31,38.32
1248176412,(주)한국콤프에어,2015,성숙기,0,38.29,5.6,0.0,22.11,2.01,48.27
1248176412,(주)한국콤프에어,2016,성숙기,0,35.48,0.0,19.68,29.57,0.03,49.79
1248176412,(주)한국콤프에어,2017,성숙기,0,0.0,0.0,24.1,37.46,20.13,60.0
1248176412,(주)한국콤프에어,2018,성숙기,0,56.96,0.0,92.35,33.72,44.98,60.36
1248177560,주식회사에이프로,2015,성숙기,0,38.29,5.6,0.0,67.69,88.84,58.24
1248177560,주식회사에이프로,2016,쇠퇴기,0,35.48,100.0,19.68,40.91,14.74,9.94
1248177560,주식회사에이프로,2017,도입기,0,0.0,70.3,24.1,73.1,94.29,94.31
1248177560,주식회사에이프로,2018,도입기,0,56.96,75.8,92.35,53.42,39.0,15.23
1248177560,주식회사에이프로,2019,도입기,0,44.21,58.1,100.0,66.79,85.48,75.43
1248177560,주식회사에이프로,2020,쇠퇴기,0,100.0,100.0,62.42,79.83,94.31,55.42
1248177560,주식회사에이프로,2021,쇠퇴기,1,25.99,100.0,38.9,77.77,83.75,43.06
1248178405,(주)아이엠텍,2015,도입기,0,38.29,65.4,0.0,49.87,96.92,80.76
1248178405,(주)아이엠텍,2016,성장기,0,35.48,2.2,19.68,46.84,14.85,5.54
1248178405,(주)아이엠텍,2017,조정기,0,0.0,35.9,24.1,49.12,23.28,53.3
1248178405,(주)아이엠텍,2018,도입기,0,56.96,75.8,92.35,52.16,13.7,40.9
1248178405,(주)아이엠텍,2019,쇠퇴기,0,44.21,100.0,100.0,56.15,86.29,90.05
1248178405,(주)아이엠텍,2020,쇠퇴기,0,100.0,100.0,62.42,75.68,96.22,56.03
1248178405,(주)아이엠텍,2021,쇠퇴기,0,25.99,100.0,38.9,75.59,30.5,11.96
1248178405,(주)아이엠텍,2022,조정기,0,44.25,26.1,54.23,76.17,12.97,36.75
1248178405,(주)아이엠텍,2023,쇠퇴기,0,24.44,100.0,55.25,82.58,93.83,96.04
1248178405,(주)아이엠텍,2024,쇠퇴기,0,53.17,100.0,58.94,66.66,93.99,50.01
1248178477,(주)아셈텍,2016,성숙기,0,35.48,0.0,19.68,46.84,5.17,51.01
1248178477,(주)아셈텍,2017,성장기,0,0.0,1.7,24.1,48.92,6.08,48.95
1248178477,(주)아셈텍,2018,성숙기,0,56.96,0.0,92.35,49.91,0.74,43.24
1248178477,(주)아셈텍,2019,성숙기,0,44.21,0.0,100.0,57.25,0.65,49.64
1248178477,(주)아셈텍,2020,성숙기,0,100.0,0.0,62.42,60.77,0.72,50.7
1248178477,(주)아셈텍,2021,성숙기,0,25.99,0.0,38.9,56.09,1.45,49.27
1248178477,(주)아셈텍,2022,성숙기,0,44.25,0.0,54.23,34.48,1.11,47.16
1248178477,(주)아셈텍,2023,성숙기,0,24.44,0.0,55.25,48.71,1.23,48.93
1248178477,(주)아셈텍,2024,성숙기,0,53.17,0.0,58.94,38.99,0.92,50.09
1248178666,영광정공(주),2017,성장기,0,0.0,1.7,24.1,48.92,3.74,48.42
1248178666,영광정공(주),2018,성장기,0,56.96,1.0,92.35,49.91,0.48,44.42
1248178666,영광정공(주),2019,성장기,0,44.21,2.1,100.0,51.55,1.29,50.14
1248178666,영광정공(주),2023,조정기,0,24.44,24.8,55.25,53.66,1.95,48.85
1248178666,영광정공(주),2024,조정기,0,53.17,27.2,58.94,43.88,7.67,53.42
1248179097,(주)하나플랜트,2015,성장기,0,38.29,0.0,0.0,53.79,11.95,47.62
1248179097,(주)하나플랜트,2016,도입기,0,35.48,82.9,19.68,67.89,9.26,49.36
1248179097,(주)하나플랜트,2017,성장기,0,0.0,1.7,24.1,67.36,34.92,63.23
1248179097,(주)하나플랜트,2018,쇠퇴기,0,56.96,100.0,92.35,59.54,85.9,75.17
1248179097,(주)하나플랜트,2019,성숙기,0,44.21,0.0,100.0,54.29,10.33,7.34
1248179097,(주)하나플랜트,2020,성장기,0,100.0,0.8,62.42,60.4,83.5,90.87
1248179097,(주)하나플랜트,2021,성숙기,0,25.99,0.0,38.9,59.01,82.62,48.5
1248179097,(주)하나플랜트,2022,성숙기,0,44.25,0.0,54.23,38.96,42.85,23.11
1248179097,(주)하나플랜트,2023,성숙기,0,24.44,0.0,55.25,52.22,70.29,65.34
1248179097,(주)하나플랜트,2024,조정기,0,53.17,27.2,58.94,41.48,27.91,26.62
1248179699,(주)경진티알엠,2015,성숙기,0,38.29,5.6,0.0,54.7,64.59,86.68
1248179699,(주)경진티알엠,2016,도입기,0,35.48,82.9,19.68,38.41,13.8,22.81
1248179699,(주)경진티알엠,2017,도입기,0,0.0,70.3,24.1,41.69,40.91,64.07
1248179699,(주)경진티알엠,2018,성숙기,0,56.96,0.0,92.35,45.76,35.56,43.33
1248179699,(주)경진티알엠,2019,조정기,0,44.21,25.7,100.0,52.25,4.54,32.31
1248180691,인베니아(주),2015,성장기,0,38.29,0.0,0.0,49.87,8.82,17.65
1248180691,인베니아(주),2016,성숙기,0,35.48,0.0,19.68,56.88,6.81,49.75
1248180691,인베니아(주),2017,도입기,0,0.0,70.3,24.1,58.09,19.8,55.92
1248180691,인베니아(주),2018,성장기,0,56.96,1.0,92.35,61.66,6.28,38.66
1248180691,인베니아(주),2019,도입기,0,44.21,58.1,100.0,57.65,16.89,55.57
1248180691,인베니아(주),2020,조정기,0,100.0,22.0,62.42,65.22,40.65,63.7
1248180691,인베니아(주),2021,조정기,0,25.99,24.6,38.9,57.13,12.79,33.22
1248180691,인베니아(주),2022,조정기,0,44.25,26.1,54.23,37.5,86.18,90.16
1248180691,인베니아(주),2023,조정기,0,24.44,24.8,55.25,50.62,92.95,53.85
1248180691,인베니아(주),2024,쇠퇴기,1,53.17,100.0,58.94,41.36,91.74,49.26
1248181142,(주)이앤이,2020,성숙기,0,100.0,0.0,62.42,60.99,97.14,50.67
1248181142,(주)이앤이,2021,성숙기,0,25.99,0.0,38.9,77.3,56.56,26.14
1248181142,(주)이앤이,2022,성숙기,0,44.25,0.0,54.23,49.62,18.4,24.37
1248181142,(주)이앤이,2023,성숙기,0,24.44,0.0,55.25,65.86,51.21,68.16
1248181142,(주)이앤이,2024,쇠퇴기,0,53.17,100.0,58.94,56.24,91.32,72.21
1248182817,(주)베스텍,2016,도입기,0,35.48,82.9,19.68,46.84,7.48,51.01
1248182817,(주)베스텍,2017,도입기,0,0.0,70.3,24.1,48.92,8.43,48.98
1248182817,(주)베스텍,2018,도입기,0,56.96,75.8,92.35,49.91,1.61,42.42
1248182817,(주)베스텍,2019,성숙기,0,44.21,0.0,100.0,55.54,5.35,51.77
1248182817,(주)베스텍,2020,성숙기,0,100.0,0.0,62.42,64.88,1.7,48.66
1248182817,(주)베스텍,2021,성숙기,0,25.99,0.0,38.9,54.86,1.15,48.55
1248182817,(주)베스텍,2022,성숙기,0,44.25,0.0,54.23,42.61,4.31,49.21
1248182817,(주)베스텍,2023,성숙기,0,24.44,0.0,55.25,55.3,0.88,46.91
1248182817,(주)베스텍,2024,성숙기,0,53.17,0.0,58.94,45.23,0.19,49.89
1248182985,(주)삼윤,2022,성장기,0,44.25,3.1,54.23,36.93,13.72,47.42
1248182985,(주)삼윤,2023,성장기,0,24.44,13.2,55.25,50.57,64.35,78.46
1248182985,(주)삼윤,2024,성장기,0,53.17,16.0,58.94,40.55,82.65,60.13
1248185565,(주)성화우드라인,2018,성장기,0,56.96,1.0,92.35,49.91,17.74,46.26
1248185565,(주)성화우드라인,2019,쇠퇴기,0,44.21,100.0,100.0,51.55,21.99,52.0
1248185565,(주)성화우드라인,2020,쇠퇴기,0,100.0,100.0,62.42,60.99,21.9,50.59
1248185565,(주)성화우드라인,2021,쇠퇴기,0,25.99,100.0,38.9,51.73,23.01,49.52
1248185565,(주)성화우드라인,2022,조정기,0,44.25,26.1,54.23,36.66,95.01,89.22
1248185565,(주)성화우드라인,2023,쇠퇴기,0,24.44,100.0,55.25,49.81,91.71,48.11
1248185565,(주)성화우드라인,2024,쇠퇴기,1,53.17,100.0,58.94,40.34,94.98,51.73
1248188392,디아이비,2015,도입기,0,38.29,65.4,0.0,58.1,92.54,99.23
1248188392,디아이비,2016,도입기,0,35.48,82.9,19.68,9.04,99.68,54.58
1248188392,디아이비,2017,쇠퇴기,1,0.0,100.0,24.1,13.22,99.37,48.46
1248190694,(주)제론,2015,성숙기,0,38.29,5.6,0.0,49.87,0.75,39.4
1248190694,(주)제론,2016,성숙기,0,35.48,0.0,19.68,74.54,0.58,50.78
1248190694,(주)제론,2017,성숙기,0,0.0,0.0,24.1,65.58,4.34,50.58
1248190694,(주)제론,2018,조정기,0,56.96,38.0,92.35,86.02,0.01,43.81
1248190694,(주)제론,2019,조정기,0,44.21,25.7,100.0,71.86,3.73,51.76
1248190694,(주)제론,2020,조정기,0,100.0,22.0,62.42,67.02,0.25,48.75
1248190694,(주)제론,2021,성숙기,0,25.99,0.0,38.9,69.6,17.33,58.49
1248190694,(주)제론,2022,성숙기,0,44.25,0.0,54.23,33.34,1.32,37.8
1248190694,(주)제론,2023,성숙기,0,24.44,0.0,55.25,48.53,45.49,74.56
1248190694,(주)제론,2024,성숙기,0,53.17,0.0,58.94,,1.25,25.69
1248191558,진성기계주식회사,2015,성숙기,0,38.29,5.6,0.0,68.92,5.17,53.01
1248191558,진성기계주식회사,2016,성숙기,0,35.48,0.0,19.68,49.37,0.08,48.06
1248191558,진성기계주식회사,2017,성숙기,0,0.0,0.0,24.1,50.07,0.11,48.43
1248191558,진성기계주식회사,2018,성숙기,0,56.96,0.0,92.35,50.73,0.29,46.35
1248191558,진성기계주식회사,2019,성숙기,0,44.21,0.0,100.0,44.32,8.14,54.06
1248191558,진성기계주식회사,2020,성숙기,0,100.0,0.0,62.42,66.12,38.68,67.44
1248191558,진성기계주식회사,2021,쇠퇴기,0,25.99,100.0,38.9,62.15,36.38,47.63
1248191558,진성기계주식회사,2022,성장기,0,44.25,3.1,54.23,36.03,48.39,53.97
1248191558,진성기계주식회사,2023,쇠퇴기,0,24.44,100.0,55.25,50.61,72.46,63.44
1248191558,진성기계주식회사,2024,조정기,1,53.17,27.2,58.94,41.56,77.23,52.63
1248192692,(주)동양에프앤씨,2022,성장기,0,44.25,3.1,54.23,36.93,12.64,47.42
1248192692,(주)동양에프앤씨,2023,조정기,0,24.44,24.8,55.25,50.57,12.23,48.77
1248192692,(주)동양에프앤씨,2024,성숙기,0,53.17,0.0,58.94,40.55,6.87,47.26
1248195710,더세이프티(주),2015,성장기,0,38.29,0.0,0.0,41.6,15.96,51.94
1248195710,더세이프티(주),2016,조정기,0,35.48,33.5,19.68,37.66,62.35,76.33
1248195710,더세이프티(주),2017,성숙기,0,0.0,0.0,24.1,35.59,9.92,18.33
1248195710,더세이프티(주),2018,성숙기,0,56.96,0.0,92.35,32.04,31.69,58.59
1248195710,더세이프티(주),2019,성숙기,0,44.21,0.0,100.0,45.11,10.22,37.64
1248195710,더세이프티(주),2020,성장기,0,100.0,0.8,62.42,49.14,3.67,47.05
1248195710,더세이프티(주),2021,성숙기,0,25.99,0.0,38.9,45.21,17.24,56.52
1248195710,더세이프티(주),2022,성장기,0,44.25,3.1,54.23,34.01,8.9,42.3
1248195710,더세이프티(주),2023,조정기,0,24.44,24.8,55.25,48.1,1.93,44.9
1248195710,더세이프티(주),2024,성숙기,0,53.17,0.0,58.94,38.88,4.33,51.59
1248196252,(주)제이엔에스,2015,성장기,0,38.29,0.0,0.0,73.64,18.48,60.3
1248196252,(주)제이엔에스,2016,도입기,0,35.48,82.9,19.68,51.63,5.43,43.66
1248196252,(주)제이엔에스,2017,성숙기,0,0.0,0.0,24.1,64.33,45.57,71.56
1248196252,(주)제이엔에스,2018,성장기,0,56.96,1.0,92.35,50.53,26.38,35.52
1248196252,(주)제이엔에스,2019,성숙기,0,44.21,0.0,100.0,27.37,0.65,35.28
1248196252,(주)제이엔에스,2023,조정기,0,24.44,24.8,55.25,59.45,6.29,48.85
1248196252,(주)제이엔에스,2024,조정기,0,53.17,27.2,58.94,47.91,49.21,73.93
1248197213,대산공업(주),2015,성장기,0,38.29,0.0,0.0,37.97,6.15,52.38
1248197213,대산공업(주),2016,성장기,0,35.48,2.2,19.68,52.8,3.74,49.53
1248197213,대산공업(주),2017,성숙기,0,0.0,0.0,24.1,54.43,4.2,48.69
1248197213,대산공업(주),2018,성숙기,0,56.96,0.0,92.35,51.72,2.63,45.37
1248197213,대산공업(주),2019,성숙기,0,44.21,0.0,100.0,57.0,6.92,52.07
1248197213,대산공업(주),2020,조정기,0,100.0,22.0,62.42,66.98,71.56,86.19
1248197213,대산공업(주),2021,조정기,0,25.99,24.6,38.9,58.25,68.33,47.15
1248197213,대산공업(주),2022,성숙기,0,44.25,0.0,54.23,41.54,2.32,7.93
1248197213,대산공업(주),2023,성숙기,0,24.44,0.0,55.25,54.42,0.3,47.7
1248197213,대산공업(주),2024,성숙기,0,53.17,0.0,58.94,43.56,70.45,88.97
1248198492,씨앤지하이테크(주),2015,조정기,0,38.29,28.5,0.0,64.11,0.66,50.44
1248198492,씨앤지하이테크(주),2016,성숙기,0,35.48,0.0,19.68,57.46,0.13,50.58
1248198492,씨앤지하이테크(주),2017,성숙기,0,0.0,0.0,24.1,57.24,4.74,51.07
1248198492,씨앤지하이테크(주),2018,성장기,0,56.96,1.0,92.35,60.37,0.01,43.59
1248198492,씨앤지하이테크(주),2019,조정기,0,44.21,25.7,100.0,57.25,0.7,50.07
1248198492,씨앤지하이테크(주),2020,성숙기,0,100.0,0.0,62.42,59.47,0.15,50.36
1248198492,씨앤지하이테크(주),2021,도입기,0,25.99,71.8,38.9,57.44,5.22,51.72
1248198492,씨앤지하이테크(주),2022,성장기,0,44.25,3.1,54.23,34.19,0.15,44.35
1248198492,씨앤지하이테크(주),2023,성숙기,0,24.44,0.0,55.25,48.6,0.15,48.85
1248198492,씨앤지하이테크(주),2024,성장기,0,53.17,16.0,58.94,39.75,4.06,52.42
1248198532,(주)테크윙,2015,성장기,0,38.29,0.0,0.0,55.07,6.82,52.27
1248198532,(주)테크윙,2016,성장기,0,35.48,2.2,19.68,51.77,6.64,50.75
1248198532,(주)테크윙,2017,성장기,0,0.0,1.7,24.1,52.99,4.77,47.35
1248198532,(주)테크윙,2018,성장기,0,56.96,1.0,92.35,56.35,5.31,46.57
1248198532,(주)테크윙,2019,성숙기,0,44.21,0.0,100.0,58.65,6.25,50.2
1248198532,(주)테크윙,2020,성숙기,0,100.0,0.0,62.42,65.31,2.97,48.86
1248198532,(주)테크윙,2021,성장기,0,25.99,1.9,38.9,55.32,8.04,51.72
1248198532,(주)테크윙,2022,성장기,0,44.25,3.1,54.23,36.98,7.04,46.7
1248198532,(주)테크윙,2023,성장기,0,24.44,13.2,55.25,50.44,72.56,87.04
1248198532,(주)테크윙,2024,성장기,0,53.17,16.0,58.94,41.5,40.6,32.37
1248199846,(주)대부,2015,성장기,0,38.29,0.0,0.0,48.16,12.58,47.73
1248199846,(주)대부,2016,성장기,0,35.48,2.2,19.68,47.66,22.41,56.25
1248199846,(주)대부,2017,성장기,0,0.0,1.7,24.1,49.77,69.17,75.41
1248199846,(주)대부,2018,조정기,0,56.96,38.0,92.35,50.62,44.88,32.7
1248199846,(주)대부,2019,조정기,0,44.21,25.7,100.0,55.64,8.57,29.33
1248199846,(주)대부,2020,성장기,0,100.0,0.8,62.42,59.94,18.55,56.14
1248199846,(주)대부,2021,도입기,0,25.99,71.8,38.9,54.29,61.93,73.35
1248199846,(주)대부,2022,성숙기,0,44.25,0.0,54.23,38.85,53.41,41.64
1248199846,(주)대부,2023,성장기,0,24.44,13.2,55.25,52.03,41.84,42.78
1248199846,(주)대부,2024,성숙기,0,53.17,0.0,58.94,42.09,17.35,36.6
1248602666,하이텍주식회사,2015,조정기,0,38.29,28.5,0.0,49.87,62.26,50.98
1248602666,하이텍주식회사,2016,쇠퇴기,1,35.48,100.0,19.68,44.04,87.32,64.51
1248603802,주식회사네스타,2015,도입기,1,38.29,65.4,0.0,49.87,96.58,73.22
1248607579,(주)하나기술,2016,도입기,0,35.48,82.9,19.68,46.84,13.4,51.01
1248607579,(주)하나기술,2017,성장기,0,0.0,1.7,24.1,48.92,2.47,42.14
1248607579,(주)하나기술,2018,도입기,0,56.96,75.8,92.35,49.91,6.91,48.77
1248607579,(주)하나기술,2019,성장기,0,44.21,2.1,100.0,57.57,5.55,48.91
1248607579,(주)하나기술,2020,쇠퇴기,0,100.0,100.0,62.42,69.39,65.37,83.54
1248607579,(주)하나기술,2021,쇠퇴기,0,25.99,100.0,38.9,59.38,67.78,50.33
1248607579,(주)하나기술,2022,쇠퇴기,0,44.25,100.0,54.23,37.93,7.18,11.11
1248607579,(주)하나기술,2023,성숙기,0,24.44,0.0,55.25,51.03,66.67,83.54
1248607579,(주)하나기술,2024,도입기,0,53.17,92.8,58.94,41.18,88.91,62.29
1248609539,솔리드주식회사,2018,성숙기,0,56.96,0.0,92.35,49.91,6.14,46.26
1248609539,솔리드주식회사,2019,도입기,0,44.21,58.1,100.0,51.55,20.85,57.86
1248609539,솔리드주식회사,2020,도입기,0,100.0,68.6,62.42,60.99,16.85,48.45
1248609539,솔리드주식회사,2021,도입기,0,25.99,71.8,38.9,46.61,15.48,48.12
1248609539,솔리드주식회사,2022,도입기,0,44.25,70.4,54.23,35.09,28.51,54.82
1248609539,솔리드주식회사,2023,도입기,0,24.44,81.1,55.25,48.14,22.36,45.62
1248609539,솔리드주식회사,2024,도입기,0,53.17,92.8,58.94,39.37,17.52,47.51
1248609688,우성이엔디(주),2020,성장기,0,100.0,0.8,62.42,60.99,3.42,50.67
1248609688,우성이엔디(주),2021,성장기,0,25.99,1.9,38.9,54.41,0.3,47.11
1248609688,우성이엔디(주),2022,성장기,0,44.25,3.1,54.23,36.93,26.08,62.46
1248609688,우성이엔디(주),2023,성장기,0,24.44,13.2,55.25,51.85,75.85,78.12
1248609688,우성이엔디(주),2024,성장기,0,53.17,16.0,58.94,41.83,60.85,41.71
1248610394,마그넥스주식회사,2018,성장기,0,56.96,1.0,92.35,49.91,3.6,46.26
1248610394,마그넥스주식회사,2019,성숙기,0,44.21,0.0,100.0,51.55,1.22,48.36
1248610394,마그넥스주식회사,2021,성장기,0,25.99,1.9,38.9,54.41,0.54,48.84
1248610394,마그넥스주식회사,2022,성장기,0,44.25,3.1,54.23,43.47,1.26,47.8
1248610394,마그넥스주식회사,2023,성장기,0,24.44,13.2,55.25,55.9,24.09,62.14
1248610394,마그넥스주식회사,2024,성숙기,0,53.17,0.0,58.94,47.82,0.75,37.3
1248617932,(주)윈텍오토메이션,2022,성장기,0,44.25,3.1,54.23,36.93,3.43,47.42
1248617932,(주)윈텍오토메이션,2023,조정기,0,24.44,24.8,55.25,50.57,2.73,48.48
1248617932,(주)윈텍오토메이션,2024,쇠퇴기,0,53.17,100.0,58.94,40.55,38.85,70.18
1248617946,(주)월드에너지,2017,성장기,0,0.0,1.7,24.1,48.92,21.09,48.42
1248617946,(주)월드에너지,2018,성장기,0,56.96,1.0,92.35,49.91,0.82,34.84
1248617946,(주)월드에너지,2019,성장기,0,44.21,2.1,100.0,51.55,0.26,49.38
1248617946,(주)월드에너지,2020,성장기,0,100.0,0.8,62.42,60.63,0.69,50.9
1248617946,(주)월드에너지,2021,도입기,0,25.99,71.8,38.9,54.41,60.26,82.45
1248617946,(주)월드에너지,2022,도입기,0,44.25,70.4,54.23,35.25,11.69,18.23
1248617946,(주)월드에너지,2023,도입기,0,24.44,81.1,55.25,49.21,5.38,45.32
1248617946,(주)월드에너지,2024,성숙기,0,53.17,0.0,58.94,39.85,1.44,48.08
1248620228,주식회사비비테크,2015,조정기,0,38.29,28.5,0.0,48.84,41.03,58.94
1248620228,주식회사비비테크,2016,쇠퇴기,0,35.48,100.0,19.68,71.34,8.63,32.97
1248620228,주식회사비비테크,2017,도입기,0,0.0,70.3,24.1,69.14,5.58,46.68
1248620228,주식회사비비테크,2018,성숙기,0,56.96,0.0,92.35,67.96,5.0,45.94
1248620228,주식회사비비테크,2019,성장기,0,44.21,2.1,100.0,63.07,0.33,47.08
1248620228,주식회사비비테크,2020,도입기,0,100.0,68.6,62.42,60.06,77.83,93.26
1248620228,주식회사비비테크,2021,성장기,0,25.99,1.9,38.9,58.74,54.27,35.7
1248620228,주식회사비비테크,2022,도입기,0,44.25,70.4,54.23,46.98,10.31,21.0
1248620228,주식회사비비테크,2023,성장기,0,24.44,13.2,55.25,58.96,2.8,44.61
1248620228,주식회사비비테크,2024,성장기,0,53.17,16.0,58.94,45.07,8.67,53.49
1248621299,주식회사인스프로,2022,쇠퇴기,0,44.25,100.0,54.23,36.93,24.56,47.42
1248621299,주식회사인스프로,2023,쇠퇴기,0,24.44,100.0,55.25,50.57,94.45,89.8
1248621299,주식회사인스프로,2024,쇠퇴기,1,53.17,100.0,58.94,40.55,46.44,23.43
1248621998,에스엔에스필텍(주),2022,성장기,0,44.25,3.1,54.23,36.93,3.89,47.42
1248621998,에스엔에스필텍(주),2023,조정기,0,24.44,24.8,55.25,50.57,0.43,46.89
1248621998,에스엔에스필텍(주),2024,성숙기,0,53.17,0.0,58.94,40.55,0.32,50.2
1248622658,씨티피코리아주식회사,2019,성숙기,0,44.21,0.0,100.0,51.55,3.63,49.68
1248622658,씨티피코리아주식회사,2020,성숙기,0,100.0,0.0,62.42,60.99,0.14,48.74
1248622658,씨티피코리아주식회사,2021,성숙기,0,25.99,0.0,38.9,54.41,0.29,48.95
1248622658,씨티피코리아주식회사,2022,성숙기,0,44.25,0.0,54.23,32.54,0.72,47.63
1248622658,씨티피코리아주식회사,2023,성숙기,0,24.44,0.0,55.25,47.03,0.93,48.98
1248622658,씨티피코리아주식회사,2024,성숙기,0,53.17,0.0,58.94,36.94,3.9,51.9
1248622696,(주)신세계엔지니어링,2015,조정기,0,38.29,28.5,0.0,60.09,11.26,16.22
1248622696,(주)신세계엔지니어링,2016,쇠퇴기,0,35.48,100.0,19.68,70.69,52.97,73.77
1248622696,(주)신세계엔지니어링,2017,조정기,0,0.0,35.9,24.1,67.99,75.44,61.49
1248622696,(주)신세계엔지니어링,2018,쇠퇴기,1,56.96,100.0,92.35,64.17,59.41,37.38
1248624092,(주)토피도티엔에이,2015,쇠퇴기,0,38.29,100.0,0.0,55.16,53.78,72.64
1248624092,(주)토피도티엔에이,2016,조정기,0,35.48,33.5,19.68,32.92,86.5,68.73
1248624603,정도산업(주),2015,성장기,0,38.29,0.0,0.0,49.87,34.27,50.22
1248624603,정도산업(주),2016,쇠퇴기,0,35.48,100.0,19.68,46.84,88.47,80.58
1248624603,정도산업(주),2017,쇠퇴기,0,0.0,100.0,24.1,48.92,18.9,8.51
1248624603,정도산업(주),2018,쇠퇴기,0,56.96,100.0,92.35,44.6,91.51,87.36
1248624603,정도산업(주),2019,도입기,0,44.21,58.1,100.0,54.96,80.91,43.48
1248625048,주식회사에스알티,2021,성숙기,0,25.99,0.0,38.9,54.41,3.42,48.84
1248625048,주식회사에스알티,2022,조정기,0,44.25,26.1,54.23,36.93,0.06,45.37
1248625048,주식회사에스알티,2023,조정기,0,24.44,24.8,55.25,50.57,4.97,51.7
1248625048,주식회사에스알티,2024,조정기,0,53.17,27.2,58.94,40.96,0.03,47.53
1248625733,지성중공업(주),2015,조정기,0,38.29,28.5,0.0,44.34,36.83,24.43
1248625733,지성중공업(주),2016,조정기,0,35.48,33.5,19.68,49.41,18.12,40.51
1248625733,지성중공업(주),2017,조정기,0,0.0,35.9,24.1,50.77,26.4,53.23
1248625733,지성중공업(주),2018,조정기,0,56.96,38.0,92.35,52.24,18.79,42.02
1248625733,지성중공업(주),2019,조정기,0,44.21,25.7,100.0,50.82,16.88,48.56
1248625733,지성중공업(주),2020,조정기,0,100.0,22.0,62.42,59.4,13.91,49.02
1248625733,지성중공업(주),2021,조정기,0,25.99,24.6,38.9,53.19,30.02,57.96
1248625733,지성중공업(주),2022,성숙기,0,44.25,0.0,54.23,38.38,21.55,42.06
1248625733,지성중공업(주),2023,성숙기,0,24.44,0.0,55.25,51.64,16.95,46.44
1248625733,지성중공업(주),2024,성숙기,0,53.17,0.0,58.94,41.47,17.65,50.59
1248629743,오토윈주식회사,2015,성장기,0,38.29,0.0,0.0,49.87,1.55,13.01
1248629743,오토윈주식회사,2016,성장기,0,35.48,2.2,19.68,69.77,0.64,50.37
1248629743,오토윈주식회사,2017,성장기,0,0.0,1.7,24.1,67.14,41.06,71.71
1248629743,오토윈주식회사,2018,성장기,0,56.96,1.0,92.35,60.65,10.29,28.96
1248629743,오토윈주식회사,2019,쇠퇴기,0,44.21,100.0,100.0,51.49,54.84,74.46
1248629743,오토윈주식회사,2020,조정기,0,100.0,22.0,62.42,78.22,0.27,20.62
1248629743,오토윈주식회사,2021,쇠퇴기,0,25.99,100.0,38.9,65.73,6.91,52.6
1248629743,오토윈주식회사,2022,조정기,0,44.25,26.1,54.23,40.03,0.37,43.47
1248629743,오토윈주식회사,2023,쇠퇴기,0,24.44,100.0,55.25,53.49,65.42,86.68
1248630099,(주)금성테크,2016,성장기,0,35.48,2.2,19.68,46.84,21.98,51.01
1248630099,(주)금성테크,2017,성숙기,0,0.0,0.0,24.1,48.92,26.8,51.24
1248630099,(주)금성테크,2018,도입기,0,56.96,75.8,92.35,49.91,32.14,49.34
1248630099,(주)금성테크,2019,조정기,0,44.21,25.7,100.0,53.08,20.77,43.25
1248630099,(주)금성테크,2020,도입기,0,100.0,68.6,62.42,52.0,19.59,49.99
1248630099,(주)금성테크,2021,성숙기,0,25.99,0.0,38.9,50.02,15.07,46.35
1248630099,(주)금성테크,2022,조정기,0,44.25,26.1,54.23,34.72,22.21,51.37
1248630099,(주)금성테크,2023,쇠퇴기,0,24.44,100.0,55.25,48.43,30.6,54.0
1248630099,(주)금성테크,2024,성숙기,0,53.17,0.0,58.94,38.78,34.16,52.12
1248630478,파이니스트(주),2022,조정기,0,44.25,26.1,54.23,36.93,3.74,47.42
1248630478,파이니스트(주),2023,성숙기,0,24.44,0.0,55.25,50.57,0.16,46.81
1248630478,파이니스트(주),2024,쇠퇴기,0,53.17,100.0,58.94,40.55,64.36,85.69
1248631161,(주)제이엔비,2017,성장기,0,0.0,1.7,24.1,48.92,9.36,48.42
1248631161,(주)제이엔비,2018,성장기,0,56.96,1.0,92.35,49.91,8.97,46.06
1248631161,(주)제이엔비,2019,성장기,0,44.21,2.1,100.0,51.55,14.4,52.68
1248631161,(주)제이엔비,2020,성장기,0,100.0,0.8,62.42,60.2,7.76,47.0
1248631161,(주)제이엔비,2021,성장기,0,25.99,1.9,38.9,42.72,5.67,47.69
1248631161,(주)제이엔비,2022,성장기,0,44.25,3.1,54.23,30.7,8.14,48.76
1248631161,(주)제이엔비,2023,성숙기,0,24.44,0.0,55.25,45.06,30.73,62.09
1248631161,(주)제이엔비,2024,성장기,0,53.17,16.0,58.94,36.65,7.33,37.24
1248631287,(주)지앤비에스에코,2015,도입기,0,38.29,65.4,0.0,48.84,87.28,65.23
1248631287,(주)지앤비에스에코,2016,성숙기,1,35.48,0.0,19.68,39.52,73.12,42.89
1248631308,(주)신우에이엔티,2015,성숙기,0,38.29,5.6,0.0,53.53,4.0,49.06
1248631308,(주)신우에이엔티,2016,도입기,0,35.48,82.9,19.68,42.94,71.71,88.08
1248631308,(주)신우에이엔티,2017,성숙기,0,0.0,0.0,24.1,41.93,6.24,10.84
1248631308,(주)신우에이엔티,2018,성장기,0,56.96,1.0,92.35,72.13,4.33,45.19
1248631308,(주)신우에이엔티,2019,쇠퇴기,0,44.21,100.0,100.0,76.05,67.6,84.89
1248631308,(주)신우에이엔티,2020,성숙기,0,100.0,0.0,62.42,85.62,5.56,16.49
1248631308,(주)신우에이엔티,2021,성숙기,0,25.99,0.0,38.9,59.68,1.32,46.48
1248631308,(주)신우에이엔티,2022,성숙기,0,44.25,0.0,54.23,34.48,8.4,51.51
1248631308,(주)신우에이엔티,2023,쇠퇴기,0,24.44,100.0,55.25,48.18,64.26,81.44
1248631308,(주)신우에이엔티,2024,쇠퇴기,0,53.17,100.0,58.94,39.52,65.5,50.71
1248633515,(주)비와이텍,2017,성장기,0,0.0,1.7,24.1,48.92,11.28,48.42
1248633515,(주)비와이텍,2018,쇠퇴기,0,56.96,100.0,92.35,49.91,74.41,81.98
1248633515,(주)비와이텍,2019,조정기,0,44.21,25.7,100.0,51.55,19.0,18.6
1248633892,한솔아이원스(주),2015,성장기,0,38.29,0.0,0.0,53.37,68.68,87.94
1248633892,한솔아이원스(주),2016,도입기,0,35.48,82.9,19.68,43.82,91.95,63.5
1248633892,한솔아이원스(주),2017,도입기,0,0.0,70.3,24.1,46.59,40.58,19.01
1248633892,한솔아이원스(주),2018,도입기,0,56.96,75.8,92.35,50.72,43.47,48.0
1248633892,한솔아이원스(주),2019,조정기,0,44.21,25.7,100.0,50.35,84.41,72.33
1248633892,한솔아이원스(주),2020,성숙기,0,100.0,0.0,62.42,67.57,8.43,8.82
1248633892,한솔아이원스(주),2021,성숙기,0,25.99,0.0,38.9,57.62,3.37,46.03
1248633892,한솔아이원스(주),2022,성숙기,0,44.25,0.0,54.23,37.77,0.68,45.76
1248633892,한솔아이원스(주),2023,성숙기,0,24.44,0.0,55.25,51.07,2.06,49.66
1248633892,한솔아이원스(주),2024,성숙기,0,53.17,0.0,58.94,41.55,1.07,49.71
1248635639,팸텍(주),2015,쇠퇴기,0,38.29,100.0,0.0,49.87,27.55,50.22
1248635639,팸텍(주),2016,성숙기,0,35.48,0.0,19.68,46.84,8.72,40.46
1248635639,팸텍(주),2017,쇠퇴기,0,0.0,100.0,24.1,48.92,7.27,47.6
1248635639,팸텍(주),2018,성장기,0,56.96,1.0,92.35,15.61,73.89,83.95
1248635639,팸텍(주),2019,성장기,0,44.21,2.1,100.0,49.87,2.61,9.77
1248635639,팸텍(주),2020,성장기,0,100.0,0.8,62.42,71.03,1.97,50.31
1248635639,팸텍(주),2021,성장기,0,25.99,1.9,38.9,60.11,9.19,52.94
1248635639,팸텍(주),2022,성장기,0,44.25,3.1,54.23,41.44,0.23,42.03
1248635639,팸텍(주),2023,조정기,0,24.44,24.8,55.25,54.45,0.06,48.75
1248635639,팸텍(주),2024,도입기,0,53.17,92.8,58.94,44.42,62.58,84.77
1248636088,에이스공조(주),2018,성장기,0,56.96,1.0,92.35,49.91,10.5,46.26
1248636088,에이스공조(주),2019,성장기,0,44.21,2.1,100.0,51.55,0.25,43.95
1248636088,에이스공조(주),2020,성장기,0,100.0,0.8,62.42,60.99,16.33,59.5
1248636088,에이스공조(주),2021,성장기,0,25.99,1.9,38.9,50.81,5.77,42.94
1248636088,에이스공조(주),2022,성장기,0,44.25,3.1,54.23,37.58,65.85,82.46
1248636088,에이스공조(주),2023,쇠퇴기,0,24.44,100.0,55.25,50.68,18.19,21.94
1248636088,에이스공조(주),2024,성숙기,0,53.17,0.0,58.94,39.35,0.81,40.61
1248636832,(주)에이디엠,2015,조정기,0,38.29,28.5,0.0,52.05,43.48,44.03
1248636832,(주)에이디엠,2016,조정기,0,35.48,33.5,19.68,39.91,7.4,30.94
1248636832,(주)에이디엠,2017,조정기,0,0.0,35.9,24.1,59.86,9.91,49.88
1248636832,(주)에이디엠,2018,조정기,0,56.96,38.0,92.35,53.79,11.69,47.28
1248636832,(주)에이디엠,2019,조정기,0,44.21,25.7,100.0,68.82,6.55,46.79
1248636832,(주)에이디엠,2020,조정기,0,100.0,22.0,62.42,69.22,9.58,52.32
1248636832,(주)에이디엠,2021,조정기,0,25.99,24.6,38.9,62.6,9.43,48.79
1248636832,(주)에이디엠,2022,조정기,0,44.25,26.1,54.23,37.94,16.34,51.31
1248636832,(주)에이디엠,2023,조정기,0,24.44,24.8,55.25,51.22,10.07,45.4
1248636832,(주)에이디엠,2024,성숙기,0,53.17,0.0,58.94,40.97,6.87,48.46
1248637544,디아이티(주),2015,성장기,0,38.29,0.0,0.0,64.39,0.47,48.02
1248637544,디아이티(주),2016,쇠퇴기,0,35.48,100.0,19.68,63.8,6.93,54.43
1248637544,디아이티(주),2017,조정기,0,0.0,35.9,24.1,63.17,0.7,44.83
1248637544,디아이티(주),2018,성장기,0,56.96,1.0,92.35,62.31,9.41,51.18
1248637544,디아이티(주),2019,조정기,0,44.21,25.7,100.0,58.76,8.78,49.3
1248637544,디아이티(주),2020,조정기,0,100.0,22.0,62.42,55.37,73.61,86.29
1248637544,디아이티(주),2021,조정기,0,25.99,24.6,38.9,60.9,78.12,51.52
1248637544,디아이티(주),2022,조정기,0,44.25,26.1,54.23,57.91,26.61,16.29
1248637544,디아이티(주),2023,성숙기,0,24.44,0.0,55.25,68.1,6.31,37.37
1248637544,디아이티(주),2024,성숙기,0,53.17,0.0,58.94,55.38,0.49,47.03
1248639732,(주)미래보,2015,성숙기,0,38.29,5.6,0.0,49.87,0.88,50.18
1248639732,(주)미래보,2016,성장기,0,35.48,2.2,19.68,55.97,0.61,50.72
1248639732,(주)미래보,2017,성장기,0,0.0,1.7,24.1,53.49,0.16,48.15
1248639732,(주)미래보,2018,성장기,0,56.96,1.0,92.35,59.79,0.58,46.49
1248639732,(주)미래보,2019,성장기,0,44.21,2.1,100.0,59.48,1.46,50.18
1248639732,(주)미래보,2020,성장기,0,100.0,0.8,62.42,70.4,49.51,77.07
1248639732,(주)미래보,2021,성장기,0,25.99,1.9,38.9,64.65,0.92,21.55
1248639732,(주)미래보,2022,성숙기,0,44.25,0.0,54.23,46.36,1.23,47.55
1248639732,(주)미래보,2023,성장기,0,24.44,13.2,55.25,58.13,0.83,48.63
1248639732,(주)미래보,2024,성장기,0,53.17,16.0,58.94,46.31,2.42,51.14
1248644399,(주)케이엔에스,2018,성장기,0,56.96,1.0,92.35,49.91,3.33,46.26
1248644399,(주)케이엔에스,2019,성장기,0,44.21,2.1,100.0,51.55,0.1,47.88
1248644399,(주)케이엔에스,2020,성장기,0,100.0,0.8,62.42,60.99,0.47,50.87
1248644399,(주)케이엔에스,2021,성숙기,0,25.99,0.0,38.9,55.21,0.08,48.64
1248644399,(주)케이엔에스,2022,성장기,0,44.25,3.1,54.23,46.22,0.41,47.57
1248644399,(주)케이엔에스,2023,도입기,0,24.44,81.1,55.25,61.69,6.13,52.18
1248644399,(주)케이엔에스,2024,성장기,0,53.17,16.0,58.94,50.1,22.27,59.15
1248645103,주식회사젠스엠,2015,쇠퇴기,0,38.29,100.0,0.0,62.64,6.97,53.25
1248645103,주식회사젠스엠,2016,쇠퇴기,0,35.48,100.0,19.68,36.26,9.68,52.35
1248645103,주식회사젠스엠,2017,쇠퇴기,0,0.0,100.0,24.1,37.42,24.3,56.86
1248645103,주식회사젠스엠,2018,성숙기,0,56.96,0.0,92.35,43.43,16.09,41.67
1248645103,주식회사젠스엠,2019,성숙기,0,44.21,0.0,100.0,41.55,0.71,41.07
1248645103,주식회사젠스엠,2020,성숙기,0,100.0,0.0,62.42,60.08,5.59,53.35
1248645103,주식회사젠스엠,2021,성장기,0,25.99,1.9,38.9,57.91,1.09,46.34
1248645103,주식회사젠스엠,2022,성숙기,0,44.25,0.0,54.23,46.74,0.99,47.31
1248645103,주식회사젠스엠,2023,조정기,0,24.44,24.8,55.25,58.68,7.18,52.46
1248645103,주식회사젠스엠,2024,쇠퇴기,0,53.17,100.0,58.94,47.87,66.33,82.88
1248645118,(주)나우이엔지,2015,성장기,0,38.29,0.0,0.0,62.02,32.39,65.36
1248645118,(주)나우이엔지,2016,도입기,0,35.48,82.9,19.68,38.92,79.84,76.88
1248645118,(주)나우이엔지,2017,성장기,0,0.0,1.7,24.1,37.62,10.16,8.43
1248645118,(주)나우이엔지,2018,도입기,0,56.96,75.8,92.35,73.4,20.07,51.88
1248645118,(주)나우이엔지,2019,쇠퇴기,0,44.21,100.0,100.0,80.57,89.28,88.14
1248645118,(주)나우이엔지,2020,도입기,0,100.0,68.6,62.42,88.21,54.4,31.4
1248645118,(주)나우이엔지,2021,쇠퇴기,0,25.99,100.0,38.9,64.84,88.29,68.06
1248645118,(주)나우이엔지,2022,성장기,0,44.25,3.1,54.23,35.4,92.96,49.04
1248645118,(주)나우이엔지,2023,성장기,1,24.44,13.2,55.25,49.07,91.87,49.36
1248645267,주식회사디에스이엔지,2015,쇠퇴기,0,38.29,100.0,0.0,49.87,46.59,69.42
1248645573,주식회사모스펙,2015,성숙기,0,38.29,5.6,0.0,90.52,97.1,94.9
1248646290,(주)미래티이씨,2021,성숙기,0,25.99,0.0,38.9,54.41,3.29,48.84
1248646290,(주)미래티이씨,2022,조정기,0,44.25,26.1,54.23,36.93,0.9,45.94
1248646290,(주)미래티이씨,2023,성장기,0,24.44,13.2,55.25,50.57,13.52,56.2
1248646290,(주)미래티이씨,2024,성숙기,0,53.17,0.0,58.94,37.49,11.37,49.03
1248646591,(주)트리플코어스코리아,2020,성숙기,0,100.0,0.0,62.42,60.99,3.89,50.67
1248646591,(주)트리플코어스코리아,2021,성숙기,0,25.99,0.0,38.9,54.41,0.43,46.92
1248646591,(주)트리플코어스코리아,2022,성숙기,0,44.25,0.0,54.23,36.93,0.19,47.23
1248646591,(주)트리플코어스코리아,2023,조정기,0,24.44,24.8,55.25,53.54,58.01,82.48
1248647343,(주)에이유테크,2015,성장기,0,38.29,0.0,0.0,49.87,4.37,30.83
1248647343,(주)에이유테크,2016,성숙기,0,35.48,0.0,19.68,65.1,3.67,50.48
1248647343,(주)에이유테크,2017,성장기,0,0.0,1.7,24.1,61.07,7.2,50.45
1248647343,(주)에이유테크,2018,성숙기,0,56.96,0.0,92.35,69.11,88.11,92.03
1248647343,(주)에이유테크,2019,조정기,0,44.21,25.7,100.0,71.61,13.89,8.08
1248647343,(주)에이유테크,2020,성장기,0,100.0,0.8,62.42,54.31,78.8,86.33
1248647343,(주)에이유테크,2021,쇠퇴기,0,25.99,100.0,38.9,55.81,90.31,55.48
1248647737,(주)에스에프유,2015,조정기,0,38.29,28.5,0.0,82.29,1.24,50.55
1248647737,(주)에스에프유,2016,성숙기,0,35.48,0.0,19.68,56.26,0.19,50.3
1248647737,(주)에스에프유,2017,성숙기,0,0.0,0.0,24.1,61.05,0.28,48.46
1248647737,(주)에스에프유,2018,성숙기,0,56.96,0.0,92.35,58.88,0.44,46.34
1248647737,(주)에스에프유,2019,조정기,0,44.21,25.7,100.0,63.44,0.72,49.84
1248647737,(주)에스에프유,2020,조정기,0,100.0,22.0,62.42,71.37,0.49,50.54
1248647737,(주)에스에프유,2021,조정기,0,25.99,24.6,38.9,56.31,11.22,54.91
1248647737,(주)에스에프유,2022,성숙기,0,44.25,0.0,54.23,31.39,1.52,41.57
1248647737,(주)에스에프유,2023,쇠퇴기,0,24.44,100.0,55.25,46.15,66.4,86.6
1248648319,(주)상원,2020,성숙기,0,100.0,0.0,62.42,60.99,13.87,50.67
1248648319,(주)상원,2021,조정기,0,25.99,24.6,38.9,54.41,60.32,75.08
1248648319,(주)상원,2022,성장기,0,44.25,3.1,54.23,36.93,52.28,41.94
1248648319,(주)상원,2023,성장기,1,24.44,13.2,55.25,49.33,73.56,61.87
1248651022,반석공조시스템(주),2016,도입기,0,35.48,82.9,19.68,46.84,13.26,51.01
1248651022,반석공조시스템(주),2017,성숙기,0,0.0,0.0,24.1,48.92,13.33,48.48
1248651022,반석공조시스템(주),2018,쇠퇴기,0,56.96,100.0,92.35,49.91,73.51,80.32
1248654752,주식회사이에스티,2016,성장기,0,35.48,2.2,19.68,46.84,3.32,51.01
1248654752,주식회사이에스티,2017,성숙기,0,0.0,0.0,24.1,48.92,0.31,46.68
1248654752,주식회사이에스티,2018,쇠퇴기,0,56.96,100.0,92.35,49.91,5.14,48.98
1248654752,주식회사이에스티,2019,조정기,0,44.21,25.7,100.0,56.31,0.03,46.83
1248654752,주식회사이에스티,2020,성장기,0,100.0,0.8,62.42,61.53,2.55,52.05
1248654752,주식회사이에스티,2021,성장기,0,25.99,1.9,38.9,59.97,0.34,47.62
1248654752,주식회사이에스티,2022,성장기,0,44.25,3.1,54.23,45.01,0.12,47.25
1248654752,주식회사이에스티,2023,성장기,0,24.44,13.2,55.25,56.91,0.32,48.97
1248654752,주식회사이에스티,2024,성장기,0,53.17,16.0,58.94,46.07,0.15,50.17
1248657652,서진특수강정공(주),2015,성장기,0,38.29,0.0,0.0,49.87,13.82,50.22
1248657652,서진특수강정공(주),2016,쇠퇴기,0,35.48,100.0,19.68,46.84,19.17,53.79
1248657652,서진특수강정공(주),2017,성숙기,0,0.0,0.0,24.1,48.92,21.82,49.98
1248657652,서진특수강정공(주),2018,성장기,0,56.96,1.0,92.35,51.01,25.51,48.39
1248657652,서진특수강정공(주),2019,성숙기,0,44.21,0.0,100.0,49.76,90.65,85.86
1248658272,나노세미콘,2015,도입기,0,38.29,65.4,0.0,49.78,21.72,9.96
1248662121,(주)네오하나텍,2015,성장기,0,38.29,0.0,0.0,52.24,3.82,47.63
1248662121,(주)네오하나텍,2016,성장기,0,35.48,2.2,19.68,70.48,93.22,100.0
1248662121,(주)네오하나텍,2017,성장기,0,0.0,1.7,24.1,66.89,93.31,48.68
1248662121,(주)네오하나텍,2018,조정기,1,56.96,38.0,92.35,70.65,93.41,46.55
1248663101,아리온주식회사,2015,쇠퇴기,0,38.29,100.0,0.0,49.87,91.79,53.19
1248663101,아리온주식회사,2016,쇠퇴기,0,35.48,100.0,19.68,62.98,28.59,15.93
1248663101,아리온주식회사,2017,쇠퇴기,0,0.0,100.0,24.1,57.58,29.68,49.11
1248663101,아리온주식회사,2018,조정기,0,56.96,38.0,92.35,59.38,10.11,35.26
1248663101,아리온주식회사,2019,성장기,0,44.21,2.1,100.0,53.39,15.63,52.73
1248663101,아리온주식회사,2020,도입기,0,100.0,68.6,62.42,59.66,90.49,91.79
1248663154,대일몰드텍(주),2017,도입기,0,0.0,70.3,24.1,48.92,13.33,48.42
1248663154,대일몰드텍(주),2018,성숙기,0,56.96,0.0,92.35,49.91,35.7,58.94
1248663154,대일몰드텍(주),2019,성숙기,0,44.21,0.0,100.0,51.55,2.5,31.09
1248663154,대일몰드텍(주),2020,성숙기,0,100.0,0.0,62.42,59.22,5.74,52.44
1248663154,대일몰드텍(주),2021,성숙기,0,25.99,0.0,38.9,53.75,79.96,90.72
1248663154,대일몰드텍(주),2022,도입기,0,44.25,70.4,54.23,38.36,10.2,5.6
1248663154,대일몰드텍(주),2023,성숙기,0,24.44,0.0,55.25,51.73,6.87,47.04
1248663154,대일몰드텍(주),2024,도입기,0,53.17,92.8,58.94,41.5,10.34,52.16
1248664717,(주)두리엔,2015,성장기,0,38.29,0.0,0.0,46.15,59.95,82.82
1248664717,(주)두리엔,2016,성장기,0,35.48,2.2,19.68,43.76,3.54,19.73
1248664717,(주)두리엔,2017,도입기,0,0.0,70.3,24.1,46.3,86.75,96.39
1248664717,(주)두리엔,2018,성숙기,0,56.96,0.0,92.35,46.53,6.84,1.29
1248664717,(주)두리엔,2019,성숙기,0,44.21,0.0,100.0,47.21,2.75,47.39
1248664717,(주)두리엔,2020,성숙기,0,100.0,0.0,62.42,56.63,5.08,51.94
1248664717,(주)두리엔,2021,성장기,0,25.99,1.9,38.9,53.53,8.15,50.6
1248664717,(주)두리엔,2022,성장기,0,44.25,3.1,54.23,37.4,5.14,45.52
1248664717,(주)두리엔,2023,성숙기,0,24.44,0.0,55.25,50.83,1.66,46.89
1248664717,(주)두리엔,2024,성숙기,0,53.17,0.0,58.94,40.77,1.74,50.3
1248668649,지제이테크주식회사,2015,도입기,0,38.29,65.4,0.0,49.87,11.43,50.22
1248668649,지제이테크주식회사,2016,쇠퇴기,0,35.48,100.0,19.68,46.84,98.65,98.79
1248668649,지제이테크주식회사,2017,쇠퇴기,0,0.0,100.0,24.1,48.92,40.27,14.98
1248668649,지제이테크주식회사,2018,쇠퇴기,0,56.96,100.0,92.35,57.96,31.98,41.67
1248668649,지제이테크주식회사,2019,성장기,0,44.21,2.1,100.0,48.77,97.11,85.83
1248671557,주식회사삼일엘리베이터,2022,도입기,0,44.25,70.4,54.23,36.93,27.22,47.42
1248671557,주식회사삼일엘리베이터,2023,조정기,0,24.44,24.8,55.25,50.57,8.1,38.06
1248671557,주식회사삼일엘리베이터,2024,성숙기,0,53.17,0.0,58.94,40.55,8.6,50.51
1248673730,(주)원준,2020,성장기,0,100.0,0.8,62.42,60.99,20.92,50.67
1248673730,(주)원준,2021,도입기,0,25.99,71.8,38.9,54.41,6.17,40.58
1248673730,(주)원준,2022,쇠퇴기,0,44.25,100.0,54.23,36.93,5.13,46.7
1248673730,(주)원준,2023,성장기,0,24.44,13.2,55.25,49.35,0.64,46.3
1248673730,(주)원준,2024,조정기,0,53.17,27.2,58.94,40.6,5.39,52.88
1248675683,주식회사에이씨에스,2021,성숙기,0,25.99,0.0,38.9,54.41,3.83,48.84
1248675683,주식회사에이씨에스,2022,성장기,0,44.25,3.1,54.23,36.93,9.57,50.69
1248675683,주식회사에이씨에스,2023,조정기,0,24.44,24.8,55.25,50.57,15.01,52.13
1248675932,(주)이노시엠,2018,성숙기,0,56.96,0.0,92.35,49.91,3.37,46.26
1248675932,(주)이노시엠,2019,성장기,0,44.21,2.1,100.0,51.55,0.11,47.87
1248675932,(주)이노시엠,2020,성숙기,0,100.0,0.0,62.42,60.99,1.46,51.41
1248675932,(주)이노시엠,2021,성숙기,0,25.99,0.0,38.9,18.0,0.56,48.35
1248675932,(주)이노시엠,2022,성숙기,0,44.25,0.0,54.23,23.13,0.13,47.12
1248675932,(주)이노시엠,2023,성숙기,0,24.44,0.0,55.25,32.29,22.88,62.08
1248675932,(주)이노시엠,2024,성장기,0,53.17,16.0,58.94,27.1,33.0,55.76
1248678021,(주)신우엠테크,2019,성장기,0,44.21,2.1,100.0,51.55,4.46,49.68
1248678021,(주)신우엠테크,2020,성장기,0,100.0,0.8,62.42,60.99,21.62,60.09
1248678021,(주)신우엠테크,2021,성장기,0,25.99,1.9,38.9,54.41,2.11,37.9
1248678021,(주)신우엠테크,2022,성장기,0,44.25,3.1,54.23,42.33,11.5,52.85
1248678021,(주)신우엠테크,2023,성장기,0,24.44,13.2,55.25,54.62,1.03,42.9
1248678021,(주)신우엠테크,2024,성숙기,0,53.17,0.0,58.94,45.44,1.27,50.4
1248678152,옵티머스시스템(주),2022,성장기,0,44.25,3.1,54.23,36.93,27.25,47.42
1248678152,옵티머스시스템(주),2023,도입기,0,24.44,81.1,55.25,50.57,30.07,50.83
1248678152,옵티머스시스템(주),2024,도입기,0,53.17,92.8,58.94,40.55,29.79,50.0
1248678910,(주)세츠,2015,성장기,0,38.29,0.0,0.0,49.87,5.84,47.66
1248678910,(주)세츠,2016,도입기,0,35.48,82.9,19.68,48.92,75.53,89.16
1248678910,(주)세츠,2017,성장기,0,0.0,1.7,24.1,49.83,11.74,11.81
1248678910,(주)세츠,2018,성숙기,0,56.96,0.0,92.35,46.99,13.21,47.12
1248681036,주식회사노이드테크,2015,성장기,0,38.29,0.0,0.0,49.87,28.0,61.69
1248681036,주식회사노이드테크,2016,성장기,0,35.48,2.2,19.68,46.84,88.19,83.89
1248681036,주식회사노이드테크,2017,성장기,0,0.0,1.7,24.1,50.16,98.35,54.47
1248681036,주식회사노이드테크,2018,쇠퇴기,1,56.96,100.0,92.35,48.9,91.24,42.49
1248681147,(주)위너에코텍,2021,성숙기,0,25.99,0.0,38.9,54.41,4.66,48.84
1248681147,(주)위너에코텍,2022,성장기,0,44.25,3.1,54.23,36.93,1.37,45.4
1248681147,(주)위너에코텍,2023,성숙기,0,24.44,0.0,55.25,50.57,7.26,52.29
1248681147,(주)위너에코텍,2024,조정기,0,53.17,27.2,58.94,40.86,9.76,51.62
1248681958,(주)제이솔루션,2018,도입기,0,56.96,75.8,92.35,49.91,19.19,46.26
1248681958,(주)제이솔루션,2019,도입기,0,44.21,58.1,100.0,51.55,26.93,53.93
1248681958,(주)제이솔루션,2020,도입기,0,100.0,68.6,62.42,60.99,0.61,36.17
1248681958,(주)제이솔루션,2021,성장기,0,25.99,1.9,38.9,44.57,1.69,49.47
1248681958,(주)제이솔루션,2022,성장기,0,44.25,3.1,54.23,34.91,12.99,53.97
1248681958,(주)제이솔루션,2023,성장기,0,24.44,13.2,55.25,47.51,6.24,45.08
1248681958,(주)제이솔루션,2024,도입기,0,53.17,92.8,58.94,37.91,88.14,95.43
1248682559,하이퍼박주식회사,2018,성장기,0,56.96,1.0,92.35,49.91,4.77,46.26
1248682559,하이퍼박주식회사,2019,성장기,0,44.21,2.1,100.0,51.55,3.78,49.12
1248682559,하이퍼박주식회사,2020,성장기,0,100.0,0.8,62.42,60.99,0.74,48.99
1248682559,하이퍼박주식회사,2021,성장기,0,25.99,1.9,38.9,45.48,4.97,51.25
1248682559,하이퍼박주식회사,2022,조정기,0,44.25,26.1,54.23,34.76,75.2,88.4
1248682559,하이퍼박주식회사,2023,조정기,0,24.44,24.8,55.25,47.5,17.51,16.22
1248682559,하이퍼박주식회사,2024,조정기,0,53.17,27.2,58.94,38.29,11.84,47.08
1248682864,주식회사오디아이,2015,성숙기,0,38.29,5.6,0.0,49.87,2.05,51.09
1248682864,주식회사오디아이,2016,성숙기,0,35.48,0.0,19.68,33.26,25.78,63.91
1248682864,주식회사오디아이,2017,성숙기,0,0.0,0.0,24.1,37.84,2.78,35.21
1248682864,주식회사오디아이,2018,성장기,0,56.96,1.0,92.35,43.44,6.11,48.14
1248682864,주식회사오디아이,2019,성장기,0,44.21,2.1,100.0,57.38,45.43,71.55
1248682864,주식회사오디아이,2020,성장기,0,100.0,0.8,62.42,75.79,8.8,30.49
1248682864,주식회사오디아이,2021,도입기,0,25.99,71.8,38.9,55.79,93.64,96.71
1248682864,주식회사오디아이,2022,도입기,0,44.25,70.4,54.23,30.29,88.57,43.28
1248682864,주식회사오디아이,2023,성숙기,0,24.44,0.0,55.25,45.11,21.05,10.67
1248682864,주식회사오디아이,2024,성숙기,0,53.17,0.0,58.94,36.33,97.81,92.54
1248683484,윤헌플러스(주),2016,성숙기,0,35.48,0.0,19.68,46.84,3.31,51.01
1248683484,윤헌플러스(주),2017,성장기,0,0.0,1.7,24.1,48.92,0.03,46.53
1248683484,윤헌플러스(주),2018,쇠퇴기,0,56.96,100.0,92.35,49.91,67.11,84.18
1248683484,윤헌플러스(주),2019,성숙기,0,44.21,0.0,100.0,63.96,0.87,12.59
1248685288,디앤에이주식회사,2015,도입기,0,38.29,65.4,0.0,49.87,7.06,50.22
1248685288,디앤에이주식회사,2016,도입기,0,35.48,82.9,19.68,46.84,5.74,50.13
1248685288,디앤에이주식회사,2017,도입기,0,0.0,70.3,24.1,48.92,6.57,48.9
1248685288,디앤에이주식회사,2018,도입기,0,56.96,75.8,92.35,20.72,69.94,82.11
1248685288,디앤에이주식회사,2019,도입기,0,44.21,58.1,100.0,61.64,86.06,58.42
1248685288,디앤에이주식회사,2020,조정기,0,100.0,22.0,62.42,55.68,26.85,18.03
1248685288,디앤에이주식회사,2021,도입기,0,25.99,71.8,38.9,49.28,96.59,88.23
1248685288,디앤에이주식회사,2023,도입기,0,24.44,81.1,55.25,40.96,51.84,48.85
1248685288,디앤에이주식회사,2024,도입기,0,53.17,92.8,58.94,31.99,42.91,45.15
1248687267,(주)제이피이노베이션,2016,성장기,0,35.48,2.2,19.68,46.84,7.77,51.01
1248687267,(주)제이피이노베이션,2017,도입기,0,0.0,70.3,24.1,48.92,51.81,73.82
1248687267,(주)제이피이노베이션,2018,쇠퇴기,0,56.96,100.0,92.35,49.91,94.03,70.26
1248687267,(주)제이피이노베이션,2019,조정기,0,44.21,25.7,100.0,58.33,71.32,36.73
1248687267,(주)제이피이노베이션,2020,성숙기,1,100.0,0.0,62.42,58.82,52.48,40.24
1248688780,(주)유앤아이,2019,성숙기,0,44.21,0.0,100.0,51.55,3.63,49.68
1248688780,(주)유앤아이,2020,성숙기,0,100.0,0.0,62.42,60.99,0.01,48.67
1248688780,(주)유앤아이,2021,성숙기,0,25.99,0.0,38.9,54.41,0.0,48.86
1248688780,(주)유앤아이,2022,성숙기,0,44.25,0.0,54.23,36.39,0.0,47.38
1248688780,(주)유앤아이,2023,성숙기,0,24.44,0.0,55.25,49.89,0.0,48.85
1248688780,(주)유앤아이,2024,성숙기,0,53.17,0.0,58.94,39.87,0.06,50.3
1248692299,주식회사밸류테크,2018,성장기,0,56.96,1.0,92.35,49.91,3.69,46.26
1248692299,주식회사밸류테크,2019,성장기,0,44.21,2.1,100.0,51.55,0.66,48.0
1248692299,주식회사밸류테크,2020,성장기,0,100.0,0.8,62.42,60.99,1.28,51.01
1248692299,주식회사밸류테크,2021,성장기,0,25.99,1.9,38.9,53.55,2.28,49.43
1248692299,주식회사밸류테크,2022,성장기,0,44.25,3.1,54.23,37.44,1.2,46.72
1248692299,주식회사밸류테크,2023,성숙기,0,24.44,0.0,55.25,51.22,2.11,49.39
1248692299,주식회사밸류테크,2024,성숙기,0,53.17,0.0,58.94,41.44,0.97,49.63
1248693338,주식회사에스에이티텍,2018,성숙기,0,56.96,0.0,92.35,49.91,10.63,46.26
1248693338,주식회사에스에이티텍,2019,성숙기,0,44.21,0.0,100.0,51.55,3.1,45.47
1248693338,주식회사에스에이티텍,2020,성숙기,0,100.0,0.0,62.42,60.99,86.67,96.59
1248693338,주식회사에스에이티텍,2021,성장기,0,25.99,1.9,38.9,,6.85,4.0
1248694467,(주)케이엔케이,2015,성장기,0,38.29,0.0,0.0,49.87,2.1,48.26
1248694467,(주)케이엔케이,2016,성장기,0,35.48,2.2,19.68,46.84,6.54,53.31
1248694467,(주)케이엔케이,2017,성장기,0,0.0,1.7,24.1,47.57,2.79,46.26
1248694467,(주)케이엔케이,2018,성장기,0,56.96,1.0,92.35,49.72,5.78,47.95
1248694467,(주)케이엔케이,2019,성장기,0,44.21,2.1,100.0,48.05,7.28,50.5
1248694467,(주)케이엔케이,2020,성장기,0,100.0,0.8,62.42,64.45,83.16,92.36
1248694467,(주)케이엔케이,2021,성장기,0,25.99,1.9,38.9,57.66,42.96,26.33
1248694467,(주)케이엔케이,2022,도입기,0,44.25,70.4,54.23,37.85,83.65,70.66
1248694467,(주)케이엔케이,2023,쇠퇴기,0,24.44,100.0,55.25,51.2,86.59,51.6
1248694467,(주)케이엔케이,2024,조정기,0,53.17,27.2,58.94,41.42,13.16,9.43
1248700383,주식회사대형에프아이티,2016,쇠퇴기,0,35.48,100.0,19.68,46.84,13.57,51.01
1248700383,주식회사대형에프아이티,2017,성장기,0,0.0,1.7,24.1,48.92,0.68,41.01
1248700383,주식회사대형에프아이티,2018,성장기,0,56.96,1.0,92.35,49.91,3.33,47.75
1248700383,주식회사대형에프아이티,2019,성장기,0,44.21,2.1,100.0,65.2,79.22,91.91
1248700651,에스제이엠(주),2015,성장기,1,38.29,0.0,0.0,77.94,49.05,50.5
1248705317,주식회사에스아이,2022,성숙기,0,44.25,0.0,54.23,36.93,9.57,47.42
1248705317,주식회사에스아이,2023,조정기,0,24.44,24.8,55.25,50.57,6.07,46.93
1248705317,주식회사에스아이,2024,조정기,0,53.17,27.2,58.94,40.55,8.47,51.57
1248707450,주식회사매크로머신,2018,성장기,0,56.96,1.0,92.35,49.91,3.58,46.26
1248707450,주식회사매크로머신,2019,도입기,0,44.21,58.1,100.0,51.55,9.94,53.22
1248707450,주식회사매크로머신,2020,성장기,0,100.0,0.8,62.42,60.99,86.19,92.56
1248707450,주식회사매크로머신,2021,도입기,0,25.99,71.8,38.9,59.92,13.07,7.77
1248707450,주식회사매크로머신,2022,도입기,0,44.25,70.4,54.23,45.51,89.11,91.71
1248707450,주식회사매크로머신,2023,도입기,0,24.44,81.1,55.25,60.19,42.72,22.97
1248707450,주식회사매크로머신,2024,조정기,0,53.17,27.2,58.94,48.47,7.66,30.77
1248708177,주식회사에프피에이,2022,도입기,0,44.25,70.4,54.23,36.93,37.43,47.42
1248708177,주식회사에프피에이,2023,도입기,0,24.44,81.1,55.25,50.57,41.72,51.81
1248708177,주식회사에프피에이,2024,도입기,0,53.17,92.8,58.94,40.55,86.15,74.62
1248709123,노바메저링인스트루먼트코리아주식회사,2015,성숙기,0,38.29,5.6,0.0,49.87,4.74,50.22
1248709123,노바메저링인스트루먼트코리아주식회사,2016,성숙기,0,35.48,0.0,19.68,46.84,12.6,55.18
1248709123,노바메저링인스트루먼트코리아주식회사,2024,성숙기,0,53.17,0.0,58.94,40.55,2.14,50.27
1248711726,주식회사지에스아이,2016,성숙기,0,35.48,0.0,19.68,46.84,8.15,51.01
1248711726,주식회사지에스아이,2017,성숙기,0,0.0,0.0,24.1,48.92,1.16,44.4
1248711726,주식회사지에스아이,2018,성숙기,0,56.96,0.0,92.35,49.91,15.59,54.42
1248711726,주식회사지에스아이,2019,성숙기,0,44.21,0.0,100.0,73.9,4.05,43.21
1248711726,주식회사지에스아이,2020,성숙기,0,100.0,0.0,62.42,69.98,0.39,48.65
1248711726,주식회사지에스아이,2021,성장기,0,25.99,1.9,38.9,55.89,5.58,51.79
1248711726,주식회사지에스아이,2022,성장기,0,44.25,3.1,54.23,27.53,5.09,47.03
1248711726,주식회사지에스아이,2023,성장기,0,24.44,13.2,55.25,42.94,5.35,49.07
1248711726,주식회사지에스아이,2024,성장기,0,53.17,16.0,58.94,34.69,4.94,50.02
1248711935,인베니아브이주식회사,2016,성숙기,0,35.48,0.0,19.68,46.84,12.09,51.01
1248711935,인베니아브이주식회사,2017,도입기,0,0.0,70.3,24.1,48.92,22.38,54.37
1248711935,인베니아브이주식회사,2018,성숙기,0,56.96,0.0,92.35,49.91,11.72,40.28
1248713030,한주케미칼주식회사,2020,조정기,0,100.0,22.0,62.42,60.99,3.35,50.67
1248713030,한주케미칼주식회사,2021,성장기,0,25.99,1.9,38.9,54.41,0.39,47.2
1248713030,한주케미칼주식회사,2022,성숙기,0,44.25,0.0,54.23,36.93,0.47,47.42
1248713030,한주케미칼주식회사,2023,성숙기,0,24.44,0.0,55.25,49.29,16.48,58.17
1248713030,한주케미칼주식회사,2024,성숙기,0,53.17,0.0,58.94,40.77,18.98,51.58
1248714999,에이엠퍼시픽(주),2017,성장기,0,0.0,1.7,24.1,48.92,27.93,48.42
1248714999,에이엠퍼시픽(주),2018,성장기,0,56.96,1.0,92.35,49.91,32.31,48.8
1248714999,에이엠퍼시픽(주),2019,성장기,0,44.21,2.1,100.0,51.55,98.07,86.18
1248716148,(주)제이엠케이,2017,성장기,0,0.0,1.7,24.1,48.92,10.67,48.42
1248716148,(주)제이엠케이,2018,성장기,0,56.96,1.0,92.35,49.91,26.14,55.03
1248716148,(주)제이엠케이,2019,성장기,0,44.21,2.1,100.0,51.55,5.11,37.9
1248716148,(주)제이엠케이,2020,성장기,0,100.0,0.8,62.42,54.72,6.45,51.39
1248718976,(주)제이디티,2022,도입기,0,44.25,70.4,54.23,36.93,30.91,47.42
1248718976,(주)제이디티,2023,성장기,0,24.44,13.2,55.25,50.57,91.95,84.73
1248718976,(주)제이디티,2024,조정기,1,53.17,27.2,58.94,40.55,92.51,50.24
1248720147,(주)명신테크코리아,2015,성장기,0,38.29,0.0,0.0,49.87,56.96,78.21
1248720147,(주)명신테크코리아,2016,성장기,0,35.48,2.2,19.68,51.17,38.7,40.71
1248720147,(주)명신테크코리아,2017,쇠퇴기,0,0.0,100.0,24.1,52.6,88.3,77.09
1248720147,(주)명신테크코리아,2018,쇠퇴기,0,56.96,100.0,92.35,50.2,91.55,48.32
1248720147,(주)명신테크코리아,2019,쇠퇴기,1,44.21,100.0,100.0,57.57,87.96,47.38
1248720754,(주)유에스티,2022,성장기,0,44.25,3.1,54.23,36.93,3.56,47.42
1248720754,(주)유에스티,2023,성장기,0,24.44,13.2,55.25,50.57,1.99,47.98
1248720754,(주)유에스티,2024,성장기,0,53.17,16.0,58.94,40.55,2.83,50.72
1248722484,주식회사신성,2021,성장기,0,25.99,1.9,38.9,54.41,8.22,48.84
1248722484,주식회사신성,2022,성장기,0,44.25,3.1,54.23,36.93,3.47,44.5
1248722484,주식회사신성,2023,성장기,0,24.44,13.2,55.25,50.57,4.56,49.52
1248722484,주식회사신성,2024,성장기,0,53.17,16.0,58.94,37.35,20.35,58.96
1248728076,대산지오텍(주),2018,성장기,0,56.96,1.0,92.35,49.91,6.06,46.26
1248728076,대산지오텍(주),2019,성장기,0,44.21,2.1,100.0,51.55,8.19,50.86
1248728076,대산지오텍(주),2020,성장기,0,100.0,0.8,62.42,60.99,6.04,49.47
1248728076,대산지오텍(주),2021,성숙기,0,25.99,0.0,38.9,55.22,62.17,80.52
1248728076,대산지오텍(주),2022,성숙기,0,44.25,0.0,54.23,34.82,7.06,14.39
1248728076,대산지오텍(주),2023,성숙기,0,24.44,0.0,55.25,49.43,3.14,46.65
1248728076,대산지오텍(주),2024,성숙기,0,53.17,0.0,58.94,39.24,6.97,52.37
1248730330,(주)세진프리시젼,2016,성장기,0,35.48,2.2,19.68,46.84,15.91,51.01
1248730330,(주)세진프리시젼,2017,성숙기,0,0.0,0.0,24.1,48.92,21.73,51.8
1248730330,(주)세진프리시젼,2018,성장기,0,56.96,1.0,92.35,49.91,21.64,46.26
1248730330,(주)세진프리시젼,2019,쇠퇴기,0,44.21,100.0,100.0,50.29,85.15,84.97
1248730330,(주)세진프리시젼,2020,성숙기,0,100.0,0.0,62.42,65.57,32.19,21.47
1248730330,(주)세진프리시젼,2021,성장기,0,25.99,1.9,38.9,54.01,84.96,78.67
1248730330,(주)세진프리시젼,2022,도입기,0,44.25,70.4,54.23,31.92,100.0,55.14
1248730330,(주)세진프리시젼,2023,쇠퇴기,0,24.44,100.0,55.25,46.22,26.08,7.1
1248730330,(주)세진프리시젼,2024,도입기,0,53.17,92.8,58.94,36.6,97.68,89.67
1248730932,(주)성원 에너텍,2019,도입기,0,44.21,58.1,100.0,51.55,5.28,49.68
1248730932,(주)성원 에너텍,2020,쇠퇴기,0,100.0,100.0,62.42,60.99,5.9,51.0
1248730932,(주)성원 에너텍,2021,도입기,0,25.99,71.8,38.9,54.41,66.14,82.84
1248730932,(주)성원 에너텍,2022,도입기,0,44.25,70.4,54.23,30.76,80.34,54.89
1248730932,(주)성원 에너텍,2023,도입기,1,24.44,81.1,55.25,46.06,89.99,55.45
1248734656,주식회사아테코,2021,도입기,0,25.99,71.8,38.9,54.41,7.95,48.84
1248734656,주식회사아테코,2022,성장기,0,44.25,3.1,54.23,36.93,4.16,45.07
1248734656,주식회사아테코,2023,도입기,0,24.44,81.1,55.25,50.57,75.97,90.67
1248734656,주식회사아테코,2024,도입기,0,53.17,92.8,58.94,41.47,33.43,26.52
1248735484,주식회사델리스,2015,성숙기,0,38.29,5.6,0.0,49.87,69.79,47.07
1248735484,주식회사델리스,2016,성숙기,0,35.48,0.0,19.68,59.37,55.55,42.89
1248735484,주식회사델리스,2017,성숙기,0,0.0,0.0,24.1,56.39,55.15,48.31
1248735484,주식회사델리스,2018,성숙기,0,56.96,0.0,92.35,57.0,54.7,46.14
1248735484,주식회사델리스,2019,성숙기,0,44.21,0.0,100.0,56.06,66.79,56.23
1248735484,주식회사델리스,2020,성숙기,0,100.0,0.0,62.42,65.92,67.64,51.06
1248735484,주식회사델리스,2021,성숙기,0,25.99,0.0,38.9,60.33,73.38,52.2
1248735484,주식회사델리스,2022,성숙기,0,44.25,0.0,54.23,38.57,85.63,53.65
1248735484,주식회사델리스,2023,조정기,0,24.44,24.8,55.25,51.83,74.47,43.42
1248735484,주식회사델리스,2024,성숙기,0,53.17,0.0,58.94,40.96,55.5,39.52
1248739705,비앤에스(주),2019,성장기,0,44.21,2.1,100.0,51.55,3.82,49.68
1248739705,비앤에스(주),2020,쇠퇴기,0,100.0,100.0,62.42,60.99,38.93,69.96
1248739705,비앤에스(주),2021,도입기,0,25.99,71.8,38.9,54.41,11.5,33.46
1248739705,비앤에스(주),2022,도입기,0,44.25,70.4,54.23,56.24,91.07,93.79
1248739705,비앤에스(주),2023,도입기,0,24.44,81.1,55.25,65.4,67.25,36.12
1248739705,비앤에스(주),2024,도입기,0,53.17,92.8,58.94,58.08,43.93,37.15
1248744192,하이윈코퍼레이션주식회사,2019,도입기,0,44.21,58.1,100.0,51.55,32.48,49.68
1248744192,하이윈코퍼레이션주식회사,2020,도입기,0,100.0,68.6,62.42,60.99,90.76,82.66
1248744192,하이윈코퍼레이션주식회사,2021,도입기,0,25.99,71.8,38.9,54.41,37.43,18.94
1248744192,하이윈코퍼레이션주식회사,2022,조정기,0,44.25,26.1,54.23,41.14,90.4,77.91
1248744192,하이윈코퍼레이션주식회사,2023,도입기,0,24.44,81.1,55.25,53.85,96.7,53.63
1248744192,하이윈코퍼레이션주식회사,2024,도입기,1,53.17,92.8,58.94,44.81,98.15,50.71
1248745944,주식회사에이디에스테크,2016,성숙기,0,35.48,0.0,19.68,46.84,3.33,51.01
1248745944,주식회사에이디에스테크,2017,성숙기,0,0.0,0.0,24.1,48.92,0.15,46.58
1248745944,주식회사에이디에스테크,2018,성숙기,0,56.96,0.0,92.35,49.91,0.57,46.49
1248745944,주식회사에이디에스테크,2019,성숙기,0,44.21,0.0,100.0,60.22,0.63,49.72
1248745944,주식회사에이디에스테크,2020,성숙기,0,100.0,0.0,62.42,61.58,0.0,50.32
1248745944,주식회사에이디에스테크,2021,성숙기,0,25.99,0.0,38.9,34.69,1.13,49.5
1248745944,주식회사에이디에스테크,2022,성숙기,0,44.25,0.0,54.23,17.85,2.96,48.44
1248745944,주식회사에이디에스테크,2023,성숙기,0,24.44,0.0,55.25,34.58,38.6,69.62
1248745944,주식회사에이디에스테크,2024,조정기,0,53.17,27.2,58.94,,1.16,29.46
1258100934,주식회사대동모빌리티,2015,성숙기,0,38.29,5.6,0.0,46.17,4.89,49.25
1258100934,주식회사대동모빌리티,2016,성숙기,0,35.48,0.0,19.68,46.5,33.01,66.32
1258100934,주식회사대동모빌리티,2017,성숙기,0,0.0,0.0,24.1,47.79,39.78,52.39
1258100934,주식회사대동모빌리티,2018,성장기,0,56.96,1.0,92.35,49.14,42.15,47.69
1258100934,주식회사대동모빌리티,2019,도입기,0,44.21,58.1,100.0,48.6,14.14,33.96
1258100934,주식회사대동모빌리티,2020,성숙기,0,100.0,0.0,62.42,58.67,7.08,46.77
1258100934,주식회사대동모빌리티,2021,도입기,0,25.99,71.8,38.9,52.55,9.01,49.96
1258100934,주식회사대동모빌리티,2022,도입기,0,44.25,70.4,54.23,36.71,52.64,72.8
1258100934,주식회사대동모빌리티,2023,도입기,0,24.44,81.1,55.25,50.31,61.27,54.52
1258100934,주식회사대동모빌리티,2024,도입기,1,53.17,92.8,58.94,38.88,69.52,54.59
1258104736,신라엔지니어링,2015,도입기,0,38.29,65.4,0.0,48.03,6.79,53.75
1258104736,신라엔지니어링,2016,성숙기,0,35.48,0.0,19.68,41.95,0.17,47.22
1258104736,신라엔지니어링,2017,성장기,0,0.0,1.7,24.1,43.97,7.35,52.55
1258104736,신라엔지니어링,2018,도입기,0,56.96,75.8,92.35,45.73,11.14,48.41
1258104736,신라엔지니어링,2019,쇠퇴기,0,44.21,100.0,100.0,48.57,52.85,72.87
1258104736,신라엔지니어링,2020,조정기,0,100.0,22.0,62.42,59.18,25.22,35.43
1258104736,신라엔지니어링,2021,성장기,0,25.99,1.9,38.9,56.79,62.57,69.96
1258104736,신라엔지니어링,2022,쇠퇴기,0,44.25,100.0,54.23,37.86,68.33,49.99
1258104736,신라엔지니어링,2023,조정기,0,24.44,24.8,55.25,51.29,25.23,24.63
1258104736,신라엔지니어링,2024,조정기,0,53.17,27.2,58.94,40.71,27.36,51.35
1258106879,피에스케이홀딩스(주),2015,성숙기,0,38.29,5.6,0.0,62.55,1.09,50.65
1258106879,피에스케이홀딩스(주),2016,성숙기,0,35.48,0.0,19.68,42.06,0.3,50.43
1258106879,피에스케이홀딩스(주),2017,성숙기,0,0.0,0.0,24.1,44.62,0.17,48.34
1258106879,피에스케이홀딩스(주),2018,성숙기,0,56.96,0.0,92.35,50.54,0.18,46.26
1258106879,피에스케이홀딩스(주),2019,성숙기,0,44.21,0.0,100.0,52.39,30.51,66.57
1258106879,피에스케이홀딩스(주),2020,조정기,0,100.0,22.0,62.42,76.52,35.41,53.32
1258106879,피에스케이홀딩스(주),2021,성장기,0,25.99,1.9,38.9,64.86,1.84,29.99
1258106879,피에스케이홀딩스(주),2022,성숙기,0,44.25,0.0,54.23,52.83,1.91,47.4
1258106879,피에스케이홀딩스(주),2023,성장기,0,24.44,13.2,55.25,63.46,1.65,48.72
1258106879,피에스케이홀딩스(주),2024,성숙기,0,53.17,0.0,58.94,50.4,0.71,49.74
1258110975,(주)한국에바라정밀기계,2015,성숙기,0,38.29,5.6,0.0,46.17,0.21,50.16
1258110975,(주)한국에바라정밀기계,2016,성숙기,0,35.48,0.0,19.68,50.63,0.15,50.84
1258110975,(주)한국에바라정밀기계,2017,성숙기,0,0.0,0.0,24.1,52.48,0.03,48.34
1258110975,(주)한국에바라정밀기계,2018,성숙기,0,56.96,0.0,92.35,55.79,0.15,46.32
1258110975,(주)한국에바라정밀기계,2019,성숙기,0,44.21,0.0,100.0,57.57,4.9,52.33
1258110975,(주)한국에바라정밀기계,2020,성숙기,0,100.0,0.0,62.42,68.71,0.31,48.14
1258110975,(주)한국에바라정밀기계,2021,성숙기,0,25.99,0.0,38.9,56.39,0.1,48.75
1258110975,(주)한국에바라정밀기계,2022,성숙기,0,44.25,0.0,54.23,40.01,0.29,47.49
1258110975,(주)한국에바라정밀기계,2023,성숙기,0,24.44,0.0,55.25,52.89,0.32,48.87
1258110975,(주)한국에바라정밀기계,2024,성숙기,0,53.17,0.0,58.94,42.76,0.36,50.28
1258112406,(주)화성써모,2015,성숙기,0,38.29,5.6,0.0,51.75,0.59,50.26
1258112406,(주)화성써모,2016,성숙기,0,35.48,0.0,19.68,44.02,0.43,50.79
1258112406,(주)화성써모,2017,성숙기,0,0.0,0.0,24.1,45.87,0.35,48.36
1258112406,(주)화성써모,2018,성숙기,0,56.96,0.0,92.35,47.79,0.37,46.26
1258112406,(주)화성써모,2019,성숙기,0,44.21,0.0,100.0,49.83,0.4,49.7
1258112406,(주)화성써모,2020,성숙기,0,100.0,0.0,62.42,61.01,0.45,50.69
1258112406,(주)화성써모,2021,성숙기,0,25.99,0.0,38.9,54.86,0.49,48.89
1258112406,(주)화성써모,2022,성숙기,0,44.25,0.0,54.23,37.97,0.47,47.36
1258112406,(주)화성써모,2023,성숙기,0,24.44,0.0,55.25,51.33,6.65,52.45
1258112406,(주)화성써모,2024,조정기,0,53.17,27.2,58.94,40.92,3.91,48.73
1258113079,(주)선익시스템,2015,성장기,0,38.29,0.0,0.0,45.09,70.39,87.64
1258113079,(주)선익시스템,2016,성장기,0,35.48,2.2,19.68,34.65,2.78,13.55
1258113079,(주)선익시스템,2017,성장기,0,0.0,1.7,24.1,61.67,0.03,46.83
1258113079,(주)선익시스템,2018,성숙기,0,56.96,0.0,92.35,49.54,0.28,46.39
1258113079,(주)선익시스템,2019,성숙기,0,44.21,0.0,100.0,61.89,4.3,51.93
1258113079,(주)선익시스템,2020,성숙기,0,100.0,0.0,62.42,75.97,0.94,48.81
1258113079,(주)선익시스템,2021,성숙기,0,25.99,0.0,38.9,71.56,68.32,86.85
1258113079,(주)선익시스템,2022,쇠퇴기,0,44.25,100.0,54.23,39.15,27.82,22.86
1258113079,(주)선익시스템,2023,쇠퇴기,0,24.44,100.0,55.25,52.55,71.45,74.57
1258113079,(주)선익시스템,2024,도입기,0,53.17,92.8,58.94,42.76,40.79,33.08
1258113875,주식회사몰텍스,2015,성장기,0,38.29,0.0,0.0,48.7,3.92,51.33
1258113875,주식회사몰텍스,2016,성장기,0,35.48,2.2,19.68,51.45,2.69,50.19
1258113875,주식회사몰텍스,2017,조정기,0,0.0,35.9,24.1,52.28,1.87,47.94
1258113875,주식회사몰텍스,2018,성숙기,0,56.96,0.0,92.35,53.46,1.08,45.81
1258113875,주식회사몰텍스,2019,성숙기,0,44.21,0.0,100.0,51.73,0.16,49.18
1258113875,주식회사몰텍스,2020,성숙기,0,100.0,0.0,62.42,58.65,0.03,50.6
1258113875,주식회사몰텍스,2021,성숙기,0,25.99,0.0,38.9,53.61,0.95,49.38
1258113875,주식회사몰텍스,2022,성장기,0,44.25,3.1,54.23,33.76,1.43,47.65
1258113875,주식회사몰텍스,2023,성숙기,0,24.44,0.0,55.25,47.7,0.65,48.41
1258113875,주식회사몰텍스,2024,조정기,0,53.17,27.2,58.94,37.37,0.65,50.27
1258114059,(주)노아엑츄에이션,2015,성장기,0,38.29,0.0,0.0,49.97,5.98,51.98
1258114059,(주)노아엑츄에이션,2016,성장기,0,35.48,2.2,19.68,49.97,12.89,54.66
1258114059,(주)노아엑츄에이션,2017,조정기,0,0.0,35.9,24.1,50.8,12.93,48.46
1258114059,(주)노아엑츄에이션,2018,성숙기,0,56.96,0.0,92.35,51.13,50.48,67.52
1258114059,(주)노아엑츄에이션,2019,도입기,0,44.21,58.1,100.0,52.83,57.42,53.38
1258114059,(주)노아엑츄에이션,2020,성숙기,1,100.0,0.0,62.42,56.02,81.31,63.73
1258114326,(주)명성,2015,성장기,0,38.29,0.0,0.0,47.78,44.71,47.86
1258114326,(주)명성,2016,성장기,0,35.48,2.2,19.68,43.71,3.82,28.29
1258114326,(주)명성,2017,성숙기,0,0.0,0.0,24.1,46.87,10.29,52.15
1258114326,(주)명성,2018,성숙기,0,56.96,0.0,92.35,48.32,12.0,47.25
1258114326,(주)명성,2019,성장기,0,44.21,2.1,100.0,48.98,71.09,82.54
1258114326,(주)명성,2020,조정기,0,100.0,22.0,62.42,60.08,37.14,31.93
1258114326,(주)명성,2021,성장기,0,25.99,1.9,38.9,51.99,6.81,31.82
1258114326,(주)명성,2022,성숙기,0,44.25,0.0,54.23,34.59,3.0,45.07
1258114326,(주)명성,2023,도입기,0,24.44,81.1,55.25,48.59,6.97,51.19
1258114326,(주)명성,2024,성장기,0,53.17,16.0,58.94,38.94,17.41,56.0
1258115738,에이시스주식회사,2015,조정기,0,38.29,28.5,0.0,42.39,9.34,48.76
1258115738,에이시스주식회사,2016,성장기,0,35.48,2.2,19.68,45.63,13.92,53.37
1258115738,에이시스주식회사,2017,쇠퇴기,0,0.0,100.0,24.1,47.25,51.42,70.06
1258115738,에이시스주식회사,2018,쇠퇴기,0,56.96,100.0,92.35,48.76,83.91,64.76
1258115738,에이시스주식회사,2019,쇠퇴기,1,44.21,100.0,100.0,55.54,56.48,34.14
1258116038,주식회사케이씨이노베이션,2015,성숙기,0,38.29,5.6,0.0,70.79,0.25,24.99
1258116038,주식회사케이씨이노베이션,2016,성장기,0,35.48,2.2,19.68,55.57,0.09,50.79
1258116038,주식회사케이씨이노베이션,2017,성장기,0,0.0,1.7,24.1,56.52,0.65,48.73
1258116038,주식회사케이씨이노베이션,2018,성장기,0,56.96,1.0,92.35,76.94,1.21,46.57
1258116038,주식회사케이씨이노베이션,2019,성장기,0,44.21,2.1,100.0,81.11,0.03,49.03
1258116038,주식회사케이씨이노베이션,2020,성장기,0,100.0,0.8,62.42,79.62,0.03,50.67
1258116038,주식회사케이씨이노베이션,2021,성숙기,0,25.99,0.0,38.9,71.23,0.06,48.88
1258116038,주식회사케이씨이노베이션,2022,성숙기,0,44.25,0.0,54.23,39.12,0.28,47.51
1258116038,주식회사케이씨이노베이션,2023,성숙기,0,24.44,0.0,55.25,52.14,0.51,48.99
1258116038,주식회사케이씨이노베이션,2024,성숙기,0,53.17,0.0,58.94,42.82,0.28,50.13
1258117304,주식회사세원기연,2015,성숙기,0,38.29,5.6,0.0,51.06,0.67,50.32
1258117304,주식회사세원기연,2016,쇠퇴기,0,35.48,100.0,19.68,50.39,7.38,54.56
1258117304,주식회사세원기연,2017,성숙기,0,0.0,0.0,24.1,53.56,0.6,44.52
1258117304,주식회사세원기연,2018,성숙기,0,56.96,0.0,92.35,51.82,1.2,46.59
1258117304,주식회사세원기연,2019,성숙기,0,44.21,0.0,100.0,54.65,0.59,49.35
1258117304,주식회사세원기연,2024,성숙기,0,53.17,0.0,58.94,40.1,24.93,50.27
1258117930,(주)산연,2015,쇠퇴기,1,38.29,100.0,0.0,49.87,75.45,64.46
1258119388,(주)원에스티,2015,도입기,0,38.29,65.4,0.0,60.63,40.09,39.4
1258119388,(주)원에스티,2016,도입기,0,35.48,82.9,19.68,61.87,3.82,30.85
1258119388,(주)원에스티,2017,성장기,0,0.0,1.7,24.1,63.12,1.6,47.14
1258119388,(주)원에스티,2018,성장기,0,56.96,1.0,92.35,64.34,7.84,49.79
1258119388,(주)원에스티,2019,성장기,0,44.21,2.1,100.0,58.86,3.29,47.13
1258119388,(주)원에스티,2020,성장기,0,100.0,0.8,62.42,65.53,13.57,56.32
1258119388,(주)원에스티,2021,성장기,0,25.99,1.9,38.9,60.24,10.56,47.18
1258119388,(주)원에스티,2022,도입기,0,44.25,70.4,54.23,38.71,15.04,49.87
1258119388,(주)원에스티,2023,도입기,0,24.44,81.1,55.25,51.97,69.94,80.97
1258119388,(주)원에스티,2024,성숙기,0,53.17,0.0,58.94,42.26,90.74,61.48
1258120605,에스브이에스(주),2015,성숙기,0,38.29,5.6,0.0,38.78,3.14,50.89
1258120605,에스브이에스(주),2016,조정기,0,35.48,33.5,19.68,50.86,71.24,88.29
1258120605,에스브이에스(주),2017,성숙기,0,0.0,0.0,24.1,49.87,0.8,7.97
1258120605,에스브이에스(주),2018,성장기,0,56.96,1.0,92.35,65.43,2.65,47.3
1258120605,에스브이에스(주),2019,성숙기,0,44.21,0.0,100.0,66.75,43.65,72.5
1258120605,에스브이에스(주),2020,조정기,0,100.0,22.0,62.42,70.62,0.32,26.81
1258120605,에스브이에스(주),2021,성숙기,0,25.99,0.0,38.9,57.36,35.55,68.73
1258120605,에스브이에스(주),2022,성숙기,0,44.25,0.0,54.23,33.07,0.7,26.56
1258120605,에스브이에스(주),2023,성숙기,0,24.44,0.0,55.25,47.41,44.0,74.04
1258121448,안성공업주식회사,2015,성장기,0,38.29,0.0,0.0,41.74,5.48,31.99
1258121448,안성공업주식회사,2016,성숙기,0,35.48,0.0,19.68,45.13,42.83,71.39
1258121448,안성공업주식회사,2017,성숙기,0,0.0,0.0,24.1,46.19,56.55,56.42
1258121448,안성공업주식회사,2018,성숙기,0,56.96,0.0,92.35,46.96,19.27,25.32
1258121448,안성공업주식회사,2019,도입기,0,44.21,58.1,100.0,49.52,30.47,55.86
1258121448,안성공업주식회사,2020,도입기,0,100.0,68.6,62.42,57.93,59.72,66.71
1258121448,안성공업주식회사,2021,도입기,0,25.99,71.8,38.9,50.28,56.78,47.3
1258121448,안성공업주식회사,2022,도입기,0,44.25,70.4,54.23,38.01,23.65,27.31
1258121448,안성공업주식회사,2023,성숙기,0,24.44,0.0,55.25,51.39,1.04,35.99
1258121448,안성공업주식회사,2024,성숙기,0,53.17,0.0,58.94,41.91,79.13,93.35
1258123112,(주)에스티아이,2015,조정기,0,38.29,28.5,0.0,64.58,0.14,50.14
1258123112,(주)에스티아이,2016,성숙기,0,35.48,0.0,19.68,46.43,0.96,51.33
1258123112,(주)에스티아이,2017,성숙기,0,0.0,0.0,24.1,50.33,4.01,50.17
1258123112,(주)에스티아이,2018,성숙기,0,56.96,0.0,92.35,53.59,5.0,46.82
1258123112,(주)에스티아이,2019,성숙기,0,44.21,0.0,100.0,56.82,0.03,46.91
1258123112,(주)에스티아이,2020,성숙기,0,100.0,0.0,62.42,63.97,0.26,50.79
1258123112,(주)에스티아이,2021,성숙기,0,25.99,0.0,38.9,60.28,4.72,51.38
1258123112,(주)에스티아이,2022,성숙기,0,44.25,0.0,54.23,40.05,0.05,44.59
1258123112,(주)에스티아이,2023,성숙기,0,24.44,0.0,55.25,53.14,0.06,48.85
1258123112,(주)에스티아이,2024,성숙기,0,53.17,0.0,58.94,43.3,0.11,50.3
1258126517,(주)마에스텍,2015,성장기,0,38.29,0.0,0.0,68.73,59.1,75.52
1258126517,(주)마에스텍,2016,성숙기,0,35.48,0.0,19.68,60.91,70.79,57.16
1258126517,(주)마에스텍,2017,성숙기,1,0.0,0.0,24.1,60.05,49.76,36.45
1258127592,이노프라주식회사,2015,쇠퇴기,0,38.29,100.0,0.0,44.47,29.55,55.87
1258127592,이노프라주식회사,2016,조정기,0,35.48,33.5,19.68,44.58,69.43,72.72
1258127592,이노프라주식회사,2017,성숙기,0,0.0,0.0,24.1,46.1,75.36,51.99
1258127592,이노프라주식회사,2018,성숙기,1,56.96,0.0,92.35,46.7,74.93,46.21
1258132775,주식회사씨스코,2015,성숙기,0,38.29,5.6,0.0,52.23,0.73,50.35
1258132775,주식회사씨스코,2016,성숙기,0,35.48,0.0,19.68,49.16,0.34,50.66
1258132775,주식회사씨스코,2017,성숙기,0,0.0,0.0,24.1,50.92,0.6,48.56
1258132775,주식회사씨스코,2018,성숙기,0,56.96,0.0,92.35,50.94,0.64,46.27
1258132775,주식회사씨스코,2019,성숙기,0,44.21,0.0,100.0,52.26,0.47,49.6
1258132775,주식회사씨스코,2020,성숙기,0,100.0,0.0,62.42,61.83,0.64,50.76
1258132775,주식회사씨스코,2023,조정기,0,24.44,24.8,55.25,54.76,6.91,48.85
1258132775,주식회사씨스코,2024,조정기,0,53.17,27.2,58.94,44.81,0.91,46.93
1258137917,(주)두선,2015,조정기,0,38.29,28.5,0.0,45.1,69.59,59.27
1258137917,(주)두선,2016,성숙기,0,35.48,0.0,19.68,36.4,39.16,33.99
1258137917,(주)두선,2017,성숙기,0,0.0,0.0,24.1,38.43,99.58,83.33
1258137917,(주)두선,2018,성숙기,0,56.96,0.0,92.35,38.61,99.1,46.24
1258139609,(주)글로벌스탠다드테크놀로지,2015,성장기,0,38.29,0.0,0.0,40.32,0.32,50.2
1258139609,(주)글로벌스탠다드테크놀로지,2016,성장기,0,35.48,2.2,19.68,38.33,4.22,53.02
1258139609,(주)글로벌스탠다드테크놀로지,2017,성장기,0,0.0,1.7,24.1,40.22,0.1,46.05
1258139609,(주)글로벌스탠다드테크놀로지,2018,성장기,0,56.96,1.0,92.35,47.99,1.53,47.06
1258139609,(주)글로벌스탠다드테크놀로지,2019,성숙기,0,44.21,0.0,100.0,56.76,0.13,48.9
1258139609,(주)글로벌스탠다드테크놀로지,2020,성숙기,0,100.0,0.0,62.42,60.67,0.13,50.67
1258139609,(주)글로벌스탠다드테크놀로지,2021,성숙기,0,25.99,0.0,38.9,56.37,0.07,48.83
1258139609,(주)글로벌스탠다드테크놀로지,2022,성숙기,0,44.25,0.0,54.23,44.48,0.13,47.42
1258139609,(주)글로벌스탠다드테크놀로지,2023,성숙기,0,24.44,0.0,55.25,56.56,0.13,48.85
1258139609,(주)글로벌스탠다드테크놀로지,2024,성숙기,0,53.17,0.0,58.94,45.87,0.06,50.23
1258140902,(주)동광에스디,2015,쇠퇴기,0,38.29,100.0,0.0,49.87,97.79,86.77
1258140902,(주)동광에스디,2016,조정기,1,35.48,33.5,19.68,46.84,92.84,47.93
1258146681,(주)이프로,2015,성숙기,0,38.29,5.6,0.0,54.53,49.38,77.35
1258146681,(주)이프로,2016,쇠퇴기,0,35.48,100.0,19.68,51.13,68.46,61.24
1258146681,(주)이프로,2020,쇠퇴기,0,100.0,100.0,62.42,61.65,0.74,50.67
1258146681,(주)이프로,2021,성숙기,0,25.99,0.0,38.9,19.99,0.96,48.98
1258146681,(주)이프로,2022,성숙기,0,44.25,0.0,54.23,14.63,1.55,47.72
1258146681,(주)이프로,2023,성숙기,0,24.44,0.0,55.25,32.31,69.28,88.26
1258153576,(주)라미넥스,2015,도입기,0,38.29,65.4,0.0,49.87,92.3,97.0
1258153576,(주)라미넥스,2016,쇠퇴기,0,35.48,100.0,19.68,6.28,99.93,54.85
1258156821,주식회사기남테크,2021,성숙기,0,25.99,0.0,38.9,54.41,17.46,48.84
1258156821,주식회사기남테크,2022,도입기,0,44.25,70.4,54.23,36.93,86.27,87.42
1258156821,주식회사기남테크,2023,쇠퇴기,0,24.44,100.0,55.25,50.57,98.74,57.17
1258156821,주식회사기남테크,2024,쇠퇴기,1,53.17,100.0,58.94,41.98,99.2,50.16
1258158625,(주)화인,2016,성장기,0,35.48,2.2,19.68,46.84,5.46,51.01
1258158625,(주)화인,2017,성숙기,0,0.0,0.0,24.1,48.92,0.17,45.38
1258158625,(주)화인,2018,성숙기,0,56.96,0.0,92.35,49.91,0.35,46.35
1258158625,(주)화인,2019,성숙기,0,44.21,0.0,100.0,56.07,6.79,53.27
1258158625,(주)화인,2020,성숙기,0,100.0,0.0,62.42,66.57,0.26,47.07
1258158625,(주)화인,2021,성숙기,0,25.99,0.0,38.9,56.67,0.17,48.81
1258158625,(주)화인,2022,성숙기,0,44.25,0.0,54.23,38.14,5.68,50.6
1258158625,(주)화인,2023,도입기,0,24.44,81.1,55.25,51.21,67.29,84.75
1258158625,(주)화인,2024,성장기,0,53.17,16.0,58.94,41.78,12.8,19.95
1258160437,나라엠텍(주),2015,성장기,0,38.29,0.0,0.0,55.63,80.86,53.43
1258160437,나라엠텍(주),2016,성장기,1,35.48,2.2,19.68,42.27,83.22,51.98
1258160534,주식회사한국케이비,2015,조정기,0,38.29,28.5,0.0,52.29,27.94,55.21
1258160534,주식회사한국케이비,2016,쇠퇴기,0,35.48,100.0,19.68,43.36,93.96,87.09
1258160534,주식회사한국케이비,2017,성장기,0,0.0,1.7,24.1,45.28,93.97,48.63
1258160534,주식회사한국케이비,2018,쇠퇴기,1,56.96,100.0,92.35,49.65,97.46,48.47
1258161061,(주)대아펌프,2021,성숙기,0,25.99,0.0,38.9,54.41,3.28,48.84
1258161061,(주)대아펌프,2022,성숙기,0,44.25,0.0,54.23,36.93,0.03,45.44
1258161061,(주)대아펌프,2023,성숙기,0,24.44,0.0,55.25,50.57,0.02,48.84
1258161061,(주)대아펌프,2024,성숙기,0,53.17,0.0,58.94,40.47,0.09,50.3
1258162167,케이케이테크(주),2015,성숙기,0,38.29,5.6,0.0,67.99,1.18,50.06
1258162167,케이케이테크(주),2016,성숙기,0,35.48,0.0,19.68,55.77,6.36,53.72
1258162167,케이케이테크(주),2017,성숙기,0,0.0,0.0,24.1,57.14,0.68,45.15
1258162167,케이케이테크(주),2018,성숙기,0,56.96,0.0,92.35,63.69,4.39,48.35
1258162167,케이케이테크(주),2019,성숙기,0,44.21,0.0,100.0,69.4,1.27,47.94
1258162167,케이케이테크(주),2020,성숙기,0,100.0,0.0,62.42,74.7,0.27,50.12
1258162167,케이케이테크(주),2021,성숙기,0,25.99,0.0,38.9,61.32,4.17,51.06
1258162167,케이케이테크(주),2022,성숙기,0,44.25,0.0,54.23,39.21,0.15,44.98
1258162167,케이케이테크(주),2023,성숙기,0,24.44,0.0,55.25,52.25,0.16,48.85
1258162167,케이케이테크(주),2024,성숙기,0,53.17,0.0,58.94,42.54,0.1,50.23
1258166163,(주)셀코스,2015,쇠퇴기,0,38.29,100.0,0.0,49.87,17.74,38.73
1258166163,(주)셀코스,2016,조정기,0,35.48,33.5,19.68,98.07,0.41,41.31
1258166163,(주)셀코스,2017,도입기,0,0.0,70.3,24.1,81.18,5.16,51.15
1258166163,(주)셀코스,2018,도입기,0,56.96,75.8,92.35,85.52,77.6,87.23
1258166163,(주)셀코스,2019,도입기,0,44.21,58.1,100.0,76.1,7.05,10.16
1258166163,(주)셀코스,2020,성장기,0,100.0,0.8,62.42,59.1,7.35,50.82
1258166163,(주)셀코스,2021,성장기,0,25.99,1.9,38.9,51.61,90.87,95.96
1258166163,(주)셀코스,2022,쇠퇴기,0,44.25,100.0,54.23,28.61,78.36,38.96
1258166163,(주)셀코스,2023,쇠퇴기,1,24.44,100.0,55.25,43.47,85.26,53.83
1258168384,(주)이수에어텍,2015,쇠퇴기,0,38.29,100.0,0.0,49.87,13.93,51.27
1258168384,(주)이수에어텍,2016,성숙기,0,35.48,0.0,19.68,46.84,11.14,49.31
1258168384,(주)이수에어텍,2017,성장기,0,0.0,1.7,24.1,50.15,12.44,49.19
1258168384,(주)이수에어텍,2018,성장기,0,56.96,1.0,92.35,50.94,12.2,46.15
1258168384,(주)이수에어텍,2019,성장기,0,44.21,2.1,100.0,48.81,12.27,49.69
1258168384,(주)이수에어텍,2020,성장기,0,100.0,0.8,62.42,59.47,95.72,96.52
1258172914,투인텍주식회사,2019,도입기,0,44.21,58.1,100.0,51.55,35.83,49.68
1258172914,투인텍주식회사,2020,성장기,0,100.0,0.8,62.42,60.99,98.45,85.04
1258172914,투인텍주식회사,2021,조정기,1,25.99,24.6,38.9,54.41,99.19,49.44
1258175885,코리아테크주식회사,2018,성숙기,0,56.96,0.0,92.35,49.91,3.43,46.26
1258175885,코리아테크주식회사,2019,성장기,0,44.21,2.1,100.0,51.55,50.76,76.02
1258175885,코리아테크주식회사,2020,도입기,0,100.0,68.6,62.42,60.99,84.67,69.25
1258176545,주식회사서해엔지니어링,2015,성장기,0,38.29,0.0,0.0,49.87,8.5,50.22
1258176545,주식회사서해엔지니어링,2016,도입기,0,35.48,82.9,19.68,46.84,22.69,58.65
1258176545,주식회사서해엔지니어링,2017,도입기,0,0.0,70.3,24.1,48.92,97.91,91.83
1258176545,주식회사서해엔지니어링,2018,도입기,0,56.96,75.8,92.35,46.91,40.57,14.08
1258176545,주식회사서해엔지니어링,2019,성숙기,0,44.21,0.0,100.0,38.47,19.91,38.06
1258176545,주식회사서해엔지니어링,2020,성숙기,0,100.0,0.0,62.42,51.31,84.06,85.9
1258185705,주식회사예스히팅테크닉스,2021,도입기,0,25.99,71.8,38.9,54.41,28.27,48.84
1258185705,주식회사예스히팅테크닉스,2022,성장기,0,44.25,3.1,54.23,36.93,93.52,85.2
1258185705,주식회사예스히팅테크닉스,2023,도입기,0,24.44,81.1,55.25,50.57,15.46,4.6
1258185705,주식회사예스히팅테크닉스,2024,성장기,0,53.17,16.0,58.94,37.69,62.63,76.24
1258187585,씨에스이주식회사,2021,성장기,0,25.99,1.9,38.9,54.41,4.48,48.84
1258187585,씨에스이주식회사,2022,조정기,0,44.25,26.1,54.23,36.93,12.49,52.01
1258187585,씨에스이주식회사,2023,성숙기,0,24.44,0.0,55.25,50.57,6.31,45.41
1258187585,씨에스이주식회사,2024,조정기,0,53.17,27.2,58.94,42.76,83.4,92.77
1258187907,제닉스 로보틱스(주),2017,성장기,0,0.0,1.7,24.1,48.92,4.77,48.42
1258187907,제닉스 로보틱스(주),2018,성숙기,0,56.96,0.0,92.35,49.91,0.07,43.6
1258187907,제닉스 로보틱스(주),2019,성장기,0,44.21,2.1,100.0,51.55,2.86,51.25
1258187907,제닉스 로보틱스(주),2020,도입기,0,100.0,68.6,62.42,65.95,42.85,72.64
1258187907,제닉스 로보틱스(주),2021,조정기,0,25.99,24.6,38.9,54.84,48.6,52.17
1258187907,제닉스 로보틱스(주),2022,도입기,0,44.25,70.4,54.23,39.51,12.48,25.66
1258187907,제닉스 로보틱스(주),2023,성장기,0,24.44,13.2,55.25,52.86,5.49,44.94
1258187907,제닉스 로보틱스(주),2024,성장기,0,53.17,16.0,58.94,42.32,0.33,47.4
1258188075,호산테크(주),2017,성숙기,0,0.0,0.0,24.1,48.92,3.45,48.42
1258188075,호산테크(주),2018,성숙기,0,56.96,0.0,92.35,49.91,0.06,44.34
1258188075,호산테크(주),2019,성숙기,0,44.21,0.0,100.0,51.55,0.39,49.88
1258188075,호산테크(주),2020,성숙기,0,100.0,0.0,62.42,62.58,0.45,50.7
1258188075,호산테크(주),2021,조정기,0,25.99,24.6,38.9,59.52,1.22,49.3
1258188075,호산테크(주),2022,조정기,0,44.25,26.1,54.23,41.61,0.28,46.82
1258188075,호산테크(주),2023,성숙기,0,24.44,0.0,55.25,54.54,0.85,49.19
1258188075,호산테크(주),2024,성숙기,0,53.17,0.0,58.94,43.4,2.03,50.91
1258190135,주식회사피아이이로보틱스,2020,조정기,0,100.0,22.0,62.42,60.99,32.91,50.67
1258190135,주식회사피아이이로보틱스,2021,도입기,0,25.99,71.8,38.9,54.41,36.65,51.03
1258190135,주식회사피아이이로보틱스,2022,쇠퇴기,0,44.25,100.0,54.23,36.93,40.08,48.94
1258190135,주식회사피아이이로보틱스,2023,성숙기,0,24.44,0.0,55.25,58.96,95.85,81.78
1258190135,주식회사피아이이로보틱스,2024,조정기,0,53.17,27.2,58.94,47.76,81.55,42.02
1258192055,동보테크(주),2019,성장기,0,44.21,2.1,100.0,51.55,8.55,49.68
1258192055,동보테크(주),2020,성장기,0,100.0,0.8,62.42,60.99,5.01,48.71
1258192055,동보테크(주),2021,성장기,0,25.99,1.9,38.9,54.41,7.33,50.18
1258192055,동보테크(주),2022,성장기,0,44.25,3.1,54.23,35.64,10.0,48.85
1258192055,동보테크(주),2023,성장기,0,24.44,13.2,55.25,49.83,4.49,45.77
1258192055,동보테크(주),2024,성장기,0,53.17,16.0,58.94,39.58,77.11,90.32
1258196027,주식회사씨엔아이,2015,성장기,0,38.29,0.0,0.0,49.87,8.16,34.46
1258196027,주식회사씨엔아이,2016,도입기,0,35.48,82.9,19.68,46.84,11.18,52.52
1258196027,주식회사씨엔아이,2017,도입기,0,0.0,70.3,24.1,56.15,21.66,54.48
1258196027,주식회사씨엔아이,2018,도입기,0,56.96,75.8,92.35,54.69,96.93,88.87
1258196027,주식회사씨엔아이,2019,도입기,0,44.21,58.1,100.0,51.05,99.63,50.87
1258196027,주식회사씨엔아이,2020,조정기,1,100.0,22.0,62.42,73.95,100.0,50.76
1258196518,(주)티에스아이,2015,성장기,0,38.29,0.0,0.0,49.87,34.15,50.22
1258196518,(주)티에스아이,2016,조정기,0,35.48,33.5,19.68,46.84,9.12,37.03
1258196518,(주)티에스아이,2017,성장기,0,0.0,1.7,24.1,48.92,16.4,52.63
1258196518,(주)티에스아이,2018,성장기,0,56.96,1.0,92.35,9.08,7.88,41.48
1258196518,(주)티에스아이,2019,성장기,0,44.21,2.1,100.0,22.3,23.98,58.62
1258196518,(주)티에스아이,2020,성장기,0,100.0,0.8,62.42,65.52,58.95,69.86
1258196518,(주)티에스아이,2021,도입기,0,25.99,71.8,38.9,70.41,68.07,54.09
1258196518,(주)티에스아이,2022,도입기,0,44.25,70.4,54.23,42.77,18.84,17.76
1258196518,(주)티에스아이,2023,도입기,0,24.44,81.1,55.25,55.62,54.82,70.01
1258196518,(주)티에스아이,2024,쇠퇴기,0,53.17,100.0,58.94,44.42,5.47,22.83
1258196838,엠에이티플러스주식회사,2015,도입기,0,38.29,65.4,0.0,49.87,80.74,84.33
1258196838,엠에이티플러스주식회사,2016,도입기,0,35.48,82.9,19.68,46.84,3.0,7.96
1258196838,엠에이티플러스주식회사,2017,성장기,0,0.0,1.7,24.1,46.59,4.57,49.32
1258196838,엠에이티플러스주식회사,2018,도입기,0,56.96,75.8,92.35,51.55,42.52,67.72
1258196838,엠에이티플러스주식회사,2019,성숙기,0,44.21,0.0,100.0,64.22,24.07,39.28
1258196838,엠에이티플러스주식회사,2020,성장기,0,100.0,0.8,62.42,69.76,62.18,71.58
1258196838,엠에이티플러스주식회사,2021,성장기,0,25.99,1.9,38.9,61.2,0.62,14.25
1258196838,엠에이티플러스주식회사,2022,성장기,0,44.25,3.1,54.23,39.46,0.36,47.23
1258196838,엠에이티플러스주식회사,2023,성장기,0,24.44,13.2,55.25,52.55,68.39,88.42
1258196838,엠에이티플러스주식회사,2024,도입기,0,53.17,92.8,58.94,42.84,52.63,41.32
1258198137,주식회사한탑,2016,도입기,0,35.48,82.9,19.68,46.84,7.99,51.01
1258198137,주식회사한탑,2017,성장기,0,0.0,1.7,24.1,48.92,17.7,54.03
1258198137,주식회사한탑,2018,성장기,0,56.96,1.0,92.35,49.91,56.14,68.04
1258198137,주식회사한탑,2019,성장기,0,44.21,2.1,100.0,60.02,11.37,24.58
1258198137,주식회사한탑,2020,성장기,0,100.0,0.8,62.42,63.06,3.96,46.58
1258198137,주식회사한탑,2021,성장기,0,25.99,1.9,38.9,46.2,0.58,46.97
1258198137,주식회사한탑,2022,성장기,0,44.25,3.1,54.23,33.71,13.45,54.91
1258198137,주식회사한탑,2023,성장기,0,24.44,13.2,55.25,47.5,89.98,93.52
1258198137,주식회사한탑,2024,쇠퇴기,0,53.17,100.0,58.94,39.17,89.15,49.48
1258602451,(주)에스케이와이에프에이(SKYFA),2021,도입기,0,25.99,71.8,38.9,54.41,7.4,48.84
1258602451,(주)에스케이와이에프에이(SKYFA),2022,성장기,0,44.25,3.1,54.23,36.93,86.39,93.5
1258602451,(주)에스케이와이에프에이(SKYFA),2023,조정기,0,24.44,24.8,55.25,50.57,19.22,10.85
1258602451,(주)에스케이와이에프에이(SKYFA),2024,조정기,0,53.17,27.2,58.94,40.42,88.63,88.49
1258603178,주식회사비에프테크,2016,성장기,0,35.48,2.2,19.68,46.84,12.46,51.01
1258603178,주식회사비에프테크,2017,도입기,0,0.0,70.3,24.1,48.92,12.81,48.64
1258603178,주식회사비에프테크,2018,조정기,0,56.96,38.0,92.35,49.91,96.77,93.77
1258603178,주식회사비에프테크,2019,조정기,0,44.21,25.7,100.0,56.94,98.61,50.38
1258603862,육송주식회사,2020,성장기,0,100.0,0.8,62.42,60.99,8.18,50.67
1258603862,육송주식회사,2021,성장기,0,25.99,1.9,38.9,54.41,10.93,50.43
1258603862,육송주식회사,2022,성장기,0,44.25,3.1,54.23,36.93,37.92,63.04
1258603862,육송주식회사,2023,조정기,0,24.44,24.8,55.25,51.05,6.6,31.1
1258603862,육송주식회사,2024,도입기,0,53.17,92.8,58.94,40.65,5.48,49.63
1258614826,(주)코미코,2015,성장기,0,38.29,0.0,0.0,49.87,6.13,50.44
1258614826,(주)코미코,2016,성숙기,0,35.48,0.0,19.68,29.36,2.63,48.94
1258614826,(주)코미코,2017,성숙기,0,0.0,0.0,24.1,36.39,0.44,47.16
1258614826,(주)코미코,2018,성장기,0,56.96,1.0,92.35,34.22,3.95,48.23
1258614826,(주)코미코,2019,성장기,0,44.21,2.1,100.0,45.8,6.06,50.85
1258614826,(주)코미코,2020,성장기,0,100.0,0.8,62.42,62.96,5.43,50.31
1258614826,(주)코미코,2021,성숙기,0,25.99,0.0,38.9,56.83,0.91,46.32
1258614826,(주)코미코,2022,성숙기,0,44.25,0.0,54.23,37.95,2.43,48.26
1258614826,(주)코미코,2023,성숙기,0,24.44,0.0,55.25,51.23,4.6,50.14
1258614826,(주)코미코,2024,성장기,0,53.17,16.0,58.94,41.34,1.24,48.39
1258700504,(주)모든다해,2022,도입기,0,44.25,70.4,54.23,36.93,33.88,47.42
1258700504,(주)모든다해,2023,성숙기,0,24.44,0.0,55.25,50.57,45.18,55.84
1258700504,(주)모든다해,2024,성장기,0,53.17,16.0,58.94,40.55,26.8,39.96
1268104267,현대엘리베이터(주),2015,성장기,0,38.29,0.0,0.0,53.83,13.75,56.7
1268104267,현대엘리베이터(주),2016,성장기,0,35.48,2.2,19.68,46.88,1.59,44.16
1268104267,현대엘리베이터(주),2017,성장기,0,0.0,1.7,24.1,49.25,2.83,49.13
1268104267,현대엘리베이터(주),2018,성숙기,0,56.96,0.0,92.35,49.66,16.05,53.74
1268104267,현대엘리베이터(주),2019,성장기,0,44.21,2.1,100.0,53.55,3.86,42.85
1268104267,현대엘리베이터(주),2020,조정기,0,100.0,22.0,62.42,62.5,2.87,50.12
1268104267,현대엘리베이터(주),2021,성장기,0,25.99,1.9,38.9,56.22,3.53,49.24
1268104267,현대엘리베이터(주),2022,조정기,0,44.25,26.1,54.23,37.75,44.6,71.36
1268104267,현대엘리베이터(주),2023,조정기,0,24.44,24.8,55.25,51.14,5.58,26.71
1268104267,현대엘리베이터(주),2024,조정기,0,53.17,27.2,58.94,40.7,1.97,48.25
1268112073,(주)인스그린,2020,쇠퇴기,0,100.0,100.0,62.42,60.99,11.48,50.67
1268112073,(주)인스그린,2021,성숙기,0,25.99,0.0,38.9,54.41,29.39,58.98
1268112073,(주)인스그린,2022,도입기,0,44.25,70.4,54.23,36.93,60.2,65.04
1268112073,(주)인스그린,2023,쇠퇴기,0,24.44,100.0,55.25,49.52,80.99,61.69
1268112073,(주)인스그린,2024,성숙기,1,53.17,0.0,58.94,40.05,58.9,37.78
1268118247,디에스티(주),2021,조정기,0,25.99,24.6,38.9,54.41,26.8,48.84
1268118247,디에스티(주),2022,쇠퇴기,0,44.25,100.0,54.23,36.93,37.91,53.55
1268118247,디에스티(주),2023,조정기,0,24.44,24.8,55.25,50.57,19.81,38.79
1268118247,디에스티(주),2024,성숙기,0,53.17,0.0,58.94,41.69,12.34,46.07
1268123319,주식회사거산,2015,쇠퇴기,0,38.29,100.0,0.0,40.94,26.98,33.36
1268123319,주식회사거산,2016,성숙기,0,35.48,0.0,19.68,49.42,22.05,48.1
1268123319,주식회사거산,2017,성숙기,0,0.0,0.0,24.1,52.44,16.53,45.28
1268123319,주식회사거산,2018,성숙기,0,56.96,0.0,92.35,53.43,24.34,50.71
1268123319,주식회사거산,2019,성숙기,0,44.21,0.0,100.0,52.76,19.46,46.89
1268123319,주식회사거산,2020,성숙기,0,100.0,0.0,62.42,57.45,10.4,45.67
1268123319,주식회사거산,2021,성숙기,0,25.99,0.0,38.9,48.74,53.88,73.39
1268123319,주식회사거산,2022,성숙기,0,44.25,0.0,54.23,33.66,9.88,20.98
1268123319,주식회사거산,2023,성숙기,0,24.44,0.0,55.25,47.59,32.13,61.91
1268123319,주식회사거산,2024,성숙기,0,53.17,0.0,58.94,38.47,42.25,55.73
1268139034,난쓰네코리아(주),2019,성장기,0,44.21,2.1,100.0,51.55,9.11,49.68
1268139034,난쓰네코리아(주),2020,조정기,0,100.0,22.0,62.42,60.99,83.01,91.27
1268139034,난쓰네코리아(주),2022,성숙기,0,44.25,0.0,54.23,36.93,7.32,47.42
1268139034,난쓰네코리아(주),2023,성숙기,0,24.44,0.0,55.25,59.98,20.22,56.44
1268139034,난쓰네코리아(주),2024,성숙기,0,53.17,0.0,58.94,46.32,10.56,44.86
1268142596,(주)마이크로텍,2015,성장기,0,38.29,0.0,0.0,61.25,17.35,16.02
1268142596,(주)마이크로텍,2016,성장기,0,35.48,2.2,19.68,46.04,11.94,47.86
1268142596,(주)마이크로텍,2017,성숙기,0,0.0,0.0,24.1,48.72,3.04,43.31
1268158249,(주)이큐글로벌,2022,쇠퇴기,0,44.25,100.0,54.23,36.93,25.05,47.42
1268158249,(주)이큐글로벌,2023,도입기,0,24.44,81.1,55.25,50.57,81.26,81.85
1268158249,(주)이큐글로벌,2024,성숙기,1,53.17,0.0,58.94,40.55,9.02,10.11
1268171709,영진아이엔디(주),2017,성숙기,0,0.0,0.0,24.1,48.92,3.42,48.42
1268171709,영진아이엔디(주),2018,성숙기,0,56.96,0.0,92.35,49.91,0.09,44.38
1268171709,영진아이엔디(주),2019,성숙기,0,44.21,0.0,100.0,51.55,0.03,49.66
1268171709,영진아이엔디(주),2020,성숙기,0,100.0,0.0,62.42,64.58,50.3,78.29
1268171709,영진아이엔디(주),2021,성숙기,0,25.99,0.0,38.9,56.71,0.14,20.66
1268171709,영진아이엔디(주),2022,성숙기,0,44.25,0.0,54.23,44.48,0.22,47.43
1268171709,영진아이엔디(주),2023,성숙기,0,24.44,0.0,55.25,56.47,28.98,65.58
1268171709,영진아이엔디(주),2024,성숙기,0,53.17,0.0,58.94,46.04,0.0,34.17
1268194866,(주)다성테크,2015,성숙기,0,38.29,5.6,0.0,51.65,0.97,50.24
1268194866,(주)다성테크,2016,성숙기,0,35.48,0.0,19.68,41.94,0.27,50.49
1268194866,(주)다성테크,2017,성숙기,0,0.0,0.0,24.1,44.0,0.73,48.67
1268194866,(주)다성테크,2018,성숙기,0,56.96,0.0,92.35,45.38,0.66,46.21
1268194866,(주)다성테크,2019,성숙기,0,44.21,0.0,100.0,52.73,0.47,49.58
1268194866,(주)다성테크,2020,성숙기,0,100.0,0.0,62.42,62.99,28.48,66.06
1268194866,(주)다성테크,2021,도입기,0,25.99,71.8,38.9,58.24,64.66,69.3
1268194866,(주)다성테크,2022,성장기,0,44.25,3.1,54.23,38.9,57.94,42.66
1268194866,(주)다성테크,2023,성장기,0,24.44,13.2,55.25,52.18,0.99,16.44
1268194866,(주)다성테크,2024,성장기,0,53.17,16.0,58.94,41.29,0.07,49.75
1268600489,주식회사신화하이테크,2021,성장기,0,25.99,1.9,38.9,54.41,6.04,48.84
1268600489,주식회사신화하이테크,2022,조정기,0,44.25,26.1,54.23,36.93,35.43,64.5
1268600489,주식회사신화하이테크,2024,도입기,0,53.17,92.8,58.94,40.55,67.82,50.27
1268611889,(주)엔에스티,2015,성숙기,0,38.29,5.6,0.0,49.87,0.13,47.02
1268611889,(주)엔에스티,2016,성숙기,0,35.48,0.0,19.68,46.84,0.16,50.89
1268611889,(주)엔에스티,2017,성숙기,0,0.0,0.0,24.1,52.65,0.68,48.71
1268611889,(주)엔에스티,2018,조정기,0,56.96,38.0,92.35,53.33,0.06,45.9
1268611889,(주)엔에스티,2019,조정기,0,44.21,25.7,100.0,48.92,0.0,49.66
1268611889,(주)엔에스티,2020,성숙기,0,100.0,0.0,62.42,64.5,0.05,50.69
1268611889,(주)엔에스티,2021,성숙기,0,25.99,0.0,38.9,53.8,0.02,48.85
1268611889,(주)엔에스티,2022,성숙기,0,44.25,0.0,54.23,35.16,0.02,47.38
1268611889,(주)엔에스티,2023,성숙기,0,24.44,0.0,55.25,48.97,0.31,49.01
1268611889,(주)엔에스티,2024,성숙기,0,53.17,0.0,58.94,39.9,0.26,50.24
1268619014,(주)캐로스,2015,성숙기,0,38.29,5.6,0.0,49.87,84.68,90.24
1268619014,(주)캐로스,2016,조정기,0,35.48,33.5,19.68,45.49,83.31,49.92
1268619014,(주)캐로스,2017,조정기,1,0.0,35.9,24.1,47.1,97.24,56.63
1268623731,엠씨브이주식회사,2015,도입기,0,38.29,65.4,0.0,49.87,35.93,26.97
1268623731,엠씨브이주식회사,2016,조정기,0,35.48,33.5,19.68,44.71,37.97,51.91
1268623731,엠씨브이주식회사,2017,성숙기,0,0.0,0.0,24.1,47.87,81.03,73.32
1268623731,엠씨브이주식회사,2018,조정기,0,56.96,38.0,92.35,48.27,43.36,25.16
1268623731,엠씨브이주식회사,2019,쇠퇴기,1,44.21,100.0,100.0,49.96,54.46,55.72
1268626607,(주)씨앤씨테크,2017,성숙기,0,0.0,0.0,24.1,48.92,3.43,48.42
1268626607,(주)씨앤씨테크,2018,성숙기,0,56.96,0.0,92.35,49.91,0.01,44.33
1268626607,(주)씨앤씨테크,2019,성숙기,0,44.21,0.0,100.0,51.55,0.06,49.72
1268626607,(주)씨앤씨테크,2020,성숙기,0,100.0,0.0,62.42,63.4,0.1,50.69
1268626607,(주)씨앤씨테크,2021,성숙기,0,25.99,0.0,38.9,56.45,25.95,63.44
1268626607,(주)씨앤씨테크,2022,쇠퇴기,0,44.25,100.0,54.23,33.92,4.43,34.48
1268626607,(주)씨앤씨테크,2023,성숙기,0,24.44,0.0,55.25,48.76,0.35,46.53
1268626607,(주)씨앤씨테크,2024,성숙기,0,53.17,0.0,58.94,38.1,4.35,52.47
1268626999,(주)대흥소프트밀,2016,성숙기,0,35.48,0.0,19.68,46.84,3.81,51.01
1268626999,(주)대흥소프트밀,2017,성장기,0,0.0,1.7,24.1,48.92,18.09,56.65
1268626999,(주)대흥소프트밀,2018,조정기,0,56.96,38.0,92.35,49.91,6.48,39.73
1268626999,(주)대흥소프트밀,2019,성숙기,0,44.21,0.0,100.0,51.64,27.87,61.58
1268626999,(주)대흥소프트밀,2021,성숙기,0,25.99,0.0,38.9,55.39,0.13,48.84
1268626999,(주)대흥소프트밀,2022,성숙기,0,44.25,0.0,54.23,44.2,0.03,47.33
1268626999,(주)대흥소프트밀,2023,성숙기,0,24.44,0.0,55.25,56.15,0.19,48.94
1268626999,(주)대흥소프트밀,2024,성숙기,0,53.17,0.0,58.94,45.67,0.39,50.37
1268632036,(주)넥스틴,2015,도입기,0,38.29,65.4,0.0,49.87,84.19,93.67
1268632036,(주)넥스틴,2016,도입기,0,35.48,82.9,19.68,46.84,83.93,50.53
1268632036,(주)넥스틴,2017,도입기,0,0.0,70.3,24.1,30.06,20.31,11.93
1268632036,(주)넥스틴,2018,성장기,0,56.96,1.0,92.35,40.82,82.68,81.58
1268632036,(주)넥스틴,2019,조정기,0,44.21,25.7,100.0,71.33,93.89,55.65
1268632036,(주)넥스틴,2020,성장기,0,100.0,0.8,62.42,88.19,1.89,0.0
1268632036,(주)넥스틴,2021,성장기,0,25.99,1.9,38.9,31.88,0.36,48.01
1268632036,(주)넥스틴,2022,성장기,0,44.25,3.1,54.23,9.72,0.44,47.42
1268632036,(주)넥스틴,2023,성숙기,0,24.44,0.0,55.25,27.7,6.25,52.23
1268632036,(주)넥스틴,2024,성숙기,0,53.17,0.0,58.94,25.21,0.36,46.99
1268635090,청남공조(주),2022,성장기,0,44.25,3.1,54.23,36.93,14.01,47.42
1268635090,청남공조(주),2023,성숙기,0,24.44,0.0,55.25,50.57,0.58,41.21
1268635090,청남공조(주),2024,성숙기,0,53.17,0.0,58.94,40.55,0.5,50.22
1268638419,주식회사디앤씨,2020,성장기,0,100.0,0.8,62.42,60.99,7.96,50.67
1268638419,주식회사디앤씨,2021,성숙기,0,25.99,0.0,38.9,54.41,0.71,44.79
1268638419,주식회사디앤씨,2022,도입기,0,44.25,70.4,54.23,36.93,7.45,51.32
1268638419,주식회사디앤씨,2023,성장기,0,24.44,13.2,55.25,52.36,24.44,58.82
1268638419,주식회사디앤씨,2024,조정기,0,53.17,27.2,58.94,43.05,81.45,81.63
1268654699,(주)조은원대밸브,2015,도입기,0,38.29,65.4,0.0,49.87,6.61,50.22
1268654699,(주)조은원대밸브,2016,성숙기,0,35.48,0.0,19.68,46.84,14.62,55.26
1268654699,(주)조은원대밸브,2017,성숙기,0,0.0,0.0,24.1,48.92,10.11,45.84
1268654699,(주)조은원대밸브,2018,성숙기,0,56.96,0.0,92.35,44.88,14.28,48.64
1268654699,(주)조은원대밸브,2019,성숙기,0,44.21,0.0,100.0,51.59,4.03,43.94
1268654699,(주)조은원대밸브,2020,성숙기,0,100.0,0.0,62.42,58.84,13.93,56.1
1268654699,(주)조은원대밸브,2021,성숙기,0,25.99,0.0,38.9,54.44,8.54,45.85
1268654699,(주)조은원대밸브,2022,성숙기,0,44.25,0.0,54.23,39.51,5.21,45.33
1268654699,(주)조은원대밸브,2023,성숙기,0,24.44,0.0,55.25,52.57,5.9,49.31
1268654699,(주)조은원대밸브,2024,성숙기,0,53.17,0.0,58.94,42.0,48.49,73.74
1278108951,정우금속공업(주),2015,조정기,0,38.29,28.5,0.0,53.56,30.5,54.16
1278108951,정우금속공업(주),2016,조정기,0,35.48,33.5,19.68,50.87,25.43,48.02
1278108951,정우금속공업(주),2017,성숙기,0,0.0,0.0,24.1,52.8,0.66,34.19
1278108951,정우금속공업(주),2018,성숙기,0,56.96,0.0,92.35,55.44,0.35,46.08
1278108951,정우금속공업(주),2019,성숙기,0,44.21,0.0,100.0,51.99,0.24,49.63
1278108951,정우금속공업(주),2020,성숙기,0,100.0,0.0,62.42,59.94,0.24,50.67
1278108951,정우금속공업(주),2021,성숙기,0,25.99,0.0,38.9,54.86,0.7,49.12
1278108951,정우금속공업(주),2022,성숙기,0,44.25,0.0,54.23,39.94,0.28,47.13
1278108951,정우금속공업(주),2023,성숙기,0,24.44,0.0,55.25,53.06,0.27,48.85
1278108951,정우금속공업(주),2024,성숙기,0,53.17,0.0,58.94,42.5,0.24,50.25
1278111437,(주)피앤에스,2021,쇠퇴기,0,25.99,100.0,38.9,54.41,31.0,48.84
1278111437,(주)피앤에스,2022,성숙기,0,44.25,0.0,54.23,36.93,44.45,54.87
1278111437,(주)피앤에스,2023,쇠퇴기,0,24.44,100.0,55.25,50.57,12.06,30.56
1278111437,(주)피앤에스,2024,성숙기,0,53.17,0.0,58.94,36.75,2.58,44.99
1278117936,주식회사대흥쿨러,2022,성장기,0,44.25,3.1,54.23,43.23,67.4,47.42
1278117936,주식회사대흥쿨러,2023,성숙기,0,24.44,0.0,55.25,25.2,13.3,18.22
1278117936,주식회사대흥쿨러,2024,도입기,0,53.17,92.8,58.94,23.2,71.3,82.22
1278126245,주식회사명성기업,2015,성장기,0,38.29,0.0,0.0,44.13,6.7,50.46
1278126245,주식회사명성기업,2016,성장기,0,35.48,2.2,19.68,37.61,14.95,55.39
1278126245,주식회사명성기업,2017,쇠퇴기,0,0.0,100.0,24.1,39.36,17.34,49.82
1278126245,주식회사명성기업,2018,성장기,0,56.96,1.0,92.35,41.95,18.2,46.78
1278126245,주식회사명성기업,2019,쇠퇴기,0,44.21,100.0,100.0,45.26,18.13,49.59
1278126245,주식회사명성기업,2020,조정기,0,100.0,22.0,62.42,59.55,19.4,51.34
1278126245,주식회사명성기업,2021,조정기,0,25.99,24.6,38.9,56.32,16.79,47.42
1278126245,주식회사명성기업,2022,조정기,0,44.25,26.1,54.23,44.85,14.78,46.0
1278126245,주식회사명성기업,2023,성숙기,0,24.44,0.0,55.25,57.0,21.38,52.87
1278126245,주식회사명성기업,2024,성숙기,0,53.17,0.0,58.94,46.38,18.29,48.48
1278147712,동화윈(주),2015,성숙기,0,38.29,5.6,0.0,45.99,2.64,47.19
1278147712,동화윈(주),2016,성숙기,0,35.48,0.0,19.68,43.3,0.16,49.5
1278147712,동화윈(주),2017,성숙기,0,0.0,0.0,24.1,46.89,2.6,49.82
1278147712,동화윈(주),2018,조정기,0,56.96,38.0,92.35,47.34,3.56,46.8
1278147712,동화윈(주),2019,성숙기,0,44.21,0.0,100.0,50.21,5.01,50.49
1278147712,동화윈(주),2020,조정기,0,100.0,22.0,62.42,59.57,8.64,52.66
1278147712,동화윈(주),2021,성숙기,0,25.99,0.0,38.9,54.36,24.23,57.66
1278147712,동화윈(주),2022,조정기,0,44.25,26.1,54.23,40.13,10.64,39.14
1278147712,동화윈(주),2023,성숙기,0,24.44,0.0,55.25,53.11,5.74,46.13
1278147712,동화윈(주),2024,조정기,0,53.17,27.2,58.94,42.9,25.66,61.24
1278148496,주식회사지텍,2015,성숙기,0,38.29,5.6,0.0,51.46,0.48,49.74
1278148496,주식회사지텍,2016,성숙기,0,35.48,0.0,19.68,47.82,0.19,50.72
1278148496,주식회사지텍,2017,성숙기,0,0.0,0.0,24.1,48.99,0.44,48.55
1278148496,주식회사지텍,2018,성숙기,0,56.96,0.0,92.35,49.52,0.7,46.4
1278148496,주식회사지텍,2019,성숙기,0,44.21,0.0,100.0,50.94,19.1,59.93
1278148496,주식회사지텍,2020,성숙기,0,100.0,0.0,62.42,61.28,39.48,61.84
1278148496,주식회사지텍,2021,성숙기,0,25.99,0.0,38.9,57.59,77.88,70.58
1278148496,주식회사지텍,2022,쇠퇴기,1,44.25,100.0,54.23,37.11,71.07,42.45
1278153704,주식회사제일테크,2015,쇠퇴기,0,38.29,100.0,0.0,64.49,4.98,52.66
1278153704,주식회사제일테크,2016,성숙기,0,35.48,0.0,19.68,49.68,0.02,48.14
1278153704,주식회사제일테크,2017,조정기,0,0.0,35.9,24.1,49.71,6.43,52.1
1278153704,주식회사제일테크,2018,성장기,0,56.96,1.0,92.35,52.26,17.16,52.34
1278153704,주식회사제일테크,2019,성숙기,0,44.21,0.0,100.0,55.55,11.26,46.35
1278153704,주식회사제일테크,2020,쇠퇴기,0,100.0,100.0,62.42,66.69,59.31,77.06
1278153704,주식회사제일테크,2021,조정기,0,25.99,24.6,38.9,60.98,35.0,35.25
1278153704,주식회사제일테크,2022,도입기,0,44.25,70.4,54.23,41.58,71.59,68.36
1278157675,주식회사태진,2015,도입기,0,38.29,65.4,0.0,56.8,16.94,54.58
1278157675,주식회사태진,2016,도입기,0,35.48,82.9,19.68,46.93,78.89,84.88
1278157675,주식회사태진,2017,도입기,0,0.0,70.3,24.1,49.0,19.41,14.3
1278157675,주식회사태진,2018,성숙기,0,56.96,0.0,92.35,49.63,25.5,49.75
1278157675,주식회사태진,2019,도입기,0,44.21,58.1,100.0,49.85,94.36,87.93
1278157675,주식회사태진,2020,쇠퇴기,0,100.0,100.0,62.42,60.71,99.05,53.14
1278157675,주식회사태진,2021,도입기,1,25.99,71.8,38.9,59.31,88.19,42.9
1278164875,(주)일신바이오베이스,2015,조정기,0,38.29,28.5,0.0,39.52,8.91,54.2
1278164875,(주)일신바이오베이스,2016,성장기,0,35.48,2.2,19.68,43.92,0.73,46.36
1278164875,(주)일신바이오베이스,2017,성숙기,0,0.0,0.0,24.1,45.59,1.37,48.78
1278164875,(주)일신바이오베이스,2018,성숙기,0,56.96,0.0,92.35,46.15,0.88,45.98
1278164875,(주)일신바이오베이스,2019,성숙기,0,44.21,0.0,100.0,47.07,0.62,49.54
1278164875,(주)일신바이오베이스,2020,성숙기,0,100.0,0.0,62.42,56.02,0.67,50.7
1278164875,(주)일신바이오베이스,2021,성숙기,0,25.99,0.0,38.9,51.41,0.58,48.81
1278164875,(주)일신바이오베이스,2022,성숙기,0,44.25,0.0,54.23,35.53,0.66,47.42
1278164875,(주)일신바이오베이스,2023,성숙기,0,24.44,0.0,55.25,49.13,0.9,48.99
1278164875,(주)일신바이오베이스,2024,성숙기,0,53.17,0.0,58.94,39.86,1.19,50.42
1278167377,(주)우주공업사,2018,도입기,0,56.96,75.8,92.35,49.91,16.08,46.26
1278167377,(주)우주공업사,2019,성숙기,0,44.21,0.0,100.0,29.09,29.99,57.38
1278167377,(주)우주공업사,2020,성숙기,0,100.0,0.0,62.42,68.9,26.26,48.59
1278167377,(주)우주공업사,2021,성숙기,0,25.99,0.0,38.9,64.64,58.4,67.02
1278167377,(주)우주공업사,2022,도입기,0,44.25,70.4,54.23,38.84,19.12,23.69
1278167377,(주)우주공업사,2023,도입기,0,24.44,81.1,55.25,52.23,4.47,40.56
1278167377,(주)우주공업사,2024,성숙기,0,53.17,0.0,58.94,41.96,1.3,48.5
1278167421,(주)대연,2015,성숙기,0,38.29,5.6,0.0,59.66,10.83,18.0
1278167421,(주)대연,2016,도입기,0,35.48,82.9,19.68,41.15,11.35,51.13
1278167421,(주)대연,2017,쇠퇴기,0,0.0,100.0,24.1,45.08,45.11,67.9
1278167421,(주)대연,2018,조정기,0,56.96,38.0,92.35,45.47,13.3,28.38
1278167421,(주)대연,2019,도입기,0,44.21,58.1,100.0,50.01,91.17,92.98
1278167421,(주)대연,2020,성장기,0,100.0,0.8,62.42,62.02,76.33,42.42
1278167421,(주)대연,2021,성장기,1,25.99,1.9,38.9,53.61,98.45,61.46
1288105641,(주)에너토크,2015,성숙기,0,38.29,5.6,0.0,43.79,0.99,50.27
1288105641,(주)에너토크,2016,성숙기,0,35.48,0.0,19.68,42.32,1.22,51.0
1288105641,(주)에너토크,2017,성숙기,0,0.0,0.0,24.1,43.86,22.47,60.66
1288105641,(주)에너토크,2018,성숙기,0,56.96,0.0,92.35,45.44,1.75,34.59
1288105641,(주)에너토크,2019,성숙기,0,44.21,0.0,100.0,49.06,23.01,61.52
1288105641,(주)에너토크,2020,성장기,0,100.0,0.8,62.42,58.63,19.84,48.9
1288105641,(주)에너토크,2021,성장기,0,25.99,1.9,38.9,52.4,1.62,38.62
1288105641,(주)에너토크,2022,성장기,0,44.25,3.1,54.23,35.66,17.96,56.92
1288105641,(주)에너토크,2023,조정기,0,24.44,24.8,55.25,49.49,45.75,65.23
1288105641,(주)에너토크,2024,성장기,0,53.17,16.0,58.94,39.68,35.45,44.42
1288107654,세대산전(주),2015,쇠퇴기,0,38.29,100.0,0.0,49.87,8.24,16.54
1288107654,세대산전(주),2022,도입기,0,44.25,70.4,54.23,59.87,74.49,47.42
1288107654,세대산전(주),2023,도입기,0,24.44,81.1,55.25,73.73,69.34,46.77
1288107654,세대산전(주),2024,도입기,1,53.17,92.8,58.94,56.0,84.08,58.15
1288113438,(주)한국절연물산,2015,조정기,0,38.29,28.5,0.0,48.32,5.39,53.09
1288113438,(주)한국절연물산,2016,성숙기,0,35.48,0.0,19.68,46.45,2.67,49.36
1288113438,(주)한국절연물산,2017,도입기,0,0.0,70.3,24.1,48.84,36.86,68.13
1288113438,(주)한국절연물산,2018,성숙기,0,56.96,0.0,92.35,48.89,30.69,42.86
1288113438,(주)한국절연물산,2019,조정기,0,44.21,25.7,100.0,50.71,21.92,44.71
1288113438,(주)한국절연물산,2020,성장기,0,100.0,0.8,62.42,61.62,68.34,76.15
1288113438,(주)한국절연물산,2021,쇠퇴기,0,25.99,100.0,38.9,55.57,69.36,49.55
1288113438,(주)한국절연물산,2022,성숙기,0,44.25,0.0,54.23,38.06,2.25,7.27
1288113438,(주)한국절연물산,2023,성숙기,0,24.44,0.0,55.25,51.4,3.09,49.36
1288113438,(주)한국절연물산,2024,성숙기,0,53.17,0.0,58.94,41.04,0.28,48.7
1288119859,주식회사동양화공기계,2015,도입기,0,38.29,65.4,0.0,31.07,14.65,48.6
1288119859,주식회사동양화공기계,2016,성숙기,0,35.48,0.0,19.68,43.84,14.52,50.77
1288119859,주식회사동양화공기계,2017,성숙기,0,0.0,0.0,24.1,46.37,89.89,91.89
1288119859,주식회사동양화공기계,2018,도입기,0,56.96,75.8,92.35,45.25,54.62,26.54
1288119859,주식회사동양화공기계,2019,성숙기,0,44.21,0.0,100.0,47.12,16.59,28.34
1288119859,주식회사동양화공기계,2020,도입기,0,100.0,68.6,62.42,57.1,15.97,50.31
1288119859,주식회사동양화공기계,2021,성숙기,0,25.99,0.0,38.9,49.8,20.52,51.45
1288119859,주식회사동양화공기계,2022,성숙기,0,44.25,0.0,54.23,33.48,10.72,41.4
1288119859,주식회사동양화공기계,2023,성숙기,0,24.44,0.0,55.25,47.59,17.87,53.14
1288119859,주식회사동양화공기계,2024,성숙기,0,53.17,0.0,58.94,38.28,13.78,47.94
1288122524,성신공업(주),2015,조정기,0,38.29,28.5,0.0,47.37,4.26,39.75
1288122524,성신공업(주),2016,성장기,0,35.48,2.2,19.68,52.25,18.14,58.49
1288122524,성신공업(주),2017,쇠퇴기,0,0.0,100.0,24.1,52.84,60.07,72.62
1288122524,성신공업(주),2018,성장기,0,56.96,1.0,92.35,54.57,41.65,35.99
1288122524,성신공업(주),2019,쇠퇴기,0,44.21,100.0,100.0,53.62,56.9,58.04
1288122524,성신공업(주),2020,성숙기,0,100.0,0.0,62.42,59.4,49.89,46.75
1288122524,성신공업(주),2021,성숙기,0,25.99,0.0,38.9,54.68,52.61,50.48
1288122524,성신공업(주),2022,성숙기,0,44.25,0.0,54.23,40.85,18.35,26.7
1288122524,성신공업(주),2023,성숙기,0,24.44,0.0,55.25,53.85,4.52,41.03
1288122524,성신공업(주),2024,성숙기,0,53.17,0.0,58.94,43.31,2.52,49.15
1288124823,(주)KLT,2021,성장기,0,25.99,1.9,38.9,54.41,11.98,48.84
1288124823,(주)KLT,2022,성숙기,0,44.25,0.0,54.23,36.93,2.42,41.64
1288124823,(주)KLT,2023,성숙기,0,24.44,0.0,55.25,50.57,0.33,47.66
1288124823,(주)KLT,2024,성숙기,0,53.17,0.0,58.94,39.57,0.53,50.37
1288126141,주식회사듀오콤,2019,성숙기,0,44.21,0.0,100.0,51.55,4.3,49.68
1288126141,주식회사듀오콤,2020,성장기,0,100.0,0.8,62.42,60.99,0.42,48.53
1288126141,주식회사듀오콤,2021,성숙기,0,25.99,0.0,38.9,54.41,60.7,82.85
1288126141,주식회사듀오콤,2022,성장기,0,44.25,3.1,54.23,26.63,5.77,14.51
1288126141,주식회사듀오콤,2023,성장기,0,24.44,13.2,55.25,42.37,4.83,48.37
1288126141,주식회사듀오콤,2024,성장기,0,53.17,16.0,58.94,30.12,1.3,48.3
1288130193,신우공조(주),2015,성숙기,0,38.29,5.6,0.0,50.49,0.13,50.17
1288130193,신우공조(주),2016,성숙기,0,35.48,0.0,19.68,41.7,5.11,53.62
1288130193,신우공조(주),2017,조정기,0,0.0,35.9,24.1,44.57,0.07,45.51
1288130193,신우공조(주),2018,성숙기,0,56.96,0.0,92.35,47.37,0.03,46.23
1288130193,신우공조(주),2019,성장기,0,44.21,2.1,100.0,50.52,0.11,49.74
1288130193,신우공조(주),2020,성장기,0,100.0,0.8,62.42,60.88,0.94,51.12
1288130193,신우공조(주),2021,성장기,0,25.99,1.9,38.9,54.09,42.17,72.11
1288130193,신우공조(주),2022,성장기,0,44.25,3.1,54.23,34.67,5.9,25.65
1288130193,신우공조(주),2023,성장기,0,24.44,13.2,55.25,48.43,2.02,46.66
1288130193,신우공조(주),2024,성장기,0,53.17,16.0,58.94,38.98,1.27,49.85
1288141007,(주)엔터라인,2017,조정기,0,0.0,35.9,24.1,48.92,19.25,48.42
1288141007,(주)엔터라인,2018,성장기,0,56.96,1.0,92.35,49.91,53.03,65.41
1288141007,(주)엔터라인,2019,성숙기,0,44.21,0.0,100.0,51.55,24.77,33.78
1288141007,(주)엔터라인,2020,성장기,0,100.0,0.8,62.42,60.08,46.44,62.55
1288141007,(주)엔터라인,2021,성숙기,0,25.99,0.0,38.9,53.96,30.25,39.8
1288141007,(주)엔터라인,2022,성숙기,0,44.25,0.0,54.23,37.98,60.22,64.55
1288141007,(주)엔터라인,2023,성숙기,0,24.44,0.0,55.25,51.21,29.65,31.81
1288141007,(주)엔터라인,2024,조정기,0,53.17,27.2,58.94,41.53,25.83,48.05
1288145186,(주)중원냉열,2015,조정기,0,38.29,28.5,0.0,45.27,26.46,59.53
1288145186,(주)중원냉열,2016,성숙기,0,35.48,0.0,19.68,47.26,12.4,43.08
1288145186,(주)중원냉열,2017,성장기,0,0.0,1.7,24.1,50.58,49.66,69.92
1288145186,(주)중원냉열,2018,도입기,0,56.96,75.8,92.35,51.2,42.01,42.06
1288145186,(주)중원냉열,2019,성장기,0,44.21,2.1,100.0,53.87,44.45,50.91
1288145186,(주)중원냉열,2020,성장기,0,100.0,0.8,62.42,60.26,63.95,61.34
1288145186,(주)중원냉열,2021,성장기,0,25.99,1.9,38.9,54.35,50.72,41.51
1288145186,(주)중원냉열,2022,성장기,0,44.25,3.1,54.23,38.84,37.57,39.07
1288145186,(주)중원냉열,2023,조정기,0,24.44,24.8,55.25,52.1,53.09,58.34
1288145186,(주)중원냉열,2024,성장기,0,53.17,16.0,58.94,41.92,49.13,47.89
1288146375,(주)세광시앤에치,2020,조정기,0,100.0,22.0,62.42,60.99,3.48,50.67
1288146375,(주)세광시앤에치,2021,성숙기,0,25.99,0.0,38.9,54.41,0.05,46.93
1288146375,(주)세광시앤에치,2022,조정기,0,44.25,26.1,54.23,36.93,42.64,72.3
1288146375,(주)세광시앤에치,2023,성장기,0,24.44,13.2,55.25,53.52,0.24,24.71
1288146375,(주)세광시앤에치,2024,성숙기,0,53.17,0.0,58.94,43.05,27.66,65.39
1288159851,코론(주),2016,성장기,0,35.48,2.2,19.68,46.84,4.32,51.01
1288159851,코론(주),2017,성숙기,0,0.0,0.0,24.1,48.92,0.07,45.97
1288159851,코론(주),2018,쇠퇴기,0,56.96,100.0,92.35,49.91,51.21,75.17
1288159851,코론(주),2019,성장기,0,44.21,2.1,100.0,62.21,66.88,58.24
1288159851,코론(주),2020,쇠퇴기,0,100.0,100.0,62.42,61.4,6.05,17.16
1288159851,코론(주),2021,도입기,0,25.99,71.8,38.9,44.19,74.18,87.28
1288159851,코론(주),2024,도입기,0,53.17,92.8,58.94,34.29,92.78,50.27
1288177301,(주)명원엘리베이터,2015,조정기,0,38.29,28.5,0.0,49.87,64.08,75.81
1288177301,(주)명원엘리베이터,2016,성숙기,0,35.48,0.0,19.68,46.84,70.18,54.07
1288177301,(주)명원엘리베이터,2017,조정기,0,0.0,35.9,24.1,51.71,33.6,27.49
1288177301,(주)명원엘리베이터,2018,성숙기,0,56.96,0.0,92.35,51.79,34.73,46.98
1288177301,(주)명원엘리베이터,2019,도입기,0,44.21,58.1,100.0,55.71,30.94,47.46
1288177301,(주)명원엘리베이터,2020,성숙기,0,100.0,0.0,62.42,62.55,9.35,38.77
1288177301,(주)명원엘리베이터,2021,조정기,0,25.99,24.6,38.9,52.23,9.69,49.07
1288177301,(주)명원엘리베이터,2022,도입기,0,44.25,70.4,54.23,37.17,36.45,62.92
1288177301,(주)명원엘리베이터,2023,쇠퇴기,0,24.44,100.0,55.25,50.64,32.98,47.28
1288177301,(주)명원엘리베이터,2024,성장기,0,53.17,16.0,58.94,40.68,5.14,34.78
1288181353,(주)오토팩코리아,2015,성장기,0,38.29,0.0,0.0,49.87,10.07,50.22
1288181353,(주)오토팩코리아,2016,도입기,0,35.48,82.9,19.68,46.84,14.21,53.12
1288181353,(주)오토팩코리아,2017,도입기,0,0.0,70.3,24.1,48.92,11.74,47.02
1288181353,(주)오토팩코리아,2018,도입기,0,56.96,75.8,92.35,46.76,83.97,87.13
1288181353,(주)오토팩코리아,2019,성숙기,0,44.21,0.0,100.0,54.66,89.48,52.47
1288181353,(주)오토팩코리아,2020,조정기,1,100.0,22.0,62.42,63.35,97.6,55.03
1288183346,(주)한우물,2015,도입기,0,38.29,65.4,0.0,49.87,17.3,52.82
1288183346,(주)한우물,2016,도입기,0,35.48,82.9,19.68,46.84,22.21,53.53
1288183346,(주)한우물,2017,도입기,0,0.0,70.3,24.1,48.9,23.72,49.34
1288183346,(주)한우물,2018,도입기,0,56.96,75.8,92.35,49.29,22.69,45.73
1288183346,(주)한우물,2019,조정기,0,44.21,25.7,100.0,49.55,22.48,49.5
1288183346,(주)한우물,2020,쇠퇴기,0,100.0,100.0,62.42,60.51,21.32,50.01
1288183346,(주)한우물,2021,도입기,0,25.99,71.8,38.9,50.62,22.77,49.71
1288183346,(주)한우물,2022,성숙기,0,44.25,0.0,54.23,35.19,18.24,44.45
1288183346,(주)한우물,2023,성숙기,0,24.44,0.0,55.25,48.89,9.17,43.8
1288183346,(주)한우물,2024,성숙기,0,53.17,0.0,58.94,39.01,16.09,54.05
1288184516,주식회사크리콤,2015,성장기,0,38.29,0.0,0.0,49.87,9.49,31.53
1288184516,주식회사크리콤,2016,조정기,0,35.48,33.5,19.68,46.84,5.59,48.71
1288184516,주식회사크리콤,2017,성숙기,0,0.0,0.0,24.1,66.59,2.18,46.45
1288184516,주식회사크리콤,2018,성숙기,0,56.96,0.0,92.35,63.7,34.81,64.71
1288184516,주식회사크리콤,2019,성숙기,0,44.21,0.0,100.0,63.13,4.25,32.56
1288184516,주식회사크리콤,2020,성숙기,0,100.0,0.0,62.42,62.41,4.31,50.7
1288184516,주식회사크리콤,2021,도입기,0,25.99,71.8,38.9,58.33,4.87,49.18
1288184516,주식회사크리콤,2022,성숙기,0,44.25,0.0,54.23,35.13,1.54,45.37
1288184516,주식회사크리콤,2023,도입기,0,24.44,81.1,55.25,48.95,6.09,51.52
1288184516,주식회사크리콤,2024,조정기,0,53.17,27.2,58.94,39.12,0.52,47.17
1288189622,(주)금원하이텍,2015,조정기,0,38.29,28.5,0.0,47.27,14.05,24.98
1288189622,(주)금원하이텍,2016,성장기,0,35.48,2.2,19.68,48.78,2.12,44.28
1288189622,(주)금원하이텍,2017,도입기,0,0.0,70.3,24.1,52.51,14.48,55.54
1288189622,(주)금원하이텍,2018,조정기,0,56.96,38.0,92.35,51.24,6.86,41.98
1288189622,(주)금원하이텍,2019,도입기,0,44.21,58.1,100.0,51.13,21.59,57.87
1288189622,(주)금원하이텍,2020,도입기,0,100.0,68.6,62.42,62.35,15.14,47.1
1288189622,(주)금원하이텍,2021,도입기,0,25.99,71.8,38.9,56.34,14.53,48.54
1288189622,(주)금원하이텍,2022,성장기,0,44.25,3.1,54.23,38.73,67.87,78.41
1288189622,(주)금원하이텍,2023,성장기,0,24.44,13.2,55.25,51.9,30.5,27.96
1288189622,(주)금원하이텍,2024,성숙기,0,53.17,0.0,58.94,41.59,3.04,35.0
1288192127,(주)대창엔지니어링,2015,도입기,0,38.29,65.4,0.0,49.87,16.42,54.43
1288192127,(주)대창엔지니어링,2016,성숙기,0,35.48,0.0,19.68,46.84,25.26,55.7
1288617026,(주)더스탠다드,2017,성장기,0,0.0,1.7,24.1,48.92,24.02,48.42
1288617026,(주)더스탠다드,2018,성숙기,0,56.96,0.0,92.35,49.91,20.74,44.46
1288617026,(주)더스탠다드,2019,성장기,0,44.21,2.1,100.0,51.55,12.85,45.23
1288617026,(주)더스탠다드,2020,성숙기,0,100.0,0.0,62.42,58.42,9.81,48.98
1288617026,(주)더스탠다드,2021,성장기,0,25.99,1.9,38.9,52.18,4.89,46.1
1288617026,(주)더스탠다드,2022,성장기,0,44.25,3.1,54.23,39.79,7.95,49.11
1288617026,(주)더스탠다드,2023,성장기,0,24.44,13.2,55.25,52.78,7.35,48.6
1288617026,(주)더스탠다드,2024,성장기,0,53.17,16.0,58.94,42.28,7.38,50.26
1288635081,(주)파인텍,2015,성숙기,0,38.29,5.6,0.0,59.93,1.36,49.88
1288635081,(주)파인텍,2016,도입기,0,35.48,82.9,19.68,43.25,79.78,93.98
1288635081,(주)파인텍,2017,성숙기,0,0.0,0.0,24.1,43.12,45.85,29.03
1288635081,(주)파인텍,2018,성숙기,0,56.96,0.0,92.35,43.56,75.47,63.12
1288635081,(주)파인텍,2019,성숙기,0,44.21,0.0,100.0,53.25,40.41,29.92
1288635081,(주)파인텍,2020,쇠퇴기,0,100.0,100.0,62.42,56.25,90.81,78.32
1288635081,(주)파인텍,2021,성숙기,0,25.99,0.0,38.9,49.44,56.08,29.43
1288635081,(주)파인텍,2022,성숙기,0,44.25,0.0,54.23,32.75,9.4,19.39
1288635081,(주)파인텍,2023,성숙기,0,24.44,0.0,55.25,47.14,63.17,80.24
1288635081,(주)파인텍,2024,성숙기,0,53.17,0.0,58.94,38.61,12.02,21.81
1288638884,(주)워피온,2021,성장기,0,25.99,1.9,38.9,54.41,14.8,48.84
1288638884,(주)워피온,2022,도입기,0,44.25,70.4,54.23,36.93,83.83,87.59
1288638884,(주)워피온,2023,성숙기,0,24.44,0.0,55.25,50.57,23.06,14.54
1288638884,(주)워피온,2024,성장기,0,53.17,16.0,58.94,41.32,13.11,44.69
1298114838,(주)스펙스,2015,성숙기,0,38.29,5.6,0.0,49.87,0.32,50.27
1298114838,(주)스펙스,2016,조정기,0,35.48,33.5,19.68,47.94,0.09,50.75
1298114838,(주)스펙스,2017,조정기,0,0.0,35.9,24.1,49.52,0.52,48.66
1298114838,(주)스펙스,2018,성숙기,0,56.96,0.0,92.35,50.34,0.52,46.25
1298114838,(주)스펙스,2019,성숙기,0,44.21,0.0,100.0,50.03,0.08,49.44
1298114838,(주)스펙스,2020,성숙기,0,100.0,0.0,62.42,58.42,4.61,53.15
1298114838,(주)스펙스,2021,조정기,0,25.99,24.6,38.9,53.2,8.69,51.17
1298114838,(주)스펙스,2022,성장기,0,44.25,3.1,54.23,36.49,43.45,67.61
1298114838,(주)스펙스,2023,성장기,0,24.44,13.2,55.25,50.17,14.09,32.31
1298114838,(주)스펙스,2024,성장기,0,53.17,16.0,58.94,39.89,5.76,45.62
1298123036,씨에스케이주식회사,2015,성숙기,0,38.29,5.6,0.0,0.0,2.38,51.39
1298123036,씨에스케이주식회사,2016,성숙기,0,35.48,0.0,19.68,30.34,0.15,49.64
1298123036,씨에스케이주식회사,2017,성숙기,0,0.0,0.0,24.1,31.86,0.73,48.75
1298123036,씨에스케이주식회사,2018,성숙기,0,56.96,0.0,92.35,36.05,0.48,46.11
1298123036,씨에스케이주식회사,2019,성숙기,0,44.21,0.0,100.0,53.11,0.05,49.45
1298123036,씨에스케이주식회사,2020,조정기,0,100.0,22.0,62.42,62.36,2.02,51.75
1298123036,씨에스케이주식회사,2021,성숙기,0,25.99,0.0,38.9,54.93,0.05,47.75
1298123036,씨에스케이주식회사,2022,성숙기,0,44.25,0.0,54.23,36.88,0.08,47.4
1298123036,씨에스케이주식회사,2023,성숙기,0,24.44,0.0,55.25,50.26,0.23,48.93
1298123036,씨에스케이주식회사,2024,조정기,0,53.17,27.2,58.94,40.62,0.67,50.51
1298123356,(주)에이치비테크놀러지,2015,성숙기,0,38.29,5.6,0.0,100.0,2.53,43.9
1298123356,(주)에이치비테크놀러지,2016,성숙기,0,35.48,0.0,19.68,33.97,1.11,50.09
1298123356,(주)에이치비테크놀러지,2017,성숙기,0,0.0,0.0,24.1,37.73,0.82,48.25
1298123356,(주)에이치비테크놀러지,2018,성숙기,0,56.96,0.0,92.35,35.97,7.09,49.8
1298123356,(주)에이치비테크놀러지,2019,성장기,0,44.21,2.1,100.0,51.84,2.45,47.09
1298123356,(주)에이치비테크놀러지,2020,성장기,0,100.0,0.8,62.42,65.65,25.37,63.26
1298123356,(주)에이치비테크놀러지,2021,성장기,0,25.99,1.9,38.9,61.03,63.2,70.23
1298123356,(주)에이치비테크놀러지,2022,조정기,0,44.25,26.1,54.23,32.86,13.48,17.53
1298123356,(주)에이치비테크놀러지,2023,쇠퇴기,0,24.44,100.0,55.25,46.99,59.19,75.6
1298123356,(주)에이치비테크놀러지,2024,성장기,0,53.17,16.0,58.94,38.24,69.49,55.73
1298123958,유씨티코리아(주),2016,쇠퇴기,0,35.48,100.0,19.68,46.84,11.07,51.01
1298123958,유씨티코리아(주),2017,성숙기,0,0.0,0.0,24.1,48.92,2.95,43.75
1298123958,유씨티코리아(주),2018,성숙기,0,56.96,0.0,92.35,49.91,3.79,46.73
1298123958,유씨티코리아(주),2019,성숙기,0,44.21,0.0,100.0,52.53,0.22,47.69
1298123958,유씨티코리아(주),2020,성숙기,0,100.0,0.0,62.42,63.07,0.41,50.77
1298123958,유씨티코리아(주),2021,성숙기,0,25.99,0.0,38.9,51.5,0.06,48.66
1298123958,유씨티코리아(주),2022,성장기,0,44.25,3.1,54.23,36.82,17.35,57.5
1298123958,유씨티코리아(주),2023,성장기,0,24.44,13.2,55.25,50.15,11.14,45.45
1298123958,유씨티코리아(주),2024,성숙기,0,53.17,0.0,58.94,40.88,1.43,44.87
1298125688,매슨인터내셔널코리아(주),2023,성숙기,0,24.44,0.0,55.25,50.57,4.12,48.85
1298125688,매슨인터내셔널코리아(주),2024,성숙기,0,53.17,0.0,58.94,0.0,3.8,50.07
1298128424,애크리온코리아(주),2022,성숙기,0,44.25,0.0,54.23,36.93,19.27,47.42
1298128424,애크리온코리아(주),2023,조정기,0,24.44,24.8,55.25,50.57,29.54,55.05
1298128424,애크리온코리아(주),2024,성숙기,0,53.17,0.0,58.94,40.55,4.58,36.38
1298133266,(주)유니테스트,2015,성숙기,0,38.29,5.6,0.0,69.39,1.07,49.11
1298133266,(주)유니테스트,2016,성숙기,0,35.48,0.0,19.68,55.49,5.48,53.29
1298133266,(주)유니테스트,2017,성숙기,0,0.0,0.0,24.1,50.18,0.11,45.33
1298133266,(주)유니테스트,2018,성숙기,0,56.96,0.0,92.35,48.96,0.11,46.25
1298133266,(주)유니테스트,2019,성숙기,0,44.21,0.0,100.0,49.39,0.13,49.7
1298133266,(주)유니테스트,2020,성숙기,0,100.0,0.0,62.42,72.34,21.03,62.15
1298133266,(주)유니테스트,2021,성숙기,0,25.99,0.0,38.9,70.83,63.23,72.69
1298133266,(주)유니테스트,2022,쇠퇴기,0,44.25,100.0,54.23,41.34,65.74,48.08
1298133266,(주)유니테스트,2023,조정기,0,24.44,24.8,55.25,54.07,0.11,11.49
1298133266,(주)유니테스트,2024,도입기,0,53.17,92.8,58.94,42.9,70.69,89.21
1298133397,(주)리드,2020,쇠퇴기,0,100.0,100.0,62.42,60.99,95.25,50.67
1298133742,코스텍시스템주식회사,2015,성숙기,0,38.29,5.6,0.0,72.34,0.36,50.2
1298133742,코스텍시스템주식회사,2016,성숙기,0,35.48,0.0,19.68,48.46,31.05,67.74
1298133742,코스텍시스템주식회사,2017,도입기,0,0.0,70.3,24.1,50.69,25.06,45.03
1298133742,코스텍시스템주식회사,2018,성장기,0,56.96,1.0,92.35,48.16,59.84,65.99
1298133742,코스텍시스템주식회사,2019,도입기,0,44.21,58.1,100.0,49.54,44.53,40.97
1298133742,코스텍시스템주식회사,2020,성장기,0,100.0,0.8,62.42,66.94,20.4,37.36
1298135890,(주)엔피엑스,2015,성장기,0,38.29,0.0,0.0,49.87,12.21,50.22
1298135890,(주)엔피엑스,2016,도입기,0,35.48,82.9,19.68,46.84,23.03,56.79
1298135890,(주)엔피엑스,2017,쇠퇴기,0,0.0,100.0,24.1,48.92,92.43,88.47
1298135890,(주)엔피엑스,2018,조정기,0,56.96,38.0,92.35,50.59,11.91,0.96
1298135890,(주)엔피엑스,2019,도입기,0,44.21,58.1,100.0,24.58,89.56,92.87
1298135890,(주)엔피엑스,2020,성숙기,0,100.0,0.0,62.42,58.66,70.26,39.96
1298135890,(주)엔피엑스,2021,성숙기,0,25.99,0.0,38.9,53.94,8.74,14.29
1298135890,(주)엔피엑스,2022,성숙기,0,44.25,0.0,54.23,36.09,1.19,42.85
1298135890,(주)엔피엑스,2023,조정기,0,24.44,24.8,55.25,49.8,51.37,78.05
1298135890,(주)엔피엑스,2024,조정기,0,53.17,27.2,58.94,41.24,66.96,58.68
1298137447,헬러코리아(주),2015,도입기,0,38.29,65.4,0.0,40.04,45.9,72.95
1298137447,헬러코리아(주),2016,성숙기,0,35.48,0.0,19.68,45.06,16.76,34.75
1298137447,헬러코리아(주),2017,성숙기,0,0.0,0.0,24.1,48.75,18.8,49.63
1298137447,헬러코리아(주),2018,성숙기,0,56.96,0.0,92.35,49.83,0.45,35.92
1298137447,헬러코리아(주),2019,성숙기,0,44.21,0.0,100.0,49.52,0.13,49.51
1298137447,헬러코리아(주),2020,성숙기,0,100.0,0.0,62.42,56.48,0.09,50.65
1298137447,헬러코리아(주),2021,성숙기,0,25.99,0.0,38.9,50.79,0.09,48.86
1298137447,헬러코리아(주),2022,성숙기,0,44.25,0.0,54.23,36.17,0.31,47.51
1298137447,헬러코리아(주),2023,성숙기,0,24.44,0.0,55.25,49.93,5.33,51.77
1298137447,헬러코리아(주),2024,성숙기,0,53.17,0.0,58.94,40.94,0.28,47.46
1298139445,에이펫(주),2015,성숙기,0,38.29,5.6,0.0,42.65,14.11,11.53
1298139445,에이펫(주),2016,성숙기,0,35.48,0.0,19.68,48.56,14.25,50.92
1298139445,에이펫(주),2017,성숙기,0,0.0,0.0,24.1,48.84,5.9,43.63
1298139445,에이펫(주),2018,성숙기,0,56.96,0.0,92.35,52.93,13.11,50.34
1298139445,에이펫(주),2019,도입기,0,44.21,58.1,100.0,50.13,7.83,46.71
1298139445,에이펫(주),2020,성장기,0,100.0,0.8,62.42,55.27,1.23,47.03
1298139445,에이펫(주),2021,조정기,0,25.99,24.6,38.9,47.65,1.14,48.81
1298139445,에이펫(주),2022,성장기,0,44.25,3.1,54.23,39.25,4.46,49.31
1298139445,에이펫(주),2023,도입기,0,24.44,81.1,55.25,52.37,15.12,55.1
1298139445,에이펫(주),2024,도입기,0,53.17,92.8,58.94,43.75,91.51,92.36
1298139450,(주)에이앤디코퍼레이션,2015,쇠퇴기,1,38.29,100.0,0.0,38.63,98.19,50.48
1298140428,(주)엑시콘,2015,성장기,0,38.29,0.0,0.0,25.06,1.81,45.21
1298140428,(주)엑시콘,2016,성숙기,0,35.48,0.0,19.68,46.41,1.42,50.65
1298140428,(주)엑시콘,2017,성숙기,0,0.0,0.0,24.1,45.4,1.29,48.34
1298140428,(주)엑시콘,2018,성숙기,0,56.96,0.0,92.35,49.18,2.84,47.13
1298140428,(주)엑시콘,2019,성숙기,0,44.21,0.0,100.0,56.26,83.27,94.45
1298140428,(주)엑시콘,2020,성숙기,0,100.0,0.0,62.42,68.9,0.48,5.08
1298140428,(주)엑시콘,2021,성숙기,0,25.99,0.0,38.9,50.66,6.62,52.33
1298140428,(주)엑시콘,2022,쇠퇴기,0,44.25,100.0,54.23,32.33,6.2,47.06
1298140428,(주)엑시콘,2023,조정기,0,24.44,24.8,55.25,46.74,17.22,55.33
1298140428,(주)엑시콘,2024,도입기,0,53.17,92.8,58.94,38.06,65.47,76.83
1298144690,에이치비솔루션(주),2015,쇠퇴기,0,38.29,100.0,0.0,62.48,11.34,55.58
1298144690,에이치비솔루션(주),2016,도입기,0,35.48,82.9,19.68,24.57,7.94,48.98
1298144690,에이치비솔루션(주),2017,성숙기,0,0.0,0.0,24.1,31.78,1.05,44.46
1298144690,에이치비솔루션(주),2018,성장기,0,56.96,1.0,92.35,33.17,0.12,45.73
1298144690,에이치비솔루션(주),2019,성장기,0,44.21,2.1,100.0,34.09,5.61,52.75
1298144690,에이치비솔루션(주),2020,성장기,0,100.0,0.8,62.42,60.05,64.74,83.15
1298144690,에이치비솔루션(주),2021,성장기,0,25.99,1.9,38.9,63.3,45.37,38.04
1298144690,에이치비솔루션(주),2022,성숙기,0,44.25,0.0,54.23,52.69,2.4,21.69
1298144690,에이치비솔루션(주),2023,성숙기,0,24.44,0.0,55.25,64.99,2.81,49.12
1298144690,에이치비솔루션(주),2024,성숙기,0,53.17,0.0,58.94,54.36,17.17,58.17
1298154669,(주)유니젯,2021,도입기,0,25.99,71.8,38.9,54.41,37.05,48.84
1298154669,(주)유니젯,2022,도입기,0,44.25,70.4,54.23,36.93,81.48,72.92
1298154669,(주)유니젯,2023,도입기,0,24.44,81.1,55.25,50.57,20.17,14.2
1298154669,(주)유니젯,2024,도입기,0,53.17,92.8,58.94,31.34,80.64,83.56
1298161549,에이치제이에스이엔지(주),2018,성장기,0,56.96,1.0,92.35,49.91,3.61,46.26
1298161549,에이치제이에스이엔지(주),2019,성숙기,0,44.21,0.0,100.0,51.55,0.08,47.72
1298161549,에이치제이에스이엔지(주),2020,쇠퇴기,0,100.0,100.0,62.42,60.99,6.33,54.1
1298161549,에이치제이에스이엔지(주),2021,성장기,0,25.99,1.9,38.9,50.93,0.14,45.38
1298161549,에이치제이에스이엔지(주),2022,쇠퇴기,0,44.25,100.0,54.23,36.54,4.89,50.16
1298161549,에이치제이에스이엔지(주),2023,성장기,0,24.44,13.2,55.25,50.05,65.08,83.91
1298161549,에이치제이에스이엔지(주),2024,조정기,0,53.17,27.2,58.94,40.68,25.44,28.16
1298163057,(주)피티씨,2015,성숙기,0,38.29,5.6,0.0,45.57,0.18,50.2
1298163057,(주)피티씨,2016,성숙기,0,35.48,0.0,19.68,43.36,0.01,50.78
1298163057,(주)피티씨,2017,성숙기,0,0.0,0.0,24.1,46.33,0.03,48.42
1298163057,(주)피티씨,2018,성숙기,0,56.96,0.0,92.35,51.25,0.06,46.26
1298163057,(주)피티씨,2019,성숙기,0,44.21,0.0,100.0,51.72,0.06,49.69
1298163057,(주)피티씨,2020,조정기,0,100.0,22.0,62.42,65.39,4.68,53.2
1298163057,(주)피티씨,2021,조정기,0,25.99,24.6,38.9,58.64,0.0,46.23
1298163057,(주)피티씨,2022,조정기,0,44.25,26.1,54.23,43.01,0.13,47.46
1298163057,(주)피티씨,2023,쇠퇴기,0,24.44,100.0,55.25,55.35,51.24,78.57
1298163057,(주)피티씨,2024,성숙기,0,53.17,0.0,58.94,45.74,0.13,21.88
1298166452,(주)오로스테크놀로지,2015,도입기,0,38.29,65.4,0.0,49.87,90.04,58.4
1298166452,(주)오로스테크놀로지,2016,도입기,0,35.48,82.9,19.68,44.28,8.01,5.58
1298166452,(주)오로스테크놀로지,2017,도입기,0,0.0,70.3,24.1,48.41,14.53,52.19
1298166452,(주)오로스테크놀로지,2018,성숙기,0,56.96,0.0,92.35,48.66,1.28,38.8
1298166452,(주)오로스테크놀로지,2019,성숙기,0,44.21,0.0,100.0,28.02,0.38,49.18
1298166452,(주)오로스테크놀로지,2020,성숙기,0,100.0,0.0,62.42,57.51,8.24,54.99
1298166452,(주)오로스테크놀로지,2021,성장기,0,25.99,1.9,38.9,59.25,1.82,45.26
1298166452,(주)오로스테크놀로지,2022,쇠퇴기,0,44.25,100.0,54.23,50.58,65.51,84.62
1298166452,(주)오로스테크놀로지,2023,성숙기,0,24.44,0.0,55.25,61.52,1.62,12.5
1298166452,(주)오로스테크놀로지,2024,도입기,0,53.17,92.8,58.94,49.14,7.05,53.26
1298168111,멜콘주식회사,2015,성숙기,0,38.29,5.6,0.0,49.87,0.19,50.07
1298168111,멜콘주식회사,2016,성숙기,0,35.48,0.0,19.68,46.09,62.58,85.16
1298168111,멜콘주식회사,2017,성숙기,0,0.0,0.0,24.1,46.76,0.11,12.55
1298168111,멜콘주식회사,2018,성숙기,0,56.96,0.0,92.35,57.63,0.29,46.35
1298168111,멜콘주식회사,2019,성숙기,0,44.21,0.0,100.0,57.85,7.22,53.55
1298168111,멜콘주식회사,2020,조정기,0,100.0,22.0,62.42,73.88,0.71,47.08
1298168111,멜콘주식회사,2021,조정기,0,25.99,24.6,38.9,58.07,0.15,48.55
1298168111,멜콘주식회사,2022,조정기,0,44.25,26.1,54.23,39.95,0.99,47.87
1298168111,멜콘주식회사,2023,성숙기,0,24.44,0.0,55.25,52.7,6.0,51.78
1298168111,멜콘주식회사,2024,조정기,0,53.17,27.2,58.94,42.75,18.01,56.87
1298169992,(주)영우디에스피,2015,성장기,0,38.29,0.0,0.0,97.28,35.6,66.85
1298169992,(주)영우디에스피,2016,도입기,0,35.48,82.9,19.68,39.92,5.63,34.32
1298169992,(주)영우디에스피,2017,성장기,0,0.0,1.7,24.1,49.77,57.54,78.35
1298169992,(주)영우디에스피,2018,조정기,0,56.96,38.0,92.35,51.12,87.04,63.08
1298169992,(주)영우디에스피,2019,조정기,0,44.21,25.7,100.0,66.26,41.57,24.09
1298169992,(주)영우디에스피,2020,조정기,0,100.0,22.0,62.42,76.07,1.8,28.76
1298169992,(주)영우디에스피,2021,성숙기,0,25.99,0.0,38.9,66.21,2.01,48.98
1298169992,(주)영우디에스피,2022,성숙기,0,44.25,0.0,54.23,38.0,84.35,95.53
1298169992,(주)영우디에스피,2023,조정기,0,24.44,24.8,55.25,51.07,88.77,52.46
1298169992,(주)영우디에스피,2024,쇠퇴기,1,53.17,100.0,58.94,40.97,84.41,47.53
1298170617,주식회사더오포,2020,성장기,0,100.0,0.8,62.42,60.99,3.77,50.67
1298170617,주식회사더오포,2021,도입기,0,25.99,71.8,38.9,54.41,10.02,52.39
1298170617,주식회사더오포,2022,성장기,0,44.25,3.1,54.23,36.93,4.83,44.22
1298170617,주식회사더오포,2023,조정기,0,24.44,24.8,55.25,48.28,6.69,49.99
1298170617,주식회사더오포,2024,성숙기,0,53.17,0.0,58.94,40.03,3.18,48.3
1298174267,(주)애플티,2018,성장기,0,56.96,1.0,92.35,49.91,3.78,46.26
1298174267,(주)애플티,2019,조정기,0,44.21,25.7,100.0,51.55,2.5,48.97
1298174267,(주)애플티,2020,성장기,0,100.0,0.8,62.42,60.99,25.09,63.08
1298174267,(주)애플티,2021,성장기,0,25.99,1.9,38.9,45.51,2.36,36.09
1298174267,(주)애플티,2022,성장기,0,44.25,3.1,54.23,41.36,31.38,64.33
1298174267,(주)애플티,2023,성숙기,0,24.44,0.0,55.25,54.82,4.66,33.7
1298174267,(주)애플티,2024,도입기,0,53.17,92.8,58.94,44.22,67.22,84.77
1298178206,(주)티로보틱스,2015,성장기,0,38.29,0.0,0.0,51.3,99.46,96.54
1298178206,(주)티로보틱스,2016,성숙기,0,35.48,0.0,19.68,39.52,25.47,9.97
1298178206,(주)티로보틱스,2017,성장기,0,0.0,1.7,24.1,52.1,7.79,38.28
1298178206,(주)티로보틱스,2018,성장기,0,56.96,1.0,92.35,50.98,0.39,42.08
1298178206,(주)티로보틱스,2019,성장기,0,44.21,2.1,100.0,59.19,82.14,95.19
1298178206,(주)티로보틱스,2020,성장기,0,100.0,0.8,62.42,71.71,31.66,22.84
1298178206,(주)티로보틱스,2021,도입기,0,25.99,71.8,38.9,60.54,90.54,82.11
1298178206,(주)티로보틱스,2022,성장기,0,44.25,3.1,54.23,33.33,85.67,43.43
1298178206,(주)티로보틱스,2023,도입기,1,24.44,81.1,55.25,47.55,87.86,51.18
1298191801,(주)싸이맥스,2015,성장기,0,38.29,0.0,0.0,63.17,0.65,50.46
1298191801,(주)싸이맥스,2016,쇠퇴기,0,35.48,100.0,19.68,46.15,4.56,53.02
1298191801,(주)싸이맥스,2017,성장기,0,0.0,1.7,24.1,49.49,0.06,45.82
1298191801,(주)싸이맥스,2018,성숙기,0,56.96,0.0,92.35,58.27,0.32,46.4
1298191801,(주)싸이맥스,2019,조정기,0,44.21,25.7,100.0,63.41,26.78,64.42
1298191801,(주)싸이맥스,2020,조정기,0,100.0,22.0,62.42,74.05,0.25,36.06
1298191801,(주)싸이맥스,2021,조정기,0,25.99,24.6,38.9,51.42,0.07,48.76
1298191801,(주)싸이맥스,2022,도입기,0,44.25,70.4,54.23,35.66,4.41,49.92
1298191801,(주)싸이맥스,2023,조정기,0,24.44,24.8,55.25,49.09,0.32,46.52
1298191801,(주)싸이맥스,2024,조정기,0,53.17,27.2,58.94,40.14,0.18,50.19
1298192509,주식회사고성엔지니어링,2017,성장기,0,0.0,1.7,24.1,48.92,3.61,48.42
1298192509,주식회사고성엔지니어링,2018,조정기,0,56.96,38.0,92.35,49.91,8.35,48.94
1298192509,주식회사고성엔지니어링,2019,도입기,0,44.21,58.1,100.0,51.55,6.98,48.9
1298192509,주식회사고성엔지니어링,2020,조정기,0,100.0,22.0,62.42,63.58,4.8,49.46
1298192509,주식회사고성엔지니어링,2021,성숙기,0,25.99,0.0,38.9,45.46,0.51,46.45
1298192509,주식회사고성엔지니어링,2022,도입기,0,44.25,70.4,54.23,32.86,5.66,50.38
1298192509,주식회사고성엔지니어링,2023,도입기,0,24.44,81.1,55.25,46.72,58.7,79.77
1298192509,주식회사고성엔지니어링,2024,도입기,0,53.17,92.8,58.94,37.65,68.57,55.5
1298198032,(주)브이원텍,2015,성숙기,0,38.29,5.6,0.0,49.87,0.46,50.33
1298198032,(주)브이원텍,2016,성숙기,0,35.48,0.0,19.68,48.94,0.11,50.69
1298198032,(주)브이원텍,2017,성장기,0,0.0,1.7,24.1,52.4,1.42,49.17
1298198032,(주)브이원텍,2018,성장기,0,56.96,1.0,92.35,54.76,0.91,45.96
1298198032,(주)브이원텍,2019,성장기,0,44.21,2.1,100.0,53.74,0.65,49.55
1298198032,(주)브이원텍,2020,성숙기,0,100.0,0.0,62.42,74.71,0.54,50.6
1298198032,(주)브이원텍,2021,성숙기,0,25.99,0.0,38.9,63.79,1.86,49.61
1298198032,(주)브이원텍,2022,쇠퇴기,0,44.25,100.0,54.23,45.65,63.77,83.58
1298198032,(주)브이원텍,2023,성장기,0,24.44,13.2,55.25,57.62,59.07,46.91
1298198032,(주)브이원텍,2024,성장기,1,53.17,16.0,58.94,45.9,65.35,53.51
1298684509,(주)유로파이앤씨,2017,성숙기,0,0.0,0.0,24.1,48.92,19.15,48.42
1298684509,(주)유로파이앤씨,2018,조정기,0,56.96,38.0,92.35,49.91,4.12,37.8
1298684509,(주)유로파이앤씨,2019,조정기,0,44.21,25.7,100.0,51.55,2.84,48.97
1298684509,(주)유로파이앤씨,2021,조정기,0,25.99,24.6,38.9,60.26,6.48,48.84
1298684509,(주)유로파이앤씨,2022,도입기,0,44.25,70.4,54.23,40.57,36.41,64.81
1298684509,(주)유로파이앤씨,2023,성숙기,0,24.44,0.0,55.25,54.35,40.19,51.5
1298684509,(주)유로파이앤씨,2024,조정기,0,53.17,27.2,58.94,45.23,43.41,51.9
1308100241,(주)파라텍,2015,조정기,0,38.29,28.5,0.0,60.58,2.64,51.37
1308100241,(주)파라텍,2016,도입기,0,35.48,82.9,19.68,49.49,9.39,54.58
1308100241,(주)파라텍,2017,쇠퇴기,0,0.0,100.0,24.1,53.85,5.61,46.25
1308100241,(주)파라텍,2018,도입기,0,56.96,75.8,92.35,52.72,54.92,74.15
1308100241,(주)파라텍,2019,성숙기,0,44.21,0.0,100.0,58.48,63.45,54.25
1308100241,(주)파라텍,2020,조정기,0,100.0,22.0,62.42,68.86,4.29,18.08
1308100241,(주)파라텍,2021,조정기,0,25.99,24.6,38.9,60.16,59.71,80.12
1308100241,(주)파라텍,2022,조정기,0,44.25,26.1,54.23,39.45,62.66,48.38
1308100241,(주)파라텍,2023,도입기,1,24.44,81.1,55.25,53.04,71.91,55.0
1308101352,(주)디와이홀딩스,2015,쇠퇴기,0,38.29,100.0,0.0,38.45,61.54,71.06
1308101352,(주)디와이홀딩스,2016,성숙기,0,35.48,0.0,19.68,71.3,3.55,18.86
1308101352,(주)디와이홀딩스,2017,조정기,0,0.0,35.9,24.1,100.0,2.95,48.08
1308101352,(주)디와이홀딩스,2018,성장기,0,56.96,1.0,92.35,83.1,4.5,47.14
1308101352,(주)디와이홀딩스,2019,조정기,0,44.21,25.7,100.0,85.44,21.37,59.07
1308101352,(주)디와이홀딩스,2020,도입기,0,100.0,68.6,62.42,86.63,20.92,50.4
1308101352,(주)디와이홀딩스,2021,성숙기,0,25.99,0.0,38.9,78.94,27.33,52.51
1308101352,(주)디와이홀딩스,2022,도입기,0,44.25,70.4,54.23,44.8,31.79,49.66
1308101352,(주)디와이홀딩스,2023,조정기,0,24.44,24.8,55.25,56.69,31.5,49.07
1308101352,(주)디와이홀딩스,2024,도입기,0,53.17,92.8,58.94,46.63,87.71,81.17
1308104607,(주)유진기연사,2015,성장기,0,38.29,0.0,0.0,49.87,10.59,52.92
1308104607,(주)유진기연사,2016,성장기,0,35.48,2.2,19.68,46.84,66.19,81.41
1308104607,(주)유진기연사,2017,성숙기,0,0.0,0.0,24.1,57.03,76.38,54.43
1308104607,(주)유진기연사,2018,성장기,0,56.96,1.0,92.35,55.91,32.96,21.9
1308104607,(주)유진기연사,2019,도입기,0,44.21,58.1,100.0,52.38,28.85,47.29
1308104607,(주)유진기연사,2020,도입기,0,100.0,68.6,62.42,63.69,81.97,79.83
1308104607,(주)유진기연사,2021,도입기,0,25.99,71.8,38.9,55.67,73.26,44.09
1308104607,(주)유진기연사,2022,쇠퇴기,1,44.25,100.0,54.23,36.62,72.85,46.24
1308108369,한일듀프로(주),2015,성숙기,0,38.29,5.6,0.0,50.63,1.0,50.43
1308108369,한일듀프로(주),2016,조정기,0,35.48,33.5,19.68,45.27,21.45,62.11
1308108369,한일듀프로(주),2017,조정기,0,0.0,35.9,24.1,47.31,0.67,36.48
1308108369,한일듀프로(주),2018,성숙기,0,56.96,0.0,92.35,49.2,1.2,46.55
1308108369,한일듀프로(주),2019,성숙기,0,44.21,0.0,100.0,49.87,63.39,84.3
1308109164,(주)삼양발브종합메이커,2015,성숙기,0,38.29,5.6,0.0,56.14,0.82,50.24
1308109164,(주)삼양발브종합메이커,2016,성숙기,0,35.48,0.0,19.68,51.42,0.88,50.91
1308109164,(주)삼양발브종합메이커,2017,성숙기,0,0.0,0.0,24.1,52.95,0.91,48.43
1308109164,(주)삼양발브종합메이커,2018,성숙기,0,56.96,0.0,92.35,53.99,1.4,46.53
1308109164,(주)삼양발브종합메이커,2019,성숙기,0,44.21,0.0,100.0,50.7,6.86,52.73
1308109164,(주)삼양발브종합메이커,2020,성숙기,0,100.0,0.0,62.42,61.84,0.71,47.28
1308109164,(주)삼양발브종합메이커,2021,성숙기,0,25.99,0.0,38.9,54.75,32.06,66.54
1308109164,(주)삼양발브종합메이커,2022,성숙기,0,44.25,0.0,54.23,34.93,42.98,53.38
1308109164,(주)삼양발브종합메이커,2023,성숙기,0,24.44,0.0,55.25,48.87,29.56,41.57
1308109164,(주)삼양발브종합메이커,2024,성숙기,0,53.17,0.0,58.94,39.2,10.95,39.89
1308111151,이화기계(주),2018,성숙기,0,56.96,0.0,92.35,49.91,3.77,46.26
1308111151,이화기계(주),2019,성숙기,0,44.21,0.0,100.0,51.55,0.03,47.6
1308111151,이화기계(주),2020,성숙기,0,100.0,0.0,62.42,60.99,0.05,50.67
1308111151,이화기계(주),2021,성숙기,0,25.99,0.0,38.9,49.44,4.16,51.18
1308111151,이화기계(주),2022,성숙기,0,44.25,0.0,54.23,33.91,2.41,46.31
1308111151,이화기계(주),2023,조정기,0,24.44,24.8,55.25,47.05,9.27,52.87
1308111151,이화기계(주),2024,조정기,0,53.17,27.2,58.94,37.67,7.07,49.02
1308123720,(주)대성자동포장기계,2019,성장기,0,44.21,2.1,100.0,51.55,12.82,49.68
1308123720,(주)대성자동포장기계,2020,조정기,0,100.0,22.0,62.42,60.99,73.28,83.88
1308123720,(주)대성자동포장기계,2024,도입기,0,53.17,92.8,58.94,40.55,19.55,50.27
1308126673,(주)대영초음파,2015,성숙기,0,38.29,5.6,0.0,47.32,0.18,50.11
1308126673,(주)대영초음파,2016,성숙기,0,35.48,0.0,19.68,51.74,0.14,50.85
1308126673,(주)대영초음파,2017,성숙기,0,0.0,0.0,24.1,51.41,4.5,50.93
1308126673,(주)대영초음파,2018,성숙기,0,56.96,0.0,92.35,50.15,0.27,43.87
1308126673,(주)대영초음파,2019,성숙기,0,44.21,0.0,100.0,49.66,4.61,52.11
1308126673,(주)대영초음파,2020,성숙기,0,100.0,0.0,62.42,60.53,0.03,48.15
1308126673,(주)대영초음파,2021,성장기,0,25.99,1.9,38.9,52.87,29.38,65.41
1308126673,(주)대영초음파,2022,조정기,0,44.25,26.1,54.23,33.5,37.21,51.6
1308126673,(주)대영초음파,2023,조정기,0,24.44,24.8,55.25,47.6,29.09,44.59
1308126673,(주)대영초음파,2024,조정기,0,53.17,27.2,58.94,37.83,17.05,43.52
1308127459,주식회사모텍스,2015,성숙기,0,38.29,5.6,0.0,44.94,35.94,69.74
1308127459,주식회사모텍스,2016,성숙기,0,35.48,0.0,19.68,44.48,73.3,71.32
1308127459,주식회사모텍스,2017,성장기,0,0.0,1.7,24.1,46.3,56.12,38.68
1308127459,주식회사모텍스,2018,성숙기,0,56.96,0.0,92.35,47.49,59.96,48.57
1308127459,주식회사모텍스,2019,조정기,0,44.21,25.7,100.0,50.57,70.67,55.45
1308127459,주식회사모텍스,2020,쇠퇴기,0,100.0,100.0,62.42,58.73,73.31,52.04
1308127459,주식회사모텍스,2021,조정기,0,25.99,24.6,38.9,54.12,18.5,18.08
1308127459,주식회사모텍스,2022,조정기,0,44.25,26.1,54.23,39.1,44.09,62.12
1308127459,주식회사모텍스,2023,조정기,0,24.44,24.8,55.25,52.27,6.54,27.55
1308127459,주식회사모텍스,2024,성숙기,0,53.17,0.0,58.94,41.82,53.24,76.01
1308130366,주식회사인맥,2015,조정기,1,38.29,28.5,0.0,57.21,80.35,53.29
1308133247,(주)흥아기연,2015,조정기,0,38.29,28.5,0.0,50.17,0.27,50.15
1308133247,(주)흥아기연,2016,성장기,0,35.48,2.2,19.68,46.9,0.57,51.04
1308133247,(주)흥아기연,2017,성숙기,0,0.0,0.0,24.1,47.54,0.59,48.42
1308133247,(주)흥아기연,2018,성숙기,0,56.96,0.0,92.35,49.16,0.43,46.16
1308133247,(주)흥아기연,2019,성숙기,0,44.21,0.0,100.0,47.99,0.38,49.66
1308133247,(주)흥아기연,2020,성숙기,0,100.0,0.0,62.42,59.83,0.53,50.75
1308133247,(주)흥아기연,2021,성숙기,0,25.99,0.0,38.9,53.7,0.5,48.85
1308133247,(주)흥아기연,2022,성숙기,0,44.25,0.0,54.23,38.87,0.58,47.42
1308133247,(주)흥아기연,2023,성숙기,0,24.44,0.0,55.25,52.01,0.66,48.9
1308133247,(주)흥아기연,2024,성숙기,0,53.17,0.0,58.94,41.86,0.69,50.28
1308136434,(주)코세스,2015,성숙기,1,38.29,5.6,0.0,39.93,84.48,59.03
1308139300,제일베어링공업(주),2015,성장기,0,38.29,0.0,0.0,45.13,6.62,47.23
1308139300,제일베어링공업(주),2016,성장기,0,35.48,2.2,19.68,47.75,13.29,54.53
1308139300,제일베어링공업(주),2017,성장기,0,0.0,1.7,24.1,50.0,6.71,44.65
1308139300,제일베어링공업(주),2018,성숙기,0,56.96,0.0,92.35,51.76,1.63,43.4
1308139300,제일베어링공업(주),2019,성숙기,0,44.21,0.0,100.0,53.5,0.89,49.27
1308141000,(주)일신밸브,2015,성숙기,0,38.29,5.6,0.0,45.94,72.0,89.34
1308141000,(주)일신밸브,2016,성숙기,0,35.48,0.0,19.68,39.87,5.05,13.91
1308141000,(주)일신밸브,2017,성숙기,0,0.0,0.0,24.1,46.12,0.31,45.69
1308141000,(주)일신밸브,2018,성숙기,0,56.96,0.0,92.35,45.81,19.6,57.16
1308141000,(주)일신밸브,2019,성숙기,0,44.21,0.0,100.0,56.61,24.83,52.54
1308141000,(주)일신밸브,2020,성숙기,0,100.0,0.0,62.42,60.4,5.82,40.19
1308141000,(주)일신밸브,2021,성장기,0,25.99,1.9,38.9,46.12,7.74,49.96
1308141000,(주)일신밸브,2022,조정기,0,44.25,26.1,54.23,29.96,1.54,43.66
1308141000,(주)일신밸브,2023,도입기,0,24.44,81.1,55.25,44.58,4.61,50.66
1308141000,(주)일신밸브,2024,성숙기,0,53.17,0.0,58.94,35.77,0.26,47.85
1308142445,(주)세종파마텍,2015,성숙기,0,38.29,5.6,0.0,48.97,0.32,46.81
1308142445,(주)세종파마텍,2016,성장기,0,35.48,2.2,19.68,44.38,1.51,51.53
1308142445,(주)세종파마텍,2017,성장기,0,0.0,1.7,24.1,48.1,0.32,47.73
1308142445,(주)세종파마텍,2018,성장기,0,56.96,1.0,92.35,49.25,0.23,46.2
1308142445,(주)세종파마텍,2019,성숙기,0,44.21,0.0,100.0,50.46,0.14,49.64
1308142445,(주)세종파마텍,2020,성숙기,0,100.0,0.0,62.42,64.01,0.27,50.74
1308142445,(주)세종파마텍,2021,성숙기,0,25.99,0.0,38.9,57.29,1.28,49.43
1308142445,(주)세종파마텍,2022,조정기,0,44.25,26.1,54.23,39.51,2.03,47.8
1308142445,(주)세종파마텍,2023,성숙기,0,24.44,0.0,55.25,52.77,0.36,47.91
1308142445,(주)세종파마텍,2024,성장기,0,53.17,16.0,58.94,42.15,0.25,50.2
1308146382,킴스엔지니어링(주),2015,성숙기,1,38.29,5.6,0.0,49.87,95.89,70.87
1308148037,(주)맥스,2015,성장기,0,38.29,0.0,0.0,49.87,41.96,47.0
1308148037,(주)맥스,2016,쇠퇴기,0,35.48,100.0,19.68,48.01,63.22,62.46
1308148037,(주)맥스,2017,쇠퇴기,0,0.0,100.0,24.1,50.94,64.44,49.26
1308148610,(주)제이스로보틱스,2015,성장기,0,38.29,0.0,0.0,56.73,0.21,50.1
1308148610,(주)제이스로보틱스,2016,성숙기,0,35.48,0.0,19.68,54.62,0.02,50.77
1308148610,(주)제이스로보틱스,2017,성숙기,0,0.0,0.0,24.1,61.8,0.41,48.63
1308148610,(주)제이스로보틱스,2018,성숙기,0,56.96,0.0,92.35,76.85,6.71,49.82
1308148610,(주)제이스로보틱스,2019,도입기,0,44.21,58.1,100.0,89.05,43.33,70.05
1308148610,(주)제이스로보틱스,2020,성장기,0,100.0,0.8,62.42,83.07,54.15,56.57
1308148610,(주)제이스로보틱스,2021,조정기,0,25.99,24.6,38.9,75.67,33.52,37.32
1308148610,(주)제이스로보틱스,2022,성숙기,0,44.25,0.0,54.23,40.04,0.26,27.51
1308148610,(주)제이스로보틱스,2023,성숙기,0,24.44,0.0,55.25,53.33,56.02,81.28
1308148610,(주)제이스로보틱스,2024,성숙기,0,53.17,0.0,58.94,44.16,66.19,55.67
1308149813,청호나이스주식회사,2015,성숙기,0,38.29,5.6,0.0,51.24,2.85,50.33
1308149813,청호나이스주식회사,2016,성숙기,0,35.48,0.0,19.68,47.08,10.57,55.11
1308149813,청호나이스주식회사,2017,성숙기,0,0.0,0.0,24.1,49.01,2.52,43.79
1308149813,청호나이스주식회사,2018,성숙기,0,56.96,0.0,92.35,49.27,49.86,73.03
1308149813,청호나이스주식회사,2019,성숙기,0,44.21,0.0,100.0,51.51,2.11,22.95
1308149813,청호나이스주식회사,2020,성숙기,0,100.0,0.0,62.42,61.13,7.95,53.87
1308149813,청호나이스주식회사,2021,성숙기,0,25.99,0.0,38.9,52.46,9.29,49.63
1308149813,청호나이스주식회사,2022,쇠퇴기,0,44.25,100.0,54.23,35.18,8.78,46.97
1308149813,청호나이스주식회사,2023,쇠퇴기,0,24.44,100.0,55.25,48.99,4.25,46.32
1308149813,청호나이스주식회사,2024,조정기,0,53.17,27.2,58.94,39.29,3.93,50.08
1308150983,(주)상신,2015,성장기,0,38.29,0.0,0.0,49.87,15.57,50.78
1308150983,(주)상신,2016,성장기,0,35.48,2.2,19.68,44.03,86.74,89.95
1308150983,(주)상신,2017,성장기,0,0.0,1.7,24.1,47.22,16.98,8.39
1308150983,(주)상신,2018,성숙기,0,56.96,0.0,92.35,46.88,43.39,61.23
1308150983,(주)상신,2019,성숙기,0,44.21,0.0,100.0,52.95,18.05,35.44
1308150983,(주)상신,2020,쇠퇴기,0,100.0,100.0,62.42,63.44,77.44,83.29
1308151298,동산전자부품(주),2017,성장기,0,0.0,1.7,24.1,48.92,26.3,48.42
1308151298,동산전자부품(주),2018,성장기,0,56.96,1.0,92.35,49.91,94.35,84.81
1308151298,동산전자부품(주),2019,성장기,0,44.21,2.1,100.0,51.55,59.0,29.69
1308152278,다이후쿠코리아(주),2015,성숙기,0,38.29,5.6,0.0,48.9,7.52,50.17
1308152278,다이후쿠코리아(주),2016,성숙기,0,35.48,0.0,19.68,57.95,3.51,48.65
1308152278,다이후쿠코리아(주),2017,성숙기,0,0.0,0.0,24.1,57.55,1.01,46.98
1308152278,다이후쿠코리아(주),2018,성숙기,0,56.96,0.0,92.35,57.3,24.76,59.68
1308152278,다이후쿠코리아(주),2019,성숙기,0,44.21,0.0,100.0,53.11,9.36,41.04
1308152278,다이후쿠코리아(주),2020,쇠퇴기,0,100.0,100.0,62.42,65.04,26.79,60.24
1308152278,다이후쿠코리아(주),2021,쇠퇴기,0,25.99,100.0,38.9,50.86,76.62,77.0
1308152278,다이후쿠코리아(주),2022,쇠퇴기,0,44.25,100.0,54.23,35.55,11.37,8.28
1308152278,다이후쿠코리아(주),2023,조정기,0,24.44,24.8,55.25,49.01,2.98,44.11
1308152278,다이후쿠코리아(주),2024,성숙기,0,53.17,0.0,58.94,38.31,1.89,49.65
1308154029,에스알씨주식회사,2015,성숙기,0,38.29,5.6,0.0,57.8,2.31,50.43
1308154029,에스알씨주식회사,2016,성장기,0,35.48,2.2,19.68,43.38,1.4,50.36
1308154029,에스알씨주식회사,2017,성숙기,0,0.0,0.0,24.1,45.63,6.38,51.29
1308154029,에스알씨주식회사,2018,성숙기,0,56.96,0.0,92.35,50.82,1.07,43.26
1308154029,에스알씨주식회사,2019,성숙기,0,44.21,0.0,100.0,54.3,0.83,49.56
1308154029,에스알씨주식회사,2020,조정기,0,100.0,22.0,62.42,59.25,29.69,66.53
1308154029,에스알씨주식회사,2021,성숙기,0,25.99,0.0,38.9,59.25,40.16,54.81
1308154029,에스알씨주식회사,2022,성숙기,0,44.25,0.0,54.23,39.14,27.09,39.25
1308154029,에스알씨주식회사,2023,성숙기,0,24.44,0.0,55.25,52.37,44.03,59.03
1308154029,에스알씨주식회사,2024,성숙기,0,53.17,0.0,58.94,42.19,5.8,29.01
1308156181,키밸브기술주식회사,2015,쇠퇴기,0,38.29,100.0,0.0,30.97,5.32,53.07
1308156181,키밸브기술주식회사,2016,조정기,0,35.48,33.5,19.68,60.99,2.13,49.11
1308156181,키밸브기술주식회사,2017,조정기,0,0.0,35.9,24.1,58.46,42.87,71.9
1308156181,키밸브기술주식회사,2018,조정기,0,56.96,38.0,92.35,52.97,26.76,37.25
1308156181,키밸브기술주식회사,2019,조정기,0,44.21,25.7,100.0,51.36,68.38,72.77
1308156181,키밸브기술주식회사,2020,조정기,0,100.0,22.0,62.42,64.49,43.32,36.82
1308156181,키밸브기술주식회사,2021,성숙기,0,25.99,0.0,38.9,45.64,28.2,40.4
1308156181,키밸브기술주식회사,2022,성숙기,0,44.25,0.0,54.23,30.94,57.82,64.37
1308156181,키밸브기술주식회사,2023,성숙기,0,24.44,0.0,55.25,45.46,34.54,36.02
1308156181,키밸브기술주식회사,2024,성숙기,0,53.17,0.0,58.94,36.76,13.54,38.55
1308156518,(주)제이티,2015,도입기,0,38.29,65.4,0.0,46.12,76.09,89.82
1308156518,(주)제이티,2016,도입기,0,35.48,82.9,19.68,36.06,91.82,59.34
1308156518,(주)제이티,2017,도입기,1,0.0,70.3,24.1,35.96,75.16,39.02
1308157841,주식회사협진기계,2015,조정기,0,38.29,28.5,0.0,49.87,4.04,50.22
1308157841,주식회사협진기계,2016,성숙기,0,35.48,0.0,19.68,46.84,0.05,48.67
1308157841,주식회사협진기계,2017,성장기,0,0.0,1.7,24.1,48.92,0.31,48.56
1308157841,주식회사협진기계,2018,성장기,0,56.96,1.0,92.35,53.0,0.14,46.15
1308157841,주식회사협진기계,2019,성장기,0,44.21,2.1,100.0,45.57,2.46,50.99
1308157841,주식회사협진기계,2020,성장기,0,100.0,0.8,62.42,58.87,2.45,50.65
1308157894,주식회사삼천리기계,2015,성장기,0,38.29,0.0,0.0,53.27,6.93,51.0
1308157894,주식회사삼천리기계,2016,도입기,0,35.48,82.9,19.68,48.15,37.18,67.49
1308157894,주식회사삼천리기계,2017,성숙기,0,0.0,0.0,24.1,46.05,27.32,42.81
1308157894,주식회사삼천리기계,2018,성장기,0,56.96,1.0,92.35,49.35,8.64,35.76
1308157894,주식회사삼천리기계,2019,성숙기,0,44.21,0.0,100.0,49.55,8.38,49.51
1308157894,주식회사삼천리기계,2020,조정기,0,100.0,22.0,62.42,62.84,40.37,68.24
1308157894,주식회사삼천리기계,2021,성숙기,0,25.99,0.0,38.9,55.85,7.9,30.62
1308157894,주식회사삼천리기계,2022,성숙기,0,44.25,0.0,54.23,41.37,6.54,46.49
1308157894,주식회사삼천리기계,2023,성숙기,0,24.44,0.0,55.25,54.15,6.37,48.83
1308157894,주식회사삼천리기계,2024,성숙기,0,53.17,0.0,58.94,43.76,4.37,49.14
1308159534,(주)스프레이오토텍,2015,쇠퇴기,0,38.29,100.0,0.0,49.87,99.1,57.58
1308159645,주식회사일산,2017,성장기,0,0.0,1.7,24.1,48.92,6.04,48.42
1308159645,주식회사일산,2018,성숙기,0,56.96,0.0,92.35,49.91,8.46,47.64
1308159645,주식회사일산,2019,조정기,0,44.21,25.7,100.0,51.55,90.69,95.43
1308159645,주식회사일산,2020,성숙기,0,100.0,0.0,62.42,66.05,37.69,21.44
1308159645,주식회사일산,2021,성장기,0,25.99,1.9,38.9,50.31,3.09,29.42
1308159645,주식회사일산,2022,성숙기,0,44.25,0.0,54.23,41.27,7.96,50.19
1308159645,주식회사일산,2023,성숙기,0,24.44,0.0,55.25,53.54,9.53,49.86
1308159645,주식회사일산,2024,성숙기,0,53.17,0.0,58.94,43.22,5.63,48.08
1308160759,신광정공(주),2015,성장기,0,38.29,0.0,0.0,53.64,71.27,86.6
1308160759,신광정공(주),2016,쇠퇴기,0,35.48,100.0,19.68,36.29,72.83,51.57
1308160759,신광정공(주),2017,성장기,0,0.0,1.7,24.1,39.86,26.97,22.14
1308160759,신광정공(주),2018,쇠퇴기,0,56.96,100.0,92.35,44.34,61.9,66.08
1308160759,신광정공(주),2019,쇠퇴기,0,44.21,100.0,100.0,52.9,90.76,65.54
1308160759,신광정공(주),2020,쇠퇴기,1,100.0,100.0,62.42,67.8,97.91,54.5
1308161947,삼일테크주식회사,2018,조정기,0,56.96,38.0,92.35,34.72,34.24,46.26
1308161947,삼일테크주식회사,2019,조정기,0,44.21,25.7,100.0,23.81,35.42,50.23
1308161947,삼일테크주식회사,2021,조정기,0,25.99,24.6,38.9,67.35,53.64,48.84
1308161947,삼일테크주식회사,2022,조정기,0,44.25,26.1,54.23,44.55,0.76,15.79
1308161947,삼일테크주식회사,2023,성숙기,0,24.44,0.0,55.25,55.69,0.06,48.45
1308161947,삼일테크주식회사,2024,성숙기,0,53.17,0.0,58.94,45.36,2.59,51.66
1308163192,(주)스타텍,2015,조정기,0,38.29,28.5,0.0,67.21,8.77,18.35
1308163192,(주)스타텍,2016,조정기,0,35.48,33.5,19.68,60.07,1.22,46.71
1308163192,(주)스타텍,2017,조정기,0,0.0,35.9,24.1,61.13,61.77,83.32
1308163192,(주)스타텍,2018,성숙기,0,56.96,0.0,92.35,55.22,32.13,29.65
1308163192,(주)스타텍,2019,성장기,0,44.21,2.1,100.0,49.29,8.65,36.51
1308164279,(주)영진플렉스,2015,성장기,0,38.29,0.0,0.0,49.87,0.62,50.39
1308164279,(주)영진플렉스,2016,성숙기,0,35.48,0.0,19.68,49.91,0.01,50.54
1308164279,(주)영진플렉스,2017,도입기,0,0.0,70.3,24.1,50.7,4.31,50.89
1308164279,(주)영진플렉스,2018,성장기,0,56.96,1.0,92.35,52.9,0.17,43.92
1308164279,(주)영진플렉스,2019,조정기,0,44.21,25.7,100.0,52.89,53.32,79.27
1308164279,(주)영진플렉스,2020,도입기,0,100.0,68.6,62.42,62.2,77.16,63.71
1308164279,(주)영진플렉스,2021,성숙기,0,25.99,0.0,38.9,58.53,6.99,9.42
1308164279,(주)영진플렉스,2022,성장기,0,44.25,3.1,54.23,42.32,8.37,48.1
1308164279,(주)영진플렉스,2023,성장기,0,24.44,13.2,55.25,55.01,3.69,46.23
1308164279,(주)영진플렉스,2024,성장기,0,53.17,16.0,58.94,43.96,0.86,48.69
1308164342,(주)씰테크,2016,성숙기,0,35.48,0.0,19.68,46.84,4.76,51.01
1308164342,(주)씰테크,2017,성숙기,0,0.0,0.0,24.1,48.92,1.06,46.29
1308164342,(주)씰테크,2018,성숙기,0,56.96,0.0,92.35,49.91,4.8,48.37
1308164342,(주)씰테크,2019,성장기,0,44.21,2.1,100.0,55.67,41.12,69.89
1308164342,(주)씰테크,2020,성장기,0,100.0,0.8,62.42,64.61,8.7,32.81
1308164342,(주)씰테크,2021,성장기,0,25.99,1.9,38.9,54.19,2.99,45.65
1308164342,(주)씰테크,2022,성장기,0,44.25,3.1,54.23,37.69,6.39,49.34
1308164342,(주)씰테크,2023,성숙기,0,24.44,0.0,55.25,51.11,4.69,47.94
1308164342,(주)씰테크,2024,쇠퇴기,0,53.17,100.0,58.94,41.37,69.91,86.23
1308166433,(주)유니락,2015,성장기,0,38.29,0.0,0.0,51.46,8.42,53.49
1308166433,(주)유니락,2016,성장기,0,35.48,2.2,19.68,49.68,2.54,47.62
1308166433,(주)유니락,2017,성장기,0,0.0,1.7,24.1,53.23,1.04,47.55
1308166433,(주)유니락,2018,도입기,0,56.96,75.8,92.35,56.12,9.25,50.9
1308166433,(주)유니락,2019,조정기,0,44.21,25.7,100.0,59.37,34.23,63.56
1308166433,(주)유니락,2020,성숙기,0,100.0,0.0,62.42,66.51,1.64,32.71
1308166433,(주)유니락,2021,성숙기,0,25.99,0.0,38.9,52.34,0.68,48.33
1308166433,(주)유니락,2022,성숙기,0,44.25,0.0,54.23,37.16,0.73,47.4
1308166433,(주)유니락,2023,성숙기,0,24.44,0.0,55.25,50.73,1.15,49.1
1308166433,(주)유니락,2024,성숙기,0,53.17,0.0,58.94,41.32,6.57,53.25
1308167198,(주)이시다매뉴팩쳐링코리아,2017,조정기,0,0.0,35.9,24.1,48.92,6.06,48.42
1308167198,(주)이시다매뉴팩쳐링코리아,2018,성장기,0,56.96,1.0,92.35,49.91,0.66,43.21
1308167198,(주)이시다매뉴팩쳐링코리아,2019,조정기,0,44.21,25.7,100.0,47.0,6.31,52.84
1308167198,(주)이시다매뉴팩쳐링코리아,2020,조정기,0,100.0,22.0,62.42,60.66,5.29,50.1
1308167198,(주)이시다매뉴팩쳐링코리아,2021,조정기,0,25.99,24.6,38.9,53.12,3.15,47.66
1308167198,(주)이시다매뉴팩쳐링코리아,2022,성숙기,0,44.25,0.0,54.23,37.33,5.03,48.44
1308167198,(주)이시다매뉴팩쳐링코리아,2023,성숙기,0,24.44,0.0,55.25,50.89,7.76,50.5
1308167198,(주)이시다매뉴팩쳐링코리아,2024,성숙기,0,53.17,0.0,58.94,40.74,0.26,46.1
1308167693,(주)백천기계,2015,성숙기,0,38.29,5.6,0.0,49.87,5.57,50.22
1308167693,(주)백천기계,2016,성숙기,0,35.48,0.0,19.68,46.84,0.02,47.81
1308167693,(주)백천기계,2017,성숙기,0,0.0,0.0,24.1,48.92,0.68,48.79
1308167693,(주)백천기계,2018,성숙기,0,56.96,0.0,92.35,46.69,0.25,46.01
1308167693,(주)백천기계,2019,성숙기,0,44.21,0.0,100.0,49.58,0.54,49.85
1308168843,대화기공주식회사,2019,도입기,0,44.21,58.1,100.0,51.55,32.01,49.68
1308168843,대화기공주식회사,2020,도입기,0,100.0,68.6,62.42,60.99,94.37,84.91
1308168843,대화기공주식회사,2021,도입기,1,25.99,71.8,38.9,54.41,90.7,46.94
1308169541,경원기계공업(주),2015,조정기,0,38.29,28.5,0.0,51.64,4.24,52.42
1308169541,경원기계공업(주),2016,성숙기,0,35.48,0.0,19.68,45.72,0.05,48.56
1308169541,경원기계공업(주),2017,성숙기,0,0.0,0.0,24.1,47.71,3.91,50.64
1308169541,경원기계공업(주),2018,성숙기,0,56.96,0.0,92.35,48.25,0.53,44.35
1308169541,경원기계공업(주),2019,성숙기,0,44.21,0.0,100.0,50.83,0.05,49.42
1308169541,경원기계공업(주),2020,성숙기,0,100.0,0.0,62.42,60.65,0.03,50.66
1308169541,경원기계공업(주),2021,성숙기,0,25.99,0.0,38.9,53.49,4.33,51.29
1308169541,경원기계공업(주),2022,조정기,0,44.25,26.1,54.23,36.88,2.26,46.12
1308169541,경원기계공업(주),2023,성장기,0,24.44,13.2,55.25,50.45,0.66,47.95
1308169541,경원기계공업(주),2024,성장기,0,53.17,16.0,58.94,40.62,0.17,49.99
1308170072,케이피엘밸브공업주식회사,2015,성숙기,0,38.29,5.6,0.0,29.3,13.77,50.7
1308170072,케이피엘밸브공업주식회사,2016,조정기,0,35.48,33.5,19.68,40.06,28.69,59.04
1308170072,케이피엘밸브공업주식회사,2017,도입기,0,0.0,70.3,24.1,41.87,94.53,86.43
1308170072,케이피엘밸브공업주식회사,2018,쇠퇴기,0,56.96,100.0,92.35,42.4,55.0,24.14
1308170072,케이피엘밸브공업주식회사,2019,성숙기,1,44.21,0.0,100.0,44.18,54.24,49.08
1308170223,피케이텍시스템주식회사,2015,성장기,0,38.29,0.0,0.0,57.46,49.48,70.72
1308170223,피케이텍시스템주식회사,2016,성장기,0,35.48,2.2,19.68,49.19,80.38,67.74
1308170223,피케이텍시스템주식회사,2017,조정기,0,0.0,35.9,24.1,51.03,71.21,43.31
1308170223,피케이텍시스템주식회사,2018,성장기,0,56.96,1.0,92.35,51.11,16.14,15.3
1308170223,피케이텍시스템주식회사,2019,도입기,0,44.21,58.1,100.0,54.15,61.28,74.76
1308170223,피케이텍시스템주식회사,2020,도입기,0,100.0,68.6,62.42,64.45,48.97,43.84
1308170223,피케이텍시스템주식회사,2021,도입기,0,25.99,71.8,38.9,55.91,84.67,69.07
1308170223,피케이텍시스템주식회사,2022,쇠퇴기,0,44.25,100.0,54.23,36.84,85.84,47.03
1308170470,시너스주식회사,2015,조정기,0,38.29,28.5,0.0,50.69,0.41,50.13
1308170470,시너스주식회사,2016,성숙기,0,35.48,0.0,19.68,51.5,0.14,50.72
1308170470,시너스주식회사,2017,성장기,0,0.0,1.7,24.1,53.43,40.99,71.96
1308170470,시너스주식회사,2018,성숙기,0,56.96,0.0,92.35,54.89,0.16,23.27
1308170470,시너스주식회사,2019,성장기,0,44.21,2.1,100.0,53.33,3.9,51.78
1308170470,시너스주식회사,2020,성숙기,0,100.0,0.0,62.42,63.9,0.03,48.54
1308170470,시너스주식회사,2021,조정기,0,25.99,24.6,38.9,50.52,0.07,48.88
1308170470,시너스주식회사,2022,성숙기,0,44.25,0.0,54.23,33.64,0.05,47.37
1308170470,시너스주식회사,2023,성숙기,0,24.44,0.0,55.25,47.73,0.25,48.97
1308170470,시너스주식회사,2024,성숙기,0,53.17,0.0,58.94,38.74,0.07,50.16
1308172328,(주)천우엔지니어링,2017,조정기,0,0.0,35.9,24.1,48.92,4.25,48.42
1308172328,(주)천우엔지니어링,2018,성숙기,0,56.96,0.0,92.35,49.91,1.58,44.75
1308172328,(주)천우엔지니어링,2019,성숙기,0,44.21,0.0,100.0,51.55,1.05,49.39
1308172842,(주)신도기연,2017,조정기,0,0.0,35.9,24.1,48.92,1.06,48.42
1308172842,(주)신도기연,2018,성장기,0,56.96,1.0,92.35,99.89,4.3,48.09
1308172842,(주)신도기연,2019,성장기,0,44.21,2.1,100.0,92.71,0.03,47.3
1308172842,(주)신도기연,2020,성장기,0,100.0,0.8,62.42,82.83,65.54,86.67
1308172842,(주)신도기연,2021,성숙기,0,25.99,0.0,38.9,88.65,34.02,31.2
1308172842,(주)신도기연,2022,조정기,1,44.25,26.1,54.23,41.21,66.2,65.79
1308173536,하나엔비택(주),2019,도입기,0,44.21,58.1,100.0,51.55,27.1,49.68
1308173536,하나엔비택(주),2020,도입기,0,100.0,68.6,62.42,60.99,76.21,77.62
1308173536,하나엔비택(주),2021,도입기,0,25.99,71.8,38.9,54.41,8.51,10.81
1308173536,하나엔비택(주),2022,성숙기,0,44.25,0.0,54.23,34.8,23.2,55.87
1308173536,하나엔비택(주),2023,성숙기,0,24.44,0.0,55.25,50.19,5.51,38.85
1308173536,하나엔비택(주),2024,성숙기,0,53.17,0.0,58.94,41.13,7.21,51.18
1308176305,(주)중화정밀,2015,성장기,0,38.29,0.0,0.0,49.87,35.01,50.22
1308176305,(주)중화정밀,2016,쇠퇴기,0,35.48,100.0,19.68,46.84,82.13,76.69
1308176305,(주)중화정밀,2017,도입기,0,0.0,70.3,24.1,48.92,54.05,32.41
1308176305,(주)중화정밀,2018,쇠퇴기,0,56.96,100.0,92.35,57.77,83.08,62.81
1308176305,(주)중화정밀,2019,쇠퇴기,0,44.21,100.0,100.0,52.05,97.54,57.45
1308176305,(주)중화정밀,2021,쇠퇴기,1,25.99,100.0,38.9,52.33,73.25,48.84
1308180833,에너지움(주),2015,성장기,0,38.29,0.0,0.0,49.87,4.37,50.22
1308180833,에너지움(주),2016,도입기,0,35.48,82.9,19.68,46.84,5.75,51.62
1308180833,에너지움(주),2017,성숙기,0,0.0,0.0,24.1,48.92,0.98,45.67
1308180833,에너지움(주),2018,성숙기,0,56.96,0.0,92.35,43.7,0.29,45.87
1308180833,에너지움(주),2019,성숙기,0,44.21,0.0,100.0,53.0,19.87,60.58
1308180833,에너지움(주),2020,성장기,0,100.0,0.8,62.42,57.84,0.56,40.03
1308180833,에너지움(주),2021,성장기,0,25.99,1.9,38.9,52.93,61.75,83.36
1308180833,에너지움(주),2022,성장기,0,44.25,3.1,54.23,34.64,29.61,27.83
1308180833,에너지움(주),2023,성숙기,0,24.44,0.0,55.25,48.64,10.1,37.87
1308180833,에너지움(주),2024,성숙기,0,53.17,0.0,58.94,38.84,3.06,46.34
1308182243,(주)닛신세이코코리아,2017,성장기,0,0.0,1.7,24.1,48.92,7.83,48.42
1308182243,(주)닛신세이코코리아,2018,쇠퇴기,0,56.96,100.0,92.35,49.91,64.04,78.06
1308182243,(주)닛신세이코코리아,2019,성숙기,0,44.21,0.0,100.0,51.55,49.55,41.41
1308182243,(주)닛신세이코코리아,2020,쇠퇴기,0,100.0,100.0,62.42,58.15,78.53,66.54
1308184372,(주)북두엔지니어링,2015,성숙기,0,38.29,5.6,0.0,57.15,0.13,46.68
1308184372,(주)북두엔지니어링,2016,성숙기,0,35.48,0.0,19.68,57.46,0.13,50.87
1308184372,(주)북두엔지니어링,2017,성숙기,0,0.0,0.0,24.1,55.71,5.66,51.6
1308184372,(주)북두엔지니어링,2018,쇠퇴기,0,56.96,100.0,92.35,52.52,4.83,45.8
1308184372,(주)북두엔지니어링,2019,쇠퇴기,0,44.21,100.0,100.0,45.29,0.18,47.09
1308184372,(주)북두엔지니어링,2020,쇠퇴기,0,100.0,100.0,62.42,60.47,4.85,53.23
1308184372,(주)북두엔지니어링,2021,성숙기,0,25.99,0.0,38.9,54.07,27.89,61.86
1308184372,(주)북두엔지니어링,2022,조정기,0,44.25,26.1,54.23,37.09,21.72,43.43
1308184372,(주)북두엔지니어링,2023,쇠퇴기,0,24.44,100.0,55.25,50.57,35.6,57.19
1308184372,(주)북두엔지니어링,2024,쇠퇴기,0,53.17,100.0,58.94,40.04,52.41,59.41
1308184654,유진디스컴(주),2016,성장기,0,35.48,2.2,19.68,46.84,3.49,51.01
1308184654,유진디스컴(주),2017,도입기,0,0.0,70.3,24.1,48.92,5.5,49.58
1308184654,유진디스컴(주),2018,성숙기,0,56.96,0.0,92.35,49.91,33.78,62.25
1308184654,유진디스컴(주),2019,성숙기,0,44.21,0.0,100.0,46.4,28.26,46.5
1308184654,유진디스컴(주),2020,성숙기,0,100.0,0.0,62.42,59.86,89.01,84.03
1308184654,유진디스컴(주),2021,조정기,0,25.99,24.6,38.9,54.34,81.35,44.68
1308184654,유진디스컴(주),2022,조정기,0,44.25,26.1,54.23,47.67,2.05,0.0
1308184654,유진디스컴(주),2023,조정기,0,24.44,24.8,55.25,59.68,65.25,85.63
1308184654,유진디스컴(주),2024,조정기,0,53.17,27.2,58.94,47.72,72.94,54.27
1308186502,(주)진양비지엠텍,2015,성숙기,0,38.29,5.6,0.0,49.87,0.83,47.49
1308186502,(주)진양비지엠텍,2016,성숙기,0,35.48,0.0,19.68,46.84,2.46,51.77
1308186502,(주)진양비지엠텍,2017,성숙기,0,0.0,0.0,24.1,45.99,1.73,48.0
1308186502,(주)진양비지엠텍,2018,성숙기,0,56.96,0.0,92.35,47.7,15.79,54.2
1308186502,(주)진양비지엠텍,2019,성숙기,0,44.21,0.0,100.0,52.35,0.07,40.89
1308186502,(주)진양비지엠텍,2020,성숙기,0,100.0,0.0,62.42,49.8,7.19,54.58
1308195637,(주)아세아에프에이,2015,도입기,0,38.29,65.4,0.0,49.87,6.99,48.98
1308195637,(주)아세아에프에이,2016,도입기,0,35.48,82.9,19.68,67.77,60.42,80.22
1308195637,(주)아세아에프에이,2017,도입기,0,0.0,70.3,24.1,60.85,10.06,19.52
1308195637,(주)아세아에프에이,2018,쇠퇴기,0,56.96,100.0,92.35,64.39,18.09,50.82
1308195637,(주)아세아에프에이,2019,성숙기,0,44.21,0.0,100.0,57.73,8.52,44.31
1308601041,(주)우대인텔,2015,성장기,0,38.29,0.0,0.0,49.87,11.51,55.15
1308601041,(주)우대인텔,2016,성숙기,0,35.48,0.0,19.68,49.55,46.59,70.13
1308601041,(주)우대인텔,2017,성숙기,0,0.0,0.0,24.1,49.01,17.18,31.57
1308601041,(주)우대인텔,2018,성숙기,0,56.96,0.0,92.35,52.92,3.58,38.61
1308601041,(주)우대인텔,2019,성숙기,0,44.21,0.0,100.0,34.27,13.58,55.24
1308603087,카운텍,2015,성숙기,0,38.29,5.6,0.0,43.59,0.76,45.14
1308603087,카운텍,2016,조정기,0,35.48,33.5,19.68,68.62,4.32,52.83
1308603087,카운텍,2017,성숙기,0,0.0,0.0,24.1,67.99,1.62,46.86
1308603087,카운텍,2018,도입기,0,56.96,75.8,92.35,61.7,6.44,48.98
1308603087,카운텍,2019,성숙기,0,44.21,0.0,100.0,57.53,0.19,46.19
1308603087,카운텍,2020,성장기,0,100.0,0.8,62.42,60.28,4.71,53.15
1308603087,카운텍,2021,성숙기,0,25.99,0.0,38.9,54.04,38.8,68.09
1308603087,카운텍,2022,성장기,0,44.25,3.1,54.23,35.51,14.12,32.47
1308603087,카운텍,2023,성숙기,0,24.44,0.0,55.25,49.2,4.39,43.36
1308603087,카운텍,2024,성장기,0,53.17,16.0,58.94,39.06,1.02,48.39
1308603656,동주에이피주식회사,2021,성장기,0,25.99,1.9,38.9,54.41,3.32,48.84
1308603656,동주에이피주식회사,2022,성장기,0,44.25,3.1,54.23,36.93,0.74,45.84
1308603656,동주에이피주식회사,2023,성장기,0,24.44,13.2,55.25,50.57,0.46,48.69
1308603656,동주에이피주식회사,2024,성숙기,0,53.17,0.0,58.94,39.71,0.5,50.29
1308617164,수성지엔주식회사,2015,성장기,0,38.29,0.0,0.0,42.81,65.56,59.86
1308617164,수성지엔주식회사,2016,쇠퇴기,0,35.48,100.0,19.68,81.26,93.26,65.95
1308617164,수성지엔주식회사,2017,쇠퇴기,0,0.0,100.0,24.1,75.24,43.29,19.82
1308617164,수성지엔주식회사,2018,성숙기,1,56.96,0.0,92.35,67.22,85.04,69.98
1308629277,(주)레이덱스,2017,성장기,0,0.0,1.7,24.1,48.92,4.84,48.42
1308629277,(주)레이덱스,2018,도입기,0,56.96,75.8,92.35,49.91,12.1,50.37
1308629277,(주)레이덱스,2019,도입기,0,44.21,58.1,100.0,51.55,16.23,51.95
1308629277,(주)레이덱스,2020,도입기,0,100.0,68.6,62.42,61.19,83.12,87.41
1308629277,(주)레이덱스,2021,성장기,0,25.99,1.9,38.9,56.83,82.03,48.38
1308629277,(주)레이덱스,2022,쇠퇴기,1,44.25,100.0,54.23,44.72,98.39,55.95
1308648366,(주)한국나노정밀,2015,조정기,0,38.29,28.5,0.0,49.87,20.89,38.38
1308648366,(주)한국나노정밀,2016,성장기,0,35.48,2.2,19.68,46.96,15.66,47.95
1308648366,(주)한국나노정밀,2017,성숙기,0,0.0,0.0,24.1,48.46,34.47,59.29
1308648366,(주)한국나노정밀,2018,성숙기,0,56.96,0.0,92.35,50.57,15.57,35.66
1308648366,(주)한국나노정밀,2019,성숙기,0,44.21,0.0,100.0,52.66,20.92,52.61
1308648366,(주)한국나노정밀,2022,성장기,0,44.25,3.1,54.23,37.82,36.01,47.42
1308648366,(주)한국나노정밀,2023,성장기,0,24.44,13.2,55.25,51.73,18.38,39.04
1308648366,(주)한국나노정밀,2024,성장기,0,53.17,16.0,58.94,41.55,12.75,47.09
1308653097,주식회사엠피에스,2017,성장기,0,0.0,1.7,24.1,48.92,0.89,48.42
1308653097,주식회사엠피에스,2018,성장기,0,56.96,1.0,92.35,100.0,5.58,48.91
1308653097,주식회사엠피에스,2019,도입기,0,44.21,58.1,100.0,80.93,84.54,93.62
1308653097,주식회사엠피에스,2020,성숙기,0,100.0,0.0,62.42,89.57,2.69,5.59
1308653097,주식회사엠피에스,2021,성장기,0,25.99,1.9,38.9,47.39,0.68,47.74
1308653097,주식회사엠피에스,2022,성숙기,0,44.25,0.0,54.23,55.19,0.14,47.06
1308653097,주식회사엠피에스,2023,성숙기,0,24.44,0.0,55.25,64.34,4.42,51.34
1308653097,주식회사엠피에스,2024,성숙기,0,53.17,0.0,58.94,52.6,70.32,86.61
1308675204,주식회사인성플라텍,2020,성장기,0,100.0,0.8,62.42,60.99,29.68,50.67
1308675204,주식회사인성플라텍,2021,성숙기,0,25.99,0.0,38.9,54.41,17.52,42.05
1308675204,주식회사인성플라텍,2022,성숙기,0,44.25,0.0,54.23,36.93,29.7,54.29
1308675204,주식회사인성플라텍,2023,성숙기,0,24.44,0.0,55.25,49.51,85.92,81.91
1308675204,주식회사인성플라텍,2024,성장기,0,53.17,16.0,58.94,40.2,20.24,13.71
1308676921,(주)파스텍,2017,성숙기,0,0.0,0.0,24.1,48.92,3.45,48.42
1308676921,(주)파스텍,2018,성숙기,0,56.96,0.0,92.35,49.91,0.27,44.46
1308676921,(주)파스텍,2019,성숙기,0,44.21,0.0,100.0,51.55,0.26,49.69
1308676921,(주)파스텍,2020,조정기,0,100.0,22.0,62.42,61.88,0.65,50.88
1308676921,(주)파스텍,2021,조정기,0,25.99,24.6,38.9,52.12,0.26,48.64
1308676921,(주)파스텍,2022,성숙기,0,44.25,0.0,54.23,39.41,0.23,47.36
1308676921,(주)파스텍,2023,성숙기,0,24.44,0.0,55.25,52.44,0.39,48.94
1308676921,(주)파스텍,2024,성숙기,0,53.17,0.0,58.94,42.34,0.45,50.3
1308683801,(주)마이크로텍,2021,성장기,0,25.99,1.9,38.9,54.41,35.41,48.84
1308683801,(주)마이크로텍,2022,도입기,0,44.25,70.4,54.23,36.93,87.65,77.51
1308683801,(주)마이크로텍,2023,도입기,1,24.44,81.1,55.25,50.57,81.93,46.61
1308686259,(주)코스메틱스탠다드,2018,성장기,0,56.96,1.0,92.35,49.91,3.46,46.26
1308686259,(주)코스메틱스탠다드,2019,도입기,0,44.21,58.1,100.0,51.55,83.57,94.26
1308686259,(주)코스메틱스탠다드,2020,쇠퇴기,0,100.0,100.0,62.42,60.99,93.37,55.96
1308686787,성광수중펌프(주),2016,성장기,0,35.48,2.2,19.68,46.84,5.21,51.01
1308686787,성광수중펌프(주),2017,성숙기,0,0.0,0.0,24.1,48.92,8.07,50.07
1308686787,성광수중펌프(주),2018,성숙기,0,56.96,0.0,92.35,49.91,7.78,46.11
1308686787,성광수중펌프(주),2019,성숙기,0,44.21,0.0,100.0,47.95,6.48,48.94
1308688617,흥부산업(주),2017,성장기,0,0.0,1.7,24.1,48.92,6.78,48.42
1308688617,흥부산업(주),2018,성장기,0,56.96,1.0,92.35,49.91,7.56,46.71
1308688617,흥부산업(주),2019,성장기,0,44.21,2.1,100.0,51.55,21.82,57.6
1308688617,흥부산업(주),2020,성숙기,0,100.0,0.0,62.42,59.45,26.15,53.02
1308688617,흥부산업(주),2021,성숙기,0,25.99,0.0,38.9,50.89,70.85,74.11
1308688617,흥부산업(주),2022,성숙기,0,44.25,0.0,54.23,36.63,82.98,53.62
1308688617,흥부산업(주),2023,성숙기,0,24.44,0.0,55.25,50.06,87.11,52.27
1308688617,흥부산업(주),2024,성장기,1,53.17,16.0,58.94,40.41,90.9,52.04
1308694690,주식회사호건에프에이,2020,성장기,0,100.0,0.8,62.42,60.99,13.73,50.67
1308694690,주식회사호건에프에이,2021,조정기,0,25.99,24.6,38.9,54.41,6.95,45.06
1308694690,주식회사호건에프에이,2022,성장기,0,44.25,3.1,54.23,36.93,40.15,66.72
1308694690,주식회사호건에프에이,2023,성장기,0,24.44,13.2,55.25,53.51,8.66,31.03
1318103877,(주)동양엔지니어링,2015,도입기,0,38.29,65.4,0.0,44.54,89.97,97.81
1318103877,(주)동양엔지니어링,2016,쇠퇴기,0,35.48,100.0,19.68,25.83,92.35,51.97
1318103877,(주)동양엔지니어링,2017,쇠퇴기,0,0.0,100.0,24.1,27.81,22.16,8.16
1318111469,금용야마도제형(주),2015,성숙기,0,38.29,5.6,0.0,49.87,0.77,50.4
1318111469,금용야마도제형(주),2016,성숙기,0,35.48,0.0,19.68,39.18,6.73,54.14
1318111469,금용야마도제형(주),2017,성숙기,0,0.0,0.0,24.1,41.31,0.54,44.86
1318111469,금용야마도제형(주),2018,쇠퇴기,0,56.96,100.0,92.35,43.51,7.12,49.98
1318111469,금용야마도제형(주),2019,성숙기,0,44.21,0.0,100.0,48.02,0.62,46.05
1318113981,신진정공(주),2015,성장기,0,38.29,0.0,0.0,51.03,11.86,45.57
1318113981,신진정공(주),2016,성장기,0,35.48,2.2,19.68,39.28,29.4,60.49
1318113981,신진정공(주),2017,성장기,0,0.0,1.7,24.1,41.56,36.45,52.54
1318113981,신진정공(주),2018,조정기,0,56.96,38.0,92.35,42.83,58.81,58.99
1318113981,신진정공(주),2019,성장기,0,44.21,2.1,100.0,48.12,42.79,40.58
1318113981,신진정공(주),2020,성장기,0,100.0,0.8,62.42,58.05,34.61,46.12
1318113981,신진정공(주),2021,성장기,0,25.99,1.9,38.9,51.45,24.79,43.38
1318113981,신진정공(주),2022,성장기,0,44.25,3.1,54.23,36.11,6.96,36.65
1318113981,신진정공(주),2023,성숙기,0,24.44,0.0,55.25,49.93,5.05,47.82
1318113981,신진정공(주),2024,성숙기,0,53.17,0.0,58.94,40.06,1.12,48.08
1318119404,(주)대금지오웰,2015,성장기,0,38.29,0.0,0.0,55.36,55.55,80.87
1318119404,(주)대금지오웰,2016,성숙기,0,35.48,0.0,19.68,47.18,7.48,24.33
1318119404,(주)대금지오웰,2017,조정기,0,0.0,35.9,24.1,49.15,14.31,52.36
1318119404,(주)대금지오웰,2018,성숙기,0,56.96,0.0,92.35,49.92,12.77,45.42
1318119404,(주)대금지오웰,2019,성장기,0,44.21,2.1,100.0,50.63,45.49,67.86
1318119404,(주)대금지오웰,2020,성숙기,0,100.0,0.0,62.42,61.3,30.13,42.18
1318119404,(주)대금지오웰,2021,성숙기,0,25.99,0.0,38.9,53.74,4.56,34.49
1318119404,(주)대금지오웰,2022,성숙기,0,44.25,0.0,54.23,37.21,3.69,46.82
1318119404,(주)대금지오웰,2023,성숙기,0,24.44,0.0,55.25,50.7,0.82,47.22
1318119404,(주)대금지오웰,2024,성숙기,0,53.17,0.0,58.94,40.76,5.02,52.58
1318126297,에이치케이티베어링,2022,성숙기,0,44.25,0.0,54.23,39.88,49.31,47.42
1318126297,에이치케이티베어링,2023,쇠퇴기,0,24.44,100.0,55.25,100.0,37.48,42.57
1318126297,에이치케이티베어링,2024,쇠퇴기,0,53.17,100.0,58.94,100.0,0.81,29.9
1318139905,(주)우진플라임,2015,쇠퇴기,0,38.29,100.0,0.0,52.8,89.41,61.29
1318139905,(주)우진플라임,2016,조정기,0,35.48,33.5,19.68,45.08,4.61,4.06
1318139905,(주)우진플라임,2017,도입기,0,0.0,70.3,24.1,48.35,62.81,81.97
1318139905,(주)우진플라임,2018,성숙기,0,56.96,0.0,92.35,48.46,85.58,59.3
1318139905,(주)우진플라임,2019,성숙기,0,44.21,0.0,100.0,54.48,88.25,50.88
1318139905,(주)우진플라임,2020,성숙기,0,100.0,0.0,62.42,60.5,8.71,6.86
1318139905,(주)우진플라임,2021,성숙기,0,25.99,0.0,38.9,52.22,6.19,47.45
1318139905,(주)우진플라임,2022,성숙기,0,44.25,0.0,54.23,36.61,4.16,46.12
1318139905,(주)우진플라임,2023,성숙기,0,24.44,0.0,55.25,50.2,13.68,54.44
1318139905,(주)우진플라임,2024,성숙기,0,53.17,0.0,58.94,40.65,67.43,79.87
1318141323,주식회사록키,2015,성숙기,0,38.29,5.6,0.0,49.87,13.03,40.01
1318141323,주식회사록키,2016,성숙기,0,35.48,0.0,19.68,46.84,30.93,60.68
1318141323,주식회사록키,2017,성숙기,0,0.0,0.0,24.1,50.81,40.35,53.91
1318141323,주식회사록키,2018,성숙기,0,56.96,0.0,92.35,51.29,84.19,71.15
1318141323,주식회사록키,2019,성장기,0,44.21,2.1,100.0,53.78,80.67,47.44
1318141323,주식회사록키,2020,도입기,1,100.0,68.6,62.42,61.83,93.96,57.89
1318143113,(주)핫시스,2015,성숙기,0,38.29,5.6,0.0,50.48,49.94,77.76
1318143113,(주)핫시스,2016,성숙기,0,35.48,0.0,19.68,45.49,19.67,34.12
1318143113,(주)핫시스,2017,성숙기,0,0.0,0.0,24.1,47.46,39.44,59.85
1318143113,(주)핫시스,2018,성숙기,0,56.96,0.0,92.35,48.35,37.78,45.42
1318143113,(주)핫시스,2019,성숙기,0,44.21,0.0,100.0,51.49,13.68,36.15
1318143113,(주)핫시스,2020,성숙기,0,100.0,0.0,62.42,60.68,29.71,59.46
1318143113,(주)핫시스,2021,조정기,0,25.99,24.6,38.9,51.31,52.7,61.87
1318143113,(주)핫시스,2022,조정기,0,44.25,26.1,54.23,33.31,34.12,35.88
1318150609,(주)지.엠,2015,성숙기,0,38.29,5.6,0.0,65.28,4.14,45.23
1318150609,(주)지.엠,2016,조정기,0,35.48,33.5,19.68,55.04,0.23,48.72
1318150609,(주)지.엠,2017,성숙기,0,0.0,0.0,24.1,61.64,0.05,48.31
1318150609,(주)지.엠,2018,성장기,0,56.96,1.0,92.35,59.63,0.08,46.27
1318150609,(주)지.엠,2019,성숙기,0,44.21,0.0,100.0,60.19,0.4,49.87
1318150609,(주)지.엠,2020,조정기,0,100.0,22.0,62.42,70.97,0.21,50.56
1318150609,(주)지.엠,2021,쇠퇴기,0,25.99,100.0,38.9,61.17,7.13,52.76
1318150609,(주)지.엠,2022,조정기,0,44.25,26.1,54.23,35.9,1.57,44.05
1318150609,(주)지.엠,2023,조정기,0,24.44,24.8,55.25,49.43,61.09,83.48
1318150609,(주)지.엠,2024,조정기,0,53.17,27.2,58.94,40.25,44.91,41.12
1318152951,주식회사유한프로텍,2015,성숙기,0,38.29,5.6,0.0,51.0,1.34,49.8
1318152951,주식회사유한프로텍,2016,성숙기,0,35.48,0.0,19.68,48.73,3.13,51.85
1318152951,주식회사유한프로텍,2017,성숙기,0,0.0,0.0,24.1,49.61,0.67,47.0
1318152951,주식회사유한프로텍,2018,성숙기,0,56.96,0.0,92.35,48.62,0.78,46.32
1318152951,주식회사유한프로텍,2019,성숙기,0,44.21,0.0,100.0,50.36,0.29,49.41
1318152951,주식회사유한프로텍,2020,성숙기,0,100.0,0.0,62.42,58.42,0.09,50.56
1318152951,주식회사유한프로텍,2021,성숙기,0,25.99,0.0,38.9,55.13,0.1,48.87
1318152951,주식회사유한프로텍,2022,성숙기,0,44.25,0.0,54.23,37.95,4.77,50.11
1318152951,주식회사유한프로텍,2023,성숙기,0,24.44,0.0,55.25,51.31,0.19,46.24
1318152951,주식회사유한프로텍,2024,성숙기,0,53.17,0.0,58.94,40.92,0.02,50.17
1318153173,(주)재원산업기계,2015,도입기,0,38.29,65.4,0.0,18.93,0.56,46.66
1318153173,(주)재원산업기계,2016,도입기,0,35.48,82.9,19.68,67.85,15.33,58.99
1318153173,(주)재원산업기계,2017,쇠퇴기,0,0.0,100.0,24.1,65.97,22.22,52.42
1318153173,(주)재원산업기계,2018,도입기,0,56.96,75.8,92.35,58.79,21.95,46.15
1318153173,(주)재원산업기계,2019,성숙기,0,44.21,0.0,100.0,57.89,16.14,46.38
1318153173,(주)재원산업기계,2020,쇠퇴기,0,100.0,100.0,62.42,59.71,88.67,90.51
1318153173,(주)재원산업기계,2021,쇠퇴기,0,25.99,100.0,38.9,55.79,66.61,36.56
1318153173,(주)재원산업기계,2022,쇠퇴기,0,44.25,100.0,54.23,39.57,1.86,8.69
1318153173,(주)재원산업기계,2023,도입기,0,24.44,81.1,55.25,53.98,7.12,51.93
1318153173,(주)재원산업기계,2024,성숙기,0,53.17,0.0,58.94,43.02,2.98,47.96
1318154420,주식회사참테크,2015,성장기,0,38.29,0.0,0.0,49.87,14.49,15.74
1318154420,주식회사참테크,2016,쇠퇴기,0,35.48,100.0,19.68,58.04,91.72,93.28
1318154420,주식회사참테크,2017,조정기,0,0.0,35.9,24.1,55.66,13.39,3.47
1318154420,주식회사참테크,2019,성장기,0,44.21,2.1,100.0,61.11,73.58,49.68
1318154420,주식회사참테크,2020,쇠퇴기,0,100.0,100.0,62.42,61.58,81.35,54.86
1318155507,(주)에치엠엘리베이터,2015,조정기,0,38.29,28.5,0.0,49.87,2.69,48.17
1318155507,(주)에치엠엘리베이터,2021,쇠퇴기,0,25.99,100.0,38.9,54.41,35.93,48.84
1318155507,(주)에치엠엘리베이터,2022,성숙기,0,44.25,0.0,54.23,25.06,5.11,28.92
1318155507,(주)에치엠엘리베이터,2023,조정기,0,24.44,24.8,55.25,40.26,0.88,46.45
1318155507,(주)에치엠엘리베이터,2024,성숙기,0,53.17,0.0,58.94,32.45,0.34,49.97
1318156020,주식회사티티에스,2015,성숙기,0,38.29,5.6,0.0,42.81,3.5,51.16
1318156020,주식회사티티에스,2016,성숙기,0,35.48,0.0,19.68,43.63,15.22,57.31
1318156020,주식회사티티에스,2017,성숙기,0,0.0,0.0,24.1,45.13,6.35,43.33
1318156020,주식회사티티에스,2018,성숙기,0,56.96,0.0,92.35,48.75,11.94,49.43
1318156020,주식회사티티에스,2019,성숙기,0,44.21,0.0,100.0,50.93,50.46,71.09
1318156020,주식회사티티에스,2020,성숙기,0,100.0,0.0,62.42,61.53,5.26,25.77
1318156020,주식회사티티에스,2021,성장기,0,25.99,1.9,38.9,52.8,10.8,51.99
1318156020,주식회사티티에스,2022,성장기,0,44.25,3.1,54.23,35.54,12.91,48.49
1318156020,주식회사티티에스,2023,성숙기,0,24.44,0.0,55.25,49.21,82.94,89.74
1318156020,주식회사티티에스,2024,성숙기,0,53.17,0.0,58.94,39.99,52.94,33.41
1318157349,주식회사휠트론,2016,성숙기,0,35.48,0.0,19.68,48.68,7.12,51.01
1318157349,주식회사휠트론,2017,성장기,0,0.0,1.7,24.1,51.49,1.38,45.12
1318157349,주식회사휠트론,2018,성장기,0,56.96,1.0,92.35,52.49,4.23,47.87
1318157349,주식회사휠트론,2019,성장기,0,44.21,2.1,100.0,52.74,9.31,52.51
1318157349,주식회사휠트론,2020,성장기,0,100.0,0.8,62.42,60.97,10.9,51.53
1318157349,주식회사휠트론,2021,성장기,0,25.99,1.9,38.9,54.63,13.02,50.08
1318157349,주식회사휠트론,2022,성숙기,0,44.25,0.0,54.23,40.57,10.23,45.59
1318157349,주식회사휠트론,2023,성숙기,0,24.44,0.0,55.25,53.52,5.41,46.17
1318157349,주식회사휠트론,2024,성숙기,0,53.17,0.0,58.94,43.26,10.18,52.88
1318157484,(주)디와이솔루텍,2015,성장기,0,38.29,0.0,0.0,49.87,12.22,50.22
1318157484,(주)디와이솔루텍,2016,성장기,0,35.48,2.2,19.68,46.84,11.14,50.25
1318157484,(주)디와이솔루텍,2017,성장기,0,0.0,1.7,24.1,48.92,31.45,60.14
1318157484,(주)디와이솔루텍,2018,성장기,0,56.96,1.0,92.35,48.54,71.09,68.75
1318157484,(주)디와이솔루텍,2019,성숙기,0,44.21,0.0,100.0,51.23,6.11,13.28
1318157484,(주)디와이솔루텍,2020,성숙기,0,100.0,0.0,62.42,59.46,2.64,48.76
1318157484,(주)디와이솔루텍,2021,성숙기,0,25.99,0.0,38.9,52.3,3.17,49.16
1318157484,(주)디와이솔루텍,2022,성장기,0,44.25,3.1,54.23,36.57,81.1,92.93
1318157484,(주)디와이솔루텍,2023,도입기,0,24.44,81.1,55.25,50.11,88.46,54.13
1318157484,(주)디와이솔루텍,2024,성장기,1,53.17,16.0,58.94,40.44,59.04,33.71
1318157785,(주)삼호엔지니어링,2015,성장기,0,38.29,0.0,0.0,49.87,2.55,50.53
1318157785,(주)삼호엔지니어링,2016,성장기,0,35.48,2.2,19.68,40.8,21.08,61.05
1318157785,(주)삼호엔지니어링,2017,성장기,0,0.0,1.7,24.1,44.92,39.31,58.97
1318157785,(주)삼호엔지니어링,2018,쇠퇴기,0,56.96,100.0,92.35,45.9,84.36,71.83
1318157785,(주)삼호엔지니어링,2019,성장기,0,44.21,2.1,100.0,52.36,90.23,52.67
1318157785,(주)삼호엔지니어링,2020,성숙기,1,100.0,0.0,62.42,61.0,70.78,39.88
1318158445,(주)디엠씨테크,2015,성장기,0,38.29,0.0,0.0,33.2,58.57,77.1
1318158445,(주)디엠씨테크,2016,성숙기,0,35.48,0.0,19.68,53.8,35.32,37.96
1318158445,(주)디엠씨테크,2017,도입기,0,0.0,70.3,24.1,56.07,86.88,78.22
1318158445,(주)디엠씨테크,2018,도입기,0,56.96,75.8,92.35,49.44,65.03,34.12
1318158445,(주)디엠씨테크,2019,도입기,0,44.21,58.1,100.0,50.67,53.57,43.09
1318158445,(주)디엠씨테크,2020,조정기,0,100.0,22.0,62.42,62.22,81.36,65.89
1318158445,(주)디엠씨테크,2021,쇠퇴기,1,25.99,100.0,38.9,53.02,81.74,49.2
1318160145,(주)원진정공,2015,성숙기,0,38.29,5.6,0.0,51.5,0.25,50.15
1318160145,(주)원진정공,2016,성숙기,0,35.48,0.0,19.68,42.62,5.16,53.57
1318160145,(주)원진정공,2024,도입기,0,53.17,92.8,58.94,34.18,90.61,50.27
1318167420,주식회사금성풍력산업,2015,성숙기,0,38.29,5.6,0.0,53.23,0.19,50.18
1318167420,주식회사금성풍력산업,2016,성장기,0,35.48,2.2,19.68,46.26,0.35,50.96
1318167420,주식회사금성풍력산업,2017,성장기,0,0.0,1.7,24.1,49.0,66.57,86.58
1318167420,주식회사금성풍력산업,2018,성장기,0,56.96,1.0,92.35,48.72,58.61,41.93
1318167420,주식회사금성풍력산업,2019,성숙기,0,44.21,0.0,100.0,48.84,3.37,18.74
1318167420,주식회사금성풍력산업,2020,성숙기,0,100.0,0.0,62.42,57.68,17.48,58.42
1318169277,주식회사에스아이테크,2015,도입기,0,38.29,65.4,0.0,49.87,8.12,50.22
1318169277,주식회사에스아이테크,2016,성숙기,0,35.48,0.0,19.68,46.84,1.86,47.42
1318169277,주식회사에스아이테크,2017,쇠퇴기,0,0.0,100.0,24.1,48.92,5.24,50.36
1318169277,주식회사에스아이테크,2018,쇠퇴기,0,56.96,100.0,92.35,38.29,94.61,96.81
1318169277,주식회사에스아이테크,2019,쇠퇴기,0,44.21,100.0,100.0,59.31,85.84,44.48
1318169277,주식회사에스아이테크,2020,쇠퇴기,0,100.0,100.0,62.42,73.04,86.94,51.18
1318169525,(주)이엠티,2017,도입기,0,0.0,70.3,24.1,48.92,16.29,48.42
1318169525,(주)이엠티,2018,도입기,0,56.96,75.8,92.35,49.91,95.12,90.87
1318169525,(주)이엠티,2021,도입기,1,25.99,71.8,38.9,54.41,79.87,48.84
1318171996,화인산업주식회사,2016,도입기,0,35.48,82.9,19.68,46.84,17.63,51.01
1318171996,화인산업주식회사,2017,도입기,0,0.0,70.3,24.1,60.63,14.72,46.77
1318171996,화인산업주식회사,2018,도입기,0,56.96,75.8,92.35,59.72,89.2,88.41
1318171996,화인산업주식회사,2019,쇠퇴기,0,44.21,100.0,100.0,64.01,89.7,49.66
1318172258,(주)성원중기계,2015,성숙기,0,38.29,5.6,0.0,43.29,19.04,13.15
1318172258,(주)성원중기계,2016,성숙기,0,35.48,0.0,19.68,52.42,9.38,45.52
1318172258,(주)성원중기계,2017,성숙기,0,0.0,0.0,24.1,54.39,14.57,51.43
1318172258,(주)성원중기계,2018,도입기,0,56.96,75.8,92.35,55.26,12.22,44.96
1318172258,(주)성원중기계,2019,도입기,0,44.21,58.1,100.0,54.07,75.74,85.0
1318172258,(주)성원중기계,2020,도입기,0,100.0,68.6,62.42,69.78,82.04,54.05
1318172258,(주)성원중기계,2021,조정기,1,25.99,24.6,38.9,59.41,86.19,51.34
1318173000,(주)진원,2015,성숙기,0,38.29,5.6,0.0,62.69,2.18,50.76
1318173000,(주)진원,2016,성숙기,0,35.48,0.0,19.68,48.79,2.4,50.99
1318173000,(주)진원,2017,성숙기,0,0.0,0.0,24.1,48.89,5.9,50.43
1318173000,(주)진원,2018,조정기,0,56.96,38.0,92.35,50.99,13.84,50.75
1318173000,(주)진원,2019,성장기,0,44.21,2.1,100.0,56.43,76.41,84.47
1318173000,(주)진원,2020,도입기,0,100.0,68.6,62.42,58.51,15.66,17.2
1318173000,(주)진원,2021,성숙기,0,25.99,0.0,38.9,47.09,8.07,44.61
1318173000,(주)진원,2022,성장기,0,44.25,3.1,54.23,31.96,74.66,86.24
1318173000,(주)진원,2023,성숙기,0,24.44,0.0,55.25,46.24,11.53,13.05
1318173000,(주)진원,2024,성장기,0,53.17,16.0,58.94,36.99,14.62,51.93
1318173335,주식회사삼호프레스,2016,도입기,0,35.48,82.9,19.68,46.84,10.69,51.01
1318173335,주식회사삼호프레스,2017,조정기,0,0.0,35.9,24.1,48.92,88.56,93.33
1318173335,주식회사삼호프레스,2018,쇠퇴기,0,56.96,100.0,92.35,49.91,44.24,21.42
1318174450,(주)엔티에스,2015,쇠퇴기,0,38.29,100.0,0.0,63.95,40.36,26.6
1318174450,(주)엔티에스,2017,조정기,1,0.0,35.9,24.1,53.5,95.77,48.42
1318176443,화랑시스템(주),2015,도입기,0,38.29,65.4,0.0,49.87,13.39,50.22
1318176443,화랑시스템(주),2016,도입기,0,35.48,82.9,19.68,46.84,16.02,52.29
1318176443,화랑시스템(주),2017,도입기,0,0.0,70.3,24.1,48.92,15.85,48.35
1318176443,화랑시스템(주),2018,도입기,0,56.96,75.8,92.35,50.65,17.77,47.38
1318176443,화랑시스템(주),2019,도입기,0,44.21,58.1,100.0,51.48,82.94,85.9
1318176443,화랑시스템(주),2020,도입기,0,100.0,68.6,62.42,62.4,78.54,48.16
1318176443,화랑시스템(주),2021,도입기,1,25.99,71.8,38.9,55.48,68.81,43.5
1318178005,주식회사대경에스코,2017,성장기,0,0.0,1.7,24.1,48.92,3.46,48.42
1318178005,주식회사대경에스코,2018,성장기,0,56.96,1.0,92.35,49.91,4.8,47.01
1318178005,주식회사대경에스코,2019,성장기,0,44.21,2.1,100.0,51.55,0.68,47.39
1318178005,주식회사대경에스코,2020,성숙기,0,100.0,0.0,62.42,60.31,0.05,50.31
1318178005,주식회사대경에스코,2021,성숙기,0,25.99,0.0,38.9,51.17,5.22,51.78
1318178005,주식회사대경에스코,2022,성숙기,0,44.25,0.0,54.23,33.8,0.65,44.64
1318178005,주식회사대경에스코,2023,성숙기,0,24.44,0.0,55.25,48.03,0.98,49.05
1318178005,주식회사대경에스코,2024,성장기,0,53.17,16.0,58.94,38.08,44.59,74.33
1318178908,(주)제이엠피,2015,도입기,0,38.29,65.4,0.0,42.58,13.09,50.96
1318178908,(주)제이엠피,2016,성장기,0,35.48,2.2,19.68,51.08,6.18,47.04
1318178908,(주)제이엠피,2017,성장기,0,0.0,1.7,24.1,52.37,8.68,49.87
1318178908,(주)제이엠피,2018,성장기,0,56.96,1.0,92.35,51.41,36.21,61.84
1318178908,(주)제이엠피,2019,성장기,0,44.21,2.1,100.0,54.68,24.1,42.83
1318178908,(주)제이엠피,2020,도입기,0,100.0,68.6,62.42,59.41,18.97,47.82
1318178908,(주)제이엠피,2021,조정기,0,25.99,24.6,38.9,52.72,72.72,79.2
1318178908,(주)제이엠피,2022,성장기,0,44.25,3.1,54.23,36.26,11.07,10.43
1318178908,(주)제이엠피,2023,조정기,0,24.44,24.8,55.25,49.99,18.68,53.41
1318178908,(주)제이엠피,2024,성숙기,0,53.17,0.0,58.94,40.6,11.74,46.37
1318180364,(주)스카이소프트젤,2016,도입기,0,35.48,82.9,19.68,46.84,5.61,51.01
1318180364,(주)스카이소프트젤,2017,성장기,0,0.0,1.7,24.1,48.92,0.6,45.54
1318180364,(주)스카이소프트젤,2018,성숙기,0,56.96,0.0,92.35,49.91,0.39,46.13
1318180364,(주)스카이소프트젤,2019,성숙기,0,44.21,0.0,100.0,55.53,0.05,49.5
1318180364,(주)스카이소프트젤,2020,성숙기,0,100.0,0.0,62.42,63.4,0.82,51.09
1318180364,(주)스카이소프트젤,2021,성숙기,0,25.99,0.0,38.9,62.22,0.26,48.55
1318180364,(주)스카이소프트젤,2022,성숙기,0,44.25,0.0,54.23,43.95,1.08,47.86
1318180364,(주)스카이소프트젤,2023,성숙기,0,24.44,0.0,55.25,56.28,1.49,49.1
1318180364,(주)스카이소프트젤,2024,성숙기,0,53.17,0.0,58.94,45.17,1.75,50.4
1318182998,(주)인아텍,2017,성숙기,0,0.0,0.0,24.1,,34.75,48.42
1318182998,(주)인아텍,2018,성숙기,0,56.96,0.0,92.35,49.91,21.81,39.02
1318182998,(주)인아텍,2019,성숙기,0,44.21,0.0,100.0,51.55,16.85,46.86
1318182998,(주)인아텍,2020,성숙기,0,100.0,0.0,62.42,63.55,25.02,55.13
1318186408,조양정밀기계(주),2015,조정기,0,38.29,28.5,0.0,50.07,16.97,50.68
1318186408,조양정밀기계(주),2016,성숙기,0,35.48,0.0,19.68,45.25,31.98,59.08
1318186451,동현정공(주),2015,성장기,0,38.29,0.0,0.0,48.65,1.98,50.48
1318186451,동현정공(주),2016,성장기,0,35.48,2.2,19.68,43.64,1.53,50.62
1318186451,동현정공(주),2017,성장기,0,0.0,1.7,24.1,46.18,0.57,47.86
1318186451,동현정공(주),2018,성숙기,0,56.96,0.0,92.35,47.04,1.08,46.54
1318186451,동현정공(주),2019,성숙기,0,44.21,0.0,100.0,51.91,6.56,52.74
1318186451,동현정공(주),2020,성숙기,0,100.0,0.0,62.42,62.25,0.86,47.52
1318186451,동현정공(주),2021,성장기,0,25.99,1.9,38.9,54.33,1.56,49.26
1318186451,동현정공(주),2022,성숙기,0,44.25,0.0,54.23,37.2,2.92,48.16
1318186451,동현정공(주),2023,조정기,0,24.44,24.8,55.25,50.67,27.46,63.16
1318186451,동현정공(주),2024,조정기,0,53.17,27.2,58.94,40.99,59.84,68.03
1318187334,주식회사하이컨코리아,2015,조정기,1,38.29,28.5,0.0,49.87,89.97,48.88
1318191783,(주)성현테크놀로지,2015,성장기,0,38.29,0.0,0.0,5.0,85.05,50.63
1318191783,(주)성현테크놀로지,2016,성숙기,1,35.48,0.0,19.68,45.58,53.92,33.56
1318194683,주식회사나노앤텍,2015,성장기,0,38.29,0.0,0.0,49.87,16.51,51.18
1318194683,주식회사나노앤텍,2016,성숙기,0,35.48,0.0,19.68,46.84,14.21,49.57
1318194683,주식회사나노앤텍,2017,성숙기,0,0.0,0.0,24.1,47.58,21.33,52.55
1318194683,주식회사나노앤텍,2018,성숙기,0,56.96,0.0,92.35,48.12,32.57,52.66
1318194683,주식회사나노앤텍,2019,성숙기,0,44.21,0.0,100.0,48.56,7.01,35.35
1318194683,주식회사나노앤텍,2020,성장기,0,100.0,0.8,62.42,54.51,10.86,52.78
1318194683,주식회사나노앤텍,2021,성장기,0,25.99,1.9,38.9,49.38,52.0,72.08
1318194683,주식회사나노앤텍,2022,성장기,0,44.25,3.1,54.23,31.63,66.41,55.18
1318194683,주식회사나노앤텍,2023,성장기,0,24.44,13.2,55.25,46.16,92.07,64.6
1318194683,주식회사나노앤텍,2024,조정기,0,53.17,27.2,58.94,37.21,14.37,7.05
1318195284,디씨피(주),2015,성숙기,0,38.29,5.6,0.0,42.46,2.43,49.94
1318195284,디씨피(주),2016,성숙기,0,35.48,0.0,19.68,47.27,1.8,50.52
1318195284,디씨피(주),2017,성숙기,0,0.0,0.0,24.1,47.92,0.92,47.91
1318195284,디씨피(주),2018,성숙기,0,56.96,0.0,92.35,48.36,0.14,45.81
1318195284,디씨피(주),2019,성숙기,0,44.21,0.0,100.0,48.72,1.02,50.18
1318195284,디씨피(주),2020,성숙기,0,100.0,0.0,62.42,61.34,0.4,50.33
1318195284,디씨피(주),2021,성숙기,0,25.99,0.0,38.9,53.88,0.51,48.93
1318195284,디씨피(주),2022,성숙기,0,44.25,0.0,54.23,34.99,1.51,47.96
1318195284,디씨피(주),2023,성숙기,0,24.44,0.0,55.25,48.73,1.71,48.98
1318195284,디씨피(주),2024,성숙기,0,53.17,0.0,58.94,39.18,1.22,49.99
1318197394,디에스아이코리아,2021,성장기,0,25.99,1.9,38.9,54.41,3.94,48.84
1318197394,디에스아이코리아,2022,조정기,0,44.25,26.1,54.23,36.93,2.07,46.24
1318197394,디에스아이코리아,2023,성장기,0,24.44,13.2,55.25,50.57,76.17,91.97
1318197394,디에스아이코리아,2024,성숙기,0,53.17,0.0,58.94,40.77,33.88,26.65
1318199349,주식회사효성씨앤피,2015,쇠퇴기,0,38.29,100.0,0.0,39.07,17.49,10.1
1318199349,주식회사효성씨앤피,2016,성숙기,0,35.48,0.0,19.68,46.11,10.41,46.94
1318199349,주식회사효성씨앤피,2017,쇠퇴기,0,0.0,100.0,24.1,47.55,27.68,58.39
1318199349,주식회사효성씨앤피,2018,도입기,0,56.96,75.8,92.35,43.31,95.71,84.8
1318199771,(주)디와이엠앤케이엘에프,2015,성장기,0,38.29,0.0,0.0,49.87,9.55,50.22
1318199771,(주)디와이엠앤케이엘에프,2016,도입기,0,35.48,82.9,19.68,46.84,94.37,97.47
1318199771,(주)디와이엠앤케이엘에프,2024,성장기,0,53.17,16.0,58.94,40.55,77.7,50.27
1318601383,동신부로아(주),2016,도입기,0,35.48,82.9,19.68,46.84,7.73,51.01
1318601383,동신부로아(주),2017,성장기,0,0.0,1.7,24.1,48.92,4.51,46.57
1318601383,동신부로아(주),2018,성숙기,0,56.96,0.0,92.35,49.91,6.08,47.15
1318601383,동신부로아(주),2019,성장기,0,44.21,2.1,100.0,57.71,10.08,51.9
1318601383,동신부로아(주),2020,성장기,0,100.0,0.8,62.42,64.48,13.65,52.62
1318601383,동신부로아(주),2021,성장기,0,25.99,1.9,38.9,55.7,70.62,81.0
1318601383,동신부로아(주),2022,성장기,0,44.25,3.1,54.23,37.97,13.56,13.14
1318601383,동신부로아(주),2023,조정기,0,24.44,24.8,55.25,51.51,40.06,64.43
1318601383,동신부로아(주),2024,성숙기,0,53.17,0.0,58.94,41.66,12.12,34.7
1318602927,주식회사아진케이에스비,2015,성장기,0,38.29,0.0,0.0,55.32,17.97,47.75
1318602927,주식회사아진케이에스비,2016,조정기,0,35.48,33.5,19.68,54.26,22.54,53.35
1318602927,주식회사아진케이에스비,2017,쇠퇴기,0,0.0,100.0,24.1,54.08,97.23,91.52
1318602927,주식회사아진케이에스비,2018,쇠퇴기,0,56.96,100.0,92.35,54.71,97.63,46.73
1318602927,주식회사아진케이에스비,2019,쇠퇴기,1,44.21,100.0,100.0,54.97,99.09,50.17
1318603004,대한테크,2017,성장기,0,0.0,1.7,24.1,48.92,3.65,48.42
1318603004,대한테크,2018,성숙기,0,56.96,0.0,92.35,49.91,1.27,44.92
1318603004,대한테크,2019,성숙기,0,44.21,0.0,100.0,51.55,0.19,49.09
1318603004,대한테크,2020,성숙기,0,100.0,0.0,62.42,58.28,0.06,50.59
1318603004,대한테크,2021,성숙기,0,25.99,0.0,38.9,53.68,0.23,48.96
1318603004,대한테크,2022,성숙기,0,44.25,0.0,54.23,37.42,0.44,47.5
1318603004,대한테크,2023,성숙기,0,24.44,0.0,55.25,50.86,0.65,48.97
1318603004,대한테크,2024,성숙기,0,53.17,0.0,58.94,41.17,13.81,57.52
1318603381,로지스올엔지니어링(주),2015,성장기,0,38.29,0.0,0.0,49.87,29.08,50.22
1318603381,로지스올엔지니어링(주),2016,도입기,0,35.48,82.9,19.68,46.84,60.1,67.85
1318603381,로지스올엔지니어링(주),2021,성장기,1,25.99,1.9,38.9,54.41,81.74,48.84
1318603741,에스케이엠(주),2015,도입기,0,38.29,65.4,0.0,49.26,8.35,54.27
1318603741,에스케이엠(주),2016,성장기,0,35.48,2.2,19.68,38.06,3.43,48.15
1318603741,에스케이엠(주),2017,도입기,0,0.0,70.3,24.1,39.61,16.6,56.01
1318603741,에스케이엠(주),2018,성장기,0,56.96,1.0,92.35,40.32,35.99,57.26
1318603741,에스케이엠(주),2019,쇠퇴기,0,44.21,100.0,100.0,50.43,69.61,68.28
1318603741,에스케이엠(주),2020,조정기,0,100.0,22.0,62.42,57.56,16.76,21.55
1318603741,에스케이엠(주),2021,성장기,0,25.99,1.9,38.9,55.32,8.38,44.16
1318603741,에스케이엠(주),2022,성숙기,0,44.25,0.0,54.23,43.12,6.04,45.91
1318603741,에스케이엠(주),2023,조정기,0,24.44,24.8,55.25,55.7,46.24,72.3
1318603741,에스케이엠(주),2024,성숙기,0,53.17,0.0,58.94,45.65,40.79,47.09
1318604167,주식회사진우정공,2015,성장기,0,38.29,0.0,0.0,48.38,97.25,55.47
1318604167,주식회사진우정공,2016,조정기,1,35.48,33.5,19.68,33.75,96.37,50.16
1318605114,주식회사레어메탈코리아,2015,쇠퇴기,0,38.29,100.0,0.0,0.0,20.92,20.47
1318605114,주식회사레어메탈코리아,2016,쇠퇴기,0,35.48,100.0,19.68,42.73,76.02,81.11
1318605114,주식회사레어메탈코리아,2017,조정기,0,0.0,35.9,24.1,42.96,97.93,61.21
1318609406,(주)엠티코리아,2021,성장기,0,25.99,1.9,38.9,54.41,3.28,48.84
1318609406,(주)엠티코리아,2022,성장기,0,44.25,3.1,54.23,36.93,0.31,45.6
1318609406,(주)엠티코리아,2023,성장기,0,24.44,13.2,55.25,50.57,0.17,48.77
1318609406,(주)엠티코리아,2024,성숙기,0,53.17,0.0,58.94,39.44,0.1,50.23
1318609672,탑에어주식회사,2020,성장기,0,100.0,0.8,62.42,60.99,3.81,50.67
1318609672,탑에어주식회사,2021,성장기,0,25.99,1.9,38.9,54.41,63.56,82.56
1318609672,탑에어주식회사,2022,성장기,0,44.25,3.1,54.23,36.93,9.65,15.07
1318611746,코바이오텍(주),2015,성숙기,0,38.29,5.6,0.0,32.55,0.81,50.33
1318611746,코바이오텍(주),2016,조정기,0,35.48,33.5,19.68,58.46,0.51,50.71
1318611746,코바이오텍(주),2017,조정기,0,0.0,35.9,24.1,59.06,0.89,48.63
1318611746,코바이오텍(주),2018,조정기,0,56.96,38.0,92.35,58.24,0.99,46.31
1318611746,코바이오텍(주),2019,조정기,0,44.21,25.7,100.0,58.37,0.54,49.44
1318624353,주식회사스타코,2016,성장기,0,35.48,2.2,19.68,46.84,7.24,51.01
1318624353,주식회사스타코,2017,성장기,0,0.0,1.7,24.1,48.92,12.37,51.39
1318624353,주식회사스타코,2018,성장기,0,56.96,1.0,92.35,49.91,25.53,53.72
1318624353,주식회사스타코,2019,성장기,0,44.21,2.1,100.0,62.91,25.56,49.62
1318624353,주식회사스타코,2020,조정기,0,100.0,22.0,62.42,64.43,56.4,67.59
1318624353,주식회사스타코,2021,성숙기,0,25.99,0.0,38.9,58.6,23.9,30.62
1318624353,주식회사스타코,2022,쇠퇴기,0,44.25,100.0,54.23,35.45,81.91,81.03
1318624353,주식회사스타코,2023,조정기,0,24.44,24.8,55.25,49.02,19.02,13.28
1318624353,주식회사스타코,2024,성숙기,0,53.17,0.0,58.94,37.73,8.4,44.34
1318626119,에너진주식회사,2018,성장기,0,56.96,1.0,92.35,49.91,14.59,46.26
1318626119,에너진주식회사,2019,성숙기,0,44.21,0.0,100.0,51.55,8.95,46.5
1318626119,에너진주식회사,2020,성장기,0,100.0,0.8,62.42,60.99,10.3,51.4
1318626119,에너진주식회사,2021,도입기,0,25.99,71.8,38.9,52.87,87.93,92.65
1318626119,에너진주식회사,2022,도입기,0,44.25,70.4,54.23,39.98,24.64,9.29
1318626119,에너진주식회사,2023,도입기,0,24.44,81.1,55.25,55.21,72.83,77.18
1318626119,에너진주식회사,2024,쇠퇴기,0,53.17,100.0,58.94,45.49,81.45,54.75
1318628155,비케이엠주식회사,2020,성숙기,0,100.0,0.0,62.42,60.99,3.73,50.67
1318628155,비케이엠주식회사,2021,성숙기,0,25.99,0.0,38.9,54.41,0.13,46.84
1318628155,비케이엠주식회사,2022,성숙기,0,44.25,0.0,54.23,36.93,5.05,50.26
1318628359,주식회사엠에스제이,2015,성장기,0,38.29,0.0,0.0,49.87,2.61,50.22
1318628359,주식회사엠에스제이,2016,성장기,0,35.48,2.2,19.68,61.43,1.41,50.21
1318628359,주식회사엠에스제이,2017,성장기,0,0.0,1.7,24.1,58.11,6.3,51.23
1318628359,주식회사엠에스제이,2018,성숙기,0,56.96,0.0,92.35,58.89,3.28,44.56
1318628359,주식회사엠에스제이,2019,성장기,0,44.21,2.1,100.0,54.45,8.01,52.32
1318628359,주식회사엠에스제이,2020,조정기,0,100.0,22.0,62.42,61.55,10.87,52.23
1318628359,주식회사엠에스제이,2021,성장기,0,25.99,1.9,38.9,55.74,57.03,74.9
1318628359,주식회사엠에스제이,2022,도입기,0,44.25,70.4,54.23,40.28,17.34,23.47
1318628359,주식회사엠에스제이,2023,성숙기,0,24.44,0.0,55.25,53.25,44.26,64.72
1318628359,주식회사엠에스제이,2024,성숙기,0,53.17,0.0,58.94,43.38,33.1,43.95
1318632038,(주)기전사,2016,성장기,0,35.48,2.2,19.68,46.84,5.24,51.01
1318632038,(주)기전사,2017,성장기,0,0.0,1.7,24.1,48.92,2.65,46.93
1318632038,(주)기전사,2018,성장기,0,56.96,1.0,92.35,49.91,90.2,95.77
1318632038,(주)기전사,2019,조정기,0,44.21,25.7,100.0,52.59,17.01,8.65
1318632038,(주)기전사,2020,성장기,0,100.0,0.8,62.42,61.78,47.62,67.47
1318632038,(주)기전사,2021,성숙기,0,25.99,0.0,38.9,54.55,75.45,64.63
1318632038,(주)기전사,2022,도입기,0,44.25,70.4,54.23,39.67,93.99,57.31
1318632038,(주)기전사,2023,조정기,1,24.44,24.8,55.25,52.68,83.41,43.86
1318632533,일신기연주식회사,2015,성장기,0,38.29,0.0,0.0,49.87,18.48,56.17
1318632533,일신기연주식회사,2016,성장기,0,35.48,2.2,19.68,46.84,10.04,46.2
1318632533,일신기연주식회사,2017,성장기,0,0.0,1.7,24.1,45.35,19.03,53.61
1318632533,일신기연주식회사,2018,성숙기,0,56.96,0.0,92.35,46.72,26.38,50.46
1318632533,일신기연주식회사,2019,조정기,0,44.21,25.7,100.0,55.8,18.53,45.23
1318632533,일신기연주식회사,2020,조정기,0,100.0,22.0,62.42,59.98,13.64,47.96
1318634808,(주)케이텍,2015,성숙기,0,38.29,5.6,0.0,49.87,50.76,70.42
1318634808,(주)케이텍,2016,성숙기,0,35.48,0.0,19.68,46.84,44.7,47.42
1318634808,(주)케이텍,2017,성숙기,0,0.0,0.0,24.1,45.33,17.65,32.92
1318634808,(주)케이텍,2021,성숙기,0,25.99,0.0,38.9,44.46,18.53,48.84
1318634808,(주)케이텍,2022,성숙기,0,44.25,0.0,54.23,50.25,8.94,41.55
1318634808,(주)케이텍,2023,성장기,0,24.44,13.2,55.25,53.22,11.93,50.7
1318634808,(주)케이텍,2024,성장기,0,53.17,16.0,58.94,46.05,5.64,46.75
1318640479,(주)러셀로보틱스,2020,성장기,0,100.0,0.8,62.42,60.99,33.66,50.67
1318640479,(주)러셀로보틱스,2021,도입기,0,25.99,71.8,38.9,54.41,69.51,69.13
1318640479,(주)러셀로보틱스,2022,조정기,0,44.25,26.1,54.23,36.93,5.84,9.29
1318640479,(주)러셀로보틱스,2023,도입기,0,24.44,81.1,55.25,55.07,80.68,92.45
1318640479,(주)러셀로보틱스,2024,도입기,0,53.17,92.8,58.94,45.47,85.79,52.79
1318645789,경동쇼트기계(주),2016,성장기,0,35.48,2.2,19.68,46.84,12.77,51.01
1318645789,경동쇼트기계(주),2017,성숙기,0,0.0,0.0,24.1,48.92,23.61,54.69
1318645789,경동쇼트기계(주),2018,도입기,0,56.96,75.8,92.35,49.91,86.58,81.93
1318645789,경동쇼트기계(주),2019,성숙기,0,44.21,0.0,100.0,53.88,42.22,24.71
1318645789,경동쇼트기계(주),2021,성장기,0,25.99,1.9,38.9,55.5,69.87,48.84
1318645789,경동쇼트기계(주),2022,조정기,0,44.25,26.1,54.23,33.7,17.41,15.84
1318645789,경동쇼트기계(주),2024,성숙기,0,53.17,0.0,58.94,36.25,0.92,50.27
1318645853,주식회사금광,2015,조정기,0,38.29,28.5,0.0,44.75,11.19,39.68
1318645853,주식회사금광,2016,조정기,0,35.48,33.5,19.68,81.73,27.51,59.82
1318645853,주식회사금광,2017,조정기,0,0.0,35.9,24.1,77.47,13.14,40.19
1318645853,주식회사금광,2018,조정기,0,56.96,38.0,92.35,71.14,11.95,45.62
1318645853,주식회사금광,2019,조정기,0,44.21,25.7,100.0,62.25,11.63,49.47
1318645853,주식회사금광,2020,조정기,0,100.0,22.0,62.42,62.42,10.85,50.23
1318645853,주식회사금광,2021,조정기,0,25.99,24.6,38.9,53.99,10.84,48.88
1318645853,주식회사금광,2022,조정기,0,44.25,26.1,54.23,35.79,11.16,47.44
1318645853,주식회사금광,2023,조정기,0,24.44,24.8,55.25,49.48,11.06,48.93
1318645853,주식회사금광,2024,조정기,0,53.17,27.2,58.94,39.73,11.31,50.36
1318650341,(주)현민,2021,성숙기,0,25.99,0.0,38.9,54.41,6.67,48.84
1318650341,(주)현민,2022,성장기,0,44.25,3.1,54.23,36.93,19.3,54.69
1318650341,(주)현민,2023,성숙기,0,24.44,0.0,55.25,50.57,6.33,41.55
1318650341,(주)현민,2024,쇠퇴기,0,53.17,100.0,58.94,37.36,19.65,57.59
1318657397,(주)미로,2017,성장기,0,0.0,1.7,24.1,48.92,9.3,48.42
1318657397,(주)미로,2018,성장기,0,56.96,1.0,92.35,49.91,11.46,47.5
1318657397,(주)미로,2019,성장기,0,44.21,2.1,100.0,51.55,32.4,61.31
1318657397,(주)미로,2020,성장기,0,100.0,0.8,62.42,61.85,18.61,43.06
1318657397,(주)미로,2021,도입기,0,25.99,71.8,38.9,55.84,93.39,91.05
1318657397,(주)미로,2022,도입기,0,44.25,70.4,54.23,31.81,96.5,48.06
1318657397,(주)미로,2023,도입기,1,24.44,81.1,55.25,46.49,91.91,47.38
1318658310,(주)휴먼텍,2022,도입기,0,44.25,70.4,54.23,36.93,19.33,47.42
1318658310,(주)휴먼텍,2023,도입기,0,24.44,81.1,55.25,50.57,40.35,61.31
1318658310,(주)휴먼텍,2024,도입기,0,53.17,92.8,58.94,40.55,22.47,40.26
1318659793,(주)피앤엠,2021,성숙기,0,25.99,0.0,38.9,54.41,4.96,48.84
1318659793,(주)피앤엠,2022,성숙기,0,44.25,0.0,54.23,36.93,0.81,44.9
1318659793,(주)피앤엠,2023,성숙기,0,24.44,0.0,55.25,50.57,0.56,48.71
1318659793,(주)피앤엠,2024,성숙기,0,53.17,0.0,58.94,41.38,0.25,50.09
1318661135,주식회사케이앤티,2021,성장기,0,25.99,1.9,38.9,54.41,10.88,48.84
1318661135,주식회사케이앤티,2022,도입기,0,44.25,70.4,54.23,36.93,92.83,95.19
1318661135,주식회사케이앤티,2023,성장기,0,24.44,13.2,55.25,50.57,82.55,44.02
1318661135,주식회사케이앤티,2024,성장기,0,53.17,16.0,58.94,40.1,47.92,30.86
1318668050,나이프플러스(주),2019,성장기,0,44.21,2.1,100.0,51.55,5.85,49.68
1318668050,나이프플러스(주),2020,성장기,0,100.0,0.8,62.42,60.99,1.52,48.28
1318668050,나이프플러스(주),2021,성장기,0,25.99,1.9,38.9,54.41,6.16,51.48
1318668050,나이프플러스(주),2022,성장기,0,44.25,3.1,54.23,38.51,7.73,48.23
1318668050,나이프플러스(주),2023,성숙기,0,24.44,0.0,55.25,51.82,0.5,44.74
1318668050,나이프플러스(주),2024,성장기,0,53.17,16.0,58.94,41.6,53.31,79.4
1328104243,(주)동진밸브,2015,도입기,0,38.29,65.4,0.0,49.87,15.73,51.46
1328104243,(주)동진밸브,2016,도입기,0,35.48,82.9,19.68,46.84,16.22,51.11
1328104243,(주)동진밸브,2017,도입기,0,0.0,70.3,24.1,50.05,9.13,44.36
1328104243,(주)동진밸브,2018,도입기,0,56.96,75.8,92.35,50.79,13.28,48.62
1328104243,(주)동진밸브,2019,성숙기,0,44.21,0.0,100.0,51.63,7.04,46.17
1328104243,(주)동진밸브,2020,성숙기,0,100.0,0.0,62.42,62.48,9.72,52.13
1328104243,(주)동진밸브,2021,성숙기,0,25.99,0.0,38.9,56.55,13.46,50.99
1328104243,(주)동진밸브,2022,성장기,0,44.25,3.1,54.23,37.57,12.09,46.42
1328104243,(주)동진밸브,2023,성숙기,0,24.44,0.0,55.25,51.08,6.23,45.59
1328104243,(주)동진밸브,2024,성숙기,0,53.17,0.0,58.94,40.93,11.88,53.36
1328182744,(주)우성기업,2015,성숙기,0,38.29,5.6,0.0,49.05,17.5,42.19
1328182744,(주)우성기업,2016,성숙기,0,35.48,0.0,19.68,45.99,12.55,48.11
1328182744,(주)우성기업,2017,성숙기,0,0.0,0.0,24.1,48.61,12.04,48.15
1328182744,(주)우성기업,2018,성숙기,0,56.96,0.0,92.35,49.76,13.75,47.25
1328182744,(주)우성기업,2019,쇠퇴기,0,44.21,100.0,100.0,51.39,11.33,48.3
1328182744,(주)우성기업,2020,성장기,0,100.0,0.8,62.42,59.77,12.11,51.08
1328182744,(주)우성기업,2021,성장기,0,25.99,1.9,38.9,53.64,53.04,71.96
1328182744,(주)우성기업,2022,성장기,0,44.25,3.1,54.23,36.65,24.5,30.04
1328182744,(주)우성기업,2023,성장기,0,24.44,13.2,55.25,50.22,54.98,66.88
1328182744,(주)우성기업,2024,성장기,0,53.17,16.0,58.94,40.31,12.91,26.85
1328187152,주식회사아리예스코리아,2015,성숙기,0,38.29,5.6,0.0,49.87,2.21,50.15
1328187152,주식회사아리예스코리아,2016,성숙기,0,35.48,0.0,19.68,42.62,40.53,71.93
1328187152,주식회사아리예스코리아,2017,성숙기,0,0.0,0.0,24.1,44.95,13.82,33.11
1328187152,주식회사아리예스코리아,2018,성숙기,0,56.96,0.0,92.35,53.48,2.52,39.89
1328187152,주식회사아리예스코리아,2019,성숙기,0,44.21,0.0,100.0,47.92,0.62,48.62
1328187152,주식회사아리예스코리아,2020,성숙기,0,100.0,0.0,62.42,56.13,51.09,78.4
1328187152,주식회사아리예스코리아,2021,성숙기,0,25.99,0.0,38.9,61.77,4.83,22.87
1328187152,주식회사아리예스코리아,2022,성숙기,0,44.25,0.0,54.23,48.94,0.38,44.72
1328187152,주식회사아리예스코리아,2023,성숙기,0,24.44,0.0,55.25,61.15,4.99,51.53
1328187152,주식회사아리예스코리아,2024,성숙기,0,53.17,0.0,58.94,50.12,8.37,52.11
1328198794,주식회사태하,2018,성장기,0,56.96,1.0,92.35,49.91,30.33,46.26
1328198794,주식회사태하,2019,성숙기,0,44.21,0.0,100.0,51.55,9.54,38.02
1328198794,주식회사태하,2020,성숙기,0,100.0,0.0,62.42,60.99,6.32,48.89
1328198794,주식회사태하,2021,성숙기,0,25.99,0.0,38.9,51.53,0.01,45.31
1328198794,주식회사태하,2022,성숙기,0,44.25,0.0,54.23,43.95,0.86,47.88
1328198794,주식회사태하,2023,성숙기,0,24.44,0.0,55.25,57.98,0.46,48.62
1328198794,주식회사태하,2024,성숙기,0,53.17,0.0,58.94,46.27,1.17,50.66
1328610323,(주)동우금속,2021,성장기,0,25.99,1.9,38.9,54.41,3.99,48.84
1328610323,(주)동우금속,2022,도입기,0,44.25,70.4,54.23,36.93,8.29,49.85
1328610323,(주)동우금속,2023,성장기,0,24.44,13.2,55.25,50.57,4.81,46.93
1328610323,(주)동우금속,2024,성장기,0,53.17,16.0,58.94,38.82,2.73,49.1
1328613766,(주)뉴로메카,2018,도입기,0,56.96,75.8,92.35,49.91,36.35,46.26
1328613766,(주)뉴로메카,2019,쇠퇴기,0,44.21,100.0,100.0,51.55,83.02,75.54
1328613766,(주)뉴로메카,2020,쇠퇴기,1,100.0,100.0,62.42,60.99,92.77,55.94
1338111373,경일정밀(주),2015,쇠퇴기,0,38.29,100.0,0.0,54.67,30.39,52.68
1338111373,경일정밀(주),2016,성장기,0,35.48,2.2,19.68,43.24,10.49,39.86
1338111373,경일정밀(주),2017,쇠퇴기,0,0.0,100.0,24.1,45.54,54.73,73.94
1338111373,경일정밀(주),2018,성장기,0,56.96,1.0,92.35,46.94,27.33,30.9
1338111373,경일정밀(주),2019,도입기,1,44.21,58.1,100.0,45.65,59.55,67.53
1338120585,한국뉴매틱(주),2015,성숙기,0,38.29,5.6,0.0,50.57,1.0,50.33
1338120585,한국뉴매틱(주),2016,성숙기,0,35.48,0.0,19.68,48.69,0.49,50.59
1338120585,한국뉴매틱(주),2017,성장기,0,0.0,1.7,24.1,50.48,0.71,48.54
1338120585,한국뉴매틱(주),2018,성장기,0,56.96,1.0,92.35,51.03,0.54,46.16
1338120585,한국뉴매틱(주),2019,성장기,0,44.21,2.1,100.0,53.27,0.59,49.72
1338120585,한국뉴매틱(주),2020,성장기,0,100.0,0.8,62.42,63.69,0.74,50.75
1338122230,(주)에스피엠,2015,도입기,0,38.29,65.4,0.0,61.46,40.85,70.3
1338122230,(주)에스피엠,2016,조정기,0,35.48,33.5,19.68,43.76,23.01,40.97
1338122230,(주)에스피엠,2017,성숙기,0,0.0,0.0,24.1,46.33,74.45,78.12
1338122230,(주)에스피엠,2018,쇠퇴기,0,56.96,100.0,92.35,46.73,80.64,49.95
1338122230,(주)에스피엠,2019,쇠퇴기,1,44.21,100.0,100.0,54.09,93.72,56.7
1338122429,주식회사에이치에프엠,2015,성숙기,0,38.29,5.6,0.0,51.29,2.97,51.16
1338122429,주식회사에이치에프엠,2016,성숙기,0,35.48,0.0,19.68,41.01,1.86,50.26
1338122429,주식회사에이치에프엠,2017,조정기,0,0.0,35.9,24.1,44.89,1.34,48.11
1338122429,주식회사에이치에프엠,2018,쇠퇴기,0,56.96,100.0,92.35,48.61,40.9,68.62
1338122429,주식회사에이치에프엠,2019,성장기,0,44.21,2.1,100.0,58.38,1.99,27.89
1338122429,주식회사에이치에프엠,2020,성장기,0,100.0,0.8,62.42,57.55,25.38,63.52
1338122429,주식회사에이치에프엠,2021,성장기,0,25.99,1.9,38.9,54.82,20.17,45.96
1338122429,주식회사에이치에프엠,2022,성장기,0,44.25,3.1,54.23,40.38,46.46,62.52
1338122429,주식회사에이치에프엠,2023,성숙기,0,24.44,0.0,55.25,53.12,11.19,28.91
1338122429,주식회사에이치에프엠,2024,성숙기,0,53.17,0.0,58.94,41.52,1.85,45.07
1338122564,경기산업(주),2015,성장기,0,38.29,0.0,0.0,31.83,2.64,47.33
1338122564,경기산업(주),2016,성장기,0,35.48,2.2,19.68,36.54,2.57,50.83
1338122564,경기산업(주),2017,쇠퇴기,0,0.0,100.0,24.1,38.26,6.16,50.49
1338122564,경기산업(주),2018,성숙기,0,56.96,0.0,92.35,40.47,1.6,43.69
1338122564,경기산업(주),2019,성숙기,0,44.21,0.0,100.0,47.55,0.42,49.03
1338122564,경기산업(주),2020,성숙기,0,100.0,0.0,62.42,59.89,17.8,60.22
1338122564,경기산업(주),2021,성숙기,0,25.99,0.0,38.9,57.27,11.94,45.58
1338122564,경기산업(주),2022,성숙기,0,44.25,0.0,54.23,39.68,0.26,40.4
1338122564,경기산업(주),2023,도입기,0,24.44,81.1,55.25,52.74,25.74,63.67
1338122564,경기산업(주),2024,쇠퇴기,0,53.17,100.0,58.94,42.12,52.67,65.03
1338122579,한림기계주식회사,2015,성숙기,0,38.29,5.6,0.0,57.48,0.13,46.68
1338122579,한림기계주식회사,2016,성장기,0,35.48,2.2,19.68,52.13,0.22,50.92
1338122579,한림기계주식회사,2017,성숙기,0,0.0,0.0,24.1,53.8,0.14,48.36
1338122579,한림기계주식회사,2018,성숙기,0,56.96,0.0,92.35,53.36,3.15,47.96
1338122579,한림기계주식회사,2019,성숙기,0,44.21,0.0,100.0,53.87,0.03,47.95
1338122579,한림기계주식회사,2020,성숙기,0,100.0,0.0,62.42,61.8,0.15,50.73
1338122579,한림기계주식회사,2021,성숙기,0,25.99,0.0,38.9,56.6,0.0,48.78
1338122579,한림기계주식회사,2022,성숙기,0,44.25,0.0,54.23,38.81,0.19,47.49
1338122579,한림기계주식회사,2023,성숙기,0,24.44,0.0,55.25,52.02,0.09,48.79
1338122579,한림기계주식회사,2024,성숙기,0,53.17,0.0,58.94,41.61,0.09,50.27
1338122657,(주)삼원이앤비,2015,조정기,0,38.29,28.5,0.0,48.83,31.24,64.95
1338122657,(주)삼원이앤비,2016,성숙기,0,35.48,0.0,19.68,48.35,4.98,36.37
1338122657,(주)삼원이앤비,2017,성숙기,0,0.0,0.0,24.1,50.92,5.06,48.47
1338122657,(주)삼원이앤비,2018,성숙기,0,56.96,0.0,92.35,49.64,0.23,43.53
1338122657,(주)삼원이앤비,2019,성숙기,0,44.21,0.0,100.0,50.77,31.35,67.01
1338122657,(주)삼원이앤비,2020,성숙기,0,100.0,0.0,62.42,57.76,8.08,37.85
1338122657,(주)삼원이앤비,2021,성숙기,0,25.99,0.0,38.9,51.09,55.95,75.86
1338122657,(주)삼원이앤비,2022,도입기,0,44.25,70.4,54.23,30.81,4.7,16.72
1338122657,(주)삼원이앤비,2023,조정기,0,24.44,24.8,55.25,45.64,0.19,46.28
1338122657,(주)삼원이앤비,2024,쇠퇴기,0,53.17,100.0,58.94,36.63,4.72,52.76
1338123942,(주)한산,2015,쇠퇴기,0,38.29,100.0,0.0,46.08,88.98,52.24
1338123942,(주)한산,2016,쇠퇴기,1,35.48,100.0,19.68,41.83,93.28,53.03
1338123957,(주)한즈모트롤,2015,성장기,0,38.29,0.0,0.0,53.01,23.48,53.1
1338123957,(주)한즈모트롤,2016,성장기,0,35.48,2.2,19.68,54.29,27.15,52.84
1338123957,(주)한즈모트롤,2017,성장기,0,0.0,1.7,24.1,57.37,42.41,57.27
1338123957,(주)한즈모트롤,2018,성장기,0,56.96,1.0,92.35,55.31,19.35,33.32
1338123957,(주)한즈모트롤,2019,성장기,0,44.21,2.1,100.0,51.96,15.38,47.42
1338123957,(주)한즈모트롤,2020,성장기,0,100.0,0.8,62.42,60.41,24.78,55.81
1338123957,(주)한즈모트롤,2021,성장기,0,25.99,1.9,38.9,54.97,50.11,63.18
1338123957,(주)한즈모트롤,2022,성숙기,0,44.25,0.0,54.23,35.82,50.85,47.21
1338123957,(주)한즈모트롤,2023,도입기,0,24.44,81.1,55.25,49.44,24.63,34.23
1338123957,(주)한즈모트롤,2024,도입기,0,53.17,92.8,58.94,39.28,87.91,85.09
1338124034,비디아이(주),2015,도입기,0,38.29,65.4,0.0,58.94,8.51,34.92
1338124034,비디아이(주),2024,쇠퇴기,0,53.17,100.0,58.94,32.14,95.46,50.27
1338125483,주식회사에이알,2015,성숙기,0,38.29,5.6,0.0,45.18,4.11,52.41
1338125483,주식회사에이알,2016,성숙기,0,35.48,0.0,19.68,42.88,0.01,48.61
1338125483,주식회사에이알,2017,성숙기,0,0.0,0.0,24.1,45.92,0.57,48.73
1338125483,주식회사에이알,2018,성숙기,0,56.96,0.0,92.35,44.49,0.87,46.42
1338125483,주식회사에이알,2019,성숙기,0,44.21,0.0,100.0,47.16,0.35,49.4
1338125483,주식회사에이알,2020,성숙기,0,100.0,0.0,62.42,58.81,0.86,50.94
1338125483,주식회사에이알,2021,조정기,0,25.99,24.6,38.9,52.9,0.15,48.46
1338125483,주식회사에이알,2022,조정기,0,44.25,26.1,54.23,38.63,5.14,50.3
1338125483,주식회사에이알,2023,조정기,0,24.44,24.8,55.25,51.78,0.41,46.16
1338125483,주식회사에이알,2024,성숙기,0,53.17,0.0,58.94,41.18,0.1,50.09
1338125858,한국공조엔지니어링(주),2016,조정기,0,35.48,33.5,19.68,81.69,0.05,51.01
1338125858,한국공조엔지니어링(주),2017,도입기,0,0.0,70.3,24.1,51.94,61.18,83.65
1338125858,한국공조엔지니어링(주),2018,도입기,0,56.96,75.8,92.35,54.21,48.04,38.98
1338125858,한국공조엔지니어링(주),2019,도입기,0,44.21,58.1,100.0,46.9,7.12,26.75
1338125858,한국공조엔지니어링(주),2020,성숙기,0,100.0,0.0,62.42,62.62,2.08,47.89
1338125858,한국공조엔지니어링(주),2021,성숙기,0,25.99,0.0,38.9,56.05,59.34,81.15
1338125858,한국공조엔지니어링(주),2022,성숙기,0,44.25,0.0,54.23,36.51,5.48,15.15
1338125858,한국공조엔지니어링(주),2023,성숙기,0,24.44,0.0,55.25,50.54,0.16,45.82
1338125858,한국공조엔지니어링(주),2024,성숙기,0,53.17,0.0,58.94,40.55,4.47,52.64
1338125917,(주)정현프랜트,2015,성장기,0,38.29,0.0,0.0,62.36,9.59,50.6
1338125917,(주)정현프랜트,2016,조정기,0,35.48,33.5,19.68,49.78,15.8,54.26
1338125917,(주)정현프랜트,2017,성숙기,0,0.0,0.0,24.1,50.2,7.21,43.5
1338125917,(주)정현프랜트,2018,성숙기,0,56.96,0.0,92.35,50.64,7.8,46.6
1338125917,(주)정현프랜트,2019,성숙기,0,44.21,0.0,100.0,53.31,15.79,54.11
1338125917,(주)정현프랜트,2020,성숙기,0,100.0,0.0,62.42,59.37,7.79,46.25
1338125917,(주)정현프랜트,2021,쇠퇴기,0,25.99,100.0,38.9,52.74,16.43,53.75
1338125917,(주)정현프랜트,2022,조정기,0,44.25,26.1,54.23,36.57,3.2,39.44
1338125917,(주)정현프랜트,2023,조정기,0,24.44,24.8,55.25,50.24,0.03,47.05
1338125917,(주)정현프랜트,2024,조정기,0,53.17,27.2,58.94,39.44,1.85,51.27
1338126105,(주)대양이엔아이,2015,성장기,0,38.29,0.0,0.0,57.09,82.13,96.59
1338126105,(주)대양이엔아이,2016,성숙기,0,35.48,0.0,19.68,26.49,4.07,7.78
1338126105,(주)대양이엔아이,2017,도입기,0,0.0,70.3,24.1,36.04,6.92,50.06
1338126105,(주)대양이엔아이,2018,쇠퇴기,0,56.96,100.0,92.35,36.94,8.49,47.16
1338126105,(주)대양이엔아이,2019,조정기,0,44.21,25.7,100.0,48.49,0.59,45.27
1338126105,(주)대양이엔아이,2020,성숙기,0,100.0,0.0,62.42,58.23,26.02,64.64
1338126105,(주)대양이엔아이,2021,성장기,0,25.99,1.9,38.9,52.73,1.53,35.09
1338126105,(주)대양이엔아이,2022,성장기,0,44.25,3.1,54.23,31.84,1.41,47.29
1338126105,(주)대양이엔아이,2023,성장기,0,24.44,13.2,55.25,46.43,4.68,50.77
1338126105,(주)대양이엔아이,2024,성장기,0,53.17,16.0,58.94,37.88,19.79,58.59
1338127481,인바이오텍주식회사,2015,성장기,0,38.29,0.0,0.0,65.33,6.74,51.74
1338127481,인바이오텍주식회사,2016,성장기,0,35.48,2.2,19.68,45.36,9.13,52.17
1338127481,인바이오텍주식회사,2017,성장기,0,0.0,1.7,24.1,45.57,7.81,47.67
1338127481,인바이오텍주식회사,2018,성장기,0,56.96,1.0,92.35,51.04,8.59,46.71
1338127481,인바이오텍주식회사,2019,성장기,0,44.21,2.1,100.0,53.23,10.48,50.71
1338127481,인바이오텍주식회사,2020,성장기,0,100.0,0.8,62.42,62.55,7.47,49.0
1338127481,인바이오텍주식회사,2021,조정기,0,25.99,24.6,38.9,58.15,21.26,56.65
1338127481,인바이오텍주식회사,2022,도입기,0,44.25,70.4,54.23,32.69,9.25,40.1
1338127481,인바이오텍주식회사,2023,성장기,0,24.44,13.2,55.25,46.74,55.86,76.07
1338127481,인바이오텍주식회사,2024,조정기,0,53.17,27.2,58.94,37.36,87.82,67.7
1338127725,주식회사함코,2015,도입기,0,38.29,65.4,0.0,60.03,5.35,50.31
1338127725,주식회사함코,2016,쇠퇴기,0,35.48,100.0,19.68,45.59,34.26,66.75
1338127725,주식회사함코,2017,성장기,0,0.0,1.7,24.1,48.33,1.96,29.87
1338127725,주식회사함코,2018,조정기,0,56.96,38.0,92.35,50.86,20.93,56.98
1338127725,주식회사함코,2019,성숙기,0,44.21,0.0,100.0,55.01,4.72,40.6
1338127725,주식회사함코,2020,성숙기,0,100.0,0.0,62.42,65.17,8.22,52.58
1338127725,주식회사함코,2021,성숙기,0,25.99,0.0,38.9,57.42,2.5,45.65
1338127725,주식회사함코,2022,성숙기,0,44.25,0.0,54.23,32.92,0.26,46.04
1338127725,주식회사함코,2023,성숙기,0,24.44,0.0,55.25,47.3,15.9,57.95
1338127725,주식회사함코,2024,성숙기,0,53.17,0.0,58.94,37.37,0.39,41.65
1338127929,(주)대한피엔씨,2015,도입기,0,38.29,65.4,0.0,50.34,35.63,35.65
1338127929,(주)대한피엔씨,2016,조정기,0,35.48,33.5,19.68,50.55,28.04,46.62
1338127929,(주)대한피엔씨,2017,성숙기,0,0.0,0.0,24.1,52.63,46.71,59.24
1338127929,(주)대한피엔씨,2018,성숙기,0,56.96,0.0,92.35,52.55,46.12,46.04
1338127929,(주)대한피엔씨,2019,성숙기,0,44.21,0.0,100.0,51.23,49.45,51.39
1338127929,(주)대한피엔씨,2020,성숙기,0,100.0,0.0,62.42,63.45,44.83,48.08
1338127929,(주)대한피엔씨,2021,조정기,0,25.99,24.6,38.9,51.9,62.57,58.94
1338127929,(주)대한피엔씨,2022,성장기,0,44.25,3.1,54.23,32.59,34.74,30.34
1338127929,(주)대한피엔씨,2023,조정기,0,24.44,24.8,55.25,46.87,53.27,60.06
1338127929,(주)대한피엔씨,2024,성장기,0,53.17,16.0,58.94,37.8,48.29,47.32
1338128059,에이에프티코리아(주),2015,성장기,0,38.29,0.0,0.0,49.87,20.19,35.43
1338128059,에이에프티코리아(주),2016,쇠퇴기,0,35.48,100.0,19.68,56.94,95.82,92.4
1338129359,(주)리탈,2015,도입기,0,38.29,65.4,0.0,53.66,53.3,55.81
1338129359,(주)리탈,2016,성숙기,0,35.48,0.0,19.68,51.29,49.23,48.51
1338129359,(주)리탈,2017,도입기,1,0.0,70.3,24.1,49.91,70.34,60.69
1338132515,(주)로얄이지,2015,조정기,0,38.29,28.5,0.0,44.89,7.11,49.31
1338132515,(주)로얄이지,2016,도입기,0,35.48,82.9,19.68,50.53,5.26,49.84
1338132515,(주)로얄이지,2017,도입기,0,0.0,70.3,24.1,53.81,13.16,52.98
1338132515,(주)로얄이지,2018,도입기,0,56.96,75.8,92.35,52.15,41.84,62.5
1338132515,(주)로얄이지,2019,성숙기,0,44.21,0.0,100.0,50.43,67.25,63.69
1338132515,(주)로얄이지,2020,성숙기,0,100.0,0.0,62.42,66.34,8.23,18.16
1338132515,(주)로얄이지,2021,성숙기,0,25.99,0.0,38.9,58.11,54.53,74.98
1338132515,(주)로얄이지,2022,조정기,0,44.25,26.1,54.23,37.84,37.1,36.52
1338132515,(주)로얄이지,2023,조정기,0,24.44,24.8,55.25,51.14,26.84,43.34
1338132515,(주)로얄이지,2024,성숙기,0,53.17,0.0,58.94,40.74,1.05,35.94
1338132631,우성오토콘(주),2015,성장기,0,38.29,0.0,0.0,49.87,19.64,61.06
1338132631,우성오토콘(주),2016,성장기,0,35.48,2.2,19.68,29.25,54.3,69.88
1338132631,우성오토콘(주),2017,성숙기,0,0.0,0.0,24.1,37.4,6.92,21.22
1338132631,우성오토콘(주),2018,성숙기,0,56.96,0.0,92.35,38.15,1.8,43.38
1338132631,우성오토콘(주),2019,성숙기,0,44.21,0.0,100.0,53.71,0.25,48.82
1338132631,우성오토콘(주),2020,성숙기,0,100.0,0.0,62.42,50.91,0.18,50.63
1338132631,우성오토콘(주),2021,성장기,0,25.99,1.9,38.9,54.34,0.11,48.82
1338132631,우성오토콘(주),2022,성장기,0,44.25,3.1,54.23,40.82,0.37,47.53
1338132631,우성오토콘(주),2023,성장기,0,24.44,13.2,55.25,53.72,4.97,51.52
1338132631,우성오토콘(주),2024,성숙기,0,53.17,0.0,58.94,43.52,0.03,47.53
1338134212,(주)삼성의료설비,2015,조정기,0,38.29,28.5,0.0,62.83,8.81,49.78
1338134212,(주)삼성의료설비,2016,조정기,0,35.48,33.5,19.68,42.73,1.19,46.67
1338134212,(주)삼성의료설비,2017,성장기,0,0.0,1.7,24.1,42.8,0.63,48.09
1338134212,(주)삼성의료설비,2018,성장기,0,56.96,1.0,92.35,46.91,51.57,75.06
1338134212,(주)삼성의료설비,2019,성장기,0,44.21,2.1,100.0,50.17,58.86,53.57
1338134226,(주)프로텍,2015,성장기,0,38.29,0.0,0.0,37.55,0.88,50.55
1338134226,(주)프로텍,2016,성숙기,0,35.48,0.0,19.68,35.58,0.3,50.55
1338134226,(주)프로텍,2017,성숙기,0,0.0,0.0,24.1,39.19,0.22,48.36
1338134226,(주)프로텍,2018,성숙기,0,56.96,0.0,92.35,45.54,0.22,46.25
1338134226,(주)프로텍,2019,성장기,0,44.21,2.1,100.0,51.8,0.13,49.64
1338134226,(주)프로텍,2020,성숙기,0,100.0,0.0,62.42,60.88,0.75,51.01
1338134226,(주)프로텍,2021,성숙기,0,25.99,0.0,38.9,62.43,0.43,48.68
1338134226,(주)프로텍,2022,성숙기,0,44.25,0.0,54.23,50.72,0.48,47.4
1338134226,(주)프로텍,2023,성숙기,0,24.44,0.0,55.25,61.84,1.23,49.29
1338134226,(주)프로텍,2024,성장기,0,53.17,16.0,58.94,50.17,0.96,50.11
1338135263,이성,2015,성숙기,0,38.29,5.6,0.0,42.43,0.93,47.38
1338135263,이성,2016,도입기,0,35.48,82.9,19.68,53.39,5.06,53.14
1338135263,이성,2017,성숙기,0,0.0,0.0,24.1,54.1,11.68,52.24
1338135263,이성,2018,성장기,0,56.96,1.0,92.35,52.44,10.16,45.42
1338135263,이성,2019,도입기,0,44.21,58.1,100.0,52.38,39.76,66.13
1338135263,이성,2020,쇠퇴기,0,100.0,100.0,62.42,62.53,75.57,70.3
1338135263,이성,2021,쇠퇴기,0,25.99,100.0,38.9,55.25,68.91,45.23
1338135263,이성,2022,쇠퇴기,1,44.25,100.0,54.23,38.09,57.29,39.74
1338135491,주식회사티에스엠,2015,쇠퇴기,0,38.29,100.0,0.0,46.54,38.16,70.67
1338135491,주식회사티에스엠,2016,조정기,0,35.48,33.5,19.68,33.97,68.68,67.56
1338135491,주식회사티에스엠,2017,성장기,0,0.0,1.7,24.1,36.02,2.28,10.29
1338135491,주식회사티에스엠,2018,성숙기,0,56.96,0.0,92.35,43.1,1.29,45.7
1338135491,주식회사티에스엠,2019,조정기,0,44.21,25.7,100.0,41.8,2.42,50.31
1338135491,주식회사티에스엠,2020,성숙기,0,100.0,0.0,62.42,61.04,0.07,49.37
1338135491,주식회사티에스엠,2021,조정기,0,25.99,24.6,38.9,50.05,0.32,49.0
1338135491,주식회사티에스엠,2022,성장기,0,44.25,3.1,54.23,35.31,0.48,47.47
1338135491,주식회사티에스엠,2023,성숙기,0,24.44,0.0,55.25,49.09,11.55,55.29
1338135491,주식회사티에스엠,2024,성숙기,0,53.17,0.0,58.94,40.44,6.39,47.37
1338136374,(주)한국금형정공사,2017,성장기,0,0.0,1.7,24.1,48.92,12.09,48.42
1338136374,(주)한국금형정공사,2018,성장기,0,56.96,1.0,92.35,49.91,18.43,49.87
1338136374,(주)한국금형정공사,2019,성장기,0,44.21,2.1,100.0,51.55,12.72,46.45
1338136374,(주)한국금형정공사,2020,성숙기,0,100.0,0.0,62.42,59.05,46.26,69.08
1338136374,(주)한국금형정공사,2021,성숙기,0,25.99,0.0,38.9,54.04,12.38,29.83
1338136374,(주)한국금형정공사,2022,성숙기,0,44.25,0.0,54.23,36.43,18.42,50.77
1338136374,(주)한국금형정공사,2023,성장기,0,24.44,13.2,55.25,50.32,13.98,46.49
1338136374,(주)한국금형정공사,2024,성장기,0,53.17,16.0,58.94,40.27,42.69,66.06
1338138896,에이스기계(주),2015,도입기,0,38.29,65.4,0.0,49.87,82.98,94.06
1338138896,에이스기계(주),2016,도입기,0,35.48,82.9,19.68,46.84,3.28,6.88
1338138896,에이스기계(주),2017,성숙기,0,0.0,0.0,24.1,45.49,77.81,91.38
1338138896,에이스기계(주),2018,성숙기,0,56.96,0.0,92.35,45.31,6.39,6.06
1338138896,에이스기계(주),2019,성숙기,0,44.21,0.0,100.0,41.66,35.63,65.94
1338138896,에이스기계(주),2020,성숙기,0,100.0,0.0,62.42,57.96,3.64,33.05
1338138896,에이스기계(주),2021,도입기,0,25.99,71.8,38.9,49.1,8.03,51.34
1338138896,에이스기계(주),2022,성숙기,0,44.25,0.0,54.23,34.52,1.13,43.25
1338138896,에이스기계(주),2023,조정기,0,24.44,24.8,55.25,48.58,3.66,50.33
1338138896,에이스기계(주),2024,조정기,0,53.17,27.2,58.94,39.68,9.43,53.44
1338138940,우양정공(주),2015,성숙기,0,38.29,5.6,0.0,49.87,4.32,50.22
1338138940,우양정공(주),2016,성숙기,0,35.48,0.0,19.68,46.84,0.13,48.56
1338138940,우양정공(주),2017,성숙기,0,0.0,0.0,24.1,48.92,4.69,51.04
1338138940,우양정공(주),2018,성장기,0,56.96,1.0,92.35,33.15,0.77,44.04
1338138940,우양정공(주),2019,성숙기,0,44.21,0.0,100.0,54.64,1.21,49.93
1338138940,우양정공(주),2020,조정기,0,100.0,22.0,62.42,63.22,0.03,50.02
1338138940,우양정공(주),2021,성숙기,0,25.99,0.0,38.9,46.67,27.02,64.08
1338138940,우양정공(주),2022,성숙기,0,44.25,0.0,54.23,25.04,0.79,31.71
1338138940,우양정공(주),2023,성숙기,0,24.44,0.0,55.25,40.74,4.82,51.2
1338138940,우양정공(주),2024,쇠퇴기,0,53.17,100.0,58.94,33.69,62.32,81.98
1338141988,주식회사진성스틸,2015,성장기,0,38.29,0.0,0.0,49.87,14.78,50.22
1338141988,주식회사진성스틸,2016,쇠퇴기,0,35.48,100.0,19.68,46.84,88.19,91.19
1338141988,주식회사진성스틸,2017,조정기,0,0.0,35.9,24.1,48.92,21.34,10.08
1338141988,주식회사진성스틸,2018,조정기,0,56.96,38.0,92.35,46.44,47.09,60.87
1338141988,주식회사진성스틸,2019,조정기,0,44.21,25.7,100.0,52.22,93.64,75.44
1338141988,주식회사진성스틸,2021,도입기,0,25.99,71.8,38.9,57.66,23.77,48.84
1338141988,주식회사진성스틸,2022,도입기,0,44.25,70.4,54.23,38.56,88.15,84.76
1338141988,주식회사진성스틸,2023,도입기,0,24.44,81.1,55.25,51.26,16.55,8.29
1338141988,주식회사진성스틸,2024,도입기,0,53.17,92.8,58.94,40.06,70.43,79.93
1348101470,삼우산기주식회사,2015,조정기,0,38.29,28.5,0.0,48.31,8.18,48.02
1348101470,삼우산기주식회사,2016,쇠퇴기,0,35.48,100.0,19.68,45.18,15.74,55.01
1348101470,삼우산기주식회사,2017,성장기,0,0.0,1.7,24.1,45.63,9.59,44.9
1348101470,삼우산기주식회사,2018,성숙기,0,56.96,0.0,92.35,49.91,8.21,45.49
1348101470,삼우산기주식회사,2019,도입기,0,44.21,58.1,100.0,51.61,38.48,66.51
1348101470,삼우산기주식회사,2020,도입기,0,100.0,68.6,62.42,67.13,16.76,38.69
1348101470,삼우산기주식회사,2021,도입기,0,25.99,71.8,38.9,57.79,36.56,60.05
1348101470,삼우산기주식회사,2022,도입기,0,44.25,70.4,54.23,37.12,29.4,42.75
1348101470,삼우산기주식회사,2023,성장기,0,24.44,13.2,55.25,50.7,15.76,41.28
1348101470,삼우산기주식회사,2024,쇠퇴기,0,53.17,100.0,58.94,40.46,89.22,90.74
1348102348,(주)다다,2015,성숙기,0,38.29,5.6,0.0,53.69,18.27,41.76
1348102348,(주)다다,2016,성숙기,0,35.48,0.0,19.68,46.23,5.35,43.73
1348102348,(주)다다,2017,성숙기,0,0.0,0.0,24.1,47.3,34.64,65.3
1348102348,(주)다다,2018,성숙기,0,56.96,0.0,92.35,48.11,4.13,29.09
1348102348,(주)다다,2019,성숙기,0,44.21,0.0,100.0,49.21,60.4,81.0
1348102348,(주)다다,2020,쇠퇴기,0,100.0,100.0,62.42,63.25,62.45,51.73
1348102348,(주)다다,2021,쇠퇴기,0,25.99,100.0,38.9,55.41,62.7,49.1
1348102348,(주)다다,2022,쇠퇴기,0,44.25,100.0,54.23,34.39,52.93,40.91
1348102348,(주)다다,2023,쇠퇴기,0,24.44,100.0,55.25,48.44,63.36,55.57
1348102348,(주)다다,2024,쇠퇴기,0,53.17,100.0,58.94,38.7,65.05,50.97
1348102450,(주)금화정수,2015,쇠퇴기,0,38.29,100.0,0.0,52.77,7.12,54.16
1348102450,(주)금화정수,2016,쇠퇴기,0,35.48,100.0,19.68,36.35,5.3,49.86
1348102450,(주)금화정수,2017,쇠퇴기,0,0.0,100.0,24.1,40.49,19.17,56.42
1348102450,(주)금화정수,2018,쇠퇴기,0,56.96,100.0,92.35,41.93,58.99,68.82
1348102450,(주)금화정수,2019,쇠퇴기,0,44.21,100.0,100.0,47.52,12.04,23.36
1348102450,(주)금화정수,2020,쇠퇴기,0,100.0,100.0,62.42,53.09,19.56,54.79
1348102450,(주)금화정수,2021,쇠퇴기,0,25.99,100.0,38.9,49.53,5.47,40.95
1348102450,(주)금화정수,2022,조정기,0,44.25,26.1,54.23,32.92,0.93,44.66
1348102450,(주)금화정수,2023,성장기,0,24.44,13.2,55.25,47.05,0.35,48.52
1348102450,(주)금화정수,2024,성숙기,0,53.17,0.0,58.94,38.59,0.46,50.32
1348103274,광신기어(주),2022,성숙기,0,44.25,0.0,54.23,36.93,6.63,47.42
1348103274,광신기어(주),2023,성장기,0,24.44,13.2,55.25,50.57,1.48,45.93
1348103274,광신기어(주),2024,성장기,0,53.17,16.0,58.94,40.55,53.12,78.75
1348103309,한신기계공업(주),2015,성숙기,0,38.29,5.6,0.0,48.39,4.72,52.42
1348103309,한신기계공업(주),2016,성장기,0,35.48,2.2,19.68,46.52,0.76,48.69
1348103309,한신기계공업(주),2017,쇠퇴기,0,0.0,100.0,24.1,48.56,7.53,52.32
1348103309,한신기계공업(주),2018,성숙기,0,56.96,0.0,92.35,48.64,0.82,42.47
1348103309,한신기계공업(주),2019,성숙기,0,44.21,0.0,100.0,50.42,6.73,52.98
1348103309,한신기계공업(주),2020,성숙기,0,100.0,0.0,62.42,59.47,0.59,47.29
1348103309,한신기계공업(주),2021,성숙기,0,25.99,0.0,38.9,52.82,4.77,51.21
1348103309,한신기계공업(주),2022,도입기,0,44.25,70.4,54.23,36.67,66.41,83.39
1348103309,한신기계공업(주),2023,도입기,0,24.44,81.1,55.25,50.25,48.55,39.28
1348103309,한신기계공업(주),2024,도입기,1,53.17,92.8,58.94,40.11,58.49,55.57
1348103366,한국신동공업(주),2015,성숙기,0,38.29,5.6,0.0,41.47,28.09,49.69
1348103366,한국신동공업(주),2016,조정기,0,35.48,33.5,19.68,48.21,6.62,39.01
1348103366,한국신동공업(주),2017,성숙기,0,0.0,0.0,24.1,50.27,0.77,45.05
1348103366,한국신동공업(주),2018,조정기,0,56.96,38.0,92.35,50.71,5.15,48.73
1348103366,한국신동공업(주),2019,성숙기,0,44.21,0.0,100.0,48.03,0.33,46.99
1348103366,한국신동공업(주),2020,성숙기,0,100.0,0.0,62.42,61.49,43.0,74.12
1348103366,한국신동공업(주),2021,성숙기,0,25.99,0.0,38.9,58.78,33.93,43.82
1348103366,한국신동공업(주),2022,조정기,0,44.25,26.1,54.23,43.09,28.47,43.77
1348103366,한국신동공업(주),2023,조정기,0,24.44,24.8,55.25,55.64,0.71,33.05
1348103366,한국신동공업(주),2024,성숙기,0,53.17,0.0,58.94,44.53,39.86,71.87
1348103901,(주)다우산,2015,성숙기,0,38.29,5.6,0.0,57.73,3.06,50.68
1348103901,(주)다우산,2016,성숙기,0,35.48,0.0,19.68,48.47,1.27,49.88
1348103901,(주)다우산,2017,성숙기,0,0.0,0.0,24.1,50.12,1.66,48.64
1348103901,(주)다우산,2018,성숙기,0,56.96,0.0,92.35,49.12,1.89,46.39
1348103901,(주)다우산,2019,성숙기,0,44.21,0.0,100.0,49.86,1.18,49.29
1348103901,(주)다우산,2020,성숙기,0,100.0,0.0,62.42,59.8,1.82,51.02
1348103901,(주)다우산,2021,조정기,0,25.99,24.6,38.9,55.15,33.92,66.96
1348103901,(주)다우산,2022,성숙기,0,44.25,0.0,54.23,37.61,1.54,28.02
1348103901,(주)다우산,2023,성숙기,0,24.44,0.0,55.25,51.16,1.59,48.9
1348103901,(주)다우산,2024,성숙기,0,53.17,0.0,58.94,41.11,0.15,49.46
1348105461,이화기계공업주식회사,2015,성숙기,0,38.29,5.6,0.0,46.63,34.68,69.45
1348105461,이화기계공업주식회사,2016,성숙기,0,35.48,0.0,19.68,43.24,10.95,37.75
1348105461,이화기계공업주식회사,2017,조정기,0,0.0,35.9,24.1,46.17,25.06,56.57
1348105461,이화기계공업주식회사,2018,도입기,0,56.96,75.8,92.35,49.18,74.7,74.39
1348105461,이화기계공업주식회사,2019,도입기,0,44.21,58.1,100.0,55.52,79.06,51.86
1348105461,이화기계공업주식회사,2020,도입기,1,100.0,68.6,62.42,56.95,95.72,59.74
1348105802,세일기계공업주식회사,2015,성숙기,0,38.29,5.6,0.0,47.42,1.61,50.78
1348105802,세일기계공업주식회사,2016,성숙기,0,35.48,0.0,19.68,40.7,0.54,50.28
1348105802,세일기계공업주식회사,2017,성숙기,0,0.0,0.0,24.1,43.87,0.74,48.53
1348105802,세일기계공업주식회사,2018,성숙기,0,56.96,0.0,92.35,47.71,10.68,51.88
1348105802,세일기계공업주식회사,2019,성숙기,0,44.21,0.0,100.0,52.12,7.61,47.95
1348106913,주식회사동영이엔지,2015,조정기,0,38.29,28.5,0.0,48.16,41.1,65.25
1348106913,주식회사동영이엔지,2016,성숙기,0,35.48,0.0,19.68,39.88,41.61,51.06
1348106913,주식회사동영이엔지,2017,성숙기,0,0.0,0.0,24.1,42.56,36.11,45.34
1348106913,주식회사동영이엔지,2018,조정기,0,56.96,38.0,92.35,45.51,46.3,52.11
1348106913,주식회사동영이엔지,2019,조정기,0,44.21,25.7,100.0,48.78,38.59,45.25
1348106913,주식회사동영이엔지,2020,조정기,0,100.0,22.0,62.42,59.03,45.17,54.24
1348106913,주식회사동영이엔지,2021,성숙기,0,25.99,0.0,38.9,55.08,47.62,50.31
1348106913,주식회사동영이엔지,2022,조정기,0,44.25,26.1,54.23,38.42,50.13,48.27
1348106913,주식회사동영이엔지,2023,조정기,0,24.44,24.8,55.25,51.77,38.84,42.9
1348106913,주식회사동영이엔지,2024,조정기,0,53.17,27.2,58.94,41.31,16.25,37.66
1348107284,블루닉스(주),2015,성장기,0,38.29,0.0,0.0,50.14,7.46,53.73
1348107284,블루닉스(주),2016,도입기,0,35.48,82.9,19.68,58.18,32.34,64.53
1348107284,블루닉스(주),2017,도입기,0,0.0,70.3,24.1,59.75,41.27,53.63
1348107284,블루닉스(주),2018,도입기,0,56.96,75.8,92.35,56.05,39.8,45.53
1348107284,블루닉스(주),2019,도입기,0,44.21,58.1,100.0,56.32,13.85,35.12
1348107284,블루닉스(주),2020,성숙기,0,100.0,0.0,62.42,58.25,8.26,47.57
1348107284,블루닉스(주),2021,성숙기,0,25.99,0.0,38.9,54.65,6.48,47.87
1348107284,블루닉스(주),2022,성숙기,0,44.25,0.0,54.23,41.33,7.4,47.85
1348107284,블루닉스(주),2023,성장기,0,24.44,13.2,55.25,54.17,13.84,52.68
1348107284,블루닉스(주),2024,성장기,0,53.17,16.0,58.94,43.84,5.94,45.86
1348107436,한국코로나(주),2015,조정기,0,38.29,28.5,0.0,49.87,12.88,50.22
1348107436,한국코로나(주),2016,성숙기,0,35.48,0.0,19.68,46.84,17.86,53.58
1348107436,한국코로나(주),2024,도입기,0,53.17,92.8,58.94,40.55,19.33,50.27
1348107945,(주)와이에스티티,2017,도입기,1,0.0,70.3,24.1,48.92,95.74,48.42
1348108231,남성기계산업주식회사,2015,성장기,0,38.29,0.0,0.0,38.47,4.57,39.92
1348108231,남성기계산업주식회사,2016,쇠퇴기,0,35.48,100.0,19.68,52.66,65.98,84.61
1348108231,남성기계산업주식회사,2017,도입기,0,0.0,70.3,24.1,52.46,73.18,52.71
1348108231,남성기계산업주식회사,2018,쇠퇴기,1,56.96,100.0,92.35,50.99,74.37,47.12
1348108279,한국인닥타썸(주),2015,조정기,0,38.29,28.5,0.0,48.62,0.35,49.93
1348108279,한국인닥타썸(주),2016,성숙기,0,35.48,0.0,19.68,40.19,0.5,50.96
1348108279,한국인닥타썸(주),2017,성숙기,0,0.0,0.0,24.1,43.38,0.65,48.5
1348108279,한국인닥타썸(주),2018,성숙기,0,56.96,0.0,92.35,42.82,0.19,45.99
1348108279,한국인닥타썸(주),2019,성숙기,0,44.21,0.0,100.0,41.41,0.73,49.99
1348108279,한국인닥타썸(주),2020,성숙기,0,100.0,0.0,62.42,57.93,0.4,50.48
1348108279,한국인닥타썸(주),2021,성숙기,0,25.99,0.0,38.9,54.3,0.25,48.78
1348108279,한국인닥타썸(주),2022,성숙기,0,44.25,0.0,54.23,43.15,0.19,47.34
1348108279,한국인닥타썸(주),2023,성숙기,0,24.44,0.0,55.25,55.55,0.18,48.85
1348108279,한국인닥타썸(주),2024,성숙기,0,53.17,0.0,58.94,43.88,0.03,50.18
1348108435,(주)쉰들러엘리베이터,2015,성숙기,0,38.29,5.6,0.0,55.23,29.71,42.89
1348108435,(주)쉰들러엘리베이터,2016,도입기,0,35.48,82.9,19.68,49.28,83.87,80.57
1348108435,(주)쉰들러엘리베이터,2017,쇠퇴기,0,0.0,100.0,24.1,52.85,79.3,45.97
1348108435,(주)쉰들러엘리베이터,2018,도입기,1,56.96,75.8,92.35,49.57,84.21,49.24
1348115708,SEW유로드라이브코리아(주),2015,성숙기,0,38.29,5.6,0.0,46.9,0.77,50.42
1348115708,SEW유로드라이브코리아(주),2016,성숙기,0,35.48,0.0,19.68,46.23,0.3,50.61
1348115708,SEW유로드라이브코리아(주),2017,성숙기,0,0.0,0.0,24.1,47.82,0.7,48.64
1348115708,SEW유로드라이브코리아(주),2018,성숙기,0,56.96,0.0,92.35,48.23,0.14,45.94
1348115708,SEW유로드라이브코리아(주),2019,성숙기,0,44.21,0.0,100.0,47.29,0.31,49.79
1348115708,SEW유로드라이브코리아(주),2020,성숙기,0,100.0,0.0,62.42,61.09,0.11,50.56
1348115708,SEW유로드라이브코리아(주),2021,성숙기,0,25.99,0.0,38.9,52.03,0.83,49.27
1348115708,SEW유로드라이브코리아(주),2022,성숙기,0,44.25,0.0,54.23,33.28,0.27,47.04
1348115708,SEW유로드라이브코리아(주),2023,성숙기,0,24.44,0.0,55.25,47.52,0.28,48.86
1348115708,SEW유로드라이브코리아(주),2024,성숙기,0,53.17,0.0,58.94,37.4,4.48,52.58
1348118175,덕지산업주식회사,2015,성숙기,0,38.29,5.6,0.0,39.74,2.37,47.64
1348118175,덕지산업주식회사,2016,성숙기,0,35.48,0.0,19.68,42.74,1.85,50.58
1348118175,덕지산업주식회사,2017,성숙기,0,0.0,0.0,24.1,43.13,5.41,50.47
1348118175,덕지산업주식회사,2018,성숙기,0,56.96,0.0,92.35,45.82,46.6,69.56
1348118175,덕지산업주식회사,2019,성숙기,0,44.21,0.0,100.0,48.3,1.27,24.3
1348118175,덕지산업주식회사,2020,조정기,0,100.0,22.0,62.42,58.07,3.93,52.13
1348118175,덕지산업주식회사,2021,도입기,0,25.99,71.8,38.9,52.98,8.63,51.52
1348118175,덕지산업주식회사,2022,쇠퇴기,0,44.25,100.0,54.23,35.34,36.82,63.77
1348118175,덕지산업주식회사,2023,성숙기,0,24.44,0.0,55.25,49.4,0.3,28.06
1348118175,덕지산업주식회사,2024,성숙기,0,53.17,0.0,58.94,39.75,0.3,50.27
1348124376,신일밸브산업(주),2015,성장기,0,38.29,0.0,0.0,59.04,0.83,49.91
1348124376,신일밸브산업(주),2016,성숙기,0,35.48,0.0,19.68,47.4,0.25,50.55
1348124376,신일밸브산업(주),2017,성숙기,0,0.0,0.0,24.1,49.83,0.25,48.41
1348124376,신일밸브산업(주),2018,성숙기,0,56.96,0.0,92.35,50.92,0.35,46.31
1348124376,신일밸브산업(주),2019,성숙기,0,44.21,0.0,100.0,52.47,0.54,49.79
1348124376,신일밸브산업(주),2020,성숙기,0,100.0,0.0,62.42,62.56,0.37,50.57
1348124376,신일밸브산업(주),2021,성숙기,0,25.99,0.0,38.9,56.3,0.73,49.07
1348124376,신일밸브산업(주),2022,성숙기,0,44.25,0.0,54.23,36.85,0.65,47.33
1348124376,신일밸브산업(주),2023,성숙기,0,24.44,0.0,55.25,50.49,0.54,48.79
1348124376,신일밸브산업(주),2024,성숙기,0,53.17,0.0,58.94,40.58,0.3,50.13
1348127688,(주)제이텍,2015,도입기,0,38.29,65.4,0.0,59.95,84.47,48.46
1348127688,(주)제이텍,2016,조정기,1,35.48,33.5,19.68,39.25,88.1,52.67
1348128727,주식회사피케이지,2015,조정기,1,38.29,28.5,0.0,46.73,89.09,68.68
1348131106,동성정공주식회사,2015,도입기,0,38.29,65.4,0.0,49.87,4.42,50.22
1348131106,동성정공주식회사,2016,성장기,0,35.48,2.2,19.68,46.84,4.7,51.02
1348131106,동성정공주식회사,2017,성숙기,0,0.0,0.0,24.1,48.92,3.6,47.79
1348131106,동성정공주식회사,2018,조정기,0,56.96,38.0,92.35,52.96,43.56,68.86
1348131106,동성정공주식회사,2019,도입기,0,44.21,58.1,100.0,53.87,37.28,46.05
1348131106,동성정공주식회사,2020,도입기,0,100.0,68.6,62.42,50.72,31.47,47.43
1348131106,동성정공주식회사,2021,도입기,0,25.99,71.8,38.9,46.47,51.91,60.44
1348131106,동성정공주식회사,2022,성숙기,0,44.25,0.0,54.23,29.34,18.81,27.38
1348131106,동성정공주식회사,2023,성숙기,0,24.44,0.0,55.25,44.06,33.14,57.41
1348131106,동성정공주식회사,2024,성숙기,0,53.17,0.0,58.94,35.64,61.01,65.53
1348131839,케이엠씨(주),2015,쇠퇴기,1,38.29,100.0,0.0,49.66,88.0,80.58
1348132648,주식회사고려호이스트,2015,성장기,0,38.29,0.0,0.0,39.53,35.81,67.64
1348132648,주식회사고려호이스트,2016,성장기,0,35.48,2.2,19.68,35.41,22.58,43.52
1348132648,주식회사고려호이스트,2017,도입기,0,0.0,70.3,24.1,38.11,37.01,56.78
1348132648,주식회사고려호이스트,2018,성숙기,0,56.96,0.0,92.35,39.68,32.7,43.91
1348132648,주식회사고려호이스트,2019,성장기,0,44.21,2.1,100.0,46.98,23.87,44.67
1348132648,주식회사고려호이스트,2020,도입기,0,100.0,68.6,62.42,51.87,82.05,82.61
1348132648,주식회사고려호이스트,2021,조정기,0,25.99,24.6,38.9,51.06,15.86,11.67
1348132648,주식회사고려호이스트,2022,조정기,0,44.25,26.1,54.23,32.98,6.05,41.45
1348132648,주식회사고려호이스트,2023,조정기,0,24.44,24.8,55.25,47.27,0.25,45.55
1348132648,주식회사고려호이스트,2024,성숙기,0,53.17,0.0,58.94,37.64,0.6,50.46
1348133119,(주)티케이씨,2015,성장기,0,38.29,0.0,0.0,59.41,6.04,53.4
1348133119,(주)티케이씨,2016,성장기,0,35.48,2.2,19.68,51.37,6.62,51.18
1348133119,(주)티케이씨,2017,성숙기,0,0.0,0.0,24.1,51.31,0.13,44.68
1348133119,(주)티케이씨,2018,조정기,0,56.96,38.0,92.35,59.24,6.71,49.98
1348133119,(주)티케이씨,2019,조정기,0,44.21,25.7,100.0,63.72,0.29,46.09
1348133119,(주)티케이씨,2020,조정기,0,100.0,22.0,62.42,61.12,0.09,50.56
1348133119,(주)티케이씨,2021,성숙기,0,25.99,0.0,38.9,51.22,0.0,48.81
1348133119,(주)티케이씨,2022,성숙기,0,44.25,0.0,54.23,36.77,0.27,47.54
1348133119,(주)티케이씨,2023,성숙기,0,24.44,0.0,55.25,50.33,3.83,50.92
1348133119,(주)티케이씨,2024,성숙기,0,53.17,0.0,58.94,40.87,0.63,48.49
1348133934,(주)우진이엔지,2015,도입기,0,38.29,65.4,0.0,55.19,88.98,91.33
1348133934,(주)우진이엔지,2016,성장기,0,35.48,2.2,19.68,37.02,76.11,43.59
1348133934,(주)우진이엔지,2017,성숙기,0,0.0,0.0,24.1,40.96,49.91,33.48
1348133934,(주)우진이엔지,2018,성숙기,0,56.96,0.0,92.35,44.43,52.84,48.04
1348133934,(주)우진이엔지,2019,성숙기,0,44.21,0.0,100.0,46.8,15.59,28.78
1348133934,(주)우진이엔지,2020,성숙기,0,100.0,0.0,62.42,62.15,74.09,82.8
1348133934,(주)우진이엔지,2021,조정기,0,25.99,24.6,38.9,57.73,49.96,35.38
1348133934,(주)우진이엔지,2022,성장기,0,44.25,3.1,54.23,46.39,58.08,51.52
1348133934,(주)우진이엔지,2023,성장기,0,24.44,13.2,55.25,58.24,40.2,39.17
1348133934,(주)우진이엔지,2024,성장기,0,53.17,16.0,58.94,47.05,75.15,69.4
1348135081,효동기계공업주식회사,2015,성장기,0,38.29,0.0,0.0,48.46,5.83,48.67
1348135081,효동기계공업주식회사,2016,성장기,0,35.48,2.2,19.68,45.7,54.56,77.64
1348135081,효동기계공업주식회사,2017,성장기,0,0.0,1.7,24.1,46.69,47.66,44.56
1348135081,효동기계공업주식회사,2018,조정기,0,56.96,38.0,92.35,48.43,76.81,62.86
1348135081,효동기계공업주식회사,2019,성숙기,0,44.21,0.0,100.0,48.06,4.7,9.3
1348135081,효동기계공업주식회사,2020,성숙기,0,100.0,0.0,62.42,59.56,0.75,48.49
1348135081,효동기계공업주식회사,2021,성숙기,0,25.99,0.0,38.9,56.84,4.25,50.84
1348135081,효동기계공업주식회사,2022,성숙기,0,44.25,0.0,54.23,42.72,0.34,45.04
1348135081,효동기계공업주식회사,2023,성숙기,0,24.44,0.0,55.25,55.21,0.91,49.19
1348135081,효동기계공업주식회사,2024,조정기,0,53.17,27.2,58.94,44.58,6.81,53.52
1348135403,주식회사대영정밀,2019,성장기,0,44.21,2.1,100.0,51.55,12.93,49.68
1348135403,주식회사대영정밀,2020,도입기,0,100.0,68.6,62.42,60.99,65.87,79.75
1348135403,주식회사대영정밀,2021,성숙기,0,25.99,0.0,38.9,54.41,76.1,54.74
1348135403,주식회사대영정밀,2022,조정기,1,44.25,26.1,54.23,39.34,74.39,45.46
1348136509,두림야스카와(주),2015,조정기,0,38.29,28.5,0.0,44.96,0.51,47.35
1348136509,두림야스카와(주),2016,조정기,0,35.48,33.5,19.68,71.65,0.27,50.74
1348136509,두림야스카와(주),2017,성장기,0,0.0,1.7,24.1,71.08,0.5,48.54
1348136509,두림야스카와(주),2018,성숙기,0,56.96,0.0,92.35,62.84,0.71,46.37
1348136509,두림야스카와(주),2019,성숙기,0,44.21,0.0,100.0,54.13,4.71,51.91
1348136509,두림야스카와(주),2020,성숙기,0,100.0,0.0,62.42,61.75,0.31,48.24
1348136509,두림야스카와(주),2021,조정기,0,25.99,24.6,38.9,55.42,5.86,51.99
1348136509,두림야스카와(주),2022,조정기,0,44.25,26.1,54.23,35.68,0.28,44.05
1348136509,두림야스카와(주),2023,성숙기,0,24.44,0.0,55.25,49.71,0.73,49.11
1348136509,두림야스카와(주),2024,성숙기,0,53.17,0.0,58.94,39.77,19.28,60.5
1348138579,화성엔지니어링(주),2015,성숙기,0,38.29,5.6,0.0,54.41,0.73,46.8
1348138579,화성엔지니어링(주),2016,성장기,0,35.48,2.2,19.68,55.64,5.35,53.41
1348138579,화성엔지니어링(주),2017,쇠퇴기,0,0.0,100.0,24.1,55.99,9.64,50.89
1348138579,화성엔지니어링(주),2018,성장기,0,56.96,1.0,92.35,59.21,5.05,43.68
1348138579,화성엔지니어링(주),2019,성장기,0,44.21,2.1,100.0,52.4,8.58,51.64
1348138579,화성엔지니어링(주),2020,성장기,0,100.0,0.8,62.42,65.35,39.02,67.39
1348138579,화성엔지니어링(주),2021,성장기,0,25.99,1.9,38.9,58.35,71.14,67.04
1348138579,화성엔지니어링(주),2022,성숙기,0,44.25,0.0,54.23,36.21,77.5,50.23
1348138579,화성엔지니어링(주),2023,조정기,0,24.44,24.8,55.25,49.75,74.31,47.95
1348138579,화성엔지니어링(주),2024,도입기,1,53.17,92.8,58.94,39.55,87.72,57.39
1348141832,주식회사팬직,2015,성숙기,0,38.29,5.6,0.0,49.02,5.26,48.1
1348141832,주식회사팬직,2016,성장기,0,35.48,2.2,19.68,45.77,3.88,50.1
1348141832,주식회사팬직,2017,성장기,0,0.0,1.7,24.1,48.24,15.29,55.0
1348141832,주식회사팬직,2018,성장기,0,56.96,1.0,92.35,49.4,11.8,44.31
1348141832,주식회사팬직,2019,성장기,0,44.21,2.1,100.0,51.82,36.07,63.16
1348141832,주식회사팬직,2020,성장기,0,100.0,0.8,62.42,61.68,23.52,43.73
1348141832,주식회사팬직,2021,성숙기,0,25.99,0.0,38.9,54.5,42.37,59.53
1348141832,주식회사팬직,2022,성숙기,0,44.25,0.0,54.23,37.43,10.94,28.48
1348141832,주식회사팬직,2023,성숙기,0,24.44,0.0,55.25,50.89,6.26,46.26
1348141832,주식회사팬직,2024,성숙기,0,53.17,0.0,58.94,40.84,9.18,51.85
1348144289,티유(주),2015,성숙기,0,38.29,5.6,0.0,54.17,16.72,34.82
1348144289,티유(주),2016,도입기,0,35.48,82.9,19.68,31.63,93.39,92.97
1348144289,티유(주),2017,도입기,0,0.0,70.3,24.1,29.02,93.72,48.82
1348145333,(주)포인텍,2015,성숙기,0,38.29,5.6,0.0,49.87,0.4,47.24
1348145333,(주)포인텍,2016,조정기,0,35.48,33.5,19.68,46.84,64.19,85.93
1348145333,(주)포인텍,2017,성장기,0,0.0,1.7,24.1,64.06,0.49,11.84
1348145333,(주)포인텍,2018,조정기,0,56.96,38.0,92.35,77.3,9.73,51.48
1348145333,(주)포인텍,2019,성숙기,0,44.21,0.0,100.0,100.0,68.21,82.2
1348150078,에이취아이엠테크(주),2015,성장기,0,38.29,0.0,0.0,67.28,71.3,60.86
1348150078,에이취아이엠테크(주),2016,성장기,1,35.48,2.2,19.68,53.18,73.09,51.69
1348150350,(주)윤성에프앤씨,2015,성숙기,0,38.29,5.6,0.0,33.54,2.01,46.27
1348150350,(주)윤성에프앤씨,2016,성숙기,0,35.48,0.0,19.68,59.71,1.91,50.82
1348150350,(주)윤성에프앤씨,2017,성숙기,0,0.0,0.0,24.1,61.92,3.21,49.17
1348150350,(주)윤성에프앤씨,2018,성장기,0,56.96,1.0,92.35,59.09,8.82,49.43
1348150350,(주)윤성에프앤씨,2019,성장기,0,44.21,2.1,100.0,58.29,2.73,46.27
1348150350,(주)윤성에프앤씨,2020,성장기,0,100.0,0.8,62.42,49.59,3.06,50.85
1348150350,(주)윤성에프앤씨,2021,도입기,0,25.99,71.8,38.9,50.7,73.23,88.43
1348150350,(주)윤성에프앤씨,2022,도입기,0,44.25,70.4,54.23,26.69,5.1,6.63
1348150350,(주)윤성에프앤씨,2023,도입기,0,24.44,81.1,55.25,42.82,4.28,48.44
1348150350,(주)윤성에프앤씨,2024,도입기,0,53.17,92.8,58.94,34.51,0.87,48.37
1348152149,그린테크(주),2017,성장기,0,0.0,1.7,24.1,48.92,4.72,48.42
1348152149,그린테크(주),2018,성장기,0,56.96,1.0,92.35,49.91,1.13,44.24
1348152149,그린테크(주),2019,성장기,0,44.21,2.1,100.0,51.55,2.44,50.42
1348152149,그린테크(주),2020,성장기,0,100.0,0.8,62.42,59.33,5.97,52.6
1348152149,그린테크(주),2021,성장기,0,25.99,1.9,38.9,56.9,4.37,47.97
1348152149,그린테크(주),2022,성장기,0,44.25,3.1,54.23,58.03,12.03,51.81
1348152149,그린테크(주),2023,성장기,0,24.44,13.2,55.25,67.6,21.27,54.37
1348152149,그린테크(주),2024,성숙기,0,53.17,0.0,58.94,54.82,7.27,42.46
1348152950,(주)노전,2015,성숙기,0,38.29,5.6,0.0,49.87,32.96,53.85
1348152950,(주)노전,2016,성숙기,0,35.48,0.0,19.68,56.66,43.93,56.83
1348156107,(주)파크시스템,2021,성장기,0,25.99,1.9,38.9,54.41,10.03,48.84
1348156107,(주)파크시스템,2022,조정기,0,44.25,26.1,54.23,36.93,14.05,49.61
1348156107,(주)파크시스템,2023,도입기,0,24.44,81.1,55.25,50.57,75.11,84.54
1348156107,(주)파크시스템,2024,성숙기,0,53.17,0.0,58.94,42.75,13.45,15.97
1348156956,정일산업(주),2015,도입기,0,38.29,65.4,0.0,51.59,20.52,55.52
1348156956,정일산업(주),2016,성장기,0,35.48,2.2,19.68,42.97,8.69,44.33
1348156956,정일산업(주),2017,성장기,0,0.0,1.7,24.1,47.81,7.28,47.62
1348156956,정일산업(주),2018,성장기,0,56.96,1.0,92.35,49.3,14.63,50.43
1348156956,정일산업(주),2019,성장기,0,44.21,2.1,100.0,54.39,14.72,49.69
1348156956,정일산업(주),2020,성장기,0,100.0,0.8,62.42,65.21,13.3,49.87
1348156956,정일산업(주),2021,성장기,0,25.99,1.9,38.9,58.65,18.2,51.65
1348156956,정일산업(주),2022,도입기,0,44.25,70.4,54.23,36.88,91.36,89.96
1348156956,정일산업(주),2023,도입기,0,24.44,81.1,55.25,50.47,17.44,6.98
1348156956,정일산업(주),2024,도입기,0,53.17,92.8,58.94,40.13,88.18,89.23
1348158046,주식회사아론,2015,성숙기,0,38.29,5.6,0.0,63.3,1.67,17.01
1348158046,주식회사아론,2016,성숙기,0,35.48,0.0,19.68,50.57,4.53,52.44
1348158046,주식회사아론,2017,성숙기,0,0.0,0.0,24.1,54.56,15.18,54.56
1348158046,주식회사아론,2018,성숙기,0,56.96,0.0,92.35,57.51,4.66,40.34
1348158046,주식회사아론,2019,성숙기,0,44.21,0.0,100.0,58.09,0.07,47.12
1348158046,주식회사아론,2020,쇠퇴기,0,100.0,100.0,62.42,69.45,5.01,53.38
1348158046,주식회사아론,2021,쇠퇴기,0,25.99,100.0,38.9,65.85,26.01,60.71
1348158046,주식회사아론,2022,쇠퇴기,0,44.25,100.0,54.23,40.14,28.58,48.57
1348158046,주식회사아론,2023,도입기,0,24.44,81.1,55.25,53.45,4.8,35.37
1348158046,주식회사아론,2024,성장기,0,53.17,16.0,58.94,42.68,0.23,47.73
1348159647,(주)스페이스솔루션,2015,성장기,0,38.29,0.0,0.0,49.87,28.35,50.22
1348159647,(주)스페이스솔루션,2016,성장기,0,35.48,2.2,19.68,46.84,5.49,38.24
1348159647,(주)스페이스솔루션,2017,성장기,0,0.0,1.7,24.1,48.92,6.15,48.8
1348159647,(주)스페이스솔루션,2018,성장기,0,56.96,1.0,92.35,37.37,82.5,89.44
1348159647,(주)스페이스솔루션,2019,성장기,0,44.21,2.1,100.0,56.11,74.19,44.78
1348159647,(주)스페이스솔루션,2020,조정기,0,100.0,22.0,62.42,64.1,10.61,15.65
1348159647,(주)스페이스솔루션,2021,성장기,0,25.99,1.9,38.9,55.27,6.64,46.64
1348159647,(주)스페이스솔루션,2022,성장기,0,44.25,3.1,54.23,38.43,14.19,51.72
1348159647,(주)스페이스솔루션,2023,성장기,0,24.44,13.2,55.25,51.65,81.18,87.99
1348159647,(주)스페이스솔루션,2024,성장기,0,53.17,16.0,58.94,41.76,86.7,53.01
1348161027,(주)에이멕스,2015,쇠퇴기,0,38.29,100.0,0.0,49.33,83.26,92.68
1348161027,(주)에이멕스,2016,성장기,0,35.48,2.2,19.68,42.41,63.24,39.68
1348161027,(주)에이멕스,2017,성숙기,1,0.0,0.0,24.1,45.14,90.37,64.19
1348161110,주식회사유진티엠씨,2018,도입기,0,56.96,75.8,92.35,49.91,34.44,46.26
1348161110,주식회사유진티엠씨,2019,성장기,0,44.21,2.1,100.0,51.55,4.15,32.72
1348161110,주식회사유진티엠씨,2020,성숙기,0,100.0,0.0,62.42,60.99,2.14,49.55
1348161110,주식회사유진티엠씨,2021,성장기,0,25.99,1.9,38.9,0.0,2.78,49.23
1348161110,주식회사유진티엠씨,2022,조정기,0,44.25,26.1,54.23,5.2,4.1,48.12
1348161110,주식회사유진티엠씨,2023,성장기,0,24.44,13.2,55.25,11.44,0.55,46.83
1348161110,주식회사유진티엠씨,2024,조정기,0,53.17,27.2,58.94,9.91,72.22,89.81
1348161779,우리시스템,2015,쇠퇴기,0,38.29,100.0,0.0,49.87,85.28,91.42
1348161779,우리시스템,2016,조정기,0,35.48,33.5,19.68,46.84,22.14,15.97
1348161779,우리시스템,2017,성숙기,0,0.0,0.0,24.1,45.51,13.62,43.55
1348161779,우리시스템,2018,성숙기,0,56.96,0.0,92.35,47.51,10.77,44.68
1348161779,우리시스템,2019,성숙기,0,44.21,0.0,100.0,50.24,16.98,53.11
1348161779,우리시스템,2020,도입기,0,100.0,68.6,62.42,61.66,68.89,79.18
1348161779,우리시스템,2021,쇠퇴기,0,25.99,100.0,38.9,57.54,79.84,55.15
1348161779,우리시스템,2022,도입기,0,44.25,70.4,54.23,34.39,27.39,15.72
1348161779,우리시스템,2023,조정기,0,24.44,24.8,55.25,48.32,52.61,63.86
1348161779,우리시스템,2024,성숙기,0,53.17,0.0,58.94,38.56,12.44,27.91
1348162517,(주)플라즈마텍,2020,성숙기,0,100.0,0.0,62.42,60.99,3.33,50.67
1348162517,(주)플라즈마텍,2021,조정기,0,25.99,24.6,38.9,54.41,0.0,46.99
1348162517,(주)플라즈마텍,2022,성숙기,0,44.25,0.0,54.23,36.93,0.08,47.43
1348162517,(주)플라즈마텍,2023,조정기,0,24.44,24.8,55.25,49.01,3.7,50.95
1348162517,(주)플라즈마텍,2024,성숙기,0,53.17,0.0,58.94,39.0,4.72,50.82
1348164155,(주)휴텍엔지니어링,2015,도입기,0,38.29,65.4,0.0,49.87,12.8,50.22
1348164155,(주)휴텍엔지니어링,2016,성숙기,0,35.48,0.0,19.68,46.84,14.03,51.52
1348164155,(주)휴텍엔지니어링,2017,성숙기,0,0.0,0.0,24.1,48.92,9.47,45.82
1348164155,(주)휴텍엔지니어링,2018,성숙기,0,56.96,0.0,92.35,39.7,14.46,49.1
1348164155,(주)휴텍엔지니어링,2019,성숙기,0,44.21,0.0,100.0,51.71,9.48,46.87
1348164155,(주)휴텍엔지니어링,2020,성숙기,0,100.0,0.0,62.42,63.2,18.49,55.61
1348164155,(주)휴텍엔지니어링,2021,쇠퇴기,0,25.99,100.0,38.9,60.06,17.51,48.34
1348164155,(주)휴텍엔지니어링,2022,쇠퇴기,0,44.25,100.0,54.23,41.76,59.18,71.55
1348164155,(주)휴텍엔지니어링,2023,쇠퇴기,0,24.44,100.0,55.25,54.35,29.74,32.46
1348164155,(주)휴텍엔지니어링,2024,조정기,0,53.17,27.2,58.94,43.11,75.51,75.41
1348164946,(주)세일특수강정공,2017,성장기,0,0.0,1.7,24.1,48.92,3.95,48.42
1348164946,(주)세일특수강정공,2018,성장기,0,56.96,1.0,92.35,49.91,13.59,51.71
1348164946,(주)세일특수강정공,2019,성장기,0,44.21,2.1,100.0,51.55,5.76,45.29
1348165886,(주)썬앤쉴드,2020,성장기,0,100.0,0.8,62.42,60.99,8.12,50.67
1348165886,(주)썬앤쉴드,2021,도입기,0,25.99,71.8,38.9,54.41,7.88,48.74
1348165886,(주)썬앤쉴드,2022,도입기,0,44.25,70.4,54.23,36.93,5.57,45.94
1348165886,(주)썬앤쉴드,2023,도입기,0,24.44,81.1,55.25,52.07,2.2,46.95
1348165886,(주)썬앤쉴드,2024,도입기,0,53.17,92.8,58.94,41.62,88.6,97.93
1348166022,(주)진우전자,2015,도입기,0,38.29,65.4,0.0,49.87,8.12,53.69
1348166022,(주)진우전자,2016,도입기,0,35.48,82.9,19.68,41.46,16.06,55.22
1348166022,(주)진우전자,2017,도입기,0,0.0,70.3,24.1,45.42,18.51,49.86
1348166022,(주)진우전자,2018,성장기,0,56.96,1.0,92.35,45.73,19.86,47.07
1348166022,(주)진우전자,2019,성장기,0,44.21,2.1,100.0,48.93,15.51,47.2
1348166022,(주)진우전자,2020,도입기,0,100.0,68.6,62.42,59.66,16.14,51.0
1348166022,(주)진우전자,2021,성장기,0,25.99,1.9,38.9,51.45,52.56,69.42
1348166022,(주)진우전자,2022,성장기,0,44.25,3.1,54.23,33.79,55.89,48.69
1348166022,(주)진우전자,2023,성장기,0,24.44,13.2,55.25,47.93,67.13,56.08
1348166022,(주)진우전자,2024,도입기,0,53.17,92.8,58.94,38.65,50.98,41.11
1348170579,일신에프에이주식회사,2015,성장기,0,38.29,0.0,0.0,23.78,1.48,49.7
1348170579,일신에프에이주식회사,2016,성숙기,0,35.48,0.0,19.68,60.77,3.25,51.84
1348170579,일신에프에이주식회사,2017,조정기,0,0.0,35.9,24.1,57.75,19.07,57.54
1348170579,일신에프에이주식회사,2019,성숙기,0,44.21,0.0,100.0,53.34,65.89,49.68
1348170579,일신에프에이주식회사,2020,쇠퇴기,0,100.0,100.0,62.42,49.01,10.47,20.14
1348170579,일신에프에이주식회사,2021,쇠퇴기,0,25.99,100.0,38.9,42.7,86.24,91.6
1348170579,일신에프에이주식회사,2023,쇠퇴기,0,24.44,100.0,55.25,39.3,83.79,48.85
1348170579,일신에프에이주식회사,2024,성숙기,0,53.17,0.0,58.94,30.13,13.23,11.03
1348173988,(주)대용파마텍,2022,도입기,0,44.25,70.4,54.23,36.93,12.16,47.42
1348173988,(주)대용파마텍,2023,도입기,0,24.44,81.1,55.25,50.57,28.59,58.55
1348173988,(주)대용파마텍,2024,도입기,0,53.17,92.8,58.94,40.55,51.85,63.0
1348174032,주식회사툴앤몰드,2018,성장기,0,56.96,1.0,92.35,49.91,22.48,46.26
1348174032,주식회사툴앤몰드,2019,도입기,0,44.21,58.1,100.0,51.55,91.2,87.86
1348174032,주식회사툴앤몰드,2020,성장기,1,100.0,0.8,62.42,60.99,92.23,51.13
1348176326,(주)아스플로,2015,성장기,0,38.29,0.0,0.0,57.99,9.1,46.35
1348176326,(주)아스플로,2016,성장기,0,35.48,2.2,19.68,52.44,7.57,50.01
1348176326,(주)아스플로,2017,성장기,0,0.0,1.7,24.1,57.09,1.8,45.1
1348176326,(주)아스플로,2018,성장기,0,56.96,1.0,92.35,59.37,1.83,46.27
1348176326,(주)아스플로,2019,성장기,0,44.21,2.1,100.0,57.76,5.19,51.56
1348176326,(주)아스플로,2020,성장기,0,100.0,0.8,62.42,70.05,4.37,50.21
1348176326,(주)아스플로,2021,도입기,0,25.99,71.8,38.9,60.21,8.46,51.18
1348176326,(주)아스플로,2022,도입기,0,44.25,70.4,54.23,41.41,8.0,47.01
1348176326,(주)아스플로,2023,도입기,0,24.44,81.1,55.25,54.35,11.47,50.97
1348176326,(주)아스플로,2024,도입기,0,53.17,92.8,58.94,43.96,78.5,87.21
1348177515,(주)씨에스이,2015,성숙기,0,38.29,5.6,0.0,56.22,5.96,50.44
1348177515,(주)씨에스이,2016,성장기,0,35.48,2.2,19.68,52.92,11.23,53.76
1348177515,(주)씨에스이,2017,성장기,0,0.0,1.7,24.1,54.86,35.46,62.4
1348177515,(주)씨에스이,2018,성장기,0,56.96,1.0,92.35,53.03,62.29,61.52
1348177515,(주)씨에스이,2019,도입기,0,44.21,58.1,100.0,53.44,20.28,26.1
1348177515,(주)씨에스이,2020,도입기,0,100.0,68.6,62.42,62.89,36.27,59.43
1348177515,(주)씨에스이,2021,성숙기,0,25.99,0.0,38.9,56.2,39.17,50.56
1348177515,(주)씨에스이,2022,성숙기,0,44.25,0.0,54.23,37.32,79.82,70.68
1348177515,(주)씨에스이,2023,성숙기,0,24.44,0.0,55.25,50.77,37.75,25.37
1348177515,(주)씨에스이,2024,성숙기,0,53.17,0.0,58.94,41.1,79.74,73.29
1348178023,(주)신성플랜트,2020,성장기,0,100.0,0.8,62.42,60.99,5.33,50.67
1348178023,(주)신성플랜트,2021,도입기,0,25.99,71.8,38.9,54.41,78.05,89.88
1348178023,(주)신성플랜트,2022,조정기,0,44.25,26.1,54.23,36.93,34.33,20.86
1348178023,(주)신성플랜트,2023,도입기,0,24.44,81.1,55.25,49.8,15.37,38.24
1348178023,(주)신성플랜트,2024,도입기,0,53.17,92.8,58.94,38.87,20.74,53.18
1348179658,주식회사썬패치테크노,2015,성숙기,0,38.29,5.6,0.0,49.87,5.39,49.24
1348179658,주식회사썬패치테크노,2019,조정기,0,44.21,25.7,100.0,51.55,3.02,49.68
1348179658,주식회사썬패치테크노,2020,도입기,0,100.0,68.6,62.42,59.55,88.1,97.42
1348179658,주식회사썬패치테크노,2021,조정기,0,25.99,24.6,38.9,55.93,91.53,50.94
1348179658,주식회사썬패치테크노,2022,조정기,1,44.25,26.1,54.23,34.99,98.92,50.59
1348180437,(주)삼인,2015,성숙기,0,38.29,5.6,0.0,59.44,1.47,50.46
1348180437,(주)삼인,2016,성숙기,0,35.48,0.0,19.68,49.23,27.15,64.98
1348180437,(주)삼인,2017,성숙기,0,0.0,0.0,24.1,51.46,4.44,35.38
1348180437,(주)삼인,2018,성숙기,0,56.96,0.0,92.35,54.65,0.19,43.86
1348180437,(주)삼인,2019,성숙기,0,44.21,0.0,100.0,54.58,0.31,49.76
1348180437,(주)삼인,2020,성숙기,0,100.0,0.0,62.42,65.86,2.88,52.08
1348180437,(주)삼인,2021,성숙기,0,25.99,0.0,38.9,53.18,4.87,49.99
1348180437,(주)삼인,2022,성장기,0,44.25,3.1,54.23,37.37,3.6,46.58
1348180437,(주)삼인,2023,도입기,0,24.44,81.1,55.25,50.85,4.88,49.64
1348180437,(주)삼인,2024,성숙기,0,53.17,0.0,58.94,41.72,0.69,47.94
1348181038,주식회사세림지엠티,2018,조정기,0,56.96,38.0,92.35,49.91,0.05,46.26
1348181038,주식회사세림지엠티,2019,도입기,0,44.21,58.1,100.0,9.53,46.58,75.59
1348181038,주식회사세림지엠티,2023,성숙기,0,24.44,0.0,55.25,67.82,0.58,48.85
1348181038,주식회사세림지엠티,2024,조정기,0,53.17,27.2,58.94,79.83,51.12,78.15
1348181343,(주)고려소재개발,2021,성숙기,0,25.99,0.0,38.9,54.41,5.55,48.84
1348181343,(주)고려소재개발,2022,성장기,0,44.25,3.1,54.23,36.93,4.2,46.52
1348181343,(주)고려소재개발,2023,성장기,0,24.44,13.2,55.25,50.57,6.22,50.07
1348181343,(주)고려소재개발,2024,성장기,0,53.17,16.0,58.94,33.32,8.32,51.4
1348181488,(주)그린니스,2015,성장기,0,38.29,0.0,0.0,49.87,8.12,50.22
1348181488,(주)그린니스,2016,도입기,0,35.48,82.9,19.68,46.84,89.25,95.44
1348181488,(주)그린니스,2017,도입기,0,0.0,70.3,24.1,48.92,96.62,52.86
1348184961,재원정밀,2019,성장기,0,44.21,2.1,100.0,51.55,4.46,49.68
1348184961,재원정밀,2020,조정기,0,100.0,22.0,62.42,60.99,2.8,49.75
1348184961,재원정밀,2021,성숙기,0,25.99,0.0,38.9,54.41,1.94,48.38
1348184961,재원정밀,2022,쇠퇴기,0,44.25,100.0,54.23,36.56,63.51,83.38
1348184961,재원정밀,2023,성장기,0,24.44,13.2,55.25,50.29,60.55,47.91
1348184961,재원정밀,2024,성숙기,0,53.17,0.0,58.94,40.47,1.08,17.23
1348186085,(주)유한지엔아이,2020,성장기,0,100.0,0.8,62.42,60.99,15.41,50.67
1348186085,(주)유한지엔아이,2021,성장기,0,25.99,1.9,38.9,54.41,10.65,46.2
1348186085,(주)유한지엔아이,2022,성장기,0,44.25,3.1,54.23,36.93,22.95,54.45
1348186085,(주)유한지엔아이,2023,성장기,0,24.44,13.2,55.25,53.12,19.65,47.21
1348186085,(주)유한지엔아이,2024,성장기,0,53.17,16.0,58.94,42.06,15.37,47.83
1348186275,한우기공(주),2021,성장기,0,25.99,1.9,38.9,54.41,12.69,48.84
1348186275,한우기공(주),2022,쇠퇴기,0,44.25,100.0,54.23,36.93,95.53,95.69
1348186275,한우기공(주),2023,도입기,0,24.44,81.1,55.25,50.57,43.22,19.6
1348186601,티엘테크주식회사,2015,쇠퇴기,0,38.29,100.0,0.0,46.41,77.11,48.4
1348186601,티엘테크주식회사,2016,도입기,1,35.48,82.9,19.68,49.21,96.63,61.42
1348188894,(주)해찬정밀,2015,성장기,0,38.29,0.0,0.0,49.87,5.14,50.22
1348188894,(주)해찬정밀,2016,쇠퇴기,0,35.48,100.0,19.68,46.84,11.26,54.23
1348188894,(주)해찬정밀,2022,성숙기,0,44.25,0.0,54.23,36.93,0.8,47.42
1348188894,(주)해찬정밀,2023,성숙기,0,24.44,0.0,55.25,0.0,1.99,49.55
1348188894,(주)해찬정밀,2024,성숙기,0,53.17,0.0,58.94,75.57,2.13,50.34
1348189044,(주)동아이엔지,2015,성장기,0,38.29,0.0,0.0,50.41,1.89,49.17
1348189044,(주)동아이엔지,2016,성숙기,0,35.48,0.0,19.68,52.62,1.38,50.59
1348189044,(주)동아이엔지,2017,성숙기,0,0.0,0.0,24.1,53.58,6.13,51.15
1348189044,(주)동아이엔지,2018,성숙기,0,56.96,0.0,92.35,52.68,79.57,87.8
1348189044,(주)동아이엔지,2019,조정기,0,44.21,25.7,100.0,54.85,56.73,36.7
1348189044,(주)동아이엔지,2020,조정기,0,100.0,22.0,62.42,61.46,1.74,20.38
1348189044,(주)동아이엔지,2021,성숙기,0,25.99,0.0,38.9,48.5,57.74,80.44
1348189044,(주)동아이엔지,2022,성장기,0,44.25,3.1,54.23,31.04,51.91,43.27
1348189044,(주)동아이엔지,2023,조정기,1,24.44,24.8,55.25,45.38,47.24,46.77
1348191346,(주)제이에스티,2015,쇠퇴기,0,38.29,100.0,0.0,49.87,27.51,61.51
1348191346,(주)제이에스티,2016,쇠퇴기,0,35.48,100.0,19.68,46.84,9.53,40.93
1348191346,(주)제이에스티,2017,쇠퇴기,0,0.0,100.0,24.1,61.23,10.55,49.02
1348191346,(주)제이에스티,2018,도입기,0,56.96,75.8,92.35,60.08,94.48,93.74
1348191346,(주)제이에스티,2019,조정기,0,44.21,25.7,100.0,60.9,46.06,22.42
1348191346,(주)제이에스티,2020,도입기,0,100.0,68.6,62.42,59.08,54.5,55.26
1348191346,(주)제이에스티,2021,성숙기,0,25.99,0.0,38.9,58.59,9.43,23.53
1348191346,(주)제이에스티,2022,쇠퇴기,0,44.25,100.0,54.23,53.39,79.31,88.15
1348192331,세진공업(주),2016,성장기,0,35.48,2.2,19.68,46.84,3.32,51.01
1348192331,세진공업(주),2017,성숙기,0,0.0,0.0,24.1,48.92,0.0,46.51
1348192331,세진공업(주),2018,조정기,0,56.96,38.0,92.35,49.91,0.94,46.78
1348192331,세진공업(주),2019,성장기,0,44.21,2.1,100.0,62.17,10.14,54.81
1348192331,세진공업(주),2021,도입기,0,25.99,71.8,38.9,56.54,40.74,48.84
1348192331,세진공업(주),2022,성숙기,0,44.25,0.0,54.23,37.3,56.99,56.4
1348192331,세진공업(주),2023,도입기,0,24.44,81.1,55.25,48.76,49.4,45.14
1348192331,세진공업(주),2024,조정기,0,53.17,27.2,58.94,41.34,47.4,48.98
1348192438,(주)대상이엔지,2015,도입기,0,38.29,65.4,0.0,53.31,70.13,81.14
1348192438,(주)대상이엔지,2016,조정기,1,35.48,33.5,19.68,34.81,73.31,52.46
1348195212,구일정공주식회사,2015,도입기,0,38.29,65.4,0.0,48.61,33.45,60.9
1348195212,구일정공주식회사,2016,도입기,0,35.48,82.9,19.68,44.29,38.78,53.73
1348195212,구일정공주식회사,2017,도입기,0,0.0,70.3,24.1,46.32,90.28,78.19
1348195212,구일정공주식회사,2018,쇠퇴기,0,56.96,100.0,92.35,46.37,49.69,23.53
1348195212,구일정공주식회사,2019,쇠퇴기,0,44.21,100.0,100.0,50.05,48.62,48.93
1348195212,구일정공주식회사,2021,쇠퇴기,0,25.99,100.0,38.9,50.57,64.88,48.84
1348195212,구일정공주식회사,2022,쇠퇴기,0,44.25,100.0,54.23,26.6,98.29,66.13
1348199353,주식회사프리텍,2015,성숙기,0,38.29,5.6,0.0,48.63,93.31,90.55
1348199353,주식회사프리텍,2016,성숙기,0,35.48,0.0,19.68,46.87,82.19,44.54
1348199353,주식회사프리텍,2017,성숙기,1,0.0,0.0,24.1,47.2,80.59,47.68
1348602305,한국브라스트(주),2015,성숙기,0,38.29,5.6,0.0,49.87,6.04,50.22
1348602305,한국브라스트(주),2016,성숙기,0,35.48,0.0,19.68,46.84,2.41,48.87
1348602305,한국브라스트(주),2017,성숙기,0,0.0,0.0,24.1,48.92,58.33,80.65
1348607450,(주)범석엔지니어링,2015,도입기,0,38.29,65.4,0.0,49.87,68.16,55.06
1348607450,(주)범석엔지니어링,2016,도입기,1,35.48,82.9,19.68,35.75,80.93,57.73
1348607616,주식회사오성테크,2016,조정기,0,35.48,33.5,19.68,46.84,4.82,51.01
1348607616,주식회사오성테크,2017,성장기,0,0.0,1.7,24.1,48.92,6.45,49.36
1348607616,주식회사오성테크,2018,성장기,0,56.96,1.0,92.35,49.91,63.79,78.69
1348607616,주식회사오성테크,2019,성장기,0,44.21,2.1,100.0,49.94,40.19,36.34
1348607616,주식회사오성테크,2020,성장기,0,100.0,0.8,62.42,58.59,27.84,43.84
1348607616,주식회사오성테크,2021,성장기,0,25.99,1.9,38.9,54.05,71.3,73.41
1348607616,주식회사오성테크,2022,도입기,0,44.25,70.4,54.23,33.45,54.12,36.46
1348607616,주식회사오성테크,2023,성장기,0,24.44,13.2,55.25,47.64,41.12,41.96
1348607616,주식회사오성테크,2024,성장기,0,53.17,16.0,58.94,38.1,55.49,58.04
1348607839,(주)씨에이시스템,2017,성장기,0,0.0,1.7,24.1,48.92,3.44,48.42
1348607839,(주)씨에이시스템,2018,성숙기,0,56.96,0.0,92.35,49.91,0.37,44.53
1348607839,(주)씨에이시스템,2019,성장기,0,44.21,2.1,100.0,51.55,2.13,50.67
1348607839,(주)씨에이시스템,2020,성장기,0,100.0,0.8,62.42,60.56,0.24,49.62
1348607839,(주)씨에이시스템,2021,성장기,0,25.99,1.9,38.9,31.27,30.61,65.99
1348607839,(주)씨에이시스템,2022,성숙기,0,44.25,0.0,54.23,14.07,44.18,54.95
1348607839,(주)씨에이시스템,2023,성장기,0,24.44,13.2,55.25,31.37,17.64,33.96
1348607839,(주)씨에이시스템,2024,성장기,0,53.17,16.0,58.94,25.01,2.49,41.84
1348608634,주식회사배터리파워솔루션,2021,성장기,0,25.99,1.9,38.9,54.41,8.43,48.84
1348608634,주식회사배터리파워솔루션,2022,도입기,0,44.25,70.4,54.23,36.93,33.44,61.91
1348608634,주식회사배터리파워솔루션,2023,도입기,0,24.44,81.1,55.25,50.57,10.95,36.18
1348608634,주식회사배터리파워솔루션,2024,도입기,0,53.17,92.8,58.94,39.42,3.91,46.34
1348608667,강토중공업(주),2015,도입기,0,38.29,65.4,0.0,49.87,33.73,50.22
1348608667,강토중공업(주),2016,쇠퇴기,0,35.48,100.0,19.68,46.84,23.62,45.24
1348608667,강토중공업(주),2017,도입기,0,0.0,70.3,24.1,48.92,45.7,61.19
1348608667,강토중공업(주),2018,쇠퇴기,0,56.96,100.0,92.35,35.7,96.54,75.12
1348608667,강토중공업(주),2019,성숙기,0,44.21,0.0,100.0,58.8,84.88,42.87
1348608667,강토중공업(주),2021,성숙기,0,25.99,0.0,38.9,74.21,40.16,48.84
1348608667,강토중공업(주),2022,성숙기,0,44.25,0.0,54.23,48.89,64.25,60.99
1348609235,(주)우원기계,2015,성장기,0,38.29,0.0,0.0,49.87,0.16,50.12
1348609235,(주)우원기계,2016,성숙기,0,35.48,0.0,19.68,44.74,0.0,50.79
1348609235,(주)우원기계,2017,성숙기,0,0.0,0.0,24.1,47.28,0.03,48.43
1348609235,(주)우원기계,2018,성숙기,0,56.96,0.0,92.35,45.51,0.03,46.25
1348609235,(주)우원기계,2019,성숙기,0,44.21,0.0,100.0,43.14,0.06,49.7
1348609235,(주)우원기계,2020,성숙기,0,100.0,0.0,62.42,63.9,0.17,50.73
1348609235,(주)우원기계,2021,성숙기,0,25.99,0.0,38.9,58.41,4.25,51.16
1348609235,(주)우원기계,2022,조정기,0,44.25,26.1,54.23,38.56,0.33,45.03
1348609235,(주)우원기계,2023,조정기,0,24.44,24.8,55.25,51.83,4.82,51.46
1348609235,(주)우원기계,2024,조정기,0,53.17,27.2,58.94,41.49,0.18,47.69
1348609666,(주)신기정공,2015,성장기,0,38.29,0.0,0.0,49.87,14.0,50.22
1348609666,(주)신기정공,2016,성장기,0,35.48,2.2,19.68,46.84,68.78,80.95
1348609666,(주)신기정공,2017,성장기,0,0.0,1.7,24.1,48.92,66.67,47.35
1348609666,(주)신기정공,2018,성숙기,0,56.96,0.0,92.35,54.2,37.99,30.21
1348609666,(주)신기정공,2019,쇠퇴기,1,44.21,100.0,100.0,42.48,99.61,83.86
1348611333,(주)한소닉,2020,성장기,0,100.0,0.8,62.42,60.99,16.38,50.67
1348611333,(주)한소닉,2021,쇠퇴기,0,25.99,100.0,38.9,54.41,26.39,54.53
1348611333,(주)한소닉,2022,성장기,0,44.25,3.1,54.23,36.93,20.55,43.64
1348611333,(주)한소닉,2023,성장기,0,24.44,13.2,55.25,49.58,14.3,45.46
1348611333,(주)한소닉,2024,성장기,0,53.17,16.0,58.94,39.41,28.84,58.24
1348611819,(주)하나티이씨,2021,도입기,0,25.99,71.8,38.9,54.41,13.51,48.84
1348611819,(주)하나티이씨,2022,조정기,0,44.25,26.1,54.23,36.93,5.11,42.3
1348611819,(주)하나티이씨,2023,성장기,0,24.44,13.2,55.25,50.57,5.96,49.4
1348611819,(주)하나티이씨,2024,조정기,0,53.17,27.2,58.94,37.61,3.89,49.1
1348612195,(주)샘텍,2015,성장기,0,38.29,0.0,0.0,49.87,1.9,50.34
1348612195,(주)샘텍,2016,성장기,0,35.48,2.2,19.68,39.39,10.47,55.58
1348612195,(주)샘텍,2017,조정기,0,0.0,35.9,24.1,43.11,3.01,44.13
1348612195,(주)샘텍,2018,성장기,0,56.96,1.0,92.35,53.7,17.01,54.18
1348612195,(주)샘텍,2019,쇠퇴기,0,44.21,100.0,100.0,58.85,78.91,84.08
1348612195,(주)샘텍,2020,조정기,0,100.0,22.0,62.42,78.29,8.5,11.88
1348612195,(주)샘텍,2021,성장기,0,25.99,1.9,38.9,30.58,1.58,44.98
1348612195,(주)샘텍,2022,성숙기,0,44.25,0.0,54.23,25.46,1.32,47.21
1348612195,(주)샘텍,2023,성숙기,0,24.44,0.0,55.25,40.52,8.33,52.94
1348612195,(주)샘텍,2024,성숙기,0,53.17,0.0,58.94,34.48,8.74,50.46
1348616022,주식회사씨오텍,2015,쇠퇴기,0,38.29,100.0,0.0,49.87,5.14,48.18
1348616022,주식회사씨오텍,2016,쇠퇴기,0,35.48,100.0,19.68,14.72,86.69,95.69
1348616022,주식회사씨오텍,2017,성장기,0,0.0,1.7,24.1,24.92,3.32,0.55
1348616022,주식회사씨오텍,2018,조정기,0,56.96,38.0,92.35,36.58,4.32,46.83
1348616022,주식회사씨오텍,2019,성장기,0,44.21,2.1,100.0,60.86,14.63,55.41
1348616022,주식회사씨오텍,2020,쇠퇴기,0,100.0,100.0,62.42,69.91,45.24,67.48
1348616022,주식회사씨오텍,2021,성숙기,0,25.99,0.0,38.9,64.76,7.46,27.63
1348616022,주식회사씨오텍,2022,성숙기,0,44.25,0.0,54.23,42.06,7.38,47.25
1348616022,주식회사씨오텍,2023,성숙기,0,24.44,0.0,55.25,54.55,81.63,92.12
1348616022,주식회사씨오텍,2024,도입기,0,53.17,92.8,58.94,44.73,90.57,54.9
1348619577,주식회사제타,2021,성숙기,0,25.99,0.0,38.9,54.41,6.09,48.84
1348619577,주식회사제타,2022,쇠퇴기,0,44.25,100.0,54.23,36.93,54.29,75.51
1348619577,주식회사제타,2023,조정기,0,24.44,24.8,55.25,50.57,72.32,60.0
1348620619,(주)에이피텍,2015,조정기,0,38.29,28.5,0.0,5.76,51.79,76.31
1348620619,(주)에이피텍,2016,조정기,0,35.48,33.5,19.68,25.76,19.77,33.16
1348620619,(주)에이피텍,2017,성숙기,0,0.0,0.0,24.1,30.76,0.4,37.29
1348620619,(주)에이피텍,2018,성숙기,0,56.96,0.0,92.35,64.1,0.08,46.07
1348620619,(주)에이피텍,2019,성숙기,0,44.21,0.0,100.0,68.93,27.18,64.78
1348620619,(주)에이피텍,2020,조정기,0,100.0,22.0,62.42,88.99,0.21,35.81
1348620619,(주)에이피텍,2021,성장기,0,25.99,1.9,38.9,57.16,0.03,48.77
1348620619,(주)에이피텍,2022,성장기,0,44.25,3.1,54.23,36.46,4.41,49.94
1348620619,(주)에이피텍,2023,성장기,0,24.44,13.2,55.25,49.52,3.19,48.19
1348620619,(주)에이피텍,2024,성숙기,0,53.17,0.0,58.94,39.74,1.15,49.13
1348621277,(주)제이앤에이취프레스,2015,성장기,0,38.29,0.0,0.0,53.75,4.45,51.35
1348621277,(주)제이앤에이취프레스,2016,조정기,0,35.48,33.5,19.68,36.03,0.76,48.83
1348621277,(주)제이앤에이취프레스,2017,성숙기,0,0.0,0.0,24.1,38.33,3.6,50.05
1348621277,(주)제이앤에이취프레스,2018,조정기,0,56.96,38.0,92.35,38.71,9.73,49.73
1348621277,(주)제이앤에이취프레스,2019,도입기,0,44.21,58.1,100.0,49.57,52.82,73.64
1348621277,(주)제이앤에이취프레스,2020,조정기,0,100.0,22.0,62.42,65.03,1.38,22.34
1348621277,(주)제이앤에이취프레스,2021,성숙기,0,25.99,0.0,38.9,51.35,13.48,55.68
1348621277,(주)제이앤에이취프레스,2022,도입기,0,44.25,70.4,54.23,35.63,7.31,43.61
1348621277,(주)제이앤에이취프레스,2023,성숙기,0,24.44,0.0,55.25,49.48,1.75,45.71
1348621277,(주)제이앤에이취프레스,2024,성장기,0,53.17,16.0,58.94,39.94,6.46,52.85
1348622975,(주)솔팩,2015,성장기,0,38.29,0.0,0.0,60.09,4.73,52.7
1348622975,(주)솔팩,2016,성장기,0,35.48,2.2,19.68,40.5,78.35,91.33
1348622975,(주)솔팩,2017,성장기,0,0.0,1.7,24.1,41.52,9.34,8.81
1348622975,(주)솔팩,2018,성장기,0,56.96,1.0,92.35,45.28,5.38,44.03
1348622975,(주)솔팩,2019,성장기,0,44.21,2.1,100.0,46.02,5.41,49.69
1348622975,(주)솔팩,2020,성장기,0,100.0,0.8,62.42,60.5,5.36,50.63
1348622975,(주)솔팩,2021,성장기,0,25.99,1.9,38.9,52.82,6.21,49.35
1348622975,(주)솔팩,2022,성장기,0,44.25,3.1,54.23,36.43,14.02,51.88
1348622975,(주)솔팩,2023,쇠퇴기,0,24.44,100.0,55.25,49.87,69.83,81.48
1348622975,(주)솔팩,2024,성장기,0,53.17,16.0,58.94,40.57,15.66,20.13
1348623770,(주)엠엠테크,2015,성장기,0,38.29,0.0,0.0,36.89,88.03,60.47
1348623770,(주)엠엠테크,2016,쇠퇴기,1,35.48,100.0,19.68,54.28,95.32,54.68
1348623969,주식회사이온테크,2022,도입기,0,44.25,70.4,54.23,36.93,3.65,47.42
1348623969,주식회사이온테크,2023,성숙기,0,24.44,0.0,55.25,50.57,1.07,47.39
1348623969,주식회사이온테크,2024,성숙기,0,53.17,0.0,58.94,40.55,0.67,50.04
1348624051,수광산업(주),2016,조정기,0,35.48,33.5,19.68,46.84,5.33,51.01
1348624051,수광산업(주),2017,도입기,0,0.0,70.3,24.1,48.92,7.33,49.57
1348624051,수광산업(주),2018,성숙기,0,56.96,0.0,92.35,49.91,1.96,43.24
1348624051,수광산업(주),2019,성장기,0,44.21,2.1,100.0,56.09,1.53,49.44
1348624051,수광산업(주),2020,조정기,0,100.0,22.0,62.42,59.49,30.47,66.57
1348624051,수광산업(주),2021,조정기,0,25.99,24.6,38.9,54.35,71.23,71.9
1348624051,수광산업(주),2022,조정기,0,44.25,26.1,54.23,36.69,1.28,5.59
1348624051,수광산업(주),2023,조정기,0,24.44,24.8,55.25,50.51,6.4,51.84
1348624051,수광산업(주),2024,성숙기,0,53.17,0.0,58.94,40.44,0.86,47.18
1348629997,(주)이엘엔터프라이즈,2015,조정기,0,38.29,28.5,0.0,49.87,19.64,50.22
1348629997,(주)이엘엔터프라이즈,2016,성숙기,0,35.48,0.0,19.68,46.84,14.95,48.25
1348629997,(주)이엘엔터프라이즈,2017,성장기,0,0.0,1.7,24.1,48.92,20.94,51.9
1348629997,(주)이엘엔터프라이즈,2018,성숙기,0,56.96,0.0,92.35,48.34,23.68,47.85
1348629997,(주)이엘엔터프라이즈,2019,성장기,0,44.21,2.1,100.0,52.16,40.84,59.16
1348631964,주식회사태성,2015,성장기,0,38.29,0.0,0.0,38.84,19.1,7.77
1348631964,주식회사태성,2016,도입기,0,35.48,82.9,19.68,82.98,21.84,52.33
1348631964,주식회사태성,2017,도입기,0,0.0,70.3,24.1,79.15,1.54,36.76
1348631964,주식회사태성,2018,조정기,0,56.96,38.0,92.35,84.04,65.8,82.6
1348631964,주식회사태성,2019,조정기,0,44.21,25.7,100.0,80.89,83.04,59.06
1348631964,주식회사태성,2020,조정기,0,100.0,22.0,62.42,78.2,56.88,36.2
1348631964,주식회사태성,2021,성숙기,0,25.99,0.0,38.9,66.11,7.79,21.27
1348636988,(주)케이산업,2015,성숙기,0,38.29,5.6,0.0,77.57,6.19,52.93
1348636988,(주)케이산업,2016,도입기,0,35.48,82.9,19.68,37.76,46.07,72.78
1348636988,(주)케이산업,2017,성숙기,0,0.0,0.0,24.1,37.5,17.37,31.97
1348636988,(주)케이산업,2018,성장기,0,56.96,1.0,92.35,51.9,7.71,40.84
1348636988,(주)케이산업,2019,성숙기,0,44.21,0.0,100.0,58.8,46.05,71.0
1348636988,(주)케이산업,2020,성장기,0,100.0,0.8,62.42,67.38,19.06,35.79
1348636988,(주)케이산업,2021,성장기,0,25.99,1.9,38.9,62.34,8.19,42.76
1348636988,(주)케이산업,2022,성장기,0,44.25,3.1,54.23,40.38,12.98,50.09
1348636988,(주)케이산업,2023,조정기,0,24.44,24.8,55.25,53.36,14.91,50.13
1348636988,(주)케이산업,2024,조정기,0,53.17,27.2,58.94,43.4,52.82,71.12
1348638502,주식회사세우이엔지,2015,성장기,0,38.29,0.0,0.0,49.87,25.42,50.22
1348638502,주식회사세우이엔지,2016,쇠퇴기,0,35.48,100.0,19.68,46.84,58.04,68.74
1348638502,주식회사세우이엔지,2017,조정기,0,0.0,35.9,24.1,48.92,24.57,29.25
1348638502,주식회사세우이엔지,2018,조정기,0,56.96,38.0,92.35,43.1,57.29,64.82
1348638502,주식회사세우이엔지,2019,조정기,0,44.21,25.7,100.0,57.17,52.29,46.71
1348638502,주식회사세우이엔지,2020,조정기,0,100.0,22.0,62.42,63.64,32.79,39.9
1348638502,주식회사세우이엔지,2021,조정기,0,25.99,24.6,38.9,53.59,49.8,58.5
1348638502,주식회사세우이엔지,2022,도입기,0,44.25,70.4,54.23,32.4,53.53,48.95
1348638502,주식회사세우이엔지,2023,도입기,1,24.44,81.1,55.25,46.84,71.27,59.83
1348642869,(주)케이에치엠,2015,성숙기,0,38.29,5.6,0.0,49.87,44.59,68.59
1348642869,(주)케이에치엠,2016,도입기,0,35.48,82.9,19.68,46.84,46.53,51.84
1348642869,(주)케이에치엠,2017,도입기,0,0.0,70.3,24.1,46.08,66.49,60.02
1348642869,(주)케이에치엠,2018,도입기,0,56.96,75.8,92.35,46.8,77.95,52.91
1348642869,(주)케이에치엠,2019,쇠퇴기,0,44.21,100.0,100.0,52.56,51.76,34.85
1348642869,(주)케이에치엠,2024,도입기,1,53.17,92.8,58.94,22.7,64.82,50.27
1348645264,(주)현대에너텍,2020,성숙기,0,100.0,0.0,62.42,60.99,3.65,50.67
1348645264,(주)현대에너텍,2021,성숙기,0,25.99,0.0,38.9,54.41,0.68,47.2
1348645264,(주)현대에너텍,2022,성숙기,0,44.25,0.0,54.23,36.93,30.87,65.03
1348651179,(주)디에스이엔티,2017,성숙기,0,0.0,0.0,24.1,48.92,3.7,48.42
1348651179,(주)디에스이엔티,2018,성장기,0,56.96,1.0,92.35,49.91,0.43,44.41
1348651179,(주)디에스이엔티,2019,조정기,0,44.21,25.7,100.0,51.55,27.42,64.71
1348651179,(주)디에스이엔티,2020,조정기,0,100.0,22.0,62.42,62.39,0.18,35.67
1348651179,(주)디에스이엔티,2021,조정기,0,25.99,24.6,38.9,42.24,0.32,48.94
1348651179,(주)디에스이엔티,2022,성장기,0,44.25,3.1,54.23,31.24,1.66,48.17
1348651179,(주)디에스이엔티,2023,도입기,0,24.44,81.1,55.25,46.45,7.83,52.45
1348651179,(주)디에스이엔티,2024,조정기,0,53.17,27.2,58.94,37.66,0.88,46.41
1348651238,(주)후세메닉스,2015,성숙기,0,38.29,5.6,0.0,44.98,0.39,46.81
1348651238,(주)후세메닉스,2016,성숙기,0,35.48,0.0,19.68,41.52,30.67,67.52
1348651238,(주)후세메닉스,2017,성숙기,0,0.0,0.0,24.1,43.74,0.6,31.15
1348651238,(주)후세메닉스,2018,성숙기,0,56.96,0.0,92.35,56.11,0.47,46.17
1348651238,(주)후세메닉스,2019,성숙기,0,44.21,0.0,100.0,53.93,36.13,69.54
1348651238,(주)후세메닉스,2020,조정기,0,100.0,22.0,62.42,75.31,0.55,31.07
1348651238,(주)후세메닉스,2021,성숙기,0,25.99,0.0,38.9,57.07,0.3,48.72
1348651238,(주)후세메닉스,2022,성숙기,0,44.25,0.0,54.23,37.09,0.47,47.48
1348651238,(주)후세메닉스,2023,성숙기,0,24.44,0.0,55.25,50.52,66.32,87.15
1348651238,(주)후세메닉스,2024,성장기,0,53.17,16.0,58.94,41.04,58.83,45.89
1348651539,주식회사엔하이코리아,2015,도입기,0,38.29,65.4,0.0,49.87,12.52,50.22
1348651539,주식회사엔하이코리아,2016,성장기,0,35.48,2.2,19.68,46.84,57.76,75.71
1348651539,주식회사엔하이코리아,2017,성숙기,0,0.0,0.0,24.1,48.92,97.85,71.65
1348651539,주식회사엔하이코리아,2018,조정기,1,56.96,38.0,92.35,49.59,55.04,22.3
1348654201,주식회사지코코리아,2015,성장기,0,38.29,0.0,0.0,49.87,6.03,50.22
1348654201,주식회사지코코리아,2016,성장기,0,35.48,2.2,19.68,46.84,1.25,48.23
1348654201,주식회사지코코리아,2017,성장기,0,0.0,1.7,24.1,48.92,44.74,73.48
1348654201,주식회사지코코리아,2018,성숙기,0,56.96,0.0,92.35,54.61,55.17,52.27
1348654201,주식회사지코코리아,2019,성숙기,0,44.21,0.0,100.0,50.91,69.47,57.47
1348658793,(주)꼬레본,2019,성장기,0,44.21,2.1,100.0,51.55,6.54,49.68
1348658793,(주)꼬레본,2020,성장기,0,100.0,0.8,62.42,60.99,16.62,56.2
1348658793,(주)꼬레본,2021,성장기,0,25.99,1.9,38.9,54.41,78.17,83.59
1348658793,(주)꼬레본,2022,도입기,0,44.25,70.4,54.23,35.03,66.59,39.65
1348658793,(주)꼬레본,2023,성숙기,0,24.44,0.0,55.25,49.02,52.39,41.41
1348658793,(주)꼬레본,2024,성숙기,0,53.17,0.0,58.94,38.54,49.28,48.36
1348662507,(주)바론시스템,2015,성장기,0,38.29,0.0,0.0,49.87,25.86,57.49
1348662507,(주)바론시스템,2016,조정기,0,35.48,33.5,19.68,46.84,72.75,76.58
1348662507,(주)바론시스템,2017,쇠퇴기,0,0.0,100.0,24.1,41.81,96.89,62.49
1348666406,에이지디주식회사,2021,성장기,0,25.99,1.9,38.9,54.41,15.77,48.84
1348666406,에이지디주식회사,2022,성장기,0,44.25,3.1,54.23,36.93,27.7,54.17
1348666406,에이지디주식회사,2023,성장기,0,24.44,13.2,55.25,50.57,10.92,39.43
1348666406,에이지디주식회사,2024,도입기,0,53.17,92.8,58.94,40.37,82.2,89.55
1348666750,주식회사삼운전자,2019,성장기,0,44.21,2.1,100.0,51.55,7.18,49.68
1348666750,주식회사삼운전자,2020,성장기,0,100.0,0.8,62.42,60.99,50.63,74.54
1348666750,주식회사삼운전자,2021,성장기,0,25.99,1.9,38.9,54.41,78.47,64.64
1348666750,주식회사삼운전자,2022,성장기,0,44.25,3.1,54.23,37.68,45.93,27.38
1348666750,주식회사삼운전자,2023,성장기,0,24.44,13.2,55.25,50.87,37.69,44.63
1348666750,주식회사삼운전자,2024,쇠퇴기,0,53.17,100.0,58.94,40.9,23.47,42.28
1348667822,주식회사비티알수성,2019,성장기,0,44.21,2.1,100.0,51.55,3.65,49.68
1348667822,주식회사비티알수성,2021,조정기,0,25.99,24.6,38.9,54.41,0.09,48.84
1348667822,주식회사비티알수성,2022,조정기,0,44.25,26.1,54.23,36.93,0.42,47.57
1348667822,주식회사비티알수성,2023,조정기,0,24.44,24.8,55.25,57.68,0.1,48.67
1348667822,주식회사비티알수성,2024,성장기,0,53.17,16.0,58.94,44.84,0.16,50.3
1348670313,(주)에스앤티,2022,쇠퇴기,0,44.25,100.0,54.23,36.93,10.14,47.42
1348670313,(주)에스앤티,2023,도입기,0,24.44,81.1,55.25,50.57,11.98,50.05
1348670313,(주)에스앤티,2024,성숙기,0,53.17,0.0,58.94,40.55,3.76,45.69
1348671480,주식회사예승이엔지,2021,성장기,0,25.99,1.9,38.9,54.41,5.34,48.84
1348671480,주식회사예승이엔지,2022,성숙기,0,44.25,0.0,54.23,36.93,1.01,44.79
1348671480,주식회사예승이엔지,2023,성숙기,0,24.44,0.0,55.25,50.57,45.14,74.53
1348671480,주식회사예승이엔지,2024,성숙기,0,53.17,0.0,58.94,42.13,53.16,54.52
1348672932,주식회사트릴리엄플로우코리아,2015,성숙기,0,38.29,5.6,0.0,74.73,0.54,48.43
1348672932,주식회사트릴리엄플로우코리아,2016,도입기,0,35.48,82.9,19.68,28.78,64.57,86.07
1348672932,주식회사트릴리엄플로우코리아,2017,성숙기,0,0.0,0.0,24.1,27.3,1.34,12.11
1348672932,주식회사트릴리엄플로우코리아,2018,성숙기,0,56.96,0.0,92.35,32.92,35.08,65.33
1348672932,주식회사트릴리엄플로우코리아,2019,성숙기,0,44.21,0.0,100.0,47.1,58.27,62.48
1348672932,주식회사트릴리엄플로우코리아,2020,성숙기,0,100.0,0.0,62.42,61.35,0.17,18.68
1348672932,주식회사트릴리엄플로우코리아,2021,성숙기,0,25.99,0.0,38.9,54.03,3.34,50.65
1348672932,주식회사트릴리엄플로우코리아,2022,성숙기,0,44.25,0.0,54.23,36.36,35.18,65.97
1348672932,주식회사트릴리엄플로우코리아,2023,성숙기,0,24.44,0.0,55.25,49.94,0.67,29.21
1348672932,주식회사트릴리엄플로우코리아,2024,성숙기,0,53.17,0.0,58.94,39.62,5.13,52.72
1348675263,범한테크(주),2015,성장기,0,38.29,0.0,0.0,49.87,20.63,50.22
1348675263,범한테크(주),2016,성숙기,0,35.48,0.0,19.68,46.84,27.64,54.68
1348675263,범한테크(주),2017,조정기,0,0.0,35.9,24.1,48.92,71.31,73.65
1348675263,범한테크(주),2018,조정기,0,56.96,38.0,92.35,53.49,13.72,13.87
1348675263,범한테크(주),2019,조정기,0,44.21,25.7,100.0,49.38,6.86,45.82
1348675263,범한테크(주),2020,성장기,0,100.0,0.8,62.42,57.66,15.42,55.37
1348675263,범한테크(주),2021,조정기,0,25.99,24.6,38.9,52.74,10.97,46.37
1348675263,범한테크(주),2022,도입기,0,44.25,70.4,54.23,35.83,44.9,67.1
1348675263,범한테크(주),2023,성숙기,0,24.44,0.0,55.25,49.54,47.72,51.04
1348675263,범한테크(주),2024,성숙기,0,53.17,0.0,58.94,39.79,57.76,55.63
1348675400,주식회사고향미트,2022,성장기,0,44.25,3.1,54.23,36.93,16.64,47.42
1348675400,주식회사고향미트,2023,쇠퇴기,0,24.44,100.0,55.25,50.57,28.66,56.04
1348675400,주식회사고향미트,2024,쇠퇴기,0,53.17,100.0,58.94,40.55,87.24,82.48
1348675924,주식회사휴텍,2015,성장기,0,38.29,0.0,0.0,49.87,8.91,50.22
1348675924,주식회사휴텍,2016,성장기,0,35.48,2.2,19.68,46.84,10.87,51.93
1348675924,주식회사휴텍,2017,성장기,0,0.0,1.7,24.1,48.92,14.94,50.78
1348675924,주식회사휴텍,2018,성장기,0,56.96,1.0,92.35,39.06,7.08,41.84
1348675924,주식회사휴텍,2019,성장기,0,44.21,2.1,100.0,55.79,15.7,54.47
1348675924,주식회사휴텍,2020,조정기,0,100.0,22.0,62.42,68.74,41.06,64.58
1348675924,주식회사휴텍,2021,성숙기,0,25.99,0.0,38.9,64.43,27.85,41.48
1348675924,주식회사휴텍,2022,쇠퇴기,0,44.25,100.0,54.23,41.21,13.55,38.67
1348675924,주식회사휴텍,2023,성숙기,0,24.44,0.0,55.25,54.7,5.18,44.15
1348675924,주식회사휴텍,2024,조정기,0,53.17,27.2,58.94,44.3,28.49,63.11
1348678085,주식회사지씨이,2015,조정기,0,38.29,28.5,0.0,49.87,1.0,47.14
1348678085,주식회사지씨이,2016,쇠퇴기,0,35.48,100.0,19.68,46.84,5.71,53.46
1348678085,주식회사지씨이,2017,조정기,0,0.0,35.9,24.1,53.54,2.61,46.64
1348678085,주식회사지씨이,2018,조정기,0,56.96,38.0,92.35,53.62,11.23,51.13
1348678085,주식회사지씨이,2019,조정기,0,44.21,25.7,100.0,56.2,12.16,50.17
1348678085,주식회사지씨이,2020,성장기,0,100.0,0.8,62.42,59.66,72.15,83.62
1348678085,주식회사지씨이,2021,쇠퇴기,0,25.99,100.0,38.9,48.14,63.42,44.06
1348678085,주식회사지씨이,2022,성장기,0,44.25,3.1,54.23,29.19,11.74,16.38
1348678085,주식회사지씨이,2023,도입기,0,24.44,81.1,55.25,44.47,13.66,50.11
1348678085,주식회사지씨이,2024,도입기,0,53.17,92.8,58.94,36.33,78.61,86.06
1348678159,주식회사백두엔씨디,2015,쇠퇴기,0,38.29,100.0,0.0,49.87,22.44,54.57
1348678159,주식회사백두엔씨디,2016,성장기,0,35.48,2.2,19.68,46.84,14.04,46.2
1348678159,주식회사백두엔씨디,2017,조정기,0,0.0,35.9,24.1,47.39,12.64,47.64
1348678159,주식회사백두엔씨디,2021,성장기,0,25.99,1.9,38.9,51.7,17.59,48.84
1348678159,주식회사백두엔씨디,2022,조정기,0,44.25,26.1,54.23,26.08,72.1,79.06
1348678843,주식회사명일제작,2015,조정기,0,38.29,28.5,0.0,62.97,19.18,15.15
1348678843,주식회사명일제작,2018,성숙기,0,56.96,0.0,92.35,55.84,10.67,46.26
1348678843,주식회사명일제작,2019,성장기,0,44.21,2.1,100.0,52.79,21.45,55.66
1348678843,주식회사명일제작,2020,도입기,0,100.0,68.6,62.42,70.54,92.29,89.58
1348678843,주식회사명일제작,2021,쇠퇴기,0,25.99,100.0,38.9,62.54,97.02,51.68
1348678843,주식회사명일제작,2022,도입기,1,44.25,70.4,54.23,35.82,80.8,36.71
1348684817,(주)제이앤씨,2016,조정기,0,35.48,33.5,19.68,46.84,9.56,51.01
1348684817,(주)제이앤씨,2017,도입기,0,0.0,70.3,24.1,48.92,27.78,58.93
1348684817,(주)제이앤씨,2018,쇠퇴기,0,56.96,100.0,92.35,49.91,66.12,68.01
1348684817,(주)제이앤씨,2019,성숙기,0,44.21,0.0,100.0,49.05,2.43,14.02
1348684817,(주)제이앤씨,2020,도입기,0,100.0,68.6,62.42,56.3,8.42,53.95
1348684817,(주)제이앤씨,2021,도입기,0,25.99,71.8,38.9,52.32,7.76,48.51
1348684817,(주)제이앤씨,2022,도입기,0,44.25,70.4,54.23,37.24,7.91,47.38
1348684817,(주)제이앤씨,2023,도입기,0,24.44,81.1,55.25,50.67,7.59,48.75
1348684817,(주)제이앤씨,2024,성장기,0,53.17,16.0,58.94,40.65,7.05,49.94
1348684840,(주)신성테크놀로지,2018,도입기,0,56.96,75.8,92.35,49.91,37.2,46.26
1348684840,(주)신성테크놀로지,2019,조정기,0,44.21,25.7,100.0,51.55,99.09,84.01
1348684840,(주)신성테크놀로지,2021,성장기,0,25.99,1.9,38.9,54.41,6.16,48.84
1348684840,(주)신성테크놀로지,2022,도입기,0,44.25,70.4,54.23,55.44,48.58,72.13
1348684840,(주)신성테크놀로지,2023,성장기,0,24.44,13.2,55.25,67.2,36.27,42.29
1348684840,(주)신성테크놀로지,2024,도입기,0,53.17,92.8,58.94,60.55,46.86,55.98
1348689603,(주)정우몰드,2015,도입기,0,38.29,65.4,0.0,42.27,90.72,50.26
1348689603,(주)정우몰드,2016,성숙기,0,35.48,0.0,19.68,51.32,7.23,4.78
1348689603,(주)정우몰드,2017,성숙기,0,0.0,0.0,24.1,57.56,6.13,47.79
1348689603,(주)정우몰드,2018,성숙기,0,56.96,0.0,92.35,57.61,16.35,52.05
1348689603,(주)정우몰드,2019,쇠퇴기,0,44.21,100.0,100.0,58.22,16.71,49.83
1348689603,(주)정우몰드,2020,쇠퇴기,0,100.0,100.0,62.42,63.68,93.7,92.96
1348689603,(주)정우몰드,2021,쇠퇴기,0,25.99,100.0,38.9,64.83,97.13,50.94
1348689603,(주)정우몰드,2022,쇠퇴기,1,44.25,100.0,54.23,45.56,91.76,43.06
1348691545,주식회사에이치에스하이테크,2015,성장기,0,38.29,0.0,0.0,49.87,5.83,50.22
1348691545,주식회사에이치에스하이테크,2016,성장기,0,35.48,2.2,19.68,46.84,11.43,53.94
1348691545,주식회사에이치에스하이테크,2017,성장기,0,0.0,1.7,24.1,48.92,1.62,42.78
1348691545,주식회사에이치에스하이테크,2018,도입기,0,56.96,75.8,92.35,41.59,15.33,54.01
1348691545,주식회사에이치에스하이테크,2019,조정기,0,44.21,25.7,100.0,60.29,78.5,84.8
1348691545,주식회사에이치에스하이테크,2020,조정기,0,100.0,22.0,62.42,72.72,18.97,17.86
1348691545,주식회사에이치에스하이테크,2021,조정기,0,25.99,24.6,38.9,60.16,62.95,73.69
1348691545,주식회사에이치에스하이테크,2022,조정기,0,44.25,26.1,54.23,38.46,2.67,11.35
1348691545,주식회사에이치에스하이테크,2023,성숙기,0,24.44,0.0,55.25,51.98,2.06,48.53
1348691545,주식회사에이치에스하이테크,2024,성숙기,0,53.17,0.0,58.94,42.66,0.13,49.19
1348702637,(주)다람이엔지,2015,도입기,0,38.29,65.4,0.0,49.87,12.18,50.22
1348702637,(주)다람이엔지,2016,성장기,0,35.48,2.2,19.68,46.84,88.19,92.62
1348702637,(주)다람이엔지,2017,성숙기,0,0.0,0.0,24.1,48.92,13.95,5.81
1348702637,(주)다람이엔지,2018,성장기,0,56.96,1.0,92.35,38.1,5.88,41.72
1348702637,(주)다람이엔지,2019,도입기,0,44.21,58.1,100.0,52.2,7.45,50.55
1348702637,(주)다람이엔지,2020,성장기,0,100.0,0.8,62.42,62.72,23.2,59.31
1348702637,(주)다람이엔지,2021,성숙기,0,25.99,0.0,38.9,59.08,25.42,50.15
1348702637,(주)다람이엔지,2022,성숙기,0,44.25,0.0,54.23,38.54,12.66,39.61
1348702637,(주)다람이엔지,2023,성숙기,0,24.44,0.0,55.25,51.99,12.84,49.11
1348702637,(주)다람이엔지,2024,조정기,0,53.17,27.2,58.94,42.02,74.1,84.02
1348711626,주식회사조이포코리아,2021,성장기,0,25.99,1.9,38.9,54.41,35.64,48.84
1348711626,주식회사조이포코리아,2022,도입기,0,44.25,70.4,54.23,36.93,93.75,80.94
1348711626,주식회사조이포코리아,2023,성장기,0,24.44,13.2,55.25,50.57,35.0,15.84
1348711626,주식회사조이포코리아,2024,성장기,0,53.17,16.0,58.94,38.35,24.23,44.19
1348713129,(주)디엠씨,2017,성장기,0,0.0,1.7,24.1,48.92,4.44,48.42
1348713129,(주)디엠씨,2018,성장기,0,56.96,1.0,92.35,49.91,2.51,45.17
1348713129,(주)디엠씨,2019,성장기,0,44.21,2.1,100.0,51.55,5.55,51.38
1348713129,(주)디엠씨,2020,성숙기,0,100.0,0.0,62.42,58.18,4.72,50.21
1348713129,(주)디엠씨,2021,성숙기,0,25.99,0.0,38.9,50.59,0.49,46.48
1348713129,(주)디엠씨,2022,성숙기,0,44.25,0.0,54.23,40.79,0.5,47.38
1348713129,(주)디엠씨,2023,성숙기,0,24.44,0.0,55.25,53.61,0.73,48.99
1348713129,(주)디엠씨,2024,성숙기,0,53.17,0.0,58.94,43.19,0.86,50.34
1348714526,주식회사티에스지,2021,도입기,0,25.99,71.8,38.9,54.41,7.16,48.84
1348714526,주식회사티에스지,2022,성숙기,0,44.25,0.0,54.23,36.93,7.9,47.73
1348714526,주식회사티에스지,2023,조정기,0,24.44,24.8,55.25,50.57,10.3,50.34
1348714526,주식회사티에스지,2024,성장기,0,53.17,16.0,58.94,39.42,5.11,47.37
1348715826,주식회사대유정공,2015,성장기,0,38.29,0.0,0.0,49.87,18.27,50.22
1348715826,주식회사대유정공,2016,쇠퇴기,0,35.48,100.0,19.68,46.84,59.64,73.57
1348715826,주식회사대유정공,2017,쇠퇴기,0,0.0,100.0,24.1,48.92,100.0,71.81
1348715826,주식회사대유정공,2018,쇠퇴기,1,56.96,100.0,92.35,55.62,91.56,41.74
1348720955,에스엠에스,2018,성장기,0,56.96,1.0,92.35,49.91,31.79,46.26
1348720955,에스엠에스,2019,성장기,0,44.21,2.1,100.0,51.55,33.69,50.64
1348720955,에스엠에스,2020,성장기,0,100.0,0.8,62.42,60.99,89.56,81.34
1348720955,에스엠에스,2021,성숙기,0,25.99,0.0,38.9,60.86,51.02,27.28
1348720955,에스엠에스,2022,성장기,0,44.25,3.1,54.23,40.16,36.59,38.32
1348720955,에스엠에스,2023,도입기,0,24.44,81.1,55.25,54.14,88.05,79.23
1348720955,에스엠에스,2024,쇠퇴기,0,53.17,100.0,58.94,44.05,94.62,53.57
1348733218,(주)에이치케이씨아이디에스,2022,성장기,0,44.25,3.1,54.23,36.93,35.21,47.42
1348733218,(주)에이치케이씨아이디에스,2023,도입기,0,24.44,81.1,55.25,50.57,88.54,80.3
1348733218,(주)에이치케이씨아이디에스,2024,성숙기,1,53.17,0.0,58.94,40.55,81.45,46.03
1358100377,코리아에어텍(주),2015,성숙기,0,38.29,5.6,0.0,44.89,10.15,51.57
1358100377,코리아에어텍(주),2016,조정기,0,35.48,33.5,19.68,50.79,2.96,46.9
1358100377,코리아에어텍(주),2017,성숙기,0,0.0,0.0,24.1,60.84,0.09,46.76
1358100377,코리아에어텍(주),2018,성숙기,0,56.96,0.0,92.35,57.71,0.7,46.6
1358100377,코리아에어텍(주),2019,성숙기,0,44.21,0.0,100.0,62.67,0.37,49.5
1358100377,코리아에어텍(주),2020,성숙기,0,100.0,0.0,62.42,64.35,0.11,50.53
1358100377,코리아에어텍(주),2021,성숙기,0,25.99,0.0,38.9,35.13,7.05,52.77
1358100377,코리아에어텍(주),2022,성숙기,0,44.25,0.0,54.23,17.52,0.43,43.43
1358100377,코리아에어텍(주),2023,성숙기,0,24.44,0.0,55.25,34.47,0.57,48.93
1358100377,코리아에어텍(주),2024,성숙기,0,53.17,0.0,58.94,28.67,0.56,50.26
1358100912,(주)흥국,2015,성숙기,0,38.29,5.6,0.0,51.48,2.67,50.71
1358100912,(주)흥국,2016,성숙기,0,35.48,0.0,19.68,47.65,1.24,50.08
1358100912,(주)흥국,2017,성숙기,0,0.0,0.0,24.1,50.09,0.39,47.92
1358100912,(주)흥국,2018,성숙기,0,56.96,0.0,92.35,54.7,0.24,46.17
1358100912,(주)흥국,2019,성숙기,0,44.21,0.0,100.0,50.14,0.11,49.62
1358100912,(주)흥국,2020,성숙기,0,100.0,0.0,62.42,63.05,0.16,50.69
1358100912,(주)흥국,2021,성숙기,0,25.99,0.0,38.9,54.4,2.3,50.07
1358100912,(주)흥국,2022,성숙기,0,44.25,0.0,54.23,37.71,0.23,46.14
1358100912,(주)흥국,2023,성숙기,0,24.44,0.0,55.25,51.01,0.1,48.77
1358100912,(주)흥국,2024,성숙기,0,53.17,0.0,58.94,40.81,0.28,50.36
1358100926,(주)KHE,2015,성숙기,0,38.29,5.6,0.0,48.69,7.96,45.03
1358100926,(주)KHE,2016,성장기,0,35.48,2.2,19.68,49.82,15.35,54.92
1358100926,(주)KHE,2017,조정기,0,0.0,35.9,24.1,51.77,20.15,51.21
1358100926,(주)KHE,2018,쇠퇴기,0,56.96,100.0,92.35,51.4,94.0,88.07
1358100926,(주)KHE,2019,도입기,0,44.21,58.1,100.0,53.29,98.45,51.85
1358100926,(주)KHE,2020,도입기,1,100.0,68.6,62.42,62.34,82.38,41.73
1358108699,(주)진우엔지니어링,2015,성숙기,0,38.29,5.6,0.0,0.0,7.89,43.17
1358108699,(주)진우엔지니어링,2016,조정기,0,35.48,33.5,19.68,50.84,7.71,50.75
1358108699,(주)진우엔지니어링,2017,성장기,0,0.0,1.7,24.1,57.08,7.19,48.13
1358108699,(주)진우엔지니어링,2018,성숙기,0,56.96,0.0,92.35,52.05,8.73,47.14
1358108699,(주)진우엔지니어링,2019,성숙기,0,44.21,0.0,100.0,68.95,3.23,46.6
1358108699,(주)진우엔지니어링,2020,성숙기,0,100.0,0.0,62.42,53.98,23.79,61.96
1358108699,(주)진우엔지니어링,2021,성숙기,0,25.99,0.0,38.9,64.15,51.65,64.61
1358108699,(주)진우엔지니어링,2022,조정기,0,44.25,26.1,54.23,39.8,84.4,65.92
1358108699,(주)진우엔지니어링,2023,성장기,0,24.44,13.2,55.25,52.43,49.76,29.74
1358108699,(주)진우엔지니어링,2024,성장기,1,53.17,16.0,58.94,42.7,78.6,66.0
1358117975,(주)동성정밀,2015,성숙기,0,38.29,5.6,0.0,49.87,74.72,87.06
1358117975,(주)동성정밀,2020,성숙기,0,100.0,0.0,62.42,60.99,0.87,50.67
1358117975,(주)동성정밀,2021,성숙기,0,25.99,0.0,38.9,28.87,0.74,48.79
1358117975,(주)동성정밀,2022,성숙기,0,44.25,0.0,54.23,23.24,0.47,47.21
1358117975,(주)동성정밀,2023,성숙기,0,24.44,0.0,55.25,34.72,53.65,79.79
1358118218,(주)나래나노텍,2015,성장기,0,38.29,0.0,0.0,50.26,16.44,57.76
1358118218,(주)나래나노텍,2016,도입기,0,35.48,82.9,19.68,35.96,45.41,66.76
1358118218,(주)나래나노텍,2017,조정기,0,0.0,35.9,24.1,41.26,43.68,47.52
1358118218,(주)나래나노텍,2018,성숙기,0,56.96,0.0,92.35,46.82,13.01,29.02
1358118218,(주)나래나노텍,2019,도입기,0,44.21,58.1,100.0,52.1,93.36,94.37
1358118218,(주)나래나노텍,2020,조정기,0,100.0,22.0,62.42,70.27,7.83,3.56
1358118218,(주)나래나노텍,2021,성장기,0,25.99,1.9,38.9,48.84,1.82,45.49
1358118218,(주)나래나노텍,2022,도입기,0,44.25,70.4,54.23,38.44,54.4,78.12
1358118218,(주)나래나노텍,2023,쇠퇴기,0,24.44,100.0,55.25,51.35,88.86,69.56
1358118218,(주)나래나노텍,2024,쇠퇴기,0,53.17,100.0,58.94,42.12,92.82,52.13
1358125403,(주)리프텍,2015,도입기,0,38.29,65.4,0.0,70.76,45.96,73.76
1358125403,(주)리프텍,2016,성장기,0,35.48,2.2,19.68,55.03,18.21,35.52
1358125403,(주)리프텍,2017,조정기,0,0.0,35.9,24.1,52.32,13.56,45.77
1358125403,(주)리프텍,2018,도입기,0,56.96,75.8,92.35,52.52,25.05,52.79
1358125403,(주)리프텍,2019,도입기,0,44.21,58.1,100.0,56.84,92.35,87.06
1358125403,(주)리프텍,2020,도입기,0,100.0,68.6,62.42,66.78,93.04,50.94
1358125403,(주)리프텍,2021,쇠퇴기,1,25.99,100.0,38.9,63.36,97.56,51.56
1358126265,해성엔지니어링(주),2022,성장기,0,44.25,3.1,54.23,36.93,25.33,47.42
1358126265,해성엔지니어링(주),2023,도입기,0,24.44,81.1,55.25,50.57,91.41,87.6
1358126265,해성엔지니어링(주),2024,성장기,1,53.17,16.0,58.94,40.55,95.12,51.97
1358130702,하이드로텍(주),2015,성숙기,0,38.29,5.6,0.0,53.86,0.22,50.12
1358130702,하이드로텍(주),2016,성숙기,0,35.48,0.0,19.68,48.67,0.13,50.82
1358130702,하이드로텍(주),2017,성숙기,0,0.0,0.0,24.1,50.39,0.19,48.45
1358130702,하이드로텍(주),2018,성장기,0,56.96,1.0,92.35,50.66,0.16,46.23
1358130702,하이드로텍(주),2019,성장기,0,44.21,2.1,100.0,50.59,0.35,49.8
1358130702,하이드로텍(주),2020,성장기,0,100.0,0.8,62.42,61.52,0.27,50.62
1358130702,하이드로텍(주),2021,성숙기,0,25.99,0.0,38.9,53.66,4.2,51.07
1358130702,하이드로텍(주),2022,성숙기,0,44.25,0.0,54.23,38.15,0.09,44.93
1358130702,하이드로텍(주),2023,성숙기,0,24.44,0.0,55.25,51.5,0.09,48.85
1358130702,하이드로텍(주),2024,성숙기,0,53.17,0.0,58.94,41.71,0.16,50.3
1358136536,피에스아이주식회사,2017,조정기,0,0.0,35.9,24.1,48.92,4.79,48.42
1358136536,피에스아이주식회사,2018,성숙기,0,56.96,0.0,92.35,49.91,0.01,43.56
1358136536,피에스아이주식회사,2019,성숙기,0,44.21,0.0,100.0,51.55,0.47,49.95
1358136536,피에스아이주식회사,2020,성숙기,0,100.0,0.0,62.42,44.1,0.4,50.63
1358136536,피에스아이주식회사,2021,성숙기,0,25.99,0.0,38.9,58.64,1.45,49.45
1358136536,피에스아이주식회사,2022,성숙기,0,44.25,0.0,54.23,24.24,1.57,47.44
1358136536,피에스아이주식회사,2023,성숙기,0,24.44,0.0,55.25,40.12,1.87,49.04
1358136536,피에스아이주식회사,2024,성숙기,0,53.17,0.0,58.94,33.03,67.72,86.59
1358139760,(주)넥스턴앤롤코리아,2015,성숙기,0,38.29,5.6,0.0,55.8,1.01,50.42
1358139760,(주)넥스턴앤롤코리아,2016,성숙기,0,35.48,0.0,19.68,44.93,0.87,50.79
1358139760,(주)넥스턴앤롤코리아,2017,조정기,0,0.0,35.9,24.1,69.51,0.7,48.31
1358139760,(주)넥스턴앤롤코리아,2018,조정기,0,56.96,38.0,92.35,54.71,0.75,46.28
1358139760,(주)넥스턴앤롤코리아,2019,조정기,0,44.21,25.7,100.0,66.38,0.95,49.8
1358139760,(주)넥스턴앤롤코리아,2020,조정기,0,100.0,22.0,62.42,67.72,63.09,84.82
1358139760,(주)넥스턴앤롤코리아,2021,성장기,0,25.99,1.9,38.9,70.71,70.8,53.31
1358139760,(주)넥스턴앤롤코리아,2022,도입기,1,44.25,70.4,54.23,51.37,85.53,55.14
1358142061,(주)아이엠티,2020,조정기,0,100.0,22.0,62.42,60.99,28.16,50.67
1358142061,(주)아이엠티,2021,성숙기,0,25.99,0.0,38.9,54.41,75.5,75.6
1358142061,(주)아이엠티,2022,성숙기,0,44.25,0.0,54.23,36.93,54.89,34.4
1358142061,(주)아이엠티,2023,성숙기,1,24.44,0.0,55.25,50.82,81.91,65.24
1358142305,(주)디.에스.인더스트리,2021,성장기,0,25.99,1.9,38.9,54.41,18.18,48.84
1358142305,(주)디.에스.인더스트리,2022,성장기,0,44.25,3.1,54.23,36.93,9.23,41.92
1358142305,(주)디.에스.인더스트리,2023,성장기,0,24.44,13.2,55.25,50.57,55.22,75.71
1358142305,(주)디.에스.인더스트리,2024,성장기,0,53.17,16.0,58.94,39.89,13.92,27.27
1358147028,(주)인터제로시스템,2022,성숙기,0,44.25,0.0,54.23,36.93,3.4,47.42
1358147028,(주)인터제로시스템,2023,성숙기,0,24.44,0.0,55.25,50.57,0.05,46.94
1358147028,(주)인터제로시스템,2024,성숙기,0,53.17,0.0,58.94,40.55,0.22,50.36
1358148139,에이테크솔루션(주),2015,성장기,0,38.29,0.0,0.0,50.28,64.48,59.68
1358148139,에이테크솔루션(주),2016,성숙기,0,35.48,0.0,19.68,42.35,46.04,40.59
1358148139,에이테크솔루션(주),2017,성숙기,0,0.0,0.0,24.1,46.38,72.76,63.92
1358148139,에이테크솔루션(주),2018,도입기,0,56.96,75.8,92.35,46.71,63.33,41.11
1358148139,에이테크솔루션(주),2019,성숙기,0,44.21,0.0,100.0,50.79,43.62,38.5
1358148139,에이테크솔루션(주),2020,성숙기,0,100.0,0.0,62.42,57.49,13.71,34.18
1358148139,에이테크솔루션(주),2021,성숙기,0,25.99,0.0,38.9,51.48,8.51,45.95
1358148139,에이테크솔루션(주),2022,도입기,0,44.25,70.4,54.23,35.58,11.16,48.83
1358148139,에이테크솔루션(주),2023,도입기,0,24.44,81.1,55.25,49.28,47.78,70.29
1358148139,에이테크솔루션(주),2024,도입기,0,53.17,92.8,58.94,39.44,70.21,62.46
1358152012,주식회사에이취.엔.피,2017,성장기,0,0.0,1.7,24.1,48.92,30.37,48.42
1358152012,주식회사에이취.엔.피,2018,조정기,0,56.96,38.0,92.35,49.91,78.24,73.4
1358152012,주식회사에이취.엔.피,2019,성숙기,1,44.21,0.0,100.0,51.55,91.68,56.91
1358153194,주식회사지앤씨,2015,도입기,0,38.29,65.4,0.0,42.81,69.06,89.41
1358153194,주식회사지앤씨,2016,쇠퇴기,0,35.48,100.0,19.68,40.2,68.92,50.64
1358153194,주식회사지앤씨,2017,성장기,1,0.0,1.7,24.1,47.42,72.71,50.76
1358153423,에프엔에스테크(주),2015,도입기,0,38.29,65.4,0.0,62.46,5.59,13.55
1358153423,에프엔에스테크(주),2016,성숙기,0,35.48,0.0,19.68,68.77,0.26,47.93
1358153423,에프엔에스테크(주),2017,도입기,0,0.0,70.3,24.1,70.58,65.51,86.02
1358153423,에프엔에스테크(주),2018,성장기,0,56.96,1.0,92.35,64.27,2.51,10.79
1358153423,에프엔에스테크(주),2019,성장기,0,44.21,2.1,100.0,65.59,5.4,51.29
1358153423,에프엔에스테크(주),2020,성장기,0,100.0,0.8,62.42,70.71,0.39,47.91
1358153423,에프엔에스테크(주),2021,도입기,0,25.99,71.8,38.9,40.34,10.38,54.49
1358153423,에프엔에스테크(주),2022,성숙기,0,44.25,0.0,54.23,22.61,3.41,43.18
1358153423,에프엔에스테크(주),2023,성숙기,0,24.44,0.0,55.25,38.43,5.54,50.13
1358153423,에프엔에스테크(주),2024,성숙기,0,53.17,0.0,58.94,32.09,0.79,47.63
1358154193,(주)에코니티,2015,도입기,0,38.29,65.4,0.0,55.37,89.85,95.93
1358154193,(주)에코니티,2016,성숙기,0,35.48,0.0,19.68,35.61,75.71,42.89
1358154193,(주)에코니티,2017,성숙기,0,0.0,0.0,24.1,44.91,15.18,13.69
1358154193,(주)에코니티,2018,성숙기,0,56.96,0.0,92.35,45.77,14.61,45.97
1358154193,(주)에코니티,2019,성숙기,0,44.21,0.0,100.0,49.48,10.9,47.58
1358154193,(주)에코니티,2020,성숙기,0,100.0,0.0,62.42,59.66,8.1,49.11
1358154193,(주)에코니티,2021,성숙기,0,25.99,0.0,38.9,54.76,8.11,48.88
1358154193,(주)에코니티,2022,성숙기,0,44.25,0.0,54.23,36.29,9.12,47.88
1358154193,(주)에코니티,2023,성숙기,0,24.44,0.0,55.25,49.9,8.04,48.33
1358154193,(주)에코니티,2024,성숙기,0,53.17,0.0,58.94,39.53,4.4,48.23
1358157375,(주)테스,2015,도입기,0,38.29,65.4,0.0,55.38,6.47,53.52
1358157375,(주)테스,2016,성장기,0,35.48,2.2,19.68,40.11,0.08,47.35
1358157375,(주)테스,2017,성숙기,0,0.0,0.0,24.1,46.36,0.08,48.41
1358157375,(주)테스,2018,조정기,0,56.96,38.0,92.35,49.32,0.17,46.3
1358157375,(주)테스,2019,성장기,0,44.21,2.1,100.0,55.11,0.27,49.75
1358157375,(주)테스,2020,성숙기,0,100.0,0.0,62.42,71.1,0.15,50.6
1358157375,(주)테스,2021,성숙기,0,25.99,0.0,38.9,57.78,0.05,48.8
1358157375,(주)테스,2022,성숙기,0,44.25,0.0,54.23,41.68,0.1,47.42
1358157375,(주)테스,2023,성숙기,0,24.44,0.0,55.25,54.22,35.28,69.31
1358157375,(주)테스,2024,성숙기,0,53.17,0.0,58.94,44.79,0.64,31.03
1358160360,(주)휴먼에어텍,2019,쇠퇴기,0,44.21,100.0,100.0,51.55,12.93,49.68
1358160360,(주)휴먼에어텍,2020,조정기,0,100.0,22.0,62.42,60.99,3.74,45.6
1358160360,(주)휴먼에어텍,2021,성장기,0,25.99,1.9,38.9,54.41,5.02,49.59
1358160360,(주)휴먼에어텍,2022,성숙기,0,44.25,0.0,54.23,30.18,3.34,46.34
1358160360,(주)휴먼에어텍,2023,성숙기,0,24.44,0.0,55.25,45.11,0.06,46.98
1358160360,(주)휴먼에어텍,2024,성숙기,0,53.17,0.0,58.94,33.81,4.76,52.86
1358166549,(주)시스타,2021,조정기,0,25.99,24.6,38.9,54.41,1.64,48.84
1358166549,(주)시스타,2022,성숙기,0,44.25,0.0,54.23,36.93,1.11,47.05
1358166549,(주)시스타,2023,성장기,0,24.44,13.2,55.25,48.05,6.64,52.08
1358166549,(주)시스타,2024,성장기,0,53.17,16.0,58.94,46.15,11.12,52.71
1358168362,케이.엘.이.에스(주),2017,성장기,0,0.0,1.7,24.1,48.92,3.53,48.42
1358168362,케이.엘.이.에스(주),2018,성장기,0,56.96,1.0,92.35,49.91,36.11,64.68
1358168362,케이.엘.이.에스(주),2019,성장기,0,44.21,2.1,100.0,51.55,8.51,34.21
1358168362,케이.엘.이.에스(주),2020,성장기,0,100.0,0.8,62.42,58.96,89.24,95.02
1358168362,케이.엘.이.에스(주),2021,조정기,0,25.99,24.6,38.9,55.52,50.86,27.37
1358168362,케이.엘.이.에스(주),2022,도입기,1,44.25,70.4,54.23,40.64,60.25,52.26
1358168528,기가비스(주),2015,조정기,0,38.29,28.5,0.0,44.2,16.02,59.02
1358168528,기가비스(주),2016,조정기,0,35.48,33.5,19.68,48.79,53.35,71.35
1358168528,기가비스(주),2017,쇠퇴기,0,0.0,100.0,24.1,48.76,58.6,51.56
1358168528,기가비스(주),2018,조정기,0,56.96,38.0,92.35,58.22,69.06,52.32
1358168528,기가비스(주),2019,조정기,0,44.21,25.7,100.0,62.2,0.41,11.25
1358168528,기가비스(주),2020,조정기,0,100.0,22.0,62.42,29.96,0.11,50.5
1358168528,기가비스(주),2021,성숙기,0,25.99,0.0,38.9,26.49,0.47,49.06
1358168528,기가비스(주),2022,성숙기,0,44.25,0.0,54.23,12.28,0.78,47.56
1358168528,기가비스(주),2023,성장기,0,24.44,13.2,55.25,30.43,0.75,48.84
1358168528,기가비스(주),2024,성장기,0,53.17,16.0,58.94,25.95,38.05,70.84
1358168571,(주)씨케이솔루션,2016,성장기,0,35.48,2.2,19.68,46.84,3.33,51.01
1358168571,(주)씨케이솔루션,2017,성장기,0,0.0,1.7,24.1,48.92,0.74,46.93
1358168571,(주)씨케이솔루션,2018,성장기,0,56.96,1.0,92.35,49.91,1.75,46.82
1358168571,(주)씨케이솔루션,2019,성장기,0,44.21,2.1,100.0,44.19,6.15,52.14
1358168571,(주)씨케이솔루션,2020,성숙기,0,100.0,0.0,62.42,62.22,18.47,57.43
1358168571,(주)씨케이솔루션,2021,도입기,0,25.99,71.8,38.9,63.34,4.79,41.18
1358168571,(주)씨케이솔루션,2022,성장기,0,44.25,3.1,54.23,37.24,53.63,75.9
1358168571,(주)씨케이솔루션,2023,성장기,0,24.44,13.2,55.25,51.7,0.46,18.58
1358168571,(주)씨케이솔루션,2024,성장기,0,53.17,16.0,58.94,42.72,5.42,53.01
1358173996,(주)선린,2020,성장기,0,100.0,0.8,62.42,60.99,3.44,50.67
1358173996,(주)선린,2021,조정기,0,25.99,24.6,38.9,54.41,0.15,47.01
1358173996,(주)선린,2022,성장기,0,44.25,3.1,54.23,36.93,6.11,50.87
1358173996,(주)선린,2023,성숙기,0,24.44,0.0,55.25,51.05,7.09,49.49
1358173996,(주)선린,2024,성숙기,0,53.17,0.0,58.94,41.24,4.21,48.65
1358192203,태광후지킨주식회사,2015,성숙기,0,38.29,5.6,0.0,0.0,1.96,50.52
1358192203,태광후지킨주식회사,2016,성숙기,0,35.48,0.0,19.68,14.44,0.89,50.28
1358192203,태광후지킨주식회사,2017,성숙기,0,0.0,0.0,24.1,15.47,0.25,48.04
1358192203,태광후지킨주식회사,2018,성숙기,0,56.96,0.0,92.35,23.38,0.47,46.37
1358192203,태광후지킨주식회사,2019,조정기,0,44.21,25.7,100.0,49.25,0.33,49.62
1358192203,태광후지킨주식회사,2020,성숙기,0,100.0,0.0,62.42,68.53,0.18,50.58
1358192203,태광후지킨주식회사,2021,도입기,0,25.99,71.8,38.9,55.42,4.65,51.38
1358192203,태광후지킨주식회사,2022,성장기,0,44.25,3.1,54.23,36.32,0.24,44.75
1358192203,태광후지킨주식회사,2023,성숙기,0,24.44,0.0,55.25,49.86,0.41,48.95
1358192203,태광후지킨주식회사,2024,성숙기,0,53.17,0.0,58.94,41.14,0.19,50.15
1358194588,주식회사엠에이케이,2017,성장기,0,0.0,1.7,24.1,48.92,3.43,48.42
1358194588,주식회사엠에이케이,2018,쇠퇴기,0,56.96,100.0,92.35,49.91,8.23,48.98
1358194588,주식회사엠에이케이,2019,도입기,0,44.21,58.1,100.0,51.55,5.14,47.94
1358194588,주식회사엠에이케이,2020,도입기,0,100.0,68.6,62.42,52.34,52.98,76.96
1358194588,주식회사엠에이케이,2021,도입기,0,25.99,71.8,38.9,49.46,91.08,70.43
1358194588,주식회사엠에이케이,2022,조정기,0,44.25,26.1,54.23,34.3,69.31,33.53
1358194588,주식회사엠에이케이,2023,도입기,1,24.44,81.1,55.25,47.9,60.1,44.35
1358198056,주식회사에이케이테크,2015,도입기,0,38.29,65.4,0.0,49.87,61.27,70.31
1358198056,주식회사에이케이테크,2016,도입기,0,35.48,82.9,19.68,46.84,30.31,33.71
1358198056,주식회사에이케이테크,2017,성장기,0,0.0,1.7,24.1,51.34,8.51,35.92
1358198056,주식회사에이케이테크,2018,성장기,0,56.96,1.0,92.35,52.61,81.9,87.77
1358198056,주식회사에이케이테크,2019,성장기,0,44.21,2.1,100.0,57.41,85.63,51.49
1358198056,주식회사에이케이테크,2020,성장기,0,100.0,0.8,62.42,61.12,29.42,19.68
1358198056,주식회사에이케이테크,2021,성장기,0,25.99,1.9,38.9,48.73,65.26,69.12
1358198056,주식회사에이케이테크,2022,쇠퇴기,0,44.25,100.0,54.23,30.09,92.99,62.81
1358198056,주식회사에이케이테크,2023,쇠퇴기,1,24.44,100.0,55.25,44.6,89.49,47.96
1358198231,아담스오텍주식회사,2015,도입기,0,38.29,65.4,0.0,49.87,32.73,50.92
1358198231,아담스오텍주식회사,2016,도입기,0,35.48,82.9,19.68,46.84,95.3,85.19
1358600130,(주)씨엔원,2020,성장기,0,100.0,0.8,62.42,60.99,10.55,50.67
1358600130,(주)씨엔원,2021,쇠퇴기,0,25.99,100.0,38.9,54.41,72.39,83.74
1358600130,(주)씨엔원,2022,성숙기,0,44.25,0.0,54.23,36.93,21.35,16.64
1358600130,(주)씨엔원,2023,쇠퇴기,0,24.44,100.0,55.25,48.8,69.96,77.39
1358600130,(주)씨엔원,2024,조정기,0,53.17,27.2,58.94,38.45,4.66,13.98
1358600300,주식회사세미즈,2019,성숙기,0,44.21,0.0,100.0,51.55,4.15,49.68
1358600300,주식회사세미즈,2020,성숙기,0,100.0,0.0,62.42,60.99,0.18,48.48
1358600300,주식회사세미즈,2021,성숙기,0,25.99,0.0,38.9,54.41,0.21,48.88
1358600300,주식회사세미즈,2022,성숙기,0,44.25,0.0,54.23,36.74,7.64,51.73
1358600300,주식회사세미즈,2023,조정기,0,24.44,24.8,55.25,50.13,61.93,80.52
1358600300,주식회사세미즈,2024,도입기,0,53.17,92.8,58.94,40.7,83.13,61.74
1358604946,주식회사엔피홀딩스,2017,도입기,0,0.0,70.3,24.1,48.92,35.54,48.42
1358604946,주식회사엔피홀딩스,2018,도입기,0,56.96,75.8,92.35,49.91,89.03,76.6
1358604946,주식회사엔피홀딩스,2019,도입기,1,44.21,58.1,100.0,51.55,81.26,45.06
1358605625,메카니칼토탈솔루션(주),2015,성장기,0,38.29,0.0,0.0,49.87,1.0,47.37
1358605625,메카니칼토탈솔루션(주),2016,성숙기,0,35.48,0.0,19.68,55.89,4.31,52.69
1358605625,메카니칼토탈솔루션(주),2017,성숙기,0,0.0,0.0,24.1,54.68,4.12,48.31
1358605625,메카니칼토탈솔루션(주),2018,성숙기,0,56.96,0.0,92.35,54.15,0.17,44.03
1358605625,메카니칼토탈솔루션(주),2019,성숙기,0,44.21,0.0,100.0,39.62,0.51,49.88
1358605625,메카니칼토탈솔루션(주),2020,성숙기,0,100.0,0.0,62.42,68.65,4.45,52.83
1358605625,메카니칼토탈솔루션(주),2021,성숙기,0,25.99,0.0,38.9,47.85,0.4,46.59
1358605625,메카니칼토탈솔루션(주),2022,조정기,0,44.25,26.1,54.23,28.57,58.55,81.4
1358605625,메카니칼토탈솔루션(주),2023,성숙기,0,24.44,0.0,55.25,43.24,37.15,37.12
1358605625,메카니칼토탈솔루션(주),2024,조정기,0,53.17,27.2,58.94,34.86,0.15,29.72
1358606570,주식회사아이로보,2018,성장기,0,56.96,1.0,92.35,49.91,3.26,46.26
1358606570,주식회사아이로보,2019,성숙기,0,44.21,0.0,100.0,51.55,0.7,48.26
1358606570,주식회사아이로보,2020,성숙기,0,100.0,0.0,62.42,60.99,0.62,50.62
1358606570,주식회사아이로보,2021,성숙기,0,25.99,0.0,38.9,49.25,0.49,48.79
1358606570,주식회사아이로보,2022,쇠퇴기,0,44.25,100.0,54.23,35.08,7.9,51.71
1358606570,주식회사아이로보,2023,조정기,0,24.44,24.8,55.25,47.97,1.64,45.3
1358606793,(주)가온솔루션,2017,성장기,0,0.0,1.7,24.1,48.92,31.03,48.42
1358606793,(주)가온솔루션,2018,성숙기,0,56.96,0.0,92.35,49.91,27.41,44.29
1358606793,(주)가온솔루션,2019,성장기,0,44.21,2.1,100.0,51.55,13.25,41.71
1358606793,(주)가온솔루션,2020,쇠퇴기,0,100.0,100.0,62.42,56.59,20.01,54.37
1358606793,(주)가온솔루션,2022,도입기,0,44.25,70.4,54.23,38.52,90.53,47.42
1358606793,(주)가온솔루션,2023,쇠퇴기,0,24.44,100.0,55.25,55.19,73.39,40.0
1358606793,(주)가온솔루션,2024,성숙기,1,53.17,0.0,58.94,43.31,81.09,54.25
1358608035,(주)창공에프에이,2021,도입기,0,25.99,71.8,38.9,54.41,24.67,48.84
1358608035,(주)창공에프에이,2022,조정기,0,44.25,26.1,54.23,36.93,46.94,60.11
1358608035,(주)창공에프에이,2023,성숙기,0,24.44,0.0,55.25,50.57,9.8,27.83
1358608035,(주)창공에프에이,2024,도입기,0,53.17,92.8,58.94,38.62,7.16,48.77
1358615458,(주)씨앤아이테크놀로지,2015,성장기,0,38.29,0.0,0.0,49.87,4.06,50.22
1358615458,(주)씨앤아이테크놀로지,2016,쇠퇴기,0,35.48,100.0,19.68,46.84,5.39,51.6
1358615458,(주)씨앤아이테크놀로지,2017,쇠퇴기,0,0.0,100.0,24.1,48.92,61.76,80.92
1358615458,(주)씨앤아이테크놀로지,2018,쇠퇴기,0,56.96,100.0,92.35,44.66,0.75,11.91
1358615458,(주)씨앤아이테크놀로지,2019,조정기,0,44.21,25.7,100.0,62.91,0.06,49.3
1358615458,(주)씨앤아이테크놀로지,2020,성장기,0,100.0,0.8,62.42,66.64,0.07,50.67
1358615458,(주)씨앤아이테크놀로지,2021,성장기,0,25.99,1.9,38.9,55.39,0.66,49.2
1358615458,(주)씨앤아이테크놀로지,2022,성장기,0,44.25,3.1,54.23,37.76,2.96,48.72
1358615458,(주)씨앤아이테크놀로지,2023,조정기,0,24.44,24.8,55.25,51.02,23.07,60.58
1358615458,(주)씨앤아이테크놀로지,2024,도입기,0,53.17,92.8,58.94,41.27,6.47,41.02
1358617096,피코앤테라(주),2017,성장기,0,0.0,1.7,24.1,48.92,3.86,48.42
1358617096,피코앤테라(주),2018,성숙기,0,56.96,0.0,92.35,49.91,0.58,44.4
1358617096,피코앤테라(주),2019,성장기,0,44.21,2.1,100.0,51.55,2.24,50.61
1358617096,피코앤테라(주),2020,성장기,0,100.0,0.8,62.42,64.61,0.86,49.91
1358617096,피코앤테라(주),2021,성장기,0,25.99,1.9,38.9,49.55,2.27,49.66
1358617096,피코앤테라(주),2022,조정기,0,44.25,26.1,54.23,35.75,29.56,63.32
1358617096,피코앤테라(주),2023,성숙기,0,24.44,0.0,55.25,49.13,6.73,35.93
1358617096,피코앤테라(주),2024,쇠퇴기,0,53.17,100.0,58.94,39.71,72.41,86.48
1358621514,(주)엠엑스앤,2016,도입기,0,35.48,82.9,19.68,46.84,4.66,51.01
1358621514,(주)엠엑스앤,2017,성장기,0,0.0,1.7,24.1,48.92,1.55,46.63
1358621514,(주)엠엑스앤,2018,조정기,0,56.96,38.0,92.35,49.91,96.59,100.0
1358621514,(주)엠엑스앤,2022,성숙기,0,44.25,0.0,54.23,61.79,79.27,47.42
1358621514,(주)엠엑스앤,2023,쇠퇴기,1,24.44,100.0,55.25,61.65,87.21,54.45
1358621891,브이텍스코리아주식회사,2017,성장기,0,0.0,1.7,24.1,48.92,6.55,48.42
1358621891,브이텍스코리아주식회사,2018,성장기,0,56.96,1.0,92.35,49.91,1.98,43.69
1358621891,브이텍스코리아주식회사,2019,성장기,0,44.21,2.1,100.0,51.55,20.64,60.07
1358621891,브이텍스코리아주식회사,2020,성숙기,0,100.0,0.0,62.42,62.71,1.73,40.25
1358621891,브이텍스코리아주식회사,2021,성숙기,0,25.99,0.0,38.9,50.92,1.3,48.62
1358621891,브이텍스코리아주식회사,2022,성숙기,0,44.25,0.0,54.23,36.31,1.37,47.41
1358621891,브이텍스코리아주식회사,2023,성숙기,0,24.44,0.0,55.25,50.46,1.53,48.95
1358621891,브이텍스코리아주식회사,2024,성숙기,0,53.17,0.0,58.94,41.15,68.34,87.13
1358622148,플렉스주식회사,2021,도입기,0,25.99,71.8,38.9,54.41,8.55,48.84
1358622148,플렉스주식회사,2022,성장기,0,44.25,3.1,54.23,36.93,7.95,46.93
1358622148,플렉스주식회사,2023,조정기,0,24.44,24.8,55.25,50.57,90.68,97.07
1358622226,"(주)피와이제이(PYJCo.,Ltd.)",2019,조정기,0,44.21,25.7,100.0,51.55,4.66,49.68
1358622226,"(주)피와이제이(PYJCo.,Ltd.)",2020,도입기,0,100.0,68.6,62.42,60.99,8.52,52.78
1358622226,"(주)피와이제이(PYJCo.,Ltd.)",2021,성장기,0,25.99,1.9,38.9,54.41,13.28,51.56
1358622226,"(주)피와이제이(PYJCo.,Ltd.)",2022,성숙기,0,44.25,0.0,54.23,36.03,7.66,43.93
1358622226,"(주)피와이제이(PYJCo.,Ltd.)",2023,도입기,0,24.44,81.1,55.25,50.3,20.33,56.31
1358622226,"(주)피와이제이(PYJCo.,Ltd.)",2024,조정기,0,53.17,27.2,58.94,40.58,25.44,53.01
1358623356,주식회사그린테크놀로지,2020,조정기,0,100.0,22.0,62.42,60.99,15.05,50.67
1358623356,주식회사그린테크놀로지,2021,조정기,0,25.99,24.6,38.9,54.41,5.65,43.59
1358623356,주식회사그린테크놀로지,2022,조정기,0,44.25,26.1,54.23,36.93,63.34,81.06
1358623356,주식회사그린테크놀로지,2024,쇠퇴기,0,53.17,100.0,58.94,40.83,63.66,50.27
1358625219,주식회사이엠아이,2020,성장기,0,100.0,0.8,62.42,60.99,8.6,50.67
1358625219,주식회사이엠아이,2021,성장기,0,25.99,1.9,38.9,54.41,1.62,44.94
1358625219,주식회사이엠아이,2022,성장기,0,44.25,3.1,54.23,36.93,1.83,47.48
1358625219,주식회사이엠아이,2023,성장기,0,24.44,13.2,55.25,53.19,4.64,50.5
1358625219,주식회사이엠아이,2024,성장기,0,53.17,16.0,58.94,43.49,0.62,48.03
1358626974,주식회사제이디,2019,도입기,0,44.21,58.1,100.0,51.55,7.87,49.68
1358626974,주식회사제이디,2020,도입기,0,100.0,68.6,62.42,60.99,89.63,95.59
1358626974,주식회사제이디,2021,도입기,0,25.99,71.8,38.9,54.41,91.8,50.23
1358626974,주식회사제이디,2022,도입기,0,44.25,70.4,54.23,50.53,35.03,13.05
1358626974,주식회사제이디,2023,조정기,0,24.44,24.8,55.25,61.6,44.85,54.99
1358626974,주식회사제이디,2024,도입기,0,53.17,92.8,58.94,52.72,87.93,73.87
1358627274,(주)에스텍,2016,도입기,0,35.48,82.9,19.68,46.84,8.9,51.01
1358627274,(주)에스텍,2017,성장기,0,0.0,1.7,24.1,48.92,2.79,44.91
1358627274,(주)에스텍,2018,도입기,0,56.96,75.8,92.35,49.91,88.22,94.57
1358630949,(주)티에스코퍼레이션,2022,성장기,0,44.25,3.1,54.23,36.93,7.58,47.42
1358630949,(주)티에스코퍼레이션,2023,도입기,0,24.44,81.1,55.25,50.57,15.01,53.27
1358630949,(주)티에스코퍼레이션,2024,쇠퇴기,0,53.17,100.0,58.94,40.55,37.06,62.38
1358636905,주식회사아성,2015,성숙기,0,38.29,5.6,0.0,49.87,7.89,9.82
1358636905,주식회사아성,2016,성숙기,0,35.48,0.0,19.68,46.84,5.22,49.38
1358636905,주식회사아성,2017,성숙기,0,0.0,0.0,24.1,48.93,3.62,47.5
1358636905,주식회사아성,2018,성숙기,0,56.96,0.0,92.35,51.53,3.16,46.0
1358636905,주식회사아성,2019,성숙기,0,44.21,0.0,100.0,55.98,1.8,48.92
1358636905,주식회사아성,2020,성숙기,0,100.0,0.0,62.42,63.17,1.78,50.65
1358636905,주식회사아성,2021,성숙기,0,25.99,0.0,38.9,60.88,2.12,49.06
1358636905,주식회사아성,2022,성숙기,0,44.25,0.0,54.23,33.72,1.37,46.92
1358636905,주식회사아성,2023,성숙기,0,24.44,0.0,55.25,47.78,68.74,88.05
1358636905,주식회사아성,2024,성숙기,0,53.17,0.0,58.94,39.37,83.04,57.9
1358638238,주식회사브이앤아이솔루션,2016,성숙기,0,35.48,0.0,19.68,46.84,4.71,51.01
1358638238,주식회사브이앤아이솔루션,2017,조정기,0,0.0,35.9,24.1,48.92,6.75,49.59
1358638238,주식회사브이앤아이솔루션,2018,조정기,0,56.96,38.0,92.35,49.91,31.33,60.17
1358638238,주식회사브이앤아이솔루션,2019,조정기,0,44.21,25.7,100.0,69.12,35.46,51.88
1358640618,주식회사세미티에스,2021,성숙기,0,25.99,0.0,38.9,54.41,3.29,48.84
1358640618,주식회사세미티에스,2022,성장기,0,44.25,3.1,54.23,36.93,0.13,45.49
1358640618,주식회사세미티에스,2023,쇠퇴기,0,24.44,100.0,55.25,50.57,68.31,88.51
1358640618,주식회사세미티에스,2024,성숙기,0,53.17,0.0,58.94,44.32,0.13,12.39
1358641918,주식회사레이시온,2022,성장기,0,44.25,3.1,54.23,36.93,11.98,47.42
1358641918,주식회사레이시온,2023,성숙기,0,24.44,0.0,55.25,50.57,0.64,42.4
1358641918,주식회사레이시온,2024,성장기,0,53.17,16.0,58.94,40.55,1.0,50.46
1358645030,(주)앤에스알시,2021,성장기,0,25.99,1.9,38.9,54.41,3.44,48.84
1358645030,(주)앤에스알시,2022,쇠퇴기,0,44.25,100.0,54.23,36.93,8.57,50.34
1358645030,(주)앤에스알시,2023,성숙기,0,24.44,0.0,55.25,50.57,0.87,44.47
1358645030,(주)앤에스알시,2024,도입기,0,53.17,92.8,58.94,37.58,15.03,58.08
1358646965,(주)에이아이코리아,2017,성장기,0,0.0,1.7,24.1,48.92,3.71,48.42
1358646965,(주)에이아이코리아,2018,쇠퇴기,0,56.96,100.0,92.35,49.91,8.28,48.84
1358646965,(주)에이아이코리아,2019,성장기,0,44.21,2.1,100.0,51.55,0.54,45.35
1358646965,(주)에이아이코리아,2020,쇠퇴기,0,100.0,100.0,62.42,50.88,90.3,100.0
1358646965,(주)에이아이코리아,2021,성장기,0,25.99,1.9,38.9,50.53,7.19,2.15
1358646965,(주)에이아이코리아,2022,쇠퇴기,0,44.25,100.0,54.23,33.15,5.62,46.37
1358646965,(주)에이아이코리아,2023,조정기,0,24.44,24.8,55.25,48.18,5.06,48.59
1358646965,(주)에이아이코리아,2024,쇠퇴기,0,53.17,100.0,58.94,39.04,5.55,50.52
1368101118,주식회사우성진공,2015,쇠퇴기,0,38.29,100.0,0.0,54.16,85.53,75.86
1368101118,주식회사우성진공,2016,도입기,0,35.48,82.9,19.68,46.9,85.78,50.81
1368101118,주식회사우성진공,2017,조정기,1,0.0,35.9,24.1,48.81,90.2,51.16
1368101670,한국씰마스타주식회사,2015,성숙기,0,38.29,5.6,0.0,48.85,0.4,50.22
1368101670,한국씰마스타주식회사,2016,성숙기,0,35.48,0.0,19.68,43.52,0.19,50.76
1368101670,한국씰마스타주식회사,2017,성숙기,0,0.0,0.0,24.1,45.89,0.68,48.69
1368101670,한국씰마스타주식회사,2018,성숙기,0,56.96,0.0,92.35,46.77,0.44,46.12
1368101670,한국씰마스타주식회사,2019,성숙기,0,44.21,0.0,100.0,50.42,0.18,49.55
1368101670,한국씰마스타주식회사,2020,성숙기,0,100.0,0.0,62.42,56.1,0.27,50.72
1368101670,한국씰마스타주식회사,2021,성숙기,0,25.99,0.0,38.9,52.53,0.22,48.83
1368101670,한국씰마스타주식회사,2022,성숙기,0,44.25,0.0,54.23,35.49,0.26,47.4
1368101670,한국씰마스타주식회사,2023,성숙기,0,24.44,0.0,55.25,49.28,0.18,48.81
1368101670,한국씰마스타주식회사,2024,성숙기,0,53.17,0.0,58.94,39.38,0.13,50.23
1368102494,주식회사성도기계,2018,성장기,0,56.96,1.0,92.35,49.91,16.37,46.26
1368102494,주식회사성도기계,2019,조정기,0,44.21,25.7,100.0,51.55,5.48,43.58
1368102494,주식회사성도기계,2020,조정기,0,100.0,22.0,62.42,60.99,11.45,53.94
1368102494,주식회사성도기계,2021,조정기,0,25.99,24.6,38.9,54.81,45.16,67.89
1368102494,주식회사성도기계,2022,도입기,0,44.25,70.4,54.23,39.3,88.29,72.06
1368102494,주식회사성도기계,2023,쇠퇴기,0,24.44,100.0,55.25,53.07,85.57,48.36
1368102494,주식회사성도기계,2024,성장기,0,53.17,16.0,58.94,42.82,10.69,8.64
1368103926,(주)신한엘리베이타,2015,성장기,0,38.29,0.0,0.0,49.87,3.29,50.88
1368103926,(주)신한엘리베이타,2016,성장기,0,35.48,2.2,19.68,49.89,2.09,50.21
1368103926,(주)신한엘리베이타,2017,성장기,0,0.0,1.7,24.1,50.75,1.98,48.35
1368103926,(주)신한엘리베이타,2018,성장기,0,56.96,1.0,92.35,50.22,36.46,65.76
1368103926,(주)신한엘리베이타,2019,도입기,0,44.21,58.1,100.0,51.95,8.1,33.78
1368103926,(주)신한엘리베이타,2020,도입기,0,100.0,68.6,62.42,52.49,10.26,51.84
1368103926,(주)신한엘리베이타,2021,도입기,0,25.99,71.8,38.9,54.12,38.86,65.0
1368103926,(주)신한엘리베이타,2022,성숙기,0,44.25,0.0,54.23,38.04,10.5,30.32
1368103926,(주)신한엘리베이타,2023,성숙기,0,24.44,0.0,55.25,51.27,10.79,49.15
1368103926,(주)신한엘리베이타,2024,성숙기,0,53.17,0.0,58.94,41.32,37.52,64.98
1368104089,(주)에쓰브이씨,2016,도입기,0,35.48,82.9,19.68,23.21,82.54,51.01
1368104089,(주)에쓰브이씨,2017,도입기,1,0.0,70.3,24.1,54.8,96.4,56.59
1368104468,한주기계공업(주),2015,쇠퇴기,0,38.29,100.0,0.0,40.16,11.98,41.97
1368104468,한주기계공업(주),2016,쇠퇴기,0,35.48,100.0,19.68,46.6,25.81,58.44
1368104468,한주기계공업(주),2017,성숙기,0,0.0,0.0,24.1,48.9,30.75,51.32
1368104468,한주기계공업(주),2018,쇠퇴기,0,56.96,100.0,92.35,49.18,16.84,38.46
1368104468,한주기계공업(주),2019,조정기,0,44.21,25.7,100.0,45.29,12.03,46.95
1368104468,한주기계공업(주),2020,쇠퇴기,0,100.0,100.0,62.42,60.95,21.28,55.74
1368104468,한주기계공업(주),2021,성장기,0,25.99,1.9,38.9,52.95,56.33,68.66
1368104468,한주기계공업(주),2022,성숙기,0,44.25,0.0,54.23,30.21,2.48,15.19
1368104468,한주기계공업(주),2023,조정기,0,24.44,24.8,55.25,46.49,0.98,48.01
1368104468,한주기계공업(주),2024,성숙기,0,53.17,0.0,58.94,38.87,1.96,50.8
1368108974,세일정기주식회사,2015,도입기,0,38.29,65.4,0.0,49.73,8.2,54.07
1368108974,세일정기주식회사,2016,성숙기,0,35.48,0.0,19.68,47.72,0.74,46.76
1368108974,세일정기주식회사,2017,성숙기,0,0.0,0.0,24.1,48.08,0.82,48.46
1368108974,세일정기주식회사,2018,성숙기,0,56.96,0.0,92.35,51.09,1.61,46.7
1368108974,세일정기주식회사,2019,성숙기,0,44.21,0.0,100.0,52.97,0.52,49.08
1368108974,세일정기주식회사,2020,성장기,0,100.0,0.8,62.42,52.49,0.79,50.81
1368108974,세일정기주식회사,2021,조정기,0,25.99,24.6,38.9,54.6,0.95,48.95
1368108974,세일정기주식회사,2022,성장기,0,44.25,3.1,54.23,36.54,1.79,47.87
1368108974,세일정기주식회사,2023,쇠퇴기,0,24.44,100.0,55.25,50.26,10.76,54.09
1368108974,세일정기주식회사,2024,성숙기,0,53.17,0.0,58.94,40.91,3.59,46.27
1368109406,효성기연산업(주),2015,성숙기,0,38.29,5.6,0.0,49.87,1.37,50.64
1368109406,효성기연산업(주),2016,쇠퇴기,0,35.48,100.0,19.68,48.74,33.03,68.27
1368110183,(주)새한트라비스엘리베이터,2015,성장기,0,38.29,0.0,0.0,29.86,6.88,50.75
1368110183,(주)새한트라비스엘리베이터,2016,조정기,0,35.48,33.5,19.68,39.71,8.02,51.48
1368110183,(주)새한트라비스엘리베이터,2017,성장기,0,0.0,1.7,24.1,39.29,91.37,96.48
1368110183,(주)새한트라비스엘리베이터,2018,쇠퇴기,0,56.96,100.0,92.35,44.18,80.83,40.53
1368110183,(주)새한트라비스엘리베이터,2019,성숙기,1,44.21,0.0,100.0,59.43,78.43,48.08
1368113458,(주)영기업,2015,쇠퇴기,0,38.29,100.0,0.0,40.4,95.68,54.93
1368113458,(주)영기업,2016,조정기,1,35.48,33.5,19.68,43.76,83.07,43.72
1368115816,(주)대영파워펌프,2015,성장기,0,38.29,0.0,0.0,56.63,0.38,50.15
1368115816,(주)대영파워펌프,2016,성숙기,0,35.48,0.0,19.68,49.17,0.1,50.72
1368115816,(주)대영파워펌프,2017,성숙기,0,0.0,0.0,24.1,50.99,0.26,48.5
1368115816,(주)대영파워펌프,2018,성숙기,0,56.96,0.0,92.35,50.62,0.14,46.18
1368115816,(주)대영파워펌프,2019,성숙기,0,44.21,0.0,100.0,51.86,4.43,52.08
1368115816,(주)대영파워펌프,2020,성숙기,0,100.0,0.0,62.42,62.07,0.09,48.28
1368115816,(주)대영파워펌프,2021,성숙기,0,25.99,0.0,38.9,56.62,25.86,63.39
1368115816,(주)대영파워펌프,2022,성숙기,0,44.25,0.0,54.23,37.24,4.74,34.71
1368115816,(주)대영파워펌프,2023,성숙기,0,24.44,0.0,55.25,50.79,0.17,46.25
1368115816,(주)대영파워펌프,2024,성숙기,0,53.17,0.0,58.94,40.54,0.7,50.56
1368117338,아이엠아이크리티컬엔지니어링코리아주식회사,2015,성숙기,0,38.29,5.6,0.0,45.03,0.96,50.45
1368117338,아이엠아이크리티컬엔지니어링코리아주식회사,2016,성숙기,0,35.48,0.0,19.68,48.09,4.16,52.63
1368117338,아이엠아이크리티컬엔지니어링코리아주식회사,2017,조정기,0,0.0,35.9,24.1,49.53,3.04,47.77
1368117338,아이엠아이크리티컬엔지니어링코리아주식회사,2018,조정기,0,56.96,38.0,92.35,48.93,1.29,45.27
1368117338,아이엠아이크리티컬엔지니어링코리아주식회사,2019,성숙기,0,44.21,0.0,100.0,46.43,1.44,49.77
1368117338,아이엠아이크리티컬엔지니어링코리아주식회사,2020,성숙기,0,100.0,0.0,62.42,59.7,1.43,50.66
1368117338,아이엠아이크리티컬엔지니어링코리아주식회사,2021,성숙기,0,25.99,0.0,38.9,53.43,1.86,49.11
1368117338,아이엠아이크리티컬엔지니어링코리아주식회사,2022,쇠퇴기,0,44.25,100.0,54.23,35.77,8.57,51.28
1368117338,아이엠아이크리티컬엔지니어링코리아주식회사,2023,조정기,0,24.44,24.8,55.25,49.5,1.15,44.64
1368117338,아이엠아이크리티컬엔지니어링코리아주식회사,2024,성숙기,0,53.17,0.0,58.94,39.22,1.4,50.4
1368118623,(주)원봉,2015,도입기,0,38.29,65.4,0.0,45.2,5.24,12.88
1368118623,(주)원봉,2016,성장기,0,35.48,2.2,19.68,51.36,0.84,48.44
1368118623,(주)원봉,2017,성장기,0,0.0,1.7,24.1,54.52,0.98,48.5
1368118623,(주)원봉,2018,성장기,0,56.96,1.0,92.35,52.51,4.57,48.28
1368118623,(주)원봉,2019,성장기,0,44.21,2.1,100.0,55.34,10.32,52.87
1368118623,(주)원봉,2020,성장기,0,100.0,0.8,62.42,60.52,12.41,51.8
1368118623,(주)원봉,2021,성장기,0,25.99,1.9,38.9,53.63,21.08,53.77
1368118623,(주)원봉,2022,성장기,0,44.25,3.1,54.23,35.56,2.67,36.35
1368118623,(주)원봉,2023,성숙기,0,24.44,0.0,55.25,49.28,1.93,48.45
1368118623,(주)원봉,2024,성숙기,0,53.17,0.0,58.94,39.62,1.33,49.93
1368118716,주식회사에스에스피,2015,성숙기,0,38.29,5.6,0.0,72.23,0.15,50.17
1368118716,주식회사에스에스피,2016,성숙기,0,35.48,0.0,19.68,41.24,0.05,50.82
1368118716,주식회사에스에스피,2017,성숙기,0,0.0,0.0,24.1,42.4,0.03,48.4
1368118716,주식회사에스에스피,2018,조정기,0,56.96,38.0,92.35,44.18,0.06,46.26
1368118716,주식회사에스에스피,2019,성숙기,0,44.21,0.0,100.0,47.66,0.06,49.69
1368118716,주식회사에스에스피,2020,성장기,0,100.0,0.8,62.42,60.02,0.05,50.66
1368118716,주식회사에스에스피,2021,성숙기,0,25.99,0.0,38.9,45.0,0.05,48.86
1368118716,주식회사에스에스피,2022,조정기,0,44.25,26.1,54.23,31.12,0.06,47.39
1368118716,주식회사에스에스피,2023,조정기,0,24.44,24.8,55.25,45.51,0.89,49.33
1368118716,주식회사에스에스피,2024,조정기,0,53.17,27.2,58.94,37.58,0.24,49.91
1368119675,선진정공주식회사,2015,성숙기,0,38.29,5.6,0.0,49.37,96.98,52.02
1368119675,선진정공주식회사,2016,조정기,1,35.48,33.5,19.68,33.28,97.56,50.97
1368120416,주식회사신진마스타,2019,성숙기,0,44.21,0.0,100.0,51.55,8.26,49.68
1368120416,주식회사신진마스타,2020,조정기,0,100.0,22.0,62.42,60.99,1.59,46.99
1368120416,주식회사신진마스타,2021,성숙기,0,25.99,0.0,38.9,54.41,0.22,48.09
1368120416,주식회사신진마스타,2022,쇠퇴기,0,44.25,100.0,54.23,37.01,23.45,60.97
1368120416,주식회사신진마스타,2023,조정기,0,24.44,24.8,55.25,50.57,4.77,38.27
1368120416,주식회사신진마스타,2024,성숙기,0,53.17,0.0,58.94,40.46,0.41,47.84
1368120546,서진공조(주),2019,도입기,0,44.21,58.1,100.0,51.55,10.04,49.68
1368120546,서진공조(주),2020,조정기,0,100.0,22.0,62.42,60.99,38.05,66.05
1368120546,서진공조(주),2021,도입기,0,25.99,71.8,38.9,54.41,51.45,56.48
1368120546,서진공조(주),2022,도입기,1,44.25,70.4,54.23,35.16,79.88,63.38
1368121851,거성산업(주),2015,조정기,0,38.29,28.5,0.0,47.7,36.09,70.42
1368121851,거성산업(주),2016,도입기,0,35.48,82.9,19.68,48.91,21.34,42.68
1368121851,거성산업(주),2017,도입기,0,0.0,70.3,24.1,49.61,34.83,56.24
1368121851,거성산업(주),2018,도입기,0,56.96,75.8,92.35,49.83,5.99,30.03
1368121851,거성산업(주),2019,도입기,0,44.21,58.1,100.0,48.38,17.16,55.89
1368121851,거성산업(주),2020,쇠퇴기,0,100.0,100.0,62.42,61.56,52.21,69.91
1368121851,거성산업(주),2021,도입기,0,25.99,71.8,38.9,54.12,79.01,64.06
1368121851,거성산업(주),2022,성숙기,0,44.25,0.0,54.23,42.47,1.22,0.91
1368121851,거성산업(주),2023,쇠퇴기,0,24.44,100.0,55.25,55.23,56.92,81.26
1368121851,거성산업(주),2024,도입기,0,53.17,92.8,58.94,45.22,13.5,26.1
1368122113,전일기계공업(주),2015,성숙기,0,38.29,5.6,0.0,47.62,17.68,49.29
1368122113,전일기계공업(주),2016,성숙기,0,35.48,0.0,19.68,49.05,19.37,51.76
1368124237,브이에프코리아,2022,성숙기,0,44.25,0.0,54.23,36.93,0.01,47.42
1368124237,브이에프코리아,2023,조정기,0,24.44,24.8,55.25,47.83,34.1,68.68
1368125707,일흥자동기계(주),2015,성장기,0,38.29,0.0,0.0,49.87,5.04,50.22
1368125707,일흥자동기계(주),2016,성장기,0,35.48,2.2,19.68,46.84,0.07,48.13
1368125707,일흥자동기계(주),2017,성장기,0,0.0,1.7,24.1,48.92,0.7,48.77
1368125707,일흥자동기계(주),2018,성장기,0,56.96,1.0,92.35,45.08,0.99,46.42
1368125707,일흥자동기계(주),2019,성장기,0,44.21,2.1,100.0,49.3,0.1,49.2
1368125707,일흥자동기계(주),2020,성숙기,0,100.0,0.0,62.42,59.76,0.15,50.69
1368125707,일흥자동기계(주),2021,성장기,0,25.99,1.9,38.9,55.19,2.28,50.06
1368125707,일흥자동기계(주),2022,조정기,0,44.25,26.1,54.23,38.22,0.3,46.2
1368125707,일흥자동기계(주),2023,조정기,0,24.44,24.8,55.25,51.46,28.29,65.13
1368125707,일흥자동기계(주),2024,조정기,0,53.17,27.2,58.94,41.9,28.4,50.22
1368128795,주식회사명성씨엠아이,2019,성숙기,0,44.21,0.0,100.0,51.55,3.64,49.68
1368128795,주식회사명성씨엠아이,2020,성숙기,0,100.0,0.0,62.42,60.99,0.8,49.1
1368128795,주식회사명성씨엠아이,2021,성숙기,0,25.99,0.0,38.9,54.41,0.07,48.45
1368128795,주식회사명성씨엠아이,2022,성숙기,0,44.25,0.0,54.23,28.47,0.14,47.42
1368128795,주식회사명성씨엠아이,2023,성숙기,0,24.44,0.0,55.25,43.59,4.64,51.46
1368128795,주식회사명성씨엠아이,2024,성숙기,0,53.17,0.0,58.94,32.9,35.63,67.35
1368132120,(주)에스제이씨,2015,성숙기,0,38.29,5.6,0.0,49.6,37.54,53.94
1368132120,(주)에스제이씨,2016,조정기,0,35.48,33.5,19.68,41.85,95.48,82.63
1368132120,(주)에스제이씨,2017,조정기,0,0.0,35.9,24.1,43.38,64.78,30.93
1368132120,(주)에스제이씨,2018,조정기,0,56.96,38.0,92.35,45.43,41.14,33.05
1368132120,(주)에스제이씨,2019,성숙기,0,44.21,0.0,100.0,49.2,14.23,34.58
1368132120,(주)에스제이씨,2020,성숙기,0,100.0,0.0,62.42,62.16,11.42,49.11
1368132120,(주)에스제이씨,2021,조정기,0,25.99,24.6,38.9,54.18,3.12,44.2
1368132120,(주)에스제이씨,2022,조정기,0,44.25,26.1,54.23,40.47,1.14,46.18
1368132120,(주)에스제이씨,2023,조정기,0,24.44,24.8,55.25,53.33,1.25,48.93
1368132120,(주)에스제이씨,2024,성숙기,0,53.17,0.0,58.94,43.17,0.48,49.84
1368132154,동일정밀공업(주),2017,성숙기,0,0.0,0.0,24.1,48.92,27.76,48.42
1368132154,동일정밀공업(주),2018,도입기,0,56.96,75.8,92.35,49.91,76.98,74.16
1368132154,동일정밀공업(주),2019,도입기,1,44.21,58.1,100.0,51.55,70.02,45.56
1368600244,(주)대코,2016,성장기,0,35.48,2.2,19.68,46.84,8.02,51.01
1368600244,(주)대코,2017,조정기,0,0.0,35.9,24.1,48.92,32.05,62.28
1368600244,(주)대코,2018,성장기,0,56.96,1.0,92.35,49.91,4.88,30.97
1368600244,(주)대코,2019,조정기,0,44.21,25.7,100.0,54.13,7.75,51.27
1368600244,(주)대코,2020,도입기,0,100.0,68.6,62.42,59.45,82.05,91.49
1368600244,(주)대코,2021,도입기,0,25.99,71.8,38.9,53.99,89.68,53.3
1368600244,(주)대코,2022,도입기,0,44.25,70.4,54.23,32.95,45.75,20.59
1368600244,(주)대코,2023,도입기,0,24.44,81.1,55.25,47.48,86.0,72.82
1368600244,(주)대코,2024,도입기,0,53.17,92.8,58.94,36.54,94.05,54.39
1378101391,(주)원일식품,2015,성숙기,0,38.29,5.6,0.0,46.74,0.28,50.19
1378101391,(주)원일식품,2016,성숙기,0,35.48,0.0,19.68,44.95,0.0,50.72
1378101391,(주)원일식품,2017,성숙기,0,0.0,0.0,24.1,47.54,0.39,48.63
1378101391,(주)원일식품,2018,성숙기,0,56.96,0.0,92.35,47.12,0.17,46.13
1378101391,(주)원일식품,2019,성숙기,0,44.21,0.0,100.0,50.17,0.17,49.69
1378101391,(주)원일식품,2020,성숙기,0,100.0,0.0,62.42,61.02,0.15,50.65
1378101391,(주)원일식품,2021,성숙기,0,25.99,0.0,38.9,54.12,0.02,48.79
1378101391,(주)원일식품,2022,성숙기,0,44.25,0.0,54.23,36.13,0.31,47.55
1378101391,(주)원일식품,2023,성숙기,0,24.44,0.0,55.25,49.81,0.13,48.74
1378101391,(주)원일식품,2024,성장기,0,53.17,16.0,58.94,40.06,0.24,50.33
1378102051,한미반도체(주),2015,성숙기,0,38.29,5.6,0.0,52.22,2.31,51.15
1378102051,한미반도체(주),2016,성숙기,0,35.48,0.0,19.68,37.41,0.41,49.82
1378102051,한미반도체(주),2017,조정기,0,0.0,35.9,24.1,43.03,0.82,48.65
1378102051,한미반도체(주),2018,성숙기,0,56.96,0.0,92.35,46.21,0.42,46.03
1378102051,한미반도체(주),2019,조정기,0,44.21,25.7,100.0,48.83,1.36,50.21
1378102051,한미반도체(주),2020,조정기,0,100.0,22.0,62.42,66.77,0.19,50.03
1378102051,한미반도체(주),2021,조정기,0,25.99,24.6,38.9,43.7,0.18,48.86
1378102051,한미반도체(주),2022,성숙기,0,44.25,0.0,54.23,33.72,0.27,47.43
1378102051,한미반도체(주),2023,성숙기,0,24.44,0.0,55.25,47.56,2.15,49.95
1378102051,한미반도체(주),2024,조정기,0,53.17,27.2,58.94,39.42,0.44,49.31
1378107056,유네코(주),2015,성장기,0,38.29,0.0,0.0,44.49,74.4,81.56
1378107056,유네코(주),2016,성장기,0,35.48,2.2,19.68,39.42,50.06,37.32
1378107056,유네코(주),2022,성장기,1,44.25,3.1,54.23,18.82,80.41,47.42
1378108604,신세기산업(주),2015,성장기,0,38.29,0.0,0.0,32.72,9.28,51.88
1378108604,신세기산업(주),2016,성장기,0,35.48,2.2,19.68,42.89,44.78,70.36
1378108604,신세기산업(주),2017,쇠퇴기,0,0.0,100.0,24.1,43.35,77.03,67.1
1378108604,신세기산업(주),2018,쇠퇴기,0,56.96,100.0,92.35,46.04,20.35,14.4
1378108604,신세기산업(주),2019,성장기,0,44.21,2.1,100.0,50.21,15.69,47.03
1378108604,신세기산업(주),2020,도입기,0,100.0,68.6,62.42,59.27,82.43,87.33
1378108604,신세기산업(주),2021,성숙기,0,25.99,0.0,38.9,55.97,15.65,11.35
1378108604,신세기산업(주),2022,성장기,0,44.25,3.1,54.23,40.46,15.1,46.86
1378108604,신세기산업(주),2023,조정기,0,24.44,24.8,55.25,53.53,32.28,59.03
1378108604,신세기산업(주),2024,성숙기,0,53.17,0.0,58.94,43.24,7.5,36.47
1378113956,태창기계공업주식회사,2015,조정기,0,38.29,28.5,0.0,51.0,25.64,63.01
1378113956,태창기계공업주식회사,2016,쇠퇴기,0,35.48,100.0,19.68,67.07,71.11,75.8
1378113956,태창기계공업주식회사,2017,조정기,0,0.0,35.9,24.1,68.11,13.57,15.4
1378113956,태창기계공업주식회사,2018,쇠퇴기,0,56.96,100.0,92.35,65.73,68.83,77.54
1378113956,태창기계공업주식회사,2019,성숙기,0,44.21,0.0,100.0,61.77,49.9,38.92
1378113956,태창기계공업주식회사,2020,쇠퇴기,1,100.0,100.0,62.42,71.32,76.74,65.36
1378114294,(주)세양정공,2015,쇠퇴기,0,38.29,100.0,0.0,52.57,98.56,54.71
1378114294,(주)세양정공,2016,조정기,1,35.48,33.5,19.68,46.31,83.82,42.54
1378114708,신한열기(주),2015,성장기,0,38.29,0.0,0.0,49.87,0.73,50.05
1378114708,신한열기(주),2016,쇠퇴기,0,35.48,100.0,19.68,44.48,5.27,53.37
1378114708,신한열기(주),2017,성숙기,0,0.0,0.0,24.1,47.31,33.61,64.76
1378114708,신한열기(주),2018,쇠퇴기,0,56.96,100.0,92.35,48.8,6.7,31.12
1378114708,신한열기(주),2019,조정기,0,44.21,25.7,100.0,51.54,0.6,46.28
1378114708,신한열기(주),2020,조정기,0,100.0,22.0,62.42,60.43,7.31,54.35
1378114708,신한열기(주),2021,조정기,0,25.99,24.6,38.9,46.33,0.19,44.86
1378114708,신한열기(주),2022,쇠퇴기,0,44.25,100.0,54.23,27.61,5.96,50.75
1378114708,신한열기(주),2023,성숙기,0,24.44,0.0,55.25,42.65,25.75,60.43
1378114708,신한열기(주),2024,성숙기,0,53.17,0.0,58.94,34.1,3.16,37.71
1378115177,주식회사하도,2015,쇠퇴기,0,38.29,100.0,0.0,40.22,41.07,59.71
1378115177,주식회사하도,2016,성숙기,0,35.48,0.0,19.68,52.6,52.66,57.15
1378115177,주식회사하도,2017,조정기,0,0.0,35.9,24.1,52.5,58.6,51.96
1378115177,주식회사하도,2018,성숙기,1,56.96,0.0,92.35,54.04,55.31,44.54
1378115954,(주)두진,2015,쇠퇴기,0,38.29,100.0,0.0,50.95,14.98,19.75
1378115954,(주)두진,2016,쇠퇴기,0,35.48,100.0,19.68,48.95,6.77,46.33
1378115954,(주)두진,2017,도입기,0,0.0,70.3,24.1,51.51,36.87,65.78
1378115954,(주)두진,2018,성숙기,0,56.96,0.0,92.35,52.53,45.58,51.27
1378115954,(주)두진,2019,도입기,0,44.21,58.1,100.0,52.17,77.75,67.44
1378115954,(주)두진,2020,조정기,0,100.0,22.0,62.42,62.33,84.14,54.1
1378115954,(주)두진,2021,쇠퇴기,1,25.99,100.0,38.9,56.73,88.95,51.71
1378122760,한비기계주식회사,2015,조정기,0,38.29,28.5,0.0,48.46,0.28,50.1
1378122760,한비기계주식회사,2016,성숙기,0,35.48,0.0,19.68,70.56,1.85,51.74
1378122760,한비기계주식회사,2017,성숙기,0,0.0,0.0,24.1,67.58,0.48,47.62
1378122760,한비기계주식회사,2018,성숙기,0,56.96,0.0,92.35,64.22,0.25,46.12
1378122760,한비기계주식회사,2019,조정기,0,44.21,25.7,100.0,57.78,0.24,49.69
1378122760,한비기계주식회사,2020,조정기,0,100.0,22.0,62.42,63.64,0.27,50.68
1378122760,한비기계주식회사,2021,쇠퇴기,0,25.99,100.0,38.9,57.34,5.84,52.0
1378122760,한비기계주식회사,2022,성숙기,0,44.25,0.0,54.23,41.31,1.11,44.54
1378123866,원창진공(주),2017,성장기,0,0.0,1.7,24.1,48.92,5.54,48.42
1378123866,원창진공(주),2018,성장기,0,56.96,1.0,92.35,49.91,4.59,45.73
1378123866,원창진공(주),2019,성장기,0,44.21,2.1,100.0,51.55,6.04,50.48
1378123866,원창진공(주),2020,조정기,0,100.0,22.0,62.42,59.71,3.89,49.48
1378123866,원창진공(주),2021,성숙기,0,25.99,0.0,38.9,53.51,1.01,47.25
1378123866,원창진공(주),2022,성숙기,0,44.25,0.0,54.23,39.62,1.23,47.5
1378123866,원창진공(주),2023,성숙기,0,24.44,0.0,55.25,52.81,1.54,49.04
1378123866,원창진공(주),2024,성숙기,0,53.17,0.0,58.94,42.61,0.78,49.84
1378126510,(주)기펠코리아,2021,성숙기,0,25.99,0.0,38.9,54.41,8.9,48.84
1378126510,(주)기펠코리아,2022,쇠퇴기,0,44.25,100.0,54.23,36.93,59.09,76.63
1378126510,(주)기펠코리아,2023,조정기,0,24.44,24.8,55.25,50.57,18.58,26.02
1378126510,(주)기펠코리아,2024,성숙기,0,53.17,0.0,58.94,41.65,0.42,40.18
1378127372,(주)삼신기계,2015,성장기,0,38.29,0.0,0.0,51.73,2.65,23.19
1378127372,(주)삼신기계,2016,성장기,0,35.48,2.2,19.68,49.28,30.75,66.31
1378127372,(주)삼신기계,2017,성장기,0,0.0,1.7,24.1,49.64,56.76,63.47
1378127372,(주)삼신기계,2018,조정기,0,56.96,38.0,92.35,49.55,83.53,61.54
1378127445,주식회사동인써모,2022,성장기,0,44.25,3.1,54.23,36.93,3.93,47.42
1378127445,주식회사동인써모,2023,성숙기,0,24.44,0.0,55.25,50.57,1.53,47.5
1378127445,주식회사동인써모,2024,쇠퇴기,0,53.17,100.0,58.94,40.55,73.32,89.87
1378127519,(주)에스틸,2015,성장기,0,38.29,0.0,0.0,45.43,98.23,93.02
1378127519,(주)에스틸,2016,성장기,0,35.48,2.2,19.68,39.22,98.09,50.57
1378127519,(주)에스틸,2017,쇠퇴기,1,0.0,100.0,24.1,40.38,96.76,47.87
1378130289,태진정밀(주),2015,조정기,1,38.29,28.5,0.0,49.87,89.33,60.59
1378130334,(주)신흥밸브,2015,성장기,0,38.29,0.0,0.0,49.87,4.33,50.22
1378130334,(주)신흥밸브,2016,성장기,0,35.48,2.2,19.68,46.84,0.02,48.5
1378130334,(주)신흥밸브,2017,성장기,0,0.0,1.7,24.1,48.92,0.0,48.4
1378130334,(주)신흥밸브,2018,성숙기,0,56.96,0.0,92.35,40.66,0.06,46.28
1378130334,(주)신흥밸브,2019,성숙기,0,44.21,0.0,100.0,53.98,0.58,49.98
1378130334,(주)신흥밸브,2020,성숙기,0,100.0,0.0,62.42,63.87,0.35,50.54
1378130334,(주)신흥밸브,2021,성숙기,0,25.99,0.0,38.9,58.51,28.83,64.92
1378130334,(주)신흥밸브,2022,조정기,0,44.25,26.1,54.23,37.94,1.02,30.76
1378130334,(주)신흥밸브,2023,조정기,0,24.44,24.8,55.25,51.5,0.48,48.54
1378130334,(주)신흥밸브,2024,성숙기,0,53.17,0.0,58.94,41.27,0.58,50.32
1378133025,중앙엔지니어링(주),2022,조정기,0,44.25,26.1,54.23,36.93,3.53,47.42
1378133025,중앙엔지니어링(주),2023,성숙기,0,24.44,0.0,55.25,50.57,4.7,49.58
1378133025,중앙엔지니어링(주),2024,성숙기,0,53.17,0.0,58.94,40.55,0.19,47.76
1378133476,가현엔프라(주),2015,조정기,0,38.29,28.5,0.0,49.87,4.15,50.22
1378133476,가현엔프라(주),2016,성장기,0,35.48,2.2,19.68,46.84,0.27,48.74
1378133476,가현엔프라(주),2017,성숙기,0,0.0,0.0,24.1,48.92,1.5,49.12
1378133476,가현엔프라(주),2018,조정기,0,56.96,38.0,92.35,46.04,0.11,45.47
1378133476,가현엔프라(주),2019,성숙기,0,44.21,0.0,100.0,49.86,0.03,49.65
1378133476,가현엔프라(주),2020,조정기,0,100.0,22.0,62.42,61.66,0.16,50.74
1378133476,가현엔프라(주),2021,성숙기,0,25.99,0.0,38.9,56.17,0.19,48.88
1378133476,가현엔프라(주),2022,조정기,0,44.25,26.1,54.23,37.76,0.28,47.43
1378133476,가현엔프라(주),2023,성숙기,0,24.44,0.0,55.25,51.19,0.17,48.79
1378133476,가현엔프라(주),2024,성숙기,0,53.17,0.0,58.94,41.13,0.22,50.29
1378133520,주식회사메인텍,2015,성숙기,0,38.29,5.6,0.0,67.79,0.13,50.17
1378133520,주식회사메인텍,2016,조정기,0,35.48,33.5,19.68,50.2,24.88,64.48
1378133520,주식회사메인텍,2017,성숙기,0,0.0,0.0,24.1,48.37,0.36,34.33
1378133520,주식회사메인텍,2018,도입기,0,56.96,75.8,92.35,50.96,68.15,84.59
1378133520,주식회사메인텍,2019,성숙기,0,44.21,0.0,100.0,45.03,0.7,11.91
1378133520,주식회사메인텍,2020,도입기,0,100.0,68.6,62.42,58.62,77.14,92.68
1378133520,주식회사메인텍,2021,성숙기,0,25.99,0.0,38.9,57.24,4.29,7.91
1378133520,주식회사메인텍,2022,성숙기,0,44.25,0.0,54.23,46.62,0.05,44.85
1378133520,주식회사메인텍,2023,성숙기,0,24.44,0.0,55.25,58.4,0.08,48.87
1378133520,주식회사메인텍,2024,성숙기,0,53.17,0.0,58.94,46.94,0.53,50.51
1378134039,(주)두크,2015,성장기,0,38.29,0.0,0.0,49.25,6.66,53.18
1378134039,(주)두크,2016,성장기,0,35.48,2.2,19.68,46.74,5.25,50.08
1378134039,(주)두크,2017,성숙기,0,0.0,0.0,24.1,50.29,3.36,47.33
1378134039,(주)두크,2018,성장기,0,56.96,1.0,92.35,50.5,27.64,59.99
1378134039,(주)두크,2019,조정기,0,44.21,25.7,100.0,53.18,5.51,37.28
1378134039,(주)두크,2020,성숙기,0,100.0,0.0,62.42,61.92,24.56,61.13
1378134039,(주)두크,2021,조정기,0,25.99,24.6,38.9,56.58,4.56,37.63
1378134039,(주)두크,2022,성숙기,0,44.25,0.0,54.23,39.4,43.03,69.83
1378134039,(주)두크,2023,성숙기,0,24.44,0.0,55.25,52.44,0.31,24.53
1378134039,(주)두크,2024,성숙기,0,53.17,0.0,58.94,41.77,4.72,52.7
1378135737,주식회사엔피엠,2021,도입기,0,25.99,71.8,38.9,54.41,14.87,48.84
1378135737,주식회사엔피엠,2022,쇠퇴기,0,44.25,100.0,54.23,36.93,96.38,94.89
1378135737,주식회사엔피엠,2023,쇠퇴기,0,24.44,100.0,55.25,50.57,96.06,49.85
1378135737,주식회사엔피엠,2024,쇠퇴기,1,53.17,100.0,58.94,41.26,96.5,50.16
1378137225,로토크와이티씨주식회사,2015,성숙기,0,38.29,5.6,0.0,52.34,1.16,50.22
1378137225,로토크와이티씨주식회사,2016,성숙기,0,35.48,0.0,19.68,45.91,0.46,50.48
1378137225,로토크와이티씨주식회사,2017,성숙기,0,0.0,0.0,24.1,47.67,0.07,48.19
1378137225,로토크와이티씨주식회사,2018,성숙기,0,56.96,0.0,92.35,49.98,0.24,46.35
1378137225,로토크와이티씨주식회사,2019,성숙기,0,44.21,0.0,100.0,51.61,0.22,49.68
1378137225,로토크와이티씨주식회사,2020,성숙기,0,100.0,0.0,62.42,60.07,1.99,51.64
1378137225,로토크와이티씨주식회사,2021,성숙기,0,25.99,0.0,38.9,53.41,0.09,47.8
1378137225,로토크와이티씨주식회사,2022,성숙기,0,44.25,0.0,54.23,37.14,2.11,48.56
1378137225,로토크와이티씨주식회사,2023,성숙기,0,24.44,0.0,55.25,50.7,2.03,48.83
1378137225,로토크와이티씨주식회사,2024,성숙기,0,53.17,0.0,58.94,40.83,2.39,50.46
1378138224,주식회사일신,2015,조정기,0,38.29,28.5,0.0,49.87,21.26,54.45
1378138224,주식회사일신,2016,조정기,0,35.48,33.5,19.68,39.97,30.35,55.82
1378138224,주식회사일신,2017,조정기,0,0.0,35.9,24.1,43.3,47.36,58.28
1378139145,(주)썬필코리아,2016,성장기,0,35.48,2.2,19.68,46.84,8.68,51.01
1378139145,(주)썬필코리아,2017,성숙기,0,0.0,0.0,24.1,48.92,15.08,52.12
1378139145,(주)썬필코리아,2018,쇠퇴기,0,56.96,100.0,92.35,49.91,15.23,46.38
1378139145,(주)썬필코리아,2019,성숙기,0,44.21,0.0,100.0,53.12,6.19,44.6
1378139145,(주)썬필코리아,2020,성장기,0,100.0,0.8,62.42,62.05,2.13,48.43
1378139145,(주)썬필코리아,2021,성숙기,0,25.99,0.0,38.9,53.96,0.57,47.99
1378139145,(주)썬필코리아,2022,성숙기,0,44.25,0.0,54.23,38.77,4.03,49.4
1378139145,(주)썬필코리아,2023,성숙기,0,24.44,0.0,55.25,51.67,2.57,48.05
1378139145,(주)썬필코리아,2024,성숙기,0,53.17,0.0,58.94,41.86,3.05,50.52
1378141277,(주)세아그린텍,2015,성숙기,0,38.29,5.6,0.0,49.87,3.32,46.94
1378141277,(주)세아그린텍,2016,쇠퇴기,0,35.48,100.0,19.68,45.68,67.2,85.98
1378141277,(주)세아그린텍,2017,성숙기,0,0.0,0.0,24.1,47.03,1.03,10.42
1378141277,(주)세아그린텍,2018,성숙기,0,56.96,0.0,92.35,56.22,7.76,50.06
1378141277,(주)세아그린텍,2019,성숙기,0,44.21,0.0,100.0,59.22,78.41,88.99
1378141277,(주)세아그린텍,2020,도입기,0,100.0,68.6,62.42,69.02,14.06,15.22
1378141277,(주)세아그린텍,2021,성숙기,0,25.99,0.0,38.9,55.56,1.87,42.01
1378141277,(주)세아그린텍,2022,성숙기,0,44.25,0.0,54.23,35.29,0.63,46.63
1378141277,(주)세아그린텍,2023,성숙기,0,24.44,0.0,55.25,50.05,30.6,66.28
1378141277,(주)세아그린텍,2024,성장기,0,53.17,16.0,58.94,42.28,0.96,33.8
1378142669,(주)선우엔지니어링,2015,성장기,0,38.29,0.0,0.0,49.87,11.69,52.33
1378142669,(주)선우엔지니어링,2016,성장기,0,35.48,2.2,19.68,46.84,11.82,50.92
1378142669,(주)선우엔지니어링,2017,성장기,0,0.0,1.7,24.1,49.31,14.32,49.88
1378142669,(주)선우엔지니어링,2018,성장기,0,56.96,1.0,92.35,49.04,14.73,46.52
1378142669,(주)선우엔지니어링,2019,성장기,0,44.21,2.1,100.0,42.04,14.96,49.77
1378142669,(주)선우엔지니어링,2020,도입기,0,100.0,68.6,62.42,60.53,84.13,88.66
1378142669,(주)선우엔지니어링,2021,성장기,0,25.99,1.9,38.9,56.53,48.14,28.7
1378142669,(주)선우엔지니어링,2022,쇠퇴기,1,44.25,100.0,54.23,42.15,83.51,67.49
1378144615,(주)거화,2020,성장기,0,100.0,0.8,62.42,60.99,4.24,50.67
1378144615,(주)거화,2021,성장기,0,25.99,1.9,38.9,54.41,2.21,47.72
1378144615,(주)거화,2022,성장기,0,44.25,3.1,54.23,36.93,4.77,48.85
1378144615,(주)거화,2023,성장기,0,24.44,13.2,55.25,57.41,5.4,49.27
1378144615,(주)거화,2024,성장기,0,53.17,16.0,58.94,47.36,12.21,54.0
1378147140,(주)나우이엘,2020,성숙기,0,100.0,0.0,62.42,60.99,3.27,50.67
1378147140,(주)나우이엘,2021,성숙기,0,25.99,0.0,38.9,54.41,0.15,47.11
1378147140,(주)나우이엘,2022,성숙기,0,44.25,0.0,54.23,36.93,0.4,47.53
1378147140,(주)나우이엘,2023,성숙기,0,24.44,0.0,55.25,50.6,0.49,48.91
1378147140,(주)나우이엘,2024,조정기,0,53.17,27.2,58.94,40.54,0.39,50.21
1378149584,(주)엘티,2015,쇠퇴기,0,38.29,100.0,0.0,45.25,69.74,46.9
1378149696,(주)대일유공압,2016,성장기,0,35.48,2.2,19.68,46.84,10.51,51.01
1378149696,(주)대일유공압,2017,도입기,0,0.0,70.3,24.1,48.92,90.83,94.73
1378149696,(주)대일유공압,2018,성숙기,0,56.96,0.0,92.35,49.91,90.61,46.37
1378149696,(주)대일유공압,2019,성숙기,1,44.21,0.0,100.0,51.36,72.49,39.3
1378149911,(주)리팩,2015,성숙기,0,38.29,5.6,0.0,46.12,0.3,50.09
1378149911,(주)리팩,2016,성숙기,0,35.48,0.0,19.68,52.11,0.13,50.78
1378149911,(주)리팩,2017,성숙기,0,0.0,0.0,24.1,54.19,5.24,51.36
1378149911,(주)리팩,2018,성숙기,0,56.96,0.0,92.35,52.69,24.66,57.24
1378149911,(주)리팩,2019,성숙기,0,44.21,0.0,100.0,51.85,0.1,35.94
1378149911,(주)리팩,2020,성숙기,0,100.0,0.0,62.42,60.75,0.05,50.63
1378149911,(주)리팩,2021,성숙기,0,25.99,0.0,38.9,53.72,0.31,49.01
1378149911,(주)리팩,2022,조정기,0,44.25,26.1,54.23,35.19,6.54,51.02
1378149911,(주)리팩,2023,성숙기,0,24.44,0.0,55.25,48.96,0.39,45.35
1378149911,(주)리팩,2024,성숙기,0,53.17,0.0,58.94,39.42,0.42,50.28
1378155219,동아화이어테크(주),2015,도입기,0,38.29,65.4,0.0,49.87,6.19,50.22
1378155219,동아화이어테크(주),2016,성장기,0,35.48,2.2,19.68,46.84,23.7,60.49
1378155219,동아화이어테크(주),2017,도입기,0,0.0,70.3,24.1,48.92,88.25,85.67
1378155219,동아화이어테크(주),2018,성장기,0,56.96,1.0,92.35,51.68,13.09,3.98
1378155219,동아화이어테크(주),2019,조정기,0,44.21,25.7,100.0,52.65,98.41,97.14
1378156412,(주)화성테크윈,2019,성숙기,0,44.21,0.0,100.0,51.55,5.25,49.68
1378156412,(주)화성테크윈,2020,성숙기,0,100.0,0.0,62.42,50.47,68.4,85.37
1378156412,(주)화성테크윈,2021,성장기,0,25.99,1.9,38.9,55.6,5.58,13.55
1378156412,(주)화성테크윈,2022,도입기,0,44.25,70.4,54.23,37.59,93.41,98.7
1378160842,(주)디에스피,2016,쇠퇴기,0,35.48,100.0,19.68,46.84,23.38,51.01
1378160842,(주)디에스피,2017,성숙기,0,0.0,0.0,24.1,48.92,5.86,38.36
1378160842,(주)디에스피,2018,도입기,0,56.96,75.8,92.35,49.91,24.97,57.08
1378160842,(주)디에스피,2019,성장기,0,44.21,2.1,100.0,67.21,56.45,67.13
1378160842,(주)디에스피,2020,조정기,0,100.0,22.0,62.42,65.22,42.34,42.85
1378160842,(주)디에스피,2021,성장기,0,25.99,1.9,38.9,53.64,6.34,28.63
1378160842,(주)디에스피,2022,성숙기,0,44.25,0.0,54.23,33.66,9.21,48.98
1378160842,(주)디에스피,2023,성숙기,0,24.44,0.0,55.25,47.71,8.35,48.46
1378160842,(주)디에스피,2024,성숙기,0,53.17,0.0,58.94,38.43,7.91,49.99
1378160992,주식회사엠코리아,2015,성숙기,0,38.29,5.6,0.0,42.09,99.35,94.15
1378160992,주식회사엠코리아,2016,도입기,0,35.48,82.9,19.68,40.42,99.9,50.94
1378161079,(주)케이에스엠컴포넌트,2015,성숙기,0,38.29,5.6,0.0,54.46,1.08,50.58
1378161079,(주)케이에스엠컴포넌트,2016,성장기,0,35.48,2.2,19.68,50.81,3.12,51.99
1378161079,(주)케이에스엠컴포넌트,2017,조정기,0,0.0,35.9,24.1,53.28,5.32,49.68
1378161079,(주)케이에스엠컴포넌트,2018,성장기,0,56.96,1.0,92.35,56.26,9.56,48.66
1378161079,(주)케이에스엠컴포넌트,2019,도입기,0,44.21,58.1,100.0,55.44,5.73,47.53
1378161079,(주)케이에스엠컴포넌트,2020,도입기,0,100.0,68.6,62.42,63.4,9.57,52.77
1378161079,(주)케이에스엠컴포넌트,2021,도입기,0,25.99,71.8,38.9,54.58,2.0,44.61
1378161079,(주)케이에스엠컴포넌트,2022,성장기,0,44.25,3.1,54.23,35.38,2.77,47.81
1378161079,(주)케이에스엠컴포넌트,2023,성장기,0,24.44,13.2,55.25,49.23,0.68,47.67
1378161079,(주)케이에스엠컴포넌트,2024,성장기,0,53.17,16.0,58.94,39.79,0.5,50.16
1378161860,(주)이큐셀,2024,쇠퇴기,0,53.17,100.0,58.94,18.14,7.68,50.27
1378163058,삼영쎌레트라(주),2015,성장기,0,38.29,0.0,0.0,65.38,70.97,86.43
1378163058,삼영쎌레트라(주),2016,성숙기,0,35.48,0.0,19.68,14.51,15.09,19.99
1378163058,삼영쎌레트라(주),2017,성숙기,0,0.0,0.0,24.1,28.44,73.91,82.35
1378163058,삼영쎌레트라(주),2018,성숙기,0,56.96,0.0,92.35,24.75,90.73,55.96
1378163058,삼영쎌레트라(주),2019,쇠퇴기,1,44.21,100.0,100.0,54.59,55.12,29.56
1378165226,(주)브이에프케이헤드,2021,성숙기,0,25.99,0.0,38.9,54.41,72.5,48.84
1378165226,(주)브이에프케이헤드,2022,성숙기,0,44.25,0.0,54.23,33.57,0.94,4.64
1378165226,(주)브이에프케이헤드,2023,성숙기,0,24.44,0.0,55.25,41.25,3.59,50.4
1378165226,(주)브이에프케이헤드,2024,쇠퇴기,0,53.17,100.0,58.94,37.68,27.06,63.2
1378169616,크린에어테크주식회사,2019,성장기,0,44.21,2.1,100.0,51.55,3.64,49.68
1378169616,크린에어테크주식회사,2020,성숙기,0,100.0,0.0,62.42,60.99,0.22,48.78
1378169616,크린에어테크주식회사,2021,조정기,0,25.99,24.6,38.9,54.41,0.01,48.75
1378169616,크린에어테크주식회사,2022,조정기,0,44.25,26.1,54.23,36.65,5.25,50.45
1378169616,크린에어테크주식회사,2023,조정기,0,24.44,24.8,55.25,50.31,1.57,46.77
1378169616,크린에어테크주식회사,2024,조정기,0,53.17,27.2,58.94,40.37,1.49,50.22
1378171617,주식회사이에스이,2015,조정기,0,38.29,28.5,0.0,40.9,9.91,50.15
1378171617,주식회사이에스이,2019,성숙기,0,44.21,0.0,100.0,51.66,3.93,49.68
1378171617,주식회사이에스이,2020,성장기,0,100.0,0.8,62.42,55.61,0.39,48.72
1378171617,주식회사이에스이,2021,성숙기,0,25.99,0.0,38.9,44.43,0.07,48.68
1378171617,주식회사이에스이,2022,조정기,0,44.25,26.1,54.23,29.54,9.64,52.98
1378171617,주식회사이에스이,2023,조정기,0,24.44,24.8,55.25,43.83,71.52,84.96
1378171617,주식회사이에스이,2024,조정기,0,53.17,27.2,58.94,35.74,68.86,48.53
1378173497,(주)유진기업,2015,성장기,0,38.29,0.0,0.0,49.87,16.21,50.22
1378173497,(주)유진기업,2016,성숙기,0,35.48,0.0,19.68,46.84,22.87,54.5
1378173497,(주)유진기업,2017,성숙기,0,0.0,0.0,24.1,48.92,11.67,42.01
1378173497,(주)유진기업,2018,성숙기,0,56.96,0.0,92.35,48.95,73.14,81.05
1378173497,(주)유진기업,2019,조정기,0,44.21,25.7,100.0,53.65,21.39,20.64
1378173497,(주)유진기업,2020,도입기,0,100.0,68.6,62.42,60.7,63.25,73.65
1378173497,(주)유진기업,2021,성장기,0,25.99,1.9,38.9,52.86,67.96,51.62
1378173497,(주)유진기업,2022,도입기,1,44.25,70.4,54.23,37.6,89.65,59.24
1378178454,삼성정공(주),2015,성숙기,0,38.29,5.6,0.0,55.01,19.91,23.43
1378178454,삼성정공(주),2016,성숙기,0,35.48,0.0,19.68,60.34,9.14,44.91
1378178454,삼성정공(주),2017,성숙기,0,0.0,0.0,24.1,60.56,14.82,51.71
1378178454,삼성정공(주),2018,조정기,0,56.96,38.0,92.35,58.44,37.08,58.87
1378178454,삼성정공(주),2019,성장기,0,44.21,2.1,100.0,56.43,83.77,75.55
1378178454,삼성정공(주),2020,성장기,1,100.0,0.8,62.42,64.13,48.39,31.13
1378179579,지에스엠메탈(주),2018,성장기,0,56.96,1.0,92.35,49.91,5.36,46.26
1378179579,지에스엠메탈(주),2019,성장기,0,44.21,2.1,100.0,51.55,10.99,52.8
1378179579,지에스엠메탈(주),2020,성장기,0,100.0,0.8,62.42,60.99,13.43,52.0
1378179579,지에스엠메탈(주),2021,성장기,0,25.99,1.9,38.9,54.07,13.6,48.98
1378179579,지에스엠메탈(주),2022,성숙기,0,44.25,0.0,54.23,45.56,1.84,40.33
1378179579,지에스엠메탈(주),2023,성숙기,0,24.44,0.0,55.25,61.58,1.61,48.73
1378179579,지에스엠메탈(주),2024,성숙기,0,53.17,0.0,58.94,49.73,0.14,49.45
1378182792,주식회사월드캐스트,2018,성장기,0,56.96,1.0,92.35,49.91,29.98,46.26
1378182792,주식회사월드캐스트,2019,성숙기,0,44.21,0.0,100.0,51.55,37.02,53.51
1378182792,주식회사월드캐스트,2020,성숙기,0,100.0,0.0,62.42,60.99,37.54,50.91
1378182792,주식회사월드캐스트,2021,성숙기,0,25.99,0.0,38.9,54.5,29.54,44.41
1378182792,주식회사월드캐스트,2022,성숙기,0,44.25,0.0,54.23,39.88,11.2,36.29
1378182792,주식회사월드캐스트,2023,성숙기,0,24.44,0.0,55.25,53.85,15.69,51.6
1378182792,주식회사월드캐스트,2024,성숙기,0,53.17,0.0,58.94,43.64,17.1,50.99
1378187797,(주)성산기업,2018,성장기,0,56.96,1.0,92.35,49.91,21.65,46.26
1378187797,(주)성산기업,2019,쇠퇴기,0,44.21,100.0,100.0,51.55,93.48,89.6
1378187797,(주)성산기업,2020,조정기,0,100.0,22.0,62.42,60.99,51.58,27.54
1378187797,(주)성산기업,2021,쇠퇴기,0,25.99,100.0,38.9,53.77,51.97,49.16
1378187797,(주)성산기업,2022,성장기,0,44.25,3.1,54.23,39.55,8.62,21.39
1378187797,(주)성산기업,2023,도입기,0,24.44,81.1,55.25,54.5,96.39,100.0
1378187797,(주)성산기업,2024,성숙기,0,53.17,0.0,58.94,44.25,5.93,0.0
1378189816,오에스밸브주식회사,2017,도입기,0,0.0,70.3,24.1,48.92,16.41,48.42
1378189816,오에스밸브주식회사,2018,도입기,0,56.96,75.8,92.35,49.91,89.96,87.89
1378189816,오에스밸브주식회사,2019,도입기,0,44.21,58.1,100.0,51.55,34.2,18.35
1378191234,주식회사디에스21,2018,도입기,0,56.96,75.8,92.35,49.91,36.82,46.26
1378191234,주식회사디에스21,2019,도입기,0,44.21,58.1,100.0,51.55,82.97,75.26
1378191234,주식회사디에스21,2020,도입기,1,100.0,68.6,62.42,60.99,97.13,58.36
1378199181,한일너클프레스(주),2016,성숙기,0,35.48,0.0,19.68,46.84,3.47,51.01
1378199181,한일너클프레스(주),2017,성숙기,0,0.0,0.0,24.1,48.92,0.1,46.48
1378199181,한일너클프레스(주),2018,성숙기,0,56.96,0.0,92.35,49.91,0.77,46.63
1378199181,한일너클프레스(주),2019,성장기,0,44.21,2.1,100.0,52.85,0.05,49.29
1378199181,한일너클프레스(주),2020,쇠퇴기,0,100.0,100.0,62.42,56.04,4.69,53.22
1378199181,한일너클프레스(주),2021,성숙기,0,25.99,0.0,38.9,50.35,0.09,46.28
1378199181,한일너클프레스(주),2022,쇠퇴기,0,44.25,100.0,54.23,43.63,4.57,50.0
1378199181,한일너클프레스(주),2023,성장기,0,24.44,13.2,55.25,55.94,0.0,46.24
1378199181,한일너클프레스(주),2024,성숙기,0,53.17,0.0,58.94,45.21,0.06,50.3
1378600515,주식회사에코크레이션,2019,도입기,0,44.21,58.1,100.0,51.55,35.87,49.68
1378600515,주식회사에코크레이션,2020,쇠퇴기,0,100.0,100.0,62.42,60.99,94.74,82.98
1378600515,주식회사에코크레이션,2021,도입기,1,25.99,71.8,38.9,54.41,85.25,43.66
1378600548,주식회사협영기계,2015,도입기,0,38.29,65.4,0.0,49.87,13.34,50.22
1378600548,주식회사협영기계,2016,도입기,0,35.48,82.9,19.68,46.84,54.75,73.6
1378600548,주식회사협영기계,2017,도입기,0,0.0,70.3,24.1,48.92,88.92,68.23
1378601800,(주)우진티엠씨,2015,조정기,0,38.29,28.5,0.0,31.15,4.63,0.0
1378601800,(주)우진티엠씨,2016,성숙기,0,35.48,0.0,19.68,83.86,4.9,51.01
1378601800,(주)우진티엠씨,2020,성숙기,0,100.0,0.0,62.42,100.0,1.99,50.67
1378601800,(주)우진티엠씨,2021,성숙기,0,25.99,0.0,38.9,64.85,0.66,48.12
1378603356,주식회사에어메이저,2022,성장기,0,44.25,3.1,54.23,36.93,3.58,47.42
1378603356,주식회사에어메이저,2023,성숙기,0,24.44,0.0,55.25,50.57,0.14,46.89
1378603356,주식회사에어메이저,2024,성장기,0,53.17,16.0,58.94,40.55,4.99,52.94
1378607202,주식회사케이에스엠,2015,성숙기,0,38.29,5.6,0.0,57.16,1.5,50.65
1378607202,주식회사케이에스엠,2016,성숙기,0,35.48,0.0,19.68,51.01,0.39,50.26
1378607202,주식회사케이에스엠,2017,성숙기,0,0.0,0.0,24.1,54.18,0.63,48.55
1378607202,주식회사케이에스엠,2018,성숙기,0,56.96,0.0,92.35,55.93,0.93,46.42
1378607202,주식회사케이에스엠,2019,성숙기,0,44.21,0.0,100.0,57.55,1.23,49.86
1378607202,주식회사케이에스엠,2020,성숙기,0,100.0,0.0,62.42,67.51,0.73,50.39
1378607202,주식회사케이에스엠,2021,성숙기,0,25.99,0.0,38.9,51.41,0.36,48.66
1378607202,주식회사케이에스엠,2022,성숙기,0,44.25,0.0,54.23,37.0,0.45,47.43
1378607202,주식회사케이에스엠,2023,성숙기,0,24.44,0.0,55.25,50.53,1.13,49.24
1378607202,주식회사케이에스엠,2024,성숙기,0,53.17,0.0,58.94,41.49,0.42,49.87
1378612379,주식회사케이아이기계,2016,성장기,0,35.48,2.2,19.68,46.84,5.87,51.01
1378612379,주식회사케이아이기계,2017,성장기,0,0.0,1.7,24.1,48.92,54.43,76.42
1378612379,주식회사케이아이기계,2018,성장기,0,56.96,1.0,92.35,49.91,91.91,67.59
1378627213,주식회사대한기계,2017,성장기,0,0.0,1.7,24.1,48.92,3.91,48.42
1378627213,주식회사대한기계,2018,성숙기,0,56.96,0.0,92.35,49.91,0.51,44.34
1378627213,주식회사대한기계,2019,성장기,0,44.21,2.1,100.0,51.55,0.38,49.62
1378627213,주식회사대한기계,2020,성장기,0,100.0,0.8,62.42,56.66,1.84,51.47
1378627213,주식회사대한기계,2021,성장기,0,25.99,1.9,38.9,53.39,1.9,48.9
1378627213,주식회사대한기계,2022,성숙기,0,44.25,0.0,54.23,39.1,2.27,47.57
1378627213,주식회사대한기계,2023,성숙기,0,24.44,0.0,55.25,52.29,1.17,48.24
1378627213,주식회사대한기계,2024,성숙기,0,53.17,0.0,58.94,42.42,73.93,90.4
1378635784,(주)세일기계,2015,성장기,0,38.29,0.0,0.0,49.87,23.47,50.22
1378635784,(주)세일기계,2016,성장기,0,35.48,2.2,19.68,46.84,42.72,61.4
1378635784,(주)세일기계,2017,성장기,0,0.0,1.7,24.1,48.92,47.47,51.25
1378635784,(주)세일기계,2018,성숙기,0,56.96,0.0,92.35,51.89,48.08,46.72
1378635784,(주)세일기계,2019,성숙기,0,44.21,0.0,100.0,52.34,44.3,47.42
1378639010,신우밸브(주),2015,조정기,0,38.29,28.5,0.0,49.87,4.58,52.43
1378639010,신우밸브(주),2016,성장기,0,35.48,2.2,19.68,3.18,0.4,48.57
1378639010,신우밸브(주),2017,성숙기,0,0.0,0.0,24.1,18.46,0.98,48.75
1378639010,신우밸브(주),2018,성숙기,0,56.96,0.0,92.35,9.13,0.31,45.87
1378639010,신우밸브(주),2019,성숙기,0,44.21,0.0,100.0,42.05,0.22,49.64
1378639010,신우밸브(주),2020,성숙기,0,100.0,0.0,62.42,62.38,0.19,50.65
1378639010,신우밸브(주),2021,성숙기,0,25.99,0.0,38.9,59.48,0.5,49.04
1378639010,신우밸브(주),2022,성숙기,0,44.25,0.0,54.23,36.41,0.31,47.27
1378639010,신우밸브(주),2023,성숙기,0,24.44,0.0,55.25,49.99,0.21,48.79
1378639010,신우밸브(주),2024,성숙기,0,53.17,0.0,58.94,40.15,0.19,50.26
1378643891,지에스테크주식회사,2015,도입기,0,38.29,65.4,0.0,49.87,5.31,50.22
1378643891,지에스테크주식회사,2016,도입기,0,35.48,82.9,19.68,46.84,68.69,85.7
1378643891,지에스테크주식회사,2017,도입기,0,0.0,70.3,24.1,48.92,92.49,62.29
1378643891,지에스테크주식회사,2018,쇠퇴기,1,56.96,100.0,92.35,69.08,96.73,48.89
1378650223,주식회사한울,2020,성장기,0,100.0,0.8,62.42,60.99,3.62,50.67
1378650223,주식회사한울,2021,성숙기,0,25.99,0.0,38.9,54.41,0.27,46.98
1378650223,주식회사한울,2022,쇠퇴기,0,44.25,100.0,54.23,36.93,4.81,50.03
1378650223,주식회사한울,2023,성숙기,0,24.44,0.0,55.25,51.16,0.32,46.3
1378650223,주식회사한울,2024,성숙기,0,53.17,0.0,58.94,40.97,0.17,50.18
1388101638,서원풍력기계주식회사,2015,성숙기,0,38.29,5.6,0.0,47.59,0.66,46.88
1388101638,서원풍력기계주식회사,2016,성장기,0,35.48,2.2,19.68,41.85,0.77,50.93
1388101638,서원풍력기계주식회사,2017,성장기,0,0.0,1.7,24.1,42.72,2.6,49.47
1388101638,서원풍력기계주식회사,2018,성장기,0,56.96,1.0,92.35,44.33,38.75,66.71
1388101638,서원풍력기계주식회사,2019,조정기,0,44.21,25.7,100.0,43.95,40.44,50.5
1388101638,서원풍력기계주식회사,2020,조정기,0,100.0,22.0,62.42,57.13,7.04,32.27
1388101638,서원풍력기계주식회사,2021,조정기,0,25.99,24.6,38.9,49.73,38.23,66.46
1388101638,서원풍력기계주식회사,2022,조정기,0,44.25,26.1,54.23,32.86,39.61,47.72
1388101638,서원풍력기계주식회사,2023,성숙기,0,24.44,0.0,55.25,47.12,9.28,31.7
1388101638,서원풍력기계주식회사,2024,성숙기,0,53.17,0.0,58.94,37.84,13.07,52.32
1388101768,에스더불유아이주식회사,2015,조정기,0,38.29,28.5,0.0,40.12,6.05,53.23
1388101768,에스더불유아이주식회사,2016,성숙기,0,35.48,0.0,19.68,26.07,91.71,97.94
1388101768,에스더불유아이주식회사,2017,쇠퇴기,0,0.0,100.0,24.1,26.0,68.63,35.32
1388101768,에스더불유아이주식회사,2018,쇠퇴기,1,56.96,100.0,92.35,33.6,90.43,58.76
1388102923,(주)듀라소닉,2015,성숙기,0,38.29,5.6,0.0,46.79,2.16,50.89
1388102923,(주)듀라소닉,2016,성숙기,0,35.48,0.0,19.68,59.19,1.37,50.43
1388102923,(주)듀라소닉,2017,성숙기,0,0.0,0.0,24.1,56.41,0.3,47.79
1388102923,(주)듀라소닉,2018,성장기,0,56.96,1.0,92.35,55.92,0.43,46.33
1388102923,(주)듀라소닉,2019,성장기,0,44.21,2.1,100.0,57.94,66.11,86.24
1388102923,(주)듀라소닉,2020,성장기,0,100.0,0.8,62.42,67.59,4.66,16.83
1388102923,(주)듀라소닉,2021,쇠퇴기,0,25.99,100.0,38.9,52.4,12.93,53.53
1388102923,(주)듀라소닉,2022,성숙기,0,44.25,0.0,54.23,35.22,59.32,74.37
1388102923,(주)듀라소닉,2023,도입기,0,24.44,81.1,55.25,48.93,82.66,63.16
1388102923,(주)듀라소닉,2024,조정기,0,53.17,27.2,58.94,39.93,15.76,13.05
1388103427,다이나캐스트코리아(주),2018,도입기,0,56.96,75.8,92.35,49.91,29.28,46.26
1388103427,다이나캐스트코리아(주),2019,성숙기,0,44.21,0.0,100.0,51.55,85.85,81.07
1388103427,다이나캐스트코리아(주),2020,성숙기,1,100.0,0.0,62.42,60.99,94.76,55.47
1388103562,(주)서원기술,2015,성장기,0,38.29,0.0,0.0,48.67,7.25,50.56
1388103562,(주)서원기술,2016,성장기,0,35.48,2.2,19.68,48.53,3.26,48.67
1388103562,(주)서원기술,2017,성장기,0,0.0,1.7,24.1,49.9,7.76,51.01
1388103562,(주)서원기술,2018,성장기,0,56.96,1.0,92.35,48.88,75.57,84.62
1388103562,(주)서원기술,2019,성숙기,0,44.21,0.0,100.0,54.78,35.23,26.98
1388103562,(주)서원기술,2020,성숙기,0,100.0,0.0,62.42,59.77,12.34,38.05
1388103562,(주)서원기술,2021,성숙기,0,25.99,0.0,38.9,55.98,86.99,90.97
1388105731,(주)동진,2015,조정기,0,38.29,28.5,0.0,68.37,41.23,65.22
1388105731,(주)동진,2016,조정기,0,35.48,33.5,19.68,43.73,11.34,34.35
1388105731,(주)동진,2017,조정기,0,0.0,35.9,24.1,44.29,53.79,72.91
1388105731,(주)동진,2018,쇠퇴기,0,56.96,100.0,92.35,46.7,6.28,19.52
1388105731,(주)동진,2019,성숙기,0,44.21,0.0,100.0,35.33,0.98,46.72
1388105731,(주)동진,2020,쇠퇴기,0,100.0,100.0,62.42,53.06,7.12,54.04
1388105731,(주)동진,2021,성숙기,0,25.99,0.0,38.9,48.43,13.21,52.31
1388105731,(주)동진,2022,성장기,0,44.25,3.1,54.23,34.86,38.34,61.92
1388105731,(주)동진,2023,조정기,0,24.44,24.8,55.25,48.25,62.51,63.38
1388105731,(주)동진,2024,쇠퇴기,1,53.17,100.0,58.94,40.18,75.24,57.06
1388111553,(주)이오테크닉스,2015,성숙기,0,38.29,5.6,0.0,50.18,3.55,51.61
1388111553,(주)이오테크닉스,2016,성숙기,0,35.48,0.0,19.68,38.57,0.74,49.32
1388111553,(주)이오테크닉스,2017,성숙기,0,0.0,0.0,24.1,41.0,0.4,48.21
1388111553,(주)이오테크닉스,2018,성숙기,0,56.96,0.0,92.35,44.93,1.27,46.74
1388111553,(주)이오테크닉스,2019,성숙기,0,44.21,0.0,100.0,54.48,10.9,55.05
1388111553,(주)이오테크닉스,2020,성숙기,0,100.0,0.0,62.42,66.54,0.31,44.83
1388111553,(주)이오테크닉스,2021,성숙기,0,25.99,0.0,38.9,50.55,4.34,51.14
1388111553,(주)이오테크닉스,2022,성숙기,0,44.25,0.0,54.23,35.59,0.24,44.93
1388111553,(주)이오테크닉스,2023,성숙기,0,24.44,0.0,55.25,49.34,0.59,49.05
1388111553,(주)이오테크닉스,2024,성숙기,0,53.17,0.0,58.94,40.33,0.44,50.18
1388113022,(주)디에스케이,2015,성숙기,0,38.29,5.6,0.0,74.81,3.37,51.98
1388113022,(주)디에스케이,2016,성장기,0,35.48,2.2,19.68,62.94,12.9,56.11
1388113022,(주)디에스케이,2017,성장기,0,0.0,1.7,24.1,62.56,32.08,59.49
1388113022,(주)디에스케이,2018,성장기,0,56.96,1.0,92.35,63.96,7.05,32.19
1388113022,(주)디에스케이,2019,성장기,0,44.21,2.1,100.0,60.53,13.45,53.23
1388113022,(주)디에스케이,2020,성장기,0,100.0,0.8,62.42,72.81,77.97,86.11
1388113022,(주)디에스케이,2021,쇠퇴기,0,25.99,100.0,38.9,70.47,82.48,51.53
1388113022,(주)디에스케이,2022,성장기,1,44.25,3.1,54.23,50.0,87.66,49.41
1388115582,(주)우보엔지니어링,2015,성숙기,0,38.29,5.6,0.0,42.1,0.63,50.27
1388115582,(주)우보엔지니어링,2016,성숙기,0,35.48,0.0,19.68,57.57,30.43,67.25
1388115582,(주)우보엔지니어링,2017,성숙기,0,0.0,0.0,24.1,57.11,3.17,32.76
1388115582,(주)우보엔지니어링,2018,성숙기,0,56.96,0.0,92.35,57.77,8.47,49.26
1388115582,(주)우보엔지니어링,2019,성숙기,0,44.21,0.0,100.0,54.98,0.15,45.03
1388115582,(주)우보엔지니어링,2020,성숙기,0,100.0,0.0,62.42,54.8,4.1,52.84
1388115582,(주)우보엔지니어링,2021,성숙기,0,25.99,0.0,38.9,48.93,0.44,46.81
1388115582,(주)우보엔지니어링,2022,성숙기,0,44.25,0.0,54.23,33.73,0.87,47.63
1388115582,(주)우보엔지니어링,2023,성숙기,0,24.44,0.0,55.25,47.69,11.94,55.29
1388115582,(주)우보엔지니어링,2024,성숙기,0,53.17,0.0,58.94,38.18,25.0,57.43
1388119462,(주)동아엘텍,2015,조정기,0,38.29,28.5,0.0,57.66,0.38,48.73
1388119462,(주)동아엘텍,2016,성장기,0,35.48,2.2,19.68,42.36,0.0,50.67
1388119462,(주)동아엘텍,2017,성장기,0,0.0,1.7,24.1,48.39,0.13,48.48
1388119462,(주)동아엘텍,2018,성장기,0,56.96,1.0,92.35,47.71,4.74,48.86
1388119462,(주)동아엘텍,2019,성숙기,0,44.21,0.0,100.0,53.66,0.06,47.07
1388119462,(주)동아엘텍,2020,조정기,0,100.0,22.0,62.42,67.12,5.66,53.75
1388119462,(주)동아엘텍,2021,쇠퇴기,0,25.99,100.0,38.9,62.0,27.13,60.98
1388119462,(주)동아엘텍,2022,조정기,0,44.25,26.1,54.23,40.4,20.08,42.92
1388119462,(주)동아엘텍,2023,조정기,0,24.44,24.8,55.25,53.42,45.83,64.07
1388119462,(주)동아엘텍,2024,조정기,0,53.17,27.2,58.94,43.34,31.03,41.93
1388130680,바코스주식회사,2015,쇠퇴기,0,38.29,100.0,0.0,44.8,84.16,95.02
1388132320,(주)프로이천,2015,성숙기,0,38.29,5.6,0.0,49.87,16.01,55.39
1388132320,(주)프로이천,2016,성숙기,0,35.48,0.0,19.68,52.34,13.84,49.65
1388132320,(주)프로이천,2017,성숙기,0,0.0,0.0,24.1,52.04,1.03,41.05
1388132320,(주)프로이천,2018,성숙기,0,56.96,0.0,92.35,56.11,0.22,45.8
1388132320,(주)프로이천,2019,조정기,0,44.21,25.7,100.0,52.8,0.06,49.6
1388132320,(주)프로이천,2020,성숙기,0,100.0,0.0,62.42,59.21,0.02,50.65
1388133955,제일솔루텍주식회사,2015,성숙기,0,38.29,5.6,0.0,49.87,23.81,22.47
1388133955,제일솔루텍주식회사,2016,성숙기,0,35.48,0.0,19.68,43.37,16.29,46.69
1388133955,제일솔루텍주식회사,2017,성숙기,0,0.0,0.0,24.1,46.79,5.91,42.47
1388133955,제일솔루텍주식회사,2018,성숙기,0,56.96,0.0,92.35,50.97,8.04,47.47
1388133955,제일솔루텍주식회사,2019,성장기,0,44.21,2.1,100.0,55.29,7.35,49.28
1388133955,제일솔루텍주식회사,2020,도입기,0,100.0,68.6,62.42,62.44,84.51,93.06
1388133955,제일솔루텍주식회사,2021,성숙기,0,25.99,0.0,38.9,56.7,21.1,13.25
1388133955,제일솔루텍주식회사,2022,도입기,0,44.25,70.4,54.23,38.07,23.67,48.63
1388133955,제일솔루텍주식회사,2023,성숙기,0,24.44,0.0,55.25,51.3,11.99,42.35
1388133955,제일솔루텍주식회사,2024,성숙기,0,53.17,0.0,58.94,41.32,8.16,48.11
1388140475,주식회사디에스세미콘,2016,성장기,0,35.48,2.2,19.68,46.84,5.33,51.01
1388140475,주식회사디에스세미콘,2017,성장기,0,0.0,1.7,24.1,48.92,10.9,51.64
1388140475,주식회사디에스세미콘,2018,성장기,0,56.96,1.0,92.35,49.91,18.49,50.57
1388140475,주식회사디에스세미콘,2019,성장기,0,44.21,2.1,100.0,53.16,75.72,81.48
1388140475,주식회사디에스세미콘,2020,성숙기,0,100.0,0.0,62.42,58.21,44.51,33.44
1388140475,주식회사디에스세미콘,2021,성장기,0,25.99,1.9,38.9,54.14,44.28,48.8
1388140475,주식회사디에스세미콘,2022,성숙기,0,44.25,0.0,54.23,40.04,29.8,38.37
1388140475,주식회사디에스세미콘,2023,조정기,0,24.44,24.8,55.25,52.77,25.82,46.91
1388140475,주식회사디에스세미콘,2024,조정기,0,53.17,27.2,58.94,42.15,24.76,49.58
1388141232,주식회사나인테크,2015,성숙기,0,38.29,5.6,0.0,51.91,0.67,45.55
1388141232,주식회사나인테크,2016,도입기,0,35.48,82.9,19.68,56.95,5.0,53.25
1388141232,주식회사나인테크,2017,도입기,0,0.0,70.3,24.1,57.88,73.74,88.05
1388141232,주식회사나인테크,2018,도입기,0,56.96,75.8,92.35,61.87,14.3,12.83
1388141232,주식회사나인테크,2019,성장기,0,44.21,2.1,100.0,61.52,2.6,43.13
1388146616,(주)발맥스기술,2016,성장기,0,35.48,2.2,19.68,46.84,3.74,51.01
1388146616,(주)발맥스기술,2017,성숙기,0,0.0,0.0,24.1,48.92,8.87,51.37
1388146616,(주)발맥스기술,2018,쇠퇴기,0,56.96,100.0,92.35,49.91,13.39,48.84
1388146616,(주)발맥스기술,2019,성장기,0,44.21,2.1,100.0,47.61,7.36,46.29
1388146616,(주)발맥스기술,2020,조정기,0,100.0,22.0,62.42,54.97,4.41,49.04
1388146616,(주)발맥스기술,2021,성장기,0,25.99,1.9,38.9,38.87,0.52,46.68
1388146616,(주)발맥스기술,2022,도입기,0,44.25,70.4,54.23,36.16,45.75,73.83
1388146616,(주)발맥스기술,2023,성숙기,0,24.44,0.0,55.25,49.38,60.02,57.71
1388146616,(주)발맥스기술,2024,조정기,1,53.17,27.2,58.94,39.54,82.95,62.7
1388147556,엘에스엠트론(주),2015,성숙기,0,38.29,5.6,0.0,49.84,22.81,48.95
1388147556,엘에스엠트론(주),2016,성숙기,0,35.48,0.0,19.68,46.34,2.59,39.71
1388147556,엘에스엠트론(주),2017,성숙기,0,0.0,0.0,24.1,48.46,53.22,77.61
1388147556,엘에스엠트론(주),2018,쇠퇴기,0,56.96,100.0,92.35,44.91,67.56,54.5
1388147556,엘에스엠트론(주),2019,쇠퇴기,1,44.21,100.0,100.0,48.47,85.7,59.56
1388154950,현대씨즈올주식회사,2019,도입기,0,44.21,58.1,100.0,51.55,9.56,49.68
1388154950,현대씨즈올주식회사,2020,성장기,0,100.0,0.8,62.42,60.99,85.27,92.26
1388154950,현대씨즈올주식회사,2021,성숙기,0,25.99,0.0,38.9,54.41,55.42,32.17
1388154950,현대씨즈올주식회사,2022,성숙기,0,44.25,0.0,54.23,40.66,18.02,24.82
1388154950,현대씨즈올주식회사,2023,성숙기,0,24.44,0.0,55.25,53.44,66.52,77.28
1388154950,현대씨즈올주식회사,2024,성숙기,0,53.17,0.0,58.94,43.99,14.63,21.39
1388159498,주식회사알에프피티,2021,성장기,0,25.99,1.9,38.9,54.41,3.32,48.84
1388159498,주식회사알에프피티,2022,성숙기,0,44.25,0.0,54.23,36.93,0.9,45.92
1388159498,주식회사알에프피티,2023,도입기,0,24.44,81.1,55.25,50.57,62.16,84.49
1388159498,주식회사알에프피티,2024,성숙기,0,53.17,0.0,58.94,39.75,9.91,21.21
1388165990,우정메카트로닉스,2020,성장기,0,100.0,0.8,62.42,60.99,3.36,50.67
1388165990,우정메카트로닉스,2021,성장기,0,25.99,1.9,38.9,54.41,0.6,47.31
1388165990,우정메카트로닉스,2022,성장기,0,44.25,3.1,54.23,36.93,18.49,57.84
1388165990,우정메카트로닉스,2024,조정기,0,53.17,27.2,58.94,40.53,1.74,50.27
1388170436,주식회사혜성,2021,성숙기,1,25.99,0.0,38.9,54.41,78.1,48.84
1388177050,(주)나우시스템즈,2015,성장기,0,38.29,0.0,0.0,49.87,5.38,50.22
1388177050,(주)나우시스템즈,2016,조정기,0,35.48,33.5,19.68,46.84,4.34,50.29
1388177050,(주)나우시스템즈,2017,성숙기,0,0.0,0.0,24.1,48.92,7.43,50.2
1388177050,(주)나우시스템즈,2018,성숙기,0,56.96,0.0,92.35,45.4,4.81,44.79
1388177050,(주)나우시스템즈,2019,성숙기,0,44.21,0.0,100.0,50.7,0.62,47.34
1388177050,(주)나우시스템즈,2020,성장기,0,100.0,0.8,62.42,59.62,4.73,52.93
1388177050,(주)나우시스템즈,2021,성장기,0,25.99,1.9,38.9,52.31,0.27,46.36
1388177050,(주)나우시스템즈,2022,성장기,0,44.25,3.1,54.23,35.77,0.23,47.35
1388177050,(주)나우시스템즈,2023,조정기,0,24.44,24.8,55.25,49.48,5.52,51.93
1388177050,(주)나우시스템즈,2024,성숙기,0,53.17,0.0,58.94,40.01,0.24,47.33
1388178855,주식회사숨터,2020,도입기,0,100.0,68.6,62.42,60.99,12.39,50.67
1388178855,주식회사숨터,2021,성숙기,0,25.99,0.0,38.9,54.41,64.42,78.21
1388178855,주식회사숨터,2022,조정기,0,44.25,26.1,54.23,36.93,43.48,34.35
1388178855,주식회사숨터,2023,조정기,0,24.44,24.8,55.25,48.97,95.81,79.82
1388188687,(주)제이에스엔지니어링,2022,성장기,0,44.25,3.1,54.23,36.93,5.26,47.42
1388188687,(주)제이에스엔지니어링,2023,성장기,0,24.44,13.2,55.25,50.57,12.23,52.97
1388188687,(주)제이에스엔지니어링,2024,성장기,0,53.17,16.0,58.94,40.55,73.17,83.84
1398100520,동해기연(주),2017,성장기,0,0.0,1.7,24.1,48.92,7.27,48.42
1398100520,동해기연(주),2018,성숙기,0,56.96,0.0,92.35,49.91,46.99,68.73
1398100520,동해기연(주),2019,조정기,0,44.21,25.7,100.0,51.55,10.3,29.11
1398100520,동해기연(주),2020,도입기,0,100.0,68.6,62.42,54.77,44.53,69.47
1398100520,동해기연(주),2021,쇠퇴기,0,25.99,100.0,38.9,49.38,41.27,47.09
1398100520,동해기연(주),2022,성장기,0,44.25,3.1,54.23,31.76,87.03,73.65
1398100520,동해기연(주),2023,도입기,0,24.44,81.1,55.25,46.53,56.71,32.29
1398100520,동해기연(주),2024,성숙기,0,53.17,0.0,58.94,37.64,44.73,43.45
1398100632,(주)삼양감속기,2015,성숙기,0,38.29,5.6,0.0,47.62,13.04,46.65
1398100632,(주)삼양감속기,2016,성숙기,0,35.48,0.0,19.68,47.81,9.47,48.88
1398100632,(주)삼양감속기,2017,성숙기,0,0.0,0.0,24.1,49.7,9.23,48.29
1398100632,(주)삼양감속기,2018,조정기,0,56.96,38.0,92.35,50.24,14.7,49.37
1398100632,(주)삼양감속기,2019,조정기,0,44.21,25.7,100.0,52.03,8.09,45.96
1398100632,(주)삼양감속기,2020,성숙기,0,100.0,0.0,62.42,61.28,7.68,50.43
1398100632,(주)삼양감속기,2021,성숙기,0,25.99,0.0,38.9,54.08,4.58,47.13
1398100632,(주)삼양감속기,2022,쇠퇴기,0,44.25,100.0,54.23,38.19,8.61,49.68
1398100632,(주)삼양감속기,2023,조정기,0,24.44,24.8,55.25,51.46,5.59,47.2
1398100632,(주)삼양감속기,2024,성숙기,0,53.17,0.0,58.94,41.54,1.08,47.75
1398101193,주식회사부성,2015,성장기,0,38.29,0.0,0.0,51.32,0.66,50.28
1398101193,주식회사부성,2016,성숙기,0,35.48,0.0,19.68,47.69,0.14,50.58
1398101193,주식회사부성,2017,성숙기,0,0.0,0.0,24.1,49.67,4.77,51.08
1398101193,주식회사부성,2018,성숙기,0,56.96,0.0,92.35,49.52,2.06,44.73
1398101193,주식회사부성,2019,성숙기,0,44.21,0.0,100.0,55.83,0.45,48.78
1398101193,주식회사부성,2020,성장기,0,100.0,0.8,62.42,59.72,0.39,50.63
1398101193,주식회사부성,2021,성장기,0,25.99,1.9,38.9,52.85,1.24,49.34
1398101193,주식회사부성,2022,성장기,0,44.25,3.1,54.23,37.12,0.28,46.8
1398101193,주식회사부성,2023,성숙기,0,24.44,0.0,55.25,50.61,2.31,50.03
1398101193,주식회사부성,2024,성숙기,0,53.17,0.0,58.94,40.5,0.15,49.06
1398101437,한국유니콤밸브주식회사,2015,조정기,0,38.29,28.5,0.0,29.7,23.43,49.21
1398101437,한국유니콤밸브주식회사,2016,조정기,0,35.48,33.5,19.68,43.82,1.08,38.53
1398101437,한국유니콤밸브주식회사,2017,성장기,0,0.0,1.7,24.1,48.79,18.7,58.57
1398101437,한국유니콤밸브주식회사,2018,성장기,0,56.96,1.0,92.35,46.48,16.52,45.07
1398101437,한국유니콤밸브주식회사,2019,성장기,0,44.21,2.1,100.0,49.63,44.17,65.02
1398101437,한국유니콤밸브주식회사,2020,성숙기,0,100.0,0.0,62.42,63.0,0.23,26.47
1398101437,한국유니콤밸브주식회사,2021,쇠퇴기,0,25.99,100.0,38.9,41.62,66.15,86.03
1398101437,한국유니콤밸브주식회사,2022,도입기,0,44.25,70.4,54.23,19.68,66.99,47.07
1398101437,한국유니콤밸브주식회사,2023,성숙기,0,24.44,0.0,55.25,37.42,0.23,10.85
1398101437,한국유니콤밸브주식회사,2024,성장기,0,53.17,16.0,58.94,29.67,0.14,50.22
1398101500,"주식회사테크노플러스(구,주식회사금광)",2015,조정기,0,38.29,28.5,0.0,40.53,2.38,36.92
1398101500,"주식회사테크노플러스(구,주식회사금광)",2016,조정기,0,35.48,33.5,19.68,45.76,3.78,51.63
1398101500,"주식회사테크노플러스(구,주식회사금광)",2017,조정기,0,0.0,35.9,24.1,47.19,37.26,67.72
1398101500,"주식회사테크노플러스(구,주식회사금광)",2018,조정기,0,56.96,38.0,92.35,46.41,39.36,47.53
1398101500,"주식회사테크노플러스(구,주식회사금광)",2019,쇠퇴기,0,44.21,100.0,100.0,49.54,46.19,53.36
1398101500,"주식회사테크노플러스(구,주식회사금광)",2020,조정기,0,100.0,22.0,62.42,59.86,58.07,57.14
1398101500,"주식회사테크노플러스(구,주식회사금광)",2021,쇠퇴기,0,25.99,100.0,38.9,54.88,58.5,49.2
1398101500,"주식회사테크노플러스(구,주식회사금광)",2022,도입기,0,44.25,70.4,54.23,38.87,65.99,51.05
1398101500,"주식회사테크노플러스(구,주식회사금광)",2023,쇠퇴기,0,24.44,100.0,55.25,52.04,65.44,49.34
1398101500,"주식회사테크노플러스(구,주식회사금광)",2024,쇠퇴기,1,53.17,100.0,58.94,41.78,69.65,52.35
1398102154,주식회사한국마쓰이,2018,조정기,0,56.96,38.0,92.35,49.91,3.5,46.26
1398102154,주식회사한국마쓰이,2019,쇠퇴기,0,44.21,100.0,100.0,51.55,6.69,51.45
1398102154,주식회사한국마쓰이,2021,쇠퇴기,0,25.99,100.0,38.9,54.41,4.87,48.84
1398102154,주식회사한국마쓰이,2022,쇠퇴기,0,44.25,100.0,54.23,39.13,0.84,44.96
1398102284,(주)서연탑메탈,2015,성장기,0,38.29,0.0,0.0,51.89,20.22,61.37
1398102284,(주)서연탑메탈,2016,성장기,0,35.48,2.2,19.68,42.0,24.47,53.16
1398102284,(주)서연탑메탈,2017,성장기,0,0.0,1.7,24.1,45.35,12.53,41.59
1398102284,(주)서연탑메탈,2018,조정기,0,56.96,38.0,92.35,46.09,72.27,80.07
1398102284,(주)서연탑메탈,2019,조정기,0,44.21,25.7,100.0,54.27,74.46,50.66
1398102284,(주)서연탑메탈,2020,조정기,0,100.0,22.0,62.42,60.07,1.14,10.29
1398102284,(주)서연탑메탈,2021,조정기,0,25.99,24.6,38.9,54.96,7.23,52.29
1398102284,(주)서연탑메탈,2022,성숙기,0,44.25,0.0,54.23,37.84,7.7,47.57
1398102284,(주)서연탑메탈,2023,성숙기,0,24.44,0.0,55.25,51.24,3.46,46.48
1398102284,(주)서연탑메탈,2024,성숙기,0,53.17,0.0,58.94,41.0,0.97,48.88
1398102794,맑은환경산업주식회사,2015,도입기,0,38.29,65.4,0.0,72.89,6.76,50.9
1398102794,맑은환경산업주식회사,2016,쇠퇴기,0,35.48,100.0,19.68,37.27,33.51,65.56
1398102794,맑은환경산업주식회사,2017,도입기,0,0.0,70.3,24.1,37.97,5.78,32.5
1398102794,맑은환경산업주식회사,2018,도입기,0,56.96,75.8,92.35,42.99,7.71,47.36
1398102794,맑은환경산업주식회사,2019,도입기,0,44.21,58.1,100.0,47.2,12.51,52.33
1398102794,맑은환경산업주식회사,2020,도입기,0,100.0,68.6,62.42,61.56,8.66,48.54
1398102794,맑은환경산업주식회사,2021,도입기,0,25.99,71.8,38.9,54.4,3.85,46.17
1398102794,맑은환경산업주식회사,2022,쇠퇴기,0,44.25,100.0,54.23,40.04,74.24,88.51
1398102794,맑은환경산업주식회사,2023,쇠퇴기,0,24.44,100.0,55.25,52.78,13.63,14.52
1398102794,맑은환경산업주식회사,2024,쇠퇴기,0,53.17,100.0,58.94,42.2,9.95,48.18
1398105578,(주)에쎈테크,2015,성장기,0,38.29,0.0,0.0,56.52,13.39,50.75
1398105578,(주)에쎈테크,2016,성장기,0,35.48,2.2,19.68,45.4,11.41,49.75
1398105578,(주)에쎈테크,2017,조정기,0,0.0,35.9,24.1,47.84,37.75,63.62
1398105578,(주)에쎈테크,2018,성숙기,0,56.96,0.0,92.35,48.38,4.23,27.39
1398105578,(주)에쎈테크,2019,성숙기,0,44.21,0.0,100.0,50.88,45.97,72.91
1398105578,(주)에쎈테크,2020,성숙기,0,100.0,0.0,62.42,60.81,53.75,54.9
1398105578,(주)에쎈테크,2021,도입기,0,25.99,71.8,38.9,53.29,86.73,67.54
1398105578,(주)에쎈테크,2022,성장기,0,44.25,3.1,54.23,38.12,47.15,23.17
1398105578,(주)에쎈테크,2023,도입기,0,24.44,81.1,55.25,51.51,91.84,75.43
1398105578,(주)에쎈테크,2024,조정기,0,53.17,27.2,58.94,41.7,86.41,46.93
1398105656,(주)에이치케이,2015,성장기,0,38.29,0.0,0.0,46.65,42.12,70.4
1398105656,(주)에이치케이,2016,성숙기,0,35.48,0.0,19.68,48.81,4.47,30.09
1398105656,(주)에이치케이,2017,성숙기,0,0.0,0.0,24.1,51.12,13.04,53.36
1398105656,(주)에이치케이,2018,성숙기,0,56.96,0.0,92.35,50.57,39.34,61.16
1398105656,(주)에이치케이,2019,성숙기,0,44.21,0.0,100.0,51.5,30.07,44.4
1398105656,(주)에이치케이,2020,성숙기,0,100.0,0.0,62.42,60.28,15.44,42.59
1398105656,(주)에이치케이,2021,성숙기,0,25.99,0.0,38.9,53.26,0.29,40.34
1398105656,(주)에이치케이,2022,성숙기,0,44.25,0.0,54.23,39.15,4.76,50.0
1398105656,(주)에이치케이,2023,성숙기,0,24.44,0.0,55.25,52.33,27.94,62.39
1398105656,(주)에이치케이,2024,조정기,0,53.17,27.2,58.94,42.37,48.68,61.6
1398106261,(주)유천엔바이로,2015,성숙기,0,38.29,5.6,0.0,40.77,1.5,47.39
1398106261,(주)유천엔바이로,2016,성장기,0,35.48,2.2,19.68,60.96,0.46,50.3
1398106261,(주)유천엔바이로,2017,성숙기,0,0.0,0.0,24.1,61.18,0.66,48.53
1398106261,(주)유천엔바이로,2018,성숙기,0,56.96,0.0,92.35,58.1,1.04,46.47
1398106261,(주)유천엔바이로,2019,성숙기,0,44.21,0.0,100.0,55.47,0.45,49.36
1398106261,(주)유천엔바이로,2020,성숙기,0,100.0,0.0,62.42,54.45,0.42,50.65
1398106261,(주)유천엔바이로,2021,성숙기,0,25.99,0.0,38.9,47.97,32.74,67.09
1398106261,(주)유천엔바이로,2022,조정기,0,44.25,26.1,54.23,30.43,0.79,28.29
1398106261,(주)유천엔바이로,2023,조정기,0,24.44,24.8,55.25,45.29,6.37,52.1
1398106261,(주)유천엔바이로,2024,조정기,0,53.17,27.2,58.94,36.56,4.84,49.4
1398106806,(주)기전금형,2015,성숙기,0,38.29,5.6,0.0,49.87,35.36,24.77
1398106806,(주)기전금형,2016,성숙기,0,35.48,0.0,19.68,61.45,50.69,59.22
1398106806,(주)기전금형,2017,성숙기,0,0.0,0.0,24.1,57.63,34.2,39.02
1398106806,(주)기전금형,2018,성숙기,0,56.96,0.0,92.35,64.99,65.25,63.9
1398106806,(주)기전금형,2019,성숙기,0,44.21,0.0,100.0,61.96,76.55,55.76
1398106806,(주)기전금형,2023,도입기,1,24.44,81.1,55.25,60.34,63.73,48.85
1398108221,(주)대화연료펌프,2015,성숙기,0,38.29,5.6,0.0,47.23,11.39,49.17
1398108221,(주)대화연료펌프,2016,성숙기,0,35.48,0.0,19.68,48.76,75.83,86.26
1398108221,(주)대화연료펌프,2017,도입기,0,0.0,70.3,24.1,48.82,83.02,52.73
1398108221,(주)대화연료펌프,2018,조정기,1,56.96,38.0,92.35,49.74,95.35,53.44
1398109555,주식회사진영정기,2015,성숙기,1,38.29,5.6,0.0,26.44,76.05,39.0
1398110386,한립금형강(주),2015,성장기,0,38.29,0.0,0.0,56.74,38.71,68.13
1398110386,한립금형강(주),2016,성장기,0,35.48,2.2,19.68,47.36,50.97,57.52
1398110386,한립금형강(주),2017,조정기,0,0.0,35.9,24.1,49.1,90.04,71.05
1398110386,한립금형강(주),2018,조정기,0,56.96,38.0,92.35,50.61,14.85,3.96
1398110386,한립금형강(주),2019,성장기,0,44.21,2.1,100.0,48.4,15.66,50.09
1398110386,한립금형강(주),2020,성장기,0,100.0,0.8,62.42,57.4,70.49,80.78
1398110386,한립금형강(주),2021,성장기,0,25.99,1.9,38.9,56.16,78.01,53.21
1398110386,한립금형강(주),2022,쇠퇴기,0,44.25,100.0,54.23,35.52,11.95,7.79
1398110386,한립금형강(주),2023,쇠퇴기,0,24.44,100.0,55.25,49.36,29.88,59.42
1398110386,한립금형강(주),2024,쇠퇴기,0,53.17,100.0,58.94,39.87,65.84,70.0
1398110936,(주)현대밸브,2015,도입기,0,38.29,65.4,0.0,49.87,3.1,47.1
1398110936,(주)현대밸브,2016,도입기,0,35.48,82.9,19.68,57.2,6.86,52.94
1398110936,(주)현대밸브,2017,쇠퇴기,0,0.0,100.0,24.1,54.93,87.36,94.83
1398110936,(주)현대밸브,2018,쇠퇴기,0,56.96,100.0,92.35,55.12,15.76,5.99
1398110936,(주)현대밸브,2019,쇠퇴기,0,44.21,100.0,100.0,48.91,14.49,48.93
1398110936,(주)현대밸브,2020,쇠퇴기,0,100.0,100.0,62.42,60.96,42.2,65.88
1398110936,(주)현대밸브,2021,성장기,0,25.99,1.9,38.9,52.83,57.13,57.35
1398110936,(주)현대밸브,2022,성장기,0,44.25,3.1,54.23,35.51,47.45,41.02
1398110936,(주)현대밸브,2023,성장기,0,24.44,13.2,55.25,49.29,7.1,25.96
1398110936,(주)현대밸브,2024,성장기,0,53.17,16.0,58.94,39.1,15.8,55.04
1398111478,주식회사두발가스엔지니어링,2015,도입기,0,38.29,65.4,0.0,50.0,64.21,62.33
1398111478,주식회사두발가스엔지니어링,2016,쇠퇴기,0,35.48,100.0,19.68,51.11,35.44,34.92
1398111478,주식회사두발가스엔지니어링,2017,조정기,0,0.0,35.9,24.1,53.55,17.63,38.22
1398111478,주식회사두발가스엔지니어링,2018,성숙기,0,56.96,0.0,92.35,53.68,58.49,69.41
1398111478,주식회사두발가스엔지니어링,2019,쇠퇴기,0,44.21,100.0,100.0,54.04,60.52,50.62
1398111478,주식회사두발가스엔지니어링,2020,조정기,0,100.0,22.0,62.42,63.03,35.1,36.63
1398111478,주식회사두발가스엔지니어링,2021,조정기,0,25.99,24.6,38.9,53.8,27.74,44.77
1398111478,주식회사두발가스엔지니어링,2022,조정기,0,44.25,26.1,54.23,37.28,18.41,41.59
1398111478,주식회사두발가스엔지니어링,2023,성숙기,0,24.44,0.0,55.25,50.69,26.86,53.99
1398111478,주식회사두발가스엔지니어링,2024,성숙기,0,53.17,0.0,58.94,40.65,23.22,48.16
1398112365,주식회사화성보일러,2015,성숙기,0,38.29,5.6,0.0,40.56,23.9,23.66
1398112365,주식회사화성보일러,2016,쇠퇴기,0,35.48,100.0,19.68,50.48,76.59,79.78
1398112365,주식회사화성보일러,2017,성숙기,0,0.0,0.0,24.1,55.96,87.17,54.68
1398112365,주식회사화성보일러,2018,성숙기,1,56.96,0.0,92.35,49.67,81.48,43.26
1398112652,주식회사삼화에이스,2015,성숙기,0,38.29,5.6,0.0,52.7,0.3,48.19
1398112652,주식회사삼화에이스,2016,성숙기,0,35.48,0.0,19.68,46.25,4.02,52.92
1398112652,주식회사삼화에이스,2017,성숙기,0,0.0,0.0,24.1,48.73,0.03,46.12
1398112652,주식회사삼화에이스,2018,성숙기,0,56.96,0.0,92.35,52.11,0.19,46.34
1398112652,주식회사삼화에이스,2019,조정기,0,44.21,25.7,100.0,57.11,0.52,49.88
1398112652,주식회사삼화에이스,2020,성숙기,0,100.0,0.0,62.42,61.48,4.58,52.9
1398112652,주식회사삼화에이스,2021,성숙기,0,25.99,0.0,38.9,55.04,0.08,46.33
1398112652,주식회사삼화에이스,2022,성숙기,0,44.25,0.0,54.23,37.15,4.98,50.25
1398112652,주식회사삼화에이스,2023,조정기,0,24.44,24.8,55.25,50.66,0.06,46.04
1398112652,주식회사삼화에이스,2024,성숙기,0,53.17,0.0,58.94,40.17,0.06,50.27
1398113175,주식회사아이스트로,2015,성숙기,0,38.29,5.6,0.0,49.39,3.45,51.34
1398113175,주식회사아이스트로,2016,성숙기,0,35.48,0.0,19.68,48.1,1.34,49.7
1398113175,주식회사아이스트로,2017,조정기,0,0.0,35.9,24.1,49.41,17.46,57.7
1398113175,주식회사아이스트로,2018,조정기,0,56.96,38.0,92.35,49.1,13.84,44.25
1398113175,주식회사아이스트로,2019,성장기,0,44.21,2.1,100.0,49.97,75.23,83.81
1398113175,주식회사아이스트로,2020,성숙기,0,100.0,0.0,62.42,59.73,45.95,34.5
1398113175,주식회사아이스트로,2021,성장기,0,25.99,1.9,38.9,54.33,5.06,25.88
1398113175,주식회사아이스트로,2022,조정기,0,44.25,26.1,54.23,41.56,0.34,44.56
1398113175,주식회사아이스트로,2023,성숙기,0,24.44,0.0,55.25,54.45,0.16,48.75
1398113175,주식회사아이스트로,2024,성숙기,0,53.17,0.0,58.94,43.37,0.09,50.23
1398115192,(주)아이더블유케이,2015,성장기,0,38.29,0.0,0.0,49.21,90.72,57.76
1398115192,(주)아이더블유케이,2016,쇠퇴기,1,35.48,100.0,19.68,40.51,85.56,47.83
1398116774,중경산업기계(주),2015,성장기,0,38.29,0.0,0.0,49.87,19.37,50.22
1398116774,중경산업기계(주),2016,도입기,0,35.48,82.9,19.68,46.84,9.46,45.38
1398116774,중경산업기계(주),2017,성장기,0,0.0,1.7,24.1,48.92,11.9,49.84
1398116774,중경산업기계(주),2018,성장기,0,56.96,1.0,92.35,48.09,16.6,48.94
1398116774,중경산업기계(주),2019,성장기,0,44.21,2.1,100.0,50.92,73.54,81.32
1398116774,중경산업기계(주),2020,성장기,0,100.0,0.8,62.42,61.64,89.66,59.45
1398116774,중경산업기계(주),2021,조정기,1,25.99,24.6,38.9,54.8,87.6,47.84
1398117190,(주)자동기,2019,성장기,0,44.21,2.1,100.0,51.55,3.86,49.68
1398117190,(주)자동기,2020,성숙기,0,100.0,0.0,62.42,60.99,0.82,48.99
1398117190,(주)자동기,2023,성숙기,0,24.44,0.0,55.25,50.57,1.05,48.85
1398117190,(주)자동기,2024,성숙기,0,53.17,0.0,58.94,50.86,0.62,50.03
1398117720,주식회사한양포장기계,2021,성숙기,0,25.99,0.0,38.9,54.41,6.65,48.84
1398117720,주식회사한양포장기계,2022,성숙기,0,44.25,0.0,54.23,36.93,6.24,47.06
1398117720,주식회사한양포장기계,2023,성숙기,0,24.44,0.0,55.25,50.57,19.0,56.35
1398117720,주식회사한양포장기계,2024,성장기,0,53.17,16.0,58.94,40.99,29.18,55.81
1398117768,주식회사일광메탈포밍,2015,쇠퇴기,0,38.29,100.0,0.0,61.3,51.2,74.6
1398117768,주식회사일광메탈포밍,2016,쇠퇴기,0,35.48,100.0,19.68,46.53,2.75,24.13
1398117768,주식회사일광메탈포밍,2017,도입기,0,0.0,70.3,24.1,49.27,63.09,83.2
1398117768,주식회사일광메탈포밍,2018,도입기,0,56.96,75.8,92.35,48.11,58.18,43.64
1398117768,주식회사일광메탈포밍,2019,도입기,0,44.21,58.1,100.0,51.17,1.61,18.01
1398117768,주식회사일광메탈포밍,2020,조정기,0,100.0,22.0,62.42,53.37,0.24,49.91
1398117768,주식회사일광메탈포밍,2021,조정기,0,25.99,24.6,38.9,51.61,63.78,84.69
1398117768,주식회사일광메탈포밍,2022,조정기,0,44.25,26.1,54.23,31.08,1.4,10.11
1398117768,주식회사일광메탈포밍,2023,성숙기,0,24.44,0.0,55.25,46.04,0.5,48.34
1398117768,주식회사일광메탈포밍,2024,조정기,0,53.17,27.2,58.94,37.06,4.67,52.56
1398117870,(주)삼우테크,2015,쇠퇴기,0,38.29,100.0,0.0,47.51,13.68,57.51
1398117870,(주)삼우테크,2016,성숙기,0,35.48,0.0,19.68,41.77,73.12,83.51
1398117870,(주)삼우테크,2017,조정기,0,0.0,35.9,24.1,43.65,12.68,13.74
1398117870,(주)삼우테크,2018,조정기,0,56.96,38.0,92.35,48.76,4.99,41.93
1398117870,(주)삼우테크,2019,조정기,0,44.21,25.7,100.0,49.1,2.19,48.12
1398117870,(주)삼우테크,2020,조정기,0,100.0,22.0,62.42,61.71,39.12,70.96
1398117870,(주)삼우테크,2021,성숙기,0,25.99,0.0,38.9,58.95,1.06,27.47
1398117870,(주)삼우테크,2022,성숙기,0,44.25,0.0,54.23,43.58,5.28,49.84
1398117870,(주)삼우테크,2023,성숙기,0,24.44,0.0,55.25,55.99,0.91,46.37
1398117870,(주)삼우테크,2024,성숙기,0,53.17,0.0,58.94,45.12,0.61,50.09
1398118433,경진부로아(주),2015,성장기,0,38.29,0.0,0.0,53.23,72.45,67.68
1398118433,경진부로아(주),2016,성숙기,0,35.48,0.0,19.68,48.18,1.53,11.73
1398118433,경진부로아(주),2017,성숙기,0,0.0,0.0,24.1,51.32,1.94,48.65
1398118433,경진부로아(주),2018,성숙기,0,56.96,0.0,92.35,50.17,4.22,47.55
1398118433,경진부로아(주),2019,성숙기,0,44.21,0.0,100.0,53.73,33.73,66.1
1398118433,경진부로아(주),2020,성장기,0,100.0,0.8,62.42,60.5,5.55,35.14
1398118433,경진부로아(주),2021,쇠퇴기,0,25.99,100.0,38.9,51.6,79.49,90.56
1398118433,경진부로아(주),2022,성숙기,0,44.25,0.0,54.23,34.59,55.45,32.35
1398118433,경진부로아(주),2023,성숙기,0,24.44,0.0,55.25,48.67,33.65,36.86
1398118433,경진부로아(주),2024,성숙기,0,53.17,0.0,58.94,39.18,22.76,44.14
1398119368,(주)동일씨앤이,2015,쇠퇴기,1,38.29,100.0,0.0,65.87,83.46,52.07
1398119602,금수산업(주),2015,쇠퇴기,0,38.29,100.0,0.0,60.24,24.16,63.47
1398119602,금수산업(주),2016,성숙기,0,35.48,0.0,19.68,39.16,1.59,38.41
1398119602,금수산업(주),2017,조정기,0,0.0,35.9,24.1,42.75,32.81,66.41
1398119602,금수산업(주),2018,성장기,0,56.96,1.0,92.35,43.59,29.91,44.7
1398119602,금수산업(주),2019,조정기,0,44.21,25.7,100.0,41.16,14.05,40.76
1398119602,금수산업(주),2020,성숙기,0,100.0,0.0,62.42,57.62,0.23,43.06
1398119602,금수산업(주),2021,조정기,0,25.99,24.6,38.9,50.13,41.08,71.9
1398119602,금수산업(주),2022,성숙기,0,44.25,0.0,54.23,31.1,38.14,45.16
1398119602,금수산업(주),2023,성숙기,0,24.44,0.0,55.25,45.65,18.59,37.95
1398119602,금수산업(주),2024,성숙기,0,53.17,0.0,58.94,36.26,1.28,40.65
1398119830,우영유압(주),2015,조정기,0,38.29,28.5,0.0,49.76,22.85,52.92
1398119830,우영유압(주),2016,조정기,0,35.48,33.5,19.68,44.61,6.25,41.69
1398119830,우영유압(주),2017,조정기,0,0.0,35.9,24.1,47.04,5.56,48.03
1398119830,우영유압(주),2018,성숙기,0,56.96,0.0,92.35,48.99,5.3,46.12
1398119830,우영유압(주),2019,성숙기,0,44.21,0.0,100.0,50.41,10.93,52.81
1398119830,우영유압(주),2020,성장기,0,100.0,0.8,62.42,61.75,53.14,73.85
1398119830,우영유압(주),2021,성장기,0,25.99,1.9,38.9,55.66,16.13,28.08
1398119830,우영유압(주),2022,성장기,0,44.25,3.1,54.23,41.46,8.68,42.83
1398119830,우영유압(주),2023,성장기,0,24.44,13.2,55.25,54.33,16.22,53.34
1398119830,우영유압(주),2024,도입기,0,53.17,92.8,58.94,43.33,79.11,84.9
1398120429,(주)에스제이씨,2016,성장기,0,35.48,2.2,19.68,46.84,4.7,51.01
1398120429,(주)에스제이씨,2017,조정기,0,0.0,35.9,24.1,48.92,8.18,50.43
1398120429,(주)에스제이씨,2018,조정기,0,56.96,38.0,92.35,49.91,8.4,46.4
1398120429,(주)에스제이씨,2019,조정기,0,44.21,25.7,100.0,47.51,40.5,67.53
1398120429,(주)에스제이씨,2020,조정기,0,100.0,22.0,62.42,61.79,6.21,31.78
1398120429,(주)에스제이씨,2021,성숙기,0,25.99,0.0,38.9,55.78,7.0,49.32
1398120429,(주)에스제이씨,2022,성숙기,0,44.25,0.0,54.23,42.54,0.73,43.63
1398120429,(주)에스제이씨,2023,성숙기,0,24.44,0.0,55.25,55.3,0.15,48.52
1398120429,(주)에스제이씨,2024,도입기,0,53.17,92.8,58.94,44.3,5.94,53.46
1398120808,세광쇼트기계주식회사,2017,성숙기,0,0.0,0.0,24.1,56.76,23.75,48.42
1398120808,세광쇼트기계주식회사,2018,성숙기,0,56.96,0.0,92.35,48.97,42.72,57.05
1398120808,세광쇼트기계주식회사,2019,성숙기,0,44.21,0.0,100.0,45.94,30.66,42.83
1398120808,세광쇼트기계주식회사,2024,성숙기,0,53.17,0.0,58.94,40.89,0.4,50.27
1398121428,(주)영산테크노,2018,성장기,0,56.96,1.0,92.35,49.91,8.44,46.26
1398121428,(주)영산테크노,2019,성숙기,0,44.21,0.0,100.0,51.55,35.32,64.62
1398121428,(주)영산테크노,2020,도입기,0,100.0,68.6,62.42,60.99,61.91,65.24
1398121428,(주)영산테크노,2021,조정기,1,25.99,24.6,38.9,42.17,58.96,47.29
1398121767,(주)고려특수금속,2015,조정기,0,38.29,28.5,0.0,49.87,2.14,47.99
1398121767,(주)고려특수금속,2016,성숙기,0,35.48,0.0,19.68,46.84,0.06,49.72
1398121767,(주)고려특수금속,2017,성숙기,0,0.0,0.0,24.1,47.65,0.57,48.71
1398121767,(주)고려특수금속,2018,성숙기,0,56.96,0.0,92.35,48.44,0.26,46.08
1398121767,(주)고려특수금속,2019,성숙기,0,44.21,0.0,100.0,48.89,57.9,81.77
1398121767,(주)고려특수금속,2020,성숙기,0,100.0,0.0,62.42,59.82,5.84,21.99
1398121767,(주)고려특수금속,2021,성숙기,0,25.99,0.0,38.9,54.39,0.4,45.8
1398121767,(주)고려특수금속,2022,성숙기,0,44.25,0.0,54.23,36.47,42.87,72.22
1398121767,(주)고려특수금속,2023,성숙기,0,24.44,0.0,55.25,50.02,0.52,24.75
1398121767,(주)고려특수금속,2024,성숙기,0,53.17,0.0,58.94,39.82,6.13,53.36
1398121883,주식회사원태,2015,성숙기,0,38.29,5.6,0.0,47.17,0.93,37.95
1398121883,주식회사원태,2016,성장기,0,35.48,2.2,19.68,49.36,26.92,65.15
1398121883,주식회사원태,2017,성장기,0,0.0,1.7,24.1,50.99,1.71,33.94
1398121883,주식회사원태,2018,성장기,0,56.96,1.0,92.35,53.06,4.75,47.98
1398121883,주식회사원태,2019,성장기,0,44.21,2.1,100.0,54.13,3.07,48.74
1398121883,주식회사원태,2020,쇠퇴기,0,100.0,100.0,62.42,65.95,9.68,54.3
1398121883,주식회사원태,2021,성숙기,0,25.99,0.0,38.9,59.18,40.16,66.06
1398121883,주식회사원태,2022,성장기,0,44.25,3.1,54.23,38.87,72.82,66.0
1398121883,주식회사원태,2023,쇠퇴기,0,24.44,100.0,55.25,52.1,71.1,48.75
1398121883,주식회사원태,2024,성숙기,1,53.17,0.0,58.94,41.21,26.71,25.51
1398121976,대영기계공업주식회사,2015,성숙기,0,38.29,5.6,0.0,47.6,0.41,46.09
1398121976,대영기계공업주식회사,2016,조정기,0,35.48,33.5,19.68,50.16,27.89,65.98
1398121976,대영기계공업주식회사,2017,성숙기,0,0.0,0.0,24.1,52.34,0.23,32.53
1398121976,대영기계공업주식회사,2018,성숙기,0,56.96,0.0,92.35,54.36,0.23,46.25
1398121976,대영기계공업주식회사,2019,성숙기,0,44.21,0.0,100.0,49.77,0.34,49.76
1398121976,대영기계공업주식회사,2020,성숙기,0,100.0,0.0,62.42,59.19,0.38,50.68
1398121976,대영기계공업주식회사,2021,성숙기,0,25.99,0.0,38.9,57.0,4.36,51.11
1398121976,대영기계공업주식회사,2022,성숙기,0,44.25,0.0,54.23,35.36,0.95,45.34
1398121976,대영기계공업주식회사,2023,성숙기,0,24.44,0.0,55.25,49.19,0.71,48.71
1398121976,대영기계공업주식회사,2024,성숙기,0,53.17,0.0,58.94,39.48,1.09,50.47
1398122975,주식회사미륭산업,2015,성숙기,0,38.29,5.6,0.0,44.33,2.14,47.01
1398122975,주식회사미륭산업,2016,성숙기,0,35.48,0.0,19.68,51.77,26.62,64.32
1398122975,주식회사미륭산업,2017,성숙기,0,0.0,0.0,24.1,52.93,77.18,77.61
1398122975,주식회사미륭산업,2018,쇠퇴기,0,56.96,100.0,92.35,52.26,82.69,49.57
1398122975,주식회사미륭산업,2019,도입기,0,44.21,58.1,100.0,51.55,41.32,26.38
1398122975,주식회사미륭산업,2020,쇠퇴기,0,100.0,100.0,62.42,63.33,83.49,73.8
1398122975,주식회사미륭산업,2021,도입기,0,25.99,71.8,38.9,56.92,87.31,51.15
1398122975,주식회사미륭산업,2022,쇠퇴기,0,44.25,100.0,54.23,42.17,34.6,15.48
1398122975,주식회사미륭산업,2023,쇠퇴기,0,24.44,100.0,55.25,54.94,44.75,55.18
1398122975,주식회사미륭산업,2024,쇠퇴기,0,53.17,100.0,58.94,43.77,81.42,70.33
1398123052,클레온(주),2015,성장기,0,38.29,0.0,0.0,49.87,84.56,93.97
1398123052,클레온(주),2016,성장기,0,35.48,2.2,19.68,47.95,27.81,19.49
1398123052,클레온(주),2017,성숙기,0,0.0,0.0,24.1,49.49,97.38,88.58
1398123052,클레온(주),2018,성숙기,0,56.96,0.0,92.35,50.35,95.42,45.4
1398123052,클레온(주),2019,성숙기,1,44.21,0.0,100.0,52.37,61.28,30.37
1398123066,후지테크코리아(주),2015,쇠퇴기,0,38.29,100.0,0.0,48.14,42.81,65.76
1398123066,후지테크코리아(주),2016,쇠퇴기,0,35.48,100.0,19.68,46.91,69.35,65.36
1398123066,후지테크코리아(주),2017,쇠퇴기,0,0.0,100.0,24.1,50.2,77.84,53.46
1398123066,후지테크코리아(주),2018,성숙기,0,56.96,0.0,92.35,51.7,79.61,47.46
1398123066,후지테크코리아(주),2019,도입기,1,44.21,58.1,100.0,58.06,86.71,53.37
1398123687,(주)팬스타엔터프라이즈,2015,쇠퇴기,1,38.29,100.0,0.0,45.11,79.08,63.35
1398123988,수성웹툰(주),2015,조정기,0,38.29,28.5,0.0,57.79,1.14,46.62
1398123988,수성웹툰(주),2016,조정기,0,35.48,33.5,19.68,48.98,0.48,50.51
1398123988,수성웹툰(주),2017,조정기,0,0.0,35.9,24.1,49.51,89.21,99.56
1398123988,수성웹툰(주),2018,쇠퇴기,0,56.96,100.0,92.35,49.82,92.29,48.23
1398123988,수성웹툰(주),2019,도입기,1,44.21,58.1,100.0,51.71,91.22,48.78
1398125064,주식회사성주엠.아이,2015,성숙기,0,38.29,5.6,0.0,53.23,10.45,45.26
1398125064,주식회사성주엠.아이,2016,조정기,0,35.48,33.5,19.68,46.66,19.3,55.72
1398125064,주식회사성주엠.아이,2017,성숙기,0,0.0,0.0,24.1,47.29,85.24,86.47
1398125064,주식회사성주엠.아이,2018,도입기,0,56.96,75.8,92.35,48.24,74.93,40.65
1398125064,주식회사성주엠.아이,2019,성숙기,1,44.21,0.0,100.0,47.44,69.53,46.43
1398125308,성도밸브(주),2015,성숙기,0,38.29,5.6,0.0,49.34,5.38,52.03
1398125308,성도밸브(주),2016,성숙기,0,35.48,0.0,19.68,45.59,4.94,50.62
1398125308,성도밸브(주),2017,성장기,0,0.0,1.7,24.1,45.15,6.92,49.56
1398125308,성도밸브(주),2018,성장기,0,56.96,1.0,92.35,47.97,9.99,48.01
1398125308,성도밸브(주),2019,성장기,0,44.21,2.1,100.0,48.18,3.21,45.88
1398125308,성도밸브(주),2020,성숙기,0,100.0,0.0,62.42,56.96,0.59,49.23
1398125308,성도밸브(주),2021,성숙기,0,25.99,0.0,38.9,50.75,4.97,51.33
1398125308,성도밸브(주),2022,성숙기,0,44.25,0.0,54.23,34.29,8.6,49.45
1398125308,성도밸브(주),2023,성숙기,0,24.44,0.0,55.25,48.45,5.6,47.21
1398125308,성도밸브(주),2024,조정기,0,53.17,27.2,58.94,39.31,1.64,48.06
1398128455,신라파이어(주),2015,조정기,0,38.29,28.5,0.0,47.79,0.18,46.84
1398128455,신라파이어(주),2016,성장기,0,35.48,2.2,19.68,49.52,0.32,50.95
1398128455,신라파이어(주),2017,성숙기,0,0.0,0.0,24.1,51.74,5.41,51.35
1398128455,신라파이어(주),2018,도입기,0,56.96,75.8,92.35,51.17,7.07,47.2
1398128455,신라파이어(주),2019,성장기,0,44.21,2.1,100.0,49.4,0.56,46.05
1398128455,신라파이어(주),2020,성숙기,0,100.0,0.0,62.42,60.87,1.5,51.18
1398128455,신라파이어(주),2021,조정기,0,25.99,24.6,38.9,54.04,57.92,80.68
1398128455,신라파이어(주),2022,조정기,0,44.25,26.1,54.23,34.17,56.98,46.13
1398128455,신라파이어(주),2023,조정기,0,24.44,24.8,55.25,48.27,4.77,19.19
1398128455,신라파이어(주),2024,조정기,0,53.17,27.2,58.94,38.21,0.42,47.85
1398129186,(주)진성테크템,2015,성숙기,0,38.29,5.6,0.0,49.87,23.49,63.37
1398129186,(주)진성테크템,2016,조정기,0,35.48,33.5,19.68,36.82,0.37,38.11
1398129186,(주)진성테크템,2017,쇠퇴기,0,0.0,100.0,24.1,44.64,7.2,52.35
1398129186,(주)진성테크템,2018,성숙기,0,56.96,0.0,92.35,42.58,0.34,42.39
1398129186,(주)진성테크템,2019,조정기,0,44.21,25.7,100.0,46.47,0.49,49.77
1398129186,(주)진성테크템,2020,성장기,0,100.0,0.8,62.42,60.11,2.38,51.7
1398129186,(주)진성테크템,2021,성숙기,0,25.99,0.0,38.9,51.06,0.82,47.99
1398129186,(주)진성테크템,2022,조정기,0,44.25,26.1,54.23,38.23,37.6,68.89
1398129186,(주)진성테크템,2023,성장기,0,24.44,13.2,55.25,51.39,58.61,61.53
1398129186,(주)진성테크템,2024,조정기,0,53.17,27.2,58.94,41.34,47.63,44.0
1398129279,유림전기주식회사,2015,성장기,0,38.29,0.0,0.0,47.97,10.5,55.24
1398129279,유림전기주식회사,2016,성장기,0,35.48,2.2,19.68,45.62,14.07,52.81
1398129279,유림전기주식회사,2017,성장기,0,0.0,1.7,24.1,47.89,27.47,56.17
1398129279,유림전기주식회사,2018,조정기,0,56.96,38.0,92.35,48.09,19.53,41.83
1398129279,유림전기주식회사,2019,도입기,0,44.21,58.1,100.0,50.82,48.01,65.47
1398129279,유림전기주식회사,2020,조정기,0,100.0,22.0,62.42,60.55,83.17,69.94
1398129279,유림전기주식회사,2021,쇠퇴기,0,25.99,100.0,38.9,53.49,78.81,46.54
1398129279,유림전기주식회사,2022,쇠퇴기,1,44.25,100.0,54.23,36.7,83.11,48.94
1398130330,(주)현대호이스트,2015,도입기,0,38.29,65.4,0.0,47.43,65.98,55.45
1398130330,(주)현대호이스트,2016,도입기,1,35.48,82.9,19.68,47.77,83.4,60.29
1398130553,태봉산업기술주식회사,2015,쇠퇴기,0,38.29,100.0,0.0,48.68,27.99,66.03
1398130553,태봉산업기술주식회사,2016,조정기,0,35.48,33.5,19.68,47.04,0.63,35.77
1398130553,태봉산업기술주식회사,2017,성숙기,0,0.0,0.0,24.1,50.68,0.01,48.06
1398130553,태봉산업기술주식회사,2018,성숙기,0,56.96,0.0,92.35,51.77,0.06,46.28
1398130553,태봉산업기술주식회사,2019,성숙기,0,44.21,0.0,100.0,53.81,0.06,49.69
1398130553,태봉산업기술주식회사,2020,성숙기,0,100.0,0.0,62.42,64.06,1.17,51.28
1398130553,태봉산업기술주식회사,2021,쇠퇴기,0,25.99,100.0,38.9,57.25,4.23,50.59
1398130553,태봉산업기술주식회사,2022,성숙기,0,44.25,0.0,54.23,36.08,26.35,60.27
1398130553,태봉산업기술주식회사,2023,성장기,0,24.44,13.2,55.25,49.77,0.6,34.2
1398130553,태봉산업기술주식회사,2024,성숙기,0,53.17,0.0,58.94,39.63,0.06,49.96
1398131455,주식회사큐비에스,2017,성장기,0,0.0,1.7,24.1,48.92,24.01,48.42
1398131455,주식회사큐비에스,2018,성숙기,0,56.96,0.0,92.35,49.91,5.86,36.05
1398131455,주식회사큐비에스,2019,성숙기,0,44.21,0.0,100.0,51.55,7.22,50.43
1398131455,주식회사큐비에스,2020,성숙기,0,100.0,0.0,62.42,62.41,81.12,91.27
1398131455,주식회사큐비에스,2021,성숙기,0,25.99,0.0,38.9,57.76,9.03,8.34
1398131455,주식회사큐비에스,2022,성숙기,0,44.25,0.0,54.23,43.28,18.09,52.57
1398131455,주식회사큐비에스,2023,성숙기,0,24.44,0.0,55.25,55.78,14.44,46.95
1398131455,주식회사큐비에스,2024,성숙기,0,53.17,0.0,58.94,44.85,13.15,49.5
1398133720,한성특수장비주식회사,2015,성숙기,0,38.29,5.6,0.0,54.69,6.21,39.94
1398133720,한성특수장비주식회사,2016,쇠퇴기,0,35.48,100.0,19.68,51.73,14.14,55.22
1398133720,한성특수장비주식회사,2017,도입기,0,0.0,70.3,24.1,53.87,13.67,48.17
1398133720,한성특수장비주식회사,2018,도입기,0,56.96,75.8,92.35,54.47,13.3,46.08
1398133720,한성특수장비주식회사,2019,도입기,0,44.21,58.1,100.0,49.44,6.53,45.87
1398133720,한성특수장비주식회사,2020,성장기,0,100.0,0.8,62.42,59.96,66.0,83.34
1398133720,한성특수장비주식회사,2021,쇠퇴기,0,25.99,100.0,38.9,57.8,23.99,25.28
1398133720,한성특수장비주식회사,2022,성숙기,0,44.25,0.0,54.23,43.13,9.03,38.34
1398133720,한성특수장비주식회사,2023,성숙기,0,24.44,0.0,55.25,55.62,10.42,49.77
1398133720,한성특수장비주식회사,2024,성숙기,0,53.17,0.0,58.94,45.11,37.05,64.92
1398134485,한양로보틱스(주),2017,성장기,0,0.0,1.7,24.1,48.92,16.58,48.42
1398134485,한양로보틱스(주),2018,도입기,0,56.96,75.8,92.35,49.91,43.82,61.7
1398134485,한양로보틱스(주),2019,성장기,0,44.21,2.1,100.0,51.55,10.75,31.13
1398134485,한양로보틱스(주),2020,도입기,0,100.0,68.6,62.42,57.89,25.93,59.0
1398134485,한양로보틱스(주),2021,쇠퇴기,0,25.99,100.0,38.9,51.18,87.29,83.5
1398134485,한양로보틱스(주),2022,도입기,0,44.25,70.4,54.23,34.09,87.74,46.59
1398134485,한양로보틱스(주),2023,쇠퇴기,1,24.44,100.0,55.25,48.07,95.11,54.22
1398134980,(주)삼호정기,2015,성숙기,0,38.29,5.6,0.0,63.78,2.59,51.57
1398134980,(주)삼호정기,2016,성숙기,0,35.48,0.0,19.68,64.57,0.21,49.56
1398134980,(주)삼호정기,2017,성숙기,0,0.0,0.0,24.1,64.89,3.19,50.13
1398134980,(주)삼호정기,2018,성숙기,0,56.96,0.0,92.35,60.14,5.44,47.53
1398134980,(주)삼호정기,2019,성숙기,0,44.21,0.0,100.0,49.73,6.31,50.16
1398134980,(주)삼호정기,2020,성숙기,0,100.0,0.0,62.42,68.47,11.5,53.51
1398134980,(주)삼호정기,2021,조정기,0,25.99,24.6,38.9,57.1,6.78,46.22
1398134980,(주)삼호정기,2023,성숙기,0,24.44,0.0,55.25,47.55,25.67,48.85
1398134980,(주)삼호정기,2024,도입기,0,53.17,92.8,58.94,36.97,22.59,48.47
1398135994,주식회사다보정밀,2015,성장기,0,38.29,0.0,0.0,53.22,16.79,59.24
1398135994,주식회사다보정밀,2016,도입기,0,35.48,82.9,19.68,45.24,4.87,44.28
1398135994,주식회사다보정밀,2017,성장기,0,0.0,1.7,24.1,48.56,21.48,57.99
1398135994,주식회사다보정밀,2018,조정기,0,56.96,38.0,92.35,51.4,1.03,34.74
1398135994,주식회사다보정밀,2019,조정기,0,44.21,25.7,100.0,56.83,22.96,61.89
1398135994,주식회사다보정밀,2020,조정기,0,100.0,22.0,62.42,65.1,1.41,38.8
1398135994,주식회사다보정밀,2021,조정기,0,25.99,24.6,38.9,57.32,0.56,48.39
1398135994,주식회사다보정밀,2022,조정기,0,44.25,26.1,54.23,41.61,1.68,48.03
1398135994,주식회사다보정밀,2023,조정기,0,24.44,24.8,55.25,54.5,1.67,48.87
1398135994,주식회사다보정밀,2024,조정기,0,53.17,27.2,58.94,43.76,28.24,64.92
1398136580,한국이엠주식회사,2015,성숙기,0,38.29,5.6,0.0,52.33,23.71,41.87
1398136580,한국이엠주식회사,2016,쇠퇴기,0,35.48,100.0,19.68,50.22,64.47,73.22
1398136580,한국이엠주식회사,2017,성장기,0,0.0,1.7,24.1,50.83,41.0,35.03
1398136580,한국이엠주식회사,2018,성숙기,0,56.96,0.0,92.35,53.28,33.02,41.84
1398136580,한국이엠주식회사,2019,성숙기,0,44.21,0.0,100.0,52.01,27.62,46.57
1398144358,대경로보텍(주),2018,성숙기,0,56.96,0.0,92.35,49.91,11.47,46.26
1398144358,대경로보텍(주),2019,성숙기,0,44.21,0.0,100.0,51.55,7.0,47.16
1398144358,대경로보텍(주),2020,성숙기,0,100.0,0.0,62.42,60.99,0.42,47.05
1398144358,대경로보텍(주),2021,성숙기,0,25.99,0.0,38.9,45.2,8.14,53.21
1398144358,대경로보텍(주),2022,성숙기,0,44.25,0.0,54.23,29.11,15.0,51.3
1398144358,대경로보텍(주),2023,조정기,0,24.44,24.8,55.25,40.53,12.61,47.64
1398144358,대경로보텍(주),2024,성숙기,0,53.17,0.0,58.94,32.63,12.29,50.04
1398144983,컴인워시주식회사,2022,성장기,0,44.25,3.1,54.23,36.93,4.11,47.42
1398144983,컴인워시주식회사,2023,성숙기,0,24.44,0.0,55.25,50.57,0.68,46.91
1398144983,컴인워시주식회사,2024,도입기,0,53.17,92.8,58.94,40.55,75.13,91.34
1398601112,주식회사대호기어,2018,성숙기,0,56.96,0.0,92.35,49.91,14.61,46.26
1398601112,주식회사대호기어,2019,성장기,0,44.21,2.1,100.0,51.55,32.91,59.83
1398601112,주식회사대호기어,2020,조정기,0,100.0,22.0,62.42,60.99,93.86,84.13
1398601112,주식회사대호기어,2021,성숙기,0,25.99,0.0,38.9,51.63,92.38,48.18
1398601112,주식회사대호기어,2022,조정기,0,44.25,26.1,54.23,35.19,22.02,5.09
1398601112,주식회사대호기어,2023,성숙기,0,24.44,0.0,55.25,48.13,16.98,46.19
1398601112,주식회사대호기어,2024,성숙기,0,53.17,0.0,58.94,38.88,11.35,47.1
1408100990,(주)코리아엘텍,2020,성숙기,0,100.0,0.0,62.42,60.99,3.32,50.67
1408100990,(주)코리아엘텍,2021,성숙기,0,25.99,0.0,38.9,54.41,0.09,47.05
1408100990,(주)코리아엘텍,2022,성숙기,0,44.25,0.0,54.23,36.93,0.51,47.63
1408100990,(주)코리아엘텍,2023,성숙기,0,24.44,0.0,55.25,47.92,0.32,48.74
1408101965,(주)앤로보틱스,2015,성숙기,0,38.29,5.6,0.0,42.59,1.3,50.5
1408101965,(주)앤로보틱스,2016,성숙기,0,35.48,0.0,19.68,45.78,55.85,80.85
1408101965,(주)앤로보틱스,2017,도입기,0,0.0,70.3,24.1,48.69,56.57,48.96
1408101965,(주)앤로보틱스,2018,도입기,0,56.96,75.8,92.35,48.02,86.8,63.49
1408101965,(주)앤로보틱스,2019,도입기,0,44.21,58.1,100.0,53.82,70.51,40.33
1408101965,(주)앤로보틱스,2020,도입기,1,100.0,68.6,62.42,61.84,86.23,59.23
1408103492,(주)동희산기,2015,조정기,0,38.29,28.5,0.0,62.5,8.64,53.53
1408103492,(주)동희산기,2016,성장기,0,35.48,2.2,19.68,59.94,4.92,48.81
1408103492,(주)동희산기,2017,조정기,0,0.0,35.9,24.1,56.92,1.79,46.62
1408103492,(주)동희산기,2018,도입기,0,56.96,75.8,92.35,57.25,15.25,53.87
1408103492,(주)동희산기,2019,도입기,0,44.21,58.1,100.0,54.45,10.44,46.96
1408103492,(주)동희산기,2020,도입기,0,100.0,68.6,62.42,67.25,63.93,80.05
1408103492,(주)동희산기,2021,성장기,0,25.99,1.9,38.9,53.78,88.38,62.75
1408103492,(주)동희산기,2022,쇠퇴기,1,44.25,100.0,54.23,31.75,52.13,25.1
1408103866,(주)제일이엔지,2018,성숙기,0,56.96,0.0,92.35,49.91,9.65,46.26
1408103866,(주)제일이엔지,2019,조정기,0,44.21,25.7,100.0,51.55,5.15,47.15
1408103866,(주)제일이엔지,2020,성숙기,0,100.0,0.0,62.42,60.99,0.02,47.84
1408103866,(주)제일이엔지,2021,성숙기,0,25.99,0.0,38.9,70.85,0.13,48.92
1408103866,(주)제일이엔지,2022,성숙기,0,44.25,0.0,54.23,35.56,5.81,50.7
1408103866,(주)제일이엔지,2023,쇠퇴기,0,24.44,100.0,55.25,48.91,61.59,81.36
1408103866,(주)제일이엔지,2024,조정기,0,53.17,27.2,58.94,40.34,61.03,49.73
1408106204,(주)오성산업기계,2018,성장기,0,56.96,1.0,92.35,49.91,4.06,46.26
1408106204,(주)오성산업기계,2019,성숙기,0,44.21,0.0,100.0,51.55,2.68,48.91
1408106204,(주)오성산업기계,2020,조정기,0,100.0,22.0,62.42,60.99,0.21,49.3
1408106204,(주)오성산업기계,2021,도입기,0,25.99,71.8,38.9,39.3,9.42,54.06
1408106204,(주)오성산업기계,2022,쇠퇴기,0,44.25,100.0,54.23,27.28,43.12,66.98
1408106204,(주)오성산업기계,2023,성숙기,0,24.44,0.0,55.25,38.9,0.96,24.86
1408106204,(주)오성산업기계,2024,쇠퇴기,0,53.17,100.0,58.94,31.51,87.63,98.08
1408106354,(주)세기,2020,성장기,0,100.0,0.8,62.42,,3.84,50.67
1408106354,(주)세기,2021,성장기,0,25.99,1.9,38.9,54.41,2.75,48.25
1408106354,(주)세기,2022,성장기,0,44.25,3.1,54.23,36.93,10.64,51.96
1408106354,(주)세기,2023,성장기,0,24.44,13.2,55.25,50.57,10.16,48.7
1408106354,(주)세기,2024,성숙기,0,53.17,0.0,58.94,38.36,15.48,53.16
1408107523,(주)파코엔지니어링,2015,도입기,0,38.29,65.4,0.0,42.08,8.92,13.62
1408107523,(주)파코엔지니어링,2016,성장기,0,35.48,2.2,19.68,67.78,52.72,74.92
1408107523,(주)파코엔지니어링,2017,성장기,0,0.0,1.7,24.1,67.14,35.73,38.74
1408107523,(주)파코엔지니어링,2018,성장기,0,56.96,1.0,92.35,68.93,91.61,77.94
1408107523,(주)파코엔지니어링,2019,성숙기,0,44.21,0.0,100.0,67.55,40.55,20.96
1408107523,(주)파코엔지니어링,2020,쇠퇴기,0,100.0,100.0,62.42,65.87,16.67,37.5
1408107523,(주)파코엔지니어링,2021,성숙기,0,25.99,0.0,38.9,57.62,3.88,41.68
1408107523,(주)파코엔지니어링,2022,쇠퇴기,0,44.25,100.0,54.23,42.8,21.21,57.47
1408107523,(주)파코엔지니어링,2023,쇠퇴기,0,24.44,100.0,55.25,55.55,18.76,47.69
1408107523,(주)파코엔지니어링,2024,쇠퇴기,0,53.17,100.0,58.94,45.22,91.24,90.19
1408110222,이노맥스,2015,성숙기,0,38.29,5.6,0.0,63.02,5.0,46.62
1408110222,이노맥스,2017,조정기,0,0.0,35.9,24.1,47.67,5.05,48.42
1408110222,이노맥스,2018,성장기,0,56.96,1.0,92.35,48.31,7.52,47.66
1408110222,이노맥스,2019,성숙기,0,44.21,0.0,100.0,44.26,1.56,46.35
1408110222,이노맥스,2021,성장기,0,25.99,1.9,38.9,47.32,43.31,48.84
1408110222,이노맥스,2022,성숙기,0,44.25,0.0,54.23,26.5,1.78,22.56
1408110222,이노맥스,2023,성장기,0,24.44,13.2,55.25,37.81,0.34,48.03
1408110222,이노맥스,2024,쇠퇴기,0,53.17,100.0,58.94,33.77,5.23,52.96
1408112744,(주)신명유압,2017,성장기,0,0.0,1.7,24.1,48.92,12.36,48.42
1408112744,(주)신명유압,2018,도입기,0,56.96,75.8,92.35,49.91,87.93,89.02
1408112744,(주)신명유압,2019,조정기,0,44.21,25.7,100.0,51.55,51.0,28.83
1408112744,(주)신명유압,2020,도입기,0,100.0,68.6,62.42,62.94,17.71,32.32
1408112744,(주)신명유압,2021,도입기,0,25.99,71.8,38.9,55.71,13.68,46.62
1408112744,(주)신명유압,2022,도입기,0,44.25,70.4,54.23,42.9,15.08,48.04
1408112744,(주)신명유압,2023,도입기,0,24.44,81.1,55.25,55.25,84.96,89.68
1408112744,(주)신명유압,2024,도입기,0,53.17,92.8,58.94,44.97,90.74,53.14
1408112900,(주)도아테크,2015,성장기,0,38.29,0.0,0.0,49.87,27.25,50.22
1408112900,(주)도아테크,2016,도입기,0,35.48,82.9,19.68,46.84,8.51,40.51
1408112900,(주)도아테크,2017,성숙기,0,0.0,0.0,24.1,48.92,42.87,68.23
1408112900,(주)도아테크,2018,조정기,0,56.96,38.0,92.35,29.25,35.52,42.21
1408112900,(주)도아테크,2019,조정기,0,44.21,25.7,100.0,64.32,88.79,79.22
1408112900,(주)도아테크,2020,조정기,0,100.0,22.0,62.42,77.45,63.64,36.75
1408112900,(주)도아테크,2021,조정기,0,25.99,24.6,38.9,67.17,69.02,52.0
1408112900,(주)도아테크,2022,성숙기,0,44.25,0.0,54.23,38.24,35.71,27.05
1408113253,에스티에이프로덕트(주),2021,성장기,0,25.99,1.9,38.9,54.41,3.27,48.84
1408113253,에스티에이프로덕트(주),2022,성숙기,0,44.25,0.0,54.23,36.93,0.08,45.48
1408113253,에스티에이프로덕트(주),2023,조정기,0,24.44,24.8,55.25,50.57,0.17,48.9
1408113253,에스티에이프로덕트(주),2024,성숙기,0,53.17,0.0,58.94,39.54,0.08,50.22
1408115697,(주)인성피앤비,2015,도입기,0,38.29,65.4,0.0,49.87,6.69,50.22
1408115697,(주)인성피앤비,2016,성장기,0,35.48,2.2,19.68,46.84,85.52,94.18
1408115697,(주)인성피앤비,2017,조정기,0,0.0,35.9,24.1,48.92,88.2,50.15
1408118980,(주)네오피엠씨,2017,성장기,0,0.0,1.7,24.1,48.92,7.16,48.42
1408118980,(주)네오피엠씨,2018,쇠퇴기,0,56.96,100.0,92.35,49.91,15.55,51.02
1408118980,(주)네오피엠씨,2019,성숙기,0,44.21,0.0,100.0,51.55,16.34,50.08
1408118980,(주)네오피엠씨,2020,성숙기,0,100.0,0.0,62.42,57.61,6.24,45.1
1408118980,(주)네오피엠씨,2021,성숙기,0,25.99,0.0,38.9,38.96,1.73,46.33
1408118980,(주)네오피엠씨,2022,성숙기,0,44.25,0.0,54.23,29.3,2.2,47.63
1408118980,(주)네오피엠씨,2023,성숙기,0,24.44,0.0,55.25,44.24,7.03,51.68
1408118980,(주)네오피엠씨,2024,성숙기,0,53.17,0.0,58.94,36.16,1.65,47.27
1408119413,백광이엔지주식회사,2022,성장기,0,44.25,3.1,54.23,36.93,17.62,47.42
1408119413,백광이엔지주식회사,2023,성숙기,0,24.44,0.0,55.25,50.57,10.06,44.67
1408119413,백광이엔지주식회사,2024,도입기,0,53.17,92.8,58.94,40.55,16.09,53.56
1408120486,남해이엔씨주식회사,2016,도입기,0,35.48,82.9,19.68,46.84,28.91,51.01
1408120486,남해이엔씨주식회사,2017,쇠퇴기,0,0.0,100.0,24.1,48.92,95.61,86.93
1408120486,남해이엔씨주식회사,2018,조정기,1,56.96,38.0,92.35,49.91,97.48,47.56
1408120695,주식회사한텍시스템,2022,성장기,0,44.25,3.1,54.23,36.93,11.03,47.42
1408120695,주식회사한텍시스템,2023,조정기,0,24.44,24.8,55.25,50.57,88.99,94.32
1408120695,주식회사한텍시스템,2024,조정기,0,53.17,27.2,58.94,40.55,10.89,6.85
1408122728,디에스워터젯,2015,성장기,0,38.29,0.0,0.0,49.87,12.7,50.22
1408122728,디에스워터젯,2016,조정기,0,35.48,33.5,19.68,46.84,90.22,93.45
1408122728,디에스워터젯,2017,도입기,0,0.0,70.3,24.1,48.92,18.19,7.09
1408122728,디에스워터젯,2018,성숙기,0,56.96,0.0,92.35,45.67,5.67,39.22
1408122728,디에스워터젯,2019,성숙기,0,44.21,0.0,100.0,53.14,5.35,49.5
1408122728,디에스워터젯,2020,성숙기,0,100.0,0.0,62.42,61.85,2.64,49.17
1408122728,디에스워터젯,2021,성숙기,0,25.99,0.0,38.9,54.87,1.6,48.28
1408122728,디에스워터젯,2022,성숙기,0,44.25,0.0,54.23,39.9,1.43,47.27
1408122728,디에스워터젯,2023,성숙기,0,24.44,0.0,55.25,52.9,0.42,48.28
1408122728,디에스워터젯,2024,성숙기,0,53.17,0.0,58.94,42.62,2.42,51.37
1408123504,우양피엘텍(주),2019,도입기,0,44.21,58.1,100.0,51.55,14.58,49.68
1408123504,우양피엘텍(주),2020,성숙기,0,100.0,0.0,62.42,60.99,21.16,54.27
1408123504,우양피엘텍(주),2021,성숙기,0,25.99,0.0,38.9,54.41,9.3,42.21
1408123504,우양피엘텍(주),2022,성숙기,0,44.25,0.0,54.23,37.64,22.17,54.8
1408123504,우양피엘텍(주),2023,성장기,0,24.44,13.2,55.25,50.78,67.06,75.23
1408123504,우양피엘텍(주),2024,성장기,0,53.17,16.0,58.94,41.39,41.11,35.7
1408125399,(주)제이티에스,2022,성숙기,0,44.25,0.0,54.23,36.93,18.03,47.42
1408125399,(주)제이티에스,2023,도입기,0,24.44,81.1,55.25,50.57,26.7,54.11
1408125399,(주)제이티에스,2024,도입기,0,53.17,92.8,58.94,40.55,29.66,51.8
1408125690,포이스주식회사,2018,성장기,0,56.96,1.0,92.35,49.91,5.04,46.26
1408125690,포이스주식회사,2019,성장기,0,44.21,2.1,100.0,51.55,1.19,47.53
1408125690,포이스주식회사,2020,성장기,0,100.0,0.8,62.42,60.99,0.72,50.41
1408125690,포이스주식회사,2021,성숙기,0,25.99,0.0,38.9,48.75,0.08,48.5
1408125690,포이스주식회사,2022,성숙기,0,44.25,0.0,54.23,43.47,0.14,47.42
1408125690,포이스주식회사,2023,성숙기,0,24.44,0.0,55.25,58.04,0.14,48.85
1408125690,포이스주식회사,2024,성숙기,0,53.17,0.0,58.94,46.91,0.07,50.23
1408128722,(주)엠아이티플러스,2015,성장기,0,38.29,0.0,0.0,49.87,15.28,50.22
1408128722,(주)엠아이티플러스,2016,쇠퇴기,0,35.48,100.0,19.68,46.84,74.68,83.49
1408128722,(주)엠아이티플러스,2017,성숙기,0,0.0,0.0,24.1,48.92,8.39,10.37
1408128722,(주)엠아이티플러스,2018,성숙기,0,56.96,0.0,92.35,47.71,10.41,47.42
1408128722,(주)엠아이티플러스,2019,성숙기,0,44.21,0.0,100.0,58.96,62.09,78.42
1408128722,(주)엠아이티플러스,2020,성장기,0,100.0,0.8,62.42,72.41,90.67,66.31
1408128722,(주)엠아이티플러스,2021,쇠퇴기,0,25.99,100.0,38.9,67.71,79.93,42.95
1408128722,(주)엠아이티플러스,2022,도입기,1,44.25,70.4,54.23,44.34,51.85,29.98
1408133360,(주)에이피테크,2022,성장기,0,44.25,3.1,54.23,36.93,17.04,47.42
1408133360,(주)에이피테크,2023,조정기,0,24.44,24.8,55.25,50.57,8.9,44.32
1408133360,(주)에이피테크,2024,쇠퇴기,0,53.17,100.0,58.94,40.55,11.13,51.47
1408133429,(주)유니콘시스템,2019,성장기,0,44.21,2.1,100.0,51.55,4.72,49.68
1408133429,(주)유니콘시스템,2020,도입기,0,100.0,68.6,62.42,60.99,6.37,51.56
1408133429,(주)유니콘시스템,2021,성숙기,0,25.99,0.0,38.9,54.41,10.14,51.0
1408133429,(주)유니콘시스템,2022,조정기,0,44.25,26.1,54.23,30.71,12.0,48.35
1408133429,(주)유니콘시스템,2023,도입기,0,24.44,81.1,55.25,45.59,5.7,45.33
1408133429,(주)유니콘시스템,2024,조정기,0,53.17,27.2,58.94,33.68,3.06,48.79
1408134729,(주)에스지이에너지,2015,쇠퇴기,0,38.29,100.0,0.0,49.87,10.56,51.79
1408134729,(주)에스지이에너지,2016,성숙기,0,35.48,0.0,19.68,46.84,68.46,82.67
1408134729,(주)에스지이에너지,2017,쇠퇴기,0,0.0,100.0,24.1,42.79,61.09,44.32
1408134923,(주)케이지엠,2019,성장기,0,44.21,2.1,100.0,51.55,13.03,49.68
1408134923,(주)케이지엠,2020,성장기,0,100.0,0.8,62.42,60.99,17.07,52.87
1408134923,(주)케이지엠,2021,성장기,0,25.99,1.9,38.9,54.41,23.5,52.51
1408134923,(주)케이지엠,2022,성장기,0,44.25,3.1,54.23,37.55,16.92,43.25
1408134923,(주)케이지엠,2023,성숙기,0,24.44,0.0,55.25,50.82,75.05,82.87
1408134923,(주)케이지엠,2024,성숙기,0,53.17,0.0,58.94,40.74,88.87,57.61
1408141443,주식회사한텍,2022,성숙기,0,44.25,0.0,54.23,36.93,3.42,47.42
1408141443,주식회사한텍,2023,성숙기,0,24.44,0.0,55.25,50.57,0.25,47.05
1408141443,주식회사한텍,2024,성숙기,0,53.17,0.0,58.94,40.55,0.25,50.27
1408149348,(주)에스엠티,2015,도입기,0,38.29,65.4,0.0,49.87,23.99,54.45
1408149348,(주)에스엠티,2016,도입기,0,35.48,82.9,19.68,46.84,14.94,45.84
1408150641,(주)파워렉스코리아,2015,성장기,0,38.29,0.0,0.0,49.87,18.67,52.9
1408150641,(주)파워렉스코리아,2016,조정기,0,35.48,33.5,19.68,43.3,11.44,46.86
1408150641,(주)파워렉스코리아,2017,성장기,0,0.0,1.7,24.1,46.5,5.12,44.79
1408150641,(주)파워렉스코리아,2018,조정기,0,56.96,38.0,92.35,46.64,16.6,52.76
1408150641,(주)파워렉스코리아,2019,쇠퇴기,0,44.21,100.0,100.0,54.58,45.29,65.6
1408150641,(주)파워렉스코리아,2020,성숙기,0,100.0,0.0,62.42,61.47,37.86,46.53
1408150641,(주)파워렉스코리아,2021,쇠퇴기,1,25.99,100.0,38.9,55.73,91.35,79.08
1408151539,(주)디티아이코리아,2015,성장기,0,38.29,0.0,0.0,49.87,13.35,50.22
1408151539,(주)디티아이코리아,2016,성숙기,0,35.48,0.0,19.68,46.84,93.71,95.01
1408151539,(주)디티아이코리아,2017,쇠퇴기,0,0.0,100.0,24.1,48.92,94.68,49.19
1408152708,주식회사롤포밍,2017,성장기,0,0.0,1.7,24.1,48.92,14.11,48.42
1408152708,주식회사롤포밍,2018,조정기,0,56.96,38.0,92.35,49.91,15.5,47.08
1408152708,주식회사롤포밍,2019,성장기,0,44.21,2.1,100.0,51.55,17.87,50.96
1408152708,주식회사롤포밍,2020,쇠퇴기,0,100.0,100.0,62.42,63.16,89.85,90.2
1408152708,주식회사롤포밍,2021,성장기,0,25.99,1.9,38.9,61.11,27.19,13.68
1408152708,주식회사롤포밍,2022,성숙기,0,44.25,0.0,54.23,41.29,91.1,84.44
1408152708,주식회사롤포밍,2023,조정기,0,24.44,24.8,55.25,54.89,15.57,6.05
1408152708,주식회사롤포밍,2024,도입기,0,53.17,92.8,58.94,44.52,35.5,61.2
1408154287,케이피엔티주식회사,2021,쇠퇴기,0,25.99,100.0,38.9,54.41,4.69,48.84
1408154287,케이피엔티주식회사,2022,성장기,0,44.25,3.1,54.23,36.93,45.07,70.95
1408154287,케이피엔티주식회사,2023,도입기,0,24.44,81.1,55.25,50.57,89.2,75.08
1408154287,케이피엔티주식회사,2024,성장기,0,53.17,16.0,58.94,44.95,28.84,16.63
1408157251,주식회사다올정밀,2018,성장기,0,56.96,1.0,92.35,49.91,10.28,46.26
1408157251,주식회사다올정밀,2019,도입기,0,44.21,58.1,100.0,51.55,40.24,66.33
1408157251,주식회사다올정밀,2020,조정기,0,100.0,22.0,62.42,60.99,12.89,35.59
1408157251,주식회사다올정밀,2021,성숙기,0,25.99,0.0,38.9,47.24,15.68,50.46
1408157251,주식회사다올정밀,2022,성숙기,0,44.25,0.0,54.23,34.92,7.2,42.23
1408157251,주식회사다올정밀,2023,성숙기,0,24.44,0.0,55.25,48.08,23.95,58.68
1408157251,주식회사다올정밀,2024,성숙기,0,53.17,0.0,58.94,39.01,8.89,41.86
1408160227,(주)우리엔지니어링,2016,성장기,0,35.48,2.2,19.68,46.84,3.35,51.01
1408160227,(주)우리엔지니어링,2017,성장기,0,0.0,1.7,24.1,48.92,14.96,55.11
1408160227,(주)우리엔지니어링,2018,성장기,0,56.96,1.0,92.35,49.91,10.33,43.67
1408160227,(주)우리엔지니어링,2019,성장기,0,44.21,2.1,100.0,72.73,65.69,80.46
1408160227,(주)우리엔지니어링,2020,조정기,0,100.0,22.0,62.42,74.7,4.56,17.0
1408160227,(주)우리엔지니어링,2021,쇠퇴기,0,25.99,100.0,38.9,69.25,5.06,49.15
1408163302,태진MC,2021,쇠퇴기,0,25.99,100.0,38.9,54.41,37.77,48.84
1408163302,태진MC,2022,성장기,0,44.25,3.1,54.23,36.93,41.64,49.19
1408163302,태진MC,2023,도입기,1,24.44,81.1,55.25,50.57,92.46,78.92
1408165519,(주)대운씨스템,2016,성장기,0,35.48,2.2,19.68,46.84,3.34,51.01
1408165519,(주)대운씨스템,2017,성장기,0,0.0,1.7,24.1,48.92,0.1,46.55
1408165519,(주)대운씨스템,2018,성장기,0,56.96,1.0,92.35,49.91,2.28,47.48
1408165519,(주)대운씨스템,2019,성장기,0,44.21,2.1,100.0,56.55,6.53,52.05
1408165519,(주)대운씨스템,2020,도입기,0,100.0,68.6,62.42,64.12,29.53,63.3
1408165519,(주)대운씨스템,2021,조정기,0,25.99,24.6,38.9,49.88,85.7,80.58
1408169117,(주)유진프로텍,2016,성장기,0,35.48,2.2,19.68,46.84,15.24,51.01
1408169117,(주)유진프로텍,2017,조정기,0,0.0,35.9,24.1,48.92,23.94,53.46
1408169117,(주)유진프로텍,2018,조정기,0,56.96,38.0,92.35,49.91,15.47,41.52
1408169117,(주)유진프로텍,2019,조정기,0,44.21,25.7,100.0,52.95,16.99,50.49
1408169117,(주)유진프로텍,2021,조정기,0,25.99,24.6,38.9,55.85,13.37,48.84
1408169117,(주)유진프로텍,2022,쇠퇴기,0,44.25,100.0,54.23,44.78,23.0,52.85
1408169117,(주)유진프로텍,2023,성장기,0,24.44,13.2,55.25,56.58,19.34,47.01
1408169117,(주)유진프로텍,2024,성숙기,0,53.17,0.0,58.94,46.46,16.68,48.73
1408175716,(주)디에스아이,2017,성장기,0,0.0,1.7,24.1,48.92,14.35,48.42
1408175716,(주)디에스아이,2018,도입기,0,56.96,75.8,92.35,49.91,22.07,50.66
1408175716,(주)디에스아이,2019,성장기,0,44.21,2.1,100.0,51.55,28.23,53.05
1408175716,(주)디에스아이,2020,조정기,0,100.0,22.0,62.42,64.57,94.72,87.17
1408176409,주식회사엘씨테크,2020,도입기,0,100.0,68.6,62.42,60.99,36.54,50.67
1408176409,주식회사엘씨테크,2021,성장기,0,25.99,1.9,38.9,54.41,95.62,82.23
1408176409,주식회사엘씨테크,2022,성숙기,1,44.25,0.0,54.23,36.93,94.77,45.72
1408189165,주식회사삼우오토메이션,2018,성장기,0,56.96,1.0,92.35,49.91,4.22,46.26
1408189165,주식회사삼우오토메이션,2019,성장기,0,44.21,2.1,100.0,51.55,0.7,47.72
1408189165,주식회사삼우오토메이션,2024,성장기,0,53.17,16.0,58.94,40.55,0.09,50.27
1418100616,(주)엘피케이로보틱스,2020,쇠퇴기,0,100.0,100.0,62.42,60.99,82.0,50.67
1418100616,(주)엘피케이로보틱스,2021,성숙기,0,25.99,0.0,38.9,54.41,2.15,3.97
1418100616,(주)엘피케이로보틱스,2022,성숙기,0,44.25,0.0,54.23,30.71,2.15,47.35
1418100616,(주)엘피케이로보틱스,2024,성숙기,0,53.17,0.0,58.94,36.41,2.77,50.27
1418103291,성광엘리베이터주식회사,2015,성숙기,0,38.29,5.6,0.0,49.07,52.93,58.96
1418103291,성광엘리베이터주식회사,2016,성숙기,0,35.48,0.0,19.68,46.38,41.36,44.39
1418103291,성광엘리베이터주식회사,2017,성숙기,0,0.0,0.0,24.1,48.48,20.12,36.27
1418103291,성광엘리베이터주식회사,2018,성장기,0,56.96,1.0,92.35,50.3,25.84,49.53
1418103291,성광엘리베이터주식회사,2019,성장기,0,44.21,2.1,100.0,52.98,82.43,81.1
1418103291,성광엘리베이터주식회사,2020,성장기,0,100.0,0.8,62.42,63.22,63.05,39.93
1418103291,성광엘리베이터주식회사,2021,도입기,1,25.99,71.8,38.9,57.1,97.15,68.19
1418104742,주식회사세명하이트,2018,도입기,0,56.96,75.8,92.35,49.91,14.83,46.26
1418104742,주식회사세명하이트,2019,성숙기,0,44.21,0.0,100.0,51.55,0.22,41.51
1418104742,주식회사세명하이트,2020,성숙기,0,100.0,0.0,62.42,60.99,0.58,50.87
1418104742,주식회사세명하이트,2021,성숙기,0,25.99,0.0,38.9,50.07,4.95,51.32
1418104742,주식회사세명하이트,2022,도입기,0,44.25,70.4,54.23,34.4,22.3,57.47
1418104742,주식회사세명하이트,2023,도입기,0,24.44,81.1,55.25,46.96,59.04,70.49
1418104742,주식회사세명하이트,2024,성숙기,0,53.17,0.0,58.94,37.87,56.52,48.66
1418112413,(주)에이피,2016,성장기,0,35.48,2.2,19.68,46.84,3.45,51.01
1418112413,(주)에이피,2017,성숙기,0,0.0,0.0,24.1,48.92,0.02,46.44
1418112413,(주)에이피,2018,성숙기,0,56.96,0.0,92.35,49.91,0.06,46.27
1418112413,(주)에이피,2019,성숙기,0,44.21,0.0,100.0,53.72,0.15,49.74
1418112413,(주)에이피,2020,성숙기,0,100.0,0.0,62.42,63.78,40.27,72.72
1418112413,(주)에이피,2021,쇠퇴기,0,25.99,100.0,38.9,59.04,56.81,58.25
1418112413,(주)에이피,2022,성장기,0,44.25,3.1,54.23,36.67,7.84,18.04
1418112413,(주)에이피,2023,성장기,0,24.44,13.2,55.25,50.32,0.18,44.49
1418112413,(주)에이피,2024,성장기,0,53.17,16.0,58.94,40.16,0.24,50.3
1418119871,(주)대성이앤티,2019,조정기,0,44.21,25.7,100.0,51.55,11.4,49.68
1418119871,(주)대성이앤티,2020,도입기,0,100.0,68.6,62.42,60.99,78.08,87.3
1418119871,(주)대성이앤티,2021,성숙기,0,25.99,0.0,38.9,54.41,18.36,15.31
1418119871,(주)대성이앤티,2022,도입기,0,44.25,70.4,54.23,41.66,97.99,93.74
1418119871,(주)대성이앤티,2023,성장기,0,24.44,13.2,55.25,54.34,66.64,31.83
1418119871,(주)대성이앤티,2024,쇠퇴기,0,53.17,100.0,58.94,45.62,97.09,66.82
1418142090,에스디지주식회사,2017,도입기,0,0.0,70.3,24.1,48.92,37.67,48.42
1418142090,에스디지주식회사,2018,도입기,0,56.96,75.8,92.35,49.91,97.57,80.23
1418142090,에스디지주식회사,2019,도입기,1,44.21,58.1,100.0,51.55,94.8,47.81
1418802200,주식회사이노베이션,2021,성장기,0,25.99,1.9,38.9,54.41,3.83,48.84
1418802200,주식회사이노베이션,2022,성장기,0,44.25,3.1,54.23,36.93,1.56,46.01
1418802200,주식회사이노베이션,2023,성장기,0,24.44,13.2,55.25,50.57,68.25,87.66
1428109833,주식회사아센디아,2015,성숙기,0,38.29,5.6,0.0,49.87,0.41,50.28
1428109833,주식회사아센디아,2016,성숙기,0,35.48,0.0,19.68,41.41,7.5,54.77
1428109833,주식회사아센디아,2017,성숙기,0,0.0,0.0,24.1,44.39,0.8,44.56
1428109833,주식회사아센디아,2018,조정기,0,56.96,38.0,92.35,45.11,0.56,46.12
1428109833,주식회사아센디아,2019,성숙기,0,44.21,0.0,100.0,45.86,0.68,49.76
1428109833,주식회사아센디아,2020,성숙기,0,100.0,0.0,62.42,62.2,0.61,50.62
1428109833,주식회사아센디아,2021,성숙기,0,25.99,0.0,38.9,51.94,82.4,94.98
1428109833,주식회사아센디아,2022,성숙기,0,44.25,0.0,54.23,,13.09,5.84
1428109833,주식회사아센디아,2023,도입기,0,24.44,81.1,55.25,41.04,16.78,51.15
1428109833,주식회사아센디아,2024,성장기,0,53.17,16.0,58.94,33.3,39.71,62.86
1428113230,씨앤디세미주식회사,2019,성숙기,0,44.21,0.0,100.0,51.55,3.75,49.68
1428113230,씨앤디세미주식회사,2020,성장기,0,100.0,0.8,62.42,60.99,0.46,48.85
1428113230,씨앤디세미주식회사,2021,조정기,0,25.99,24.6,38.9,54.41,6.23,52.11
1428113230,씨앤디세미주식회사,2022,성숙기,0,44.25,0.0,54.23,30.75,0.2,43.78
1428113230,씨앤디세미주식회사,2023,조정기,0,24.44,24.8,55.25,45.78,5.63,52.01
1428113230,씨앤디세미주식회사,2024,쇠퇴기,0,53.17,100.0,58.94,34.85,23.92,60.34
1428114049,(주)이노메트리,2017,성장기,0,0.0,1.7,24.1,48.92,3.74,48.42
1428114049,(주)이노메트리,2018,성장기,0,56.96,1.0,92.35,49.91,0.11,44.21
1428114049,(주)이노메트리,2019,성장기,0,44.21,2.1,100.0,51.55,6.5,53.25
1428114049,(주)이노메트리,2020,조정기,0,100.0,22.0,62.42,62.32,46.0,72.36
1428114049,(주)이노메트리,2021,조정기,0,25.99,24.6,38.9,62.26,4.74,25.67
1428114049,(주)이노메트리,2022,조정기,0,44.25,26.1,54.23,52.54,0.07,44.59
1428114049,(주)이노메트리,2023,쇠퇴기,0,24.44,100.0,55.25,63.5,4.48,51.41
1428114049,(주)이노메트리,2024,성숙기,0,53.17,0.0,58.94,51.38,46.9,73.66
1428115145,(주)조인테크놀러지,2018,도입기,0,56.96,75.8,92.35,49.91,4.12,46.26
1428115145,(주)조인테크놀러지,2019,성숙기,0,44.21,0.0,100.0,51.55,0.6,47.72
1428115145,(주)조인테크놀러지,2020,성숙기,0,100.0,0.0,62.42,60.99,1.9,51.38
1428115145,(주)조인테크놀러지,2021,성숙기,0,25.99,0.0,38.9,59.95,3.28,49.65
1428115145,(주)조인테크놀러지,2022,성숙기,0,44.25,0.0,54.23,42.05,0.33,45.61
1428115145,(주)조인테크놀러지,2023,성숙기,0,24.44,0.0,55.25,57.84,0.92,49.2
1428115145,(주)조인테크놀러지,2024,성숙기,0,53.17,0.0,58.94,47.41,7.28,53.77
1428116483,주식회사위솔루션,2015,조정기,0,38.29,28.5,0.0,100.0,13.59,47.47
1428116483,주식회사위솔루션,2016,도입기,0,35.48,82.9,19.68,40.55,14.11,51.13
1428116498,(주)에프엠에스코리아,2020,성장기,0,100.0,0.8,62.42,60.99,14.88,50.67
1428116498,(주)에프엠에스코리아,2021,도입기,0,25.99,71.8,38.9,54.41,84.79,88.31
1428116498,(주)에프엠에스코리아,2022,성숙기,0,44.25,0.0,54.23,36.93,85.11,46.54
1428116498,(주)에프엠에스코리아,2023,도입기,1,24.44,81.1,55.25,48.83,92.45,54.17
1428117482,주식회사리소텍,2021,성숙기,0,25.99,0.0,38.9,54.41,23.62,48.84
1428117482,주식회사리소텍,2022,도입기,0,44.25,70.4,54.23,36.93,13.05,40.91
1428117482,주식회사리소텍,2023,성숙기,0,24.44,0.0,55.25,50.57,2.14,42.67
1428117482,주식회사리소텍,2024,도입기,0,53.17,92.8,58.94,34.66,7.88,53.42
1428117667,(주)제이에스티,2018,조정기,0,56.96,38.0,92.35,49.91,3.45,46.26
1428117667,(주)제이에스티,2019,도입기,0,44.21,58.1,100.0,51.55,72.42,88.07
1428117667,(주)제이에스티,2020,쇠퇴기,0,100.0,100.0,62.42,60.99,73.54,51.21
1428117667,(주)제이에스티,2021,조정기,0,25.99,24.6,38.9,52.3,35.58,27.58
1428134026,주식회사세미스트,2015,성장기,0,38.29,0.0,0.0,49.87,9.39,45.75
1428134026,주식회사세미스트,2016,쇠퇴기,0,35.48,100.0,19.68,49.54,42.78,69.2
1428134026,주식회사세미스트,2017,조정기,0,0.0,35.9,24.1,50.12,88.13,74.65
1428146916,주식회사에이펙코리아,2020,성장기,0,100.0,0.8,62.42,60.99,9.41,50.67
1428146916,주식회사에이펙코리아,2021,성장기,0,25.99,1.9,38.9,54.41,5.76,46.82
1428146916,주식회사에이펙코리아,2022,성장기,0,44.25,3.1,54.23,36.93,9.51,49.51
1428146916,주식회사에이펙코리아,2023,성장기,0,24.44,13.2,55.25,50.65,17.42,53.56
1428146916,주식회사에이펙코리아,2024,성장기,0,53.17,16.0,58.94,40.73,12.6,47.55
1428158222,주식회사쌤빛,2018,도입기,0,56.96,75.8,92.35,49.91,12.44,46.26
1428158222,주식회사쌤빛,2019,도입기,0,44.21,58.1,100.0,51.55,8.49,47.45
1428158222,주식회사쌤빛,2020,도입기,0,100.0,68.6,62.42,60.99,83.96,92.13
1428158222,주식회사쌤빛,2021,성숙기,0,25.99,0.0,38.9,52.63,4.18,4.02
1438101533,(주)파인테크글로벌,2020,성장기,0,100.0,0.8,62.42,60.99,10.29,50.67
1438101533,(주)파인테크글로벌,2021,쇠퇴기,0,25.99,100.0,38.9,54.41,45.38,68.66
1438101533,(주)파인테크글로벌,2022,조정기,0,44.25,26.1,54.23,36.93,71.15,61.91
1438102264,(주)티에스시,2020,성장기,0,100.0,0.8,62.42,60.99,5.25,50.67
1438102264,(주)티에스시,2021,성장기,0,25.99,1.9,38.9,54.41,4.02,48.18
1438102264,(주)티에스시,2022,성장기,0,44.25,3.1,54.23,36.93,7.46,49.34
1438102264,(주)티에스시,2023,성숙기,0,24.44,0.0,55.25,51.65,9.93,50.38
1438102264,(주)티에스시,2024,성장기,0,53.17,16.0,58.94,42.07,8.76,49.58
1438103322,(주)해인씨앤에스,2021,조정기,0,25.99,24.6,38.9,54.41,13.31,48.84
1438103322,(주)해인씨앤에스,2022,성숙기,0,44.25,0.0,54.23,36.93,49.31,68.28
1438103322,(주)해인씨앤에스,2023,쇠퇴기,0,24.44,100.0,55.25,50.57,74.79,64.28
1438104302,주식회사제이엠몰드,2022,성장기,0,44.25,3.1,54.23,36.93,3.56,47.42
1438104302,주식회사제이엠몰드,2023,성장기,0,24.44,13.2,55.25,50.57,2.85,48.48
1438104302,주식회사제이엠몰드,2024,성장기,0,53.17,16.0,58.94,40.55,7.52,52.83
1438108536,(주)한승테크노,2017,성장기,0,0.0,1.7,24.1,48.92,15.31,48.42
1438108536,(주)한승테크노,2018,도입기,0,56.96,75.8,92.35,49.91,17.0,47.25
1438108536,(주)한승테크노,2019,도입기,0,44.21,58.1,100.0,51.55,16.6,49.41
1438108536,(주)한승테크노,2020,도입기,0,100.0,68.6,62.42,62.07,92.39,92.3
1438111443,(주)토야테크,2015,도입기,0,38.29,65.4,0.0,49.87,94.83,77.92
1438111443,(주)토야테크,2016,도입기,1,35.48,82.9,19.68,46.84,96.35,51.49
1438114265,주식회사퓨젠,2022,성장기,0,44.25,3.1,54.23,36.93,12.47,47.42
1438114265,주식회사퓨젠,2023,도입기,0,24.44,81.1,55.25,50.57,89.28,93.68
1438114265,주식회사퓨젠,2024,도입기,0,53.17,92.8,58.94,40.55,92.39,51.65
1438115492,경기순환자원주식회사,2015,도입기,0,38.29,65.4,0.0,49.87,37.55,50.22
1438115492,경기순환자원주식회사,2016,도입기,0,35.48,82.9,19.68,46.84,94.82,82.26
1438115492,경기순환자원주식회사,2017,도입기,1,0.0,70.3,24.1,48.92,96.95,49.86
1438121034,서안산업주식회사,2015,도입기,0,38.29,65.4,0.0,49.87,27.11,58.88
1438121034,서안산업주식회사,2016,도입기,0,35.48,82.9,19.68,46.84,19.62,46.69
1438121034,서안산업주식회사,2017,성숙기,0,0.0,0.0,24.1,83.1,14.39,45.44
1438121034,서안산업주식회사,2018,성숙기,0,56.96,0.0,92.35,77.09,15.18,46.73
1438121034,서안산업주식회사,2019,성숙기,0,44.21,0.0,100.0,68.55,14.3,49.15
1438121034,서안산업주식회사,2020,성숙기,0,100.0,0.0,62.42,71.86,27.01,57.63
1438121034,서안산업주식회사,2021,성숙기,0,25.99,0.0,38.9,67.75,17.26,43.41
1438121034,서안산업주식회사,2022,성숙기,0,44.25,0.0,54.23,44.9,6.4,40.82
1438121034,서안산업주식회사,2023,도입기,0,24.44,81.1,55.25,57.11,70.19,86.03
1438121034,서안산업주식회사,2024,성숙기,0,53.17,0.0,58.94,46.7,56.34,42.36
1438123274,(주)정광,2019,성장기,0,44.21,2.1,100.0,51.55,3.74,49.68
1438123274,(주)정광,2020,성숙기,0,100.0,0.0,62.42,60.99,0.51,48.89
1438123274,(주)정광,2021,쇠퇴기,0,25.99,100.0,38.9,54.41,80.64,94.04
1438123274,(주)정광,2022,성숙기,0,44.25,0.0,54.23,29.58,4.1,1.62
1438123274,(주)정광,2023,성숙기,0,24.44,0.0,55.25,47.76,0.68,46.91
1438123274,(주)정광,2024,성숙기,0,53.17,0.0,58.94,37.32,0.61,50.22
1438125781,(주)제이에스케이유더블유에이,2017,도입기,0,0.0,70.3,24.1,48.92,5.78,48.42
1438125781,(주)제이에스케이유더블유에이,2018,성장기,0,56.96,1.0,92.35,49.91,27.66,58.64
1438125781,(주)제이에스케이유더블유에이,2019,성숙기,0,44.21,0.0,100.0,51.55,32.4,52.23
1438125781,(주)제이에스케이유더블유에이,2020,도입기,0,100.0,68.6,62.42,62.6,27.51,47.95
1438125781,(주)제이에스케이유더블유에이,2021,쇠퇴기,0,25.99,100.0,38.9,47.19,94.3,86.56
1438125781,(주)제이에스케이유더블유에이,2023,성장기,0,24.44,13.2,55.25,45.69,24.13,48.85
1438125781,(주)제이에스케이유더블유에이,2024,쇠퇴기,0,53.17,100.0,58.94,36.47,78.89,80.39
1438126193,씨엠텍21(주),2018,성장기,0,56.96,1.0,92.35,49.91,13.94,46.26
1438126193,씨엠텍21(주),2019,도입기,0,44.21,58.1,100.0,51.55,13.41,49.35
1438126193,씨엠텍21(주),2020,조정기,0,100.0,22.0,62.42,60.99,98.3,97.3
1448106851,주식회사엘케이엔지니어링,2017,성숙기,0,0.0,0.0,24.1,48.92,4.23,48.42
1448106851,주식회사엘케이엔지니어링,2018,성숙기,0,56.96,0.0,92.35,49.91,0.28,44.03
1448106851,주식회사엘케이엔지니어링,2019,성숙기,0,44.21,0.0,100.0,51.55,0.39,49.75
1448106851,주식회사엘케이엔지니어링,2020,성숙기,0,100.0,0.0,62.42,54.78,0.56,50.76
1448106851,주식회사엘케이엔지니어링,2021,성숙기,0,25.99,0.0,38.9,48.82,0.64,48.91
1448106851,주식회사엘케이엔지니어링,2022,성숙기,0,44.25,0.0,54.23,32.15,0.93,47.55
1448106851,주식회사엘케이엔지니어링,2023,성숙기,0,24.44,0.0,55.25,46.8,0.57,48.65
1448106851,주식회사엘케이엔지니어링,2024,성숙기,0,53.17,0.0,58.94,37.37,0.32,50.13
1448134361,(주)브이에이디인스트루먼트,2020,성장기,0,100.0,0.8,62.42,60.99,31.19,50.67
1448134361,(주)브이에이디인스트루먼트,2021,도입기,0,25.99,71.8,38.9,54.41,95.44,85.14
1448134361,(주)브이에이디인스트루먼트,2022,쇠퇴기,1,44.25,100.0,54.23,36.93,97.88,47.65
1488701239,(주)스마트공작기계코리아,2022,도입기,0,44.25,70.4,54.23,36.93,5.68,47.42
1488701239,(주)스마트공작기계코리아,2023,성숙기,0,24.44,0.0,55.25,50.57,1.24,46.34
1488701239,(주)스마트공작기계코리아,2024,도입기,0,53.17,92.8,58.94,40.55,5.63,52.68
1498800870,시너스텍주식회사,2018,쇠퇴기,0,56.96,100.0,92.35,49.91,3.65,46.26
1498800870,시너스텍주식회사,2019,도입기,0,44.21,58.1,100.0,51.55,5.27,50.58
1498800870,시너스텍주식회사,2020,조정기,0,100.0,22.0,62.42,60.99,0.51,48.05
1498800870,시너스텍주식회사,2021,조정기,0,25.99,24.6,38.9,51.91,5.08,51.44
1498800870,시너스텍주식회사,2022,조정기,0,44.25,26.1,54.23,32.4,7.98,49.02
1498800870,시너스텍주식회사,2023,성장기,0,24.44,13.2,55.25,45.41,0.49,44.59
1498800870,시너스텍주식회사,2024,도입기,0,53.17,92.8,58.94,36.76,52.36,78.88
1508800263,(주)아스토,2021,도입기,0,25.99,71.8,38.9,54.41,12.86,48.84
1508800263,(주)아스토,2022,성장기,0,44.25,3.1,54.23,36.93,76.35,84.37
1508800263,(주)아스토,2023,쇠퇴기,0,24.44,100.0,55.25,50.57,98.39,62.61
1508800263,(주)아스토,2024,조정기,1,53.17,27.2,58.94,42.6,83.4,41.63
1508801336,피에스케이(주),2019,조정기,0,44.21,25.7,100.0,51.55,4.15,49.68
1508801336,피에스케이(주),2020,성장기,0,100.0,0.8,62.42,60.99,0.3,48.54
1508801336,피에스케이(주),2021,성장기,0,25.99,1.9,38.9,54.41,0.14,48.77
1508801336,피에스케이(주),2022,성장기,0,44.25,3.1,54.23,38.25,0.48,47.58
1508801336,피에스케이(주),2023,성숙기,0,24.44,0.0,55.25,51.15,0.32,48.76
1508801336,피에스케이(주),2024,성숙기,0,53.17,0.0,58.94,41.95,0.28,50.24
1518601825,(주)필에너지,2020,성장기,0,100.0,0.8,62.42,60.99,27.27,50.67
1518601825,(주)필에너지,2021,도입기,0,25.99,71.8,38.9,,7.49,37.75
1518601825,(주)필에너지,2022,도입기,0,44.25,70.4,54.23,36.93,7.72,47.42
1518601825,(주)필에너지,2023,도입기,0,24.44,81.1,55.25,50.57,15.65,53.56
1518601825,(주)필에너지,2024,조정기,0,53.17,27.2,58.94,41.43,5.35,44.53
1528600042,주식회사동기피엔아이,2020,도입기,0,100.0,68.6,62.42,60.99,37.27,50.67
1528600042,주식회사동기피엔아이,2021,도입기,0,25.99,71.8,38.9,54.41,99.35,83.92
1528600042,주식회사동기피엔아이,2022,도입기,1,44.25,70.4,54.23,36.93,94.39,43.27
1568101733,댄포스코리아주식회사,2021,성장기,0,25.99,1.9,38.9,54.41,26.9,48.84
1568101733,댄포스코리아주식회사,2022,쇠퇴기,0,44.25,100.0,54.23,36.93,83.48,80.16
1568101733,댄포스코리아주식회사,2023,도입기,1,24.44,81.1,55.25,50.57,81.09,48.49
1608100446,(주)한타스,2021,성장기,0,25.99,1.9,38.9,54.41,7.41,48.84
1608100446,(주)한타스,2022,성숙기,0,44.25,0.0,54.23,36.93,1.04,43.56
1608100446,(주)한타스,2023,성숙기,0,24.44,0.0,55.25,50.57,0.5,48.55
1608100446,(주)한타스,2024,성숙기,0,53.17,0.0,58.94,38.99,0.39,50.2
1608601149,주식회사동방엔지니어링,2020,성장기,0,100.0,0.8,62.42,60.99,6.94,50.67
1608601149,주식회사동방엔지니어링,2021,쇠퇴기,0,25.99,100.0,38.9,54.41,14.82,53.32
1608601149,주식회사동방엔지니어링,2022,성장기,0,44.25,3.1,54.23,36.93,12.06,45.58
1608601149,주식회사동방엔지니어링,2023,성장기,0,24.44,13.2,55.25,51.36,72.46,84.13
1608601149,주식회사동방엔지니어링,2024,성장기,0,53.17,16.0,58.94,42.57,32.7,28.07
1658100946,(주)파웰코퍼레이션,2018,성장기,0,56.96,1.0,92.35,49.91,4.56,46.26
1658100946,(주)파웰코퍼레이션,2019,조정기,0,44.21,25.7,100.0,51.55,6.5,50.76
1658100946,(주)파웰코퍼레이션,2022,성숙기,0,44.25,0.0,54.23,36.93,1.58,47.42
1658100946,(주)파웰코퍼레이션,2023,도입기,0,24.44,81.1,55.25,93.14,7.43,52.27
1658100946,(주)파웰코퍼레이션,2024,성장기,0,53.17,16.0,58.94,74.44,0.1,46.2
1738601470,주식회사항공우주방산단조,2022,성장기,0,44.25,3.1,54.23,36.93,22.47,47.42
1738601470,주식회사항공우주방산단조,2023,성장기,0,24.44,13.2,55.25,50.57,1.67,37.03
1738601470,주식회사항공우주방산단조,2024,성장기,0,53.17,16.0,58.94,40.55,4.9,52.04
1768800853,(주)아이씨디머트리얼즈,2019,성숙기,0,44.21,0.0,100.0,51.55,5.88,49.68
1768800853,(주)아이씨디머트리얼즈,2020,성숙기,0,100.0,0.0,62.42,60.99,0.32,47.61
1768800853,(주)아이씨디머트리얼즈,2021,성숙기,0,25.99,0.0,38.9,54.41,7.27,52.78
1768800853,(주)아이씨디머트리얼즈,2022,성숙기,0,44.25,0.0,54.23,30.22,0.72,43.46
1768800853,(주)아이씨디머트리얼즈,2023,조정기,0,24.44,24.8,55.25,45.05,66.49,87.11
1768800853,(주)아이씨디머트리얼즈,2024,성장기,0,53.17,16.0,58.94,34.43,1.38,14.1
1778601133,주식회사다올이엔지,2021,성장기,0,25.99,1.9,38.9,54.41,7.87,48.84
1778601133,주식회사다올이엔지,2022,성장기,0,44.25,3.1,54.23,36.93,13.24,50.43
1778601133,주식회사다올이엔지,2023,성장기,0,24.44,13.2,55.25,50.57,25.28,56.01
1778601133,주식회사다올이엔지,2024,조정기,0,53.17,27.2,58.94,40.2,25.88,50.51
1848600281,주식회사트임,2020,성장기,0,100.0,0.8,62.42,60.99,27.99,50.67
1848600281,주식회사트임,2021,조정기,0,25.99,24.6,38.9,54.41,82.2,79.47
1848600281,주식회사트임,2022,도입기,1,44.25,70.4,54.23,36.93,54.63,30.25
1968800110,(주)아이비젼웍스,2019,조정기,0,44.21,25.7,100.0,51.55,3.98,49.68
1968800110,(주)아이비젼웍스,2020,성장기,0,100.0,0.8,62.42,60.99,5.08,51.26
1968800110,(주)아이비젼웍스,2021,도입기,0,25.99,71.8,38.9,54.41,27.02,61.24
1968800110,(주)아이비젼웍스,2022,도입기,0,44.25,70.4,54.23,36.03,20.51,43.24
1968800110,(주)아이비젼웍스,2023,도입기,0,24.44,81.1,55.25,49.78,5.49,40.37
1968800110,(주)아이비젼웍스,2024,쇠퇴기,0,53.17,100.0,58.94,39.81,22.75,59.77
2018153661,한모기술(주),2015,성숙기,0,38.29,5.6,0.0,45.76,36.43,70.84
2018153661,한모기술(주),2016,조정기,0,35.48,33.5,19.68,33.15,0.37,30.97
2018153661,한모기술(주),2017,성숙기,0,0.0,0.0,24.1,41.3,0.05,48.23
2018153661,한모기술(주),2018,쇠퇴기,0,56.96,100.0,92.35,46.88,18.84,56.88
2018153661,한모기술(주),2019,성숙기,0,44.21,0.0,100.0,57.14,0.5,39.42
2018153661,한모기술(주),2020,조정기,0,100.0,22.0,62.42,38.71,0.03,50.41
2018153661,한모기술(주),2021,조정기,0,25.99,24.6,38.9,44.8,0.01,48.85
2018153661,한모기술(주),2022,조정기,0,44.25,26.1,54.23,28.96,0.07,47.42
2018153661,한모기술(주),2023,조정기,0,24.44,24.8,55.25,43.83,5.7,52.12
2018153661,한모기술(주),2024,조정기,0,53.17,27.2,58.94,36.67,0.15,47.18
2018167068,주식회사유니크대성,2015,성숙기,0,38.29,5.6,0.0,51.0,5.41,50.12
2018167068,주식회사유니크대성,2016,성장기,0,35.48,2.2,19.68,45.9,47.81,74.16
2018167068,주식회사유니크대성,2017,쇠퇴기,0,0.0,100.0,24.1,47.33,49.02,49.22
2018167068,주식회사유니크대성,2018,쇠퇴기,1,56.96,100.0,92.35,48.34,81.62,64.81
2018622009,(주)이큐브랩,2022,도입기,0,44.25,70.4,54.23,36.93,35.7,47.42
2018622009,(주)이큐브랩,2023,도입기,0,24.44,81.1,55.25,50.57,79.15,74.57
2018622009,(주)이큐브랩,2024,도입기,1,53.17,92.8,58.94,,86.97,54.29
2018638888,두산밥캣(주),2015,성숙기,0,38.29,5.6,0.0,49.87,6.13,49.98
2018638888,두산밥캣(주),2016,성숙기,0,35.48,0.0,19.68,46.84,3.96,49.67
2018638888,두산밥캣(주),2017,성숙기,0,0.0,0.0,24.1,56.23,5.08,49.07
2018638888,두산밥캣(주),2018,성숙기,0,56.96,0.0,92.35,54.93,0.79,43.84
2018638888,두산밥캣(주),2019,성숙기,0,44.21,0.0,100.0,50.7,1.29,49.97
2018638888,두산밥캣(주),2020,성숙기,0,100.0,0.0,62.42,59.1,0.66,50.32
2018638888,두산밥캣(주),2021,성장기,0,25.99,1.9,38.9,54.34,0.65,48.86
2018638888,두산밥캣(주),2022,성장기,0,44.25,3.1,54.23,39.71,0.87,47.5
2018638888,두산밥캣(주),2023,성숙기,0,24.44,0.0,55.25,52.94,0.21,48.47
2018638888,두산밥캣(주),2024,성숙기,0,53.17,0.0,58.94,42.53,0.38,50.36
2018645467,주식회사태양글로발,2022,도입기,0,44.25,70.4,54.23,36.93,20.24,47.42
2018645467,주식회사태양글로발,2023,성숙기,0,24.44,0.0,55.25,50.57,13.43,45.14
2018645467,주식회사태양글로발,2024,쇠퇴기,0,53.17,100.0,58.94,40.55,6.03,46.13
2028163648,주식회사엔바이오컨스,2015,도입기,0,38.29,65.4,0.0,42.24,67.86,87.89
2028163648,주식회사엔바이오컨스,2016,성장기,0,35.48,2.2,19.68,41.81,8.43,18.05
2028163648,주식회사엔바이오컨스,2017,도입기,0,0.0,70.3,24.1,50.06,25.64,58.35
2028163648,주식회사엔바이오컨스,2018,성장기,0,56.96,1.0,92.35,45.92,87.32,81.2
2028163648,주식회사엔바이오컨스,2019,쇠퇴기,0,44.21,100.0,100.0,41.02,72.19,40.97
2048605144,주식회사케이템스홀딩스,2016,도입기,0,35.48,82.9,19.68,46.84,36.07,51.01
2048605144,주식회사케이템스홀딩스,2017,도입기,0,0.0,70.3,24.1,48.92,78.74,73.09
2048605144,주식회사케이템스홀딩스,2018,도입기,1,56.96,75.8,92.35,49.91,89.24,52.4
2048700511,에이피시스템(주),2017,성장기,0,0.0,1.7,24.1,48.92,11.83,48.42
2048700511,에이피시스템(주),2018,쇠퇴기,0,56.96,100.0,92.35,49.91,7.97,44.1
2048700511,에이피시스템(주),2019,조정기,0,44.21,25.7,100.0,51.55,7.12,49.19
2048700511,에이피시스템(주),2020,조정기,0,100.0,22.0,62.42,63.76,0.51,47.03
2048700511,에이피시스템(주),2021,조정기,0,25.99,24.6,38.9,51.24,0.08,48.62
2048700511,에이피시스템(주),2022,조정기,0,44.25,26.1,54.23,34.41,0.21,47.46
2048700511,에이피시스템(주),2023,성장기,0,24.44,13.2,55.25,48.35,0.23,48.86
2048700511,에이피시스템(주),2024,성숙기,0,53.17,0.0,58.94,38.54,0.19,50.25
2068155816,(주)에어레인,2021,도입기,0,25.99,71.8,38.9,54.41,36.87,48.84
2068155816,(주)에어레인,2022,성장기,0,44.25,3.1,54.23,36.93,11.03,31.82
2068155816,(주)에어레인,2023,성장기,0,24.44,13.2,55.25,50.57,58.07,76.34
2068155816,(주)에어레인,2024,성장기,0,53.17,16.0,58.94,34.89,8.96,22.95
2068167665,(주)효진기공,2016,성장기,0,35.48,2.2,19.68,46.84,4.37,51.01
2068167665,(주)효진기공,2017,도입기,0,0.0,70.3,24.1,48.92,47.28,73.15
2068167665,(주)효진기공,2018,성숙기,0,56.96,0.0,92.35,49.91,41.87,43.32
2068167665,(주)효진기공,2019,쇠퇴기,0,44.21,100.0,100.0,50.82,17.82,36.16
2068167665,(주)효진기공,2020,성장기,0,100.0,0.8,62.42,60.75,18.73,51.14
2068167665,(주)효진기공,2021,쇠퇴기,0,25.99,100.0,38.9,57.12,67.51,76.39
2068174512,창성소프트젤(주),2016,쇠퇴기,0,35.48,100.0,19.68,46.84,28.82,51.01
2068174512,창성소프트젤(주),2017,도입기,0,0.0,70.3,24.1,48.92,73.03,73.96
2068174512,창성소프트젤(주),2018,성숙기,0,56.96,0.0,92.35,49.91,3.57,7.16
2068174512,창성소프트젤(주),2019,성숙기,0,44.21,0.0,100.0,46.99,0.65,48.05
2068174512,창성소프트젤(주),2020,성숙기,0,100.0,0.0,62.42,61.53,0.21,50.42
2068174512,창성소프트젤(주),2021,성숙기,0,25.99,0.0,38.9,53.28,0.15,48.83
2068174512,창성소프트젤(주),2022,성숙기,0,44.25,0.0,54.23,35.17,0.15,47.38
2068174512,창성소프트젤(주),2023,성숙기,0,24.44,0.0,55.25,49.08,0.62,49.12
2068174512,창성소프트젤(주),2024,성장기,0,53.17,16.0,58.94,40.03,0.24,50.06
2068604364,(주)에이린텍,2020,성장기,0,100.0,0.8,62.42,60.99,3.9,50.67
2068604364,(주)에이린텍,2021,조정기,0,25.99,24.6,38.9,54.41,4.41,49.16
2068604364,(주)에이린텍,2022,성숙기,0,44.25,0.0,54.23,36.93,8.34,49.63
2068604364,(주)에이린텍,2023,조정기,0,24.44,24.8,55.25,50.6,18.69,54.97
2068604364,(주)에이린텍,2024,조정기,0,53.17,27.2,58.94,41.21,91.38,90.3
2068629915,주식회사에이씨엔,2015,성장기,0,38.29,0.0,0.0,39.85,23.33,50.36
2068629915,주식회사에이씨엔,2016,성장기,0,35.48,2.2,19.68,54.06,30.13,54.56
2068629915,주식회사에이씨엔,2017,도입기,0,0.0,70.3,24.1,54.92,91.03,83.59
2068629915,주식회사에이씨엔,2018,도입기,0,56.96,75.8,92.35,56.39,64.47,31.47
2068629915,주식회사에이씨엔,2019,도입기,1,44.21,58.1,100.0,28.58,97.2,67.69
2068636037,엔젯(주),2021,성장기,0,25.99,1.9,38.9,54.41,27.31,48.84
2068636037,엔젯(주),2022,성장기,0,44.25,3.1,54.23,36.93,1.41,31.9
2068636037,엔젯(주),2023,성장기,0,24.44,13.2,55.25,50.57,36.54,69.3
2068636037,엔젯(주),2024,쇠퇴기,0,53.17,100.0,58.94,40.97,68.26,67.63
2068636565,(주)성원에어테크,2020,성장기,0,100.0,0.8,62.42,60.99,10.13,50.67
2068636565,(주)성원에어테크,2021,성장기,0,25.99,1.9,38.9,54.41,13.08,50.54
2068636565,(주)성원에어테크,2022,성장기,0,44.25,3.1,54.23,36.93,6.06,43.12
2068636565,(주)성원에어테크,2023,성숙기,0,24.44,0.0,55.25,52.69,0.46,45.66
2068636565,(주)성원에어테크,2024,성숙기,0,53.17,0.0,58.94,41.99,0.37,50.22
2068673196,(주)세진엠에스,2015,도입기,0,38.29,65.4,0.0,49.87,21.26,50.22
2068673196,(주)세진엠에스,2016,성숙기,0,35.48,0.0,19.68,46.84,0.73,39.54
2068673196,(주)세진엠에스,2017,성장기,0,0.0,1.7,24.1,48.92,5.55,51.19
2068673196,(주)세진엠에스,2018,성숙기,0,56.96,0.0,92.35,46.95,2.14,44.34
2068673196,(주)세진엠에스,2019,성숙기,0,44.21,0.0,100.0,56.39,1.88,49.54
2068701632,엔케이알주식회사,2019,성장기,0,44.21,2.1,100.0,51.55,28.37,49.68
2068701632,엔케이알주식회사,2020,도입기,0,100.0,68.6,62.42,60.99,11.42,41.32
2068701632,엔케이알주식회사,2021,쇠퇴기,0,25.99,100.0,38.9,54.41,16.63,51.82
2068701632,엔케이알주식회사,2022,성숙기,0,44.25,0.0,54.23,31.18,6.41,41.2
2068701632,엔케이알주식회사,2023,조정기,0,24.44,24.8,55.25,46.03,8.37,50.07
2068701632,엔케이알주식회사,2024,조정기,0,53.17,27.2,58.94,35.28,2.34,46.91
2078137349,효림이엔아이(주),2015,성숙기,0,38.29,5.6,0.0,48.14,28.73,43.79
2078137349,효림이엔아이(주),2016,성숙기,0,35.48,0.0,19.68,34.71,80.46,79.24
2078137349,효림이엔아이(주),2017,성숙기,0,0.0,0.0,24.1,34.39,63.37,38.74
2078137349,효림이엔아이(주),2018,쇠퇴기,1,56.96,100.0,92.35,40.86,71.97,51.29
2078700994,(주)부성에베레스트,2018,도입기,0,56.96,75.8,92.35,49.91,6.87,46.26
2078700994,(주)부성에베레스트,2019,성장기,0,44.21,2.1,100.0,51.55,24.26,59.35
2078700994,(주)부성에베레스트,2020,성장기,0,100.0,0.8,62.42,60.99,3.1,39.01
2078700994,(주)부성에베레스트,2021,성장기,0,25.99,1.9,38.9,57.65,0.11,47.18
2078700994,(주)부성에베레스트,2022,성숙기,0,44.25,0.0,54.23,40.85,0.13,47.39
2078700994,(주)부성에베레스트,2023,성숙기,0,24.44,0.0,55.25,55.42,0.24,48.91
2078700994,(주)부성에베레스트,2024,성숙기,0,53.17,0.0,58.94,44.76,0.31,50.3
2078801821,주식회사와이에이치이코퍼레이션,2020,성숙기,0,100.0,0.0,62.42,60.99,4.18,50.67
2078801821,주식회사와이에이치이코퍼레이션,2021,성숙기,0,25.99,0.0,38.9,54.41,0.23,46.64
2078801821,주식회사와이에이치이코퍼레이션,2022,성숙기,0,44.25,0.0,54.23,36.93,0.31,47.43
2078801821,주식회사와이에이치이코퍼레이션,2023,성숙기,0,24.44,0.0,55.25,65.04,37.4,70.42
2078801821,주식회사와이에이치이코퍼레이션,2024,성숙기,0,53.17,0.0,58.94,53.62,0.97,30.03
2088114975,(주)청우냉열,2018,성장기,0,56.96,1.0,92.35,49.91,3.33,46.26
2088114975,(주)청우냉열,2019,성숙기,0,44.21,0.0,100.0,51.55,0.6,48.16
2088114975,(주)청우냉열,2020,성숙기,0,100.0,0.0,62.42,60.99,1.66,51.24
2088114975,(주)청우냉열,2021,성숙기,0,25.99,0.0,38.9,53.85,0.23,48.06
2088114975,(주)청우냉열,2022,성숙기,0,44.25,0.0,54.23,38.07,0.1,47.31
2088114975,(주)청우냉열,2023,성숙기,0,24.44,0.0,55.25,51.84,0.15,48.87
2088114975,(주)청우냉열,2024,성숙기,0,53.17,0.0,58.94,41.66,44.39,74.67
2088118966,삼영종합기기(주),2015,성장기,0,38.29,0.0,0.0,44.21,3.59,49.52
2088118966,삼영종합기기(주),2016,성숙기,0,35.48,0.0,19.68,46.71,6.37,52.4
2088118966,삼영종합기기(주),2017,조정기,0,0.0,35.9,24.1,49.34,4.75,47.49
2088118966,삼영종합기기(주),2018,성숙기,0,56.96,0.0,92.35,49.99,3.26,45.42
2088118966,삼영종합기기(주),2019,성숙기,0,44.21,0.0,100.0,50.36,0.17,47.96
2088118966,삼영종합기기(주),2020,성숙기,0,100.0,0.0,62.42,58.56,0.14,50.65
2088118966,삼영종합기기(주),2021,성장기,0,25.99,1.9,38.9,52.59,4.97,51.59
2088118966,삼영종합기기(주),2022,성장기,0,44.25,3.1,54.23,36.15,0.37,44.63
2088118966,삼영종합기기(주),2023,성숙기,0,24.44,0.0,55.25,49.84,0.13,48.71
2088118966,삼영종합기기(주),2024,성숙기,0,53.17,0.0,58.94,40.24,4.97,52.94
2088123076,(주)일양오피오,2015,성장기,0,38.29,0.0,0.0,52.4,1.61,50.22
2088123076,(주)일양오피오,2016,성숙기,0,35.48,0.0,19.68,53.63,7.06,53.87
2088123076,(주)일양오피오,2017,성장기,0,0.0,1.7,24.1,54.25,4.35,46.87
2088123076,(주)일양오피오,2018,성장기,0,56.96,1.0,92.35,53.42,54.74,74.75
2088123076,(주)일양오피오,2019,성장기,0,44.21,2.1,100.0,56.1,10.37,24.81
2088123076,(주)일양오피오,2020,성장기,0,100.0,0.8,62.42,62.42,80.13,88.99
2088123076,(주)일양오피오,2021,성장기,0,25.99,1.9,38.9,59.42,6.82,7.66
2088123076,(주)일양오피오,2022,성장기,0,44.25,3.1,54.23,40.78,6.31,47.0
2088123076,(주)일양오피오,2023,도입기,0,24.44,81.1,55.25,53.67,38.14,67.44
2088123076,(주)일양오피오,2024,성숙기,0,53.17,0.0,58.94,43.35,12.79,36.14
2098122390,(주)로보티즈,2015,도입기,0,38.29,65.4,0.0,52.85,7.66,49.89
2098122390,(주)로보티즈,2016,도입기,0,35.48,82.9,19.68,50.26,6.06,49.98
2098122390,(주)로보티즈,2017,도입기,0,0.0,70.3,24.1,52.38,8.17,49.64
2098122390,(주)로보티즈,2018,성장기,0,56.96,1.0,92.35,52.65,6.36,45.25
2098122390,(주)로보티즈,2019,성숙기,0,44.21,0.0,100.0,49.01,2.7,47.63
2098122390,(주)로보티즈,2020,도입기,0,100.0,68.6,62.42,61.28,61.21,82.81
2098122390,(주)로보티즈,2021,조정기,0,25.99,24.6,38.9,58.74,48.24,41.65
2098122390,(주)로보티즈,2022,성장기,1,44.25,3.1,54.23,39.75,56.99,51.92
2118115683,케이젯정밀(주),2015,성숙기,0,38.29,5.6,0.0,45.37,7.37,53.98
2118115683,케이젯정밀(주),2016,성숙기,0,35.48,0.0,19.68,46.05,11.26,52.99
2118115683,케이젯정밀(주),2017,성숙기,0,0.0,0.0,24.1,47.76,6.11,45.47
2118115683,케이젯정밀(주),2018,성숙기,0,56.96,0.0,92.35,50.44,2.77,44.38
2118115683,케이젯정밀(주),2019,성숙기,0,44.21,0.0,100.0,50.09,0.9,48.64
2118115683,케이젯정밀(주),2020,성숙기,0,100.0,0.0,62.42,57.05,1.3,50.89
2118115683,케이젯정밀(주),2021,성숙기,0,25.99,0.0,38.9,48.7,1.04,48.71
2118115683,케이젯정밀(주),2022,성숙기,0,44.25,0.0,54.23,31.98,1.16,47.44
2118115683,케이젯정밀(주),2023,성숙기,0,24.44,0.0,55.25,46.41,0.68,48.58
2118115683,케이젯정밀(주),2024,성장기,0,53.17,16.0,58.94,36.33,0.8,50.33
2118154861,(주)풍인무역,2015,성숙기,0,38.29,5.6,0.0,47.5,3.76,49.25
2118154861,(주)풍인무역,2016,성장기,0,35.48,2.2,19.68,47.88,8.42,53.43
2118154861,(주)풍인무역,2017,성숙기,0,0.0,0.0,24.1,49.74,17.56,53.7
2118154861,(주)풍인무역,2018,성숙기,0,56.96,0.0,92.35,48.87,0.88,36.87
2118154861,(주)풍인무역,2019,성숙기,0,44.21,0.0,100.0,50.91,2.98,50.85
2118154861,(주)풍인무역,2020,성장기,0,100.0,0.8,62.42,60.54,14.52,57.01
2118154861,(주)풍인무역,2021,도입기,0,25.99,71.8,38.9,57.2,17.58,50.61
2118154861,(주)풍인무역,2022,성장기,0,44.25,3.1,54.23,39.12,0.69,37.28
2118154861,(주)풍인무역,2023,성숙기,0,24.44,0.0,55.25,52.55,0.38,48.67
2118154861,(주)풍인무역,2024,도입기,0,53.17,92.8,58.94,42.57,4.95,52.79
2118182746,대성나찌유압공업(주),2015,성숙기,1,38.29,5.6,0.0,49.25,55.73,42.22
2118192773,(주)세운인더스트리,2016,성숙기,0,35.48,0.0,19.68,46.84,0.93,51.01
2118192773,(주)세운인더스트리,2017,성숙기,0,0.0,0.0,24.1,41.72,1.0,48.46
2118192773,(주)세운인더스트리,2018,성숙기,0,56.96,0.0,92.35,47.29,2.43,47.06
2118192773,(주)세운인더스트리,2019,성숙기,0,44.21,0.0,100.0,47.36,1.14,48.97
2118196221,(주)미래컴퍼니,2015,조정기,0,38.29,28.5,0.0,44.23,5.83,18.05
2118196221,(주)미래컴퍼니,2016,쇠퇴기,0,35.48,100.0,19.68,63.16,4.26,49.99
2118196221,(주)미래컴퍼니,2017,성장기,0,0.0,1.7,24.1,66.17,0.06,46.0
2118196221,(주)미래컴퍼니,2018,조정기,0,56.96,38.0,92.35,71.89,0.73,46.63
2118196221,(주)미래컴퍼니,2019,성숙기,0,44.21,0.0,100.0,64.26,0.57,49.6
2118196221,(주)미래컴퍼니,2020,조정기,0,100.0,22.0,62.42,77.27,69.05,88.3
2118196221,(주)미래컴퍼니,2021,성숙기,0,25.99,0.0,38.9,71.0,0.43,10.29
2118196221,(주)미래컴퍼니,2022,성숙기,0,44.25,0.0,54.23,54.72,0.27,47.28
2118196221,(주)미래컴퍼니,2023,성숙기,0,24.44,0.0,55.25,65.27,46.94,76.0
2118196221,(주)미래컴퍼니,2024,쇠퇴기,0,53.17,100.0,58.94,53.04,64.33,59.69
2118607816,(주)부강테크,2015,성숙기,0,38.29,5.6,0.0,29.81,1.0,50.63
2118607816,(주)부강테크,2016,조정기,0,35.48,33.5,19.68,37.42,71.85,89.81
2118607816,(주)부강테크,2017,쇠퇴기,0,0.0,100.0,24.1,37.91,74.6,50.16
2118607816,(주)부강테크,2018,성숙기,0,56.96,0.0,92.35,45.52,8.78,9.22
2118607816,(주)부강테크,2019,성장기,0,44.21,2.1,100.0,49.01,69.77,83.61
2118607816,(주)부강테크,2020,도입기,0,100.0,68.6,62.42,62.33,73.07,52.41
2118607816,(주)부강테크,2021,성숙기,1,25.99,0.0,38.9,56.6,82.83,54.48
2118642792,굴드펌프주식회사,2015,성숙기,0,38.29,5.6,0.0,50.36,0.71,50.33
2118642792,굴드펌프주식회사,2016,성숙기,0,35.48,0.0,19.68,49.57,22.0,62.58
2118642792,굴드펌프주식회사,2017,성숙기,0,0.0,0.0,24.1,48.89,62.45,71.78
2118642792,굴드펌프주식회사,2018,성숙기,0,56.96,0.0,92.35,49.3,2.39,12.45
2118642792,굴드펌프주식회사,2019,성숙기,0,44.21,0.0,100.0,53.2,0.62,48.69
2118642792,굴드펌프주식회사,2020,성숙기,0,100.0,0.0,62.42,53.25,0.51,50.61
2118642792,굴드펌프주식회사,2021,성숙기,0,25.99,0.0,38.9,50.8,0.63,48.93
2118642792,굴드펌프주식회사,2022,성숙기,0,44.25,0.0,54.23,36.0,0.24,47.15
2118642792,굴드펌프주식회사,2023,성숙기,0,24.44,0.0,55.25,49.87,0.28,48.87
2118642792,굴드펌프주식회사,2024,성숙기,0,53.17,0.0,58.94,39.64,0.57,50.42
2118751643,(주)파인테크,2015,조정기,0,38.29,28.5,0.0,49.87,85.01,92.46
2118751643,(주)파인테크,2016,쇠퇴기,0,35.48,100.0,19.68,46.84,67.22,40.9
2118751643,(주)파인테크,2017,성장기,0,0.0,1.7,24.1,52.34,13.54,17.62
2118751643,(주)파인테크,2018,성숙기,0,56.96,0.0,92.35,52.96,6.2,42.14
2118773327,주식회사피케이아이,2015,성장기,0,38.29,0.0,0.0,77.99,24.77,25.09
2118773327,주식회사피케이아이,2016,조정기,0,35.48,33.5,19.68,59.1,6.94,41.02
2118773327,주식회사피케이아이,2017,도입기,0,0.0,70.3,24.1,62.23,8.9,49.55
2118773327,주식회사피케이아이,2018,조정기,0,56.96,38.0,92.35,56.73,10.38,47.11
2118773327,주식회사피케이아이,2019,도입기,0,44.21,58.1,100.0,51.37,87.21,92.42
2118773327,주식회사피케이아이,2020,조정기,0,100.0,22.0,62.42,68.76,12.83,9.7
2118773327,주식회사피케이아이,2021,조정기,0,25.99,24.6,38.9,60.67,17.71,51.63
2118773327,주식회사피케이아이,2022,조정기,0,44.25,26.1,54.23,44.29,7.25,41.05
2118773327,주식회사피케이아이,2023,성숙기,0,24.44,0.0,55.25,57.37,15.89,53.96
2118773327,주식회사피케이아이,2024,성숙기,0,53.17,0.0,58.94,47.46,2.84,43.01
2128121494,(주)창성에이스산업,2015,성숙기,0,38.29,5.6,0.0,49.36,0.16,50.18
2128121494,(주)창성에이스산업,2016,성숙기,0,35.48,0.0,19.68,43.28,3.35,52.63
2128121494,(주)창성에이스산업,2017,성숙기,0,0.0,0.0,24.1,43.75,0.01,46.49
2128121494,(주)창성에이스산업,2018,성장기,0,56.96,1.0,92.35,48.39,0.18,46.35
2128121494,(주)창성에이스산업,2019,성장기,0,44.21,2.1,100.0,52.86,0.05,49.62
2128121494,(주)창성에이스산업,2020,성장기,0,100.0,0.8,62.42,63.65,0.09,50.69
2128121494,(주)창성에이스산업,2021,성숙기,0,25.99,0.0,38.9,55.96,0.08,48.86
2128121494,(주)창성에이스산업,2022,성숙기,0,44.25,0.0,54.23,38.57,4.55,50.0
2128121494,(주)창성에이스산업,2023,성숙기,0,24.44,0.0,55.25,51.72,4.83,49.07
2128121494,(주)창성에이스산업,2024,성숙기,0,53.17,0.0,58.94,41.72,0.21,47.7
2128144110,(주)뉴파워프라즈마,2015,성장기,0,38.29,0.0,0.0,57.98,0.92,46.53
2128144110,(주)뉴파워프라즈마,2016,성장기,0,35.48,2.2,19.68,55.34,0.63,50.71
2128144110,(주)뉴파워프라즈마,2017,성장기,0,0.0,1.7,24.1,57.42,0.16,48.14
2128144110,(주)뉴파워프라즈마,2018,조정기,0,56.96,38.0,92.35,58.3,1.24,46.86
2128144110,(주)뉴파워프라즈마,2019,성숙기,0,44.21,0.0,100.0,63.37,1.15,49.64
2128144110,(주)뉴파워프라즈마,2020,성장기,0,100.0,0.8,62.42,69.73,3.35,51.87
2128144110,(주)뉴파워프라즈마,2021,성숙기,0,25.99,0.0,38.9,51.21,6.35,50.56
2128144110,(주)뉴파워프라즈마,2022,성장기,0,44.25,3.1,54.23,51.77,6.82,47.58
2128144110,(주)뉴파워프라즈마,2023,조정기,0,24.44,24.8,55.25,62.5,11.19,51.47
2128144110,(주)뉴파워프라즈마,2024,성장기,0,53.17,16.0,58.94,50.83,6.57,47.68
2128168863,주식회사우리에이치큐,2016,조정기,0,35.48,33.5,19.68,46.84,29.15,51.01
2128168863,주식회사우리에이치큐,2017,쇠퇴기,0,0.0,100.0,24.1,48.92,85.87,81.17
2128168863,주식회사우리에이치큐,2018,조정기,1,56.96,38.0,92.35,49.91,95.92,52.16
2128173124,(주)피앤아이휴먼코리아,2019,성숙기,0,44.21,0.0,100.0,51.55,4.13,49.68
2128173124,(주)피앤아이휴먼코리아,2020,성숙기,0,100.0,0.0,62.42,60.99,14.5,56.36
2128173124,(주)피앤아이휴먼코리아,2021,성숙기,0,25.99,0.0,38.9,54.41,0.29,40.87
2128173124,(주)피앤아이휴먼코리아,2022,성숙기,0,44.25,0.0,54.23,37.78,6.77,51.17
2128173124,(주)피앤아이휴먼코리아,2023,조정기,0,24.44,24.8,55.25,51.4,0.22,45.12
2128173124,(주)피앤아이휴먼코리아,2024,성숙기,0,53.17,0.0,58.94,41.53,0.28,50.3
2128174249,주식회사양헌기공,2022,도입기,0,44.25,70.4,54.23,36.93,29.99,47.42
2128174249,주식회사양헌기공,2023,도입기,0,24.44,81.1,55.25,50.57,91.99,85.28
2128174249,주식회사양헌기공,2024,도입기,1,53.17,92.8,58.94,40.55,91.64,49.73
2128700598,(주)에이치피에스피,2017,성장기,0,0.0,1.7,24.1,48.92,3.75,48.42
2128700598,(주)에이치피에스피,2018,조정기,0,56.96,38.0,92.35,49.91,62.97,79.75
2128700598,(주)에이치피에스피,2019,조정기,0,44.21,25.7,100.0,,0.54,14.73
2128700598,(주)에이치피에스피,2020,조정기,0,100.0,22.0,62.42,60.99,2.21,51.58
2128700598,(주)에이치피에스피,2021,성숙기,0,25.99,0.0,38.9,32.38,0.73,48.03
2128700598,(주)에이치피에스피,2022,성숙기,0,44.25,0.0,54.23,30.51,1.62,47.89
2128700598,(주)에이치피에스피,2023,성숙기,0,24.44,0.0,55.25,42.34,0.72,48.34
2128700598,(주)에이치피에스피,2024,조정기,0,53.17,27.2,58.94,35.31,0.63,50.22
2138149796,가드너덴버코리아,2015,조정기,0,38.29,28.5,0.0,39.79,1.25,46.94
2138149796,가드너덴버코리아,2016,조정기,0,35.48,33.5,19.68,35.22,0.27,50.33
2138149796,가드너덴버코리아,2017,조정기,0,0.0,35.9,24.1,38.2,0.41,48.49
2138149796,가드너덴버코리아,2018,조정기,0,56.96,38.0,92.35,42.49,1.26,46.73
2138149796,가드너덴버코리아,2019,조정기,0,44.21,25.7,100.0,41.04,0.09,49.04
2138149796,가드너덴버코리아,2020,성숙기,0,100.0,0.0,62.42,57.9,0.18,50.72
2138149796,가드너덴버코리아,2021,성숙기,0,25.99,0.0,38.9,56.31,0.41,48.99
2138149796,가드너덴버코리아,2022,조정기,0,44.25,26.1,54.23,38.41,7.74,51.66
2138149796,가드너덴버코리아,2023,조정기,0,24.44,24.8,55.25,51.71,1.09,45.08
2138149796,가드너덴버코리아,2024,조정기,0,53.17,27.2,58.94,38.97,5.68,52.79
2138637688,(주)한일티앤씨,2015,도입기,0,38.29,65.4,0.0,49.87,32.22,68.1
2138637688,(주)한일티앤씨,2016,성숙기,0,35.48,0.0,19.68,37.7,1.2,33.75
2138637688,(주)한일티앤씨,2017,도입기,0,0.0,70.3,24.1,42.9,82.77,95.43
2138637688,(주)한일티앤씨,2018,쇠퇴기,0,56.96,100.0,92.35,42.08,91.09,51.17
2138637688,(주)한일티앤씨,2021,조정기,0,25.99,24.6,38.9,67.7,7.26,48.84
2138637688,(주)한일티앤씨,2022,성숙기,0,44.25,0.0,54.23,100.0,15.56,52.15
2138637688,(주)한일티앤씨,2023,조정기,0,24.44,24.8,55.25,98.54,17.13,49.95
2138637688,(주)한일티앤씨,2024,성숙기,0,53.17,0.0,58.94,74.91,11.33,47.0
2148117282,(주)우리기연,2019,성장기,0,44.21,2.1,100.0,51.55,11.45,49.68
2148117282,(주)우리기연,2020,조정기,0,100.0,22.0,62.42,60.99,5.68,47.49
2148117282,(주)우리기연,2021,조정기,0,25.99,24.6,38.9,54.41,11.52,52.16
2148117282,(주)우리기연,2022,조정기,0,44.25,26.1,54.23,37.0,39.18,63.42
2148117282,(주)우리기연,2023,쇠퇴기,0,24.44,100.0,55.25,50.19,90.03,78.91
2148117282,(주)우리기연,2024,조정기,0,53.17,27.2,58.94,40.89,7.8,4.56
2148138782,아트라스콥코코리아주식회사,2015,성숙기,0,38.29,5.6,0.0,43.7,5.34,51.49
2148138782,아트라스콥코코리아주식회사,2016,쇠퇴기,0,35.48,100.0,19.68,49.61,23.92,61.07
2148138782,아트라스콥코코리아주식회사,2017,쇠퇴기,0,0.0,100.0,24.1,50.2,55.89,66.89
2148138782,아트라스콥코코리아주식회사,2018,쇠퇴기,0,56.96,100.0,92.35,48.27,2.88,16.42
2148138782,아트라스콥코코리아주식회사,2019,도입기,0,44.21,58.1,100.0,50.24,7.39,52.19
2148138782,아트라스콥코코리아주식회사,2020,성숙기,0,100.0,0.0,62.42,56.05,0.94,47.11
2148138782,아트라스콥코코리아주식회사,2021,성숙기,0,25.99,0.0,38.9,51.69,15.59,57.12
2148138782,아트라스콥코코리아주식회사,2022,성숙기,0,44.25,0.0,54.23,37.16,13.63,46.05
2148138782,아트라스콥코코리아주식회사,2023,조정기,0,24.44,24.8,55.25,50.63,7.05,45.19
2148138782,아트라스콥코코리아주식회사,2024,성숙기,0,53.17,0.0,58.94,39.76,0.55,46.65
2148156422,(주)에이텍,2015,쇠퇴기,0,38.29,100.0,0.0,54.33,5.02,52.92
2148156422,(주)에이텍,2016,성장기,0,35.48,2.2,19.68,32.39,0.33,48.28
2148156422,(주)에이텍,2017,성숙기,0,0.0,0.0,24.1,36.58,0.13,48.29
2148156422,(주)에이텍,2018,성숙기,0,56.96,0.0,92.35,39.01,4.16,48.53
2148156422,(주)에이텍,2019,성숙기,0,44.21,0.0,100.0,46.58,0.03,47.38
2148156422,(주)에이텍,2020,성숙기,0,100.0,0.0,62.42,58.07,0.08,50.69
2148156422,(주)에이텍,2021,성숙기,0,25.99,0.0,38.9,52.02,2.66,50.31
2148156422,(주)에이텍,2022,성숙기,0,44.25,0.0,54.23,32.55,16.84,55.65
2148156422,(주)에이텍,2023,성숙기,0,24.44,0.0,55.25,47.01,15.18,48.09
2148156422,(주)에이텍,2024,성장기,0,53.17,16.0,58.94,38.13,14.15,49.64
2148177728,(주)보명하이텍,2015,쇠퇴기,0,38.29,100.0,0.0,55.8,90.44,89.85
2148177728,(주)보명하이텍,2016,성숙기,0,35.48,0.0,19.68,47.18,90.5,50.7
2148177728,(주)보명하이텍,2017,성숙기,1,0.0,0.0,24.1,48.99,89.18,47.85
2148618118,(주)진웅테크놀러지,2015,성숙기,0,38.29,5.6,0.0,69.37,0.88,50.25
2148618118,(주)진웅테크놀러지,2016,성숙기,0,35.48,0.0,19.68,51.39,0.46,50.64
2148618118,(주)진웅테크놀러지,2017,성숙기,0,0.0,0.0,24.1,52.51,8.09,52.81
2148618118,(주)진웅테크놀러지,2018,성숙기,0,56.96,0.0,92.35,50.79,1.67,42.64
2148618118,(주)진웅테크놀러지,2019,성숙기,0,44.21,0.0,100.0,51.46,0.71,49.15
2148620915,오비오주식회사,2015,성장기,0,38.29,0.0,0.0,49.87,6.77,50.22
2148620915,오비오주식회사,2016,성장기,0,35.48,2.2,19.68,46.84,23.75,60.19
2148620915,오비오주식회사,2017,성장기,0,0.0,1.7,24.1,48.92,1.49,35.63
2148620915,오비오주식회사,2018,성장기,0,56.96,1.0,92.35,37.37,4.49,47.95
2148620915,오비오주식회사,2019,성장기,0,44.21,2.1,100.0,52.17,0.67,47.55
2148620915,오비오주식회사,2020,성숙기,0,100.0,0.0,62.42,61.7,0.62,50.63
2148620915,오비오주식회사,2021,성장기,0,25.99,1.9,38.9,53.56,38.96,70.48
2148620915,오비오주식회사,2022,조정기,0,44.25,26.1,54.23,42.83,5.91,27.58
2148620915,오비오주식회사,2023,성숙기,0,24.44,0.0,55.25,55.23,0.25,45.63
2148620915,오비오주식회사,2024,성숙기,0,53.17,0.0,58.94,44.75,4.56,52.64
2148656179,(주)케이브이티,2015,성숙기,0,38.29,5.6,0.0,49.87,0.31,50.09
2148656179,(주)케이브이티,2016,조정기,0,35.48,33.5,19.68,59.29,0.7,51.09
2148656179,(주)케이브이티,2017,조정기,0,0.0,35.9,24.1,55.96,2.26,49.31
2148656179,(주)케이브이티,2018,조정기,0,56.96,38.0,92.35,58.23,0.52,45.28
2148656179,(주)케이브이티,2019,조정기,0,44.21,25.7,100.0,52.65,0.84,49.87
2148656179,(주)케이브이티,2020,성숙기,0,100.0,0.0,62.42,62.75,0.79,50.63
2148656179,(주)케이브이티,2021,성숙기,0,25.99,0.0,38.9,52.32,27.82,64.1
2148656179,(주)케이브이티,2023,성장기,0,24.44,13.2,55.25,45.48,1.03,48.85
2148656179,(주)케이브이티,2024,조정기,0,53.17,27.2,58.94,35.6,0.41,49.92
2148667813,(주)성지공조기술,2015,성장기,0,38.29,0.0,0.0,55.67,36.66,70.84
2148667813,(주)성지공조기술,2016,쇠퇴기,0,35.48,100.0,19.68,63.0,5.46,33.64
2148667813,(주)성지공조기술,2017,성숙기,0,0.0,0.0,24.1,64.7,0.16,45.37
2148667813,(주)성지공조기술,2018,쇠퇴기,0,56.96,100.0,92.35,62.72,30.77,63.56
2148667813,(주)성지공조기술,2019,성숙기,0,44.21,0.0,100.0,59.6,0.29,32.62
2148667813,(주)성지공조기술,2020,도입기,0,100.0,68.6,62.42,62.6,4.94,53.22
2148667813,(주)성지공조기술,2021,성장기,0,25.99,1.9,38.9,57.9,6.13,49.54
2148667813,(주)성지공조기술,2022,성장기,0,44.25,3.1,54.23,36.97,73.99,87.0
2148667813,(주)성지공조기술,2023,성장기,0,24.44,13.2,55.25,50.44,14.64,15.24
2148667813,(주)성지공조기술,2024,성숙기,0,53.17,0.0,58.94,39.89,0.24,42.27
2148673197,(주)리배산업,2020,쇠퇴기,0,100.0,100.0,62.42,60.99,33.54,50.67
2148673197,(주)리배산업,2021,성장기,0,25.99,1.9,38.9,54.41,90.45,81.0
2148673197,(주)리배산업,2022,쇠퇴기,0,44.25,100.0,54.23,36.93,14.93,2.1
2148673197,(주)리배산업,2023,성장기,0,24.44,13.2,55.25,53.78,7.31,44.6
2148673197,(주)리배산업,2024,성장기,0,53.17,16.0,58.94,42.18,36.48,66.33
2148676952,(주)하이필,2020,성장기,0,100.0,0.8,62.42,60.99,4.69,50.67
2148676952,(주)하이필,2021,성장기,0,25.99,1.9,38.9,54.41,1.39,47.01
2148676952,(주)하이필,2022,성장기,0,44.25,3.1,54.23,36.93,29.56,63.85
2148676952,(주)하이필,2023,성숙기,0,24.44,0.0,55.25,52.57,0.87,32.52
2148676952,(주)하이필,2024,성숙기,0,53.17,0.0,58.94,41.68,47.49,75.99
2148692248,제일타카주식회사,2019,성장기,0,44.21,2.1,100.0,51.55,3.88,49.68
2148692248,제일타카주식회사,2020,성숙기,0,100.0,0.0,62.42,60.99,0.08,48.57
2148692248,제일타카주식회사,2021,성숙기,0,25.99,0.0,38.9,54.41,3.49,50.78
2148692248,제일타카주식회사,2022,성숙기,0,44.25,0.0,54.23,37.74,0.19,45.41
2148692248,제일타카주식회사,2023,성숙기,0,24.44,0.0,55.25,51.06,0.34,48.94
2148692248,제일타카주식회사,2024,성숙기,0,53.17,0.0,58.94,41.42,0.17,50.17
2148703174,(주)펨트론,2015,도입기,0,38.29,65.4,0.0,45.52,31.95,25.83
2148703174,(주)펨트론,2016,성장기,0,35.48,2.2,19.68,55.75,26.0,47.53
2148703174,(주)펨트론,2017,성숙기,0,0.0,0.0,24.1,59.05,10.75,39.67
2148703174,(주)펨트론,2018,성장기,0,56.96,1.0,92.35,58.95,30.83,57.64
2148703174,(주)펨트론,2019,성숙기,0,44.21,0.0,100.0,55.17,12.07,39.15
2148703174,(주)펨트론,2020,성숙기,0,100.0,0.0,62.42,58.95,38.98,65.44
2148703174,(주)펨트론,2021,성숙기,0,25.99,0.0,38.9,55.75,4.05,29.23
2148703174,(주)펨트론,2022,성장기,0,44.25,3.1,54.23,38.52,4.5,47.6
2148703174,(주)펨트론,2023,성장기,0,24.44,13.2,55.25,51.67,0.85,46.78
2148703174,(주)펨트론,2024,도입기,0,53.17,92.8,58.94,41.38,78.25,92.96
2148723170,(주)성지테크,2018,성장기,0,56.96,1.0,92.35,49.91,4.32,46.26
2148723170,(주)성지테크,2019,성숙기,0,44.21,0.0,100.0,51.55,0.95,47.8
2148723170,(주)성지테크,2022,성장기,0,44.25,3.1,54.23,36.93,2.19,47.42
2148723170,(주)성지테크,2023,성장기,0,24.44,13.2,55.25,47.47,4.5,50.22
2148723170,(주)성지테크,2024,성장기,0,53.17,16.0,58.94,38.05,24.24,61.14
2148740811,케이오에이치티주식회사,2015,쇠퇴기,0,38.29,100.0,0.0,71.94,35.48,70.0
2148740811,케이오에이치티주식회사,2016,성숙기,0,35.48,0.0,19.68,23.93,0.65,31.65
2148740811,케이오에이치티주식회사,2017,성숙기,0,0.0,0.0,24.1,37.6,1.21,48.73
2148740811,케이오에이치티주식회사,2018,성숙기,0,56.96,0.0,92.35,37.25,47.77,72.59
2148740811,케이오에이치티주식회사,2019,성숙기,0,44.21,0.0,100.0,56.71,1.38,23.71
2148741668,(주)대합하이퍼텍,2015,도입기,0,38.29,65.4,0.0,65.22,54.34,31.66
2148741668,(주)대합하이퍼텍,2016,도입기,1,35.48,82.9,19.68,64.86,97.77,74.62
2148752807,(주)미락씨이엠,2017,성장기,0,0.0,1.7,24.1,48.92,23.34,48.42
2148752807,(주)미락씨이엠,2018,도입기,0,56.96,75.8,92.35,49.91,37.23,54.17
2148752807,(주)미락씨이엠,2019,성숙기,0,44.21,0.0,100.0,51.55,55.91,59.96
2148752807,(주)미락씨이엠,2020,성장기,0,100.0,0.8,62.42,71.12,93.69,71.37
2148752807,(주)미락씨이엠,2021,성장기,0,25.99,1.9,38.9,70.29,46.13,22.2
2148752807,(주)미락씨이엠,2022,성장기,0,44.25,3.1,54.23,42.28,91.39,73.3
2148752807,(주)미락씨이엠,2023,쇠퇴기,0,24.44,100.0,55.25,54.17,72.54,39.02
2148752807,(주)미락씨이엠,2024,쇠퇴기,0,53.17,100.0,58.94,43.76,30.12,26.6
2148755202,윈포시스(주),2015,성숙기,0,38.29,5.6,0.0,49.87,4.97,52.9
2148755202,윈포시스(주),2016,도입기,0,35.48,82.9,19.68,41.41,5.15,50.96
2148755202,윈포시스(주),2017,성장기,0,0.0,1.7,24.1,45.22,83.23,93.43
2148755202,윈포시스(주),2018,도입기,0,56.96,75.8,92.35,44.03,90.72,50.71
2148755202,윈포시스(주),2019,성숙기,1,44.21,0.0,100.0,49.4,63.43,34.19
2148788168,농업회사법인토탈아그로주식회사,2015,성숙기,0,38.29,5.6,0.0,0.0,18.66,41.51
2148788168,농업회사법인토탈아그로주식회사,2016,성장기,0,35.48,2.2,19.68,13.07,33.04,58.73
2148788168,농업회사법인토탈아그로주식회사,2017,성장기,0,0.0,1.7,24.1,12.85,85.39,78.67
2148788168,농업회사법인토탈아그로주식회사,2018,성장기,0,56.96,1.0,92.35,21.9,86.78,47.26
2148788168,농업회사법인토탈아그로주식회사,2019,성장기,1,44.21,2.1,100.0,46.66,69.06,39.54
2148898192,주식회사마운트지앤디,2021,성장기,0,25.99,1.9,38.9,54.41,5.84,48.84
2148898192,주식회사마운트지앤디,2022,성장기,0,44.25,3.1,54.23,36.93,5.16,46.91
2148898192,주식회사마운트지앤디,2023,성장기,0,24.44,13.2,55.25,50.57,0.68,46.31
2148898192,주식회사마운트지앤디,2024,성장기,0,53.17,16.0,58.94,35.88,1.42,50.67
2158153020,(주)지지케이,2022,성장기,0,44.25,3.1,54.23,36.93,27.64,47.42
2158153020,(주)지지케이,2023,도입기,0,24.44,81.1,55.25,50.57,95.08,88.41
2158153020,(주)지지케이,2024,성장기,0,53.17,16.0,58.94,40.55,28.62,13.25
2158153506,세창산업주식회사,2015,조정기,0,38.29,28.5,0.0,41.73,96.43,55.99
2158167844,주식회사델리스,2015,조정기,0,38.29,28.5,0.0,49.87,84.46,50.22
2158167844,주식회사델리스,2016,성숙기,0,35.48,0.0,19.68,46.84,77.34,46.76
2158186837,(주)빅텍스,2021,도입기,0,25.99,71.8,38.9,54.41,4.7,48.84
2158186837,(주)빅텍스,2022,성장기,0,44.25,3.1,54.23,36.93,33.57,64.21
2158186837,(주)빅텍스,2023,성장기,0,24.44,13.2,55.25,50.57,24.63,44.06
2158186837,(주)빅텍스,2024,성장기,0,53.17,16.0,58.94,40.38,38.88,58.04
2158194642,(주)미코하이테크,2021,성숙기,0,25.99,0.0,38.9,54.41,23.11,48.84
2158194642,(주)미코하이테크,2022,도입기,0,44.25,70.4,54.23,36.93,97.4,90.56
2158194642,(주)미코하이테크,2023,도입기,0,24.44,81.1,55.25,50.57,89.46,45.44
2158194642,(주)미코하이테크,2024,도입기,0,53.17,92.8,58.94,42.7,2.27,1.83
2158197881,(주)티아이티이엔지,2018,성장기,0,56.96,1.0,92.35,42.88,7.51,46.26
2158197881,(주)티아이티이엔지,2019,성숙기,0,44.21,0.0,100.0,38.53,4.26,47.86
2158197881,(주)티아이티이엔지,2020,성장기,0,100.0,0.8,62.42,57.45,68.5,85.97
2158197881,(주)티아이티이엔지,2021,성숙기,0,25.99,0.0,38.9,57.88,0.63,10.7
2158197881,(주)티아이티이엔지,2022,성장기,0,44.25,3.1,54.23,39.24,3.24,48.9
2158197881,(주)티아이티이엔지,2023,성장기,0,24.44,13.2,55.25,52.41,7.32,51.27
2158197881,(주)티아이티이엔지,2024,성장기,0,53.17,16.0,58.94,42.12,31.23,63.43
2158600192,(주)에스비비테크,2015,성장기,0,38.29,0.0,0.0,53.06,16.4,49.46
2158600192,(주)에스비비테크,2016,성숙기,0,35.48,0.0,19.68,50.13,8.34,46.4
2158600192,(주)에스비비테크,2017,성숙기,0,0.0,0.0,24.1,53.03,13.72,51.53
2158600192,(주)에스비비테크,2018,성장기,0,56.96,1.0,92.35,53.48,18.46,48.97
2158600192,(주)에스비비테크,2019,성장기,0,44.21,2.1,100.0,52.62,95.54,92.52
2158600192,(주)에스비비테크,2020,쇠퇴기,0,100.0,100.0,62.42,65.92,97.14,51.45
2158600192,(주)에스비비테크,2021,쇠퇴기,1,25.99,100.0,38.9,55.31,88.46,44.12
2158624933,(주)엘켐텍,2017,도입기,0,0.0,70.3,24.1,48.92,36.75,48.42
2158624933,(주)엘켐텍,2018,성장기,0,56.96,1.0,92.35,49.91,77.55,69.42
2158624933,(주)엘켐텍,2019,성장기,0,44.21,2.1,100.0,51.55,41.57,29.4
2158624933,(주)엘켐텍,2020,성장기,0,100.0,0.8,62.42,42.19,92.28,78.49
2158624933,(주)엘켐텍,2021,도입기,0,25.99,71.8,38.9,48.61,86.87,45.96
2158624933,(주)엘켐텍,2022,도입기,1,44.25,70.4,54.23,30.49,88.18,47.09
2158662368,(주)한국엔피기술,2015,성장기,0,38.29,0.0,0.0,55.89,69.01,50.16
2158662368,(주)한국엔피기술,2016,조정기,0,35.48,33.5,19.68,43.72,0.53,13.07
2158662368,(주)한국엔피기술,2017,성장기,0,0.0,1.7,24.1,45.73,28.62,64.61
2158662368,(주)한국엔피기술,2018,성장기,0,56.96,1.0,92.35,47.73,8.04,34.69
2158662368,(주)한국엔피기술,2019,성장기,0,44.21,2.1,100.0,49.85,39.03,66.91
2158662368,(주)한국엔피기술,2020,성장기,0,100.0,0.8,62.42,55.92,67.24,66.13
2158662368,(주)한국엔피기술,2021,조정기,0,25.99,24.6,38.9,55.0,92.51,63.22
2158662368,(주)한국엔피기술,2022,조정기,0,44.25,26.1,54.23,35.35,76.0,36.6
2158662368,(주)한국엔피기술,2023,쇠퇴기,0,24.44,100.0,55.25,49.29,36.07,26.57
2158662368,(주)한국엔피기술,2024,성숙기,0,53.17,0.0,58.94,39.54,34.58,49.31
2158761634,제닉스주식회사,2022,성숙기,0,44.25,0.0,54.23,36.93,4.02,47.42
2158761634,제닉스주식회사,2023,조정기,0,24.44,24.8,55.25,50.57,4.81,49.36
2158761634,제닉스주식회사,2024,조정기,0,53.17,27.2,58.94,40.55,61.83,81.71
2158786222,(주)시스콘로보틱스,2021,도입기,0,25.99,71.8,38.9,54.41,35.79,48.84
2158786222,(주)시스콘로보틱스,2022,쇠퇴기,0,44.25,100.0,54.23,36.93,86.36,76.53
2158786222,(주)시스콘로보틱스,2023,도입기,1,24.44,81.1,55.25,50.57,83.13,48.04
2188105963,(주)대륭,2015,성숙기,0,38.29,5.6,0.0,52.78,0.26,50.24
2188105963,(주)대륭,2016,성숙기,0,35.48,0.0,19.68,42.37,0.03,50.75
2188105963,(주)대륭,2017,성숙기,0,0.0,0.0,24.1,44.37,60.15,83.07
2188105963,(주)대륭,2018,성숙기,0,56.96,0.0,92.35,44.98,3.56,14.41
2188105963,(주)대륭,2019,조정기,0,44.21,25.7,100.0,45.11,63.76,83.18
2188105963,(주)대륭,2020,쇠퇴기,0,100.0,100.0,62.42,60.9,66.45,52.08
2188105963,(주)대륭,2021,성숙기,0,25.99,0.0,38.9,55.05,10.36,17.34
2188105963,(주)대륭,2022,조정기,0,44.25,26.1,54.23,38.19,16.22,50.68
2188105963,(주)대륭,2023,성숙기,0,24.44,0.0,55.25,51.52,0.88,40.12
2188105963,(주)대륭,2024,조정기,0,53.17,27.2,58.94,40.19,61.08,83.48
2188106093,주식회사수국,2015,조정기,0,38.29,28.5,0.0,48.45,1.13,50.67
2188106093,주식회사수국,2016,쇠퇴기,0,35.48,100.0,19.68,41.51,25.42,64.22
2188106093,주식회사수국,2017,조정기,0,0.0,35.9,24.1,44.23,25.32,48.41
2188106093,주식회사수국,2018,성숙기,0,56.96,0.0,92.35,47.22,19.58,43.07
2188106093,주식회사수국,2019,성숙기,0,44.21,0.0,100.0,48.35,0.08,38.77
2188106093,주식회사수국,2020,성숙기,0,100.0,0.0,62.42,54.75,0.09,50.67
2188106093,주식회사수국,2021,성숙기,0,25.99,0.0,38.9,44.77,0.18,48.91
2188106093,주식회사수국,2022,성숙기,0,44.25,0.0,54.23,27.63,0.59,47.62
2188106093,주식회사수국,2023,성숙기,0,24.44,0.0,55.25,42.61,3.37,50.47
2188106093,주식회사수국,2024,성숙기,0,53.17,0.0,58.94,34.63,12.35,55.21
2188119905,부라더상사(주),2015,성장기,0,38.29,0.0,0.0,52.39,7.96,49.69
2188119905,부라더상사(주),2016,성장기,0,35.48,2.2,19.68,47.17,1.7,47.42
2188119905,부라더상사(주),2017,쇠퇴기,0,0.0,100.0,24.1,49.08,7.76,51.9
2188119905,부라더상사(주),2018,쇠퇴기,0,56.96,100.0,92.35,48.76,16.81,51.39
2188119905,부라더상사(주),2019,쇠퇴기,0,44.21,100.0,100.0,53.06,10.94,46.37
2188119905,부라더상사(주),2020,성숙기,0,100.0,0.0,62.42,61.11,21.16,56.27
2188119905,부라더상사(주),2021,성숙기,0,25.99,0.0,38.9,50.07,57.68,69.48
2188119905,부라더상사(주),2022,성숙기,0,44.25,0.0,54.23,33.25,51.92,43.31
2188119905,부라더상사(주),2023,성숙기,0,24.44,0.0,55.25,47.39,52.56,49.86
2198100127,한수테크니칼서비스(주),2015,도입기,0,38.29,65.4,0.0,41.39,47.15,38.66
2198100127,한수테크니칼서비스(주),2016,도입기,0,35.48,82.9,19.68,48.65,6.27,28.29
2198100127,한수테크니칼서비스(주),2017,성장기,0,0.0,1.7,24.1,54.37,6.46,48.54
2198100127,한수테크니칼서비스(주),2018,성장기,0,56.96,1.0,92.35,59.7,3.02,44.32
2198100127,한수테크니칼서비스(주),2019,조정기,0,44.21,25.7,100.0,52.53,15.1,56.41
2198100127,한수테크니칼서비스(주),2020,성숙기,0,100.0,0.0,62.42,76.3,3.88,44.48
2198100127,한수테크니칼서비스(주),2021,조정기,0,25.99,24.6,38.9,34.93,8.25,51.34
2198100127,한수테크니칼서비스(주),2022,성숙기,0,44.25,0.0,54.23,22.51,1.91,43.57
2198100127,한수테크니칼서비스(주),2023,조정기,0,24.44,24.8,55.25,38.29,1.73,48.77
2198100127,한수테크니칼서비스(주),2024,성숙기,0,53.17,0.0,58.94,30.75,1.33,50.04
2198119645,발멧주식회사,2018,조정기,0,56.96,38.0,92.35,49.91,3.98,46.26
2198119645,발멧주식회사,2019,조정기,0,44.21,25.7,100.0,51.55,10.69,53.41
2198119645,발멧주식회사,2020,조정기,0,100.0,22.0,62.42,60.99,2.77,46.3
2198119645,발멧주식회사,2021,조정기,0,25.99,24.6,38.9,54.92,1.55,48.18
2198119645,발멧주식회사,2022,성숙기,0,44.25,0.0,54.23,38.37,1.11,47.1
2198119645,발멧주식회사,2023,성숙기,0,24.44,0.0,55.25,52.27,9.99,54.03
2198119645,발멧주식회사,2024,성숙기,0,53.17,0.0,58.94,41.87,28.91,60.67
2198128810,(주)양진텔레콤,2015,조정기,0,38.29,28.5,0.0,57.7,1.24,31.11
2198128810,(주)양진텔레콤,2016,성숙기,0,35.48,0.0,19.68,42.94,38.16,71.16
2198128810,(주)양진텔레콤,2017,성숙기,0,0.0,0.0,24.1,44.37,1.33,27.27
2198128810,(주)양진텔레콤,2018,쇠퇴기,0,56.96,100.0,92.35,44.36,6.63,49.25
2198128810,(주)양진텔레콤,2019,성숙기,0,44.21,0.0,100.0,43.81,1.37,46.74
2198128810,(주)양진텔레콤,2024,도입기,0,53.17,92.8,58.94,37.07,62.79,50.27
2208101577,(주)칼라일플루이드테크놀로지스코리아,2017,성장기,0,0.0,1.7,24.1,48.92,22.5,48.42
2208101577,(주)칼라일플루이드테크놀로지스코리아,2018,도입기,0,56.96,75.8,92.35,49.91,69.75,73.03
2208101577,(주)칼라일플루이드테크놀로지스코리아,2019,쇠퇴기,1,44.21,100.0,100.0,51.55,72.26,50.85
2208104287,금정공업(주),2015,성장기,0,38.29,0.0,0.0,38.91,74.48,69.41
2208104287,금정공업(주),2016,도입기,0,35.48,82.9,19.68,33.14,47.68,35.97
2208111696,(주)컴버스텍,2015,쇠퇴기,0,38.29,100.0,0.0,0.0,23.46,14.93
2208111696,(주)컴버스텍,2016,쇠퇴기,0,35.48,100.0,19.68,55.23,94.23,89.72
2208111696,(주)컴버스텍,2017,성숙기,0,0.0,0.0,24.1,50.36,15.72,3.37
2208111696,(주)컴버스텍,2018,도입기,0,56.96,75.8,92.35,77.35,31.08,54.97
2208111696,(주)컴버스텍,2019,도입기,0,44.21,58.1,100.0,77.49,95.61,85.5
2208114956,한국코소(주),2015,성숙기,0,38.29,5.6,0.0,48.97,0.32,50.18
2208114956,한국코소(주),2016,성숙기,0,35.48,0.0,19.68,44.43,0.27,50.85
2208114956,한국코소(주),2017,성숙기,0,0.0,0.0,24.1,46.29,6.77,52.15
2208114956,한국코소(주),2018,조정기,0,56.96,38.0,92.35,46.0,6.06,45.87
2208114956,한국코소(주),2019,조정기,0,44.21,25.7,100.0,49.2,29.04,62.46
2208114956,한국코소(주),2020,성숙기,0,100.0,0.0,62.42,60.94,0.16,34.76
2208114956,한국코소(주),2021,성숙기,0,25.99,0.0,38.9,52.28,34.36,68.15
2208114956,한국코소(주),2022,성숙기,0,44.25,0.0,54.23,34.43,4.41,29.44
2208114956,한국코소(주),2023,성숙기,0,24.44,0.0,55.25,48.44,4.72,49.08
2208114956,한국코소(주),2024,성숙기,0,53.17,0.0,58.94,38.53,0.65,48.01
2208116691,(주)골드라인로지텍,2015,성숙기,0,38.29,5.6,0.0,44.35,18.44,54.2
2208116691,(주)골드라인로지텍,2016,성장기,0,35.48,2.2,19.68,51.71,71.79,80.15
2208116691,(주)골드라인로지텍,2017,쇠퇴기,0,0.0,100.0,24.1,56.37,70.37,47.76
2208116691,(주)골드라인로지텍,2018,조정기,0,56.96,38.0,92.35,55.4,47.47,33.48
2208116691,(주)골드라인로지텍,2019,쇠퇴기,1,44.21,100.0,100.0,51.58,81.86,68.67
2208119403,액트라(주),2019,성숙기,0,44.21,0.0,100.0,51.55,3.88,49.68
2208119403,액트라(주),2020,조정기,0,100.0,22.0,62.42,60.99,0.1,48.59
2208119403,액트라(주),2021,조정기,0,25.99,24.6,38.9,54.41,0.24,48.94
2208119403,액트라(주),2022,조정기,0,44.25,26.1,54.23,40.03,0.76,47.68
2208119403,액트라(주),2023,성장기,0,24.44,13.2,55.25,52.87,0.77,48.87
2208119403,액트라(주),2024,성장기,0,53.17,16.0,58.94,43.61,0.44,50.08
2208130392,세미테크주식회사,2015,조정기,1,38.29,28.5,0.0,58.48,96.33,58.59
2208132804,성암기연(주),2015,도입기,0,38.29,65.4,0.0,49.87,82.52,79.6
2208132804,성암기연(주),2016,도입기,0,35.48,82.9,19.68,46.84,6.72,9.02
2208132804,성암기연(주),2017,성숙기,0,0.0,0.0,24.1,49.34,13.41,52.29
2208132804,성암기연(주),2018,성숙기,0,56.96,0.0,92.35,49.83,15.58,47.51
2208132804,성암기연(주),2019,성숙기,0,44.21,0.0,100.0,54.69,22.24,53.34
2208132804,성암기연(주),2020,쇠퇴기,0,100.0,100.0,62.42,63.66,67.61,75.57
2208135704,위아코퍼레이션주식회사,2015,성장기,0,38.29,0.0,0.0,92.49,11.45,53.9
2208135704,위아코퍼레이션주식회사,2016,쇠퇴기,0,35.48,100.0,19.68,41.77,7.13,48.47
2208135704,위아코퍼레이션주식회사,2017,성숙기,0,0.0,0.0,24.1,42.35,13.42,52.06
2208135704,위아코퍼레이션주식회사,2018,도입기,0,56.96,75.8,92.35,45.65,16.32,47.93
2208135704,위아코퍼레이션주식회사,2019,성장기,0,44.21,2.1,100.0,56.86,8.79,45.44
2208135704,위아코퍼레이션주식회사,2020,성숙기,0,100.0,0.0,62.42,54.59,1.83,46.83
2208135704,위아코퍼레이션주식회사,2021,쇠퇴기,0,25.99,100.0,38.9,51.93,74.79,90.0
2208135704,위아코퍼레이션주식회사,2022,조정기,0,44.25,26.1,54.23,25.99,11.18,9.26
2208135704,위아코퍼레이션주식회사,2023,쇠퇴기,0,24.44,100.0,55.25,41.7,84.84,91.82
2208135704,위아코퍼레이션주식회사,2024,쇠퇴기,0,53.17,100.0,58.94,35.34,85.84,50.51
2208150175,(주)아폴로테크,2017,성숙기,0,0.0,0.0,24.1,48.92,3.75,48.42
2208150175,(주)아폴로테크,2018,쇠퇴기,0,56.96,100.0,92.35,49.91,7.36,48.3
2208150175,(주)아폴로테크,2019,성숙기,0,44.21,0.0,100.0,51.55,8.36,50.23
2208150175,(주)아폴로테크,2020,성장기,0,100.0,0.8,62.42,61.35,7.88,50.39
2208150175,(주)아폴로테크,2021,쇠퇴기,0,25.99,100.0,38.9,56.82,82.96,91.21
2208150175,(주)아폴로테크,2022,쇠퇴기,0,44.25,100.0,54.23,33.8,87.66,49.13
2208150175,(주)아폴로테크,2023,쇠퇴기,1,24.44,100.0,55.25,49.98,61.77,34.87
2208171883,삼중테크주식회사,2015,쇠퇴기,0,38.29,100.0,0.0,61.45,8.05,43.87
2208171883,삼중테크주식회사,2016,도입기,0,35.48,82.9,19.68,47.98,14.45,54.37
2208171883,삼중테크주식회사,2017,조정기,0,0.0,35.9,24.1,50.59,14.69,48.58
2208171883,삼중테크주식회사,2018,조정기,0,56.96,38.0,92.35,53.4,12.6,45.11
2208171883,삼중테크주식회사,2019,조정기,0,44.21,25.7,100.0,54.84,18.41,52.88
2208171883,삼중테크주식회사,2020,쇠퇴기,0,100.0,100.0,62.42,58.63,15.69,49.15
2208171883,삼중테크주식회사,2021,쇠퇴기,0,25.99,100.0,38.9,55.39,14.38,48.15
2208171883,삼중테크주식회사,2022,도입기,0,44.25,70.4,54.23,38.0,27.26,54.74
2208171883,삼중테크주식회사,2023,성장기,0,24.44,13.2,55.25,51.46,26.54,48.77
2208171883,삼중테크주식회사,2024,도입기,0,53.17,92.8,58.94,41.32,9.32,40.67
2208600383,(주)하드램,2015,조정기,0,38.29,28.5,0.0,61.84,9.22,19.26
2208600383,(주)하드램,2016,도입기,0,35.48,82.9,19.68,60.45,81.41,90.53
2208600383,(주)하드램,2017,성숙기,0,0.0,0.0,24.1,57.99,82.54,49.25
2208600383,(주)하드램,2018,성숙기,0,56.96,0.0,92.35,61.64,10.81,5.9
2208600383,(주)하드램,2019,성숙기,0,44.21,0.0,100.0,57.66,24.44,57.24
2208600383,(주)하드램,2020,도입기,0,100.0,68.6,62.42,67.47,25.93,51.46
2208600383,(주)하드램,2021,성장기,0,25.99,1.9,38.9,58.29,0.89,34.78
2208600383,(주)하드램,2022,도입기,0,44.25,70.4,54.23,46.65,12.65,54.25
2208600383,(주)하드램,2023,성숙기,0,24.44,0.0,55.25,58.18,32.65,60.63
2208600383,(주)하드램,2024,쇠퇴기,0,53.17,100.0,58.94,46.98,6.66,35.81
2208703091,주식회사비에스엠신소재,2021,도입기,0,25.99,71.8,38.9,54.41,13.29,48.84
2208703091,주식회사비에스엠신소재,2022,성장기,0,44.25,3.1,54.23,36.93,89.11,91.57
2208703091,주식회사비에스엠신소재,2023,도입기,0,24.44,81.1,55.25,50.57,98.66,55.51
2208703091,주식회사비에스엠신소재,2024,성장기,1,53.17,16.0,58.94,38.08,99.71,50.49
2248108999,(주)세원,2015,성숙기,0,38.29,5.6,0.0,47.88,0.84,48.86
2248108999,(주)세원,2016,성숙기,0,35.48,0.0,19.68,48.34,2.77,51.93
2248108999,(주)세원,2017,성숙기,0,0.0,0.0,24.1,50.04,0.46,47.08
2248108999,(주)세원,2018,성숙기,0,56.96,0.0,92.35,50.34,4.66,48.63
2248108999,(주)세원,2019,성장기,0,44.21,2.1,100.0,50.48,31.92,64.85
2248108999,(주)세원,2020,조정기,0,100.0,22.0,62.42,60.38,50.94,61.08
2248108999,(주)세원,2022,성숙기,0,44.25,0.0,54.23,39.84,3.54,47.42
2248108999,(주)세원,2023,도입기,0,24.44,81.1,55.25,67.84,9.29,52.24
2248108999,(주)세원,2024,성장기,0,53.17,16.0,58.94,54.46,42.5,68.55
2248123350,(주)아이씨티이엔지,2016,성장기,0,35.48,2.2,19.68,46.84,10.8,51.01
2248123350,(주)아이씨티이엔지,2017,성숙기,0,0.0,0.0,24.1,48.92,4.5,44.8
2248123350,(주)아이씨티이엔지,2018,성숙기,0,56.96,0.0,92.35,49.91,17.65,53.7
2248129354,주식회사플로닉스,2015,성장기,0,38.29,0.0,0.0,49.87,5.65,43.59
2248129354,주식회사플로닉스,2016,성장기,0,35.48,2.2,19.68,46.84,7.67,51.97
2248129354,주식회사플로닉스,2017,성장기,0,0.0,1.7,24.1,63.21,6.36,47.67
2248129354,주식회사플로닉스,2018,성장기,0,56.96,1.0,92.35,61.56,6.16,46.15
2248129354,주식회사플로닉스,2019,성장기,0,44.21,2.1,100.0,57.58,3.73,48.32
2248129354,주식회사플로닉스,2020,도입기,0,100.0,68.6,62.42,61.77,58.64,80.84
2248129354,주식회사플로닉스,2021,도입기,0,25.99,71.8,38.9,60.96,74.16,57.71
2248129354,주식회사플로닉스,2022,도입기,0,44.25,70.4,54.23,43.79,6.76,7.05
2248129354,주식회사플로닉스,2023,성숙기,0,24.44,0.0,55.25,56.5,1.3,45.75
2248129354,주식회사플로닉스,2024,성숙기,0,53.17,0.0,58.94,45.86,4.14,51.83
2248153266,(주)케이투앤,2022,성장기,0,44.25,3.1,54.23,36.93,3.58,47.42
2248153266,(주)케이투앤,2023,성장기,0,24.44,13.2,55.25,50.57,0.88,47.32
2248153266,(주)케이투앤,2024,성장기,0,53.17,16.0,58.94,40.55,2.41,51.11
2258118490,주식회사에스엠아이,2015,도입기,0,38.29,65.4,0.0,49.87,12.33,50.22
2258118490,주식회사에스엠아이,2016,쇠퇴기,0,35.48,100.0,19.68,46.84,76.26,85.98
2258118490,주식회사에스엠아이,2017,쇠퇴기,0,0.0,100.0,24.1,48.92,43.07,29.45
2258118490,주식회사에스엠아이,2018,쇠퇴기,0,56.96,100.0,92.35,46.15,40.54,44.93
2258601427,디아이시스템주식회사,2019,성숙기,0,44.21,0.0,100.0,51.55,7.02,49.68
2258601427,디아이시스템주식회사,2020,성장기,0,100.0,0.8,62.42,,0.71,47.19
2258601427,디아이시스템주식회사,2021,성숙기,0,25.99,0.0,38.9,54.41,0.83,48.93
2258601427,디아이시스템주식회사,2022,성숙기,0,44.25,0.0,54.23,36.93,2.8,48.53
2258601427,디아이시스템주식회사,2023,성숙기,0,24.44,0.0,55.25,51.35,0.5,47.54
2258601427,디아이시스템주식회사,2024,성숙기,0,53.17,0.0,58.94,44.08,0.22,50.11
2268140898,주식회사신일글로벌,2015,성숙기,0,38.29,5.6,0.0,57.36,32.59,66.67
2268140898,주식회사신일글로벌,2019,성숙기,0,44.21,0.0,100.0,,2.27,49.68
2268140898,주식회사신일글로벌,2020,성숙기,0,100.0,0.0,62.42,55.65,2.76,50.93
2268140898,주식회사신일글로벌,2021,성숙기,0,25.99,0.0,38.9,40.52,1.45,48.13
2268140898,주식회사신일글로벌,2022,성숙기,0,44.25,0.0,54.23,37.01,66.17,85.23
2268140898,주식회사신일글로벌,2023,조정기,0,24.44,24.8,55.25,50.87,12.19,18.27
2268140898,주식회사신일글로벌,2024,성숙기,0,53.17,0.0,58.94,38.55,60.21,76.72
2298105323,(주)제우스,2015,성장기,0,38.29,0.0,0.0,67.87,0.27,50.13
2298105323,(주)제우스,2016,성장기,0,35.48,2.2,19.68,53.16,0.1,50.78
2298105323,(주)제우스,2017,성장기,0,0.0,1.7,24.1,54.06,4.08,50.7
2298105323,(주)제우스,2018,성장기,0,56.96,1.0,92.35,54.71,4.15,46.3
2298105323,(주)제우스,2019,조정기,0,44.21,25.7,100.0,51.32,4.22,49.72
2298105323,(주)제우스,2020,성장기,0,100.0,0.8,62.42,66.46,0.48,48.61
2298105323,(주)제우스,2021,성숙기,0,25.99,0.0,38.9,56.88,1.19,49.26
2298105323,(주)제우스,2022,성장기,0,44.25,3.1,54.23,38.23,4.48,49.3
2298105323,(주)제우스,2023,쇠퇴기,0,24.44,100.0,55.25,51.63,29.3,63.34
2298105323,(주)제우스,2024,성숙기,0,53.17,0.0,58.94,41.95,0.22,34.11
2298113158,(주)케이에스티이,2015,성숙기,0,38.29,5.6,0.0,54.96,1.67,50.45
2298113158,(주)케이에스티이,2016,조정기,0,35.48,33.5,19.68,48.68,1.25,50.64
2298113158,(주)케이에스티이,2017,성장기,0,0.0,1.7,24.1,51.14,1.98,48.84
2298113158,(주)케이에스티이,2018,성숙기,0,56.96,0.0,92.35,52.39,1.3,45.87
2298113158,(주)케이에스티이,2019,성장기,0,44.21,2.1,100.0,50.53,1.64,49.88
2298113158,(주)케이에스티이,2020,조정기,0,100.0,22.0,62.42,62.21,0.97,50.3
2298113158,(주)케이에스티이,2021,성숙기,0,25.99,0.0,38.9,49.85,0.64,48.68
2298113158,(주)케이에스티이,2022,성숙기,0,44.25,0.0,54.23,39.88,1.02,47.6
2298113158,(주)케이에스티이,2023,성숙기,0,24.44,0.0,55.25,52.83,0.69,48.67
2298113158,(주)케이에스티이,2024,성숙기,0,53.17,0.0,58.94,43.04,0.08,49.92
2298128229,나노인텍(주),2022,성장기,0,44.25,3.1,54.23,36.93,4.18,47.42
2298128229,나노인텍(주),2023,성장기,0,24.44,13.2,55.25,50.57,10.53,52.59
2298128229,나노인텍(주),2024,성장기,0,53.17,16.0,58.94,40.55,48.57,71.22
2298128802,(주)에스비엠,2015,조정기,0,38.29,28.5,0.0,49.87,89.37,78.55
2298129612,에이이코리아(주),2015,성숙기,0,38.29,5.6,0.0,61.39,30.79,57.9
2298129612,에이이코리아(주),2016,성숙기,0,35.48,0.0,19.68,58.78,21.34,45.6
2298129612,에이이코리아(주),2017,성숙기,0,0.0,0.0,24.1,62.63,0.5,36.45
2298129612,에이이코리아(주),2018,성숙기,0,56.96,0.0,92.35,62.4,0.42,46.21
2298129612,에이이코리아(주),2019,성숙기,0,44.21,0.0,100.0,63.06,28.81,65.49
2298129612,에이이코리아(주),2020,조정기,0,100.0,22.0,62.42,71.26,3.35,36.64
2298129612,에이이코리아(주),2021,조정기,0,25.99,24.6,38.9,47.31,50.84,75.64
2298129612,에이이코리아(주),2022,조정기,0,44.25,26.1,54.23,28.93,48.16,45.2
2298129612,에이이코리아(주),2023,조정기,0,24.44,24.8,55.25,44.03,30.36,39.09
2298129612,에이이코리아(주),2024,조정기,0,53.17,27.2,58.94,36.58,48.85,60.36
2298135638,(주)힘스,2015,쇠퇴기,0,38.29,100.0,0.0,47.03,76.6,78.38
2298135638,(주)힘스,2016,성장기,0,35.48,2.2,19.68,46.64,0.31,8.77
2298135638,(주)힘스,2017,성장기,0,0.0,1.7,24.1,55.27,0.1,48.29
2298135638,(주)힘스,2018,성장기,0,56.96,1.0,92.35,58.47,65.67,83.33
2298135638,(주)힘스,2019,조정기,0,44.21,25.7,100.0,68.61,4.38,15.36
2298135638,(주)힘스,2020,성숙기,0,100.0,0.0,62.42,49.2,0.11,48.32
2298135638,(주)힘스,2021,조정기,0,25.99,24.6,38.9,48.58,61.71,83.59
2298135638,(주)힘스,2022,도입기,0,44.25,70.4,54.23,23.98,70.86,51.98
2298135638,(주)힘스,2023,성숙기,0,24.44,0.0,55.25,39.39,1.24,9.24
2298135638,(주)힘스,2024,성숙기,0,53.17,0.0,58.94,30.83,20.97,61.15
2298136961,(주)밸류엔지니어링,2018,성장기,0,56.96,1.0,92.35,49.91,5.26,46.26
2298136961,(주)밸류엔지니어링,2019,도입기,0,44.21,58.1,100.0,51.55,9.85,52.23
2298136961,(주)밸류엔지니어링,2020,성장기,0,100.0,0.8,62.42,60.99,38.36,66.33
2298136961,(주)밸류엔지니어링,2021,성숙기,0,25.99,0.0,38.9,52.42,3.22,29.11
2298136961,(주)밸류엔지니어링,2022,성숙기,0,44.25,0.0,54.23,37.76,4.31,47.98
2298136961,(주)밸류엔지니어링,2023,성숙기,0,24.44,0.0,55.25,51.49,6.75,50.32
2298136961,(주)밸류엔지니어링,2024,성숙기,0,53.17,0.0,58.94,41.5,16.0,55.34
2298800628,(주)위드멤스,2018,성장기,0,56.96,1.0,92.35,49.91,30.95,46.26
2298800628,(주)위드멤스,2020,성장기,0,100.0,0.8,62.42,60.99,26.43,50.67
2298800628,(주)위드멤스,2021,성장기,1,25.99,1.9,38.9,54.41,78.51,78.27
2348101580,주식회사나누텍,2018,성장기,0,56.96,1.0,92.35,49.91,17.68,46.26
2348101580,주식회사나누텍,2019,성숙기,0,44.21,0.0,100.0,51.55,21.94,52.0
2348101580,주식회사나누텍,2020,성숙기,0,100.0,0.0,62.42,60.99,14.24,46.41
2368800136,(주)신화에스티,2016,성장기,0,35.48,2.2,19.68,46.84,5.29,51.01
2368800136,(주)신화에스티,2017,성장기,0,0.0,1.7,24.1,48.92,1.88,46.46
2368800136,(주)신화에스티,2018,성장기,0,56.96,1.0,92.35,49.91,2.51,46.61
2368800136,(주)신화에스티,2019,성숙기,0,44.21,0.0,100.0,53.55,2.02,49.41
2368800136,(주)신화에스티,2020,성숙기,0,100.0,0.0,62.42,58.08,8.06,53.98
2368800136,(주)신화에스티,2021,성장기,0,25.99,1.9,38.9,55.11,5.06,47.18
2368800136,(주)신화에스티,2022,성장기,0,44.25,3.1,54.23,34.22,76.08,88.87
2368800136,(주)신화에스티,2023,성장기,0,24.44,13.2,55.25,48.13,55.92,38.06
2368800136,(주)신화에스티,2024,성장기,0,53.17,16.0,58.94,38.12,3.11,20.92
2438101342,주식회사창대정밀,2019,성숙기,0,44.21,0.0,100.0,51.55,10.2,49.68
2438101342,주식회사창대정밀,2020,성장기,0,100.0,0.8,62.42,60.99,16.17,53.93
2438101342,주식회사창대정밀,2021,도입기,0,25.99,71.8,38.9,54.41,83.83,87.04
2438101342,주식회사창대정밀,2022,쇠퇴기,0,44.25,100.0,54.23,28.55,83.81,46.35
2438101342,주식회사창대정밀,2023,쇠퇴기,1,24.44,100.0,55.25,43.34,66.33,39.72
2438601819,지에스파킹(주),2022,도입기,0,44.25,70.4,54.23,36.93,22.7,47.42
2438601819,지에스파킹(주),2023,도입기,0,24.44,81.1,55.25,50.57,24.99,50.46
2438601819,지에스파킹(주),2024,도입기,0,53.17,92.8,58.94,40.55,99.44,91.25
2508601229,(주)한국펌프앤시스템즈,2021,성장기,0,25.99,1.9,38.9,54.41,8.32,48.84
2508601229,(주)한국펌프앤시스템즈,2022,도입기,0,44.25,70.4,54.23,36.93,29.39,59.6
2508601229,(주)한국펌프앤시스템즈,2023,도입기,0,24.44,81.1,55.25,50.57,18.73,43.01
2508601229,(주)한국펌프앤시스템즈,2024,도입기,0,53.17,92.8,58.94,39.9,89.49,89.24
2568104011,신우코스텍(주),2015,조정기,0,38.29,28.5,0.0,49.87,29.18,50.22
2568104011,신우코스텍(주),2016,쇠퇴기,0,35.48,100.0,19.68,46.84,19.95,45.74
2568104011,신우코스텍(주),2017,도입기,0,0.0,70.3,24.1,48.92,15.38,45.82
2568104011,신우코스텍(주),2018,성숙기,0,56.96,0.0,92.35,72.14,5.85,40.9
2568104011,신우코스텍(주),2019,도입기,0,44.21,58.1,100.0,48.22,94.81,99.18
2568104011,신우코스텍(주),2020,도입기,0,100.0,68.6,62.42,69.62,95.61,51.01
2568104011,신우코스텍(주),2021,도입기,1,25.99,71.8,38.9,57.25,80.72,40.62
2578702191,주식회사에이블,2022,성장기,0,44.25,3.1,54.23,36.93,16.64,47.42
2578702191,주식회사에이블,2023,성숙기,0,24.44,0.0,55.25,50.57,34.18,59.26
2578702191,주식회사에이블,2024,조정기,0,53.17,27.2,58.94,40.55,6.69,34.97
2578800128,두산로보틱스(주),2017,도입기,0,0.0,70.3,24.1,48.92,36.41,48.42
2578800128,두산로보틱스(주),2018,도입기,0,56.96,75.8,92.35,49.91,75.29,68.33
2578800128,두산로보틱스(주),2019,도입기,0,44.21,58.1,100.0,51.55,84.89,54.78
2578800128,두산로보틱스(주),2020,도입기,0,100.0,68.6,62.42,52.01,90.13,53.46
2578800128,두산로보틱스(주),2021,도입기,1,25.99,71.8,38.9,49.17,78.33,42.35
2608101497,주식회사티더블유테크놀로지,2022,성장기,0,44.25,3.1,54.23,36.93,8.25,47.42
2608101497,주식회사티더블유테크놀로지,2023,성숙기,0,24.44,0.0,55.25,50.57,2.59,45.65
2608101497,주식회사티더블유테크놀로지,2024,쇠퇴기,0,53.17,100.0,58.94,40.55,5.07,51.63
2618601821,에이치디현대로보틱스주식회사,2020,도입기,0,100.0,68.6,62.42,60.99,14.72,50.67
2618601821,에이치디현대로보틱스주식회사,2021,성장기,0,25.99,1.9,38.9,54.41,55.97,72.15
2618601821,에이치디현대로보틱스주식회사,2022,조정기,0,44.25,26.1,54.23,36.93,10.17,19.91
2618601821,에이치디현대로보틱스주식회사,2023,조정기,0,24.44,24.8,55.25,49.8,68.17,82.71
2618601821,에이치디현대로보틱스주식회사,2024,조정기,0,53.17,27.2,58.94,39.97,49.03,39.45
2638101759,(주)엠앤씨솔루션,2020,성장기,0,100.0,0.8,62.42,60.99,14.29,50.67
2638101759,(주)엠앤씨솔루션,2021,성장기,0,25.99,1.9,38.9,,3.58,42.85
2638101759,(주)엠앤씨솔루션,2022,성장기,0,44.25,3.1,54.23,36.93,0.72,45.67
2638101759,(주)엠앤씨솔루션,2023,성숙기,0,24.44,0.0,55.25,50.57,5.57,51.68
2638101759,(주)엠앤씨솔루션,2024,성숙기,0,53.17,0.0,58.94,37.22,4.94,49.9
2648131085,주식회사에스엠큐엔씨,2018,성장기,0,56.96,1.0,92.35,49.91,11.48,46.26
2648131085,주식회사에스엠큐엔씨,2019,성장기,0,44.21,2.1,100.0,51.55,12.76,50.37
2648131085,주식회사에스엠큐엔씨,2020,성장기,0,100.0,0.8,62.42,60.99,10.06,49.17
2648135970,클레어주식회사,2020,도입기,0,100.0,68.6,62.42,60.99,32.9,50.67
2648135970,클레어주식회사,2021,도입기,0,25.99,71.8,38.9,54.41,87.71,79.82
2648135970,클레어주식회사,2022,도입기,1,44.25,70.4,54.23,36.93,94.19,50.11
2678800708,주식회사에이치티엠,2019,조정기,0,44.21,25.7,100.0,51.55,5.63,49.68
2678800708,주식회사에이치티엠,2020,성숙기,0,100.0,0.0,62.42,60.99,9.56,52.82
2678800708,주식회사에이치티엠,2021,성숙기,0,25.99,0.0,38.9,54.41,11.34,49.88
2678800708,주식회사에이치티엠,2022,성숙기,0,44.25,0.0,54.23,38.79,6.31,44.3
2868601607,주식회사씨티에스엔지니어링,2021,조정기,0,25.99,24.6,38.9,54.41,3.44,48.84
2868601607,주식회사씨티에스엔지니어링,2022,도입기,0,44.25,70.4,54.23,36.93,5.57,48.59
2868601607,주식회사씨티에스엔지니어링,2023,조정기,0,24.44,24.8,55.25,50.57,0.72,46.09
2868601607,주식회사씨티에스엔지니어링,2024,성숙기,0,53.17,0.0,58.94,30.24,1.0,50.42
2908101504,칼텍주식회사,2022,도입기,0,44.25,70.4,54.23,36.93,15.13,47.42
2908101504,칼텍주식회사,2023,성장기,0,24.44,13.2,55.25,50.57,10.75,46.49
2908101504,칼텍주식회사,2024,성숙기,0,53.17,0.0,58.94,40.55,4.85,46.97
2908800178,주식회사한빛산업,2021,성장기,0,25.99,1.9,38.9,54.41,10.97,48.84
2908800178,주식회사한빛산업,2022,성숙기,0,44.25,0.0,54.23,36.93,16.6,50.54
2908800178,주식회사한빛산업,2023,조정기,0,24.44,24.8,55.25,50.57,12.93,46.92
2908800178,주식회사한빛산업,2024,성숙기,0,53.17,0.0,58.94,38.23,10.51,48.89
2968700524,(주)스키피오,2020,성장기,0,100.0,0.8,62.42,60.99,22.35,50.67
2968700524,(주)스키피오,2021,도입기,0,25.99,71.8,38.9,54.41,69.72,75.6
2968700524,(주)스키피오,2022,쇠퇴기,0,44.25,100.0,54.23,36.93,91.48,59.26
2968700524,(주)스키피오,2023,성숙기,0,24.44,0.0,55.25,48.04,86.19,46.91
2968700524,(주)스키피오,2024,쇠퇴기,1,53.17,100.0,58.94,38.75,97.74,56.32
3018106978,주식회사폴리텍,2015,성장기,0,38.29,0.0,0.0,43.02,5.68,47.58
3018106978,주식회사폴리텍,2016,성장기,0,35.48,2.2,19.68,41.19,1.8,48.72
3018106978,주식회사폴리텍,2017,성숙기,0,0.0,0.0,24.1,43.74,0.36,47.59
3018106978,주식회사폴리텍,2018,성숙기,0,56.96,0.0,92.35,44.9,0.48,46.32
3018106978,주식회사폴리텍,2019,성숙기,0,44.21,0.0,100.0,47.92,0.52,49.72
3018106978,주식회사폴리텍,2020,성숙기,0,100.0,0.0,62.42,59.25,45.51,75.39
3018106978,주식회사폴리텍,2021,성숙기,0,25.99,0.0,38.9,54.52,13.61,30.95
3018106978,주식회사폴리텍,2022,성숙기,0,44.25,0.0,54.23,37.37,2.19,40.53
3018106978,주식회사폴리텍,2023,성숙기,0,24.44,0.0,55.25,51.02,2.96,49.32
3018106978,주식회사폴리텍,2024,성숙기,0,53.17,0.0,58.94,41.45,6.25,52.07
3018107171,퍼스텍주식회사,2015,도입기,0,38.29,65.4,0.0,56.6,89.31,51.51
3018107171,퍼스텍주식회사,2016,조정기,1,35.48,33.5,19.68,37.86,93.02,52.7
3018111340,서울샤프중공업(주),2015,쇠퇴기,0,38.29,100.0,0.0,56.44,94.08,69.59
3018111340,서울샤프중공업(주),2016,쇠퇴기,1,35.48,100.0,19.68,39.33,98.03,52.83
3018117664,카고텍코리아(주),2015,성장기,0,38.29,0.0,0.0,44.96,50.93,76.76
3018117664,카고텍코리아(주),2016,성장기,0,35.48,2.2,19.68,40.36,1.57,23.62
3018117664,카고텍코리아(주),2017,성장기,0,0.0,1.7,24.1,47.03,7.69,51.94
3018117664,카고텍코리아(주),2018,성장기,0,56.96,1.0,92.35,50.43,1.37,42.7
3018117664,카고텍코리아(주),2019,성장기,0,44.21,2.1,100.0,51.54,2.18,50.14
3018117664,카고텍코리아(주),2020,성장기,0,100.0,0.8,62.42,63.96,1.97,50.55
3018117664,카고텍코리아(주),2021,조정기,0,25.99,24.6,38.9,57.87,1.49,48.6
3018117664,카고텍코리아(주),2022,성숙기,0,44.25,0.0,54.23,43.48,1.4,47.31
3018117664,카고텍코리아(주),2023,성숙기,0,24.44,0.0,55.25,55.95,1.23,48.77
3018117664,카고텍코리아(주),2024,성숙기,0,53.17,0.0,58.94,45.5,1.73,50.54
3018131308,씨에스기계(주),2015,성장기,0,38.29,0.0,0.0,45.45,23.25,61.56
3018131308,씨에스기계(주),2016,성숙기,0,35.48,0.0,19.68,44.11,35.44,57.52
3018131308,씨에스기계(주),2017,성숙기,0,0.0,0.0,24.1,45.28,3.25,29.93
3018131308,씨에스기계(주),2018,성숙기,0,56.96,0.0,92.35,48.19,38.05,65.94
3018131308,씨에스기계(주),2019,성장기,0,44.21,2.1,100.0,52.36,46.43,54.23
3018131308,씨에스기계(주),2020,조정기,0,100.0,22.0,62.42,64.6,46.66,50.74
3018166490,(주)마이크로필터,2015,성숙기,0,38.29,5.6,0.0,47.26,0.1,50.15
3018166490,(주)마이크로필터,2016,성숙기,0,35.48,0.0,19.68,45.04,0.13,50.89
3018166490,(주)마이크로필터,2017,성숙기,0,0.0,0.0,24.1,46.73,0.4,48.57
3018166490,(주)마이크로필터,2018,성숙기,0,56.96,0.0,92.35,46.89,0.53,46.33
3018166490,(주)마이크로필터,2019,성숙기,0,44.21,0.0,100.0,48.56,0.0,49.39
3018166490,(주)마이크로필터,2020,조정기,0,100.0,22.0,62.42,57.63,0.08,50.71
3018166490,(주)마이크로필터,2021,성숙기,0,25.99,0.0,38.9,47.0,0.11,48.88
3018166490,(주)마이크로필터,2022,성숙기,0,44.25,0.0,54.23,35.56,11.69,54.15
3018166490,(주)마이크로필터,2023,성숙기,0,24.44,0.0,55.25,49.06,1.26,42.93
3018166490,(주)마이크로필터,2024,성숙기,0,53.17,0.0,58.94,39.58,1.16,50.2
3018176377,(주)에스메카,2019,도입기,0,44.21,58.1,100.0,51.55,33.72,49.68
3018176377,(주)에스메카,2020,성숙기,0,100.0,0.0,62.42,60.99,53.28,61.38
3018176377,(주)에스메카,2021,성장기,0,25.99,1.9,38.9,54.41,84.75,66.69
3018176377,(주)에스메카,2022,쇠퇴기,0,44.25,100.0,54.23,28.89,88.9,48.78
3018176377,(주)에스메카,2023,도입기,1,24.44,81.1,55.25,43.69,85.91,48.21
3018180420,한국기연(주),2022,성숙기,0,44.25,0.0,54.23,36.93,4.84,47.42
3018180420,한국기연(주),2023,조정기,0,24.44,24.8,55.25,50.57,5.75,49.44
3018180420,한국기연(주),2024,도입기,0,53.17,92.8,58.94,40.55,5.23,49.96
3018184483,(주)디아이테크,2015,도입기,0,38.29,65.4,0.0,49.87,7.74,50.22
3018184483,(주)디아이테크,2016,도입기,0,35.48,82.9,19.68,46.84,87.0,94.42
3018184483,(주)디아이테크,2017,도입기,0,0.0,70.3,24.1,48.92,96.81,54.26
3018184483,(주)디아이테크,2019,쇠퇴기,0,44.21,100.0,100.0,48.95,50.54,49.68
3018184483,(주)디아이테크,2020,쇠퇴기,0,100.0,100.0,62.42,58.18,98.45,76.94
3018189756,(주)러셀,2015,성숙기,0,38.29,5.6,0.0,77.09,5.89,53.36
3018189756,(주)러셀,2016,성숙기,0,35.48,0.0,19.68,52.51,0.78,48.05
3018189756,(주)러셀,2017,도입기,0,0.0,70.3,24.1,57.35,5.49,51.13
3018193212,(주)에스엠아이,2016,성숙기,0,35.48,0.0,19.68,46.84,3.98,51.01
3018193212,(주)에스엠아이,2017,도입기,0,0.0,70.3,24.1,48.92,6.23,49.72
3018193212,(주)에스엠아이,2018,성숙기,0,56.96,0.0,92.35,49.91,0.28,42.9
3018193212,(주)에스엠아이,2019,성숙기,0,44.21,0.0,100.0,57.32,0.27,49.69
3018193212,(주)에스엠아이,2020,성숙기,0,100.0,0.0,62.42,62.67,1.86,51.54
3018193212,(주)에스엠아이,2021,성숙기,0,25.99,0.0,38.9,59.26,0.14,47.89
3018193212,(주)에스엠아이,2022,성숙기,0,44.25,0.0,54.23,48.43,0.1,47.36
3018193212,(주)에스엠아이,2023,성숙기,0,24.44,0.0,55.25,59.77,5.63,52.06
3018193212,(주)에스엠아이,2024,성숙기,0,53.17,0.0,58.94,48.56,0.19,47.25
3018195340,(주)제이에스텍,2022,성숙기,0,44.25,0.0,54.23,36.93,3.58,47.42
3018195340,(주)제이에스텍,2023,성숙기,0,24.44,0.0,55.25,50.57,0.13,46.88
3018195340,(주)제이에스텍,2024,성숙기,0,53.17,0.0,58.94,40.55,0.17,50.29
3018604499,(주)엠씨엠,2015,성숙기,0,38.29,5.6,0.0,49.87,0.66,50.41
3018604499,(주)엠씨엠,2016,성숙기,0,35.48,0.0,19.68,51.59,0.14,50.58
3018604499,(주)엠씨엠,2017,성숙기,0,0.0,0.0,24.1,51.74,0.1,48.39
3018604499,(주)엠씨엠,2018,성숙기,0,56.96,0.0,92.35,51.12,0.12,46.26
3018604499,(주)엠씨엠,2019,성숙기,0,44.21,0.0,100.0,51.07,0.31,49.79
3018604499,(주)엠씨엠,2020,성숙기,0,100.0,0.0,62.42,60.59,0.02,50.51
3018604499,(주)엠씨엠,2021,성숙기,0,25.99,0.0,38.9,52.61,0.22,48.97
3018604499,(주)엠씨엠,2022,성숙기,0,44.25,0.0,54.23,36.02,5.07,50.22
3018604499,(주)엠씨엠,2023,조정기,0,24.44,24.8,55.25,49.64,0.44,46.22
3018604499,(주)엠씨엠,2024,성숙기,0,53.17,0.0,58.94,39.94,0.17,50.11
3018621519,한국타워크레인주식회사,2015,성숙기,0,38.29,5.6,0.0,49.87,65.53,75.39
3018621519,한국타워크레인주식회사,2016,성숙기,0,35.48,0.0,19.68,57.02,4.12,16.97
3018621519,한국타워크레인주식회사,2017,도입기,0,0.0,70.3,24.1,56.42,6.29,49.67
3018621519,한국타워크레인주식회사,2018,조정기,0,56.96,38.0,92.35,56.56,61.56,77.53
3018621519,한국타워크레인주식회사,2019,도입기,0,44.21,58.1,100.0,58.85,62.14,49.8
3018621519,한국타워크레인주식회사,2020,성장기,0,100.0,0.8,62.42,59.47,18.1,26.4
3018800444,(주)유니에어공조,2021,도입기,0,25.99,71.8,38.9,54.41,36.35,48.84
3018800444,(주)유니에어공조,2022,성숙기,0,44.25,0.0,54.23,36.93,98.84,83.5
3018800444,(주)유니에어공조,2023,도입기,0,24.44,81.1,55.25,50.57,38.0,14.69
3018800444,(주)유니에어공조,2024,성숙기,0,53.17,0.0,58.94,40.27,54.94,59.47
3028104158,한국드라이베아링(주),2015,성숙기,0,38.29,5.6,0.0,49.6,1.42,50.2
3028104158,한국드라이베아링(주),2016,성숙기,0,35.48,0.0,19.68,44.4,1.05,50.67
3028104158,한국드라이베아링(주),2017,성숙기,0,0.0,0.0,24.1,46.88,0.82,48.28
3028104158,한국드라이베아링(주),2018,성숙기,0,56.96,0.0,92.35,48.07,0.82,46.25
3028104158,한국드라이베아링(주),2019,성숙기,0,44.21,0.0,100.0,51.68,0.82,49.69
3028104158,한국드라이베아링(주),2020,성숙기,0,100.0,0.0,62.42,61.78,1.25,50.9
3028104158,한국드라이베아링(주),2021,성숙기,0,25.99,0.0,38.9,55.82,0.33,48.35
3028104158,한국드라이베아링(주),2022,성숙기,0,44.25,0.0,54.23,38.69,0.78,47.64
3028104158,한국드라이베아링(주),2023,성숙기,0,24.44,0.0,55.25,51.91,0.13,48.48
3028104158,한국드라이베아링(주),2024,성숙기,0,53.17,0.0,58.94,41.48,0.3,50.36
3028108377,유씨엘스위프트,2015,성장기,0,38.29,0.0,0.0,39.88,14.38,55.65
3028108377,유씨엘스위프트,2016,성장기,0,35.48,2.2,19.68,47.37,12.77,49.96
3028108377,유씨엘스위프트,2017,성장기,0,0.0,1.7,24.1,49.66,95.28,96.01
3028108377,유씨엘스위프트,2018,쇠퇴기,0,56.96,100.0,92.35,47.08,74.12,34.53
3028108377,유씨엘스위프트,2019,성숙기,1,44.21,0.0,100.0,50.3,91.94,59.36
3028109605,태산기계공업(주),2015,조정기,0,38.29,28.5,0.0,36.67,15.81,50.58
3028109605,태산기계공업(주),2016,성장기,0,35.48,2.2,19.68,42.98,18.21,52.16
3028109605,태산기계공업(주),2017,성숙기,0,0.0,0.0,24.1,44.42,25.65,52.74
3028109605,태산기계공업(주),2018,성장기,0,56.96,1.0,92.35,45.44,29.33,48.4
3028109605,태산기계공업(주),2019,성장기,0,44.21,2.1,100.0,49.84,79.37,77.44
3028109605,태산기계공업(주),2020,성장기,0,100.0,0.8,62.42,60.7,15.53,15.5
3028109605,태산기계공업(주),2021,성숙기,0,25.99,0.0,38.9,51.45,12.86,47.38
3028109605,태산기계공업(주),2022,성숙기,0,44.25,0.0,54.23,39.2,9.02,44.98
3028109605,태산기계공업(주),2023,도입기,0,24.44,81.1,55.25,52.42,16.92,53.55
3028109605,태산기계공업(주),2024,조정기,0,53.17,27.2,58.94,42.97,39.35,62.58
3028115413,주식회사동양산기,2015,조정기,0,38.29,28.5,0.0,49.87,4.73,44.94
3028115413,주식회사동양산기,2016,조정기,0,35.48,33.5,19.68,40.12,2.19,49.47
3028115413,주식회사동양산기,2017,조정기,0,0.0,35.9,24.1,44.92,5.77,50.48
3028115413,주식회사동양산기,2018,성장기,0,56.96,1.0,92.35,42.55,2.8,44.59
3028115413,주식회사동양산기,2019,쇠퇴기,0,44.21,100.0,100.0,48.7,70.76,87.51
3028115413,주식회사동양산기,2020,쇠퇴기,0,100.0,100.0,62.42,61.6,6.77,15.42
3028115413,주식회사동양산기,2021,쇠퇴기,0,25.99,100.0,38.9,52.49,1.8,46.07
3028115413,주식회사동양산기,2022,성장기,0,44.25,3.1,54.23,34.42,0.16,46.4
3028115413,주식회사동양산기,2023,성숙기,0,24.44,0.0,55.25,49.03,0.4,48.99
3028115413,주식회사동양산기,2024,성장기,0,53.17,16.0,58.94,40.54,0.34,50.23
3038111045,케이엔솔(주),2015,조정기,0,38.29,28.5,0.0,60.0,0.18,50.14
3038111045,케이엔솔(주),2016,조정기,0,35.48,33.5,19.68,43.25,4.94,53.49
3038111045,케이엔솔(주),2017,조정기,0,0.0,35.9,24.1,47.03,0.66,45.95
3038111045,케이엔솔(주),2018,성장기,0,56.96,1.0,92.35,49.18,0.03,45.9
3038111045,케이엔솔(주),2019,성장기,0,44.21,2.1,100.0,51.53,0.32,49.85
3038111045,케이엔솔(주),2020,성장기,0,100.0,0.8,62.42,55.38,0.27,50.64
3038111045,케이엔솔(주),2021,성장기,0,25.99,1.9,38.9,46.95,5.32,51.71
3038111045,케이엔솔(주),2022,조정기,0,44.25,26.1,54.23,30.15,0.26,44.35
3038111045,케이엔솔(주),2023,도입기,0,24.44,81.1,55.25,44.87,4.76,51.47
3038111045,케이엔솔(주),2024,성숙기,0,53.17,0.0,58.94,36.24,3.25,49.41
3038139359,(주)대주이엔티,2016,성장기,0,35.48,2.2,19.68,46.84,16.98,51.01
3038139359,(주)대주이엔티,2017,도입기,0,0.0,70.3,24.1,48.92,72.58,80.5
3038139359,(주)대주이엔티,2018,도입기,0,56.96,75.8,92.35,49.91,39.78,27.89
3038139359,(주)대주이엔티,2019,도입기,0,44.21,58.1,100.0,54.18,98.94,82.48
3038139359,(주)대주이엔티,2020,쇠퇴기,0,100.0,100.0,62.42,62.3,94.09,47.89
3038153273,(주)대광기계,2022,성장기,0,44.25,3.1,54.23,36.93,3.62,47.42
3038153273,(주)대광기계,2023,성숙기,0,24.44,0.0,55.25,50.57,0.23,46.92
3038153273,(주)대광기계,2024,성숙기,0,53.17,0.0,58.94,40.55,0.81,50.59
3038177561,선진정공(주),2017,조정기,0,0.0,35.9,24.1,48.92,11.09,48.42
3038177561,선진정공(주),2018,성숙기,0,56.96,0.0,92.35,49.91,54.43,70.79
3038177561,선진정공(주),2019,성숙기,0,44.21,0.0,100.0,51.55,15.07,27.6
3038177561,선진정공(주),2020,성숙기,0,100.0,0.0,62.42,52.54,15.7,50.99
3038177561,선진정공(주),2021,도입기,0,25.99,71.8,38.9,47.72,25.27,54.28
3038177561,선진정공(주),2022,도입기,0,44.25,70.4,54.23,23.66,98.84,90.11
3038177561,선진정공(주),2023,도입기,0,24.44,81.1,55.25,38.93,79.34,38.73
3038177561,선진정공(주),2024,성숙기,0,53.17,0.0,58.94,30.69,30.02,22.76
3058137658,(주)뉴로스,2022,조정기,0,44.25,26.1,54.23,36.93,87.95,47.42
3058137658,(주)뉴로스,2023,조정기,0,24.44,24.8,55.25,50.57,11.62,5.54
3058137658,(주)뉴로스,2024,조정기,0,53.17,27.2,58.94,40.55,25.63,57.95
3058141318,주식회사엘투케이,2016,성숙기,0,35.48,0.0,19.68,46.84,3.31,51.01
3058141318,주식회사엘투케이,2017,성장기,0,0.0,1.7,24.1,48.92,0.03,46.53
3058141318,주식회사엘투케이,2018,조정기,0,56.96,38.0,92.35,49.91,7.6,50.53
3058141318,주식회사엘투케이,2019,성장기,0,44.21,2.1,100.0,66.88,2.52,46.84
3058141318,주식회사엘투케이,2020,성숙기,0,100.0,0.0,62.42,53.57,5.03,52.04
3058141318,주식회사엘투케이,2021,조정기,0,25.99,24.6,38.9,58.79,0.41,46.27
3058141318,주식회사엘투케이,2022,성장기,0,44.25,3.1,54.23,44.23,41.68,71.52
3058141318,주식회사엘투케이,2023,쇠퇴기,0,24.44,100.0,55.25,55.9,6.75,29.05
3058141318,주식회사엘투케이,2024,성숙기,0,53.17,0.0,58.94,43.45,3.91,48.67
3058166527,(주)한독크린텍,2015,성숙기,0,38.29,5.6,0.0,49.87,5.1,48.01
3058166527,(주)한독크린텍,2016,성숙기,0,35.48,0.0,19.68,46.84,3.57,50.02
3058166527,(주)한독크린텍,2017,성숙기,0,0.0,0.0,24.1,48.52,1.87,47.44
3058166527,(주)한독크린텍,2018,성숙기,0,56.96,0.0,92.35,49.44,0.61,45.55
3058166527,(주)한독크린텍,2019,성장기,0,44.21,2.1,100.0,45.64,0.01,49.36
3058166527,(주)한독크린텍,2020,성숙기,0,100.0,0.0,62.42,58.64,0.02,50.67
3058166527,(주)한독크린텍,2021,성장기,0,25.99,1.9,38.9,52.1,0.23,48.98
3058166527,(주)한독크린텍,2022,성숙기,0,44.25,0.0,54.23,31.46,0.28,47.41
3058166527,(주)한독크린텍,2023,조정기,0,24.44,24.8,55.25,45.9,0.24,48.83
3058166527,(주)한독크린텍,2024,성숙기,0,53.17,0.0,58.94,36.94,0.49,50.4
3058179231,주식회사청심,2021,성장기,0,25.99,1.9,38.9,54.41,24.91,48.84
3058179231,주식회사청심,2022,도입기,0,44.25,70.4,54.23,36.93,76.34,77.16
3058179231,주식회사청심,2023,도입기,1,24.44,81.1,55.25,50.57,51.73,35.48
3058185922,(주)삼진JMC,2015,조정기,0,38.29,28.5,0.0,66.46,6.36,51.5
3058185922,(주)삼진JMC,2016,도입기,0,35.48,82.9,19.68,41.78,9.24,52.45
3058185922,(주)삼진JMC,2017,도입기,0,0.0,70.3,24.1,42.37,89.55,94.73
3058185922,(주)삼진JMC,2018,도입기,0,56.96,75.8,92.35,37.73,88.13,45.68
3058188176,청정테크(주),2021,성장기,0,25.99,1.9,38.9,54.41,3.39,48.84
3058188176,청정테크(주),2022,성장기,0,44.25,3.1,54.23,36.93,4.24,47.84
3058188176,청정테크(주),2023,성장기,0,24.44,13.2,55.25,50.57,18.68,57.3
3058188176,청정테크(주),2024,성장기,0,53.17,16.0,58.94,43.84,32.46,57.8
3058623106,아이작리서치,2021,성장기,0,25.99,1.9,38.9,54.41,8.45,48.84
3058623106,아이작리서치,2022,도입기,0,44.25,70.4,54.23,36.93,84.14,91.56
3058623106,아이작리서치,2023,조정기,0,24.44,24.8,55.25,50.57,68.56,40.83
3058623106,아이작리서치,2024,성장기,0,53.17,16.0,58.94,39.46,1.04,12.76
3058635617,디와이에스엠,2015,도입기,0,38.29,65.4,0.0,49.87,14.95,50.22
3058635617,디와이에스엠,2016,도입기,0,35.48,82.9,19.68,46.84,93.75,94.15
3058635617,디와이에스엠,2017,도입기,0,0.0,70.3,24.1,48.92,66.88,33.13
3058635617,디와이에스엠,2018,성숙기,1,56.96,0.0,92.35,31.91,84.56,56.43
3068102147,앨트웰텍주식회사,2015,성숙기,0,38.29,5.6,0.0,50.76,8.79,49.41
3068102147,앨트웰텍주식회사,2016,도입기,0,35.48,82.9,19.68,46.69,24.07,59.25
3068102147,앨트웰텍주식회사,2017,조정기,0,0.0,35.9,24.1,50.05,22.66,47.66
3068102147,앨트웰텍주식회사,2018,성숙기,0,56.96,0.0,92.35,51.58,32.69,51.98
3068102147,앨트웰텍주식회사,2019,성장기,0,44.21,2.1,100.0,51.18,13.41,38.85
3068102147,앨트웰텍주식회사,2020,조정기,0,100.0,22.0,62.42,64.74,31.61,60.66
3068102147,앨트웰텍주식회사,2021,쇠퇴기,0,25.99,100.0,38.9,57.32,47.34,57.78
3068102147,앨트웰텍주식회사,2022,성숙기,0,44.25,0.0,54.23,36.05,33.3,38.59
3068102147,앨트웰텍주식회사,2023,성숙기,0,24.44,0.0,55.25,49.58,16.44,39.45
3068102147,앨트웰텍주식회사,2024,성숙기,0,53.17,0.0,58.94,39.42,51.96,69.8
3068105483,(주)남선기공,2015,조정기,0,38.29,28.5,0.0,48.01,8.33,27.77
3068105483,(주)남선기공,2016,조정기,0,35.48,33.5,19.68,54.55,57.66,77.97
3068105483,(주)남선기공,2017,도입기,0,0.0,70.3,24.1,53.34,65.2,52.89
3068105483,(주)남선기공,2018,도입기,1,56.96,75.8,92.35,53.96,81.74,55.78
3068108608,(주)기흥기계,2015,도입기,0,38.29,65.4,0.0,52.17,75.92,91.25
3068108608,(주)기흥기계,2016,조정기,0,35.48,33.5,19.68,41.73,32.57,26.87
3068108608,(주)기흥기계,2017,성숙기,0,0.0,0.0,24.1,43.76,69.37,69.7
3068108608,(주)기흥기계,2018,도입기,0,56.96,75.8,92.35,47.37,57.62,39.79
3068108608,(주)기흥기계,2019,도입기,1,44.21,58.1,100.0,48.82,89.23,67.09
3068113566,주식회사한국엔지니어링웍스,2015,조정기,0,38.29,28.5,0.0,45.65,5.91,53.29
3068113566,주식회사한국엔지니어링웍스,2016,성장기,0,35.48,2.2,19.68,31.22,61.47,81.39
3068113566,주식회사한국엔지니어링웍스,2017,조정기,0,0.0,35.9,24.1,31.0,69.11,52.96
3068113566,주식회사한국엔지니어링웍스,2018,조정기,0,56.96,38.0,92.35,33.6,65.95,44.65
3068113566,주식회사한국엔지니어링웍스,2019,조정기,0,44.21,25.7,100.0,34.09,72.82,53.29
3068113566,주식회사한국엔지니어링웍스,2020,조정기,1,100.0,22.0,62.42,59.03,72.07,50.18
3068118106,한국에어로(주),2021,성장기,0,25.99,1.9,38.9,54.41,16.01,48.84
3068118106,한국에어로(주),2022,성숙기,0,44.25,0.0,54.23,36.93,91.53,91.37
3068118106,한국에어로(주),2023,성장기,0,24.44,13.2,55.25,50.57,18.27,7.37
3068118106,한국에어로(주),2024,쇠퇴기,0,53.17,100.0,58.94,36.74,93.14,91.51
3068124194,(주)씨에이치씨랩,2015,성숙기,0,38.29,5.6,0.0,49.87,0.39,29.3
3068124194,(주)씨에이치씨랩,2016,성장기,0,35.48,2.2,19.68,63.53,4.99,53.4
3068124194,(주)씨에이치씨랩,2017,도입기,0,0.0,70.3,24.1,59.58,5.0,48.43
3068124194,(주)씨에이치씨랩,2018,성숙기,0,56.96,0.0,92.35,63.3,1.24,44.13
3068124194,(주)씨에이치씨랩,2019,성장기,0,44.21,2.1,100.0,62.42,3.29,50.83
3068124194,(주)씨에이치씨랩,2020,성숙기,0,100.0,0.0,62.42,63.14,0.17,48.95
3068124194,(주)씨에이치씨랩,2021,성숙기,0,25.99,0.0,38.9,54.12,4.29,51.18
3068124194,(주)씨에이치씨랩,2022,성숙기,0,44.25,0.0,54.23,37.33,48.28,73.06
3068124194,(주)씨에이치씨랩,2023,조정기,0,24.44,24.8,55.25,50.67,77.41,66.39
3068124194,(주)씨에이치씨랩,2024,도입기,1,53.17,92.8,58.94,41.42,85.84,54.63
3068124501,한온시스템(주),2015,성숙기,0,38.29,5.6,0.0,55.02,0.43,50.17
3068124501,한온시스템(주),2016,성숙기,0,35.48,0.0,19.68,44.05,0.22,50.75
3068124501,한온시스템(주),2017,성숙기,0,0.0,0.0,24.1,45.51,0.25,48.43
3068124501,한온시스템(주),2018,성장기,0,56.96,1.0,92.35,46.12,0.47,46.37
3068124501,한온시스템(주),2019,성장기,0,44.21,2.1,100.0,49.05,1.47,50.25
3068124501,한온시스템(주),2020,성장기,0,100.0,0.8,62.42,57.43,4.16,52.14
3068124501,한온시스템(주),2021,성장기,0,25.99,1.9,38.9,53.26,3.66,48.59
3068124501,한온시스템(주),2022,성장기,0,44.25,3.1,54.23,36.03,33.71,64.91
3068124501,한온시스템(주),2023,성숙기,0,24.44,0.0,55.25,49.76,22.86,42.96
3068124501,한온시스템(주),2024,성장기,0,53.17,16.0,58.94,39.86,70.9,76.69
3068132369,(주)덕인엔지니어링,2015,성장기,0,38.29,0.0,0.0,49.87,37.63,50.22
3068132369,(주)덕인엔지니어링,2016,쇠퇴기,0,35.48,100.0,19.68,46.84,90.9,80.07
3068132369,(주)덕인엔지니어링,2017,쇠퇴기,1,0.0,100.0,24.1,48.92,95.8,51.44
3068134085,(주)엔바이온,2020,성장기,0,100.0,0.8,62.42,60.99,3.34,50.67
3068134085,(주)엔바이온,2021,쇠퇴기,0,25.99,100.0,38.9,54.41,4.95,49.78
3068134085,(주)엔바이온,2022,도입기,0,44.25,70.4,54.23,36.93,5.18,47.46
3068134085,(주)엔바이온,2023,성숙기,0,24.44,0.0,55.25,50.58,0.56,46.22
3068134085,(주)엔바이온,2024,성숙기,0,53.17,0.0,58.94,40.52,0.42,50.19
3078118040,(주)고려소재연구소,2015,성숙기,0,38.29,5.6,0.0,56.88,75.39,76.35
3078120774,(주)무한,2015,성숙기,0,38.29,5.6,0.0,48.75,63.86,52.26
3078120774,(주)무한,2016,성숙기,0,35.48,0.0,19.68,46.12,5.57,18.69
3078120774,(주)무한,2017,성숙기,0,0.0,0.0,24.1,48.19,4.69,47.92
3078120774,(주)무한,2018,성숙기,0,56.96,0.0,92.35,48.42,66.58,81.26
3078120774,(주)무한,2019,성숙기,0,44.21,0.0,100.0,53.41,85.4,59.94
3088126897,주식회사루트,2015,성장기,0,38.29,0.0,0.0,49.87,4.61,50.22
3088126897,주식회사루트,2016,성숙기,0,35.48,0.0,19.68,46.84,0.94,48.84
3088126897,주식회사루트,2017,성숙기,0,0.0,0.0,24.1,48.92,4.47,50.45
3088126897,주식회사루트,2018,성숙기,0,56.96,0.0,92.35,41.1,0.11,43.8
3088126897,주식회사루트,2019,성숙기,0,44.21,0.0,100.0,43.17,3.08,51.34
3088126897,주식회사루트,2020,도입기,0,100.0,68.6,62.42,63.37,5.04,51.74
3088126897,주식회사루트,2021,조정기,0,25.99,24.6,38.9,59.28,0.11,46.09
3088126897,주식회사루트,2022,조정기,0,44.25,26.1,54.23,41.94,4.64,50.03
3088126897,주식회사루트,2023,조정기,0,24.44,24.8,55.25,54.58,0.24,46.34
3088126897,주식회사루트,2024,성숙기,0,53.17,0.0,58.94,44.6,4.09,52.39
3098106083,(주)세운,2022,성장기,0,44.25,3.1,54.23,36.93,24.01,47.42
3098106083,(주)세운,2023,성숙기,0,24.44,0.0,55.25,50.57,40.89,58.96
3098106083,(주)세운,2024,성숙기,0,53.17,0.0,58.94,40.55,87.31,75.72
3118120282,로비트코리아주식회사,2015,도입기,0,38.29,65.4,0.0,55.23,1.89,47.03
3118120282,로비트코리아주식회사,2016,성숙기,0,35.48,0.0,19.68,50.19,0.38,50.04
3118120282,로비트코리아주식회사,2017,도입기,0,0.0,70.3,24.1,52.03,8.41,53.04
3118120282,로비트코리아주식회사,2018,성장기,0,56.96,1.0,92.35,52.92,79.0,86.19
3118120282,로비트코리아주식회사,2019,성장기,0,44.21,2.1,100.0,54.14,76.97,48.29
3118120282,로비트코리아주식회사,2020,성장기,0,100.0,0.8,62.42,62.94,11.1,14.38
3118120282,로비트코리아주식회사,2021,도입기,0,25.99,71.8,38.9,54.24,10.19,48.37
3118120282,로비트코리아주식회사,2022,도입기,0,44.25,70.4,54.23,37.29,13.72,49.32
3118120282,로비트코리아주식회사,2023,성숙기,0,24.44,0.0,55.25,50.64,75.11,84.72
3118120282,로비트코리아주식회사,2024,쇠퇴기,0,53.17,100.0,58.94,41.04,26.01,22.9
3118129982,동우특장차주식회사,2015,성장기,0,38.29,0.0,0.0,49.87,7.37,50.22
3118129982,동우특장차주식회사,2016,성숙기,0,35.48,0.0,19.68,46.84,15.76,55.47
3118129982,동우특장차주식회사,2017,쇠퇴기,0,0.0,100.0,24.1,48.92,82.91,87.15
3118129982,동우특장차주식회사,2018,도입기,0,56.96,75.8,92.35,53.51,90.94,51.01
3118129982,동우특장차주식회사,2019,쇠퇴기,1,44.21,100.0,100.0,50.72,93.56,50.84
3118130816,케이제이엠(주),2020,성숙기,0,100.0,0.0,62.42,60.99,8.67,50.67
3118130816,케이제이엠(주),2021,조정기,0,25.99,24.6,38.9,54.41,4.34,46.44
3118130816,케이제이엠(주),2022,쇠퇴기,0,44.25,100.0,54.23,36.93,64.19,82.34
3118600563,주식회사영원이엔지,2016,조정기,0,35.48,33.5,19.68,46.84,22.3,51.01
3118600563,주식회사영원이엔지,2017,성숙기,0,0.0,0.0,24.1,48.92,82.87,83.38
3118600563,주식회사영원이엔지,2018,성장기,0,56.96,1.0,92.35,49.91,28.86,15.93
3118600563,주식회사영원이엔지,2019,조정기,0,44.21,25.7,100.0,68.84,3.64,35.55
3118600563,주식회사영원이엔지,2020,성장기,0,100.0,0.8,62.42,58.25,2.1,49.82
3118600563,주식회사영원이엔지,2021,성숙기,0,25.99,0.0,38.9,66.67,0.83,48.15
3118600563,주식회사영원이엔지,2022,성숙기,0,44.25,0.0,54.23,43.36,0.77,47.33
3118600563,주식회사영원이엔지,2023,성숙기,0,24.44,0.0,55.25,55.83,0.49,48.69
3118600563,주식회사영원이엔지,2024,성숙기,0,53.17,0.0,58.94,45.62,2.59,51.42
3128102161,천세산업주식회사,2015,성숙기,0,38.29,5.6,0.0,47.29,0.59,49.76
3128102161,천세산업주식회사,2016,성숙기,0,35.48,0.0,19.68,48.61,0.27,50.7
3128102161,천세산업주식회사,2017,성숙기,0,0.0,0.0,24.1,50.05,0.51,48.55
3128102161,천세산업주식회사,2018,조정기,0,56.96,38.0,92.35,50.25,0.66,46.33
3128102161,천세산업주식회사,2019,조정기,0,44.21,25.7,100.0,49.0,0.08,49.37
3128102161,천세산업주식회사,2020,성숙기,0,100.0,0.0,62.42,58.58,0.07,50.66
3128102161,천세산업주식회사,2021,성숙기,0,25.99,0.0,38.9,52.85,0.06,48.86
3128102161,천세산업주식회사,2022,성숙기,0,44.25,0.0,54.23,35.99,0.45,47.61
3128102161,천세산업주식회사,2023,성숙기,0,24.44,0.0,55.25,49.65,0.23,48.72
3128102161,천세산업주식회사,2024,성숙기,0,53.17,0.0,58.94,39.83,0.42,50.37
3128103840,(주)삼신,2015,성숙기,0,38.29,5.6,0.0,47.34,2.64,34.97
3128103840,(주)삼신,2016,쇠퇴기,0,35.48,100.0,19.68,51.3,8.03,53.83
3128103840,(주)삼신,2017,쇠퇴기,0,0.0,100.0,24.1,52.04,61.13,79.04
3128103840,(주)삼신,2018,쇠퇴기,0,56.96,100.0,92.35,48.6,77.27,55.54
3128103840,(주)삼신,2019,성장기,0,44.21,2.1,100.0,51.66,81.92,52.02
3128103840,(주)삼신,2020,성숙기,0,100.0,0.0,62.42,60.52,2.22,6.77
3128103840,(주)삼신,2021,성숙기,0,25.99,0.0,38.9,45.17,10.63,53.61
3128103840,(주)삼신,2022,성숙기,0,44.25,0.0,54.23,31.72,63.04,77.91
3128103840,(주)삼신,2023,성장기,0,24.44,13.2,55.25,46.0,73.15,55.51
3128103840,(주)삼신,2024,성장기,1,53.17,16.0,58.94,37.05,61.17,43.39
3128107434,정우산기주식회사,2015,조정기,0,38.29,28.5,0.0,46.67,3.54,47.73
3128107434,정우산기주식회사,2016,도입기,0,35.48,82.9,19.68,33.31,78.57,92.1
3128107434,정우산기주식회사,2017,쇠퇴기,0,0.0,100.0,24.1,32.63,78.56,48.58
3128107434,정우산기주식회사,2018,성숙기,0,56.96,0.0,92.35,38.98,6.35,5.63
3128107434,정우산기주식회사,2019,성숙기,0,44.21,0.0,100.0,43.25,3.72,48.21
3128107434,정우산기주식회사,2020,성숙기,0,100.0,0.0,62.42,57.85,42.24,71.83
3128107434,정우산기주식회사,2021,도입기,0,25.99,71.8,38.9,53.39,48.57,52.5
3128107434,정우산기주식회사,2022,도입기,0,44.25,70.4,54.23,37.92,89.28,70.61
3128107434,정우산기주식회사,2023,성장기,0,24.44,13.2,55.25,51.35,38.77,20.58
3128107434,정우산기주식회사,2024,성장기,0,53.17,16.0,58.94,40.87,2.02,29.84
3128112960,에드워드코리아(주),2015,성숙기,0,38.29,5.6,0.0,57.58,0.43,49.96
3128112960,에드워드코리아(주),2016,성숙기,0,35.48,0.0,19.68,50.37,0.01,50.64
3128112960,에드워드코리아(주),2017,성숙기,0,0.0,0.0,24.1,53.16,0.87,48.9
3128112960,에드워드코리아(주),2018,성숙기,0,56.96,0.0,92.35,54.76,0.2,45.88
3128112960,에드워드코리아(주),2019,조정기,0,44.21,25.7,100.0,53.86,0.57,49.9
3128112960,에드워드코리아(주),2020,도입기,0,100.0,68.6,62.42,65.01,69.62,88.61
3128112960,에드워드코리아(주),2021,성숙기,0,25.99,0.0,38.9,58.5,0.0,9.72
3128112960,에드워드코리아(주),2022,성장기,0,44.25,3.1,54.23,42.26,0.14,47.46
3128112960,에드워드코리아(주),2023,성숙기,0,24.44,0.0,55.25,54.92,0.02,48.78
3128112960,에드워드코리아(주),2024,성숙기,0,53.17,0.0,58.94,44.29,0.14,50.33
3128113969,세메스주식회사,2015,성숙기,0,38.29,5.6,0.0,63.62,0.19,47.97
3128113969,세메스주식회사,2016,성숙기,0,35.48,0.0,19.68,51.44,5.13,53.58
3128113969,세메스주식회사,2017,성숙기,0,0.0,0.0,24.1,51.93,2.78,47.07
3128113969,세메스주식회사,2018,도입기,0,56.96,75.8,92.35,57.66,4.3,47.12
3128113969,세메스주식회사,2019,도입기,0,44.21,58.1,100.0,59.8,6.86,51.1
3128113969,세메스주식회사,2020,도입기,0,100.0,68.6,62.42,71.86,0.32,47.07
3128113969,세메스주식회사,2021,성숙기,0,25.99,0.0,38.9,50.61,0.16,48.77
3128113969,세메스주식회사,2022,성숙기,0,44.25,0.0,54.23,36.25,0.2,47.4
3128113969,세메스주식회사,2023,성숙기,0,24.44,0.0,55.25,49.67,2.02,49.91
3128113969,세메스주식회사,2024,성숙기,0,53.17,0.0,58.94,40.45,0.09,49.2
3128119449,주식회사세원센추리,2019,성숙기,0,44.21,0.0,100.0,51.55,3.63,49.68
3128119449,주식회사세원센추리,2020,성장기,0,100.0,0.8,62.42,60.99,0.3,48.83
3128119449,주식회사세원센추리,2021,조정기,0,25.99,24.6,38.9,54.41,58.8,81.85
3128119449,주식회사세원센추리,2022,조정기,0,44.25,26.1,54.23,36.18,5.47,15.47
3128119449,주식회사세원센추리,2023,조정기,0,24.44,24.8,55.25,49.99,0.42,45.98
3128119449,주식회사세원센추리,2024,성장기,0,53.17,16.0,58.94,39.4,4.08,52.28
3128122677,서우테크놀로지(주),2020,조정기,0,100.0,22.0,62.42,60.99,3.74,50.67
3128122677,서우테크놀로지(주),2021,성숙기,0,25.99,0.0,38.9,54.41,0.23,46.89
3128122677,서우테크놀로지(주),2022,성숙기,0,44.25,0.0,54.23,36.93,0.42,47.49
3128122677,서우테크놀로지(주),2023,성숙기,0,24.44,0.0,55.25,49.13,9.47,54.11
3128122677,서우테크놀로지(주),2024,성숙기,0,53.17,0.0,58.94,40.68,7.66,49.23
3128122866,(주)웅비기계,2015,쇠퇴기,0,38.29,100.0,0.0,61.44,82.92,89.31
3128122866,(주)웅비기계,2016,조정기,0,35.48,33.5,19.68,30.43,22.45,17.44
3128122866,(주)웅비기계,2017,조정기,0,0.0,35.9,24.1,36.04,16.1,44.8
3128122866,(주)웅비기계,2018,조정기,0,56.96,38.0,92.35,39.97,84.75,85.11
3128122866,(주)웅비기계,2019,성장기,0,44.21,2.1,100.0,52.08,5.64,5.37
3128122866,(주)웅비기계,2020,도입기,0,100.0,68.6,62.42,0.0,17.88,57.39
3128122866,(주)웅비기계,2021,도입기,0,25.99,71.8,38.9,32.09,14.14,46.78
3128122866,(주)웅비기계,2022,도입기,0,44.25,70.4,54.23,29.16,6.32,42.64
3128122866,(주)웅비기계,2023,성장기,0,24.44,13.2,55.25,43.96,12.44,52.48
3128122866,(주)웅비기계,2024,성장기,0,53.17,16.0,58.94,37.17,5.87,46.6
3128123375,신창실업(주),2015,조정기,0,38.29,28.5,0.0,52.64,1.15,50.61
3128123375,신창실업(주),2016,조정기,0,35.48,33.5,19.68,46.8,0.41,50.47
3128123375,신창실업(주),2017,성숙기,0,0.0,0.0,24.1,49.98,5.69,51.45
3128123375,신창실업(주),2018,성숙기,0,56.96,0.0,92.35,50.32,0.6,43.39
3128123375,신창실업(주),2019,성장기,0,44.21,2.1,100.0,52.25,6.07,52.73
3128123375,신창실업(주),2020,조정기,0,100.0,22.0,62.42,61.34,1.26,48.01
3128123375,신창실업(주),2021,조정기,0,25.99,24.6,38.9,54.02,0.6,48.5
3128123375,신창실업(주),2022,조정기,0,44.25,26.1,54.23,41.61,0.64,47.4
3128123375,신창실업(주),2023,성숙기,0,24.44,0.0,55.25,54.36,0.95,49.03
3128123375,신창실업(주),2024,조정기,0,53.17,27.2,58.94,44.11,0.91,50.24
3128124132,(주)한서정공,2015,성장기,0,38.29,0.0,0.0,44.99,6.14,48.23
3128124132,(주)한서정공,2016,조정기,0,35.48,33.5,19.68,53.13,51.55,75.82
3128124132,(주)한서정공,2017,성숙기,0,0.0,0.0,24.1,56.97,24.56,32.97
3128124132,(주)한서정공,2018,도입기,0,56.96,75.8,92.35,53.85,37.05,53.38
3128124132,(주)한서정공,2019,성숙기,0,44.21,0.0,100.0,56.56,6.45,32.53
3128124132,(주)한서정공,2020,성숙기,0,100.0,0.0,62.42,62.84,13.64,54.61
3128124132,(주)한서정공,2021,성숙기,0,25.99,0.0,38.9,53.27,76.58,84.37
3128124132,(주)한서정공,2022,성숙기,0,44.25,0.0,54.23,31.58,13.22,9.38
3128124132,(주)한서정공,2023,성숙기,0,24.44,0.0,55.25,46.16,2.49,42.77
3128124132,(주)한서정공,2024,성숙기,0,53.17,0.0,58.94,36.63,9.82,54.3
3128133494,대명산업주식회사,2015,조정기,0,38.29,28.5,0.0,66.42,13.03,56.43
3128133494,대명산업주식회사,2016,조정기,0,35.48,33.5,19.68,41.4,94.04,95.37
3128133494,대명산업주식회사,2017,쇠퇴기,0,0.0,100.0,24.1,41.42,90.38,46.52
3128136002,에프씨산업(주),2015,성숙기,0,38.29,5.6,0.0,72.5,24.69,51.74
3128136002,에프씨산업(주),2016,성숙기,0,35.48,0.0,19.68,52.31,83.03,82.88
3128136002,에프씨산업(주),2017,성숙기,0,0.0,0.0,24.1,52.97,15.36,9.59
3128136002,에프씨산업(주),2018,성숙기,0,56.96,0.0,92.35,58.19,10.8,43.71
3128136002,에프씨산업(주),2019,성숙기,0,44.21,0.0,100.0,52.16,23.29,56.61
3128136002,에프씨산업(주),2020,쇠퇴기,0,100.0,100.0,62.42,66.87,21.76,49.8
3128136002,에프씨산업(주),2021,도입기,0,25.99,71.8,38.9,57.47,88.78,86.69
3128136002,에프씨산업(주),2022,성숙기,0,44.25,0.0,54.23,37.1,42.38,19.15
3128136002,에프씨산업(주),2023,성숙기,1,24.44,0.0,55.25,50.98,92.87,78.74
3128136230,(주)제이에프씨,2015,도입기,0,38.29,65.4,0.0,25.46,95.48,99.73
3128136230,(주)제이에프씨,2016,조정기,0,35.48,33.5,19.68,24.92,80.15,42.23
3128136230,(주)제이에프씨,2017,조정기,1,0.0,35.9,24.1,25.78,97.98,58.87
3128137073,주식회사메티스,2015,성숙기,0,38.29,5.6,0.0,62.02,13.1,23.8
3128137073,주식회사메티스,2016,성숙기,0,35.48,0.0,19.68,43.24,0.8,44.08
3128137073,주식회사메티스,2017,성숙기,0,0.0,0.0,24.1,45.24,0.58,48.29
3128137073,주식회사메티스,2018,성숙기,0,56.96,0.0,92.35,55.39,3.21,47.74
3128137073,주식회사메티스,2019,성숙기,0,44.21,0.0,100.0,64.19,56.77,79.49
3128137073,주식회사메티스,2020,성숙기,0,100.0,0.0,62.42,71.89,0.55,19.71
3128137073,주식회사메티스,2021,성숙기,0,25.99,0.0,38.9,49.56,3.57,50.57
3128137073,주식회사메티스,2022,성숙기,0,44.25,0.0,54.23,32.34,10.37,51.32
3128137073,주식회사메티스,2023,쇠퇴기,0,24.44,100.0,55.25,46.44,69.01,83.08
3128137073,주식회사메티스,2024,쇠퇴기,0,53.17,100.0,58.94,38.46,62.91,46.65
3128142052,신비앤텍(주),2015,조정기,1,38.29,28.5,0.0,49.87,95.06,49.0
3128143707,(주)다산,2015,성숙기,0,38.29,5.6,0.0,56.81,60.14,76.57
3128143707,(주)다산,2016,쇠퇴기,0,35.48,100.0,19.68,42.47,89.04,66.62
3128143707,(주)다산,2017,쇠퇴기,0,0.0,100.0,24.1,42.37,23.75,10.98
3128143707,(주)다산,2018,성숙기,0,56.96,0.0,92.35,59.84,16.15,42.02
3128143707,(주)다산,2019,성숙기,0,44.21,0.0,100.0,65.66,70.9,80.11
3128143707,(주)다산,2020,성숙기,0,100.0,0.0,62.42,76.67,13.75,19.18
3128143707,(주)다산,2021,성숙기,0,25.99,0.0,38.9,56.53,14.34,49.22
3128143707,(주)다산,2023,성숙기,0,24.44,0.0,55.25,46.68,31.66,48.85
3128143707,(주)다산,2024,도입기,0,53.17,92.8,58.94,37.67,17.52,42.35
3128147886,(주)이디디,2022,성숙기,0,44.25,0.0,54.23,36.93,3.7,47.42
3128147886,(주)이디디,2023,조정기,0,24.44,24.8,55.25,50.57,0.81,47.21
3128147886,(주)이디디,2024,조정기,0,53.17,27.2,58.94,40.55,8.92,54.74
3128156143,(주)엘오티베큠,2015,성숙기,0,38.29,5.6,0.0,50.8,0.36,50.12
3128156143,(주)엘오티베큠,2016,성숙기,0,35.48,0.0,19.68,55.23,0.48,50.94
3128156143,(주)엘오티베큠,2017,성장기,0,0.0,1.7,24.1,55.49,0.13,48.21
3128156143,(주)엘오티베큠,2018,성장기,0,56.96,1.0,92.35,58.26,0.42,46.42
3128156143,(주)엘오티베큠,2019,성장기,0,44.21,2.1,100.0,60.56,51.32,78.02
3128156143,(주)엘오티베큠,2020,성장기,0,100.0,0.8,62.42,67.5,12.78,29.43
3128156143,(주)엘오티베큠,2021,성숙기,0,25.99,0.0,38.9,57.79,0.21,41.79
3128156143,(주)엘오티베큠,2022,성장기,0,44.25,3.1,54.23,42.48,2.98,49.0
3128156143,(주)엘오티베큠,2023,성숙기,0,24.44,0.0,55.25,55.18,0.13,47.22
3128156143,(주)엘오티베큠,2024,성숙기,0,53.17,0.0,58.94,44.14,50.41,78.01
3128156482,에이엠티주식회사,2017,성장기,0,0.0,1.7,24.1,48.92,0.0,48.42
3128156482,에이엠티주식회사,2018,성장기,0,56.96,1.0,92.35,64.69,0.17,46.35
3128156482,에이엠티주식회사,2019,성장기,0,44.21,2.1,100.0,55.32,0.05,49.62
3128156482,에이엠티주식회사,2020,도입기,0,100.0,68.6,62.42,71.64,45.24,75.51
3128156482,에이엠티주식회사,2021,성장기,0,25.99,1.9,38.9,68.42,0.32,23.61
3128156482,에이엠티주식회사,2022,성장기,0,44.25,3.1,54.23,53.44,0.26,47.34
3128156482,에이엠티주식회사,2023,성장기,0,24.44,13.2,55.25,63.93,1.38,49.5
3128156482,에이엠티주식회사,2024,성장기,0,53.17,16.0,58.94,51.37,64.85,85.28
3128157991,(주)디바이스,2015,도입기,0,38.29,65.4,0.0,56.59,0.43,47.3
3128157991,(주)디바이스,2016,성숙기,0,35.48,0.0,19.68,53.17,0.71,51.02
3128157991,(주)디바이스,2017,성숙기,0,0.0,0.0,24.1,56.25,5.13,50.96
3128157991,(주)디바이스,2018,성숙기,0,56.96,0.0,92.35,59.02,0.23,43.49
3128157991,(주)디바이스,2019,성숙기,0,44.21,0.0,100.0,61.31,0.84,50.03
3128157991,(주)디바이스,2020,성숙기,0,100.0,0.0,62.42,73.53,0.22,50.32
3128157991,(주)디바이스,2021,성장기,0,25.99,1.9,38.9,39.14,0.19,48.85
3128157991,(주)디바이스,2022,성장기,0,44.25,3.1,54.23,24.62,9.82,53.01
3128157991,(주)디바이스,2023,성장기,0,24.44,13.2,55.25,39.82,2.07,44.46
3128157991,(주)디바이스,2024,성숙기,0,53.17,0.0,58.94,32.75,0.76,49.53
3128158724,동서메탈(주),2016,성장기,0,35.48,2.2,19.68,46.84,10.71,51.01
3128158724,동서메탈(주),2017,조정기,0,0.0,35.9,24.1,48.92,29.64,59.35
3128158724,동서메탈(주),2018,성숙기,0,56.96,0.0,92.35,49.91,4.33,32.02
3128158724,동서메탈(주),2019,성숙기,0,44.21,0.0,100.0,47.74,66.56,84.31
3128158724,동서메탈(주),2020,성숙기,0,100.0,0.0,62.42,62.01,71.78,53.46
3128158724,동서메탈(주),2021,도입기,0,25.99,71.8,38.9,57.58,5.21,11.44
3128158724,동서메탈(주),2022,성숙기,0,44.25,0.0,54.23,46.33,1.13,44.93
3128158724,동서메탈(주),2023,조정기,0,24.44,24.8,55.25,58.24,61.36,83.89
3128158724,동서메탈(주),2024,성장기,0,53.17,16.0,58.94,47.13,5.0,18.94
3128160026,(주)메가센,2016,성장기,0,35.48,2.2,19.68,46.84,6.25,51.01
3128160026,(주)메가센,2017,도입기,0,0.0,70.3,24.1,48.92,11.2,51.28
3128160026,(주)메가센,2018,쇠퇴기,0,56.96,100.0,92.35,49.91,89.07,90.31
3128160026,(주)메가센,2019,조정기,0,44.21,25.7,100.0,55.37,98.36,54.56
3128160026,(주)메가센,2020,도입기,0,100.0,68.6,62.42,,23.92,9.65
3128160026,(주)메가센,2021,도입기,0,25.99,71.8,38.9,64.78,97.8,90.56
3128160026,(주)메가센,2022,도입기,0,44.25,70.4,54.23,32.94,91.18,42.32
3128160026,(주)메가센,2023,조정기,0,24.44,24.8,55.25,41.74,43.34,22.15
3128160026,(주)메가센,2024,조정기,0,53.17,27.2,58.94,28.8,26.41,40.76
3128163625,에이원테크놀로지,2021,성장기,0,25.99,1.9,38.9,54.41,5.27,48.84
3128163625,에이원테크놀로지,2022,성숙기,0,44.25,0.0,54.23,36.93,2.75,45.84
3128163625,에이원테크놀로지,2023,도입기,0,24.44,81.1,55.25,50.57,11.28,53.84
3128163625,에이원테크놀로지,2024,조정기,0,53.17,27.2,58.94,41.47,2.43,45.34
3128165865,(주)피토,2015,조정기,0,38.29,28.5,0.0,48.8,3.9,47.47
3128165865,(주)피토,2016,조정기,0,35.48,33.5,19.68,50.57,5.86,51.94
3128165865,(주)피토,2017,조정기,0,0.0,35.9,24.1,55.37,6.03,48.52
3128165865,(주)피토,2018,조정기,0,56.96,38.0,92.35,59.66,0.15,42.94
3128165865,(주)피토,2019,성숙기,0,44.21,0.0,100.0,40.96,0.05,49.63
3128165865,(주)피토,2020,조정기,0,100.0,22.0,62.42,67.78,39.81,72.52
3128165865,(주)피토,2021,성숙기,0,25.99,0.0,38.9,69.45,0.17,26.57
3128165865,(주)피토,2022,성숙기,0,44.25,0.0,54.23,47.37,0.73,47.71
3128165865,(주)피토,2023,성숙기,0,24.44,0.0,55.25,59.14,71.63,90.09
3128165865,(주)피토,2024,조정기,0,53.17,27.2,58.94,48.83,19.16,21.06
3128167844,주식회사센추리,2015,성숙기,0,38.29,5.6,0.0,45.87,4.77,47.25
3128167844,주식회사센추리,2016,성숙기,0,35.48,0.0,19.68,48.22,6.5,51.81
3128167844,주식회사센추리,2017,성숙기,0,0.0,0.0,24.1,49.83,6.69,48.54
3128167844,주식회사센추리,2018,성숙기,0,56.96,0.0,92.35,50.18,47.99,69.62
3128167844,주식회사센추리,2019,성숙기,0,44.21,0.0,100.0,51.45,2.65,24.29
3128167844,주식회사센추리,2020,성숙기,0,100.0,0.0,62.42,60.2,6.72,52.9
3128167844,주식회사센추리,2021,성숙기,0,25.99,0.0,38.9,53.54,1.66,46.02
3128167844,주식회사센추리,2022,성숙기,0,44.25,0.0,54.23,35.4,7.81,50.96
3128167844,주식회사센추리,2023,성숙기,0,24.44,0.0,55.25,49.24,6.71,48.3
3128167844,주식회사센추리,2024,성숙기,0,53.17,0.0,58.94,39.24,1.16,47.18
3128169385,(주)마스터,2019,조정기,0,44.21,25.7,100.0,51.55,4.55,49.68
3128169385,(주)마스터,2020,쇠퇴기,0,100.0,100.0,62.42,60.99,7.74,52.41
3128169385,(주)마스터,2021,성숙기,0,25.99,0.0,38.9,54.41,0.72,44.92
3128169385,(주)마스터,2022,성숙기,0,44.25,0.0,54.23,79.31,0.81,47.43
3128169385,(주)마스터,2023,성숙기,0,24.44,0.0,55.25,84.36,0.59,48.73
3128169385,(주)마스터,2024,성숙기,0,53.17,0.0,58.94,82.33,1.41,50.71
3128170674,(주)케이엔씨,2016,성장기,0,35.48,2.2,19.68,46.84,11.45,51.01
3128170674,(주)케이엔씨,2017,성장기,0,0.0,1.7,24.1,48.92,8.3,46.62
3128170674,(주)케이엔씨,2018,성장기,0,56.96,1.0,92.35,49.91,89.88,92.41
3128170674,(주)케이엔씨,2019,조정기,0,44.21,25.7,100.0,76.31,68.18,37.31
3128170674,(주)케이엔씨,2020,도입기,0,100.0,68.6,62.42,73.11,37.78,33.88
3128170674,(주)케이엔씨,2021,쇠퇴기,0,25.99,100.0,38.9,67.33,26.99,42.84
3128170674,(주)케이엔씨,2022,도입기,0,44.25,70.4,54.23,34.84,93.73,86.1
3128170674,(주)케이엔씨,2023,도입기,0,24.44,81.1,55.25,48.44,94.65,50.54
3128170674,(주)케이엔씨,2024,도입기,1,53.17,92.8,58.94,39.81,98.47,52.03
3128170728,일진열기주식회사,2016,성장기,0,35.48,2.2,19.68,46.84,13.56,51.01
3128170728,일진열기주식회사,2017,성장기,0,0.0,1.7,24.1,48.92,77.2,85.13
3128170728,일진열기주식회사,2018,성장기,0,56.96,1.0,92.35,49.91,83.8,50.19
3128170728,일진열기주식회사,2019,조정기,1,44.21,25.7,100.0,53.33,87.07,51.22
3128175062,(주)둔포기계,2015,조정기,0,38.29,28.5,0.0,51.27,10.12,54.13
3128175062,(주)둔포기계,2016,조정기,0,35.48,33.5,19.68,47.13,7.58,49.46
3128175062,(주)둔포기계,2017,성숙기,0,0.0,0.0,24.1,50.49,2.73,45.63
3128175062,(주)둔포기계,2018,성숙기,0,56.96,0.0,92.35,55.87,5.04,47.56
3128175062,(주)둔포기계,2019,성숙기,0,44.21,0.0,100.0,60.32,5.92,50.17
3128175062,(주)둔포기계,2020,성숙기,0,100.0,0.0,62.42,67.99,5.59,50.48
3128175062,(주)둔포기계,2021,성숙기,0,25.99,0.0,38.9,62.22,5.58,48.86
3128175062,(주)둔포기계,2022,성숙기,0,44.25,0.0,54.23,41.2,22.64,57.3
3128175062,(주)둔포기계,2023,성숙기,0,24.44,0.0,55.25,53.98,9.64,41.57
3128175062,(주)둔포기계,2024,성숙기,0,53.17,0.0,58.94,42.64,8.96,49.85
3128178827,나이스텍(주),2022,성장기,0,44.25,3.1,54.23,36.93,14.0,47.42
3128178827,나이스텍(주),2023,성장기,0,24.44,13.2,55.25,50.57,3.69,43.02
3128178827,나이스텍(주),2024,성장기,0,53.17,16.0,58.94,40.55,6.49,51.8
3128181491,(주)토모,2017,조정기,0,0.0,35.9,24.1,48.92,6.83,48.42
3128181491,(주)토모,2018,도입기,0,56.96,75.8,92.35,49.91,9.42,47.74
3128181491,(주)토모,2019,도입기,0,44.21,58.1,100.0,51.55,70.96,83.91
3128181491,(주)토모,2020,도입기,0,100.0,68.6,62.42,68.41,15.24,19.97
3128181491,(주)토모,2021,쇠퇴기,0,25.99,100.0,38.9,43.12,16.32,49.49
3128181491,(주)토모,2022,도입기,0,44.25,70.4,54.23,32.22,14.55,46.15
3128181491,(주)토모,2023,쇠퇴기,0,24.44,100.0,55.25,45.99,18.81,51.5
3128181491,(주)토모,2024,쇠퇴기,0,53.17,100.0,58.94,37.34,10.68,45.71
3128182563,(주)거성,2015,성숙기,0,38.29,5.6,0.0,48.66,1.17,50.04
3128182563,(주)거성,2016,성숙기,0,35.48,0.0,19.68,58.73,0.72,50.62
3128182563,(주)거성,2017,성숙기,0,0.0,0.0,24.1,57.76,0.31,48.17
3128182563,(주)거성,2018,성숙기,0,56.96,0.0,92.35,58.77,39.62,68.48
3128182563,(주)거성,2019,성숙기,0,44.21,0.0,100.0,56.29,32.1,45.37
3128182563,(주)거성,2020,성숙기,0,100.0,0.0,62.42,64.34,0.18,33.09
3128182563,(주)거성,2021,성숙기,0,25.99,0.0,38.9,52.08,0.23,48.89
3128182563,(주)거성,2022,성숙기,0,44.25,0.0,54.23,34.25,1.13,47.91
3128182563,(주)거성,2023,성숙기,0,24.44,0.0,55.25,48.21,4.45,50.8
3128182563,(주)거성,2024,성숙기,0,53.17,0.0,58.94,38.95,0.18,47.89
3128186119,넥스탑주식회사,2015,쇠퇴기,0,38.29,100.0,0.0,62.21,78.5,88.76
3128198162,(주)정수이앤씨,2016,성장기,0,35.48,2.2,19.68,46.84,8.13,51.01
3128198162,(주)정수이앤씨,2017,성장기,0,0.0,1.7,24.1,48.92,2.75,45.32
3128198162,(주)정수이앤씨,2018,성장기,0,56.96,1.0,92.35,49.91,46.36,70.93
3128198162,(주)정수이앤씨,2019,도입기,0,44.21,58.1,100.0,71.83,58.93,56.53
3128198162,(주)정수이앤씨,2020,조정기,0,100.0,22.0,62.42,72.19,62.26,52.43
3128198162,(주)정수이앤씨,2021,성장기,0,25.99,1.9,38.9,65.55,3.77,15.99
3128198162,(주)정수이앤씨,2022,조정기,0,44.25,26.1,54.23,39.27,7.19,49.34
3128198162,(주)정수이앤씨,2023,성장기,0,24.44,13.2,55.25,52.34,4.04,47.1
3128198162,(주)정수이앤씨,2024,성장기,0,53.17,16.0,58.94,42.37,10.37,53.74
3128198347,(주)지아이베큠,2020,성장기,0,100.0,0.8,62.42,60.99,11.83,50.67
3128198347,(주)지아이베큠,2021,성장기,0,25.99,1.9,38.9,54.41,20.02,53.5
3128198347,(주)지아이베큠,2022,성장기,0,44.25,3.1,54.23,36.93,29.24,52.53
3128198347,(주)지아이베큠,2023,성장기,0,24.44,13.2,55.25,48.56,29.09,49.13
3128198347,(주)지아이베큠,2024,쇠퇴기,0,53.17,100.0,58.94,39.01,93.82,85.87
3128600585,(주)알가,2015,성숙기,0,38.29,5.6,0.0,46.44,15.44,37.56
3128600585,(주)알가,2016,성숙기,0,35.48,0.0,19.68,52.86,11.88,48.88
3128600585,(주)알가,2017,성숙기,0,0.0,0.0,24.1,54.02,20.37,53.34
3128600585,(주)알가,2018,성숙기,0,56.96,0.0,92.35,51.83,37.6,56.05
3128600585,(주)알가,2019,성장기,0,44.21,2.1,100.0,55.5,60.41,62.26
3128600585,(주)알가,2020,성장기,0,100.0,0.8,62.42,63.86,45.34,42.31
3128600585,(주)알가,2021,성숙기,1,25.99,0.0,38.9,56.42,66.5,60.87
3128606309,삼원폴리텍주식회사,2015,성숙기,0,38.29,5.6,0.0,98.04,12.61,12.44
3128606309,삼원폴리텍주식회사,2016,성장기,0,35.48,2.2,19.68,49.47,12.76,50.92
3128606309,삼원폴리텍주식회사,2017,성장기,0,0.0,1.7,24.1,51.68,4.65,43.77
3128606309,삼원폴리텍주식회사,2018,성장기,0,56.96,1.0,92.35,54.89,90.82,95.0
3128606309,삼원폴리텍주식회사,2019,성장기,0,44.21,2.1,100.0,64.48,92.1,50.09
3128606309,삼원폴리텍주식회사,2020,도입기,0,100.0,68.6,62.42,68.46,23.78,13.02
3128606309,삼원폴리텍주식회사,2021,성숙기,0,25.99,0.0,38.9,50.58,10.51,41.42
3128606309,삼원폴리텍주식회사,2022,도입기,0,44.25,70.4,54.23,32.58,18.33,51.83
3128606309,삼원폴리텍주식회사,2023,성숙기,0,24.44,0.0,55.25,46.59,3.47,40.43
3128606309,삼원폴리텍주식회사,2024,성장기,0,53.17,16.0,58.94,37.76,19.03,58.84
3128608044,(주)에스에프이,2015,성장기,0,38.29,0.0,0.0,49.87,13.42,45.48
3128608044,(주)에스에프이,2016,성장기,0,35.48,2.2,19.68,46.84,10.61,49.3
3128608044,(주)에스에프이,2017,성장기,0,0.0,1.7,24.1,54.0,16.59,51.89
3128608044,(주)에스에프이,2018,조정기,0,56.96,38.0,92.35,53.52,11.42,43.37
3128608044,(주)에스에프이,2019,성숙기,0,44.21,0.0,100.0,57.07,7.11,47.25
3128608044,(주)에스에프이,2020,성숙기,0,100.0,0.0,62.42,64.86,0.96,47.28
3128608044,(주)에스에프이,2021,성숙기,0,25.99,0.0,38.9,46.95,0.24,48.46
3128608044,(주)에스에프이,2022,성숙기,0,44.25,0.0,54.23,33.93,36.5,68.59
3128608044,(주)에스에프이,2023,도입기,0,24.44,81.1,55.25,47.51,14.43,36.46
3128608044,(주)에스에프이,2024,도입기,0,53.17,92.8,58.94,38.09,71.31,81.6
3128611025,하나레이저테크(주),2015,도입기,0,38.29,65.4,0.0,49.87,13.56,52.05
3128611025,하나레이저테크(주),2016,조정기,0,35.48,33.5,19.68,46.84,1.66,44.3
3128611025,하나레이저테크(주),2017,성장기,0,0.0,1.7,24.1,53.81,2.75,49.04
3128611025,하나레이저테크(주),2018,성장기,0,56.96,1.0,92.35,53.2,6.29,48.27
3128611025,하나레이저테크(주),2019,성장기,0,44.21,2.1,100.0,56.96,8.35,50.82
3128611025,하나레이저테크(주),2020,성장기,0,100.0,0.8,62.42,62.96,7.41,50.14
3128611025,하나레이저테크(주),2021,성장기,0,25.99,1.9,38.9,55.93,18.55,55.16
3128611025,하나레이저테크(주),2022,성장기,0,44.25,3.1,54.23,37.0,8.02,41.0
3128611025,하나레이저테크(주),2023,성장기,0,24.44,13.2,55.25,50.61,9.47,49.79
3128611025,하나레이저테크(주),2024,조정기,0,53.17,27.2,58.94,40.7,20.72,56.44
3128613886,주식회사휴민로보틱스,2016,도입기,0,35.48,82.9,19.68,46.84,6.03,51.01
3128613886,주식회사휴민로보틱스,2017,성장기,0,0.0,1.7,24.1,48.92,3.73,47.1
3128613886,주식회사휴민로보틱스,2018,도입기,0,56.96,75.8,92.35,49.91,8.11,48.74
3128613886,주식회사휴민로보틱스,2019,성장기,0,44.21,2.1,100.0,92.71,1.29,45.87
3128613886,주식회사휴민로보틱스,2020,성장기,0,100.0,0.8,62.42,84.75,9.67,55.27
3128613886,주식회사휴민로보틱스,2021,성장기,0,25.99,1.9,38.9,88.99,95.94,97.52
3128613886,주식회사휴민로보틱스,2022,성장기,0,44.25,3.1,54.23,34.33,99.26,48.15
3128613886,주식회사휴민로보틱스,2023,도입기,1,24.44,81.1,55.25,48.33,96.28,48.34
3128623050,창성주식회사,2016,조정기,0,35.48,33.5,19.68,46.84,3.33,51.01
3128623050,창성주식회사,2017,성장기,0,0.0,1.7,24.1,48.92,0.03,46.52
3128623050,창성주식회사,2018,성장기,0,56.96,1.0,92.35,49.91,0.09,46.28
3128623050,창성주식회사,2019,성장기,0,44.21,2.1,100.0,57.65,0.08,49.69
3128623050,창성주식회사,2020,성장기,0,100.0,0.8,62.42,64.97,7.52,54.76
3128623050,창성주식회사,2021,성장기,0,25.99,1.9,38.9,61.69,6.19,48.12
3128623050,창성주식회사,2022,성장기,0,44.25,3.1,54.23,51.83,13.68,51.69
3128623050,창성주식회사,2023,성장기,0,24.44,13.2,55.25,62.64,12.1,48.1
3128623050,창성주식회사,2024,성장기,0,53.17,16.0,58.94,50.94,68.73,81.47
3128626722,(주)솔루스온,2017,성장기,0,0.0,1.7,24.1,48.92,4.55,48.42
3128626722,(주)솔루스온,2018,성숙기,0,56.96,0.0,92.35,49.91,1.36,44.46
3128626722,(주)솔루스온,2019,도입기,0,44.21,58.1,100.0,51.55,60.8,82.77
3128632622,이에스산업(주),2015,성장기,0,38.29,0.0,0.0,49.87,36.79,53.34
3128632622,이에스산업(주),2019,성숙기,0,44.21,0.0,100.0,51.55,63.45,49.68
3128632622,이에스산업(주),2020,성숙기,0,100.0,0.0,62.42,66.57,1.53,16.57
3128632622,이에스산업(주),2021,성숙기,0,25.99,0.0,38.9,56.13,6.32,51.56
3128632622,이에스산업(주),2022,쇠퇴기,0,44.25,100.0,54.23,40.35,32.88,62.84
3128632622,이에스산업(주),2023,성숙기,0,24.44,0.0,55.25,53.32,48.39,58.27
3128632622,이에스산업(주),2024,성숙기,0,53.17,0.0,58.94,42.94,70.6,62.34
3128636405,주식회사무궁화엘앤비,2018,성장기,0,56.96,1.0,92.35,49.91,12.09,46.26
3128636405,주식회사무궁화엘앤비,2019,성숙기,0,44.21,0.0,100.0,51.55,7.94,47.34
3128636405,주식회사무궁화엘앤비,2020,성장기,0,100.0,0.8,62.42,60.99,11.32,52.51
3128636405,주식회사무궁화엘앤비,2021,성숙기,0,25.99,0.0,38.9,51.05,7.07,46.48
3128636405,주식회사무궁화엘앤비,2022,성숙기,0,44.25,0.0,54.23,35.94,7.62,47.62
3128636405,주식회사무궁화엘앤비,2023,성숙기,0,24.44,0.0,55.25,49.27,35.77,65.31
3128636405,주식회사무궁화엘앤비,2024,성장기,0,53.17,16.0,58.94,39.46,43.08,54.17
3128637990,주식회사이티에스,2015,도입기,0,38.29,65.4,0.0,49.87,28.38,50.22
3128637990,주식회사이티에스,2016,도입기,0,35.48,82.9,19.68,46.84,11.3,41.42
3128637990,주식회사이티에스,2017,도입기,0,0.0,70.3,24.1,48.92,1.97,43.06
3128637990,주식회사이티에스,2018,도입기,0,56.96,75.8,92.35,31.4,6.67,48.91
3128637990,주식회사이티에스,2019,성장기,0,44.21,2.1,100.0,52.68,3.07,47.67
3128637990,주식회사이티에스,2020,쇠퇴기,0,100.0,100.0,62.42,61.54,86.19,96.34
3128637990,주식회사이티에스,2021,성장기,0,25.99,1.9,38.9,62.96,3.23,2.22
3128637990,주식회사이티에스,2022,도입기,0,44.25,70.4,54.23,46.12,82.81,93.9
3128637990,주식회사이티에스,2023,성장기,0,24.44,13.2,55.25,57.86,18.15,12.26
3128637990,주식회사이티에스,2024,도입기,0,53.17,92.8,58.94,44.25,76.85,82.59
3128639116,(주)지아이텍,2017,성장기,0,0.0,1.7,24.1,48.92,15.02,48.42
3128639116,(주)지아이텍,2018,도입기,0,56.96,75.8,92.35,49.91,21.22,49.8
3128639116,(주)지아이텍,2019,성숙기,0,44.21,0.0,100.0,51.55,7.52,41.99
3128639116,(주)지아이텍,2020,성장기,0,100.0,0.8,62.42,54.26,5.63,49.62
3128639116,(주)지아이텍,2021,성장기,0,25.99,1.9,38.9,47.46,3.1,47.45
3128639116,(주)지아이텍,2022,성장기,0,44.25,3.1,54.23,32.98,1.27,46.27
3128639116,(주)지아이텍,2023,성장기,0,24.44,13.2,55.25,48.08,1.63,49.07
3128639116,(주)지아이텍,2024,성장기,0,53.17,16.0,58.94,39.24,1.56,50.22
3128640535,(주)그랜드우성,2015,도입기,0,38.29,65.4,0.0,49.87,94.53,50.61
3128640535,(주)그랜드우성,2016,성장기,1,35.48,2.2,19.68,34.99,96.91,51.96
3128641742,(주)피엔피,2015,성장기,0,38.29,0.0,0.0,49.87,8.23,54.54
3128641742,(주)피엔피,2016,성숙기,0,35.48,0.0,19.68,25.96,4.97,49.06
3128641742,(주)피엔피,2017,도입기,0,0.0,70.3,24.1,37.53,4.93,48.4
3128641742,(주)피엔피,2018,성숙기,0,56.96,0.0,92.35,53.63,70.53,83.36
3128641742,(주)피엔피,2019,성숙기,0,44.21,0.0,100.0,73.97,0.78,10.63
3128641742,(주)피엔피,2020,성숙기,0,100.0,0.0,62.42,72.71,72.84,90.27
3128641742,(주)피엔피,2021,성숙기,0,25.99,0.0,38.9,73.64,80.47,53.28
3128641742,(주)피엔피,2022,성장기,1,44.25,3.1,54.23,42.69,94.45,54.58
3128647498,(주)동인,2015,성장기,0,38.29,0.0,0.0,49.87,9.83,50.22
3128647498,(주)동인,2016,도입기,0,35.48,82.9,19.68,46.84,7.02,49.31
3128647498,(주)동인,2017,성숙기,0,0.0,0.0,24.1,48.92,2.76,45.97
3128647498,(주)동인,2018,성장기,0,56.96,1.0,92.35,0.0,0.35,44.9
3128647498,(주)동인,2019,도입기,0,44.21,58.1,100.0,69.8,90.75,100.0
3128647498,(주)동인,2020,조정기,0,100.0,22.0,62.42,96.73,3.58,2.66
3128647498,(주)동인,2021,성숙기,0,25.99,0.0,38.9,73.96,3.34,48.73
3128647498,(주)동인,2022,쇠퇴기,0,44.25,100.0,54.23,37.0,91.53,98.93
3128647498,(주)동인,2023,쇠퇴기,0,24.44,100.0,55.25,49.81,90.1,49.15
3128647498,(주)동인,2024,쇠퇴기,1,53.17,100.0,58.94,42.21,90.74,50.28
3128659510,(주)성우엔지니어링,2021,성장기,0,25.99,1.9,38.9,54.41,4.24,48.84
3128659510,(주)성우엔지니어링,2022,성장기,0,44.25,3.1,54.23,36.93,47.94,72.89
3128659510,(주)성우엔지니어링,2023,성장기,0,24.44,13.2,55.25,50.57,20.29,33.36
3128659510,(주)성우엔지니어링,2024,성장기,0,53.17,16.0,58.94,39.69,87.19,87.11
3128663431,주식회사지씨엠,2019,도입기,0,44.21,58.1,100.0,51.55,40.23,49.68
3128663431,주식회사지씨엠,2020,도입기,0,100.0,68.6,62.42,60.99,95.8,81.17
3128663431,주식회사지씨엠,2021,도입기,1,25.99,71.8,38.9,54.41,99.98,51.37
3128674957,주식회사온,2020,성장기,0,100.0,0.8,62.42,60.99,31.69,50.67
3128674957,주식회사온,2021,성숙기,0,25.99,0.0,38.9,54.41,1.68,31.99
3128674957,주식회사온,2022,성장기,0,44.25,3.1,54.23,36.93,1.97,47.53
3128674957,주식회사온,2023,조정기,0,24.44,24.8,55.25,76.17,1.38,48.53
3138600481,주식회사아톰,2020,성장기,0,100.0,0.8,62.42,60.99,5.56,50.67
3138600481,주식회사아톰,2021,성숙기,0,25.99,0.0,38.9,54.41,3.01,47.44
3138600481,주식회사아톰,2022,성장기,0,44.25,3.1,54.23,36.93,53.49,76.88
3138600481,주식회사아톰,2023,도입기,0,24.44,81.1,55.25,48.81,14.83,27.02
3138600481,주식회사아톰,2024,쇠퇴기,0,53.17,100.0,58.94,40.36,92.86,93.26
3148114800,(주)스맥,2015,조정기,0,38.29,28.5,0.0,47.91,14.06,56.15
3148114800,(주)스맥,2016,성장기,0,35.48,2.2,19.68,43.1,23.83,56.21
3148114800,(주)스맥,2017,성숙기,0,0.0,0.0,24.1,45.37,36.88,55.99
3148114800,(주)스맥,2018,도입기,0,56.96,75.8,92.35,49.35,75.15,67.99
3148114800,(주)스맥,2019,도입기,0,44.21,58.1,100.0,53.87,85.05,54.94
3148114800,(주)스맥,2020,도입기,1,100.0,68.6,62.42,61.05,87.02,51.66
3148114834,에이에스엠케이주식회사,2015,성숙기,0,38.29,5.6,0.0,74.81,7.5,53.92
3148114834,에이에스엠케이주식회사,2016,성숙기,0,35.48,0.0,19.68,36.13,2.77,48.26
3148114834,에이에스엠케이주식회사,2017,성숙기,0,0.0,0.0,24.1,34.93,4.79,49.58
3148114834,에이에스엠케이주식회사,2018,성숙기,0,56.96,0.0,92.35,43.1,1.3,44.29
3148114834,에이에스엠케이주식회사,2019,성숙기,0,44.21,0.0,100.0,48.48,1.68,49.9
3148114834,에이에스엠케이주식회사,2020,성숙기,0,100.0,0.0,62.42,64.01,1.34,50.48
3148114834,에이에스엠케이주식회사,2021,성숙기,0,25.99,0.0,38.9,54.2,0.43,48.35
3148114834,에이에스엠케이주식회사,2022,성숙기,0,44.25,0.0,54.23,41.95,6.1,50.69
3148114834,에이에스엠케이주식회사,2023,성숙기,0,24.44,0.0,55.25,54.6,1.14,46.04
3148114834,에이에스엠케이주식회사,2024,성숙기,0,53.17,0.0,58.94,44.31,0.36,49.83
3148115056,(주)시뮬라인,2015,도입기,0,38.29,65.4,0.0,80.67,68.24,42.41
3148120108,(주)한빛레이저,2015,도입기,0,38.29,65.4,0.0,52.55,18.65,56.13
3148120108,(주)한빛레이저,2016,성장기,0,35.48,2.2,19.68,45.46,39.87,62.49
3148120108,(주)한빛레이저,2017,성장기,0,0.0,1.7,24.1,46.46,1.93,26.63
3148120108,(주)한빛레이저,2018,성장기,0,56.96,1.0,92.35,48.19,63.05,80.82
3148120108,(주)한빛레이저,2019,성장기,0,44.21,2.1,100.0,57.37,21.23,26.2
3148120108,(주)한빛레이저,2020,성장기,0,100.0,0.8,62.42,52.32,59.22,71.52
3148120108,(주)한빛레이저,2021,성장기,0,25.99,1.9,38.9,52.14,0.97,16.12
3148120108,(주)한빛레이저,2022,성장기,0,44.25,3.1,54.23,40.38,8.1,51.54
3148120108,(주)한빛레이저,2023,조정기,0,24.44,24.8,55.25,53.34,29.43,61.36
3148120108,(주)한빛레이저,2024,조정기,0,53.17,27.2,58.94,42.79,47.74,60.26
3148121219,(주)젬백스&카엘,2015,조정기,1,38.29,28.5,0.0,49.04,86.97,57.9
3148123861,(주)파미,2015,성숙기,0,38.29,5.6,0.0,40.88,1.9,50.97
3148123861,(주)파미,2016,성숙기,0,35.48,0.0,19.68,45.75,0.09,49.87
3148123861,(주)파미,2017,성숙기,0,0.0,0.0,24.1,49.15,0.22,48.48
3148123861,(주)파미,2018,성숙기,0,56.96,0.0,92.35,51.08,0.36,46.33
3148123861,(주)파미,2019,성숙기,0,44.21,0.0,100.0,47.24,0.0,49.49
3148123861,(주)파미,2020,조정기,0,100.0,22.0,62.42,56.79,0.18,50.77
3148123861,(주)파미,2021,성숙기,0,25.99,0.0,38.9,56.3,0.24,48.89
3148123861,(주)파미,2022,성숙기,0,44.25,0.0,54.23,41.23,1.47,48.1
3148123861,(주)파미,2023,성숙기,0,24.44,0.0,55.25,53.88,1.9,49.12
3148123861,(주)파미,2024,성숙기,0,53.17,0.0,58.94,43.98,1.81,50.21
3148129619,한국터보기계(주),2016,성숙기,1,35.48,0.0,19.68,46.84,98.51,51.01
3148134903,주식회사라컴텍,2016,성장기,0,35.48,2.2,19.68,46.84,3.33,51.01
3148134903,주식회사라컴텍,2017,성숙기,0,0.0,0.0,24.1,48.92,0.03,46.52
3148134903,주식회사라컴텍,2018,성장기,0,56.96,1.0,92.35,49.91,0.33,46.42
3148134903,주식회사라컴텍,2019,성숙기,0,44.21,0.0,100.0,55.94,0.41,49.74
3148134903,주식회사라컴텍,2020,성숙기,0,100.0,0.0,62.42,63.46,0.21,50.55
3148134903,주식회사라컴텍,2021,성숙기,0,25.99,0.0,38.9,48.43,0.11,48.81
3148134903,주식회사라컴텍,2022,성숙기,0,44.25,0.0,54.23,44.82,0.06,47.35
3148134903,주식회사라컴텍,2023,성숙기,0,24.44,0.0,55.25,56.75,0.34,49.01
3148134903,주식회사라컴텍,2024,성숙기,0,53.17,0.0,58.94,46.09,0.03,50.09
3148136901,(주)로타렉스루스테크,2016,성숙기,0,35.48,0.0,19.68,46.84,3.33,51.01
3148136901,(주)로타렉스루스테크,2017,성숙기,0,0.0,0.0,24.1,48.92,0.03,46.52
3148136901,(주)로타렉스루스테크,2018,성숙기,0,56.96,0.0,92.35,49.91,0.06,46.26
3148136901,(주)로타렉스루스테크,2019,성숙기,0,44.21,0.0,100.0,52.38,0.02,49.67
3148136901,(주)로타렉스루스테크,2020,성숙기,0,100.0,0.0,62.42,60.67,0.08,50.7
3148136901,(주)로타렉스루스테크,2021,성장기,0,25.99,1.9,38.9,54.22,0.59,49.15
3148136901,(주)로타렉스루스테크,2022,조정기,0,44.25,26.1,54.23,36.34,38.99,69.84
3148136901,(주)로타렉스루스테크,2023,성장기,0,24.44,13.2,55.25,49.66,76.89,71.37
3148136901,(주)로타렉스루스테크,2024,조정기,0,53.17,27.2,58.94,40.6,84.02,53.92
3148139683,(주)나노하이테크,2021,성숙기,0,25.99,0.0,38.9,54.41,4.66,48.84
3148139683,(주)나노하이테크,2022,조정기,0,44.25,26.1,54.23,36.93,2.14,45.85
3148139683,(주)나노하이테크,2023,성숙기,0,24.44,0.0,55.25,50.57,0.11,47.69
3148139683,(주)나노하이테크,2024,성숙기,0,53.17,0.0,58.94,36.75,0.58,50.53
3148141501,밀텍(주),2015,성숙기,0,38.29,5.6,0.0,71.53,27.1,65.51
3148141501,밀텍(주),2016,조정기,0,35.48,33.5,19.68,22.57,44.94,60.61
3148141501,밀텍(주),2017,조정기,0,0.0,35.9,24.1,22.24,50.03,51.45
3148141501,밀텍(주),2018,성숙기,0,56.96,0.0,92.35,29.94,33.31,36.93
3148141501,밀텍(주),2019,성숙기,0,44.21,0.0,100.0,9.77,1.83,32.05
3148141501,밀텍(주),2022,성숙기,0,44.25,0.0,54.23,0.0,0.68,47.42
3148141501,밀텍(주),2023,성숙기,0,24.44,0.0,55.25,27.69,0.27,48.62
3148141501,밀텍(주),2024,성숙기,0,53.17,0.0,58.94,30.31,48.95,77.12
3148143101,(주)일신오토클레이브,2015,성장기,0,38.29,0.0,0.0,49.87,1.26,49.3
3148143101,(주)일신오토클레이브,2016,성숙기,0,35.48,0.0,19.68,57.92,0.24,50.31
3148143101,(주)일신오토클레이브,2017,성장기,0,0.0,1.7,24.1,56.49,1.49,49.13
3148143101,(주)일신오토클레이브,2018,성숙기,0,56.96,0.0,92.35,60.83,0.76,45.84
3148143101,(주)일신오토클레이브,2019,성숙기,0,44.21,0.0,100.0,52.97,3.13,51.01
3148143101,(주)일신오토클레이브,2020,성숙기,0,100.0,0.0,62.42,66.39,4.45,51.39
3148143101,(주)일신오토클레이브,2021,조정기,0,25.99,24.6,38.9,58.46,4.87,49.11
3148143101,(주)일신오토클레이브,2022,성숙기,0,44.25,0.0,54.23,37.92,29.99,62.02
3148143101,(주)일신오토클레이브,2023,성숙기,0,24.44,0.0,55.25,51.46,1.42,32.6
3148143101,(주)일신오토클레이브,2024,성숙기,0,53.17,0.0,58.94,41.54,0.36,49.67
3148144060,(주)인스텍,2017,도입기,0,0.0,70.3,24.1,48.92,38.45,48.42
3148144060,(주)인스텍,2018,도입기,0,56.96,75.8,92.35,49.91,94.54,78.08
3148144060,(주)인스텍,2019,도입기,1,44.21,58.1,100.0,51.55,96.78,50.61
3148149032,주식회사에네스지,2015,성숙기,0,38.29,5.6,0.0,51.4,0.99,49.87
3148149032,주식회사에네스지,2016,성숙기,0,35.48,0.0,19.68,50.26,0.92,50.83
3148149032,주식회사에네스지,2017,성숙기,0,0.0,0.0,24.1,51.33,0.87,48.38
3148149032,주식회사에네스지,2018,조정기,0,56.96,38.0,92.35,49.91,0.81,46.22
3148149032,주식회사에네스지,2019,쇠퇴기,0,44.21,100.0,100.0,51.59,6.89,53.08
3148149032,주식회사에네스지,2020,성숙기,0,100.0,0.0,62.42,58.93,10.31,52.54
3148149032,주식회사에네스지,2021,성숙기,0,25.99,0.0,38.9,47.15,20.86,54.83
3148149032,주식회사에네스지,2022,성숙기,0,44.25,0.0,54.23,28.7,71.65,76.84
3148149032,주식회사에네스지,2023,도입기,0,24.44,81.1,55.25,43.52,73.8,50.99
3148149032,주식회사에네스지,2024,도입기,0,53.17,92.8,58.94,34.72,0.63,9.62
3148155567,주식회사와코,2021,성장기,0,25.99,1.9,38.9,54.41,4.73,48.84
3148155567,주식회사와코,2022,성장기,0,44.25,3.1,54.23,36.93,14.76,53.19
3148155567,주식회사와코,2023,성장기,0,24.44,13.2,55.25,70.89,87.78,91.5
3148155567,주식회사와코,2024,성장기,0,53.17,16.0,58.94,55.65,98.17,55.68
3148163000,(주)두성기술,2020,조정기,0,100.0,22.0,62.42,60.99,3.62,50.67
3148163000,(주)두성기술,2021,성숙기,0,25.99,0.0,38.9,54.41,0.24,46.96
3148163000,(주)두성기술,2022,성숙기,0,44.25,0.0,54.23,36.93,0.22,47.37
3148163000,(주)두성기술,2023,성숙기,0,24.44,0.0,55.25,48.38,0.31,48.9
3148163000,(주)두성기술,2024,성숙기,0,53.17,0.0,58.94,39.17,0.52,50.38
3148165634,워트(주),2015,성숙기,0,38.29,5.6,0.0,59.11,0.47,49.95
3148165634,워트(주),2016,쇠퇴기,0,35.48,100.0,19.68,51.32,6.77,54.34
3148165634,워트(주),2017,성숙기,0,0.0,0.0,24.1,50.92,0.01,44.53
3148165634,워트(주),2018,성숙기,0,56.96,0.0,92.35,68.51,0.17,46.34
3148165634,워트(주),2019,성숙기,0,44.21,0.0,100.0,69.17,4.75,52.24
3148165634,워트(주),2021,성숙기,0,25.99,0.0,38.9,75.14,0.14,48.84
3148165634,워트(주),2022,성숙기,0,44.25,0.0,54.23,69.65,0.61,47.65
3148165634,워트(주),2023,성숙기,0,24.44,0.0,55.25,78.74,1.67,49.48
3148165634,워트(주),2024,성숙기,0,53.17,0.0,58.94,64.67,1.09,49.94
3148173449,아이피지포토닉스코리아(주),2015,성숙기,0,38.29,5.6,0.0,44.45,2.89,51.65
3148173449,아이피지포토닉스코리아(주),2016,성숙기,0,35.48,0.0,19.68,41.9,0.07,49.31
3148173449,아이피지포토닉스코리아(주),2017,성숙기,0,0.0,0.0,24.1,44.58,0.55,48.69
3148173449,아이피지포토닉스코리아(주),2018,성숙기,0,56.96,0.0,92.35,47.6,0.1,46.0
3148173449,아이피지포토닉스코리아(주),2019,성숙기,0,44.21,0.0,100.0,52.91,0.22,49.76
3148173449,아이피지포토닉스코리아(주),2020,성숙기,0,100.0,0.0,62.42,63.06,0.16,50.63
3148173449,아이피지포토닉스코리아(주),2021,성숙기,0,25.99,0.0,38.9,60.22,0.9,49.28
3148173449,아이피지포토닉스코리아(주),2022,성숙기,0,44.25,0.0,54.23,41.76,12.71,54.28
3148173449,아이피지포토닉스코리아(주),2023,성숙기,0,24.44,0.0,55.25,54.51,0.54,41.92
3148173449,아이피지포토닉스코리아(주),2024,성숙기,0,53.17,0.0,58.94,43.28,16.87,59.27
3148175073,(주)금호엔티시,2015,성숙기,0,38.29,5.6,0.0,3.22,20.93,55.53
3148175073,(주)금호엔티시,2016,성숙기,0,35.48,0.0,19.68,34.84,11.06,45.4
3148175073,(주)금호엔티시,2017,성숙기,0,0.0,0.0,24.1,34.42,62.0,77.8
3148175073,(주)금호엔티시,2018,성숙기,0,56.96,0.0,92.35,34.69,20.77,23.1
3148175073,(주)금호엔티시,2019,성장기,0,44.21,2.1,100.0,37.49,17.36,47.72
3148175073,(주)금호엔티시,2020,성장기,0,100.0,0.8,62.42,55.85,10.4,46.83
3148175073,(주)금호엔티시,2021,성장기,0,25.99,1.9,38.9,45.58,40.06,65.6
3148175073,(주)금호엔티시,2022,조정기,0,44.25,26.1,54.23,28.86,19.1,34.63
3148175073,(주)금호엔티시,2023,성숙기,0,24.44,0.0,55.25,43.76,83.06,86.29
3148175073,(주)금호엔티시,2024,성숙기,0,53.17,0.0,58.94,35.46,20.41,15.39
3148175146,주식회사알피에스,2015,성숙기,0,38.29,5.6,0.0,49.87,5.67,50.22
3148175146,주식회사알피에스,2016,성장기,0,35.48,2.2,19.68,46.84,1.83,48.75
3148175146,주식회사알피에스,2017,성장기,0,0.0,1.7,24.1,48.92,7.19,51.5
3148175146,주식회사알피에스,2018,성장기,0,56.96,1.0,92.35,51.58,1.22,42.9
3148175146,주식회사알피에스,2019,도입기,0,44.21,58.1,100.0,50.62,88.78,98.42
3148175146,주식회사알피에스,2020,도입기,0,100.0,68.6,62.42,66.99,87.35,49.79
3148175146,주식회사알피에스,2021,도입기,0,25.99,71.8,38.9,51.65,0.44,0.0
3148175146,주식회사알피에스,2022,성숙기,0,44.25,0.0,54.23,50.71,3.14,48.95
3148175146,주식회사알피에스,2023,성장기,0,24.44,13.2,55.25,61.59,35.1,67.47
3148175146,주식회사알피에스,2024,도입기,0,53.17,92.8,58.94,49.7,90.32,80.61
3148179332,(주)디에이치이,2015,조정기,0,38.29,28.5,0.0,49.87,38.89,21.21
3148179332,(주)디에이치이,2016,쇠퇴기,0,35.48,100.0,19.68,99.86,77.21,71.84
3148179332,(주)디에이치이,2017,쇠퇴기,0,0.0,100.0,24.1,81.51,49.53,32.63
3148181589,와이즈플래닛(주),2015,도입기,1,38.29,65.4,0.0,,98.5,55.85
3148187583,(주)현대엔지니어링,2016,성장기,0,35.48,2.2,19.68,46.84,13.03,51.01
3148187583,(주)현대엔지니어링,2017,조정기,0,0.0,35.9,24.1,48.92,92.81,94.43
3148187583,(주)현대엔지니어링,2018,성숙기,0,56.96,0.0,92.35,49.91,84.29,41.68
3148187583,(주)현대엔지니어링,2019,성장기,1,44.21,2.1,100.0,52.69,93.93,54.77
3148190147,에이치앤이루자,2015,도입기,0,38.29,65.4,0.0,49.87,92.33,96.22
3148190147,에이치앤이루자,2016,도입기,0,35.48,82.9,19.68,,0.16,0.0
3148190147,에이치앤이루자,2017,성장기,0,0.0,1.7,24.1,38.86,7.27,52.51
3148190147,에이치앤이루자,2018,성장기,0,56.96,1.0,92.35,45.25,10.75,48.24
3148190147,에이치앤이루자,2019,성장기,0,44.21,2.1,100.0,46.86,8.51,48.41
3148190147,에이치앤이루자,2020,성숙기,0,100.0,0.0,62.42,62.94,2.04,47.1
3148190147,에이치앤이루자,2021,쇠퇴기,0,25.99,100.0,38.9,22.91,61.62,82.46
3148190147,에이치앤이루자,2022,쇠퇴기,0,44.25,100.0,54.23,11.42,5.46,13.77
3148190147,에이치앤이루자,2023,쇠퇴기,0,24.44,100.0,55.25,29.15,64.28,83.13
3148190147,에이치앤이루자,2024,쇠퇴기,0,53.17,100.0,58.94,24.53,27.37,29.67
3148190166,주식회사블루코드,2018,조정기,0,56.96,38.0,92.35,49.91,3.55,46.26
3148190166,주식회사블루코드,2019,쇠퇴기,0,44.21,100.0,100.0,51.55,5.39,50.7
3148190166,주식회사블루코드,2021,성숙기,0,25.99,0.0,38.9,54.41,0.21,48.84
3148190166,주식회사블루코드,2022,조정기,0,44.25,26.1,54.23,41.16,4.33,49.79
3148190166,주식회사블루코드,2023,쇠퇴기,0,24.44,100.0,55.25,53.6,4.78,49.17
3148190166,주식회사블루코드,2024,성숙기,0,53.17,0.0,58.94,45.75,0.4,47.83
3148197529,주식회사지티사이언,2021,도입기,0,25.99,71.8,38.9,54.41,27.88,48.84
3148197529,주식회사지티사이언,2022,성장기,0,44.25,3.1,54.23,36.93,32.4,49.69
3148197529,주식회사지티사이언,2023,조정기,0,24.44,24.8,55.25,50.57,75.75,74.46
3148197529,주식회사지티사이언,2024,쇠퇴기,0,53.17,100.0,58.94,40.26,21.16,19.87
3148199060,(주)조은브이엔씨,2022,성숙기,0,44.25,0.0,54.23,36.93,3.54,47.42
3148199060,(주)조은브이엔씨,2023,성숙기,0,24.44,0.0,55.25,50.57,2.26,48.14
3148199060,(주)조은브이엔씨,2024,성숙기,0,53.17,0.0,58.94,40.55,0.09,49.06
3148611680,주식회사엔씨디,2017,도입기,0,0.0,70.3,24.1,48.92,26.75,48.42
3148611680,주식회사엔씨디,2018,성숙기,0,56.96,0.0,92.35,49.91,2.5,32.6
3148611680,주식회사엔씨디,2019,성장기,0,44.21,2.1,100.0,51.55,42.84,72.14
3148611680,주식회사엔씨디,2020,조정기,0,100.0,22.0,62.42,71.93,81.43,71.83
3148611680,주식회사엔씨디,2021,쇠퇴기,1,25.99,100.0,38.9,65.77,92.26,55.1
3148621854,(주)레인보우로보틱스,2017,도입기,0,0.0,70.3,24.1,48.92,4.22,48.42
3148621854,(주)레인보우로보틱스,2018,성장기,0,56.96,1.0,92.35,49.91,46.13,69.96
3148621854,(주)레인보우로보틱스,2019,도입기,0,44.21,58.1,100.0,51.55,74.19,65.15
3148621854,(주)레인보우로보틱스,2020,도입기,1,100.0,68.6,62.42,52.07,78.93,53.19
3148630843,(주)엠에스티엔지니어링,2022,도입기,0,44.25,70.4,54.23,36.93,32.98,47.42
3148630843,(주)엠에스티엔지니어링,2023,성숙기,0,24.44,0.0,55.25,50.57,77.34,75.06
3148630843,(주)엠에스티엔지니어링,2024,도입기,0,53.17,92.8,58.94,40.55,10.09,12.87
3148636532,(주)에스케이지씨,2015,성장기,0,38.29,0.0,0.0,49.87,5.89,50.22
3148636532,(주)에스케이지씨,2016,성장기,0,35.48,2.2,19.68,46.84,86.28,95.05
3148636532,(주)에스케이지씨,2017,성장기,0,0.0,1.7,24.1,48.92,94.29,53.23
3148636532,(주)에스케이지씨,2018,성숙기,1,56.96,0.0,92.35,57.85,100.0,49.73
3148642484,코리아테스팅(주),2018,조정기,0,56.96,38.0,92.35,49.91,12.63,46.26
3148642484,코리아테스팅(주),2019,조정기,0,44.21,25.7,100.0,51.55,18.56,52.94
3148642484,코리아테스팅(주),2020,조정기,0,100.0,22.0,62.42,60.99,92.5,91.28
3148648547,(주)이건테크,2017,도입기,0,0.0,70.3,24.1,48.92,10.02,48.42
3148648547,(주)이건테크,2018,도입기,0,56.96,75.8,92.35,49.91,25.17,54.85
3148648547,(주)이건테크,2019,도입기,0,44.21,58.1,100.0,51.55,95.45,88.72
3148653870,(주)에스에이엔지니어링,2015,도입기,0,38.29,65.4,0.0,49.87,46.51,40.46
3148653870,(주)에스에이엔지니어링,2016,성장기,0,35.48,2.2,19.68,46.84,3.1,26.91
3148653870,(주)에스에이엔지니어링,2017,성숙기,0,0.0,0.0,24.1,37.75,34.94,66.77
3148653870,(주)에스에이엔지니어링,2018,도입기,0,56.96,75.8,92.35,41.86,18.01,36.77
3148653870,(주)에스에이엔지니어링,2019,성숙기,0,44.21,0.0,100.0,50.94,9.0,44.62
3148653870,(주)에스에이엔지니어링,2020,성장기,0,100.0,0.8,62.42,65.18,87.99,94.07
3148653870,(주)에스에이엔지니어링,2021,조정기,0,25.99,24.6,38.9,60.66,11.14,5.67
3148653870,(주)에스에이엔지니어링,2022,성숙기,0,44.25,0.0,54.23,36.25,58.37,74.88
3148653870,(주)에스에이엔지니어링,2023,조정기,0,24.44,24.8,55.25,49.84,55.09,47.66
3148653870,(주)에스에이엔지니어링,2024,조정기,0,53.17,27.2,58.94,40.14,5.69,22.81
3148657202,(주)티앤이코리아,2020,성장기,0,100.0,0.8,62.42,60.99,7.0,50.67
3148657202,(주)티앤이코리아,2021,도입기,0,25.99,71.8,38.9,54.41,84.61,92.63
3148657202,(주)티앤이코리아,2022,성장기,0,44.25,3.1,54.23,36.93,42.04,21.45
3148657202,(주)티앤이코리아,2023,도입기,0,24.44,81.1,55.25,50.98,14.77,33.51
3148657202,(주)티앤이코리아,2024,성장기,0,53.17,16.0,58.94,40.89,84.02,88.42
3158100920,신흥기업(주),2015,성숙기,0,38.29,5.6,0.0,49.87,0.85,50.08
3158100920,신흥기업(주),2016,성숙기,0,35.48,0.0,19.68,49.57,0.53,50.69
3158100920,신흥기업(주),2017,성숙기,0,0.0,0.0,24.1,51.16,0.75,48.54
3158100920,신흥기업(주),2018,조정기,0,56.96,38.0,92.35,51.67,2.35,47.16
3158100920,신흥기업(주),2019,성숙기,0,44.21,0.0,100.0,52.35,20.8,59.96
3158100920,신흥기업(주),2020,성숙기,0,100.0,0.0,62.42,61.21,0.79,39.64
3158100920,신흥기업(주),2021,성숙기,0,25.99,0.0,38.9,54.65,16.74,57.86
3158100920,신흥기업(주),2022,쇠퇴기,0,44.25,100.0,54.23,37.88,28.5,54.06
3158100920,신흥기업(주),2023,성숙기,0,24.44,0.0,55.25,51.19,28.37,49.13
3158100920,신흥기업(주),2024,조정기,0,53.17,27.2,58.94,41.09,10.33,40.21
3168110402,주식회사우영,2015,성숙기,0,38.29,5.6,0.0,72.07,35.03,55.71
3168110402,주식회사우영,2016,성숙기,0,35.48,0.0,19.68,20.2,35.0,50.77
3168110402,주식회사우영,2017,성숙기,0,0.0,0.0,24.1,20.23,30.37,45.82
3168110402,주식회사우영,2018,성숙기,0,56.96,0.0,92.35,29.14,24.18,42.83
3168110402,주식회사우영,2019,성숙기,0,44.21,0.0,100.0,47.22,93.48,88.18
3168110402,주식회사우영,2020,성장기,0,100.0,0.8,62.42,66.7,87.42,47.24
3168129589,주식회사엘오티티에스,2021,도입기,0,25.99,71.8,38.9,54.41,24.47,48.84
3168129589,주식회사엘오티티에스,2022,성숙기,0,44.25,0.0,54.23,36.93,0.22,32.9
3168129589,주식회사엘오티티에스,2023,성숙기,0,24.44,0.0,55.25,50.57,1.37,49.52
3168129589,주식회사엘오티티에스,2024,성숙기,0,53.17,0.0,58.94,31.01,4.22,51.83
3178116582,주식회사에스이에이,2016,성장기,0,35.48,2.2,19.68,46.84,8.4,51.01
3178116582,주식회사에스이에이,2017,성장기,0,0.0,1.7,24.1,48.92,4.77,46.34
3178116582,주식회사에스이에이,2018,성장기,0,56.96,1.0,92.35,49.91,52.15,73.05
3178116582,주식회사에스이에이,2019,성숙기,0,44.21,0.0,100.0,59.52,9.95,26.03
3178116582,주식회사에스이에이,2020,조정기,0,100.0,22.0,62.42,59.1,17.75,54.94
3178116582,주식회사에스이에이,2021,성장기,0,25.99,1.9,38.9,58.27,38.96,60.85
3178116582,주식회사에스이에이,2022,성숙기,0,44.25,0.0,54.23,34.9,5.02,27.05
3178116582,주식회사에스이에이,2023,성숙기,0,24.44,0.0,55.25,50.19,22.93,59.33
3178116582,주식회사에스이에이,2024,성숙기,0,53.17,0.0,58.94,40.34,3.93,39.7
3178125489,(주)백두테크,2016,성장기,0,35.48,2.2,19.68,46.84,13.44,51.01
3178125489,(주)백두테크,2017,조정기,0,0.0,35.9,24.1,48.92,90.63,92.94
3178125489,(주)백두테크,2018,쇠퇴기,0,56.96,100.0,92.35,49.91,88.57,45.32
3178125489,(주)백두테크,2019,조정기,0,44.21,25.7,100.0,48.49,7.38,4.2
3178138534,주식회사티더블유,2018,도입기,0,56.96,75.8,92.35,49.91,13.26,46.26
3178138534,주식회사티더블유,2019,성장기,0,44.21,2.1,100.0,51.55,0.94,42.79
3178138534,주식회사티더블유,2020,성장기,0,100.0,0.8,62.42,60.99,0.01,50.16
3178138534,주식회사티더블유,2021,성장기,0,25.99,1.9,38.9,33.68,6.92,52.76
3178138534,주식회사티더블유,2022,성장기,0,44.25,3.1,54.23,20.69,8.05,47.96
3178138534,주식회사티더블유,2023,성장기,0,24.44,13.2,55.25,31.71,5.66,47.56
3178138534,주식회사티더블유,2024,성장기,0,53.17,16.0,58.94,25.1,6.21,50.55
3178146316,터보윈주식회사,2018,도입기,0,56.96,75.8,92.35,49.91,3.47,46.26
3178146316,터보윈주식회사,2019,성장기,0,44.21,2.1,100.0,51.55,0.71,48.14
3178146316,터보윈주식회사,2020,성장기,0,100.0,0.8,62.42,60.99,7.18,54.22
3178146316,터보윈주식회사,2021,성장기,0,25.99,1.9,38.9,54.37,68.98,83.72
3178146316,터보윈주식회사,2022,도입기,0,44.25,70.4,54.23,37.81,86.72,56.92
3178146316,터보윈주식회사,2023,도입기,1,24.44,81.1,55.25,51.51,89.37,51.46
3188100609,인투코어테크놀로지주식회사,2022,도입기,0,44.25,70.4,54.23,36.93,32.24,47.42
3188100609,인투코어테크놀로지주식회사,2023,도입기,0,24.44,81.1,55.25,50.57,82.48,78.47
3188100609,인투코어테크놀로지주식회사,2024,도입기,1,53.17,92.8,58.94,40.55,95.2,56.98
3188101888,(주)에프씨피,2021,성장기,0,25.99,1.9,38.9,54.41,3.28,48.84
3188101888,(주)에프씨피,2022,성장기,0,44.25,3.1,54.23,36.93,0.2,45.54
3188101888,(주)에프씨피,2023,성장기,0,24.44,13.2,55.25,50.57,0.08,48.78
3188101888,(주)에프씨피,2024,성장기,0,53.17,16.0,58.94,35.85,1.27,50.92
3188106452,청주반석,2015,도입기,0,38.29,65.4,0.0,49.87,35.22,50.22
3188106452,청주반석,2016,성숙기,0,35.48,0.0,19.68,46.84,84.59,77.92
3188106452,청주반석,2017,쇠퇴기,1,0.0,100.0,24.1,48.92,91.64,52.67
3208700870,주식회사창성테크,2021,성장기,0,25.99,1.9,38.9,54.41,5.08,48.84
3208700870,주식회사창성테크,2022,성숙기,0,44.25,0.0,54.23,36.93,6.12,47.93
3208700870,주식회사창성테크,2023,성숙기,0,24.44,0.0,55.25,50.57,2.88,47.04
3208700870,주식회사창성테크,2024,성숙기,0,53.17,0.0,58.94,35.63,1.23,49.34
3338702141,로보콘주식회사,2022,도입기,0,44.25,70.4,54.23,36.93,35.28,47.42
3338702141,로보콘주식회사,2023,도입기,0,24.44,81.1,55.25,,83.4,77.28
3338702141,로보콘주식회사,2024,도입기,1,53.17,92.8,58.94,40.55,91.27,54.3
3358700208,주식회사에이티이엔지,2022,도입기,0,44.25,70.4,54.23,36.93,4.06,47.42
3358700208,주식회사에이티이엔지,2023,도입기,0,24.44,81.1,55.25,50.57,82.78,94.68
3358700208,주식회사에이티이엔지,2024,도입기,0,53.17,92.8,58.94,40.55,11.49,10.63
3378800889,주식회사제일이엔지,2022,성장기,0,44.25,3.1,54.23,36.93,9.68,47.42
3378800889,주식회사제일이엔지,2023,성숙기,0,24.44,0.0,55.25,50.57,12.39,50.54
3378800889,주식회사제일이엔지,2024,성숙기,0,53.17,0.0,58.94,40.55,2.88,44.97
3408600014,주식회사파인솔루션,2018,도입기,0,56.96,75.8,92.35,49.91,11.49,46.26
3408600014,주식회사파인솔루션,2019,성숙기,0,44.21,0.0,100.0,51.55,0.22,43.38
3408600014,주식회사파인솔루션,2020,도입기,0,100.0,68.6,62.42,60.99,6.06,53.88
3408600014,주식회사파인솔루션,2021,도입기,0,25.99,71.8,38.9,44.56,86.83,94.41
3408600014,주식회사파인솔루션,2022,도입기,0,44.25,70.4,54.23,24.5,92.56,49.68
3408600014,주식회사파인솔루션,2023,도입기,1,24.44,81.1,55.25,34.68,66.56,34.87
3408600824,주식회사에이씨엠리서치코리아,2021,성숙기,0,25.99,0.0,38.9,54.41,9.03,48.84
3408600824,주식회사에이씨엠리서치코리아,2022,성숙기,0,44.25,0.0,54.23,36.93,9.64,47.63
3408600824,주식회사에이씨엠리서치코리아,2023,성숙기,0,24.44,0.0,55.25,50.57,74.1,86.46
3408600824,주식회사에이씨엠리서치코리아,2024,성숙기,0,53.17,0.0,58.94,36.42,80.22,53.37
3408601051,한국항공서비스주식회사,2019,조정기,0,44.21,25.7,100.0,51.55,33.49,49.68
3408601051,한국항공서비스주식회사,2020,조정기,0,100.0,22.0,62.42,60.99,78.81,75.54
3408601051,한국항공서비스주식회사,2021,조정기,1,25.99,24.6,38.9,54.41,83.57,51.67
3408801583,주식회사기산하이텍,2022,성장기,0,44.25,3.1,54.23,36.93,30.16,47.42
3408801583,주식회사기산하이텍,2023,도입기,0,24.44,81.1,55.25,50.57,99.29,89.43
3408801583,주식회사기산하이텍,2024,성숙기,1,53.17,0.0,58.94,40.55,96.78,48.51
3438700534,(주)동산밸브,2016,조정기,0,35.48,33.5,19.68,46.84,31.4,51.01
3438700534,(주)동산밸브,2017,성숙기,0,0.0,0.0,24.1,48.92,30.7,48.08
3438700534,(주)동산밸브,2018,도입기,0,56.96,75.8,92.35,49.91,19.24,39.85
3438700534,(주)동산밸브,2019,성숙기,0,44.21,0.0,100.0,86.98,12.2,45.71
3438700534,(주)동산밸브,2020,도입기,0,100.0,68.6,62.42,88.89,43.71,67.97
3438700534,(주)동산밸브,2021,쇠퇴기,0,25.99,100.0,38.9,100.0,25.32,38.56
3438700534,(주)동산밸브,2022,성숙기,0,44.25,0.0,54.23,50.63,3.86,34.52
3438700534,(주)동산밸브,2023,성숙기,0,24.44,0.0,55.25,62.25,1.45,47.49
3438700534,(주)동산밸브,2024,성숙기,0,53.17,0.0,58.94,51.09,5.18,52.32
3478102279,주식회사테크로스,2021,성장기,0,25.99,1.9,38.9,54.41,5.84,48.84
3478102279,주식회사테크로스,2022,성장기,0,44.25,3.1,54.23,36.93,0.79,44.36
3478102279,주식회사테크로스,2023,성장기,0,24.44,13.2,55.25,50.57,0.71,48.81
3478102279,주식회사테크로스,2024,조정기,0,53.17,27.2,58.94,39.78,2.56,51.28
3498701297,(주)이스트밸리티엔씨,2019,도입기,0,44.21,58.1,100.0,51.55,39.53,49.68
3498701297,(주)이스트밸리티엔씨,2020,도입기,0,100.0,68.6,62.42,60.99,54.5,58.85
3498701297,(주)이스트밸리티엔씨,2021,도입기,0,25.99,71.8,38.9,54.41,53.22,48.23
3498701297,(주)이스트밸리티엔씨,2022,도입기,0,44.25,70.4,54.23,39.71,54.85,47.69
3498701297,(주)이스트밸리티엔씨,2023,도입기,0,24.44,81.1,55.25,52.93,96.0,73.46
3498701297,(주)이스트밸리티엔씨,2024,도입기,0,53.17,92.8,58.94,43.26,98.44,51.26
3578801335,주식회사해주기업,2020,성장기,0,100.0,0.8,62.42,60.99,3.82,50.67
3578801335,주식회사해주기업,2021,성장기,0,25.99,1.9,38.9,54.41,0.14,46.79
3578801335,주식회사해주기업,2022,성장기,0,44.25,3.1,54.23,36.93,12.52,54.63
3588801075,(주)우성하이백,2018,도입기,0,56.96,75.8,92.35,49.91,14.38,46.26
3588801075,(주)우성하이백,2019,성숙기,0,44.21,0.0,100.0,,7.9,46.03
3588801075,(주)우성하이백,2020,쇠퇴기,0,100.0,100.0,62.42,60.99,63.46,81.19
3608700602,에스지서보(주),2017,쇠퇴기,0,0.0,100.0,24.1,48.92,25.73,48.42
3608700602,에스지서보(주),2021,성숙기,0,25.99,0.0,38.9,54.41,1.57,48.84
3608700602,에스지서보(주),2022,성장기,0,44.25,3.1,54.23,36.93,8.34,51.32
3608700602,에스지서보(주),2023,도입기,0,24.44,81.1,55.25,63.68,27.98,60.37
3608700602,에스지서보(주),2024,성장기,0,53.17,16.0,58.94,48.37,8.43,39.38
3648101765,한국머신툴스주식회사,2021,성장기,0,25.99,1.9,38.9,54.41,7.31,48.84
3648101765,한국머신툴스주식회사,2022,도입기,0,44.25,70.4,54.23,36.93,68.4,83.03
3648101765,한국머신툴스주식회사,2023,성장기,0,24.44,13.2,55.25,50.57,17.95,20.35
3648101765,한국머신툴스주식회사,2024,쇠퇴기,0,53.17,100.0,58.94,38.05,94.58,92.48
3718701106,에스이씨(주),2022,성장기,0,44.25,3.1,54.23,36.93,3.81,47.42
3718701106,에스이씨(주),2023,성숙기,0,24.44,0.0,55.25,50.57,1.5,47.56
3718701106,에스이씨(주),2024,성숙기,0,53.17,0.0,58.94,40.55,1.17,50.08
3748100176,(주)링크솔루션,2022,성장기,0,44.25,3.1,54.23,36.93,13.02,47.42
3748100176,(주)링크솔루션,2023,도입기,0,24.44,81.1,55.25,50.57,8.7,46.5
3748100176,(주)링크솔루션,2024,도입기,0,53.17,92.8,58.94,40.55,84.0,91.78
3808101113,주식회사진명파워텍,2018,성장기,0,56.96,1.0,92.35,49.91,29.58,46.26
3808101113,주식회사진명파워텍,2019,성장기,0,44.21,2.1,100.0,51.55,72.86,73.68
3808101113,주식회사진명파워텍,2020,성장기,1,100.0,0.8,62.42,60.99,74.61,51.55
3878100134,제일에스와이씨(주),2017,성장기,0,0.0,1.7,24.1,48.92,16.24,48.42
3878100134,제일에스와이씨(주),2018,성장기,0,56.96,1.0,92.35,49.91,40.67,60.11
3878100134,제일에스와이씨(주),2019,성장기,0,44.21,2.1,100.0,51.55,24.49,40.55
3878100134,제일에스와이씨(주),2020,성장기,0,100.0,0.8,62.42,57.8,25.69,51.3
3878100134,제일에스와이씨(주),2021,도입기,0,25.99,71.8,38.9,52.87,46.82,60.82
3878100134,제일에스와이씨(주),2022,성장기,0,44.25,3.1,54.23,34.96,47.43,47.16
3878100134,제일에스와이씨(주),2023,쇠퇴기,0,24.44,100.0,55.25,48.83,80.32,68.56
3878100134,제일에스와이씨(주),2024,성장기,0,53.17,16.0,58.94,39.82,27.42,20.78
3878700136,주식회사디엘에이치아이,2015,성장기,0,38.29,0.0,0.0,49.87,11.08,50.22
3878700136,주식회사디엘에이치아이,2016,도입기,0,35.48,82.9,19.68,46.84,7.92,49.11
3878700136,주식회사디엘에이치아이,2017,성장기,0,0.0,1.7,24.1,48.92,12.71,51.19
3878700136,주식회사디엘에이치아이,2018,성장기,0,56.96,1.0,92.35,16.37,11.48,45.59
3878700136,주식회사디엘에이치아이,2019,성장기,0,44.21,2.1,100.0,53.39,10.43,49.07
3878700136,주식회사디엘에이치아이,2020,성숙기,0,100.0,0.0,62.42,62.14,17.83,54.72
3878700136,주식회사디엘에이치아이,2021,도입기,0,25.99,71.8,38.9,61.93,49.37,66.68
3878700136,주식회사디엘에이치아이,2022,성장기,0,44.25,3.1,54.23,39.87,14.42,26.34
3878700136,주식회사디엘에이치아이,2023,도입기,0,24.44,81.1,55.25,53.03,35.3,61.17
3878700136,주식회사디엘에이치아이,2024,조정기,0,53.17,27.2,58.94,43.21,45.53,55.78
3958100208,수퍼빈주식회사,2022,도입기,0,44.25,70.4,54.23,36.93,40.41,47.42
3958100208,수퍼빈주식회사,2023,도입기,0,24.44,81.1,55.25,50.57,91.14,78.85
3958100208,수퍼빈주식회사,2024,도입기,1,53.17,92.8,58.94,40.55,92.97,50.94
4018116932,대영엔지니어링주식회사,2015,조정기,0,38.29,28.5,0.0,61.42,30.15,64.35
4018116932,대영엔지니어링주식회사,2016,조정기,0,35.48,33.5,19.68,21.14,5.66,37.34
4018116932,대영엔지니어링주식회사,2017,쇠퇴기,0,0.0,100.0,24.1,22.81,19.71,56.52
4018116932,대영엔지니어링주식회사,2018,도입기,0,56.96,75.8,92.35,26.09,23.95,48.7
4018116932,대영엔지니어링주식회사,2019,성장기,0,44.21,2.1,100.0,41.21,96.18,89.81
4018116932,대영엔지니어링주식회사,2020,성장기,0,100.0,0.8,62.42,59.94,35.6,17.27
4018116932,대영엔지니어링주식회사,2021,성장기,1,25.99,1.9,38.9,45.12,87.17,78.0
4018132039,모빌텍(주),2015,성숙기,0,38.29,5.6,0.0,57.14,4.55,50.81
4018151360,(주)우림,2018,성장기,0,56.96,1.0,92.35,49.91,12.04,46.26
4018151360,(주)우림,2019,쇠퇴기,0,44.21,100.0,100.0,51.55,18.4,53.19
4018151360,(주)우림,2020,도입기,0,100.0,68.6,62.42,60.99,45.85,65.73
4018151360,(주)우림,2021,성장기,0,25.99,1.9,38.9,57.61,9.86,28.64
4018151360,(주)우림,2022,성장기,0,44.25,3.1,54.23,44.47,47.39,69.22
4018151360,(주)우림,2023,성장기,0,24.44,13.2,55.25,59.76,24.02,35.84
4018151360,(주)우림,2024,성장기,0,53.17,16.0,58.94,48.21,43.06,60.68
4028115620,대륜산업주식회사,2015,성숙기,0,38.29,5.6,0.0,51.82,2.49,44.4
4028115620,대륜산업주식회사,2016,쇠퇴기,0,35.48,100.0,19.68,48.65,8.35,54.09
4028115620,대륜산업주식회사,2017,성장기,0,0.0,1.7,24.1,50.76,2.51,45.06
4028115620,대륜산업주식회사,2018,성숙기,0,56.96,0.0,92.35,51.17,16.87,54.38
4028115620,대륜산업주식회사,2019,성숙기,0,44.21,0.0,100.0,51.74,7.34,44.33
4028115620,대륜산업주식회사,2020,성숙기,0,100.0,0.0,62.42,59.95,14.85,54.79
4028115620,대륜산업주식회사,2021,성숙기,0,25.99,0.0,38.9,54.44,54.4,71.18
4028115620,대륜산업주식회사,2022,성숙기,0,44.25,0.0,54.23,37.69,6.35,18.62
4028115620,대륜산업주식회사,2023,도입기,0,24.44,81.1,55.25,51.12,6.8,49.19
4028115620,대륜산업주식회사,2024,도입기,0,53.17,92.8,58.94,41.08,7.26,50.49
4028149528,(주)한성티앤아이,2015,성숙기,0,38.29,5.6,0.0,47.38,2.11,47.99
4028149528,(주)한성티앤아이,2016,성장기,0,35.48,2.2,19.68,48.31,5.54,52.75
4028149528,(주)한성티앤아이,2017,성장기,0,0.0,1.7,24.1,49.56,6.38,48.91
4028149528,(주)한성티앤아이,2018,성장기,0,56.96,1.0,92.35,49.9,57.81,75.35
4028149528,(주)한성티앤아이,2019,도입기,0,44.21,58.1,100.0,52.56,14.38,25.32
4028149528,(주)한성티앤아이,2020,성장기,0,100.0,0.8,62.42,59.09,11.41,49.02
4028149528,(주)한성티앤아이,2021,성숙기,0,25.99,0.0,38.9,52.31,28.07,58.27
4028149528,(주)한성티앤아이,2022,조정기,0,44.25,26.1,54.23,35.96,11.79,37.52
4028149528,(주)한성티앤아이,2023,성장기,0,24.44,13.2,55.25,49.65,11.44,48.79
4028149528,(주)한성티앤아이,2024,성장기,0,53.17,16.0,58.94,39.98,11.0,49.98
4028166231,다산기공(주),2015,도입기,0,38.29,65.4,0.0,38.36,8.04,49.87
4028166231,다산기공(주),2016,도입기,0,35.48,82.9,19.68,50.89,1.62,47.33
4028166231,다산기공(주),2017,성장기,0,0.0,1.7,24.1,51.74,5.63,50.72
4028166231,다산기공(주),2018,도입기,0,56.96,75.8,92.35,49.71,10.65,49.11
4028166231,다산기공(주),2019,성장기,0,44.21,2.1,100.0,52.05,51.31,72.28
4028166231,다산기공(주),2020,성숙기,0,100.0,0.0,62.42,64.07,9.24,27.49
4028166231,다산기공(주),2021,성장기,0,25.99,1.9,38.9,48.02,13.01,51.0
4028166231,다산기공(주),2022,성숙기,0,44.25,0.0,54.23,32.43,5.24,42.68
4028166231,다산기공(주),2023,성숙기,0,24.44,0.0,55.25,46.8,11.64,52.64
4028166231,다산기공(주),2024,성숙기,0,53.17,0.0,58.94,38.21,85.08,90.74
4028166551,율천공업(주),2018,조정기,0,56.96,38.0,92.35,49.91,7.59,46.26
4028166551,율천공업(주),2019,성숙기,0,44.21,0.0,100.0,51.55,23.62,58.59
4028166551,율천공업(주),2020,성장기,0,100.0,0.8,62.42,60.99,31.91,55.2
4028166551,율천공업(주),2021,성장기,0,25.99,1.9,38.9,54.46,1.97,32.03
4028166551,율천공업(주),2022,성장기,0,44.25,3.1,54.23,39.62,55.96,78.94
4028166551,율천공업(주),2023,성장기,0,24.44,13.2,55.25,53.98,67.59,56.31
4028166551,율천공업(주),2024,조정기,1,53.17,27.2,58.94,43.53,72.71,52.84
4028189137,주식회사흥진금속,2015,성장기,0,38.29,0.0,0.0,49.87,15.09,52.55
4028189137,주식회사흥진금속,2016,성장기,0,35.48,2.2,19.68,46.84,20.32,53.71
4028189137,주식회사흥진금속,2017,성장기,0,0.0,1.7,24.1,77.74,35.93,57.46
4028189137,주식회사흥진금속,2018,성장기,0,56.96,1.0,92.35,71.75,66.26,63.5
4028189137,주식회사흥진금속,2019,성숙기,0,44.21,0.0,100.0,66.36,18.24,22.74
4028189137,주식회사흥진금속,2020,성숙기,0,100.0,0.0,62.42,64.11,56.71,71.79
4028189137,주식회사흥진금속,2021,성숙기,0,25.99,0.0,38.9,62.23,77.76,60.82
4028189137,주식회사흥진금속,2022,성숙기,0,44.25,0.0,54.23,37.24,14.59,9.48
4028189137,주식회사흥진금속,2023,성숙기,0,24.44,0.0,55.25,50.79,6.81,44.5
4028189137,주식회사흥진금속,2024,성숙기,0,53.17,0.0,58.94,40.87,4.97,49.22
4038127890,주식회사알룩스,2015,성장기,0,38.29,0.0,0.0,60.33,8.26,48.19
4038127890,주식회사알룩스,2016,성장기,0,35.48,2.2,19.68,47.25,9.98,51.8
4038127890,주식회사알룩스,2017,성장기,0,0.0,1.7,24.1,49.76,85.64,92.05
4038127890,주식회사알룩스,2018,성숙기,0,56.96,0.0,92.35,49.08,33.86,17.19
4038127890,주식회사알룩스,2019,성장기,0,44.21,2.1,100.0,51.47,10.91,36.81
4038127890,주식회사알룩스,2020,도입기,0,100.0,68.6,62.42,56.82,22.01,56.76
4038127890,주식회사알룩스,2021,성장기,0,25.99,1.9,38.9,52.96,13.09,43.87
4038127890,주식회사알룩스,2022,성장기,0,44.25,3.1,54.23,39.93,95.17,95.24
4038127890,주식회사알룩스,2023,성장기,0,24.44,13.2,55.25,52.88,26.87,10.3
4038127890,주식회사알룩스,2024,성장기,0,53.17,16.0,58.94,42.54,88.06,83.93
4038138039,위캔글로벌(주),2015,성장기,0,38.29,0.0,0.0,49.87,26.66,13.42
4038138039,위캔글로벌(주),2016,성장기,0,35.48,2.2,19.68,43.47,18.09,46.1
4038138039,위캔글로벌(주),2017,성숙기,0,0.0,0.0,24.1,47.66,16.08,47.29
4038138039,위캔글로벌(주),2018,도입기,0,56.96,75.8,92.35,47.68,95.97,91.48
4038138039,위캔글로벌(주),2019,성숙기,0,44.21,0.0,100.0,52.13,39.99,18.2
4038138039,위캔글로벌(주),2020,성장기,0,100.0,0.8,62.42,64.03,26.03,42.96
4038138039,위캔글로벌(주),2021,성숙기,0,25.99,0.0,38.9,51.75,10.41,40.09
4038138039,위캔글로벌(주),2022,성숙기,0,44.25,0.0,54.23,37.24,5.1,44.15
4038138039,위캔글로벌(주),2023,성숙기,0,24.44,0.0,55.25,50.66,65.74,84.18
4038138039,위캔글로벌(주),2024,성숙기,0,53.17,0.0,58.94,40.94,44.38,38.24
4038144680,(주)안전정밀,2015,성장기,0,38.29,0.0,0.0,49.87,19.61,51.97
4038144680,(주)안전정밀,2016,성장기,0,35.48,2.2,19.68,43.54,14.46,48.0
4038144680,(주)안전정밀,2017,조정기,0,0.0,35.9,24.1,46.3,25.33,54.71
4038144680,(주)안전정밀,2018,성장기,0,56.96,1.0,92.35,46.79,20.53,43.6
4038144680,(주)안전정밀,2019,성숙기,0,44.21,0.0,100.0,49.56,23.92,51.51
4038168192,시즈오카한성(주),2018,성숙기,0,56.96,0.0,92.35,49.91,4.42,46.26
4038168192,시즈오카한성(주),2019,성숙기,0,44.21,0.0,100.0,51.55,13.98,55.0
4038168192,시즈오카한성(주),2020,성숙기,0,100.0,0.0,62.42,60.99,7.75,47.23
4038168192,시즈오카한성(주),2021,도입기,0,25.99,71.8,38.9,55.18,60.28,78.49
4038168192,시즈오카한성(주),2022,성숙기,0,44.25,0.0,54.23,37.61,46.21,38.41
4038168192,시즈오카한성(주),2023,도입기,0,24.44,81.1,55.25,51.01,40.1,45.87
4038168192,시즈오카한성(주),2024,성장기,0,53.17,16.0,58.94,40.75,46.49,53.64
4038800264,주식회사한국운반기계,2015,도입기,0,38.29,65.4,0.0,49.87,32.34,50.22
4038800264,주식회사한국운반기계,2016,쇠퇴기,0,35.48,100.0,19.68,,66.41,69.52
4038800264,주식회사한국운반기계,2017,성숙기,0,0.0,0.0,24.1,,5.91,13.69
4038800264,주식회사한국운반기계,2018,성장기,0,56.96,1.0,92.35,49.91,5.35,45.95
4038800264,주식회사한국운반기계,2019,성장기,0,44.21,2.1,100.0,51.55,4.23,49.05
4038800264,주식회사한국운반기계,2020,성장기,0,100.0,0.8,62.42,60.78,12.9,55.42
4038800264,주식회사한국운반기계,2021,성숙기,0,25.99,0.0,38.9,60.92,0.42,41.85
4038800264,주식회사한국운반기계,2022,쇠퇴기,0,44.25,100.0,54.23,37.38,50.69,76.78
4038800264,주식회사한국운반기계,2023,성숙기,0,24.44,0.0,55.25,49.98,42.77,44.87
4038800264,주식회사한국운반기계,2024,성숙기,0,53.17,0.0,58.94,40.51,31.76,44.03
4048100477,(주)크린앤사이언스,2015,성숙기,0,38.29,5.6,0.0,51.57,0.49,48.5
4048100477,(주)크린앤사이언스,2016,성장기,0,35.48,2.2,19.68,47.27,0.08,50.65
4048100477,(주)크린앤사이언스,2017,성장기,0,0.0,1.7,24.1,48.78,0.25,48.51
4048100477,(주)크린앤사이언스,2018,성장기,0,56.96,1.0,92.35,51.29,0.98,46.66
4048100477,(주)크린앤사이언스,2019,성장기,0,44.21,2.1,100.0,49.94,0.76,49.57
4048100477,(주)크린앤사이언스,2020,성장기,0,100.0,0.8,62.42,58.37,0.79,50.68
4048100477,(주)크린앤사이언스,2021,성장기,0,25.99,1.9,38.9,51.0,59.22,81.81
4048100477,(주)크린앤사이언스,2022,성장기,0,44.25,3.1,54.23,30.87,89.21,64.21
4048100477,(주)크린앤사이언스,2023,성숙기,1,24.44,0.0,55.25,45.2,42.48,22.77
4048106923,광동실업주식회사,2015,성숙기,0,38.29,5.6,0.0,52.51,41.25,56.13
4048106923,광동실업주식회사,2016,쇠퇴기,0,35.48,100.0,19.68,44.77,9.84,33.51
4048106923,광동실업주식회사,2017,도입기,0,0.0,70.3,24.1,47.63,7.69,47.2
4048106923,광동실업주식회사,2018,성장기,0,56.96,1.0,92.35,51.41,7.69,46.27
4048106923,광동실업주식회사,2019,조정기,0,44.21,25.7,100.0,51.94,7.58,49.6
4048106923,광동실업주식회사,2020,성장기,0,100.0,0.8,62.42,59.21,11.17,52.63
4048106923,광동실업주식회사,2021,성숙기,0,25.99,0.0,38.9,51.4,6.8,46.41
4048106923,광동실업주식회사,2022,성숙기,0,44.25,0.0,54.23,38.77,7.51,47.72
4048106923,광동실업주식회사,2023,성숙기,0,24.44,0.0,55.25,51.9,90.14,97.0
4048106923,광동실업주식회사,2024,도입기,0,53.17,92.8,58.94,43.43,89.39,49.53
4048134768,바우컴퍼니주식회사,2020,성장기,0,100.0,0.8,62.42,60.99,5.24,50.67
4048134768,바우컴퍼니주식회사,2021,도입기,0,25.99,71.8,38.9,54.41,76.6,89.11
4048134768,바우컴퍼니주식회사,2024,성장기,0,53.17,16.0,58.94,40.55,55.15,50.27
4058106023,에너지엔(주),2015,조정기,0,38.29,28.5,0.0,37.28,5.74,24.66
4058106023,에너지엔(주),2016,성숙기,0,35.48,0.0,19.68,38.71,1.09,48.3
4058106023,에너지엔(주),2017,도입기,0,0.0,70.3,24.1,39.26,87.27,98.1
4058106023,에너지엔(주),2018,조정기,0,56.96,38.0,92.35,39.22,57.09,29.41
4058106023,에너지엔(주),2019,조정기,0,44.21,25.7,100.0,45.48,10.49,23.56
4058106023,에너지엔(주),2020,조정기,0,100.0,22.0,62.42,57.54,13.31,52.21
4058106023,에너지엔(주),2021,성숙기,0,25.99,0.0,38.9,47.43,13.01,48.71
4058106023,에너지엔(주),2022,도입기,0,44.25,70.4,54.23,30.41,13.06,47.25
4058106023,에너지엔(주),2023,성장기,0,24.44,13.2,55.25,45.13,52.47,71.93
4058106023,에너지엔(주),2024,성숙기,0,53.17,0.0,58.94,36.66,9.71,26.48
4078601242,코코넛필터주식회사,2021,도입기,0,25.99,71.8,38.9,54.41,36.45,48.84
4078601242,코코넛필터주식회사,2022,성장기,0,44.25,3.1,54.23,36.93,78.63,71.61
4078601242,코코넛필터주식회사,2023,도입기,1,24.44,81.1,55.25,50.57,91.68,57.41
4088613886,(주)남원터보원,2020,도입기,0,100.0,68.6,62.42,60.99,14.88,50.67
4088613886,(주)남원터보원,2021,도입기,0,25.99,71.8,38.9,54.41,74.85,82.7
4088613886,(주)남원터보원,2022,도입기,1,44.25,70.4,54.23,36.93,59.7,37.6
4098104084,아륭기공(주),2015,성숙기,0,38.29,5.6,0.0,54.2,5.9,53.4
4098104084,아륭기공(주),2016,성숙기,0,35.48,0.0,19.68,49.04,0.21,47.73
4098104084,아륭기공(주),2017,성숙기,0,0.0,0.0,24.1,50.15,0.06,48.33
4098104084,아륭기공(주),2018,성숙기,0,56.96,0.0,92.35,51.76,0.05,46.24
4098104084,아륭기공(주),2019,성숙기,0,44.21,0.0,100.0,51.24,0.07,49.7
4098104084,아륭기공(주),2020,성숙기,0,100.0,0.0,62.42,63.54,8.53,55.32
4098104084,아륭기공(주),2021,성숙기,0,25.99,0.0,38.9,57.6,2.35,45.39
4098104084,아륭기공(주),2022,성숙기,0,44.25,0.0,54.23,44.64,0.07,46.02
4098104084,아륭기공(주),2023,성숙기,0,24.44,0.0,55.25,56.84,0.09,48.86
4098104084,아륭기공(주),2024,성숙기,0,53.17,0.0,58.94,45.77,0.09,50.27
4098117013,영화산업,2015,성장기,0,38.29,0.0,0.0,50.3,12.92,51.81
4098117013,영화산업,2016,성장기,0,35.48,2.2,19.68,45.66,96.48,96.77
4098117013,영화산업,2017,조정기,0,0.0,35.9,24.1,44.56,92.01,46.06
4098117013,영화산업,2018,쇠퇴기,1,56.96,100.0,92.35,47.27,92.07,46.53
4098118026,한아에스에스(주),2015,성장기,0,38.29,0.0,0.0,45.97,0.56,47.41
4098118026,한아에스에스(주),2016,성숙기,0,35.48,0.0,19.68,48.04,0.11,50.63
4098118026,한아에스에스(주),2017,성숙기,0,0.0,0.0,24.1,50.86,0.51,48.64
4098118026,한아에스에스(주),2018,성숙기,0,56.96,0.0,92.35,51.02,4.9,48.73
4098118026,한아에스에스(주),2019,조정기,0,44.21,25.7,100.0,51.8,10.8,52.96
4098118026,한아에스에스(주),2020,쇠퇴기,0,100.0,100.0,62.42,60.57,7.17,48.66
4098118026,한아에스에스(주),2021,조정기,0,25.99,24.6,38.9,52.15,28.77,61.05
4098118026,한아에스에스(주),2022,성장기,0,44.25,3.1,54.23,35.24,58.4,64.37
4098118026,한아에스에스(주),2023,쇠퇴기,0,24.44,100.0,55.25,48.92,83.4,64.11
4098118026,한아에스에스(주),2024,조정기,1,53.17,27.2,58.94,40.93,59.52,36.78
4098123927,(주)대명엘리베이터,2021,쇠퇴기,0,25.99,100.0,38.9,54.41,3.84,48.84
4098123927,(주)대명엘리베이터,2022,조정기,0,44.25,26.1,54.23,36.93,12.23,52.24
4098123927,(주)대명엘리베이터,2023,도입기,0,24.44,81.1,55.25,50.57,5.49,45.08
4098123927,(주)대명엘리베이터,2024,쇠퇴기,0,53.17,100.0,58.94,39.03,5.26,50.12
4098149970,(주)덕신,2016,성장기,0,35.48,2.2,19.68,46.84,6.13,51.01
4098149970,(주)덕신,2017,성장기,0,0.0,1.7,24.1,48.92,7.55,49.24
4098149970,(주)덕신,2018,성장기,0,56.96,1.0,92.35,49.91,9.29,47.25
4098149970,(주)덕신,2019,성숙기,0,44.21,0.0,100.0,54.87,4.98,47.26
4098149970,(주)덕신,2020,성숙기,0,100.0,0.0,62.42,58.85,3.64,49.92
4098149970,(주)덕신,2021,성장기,0,25.99,1.9,38.9,49.42,6.84,50.67
4098149970,(주)덕신,2022,성장기,0,44.25,3.1,54.23,37.87,9.63,48.93
4098149970,(주)덕신,2023,조정기,0,24.44,24.8,55.25,51.07,21.89,56.1
4098149970,(주)덕신,2024,조정기,0,53.17,27.2,58.94,41.4,23.43,51.03
4098177952,(주)유진테크노,2018,성장기,0,56.96,1.0,92.35,49.91,10.03,46.26
4098177952,(주)유진테크노,2019,도입기,0,44.21,58.1,100.0,51.55,65.65,80.62
4098177952,(주)유진테크노,2020,성장기,0,100.0,0.8,62.42,60.99,23.57,27.47
4098177952,(주)유진테크노,2021,성장기,0,25.99,1.9,38.9,49.22,49.21,63.36
4098177952,(주)유진테크노,2022,성장기,0,44.25,3.1,54.23,33.27,49.76,47.1
4098177952,(주)유진테크노,2023,성장기,0,24.44,13.2,55.25,45.6,41.6,44.72
4098177952,(주)유진테크노,2024,쇠퇴기,0,53.17,100.0,58.94,36.63,15.37,35.64
4098193651,(주)아이지스,2018,쇠퇴기,0,56.96,100.0,92.35,49.91,36.24,46.26
4098193651,(주)아이지스,2019,성숙기,0,44.21,0.0,100.0,51.55,96.68,83.21
4098193651,(주)아이지스,2020,성숙기,1,100.0,0.0,62.42,60.99,97.06,50.77
4098199238,(주)준테크,2015,도입기,0,38.29,65.4,0.0,49.87,7.85,50.22
4098199238,(주)준테크,2016,도입기,0,35.48,82.9,19.68,46.84,9.21,51.6
4098199238,(주)준테크,2017,도입기,0,0.0,70.3,24.1,48.92,5.0,46.01
4098199238,(주)준테크,2018,성숙기,0,56.96,0.0,92.35,41.36,6.0,46.83
4098199238,(주)준테크,2019,성숙기,0,44.21,0.0,100.0,51.11,14.58,54.45
4098199238,(주)준테크,2020,도입기,0,100.0,68.6,62.42,64.92,14.58,50.65
4098199238,(주)준테크,2021,성장기,0,25.99,1.9,38.9,58.76,6.76,44.48
4098199238,(주)준테크,2022,성장기,0,44.25,3.1,54.23,50.87,27.36,59.35
4098199238,(주)준테크,2023,성장기,0,24.44,13.2,55.25,61.85,98.2,90.39
4098199238,(주)준테크,2024,조정기,0,53.17,27.2,58.94,50.41,90.99,45.93
4098620100,주식회사유니텍솔루션,2018,성숙기,0,56.96,0.0,92.35,49.91,32.79,46.26
4098620100,주식회사유니텍솔루션,2019,쇠퇴기,0,44.21,100.0,100.0,51.55,89.19,80.97
4098620100,주식회사유니텍솔루션,2020,도입기,1,100.0,68.6,62.42,60.99,90.25,51.15
4098645168,주식회사디에스피,2019,성숙기,0,44.21,0.0,100.0,51.55,3.63,49.68
4098645168,주식회사디에스피,2020,성숙기,0,100.0,0.0,62.42,60.99,1.11,49.28
4098645168,주식회사디에스피,2021,성숙기,0,25.99,0.0,38.9,54.41,51.28,77.15
4098645168,주식회사디에스피,2022,성숙기,0,44.25,0.0,54.23,48.77,1.34,17.54
4098645168,주식회사디에스피,2023,조정기,0,24.44,24.8,55.25,59.6,4.99,50.99
4098645168,주식회사디에스피,2024,쇠퇴기,0,53.17,100.0,58.94,50.36,18.3,57.59
4098650036,주식회사팀코리아,2015,조정기,0,38.29,28.5,0.0,,94.17,98.31
4098650036,주식회사팀코리아,2016,조정기,0,35.48,33.5,19.68,46.84,96.53,51.96
4098650036,주식회사팀코리아,2017,조정기,1,0.0,35.9,24.1,48.92,99.36,50.26
4108100996,화천기공(주),2015,성숙기,0,38.29,5.6,0.0,50.83,0.65,50.38
4108100996,화천기공(주),2016,성숙기,0,35.48,0.0,19.68,42.79,15.51,59.04
4108100996,화천기공(주),2017,성장기,0,0.0,1.7,24.1,44.55,1.33,40.27
4108100996,화천기공(주),2018,성장기,0,56.96,1.0,92.35,48.35,2.11,46.69
4108100996,화천기공(주),2019,성장기,0,44.21,2.1,100.0,49.58,7.11,52.47
4108100996,화천기공(주),2020,성장기,0,100.0,0.8,62.42,60.25,22.89,59.33
4108100996,화천기공(주),2021,성장기,0,25.99,1.9,38.9,56.0,24.71,49.92
4108100996,화천기공(주),2022,성장기,0,44.25,3.1,54.23,40.63,7.31,36.9
4108100996,화천기공(주),2023,성장기,0,24.44,13.2,55.25,53.62,29.54,61.87
4108100996,화천기공(주),2024,조정기,0,53.17,27.2,58.94,43.16,33.61,52.4
4108101068,서암기계공업(주),2015,성숙기,0,38.29,5.6,0.0,49.38,21.27,55.33
4108101068,서암기계공업(주),2016,성숙기,0,35.48,0.0,19.68,51.17,31.64,56.53
4108101068,서암기계공업(주),2017,성숙기,0,0.0,0.0,24.1,52.65,1.5,31.11
4108101068,서암기계공업(주),2018,성숙기,0,56.96,0.0,92.35,55.04,1.26,46.12
4108101068,서암기계공업(주),2019,성숙기,0,44.21,0.0,100.0,53.33,1.38,49.76
4108101068,서암기계공업(주),2020,성숙기,0,100.0,0.0,62.42,62.84,34.22,68.71
4108101068,서암기계공업(주),2021,성숙기,0,25.99,0.0,38.9,57.36,24.2,43.27
4108101068,서암기계공업(주),2022,성숙기,0,44.25,0.0,54.23,42.65,6.95,36.99
4108101068,서암기계공업(주),2023,성숙기,0,24.44,0.0,55.25,55.23,31.2,63.04
4108101068,서암기계공업(주),2024,성숙기,0,53.17,0.0,58.94,44.49,38.32,54.08
4108105012,대륭밸브주식회사,2015,성숙기,0,38.29,5.6,0.0,56.1,33.36,68.51
4108105012,대륭밸브주식회사,2016,성숙기,0,35.48,0.0,19.68,34.16,2.11,33.62
4108105012,대륭밸브주식회사,2017,성숙기,0,0.0,0.0,24.1,34.86,1.63,48.14
4108105012,대륭밸브주식회사,2018,성숙기,0,56.96,0.0,92.35,46.49,1.16,45.99
4108105012,대륭밸브주식회사,2019,성숙기,0,44.21,0.0,100.0,45.57,4.9,51.77
4108108945,한일종합기계주식회사,2015,조정기,0,38.29,28.5,0.0,41.0,4.77,37.98
4108108945,한일종합기계주식회사,2016,성숙기,0,35.48,0.0,19.68,57.26,1.89,49.28
4108108945,한일종합기계주식회사,2017,성숙기,0,0.0,0.0,24.1,54.39,0.27,47.48
4108108945,한일종합기계주식회사,2018,성숙기,0,56.96,0.0,92.35,53.14,0.29,46.26
4108108945,한일종합기계주식회사,2019,성숙기,0,44.21,0.0,100.0,55.54,0.03,49.55
4108108945,한일종합기계주식회사,2020,성숙기,0,100.0,0.0,62.42,55.77,0.33,50.83
4108108945,한일종합기계주식회사,2021,성숙기,0,25.99,0.0,38.9,51.73,0.23,48.8
4108108945,한일종합기계주식회사,2022,쇠퇴기,0,44.25,100.0,54.23,39.36,5.05,50.2
4108108945,한일종합기계주식회사,2023,성숙기,0,24.44,0.0,55.25,52.6,11.01,52.38
4108108945,한일종합기계주식회사,2024,성숙기,0,53.17,0.0,58.94,43.52,0.28,44.3
4108108964,오텍캐리어주식회사,2015,쇠퇴기,0,38.29,100.0,0.0,50.96,14.83,44.09
4108108964,오텍캐리어주식회사,2016,쇠퇴기,0,35.48,100.0,19.68,50.12,1.69,43.62
4108108964,오텍캐리어주식회사,2017,쇠퇴기,0,0.0,100.0,24.1,52.94,8.39,52.27
4108108964,오텍캐리어주식회사,2018,성숙기,0,56.96,0.0,92.35,53.03,2.48,42.94
4108108964,오텍캐리어주식회사,2019,도입기,0,44.21,58.1,100.0,52.31,8.92,53.27
4108108964,오텍캐리어주식회사,2020,쇠퇴기,0,100.0,100.0,62.42,62.29,60.71,79.12
4108108964,오텍캐리어주식회사,2021,조정기,0,25.99,24.6,38.9,58.03,45.33,40.29
4108108964,오텍캐리어주식회사,2022,도입기,1,44.25,70.4,54.23,38.64,75.88,64.7
4108119137,(주)우성정공,2015,성숙기,0,38.29,5.6,0.0,58.49,67.67,87.79
4108119137,(주)우성정공,2016,성숙기,0,35.48,0.0,19.68,48.48,57.49,45.12
4108119137,(주)우성정공,2017,쇠퇴기,1,0.0,100.0,24.1,50.07,67.02,54.04
4108119777,주식회사일정,2015,쇠퇴기,0,38.29,100.0,0.0,57.5,19.74,53.45
4108119777,주식회사일정,2016,성장기,0,35.48,2.2,19.68,45.85,5.43,42.96
4108119777,주식회사일정,2017,성숙기,0,0.0,0.0,24.1,47.61,10.05,51.08
4108119777,주식회사일정,2018,성숙기,0,56.96,0.0,92.35,48.33,6.07,44.03
4108119777,주식회사일정,2019,성숙기,0,44.21,0.0,100.0,50.5,24.09,59.7
4108119777,주식회사일정,2020,성숙기,0,100.0,0.0,62.42,60.58,13.14,44.62
4108119777,주식회사일정,2021,성숙기,0,25.99,0.0,38.9,53.15,2.53,42.9
4108119777,주식회사일정,2022,성숙기,0,44.25,0.0,54.23,36.68,5.38,49.02
4108119777,주식회사일정,2023,성숙기,0,24.44,0.0,55.25,50.27,3.68,47.93
4108119777,주식회사일정,2024,성숙기,0,53.17,0.0,58.94,40.31,13.95,55.92
4108135632,디케이주식회사,2015,성장기,0,38.29,0.0,0.0,43.27,68.83,70.18
4108135632,디케이주식회사,2016,성장기,0,35.48,2.2,19.68,52.3,17.64,22.58
4108135632,디케이주식회사,2017,도입기,0,0.0,70.3,24.1,57.18,26.39,53.49
4108135632,디케이주식회사,2018,도입기,0,56.96,75.8,92.35,53.78,46.89,57.91
4108135632,디케이주식회사,2019,도입기,0,44.21,58.1,100.0,53.99,40.43,45.94
4108135632,디케이주식회사,2020,성숙기,0,100.0,0.0,62.42,61.83,41.52,51.22
4108135632,디케이주식회사,2021,도입기,0,25.99,71.8,38.9,55.0,82.73,72.17
4108135632,디케이주식회사,2022,도입기,0,44.25,70.4,54.23,38.91,56.2,30.86
4108135632,디케이주식회사,2023,도입기,0,24.44,81.1,55.25,52.05,51.84,47.01
4108135632,디케이주식회사,2024,성장기,0,53.17,16.0,58.94,41.2,35.5,41.06
4108136311,티피에스코리아주식회사,2016,성숙기,0,35.48,0.0,19.68,46.84,3.31,51.01
4108136311,티피에스코리아주식회사,2017,성숙기,0,0.0,0.0,24.1,48.92,0.23,46.64
4108136311,티피에스코리아주식회사,2018,성숙기,0,56.96,0.0,92.35,49.91,0.22,46.24
4108136311,티피에스코리아주식회사,2019,성숙기,0,44.21,0.0,100.0,43.31,0.63,49.92
4108136311,티피에스코리아주식회사,2020,성숙기,0,100.0,0.0,62.42,65.42,0.02,50.33
4108136311,티피에스코리아주식회사,2022,조정기,0,44.25,26.1,54.23,45.71,5.71,47.42
4108136311,티피에스코리아주식회사,2023,성숙기,0,24.44,0.0,55.25,57.41,1.14,46.26
4108136311,티피에스코리아주식회사,2024,성숙기,0,53.17,0.0,58.94,45.7,0.69,50.01
4108137853,남도금형주식회사,2015,성장기,0,38.29,0.0,0.0,36.67,43.77,72.18
4108137853,남도금형주식회사,2016,성장기,0,35.48,2.2,19.68,52.71,18.11,36.67
4108137853,남도금형주식회사,2017,성장기,0,0.0,1.7,24.1,55.42,65.5,75.77
4108137853,남도금형주식회사,2018,쇠퇴기,0,56.96,100.0,92.35,51.23,78.21,53.61
4108137853,남도금형주식회사,2019,쇠퇴기,1,44.21,100.0,100.0,52.95,90.77,56.41
4108140756,고려정밀(주),2015,성장기,0,38.29,0.0,0.0,49.87,42.74,66.28
4108140756,고려정밀(주),2016,성장기,0,35.48,2.2,19.68,46.84,35.21,46.64
4108140756,고려정밀(주),2017,성장기,0,0.0,1.7,24.1,48.32,16.25,37.56
4108140756,고려정밀(주),2018,성숙기,0,56.96,0.0,92.35,51.41,81.41,83.14
4108140756,고려정밀(주),2019,성숙기,0,44.21,0.0,100.0,62.23,91.29,54.91
4108140756,고려정밀(주),2020,조정기,1,100.0,22.0,62.42,66.77,80.36,44.56
4108143374,(주)은광기전,2022,성숙기,0,44.25,0.0,54.23,36.93,3.74,47.42
4108143374,(주)은광기전,2023,성숙기,0,24.44,0.0,55.25,50.57,0.33,46.91
4108143374,(주)은광기전,2024,성숙기,0,53.17,0.0,58.94,40.55,1.11,50.7
4108149612,주식회사현성테크노,2015,성장기,0,38.29,0.0,0.0,54.0,16.05,50.89
4108149612,주식회사현성테크노,2016,성숙기,0,35.48,0.0,19.68,48.3,7.08,45.91
4108149612,주식회사현성테크노,2017,도입기,0,0.0,70.3,24.1,49.65,24.79,58.64
4108149612,주식회사현성테크노,2018,성숙기,0,56.96,0.0,92.35,48.59,8.46,37.08
4108149612,주식회사현성테크노,2019,성장기,0,44.21,2.1,100.0,49.77,29.44,61.34
4108149612,주식회사현성테크노,2020,성장기,0,100.0,0.8,62.42,59.82,19.59,45.22
4108149612,주식회사현성테크노,2021,성장기,0,25.99,1.9,38.9,52.94,27.18,53.18
4108149612,주식회사현성테크노,2022,조정기,0,44.25,26.1,54.23,35.15,10.07,37.04
4108149612,주식회사현성테크노,2023,조정기,0,24.44,24.8,55.25,49.15,95.44,98.63
4108149612,주식회사현성테크노,2024,조정기,0,53.17,27.2,58.94,40.21,92.26,48.16
4108149892,(주)다이나믹디자인,2015,성장기,0,38.29,0.0,0.0,51.08,15.23,57.19
4108149892,(주)다이나믹디자인,2016,성숙기,0,35.48,0.0,19.68,42.72,51.58,70.82
4108149892,(주)다이나믹디자인,2017,성숙기,0,0.0,0.0,24.1,43.92,92.98,72.39
4108149892,(주)다이나믹디자인,2018,조정기,0,56.96,38.0,92.35,44.31,92.28,46.1
4108149892,(주)다이나믹디자인,2019,쇠퇴기,1,44.21,100.0,100.0,51.09,97.44,52.25
4108151874,아르네코리아주식회사,2015,성숙기,0,38.29,5.6,0.0,39.11,48.04,76.35
4108151874,아르네코리아주식회사,2016,성숙기,0,35.48,0.0,19.68,47.43,47.71,50.58
4108151874,아르네코리아주식회사,2017,성숙기,0,0.0,0.0,24.1,48.86,8.07,25.67
4108151874,아르네코리아주식회사,2018,성숙기,0,56.96,0.0,92.35,52.88,10.81,47.82
4108151874,아르네코리아주식회사,2019,성숙기,0,44.21,0.0,100.0,55.17,1.59,44.52
4108151874,아르네코리아주식회사,2020,성숙기,0,100.0,0.0,62.42,62.69,48.8,76.61
4108151874,아르네코리아주식회사,2021,성숙기,0,25.99,0.0,38.9,57.89,59.59,55.03
4108151874,아르네코리아주식회사,2022,성장기,0,44.25,3.1,54.23,40.64,6.49,15.59
4108151874,아르네코리아주식회사,2023,도입기,0,24.44,81.1,55.25,53.64,13.52,53.01
4108151874,아르네코리아주식회사,2024,도입기,0,53.17,92.8,58.94,43.2,7.24,46.75
4108153192,(주)무진기연,2015,도입기,0,38.29,65.4,0.0,59.59,7.29,44.96
4108153192,(주)무진기연,2016,쇠퇴기,0,35.48,100.0,19.68,56.54,17.25,56.33
4108153192,(주)무진기연,2017,성숙기,0,0.0,0.0,24.1,55.95,8.22,43.24
4108153192,(주)무진기연,2018,성숙기,0,56.96,0.0,92.35,55.3,8.38,46.37
4108153192,(주)무진기연,2019,성숙기,0,44.21,0.0,100.0,51.16,85.67,92.68
4108153192,(주)무진기연,2020,성숙기,0,100.0,0.0,62.42,61.02,7.65,7.7
4108153192,(주)무진기연,2021,조정기,0,25.99,24.6,38.9,54.38,8.62,49.42
4108153192,(주)무진기연,2022,성숙기,0,44.25,0.0,54.23,35.53,5.61,45.52
4108153192,(주)무진기연,2023,성숙기,0,24.44,0.0,55.25,49.14,27.39,61.59
4108153192,(주)무진기연,2024,성숙기,0,53.17,0.0,58.94,39.08,0.99,35.59
4108160072,(주)에어패스,2016,도입기,0,35.48,82.9,19.68,46.84,18.57,51.01
4108160072,(주)에어패스,2017,성숙기,0,0.0,0.0,24.1,48.92,14.96,46.37
4108160072,(주)에어패스,2018,조정기,0,56.96,38.0,92.35,49.91,14.6,46.08
4108160072,(주)에어패스,2019,쇠퇴기,0,44.21,100.0,100.0,52.55,29.28,57.82
4108160072,(주)에어패스,2020,성장기,0,100.0,0.8,62.42,62.93,10.63,40.39
4108160072,(주)에어패스,2021,성숙기,0,25.99,0.0,38.9,56.62,10.83,48.99
4108160072,(주)에어패스,2022,쇠퇴기,0,44.25,100.0,54.23,35.46,16.55,50.6
4108160072,(주)에어패스,2023,도입기,0,24.44,81.1,55.25,49.7,6.03,42.93
4108160072,(주)에어패스,2024,성장기,0,53.17,16.0,58.94,40.43,5.69,50.06
4108161431,신진정밀(주),2015,성숙기,0,38.29,5.6,0.0,47.38,1.69,50.46
4108161431,신진정밀(주),2016,성숙기,0,35.48,0.0,19.68,47.14,0.8,50.38
4108161431,신진정밀(주),2017,성숙기,0,0.0,0.0,24.1,48.8,0.85,48.44
4108161431,신진정밀(주),2018,성숙기,0,56.96,0.0,92.35,50.41,1.71,46.74
4108161431,신진정밀(주),2019,성숙기,0,44.21,0.0,100.0,51.6,1.94,49.81
4108161431,신진정밀(주),2020,성숙기,0,100.0,0.0,62.42,62.32,5.66,52.71
4108161431,신진정밀(주),2021,성숙기,0,25.99,0.0,38.9,56.39,1.27,46.39
4108161431,신진정밀(주),2022,성숙기,0,44.25,0.0,54.23,42.01,1.44,47.47
4108161431,신진정밀(주),2023,성숙기,0,24.44,0.0,55.25,54.67,1.33,48.8
4108161431,신진정밀(주),2024,성숙기,0,53.17,0.0,58.94,43.79,1.03,50.09
4108169700,아이앤테크주식회사,2015,성장기,1,38.29,0.0,0.0,49.87,84.38,56.33
4108174431,(주)반도호이스트크레인,2015,조정기,0,38.29,28.5,0.0,42.93,35.19,57.9
4108174431,(주)반도호이스트크레인,2016,쇠퇴기,0,35.48,100.0,19.68,42.76,50.45,59.18
4108174431,(주)반도호이스트크레인,2017,성숙기,0,0.0,0.0,24.1,44.0,96.97,75.34
4108174431,(주)반도호이스트크레인,2018,쇠퇴기,0,56.96,100.0,92.35,43.53,96.81,46.42
4108174431,(주)반도호이스트크레인,2019,쇠퇴기,1,44.21,100.0,100.0,47.89,94.69,48.18
4108186937,주식회사한진디엔비,2015,쇠퇴기,0,38.29,100.0,0.0,48.88,13.53,52.42
4108186937,주식회사한진디엔비,2016,쇠퇴기,0,35.48,100.0,19.68,45.52,19.77,54.27
4108186937,주식회사한진디엔비,2017,쇠퇴기,0,0.0,100.0,24.1,43.81,73.28,79.3
4108186937,주식회사한진디엔비,2018,조정기,0,56.96,38.0,92.35,43.77,18.63,15.54
4108186937,주식회사한진디엔비,2019,성숙기,0,44.21,0.0,100.0,38.04,26.34,53.92
4108186937,주식회사한진디엔비,2020,조정기,0,100.0,22.0,62.42,60.75,44.31,60.51
4108186937,주식회사한진디엔비,2021,성숙기,0,25.99,0.0,38.9,54.71,32.63,42.35
4108186937,주식회사한진디엔비,2022,성장기,0,44.25,3.1,54.23,48.32,61.77,64.03
4108186937,주식회사한진디엔비,2023,성숙기,0,24.44,0.0,55.25,59.9,20.69,25.72
4108186937,주식회사한진디엔비,2024,성장기,0,53.17,16.0,58.94,48.64,15.92,47.56
4108187445,(주)무진서비스,2015,조정기,0,38.29,28.5,0.0,48.0,0.19,50.2
4108187445,(주)무진서비스,2016,성숙기,0,35.48,0.0,19.68,37.58,0.13,50.84
4108187445,(주)무진서비스,2017,조정기,0,0.0,35.9,24.1,41.01,2.45,49.75
4108187445,(주)무진서비스,2018,성숙기,0,56.96,0.0,92.35,46.93,0.12,44.94
4108187445,(주)무진서비스,2019,성숙기,0,44.21,0.0,100.0,52.17,0.03,49.64
4108187445,(주)무진서비스,2020,성숙기,0,100.0,0.0,62.42,58.19,6.31,54.12
4108187445,(주)무진서비스,2021,성숙기,0,25.99,0.0,38.9,57.09,0.51,45.6
4108187445,(주)무진서비스,2022,성숙기,0,44.25,0.0,54.23,43.3,0.03,47.1
4108187445,(주)무진서비스,2023,성숙기,0,24.44,0.0,55.25,55.82,6.31,52.5
4108187445,(주)무진서비스,2024,성숙기,0,53.17,0.0,58.94,45.13,0.37,46.96
4108194252,한국야와타주식회사,2015,성장기,0,38.29,0.0,0.0,56.91,24.13,53.82
4108194252,한국야와타주식회사,2016,성장기,0,35.48,2.2,19.68,43.77,19.24,48.13
4108196323,정도테크주식회사,2015,쇠퇴기,1,38.29,100.0,0.0,49.87,84.38,85.64
4108196982,주식회사에스디엠,2015,성숙기,0,38.29,5.6,0.0,46.66,4.78,52.77
4108196982,주식회사에스디엠,2016,쇠퇴기,0,35.48,100.0,19.68,47.83,7.79,52.52
4108196982,주식회사에스디엠,2017,조정기,0,0.0,35.9,24.1,49.74,1.13,44.59
4108196982,주식회사에스디엠,2018,도입기,0,56.96,75.8,92.35,49.43,11.8,52.29
4108196982,주식회사에스디엠,2019,도입기,0,44.21,58.1,100.0,51.85,13.43,50.56
4108196982,주식회사에스디엠,2020,도입기,0,100.0,68.6,62.42,59.72,59.33,75.88
4108196982,주식회사에스디엠,2021,도입기,0,25.99,71.8,38.9,56.27,81.1,61.23
4108196982,주식회사에스디엠,2022,성숙기,0,44.25,0.0,54.23,42.72,25.56,13.9
4108196982,주식회사에스디엠,2023,성숙기,0,24.44,0.0,55.25,55.18,10.6,40.47
4108196982,주식회사에스디엠,2024,성숙기,0,53.17,0.0,58.94,44.14,15.8,53.09
4108608033,(주)에스엠에이,2015,도입기,0,38.29,65.4,0.0,49.87,91.88,96.13
4108608033,(주)에스엠에이,2016,성장기,0,35.48,2.2,19.68,46.84,37.43,20.74
4108632566,(주)제이에이치금속,2021,성장기,0,25.99,1.9,38.9,54.41,11.75,48.84
4108632566,(주)제이에이치금속,2022,성숙기,0,44.25,0.0,54.23,36.93,17.84,50.8
4108632566,(주)제이에이치금속,2023,쇠퇴기,0,24.44,100.0,55.25,50.57,23.92,52.6
4108632566,(주)제이에이치금속,2024,조정기,0,53.17,27.2,58.94,41.28,63.03,71.76
4108635210,동진기업(주),2020,성장기,0,100.0,0.8,62.42,60.99,7.52,50.67
4108635210,동진기업(주),2021,성장기,0,25.99,1.9,38.9,54.41,1.03,45.21
4108635210,동진기업(주),2022,성장기,0,44.25,3.1,54.23,36.93,5.12,49.77
4108635210,동진기업(주),2023,성장기,0,24.44,13.2,55.25,71.27,4.5,48.55
4108635210,동진기업(주),2024,도입기,0,53.17,92.8,58.94,58.89,7.26,51.77
4108652029,(주)초이스툴링,2018,도입기,0,56.96,75.8,92.35,49.91,31.48,46.26
4108652029,(주)초이스툴링,2019,성장기,0,44.21,2.1,100.0,51.55,19.31,42.81
4108652029,(주)초이스툴링,2020,쇠퇴기,0,100.0,100.0,62.42,60.99,95.52,92.53
4108652029,(주)초이스툴링,2021,조정기,0,25.99,24.6,38.9,61.19,81.6,41.17
4108652029,(주)초이스툴링,2022,조정기,1,44.25,26.1,54.23,45.94,88.7,50.54
4108655180,(주)프라임텍,2015,성장기,0,38.29,0.0,0.0,49.87,9.01,50.22
4108655180,(주)프라임텍,2016,성숙기,0,35.48,0.0,19.68,46.84,9.42,51.08
4108655180,(주)프라임텍,2017,쇠퇴기,0,0.0,100.0,24.1,48.92,24.54,57.15
4108655180,(주)프라임텍,2018,조정기,0,56.96,38.0,92.35,53.28,92.95,85.0
4108655180,(주)프라임텍,2019,쇠퇴기,0,44.21,100.0,100.0,61.05,96.99,51.62
4108677277,(주)엠제이중공업,2015,도입기,0,38.29,65.4,0.0,49.87,37.09,50.22
4108677277,(주)엠제이중공업,2016,쇠퇴기,0,35.48,100.0,19.68,46.84,95.18,82.72
4108677277,(주)엠제이중공업,2017,도입기,0,0.0,70.3,24.1,,91.34,46.41
4108677277,(주)엠제이중공업,2018,도입기,1,56.96,75.8,92.35,,94.51,48.28
4108680976,주식회사금명하이텍,2018,성장기,0,56.96,1.0,92.35,49.91,17.38,46.26
4108680976,주식회사금명하이텍,2019,도입기,0,44.21,58.1,100.0,51.55,7.58,44.18
4108680976,주식회사금명하이텍,2020,조정기,0,100.0,22.0,62.42,60.99,91.37,96.71
4108680976,주식회사금명하이텍,2021,성장기,0,25.99,1.9,38.9,61.57,11.86,4.18
4108680976,주식회사금명하이텍,2022,성장기,0,44.25,3.1,54.23,51.38,18.03,50.85
4108680976,주식회사금명하이텍,2023,성장기,0,24.44,13.2,55.25,67.55,43.15,63.68
4108680976,주식회사금명하이텍,2024,쇠퇴기,0,53.17,100.0,58.94,54.35,87.0,74.3
4108681859,주식회사에이치피이케이,2015,성장기,0,38.29,0.0,0.0,49.87,19.83,41.67
4108681859,주식회사에이치피이케이,2016,조정기,0,35.48,33.5,19.68,46.84,18.2,49.93
4118106071,주식회사신영하이테크,2015,쇠퇴기,0,38.29,100.0,0.0,51.28,10.25,42.69
4118106071,주식회사신영하이테크,2016,성숙기,0,35.48,0.0,19.68,49.54,9.76,50.58
4118106071,주식회사신영하이테크,2017,성숙기,0,0.0,0.0,24.1,51.38,13.79,50.76
4118106071,주식회사신영하이테크,2018,성숙기,0,56.96,0.0,92.35,51.91,13.36,46.05
4118106071,주식회사신영하이테크,2019,쇠퇴기,0,44.21,100.0,100.0,52.67,12.7,49.28
4118106071,주식회사신영하이테크,2020,성숙기,0,100.0,0.0,62.42,59.82,17.68,53.39
4118106071,주식회사신영하이테크,2021,성숙기,0,25.99,0.0,38.9,57.17,17.38,48.72
4118106071,주식회사신영하이테크,2022,성숙기,0,44.25,0.0,54.23,38.48,36.87,58.58
4118106071,주식회사신영하이테크,2023,성장기,0,24.44,13.2,55.25,51.87,43.44,53.13
4118106071,주식회사신영하이테크,2024,도입기,0,53.17,92.8,58.94,41.28,14.36,34.06
4118125461,(주)한국종합기계,2018,성장기,0,56.96,1.0,92.35,49.91,18.25,46.26
4118125461,(주)한국종합기계,2019,성장기,0,44.21,2.1,100.0,51.55,5.0,42.25
4118125461,(주)한국종합기계,2020,성장기,0,100.0,0.8,62.42,60.99,65.42,83.87
4118125461,(주)한국종합기계,2021,쇠퇴기,0,25.99,100.0,38.9,50.5,84.52,59.73
4118125461,(주)한국종합기계,2022,쇠퇴기,0,44.25,100.0,54.23,34.3,42.05,21.51
4118125461,(주)한국종합기계,2023,쇠퇴기,0,24.44,100.0,55.25,46.9,37.99,47.01
4118125461,(주)한국종합기계,2024,도입기,0,53.17,92.8,58.94,37.66,73.4,69.66
4118149444,디에스중공업,2015,도입기,0,38.29,65.4,0.0,52.79,20.31,8.84
4118149444,디에스중공업,2016,도입기,0,35.48,82.9,19.68,58.92,77.92,82.49
4118149444,디에스중공업,2017,도입기,0,0.0,70.3,24.1,54.78,92.98,57.27
4118149731,지팸중공업(주),2015,조정기,0,38.29,28.5,0.0,46.36,5.21,6.35
4118149731,지팸중공업(주),2016,조정기,0,35.48,33.5,19.68,81.12,79.91,91.92
4118149731,지팸중공업(주),2017,쇠퇴기,0,0.0,100.0,24.1,74.46,92.46,55.83
4118149731,지팸중공업(주),2018,도입기,1,56.96,75.8,92.35,61.26,91.8,46.12
4118160129,주식회사대유금형,2016,성장기,0,35.48,2.2,19.68,46.84,22.45,51.01
4118160129,주식회사대유금형,2017,쇠퇴기,0,0.0,100.0,24.1,48.92,67.01,74.15
4118160129,주식회사대유금형,2018,조정기,1,56.96,38.0,92.35,49.91,76.7,51.91
4158800869,주식회사엘케이벤쳐스,2022,성장기,0,44.25,3.1,54.23,36.93,6.49,47.42
4158800869,주식회사엘케이벤쳐스,2023,성장기,0,24.44,13.2,55.25,50.57,2.15,46.4
4158800869,주식회사엘케이벤쳐스,2024,성장기,0,53.17,16.0,58.94,40.55,92.31,100.0
4168108695,(주)건우,2019,쇠퇴기,0,44.21,100.0,100.0,51.55,25.89,49.68
4168108695,(주)건우,2020,성숙기,0,100.0,0.0,62.42,60.99,27.24,51.38
4168108695,(주)건우,2021,성장기,0,25.99,1.9,38.9,54.41,20.29,44.99
4168108695,(주)건우,2022,성숙기,0,44.25,0.0,54.23,36.93,47.78,63.21
4168108695,(주)건우,2023,쇠퇴기,0,24.44,100.0,55.25,50.56,10.24,27.61
4168124448,라인호(주),2015,성숙기,0,38.29,5.6,0.0,37.87,23.4,10.17
4168124448,라인호(주),2016,쇠퇴기,0,35.48,100.0,19.68,64.68,28.97,53.88
4168124448,라인호(주),2017,성숙기,0,0.0,0.0,24.1,63.69,14.71,40.26
4168124448,라인호(주),2018,조정기,0,56.96,38.0,92.35,67.1,24.06,51.57
4168124448,라인호(주),2019,쇠퇴기,0,44.21,100.0,100.0,67.48,65.66,72.77
4168124448,라인호(주),2020,조정기,0,100.0,22.0,62.42,66.13,94.09,66.22
4168124448,라인호(주),2021,도입기,1,25.99,71.8,38.9,59.83,36.14,16.34
4168125850,(주)엠티에스,2015,도입기,0,38.29,65.4,0.0,47.35,80.77,92.16
4168125850,(주)엠티에스,2016,쇠퇴기,0,35.48,100.0,19.68,43.93,88.34,54.85
4168125850,(주)엠티에스,2017,성숙기,1,0.0,0.0,24.1,47.56,91.56,50.47
4168142844,주식회사후상,2015,쇠퇴기,0,38.29,100.0,0.0,49.87,42.81,40.66
4168142844,주식회사후상,2016,성장기,1,35.48,2.2,19.68,46.51,49.48,54.44
4168150908,(주)프롬스,2019,쇠퇴기,0,44.21,100.0,100.0,51.55,28.57,49.68
4168150908,(주)프롬스,2020,성숙기,0,100.0,0.0,62.42,60.99,53.81,64.5
4168150908,(주)프롬스,2021,조정기,0,25.99,24.6,38.9,54.41,59.12,51.94
4168150908,(주)프롬스,2022,조정기,0,44.25,26.1,54.23,36.41,42.84,37.14
4168150908,(주)프롬스,2023,조정기,0,24.44,24.8,55.25,50.08,38.77,47.01
4168150908,(주)프롬스,2024,성숙기,0,53.17,0.0,58.94,39.98,42.01,51.91
4168155034,엠티에스코리아,2017,성장기,0,0.0,1.7,24.1,48.92,20.35,48.42
4168155034,엠티에스코리아,2018,도입기,0,56.96,75.8,92.35,49.91,20.05,46.14
4168155034,엠티에스코리아,2019,쇠퇴기,0,44.21,100.0,100.0,51.55,89.51,88.28
4168157124,(주)에프엠씨,2019,성숙기,0,44.21,0.0,100.0,51.55,20.32,49.68
4168157124,(주)에프엠씨,2020,성장기,0,100.0,0.8,62.42,60.99,5.02,42.23
4168157124,(주)에프엠씨,2021,성숙기,0,25.99,0.0,38.9,54.41,0.18,46.14
4168157124,(주)에프엠씨,2022,성숙기,0,44.25,0.0,54.23,37.3,1.41,48.1
4168157124,(주)에프엠씨,2023,성숙기,0,24.44,0.0,55.25,50.84,8.08,52.74
4168157390,케이원테크(주),2019,성숙기,0,44.21,0.0,100.0,51.55,9.63,49.68
4168157390,케이원테크(주),2020,성숙기,0,100.0,0.0,62.42,60.99,1.58,46.23
4168157390,케이원테크(주),2021,성숙기,0,25.99,0.0,38.9,54.41,0.23,48.1
4168157390,케이원테크(주),2022,성숙기,0,44.25,0.0,54.23,36.82,1.57,48.17
4168170904,(주)지티이노베이션,2017,성숙기,0,0.0,0.0,24.1,48.92,24.73,48.42
4168170904,(주)지티이노베이션,2018,성장기,0,56.96,1.0,92.35,49.91,11.52,38.85
4168170904,(주)지티이노베이션,2019,성장기,0,44.21,2.1,100.0,51.55,6.17,46.68
4168170904,(주)지티이노베이션,2020,성장기,0,100.0,0.8,62.42,55.63,6.01,50.57
4168170904,(주)지티이노베이션,2021,성장기,0,25.99,1.9,38.9,47.01,83.24,92.41
4168172751,케이에스씨(주),2015,쇠퇴기,0,38.29,100.0,0.0,49.87,93.61,79.45
4168172751,케이에스씨(주),2016,도입기,1,35.48,82.9,19.68,46.84,98.78,53.5
4168174254,주식회사씨엠테크,2019,성숙기,0,44.21,0.0,100.0,51.55,10.25,49.68
4168174254,주식회사씨엠테크,2020,성숙기,0,100.0,0.0,62.42,60.99,3.84,47.13
4168174254,주식회사씨엠테크,2021,성숙기,0,25.99,0.0,38.9,54.41,2.94,48.36
4168174254,주식회사씨엠테크,2022,성숙기,0,44.25,0.0,54.23,37.04,3.99,47.96
4168185649,(주)엠에코,2017,도입기,0,0.0,70.3,24.1,48.92,14.27,48.42
4168185649,(주)엠에코,2018,쇠퇴기,0,56.96,100.0,92.35,49.91,82.34,84.79
4168185649,(주)엠에코,2019,성숙기,0,44.21,0.0,100.0,51.55,7.27,7.63
4168602207,레이저쎌(주),2021,도입기,0,25.99,71.8,38.9,54.41,37.29,48.84
4168602207,레이저쎌(주),2022,도입기,0,44.25,70.4,54.23,36.93,66.34,63.92
4168602207,레이저쎌(주),2023,도입기,1,24.44,81.1,55.25,50.57,65.86,49.39
4178109358,동산밸브주식회사,2015,쇠퇴기,0,38.29,100.0,0.0,39.49,9.57,51.24
4178109358,동산밸브주식회사,2016,쇠퇴기,0,35.48,100.0,19.68,38.99,10.5,51.36
4178109358,동산밸브주식회사,2017,쇠퇴기,0,0.0,100.0,24.1,37.62,13.7,50.28
4178109358,동산밸브주식회사,2018,성장기,0,56.96,1.0,92.35,47.84,12.68,45.71
4178109358,동산밸브주식회사,2019,조정기,0,44.21,25.7,100.0,44.8,19.67,53.54
4178109358,동산밸브주식회사,2020,조정기,0,100.0,22.0,62.42,59.68,39.14,61.34
4178111849,(주)대경엠앤아이,2020,성숙기,0,100.0,0.0,62.42,60.99,5.33,50.67
4178111849,(주)대경엠앤아이,2021,성장기,0,25.99,1.9,38.9,54.41,1.32,46.61
4178111849,(주)대경엠앤아이,2022,도입기,0,44.25,70.4,54.23,36.93,13.44,54.46
4178111849,(주)대경엠앤아이,2023,성숙기,0,24.44,0.0,55.25,49.89,0.88,41.71
4178111849,(주)대경엠앤아이,2024,성숙기,0,53.17,0.0,58.94,39.51,3.12,51.5
4178131336,(주)용호기계기술,2019,성장기,0,44.21,2.1,100.0,51.55,6.55,49.68
4178131336,(주)용호기계기술,2020,도입기,0,100.0,68.6,62.42,60.99,10.85,53.02
4178131336,(주)용호기계기술,2021,성숙기,0,25.99,0.0,38.9,54.41,7.08,46.75
4178131336,(주)용호기계기술,2022,성숙기,0,44.25,0.0,54.23,36.0,8.8,48.3
4178131336,(주)용호기계기술,2023,성숙기,0,24.44,0.0,55.25,49.89,1.75,44.86
4178131336,(주)용호기계기술,2024,성숙기,0,53.17,0.0,58.94,39.3,54.33,79.27
4188118317,주식회사한국이엔씨,2015,성숙기,0,38.29,5.6,0.0,63.97,7.93,42.78
4188118317,주식회사한국이엔씨,2016,조정기,0,35.48,33.5,19.68,50.28,4.47,48.96
4188118317,주식회사한국이엔씨,2017,조정기,0,0.0,35.9,24.1,56.45,0.27,46.0
4188118317,주식회사한국이엔씨,2018,조정기,0,56.96,38.0,92.35,62.11,4.14,48.44
4188118317,주식회사한국이엔씨,2019,성숙기,0,44.21,0.0,100.0,60.38,0.03,47.39
4188118317,주식회사한국이엔씨,2020,성숙기,0,100.0,0.0,62.42,73.22,0.14,50.72
4188118317,주식회사한국이엔씨,2021,성숙기,0,25.99,0.0,38.9,53.12,28.42,64.81
4188118317,주식회사한국이엔씨,2022,도입기,0,44.25,70.4,54.23,28.46,62.74,67.11
4188118317,주식회사한국이엔씨,2023,성숙기,0,24.44,0.0,55.25,43.74,3.14,14.96
4188118317,주식회사한국이엔씨,2024,성장기,0,53.17,16.0,58.94,35.51,0.33,48.7
4188155156,주식회사한립영남아크,2019,쇠퇴기,0,44.21,100.0,100.0,51.55,40.29,49.68
4188155156,주식회사한립영남아크,2020,성숙기,0,100.0,0.0,62.42,60.99,72.64,68.4
4188155156,주식회사한립영남아크,2021,쇠퇴기,0,25.99,100.0,38.9,54.41,5.95,11.38
4188155156,주식회사한립영남아크,2022,쇠퇴기,0,44.25,100.0,54.23,39.66,13.83,51.92
4188155156,주식회사한립영남아크,2023,쇠퇴기,0,24.44,100.0,55.25,52.5,68.03,80.54
4188155156,주식회사한립영남아크,2024,성숙기,0,53.17,0.0,58.94,43.0,54.18,42.38
4288800297,현대중공업터보기계주식회사,2017,성장기,0,0.0,1.7,24.1,48.92,4.84,48.42
4288800297,현대중공업터보기계주식회사,2018,조정기,0,56.96,38.0,92.35,49.91,8.8,48.5
4288800297,현대중공업터보기계주식회사,2019,성숙기,0,44.21,0.0,100.0,51.55,6.82,48.56
4288800297,현대중공업터보기계주식회사,2020,쇠퇴기,0,100.0,100.0,62.42,58.75,7.96,51.28
4288800297,현대중공업터보기계주식회사,2021,성숙기,0,25.99,0.0,38.9,52.31,1.45,45.2
4288800297,현대중공업터보기계주식회사,2022,조정기,0,44.25,26.1,54.23,36.51,7.26,50.77
4288800297,현대중공업터보기계주식회사,2023,성숙기,0,24.44,0.0,55.25,50.05,7.03,48.8
4288800297,현대중공업터보기계주식회사,2024,성숙기,0,53.17,0.0,58.94,40.22,1.24,47.05
4358600568,(주)엔젤로보틱스,2021,도입기,0,25.99,71.8,38.9,54.41,29.75,48.84
4358600568,(주)엔젤로보틱스,2022,쇠퇴기,0,44.25,100.0,54.23,36.93,97.08,86.41
4358600568,(주)엔젤로보틱스,2023,도입기,0,24.44,81.1,55.25,50.57,85.18,43.13
4358600568,(주)엔젤로보틱스,2024,도입기,1,53.17,92.8,58.94,27.38,68.24,40.6
4398600406,(주)케이앰이엔지,2019,성숙기,0,44.21,0.0,100.0,51.55,22.33,49.68
4398600406,(주)케이앰이엔지,2020,조정기,0,100.0,22.0,62.42,60.99,73.18,78.58
4398600406,(주)케이앰이엔지,2021,도입기,0,25.99,71.8,38.9,54.41,6.97,11.65
4398800375,(주)나우로보틱스,2021,쇠퇴기,0,25.99,100.0,38.9,54.41,14.33,48.84
4398800375,(주)나우로보틱스,2022,성장기,0,44.25,3.1,54.23,36.93,89.35,91.09
4398800375,(주)나우로보틱스,2023,도입기,0,24.44,81.1,55.25,50.57,95.88,53.75
4398800375,(주)나우로보틱스,2024,도입기,1,53.17,92.8,58.94,39.28,86.46,44.72
4428800013,주식회사탑런에이피솔루션,2022,성장기,0,44.25,3.1,54.23,36.93,3.45,47.42
4428800013,주식회사탑런에이피솔루션,2023,성장기,0,24.44,13.2,55.25,50.57,0.3,47.06
4428800013,주식회사탑런에이피솔루션,2024,성장기,0,53.17,16.0,58.94,40.55,1.18,50.75
4488600069,주식회사둘로스기업,2022,성장기,0,44.25,3.1,54.23,36.93,13.23,47.42
4488600069,주식회사둘로스기업,2023,성숙기,0,24.44,0.0,55.25,50.57,19.34,52.56
4488600069,주식회사둘로스기업,2024,성숙기,0,53.17,0.0,58.94,40.55,19.75,50.42
4598701269,(주)엠오티,2021,성장기,0,25.99,1.9,38.9,54.41,4.15,48.84
4598701269,(주)엠오티,2022,도입기,0,44.25,70.4,54.23,36.93,13.78,52.97
4598701269,(주)엠오티,2023,도입기,0,24.44,81.1,55.25,50.57,11.78,47.85
4598701269,(주)엠오티,2024,도입기,0,53.17,92.8,58.94,38.98,1.35,44.47
4608102102,크라이오에이치앤아이(주),2022,도입기,0,44.25,70.4,54.23,36.93,36.08,47.42
4608102102,크라이오에이치앤아이(주),2023,조정기,0,24.44,24.8,55.25,50.57,92.4,82.05
4608102102,크라이오에이치앤아이(주),2024,도입기,1,53.17,92.8,58.94,40.55,75.37,40.53
4688700357,(주)이에스씨에스,2019,도입기,0,44.21,58.1,100.0,51.55,24.16,49.68
4688700357,(주)이에스씨에스,2020,쇠퇴기,0,100.0,100.0,62.42,60.99,8.37,41.96
4688700357,(주)이에스씨에스,2021,성장기,0,25.99,1.9,38.9,54.41,4.86,46.9
4688700357,(주)이에스씨에스,2022,성장기,0,44.25,3.1,54.23,42.84,2.61,46.01
4688700357,(주)이에스씨에스,2023,성장기,0,24.44,13.2,55.25,55.41,6.41,51.09
4688700357,(주)이에스씨에스,2024,성장기,0,53.17,16.0,58.94,46.96,21.98,58.83
4768601419,에스엘티(주),2020,성장기,0,100.0,0.8,62.42,60.99,3.9,50.67
4768601419,에스엘티(주),2021,성장기,0,25.99,1.9,38.9,54.41,3.71,48.76
4768601419,에스엘티(주),2022,성장기,0,44.25,3.1,54.23,36.93,9.71,50.85
4778600771,한화파워주식회사,2017,조정기,0,0.0,35.9,24.1,48.92,9.21,48.42
4778600771,한화파워주식회사,2018,성숙기,0,56.96,0.0,92.35,49.91,57.12,73.37
4778600771,한화파워주식회사,2019,성숙기,0,44.21,0.0,100.0,51.55,0.56,18.02
4778600771,한화파워주식회사,2020,성숙기,0,100.0,0.0,62.42,61.12,6.97,54.19
4778600771,한화파워주식회사,2021,성숙기,0,25.99,0.0,38.9,57.46,4.13,47.27
4778600771,한화파워주식회사,2022,성장기,0,44.25,3.1,54.23,38.3,4.69,47.66
4778600771,한화파워주식회사,2023,조정기,0,24.44,24.8,55.25,51.34,4.27,48.66
4778600771,한화파워주식회사,2024,성숙기,0,53.17,0.0,58.94,40.81,4.27,50.25
4788600930,주식회사코시스,2022,성장기,0,44.25,3.1,54.23,36.93,5.1,47.42
4788600930,주식회사코시스,2023,도입기,0,24.44,81.1,55.25,50.57,5.85,49.35
4788600930,주식회사코시스,2024,성장기,0,53.17,16.0,58.94,40.55,8.07,51.47
4808100919,케이지에이(주),2022,성장기,0,44.25,3.1,54.23,36.93,10.04,47.42
4808100919,케이지에이(주),2023,도입기,0,24.44,81.1,55.25,50.57,41.33,67.17
4808100919,케이지에이(주),2024,도입기,0,53.17,92.8,58.94,40.55,7.45,31.42
4808801144,(주)피아이이,2021,성숙기,0,25.99,0.0,38.9,54.41,3.49,48.84
4808801144,(주)피아이이,2022,도입기,0,44.25,70.4,54.23,36.93,4.7,48.05
4808801144,(주)피아이이,2023,쇠퇴기,0,24.44,100.0,55.25,50.57,4.43,48.75
4808801144,(주)피아이이,2024,성숙기,0,53.17,0.0,58.94,33.33,0.18,47.91
4848100129,(주)에스이,2020,성숙기,0,100.0,0.0,62.42,60.99,3.35,50.67
4848100129,(주)에스이,2021,성장기,0,25.99,1.9,38.9,54.41,2.74,48.52
4848100129,(주)에스이,2022,성숙기,0,44.25,0.0,54.23,36.93,0.79,46.21
4848100129,(주)에스이,2023,조정기,0,24.44,24.8,55.25,45.64,0.27,48.56
4848100129,(주)에스이,2024,도입기,0,53.17,92.8,58.94,37.27,59.13,82.74
4928101833,신광피엔텍(주),2021,도입기,0,25.99,71.8,38.9,54.41,21.54,48.84
4928101833,신광피엔텍(주),2022,성숙기,0,44.25,0.0,54.23,36.93,18.04,45.07
4928101833,신광피엔텍(주),2023,성숙기,0,24.44,0.0,55.25,50.57,8.08,43.28
4928101833,신광피엔텍(주),2024,성숙기,0,53.17,0.0,58.94,40.35,2.61,47.22
4938102117,에이치디현대사이트솔루션주식회사,2022,성숙기,0,44.25,0.0,54.23,36.93,10.43,47.42
4938102117,에이치디현대사이트솔루션주식회사,2023,성숙기,0,24.44,0.0,55.25,50.57,0.76,43.35
4938102117,에이치디현대사이트솔루션주식회사,2024,성숙기,0,53.17,0.0,58.94,40.55,0.77,50.27
4958800337,(주)저스템,2018,성장기,0,56.96,1.0,92.35,49.91,3.63,46.26
4958800337,(주)저스템,2019,성숙기,0,44.21,0.0,100.0,51.55,0.42,47.89
4958800337,(주)저스템,2020,성숙기,0,100.0,0.0,62.42,60.99,0.05,50.46
4958800337,(주)저스템,2021,성숙기,0,25.99,0.0,38.9,48.49,0.39,49.06
4958800337,(주)저스템,2022,성장기,0,44.25,3.1,54.23,33.26,0.12,47.22
4958800337,(주)저스템,2023,성장기,0,24.44,13.2,55.25,45.65,72.87,91.16
4958800337,(주)저스템,2024,성숙기,0,53.17,0.0,58.94,37.05,70.63,48.77
5018120018,주식회사대주기계,2015,성숙기,0,38.29,5.6,0.0,96.75,0.13,46.73
5018120018,주식회사대주기계,2016,성장기,0,35.48,2.2,19.68,46.59,4.1,53.06
5018120018,주식회사대주기계,2017,도입기,0,0.0,70.3,24.1,50.92,6.12,49.59
5018120018,주식회사대주기계,2018,성숙기,0,56.96,0.0,92.35,53.14,0.69,43.2
5018120018,주식회사대주기계,2019,성장기,0,44.21,2.1,100.0,46.9,16.8,58.65
5018120018,주식회사대주기계,2020,성장기,0,100.0,0.8,62.42,72.89,90.84,91.34
5018120018,주식회사대주기계,2021,성장기,0,25.99,1.9,38.9,71.93,93.75,50.65
5018120018,주식회사대주기계,2022,쇠퇴기,1,44.25,100.0,54.23,40.33,54.99,23.57
5028104699,주식회사케이.피.씨,2015,성장기,0,38.29,0.0,0.0,41.11,1.83,34.38
5028104699,주식회사케이.피.씨,2016,성숙기,0,35.48,0.0,19.68,56.87,20.87,61.33
5028104699,주식회사케이.피.씨,2017,쇠퇴기,0,0.0,100.0,24.1,56.42,72.53,78.24
5028104699,주식회사케이.피.씨,2018,성숙기,0,56.96,0.0,92.35,54.46,41.2,28.73
5028104699,주식회사케이.피.씨,2019,성숙기,0,44.21,0.0,100.0,46.03,1.48,27.44
5028104699,주식회사케이.피.씨,2020,성숙기,0,100.0,0.0,62.42,60.3,50.79,77.76
5028104699,주식회사케이.피.씨,2021,도입기,0,25.99,71.8,38.9,57.08,62.9,55.77
5028104699,주식회사케이.피.씨,2022,도입기,0,44.25,70.4,54.23,39.29,44.67,35.95
5028104699,주식회사케이.피.씨,2023,도입기,0,24.44,81.1,55.25,52.41,76.87,68.13
5028104699,주식회사케이.피.씨,2024,도입기,0,53.17,92.8,58.94,42.33,40.45,29.89
5028125656,범양공조산업(주),2015,쇠퇴기,0,38.29,100.0,0.0,67.19,5.96,53.04
5028125656,범양공조산업(주),2016,성숙기,0,35.48,0.0,19.68,49.32,4.42,50.01
5028125656,범양공조산업(주),2017,도입기,0,0.0,70.3,24.1,48.79,5.89,49.27
5028125656,범양공조산업(주),2018,성장기,0,56.96,1.0,92.35,45.19,40.18,65.66
5028125656,범양공조산업(주),2019,쇠퇴기,0,44.21,100.0,100.0,52.41,30.1,43.94
5028125656,범양공조산업(주),2020,성장기,0,100.0,0.8,62.42,60.93,4.3,36.45
5028125656,범양공조산업(주),2021,성숙기,0,25.99,0.0,38.9,51.64,11.69,53.03
5028125656,범양공조산업(주),2022,성숙기,0,44.25,0.0,54.23,32.74,50.0,69.65
5028125656,범양공조산업(주),2023,성숙기,0,24.44,0.0,55.25,46.94,40.77,44.1
5028125656,범양공조산업(주),2024,성장기,1,53.17,16.0,58.94,38.43,50.62,55.55
5028128139,주식회사은일,2015,성숙기,0,38.29,5.6,0.0,46.64,0.75,49.15
5028128139,주식회사은일,2016,성숙기,0,35.48,0.0,19.68,46.29,0.01,50.47
5028128139,주식회사은일,2017,성숙기,0,0.0,0.0,24.1,48.2,4.26,50.86
5028128139,주식회사은일,2018,성장기,0,56.96,1.0,92.35,47.66,0.76,44.28
5028128139,주식회사은일,2019,성장기,0,44.21,2.1,100.0,44.01,1.24,49.96
5028128139,주식회사은일,2020,성장기,0,100.0,0.8,62.42,60.71,43.31,73.78
5028128139,주식회사은일,2021,조정기,0,25.99,24.6,38.9,56.31,1.76,25.5
5028128139,주식회사은일,2022,조정기,0,44.25,26.1,54.23,39.85,0.14,46.42
5028128139,주식회사은일,2023,조정기,0,24.44,24.8,55.25,53.34,10.9,55.11
5028128139,주식회사은일,2024,조정기,0,53.17,27.2,58.94,43.57,20.78,55.68
5028134062,(주)오에스티,2017,도입기,0,0.0,70.3,24.1,48.92,13.67,48.42
5028134062,(주)오에스티,2018,조정기,0,56.96,38.0,92.35,49.91,0.66,38.93
5028134062,(주)오에스티,2019,성숙기,0,44.21,0.0,100.0,51.55,0.35,49.52
5028134062,(주)오에스티,2020,쇠퇴기,0,100.0,100.0,62.42,66.97,28.98,66.4
5028134062,(주)오에스티,2021,쇠퇴기,0,25.99,100.0,38.9,66.13,78.38,76.76
5028134062,(주)오에스티,2022,쇠퇴기,0,44.25,100.0,54.23,38.3,88.68,52.45
5028134062,(주)오에스티,2023,쇠퇴기,1,24.44,100.0,55.25,50.97,94.35,53.25
5028168558,(주)제이에스코리아,2016,조정기,0,35.48,33.5,19.68,46.84,5.83,51.01
5028168558,(주)제이에스코리아,2017,쇠퇴기,0,0.0,100.0,24.1,48.92,69.67,85.22
5028168558,(주)제이에스코리아,2018,도입기,0,56.96,75.8,92.35,49.91,44.88,32.42
5028168558,(주)제이에스코리아,2019,성숙기,0,44.21,0.0,100.0,62.94,10.34,30.31
5038102302,대원기계공업(주),2015,성숙기,0,38.29,5.6,0.0,0.0,37.65,64.68
5038102302,대원기계공업(주),2016,조정기,0,35.48,33.5,19.68,27.65,22.91,42.69
5038102302,대원기계공업(주),2017,도입기,0,0.0,70.3,24.1,28.88,73.86,77.83
5038102302,대원기계공업(주),2018,성숙기,0,56.96,0.0,92.35,31.76,70.87,44.76
5038102302,대원기계공업(주),2019,성숙기,0,44.21,0.0,100.0,40.72,32.0,27.81
5038102302,대원기계공업(주),2020,성숙기,0,100.0,0.0,62.42,56.59,22.47,45.39
5038102302,대원기계공업(주),2021,성숙기,0,25.99,0.0,38.9,52.13,70.45,75.95
5038102302,대원기계공업(주),2022,쇠퇴기,0,44.25,100.0,54.23,34.44,49.48,34.25
5038102302,대원기계공업(주),2023,조정기,0,24.44,24.8,55.25,48.39,57.09,53.89
5038102302,대원기계공업(주),2024,성숙기,0,53.17,0.0,58.94,38.85,68.95,56.6
5038108155,(주)화신테크,2021,조정기,0,25.99,24.6,38.9,54.41,38.33,48.84
5038108155,(주)화신테크,2022,도입기,0,44.25,70.4,54.23,36.93,81.94,72.42
5038108155,(주)화신테크,2023,쇠퇴기,1,24.44,100.0,55.25,50.57,80.37,48.95
5038108664,화성밸브(주),2015,성숙기,0,38.29,5.6,0.0,47.13,0.88,50.51
5038108664,화성밸브(주),2016,성숙기,0,35.48,0.0,19.68,42.27,5.03,53.16
5038108664,화성밸브(주),2017,도입기,0,0.0,70.3,24.1,45.57,5.01,48.41
5038108664,화성밸브(주),2018,성장기,0,56.96,1.0,92.35,47.98,4.53,45.99
5038108664,화성밸브(주),2019,성장기,0,44.21,2.1,100.0,47.14,0.33,47.34
5038108664,화성밸브(주),2020,성장기,0,100.0,0.8,62.42,59.03,11.17,56.62
5038108664,화성밸브(주),2021,성장기,0,25.99,1.9,38.9,54.85,6.66,46.34
5038108664,화성밸브(주),2022,쇠퇴기,0,44.25,100.0,54.23,39.03,6.02,46.93
5038108664,화성밸브(주),2023,성숙기,0,24.44,0.0,55.25,52.26,0.3,45.59
5038108664,화성밸브(주),2024,성장기,0,53.17,16.0,58.94,41.89,1.22,50.77
5038109042,송마디엠씨주식회사,2015,성장기,1,38.29,0.0,0.0,48.61,89.26,55.56
5038110869,삼익티에이치케이(주),2015,성숙기,0,38.29,5.6,0.0,59.16,0.85,50.14
5038110869,삼익티에이치케이(주),2016,성숙기,0,35.48,0.0,19.68,56.32,4.91,53.1
5038110869,삼익티에이치케이(주),2017,성장기,0,0.0,1.7,24.1,58.17,0.26,45.74
5038110869,삼익티에이치케이(주),2018,성장기,0,56.96,1.0,92.35,60.01,1.08,46.71
5038110869,삼익티에이치케이(주),2019,성장기,0,44.21,2.1,100.0,61.0,22.31,61.51
5038110869,삼익티에이치케이(주),2020,성숙기,0,100.0,0.0,62.42,67.17,23.69,51.4
5038110869,삼익티에이치케이(주),2021,성숙기,0,25.99,0.0,38.9,56.46,1.86,36.59
5038110869,삼익티에이치케이(주),2022,성숙기,0,44.25,0.0,54.23,39.05,8.83,51.44
5038110869,삼익티에이치케이(주),2023,성장기,0,24.44,13.2,55.25,52.22,69.86,84.45
5038110869,삼익티에이치케이(주),2024,성숙기,0,53.17,0.0,58.94,42.08,78.1,54.56
5038111626,(주)한국소방기구제작소,2015,성숙기,0,38.29,5.6,0.0,56.09,6.99,52.46
5038111626,(주)한국소방기구제작소,2016,성숙기,0,35.48,0.0,19.68,48.06,9.04,51.98
5038111626,(주)한국소방기구제작소,2017,성장기,0,0.0,1.7,24.1,49.26,8.25,47.98
5038111626,(주)한국소방기구제작소,2018,성장기,0,56.96,1.0,92.35,50.83,7.81,46.03
5038111626,(주)한국소방기구제작소,2019,성장기,0,44.21,2.1,100.0,49.95,7.47,49.48
5038111626,(주)한국소방기구제작소,2020,성장기,0,100.0,0.8,62.42,63.87,4.36,48.94
5038111626,(주)한국소방기구제작소,2021,성장기,0,25.99,1.9,38.9,57.94,25.47,60.77
5038111626,(주)한국소방기구제작소,2022,도입기,0,44.25,70.4,54.23,37.66,46.55,59.41
5038111626,(주)한국소방기구제작소,2023,도입기,0,24.44,81.1,55.25,51.11,5.31,25.43
5038111626,(주)한국소방기구제작소,2024,도입기,0,53.17,92.8,58.94,40.8,1.82,48.32
5038113094,(주)금강밸브,2015,성숙기,0,38.29,5.6,0.0,3.76,0.8,24.54
5038113094,(주)금강밸브,2016,성숙기,0,35.48,0.0,19.68,60.09,0.49,50.7
5038113094,(주)금강밸브,2017,성숙기,0,0.0,0.0,24.1,59.53,32.1,66.63
5038113094,(주)금강밸브,2018,도입기,0,56.96,75.8,92.35,52.63,64.57,64.7
5038113094,(주)금강밸브,2019,성장기,0,44.21,2.1,100.0,58.09,34.77,32.89
5038113094,(주)금강밸브,2020,조정기,0,100.0,22.0,62.42,68.95,33.22,49.77
5038113094,(주)금강밸브,2021,쇠퇴기,0,25.99,100.0,38.9,56.29,52.61,59.85
5038113094,(주)금강밸브,2022,성숙기,0,44.25,0.0,54.23,39.16,60.5,51.36
5038113094,(주)금강밸브,2023,조정기,0,24.44,24.8,55.25,52.49,21.7,27.03
5038113094,(주)금강밸브,2024,성숙기,0,53.17,0.0,58.94,40.35,13.16,45.48
5038113624,(주)동방플랜텍,2015,성숙기,0,38.29,5.6,0.0,49.68,18.85,38.83
5038113624,(주)동방플랜텍,2016,성숙기,0,35.48,0.0,19.68,53.41,11.3,46.68
5038113624,(주)동방플랜텍,2017,성숙기,0,0.0,0.0,24.1,56.29,43.46,66.97
5038113624,(주)동방플랜텍,2018,도입기,0,56.96,75.8,92.35,54.81,59.68,55.54
5038113624,(주)동방플랜텍,2019,도입기,0,44.21,58.1,100.0,54.19,18.65,26.65
5038113624,(주)동방플랜텍,2020,도입기,0,100.0,68.6,62.42,61.52,48.03,66.8
5038113624,(주)동방플랜텍,2021,성숙기,0,25.99,0.0,38.9,55.51,48.79,49.36
5038113624,(주)동방플랜텍,2022,성숙기,1,44.25,0.0,54.23,37.53,45.54,44.89
5038118105,주식회사대화산기,2015,성장기,0,38.29,0.0,0.0,39.69,28.18,59.12
5038118105,주식회사대화산기,2016,성장기,0,35.48,2.2,19.68,60.61,5.87,38.54
5038118105,주식회사대화산기,2017,성장기,0,0.0,1.7,24.1,62.23,6.46,48.77
5038118105,주식회사대화산기,2018,성장기,0,56.96,1.0,92.35,60.3,39.54,64.97
5038118105,주식회사대화산기,2019,성장기,0,44.21,2.1,100.0,62.51,89.42,77.32
5038118105,주식회사대화산기,2020,도입기,0,100.0,68.6,62.42,69.82,34.36,20.31
5038118105,주식회사대화산기,2021,조정기,0,25.99,24.6,38.9,48.16,13.02,36.89
5038118105,주식회사대화산기,2022,성숙기,0,44.25,0.0,54.23,41.17,12.23,46.76
5038118105,주식회사대화산기,2023,쇠퇴기,0,24.44,100.0,55.25,53.95,8.1,46.59
5038118105,주식회사대화산기,2024,성숙기,0,53.17,0.0,58.94,43.51,0.4,45.99
5038120163,거산산업(주),2017,성장기,0,0.0,1.7,24.1,48.92,3.6,48.42
5038120163,거산산업(주),2018,도입기,0,56.96,75.8,92.35,49.91,5.32,47.23
5038120163,거산산업(주),2019,조정기,0,44.21,25.7,100.0,51.55,4.35,49.13
5038120163,거산산업(주),2020,조정기,0,100.0,22.0,62.42,64.56,2.81,49.82
5038120163,거산산업(주),2021,조정기,0,25.99,24.6,38.9,56.77,38.31,68.88
5038120163,거산산업(주),2022,성숙기,0,44.25,0.0,54.23,45.44,51.51,54.64
5038120163,거산산업(주),2023,쇠퇴기,0,24.44,100.0,55.25,57.15,59.94,54.39
5038120163,거산산업(주),2024,조정기,0,53.17,27.2,58.94,46.27,25.9,31.27
5038120386,영진하이테크주식회사,2015,도입기,0,38.29,65.4,0.0,47.61,21.35,47.28
5038120386,영진하이테크주식회사,2016,도입기,0,35.48,82.9,19.68,51.34,15.48,47.6
5038120386,영진하이테크주식회사,2017,도입기,0,0.0,70.3,24.1,52.17,99.01,96.6
5038120386,영진하이테크주식회사,2018,조정기,0,56.96,38.0,92.35,48.33,97.63,45.73
5038120386,영진하이테크주식회사,2019,쇠퇴기,1,44.21,100.0,100.0,50.22,97.36,49.21
5038121288,씨엠티(주),2019,성숙기,0,44.21,0.0,100.0,51.55,5.0,49.68
5038121288,씨엠티(주),2020,성장기,0,100.0,0.8,62.42,60.99,0.09,47.96
5038121288,씨엠티(주),2021,조정기,0,25.99,24.6,38.9,54.41,1.57,49.7
5038123194,서창전기통신(주),2018,도입기,0,56.96,75.8,92.35,49.91,8.18,46.26
5038123194,서창전기통신(주),2019,성장기,0,44.21,2.1,100.0,51.55,62.16,79.71
5038123194,서창전기통신(주),2020,도입기,0,100.0,68.6,62.42,60.99,86.73,64.1
5038123194,서창전기통신(주),2021,조정기,0,25.99,24.6,38.9,52.59,0.39,0.32
5038123194,서창전기통신(주),2022,성숙기,0,44.25,0.0,54.23,40.22,1.58,48.08
5038123194,서창전기통신(주),2023,도입기,0,24.44,81.1,55.25,54.3,51.84,78.1
5038123194,서창전기통신(주),2024,도입기,0,53.17,92.8,58.94,43.5,36.73,41.74
5038123762,(주)삼성정공,2015,쇠퇴기,0,38.29,100.0,0.0,35.31,65.04,81.3
5038123762,(주)삼성정공,2016,쇠퇴기,0,35.48,100.0,19.68,51.51,1.42,15.76
5038123762,(주)삼성정공,2017,성숙기,0,0.0,0.0,24.1,53.24,1.6,48.52
5038123762,(주)삼성정공,2018,성숙기,0,56.96,0.0,92.35,52.22,1.81,46.38
5038123762,(주)삼성정공,2019,성장기,0,44.21,2.1,100.0,49.62,0.87,49.16
5038123762,(주)삼성정공,2020,성숙기,0,100.0,0.0,62.42,59.3,9.73,55.54
5038123762,(주)삼성정공,2021,성숙기,0,25.99,0.0,38.9,54.03,0.62,43.74
5038123762,(주)삼성정공,2022,성숙기,0,44.25,0.0,54.23,39.09,0.85,47.51
5038123762,(주)삼성정공,2023,성숙기,0,24.44,0.0,55.25,52.38,0.13,48.44
5038123762,(주)삼성정공,2024,성숙기,0,53.17,0.0,58.94,41.75,0.36,50.39
5038128637,(주)로얄정공,2015,성숙기,0,38.29,5.6,0.0,48.11,0.35,50.13
5038128637,(주)로얄정공,2016,성숙기,0,35.48,0.0,19.68,60.96,0.21,50.79
5038128637,(주)로얄정공,2017,성숙기,0,0.0,0.0,24.1,61.39,3.05,50.05
5038128637,(주)로얄정공,2018,성장기,0,56.96,1.0,92.35,58.3,2.36,45.87
5038128637,(주)로얄정공,2019,성숙기,0,44.21,0.0,100.0,54.33,3.66,50.41
5038128637,(주)로얄정공,2020,성장기,0,100.0,0.8,62.42,60.63,0.1,48.71
5038128637,(주)로얄정공,2021,조정기,0,25.99,24.6,38.9,54.34,0.23,48.93
5038128637,(주)로얄정공,2022,성숙기,0,44.25,0.0,54.23,36.17,0.14,47.33
5038128637,(주)로얄정공,2023,조정기,0,24.44,24.8,55.25,49.89,0.67,49.16
5038128637,(주)로얄정공,2024,성숙기,0,53.17,0.0,58.94,40.14,0.48,50.16
5038131016,(주)제이브이엠,2015,성숙기,0,38.29,5.6,0.0,50.76,2.71,50.83
5038131016,(주)제이브이엠,2016,성장기,0,35.48,2.2,19.68,46.33,1.34,50.11
5038131016,(주)제이브이엠,2017,성숙기,0,0.0,0.0,24.1,48.72,1.53,48.52
5038131016,(주)제이브이엠,2018,성숙기,0,56.96,0.0,92.35,49.64,1.42,46.19
5038131016,(주)제이브이엠,2019,성숙기,0,44.21,0.0,100.0,51.9,1.36,49.65
5038131016,(주)제이브이엠,2020,성숙기,0,100.0,0.0,62.42,60.17,0.99,50.46
5038131016,(주)제이브이엠,2021,성숙기,0,25.99,0.0,38.9,53.42,1.01,48.88
5038131016,(주)제이브이엠,2022,성장기,0,44.25,3.1,54.23,35.61,0.66,47.16
5038131016,(주)제이브이엠,2023,성숙기,0,24.44,0.0,55.25,49.46,0.44,48.73
5038131016,(주)제이브이엠,2024,성숙기,0,53.17,0.0,58.94,39.61,0.44,50.26
5038131812,(주)삼정산업,2015,성장기,0,38.29,0.0,0.0,78.09,11.68,47.98
5038131812,(주)삼정산업,2016,성숙기,0,35.48,0.0,19.68,40.23,78.4,87.52
5038131812,(주)삼정산업,2017,도입기,0,0.0,70.3,24.1,39.9,27.35,19.16
5038131812,(주)삼정산업,2018,성장기,0,56.96,1.0,92.35,46.18,22.97,43.85
5038131812,(주)삼정산업,2019,성숙기,0,44.21,0.0,100.0,47.69,19.02,47.42
5038131812,(주)삼정산업,2020,도입기,0,100.0,68.6,62.42,54.19,96.71,93.34
5038131812,(주)삼정산업,2021,쇠퇴기,0,25.99,100.0,38.9,56.06,91.93,46.32
5038131812,(주)삼정산업,2022,성숙기,0,44.25,0.0,54.23,34.91,13.48,0.37
5038131812,(주)삼정산업,2023,도입기,0,24.44,81.1,55.25,49.01,19.22,52.35
5038131812,(주)삼정산업,2024,도입기,0,53.17,92.8,58.94,39.19,23.17,52.38
5038132806,(주)성훈,2015,성장기,0,38.29,0.0,0.0,49.87,2.92,50.22
5038132806,(주)성훈,2016,성숙기,0,35.48,0.0,19.68,44.14,41.41,72.03
5038132806,(주)성훈,2017,성장기,0,0.0,1.7,24.1,45.7,68.77,64.27
5038132806,(주)성훈,2018,성장기,0,56.96,1.0,92.35,43.67,27.21,22.93
5038132806,(주)성훈,2019,성장기,0,44.21,2.1,100.0,35.49,19.86,45.51
5038132806,(주)성훈,2020,성장기,0,100.0,0.8,62.42,51.62,80.75,84.11
5038132806,(주)성훈,2021,쇠퇴기,0,25.99,100.0,38.9,57.15,77.02,46.89
5038132806,(주)성훈,2022,성장기,1,44.25,3.1,54.23,42.31,81.81,49.25
5038133649,(주)삼우농기,2015,성숙기,0,38.29,5.6,0.0,57.01,0.19,48.26
5038133649,(주)삼우농기,2016,성숙기,0,35.48,0.0,19.68,50.23,4.52,53.25
5038133649,(주)삼우농기,2017,성장기,0,0.0,1.7,24.1,51.93,0.47,46.09
5038133649,(주)삼우농기,2018,성숙기,0,56.96,0.0,92.35,51.35,0.33,46.17
5038133649,(주)삼우농기,2019,성숙기,0,44.21,0.0,100.0,50.85,0.17,49.6
5038133649,(주)삼우농기,2020,성숙기,0,100.0,0.0,62.42,57.97,2.0,51.67
5038133649,(주)삼우농기,2021,성숙기,0,25.99,0.0,38.9,51.4,5.36,50.76
5038133649,(주)삼우농기,2022,성숙기,0,44.25,0.0,54.23,38.83,0.44,44.44
5038133649,(주)삼우농기,2023,성숙기,0,24.44,0.0,55.25,52.01,0.49,48.88
5038133649,(주)삼우농기,2024,성숙기,0,53.17,0.0,58.94,41.88,3.59,51.97
5038135123,(주)비엠아이,2015,쇠퇴기,0,38.29,100.0,0.0,49.11,3.33,49.11
5038135123,(주)비엠아이,2016,조정기,0,35.48,33.5,19.68,45.0,7.72,53.28
5038135123,(주)비엠아이,2017,조정기,0,0.0,35.9,24.1,45.84,10.49,50.03
5038135123,(주)비엠아이,2018,조정기,0,56.96,38.0,92.35,47.09,79.96,85.56
5038135123,(주)비엠아이,2019,도입기,0,44.21,58.1,100.0,54.1,41.8,28.18
5038135123,(주)비엠아이,2020,도입기,0,100.0,68.6,62.42,60.43,83.66,73.63
5038135123,(주)비엠아이,2021,도입기,0,25.99,71.8,38.9,51.11,14.64,10.08
5038135123,(주)비엠아이,2022,쇠퇴기,0,44.25,100.0,54.23,37.12,26.42,54.1
5038135123,(주)비엠아이,2023,성장기,0,24.44,13.2,55.25,50.71,15.13,42.61
5038135123,(주)비엠아이,2024,도입기,0,53.17,92.8,58.94,40.74,18.81,52.24
5038143827,(주)아바코,2015,조정기,0,38.29,28.5,0.0,78.69,4.27,52.2
5038143827,(주)아바코,2016,조정기,0,35.48,33.5,19.68,48.12,4.87,51.19
5038143827,(주)아바코,2017,조정기,0,0.0,35.9,24.1,52.69,28.83,62.23
5038143827,(주)아바코,2018,쇠퇴기,0,56.96,100.0,92.35,50.95,5.07,32.89
5038143827,(주)아바코,2019,성숙기,0,44.21,0.0,100.0,48.33,0.42,47.09
5038143827,(주)아바코,2020,성숙기,0,100.0,0.0,62.42,62.06,0.15,50.52
5038143827,(주)아바코,2021,성숙기,0,25.99,0.0,38.9,57.1,4.33,51.22
5038143827,(주)아바코,2022,쇠퇴기,0,44.25,100.0,54.23,36.33,4.75,47.57
5038143827,(주)아바코,2023,성장기,0,24.44,13.2,55.25,50.05,16.21,55.57
5038143827,(주)아바코,2024,도입기,0,53.17,92.8,58.94,40.47,5.13,44.09
5038144961,대신로보트(주),2016,성숙기,0,35.48,0.0,19.68,46.84,3.32,51.01
5038144961,대신로보트(주),2017,성숙기,0,0.0,0.0,24.1,48.92,1.61,47.43
5038144961,대신로보트(주),2018,성숙기,0,56.96,0.0,92.35,49.91,88.42,95.35
5038146033,주식회사에이앤티,2015,성장기,0,38.29,0.0,0.0,49.87,6.56,50.22
5038146033,주식회사에이앤티,2016,성장기,0,35.48,2.2,19.68,46.84,12.78,54.28
5038146033,주식회사에이앤티,2017,성장기,0,0.0,1.7,24.1,48.92,16.11,50.36
5038146033,주식회사에이앤티,2018,성장기,0,56.96,1.0,92.35,55.63,40.08,59.85
5038146033,주식회사에이앤티,2019,조정기,0,44.21,25.7,100.0,46.18,38.75,48.82
5038146033,주식회사에이앤티,2020,쇠퇴기,0,100.0,100.0,62.42,54.01,80.91,73.79
5038146033,주식회사에이앤티,2021,성숙기,0,25.99,0.0,38.9,53.57,90.79,54.56
5038146033,주식회사에이앤티,2022,성숙기,0,44.25,0.0,54.23,36.4,17.47,3.38
5038146033,주식회사에이앤티,2023,성숙기,0,24.44,0.0,55.25,50.14,11.05,45.33
5038146033,주식회사에이앤티,2024,성숙기,0,53.17,0.0,58.94,39.75,30.99,61.23
5038152160,(주)대성하이텍,2015,도입기,0,38.29,65.4,0.0,64.19,14.06,35.1
5038152160,(주)대성하이텍,2016,성숙기,0,35.48,0.0,19.68,53.65,5.81,46.31
5038152160,(주)대성하이텍,2017,성숙기,0,0.0,0.0,24.1,54.52,7.33,49.3
5038152160,(주)대성하이텍,2018,성숙기,0,56.96,0.0,92.35,54.7,12.09,48.96
5038152160,(주)대성하이텍,2019,도입기,0,44.21,58.1,100.0,53.83,14.63,51.06
5038152160,(주)대성하이텍,2020,성숙기,0,100.0,0.0,62.42,65.21,72.97,82.71
5038152160,(주)대성하이텍,2021,성숙기,0,25.99,0.0,38.9,57.4,15.87,16.78
5038152160,(주)대성하이텍,2022,성숙기,0,44.25,0.0,54.23,43.41,12.51,45.22
5038152160,(주)대성하이텍,2023,도입기,0,24.44,81.1,55.25,55.82,83.37,90.21
5038152160,(주)대성하이텍,2024,성장기,0,53.17,16.0,58.94,45.41,87.38,52.17
5038157582,씨아이에스(주),2016,성숙기,0,35.48,0.0,19.68,46.84,4.75,51.01
5038160700,(주)청송엔지니어링,2019,조정기,0,44.21,25.7,100.0,51.55,3.97,49.68
5038160700,(주)청송엔지니어링,2020,성장기,0,100.0,0.8,62.42,60.99,43.63,72.46
5038160700,(주)청송엔지니어링,2021,조정기,0,25.99,24.6,38.9,54.41,80.65,69.81
5038160700,(주)청송엔지니어링,2022,성장기,0,44.25,3.1,54.23,35.29,2.36,0.6
5038160700,(주)청송엔지니어링,2023,조정기,0,24.44,24.8,55.25,51.53,25.24,62.18
5038161000,씨티에스(주),2017,성숙기,0,0.0,0.0,24.1,48.92,3.74,48.42
5038161000,씨티에스(주),2018,쇠퇴기,0,56.96,100.0,92.35,49.91,6.9,48.05
5038161000,씨티에스(주),2019,조정기,0,44.21,25.7,100.0,51.55,0.09,45.88
5038161000,씨티에스(주),2020,조정기,0,100.0,22.0,62.42,57.77,21.26,62.3
5038161000,씨티에스(주),2021,조정기,0,25.99,24.6,38.9,52.51,48.31,64.15
5038161000,씨티에스(주),2022,성숙기,0,44.25,0.0,54.23,31.64,5.52,21.76
5038161000,씨티에스(주),2023,조정기,0,24.44,24.8,55.25,47.27,70.14,86.5
5038161000,씨티에스(주),2024,조정기,0,53.17,27.2,58.94,38.16,72.46,51.28
5038162620,삼익에이치디에스주식회사,2015,성숙기,0,38.29,5.6,0.0,60.03,0.27,50.09
5038162620,삼익에이치디에스주식회사,2016,성숙기,0,35.48,0.0,19.68,53.36,4.08,52.97
5038162620,삼익에이치디에스주식회사,2017,조정기,0,0.0,35.9,24.1,56.24,0.15,46.15
5038162620,삼익에이치디에스주식회사,2018,성장기,0,56.96,1.0,92.35,58.85,5.86,49.48
5038162620,삼익에이치디에스주식회사,2019,성숙기,0,44.21,0.0,100.0,60.19,0.66,46.78
5038162620,삼익에이치디에스주식회사,2020,성숙기,0,100.0,0.0,62.42,67.03,0.4,50.52
5038162620,삼익에이치디에스주식회사,2021,성숙기,0,25.99,0.0,38.9,59.86,0.41,48.87
5038162620,삼익에이치디에스주식회사,2022,성숙기,0,44.25,0.0,54.23,39.05,0.54,47.45
5038162620,삼익에이치디에스주식회사,2023,성숙기,0,24.44,0.0,55.25,52.26,0.54,48.85
5038162620,삼익에이치디에스주식회사,2024,성숙기,0,53.17,0.0,58.94,42.22,0.54,50.27
5038164797,(주)에이비프로바이오,2015,성장기,0,38.29,0.0,0.0,42.06,6.66,50.91
5038164797,(주)에이비프로바이오,2016,쇠퇴기,0,35.48,100.0,19.68,35.83,52.44,76.02
5038164797,(주)에이비프로바이오,2017,쇠퇴기,0,0.0,100.0,24.1,35.1,90.57,70.51
5038164797,(주)에이비프로바이오,2018,쇠퇴기,0,56.96,100.0,92.35,38.37,87.55,44.78
5038164797,(주)에이비프로바이오,2019,성장기,1,44.21,2.1,100.0,41.46,91.97,51.85
5038170187,주식회사벤텍(BenTech.Inc),2015,성장기,0,38.29,0.0,0.0,49.87,15.2,50.22
5038170187,주식회사벤텍(BenTech.Inc),2016,성장기,0,35.48,2.2,19.68,46.84,9.86,47.91
5038170187,주식회사벤텍(BenTech.Inc),2017,성장기,0,0.0,1.7,24.1,48.92,6.07,46.25
5038170187,주식회사벤텍(BenTech.Inc),2018,성장기,0,56.96,1.0,92.35,37.0,26.12,57.6
5038170187,주식회사벤텍(BenTech.Inc),2019,성숙기,0,44.21,0.0,100.0,57.45,22.93,47.82
5038170187,주식회사벤텍(BenTech.Inc),2020,성숙기,0,100.0,0.0,62.42,66.66,13.78,45.61
5038170187,주식회사벤텍(BenTech.Inc),2021,성장기,0,25.99,1.9,38.9,61.65,6.6,44.84
5038170187,주식회사벤텍(BenTech.Inc),2022,성숙기,0,44.25,0.0,54.23,44.84,8.64,48.49
5038170187,주식회사벤텍(BenTech.Inc),2023,성숙기,0,24.44,0.0,55.25,57.07,7.4,48.24
5038170187,주식회사벤텍(BenTech.Inc),2024,성숙기,0,53.17,0.0,58.94,45.55,12.93,53.29
5038173054,(주)성호하이텍,2022,성장기,0,44.25,3.1,54.23,36.93,32.03,47.42
5038173054,(주)성호하이텍,2023,성장기,0,24.44,13.2,55.25,50.57,22.87,43.92
5038173054,(주)성호하이텍,2024,성장기,0,53.17,16.0,58.94,40.55,79.52,81.44
5038174747,에스제이이노테크,2015,도입기,0,38.29,65.4,0.0,50.21,78.78,77.44
5038174747,에스제이이노테크,2016,성장기,1,35.48,2.2,19.68,49.17,88.93,56.27
5038175163,(주)부명,2017,성장기,0,0.0,1.7,24.1,48.92,35.62,48.42
5038175163,(주)부명,2018,성숙기,0,56.96,0.0,92.35,49.91,16.11,35.31
5038175163,(주)부명,2019,조정기,0,44.21,25.7,100.0,51.55,81.87,86.24
5038179951,주식회사용진,2017,성숙기,0,0.0,0.0,24.1,48.92,31.27,48.42
5038179951,주식회사용진,2018,성숙기,0,56.96,0.0,92.35,49.91,12.97,35.99
5038179951,주식회사용진,2019,성숙기,0,44.21,0.0,100.0,51.55,76.72,85.13
5038179951,주식회사용진,2021,성장기,0,25.99,1.9,38.9,52.38,15.95,48.84
5038179951,주식회사용진,2022,성장기,0,44.25,3.1,54.23,33.8,16.82,47.7
5038179951,주식회사용진,2023,성장기,0,24.44,13.2,55.25,46.48,7.22,43.47
5038179951,주식회사용진,2024,성숙기,0,53.17,0.0,58.94,34.41,1.55,47.11
5038185074,와이제이링크(주),2015,도입기,0,38.29,65.4,0.0,49.87,8.08,49.66
5038185074,와이제이링크(주),2016,도입기,0,35.48,82.9,19.68,53.97,5.7,49.55
5038185074,와이제이링크(주),2017,성장기,0,0.0,1.7,24.1,53.22,5.87,48.52
5038185074,와이제이링크(주),2018,도입기,0,56.96,75.8,92.35,58.16,10.64,48.96
5038185074,와이제이링크(주),2019,성장기,0,44.21,2.1,100.0,55.77,5.14,46.59
5038185074,와이제이링크(주),2020,도입기,0,100.0,68.6,62.42,62.85,79.34,91.44
5038185074,와이제이링크(주),2021,쇠퇴기,0,25.99,100.0,38.9,62.45,12.15,11.11
5038185074,와이제이링크(주),2022,성장기,0,44.25,3.1,54.23,53.56,6.33,43.83
5038185074,와이제이링크(주),2023,성숙기,0,24.44,0.0,55.25,64.17,5.06,48.18
5038185074,와이제이링크(주),2024,도입기,0,53.17,92.8,58.94,52.0,70.68,86.45
5038187029,주식회사케이아이티,2020,성숙기,0,100.0,0.0,62.42,60.99,3.34,50.67
5038187029,주식회사케이아이티,2021,성장기,0,25.99,1.9,38.9,54.41,94.03,100.0
5038187029,주식회사케이아이티,2022,도입기,0,44.25,70.4,54.23,36.93,89.68,43.69
5038187029,주식회사케이아이티,2023,도입기,1,24.44,81.1,55.25,49.39,90.91,50.68
5038197740,주식회사일진,2019,성장기,0,44.21,2.1,100.0,51.55,7.79,49.68
5038197740,주식회사일진,2020,성장기,0,100.0,0.8,62.42,60.99,7.11,50.28
5038197740,주식회사일진,2021,성장기,0,25.99,1.9,38.9,54.41,9.51,50.22
5038197740,주식회사일진,2022,성장기,0,44.25,3.1,54.23,35.99,7.68,46.2
5038197740,주식회사일진,2023,성숙기,0,24.44,0.0,55.25,50.26,15.21,53.32
5038197740,주식회사일진,2024,조정기,0,53.17,27.2,58.94,40.79,87.23,89.95
5038603456,주식회사에스씨피,2015,성장기,0,38.29,0.0,0.0,49.87,30.2,60.01
5038603456,주식회사에스씨피,2016,조정기,0,35.48,33.5,19.68,37.45,30.47,50.95
5038603456,주식회사에스씨피,2017,성장기,0,0.0,1.7,24.1,42.68,23.66,44.55
5038603456,주식회사에스씨피,2018,조정기,0,56.96,38.0,92.35,42.98,15.62,41.77
5038603456,주식회사에스씨피,2019,성장기,0,44.21,2.1,100.0,47.87,14.63,49.09
5038603456,주식회사에스씨피,2020,조정기,0,100.0,22.0,62.42,58.27,52.15,71.27
5038603456,주식회사에스씨피,2021,조정기,0,25.99,24.6,38.9,53.72,35.59,39.61
5038605721,유엔디,2022,도입기,0,44.25,70.4,54.23,36.93,26.58,47.42
5038605721,유엔디,2023,도입기,0,24.44,81.1,55.25,50.57,18.24,44.32
5038605721,유엔디,2024,도입기,1,53.17,92.8,58.94,40.55,46.86,65.99
5038607108,주식회사화신테크티피,2015,도입기,0,38.29,65.4,0.0,49.87,78.23,74.4
5038607108,주식회사화신테크티피,2016,도입기,0,35.48,82.9,19.68,46.84,88.3,56.22
5038607108,주식회사화신테크티피,2017,쇠퇴기,1,0.0,100.0,24.1,64.3,95.81,52.94
5048100821,금용기계주식회사,2015,성장기,0,38.29,0.0,0.0,46.13,8.87,44.33
5048100821,금용기계주식회사,2016,조정기,0,35.48,33.5,19.68,47.76,0.81,46.42
5048100821,금용기계주식회사,2017,성숙기,0,0.0,0.0,24.1,49.89,64.18,84.94
5048100821,금용기계주식회사,2018,쇠퇴기,0,56.96,100.0,92.35,48.9,77.17,53.77
5048100821,금용기계주식회사,2019,도입기,0,44.21,58.1,100.0,51.54,9.37,11.69
5048100821,금용기계주식회사,2020,성숙기,0,100.0,0.0,62.42,56.7,1.13,46.13
5048100821,금용기계주식회사,2021,성장기,0,25.99,1.9,38.9,51.37,2.63,49.71
5048100821,금용기계주식회사,2022,성장기,0,44.25,3.1,54.23,35.12,8.19,50.6
5048100821,금용기계주식회사,2023,성장기,0,24.44,13.2,55.25,49.12,2.81,45.82
5048100821,금용기계주식회사,2024,성장기,0,53.17,16.0,58.94,39.23,0.11,48.77
5048104185,(주)대원지에스아이,2015,쇠퇴기,0,38.29,100.0,0.0,56.12,68.89,86.95
5048104185,(주)대원지에스아이,2016,성숙기,0,35.48,0.0,19.68,48.56,4.61,15.39
5048104185,(주)대원지에스아이,2017,성장기,0,0.0,1.7,24.1,52.38,12.93,53.22
5048104185,(주)대원지에스아이,2018,성장기,0,56.96,1.0,92.35,54.51,7.66,43.3
5048104185,(주)대원지에스아이,2019,성장기,0,44.21,2.1,100.0,53.94,7.49,49.57
5048104185,(주)대원지에스아이,2020,쇠퇴기,0,100.0,100.0,62.42,60.59,60.9,80.01
5048104185,(주)대원지에스아이,2021,성숙기,0,25.99,0.0,38.9,56.2,13.7,22.35
5048104185,(주)대원지에스아이,2022,조정기,0,44.25,26.1,54.23,40.14,14.69,47.79
5048104185,(주)대원지에스아이,2023,조정기,0,24.44,24.8,55.25,53.09,12.22,47.6
5048104185,(주)대원지에스아이,2024,조정기,0,53.17,27.2,58.94,42.32,74.07,84.35
5048115358,(주)하나에프엠케이,2015,조정기,0,38.29,28.5,0.0,54.11,6.16,45.13
5048115358,(주)하나에프엠케이,2016,성숙기,0,35.48,0.0,19.68,54.21,3.64,49.47
5048115358,(주)하나에프엠케이,2017,성숙기,0,0.0,0.0,24.1,61.9,1.03,46.91
5048115358,(주)하나에프엠케이,2018,성숙기,0,56.96,0.0,92.35,54.81,15.94,54.69
5048115358,(주)하나에프엠케이,2019,성숙기,0,44.21,0.0,100.0,55.58,16.31,49.84
5048115358,(주)하나에프엠케이,2020,조정기,0,100.0,22.0,62.42,57.41,63.66,76.67
5048115358,(주)하나에프엠케이,2021,성숙기,0,25.99,0.0,38.9,57.1,57.55,45.52
5048122427,주식회사와이.엠.피,2015,성숙기,1,38.29,5.6,0.0,49.52,51.67,55.45
5048122674,주식회사구일엔지니어링,2015,성숙기,0,38.29,5.6,0.0,69.14,72.88,80.3
5048122674,주식회사구일엔지니어링,2016,조정기,0,35.48,33.5,19.68,25.05,2.24,11.88
5048122674,주식회사구일엔지니어링,2017,성장기,0,0.0,1.7,24.1,27.98,9.5,52.6
5048122674,주식회사구일엔지니어링,2018,성장기,0,56.96,1.0,92.35,39.01,6.48,44.56
5048122674,주식회사구일엔지니어링,2019,성장기,0,44.21,2.1,100.0,41.99,1.07,46.66
5048122674,주식회사구일엔지니어링,2020,성장기,0,100.0,0.8,62.42,67.64,7.41,54.15
5048122674,주식회사구일엔지니어링,2021,성장기,0,25.99,1.9,38.9,63.61,10.77,50.77
5048122674,주식회사구일엔지니어링,2022,성장기,0,44.25,3.1,54.23,48.14,7.02,45.05
5048122674,주식회사구일엔지니어링,2023,성장기,0,24.44,13.2,55.25,59.55,0.47,45.12
5048122674,주식회사구일엔지니어링,2024,성장기,0,53.17,16.0,58.94,47.81,4.43,52.45
5048129769,미래공조플랜트(주),2015,성장기,0,38.29,0.0,0.0,49.87,6.74,50.22
5048129769,미래공조플랜트(주),2016,성장기,0,35.48,2.2,19.68,46.84,7.04,51.02
5048129769,미래공조플랜트(주),2017,성장기,0,0.0,1.7,24.1,48.92,77.13,88.83
5048135674,(주)덕산코트랜,2015,쇠퇴기,0,38.29,100.0,0.0,51.14,12.8,47.58
5048135674,(주)덕산코트랜,2016,성장기,0,35.48,2.2,19.68,48.59,11.18,49.95
5048135674,(주)덕산코트랜,2017,도입기,0,0.0,70.3,24.1,50.54,49.53,70.55
5048135674,(주)덕산코트랜,2018,성장기,0,56.96,1.0,92.35,49.83,16.8,27.87
5048135674,(주)덕산코트랜,2019,도입기,0,44.21,58.1,100.0,49.08,9.48,45.56
5048135674,(주)덕산코트랜,2020,도입기,0,100.0,68.6,62.42,60.23,58.05,77.35
5048135674,(주)덕산코트랜,2021,도입기,0,25.99,71.8,38.9,55.34,59.05,49.52
5048135674,(주)덕산코트랜,2022,도입기,0,44.25,70.4,54.23,40.48,27.15,28.0
5048135674,(주)덕산코트랜,2023,성숙기,0,24.44,0.0,55.25,53.55,5.98,36.87
5048135674,(주)덕산코트랜,2024,조정기,0,53.17,27.2,58.94,42.82,9.68,52.28
5048137293,(주)코디마,2015,쇠퇴기,0,38.29,100.0,0.0,49.87,18.26,50.22
5048137293,(주)코디마,2016,성장기,0,35.48,2.2,19.68,46.84,71.43,80.06
5048137293,(주)코디마,2017,쇠퇴기,0,0.0,100.0,24.1,48.92,34.64,27.36
5048137293,(주)코디마,2018,쇠퇴기,0,56.96,100.0,92.35,34.31,93.58,79.67
5048137293,(주)코디마,2019,쇠퇴기,0,44.21,100.0,100.0,53.13,93.6,49.38
5048137293,(주)코디마,2020,성숙기,1,100.0,0.0,62.42,60.0,99.81,53.98
5048150108,(주)우성티오티,2015,성장기,0,38.29,0.0,0.0,49.87,5.38,50.22
5048150108,(주)우성티오티,2016,성장기,0,35.48,2.2,19.68,46.84,2.84,49.47
5048150108,(주)우성티오티,2017,성장기,0,0.0,1.7,24.1,48.92,6.84,50.72
5048150108,(주)우성티오티,2018,성장기,0,56.96,1.0,92.35,57.78,60.69,76.72
5048150108,(주)우성티오티,2019,성장기,0,44.21,2.1,100.0,50.72,88.89,65.18
5048150108,(주)우성티오티,2020,성장기,0,100.0,0.8,62.42,59.31,90.97,51.72
5048150108,(주)우성티오티,2021,조정기,1,25.99,24.6,38.9,54.91,92.82,50.05
5048152765,주식회사영호엔지니어링,2016,조정기,0,35.48,33.5,19.68,46.84,3.58,51.01
5048152765,주식회사영호엔지니어링,2017,조정기,0,0.0,35.9,24.1,48.92,0.84,46.84
5048152765,주식회사영호엔지니어링,2018,조정기,0,56.96,38.0,92.35,49.91,0.64,46.14
5048152765,주식회사영호엔지니어링,2019,성장기,0,44.21,2.1,100.0,55.1,0.17,49.43
5048152765,주식회사영호엔지니어링,2020,쇠퇴기,0,100.0,100.0,62.42,68.84,70.72,89.44
5048152765,주식회사영호엔지니어링,2021,조정기,0,25.99,24.6,38.9,78.71,15.86,18.04
5048152765,주식회사영호엔지니어링,2022,조정기,0,44.25,26.1,54.23,81.81,56.74,71.1
5048152765,주식회사영호엔지니어링,2023,조정기,0,24.44,24.8,55.25,86.4,59.52,51.17
5048152765,주식회사영호엔지니어링,2024,성숙기,1,53.17,0.0,58.94,70.22,62.06,51.45
5048163485,(주)유일엔지니어링,2017,성장기,0,0.0,1.7,24.1,48.92,3.71,48.42
5048163485,(주)유일엔지니어링,2018,성장기,0,56.96,1.0,92.35,49.91,4.5,46.71
5048163485,(주)유일엔지니어링,2019,성장기,0,44.21,2.1,100.0,51.55,90.08,97.31
5048163485,(주)유일엔지니어링,2020,조정기,0,100.0,22.0,62.42,68.07,98.03,54.94
5048163485,(주)유일엔지니어링,2021,쇠퇴기,1,25.99,100.0,38.9,67.66,92.48,45.89
5048168699,상신이엔지주식회사,2015,조정기,0,38.29,28.5,0.0,25.66,0.16,46.38
5048168699,상신이엔지주식회사,2016,조정기,0,35.48,33.5,19.68,54.24,3.78,52.86
5048168699,상신이엔지주식회사,2017,성숙기,0,0.0,0.0,24.1,54.14,0.22,46.37
5048168699,상신이엔지주식회사,2018,성숙기,0,56.96,0.0,92.35,58.34,3.14,47.91
5048168699,상신이엔지주식회사,2019,성숙기,0,44.21,0.0,100.0,58.01,0.38,48.14
5048168699,상신이엔지주식회사,2020,성숙기,0,100.0,0.0,62.42,68.34,44.87,75.12
5048168699,상신이엔지주식회사,2021,성숙기,0,25.99,0.0,38.9,67.23,16.85,33.14
5048168699,상신이엔지주식회사,2022,쇠퇴기,0,44.25,100.0,54.23,47.47,33.02,56.64
5048168699,상신이엔지주식회사,2023,조정기,0,24.44,24.8,55.25,59.15,5.17,33.06
5048168699,상신이엔지주식회사,2024,성숙기,0,53.17,0.0,58.94,47.07,2.64,48.85
5048182347,(주)S-Tech,2015,쇠퇴기,0,38.29,100.0,0.0,75.5,67.77,52.59
5048182347,(주)S-Tech,2016,쇠퇴기,0,35.48,100.0,19.68,,38.05,34.38
5048182347,(주)S-Tech,2017,쇠퇴기,0,0.0,100.0,24.1,58.72,2.8,28.18
5048182347,(주)S-Tech,2018,성장기,0,56.96,1.0,92.35,60.67,0.33,44.86
5048182347,(주)S-Tech,2019,성장기,0,44.21,2.1,100.0,28.2,5.96,52.82
5048182347,(주)S-Tech,2020,성숙기,0,100.0,0.0,62.42,69.1,2.0,48.49
5048182347,(주)S-Tech,2021,성장기,0,25.99,1.9,38.9,60.55,0.46,47.99
5048182347,(주)S-Tech,2022,성장기,0,44.25,3.1,54.23,27.93,0.45,47.38
5048182347,(주)S-Tech,2023,성장기,0,24.44,13.2,55.25,43.34,7.1,52.72
5048182347,(주)S-Tech,2024,성장기,0,53.17,16.0,58.94,36.43,0.09,46.37
5048185188,(주)민스타,2015,쇠퇴기,1,38.29,100.0,0.0,44.03,91.3,50.4
5048185330,(주)티플러스,2021,성장기,0,25.99,1.9,38.9,54.41,12.52,48.84
5048185330,(주)티플러스,2022,성장기,0,44.25,3.1,54.23,36.93,11.36,46.55
5048185330,(주)티플러스,2023,성장기,0,24.44,13.2,55.25,50.57,5.38,45.51
5048185330,(주)티플러스,2024,성장기,0,53.17,16.0,58.94,39.27,6.7,50.97
5048185489,주식회사케이에프씨티,2019,도입기,0,44.21,58.1,100.0,51.55,11.86,49.68
5048185489,주식회사케이에프씨티,2020,성숙기,0,100.0,0.0,62.42,60.99,8.77,48.96
5048185489,주식회사케이에프씨티,2021,성장기,0,25.99,1.9,38.9,54.41,10.89,50.07
5048185489,주식회사케이에프씨티,2022,성장기,0,44.25,3.1,54.23,36.69,10.23,46.86
5048185489,주식회사케이에프씨티,2023,성장기,0,24.44,13.2,55.25,50.91,21.32,55.43
5048185489,주식회사케이에프씨티,2024,조정기,0,53.17,27.2,58.94,41.79,20.04,49.48
5048196195,주식회사일송엔지니어링,2017,성장기,0,0.0,1.7,24.1,48.92,13.8,48.42
5048196195,주식회사일송엔지니어링,2018,성장기,0,56.96,1.0,92.35,49.91,21.07,50.4
5048196195,주식회사일송엔지니어링,2019,성장기,0,44.21,2.1,100.0,51.55,91.7,88.93
5048196195,주식회사일송엔지니어링,2020,성장기,0,100.0,0.8,62.42,63.26,97.84,53.94
5048600049,에이스툴주식회사,2022,도입기,0,44.25,70.4,54.23,36.93,15.05,47.42
5048600049,에이스툴주식회사,2023,도입기,0,24.44,81.1,55.25,50.57,10.68,46.5
5048600049,에이스툴주식회사,2024,도입기,0,53.17,92.8,58.94,40.55,11.55,50.7
5048600428,주식회사홍성엔지니어링,2018,조정기,0,56.96,38.0,92.35,49.91,10.47,46.26
5048600428,주식회사홍성엔지니어링,2019,도입기,0,44.21,58.1,100.0,51.55,65.59,80.34
5048600428,주식회사홍성엔지니어링,2020,성숙기,0,100.0,0.0,62.42,60.99,68.43,52.16
5048600428,주식회사홍성엔지니어링,2021,도입기,1,25.99,71.8,38.9,57.62,92.94,62.79
5048607299,(주)무진산업,2018,성장기,0,56.96,1.0,92.35,49.91,20.7,46.26
5048607299,(주)무진산업,2019,도입기,0,44.21,58.1,100.0,51.55,25.43,52.25
5048607299,(주)무진산업,2020,성숙기,0,100.0,0.0,62.42,60.99,8.24,41.2
5048607299,(주)무진산업,2021,도입기,0,25.99,71.8,38.9,40.94,20.61,55.85
5048607299,(주)무진산업,2022,도입기,0,44.25,70.4,54.23,28.3,80.64,82.25
5048607299,(주)무진산업,2023,도입기,0,24.44,81.1,55.25,39.72,97.4,59.59
5048618933,(주)덕산이노스,2017,성장기,0,0.0,1.7,24.1,48.92,26.48,48.42
5048618933,(주)덕산이노스,2018,성숙기,0,56.96,0.0,92.35,49.91,46.47,57.62
5048618933,(주)덕산이노스,2019,성숙기,0,44.21,0.0,100.0,51.55,32.66,41.85
5048618933,(주)덕산이노스,2024,성숙기,0,53.17,0.0,58.94,42.6,25.43,50.27
5058107623,(주)화신엔지니어링,2018,조정기,0,56.96,38.0,92.35,49.91,15.58,46.26
5058107623,(주)화신엔지니어링,2019,성장기,0,44.21,2.1,100.0,51.55,80.79,85.93
5058107623,(주)화신엔지니어링,2020,조정기,0,100.0,22.0,62.42,60.99,12.13,12.84
5058107623,(주)화신엔지니어링,2021,조정기,0,25.99,24.6,38.9,57.04,39.2,64.14
5058107623,(주)화신엔지니어링,2022,조정기,0,44.25,26.1,54.23,37.43,8.37,28.87
5058107623,(주)화신엔지니어링,2023,도입기,0,24.44,81.1,55.25,51.46,40.46,67.62
5058107623,(주)화신엔지니어링,2024,성장기,0,53.17,16.0,58.94,41.35,63.51,62.84
5058109785,대웅산업(주),2015,쇠퇴기,0,38.29,100.0,0.0,42.59,5.79,44.43
5058109785,대웅산업(주),2016,성숙기,0,35.48,0.0,19.68,50.67,8.19,52.18
5058109785,대웅산업(주),2017,조정기,0,0.0,35.9,24.1,53.25,11.92,50.58
5058109785,대웅산업(주),2018,성숙기,0,56.96,0.0,92.35,55.21,50.46,68.08
5058109785,대웅산업(주),2019,성숙기,0,44.21,0.0,100.0,55.64,26.25,36.04
5058109785,대웅산업(주),2020,성숙기,0,100.0,0.0,62.42,63.74,4.44,38.65
5058109785,대웅산업(주),2023,성숙기,0,24.44,0.0,55.25,51.6,37.87,48.85
5058109785,대웅산업(주),2024,성숙기,0,53.17,0.0,58.94,41.57,42.35,52.59
5058110958,정도산업주식회사,2015,도입기,0,38.29,65.4,0.0,46.77,84.4,87.29
5058110958,정도산업주식회사,2016,도입기,0,35.48,82.9,19.68,47.28,5.49,7.31
5058110958,정도산업주식회사,2017,조정기,0,0.0,35.9,24.1,50.61,30.34,62.75
5058110958,정도산업주식회사,2018,쇠퇴기,0,56.96,100.0,92.35,51.93,95.67,83.27
5058110958,정도산업주식회사,2019,쇠퇴기,0,44.21,100.0,100.0,51.88,97.49,50.38
5058111582,한맥기연(주),2015,성숙기,0,38.29,5.6,0.0,49.87,2.46,46.14
5058111582,한맥기연(주),2017,성장기,0,0.0,1.7,24.1,50.66,61.8,48.42
5058111582,한맥기연(주),2018,성장기,0,56.96,1.0,92.35,48.97,54.72,42.41
5058111582,한맥기연(주),2019,성장기,1,44.21,2.1,100.0,50.85,82.23,64.81
5058127008,삼동메탈주식회사,2015,성장기,0,38.29,0.0,0.0,55.0,20.95,60.84
5058127008,삼동메탈주식회사,2016,성장기,0,35.48,2.2,19.68,44.82,47.37,65.35
5058127008,삼동메탈주식회사,2017,쇠퇴기,0,0.0,100.0,24.1,47.32,90.13,73.17
5058127008,삼동메탈주식회사,2018,쇠퇴기,0,56.96,100.0,92.35,43.93,91.86,47.46
5058127008,삼동메탈주식회사,2019,쇠퇴기,1,44.21,100.0,100.0,44.35,92.54,49.76
5058135094,(주)S&WIND,2015,성숙기,0,38.29,5.6,0.0,0.22,4.82,52.05
5058135094,(주)S&WIND,2016,성숙기,0,35.48,0.0,19.68,39.57,1.69,49.14
5058135094,(주)S&WIND,2017,성숙기,0,0.0,0.0,24.1,38.0,49.1,75.74
5058135094,(주)S&WIND,2018,성장기,0,56.96,1.0,92.35,38.23,62.11,53.74
5058135094,(주)S&WIND,2019,도입기,0,44.21,58.1,100.0,32.27,5.77,18.13
5058135094,(주)S&WIND,2020,성숙기,0,100.0,0.0,62.42,51.14,5.11,50.3
5058135094,(주)S&WIND,2021,성숙기,0,25.99,0.0,38.9,53.51,15.32,54.63
5058135094,(주)S&WIND,2022,성숙기,0,44.25,0.0,54.23,34.75,7.82,42.81
5058135094,(주)S&WIND,2023,성숙기,0,24.44,0.0,55.25,48.63,10.7,50.62
5058135094,(주)S&WIND,2024,성숙기,0,53.17,0.0,58.94,38.3,25.77,58.54
5058149623,(주)에스아이시,2015,도입기,0,38.29,65.4,0.0,75.71,70.52,89.75
5058149623,(주)에스아이시,2016,쇠퇴기,0,35.48,100.0,19.68,34.56,16.25,20.88
5058149623,(주)에스아이시,2017,도입기,0,0.0,70.3,24.1,39.21,91.11,91.61
5058149623,(주)에스아이시,2018,조정기,0,56.96,38.0,92.35,41.48,96.97,49.8
5058149623,(주)에스아이시,2019,조정기,0,44.21,25.7,100.0,54.55,55.19,26.1
5058149623,(주)에스아이시,2020,조정기,0,100.0,22.0,62.42,55.01,46.9,46.05
5058149623,(주)에스아이시,2021,조정기,0,25.99,24.6,38.9,51.77,49.82,50.58
5058149623,(주)에스아이시,2022,조정기,0,44.25,26.1,54.23,33.15,44.19,43.48
5058149623,(주)에스아이시,2023,성숙기,0,24.44,0.0,55.25,47.66,9.83,29.41
5058149623,(주)에스아이시,2024,도입기,0,53.17,92.8,58.94,36.36,13.11,52.04
5058153113,(주)티에스티,2015,조정기,0,38.29,28.5,0.0,45.7,98.36,65.02
5058158646,서한엔티엔베어링(주),2015,쇠퇴기,0,38.29,100.0,0.0,50.0,73.02,49.94
5058158646,서한엔티엔베어링(주),2016,쇠퇴기,0,35.48,100.0,19.68,53.21,76.19,52.45
5058158646,서한엔티엔베어링(주),2017,쇠퇴기,0,0.0,100.0,24.1,71.53,82.82,52.4
5058158646,서한엔티엔베어링(주),2018,조정기,0,56.96,38.0,92.35,65.13,65.67,36.77
5058158646,서한엔티엔베어링(주),2019,쇠퇴기,0,44.21,100.0,100.0,58.77,88.2,62.01
5058158646,서한엔티엔베어링(주),2020,도입기,0,100.0,68.6,62.42,88.56,88.87,50.94
5058158646,서한엔티엔베어링(주),2021,성숙기,0,25.99,0.0,38.9,76.97,69.71,38.2
5058158646,서한엔티엔베어링(주),2022,성장기,1,44.25,3.1,54.23,55.97,66.29,44.54
5058161137,(주)세인,2015,도입기,0,38.29,65.4,0.0,49.87,93.61,60.4
5058161781,주식회사신우지엠티,2015,도입기,1,38.29,65.4,0.0,40.77,98.63,53.27
5058169497,아펙스(주),2015,성장기,0,38.29,0.0,0.0,60.36,17.4,24.76
5058169497,아펙스(주),2016,조정기,0,35.48,33.5,19.68,39.57,15.92,50.03
5058171353,주식회사선우,2015,성장기,0,38.29,0.0,0.0,49.87,6.06,50.22
5058171353,주식회사선우,2016,성장기,0,35.48,2.2,19.68,46.84,1.86,48.55
5058171353,주식회사선우,2017,성장기,0,0.0,1.7,24.1,48.92,17.83,57.62
5058171353,주식회사선우,2018,도입기,0,56.96,75.8,92.35,57.87,11.56,42.75
5058171353,주식회사선우,2019,도입기,0,44.21,58.1,100.0,33.38,87.32,91.82
5058171353,주식회사선우,2020,도입기,0,100.0,68.6,62.42,61.21,88.63,51.29
5058171353,주식회사선우,2021,쇠퇴기,1,25.99,100.0,38.9,60.55,92.62,51.25
5058171713,케이제이플랜텍(주),2019,성숙기,0,44.21,0.0,100.0,51.55,10.42,49.68
5058171713,케이제이플랜텍(주),2020,도입기,0,100.0,68.6,62.42,60.99,86.5,92.47
5058171713,케이제이플랜텍(주),2021,성숙기,0,25.99,0.0,38.9,54.41,13.85,8.04
5058171713,케이제이플랜텍(주),2022,도입기,0,44.25,70.4,54.23,34.55,43.62,64.63
5058171713,케이제이플랜텍(주),2023,성장기,0,24.44,13.2,55.25,49.12,18.04,34.51
5058171713,케이제이플랜텍(주),2024,도입기,0,53.17,92.8,58.94,38.96,20.07,51.32
5058173628,대린테크(주),2020,도입기,0,100.0,68.6,62.42,60.99,8.67,50.67
5058173628,대린테크(주),2021,성장기,0,25.99,1.9,38.9,54.41,3.56,46.0
5058173628,대린테크(주),2022,성숙기,0,44.25,0.0,54.23,36.93,29.13,62.3
5058173628,대린테크(주),2023,성장기,0,24.44,13.2,55.25,49.82,72.22,74.27
5058173628,대린테크(주),2024,성장기,0,53.17,16.0,58.94,39.79,58.75,42.57
5058177338,주식회사유케이로보틱스,2020,성장기,0,100.0,0.8,62.42,60.99,18.51,50.67
5058177338,주식회사유케이로보틱스,2021,쇠퇴기,0,25.99,100.0,38.9,54.41,97.05,93.17
5058177338,주식회사유케이로보틱스,2022,성숙기,0,44.25,0.0,54.23,36.93,48.1,17.57
5058177338,주식회사유케이로보틱스,2023,쇠퇴기,0,24.44,100.0,55.25,47.2,100.0,79.63
5058183048,주식회사엠제이,2020,성장기,0,100.0,0.8,62.42,60.99,9.0,50.67
5058183048,주식회사엠제이,2021,성숙기,0,25.99,0.0,38.9,54.41,15.65,52.63
5058183048,주식회사엠제이,2022,성장기,0,44.25,3.1,54.23,36.93,21.5,50.61
5058183048,주식회사엠제이,2023,쇠퇴기,0,24.44,100.0,55.25,53.04,37.1,58.19
5058183048,주식회사엠제이,2024,성장기,0,53.17,16.0,58.94,43.21,32.09,47.37
5068100564,(주)티씨씨한진,2015,조정기,0,38.29,28.5,0.0,53.13,26.36,57.09
5068100564,(주)티씨씨한진,2016,조정기,0,35.48,33.5,19.68,46.14,14.85,44.49
5068100564,(주)티씨씨한진,2017,성숙기,0,0.0,0.0,24.1,48.34,12.06,46.83
5068100564,(주)티씨씨한진,2018,조정기,0,56.96,38.0,92.35,49.4,15.79,48.39
5068100564,(주)티씨씨한진,2019,조정기,0,44.21,25.7,100.0,50.05,15.85,49.67
5068100564,(주)티씨씨한진,2020,조정기,0,100.0,22.0,62.42,60.64,72.22,81.63
5068100564,(주)티씨씨한진,2021,성장기,0,25.99,1.9,38.9,54.17,25.4,22.58
5068100564,(주)티씨씨한진,2022,조정기,0,44.25,26.1,54.23,36.7,20.46,44.18
5068100661,참엔지니어링(주),2015,조정기,0,38.29,28.5,0.0,75.67,48.52,36.46
5068100661,참엔지니어링(주),2016,쇠퇴기,0,35.48,100.0,19.68,61.78,27.41,39.16
5068100661,참엔지니어링(주),2017,조정기,0,0.0,35.9,24.1,61.42,14.95,41.29
5068100661,참엔지니어링(주),2018,쇠퇴기,0,56.96,100.0,92.35,62.11,41.15,61.11
5068100661,참엔지니어링(주),2019,쇠퇴기,0,44.21,100.0,100.0,62.21,86.4,74.73
5068100661,참엔지니어링(주),2020,쇠퇴기,0,100.0,100.0,62.42,72.68,39.37,24.73
5068100661,참엔지니어링(주),2021,쇠퇴기,0,25.99,100.0,38.9,55.34,73.75,68.31
5068100661,참엔지니어링(주),2022,조정기,0,44.25,26.1,54.23,34.95,72.25,45.6
5068100661,참엔지니어링(주),2023,도입기,1,24.44,81.1,55.25,48.85,87.2,58.43
5068103580,신일인텍주식회사,2015,성숙기,0,38.29,5.6,0.0,35.05,0.66,50.26
5068103580,신일인텍주식회사,2016,성숙기,0,35.48,0.0,19.68,49.52,22.79,63.03
5068103580,신일인텍주식회사,2017,조정기,0,0.0,35.9,24.1,49.3,15.15,44.06
5068103580,신일인텍주식회사,2018,조정기,0,56.96,38.0,92.35,52.85,1.79,38.73
5068103580,신일인텍주식회사,2019,조정기,0,44.21,25.7,100.0,51.61,0.32,48.87
5068103580,신일인텍주식회사,2020,조정기,0,100.0,22.0,62.42,59.79,1.68,51.41
5068103580,신일인텍주식회사,2021,조정기,0,25.99,24.6,38.9,54.94,0.23,48.05
5068103580,신일인텍주식회사,2022,조정기,0,44.25,26.1,54.23,40.57,5.82,50.65
5068103580,신일인텍주식회사,2023,조정기,0,24.44,24.8,55.25,53.45,0.54,45.85
5068103580,신일인텍주식회사,2024,성장기,0,53.17,16.0,58.94,41.76,0.4,50.19
5068104221,(주)대주기공,2015,성숙기,0,38.29,5.6,0.0,55.52,0.59,50.37
5068104221,(주)대주기공,2016,성숙기,0,35.48,0.0,19.68,44.93,0.66,50.91
5068104221,(주)대주기공,2017,성숙기,0,0.0,0.0,24.1,44.84,34.39,67.85
5068104221,(주)대주기공,2018,성숙기,0,56.96,0.0,92.35,46.48,5.61,30.07
5068104221,(주)대주기공,2019,쇠퇴기,0,44.21,100.0,100.0,45.12,48.17,73.36
5068104221,(주)대주기공,2020,성장기,0,100.0,0.8,62.42,54.42,31.69,41.56
5068104221,(주)대주기공,2021,성숙기,0,25.99,0.0,38.9,52.07,62.25,66.14
5068104221,(주)대주기공,2022,성숙기,0,44.25,0.0,54.23,34.2,32.55,29.25
5068104221,(주)대주기공,2023,성숙기,0,24.44,0.0,55.25,48.38,5.6,33.58
5068104221,(주)대주기공,2024,성장기,0,53.17,16.0,58.94,38.19,46.13,72.61
5068115918,(주)성진이앤아이,2015,성숙기,0,38.29,5.6,0.0,53.84,0.69,50.41
5068115918,(주)성진이앤아이,2023,성숙기,0,24.44,0.0,55.25,45.8,0.09,48.85
5068115918,(주)성진이앤아이,2024,성숙기,0,53.17,0.0,58.94,30.54,0.16,50.3
5068116620,(주)티시테크,2015,쇠퇴기,0,38.29,100.0,0.0,48.35,83.05,65.75
5068116620,(주)티시테크,2016,조정기,1,35.48,33.5,19.68,42.54,89.14,54.03
5068123984,(주)범비에스티,2015,쇠퇴기,0,38.29,100.0,0.0,42.79,65.65,70.5
5068123984,(주)범비에스티,2016,쇠퇴기,0,35.48,100.0,19.68,48.45,22.95,27.25
5068123984,(주)범비에스티,2017,조정기,0,0.0,35.9,24.1,51.25,3.83,37.44
5068123984,(주)범비에스티,2018,조정기,0,56.96,38.0,92.35,56.73,6.43,47.73
5068123984,(주)범비에스티,2019,조정기,0,44.21,25.7,100.0,53.02,10.07,51.69
5068123984,(주)범비에스티,2020,성숙기,0,100.0,0.0,62.42,66.07,4.95,47.84
5068123984,(주)범비에스티,2021,도입기,0,25.99,71.8,38.9,59.04,72.64,87.03
5068123984,(주)범비에스티,2022,성숙기,0,44.25,0.0,54.23,35.02,48.87,32.59
5068131655,(주)와이펙,2015,성숙기,0,38.29,5.6,0.0,13.79,49.73,78.05
5068131655,(주)와이펙,2016,조정기,0,35.48,33.5,19.68,24.04,54.43,53.35
5068132770,(주)린도,2015,성숙기,0,38.29,5.6,0.0,49.42,1.37,39.72
5068132770,(주)린도,2016,쇠퇴기,0,35.48,100.0,19.68,55.06,17.29,59.62
5068132770,(주)린도,2017,쇠퇴기,0,0.0,100.0,24.1,51.72,22.19,51.27
5068132770,(주)린도,2018,쇠퇴기,0,56.96,100.0,92.35,52.96,33.36,52.63
5068132770,(주)린도,2019,성숙기,0,44.21,0.0,100.0,54.13,16.56,40.23
5068132770,(주)린도,2020,성숙기,0,100.0,0.0,62.42,56.44,45.61,66.61
5068132770,(주)린도,2021,성숙기,0,25.99,0.0,38.9,48.26,79.1,67.82
5068132770,(주)린도,2022,성숙기,0,44.25,0.0,54.23,32.01,40.85,24.04
5068132770,(주)린도,2023,성숙기,0,24.44,0.0,55.25,46.5,8.49,30.53
5068132770,(주)린도,2024,성숙기,0,53.17,0.0,58.94,37.5,1.23,46.23
5068136193,(주)알파플러스,2016,성숙기,0,35.48,0.0,19.68,46.84,3.66,51.01
5068136193,(주)알파플러스,2017,성숙기,0,0.0,0.0,24.1,48.92,0.24,46.45
5068136193,(주)알파플러스,2018,성숙기,0,56.96,0.0,92.35,49.91,0.91,46.63
5068136193,(주)알파플러스,2019,조정기,0,44.21,25.7,100.0,68.09,1.44,49.98
5068136193,(주)알파플러스,2020,조정기,0,100.0,22.0,62.42,43.16,7.08,53.76
5068136193,(주)알파플러스,2021,조정기,0,25.99,24.6,38.9,51.27,5.75,48.12
5068136193,(주)알파플러스,2022,도입기,0,44.25,70.4,54.23,28.91,70.78,85.35
5068136193,(주)알파플러스,2023,도입기,0,24.44,81.1,55.25,43.22,85.25,58.14
5068136193,(주)알파플러스,2024,도입기,1,53.17,92.8,58.94,34.95,92.18,53.78
5068141167,(주)피씨엠,2019,조정기,0,44.21,25.7,100.0,51.55,17.61,49.68
5068141167,(주)피씨엠,2020,성숙기,0,100.0,0.0,62.42,60.99,0.31,41.14
5068141167,(주)피씨엠,2021,성숙기,0,25.99,0.0,38.9,54.41,47.43,75.43
5068141167,(주)피씨엠,2022,성숙기,0,44.25,0.0,54.23,36.18,8.08,23.78
5068153663,화일산기(주),2019,조정기,0,44.21,25.7,100.0,51.55,20.4,49.68
5068153663,화일산기(주),2020,성숙기,0,100.0,0.0,62.42,60.99,25.63,53.52
5068153663,화일산기(주),2021,성숙기,0,25.99,0.0,38.9,54.41,0.56,34.76
5068153663,화일산기(주),2022,성숙기,0,44.25,0.0,54.23,38.5,1.47,47.91
5068153663,화일산기(주),2023,성장기,0,24.44,13.2,55.25,51.71,48.05,75.96
5068153663,화일산기(주),2024,성장기,0,53.17,16.0,58.94,42.23,9.7,28.93
5068153722,대광산기(주),2019,조정기,0,44.21,25.7,100.0,51.55,23.74,49.68
5068153722,대광산기(주),2020,도입기,0,100.0,68.6,62.42,60.99,69.78,75.95
5068153722,대광산기(주),2021,조정기,0,25.99,24.6,38.9,54.41,26.09,24.34
5068153722,대광산기(주),2022,성숙기,0,44.25,0.0,54.23,41.15,19.55,43.24
5068153722,대광산기(주),2023,쇠퇴기,0,24.44,100.0,55.25,54.04,61.19,73.31
5068153756,(주)해광기업,2019,조정기,0,44.21,25.7,100.0,51.55,21.32,49.68
5068153756,(주)해광기업,2020,조정기,0,100.0,22.0,62.42,60.99,10.12,44.49
5068153756,(주)해광기업,2021,조정기,0,25.99,24.6,38.9,54.41,9.63,48.61
5068153756,(주)해광기업,2022,성숙기,0,44.25,0.0,54.23,37.85,9.22,47.02
5068153756,(주)해광기업,2023,성숙기,0,24.44,0.0,55.25,51.23,50.12,72.75
5068153872,주식회사에스엠,2019,쇠퇴기,0,44.21,100.0,100.0,51.55,28.56,49.68
5068153872,주식회사에스엠,2020,쇠퇴기,0,100.0,100.0,62.42,60.99,8.99,39.88
5068153872,주식회사에스엠,2021,쇠퇴기,0,25.99,100.0,38.9,54.41,9.57,49.2
5068153872,주식회사에스엠,2022,성숙기,0,44.25,0.0,54.23,38.21,16.15,51.12
5068154357,(주)피앤피,2019,성숙기,0,44.21,0.0,100.0,51.55,4.15,49.68
5068154357,(주)피앤피,2020,성숙기,0,100.0,0.0,62.42,60.99,0.25,48.52
5068154357,(주)피앤피,2021,성숙기,0,25.99,0.0,38.9,54.41,0.8,49.17
5068154357,(주)피앤피,2022,성숙기,0,44.25,0.0,54.23,38.23,0.76,47.35
5068154357,(주)피앤피,2023,성숙기,0,24.44,0.0,55.25,51.65,0.51,48.71
5068156637,(주)포롤텍,2019,조정기,0,44.21,25.7,100.0,51.55,25.0,49.68
5068156637,(주)포롤텍,2020,성숙기,0,100.0,0.0,62.42,60.99,44.4,61.3
5068156637,(주)포롤텍,2021,조정기,0,25.99,24.6,38.9,54.41,74.56,65.94
5068156637,(주)포롤텍,2022,성장기,0,44.25,3.1,54.23,35.94,46.04,29.79
5068156637,(주)포롤텍,2023,성숙기,0,24.44,0.0,55.25,49.68,60.99,58.11
5068156637,(주)포롤텍,2024,성숙기,0,53.17,0.0,58.94,39.52,60.86,49.97
5068156845,신현공업주식회사,2015,성숙기,0,38.29,5.6,0.0,46.9,85.73,49.82
5068156845,신현공업주식회사,2016,성숙기,1,35.48,0.0,19.68,51.86,89.31,52.65
5068159575,주식회사인동에스엔씨,2015,조정기,0,38.29,28.5,0.0,25.86,95.61,61.74
5068159575,주식회사인동에스엔씨,2016,조정기,0,35.48,33.5,19.68,36.43,37.32,18.61
5068159575,주식회사인동에스엔씨,2017,조정기,0,0.0,35.9,24.1,36.6,98.28,83.64
5068159575,주식회사인동에스엔씨,2018,성숙기,0,56.96,0.0,92.35,37.76,96.81,45.68
5068159575,주식회사인동에스엔씨,2019,성숙기,1,44.21,0.0,100.0,47.66,81.02,40.57
5068161294,주식회사에이스엠,2019,성숙기,0,44.21,0.0,100.0,51.55,9.35,49.68
5068161294,주식회사에이스엠,2020,성숙기,0,100.0,0.0,62.42,60.99,14.03,53.23
5068161294,주식회사에이스엠,2021,성숙기,0,25.99,0.0,38.9,54.41,12.4,47.97
5068161294,주식회사에이스엠,2022,성숙기,0,44.25,0.0,54.23,37.1,14.06,48.2
5068161464,(주)에어릭스,2015,쇠퇴기,0,38.29,100.0,0.0,52.2,57.71,76.84
5068161464,(주)에어릭스,2016,조정기,0,35.48,33.5,19.68,42.13,15.65,27.62
5068161464,(주)에어릭스,2017,조정기,0,0.0,35.9,24.1,44.53,86.38,89.22
5068161464,(주)에어릭스,2018,조정기,0,56.96,38.0,92.35,46.11,27.16,12.99
5068161464,(주)에어릭스,2019,조정기,0,44.21,25.7,100.0,48.61,15.34,43.02
5068161464,(주)에어릭스,2020,성숙기,0,100.0,0.0,62.42,60.7,7.17,46.16
5068161464,(주)에어릭스,2021,도입기,0,25.99,71.8,38.9,54.41,12.47,51.86
5068161464,(주)에어릭스,2022,성숙기,0,44.25,0.0,54.23,38.37,7.01,44.03
5068161464,(주)에어릭스,2023,조정기,0,24.44,24.8,55.25,51.76,10.07,50.72
5068161464,(주)에어릭스,2024,조정기,0,53.17,27.2,58.94,41.58,7.83,48.99
5068166187,(주)선화이엔지,2022,조정기,0,44.25,26.1,54.23,36.93,10.42,47.42
5068166187,(주)선화이엔지,2023,성숙기,0,24.44,0.0,55.25,50.57,19.72,54.39
5068166187,(주)선화이엔지,2024,성숙기,0,53.17,0.0,58.94,40.55,2.79,40.85
5068168206,(주)선안,2019,조정기,0,44.21,25.7,100.0,51.55,21.33,49.68
5068168206,(주)선안,2020,성숙기,0,100.0,0.0,62.42,60.99,59.2,71.46
5068168206,(주)선안,2021,성숙기,0,25.99,0.0,38.9,54.41,34.28,34.91
5068168206,(주)선안,2022,성숙기,0,44.25,0.0,54.23,36.75,11.79,33.81
5068168870,(주)에스에이씨티엔에스,2015,도입기,0,38.29,65.4,0.0,49.87,92.33,82.74
5068168870,(주)에스에이씨티엔에스,2016,조정기,1,35.48,33.5,19.68,37.14,96.05,52.7
5088123281,(주)그린텍,2016,도입기,0,35.48,82.9,19.68,46.84,7.6,51.01
5088123281,(주)그린텍,2017,성장기,0,0.0,1.7,24.1,48.92,12.82,51.44
5088123281,(주)그린텍,2018,성장기,0,56.96,1.0,92.35,49.91,13.62,46.74
5088123281,(주)그린텍,2019,성장기,0,44.21,2.1,100.0,52.47,9.99,47.62
5088123281,(주)그린텍,2020,성장기,0,100.0,0.8,62.42,56.89,30.85,62.12
5088123281,(주)그린텍,2021,성장기,0,25.99,1.9,38.9,55.05,15.76,40.4
5088123281,(주)그린텍,2022,성장기,0,44.25,3.1,54.23,38.63,34.92,58.4
5088123281,(주)그린텍,2023,성숙기,0,24.44,0.0,55.25,51.8,20.71,41.02
5088123281,(주)그린텍,2024,성장기,0,53.17,16.0,58.94,41.25,10.49,44.55
5088129233,청송면봉산풍력주식회사,2019,도입기,0,44.21,58.1,100.0,51.55,38.22,49.68
5088129233,청송면봉산풍력주식회사,2020,도입기,0,100.0,68.6,62.42,60.99,86.85,77.35
5088129233,청송면봉산풍력주식회사,2021,도입기,0,25.99,71.8,38.9,54.41,86.63,48.88
5088129233,청송면봉산풍력주식회사,2022,도입기,0,44.25,70.4,54.23,36.34,90.54,48.61
5088129233,청송면봉산풍력주식회사,2023,도입기,0,24.44,81.1,55.25,50.0,68.99,37.44
5088129233,청송면봉산풍력주식회사,2024,도입기,0,53.17,92.8,58.94,39.86,70.3,50.73
5108101451,고이께코리아엔지니어링주식회사,2015,도입기,0,38.29,65.4,0.0,56.14,31.35,67.79
5108101451,고이께코리아엔지니어링주식회사,2016,성숙기,0,35.48,0.0,19.68,46.06,53.07,62.74
5108101451,고이께코리아엔지니어링주식회사,2017,쇠퇴기,0,0.0,100.0,24.1,47.69,64.96,55.39
5108101451,고이께코리아엔지니어링주식회사,2018,쇠퇴기,1,56.96,100.0,92.35,47.72,50.07,38.0
5108111376,(주)월산,2015,성장기,0,38.29,0.0,0.0,49.87,6.05,50.22
5108111376,(주)월산,2016,성숙기,0,35.48,0.0,19.68,46.84,1.05,48.11
5108111376,(주)월산,2017,성숙기,0,0.0,0.0,24.1,48.92,0.65,48.18
5108111376,(주)월산,2018,성숙기,0,56.96,0.0,92.35,54.99,1.27,46.6
5108111376,(주)월산,2019,성숙기,0,44.21,0.0,100.0,49.67,1.22,49.66
5108111376,(주)월산,2020,성숙기,0,100.0,0.0,62.42,54.36,4.45,52.44
5108111376,(주)월산,2021,성숙기,0,25.99,0.0,38.9,52.22,13.66,54.06
5108111376,(주)월산,2022,성숙기,0,44.25,0.0,54.23,32.88,59.71,74.15
5108111376,(주)월산,2023,조정기,0,24.44,24.8,55.25,47.24,5.74,18.2
5108111376,(주)월산,2024,성숙기,0,53.17,0.0,58.94,37.74,1.24,47.76
5108112808,(주)무한기술,2018,성숙기,0,56.96,0.0,92.35,49.91,3.44,46.26
5108112808,(주)무한기술,2019,성숙기,0,44.21,0.0,100.0,51.55,0.06,47.8
5108112808,(주)무한기술,2020,성숙기,0,100.0,0.0,62.42,60.99,0.08,50.68
5108112808,(주)무한기술,2021,성숙기,0,25.99,0.0,38.9,56.55,0.02,48.83
5108112808,(주)무한기술,2022,성숙기,0,44.25,0.0,54.23,38.78,0.03,47.39
5108112808,(주)무한기술,2023,성숙기,0,24.44,0.0,55.25,52.8,0.09,48.88
5108112808,(주)무한기술,2024,성숙기,0,53.17,0.0,58.94,42.43,0.03,50.23
5108127432,(주)유창테크,2015,조정기,0,38.29,28.5,0.0,49.87,32.97,50.22
5108127432,(주)유창테크,2016,조정기,0,35.48,33.5,19.68,46.84,61.54,66.5
5108127432,(주)유창테크,2017,조정기,0,0.0,35.9,24.1,48.92,31.76,31.38
5108127432,(주)유창테크,2018,성숙기,0,56.96,0.0,92.35,48.92,90.43,79.51
5108127432,(주)유창테크,2019,성숙기,0,44.21,0.0,100.0,46.83,32.57,17.18
5108135927,(주)엘에이티,2017,도입기,0,0.0,70.3,24.1,48.92,4.76,48.42
5108135927,(주)엘에이티,2018,도입기,0,56.96,75.8,92.35,,6.19,47.07
5108135927,(주)엘에이티,2019,도입기,0,44.21,58.1,100.0,51.55,6.32,49.74
5108135927,(주)엘에이티,2020,도입기,0,100.0,68.6,62.42,60.99,0.32,47.36
5108135927,(주)엘에이티,2021,성장기,0,25.99,1.9,38.9,45.41,12.18,55.55
5108135927,(주)엘에이티,2022,성장기,0,44.25,3.1,54.23,30.31,87.06,91.04
5108135927,(주)엘에이티,2023,조정기,0,24.44,24.8,55.25,41.27,92.57,53.13
5108701701,디와이이노베이트주식회사,2020,성숙기,0,100.0,0.0,62.42,60.99,12.17,50.67
5108701701,디와이이노베이트주식회사,2021,조정기,0,25.99,24.6,38.9,54.41,5.32,45.02
5108701701,디와이이노베이트주식회사,2022,성숙기,0,44.25,0.0,54.23,36.93,0.72,44.62
5108701701,디와이이노베이트주식회사,2023,성장기,0,24.44,13.2,55.25,60.89,0.6,48.79
5108701701,디와이이노베이트주식회사,2024,성장기,0,53.17,16.0,58.94,49.62,5.68,53.06
5118702227,주식회사시스템알앤디,2022,성장기,0,44.25,3.1,54.23,36.93,3.61,47.42
5118702227,주식회사시스템알앤디,2023,도입기,0,24.44,81.1,55.25,50.57,6.99,50.86
5118702227,주식회사시스템알앤디,2024,도입기,0,53.17,92.8,58.94,40.55,5.24,49.27
5138102895,일성기계공업주식회사,2015,조정기,0,38.29,28.5,0.0,52.35,59.13,82.56
5138102895,일성기계공업주식회사,2016,성숙기,0,35.48,0.0,19.68,42.13,3.01,19.89
5138102895,일성기계공업주식회사,2017,성숙기,0,0.0,0.0,24.1,46.12,2.87,48.34
5138102895,일성기계공업주식회사,2018,성숙기,0,56.96,0.0,92.35,49.88,74.29,86.65
5138102895,일성기계공업주식회사,2019,성숙기,0,44.21,0.0,100.0,57.43,6.98,11.98
5138102895,일성기계공업주식회사,2020,조정기,0,100.0,22.0,62.42,59.98,51.68,75.22
5138102895,일성기계공업주식회사,2021,도입기,0,25.99,71.8,38.9,60.47,12.07,26.61
5138102895,일성기계공업주식회사,2022,도입기,0,44.25,70.4,54.23,51.21,68.16,80.04
5138102895,일성기계공업주식회사,2023,도입기,0,24.44,81.1,55.25,62.09,90.96,62.95
5138102895,일성기계공업주식회사,2024,도입기,0,53.17,92.8,58.94,50.03,28.96,15.73
5138107376,(주)탑엔지니어링,2015,성숙기,0,38.29,5.6,0.0,72.08,0.73,47.89
5138107376,(주)탑엔지니어링,2016,조정기,0,35.48,33.5,19.68,56.97,5.47,53.48
5138107376,(주)탑엔지니어링,2017,조정기,0,0.0,35.9,24.1,58.48,1.42,46.09
5138107376,(주)탑엔지니어링,2018,조정기,0,56.96,38.0,92.35,56.44,1.2,46.13
5138107376,(주)탑엔지니어링,2019,성장기,0,44.21,2.1,100.0,0.0,0.54,49.32
5138107376,(주)탑엔지니어링,2020,성장기,0,100.0,0.8,62.42,51.63,52.44,79.19
5138107376,(주)탑엔지니어링,2021,성장기,0,25.99,1.9,38.9,60.7,64.91,55.98
5138107376,(주)탑엔지니어링,2022,성장기,1,44.25,3.1,54.23,30.88,64.16,46.16
5138115935,플루오르테크주식회사,2015,조정기,0,38.29,28.5,0.0,75.89,4.89,52.84
5138115935,플루오르테크주식회사,2016,조정기,0,35.48,33.5,19.68,44.74,0.42,48.41
5138115935,플루오르테크주식회사,2017,조정기,0,0.0,35.9,24.1,47.84,0.05,48.19
5138115935,플루오르테크주식회사,2018,도입기,0,56.96,75.8,92.35,51.03,4.48,48.76
5138115935,플루오르테크주식회사,2019,성숙기,0,44.21,0.0,100.0,51.26,0.3,47.35
5138115935,플루오르테크주식회사,2020,성장기,0,100.0,0.8,62.42,63.09,51.5,78.8
5138115935,플루오르테크주식회사,2021,성장기,0,25.99,1.9,38.9,60.39,0.9,20.42
5138115935,플루오르테크주식회사,2022,성장기,0,44.25,3.1,54.23,38.82,0.16,46.94
5138115935,플루오르테크주식회사,2023,쇠퇴기,0,24.44,100.0,55.25,52.22,4.64,51.45
5138115935,플루오르테크주식회사,2024,성장기,0,53.17,16.0,58.94,42.05,0.81,48.14
5138120985,주식회사코아테크시스템,2015,성장기,0,38.29,0.0,0.0,49.87,0.24,49.99
5138120985,주식회사코아테크시스템,2016,성장기,0,35.48,2.2,19.68,51.64,7.06,54.62
5138120985,주식회사코아테크시스템,2017,조정기,0,0.0,35.9,24.1,51.69,5.01,47.25
5138120985,주식회사코아테크시스템,2018,조정기,0,56.96,38.0,92.35,56.2,0.03,43.45
5138120985,주식회사코아테크시스템,2019,조정기,0,44.21,25.7,100.0,46.83,0.03,49.69
5138120985,주식회사코아테크시스템,2020,조정기,0,100.0,22.0,62.42,63.0,4.79,53.28
5138120985,주식회사코아테크시스템,2021,성숙기,0,25.99,0.0,38.9,61.99,0.0,46.17
5138120985,주식회사코아테크시스템,2022,쇠퇴기,0,44.25,100.0,54.23,48.52,5.45,50.57
5138120985,주식회사코아테크시스템,2023,성숙기,0,24.44,0.0,55.25,60.04,1.83,46.81
5138120985,주식회사코아테크시스템,2024,조정기,0,53.17,27.2,58.94,48.65,6.1,52.61
5138124884,주식회사성윤하이텍,2016,성장기,0,35.48,2.2,19.68,46.84,33.26,51.01
5138124884,주식회사성윤하이텍,2017,성장기,0,0.0,1.7,24.1,48.92,20.41,41.08
5138124884,주식회사성윤하이텍,2018,성장기,0,56.96,1.0,92.35,49.91,31.65,52.66
5138124884,주식회사성윤하이텍,2019,성장기,0,44.21,2.1,100.0,53.07,8.01,36.42
5138124884,주식회사성윤하이텍,2020,성장기,0,100.0,0.8,62.42,62.54,15.46,54.75
5138124884,주식회사성윤하이텍,2021,성장기,0,25.99,1.9,38.9,54.89,12.44,47.18
5138124884,주식회사성윤하이텍,2022,성장기,0,44.25,3.1,54.23,44.57,28.68,56.73
5138124884,주식회사성윤하이텍,2023,성장기,0,24.44,13.2,55.25,56.67,13.17,40.18
5138124884,주식회사성윤하이텍,2024,성숙기,0,53.17,0.0,58.94,45.32,6.17,46.36
5138125807,(주)윤일정밀,2016,조정기,0,35.48,33.5,19.68,46.84,6.38,51.01
5138125807,(주)윤일정밀,2017,성숙기,0,0.0,0.0,24.1,48.92,53.77,75.74
5138125807,(주)윤일정밀,2018,조정기,0,56.96,38.0,92.35,49.91,69.73,55.42
5138126354,주광정밀주식회사,2015,성숙기,0,38.29,5.6,0.0,42.15,3.76,51.39
5138126354,주광정밀주식회사,2016,성숙기,0,35.48,0.0,19.68,38.15,0.63,49.14
5138126354,주광정밀주식회사,2017,성숙기,0,0.0,0.0,24.1,41.05,0.62,48.4
5138126354,주광정밀주식회사,2018,성숙기,0,56.96,0.0,92.35,44.44,0.61,46.25
5138126354,주광정밀주식회사,2019,성숙기,0,44.21,0.0,100.0,54.2,1.44,50.15
5138126354,주광정밀주식회사,2020,조정기,0,100.0,22.0,62.42,62.68,1.65,50.78
5138126354,주광정밀주식회사,2021,조정기,0,25.99,24.6,38.9,56.58,1.55,48.81
5138126354,주광정밀주식회사,2022,조정기,0,44.25,26.1,54.23,35.96,77.55,91.82
5138126354,주광정밀주식회사,2023,도입기,0,24.44,81.1,55.25,49.41,92.19,58.32
5138126354,주광정밀주식회사,2024,도입기,1,53.17,92.8,58.94,39.62,88.63,47.96
5138126427,월드시스템(주),2021,쇠퇴기,0,25.99,100.0,38.9,54.41,3.45,48.84
5138126427,월드시스템(주),2022,성숙기,0,44.25,0.0,54.23,36.93,0.15,45.41
5138126427,월드시스템(주),2023,쇠퇴기,0,24.44,100.0,55.25,50.57,23.25,62.28
5138126427,월드시스템(주),2024,쇠퇴기,0,53.17,100.0,58.94,41.82,5.4,40.33
5138131158,주식회사프로템,2015,도입기,0,38.29,65.4,0.0,47.47,15.97,55.39
5138131158,주식회사프로템,2016,도입기,0,35.48,82.9,19.68,45.38,8.91,46.96
5138131158,주식회사프로템,2017,성숙기,0,0.0,0.0,24.1,47.86,12.86,50.71
5138131158,주식회사프로템,2018,성숙기,0,56.96,0.0,92.35,49.68,40.16,61.72
5138131158,주식회사프로템,2019,성숙기,0,44.21,0.0,100.0,48.79,91.48,78.11
5138131196,피티케이주식회사,2015,조정기,0,38.29,28.5,0.0,45.09,17.13,46.16
5138131196,피티케이주식회사,2016,조정기,0,35.48,33.5,19.68,44.94,4.72,44.01
5138131196,피티케이주식회사,2017,조정기,0,0.0,35.9,24.1,46.62,1.93,46.81
5138131196,피티케이주식회사,2018,성장기,0,56.96,1.0,92.35,48.82,6.12,48.63
5138131196,피티케이주식회사,2019,도입기,0,44.21,58.1,100.0,44.98,6.04,49.62
5138131196,피티케이주식회사,2020,성장기,0,100.0,0.8,62.42,57.95,9.12,52.36
5138131196,피티케이주식회사,2021,성숙기,0,25.99,0.0,38.9,55.7,2.22,44.99
5138131196,피티케이주식회사,2022,조정기,0,44.25,26.1,54.23,39.53,1.36,46.85
5138131196,피티케이주식회사,2023,조정기,0,24.44,24.8,55.25,52.71,4.93,50.94
5138131196,피티케이주식회사,2024,조정기,0,53.17,27.2,58.94,42.22,0.39,47.74
5138131390,일신하이텍주식회사,2015,쇠퇴기,0,38.29,100.0,0.0,92.57,70.6,51.8
5138131390,일신하이텍주식회사,2016,조정기,0,35.48,33.5,19.68,47.67,3.96,14.08
5138131390,일신하이텍주식회사,2017,성장기,0,0.0,1.7,24.1,59.76,0.47,46.41
5138131390,일신하이텍주식회사,2018,조정기,0,56.96,38.0,92.35,63.54,0.4,46.21
5138131390,일신하이텍주식회사,2019,성숙기,0,44.21,0.0,100.0,64.36,0.79,49.91
5138131390,일신하이텍주식회사,2020,도입기,0,100.0,68.6,62.42,73.7,6.91,54.03
5138131390,일신하이텍주식회사,2021,조정기,0,25.99,24.6,38.9,75.89,0.01,44.99
5138131390,일신하이텍주식회사,2022,성숙기,0,44.25,0.0,54.23,59.32,0.23,47.51
5138131390,일신하이텍주식회사,2023,성숙기,0,24.44,0.0,55.25,69.21,0.25,48.86
5138131390,일신하이텍주식회사,2024,성숙기,0,53.17,0.0,58.94,56.94,24.18,63.47
5138132083,(주)피엔티,2015,도입기,0,38.29,65.4,0.0,70.64,56.81,80.98
5138132083,(주)피엔티,2016,도입기,0,35.48,82.9,19.68,41.34,5.35,22.46
5138132083,(주)피엔티,2017,도입기,0,0.0,70.3,24.1,44.13,7.65,49.74
5138132083,(주)피엔티,2018,도입기,0,56.96,75.8,92.35,47.91,43.56,66.58
5138132083,(주)피엔티,2019,도입기,0,44.21,58.1,100.0,42.99,56.91,56.97
5138132083,(주)피엔티,2020,성숙기,0,100.0,0.0,62.42,58.17,4.4,21.75
5138132083,(주)피엔티,2021,성숙기,0,25.99,0.0,38.9,53.23,1.47,47.22
5138132083,(주)피엔티,2022,성숙기,0,44.25,0.0,54.23,32.64,7.45,50.86
5138132083,(주)피엔티,2023,도입기,0,24.44,81.1,55.25,46.83,7.44,48.93
5138132083,(주)피엔티,2024,성장기,0,53.17,16.0,58.94,37.39,5.31,49.06
5138134489,구미에이테크솔루션(주),2015,조정기,1,38.29,28.5,0.0,48.45,80.88,57.8
5138135514,(주)승우,2015,조정기,0,38.29,28.5,0.0,49.87,3.53,47.52
5138135514,(주)승우,2016,조정기,0,35.48,33.5,19.68,46.84,71.97,88.48
5138135514,(주)승우,2017,조정기,0,0.0,35.9,24.1,43.05,77.06,51.51
5138137981,(주)영진하이텍,2015,성숙기,0,38.29,5.6,0.0,49.87,2.19,47.83
5138137981,(주)영진하이텍,2016,도입기,0,35.48,82.9,19.68,51.51,74.48,90.6
5138137981,(주)영진하이텍,2017,쇠퇴기,0,0.0,100.0,24.1,51.06,6.36,9.31
5138137981,(주)영진하이텍,2018,성숙기,0,56.96,0.0,92.35,69.31,4.64,45.3
5138137981,(주)영진하이텍,2019,조정기,0,44.21,25.7,100.0,68.39,1.32,47.83
5138137981,(주)영진하이텍,2020,도입기,0,100.0,68.6,62.42,72.53,6.08,53.28
5138137981,(주)영진하이텍,2021,도입기,0,25.99,71.8,38.9,64.55,9.34,50.71
5138137981,(주)영진하이텍,2022,도입기,0,44.25,70.4,54.23,43.93,0.4,42.04
5138137981,(주)영진하이텍,2023,성숙기,0,24.44,0.0,55.25,56.27,0.58,48.96
5138137981,(주)영진하이텍,2024,성숙기,0,53.17,0.0,58.94,44.96,65.18,85.9
5138139048,(주)일성테크,2022,성숙기,0,44.25,0.0,54.23,36.93,3.72,47.42
5138139048,(주)일성테크,2023,성숙기,0,24.44,0.0,55.25,50.57,0.42,46.97
5138139048,(주)일성테크,2024,성숙기,0,53.17,0.0,58.94,40.55,0.63,50.38
5138143071,주식회사피앤큐텍,2016,조정기,0,35.48,33.5,19.68,46.84,3.31,51.01
5138143071,주식회사피앤큐텍,2017,성숙기,0,0.0,0.0,24.1,48.92,14.65,54.96
5138143071,주식회사피앤큐텍,2018,성숙기,0,56.96,0.0,92.35,49.91,1.4,38.79
5138143071,주식회사피앤큐텍,2019,성숙기,0,44.21,0.0,100.0,50.72,1.12,49.53
5138143071,주식회사피앤큐텍,2020,성숙기,0,100.0,0.0,62.42,58.42,66.54,86.62
5138143071,주식회사피앤큐텍,2021,조정기,0,25.99,24.6,38.9,58.86,12.23,18.35
5138143071,주식회사피앤큐텍,2022,조정기,0,44.25,26.1,54.23,42.25,41.41,64.3
5138143071,주식회사피앤큐텍,2023,조정기,0,24.44,24.8,55.25,54.68,31.51,43.6
5138143071,주식회사피앤큐텍,2024,성숙기,0,53.17,0.0,58.94,43.68,17.75,42.56
5138144181,(주)티아이,2015,조정기,0,38.29,28.5,0.0,49.87,5.45,50.24
5138144181,(주)티아이,2016,조정기,0,35.48,33.5,19.68,34.57,0.48,48.13
5138144181,(주)티아이,2017,조정기,0,0.0,35.9,24.1,43.12,4.33,50.63
5138144181,(주)티아이,2018,조정기,0,56.96,38.0,92.35,43.8,31.35,61.54
5138144181,(주)티아이,2019,조정기,0,44.21,25.7,100.0,61.7,0.76,32.56
5138144181,(주)티아이,2020,조정기,0,100.0,22.0,62.42,67.43,61.25,83.91
5138144181,(주)티아이,2021,쇠퇴기,0,25.99,100.0,38.9,55.22,61.87,49.31
5138144181,(주)티아이,2024,조정기,0,53.17,27.2,58.94,37.55,0.62,50.27
5138145569,주식회사메인텍,2015,성숙기,0,38.29,5.6,0.0,49.16,3.29,51.79
5138145569,주식회사메인텍,2016,성숙기,0,35.48,0.0,19.68,34.47,55.01,79.29
5138145569,주식회사메인텍,2017,성숙기,0,0.0,0.0,24.1,34.41,1.14,17.49
5138145569,주식회사메인텍,2018,성숙기,0,56.96,0.0,92.35,39.93,20.22,57.05
5138145569,주식회사메인텍,2019,성숙기,0,44.21,0.0,100.0,47.48,1.27,39.07
5138145569,주식회사메인텍,2020,쇠퇴기,0,100.0,100.0,62.42,54.28,6.62,53.61
5138145569,주식회사메인텍,2021,성숙기,0,25.99,0.0,38.9,53.16,43.44,69.63
5138145569,주식회사메인텍,2022,쇠퇴기,0,44.25,100.0,54.23,36.12,66.95,60.6
5138145569,주식회사메인텍,2023,성숙기,1,24.44,0.0,55.25,49.74,70.49,51.74
5138148514,(주)티에스엔티,2015,성장기,0,38.29,0.0,0.0,49.87,33.91,47.08
5138148514,(주)티에스엔티,2016,도입기,1,35.48,82.9,19.68,46.84,98.64,86.37
5138149226,(주)비젼하이테크,2021,성숙기,0,25.99,0.0,38.9,54.41,5.89,48.84
5138149226,(주)비젼하이테크,2022,성숙기,0,44.25,0.0,54.23,36.93,0.38,44.09
5138149226,(주)비젼하이테크,2023,성숙기,0,24.44,0.0,55.25,50.57,0.39,48.85
5138149226,(주)비젼하이테크,2024,성숙기,0,53.17,0.0,58.94,41.96,0.7,50.44
5138151848,주식회사신흥정밀,2015,성장기,0,38.29,0.0,0.0,49.87,90.41,54.01
5138151848,주식회사신흥정밀,2016,성장기,0,35.48,2.2,19.68,42.31,57.54,32.6
5138151848,주식회사신흥정밀,2017,성장기,0,0.0,1.7,24.1,46.77,96.71,71.12
5138151848,주식회사신흥정밀,2018,쇠퇴기,0,56.96,100.0,92.35,46.68,93.71,44.81
5138151848,주식회사신흥정밀,2019,쇠퇴기,1,44.21,100.0,100.0,55.73,96.51,50.93
5138153638,(주)엘디케이,2015,성장기,0,38.29,0.0,0.0,49.87,64.58,56.17
5138153638,(주)엘디케이,2016,도입기,0,35.48,82.9,19.68,38.68,23.82,28.32
5138153638,(주)엘디케이,2017,조정기,0,0.0,35.9,24.1,45.6,98.27,91.38
5138153638,(주)엘디케이,2018,조정기,0,56.96,38.0,92.35,45.76,37.31,12.04
5138153638,(주)엘디케이,2019,조정기,0,44.21,25.7,100.0,50.6,65.92,65.49
5138153638,(주)엘디케이,2020,도입기,0,100.0,68.6,62.42,53.41,96.71,67.51
5138154049,(주)포시스,2015,도입기,0,38.29,65.4,0.0,49.87,87.84,98.88
5138154049,(주)포시스,2016,도입기,0,35.48,82.9,19.68,0.0,7.34,6.43
5138154049,(주)포시스,2017,도입기,0,0.0,70.3,24.1,21.2,60.65,79.16
5138154049,(주)포시스,2018,쇠퇴기,0,56.96,100.0,92.35,11.21,91.61,63.92
5138154049,(주)포시스,2019,성숙기,1,44.21,0.0,100.0,47.16,79.82,42.82
5138154544,주식회사윌테크,2021,도입기,0,25.99,71.8,38.9,54.41,3.99,48.84
5138154544,주식회사윌테크,2022,성숙기,0,44.25,0.0,54.23,36.93,3.53,47.06
5138154544,주식회사윌테크,2023,쇠퇴기,0,24.44,100.0,55.25,50.57,14.98,55.55
5138154544,주식회사윌테크,2024,성장기,0,53.17,16.0,58.94,43.12,34.55,61.01
5138154694,(주)석원,2015,도입기,0,38.29,65.4,0.0,57.86,97.72,75.54
5138154694,(주)석원,2016,쇠퇴기,0,35.48,100.0,19.68,37.37,19.53,7.67
5138154694,(주)석원,2017,쇠퇴기,0,0.0,100.0,24.1,64.68,78.93,82.7
5138154694,(주)석원,2018,쇠퇴기,0,56.96,100.0,92.35,53.24,97.41,56.91
5138154694,(주)석원,2019,성장기,1,44.21,2.1,100.0,65.55,87.86,44.04
5138155280,주식회사지석엔지니어링,2019,성장기,0,44.21,2.1,100.0,51.55,16.85,49.68
5138155280,주식회사지석엔지니어링,2020,성장기,0,100.0,0.8,62.42,60.99,20.51,52.66
5138155280,주식회사지석엔지니어링,2021,성장기,0,25.99,1.9,38.9,62.32,58.4,70.26
5138155280,주식회사지석엔지니어링,2022,쇠퇴기,0,44.25,100.0,54.23,37.37,75.61,56.74
5138155280,주식회사지석엔지니어링,2023,쇠퇴기,0,24.44,100.0,55.25,51.77,11.03,12.22
5138155280,주식회사지석엔지니어링,2024,조정기,0,53.17,27.2,58.94,41.66,8.42,48.79
5138155918,주식회사탑런토탈솔루션,2015,성숙기,0,38.29,5.6,0.0,35.81,3.25,45.7
5138155918,주식회사탑런토탈솔루션,2016,도입기,0,35.48,82.9,19.68,60.98,81.47,93.86
5138155918,주식회사탑런토탈솔루션,2017,성숙기,0,0.0,0.0,24.1,59.19,75.85,45.36
5138155918,주식회사탑런토탈솔루션,2018,도입기,1,56.96,75.8,92.35,57.28,80.1,48.85
5138155922,주식회사세정로봇,2019,성장기,0,44.21,2.1,100.0,51.55,4.98,49.68
5138155922,주식회사세정로봇,2020,도입기,0,100.0,68.6,62.42,60.99,27.59,63.09
5138155922,주식회사세정로봇,2021,쇠퇴기,0,25.99,100.0,38.9,54.41,84.51,81.0
5138157084,(주)에스엠아이(SMI),2018,성장기,0,56.96,1.0,92.35,49.91,7.43,46.26
5138157084,(주)에스엠아이(SMI),2019,도입기,0,44.21,58.1,100.0,51.55,89.24,95.2
5138157084,(주)에스엠아이(SMI),2020,도입기,0,100.0,68.6,62.42,60.99,92.81,52.53
5138157084,(주)에스엠아이(SMI),2021,도입기,1,25.99,71.8,38.9,61.92,93.08,49.16
5138157255,(주)월드이엔지,2017,성장기,0,0.0,1.7,24.1,48.92,12.33,48.42
5138157255,(주)월드이엔지,2018,성숙기,0,56.96,0.0,92.35,49.91,43.08,63.67
5138157255,(주)월드이엔지,2019,성숙기,0,44.21,0.0,100.0,51.55,73.38,66.41
5138159684,(주)한주하이텍,2015,성장기,0,38.29,0.0,0.0,49.87,10.53,50.22
5138159684,(주)한주하이텍,2016,성숙기,0,35.48,0.0,19.68,46.84,2.72,46.56
5138159684,(주)한주하이텍,2017,성장기,0,0.0,1.7,24.1,48.92,2.44,48.25
5138159684,(주)한주하이텍,2018,도입기,0,56.96,75.8,92.35,0.0,93.68,97.86
5138159684,(주)한주하이텍,2019,조정기,0,44.21,25.7,100.0,64.99,98.38,51.98
5138159684,(주)한주하이텍,2020,성숙기,1,100.0,0.0,62.42,73.97,78.66,39.73
5138161875,(주)티에스티,2022,조정기,0,44.25,26.1,54.23,36.93,5.64,47.42
5138161875,(주)티에스티,2023,성장기,0,24.44,13.2,55.25,50.57,2.06,46.83
5138161875,(주)티에스티,2024,쇠퇴기,0,53.17,100.0,58.94,40.55,7.56,53.29
5138165003,(주)디케이티,2018,성장기,0,56.96,1.0,92.35,49.91,16.09,46.26
5138165003,(주)디케이티,2019,도입기,0,44.21,58.1,100.0,51.55,82.67,86.69
5138165003,(주)디케이티,2020,도입기,0,100.0,68.6,62.42,60.99,41.09,27.73
5138165003,(주)디케이티,2021,도입기,0,25.99,71.8,38.9,55.41,93.93,78.72
5138165148,주식회사디케이에스,2022,성장기,0,44.25,3.1,54.23,36.93,9.76,47.42
5138165148,주식회사디케이에스,2023,도입기,0,24.44,81.1,55.25,50.57,16.88,53.11
5138165148,주식회사디케이에스,2024,쇠퇴기,0,53.17,100.0,58.94,40.55,82.78,86.56
5138165769,주식회사에이치,2016,성장기,0,35.48,2.2,19.68,46.84,13.2,51.01
5138165769,주식회사에이치,2017,성장기,0,0.0,1.7,24.1,48.92,57.83,74.17
5138165769,주식회사에이치,2018,성장기,0,56.96,1.0,92.35,49.91,92.59,66.06
5138165769,주식회사에이치,2019,성장기,0,44.21,2.1,100.0,54.55,24.08,11.24
5138165769,주식회사에이치,2020,도입기,0,100.0,68.6,62.42,58.89,93.73,88.92
5138165769,주식회사에이치,2021,성숙기,0,25.99,0.0,38.9,55.95,95.35,49.92
5138165769,주식회사에이치,2022,쇠퇴기,1,44.25,100.0,54.23,32.85,99.81,48.83
5138168581,(주)신창에프에이,2015,성숙기,0,38.29,5.6,0.0,49.87,4.1,48.27
5138168581,(주)신창에프에이,2016,성숙기,0,35.48,0.0,19.68,47.73,0.74,49.02
5138168581,(주)신창에프에이,2017,성숙기,0,0.0,0.0,24.1,48.53,0.42,48.23
5138168581,(주)신창에프에이,2018,성숙기,0,56.96,0.0,92.35,48.4,0.27,46.17
5138168581,(주)신창에프에이,2019,성숙기,0,44.21,0.0,100.0,50.46,5.09,52.37
5138168581,(주)신창에프에이,2020,도입기,0,100.0,68.6,62.42,44.83,5.2,50.72
5138168581,(주)신창에프에이,2021,도입기,0,25.99,71.8,38.9,48.73,17.03,55.54
5138168581,(주)신창에프에이,2022,도입기,0,44.25,70.4,54.23,25.52,11.2,43.76
5138168581,(주)신창에프에이,2023,도입기,0,24.44,81.1,55.25,41.5,7.95,47.1
5138168581,(주)신창에프에이,2024,성숙기,0,53.17,0.0,58.94,33.0,2.39,47.17
5138173482,(주)뉴로스정밀,2016,도입기,0,35.48,82.9,19.68,46.84,33.54,51.01
5138173482,(주)뉴로스정밀,2017,성장기,0,0.0,1.7,24.1,48.92,48.12,56.89
5138173482,(주)뉴로스정밀,2018,도입기,0,56.96,75.8,92.35,49.91,29.79,36.01
5138173482,(주)뉴로스정밀,2019,도입기,0,44.21,58.1,100.0,33.24,94.51,85.61
5138173482,(주)뉴로스정밀,2020,도입기,0,100.0,68.6,62.42,72.71,97.75,52.34
5138173482,(주)뉴로스정밀,2021,도입기,1,25.99,71.8,38.9,74.39,99.97,50.27
5138173712,주식회사대림정밀,2015,성장기,0,38.29,0.0,0.0,49.87,96.15,79.07
5138173712,주식회사대림정밀,2016,성장기,0,35.48,2.2,19.68,46.84,37.74,18.55
5138173712,주식회사대림정밀,2017,성장기,0,0.0,1.7,24.1,48.09,77.31,71.31
5138178681,주식회사태광공업,2015,조정기,0,38.29,28.5,0.0,49.87,18.64,50.22
5138178681,주식회사태광공업,2016,성숙기,0,35.48,0.0,19.68,,15.4,49.05
5138178681,주식회사태광공업,2017,성숙기,0,0.0,0.0,24.1,48.92,4.6,42.22
5138178681,주식회사태광공업,2018,성숙기,0,56.96,0.0,92.35,49.91,5.77,46.92
5138178681,주식회사태광공업,2019,성숙기,0,44.21,0.0,100.0,51.2,6.98,50.35
5138178681,주식회사태광공업,2020,성숙기,0,100.0,0.0,62.42,60.11,3.37,48.67
5138178681,주식회사태광공업,2021,성숙기,0,25.99,0.0,38.9,52.63,1.37,47.74
5138178681,주식회사태광공업,2022,성숙기,0,44.25,0.0,54.23,37.24,4.93,49.45
5138178681,주식회사태광공업,2023,성숙기,0,24.44,0.0,55.25,50.66,1.12,46.69
5138178681,주식회사태광공업,2024,성숙기,0,53.17,0.0,58.94,40.67,0.48,49.91
5148106690,(주)대동,2015,성장기,0,38.29,0.0,0.0,53.79,47.41,56.65
5148106690,(주)대동,2016,성장기,0,35.48,2.2,19.68,47.27,69.93,63.14
5148106690,(주)대동,2017,성장기,0,0.0,1.7,24.1,49.27,13.14,15.83
5148106690,(주)대동,2018,성장기,0,56.96,1.0,92.35,50.27,65.51,75.9
5148106690,(주)대동,2019,성장기,0,44.21,2.1,100.0,50.13,18.05,23.05
5148106690,(주)대동,2020,성숙기,0,100.0,0.0,62.42,56.3,6.32,44.2
5148106690,(주)대동,2021,성숙기,0,25.99,0.0,38.9,50.94,10.08,50.99
5148106690,(주)대동,2022,도입기,0,44.25,70.4,54.23,37.36,11.57,48.13
5148106690,(주)대동,2023,도입기,0,24.44,81.1,55.25,50.87,17.43,52.4
5148106690,(주)대동,2024,도입기,0,53.17,92.8,58.94,41.08,55.93,71.45
5148119220,삼익정공(주),2015,성숙기,0,38.29,5.6,0.0,56.59,1.13,49.46
5148119220,삼익정공(주),2016,성숙기,0,35.48,0.0,19.68,51.04,5.7,53.38
5148119220,삼익정공(주),2017,성장기,0,0.0,1.7,24.1,53.15,0.77,45.59
5148119220,삼익정공(주),2018,성숙기,0,56.96,0.0,92.35,54.46,0.87,46.31
5148119220,삼익정공(주),2019,성숙기,0,44.21,0.0,100.0,52.62,3.78,51.31
5148119220,삼익정공(주),2020,성숙기,0,100.0,0.0,62.42,66.48,2.07,49.72
5148119220,삼익정공(주),2021,조정기,0,25.99,24.6,38.9,58.04,3.32,49.57
5148119220,삼익정공(주),2022,성장기,0,44.25,3.1,54.23,41.4,4.97,48.31
5148119220,삼익정공(주),2023,성숙기,0,24.44,0.0,55.25,54.3,3.42,48.01
5148119220,삼익정공(주),2024,성숙기,0,53.17,0.0,58.94,44.09,54.02,78.17
5148120635,(주)신성에프에이,2019,성장기,0,44.21,2.1,100.0,51.55,8.54,49.68
5148120635,(주)신성에프에이,2020,도입기,0,100.0,68.6,62.42,60.99,36.54,66.05
5148120635,(주)신성에프에이,2021,성숙기,0,25.99,0.0,38.9,54.41,0.78,28.75
5148120635,(주)신성에프에이,2022,도입기,0,44.25,70.4,54.23,37.68,8.87,52.11
5148120635,(주)신성에프에이,2023,성숙기,0,24.44,0.0,55.25,51.44,3.31,45.73
5148120635,(주)신성에프에이,2024,조정기,0,53.17,27.2,58.94,41.03,5.73,51.59
5148121293,(주)제일정공,2015,성숙기,0,38.29,5.6,0.0,49.59,1.63,51.02
5148121293,(주)제일정공,2016,성숙기,0,35.48,0.0,19.68,47.67,16.53,59.06
5148121293,(주)제일정공,2017,성숙기,0,0.0,0.0,24.1,48.51,57.1,71.83
5148121293,(주)제일정공,2018,성숙기,0,56.96,0.0,92.35,49.22,62.42,49.41
5148121293,(주)제일정공,2019,성숙기,0,44.21,0.0,100.0,50.22,0.14,14.81
5148121293,(주)제일정공,2020,성숙기,0,100.0,0.0,62.42,57.22,2.93,52.2
5148121293,(주)제일정공,2021,조정기,0,25.99,24.6,38.9,51.01,26.58,62.2
5148121293,(주)제일정공,2022,조정기,0,44.25,26.1,54.23,34.73,0.0,31.51
5148121293,(주)제일정공,2023,성숙기,0,24.44,0.0,55.25,48.74,0.13,48.92
5148121293,(주)제일정공,2024,성숙기,0,53.17,0.0,58.94,39.03,0.16,50.28
5148124780,(주)월성,2016,조정기,0,35.48,33.5,19.68,46.84,3.33,51.01
5148124780,(주)월성,2017,조정기,0,0.0,35.9,24.1,48.92,0.17,46.6
5148124780,(주)월성,2018,조정기,0,56.96,38.0,92.35,49.91,0.25,46.3
5148124780,(주)월성,2019,성숙기,0,44.21,0.0,100.0,51.53,0.35,49.75
5148124780,(주)월성,2021,성숙기,0,25.99,0.0,38.9,55.08,5.8,48.84
5148124780,(주)월성,2022,성숙기,0,44.25,0.0,54.23,38.41,0.48,44.2
5148124780,(주)월성,2023,성숙기,0,24.44,0.0,55.25,51.14,1.01,49.17
5148126022,경일워터이엔지(주),2021,성장기,0,25.99,1.9,38.9,54.41,18.14,48.84
5148126022,경일워터이엔지(주),2022,쇠퇴기,0,44.25,100.0,54.23,36.93,35.04,57.05
5148126022,경일워터이엔지(주),2023,성숙기,0,24.44,0.0,55.25,50.57,21.46,41.38
5148126022,경일워터이엔지(주),2024,성장기,0,53.17,16.0,58.94,34.48,3.36,40.2
5148131715,한국진공주식회사,2015,쇠퇴기,0,38.29,100.0,0.0,29.83,89.15,82.05
5148131715,한국진공주식회사,2016,쇠퇴기,1,35.48,100.0,19.68,37.9,58.3,33.71
5148131748,(주)미광정공,2015,성장기,0,38.29,0.0,0.0,83.25,15.74,52.74
5148131748,(주)미광정공,2016,성장기,0,35.48,2.2,19.68,28.58,16.87,51.46
5148131748,(주)미광정공,2017,조정기,0,0.0,35.9,24.1,27.68,44.51,64.38
5148131748,(주)미광정공,2018,성장기,0,56.96,1.0,92.35,28.45,16.06,30.28
5148131748,(주)미광정공,2019,조정기,0,44.21,25.7,100.0,26.99,16.42,49.84
5148131748,(주)미광정공,2020,도입기,0,100.0,68.6,62.42,56.27,15.52,50.15
5148131748,(주)미광정공,2021,성숙기,0,25.99,0.0,38.9,44.98,17.68,50.11
5148131748,(주)미광정공,2022,성숙기,0,44.25,0.0,54.23,23.67,11.32,43.45
5148131748,(주)미광정공,2023,성숙기,0,24.44,0.0,55.25,39.37,6.53,46.2
5148131748,(주)미광정공,2024,성숙기,0,53.17,0.0,58.94,31.24,7.09,50.55
5148132238,잘만정공(주),2015,쇠퇴기,0,38.29,100.0,0.0,49.87,72.57,84.45
5148132238,잘만정공(주),2016,조정기,0,35.48,33.5,19.68,50.85,6.99,14.66
5148132238,잘만정공(주),2017,성숙기,0,0.0,0.0,24.1,51.41,2.85,46.04
5148132238,잘만정공(주),2018,성숙기,0,56.96,0.0,92.35,53.11,6.24,48.18
5148132238,잘만정공(주),2019,성숙기,0,44.21,0.0,100.0,53.54,1.84,47.22
5148133557,(주)대동정공,2015,성숙기,0,38.29,5.6,0.0,49.82,16.68,38.83
5148133557,(주)대동정공,2016,성숙기,0,35.48,0.0,19.68,53.99,0.71,42.06
5148133557,(주)대동정공,2017,성숙기,0,0.0,0.0,24.1,58.0,21.63,60.47
5148133557,(주)대동정공,2018,성장기,0,56.96,1.0,92.35,55.54,9.77,39.6
5148133557,(주)대동정공,2019,성숙기,0,44.21,0.0,100.0,55.76,20.66,55.72
5148133557,(주)대동정공,2021,도입기,0,25.99,71.8,38.9,57.64,4.74,48.84
5148133557,(주)대동정공,2022,성숙기,0,44.25,0.0,54.23,58.0,0.28,44.71
5148133557,(주)대동정공,2023,성숙기,0,24.44,0.0,55.25,68.49,0.24,48.83
5148133557,(주)대동정공,2024,성숙기,0,53.17,0.0,58.94,55.59,5.39,53.11
5148133969,(주)삼익테크,2015,조정기,0,38.29,28.5,0.0,45.94,68.18,81.32
5148133969,(주)삼익테크,2016,도입기,0,35.48,82.9,19.68,49.36,93.7,64.74
5148133969,(주)삼익테크,2017,성숙기,0,0.0,0.0,24.1,49.94,45.48,20.83
5148133969,(주)삼익테크,2018,쇠퇴기,0,56.96,100.0,92.35,53.23,50.4,49.16
5148133969,(주)삼익테크,2019,성장기,0,44.21,2.1,100.0,47.37,11.64,27.95
5148133969,(주)삼익테크,2020,성장기,0,100.0,0.8,62.42,59.45,24.82,57.9
5148133969,(주)삼익테크,2021,성장기,0,25.99,1.9,38.9,55.57,22.85,47.79
5148133969,(주)삼익테크,2022,성장기,0,44.25,3.1,54.23,42.36,15.82,42.99
5148133969,(주)삼익테크,2023,성장기,0,24.44,13.2,55.25,54.89,11.62,46.6
5148133969,(주)삼익테크,2024,조정기,0,53.17,27.2,58.94,44.16,88.8,92.81
5148135972,(주)아이디에스,2015,도입기,0,38.29,65.4,0.0,52.87,87.32,94.97
5148135972,(주)아이디에스,2016,도입기,0,35.48,82.9,19.68,45.52,58.54,34.85
5148135972,(주)아이디에스,2017,도입기,0,0.0,70.3,24.1,47.79,15.46,23.71
5148135972,(주)아이디에스,2018,도입기,0,56.96,75.8,92.35,53.19,92.84,90.05
5148135972,(주)아이디에스,2019,조정기,0,44.21,25.7,100.0,57.84,38.65,19.21
5148135972,(주)아이디에스,2020,쇠퇴기,0,100.0,100.0,62.42,66.39,86.59,76.97
5148135972,(주)아이디에스,2021,성숙기,0,25.99,0.0,38.9,54.87,42.17,23.96
5148135972,(주)아이디에스,2022,성숙기,0,44.25,0.0,54.23,37.0,24.59,36.58
5148135972,(주)아이디에스,2023,성숙기,0,24.44,0.0,55.25,50.81,14.61,43.35
5148135972,(주)아이디에스,2024,성숙기,0,53.17,0.0,58.94,40.19,38.83,63.57
5148136457,(주)대명ENG,2015,성숙기,0,38.29,5.6,0.0,71.12,1.26,19.73
5148136457,(주)대명ENG,2016,성숙기,0,35.48,0.0,19.68,70.52,0.02,50.19
5148136457,(주)대명ENG,2017,성숙기,0,0.0,0.0,24.1,77.27,0.59,48.74
5148136457,(주)대명ENG,2018,성숙기,0,56.96,0.0,92.35,67.1,0.12,45.99
5148136457,(주)대명ENG,2019,성숙기,0,44.21,0.0,100.0,61.94,0.23,49.75
5148136457,(주)대명ENG,2020,성숙기,0,100.0,0.0,62.42,74.84,54.8,80.66
5148136457,(주)대명ENG,2021,성숙기,0,25.99,0.0,38.9,66.07,70.08,57.57
5148136457,(주)대명ENG,2022,조정기,0,44.25,26.1,54.23,39.03,29.86,23.0
5148136457,(주)대명ENG,2023,성숙기,0,24.44,0.0,55.25,52.23,49.07,60.39
5148136457,(주)대명ENG,2024,성숙기,0,53.17,0.0,58.94,40.95,0.1,23.07
5148136568,주식회사신정기공,2018,성장기,0,56.96,1.0,92.35,49.91,8.35,46.26
5148136568,주식회사신정기공,2019,성장기,0,44.21,2.1,100.0,51.55,71.0,84.53
5148136568,주식회사신정기공,2020,성장기,0,100.0,0.8,62.42,60.99,49.81,38.94
5148136568,주식회사신정기공,2021,성장기,0,25.99,1.9,38.9,54.18,26.55,35.83
5148136568,주식회사신정기공,2022,조정기,0,44.25,26.1,54.23,37.47,73.29,74.4
5148136568,주식회사신정기공,2023,조정기,0,24.44,24.8,55.25,51.2,74.5,50.46
5148136568,주식회사신정기공,2024,조정기,1,53.17,27.2,58.94,41.21,89.18,58.09
5148136971,대동전장(주),2019,성장기,0,44.21,2.1,100.0,51.55,20.73,49.68
5148136971,대동전장(주),2020,성장기,0,100.0,0.8,62.42,60.99,4.09,41.5
5148136971,대동전장(주),2021,성장기,0,25.99,1.9,38.9,54.41,74.03,88.3
5148136971,대동전장(주),2022,조정기,0,44.25,26.1,54.23,35.86,29.77,20.59
5148136971,대동전장(주),2023,도입기,0,24.44,81.1,55.25,49.93,91.55,85.15
5148137252,주식회사신독,2015,도입기,0,38.29,65.4,0.0,47.21,8.29,38.46
5148137252,주식회사신독,2016,도입기,0,35.48,82.9,19.68,64.92,31.92,63.84
5148137252,주식회사신독,2017,성숙기,0,0.0,0.0,24.1,63.13,52.71,60.47
5148137252,주식회사신독,2018,성장기,0,56.96,1.0,92.35,60.27,49.84,44.76
5148137252,주식회사신독,2019,성장기,0,44.21,2.1,100.0,52.61,54.19,51.95
5148137252,주식회사신독,2020,성장기,0,100.0,0.8,62.42,48.02,54.22,50.62
5148137252,주식회사신독,2021,성장기,0,25.99,1.9,38.9,50.85,47.73,45.29
5148137252,주식회사신독,2022,조정기,0,44.25,26.1,54.23,34.25,61.93,55.11
5148137252,주식회사신독,2023,쇠퇴기,0,24.44,100.0,55.25,48.03,11.17,20.09
5148137252,주식회사신독,2024,쇠퇴기,0,53.17,100.0,58.94,38.23,34.35,63.01
5148138019,(주)코마텍,2015,도입기,0,38.29,65.4,0.0,61.75,6.12,51.31
5148138019,(주)코마텍,2016,성장기,0,35.48,2.2,19.68,53.23,12.42,54.33
5148138019,(주)코마텍,2017,성숙기,0,0.0,0.0,24.1,52.13,31.44,59.4
5148138019,(주)코마텍,2018,조정기,0,56.96,38.0,92.35,50.32,84.38,76.27
5148138019,(주)코마텍,2019,도입기,0,44.21,58.1,100.0,50.09,42.86,26.29
5148138019,(주)코마텍,2020,조정기,0,100.0,22.0,62.42,59.6,60.0,60.04
5148138019,(주)코마텍,2021,성숙기,0,25.99,0.0,38.9,55.69,58.01,47.83
5148138019,(주)코마텍,2022,도입기,0,44.25,70.4,54.23,48.23,40.35,36.35
5148138019,(주)코마텍,2023,성숙기,0,24.44,0.0,55.25,59.87,52.96,56.68
5148138019,(주)코마텍,2024,성장기,0,53.17,16.0,58.94,47.86,88.64,69.76
5148139231,(주)부광정밀,2016,성장기,0,35.48,2.2,19.68,46.84,6.17,51.01
5148139231,(주)부광정밀,2017,성장기,0,0.0,1.7,24.1,48.92,81.26,91.71
5148139231,(주)부광정밀,2018,성장기,0,56.96,1.0,92.35,49.91,4.38,2.99
5148139231,(주)부광정밀,2019,쇠퇴기,0,44.21,100.0,100.0,49.06,89.18,96.88
5148139231,(주)부광정밀,2020,도입기,0,100.0,68.6,62.42,64.81,85.71,48.66
5148139231,(주)부광정밀,2021,성장기,0,25.99,1.9,38.9,52.72,12.05,7.47
5148139231,(주)부광정밀,2022,도입기,0,44.25,70.4,54.23,39.91,91.54,93.74
5148139231,(주)부광정밀,2023,조정기,0,24.44,24.8,55.25,52.91,61.0,32.22
5148139231,(주)부광정밀,2024,성장기,0,53.17,16.0,58.94,42.43,24.63,29.98
5148142148,(주)피엔티엠에스,2016,쇠퇴기,0,35.48,100.0,19.68,46.84,4.29,51.01
5148142148,(주)피엔티엠에스,2017,성장기,0,0.0,1.7,24.1,48.92,0.91,46.47
5148142148,(주)피엔티엠에스,2018,도입기,0,56.96,75.8,92.35,49.91,7.21,49.82
5148142148,(주)피엔티엠에스,2019,성장기,0,44.21,2.1,100.0,71.89,28.57,61.56
5148142148,(주)피엔티엠에스,2020,쇠퇴기,0,100.0,100.0,62.42,70.45,88.38,83.51
5148142148,(주)피엔티엠에스,2021,조정기,0,25.99,24.6,38.9,72.57,80.44,44.52
5148142148,(주)피엔티엠에스,2022,도입기,1,44.25,70.4,54.23,39.58,93.69,54.16
5148143206,(주)케디엠,2015,성장기,0,38.29,0.0,0.0,52.15,3.88,36.19
5148143206,(주)케디엠,2016,도입기,0,35.48,82.9,19.68,78.48,84.11,94.96
5148143206,(주)케디엠,2017,쇠퇴기,0,0.0,100.0,24.1,74.96,33.81,19.61
5148143206,(주)케디엠,2018,조정기,0,56.96,38.0,92.35,70.55,23.69,40.62
5148143206,(주)케디엠,2019,쇠퇴기,0,44.21,100.0,100.0,65.69,61.38,70.59
5148143206,(주)케디엠,2020,도입기,0,100.0,68.6,62.42,61.05,14.76,24.98
5148143206,(주)케디엠,2021,성장기,0,25.99,1.9,38.9,52.27,80.44,85.92
5148143206,(주)케디엠,2022,조정기,0,44.25,26.1,54.23,33.56,72.03,41.49
5148143206,(주)케디엠,2023,성장기,0,24.44,13.2,55.25,47.56,20.0,19.48
5148143206,(주)케디엠,2024,쇠퇴기,0,53.17,100.0,58.94,37.13,17.03,48.55
5148149836,하이드로텍주식회사,2015,성숙기,0,38.29,5.6,0.0,48.16,10.53,52.41
5148149836,하이드로텍주식회사,2016,성숙기,0,35.48,0.0,19.68,41.57,14.71,53.15
5148149836,하이드로텍주식회사,2017,성숙기,0,0.0,0.0,24.1,42.25,18.8,50.8
5148149836,하이드로텍주식회사,2018,도입기,0,56.96,75.8,92.35,45.42,28.45,51.75
5148149836,하이드로텍주식회사,2019,성숙기,0,44.21,0.0,100.0,49.76,5.28,36.7
5148149836,하이드로텍주식회사,2020,성숙기,0,100.0,0.0,62.42,59.19,2.38,49.06
5148149836,하이드로텍주식회사,2021,성숙기,0,25.99,0.0,38.9,52.49,5.5,50.62
5148149836,하이드로텍주식회사,2022,성숙기,0,44.25,0.0,54.23,38.84,0.14,44.18
5148149836,하이드로텍주식회사,2023,성장기,0,24.44,13.2,55.25,52.01,0.34,48.97
5148149836,하이드로텍주식회사,2024,성숙기,0,53.17,0.0,58.94,42.05,57.81,81.98
5148150328,(주)세안정기,2015,성숙기,0,38.29,5.6,0.0,49.68,76.38,88.3
5148150328,(주)세안정기,2016,도입기,0,35.48,82.9,19.68,39.43,93.32,60.0
5148150328,(주)세안정기,2017,도입기,1,0.0,70.3,24.1,40.07,83.23,42.81
5148152933,주식회사평화이엔지,2015,쇠퇴기,0,38.29,100.0,0.0,60.86,23.06,42.17
5148152933,주식회사평화이엔지,2016,조정기,0,35.48,33.5,19.68,50.22,91.18,88.26
5148152933,주식회사평화이엔지,2017,도입기,1,0.0,70.3,24.1,51.93,90.05,47.97
5148153271,주식회사폴리쉘,2016,성장기,0,35.48,2.2,19.68,46.84,5.08,51.01
5148153271,주식회사폴리쉘,2017,성장기,0,0.0,1.7,24.1,48.92,19.14,56.53
5148153271,주식회사폴리쉘,2018,성장기,0,56.96,1.0,92.35,49.91,28.21,51.43
5148153271,주식회사폴리쉘,2019,쇠퇴기,0,44.21,100.0,100.0,53.37,24.26,47.4
5148153271,주식회사폴리쉘,2020,쇠퇴기,0,100.0,100.0,62.42,58.28,59.84,70.2
5148153271,주식회사폴리쉘,2021,쇠퇴기,0,25.99,100.0,38.9,49.96,76.64,58.43
5148153271,주식회사폴리쉘,2022,쇠퇴기,0,44.25,100.0,54.23,39.25,17.47,11.83
5148153271,주식회사폴리쉘,2023,쇠퇴기,0,24.44,100.0,55.25,52.18,86.1,88.98
5148153271,주식회사폴리쉘,2024,쇠퇴기,0,53.17,100.0,58.94,41.71,66.99,39.4
5148162275,(주)에스티아이,2015,조정기,0,38.29,28.5,0.0,49.87,50.56,75.0
5148162275,(주)에스티아이,2016,성장기,0,35.48,2.2,19.68,46.84,2.01,24.08
5148162275,(주)에스티아이,2017,성장기,0,0.0,1.7,24.1,32.36,0.42,47.5
5148162275,(주)에스티아이,2018,성장기,0,56.96,1.0,92.35,35.24,5.5,49.12
5148162275,(주)에스티아이,2019,도입기,0,44.21,58.1,100.0,65.49,84.79,93.8
5148162275,(주)에스티아이,2020,도입기,0,100.0,68.6,62.42,97.18,80.83,48.4
5148162275,(주)에스티아이,2021,조정기,1,25.99,24.6,38.9,69.1,89.07,53.64
5148170396,주식회사광림정공,2015,성장기,0,38.29,0.0,0.0,52.72,2.2,50.65
5148170396,주식회사광림정공,2016,성장기,0,35.48,2.2,19.68,46.42,0.84,50.12
5148170396,주식회사광림정공,2017,성장기,0,0.0,1.7,24.1,55.12,0.7,48.33
5148170396,주식회사광림정공,2018,성숙기,0,56.96,0.0,92.35,52.5,0.27,46.01
5148170396,주식회사광림정공,2019,성숙기,0,44.21,0.0,100.0,55.32,12.91,56.72
5148170396,주식회사광림정공,2020,성숙기,0,100.0,0.0,62.42,70.51,20.0,54.55
5148170396,주식회사광림정공,2021,성숙기,0,25.99,0.0,38.9,60.67,72.53,78.52
5148170396,주식회사광림정공,2022,성숙기,0,44.25,0.0,54.23,36.31,0.74,4.5
5148170396,주식회사광림정공,2023,성숙기,0,24.44,0.0,55.25,50.25,0.22,48.55
5148170396,주식회사광림정공,2024,성숙기,0,53.17,0.0,58.94,40.4,0.18,50.25
5148172318,주식회사신성하이텍,2015,성숙기,0,38.29,5.6,0.0,49.87,60.96,37.13
5148172318,주식회사신성하이텍,2016,쇠퇴기,0,35.48,100.0,19.68,65.38,70.03,55.72
5148172318,주식회사신성하이텍,2017,도입기,0,0.0,70.3,24.1,61.25,67.46,47.09
5148172318,주식회사신성하이텍,2018,쇠퇴기,1,56.96,100.0,92.35,63.62,89.33,58.8
5148174107,주식회사대명디스플레이,2022,성장기,0,44.25,3.1,54.23,36.93,26.78,47.42
5148174107,주식회사대명디스플레이,2023,도입기,0,24.44,81.1,55.25,50.57,93.09,87.74
5148174107,주식회사대명디스플레이,2024,도입기,0,53.17,92.8,58.94,40.55,55.3,29.08
5148174145,(주)신성정공,2015,성장기,0,38.29,0.0,0.0,49.87,8.09,43.28
5148174145,(주)신성정공,2016,성장기,0,35.48,2.2,19.68,41.9,82.26,91.62
5148174145,(주)신성정공,2017,성숙기,0,0.0,0.0,24.1,42.46,56.23,33.6
5148174145,(주)신성정공,2018,쇠퇴기,0,56.96,100.0,92.35,38.95,17.63,24.57
5148174145,(주)신성정공,2019,도입기,0,44.21,58.1,100.0,46.9,57.69,71.93
5148174505,명일폼테크주식회사,2020,성장기,1,100.0,0.8,62.42,60.99,76.38,50.67
5148175203,플렉스피이주식회사,2015,쇠퇴기,1,38.29,100.0,0.0,49.87,98.64,59.05
5148179285,(주)원화정밀,2016,성숙기,0,35.48,0.0,19.68,46.84,3.57,51.01
5148179285,(주)원화정밀,2017,성장기,0,0.0,1.7,24.1,48.92,0.51,46.66
5148179285,(주)원화정밀,2018,성장기,0,56.96,1.0,92.35,49.91,0.51,46.25
5148179285,(주)원화정밀,2019,성장기,0,44.21,2.1,100.0,47.85,0.18,49.51
5148179285,(주)원화정밀,2020,성숙기,0,100.0,0.0,62.42,58.78,5.25,53.45
5148179285,(주)원화정밀,2021,성숙기,0,25.99,0.0,38.9,56.31,0.88,46.41
5148179285,(주)원화정밀,2022,성숙기,0,44.25,0.0,54.23,38.81,0.69,47.26
5148179285,(주)원화정밀,2023,조정기,0,24.44,24.8,55.25,52.04,2.65,50.0
5148179285,(주)원화정밀,2024,성숙기,0,53.17,0.0,58.94,41.8,29.97,65.33
5148179650,(주)경원정공,2021,조정기,0,25.99,24.6,38.9,54.41,13.93,48.84
5148179650,(주)경원정공,2022,성숙기,0,44.25,0.0,54.23,36.93,10.72,45.33
5148179650,(주)경원정공,2023,성장기,0,24.44,13.2,55.25,50.57,17.45,52.9
5148179650,(주)경원정공,2024,성숙기,0,53.17,0.0,58.94,39.33,2.45,41.93
5148188182,(주)씨디씨뉴매틱,2015,성숙기,0,38.29,5.6,0.0,49.87,2.12,49.6
5148188182,(주)씨디씨뉴매틱,2016,성숙기,0,35.48,0.0,19.68,30.97,2.41,51.03
5148188182,(주)씨디씨뉴매틱,2017,성숙기,0,0.0,0.0,24.1,37.58,1.21,47.72
5148188182,(주)씨디씨뉴매틱,2018,성숙기,0,56.96,0.0,92.35,35.27,0.84,46.05
5148188182,(주)씨디씨뉴매틱,2019,성장기,0,44.21,2.1,100.0,48.3,0.92,49.74
5148188182,(주)씨디씨뉴매틱,2020,성숙기,0,100.0,0.0,62.42,62.74,0.73,50.56
5148188182,(주)씨디씨뉴매틱,2021,성숙기,0,25.99,0.0,38.9,56.56,0.72,48.86
5148188182,(주)씨디씨뉴매틱,2022,성숙기,0,44.25,0.0,54.23,39.19,0.23,47.09
5148188182,(주)씨디씨뉴매틱,2023,성숙기,0,24.44,0.0,55.25,52.37,0.72,49.13
5148188182,(주)씨디씨뉴매틱,2024,성숙기,0,53.17,0.0,58.94,42.48,0.4,50.09
5148197696,주식회사엠엠티에스엠,2015,조정기,0,38.29,28.5,0.0,49.87,34.15,50.22
5148197696,주식회사엠엠티에스엠,2016,성장기,0,35.48,2.2,19.68,46.84,55.42,62.48
5148197696,주식회사엠엠티에스엠,2017,도입기,0,0.0,70.3,24.1,,22.09,29.33
5148197696,주식회사엠엠티에스엠,2018,도입기,0,56.96,75.8,92.35,49.91,20.82,45.59
5148197696,주식회사엠엠티에스엠,2019,도입기,0,44.21,58.1,100.0,45.98,17.98,48.04
5148197696,주식회사엠엠티에스엠,2020,성숙기,0,100.0,0.0,62.42,73.25,90.85,90.69
5148197696,주식회사엠엠티에스엠,2021,성장기,0,25.99,1.9,38.9,79.0,22.38,10.4
5148197696,주식회사엠엠티에스엠,2022,성숙기,0,44.25,0.0,54.23,45.74,8.14,38.78
5148197696,주식회사엠엠티에스엠,2023,성장기,0,24.44,13.2,55.25,57.41,11.25,50.76
5148197696,주식회사엠엠티에스엠,2024,성숙기,0,53.17,0.0,58.94,46.61,3.14,45.75
5158108653,주식회사오성기공,2015,도입기,1,38.29,65.4,0.0,40.28,82.32,52.15
5158110936,주식회사경한,2020,성숙기,0,100.0,0.0,62.42,60.99,3.33,50.67
5158110936,주식회사경한,2021,성숙기,0,25.99,0.0,38.9,54.41,30.99,64.46
5158110936,주식회사경한,2022,성숙기,0,44.25,0.0,54.23,36.93,4.5,31.51
5158110936,주식회사경한,2023,성숙기,0,24.44,0.0,55.25,47.46,66.55,84.99
5158110936,주식회사경한,2024,성장기,0,53.17,16.0,58.94,39.48,0.64,13.66
5158116473,(주)에이스정밀,2015,성숙기,0,38.29,5.6,0.0,57.47,76.26,66.47
5158116473,(주)에이스정밀,2016,조정기,1,35.48,33.5,19.68,45.23,92.47,59.61
5158119669,(주)엠케이테크,2022,성숙기,0,44.25,0.0,54.23,36.93,5.18,47.42
5158119669,(주)엠케이테크,2023,성숙기,0,24.44,0.0,55.25,50.57,70.24,86.75
5158119669,(주)엠케이테크,2024,성숙기,0,53.17,0.0,58.94,40.55,0.57,11.57
5158123708,주식회사트리엔,2021,성장기,0,25.99,1.9,38.9,54.41,36.13,48.84
5158123708,주식회사트리엔,2022,도입기,0,44.25,70.4,54.23,36.93,42.36,50.59
5158123708,주식회사트리엔,2023,도입기,0,24.44,81.1,55.25,50.57,87.95,75.88
5158123708,주식회사트리엔,2024,도입기,0,53.17,92.8,58.94,41.15,58.98,33.96
5158124352,(주)진영테크윈,2019,조정기,0,44.21,25.7,100.0,51.55,3.63,49.68
5158124352,(주)진영테크윈,2020,성숙기,0,100.0,0.0,62.42,60.99,0.67,49.04
5158124352,(주)진영테크윈,2021,조정기,0,25.99,24.6,38.9,54.41,11.9,55.19
5158124352,(주)진영테크윈,2023,성숙기,0,24.44,0.0,55.25,43.52,3.25,48.85
5158124352,(주)진영테크윈,2024,성숙기,0,53.17,0.0,58.94,34.75,4.6,51.0
5158128547,주식회사에스알디코리아,2022,성숙기,0,44.25,0.0,54.23,36.93,3.51,47.42
5158128547,주식회사에스알디코리아,2023,성숙기,0,24.44,0.0,55.25,50.57,0.16,46.94
5158128547,주식회사에스알디코리아,2024,성숙기,0,53.17,0.0,58.94,40.55,4.98,52.92
5158131436,(주)창조이엔지,2019,성장기,0,44.21,2.1,100.0,51.55,30.74,49.68
5158131436,(주)창조이엔지,2020,쇠퇴기,0,100.0,100.0,62.42,60.99,93.06,84.88
5158131436,(주)창조이엔지,2021,쇠퇴기,0,25.99,100.0,38.9,54.41,18.24,6.83
5158131436,(주)창조이엔지,2022,쇠퇴기,0,44.25,100.0,54.23,37.17,9.74,42.19
5158131436,(주)창조이엔지,2023,도입기,0,24.44,81.1,55.25,51.12,18.98,54.34
5158131436,(주)창조이엔지,2024,쇠퇴기,0,53.17,100.0,58.94,41.77,39.31,61.41
5158132532,(주)티에스티,2020,성장기,0,100.0,0.8,62.42,60.99,26.92,50.67
5158132532,(주)티에스티,2021,쇠퇴기,0,25.99,100.0,38.9,54.41,64.75,70.24
5158132532,(주)티에스티,2022,도입기,1,44.25,70.4,54.23,36.93,85.39,58.67
5158134883,(주)한일공업,2018,도입기,0,56.96,75.8,92.35,49.91,9.56,46.26
5158134883,(주)한일공업,2019,성장기,0,44.21,2.1,100.0,51.55,76.42,86.87
5158134883,(주)한일공업,2020,도입기,0,100.0,68.6,62.42,60.99,88.06,56.98
5158134883,(주)한일공업,2021,쇠퇴기,1,25.99,100.0,38.9,51.21,99.04,55.19
5158140973,(주)케이피씨엠,2015,성숙기,0,38.29,5.6,0.0,48.83,1.9,47.25
5158140973,(주)케이피씨엠,2016,성장기,0,35.48,2.2,19.68,45.58,15.82,58.52
5158140973,(주)케이피씨엠,2017,성장기,0,0.0,1.7,24.1,47.71,33.49,58.63
5158140973,(주)케이피씨엠,2018,성장기,0,56.96,1.0,92.35,50.54,38.11,48.95
5158140973,(주)케이피씨엠,2019,성장기,0,44.21,2.1,100.0,53.15,2.12,29.53
5158140973,(주)케이피씨엠,2020,성숙기,0,100.0,0.0,62.42,57.05,3.62,51.49
5158140973,(주)케이피씨엠,2021,성숙기,0,25.99,0.0,38.9,54.74,4.47,49.34
5158140973,(주)케이피씨엠,2022,성숙기,0,44.25,0.0,54.23,36.71,6.6,48.57
5158140973,(주)케이피씨엠,2023,성숙기,0,24.44,0.0,55.25,50.42,5.91,48.53
5158140973,(주)케이피씨엠,2024,도입기,0,53.17,92.8,58.94,40.43,6.01,50.3
5198700733,주식회사엘프시스템,2021,성장기,0,25.99,1.9,38.9,54.41,37.05,48.84
5198700733,주식회사엘프시스템,2022,도입기,0,44.25,70.4,54.23,36.93,91.08,78.54
5198700733,주식회사엘프시스템,2023,도입기,0,24.44,81.1,55.25,50.57,31.15,15.12
5198700733,주식회사엘프시스템,2024,도입기,0,53.17,92.8,58.94,38.55,95.03,85.4
5218702068,에스에이에스코리아주식회사,2021,조정기,0,25.99,24.6,38.9,54.41,40.42,48.84
5218702068,에스에이에스코리아주식회사,2022,도입기,0,44.25,70.4,54.23,36.93,91.7,76.89
5218702068,에스에이에스코리아주식회사,2023,도입기,1,24.44,81.1,55.25,50.57,86.52,46.97
5228702042,(주)에스티에스로보테크,2022,성장기,0,44.25,3.1,54.23,36.93,36.69,47.42
5228702042,(주)에스티에스로보테크,2023,도입기,0,24.44,81.1,55.25,50.57,85.66,77.79
5228702042,(주)에스티에스로보테크,2024,도입기,1,53.17,92.8,58.94,40.55,91.7,53.28
5258600255,코메스(주),2022,성숙기,0,44.25,0.0,54.23,36.93,12.5,47.42
5258600255,코메스(주),2023,도입기,0,24.44,81.1,55.25,50.57,13.94,49.84
5258600255,코메스(주),2024,조정기,0,53.17,27.2,58.94,40.55,5.88,45.77
5288800622,에이치디건설기계(주),2017,성장기,0,0.0,1.7,24.1,48.92,3.98,48.42
5288800622,에이치디건설기계(주),2018,도입기,0,56.96,75.8,92.35,49.91,4.71,46.67
5288800622,에이치디건설기계(주),2019,성장기,0,44.21,2.1,100.0,51.55,1.64,47.97
5288800622,에이치디건설기계(주),2020,조정기,0,100.0,22.0,62.42,63.16,16.02,58.56
5288800622,에이치디건설기계(주),2021,쇠퇴기,0,25.99,100.0,38.9,58.23,5.56,42.99
5288800622,에이치디건설기계(주),2022,조정기,0,44.25,26.1,54.23,39.85,0.44,44.32
5288800622,에이치디건설기계(주),2023,성숙기,0,24.44,0.0,55.25,52.78,0.18,48.7
5288800622,에이치디건설기계(주),2024,성숙기,0,53.17,0.0,58.94,42.34,0.34,50.35
5398600986,(주)에이올코리아,2021,도입기,0,25.99,71.8,38.9,54.41,37.48,48.84
5398600986,(주)에이올코리아,2022,도입기,0,44.25,70.4,54.23,36.93,91.88,78.75
5398600986,(주)에이올코리아,2023,도입기,1,24.44,81.1,55.25,50.57,87.66,47.54
5418701044,한온시스템이에프피주식회사,2020,성장기,0,100.0,0.8,62.42,60.99,5.18,50.67
5418701044,한온시스템이에프피주식회사,2021,성장기,0,25.99,1.9,38.9,54.41,2.49,47.35
5418701044,한온시스템이에프피주식회사,2022,성장기,0,44.25,3.1,54.23,36.93,27.26,61.84
5418701044,한온시스템이에프피주식회사,2023,성장기,0,24.44,13.2,55.25,49.81,2.18,34.6
5418701044,한온시스템이에프피주식회사,2024,성장기,0,53.17,16.0,58.94,39.88,52.0,77.75
5488701026,주식회사동성메탈,2022,도입기,0,44.25,70.4,54.23,36.93,13.41,47.42
5488701026,주식회사동성메탈,2023,성장기,0,24.44,13.2,55.25,50.57,5.68,44.52
5488701026,주식회사동성메탈,2024,성장기,0,53.17,16.0,58.94,40.55,5.78,50.3
5518801465,성하에스이주식회사,2021,도입기,0,25.99,71.8,38.9,54.41,28.79,48.84
5518801465,성하에스이주식회사,2022,성숙기,0,44.25,0.0,54.23,,2.53,31.67
5518801465,성하에스이주식회사,2023,성숙기,0,24.44,0.0,55.25,50.57,17.63,57.67
5518801465,성하에스이주식회사,2024,성숙기,0,53.17,0.0,58.94,40.55,5.93,43.74
5528101912,주식회사미코세라믹스,2020,성장기,0,100.0,0.8,62.42,60.99,11.32,50.67
5528101912,주식회사미코세라믹스,2021,성장기,0,25.99,1.9,38.9,54.41,4.45,45.01
5528101912,주식회사미코세라믹스,2022,성장기,0,44.25,3.1,54.23,36.93,1.08,45.36
5528101912,주식회사미코세라믹스,2023,성장기,0,24.44,13.2,55.25,53.8,2.35,49.6
5528101912,주식회사미코세라믹스,2024,성장기,0,53.17,16.0,58.94,43.42,0.58,49.29
5538700825,주식회사엘파스,2022,성숙기,0,44.25,0.0,54.23,36.93,5.07,47.42
5538700825,주식회사엘파스,2023,쇠퇴기,0,24.44,100.0,55.25,50.57,66.58,84.68
5538700825,주식회사엘파스,2024,쇠퇴기,0,53.17,100.0,58.94,40.55,67.8,50.7
5548701133,(주)조일감속기,2019,도입기,0,44.21,58.1,100.0,51.55,37.93,49.68
5548701133,(주)조일감속기,2020,쇠퇴기,0,100.0,100.0,62.42,60.99,95.64,82.34
5548701133,(주)조일감속기,2021,조정기,1,25.99,24.6,38.9,54.41,93.25,47.67
5588602063,주식회사금성풍력,2020,성숙기,0,100.0,0.0,62.42,60.99,7.29,50.67
5588602063,주식회사금성풍력,2021,성숙기,0,25.99,0.0,38.9,54.41,3.28,46.61
5588602063,주식회사금성풍력,2022,성숙기,0,44.25,0.0,54.23,36.93,1.91,46.54
5588602063,주식회사금성풍력,2023,성숙기,0,24.44,0.0,55.25,82.68,1.4,48.58
5588602063,주식회사금성풍력,2024,성숙기,0,53.17,0.0,58.94,67.84,0.14,49.56
5598101475,아이디스주식회사,2019,성숙기,0,44.21,0.0,100.0,51.55,12.44,49.68
5598101475,아이디스주식회사,2020,도입기,0,100.0,68.6,62.42,60.99,19.89,54.75
5598101475,아이디스주식회사,2021,성숙기,0,25.99,0.0,38.9,54.41,15.11,46.19
5598101475,아이디스주식회사,2022,도입기,0,44.25,70.4,54.23,40.12,22.42,51.47
5598101475,아이디스주식회사,2023,조정기,0,24.44,24.8,55.25,52.84,14.71,44.64
5598101475,아이디스주식회사,2024,성숙기,0,53.17,0.0,58.94,43.02,4.19,44.41
5718100933,주식회사토탈베스틸정공,2019,성장기,0,44.21,2.1,100.0,51.55,33.73,49.68
5718100933,주식회사토탈베스틸정공,2020,성숙기,0,100.0,0.0,62.42,60.99,25.23,45.96
5718100933,주식회사토탈베스틸정공,2021,성장기,0,25.99,1.9,38.9,54.41,10.47,40.58
5718100933,주식회사토탈베스틸정공,2022,쇠퇴기,0,44.25,100.0,54.23,36.52,75.5,85.3
5718100933,주식회사토탈베스틸정공,2023,성장기,0,24.44,13.2,55.25,50.28,10.38,11.91
5718100933,주식회사토탈베스틸정공,2024,성장기,0,53.17,16.0,58.94,40.21,0.79,44.94
5828100928,주식회사케이씨파츠텍,2020,도입기,0,100.0,68.6,62.42,60.99,39.82,50.67
5828100928,주식회사케이씨파츠텍,2021,도입기,0,25.99,71.8,38.9,54.41,88.47,76.36
5828100928,주식회사케이씨파츠텍,2022,도입기,1,44.25,70.4,54.23,36.93,93.95,49.51
5848700421,주식회사신화에어테크,2022,성장기,0,44.25,3.1,54.23,36.93,15.77,47.42
5848700421,주식회사신화에어테크,2023,성숙기,0,24.44,0.0,55.25,50.57,7.12,44.01
5848700421,주식회사신화에어테크,2024,성숙기,0,53.17,0.0,58.94,40.55,5.68,49.44
5888100566,나노팀(주),2021,성장기,0,25.99,1.9,38.9,54.41,9.81,48.84
5888100566,나노팀(주),2022,성장기,0,44.25,3.1,54.23,36.93,6.83,45.52
5888100566,나노팀(주),2023,성장기,0,24.44,13.2,55.25,50.57,1.38,45.76
5888100566,나노팀(주),2024,성장기,0,53.17,16.0,58.94,37.57,77.15,92.07
5888600824,주식회사진웅,2017,조정기,0,0.0,35.9,24.1,48.92,36.55,48.42
5888600824,주식회사진웅,2018,성숙기,0,56.96,0.0,92.35,49.91,81.85,71.96
5888600824,주식회사진웅,2019,성숙기,1,44.21,0.0,100.0,51.55,84.45,50.85
5918700244,(주)디에이치오토리드,2018,도입기,0,56.96,75.8,92.35,49.91,11.56,46.26
5918700244,(주)디에이치오토리드,2019,도입기,0,44.21,58.1,100.0,51.55,17.51,52.96
5918700244,(주)디에이치오토리드,2020,도입기,0,100.0,68.6,62.42,60.99,7.08,44.92
5918700244,(주)디에이치오토리드,2021,도입기,0,25.99,71.8,38.9,48.42,25.79,59.42
5918700244,(주)디에이치오토리드,2022,도입기,0,44.25,70.4,54.23,33.73,72.32,74.29
5918801255,(주)광진이엔씨,2020,도입기,0,100.0,68.6,62.42,60.99,37.42,50.67
5918801255,(주)광진이엔씨,2021,조정기,0,25.99,24.6,38.9,54.41,40.88,50.87
5918801255,(주)광진이엔씨,2022,성숙기,0,44.25,0.0,54.23,36.93,23.66,36.81
5918801255,(주)광진이엔씨,2023,조정기,0,24.44,24.8,55.25,50.08,9.57,40.94
6018116885,(주)대양계기,2015,성장기,0,38.29,0.0,0.0,50.64,1.01,50.68
6018116885,(주)대양계기,2016,성장기,0,35.48,2.2,19.68,36.26,0.85,50.78
6018116885,(주)대양계기,2017,도입기,0,0.0,70.3,24.1,36.84,60.94,83.05
6018116885,(주)대양계기,2018,성숙기,0,56.96,0.0,92.35,38.13,41.26,35.28
6018116885,(주)대양계기,2019,쇠퇴기,0,44.21,100.0,100.0,46.07,60.06,60.01
6018116885,(주)대양계기,2022,성숙기,0,44.25,0.0,54.23,25.77,0.93,47.42
6018116885,(주)대양계기,2023,성숙기,0,24.44,0.0,55.25,42.49,0.27,48.48
6018116885,(주)대양계기,2024,성숙기,0,53.17,0.0,58.94,32.27,0.54,50.41
6018131396,(주)씨플러스,2015,성숙기,0,38.29,5.6,0.0,65.4,72.62,63.06
6018131396,(주)씨플러스,2016,성숙기,0,35.48,0.0,19.68,53.74,65.55,46.82
6018131396,(주)씨플러스,2017,도입기,0,0.0,70.3,24.1,55.31,75.41,54.24
6028118912,미부나미레이(주),2015,쇠퇴기,0,38.29,100.0,0.0,49.87,97.92,82.63
6028118912,미부나미레이(주),2016,성숙기,0,35.48,0.0,19.68,46.84,46.38,22.32
6028120209,제일엠텍(주),2017,성장기,0,0.0,1.7,24.1,48.92,22.47,48.42
6028120209,제일엠텍(주),2018,성장기,0,56.96,1.0,92.35,49.91,72.92,74.84
6028120209,제일엠텍(주),2019,성장기,0,44.21,2.1,100.0,51.55,18.91,19.38
6028120209,제일엠텍(주),2020,조정기,0,100.0,22.0,62.42,61.98,37.37,60.79
6028120209,제일엠텍(주),2021,조정기,0,25.99,24.6,38.9,48.26,7.37,32.01
6028120209,제일엠텍(주),2022,성장기,0,44.25,3.1,54.23,33.73,11.46,49.69
6028120209,제일엠텍(주),2023,성숙기,0,24.44,0.0,55.25,48.05,12.83,49.78
6028120209,제일엠텍(주),2024,조정기,0,53.17,27.2,58.94,39.09,8.35,47.75
6028124898,주식회사부영마린,2018,성장기,0,56.96,1.0,92.35,49.91,11.56,46.26
6028124898,주식회사부영마린,2019,성장기,0,44.21,2.1,100.0,51.55,10.09,48.83
6028124898,주식회사부영마린,2020,성장기,0,100.0,0.8,62.42,60.99,13.41,52.48
6028124898,주식회사부영마린,2021,성장기,0,25.99,1.9,38.9,55.25,43.54,65.87
6028124898,주식회사부영마린,2022,성숙기,0,44.25,0.0,54.23,40.04,4.62,24.08
6028124898,주식회사부영마린,2023,성숙기,0,24.44,0.0,55.25,54.26,4.8,49.01
6028124898,주식회사부영마린,2024,도입기,0,53.17,92.8,58.94,43.46,8.44,52.26
6028130686,인트라정공(주),2020,성장기,0,100.0,0.8,62.42,60.99,37.67,50.67
6028130686,인트라정공(주),2021,도입기,0,25.99,71.8,38.9,54.41,91.51,79.27
6028130686,인트라정공(주),2022,성숙기,1,44.25,0.0,54.23,36.93,77.5,38.07
6028147358,유신에이치알,2018,성장기,0,56.96,1.0,92.35,49.91,5.4,46.26
6028147358,유신에이치알,2019,도입기,0,44.21,58.1,100.0,51.55,7.22,50.69
6028147358,유신에이치알,2020,성장기,0,100.0,0.8,62.42,60.99,4.36,49.08
6028147358,유신에이치알,2021,성숙기,0,25.99,0.0,38.9,53.56,37.29,67.44
6028147358,유신에이치알,2022,쇠퇴기,0,44.25,100.0,54.23,35.75,8.88,30.31
6028147358,유신에이치알,2023,성숙기,0,24.44,0.0,55.25,50.01,0.25,43.94
6028147358,유신에이치알,2024,조정기,0,53.17,27.2,58.94,40.28,0.29,50.28
6028148769,제일씨엠(주),2017,성장기,0,0.0,1.7,24.1,48.92,23.18,48.42
6028148769,제일씨엠(주),2018,조정기,0,56.96,38.0,92.35,49.91,88.52,83.27
6028148769,제일씨엠(주),2019,성숙기,0,44.21,0.0,100.0,51.55,13.56,7.67
6028148769,제일씨엠(주),2020,쇠퇴기,0,100.0,100.0,62.42,55.12,87.0,91.01
6028148769,제일씨엠(주),2021,성숙기,0,25.99,0.0,38.9,55.4,10.83,6.06
6028148769,제일씨엠(주),2022,쇠퇴기,0,44.25,100.0,54.23,49.73,22.96,54.35
6028148769,제일씨엠(주),2023,조정기,0,24.44,24.8,55.25,60.79,17.78,46.12
6028153281,하이씨텍(주),2017,성장기,0,0.0,1.7,24.1,48.92,20.97,48.42
6028153281,하이씨텍(주),2018,조정기,0,56.96,38.0,92.35,49.91,77.87,78.49
6028153281,하이씨텍(주),2019,성숙기,0,44.21,0.0,100.0,51.55,48.82,33.26
6028153281,하이씨텍(주),2020,조정기,0,100.0,22.0,62.42,53.46,20.5,35.05
6028162679,우리조선(주),2015,도입기,0,38.29,65.4,0.0,49.87,21.93,50.22
6028162679,우리조선(주),2016,성장기,0,35.48,2.2,19.68,46.84,70.66,77.6
6028162679,우리조선(주),2017,조정기,0,0.0,35.9,24.1,48.92,48.42,35.75
6028162679,우리조선(주),2018,조정기,0,56.96,38.0,92.35,43.03,27.79,34.71
6028162679,우리조선(주),2021,조정기,0,25.99,24.6,38.9,57.7,64.27,48.84
6028162679,우리조선(주),2022,조정기,0,44.25,26.1,54.23,81.73,10.44,15.11
6028162679,우리조선(주),2023,쇠퇴기,0,24.44,100.0,55.25,84.85,28.23,59.32
6028162679,우리조선(주),2024,도입기,0,53.17,92.8,58.94,69.21,91.95,85.32
6038110081,하이에어코리아주식회사,2015,조정기,0,38.29,28.5,0.0,43.65,0.19,47.58
6038110081,하이에어코리아주식회사,2016,성숙기,0,35.48,0.0,19.68,43.01,0.38,50.97
6038110081,하이에어코리아주식회사,2017,성숙기,0,0.0,0.0,24.1,43.71,39.37,70.89
6038110081,하이에어코리아주식회사,2018,성숙기,0,56.96,0.0,92.35,43.35,9.47,29.45
6038110081,하이에어코리아주식회사,2019,성숙기,0,44.21,0.0,100.0,42.91,28.38,60.18
6038110081,하이에어코리아주식회사,2020,성숙기,0,100.0,0.0,62.42,48.36,0.17,35.13
6038110081,하이에어코리아주식회사,2021,성숙기,0,25.99,0.0,38.9,47.41,4.56,51.34
6038110081,하이에어코리아주식회사,2022,성숙기,0,44.25,0.0,54.23,31.01,4.91,47.53
6038110081,하이에어코리아주식회사,2023,성장기,0,24.44,13.2,55.25,45.58,0.19,46.16
6038110081,하이에어코리아주식회사,2024,성숙기,0,53.17,0.0,58.94,36.64,0.18,50.26
6038114205,주식회사화인,2015,성장기,0,38.29,0.0,0.0,54.17,0.15,48.47
6038114205,주식회사화인,2016,쇠퇴기,0,35.48,100.0,19.68,45.67,64.32,86.14
6038114205,주식회사화인,2017,성장기,0,0.0,1.7,24.1,46.62,0.3,11.65
6038114205,주식회사화인,2018,조정기,0,56.96,38.0,92.35,48.95,29.25,62.63
6038114205,주식회사화인,2019,성장기,0,44.21,2.1,100.0,49.89,30.77,50.44
6038114205,주식회사화인,2020,성장기,0,100.0,0.8,62.42,63.19,57.12,65.12
6038114205,주식회사화인,2021,성장기,0,25.99,1.9,38.9,59.9,61.87,51.63
6038114205,주식회사화인,2022,성숙기,0,44.25,0.0,54.23,42.13,12.06,17.48
6038114205,주식회사화인,2023,성장기,0,24.44,13.2,55.25,54.98,54.69,73.79
6038114205,주식회사화인,2024,도입기,0,53.17,92.8,58.94,43.61,44.81,44.62
6038115505,(주)나라코퍼레이션,2015,조정기,0,38.29,28.5,0.0,46.62,8.94,54.86
6038115505,(주)나라코퍼레이션,2016,성장기,0,35.48,2.2,19.68,44.94,1.05,46.52
6038115505,(주)나라코퍼레이션,2017,성숙기,0,0.0,0.0,24.1,47.52,1.66,48.77
6038115505,(주)나라코퍼레이션,2018,성숙기,0,56.96,0.0,92.35,48.38,1.4,46.1
6038115505,(주)나라코퍼레이션,2019,성숙기,0,44.21,0.0,100.0,51.01,1.28,49.62
6038115505,(주)나라코퍼레이션,2020,성숙기,0,100.0,0.0,62.42,57.67,1.21,50.63
6038115505,(주)나라코퍼레이션,2021,성숙기,0,25.99,0.0,38.9,51.39,34.6,67.69
6038115505,(주)나라코퍼레이션,2022,성숙기,0,44.25,0.0,54.23,34.34,1.69,27.7
6038115505,(주)나라코퍼레이션,2023,성숙기,0,24.44,0.0,55.25,48.61,1.33,48.66
6038115505,(주)나라코퍼레이션,2024,성숙기,0,53.17,0.0,58.94,39.32,1.26,50.22
6038115975,(주)대경,2015,성숙기,0,38.29,5.6,0.0,49.87,0.4,50.26
6038115975,(주)대경,2016,성장기,0,35.48,2.2,19.68,46.84,0.03,50.67
6038115975,(주)대경,2017,성숙기,0,0.0,0.0,24.1,47.95,0.48,48.67
6038115975,(주)대경,2018,성장기,0,56.96,1.0,92.35,47.01,39.55,68.35
6038115975,(주)대경,2019,성장기,0,44.21,2.1,100.0,50.58,22.07,39.83
6038115975,(주)대경,2023,성장기,0,24.44,13.2,55.25,44.83,0.43,48.85
6038115975,(주)대경,2024,성숙기,0,53.17,0.0,58.94,34.79,0.13,50.09
6038116464,영도산업주식회사,2015,성숙기,0,38.29,5.6,0.0,48.55,0.55,48.17
6038116464,영도산업주식회사,2016,성숙기,0,35.48,0.0,19.68,52.07,0.26,50.72
6038116464,영도산업주식회사,2017,성숙기,0,0.0,0.0,24.1,53.84,10.03,54.04
6038116464,영도산업주식회사,2018,성숙기,0,56.96,0.0,92.35,53.27,16.82,50.12
6038116464,영도산업주식회사,2019,도입기,0,44.21,58.1,100.0,53.73,5.57,43.37
6038116464,영도산업주식회사,2020,성장기,0,100.0,0.8,62.42,54.5,0.72,48.0
6038116464,영도산업주식회사,2021,성숙기,0,25.99,0.0,38.9,48.65,0.71,48.86
6038116464,영도산업주식회사,2022,성숙기,0,44.25,0.0,54.23,34.68,0.5,47.25
6038116464,영도산업주식회사,2023,성숙기,0,24.44,0.0,55.25,48.55,0.36,48.77
6038116464,영도산업주식회사,2024,성숙기,0,53.17,0.0,58.94,39.54,0.49,50.34
6038118157,터보파워텍(주),2015,성숙기,0,38.29,5.6,0.0,42.27,4.96,51.22
6038118157,터보파워텍(주),2016,성숙기,0,35.48,0.0,19.68,44.3,1.94,49.21
6038118157,터보파워텍(주),2017,성장기,0,0.0,1.7,24.1,46.39,7.92,51.86
6038118157,터보파워텍(주),2018,성장기,0,56.96,1.0,92.35,44.73,2.99,43.49
6038118157,터보파워텍(주),2019,성숙기,0,44.21,0.0,100.0,48.49,1.88,49.06
6038118157,터보파워텍(주),2020,성숙기,0,100.0,0.0,62.42,61.41,1.07,50.22
6038118157,터보파워텍(주),2021,성숙기,0,25.99,0.0,38.9,49.9,6.16,51.73
6038118157,터보파워텍(주),2022,성숙기,0,44.25,0.0,54.23,30.88,1.08,44.34
6038118157,터보파워텍(주),2023,조정기,0,24.44,24.8,55.25,45.39,0.14,48.31
6038118157,터보파워텍(주),2024,성숙기,0,53.17,0.0,58.94,35.91,0.18,50.29
6038118536,주식회사성창기계,2015,성장기,0,38.29,0.0,0.0,47.54,36.71,62.93
6038118536,주식회사성창기계,2016,성장기,0,35.48,2.2,19.68,50.11,45.54,55.65
6038120269,(주)시퍼스파이프라인,2015,성숙기,0,38.29,5.6,0.0,24.36,1.01,50.61
6038120269,(주)시퍼스파이프라인,2016,성장기,0,35.48,2.2,19.68,23.82,1.89,51.35
6038120269,(주)시퍼스파이프라인,2017,도입기,0,0.0,70.3,24.1,21.9,72.24,88.97
6038120269,(주)시퍼스파이프라인,2018,쇠퇴기,0,56.96,100.0,92.35,24.27,90.79,56.93
6038120269,(주)시퍼스파이프라인,2019,도입기,1,44.21,58.1,100.0,42.29,84.07,45.64
6038120726,(주)경동냉열산업,2015,도입기,0,38.29,65.4,0.0,49.87,22.42,50.22
6038120726,(주)경동냉열산업,2016,성숙기,0,35.48,0.0,19.68,46.84,5.79,41.68
6038120726,(주)경동냉열산업,2017,조정기,0,0.0,35.9,24.1,48.92,39.82,68.04
6038120726,(주)경동냉열산업,2018,성숙기,0,56.96,0.0,92.35,48.83,12.92,31.14
6038120726,(주)경동냉열산업,2019,성장기,0,44.21,2.1,100.0,50.81,6.87,46.28
6038120726,(주)경동냉열산업,2020,성숙기,0,100.0,0.0,62.42,60.66,34.27,65.72
6038120726,(주)경동냉열산업,2021,성장기,0,25.99,1.9,38.9,54.65,53.26,59.62
6038120726,(주)경동냉열산업,2022,도입기,0,44.25,70.4,54.23,37.57,13.57,23.52
6038120726,(주)경동냉열산업,2023,성숙기,0,24.44,0.0,55.25,51.03,4.77,43.9
6038120726,(주)경동냉열산업,2024,성숙기,0,53.17,0.0,58.94,40.67,5.17,50.47
6038121064,코웰정밀(주),2015,성장기,0,38.29,0.0,0.0,53.69,0.77,50.09
6038121064,코웰정밀(주),2016,성장기,0,35.48,2.2,19.68,63.58,0.61,50.78
6038121064,코웰정밀(주),2017,성장기,0,0.0,1.7,24.1,63.79,0.75,48.5
6038121064,코웰정밀(주),2018,조정기,0,56.96,38.0,92.35,61.22,0.68,46.21
6038121064,코웰정밀(주),2019,성숙기,0,44.21,0.0,100.0,57.59,51.73,78.1
6038121064,코웰정밀(주),2020,성숙기,0,100.0,0.0,62.42,67.21,56.65,53.32
6038121064,코웰정밀(주),2021,성숙기,1,25.99,0.0,38.9,58.13,60.49,51.12
6038123664,신성정밀공업(주),2016,조정기,0,35.48,33.5,19.68,8.72,13.47,51.01
6038123664,신성정밀공업(주),2017,성장기,0,0.0,1.7,24.1,41.29,7.0,44.71
6038123664,신성정밀공업(주),2018,성숙기,0,56.96,0.0,92.35,70.24,11.34,48.73
6038123664,신성정밀공업(주),2019,성숙기,0,44.21,0.0,100.0,70.04,58.83,76.08
6038123664,신성정밀공업(주),2020,성숙기,0,100.0,0.0,62.42,70.85,77.33,60.77
6038123664,신성정밀공업(주),2024,성장기,1,53.17,16.0,58.94,49.36,35.75,50.27
6038126322,(주)유넥스,2015,쇠퇴기,0,38.29,100.0,0.0,31.59,18.74,48.49
6038126701,주식회사엔케이텍,2015,조정기,0,38.29,28.5,0.0,63.14,10.06,52.92
6038126701,주식회사엔케이텍,2016,성숙기,0,35.48,0.0,19.68,54.11,16.77,54.54
6038126701,주식회사엔케이텍,2017,성장기,0,0.0,1.7,24.1,55.77,9.51,44.27
6038126701,주식회사엔케이텍,2018,성숙기,0,56.96,0.0,92.35,55.78,3.53,42.89
6038126701,주식회사엔케이텍,2019,성장기,0,44.21,2.1,100.0,55.96,30.15,64.5
6038126701,주식회사엔케이텍,2020,조정기,0,100.0,22.0,62.42,61.92,24.87,47.73
6038126701,주식회사엔케이텍,2021,성숙기,0,25.99,0.0,38.9,56.8,0.56,35.2
6038126701,주식회사엔케이텍,2022,도입기,0,44.25,70.4,54.23,38.71,15.07,55.87
6038126701,주식회사엔케이텍,2023,쇠퇴기,0,24.44,100.0,55.25,51.82,82.14,88.04
6038126701,주식회사엔케이텍,2024,도입기,0,53.17,92.8,58.94,41.3,87.63,52.99
6038129367,(주)하성,2015,도입기,0,38.29,65.4,0.0,44.76,24.71,44.13
6038129367,(주)하성,2016,성장기,0,35.48,2.2,19.68,46.55,0.57,37.55
6038129367,(주)하성,2017,조정기,0,0.0,35.9,24.1,50.59,3.56,50.13
6038129367,(주)하성,2018,조정기,0,56.96,38.0,92.35,51.7,4.92,47.03
6038129367,(주)하성,2019,조정기,0,44.21,25.7,100.0,47.83,0.03,46.95
6038129367,(주)하성,2020,성숙기,0,100.0,0.0,62.42,57.7,0.09,50.7
6038129367,(주)하성,2021,성숙기,0,25.99,0.0,38.9,57.6,26.58,63.8
6038130511,(주)금강,2015,성장기,0,38.29,0.0,0.0,52.95,12.59,49.91
6038130511,(주)금강,2016,성장기,0,35.48,2.2,19.68,53.26,16.67,53.09
6038130511,(주)금강,2017,도입기,0,0.0,70.3,24.1,53.84,55.55,70.86
6038130511,(주)금강,2018,도입기,0,56.96,75.8,92.35,50.82,70.55,54.88
6038130511,(주)금강,2019,도입기,0,44.21,58.1,100.0,48.95,56.38,41.57
6038130511,(주)금강,2020,성숙기,0,100.0,0.0,62.42,56.16,42.66,43.06
6038130511,(주)금강,2021,성숙기,0,25.99,0.0,38.9,49.53,74.48,66.87
6038130511,(주)금강,2022,성숙기,0,44.25,0.0,54.23,33.46,57.24,36.39
6038130511,(주)금강,2023,성장기,0,24.44,13.2,55.25,47.66,7.83,20.82
6038130511,(주)금강,2024,성장기,0,53.17,16.0,58.94,37.8,5.63,49.03
6038132635,(주)에이치에스엠이,2015,조정기,0,38.29,28.5,0.0,49.87,15.71,53.49
6038132635,(주)에이치에스엠이,2016,쇠퇴기,0,35.48,100.0,19.68,46.84,53.2,71.44
6038132635,(주)에이치에스엠이,2017,쇠퇴기,0,0.0,100.0,24.1,48.9,16.92,27.62
6038132635,(주)에이치에스엠이,2018,쇠퇴기,0,56.96,100.0,92.35,49.91,54.87,67.76
6038132635,(주)에이치에스엠이,2019,성숙기,0,44.21,0.0,100.0,46.37,25.55,33.19
6038132635,(주)에이치에스엠이,2020,성숙기,0,100.0,0.0,62.42,56.03,23.71,49.63
6038132635,(주)에이치에스엠이,2021,성숙기,0,25.99,0.0,38.9,51.01,17.84,45.59
6038132635,(주)에이치에스엠이,2022,성숙기,0,44.25,0.0,54.23,38.31,3.81,38.95
6038132635,(주)에이치에스엠이,2023,성숙기,0,24.44,0.0,55.25,51.83,0.23,46.81
6038132635,(주)에이치에스엠이,2024,성숙기,0,53.17,0.0,58.94,41.57,0.03,50.16
6038133920,Mt.H콘트롤밸브주식회사,2015,도입기,1,38.29,65.4,0.0,49.2,57.89,45.24
6038135379,(주)필스,2015,도입기,0,38.29,65.4,0.0,46.54,6.02,52.66
6038135379,(주)필스,2016,조정기,0,35.48,33.5,19.68,33.42,8.76,52.37
6038135379,(주)필스,2017,성숙기,0,0.0,0.0,24.1,36.14,1.6,44.3
6038135379,(주)필스,2018,도입기,0,56.96,75.8,92.35,39.87,51.85,74.68
6038135379,(주)필스,2019,조정기,0,44.21,25.7,100.0,49.02,42.02,44.04
6038135379,(주)필스,2020,성숙기,1,100.0,0.0,62.42,60.95,61.03,61.07
6038135724,동화에이.시.엠(주),2015,성숙기,0,38.29,5.6,0.0,49.87,14.05,44.08
6038135724,동화에이.시.엠(주),2016,쇠퇴기,0,35.48,100.0,19.68,44.1,94.04,94.81
6038135724,동화에이.시.엠(주),2017,성숙기,0,0.0,0.0,24.1,45.58,26.19,9.51
6038135724,동화에이.시.엠(주),2018,조정기,0,56.96,38.0,92.35,53.69,13.39,39.09
6038135724,동화에이.시.엠(주),2019,성장기,0,44.21,2.1,100.0,56.99,14.3,50.15
6038135724,동화에이.시.엠(주),2020,성숙기,0,100.0,0.0,62.42,60.81,4.52,45.27
6038135724,동화에이.시.엠(주),2021,성숙기,0,25.99,0.0,38.9,51.54,92.49,98.47
6038135724,동화에이.시.엠(주),2022,성숙기,0,44.25,0.0,54.23,25.54,94.45,47.4
6038135724,동화에이.시.엠(주),2023,성숙기,1,24.44,0.0,55.25,41.07,92.2,48.71
6038135869,삼주이엔지(주),2015,성장기,0,38.29,0.0,0.0,53.03,8.46,40.33
6038135869,삼주이엔지(주),2016,성장기,0,35.48,2.2,19.68,52.33,5.96,49.48
6038135869,삼주이엔지(주),2017,쇠퇴기,0,0.0,100.0,24.1,53.62,85.13,94.06
6038135869,삼주이엔지(주),2018,쇠퇴기,0,56.96,100.0,92.35,51.73,90.17,49.32
6038135869,삼주이엔지(주),2019,쇠퇴기,1,44.21,100.0,100.0,60.38,91.4,50.07
6038137585,디에이치테크주식회사,2015,조정기,0,38.29,28.5,0.0,49.87,4.84,52.77
6038137585,디에이치테크주식회사,2016,조정기,0,35.48,33.5,19.68,45.34,44.77,72.81
6038137585,디에이치테크주식회사,2017,조정기,0,0.0,35.9,24.1,47.37,51.17,52.21
6038137585,디에이치테크주식회사,2018,조정기,0,56.96,38.0,92.35,45.18,0.03,17.47
6038137585,디에이치테크주식회사,2019,성숙기,0,44.21,0.0,100.0,45.84,0.13,49.74
6038137585,디에이치테크주식회사,2020,성숙기,0,100.0,0.0,62.42,54.18,78.4,93.68
6038137585,디에이치테크주식회사,2021,조정기,0,25.99,24.6,38.9,53.4,0.97,5.33
6038137585,디에이치테크주식회사,2022,쇠퇴기,0,44.25,100.0,54.23,48.39,5.75,50.17
6038137585,디에이치테크주식회사,2023,조정기,0,24.44,24.8,55.25,59.91,0.03,45.59
6038137585,디에이치테크주식회사,2024,성숙기,0,53.17,0.0,58.94,48.14,0.16,50.34
6038140173,주식회사하트만,2015,성장기,0,38.29,0.0,0.0,49.87,14.15,50.22
6038140173,주식회사하트만,2016,조정기,0,35.48,33.5,19.68,46.84,27.1,57.96
6038140173,주식회사하트만,2017,성숙기,0,0.0,0.0,24.1,48.92,45.16,58.88
6038140173,주식회사하트만,2018,조정기,0,56.96,38.0,92.35,46.29,57.84,53.54
6038140173,주식회사하트만,2019,성숙기,0,44.21,0.0,100.0,51.02,56.38,48.68
6038140173,주식회사하트만,2020,성숙기,0,100.0,0.0,62.42,59.42,7.98,24.0
6038140173,주식회사하트만,2021,성숙기,0,25.99,0.0,38.9,52.65,48.76,71.87
6038140173,주식회사하트만,2022,성숙기,0,44.25,0.0,54.23,34.34,50.23,47.65
6038140173,주식회사하트만,2023,성숙기,0,24.44,0.0,55.25,48.36,8.2,25.02
6038140173,주식회사하트만,2024,성숙기,0,53.17,0.0,58.94,38.74,23.12,58.47
6038140566,케이디이노베이션(주),2015,도입기,0,38.29,65.4,0.0,49.87,90.09,90.7
6038140566,케이디이노베이션(주),2016,쇠퇴기,0,35.48,100.0,19.68,76.96,82.91,46.72
6038140566,케이디이노베이션(주),2017,도입기,1,0.0,70.3,24.1,68.06,91.97,53.82
6038140979,주식회사현대유압,2015,쇠퇴기,0,38.29,100.0,0.0,49.87,70.39,74.76
6038140979,주식회사현대유압,2017,도입기,0,0.0,70.3,24.1,48.92,28.09,48.42
6038140979,주식회사현대유압,2018,성숙기,0,56.96,0.0,92.35,51.82,52.42,60.09
6038140979,주식회사현대유압,2019,도입기,0,44.21,58.1,100.0,53.12,50.25,48.3
6038140979,주식회사현대유압,2020,도입기,0,100.0,68.6,62.42,57.06,23.6,35.97
6038140979,주식회사현대유압,2021,도입기,0,25.99,71.8,38.9,44.06,43.39,60.06
6038140979,주식회사현대유압,2022,도입기,0,44.25,70.4,54.23,28.76,89.25,73.68
6038140979,주식회사현대유압,2023,도입기,0,24.44,81.1,55.25,43.65,22.85,11.34
6038140979,주식회사현대유압,2024,성숙기,0,53.17,0.0,58.94,34.68,40.13,59.72
6038141847,(주)대한콘트롤,2015,성장기,0,38.29,0.0,0.0,49.87,9.11,50.22
6038141847,(주)대한콘트롤,2016,도입기,0,35.48,82.9,19.68,46.84,21.47,57.65
6038141847,(주)대한콘트롤,2017,쇠퇴기,0,0.0,100.0,24.1,48.92,92.22,89.24
6038141847,(주)대한콘트롤,2018,조정기,0,56.96,38.0,92.35,58.97,74.27,36.34
6038141847,(주)대한콘트롤,2019,성숙기,0,44.21,0.0,100.0,42.11,13.87,15.82
6038141847,(주)대한콘트롤,2020,조정기,0,100.0,22.0,62.42,43.75,6.64,46.68
6038141847,(주)대한콘트롤,2021,성숙기,0,25.99,0.0,38.9,50.67,3.74,47.24
6038141847,(주)대한콘트롤,2022,성숙기,0,44.25,0.0,54.23,34.49,3.35,47.11
6038141847,(주)대한콘트롤,2023,성숙기,0,24.44,0.0,55.25,48.33,6.46,50.7
6038141847,(주)대한콘트롤,2024,성숙기,0,53.17,0.0,58.94,38.39,0.19,46.79
6038144131,(주)디유티코리아,2017,성장기,0,0.0,1.7,24.1,48.92,11.05,48.42
6038144131,(주)디유티코리아,2018,성장기,0,56.96,1.0,92.35,49.91,81.9,86.34
6038144131,(주)디유티코리아,2019,성장기,0,44.21,2.1,100.0,51.55,76.1,46.19
6038144183,주식회사국제기산,2021,성장기,0,25.99,1.9,38.9,54.41,8.08,48.84
6038144183,주식회사국제기산,2022,도입기,0,44.25,70.4,54.23,36.93,81.84,90.43
6038144183,주식회사국제기산,2023,쇠퇴기,0,24.44,100.0,55.25,50.57,86.16,52.37
6038144183,주식회사국제기산,2024,쇠퇴기,1,53.17,100.0,58.94,44.43,90.2,52.18
6038144316,형제테크주식회사,2015,성장기,0,38.29,0.0,0.0,49.87,12.47,40.42
6038144316,형제테크주식회사,2016,성장기,0,35.48,2.2,19.68,49.26,7.36,48.03
6038144316,형제테크주식회사,2017,성장기,0,0.0,1.7,24.1,50.12,44.12,69.62
6038144316,형제테크주식회사,2018,성장기,0,56.96,1.0,92.35,49.69,74.69,63.65
6038144316,형제테크주식회사,2019,조정기,0,44.21,25.7,100.0,52.78,33.49,26.51
6038144316,형제테크주식회사,2020,조정기,0,100.0,22.0,62.42,55.31,36.68,52.38
6038144316,형제테크주식회사,2021,성숙기,0,25.99,0.0,38.9,53.21,25.05,42.36
6038144316,형제테크주식회사,2022,성장기,0,44.25,3.1,54.23,33.95,61.49,68.39
6038144316,형제테크주식회사,2023,쇠퇴기,0,24.44,100.0,55.25,48.02,94.32,68.7
6038144316,형제테크주식회사,2024,성숙기,0,53.17,0.0,58.94,38.54,15.27,6.31
6038145071,해인산업(주),2015,쇠퇴기,0,38.29,100.0,0.0,52.0,58.79,57.18
6038145071,해인산업(주),2016,성숙기,0,35.48,0.0,19.68,50.84,14.16,26.21
6038145071,해인산업(주),2017,쇠퇴기,0,0.0,100.0,24.1,53.75,26.01,55.27
6038145071,해인산업(주),2018,쇠퇴기,0,56.96,100.0,92.35,54.94,23.87,45.11
6038145071,해인산업(주),2019,쇠퇴기,0,44.21,100.0,100.0,45.94,8.83,41.24
6038145071,해인산업(주),2020,쇠퇴기,0,100.0,100.0,62.42,58.95,44.68,70.36
6038145071,해인산업(주),2021,도입기,0,25.99,71.8,38.9,60.3,76.73,67.0
6038145071,해인산업(주),2022,조정기,0,44.25,26.1,54.23,49.0,18.58,12.43
6038145071,해인산업(주),2023,쇠퇴기,0,24.44,100.0,55.25,60.5,17.56,48.49
6038145071,해인산업(주),2024,성숙기,0,53.17,0.0,58.94,48.95,70.84,79.6
6038145182,주식회사티티에스,2015,도입기,0,38.29,65.4,0.0,49.87,19.22,52.75
6038145182,주식회사티티에스,2016,도입기,0,35.48,82.9,19.68,39.62,92.04,90.85
6038145182,주식회사티티에스,2017,성장기,0,0.0,1.7,24.1,44.69,91.4,48.25
6038145182,주식회사티티에스,2018,쇠퇴기,1,56.96,100.0,92.35,43.93,94.58,48.29
6038146823,주식회사케이티엠,2015,성장기,0,38.29,0.0,0.0,49.68,20.52,52.23
6038146823,주식회사케이티엠,2016,조정기,0,35.48,33.5,19.68,53.15,17.17,48.99
6038146823,주식회사케이티엠,2017,조정기,0,0.0,35.9,24.1,52.7,94.71,93.15
6038153834,(주)신일에이스,2015,쇠퇴기,0,38.29,100.0,0.0,54.2,73.95,71.26
6038153834,(주)신일에이스,2016,도입기,0,35.48,82.9,19.68,54.67,18.18,20.05
6038153834,(주)신일에이스,2017,조정기,0,0.0,35.9,24.1,54.41,87.86,88.62
6038153834,(주)신일에이스,2018,쇠퇴기,0,56.96,100.0,92.35,50.75,76.9,40.28
6038153834,(주)신일에이스,2019,쇠퇴기,0,44.21,100.0,100.0,50.1,19.58,17.53
6038153834,(주)신일에이스,2020,쇠퇴기,0,100.0,100.0,62.42,57.37,18.75,50.19
6038153834,(주)신일에이스,2021,성장기,0,25.99,1.9,38.9,52.75,20.36,49.8
6038153834,(주)신일에이스,2022,성장기,0,44.25,3.1,54.23,37.32,19.2,46.46
6038153834,(주)신일에이스,2023,성장기,0,24.44,13.2,55.25,51.05,8.6,42.92
6038153834,(주)신일에이스,2024,조정기,0,53.17,27.2,58.94,40.63,0.33,45.67
6038153907,(주)마이텍,2015,도입기,0,38.29,65.4,0.0,40.17,2.49,27.25
6038153907,(주)마이텍,2016,성장기,0,35.48,2.2,19.68,56.57,11.17,55.63
6038153907,(주)마이텍,2017,도입기,0,0.0,70.3,24.1,56.34,14.05,50.1
6038153907,(주)마이텍,2018,성장기,0,56.96,1.0,92.35,54.33,55.48,69.72
6038153907,(주)마이텍,2019,성장기,0,44.21,2.1,100.0,55.85,5.97,21.94
6038153907,(주)마이텍,2020,성장기,0,100.0,0.8,62.42,55.92,20.26,58.51
6038153907,(주)마이텍,2021,성장기,0,25.99,1.9,38.9,49.04,52.34,66.98
6038153907,(주)마이텍,2022,성장기,0,44.25,3.1,54.23,33.43,26.26,31.48
6038153907,(주)마이텍,2023,성장기,0,24.44,13.2,55.25,47.51,39.14,56.66
6038153907,(주)마이텍,2024,성숙기,0,53.17,0.0,58.94,37.9,39.67,50.42
6038157048,코리아카누트,2021,성장기,0,25.99,1.9,38.9,54.41,15.23,48.84
6038157048,코리아카누트,2022,성장기,0,44.25,3.1,54.23,36.93,13.56,46.22
6038157048,코리아카누트,2023,성장기,0,24.44,13.2,55.25,50.57,27.99,57.41
6038157048,코리아카누트,2024,성장기,0,53.17,16.0,58.94,38.66,9.49,39.96
6038157806,주식회사아엠비하이드로릭스,2015,도입기,0,38.29,65.4,0.0,51.49,99.23,54.54
6038157806,주식회사아엠비하이드로릭스,2016,도입기,0,35.48,82.9,19.68,43.55,42.6,19.52
6038157806,주식회사아엠비하이드로릭스,2017,성장기,0,0.0,1.7,24.1,46.07,17.35,33.95
6038157806,주식회사아엠비하이드로릭스,2018,성숙기,0,56.96,0.0,92.35,51.84,8.34,41.2
6038157806,주식회사아엠비하이드로릭스,2019,성숙기,0,44.21,0.0,100.0,45.66,12.37,51.91
6038157806,주식회사아엠비하이드로릭스,2020,성숙기,0,100.0,0.0,62.42,63.06,1.51,44.68
6038157806,주식회사아엠비하이드로릭스,2021,성숙기,0,25.99,0.0,38.9,54.24,0.68,48.4
6038157806,주식회사아엠비하이드로릭스,2022,성장기,0,44.25,3.1,54.23,37.98,3.32,48.91
6038157806,주식회사아엠비하이드로릭스,2023,성장기,0,24.44,13.2,55.25,51.09,88.16,98.24
6038157806,주식회사아엠비하이드로릭스,2024,조정기,0,53.17,27.2,58.94,41.73,52.44,30.23
6038162672,주식회사신일,2015,쇠퇴기,1,38.29,100.0,0.0,49.87,97.2,51.23
6038163521,주식회사씨엠텍,2020,도입기,0,100.0,68.6,62.42,60.99,28.09,50.67
6038163521,주식회사씨엠텍,2021,도입기,0,25.99,71.8,38.9,54.41,52.71,62.79
6038163521,주식회사씨엠텍,2022,도입기,1,44.25,70.4,54.23,36.93,51.2,45.86
6038167357,주식회사디에이치하이드록스,2015,조정기,1,38.29,28.5,0.0,49.87,92.06,50.22
6038170100,주식회사제일피엠씨,2015,성숙기,0,38.29,5.6,0.0,49.44,36.16,47.15
6038170100,주식회사제일피엠씨,2016,성숙기,0,35.48,0.0,19.68,50.54,23.99,44.1
6038170100,주식회사제일피엠씨,2017,성숙기,0,0.0,0.0,24.1,53.99,34.01,54.24
6038170100,주식회사제일피엠씨,2018,성장기,0,56.96,1.0,92.35,52.83,70.35,66.89
6038170100,주식회사제일피엠씨,2019,성장기,0,44.21,2.1,100.0,50.22,45.04,35.36
6038170100,주식회사제일피엠씨,2020,성장기,1,100.0,0.8,62.42,62.65,85.58,72.9
6038178228,(주)엠제이락,2018,성장기,0,56.96,1.0,92.35,49.91,24.54,46.26
6038178228,(주)엠제이락,2019,성숙기,0,44.21,0.0,100.0,51.55,47.84,62.57
6038178228,(주)엠제이락,2020,성장기,0,100.0,0.8,62.42,60.99,26.79,39.05
6038178228,(주)엠제이락,2021,조정기,0,25.99,24.6,38.9,45.67,60.69,68.02
6038178228,(주)엠제이락,2022,성숙기,0,44.25,0.0,54.23,33.62,20.51,23.14
6038178228,(주)엠제이락,2023,조정기,0,24.44,24.8,55.25,46.54,19.42,48.47
6038178228,(주)엠제이락,2024,조정기,0,53.17,27.2,58.94,37.8,20.86,50.99
6038184297,코벨코어드밴스드루브시스템아시아주식회사,2022,성숙기,0,44.25,0.0,54.23,36.93,22.21,47.42
6038184297,코벨코어드밴스드루브시스템아시아주식회사,2023,도입기,0,24.44,81.1,55.25,50.57,8.38,41.08
6038184297,코벨코어드밴스드루브시스템아시아주식회사,2024,성숙기,0,53.17,0.0,58.94,40.55,1.09,46.21
6038184813,씨엠코리아주식회사,2022,도입기,0,44.25,70.4,54.23,36.93,3.54,47.42
6038184813,씨엠코리아주식회사,2023,성숙기,0,24.44,0.0,55.25,50.57,0.11,46.9
6038184813,씨엠코리아주식회사,2024,성숙기,0,53.17,0.0,58.94,40.55,23.69,63.27
6058124975,후소산기주식회사,2015,성장기,0,38.29,0.0,0.0,58.79,5.9,52.49
6058124975,후소산기주식회사,2016,쇠퇴기,0,35.48,100.0,19.68,43.64,26.37,62.11
6058124975,후소산기주식회사,2017,성숙기,0,0.0,0.0,24.1,43.01,4.17,35.67
6058124975,후소산기주식회사,2018,쇠퇴기,0,56.96,100.0,92.35,53.35,49.3,71.79
6058124975,후소산기주식회사,2019,조정기,0,44.21,25.7,100.0,64.62,21.44,34.02
6058124975,후소산기주식회사,2020,성장기,0,100.0,0.8,62.42,52.78,42.63,62.28
6058124975,후소산기주식회사,2021,조정기,0,25.99,24.6,38.9,47.48,69.31,63.98
6058124975,후소산기주식회사,2022,성장기,0,44.25,3.1,54.23,29.97,76.06,50.49
6058124975,후소산기주식회사,2023,조정기,1,24.44,24.8,55.25,44.43,74.75,49.03
6058126987,창해산업(주),2015,성장기,0,38.29,0.0,0.0,47.6,13.99,54.79
6058126987,창해산업(주),2016,성숙기,0,35.48,0.0,19.68,47.95,18.85,53.51
6058126987,창해산업(주),2017,도입기,0,0.0,70.3,24.1,51.15,28.68,54.12
6058126987,창해산업(주),2018,조정기,0,56.96,38.0,92.35,51.32,62.96,65.71
6058126987,창해산업(주),2019,쇠퇴기,0,44.21,100.0,100.0,52.7,37.56,35.34
6058126987,창해산업(주),2020,성숙기,0,100.0,0.0,62.42,61.0,2.16,31.17
6058126987,창해산업(주),2021,조정기,0,25.99,24.6,38.9,53.13,14.23,55.67
6058126987,창해산업(주),2022,성숙기,0,44.25,0.0,54.23,36.66,27.58,55.02
6058126987,창해산업(주),2023,성장기,0,24.44,13.2,55.25,50.3,4.97,36.03
6058126987,창해산업(주),2024,성숙기,0,53.17,0.0,58.94,39.52,0.54,47.8
6058131006,우성진공기술(주),2015,성숙기,0,38.29,5.6,0.0,54.52,45.65,75.67
6058131006,우성진공기술(주),2024,성숙기,0,53.17,0.0,58.94,36.1,0.07,50.27
6058155269,(주)에스엠코리아,2015,성숙기,0,38.29,5.6,0.0,49.87,18.34,14.56
6058155269,(주)에스엠코리아,2016,성숙기,0,35.48,0.0,19.68,51.81,24.15,54.02
6068109453,(주)동신유압,2015,성장기,0,38.29,0.0,0.0,56.64,85.24,90.94
6068109453,(주)동신유압,2016,도입기,1,35.48,82.9,19.68,41.95,96.01,56.6
6068111148,대륙프랜지공업(주),2015,도입기,0,38.29,65.4,0.0,46.91,86.17,76.36
6068111148,대륙프랜지공업(주),2016,성장기,1,35.48,2.2,19.68,49.45,56.31,34.26
6068114596,(주)한마음기공,2017,도입기,0,0.0,70.3,24.1,48.92,34.12,48.42
6068114596,(주)한마음기공,2018,도입기,0,56.96,75.8,92.35,49.91,42.13,50.88
6068114596,(주)한마음기공,2019,도입기,0,44.21,58.1,100.0,51.55,37.0,46.69
6068115519,(주)창용금형,2015,성장기,0,38.29,0.0,0.0,53.45,7.22,49.94
6068115519,(주)창용금형,2016,성장기,0,35.48,2.2,19.68,45.54,1.88,47.92
6068115519,(주)창용금형,2017,성숙기,0,0.0,0.0,24.1,46.83,12.6,54.6
6068115519,(주)창용금형,2018,성숙기,0,56.96,0.0,92.35,47.66,12.57,46.26
6068115519,(주)창용금형,2019,성숙기,0,44.21,0.0,100.0,53.99,5.91,45.94
6068115519,(주)창용금형,2020,성장기,0,100.0,0.8,62.42,58.25,26.05,61.73
6068115519,(주)창용금형,2021,쇠퇴기,0,25.99,100.0,38.9,54.02,11.31,40.6
6068115519,(주)창용금형,2022,성숙기,0,44.25,0.0,54.23,35.67,49.65,69.67
6068115519,(주)창용금형,2023,성숙기,0,24.44,0.0,55.25,49.43,30.69,38.43
6068115519,(주)창용금형,2024,성숙기,0,53.17,0.0,58.94,39.83,32.63,51.23
6068115708,기성금속주식회사,2015,도입기,0,38.29,65.4,0.0,54.92,44.88,24.82
6068115708,기성금속주식회사,2016,성숙기,1,35.48,0.0,19.68,65.83,94.81,78.21
6068116328,(주)오양기업,2020,성숙기,0,100.0,0.0,62.42,49.21,35.01,50.67
6068116328,(주)오양기업,2021,도입기,0,25.99,71.8,38.9,43.84,50.3,57.54
6068116328,(주)오양기업,2022,조정기,0,44.25,26.1,54.23,33.81,30.63,35.26
6068116328,(주)오양기업,2023,성숙기,0,24.44,0.0,55.25,47.62,3.0,33.15
6068116328,(주)오양기업,2024,조정기,0,53.17,27.2,58.94,40.23,1.12,49.22
6068116920,협신기계(주),2015,성장기,0,38.29,0.0,0.0,19.95,4.76,51.87
6068116920,협신기계(주),2016,조정기,0,35.48,33.5,19.68,50.21,12.96,55.37
6068116920,협신기계(주),2017,성장기,0,0.0,1.7,24.1,49.41,65.12,78.51
6068116920,협신기계(주),2018,조정기,0,56.96,38.0,92.35,50.23,67.64,47.85
6068116920,협신기계(주),2019,쇠퇴기,1,44.21,100.0,100.0,50.69,82.41,57.68
6068119456,한성웰텍(주),2015,도입기,0,38.29,65.4,0.0,51.59,7.51,51.9
6068119456,한성웰텍(주),2016,성장기,0,35.48,2.2,19.68,53.04,12.07,53.36
6068119456,한성웰텍(주),2017,조정기,0,0.0,35.9,24.1,54.75,36.63,62.6
6068119456,한성웰텍(주),2018,성장기,0,56.96,1.0,92.35,52.86,12.75,32.84
6068119456,한성웰텍(주),2019,도입기,0,44.21,58.1,100.0,46.11,55.97,73.71
6068119456,한성웰텍(주),2020,성장기,0,100.0,0.8,62.42,64.36,45.92,45.08
6068119456,한성웰텍(주),2021,성장기,0,25.99,1.9,38.9,52.51,86.87,72.02
6068120405,주식회사옥광엔지니어링,2015,조정기,0,38.29,28.5,0.0,48.09,25.04,56.24
6068120405,주식회사옥광엔지니어링,2016,조정기,0,35.48,33.5,19.68,51.99,36.19,56.94
6068120405,주식회사옥광엔지니어링,2017,성장기,0,0.0,1.7,24.1,54.27,18.4,38.24
6068120405,주식회사옥광엔지니어링,2018,도입기,0,56.96,75.8,92.35,59.0,87.27,85.25
6068120405,주식회사옥광엔지니어링,2019,쇠퇴기,0,44.21,100.0,100.0,64.61,56.28,32.14
6068120405,주식회사옥광엔지니어링,2020,성장기,0,100.0,0.8,62.42,59.83,10.36,25.37
6068120405,주식회사옥광엔지니어링,2021,성숙기,0,25.99,0.0,38.9,51.11,55.18,74.15
6068120405,주식회사옥광엔지니어링,2022,조정기,0,44.25,26.1,54.23,31.65,38.0,36.66
6068120405,주식회사옥광엔지니어링,2023,조정기,0,24.44,24.8,55.25,46.31,71.17,68.61
6068120405,주식회사옥광엔지니어링,2024,조정기,0,53.17,27.2,58.94,37.47,53.38,40.19
6068121985,(주)성일하이테크,2015,쇠퇴기,0,38.29,100.0,0.0,35.27,88.11,46.21
6068121985,(주)성일하이테크,2016,쇠퇴기,1,35.48,100.0,19.68,36.26,34.13,21.0
6068122403,(주)한미유압기계,2015,성숙기,0,38.29,5.6,0.0,51.0,0.18,50.2
6068122403,(주)한미유압기계,2016,성숙기,0,35.48,0.0,19.68,50.76,0.13,50.84
6068122403,(주)한미유압기계,2017,성숙기,0,0.0,0.0,24.1,52.07,0.4,48.57
6068122403,(주)한미유압기계,2018,성숙기,0,56.96,0.0,92.35,50.74,0.41,46.26
6068122403,(주)한미유압기계,2019,조정기,0,44.21,25.7,100.0,51.64,0.46,49.72
6068122403,(주)한미유압기계,2020,조정기,0,100.0,22.0,62.42,57.41,0.49,50.68
6068122403,(주)한미유압기계,2021,조정기,0,25.99,24.6,38.9,49.55,0.21,48.7
6068122403,(주)한미유압기계,2022,조정기,0,44.25,26.1,54.23,33.36,0.03,47.28
6068122403,(주)한미유압기계,2023,성장기,0,24.44,13.2,55.25,47.64,0.03,48.85
6068122403,(주)한미유압기계,2024,성숙기,0,53.17,0.0,58.94,38.03,0.06,50.28
6068123019,엔티씨네오텍(주),2015,성숙기,1,38.29,5.6,0.0,47.9,42.5,36.03
6068123678,세진밸브공업(주),2015,쇠퇴기,0,38.29,100.0,0.0,51.8,6.19,52.27
6068123678,세진밸브공업(주),2016,도입기,0,35.48,82.9,19.68,48.51,10.54,53.25
6068123678,세진밸브공업(주),2017,도입기,0,0.0,70.3,24.1,50.05,14.48,50.71
6068123678,세진밸브공업(주),2018,도입기,0,56.96,75.8,92.35,53.55,39.46,60.41
6068123678,세진밸브공업(주),2019,조정기,0,44.21,25.7,100.0,55.3,5.31,30.55
6068123678,세진밸브공업(주),2020,성장기,0,100.0,0.8,62.42,52.28,6.83,51.5
6068123678,세진밸브공업(주),2021,성숙기,0,25.99,0.0,38.9,50.99,4.36,47.48
6068123678,세진밸브공업(주),2022,도입기,0,44.25,70.4,54.23,33.55,9.16,50.14
6068123678,세진밸브공업(주),2023,도입기,0,24.44,81.1,55.25,47.67,14.14,51.86
6068123678,세진밸브공업(주),2024,도입기,0,53.17,92.8,58.94,38.26,8.79,47.27
6068124018,태창정공(주),2015,성숙기,0,38.29,5.6,0.0,46.24,1.22,50.22
6068124018,태창정공(주),2016,성숙기,0,35.48,0.0,19.68,42.96,0.41,50.43
6068124018,태창정공(주),2017,조정기,0,0.0,35.9,24.1,44.57,0.54,48.48
6068124018,태창정공(주),2018,조정기,0,56.96,38.0,92.35,47.35,0.54,46.26
6068124018,태창정공(주),2019,성장기,0,44.21,2.1,100.0,49.8,0.4,49.61
6068124018,태창정공(주),2020,성장기,0,100.0,0.8,62.42,57.72,0.47,50.7
6068124018,태창정공(주),2021,성장기,0,25.99,1.9,38.9,53.64,0.6,48.94
6068124018,태창정공(주),2022,성장기,0,44.25,3.1,54.23,36.8,0.63,47.39
6068124018,태창정공(주),2023,성숙기,0,24.44,0.0,55.25,50.55,0.71,48.9
6068124018,태창정공(주),2024,성숙기,0,53.17,0.0,58.94,40.53,0.58,50.2
6068125206,신흥밸브공업(주),2015,성장기,0,38.29,0.0,0.0,49.87,0.57,47.04
6068125206,신흥밸브공업(주),2016,성숙기,0,35.48,0.0,19.68,46.84,0.27,50.71
6068125206,신흥밸브공업(주),2017,성숙기,0,0.0,0.0,24.1,50.63,0.41,48.49
6068125206,신흥밸브공업(주),2018,성숙기,0,56.96,0.0,92.35,51.21,0.39,46.24
6068125206,신흥밸브공업(주),2019,성숙기,0,44.21,0.0,100.0,51.9,0.38,49.69
6068125206,신흥밸브공업(주),2020,성장기,0,100.0,0.8,62.42,61.88,6.57,54.07
6068125206,신흥밸브공업(주),2021,성숙기,0,25.99,0.0,38.9,55.37,18.81,55.77
6068125206,신흥밸브공업(주),2022,성숙기,0,44.25,0.0,54.23,35.71,11.8,43.05
6068125206,신흥밸브공업(주),2023,성숙기,0,24.44,0.0,55.25,49.56,8.55,47.1
6068125206,신흥밸브공업(주),2024,성숙기,0,53.17,0.0,58.94,39.62,5.71,48.67
6068127539,(주)케이에스피,2015,성장기,1,38.29,0.0,0.0,50.0,79.7,57.05
6068127602,흥진산업주식회사,2015,성장기,0,38.29,0.0,0.0,45.23,93.65,82.93
6068127602,흥진산업주식회사,2016,조정기,0,35.48,33.5,19.68,47.32,19.13,9.7
6068127602,흥진산업주식회사,2017,성숙기,0,0.0,0.0,24.1,49.14,14.06,45.53
6068127602,흥진산업주식회사,2018,성숙기,0,56.96,0.0,92.35,54.22,16.63,47.74
6068127602,흥진산업주식회사,2019,성숙기,0,44.21,0.0,100.0,50.62,21.82,52.52
6068127602,흥진산업주식회사,2020,도입기,0,100.0,68.6,62.42,63.9,79.95,82.59
6068127602,흥진산업주식회사,2021,도입기,0,25.99,71.8,38.9,57.4,83.49,50.99
6068127602,흥진산업주식회사,2022,성숙기,0,44.25,0.0,54.23,46.47,17.8,7.93
6068127602,흥진산업주식회사,2023,성숙기,0,24.44,0.0,55.25,58.38,5.56,41.95
6068127602,흥진산업주식회사,2024,성숙기,0,53.17,0.0,58.94,47.21,38.96,68.68
6068128130,(주)비엠티,2015,성장기,0,38.29,0.0,0.0,55.05,8.07,50.84
6068128130,(주)비엠티,2016,성숙기,0,35.48,0.0,19.68,43.32,52.85,75.47
6068128130,(주)비엠티,2017,성숙기,0,0.0,0.0,24.1,43.62,1.41,18.88
6068128130,(주)비엠티,2018,성숙기,0,56.96,0.0,92.35,50.06,6.62,49.2
6068128130,(주)비엠티,2019,성장기,0,44.21,2.1,100.0,49.73,0.64,46.34
6068128130,(주)비엠티,2020,성장기,0,100.0,0.8,62.42,62.07,5.12,53.13
6068128130,(주)비엠티,2021,성장기,0,25.99,1.9,38.9,53.42,12.02,52.76
6068128130,(주)비엠티,2022,도입기,0,44.25,70.4,54.23,36.93,12.66,47.61
6068128130,(주)비엠티,2023,도입기,0,24.44,81.1,55.25,50.54,6.22,45.26
6068128130,(주)비엠티,2024,성숙기,0,53.17,0.0,58.94,40.73,10.24,52.46
6068128580,주식회사미진산기,2015,도입기,0,38.29,65.4,0.0,50.58,52.73,79.58
6068128580,주식회사미진산기,2016,조정기,0,35.48,33.5,19.68,54.46,1.11,22.38
6068128580,주식회사미진산기,2017,도입기,0,0.0,70.3,24.1,54.57,49.7,76.43
6068128580,주식회사미진산기,2018,도입기,0,56.96,75.8,92.35,53.13,6.73,22.08
6068128580,주식회사미진산기,2019,도입기,0,44.21,58.1,100.0,44.06,0.73,46.33
6068128580,주식회사미진산기,2022,조정기,0,44.25,26.1,54.23,31.58,36.69,47.42
6068128580,주식회사미진산기,2023,조정기,0,24.44,24.8,55.25,48.3,0.9,28.49
6068128580,주식회사미진산기,2024,조정기,0,53.17,27.2,58.94,38.69,32.84,67.89
6068129046,(주)케이이앤피,2015,성숙기,1,38.29,5.6,0.0,52.06,91.6,70.84
6068134990,(주)일흥,2015,성숙기,0,38.29,5.6,0.0,52.17,1.4,50.19
6068134990,(주)일흥,2023,성장기,0,24.44,13.2,55.25,49.24,0.18,48.85
6068134990,(주)일흥,2024,쇠퇴기,0,53.17,100.0,58.94,26.49,4.75,52.78
6068140018,에스피앤지(주),2015,쇠퇴기,0,38.29,100.0,0.0,49.87,58.95,83.63
6068140018,에스피앤지(주),2016,조정기,0,35.48,33.5,19.68,46.45,3.21,20.1
6068140018,에스피앤지(주),2017,성숙기,0,0.0,0.0,24.1,47.91,4.03,48.89
6068140018,에스피앤지(주),2018,성장기,0,56.96,1.0,92.35,47.51,4.43,46.49
6068140018,에스피앤지(주),2019,성장기,0,44.21,2.1,100.0,49.22,11.15,53.41
6068140018,에스피앤지(주),2020,성장기,0,100.0,0.8,62.42,61.75,5.76,47.69
6068140018,에스피앤지(주),2021,조정기,0,25.99,24.6,38.9,52.6,12.47,52.65
6068140018,에스피앤지(주),2022,조정기,0,44.25,26.1,54.23,39.43,5.37,43.07
6068140018,에스피앤지(주),2023,조정기,0,24.44,24.8,55.25,52.68,4.83,48.6
6068140018,에스피앤지(주),2024,성장기,0,53.17,16.0,58.94,42.2,0.76,48.0
6068140885,주식회사극동기계,2015,성숙기,0,38.29,5.6,0.0,53.57,8.11,13.28
6068140885,주식회사극동기계,2016,성숙기,0,35.48,0.0,19.68,63.4,46.94,72.2
6068140885,주식회사극동기계,2017,도입기,0,0.0,70.3,24.1,61.17,52.04,51.46
6068140885,주식회사극동기계,2018,성장기,1,56.96,1.0,92.35,58.9,48.38,44.32
6068143484,대동중공업(주),2015,성숙기,0,38.29,5.6,0.0,64.84,3.76,50.78
6068143484,대동중공업(주),2016,성숙기,0,35.48,0.0,19.68,45.01,12.64,55.75
6068143484,대동중공업(주),2017,성장기,0,0.0,1.7,24.1,44.76,59.79,75.62
6068143484,대동중공업(주),2018,성장기,0,56.96,1.0,92.35,47.24,18.24,22.91
6068143484,대동중공업(주),2019,성장기,0,44.21,2.1,100.0,48.66,29.09,55.67
6068143484,대동중공업(주),2020,성장기,0,100.0,0.8,62.42,59.04,38.03,55.55
6068143484,대동중공업(주),2021,성숙기,0,25.99,0.0,38.9,53.95,10.69,33.51
6068143484,대동중공업(주),2022,성숙기,0,44.25,0.0,54.23,40.41,10.88,47.36
6068143484,대동중공업(주),2023,성숙기,0,24.44,0.0,55.25,53.32,15.89,51.89
6068143484,대동중공업(주),2024,성숙기,0,53.17,0.0,58.94,42.89,6.31,44.92
6068143577,주식회사조일기업,2015,성장기,0,38.29,0.0,0.0,52.06,4.4,52.4
6068143577,주식회사조일기업,2016,성장기,0,35.48,2.2,19.68,48.82,0.89,48.94
6068143577,주식회사조일기업,2017,성장기,0,0.0,1.7,24.1,50.33,4.14,50.28
6068143577,주식회사조일기업,2018,성장기,0,56.96,1.0,92.35,50.12,2.64,45.42
6068143577,주식회사조일기업,2019,성장기,0,44.21,2.1,100.0,47.35,4.59,50.77
6068143577,주식회사조일기업,2020,조정기,0,100.0,22.0,62.42,58.73,3.09,49.84
6068143577,주식회사조일기업,2021,성숙기,0,25.99,0.0,38.9,53.38,1.66,48.07
6068143577,주식회사조일기업,2022,조정기,0,44.25,26.1,54.23,38.09,1.3,47.15
6068143577,주식회사조일기업,2023,성숙기,0,24.44,0.0,55.25,51.41,0.26,48.26
6068143577,주식회사조일기업,2024,성숙기,0,53.17,0.0,58.94,40.9,0.48,50.39
6068148024,디에이치피이엔지(주),2015,성숙기,0,38.29,5.6,0.0,38.29,19.26,13.31
6068148024,디에이치피이엔지(주),2016,쇠퇴기,0,35.48,100.0,19.68,53.88,96.19,93.11
6068148024,디에이치피이엔지(주),2017,조정기,0,0.0,35.9,24.1,52.82,23.4,6.67
6068148024,디에이치피이엔지(주),2018,조정기,0,56.96,38.0,92.35,52.85,21.73,45.37
6068148024,디에이치피이엔지(주),2021,조정기,0,25.99,24.6,38.9,61.12,1.2,48.84
6068148024,디에이치피이엔지(주),2022,쇠퇴기,0,44.25,100.0,54.23,56.94,5.64,49.97
6068148024,디에이치피이엔지(주),2023,성장기,0,24.44,13.2,55.25,62.52,1.18,46.32
6068148024,디에이치피이엔지(주),2024,성장기,0,53.17,16.0,58.94,48.54,0.93,50.12
6068152552,동호에이텍,2015,조정기,0,38.29,28.5,0.0,42.91,53.91,71.61
6068152552,동호에이텍,2016,성숙기,0,35.48,0.0,19.68,43.12,58.68,53.37
6068152552,동호에이텍,2017,성숙기,0,0.0,0.0,24.1,45.4,36.74,35.9
6068152552,동호에이텍,2018,성숙기,0,56.96,0.0,92.35,48.2,92.5,77.88
6068152552,동호에이텍,2019,성장기,0,44.21,2.1,100.0,53.37,73.38,38.73
6068152552,동호에이텍,2020,성장기,1,100.0,0.8,62.42,60.06,67.87,47.56
6068155578,기산전자(주),2015,성숙기,0,38.29,5.6,0.0,48.03,66.11,87.32
6068155578,기산전자(주),2016,도입기,0,35.48,82.9,19.68,42.82,74.25,55.19
6068155578,기산전자(주),2017,도입기,1,0.0,70.3,24.1,44.48,82.99,53.62
6068155864,기득산업(주),2015,쇠퇴기,0,38.29,100.0,0.0,49.87,0.57,50.22
6068155864,기득산업(주),2016,성숙기,0,35.48,0.0,19.68,48.32,0.15,50.64
6068155864,기득산업(주),2017,성장기,0,0.0,1.7,24.1,48.91,0.01,48.33
6068155864,기득산업(주),2018,성장기,0,56.96,1.0,92.35,50.32,0.02,46.26
6068155864,기득산업(주),2019,성장기,0,44.21,2.1,100.0,52.7,0.07,49.72
6068155864,기득산업(주),2020,성장기,0,100.0,0.8,62.42,58.61,0.1,50.68
6068155864,기득산업(주),2021,성숙기,0,25.99,0.0,38.9,55.09,0.07,48.84
6068155864,기득산업(주),2022,성장기,0,44.25,3.1,54.23,39.65,0.22,47.47
6068155864,기득산업(주),2023,성숙기,0,24.44,0.0,55.25,52.73,0.36,48.93
6068155864,기득산업(주),2024,성숙기,0,53.17,0.0,58.94,42.05,0.18,50.16
6068157616,성진산업주식회사,2018,성장기,0,56.96,1.0,92.35,49.91,11.72,46.26
6068157616,성진산업주식회사,2019,도입기,0,44.21,58.1,100.0,51.55,63.05,78.22
6068157616,성진산업주식회사,2020,성숙기,0,100.0,0.0,62.42,60.99,70.18,54.52
6068157616,성진산업주식회사,2021,도입기,0,25.99,71.8,38.9,52.09,33.52,28.3
6068157616,성진산업주식회사,2022,성장기,0,44.25,3.1,54.23,39.04,29.64,44.71
6068157616,성진산업주식회사,2023,조정기,0,24.44,24.8,55.25,52.75,29.13,48.91
6068157616,성진산업주식회사,2024,조정기,0,53.17,27.2,58.94,42.44,24.44,47.57
6068158764,(주)다우델타,2015,쇠퇴기,1,38.29,100.0,0.0,49.87,82.6,50.22
6068159157,(주)대봉기연,2015,성장기,0,38.29,0.0,0.0,50.08,0.55,49.58
6068159157,(주)대봉기연,2016,쇠퇴기,0,35.48,100.0,19.68,44.23,5.51,53.6
6068159157,(주)대봉기연,2017,쇠퇴기,0,0.0,100.0,24.1,46.11,51.75,75.08
6068159157,(주)대봉기연,2018,쇠퇴기,0,56.96,100.0,92.35,47.51,70.55,57.01
6068159157,(주)대봉기연,2019,쇠퇴기,1,44.21,100.0,100.0,53.81,77.87,53.53
6068160009,(주)세강,2019,성숙기,0,44.21,0.0,100.0,51.55,4.17,49.68
6068160009,(주)세강,2020,조정기,0,100.0,22.0,62.42,60.99,0.09,48.42
6068160009,(주)세강,2021,성장기,0,25.99,1.9,38.9,54.41,2.6,50.28
6068160009,(주)세강,2022,성장기,0,44.25,3.1,54.23,36.68,1.71,46.83
6068160009,(주)세강,2023,성장기,0,24.44,13.2,55.25,50.47,1.66,48.84
6068160009,(주)세강,2024,성장기,0,53.17,16.0,58.94,40.45,2.21,50.56
6068160464,(주)코밸,2015,쇠퇴기,0,38.29,100.0,0.0,56.33,82.06,80.58
6068160464,(주)코밸,2016,쇠퇴기,0,35.48,100.0,19.68,52.63,52.03,34.18
6068160464,(주)코밸,2017,쇠퇴기,0,0.0,100.0,24.1,52.35,8.45,23.41
6068160464,(주)코밸,2018,도입기,0,56.96,75.8,92.35,53.6,86.57,90.45
6068160464,(주)코밸,2019,도입기,0,44.21,58.1,100.0,54.62,14.01,9.01
6068160464,(주)코밸,2020,도입기,0,100.0,68.6,62.42,57.08,12.34,49.73
6068160464,(주)코밸,2021,성숙기,0,25.99,0.0,38.9,47.76,37.68,63.17
6068160464,(주)코밸,2022,성숙기,0,44.25,0.0,54.23,31.33,8.74,29.99
6068160464,(주)코밸,2023,성장기,0,24.44,13.2,55.25,46.09,5.5,47.07
6068160464,(주)코밸,2024,성숙기,0,53.17,0.0,58.94,37.01,4.17,49.51
6068162536,디케이락(주),2015,성장기,0,38.29,0.0,0.0,55.44,7.34,53.9
6068162536,디케이락(주),2016,성숙기,0,35.48,0.0,19.68,44.53,0.85,47.29
6068162536,디케이락(주),2017,성장기,0,0.0,1.7,24.1,46.22,17.82,58.2
6068162536,디케이락(주),2018,성숙기,0,56.96,0.0,92.35,47.79,0.67,36.6
6068162536,디케이락(주),2019,성장기,0,44.21,2.1,100.0,46.72,2.11,50.49
6068162536,디케이락(주),2020,성장기,0,100.0,0.8,62.42,57.81,23.54,62.44
6068162536,디케이락(주),2021,성장기,0,25.99,1.9,38.9,53.32,6.0,39.01
6068162536,디케이락(주),2022,성장기,0,44.25,3.1,54.23,37.61,11.5,50.53
6068162536,디케이락(주),2023,성장기,0,24.44,13.2,55.25,51.12,2.84,43.95
6068162536,디케이락(주),2024,성장기,0,53.17,16.0,58.94,41.17,46.49,74.34
6068163461,신일기계주식회사,2015,성숙기,0,38.29,5.6,0.0,61.83,32.1,68.02
6068163461,신일기계주식회사,2016,성장기,0,35.48,2.2,19.68,41.53,46.88,58.92
6068163461,신일기계주식회사,2017,성장기,0,0.0,1.7,24.1,43.59,88.82,72.69
6068163461,신일기계주식회사,2018,쇠퇴기,1,56.96,100.0,92.35,45.95,89.87,47.08
6068163724,우리텍(주),2015,성숙기,0,38.29,5.6,0.0,52.98,79.63,92.23
6068163724,우리텍(주),2016,성숙기,0,35.48,0.0,19.68,45.28,15.91,15.67
6068164873,(주)건양아이티티,2015,성장기,0,38.29,0.0,0.0,49.87,4.72,49.63
6068164873,(주)건양아이티티,2016,성장기,0,35.48,2.2,19.68,46.84,20.8,59.7
6068164873,(주)건양아이티티,2017,쇠퇴기,0,0.0,100.0,24.1,56.47,34.18,56.17
6068164873,(주)건양아이티티,2018,성숙기,0,56.96,0.0,92.35,53.92,1.58,27.9
6068164873,(주)건양아이티티,2019,성숙기,0,44.21,0.0,100.0,50.99,0.19,48.92
6068164873,(주)건양아이티티,2020,성숙기,0,100.0,0.0,62.42,57.51,0.37,50.76
6068164873,(주)건양아이티티,2021,성숙기,0,25.99,0.0,38.9,53.61,0.27,48.81
6068164873,(주)건양아이티티,2022,조정기,0,44.25,26.1,54.23,36.35,20.65,59.3
6068164873,(주)건양아이티티,2023,조정기,0,24.44,24.8,55.25,50.1,5.29,40.17
6068164873,(주)건양아이티티,2024,성숙기,0,53.17,0.0,58.94,38.99,0.14,47.41
6068166022,창신정밀,2015,조정기,0,38.29,28.5,0.0,59.28,2.61,51.55
6068166022,창신정밀,2016,성장기,0,35.48,2.2,19.68,52.58,0.14,49.51
6068166022,창신정밀,2017,조정기,0,0.0,35.9,24.1,58.45,0.32,48.52
6068166022,창신정밀,2018,쇠퇴기,0,56.96,100.0,92.35,56.36,60.83,80.47
6068166022,창신정밀,2019,성숙기,0,44.21,0.0,100.0,62.24,0.59,15.96
6068166022,창신정밀,2020,성장기,0,100.0,0.8,62.42,56.44,2.21,51.55
6068166022,창신정밀,2021,성숙기,0,25.99,0.0,38.9,54.4,23.62,60.94
6068166022,창신정밀,2022,성장기,0,44.25,3.1,54.23,32.7,7.76,37.82
6068166022,창신정밀,2023,조정기,0,24.44,24.8,55.25,46.97,44.12,70.09
6068166885,(주)티오피에스,2015,성장기,0,38.29,0.0,0.0,45.48,57.58,46.06
6068166885,(주)티오피에스,2016,성장기,1,35.48,2.2,19.68,49.06,89.28,68.17
6068168938,(주)브이텍,2016,성숙기,0,35.48,0.0,19.68,46.84,3.33,51.01
6068168938,(주)브이텍,2017,성숙기,0,0.0,0.0,24.1,48.92,0.77,46.95
6068168938,(주)브이텍,2018,성숙기,0,56.96,0.0,92.35,49.91,0.45,46.07
6068168938,(주)브이텍,2019,성숙기,0,44.21,0.0,100.0,52.43,0.25,49.58
6068168938,(주)브이텍,2020,성숙기,0,100.0,0.0,62.42,57.17,0.63,50.87
6068168938,(주)브이텍,2021,성장기,0,25.99,1.9,38.9,53.17,0.64,48.87
6068168938,(주)브이텍,2022,성장기,0,44.25,3.1,54.23,37.4,1.43,47.84
6068168938,(주)브이텍,2023,성장기,0,24.44,13.2,55.25,50.98,1.48,48.89
6068168938,(주)브이텍,2024,성장기,0,53.17,16.0,58.94,41.27,1.67,50.37
6068170448,(주)칼텍실링테크,2015,도입기,0,38.29,65.4,0.0,49.87,15.76,25.09
6068170448,(주)칼텍실링테크,2016,도입기,0,35.48,82.9,19.68,49.17,75.87,83.88
6068170448,(주)칼텍실링테크,2017,도입기,0,0.0,70.3,24.1,49.9,85.67,54.23
6068170448,(주)칼텍실링테크,2018,도입기,1,56.96,75.8,92.35,49.08,98.85,53.93
6068173386,(주)동신이엔텍,2015,조정기,0,38.29,28.5,0.0,56.02,32.8,64.04
6068173386,(주)동신이엔텍,2016,성장기,0,35.48,2.2,19.68,42.52,51.65,61.16
6068173386,(주)동신이엔텍,2017,조정기,1,0.0,35.9,24.1,44.27,92.47,72.06
6068174895,(주)원진엠앤티,2015,성장기,0,38.29,0.0,0.0,51.69,2.06,46.1
6068174895,(주)원진엠앤티,2016,성장기,0,35.48,2.2,19.68,50.43,5.95,53.01
6068174895,(주)원진엠앤티,2017,성숙기,0,0.0,0.0,24.1,52.04,0.51,45.29
6068174895,(주)원진엠앤티,2018,성숙기,0,56.96,0.0,92.35,54.12,1.86,47.01
6068174895,(주)원진엠앤티,2019,성숙기,0,44.21,0.0,100.0,46.09,1.61,49.55
6068174895,(주)원진엠앤티,2020,성숙기,0,100.0,0.0,62.42,63.3,1.47,50.59
6068174895,(주)원진엠앤티,2021,성숙기,0,25.99,0.0,38.9,58.18,0.48,48.3
6068174895,(주)원진엠앤티,2022,성숙기,0,44.25,0.0,54.23,41.61,2.35,48.47
6068174895,(주)원진엠앤티,2023,성숙기,0,24.44,0.0,55.25,54.43,0.08,47.56
6068174895,(주)원진엠앤티,2024,성숙기,0,53.17,0.0,58.94,43.62,4.93,52.94
6068175216,(주)알파로보틱스,2016,성숙기,0,35.48,0.0,19.68,46.84,3.31,51.01
6068175216,(주)알파로보틱스,2017,성장기,0,0.0,1.7,24.1,48.92,0.88,47.02
6068175216,(주)알파로보틱스,2018,도입기,0,56.96,75.8,92.35,49.91,89.62,96.44
6068175216,(주)알파로보틱스,2019,조정기,0,44.21,25.7,100.0,77.68,15.94,8.38
6068175216,(주)알파로보틱스,2020,성숙기,0,100.0,0.0,62.42,58.13,1.46,42.69
6068175216,(주)알파로보틱스,2021,성장기,0,25.99,1.9,38.9,50.28,2.35,49.36
6068175216,(주)알파로보틱스,2022,조정기,0,44.25,26.1,54.23,28.74,51.16,75.91
6068175216,(주)알파로보틱스,2023,성숙기,0,24.44,0.0,55.25,43.03,23.61,33.46
6068175216,(주)알파로보틱스,2024,쇠퇴기,0,53.17,100.0,58.94,34.06,78.48,80.45
6068177010,주식회사에스아이씨,2015,도입기,0,38.29,65.4,0.0,51.29,90.33,94.33
6068177010,주식회사에스아이씨,2016,조정기,0,35.48,33.5,19.68,45.84,70.61,39.83
6068177010,주식회사에스아이씨,2017,도입기,1,0.0,70.3,24.1,46.41,91.21,60.45
6068177266,(주)덕원밸브,2015,도입기,0,38.29,65.4,0.0,50.62,10.14,49.52
6068177266,(주)덕원밸브,2016,성장기,0,35.48,2.2,19.68,46.84,87.03,93.11
6068177266,(주)덕원밸브,2017,쇠퇴기,0,0.0,100.0,24.1,46.22,88.62,49.53
6068177266,(주)덕원밸브,2018,쇠퇴기,1,56.96,100.0,92.35,47.15,78.09,40.53
6068177801,(주)동화뉴텍,2015,성장기,0,38.29,0.0,0.0,46.63,6.79,52.71
6068177801,(주)동화뉴텍,2016,성숙기,0,35.48,0.0,19.68,51.31,3.66,49.14
6068177801,(주)동화뉴텍,2017,성숙기,0,0.0,0.0,24.1,51.6,5.24,49.33
6068177801,(주)동화뉴텍,2018,성숙기,0,56.96,0.0,92.35,50.29,4.7,45.96
6068177801,(주)동화뉴텍,2019,성숙기,0,44.21,0.0,100.0,52.25,1.04,47.64
6068177801,(주)동화뉴텍,2020,조정기,0,100.0,22.0,62.42,53.35,6.31,53.56
6068177801,(주)동화뉴텍,2021,조정기,0,25.99,24.6,38.9,46.36,0.24,45.45
6068177801,(주)동화뉴텍,2022,조정기,0,44.25,26.1,54.23,32.52,26.79,62.91
6068177801,(주)동화뉴텍,2023,성숙기,0,24.44,0.0,55.25,46.71,1.66,34.56
6068177801,(주)동화뉴텍,2024,성숙기,0,53.17,0.0,58.94,36.52,0.17,49.44
6068178299,(주)동국이앤씨,2015,도입기,0,38.29,65.4,0.0,56.46,7.2,54.12
6068178299,(주)동국이앤씨,2016,성숙기,0,35.48,0.0,19.68,39.47,7.84,51.21
6068178299,(주)동국이앤씨,2017,쇠퇴기,0,0.0,100.0,24.1,37.11,46.05,70.45
6068178299,(주)동국이앤씨,2018,쇠퇴기,0,56.96,100.0,92.35,35.09,82.33,66.89
6068179357,주식회사창성정밀,2015,성장기,1,38.29,0.0,0.0,45.22,66.74,66.7
6068180062,(주)흥진티엔디,2015,성숙기,0,38.29,5.6,0.0,49.87,44.5,68.23
6068180062,(주)흥진티엔디,2016,성숙기,0,35.48,0.0,19.68,26.69,30.2,42.91
6068180062,(주)흥진티엔디,2017,성숙기,0,0.0,0.0,24.1,35.35,10.14,36.92
6068180062,(주)흥진티엔디,2018,도입기,0,56.96,75.8,92.35,32.94,21.95,52.95
6068180062,(주)흥진티엔디,2019,성숙기,0,44.21,0.0,100.0,43.73,2.98,39.06
6068180062,(주)흥진티엔디,2020,조정기,0,100.0,22.0,62.42,38.9,69.72,87.34
6068180062,(주)흥진티엔디,2024,성숙기,0,53.17,0.0,58.94,37.27,0.17,50.27
6068182890,(주)대성테크윈,2017,조정기,0,0.0,35.9,24.1,48.92,3.66,48.42
6068182890,(주)대성테크윈,2018,성숙기,0,56.96,0.0,92.35,49.91,1.59,45.09
6068182890,(주)대성테크윈,2019,성장기,0,44.21,2.1,100.0,51.55,16.5,57.99
6068189855,동아에이치아이,2016,성장기,0,35.48,2.2,19.68,46.84,31.64,51.01
6068189855,동아에이치아이,2017,쇠퇴기,0,0.0,100.0,24.1,48.92,21.08,42.39
6068189855,동아에이치아이,2018,조정기,0,56.96,38.0,92.35,49.91,16.5,43.72
6068189855,동아에이치아이,2019,도입기,0,44.21,58.1,100.0,31.13,37.44,61.29
6068189855,동아에이치아이,2020,성장기,0,100.0,0.8,62.42,59.38,6.19,33.45
6068189855,동아에이치아이,2021,도입기,0,25.99,71.8,38.9,53.23,59.38,78.86
6068189855,동아에이치아이,2022,성숙기,0,44.25,0.0,54.23,45.8,42.7,36.9
6068189855,동아에이치아이,2023,조정기,0,24.44,24.8,55.25,57.52,7.62,28.97
6068189855,동아에이치아이,2024,성숙기,0,53.17,0.0,58.94,44.94,1.53,46.87
6068190217,주식회사플루엔,2015,도입기,0,38.29,65.4,0.0,39.63,11.29,52.29
6068190217,주식회사플루엔,2016,도입기,0,35.48,82.9,19.68,44.69,9.8,50.03
6068190217,주식회사플루엔,2017,조정기,0,0.0,35.9,24.1,45.88,25.41,57.43
6068190217,주식회사플루엔,2018,성숙기,0,56.96,0.0,92.35,46.12,16.96,41.54
6068190217,주식회사플루엔,2019,성숙기,0,44.21,0.0,100.0,44.03,3.07,41.91
6068190217,주식회사플루엔,2020,성숙기,0,100.0,0.0,62.42,55.69,5.98,52.26
6068190217,주식회사플루엔,2021,조정기,0,25.99,24.6,38.9,52.72,7.26,49.6
6068190217,주식회사플루엔,2022,쇠퇴기,0,44.25,100.0,54.23,34.68,26.97,58.82
6068190217,주식회사플루엔,2023,성숙기,0,24.44,0.0,55.25,48.64,2.87,35.17
6068190217,주식회사플루엔,2024,도입기,0,53.17,92.8,58.94,38.92,5.06,51.46
6068193024,(주)전진엔텍,2015,성장기,0,38.29,0.0,0.0,40.35,5.48,12.84
6068193024,(주)전진엔텍,2016,성장기,0,35.48,2.2,19.68,52.79,17.32,57.37
6068193024,(주)전진엔텍,2017,조정기,0,0.0,35.9,24.1,51.86,92.15,91.59
6068193024,(주)전진엔텍,2018,조정기,0,56.96,38.0,92.35,50.28,89.79,45.16
6068193024,(주)전진엔텍,2019,조정기,0,44.21,25.7,100.0,47.69,16.76,8.74
6068193024,(주)전진엔텍,2020,성숙기,0,100.0,0.0,62.42,51.67,8.74,46.24
6068193024,(주)전진엔텍,2021,성숙기,0,25.99,0.0,38.9,52.15,75.16,86.33
6068193024,(주)전진엔텍,2022,도입기,0,44.25,70.4,54.23,32.37,68.63,42.65
6068193024,(주)전진엔텍,2023,성장기,0,24.44,13.2,55.25,46.92,21.55,22.31
6068193024,(주)전진엔텍,2024,성숙기,0,53.17,0.0,58.94,37.07,16.39,47.34
6068194697,칼텍(주),2015,성숙기,0,38.29,5.6,0.0,66.04,76.01,48.94
6068194697,칼텍(주),2016,성숙기,0,35.48,0.0,19.68,39.66,48.07,35.34
6068194697,칼텍(주),2017,성숙기,0,0.0,0.0,24.1,40.82,15.77,29.9
6068194697,칼텍(주),2018,도입기,0,56.96,75.8,92.35,45.37,92.7,89.8
6068194697,칼텍(주),2019,쇠퇴기,0,44.21,100.0,100.0,51.84,93.85,50.02
6068194697,칼텍(주),2021,조정기,0,25.99,24.6,38.9,62.28,20.7,48.84
6068194697,칼텍(주),2022,성숙기,0,44.25,0.0,54.23,40.9,8.4,39.93
6068198354,해동중공업주식회사,2022,성장기,0,44.25,3.1,54.23,36.93,3.49,47.42
6068198354,해동중공업주식회사,2023,성숙기,0,24.44,0.0,55.25,50.57,4.92,49.72
6068198354,해동중공업주식회사,2024,성숙기,0,53.17,0.0,58.94,40.55,5.53,50.58
6068198451,티에이치티(주),2015,조정기,0,38.29,28.5,0.0,47.02,15.15,48.91
6068198451,티에이치티(주),2016,도입기,0,35.48,82.9,19.68,38.61,24.45,55.95
6068198451,티에이치티(주),2017,조정기,0,0.0,35.9,24.1,40.81,24.91,48.73
6068198451,티에이치티(주),2018,도입기,0,56.96,75.8,92.35,43.46,19.84,43.45
6068198451,티에이치티(주),2019,조정기,0,44.21,25.7,100.0,41.48,15.45,47.18
6068198451,티에이치티(주),2020,쇠퇴기,0,100.0,100.0,62.42,56.52,25.36,56.1
6068198451,티에이치티(주),2021,조정기,0,25.99,24.6,38.9,55.8,69.41,73.74
6068198451,티에이치티(주),2022,성숙기,0,44.25,0.0,54.23,34.31,16.85,15.79
6068198451,티에이치티(주),2023,성장기,0,24.44,13.2,55.25,48.62,14.15,47.48
6068198451,티에이치티(주),2024,성장기,0,53.17,16.0,58.94,39.21,7.87,46.75
6068199275,에스에이치팩(주),2015,성장기,0,38.29,0.0,0.0,42.51,5.3,50.68
6068199275,에스에이치팩(주),2016,성장기,0,35.48,2.2,19.68,43.92,0.53,48.24
6068199275,에스에이치팩(주),2017,도입기,0,0.0,70.3,24.1,46.27,4.61,50.77
6068199275,에스에이치팩(주),2018,성장기,0,56.96,1.0,92.35,48.43,4.45,46.17
6068199275,에스에이치팩(주),2019,성숙기,0,44.21,0.0,100.0,45.9,0.43,47.44
6068199275,에스에이치팩(주),2020,성숙기,0,100.0,0.0,62.42,62.1,20.64,61.77
6068199275,에스에이치팩(주),2021,성숙기,0,25.99,0.0,38.9,61.27,9.92,42.85
6068199275,에스에이치팩(주),2022,성숙기,0,44.25,0.0,54.23,42.43,29.13,58.5
6068199275,에스에이치팩(주),2023,성장기,0,24.44,13.2,55.25,55.11,4.17,34.69
6068199275,에스에이치팩(주),2024,성장기,0,53.17,16.0,58.94,44.19,3.92,50.11
6068601010,우신정공(주),2015,성숙기,0,38.29,5.6,0.0,49.87,0.15,50.16
6068601010,우신정공(주),2016,성숙기,0,35.48,0.0,19.68,45.67,0.4,51.01
6068601010,우신정공(주),2017,조정기,0,0.0,35.9,24.1,47.59,0.6,48.53
6068601010,우신정공(주),2018,성숙기,0,56.96,0.0,92.35,47.46,4.22,48.3
6068601010,우신정공(주),2019,성장기,0,44.21,2.1,100.0,47.64,0.18,47.43
6068601010,우신정공(주),2020,조정기,0,100.0,22.0,62.42,58.75,6.99,54.4
6068601010,우신정공(주),2021,조정기,0,25.99,24.6,38.9,55.9,0.38,45.15
6068601010,우신정공(주),2022,조정기,0,44.25,26.1,54.23,41.4,0.49,47.44
6068601010,우신정공(주),2023,성장기,0,24.44,13.2,55.25,54.28,0.06,48.6
6068601010,우신정공(주),2024,성장기,0,53.17,16.0,58.94,42.97,0.47,50.49
6068602019,(주)제이아이피,2015,성숙기,0,38.29,5.6,0.0,61.72,80.69,51.31
6068602019,(주)제이아이피,2016,성숙기,0,35.48,0.0,19.68,49.37,21.91,18.38
6068606640,씨에스베어링(주),2015,성숙기,0,38.29,5.6,0.0,3.35,12.68,2.85
6068606640,씨에스베어링(주),2016,성숙기,0,35.48,0.0,19.68,45.06,13.32,51.19
6068606640,씨에스베어링(주),2017,성숙기,0,0.0,0.0,24.1,43.17,4.65,43.44
6068606640,씨에스베어링(주),2018,성숙기,0,56.96,0.0,92.35,42.7,6.44,47.28
6068606640,씨에스베어링(주),2019,성장기,0,44.21,2.1,100.0,48.28,2.02,47.21
6068606640,씨에스베어링(주),2020,성장기,0,100.0,0.8,62.42,55.66,7.89,53.89
6068606640,씨에스베어링(주),2021,성장기,0,25.99,1.9,38.9,55.07,75.61,87.06
6068606640,씨에스베어링(주),2022,도입기,0,44.25,70.4,54.23,32.82,88.78,54.16
6068606640,씨에스베어링(주),2023,조정기,1,24.44,24.8,55.25,46.65,77.9,43.62
6068607732,(주)비오에이,2016,성장기,0,35.48,2.2,19.68,46.84,4.6,51.01
6068607732,(주)비오에이,2017,조정기,0,0.0,35.9,24.1,48.92,5.12,48.72
6068607732,(주)비오에이,2018,성숙기,0,56.96,0.0,92.35,49.91,36.42,63.97
6068607732,(주)비오에이,2019,쇠퇴기,0,44.21,100.0,100.0,65.52,10.16,34.95
6068607732,(주)비오에이,2020,성숙기,0,100.0,0.0,62.42,62.14,2.62,46.51
6068607732,(주)비오에이,2021,도입기,0,25.99,71.8,38.9,55.54,8.56,52.22
6068607732,(주)비오에이,2022,성장기,0,44.25,3.1,54.23,38.02,2.29,43.61
6068607732,(주)비오에이,2023,성숙기,0,24.44,0.0,55.25,51.73,2.96,49.26
6068607732,(주)비오에이,2024,성숙기,0,53.17,0.0,58.94,41.97,1.59,49.5
6068611099,대한중기공업주식회사,2015,성숙기,0,38.29,5.6,0.0,36.59,14.51,48.84
6068611099,대한중기공업주식회사,2016,성숙기,0,35.48,0.0,19.68,41.46,22.94,55.47
6068611099,대한중기공업주식회사,2017,조정기,0,0.0,35.9,24.1,43.34,13.18,42.84
6068611099,대한중기공업주식회사,2018,성숙기,0,56.96,0.0,92.35,45.45,10.26,44.63
6068613587,브이피에스(주),2022,성장기,0,44.25,3.1,54.23,36.93,9.09,47.42
6068613587,브이피에스(주),2023,쇠퇴기,0,24.44,100.0,55.25,50.57,14.32,52.0
6068613587,브이피에스(주),2024,성숙기,0,53.17,0.0,58.94,40.55,68.93,80.34
6068621694,주식회사피엠에스,2015,도입기,0,38.29,65.4,0.0,49.87,4.92,49.19
6068621694,주식회사피엠에스,2016,도입기,0,35.48,82.9,19.68,30.17,0.59,48.48
6068621694,주식회사피엠에스,2017,도입기,0,0.0,70.3,24.1,37.12,13.72,55.98
6068621694,주식회사피엠에스,2018,쇠퇴기,0,56.96,100.0,92.35,33.27,84.31,86.21
6068621694,주식회사피엠에스,2019,조정기,0,44.21,25.7,100.0,54.26,83.34,48.86
6068621694,주식회사피엠에스,2020,성숙기,0,100.0,0.0,62.42,45.15,17.7,14.5
6068624556,주식회사에스앤씨메탈,2015,성숙기,0,38.29,5.6,0.0,49.87,15.22,51.3
6068624556,주식회사에스앤씨메탈,2016,성숙기,0,35.48,0.0,19.68,40.25,8.36,47.07
6068624556,주식회사에스앤씨메탈,2017,성숙기,0,0.0,0.0,24.1,44.32,8.93,48.76
6068625711,(주)모노인더스트리,2015,도입기,0,38.29,65.4,0.0,49.87,43.61,71.27
6068625711,(주)모노인더스트리,2016,쇠퇴기,0,35.48,100.0,19.68,46.84,12.22,33.52
6068625711,(주)모노인더스트리,2017,조정기,0,0.0,35.9,24.1,49.13,14.51,49.76
6068625711,(주)모노인더스트리,2018,성장기,0,56.96,1.0,92.35,50.2,17.67,48.08
6068625711,(주)모노인더스트리,2019,조정기,0,44.21,25.7,100.0,46.41,15.68,48.52
6068625711,(주)모노인더스트리,2020,조정기,0,100.0,22.0,62.42,56.44,25.13,55.84
6068625711,(주)모노인더스트리,2021,조정기,0,25.99,24.6,38.9,53.05,25.71,49.23
6068625711,(주)모노인더스트리,2022,조정기,0,44.25,26.1,54.23,43.38,78.54,77.97
6068626777,주식회사서경금속,2022,성숙기,0,44.25,0.0,54.23,36.93,4.02,47.42
6068626777,주식회사서경금속,2023,성숙기,0,24.44,0.0,55.25,50.57,0.22,46.69
6068626777,주식회사서경금속,2024,성숙기,0,53.17,0.0,58.94,40.55,0.28,50.3
6068628625,(주)로보스타비에스디,2021,성숙기,0,25.99,0.0,38.9,54.41,3.26,48.84
6068628625,(주)로보스타비에스디,2022,성숙기,0,44.25,0.0,54.23,36.93,0.1,45.5
6068628625,(주)로보스타비에스디,2023,성숙기,0,24.44,0.0,55.25,50.57,0.31,48.97
6068628625,(주)로보스타비에스디,2024,성장기,0,53.17,16.0,58.94,38.44,0.15,50.18
6068631514,우민기술(주),2015,도입기,0,38.29,65.4,0.0,49.87,18.71,42.22
6068631514,우민기술(주),2016,쇠퇴기,0,35.48,100.0,19.68,78.62,97.39,94.08
6068631514,우민기술(주),2017,조정기,0,0.0,35.9,24.1,67.2,52.86,22.96
6068631514,우민기술(주),2018,쇠퇴기,1,56.96,100.0,92.35,77.57,89.42,67.06
6068632022,주식회사태광유엔티,2022,도입기,0,44.25,70.4,54.23,36.93,28.01,47.42
6068632022,주식회사태광유엔티,2023,쇠퇴기,0,24.44,100.0,55.25,50.57,93.31,87.17
6068632022,주식회사태광유엔티,2024,성숙기,0,53.17,0.0,58.94,40.55,32.77,16.52
6068635015,(주)올니스,2021,성장기,0,25.99,1.9,38.9,54.41,25.56,48.84
6068635015,(주)올니스,2022,조정기,0,44.25,26.1,54.23,36.93,13.29,39.89
6068635015,(주)올니스,2023,성숙기,0,24.44,0.0,55.25,50.57,18.37,51.97
6068635015,(주)올니스,2024,성숙기,0,53.17,0.0,58.94,37.4,8.91,44.98
6068636479,씨아이테크주식회사,2022,성장기,0,44.25,3.1,54.23,36.93,10.6,47.42
6068636479,씨아이테크주식회사,2023,도입기,0,24.44,81.1,55.25,50.57,23.58,56.53
6068636479,씨아이테크주식회사,2024,도입기,0,53.17,92.8,58.94,40.55,24.4,50.63
6068636969,성화금형(주),2015,성장기,0,38.29,0.0,0.0,49.87,1.77,47.95
6068636969,성화금형(주),2016,성장기,0,35.48,2.2,19.68,46.84,0.64,50.25
6068636969,성화금형(주),2017,성숙기,0,0.0,0.0,24.1,47.38,0.62,48.4
6068636969,성화금형(주),2018,성숙기,0,56.96,0.0,92.35,48.66,0.34,46.1
6068636969,성화금형(주),2019,성숙기,0,44.21,0.0,100.0,50.89,0.27,49.65
6068636969,성화금형(주),2020,성숙기,0,100.0,0.0,62.42,60.33,0.45,50.76
6068636969,성화금형(주),2021,성숙기,0,25.99,0.0,38.9,55.62,1.89,49.68
6068636969,성화금형(주),2022,성숙기,0,44.25,0.0,54.23,37.9,1.0,46.84
6068636969,성화금형(주),2023,성숙기,0,24.44,0.0,55.25,51.32,0.14,48.36
6068636969,성화금형(주),2024,성숙기,0,53.17,0.0,58.94,41.02,0.14,50.27
6068638666,(주)제일진공펌프,2022,성장기,0,44.25,3.1,54.23,36.93,5.35,47.42
6068638666,(주)제일진공펌프,2023,성장기,0,24.44,13.2,55.25,50.57,9.08,51.08
6068638666,(주)제일진공펌프,2024,성장기,0,53.17,16.0,58.94,40.55,17.86,55.08
6068638986,(주)엠제이티,2017,성장기,0,0.0,1.7,24.1,48.92,11.19,48.42
6068638986,(주)엠제이티,2018,성장기,0,56.96,1.0,92.35,49.91,17.65,49.93
6068638986,(주)엠제이티,2019,성장기,0,44.21,2.1,100.0,51.55,35.94,59.81
6068638986,(주)엠제이티,2020,성장기,0,100.0,0.8,62.42,59.75,10.76,36.79
6068638986,(주)엠제이티,2021,성장기,0,25.99,1.9,38.9,34.69,6.48,46.46
6068638986,(주)엠제이티,2022,성장기,0,44.25,3.1,54.23,27.85,7.74,48.04
6068638986,(주)엠제이티,2023,성장기,0,24.44,13.2,55.25,42.72,5.83,47.83
6068638986,(주)엠제이티,2024,성숙기,0,53.17,0.0,58.94,35.07,2.68,48.51
6068640366,주식회사에스제이하이텍,2022,성장기,0,44.25,3.1,54.23,36.93,15.18,47.42
6068640366,주식회사에스제이하이텍,2023,조정기,0,24.44,24.8,55.25,50.57,71.15,81.59
6068640366,주식회사에스제이하이텍,2024,도입기,0,53.17,92.8,58.94,40.55,92.66,61.88
6068644682,(주)하마이코리아,2022,성장기,0,44.25,3.1,54.23,36.93,6.27,47.42
6068644682,(주)하마이코리아,2023,쇠퇴기,0,24.44,100.0,55.25,50.57,63.13,81.99
6068644682,(주)하마이코리아,2024,성숙기,0,53.17,0.0,58.94,40.55,9.7,20.56
6068645809,(주)성원아이앤디,2015,성숙기,0,38.29,5.6,0.0,49.87,66.97,36.77
6068645809,(주)성원아이앤디,2016,성숙기,0,35.48,0.0,19.68,17.35,6.54,17.51
6068645809,(주)성원아이앤디,2017,성숙기,0,0.0,0.0,24.1,26.62,4.58,47.29
6068645809,(주)성원아이앤디,2018,성숙기,0,56.96,0.0,92.35,18.63,4.32,46.12
6068645809,(주)성원아이앤디,2019,성장기,0,44.21,2.1,100.0,48.59,75.1,89.07
6068645809,(주)성원아이앤디,2020,성장기,0,100.0,0.8,62.42,69.69,85.34,56.21
6068645809,(주)성원아이앤디,2021,성장기,0,25.99,1.9,38.9,64.67,13.59,8.54
6068645809,(주)성원아이앤디,2022,조정기,0,44.25,26.1,54.23,41.36,10.23,45.25
6068645809,(주)성원아이앤디,2023,성장기,0,24.44,13.2,55.25,54.06,81.05,90.16
6068645809,(주)성원아이앤디,2024,성장기,0,53.17,16.0,58.94,44.03,95.67,58.03
6068649896,우성플로텍주식회사,2015,성숙기,0,38.29,5.6,0.0,49.87,6.32,49.43
6068649896,우성플로텍주식회사,2016,성숙기,0,35.48,0.0,19.68,46.84,49.85,74.78
6068649896,우성플로텍주식회사,2017,성숙기,0,0.0,0.0,24.1,48.79,50.02,48.63
6068649896,우성플로텍주식회사,2018,성숙기,1,56.96,0.0,92.35,49.44,86.65,67.1
6068651295,주식회사케이에스팩,2015,성숙기,0,38.29,5.6,0.0,49.87,20.47,50.22
6068651295,주식회사케이에스팩,2016,성장기,0,35.48,2.2,19.68,46.84,39.63,61.36
6068651295,주식회사케이에스팩,2017,성숙기,0,0.0,0.0,24.1,48.92,39.18,48.24
6068651295,주식회사케이에스팩,2018,성숙기,0,56.96,0.0,92.35,48.94,34.92,43.95
6068651295,주식회사케이에스팩,2019,성숙기,0,44.21,0.0,100.0,50.38,29.5,46.55
6068652218,(주)에스티에스정밀,2022,성장기,0,44.25,3.1,54.23,36.93,12.28,47.42
6068652218,(주)에스티에스정밀,2023,성숙기,0,24.44,0.0,55.25,50.57,47.03,69.21
6068652218,(주)에스티에스정밀,2024,성장기,0,53.17,16.0,58.94,40.55,45.37,49.18
6068661833,(주)엠티티,2022,성장기,0,44.25,3.1,54.23,36.93,4.16,47.42
6068661833,(주)엠티티,2023,성장기,0,24.44,13.2,55.25,50.57,1.59,47.41
6068661833,(주)엠티티,2024,성장기,0,53.17,16.0,58.94,40.55,7.36,53.44
6068662716,주은테크(주),2017,도입기,0,0.0,70.3,24.1,48.92,27.27,48.42
6068662716,주은테크(주),2018,성장기,0,56.96,1.0,92.35,49.91,13.05,38.28
6068662716,주은테크(주),2019,성장기,0,44.21,2.1,100.0,51.55,77.15,85.32
6068662716,주은테크(주),2020,성장기,0,100.0,0.8,62.42,59.87,58.3,40.22
6068662716,주은테크(주),2021,조정기,1,25.99,24.6,38.9,54.87,98.96,71.88
6078126945,엔피씨몰텍(주),2015,성숙기,0,38.29,5.6,0.0,49.87,9.91,42.83
6078126945,엔피씨몰텍(주),2016,성장기,0,35.48,2.2,19.68,46.84,6.41,48.92
6078126945,엔피씨몰텍(주),2017,도입기,0,0.0,70.3,24.1,59.49,12.82,52.12
6078126945,엔피씨몰텍(주),2018,도입기,0,56.96,75.8,92.35,58.0,18.75,49.64
6078126945,엔피씨몰텍(주),2019,도입기,0,44.21,58.1,100.0,62.33,13.55,46.73
6078126945,엔피씨몰텍(주),2020,도입기,0,100.0,68.6,62.42,61.65,7.5,47.33
6078126945,엔피씨몰텍(주),2021,성숙기,0,25.99,0.0,38.9,58.17,46.05,70.61
6078126945,엔피씨몰텍(주),2022,성장기,0,44.25,3.1,54.23,39.53,20.83,32.07
6078126945,엔피씨몰텍(주),2023,성장기,0,24.44,13.2,55.25,52.61,10.21,42.92
6078126945,엔피씨몰텍(주),2024,성장기,0,53.17,16.0,58.94,42.07,77.97,87.62
6078606584,주식회사태원니들,2015,성숙기,0,38.29,5.6,0.0,49.87,1.81,50.32
6078606584,주식회사태원니들,2016,성숙기,0,35.48,0.0,19.68,47.53,1.61,50.76
6078606584,주식회사태원니들,2017,성숙기,0,0.0,0.0,24.1,49.06,1.57,48.39
6078606584,주식회사태원니들,2018,성숙기,0,56.96,0.0,92.35,50.7,23.31,58.55
6078606584,주식회사태원니들,2019,성숙기,0,44.21,0.0,100.0,52.17,0.78,37.07
6078606584,주식회사태원니들,2020,성숙기,0,100.0,0.0,62.42,59.05,0.98,50.78
6078606584,주식회사태원니들,2021,성숙기,0,25.99,0.0,38.9,53.33,0.93,48.84
6078606584,주식회사태원니들,2022,성숙기,0,44.25,0.0,54.23,37.4,0.99,47.4
6078606584,주식회사태원니들,2023,성숙기,0,24.44,0.0,55.25,50.87,10.39,54.33
6078606584,주식회사태원니들,2024,성숙기,0,53.17,0.0,58.94,40.83,8.49,49.18
6088101855,(주)한미엔텍,2019,성장기,0,44.21,2.1,100.0,51.55,3.79,49.68
6088101855,(주)한미엔텍,2020,성장기,0,100.0,0.8,62.42,60.99,0.21,48.69
6088101855,(주)한미엔텍,2021,성장기,0,25.99,1.9,38.9,54.41,0.25,48.89
6088101855,(주)한미엔텍,2022,성숙기,0,44.25,0.0,54.23,35.36,0.19,47.34
6088101855,(주)한미엔텍,2023,쇠퇴기,0,24.44,100.0,55.25,50.2,5.98,52.22
6088101855,(주)한미엔텍,2024,성숙기,0,53.17,0.0,58.94,40.97,0.05,46.97
6088104906,광신기계공업주식회사,2015,성숙기,0,38.29,5.6,0.0,37.42,23.44,31.31
6088104906,광신기계공업주식회사,2016,도입기,0,35.48,82.9,19.68,49.68,70.16,76.5
6088104906,광신기계공업주식회사,2017,성장기,0,0.0,1.7,24.1,48.21,70.24,48.61
6088104906,광신기계공업주식회사,2018,성숙기,0,56.96,0.0,92.35,52.41,26.98,21.97
6088104906,광신기계공업주식회사,2019,조정기,0,44.21,25.7,100.0,54.2,20.14,45.79
6088104906,광신기계공업주식회사,2020,성숙기,0,100.0,0.0,62.42,59.18,19.71,50.41
6088104906,광신기계공업주식회사,2021,성장기,0,25.99,1.9,38.9,51.03,2.35,39.1
6088104906,광신기계공업주식회사,2022,조정기,0,44.25,26.1,54.23,42.17,3.64,48.11
6088104906,광신기계공업주식회사,2023,도입기,0,24.44,81.1,55.25,54.46,4.43,49.35
6088104906,광신기계공업주식회사,2024,성숙기,0,53.17,0.0,58.94,43.36,0.31,47.98
6088105400,한국주강(주),2015,성숙기,0,38.29,5.6,0.0,44.91,2.29,30.22
6088105400,한국주강(주),2016,성숙기,0,35.48,0.0,19.68,46.4,44.51,74.08
6088105400,한국주강(주),2017,성숙기,0,0.0,0.0,24.1,47.07,70.24,63.34
6088105400,한국주강(주),2018,쇠퇴기,0,56.96,100.0,92.35,50.01,80.59,52.29
6088105400,한국주강(주),2019,성장기,1,44.21,2.1,100.0,46.24,82.69,50.58
6088109274,(주)일진,2018,성장기,0,56.96,1.0,92.35,49.91,12.48,46.26
6088109274,(주)일진,2019,성숙기,0,44.21,0.0,100.0,51.55,39.31,64.59
6088109274,(주)일진,2020,성숙기,0,100.0,0.0,62.42,60.99,30.35,45.7
6088109274,(주)일진,2021,성숙기,0,25.99,0.0,38.9,54.77,63.01,67.33
6088109274,(주)일진,2022,도입기,0,44.25,70.4,54.23,38.52,87.35,60.85
6088109274,(주)일진,2023,도입기,0,24.44,81.1,55.25,52.66,87.68,50.12
6088109274,(주)일진,2024,조정기,0,53.17,27.2,58.94,42.47,48.18,28.15
6088114103,오성산업주식회사,2015,조정기,0,38.29,28.5,0.0,55.88,31.84,35.18
6088114103,오성산업주식회사,2016,성숙기,0,35.48,0.0,19.68,51.26,1.0,33.85
6088114103,오성산업주식회사,2017,성숙기,0,0.0,0.0,24.1,54.81,0.59,48.18
6088114103,오성산업주식회사,2018,성숙기,0,56.96,0.0,92.35,54.88,0.47,46.18
6088114103,오성산업주식회사,2019,성숙기,0,44.21,0.0,100.0,53.02,0.84,49.9
6088114103,오성산업주식회사,2020,성숙기,0,100.0,0.0,62.42,62.1,9.82,55.6
6088114103,오성산업주식회사,2021,성숙기,0,25.99,0.0,38.9,55.01,22.63,56.1
6088114103,오성산업주식회사,2022,성숙기,0,44.25,0.0,54.23,37.66,38.93,56.64
6088114103,오성산업주식회사,2023,성숙기,0,24.44,0.0,55.25,51.17,20.85,38.81
6088114103,오성산업주식회사,2024,성숙기,0,53.17,0.0,58.94,41.11,19.57,49.49
6088114587,일림나노텍주식회사,2015,쇠퇴기,1,38.29,100.0,0.0,49.6,97.24,50.2
6088115285,주식회사금아하이드파워,2015,성숙기,0,38.29,5.6,0.0,42.65,6.81,53.56
6088115285,주식회사금아하이드파워,2016,도입기,0,35.48,82.9,19.68,44.91,6.1,50.47
6088115285,주식회사금아하이드파워,2017,성숙기,0,0.0,0.0,24.1,47.01,0.87,45.41
6088115285,주식회사금아하이드파워,2018,성숙기,0,56.96,0.0,92.35,47.17,0.56,46.08
6088115285,주식회사금아하이드파워,2019,성숙기,0,44.21,0.0,100.0,49.25,5.43,52.4
6088115285,주식회사금아하이드파워,2020,조정기,0,100.0,22.0,62.42,61.62,0.13,47.74
6088115285,주식회사금아하이드파워,2021,조정기,0,25.99,24.6,38.9,55.36,3.1,50.54
6088115285,주식회사금아하이드파워,2022,조정기,0,44.25,26.1,54.23,36.97,11.98,52.54
6088115285,주식회사금아하이드파워,2023,성숙기,0,24.44,0.0,55.25,50.57,1.16,42.71
6088115285,주식회사금아하이드파워,2024,성장기,0,53.17,16.0,58.94,40.46,2.44,50.97
6088116547,칸에스티엔(주),2015,도입기,1,38.29,65.4,0.0,48.25,89.76,58.4
6088122961,(주)웰템,2018,성장기,0,56.96,1.0,92.35,49.91,9.32,46.26
6088122961,(주)웰템,2019,성숙기,0,44.21,0.0,100.0,51.55,5.23,47.38
6088122961,(주)웰템,2020,성숙기,0,100.0,0.0,62.42,60.99,2.22,49.01
6088122961,(주)웰템,2021,성숙기,0,25.99,0.0,38.9,30.08,7.94,52.09
6088122961,(주)웰템,2022,성장기,0,44.25,3.1,54.23,25.94,3.41,44.64
6088122961,(주)웰템,2023,성숙기,0,24.44,0.0,55.25,37.11,0.46,47.17
6088122961,(주)웰템,2024,성숙기,0,53.17,0.0,58.94,29.84,0.61,50.35
6088124275,(주)성산암데코,2015,성숙기,0,38.29,5.6,0.0,28.97,49.26,38.79
6088124275,(주)성산암데코,2016,성장기,1,35.48,2.2,19.68,39.27,47.52,49.81
6088128081,(주)웨스코일렉트로드,2019,성장기,0,44.21,2.1,100.0,51.55,4.43,49.68
6088128081,(주)웨스코일렉트로드,2020,도입기,0,100.0,68.6,62.42,60.99,37.17,68.66
6088128081,(주)웨스코일렉트로드,2021,성장기,0,25.99,1.9,38.9,54.41,0.34,28.16
6088128081,(주)웨스코일렉트로드,2022,성숙기,0,44.25,0.0,54.23,36.4,0.57,47.51
6088128081,(주)웨스코일렉트로드,2023,성장기,0,24.44,13.2,55.25,50.07,1.2,49.22
6088128081,(주)웨스코일렉트로드,2024,성숙기,0,53.17,0.0,58.94,40.22,0.85,50.07
6088129270,(주)광진기계,2015,성장기,0,38.29,0.0,0.0,63.63,16.25,51.72
6088129270,(주)광진기계,2016,도입기,0,35.48,82.9,19.68,46.7,28.37,57.5
6088129270,(주)광진기계,2017,성숙기,0,0.0,0.0,24.1,48.1,40.31,55.36
6088129270,(주)광진기계,2018,성숙기,0,56.96,0.0,92.35,49.41,85.62,71.98
6088129270,(주)광진기계,2019,성숙기,0,44.21,0.0,100.0,52.41,97.04,55.76
6088129270,(주)광진기계,2020,쇠퇴기,1,100.0,100.0,62.42,66.74,97.54,50.84
6088132886,주식회사볼크,2015,성숙기,0,38.29,5.6,0.0,50.17,74.98,89.98
6088132886,주식회사볼크,2016,성숙기,0,35.48,0.0,19.68,39.98,6.73,13.19
6088132886,주식회사볼크,2017,도입기,0,0.0,70.3,24.1,43.62,24.07,58.42
6088132886,주식회사볼크,2018,성숙기,0,56.96,0.0,92.35,47.71,2.01,33.84
6088132886,주식회사볼크,2019,도입기,0,44.21,58.1,100.0,50.14,75.69,90.7
6088132886,주식회사볼크,2020,조정기,0,100.0,22.0,62.42,61.97,63.65,43.97
6088132886,주식회사볼크,2021,성숙기,1,25.99,0.0,38.9,53.92,72.49,53.95
6088133696,(주)알룩스메뉴펙처링,2015,쇠퇴기,0,38.29,100.0,0.0,55.62,17.37,16.05
6088133696,(주)알룩스메뉴펙처링,2016,성숙기,0,35.48,0.0,19.68,42.53,8.36,45.88
6088133696,(주)알룩스메뉴펙처링,2017,도입기,0,0.0,70.3,24.1,48.6,13.38,51.32
6088133696,(주)알룩스메뉴펙처링,2018,성장기,0,56.96,1.0,92.35,50.73,9.47,44.08
6088133696,(주)알룩스메뉴펙처링,2019,쇠퇴기,0,44.21,100.0,100.0,56.34,15.66,53.1
6088133696,(주)알룩스메뉴펙처링,2020,성장기,0,100.0,0.8,62.42,61.27,5.77,45.22
6088133696,(주)알룩스메뉴펙처링,2021,도입기,0,25.99,71.8,38.9,54.43,19.15,56.42
6088133696,(주)알룩스메뉴펙처링,2022,도입기,0,44.25,70.4,54.23,35.02,16.24,45.44
6088133696,(주)알룩스메뉴펙처링,2023,도입기,0,24.44,81.1,55.25,49.27,58.77,73.78
6088135239,아시아중공업(주),2015,쇠퇴기,0,38.29,100.0,0.0,66.39,44.53,61.95
6088135239,아시아중공업(주),2016,성숙기,0,35.48,0.0,19.68,64.82,37.73,47.03
6088135239,아시아중공업(주),2017,성숙기,0,0.0,0.0,24.1,62.47,18.82,37.6
6088135239,아시아중공업(주),2018,성숙기,0,56.96,0.0,92.35,60.74,49.73,63.78
6088135239,아시아중공업(주),2019,도입기,0,44.21,58.1,100.0,60.68,43.42,46.01
6088135239,아시아중공업(주),2020,쇠퇴기,1,100.0,100.0,62.42,62.38,89.47,75.93
6088139410,(주)성진테크,2017,성숙기,0,0.0,0.0,24.1,48.92,0.23,48.42
6088139410,(주)성진테크,2018,성숙기,0,56.96,0.0,92.35,49.91,1.69,47.08
6088139822,광진정밀(주),2015,성숙기,0,38.29,5.6,0.0,51.37,2.12,40.01
6088139822,광진정밀(주),2016,성숙기,0,35.48,0.0,19.68,47.38,3.54,51.65
6088139822,광진정밀(주),2017,성숙기,0,0.0,0.0,24.1,50.26,6.78,50.29
6088139822,광진정밀(주),2018,성숙기,0,56.96,0.0,92.35,54.37,1.3,43.17
6088139822,광진정밀(주),2019,성숙기,0,44.21,0.0,100.0,50.86,1.16,49.61
6088139822,광진정밀(주),2020,성숙기,0,100.0,0.0,62.42,64.74,0.11,50.09
6088139822,광진정밀(주),2021,성숙기,0,25.99,0.0,38.9,44.8,0.05,48.82
6088139822,광진정밀(주),2022,조정기,0,44.25,26.1,54.23,34.28,0.65,47.74
6088139822,광진정밀(주),2023,성숙기,0,24.44,0.0,55.25,47.96,1.69,49.46
6088139822,광진정밀(주),2024,조정기,0,53.17,27.2,58.94,39.58,21.98,61.46
6088142860,진영티비엑스주식회사,2015,도입기,1,38.29,65.4,0.0,44.08,89.2,79.0
6088145722,(주)두성코텍,2018,쇠퇴기,0,56.96,100.0,92.35,49.91,11.5,46.26
6088145722,(주)두성코텍,2019,도입기,0,44.21,58.1,100.0,51.55,13.36,50.69
6088145722,(주)두성코텍,2020,쇠퇴기,0,100.0,100.0,62.42,60.99,23.5,56.22
6088145722,(주)두성코텍,2021,조정기,0,25.99,24.6,38.9,55.28,88.75,85.69
6088147910,(주)우레아텍,2015,쇠퇴기,0,38.29,100.0,0.0,20.92,87.28,90.0
6088147910,(주)우레아텍,2016,쇠퇴기,0,35.48,100.0,19.68,38.15,95.98,55.46
6088147910,(주)우레아텍,2017,쇠퇴기,0,0.0,100.0,24.1,36.88,34.42,13.14
6088152863,엘티에스코리아(주),2015,성장기,0,38.29,0.0,0.0,49.87,12.68,52.14
6088152863,엘티에스코리아(주),2016,성장기,0,35.48,2.2,19.68,45.34,8.41,48.5
6088152863,엘티에스코리아(주),2017,성장기,0,0.0,1.7,24.1,47.69,34.09,63.24
6088152863,엘티에스코리아(주),2018,성장기,0,56.96,1.0,92.35,50.28,10.93,33.24
6088152863,엘티에스코리아(주),2019,성숙기,0,44.21,0.0,100.0,54.09,9.77,49.01
6088152863,엘티에스코리아(주),2020,성숙기,0,100.0,0.0,62.42,57.22,5.07,48.07
6088152863,엘티에스코리아(주),2021,성숙기,0,25.99,0.0,38.9,52.12,8.41,50.76
6088152863,엘티에스코리아(주),2022,성장기,0,44.25,3.1,54.23,35.77,6.48,46.15
6088152863,엘티에스코리아(주),2023,성장기,0,24.44,13.2,55.25,49.71,2.41,46.56
6088152863,엘티에스코리아(주),2024,성장기,0,53.17,16.0,58.94,40.22,4.86,51.61
6088162153,(주)세나코,2015,성장기,0,38.29,0.0,0.0,49.87,23.01,57.85
6088162153,(주)세나코,2016,성장기,0,35.48,2.2,19.68,29.64,91.66,88.55
6088162153,(주)세나코,2017,쇠퇴기,0,0.0,100.0,24.1,36.28,98.13,52.35
6088162153,(주)세나코,2018,쇠퇴기,0,56.96,100.0,92.35,34.19,40.6,13.98
6088162153,(주)세나코,2019,성장기,0,44.21,2.1,100.0,39.11,15.03,35.32
6088162153,(주)세나코,2020,성숙기,0,100.0,0.0,62.42,48.86,6.99,46.23
6088162153,(주)세나코,2021,성장기,0,25.99,1.9,38.9,47.29,12.61,52.04
6088162153,(주)세나코,2022,성숙기,0,44.25,0.0,54.23,30.0,5.83,43.26
6088162153,(주)세나코,2023,성숙기,0,24.44,0.0,55.25,44.93,6.07,49.06
6088162153,(주)세나코,2024,성숙기,0,53.17,0.0,58.94,36.26,1.01,47.45
6088162890,원강산업주식회사,2015,도입기,0,38.29,65.4,0.0,42.62,92.9,55.18
6088162890,원강산업주식회사,2016,도입기,0,35.48,82.9,19.68,54.03,25.68,13.71
6088162890,원강산업주식회사,2017,성숙기,0,0.0,0.0,24.1,56.44,20.01,45.2
6088162890,원강산업주식회사,2018,성숙기,0,56.96,0.0,92.35,56.34,20.11,46.36
6088162890,원강산업주식회사,2019,성장기,0,44.21,2.1,100.0,56.46,47.39,64.81
6088162890,원강산업주식회사,2020,성장기,0,100.0,0.8,62.42,62.43,76.16,66.43
6088162890,원강산업주식회사,2021,성장기,0,25.99,1.9,38.9,57.87,92.14,58.0
6088162890,원강산업주식회사,2022,성숙기,0,44.25,0.0,54.23,42.77,51.14,22.27
6088162890,원강산업주식회사,2023,성장기,0,24.44,13.2,55.25,55.38,27.49,35.72
6088162890,원강산업주식회사,2024,성숙기,0,53.17,0.0,58.94,44.43,15.53,43.57
6088163211,주식회사금동기계,2015,쇠퇴기,1,38.29,100.0,0.0,40.4,96.33,54.25
6088164447,콩코드인터내셔날(주),2015,도입기,0,38.29,65.4,0.0,49.87,4.93,50.22
6088164447,콩코드인터내셔날(주),2016,도입기,0,35.48,82.9,19.68,46.84,7.97,52.53
6088164447,콩코드인터내셔날(주),2017,도입기,0,0.0,70.3,24.1,48.92,6.26,47.44
6088164447,콩코드인터내셔날(주),2018,쇠퇴기,0,56.96,100.0,92.35,52.3,9.66,48.19
6088164447,콩코드인터내셔날(주),2019,조정기,0,44.21,25.7,100.0,54.91,9.8,49.74
6088164447,콩코드인터내셔날(주),2020,조정기,0,100.0,22.0,62.42,61.02,8.14,49.74
6088164447,콩코드인터내셔날(주),2021,조정기,0,25.99,24.6,38.9,54.82,23.61,57.6
6088164447,콩코드인터내셔날(주),2022,성숙기,0,44.25,0.0,54.23,38.3,8.52,38.27
6088164447,콩코드인터내셔날(주),2024,성숙기,0,53.17,0.0,58.94,41.37,6.62,50.27
6088165053,(주)영창로보테크,2015,도입기,0,38.29,65.4,0.0,49.87,33.45,50.22
6088165053,(주)영창로보테크,2016,성숙기,0,35.48,0.0,19.68,46.84,14.87,40.59
6088165053,(주)영창로보테크,2017,성숙기,0,0.0,0.0,24.1,48.92,15.31,48.7
6088165053,(주)영창로보테크,2018,성숙기,0,56.96,0.0,92.35,40.32,15.2,46.23
6088165053,(주)영창로보테크,2019,성숙기,0,44.21,0.0,100.0,46.12,8.99,46.19
6088165053,(주)영창로보테크,2020,성숙기,0,100.0,0.0,62.42,64.03,16.03,54.52
6088165053,(주)영창로보테크,2021,성장기,0,25.99,1.9,38.9,57.7,7.21,43.91
6088165053,(주)영창로보테크,2022,쇠퇴기,0,44.25,100.0,54.23,35.28,16.93,52.99
6088165053,(주)영창로보테크,2023,성장기,0,24.44,13.2,55.25,49.29,13.32,46.95
6088165053,(주)영창로보테크,2024,도입기,0,53.17,92.8,58.94,39.89,15.96,51.68
6088165392,(주)디티엠,2015,성숙기,0,38.29,5.6,0.0,45.58,7.47,50.18
6088165392,(주)디티엠,2016,성숙기,0,35.48,0.0,19.68,57.0,11.54,53.09
6088165392,(주)디티엠,2017,성숙기,0,0.0,0.0,24.1,57.79,8.2,46.51
6088165392,(주)디티엠,2018,성숙기,0,56.96,0.0,92.35,55.39,10.2,47.4
6088165392,(주)디티엠,2019,도입기,0,44.21,58.1,100.0,57.14,10.02,49.56
6088165392,(주)디티엠,2020,성숙기,0,100.0,0.0,62.42,61.67,4.29,47.51
6088165392,(주)디티엠,2021,조정기,0,25.99,24.6,38.9,55.6,65.96,83.64
6088165392,(주)디티엠,2022,성숙기,0,44.25,0.0,54.23,37.83,17.69,18.34
6088165392,(주)디티엠,2023,성숙기,0,24.44,0.0,55.25,51.19,4.34,41.3
6088165392,(주)디티엠,2024,성숙기,0,53.17,0.0,58.94,40.91,68.82,85.83
6088168633,주식회사아이피티,2015,도입기,0,38.29,65.4,0.0,38.96,22.28,49.83
6088168633,주식회사아이피티,2016,도입기,0,35.48,82.9,19.68,45.99,97.27,92.03
6088168633,주식회사아이피티,2017,쇠퇴기,0,0.0,100.0,24.1,45.46,99.36,49.84
6088168633,주식회사아이피티,2018,쇠퇴기,1,56.96,100.0,92.35,43.82,97.22,45.3
6088169175,주식회사씨알엔지니어링,2015,성숙기,0,38.29,5.6,0.0,61.37,24.11,46.38
6088169175,주식회사씨알엔지니어링,2016,성숙기,0,35.48,0.0,19.68,56.47,56.84,68.81
6088169777,(주)팬코리아중공업,2015,쇠퇴기,0,38.29,100.0,0.0,72.0,15.61,49.1
6088169777,(주)팬코리아중공업,2016,조정기,0,35.48,33.5,19.68,59.5,21.08,53.85
6088169821,엔티케이산업(주),2015,성숙기,1,38.29,5.6,0.0,44.55,97.05,50.99
6088174042,피앤엠주식회사,2018,성장기,0,56.96,1.0,92.35,49.91,3.45,46.26
6088174042,피앤엠주식회사,2019,조정기,0,44.21,25.7,100.0,51.55,0.49,48.03
6088174042,피앤엠주식회사,2020,성숙기,0,100.0,0.0,62.42,60.99,0.21,50.51
6088174042,피앤엠주식회사,2021,성숙기,0,25.99,0.0,38.9,57.14,0.87,49.24
6088174042,피앤엠주식회사,2022,성숙기,0,44.25,0.0,54.23,41.18,52.18,77.39
6088174042,피앤엠주식회사,2023,성숙기,0,24.44,0.0,55.25,54.81,64.47,56.65
6088174042,피앤엠주식회사,2024,성숙기,0,53.17,0.0,58.94,43.97,63.96,49.75
6088175959,주식회사상상인선박기계,2015,성숙기,0,38.29,5.6,0.0,49.87,61.51,81.28
6088175959,주식회사상상인선박기계,2016,쇠퇴기,0,35.48,100.0,19.68,46.84,53.68,46.43
6088175959,주식회사상상인선박기계,2017,쇠퇴기,1,0.0,100.0,24.1,54.67,90.49,69.75
6088178989,제이아이유압(주),2015,조정기,0,38.29,28.5,0.0,45.21,17.85,11.61
6088178989,제이아이유압(주),2016,성숙기,0,35.48,0.0,19.68,55.6,3.29,42.83
6088178989,제이아이유압(주),2017,성장기,0,0.0,1.7,24.1,61.61,8.22,51.25
6088178989,제이아이유압(주),2018,성숙기,0,56.96,0.0,92.35,58.83,9.91,47.23
6088178989,제이아이유압(주),2019,성장기,0,44.21,2.1,100.0,59.52,88.67,93.49
6088178989,제이아이유압(주),2020,성숙기,0,100.0,0.0,62.42,69.58,25.19,15.68
6088178989,제이아이유압(주),2021,도입기,0,25.99,71.8,38.9,59.2,51.19,63.56
6088178989,제이아이유압(주),2022,성장기,0,44.25,3.1,54.23,38.69,74.05,60.13
6088178989,제이아이유압(주),2023,성장기,0,24.44,13.2,55.25,51.85,88.4,58.12
6088178989,제이아이유압(주),2024,성장기,1,53.17,16.0,58.94,41.86,91.87,51.85
6088184502,(주)영창기업,2017,성장기,0,0.0,1.7,24.1,48.92,10.07,48.42
6088184502,(주)영창기업,2018,쇠퇴기,0,56.96,100.0,92.35,49.91,71.18,80.84
6088184502,(주)영창기업,2019,도입기,0,44.21,58.1,100.0,51.55,90.43,60.16
6088184502,(주)영창기업,2020,성장기,1,100.0,0.8,62.42,63.15,89.69,50.16
6088191963,주식회사씨티알로보틱스,2019,조정기,0,44.21,25.7,100.0,51.55,12.62,49.68
6088191963,주식회사씨티알로보틱스,2020,도입기,0,100.0,68.6,62.42,60.99,88.51,92.36
6088191963,주식회사씨티알로보틱스,2021,성숙기,0,25.99,0.0,38.9,54.41,22.31,11.68
6088191963,주식회사씨티알로보틱스,2022,조정기,0,44.25,26.1,54.23,36.28,72.31,76.36
6088191963,주식회사씨티알로보틱스,2023,쇠퇴기,0,24.44,100.0,55.25,50.01,90.1,60.09
6088191963,주식회사씨티알로보틱스,2024,쇠퇴기,1,53.17,100.0,58.94,39.92,82.75,45.88
6088194766,(주)현대성형기,2015,성숙기,0,38.29,5.6,0.0,49.87,6.43,44.7
6088194766,(주)현대성형기,2016,성숙기,0,35.48,0.0,19.68,41.58,11.44,53.62
6088194766,(주)현대성형기,2017,성숙기,0,0.0,0.0,24.1,45.41,24.5,55.96
6088194766,(주)현대성형기,2018,성숙기,0,56.96,0.0,92.35,43.76,94.9,86.13
6088194766,(주)현대성형기,2019,조정기,0,44.21,25.7,100.0,52.45,85.54,44.16
6088194766,(주)현대성형기,2020,성숙기,1,100.0,0.0,62.42,60.33,78.07,46.47
6088195412,(주)금화테크,2022,성장기,0,44.25,3.1,54.23,36.93,11.07,47.42
6088195412,(주)금화테크,2023,성장기,0,24.44,13.2,55.25,50.57,9.91,48.31
6088195412,(주)금화테크,2024,성장기,0,53.17,16.0,58.94,40.55,2.08,45.91
6088199311,주식회사태형산업,2015,도입기,1,38.29,65.4,0.0,49.87,96.76,51.85
6088602941,(주)유일정공,2018,성장기,0,56.96,1.0,92.35,49.91,18.35,46.26
6088602941,(주)유일정공,2019,성숙기,0,44.21,0.0,100.0,51.55,13.01,46.66
6088602941,(주)유일정공,2022,성장기,0,44.25,3.1,54.23,36.93,10.46,47.42
6088602941,(주)유일정공,2023,성장기,0,24.44,13.2,55.25,51.27,9.93,48.67
6088602941,(주)유일정공,2024,성장기,0,53.17,16.0,58.94,41.11,47.92,71.19
6088603479,덕성엠텍(주),2022,성장기,0,44.25,3.1,54.23,36.93,16.85,47.42
6088603479,덕성엠텍(주),2023,성장기,0,24.44,13.2,55.25,50.57,17.8,49.61
6088603479,덕성엠텍(주),2024,성장기,0,53.17,16.0,58.94,40.55,95.1,92.85
6098101498,피케이밸브앤엔지니어링(주),2015,성숙기,0,38.29,5.6,0.0,43.5,7.78,53.33
6098101498,피케이밸브앤엔지니어링(주),2016,도입기,0,35.48,82.9,19.68,48.3,71.94,86.12
6098101498,피케이밸브앤엔지니어링(주),2017,도입기,0,0.0,70.3,24.1,48.84,76.58,51.25
6098101498,피케이밸브앤엔지니어링(주),2018,도입기,1,56.96,75.8,92.35,50.05,59.11,36.57
6098102954,한국공작기계(주),2015,조정기,0,38.29,28.5,0.0,48.44,75.58,41.22
6098102954,한국공작기계(주),2016,도입기,1,35.48,82.9,19.68,44.89,100.0,64.12
6098103841,창원관광개발(주),2015,성숙기,1,38.29,5.6,0.0,42.52,87.06,61.77
6098104442,(주)케이비알,2015,쇠퇴기,1,38.29,100.0,0.0,43.79,87.45,50.73
6098104684,두산에너빌리티(주),2015,성장기,0,38.29,0.0,0.0,63.18,84.15,76.98
6098104684,두산에너빌리티(주),2016,조정기,0,35.48,33.5,19.68,38.17,42.13,27.58
6098104684,두산에너빌리티(주),2017,성장기,0,0.0,1.7,24.1,38.58,41.15,47.94
6098104684,두산에너빌리티(주),2018,성숙기,0,56.96,0.0,92.35,41.41,42.7,47.24
6098104684,두산에너빌리티(주),2019,성숙기,0,44.21,0.0,100.0,47.54,44.7,50.66
6098104684,두산에너빌리티(주),2020,성숙기,0,100.0,0.0,62.42,58.9,74.19,66.83
6098104684,두산에너빌리티(주),2021,성숙기,0,25.99,0.0,38.9,53.56,18.13,17.37
6098104684,두산에너빌리티(주),2022,성숙기,0,44.25,0.0,54.23,32.97,40.68,60.35
6098104684,두산에너빌리티(주),2023,성숙기,0,24.44,0.0,55.25,47.38,3.27,27.59
6098104684,두산에너빌리티(주),2024,성숙기,0,53.17,0.0,58.94,37.88,8.29,53.02
6098104893,삼성다이나에이치백(주),2015,도입기,0,38.29,65.4,0.0,52.19,74.29,81.86
6098104893,삼성다이나에이치백(주),2016,도입기,0,35.48,82.9,19.68,47.4,47.73,36.1
6098104893,삼성다이나에이치백(주),2017,성장기,0,0.0,1.7,24.1,50.94,38.42,43.16
6098104893,삼성다이나에이치백(주),2018,도입기,0,56.96,75.8,92.35,52.69,90.82,75.99
6098104893,삼성다이나에이치백(주),2019,성숙기,0,44.21,0.0,100.0,53.59,94.31,51.32
6098104893,삼성다이나에이치백(주),2020,성장기,1,100.0,0.8,62.42,62.89,93.46,50.1
6098106116,대명공업(주),2015,도입기,0,38.29,65.4,0.0,58.75,89.03,81.21
6098106116,대명공업(주),2016,조정기,0,35.48,33.5,19.68,38.52,81.04,46.28
6098106116,대명공업(주),2017,도입기,0,0.0,70.3,24.1,40.01,50.01,30.71
6098106116,대명공업(주),2018,도입기,0,56.96,75.8,92.35,43.37,81.96,64.45
6098106116,대명공업(주),2019,도입기,0,44.21,58.1,100.0,45.44,86.55,51.97
6098106116,대명공업(주),2020,쇠퇴기,1,100.0,100.0,62.42,62.33,85.87,50.2
6098106343,(주)한국마이콤,2015,성숙기,0,38.29,5.6,0.0,34.56,0.55,46.96
6098106343,(주)한국마이콤,2016,성숙기,0,35.48,0.0,19.68,40.39,0.08,50.62
6098106343,(주)한국마이콤,2017,성숙기,0,0.0,0.0,24.1,42.26,2.1,49.57
6098106343,(주)한국마이콤,2018,성숙기,0,56.96,0.0,92.35,47.04,0.12,45.14
6098106343,(주)한국마이콤,2019,성숙기,0,44.21,0.0,100.0,49.14,5.25,52.54
6098106343,(주)한국마이콤,2020,성숙기,0,100.0,0.0,62.42,57.74,0.26,47.92
6098106343,(주)한국마이콤,2021,성숙기,0,25.99,0.0,38.9,48.76,0.43,48.96
6098106343,(주)한국마이콤,2022,성숙기,0,44.25,0.0,54.23,31.54,4.73,49.89
6098106343,(주)한국마이콤,2023,성숙기,0,24.44,0.0,55.25,46.12,4.41,48.72
6098106343,(주)한국마이콤,2024,성숙기,0,53.17,0.0,58.94,37.5,0.32,47.99
6098108128,(주)성우,2015,성숙기,0,38.29,5.6,0.0,51.76,49.28,73.78
6098108128,(주)성우,2016,성숙기,0,35.48,0.0,19.68,46.26,28.57,39.37
6098108128,(주)성우,2017,성숙기,0,0.0,0.0,24.1,49.18,9.46,37.46
6098108128,(주)성우,2018,성숙기,0,56.96,0.0,92.35,51.34,8.64,45.81
6098108128,(주)성우,2019,성숙기,0,44.21,0.0,100.0,49.41,13.29,52.25
6098108128,(주)성우,2020,도입기,0,100.0,68.6,62.42,64.53,26.64,57.99
6098108128,(주)성우,2021,도입기,0,25.99,71.8,38.9,59.76,6.67,37.64
6098108128,(주)성우,2022,성숙기,0,44.25,0.0,54.23,44.24,7.65,47.87
6098108128,(주)성우,2023,성숙기,0,24.44,0.0,55.25,56.3,24.47,58.73
6098108128,(주)성우,2024,성숙기,0,53.17,0.0,58.94,45.07,37.56,57.4
6098108550,롤코리아주식회사,2015,조정기,0,38.29,28.5,0.0,37.76,53.44,41.73
6098108550,롤코리아주식회사,2016,성숙기,0,35.48,0.0,19.68,41.34,43.63,45.36
6098108550,롤코리아주식회사,2017,성숙기,0,0.0,0.0,24.1,44.89,60.29,58.11
6098108550,롤코리아주식회사,2018,성숙기,0,56.96,0.0,92.35,49.58,3.14,14.09
6098108550,롤코리아주식회사,2019,성숙기,0,44.21,0.0,100.0,48.88,7.43,52.07
6098108550,롤코리아주식회사,2020,성숙기,0,100.0,0.0,62.42,61.32,1.43,47.36
6098108550,롤코리아주식회사,2021,성숙기,0,25.99,0.0,38.9,55.14,1.03,48.64
6098108550,롤코리아주식회사,2022,성숙기,0,44.25,0.0,54.23,38.35,40.7,70.58
6098108550,롤코리아주식회사,2023,성숙기,0,24.44,0.0,55.25,51.65,2.72,27.26
6098108550,롤코리아주식회사,2024,성장기,0,53.17,16.0,58.94,41.84,56.27,79.8
6098108583,(주)코만,2015,성장기,0,38.29,0.0,0.0,50.72,14.97,51.94
6098108583,(주)코만,2016,성장기,0,35.48,2.2,19.68,45.14,87.66,90.79
6098108583,(주)코만,2017,성장기,0,0.0,1.7,24.1,46.83,12.82,5.47
6098108583,(주)코만,2018,성장기,0,56.96,1.0,92.35,50.07,15.55,47.83
6098108583,(주)코만,2019,성장기,0,44.21,2.1,100.0,48.66,8.57,45.75
6098108583,(주)코만,2020,성장기,0,100.0,0.8,62.42,60.59,19.06,56.42
6098108583,(주)코만,2021,성장기,0,25.99,1.9,38.9,56.65,10.73,44.2
6098108583,(주)코만,2022,성숙기,0,44.25,0.0,54.23,41.51,4.19,43.43
6098108583,(주)코만,2023,성숙기,0,24.44,0.0,55.25,54.38,11.95,53.41
6098108583,(주)코만,2024,성장기,0,53.17,16.0,58.94,43.74,7.38,47.7
6098115838,(주)에스피이엔지,2015,도입기,0,38.29,65.4,0.0,49.87,39.77,50.22
6098115838,(주)에스피이엔지,2016,조정기,0,35.48,33.5,19.68,46.84,74.22,69.72
6098115838,(주)에스피이엔지,2017,도입기,1,0.0,70.3,24.1,48.92,90.85,58.16
6098119886,(주)협신하이드로릭,2019,성숙기,0,44.21,0.0,100.0,51.55,28.0,49.68
6098119886,(주)협신하이드로릭,2020,도입기,0,100.0,68.6,62.42,60.99,89.02,84.17
6098119886,(주)협신하이드로릭,2021,성숙기,0,25.99,0.0,38.9,54.41,37.34,19.86
6098119886,(주)협신하이드로릭,2022,성숙기,0,44.25,0.0,54.23,37.77,59.3,59.77
6098119886,(주)협신하이드로릭,2023,성숙기,0,24.44,0.0,55.25,51.04,56.66,48.05
6098119886,(주)협신하이드로릭,2024,쇠퇴기,0,53.17,100.0,58.94,40.62,48.23,45.41
6098123416,(주)유한정밀,2015,성장기,0,38.29,0.0,0.0,48.75,16.02,54.8
6098123416,(주)유한정밀,2016,도입기,0,35.48,82.9,19.68,42.4,17.72,51.77
6098123416,(주)유한정밀,2017,성장기,0,0.0,1.7,24.1,42.77,13.14,45.81
6098123416,(주)유한정밀,2018,쇠퇴기,0,56.96,100.0,92.35,42.28,84.26,86.51
6098123416,(주)유한정밀,2019,쇠퇴기,0,44.21,100.0,100.0,54.97,92.87,54.19
6098123416,(주)유한정밀,2020,쇠퇴기,1,100.0,100.0,62.42,61.3,56.43,30.54
6098123639,주식회사옥산아이엠티,2015,조정기,0,38.29,28.5,0.0,42.36,39.43,24.42
6098123639,주식회사옥산아이엠티,2016,성숙기,0,35.48,0.0,19.68,48.94,11.06,35.19
6098123639,주식회사옥산아이엠티,2017,도입기,0,0.0,70.3,24.1,53.77,24.52,56.19
6098123639,주식회사옥산아이엠티,2018,성숙기,0,56.96,0.0,92.35,53.72,9.25,37.68
6098123639,주식회사옥산아이엠티,2019,도입기,0,44.21,58.1,100.0,51.83,39.07,66.26
6098123639,주식회사옥산아이엠티,2020,성숙기,0,100.0,0.0,62.42,63.79,18.83,39.5
6098123639,주식회사옥산아이엠티,2021,도입기,0,25.99,71.8,38.9,52.22,19.91,49.5
6098123639,주식회사옥산아이엠티,2022,도입기,0,44.25,70.4,54.23,39.41,15.53,44.58
6098123639,주식회사옥산아이엠티,2023,도입기,0,24.44,81.1,55.25,52.49,5.91,43.45
6098123639,주식회사옥산아이엠티,2024,성장기,0,53.17,16.0,58.94,41.27,3.31,48.81
6098123871,창원정공(주),2015,도입기,0,38.29,65.4,0.0,62.81,88.16,92.96
6098123871,창원정공(주),2016,쇠퇴기,0,35.48,100.0,19.68,32.76,13.92,9.87
6098125729,금오금속공업(주),2015,성장기,0,38.29,0.0,0.0,49.87,52.38,58.29
6098125729,금오금속공업(주),2016,성장기,0,35.48,2.2,19.68,46.84,25.25,35.84
6098125729,금오금속공업(주),2017,성장기,0,0.0,1.7,24.1,54.79,8.89,39.04
6098125729,금오금속공업(주),2018,쇠퇴기,0,56.96,100.0,92.35,54.62,86.91,90.4
6098125729,금오금속공업(주),2019,성장기,0,44.21,2.1,100.0,58.47,84.65,48.14
6098127649,세진산업(주),2015,쇠퇴기,0,38.29,100.0,0.0,41.85,62.99,57.22
6098127649,세진산업(주),2016,도입기,1,35.48,82.9,19.68,65.53,78.01,58.99
6098128013,두성산업(주),2015,성숙기,0,38.29,5.6,0.0,49.87,14.73,53.23
6098128013,두성산업(주),2016,성숙기,0,35.48,0.0,19.68,45.21,11.86,49.26
6098128013,두성산업(주),2017,성숙기,0,0.0,0.0,24.1,47.99,60.39,76.41
6098128013,두성산업(주),2018,도입기,0,56.96,75.8,92.35,49.17,74.88,54.6
6098128013,두성산업(주),2019,성숙기,0,44.21,0.0,100.0,57.45,6.84,11.57
6098128013,두성산업(주),2020,성장기,0,100.0,0.8,62.42,63.29,6.28,50.35
6098128013,두성산업(주),2021,성숙기,0,25.99,0.0,38.9,54.78,15.53,54.09
6098128013,두성산업(주),2022,쇠퇴기,0,44.25,100.0,54.23,40.23,65.19,76.24
6098129180,(주)창원특수강,2017,성장기,0,0.0,1.7,24.1,48.92,6.68,48.42
6098129180,(주)창원특수강,2018,쇠퇴기,0,56.96,100.0,92.35,49.91,30.78,59.9
6098129180,(주)창원특수강,2019,성숙기,0,44.21,0.0,100.0,51.55,1.51,33.29
6098133398,볼보그룹코리아(주),2015,성숙기,0,38.29,5.6,0.0,46.42,1.82,50.3
6098133398,볼보그룹코리아(주),2016,성숙기,0,35.48,0.0,19.68,47.33,0.61,50.2
6098133398,볼보그룹코리아(주),2017,성숙기,0,0.0,0.0,24.1,49.89,3.54,50.11
6098133398,볼보그룹코리아(주),2018,성숙기,0,56.96,0.0,92.35,52.45,8.31,48.96
6098133398,볼보그룹코리아(주),2019,성숙기,0,44.21,0.0,100.0,51.68,0.75,45.46
6098133398,볼보그룹코리아(주),2020,성숙기,0,100.0,0.0,62.42,61.1,1.45,51.05
6098133398,볼보그룹코리아(주),2021,성숙기,0,25.99,0.0,38.9,55.44,6.2,51.54
6098133398,볼보그룹코리아(주),2022,성숙기,0,44.25,0.0,54.23,38.15,8.82,48.84
6098133398,볼보그룹코리아(주),2023,성숙기,0,24.44,0.0,55.25,51.5,2.36,45.2
6098133398,볼보그룹코리아(주),2024,성숙기,0,53.17,0.0,58.94,41.23,7.45,53.07
6098133665,주식회사뉴템즈,2015,성장기,0,38.29,0.0,0.0,37.88,62.74,66.03
6098133665,주식회사뉴템즈,2016,도입기,0,35.48,82.9,19.68,47.04,47.0,42.08
6098133665,주식회사뉴템즈,2017,도입기,1,0.0,70.3,24.1,48.5,80.78,67.99
6098134548,주식회사영진테크,2017,도입기,0,0.0,70.3,24.1,48.92,26.37,48.42
6098134548,주식회사영진테크,2018,성장기,0,56.96,1.0,92.35,49.91,6.07,34.84
6098134548,주식회사영진테크,2019,도입기,0,44.21,58.1,100.0,51.55,59.4,79.35
6098134548,주식회사영진테크,2020,조정기,0,100.0,22.0,62.42,63.05,91.8,68.41
6098134548,주식회사영진테크,2021,쇠퇴기,0,25.99,100.0,38.9,59.5,13.69,4.97
6098134548,주식회사영진테크,2022,성장기,0,44.25,3.1,54.23,65.28,24.69,53.65
6098134548,주식회사영진테크,2023,성장기,0,24.44,13.2,55.25,73.48,59.97,69.68
6098134548,주식회사영진테크,2024,성장기,0,53.17,16.0,58.94,59.6,37.55,37.68
6098135227,(주)에스에프에이,2015,성숙기,0,38.29,5.6,0.0,57.11,5.58,53.08
6098135227,(주)에스에프에이,2016,성숙기,0,35.48,0.0,19.68,59.22,0.84,48.25
6098135227,(주)에스에프에이,2017,성숙기,0,0.0,0.0,24.1,69.72,0.4,48.16
6098135227,(주)에스에프에이,2018,성숙기,0,56.96,0.0,92.35,65.64,5.78,49.3
6098135227,(주)에스에프에이,2019,성숙기,0,44.21,0.0,100.0,66.81,4.59,49.01
6098135227,(주)에스에프에이,2020,성숙기,0,100.0,0.0,62.42,69.77,0.18,48.24
6098135227,(주)에스에프에이,2021,성숙기,0,25.99,0.0,38.9,62.62,0.81,49.22
6098135227,(주)에스에프에이,2022,성숙기,0,44.25,0.0,54.23,38.86,0.34,47.1
6098135227,(주)에스에프에이,2023,성숙기,0,24.44,0.0,55.25,52.02,6.95,52.7
6098135227,(주)에스에프에이,2024,성숙기,0,53.17,0.0,58.94,41.67,48.89,73.38
6098135789,나라엠앤디(주),2015,성장기,0,38.29,0.0,0.0,49.96,8.26,50.28
6098135789,나라엠앤디(주),2016,성장기,0,35.48,2.2,19.68,45.85,22.85,58.87
6098135789,나라엠앤디(주),2017,성장기,0,0.0,1.7,24.1,47.92,7.53,39.63
6098135789,나라엠앤디(주),2018,성장기,0,56.96,1.0,92.35,49.44,13.9,49.87
6098135789,나라엠앤디(주),2019,성장기,0,44.21,2.1,100.0,50.8,45.81,67.4
6098135789,나라엠앤디(주),2020,성장기,0,100.0,0.8,62.42,58.87,53.08,54.61
6098135789,나라엠앤디(주),2021,성장기,0,25.99,1.9,38.9,51.33,11.31,25.4
6098135789,나라엠앤디(주),2022,성숙기,0,44.25,0.0,54.23,35.44,6.47,44.41
6098135789,나라엠앤디(주),2023,성숙기,0,24.44,0.0,55.25,49.24,4.97,48.05
6098135789,나라엠앤디(주),2024,성숙기,0,53.17,0.0,58.94,39.52,15.16,55.87
6098135886,주식회사케이엠티,2016,도입기,0,35.48,82.9,19.68,18.04,54.02,51.01
6098135886,주식회사케이엠티,2017,도입기,0,0.0,70.3,24.1,51.58,89.19,68.81
6098135886,주식회사케이엠티,2018,성숙기,0,56.96,0.0,92.35,55.23,83.5,43.27
6098135886,주식회사케이엠티,2019,성장기,1,44.21,2.1,100.0,55.31,91.38,53.79
6098136167,윈텍주식회사,2015,조정기,0,38.29,28.5,0.0,51.21,4.99,27.36
6098136167,윈텍주식회사,2016,성숙기,0,35.48,0.0,19.68,60.3,1.61,49.01
6098136167,윈텍주식회사,2017,성숙기,0,0.0,0.0,24.1,61.82,0.14,47.56
6098136167,윈텍주식회사,2018,성숙기,0,56.96,0.0,92.35,59.71,0.14,46.25
6098136167,윈텍주식회사,2019,성숙기,0,44.21,0.0,100.0,52.71,0.1,49.67
6098136740,태평양정기(주),2018,성숙기,0,56.96,0.0,92.35,49.91,4.81,46.26
6098136740,태평양정기(주),2019,성숙기,0,44.21,0.0,100.0,51.55,0.08,47.04
6098136740,태평양정기(주),2020,성숙기,0,100.0,0.0,62.42,60.99,0.25,50.76
6098136740,태평양정기(주),2021,성숙기,0,25.99,0.0,38.9,50.77,4.67,51.36
6098136740,태평양정기(주),2022,성숙기,0,44.25,0.0,54.23,36.54,0.19,44.7
6098136740,태평양정기(주),2023,성장기,0,24.44,13.2,55.25,49.8,24.52,63.01
6098136740,태평양정기(주),2024,성장기,0,53.17,16.0,58.94,40.07,13.13,43.89
6098136774,디씨티(주),2016,성숙기,0,35.48,0.0,19.68,46.84,3.34,51.01
6098136774,디씨티(주),2017,성숙기,0,0.0,0.0,24.1,48.92,0.41,46.73
6098136774,디씨티(주),2018,성숙기,0,56.96,0.0,92.35,49.91,1.13,46.66
6098136774,디씨티(주),2019,성숙기,0,44.21,0.0,100.0,57.29,0.09,49.11
6098136774,디씨티(주),2020,성숙기,0,100.0,0.0,62.42,61.57,0.0,50.62
6098136774,디씨티(주),2021,성숙기,0,25.99,0.0,38.9,54.62,0.3,49.03
6098136774,디씨티(주),2022,성숙기,0,44.25,0.0,54.23,30.8,3.48,49.24
6098136774,디씨티(주),2023,성숙기,0,24.44,0.0,55.25,45.16,0.33,47.06
6098136774,디씨티(주),2024,조정기,0,53.17,27.2,58.94,35.59,62.99,84.83
6098137512,신진로기계공업(주),2015,성숙기,0,38.29,5.6,0.0,49.87,4.18,50.22
6098137512,신진로기계공업(주),2016,성장기,0,35.48,2.2,19.68,46.84,2.63,50.01
6098137512,신진로기계공업(주),2017,성장기,0,0.0,1.7,24.1,48.92,4.06,49.24
6098137512,신진로기계공업(주),2018,성장기,0,56.96,1.0,92.35,52.01,6.24,47.5
6098137512,신진로기계공업(주),2019,조정기,0,44.21,25.7,100.0,50.74,34.77,65.55
6098137512,신진로기계공업(주),2020,조정기,0,100.0,22.0,62.42,58.31,0.35,31.71
6098137512,신진로기계공업(주),2021,성숙기,0,25.99,0.0,38.9,50.73,3.85,50.84
6098137512,신진로기계공업(주),2022,성숙기,0,44.25,0.0,54.23,36.66,0.06,45.11
6098137512,신진로기계공업(주),2023,성숙기,0,24.44,0.0,55.25,50.14,0.03,48.83
6098137512,신진로기계공업(주),2024,성숙기,0,53.17,0.0,58.94,39.34,0.34,50.44
6098137550,동해기계(주),2015,성장기,0,38.29,0.0,0.0,48.37,49.5,55.61
6098137550,동해기계(주),2016,성숙기,0,35.48,0.0,19.68,53.84,94.28,75.37
6098137550,동해기계(주),2017,성숙기,0,0.0,0.0,24.1,57.45,93.74,48.32
6098137550,동해기계(주),2018,성숙기,0,56.96,0.0,92.35,59.14,59.57,27.17
6098137550,동해기계(주),2019,성숙기,0,44.21,0.0,100.0,55.3,67.16,53.71
6098137550,동해기계(주),2020,성숙기,0,100.0,0.0,62.42,66.02,34.05,32.4
6098137550,동해기계(주),2021,조정기,0,25.99,24.6,38.9,56.99,18.3,40.04
6098137550,동해기계(주),2022,도입기,0,44.25,70.4,54.23,42.98,17.46,46.67
6098137550,동해기계(주),2023,성장기,0,24.44,13.2,55.25,55.44,11.93,45.85
6098137550,동해기계(주),2024,성장기,0,53.17,16.0,58.94,44.59,56.37,74.74
6098137773,(주)하나파워시스템서비스,2015,쇠퇴기,0,38.29,100.0,0.0,52.91,59.07,63.39
6098137773,(주)하나파워시스템서비스,2016,성장기,0,35.48,2.2,19.68,51.3,13.27,25.57
6098137773,(주)하나파워시스템서비스,2017,조정기,0,0.0,35.9,24.1,53.22,16.92,50.55
6098137773,(주)하나파워시스템서비스,2018,도입기,0,56.96,75.8,92.35,54.66,49.55,64.75
6098137773,(주)하나파워시스템서비스,2019,쇠퇴기,0,44.21,100.0,100.0,56.33,53.27,51.59
6098137773,(주)하나파워시스템서비스,2020,쇠퇴기,0,100.0,100.0,62.42,55.26,83.59,67.27
6098137773,(주)하나파워시스템서비스,2021,쇠퇴기,0,25.99,100.0,38.9,51.16,16.09,10.93
6098137773,(주)하나파워시스템서비스,2022,성숙기,0,44.25,0.0,54.23,35.19,11.93,44.75
6098137773,(주)하나파워시스템서비스,2023,도입기,0,24.44,81.1,55.25,49.23,14.18,50.3
6098137773,(주)하나파워시스템서비스,2024,조정기,0,53.17,27.2,58.94,40.2,8.9,47.3
6098138559,(주)코리아테크,2015,성장기,0,38.29,0.0,0.0,49.87,21.17,58.93
6098138559,(주)코리아테크,2016,성장기,0,35.48,2.2,19.68,37.29,8.53,43.88
6098138559,(주)코리아테크,2017,성장기,0,0.0,1.7,24.1,43.27,11.04,49.88
6098138559,(주)코리아테크,2018,성장기,0,56.96,1.0,92.35,42.03,8.95,45.1
6098138559,(주)코리아테크,2019,성장기,0,44.21,2.1,100.0,38.32,2.54,46.1
6098138559,(주)코리아테크,2020,성장기,0,100.0,0.8,62.42,59.44,12.05,55.89
6098138559,(주)코리아테크,2021,성장기,0,25.99,1.9,38.9,55.74,66.28,79.45
6098138559,(주)코리아테크,2022,조정기,0,44.25,26.1,54.23,32.86,91.84,61.53
6098138559,(주)코리아테크,2023,성장기,0,24.44,13.2,55.25,47.1,17.05,6.49
6098138559,(주)코리아테크,2024,조정기,0,53.17,27.2,58.94,37.13,10.3,46.48
6098138864,(주)동구기업,2015,성장기,0,38.29,0.0,0.0,51.01,86.15,76.74
6098138864,(주)동구기업,2016,성장기,1,35.48,2.2,19.68,40.75,90.34,52.98
6098140128,한화엔진(주),2015,쇠퇴기,1,38.29,100.0,0.0,52.14,83.78,55.39
6098140133,(주)거산기계,2015,조정기,0,38.29,28.5,0.0,49.87,5.98,16.5
6098140133,(주)거산기계,2016,도입기,0,35.48,82.9,19.68,73.31,33.25,65.85
6098140133,(주)거산기계,2017,성숙기,0,0.0,0.0,24.1,65.34,0.9,29.84
6098140133,(주)거산기계,2018,성숙기,0,56.96,0.0,92.35,72.01,4.2,48.12
6098140133,(주)거산기계,2019,성숙기,0,44.21,0.0,100.0,62.06,9.88,52.84
6098140133,(주)거산기계,2020,성숙기,0,100.0,0.0,62.42,66.38,21.29,56.92
6098140133,(주)거산기계,2021,성숙기,0,25.99,0.0,38.9,58.26,35.56,56.94
6098140434,(주)티에스테크,2018,조정기,0,56.96,38.0,92.35,49.91,24.49,46.26
6098140434,(주)티에스테크,2019,성장기,0,44.21,2.1,100.0,51.55,71.44,75.74
6098140434,(주)티에스테크,2020,성숙기,1,100.0,0.0,62.42,60.99,70.01,49.81
6098140851,우림피티에스(주),2015,성숙기,0,38.29,5.6,0.0,58.51,7.45,53.58
6098140851,우림피티에스(주),2016,성숙기,0,35.48,0.0,19.68,44.33,22.16,58.94
6098140851,우림피티에스(주),2017,성장기,0,0.0,1.7,24.1,46.43,48.52,63.66
6098140851,우림피티에스(주),2018,성숙기,0,56.96,0.0,92.35,49.69,5.31,21.94
6098140851,우림피티에스(주),2019,성숙기,0,44.21,0.0,100.0,48.23,47.43,73.12
6098140851,우림피티에스(주),2020,성숙기,0,100.0,0.0,62.42,61.64,38.06,45.47
6098140851,우림피티에스(주),2021,성숙기,0,25.99,0.0,38.9,53.44,4.74,30.14
6098140851,우림피티에스(주),2022,성숙기,0,44.25,0.0,54.23,35.94,1.06,45.17
6098140851,우림피티에스(주),2023,성숙기,0,24.44,0.0,55.25,49.69,1.44,49.08
6098140851,우림피티에스(주),2024,성숙기,0,53.17,0.0,58.94,40.2,52.07,78.2
6098141466,창신이앤피주식회사,2019,조정기,0,44.21,25.7,100.0,51.55,3.66,49.68
6098141466,창신이앤피주식회사,2020,성숙기,0,100.0,0.0,62.42,60.99,0.3,48.81
6098141466,창신이앤피주식회사,2021,성숙기,0,25.99,0.0,38.9,54.41,15.02,57.16
6098141466,창신이앤피주식회사,2022,성숙기,0,44.25,0.0,54.23,35.64,5.91,41.87
6098141466,창신이앤피주식회사,2023,성숙기,0,24.44,0.0,55.25,49.7,1.64,46.44
6098141466,창신이앤피주식회사,2024,성숙기,0,53.17,0.0,58.94,39.61,1.53,50.2
6098141812,훌루테크(주),2015,성숙기,0,38.29,5.6,0.0,52.04,0.31,50.28
6098141812,훌루테크(주),2016,성숙기,0,35.48,0.0,19.68,55.28,0.27,50.86
6098141812,훌루테크(주),2017,성숙기,0,0.0,0.0,24.1,57.17,0.01,48.26
6098141812,훌루테크(주),2018,성숙기,0,56.96,0.0,92.35,56.17,0.11,46.31
6098141812,훌루테크(주),2019,성숙기,0,44.21,0.0,100.0,51.04,0.65,49.99
6098141812,훌루테크(주),2020,성숙기,0,100.0,0.0,62.42,60.5,0.09,50.36
6098141812,훌루테크(주),2021,성숙기,0,25.99,0.0,38.9,50.97,0.0,48.81
6098141812,훌루테크(주),2022,성숙기,0,44.25,0.0,54.23,35.06,0.29,47.55
6098141812,훌루테크(주),2023,성숙기,0,24.44,0.0,55.25,48.87,0.28,48.85
6098141812,훌루테크(주),2024,성숙기,0,53.17,0.0,58.94,39.13,0.22,50.23
6098142596,주식회사다산,2015,성장기,0,38.29,0.0,0.0,55.98,8.43,54.27
6098142596,주식회사다산,2016,성장기,0,35.48,2.2,19.68,39.13,15.82,54.92
6098142596,주식회사다산,2017,성숙기,0,0.0,0.0,24.1,40.14,2.84,40.96
6098142596,주식회사다산,2018,성숙기,0,56.96,0.0,92.35,44.6,12.99,52.0
6098142596,주식회사다산,2019,성장기,0,44.21,2.1,100.0,51.83,10.62,48.33
6098142596,주식회사다산,2020,성장기,0,100.0,0.8,62.42,64.93,10.45,50.56
6098142596,주식회사다산,2021,성장기,0,25.99,1.9,38.9,54.88,55.51,74.29
6098142596,주식회사다산,2022,성숙기,0,44.25,0.0,54.23,37.95,25.54,29.17
6098142596,주식회사다산,2023,도입기,0,24.44,81.1,55.25,51.35,18.1,44.84
6098142596,주식회사다산,2024,성숙기,0,53.17,0.0,58.94,41.11,24.1,53.51
6098143218,주식회사명진기공,2015,쇠퇴기,0,38.29,100.0,0.0,49.87,87.88,47.25
6098144478,(주)영일정공,2015,성숙기,0,38.29,5.6,0.0,49.87,27.34,53.88
6098144478,(주)영일정공,2016,쇠퇴기,0,35.48,100.0,19.68,46.84,92.04,86.37
6098144478,(주)영일정공,2017,조정기,0,0.0,35.9,24.1,50.51,93.17,49.28
6098144478,(주)영일정공,2018,도입기,1,56.96,75.8,92.35,50.98,87.97,43.55
6098145327,(주)창일정공,2015,성숙기,0,38.29,5.6,0.0,37.27,0.17,50.04
6098145327,(주)창일정공,2016,조정기,0,35.48,33.5,19.68,49.92,4.51,53.26
6098145327,(주)창일정공,2017,쇠퇴기,0,0.0,100.0,24.1,48.41,67.49,84.73
6098145837,하이닥코리아(주),2015,성숙기,0,38.29,5.6,0.0,51.34,0.26,50.17
6098145837,하이닥코리아(주),2016,성숙기,0,35.48,0.0,19.68,47.47,0.13,50.8
6098145837,하이닥코리아(주),2017,성숙기,0,0.0,0.0,24.1,49.23,0.26,48.49
6098145837,하이닥코리아(주),2018,성숙기,0,56.96,0.0,92.35,48.92,0.31,46.28
6098145837,하이닥코리아(주),2019,성숙기,0,44.21,0.0,100.0,50.17,0.56,49.83
6098145837,하이닥코리아(주),2020,성숙기,0,100.0,0.0,62.42,58.99,0.5,50.63
6098145837,하이닥코리아(주),2021,성숙기,0,25.99,0.0,38.9,53.99,0.15,48.66
6098145837,하이닥코리아(주),2022,성숙기,0,44.25,0.0,54.23,38.38,0.68,47.69
6098145837,하이닥코리아(주),2023,성숙기,0,24.44,0.0,55.25,51.52,0.3,48.64
6098145837,하이닥코리아(주),2024,조정기,0,53.17,27.2,58.94,40.99,0.21,50.22
6098146869,(주)제넥,2017,성장기,0,0.0,1.7,24.1,48.92,3.48,48.42
6098146869,(주)제넥,2018,조정기,0,56.96,38.0,92.35,49.91,0.49,44.57
6098146869,(주)제넥,2019,성숙기,0,44.21,0.0,100.0,51.55,4.56,51.96
6098146869,(주)제넥,2020,성숙기,0,100.0,0.0,62.42,55.4,1.33,48.88
6098146869,(주)제넥,2021,성숙기,0,25.99,0.0,38.9,54.54,5.16,51.03
6098146869,(주)제넥,2022,조정기,0,44.25,26.1,54.23,33.51,5.13,47.3
6098146869,(주)제넥,2023,조정기,0,24.44,24.8,55.25,47.73,4.36,48.46
6098146869,(주)제넥,2024,조정기,0,53.17,27.2,58.94,38.39,0.24,47.98
6098147077,첨단정공(주),2015,조정기,0,38.29,28.5,0.0,49.87,25.37,53.66
6098147077,첨단정공(주),2016,조정기,0,35.48,33.5,19.68,46.84,8.23,41.39
6098148213,에이치디현대마린엔진(주),2015,쇠퇴기,1,38.29,100.0,0.0,58.24,85.79,46.64
6098149361,(주)서림산기제1공장,2015,쇠퇴기,0,38.29,100.0,0.0,45.65,58.33,77.39
6098149361,(주)서림산기제1공장,2016,성숙기,0,35.48,0.0,19.68,43.78,63.04,53.33
6098149361,(주)서림산기제1공장,2017,도입기,1,0.0,70.3,24.1,47.02,83.26,60.21
6098149468,(주)신화이엔지,2015,성장기,0,38.29,0.0,0.0,46.89,16.87,33.5
6098149468,(주)신화이엔지,2016,성장기,0,35.48,2.2,19.68,49.42,17.96,51.43
6098149468,(주)신화이엔지,2017,성숙기,0,0.0,0.0,24.1,51.94,10.93,44.4
6098149468,(주)신화이엔지,2018,성숙기,0,56.96,0.0,92.35,50.12,6.12,43.56
6098149468,(주)신화이엔지,2019,성장기,0,44.21,2.1,100.0,50.95,9.27,51.42
6098149468,(주)신화이엔지,2020,성장기,0,100.0,0.8,62.42,59.35,13.94,53.22
6098149468,(주)신화이엔지,2021,성장기,0,25.99,1.9,38.9,51.7,17.98,51.16
6098149468,(주)신화이엔지,2022,성숙기,0,44.25,0.0,54.23,35.74,26.54,52.17
6098149468,(주)신화이엔지,2023,성숙기,0,24.44,0.0,55.25,49.43,19.13,44.87
6098149468,(주)신화이엔지,2024,성장기,0,53.17,16.0,58.94,39.33,5.99,42.95
6098152231,(주)아셈,2015,쇠퇴기,0,38.29,100.0,0.0,46.54,22.37,10.5
6098152231,(주)아셈,2016,성숙기,0,35.48,0.0,19.68,56.12,13.09,45.72
6098152231,(주)아셈,2017,성숙기,0,0.0,0.0,24.1,59.74,9.18,46.19
6098152231,(주)아셈,2018,성숙기,0,56.96,0.0,92.35,58.42,3.48,43.05
6098152231,(주)아셈,2019,도입기,0,44.21,58.1,100.0,45.91,85.58,95.37
6098152231,(주)아셈,2020,성장기,0,100.0,0.8,62.42,67.11,87.39,51.57
6098152231,(주)아셈,2021,성숙기,0,25.99,0.0,38.9,60.81,23.57,13.02
6098152231,(주)아셈,2022,성장기,0,44.25,3.1,54.23,39.39,71.31,75.03
6098154127,한화테크엠주식회사,2015,쇠퇴기,0,38.29,100.0,0.0,48.87,82.22,53.89
6098154127,한화테크엠주식회사,2016,쇠퇴기,0,35.48,100.0,19.68,55.9,85.07,52.25
6098154127,한화테크엠주식회사,2019,쇠퇴기,0,44.21,100.0,100.0,57.98,53.68,49.68
6098154466,(주)한림테크놀로지,2015,성숙기,0,38.29,5.6,0.0,56.74,49.24,77.96
6098154466,(주)한림테크놀로지,2016,성숙기,0,35.48,0.0,19.68,49.31,17.13,33.11
6098154466,(주)한림테크놀로지,2017,성장기,0,0.0,1.7,24.1,50.07,40.52,61.94
6098154466,(주)한림테크놀로지,2018,도입기,0,56.96,75.8,92.35,53.04,33.87,42.6
6098154466,(주)한림테크놀로지,2019,성숙기,0,44.21,0.0,100.0,47.11,35.78,50.64
6098154466,(주)한림테크놀로지,2020,조정기,0,100.0,22.0,62.42,58.06,83.23,76.71
6098154466,(주)한림테크놀로지,2021,조정기,0,25.99,24.6,38.9,56.65,0.49,2.35
6098154466,(주)한림테크놀로지,2022,조정기,0,44.25,26.1,54.23,45.3,59.01,81.61
6098154466,(주)한림테크놀로지,2023,조정기,0,24.44,24.8,55.25,57.07,0.84,15.75
6098154466,(주)한림테크놀로지,2024,성숙기,0,53.17,0.0,58.94,45.3,0.29,49.96
6098155562,(주)신스윈,2015,성장기,0,38.29,0.0,0.0,52.56,9.11,53.01
6098155562,(주)신스윈,2016,성장기,0,35.48,2.2,19.68,42.43,9.52,51.08
6098155562,(주)신스윈,2017,성장기,0,0.0,1.7,24.1,45.51,39.28,65.59
6098155562,(주)신스윈,2018,성장기,0,56.96,1.0,92.35,47.0,40.41,47.0
6098155562,(주)신스윈,2019,성숙기,0,44.21,0.0,100.0,49.33,6.63,30.75
6098155562,(주)신스윈,2020,성숙기,0,100.0,0.0,62.42,58.68,37.43,67.59
6098155562,(주)신스윈,2021,성숙기,0,25.99,0.0,38.9,51.98,1.48,28.65
6098155562,(주)신스윈,2022,성숙기,0,44.25,0.0,54.23,36.85,5.84,49.91
6098155562,(주)신스윈,2023,성숙기,0,24.44,0.0,55.25,50.55,31.26,63.7
6098155562,(주)신스윈,2024,성숙기,0,53.17,0.0,58.94,40.74,2.8,34.45
6098155581,태경중공업(주),2015,성숙기,0,38.29,5.6,0.0,61.9,54.23,67.73
6098155581,태경중공업(주),2016,도입기,0,35.48,82.9,19.68,55.27,41.22,43.6
6098155581,태경중공업(주),2017,성장기,0,0.0,1.7,24.1,57.3,93.66,78.74
6098155922,서진테크(주),2015,성숙기,0,38.29,5.6,0.0,37.18,2.71,50.39
6098155922,서진테크(주),2016,성숙기,0,35.48,0.0,19.68,45.92,2.81,50.92
6098155922,서진테크(주),2017,성숙기,0,0.0,0.0,24.1,45.78,1.66,47.75
6098155922,서진테크(주),2018,성숙기,0,56.96,0.0,92.35,52.66,0.23,45.44
6098155922,서진테크(주),2019,성숙기,0,44.21,0.0,100.0,52.63,1.02,50.13
6098155922,서진테크(주),2020,성숙기,0,100.0,0.0,62.42,67.94,0.69,50.48
6098155922,서진테크(주),2021,성장기,0,25.99,1.9,38.9,60.75,0.42,48.71
6098155922,서진테크(주),2022,성숙기,0,44.25,0.0,54.23,45.05,0.97,47.7
6098155922,서진테크(주),2023,성장기,0,24.44,13.2,55.25,57.1,0.6,48.65
6098155922,서진테크(주),2024,성장기,0,53.17,16.0,58.94,46.1,0.97,50.47
6098159516,신우중공업주식회사,2015,성장기,0,38.29,0.0,0.0,28.66,7.94,36.2
6098159516,신우중공업주식회사,2016,성숙기,0,35.48,0.0,19.68,40.89,7.52,50.62
6098159516,신우중공업주식회사,2017,조정기,0,0.0,35.9,24.1,43.81,7.99,48.7
6098159516,신우중공업주식회사,2018,성숙기,0,56.96,0.0,92.35,45.15,16.59,51.14
6098159516,신우중공업주식회사,2019,성숙기,0,44.21,0.0,100.0,51.27,68.95,78.77
6098159516,신우중공업주식회사,2020,성숙기,0,100.0,0.0,62.42,66.17,14.03,20.41
6098159516,신우중공업주식회사,2021,조정기,0,25.99,24.6,38.9,51.88,59.54,74.54
6098159516,신우중공업주식회사,2022,성숙기,0,44.25,0.0,54.23,34.36,63.83,49.17
6098159516,신우중공업주식회사,2023,성장기,0,24.44,13.2,55.25,48.26,7.26,16.74
6098159516,신우중공업주식회사,2024,성숙기,0,53.17,0.0,58.94,37.9,1.97,47.32
6098161268,주식회사제이피엠,2015,성장기,0,38.29,0.0,0.0,49.87,45.26,67.55
6098161268,주식회사제이피엠,2016,성장기,0,35.48,2.2,19.68,47.59,77.12,68.28
6098161268,주식회사제이피엠,2017,성장기,0,0.0,1.7,24.1,49.07,12.37,11.27
6098161268,주식회사제이피엠,2018,조정기,0,56.96,38.0,92.35,52.13,21.96,51.7
6098161268,주식회사제이피엠,2019,성장기,0,44.21,2.1,100.0,51.45,10.05,42.99
6098161268,주식회사제이피엠,2020,성장기,0,100.0,0.8,62.42,60.98,14.61,53.16
6098161268,주식회사제이피엠,2021,성장기,0,25.99,1.9,38.9,57.14,41.02,63.78
6098161268,주식회사제이피엠,2022,성장기,0,44.25,3.1,54.23,39.96,80.39,69.91
6098161593,주식회사아성유니텍,2016,성장기,0,35.48,2.2,19.68,46.84,21.45,51.01
6098161593,주식회사아성유니텍,2017,성숙기,0,0.0,0.0,24.1,48.92,24.98,50.49
6098161593,주식회사아성유니텍,2018,성숙기,0,56.96,0.0,92.35,49.91,22.31,44.81
6098161593,주식회사아성유니텍,2019,성숙기,0,44.21,0.0,100.0,53.72,18.51,47.5
6098161593,주식회사아성유니텍,2020,성장기,0,100.0,0.8,62.42,66.78,83.31,86.26
6098161593,주식회사아성유니텍,2021,성장기,0,25.99,1.9,38.9,62.0,24.34,15.75
6098161593,주식회사아성유니텍,2022,조정기,0,44.25,26.1,54.23,46.18,32.5,51.86
6098161593,주식회사아성유니텍,2023,도입기,0,24.44,81.1,55.25,58.06,54.55,62.08
6098161593,주식회사아성유니텍,2024,조정기,0,53.17,27.2,58.94,46.82,59.84,52.99
6098163679,(주)현대티엠씨,2015,쇠퇴기,0,38.29,100.0,0.0,44.38,51.47,56.4
6098163679,(주)현대티엠씨,2016,조정기,0,35.48,33.5,19.68,49.8,19.63,33.26
6098163679,(주)현대티엠씨,2017,조정기,0,0.0,35.9,24.1,51.55,59.14,71.23
6098163679,(주)현대티엠씨,2018,조정기,0,56.96,38.0,92.35,53.35,41.71,36.55
6098163679,(주)현대티엠씨,2019,조정기,0,44.21,25.7,100.0,48.48,10.82,32.35
6098163679,(주)현대티엠씨,2020,쇠퇴기,0,100.0,100.0,62.42,64.26,80.36,88.87
6098163679,(주)현대티엠씨,2021,도입기,0,25.99,71.8,38.9,58.93,28.18,19.57
6098163679,(주)현대티엠씨,2022,성장기,0,44.25,3.1,54.23,45.26,49.0,59.22
6098163679,(주)현대티엠씨,2023,성숙기,0,24.44,0.0,55.25,57.43,92.22,74.59
6098163679,(주)현대티엠씨,2024,도입기,1,53.17,92.8,58.94,46.41,95.86,51.94
6098163965,(주)지원엠텍,2015,도입기,0,38.29,65.4,0.0,34.69,8.91,51.26
6098163965,(주)지원엠텍,2016,도입기,0,35.48,82.9,19.68,31.91,5.77,49.13
6098163965,(주)지원엠텍,2017,도입기,0,0.0,70.3,24.1,33.11,28.79,61.7
6098163965,(주)지원엠텍,2018,성숙기,0,56.96,0.0,92.35,38.56,37.48,51.24
6098163965,(주)지원엠텍,2019,성숙기,0,44.21,0.0,100.0,42.8,28.19,44.39
6098163965,(주)지원엠텍,2020,성숙기,0,100.0,0.0,62.42,60.63,8.59,39.86
6098163965,(주)지원엠텍,2021,성숙기,0,25.99,0.0,38.9,52.93,78.71,88.42
6098163965,(주)지원엠텍,2022,도입기,0,44.25,70.4,54.23,31.9,87.43,51.52
6098163965,(주)지원엠텍,2023,도입기,1,24.44,81.1,55.25,46.49,87.78,50.13
6098164697,주식회사사릭,2015,조정기,1,38.29,28.5,0.0,55.02,70.85,43.81
6098165468,(주)삼우케이제이에스텍,2015,조정기,0,38.29,28.5,0.0,44.16,7.53,54.18
6098165468,(주)삼우케이제이에스텍,2016,조정기,0,35.48,33.5,19.68,41.78,0.37,46.92
6098165468,(주)삼우케이제이에스텍,2017,쇠퇴기,0,0.0,100.0,24.1,46.05,39.32,70.87
6098165468,(주)삼우케이제이에스텍,2018,성숙기,0,56.96,0.0,92.35,45.72,15.7,32.99
6098165468,(주)삼우케이제이에스텍,2019,조정기,0,44.21,25.7,100.0,47.75,5.85,44.16
6098165468,(주)삼우케이제이에스텍,2020,쇠퇴기,0,100.0,100.0,62.42,56.09,5.44,50.43
6098165468,(주)삼우케이제이에스텍,2021,조정기,0,25.99,24.6,38.9,49.16,65.16,82.54
6098165468,(주)삼우케이제이에스텍,2022,성숙기,0,44.25,0.0,54.23,29.07,38.07,30.74
6098165468,(주)삼우케이제이에스텍,2023,성장기,1,24.44,13.2,55.25,44.0,66.1,65.62
6098166943,(주)신광테크,2015,성숙기,0,38.29,5.6,0.0,42.04,14.58,54.58
6098166943,(주)신광테크,2016,성장기,0,35.48,2.2,19.68,47.9,9.7,48.16
6098166943,(주)신광테크,2017,성장기,0,0.0,1.7,24.1,48.87,89.72,94.56
6098166943,(주)신광테크,2018,성장기,0,56.96,1.0,92.35,49.38,54.37,26.5
6098166943,(주)신광테크,2019,성숙기,0,44.21,0.0,100.0,51.27,34.46,38.42
6098166943,(주)신광테크,2020,성숙기,0,100.0,0.0,62.42,59.23,8.04,36.11
6098166943,(주)신광테크,2021,성숙기,0,25.99,0.0,38.9,53.78,15.48,53.07
6098166943,(주)신광테크,2022,성장기,0,44.25,3.1,54.23,38.75,8.36,43.02
6098166943,(주)신광테크,2023,성장기,0,24.44,13.2,55.25,51.92,5.79,47.46
6098166943,(주)신광테크,2024,성장기,0,53.17,16.0,58.94,41.0,12.25,53.81
6098167054,(주)비티엑스,2015,성장기,0,38.29,0.0,0.0,49.87,9.95,50.22
6098167054,(주)비티엑스,2016,성장기,0,35.48,2.2,19.68,46.84,24.97,59.11
6098167054,(주)비티엑스,2017,성장기,0,0.0,1.7,24.1,48.92,84.81,82.96
6098167054,(주)비티엑스,2018,조정기,0,56.96,38.0,92.35,43.74,86.27,47.3
6098167054,(주)비티엑스,2019,조정기,1,44.21,25.7,100.0,53.02,95.14,54.33
6098167850,거명파워,2022,성장기,0,44.25,3.1,54.23,36.93,5.33,47.42
6098167850,거명파워,2023,성장기,0,24.44,13.2,55.25,50.57,0.36,46.02
6098167850,거명파워,2024,성장기,0,53.17,16.0,58.94,40.55,0.75,50.47
6098168669,주식회사창일테크,2015,성장기,0,38.29,0.0,0.0,49.87,27.11,50.22
6098168669,주식회사창일테크,2016,성장기,0,35.48,2.2,19.68,46.84,29.8,52.29
6098168669,주식회사창일테크,2017,성장기,0,0.0,1.7,24.1,48.92,61.88,66.97
6098168669,주식회사창일테크,2018,성숙기,0,56.96,0.0,92.35,54.07,91.45,63.13
6098168669,주식회사창일테크,2019,쇠퇴기,0,44.21,100.0,100.0,56.01,35.88,18.45
6098168669,주식회사창일테크,2020,성숙기,0,100.0,0.0,62.42,61.51,16.21,39.82
6098168669,주식회사창일테크,2021,성장기,0,25.99,1.9,38.9,36.3,23.9,53.22
6098168669,주식회사창일테크,2022,성숙기,0,44.25,0.0,54.23,24.43,29.78,50.53
6098168669,주식회사창일테크,2023,성숙기,0,24.44,0.0,55.25,39.93,7.77,36.41
6098168669,주식회사창일테크,2024,성숙기,0,53.17,0.0,58.94,30.46,13.83,53.58
6098170108,(주)스틸코리아,2015,성장기,0,38.29,0.0,0.0,49.29,85.1,79.18
6098170108,(주)스틸코리아,2016,도입기,1,35.48,82.9,19.68,40.6,92.21,54.58
6098173731,한신정밀주식회사,2015,도입기,0,38.29,65.4,0.0,49.87,76.9,75.28
6098173731,한신정밀주식회사,2016,도입기,1,35.48,82.9,19.68,46.84,93.56,59.85
6098178681,에스엠에이치주식회사,2015,성장기,0,38.29,0.0,0.0,72.1,0.39,45.72
6098178681,에스엠에이치주식회사,2016,조정기,0,35.48,33.5,19.68,25.12,0.21,50.77
6098178681,에스엠에이치주식회사,2017,성숙기,0,0.0,0.0,24.1,27.54,0.23,48.42
6098178681,에스엠에이치주식회사,2018,조정기,0,56.96,38.0,92.35,33.43,0.32,46.3
6098178681,에스엠에이치주식회사,2019,도입기,0,44.21,58.1,100.0,45.03,32.07,67.36
6098178681,에스엠에이치주식회사,2020,성숙기,0,100.0,0.0,62.42,63.95,25.42,46.98
6098178681,에스엠에이치주식회사,2021,성장기,0,25.99,1.9,38.9,45.67,24.95,48.64
6098178681,에스엠에이치주식회사,2022,성숙기,0,44.25,0.0,54.23,27.78,0.64,32.86
6098178681,에스엠에이치주식회사,2023,성숙기,0,24.44,0.0,55.25,42.82,0.62,48.84
6098178681,에스엠에이치주식회사,2024,성숙기,0,53.17,0.0,58.94,34.92,0.62,50.27
6098178944,(주)일성테크,2015,조정기,0,38.29,28.5,0.0,45.17,10.51,37.73
6098178944,(주)일성테크,2016,조정기,0,35.48,33.5,19.68,47.1,56.29,76.01
6098178944,(주)일성테크,2017,조정기,0,0.0,35.9,24.1,49.41,3.51,18.12
6098178944,(주)일성테크,2018,성장기,0,56.96,1.0,92.35,55.51,3.06,46.01
6098178944,(주)일성테크,2019,성장기,0,44.21,2.1,100.0,54.43,6.93,51.83
6098178944,(주)일성테크,2020,성장기,0,100.0,0.8,62.42,66.85,84.21,93.13
6098178944,(주)일성테크,2021,도입기,0,25.99,71.8,38.9,59.31,81.6,47.53
6098178944,(주)일성테크,2022,성숙기,1,44.25,0.0,54.23,40.82,89.33,50.91
6098179147,건영테크(주),2015,성장기,0,38.29,0.0,0.0,49.87,6.08,50.22
6098179147,건영테크(주),2016,성숙기,0,35.48,0.0,19.68,46.84,0.59,47.84
6098179147,건영테크(주),2017,조정기,0,0.0,35.9,24.1,48.92,8.87,53.18
6098179147,건영테크(주),2018,성숙기,0,56.96,0.0,92.35,42.75,2.82,42.86
6098179147,건영테크(주),2019,성장기,0,44.21,2.1,100.0,51.36,74.57,89.62
6098179147,건영테크(주),2020,성장기,0,100.0,0.8,62.42,65.39,30.89,26.58
6098179147,건영테크(주),2021,성장기,0,25.99,1.9,38.9,57.44,29.62,48.19
6098179147,건영테크(주),2022,성장기,0,44.25,3.1,54.23,44.69,47.54,57.51
6098179147,건영테크(주),2023,성장기,0,24.44,13.2,55.25,56.94,41.95,46.18
6098179147,건영테크(주),2024,성장기,0,53.17,16.0,58.94,45.87,69.02,65.04
6098179337,(주)원진비엠티,2022,성장기,0,44.25,3.1,54.23,36.93,26.07,47.42
6098179337,(주)원진비엠티,2023,도입기,0,24.44,81.1,55.25,50.57,13.69,41.97
6098179337,(주)원진비엠티,2024,성장기,0,53.17,16.0,58.94,40.55,5.97,45.96
6098179905,오페주식회사,2015,성숙기,0,38.29,5.6,0.0,54.59,1.62,45.64
6098179905,오페주식회사,2016,성장기,0,35.48,2.2,19.68,52.84,6.49,53.55
6098179905,오페주식회사,2017,성숙기,0,0.0,0.0,24.1,54.49,4.75,47.43
6098179905,오페주식회사,2018,성숙기,0,56.96,0.0,92.35,54.67,0.48,43.85
6098179905,오페주식회사,2019,성숙기,0,44.21,0.0,100.0,52.78,6.71,53.16
6098179905,오페주식회사,2020,성숙기,0,100.0,0.0,62.42,66.95,8.48,51.63
6098179905,오페주식회사,2021,도입기,0,25.99,71.8,38.9,55.96,62.96,79.59
6098179905,오페주식회사,2022,조정기,0,44.25,26.1,54.23,36.77,48.13,37.94
6098179905,오페주식회사,2023,도입기,0,24.44,81.1,55.25,50.43,33.33,40.84
6098179905,오페주식회사,2024,성장기,0,53.17,16.0,58.94,40.36,26.88,46.58
6098181774,에스앤티에너지(주),2015,조정기,0,38.29,28.5,0.0,44.87,4.66,49.45
6098181774,에스앤티에너지(주),2016,성숙기,0,35.48,0.0,19.68,46.46,26.61,62.93
6098181774,에스앤티에너지(주),2017,성숙기,0,0.0,0.0,24.1,47.76,6.68,36.98
6098181774,에스앤티에너지(주),2018,성숙기,0,56.96,0.0,92.35,46.25,30.51,59.75
6098181774,에스앤티에너지(주),2019,쇠퇴기,0,44.21,100.0,100.0,51.8,5.76,35.81
6098181774,에스앤티에너지(주),2020,성숙기,0,100.0,0.0,62.42,51.75,0.27,47.64
6098181774,에스앤티에너지(주),2021,성숙기,0,25.99,0.0,38.9,47.19,0.88,49.2
6098181774,에스앤티에너지(주),2022,성숙기,0,44.25,0.0,54.23,29.4,16.21,56.34
6098181774,에스앤티에너지(주),2023,조정기,0,24.44,24.8,55.25,44.3,4.53,42.26
6098181774,에스앤티에너지(주),2024,성숙기,0,53.17,0.0,58.94,34.63,4.78,50.39
6098188952,주식회사킴,2015,성장기,0,38.29,0.0,0.0,50.28,2.9,43.82
6098188952,주식회사킴,2016,성장기,0,35.48,2.2,19.68,59.79,2.17,50.47
6098188952,주식회사킴,2017,쇠퇴기,0,0.0,100.0,24.1,62.19,9.71,52.76
6098188952,주식회사킴,2018,성장기,0,56.96,1.0,92.35,57.04,2.4,42.15
6098188952,주식회사킴,2019,성숙기,0,44.21,0.0,100.0,60.01,2.16,49.55
6098188952,주식회사킴,2020,성숙기,0,100.0,0.0,62.42,65.67,1.74,50.43
6098188952,주식회사킴,2021,성숙기,0,25.99,0.0,38.9,54.14,1.65,48.82
6098188952,주식회사킴,2022,성숙기,0,44.25,0.0,54.23,37.44,2.14,47.65
6098188952,주식회사킴,2023,성숙기,0,24.44,0.0,55.25,50.83,0.58,47.97
6098188952,주식회사킴,2024,도입기,0,53.17,92.8,58.94,39.88,5.8,53.14
6098189005,덕흥주식회사,2015,성장기,0,38.29,0.0,0.0,58.87,34.64,50.44
6098189005,덕흥주식회사,2016,성숙기,0,35.48,0.0,19.68,45.22,17.76,41.51
6098189005,덕흥주식회사,2017,성숙기,0,0.0,0.0,24.1,46.68,54.25,69.49
6098189005,덕흥주식회사,2018,성숙기,0,56.96,0.0,92.35,49.17,63.38,51.56
6098189005,덕흥주식회사,2019,쇠퇴기,0,44.21,100.0,100.0,50.94,86.79,62.5
6098189005,덕흥주식회사,2020,도입기,0,100.0,68.6,62.42,66.78,93.99,54.53
6098189005,덕흥주식회사,2021,성장기,0,25.99,1.9,38.9,57.89,59.81,29.74
6098189005,덕흥주식회사,2022,성숙기,0,44.25,0.0,54.23,50.97,68.73,51.87
6098189005,덕흥주식회사,2023,도입기,0,24.44,81.1,55.25,61.94,50.61,39.16
6098189005,덕흥주식회사,2024,성숙기,0,53.17,0.0,58.94,49.9,26.74,36.91
6098194264,신한정기,2021,성장기,0,25.99,1.9,38.9,54.41,6.77,48.84
6098194264,신한정기,2022,성숙기,0,44.25,0.0,54.23,36.93,1.43,44.18
6098194264,신한정기,2023,성숙기,0,24.44,0.0,55.25,50.57,0.64,48.4
6098194264,신한정기,2024,성숙기,0,53.17,0.0,58.94,40.37,0.36,50.11
6098198746,주식회사성진기계,2016,성장기,0,35.48,2.2,19.68,46.84,29.71,51.01
6098198746,주식회사성진기계,2017,성장기,0,0.0,1.7,24.1,48.92,13.22,38.97
6098198746,주식회사성진기계,2018,성장기,0,56.96,1.0,92.35,49.91,10.67,44.85
6098198746,주식회사성진기계,2019,성숙기,0,44.21,0.0,100.0,49.53,8.41,48.4
6098198746,주식회사성진기계,2020,성숙기,0,100.0,0.0,62.42,60.65,13.5,53.46
6098198746,주식회사성진기계,2021,성장기,0,25.99,1.9,38.9,47.33,4.99,44.09
6098198746,주식회사성진기계,2022,도입기,0,44.25,70.4,54.23,32.53,20.32,56.29
6098198746,주식회사성진기계,2023,성숙기,0,24.44,0.0,55.25,46.63,10.83,43.58
6098198746,주식회사성진기계,2024,성숙기,0,53.17,0.0,58.94,37.17,8.35,48.85
6098601149,(주)신진테크,2015,성장기,0,38.29,0.0,0.0,49.87,0.06,46.92
6098601149,(주)신진테크,2016,성숙기,0,35.48,0.0,19.68,46.84,0.03,50.86
6098601149,(주)신진테크,2017,성숙기,0,0.0,0.0,24.1,48.18,38.27,70.45
6098601149,(주)신진테크,2018,성숙기,0,56.96,0.0,92.35,48.36,49.95,52.95
6098601149,(주)신진테크,2019,도입기,0,44.21,58.1,100.0,45.93,6.55,25.37
6098601149,(주)신진테크,2020,도입기,0,100.0,68.6,62.42,48.1,6.62,50.7
6098601149,(주)신진테크,2021,도입기,0,25.99,71.8,38.9,48.18,1.3,45.87
6098601149,(주)신진테크,2022,조정기,0,44.25,26.1,54.23,33.16,60.74,82.14
6098601149,(주)신진테크,2023,쇠퇴기,0,24.44,100.0,55.25,47.28,5.39,17.4
6098601149,(주)신진테크,2024,성장기,0,53.17,16.0,58.94,36.98,0.45,47.52
6098606557,아이엠씨주식회사,2015,조정기,0,38.29,28.5,0.0,64.08,14.17,49.41
6098606557,아이엠씨주식회사,2016,쇠퇴기,0,35.48,100.0,19.68,48.75,23.97,56.22
6098607411,에이치엘씨(주),2015,도입기,0,38.29,65.4,0.0,49.87,15.21,47.86
6098607968,주식회사덕유,2017,성장기,0,0.0,1.7,24.1,48.92,29.52,48.42
6098607968,주식회사덕유,2018,조정기,0,56.96,38.0,92.35,49.91,87.55,79.14
6098607968,주식회사덕유,2019,쇠퇴기,1,44.21,100.0,100.0,51.55,96.22,54.22
6098608161,(주)대성엠텍,2015,도입기,0,38.29,65.4,0.0,49.87,97.27,79.22
6098608161,(주)대성엠텍,2016,도입기,1,35.48,82.9,19.68,46.84,98.92,51.56
6098608536,주식회사광림,2018,도입기,0,56.96,75.8,92.35,49.91,33.83,46.26
6098608536,주식회사광림,2019,쇠퇴기,0,44.21,100.0,100.0,51.55,98.54,85.59
6098608536,주식회사광림,2020,도입기,1,100.0,68.6,62.42,60.99,76.6,38.5
6098609189,(주)디앤테크,2015,성숙기,0,38.29,5.6,0.0,49.87,71.59,38.96
6098609189,(주)디앤테크,2016,성숙기,1,35.48,0.0,19.68,44.69,61.57,45.2
6098612194,주식회사지이엠,2015,성숙기,0,38.29,5.6,0.0,49.87,2.85,46.45
6098612194,주식회사지이엠,2016,조정기,0,35.48,33.5,19.68,46.84,5.39,52.26
6098612194,주식회사지이엠,2017,도입기,0,0.0,70.3,24.1,77.96,60.27,80.06
6098612194,주식회사지이엠,2020,도입기,0,100.0,68.6,62.42,88.94,10.56,50.67
6098612194,주식회사지이엠,2021,도입기,0,25.99,71.8,38.9,44.81,5.08,45.79
6098612194,주식회사지이엠,2022,조정기,0,44.25,26.1,54.23,24.19,21.22,56.76
6098612194,주식회사지이엠,2023,성숙기,0,24.44,0.0,55.25,39.86,13.15,44.41
6098612194,주식회사지이엠,2024,도입기,0,53.17,92.8,58.94,32.49,27.49,58.13
6098615342,주식회사지제이,2016,도입기,0,35.48,82.9,19.68,46.84,31.35,51.01
6098615342,주식회사지제이,2017,조정기,0,0.0,35.9,24.1,48.92,86.83,80.47
6098615342,주식회사지제이,2018,쇠퇴기,1,56.96,100.0,92.35,49.91,97.31,52.41
6098619917,(주)제이에스티화성,2018,성장기,0,56.96,1.0,92.35,49.91,6.92,46.26
6098619917,(주)제이에스티화성,2019,성장기,0,44.21,2.1,100.0,51.55,89.1,95.41
6098619917,(주)제이에스티화성,2020,성장기,0,100.0,0.8,62.42,60.99,10.31,7.27
6098619917,(주)제이에스티화성,2021,조정기,0,25.99,24.6,38.9,43.29,10.31,48.88
6098619917,(주)제이에스티화성,2022,조정기,0,44.25,26.1,54.23,32.09,11.34,47.86
6098619917,(주)제이에스티화성,2023,조정기,0,24.44,24.8,55.25,45.07,4.09,44.77
6098619917,(주)제이에스티화성,2024,성장기,0,53.17,16.0,58.94,36.31,0.96,48.53
6098622391,디와이파워(주),2015,성장기,0,38.29,0.0,0.0,,5.64,50.2
6098622391,디와이파워(주),2016,성숙기,0,35.48,0.0,19.68,46.84,0.72,48.16
6098622391,디와이파워(주),2017,성숙기,0,0.0,0.0,24.1,48.92,2.46,49.42
6098622391,디와이파워(주),2018,성숙기,0,56.96,0.0,92.35,57.47,0.25,45.01
6098622391,디와이파워(주),2019,성숙기,0,44.21,0.0,100.0,52.29,0.11,49.62
6098622391,디와이파워(주),2020,성숙기,0,100.0,0.0,62.42,64.94,0.39,50.82
6098622391,디와이파워(주),2021,성숙기,0,25.99,0.0,38.9,59.16,0.86,49.13
6098622391,디와이파워(주),2022,성숙기,0,44.25,0.0,54.23,42.84,1.2,47.57
6098622391,디와이파워(주),2023,성숙기,0,24.44,0.0,55.25,55.2,0.19,48.28
6098622391,디와이파워(주),2024,성숙기,0,53.17,0.0,58.94,44.3,0.39,50.37
6098623707,동원정밀주식회사,2022,성장기,0,44.25,3.1,54.23,36.93,13.64,47.42
6098623707,동원정밀주식회사,2023,도입기,0,24.44,81.1,55.25,50.57,8.76,46.18
6098623707,동원정밀주식회사,2024,성장기,0,53.17,16.0,58.94,40.55,4.99,48.15
6108102779,디케이엠이(주),2015,쇠퇴기,0,38.29,100.0,0.0,46.41,86.64,71.9
6108102779,디케이엠이(주),2016,성숙기,1,35.48,0.0,19.68,38.99,79.75,46.89
6108106815,주식회사고려리비죤,2015,성장기,0,38.29,0.0,0.0,63.17,15.06,57.32
6108106815,주식회사고려리비죤,2016,성숙기,0,35.48,0.0,19.68,31.64,19.62,53.35
6108106815,주식회사고려리비죤,2017,성장기,0,0.0,1.7,24.1,32.82,23.5,50.69
6108106815,주식회사고려리비죤,2018,성장기,0,56.96,1.0,92.35,39.25,9.72,38.52
6108106815,주식회사고려리비죤,2019,성장기,0,44.21,2.1,100.0,45.61,11.37,50.57
6108106815,주식회사고려리비죤,2020,성숙기,0,100.0,0.0,62.42,61.52,9.43,49.59
6108106815,주식회사고려리비죤,2021,성숙기,0,25.99,0.0,38.9,53.84,5.36,46.58
6108106815,주식회사고려리비죤,2022,성숙기,0,44.25,0.0,54.23,39.71,7.77,48.73
6108106815,주식회사고려리비죤,2023,조정기,0,24.44,24.8,55.25,52.59,6.33,48.11
6108106815,주식회사고려리비죤,2024,조정기,0,53.17,27.2,58.94,41.96,7.57,50.92
6108112302,(주)국일인토트,2015,성장기,0,38.29,0.0,0.0,47.93,1.81,25.49
6108112302,(주)국일인토트,2016,성장기,0,35.48,2.2,19.68,48.61,1.48,50.69
6108112302,(주)국일인토트,2017,성장기,0,0.0,1.7,24.1,50.01,53.74,78.54
6108112302,(주)국일인토트,2018,성장기,0,56.96,1.0,92.35,51.22,85.13,64.15
6108112302,(주)국일인토트,2019,성숙기,0,44.21,0.0,100.0,53.35,6.12,5.42
6108112302,(주)국일인토트,2020,성장기,0,100.0,0.8,62.42,56.32,5.04,50.07
6108112302,(주)국일인토트,2021,도입기,0,25.99,71.8,38.9,48.44,85.49,94.23
6108112302,(주)국일인토트,2022,성장기,0,44.25,3.1,54.23,29.64,57.34,29.88
6108112302,(주)국일인토트,2023,성장기,1,24.44,13.2,55.25,44.54,14.61,24.71
6108113882,일진에이테크(주),2015,성숙기,0,38.29,5.6,0.0,38.25,26.63,64.68
6108113882,일진에이테크(주),2016,성숙기,0,35.48,0.0,19.68,43.4,1.46,36.98
6108113882,일진에이테크(주),2017,성장기,0,0.0,1.7,24.1,50.98,2.22,48.85
6108113882,일진에이테크(주),2018,성장기,0,56.96,1.0,92.35,50.69,7.66,49.33
6108113882,일진에이테크(주),2019,성장기,0,44.21,2.1,100.0,56.52,7.23,49.43
6108113882,일진에이테크(주),2020,성장기,0,100.0,0.8,62.42,47.53,11.61,53.06
6108113882,일진에이테크(주),2021,성숙기,0,25.99,0.0,38.9,56.16,6.59,46.05
6108113882,일진에이테크(주),2022,성장기,0,44.25,3.1,54.23,44.6,2.65,45.0
6108113882,일진에이테크(주),2023,성장기,0,24.44,13.2,55.25,57.35,6.25,50.97
6108113882,일진에이테크(주),2024,성장기,0,53.17,16.0,58.94,46.89,19.79,57.71
6108116900,(주)광명,2017,조정기,0,0.0,35.9,24.1,87.82,3.68,48.42
6108116900,(주)광명,2018,성숙기,0,56.96,0.0,92.35,54.05,13.45,51.79
6108116900,(주)광명,2019,도입기,0,44.21,58.1,100.0,61.9,89.01,91.7
6108116900,(주)광명,2020,도입기,0,100.0,68.6,62.42,70.04,90.13,51.19
6108116900,(주)광명,2021,도입기,1,25.99,71.8,38.9,60.82,92.27,50.21
6108118742,주식회사덱코,2015,도입기,0,38.29,65.4,0.0,49.87,77.4,77.15
6108118742,주식회사덱코,2016,도입기,1,35.48,82.9,19.68,46.84,91.0,58.17
6108122173,(주)한조,2015,조정기,0,38.29,28.5,0.0,40.8,10.08,54.95
6108122173,(주)한조,2016,성숙기,0,35.48,0.0,19.68,45.4,10.06,50.84
6108122173,(주)한조,2017,성장기,0,0.0,1.7,24.1,46.66,5.22,45.65
6108122173,(주)한조,2018,조정기,0,56.96,38.0,92.35,47.41,41.9,67.01
6108122173,(주)한조,2019,성숙기,0,44.21,0.0,100.0,49.29,6.03,29.58
6108122173,(주)한조,2020,성장기,0,100.0,0.8,62.42,56.46,33.96,66.01
6108122173,(주)한조,2021,성숙기,0,25.99,0.0,38.9,50.65,3.71,31.86
6108122173,(주)한조,2022,성숙기,0,44.25,0.0,54.23,32.97,13.42,53.02
6108122173,(주)한조,2023,성숙기,0,24.44,0.0,55.25,47.15,0.43,41.46
6108122173,(주)한조,2024,성숙기,0,53.17,0.0,58.94,37.2,0.54,50.32
6108123231,주식회사에이티엠,2016,성숙기,0,35.48,0.0,19.68,46.84,9.39,51.01
6108123231,주식회사에이티엠,2017,도입기,0,0.0,70.3,24.1,48.92,86.05,92.62
6108123231,주식회사에이티엠,2022,성장기,0,44.25,3.1,54.23,36.93,17.59,47.42
6108123231,주식회사에이티엠,2023,성숙기,0,24.44,0.0,55.25,21.59,6.34,42.53
6108123231,주식회사에이티엠,2024,성숙기,0,53.17,0.0,58.94,29.01,1.57,47.61
6108126771,대영산업(주),2015,성숙기,0,38.29,5.6,0.0,44.69,59.34,70.08
6108126771,대영산업(주),2016,성숙기,0,35.48,0.0,19.68,41.85,24.72,31.71
6108126771,대영산업(주),2017,성숙기,0,0.0,0.0,24.1,43.69,30.38,51.73
6108126771,대영산업(주),2018,성장기,0,56.96,1.0,92.35,45.95,93.0,81.75
6108126771,대영산업(주),2019,성장기,0,44.21,2.1,100.0,48.46,42.61,21.33
6108126771,대영산업(주),2020,성장기,0,100.0,0.8,62.42,54.24,94.51,79.14
6108126771,대영산업(주),2021,성장기,0,25.99,1.9,38.9,51.86,94.17,48.82
6108126771,대영산업(주),2022,성장기,1,44.25,3.1,54.23,34.4,85.87,41.38
6108134529,주식회사케이엠씨,2015,성숙기,0,38.29,5.6,0.0,51.65,3.36,48.61
6108134529,주식회사케이엠씨,2016,성장기,0,35.48,2.2,19.68,58.74,72.22,88.71
6108134529,주식회사케이엠씨,2017,쇠퇴기,0,0.0,100.0,24.1,57.28,78.76,52.34
6108134529,주식회사케이엠씨,2018,쇠퇴기,1,56.96,100.0,92.35,54.57,88.81,52.14
6108137259,(주)아폴로,2017,성장기,0,0.0,1.7,24.1,48.92,4.95,48.42
6108137259,(주)아폴로,2018,성장기,0,56.96,1.0,92.35,49.91,10.7,49.52
6108137259,(주)아폴로,2019,성장기,0,44.21,2.1,100.0,51.55,33.25,62.21
6108137259,(주)아폴로,2020,성장기,0,100.0,0.8,62.42,64.73,53.24,61.61
6108137259,(주)아폴로,2021,성장기,0,25.99,1.9,38.9,58.46,51.4,47.91
6108137259,(주)아폴로,2022,성장기,0,44.25,3.1,54.23,41.19,27.83,32.97
6108137259,(주)아폴로,2023,쇠퇴기,0,24.44,100.0,55.25,54.47,75.9,77.15
6108137598,주식회사오토텍,2015,성장기,0,38.29,0.0,0.0,71.53,0.47,46.28
6108137598,주식회사오토텍,2016,성장기,0,35.48,2.2,19.68,48.33,0.03,50.64
6108137598,주식회사오토텍,2017,성장기,0,0.0,1.7,24.1,49.04,0.42,48.63
6108137598,주식회사오토텍,2018,성숙기,0,56.96,0.0,92.35,48.09,0.37,46.23
6108137598,주식회사오토텍,2019,성숙기,0,44.21,0.0,100.0,56.07,0.54,49.78
6108137598,주식회사오토텍,2020,성숙기,0,100.0,0.0,62.42,50.82,41.46,73.16
6108137598,주식회사오토텍,2021,조정기,0,25.99,24.6,38.9,53.84,19.6,36.6
6108137598,주식회사오토텍,2022,쇠퇴기,0,44.25,100.0,54.23,36.03,30.66,53.61
6108137598,주식회사오토텍,2023,성숙기,0,24.44,0.0,55.25,49.64,0.8,31.86
6108137598,주식회사오토텍,2024,조정기,0,53.17,27.2,58.94,39.38,3.22,51.6
6108138559,주식회사하이인텍,2015,성숙기,0,38.29,5.6,0.0,64.51,12.44,53.32
6108138559,주식회사하이인텍,2016,조정기,0,35.48,33.5,19.68,46.61,4.63,46.55
6108138559,주식회사하이인텍,2017,도입기,0,0.0,70.3,24.1,49.09,8.68,50.76
6108138559,주식회사하이인텍,2018,도입기,0,56.96,75.8,92.35,45.77,32.01,59.46
6108138559,주식회사하이인텍,2019,도입기,0,44.21,58.1,100.0,53.97,3.98,33.99
6108138559,주식회사하이인텍,2020,쇠퇴기,0,100.0,100.0,62.42,47.02,79.95,92.41
6108138559,주식회사하이인텍,2021,도입기,0,25.99,71.8,38.9,53.32,15.71,12.77
6108138559,주식회사하이인텍,2022,도입기,0,44.25,70.4,54.23,33.97,18.9,49.06
6108138559,주식회사하이인텍,2023,도입기,0,24.44,81.1,55.25,47.87,96.84,94.41
6108140152,주식회사케이엔,2015,쇠퇴기,0,38.29,100.0,0.0,49.87,64.23,82.21
6108140152,주식회사케이엔,2016,성장기,0,35.48,2.2,19.68,45.33,11.02,21.48
6108140152,주식회사케이엔,2017,조정기,0,0.0,35.9,24.1,48.13,3.77,44.26
6108140152,주식회사케이엔,2021,성장기,0,25.99,1.9,38.9,52.07,8.37,48.84
6108140152,주식회사케이엔,2022,성숙기,0,44.25,0.0,54.23,41.64,11.44,49.08
6108140152,주식회사케이엔,2023,성장기,0,24.44,13.2,55.25,54.73,47.15,69.76
6108140152,주식회사케이엔,2024,성장기,0,53.17,16.0,58.94,44.16,20.8,35.56
6108141132,(주)유창로보텍,2018,도입기,0,56.96,75.8,92.35,49.91,26.48,46.26
6108141132,(주)유창로보텍,2019,조정기,0,44.21,25.7,100.0,51.55,84.86,82.09
6108141132,(주)유창로보텍,2020,쇠퇴기,1,100.0,100.0,62.42,60.99,69.92,42.37
6108143770,(주)일신테크,2015,성숙기,0,38.29,5.6,0.0,49.87,0.0,46.97
6108143770,(주)일신테크,2016,성장기,0,35.48,2.2,19.68,46.84,0.01,50.88
6108143770,(주)일신테크,2017,성숙기,0,0.0,0.0,24.1,55.36,0.48,48.68
6108143770,(주)일신테크,2018,성숙기,0,56.96,0.0,92.35,54.47,36.28,66.5
6108143770,(주)일신테크,2019,성숙기,0,44.21,0.0,100.0,54.14,1.21,30.05
6108143770,(주)일신테크,2020,도입기,0,100.0,68.6,62.42,52.06,8.88,54.88
6108143770,(주)일신테크,2021,성숙기,0,25.99,0.0,38.9,52.11,0.11,43.93
6108143770,(주)일신테크,2022,도입기,0,44.25,70.4,54.23,35.32,6.83,51.31
6108143770,(주)일신테크,2023,성숙기,0,24.44,0.0,55.25,48.91,0.97,45.52
6108143770,(주)일신테크,2024,성장기,0,53.17,16.0,58.94,38.55,2.32,51.01
6108144444,엔트라(주),2016,쇠퇴기,0,35.48,100.0,19.68,46.84,12.79,51.01
6108144444,엔트라(주),2017,성장기,0,0.0,1.7,24.1,48.92,28.98,57.77
6108144444,엔트라(주),2018,쇠퇴기,0,56.96,100.0,92.35,49.91,21.87,42.31
6108144444,엔트라(주),2019,쇠퇴기,0,44.21,100.0,100.0,51.97,20.7,48.97
6108144444,엔트라(주),2020,쇠퇴기,0,100.0,100.0,62.42,60.46,21.42,51.04
6108144444,엔트라(주),2021,쇠퇴기,0,25.99,100.0,38.9,52.86,41.09,59.99
6108144444,엔트라(주),2022,쇠퇴기,0,44.25,100.0,54.23,35.97,21.0,35.13
6108144444,엔트라(주),2023,도입기,0,24.44,81.1,55.25,49.66,19.47,48.22
6108144444,엔트라(주),2024,도입기,0,53.17,92.8,58.94,39.94,18.81,49.83
6108154049,(주)광영이엔씨,2015,성숙기,0,38.29,5.6,0.0,67.63,2.44,46.89
6108154049,(주)광영이엔씨,2016,조정기,0,35.48,33.5,19.68,48.96,15.43,58.01
6108168280,주식회사케이디엠텍,2015,성숙기,0,38.29,5.6,0.0,49.41,24.56,52.2
6108168280,주식회사케이디엠텍,2016,조정기,0,35.48,33.5,19.68,52.32,16.69,46.49
6108168280,주식회사케이디엠텍,2017,성숙기,0,0.0,0.0,24.1,56.25,10.61,44.94
6108168280,주식회사케이디엠텍,2018,조정기,0,56.96,38.0,92.35,51.53,0.81,40.74
6108168280,주식회사케이디엠텍,2019,성숙기,0,44.21,0.0,100.0,41.1,1.11,49.86
6108168280,주식회사케이디엠텍,2020,조정기,0,100.0,22.0,62.42,53.91,0.98,50.6
6108168280,주식회사케이디엠텍,2021,조정기,0,25.99,24.6,38.9,54.85,5.1,51.18
6108168280,주식회사케이디엠텍,2022,조정기,0,44.25,26.1,54.23,32.06,4.69,47.08
6108168280,주식회사케이디엠텍,2023,성숙기,0,24.44,0.0,55.25,47.28,4.6,48.85
6108168280,주식회사케이디엠텍,2024,성숙기,0,53.17,0.0,58.94,39.14,2.04,48.84
6108171505,주식회사태성테크,2015,성장기,0,38.29,0.0,0.0,71.92,25.91,52.46
6108171505,주식회사태성테크,2016,도입기,0,35.48,82.9,19.68,38.72,36.98,56.9
6108171505,주식회사태성테크,2017,성숙기,0,0.0,0.0,24.1,38.58,84.1,75.66
6108171505,주식회사태성테크,2018,도입기,0,56.96,75.8,92.35,38.42,98.3,54.5
6108171505,주식회사태성테크,2019,쇠퇴기,0,44.21,100.0,100.0,45.54,52.49,23.86
6108171505,주식회사태성테크,2020,쇠퇴기,0,100.0,100.0,62.42,46.58,89.36,70.87
6108174351,에스아이에스(주),2015,도입기,0,38.29,65.4,0.0,39.93,8.89,50.44
6108174351,에스아이에스(주),2016,성장기,0,35.48,2.2,19.68,45.33,12.74,52.97
6108174351,에스아이에스(주),2017,성장기,0,0.0,1.7,24.1,44.53,46.11,67.68
6108174351,에스아이에스(주),2018,성장기,0,56.96,1.0,92.35,46.88,83.78,67.67
6108174351,에스아이에스(주),2019,성장기,0,44.21,2.1,100.0,51.09,23.21,15.69
6108174351,에스아이에스(주),2020,도입기,0,100.0,68.6,62.42,59.19,75.78,79.53
6108174351,에스아이에스(주),2021,쇠퇴기,0,25.99,100.0,38.9,53.6,74.16,48.07
6108174351,에스아이에스(주),2022,성숙기,1,44.25,0.0,54.23,35.23,88.23,54.71
6108174948,(주)영광,2015,성장기,0,38.29,0.0,0.0,36.07,9.2,32.74
6108174948,(주)영광,2016,성장기,0,35.48,2.2,19.68,52.56,17.65,55.5
6108174948,(주)영광,2017,조정기,0,0.0,35.9,24.1,54.35,58.2,71.83
6108174948,(주)영광,2018,조정기,0,56.96,38.0,92.35,50.18,26.27,28.34
6108174948,(주)영광,2019,조정기,0,44.21,25.7,100.0,39.45,14.69,43.16
6108188312,(주)알파테크윈,2015,도입기,0,38.29,65.4,0.0,38.48,42.46,22.22
6108188573,키존주식회사,2020,성장기,0,100.0,0.8,62.42,60.99,15.52,50.67
6108188573,키존주식회사,2021,성장기,0,25.99,1.9,38.9,54.41,13.28,47.63
6108188573,키존주식회사,2022,성장기,0,44.25,3.1,54.23,36.93,24.24,53.63
6108188573,키존주식회사,2023,성장기,0,24.44,13.2,55.25,49.78,25.24,49.73
6108188573,키존주식회사,2024,성장기,0,53.17,16.0,58.94,39.63,14.42,44.2
6108191025,(주)로파,2015,쇠퇴기,0,38.29,100.0,0.0,49.87,5.81,50.22
6108191025,(주)로파,2016,성장기,0,35.48,2.2,19.68,46.84,1.88,48.7
6108191025,(주)로파,2017,도입기,0,0.0,70.3,24.1,48.92,14.3,55.58
6108191025,(주)로파,2018,성숙기,0,56.96,0.0,92.35,52.19,12.76,45.42
6108191025,(주)로파,2019,쇠퇴기,0,44.21,100.0,100.0,55.67,20.73,54.09
6108191025,(주)로파,2020,도입기,0,100.0,68.6,62.42,63.33,41.25,61.92
6108191025,(주)로파,2021,도입기,0,25.99,71.8,38.9,54.51,81.02,71.35
6108191025,(주)로파,2022,도입기,0,44.25,70.4,54.23,33.61,50.95,28.81
6108191025,(주)로파,2023,조정기,1,24.44,24.8,55.25,48.44,88.32,71.21
6108194570,세일정기주식회사,2015,성숙기,0,38.29,5.6,0.0,49.87,4.35,48.71
6108194570,세일정기주식회사,2016,성숙기,0,35.48,0.0,19.68,47.04,4.91,51.17
6108194570,세일정기주식회사,2017,쇠퇴기,0,0.0,100.0,24.1,47.11,36.21,66.47
6108194570,세일정기주식회사,2018,성숙기,0,56.96,0.0,92.35,44.2,2.57,27.32
6108194570,세일정기주식회사,2019,도입기,0,44.21,58.1,100.0,51.07,39.14,70.03
6108197674,(주)드림엔지니어링,2020,성장기,0,100.0,0.8,62.42,60.99,1.25,50.67
6108197674,(주)드림엔지니어링,2021,쇠퇴기,0,25.99,100.0,38.9,41.13,5.14,51.06
6108197674,(주)드림엔지니어링,2022,조정기,0,44.25,26.1,54.23,34.52,10.89,50.68
6108197674,(주)드림엔지니어링,2023,도입기,0,24.44,81.1,55.25,47.45,26.1,57.82
6108197674,(주)드림엔지니어링,2024,성숙기,0,53.17,0.0,58.94,36.94,21.16,47.44
6108199478,(주)디디에스,2017,도입기,0,0.0,70.3,24.1,48.92,38.46,48.42
6108199478,(주)디디에스,2018,쇠퇴기,0,56.96,100.0,92.35,49.91,84.77,72.54
6108199478,(주)디디에스,2019,도입기,1,44.21,58.1,100.0,51.55,90.21,52.43
6108615769,주식회사벡테크,2015,성숙기,1,38.29,5.6,0.0,49.87,94.29,47.86
6108617641,한국후지필터주식회사,2022,조정기,0,44.25,26.1,54.23,36.93,3.67,47.42
6108617641,한국후지필터주식회사,2023,성숙기,0,24.44,0.0,55.25,50.57,46.33,73.7
6108617641,한국후지필터주식회사,2024,성숙기,0,53.17,0.0,58.94,40.55,3.65,26.55
6108621164,주식회사켄텍,2022,성숙기,0,44.25,0.0,54.23,36.93,4.64,47.42
6108621164,주식회사켄텍,2023,성숙기,0,24.44,0.0,55.25,50.57,0.91,46.73
6108621164,주식회사켄텍,2024,성숙기,0,53.17,0.0,58.94,40.55,10.89,55.77
6108621301,주식회사티엠이씨,2019,성장기,0,44.21,2.1,100.0,51.55,9.65,49.68
6108621301,주식회사티엠이씨,2020,쇠퇴기,0,100.0,100.0,62.42,60.99,25.93,59.6
6108621301,주식회사티엠이씨,2021,도입기,0,25.99,71.8,38.9,54.41,11.62,40.83
6108621301,주식회사티엠이씨,2022,성장기,0,44.25,3.1,54.23,36.78,6.86,44.45
6108621301,주식회사티엠이씨,2023,도입기,0,24.44,81.1,55.25,51.13,36.64,66.26
6108621301,주식회사티엠이씨,2024,성숙기,0,53.17,0.0,58.94,41.16,14.15,37.72
6108622576,고려철강(주),2015,도입기,0,38.29,65.4,0.0,49.87,7.29,50.22
6108622576,고려철강(주),2016,조정기,0,35.48,33.5,19.68,46.84,19.03,57.31
6108622576,고려철강(주),2019,도입기,0,44.21,58.1,100.0,51.55,32.24,49.68
6108622576,고려철강(주),2020,성숙기,0,100.0,0.0,62.42,55.98,22.72,45.4
6108622576,고려철강(주),2021,성숙기,0,25.99,0.0,38.9,52.12,34.04,55.28
6108622576,고려철강(주),2022,성숙기,0,44.25,0.0,54.23,35.23,41.81,51.51
6108622576,고려철강(주),2023,성숙기,0,24.44,0.0,55.25,49.07,31.45,43.34
6108622576,고려철강(주),2024,조정기,0,53.17,27.2,58.94,39.85,10.69,38.69
6108623779,(주)일진텍,2022,도입기,0,44.25,70.4,54.23,36.93,24.27,47.42
6108623779,(주)일진텍,2023,도입기,0,24.44,81.1,55.25,50.57,18.78,45.96
6108623779,(주)일진텍,2024,도입기,0,53.17,92.8,58.94,40.55,16.03,48.68
6108625501,주식회사신화엠텍,2016,성장기,0,35.48,2.2,19.68,46.84,14.85,51.01
6108625501,주식회사신화엠텍,2017,쇠퇴기,0,0.0,100.0,24.1,48.92,90.67,92.15
6108625501,주식회사신화엠텍,2018,성숙기,0,56.96,0.0,92.35,49.91,8.46,0.0
6108625501,주식회사신화엠텍,2019,도입기,0,44.21,58.1,100.0,9.53,18.62,55.32
6108625501,주식회사신화엠텍,2020,성장기,0,100.0,0.8,62.42,57.58,6.19,43.81
6108625501,주식회사신화엠텍,2021,쇠퇴기,0,25.99,100.0,38.9,56.32,58.12,78.16
6108625501,주식회사신화엠텍,2022,성숙기,0,44.25,0.0,54.23,34.4,74.88,56.48
6108625501,주식회사신화엠텍,2023,쇠퇴기,0,24.44,100.0,55.25,47.02,18.03,16.71
6108625501,주식회사신화엠텍,2024,도입기,0,53.17,92.8,58.94,37.69,21.87,52.32
6108700661,(주)돈트써멀솔루션,2017,도입기,0,0.0,70.3,24.1,48.92,25.58,48.42
6108700661,(주)돈트써멀솔루션,2018,도입기,0,56.96,75.8,92.35,49.91,88.57,81.94
6108700661,(주)돈트써멀솔루션,2019,도입기,0,44.21,58.1,100.0,51.55,32.95,18.43
6108700661,(주)돈트써멀솔루션,2020,도입기,0,100.0,68.6,62.42,26.73,26.96,47.34
6108700661,(주)돈트써멀솔루션,2021,조정기,0,25.99,24.6,38.9,40.24,89.05,83.92
6108700661,(주)돈트써멀솔루션,2022,성숙기,0,44.25,0.0,54.23,16.93,22.37,7.29
6108700661,(주)돈트써멀솔루션,2023,성숙기,0,24.44,0.0,55.25,34.82,4.83,38.92
6108700661,(주)돈트써멀솔루션,2024,성숙기,0,53.17,0.0,58.94,27.43,2.13,48.76
6118800754,(주)티엑스알로보틱스,2019,조정기,0,44.21,25.7,100.0,51.55,3.97,49.68
6118800754,(주)티엑스알로보틱스,2020,성숙기,0,100.0,0.0,62.42,60.99,0.21,48.59
6118800754,(주)티엑스알로보틱스,2021,성장기,0,25.99,1.9,38.9,54.41,3.1,50.49
6118800754,(주)티엑스알로보틱스,2022,성장기,0,44.25,3.1,54.23,36.55,4.29,48.04
6118800754,(주)티엑스알로보틱스,2023,성장기,0,24.44,13.2,55.25,50.91,12.55,53.7
6118800754,(주)티엑스알로보틱스,2024,성장기,0,53.17,16.0,58.94,40.81,6.39,46.82
6128127140,이케이중공업(주),2015,성장기,0,38.29,0.0,0.0,8.31,17.28,50.73
6128127140,이케이중공업(주),2016,조정기,0,35.48,33.5,19.68,27.3,17.74,51.09
6128127140,이케이중공업(주),2017,도입기,0,0.0,70.3,24.1,29.56,83.31,86.25
6128127140,이케이중공업(주),2018,쇠퇴기,0,56.96,100.0,92.35,31.69,93.19,52.06
6128127140,이케이중공업(주),2019,조정기,1,44.21,25.7,100.0,38.25,97.33,51.67
6128132696,(주)리진,2015,성숙기,0,38.29,5.6,0.0,0.0,98.11,96.18
6128132696,(주)리진,2016,조정기,0,35.48,33.5,19.68,1.44,97.33,50.22
6128132696,(주)리진,2017,조정기,1,0.0,35.9,24.1,0.0,98.14,49.1
6138101838,세일공업(주),2015,성장기,0,38.29,0.0,0.0,52.22,9.0,50.59
6138101838,세일공업(주),2016,성숙기,0,35.48,0.0,19.68,49.74,2.63,47.35
6138101838,세일공업(주),2017,성숙기,0,0.0,0.0,24.1,51.69,2.05,48.08
6138101838,세일공업(주),2018,성숙기,0,56.96,0.0,92.35,51.92,9.37,50.39
6138101838,세일공업(주),2019,성장기,0,44.21,2.1,100.0,51.1,4.52,46.96
6138101838,세일공업(주),2020,성숙기,0,100.0,0.0,62.42,62.78,8.29,52.73
6138101838,세일공업(주),2021,조정기,0,25.99,24.6,38.9,56.01,8.77,49.15
6138101838,세일공업(주),2022,성장기,0,44.25,3.1,54.23,40.63,1.34,42.93
6138101838,세일공업(주),2023,성장기,0,24.44,13.2,55.25,53.55,54.43,79.74
6138101838,세일공업(주),2024,성장기,0,53.17,16.0,58.94,43.82,55.8,50.82
6138110088,우성정공(주),2022,성숙기,0,44.25,0.0,54.23,36.93,11.37,47.42
6138110088,우성정공(주),2023,성숙기,0,24.44,0.0,55.25,50.57,0.1,42.43
6138110088,우성정공(주),2024,성숙기,0,53.17,0.0,58.94,40.55,0.19,50.32
6138111904,대신정공(주),2015,성숙기,0,38.29,5.6,0.0,54.11,62.03,42.79
6138111904,대신정공(주),2016,성숙기,0,35.48,0.0,19.68,47.28,52.68,45.59
6138111904,대신정공(주),2017,도입기,0,0.0,70.3,24.1,48.34,85.36,67.37
6138111904,대신정공(주),2018,성장기,0,56.96,1.0,92.35,48.85,83.02,45.15
6138111904,대신정공(주),2019,성숙기,0,44.21,0.0,100.0,49.6,13.49,10.71
6138111904,대신정공(주),2020,성장기,0,100.0,0.8,62.42,59.77,57.67,74.93
6138111904,대신정공(주),2021,성장기,0,25.99,1.9,38.9,53.18,50.07,44.67
6138111904,대신정공(주),2022,성장기,0,44.25,3.1,54.23,39.64,15.9,26.78
6138111904,대신정공(주),2023,성숙기,0,24.44,0.0,55.25,52.65,12.6,47.12
6138111904,대신정공(주),2024,도입기,0,53.17,92.8,58.94,42.6,43.61,67.33
6138118945,동신금속(주),2015,성장기,0,38.29,0.0,0.0,51.12,21.77,52.88
6138118945,동신금속(주),2016,성장기,0,35.48,2.2,19.68,46.86,83.06,84.51
6138118945,동신금속(주),2017,성숙기,0,0.0,0.0,24.1,48.22,10.06,6.52
6138118945,동신금속(주),2018,성장기,0,56.96,1.0,92.35,51.94,12.4,47.6
6138118945,동신금속(주),2019,성장기,0,44.21,2.1,100.0,52.37,18.1,52.82
6138118945,동신금속(주),2020,성장기,0,100.0,0.8,62.42,62.46,89.46,89.86
6138118945,동신금속(주),2021,성장기,0,25.99,1.9,38.9,57.81,33.01,17.18
6138118945,동신금속(주),2022,성장기,0,44.25,3.1,54.23,40.74,43.51,53.12
6138118945,동신금속(주),2023,성장기,0,24.44,13.2,55.25,53.53,87.27,74.84
6138118945,동신금속(주),2024,성장기,1,53.17,16.0,58.94,42.77,94.0,53.66
6138129011,아이티알인더스트리즈(주),2015,성숙기,0,38.29,5.6,0.0,52.2,3.18,46.93
6138129011,아이티알인더스트리즈(주),2016,성숙기,0,35.48,0.0,19.68,48.62,1.43,49.91
6138129011,아이티알인더스트리즈(주),2017,성숙기,0,0.0,0.0,24.1,50.71,8.52,52.5
6138129011,아이티알인더스트리즈(주),2018,성장기,0,56.96,1.0,92.35,53.72,4.94,44.25
6138129011,아이티알인더스트리즈(주),2019,성숙기,0,44.21,0.0,100.0,48.81,1.79,47.92
6138129011,아이티알인더스트리즈(주),2020,성숙기,0,100.0,0.0,62.42,63.18,2.12,50.84
6138129011,아이티알인더스트리즈(주),2021,성숙기,0,25.99,0.0,38.9,58.56,7.87,52.11
6138129011,아이티알인더스트리즈(주),2022,성숙기,0,44.25,0.0,54.23,43.22,1.44,43.53
6138129011,아이티알인더스트리즈(주),2023,성숙기,0,24.44,0.0,55.25,55.76,4.52,50.66
6138129011,아이티알인더스트리즈(주),2024,성숙기,0,53.17,0.0,58.94,45.01,0.54,48.05
6138145874,주식회사효정산업,2017,성장기,0,0.0,1.7,24.1,48.92,30.45,48.42
6138145874,주식회사효정산업,2018,도입기,0,56.96,75.8,92.35,49.91,89.93,79.97
6138145874,주식회사효정산업,2019,조정기,1,44.21,25.7,100.0,51.55,90.84,49.89
6138159209,에이스트랙주식회사,2015,조정기,0,38.29,28.5,0.0,6.98,84.04,43.39
6138159209,에이스트랙주식회사,2016,성숙기,0,35.48,0.0,19.68,28.94,18.73,14.78
6138159209,에이스트랙주식회사,2017,성장기,0,0.0,1.7,24.1,33.51,62.23,73.53
6138160098,금아파워텍주식회사,2015,조정기,0,38.29,28.5,0.0,49.87,6.93,50.22
6138160098,금아파워텍주식회사,2016,성장기,0,35.48,2.2,19.68,46.84,10.5,52.82
6138160098,금아파워텍주식회사,2017,성숙기,0,0.0,0.0,24.1,48.92,8.38,47.21
6138160098,금아파워텍주식회사,2018,성장기,0,56.96,1.0,92.35,51.12,22.41,54.21
6138160098,금아파워텍주식회사,2019,도입기,0,44.21,58.1,100.0,50.26,85.68,84.83
6138160098,금아파워텍주식회사,2020,성장기,0,100.0,0.8,62.42,61.38,80.3,47.62
6138160098,금아파워텍주식회사,2021,도입기,0,25.99,71.8,38.9,54.95,11.05,9.94
6138160098,금아파워텍주식회사,2022,성장기,0,44.25,3.1,54.23,38.18,87.49,91.97
6138160098,금아파워텍주식회사,2023,도입기,0,24.44,81.1,55.25,51.56,13.85,7.1
6138160098,금아파워텍주식회사,2024,성장기,0,53.17,16.0,58.94,41.03,76.02,84.52
6138164605,(주)티앤지세정,2015,도입기,0,38.29,65.4,0.0,49.87,8.87,50.22
6138164605,(주)티앤지세정,2016,도입기,0,35.48,82.9,19.68,46.84,25.63,60.06
6138164605,(주)티앤지세정,2017,도입기,0,0.0,70.3,24.1,48.92,26.36,48.89
6138164605,(주)티앤지세정,2018,성장기,0,56.96,1.0,92.35,47.41,17.97,41.58
6138164605,(주)티앤지세정,2019,성장기,0,44.21,2.1,100.0,47.94,50.63,67.81
6138164605,(주)티앤지세정,2020,성장기,0,100.0,0.8,62.42,63.19,37.42,43.35
6138164605,(주)티앤지세정,2021,성숙기,0,25.99,0.0,38.9,58.19,37.53,48.98
6138164605,(주)티앤지세정,2022,성장기,0,44.25,3.1,54.23,40.65,27.94,41.32
6138164605,(주)티앤지세정,2023,성장기,0,24.44,13.2,55.25,53.54,88.47,84.4
6138164605,(주)티앤지세정,2024,성장기,0,53.17,16.0,58.94,43.31,100.0,56.3
6138166132,주식회사드림팜,2021,성장기,0,25.99,1.9,38.9,54.41,24.46,48.84
6138166132,주식회사드림팜,2022,쇠퇴기,0,44.25,100.0,54.23,36.93,11.03,39.23
6138166132,주식회사드림팜,2023,성장기,0,24.44,13.2,55.25,50.57,2.73,44.16
6138168106,주식회사신광씨에프,2017,성장기,0,0.0,1.7,24.1,48.92,7.19,48.42
6138168106,주식회사신광씨에프,2018,성장기,0,56.96,1.0,92.35,49.91,0.36,42.41
6138168106,주식회사신광씨에프,2019,성장기,0,44.21,2.1,100.0,51.55,0.4,49.71
6138168106,주식회사신광씨에프,2020,성숙기,0,100.0,0.0,62.42,60.19,0.37,50.65
6138168106,주식회사신광씨에프,2021,성숙기,0,25.99,0.0,38.9,53.86,0.51,48.95
6138168106,주식회사신광씨에프,2022,성숙기,0,44.25,0.0,54.23,43.14,0.52,47.38
6138168106,주식회사신광씨에프,2023,성숙기,0,24.44,0.0,55.25,55.51,0.88,49.06
6138168106,주식회사신광씨에프,2024,성숙기,0,53.17,0.0,58.94,44.6,0.77,50.2
6138173502,(주)기남산업,2015,성장기,0,38.29,0.0,0.0,49.87,30.66,50.22
6138173502,(주)기남산업,2016,성숙기,0,35.48,0.0,19.68,46.84,38.67,55.21
6138173502,(주)기남산업,2017,성숙기,0,0.0,0.0,24.1,48.92,47.14,53.38
6138173502,(주)기남산업,2018,성숙기,0,56.96,0.0,92.35,50.35,69.14,58.82
6138173502,(주)기남산업,2019,성숙기,0,44.21,0.0,100.0,53.74,68.15,48.9
6138179087,(주)에이스에프앤비,2016,성장기,0,35.48,2.2,19.68,46.84,29.09,51.01
6138179087,(주)에이스에프앤비,2017,쇠퇴기,0,0.0,100.0,24.1,48.92,89.79,83.47
6138179087,(주)에이스에프앤비,2018,쇠퇴기,1,56.96,100.0,92.35,49.91,81.89,42.02
6138179132,성동산업주식회사,2015,성숙기,0,38.29,5.6,0.0,49.87,9.3,50.22
6138179132,성동산업주식회사,2016,성장기,0,35.48,2.2,19.68,46.84,12.73,52.74
6138179132,성동산업주식회사,2017,성장기,0,0.0,1.7,24.1,48.92,10.92,47.39
6138179132,성동산업주식회사,2018,성장기,0,56.96,1.0,92.35,47.03,11.08,46.37
6138179132,성동산업주식회사,2019,성장기,0,44.21,2.1,100.0,48.75,82.36,89.32
6138179132,성동산업주식회사,2020,성장기,0,100.0,0.8,62.42,63.48,61.94,39.36
6138179132,성동산업주식회사,2021,성장기,0,25.99,1.9,38.9,56.08,50.89,42.74
6138179132,성동산업주식회사,2022,도입기,0,44.25,70.4,54.23,39.95,30.06,34.57
6138179132,성동산업주식회사,2023,쇠퇴기,0,24.44,100.0,55.25,52.96,90.49,84.36
6138179132,성동산업주식회사,2024,성장기,0,53.17,16.0,58.94,42.98,18.98,10.48
6148104541,주식회사선우하이테크,2022,성숙기,0,44.25,0.0,54.23,36.93,4.89,47.42
6148104541,주식회사선우하이테크,2023,도입기,0,24.44,81.1,55.25,50.57,18.38,56.76
6148104541,주식회사선우하이테크,2024,성숙기,0,53.17,0.0,58.94,40.55,72.73,80.18
6158104980,주식회사화영,2015,조정기,0,38.29,28.5,0.0,49.58,0.81,50.28
6158104980,주식회사화영,2016,조정기,0,35.48,33.5,19.68,46.76,1.14,51.06
6158104980,주식회사화영,2017,조정기,0,0.0,35.9,24.1,47.76,1.14,48.41
6158104980,주식회사화영,2018,성숙기,0,56.96,0.0,92.35,48.1,31.62,63.49
6158104980,주식회사화영,2019,성숙기,0,44.21,0.0,100.0,49.97,5.93,35.29
6158104980,주식회사화영,2020,조정기,0,100.0,22.0,62.42,52.19,0.63,47.74
6158104980,주식회사화영,2021,조정기,0,25.99,24.6,38.9,49.58,7.6,52.8
6158104980,주식회사화영,2022,도입기,0,44.25,70.4,54.23,32.31,49.81,71.98
6158104980,주식회사화영,2023,쇠퇴기,0,24.44,100.0,55.25,46.6,49.98,49.56
6158104980,주식회사화영,2024,성장기,0,53.17,16.0,58.94,37.22,0.6,22.83
6158105280,주식회사협동정공,2015,성숙기,0,38.29,5.6,0.0,47.66,2.87,45.26
6158105280,주식회사협동정공,2016,조정기,0,35.48,33.5,19.68,49.77,2.38,50.6
6158105280,주식회사협동정공,2017,성장기,0,0.0,1.7,24.1,50.05,6.69,50.9
6158105280,주식회사협동정공,2018,성숙기,0,56.96,0.0,92.35,51.61,5.86,45.8
6158105280,주식회사협동정공,2019,조정기,0,44.21,25.7,100.0,49.37,7.27,50.45
6158105280,주식회사협동정공,2020,조정기,0,100.0,22.0,62.42,62.69,13.37,54.01
6158105280,주식회사협동정공,2021,조정기,0,25.99,24.6,38.9,55.0,47.05,67.88
6158105280,주식회사협동정공,2022,조정기,0,44.25,26.1,54.23,35.9,29.57,36.58
6158105280,주식회사협동정공,2023,조정기,0,24.44,24.8,55.25,49.65,71.89,73.82
6158108287,비에이치아이(주),2015,성숙기,0,38.29,5.6,0.0,24.37,87.76,72.27
6158108287,비에이치아이(주),2016,성숙기,0,35.48,0.0,19.68,30.05,16.9,11.72
6158108287,비에이치아이(주),2017,성숙기,0,0.0,0.0,24.1,31.67,14.77,47.22
6158108287,비에이치아이(주),2018,조정기,0,56.96,38.0,92.35,36.59,91.48,89.67
6158108287,비에이치아이(주),2019,성숙기,0,44.21,0.0,100.0,49.37,89.51,48.28
6158108287,비에이치아이(주),2020,조정기,0,100.0,22.0,62.42,57.82,19.55,12.12
6158108287,비에이치아이(주),2021,도입기,0,25.99,71.8,38.9,50.29,92.16,89.83
6158108287,비에이치아이(주),2022,성장기,0,44.25,3.1,54.23,34.3,76.34,37.01
6158108287,비에이치아이(주),2023,성숙기,0,24.44,0.0,55.25,48.5,11.9,12.32
6158108287,비에이치아이(주),2024,성숙기,0,53.17,0.0,58.94,38.84,9.51,48.9
6158109928,(주)한성,2015,성숙기,0,38.29,5.6,0.0,47.68,47.9,34.14
6158109928,(주)한성,2016,성숙기,0,35.48,0.0,19.68,45.45,15.27,32.83
6158109928,(주)한성,2017,성숙기,0,0.0,0.0,24.1,45.88,11.31,46.16
6158109928,(주)한성,2018,성숙기,0,56.96,0.0,92.35,45.72,14.02,47.81
6158109928,(주)한성,2019,조정기,0,44.21,25.7,100.0,47.04,13.08,49.12
6158109928,(주)한성,2020,성숙기,0,100.0,0.0,62.42,55.6,9.59,48.74
6158109928,(주)한성,2021,조정기,0,25.99,24.6,38.9,52.55,57.83,76.07
6158109928,(주)한성,2022,성장기,0,44.25,3.1,54.23,34.71,61.15,48.62
6158109928,(주)한성,2023,조정기,0,24.44,24.8,55.25,48.72,5.81,17.42
6158109928,(주)한성,2024,조정기,0,53.17,27.2,58.94,38.73,1.69,47.97
6158111007,신한엔지니어링(주),2015,성숙기,0,38.29,5.6,0.0,49.87,7.06,37.57
6158111007,신한엔지니어링(주),2016,성숙기,0,35.48,0.0,19.68,46.84,26.58,61.58
6158111007,신한엔지니어링(주),2017,성숙기,0,0.0,0.0,24.1,59.27,44.06,58.55
6158111045,(주)대일아쿠아,2020,쇠퇴기,0,100.0,100.0,62.42,60.99,17.32,50.67
6158111045,(주)대일아쿠아,2021,도입기,0,25.99,71.8,38.9,54.41,72.64,80.08
6158111045,(주)대일아쿠아,2022,조정기,0,44.25,26.1,54.23,36.93,0.12,4.07
6158111045,(주)대일아쿠아,2023,성숙기,0,24.44,0.0,55.25,47.03,3.6,50.87
6158111045,(주)대일아쿠아,2024,성장기,0,53.17,16.0,58.94,37.78,27.38,63.37
6158111744,(주)영산산업기계,2015,성장기,0,38.29,0.0,0.0,49.87,33.49,50.22
6158111744,(주)영산산업기계,2016,성장기,0,35.48,2.2,19.68,46.84,45.22,57.24
6158111744,(주)영산산업기계,2017,성장기,0,0.0,1.7,24.1,48.92,68.89,62.16
6158111744,(주)영산산업기계,2018,조정기,0,56.96,38.0,92.35,54.22,91.36,59.14
6158111744,(주)영산산업기계,2019,조정기,0,44.21,25.7,100.0,57.47,80.06,43.09
6158113140,(주)에이스브이,2015,성숙기,0,38.29,5.6,0.0,32.85,26.05,47.7
6158113140,(주)에이스브이,2016,성숙기,0,35.48,0.0,19.68,54.44,65.15,72.3
6158113140,(주)에이스브이,2017,성숙기,0,0.0,0.0,24.1,54.13,98.11,67.56
6158113140,(주)에이스브이,2018,조정기,1,56.96,38.0,92.35,50.85,98.04,46.47
6158113723,(주)에어젠,2018,도입기,0,56.96,75.8,92.35,49.91,19.21,46.26
6158113723,(주)에어젠,2019,성장기,0,44.21,2.1,100.0,51.55,78.02,82.36
6158113723,(주)에어젠,2020,성숙기,0,100.0,0.0,62.42,60.99,92.18,58.36
6158113723,(주)에어젠,2021,성숙기,1,25.99,0.0,38.9,53.06,92.79,49.36
6158113738,(주)다스코,2019,성장기,0,44.21,2.1,100.0,51.55,9.41,49.68
6158113738,(주)다스코,2020,성장기,0,100.0,0.8,62.42,60.99,43.87,69.59
6158113738,(주)다스코,2021,성장기,0,25.99,1.9,38.9,54.41,26.43,39.1
6158113738,(주)다스코,2022,쇠퇴기,0,44.25,100.0,54.23,37.73,8.66,36.67
6158113738,(주)다스코,2023,쇠퇴기,0,24.44,100.0,55.25,51.4,3.46,45.93
6158113738,(주)다스코,2024,성숙기,0,53.17,0.0,58.94,41.57,42.25,71.66
6158115298,금창경판주식회사,2015,성숙기,0,38.29,5.6,0.0,41.55,1.74,50.34
6158115298,금창경판주식회사,2016,성숙기,0,35.48,0.0,19.68,51.12,56.25,80.83
6158115298,금창경판주식회사,2017,조정기,0,0.0,35.9,24.1,50.03,47.24,43.35
6158115298,금창경판주식회사,2018,조정기,0,56.96,38.0,92.35,50.15,1.43,20.47
6158115298,금창경판주식회사,2019,조정기,0,44.21,25.7,100.0,44.28,0.27,49.04
6158115298,금창경판주식회사,2020,조정기,0,100.0,22.0,62.42,52.56,5.43,53.5
6158116166,(주)유니벡,2015,성장기,0,38.29,0.0,0.0,57.1,73.23,45.99
6158116166,(주)유니벡,2016,성숙기,1,35.48,0.0,19.68,73.86,69.12,48.45
6158116939,윌로펌프(주),2015,조정기,0,38.29,28.5,0.0,47.82,1.75,49.87
6158116939,윌로펌프(주),2016,성숙기,0,35.48,0.0,19.68,47.92,1.38,50.67
6158116939,윌로펌프(주),2017,성숙기,0,0.0,0.0,24.1,50.32,1.33,48.38
6158116939,윌로펌프(주),2018,성숙기,0,56.96,0.0,92.35,51.42,1.44,46.32
6158116939,윌로펌프(주),2019,성숙기,0,44.21,0.0,100.0,51.75,1.37,49.65
6158116939,윌로펌프(주),2020,성숙기,0,100.0,0.0,62.42,62.47,1.76,50.88
6158116939,윌로펌프(주),2021,성숙기,0,25.99,0.0,38.9,56.03,1.79,48.88
6158116939,윌로펌프(주),2022,성숙기,0,44.25,0.0,54.23,38.21,1.54,47.21
6158116939,윌로펌프(주),2023,성숙기,0,24.44,0.0,55.25,51.54,1.36,48.76
6158116939,윌로펌프(주),2024,성숙기,0,53.17,0.0,58.94,41.3,1.58,50.39
6158117165,북성공업(주),2021,성숙기,0,25.99,0.0,38.9,54.41,3.27,48.84
6158117165,북성공업(주),2022,쇠퇴기,0,44.25,100.0,54.23,36.93,5.84,48.85
6158117165,북성공업(주),2023,성숙기,0,24.44,0.0,55.25,50.57,0.35,45.73
6158117165,북성공업(주),2024,성장기,0,53.17,16.0,58.94,40.91,0.85,50.54
6158117812,삼보씨엠씨(주),2015,성장기,0,38.29,0.0,0.0,49.87,15.52,57.59
6158117812,삼보씨엠씨(주),2016,성숙기,0,35.48,0.0,19.68,41.82,1.11,42.92
6158117812,삼보씨엠씨(주),2017,성장기,0,0.0,1.7,24.1,47.13,9.29,53.13
6158117812,삼보씨엠씨(주),2018,성숙기,0,56.96,0.0,92.35,47.27,0.93,41.55
6158117812,삼보씨엠씨(주),2019,쇠퇴기,0,44.21,100.0,100.0,40.4,12.19,55.95
6158117812,삼보씨엠씨(주),2020,성장기,0,100.0,0.8,62.42,64.07,16.59,53.07
6158117812,삼보씨엠씨(주),2021,성숙기,0,25.99,0.0,38.9,61.1,49.42,67.4
6158117812,삼보씨엠씨(주),2022,성숙기,0,44.25,0.0,54.23,47.67,1.71,18.87
6158117812,삼보씨엠씨(주),2023,성숙기,0,24.44,0.0,55.25,59.53,18.95,58.9
6158117812,삼보씨엠씨(주),2024,조정기,0,53.17,27.2,58.94,48.76,70.16,78.45
6158118164,(주)진영산업,2016,성숙기,0,35.48,0.0,19.68,46.84,19.03,51.01
6158118164,(주)진영산업,2017,쇠퇴기,0,0.0,100.0,24.1,48.92,81.92,84.71
6158118164,(주)진영산업,2024,성장기,0,53.17,16.0,58.94,40.55,5.6,50.27
6158120957,(주)엘에치이,2015,성숙기,0,38.29,5.6,0.0,42.11,2.05,50.79
6158120957,(주)엘에치이,2016,성숙기,0,35.48,0.0,19.68,44.16,1.42,50.52
6158120957,(주)엘에치이,2017,성숙기,0,0.0,0.0,24.1,44.62,45.4,73.77
6158120957,(주)엘에치이,2018,성숙기,0,56.96,0.0,92.35,47.26,2.33,22.01
6158120957,(주)엘에치이,2019,성숙기,0,44.21,0.0,100.0,51.38,0.11,48.45
6158120957,(주)엘에치이,2020,성숙기,0,100.0,0.0,62.42,53.8,0.15,50.68
6158120957,(주)엘에치이,2021,성숙기,0,25.99,0.0,38.9,51.85,0.48,49.05
6158120957,(주)엘에치이,2022,성숙기,0,44.25,0.0,54.23,35.2,5.23,50.15
6158120957,(주)엘에치이,2023,성숙기,0,24.44,0.0,55.25,49.19,0.06,45.91
6158120957,(주)엘에치이,2024,성숙기,0,53.17,0.0,58.94,38.64,0.46,50.49
6158122014,주식회사은광벤딩,2016,조정기,0,35.48,33.5,19.68,72.89,91.19,51.01
6158122014,주식회사은광벤딩,2017,성장기,0,0.0,1.7,24.1,39.9,90.13,48.01
6158122014,주식회사은광벤딩,2018,쇠퇴기,1,56.96,100.0,92.35,38.71,92.16,47.64
6158128207,대경기업(주),2016,도입기,0,35.48,82.9,19.68,46.84,6.36,51.01
6158128207,대경기업(주),2017,성숙기,0,0.0,0.0,24.1,48.92,4.9,47.58
6158128207,대경기업(주),2018,성장기,0,56.96,1.0,92.35,49.91,4.56,46.07
6158128207,대경기업(주),2019,성장기,0,44.21,2.1,100.0,51.49,4.11,49.43
6158128207,대경기업(주),2020,성장기,0,100.0,0.8,62.42,61.46,4.01,50.61
6158128207,대경기업(주),2021,성장기,0,25.99,1.9,38.9,54.82,2.85,48.21
6158128207,대경기업(주),2022,조정기,0,44.25,26.1,54.23,38.0,6.84,49.68
6158128207,대경기업(주),2023,조정기,0,24.44,24.8,55.25,51.22,3.92,47.23
6158128207,대경기업(주),2024,조정기,0,53.17,27.2,58.94,41.31,4.04,50.32
6158129244,미래오토모빌주식회사,2015,성장기,0,38.29,0.0,0.0,49.87,27.9,50.22
6158129244,미래오토모빌주식회사,2016,조정기,0,35.48,33.5,19.68,46.84,18.82,45.82
6158129244,미래오토모빌주식회사,2017,성장기,0,0.0,1.7,24.1,48.92,13.43,45.35
6158129244,미래오토모빌주식회사,2018,도입기,0,56.96,75.8,92.35,48.82,63.38,74.53
6158129244,미래오토모빌주식회사,2019,도입기,0,44.21,58.1,100.0,51.45,91.18,64.95
6158129244,미래오토모빌주식회사,2020,도입기,1,100.0,68.6,62.42,64.27,91.33,50.65
6158129415,(주)진텍,2015,성숙기,0,38.29,5.6,0.0,56.0,25.06,53.37
6158129415,(주)진텍,2016,성숙기,0,35.48,0.0,19.68,43.39,95.01,89.26
6158129415,(주)진텍,2017,쇠퇴기,0,0.0,100.0,24.1,44.09,96.44,49.45
6158129415,(주)진텍,2018,쇠퇴기,1,56.96,100.0,92.35,43.48,96.43,46.49
6158129865,건영산업(주),2015,성장기,0,38.29,0.0,0.0,49.87,16.18,51.9
6158129865,건영산업(주),2016,성장기,0,35.48,2.2,19.68,46.84,17.82,51.74
6158129865,건영산업(주),2017,성숙기,0,0.0,0.0,24.1,45.87,17.39,48.2
6158129865,건영산업(주),2018,쇠퇴기,0,56.96,100.0,92.35,48.34,75.38,79.09
6158129865,건영산업(주),2019,성숙기,0,44.21,0.0,100.0,50.93,85.12,54.86
6158129865,건영산업(주),2020,쇠퇴기,1,100.0,100.0,62.42,63.46,92.09,54.4
6158135557,한발매스테크주식회사,2015,쇠퇴기,0,38.29,100.0,0.0,12.84,42.26,68.36
6158135557,한발매스테크주식회사,2016,쇠퇴기,0,35.48,100.0,19.68,44.16,92.12,78.18
6158135557,한발매스테크주식회사,2017,쇠퇴기,0,0.0,100.0,24.1,44.86,55.59,27.57
6158135557,한발매스테크주식회사,2018,도입기,1,56.96,75.8,92.35,49.17,92.24,67.12
6158135877,(주)천일기계,2017,성숙기,0,0.0,0.0,24.1,48.92,5.56,48.42
6158135877,(주)천일기계,2018,성장기,0,56.96,1.0,92.35,49.91,4.03,45.4
6158135877,(주)천일기계,2019,성숙기,0,44.21,0.0,100.0,51.55,9.69,52.83
6158135877,(주)천일기계,2020,도입기,0,100.0,68.6,62.42,67.56,91.73,95.75
6158135877,(주)천일기계,2021,쇠퇴기,0,25.99,100.0,38.9,63.88,17.99,7.43
6158135877,(주)천일기계,2022,성숙기,0,44.25,0.0,54.23,44.81,9.47,42.18
6158136065,(주)서진정공,2015,성장기,0,38.29,0.0,0.0,49.87,30.63,50.22
6158136065,(주)서진정공,2016,쇠퇴기,0,35.48,100.0,19.68,46.84,68.32,71.52
6158136065,(주)서진정공,2017,도입기,1,0.0,70.3,24.1,48.92,85.23,58.32
6158140837,(주)대륭,2015,조정기,0,38.29,28.5,0.0,44.68,97.02,95.28
6158140837,(주)대륭,2016,쇠퇴기,0,35.48,100.0,19.68,25.46,92.66,48.25
6158142140,에스제이테크윈(주),2019,성장기,0,44.21,2.1,100.0,51.55,5.56,49.68
6158142140,에스제이테크윈(주),2020,성장기,0,100.0,0.8,62.42,60.99,7.18,51.55
6158142140,에스제이테크윈(주),2021,성장기,0,25.99,1.9,38.9,54.41,59.5,78.37
6158142140,에스제이테크윈(주),2022,쇠퇴기,0,44.25,100.0,54.23,39.82,84.97,61.56
6158142140,에스제이테크윈(주),2023,쇠퇴기,0,24.44,100.0,55.25,52.81,9.26,5.86
6158142140,에스제이테크윈(주),2024,성숙기,0,53.17,0.0,58.94,42.84,2.83,46.68
6158142397,(주)디케이금속,2021,성숙기,0,25.99,0.0,38.9,54.41,3.27,48.84
6158142397,(주)디케이금속,2022,성숙기,0,44.25,0.0,54.23,36.93,0.06,45.46
6158142397,(주)디케이금속,2023,성숙기,0,24.44,0.0,55.25,50.57,0.58,49.15
6158142397,(주)디케이금속,2024,조정기,0,53.17,27.2,58.94,41.64,0.78,50.37
6158143101,주식회사거성테크,2015,성장기,0,38.29,0.0,0.0,49.87,31.08,63.49
6158143101,주식회사거성테크,2016,조정기,0,35.48,33.5,19.68,30.42,6.89,37.51
6158143101,주식회사거성테크,2017,도입기,0,0.0,70.3,24.1,41.0,13.3,52.12
6158143173,(주)신우엔지니어링,2015,성숙기,0,38.29,5.6,0.0,48.27,90.53,50.61
6158143173,(주)신우엔지니어링,2016,조정기,1,35.48,33.5,19.68,51.58,98.65,55.12
6158149008,주식회사모던텍,2017,조정기,0,0.0,35.9,24.1,48.92,10.08,48.42
6158149008,주식회사모던텍,2018,도입기,0,56.96,75.8,92.35,49.91,14.76,48.92
6158149008,주식회사모던텍,2019,도입기,0,44.21,58.1,100.0,51.55,12.55,48.42
6158149008,주식회사모던텍,2021,도입기,0,25.99,71.8,38.9,53.09,43.24,48.84
6158149008,주식회사모던텍,2022,도입기,0,44.25,70.4,54.23,34.47,38.45,44.05
6158149008,주식회사모던텍,2023,성장기,0,24.44,13.2,55.25,45.63,5.0,29.87
6158149008,주식회사모던텍,2024,도입기,0,53.17,92.8,58.94,32.66,89.9,97.09
6158149027,에이스산업(주),2015,쇠퇴기,0,38.29,100.0,0.0,54.25,17.29,54.29
6158149027,에이스산업(주),2016,도입기,0,35.48,82.9,19.68,48.58,8.35,45.92
6158149027,에이스산업(주),2017,성숙기,0,0.0,0.0,24.1,51.83,1.52,44.49
6158149027,에이스산업(주),2018,쇠퇴기,0,56.96,100.0,92.35,50.62,16.43,54.69
6158149027,에이스산업(주),2019,성장기,0,44.21,2.1,100.0,57.63,15.86,49.32
6158149027,에이스산업(주),2020,조정기,0,100.0,22.0,62.42,65.4,42.67,65.38
6158150029,주식회사티에프텍,2015,성장기,0,38.29,0.0,0.0,51.94,90.9,96.28
6158150029,주식회사티에프텍,2016,쇠퇴기,0,35.48,100.0,19.68,34.87,46.86,26.46
6158150029,주식회사티에프텍,2017,쇠퇴기,0,0.0,100.0,24.1,38.61,88.24,72.37
6158150029,주식회사티에프텍,2018,쇠퇴기,0,56.96,100.0,92.35,41.59,87.68,46.17
6158150029,주식회사티에프텍,2019,조정기,1,44.21,25.7,100.0,46.22,90.29,50.84
6158151426,(주)한영엔지니어링,2022,성장기,0,44.25,3.1,54.23,36.93,3.58,47.42
6158151426,(주)한영엔지니어링,2023,성숙기,0,24.44,0.0,55.25,50.57,2.35,48.17
6158151426,(주)한영엔지니어링,2024,쇠퇴기,0,53.17,100.0,58.94,40.55,5.06,51.75
6158151557,가교산업주식회사,2015,도입기,0,38.29,65.4,0.0,49.87,8.32,50.22
6158151557,가교산업주식회사,2016,도입기,0,35.48,82.9,19.68,46.84,15.28,54.68
6158151557,가교산업주식회사,2017,도입기,0,0.0,70.3,24.1,48.92,3.12,41.43
6158151557,가교산업주식회사,2018,성숙기,0,56.96,0.0,92.35,23.09,8.85,49.5
6158151557,가교산업주식회사,2019,성숙기,0,44.21,0.0,100.0,58.02,22.15,57.07
6158151557,가교산업주식회사,2020,성숙기,0,100.0,0.0,62.42,72.82,9.31,43.58
6158151557,가교산업주식회사,2021,쇠퇴기,0,25.99,100.0,38.9,62.76,39.73,66.03
6158151557,가교산업주식회사,2022,성숙기,0,44.25,0.0,54.23,38.14,15.97,33.0
6158151557,가교산업주식회사,2023,성숙기,0,24.44,0.0,55.25,51.39,9.52,45.3
6158151557,가교산업주식회사,2024,성숙기,0,53.17,0.0,58.94,40.66,38.0,65.94
6158152600,동해공업(주),2015,성장기,0,38.29,0.0,0.0,48.62,15.58,52.11
6158152600,동해공업(주),2016,성숙기,0,35.48,0.0,19.68,42.49,3.13,44.0
6158152600,동해공업(주),2017,성숙기,0,0.0,0.0,24.1,48.5,2.69,48.16
6158152600,동해공업(주),2018,성숙기,0,56.96,0.0,92.35,48.13,9.8,50.28
6158152600,동해공업(주),2019,조정기,0,44.21,25.7,100.0,52.22,14.0,52.0
6158152600,동해공업(주),2020,성숙기,0,100.0,0.0,62.42,66.96,8.11,47.41
6158152600,동해공업(주),2021,성숙기,0,25.99,0.0,38.9,58.08,6.0,47.69
6158152600,동해공업(주),2022,성숙기,0,44.25,0.0,54.23,42.59,11.85,50.73
6158152600,동해공업(주),2023,성숙기,0,24.44,0.0,55.25,55.1,4.69,44.83
6158152600,동해공업(주),2024,성숙기,0,53.17,0.0,58.94,43.14,0.23,47.79
6158152745,(주)대림플랜트,2017,도입기,0,0.0,70.3,24.1,48.92,12.32,48.42
6158152745,(주)대림플랜트,2018,성숙기,0,56.96,0.0,92.35,49.91,25.53,53.76
6158152745,(주)대림플랜트,2019,성장기,0,44.21,2.1,100.0,51.55,22.61,47.98
6158152745,(주)대림플랜트,2021,성장기,0,25.99,1.9,38.9,54.0,45.39,48.84
6158152745,(주)대림플랜트,2022,성장기,0,44.25,3.1,54.23,34.17,47.57,48.1
6158152745,(주)대림플랜트,2023,성숙기,0,24.44,0.0,55.25,47.12,26.65,37.27
6158152745,(주)대림플랜트,2024,성숙기,0,53.17,0.0,58.94,36.35,9.4,40.65
6158153045,하이에어공조(주),2015,조정기,0,38.29,28.5,0.0,40.31,1.99,33.66
6158153045,하이에어공조(주),2016,성숙기,0,35.48,0.0,19.68,41.11,1.37,50.53
6158153045,하이에어공조(주),2017,조정기,0,0.0,35.9,24.1,41.69,13.06,55.15
6158153045,하이에어공조(주),2018,성숙기,0,56.96,0.0,92.35,42.45,1.85,39.95
6158153045,하이에어공조(주),2019,성숙기,0,44.21,0.0,100.0,39.26,0.92,49.17
6158153045,하이에어공조(주),2020,성숙기,0,100.0,0.0,62.42,56.52,0.3,50.32
6158153045,하이에어공조(주),2021,성숙기,0,25.99,0.0,38.9,52.76,4.65,51.32
6158153045,하이에어공조(주),2022,도입기,0,44.25,70.4,54.23,35.31,6.15,48.2
6158153045,하이에어공조(주),2023,성숙기,0,24.44,0.0,55.25,49.32,0.8,45.81
6158153045,하이에어공조(주),2024,성숙기,0,53.17,0.0,58.94,40.24,0.65,50.18
6158154613,(주)디케이시,2015,도입기,0,38.29,65.4,0.0,20.37,91.1,58.72
6158154613,(주)디케이시,2016,도입기,1,35.48,82.9,19.68,40.72,96.97,53.89
6158157997,(주)우성네이처,2021,성장기,0,25.99,1.9,38.9,54.41,12.42,48.84
6158157997,(주)우성네이처,2022,성장기,0,44.25,3.1,54.23,36.93,64.69,77.81
6158157997,(주)우성네이처,2023,성장기,0,24.44,13.2,55.25,50.57,18.09,22.55
6158157997,(주)우성네이처,2024,도입기,0,53.17,92.8,58.94,35.98,17.14,49.68
6158160639,주식회사신풍산기,2019,성숙기,0,44.21,0.0,100.0,51.55,23.99,49.68
6158160639,주식회사신풍산기,2020,쇠퇴기,0,100.0,100.0,62.42,60.99,8.9,42.35
6158160639,주식회사신풍산기,2021,성장기,0,25.99,1.9,38.9,54.41,2.28,45.15
6158160639,주식회사신풍산기,2022,성장기,0,44.25,3.1,54.23,35.61,1.73,47.03
6158160639,주식회사신풍산기,2023,성장기,0,24.44,13.2,55.25,49.71,5.85,51.27
6158160639,주식회사신풍산기,2024,도입기,0,53.17,92.8,58.94,38.95,6.87,50.8
6158161282,누리엔지엔지니어링주식회사,2015,성장기,0,38.29,0.0,0.0,49.87,10.54,51.75
6158161282,누리엔지엔지니어링주식회사,2016,성숙기,0,35.48,0.0,19.68,46.84,9.07,50.04
6158161282,누리엔지엔지니어링주식회사,2017,쇠퇴기,0,0.0,100.0,24.1,49.5,29.03,59.94
6158161282,누리엔지엔지니어링주식회사,2018,쇠퇴기,0,56.96,100.0,92.35,49.46,50.11,58.25
6158161282,누리엔지엔지니어링주식회사,2019,쇠퇴기,0,44.21,100.0,100.0,52.59,72.65,62.06
6158161282,누리엔지엔지니어링주식회사,2020,쇠퇴기,0,100.0,100.0,62.42,61.56,36.52,30.73
6158161282,누리엔지엔지니어링주식회사,2021,쇠퇴기,0,25.99,100.0,38.9,51.89,74.3,70.22
6158161832,주식회사노바스,2021,성장기,0,25.99,1.9,38.9,54.41,9.52,48.84
6158161832,주식회사노바스,2022,성장기,0,44.25,3.1,54.23,36.93,3.42,43.7
6158161832,주식회사노바스,2023,성장기,0,24.44,13.2,55.25,50.57,19.17,58.05
6158161832,주식회사노바스,2024,성장기,0,53.17,16.0,58.94,42.57,74.46,80.7
6158165518,에프디씨주식회사(FDC),2022,성장기,0,44.25,3.1,54.23,36.93,7.64,47.42
6158165518,에프디씨주식회사(FDC),2023,성숙기,0,24.44,0.0,55.25,50.57,7.77,49.02
6158165518,에프디씨주식회사(FDC),2024,성숙기,0,53.17,0.0,58.94,40.55,7.12,49.88
6158165629,아이엔테코(주),2015,성장기,0,38.29,0.0,0.0,49.87,11.75,50.22
6158165629,아이엔테코(주),2016,성숙기,0,35.48,0.0,19.68,46.84,1.46,45.2
6158165629,아이엔테코(주),2017,성장기,0,0.0,1.7,24.1,48.92,5.67,50.84
6158165629,아이엔테코(주),2018,성장기,0,56.96,1.0,92.35,40.87,4.21,45.44
6158165629,아이엔테코(주),2019,성장기,0,44.21,2.1,100.0,49.53,54.16,77.48
6158165629,아이엔테코(주),2020,성장기,0,100.0,0.8,62.42,64.46,90.89,70.79
6158165629,아이엔테코(주),2021,도입기,0,25.99,71.8,38.9,63.52,14.84,6.13
6158165629,아이엔테코(주),2022,조정기,0,44.25,26.1,54.23,49.42,47.99,66.59
6158165629,아이엔테코(주),2023,쇠퇴기,0,24.44,100.0,55.25,60.76,87.53,72.44
6158169912,주식회사디에이치아이,2015,성장기,0,38.29,0.0,0.0,56.46,81.31,80.58
6158171188,(주)윈테크,2016,성장기,0,35.48,2.2,19.68,46.84,8.1,51.01
6158171188,(주)윈테크,2017,성장기,0,0.0,1.7,24.1,48.92,4.55,46.38
6158171188,(주)윈테크,2018,성장기,0,56.96,1.0,92.35,49.91,0.11,43.76
6158171188,(주)윈테크,2019,성장기,0,44.21,2.1,100.0,38.78,27.7,65.04
6158171188,(주)윈테크,2020,성장기,0,100.0,0.8,62.42,61.69,27.34,50.44
6158171188,(주)윈테크,2021,성장기,0,25.99,1.9,38.9,61.01,26.27,48.3
6158171188,(주)윈테크,2022,성장기,0,44.25,3.1,54.23,34.13,14.44,40.14
6158171188,(주)윈테크,2023,성숙기,0,24.44,0.0,55.25,48.31,35.98,61.55
6158171188,(주)윈테크,2024,쇠퇴기,0,53.17,100.0,58.94,38.28,4.7,32.87
6158171422,주식회사제이티씨,2015,조정기,0,38.29,28.5,0.0,49.87,94.79,92.3
6158171422,주식회사제이티씨,2016,성장기,0,35.48,2.2,19.68,39.06,45.96,23.81
6158171422,주식회사제이티씨,2017,쇠퇴기,1,0.0,100.0,24.1,48.62,94.72,76.63
6158174604,(주)남경테크윈,2019,성장기,0,44.21,2.1,100.0,51.55,5.55,49.68
6158174604,(주)남경테크윈,2020,성숙기,0,100.0,0.0,62.42,60.99,2.47,48.97
6158174604,(주)남경테크윈,2021,성숙기,0,25.99,0.0,38.9,54.41,2.38,48.82
6158174604,(주)남경테크윈,2022,성숙기,0,44.25,0.0,54.23,34.98,5.62,49.25
6158174604,(주)남경테크윈,2023,성장기,0,24.44,13.2,55.25,48.98,2.32,47.0
6158174604,(주)남경테크윈,2024,쇠퇴기,0,53.17,100.0,58.94,37.84,5.48,52.0
6158180125,주식회사프로세이브,2019,성숙기,0,44.21,0.0,100.0,51.55,3.64,49.68
6158180125,주식회사프로세이브,2020,조정기,0,100.0,22.0,62.42,60.99,1.11,49.27
6158180125,주식회사프로세이브,2023,성장기,0,24.44,13.2,55.25,50.57,1.05,48.85
6158180125,주식회사프로세이브,2024,성숙기,0,53.17,0.0,58.94,68.14,0.13,49.75
6158185926,경성정밀(주),2015,도입기,0,38.29,65.4,0.0,49.87,10.95,50.22
6158185926,경성정밀(주),2016,성숙기,0,35.48,0.0,19.68,46.84,71.86,84.32
6158185926,경성정밀(주),2017,성장기,0,0.0,1.7,24.1,48.92,24.49,21.27
6158185926,경성정밀(주),2018,성숙기,0,56.96,0.0,92.35,34.48,13.52,40.11
6158185926,경성정밀(주),2019,성숙기,0,44.21,0.0,100.0,54.71,54.71,72.57
6158185926,경성정밀(주),2020,성숙기,0,100.0,0.0,62.42,63.85,5.08,23.33
6158185926,경성정밀(주),2021,성숙기,0,25.99,0.0,38.9,57.46,3.16,47.79
6158185926,경성정밀(주),2022,성숙기,0,44.25,0.0,54.23,40.74,0.22,45.63
6158185926,경성정밀(주),2023,성숙기,0,24.44,0.0,55.25,53.45,52.86,79.47
6158185926,경성정밀(주),2024,조정기,0,53.17,27.2,58.94,43.32,4.95,23.64
6158187021,(주)거림중공업,2018,성장기,0,56.96,1.0,92.35,49.91,8.61,46.26
6158187021,(주)거림중공업,2019,조정기,0,44.21,25.7,100.0,51.55,90.14,95.04
6158187021,(주)거림중공업,2020,쇠퇴기,0,100.0,100.0,62.42,60.99,82.24,46.23
6158187865,주식회사태성테크윈,2015,성장기,0,38.29,0.0,0.0,49.87,61.6,80.0
6158187865,주식회사태성테크윈,2016,성장기,0,35.48,2.2,19.68,46.84,25.88,31.1
6158187865,주식회사태성테크윈,2017,성장기,0,0.0,1.7,24.1,47.37,29.64,50.64
6158187865,주식회사태성테크윈,2018,성숙기,0,56.96,0.0,92.35,48.74,14.86,37.97
6158187865,주식회사태성테크윈,2019,쇠퇴기,0,44.21,100.0,100.0,48.78,24.88,55.22
6158189897,금광테크(주),2016,성장기,0,35.48,2.2,19.68,96.41,94.2,51.01
6158189897,금광테크(주),2017,성숙기,0,0.0,0.0,24.1,33.87,31.81,12.66
6158189897,금광테크(주),2018,성숙기,0,56.96,0.0,92.35,53.55,19.03,39.11
6158189897,금광테크(주),2019,성숙기,0,44.21,0.0,100.0,50.56,12.26,45.86
6158189897,금광테크(주),2020,성숙기,0,100.0,0.0,62.42,67.83,14.2,51.72
6158189897,금광테크(주),2021,성숙기,0,25.99,0.0,38.9,61.95,9.49,46.23
6158189897,금광테크(주),2022,성숙기,0,44.25,0.0,54.23,40.85,11.36,48.36
6158189897,금광테크(주),2023,성장기,0,24.44,13.2,55.25,53.72,10.71,48.61
6158189897,금광테크(주),2024,성장기,0,53.17,16.0,58.94,42.93,18.66,54.61
6158194269,주식회사경일지엠씨,2015,성장기,0,38.29,0.0,0.0,49.87,84.45,84.2
6158194269,주식회사경일지엠씨,2016,성장기,0,35.48,2.2,19.68,46.84,85.32,51.16
6158194269,주식회사경일지엠씨,2017,성장기,1,0.0,1.7,24.1,59.47,92.58,52.79
6158194691,(주)올텍,2021,성숙기,0,25.99,0.0,38.9,54.41,3.27,48.84
6158194691,(주)올텍,2022,성숙기,0,44.25,0.0,54.23,36.93,0.24,45.57
6158194691,(주)올텍,2023,성숙기,0,24.44,0.0,55.25,50.57,0.02,48.72
6158194691,(주)올텍,2024,성숙기,0,53.17,0.0,58.94,37.66,0.1,50.31
6158601751,(주)엘앤지,2017,도입기,0,0.0,70.3,24.1,48.92,30.94,48.42
6158601751,(주)엘앤지,2018,성숙기,0,56.96,0.0,92.35,49.91,24.34,42.6
6158601751,(주)엘앤지,2019,성숙기,0,44.21,0.0,100.0,51.55,1.56,36.93
6158601751,(주)엘앤지,2020,성숙기,0,100.0,0.0,62.42,57.51,2.79,51.34
6158601799,주식회사대동알미늄,2015,성숙기,0,38.29,5.6,0.0,49.87,53.19,43.17
6158601799,주식회사대동알미늄,2016,성장기,1,35.48,2.2,19.68,58.38,64.57,57.0
6158603948,주식회사태진,2015,성장기,0,38.29,0.0,0.0,49.87,17.05,50.22
6158603948,주식회사태진,2016,성장기,0,35.48,2.2,19.68,46.84,95.24,93.81
6158603948,주식회사태진,2017,성장기,0,0.0,1.7,24.1,48.92,90.49,45.89
6158603948,주식회사태진,2018,성숙기,1,56.96,0.0,92.35,54.93,96.56,49.93
6158609210,티엠제이주식회사,2018,성장기,0,56.96,1.0,92.35,49.91,12.0,46.26
6158609210,티엠제이주식회사,2019,성장기,0,44.21,2.1,100.0,51.55,7.02,46.88
6158609210,티엠제이주식회사,2022,성장기,0,44.25,3.1,54.23,36.93,10.52,47.42
6158609210,티엠제이주식회사,2023,성장기,0,24.44,13.2,55.25,53.5,17.69,53.15
6158609210,티엠제이주식회사,2024,성장기,0,53.17,16.0,58.94,42.85,21.29,52.19
6158611899,대운메카텍(주),2015,성숙기,0,38.29,5.6,0.0,49.87,2.42,48.32
6158611899,대운메카텍(주),2016,조정기,0,35.48,33.5,19.68,46.84,64.68,85.09
6158614770,(주)대신에스엔씨,2019,성숙기,0,44.21,0.0,100.0,51.55,7.94,49.68
6158614770,(주)대신에스엔씨,2020,성장기,0,100.0,0.8,62.42,60.99,1.99,47.39
6158614770,(주)대신에스엔씨,2021,성장기,0,25.99,1.9,38.9,54.41,36.03,68.06
6158614770,(주)대신에스엔씨,2022,성장기,0,44.25,3.1,54.23,42.2,3.17,27.72
6158614770,(주)대신에스엔씨,2023,성장기,0,24.44,13.2,55.25,55.27,2.45,48.47
6158614770,(주)대신에스엔씨,2024,성숙기,0,53.17,0.0,58.94,46.49,3.74,50.97
6158616050,에프에프지디엠씨주식회사,2015,도입기,0,38.29,65.4,0.0,49.87,38.55,50.22
6158616050,에프에프지디엠씨주식회사,2016,도입기,0,35.48,82.9,19.68,46.84,87.77,77.84
6158616050,에프에프지디엠씨주식회사,2017,도입기,1,0.0,70.3,24.1,48.92,91.4,50.7
6168624344,(주)지에프아이,2019,성장기,0,44.21,2.1,100.0,51.55,6.46,49.68
6168624344,(주)지에프아이,2020,성장기,0,100.0,0.8,62.42,60.99,2.64,48.56
6168624344,(주)지에프아이,2021,성장기,0,25.99,1.9,38.9,54.41,0.74,47.8
6168624344,(주)지에프아이,2022,성숙기,0,44.25,0.0,54.23,14.01,3.53,49.0
6168624344,(주)지에프아이,2023,성숙기,0,24.44,0.0,55.25,30.63,0.65,47.22
6168624344,(주)지에프아이,2024,성숙기,0,53.17,0.0,58.94,17.36,0.21,50.02
6178116288,(주)에스피시스템스,2015,도입기,0,38.29,65.4,0.0,59.59,5.26,49.51
6178116288,(주)에스피시스템스,2016,성숙기,0,35.48,0.0,19.68,55.25,2.95,49.59
6178116288,(주)에스피시스템스,2017,성숙기,0,0.0,0.0,24.1,58.41,0.25,46.86
6178116288,(주)에스피시스템스,2018,성숙기,0,56.96,0.0,92.35,56.53,1.95,47.21
6178116288,(주)에스피시스템스,2019,도입기,0,44.21,58.1,100.0,45.64,18.79,59.06
6178116288,(주)에스피시스템스,2020,성숙기,0,100.0,0.0,62.42,66.21,20.99,51.85
6178116288,(주)에스피시스템스,2021,성장기,0,25.99,1.9,38.9,59.22,77.02,80.48
6178116288,(주)에스피시스템스,2022,성장기,0,44.25,3.1,54.23,39.57,6.1,4.96
6178116288,(주)에스피시스템스,2023,성장기,0,24.44,13.2,55.25,52.85,56.77,78.4
6178116288,(주)에스피시스템스,2024,성숙기,0,53.17,0.0,58.94,42.41,62.92,53.45
6178120161,(주)용문,2015,성숙기,0,38.29,5.6,0.0,52.22,0.77,50.22
6178120161,(주)용문,2016,성숙기,0,35.48,0.0,19.68,47.9,0.66,50.81
6178120161,(주)용문,2017,성숙기,0,0.0,0.0,24.1,49.66,5.23,51.04
6178120161,(주)용문,2018,도입기,0,56.96,75.8,92.35,49.28,36.29,63.83
6178120161,(주)용문,2019,도입기,0,44.21,58.1,100.0,49.86,1.75,30.34
6178120161,(주)용문,2020,성숙기,0,100.0,0.0,62.42,56.25,0.81,50.15
6178120161,(주)용문,2021,조정기,0,25.99,24.6,38.9,51.21,38.48,70.1
6178120161,(주)용문,2022,성숙기,0,44.25,0.0,54.23,34.17,5.09,27.38
6178120161,(주)용문,2023,성숙기,0,24.44,0.0,55.25,48.2,30.48,63.68
6178120161,(주)용문,2024,성숙기,0,53.17,0.0,58.94,38.82,5.35,36.29
6178137056,주식회사대일,2015,성장기,0,38.29,0.0,0.0,48.51,13.04,48.09
6178137056,주식회사대일,2016,도입기,0,35.48,82.9,19.68,45.65,19.93,54.63
6178137056,주식회사대일,2017,성숙기,0,0.0,0.0,24.1,46.32,18.07,47.39
6178137056,주식회사대일,2018,성숙기,0,56.96,0.0,92.35,47.56,16.73,45.54
6178137056,주식회사대일,2019,성숙기,0,44.21,0.0,100.0,49.79,20.39,51.67
6178137056,주식회사대일,2020,성숙기,0,100.0,0.0,62.42,59.05,11.06,45.51
6178137056,주식회사대일,2021,성장기,0,25.99,1.9,38.9,51.49,15.65,51.47
6178137056,주식회사대일,2022,조정기,0,44.25,26.1,54.23,35.05,22.33,51.1
6178137056,주식회사대일,2023,도입기,0,24.44,81.1,55.25,48.92,22.54,49.24
6178137056,주식회사대일,2024,성숙기,0,53.17,0.0,58.94,39.66,10.01,43.27
6178170754,한중대영공업주식회사,2019,성숙기,0,44.21,0.0,100.0,51.55,32.6,49.68
6178170754,한중대영공업주식회사,2020,조정기,0,100.0,22.0,62.42,60.99,3.97,34.89
6178170754,한중대영공업주식회사,2023,성장기,0,24.44,13.2,55.25,50.57,6.16,48.85
6178170754,한중대영공업주식회사,2024,조정기,0,53.17,27.2,58.94,37.74,34.15,65.68
6188122217,인더스트리얼테크놀로지앤서비스코리아주식회사,2015,성숙기,0,38.29,5.6,0.0,45.32,0.43,50.3
6188122217,인더스트리얼테크놀로지앤서비스코리아주식회사,2016,성숙기,0,35.48,0.0,19.68,56.5,0.19,50.74
6188122217,인더스트리얼테크놀로지앤서비스코리아주식회사,2017,성숙기,0,0.0,0.0,24.1,58.0,4.46,50.87
6188122217,인더스트리얼테크놀로지앤서비스코리아주식회사,2018,성숙기,0,56.96,0.0,92.35,53.52,0.54,44.05
6188122217,인더스트리얼테크놀로지앤서비스코리아주식회사,2019,성숙기,0,44.21,0.0,100.0,49.92,0.27,49.54
6188122217,인더스트리얼테크놀로지앤서비스코리아주식회사,2020,성숙기,0,100.0,0.0,62.42,61.46,1.09,51.11
6188122217,인더스트리얼테크놀로지앤서비스코리아주식회사,2021,성숙기,0,25.99,0.0,38.9,54.98,1.06,48.85
6188122217,인더스트리얼테크놀로지앤서비스코리아주식회사,2022,성숙기,0,44.25,0.0,54.23,37.21,1.16,47.43
6188122217,인더스트리얼테크놀로지앤서비스코리아주식회사,2023,성숙기,0,24.44,0.0,55.25,50.74,0.24,48.32
6188122217,인더스트리얼테크놀로지앤서비스코리아주식회사,2024,성숙기,0,53.17,0.0,58.94,40.98,53.18,79.48
6198106239,(주)유성정밀,2021,성장기,0,25.99,1.9,38.9,54.41,20.31,48.84
6198106239,(주)유성정밀,2022,성숙기,0,44.25,0.0,54.23,36.93,9.43,40.77
6198106239,(주)유성정밀,2023,성장기,0,24.44,13.2,55.25,50.57,22.23,56.41
6198106239,(주)유성정밀,2024,도입기,0,53.17,92.8,58.94,41.9,93.87,89.71
6208106879,(주)제일기계,2022,성숙기,0,44.25,0.0,54.23,36.93,6.61,47.42
6208106879,(주)제일기계,2023,성장기,0,24.44,13.2,55.25,50.57,1.59,46.01
6208106879,(주)제일기계,2024,조정기,0,53.17,27.2,58.94,40.55,5.52,52.42
6208107392,(주)대명엘리베이터,2015,성숙기,0,38.29,5.6,0.0,43.99,0.18,50.13
6208107392,(주)대명엘리베이터,2016,성숙기,0,35.48,0.0,19.68,45.13,0.46,51.02
6208107392,(주)대명엘리베이터,2017,성숙기,0,0.0,0.0,24.1,45.96,5.1,51.09
6208107392,(주)대명엘리베이터,2018,성숙기,0,56.96,0.0,92.35,47.97,39.79,65.88
6208107392,(주)대명엘리베이터,2019,조정기,0,44.21,25.7,100.0,56.9,61.99,61.91
6208107392,(주)대명엘리베이터,2020,성장기,0,100.0,0.8,62.42,65.2,1.82,17.53
6208107392,(주)대명엘리베이터,2021,조정기,0,25.99,24.6,38.9,48.61,50.71,76.43
6208107392,(주)대명엘리베이터,2022,도입기,0,44.25,70.4,54.23,32.88,46.68,44.41
6208107392,(주)대명엘리베이터,2023,도입기,0,24.44,81.1,55.25,47.17,37.75,44.23
6208107392,(주)대명엘리베이터,2024,도입기,0,53.17,92.8,58.94,36.57,67.26,66.41
6208109084,인성기공(주),2016,성숙기,0,35.48,0.0,19.68,46.84,3.97,51.01
6208109084,인성기공(주),2017,성장기,0,0.0,1.7,24.1,48.92,0.22,46.26
6208109084,인성기공(주),2018,성장기,0,56.96,1.0,92.35,49.91,0.03,46.15
6208109084,인성기공(주),2019,성장기,0,44.21,2.1,100.0,41.03,0.27,49.83
6208109084,인성기공(주),2020,성장기,0,100.0,0.8,62.42,63.91,0.62,50.85
6208109084,인성기공(주),2021,쇠퇴기,0,25.99,100.0,38.9,63.54,49.75,76.57
6208109084,인성기공(주),2022,쇠퇴기,0,44.25,100.0,54.23,44.98,41.54,41.97
6208109084,인성기공(주),2023,쇠퇴기,0,24.44,100.0,55.25,57.33,8.78,30.31
6208109084,인성기공(주),2024,조정기,0,53.17,27.2,58.94,45.29,11.82,51.91
6208109575,엠티코리아주식회사,2015,도입기,0,38.29,65.4,0.0,53.51,6.62,49.26
6208109575,엠티코리아주식회사,2016,성장기,0,35.48,2.2,19.68,46.72,15.26,55.61
6208109575,엠티코리아주식회사,2017,성장기,0,0.0,1.7,24.1,48.55,98.05,96.17
6208109575,엠티코리아주식회사,2018,성장기,0,56.96,1.0,92.35,46.54,78.52,35.46
6208109575,엠티코리아주식회사,2019,쇠퇴기,1,44.21,100.0,100.0,56.04,91.68,56.75
6208109901,(주)삼미기계,2015,쇠퇴기,0,38.29,100.0,0.0,49.87,30.1,50.22
6208109901,(주)삼미기계,2016,조정기,0,35.48,33.5,19.68,46.84,1.9,35.31
6208109901,(주)삼미기계,2017,도입기,0,0.0,70.3,24.1,48.92,5.89,50.72
6208109901,(주)삼미기계,2018,조정기,0,56.96,38.0,92.35,53.87,4.13,45.27
6208109901,(주)삼미기계,2019,성장기,0,44.21,2.1,100.0,51.64,0.88,47.87
6208109901,(주)삼미기계,2020,성장기,0,100.0,0.8,62.42,56.26,1.57,51.04
6208109901,(주)삼미기계,2021,성장기,0,25.99,1.9,38.9,48.43,3.22,49.79
6208109901,(주)삼미기계,2022,성장기,0,44.25,3.1,54.23,44.9,6.94,49.52
6208109901,(주)삼미기계,2023,성숙기,0,24.44,0.0,55.25,56.68,2.68,46.46
6208109901,(주)삼미기계,2024,도입기,0,53.17,92.8,58.94,44.95,5.62,51.88
6208110596,에이스로보텍(주),2016,성장기,0,35.48,2.2,19.68,46.84,3.35,51.01
6208110596,에이스로보텍(주),2017,성장기,0,0.0,1.7,24.1,48.92,2.54,47.95
6208110596,에이스로보텍(주),2018,성장기,0,56.96,1.0,92.35,49.91,83.12,91.83
6208112099,(주)대원산업,2015,성숙기,0,38.29,5.6,0.0,47.2,76.17,93.4
6208112099,(주)대원산업,2016,도입기,0,35.48,82.9,19.68,40.05,85.65,55.91
6208112099,(주)대원산업,2017,쇠퇴기,0,0.0,100.0,24.1,41.35,48.4,27.13
6208112099,(주)대원산업,2018,조정기,0,56.96,38.0,92.35,45.84,89.77,69.77
6208113744,주식회사한국정밀,2015,쇠퇴기,1,38.29,100.0,0.0,49.9,97.57,51.51
6208116834,주식회사티에스피,2015,조정기,0,38.29,28.5,0.0,47.19,16.38,48.08
6208116834,주식회사티에스피,2016,도입기,0,35.48,82.9,19.68,46.08,19.23,52.4
6208116834,주식회사티에스피,2017,쇠퇴기,0,0.0,100.0,24.1,47.18,44.75,63.16
6208116834,주식회사티에스피,2018,조정기,0,56.96,38.0,92.35,47.13,84.6,68.91
6208116834,주식회사티에스피,2019,조정기,1,44.21,25.7,100.0,46.06,58.13,34.67
6208124218,(주)나재,2015,성장기,0,38.29,0.0,0.0,54.21,7.72,49.17
6208124218,(주)나재,2016,도입기,0,35.48,82.9,19.68,37.65,26.74,61.31
6208124218,(주)나재,2017,성숙기,0,0.0,0.0,24.1,39.2,18.22,43.56
6208124218,(주)나재,2018,성숙기,0,56.96,0.0,92.35,47.18,8.36,40.72
6208124218,(주)나재,2019,성숙기,0,44.21,0.0,100.0,43.68,17.41,54.7
6208124218,(주)나재,2020,도입기,0,100.0,68.6,62.42,63.61,90.76,90.96
6208125288,주식회사아이셈,2015,성장기,0,38.29,0.0,0.0,49.87,15.07,39.03
6208125288,주식회사아이셈,2016,성장기,0,35.48,2.2,19.68,46.84,61.5,76.36
6208125288,주식회사아이셈,2017,성장기,0,0.0,1.7,24.1,50.56,69.02,52.88
6208125288,주식회사아이셈,2018,성숙기,0,56.96,0.0,92.35,50.12,27.83,23.14
6208125288,주식회사아이셈,2022,성숙기,0,44.25,0.0,54.23,29.5,68.82,47.42
6208125288,주식회사아이셈,2023,성숙기,0,24.44,0.0,55.25,36.5,8.29,14.5
6208125288,주식회사아이셈,2024,성장기,0,53.17,16.0,58.94,42.79,2.1,46.82
6208125880,유명엔지니어링(주),2015,성숙기,0,38.29,5.6,0.0,49.87,0.14,46.08
6208125880,유명엔지니어링(주),2016,성숙기,0,35.48,0.0,19.68,46.84,0.47,51.06
6208125880,유명엔지니어링(주),2017,성숙기,0,0.0,0.0,24.1,51.36,55.79,80.3
6208125880,유명엔지니어링(주),2018,조정기,0,56.96,38.0,92.35,51.05,27.19,30.22
6208125880,유명엔지니어링(주),2019,성장기,0,44.21,2.1,100.0,50.1,46.02,60.08
6208125880,유명엔지니어링(주),2020,조정기,0,100.0,22.0,62.42,55.57,26.57,39.93
6208125880,유명엔지니어링(주),2021,성숙기,0,25.99,0.0,38.9,50.63,33.45,52.78
6208125880,유명엔지니어링(주),2022,쇠퇴기,0,44.25,100.0,54.23,33.54,54.69,59.4
6208125880,유명엔지니어링(주),2023,성장기,0,24.44,13.2,55.25,47.78,48.05,45.66
6208125880,유명엔지니어링(주),2024,성숙기,0,53.17,0.0,58.94,38.75,0.46,23.83
6208138478,(주)대명티에스,2015,성장기,0,38.29,0.0,0.0,49.87,1.41,48.13
6208138478,(주)대명티에스,2016,성숙기,0,35.48,0.0,19.68,57.47,0.08,50.14
6208138478,(주)대명티에스,2017,도입기,0,0.0,70.3,24.1,54.76,5.08,51.29
6208138478,(주)대명티에스,2018,성장기,0,56.96,1.0,92.35,53.27,0.54,43.7
6208138478,(주)대명티에스,2019,성숙기,0,44.21,0.0,100.0,52.11,6.76,53.15
6208138478,(주)대명티에스,2020,조정기,0,100.0,22.0,62.42,62.55,2.62,48.39
6208138478,(주)대명티에스,2021,성숙기,0,25.99,0.0,38.9,56.14,21.39,59.45
6208138478,(주)대명티에스,2022,성숙기,0,44.25,0.0,54.23,35.56,7.64,39.08
6208138478,(주)대명티에스,2023,성숙기,0,24.44,0.0,55.25,49.42,4.85,47.32
6208138478,(주)대명티에스,2024,도입기,0,53.17,92.8,58.94,39.21,7.83,51.89
6208138876,주식회사아이플랜트,2016,성숙기,0,35.48,0.0,19.68,46.84,6.96,51.01
6208138876,주식회사아이플랜트,2017,도입기,0,0.0,70.3,24.1,48.92,32.22,62.99
6208138876,주식회사아이플랜트,2018,성장기,0,56.96,1.0,92.35,49.91,15.22,36.72
6208138876,주식회사아이플랜트,2019,쇠퇴기,0,44.21,100.0,100.0,33.46,7.02,45.07
6208138876,주식회사아이플랜트,2020,성숙기,0,100.0,0.0,62.42,59.85,15.1,55.1
6208138876,주식회사아이플랜트,2021,성숙기,0,25.99,0.0,38.9,53.93,21.57,52.53
6208138876,주식회사아이플랜트,2022,성숙기,0,44.25,0.0,54.23,30.7,4.11,36.9
6208138876,주식회사아이플랜트,2023,성숙기,0,24.44,0.0,55.25,45.45,1.1,47.15
6208138876,주식회사아이플랜트,2024,성숙기,0,53.17,0.0,58.94,36.09,1.79,50.64
6208139138,피알캠주식회사,2015,성장기,0,38.29,0.0,0.0,49.87,10.38,50.22
6208139138,피알캠주식회사,2016,도입기,0,35.48,82.9,19.68,46.84,19.46,55.84
6208139138,피알캠주식회사,2017,성장기,0,0.0,1.7,24.1,48.92,85.6,86.58
6208148980,(주)엠멕,2019,조정기,0,44.21,25.7,100.0,51.55,3.64,49.68
6208148980,(주)엠멕,2020,성장기,0,100.0,0.8,62.42,60.99,1.72,49.6
6208148980,(주)엠멕,2021,성장기,0,25.99,1.9,38.9,54.41,0.83,48.37
6208148980,(주)엠멕,2022,성장기,0,44.25,3.1,54.23,36.33,4.32,49.41
6208148980,(주)엠멕,2023,성장기,0,24.44,13.2,55.25,49.94,1.82,47.45
6208148980,(주)엠멕,2024,성장기,0,53.17,16.0,58.94,39.69,18.24,59.32
6208155555,(주)아이엔티,2016,성장기,0,35.48,2.2,19.68,46.84,3.32,51.01
6208155555,(주)아이엔티,2017,조정기,0,0.0,35.9,24.1,48.92,7.5,50.83
6208155555,(주)아이엔티,2018,성장기,0,56.96,1.0,92.35,49.91,0.29,42.2
6208155555,(주)아이엔티,2019,성숙기,0,44.21,0.0,100.0,37.34,1.43,50.32
6208155555,(주)아이엔티,2020,성장기,0,100.0,0.8,62.42,58.26,51.33,78.09
6208155555,(주)아이엔티,2021,성장기,0,25.99,1.9,38.9,48.95,9.43,25.32
6208155555,(주)아이엔티,2022,성장기,0,44.25,3.1,54.23,32.39,16.62,51.47
6208155555,(주)아이엔티,2023,성장기,0,24.44,13.2,55.25,46.84,3.37,41.35
6208155555,(주)아이엔티,2024,성장기,0,53.17,16.0,58.94,36.69,16.92,57.73
6208600147,주식회사제일에프에이,2017,도입기,0,0.0,70.3,24.1,48.92,4.87,48.42
6208600147,주식회사제일에프에이,2018,성숙기,0,56.96,0.0,92.35,49.91,32.3,61.78
6208600147,주식회사제일에프에이,2019,도입기,0,44.21,58.1,100.0,51.55,8.5,36.34
6208600147,주식회사제일에프에이,2020,성장기,0,100.0,0.8,62.42,56.65,9.33,51.11
6208600147,주식회사제일에프에이,2021,조정기,0,25.99,24.6,38.9,55.7,92.49,95.76
6208600147,주식회사제일에프에이,2022,성장기,0,44.25,3.1,54.23,31.54,31.19,10.4
6208600147,주식회사제일에프에이,2023,도입기,0,24.44,81.1,55.25,47.13,15.57,40.15
6208600147,주식회사제일에프에이,2024,성숙기,0,53.17,0.0,58.94,38.21,52.44,70.55
6218101616,동양체인공업(주),2016,성장기,0,35.48,2.2,19.68,46.84,5.09,51.01
6218101616,동양체인공업(주),2017,도입기,0,0.0,70.3,24.1,48.92,5.83,48.85
6218101616,동양체인공업(주),2018,도입기,0,56.96,75.8,92.35,49.91,8.34,47.68
6218101616,동양체인공업(주),2019,도입기,0,44.21,58.1,100.0,49.64,10.14,50.67
6218101616,동양체인공업(주),2020,도입기,0,100.0,68.6,62.42,59.44,45.38,70.02
6218101616,동양체인공업(주),2021,성장기,0,25.99,1.9,38.9,55.02,59.49,56.89
6218101616,동양체인공업(주),2022,성숙기,0,44.25,0.0,54.23,40.34,12.97,19.44
6218101616,동양체인공업(주),2023,도입기,0,24.44,81.1,55.25,53.23,35.45,62.08
6218101616,동양체인공업(주),2024,성숙기,0,53.17,0.0,58.94,42.97,23.75,43.68
6218103778,(주)유니웰,2015,조정기,0,38.29,28.5,0.0,42.0,0.16,50.16
6218103778,(주)유니웰,2016,성숙기,0,35.48,0.0,19.68,46.28,0.05,50.81
6218103778,(주)유니웰,2017,성숙기,0,0.0,0.0,24.1,47.32,0.07,48.42
6218103778,(주)유니웰,2018,성숙기,0,56.96,0.0,92.35,50.64,3.06,47.94
6218103778,(주)유니웰,2019,성숙기,0,44.21,0.0,100.0,54.57,0.1,48.03
6218103778,(주)유니웰,2020,성숙기,0,100.0,0.0,62.42,59.91,0.64,50.96
6218103778,(주)유니웰,2021,성숙기,0,25.99,0.0,38.9,54.38,6.23,52.01
6218103778,(주)유니웰,2022,쇠퇴기,0,44.25,100.0,54.23,34.04,4.89,46.52
6218103778,(주)유니웰,2023,성숙기,0,24.44,0.0,55.25,48.21,0.3,46.24
6218103778,(주)유니웰,2024,성장기,0,53.17,16.0,58.94,37.72,0.13,50.17
6218104549,제일E&S주식회사,2015,쇠퇴기,0,38.29,100.0,0.0,49.47,31.77,44.42
6218104549,제일E&S주식회사,2016,성숙기,0,35.48,0.0,19.68,54.61,27.48,48.44
6218104549,제일E&S주식회사,2017,성숙기,0,0.0,0.0,24.1,55.78,45.21,58.7
6218104549,제일E&S주식회사,2018,성숙기,0,56.96,0.0,92.35,53.97,22.82,33.71
6218104549,제일E&S주식회사,2019,성숙기,0,44.21,0.0,100.0,51.22,18.53,47.23
6218104549,제일E&S주식회사,2020,성장기,0,100.0,0.8,62.42,61.55,54.75,70.55
6218104549,제일E&S주식회사,2021,성장기,0,25.99,1.9,38.9,55.33,44.03,42.91
6218104549,제일E&S주식회사,2022,성장기,0,44.25,3.1,54.23,37.12,36.41,42.38
6218104549,제일E&S주식회사,2023,조정기,0,24.44,24.8,55.25,50.8,6.15,31.7
6218104549,제일E&S주식회사,2024,조정기,0,53.17,27.2,58.94,40.56,0.58,47.17
6218104592,(주)종합정밀,2015,성숙기,0,38.29,5.6,0.0,52.08,32.71,68.04
6218104592,(주)종합정밀,2016,성숙기,0,35.48,0.0,19.68,46.94,3.4,34.69
6218104592,(주)종합정밀,2017,조정기,0,0.0,35.9,24.1,49.53,2.68,48.0
6218104592,(주)종합정밀,2018,성장기,0,56.96,1.0,92.35,50.14,30.46,61.97
6218104592,(주)종합정밀,2019,성장기,0,44.21,2.1,100.0,48.75,0.63,32.98
6218104592,(주)종합정밀,2020,성장기,0,100.0,0.8,62.42,57.0,0.37,50.52
6218104592,(주)종합정밀,2021,성장기,0,25.99,1.9,38.9,51.35,1.61,49.56
6218104592,(주)종합정밀,2022,성숙기,0,44.25,0.0,54.23,34.6,0.29,46.59
6218104592,(주)종합정밀,2023,성숙기,0,24.44,0.0,55.25,48.69,0.34,48.88
6218104592,(주)종합정밀,2024,성숙기,0,53.17,0.0,58.94,38.42,0.3,50.24
6218104608,(주)종합기계,2015,쇠퇴기,0,38.29,100.0,0.0,43.98,14.83,45.42
6218104608,(주)종합기계,2016,성숙기,0,35.48,0.0,19.68,37.53,0.35,42.88
6218104608,(주)종합기계,2017,조정기,0,0.0,35.9,24.1,50.19,39.89,71.2
6218104608,(주)종합기계,2018,성장기,0,56.96,1.0,92.35,41.97,49.56,51.82
6218104608,(주)종합기계,2019,성장기,0,44.21,2.1,100.0,49.9,6.77,25.7
6218104608,(주)종합기계,2020,성장기,0,100.0,0.8,62.42,51.43,0.15,47.02
6218104608,(주)종합기계,2021,조정기,0,25.99,24.6,38.9,13.14,1.38,49.56
6218104608,(주)종합기계,2022,성숙기,0,44.25,0.0,54.23,2.52,1.16,47.24
6218104608,(주)종합기계,2023,성장기,0,24.44,13.2,55.25,21.53,4.76,50.95
6218104608,(주)종합기계,2024,성숙기,0,53.17,0.0,58.94,18.85,0.21,47.74
6218105344,주식회사한국유체기계,2015,성숙기,0,38.29,5.6,0.0,48.65,0.77,50.42
6218105344,주식회사한국유체기계,2016,성숙기,0,35.48,0.0,19.68,50.51,7.08,54.34
6218105344,주식회사한국유체기계,2017,성숙기,0,0.0,0.0,24.1,51.65,0.74,44.77
6218105344,주식회사한국유체기계,2018,성숙기,0,56.96,0.0,92.35,51.59,0.23,45.96
6218105344,주식회사한국유체기계,2019,성숙기,0,44.21,0.0,100.0,49.5,0.03,49.58
6218105344,주식회사한국유체기계,2020,성숙기,0,100.0,0.0,62.42,59.6,0.74,51.06
6218105344,주식회사한국유체기계,2022,성숙기,0,44.25,0.0,54.23,37.36,4.88,47.42
6218105344,주식회사한국유체기계,2023,성숙기,0,24.44,0.0,55.25,52.36,0.65,46.45
6218105344,주식회사한국유체기계,2024,조정기,0,53.17,27.2,58.94,41.99,1.32,50.63
6218106057,(주)한진산업,2015,성숙기,0,38.29,5.6,0.0,61.7,16.07,54.12
6218106057,(주)한진산업,2016,성장기,0,35.48,2.2,19.68,47.21,33.67,60.51
6218106057,(주)한진산업,2017,성숙기,0,0.0,0.0,24.1,43.9,6.08,32.59
6218106057,(주)한진산업,2018,성숙기,0,56.96,0.0,92.35,50.98,9.1,47.97
6218106057,(주)한진산업,2019,성숙기,0,44.21,0.0,100.0,54.03,1.11,45.21
6218106057,(주)한진산업,2020,성숙기,0,100.0,0.0,62.42,56.39,0.23,50.18
6218106057,(주)한진산업,2021,성숙기,0,25.99,0.0,38.9,50.36,0.86,49.22
6218106057,(주)한진산업,2022,성숙기,0,44.25,0.0,54.23,29.51,0.45,47.14
6218106057,(주)한진산업,2023,성숙기,0,24.44,0.0,55.25,44.35,0.18,48.69
6218106057,(주)한진산업,2024,성숙기,0,53.17,0.0,58.94,35.44,0.73,50.57
6218107003,(주)한독이엔지,2022,조정기,0,44.25,26.1,54.23,36.93,3.85,47.42
6218107003,(주)한독이엔지,2023,성숙기,0,24.44,0.0,55.25,50.57,0.72,47.07
6218107003,(주)한독이엔지,2024,성숙기,0,53.17,0.0,58.94,40.55,1.07,50.46
6218110755,서번산업엔지니어링(주),2015,도입기,0,38.29,65.4,0.0,49.87,5.73,53.31
6218110755,서번산업엔지니어링(주),2016,성장기,0,35.48,2.2,19.68,41.55,0.05,47.74
6218110755,서번산업엔지니어링(주),2017,조정기,0,0.0,35.9,24.1,45.42,10.93,54.68
6218110755,서번산업엔지니어링(주),2018,도입기,0,56.96,75.8,92.35,45.71,7.28,44.22
6218110755,서번산업엔지니어링(주),2019,성장기,0,44.21,2.1,100.0,51.55,0.13,45.68
6218110755,서번산업엔지니어링(주),2020,성장기,0,100.0,0.8,62.42,59.11,4.21,52.91
6218110755,서번산업엔지니어링(주),2021,성장기,0,25.99,1.9,38.9,50.4,8.3,51.18
6218110755,서번산업엔지니어링(주),2022,조정기,0,44.25,26.1,54.23,34.94,16.34,51.98
6218110755,서번산업엔지니어링(주),2023,조정기,0,24.44,24.8,55.25,48.75,2.26,40.86
6218110755,서번산업엔지니어링(주),2024,조정기,0,53.17,27.2,58.94,38.84,0.23,49.14
6218111943,동은밸브(주),2015,성장기,0,38.29,0.0,0.0,37.74,5.72,50.0
6218111943,동은밸브(주),2016,조정기,0,35.48,33.5,19.68,39.09,73.16,87.93
6218111943,동은밸브(주),2017,쇠퇴기,0,0.0,100.0,24.1,39.46,87.28,56.72
6218111943,동은밸브(주),2018,성숙기,0,56.96,0.0,92.35,42.12,22.26,9.71
6218111943,동은밸브(주),2019,쇠퇴기,0,44.21,100.0,100.0,45.84,7.61,41.46
6218111943,동은밸브(주),2020,성장기,0,100.0,0.8,62.42,56.26,5.64,49.57
6218111943,동은밸브(주),2021,성숙기,0,25.99,0.0,38.9,51.05,12.79,52.91
6218111943,동은밸브(주),2022,쇠퇴기,0,44.25,100.0,54.23,33.93,23.01,53.2
6218111943,동은밸브(주),2023,성장기,0,24.44,13.2,55.25,48.06,10.12,41.63
6218111943,동은밸브(주),2024,조정기,0,53.17,27.2,58.94,38.52,3.68,46.68
6218113956,동보체인공업주식회사,2015,조정기,0,38.29,28.5,0.0,51.19,8.7,53.9
6218113956,동보체인공업주식회사,2016,성숙기,0,35.48,0.0,19.68,51.3,3.32,47.89
6218113956,동보체인공업주식회사,2017,도입기,0,0.0,70.3,24.1,53.17,42.4,70.95
6218113956,동보체인공업주식회사,2018,성숙기,0,56.96,0.0,92.35,51.67,36.36,42.95
6218113956,동보체인공업주식회사,2019,도입기,0,44.21,58.1,100.0,49.97,37.11,49.98
6218113956,동보체인공업주식회사,2020,성장기,0,100.0,0.8,62.42,59.35,71.77,69.67
6218113956,동보체인공업주식회사,2021,쇠퇴기,0,25.99,100.0,38.9,53.92,78.79,52.94
6218113956,동보체인공업주식회사,2022,성숙기,1,44.25,0.0,54.23,37.6,54.63,32.29
6218114256,주식회사신신기계,2015,성숙기,0,38.29,5.6,0.0,47.76,0.89,50.23
6218114256,주식회사신신기계,2016,성숙기,0,35.48,0.0,19.68,41.25,14.75,58.49
6218114256,주식회사신신기계,2017,성숙기,0,0.0,0.0,24.1,42.4,31.14,57.9
6218114256,주식회사신신기계,2018,도입기,0,56.96,75.8,92.35,45.16,69.57,68.06
6218114256,주식회사신신기계,2019,도입기,0,44.21,58.1,100.0,49.44,63.78,46.23
6218114256,주식회사신신기계,2020,성숙기,0,100.0,0.0,62.42,47.75,0.14,15.62
6218114256,주식회사신신기계,2021,성숙기,0,25.99,0.0,38.9,48.98,5.26,51.75
6218114256,주식회사신신기계,2022,성숙기,0,44.25,0.0,54.23,32.5,0.12,44.31
6218114256,주식회사신신기계,2023,성숙기,0,24.44,0.0,55.25,46.82,0.1,48.84
6218114256,주식회사신신기계,2024,성숙기,0,53.17,0.0,58.94,37.59,0.16,50.3
6218114483,와이엠양산기공주식회사,2015,성숙기,0,38.29,5.6,0.0,49.13,6.72,53.66
6218114483,와이엠양산기공주식회사,2016,성숙기,0,35.48,0.0,19.68,45.11,0.51,47.45
6218114483,와이엠양산기공주식회사,2017,조정기,0,0.0,35.9,24.1,45.69,14.61,56.54
6218114483,와이엠양산기공주식회사,2018,조정기,0,56.96,38.0,92.35,45.74,16.64,47.44
6218114483,와이엠양산기공주식회사,2019,조정기,0,44.21,25.7,100.0,48.79,17.23,49.97
6218114483,와이엠양산기공주식회사,2023,조정기,0,24.44,24.8,55.25,44.35,28.78,48.85
6218114483,와이엠양산기공주식회사,2024,조정기,0,53.17,27.2,58.94,34.7,1.02,34.84
6218120646,주식회사건세고압,2015,성장기,0,38.29,0.0,0.0,41.97,1.16,49.92
6218120646,주식회사건세고압,2016,성장기,0,35.48,2.2,19.68,45.32,1.56,51.09
6218120646,주식회사건세고압,2017,성장기,0,0.0,1.7,24.1,47.89,91.04,100.0
6218120646,주식회사건세고압,2018,성장기,0,56.96,1.0,92.35,43.85,82.82,41.84
6218120646,주식회사건세고압,2019,조정기,0,44.21,25.7,100.0,32.83,0.22,3.44
6218120646,주식회사건세고압,2020,조정기,0,100.0,22.0,62.42,52.64,1.04,51.12
6218120646,주식회사건세고압,2021,조정기,0,25.99,24.6,38.9,53.51,53.62,78.51
6218120646,주식회사건세고압,2022,조정기,0,44.25,26.1,54.23,35.33,30.81,33.38
6218120646,주식회사건세고압,2023,도입기,0,24.44,81.1,55.25,49.31,4.49,33.92
6218120646,주식회사건세고압,2024,조정기,0,53.17,27.2,58.94,39.66,0.13,47.84
6218120739,형제기계공업(주),2015,성장기,0,38.29,0.0,0.0,69.03,56.99,62.3
6218120739,형제기계공업(주),2016,쇠퇴기,0,35.48,100.0,19.68,44.66,93.46,70.78
6218120739,형제기계공업(주),2017,성숙기,0,0.0,0.0,24.1,47.07,9.1,0.0
6218120739,형제기계공업(주),2018,도입기,0,56.96,75.8,92.35,52.23,61.61,75.97
6218120739,형제기계공업(주),2019,도입기,0,44.21,58.1,100.0,54.73,93.02,66.96
6218120739,형제기계공업(주),2020,도입기,0,100.0,68.6,62.42,68.82,94.18,51.21
6218120739,형제기계공업(주),2021,도입기,1,25.99,71.8,38.9,65.01,82.92,42.67
6218122697,태연기계주식회사,2015,쇠퇴기,0,38.29,100.0,0.0,48.61,39.21,19.41
6218122815,(주)톱텍,2015,성숙기,0,38.29,5.6,0.0,63.61,0.47,47.24
6218122815,(주)톱텍,2016,성숙기,0,35.48,0.0,19.68,59.4,0.14,50.69
6218122815,(주)톱텍,2017,성숙기,0,0.0,0.0,24.1,64.11,0.54,48.64
6218122815,(주)톱텍,2018,조정기,0,56.96,38.0,92.35,73.36,18.12,56.2
6218122815,(주)톱텍,2019,도입기,0,44.21,58.1,100.0,81.62,76.79,82.28
6218122815,(주)톱텍,2020,도입기,0,100.0,68.6,62.42,82.99,5.13,11.2
6218122815,(주)톱텍,2021,도입기,0,25.99,71.8,38.9,59.52,72.33,86.76
6218122815,(주)톱텍,2022,도입기,0,44.25,70.4,54.23,30.27,2.74,5.79
6218122815,(주)톱텍,2023,도입기,0,24.44,81.1,55.25,45.43,5.16,50.29
6218122815,(주)톱텍,2024,조정기,0,53.17,27.2,58.94,35.81,8.65,52.17
6218132123,그린컨기술(주),2015,성장기,0,38.29,0.0,0.0,49.87,30.91,50.22
6218132123,그린컨기술(주),2016,성장기,0,35.48,2.2,19.68,46.84,73.65,74.3
6218132123,그린컨기술(주),2017,성장기,0,0.0,1.7,24.1,48.92,21.75,18.66
6218132123,그린컨기술(주),2018,조정기,0,56.96,38.0,92.35,51.29,91.22,85.59
6218132123,그린컨기술(주),2019,성숙기,0,44.21,0.0,100.0,54.68,26.11,13.14
6218136570,주식회사생,2015,조정기,0,38.29,28.5,0.0,41.53,75.03,84.5
6218136570,주식회사생,2016,쇠퇴기,0,35.48,100.0,19.68,51.5,93.15,60.66
6218136570,주식회사생,2017,조정기,0,0.0,35.9,24.1,49.73,17.45,4.99
6218136570,주식회사생,2018,조정기,0,56.96,38.0,92.35,56.65,92.03,88.47
6218136570,주식회사생,2019,조정기,0,44.21,25.7,100.0,59.97,56.27,29.48
6218137720,에이엠테크놀로지(주),2015,성장기,0,38.29,0.0,0.0,45.64,1.31,6.96
6218137720,에이엠테크놀로지(주),2016,성장기,0,35.48,2.2,19.68,57.83,37.94,71.0
6218137720,에이엠테크놀로지(주),2017,성장기,0,0.0,1.7,24.1,56.47,6.14,30.17
6218137720,에이엠테크놀로지(주),2018,성숙기,0,56.96,0.0,92.35,58.3,37.21,63.84
6218137720,에이엠테크놀로지(주),2019,성숙기,0,44.21,0.0,100.0,60.77,28.73,44.85
6218137720,에이엠테크놀로지(주),2020,성숙기,0,100.0,0.0,62.42,64.38,0.21,34.96
6218137720,에이엠테크놀로지(주),2021,성숙기,0,25.99,0.0,38.9,41.84,50.77,77.37
6218137720,에이엠테크놀로지(주),2022,도입기,0,44.25,70.4,54.23,24.05,12.45,24.35
6218137720,에이엠테크놀로지(주),2023,쇠퇴기,0,24.44,100.0,55.25,39.88,67.13,80.8
6218137720,에이엠테크놀로지(주),2024,조정기,0,53.17,27.2,58.94,32.74,2.86,14.56
6218140787,(주)유성엔지니어링,2020,성장기,0,100.0,0.8,62.42,60.99,17.92,50.67
6218140787,(주)유성엔지니어링,2021,성숙기,0,25.99,0.0,38.9,54.41,3.27,40.63
6218140787,(주)유성엔지니어링,2022,도입기,0,44.25,70.4,54.23,36.93,51.72,75.69
6218140787,(주)유성엔지니어링,2023,성숙기,0,24.44,0.0,55.25,51.77,2.62,20.93
6218140787,(주)유성엔지니어링,2024,조정기,0,53.17,27.2,58.94,40.9,7.09,52.72
6218141675,(주)지멕스,2015,성숙기,1,38.29,5.6,0.0,49.87,99.54,61.52
6218142150,주식회사태영이앤티,2018,성장기,0,56.96,1.0,92.35,49.91,10.43,46.26
6218142150,주식회사태영이앤티,2019,성숙기,0,44.21,0.0,100.0,51.55,7.3,47.91
6218142150,주식회사태영이앤티,2020,성숙기,0,100.0,0.0,62.42,60.99,1.9,47.69
6218142150,주식회사태영이앤티,2021,성숙기,0,25.99,0.0,38.9,52.88,0.63,48.15
6218142150,주식회사태영이앤티,2022,성숙기,0,44.25,0.0,54.23,36.99,0.31,47.19
6218142150,주식회사태영이앤티,2023,성숙기,0,24.44,0.0,55.25,50.48,0.24,48.81
6218142150,주식회사태영이앤티,2024,성숙기,0,53.17,0.0,58.94,40.51,2.17,51.33
6218144750,세광테크(주),2015,쇠퇴기,0,38.29,100.0,0.0,74.87,91.41,62.02
6218144750,세광테크(주),2016,쇠퇴기,0,35.48,100.0,19.68,53.18,7.24,4.4
6218145860,(주)윈윈,2015,성숙기,0,38.29,5.6,0.0,66.53,0.77,11.11
6218145860,(주)윈윈,2016,성장기,0,35.48,2.2,19.68,52.49,8.13,54.92
6218145860,(주)윈윈,2017,성숙기,0,0.0,0.0,24.1,49.87,34.9,63.86
6218145860,(주)윈윈,2018,도입기,0,56.96,75.8,92.35,46.72,70.05,66.22
6218145860,(주)윈윈,2019,성숙기,0,44.21,0.0,100.0,47.87,2.1,11.64
6218145860,(주)윈윈,2020,성장기,0,100.0,0.8,62.42,53.53,0.16,49.6
6218145860,(주)윈윈,2021,쇠퇴기,0,25.99,100.0,38.9,45.05,28.33,64.75
6218145860,(주)윈윈,2022,조정기,0,44.25,26.1,54.23,25.38,1.58,31.39
6218145860,(주)윈윈,2023,성장기,0,24.44,13.2,55.25,41.09,0.13,48.02
6218145860,(주)윈윈,2024,성숙기,0,53.17,0.0,58.94,31.47,0.06,50.23
6218146442,(주)상진,2015,성장기,0,38.29,0.0,0.0,49.87,9.87,50.22
6218146442,(주)상진,2016,조정기,0,35.48,33.5,19.68,46.84,12.87,52.5
6218146442,(주)상진,2017,도입기,0,0.0,70.3,24.1,40.19,22.13,53.78
6218146442,(주)상진,2018,성숙기,0,56.96,0.0,92.35,43.02,17.61,43.76
6218146442,(주)상진,2019,성장기,0,44.21,2.1,100.0,49.61,15.3,48.35
6218146442,(주)상진,2020,성장기,0,100.0,0.8,62.42,61.57,80.0,86.21
6218146442,(주)상진,2021,성장기,0,25.99,1.9,38.9,57.98,14.06,11.81
6218146442,(주)상진,2022,성숙기,0,44.25,0.0,54.23,61.69,35.29,59.63
6218146442,(주)상진,2023,성숙기,0,24.44,0.0,55.25,70.8,17.38,38.87
6218146442,(주)상진,2024,성숙기,0,53.17,0.0,58.94,57.86,12.27,47.38
6218146710,(주)에스비알,2015,성장기,0,38.29,0.0,0.0,57.17,37.72,56.69
6218146710,(주)에스비알,2016,도입기,0,35.48,82.9,19.68,58.76,97.06,83.4
6218146710,(주)에스비알,2017,조정기,0,0.0,35.9,24.1,60.84,86.06,42.3
6218158967,주식회사에이알티에스,2015,성숙기,0,38.29,5.6,0.0,49.87,5.91,48.1
6218158967,주식회사에이알티에스,2016,도입기,0,35.48,82.9,19.68,46.84,52.57,76.5
6218158967,주식회사에이알티에스,2017,쇠퇴기,0,0.0,100.0,24.1,54.49,48.18,46.0
6218158967,주식회사에이알티에스,2018,성장기,0,56.96,1.0,92.35,54.15,11.09,25.41
6218158967,주식회사에이알티에스,2019,도입기,0,44.21,58.1,100.0,50.92,12.8,50.61
6218158967,주식회사에이알티에스,2020,조정기,0,100.0,22.0,62.42,59.62,8.94,48.53
6218158967,주식회사에이알티에스,2021,도입기,0,25.99,71.8,38.9,53.35,23.97,57.35
6218158967,주식회사에이알티에스,2022,쇠퇴기,0,44.25,100.0,54.23,34.95,17.04,43.04
6218158967,주식회사에이알티에스,2023,성숙기,0,24.44,0.0,55.25,48.76,7.27,43.37
6218158967,주식회사에이알티에스,2024,도입기,0,53.17,92.8,58.94,39.02,12.72,53.25
6218161841,주식회사세광,2022,성장기,0,44.25,3.1,54.23,36.93,3.45,47.42
6218161841,주식회사세광,2023,성장기,0,24.44,13.2,55.25,50.57,2.3,48.22
6218161841,주식회사세광,2024,성장기,0,53.17,16.0,58.94,40.55,0.62,49.33
6218162952,주식회사케이에스지기술환경,2021,성장기,0,25.99,1.9,38.9,54.41,7.18,48.84
6218162952,주식회사케이에스지기술환경,2022,조정기,0,44.25,26.1,54.23,36.93,17.41,53.28
6218162952,주식회사케이에스지기술환경,2023,성장기,0,24.44,13.2,55.25,50.57,7.02,43.02
6218162952,주식회사케이에스지기술환경,2024,성장기,0,53.17,16.0,58.94,36.95,24.85,60.08
6218163534,(주)지엔테크,2018,도입기,0,56.96,75.8,92.35,49.91,38.36,46.26
6218163534,(주)지엔테크,2019,도입기,0,44.21,58.1,100.0,51.55,21.65,40.26
6218163534,(주)지엔테크,2020,도입기,0,100.0,68.6,62.42,60.99,97.93,92.57
6218163534,(주)지엔테크,2021,도입기,0,25.99,71.8,38.9,59.08,98.14,49.14
6218171257,(주)제이이엔지,2018,성장기,0,56.96,1.0,92.35,49.91,4.59,46.26
6218171257,(주)제이이엔지,2019,성숙기,0,44.21,0.0,100.0,51.55,1.71,48.07
6218171257,(주)제이이엔지,2020,쇠퇴기,0,100.0,100.0,62.42,60.99,9.08,54.71
6218171257,(주)제이이엔지,2021,도입기,0,25.99,71.8,38.9,62.41,5.78,47.02
6218171257,(주)제이이엔지,2022,성숙기,0,44.25,0.0,54.23,57.38,1.34,44.71
6218171257,(주)제이이엔지,2023,성장기,0,24.44,13.2,55.25,75.32,2.69,49.65
6218171257,(주)제이이엔지,2024,성숙기,0,53.17,0.0,58.94,61.31,8.68,53.56
6218182787,주식회사놀시스템즈코리아,2022,성장기,0,44.25,3.1,54.23,36.93,35.03,47.42
6218182787,주식회사놀시스템즈코리아,2023,성장기,0,24.44,13.2,55.25,50.57,34.73,49.11
6218182787,주식회사놀시스템즈코리아,2024,성장기,0,53.17,16.0,58.94,40.55,24.56,44.53
6218186221,(주)코리아벨로우즈,2015,도입기,0,38.29,65.4,0.0,49.87,35.08,50.22
6218186221,(주)코리아벨로우즈,2016,성숙기,0,35.48,0.0,19.68,46.84,41.03,54.06
6218186221,(주)코리아벨로우즈,2017,성숙기,0,0.0,0.0,24.1,48.92,36.74,46.03
6218193187,주식회사고려필터,2017,도입기,0,0.0,70.3,24.1,48.92,14.31,48.42
6218193187,주식회사고려필터,2018,성숙기,0,56.96,0.0,92.35,49.91,45.03,63.66
6218193187,주식회사고려필터,2019,도입기,0,44.21,58.1,100.0,51.55,25.35,38.58
6218193187,주식회사고려필터,2021,쇠퇴기,0,25.99,100.0,38.9,51.73,31.0,48.84
6218193187,주식회사고려필터,2022,성숙기,0,44.25,0.0,54.23,35.31,98.2,86.31
6218196302,주식회사유선기어,2015,성장기,0,38.29,0.0,0.0,73.32,11.48,52.66
6218196302,주식회사유선기어,2016,성장기,0,35.48,2.2,19.68,37.32,10.03,50.05
6218196302,주식회사유선기어,2017,성숙기,0,0.0,0.0,24.1,37.44,9.89,48.35
6218196302,주식회사유선기어,2018,성숙기,0,56.96,0.0,92.35,38.84,10.3,46.51
6218196302,주식회사유선기어,2019,성숙기,0,44.21,0.0,100.0,46.95,9.22,49.06
6218196302,주식회사유선기어,2020,성숙기,0,100.0,0.0,62.42,58.07,7.86,49.91
6218196302,주식회사유선기어,2021,성숙기,0,25.99,0.0,38.9,53.52,7.0,48.39
6218196302,주식회사유선기어,2022,성숙기,0,44.25,0.0,54.23,36.49,8.36,48.09
6218196302,주식회사유선기어,2023,성숙기,0,24.44,0.0,55.25,50.03,8.26,48.89
6218196302,주식회사유선기어,2024,성숙기,0,53.17,0.0,58.94,40.11,5.72,48.84
6218198538,주식회사엠에스티,2015,성장기,0,38.29,0.0,0.0,49.87,13.06,55.53
6218198538,주식회사엠에스티,2016,성장기,0,35.48,2.2,19.68,42.6,10.3,49.33
6218198538,주식회사엠에스티,2017,성장기,0,0.0,1.7,24.1,45.95,59.58,76.85
6218198538,주식회사엠에스티,2018,성숙기,0,56.96,0.0,92.35,44.37,65.94,50.0
6218198538,주식회사엠에스티,2019,성숙기,0,44.21,0.0,100.0,50.39,45.51,38.09
6218198538,주식회사엠에스티,2020,성숙기,0,100.0,0.0,62.42,56.32,72.4,65.4
6218198538,주식회사엠에스티,2021,성장기,0,25.99,1.9,38.9,53.92,72.81,49.21
6218198538,주식회사엠에스티,2022,쇠퇴기,1,44.25,100.0,54.23,31.39,60.73,39.43
6228103072,범한산업(주),2015,성장기,0,38.29,0.0,0.0,50.1,7.17,50.89
6228103072,범한산업(주),2016,성장기,0,35.48,2.2,19.68,52.62,5.23,49.79
6228103072,범한산업(주),2017,성장기,0,0.0,1.7,24.1,57.51,15.19,54.16
6228103072,범한산업(주),2018,성장기,0,56.96,1.0,92.35,55.43,15.35,46.38
6228103072,범한산업(주),2019,도입기,0,44.21,58.1,100.0,56.29,18.45,51.37
6228103072,범한산업(주),2020,쇠퇴기,0,100.0,100.0,62.42,64.58,46.33,65.97
6228103072,범한산업(주),2021,도입기,0,25.99,71.8,38.9,65.49,49.57,50.76
6228103072,범한산업(주),2022,도입기,0,44.25,70.4,54.23,44.13,65.14,55.89
6228103072,범한산업(주),2023,도입기,0,24.44,81.1,55.25,56.48,55.12,43.83
6228103072,범한산업(주),2024,도입기,1,53.17,92.8,58.94,44.91,51.1,47.84
6228104595,주식회사한양공업,2015,성숙기,0,38.29,5.6,0.0,61.82,3.37,50.71
6228104595,주식회사한양공업,2016,성숙기,0,35.48,0.0,19.68,49.81,73.78,89.56
6228104595,주식회사한양공업,2017,성숙기,0,0.0,0.0,24.1,52.01,1.97,7.19
6228104595,주식회사한양공업,2018,성숙기,0,56.96,0.0,92.35,53.06,2.74,46.69
6228104595,주식회사한양공업,2019,성숙기,0,44.21,0.0,100.0,50.45,81.19,93.34
6228104595,주식회사한양공업,2022,성장기,0,44.25,3.1,54.23,44.99,12.9,47.42
6228104595,주식회사한양공업,2023,성장기,0,24.44,13.2,55.25,58.22,25.67,56.44
6228104595,주식회사한양공업,2024,성장기,0,53.17,16.0,58.94,45.86,83.45,82.05
6228108951,부산피팅,2015,쇠퇴기,0,38.29,100.0,0.0,49.87,32.13,29.83
6228108951,부산피팅,2016,쇠퇴기,0,35.48,100.0,19.68,40.22,88.48,81.77
6228108951,부산피팅,2017,쇠퇴기,0,0.0,100.0,24.1,43.86,87.36,47.97
6228108951,부산피팅,2018,쇠퇴기,0,56.96,100.0,92.35,43.55,21.65,9.32
6228108951,부산피팅,2019,성숙기,0,44.21,0.0,100.0,33.3,2.41,38.91
6228108951,부산피팅,2020,성숙기,0,100.0,0.0,62.42,52.71,80.2,93.41
6228108951,부산피팅,2021,조정기,0,25.99,24.6,38.9,55.52,72.02,44.38
6228108951,부산피팅,2022,조정기,0,44.25,26.1,54.23,36.66,8.11,9.12
6228108951,부산피팅,2023,조정기,0,24.44,24.8,55.25,50.39,2.12,45.46
6228108951,부산피팅,2024,성숙기,0,53.17,0.0,58.94,40.64,0.21,49.2
6228110025,삼성금속주식회사,2015,도입기,0,38.29,65.4,0.0,49.87,61.83,71.27
6228110025,삼성금속주식회사,2016,도입기,1,35.48,82.9,19.68,46.84,90.93,66.73
6228110156,주식회사해동산업,2015,조정기,0,38.29,28.5,0.0,72.09,59.83,83.22
6228110156,주식회사해동산업,2016,조정기,0,35.48,33.5,19.68,42.18,0.0,17.85
6228110156,주식회사해동산업,2017,조정기,0,0.0,35.9,24.1,51.35,0.07,48.45
6228110156,주식회사해동산업,2018,성숙기,0,56.96,0.0,92.35,54.45,10.35,52.07
6228110156,주식회사해동산업,2019,성숙기,0,44.21,0.0,100.0,61.7,44.73,68.79
6228110156,주식회사해동산업,2020,성숙기,0,100.0,0.0,62.42,65.18,67.47,63.11
6228110156,주식회사해동산업,2021,조정기,0,25.99,24.6,38.9,64.58,6.23,14.44
6228110156,주식회사해동산업,2022,조정기,0,44.25,26.1,54.23,52.21,1.04,44.27
6228110670,주식회사명성정밀,2015,성숙기,1,38.29,5.6,0.0,56.98,98.99,73.82
6228110869,(주)경영사,2015,성장기,0,38.29,0.0,0.0,49.87,88.72,96.33
6228110869,(주)경영사,2016,성장기,0,35.48,2.2,19.68,46.84,95.34,54.31
6228110869,(주)경영사,2017,쇠퇴기,0,0.0,100.0,24.1,50.81,42.87,18.38
6228110869,(주)경영사,2018,쇠퇴기,0,56.96,100.0,92.35,52.58,97.32,77.16
6228110869,(주)경영사,2019,쇠퇴기,0,44.21,100.0,100.0,59.76,93.93,47.47
6228111039,주식회사에이엔티,2016,성장기,0,35.48,2.2,19.68,46.84,1.3,51.01
6228111039,주식회사에이엔티,2017,성장기,0,0.0,1.7,24.1,48.92,5.82,51.02
6228111039,주식회사에이엔티,2018,성장기,0,56.96,1.0,92.35,49.91,11.33,49.38
6228111039,주식회사에이엔티,2019,성장기,0,44.21,2.1,100.0,56.53,6.57,47.01
6228111039,주식회사에이엔티,2020,성숙기,0,100.0,0.0,62.42,62.78,2.09,48.2
6228111039,주식회사에이엔티,2021,성숙기,0,25.99,0.0,38.9,56.12,8.72,52.6
6228111039,주식회사에이엔티,2022,성숙기,0,44.25,0.0,54.23,35.1,7.11,46.33
6228111039,주식회사에이엔티,2023,성숙기,0,24.44,0.0,55.25,49.15,2.96,46.52
6228111039,주식회사에이엔티,2024,성장기,0,53.17,16.0,58.94,39.67,13.68,56.17
6228111489,아스픽,2015,성장기,0,38.29,0.0,0.0,46.72,22.2,49.78
6228111489,아스픽,2016,성장기,0,35.48,2.2,19.68,44.94,24.0,51.81
6228111489,아스픽,2017,성장기,0,0.0,1.7,24.1,47.86,33.04,53.68
6228111489,아스픽,2018,성장기,0,56.96,1.0,92.35,47.85,31.35,45.38
6228111489,아스픽,2019,성장기,0,44.21,2.1,100.0,50.96,13.71,39.77
6228111489,아스픽,2020,성장기,0,100.0,0.8,62.42,60.5,94.59,95.1
6228111489,아스픽,2021,조정기,0,25.99,24.6,38.9,54.18,75.23,38.09
6228111489,아스픽,2022,쇠퇴기,1,44.25,100.0,54.23,34.94,61.35,38.35
6228113814,(주)삼우엔지니어링,2015,성숙기,0,38.29,5.6,0.0,67.14,1.05,50.09
6228113814,(주)삼우엔지니어링,2016,성숙기,0,35.48,0.0,19.68,49.27,4.75,52.9
6228113814,(주)삼우엔지니어링,2017,성숙기,0,0.0,0.0,24.1,53.6,0.43,45.93
6228113814,(주)삼우엔지니어링,2018,성숙기,0,56.96,0.0,92.35,54.02,0.22,46.13
6228113814,(주)삼우엔지니어링,2019,성숙기,0,44.21,0.0,100.0,55.41,0.6,49.91
6228113814,(주)삼우엔지니어링,2020,성숙기,0,100.0,0.0,62.42,64.6,0.09,50.38
6228113814,(주)삼우엔지니어링,2021,성숙기,0,25.99,0.0,38.9,62.36,0.23,48.94
6228113814,(주)삼우엔지니어링,2022,성숙기,0,44.25,0.0,54.23,44.78,0.54,47.56
6228113814,(주)삼우엔지니어링,2023,조정기,0,24.44,24.8,55.25,57.27,5.96,52.01
6228113814,(주)삼우엔지니어링,2024,성숙기,0,53.17,0.0,58.94,46.97,7.05,50.85
6228113871,(주)신효,2015,조정기,0,38.29,28.5,0.0,45.98,58.41,43.56
6228113871,(주)신효,2016,조정기,0,35.48,33.5,19.68,40.06,22.93,31.24
6228113871,(주)신효,2017,조정기,0,0.0,35.9,24.1,42.16,90.63,87.49
6228113871,(주)신효,2018,조정기,0,56.96,38.0,92.35,42.3,91.4,46.92
6228116183,코리아정공(주),2017,성숙기,0,0.0,0.0,24.1,48.92,13.29,48.42
6228116183,코리아정공(주),2018,성장기,0,56.96,1.0,92.35,49.91,38.54,60.57
6228116183,코리아정공(주),2019,성장기,0,44.21,2.1,100.0,51.55,16.01,37.02
6228116183,코리아정공(주),2020,성장기,0,100.0,0.8,62.42,60.31,41.08,64.43
6228116183,코리아정공(주),2021,성장기,0,25.99,1.9,38.9,54.92,18.47,36.18
6228116183,코리아정공(주),2022,쇠퇴기,0,44.25,100.0,54.23,39.72,23.11,49.87
6228116183,코리아정공(주),2023,성장기,0,24.44,13.2,55.25,52.77,15.95,44.96
6228116183,코리아정공(주),2024,쇠퇴기,0,53.17,100.0,58.94,42.29,17.14,50.87
6228117047,(주)동아풍력,2021,성장기,0,25.99,1.9,38.9,54.41,3.26,48.84
6228117047,(주)동아풍력,2022,성장기,0,44.25,3.1,54.23,36.93,4.91,48.31
6228117047,(주)동아풍력,2023,성장기,0,24.44,13.2,55.25,50.57,0.05,46.08
6228117047,(주)동아풍력,2024,성장기,0,53.17,16.0,58.94,36.98,0.34,50.43
6228119216,용원기계공업주식회사,2015,조정기,0,38.29,28.5,0.0,39.76,19.08,57.67
6228119216,용원기계공업주식회사,2016,성숙기,0,35.48,0.0,19.68,43.52,0.0,40.34
6228119216,용원기계공업주식회사,2017,조정기,0,0.0,35.9,24.1,48.0,0.79,48.86
6228122313,한국밸브(주),2015,성장기,0,38.29,0.0,0.0,28.93,34.95,55.2
6228122313,한국밸브(주),2016,쇠퇴기,0,35.48,100.0,19.68,46.47,66.37,68.06
6228122313,한국밸브(주),2017,성숙기,0,0.0,0.0,24.1,47.51,59.09,44.37
6228122313,한국밸브(주),2018,조정기,0,56.96,38.0,92.35,49.85,49.67,41.07
6228122313,한국밸브(주),2019,성숙기,0,44.21,0.0,100.0,45.42,37.05,42.5
6228122313,한국밸브(주),2020,성숙기,0,100.0,0.0,62.42,60.54,60.45,63.48
6228122313,한국밸브(주),2021,성숙기,0,25.99,0.0,38.9,51.89,37.51,36.02
6228122313,한국밸브(주),2022,성장기,0,44.25,3.1,54.23,32.21,44.59,51.07
6228122313,한국밸브(주),2023,조정기,0,24.44,24.8,55.25,46.64,12.06,30.48
6228122313,한국밸브(주),2024,조정기,0,53.17,27.2,58.94,37.14,21.27,55.3
6228122540,(주)부마씨이,2015,도입기,0,38.29,65.4,0.0,49.87,91.59,84.73
6228122540,(주)부마씨이,2016,도입기,0,35.48,82.9,19.68,21.29,47.5,26.43
6228122540,(주)부마씨이,2017,조정기,0,0.0,35.9,24.1,34.64,5.04,24.04
6228122540,(주)부마씨이,2018,성장기,0,56.96,1.0,92.35,41.77,10.04,49.09
6228122540,(주)부마씨이,2019,성장기,0,44.21,2.1,100.0,59.72,18.7,54.48
6228122540,(주)부마씨이,2020,성장기,0,100.0,0.8,62.42,73.62,9.5,45.59
6228122540,(주)부마씨이,2021,조정기,0,25.99,24.6,38.9,58.42,67.99,81.85
6228122540,(주)부마씨이,2022,성장기,0,44.25,3.1,54.23,34.17,7.46,11.15
6228122540,(주)부마씨이,2023,도입기,0,24.44,81.1,55.25,48.35,92.14,98.19
6228122540,(주)부마씨이,2024,조정기,0,53.17,27.2,58.94,40.51,7.79,3.38
6228122647,(주)우성하이텍,2015,조정기,0,38.29,28.5,0.0,48.73,0.48,49.75
6228122647,(주)우성하이텍,2016,성숙기,0,35.48,0.0,19.68,51.18,0.08,50.65
6228122647,(주)우성하이텍,2017,성숙기,0,0.0,0.0,24.1,52.95,0.35,48.57
6228122647,(주)우성하이텍,2018,성숙기,0,56.96,0.0,92.35,52.71,0.49,46.33
6228122647,(주)우성하이텍,2019,성숙기,0,44.21,0.0,100.0,53.15,0.3,49.58
6228122647,(주)우성하이텍,2020,성숙기,0,100.0,0.0,62.42,59.65,0.16,50.59
6228122647,(주)우성하이텍,2021,성숙기,0,25.99,0.0,38.9,52.23,0.51,49.06
6228122647,(주)우성하이텍,2022,성숙기,0,44.25,0.0,54.23,35.37,34.94,67.52
6228122647,(주)우성하이텍,2023,성숙기,0,24.44,0.0,55.25,49.04,0.67,29.35
6228122647,(주)우성하이텍,2024,성숙기,0,53.17,0.0,58.94,39.21,0.67,50.26
6228123229,서광기연(주),2015,도입기,1,38.29,65.4,0.0,49.29,59.4,34.01
6228123568,하이닥트(주),2015,성숙기,0,38.29,5.6,0.0,44.51,6.08,53.53
6228123568,하이닥트(주),2016,성숙기,0,35.48,0.0,19.68,44.42,0.48,47.78
6228123568,하이닥트(주),2017,성숙기,0,0.0,0.0,24.1,45.56,0.8,48.59
6228123568,하이닥트(주),2018,성숙기,0,56.96,0.0,92.35,45.1,1.35,46.57
6228123568,하이닥트(주),2019,성숙기,0,44.21,0.0,100.0,52.02,0.65,49.3
6228123568,하이닥트(주),2020,성숙기,0,100.0,0.0,62.42,54.82,20.23,61.42
6228123568,하이닥트(주),2021,성숙기,0,25.99,0.0,38.9,52.03,13.93,45.35
6228123568,하이닥트(주),2022,성숙기,0,44.25,0.0,54.23,34.48,5.64,42.36
6228123568,하이닥트(주),2023,성숙기,0,24.44,0.0,55.25,48.98,8.05,50.32
6228123568,하이닥트(주),2024,성숙기,0,53.17,0.0,58.94,38.12,3.05,47.48
6248102588,아래스주식회사,2022,성숙기,0,44.25,0.0,54.23,36.93,3.74,47.42
6248102588,아래스주식회사,2023,조정기,0,24.44,24.8,55.25,50.57,0.57,47.05
6248102588,아래스주식회사,2024,조정기,0,53.17,27.2,58.94,40.55,0.63,50.3
6248801031,주식회사신화엠푸드,2020,성장기,0,100.0,0.8,62.42,60.99,4.18,50.67
6248801031,주식회사신화엠푸드,2021,성장기,0,25.99,1.9,38.9,54.41,0.22,46.63
6248801031,주식회사신화엠푸드,2022,성장기,0,44.25,3.1,54.23,36.93,0.71,47.67
6248801031,주식회사신화엠푸드,2023,성장기,0,24.44,13.2,55.25,52.83,42.51,73.17
6248801031,주식회사신화엠푸드,2024,쇠퇴기,0,53.17,100.0,58.94,39.98,44.22,51.05
6308600237,주식회사비알오,2021,성장기,0,25.99,1.9,38.9,54.41,15.2,48.84
6308600237,주식회사비알오,2022,성장기,0,44.25,3.1,54.23,36.93,22.17,51.28
6308600237,주식회사비알오,2023,성장기,0,24.44,13.2,55.25,50.57,92.07,89.78
6308600237,주식회사비알오,2024,도입기,0,53.17,92.8,58.94,38.79,40.67,21.57
6308800487,(주)서진하이텍,2019,조정기,0,44.21,25.7,100.0,51.55,21.48,49.68
6308800487,(주)서진하이텍,2020,성장기,0,100.0,0.8,62.42,60.99,75.04,80.08
6308800487,(주)서진하이텍,2021,성숙기,0,25.99,0.0,38.9,54.41,31.55,24.46
6308800487,(주)서진하이텍,2022,성숙기,0,44.25,0.0,54.23,36.83,36.28,49.77
6308800487,(주)서진하이텍,2023,성숙기,0,24.44,0.0,55.25,50.72,13.76,36.2
6308800487,(주)서진하이텍,2024,성숙기,0,53.17,0.0,58.94,39.59,7.22,46.61
6328100126,(주)휴텍,2018,성장기,0,56.96,1.0,92.35,49.91,4.73,46.26
6328100126,(주)휴텍,2019,쇠퇴기,0,44.21,100.0,100.0,51.55,9.22,52.18
6328100126,(주)휴텍,2020,성장기,0,100.0,0.8,62.42,60.99,1.21,46.25
6328100126,(주)휴텍,2021,성장기,0,25.99,1.9,38.9,46.92,5.89,51.5
6328100126,(주)휴텍,2022,성장기,0,44.25,3.1,54.23,32.58,0.57,44.2
6328100126,(주)휴텍,2023,성숙기,0,24.44,0.0,55.25,45.54,0.11,48.59
6328100126,(주)휴텍,2024,성숙기,0,53.17,0.0,58.94,36.97,36.21,70.18
6378101168,(주)대아엔지니어링,2018,쇠퇴기,0,56.96,100.0,92.35,49.91,19.52,46.26
6378101168,(주)대아엔지니어링,2019,성장기,0,44.21,2.1,100.0,,33.54,57.43
6378101168,(주)대아엔지니어링,2020,도입기,0,100.0,68.6,62.42,60.99,71.64,71.57
6378101168,(주)대아엔지니어링,2021,쇠퇴기,0,25.99,100.0,38.9,,73.34,49.94
6378101168,(주)대아엔지니어링,2022,조정기,0,44.25,26.1,54.23,36.93,51.49,33.7
6378101168,(주)대아엔지니어링,2023,쇠퇴기,0,24.44,100.0,55.25,54.92,79.9,66.01
6378101168,(주)대아엔지니어링,2024,성숙기,0,53.17,0.0,58.94,43.53,39.86,27.88
6468100483,주식회사티마트,2021,성숙기,0,25.99,0.0,38.9,54.41,3.99,48.84
6468100483,주식회사티마트,2022,성장기,0,44.25,3.1,54.23,36.93,69.47,85.64
6468100483,주식회사티마트,2023,성장기,0,24.44,13.2,55.25,50.57,7.56,13.7
6468100483,주식회사티마트,2024,성장기,0,53.17,16.0,58.94,39.55,9.33,51.21
6508600925,현대중공업파워시스템(주),2019,성장기,0,44.21,2.1,100.0,51.55,3.8,49.68
6508600925,현대중공업파워시스템(주),2020,조정기,0,100.0,22.0,62.42,60.99,0.02,48.59
6508600925,현대중공업파워시스템(주),2021,조정기,0,25.99,24.6,38.9,54.41,20.43,60.37
6508600925,현대중공업파워시스템(주),2022,조정기,0,44.25,26.1,54.23,33.7,70.37,76.35
6508600925,현대중공업파워시스템(주),2023,성숙기,0,24.44,0.0,55.25,48.11,0.65,9.17
6508600925,현대중공업파워시스템(주),2024,도입기,0,53.17,92.8,58.94,37.77,5.17,52.76
6578102399,주식회사효성에이씨이,2022,성장기,0,44.25,3.1,54.23,36.93,25.17,47.42
6578102399,주식회사효성에이씨이,2023,성숙기,0,24.44,0.0,55.25,50.57,28.64,51.17
6578102399,주식회사효성에이씨이,2024,조정기,0,53.17,27.2,58.94,40.55,41.02,56.99
6578701392,주식회사그린파워하우스,2019,도입기,0,44.21,58.1,100.0,51.55,5.63,49.68
6578701392,주식회사그린파워하우스,2020,조정기,0,100.0,22.0,62.42,60.99,9.84,52.98
6578701392,주식회사그린파워하우스,2021,성장기,0,25.99,1.9,38.9,54.41,9.03,48.42
6578701392,주식회사그린파워하우스,2022,도입기,0,44.25,70.4,54.23,35.95,11.29,48.59
6578701392,주식회사그린파워하우스,2023,조정기,0,24.44,24.8,55.25,49.58,1.65,43.38
6578701392,주식회사그린파워하우스,2024,성숙기,0,53.17,0.0,58.94,39.44,1.54,50.2
6588100939,주식회사신흥유압,2018,성장기,0,56.96,1.0,92.35,49.91,37.76,46.26
6588100939,주식회사신흥유압,2019,성장기,0,44.21,2.1,100.0,51.55,95.87,81.91
6588100939,주식회사신흥유압,2020,성장기,1,100.0,0.8,62.42,60.99,89.84,47.25
6658800300,주식회사씨드,2016,도입기,0,35.48,82.9,19.68,46.84,34.52,51.01
6658800300,주식회사씨드,2017,도입기,0,0.0,70.3,24.1,48.92,92.88,82.13
6658800300,주식회사씨드,2018,도입기,0,56.96,75.8,92.35,49.91,76.86,37.44
6658800300,주식회사씨드,2019,도입기,0,44.21,58.1,100.0,51.12,77.78,49.94
6658800300,주식회사씨드,2020,도입기,0,100.0,68.6,62.42,28.92,76.48,49.87
6658800300,주식회사씨드,2021,도입기,0,25.99,71.8,38.9,32.34,95.63,59.78
6658800300,주식회사씨드,2022,도입기,0,44.25,70.4,54.23,10.89,95.88,46.36
6658800300,주식회사씨드,2023,쇠퇴기,1,24.44,100.0,55.25,27.79,86.87,44.79
6848800107,(주)남원정공,2021,도입기,0,25.99,71.8,38.9,54.41,36.63,48.84
6848800107,(주)남원정공,2022,성장기,0,44.25,3.1,54.23,36.93,96.94,82.22
6848800107,(주)남원정공,2023,성장기,0,24.44,13.2,55.25,50.57,27.96,9.93
6848800107,(주)남원정공,2024,성장기,0,53.17,16.0,58.94,36.44,92.24,85.63
6898101887,로타렉스코리아주식회사,2022,도입기,0,44.25,70.4,54.23,36.93,3.4,47.42
6898101887,로타렉스코리아주식회사,2023,성숙기,0,24.44,0.0,55.25,50.57,0.16,47.01
6898101887,로타렉스코리아주식회사,2024,성숙기,0,53.17,0.0,58.94,40.55,0.65,50.54
6938700026,(주)선명산업,2019,성숙기,0,44.21,0.0,100.0,51.55,5.27,49.68
6938700026,(주)선명산업,2020,조정기,0,100.0,22.0,62.42,60.99,56.65,78.9
6938700026,(주)선명산업,2021,쇠퇴기,0,25.99,100.0,38.9,54.41,53.33,47.08
6958100374,(주)원익아이피에스,2016,성장기,0,35.48,2.2,19.68,46.84,4.84,51.01
6958100374,(주)원익아이피에스,2017,성숙기,0,0.0,0.0,24.1,48.92,0.13,45.7
6958100374,(주)원익아이피에스,2018,성숙기,0,56.96,0.0,92.35,49.91,0.48,46.45
6958100374,(주)원익아이피에스,2019,성숙기,0,44.21,0.0,100.0,66.42,6.71,53.16
6958100374,(주)원익아이피에스,2020,성숙기,0,100.0,0.0,62.42,69.6,1.06,47.56
6958100374,(주)원익아이피에스,2021,성숙기,0,25.99,0.0,38.9,59.28,0.33,48.45
6958100374,(주)원익아이피에스,2022,성숙기,0,44.25,0.0,54.23,34.71,4.09,49.57
6958100374,(주)원익아이피에스,2023,도입기,0,24.44,81.1,55.25,48.17,61.23,82.13
6958100374,(주)원익아이피에스,2024,조정기,0,53.17,27.2,58.94,39.5,17.1,25.69
6968800852,주식회사아그로스,2022,성장기,0,44.25,3.1,54.23,36.93,12.03,47.42
6968800852,주식회사아그로스,2023,성장기,0,24.44,13.2,55.25,50.57,2.64,43.53
6968800852,주식회사아그로스,2024,성장기,0,53.17,16.0,58.94,40.55,92.57,99.87
7128700588,주식회사에이엘로봇,2022,도입기,0,44.25,70.4,54.23,36.93,9.85,47.42
7128700588,주식회사에이엘로봇,2023,도입기,0,24.44,81.1,55.25,50.57,5.49,46.44
7128700588,주식회사에이엘로봇,2024,도입기,0,53.17,92.8,58.94,40.55,18.71,57.54
7198100398,주식회사티씬,2022,성숙기,0,44.25,0.0,54.23,36.93,3.9,47.42
7198100398,주식회사티씬,2023,성숙기,0,24.44,0.0,55.25,50.57,0.31,46.81
7198100398,주식회사티씬,2024,성숙기,0,53.17,0.0,58.94,40.55,0.09,50.15
7208102116,(주)스틸센트럴,2022,도입기,0,44.25,70.4,54.23,36.93,22.26,47.42
7208102116,(주)스틸센트럴,2023,도입기,0,24.44,81.1,55.25,50.57,44.33,61.96
7208102116,(주)스틸센트럴,2024,도입기,0,53.17,92.8,58.94,40.55,98.35,79.91
7298601119,주식회사코비,2022,성장기,0,44.25,3.1,54.23,36.93,35.68,47.42
7298601119,주식회사코비,2023,쇠퇴기,0,24.44,100.0,55.25,50.57,89.1,80.36
7298601119,주식회사코비,2024,도입기,1,53.17,92.8,58.94,40.55,91.65,51.35
7358101123,브라이트개발주식회사,2018,도입기,0,56.96,75.8,92.35,49.91,38.57,46.26
7358101123,브라이트개발주식회사,2019,쇠퇴기,0,44.21,100.0,100.0,51.55,92.19,79.4
7358101123,브라이트개발주식회사,2020,쇠퇴기,1,100.0,100.0,62.42,60.99,98.14,53.83
7438701859,주식회사케이원(K-ONE),2021,도입기,0,25.99,71.8,38.9,54.41,41.56,48.84
7438701859,주식회사케이원(K-ONE),2022,도입기,0,44.25,70.4,54.23,36.93,90.01,75.22
7438701859,주식회사케이원(K-ONE),2023,도입기,1,24.44,81.1,55.25,50.57,91.24,50.68
7468100594,미주정밀주식회사,2017,성숙기,0,0.0,0.0,24.1,48.92,28.28,48.42
7468100594,미주정밀주식회사,2018,도입기,0,56.96,75.8,92.35,49.91,12.69,37.51
7468100594,미주정밀주식회사,2019,성숙기,0,44.21,0.0,100.0,51.55,87.97,91.55
7468100594,미주정밀주식회사,2020,성장기,0,100.0,0.8,62.42,62.08,12.2,8.93
7468100594,미주정밀주식회사,2021,성장기,0,25.99,1.9,38.9,52.57,11.05,48.23
7468100594,미주정밀주식회사,2022,성장기,0,44.25,3.1,54.23,30.44,11.29,47.39
7468100594,미주정밀주식회사,2023,조정기,0,24.44,24.8,55.25,44.91,84.28,91.44
7468100594,미주정밀주식회사,2024,성숙기,0,53.17,0.0,58.94,36.07,25.13,17.32
7558800831,주식회사바큠텍,2018,도입기,0,56.96,75.8,92.35,49.91,8.46,46.26
7558800831,주식회사바큠텍,2019,성장기,0,44.21,2.1,100.0,51.55,12.16,51.72
7558800831,주식회사바큠텍,2020,도입기,0,100.0,68.6,62.42,60.99,95.43,96.41
7558800831,주식회사바큠텍,2021,도입기,0,25.99,71.8,38.9,65.22,93.76,48.08
7558800831,주식회사바큠텍,2022,도입기,1,44.25,70.4,54.23,45.73,92.0,45.21
7648601806,주식회사엠아이티,2020,성장기,0,100.0,0.8,62.42,60.99,12.19,50.67
7648601806,주식회사엠아이티,2021,도입기,0,25.99,71.8,38.9,54.41,89.31,92.36
7648601806,주식회사엠아이티,2022,조정기,0,44.25,26.1,54.23,36.93,98.04,51.41
7688701969,주식회사에스티영원,2022,성장기,0,44.25,3.1,54.23,36.93,13.08,47.42
7688701969,주식회사에스티영원,2023,성장기,0,24.44,13.2,55.25,50.57,3.87,43.65
7688701969,주식회사에스티영원,2024,성장기,0,53.17,16.0,58.94,40.55,7.79,52.41
7758800311,비제이코리아(주),2019,성장기,0,44.21,2.1,100.0,51.55,4.59,49.68
7758800311,비제이코리아(주),2020,성장기,0,100.0,0.8,62.42,60.99,6.41,51.67
7758800311,비제이코리아(주),2021,성장기,0,25.99,1.9,38.9,54.41,2.44,46.63
7758800311,비제이코리아(주),2022,성숙기,0,44.25,0.0,54.23,45.66,6.05,49.47
7758800311,비제이코리아(주),2023,성숙기,0,24.44,0.0,55.25,57.32,4.83,48.21
7758800311,비제이코리아(주),2024,성숙기,0,53.17,0.0,58.94,48.59,2.92,49.2
7788800019,주식회사케이테크놀로지,2018,성장기,0,56.96,1.0,92.35,49.91,7.16,46.26
7788800019,주식회사케이테크놀로지,2019,성숙기,0,44.21,0.0,100.0,51.55,4.71,48.31
7788800019,주식회사케이테크놀로지,2020,도입기,0,100.0,68.6,62.42,60.99,34.55,67.06
7788800019,주식회사케이테크놀로지,2021,도입기,0,25.99,71.8,38.9,63.2,90.98,80.73
7788800019,주식회사케이테크놀로지,2022,도입기,0,44.25,70.4,54.23,32.34,88.31,44.71
7818800349,주식회사기룡테크,2017,성장기,0,0.0,1.7,24.1,48.92,25.71,48.42
7818800349,주식회사기룡테크,2018,성장기,0,56.96,1.0,92.35,49.91,40.22,54.53
7818800349,주식회사기룡테크,2019,성장기,0,44.21,2.1,100.0,51.55,94.04,79.51
7818801940,(주)화진정공,2022,도입기,0,44.25,70.4,54.23,36.93,15.75,47.42
7818801940,(주)화진정공,2023,성숙기,0,24.44,0.0,55.25,50.57,14.12,48.1
7818801940,(주)화진정공,2024,성장기,0,53.17,16.0,58.94,40.55,59.01,74.98
7848601945,주식회사베스트피엠피,2021,성장기,0,25.99,1.9,38.9,54.41,18.15,48.84
7848601945,주식회사베스트피엠피,2022,성숙기,0,44.25,0.0,54.23,36.93,29.14,53.59
7848601945,주식회사베스트피엠피,2023,조정기,0,24.44,24.8,55.25,50.57,57.26,65.56
7848601945,주식회사베스트피엠피,2024,성숙기,0,53.17,0.0,58.94,36.31,32.46,36.37
7888101296,주식회사에스지에스코리아,2022,도입기,0,44.25,70.4,54.23,36.93,32.06,47.42
7888101296,주식회사에스지에스코리아,2023,도입기,0,24.44,81.1,55.25,50.57,87.83,81.68
7888101296,주식회사에스지에스코리아,2024,도입기,1,53.17,92.8,58.94,40.55,96.43,54.69
8028802493,두산밥캣코리아주식회사,2021,도입기,0,25.99,71.8,38.9,54.41,21.9,48.84
8028802493,두산밥캣코리아주식회사,2022,성장기,0,44.25,3.1,54.23,36.93,10.53,40.46
8028802493,두산밥캣코리아주식회사,2023,조정기,0,24.44,24.8,55.25,50.57,0.54,43.16
8028802493,두산밥캣코리아주식회사,2024,성숙기,0,53.17,0.0,58.94,35.49,0.13,50.04
8078701982,에스엠아이이노베이션주식회사,2022,성장기,0,44.25,3.1,54.23,36.93,15.5,47.42
8078701982,에스엠아이이노베이션주식회사,2023,도입기,0,24.44,81.1,55.25,50.57,90.84,92.86
8078701982,에스엠아이이노베이션주식회사,2024,도입기,0,53.17,92.8,58.94,40.55,33.49,18.29
8178100407,(주)와이에이치티,2021,도입기,0,25.99,71.8,38.9,54.41,14.82,48.84
8178100407,(주)와이에이치티,2022,쇠퇴기,0,44.25,100.0,54.23,36.93,92.4,92.59
8178100407,(주)와이에이치티,2023,도입기,0,24.44,81.1,55.25,50.57,49.09,24.8
8178100407,(주)와이에이치티,2024,성숙기,0,53.17,0.0,58.94,32.39,69.65,61.43
8178600246,주식회사대진에이치에스,2021,성장기,0,25.99,1.9,38.9,54.41,14.41,48.84
8178600246,주식회사대진에이치에스,2022,성장기,0,44.25,3.1,54.23,36.93,12.88,46.31
8178600246,주식회사대진에이치에스,2023,성장기,0,24.44,13.2,55.25,50.57,27.94,57.76
8178600246,주식회사대진에이치에스,2024,쇠퇴기,0,53.17,100.0,58.94,41.3,25.3,48.7
8208601256,(주)오엔,2019,성장기,0,44.21,2.1,100.0,51.55,6.4,49.68
8208601256,(주)오엔,2020,성장기,0,100.0,0.8,62.42,60.99,2.56,48.55
8208601256,(주)오엔,2021,성장기,0,25.99,1.9,38.9,54.41,6.11,50.87
8208601256,(주)오엔,2022,성장기,0,44.25,3.1,54.23,27.14,2.55,45.22
8208601256,(주)오엔,2023,성숙기,0,24.44,0.0,55.25,41.06,7.6,51.82
8208601256,(주)오엔,2024,도입기,0,53.17,92.8,58.94,30.92,63.63,81.15
8248801311,에이씨티에스,2022,도입기,0,44.25,70.4,54.23,36.93,30.8,47.42
8248801311,에이씨티에스,2023,성장기,0,24.44,13.2,55.25,,80.86,78.35
8248801311,에이씨티에스,2024,성숙기,0,53.17,0.0,58.94,,41.15,28.06
8258701511,디에스코리아(주),2021,성장기,0,25.99,1.9,38.9,54.41,7.98,48.84
8258701511,디에스코리아(주),2022,성장기,0,44.25,3.1,54.23,36.93,9.75,48.32
8258701511,디에스코리아(주),2023,성장기,0,24.44,13.2,55.25,50.57,16.19,52.71
8258701511,디에스코리아(주),2024,성장기,0,53.17,16.0,58.94,36.61,10.25,46.93
8278100291,주식회사디엔솔루션즈,2016,성장기,0,35.48,2.2,19.68,46.84,25.97,51.01
8278100291,주식회사디엔솔루션즈,2017,성숙기,0,0.0,0.0,24.1,48.92,4.06,35.84
8278100291,주식회사디엔솔루션즈,2018,성숙기,0,56.96,0.0,92.35,49.91,2.09,45.15
8278100291,주식회사디엔솔루션즈,2019,성숙기,0,44.21,0.0,100.0,52.25,2.93,50.16
8278100291,주식회사디엔솔루션즈,2020,성숙기,0,100.0,0.0,62.42,67.74,7.69,53.28
8278100291,주식회사디엔솔루션즈,2021,성숙기,0,25.99,0.0,38.9,66.55,5.79,47.8
8278100291,주식회사디엔솔루션즈,2022,성숙기,0,44.25,0.0,54.23,45.71,4.32,46.45
8278100291,주식회사디엔솔루션즈,2023,성숙기,0,24.44,0.0,55.25,57.62,0.25,46.54
8278100291,주식회사디엔솔루션즈,2024,성숙기,0,53.17,0.0,58.94,46.52,0.22,50.25
8298100832,아메코시스템주식회사,2017,도입기,0,0.0,70.3,24.1,48.92,36.54,48.42
8298100832,아메코시스템주식회사,2018,성장기,0,56.96,1.0,92.35,49.91,61.13,60.25
8298100832,아메코시스템주식회사,2019,성숙기,0,44.21,0.0,100.0,51.55,49.52,43.02
8298100832,아메코시스템주식회사,2020,성숙기,0,100.0,0.0,62.42,57.89,36.43,43.42
8298100832,아메코시스템주식회사,2021,성숙기,0,25.99,0.0,38.9,49.52,40.52,51.23
8298100832,아메코시스템주식회사,2022,성숙기,0,44.25,0.0,54.23,36.66,34.9,43.6
8298100832,아메코시스템주식회사,2023,성숙기,0,24.44,0.0,55.25,50.31,34.31,48.93
8298100832,아메코시스템주식회사,2024,성숙기,0,53.17,0.0,58.94,40.86,30.89,48.25
8358800141,주식회사에이치제이테크,2022,성장기,0,44.25,3.1,54.23,36.93,4.36,47.42
8358800141,주식회사에이치제이테크,2023,성장기,0,24.44,13.2,55.25,50.57,0.83,46.85
8358800141,주식회사에이치제이테크,2024,성장기,0,53.17,16.0,58.94,40.55,7.74,54.07
8408702090,아이넥스엠에이티,2022,성장기,0,44.25,3.1,54.23,36.93,5.99,47.42
8408702090,아이넥스엠에이티,2023,성장기,0,24.44,13.2,55.25,50.57,17.43,55.57
8408702090,아이넥스엠에이티,2024,성장기,0,53.17,16.0,58.94,40.55,7.79,44.88
8418101582,주광하이테크주식회사,2020,도입기,0,100.0,68.6,62.42,60.99,37.61,50.67
8418101582,주광하이테크주식회사,2021,성장기,0,25.99,1.9,38.9,54.41,92.98,80.14
8418101582,주광하이테크주식회사,2022,성장기,0,44.25,3.1,54.23,36.93,95.05,47.46
8418101582,주광하이테크주식회사,2023,성장기,1,24.44,13.2,55.25,49.8,90.91,47.61
8418700116,모베이스썬스타주식회사,2015,도입기,0,38.29,65.4,0.0,49.87,4.39,50.22
8418700116,모베이스썬스타주식회사,2016,도입기,0,35.48,82.9,19.68,46.84,45.35,73.38
8418700116,모베이스썬스타주식회사,2017,도입기,0,0.0,70.3,24.1,48.92,62.34,58.31
8418700116,모베이스썬스타주식회사,2018,쇠퇴기,0,56.96,100.0,92.35,26.02,65.54,48.23
8418700116,모베이스썬스타주식회사,2019,성숙기,0,44.21,0.0,100.0,54.03,38.45,34.39
8418700116,모베이스썬스타주식회사,2020,성숙기,0,100.0,0.0,62.42,65.71,63.45,64.36
8418700116,모베이스썬스타주식회사,2021,성숙기,0,25.99,0.0,38.9,62.56,5.15,16.1
8418700116,모베이스썬스타주식회사,2022,성숙기,0,44.25,0.0,54.23,45.07,1.32,45.07
8418700116,모베이스썬스타주식회사,2023,성숙기,0,24.44,0.0,55.25,57.28,15.64,57.19
8418700116,모베이스썬스타주식회사,2024,성숙기,0,53.17,0.0,58.94,46.53,48.32,68.24
8678800148,주식회사트위니,2021,도입기,0,25.99,71.8,38.9,54.41,35.9,48.84
8678800148,주식회사트위니,2022,쇠퇴기,0,44.25,100.0,54.23,36.93,82.93,74.45
8678800148,주식회사트위니,2023,쇠퇴기,1,24.44,100.0,55.25,50.57,89.37,53.62
8688701901,주식회사명인텍,2020,성장기,0,100.0,0.8,62.42,60.99,11.7,50.67
8688701901,주식회사명인텍,2021,조정기,0,25.99,24.6,38.9,54.41,17.55,52.18
8688701901,주식회사명인텍,2022,성숙기,0,44.25,0.0,54.23,36.93,41.98,61.46
8688701901,주식회사명인텍,2023,성숙기,0,24.44,0.0,55.25,58.29,13.82,32.99
8688701901,주식회사명인텍,2024,성숙기,0,53.17,0.0,58.94,46.97,9.71,47.95
8708801463,(주)지랩,2020,도입기,0,100.0,68.6,62.42,60.99,37.87,50.67
8708801463,(주)지랩,2021,조정기,0,25.99,24.6,38.9,54.41,83.17,74.47
8708801463,(주)지랩,2022,성숙기,1,44.25,0.0,54.23,36.93,74.06,41.04
8718601012,주식회사원태인천,2018,성숙기,0,56.96,0.0,92.35,49.91,7.83,46.26
8718601012,주식회사원태인천,2019,성장기,0,44.21,2.1,100.0,51.55,0.09,45.36
8718601012,주식회사원태인천,2020,성장기,0,100.0,0.8,62.42,60.99,15.84,59.32
8718601012,주식회사원태인천,2021,성장기,0,25.99,1.9,38.9,55.36,24.67,53.87
8718601012,주식회사원태인천,2022,조정기,0,44.25,26.1,54.23,35.24,30.24,50.34
8728100933,주식회사비에이치에스티,2022,도입기,0,44.25,70.4,54.23,36.93,5.32,47.42
8728100933,주식회사비에이치에스티,2023,성숙기,0,24.44,0.0,55.25,50.57,77.49,90.89
8728100933,주식회사비에이치에스티,2024,조정기,0,53.17,27.2,58.94,40.55,75.13,48.68
8778600097,주식회사안마이크론시스템,2016,도입기,0,35.48,82.9,19.68,46.84,3.64,51.01
8778600097,주식회사안마이크론시스템,2017,성장기,0,0.0,1.7,24.1,48.92,0.33,46.51
8778600097,주식회사안마이크론시스템,2019,도입기,0,44.21,58.1,100.0,51.55,5.65,49.68
8778600097,주식회사안마이크론시스템,2020,성장기,0,100.0,0.8,62.42,67.88,0.77,47.98
8778600097,주식회사안마이크론시스템,2021,성장기,0,25.99,1.9,38.9,54.1,84.62,96.14
8778600097,주식회사안마이크론시스템,2022,성장기,0,44.25,3.1,54.23,29.51,60.13,32.02
8778600097,주식회사안마이크론시스템,2023,쇠퇴기,1,24.44,100.0,55.25,44.57,90.86,67.47
8818800294,주식회사아토즈,2017,도입기,0,0.0,70.3,24.1,48.92,23.62,48.42
8818800294,주식회사아토즈,2018,조정기,0,56.96,38.0,92.35,49.91,25.39,47.32
8818800294,주식회사아토즈,2019,조정기,0,44.21,25.7,100.0,51.55,50.11,63.36
8818800294,주식회사아토즈,2020,조정기,0,100.0,22.0,62.42,64.61,5.16,25.91
8818800294,주식회사아토즈,2021,성숙기,0,25.99,0.0,38.9,54.19,4.16,48.31
8818800294,주식회사아토즈,2022,성숙기,0,44.25,0.0,54.23,31.66,3.7,47.06
8818800294,주식회사아토즈,2023,성숙기,0,24.44,0.0,55.25,45.44,73.35,89.4
8818800294,주식회사아토즈,2024,성장기,0,53.17,16.0,58.94,37.11,16.66,18.72
8868101800,(주)제이아이에스,2022,성숙기,0,44.25,0.0,54.23,36.93,13.24,47.42
8868101800,(주)제이아이에스,2023,성장기,0,24.44,13.2,55.25,50.57,31.78,59.79
8868101800,(주)제이아이에스,2024,쇠퇴기,0,53.17,100.0,58.94,40.55,11.64,39.04
8888801542,(주)뉴라이즌,2022,도입기,0,44.25,70.4,54.23,36.93,33.93,47.42
8888801542,(주)뉴라이즌,2023,도입기,0,24.44,81.1,55.25,50.57,93.35,83.83
8888801542,(주)뉴라이즌,2024,도입기,1,53.17,92.8,58.94,40.55,93.51,50.01
8908600014,디에스이테크주식회사,2021,성장기,0,25.99,1.9,38.9,54.41,4.7,48.84
8908600014,디에스이테크주식회사,2022,성장기,0,44.25,3.1,54.23,36.93,7.22,48.8
8908600014,디에스이테크주식회사,2023,성장기,0,24.44,13.2,55.25,50.57,14.66,53.27
8908600014,디에스이테크주식회사,2024,성장기,0,53.17,16.0,58.94,40.51,5.33,45.07
8948600020,주식회사썬테크,2019,성장기,0,44.21,2.1,100.0,51.55,3.89,49.68
8948600020,주식회사썬테크,2020,성숙기,0,100.0,0.0,62.42,60.99,1.28,49.23
8948600020,주식회사썬테크,2021,성숙기,0,25.99,0.0,38.9,54.41,0.05,48.17
8948600020,주식회사썬테크,2022,성숙기,0,44.25,0.0,54.23,44.02,0.54,47.67
8948600020,주식회사썬테크,2023,쇠퇴기,0,24.44,100.0,55.25,55.83,69.71,89.09
8948600020,주식회사썬테크,2024,성숙기,0,53.17,0.0,58.94,47.78,13.58,19.04
